Src	Trg	LinkCount	RelLinkCount
24576	24097	1	0.001845
24576	24321	1	0.001845
24576	24493	2	0.003690
24576	24370	198	0.365314
24576	23959	1	0.001845
24576	24603	2	0.003690
24577	24493	20	2.500000
24583	24032	1	0.001346
24583	24321	1	0.001346
24583	24842	1	0.001346
24583	24493	1	0.001346
24583	25101	1	0.001346
24583	24112	1	0.001346
24583	24603	2	0.002692
24586	24493	4	0.444444
24587	24096	55	0.654762
24587	24326	1	0.011905
24587	24105	84	1.000000
24587	24842	1	0.011905
24587	24493	125	1.488095
24587	24111	1	0.011905
24587	24112	7	0.083333
24587	23890	1	0.011905
24587	24211	84	1.000000
24587	25039	1	0.011905
24587	24335	1	0.011905
24587	24733	2	0.023810
24588	24112	55	0.298913
24588	24409	181	0.983696
24588	25026	4	0.021739
24588	24493	38	0.206522
24590	24032	1	0.002227
24590	24097	1	0.002227
24590	23959	1	0.002227
24590	25068	1	0.002227
24590	25101	7	0.015590
24590	25134	2	0.004454
24590	24239	767	1.708241
24590	24656	4	0.008909
24590	24535	1	0.002227
24590	24185	1	0.002227
24590	24603	2	0.004454
24590	24573	1	0.002227
24590	24639	1	0.002227
24593	24091	3	0.000787
24593	24097	139	0.036464
24593	24603	218	0.057188
24593	24740	1	0.000262
24593	24389	34716	9.107030
24593	24007	1	0.000262
24593	24556	1	0.000262
24593	23978	2184	0.572928
24593	24475	1	0.000262
24593	24493	2076	0.544596
24593	25101	2	0.000525
24593	24656	2189	0.574239
24593	24032	2	0.000525
24593	23862	1	0.000262
24593	24112	15	0.003935
24593	24090	1	0.000262
24593	24379	145	0.038038
24594	25154	2	0.066667
24595	24097	3	0.001461
24595	24656	1	0.000487
24595	24493	2	0.000974
24595	25134	1	0.000487
24595	25101	4	0.001947
24595	24112	3	0.001461
24595	23923	2	0.000974
24595	24090	1	0.000487
24595	24603	2	0.000974
24595	24221	2145	1.044304
24596	24032	1	0.000343
24596	24097	3	0.001030
24596	24130	6	0.002059
24596	24475	3	0.001030
24596	24233	5824	1.998627
24596	23978	3	0.001030
24596	23959	1	0.000343
24596	24656	4	0.001373
24596	24405	38	0.013040
24596	24041	1	0.000343
24596	24603	5	0.001716
24597	24097	1016	2.680739
24597	23914	254	0.670185
24598	24091	3	0.000817
24598	24097	141	0.038420
24598	24379	147	0.040054
24598	24389	33218	9.051226
24598	23978	2144	0.584196
24598	24556	1	0.000272
24598	24493	2089	0.569210
24598	24656	2149	0.585559
24598	24032	2	0.000545
24598	24112	15	0.004087
24598	24090	1	0.000272
24598	24603	218	0.059401
24599	24032	29	0.016505
24599	24097	363	0.206602
24599	24419	23	0.013090
24599	25124	634	0.360842
24599	24656	82	0.046670
24599	23978	170	0.096756
24599	24493	5	0.002846
24599	24272	1963	1.117245
24599	25024	1	0.000569
24599	24484	113	0.064314
24599	24603	708	0.402960
24600	24097	3	0.005415
24600	24707	4	0.007220
24600	24070	5	0.009025
24600	24535	1	0.001805
24600	24494	1	0.001805
24600	23959	1	0.001805
24600	24603	1	0.001805
24602	24321	2	0.008230
24602	24842	4	0.016461
24602	25101	4	0.016461
24602	25005	1	0.004115
24602	24339	2	0.008230
24602	24852	2	0.008230
24602	24494	2	0.008230
24602	23959	1	0.004115
24602	23983	3	0.012346
24602	24092	1	0.004115
24602	24740	3	0.012346
24602	24358	1	0.004115
24602	25001	1	0.004115
24602	24493	17	0.069959
24602	25134	2	0.008230
24602	24111	4	0.016461
24602	24112	32	0.131687
24602	25149	4	0.016461
24602	24382	2	0.008230
24602	24400	1	0.004115
24602	24401	1	0.004115
24602	25043	3	0.012346
24602	24150	4	0.016461
24602	24163	1	0.004115
24602	24292	3	0.012346
24602	24304	2	0.008230
24602	23923	5	0.020576
24602	25076	4	0.016461
24603	24576	1	0.000628
24603	25089	1	0.000628
24603	25093	1	0.000628
24603	24833	7	0.004394
24603	25099	1	0.000628
24603	25101	11	0.006905
24603	23981	2	0.001255
24603	24082	1	0.000628
24603	24595	1	0.000628
24603	24596	4	0.002511
24603	25109	1	0.000628
24603	24090	20	0.012555
24603	24751	1	0.000628
24603	24604	1	0.000628
24603	24095	1	0.000628
24603	24097	8	0.005022
24603	24099	2	0.001255
24603	24612	5	0.003139
24603	24101	6	0.003766
24603	24113	1	0.000628
24603	24106	1	0.000628
24603	24620	1	0.000628
24603	25134	3	0.001883
24603	24669	1	0.000628
24603	24624	1	0.000628
24603	25137	2	0.001255
24603	24114	1	0.000628
24603	24115	1	0.000628
24603	25146	2	0.001255
24603	25147	1	0.000628
24603	24124	1	0.000628
24603	24125	1	0.000628
24603	24639	6	0.003766
24603	24058	2	0.001255
24603	24649	1	0.000628
24603	24140	1	0.000628
24603	24653	1	0.000628
24603	24142	1	0.000628
24603	24333	1	0.000628
24603	24656	30	0.018832
24603	24146	8	0.005022
24603	24151	1	0.000628
24603	24152	2	0.001255
24603	24250	2	0.001255
24603	24673	4	0.002511
24603	24675	1	0.000628
24603	24168	1	0.000628
24603	24508	1	0.000628
24603	23826	1	0.000628
24603	24174	1	0.000628
24603	24687	1	0.000628
24603	24688	2	0.001255
24603	24177	1	0.000628
24603	24690	1	0.000628
24603	24851	1	0.000628
24603	24692	1	0.000628
24603	24694	2	0.001255
24603	24084	7	0.004394
24603	24698	1	0.000628
24603	25023	1	0.000628
24603	24700	3	0.001883
24603	24707	1	0.000628
24603	24342	1	0.000628
24603	24712	3	0.001883
24603	24202	3	0.001883
24603	24203	2	0.001255
24603	24716	1	0.000628
24603	24002	1	0.000628
24603	24913	1	0.000628
24603	24719	3	0.001883
24603	24208	1	0.000628
24603	23832	1	0.000628
24603	24724	1	0.000628
24603	24430	3	0.001883
24603	23818	1	0.000628
24603	24731	5	0.003139
24603	24732	1	0.000628
24603	25084	7	0.004394
24603	24734	3	0.001883
24603	24223	1	0.000628
24603	25115	5	0.003139
24603	24740	2	0.001255
24603	24233	1	0.000628
24603	25031	2	0.001255
24603	24237	1	0.000628
24603	24539	1	0.000628
24603	24239	2	0.001255
24603	24753	1	0.000628
24603	24245	1	0.000628
24603	24762	2	0.001255
24603	24251	1	0.000628
24603	24386	1	0.000628
24603	24254	1	0.000628
24603	24864	1	0.000628
24603	23841	1	0.000628
24603	24866	1	0.000628
24603	24271	5	0.003139
24603	24952	1	0.000628
24603	25123	2	0.001255
24603	24276	1	0.000628
24603	25038	8	0.005022
24603	24278	2	0.001255
24603	24791	1	0.000628
24603	24514	1	0.000628
24603	24793	1	0.000628
24603	24282	2	0.001255
24603	24796	1	0.000628
24603	24286	3	0.001883
24603	24357	1	0.000628
24603	24806	1	0.000628
24603	24809	1	0.000628
24603	24298	1	0.000628
24603	24299	1	0.000628
24603	24300	10	0.006277
24603	24302	1	0.000628
24603	23933	1	0.000628
24603	24473	1	0.000628
24603	24360	1	0.000628
24603	24818	1	0.000628
24603	24307	2	0.001255
24603	24309	1	0.000628
24603	24311	1	0.000628
24603	24320	1	0.000628
24603	24321	1	0.000628
24603	24322	3	0.001883
24603	24252	1	0.000628
24603	24836	1	0.000628
24603	23813	1	0.000628
24603	24326	2	0.001255
24603	24840	1	0.000628
24603	25132	1	0.000628
24603	24842	29	0.018205
24603	24845	1	0.000628
24603	24847	1	0.000628
24603	24850	1	0.000628
24603	24451	1	0.000628
24603	23830	1	0.000628
24603	24343	1	0.000628
24603	24344	2	0.001255
24603	24857	1	0.000628
24603	24348	1	0.000628
24603	24197	1	0.000628
24603	23840	1	0.000628
24603	24112	81	0.050847
24603	24354	1	0.000628
24603	23843	1	0.000628
24603	23942	1	0.000628
24603	23846	2	0.001255
24603	24625	1	0.000628
24603	23848	1	0.000628
24603	24361	1	0.000628
24603	24363	1	0.000628
24603	24364	1	0.000628
24603	24366	1	0.000628
24603	25053	1	0.000628
24603	24368	2	0.001255
24603	23944	1	0.000628
24603	24882	1	0.000628
24603	24371	6	0.003766
24603	24030	2	0.001255
24603	24374	4	0.002511
24603	24697	1	0.000628
24603	23864	1	0.000628
24603	23964	1	0.000628
24603	24305	1	0.000628
24603	24893	1	0.000628
24603	23870	4	0.002511
24603	23873	1	0.000628
24603	23874	1	0.000628
24603	23875	1	0.000628
24603	24900	1	0.000628
24603	23877	1	0.000628
24603	24902	1	0.000628
24603	23879	3	0.001883
24603	24904	1	0.000628
24603	23886	3	0.001883
24603	24973	1	0.000628
24603	24401	2	0.001255
24603	24033	1	0.000628
24603	23892	3	0.001883
24603	25056	4	0.002511
24603	24406	1	0.000628
24603	23895	1	0.000628
24603	23896	3	0.001883
24603	24412	1	0.000628
24603	24634	1	0.000628
24603	24414	1	0.000628
24603	24417	1	0.000628
24603	24930	1	0.000628
24603	24419	16	0.010044
24603	24420	1	0.000628
24603	24421	1	0.000628
24603	24465	1	0.000628
24603	24936	1	0.000628
24603	24425	10	0.006277
24603	24429	1	0.000628
24603	24942	1	0.000628
24603	24433	2	0.001255
24603	23922	1	0.000628
24603	24437	1	0.000628
24603	24950	1	0.000628
24603	23927	1	0.000628
24603	24440	2	0.001255
24603	23945	1	0.000628
24603	24954	1	0.000628
24603	24443	1	0.000628
24603	24445	2	0.001255
24603	23934	2	0.001255
24603	24469	1	0.000628
24603	24449	1	0.000628
24603	23939	5	0.003139
24603	24966	1	0.000628
24603	25153	1	0.000628
24603	24968	1	0.000628
24603	24457	1	0.000628
24603	24810	1	0.000628
24603	24461	1	0.000628
24603	24977	1	0.000628
24603	24387	1	0.000628
24603	24468	1	0.000628
24603	23957	1	0.000628
24603	23959	17	0.010672
24603	24984	1	0.000628
24603	23961	1	0.000628
24603	23962	2	0.001255
24603	24988	1	0.000628
24603	24989	1	0.000628
24603	23966	1	0.000628
24603	23967	1	0.000628
24603	23969	1	0.000628
24603	24219	1	0.000628
24603	24837	1	0.000628
24603	24487	1	0.000628
24603	25001	1	0.000628
24603	23978	11	0.006905
24603	24493	404	0.253610
24603	24496	1	0.000628
24603	24209	1	0.000628
24603	25011	1	0.000628
24603	23988	1	0.000628
24603	24501	1	0.000628
24603	25014	1	0.000628
24603	23994	1	0.000628
24603	23996	2	0.001255
24603	24511	3	0.001883
24603	25024	4	0.002511
24603	25026	2	0.001255
24603	24446	2	0.001255
24603	24518	1	0.000628
24603	24007	6	0.003766
24603	24520	1	0.000628
24603	24521	6	0.003766
24603	24526	1	0.000628
24603	24527	3	0.001883
24603	24529	1	0.000628
24603	25082	1	0.000628
24603	24534	1	0.000628
24603	24535	7	0.004394
24603	24996	2	0.001255
24603	24027	1	0.000628
24603	24540	45	0.028249
24603	24541	2	0.001255
24603	24542	1	0.000628
24603	24032	1	0.000628
24603	24144	7	0.004394
24603	24547	1	0.000628
24603	24037	1	0.000628
24603	25062	19	0.011927
24603	24551	1	0.000628
24603	24041	1	0.000628
24603	24999	1	0.000628
24603	24658	2	0.001255
24603	25071	1	0.000628
24603	24048	1	0.000628
24603	24049	4	0.002511
24603	25074	1	0.000628
24603	25076	1	0.000628
24603	24054	1	0.000628
24603	24567	7	0.004394
24603	24568	3	0.001883
24603	24570	2	0.001255
24603	24572	1	0.000628
24603	24573	5	0.003139
24603	24062	8	0.005022
24603	24917	1	0.000628
24604	25024	1	0.090909
24604	24032	1	0.090909
24604	25154	1	0.090909
24604	24090	3	0.272727
24604	25101	1	0.090909
24605	24032	1	0.000344
24605	24097	3	0.001032
24605	24130	6	0.002065
24605	24475	3	0.001032
24605	24233	5808	1.998624
24605	23978	3	0.001032
24605	23959	1	0.000344
24605	24656	4	0.001376
24605	24405	38	0.013076
24605	24041	1	0.000344
24605	24603	5	0.001721
24606	24603	75	0.083893
24606	25131	2	0.002237
24606	24740	1	0.001119
24606	25101	1	0.001119
24606	23958	165	0.184564
24610	24376	88	2.838710
24610	24656	29	0.935484
24611	24097	1	0.000275
24611	24740	2	0.000550
24611	24326	2	0.000550
24611	24904	1	0.000275
24611	25001	1	0.000275
24611	24842	3	0.000825
24611	23917	1	0.000275
24611	23959	1	0.000275
24611	25101	6	0.001649
24611	25134	3	0.000825
24611	24573	6	0.001649
24611	24656	4	0.001100
24611	24401	1	0.000275
24611	23923	1	0.000275
24611	25076	1	0.000275
24611	24597	12	0.003299
24611	24183	1	0.000275
24611	24090	7	0.001924
24611	25053	1	0.000275
24611	25055	110	0.030236
24612	24097	2	0.000744
24612	24225	2	0.000744
24612	23978	1	0.000372
24612	23917	2	0.000744
24612	24656	5	0.001859
24612	24112	1	0.000372
24612	25146	1	0.000372
24612	24603	148	0.055039
24612	24540	1	0.000372
24612	24062	2	0.000744
24614	24032	1	0.002169
24614	24603	592	1.284165
24614	24326	490	1.062907
24614	25051	1	0.002169
24615	24097	3	0.001905
24615	24290	69	0.043810
24615	24419	1	0.000635
24615	25025	1	0.000635
24615	25101	1	0.000635
24615	24656	5	0.003175
24615	24603	2	0.001270
24615	24863	5818	3.693968
24616	24091	3	0.000770
24616	24097	139	0.035696
24616	24603	222	0.057011
24616	24740	1	0.000257
24616	24389	35556	9.130971
24616	24556	1	0.000257
24616	23978	2204	0.565999
24616	24475	1	0.000257
24616	24493	2093	0.537494
24616	25101	2	0.000514
24616	24656	2209	0.567283
24616	24032	2	0.000514
24616	23862	1	0.000257
24616	24112	15	0.003852
24616	24090	1	0.000257
24616	24379	147	0.037750
24619	24032	17	0.007710
24619	24097	269	0.121995
24619	24419	21	0.009524
24619	25124	439	0.199093
24619	24656	68	0.030839
24619	23978	132	0.059864
24619	24493	4	0.001814
24619	24272	1360	0.616780
24619	24599	15586	7.068481
24619	24484	72	0.032653
24619	24603	450	0.204082
24620	24573	6	0.004040
24621	24096	21	1.105263
24621	24002	3	0.157895
24621	24105	19	1.000000
24621	24493	2	0.105263
24621	25107	1	0.052632
24621	24211	22	1.157895
24623	24112	7	0.072917
24623	24321	1	0.010417
24623	24493	43	0.447917
24623	23959	15	0.156250
24624	24656	4	0.035714
24625	24699	2	1.000000
24625	25037	2	1.000000
24627	24409	13	0.928571
24627	24493	7	0.500000
24628	24205	1	0.000447
24628	24098	3	0.001342
24628	24493	1	0.000447
24628	24038	1	0.000447
24628	24745	5	0.002236
24628	25101	21	0.009392
24628	25005	1	0.000447
24628	24656	1	0.000447
24628	24467	6	0.002683
24628	23959	1	0.000447
24629	24321	1	0.000710
24629	24603	2	0.001419
24629	24842	2	0.001419
24629	25101	1	0.000710
24629	24090	1	0.000710
24629	24475	1	0.000710
24629	24097	1	0.000710
24629	23971	1	0.000710
24629	24740	1	0.000710
24629	25001	1	0.000710
24629	23978	1335	0.947480
24629	24493	3	0.002129
24629	25134	1	0.000710
24629	24112	8	0.005678
24629	24904	1	0.000710
24629	25038	113	0.080199
24629	24400	1	0.000710
24629	24401	1	0.000710
24629	24228	1	0.000710
24629	24032	1331	0.944642
24629	24656	1	0.000710
24629	24418	1	0.000710
24629	24304	1	0.000710
24629	23923	1	0.000710
24629	25076	1	0.000710
24631	24656	1	0.055556
24631	24097	1	0.055556
24631	24603	10	0.555556
24631	24379	1	0.055556
24632	24105	22	1.000000
24632	24211	22	1.000000
24633	24196	4	0.024691
24633	24493	2	0.012346
24634	24603	1	0.000991
24635	24540	1131	29.000000
24636	24032	1	0.001233
24636	24321	1	0.001233
24636	24740	2	0.002466
24636	24097	2	0.002466
24636	24842	2	0.002466
24636	24146	1	0.001233
24636	25111	1	0.001233
24636	24760	246	0.303329
24636	24603	6	0.007398
24636	24573	1	0.001233
24638	24032	2	0.095238
24638	25051	1	0.047619
24638	23978	1	0.047619
24638	25074	7	0.333333
24638	24603	2	0.095238
24638	24092	1	0.047619
24639	24097	6	0.014151
24639	23877	1	0.002358
24639	24656	2	0.004717
24639	24936	25	0.058962
24639	24299	1	0.002358
24639	24364	1	0.002358
24639	24493	1	0.002358
24639	24207	16	0.037736
24639	24112	2	0.004717
24639	24882	1	0.002358
24639	24603	4	0.009434
24639	24573	1	0.002358
24640	24097	9	0.084906
24640	24740	1	0.009434
24640	24326	2	0.018868
24640	23914	1	0.009434
24640	24112	1	0.009434
24640	24401	1	0.009434
24640	24094	1	0.009434
24640	24150	1	0.009434
24640	23959	1	0.009434
24640	24196	2	0.018868
24640	24062	1	0.009434
24641	24379	1	0.071429
24642	23968	2	0.028169
24642	24130	1	0.014085
24642	24196	1	0.014085
24642	23917	70	0.985915
24642	24405	1	0.014085
24642	24374	1	0.014085
24642	23959	1	0.014085
24642	24569	1	0.014085
24642	24090	4	0.056338
24642	24127	73	1.028169
24643	24634	7960	7.904667
24643	24603	1	0.000993
24644	24700	16534	59.689531
24644	24902	1	0.003610
24644	24414	2	0.007220
24647	23978	8	1.000000
24648	25025	1	0.024390
24648	24418	2	0.048780
24648	24740	2	0.048780
24648	24358	1	0.024390
24648	24842	2	0.048780
24648	25005	3	0.073171
24648	24304	1	0.024390
24648	24569	1	0.024390
24648	24217	1	0.024390
24648	24794	1	0.024390
24649	23978	15	1.000000
24651	24112	2	0.000850
24651	24603	2	0.000850
24651	24493	1	0.000425
24651	23959	2	0.000850
24652	24090	19	3.800000
24653	24386	2	0.142857
24653	24197	2	0.142857
24653	24007	100	7.142857
24653	24732	2	0.142857
24653	24999	1	0.071429
24653	24366	2	0.142857
24653	25109	2	0.142857
24653	23945	2	0.142857
24653	24857	2	0.142857
24653	24508	2	0.142857
24653	24254	2	0.142857
24656	25024	1	0.000126
24656	24740	1	0.000126
24656	24521	2	0.000252
24656	25134	8	0.001008
24656	24628	1	0.000126
24656	23959	1	0.000126
24656	24569	3	0.000378
24656	24090	9	0.001134
24656	24062	6	0.000756
24656	24127	1	0.000126
24658	24097	3	0.002836
24658	24740	1	0.000945
24658	24225	6	0.005671
24658	24041	1	0.000945
24658	24112	1	0.000945
24658	24461	1	0.000945
24658	24493	1	0.000945
24658	24656	1	0.000945
24658	23894	2	0.001890
24658	23959	1	0.000945
24658	24409	1	0.000945
24658	24603	2	0.001890
24658	25101	1	0.000945
24658	25001	1	0.000945
24659	24097	3	0.002674
24659	24041	1	0.000891
24659	24740	1	0.000891
24659	24225	6	0.005348
24659	24461	1	0.000891
24659	25001	1	0.000891
24659	24112	1	0.000891
24659	24493	1	0.000891
24659	25101	1	0.000891
24659	24656	1	0.000891
24659	23894	2	0.001783
24659	23959	1	0.000891
24659	24409	1	0.000891
24659	24603	2	0.001783
24660	24656	1	0.001211
24660	24387	2	0.002421
24660	25005	1	0.001211
24660	23886	1	0.001211
24660	24912	1	0.001211
24660	24146	1	0.001211
24660	24494	1	0.001211
24660	23959	1	0.001211
24660	25146	1	0.001211
24660	24603	1	0.001211
24661	24321	1	0.040000
24661	24540	1	0.040000
24661	23959	2	0.080000
24662	24032	17	0.014912
24662	24097	284	0.249123
24662	24419	21	0.018421
24662	25124	454	0.398246
24662	23978	132	0.115789
24662	24493	5	0.004386
24662	24656	83	0.072807
24662	24599	8219	7.209649
24662	24484	72	0.063158
24662	24603	450	0.394737
24662	24272	1360	1.192982
24663	23895	1	0.000243
24663	24751	1	0.000243
24663	24150	1	0.000243
24663	23959	3	0.000729
24663	24378	1	0.000243
24663	23835	1	0.000243
24663	24444	1	0.000243
24663	24062	1	0.000243
24666	24297	1	0.083333
24666	24090	61	5.083333
24669	24376	12	0.230769
24670	24091	3	0.000771
24670	24097	161	0.041356
24670	24603	232	0.059594
24670	24740	1	0.000257
24670	24389	35430	9.100950
24670	24556	1	0.000257
24670	23978	2203	0.565887
24670	24475	1	0.000257
24670	24493	2094	0.537889
24670	25101	2	0.000514
24670	24656	2208	0.567172
24670	24032	2	0.000514
24670	23862	1	0.000257
24670	24112	15	0.003853
24670	24090	1	0.000257
24670	24379	157	0.040329
24671	24097	138	0.125798
24671	24740	2	0.001823
24671	24165	1945	1.773017
24671	24842	1	0.000912
24671	24493	3	0.002735
24671	24112	1	0.000912
24671	24401	1	0.000912
24671	24090	1	0.000912
24671	23931	1	0.000912
24672	24091	3	0.000757
24672	24097	139	0.035092
24672	24603	219	0.055289
24672	24740	1	0.000252
24672	24389	36766	9.281999
24672	23978	2301	0.580914
24672	24556	1	0.000252
24672	24493	2092	0.528149
24672	25101	2	0.000505
24672	24656	2306	0.582176
24672	24475	1	0.000252
24672	24032	2	0.000505
24672	23862	1	0.000252
24672	24112	15	0.003787
24672	24090	1	0.000252
24672	24379	146	0.036859
24673	23939	1	0.000772
24673	24842	3	0.002317
24673	24451	1	0.000772
24673	23959	9	0.006950
24673	24600	1	0.000772
24673	24090	5	0.003861
24673	24731	1	0.000772
24673	23837	3	0.002317
24673	24606	1	0.000772
24673	24608	1	0.000772
24673	24097	2	0.001544
24673	24603	1	0.000772
24673	24612	1	0.000772
24673	23879	1	0.000772
24673	25010	1	0.000772
24673	24244	1	0.000772
24673	24892	1	0.000772
24673	24639	1	0.000772
24673	24007	1	0.000772
24673	24904	10	0.007722
24673	24522	1	0.000772
24673	23883	1	0.000772
24673	25038	3	0.002317
24673	24656	8	0.006178
24673	24405	1	0.000772
24673	24150	5	0.003861
24673	23895	1	0.000772
24673	24225	1	0.000772
24673	24183	1	0.000772
24673	24311	1	0.000772
24673	25080	1	0.000772
24674	24097	8	0.002313
24674	24603	1	0.000289
24674	24326	4	0.001157
24674	24839	18	0.005205
24674	24688	1	0.000289
24674	24112	6	0.001735
24674	24428	1	0.000289
24674	25101	5	0.001446
24674	25134	1	0.000289
24674	24493	7	0.002024
24674	24656	7	0.002024
24674	24371	95	0.027473
24674	24628	1	0.000289
24674	24430	1	0.000289
24674	23959	10	0.002892
24674	24090	2	0.000578
24674	24475	1	0.000289
24675	24842	1	0.022727
24675	24876	43	0.977273
24675	24069	1	0.022727
24675	24062	1	0.022727
24676	24656	3	1.000000
24676	24603	3	1.000000
24677	24097	1	0.000959
24677	24007	4	0.003835
24677	24656	2	0.001918
24677	24150	1	0.000959
24677	23959	1	0.000959
24677	24217	2	0.001918
24677	24090	1	0.000959
24677	24062	3	0.002876
24678	24032	17	0.013097
24678	24097	293	0.225732
24678	24419	21	0.016179
24678	25124	440	0.338983
24678	24656	68	0.052388
24678	23978	132	0.101695
24678	24493	4	0.003082
24678	24272	1646	1.268105
24678	24599	9455	7.284284
24678	24484	72	0.055470
24678	24603	498	0.383667
24680	24032	17	0.013889
24680	24097	293	0.239379
24680	24419	21	0.017157
24680	25124	439	0.358660
24680	24656	68	0.055556
24680	23978	132	0.107843
24680	24493	4	0.003268
24680	24272	1507	1.231209
24680	24599	8739	7.139706
24680	24484	72	0.058824
24680	24603	498	0.406863
24681	23917	1	0.083333
24681	24493	1	0.083333
24681	24018	1	0.083333
24681	24051	1	0.083333
24681	24506	1	0.083333
24681	24751	2	0.166667
24682	24521	6	3.000000
24683	24091	4	0.000839
24683	24097	294	0.061674
24683	24379	228	0.047829
24683	24740	1	0.000210
24683	24389	43562	9.138242
24683	24556	1	0.000210
24683	23978	2219	0.465492
24683	25111	1	0.000210
24683	24475	1	0.000210
24683	24493	2110	0.442626
24683	25101	2	0.000420
24683	24656	2225	0.466751
24683	24032	2	0.000420
24683	23862	1	0.000210
24683	24112	15	0.003147
24683	24090	2	0.000420
24683	24603	510	0.106986
24687	24097	95	0.979381
24687	24326	1	0.010309
24687	24499	1950	20.103093
24687	24603	97	1.000000
24687	24573	4	0.041237
24687	25087	1	0.010309
24688	24032	2	0.000112
24688	24097	1	0.000056
24688	24091	1	0.000056
24688	24038	1	0.000056
24688	24745	5	0.000279
24688	23978	2	0.000112
24688	23959	3	0.000168
24688	24475	5	0.000279
24688	25101	33	0.001843
24688	25038	1	0.000056
24688	24656	1	0.000056
24688	25068	2	0.000112
24688	24628	6	0.000335
24688	25134	3	0.000168
24688	24809	1	0.000056
24688	24792	1	0.000056
24688	24090	2	0.000112
24688	24603	4	0.000223
24688	25084	18559	1.036526
24688	24842	2	0.000112
24689	24321	1	0.001626
24689	24219	2	0.003252
24689	23978	1	0.001626
24689	24443	3	0.004878
24689	24845	543	0.882927
24689	24493	2	0.003252
24689	24112	1	0.001626
24689	24146	2	0.003252
24689	24917	4	0.006504
24689	23959	1	0.001626
24689	24952	3	0.004878
24689	24570	4	0.006504
24689	24603	3	0.004878
24690	24112	1	0.000847
24690	24097	1	0.000847
24690	23971	1	0.000847
24690	24781	1	0.000847
24690	25101	2	0.001695
24691	23868	4	0.500000
24692	24091	1	0.002801
24692	24097	12	0.033613
24692	25115	813	2.277311
24692	25001	1	0.002801
24692	24842	2	0.005602
24692	23959	3	0.008403
24692	25101	3	0.008403
24692	25053	1	0.002801
24692	24656	3	0.008403
24692	24419	1	0.002801
24692	25076	2	0.005602
24692	24150	1	0.002801
24692	24663	1	0.002801
24692	24378	5	0.014006
24692	24603	1	0.002801
24692	24573	1	0.002801
24694	24097	1107	0.144235
24694	24521	2	0.000261
24694	23978	2	0.000261
24694	24656	558	0.072704
24694	23959	2	0.000261
24694	24603	1	0.000130
24697	24656	2	0.010204
24697	24097	2	0.010204
24697	24090	2	0.010204
24697	24499	3079	15.709184
24697	25087	2	0.010204
24698	24656	1	0.002075
24698	24603	1	0.002075
24698	24493	1	0.002075
24699	24097	1	0.001754
24700	24032	1	0.000627
24700	24419	2	0.001254
24700	24902	3103	1.945455
24700	23978	1	0.000627
24700	25069	2	0.001254
24700	25101	2	0.001254
24700	24146	1	0.000627
24700	23923	1	0.000627
24700	24573	1	0.000627
24700	24414	6563	4.114734
24701	25146	4	0.000959
24701	24326	1	0.000240
24701	23914	2	0.000480
24701	24062	1	0.000240
24701	24374	1	0.000240
24706	24112	1	0.050000
24706	24493	3	0.150000
24707	24600	549	2.935829
24707	24904	1	0.005348
24707	24196	1	0.005348
24707	24070	1	0.005348
24710	24112	9	0.072000
24710	24196	4	0.032000
24710	24038	1	0.008000
24710	24919	2	0.016000
24711	24097	3	0.001999
24711	24290	69	0.045969
24711	24419	1	0.000666
24711	25025	1	0.000666
24711	25101	1	0.000666
24711	24656	5	0.003331
24711	24603	2	0.001332
24711	24863	6332	4.218521
24712	24097	3	0.001817
24712	24290	69	0.041793
24712	24419	1	0.000606
24712	25025	1	0.000606
24712	25101	1	0.000606
24712	24656	5	0.003028
24712	24603	2	0.001211
24712	24863	7973	4.829194
24713	24097	36	0.947368
24714	23846	3	0.028846
24716	24097	9	0.009259
24716	24540	42	0.043210
24716	24321	3	0.003086
24716	23959	6	0.006173
24719	24232	26	1.000000
24719	24493	5	0.192308
24719	23914	53	2.038462
24719	24570	3	0.115385
24719	24751	26	1.000000
24720	24032	1	0.000831
24720	24097	1	0.000831
24720	24419	1	0.000831
24720	24493	2	0.001663
24720	24656	1	0.000831
24720	25146	1	0.000831
24720	24603	7	0.005819
24721	24419	3	0.063830
24721	24196	2	0.042553
24721	24335	2	0.042553
24721	24146	3	0.063830
24721	25076	6	0.127660
24721	24570	798	16.978723
24722	24091	3	0.000654
24722	24097	162	0.035317
24722	24603	232	0.050578
24722	24740	1	0.000218
24722	24389	40512	8.831916
24722	23978	2411	0.525616
24722	24556	1	0.000218
24722	24493	2300	0.501417
24722	25101	2	0.000436
24722	24656	2418	0.527142
24722	24475	1	0.000218
24722	24032	2	0.000436
24722	23862	1	0.000218
24722	24112	15	0.003270
24722	24090	1	0.000218
24722	24379	159	0.034663
24723	24098	1	0.015625
24723	25026	2	0.031250
24723	24170	2	0.031250
24723	24493	82	1.281250
24723	24111	15	0.234375
24723	24112	56	0.875000
24723	23959	10	0.156250
24723	23898	4	0.062500
24723	24891	2	0.031250
24723	23914	2	0.031250
24724	24656	14	1.000000
24724	24097	6	0.428571
24726	24493	1	0.000102
24726	24445	1	0.000102
24728	25025	22	0.550000
24728	24419	1	0.025000
24728	24493	3	0.075000
24728	24112	2	0.050000
24728	24051	1	0.025000
24728	25076	1	0.025000
24728	25111	1	0.025000
24728	24570	1	0.025000
24731	23881	2	0.002101
24731	23978	2	0.002101
24731	24603	669	0.702731
24732	24386	2	0.142857
24732	24197	2	0.142857
24732	24007	100	7.142857
24732	23945	2	0.142857
24732	24999	1	0.071429
24732	24653	2	0.142857
24732	24366	2	0.142857
24732	25109	2	0.142857
24732	24857	2	0.142857
24732	24508	2	0.142857
24732	24254	2	0.142857
24733	24096	5	0.059524
24733	24002	1	0.011905
24733	24105	84	1.000000
24733	24842	6	0.071429
24733	24587	3	0.035714
24733	24493	30	0.357143
24733	24335	2	0.023810
24733	24112	3	0.035714
24733	24914	1	0.011905
24733	24211	84	1.000000
24733	24570	4	0.047619
24734	24032	2	0.000332
24734	24097	220	0.036521
24734	24475	2	0.000332
24734	24041	1	0.000166
24734	24842	1	0.000166
24734	25101	4	0.000664
24734	25134	3	0.000498
24734	24146	1	0.000166
24734	24150	1	0.000166
24734	25079	6	0.000996
24734	24090	1	0.000166
24734	24603	4	0.000664
24734	24573	645	0.107072
24737	25124	3	0.010830
24737	24484	6	0.021661
24738	24112	1	0.041667
24738	24493	10	0.416667
24740	24326	1	0.000595
24740	24842	2	0.001190
24740	23959	2	0.001190
24740	25101	3	0.001785
24740	24467	10	0.005949
24740	24852	1	0.000595
24740	24215	1671	0.994051
24740	24090	4	0.002380
24740	24603	2	0.001190
24740	24097	1	0.000595
24740	24966	1	0.000595
24740	25001	2	0.001190
24740	23978	31	0.018441
24740	24493	3	0.001785
24740	25134	2	0.001190
24740	25146	2	0.001190
24740	24904	1	0.000595
24740	24271	1	0.000595
24740	24656	3	0.001785
24740	24401	2	0.001190
24740	24146	40	0.023795
24740	24409	2	0.001190
24740	24032	1	0.000595
24740	24292	1	0.000595
24740	24038	2	0.001190
24740	23914	5	0.002974
24740	24304	3	0.001785
24740	25076	1	0.000595
24740	24185	3	0.001785
24740	24570	1	0.000595
24740	23935	2	0.001190
24741	24540	24	1.200000
24742	24204	1	0.016949
24742	25020	1	0.016949
24742	23845	1	0.016949
24742	24295	2	0.033898
24746	24326	2	0.001114
24746	24072	1	0.000557
24746	24842	1	0.000557
24746	25101	15	0.008357
24746	23959	3	0.001671
24746	24090	3	0.001671
24746	24603	1	0.000557
24746	24475	2	0.001114
24746	24101	158	0.088022
24746	24358	998	0.555989
24746	24493	7	0.003900
24746	25134	1	0.000557
24746	24112	1	0.000557
24746	23862	2	0.001114
24746	24639	1	0.000557
24746	24389	1	0.000557
24746	24527	1	0.000557
24746	24656	3	0.001671
24746	24401	1	0.000557
24746	24146	3	0.001671
24746	24408	3	0.001671
24746	24409	2	0.001114
24746	23903	1	0.000557
24746	24032	3	0.001671
24746	24419	2	0.001114
24747	23881	4	0.011730
24747	24493	38	0.111437
24747	24656	4	0.011730
24747	24628	2	0.005865
24747	24090	3	0.008798
24747	24062	5	0.014663
24748	24032	15	0.012136
24748	24097	279	0.225728
24748	24419	21	0.016990
24748	25124	527	0.426375
24748	24656	68	0.055016
24748	23978	217	0.175566
24748	24493	4	0.003236
24748	24272	1593	1.288835
24748	24599	8732	7.064725
24748	24484	72	0.058252
24748	24603	559	0.452265
24748	24573	1	0.000809
24749	24032	1	0.000023
24749	24321	2	0.000045
24749	24418	16	0.000363
24749	24740	3	0.000068
24749	24097	2	0.000045
24749	24842	2	0.000045
24749	24146	1	0.000023
24749	25076	4	0.000091
24749	24437	1	0.000023
24749	25111	1	0.000023
24749	24760	42947	0.975625
24749	24603	6	0.000136
24749	24573	2	0.000045
24750	24321	2	0.001921
24750	24073	6	0.005764
24750	24842	1	0.000961
24750	23959	5	0.004803
24750	23874	1	0.000961
24750	25111	1	0.000961
24750	24859	1	0.000961
24750	25101	13	0.012488
24750	24097	9	0.008646
24750	24731	1	0.000961
24750	24747	1	0.000961
24750	24475	2	0.001921
24750	24493	5	0.004803
24750	24603	16	0.015370
24750	24374	1	0.000961
24750	24762	1	0.000961
24750	25024	1	0.000961
24750	25025	1	0.000961
24750	25154	1	0.000961
24750	23881	2	0.001921
24750	24525	1	0.000961
24750	24527	2	0.001921
24750	24656	4	0.003842
24750	24146	2	0.001921
24750	24409	3	0.002882
24750	24144	1	0.000961
24750	25063	1	0.000961
24750	24018	1	0.000961
24750	24062	1	0.000961
24751	24090	4	0.022099
24751	24493	3	0.016575
24751	24062	10	0.055249
24753	24842	1	0.000749
24753	24639	1	0.000749
24753	23978	1328	0.994757
24753	25101	10	0.007491
24753	24494	1	0.000749
24753	24573	1	0.000749
24753	24656	2183	1.635206
24753	24146	1	0.000749
24753	23923	1	0.000749
24753	25134	1	0.000749
24753	24150	1	0.000749
24753	23959	3	0.002247
24753	24282	532	0.398502
24753	24603	536	0.401498
24753	24090	1	0.000749
24753	23903	1	0.000749
24755	24112	3	0.200000
24755	24493	6	0.400000
24756	24839	1	0.000451
24756	24097	1	0.000451
24756	24603	15	0.006763
24756	24196	1	0.000451
24756	23873	1	0.000451
24756	23978	1	0.000451
24756	24112	2	0.000902
24756	24428	10	0.004509
24756	25101	17	0.007665
24756	25038	1	0.000451
24756	24573	1	0.000451
24756	24656	4	0.001803
24756	23886	1	0.000451
24756	24437	1	0.000451
24756	23959	7	0.003156
24756	24345	7863	3.545086
24756	24762	3	0.001353
24756	24091	4	0.001803
24756	24842	1	0.000451
24760	24032	1	0.000164
24760	24097	2	0.000327
24760	24740	2	0.000327
24760	24321	1	0.000164
24760	24842	2	0.000327
24760	24749	1	0.000164
24760	24146	1	0.000164
24760	25111	1	0.000164
24760	24603	6	0.000982
24760	24573	1	0.000164
24761	24032	2	0.000109
24761	24097	1	0.000054
24761	24603	3	0.000163
24761	24038	1	0.000054
24761	24745	5	0.000271
24761	23978	2	0.000109
24761	23959	3	0.000163
24761	25068	2	0.000109
24761	25101	33	0.001791
24761	25134	3	0.000163
24761	24688	907261	49.251452
24761	24628	6	0.000326
24761	25038	1	0.000054
24761	24809	1	0.000054
24761	24792	1	0.000054
24761	24091	1	0.000054
24761	24090	2	0.000109
24761	24475	5	0.000271
24761	25084	19080	1.035774
24761	24842	2	0.000109
24762	24112	2	0.010929
24762	24098	1	0.005464
24762	24196	1	0.005464
24762	24326	1	0.005464
24762	25063	1	0.005464
24762	23914	4	0.021858
24762	24493	94	0.513661
24762	25039	2	0.010929
24762	24656	1	0.005464
24762	23959	3	0.016393
24762	24792	2	0.010929
24763	24041	2	0.046512
24763	23978	22	0.511628
24763	24493	14	0.325581
24763	24112	54	1.255814
24763	24146	2	0.046512
24763	24859	44	1.023256
24765	23917	2	0.142857
24765	24038	1	0.071429
24766	24960	2	0.002004
24766	24322	1	0.001002
24766	24196	1	0.001002
24766	24968	1	0.001002
24766	24076	77	0.077154
24766	25101	229	0.229459
24766	23959	1	0.001002
24766	24600	1	0.001002
24766	24345	1	0.001002
24766	23965	1	0.001002
24766	24482	1	0.001002
24766	24753	1	0.001002
24766	23978	1	0.001002
24766	24239	1	0.001002
24766	25137	1	0.001002
24766	24639	1	0.001002
24766	24387	1	0.001002
24766	24520	1	0.001002
24766	25034	1	0.001002
24766	23883	1	0.001002
24766	24656	1	0.001002
24766	24277	1	0.001002
24766	24022	1	0.001002
24766	24796	1	0.001002
24766	24934	1	0.001002
24766	23914	1	0.001002
24766	24871	1	0.001002
24766	24688	1	0.001002
24766	24698	1	0.001002
24766	24573	2	0.002004
24767	24097	1	0.083333
24773	24112	12	0.307692
24773	23914	1	0.025641
24774	24326	2	0.001104
24774	24072	1	0.000552
24774	24842	1	0.000552
24774	25101	15	0.008283
24774	23959	3	0.001657
24774	24090	3	0.001657
24774	24603	1	0.000552
24774	24475	2	0.001104
24774	24101	159	0.087797
24774	24358	997	0.550525
24774	24493	7	0.003865
24774	25134	1	0.000552
24774	24112	1	0.000552
24774	23862	2	0.001104
24774	24639	1	0.000552
24774	24389	1	0.000552
24774	24527	1	0.000552
24774	24656	3	0.001657
24774	24401	1	0.000552
24774	24146	3	0.001657
24774	24408	3	0.001657
24774	24409	2	0.001104
24774	23903	1	0.000552
24774	24032	3	0.001657
24774	24419	2	0.001104
24775	24097	2	0.060606
24775	25154	2	0.060606
24775	24540	117	3.545455
24776	24656	4789	0.908556
24776	24097	4789	0.908556
24776	24694	28734	5.451338
24777	24098	1	0.000969
24777	25101	1	0.000969
24777	24326	1611	1.561047
24777	24842	1	0.000969
24777	24556	1	0.000969
24777	24493	3	0.002907
24777	25134	1	0.000969
24777	25005	1	0.000969
24777	24112	1	0.000969
24777	24979	1	0.000969
24777	25038	2	0.001938
24777	25078	1	0.000969
24777	23959	2	0.001938
24777	24467	1	0.000969
24778	24400	1	0.001185
24778	24097	2	0.002370
24778	25124	1	0.001185
24778	24401	1	0.001185
24778	24656	4	0.004739
24778	23978	18	0.021327
24778	23917	1	0.001185
24778	25134	2	0.002370
24778	25101	1	0.001185
24778	24464	1404	1.663507
24778	24904	1	0.001185
24778	24150	1	0.001185
24778	24090	2	0.002370
24778	24603	14	0.016588
24778	24842	1	0.001185
24779	24112	3	0.085714
24779	24105	35	1.000000
24779	24211	35	1.000000
24779	23812	1	0.028571
24779	24493	8	0.228571
24780	24032	15	0.012205
24780	24097	307	0.249797
24780	24419	21	0.017087
24780	25124	534	0.434500
24780	24656	68	0.055330
24780	23978	179	0.145647
24780	24493	4	0.003255
24780	24272	1506	1.225386
24780	24599	9475	7.709520
24780	24484	72	0.058584
24780	24603	578	0.470301
24780	24573	1	0.000814
24781	24160	1	0.004219
24781	23971	6	0.025316
24781	24228	1	0.004219
24781	23977	1	0.004219
24781	23914	1	0.004219
24781	24525	1	0.004219
24781	24569	4	0.016878
24781	25118	2	0.008439
24781	24246	1	0.004219
24781	23959	1	0.004219
24781	24409	1	0.004219
24781	23998	2	0.008439
24782	23880	3748	13.433692
24782	24842	2420	8.673835
24782	24146	19	0.068100
24782	25101	2	0.007168
24784	25026	1	0.018519
24784	24170	1	0.018519
24784	24493	71	1.314815
24784	24111	7	0.129630
24784	24112	56	1.037037
24784	24098	1	0.018519
24784	23959	12	0.222222
24784	23898	2	0.037037
24784	24891	1	0.018519
24784	23914	1	0.018519
24785	24493	26	3.714286
24787	24215	2	1.000000
24788	24112	1	0.001828
24788	23937	3	0.005484
24788	23978	525	0.959781
24788	24090	2	0.003656
24788	24493	3	0.005484
24789	24105	5	1.000000
24789	24211	5	1.000000
24790	24493	23	2.300000
24791	24656	2	0.002291
24791	24842	1	0.001145
24792	24326	2	0.058824
24792	24493	2	0.058824
24792	24038	74	2.176471
24793	24906	1	0.005682
24793	23874	1	0.005682
24793	23886	1	0.005682
24794	24804	1	0.058824
24794	23914	1	0.058824
24794	24493	24	1.411765
24794	25039	1	0.058824
24794	24112	16	0.941176
24794	24090	1	0.058824
24795	24205	1	0.037037
24795	24097	1	0.037037
24795	24196	1	0.037037
24795	24326	2	0.074074
24795	24624	1	0.037037
24795	24656	1	0.037037
24795	25005	1	0.037037
24795	23917	5	0.185185
24795	24493	5	0.185185
24795	24112	2	0.074074
24795	24374	1	0.037037
24795	23959	2	0.074074
24795	24409	1	0.037037
24795	24570	2	0.074074
24795	24185	1	0.037037
24795	24090	1	0.037037
24795	24062	1	0.037037
24796	24097	399	1.000000
24796	24475	8	0.020050
24796	24842	1	0.002506
24796	25101	2	0.005013
24796	25038	1	0.002506
24796	24146	22	0.055138
24796	24409	1	0.002506
24796	24603	2	0.005013
24796	24573	1	0.002506
24797	24097	4	0.005312
24797	24451	2146	2.849934
24797	23975	2	0.002656
24797	24419	74	0.098274
24797	24150	1	0.001328
24797	23959	1	0.001328
24797	24090	1	0.001328
24797	24573	1	0.001328
24799	24097	5	0.024510
24799	24603	1	0.004902
24799	25020	1	0.004902
24799	23862	2	0.009804
24800	24163	30	0.312500
24800	24358	9	0.093750
24800	24326	1	0.010417
24800	24073	192	2.000000
24800	25101	205	2.135417
24800	24910	2	0.020833
24800	24815	1	0.010417
24800	24339	9	0.093750
24800	25076	23	0.239583
24800	25079	1	0.010417
24800	24382	9	0.093750
24801	24419	3	0.062500
24801	24196	2	0.041667
24801	24335	2	0.041667
24801	24146	3	0.062500
24801	25076	6	0.125000
24801	24570	813	16.937500
24802	24112	2	0.000639
24802	24603	15	0.004795
24802	24196	1	0.000320
24802	24839	2	0.000639
24802	24842	1	0.000320
24802	23978	1	0.000320
24802	24428	10	0.003197
24802	25101	18	0.005754
24802	25038	1	0.000320
24802	24656	2	0.000639
24802	23886	1	0.000320
24802	24437	1	0.000320
24802	23959	7	0.002238
24802	24345	12724	4.067775
24802	24762	2	0.000639
24802	24091	5	0.001598
24802	24573	2	0.000639
24804	24569	1	0.100000
24804	23914	20	2.000000
24806	24208	2	0.285714
24806	24457	2	0.285714
24806	24572	2	0.285714
24806	24007	50	7.142857
24808	24032	1	0.083333
24808	24232	12	1.000000
24808	23914	25	2.083333
24808	24747	1	0.083333
24808	24493	11	0.916667
24808	24751	13	1.083333
24810	24514	713	0.792222
24810	24342	710	0.788889
24810	24913	713	0.792222
24810	25099	710	0.788889
24810	24526	710	0.788889
24810	24529	716	0.795556
24810	24174	710	0.788889
24810	25014	710	0.788889
24810	24343	710	0.788889
24810	23961	710	0.788889
24810	24954	710	0.788889
24810	23813	713	0.792222
24811	24032	1	0.000341
24811	24097	3	0.001024
24811	24130	6	0.002048
24811	24475	3	0.001024
24811	24233	5824	1.987713
24811	23978	3	0.001024
24811	23959	1	0.000341
24811	24656	4	0.001365
24811	24405	38	0.012969
24811	24041	1	0.000341
24811	24603	5	0.001706
24815	24800	1	0.003145
24815	24163	1	0.003145
24815	24038	1	0.003145
24815	24326	7	0.022013
24815	24910	2	0.006289
24815	24112	14	0.044025
24815	24467	1	0.003145
24815	25079	1	0.003145
24815	24409	676	2.125786
24816	24326	1	0.000633
24816	24839	1	0.000633
24816	24044	1	0.000633
24816	24842	2	0.001267
24816	25101	2	0.001267
24816	24339	49	0.031032
24816	24852	77	0.048765
24816	25134	2	0.001267
24816	23959	2	0.001267
24816	24090	5	0.003167
24816	24419	4	0.002533
24816	24097	1	0.000633
24816	24740	2	0.001267
24816	24358	63	0.039899
24816	25001	2	0.001267
24816	24493	6	0.003800
24816	24494	220	0.139329
24816	23983	104	0.065864
24816	24112	1	0.000633
24816	25146	12	0.007600
24816	25019	1	0.000633
24816	24467	2	0.001267
24816	25149	56	0.035465
24816	24382	59	0.037365
24816	25025	1	0.000633
24816	24400	85	0.053832
24816	24401	3	0.001900
24816	24146	6	0.003800
24816	25043	133	0.084231
24816	24150	148	0.093730
24816	24418	70	0.044332
24816	24163	67	0.042432
24816	24292	65	0.041165
24816	25068	42	0.026599
24816	23917	1	0.000633
24816	24304	81	0.051298
24816	23923	69	0.043699
24816	25076	6767	4.285624
24816	24185	1	0.000633
24816	24570	4	0.002533
24817	24700	8821	57.279221
24817	24902	1	0.006494
24817	24414	1	0.006494
24818	24097	1	0.021739
24818	24326	2	0.043478
24820	24036	2	0.041667
24820	24326	14	0.291667
24820	23910	1	0.020833
24820	24493	13	0.270833
24820	24979	7	0.145833
24820	24792	1	0.020833
24820	24477	1	0.020833
24823	24326	2	0.001133
24823	24072	1	0.000567
24823	24842	1	0.000567
24823	25101	15	0.008499
24823	23959	3	0.001700
24823	24090	3	0.001700
24823	24603	1	0.000567
24823	24475	2	0.001133
24823	24101	159	0.090085
24823	24358	1000	0.566572
24823	24493	7	0.003966
24823	25134	1	0.000567
24823	24112	1	0.000567
24823	23862	2	0.001133
24823	24639	1	0.000567
24823	24389	1	0.000567
24823	24527	1	0.000567
24823	24656	3	0.001700
24823	24401	1	0.000567
24823	24146	3	0.001700
24823	24408	3	0.001700
24823	24409	2	0.001133
24823	23903	1	0.000567
24823	24032	3	0.001700
24823	24419	2	0.001133
24826	24864	1	0.015625
24826	24097	1	0.015625
24826	24930	1	0.015625
24826	23846	6	0.093750
24826	24196	1	0.015625
24826	24677	1	0.015625
24826	24326	63	0.984375
24826	23914	1	0.015625
24826	24140	1	0.015625
24826	24493	1	0.015625
24826	24591	1	0.015625
24826	24656	2	0.031250
24826	23818	1	0.015625
24826	23875	1	0.015625
24826	24501	1	0.015625
24826	24374	2	0.031250
24826	23959	4	0.062500
24826	24090	3	0.046875
24826	24124	1	0.015625
24826	24570	1	0.015625
24826	24547	1	0.015625
24828	24032	2	0.011050
24828	24002	1	0.005525
24828	24603	2	0.011050
24828	24326	5	0.027624
24828	24493	4	0.022099
24828	24656	1	0.005525
24828	25076	1	0.005525
24828	23959	4	0.022099
24828	24091	4	0.022099
24831	24656	30	0.122951
24831	24097	29	0.118852
24831	24815	1	0.004098
24831	24326	1	0.004098
24831	25079	52	0.213115
24833	23937	4	0.002378
24833	24740	1	0.000595
24833	24097	2	0.001189
24833	24688	1	0.000595
24833	23914	1	0.000595
24833	25101	3	0.001784
24833	24304	1	0.000595
24833	24493	1	0.000595
24833	24656	1	0.000595
24833	23929	2039	1.212247
24833	24090	1	0.000595
24833	24603	2	0.001189
24833	24573	1	0.000595
24834	25026	2	0.025641
24834	24842	2	0.025641
24834	24493	27	0.346154
24834	24112	16	0.205128
24834	23959	23	0.294872
24834	24091	1	0.012821
24834	23914	1	0.012821
24836	24376	11	0.733333
24837	24876	2	0.044444
24839	24321	1	0.142857
24840	24520	2	0.003546
24840	23946	1	0.001773
24840	24475	2	0.003546
24840	25101	1	0.001773
24840	23959	1	0.001773
24842	24321	1	0.000097
24842	24196	2	0.000194
24842	24326	4	0.000387
24842	24205	3	0.000290
24842	24212	3	0.000290
24842	23959	1	0.000097
24842	24090	7	0.000678
24842	24097	13	0.001258
24842	24740	2	0.000194
24842	24485	23	0.002226
24842	23978	9	0.000871
24842	24747	6	0.000581
24842	24493	8	0.000774
24842	25134	2	0.000194
24842	24112	5	0.000484
24842	24114	2	0.000194
24842	24891	1	0.000097
24842	25149	5	0.000484
24842	25024	5	0.000484
24842	25154	4	0.000387
24842	23880	141	0.013647
24842	24905	1	0.000097
24842	25101	1	0.000097
24842	24656	4	0.000387
24842	24146	13	0.001258
24842	24540	5	0.000484
24842	25053	3	0.000290
24842	24419	2	0.000194
24842	24425	1	0.000097
24842	23917	1	0.000097
24842	25076	16	0.001549
24842	24569	2	0.000194
24842	24062	1	0.000097
24845	24097	4	0.003945
24845	24219	2	0.001972
24845	24321	1	0.000986
24845	23978	1	0.000986
24845	24443	3	0.002959
24845	24493	2	0.001972
24845	24112	1	0.000986
24845	23957	1	0.000986
24845	24952	2	0.001972
24845	24570	2	0.001972
24845	24603	4	0.003945
24845	24917	2	0.001972
24847	24675	182	1.000000
24847	25147	182	1.000000
24847	24996	182	1.000000
24847	24837	182	1.000000
24848	24097	3	0.001101
24848	24674	84205	30.889582
24848	25101	3	0.001101
24848	24493	1	0.000367
24848	24371	97	0.035583
24848	24628	1	0.000367
24848	24603	1	0.000367
24850	24603	46	0.242105
24850	24573	2	0.010526
24851	24499	198	3.142857
24852	24097	4	0.012422
24852	24603	1	0.003106
24852	25076	637	1.978261
24852	24573	2	0.006211
24852	23886	3	0.009317
24855	24493	2	0.166667
24855	24326	3	0.250000
24856	24032	1	0.001094
24856	24321	1	0.001094
24856	24583	1	0.001094
24856	24842	1	0.001094
24856	25101	1	0.001094
24856	24493	1	0.001094
24856	24112	1	0.001094
24856	24603	2	0.002188
24857	24386	2	0.142857
24857	24197	2	0.142857
24857	24007	100	7.142857
24857	24732	2	0.142857
24857	24999	1	0.071429
24857	24653	2	0.142857
24857	24366	2	0.142857
24857	25109	2	0.142857
24857	23945	2	0.142857
24857	24508	2	0.142857
24857	24254	2	0.142857
24859	24097	16	0.484848
24859	24041	1	0.030303
24859	24740	1	0.030303
24859	25001	2	0.060606
24859	23978	42	1.272727
24859	25101	1	0.030303
24859	25134	1	0.030303
24859	24656	3	0.090909
24859	24401	2	0.060606
24859	24112	2	0.060606
24859	24090	5	0.151515
24859	24540	1	0.030303
24859	24842	1	0.030303
24860	24032	2	0.000393
24860	24112	15	0.002948
24860	24603	287	0.056396
24860	24740	1	0.000197
24860	24389	44653	8.774415
24860	24097	212	0.041658
24860	24379	185	0.036353
24860	23978	2733	0.537041
24860	24475	1	0.000197
24860	24493	2623	0.515425
24860	25101	2	0.000393
24860	24656	2738	0.538023
24860	23862	1	0.000197
24860	24556	1	0.000197
24860	24090	1	0.000197
24860	24091	4	0.000786
24861	24097	2	0.003623
24861	23939	2	0.003623
24861	24150	1	0.001812
24861	23917	1	0.001812
24861	24112	1	0.001812
24861	24374	2	0.003623
24861	24409	1	0.001812
24861	24090	2	0.003623
24861	24603	1	0.001812
24863	24097	3	0.003525
24863	24290	57	0.066980
24863	24419	1	0.001175
24863	25025	1	0.001175
24863	24656	5	0.005875
24863	24603	2	0.002350
24869	24038	1	0.002646
24869	24493	2	0.005291
24869	25134	1	0.002646
24869	23983	4	0.010582
24869	24112	1	0.002646
24869	24409	1	0.002646
24869	24430	1	0.002646
24869	23959	4	0.010582
24869	24569	2	0.005291
24869	24570	1	0.002646
24869	25020	4	0.010582
24869	24222	1	0.002646
24871	24032	2	0.003096
24871	24576	181	0.280186
24871	24603	4	0.006192
24871	24097	1	0.001548
24871	23914	1	0.001548
24871	25101	1	0.001548
24871	25038	1	0.001548
24871	24493	6	0.009288
24871	24656	2	0.003096
24871	23959	1	0.001548
24871	24091	1	0.001548
24871	25005	1	0.001548
24871	25146	1	0.001548
24871	25051	1	0.001548
24871	24573	1	0.001548
24871	24205	1	0.001548
24875	24624	1	0.001366
24875	24034	1	0.001366
24875	24740	1	0.001366
24875	24656	13	0.017760
24875	24521	5	0.006831
24875	23917	14	0.019126
24875	24112	1	0.001366
24875	23862	1	0.001366
24875	24569	1	0.001366
24875	24127	1	0.001366
24876	24656	1	0.011905
24876	24675	84	1.000000
24876	24996	84	1.000000
24876	24837	84	1.000000
24876	25101	4	0.047619
24876	25038	3	0.035714
24876	24847	111	1.321429
24876	24603	4	0.047619
24876	25147	84	1.000000
24876	24069	2	0.023810
24877	24321	8	0.033898
24877	25026	879	3.724576
24877	23914	1	0.004237
24877	23959	8	0.033898
24877	24493	6763	28.656780
24877	24527	2	0.008475
24877	24112	7927	33.588983
24877	25076	1	0.004237
24877	24887	40	0.169492
24877	24762	4	0.016949
24877	24091	10	0.042373
24877	24346	2	0.008475
24878	24321	8	0.033755
24878	25026	885	3.734177
24878	23914	1	0.004219
24878	23959	8	0.033755
24878	24493	6763	28.535865
24878	24527	2	0.008439
24878	24112	7927	33.447257
24878	25076	1	0.004219
24878	24887	43	0.181435
24878	24762	4	0.016878
24878	24091	10	0.042194
24878	24346	2	0.008439
24879	24321	8	0.031621
24879	25026	910	3.596838
24879	23914	1	0.003953
24879	23959	8	0.031621
24879	24493	8450	33.399209
24879	24527	2	0.007905
24879	24112	15182	60.007905
24879	25076	2	0.007905
24879	24887	41	0.162055
24879	24346	2	0.007905
24879	24091	10	0.039526
24879	24762	4	0.015810
24882	24603	2	0.500000
24882	24639	2	0.500000
24884	24112	5	0.625000
24884	24409	8	1.000000
24884	24493	15	1.875000
24887	24321	8	0.033473
24887	25026	884	3.698745
24887	23914	1	0.004184
24887	24493	10137	42.414226
24887	24527	2	0.008368
24887	24112	15392	64.401674
24887	25076	1	0.004184
24887	23959	8	0.033473
24887	24346	2	0.008368
24887	24091	10	0.041841
24887	24762	4	0.016736
24888	23846	3	0.026549
24889	24321	8	0.034043
24889	25026	872	3.710638
24889	23914	1	0.004255
24889	24887	40	0.170213
24889	24493	6765	28.787234
24889	24527	2	0.008511
24889	24112	7927	33.731915
24889	25076	1	0.004255
24889	23959	8	0.034043
24889	24346	2	0.008511
24889	24091	10	0.042553
24889	24762	4	0.017021
24890	24321	8	0.033755
24890	25026	878	3.704641
24890	23914	1	0.004219
24890	24887	40	0.168776
24890	24493	6763	28.535865
24890	24527	2	0.008439
24890	24112	7927	33.447257
24890	25076	1	0.004219
24890	23959	8	0.033755
24890	24346	2	0.008439
24890	24091	10	0.042194
24890	24762	4	0.016878
24891	24842	1	0.015873
24891	25101	1	0.015873
24891	24493	46	0.730159
24891	24112	12	0.190476
24891	23959	5	0.079365
24891	24111	2	0.031746
24892	24818	4	2.000000
24893	24097	1	0.009434
24893	24677	106	1.000000
24893	24007	868	8.188679
24895	24603	2	0.009524
24895	24656	1	0.004762
24895	23978	1	0.004762
24895	23939	248	1.180952
24898	24326	2	0.000840
24898	24072	1	0.000420
24898	24842	2	0.000840
24898	25101	16	0.006720
24898	23959	3	0.001260
24898	24090	4	0.001680
24898	24475	2	0.000840
24898	24603	1	0.000420
24898	24740	1	0.000420
24898	24101	166	0.069719
24898	24358	1691	0.710206
24898	24493	7	0.002940
24898	25134	2	0.000840
24898	23983	1	0.000420
24898	24112	1	0.000420
24898	23862	2	0.000840
24898	24382	1	0.000420
24898	24639	1	0.000420
24898	24389	1	0.000420
24898	24527	1	0.000420
24898	24656	3	0.001260
24898	24401	2	0.000840
24898	24146	3	0.001260
24898	24408	3	0.001260
24898	24409	2	0.000840
24898	23903	1	0.000420
24898	24032	3	0.001260
24898	24419	2	0.000840
24898	23923	1	0.000420
24898	24573	1	0.000420
24899	24514	6	0.285714
24899	24342	6	0.285714
24899	24913	6	0.285714
24899	24810	6	0.285714
24899	25099	6	0.285714
24899	24526	6	0.285714
24899	24529	6	0.285714
24899	24174	6	0.285714
24899	25014	6	0.285714
24899	24343	6	0.285714
24899	23961	6	0.285714
24899	24954	6	0.285714
24899	23813	6	0.285714
24900	24793	22	0.956522
24901	24740	1	0.002786
24901	25001	1	0.002786
24901	24842	1	0.002786
24901	25101	2	0.005571
24901	25134	1	0.002786
24901	24493	1	0.002786
24901	24624	2	0.005571
24901	24051	1	0.002786
24901	24494	1	0.002786
24901	23917	2	0.005571
24901	24409	1	0.002786
24901	24090	1	0.002786
24901	24335	2	0.005571
24901	24570	14	0.038997
24902	24700	1242	7.179191
24903	24419	3	0.063830
24903	24196	2	0.042553
24903	24335	2	0.042553
24903	24146	3	0.063830
24903	25076	6	0.127660
24903	24570	800	17.021277
24904	24146	1	0.002278
24904	24380	3	0.006834
24904	24090	3	0.006834
24904	25038	1	0.002278
24904	24429	2	0.004556
24905	24842	2	0.095238
24905	24747	1	0.047619
24905	24493	5	0.238095
24905	23959	4	0.190476
24905	24090	1	0.047619
24905	24570	2	0.095238
24906	24097	1	0.043478
24906	24196	1	0.043478
24906	24072	1	0.043478
24906	23914	1	0.043478
24906	23923	2	0.086957
24906	24904	1	0.043478
24906	24051	1	0.043478
24906	24374	1	0.043478
24906	23959	1	0.043478
24906	24409	1	0.043478
24906	24090	1	0.043478
24906	24062	2	0.086957
24907	24097	12	0.031662
24907	25115	1073	2.831135
24907	24677	1	0.002639
24907	25001	1	0.002639
24907	24842	2	0.005277
24907	24663	1	0.002639
24907	25101	3	0.007916
24907	24603	4	0.010554
24907	24573	1	0.002639
24907	24656	2	0.005277
24907	24419	1	0.002639
24907	25076	2	0.005277
24907	24150	1	0.002639
24907	23959	3	0.007916
24907	24378	4	0.010554
24907	24091	1	0.002639
24907	25053	1	0.002639
24908	24112	3	0.015957
24908	24326	6	0.031915
24908	24493	4	0.021277
24908	24656	1	0.005319
24908	24467	2	0.010638
24908	24408	1	0.005319
24908	24570	2	0.010638
24908	24090	1	0.005319
24910	24800	1	0.008475
24910	24815	1	0.008475
24912	24097	13	0.520000
24912	25154	1	0.040000
24912	24660	1	0.040000
24912	24326	1	0.040000
24913	24514	145	0.674419
24913	23959	2	0.009302
24913	24342	143	0.665116
24913	24810	143	0.665116
24913	25099	143	0.665116
24913	23842	423	1.967442
24913	24526	143	0.665116
24913	24529	288	1.339535
24913	24196	1	0.004651
24913	24174	143	0.665116
24913	25014	143	0.665116
24913	24343	143	0.665116
24913	25048	1	0.004651
24913	23961	143	0.665116
24913	24954	143	0.665116
24913	23813	145	0.674419
24914	24112	3	0.011719
24914	24002	1	0.003906
24914	24983	1	0.003906
24914	24842	1	0.003906
24914	25000	1	0.003906
24914	24105	257	1.003906
24914	24970	1	0.003906
24914	24139	11	0.042969
24914	24493	86	0.335938
24914	25107	1	0.003906
24914	24143	2	0.007812
24914	24733	1	0.003906
24914	24232	1	0.003906
24914	23890	1	0.003906
24914	24211	256	1.000000
24914	24628	1	0.003906
24914	23959	6	0.023438
24914	24090	22	0.085938
24914	24335	1	0.003906
24914	24218	1	0.003906
24916	24656	431	0.993088
24916	24203	1	0.002304
24916	25076	3	0.006912
24917	24845	24	0.960000
24917	24493	2	0.080000
24918	23846	3	0.026549
24919	24216	489	1.811111
24919	25005	481	1.781481
24919	24183	489	1.811111
24920	24493	32	1.230769
24920	23959	2	0.076923
24921	24484	1	0.004425
24921	25124	1	0.004425
24925	23978	1	0.000366
24926	24032	2	0.000103
24926	24097	1	0.000052
24926	24603	3	0.000155
24926	24475	5	0.000259
24926	24038	1	0.000052
24926	24745	5	0.000259
24926	23978	2	0.000103
24926	23959	3	0.000155
24926	25068	2	0.000103
24926	25101	33	0.001708
24926	25038	1	0.000052
24926	24688	948387	49.073114
24926	24628	6	0.000310
24926	25134	3	0.000155
24926	24809	1	0.000052
24926	24792	1	0.000052
24926	24090	2	0.000103
24926	24091	1	0.000052
24926	25084	20003	1.035031
24926	24842	2	0.000103
24927	24032	2	0.000110
24927	24097	1	0.000055
24927	24603	3	0.000165
24927	24038	1	0.000055
24927	24745	5	0.000276
24927	23978	2	0.000110
24927	23959	3	0.000165
24927	24475	5	0.000276
24927	25101	33	0.001820
24927	25038	1	0.000055
24927	24688	893785	49.298676
24927	25068	2	0.000110
24927	24628	6	0.000331
24927	25134	3	0.000165
24927	24809	1	0.000055
24927	24792	1	0.000055
24927	24090	2	0.000110
24927	24091	1	0.000055
24927	25084	18811	1.037562
24927	24842	2	0.000110
24928	24535	1	0.015152
24929	24112	3	0.093750
24929	24493	1	0.031250
24931	24032	2	0.000107
24931	24097	1	0.000054
24931	24091	1	0.000054
24931	24038	1	0.000054
24931	24603	3	0.000161
24931	24745	5	0.000268
24931	23978	2	0.000107
24931	23959	3	0.000161
24931	25068	2	0.000107
24931	25101	33	0.001772
24931	25038	1	0.000054
24931	24688	916834	49.233917
24931	24628	6	0.000322
24931	25134	3	0.000161
24931	24809	1	0.000054
24931	24792	1	0.000054
24931	24090	2	0.000107
24931	24475	5	0.000268
24931	25084	19304	1.036623
24931	24842	2	0.000107
24932	24326	2	0.001075
24932	24072	1	0.000538
24932	24842	1	0.000538
24932	25101	15	0.008065
24932	23959	3	0.001613
24932	24090	3	0.001613
24932	24603	1	0.000538
24932	24475	2	0.001075
24932	24101	165	0.088710
24932	24358	1005	0.540323
24932	24493	7	0.003763
24932	25134	1	0.000538
24932	24112	1	0.000538
24932	23862	2	0.001075
24932	24639	1	0.000538
24932	24389	1	0.000538
24932	24527	1	0.000538
24932	24656	3	0.001613
24932	24401	1	0.000538
24932	24146	3	0.001613
24932	24408	3	0.001613
24932	24409	2	0.001075
24932	23903	1	0.000538
24932	24032	3	0.001613
24932	24419	2	0.001075
24933	24842	6	1.200000
24933	24747	2	0.400000
24933	25101	2	0.400000
24933	24401	2	0.400000
24933	24569	7	1.400000
24933	24090	8	1.600000
24934	24097	4	0.004065
24934	24326	1	0.001016
24934	25068	1	0.001016
24934	24842	2	0.002033
24934	24428	6	0.006098
24934	24493	1	0.001016
24934	25134	2	0.002033
24934	25101	10	0.010163
24934	24656	1	0.001016
24934	24148	1	0.001016
24934	24021	1	0.001016
24934	24090	2	0.002033
24934	24091	1	0.001016
24936	24656	1	0.025641
24936	24097	4	0.102564
24936	24603	4	0.102564
24936	24207	4	0.102564
24936	24639	7	0.179487
24937	24232	9	1.000000
24937	23914	18	2.000000
24937	24493	1	0.111111
24937	24751	10	1.111111
24938	24112	3	0.750000
24938	24859	4	1.000000
24943	24522	185	1.947368
24943	24388	3	0.031579
24944	24032	1	0.000808
24944	24097	1	0.000808
24944	24419	1	0.000808
24944	24656	1	0.000808
24944	24493	2	0.001617
24944	24720	1506	1.217462
24944	25146	1	0.000808
24944	24603	7	0.005659
24946	24850	17	0.045213
24946	24603	29	0.077128
24946	24573	2	0.005319
24948	24160	1	0.002033
24949	24097	7	0.015873
24949	24475	1	0.002268
24949	24740	1	0.002268
24949	23978	1	0.002268
24949	23917	1	0.002268
24949	24493	1	0.002268
24949	25134	1	0.002268
24949	25101	1	0.002268
24949	24656	7	0.015873
24949	24976	1	0.002268
24949	24916	1	0.002268
24949	24112	1	0.002268
24949	24441	1	0.002268
24949	24090	3	0.006803
24949	24603	11	0.024943
24949	24842	1	0.002268
24950	24386	2	0.133333
24950	24197	2	0.133333
24950	24007	105	7.000000
24950	24732	2	0.133333
24950	24999	1	0.066667
24950	24653	2	0.133333
24950	24366	2	0.133333
24950	25109	2	0.133333
24950	23945	2	0.133333
24950	24857	2	0.133333
24950	24508	2	0.133333
24950	24254	2	0.133333
24951	24842	1	0.047619
24951	24540	8	0.380952
24952	24845	11	0.916667
24954	24514	166	0.638462
24954	24342	165	0.634615
24954	24913	166	0.638462
24954	24810	165	0.634615
24954	25099	165	0.634615
24954	23842	167	0.642308
24954	24526	165	0.634615
24954	24529	167	0.642308
24954	24174	165	0.634615
24954	25014	165	0.634615
24954	24343	165	0.634615
24954	23961	165	0.634615
24954	23813	166	0.638462
24959	24122	1	0.038462
24959	23914	1	0.038462
24959	25087	1	0.038462
24963	24656	2	0.000801
24963	24091	5	0.002003
24963	24196	1	0.000401
24963	24839	2	0.000801
24963	24842	1	0.000401
24963	23978	1	0.000401
24963	24428	10	0.004006
24963	25101	18	0.007212
24963	25038	1	0.000401
24963	24112	2	0.000801
24963	23886	1	0.000401
24963	24437	1	0.000401
24963	23959	7	0.002804
24963	24345	9142	3.662660
24963	24762	2	0.000801
24963	24603	15	0.006010
24963	24573	2	0.000801
24965	24419	3	0.069767
24965	24196	1	0.023256
24965	24335	1	0.023256
24965	24146	3	0.069767
24965	25076	6	0.139535
24965	24570	726	16.883721
24966	25063	1	0.045455
24966	23881	1	0.045455
24966	25101	1	0.045455
24966	23886	1	0.045455
24966	24527	1	0.045455
24966	24521	1	0.045455
24966	23959	1	0.045455
24966	24062	1	0.045455
24968	24656	1	0.000901
24968	24097	61	0.054955
24968	24090	1	0.000901
24968	24419	1	0.000901
24968	25101	1	0.000901
24969	24656	3	0.046875
24969	24747	3	0.046875
24969	24979	11	0.171875
24969	24493	1	0.015625
24970	23845	1	0.007463
24970	24038	2	0.014925
24970	25134	1	0.007463
24970	24112	1	0.007463
24970	24326	2	0.014925
24970	24467	1	0.007463
24970	24541	1	0.007463
24970	24742	2	0.014925
24971	24656	2	0.000775
24971	24091	5	0.001938
24971	24196	1	0.000388
24971	24839	2	0.000775
24971	23978	1	0.000388
24971	24428	10	0.003876
24971	25101	18	0.006977
24971	25038	1	0.000388
24971	24573	2	0.000775
24971	24112	2	0.000775
24971	23886	1	0.000388
24971	24437	1	0.000388
24971	23959	7	0.002713
24971	24345	9945	3.854651
24971	24762	2	0.000775
24971	24603	15	0.005814
24971	24842	1	0.000388
24973	24603	97	0.489899
24973	23962	97	0.489899
24973	24037	97	0.489899
24973	23826	97	0.489899
24973	23994	97	0.489899
24974	24493	2	0.025000
24974	24038	1	0.012500
24974	23942	6	0.075000
24976	24418	1	1.000000
24977	24097	6	0.006818
24977	25154	6	0.006818
24977	24656	6	0.006818
24977	24499	1	0.001136
24977	24409	5	0.005682
24977	24573	6	0.006818
24978	25137	1	0.031250
24979	24656	4	0.062500
24979	24747	4	0.062500
24979	24493	1	0.015625
24983	24160	1	0.006173
24983	23968	1	0.006173
24983	23971	1	0.006173
24983	24484	1	0.006173
24983	24326	1	0.006173
24983	24122	1	0.006173
24983	24105	1	0.006173
24983	24139	1	0.006173
24983	24493	17	0.104938
24983	24910	1	0.006173
24983	24591	1	0.006173
24983	24112	1	0.006173
24983	24467	1	0.006173
24983	24919	1	0.006173
24983	23896	2	0.012346
24983	24090	1	0.006173
24983	24218	1	0.006173
24984	24032	2	0.007692
24984	24656	1	0.003846
24984	24196	2	0.007692
24984	24038	1	0.003846
24984	24326	2	0.007692
24984	24232	267	1.026923
24984	24425	34	0.130769
24984	23914	567	2.180769
24984	24747	1	0.003846
24984	25028	1	0.003846
24984	24493	96	0.369231
24984	25134	1	0.003846
24984	24751	268	1.030769
24984	24112	5	0.019231
24984	24424	1	0.003846
24984	24146	1	0.003846
24984	24051	1	0.003846
24984	25076	1	0.003846
24984	24409	1	0.003846
24984	24570	4	0.015385
24985	24097	63	0.075089
24985	24419	1	0.001192
24985	24968	1753	2.089392
24985	25101	1	0.001192
24985	24656	1	0.001192
24985	24090	1	0.001192
24989	24384	1	0.000635
24989	24097	2	0.001271
24989	24379	5	0.003177
24989	24475	1	0.000635
24989	24614	1	0.000635
24989	24583	1	0.000635
24989	24603	2	0.001271
24989	24631	1	0.000635
24989	24012	1	0.000635
24989	25101	1	0.000635
24989	24400	6	0.003812
24989	24724	1	0.000635
24989	24341	327	0.207751
24989	23959	1	0.000635
24989	24058	1	0.000635
24989	24859	1	0.000635
24989	24540	1	0.000635
24989	24573	1	0.000635
24990	23937	2	0.002801
24990	25090	2	0.002801
24990	24326	2	0.002801
24990	23917	4	0.005602
24990	24686	2	0.002801
24990	23959	3	0.004202
24990	24090	4	0.005602
24990	24570	2	0.002801
24990	24062	1	0.001401
24991	24032	15	0.010007
24991	24097	342	0.228152
24991	24419	21	0.014009
24991	24484	338	0.225484
24991	24656	68	0.045364
24991	23978	130	0.086724
24991	24493	4	0.002668
24991	24272	1508	1.006004
24991	24599	11944	7.967979
24991	25124	437	0.291528
24991	24603	599	0.399600
24991	24573	1	0.000667
24995	24097	2	0.002618
24995	24292	1	0.001309
24995	24904	1	0.001309
24995	24535	2	0.002618
24995	24973	2	0.002618
24995	24656	1	0.001309
24995	23959	2	0.002618
24995	24603	1	0.001309
24995	24573	1	0.001309
24995	24639	2	0.002618
24996	24675	50	0.980392
24996	25147	50	0.980392
24996	24837	50	0.980392
24996	24847	50	0.980392
24997	24540	142	3.641026
24999	24677	1	0.008547
24999	24007	853	7.290598
25000	24091	1	0.002849
25000	24321	3	0.008547
25000	25026	2	0.005698
25000	24603	1	0.002849
25000	25078	2	0.005698
25000	23914	1	0.002849
25000	24842	5	0.014245
25000	24493	214	0.609687
25000	25101	1	0.002849
25000	24112	123	0.350427
25000	23890	1	0.002849
25000	24051	6	0.017094
25000	25005	1	0.002849
25000	23959	39	0.111111
25000	24185	4	0.011396
25000	24090	2	0.005698
25000	25053	1	0.002849
25000	24467	5	0.014245
25000	24477	1	0.002849
25000	24062	5	0.014245
25000	23935	1	0.002849
25001	24032	1	0.000399
25001	24097	8	0.003189
25001	24038	2	0.000797
25001	24326	22	0.008768
25001	23914	2	0.000797
25001	24663	1	0.000399
25001	24493	4	0.001594
25001	25134	2	0.000797
25001	24401	2	0.000797
25001	24146	2	0.000797
25001	24212	1	0.000399
25001	24405	1	0.000399
25001	23959	3	0.001196
25001	24185	1	0.000399
25001	24090	3	0.001196
25001	25051	1	0.000399
25001	24444	2	0.000797
25001	24842	2	0.000797
25003	25008	2	0.004785
25003	24097	1	0.002392
25003	24603	234	0.559809
25003	24852	1	0.002392
25003	24053	1	0.002392
25005	24112	4	0.009569
25005	24656	2	0.004785
25005	24493	10	0.023923
25005	24015	1	0.002392
25008	24097	1	0.002451
25008	24603	234	0.573529
25008	24852	1	0.002451
25008	24053	1	0.002451
25010	24656	1048	0.549843
25010	24097	64	0.033578
25010	25146	1	0.000525
25011	24097	4	0.011662
25011	24326	200	0.583090
25011	25149	89	0.259475
25011	24499	1254	3.655977
25011	24573	2	0.005831
25011	25087	3	0.008746
25012	24112	1	0.125000
25012	24105	8	1.000000
25012	24211	8	1.000000
25012	24326	1	0.125000
25012	24111	1	0.125000
25013	24160	1	0.002004
25013	23971	1	0.002004
25013	24804	4	0.008016
25013	24603	1	0.002004
25013	23914	1131	2.266533
25013	23959	2	0.004008
25013	24493	56	0.112224
25013	24910	2	0.004008
25013	24112	27	0.054108
25013	24217	2	0.004008
25013	23896	1	0.002004
25013	24569	4	0.008016
25013	24570	119	0.238477
25013	24484	1	0.002004
25014	24514	332	0.707889
25014	23813	332	0.707889
25014	24913	332	0.707889
25014	24810	331	0.705757
25014	25099	331	0.705757
25014	24526	331	0.705757
25014	24529	333	0.710021
25014	24174	331	0.705757
25014	24342	331	0.705757
25014	24343	331	0.705757
25014	23961	331	0.705757
25014	24954	331	0.705757
25014	23978	330	0.703625
25015	24185	8	4.000000
25015	24409	2	1.000000
25016	25154	1	0.052632
25019	23914	1	0.014085
25019	24493	1	0.014085
25019	23959	1	0.014085
25020	24097	2	0.025974
25020	24869	2	0.025974
25020	24326	2	0.025974
25020	23914	1	0.012987
25020	24535	10	0.129870
25020	23917	1	0.012987
25020	24493	1	0.012987
25020	24656	1	0.012987
25020	23983	2	0.025974
25020	24374	2	0.025974
25020	23959	3	0.038961
25020	24112	1	0.012987
25020	24090	3	0.038961
25020	24047	3	0.038961
25020	24062	2	0.025974
25021	24600	11	0.366667
25021	24090	1	0.033333
25021	24570	11	0.366667
25022	23846	3	0.026549
25023	24097	2	0.037736
25023	24499	154	2.905660
25023	25101	3	0.056604
25024	24521	1	0.007092
25025	24419	62	0.105983
25025	23881	7	0.011966
25025	24493	55	0.094017
25025	23886	3	0.005128
25025	24656	2	0.003419
25025	24146	1	0.001709
25025	24374	1	0.001709
25025	24728	1	0.001709
25025	24603	1	0.001709
25026	24321	8	0.031008
25026	23914	1	0.003876
25026	24887	42	0.162791
25026	24493	10137	39.290698
25026	24527	2	0.007752
25026	24112	22437	86.965116
25026	25076	2	0.007752
25026	23959	8	0.031008
25026	24346	2	0.007752
25026	24091	10	0.038760
25026	24762	4	0.015504
25027	24097	1	0.000652
25027	24419	104	0.067797
25027	24475	1	0.000652
25027	25101	2	0.001304
25027	25038	1	0.000652
25027	24995	1	0.000652
25027	24603	1	0.000652
25027	24030	1	0.000652
25028	24493	5	0.714286
25031	24960	2	0.001672
25031	24322	1	0.000836
25031	24196	1	0.000836
25031	24968	1	0.000836
25031	24076	77	0.064381
25031	25101	130	0.108696
25031	23959	1	0.000836
25031	24600	1	0.000836
25031	24345	1	0.000836
25031	23965	1	0.000836
25031	24482	1	0.000836
25031	24753	1	0.000836
25031	23978	1	0.000836
25031	24239	1	0.000836
25031	25137	1	0.000836
25031	24639	1	0.000836
25031	24387	1	0.000836
25031	24520	1	0.000836
25031	25034	1	0.000836
25031	23883	1	0.000836
25031	24656	1	0.000836
25031	24277	1	0.000836
25031	24022	1	0.000836
25031	24796	1	0.000836
25031	24934	1	0.000836
25031	23914	1	0.000836
25031	24871	1	0.000836
25031	24688	1	0.000836
25031	24698	1	0.000836
25031	24573	3	0.002508
25032	24032	2	0.000416
25032	24112	15	0.003123
25032	24379	182	0.037893
25032	24740	1	0.000208
25032	24389	42422	8.832396
25032	24097	208	0.043306
25032	24603	282	0.058713
25032	23978	2502	0.520924
25032	24475	1	0.000208
25032	24493	2393	0.498230
25032	25101	2	0.000416
25032	24656	2507	0.521965
25032	23862	1	0.000208
25032	24556	1	0.000208
25032	24090	1	0.000208
25032	24091	4	0.000833
25034	24603	2	0.285714
25035	24740	2	0.002101
25035	24842	1	0.001050
25035	23917	1	0.001050
25035	25038	1	0.001050
25035	24656	473	0.496849
25035	23959	1	0.001050
25036	23978	979	0.985901
25036	24493	5	0.005035
25038	24656	6	0.030151
25038	24326	1	0.005025
25038	24904	2	0.010050
25038	24525	1	0.005025
25038	24267	2	0.010050
25038	24493	13	0.065327
25038	25134	4	0.020101
25038	25039	2	0.010050
25038	24112	6	0.030151
25038	24467	2	0.010050
25038	24090	4	0.020101
25038	24603	2	0.010050
25038	23978	4	0.020101
25041	24522	198	2.675676
25041	24388	2	0.027027
25042	24032	1	0.000480
25042	23978	2	0.000961
25042	24493	1	0.000480
25042	23886	1	0.000480
25042	23983	1	0.000480
25042	25134	1	0.000480
25042	24603	1	0.000480
25043	24097	2	0.002688
25043	25146	1	0.001344
25043	24740	3	0.004032
25043	24326	1	0.001344
25043	24904	1	0.001344
25043	25001	1	0.001344
25043	24842	1	0.001344
25043	25101	1	0.001344
25043	25134	1	0.001344
25043	24434	1	0.001344
25043	25076	1533	2.060484
25043	24292	3	0.004032
25043	24532	1	0.001344
25043	24090	3	0.004032
25043	24146	1	0.001344
25043	24573	1	0.001344
25044	24875	1	0.002717
25044	24196	44	0.119565
25044	23917	368	1.000000
25044	24127	2	0.005435
25045	23937	1164	0.994872
25045	24740	2	0.001709
25045	24097	3	0.002564
25045	24656	1	0.000855
25045	24304	3	0.002564
25045	24828	1	0.000855
25045	23903	1606	1.372650
25046	24112	3	0.272727
25046	24859	11	1.000000
25046	24493	3	0.272727
25047	24091	1	0.003040
25047	24097	12	0.036474
25047	25115	852	2.589666
25047	24677	1	0.003040
25047	25001	1	0.003040
25047	24842	2	0.006079
25047	24663	1	0.003040
25047	25101	3	0.009119
25047	24573	1	0.003040
25047	24656	2	0.006079
25047	24419	1	0.003040
25047	25076	2	0.006079
25047	24150	1	0.003040
25047	23959	3	0.009119
25047	24378	4	0.012158
25047	24603	4	0.012158
25047	25053	1	0.003040
25048	24097	2	0.020202
25050	23937	1234	0.991165
25050	24740	2	0.001606
25050	24097	3	0.002410
25050	24656	1	0.000803
25050	24828	1	0.000803
25050	24304	3	0.002410
25050	23903	1560	1.253012
25051	24112	1	0.005000
25051	24493	12	0.060000
25051	24326	1	0.005000
25051	24773	1	0.005000
25052	24002	1	0.002639
25052	24842	1	0.002639
25052	24203	1	0.002639
25052	24656	376	0.992084
25052	25076	3	0.007916
25052	24916	1321	3.485488
25053	25001	1	0.008850
25053	25101	3	0.026549
25053	25134	1	0.008850
25053	24112	2	0.017699
25053	23890	1	0.008850
25053	24409	111	0.982301
25053	24185	447	3.955752
25053	24090	55	0.486726
25055	24097	1	0.000265
25055	24326	2	0.000531
25055	23959	1	0.000265
25055	25101	1	0.000265
25055	24573	5	0.001327
25055	24656	4	0.001061
25055	25076	1	0.000265
25055	24597	12	0.003184
25055	24183	1	0.000265
25055	24090	3	0.000796
25055	25053	1	0.000265
25056	24002	1	0.000418
25056	24842	1	0.000418
25056	24203	1	0.000418
25056	24656	2387	0.998745
25056	25076	3	0.001255
25056	24916	7468	3.124686
25057	24097	3	0.002745
25057	24842	1	0.000915
25057	25001	1	0.000915
25058	24091	4	0.000815
25058	24112	15	0.003055
25058	24603	309	0.062933
25058	24740	1	0.000204
25058	24389	43214	8.801222
25058	24097	208	0.042363
25058	24556	1	0.000204
25058	23978	2565	0.522403
25058	24475	1	0.000204
25058	24493	2456	0.500204
25058	25101	2	0.000407
25058	24656	2570	0.523422
25058	24032	2	0.000407
25058	23862	1	0.000204
25058	24090	1	0.000204
25058	24379	182	0.037067
25059	24032	2	0.000410
25059	24112	15	0.003076
25059	24379	182	0.037326
25059	24740	1	0.000205
25059	24389	42939	8.806194
25059	24097	206	0.042248
25059	24603	282	0.057834
25059	23978	2529	0.518663
25059	24475	1	0.000205
25059	24493	2421	0.496514
25059	25101	2	0.000410
25059	24656	2534	0.519688
25059	23862	1	0.000205
25059	24556	1	0.000205
25059	24090	1	0.000205
25059	24091	4	0.000820
25060	24032	2	0.000415
25060	24112	15	0.003114
25060	24379	181	0.037575
25060	24740	1	0.000208
25060	24389	42573	8.838073
25060	24097	206	0.042765
25060	24603	276	0.057297
25060	23978	2499	0.518788
25060	24475	1	0.000208
25060	24493	2391	0.496367
25060	25101	2	0.000415
25060	24656	2504	0.519826
25060	23862	1	0.000208
25060	24556	1	0.000208
25060	24090	1	0.000208
25060	24091	4	0.000830
25061	24032	2	0.000405
25061	24112	15	0.003036
25061	24603	276	0.055870
25061	24740	1	0.000202
25061	24389	43341	8.773482
25061	24097	206	0.041700
25061	24379	181	0.036640
25061	23978	2524	0.510931
25061	24475	1	0.000202
25061	24493	2416	0.489069
25061	25101	2	0.000405
25061	24656	2529	0.511943
25061	23862	1	0.000202
25061	24556	1	0.000202
25061	24090	1	0.000202
25061	24091	4	0.000810
25062	24032	2	0.000408
25062	24112	15	0.003060
25062	24603	276	0.056304
25062	24740	1	0.000204
25062	24389	43147	8.801918
25062	24097	206	0.042024
25062	24379	181	0.036924
25062	23978	2594	0.529172
25062	24475	1	0.000204
25062	24493	2486	0.507140
25062	25101	2	0.000408
25062	24656	2599	0.530192
25062	23862	1	0.000204
25062	24556	1	0.000204
25062	24090	1	0.000204
25062	24091	4	0.000816
25063	24400	1	0.022727
25063	24740	1	0.022727
25063	24358	1	0.022727
25063	24494	1	0.022727
25063	25001	1	0.022727
25063	24842	3	0.068182
25063	25101	3	0.068182
25063	25134	3	0.068182
25063	23983	1	0.022727
25063	24112	3	0.068182
25063	24401	3	0.068182
25063	23923	1	0.022727
25063	25076	2	0.045455
25063	24292	1	0.022727
25063	24150	1	0.022727
25063	23959	3	0.068182
25063	24852	1	0.022727
25063	24090	8	0.181818
25063	25149	1	0.022727
25063	24382	1	0.022727
25064	24112	1	0.002653
25064	24419	2	0.005305
25064	24740	3	0.007958
25064	25101	4	0.010610
25064	24656	117	0.310345
25064	23959	1	0.002653
25064	24603	3	0.007958
25065	24091	4	0.000806
25065	24097	206	0.041499
25065	24379	181	0.036463
25065	24740	1	0.000201
25065	24389	43479	8.758864
25065	24556	1	0.000201
25065	23978	2628	0.529412
25065	24475	1	0.000201
25065	24493	2520	0.507655
25065	25101	2	0.000403
25065	24656	2633	0.530419
25065	24032	2	0.000403
25065	23862	1	0.000201
25065	24112	15	0.003022
25065	24090	1	0.000201
25065	24603	276	0.055600
25068	24842	6	0.016620
25068	25101	10	0.027701
25068	24339	1	0.002770
25068	24852	1	0.002770
25068	25134	3	0.008310
25068	23959	1	0.002770
25068	24090	3	0.008310
25068	24097	1	0.002770
25068	24740	3	0.008310
25068	24358	1	0.002770
25068	25001	4	0.011080
25068	24494	1	0.002770
25068	23983	1	0.002770
25068	25146	3	0.008310
25068	25149	1	0.002770
25068	24382	1	0.002770
25068	24400	1	0.002770
25068	24146	5	0.013850
25068	25043	1	0.002770
25068	24150	4	0.011080
25068	24418	1	0.002770
25068	24163	14	0.038781
25068	24292	1	0.002770
25068	24304	1	0.002770
25068	23923	1	0.002770
25068	25076	954	2.642659
25068	24745	2	0.005540
25074	24032	1	0.018182
25074	25051	2	0.036364
25074	23978	1	0.018182
25074	24603	2	0.036364
25074	24092	1	0.018182
25074	24573	2	0.036364
25074	24638	25	0.454545
25075	24540	4	0.266667
25076	24326	2	0.004301
25076	24839	2	0.004301
25076	24842	1	0.002151
25076	25101	1	0.002151
25076	24339	19	0.040860
25076	24852	23	0.049462
25076	25134	1	0.002151
25076	23959	2	0.004301
25076	24090	5	0.010753
25076	24419	2	0.004301
25076	24097	1	0.002151
25076	24740	1	0.002151
25076	24358	22	0.047312
25076	25001	1	0.002151
25076	24493	3	0.006452
25076	24494	25	0.053763
25076	23983	21	0.045161
25076	25146	3	0.006452
25076	24467	2	0.004301
25076	25149	23	0.049462
25076	24382	22	0.047312
25076	24400	20	0.043011
25076	24401	1	0.002151
25076	24146	4	0.008602
25076	25043	22	0.047312
25076	24150	26	0.055914
25076	24418	19	0.040860
25076	24163	19	0.040860
25076	24292	23	0.049462
25076	25068	15	0.032258
25076	24304	19	0.040860
25076	23923	23	0.049462
25076	24185	2	0.004301
25076	24570	4	0.008602
25078	24196	1	0.004016
25078	24326	1	0.004016
25078	24839	1	0.004016
25078	24842	1	0.004016
25078	24467	1	0.004016
25078	23959	3	0.012048
25078	24090	1	0.004016
25078	24218	3	0.012048
25078	23971	3	0.012048
25078	24484	3	0.012048
25078	24493	29	0.116466
25078	24112	1	0.004016
25078	24122	3	0.012048
25078	24586	1	0.004016
25078	23881	1	0.004016
25078	24525	4	0.016064
25078	24656	1	0.004016
25078	24914	1	0.004016
25078	24160	3	0.012048
25078	23914	2	0.008032
25078	24043	1	0.004016
25078	24556	5	0.020080
25078	23917	2	0.008032
25078	24051	1	0.004016
25079	24062	1	0.005618
25079	24815	2	0.011236
25080	25051	1	0.000949
25080	23837	1	0.000949
25081	24656	2	0.074074
25081	24097	1	0.037037
25081	24603	2	0.074074
25081	24228	1	0.037037
25081	23959	1	0.037037
25082	25089	1	0.027027
25082	24518	2	0.054054
25082	24007	320	8.648649
25082	24252	1	0.027027
25082	23969	1	0.027027
25082	24113	1	0.027027
25082	24115	2	0.054054
25082	24209	1	0.027027
25082	24732	1	0.027027
25082	24893	1	0.027027
25083	24160	1	0.008850
25083	25062	7	0.061947
25084	24032	2	0.000102
25084	24809	1	0.000051
25084	24603	3	0.000153
25084	24038	1	0.000051
25084	24097	1	0.000051
25084	24745	5	0.000256
25084	23978	2	0.000102
25084	24475	5	0.000256
25084	25101	33	0.001687
25084	25038	1	0.000051
25084	24688	956854	48.906415
25084	25068	2	0.000102
25084	24628	6	0.000307
25084	25134	3	0.000153
25084	23959	3	0.000153
25084	24792	1	0.000051
25084	24090	2	0.000102
25084	24091	1	0.000051
25084	24842	2	0.000102
25085	24073	4	2.000000
25085	25101	6	3.000000
25086	24097	13	0.030162
25086	24090	1	0.002320
25086	25115	936	2.171694
25086	24677	1	0.002320
25086	24603	4	0.009281
25086	24842	2	0.004640
25086	23959	3	0.006961
25086	25101	3	0.006961
25086	24573	1	0.002320
25086	24656	2	0.004640
25086	24419	1	0.002320
25086	25076	2	0.004640
25086	24150	1	0.002320
25086	24663	1	0.002320
25086	24378	4	0.009281
25086	24091	1	0.002320
25086	25053	1	0.002320
25086	25001	1	0.002320
25087	24097	3	0.103448
25087	25053	1	0.034483
25088	24401	2	0.001704
25088	24058	20	0.017036
25088	24603	1	0.000852
25088	24573	1	0.000852
25089	24677	110	1.000000
25089	24007	662	6.018182
25089	23917	1	0.009091
25089	24656	3	0.027273
25089	24090	2	0.018182
25089	24639	1	0.009091
25090	23937	2	0.002821
25090	24326	2	0.002821
25090	23917	4	0.005642
25090	24686	2	0.002821
25090	23959	3	0.004231
25090	24090	4	0.005642
25090	24570	2	0.002821
25090	24062	1	0.001410
25091	24032	2	0.000648
25091	24097	220	0.071267
25091	24475	2	0.000648
25091	24041	1	0.000324
25091	24842	1	0.000324
25091	25101	4	0.001296
25091	25134	3	0.000972
25091	24146	1	0.000324
25091	24150	1	0.000324
25091	25079	6	0.001944
25091	24090	1	0.000324
25091	24603	4	0.001296
25091	24573	659	0.213476
25091	24734	13	0.004211
25094	24112	1	0.066667
25094	24090	2	0.133333
25094	24493	1	0.066667
25096	24097	18	1.200000
25097	25078	1	0.032258
25097	23917	1	0.032258
25097	24038	18	0.580645
25098	24809	1	0.000055
25098	24656	1	0.000055
25098	24475	5	0.000277
25098	24038	1	0.000055
25098	24032	2	0.000111
25098	24603	4	0.000222
25098	24745	5	0.000277
25098	24842	2	0.000111
25098	25068	2	0.000111
25098	25101	33	0.001831
25098	25134	3	0.000166
25098	24688	889522	49.354824
25098	24628	6	0.000333
25098	25038	1	0.000055
25098	23959	3	0.000166
25098	24792	1	0.000055
25098	24090	2	0.000111
25098	24091	1	0.000055
25098	25084	18702	1.037674
25098	23978	2	0.000111
25098	24097	1	0.000055
25099	24514	291	0.673611
25099	24342	290	0.671296
25099	24913	291	0.673611
25099	24810	290	0.671296
25099	24526	290	0.671296
25099	24529	292	0.675926
25099	24174	290	0.671296
25099	25014	290	0.671296
25099	24343	290	0.671296
25099	23961	290	0.671296
25099	24954	290	0.671296
25099	24603	578	1.337963
25099	23813	291	0.673611
25101	24196	2	0.000367
25101	24326	2	0.000367
25101	24712	20	0.003666
25101	24073	10897	1.997617
25101	24842	52	0.009533
25101	25111	1	0.000183
25101	24076	1	0.000183
25101	24205	1	0.000183
25101	24339	7	0.001283
25101	24084	20	0.003666
25101	25134	24	0.004400
25101	23959	7	0.001283
25101	23960	1	0.000183
25101	24345	1	0.000183
25101	24090	7	0.001283
25101	24603	1	0.000183
25101	24304	1	0.000183
25101	25051	3	0.000550
25101	24740	7	0.001283
25101	24358	7	0.001283
25101	24232	12	0.002200
25101	25001	5	0.000917
25101	23978	29	0.005316
25101	24493	167	0.030614
25101	24494	7	0.001283
25101	24239	20	0.003666
25101	24112	4	0.000733
25101	24625	20	0.003666
25101	24371	20	0.003666
25101	24628	45	0.008249
25101	23862	1	0.000183
25101	24400	1	0.000183
25101	24859	2	0.000367
25101	24244	1	0.000183
25101	25149	1	0.000183
25101	24382	7	0.001283
25101	24639	40	0.007333
25101	24032	2	0.000367
25101	23874	1	0.000183
25101	24852	1	0.000183
25101	24904	3	0.000550
25101	24111	1	0.000183
25101	23886	2	0.000367
25101	25039	2	0.000367
25101	24656	2	0.000367
25101	24401	3	0.000550
25101	24146	59	0.010816
25101	25043	1	0.000183
25101	24910	2	0.000367
25101	24150	2	0.000367
25101	24569	1	0.000183
25101	24792	2	0.000367
25101	24745	3	0.000550
25101	24027	20	0.003666
25101	24540	20	0.003666
25101	24800	9	0.001650
25101	23905	20	0.003666
25101	24418	1	0.000183
25101	24163	27	0.004950
25101	24292	1	0.000183
25101	24934	1	0.000183
25101	25063	1	0.000183
25101	23914	2	0.000367
25101	25068	7	0.001283
25101	23917	2	0.000367
25101	24815	1	0.000183
25101	24688	47	0.008616
25101	23923	9	0.001650
25101	25076	6	0.001100
25101	23983	1	0.000183
25101	25078	1	0.000183
25101	25079	1	0.000183
25101	23880	1	0.000183
25101	24556	2	0.000367
25101	24570	3	0.000550
25101	25084	6	0.001100
25101	24573	4	0.000733
25101	23934	20	0.003666
25103	24097	3	0.001427
25103	24674	66959	31.854900
25103	24493	1	0.000476
25103	24371	138	0.065652
25103	24628	1	0.000476
25103	24603	1	0.000476
25104	24097	3	0.000785
25104	24674	148620	38.905759
25104	24493	1	0.000262
25104	25101	3	0.000785
25104	24371	95	0.024869
25104	24628	1	0.000262
25104	24603	1	0.000262
25105	24097	3	0.001338
25105	24674	70909	31.627565
25105	24493	1	0.000446
25105	25101	3	0.001338
25105	24371	95	0.042373
25105	24628	1	0.000446
25105	24603	1	0.000446
25106	24097	3	0.001335
25106	24674	73114	32.524021
25106	24493	1	0.000445
25106	25101	3	0.001335
25106	24371	95	0.042260
25106	24628	1	0.000445
25106	24603	1	0.000445
25107	24656	1	0.012500
25107	24196	13	0.162500
25107	24105	80	1.000000
25107	24493	4	0.050000
25107	24399	1	0.012500
25107	24112	6	0.075000
25107	24211	80	1.000000
25107	24090	10	0.125000
25107	24143	5	0.062500
25107	23866	1	0.012500
25109	24386	2	0.142857
25109	24197	2	0.142857
25109	24007	100	7.142857
25109	24732	2	0.142857
25109	24999	1	0.071429
25109	24653	2	0.142857
25109	24366	2	0.142857
25109	23945	2	0.142857
25109	24857	2	0.142857
25109	24508	2	0.142857
25109	24254	2	0.142857
25110	24656	3	0.003788
25110	24090	2	0.002525
25110	24603	1	0.001263
25110	24573	1	0.001263
25110	23959	2	0.002525
25113	24540	2	0.200000
25115	24097	11	0.034161
25115	24419	1	0.003106
25115	24677	1	0.003106
25115	25001	1	0.003106
25115	24842	2	0.006211
25115	24663	1	0.003106
25115	25101	3	0.009317
25115	24603	4	0.012422
25115	25053	1	0.003106
25115	24656	2	0.006211
25115	25076	2	0.006211
25115	24150	1	0.003106
25115	23959	3	0.009317
25115	24378	4	0.012422
25115	24091	1	0.003106
25115	24573	1	0.003106
25116	24090	79	3.950000
25117	24326	1	0.020833
25118	24098	1	0.016129
25118	23971	66	1.064516
25118	24228	69	1.112903
25118	24038	2	0.032258
25118	24326	4	0.064516
25118	24839	2	0.032258
25118	23977	1	0.016129
25118	23917	1	0.016129
25118	25101	1	0.016129
25118	24400	2	0.032258
25118	24401	2	0.032258
25118	24467	1	0.016129
25118	24246	1	0.016129
25118	23959	65	1.048387
25118	24569	3	0.048387
25118	24058	5	0.080645
25118	24090	1	0.016129
25118	24351	1	0.016129
25121	24032	15	0.011858
25121	24097	321	0.253755
25121	24419	21	0.016601
25121	25124	437	0.345455
25121	24656	68	0.053755
25121	23978	130	0.102767
25121	24493	4	0.003162
25121	24272	1507	1.191304
25121	24599	9848	7.784980
25121	24484	72	0.056917
25121	24603	557	0.440316
25121	24573	1	0.000791
25123	24032	1	0.000781
25123	24321	1	0.000781
25123	24583	1	0.000781
25123	24842	1	0.000781
25123	25101	1	0.000781
25123	24493	1	0.000781
25123	24112	1	0.000781
25123	24603	2	0.001563
25124	24321	1	0.005128
25124	24196	2	0.010256
25124	24326	3	0.015385
25124	24599	2	0.010256
25124	24205	1	0.005128
25124	24976	1	0.005128
25124	24979	2	0.010256
25124	23959	5	0.025641
25124	24090	1	0.005128
25124	24091	1	0.005128
25124	24479	1	0.005128
25124	24097	3	0.015385
25124	24484	12	0.061538
25124	24104	1	0.005128
25124	24107	2	0.010256
25124	24493	4	0.020513
25124	25142	4	0.020513
25124	25146	1	0.005128
25124	24379	2	0.010256
25124	24640	1	0.005128
25124	24737	3	0.015385
25124	24656	2	0.010256
25124	24228	1	0.005128
25124	24294	1	0.005128
25124	24038	1	0.005128
25124	24041	1	0.005128
25124	23914	4	0.020513
25124	23917	1	0.005128
25124	24062	1	0.005128
25125	24656	1	0.050000
25125	24097	4	0.200000
25125	24374	1	0.050000
25125	23959	6	0.300000
25131	24677	1	0.014493
25132	24419	1	0.014085
25132	25001	1	0.014085
25132	25134	1	0.014085
25132	24656	3	0.042254
25132	24150	1	0.014085
25132	23959	1	0.014085
25132	24090	1	0.014085
25132	24091	1	0.014085
25132	25146	1	0.014085
25133	24376	39	1.857143
25134	24928	1	0.000488
25134	24112	2	0.000976
25134	24740	1	0.000488
25134	23845	1	0.000488
25134	24041	1	0.000488
25134	23914	2	0.000976
25134	24747	3	0.001463
25134	25101	1	0.000488
25134	23886	1	0.000488
25134	24541	1	0.000488
25134	24624	1	0.000488
25134	24146	17	0.008293
25134	24196	2	0.000976
25134	24090	4	0.001951
25134	24842	4	0.001951
25134	24970	6	0.002927
25136	24032	15	0.010661
25136	24097	365	0.259417
25136	24419	21	0.014925
25136	25124	437	0.310590
25136	24656	68	0.048330
25136	23978	130	0.092395
25136	24493	4	0.002843
25136	24272	1507	1.071073
25136	24599	10686	7.594883
25136	24484	72	0.051173
25136	24603	643	0.457001
25136	24573	1	0.000711
25138	24097	1	0.000886
25138	23971	1	0.000886
25138	24781	1	0.000886
25138	25101	2	0.001771
25138	24112	1	0.000886
25138	24690	16	0.014172
25141	25089	1	0.027027
25141	24518	2	0.054054
25141	24007	321	8.675676
25141	24252	1	0.027027
25141	23969	1	0.027027
25141	24113	1	0.027027
25141	24115	2	0.054054
25141	24209	1	0.027027
25141	25082	2	0.054054
25141	24732	1	0.027027
25141	24893	1	0.027027
25142	25124	1	0.004367
25142	24484	2	0.008734
25144	24656	2	0.181818
25144	24603	2	0.181818
25149	24097	1	0.001859
25149	25154	2	0.003717
25149	24326	1	0.001859
25149	23881	1	0.001859
25149	25076	1141	2.120818
25149	24150	1	0.001859
25149	24090	2	0.003717
25149	24573	3	0.005576
25151	25001	1	0.002193
25151	24652	456	1.000000
25151	25101	1	0.002193
25151	25134	1	0.002193
25151	24401	1	0.002193
25151	24090	2838	6.223684
25152	24520	1	0.111111
25152	24097	1	0.111111
25152	24196	1	0.111111
25152	24062	1	0.111111
25153	24603	29	0.308511
25153	24573	6	0.063830
25154	25024	1	0.000174
25154	24656	1	0.000174
25154	24090	2	0.000348
25154	23914	2	0.000348
25154	23959	2	0.000348
25154	24493	1	0.000174
25154	23886	1	0.000174
25154	24112	5	0.000869
25154	24114	4	0.000695
25154	24467	2	0.000348
25154	25111	1	0.000174
25154	24842	4	0.000695
25154	24540	8	0.001390
25154	25149	1	0.000174
25154	24062	1	0.000174
25155	24112	3	0.111111
25155	23914	3	0.111111
25155	24493	19	0.703704
25156	24032	15	0.009375
25156	24097	661	0.413125
25156	24419	21	0.013125
25156	25124	810	0.506250
25156	24656	68	0.042500
25156	23978	130	0.081250
25156	24493	4	0.002500
25156	24272	1507	0.941875
25156	25024	1	0.000625
25156	24599	11187	6.991875
25156	24484	72	0.045000
25156	24603	611	0.381875
25156	24573	1	0.000625
23812	24112	6	0.428571
23812	24105	14	1.000000
23812	24090	2	0.142857
23812	24211	14	1.000000
23812	24493	1	0.071429
23813	24097	5	0.008576
23813	24514	441	0.756432
23813	24196	1	0.001715
23813	24342	440	0.754717
23813	24326	5	0.008576
23813	24913	441	0.756432
23813	24810	440	0.754717
23813	25099	440	0.754717
23813	25101	1	0.001715
23813	24526	440	0.754717
23813	24529	442	0.758148
23813	24852	439	0.753002
23813	24174	440	0.754717
23813	25014	440	0.754717
23813	24343	440	0.754717
23813	25048	1	0.001715
23813	23961	440	0.754717
23813	24954	440	0.754717
23813	23978	439	0.753002
23815	25132	27	6.750000
23816	24097	4	0.008065
23816	24475	1	0.002016
23816	24740	1	0.002016
23816	23942	2299	4.635081
23816	24904	1	0.002016
23816	25101	2	0.004032
23816	24656	3	0.006048
23816	23959	1	0.002016
23816	24409	1	0.002016
23816	24603	2	0.004032
23816	24573	1	0.002016
23817	24097	1	0.001645
23817	23937	1	0.001645
23817	24656	1	0.001645
23817	23914	1	0.001645
23817	25101	1	0.001645
23817	24493	1	0.001645
23817	24304	1	0.001645
23817	23929	242	0.398026
23817	24090	1	0.001645
23817	24603	2	0.003289
23820	24232	8	1.000000
23820	24425	5	0.625000
23820	23914	16	2.000000
23820	24493	5	0.625000
23820	24751	8	1.000000
23820	24112	5	0.625000
23822	23937	4	0.002389
23822	24097	2	0.001195
23822	24656	1	0.000597
23822	24688	1	0.000597
23822	23914	1	0.000597
23822	25101	3	0.001792
23822	24493	1	0.000597
23822	24304	1	0.000597
23822	23929	1260	0.752688
23822	24573	1	0.000597
23826	24603	513	0.605667
23826	24037	401	0.473436
23826	24475	1	0.001181
23826	23959	4	0.004723
23826	23962	401	0.473436
23826	24091	4	0.004723
23826	23994	401	0.473436
23829	24032	1	0.003096
23829	24097	1	0.003096
23829	24546	17	0.052632
23829	25051	1	0.003096
23829	24521	62	0.191950
23829	24603	2	0.006192
23830	24603	60	0.983607
23832	23978	1567	0.998725
23832	25101	5	0.003187
23832	24656	2494	1.589547
23832	24753	9266	5.905672
23832	23959	2	0.001275
23832	24282	554	0.353091
23832	24603	556	0.354366
23832	24892	1	0.000637
23832	24639	1	0.000637
23835	24105	54	1.000000
23835	24779	2	0.037037
23835	24493	3	0.055556
23835	24112	108	2.000000
23835	23889	2	0.037037
23835	24211	54	1.000000
23835	24632	2	0.037037
23836	24688	1	0.000564
23836	24740	1	0.000564
23836	23937	4	0.002257
23836	24493	1	0.000564
23836	23914	1	0.000564
23836	25101	3	0.001693
23836	24573	1	0.000564
23836	24656	1	0.000564
23836	24097	2	0.001129
23836	23929	1261	0.711625
23836	24090	1	0.000564
23836	24603	2	0.001129
23836	24304	1	0.000564
23837	24673	1	0.004902
23837	24034	1	0.004902
23837	24036	1	0.004902
23837	24097	6	0.029412
23837	24521	1	0.004902
23837	24395	4	0.019608
23837	24150	1	0.004902
23837	25146	2	0.009804
23837	24731	2	0.009804
23837	24062	1	0.004902
23839	24656	2	0.000879
23839	24842	1	0.000439
23839	24791	6468	2.841828
23840	24097	1	0.035714
23840	24603	2	0.071429
23841	24740	1	0.012658
23841	24038	2	0.025316
23841	25001	1	0.012658
23841	24842	1	0.012658
23841	24493	2	0.025316
23841	25134	1	0.012658
23841	25101	1	0.012658
23841	24051	1	0.012658
23841	25076	1	0.012658
23841	24983	1	0.012658
23841	24185	1	0.012658
23841	24570	1	0.012658
23841	24090	1	0.012658
23842	24514	95	0.637584
23842	24196	1	0.006711
23842	24342	93	0.624161
23842	24913	95	0.637584
23842	24810	93	0.624161
23842	25099	93	0.624161
23842	24493	4	0.026846
23842	24526	93	0.624161
23842	24529	97	0.651007
23842	24174	93	0.624161
23842	25014	93	0.624161
23842	24343	93	0.624161
23842	25048	1	0.006711
23842	23961	93	0.624161
23842	24954	93	0.624161
23842	23813	95	0.637584
23843	24097	4	0.002683
23843	25154	7	0.004695
23843	24540	12	0.008048
23845	24603	1	0.200000
23846	24032	1	0.001684
23846	24603	1	0.001684
23846	23978	1	0.001684
23846	25101	1	0.001684
23846	24656	2	0.003367
23846	23959	1	0.001684
23846	24475	2	0.003367
23847	24097	2	0.083333
23847	24639	1	0.041667
23847	24540	2	0.083333
23847	24535	1	0.041667
23848	24032	1	0.003676
23848	23978	1	0.003676
23848	24493	1	0.003676
23849	24475	1	0.001934
23849	24360	62	0.119923
23849	24656	8	0.015474
23849	24177	125	0.241779
23849	25146	1	0.001934
23849	24603	62	0.119923
23849	23967	2	0.003868
23850	24376	536	4.917431
23850	24656	107	0.981651
23850	25125	107	0.981651
23852	24656	1	0.000482
23852	24097	1	0.000482
23852	23978	6	0.002892
23852	24496	2214	1.066988
23852	24244	1471	0.708916
23852	24090	2	0.000964
23852	24603	2	0.000964
23853	24112	2	0.250000
23853	24493	3	0.375000
23854	24656	1	0.000495
23854	24097	1	0.000495
23854	23978	6	0.002970
23854	24496	2166	1.072277
23854	24244	1619	0.801485
23854	24090	2	0.000990
23854	24603	2	0.000990
23855	24656	1	0.000573
23855	24097	1	0.000573
23855	23978	6	0.003438
23855	24496	1870	1.071633
23855	24244	1081	0.619484
23855	24090	2	0.001146
23855	24603	2	0.001146
23856	23937	4	0.002452
23856	24740	1	0.000613
23856	24493	1	0.000613
23856	24097	2	0.001226
23856	24688	1	0.000613
23856	23914	1	0.000613
23856	25101	3	0.001839
23856	24573	1	0.000613
23856	24656	1	0.000613
23856	23929	1261	0.773145
23856	24090	1	0.000613
23856	24603	2	0.001226
23856	24304	1	0.000613
23857	24112	12	0.545455
23858	24196	10	0.020576
23858	23917	5	0.010288
23858	24112	1	0.002058
23858	24339	5	0.010288
23858	24409	3	0.006173
23858	25019	5	0.010288
23859	24112	56	1.037037
23859	24098	1	0.018519
23859	24170	1	0.018519
23859	24493	60	1.111111
23859	24111	7	0.129630
23859	25026	1	0.018519
23859	23959	12	0.222222
23859	23898	2	0.037037
23859	24891	1	0.018519
23859	23914	1	0.018519
23860	24570	11	0.027295
23860	25026	1	0.002481
23860	23959	293	0.727047
23862	25024	2	0.666667
23862	24018	3	1.000000
23864	24072	18	0.947368
23864	24793	18	0.947368
23865	24032	2	0.000086
23865	24809	1	0.000043
23865	24603	4	0.000173
23865	24038	1	0.000043
23865	24097	1	0.000043
23865	24656	1	0.000043
23865	24745	5	0.000216
23865	23978	2	0.000086
23865	24475	5	0.000216
23865	25101	33	0.001424
23865	25038	1	0.000043
23865	24688	1116009	48.172357
23865	25068	2	0.000086
23865	24628	6	0.000259
23865	25134	3	0.000129
23865	23959	3	0.000129
23865	24792	1	0.000043
23865	24090	2	0.000086
23865	24091	1	0.000043
23865	25084	23826	1.028446
23865	24842	2	0.000086
23866	24484	1	0.031250
23866	24105	32	1.000000
23866	24493	4	0.125000
23866	24112	1	0.031250
23866	25107	1	0.031250
23866	24211	32	1.000000
23866	24185	1	0.031250
23866	25053	2	0.062500
23868	23841	1	0.017544
23868	24747	2	0.035088
23868	25005	2	0.035088
23868	24691	7	0.122807
23868	24220	1	0.017544
23868	24382	4	0.070175
23869	24112	9	0.236842
23869	24493	3	0.078947
23869	23910	1	0.026316
23870	24097	1	0.000464
23870	24740	1	0.000464
23870	24326	85	0.039480
23870	24041	1	0.000464
23870	24493	2	0.000929
23870	24656	1	0.000464
23870	23891	185	0.085927
23870	25001	1	0.000464
23870	25146	1	0.000464
23870	24603	86	0.039944
23872	24097	868	0.407512
23872	24603	1	0.000469
23872	24740	1	0.000469
23872	24520	36959	17.351643
23872	24842	2	0.000939
23872	25101	150	0.070423
23872	25134	3	0.001408
23872	24196	3	0.001408
23872	24307	2091	0.981690
23872	24185	2	0.000939
23872	24475	2	0.000939
23872	24573	1	0.000469
23873	23978	3	0.009375
23873	24603	1	0.003125
23874	24493	2	0.068966
23874	23886	1	0.034483
23874	25063	2	0.068966
23875	24826	21	0.362069
23877	24639	4	0.307692
23878	24097	1	0.000952
23878	24090	1	0.000952
23878	24571	3510	3.342857
23878	23978	3	0.002857
23878	24493	19	0.018095
23878	24656	2	0.001905
23878	25146	1	0.000952
23878	24603	4	0.003810
23878	24573	1	0.000952
23879	24097	2	0.023810
23879	24603	3	0.035714
23879	25038	1	0.011905
23880	24842	2420	8.673835
23880	24146	19	0.068100
23880	25101	2	0.007168
23881	25025	54	0.870968
23881	24603	2	0.032258
23881	24904	1	0.016129
23881	24105	1	0.016129
23881	24842	5	0.080645
23881	24747	1	0.016129
23881	24493	11	0.177419
23881	24527	4	0.064516
23881	24112	14	0.225806
23881	23959	1	0.016129
23881	24409	62	1.000000
23881	24731	5	0.080645
23882	24097	1	0.000784
23882	24090	1	0.000784
23882	24571	4532	3.554510
23882	23978	3	0.002353
23882	24493	19	0.014902
23882	24656	2	0.001569
23882	25146	1	0.000784
23882	24603	4	0.003137
23882	24573	1	0.000784
23883	24656	3	0.025862
23883	24603	109	0.939655
23883	25101	1	0.008621
23883	24059	2	0.017241
23884	24097	3	0.250000
23884	24196	1	0.083333
23884	24326	1	0.083333
23884	24842	2	0.166667
23884	23928	1	0.083333
23884	25146	1	0.083333
23885	24321	1	0.001626
23885	24219	2	0.003252
23885	23978	1	0.001626
23885	24443	3	0.004878
23885	24845	543	0.882927
23885	24493	2	0.003252
23885	24112	1	0.001626
23885	24146	2	0.003252
23885	24917	4	0.006504
23885	23959	1	0.001626
23885	24952	3	0.004878
23885	24570	4	0.006504
23885	24603	3	0.004878
23886	24677	1	0.010417
23886	25063	2	0.020833
23886	23881	2	0.020833
23886	25005	1	0.010417
23886	24437	3	0.031250
23886	24150	1	0.010417
23886	24728	1	0.010417
23889	24105	54	1.000000
23889	24493	1	0.018519
23889	24112	1	0.018519
23889	24211	54	1.000000
23889	24090	1	0.018519
23889	23835	1	0.018519
23890	24007	1	0.041667
23890	24587	1	0.041667
23890	25101	1	0.041667
23890	24409	22	0.916667
23890	24656	1	0.041667
23890	23959	2	0.083333
23890	24185	91	3.791667
23892	24032	1	0.000413
23892	24097	1	0.000413
23892	24419	1	0.000413
23892	24656	1	0.000413
23892	24493	2	0.000826
23892	24720	1507	0.622727
23892	25146	1	0.000413
23892	24603	7	0.002893
23893	24091	1	0.001543
23893	24097	11	0.016975
23893	25115	1187	1.831790
23893	24677	1	0.001543
23893	25001	1	0.001543
23893	24842	2	0.003086
23893	24663	1	0.001543
23893	25101	3	0.004630
23893	25053	1	0.001543
23893	24656	3	0.004630
23893	24419	1	0.001543
23893	25076	2	0.003086
23893	24150	1	0.001543
23893	23959	3	0.004630
23893	24378	4	0.006173
23893	24603	4	0.006173
23893	24573	1	0.001543
23894	24196	1	0.047619
23894	24677	1	0.047619
23894	24374	1	0.047619
23894	23959	2	0.095238
23895	24097	1	0.002105
23895	24603	3	0.006316
23895	24150	2	0.004211
23896	23970	1	0.008000
23896	24196	1	0.008000
23896	24038	1	0.008000
23896	24139	1	0.008000
23896	24493	16	0.128000
23896	24112	15	0.120000
23896	24569	3	0.024000
23896	24570	1	0.008000
23896	24762	2	0.016000
23897	24321	1	0.001626
23897	24219	2	0.003252
23897	23978	1	0.001626
23897	24443	3	0.004878
23897	24845	543	0.882927
23897	24493	2	0.003252
23897	24112	1	0.001626
23897	24146	2	0.003252
23897	24917	4	0.006504
23897	23959	1	0.001626
23897	24952	3	0.004878
23897	24570	4	0.006504
23897	24603	3	0.004878
23898	25026	1	0.018519
23898	23914	1	0.018519
23898	24493	56	1.037037
23898	24111	7	0.129630
23898	24112	56	1.037037
23898	24098	1	0.018519
23898	23959	12	0.222222
23898	24891	1	0.018519
23898	24170	1	0.018519
23899	24038	1	0.002083
23899	24232	1	0.002083
23899	24105	1693	3.527083
23899	24139	9	0.018750
23899	24493	26	0.054167
23899	24112	45	0.093750
23899	23881	2	0.004167
23899	24090	9	0.018750
23900	24493	3	0.214286
23901	24097	2	0.026667
23901	25154	1	0.013333
23901	24540	77	1.026667
23902	24032	2	0.000419
23902	24112	15	0.003145
23902	24379	183	0.038373
23902	24740	1	0.000210
23902	24389	42169	8.842315
23902	24097	206	0.043196
23902	24603	277	0.058083
23902	23978	2542	0.533026
23902	24475	1	0.000210
23902	24493	2434	0.510380
23902	25101	2	0.000419
23902	24656	2547	0.534074
23902	23862	1	0.000210
23902	24090	1	0.000210
23902	24091	4	0.000839
23903	23937	1003	0.997018
23903	24740	2	0.001988
23903	24097	3	0.002982
23903	24656	1	0.000994
23903	24828	1	0.000994
23903	24304	3	0.002982
23905	24032	1	0.000511
23905	24097	1	0.000511
23905	24163	1048	0.535514
23905	24358	1048	0.535514
23905	25001	15	0.007665
23905	24842	1048	0.535514
23905	25101	1048	0.535514
23905	25134	1048	0.535514
23905	24656	1	0.000511
23905	24090	1048	0.535514
23905	24603	2	0.001022
23905	23978	1	0.000511
23906	24160	5	0.022026
23906	24484	1	0.004405
23906	25062	6	0.026432
23906	23977	1	0.004405
23906	24493	2	0.008811
23906	24400	1	0.004405
23906	24401	1	0.004405
23906	24564	1	0.004405
23906	24379	2	0.008811
23909	24321	1	0.001626
23909	24219	2	0.003252
23909	23978	1	0.001626
23909	24443	3	0.004878
23909	24845	543	0.882927
23909	24493	2	0.003252
23909	24112	1	0.001626
23909	24146	2	0.003252
23909	24917	4	0.006504
23909	23959	1	0.001626
23909	24952	3	0.004878
23909	24570	4	0.006504
23909	24603	3	0.004878
23911	24105	17	1.000000
23911	23914	1	0.058824
23911	24493	6	0.352941
23911	24211	17	1.000000
23911	24789	1	0.058824
23911	24090	4	0.235294
23912	23937	4	0.002457
23912	24740	1	0.000614
23912	24493	1	0.000614
23912	24097	2	0.001229
23912	24688	1	0.000614
23912	23914	1	0.000614
23912	25101	3	0.001843
23912	24573	1	0.000614
23912	24656	1	0.000614
23912	23929	1250	0.767813
23912	24090	1	0.000614
23912	24603	2	0.001229
23912	24304	1	0.000614
23914	24160	1	0.002024
23914	24112	27	0.054656
23914	23971	1	0.002024
23914	24804	4	0.008097
23914	23959	2	0.004049
23914	24493	57	0.115385
23914	24910	2	0.004049
23914	24603	1	0.002024
23914	25013	2	0.004049
23914	24569	4	0.008097
23914	23896	1	0.002024
23914	24217	2	0.004049
23914	24570	119	0.240891
23914	24484	1	0.002024
23917	24441	6	0.000592
23917	24196	40709	4.013507
23917	24713	2	0.000197
23917	24842	7	0.000690
23917	25101	716	0.070591
23917	24852	38	0.003746
23917	24090	9	0.000887
23917	23983	1	0.000099
23917	23837	1	0.000099
23917	23971	3	0.000296
23917	24740	7	0.000690
23917	24745	1	0.000099
23917	24875	8	0.000789
23917	24493	3	0.000296
23917	25134	4	0.000394
23917	24751	56	0.005521
23917	23858	1	0.000099
23917	24628	10	0.000986
23917	25142	1	0.000099
23917	24122	1	0.000099
23917	25019	1	0.000099
23917	25021	1	0.000099
23917	24127	16	0.001577
23917	25154	1	0.000099
23917	24901	1	0.000099
23917	24521	12	0.001183
23917	24378	1	0.000099
23917	24246	38	0.003746
23917	24018	1	0.000099
23917	24021	1	0.000099
23917	24569	1	0.000099
23917	24484	47	0.004634
23917	25053	2	0.000197
23917	24160	3	0.000296
23917	24034	1	0.000099
23917	24677	1	0.000099
23917	25079	2	0.000197
23917	24185	172	0.016958
23917	24570	1	0.000099
23917	24062	3	0.000296
23919	24091	4	0.004667
23919	24740	1	0.001167
23919	25101	5	0.005834
23919	25134	1	0.001167
23919	24656	5	0.005834
23919	24022	1195	1.394399
23919	23959	1	0.001167
23919	24603	1	0.001167
23921	24097	10	1.000000
23922	24473	2	0.024096
23922	25043	1	0.012048
23922	24196	2	0.024096
23922	24414	2	0.024096
23922	23927	2	0.024096
23923	24097	1	0.002198
23923	25026	2	0.004396
23923	25146	1	0.002198
23923	24326	1	0.002198
23923	25001	1	0.002198
23923	24842	1	0.002198
23923	25101	4	0.008791
23923	25134	2	0.004396
23923	25076	1011	2.221978
23923	24090	1	0.002198
23923	24418	122	0.268132
23928	24097	4	0.020305
23928	24326	8	0.040609
23928	24041	1	0.005076
23928	23978	1	0.005076
23928	25101	2	0.010152
23928	24493	6	0.030457
23928	24112	1	0.005076
23928	23890	1	0.005076
23928	23959	2	0.010152
23928	24603	11	0.055838
23928	24842	1	0.005076
23929	24097	2	0.001148
23929	24740	1	0.000574
23929	23937	5	0.002870
23929	24688	1	0.000574
23929	23914	1	0.000574
23929	25101	3	0.001722
23929	24304	1	0.000574
23929	24493	1	0.000574
23929	24656	1	0.000574
23929	24090	1	0.000574
23929	24603	2	0.001148
23929	24573	1	0.000574
23931	24097	85	0.053191
23931	24740	2	0.001252
23931	24165	2308	1.444305
23931	24842	1	0.000626
23931	24493	3	0.001877
23931	24112	1	0.000626
23931	24401	1	0.000626
23931	24090	1	0.000626
23933	24656	1	0.004237
23934	24656	1	0.000233
23934	25154	16	0.003729
23934	24475	2	0.000466
23934	24097	5	0.001165
23934	25001	1	0.000233
23934	24842	4	0.000932
23934	24493	2	0.000466
23934	25134	2	0.000466
23934	25101	3	0.000699
23934	24112	2	0.000466
23934	25149	4	0.000932
23934	25076	1	0.000233
23934	25038	4221	0.983687
23934	24150	1	0.000233
23934	24090	2	0.000466
23934	24603	2	0.000466
23934	24573	5	0.001165
23935	24185	59	3.687500
23935	24493	6	0.375000
23935	25078	1	0.062500
23935	24409	14	0.875000
23936	24097	12	0.033613
23936	25115	844	2.364146
23936	24677	1	0.002801
23936	25001	1	0.002801
23936	24842	2	0.005602
23936	24663	1	0.002801
23936	25101	3	0.008403
23936	24603	4	0.011204
23936	24573	1	0.002801
23936	24656	2	0.005602
23936	24419	1	0.002801
23936	25076	2	0.005602
23936	24150	1	0.002801
23936	23959	3	0.008403
23936	24378	4	0.011204
23936	24091	1	0.002801
23936	25053	1	0.002801
23937	25072	6	0.005720
23937	24097	1	0.000953
23937	23914	6	0.005720
23937	24038	1	0.000953
23939	24740	1	0.001949
23939	24168	1	0.001949
23939	24326	2	0.003899
23939	24904	1	0.001949
23939	25001	1	0.001949
23939	23978	1	0.001949
23939	25101	1	0.001949
23939	25134	1	0.001949
23939	24656	1	0.001949
23939	24401	1	0.001949
23939	24150	1	0.001949
23939	23959	1	0.001949
23939	24090	11	0.021442
23939	24603	2	0.003899
23939	24842	1	0.001949
23941	24112	7	0.411765
23941	24150	1	0.058824
23942	24097	3	0.006993
23942	24475	1	0.002331
23942	25101	1	0.002331
23942	24656	5	0.011655
23942	23959	1	0.002331
23942	24409	1	0.002331
23942	24603	2	0.004662
23942	24573	1	0.002331
23943	24032	2	0.000663
23943	24097	218	0.072257
23943	24475	2	0.000663
23943	24041	1	0.000331
23943	24842	1	0.000331
23943	25101	4	0.001326
23943	25134	3	0.000994
23943	24146	1	0.000331
23943	24150	1	0.000331
23943	25079	6	0.001989
23943	24090	1	0.000331
23943	24603	4	0.001326
23943	24573	657	0.217766
23943	24734	13	0.004309
23945	24386	2	0.142857
23945	24197	2	0.142857
23945	24007	100	7.142857
23945	24732	2	0.142857
23945	24999	1	0.071429
23945	24653	2	0.142857
23945	24366	2	0.142857
23945	25109	2	0.142857
23945	24857	2	0.142857
23945	24508	2	0.142857
23945	24254	2	0.142857
23946	24740	3	0.006160
23946	24196	490	1.006160
23946	23917	489	1.004107
23946	24493	11	0.022587
23946	24112	51	0.104723
23946	24018	2	0.004107
23946	23959	2	0.004107
23946	24409	487	1.000000
23946	24090	2	0.004107
23947	24032	1	0.000342
23947	24097	3	0.001027
23947	24130	6	0.002054
23947	24475	3	0.001027
23947	24233	5834	1.997261
23947	23978	3	0.001027
23947	23959	1	0.000342
23947	24656	4	0.001369
23947	24405	38	0.013009
23947	24041	1	0.000342
23947	24603	5	0.001712
23950	24097	2	0.023529
23950	24904	7	0.082353
23950	24842	42	0.494118
23950	25101	20	0.235294
23950	25134	2	0.023529
23950	24535	1	0.011765
23950	24376	8	0.094118
23950	24090	4	0.047059
23953	24105	5	1.000000
23953	24211	5	1.000000
23954	25026	11	1.375000
23954	24804	3	0.375000
23954	24038	11	1.375000
23954	24326	3	0.375000
23954	23914	6	0.750000
23954	24112	16	2.000000
23955	24091	4	0.000817
23955	24097	432	0.088289
23955	24379	294	0.060086
23955	24740	1	0.000204
23955	24389	43471	8.884325
23955	23978	2542	0.519518
23955	24475	1	0.000204
23955	24493	2434	0.497445
23955	25101	2	0.000409
23955	24656	2547	0.520540
23955	24032	2	0.000409
23955	23862	1	0.000204
23955	24112	15	0.003066
23955	24090	1	0.000204
23955	24603	390	0.079706
23957	24845	21	0.954545
23958	24603	74	0.082960
23958	25131	2	0.002242
23958	24740	1	0.001121
23958	25101	1	0.001121
23958	24606	184	0.206278
23959	24321	99	0.036131
23959	24493	529	0.193066
23959	24326	2	0.000730
23959	24839	11	0.004015
23959	24842	12	0.004380
23959	24205	45	0.016423
23959	24719	3	0.001095
23959	24467	6	0.002190
23959	25111	1	0.000365
23959	24090	3	0.001095
23959	24091	22	0.008029
23959	25101	2	0.000730
23959	24477	1	0.000365
23959	24095	2	0.000730
23959	23841	2	0.000730
23959	24098	1	0.000365
23959	24603	2	0.000730
23959	24966	5	0.001825
23959	25000	4	0.001460
23959	25005	2	0.000730
23959	24111	28	0.010219
23959	24112	433	0.158029
23959	24731	1	0.000365
23959	24015	12	0.004380
23959	24521	1	0.000365
23959	24762	1	0.000365
23959	24891	3	0.001095
23959	25051	1	0.000365
23959	24255	1	0.000365
23959	25026	19	0.006934
23959	24391	1	0.000365
23959	23881	2	0.000730
23959	24887	1	0.000365
23959	23886	4	0.001460
23959	24527	8	0.002920
23959	24656	8	0.002920
23959	23890	3	0.001095
23959	24409	1	0.000365
23959	23898	4	0.001460
23959	25039	24	0.008759
23959	25053	3	0.001095
23959	24016	1	0.000365
23959	25063	2	0.000730
23959	24170	6	0.002190
23959	24815	2	0.000730
23959	25072	2	0.000730
23959	24051	12	0.004380
23959	25078	2	0.000730
23959	24185	6	0.002190
23959	23914	4	0.001460
23959	24062	6	0.002190
23959	23935	2	0.000730
23960	23880	1	0.013699
23960	24740	2	0.027397
23960	24904	1	0.013699
23960	24073	146	2.000000
23960	24842	1	0.013699
23960	25101	208	2.849315
23960	25134	2	0.027397
23960	24401	1	0.013699
23960	25001	2	0.027397
23960	24090	2	0.027397
23961	24514	253	0.676471
23961	24342	252	0.673797
23961	24913	253	0.676471
23961	24810	252	0.673797
23961	25099	252	0.673797
23961	24526	252	0.673797
23961	24529	254	0.679144
23961	24174	252	0.673797
23961	25014	252	0.673797
23961	24343	252	0.673797
23961	24954	252	0.673797
23961	23813	253	0.676471
23962	24475	798	0.614792
23962	24037	812	0.625578
23962	23826	812	0.625578
23962	23994	812	0.625578
23962	24603	240	0.184900
23962	24573	2	0.001541
23964	24091	1	0.002732
23964	24097	11	0.030055
23964	25115	863	2.357923
23964	24677	1	0.002732
23964	25001	1	0.002732
23964	24842	2	0.005464
23964	23959	3	0.008197
23964	25101	3	0.008197
23964	24573	1	0.002732
23964	24656	2	0.005464
23964	24419	1	0.002732
23964	25076	2	0.005464
23964	24150	1	0.002732
23964	24663	1	0.002732
23964	24378	4	0.010929
23964	24603	4	0.010929
23964	25053	1	0.002732
23965	23866	1	0.004464
23965	24475	2	0.008929
23965	24573	1	0.004464
23965	24842	2	0.008929
23965	25101	1	0.004464
23966	24656	6	0.005882
23966	24603	5	0.004902
23966	24573	1	0.000980
23967	24177	9	0.900000
23969	24656	1	0.009346
23969	24112	6	0.056075
23969	24090	4	0.037383
23969	24677	109	1.018692
23969	24007	651	6.084112
23970	25001	2	0.074074
23970	24038	2	0.074074
23970	24105	2	0.074074
23970	23914	6	0.222222
23970	24493	34	1.259259
23970	24111	2	0.074074
23970	24310	2	0.074074
23970	23959	2	0.074074
23970	24090	2	0.074074
23970	24842	2	0.074074
23971	23873	1	0.000642
23971	24587	1	0.000642
23971	23959	1	0.000642
23971	24090	1	0.000642
23971	25118	2	0.001285
23971	24351	1	0.000642
23971	24228	2	0.001285
23971	24493	16	0.010276
23971	24629	1	0.000642
23971	24246	2	0.001285
23971	23998	1	0.000642
23971	25025	1	0.000642
23971	24012	1	0.000642
23971	24781	1	0.000642
23971	24400	2	0.001285
23971	24401	7	0.004496
23971	24018	1	0.000642
23971	24185	1	0.000642
23971	24484	3	0.001927
23971	24058	1	0.000642
23971	24160	2	0.001285
23971	25057	1	0.000642
23971	24038	1	0.000642
23971	23914	1	0.000642
23971	25081	1	0.000642
23971	24570	1	0.000642
23971	24222	1	0.000642
23974	24326	1	0.000844
23974	24493	1	0.000844
23974	24842	1	0.000844
23974	25101	1	0.000844
23974	25134	1	0.000844
23974	24701	1	0.000844
23974	24656	4	0.003376
23974	25146	1	0.000844
23974	24603	1	0.000844
23974	24090	1	0.000844
23975	24097	1	0.076923
23975	23959	1	0.076923
23976	24540	3	0.230769
23977	24160	9	0.006998
23977	24098	2	0.001555
23977	24389	2	0.001555
23977	24038	3	0.002333
23977	24648	1	0.000778
23977	24493	5	0.003888
23977	24400	3	0.002333
23977	24401	2	0.001555
23977	24569	2	0.001555
23977	24570	3	0.002333
23977	24379	6	0.004666
23977	25146	2	0.001555
23978	24097	5	0.043860
23978	24859	102	0.894737
23978	25025	6	0.052632
23978	24041	10	0.087719
23978	24493	27	0.236842
23978	24656	9	0.078947
23978	24146	7	0.061404
23978	24419	1	0.008772
23978	24112	62	0.543860
23978	24409	4	0.035088
23978	24603	5	0.043860
23979	24656	1	0.001015
23979	24603	1	0.001015
23979	24660	953	0.967513
23981	24656	1	0.000993
23981	24603	1	0.000993
23981	24660	979	0.972195
23983	24839	3	0.004680
23983	24842	4	0.006240
23983	25101	4	0.006240
23983	24339	5	0.007800
23983	24852	1	0.001560
23983	25134	4	0.006240
23983	23959	2	0.003120
23983	24602	5	0.007800
23983	24090	4	0.006240
23983	24097	1	0.001560
23983	24358	1	0.001560
23983	24494	1	0.001560
23983	25146	1	0.001560
23983	25149	1	0.001560
23983	24382	1	0.001560
23983	24521	1	0.001560
23983	24400	1	0.001560
23983	24146	3	0.004680
23983	25043	1	0.001560
23983	24150	1	0.001560
23983	24418	1	0.001560
23983	24163	1	0.001560
23983	24292	1	0.001560
23983	25068	1	0.001560
23983	24304	1	0.001560
23983	23923	1	0.001560
23983	25076	1336	2.084243
23983	24569	2	0.003120
23983	24570	2	0.003120
23983	24573	1	0.001560
23984	23914	30	1.000000
23984	24326	30	1.000000
23984	24493	30	1.000000
23984	24062	30	1.000000
23984	24762	30	1.000000
23986	23873	35	0.108025
23986	23978	3	0.009259
23986	24603	1	0.003086
23988	24032	1	0.000117
23988	24097	134	0.015711
23988	23914	1	0.000117
23988	23978	1	0.000117
23988	24919	3	0.000352
23988	25101	1	0.000117
23988	25134	1	0.000117
23988	24656	4	0.000469
23988	24183	196116	22.994020
23988	24216	2	0.000234
23988	24185	1	0.000117
23988	24090	1	0.000117
23988	25051	1	0.000117
23988	24573	3	0.000352
23989	24002	1	0.001912
23989	24842	1	0.001912
23989	24203	1	0.001912
23989	24656	523	1.000000
23989	25076	3	0.005736
23989	24916	1881	3.596558
23990	24321	1	0.001626
23990	24219	2	0.003252
23990	23978	1	0.001626
23990	24443	3	0.004878
23990	24845	543	0.882927
23990	24493	2	0.003252
23990	24112	1	0.001626
23990	24146	2	0.003252
23990	24917	4	0.006504
23990	23959	1	0.001626
23990	24952	3	0.004878
23990	24570	4	0.006504
23990	24603	3	0.004878
23991	24384	1	0.006250
23994	24097	494	0.466038
23994	24475	1	0.000943
23994	24037	502	0.473585
23994	23826	502	0.473585
23994	23959	8	0.007547
23994	23962	502	0.473585
23994	24603	120	0.113208
23996	25008	2	0.002703
23996	24097	1	0.001351
23996	24603	543	0.733784
23996	24852	1	0.001351
23996	24053	1	0.001351
23998	24048	4	0.002874
24002	25001	2	0.020619
24002	24098	2	0.020619
24002	24740	1	0.010309
24002	24389	2	0.020619
24002	24733	1	0.010309
24002	24105	98	1.010309
24002	23914	5	0.051546
24002	24587	1	0.010309
24002	24493	5	0.051546
24002	25134	1	0.010309
24002	24399	1	0.010309
24002	24688	2	0.020619
24002	24211	97	1.000000
24002	23959	1	0.010309
24002	23896	2	0.020619
24002	24090	3	0.030928
24002	24570	5	0.051546
24002	25101	3	0.030928
24002	24842	14	0.144330
24004	24215	2	1.000000
24006	25089	1	0.027027
24006	24518	2	0.054054
24006	24007	321	8.675676
24006	24252	1	0.027027
24006	23969	1	0.027027
24006	24113	1	0.027027
24006	24115	2	0.054054
24006	24209	1	0.027027
24006	25082	2	0.054054
24006	24732	1	0.027027
24006	24893	1	0.027027
24007	24205	4	0.000957
24007	25089	2	0.000479
24007	24196	2	0.000479
24007	24197	5	0.001197
24007	24966	1	0.000239
24007	23945	3	0.000718
24007	24842	1	0.000239
24007	25101	8	0.001915
24007	24493	1	0.000239
24007	24208	6	0.001436
24007	24209	1	0.000239
24007	25109	3	0.000718
24007	23959	5	0.001197
24007	24857	3	0.000718
24007	24090	10	0.002393
24007	24603	19	0.004548
24007	24732	7	0.001675
24007	24091	1	0.000239
24007	24097	1	0.000239
24007	24475	5	0.001197
24007	24999	3	0.000718
24007	25001	3	0.000718
24007	23978	9	0.002154
24007	25005	4	0.000957
24007	24366	4	0.000957
24007	24112	1	0.000239
24007	24113	2	0.000479
24007	24115	3	0.000718
24007	24457	4	0.000957
24007	24508	3	0.000718
24007	24893	2	0.000479
24007	24254	3	0.000718
24007	24127	1	0.000239
24007	24386	3	0.000718
24007	24518	3	0.000718
24007	23969	1	0.000239
24007	24904	2	0.000479
24007	24521	10	0.002393
24007	24653	3	0.000718
24007	25038	1	0.000239
24007	24527	2	0.000479
24007	24656	13	0.003112
24007	23890	2	0.000479
24007	24150	12	0.002872
24007	24409	2	0.000479
24007	24399	1	0.000239
24007	24624	2	0.000479
24007	25053	3	0.000718
24007	24032	8	0.001915
24007	25039	1	0.000239
24007	24677	14	0.003351
24007	24806	3	0.000718
24007	24252	2	0.000479
24007	23914	2	0.000479
24007	25076	1	0.000239
24007	25082	3	0.000718
24007	24572	6	0.001436
24007	24573	2	0.000479
24007	24062	10	0.002393
24008	24097	1	0.012195
24008	25090	1	0.012195
24008	24740	11	0.134146
24008	24656	68	0.829268
24008	24215	1	0.012195
24008	24409	68	0.829268
24009	23959	464	6.823529
24010	24321	1	0.001600
24010	24219	2	0.003200
24010	23978	1	0.001600
24010	24443	3	0.004800
24010	24845	558	0.892800
24010	24493	2	0.003200
24010	24112	1	0.001600
24010	24146	2	0.003200
24010	24917	4	0.006400
24010	23959	1	0.001600
24010	24952	3	0.004800
24010	24570	4	0.006400
24010	24603	3	0.004800
24011	24374	1	0.002410
24012	24656	1	0.013889
24012	24603	39	0.541667
24012	23971	1	0.013889
24014	24493	2	0.001558
24016	24839	2	0.008969
24016	24747	1	0.004484
24016	24493	2	0.008969
24016	24335	1	0.004484
24016	23959	1	0.004484
24016	24569	2	0.008969
24017	24656	1	0.001126
24017	24097	1	0.001126
24017	24419	2	0.002252
24017	24603	3	0.003378
24018	25024	4	0.013115
24018	24624	2	0.006557
24018	24196	34	0.111475
24018	24521	10	0.032787
24018	23914	2	0.006557
24018	24875	3	0.009836
24018	23917	126	0.413115
24018	23888	3	0.009836
24018	24164	1	0.003279
24018	24467	2	0.006557
24018	23862	2	0.006557
24018	24087	2	0.006557
24018	24569	5	0.016393
24018	24570	3	0.009836
24018	24444	2	0.006557
24018	24682	1	0.003279
24018	24062	9	0.029508
24018	24127	2	0.006557
24020	24032	1	0.002778
24020	24097	1	0.002778
24020	24546	17	0.047222
24020	25051	1	0.002778
24020	24521	62	0.172222
24020	24603	2	0.005556
24021	23841	1	0.010870
24021	24196	1	0.010870
24021	24326	1	0.010870
24021	24428	6	0.065217
24021	24335	6	0.065217
24021	23959	1	0.010870
24021	24728	1	0.010870
24022	24097	1	0.001015
24022	24091	4	0.004061
24022	24740	1	0.001015
24022	25101	5	0.005076
24022	25134	1	0.001015
24022	24656	5	0.005076
24022	23959	1	0.001015
24022	24090	2	0.002030
24022	24603	1	0.001015
24023	24321	1	0.001626
24023	24219	2	0.003252
24023	23978	1	0.001626
24023	24443	3	0.004878
24023	24845	543	0.882927
24023	24493	2	0.003252
24023	24112	1	0.001626
24023	24146	2	0.003252
24023	24917	4	0.006504
24023	23959	1	0.001626
24023	24952	3	0.004878
24023	24570	4	0.006504
24023	24603	3	0.004878
24025	24112	1	0.009434
24025	24196	36	0.339623
24025	24105	106	1.000000
24025	24842	2	0.018868
24025	24493	1	0.009434
24025	25134	2	0.018868
24025	24656	31	0.292453
24025	24211	106	1.000000
24025	23959	4	0.037736
24025	24484	2	0.018868
24025	24540	4	0.037736
24027	24831	62	4.769231
24028	24493	1	0.006061
24028	24527	1	0.006061
24028	24656	3	0.018182
24028	23959	9	0.054545
24028	24091	2	0.012121
24028	24573	1	0.006061
24030	24097	2	0.001629
24030	24995	14	0.011401
24030	24292	1	0.000814
24030	24904	1	0.000814
24030	24535	2	0.001629
24030	24973	2	0.001629
24030	24656	1	0.000814
24030	23959	2	0.001629
24030	24603	1	0.000814
24030	24573	1	0.000814
24030	24639	2	0.001629
24031	24097	2	0.002478
24031	24995	14	0.017348
24031	24292	1	0.001239
24031	24904	1	0.001239
24031	24535	2	0.002478
24031	24973	2	0.002478
24031	24656	1	0.001239
24031	23959	2	0.002478
24031	24603	1	0.001239
24031	24573	1	0.001239
24031	24639	2	0.002478
24032	23970	1	0.100000
24032	24493	2	0.200000
24034	24205	1	0.018519
24034	24097	4	0.074074
24034	24196	1	0.018519
24034	24326	1	0.018519
24034	24185	1	0.018519
24034	24217	1	0.018519
24034	23914	1	0.018519
24034	24112	3	0.055556
24034	24493	1	0.018519
24034	23917	2	0.037037
24034	24656	2	0.037037
24034	24374	1	0.018519
24034	23959	2	0.037037
24034	24409	1	0.018519
24034	24090	2	0.037037
24034	24608	1	0.018519
24034	24062	1	0.018519
24035	24809	1	0.000055
24035	24032	2	0.000110
24035	24475	5	0.000274
24035	24038	1	0.000055
24035	24097	1	0.000055
24035	24603	4	0.000219
24035	24656	1	0.000055
24035	24745	5	0.000274
24035	24842	2	0.000110
24035	25068	2	0.000110
24035	25101	33	0.001810
24035	25134	3	0.000165
24035	24688	899273	49.315766
24035	24628	10	0.000548
24035	25038	1	0.000055
24035	23959	3	0.000165
24035	24792	1	0.000055
24035	24090	2	0.000110
24035	24091	1	0.000055
24035	25084	19132	1.049191
24035	23978	2	0.000110
24036	24112	3	0.010274
24036	25146	1	0.003425
24036	24979	2	0.006849
24036	24493	7	0.023973
24036	24326	2	0.006849
24037	24090	61	0.026790
24037	24603	360	0.158103
24037	24740	17	0.007466
24037	25101	36	0.015810
24037	25134	17	0.007466
24037	23826	1512	0.664032
24037	23923	1	0.000439
24037	23959	2	0.000878
24037	23962	1512	0.664032
24037	24475	2974	1.306105
24037	23994	1512	0.664032
24038	24747	2	0.002463
24038	24196	5	0.006158
24038	24326	19	0.023399
24038	24970	1	0.001232
24038	24587	4	0.004926
24038	24792	13	0.016010
24038	23959	1	0.001232
24038	24984	1	0.001232
24038	24217	2	0.002463
24038	24090	14	0.017241
24038	24232	1	0.001232
24038	24875	1	0.001232
24038	24493	63	0.077586
24038	24111	1	0.001232
24038	24112	27	0.033251
24038	25012	2	0.002463
24038	24117	1	0.001232
24038	24374	1	0.001232
24038	24628	1	0.001232
24038	24122	1	0.001232
24038	24127	1	0.001232
24038	25026	9	0.011084
24038	24656	4	0.004926
24038	24914	5	0.006158
24038	23896	1	0.001232
24038	24540	1	0.001232
24038	24804	3	0.003695
24038	24425	4	0.004926
24038	23914	12	0.014778
24038	24043	1	0.001232
24038	23917	2	0.002463
24038	24310	1	0.001232
24038	24569	1	0.001232
24038	24062	1	0.001232
24039	24836	1	0.009346
24039	24669	1	0.009346
24040	24232	1	0.001887
24040	24112	1	0.001887
24040	24090	3	0.005660
24040	24570	1	0.001887
24040	24038	299	0.564151
24041	24097	3	0.034884
24041	24859	87	1.011628
24041	25025	4	0.046512
24041	23978	29	0.337209
24041	24493	23	0.267442
24041	24656	5	0.058140
24041	24146	5	0.058140
24041	24419	1	0.011628
24041	24112	56	0.651163
24041	24409	2	0.023256
24041	24603	3	0.034884
24043	24569	1	0.043478
24043	23914	51	2.217391
24043	24603	1	0.043478
24043	24493	25	1.086957
24043	24217	1	0.043478
24044	24112	55	0.302198
24044	24409	179	0.983516
24044	25026	4	0.021978
24044	24493	38	0.208791
24045	24493	30	2.727273
24046	24090	1	0.000942
24046	24603	7	0.006591
24047	24321	1	0.001961
24047	24475	91	0.178431
24047	24097	1	0.001961
24047	24656	1	0.001961
24047	24493	118	0.231373
24047	25134	1	0.001961
24047	25101	1	0.001961
24047	24112	91	0.178431
24047	24603	638	1.250980
24047	25020	1	0.001961
24048	24097	3	0.001062
24048	24842	1	0.000354
24048	25001	1	0.000354
24049	24656	1	0.000439
24049	24097	1	0.000439
24049	23978	6	0.002632
24049	24496	2340	1.026316
24049	24244	1966	0.862281
24049	24090	2	0.000877
24049	24603	2	0.000877
24051	25025	2	0.051282
24051	24521	1	0.025641
24051	24556	1	0.025641
24051	23886	1	0.025641
24051	24425	1	0.025641
24051	24656	14	0.358974
24051	24146	2	0.051282
24051	25076	2	0.051282
24051	23959	5	0.128205
24051	24570	8	0.205128
24051	24091	2	0.051282
24052	24097	2	0.153846
24052	24090	2	0.153846
24053	24569	1	0.028571
24053	24852	1	0.028571
24053	24062	1	0.028571
24053	24409	1	0.028571
24054	24032	1	0.000117
24054	24097	134	0.015638
24054	23914	1	0.000117
24054	23978	1	0.000117
24054	24919	3	0.000350
24054	25101	1	0.000117
24054	25134	1	0.000117
24054	24656	4	0.000467
24054	24183	197726	23.074571
24054	24216	2	0.000233
24054	24185	1	0.000117
24054	24090	1	0.000117
24054	25051	1	0.000117
24054	24573	3	0.000350
24055	24656	2	0.022222
24055	24603	2	0.022222
24056	24379	2	0.004831
24058	24401	2	0.001857
24058	24603	1	0.000929
24058	24573	1	0.000929
24059	24494	1	0.010101
24060	24105	21	1.000000
24060	24090	4	0.190476
24060	24211	21	1.000000
24062	25024	4	0.011799
24062	24097	1	0.002950
24062	24196	4	0.011799
24062	24677	2	0.005900
24062	23819	1	0.002950
24062	24556	1	0.002950
24062	24493	9	0.026549
24062	25101	1	0.002950
24062	24656	8	0.023599
24062	24569	1	0.002950
24062	24217	2	0.005900
24062	24090	1	0.002950
24066	24091	4	0.005952
24066	24740	1	0.001488
24066	25101	5	0.007440
24066	25134	1	0.001488
24066	24656	5	0.007440
24066	24022	581	0.864583
24066	23959	1	0.001488
24066	24603	1	0.001488
24067	24097	1	0.000884
24067	23971	1	0.000884
24067	24781	1	0.000884
24067	25101	2	0.001768
24067	24112	1	0.000884
24067	24690	203	0.179487
24068	24540	72	0.900000
24069	24112	3	0.150000
24069	25154	1	0.050000
24069	24677	1	0.050000
24069	24097	1	0.050000
24069	23914	3	0.150000
24069	24493	1	0.050000
24069	25005	1	0.050000
24069	24656	2	0.100000
24069	24090	4	0.200000
24070	24600	1	0.010309
24070	24097	97	1.000000
24070	24146	1	0.010309
24072	24793	153	0.916168
24072	24906	1	0.005988
24072	23874	1	0.005988
24072	23886	1	0.005988
24074	24097	686	1.000000
24074	24603	2	0.002915
24074	24842	1	0.001458
24074	25101	12	0.017493
24074	25134	4	0.005831
24074	24146	22	0.032070
24074	25038	1	0.001458
24074	24409	1	0.001458
24074	24475	8	0.011662
24074	24796	69	0.100583
24074	24573	1	0.001458
24075	23937	1608	0.999378
24075	24740	2	0.001243
24075	24097	3	0.001865
24075	24656	1	0.000622
24075	24304	3	0.001865
24075	24828	1	0.000622
24075	23903	2023	1.257303
24076	24960	2	0.001566
24076	24322	1	0.000783
24076	24196	1	0.000783
24076	24968	1	0.000783
24076	25101	164	0.128426
24076	23959	1	0.000783
24076	24600	1	0.000783
24076	24345	1	0.000783
24076	23965	1	0.000783
24076	24482	1	0.000783
24076	24753	1	0.000783
24076	23978	1	0.000783
24076	24239	1	0.000783
24076	25137	1	0.000783
24076	24639	1	0.000783
24076	24387	1	0.000783
24076	24520	1	0.000783
24076	25034	1	0.000783
24076	23883	1	0.000783
24076	24656	1	0.000783
24076	24277	1	0.000783
24076	24022	1	0.000783
24076	24796	1	0.000783
24076	24934	1	0.000783
24076	23914	1	0.000783
24076	24871	1	0.000783
24076	24688	1	0.000783
24076	24698	1	0.000783
24076	24573	4	0.003132
24077	24097	21	1.105263
24077	24051	19	1.000000
24079	24097	1	0.058824
24079	24277	17	1.000000
24080	24112	2	0.181818
24080	24493	2	0.181818
24082	24475	1	0.032258
24082	24740	1	0.032258
24082	24326	2	0.064516
24082	23978	1	0.032258
24082	24942	29	0.935484
24082	23959	1	0.032258
24082	24603	1	0.032258
24083	24540	83	3.772727
24084	24656	2	0.000774
24084	24603	15	0.005807
24084	24196	1	0.000387
24084	24839	2	0.000774
24084	24842	1	0.000387
24084	23978	1	0.000387
24084	24428	10	0.003871
24084	25101	18	0.006969
24084	25038	1	0.000387
24084	24112	2	0.000774
24084	23886	1	0.000387
24084	24437	1	0.000387
24084	23959	7	0.002710
24084	24345	9795	3.792102
24084	24762	2	0.000774
24084	24091	5	0.001936
24084	24573	2	0.000774
24086	24656	276	0.833837
24086	24097	4	0.012085
24086	24603	1	0.003021
24086	23860	1	0.003021
24086	24493	1	0.003021
24087	24624	1	0.001366
24087	24034	1	0.001366
24087	24740	1	0.001366
24087	24656	13	0.017760
24087	24521	5	0.006831
24087	24875	285	0.389344
24087	23917	14	0.019126
24087	24112	1	0.001366
24087	23862	1	0.001366
24087	24569	1	0.001366
24087	24127	1	0.001366
24088	24603	2	0.007576
24088	24656	1	0.003788
24088	23978	1	0.003788
24088	23939	385	1.458333
24088	24168	1	0.003788
24090	24196	2	0.000756
24090	24842	3	0.001133
24090	24112	6	0.002267
24090	25101	3	0.001133
24090	24335	1	0.000378
24090	24852	2	0.000756
24090	25134	2	0.000756
24090	23959	2	0.000756
24090	24603	1	0.000378
24090	24097	6	0.002267
24090	24740	1	0.000378
24090	24493	14	0.005289
24090	24494	1	0.000378
24090	23983	1	0.000378
24090	24624	1	0.000378
24090	24117	1	0.000378
24090	25149	1	0.000378
24090	24127	4	0.001511
24090	24652	346	0.130714
24090	24146	8	0.003022
24090	24150	12	0.004533
24090	24418	1	0.000378
24090	24292	1	0.000378
24090	24677	1	0.000378
24090	24297	50	0.018889
24090	24304	1	0.000378
24090	25076	4	0.001511
24090	24569	1	0.000378
24090	24573	6	0.002267
24090	24062	1	0.000378
24091	24839	4	0.173913
24091	24623	2	0.086957
24091	24527	10	0.434783
24091	24015	2	0.086957
24091	23959	32	1.391304
24092	24032	1	0.005848
24092	24321	1	0.005848
24092	24196	9	0.052632
24092	24326	1	0.005848
24092	24966	1	0.005848
24092	25063	1	0.005848
24092	24747	1	0.005848
24092	24493	22	0.128655
24092	24303	1	0.005848
24092	24656	3	0.017544
24092	23959	1	0.005848
24092	24569	2	0.011696
24092	24091	2	0.011696
24092	24127	2	0.011696
24093	24493	53	2.120000
24094	25005	12	0.184615
24094	25107	8	0.123077
24094	25111	1	0.015385
24094	24603	3	0.046154
24094	24092	5	0.076923
24094	24093	1	0.015385
24094	24095	2	0.030769
24094	24096	6	0.092308
24094	24097	9	0.138462
24094	24098	8	0.123077
24094	24105	9	0.138462
24094	24111	16	0.246154
24094	24112	3	0.046154
24094	24117	6	0.092308
24094	25146	10	0.153846
24094	24127	11	0.169231
24094	25154	2	0.030769
24094	24139	11	0.169231
24094	24143	2	0.030769
24094	24144	4	0.061538
24094	24146	11	0.169231
24094	24148	3	0.046154
24094	24164	3	0.046154
24094	24170	5	0.076923
24094	24185	31	0.476923
24094	24196	38	0.584615
24094	24198	4	0.061538
24094	24087	1	0.015385
24094	24205	18	0.276923
24094	24719	2	0.030769
24094	24212	3	0.046154
24094	24217	5	0.076923
24094	24731	4	0.061538
24094	24222	2	0.030769
24094	24232	1	0.015385
24094	24747	3	0.046154
24094	24236	2	0.030769
24094	24751	5	0.076923
24094	24762	14	0.215385
24094	24255	1	0.015385
24094	24773	25	0.384615
24094	24267	6	0.092308
24094	24794	1	0.015385
24094	24015	12	0.184615
24094	24804	13	0.200000
24094	24303	1	0.015385
24094	24321	17	0.261538
24094	24834	1	0.015385
24094	24326	37	0.569231
24094	24839	10	0.153846
24094	24859	5	0.076923
24094	23862	6	0.092308
24094	24891	5	0.076923
24094	23874	4	0.061538
24094	24374	8	0.123077
24094	24391	1	0.015385
24094	23881	4	0.061538
24094	23886	2	0.030769
24094	23888	1	0.015385
24094	23890	11	0.169231
24094	24920	1	0.015385
24094	23898	2	0.030769
24094	23899	4	0.061538
24094	24419	8	0.123077
24094	24424	10	0.153846
24094	23914	46	0.707692
24094	23917	32	0.492308
24094	24979	3	0.046154
24094	24437	2	0.030769
24094	24444	1	0.015385
24094	23935	7	0.107692
24094	24455	4	0.061538
24094	23959	152	2.338462
24094	24467	5	0.076923
24094	24983	1	0.015385
24094	24984	8	0.123077
24094	23970	3	0.046154
24094	24484	1	0.015385
24094	24379	1	0.015385
24094	23978	11	0.169231
24094	24903	5	0.076923
24094	24493	55	0.846154
24094	24002	3	0.046154
24094	25013	1	0.015385
24094	25025	14	0.215385
24094	25026	22	0.338462
24094	24521	56	0.861538
24094	24525	5	0.076923
24094	24527	11	0.169231
24094	24018	1	0.015385
24094	24025	1	0.015385
24094	25053	19	0.292308
24094	24032	10	0.153846
24094	24656	11	0.169231
24094	24036	8	0.123077
24094	24038	7	0.107692
24094	25063	7	0.107692
24094	24041	9	0.138462
24094	24043	1	0.015385
24094	24556	4	0.061538
24094	24914	4	0.061538
24094	25078	7	0.107692
24094	24569	1	0.015385
24094	24570	72	1.107692
24094	24573	9	0.138462
24094	24062	23	0.353846
24094	24063	1	0.015385
24095	23841	3	0.057692
24095	25026	1	0.019231
24095	24321	4	0.076923
24095	24493	17	0.326923
24095	24111	2	0.038462
24095	24112	9	0.173077
24095	23959	10	0.192308
24095	24090	1	0.019231
24096	25000	1	0.047619
24096	24105	21	1.000000
24096	24587	5	0.238095
24096	24493	2	0.095238
24096	24112	24	1.142857
24096	24211	21	1.000000
24096	25078	1	0.047619
24096	24467	1	0.047619
24096	24733	21	1.000000
24097	24321	4	0.017316
24097	24326	5	0.021645
24097	24842	2	0.008658
24097	25101	2	0.008658
24097	23959	21	0.090909
24097	24090	10	0.043290
24097	24859	1	0.004329
24097	24740	1	0.004329
24097	25001	1	0.004329
24097	23978	1	0.004329
24097	24493	1	0.004329
24097	25134	1	0.004329
24097	24112	2	0.008658
24097	24374	14	0.060606
24097	24904	1	0.004329
24097	24656	1	0.004329
24097	24146	12	0.051948
24097	24409	49	0.212121
24097	23910	6	0.025974
24097	25076	1	0.004329
24097	24570	13	0.056277
24097	24062	3	0.012987
24097	23935	2	0.008658
24098	24112	4	0.042105
24098	24002	1	0.010526
24098	24493	39	0.410526
24100	24097	1	0.015625
24100	24326	1	0.015625
24100	24842	2	0.031250
24100	24207	1	0.015625
24100	24656	2	0.031250
24100	24573	2	0.031250
24100	24639	136	2.125000
24101	24326	2	0.000797
24101	24072	1	0.000399
24101	24842	1	0.000399
24101	25101	15	0.005981
24101	23959	3	0.001196
24101	24090	3	0.001196
24101	24603	1	0.000399
24101	24475	2	0.000797
24101	24358	1347	0.537081
24101	24493	7	0.002791
24101	25134	1	0.000399
24101	24112	1	0.000399
24101	23862	2	0.000797
24101	24639	1	0.000399
24101	24389	1	0.000399
24101	24527	1	0.000399
24101	24656	3	0.001196
24101	24401	1	0.000399
24101	24146	3	0.001196
24101	24408	3	0.001196
24101	24409	2	0.000797
24101	23903	1	0.000399
24101	24032	3	0.001196
24101	24419	2	0.000797
24104	24112	19	0.345455
24104	25026	6	0.109091
24104	24493	67	1.218182
24105	24038	1	0.000146
24105	24232	1	0.000146
24105	23881	1	0.000146
24105	24139	1	0.000146
24105	24493	24	0.003515
24105	24112	23	0.003369
24105	24090	3	0.000439
24108	24401	60	12.000000
24109	24914	1	0.033333
24109	24603	1	0.033333
24109	24493	9	0.300000
24110	24493	26	3.250000
24111	24112	56	1.037037
24111	24098	1	0.018519
24111	24170	1	0.018519
24111	24493	60	1.111111
24111	25026	1	0.018519
24111	23959	12	0.222222
24111	23898	2	0.037037
24111	24891	1	0.018519
24111	23914	1	0.018519
24112	24656	4	0.250000
24112	24493	286	17.875000
24113	24656	1	0.008929
24113	24097	2	0.017857
24113	24677	113	1.008929
24113	24007	675	6.026786
24114	24344	1	0.000048
24115	25089	1	0.027027
24115	24518	2	0.054054
24115	24007	320	8.648649
24115	24252	1	0.027027
24115	23969	1	0.027027
24115	24113	1	0.027027
24115	24209	1	0.027027
24115	25082	2	0.054054
24115	24732	1	0.027027
24115	24893	1	0.027027
24117	24493	16	2.285714
24118	24032	2	0.000415
24118	24112	15	0.003111
24118	24603	277	0.057457
24118	24740	1	0.000207
24118	24389	42512	8.818088
24118	24097	206	0.042730
24118	24379	181	0.037544
24118	23978	2514	0.521469
24118	24475	1	0.000207
24118	24493	2406	0.499067
24118	25101	2	0.000415
24118	24656	2519	0.522506
24118	23862	1	0.000207
24118	24090	1	0.000207
24118	24091	4	0.000830
24119	24493	9	1.125000
24119	24326	3	0.375000
24121	24321	1	0.001626
24121	24219	2	0.003252
24121	23978	1	0.001626
24121	24443	3	0.004878
24121	24845	543	0.882927
24121	24493	2	0.003252
24121	24112	1	0.001626
24121	24146	2	0.003252
24121	24917	4	0.006504
24121	23959	1	0.001626
24121	24952	3	0.004878
24121	24570	4	0.006504
24121	24603	3	0.004878
24122	23896	1	0.047619
24122	24959	1	0.047619
24123	24656	2	0.000562
24123	24091	5	0.001406
24123	24196	1	0.000281
24123	24839	2	0.000562
24123	23978	1	0.000281
24123	24428	10	0.002811
24123	25101	18	0.005060
24123	25038	1	0.000281
24123	24573	2	0.000562
24123	24112	2	0.000562
24123	23886	1	0.000281
24123	24437	1	0.000281
24123	23959	7	0.001968
24123	24345	13838	3.890357
24123	24762	2	0.000562
24123	24603	15	0.004217
24123	24842	1	0.000281
24124	24826	23	0.291139
24126	24112	1	0.040000
24126	24493	12	0.480000
24127	24090	1	0.001818
24127	24196	1	0.001818
24127	23917	1	0.001818
24127	23935	6	0.010909
24130	24097	1	0.016393
24130	24405	2	0.032787
24130	24062	2	0.032787
24130	24493	5	0.081967
24132	24232	23	1.000000
24132	24425	3	0.130435
24132	23914	49	2.130435
24132	24493	25	1.086957
24132	24751	23	1.000000
24134	24112	12	0.413793
24134	23978	1	0.034483
24134	24859	29	1.000000
24134	24493	2	0.068966
24135	24842	1	0.043478
24135	25101	1	0.043478
24135	25134	2	0.086957
24135	24656	1	0.043478
24135	24090	1	0.043478
24135	24603	2	0.086957
24137	23939	1468	3.503580
24137	24740	1	0.002387
24137	24326	2	0.004773
24137	24904	1	0.002387
24137	25001	1	0.002387
24137	23978	1	0.002387
24137	25101	1	0.002387
24137	25134	1	0.002387
24137	24656	1	0.002387
24137	24401	1	0.002387
24137	24150	1	0.002387
24137	23959	1	0.002387
24137	24090	11	0.026253
24137	24603	2	0.004773
24137	24842	1	0.002387
24138	24112	8	0.250000
24138	24656	1	0.031250
24138	24038	36	1.125000
24138	24326	23	0.718750
24138	24493	3	0.093750
24139	24112	8	0.046512
24139	24914	4	0.023256
24139	25101	1	0.005814
24140	25101	10	0.062112
24140	25134	2	0.012422
24141	24032	15	0.012920
24141	24097	285	0.245478
24141	24419	21	0.018088
24141	25124	437	0.376400
24141	24656	68	0.058570
24141	23978	130	0.111972
24141	24493	4	0.003445
24141	24272	1513	1.303187
24141	24599	8687	7.482343
24141	24484	72	0.062016
24141	24603	484	0.416882
24141	24573	1	0.000861
24142	24097	69	0.985714
24142	24079	69	0.985714
24143	24160	1	0.017241
24143	24196	3	0.051724
24143	24105	58	1.000000
24143	25101	1	0.017241
24143	24656	5	0.086207
24143	24211	58	1.000000
24143	24484	1	0.017241
24143	24122	1	0.017241
24144	24603	1	0.003891
24145	24032	15	0.011054
24145	24097	480	0.353721
24145	24419	21	0.015475
24145	25124	437	0.322034
24145	24656	68	0.050111
24145	23978	130	0.095800
24145	24493	4	0.002948
24145	24272	1506	1.109801
24145	24599	11160	8.224024
24145	24484	72	0.053058
24145	24603	783	0.577008
24145	24573	1	0.000737
24146	24196	1	0.001592
24146	24073	1	0.001592
24146	24842	9	0.014331
24146	25101	14	0.022293
24146	23824	1	0.001592
24146	24339	1	0.001592
24146	23960	1	0.001592
24146	24090	11	0.017516
24146	24603	1	0.001592
24146	24097	7	0.011146
24146	24859	3	0.004777
24146	24740	15	0.023885
24146	24485	1	0.001592
24146	24358	2	0.003185
24146	25001	13	0.020701
24146	24493	47	0.074841
24146	25134	12	0.019108
24146	23983	1	0.001592
24146	24112	10	0.015924
24146	25146	14	0.022293
24146	25149	2	0.003185
24146	25025	4	0.006369
24146	24773	2	0.003185
24146	24904	2	0.003185
24146	24297	1	0.001592
24146	24652	1	0.001592
24146	24656	6	0.009554
24146	24401	4	0.006369
24146	24150	2	0.003185
24146	24800	1	0.001592
24146	24419	1	0.001592
24146	23910	3	0.004777
24146	24041	5	0.007962
24146	24304	1	0.001592
24146	24179	1	0.001592
24146	25076	14	0.022293
24146	24425	1	0.001592
24146	25085	1	0.001592
24148	24112	14	0.105263
24148	24321	2	0.015038
24148	24493	84	0.631579
24148	24205	1	0.007519
24148	23959	17	0.127820
24149	24097	263	0.399090
24149	24387	156	0.236722
24149	24656	2	0.003035
24149	24493	1	0.001517
24149	24112	2	0.003035
24149	24603	294	0.446131
24149	25051	1	0.001517
24150	24326	1	0.001078
24150	24842	2	0.002155
24150	25101	1	0.001078
24150	24339	2	0.002155
24150	24852	2	0.002155
24150	24494	2	0.002155
24150	23959	2	0.002155
24150	24090	115	0.123922
24150	24094	1	0.001078
24150	24097	6	0.006466
24150	24740	3	0.003233
24150	24358	2	0.002155
24150	25001	2	0.002155
24150	24493	1	0.001078
24150	25134	1	0.001078
24150	23983	3	0.003233
24150	23860	1	0.001078
24150	25149	2	0.002155
24150	24382	2	0.002155
24150	24130	4	0.004310
24150	24904	1	0.001078
24150	24395	1	0.001078
24150	24400	2	0.002155
24150	24401	3	0.003233
24150	24146	3	0.003233
24150	25043	2	0.002155
24150	24148	1	0.001078
24150	24418	2	0.002155
24150	24163	2	0.002155
24150	24292	2	0.002155
24150	24677	4	0.004310
24150	25068	2	0.002155
24150	23917	3	0.003233
24150	24304	2	0.002155
24150	23923	2	0.002155
24150	25076	2031	2.188578
24150	24573	1	0.001078
24151	24475	3	0.020833
24152	24656	1	0.001828
24152	24475	92	0.168190
24152	24321	1	0.001828
24152	25101	1	0.001828
24152	24097	1	0.001828
24152	24493	142	0.259598
24152	25134	1	0.001828
24152	24047	1777	3.248629
24152	24112	91	0.166362
24152	24603	638	1.166362
24152	25020	1	0.001828
24153	24112	7	0.437500
24153	24196	3	0.187500
24153	24540	1	0.062500
24153	24493	7	0.437500
24153	24038	16	1.000000
24154	24097	1	0.001869
24154	24475	4	0.007477
24154	24038	1	0.001869
24154	24493	9	0.016822
24154	24974	1	0.001869
24154	25101	2	0.003738
24154	23890	1	0.001869
24154	24603	4	0.007477
24158	24656	2	0.048780
24158	24112	3	0.073171
24158	24493	403	9.829268
24159	24376	81	1.227273
24159	25125	2	0.030303
24160	24592	1	0.007246
24160	23906	1	0.007246
24160	23971	3	0.021739
24160	24484	9	0.065217
24160	24948	1	0.007246
24160	23914	4	0.028986
24160	24587	5	0.036232
24160	25005	5	0.036232
24160	24493	2	0.014493
24160	24112	2	0.014493
24160	23977	1	0.007246
24160	24467	14	0.101449
24160	24212	1	0.007246
24160	25142	1	0.007246
24160	23959	4	0.028986
24160	24056	1	0.007246
24160	24409	2	0.014493
24160	24186	1	0.007246
24160	25083	1	0.007246
24160	24564	1	0.007246
24160	24036	5	0.036232
24161	25024	4	0.013201
24161	24624	2	0.006601
24161	24196	34	0.112211
24161	24521	9	0.029703
24161	23914	2	0.006601
24161	24875	3	0.009901
24161	23917	125	0.412541
24161	23888	3	0.009901
24161	24164	1	0.003300
24161	24018	69	0.227723
24161	24467	2	0.006601
24161	23862	2	0.006601
24161	24087	2	0.006601
24161	24569	5	0.016502
24161	24570	3	0.009901
24161	24444	2	0.006601
24161	24682	1	0.003300
24161	24062	8	0.026403
24161	24127	2	0.006601
24163	24966	1	0.001946
24163	24712	1	0.001946
24163	24842	1	0.001946
24163	25101	2	0.003891
24163	24335	1	0.001946
24163	24339	1	0.001946
24163	24852	1	0.001946
24163	25134	1	0.001946
24163	24217	1	0.001946
24163	24090	1	0.001946
24163	24603	1	0.001946
24163	24097	3	0.005837
24163	24740	1	0.001946
24163	24326	1	0.001946
24163	24358	1	0.001946
24163	25001	1	0.001946
24163	24493	9	0.017510
24163	24494	1	0.001946
24163	23983	1	0.001946
24163	25137	1	0.001946
24163	25146	3	0.005837
24163	25149	1	0.001946
24163	24382	1	0.001946
24163	25026	4	0.007782
24163	24400	1	0.001946
24163	24146	5	0.009728
24163	25043	1	0.001946
24163	24277	1	0.001946
24163	24150	1	0.001946
24163	24800	6	0.011673
24163	23905	1	0.001946
24163	24418	231	0.449416
24163	24292	1	0.001946
24163	25068	1	0.001946
24163	24304	1	0.001946
24163	23923	1	0.001946
24163	25076	1131	2.200389
24165	24097	87	0.115232
24165	24740	2	0.002649
24165	24842	1	0.001325
24165	24493	3	0.003974
24165	24112	1	0.001325
24165	24401	1	0.001325
24165	24090	1	0.001325
24165	23931	1	0.001325
24168	24603	2	0.005141
24168	24656	1	0.002571
24168	23978	1	0.002571
24168	23939	279	0.717224
24170	24493	16	0.444444
24170	24111	1	0.027778
24170	24112	6	0.166667
24170	24051	1	0.027778
24170	23959	3	0.083333
24170	24602	1	0.027778
24170	24381	1	0.027778
24172	24326	2	0.000928
24172	24072	1	0.000464
24172	24842	1	0.000464
24172	25101	15	0.006957
24172	23959	3	0.001391
24172	24090	3	0.001391
24172	24603	1	0.000464
24172	24475	2	0.000928
24172	24101	165	0.076531
24172	24358	1002	0.464750
24172	24493	7	0.003247
24172	25134	1	0.000464
24172	24112	1	0.000464
24172	23862	2	0.000928
24172	24639	1	0.000464
24172	24389	1	0.000464
24172	24527	1	0.000464
24172	24656	3	0.001391
24172	24401	1	0.000464
24172	24146	3	0.001391
24172	24408	3	0.001391
24172	24409	2	0.000928
24172	23903	1	0.000464
24172	24032	3	0.001391
24172	24419	2	0.000928
24174	24097	4	0.005376
24174	24514	520	0.698925
24174	24342	519	0.697581
24174	24913	520	0.698925
24174	24810	519	0.697581
24174	25099	519	0.697581
24174	24526	519	0.697581
24174	24529	521	0.700269
24174	25014	519	0.697581
24174	24343	519	0.697581
24174	23961	519	0.697581
24174	24954	519	0.697581
24174	24603	12	0.016129
24174	23813	520	0.698925
24175	25154	1	0.028571
24175	24540	77	2.200000
24177	24097	1	0.028571
24178	24540	1	0.500000
24179	24073	34	2.000000
24179	25101	51	3.000000
24180	24419	3	0.062500
24180	24196	2	0.041667
24180	24335	2	0.041667
24180	24146	3	0.062500
24180	25076	6	0.125000
24180	24570	815	16.979167
24182	24656	5	0.001730
24182	24097	3	0.001038
24182	23914	1	0.000346
24182	24203	48570	16.806228
24182	24090	5	0.001730
24183	24032	1	0.000167
24183	24097	67	0.011206
24183	25051	1	0.000167
24183	23914	1	0.000167
24183	23978	2	0.000335
24183	25101	1	0.000167
24183	24493	1	0.000167
24183	24656	8	0.001338
24183	24919	3	0.000502
24183	24216	2	0.000335
24183	24185	1	0.000167
24183	24090	1	0.000167
24183	24603	4	0.000669
24183	24573	3	0.000502
24184	24656	5	0.001737
24184	24097	3	0.001042
24184	23914	1	0.000347
24184	24203	48565	16.868704
24184	24090	5	0.001737
24185	24096	1	0.002667
24185	24112	24	0.064000
24185	24740	1	0.002667
24185	24007	1	0.002667
24185	25001	2	0.005333
24185	24587	1	0.002667
24185	25101	3	0.008000
24185	25134	2	0.005333
24185	24493	41	0.109333
24185	24656	1	0.002667
24185	23890	137	0.365333
24185	25107	1	0.002667
24185	25078	1	0.002667
24185	23959	2	0.005333
24185	24409	131	0.349333
24185	24090	72	0.192000
24185	24127	1	0.002667
24185	25053	114	0.304000
24185	23935	33	0.088000
24186	24160	8	0.106667
24186	24484	2	0.026667
24186	24326	1	0.013333
24186	24493	1	0.013333
24186	24112	2	0.026667
24186	24467	1	0.013333
24186	24564	1	0.013333
24186	23959	2	0.026667
24186	24056	1	0.013333
24186	24948	1	0.013333
24187	24032	2099	0.904352
24187	24321	1	0.000431
24187	23971	1	0.000431
24187	24228	1	0.000431
24187	24097	1	0.000431
24187	23978	2103	0.906075
24187	24475	1	0.000431
24187	24493	3	0.001293
24187	25038	124	0.053425
24187	24112	8	0.003447
24187	24629	31807	13.704007
24187	24603	2	0.000862
24187	24842	1	0.000431
24190	24656	2	0.000692
24190	24091	5	0.001729
24190	24196	1	0.000346
24190	24839	2	0.000692
24190	23978	1	0.000346
24190	24428	10	0.003458
24190	25101	18	0.006224
24190	25038	1	0.000346
24190	24573	2	0.000692
24190	24112	2	0.000692
24190	23886	1	0.000346
24190	24437	1	0.000346
24190	23959	7	0.002420
24190	24345	10358	3.581604
24190	24762	2	0.000692
24190	24603	15	0.005187
24190	24842	1	0.000346
24191	24603	363	0.745380
24196	24875	1	0.002584
24196	23917	387	1.000000
24196	24127	2	0.005168
24197	24386	2	0.142857
24197	24007	100	7.142857
24197	24732	2	0.142857
24197	24999	1	0.071429
24197	24653	2	0.142857
24197	24366	2	0.142857
24197	25109	2	0.142857
24197	23945	2	0.142857
24197	24857	2	0.142857
24197	24508	2	0.142857
24197	24254	2	0.142857
24198	24185	4	0.100000
24198	24090	1	0.025000
24198	25101	1	0.025000
24201	24326	2	0.000973
24201	24072	1	0.000486
24201	24842	2	0.000973
24201	25101	16	0.007782
24201	23959	3	0.001459
24201	24090	4	0.001946
24201	24475	2	0.000973
24201	24603	1	0.000486
24201	24740	1	0.000486
24201	24101	165	0.080253
24201	24358	1036	0.503891
24201	24493	7	0.003405
24201	25134	2	0.000973
24201	23983	1	0.000486
24201	24112	1	0.000486
24201	23862	2	0.000973
24201	24382	1	0.000486
24201	24639	1	0.000486
24201	24389	1	0.000486
24201	24527	1	0.000486
24201	24656	3	0.001459
24201	24401	2	0.000973
24201	24146	3	0.001459
24201	24408	3	0.001459
24201	24409	2	0.000973
24201	23903	1	0.000486
24201	24032	3	0.001459
24201	24419	2	0.000973
24201	23923	1	0.000486
24201	24573	1	0.000486
24202	24112	1	0.002899
24202	24740	2	0.005797
24202	25064	18	0.052174
24202	25101	4	0.011594
24202	24656	93	0.269565
24202	24603	3	0.008696
24203	24097	3	0.000915
24203	23914	1	0.000305
24203	24656	5	0.001525
24203	24183	1	0.000305
24203	24090	5	0.001525
24203	24603	1	0.000305
24204	24097	4	0.000673
24204	23914	5918	0.995961
24205	24112	1	0.018519
24205	24493	2	0.037037
24206	24217	3	0.272727
24206	24747	3	0.272727
24206	24038	12	1.090909
24207	24097	5	0.022422
24207	23883	1	0.004484
24207	24069	1	0.004484
24207	24070	1	0.004484
24207	24296	1	0.004484
24207	23914	3	0.013453
24207	23851	1	0.004484
24207	23884	1	0.004484
24207	24493	1	0.004484
24207	24112	2	0.008969
24207	24059	1	0.004484
24207	24826	1	0.004484
24207	24639	1	0.004484
24207	24467	1	0.004484
24207	24570	1	0.004484
24207	25125	1	0.004484
24208	24457	2	0.285714
24208	24572	2	0.285714
24208	24806	2	0.285714
24208	24007	50	7.142857
24209	24677	100	1.000000
24209	24007	633	6.330000
24210	25025	1	0.023810
24210	24556	4	0.095238
24210	24493	3	0.071429
24210	24467	4	0.095238
24210	23959	1	0.023810
24210	24569	4	0.095238
24210	24570	1	0.023810
24211	24105	23	1.000000
24211	24493	116	5.043478
24212	24112	4	0.040816
24212	24493	20	0.204082
24213	24493	36	3.600000
24215	24740	116	58.000000
24216	24097	2	0.051282
24216	24546	1	0.025641
24216	24196	2	0.051282
24216	24677	1	0.025641
24216	23975	1	0.025641
24216	23914	1	0.025641
24216	24087	1	0.025641
24216	24493	1	0.025641
24216	24656	1	0.025641
24216	24694	1	0.025641
24216	24919	1	0.025641
24216	23896	1	0.025641
24216	24762	1	0.025641
24216	23963	1	0.025641
24216	24090	2	0.051282
24216	24222	1	0.025641
24217	24455	1	0.007194
24217	24842	1	0.007194
24217	23959	1	0.007194
24217	25101	1	0.007194
24217	24335	1	0.007194
24217	24212	310	2.230216
24217	24983	1	0.007194
24217	24090	4	0.028777
24217	24222	1	0.007194
24217	24097	1	0.007194
24217	24493	97	0.697842
24217	24112	19	0.136691
24217	25155	1	0.007194
24217	24018	1	0.007194
24217	24409	1	0.007194
24217	24038	1	0.007194
24217	23914	2	0.014388
24217	24556	1	0.007194
24217	23917	1	0.007194
24217	24569	3	0.021583
24217	24570	4	0.028777
24217	24062	3	0.021583
24218	25034	1	0.011494
24218	23883	1	0.011494
24218	24207	4	0.045977
24218	24467	2	0.022989
24218	24570	1	0.011494
24218	24059	1	0.011494
24218	24639	1	0.011494
24219	24656	20	0.952381
24219	24845	20	0.952381
24220	24032	1	0.001439
24220	24097	2	0.002878
24220	24475	5	0.007194
24220	24521	2	0.002878
24220	23978	4	0.005755
24220	25101	10	0.014388
24220	25134	5	0.007194
24220	24656	1	0.001439
24220	24603	3	0.004317
24220	23868	1	0.001439
24220	24842	1	0.001439
24220	24382	5	0.007194
24221	24097	3	0.002445
24221	24656	1	0.000815
24221	24493	2	0.001630
24221	25134	1	0.000815
24221	25101	4	0.003260
24221	24112	3	0.002445
24221	23923	2	0.001630
24221	24090	1	0.000815
24221	24603	2	0.001630
24222	24032	2	0.076923
24222	24493	4	0.153846
24222	24014	2	0.076923
24222	24335	1	0.038462
24222	24112	1	0.038462
24222	24983	1	0.038462
24222	24090	1	0.038462
24223	24097	4	0.003711
24223	24326	1	0.000928
24223	24934	360	0.333952
24223	24428	6	0.005566
24223	24842	2	0.001855
24223	25068	1	0.000928
24223	24493	1	0.000928
24223	25134	2	0.001855
24223	25101	9	0.008349
24223	24656	1	0.000928
24223	24148	1	0.000928
24223	24021	1	0.000928
24223	24090	2	0.001855
24223	24091	1	0.000928
24225	24097	3	0.004717
24225	24740	1	0.001572
24225	24041	1	0.001572
24225	25101	1	0.001572
24225	24461	1	0.001572
24225	24656	1	0.001572
24225	23894	2	0.003145
24225	24112	1	0.001572
24225	24409	1	0.001572
24225	24603	2	0.003145
24225	25001	1	0.001572
24226	24232	6	1.000000
24226	23914	12	2.000000
24226	24751	9	1.500000
24227	24032	2	0.000397
24227	24112	15	0.002977
24227	24603	279	0.055368
24227	24740	1	0.000198
24227	24389	44143	8.760270
24227	24097	206	0.040881
24227	24379	181	0.035920
24227	23978	2658	0.527486
24227	24475	1	0.000198
24227	24493	2550	0.506053
24227	25101	2	0.000397
24227	24656	2663	0.528478
24227	23862	1	0.000198
24227	24090	1	0.000198
24227	24091	4	0.000794
24228	24641	1	0.001980
24228	23959	1	0.001980
24228	25118	2	0.003960
24228	24351	1	0.001980
24228	24097	1	0.001980
24228	23971	1	0.001980
24228	25124	2	0.003960
24228	24493	2	0.003960
24228	24246	1	0.001980
24228	24379	2	0.003960
24228	23998	1	0.001980
24228	23873	1	0.001980
24228	24374	3	0.005941
24228	24012	1	0.001980
24228	24781	1	0.001980
24228	24400	1	0.001980
24228	24401	3	0.005941
24228	23896	1	0.001980
24228	24484	1	0.001980
24228	25057	1	0.001980
24228	23914	2	0.003960
24228	25081	1	0.001980
24228	24058	1	0.001980
24228	25083	1	0.001980
24231	24493	3	0.055556
24232	24656	1	0.006452
24232	24002	1	0.006452
24232	24740	1	0.006452
24232	24038	2	0.012903
24232	24326	2	0.012903
24232	25001	3	0.019355
24232	23946	1	0.006452
24232	24556	1	0.006452
24232	24493	21	0.135484
24232	25134	2	0.012903
24232	25101	1	0.006452
24232	25107	1	0.006452
24232	24146	1	0.006452
24232	24467	1	0.006452
24232	24150	1	0.006452
24232	25078	1	0.006452
24232	24984	176	1.135484
24232	24090	3	0.019355
24232	24842	1	0.006452
24233	24032	3	0.000987
24233	24097	4	0.001317
24233	24130	6	0.001975
24233	24475	3	0.000987
24233	24041	1	0.000329
24233	23978	5	0.001646
24233	24493	7	0.002304
24233	24656	6	0.001975
24233	24405	20	0.006583
24233	23959	1	0.000329
24233	24984	1	0.000329
24233	24090	1	0.000329
24233	24603	5	0.001646
24236	24098	1	0.000967
24236	25101	1	0.000967
24236	24326	1607	1.554159
24236	24842	1	0.000967
24236	24556	1	0.000967
24236	24493	3	0.002901
24236	25038	2	0.001934
24236	25005	1	0.000967
24236	24112	1	0.000967
24236	24979	1	0.000967
24236	25134	1	0.000967
24236	25078	1	0.000967
24236	23959	2	0.001934
24236	24467	1	0.000967
24237	24097	5	0.037313
24237	25124	4	0.029851
24237	23886	1	0.007463
24237	24400	4	0.029851
24237	24401	4	0.029851
24237	24629	2	0.014925
24237	25142	3	0.022388
24237	24484	6	0.044776
24237	24603	4	0.029851
24239	24032	1	0.003106
24239	24097	1	0.003106
24239	24842	2	0.006211
24239	25068	1	0.003106
24239	25101	5	0.015528
24239	25134	4	0.012422
24239	24656	3	0.009317
24239	24535	1	0.003106
24239	23929	1	0.003106
24239	24603	2	0.006211
24239	24573	1	0.003106
24239	24639	1	0.003106
24241	24032	15	0.011783
24241	24097	337	0.264729
24241	24419	21	0.016496
24241	25124	437	0.343284
24241	24656	68	0.053417
24241	23978	130	0.102121
24241	24493	4	0.003142
24241	24272	1506	1.183032
24241	24599	10197	8.010212
24241	24484	72	0.056559
24241	24603	588	0.461901
24241	24573	1	0.000786
24244	24656	1	0.000401
24244	24097	1	0.000401
24244	23978	6	0.002407
24244	24496	2525	1.012836
24244	24090	2	0.000802
24244	24603	2	0.000802
24246	24160	1	0.002770
24246	23873	1	0.002770
24246	23971	2	0.005540
24246	24228	1	0.002770
24246	23917	1	0.002770
24246	24112	14	0.038781
24246	24401	1	0.002770
24246	24569	1	0.002770
24246	24484	1	0.002770
24249	23978	1650	0.998789
24249	25101	5	0.003027
24249	24656	2427	1.469128
24249	24753	10208	6.179177
24249	23959	2	0.001211
24249	24282	556	0.336562
24249	24603	558	0.337772
24249	24639	1	0.000605
24251	24097	1	0.045455
24251	24740	1	0.045455
24251	24942	3	0.136364
24251	25038	1	0.045455
24251	23959	1	0.045455
24251	25146	1	0.045455
24251	24603	4	0.181818
24251	24573	1	0.045455
24251	24479	1	0.045455
24252	24677	109	1.000000
24252	24007	572	5.247706
24254	24386	2	0.142857
24254	24197	2	0.142857
24254	24007	100	7.142857
24254	24732	2	0.142857
24254	24999	1	0.071429
24254	24653	2	0.142857
24254	24366	2	0.142857
24254	25109	2	0.142857
24254	23945	2	0.142857
24254	24857	2	0.142857
24254	24508	2	0.142857
24255	23959	3	0.375000
24257	24493	1	0.200000
24263	24326	1	0.001754
24263	24839	2	0.003509
24263	24842	1	0.001754
24263	25101	1	0.001754
24263	24339	24	0.042105
24263	24852	30	0.052632
24263	25134	1	0.001754
24263	23959	2	0.003509
24263	24090	6	0.010526
24263	24419	2	0.003509
24263	24097	2	0.003509
24263	24740	1	0.001754
24263	24358	27	0.047368
24263	25001	1	0.001754
24263	24493	3	0.005263
24263	24494	33	0.057895
24263	23983	27	0.047368
24263	25146	3	0.005263
24263	24467	3	0.005263
24263	25149	31	0.054386
24263	24382	30	0.052632
24263	24400	25	0.043860
24263	24401	1	0.001754
24263	24146	4	0.007018
24263	25043	30	0.052632
24263	24150	33	0.057895
24263	24418	24	0.042105
24263	24163	25	0.043860
24263	24292	30	0.052632
24263	25068	17	0.029825
24263	24304	24	0.042105
24263	23923	29	0.050877
24263	25076	2670	4.684211
24263	24185	2	0.003509
24263	24570	5	0.008772
24265	24097	1	0.000941
24265	24090	1	0.000941
24265	24571	3561	3.349953
24265	23978	3	0.002822
24265	24493	19	0.017874
24265	24656	2	0.001881
24265	25146	1	0.000941
24265	24603	4	0.003763
24265	24573	1	0.000941
24266	24097	1	0.000885
24266	24090	1	0.000885
24266	24571	3926	3.474336
24266	23978	3	0.002655
24266	24493	19	0.016814
24266	24656	2	0.001770
24266	25146	1	0.000885
24266	24603	4	0.003540
24266	24573	1	0.000885
24267	24842	1	0.011628
24267	24979	1	0.011628
24267	24467	1	0.011628
24267	24326	2	0.023256
24268	24097	57	0.177570
24268	25154	7	0.021807
24268	24038	14	0.043614
24268	25005	25	0.077882
24268	24374	28	0.087227
24268	23959	11	0.034268
24268	24185	4	0.012461
24268	24090	8	0.024922
24268	24570	8	0.024922
24268	24062	11	0.034268
24271	24097	1	0.000810
24271	24090	1	0.000810
24271	24571	4209	3.408097
24271	23978	3	0.002429
24271	24493	19	0.015385
24271	24656	2	0.001619
24271	25146	1	0.000810
24271	24603	4	0.003239
24271	24573	1	0.000810
24272	24032	15	0.010366
24272	24097	339	0.234278
24272	24419	21	0.014513
24272	25124	437	0.302004
24272	23978	130	0.089841
24272	24493	4	0.002764
24272	24656	68	0.046994
24272	24599	9945	6.872840
24272	24484	72	0.049758
24272	24603	814	0.562543
24272	24573	1	0.000691
24276	24603	2	0.001826
24276	24656	145	0.132420
24276	24203	123	0.112329
24276	25149	398	0.363470
24276	24493	10	0.009132
24277	23978	12	0.033241
24277	24539	43	0.119114
24277	25101	5	0.013850
24277	24142	43	0.119114
24279	23883	9	0.818182
24280	24904	845	6.035714
24280	24380	3	0.021429
24280	24090	3	0.021429
24280	24146	1	0.007143
24280	24429	2	0.014286
24282	23978	1591	0.994997
24282	25101	5	0.003127
24282	24656	2973	1.859287
24282	24753	8507	5.320200
24282	23959	2	0.001251
24282	24603	558	0.348968
24282	24639	1	0.000625
24284	24603	2820	6.962963
24284	23962	188	0.464198
24284	24037	188	0.464198
24284	23826	188	0.464198
24284	23994	188	0.464198
24286	24097	1	0.000322
24286	24740	1	0.000322
24286	24326	2	0.000644
24286	24904	1	0.000322
24286	23959	1	0.000322
24286	25101	2	0.000644
24286	25053	1	0.000322
24286	24656	3	0.000966
24286	23923	1	0.000322
24286	24597	12	0.003865
24286	24183	1	0.000322
24286	24090	5	0.001610
24286	24573	6	0.001932
24286	25055	104	0.033494
24289	24656	1	0.016393
24289	24204	1	0.016393
24290	24097	3	0.200000
24290	24062	1	0.066667
24290	24326	4	0.266667
24291	24493	4	0.266667
24292	24326	2	0.004484
24292	24842	2	0.004484
24292	25101	2	0.004484
24292	24090	10	0.022422
24292	24603	2	0.004484
24292	23841	2	0.004484
24292	24740	27	0.060538
24292	25001	11	0.024664
24292	24493	2	0.004484
24292	25006	1	0.002242
24292	23983	1	0.002242
24292	24393	1	0.002242
24292	24052	1	0.002242
24292	25146	3	0.006726
24292	24097	1	0.002242
24292	24904	5	0.011211
24292	24521	1	0.002242
24292	24077	1	0.002242
24292	24146	4	0.008969
24292	25043	1	0.002242
24292	24419	4	0.008969
24292	23921	1	0.002242
24292	25076	1090	2.443946
24292	24573	2	0.004484
24293	24804	3	0.081081
24293	24326	4	0.108108
24293	24038	2	0.054054
24293	23914	13	0.351351
24293	24043	3	0.081081
24293	24493	42	1.135135
24293	24112	1	0.027027
24294	24097	3	0.250000
24294	24418	10	0.833333
24294	24090	2	0.166667
24295	24928	3	0.016854
24295	24097	35	0.196629
24295	23959	1	0.005618
24295	24535	1	0.005618
24296	24097	1	0.066667
24297	24090	103	3.218750
24297	24146	3	0.093750
24299	24097	1	0.035714
24299	23959	1	0.035714
24299	23886	1	0.035714
24299	24015	1	0.035714
24299	24639	5	0.178571
24300	23868	1	0.026316
24301	24656	638	0.971081
24301	24112	3	0.004566
24301	24603	4	0.006088
24303	24493	9	0.346154
24304	24212	4	0.009132
24304	25146	1	0.002283
24304	25076	911	2.079909
24304	24326	1	0.002283
24304	24097	7	0.015982
24305	24097	3	0.006608
24305	25154	3	0.006608
24305	24540	17	0.037445
24306	24376	100	2.857143
24306	24656	33	0.942857
24306	25101	35	1.000000
24307	24097	86	0.050618
24307	24740	1	0.000589
24307	24196	3	0.001766
24307	24520	28234	16.618011
24307	24842	2	0.001177
24307	25101	780	0.459094
24307	25134	3	0.001766
24307	24603	1	0.000589
24307	24185	2	0.001177
24307	24475	2	0.001177
24307	24573	1	0.000589
24309	24631	1	1.000000
24310	24112	6	0.222222
24310	24303	1	0.037037
24310	25012	1	0.037037
24310	24493	39	1.444444
24310	24111	1	0.037037
24311	24291	1	0.002584
24311	24493	2	0.005168
24312	24493	2	0.142857
24312	23959	3	0.214286
24313	24036	2	0.041667
24313	24326	14	0.291667
24313	23910	1	0.020833
24313	24493	13	0.270833
24313	24979	7	0.145833
24313	24792	1	0.020833
24313	24477	1	0.020833
24316	24625	2	0.004329
24316	24358	654	1.415584
24317	24326	2	0.001101
24317	24072	1	0.000550
24317	24842	1	0.000550
24317	25101	15	0.008255
24317	23959	3	0.001651
24317	24090	3	0.001651
24317	24475	2	0.001101
24317	24603	1	0.000550
24317	24101	165	0.090809
24317	24358	1002	0.551458
24317	24493	7	0.003853
24317	25134	1	0.000550
24317	24112	1	0.000550
24317	23862	2	0.001101
24317	24639	1	0.000550
24317	24389	1	0.000550
24317	24527	1	0.000550
24317	24656	3	0.001651
24317	24401	1	0.000550
24317	24146	3	0.001651
24317	24408	3	0.001651
24317	24409	2	0.001101
24317	23903	1	0.000550
24317	24032	3	0.001651
24317	24419	2	0.001101
24318	25024	6	0.001706
24318	24656	3	0.000853
24318	24419	1	0.000284
24318	24485	8	0.002274
24318	24326	2	0.000569
24318	24097	3	0.000853
24318	23880	245	0.069642
24318	24425	1	0.000284
24318	24842	261994	74.472428
24318	24493	28	0.007959
24318	23886	2	0.000569
24318	24112	8	0.002274
24318	24146	21	0.005969
24318	24212	1	0.000284
24318	25076	8	0.002274
24318	24090	2	0.000569
24318	24475	1	0.000284
24318	24540	4	0.001137
24318	25149	8	0.002274
24318	23978	9	0.002558
24319	24112	1	0.002513
24319	24740	3	0.007538
24319	25064	16	0.040201
24319	25101	4	0.010050
24319	24656	167	0.419598
24319	24603	3	0.007538
24321	24656	4	0.017021
24321	25026	8	0.034043
24321	24170	3	0.012766
24321	24493	26	0.110638
24321	24719	2	0.008511
24321	24112	210	0.893617
24321	24051	3	0.012766
24321	24016	1	0.004255
24321	23959	7	0.029787
24321	24091	10	0.042553
24323	24112	1	0.002375
24323	24740	3	0.007126
24323	25064	95	0.225653
24323	25101	4	0.009501
24323	24656	209	0.496437
24323	24603	3	0.007126
24326	24098	1	0.000970
24326	25101	1	0.000970
24326	24842	1	0.000970
24326	24556	1	0.000970
24326	25005	1	0.000970
24326	25134	1	0.000970
24326	24493	3	0.002910
24326	24112	1	0.000970
24326	24979	1	0.000970
24326	25038	2	0.001940
24326	25078	1	0.000970
24326	23959	2	0.001940
24326	24467	1	0.000970
24328	24032	1	0.000683
24328	24097	1	0.000683
24328	24419	1	0.000683
24328	24656	1	0.000683
24328	24493	2	0.001365
24328	24720	1492	1.018430
24328	25146	1	0.000683
24328	24603	7	0.004778
24330	25154	2	0.037736
24330	24540	12	0.226415
24331	24540	1	0.055556
24335	25026	2	0.004040
24335	24139	1	0.002020
24335	24326	1	0.002020
24335	24038	3	0.006061
24335	24903	2	0.004040
24335	24424	1	0.002020
24335	23917	1	0.002020
24335	24044	1	0.002020
24335	24493	58	0.117172
24335	24974	2	0.004040
24335	24781	2	0.004040
24335	24112	1	0.002020
24335	24211	1	0.002020
24335	24663	2	0.004040
24335	23896	2	0.004040
24335	24111	1	0.002020
24335	24762	2	0.004040
24335	24719	1	0.002020
24335	24092	1	0.002020
24336	24097	1	0.016393
24336	25154	2	0.032787
24336	24540	70	1.147541
24336	24573	2	0.032787
24339	24800	1	0.002232
24339	24097	4	0.008929
24339	25026	7	0.015625
24339	23851	1	0.002232
24339	24740	1	0.002232
24339	24032	1	0.002232
24339	25001	1	0.002232
24339	24842	1	0.002232
24339	24090	1	0.002232
24339	25101	3	0.006696
24339	25134	12	0.026786
24339	23983	14	0.031250
24339	24656	1	0.002232
24339	25076	987	2.203125
24339	23886	1	0.002232
24339	23959	1	0.002232
24339	25146	4	0.008929
24339	25019	1	0.002232
24339	24573	2	0.004464
24341	24384	1	0.000423
24341	24097	2	0.000846
24341	24379	5	0.002114
24341	24475	1	0.000423
24341	24614	1	0.000423
24341	24583	1	0.000423
24341	23959	1	0.000423
24341	24012	1	0.000423
24341	25101	1	0.000423
24341	24400	6	0.002537
24341	24724	1	0.000423
24341	24631	1	0.000423
24341	24859	1	0.000423
24341	24058	1	0.000423
24341	24603	2	0.000846
24341	24540	1	0.000423
24341	24573	1	0.000423
24342	24514	379	0.746063
24342	23813	379	0.746063
24342	24913	379	0.746063
24342	24810	378	0.744094
24342	25099	378	0.744094
24342	23842	1	0.001969
24342	24526	378	0.744094
24342	24529	380	0.748031
24342	24174	378	0.744094
24342	25014	378	0.744094
24342	24343	378	0.744094
24342	23961	378	0.744094
24342	24954	378	0.744094
24342	23978	1	0.001969
24342	24639	2	0.003937
24343	24097	842	0.788390
24343	24514	843	0.789326
24343	24342	839	0.785581
24343	24913	843	0.789326
24343	24810	839	0.785581
24343	25099	839	0.785581
24343	25101	4	0.003745
24343	24526	839	0.785581
24343	24529	847	0.793071
24343	24174	839	0.785581
24343	25014	839	0.785581
24343	23961	839	0.785581
24343	24954	839	0.785581
24343	24573	7	0.006554
24343	23813	843	0.789326
24344	24656	1	0.001511
24344	24196	1	0.001511
24345	24112	2	0.000773
24345	24603	19	0.007344
24345	24196	1	0.000387
24345	24839	2	0.000773
24345	24842	1	0.000387
24345	23978	1	0.000387
24345	24428	11	0.004252
24345	25101	19	0.007344
24345	25038	1	0.000387
24345	24493	1	0.000387
24345	24656	3	0.001160
24345	23886	1	0.000387
24345	24437	1	0.000387
24345	23959	8	0.003092
24345	24762	2	0.000773
24345	24091	6	0.002319
24345	24573	3	0.001160
24346	24112	3	0.142857
24346	24409	22	1.047619
24346	25026	4	0.190476
24348	24656	1069	0.959605
24348	24112	3	0.002693
24348	24603	4	0.003591
24348	24301	12504	11.224417
24349	24112	1	0.043478
24349	24493	13	0.565217
24351	25081	2	0.001826
24351	23971	4	0.003653
24351	24228	2	0.001826
24351	24409	2	0.001826
24352	25146	3	0.375000
24352	24051	3	0.375000
24352	23914	1	0.125000
24353	23848	159	0.600000
24353	24032	1	0.003774
24353	23978	1	0.003774
24353	24493	1	0.003774
24354	24208	2	0.250000
24354	24457	2	0.250000
24354	24572	2	0.250000
24354	24806	2	0.250000
24354	24007	55	6.875000
24356	23917	2	0.500000
24357	24097	1	0.001033
24357	25027	627	0.647727
24357	24475	1	0.001033
24357	25101	2	0.002066
24357	25038	1	0.001033
24357	24419	103	0.106405
24357	24995	1	0.001033
24357	24603	1	0.001033
24357	24030	1	0.001033
24358	24326	1	0.001808
24358	24839	1	0.001808
24358	24842	4	0.007233
24358	25101	4	0.007233
24358	24339	1	0.001808
24358	24090	4	0.007233
24358	24603	1	0.001808
24358	24097	2	0.003617
24358	24740	4	0.007233
24358	25001	3	0.005425
24358	25134	10	0.018083
24358	23983	1	0.001808
24358	25146	5	0.009042
24358	25149	1	0.001808
24358	24382	1	0.001808
24358	24800	1	0.001808
24358	24904	1	0.001808
24358	24401	1	0.001808
24358	24150	1	0.001808
24358	24408	1	0.001808
24358	24032	1	0.001808
24358	24163	5	0.009042
24358	25076	1065	1.925859
24358	24699	1	0.001808
24360	24177	15	0.937500
24361	24097	2	0.005650
24361	24038	1	0.002825
24361	23978	1	0.002825
24361	25101	1	0.002825
24361	24656	2	0.005650
24361	24573	2	0.005650
24363	24272	4	0.081633
24364	24207	2	0.076923
24364	24639	25	0.961538
24365	24376	34	0.096591
24366	24386	2	0.142857
24366	24197	2	0.142857
24366	24007	100	7.142857
24366	24732	2	0.142857
24366	24999	1	0.071429
24366	24653	2	0.142857
24366	25109	2	0.142857
24366	23945	2	0.142857
24366	24857	2	0.142857
24366	24508	2	0.142857
24366	24254	2	0.142857
24367	24656	1	0.022222
24367	23978	1	0.022222
24370	24097	1	0.001266
24370	24603	2	0.002532
24370	23959	1	0.001266
24370	24493	2	0.002532
24370	24321	1	0.001266
24371	24097	3	0.001399
24371	24674	67893	31.666511
24371	25101	3	0.001399
24371	24493	1	0.000466
24371	24628	1	0.000466
24371	24603	1	0.000466
24374	23937	1	0.003484
24374	24194	2	0.006969
24374	23894	1	0.003484
24374	24204	1	0.003484
24374	24144	1	0.003484
24374	24216	1	0.003484
24374	24097	2	0.006969
24374	24098	1	0.003484
24374	25124	1	0.003484
24374	24493	144	0.501742
24374	24624	2	0.006969
24374	25146	1	0.003484
24374	24379	1	0.003484
24374	24011	1	0.003484
24374	23886	1	0.003484
24374	24912	2	0.006969
24374	23891	1	0.003484
24374	24150	2	0.006969
24374	23896	6	0.020906
24374	24228	1	0.003484
24374	24656	2	0.006969
24374	24677	1	0.003484
24374	25063	1	0.003484
24374	25079	3	0.010453
24374	24701	2	0.006969
24374	24062	3	0.010453
24375	24215	2	1.000000
24376	24032	2	0.000660
24376	24097	4	0.001320
24376	24475	1	0.000330
24376	24007	2	0.000660
24376	24842	1	0.000330
24376	24521	1	0.000330
24376	23978	2	0.000660
24376	24493	4	0.001320
24376	25038	1	0.000330
24376	25149	2	0.000660
24376	24656	2	0.000660
24376	23959	2	0.000660
24376	24090	1	0.000330
24376	24603	8	0.002639
24376	25101	1	0.000330
24376	24573	1	0.000330
24377	24112	1	0.058824
24377	24493	5	0.294118
24377	23959	2	0.117647
24378	24097	2	0.048780
24378	24326	1	0.024390
24378	23895	1	0.024390
24378	24493	1	0.024390
24378	24663	1	0.024390
24378	24090	3	0.073171
24378	25115	1	0.024390
24378	24861	1	0.024390
24379	24097	2	0.001842
24379	25124	2	0.001842
24379	24728	1	0.000921
24379	24228	2	0.001842
24379	24090	2	0.001842
24379	24484	1	0.000921
24379	24570	1	0.000921
24379	24062	3	0.002762
24380	24904	155	11.071429
24381	24493	7	0.318182
24382	24839	2	0.004619
24382	24713	1	0.002309
24382	24842	6	0.013857
24382	25101	8	0.018476
24382	24339	1	0.002309
24382	24212	2	0.004619
24382	24494	1	0.002309
24382	23959	3	0.006928
24382	24090	6	0.013857
24382	24602	2	0.004619
24382	24097	9	0.020785
24382	24740	2	0.004619
24382	24358	1	0.002309
24382	24493	2	0.004619
24382	25134	14	0.032333
24382	23983	1	0.002309
24382	24691	1	0.002309
24382	25146	1	0.002309
24382	25149	1	0.002309
24382	24400	1	0.002309
24382	24146	1	0.002309
24382	25043	1	0.002309
24382	24150	1	0.002309
24382	24418	104	0.240185
24382	24163	1	0.002309
24382	24292	1	0.002309
24382	25068	1	0.002309
24382	24304	1	0.002309
24382	23923	1	0.002309
24382	25076	1066	2.461894
24382	24852	1	0.002309
24382	24573	1	0.002309
24384	24097	2	0.003922
24384	24038	1	0.001961
24384	23978	1	0.001961
24384	25101	1	0.001961
24384	24656	2	0.003922
24384	24573	2	0.003922
24386	24197	2	0.142857
24386	24007	100	7.142857
24386	24732	2	0.142857
24386	24999	1	0.071429
24386	24653	2	0.142857
24386	24366	2	0.142857
24386	25109	2	0.142857
24386	23945	2	0.142857
24386	24857	2	0.142857
24386	24508	2	0.142857
24386	24254	2	0.142857
24387	24097	293	0.427114
24387	25051	1	0.001458
24387	24493	1	0.001458
24387	24656	2	0.002915
24387	24112	2	0.002915
24387	24603	293	0.427114
24388	24097	2	0.028169
24388	24090	68	0.957746
24389	24032	2	0.000292
24389	24112	15	0.002190
24389	24603	287	0.041898
24389	24740	2	0.000292
24389	24097	206	0.030073
24389	24379	182	0.026569
24389	23978	4411	0.643942
24389	24475	1	0.000146
24389	24493	4301	0.627883
24389	25101	2	0.000292
24389	24656	4418	0.644964
24389	23862	1	0.000146
24389	24090	3	0.000438
24389	24091	4	0.000584
24392	24032	2	0.000109
24392	24097	1	0.000055
24392	24603	3	0.000164
24392	24475	5	0.000274
24392	24038	1	0.000055
24392	24745	5	0.000274
24392	23978	2	0.000109
24392	23959	3	0.000164
24392	25068	2	0.000109
24392	25101	33	0.001805
24392	25038	1	0.000055
24392	24688	900134	49.246854
24392	24628	6	0.000328
24392	25134	3	0.000164
24392	24809	1	0.000055
24392	24792	1	0.000055
24392	24090	2	0.000109
24392	24091	1	0.000055
24392	25084	18933	1.035835
24392	24842	2	0.000109
24395	25026	1	0.001460
24395	23914	6	0.008759
24395	24493	55	0.080292
24395	24112	8	0.011679
24395	24467	7	0.010219
24395	24150	4	0.005839
24395	24569	2	0.002920
24395	24731	2	0.002920
24395	23837	3	0.004380
24396	24321	8	0.030888
24396	25026	931	3.594595
24396	23914	1	0.003861
24396	24887	42	0.162162
24396	24493	10137	39.138996
24396	24527	2	0.007722
24396	24112	22437	86.629344
24396	25076	2	0.007722
24396	23959	8	0.030888
24396	24346	2	0.007722
24396	24091	10	0.038610
24396	24762	4	0.015444
24399	24096	59	1.072727
24399	24105	55	1.000000
24399	24875	1	0.018182
24399	24493	148	2.690909
24399	25039	1	0.018182
24399	24112	154	2.800000
24399	24211	55	1.000000
24399	24185	1	0.018182
24399	25053	1	0.018182
24400	25026	1	0.001701
24400	23971	1	0.001701
24400	24740	3	0.005102
24400	24839	1	0.001701
24400	25001	2	0.003401
24400	24842	4	0.006803
24400	25101	3	0.005102
24400	25134	2	0.003401
24400	24401	1	0.001701
24400	24146	1	0.001701
24400	25076	1303	2.215986
24400	25124	5	0.008503
24400	24090	3	0.005102
24400	24379	1	0.001701
24400	24573	1	0.001701
24400	24484	1	0.001701
24401	24108	1265	1.747238
24402	25025	22	0.550000
24402	24419	1	0.025000
24402	24493	3	0.075000
24402	24112	2	0.050000
24402	24051	1	0.025000
24402	25076	1	0.025000
24402	25111	1	0.025000
24402	24570	1	0.025000
24405	24032	1	0.000219
24405	24097	3	0.000657
24405	24130	6	0.001313
24405	24475	3	0.000657
24405	24233	9132	1.998687
24405	23978	3	0.000657
24405	23959	1	0.000219
24405	24656	4	0.000875
24405	24041	1	0.000219
24405	24603	5	0.001094
24406	24656	1	0.000303
24406	24097	1	0.000303
24408	24097	12	0.048583
24408	24101	14	0.056680
24408	24839	5	0.020243
24408	23848	5	0.020243
24408	24521	5	0.020243
24408	23914	15	0.060729
24408	24493	15	0.060729
24408	25134	4	0.016194
24408	23959	5	0.020243
24408	24222	5	0.020243
24409	25005	12	0.184615
24409	25107	8	0.123077
24409	25111	1	0.015385
24409	24603	3	0.046154
24409	24092	5	0.076923
24409	24093	1	0.015385
24409	24095	2	0.030769
24409	24096	6	0.092308
24409	24097	9	0.138462
24409	24098	8	0.123077
24409	24105	9	0.138462
24409	24111	16	0.246154
24409	24112	3	0.046154
24409	24117	6	0.092308
24409	25146	10	0.153846
24409	24127	11	0.169231
24409	25154	2	0.030769
24409	24139	11	0.169231
24409	24143	2	0.030769
24409	24144	4	0.061538
24409	24146	11	0.169231
24409	24148	3	0.046154
24409	24164	3	0.046154
24409	24170	5	0.076923
24409	24185	31	0.476923
24409	24196	38	0.584615
24409	24198	4	0.061538
24409	24087	1	0.015385
24409	24205	18	0.276923
24409	24719	2	0.030769
24409	24212	3	0.046154
24409	24217	5	0.076923
24409	24731	4	0.061538
24409	24222	2	0.030769
24409	24232	1	0.015385
24409	24747	3	0.046154
24409	24236	2	0.030769
24409	24751	5	0.076923
24409	24762	14	0.215385
24409	24255	1	0.015385
24409	24773	25	0.384615
24409	24267	6	0.092308
24409	24794	1	0.015385
24409	24015	12	0.184615
24409	24804	13	0.200000
24409	24303	1	0.015385
24409	24321	17	0.261538
24409	24834	1	0.015385
24409	24326	37	0.569231
24409	24839	10	0.153846
24409	24859	5	0.076923
24409	23862	6	0.092308
24409	24891	5	0.076923
24409	23874	4	0.061538
24409	24374	8	0.123077
24409	24391	1	0.015385
24409	23881	4	0.061538
24409	23886	2	0.030769
24409	23888	1	0.015385
24409	23890	11	0.169231
24409	24920	1	0.015385
24409	23898	2	0.030769
24409	23899	4	0.061538
24409	24419	8	0.123077
24409	24424	10	0.153846
24409	23914	46	0.707692
24409	23917	32	0.492308
24409	24979	3	0.046154
24409	24437	2	0.030769
24409	24444	1	0.015385
24409	23935	7	0.107692
24409	24455	4	0.061538
24409	23959	152	2.338462
24409	24467	5	0.076923
24409	24983	1	0.015385
24409	24984	8	0.123077
24409	23970	3	0.046154
24409	24484	1	0.015385
24409	24379	1	0.015385
24409	23978	11	0.169231
24409	24903	5	0.076923
24409	24493	55	0.846154
24409	24002	3	0.046154
24409	25013	1	0.015385
24409	25025	14	0.215385
24409	25026	22	0.338462
24409	24521	56	0.861538
24409	24525	5	0.076923
24409	24527	11	0.169231
24409	24018	1	0.015385
24409	24025	1	0.015385
24409	25053	19	0.292308
24409	24032	10	0.153846
24409	24656	11	0.169231
24409	24036	8	0.123077
24409	24038	7	0.107692
24409	25063	7	0.107692
24409	24041	9	0.138462
24409	24043	1	0.015385
24409	24556	4	0.061538
24409	24914	4	0.061538
24409	25078	7	0.107692
24409	24569	1	0.015385
24409	24570	72	1.107692
24409	24573	9	0.138462
24409	24062	23	0.353846
24409	24063	1	0.015385
24410	24326	1	0.002415
24410	24839	1	0.002415
24410	24842	1	0.002415
24410	25101	1	0.002415
24410	24339	18	0.043478
24410	24852	21	0.050725
24410	25134	1	0.002415
24410	23959	1	0.002415
24410	24090	4	0.009662
24410	24419	2	0.004831
24410	24097	1	0.002415
24410	24740	1	0.002415
24410	24358	20	0.048309
24410	25001	1	0.002415
24410	24493	4	0.009662
24410	24494	23	0.055556
24410	23983	20	0.048309
24410	24112	1	0.002415
24410	25146	2	0.004831
24410	24467	2	0.004831
24410	25149	22	0.053140
24410	24382	21	0.050725
24410	24400	19	0.045894
24410	24401	1	0.002415
24410	24146	3	0.007246
24410	25043	21	0.050725
24410	24150	24	0.057971
24410	24418	18	0.043478
24410	24163	18	0.043478
24410	24292	21	0.050725
24410	25068	14	0.033816
24410	24304	18	0.043478
24410	23923	21	0.050725
24410	25076	1767	4.268116
24410	24185	1	0.002415
24410	24570	3	0.007246
24413	24112	1	0.041667
24413	24493	10	0.416667
24414	24419	1	0.002500
24414	24740	2	0.005000
24414	25134	1	0.002500
24414	23923	1	0.002500
24414	24090	2	0.005000
24414	24700	1214	3.035000
24414	24573	1	0.002500
24417	24603	1	0.007812
24418	24097	2	0.004751
24418	25026	2	0.004751
24418	23931	1	0.002375
24418	24740	2	0.004751
24418	24326	1	0.002375
24418	24614	1	0.002375
24418	24839	6	0.014252
24418	25001	2	0.004751
24418	24842	2	0.004751
24418	25101	3	0.007126
24418	24163	1	0.002375
24418	25076	866	2.057007
24418	24244	1	0.002375
24418	25146	5	0.011876
24418	24571	1	0.002375
24418	24090	1	0.002375
24420	24097	2	0.083333
24420	24459	11	0.458333
24421	24864	3	0.375000
24421	24930	3	0.375000
24421	23875	3	0.375000
24421	24140	3	0.375000
24421	24547	3	0.375000
24421	24501	3	0.375000
24421	24124	3	0.375000
24424	24105	8	0.235294
24424	23899	2	0.058824
24424	24467	5	0.147059
24424	24493	48	1.411765
24424	24326	2	0.058824
24425	24112	9	0.236842
24425	24493	3	0.078947
24425	23910	1	0.026316
24426	24032	15	0.009940
24426	24097	437	0.289596
24426	24419	21	0.013917
24426	25124	437	0.289596
24426	24656	68	0.045063
24426	23978	130	0.086150
24426	24493	4	0.002651
24426	24272	1550	1.027170
24426	24599	12974	8.597747
24426	24484	72	0.047714
24426	24603	788	0.522200
24426	24573	1	0.000663
24428	23914	1	0.015152
24428	24493	1	0.015152
24428	24021	1	0.015152
24428	23959	3	0.045455
24428	24409	1	0.015152
24428	24090	2	0.030303
24428	24570	5	0.075758
24429	24904	2730	10.000000
24429	24656	5	0.018315
24429	25101	2	0.007326
24429	24097	6	0.021978
24430	24097	7	0.019391
24430	24674	14	0.038781
24430	24603	1	0.002770
24430	24573	1	0.002770
24430	24401	1	0.002770
24431	24656	341	0.258138
24431	24097	341	0.258138
24431	24603	397	0.300530
24431	24493	4	0.003028
24433	24032	1681	0.947042
24433	24097	1	0.000563
24433	23971	1	0.000563
24433	24228	1	0.000563
24433	24321	1	0.000563
24433	23978	1685	0.949296
24433	24475	1	0.000563
24433	24493	3	0.001690
24433	25038	131	0.073803
24433	24112	8	0.004507
24433	24629	22639	12.754366
24433	24603	2	0.001127
24433	24842	1	0.000563
24434	24097	1	0.028571
24434	24090	1	0.028571
24434	24292	1	0.028571
24435	24400	4	0.043011
24435	24418	7	0.075269
24435	24163	6	0.064516
24435	24292	6	0.064516
24435	24358	4	0.043011
24435	23923	6	0.064516
24435	25068	2	0.021505
24435	24493	4	0.043011
24435	24494	6	0.064516
24435	23983	6	0.064516
24435	24304	6	0.064516
24435	24146	2	0.021505
24435	24339	7	0.075269
24435	24852	6	0.064516
24435	24150	6	0.064516
24435	25076	374	4.021505
24435	25149	6	0.064516
24435	24382	6	0.064516
24435	25043	8	0.086022
24436	24656	38	0.950000
24437	24728	2	0.043478
24437	23886	2	0.043478
24437	25063	2	0.043478
24438	24522	194	1.658120
24438	24388	3	0.025641
24440	24097	3	0.012766
24440	24475	1	0.004255
24440	24326	1	0.004255
24440	23978	1	0.004255
24440	24603	2	0.008511
24440	24573	2	0.008511
24441	24570	1	0.001866
24441	23914	1	0.001866
24441	24038	1	0.001866
24441	24493	2	0.003731
24443	24845	42	0.976744
24444	25001	1	0.035714
24444	24062	1	0.035714
24444	24185	1	0.035714
24445	24091	1	0.000166
24445	24292	1	0.000166
24445	24904	1	0.000166
24445	25001	1	0.000166
24445	23914	2	0.000332
24445	24493	5334	0.884430
24445	25006	2	0.000332
24445	25101	1	0.000166
24445	24656	42	0.006964
24445	24401	1	0.000166
24445	23923	1	0.000166
24445	24852	1	0.000166
24445	25134	1	0.000166
24445	23959	1	0.000166
24445	24740	1	0.000166
24445	24090	1	0.000166
24445	24603	42	0.006964
24445	24842	1	0.000166
24445	25043	1	0.000166
24447	24540	20	0.952381
24448	23922	158	7.900000
24448	23927	20	1.000000
24449	24656	3	0.000730
24449	24097	2	0.000486
24449	24499	12315	2.995622
24451	24097	5	0.005447
24451	24419	78	0.084967
24451	23975	2	0.002179
24451	25101	1	0.001089
24451	24150	1	0.001089
24451	23959	1	0.001089
24451	24090	1	0.001089
24451	24573	1	0.001089
24454	24097	2	0.001441
24454	24546	1	0.000720
24454	24419	2	0.001441
24454	24842	1	0.000720
24454	24493	1	0.000720
24454	25101	1	0.000720
24454	24656	269	0.193804
24454	24731	2	0.001441
24454	24852	1	0.000720
24454	25146	177	0.127522
24454	24603	321	0.231268
24454	24090	1	0.000720
24455	24740	1	0.083333
24455	24232	84	7.000000
24455	25001	3	0.250000
24455	24842	1	0.083333
24455	24493	1	0.083333
24455	25134	2	0.166667
24455	25101	1	0.083333
24455	24146	1	0.083333
24455	24150	1	0.083333
24455	24984	12	1.000000
24455	24090	3	0.250000
24457	24208	2	0.285714
24457	24572	2	0.285714
24457	24806	2	0.285714
24457	24007	51	7.285714
24459	24097	2	0.050000
24459	24740	1	0.025000
24459	24904	1	0.025000
24459	24842	1	0.025000
24459	24112	1	0.025000
24459	24090	8	0.200000
24459	24304	1	0.025000
24459	23966	3	0.075000
24461	24475	1	0.001129
24461	25001	1	0.001129
24461	24842	1	0.001129
24461	25101	2	0.002257
24461	25134	1	0.001129
24461	25038	2	0.002257
24461	24090	1	0.001129
24461	24603	5	0.005643
24461	24573	2	0.002257
24464	24400	1	0.001161
24464	24097	2	0.002323
24464	25124	1	0.001161
24464	24904	1	0.001161
24464	23978	18	0.020906
24464	23917	1	0.001161
24464	25134	2	0.002323
24464	25101	1	0.001161
24464	24656	4	0.004646
24464	24401	1	0.001161
24464	24150	1	0.001161
24464	24090	2	0.002323
24464	24603	14	0.016260
24464	24842	1	0.001161
24467	24096	1	0.012658
24467	24036	2	0.025316
24467	24326	10	0.126582
24467	24038	1	0.012658
24467	24424	4	0.050633
24467	23959	3	0.037975
24467	24569	1	0.012658
24472	23886	1	0.090909
24474	23914	1	0.058824
24474	24044	1	0.058824
24474	24493	23	1.352941
24475	25134	1	0.030303
24476	24321	1	0.031250
24476	24540	118	3.687500
24476	23959	2	0.062500
24477	23959	1	0.055556
24478	24038	1	0.002066
24478	24232	1	0.002066
24478	24105	1743	3.601240
24478	24139	9	0.018595
24478	24493	26	0.053719
24478	24112	45	0.092975
24478	23881	2	0.004132
24478	24090	9	0.018595
24478	23899	180	0.371901
24481	24842	2	0.029851
24481	24493	124	1.850746
24481	25101	1	0.014925
24481	24112	14	0.208955
24481	23959	5	0.074627
24481	24090	2	0.029851
24481	24603	1	0.014925
24482	24656	50	2.000000
24482	24097	25	1.000000
24482	24603	25	1.000000
24482	24326	25	1.000000
24484	24160	9	0.011436
24484	25025	1	0.001271
24484	24098	1	0.001271
24484	23971	9	0.011436
24484	24196	2	0.002541
24484	24737	2	0.002541
24484	23914	1	0.001271
24484	24493	8	0.010165
24484	24112	2	0.002541
24484	24018	1	0.001271
24484	25107	1	0.001271
24484	24212	1	0.001271
24484	25142	2	0.002541
24484	23959	2	0.002541
24484	25124	166	0.210928
24484	24570	1	0.001271
24484	24467	1	0.001271
24484	24127	1	0.001271
24487	24097	3	0.008000
24487	24540	5	0.013333
24488	24321	1	0.001626
24488	24219	2	0.003252
24488	23978	1	0.001626
24488	24443	3	0.004878
24488	24845	543	0.882927
24488	24493	2	0.003252
24488	24112	1	0.001626
24488	24146	2	0.003252
24488	24917	4	0.006504
24488	23959	1	0.001626
24488	24952	3	0.004878
24488	24570	4	0.006504
24488	24603	3	0.004878
24489	24321	1	0.001626
24489	24219	2	0.003252
24489	23978	1	0.001626
24489	24443	3	0.004878
24489	24845	543	0.882927
24489	24493	2	0.003252
24489	24112	1	0.001626
24489	24146	2	0.003252
24489	24917	4	0.006504
24489	23959	1	0.001626
24489	24952	3	0.004878
24489	24570	4	0.006504
24489	24603	3	0.004878
24492	24321	1	0.001626
24492	24219	2	0.003252
24492	23978	1	0.001626
24492	24443	3	0.004878
24492	24845	543	0.882927
24492	24493	2	0.003252
24492	24112	1	0.001626
24492	24146	2	0.003252
24492	24917	4	0.006504
24492	23959	1	0.001626
24492	24952	3	0.004878
24492	24570	4	0.006504
24492	24603	3	0.004878
24493	24112	258	0.425743
24493	24904	1	0.001650
24493	25001	1	0.001650
24493	24842	1	0.001650
24493	25101	1	0.001650
24493	25134	1	0.001650
24493	24656	10	0.016502
24493	24401	1	0.001650
24493	24762	1	0.001650
24493	24090	4	0.006601
24494	24326	2	0.004535
24494	24839	2	0.004535
24494	24842	6	0.013605
24494	25101	44	0.099773
24494	24339	1	0.002268
24494	24212	4	0.009070
24494	24090	5	0.011338
24494	24097	4	0.009070
24494	24740	4	0.009070
24494	24358	1	0.002268
24494	25001	4	0.009070
24494	23978	2	0.004535
24494	24493	20	0.045351
24494	25134	4	0.009070
24494	23983	1	0.002268
24494	25146	2	0.004535
24494	25149	3	0.006803
24494	24382	1	0.002268
24494	24400	1	0.002268
24494	24401	4	0.009070
24494	24146	12	0.027211
24494	25043	1	0.002268
24494	24150	1	0.002268
24494	24418	1	0.002268
24494	24163	5	0.011338
24494	24292	1	0.002268
24494	25068	1	0.002268
24494	24304	1	0.002268
24494	23923	1	0.002268
24494	25076	934	2.117914
24494	24852	1	0.002268
24495	24112	1	0.125000
24495	24842	1	0.125000
24495	24090	5	0.625000
24496	24097	2	0.000854
24496	23978	6	0.002561
24496	24656	3	0.001280
24496	24244	1677	0.715749
24496	24090	2	0.000854
24496	24603	3	0.001280
24498	24098	1	0.000967
24498	25101	1	0.000967
24498	24326	1607	1.554159
24498	24842	1	0.000967
24498	24556	1	0.000967
24498	24493	3	0.002901
24498	25038	2	0.001934
24498	25005	1	0.000967
24498	24112	1	0.000967
24498	24979	1	0.000967
24498	25134	1	0.000967
24498	25078	1	0.000967
24498	23959	2	0.001934
24498	24467	1	0.000967
24499	24032	2	0.002395
24499	24097	8	0.009581
24499	24326	3	0.003593
24499	24449	199	0.238323
24499	24809	1	0.001198
24499	23978	1	0.001198
24499	25101	28	0.033533
24499	24493	82	0.098204
24499	24656	8	0.009581
24499	24977	7	0.008383
24499	25023	20	0.023952
24499	24112	4	0.004790
24499	24409	1	0.001198
24499	24603	14	0.016766
24499	25087	5	0.005988
24500	24097	2872	0.976207
24500	24603	1	0.000340
24500	24694	5	0.001700
24501	24826	42	0.328125
24503	24098	1	0.000967
24503	25101	1	0.000967
24503	24326	1607	1.554159
24503	24842	1	0.000967
24503	24556	1	0.000967
24503	24493	3	0.002901
24503	25038	2	0.001934
24503	25005	1	0.000967
24503	24112	1	0.000967
24503	24979	1	0.000967
24503	25134	1	0.000967
24503	25078	1	0.000967
24503	23959	2	0.001934
24503	24467	1	0.000967
24506	24146	1	0.062500
24506	24603	1	0.062500
24507	24700	8713	52.487952
24507	24902	1	0.006024
24507	24414	2	0.012048
24508	24386	2	0.142857
24508	24197	2	0.142857
24508	24007	100	7.142857
24508	23945	2	0.142857
24508	24999	1	0.071429
24508	24653	2	0.142857
24508	24366	2	0.142857
24508	25109	2	0.142857
24508	24857	2	0.142857
24508	24732	2	0.142857
24508	24254	2	0.142857
24510	24376	9	0.692308
24510	24097	1	0.076923
24511	24091	4	0.005450
24511	24740	1	0.001362
24511	25101	5	0.006812
24511	25134	1	0.001362
24511	24656	5	0.006812
24511	24022	581	0.791553
24511	23959	1	0.001362
24511	24603	1	0.001362
24514	24342	1906	0.815576
24514	24913	1916	0.819855
24514	24810	1906	0.815576
24514	25099	1906	0.815576
24514	25101	12	0.005135
24514	24526	1906	0.815576
24514	24656	4	0.001712
24514	24529	1926	0.824134
24514	23903	22	0.009414
24514	24174	1906	0.815576
24514	25014	1906	0.815576
24514	24343	1906	0.815576
24514	23961	1906	0.815576
24514	24954	1906	0.815576
24514	24639	22	0.009414
24514	23813	1916	0.819855
24515	23937	1449	0.999310
24515	24740	2	0.001379
24515	24097	3	0.002069
24515	24656	1	0.000690
24515	24304	3	0.002069
24515	24828	1	0.000690
24515	23903	2063	1.422759
24518	25089	1	0.027027
24518	24007	320	8.648649
24518	24252	1	0.027027
24518	23969	1	0.027027
24518	24113	1	0.027027
24518	24115	2	0.054054
24518	24209	1	0.027027
24518	25082	2	0.054054
24518	24732	1	0.027027
24518	24893	1	0.027027
24519	24321	1	0.001733
24519	24475	91	0.157712
24519	24097	1	0.001733
24519	24656	1	0.001733
24519	25020	1	0.001733
24519	24493	155	0.268631
24519	25134	1	0.001733
24519	24047	1807	3.131716
24519	24112	93	0.161179
24519	24603	652	1.129983
24519	25101	1	0.001733
24520	24097	84	0.103960
24520	24475	2	0.002475
24520	24740	1	0.001238
24520	24041	1	0.001238
24520	24842	2	0.002475
24520	25101	123	0.152228
24520	25134	3	0.003713
24520	24196	3	0.003713
24520	24307	765	0.946782
24520	24185	2	0.002475
24520	24603	2	0.002475
24520	24573	1	0.001238
24520	23978	1	0.001238
24522	24603	1	0.001558
24522	24388	3	0.004673
24522	24573	1	0.001558
24522	25038	3	0.004673
24522	23959	1	0.001558
24524	25076	3	0.037975
24524	24076	12	0.151899
24524	23959	3	0.037975
24525	24358	2	0.037736
24525	24556	6	0.113208
24525	24493	25	0.471698
24525	24112	22	0.415094
24525	25078	1	0.018868
24525	23959	9	0.169811
24526	24097	8	0.003546
24526	24514	1864	0.826241
24526	24342	1857	0.823138
24526	24913	1864	0.826241
24526	24810	1857	0.823138
24526	25099	1857	0.823138
24526	24174	1857	0.823138
24526	24656	9	0.003989
24526	24529	1871	0.829344
24526	25014	1857	0.823138
24526	24343	1857	0.823138
24526	23961	1857	0.823138
24526	24954	1857	0.823138
24526	24842	7	0.003103
24526	24090	9	0.003989
24526	23813	1864	0.826241
24527	25026	1	0.038462
24527	24731	1	0.038462
24527	24326	1	0.038462
24527	24603	1	0.038462
24527	23881	1	0.038462
24527	24842	2	0.076923
24527	25111	1	0.038462
24527	23886	3	0.115385
24527	24815	2	0.076923
24527	25072	2	0.076923
24527	23959	2	0.076923
24527	24091	1	0.038462
24527	25063	1	0.038462
24528	23937	1337	0.999253
24528	24740	2	0.001495
24528	24097	3	0.002242
24528	24656	1	0.000747
24528	24304	3	0.002242
24528	24828	1	0.000747
24528	23903	1882	1.406577
24529	24514	396	0.741573
24529	24196	1	0.001873
24529	24342	395	0.739700
24529	24810	404	0.756554
24529	25099	395	0.739700
24529	24526	395	0.739700
24529	24913	396	0.741573
24529	24174	395	0.739700
24529	25014	395	0.739700
24529	24343	395	0.739700
24529	25048	1	0.001873
24529	23961	395	0.739700
24529	24954	395	0.739700
24529	23813	396	0.741573
24530	24740	5	0.004873
24530	25101	2	0.001949
24530	24656	2053	2.000975
24530	24292	1	0.000975
24530	24185	1	0.000975
24530	24603	1	0.000975
24532	24112	1	0.066667
24532	24097	16	1.066667
24532	23914	1	0.066667
24532	24493	1	0.066667
24532	24374	1	0.066667
24533	23937	2596	0.999615
24533	24740	2	0.000770
24533	24097	3	0.001155
24533	24656	1	0.000385
24533	24828	1	0.000385
24533	24304	3	0.001155
24533	23903	4518	1.739700
24534	23937	3	0.004762
24534	23978	604	0.958730
24534	24493	3	0.004762
24534	24112	1	0.001587
24534	24788	113	0.179365
24534	24090	2	0.003175
24535	24097	2	0.012048
24536	24521	1	0.250000
24537	24032	142	0.103123
24537	24097	504	0.366013
24537	24419	21	0.015251
24537	25124	564	0.409586
24537	24656	68	0.049383
24537	23978	257	0.186638
24537	24493	4	0.002905
24537	24272	1506	1.093682
24537	24599	10890	7.908497
24537	24484	72	0.052288
24537	24603	795	0.577342
24537	24573	1	0.000726
24539	24277	7	0.034146
24540	23978	1	0.017241
24541	24097	3	0.018519
24541	24970	2	0.012346
24541	24525	1	0.006173
24541	25134	4	0.024691
24541	25101	1	0.006173
24541	24656	1	0.006173
24541	23983	1	0.006173
24541	24603	1	0.006173
24543	24493	2	0.285714
24544	24321	1	0.025000
24544	24540	16	0.400000
24544	23959	2	0.050000
24545	24603	4	0.200000
24545	24573	2	0.100000
24546	24032	1	0.003289
24546	24521	62	0.203947
24546	24603	2	0.006579
24546	25051	1	0.003289
24546	24097	1	0.003289
24547	24573	2	0.010000
24552	24401	2	0.001681
24552	24058	20	0.016807
24552	24603	1	0.000840
24552	24573	1	0.000840
24556	24525	3	0.333333
24560	24002	1	0.001934
24560	24842	1	0.001934
24560	24203	1	0.001934
24560	24656	517	1.000000
24560	25076	3	0.005803
24560	24916	1874	3.624758
24562	24326	2	0.000954
24562	24072	1	0.000477
24562	24842	2	0.000954
24562	25101	16	0.007634
24562	23959	3	0.001431
24562	24090	4	0.001908
24562	24475	2	0.000954
24562	24603	1	0.000477
24562	24740	1	0.000477
24562	24101	165	0.078721
24562	24358	1131	0.539599
24562	23978	1	0.000477
24562	24493	7	0.003340
24562	25134	2	0.000954
24562	23983	1	0.000477
24562	24112	1	0.000477
24562	23862	2	0.000954
24562	24382	1	0.000477
24562	24639	1	0.000477
24562	24389	1	0.000477
24562	24527	1	0.000477
24562	24656	3	0.001431
24562	24401	2	0.000954
24562	24146	3	0.001431
24562	24408	3	0.001431
24562	24409	2	0.000954
24562	23903	1	0.000477
24562	24032	3	0.001431
24562	24419	2	0.000954
24562	23923	1	0.000477
24562	24573	1	0.000477
24564	24160	14	0.096552
24564	25026	2	0.013793
24564	24038	2	0.013793
24564	24493	1	0.006897
24564	24112	1	0.006897
24564	24212	1	0.006897
24567	23937	1171	0.998295
24567	24740	2	0.001705
24567	24097	3	0.002558
24567	24656	1	0.000853
24567	24304	3	0.002558
24567	24828	1	0.000853
24567	23903	1625	1.385337
24568	24603	103	0.229399
24569	24112	1	0.001901
24569	24196	23	0.043726
24569	24493	6	0.011407
24569	23977	4	0.007605
24569	24842	22	0.041825
24569	24747	2	0.003802
24569	24556	1	0.001901
24569	23917	6	0.011407
24569	25134	1	0.001901
24569	25101	2	0.003802
24569	24656	26	0.049430
24569	24401	2	0.003802
24569	24521	2	0.003802
24569	23860	4	0.007605
24569	23998	3	0.005703
24569	24246	3	0.005703
24569	24441	4	0.007605
24569	24628	1	0.001901
24569	24090	25	0.047529
24569	24484	1	0.001901
24569	24062	9	0.017110
24570	24419	1	0.014925
24570	24196	2	0.029851
24570	24493	2	0.029851
24570	24842	7	0.104478
24570	25101	2	0.029851
24570	25134	1	0.014925
24570	24335	2	0.029851
24570	24112	1	0.014925
24570	24146	1	0.014925
24570	25076	2	0.029851
24570	24740	2	0.029851
24570	24090	1	0.014925
24571	24097	1	0.000930
24571	24090	1	0.000930
24571	23978	3	0.002791
24571	24493	19	0.017674
24571	24656	2	0.001860
24571	25146	1	0.000930
24571	24603	4	0.003721
24571	24573	1	0.000930
24572	24208	2	0.285714
24572	24457	2	0.285714
24572	24806	2	0.285714
24572	24007	50	7.142857
24573	24842	5	0.006165
24573	25101	6	0.007398
24573	24339	1	0.001233
24573	24852	1	0.001233
24573	24494	1	0.001233
24573	24090	5	0.006165
24573	24097	1	0.001233
24573	24740	4	0.004932
24573	24358	1	0.001233
24573	25001	5	0.006165
24573	24493	46	0.056720
24573	25134	5	0.006165
24573	25146	1	0.001233
24573	25149	1	0.001233
24573	24382	7	0.008631
24573	24904	1	0.001233
24573	24014	8	0.009864
24573	24656	2	0.002466
24573	24401	1	0.001233
24573	24146	16	0.019729
24573	25043	1	0.001233
24573	24150	7	0.008631
24573	24409	807	0.995068
24573	24540	8	0.009864
24573	24400	1	0.001233
24573	24418	1	0.001233
24573	24163	1	0.001233
24573	24292	1	0.001233
24573	24304	7	0.008631
24573	23923	7	0.008631
24573	25076	3	0.003699
24574	23914	21	7.000000
24574	24493	9	3.000000
