Src	Trg	LinkCount	RelLinkCount
16384	16545	8	0.002996
16384	16516	2656	0.994757
16384	15592	8	0.002996
16384	15754	6	0.002247
16384	15477	2	0.000749
16384	16461	4	0.001498
16384	16573	4	0.001498
16384	15667	10	0.003745
16384	16597	4	0.001498
16384	16886	1	0.000375
16384	15562	2	0.000749
16384	15652	2	0.000749
16384	16010	1	0.000375
16384	15710	10	0.003745
16384	15935	8	0.002996
16385	15477	2	0.003120
16385	16414	2	0.003120
16388	16321	21	0.875000
16388	15877	23	0.958333
16389	15817	1	0.035714
16389	16814	1	0.035714
16389	15881	1	0.035714
16392	16257	3	0.002475
16392	16516	1	0.000825
16392	16769	1	0.000825
16392	16365	142	0.117162
16392	16913	16	0.013201
16392	16659	5	0.004125
16392	16019	1	0.000825
16392	16405	3	0.002475
16392	16151	1	0.000825
16392	15903	2	0.001650
16392	16416	2	0.001650
16392	16545	2	0.001650
16392	16475	32	0.026403
16392	16036	50	0.041254
16392	16805	11	0.009076
16392	16423	182	0.150165
16392	16553	9	0.007426
16392	16170	5	0.004125
16392	15667	95	0.078383
16392	16820	16	0.013201
16392	15799	1	0.000825
16392	16824	6	0.004950
16392	16436	40	0.033003
16392	15932	2	0.001650
16392	16573	5	0.004125
16392	16064	3	0.002475
16392	15811	244	0.201320
16392	16068	5	0.004125
16392	15562	251	0.207096
16392	16845	1	0.000825
16392	16334	1	0.000825
16392	15565	2	0.001650
16392	16722	1	0.000825
16392	15955	11	0.009076
16392	16085	2	0.001650
16392	16420	3	0.002475
16392	16347	1	0.000825
16392	15836	2	0.001650
16392	15718	1	0.000825
16392	16707	1	0.000825
16392	16107	176	0.145215
16392	16108	2	0.001650
16392	15853	120	0.099010
16392	15731	3	0.002475
16392	15477	17	0.014026
16392	16378	1	0.000825
16392	15996	1	0.000825
16392	15527	1	0.000825
16394	16545	4	0.004255
16394	15811	2	0.002128
16394	16005	2	0.002128
16394	15912	12	0.012766
16394	15853	10	0.010638
16394	15592	6	0.006383
16394	15477	2	0.002128
16394	15575	5	0.005319
16394	15547	2	0.002128
16394	16475	4	0.004255
16394	15710	2	0.002128
16394	15615	5	0.005319
16398	16374	2	0.003339
16398	15718	1	0.001669
16398	16877	1	0.001669
16399	15932	16	1.000000
16401	16880	1	0.001613
16401	15849	2	0.003226
16401	16093	1	0.001613
16402	15718	1	0.003559
16402	15853	3	0.010676
16402	15984	6	0.021352
16402	16341	3	0.010676
16402	16094	3	0.010676
16402	16597	9	0.032028
16405	15648	1	0.001122
16405	16644	21	0.023569
16405	15853	1	0.001122
16405	16783	1	0.001122
16405	16114	1	0.001122
16405	15667	1	0.001122
16405	16660	1	0.001122
16405	15477	1	0.001122
16405	15607	1	0.001122
16405	16493	1	0.001122
16405	16573	1	0.001122
16406	15648	4	0.012308
16406	15522	2	0.006154
16406	16068	4	0.012308
16406	16805	2	0.006154
16406	15816	4	0.012308
16406	16553	325	1.000000
16406	16841	2	0.006154
16406	16434	2	0.006154
16406	16659	325	1.000000
16406	16436	4	0.012308
16406	16085	2	0.006154
16406	16697	2	0.006154
16406	16824	10	0.030769
16406	16884	6	0.018462
16406	16475	1950	6.000000
16408	16803	37	1.000000
16408	15919	2	0.054054
16408	15664	37	1.000000
16408	15459	37	1.000000
16408	16377	37	1.000000
16408	15931	37	1.000000
16409	15776	34975	3.089664
16409	16705	1	0.000088
16409	15968	1	0.000088
16409	16035	7	0.000618
16409	15718	4900	0.432862
16409	15592	2	0.000177
16409	15754	6	0.000530
16409	15853	2	0.000177
16409	15827	10	0.000883
16409	16424	3	0.000265
16409	15667	2	0.000177
16409	15477	4	0.000353
16409	15575	1	0.000088
16409	15726	3	0.000265
16409	16341	1	0.000088
16409	16414	8	0.000707
16409	15711	2	0.000177
16413	15672	2	0.003774
16413	16824	1	0.001887
16413	15915	1	0.001887
16413	16420	8	0.015094
16413	16414	27	0.050943
16414	15984	4	0.005502
16414	16597	2	0.002751
16414	16035	1	0.001376
16414	16008	1	0.001376
16414	15853	1	0.001376
16414	16752	1	0.001376
16414	15601	1	0.001376
16414	16051	4	0.005502
16414	16917	2	0.002751
16414	15672	2	0.002751
16414	16347	3	0.004127
16414	16094	1	0.001376
16414	16725	3	0.004127
16416	15667	1	0.019231
16416	15932	6	0.115385
16416	15853	1	0.019231
16416	16350	3	0.057692
16417	15592	2	0.047619
16421	15742	909	0.429584
16423	15648	3	0.007299
16423	16776	1	0.002433
16423	16123	1	0.002433
16423	16068	1	0.002433
16423	16550	1	0.002433
16423	15816	3	0.007299
16423	16105	69	0.167883
16423	16170	1	0.002433
16423	15915	4	0.009732
16423	16434	1	0.002433
16423	15592	2	0.004866
16423	15667	1	0.002433
16423	15731	29	0.070560
16423	16085	5	0.012165
16423	16841	1	0.002433
16423	16824	2	0.004866
16423	16089	2	0.004866
16423	16475	407	0.990268
16423	15965	1	0.002433
16424	15718	9	0.005725
16424	15575	9	0.005725
16426	16736	1	0.012821
16426	16545	9	0.115385
16428	16545	1	0.001206
16428	16258	45	0.054282
16428	16035	5	0.006031
16428	15460	2	0.002413
16428	16005	119320	143.932449
16428	16550	1	0.001206
16428	15912	1	0.001206
16428	16394	1	0.001206
16428	16203	811	0.978287
16428	16684	50	0.060314
16428	15501	1	0.001206
16428	16656	18	0.021713
16428	15984	3	0.003619
16428	16744	33	0.039807
16428	15477	1	0.001206
16428	15920	20	0.024125
16428	16824	1	0.001206
16428	15644	1	0.001206
16428	16437	31	0.037394
16428	16069	675	0.814234
16429	16017	110	0.743243
16429	16633	2	0.013514
16432	16035	1	0.000524
16432	16516	28	0.014675
16432	16198	1	0.000524
16432	16136	2	0.001048
16432	15754	1	0.000524
16432	16573	2	0.001048
16432	16085	2	0.001048
16432	16824	3	0.001572
16432	15897	3	0.001572
16432	16443	1	0.000524
16432	15581	2	0.001048
16433	16265	20	0.006852
16433	16913	2	0.000685
16433	16406	4	0.001370
16433	16667	14	0.004796
16433	15648	2	0.000685
16433	16545	2	0.000685
16433	16550	8	0.002741
16433	15656	16	0.005481
16433	16364	26	0.008907
16433	15667	88	0.030147
16433	16824	2	0.000685
16433	16826	2	0.000685
16433	15932	30	0.010277
16433	16501	2	0.000685
16433	16198	4	0.001370
16433	15816	4	0.001370
16433	15694	6	0.002055
16433	15831	14	0.004796
16433	15705	2	0.000685
16433	15962	54	0.018499
16433	16475	2	0.000685
16433	16484	16	0.005481
16433	16108	4	0.001370
16433	15853	12	0.004111
16433	15477	24	0.008222
16433	16255	14	0.004796
16434	15648	1460	2.874016
16434	16659	468	0.921260
16434	16553	468	0.921260
16434	16136	2	0.003937
16434	15816	2	0.003937
16434	15667	2	0.003937
16434	16824	10	0.019685
16434	16475	2808	5.527559
16435	16170	11	0.069620
16435	16347	4	0.025316
16436	16132	2	0.004320
16436	16392	2	0.004320
16436	16270	1	0.002160
16436	16783	2	0.004320
16436	16913	1	0.002160
16436	15509	2	0.004320
16436	16151	2	0.004320
16436	16029	2	0.004320
16436	15648	2	0.004320
16436	16420	2	0.004320
16436	16423	1	0.002160
16436	16553	1	0.002160
16436	15915	2	0.004320
16436	15661	2	0.004320
16436	16305	2	0.004320
16436	16565	2	0.004320
16436	15799	1	0.002160
16436	16824	2	0.004320
16436	15547	1	0.002160
16436	16447	2	0.004320
16436	16715	2	0.004320
16436	16843	2	0.004320
16436	16085	3	0.006479
16436	16484	2	0.004320
16436	16475	1	0.002160
16436	15836	2	0.004320
16436	16736	2	0.004320
16436	15588	2	0.004320
16436	16873	2	0.004320
16436	16618	2	0.004320
16436	15984	1	0.002160
16436	16831	2	0.004320
16436	16509	2	0.004320
16436	16894	2	0.004320
16436	16405	2	0.004320
16437	16545	1	0.001462
16437	16258	45	0.065789
16437	16035	5	0.007310
16437	15460	2	0.002924
16437	16005	111926	163.634503
16437	16550	1	0.001462
16437	16744	33	0.048246
16437	16684	50	0.073099
16437	16394	1	0.001462
16437	16203	722	1.055556
16437	16428	23	0.033626
16437	15501	1	0.001462
16437	16656	18	0.026316
16437	15984	3	0.004386
16437	15912	1	0.001462
16437	15477	1	0.001462
16437	15920	20	0.029240
16437	16824	1	0.001462
16437	15644	1	0.001462
16437	16069	638	0.932749
16438	15911	36	18.000000
16439	16866	26	1.000000
16439	16423	52	2.000000
16439	16105	1	0.038462
16439	16170	26	1.000000
16439	15522	26	1.000000
16439	16654	52	2.000000
16439	16913	26	1.000000
16439	16436	1	0.038462
16439	15477	26	1.000000
16439	15758	1	0.038462
16439	16475	26	1.000000
16440	15552	179	1.000000
16440	15784	358	2.000000
16440	16045	179	1.000000
16440	15750	179	1.000000
16440	16799	179	1.000000
16441	15984	2	0.005556
16441	16035	4	0.011111
16441	16597	1	0.002778
16441	16094	1	0.002778
16443	15968	1	0.000601
16443	15915	1	0.000601
16443	16515	1	0.000601
16443	16516	59	0.035457
16443	15652	1	0.000601
16443	15667	1	0.000601
16443	15754	2	0.001202
16443	16171	1	0.000601
16443	15805	1	0.000601
16443	15811	1	0.000601
16443	15615	1	0.000601
16443	16035	15	0.009014
16443	16068	1	0.000601
16443	15477	5	0.003005
16443	15575	35	0.021034
16443	15513	6	0.003606
16443	15738	3	0.001803
16443	16475	2	0.001202
16443	16573	4	0.002404
16443	15935	1	0.000601
16446	15492	1	0.000547
16446	15718	7	0.003831
16446	16170	2	0.001095
16446	16845	2	0.001095
16446	16917	6	0.003284
16446	15575	1	0.000547
16446	16414	1	0.000547
16447	16205	1	0.000645
16447	16136	2	0.001290
16447	16364	2	0.001290
16447	15629	13	0.008387
16447	16277	6	0.003871
16447	16407	1	0.000645
16447	16667	13	0.008387
16447	15962	1	0.000645
16447	16414	2	0.001290
16447	16347	1	0.000645
16447	16420	8	0.005161
16447	16550	2	0.001290
16447	15655	2	0.001290
16447	16168	8	0.005161
16447	15657	12	0.007742
16447	16170	9	0.005806
16447	15965	2	0.001290
16447	16433	2	0.001290
16447	15667	38	0.024516
16447	16436	2	0.001290
16447	16565	2	0.001290
16447	15929	8	0.005161
16447	16442	8	0.005161
16447	15477	2	0.001290
16447	16027	1	0.000645
16447	16843	2	0.001290
16447	16716	1	0.000645
16447	16845	18	0.011613
16447	16207	12	0.007742
16447	15570	5	0.003226
16447	16214	6	0.003871
16447	15575	4	0.002581
16447	15705	1	0.000645
16447	15578	12	0.007742
16447	16475	8	0.005161
16447	16236	2	0.001290
16447	16610	2	0.001290
16447	15592	2	0.001290
16447	16423	1	0.000645
16447	16108	9	0.005806
16447	15853	1	0.000645
16447	15983	4	0.002581
16447	16501	7	0.004516
16447	15735	12	0.007742
16447	15868	12	0.007742
16447	15509	2	0.001290
16450	16516	3259	0.983998
16450	16651	11	0.003321
16450	15647	1	0.000302
16450	16035	50	0.015097
16450	16680	4	0.001208
16450	16553	1	0.000302
16450	16814	2	0.000604
16450	15537	12	0.003623
16450	15667	1	0.000302
16450	16824	9	0.002717
16450	15811	1	0.000302
16450	16011	1	0.000302
16450	16852	3	0.000906
16450	16085	1	0.000302
16450	15959	1	0.000302
16450	16089	1	0.000302
16450	16093	2	0.000604
16450	15968	1	0.000302
16450	15713	2	0.000604
16450	15460	1	0.000302
16450	15718	4	0.001208
16450	15592	2	0.000604
16450	16493	2	0.000604
16450	15990	2	0.000604
16450	16890	2	0.000604
16450	16123	1	0.000302
16450	16253	8	0.002415
16450	16597	1	0.000302
16452	16384	2	0.023529
16452	15811	2	0.023529
16452	15910	2	0.023529
16452	15580	5	0.058824
16452	16010	2	0.023529
16452	15854	2	0.023529
16452	15939	2	0.023529
16452	16056	2	0.023529
16452	16476	2	0.023529
16452	15754	2	0.023529
16452	16862	4	0.047059
16452	15711	2	0.023529
16453	16755	2429	0.549423
16453	16035	1	0.000226
16453	15718	3	0.000679
16456	16416	1	0.017241
16456	16543	61	1.051724
16459	15681	1	0.005556
16459	16514	1	0.005556
16459	16475	1	0.005556
16459	15477	3	0.016667
16459	15655	1	0.005556
16460	16770	2	0.010582
16460	15811	2	0.010582
16460	16327	1	0.005291
16460	16553	190	1.005291
16460	15853	1	0.005291
16460	15984	1	0.005291
16460	16659	189	1.000000
16460	16501	1	0.005291
16460	16475	1135	6.005291
16460	16639	1	0.005291
16461	16384	1	0.020408
16461	16516	1	0.020408
16461	15592	1	0.020408
16461	16010	2	0.040816
16461	15853	4	0.081633
16461	15984	1	0.020408
16461	15710	52	1.061224
16461	15615	1	0.020408
16462	15682	6	0.400000
16465	15492	2	0.013793
16465	15774	2	0.013793
16466	15968	8	0.022923
16466	15667	1	0.002865
16466	15477	2	0.005731
16466	15833	2	0.005731
16466	15961	4	0.011461
16466	16475	4	0.011461
16466	16476	1	0.002865
16468	15811	1	0.010417
16468	16485	1	0.010417
16468	15494	1	0.010417
16468	15592	1	0.010417
16468	15853	3	0.031250
16468	15603	2	0.020833
16468	15477	1	0.010417
16468	16475	1	0.010417
16469	15712	1	0.024390
16469	16475	1	0.024390
16470	15592	2	0.117647
16470	15755	1	0.058824
16471	16426	11	0.048035
16471	16035	1	0.004367
16472	15754	2	0.035088
16472	15755	4	0.070175
16472	16853	13	0.228070
16472	15718	1	0.017544
16475	16385	1	0.000310
16475	16388	1	0.000310
16475	16389	1	0.000310
16475	16392	2	0.000620
16475	16399	1	0.000310
16475	16401	1	0.000310
16475	16403	1	0.000310
16475	16405	1	0.000310
16475	16406	7	0.002171
16475	16413	1	0.000310
16475	16414	1	0.000310
16475	16416	1	0.000310
16475	16420	1	0.000310
16475	16423	10	0.003102
16475	16433	1	0.000310
16475	16434	12	0.003722
16475	16436	10	0.003102
16475	16439	1	0.000310
16475	16442	1	0.000310
16475	16447	2	0.000620
16475	16452	1	0.000310
16475	16460	19	0.005893
16475	16463	1	0.000310
16475	16466	1	0.000310
16475	16468	1	0.000310
16475	16469	1	0.000310
16475	16476	9	0.002792
16475	16479	3	0.000931
16475	16482	1	0.000310
16475	16483	1	0.000310
16475	16484	1	0.000310
16475	16485	1	0.000310
16475	16490	1	0.000310
16475	16492	1	0.000310
16475	16496	1	0.000310
16475	16498	1	0.000310
16475	16499	1	0.000310
16475	16500	1	0.000310
16475	16501	3	0.000931
16475	16508	1	0.000310
16475	16514	1	0.000310
16475	16515	1	0.000310
16475	16516	11	0.003412
16475	16517	1	0.000310
16475	16525	1	0.000310
16475	16526	5	0.001551
16475	16529	1	0.000310
16475	16531	3	0.000931
16475	16532	1	0.000310
16475	16534	1	0.000310
16475	16537	1	0.000310
16475	16541	1	0.000310
16475	16542	5	0.001551
16475	16543	1	0.000310
16475	16545	2	0.000620
16475	16550	4	0.001241
16475	16553	9795	3.038151
16475	16560	1	0.000310
16475	16563	1	0.000310
16475	16566	1	0.000310
16475	16567	1	0.000310
16475	16570	1	0.000310
16475	16572	1	0.000310
16475	16579	7	0.002171
16475	16582	1	0.000310
16475	16583	1	0.000310
16475	16585	1	0.000310
16475	16586	1	0.000310
16475	16587	6	0.001861
16475	16592	1	0.000310
16475	16593	1	0.000310
16475	16597	3	0.000931
16475	16599	1	0.000310
16475	16604	1	0.000310
16475	16606	2	0.000620
16475	16615	3	0.000931
16475	16617	1	0.000310
16475	16618	1	0.000310
16475	16621	1	0.000310
16475	16624	1	0.000310
16475	16626	1	0.000310
16475	16627	1	0.000310
16475	16631	32	0.009926
16475	16635	1	0.000310
16475	16639	5	0.001551
16475	16640	1	0.000310
16475	16647	1	0.000310
16475	16649	1	0.000310
16475	16652	1	0.000310
16475	16654	1	0.000310
16475	16659	3049	0.945720
16475	16660	1	0.000310
16475	16661	1	0.000310
16475	16667	1	0.000310
16475	16671	1	0.000310
16475	16673	1	0.000310
16475	16681	1	0.000310
16475	16683	1	0.000310
16475	16687	1	0.000310
16475	16688	1	0.000310
16475	16689	1	0.000310
16475	16694	1	0.000310
16475	16696	1	0.000310
16475	16697	56	0.017370
16475	16699	1	0.000310
16475	16705	1	0.000310
16475	16707	1	0.000310
16475	16708	1	0.000310
16475	16714	1	0.000310
16475	16715	1	0.000310
16475	16716	50	0.015509
16475	16717	1	0.000310
16475	16718	1	0.000310
16475	16722	1	0.000310
16475	16731	1	0.000310
16475	16733	1	0.000310
16475	16736	1	0.000310
16475	16742	27	0.008375
16475	16745	1	0.000310
16475	16748	1	0.000310
16475	16755	12	0.003722
16475	16763	68	0.021092
16475	16767	1	0.000310
16475	16769	1	0.000310
16475	16770	31	0.009615
16475	16773	1	0.000310
16475	16776	12	0.003722
16475	16777	1	0.000310
16475	16783	1	0.000310
16475	16786	1	0.000310
16475	16787	1	0.000310
16475	16793	1	0.000310
16475	16796	1	0.000310
16475	16801	1	0.000310
16475	16802	1	0.000310
16475	16805	8	0.002481
16475	16809	2	0.000620
16475	16810	1	0.000310
16475	16811	1	0.000310
16475	16817	16	0.004963
16475	16818	1	0.000310
16475	16820	1	0.000310
16475	16821	7	0.002171
16475	16824	21	0.006514
16475	16826	23	0.007134
16475	16827	3	0.000931
16475	16828	1	0.000310
16475	16835	1	0.000310
16475	16841	3	0.000931
16475	16843	1	0.000310
16475	16845	1	0.000310
16475	16851	1	0.000310
16475	16852	1	0.000310
16475	16858	1	0.000310
16475	16873	1	0.000310
16475	16874	1	0.000310
16475	16876	5	0.001551
16475	16882	1	0.000310
16475	16884	112	0.034739
16475	16890	1	0.000310
16475	16893	1	0.000310
16475	16894	1	0.000310
16475	16895	1	0.000310
16475	16899	1	0.000310
16475	16905	1	0.000310
16475	16907	1	0.000310
16475	16913	99	0.030707
16475	16914	1	0.000310
16475	16915	1	0.000310
16475	16917	245	0.075993
16475	15444	2	0.000620
16475	15445	1	0.000310
16475	15448	1	0.000310
16475	15450	1	0.000310
16475	15452	1	0.000310
16475	15458	1	0.000310
16475	15460	2	0.000620
16475	15463	1	0.000310
16475	15465	1	0.000310
16475	15466	1	0.000310
16475	15473	1	0.000310
16475	15477	51	0.015819
16475	15478	4	0.001241
16475	15479	1	0.000310
16475	15484	1	0.000310
16475	15491	1	0.000310
16475	15492	1	0.000310
16475	15493	1	0.000310
16475	15494	27	0.008375
16475	15495	14	0.004342
16475	15498	1	0.000310
16475	15501	1	0.000310
16475	15504	1	0.000310
16475	15509	2	0.000620
16475	15511	2	0.000620
16475	15512	1	0.000310
16475	15513	1	0.000310
16475	15514	2	0.000620
16475	15517	1	0.000310
16475	15522	1	0.000310
16475	15523	1	0.000310
16475	15525	1	0.000310
16475	15526	1	0.000310
16475	15527	1	0.000310
16475	15533	1	0.000310
16475	15535	1	0.000310
16475	15537	1	0.000310
16475	15546	11	0.003412
16475	15547	1695	0.525744
16475	15549	2	0.000620
16475	15551	1	0.000310
16475	15559	1	0.000310
16475	15561	1	0.000310
16475	15565	1	0.000310
16475	15570	1	0.000310
16475	15574	1	0.000310
16475	15575	28	0.008685
16475	15576	1	0.000310
16475	15577	1	0.000310
16475	15578	1	0.000310
16475	15579	1	0.000310
16475	15580	1	0.000310
16475	15581	1	0.000310
16475	15586	1	0.000310
16475	15588	1	0.000310
16475	15589	1	0.000310
16475	15592	31	0.009615
16475	15595	1	0.000310
16475	15598	1	0.000310
16475	15603	1	0.000310
16475	15615	59	0.018300
16475	15618	1	0.000310
16475	15624	1	0.000310
16475	15629	1	0.000310
16475	15630	1	0.000310
16475	15635	12	0.003722
16475	15636	1	0.000310
16475	15637	10	0.003102
16475	15638	1	0.000310
16475	15644	1	0.000310
16475	15647	1	0.000310
16475	15648	33	0.010236
16475	15653	1	0.000310
16475	15657	1	0.000310
16475	15661	3	0.000931
16475	15667	221	0.068548
16475	15668	2	0.000620
16475	15671	1	0.000310
16475	15681	1	0.000310
16475	15683	1	0.000310
16475	15687	1	0.000310
16475	15690	1	0.000310
16475	15694	1	0.000310
16475	15696	1	0.000310
16475	15701	1	0.000310
16475	15702	17	0.005273
16475	15705	13	0.004032
16475	15708	1	0.000310
16475	15710	3	0.000931
16475	15711	1	0.000310
16475	15713	4	0.001241
16475	15714	12	0.003722
16475	15718	13	0.004032
16475	15720	1	0.000310
16475	15723	1	0.000310
16475	15727	1	0.000310
16475	15730	1	0.000310
16475	15731	7	0.002171
16475	15735	1	0.000310
16475	15738	1	0.000310
16475	15739	1	0.000310
16475	15746	1	0.000310
16475	15748	1	0.000310
16475	15752	4	0.001241
16475	15757	1	0.000310
16475	15758	2	0.000620
16475	15762	1	0.000310
16475	15766	2	0.000620
16475	15777	26	0.008065
16475	15783	1	0.000310
16475	15786	1	0.000310
16475	15791	1	0.000310
16475	15794	1	0.000310
16475	15795	1	0.000310
16475	15799	5	0.001551
16475	15805	2	0.000620
16475	15810	1	0.000310
16475	15811	222	0.068859
16475	15816	7	0.002171
16475	15821	1	0.000310
16475	15831	1	0.000310
16475	15836	1	0.000310
16475	15853	62	0.019231
16475	15855	1	0.000310
16475	15856	1	0.000310
16475	15860	1	0.000310
16475	15862	1	0.000310
16475	15867	1	0.000310
16475	15868	1	0.000310
16475	15870	1	0.000310
16475	15872	1	0.000310
16475	15881	2	0.000620
16475	15882	1	0.000310
16475	15888	1	0.000310
16475	15890	1	0.000310
16475	15895	46	0.014268
16475	15897	1	0.000310
16475	15903	1	0.000310
16475	15906	1	0.000310
16475	15909	1	0.000310
16475	15911	1	0.000310
16475	15912	1	0.000310
16475	15914	10	0.003102
16475	15915	7	0.002171
16475	15923	1	0.000310
16475	15926	1	0.000310
16475	15929	1	0.000310
16475	15930	1	0.000310
16475	15932	11	0.003412
16475	15936	11	0.003412
16475	15943	48	0.014888
16475	15945	4	0.001241
16475	15946	1	0.000310
16475	15948	1	0.000310
16475	15952	1	0.000310
16475	15953	1	0.000310
16475	15955	1	0.000310
16475	15959	34	0.010546
16475	15960	1	0.000310
16475	15961	1	0.000310
16475	15962	1	0.000310
16475	15965	15	0.004653
16475	15968	13	0.004032
16475	15973	2	0.000620
16475	15976	1	0.000310
16475	15978	1	0.000310
16475	15980	1	0.000310
16475	15983	1	0.000310
16475	15984	114	0.035360
16475	15987	1	0.000310
16475	15988	1	0.000310
16475	15990	4	0.001241
16475	15996	48	0.014888
16475	15998	1	0.000310
16475	16003	25	0.007754
16475	16015	1	0.000310
16475	16017	1	0.000310
16475	16025	1	0.000310
16475	16029	1	0.000310
16475	16030	1	0.000310
16475	16035	6	0.001861
16475	16036	1	0.000310
16475	16037	1	0.000310
16475	16038	16	0.004963
16475	16040	1	0.000310
16475	16042	19	0.005893
16475	16047	1	0.000310
16475	16053	1	0.000310
16475	16056	1	0.000310
16475	16058	9	0.002792
16475	16059	1	0.000310
16475	16060	1	0.000310
16475	16063	1	0.000310
16475	16064	12	0.003722
16475	16066	1	0.000310
16475	16068	11	0.003412
16475	16070	1	0.000310
16475	16079	1	0.000310
16475	16084	1	0.000310
16475	16085	97	0.030087
16475	16086	1	0.000310
16475	16089	29	0.008995
16475	16092	1	0.000310
16475	16094	8	0.002481
16475	16099	1	0.000310
16475	16101	1	0.000310
16475	16105	7	0.002171
16475	16108	71	0.022022
16475	16109	1	0.000310
16475	16114	1	0.000310
16475	16118	4	0.001241
16475	16119	1	0.000310
16475	16120	1	0.000310
16475	16123	4	0.001241
16475	16132	1	0.000310
16475	16136	4	0.001241
16475	16137	1	0.000310
16475	16138	1	0.000310
16475	16140	1	0.000310
16475	16142	1	0.000310
16475	16148	1	0.000310
16475	16149	8	0.002481
16475	16150	1	0.000310
16475	16151	1	0.000310
16475	16155	1	0.000310
16475	16159	1	0.000310
16475	16162	1	0.000310
16475	16164	1	0.000310
16475	16165	1	0.000310
16475	16167	3	0.000931
16475	16168	1	0.000310
16475	16170	40	0.012407
16475	16173	1	0.000310
16475	16174	3	0.000931
16475	16175	1	0.000310
16475	16178	2	0.000620
16475	16184	1	0.000310
16475	16190	1	0.000310
16475	16194	1	0.000310
16475	16197	1	0.000310
16475	16198	1	0.000310
16475	16202	1	0.000310
16475	16204	1	0.000310
16475	16207	3	0.000931
16475	16214	1	0.000310
16475	16215	1	0.000310
16475	16217	1	0.000310
16475	16223	1	0.000310
16475	16225	1	0.000310
16475	16230	1	0.000310
16475	16232	1	0.000310
16475	16237	1	0.000310
16475	16238	1	0.000310
16475	16240	1	0.000310
16475	16243	1	0.000310
16475	16248	1	0.000310
16475	16249	1	0.000310
16475	16255	1	0.000310
16475	16257	1	0.000310
16475	16259	1	0.000310
16475	16263	1	0.000310
16475	16265	1	0.000310
16475	16268	1	0.000310
16475	16270	1	0.000310
16475	16272	1	0.000310
16475	16273	1	0.000310
16475	16277	7	0.002171
16475	16279	1	0.000310
16475	16280	1	0.000310
16475	16281	1	0.000310
16475	16282	1	0.000310
16475	16288	1	0.000310
16475	16290	1	0.000310
16475	16296	1	0.000310
16475	16300	1	0.000310
16475	16302	1	0.000310
16475	16305	1	0.000310
16475	16311	1	0.000310
16475	16312	3	0.000931
16475	16316	1	0.000310
16475	16320	2	0.000620
16475	16325	1	0.000310
16475	16327	116	0.035980
16475	16330	1	0.000310
16475	16332	1	0.000310
16475	16334	38	0.011787
16475	16336	1	0.000310
16475	16339	1	0.000310
16475	16340	1	0.000310
16475	16341	41	0.012717
16475	16343	1	0.000310
16475	16345	1	0.000310
16475	16347	2	0.000620
16475	16348	1	0.000310
16475	16349	1	0.000310
16475	16350	4	0.001241
16475	16352	1	0.000310
16475	16357	1	0.000310
16475	16359	1	0.000310
16475	16361	1	0.000310
16475	16366	1	0.000310
16475	16368	1	0.000310
16475	16369	1	0.000310
16475	16373	2	0.000620
16475	16376	1	0.000310
16475	16378	1	0.000310
16476	15968	1	0.001217
16476	15952	4	0.004866
16476	16770	2	0.002433
16476	15811	12	0.014599
16476	16296	1	0.001217
16476	16553	2	0.002433
16476	15915	8	0.009732
16476	15853	1	0.001217
16476	16136	1	0.001217
16476	15984	9	0.010949
16476	16776	1	0.001217
16476	15547	8	0.009732
16476	16824	2	0.002433
16476	16475	4	0.004866
16476	16573	1	0.001217
16476	16350	1	0.001217
16476	16501	11	0.013382
16479	15648	1	0.000664
16479	15811	2	0.001329
16479	15717	4	0.002658
16479	15494	2	0.001329
16479	16135	12	0.007973
16479	15816	1	0.000664
16479	16170	2	0.001329
16479	15915	2	0.001329
16479	16876	1	0.000664
16479	16272	2	0.001329
16479	15667	10	0.006645
16479	16660	4	0.002658
16479	15477	6	0.003987
16479	15799	1	0.000664
16479	16824	3	0.001993
16479	15932	6	0.003987
16479	16573	8	0.005316
16480	15811	1	0.015873
16480	15853	3	0.047619
16480	15477	1	0.015873
16480	16475	1	0.015873
16480	15932	1	0.015873
16480	15871	1	0.015873
16481	16136	2083	1.091719
16481	15667	3	0.001572
16481	16011	8	0.004193
16481	16740	4374	2.292453
16481	15990	3	0.001572
16482	15648	1	0.007407
16482	16801	1	0.007407
16482	15811	1	0.007407
16482	15784	1	0.007407
16482	15996	1	0.007407
16482	15915	1	0.007407
16482	15853	1	0.007407
16482	15984	1	0.007407
16482	15592	1	0.007407
16482	15477	1	0.007407
16482	16475	4	0.029630
16482	16476	1	0.007407
16483	15748	1	0.007463
16483	16553	1	0.007463
16483	16108	2	0.014925
16483	15661	11	0.082090
16483	15667	8	0.059701
16483	16858	2	0.014925
16483	15932	6	0.044776
16483	15965	1	0.007463
16485	15648	1	0.001770
16485	15811	2	0.003540
16485	16516	2	0.003540
16485	15592	12	0.021239
16485	15754	5	0.008850
16485	16011	6	0.010619
16485	16815	576	1.019469
16485	16136	2	0.003540
16485	15603	565	1.000000
16485	15477	1	0.001770
16485	16475	569	1.007080
16487	15592	1	0.011765
16487	16171	1	0.011765
16487	16365	1	0.011765
16487	16755	1	0.011765
16487	15711	1	0.011765
16487	15935	1	0.011765
16490	15592	1	0.027027
16490	16017	1	0.027027
16490	15466	3	0.081081
16490	16824	4	0.108108
16491	16475	1	0.100000
16491	16214	2	0.200000
16492	16516	1	0.002283
16492	16550	1	0.002283
16492	16681	1	0.002283
16492	16170	43	0.098174
16492	16565	445	1.015982
16492	16697	3	0.006849
16492	16347	1	0.002283
16493	15811	2	0.009434
16493	16516	2	0.009434
16495	16707	2050	2.285396
16495	16392	3	0.003344
16495	15562	14	0.015608
16495	15853	1	0.001115
16495	16019	1	0.001115
16495	16820	14	0.015608
16495	16035	2	0.002230
16495	15575	1	0.001115
16495	16248	1	0.001115
16495	16414	3	0.003344
16495	16597	2	0.002230
16496	16475	1	0.090909
16496	16541	1	0.090909
16496	15870	1	0.090909
16499	16873	3	0.035294
16499	16475	1	0.011765
16499	15999	1	0.011765
16500	16475	1	0.050000
16500	16639	1	0.050000
16500	16460	1	0.050000
16500	15943	3	0.150000
16501	15514	1	0.040000
16501	15799	1	0.040000
16503	15911	40	2.352941
16505	16035	21	0.005581
16505	15492	18	0.004783
16505	15718	17	0.004518
16505	16135	3	0.000797
16505	16362	5	0.001329
16505	16174	2	0.000531
16505	16341	10	0.002657
16505	16535	1	0.000266
16505	16248	2	0.000531
16505	15460	1	0.000266
16505	16170	2	0.000531
16506	15749	2	0.133333
16507	16035	6	0.005305
16507	15492	12	0.010610
16507	15718	12	0.010610
16507	16135	1	0.000884
16507	16362	3	0.002653
16507	16174	2	0.001768
16507	16535	1	0.000884
16508	15811	1	0.004367
16508	15492	1	0.004367
16508	15494	438	1.912664
16508	15690	218	0.951965
16508	15563	95	0.414847
16508	16108	218	0.951965
16508	15853	678	2.960699
16508	16687	242	1.056769
16508	15667	78	0.340611
16508	15477	5	0.021834
16508	16824	1	0.004367
16508	16475	654	2.855895
16508	15932	1	0.004367
16508	16426	218	0.951965
16509	16352	12	0.090226
16509	16327	1	0.007519
16509	15912	1	0.007519
16509	15853	1	0.007519
16509	16333	11	0.082707
16509	15762	1	0.007519
16509	15667	41	0.308271
16509	16052	13	0.097744
16509	16824	2	0.015038
16509	15705	7	0.052632
16509	15932	2	0.015038
16509	15615	2	0.015038
16511	16035	4	0.001038
16511	16740	2	0.000519
16511	15718	138	0.035798
16511	15817	2	0.000519
16511	15754	2	0.000519
16511	15600	2	0.000519
16511	15492	2	0.000519
16511	15711	2	0.000519
16512	16035	22	0.005860
16512	15492	12	0.003197
16512	15718	18	0.004795
16512	16135	1	0.000266
16512	16362	2	0.000533
16512	16174	1	0.000266
16512	16341	10	0.002664
16512	16535	1	0.000266
16512	16248	4	0.001066
16512	15460	1	0.000266
16512	16170	2	0.000533
16513	16545	60	1.000000
16513	15835	60	1.000000
16514	16515	2	0.003454
16514	15853	1	0.001727
16514	15811	1	0.001727
16514	15667	2	0.003454
16514	16545	4	0.006908
16514	15655	3	0.005181
16514	16553	1	0.001727
16514	15987	1	0.001727
16514	15477	4	0.006908
16514	16323	2	0.003454
16514	16459	1	0.001727
16514	16207	1	0.001727
16514	15705	3	0.005181
16514	16475	2	0.003454
16514	16476	1	0.001727
16514	15713	1	0.001727
16514	16227	2	0.003454
16514	15589	2	0.003454
16514	16873	1	0.001727
16514	15723	1	0.001727
16514	16493	2	0.003454
16514	16499	1	0.001727
16514	16629	2	0.003454
16514	15864	2	0.003454
16514	15615	1	0.001727
16515	16516	281	0.068923
16515	16648	1	0.000245
16515	16029	2	0.000491
16515	15646	1	0.000245
16515	15648	4	0.000981
16515	16035	22	0.005396
16515	16550	1	0.000245
16515	15667	1	0.000245
16515	15926	1	0.000245
16515	16841	3	0.000736
16515	16824	5	0.001226
16515	16697	1	0.000245
16515	15805	4	0.000981
16515	15935	1	0.000245
16515	16198	1	0.000245
16515	15943	1	0.000245
16515	15816	74	0.018151
16515	15945	1	0.000245
16515	15702	1	0.000245
16515	16475	1	0.000245
16515	15718	2	0.000491
16515	16873	1	0.000245
16515	15980	2	0.000491
16515	15984	1	0.000245
16515	16499	1	0.000245
16515	15477	2	0.000491
16515	15561	1	0.000245
16516	16384	16	0.008252
16516	16770	1	0.000516
16516	16515	25	0.012893
16516	16136	4	0.002063
16516	15754	33	0.017019
16516	16651	13	0.006704
16516	16493	8	0.004126
16516	15811	3	0.001547
16516	16917	1	0.000516
16516	16920	15	0.007736
16516	15647	16	0.008252
16516	16545	10	0.005157
16516	16035	4	0.002063
16516	15652	32	0.016503
16516	15942	14	0.007220
16516	16550	1	0.000516
16516	16423	4	0.002063
16516	16553	1	0.000516
16516	16170	4	0.002063
16516	16171	16	0.008252
16516	15918	9	0.004642
16516	16432	19	0.009799
16516	16692	11	0.005673
16516	16443	16	0.008252
16516	16573	16	0.008252
16516	15935	24	0.012378
16516	15936	1	0.000516
16516	16450	19	0.009799
16516	16011	15	0.007736
16516	16886	18	0.009283
16516	16198	13	0.006704
16516	15943	5	0.002579
16516	15945	3735	1.926251
16516	15562	38	0.019598
16516	16460	1	0.000516
16516	16476	1	0.000516
16516	16248	2	0.001031
16516	16723	16	0.008252
16516	16597	2	0.001031
16516	15575	6	0.003094
16516	16089	2	0.001031
16516	16475	6	0.003094
16516	16604	1	0.000516
16516	16093	5	0.002579
16516	15711	21	0.010830
16516	15456	13	0.006704
16516	15718	1	0.000516
16516	15592	5	0.002579
16516	15981	5	0.002579
16516	15600	15	0.007736
16516	16374	25	0.012893
16516	16631	2	0.001031
16516	15864	18	0.009283
16516	16341	1	0.000516
16516	15615	1	0.000516
16517	16475	2	0.250000
16517	15517	2	0.250000
16518	16035	15	0.008751
16518	15492	6	0.003501
16518	15718	10	0.005834
16518	16135	1	0.000583
16518	16170	2	0.001167
16518	16174	3	0.001750
16518	16341	10	0.005834
16518	16535	1	0.000583
16518	15460	1	0.000583
16523	16296	15	0.030181
16523	16035	2	0.004024
16523	16374	1	0.002012
16523	15454	5	0.010060
16523	16215	5	0.010060
16525	15460	1	0.003413
16525	15668	3	0.010239
16525	16597	2	0.006826
16525	16917	1	0.003413
16526	16770	1	0.076923
16526	16553	13	1.000000
16526	15984	1	0.076923
16526	16913	1	0.076923
16526	16659	13	1.000000
16526	16697	1	0.076923
16526	16475	78	6.000000
16529	16475	4	0.004981
16529	15667	12	0.014944
16529	16516	1	0.001245
16529	16322	1	0.001245
16529	15477	1	0.001245
16531	16450	1	0.000686
16531	15652	1	0.000686
16531	15943	1	0.000686
16531	15754	1	0.000686
16531	15853	6	0.004115
16531	16573	1	0.000686
16531	16597	1	0.000686
16531	16516	1454	0.997257
16531	16093	1	0.000686
16531	16094	2	0.001372
16531	15711	111119	76.213306
16533	16035	1	0.027027
16533	15575	2	0.054054
16534	16659	7	1.000000
16534	16553	7	1.000000
16534	16475	42	6.000000
16535	16035	399	0.113063
16535	15492	1	0.000283
16535	15562	2	0.000567
16535	15984	5	0.001417
16535	16917	8	0.002267
16535	15575	3	0.000850
16535	16248	788	0.223293
16535	16414	1	0.000283
16535	15935	2	0.000567
16536	16035	29	0.004689
16536	15492	25	0.004042
16536	15718	31	0.005012
16536	16135	2	0.000323
16536	15562	2	0.000323
16536	16362	5	0.000808
16536	16174	2	0.000323
16536	16723	1	0.000162
16536	16341	10	0.001617
16536	16535	1	0.000162
16536	16248	4	0.000647
16536	15460	1	0.000162
16536	16170	2	0.000323
16537	15488	4	0.006309
16537	15523	2	0.003155
16537	16550	1	0.001577
16537	16659	1	0.001577
16537	16553	1	0.001577
16537	16171	1	0.001577
16537	15853	1	0.001577
16537	16496	2	0.003155
16537	15729	1	0.001577
16537	15667	23	0.036278
16537	15668	1	0.001577
16537	15477	1	0.001577
16537	16886	1	0.001577
16537	15575	1	0.001577
16537	15935	1	0.001577
16537	16541	10	0.015773
16537	15870	11	0.017350
16537	15615	7	0.011041
16539	16215	3	0.078947
16539	16917	1	0.026316
16539	15853	1	0.026316
16539	15454	943	24.815789
16539	16341	1	0.026316
16541	16475	9	0.071429
16541	15547	1	0.007937
16543	16130	6	0.032258
16543	16456	6	0.032258
16543	16588	6	0.032258
16543	15984	3	0.016129
16543	16625	6	0.032258
16543	15615	2	0.010753
16543	15740	12	0.064516
16543	16319	6	0.032258
16544	16867	4	0.002672
16544	15973	2	0.001336
16544	15494	6	0.004008
16544	16491	2	0.001336
16544	15983	8	0.005344
16544	15857	2	0.001336
16544	16475	2	0.001336
16544	15667	1	0.000668
16544	15988	2	0.001336
16544	15615	2	0.001336
16544	16047	2	0.001336
16544	15935	2	0.001336
16545	16384	1	0.002033
16545	15488	9	0.018293
16545	15490	2	0.004065
16545	16515	2	0.004065
16545	16516	400	0.813008
16545	16133	2	0.004065
16545	16262	2	0.004065
16545	16775	2	0.004065
16545	16136	2	0.004065
16545	16211	2	0.004065
16545	15754	1	0.002033
16545	16011	1	0.002033
16545	16012	2	0.004065
16545	16819	2	0.004065
16545	15725	2	0.004065
16545	16637	2	0.004065
16545	16145	2	0.004065
16545	16019	2	0.004065
16545	16660	1	0.002033
16545	15893	9	0.018293
16545	16920	1	0.002033
16545	16260	2	0.004065
16545	16623	2	0.004065
16545	15801	2	0.004065
16545	15647	1	0.002033
16545	16800	9	0.018293
16545	16880	2	0.004065
16545	16198	1	0.002033
16545	15910	2	0.004065
16545	15729	2	0.004065
16545	15859	2	0.004065
16545	16496	2	0.004065
16545	16426	2	0.004065
16545	16171	1	0.002033
16545	16394	2	0.004065
16545	15667	4	0.008130
16545	16692	1	0.002033
16545	15582	2	0.004065
16545	15817	1	0.002033
16545	15672	8	0.016260
16545	16313	3	0.006098
16545	15802	2	0.004065
16545	16443	1	0.002033
16545	16010	2	0.004065
16545	16513	2	0.004065
16545	15935	1	0.002033
16545	16321	2	0.004065
16545	16322	3	0.006098
16545	15811	1	0.002033
16545	15942	2	0.004065
16545	15977	2	0.004065
16545	16838	2	0.004065
16545	15945	3	0.006098
16545	16239	2	0.004065
16545	16461	2	0.004065
16545	16846	2	0.004065
16545	16723	1	0.002033
16545	15956	2	0.004065
16545	15726	2	0.004065
16545	15575	1	0.002033
16545	15594	2	0.004065
16545	16862	2	0.004065
16545	16741	2	0.004065
16545	16866	2	0.004065
16545	16867	2	0.004065
16545	15589	2	0.004065
16545	15592	1	0.002033
16545	16873	2	0.004065
16545	16362	3	0.006098
16545	16876	1	0.002033
16545	16365	2	0.004065
16545	15896	2	0.004065
16545	15805	1	0.002033
16545	15600	1	0.002033
16545	15857	8	0.016260
16545	15521	2	0.004065
16545	15827	2	0.004065
16545	16629	2	0.004065
16545	16886	1	0.002033
16545	15849	2	0.004065
16545	16890	2	0.004065
16545	16763	1	0.002033
16545	16253	2	0.004065
16545	16383	16	0.032520
16550	15936	3	0.001477
16550	15984	2	0.000985
16550	16841	5	0.002462
16550	16776	13	0.006401
16550	16553	1756	0.864599
16550	16621	2	0.000985
16550	15694	3	0.001477
16550	16783	1	0.000492
16550	15952	2	0.000985
16550	15667	2	0.000985
16550	16659	1756	0.864599
16550	15853	3	0.001477
16550	16406	2	0.000985
16550	15959	4	0.001969
16550	16824	6	0.002954
16550	16697	2	0.000985
16550	16826	2	0.000985
16550	16475	10538	5.188577
16550	15965	4	0.001969
16550	15635	2	0.000985
16553	16516	3	0.002494
16553	16776	2	0.001663
16553	16659	1193	0.991687
16553	15637	2	0.001663
16553	15648	2	0.001663
16553	16545	2	0.001663
16553	16423	1	0.000831
16553	16436	1	0.000831
16553	15799	2	0.001663
16553	16824	2	0.001663
16553	16826	2	0.001663
16553	15547	2	0.001663
16553	15805	1	0.000831
16553	15477	5	0.004156
16553	15811	10	0.008313
16553	16068	1	0.000831
16553	15943	4	0.003325
16553	15816	2	0.001663
16553	16460	2	0.001663
16553	16085	2	0.001663
16553	16475	7158	5.950125
16553	16476	2	0.001663
16553	15968	6	0.004988
16553	16742	2	0.001663
16553	15592	2	0.001663
16553	16876	1	0.000831
16553	15853	1	0.000831
16553	16884	4	0.003325
16553	16501	2	0.001663
16553	16341	1	0.000831
16553	16123	2	0.001663
16553	16917	9	0.007481
16559	15592	14	0.164706
16559	16867	70	0.823529
16559	15755	1	0.011765
16559	16757	1	0.011765
16560	16378	1	0.071429
16563	15811	3	0.001823
16563	16068	10	0.006075
16563	16776	1	0.000608
16563	16553	3	0.001823
16563	16108	2	0.001215
16563	15853	3	0.001823
16563	16334	1	0.000608
16563	16913	14	0.008505
16563	16659	2	0.001215
16563	16475	12	0.007290
16563	15932	3	0.001823
16563	15667	122	0.074119
16564	16776	2	0.006667
16564	15811	1	0.003333
16564	16420	9	0.030000
16564	15592	2	0.006667
16564	16770	2	0.006667
16564	16347	4	0.013333
16564	16824	4	0.013333
16564	16436	2	0.006667
16564	15477	287	0.956667
16564	15799	1	0.003333
16564	15672	3	0.010000
16564	16697	1	0.003333
16564	15578	1	0.003333
16564	16475	1	0.003333
16564	16414	10	0.033333
16564	16501	1	0.003333
16565	15648	2	0.001685
16565	16866	8	0.006740
16565	15494	2	0.001685
16565	16327	3	0.002527
16565	15592	2	0.001685
16565	16553	2	0.001685
16565	16106	2	0.001685
16565	15932	6	0.005055
16565	16236	17	0.014322
16565	15853	2	0.001685
16565	16085	1	0.000842
16565	15667	18	0.015164
16565	15700	2	0.001685
16565	16501	2	0.001685
16565	15575	1	0.000842
16565	15477	1	0.000842
16565	15996	2	0.001685
16565	16149	2	0.001685
16566	16164	10	0.666667
16566	15615	9	0.600000
16570	15811	29	0.189542
16570	16108	1	0.006536
16570	15998	2	0.013072
16571	16022	76	1.357143
16572	15477	2	0.051282
16572	15615	2	0.051282
16573	15915	1	0.000853
16573	15667	2	0.001705
16573	16516	2262	1.928389
16573	16493	1	0.000853
16573	16550	2	0.001705
16577	15600	3	0.007979
16577	16453	2	0.005319
16577	15494	1	0.002660
16577	16775	336	0.893617
16577	15592	3	0.007979
16577	15915	1	0.002660
16577	15853	6	0.015957
16577	15694	1	0.002660
16577	16751	7	0.018617
16577	16880	3	0.007979
16577	16913	1	0.002660
16577	15667	2	0.005319
16577	16436	1	0.002660
16577	15477	58	0.154255
16577	15575	5	0.013298
16577	15984	1	0.002660
16577	16475	337	0.896277
16577	15932	8	0.021277
16577	16093	4	0.010638
16579	16659	56	1.000000
16579	16553	56	1.000000
16579	16475	336	6.000000
16581	16364	1276	4.197368
16582	16824	3	0.008621
16583	15615	7	0.875000
16585	15855	6	0.857143
16586	15955	1	0.037037
16586	15572	1	0.037037
16586	16405	1	0.037037
16587	15915	14	1.000000
16588	16248	22	0.956522
16588	16416	1	0.043478
16588	16543	24	1.043478
16595	16035	30	0.004360
16595	15492	26	0.003779
16595	15718	34	0.004941
16595	16135	2	0.000291
16595	15562	2	0.000291
16595	16170	2	0.000291
16595	16174	2	0.000291
16595	16723	2	0.000291
16595	16341	10	0.001453
16595	16535	1	0.000145
16595	16248	5	0.000727
16595	15460	1	0.000145
16595	16362	5	0.000727
16597	15984	2	0.013158
16597	16553	1	0.006579
16597	16475	6	0.039474
16597	15853	1	0.006579
16597	16659	1	0.006579
16599	15908	152	0.649573
16599	15853	1	0.004274
16599	15667	2	0.008547
16599	15860	4	0.017094
16599	16824	1	0.004274
16599	15705	1	0.004274
16599	15996	2	0.008547
16599	16894	1006	4.299145
16599	15615	4	0.017094
16601	16707	2055	2.283333
16601	16392	3	0.003333
16601	15562	14	0.015556
16601	15853	1	0.001111
16601	16495	1	0.001111
16601	16019	1	0.001111
16601	16820	14	0.015556
16601	16597	2	0.002222
16601	15575	1	0.001111
16601	16248	1	0.001111
16601	16035	2	0.002222
16601	16414	3	0.003333
16602	15682	6	0.461538
16603	16035	29	0.004507
16603	15492	25	0.003885
16603	15718	32	0.004973
16603	16135	2	0.000311
16603	15562	2	0.000311
16603	16362	5	0.000777
16603	16174	2	0.000311
16603	16536	2	0.000311
16603	16723	1	0.000155
16603	16341	10	0.001554
16603	16535	1	0.000155
16603	16248	5	0.000777
16603	15460	1	0.000155
16603	16170	2	0.000311
16604	16064	1	0.100000
16604	16035	1	0.100000
16604	16516	1	0.100000
16604	16136	1	0.100000
16604	15667	3	0.300000
16604	16089	1	0.100000
16605	15984	1	0.012048
16605	16035	1	0.012048
16605	15600	1	0.012048
16605	15921	1	0.012048
16605	16243	2	0.024096
16605	16597	1	0.012048
16605	15615	1	0.012048
16606	16106	2	0.047619
16608	15776	32299	2.645507
16608	15968	3	0.000246
16608	16035	6	0.000491
16608	16516	15	0.001229
16608	15526	1	0.000082
16608	15718	2411	0.197477
16608	16705	1	0.000082
16608	15592	1	0.000082
16608	16714	1	0.000082
16608	15477	2	0.000164
16608	15853	1	0.000082
16608	15827	5	0.000410
16608	16424	2	0.000164
16608	15667	4	0.000328
16608	16341	1	0.000082
16608	15575	11	0.000901
16608	15726	11	0.000901
16608	16475	1	0.000082
16608	15754	4	0.000328
16608	16414	5	0.000410
16608	15711	1	0.000082
16609	16035	29	0.004563
16609	15460	1	0.000157
16609	15718	32	0.005035
16609	16135	2	0.000315
16609	15562	2	0.000315
16609	16362	5	0.000787
16609	16174	2	0.000315
16609	16723	1	0.000157
16609	16341	10	0.001573
16609	16535	1	0.000157
16609	16248	5	0.000787
16609	15492	25	0.003933
16609	16170	2	0.000315
16610	16035	10	0.034130
16610	16516	2	0.006826
16610	16136	2	0.006826
16610	16108	1	0.003413
16610	16843	6	0.020478
16610	16876	1	0.003413
16610	16573	3	0.010239
16610	15984	1	0.003413
16610	15811	1	0.003413
16610	16436	1	0.003413
16610	16597	1	0.003413
16610	15575	2	0.006826
16610	16248	6	0.020478
16610	15805	1	0.003413
16610	16733	5	0.017065
16610	16094	1	0.003413
16612	16035	4	0.007605
16612	15460	4	0.007605
16612	15717	1	0.001901
16612	16136	1	0.001901
16612	15984	2	0.003802
16612	15592	1	0.001901
16612	16917	2	0.003802
16612	16824	1	0.001901
16612	16516	3	0.005703
16612	16573	1	0.001901
16612	16341	4	0.007605
16614	16035	2	0.005797
16614	15492	2	0.005797
16614	15853	2	0.005797
16614	16917	1	0.002899
16614	16475	1	0.002899
16614	15996	3	0.008696
16615	15811	1	0.000702
16615	15592	1	0.000702
16615	15755	2	0.001404
16615	15853	1	0.000702
16615	15983	3	0.002107
16615	16436	1	0.000702
16615	15705	1	0.000702
16615	16475	1	0.000702
16616	15492	18	1.000000
16618	16450	1	0.002488
16618	16475	3	0.007463
16618	15526	1	0.002488
16618	16108	1	0.002488
16618	15694	1	0.002488
16618	15615	2	0.004975
16618	16436	1	0.002488
16618	16085	2	0.004975
16618	15575	1	0.002488
16618	16191	4	0.009950
16618	16092	3	0.007463
16618	16253	1	0.002488
16618	16159	5	0.012438
16621	16659	35	1.000000
16621	16553	35	1.000000
16621	16475	210	6.000000
16621	16824	1	0.028571
16621	15959	1	0.028571
16623	16132	1	0.058824
16624	15592	1	0.052632
16624	16170	3	0.157895
16624	16035	5	0.263158
16625	16416	1	0.076923
16625	16543	14	1.076923
16627	15811	3	0.018519
16627	16516	1	0.006173
16627	15477	4	0.024691
16627	15672	2	0.012346
16627	16420	5	0.030864
16627	16414	8	0.049383
16628	16880	458	0.729299
16628	16035	3	0.004777
16628	15684	497	0.791401
16628	15718	2	0.003185
16628	15817	458	0.729299
16628	15600	458	0.729299
16628	16597	4	0.006369
16628	16248	4	0.006369
16628	15984	9	0.014331
16628	16093	458	0.729299
16628	16917	12	0.019108
16629	16136	385	1.049046
16629	16886	1	0.002725
16629	16550	2	0.005450
16631	16553	54	1.000000
16631	15853	3	0.055556
16631	15984	2	0.037037
16631	16659	54	1.000000
16631	15959	2	0.037037
16631	16475	324	6.000000
16633	16017	79	0.675214
16633	16429	6	0.051282
16634	16022	31	0.968750
16635	15667	2	0.008163
16635	16877	245	1.000000
16635	15598	245	1.000000
16635	15615	245	1.000000
16637	16545	44	0.458333
16639	16659	41	1.000000
16639	16553	41	1.000000
16639	16826	10	0.243902
16639	16475	248	6.048780
16640	16320	61	0.983871
16640	15969	1	0.016129
16640	15802	1	0.016129
16640	16374	1	0.016129
16640	16838	1	0.016129
16641	16867	2	0.285714
16642	16136	1	0.029412
16642	15460	1	0.029412
16644	16405	2	0.111111
16644	15607	2	0.111111
16645	16248	3	0.005693
16645	15484	2	0.003795
16647	15667	2	0.030769
16647	15853	1	0.015385
16647	16405	1	0.015385
16650	15864	1	0.001364
16650	16493	1	0.001364
16650	16516	3	0.004093
16650	16573	1	0.001364
16650	15519	1368	1.866303
16651	15754	1	0.001848
16651	16516	11	0.020333
16652	16394	1	0.055556
16652	15494	1	0.055556
16652	15615	1	0.055556
16653	15724	612	1.006579
16654	16866	62	0.968750
16654	16475	1	0.015625
16654	16550	4	0.062500
16654	16553	3	0.046875
16654	15592	4	0.062500
16654	15561	3	0.046875
16654	16108	54	0.843750
16654	15522	64	1.000000
16654	15694	1	0.015625
16654	15853	9	0.140625
16654	15477	43	0.671875
16654	16310	58	0.906250
16654	16439	65	1.015625
16654	15449	59	0.921875
16654	15547	1	0.015625
16654	15932	1	0.015625
16654	15615	1	0.015625
16655	15472	7	0.020588
16655	15460	1	0.002941
16655	16516	1	0.002941
16655	15477	3	0.008824
16656	16545	1	0.001110
16656	16258	45	0.049945
16656	16035	5	0.005549
16656	15460	2	0.002220
16656	16005	115540	128.235294
16656	16550	1	0.001110
16656	15912	1	0.001110
16656	16684	52	0.057714
16656	16394	3	0.003330
16656	16203	751	0.833518
16656	16428	20	0.022198
16656	15501	1	0.001110
16656	15984	3	0.003330
16656	16744	33	0.036626
16656	15477	1	0.001110
16656	15920	23	0.025527
16656	16824	1	0.001110
16656	15644	1	0.001110
16656	16437	31	0.034406
16656	16069	652	0.723640
16658	16035	29	0.004527
16658	15460	1	0.000156
16658	15718	32	0.004995
16658	16135	2	0.000312
16658	15562	2	0.000312
16658	16170	2	0.000312
16658	16174	2	0.000312
16658	16536	3	0.000468
16658	16723	1	0.000156
16658	16341	10	0.001561
16658	16535	1	0.000156
16658	16248	5	0.000781
16658	15492	25	0.003903
16658	16362	5	0.000781
16659	16136	1	0.003311
16659	16525	1	0.003311
16659	16707	1	0.003311
16659	15514	1	0.003311
16659	16543	1	0.003311
16659	16624	1	0.003311
16659	15911	1	0.003311
16659	16553	295	0.976821
16659	15926	1	0.003311
16659	15811	1	0.003311
16659	15687	1	0.003311
16659	15694	1	0.003311
16659	15445	1	0.003311
16659	16475	1770	5.860927
16659	16349	1	0.003311
16659	15720	1	0.003311
16659	15853	1	0.003311
16659	15984	3	0.009934
16659	15592	1	0.003311
16659	16501	1	0.003311
16659	15990	2	0.006623
16659	15870	1	0.003311
16660	16516	1	0.002793
16660	15589	2	0.005587
16660	16136	98	0.273743
16660	16553	2	0.005587
16660	16010	2	0.005587
16660	15853	1	0.002793
16661	16384	2	0.023810
16661	15617	2	0.023810
16661	16260	2	0.023810
16661	15526	2	0.023810
16661	16423	1	0.011905
16661	15465	3	0.035714
16661	15754	1	0.011905
16661	15915	1	0.011905
16661	16108	2	0.023810
16661	15853	1	0.011905
16661	16846	1	0.011905
16661	15648	1	0.011905
16661	16435	3	0.035714
16661	16085	1	0.011905
16661	16824	3	0.035714
16661	15667	1	0.011905
16662	16035	1	0.008621
16667	15592	2	0.003067
16667	15811	6	0.009202
16667	15996	4	0.006135
16667	15799	1	0.001534
16668	16597	11	0.085938
16668	16035	9	0.070312
16668	15460	17	0.132812
16668	15718	71	0.554688
16668	16136	8	0.062500
16668	16553	1	0.007812
16668	16170	7	0.054688
16668	16401	32	0.250000
16668	16659	1	0.007812
16668	16917	19	0.148438
16668	16516	8	0.062500
16668	16475	5	0.039062
16668	16341	9	0.070312
16673	16715	2	0.117647
16673	15724	1	0.058824
16674	16170	2	0.285714
16674	15973	7	1.000000
16679	15785	1	0.004673
16679	15781	71	0.331776
16679	15718	1	0.004673
16679	15575	1	0.004673
16680	16516	5	0.001464
16680	16136	2	0.000585
16680	16651	2	0.000585
16680	16913	3	0.000878
16680	16535	1	0.000293
16680	16159	1	0.000293
16680	16035	15	0.004391
16680	15526	2	0.000585
16680	16553	1	0.000293
16680	16170	6	0.001756
16680	16174	2	0.000585
16680	16815	2	0.000585
16680	15537	5	0.001464
16680	16450	6	0.001756
16680	15945	1	0.000293
16680	15821	1	0.000293
16680	16852	4	0.001171
16680	16597	3	0.000878
16680	15575	5	0.001464
16680	16475	6	0.001756
16680	16094	2	0.000585
16680	15713	2	0.000585
16680	15460	1	0.000293
16680	15718	3	0.000878
16680	15592	4	0.001171
16680	15984	2	0.000585
16680	15479	1	0.000293
16680	16248	2690	0.787471
16680	16253	3	0.000878
16680	16341	7	0.002049
16681	16384	1	0.001481
16681	15490	1	0.001481
16681	15915	2	0.002963
16681	15492	1	0.001481
16681	16010	1	0.001481
16681	16523	12	0.017778
16681	15757	81	0.120000
16681	16145	1	0.001481
16681	16659	1	0.001481
16681	16660	1	0.001481
16681	15639	5	0.007407
16681	15516	74	0.109630
16681	15984	11	0.016296
16681	16296	18	0.026667
16681	16553	1	0.001481
16681	16170	143	0.211852
16681	16171	1	0.001481
16681	16215	12	0.017778
16681	15667	1	0.001481
16681	15547	1	0.001481
16681	16190	1	0.001481
16681	15935	1	0.001481
16681	15811	1	0.001481
16681	16198	1	0.001481
16681	16716	9	0.013333
16681	15864	1	0.001481
16681	15698	10	0.014815
16681	16214	3	0.004444
16681	15575	2	0.002963
16681	16217	3	0.004444
16681	16475	8	0.011852
16681	15454	12	0.017778
16681	16515	1	0.001481
16681	15589	1	0.001481
16681	15592	1	0.001481
16681	16365	2	0.002963
16681	16880	1	0.001481
16681	15857	1	0.001481
16681	15678	2	0.002963
16681	16886	1	0.001481
16681	16248	1	0.001481
16681	16253	1	0.001481
16684	16545	1	0.000684
16684	16258	44	0.030075
16684	16035	5	0.003418
16684	15460	2	0.001367
16684	16005	116770	79.815448
16684	16550	1	0.000684
16684	15912	1	0.000684
16684	16394	1	0.000684
16684	16203	751	0.513329
16684	16428	20	0.013671
16684	15501	1	0.000684
16684	16656	21	0.014354
16684	15984	3	0.002051
16684	16744	33	0.022556
16684	15477	1	0.000684
16684	15920	23	0.015721
16684	16824	1	0.000684
16684	15644	1	0.000684
16684	16437	31	0.021189
16684	16069	652	0.445660
16685	15648	1	0.055556
16685	15592	1	0.055556
16685	16475	1	0.055556
16685	16515	1	0.055556
16685	15575	1	0.055556
16687	15811	25	1.000000
16687	15799	1	0.040000
16688	15667	1	0.040000
16688	16350	1	0.040000
16688	16535	1	0.040000
16689	15604	2	0.012121
16691	15968	1	0.003937
16691	16376	9	0.035433
16691	15718	12	0.047244
16692	16516	808	3.903382
16692	16550	1	0.004831
16692	15592	1	0.004831
16692	16553	1	0.004831
16692	15754	1	0.004831
16692	16170	1	0.004831
16694	15521	4	0.075472
16694	16770	1	0.018868
16694	15811	1	0.018868
16694	16214	49	0.924528
16694	15857	1	0.018868
16694	16475	2	0.037736
16694	15477	1	0.018868
16694	15990	2	0.037736
16694	16375	1	0.018868
16694	16376	1	0.018868
16694	15935	1	0.018868
16694	15615	2	0.037736
16695	15942	1	0.019608
16695	15575	23	0.450980
16696	15648	1	0.025000
16696	15667	2	0.050000
16696	16475	3	0.075000
16696	15869	3	0.075000
16696	16741	3	0.075000
16697	15648	2	0.004024
16697	15652	1	0.002012
16697	15592	1	0.002012
16697	16553	497	1.000000
16697	16170	75	0.150905
16697	15853	1	0.002012
16697	16526	2	0.004024
16697	15984	6	0.012072
16697	15816	1	0.002012
16697	16434	2	0.004024
16697	16659	496	0.997988
16697	15738	1	0.002012
16697	16475	2980	5.995976
16705	15776	1	0.008475
16705	16714	1	0.008475
16705	15726	3	0.025424
16705	15827	2	0.016949
16705	16086	4	0.033898
16705	16824	1	0.008475
16705	16409	1	0.008475
16707	16035	2	0.003390
16707	16392	3	0.005085
16707	15562	14	0.023729
16707	15853	1	0.001695
16707	16495	1	0.001695
16707	16019	1	0.001695
16707	16820	14	0.023729
16707	16597	2	0.003390
16707	15575	1	0.001695
16707	16248	1	0.001695
16707	16414	3	0.005085
16708	15713	2	0.004988
16708	16322	2	0.004988
16708	15811	1	0.002494
16708	16327	1	0.002494
16708	16716	1	0.002494
16708	15853	9	0.022444
16708	15477	3	0.007481
16708	15799	5	0.012469
16708	16824	1	0.002494
16708	15705	7	0.017456
16708	16475	1	0.002494
16708	15581	1	0.002494
16709	16414	12	6.000000
16714	15776	1	0.005848
16714	16705	1	0.005848
16714	15906	2	0.011696
16714	15528	1	0.005848
16714	15754	2	0.011696
16714	16716	1	0.005848
16714	15853	8	0.046784
16714	15726	1	0.005848
16714	15827	1	0.005848
16714	15667	3	0.017544
16714	16085	1	0.005848
16714	16086	2	0.011696
16714	16824	1	0.005848
16714	16475	1	0.005848
16714	15932	1	0.005848
16714	16350	1	0.005848
16715	16776	1	0.000799
16715	16659	2	0.001597
16715	16405	2	0.001597
16715	16151	1	0.000799
16715	15517	1	0.000799
16715	16673	6	0.004792
16715	16553	5	0.003994
16715	16170	9	0.007188
16715	15915	2	0.001597
16715	15667	145	0.115815
16715	16436	40	0.031949
16715	15799	1	0.000799
16715	15932	3	0.002396
16715	16064	2	0.001597
16715	15811	244	0.194888
16715	16068	1	0.000799
16715	15562	1	0.000799
16715	16716	9	0.007188
16715	16084	6	0.004792
16715	16085	1	0.000799
16715	15575	2	0.001597
16715	16475	16	0.012780
16715	16350	4	0.003195
16715	16479	11	0.008786
16715	15718	2	0.001597
16715	15724	2	0.001597
16715	15853	6	0.004792
16715	15477	5	0.003994
16716	16327	1	0.003509
16716	16553	285	1.000000
16716	15915	5	0.017544
16716	16659	285	1.000000
16716	16058	1	0.003509
16716	16475	1710	6.000000
16716	15667	1	0.003509
16717	15811	105	0.795455
16717	15687	106	0.803030
16717	16105	2	0.015152
16717	16426	105	0.795455
16717	15853	2	0.015152
16717	16079	106	0.803030
16717	15477	107	0.810606
16717	16443	105	0.795455
16717	15932	105	0.795455
16718	15973	2	0.003992
16718	15853	4	0.007984
16718	15667	4	0.007984
16718	16501	1	0.001996
16718	16214	26	0.051896
16718	15799	2	0.003992
16718	15705	1	0.001996
16718	16826	2	0.003992
16718	15547	2	0.003992
16718	16350	1	0.001996
16718	15477	5	0.009980
16722	16841	1	0.006757
16722	16550	1	0.006757
16722	15494	1	0.006757
16722	16327	1	0.006757
16722	15592	1	0.006757
16722	15667	9	0.060811
16722	15562	3	0.020270
16722	15915	2	0.013514
16722	16716	170	1.148649
16722	15853	4	0.027027
16722	15955	1	0.006757
16722	15477	2	0.013514
16722	16553	1	0.006757
16722	16659	1	0.006757
16722	16282	1	0.006757
16722	16475	8	0.054054
16722	15932	5	0.033784
16722	16170	1	0.006757
16722	16350	113	0.763514
16722	16383	2	0.013514
16723	15811	4	0.001686
16723	16260	4	0.001686
16723	16553	6	0.002530
16723	15754	31	0.013069
16723	15915	1	0.000422
16723	16716	1	0.000422
16723	15853	11	0.004637
16723	15984	5	0.002108
16723	15864	2	0.000843
16723	15667	11	0.004637
16723	16597	3	0.001265
16723	16886	5	0.002108
16723	15959	5	0.002108
16723	16920	5	0.002108
16723	16516	4665	1.966695
16723	16475	3	0.001265
16723	16035	4	0.001686
16723	15647	10	0.004216
16724	16384	1	0.000958
16724	16035	1	0.000958
16724	15492	1	0.000958
16724	15718	1	0.000958
16724	15592	1	0.000958
16724	16341	1	0.000958
16724	15711	1	0.000958
16725	16414	249	5.659091
16727	16035	29	0.004564
16727	15460	1	0.000157
16727	15718	34	0.005351
16727	16135	2	0.000315
16727	15562	2	0.000315
16727	16362	5	0.000787
16727	16170	2	0.000315
16727	16174	2	0.000315
16727	16723	1	0.000157
16727	16341	10	0.001574
16727	16535	1	0.000157
16727	16248	5	0.000787
16727	15492	25	0.003935
16727	15754	1	0.000157
16729	16401	1	0.013158
16731	16170	42	0.146853
16731	15526	1	0.003497
16733	16843	4	0.025157
16734	15575	2	0.181818
16736	15968	4	0.006861
16736	15936	3	0.005146
16736	15494	1	0.001715
16736	16327	3	0.005146
16736	15932	2	0.003431
16736	15915	4	0.006861
16736	15853	27	0.046312
16736	16913	2	0.003431
16736	15667	8	0.013722
16736	15710	2	0.003431
16736	15799	2	0.003431
16736	16824	7	0.012007
16736	16058	1	0.001715
16736	15547	2	0.003431
16736	16476	4	0.006861
16736	16350	6	0.010292
16736	15615	566	0.970840
16738	16545	1	0.071429
16740	16136	2038	1.483261
16740	15667	3	0.002183
16740	16011	7	0.005095
16740	15990	3	0.002183
16741	16545	2	0.002215
16741	16165	2	0.002215
16741	15592	8	0.008859
16741	15754	4	0.004430
16741	15853	3	0.003322
16741	16248	2	0.002215
16741	16862	4	0.004430
16742	16770	2	0.014085
16742	16553	142	1.000000
16742	16460	1	0.007042
16742	16845	5	0.035211
16742	15984	1	0.007042
16742	16659	142	1.000000
16742	16085	1	0.007042
16742	16475	855	6.021127
16743	15853	3172	21.875862
16743	15667	1	0.006897
16743	15477	3	0.020690
16743	16475	11	0.075862
16743	15932	1	0.006897
16743	16085	2	0.013793
16744	16005	19	0.041575
16745	15584	2	0.090909
16745	15836	2	0.090909
16746	15755	14	0.518519
16747	16350	2	0.166667
16748	16034	2	0.007576
16748	16239	1	0.003788
16748	16629	2	0.007576
16748	15615	2	0.007576
16750	16450	2	0.014493
16750	16035	5	0.036232
16750	15460	9	0.065217
16750	15718	2	0.014493
16750	15592	4	0.028986
16750	16516	4	0.028986
16750	16170	1	0.007246
16750	16492	1	0.007246
16750	16917	8	0.057971
16750	16136	4	0.028986
16750	16824	1	0.007246
16750	16475	1	0.007246
16750	16723	1	0.007246
16750	16341	5	0.036232
16750	15864	1	0.007246
16750	15935	1	0.007246
16750	16443	1	0.007246
16750	15711	1	0.007246
16751	16577	5	0.000385
16751	16093	7	0.000539
16752	16414	280	5.714286
16755	16659	81	1.000000
16755	16553	81	1.000000
16755	16475	486	6.000000
16762	15729	2	0.000165
16762	15932	1	0.000083
16762	15694	1	0.000083
16762	16849	94992	7.841506
16762	15477	2	0.000165
16762	16476	1	0.000083
16762	16541	163	0.013456
16762	15615	1	0.000083
16763	15488	2	0.008929
16763	16321	1	0.004464
16763	16610	2	0.008929
16763	16867	1	0.004464
16763	16553	226	1.008929
16763	16106	1	0.004464
16763	15726	2	0.008929
16763	15667	2	0.008929
16763	16659	224	1.000000
16763	16475	1344	6.000000
16763	15805	1	0.004464
16763	16414	2	0.008929
16764	15817	294	0.996610
16764	15674	2	0.006780
16765	15456	1	0.058824
16765	15682	6	0.352941
16765	16629	1	0.058824
16767	15936	2	0.023810
16767	16420	5	0.059524
16767	16824	1	0.011905
16767	16376	1	0.011905
16767	15926	1	0.011905
16767	15672	1	0.011905
16767	16697	2	0.023810
16767	16414	8	0.095238
16770	16516	1	0.007752
16770	16913	1	0.007752
16770	16659	129	1.000000
16770	15777	2	0.015504
16770	16475	776	6.015504
16770	15526	1	0.007752
16770	16553	129	1.000000
16770	16174	2	0.015504
16770	15965	1	0.007752
16770	16816	2	0.015504
16770	15667	1	0.007752
16770	15668	1	0.007752
16770	16565	1	0.007752
16770	16697	4	0.031008
16770	15477	1	0.007752
16770	16460	2	0.015504
16770	16845	1	0.007752
16770	15694	1	0.007752
16770	15952	2	0.015504
16770	15962	1	0.007752
16770	16347	1	0.007752
16770	15581	1	0.007752
16770	15984	2	0.015504
16770	16501	1	0.007752
16770	16447	1	0.007752
16770	15615	1	0.007752
16771	16640	6	0.061224
16771	15969	6	0.061224
16771	16320	6	0.061224
16771	16838	6	0.061224
16771	15631	6	0.061224
16771	16340	6	0.061224
16771	16374	6	0.061224
16771	15802	6	0.061224
16773	15592	2	0.002392
16773	15509	4	0.004785
16773	15811	2	0.002392
16773	16629	2	0.002392
16773	16637	2	0.002392
16774	16035	29	0.004583
16774	15492	25	0.003951
16774	15718	32	0.005057
16774	16135	2	0.000316
16774	15562	2	0.000316
16774	16362	5	0.000790
16774	16174	2	0.000316
16774	16723	1	0.000158
16774	15956	1	0.000158
16774	16341	10	0.001580
16774	16535	1	0.000158
16774	16248	5	0.000790
16774	15460	1	0.000158
16774	16170	2	0.000316
16775	16545	65	0.984848
16776	15495	1	0.002101
16776	16913	2	0.004202
16776	16659	1	0.002101
16776	16476	5	0.010504
16776	16550	3	0.006303
16776	16553	1	0.002101
16776	16170	1	0.002101
16776	16824	3	0.006303
16776	16826	3	0.006303
16776	15547	1	0.002101
16776	16068	1	0.002101
16776	15952	1	0.002101
16776	16085	1	0.002101
16776	15702	1	0.002101
16776	15959	1	0.002101
16776	16475	954	2.004202
16776	16604	1	0.002101
16776	15965	1	0.002101
16776	15592	2	0.004202
16776	16108	1	0.002101
16776	15853	8	0.016807
16776	15984	1	0.002101
16776	15477	3	0.006303
16777	15910	2	0.008511
16780	16349	40	0.754717
16783	15494	3	0.001550
16783	16659	1	0.000517
16783	15648	2	0.001033
16783	16553	1	0.000517
16783	15915	4	0.002066
16783	15661	27	0.013946
16783	15667	8	0.004132
16783	15799	1	0.000517
16783	15547	2	0.001033
16783	15932	16	0.008264
16783	16068	1	0.000517
16783	16330	11	0.005682
16783	16183	127	0.065599
16783	15694	2	0.001033
16783	16336	2	0.001033
16783	16085	1	0.000517
16783	15705	2	0.001033
16783	16858	2	0.001033
16783	16475	7	0.003616
16783	15592	16	0.008264
16783	16108	2	0.001033
16783	15853	9	0.004649
16783	15477	20	0.010331
16785	16035	14	1.000000
16787	16005	24	1.043478
16787	15494	24	1.043478
16788	15911	16	1.333333
16791	16035	2	0.009174
16791	15460	1	0.004587
16791	16170	1	0.004587
16791	15948	109	0.500000
16791	15853	1	0.004587
16791	15984	5	0.022936
16792	15984	2	0.001106
16792	16035	3	0.001659
16792	16516	1	0.000553
16792	16597	1	0.000553
16796	15490	1	0.002506
16796	16483	12	0.030075
16796	16423	4	0.010025
16796	16105	4	0.010025
16796	15594	17	0.042607
16796	16716	4	0.010025
16796	15853	4	0.010025
16796	16659	2	0.005013
16796	16553	2	0.005013
16796	16824	5	0.012531
16796	16475	12	0.030075
16797	15911	145	11.153846
16798	15667	1	0.000584
16798	16475	6	0.003505
16798	15718	6	0.003505
16798	15575	6	0.003505
16799	15552	42	0.976744
16799	16440	42	0.976744
16799	15784	44	1.023256
16799	16045	42	0.976744
16799	15750	42	0.976744
16800	16416	1	0.009434
16800	16545	18	0.169811
16800	15547	1	0.009434
16800	16516	2	0.018868
16800	16769	2	0.018868
16800	15592	4	0.037736
16800	15477	1	0.009434
16800	15565	2	0.018868
16800	15853	6	0.056604
16800	16688	1	0.009434
16800	15857	1	0.009434
16800	15698	2	0.018868
16800	16915	1	0.009434
16800	16190	1	0.009434
16800	15830	2	0.018868
16800	16282	1	0.009434
16800	16475	2	0.018868
16800	15516	2	0.018868
16800	16573	2	0.018868
16800	16350	6	0.056604
16800	15519	2	0.018868
16801	15784	1	0.033333
16801	16482	1	0.033333
16801	16476	1	0.033333
16802	16392	1	0.010526
16802	16529	1	0.010526
16802	16322	4	0.042105
16802	15587	1	0.010526
16802	16167	1	0.010526
16803	16408	13	0.928571
16803	16377	13	0.928571
16803	15459	13	0.928571
16803	15931	13	0.928571
16803	15664	13	0.928571
16804	15811	14	0.451613
16804	16516	1	0.032258
16804	15718	1	0.032258
16804	15755	14	0.451613
16804	16867	1	0.032258
16804	16248	1	0.032258
16804	16475	1	0.032258
16804	15935	1	0.032258
16805	16770	2	0.002695
16805	16392	10	0.013477
16805	16149	12	0.016173
16805	16542	8	0.010782
16805	16550	2	0.002695
16805	16296	8	0.010782
16805	16553	23	0.030997
16805	15926	2	0.002695
16805	15932	2	0.002695
16805	16573	2	0.002695
16805	16579	2	0.002695
16805	16068	4	0.005391
16805	15816	2	0.002695
16805	16841	2	0.002695
16805	15694	2	0.002695
16805	16475	10	0.013477
16805	15710	2	0.002695
16805	16108	2	0.002695
16805	15983	8	0.010782
16805	15477	4	0.005391
16805	16376	2	0.002695
16805	16123	10	0.013477
16805	15509	13	0.017520
16809	16388	1	0.031250
16809	15877	1	0.031250
16809	15615	1	0.031250
16810	15604	3	0.009772
16811	15615	1	0.041667
16813	15592	88	2.000000
16813	15477	4	0.090909
16814	15536	35	1.129032
16815	16248	1256	1.137681
16815	16035	2	0.001812
16815	16341	631	0.571558
16817	16742	1	0.012048
16817	16553	83	1.000000
16817	16460	1	0.012048
16817	15853	2	0.024096
16817	15984	1	0.012048
16817	16659	83	1.000000
16817	15546	1	0.012048
16817	16475	499	6.012048
16817	15932	1	0.012048
16819	16316	34	1.000000
16820	16392	13	0.008667
16820	16707	1	0.000667
16820	15477	2	0.001333
16820	15494	1	0.000667
16820	16439	1	0.000667
16823	16035	29	0.004489
16823	15492	25	0.003870
16823	15718	32	0.004954
16823	16135	2	0.000310
16823	15562	2	0.000310
16823	16362	5	0.000774
16823	16174	2	0.000310
16823	16723	1	0.000155
16823	16341	10	0.001548
16823	16535	1	0.000155
16823	16248	5	0.000774
16823	15460	1	0.000155
16823	16170	2	0.000310
16824	16776	2	0.002950
16824	16659	678	1.000000
16824	16148	1	0.001475
16824	15509	2	0.002950
16824	16406	2	0.002950
16824	15648	1	0.001475
16824	16420	1	0.001475
16824	16550	1	0.001475
16824	16423	1	0.001475
16824	16296	1	0.001475
16824	16553	678	1.000000
16824	16447	1	0.001475
16824	16841	1	0.001475
16824	16085	2	0.002950
16824	16475	4069	6.001475
16824	15710	1	0.001475
16824	16479	2	0.002950
16824	16484	1	0.001475
16824	16873	1	0.001475
16824	16167	1	0.001475
16824	15731	1	0.001475
16824	15990	1	0.001475
16824	15996	2	0.002950
16826	16550	4	0.012384
16826	16776	10	0.030960
16826	16553	323	1.000000
16826	15914	2	0.006192
16826	15853	3	0.009288
16826	15965	5	0.015480
16826	16659	323	1.000000
16826	16841	1	0.003096
16826	16475	1938	6.000000
16826	15667	8	0.024768
16826	16639	1	0.003096
16827	15811	67	1.015152
16827	15591	1	0.015152
16827	15592	2	0.030303
16827	16493	1	0.015152
16827	16660	1	0.015152
16827	16573	1	0.015152
16827	15615	6	0.090909
16828	15882	2	0.033898
16829	15923	1	0.035714
16829	16475	1	0.035714
16829	15811	28	1.000000
16829	15708	3	0.107143
16829	16197	1	0.035714
16831	16545	3	0.030612
16831	15811	1	0.010204
16831	15492	1	0.010204
16831	15494	2	0.020408
16831	15853	1	0.010204
16831	15667	2	0.020408
16831	16475	2	0.020408
16831	15615	4	0.040816
16832	15550	2	0.016000
16833	16094	6	0.001822
16833	16629	2	0.000607
16833	16035	5	0.001518
16833	15492	6	0.001822
16833	16198	4	0.001215
16833	15718	29	0.008807
16833	15592	1	0.000304
16833	15754	2	0.000607
16833	16844	2	0.000607
16833	15984	2	0.000607
16833	15509	4	0.001215
16833	16773	2	0.000607
16833	15902	153	0.046462
16833	15575	8	0.002429
16833	16248	4	0.001215
16833	15460	10	0.003037
16833	16637	10	0.003037
16833	16414	6	0.001822
16833	16597	2	0.000607
16835	15704	4	0.400000
16835	15942	1	0.100000
16835	15615	1	0.100000
16836	15755	13	1.000000
16837	16035	29	0.004556
16837	15492	25	0.003928
16837	15718	32	0.005027
16837	16135	2	0.000314
16837	15562	2	0.000314
16837	16362	5	0.000786
16837	16174	2	0.000314
16837	16723	1	0.000157
16837	16341	10	0.001571
16837	16535	1	0.000157
16837	16248	5	0.000786
16837	15460	1	0.000157
16837	16170	2	0.000314
16838	16320	2	0.006061
16838	16624	1	0.003030
16838	16261	1	0.003030
16838	15969	2	0.006061
16838	16136	16	0.048485
16838	15593	1	0.003030
16838	15984	1	0.003030
16838	15592	2	0.006061
16838	16402	1	0.003030
16838	16248	2	0.006061
16838	16412	1	0.003030
16838	15709	1	0.003030
16838	15550	1	0.003030
16839	16035	29	0.004401
16839	15492	25	0.003794
16839	15718	32	0.004857
16839	16135	2	0.000304
16839	15562	2	0.000304
16839	16362	5	0.000759
16839	16174	2	0.000304
16839	16536	1	0.000152
16839	16723	1	0.000152
16839	16341	10	0.001518
16839	16535	1	0.000152
16839	16248	5	0.000759
16839	15460	1	0.000152
16839	16170	2	0.000304
16841	15648	1	0.004566
16841	15968	1	0.004566
16841	16805	1	0.004566
16841	16550	5	0.022831
16841	16423	1	0.004566
16841	16392	1	0.004566
16841	15882	1	0.004566
16841	15661	1	0.004566
16841	16783	1	0.004566
16841	16852	1	0.004566
16841	15710	1	0.004566
16841	16214	1	0.004566
16841	16378	1	0.004566
16841	16123	1	0.004566
16841	16094	2	0.009132
16843	15509	1	0.001031
16843	16610	1	0.001031
16843	16420	1	0.001031
16843	16327	1	0.001031
16843	15912	1	0.001031
16843	15915	1	0.001031
16843	15853	23	0.023711
16843	16085	1	0.001031
16843	15667	4	0.004124
16843	16501	1	0.001031
16843	16476	4	0.004124
16843	16733	10	0.010309
16843	16350	1	0.001031
16843	15615	2	0.002062
16844	16515	5	0.000314
16844	16516	12	0.000753
16844	16773	3	0.000188
16844	16136	7	0.000439
16844	15754	3	0.000188
16844	16913	2	0.000125
16844	16917	5	0.000314
16844	15492	10	0.000627
16844	16414	24	0.001506
16844	16035	32	0.002008
16844	16198	6	0.000376
16844	16550	1	0.000063
16844	16553	1	0.000063
16844	16171	1	0.000063
16844	16300	3	0.000188
16844	15902	655	0.041099
16844	15799	1	0.000063
16844	16443	5	0.000314
16844	16573	1	0.000063
16844	15678	3	0.000188
16844	15935	1	0.000063
16844	15811	1	0.000063
16844	15942	1	0.000063
16844	16327	1	0.000063
16844	15945	1	0.000063
16844	16723	1	0.000063
16844	16597	4	0.000251
16844	15575	36	0.002259
16844	16475	3	0.000188
16844	16093	4	0.000251
16844	16094	13	0.000816
16844	16101	1	0.000063
16844	15509	16	0.001004
16844	16629	14	0.000878
16844	15460	27	0.001694
16844	16614	5	0.000314
16844	15718	116	0.007279
16844	15592	5	0.000314
16844	16364	1	0.000063
16844	16238	1	0.000063
16844	15984	5	0.000314
16844	15477	8	0.000502
16844	16248	12	0.000753
16844	16637	55	0.003451
16844	15615	2	0.000125
16845	16770	1	0.000679
16845	16493	1	0.000679
16845	16913	1	0.000679
16845	15705	1	0.000679
16845	16347	3	0.002038
16845	16420	4	0.002717
16845	15667	2	0.001359
16845	15799	7	0.004755
16845	16824	2	0.001359
16845	15547	6	0.004076
16845	16573	1	0.000679
16845	16447	4	0.002717
16845	15811	2	0.001359
16845	16068	1	0.000679
16845	16198	1	0.000679
16845	15702	1	0.000679
16845	16089	1	0.000679
16845	15578	1	0.000679
16845	16475	1	0.000679
16845	15965	1	0.000679
16845	15592	1	0.000679
16845	15853	3	0.002038
16845	15984	3	0.002038
16845	15477	9	0.006114
16845	15864	1	0.000679
16846	16545	700	0.921053
16846	15853	700	0.921053
16847	16516	110	0.184255
16847	16136	827	1.385260
16847	15945	2	0.003350
16847	15647	2	0.003350
16847	15592	3	0.005025
16847	16374	2	0.003350
16847	15864	1	0.001675
16847	15652	3	0.005025
16847	15935	3	0.005025
16847	15711	2	0.003350
16848	16123	33	1.031250
16848	16805	1	0.031250
16848	16392	1	0.031250
16848	15983	1	0.031250
16848	16296	1	0.031250
16848	16475	33	1.031250
16848	15932	33	1.031250
16849	15932	1	0.000082
16849	15694	1	0.000082
16849	15729	2	0.000164
16849	15477	2	0.000164
16849	16476	1	0.000082
16849	16541	163	0.013346
16849	15615	1	0.000082
16850	16251	1	0.090909
16851	15648	1	0.023810
16851	15458	4	0.095238
16851	15942	2	0.047619
16851	15494	1	0.023810
16851	15915	1	0.023810
16851	15853	2	0.047619
16851	16178	1	0.023810
16851	15667	6	0.142857
16851	15477	2	0.047619
16851	16025	1	0.023810
16851	16824	2	0.047619
16851	16313	3	0.071429
16851	15932	1	0.023810
16851	16085	1	0.023810
16852	16450	2	0.028571
16852	15526	72	1.028571
16852	16680	3	0.042857
16852	16651	2	0.028571
16852	16204	1	0.014286
16852	15821	1	0.014286
16852	15810	1	0.014286
16852	15537	74	1.057143
16852	15479	1	0.014286
16852	16253	2	0.028571
16854	16516	1	0.009709
16854	16035	3	0.029126
16854	15460	2	0.019417
16854	15718	98	0.951456
16854	16040	1	0.009709
16854	16170	1	0.009709
16854	16136	1	0.009709
16854	16917	2	0.019417
16854	16697	1	0.009709
16854	16341	1	0.009709
16858	16170	10	0.055866
16858	15652	2	0.011173
16858	16783	5	0.027933
16859	16035	3	0.009646
16859	16516	2	0.006431
16859	16136	1	0.003215
16859	16917	1	0.003215
16859	16597	11	0.035370
16859	15492	2	0.006431
16859	16341	2	0.006431
16862	16136	1606	1.013249
16862	16516	4	0.002524
16862	16550	2	0.001262
16862	15647	2	0.001262
16864	15841	1	0.026316
16866	16515	7	0.015119
16866	16516	2	0.004320
16866	15592	5	0.010799
16866	16105	1	0.002160
16866	16654	2	0.004320
16866	16136	3	0.006479
16866	15667	3	0.006479
16866	16439	2	0.004320
16866	16824	2	0.004320
16866	15647	3	0.006479
16867	15936	1	0.000721
16867	16545	7	0.005047
16867	16516	5	0.003605
16867	15749	5	0.003605
16867	16615	5	0.003605
16867	15592	5	0.003605
16867	15973	1	0.000721
16867	16170	6	0.004326
16867	16492	4	0.002884
16867	15853	4	0.002884
16867	15983	37	0.026676
16867	15647	1	0.000721
16867	15988	1	0.000721
16867	15575	10	0.007210
16867	15615	34	0.024513
16867	15935	13	0.009373
16868	16035	29	0.004592
16868	15492	25	0.003958
16868	15718	32	0.005066
16868	16135	2	0.000317
16868	15562	2	0.000317
16868	16362	5	0.000792
16868	16174	2	0.000317
16868	16723	1	0.000158
16868	16341	10	0.001583
16868	16535	1	0.000158
16868	16248	5	0.000792
16868	15460	1	0.000158
16868	16170	2	0.000317
16869	16535	1	0.020408
16871	16707	2008	2.263811
16871	16392	3	0.003382
16871	15562	14	0.015784
16871	15853	1	0.001127
16871	16495	1	0.001127
16871	16019	1	0.001127
16871	16820	14	0.015784
16871	16597	2	0.002255
16871	15575	1	0.001127
16871	16248	1	0.001127
16871	16035	2	0.002255
16871	16414	3	0.003382
16873	16515	1	0.001075
16873	16264	2	0.002151
16873	16659	1	0.001075
16873	16281	2	0.002151
16873	15648	2	0.002151
16873	16423	2	0.002151
16873	16553	1	0.001075
16873	16170	18	0.019355
16873	16499	13	0.013978
16873	16824	1	0.001075
16873	15932	5	0.005376
16873	15811	2	0.002151
16873	15816	1	0.001075
16873	15561	8	0.008602
16873	15694	1	0.001075
16873	15705	4	0.004301
16873	16475	5	0.005376
16873	16350	1	0.001075
16873	16866	3	0.003226
16873	15592	4	0.004301
16873	16108	1	0.001075
16873	15987	13	0.013978
16873	15477	10	0.010753
16873	15615	4	0.004301
16875	15774	13	1.300000
16876	16553	3	0.029703
16876	15811	2	0.019802
16876	15805	3	0.029703
16876	15718	2	0.019802
16876	16545	1	0.009901
16877	15466	2	0.066667
16877	16035	8	0.266667
16878	15592	9	1.000000
16880	16577	2	0.002976
16880	16516	2	0.002976
16880	16550	4	0.005952
16880	16136	1250	1.860119
16880	15600	1	0.001488
16880	16253	1	0.001488
16880	15984	5	0.007440
16880	16401	620	0.922619
16880	15667	1	0.001488
16880	16341	4	0.005952
16880	15702	1	0.001488
16880	16824	2	0.002976
16880	16751	2	0.002976
16880	15592	6	0.008929
16880	16094	2	0.002976
16880	16597	1	0.001488
16881	15984	1	0.000497
16881	16035	1	0.000497
16881	15492	1	0.000497
16881	15718	6	0.002984
16881	16263	9	0.004475
16881	16170	5	0.002486
16881	15895	2	0.000995
16881	16078	1	0.000497
16881	15600	1	0.000497
16881	15477	2	0.000995
16881	15575	2	0.000995
16881	15460	2	0.000995
16881	15754	1	0.000497
16882	15936	7	0.019830
16882	15915	1	0.002833
16882	16525	2	0.005666
16882	15668	10	0.028329
16882	15575	2	0.005666
16882	16058	1	0.002833
16882	15615	1	0.002833
16884	16516	1	0.003717
16884	15494	2	0.007435
16884	15943	1	0.003717
16884	16136	1	0.003717
16884	16553	269	1.000000
16884	15816	3	0.011152
16884	16170	2	0.007435
16884	16108	2	0.007435
16884	15853	2	0.007435
16884	15984	1	0.003717
16884	16913	7	0.026022
16884	16659	268	0.996283
16884	16341	8	0.029740
16884	16406	1	0.003717
16884	15895	2	0.007435
16884	16697	1	0.003717
16884	16475	1608	5.977695
16884	15996	1	0.003717
16884	16573	1	0.003717
16886	16515	9	0.002154
16886	16516	122	0.029194
16886	15754	4	0.000957
16886	15647	8	0.001914
16886	16035	1	0.000239
16886	15729	1	0.000239
16886	16170	2	0.000479
16886	16171	2	0.000479
16886	16565	2	0.000479
16886	16824	1	0.000239
16886	16443	1	0.000239
16886	16573	4	0.000957
16886	15935	13	0.003111
16886	16450	3	0.000718
16886	16248	3	0.000718
16886	16597	1	0.000239
16886	16093	1	0.000239
16886	15456	2	0.000479
16886	15714	1	0.000239
16886	15592	2	0.000479
16886	16236	1	0.000239
16886	15984	1	0.000239
16886	15857	4	0.000957
16886	15859	4	0.000957
16886	15864	4	0.000957
16889	16347	3	0.007109
16889	16420	1	0.002370
16889	15853	4	0.009479
16889	15477	1	0.002370
16889	15705	3	0.007109
16889	15547	2	0.004739
16889	16476	6	0.014218
16889	16414	5	0.011848
16890	16011	1	0.000799
16890	16545	13	0.010392
16890	16805	2	0.001599
16890	15526	57	0.045564
16890	15915	2	0.001599
16890	15667	9	0.007194
16890	16436	2	0.001599
16890	15799	5	0.003997
16890	15547	2	0.001599
16890	15932	42	0.033573
16890	16066	18	0.014388
16890	16068	1	0.000799
16890	15694	5	0.003997
16890	16341	2	0.001599
16890	15705	2	0.001599
16890	16475	7	0.005596
16890	15965	1	0.000799
16890	15713	7	0.005596
16890	16740	1	0.000799
16890	15592	2	0.001599
16890	15853	11	0.008793
16890	15477	14	0.011191
16890	15615	2	0.001599
16890	16085	1	0.000799
16891	15911	174	8.700000
16893	16406	1	0.004525
16893	16913	1	0.004525
16893	16659	1	0.004525
16893	16148	3	0.013575
16893	16149	1	0.004525
16893	16662	2	0.009050
16893	15648	2	0.009050
16893	16553	1	0.004525
16893	16170	1	0.004525
16893	16435	1	0.004525
16893	16436	1	0.004525
16893	16824	1	0.004525
16893	15932	7	0.031674
16893	16085	1	0.004525
16893	15575	11	0.049774
16893	16475	5	0.022624
16893	15965	1	0.004525
16893	15592	1	0.004525
16893	15667	2	0.009050
16893	16108	1	0.004525
16893	15853	8	0.036199
16893	15477	2	0.009050
16893	16123	1	0.004525
16894	16545	1	0.001241
16894	15908	7	0.008685
16894	15799	2	0.002481
16894	15718	1	0.001241
16894	16327	3	0.003722
16894	15592	5	0.006203
16894	15667	36	0.044665
16894	16106	90	0.111663
16894	15915	2	0.002481
16894	15853	47	0.058313
16894	15816	1	0.001241
16894	15731	2	0.002481
16894	15860	8	0.009926
16894	15477	22	0.027295
16894	16599	7	0.008685
16894	16824	4	0.004963
16894	16068	3	0.003722
16894	16475	3	0.003722
16894	15932	1	0.001241
16894	15575	2	0.002481
16894	16501	1	0.001241
16895	16151	3	0.333333
16895	15911	1	0.111111
16901	15911	34	4.250000
16902	15592	4	0.105263
16902	15460	3	0.078947
16904	15742	622	0.383951
16905	16824	6	0.005460
16905	16731	7	0.006369
16905	16475	4	0.003640
16905	15727	7	0.006369
16905	15615	4	0.003640
16908	15456	4	0.010499
16908	16441	4	0.010499
16908	16629	2	0.005249
16908	16357	1	0.002625
16913	16770	1	0.000543
16913	16659	1838	0.998370
16913	15509	1	0.000543
16913	15777	1	0.000543
16913	16420	2	0.001086
16913	16553	1846	1.002716
16913	16170	1	0.000543
16913	16824	7	0.003802
16913	16697	1	0.000543
16913	15935	1	0.000543
16913	16068	2	0.001086
16913	16334	122	0.066268
16913	16341	5	0.002716
16913	15702	1	0.000543
16913	16089	2	0.001086
16913	16858	1	0.000543
16913	16475	11029	5.990766
16913	16094	4	0.002173
16913	15718	2	0.001086
16913	15592	2	0.001086
16913	16108	93	0.050516
16913	15853	2	0.001086
16913	15984	18	0.009777
16913	15477	2	0.001086
16913	16118	15	0.008148
16913	15996	1	0.000543
16913	15615	1	0.000543
16914	16792	1	0.166667
16915	15565	1	0.062500
16915	15519	2	0.125000
16916	16035	1	0.003322
16916	15460	2	0.006645
16916	16175	1	0.003322
16916	15795	1	0.003322
16916	16341	1	0.003322
16916	16597	1	0.003322
16917	15460	1	0.006944
16917	15579	1	0.006944
16917	16516	7	0.048611
16917	16515	2	0.013889
16917	15718	1	0.006944
16917	15943	1	0.006944
16917	16136	1	0.006944
16917	16553	156	1.083333
16917	16755	3	0.020833
16917	16659	144	1.000000
16917	16341	6	0.041667
16917	15492	2	0.013889
16917	16475	864	6.000000
16917	15996	1	0.006944
16917	16035	1	0.006944
16917	15647	2	0.013889
16920	16516	13	0.018233
16920	15754	1	0.001403
16920	16651	1	0.001403
16920	16475	1	0.001403
16920	16573	1	0.001403
16920	15935	1	0.001403
15445	15955	3	0.005515
15445	16035	3	0.005515
15447	15984	1	0.000691
15447	16035	1	0.000691
15447	15460	2	0.001381
15447	15718	10	0.006906
15447	16263	9	0.006215
15447	16170	5	0.003453
15447	15895	2	0.001381
15447	16078	1	0.000691
15447	15600	1	0.000691
15447	16881	6633	4.580801
15447	15477	2	0.001381
15447	15575	2	0.001381
15447	15492	1	0.000691
15447	15754	1	0.000691
15448	16288	2	0.034483
15448	16475	65	1.120690
15448	15613	62	1.068966
15452	16035	1	0.014493
15452	15460	2	0.028986
15452	16136	1	0.014493
15452	16341	1	0.014493
15452	16516	1	0.014493
15452	15615	2	0.028986
15452	16917	2	0.028986
15454	16215	3	0.081081
15454	16917	1	0.027027
15454	15853	1	0.027027
15454	16341	1	0.027027
15455	16215	3	0.078947
15455	16917	1	0.026316
15455	15853	1	0.026316
15455	15454	943	24.815789
15455	16341	1	0.026316
15456	15811	1	0.000997
15456	16516	39	0.038883
15456	16913	1	0.000997
15456	15592	1	0.000997
15456	15561	2	0.001994
15456	15504	1	0.000997
15456	15864	3	0.002991
15456	15667	2	0.001994
15456	16597	1	0.000997
15456	16886	1	0.000997
15456	15575	2	0.001994
15456	16824	1	0.000997
15456	15509	1	0.000997
15457	16269	3	0.017647
15457	16789	4	0.023529
15458	16824	1	0.000278
15458	16475	3	0.000835
15458	16085	1	0.000278
15459	16803	87	0.988636
15459	15718	1	0.011364
15459	15981	1	0.011364
15459	15664	86	0.977273
15459	16723	1	0.011364
15459	16408	86	0.977273
15459	16377	86	0.977273
15459	15931	86	0.977273
15461	16215	3	0.078947
15461	16917	1	0.026316
15461	15853	1	0.026316
15461	15454	943	24.815789
15461	16341	1	0.026316
15462	15785	3	0.011583
15462	16135	1	0.003861
15462	15781	237	0.915058
15462	15615	1	0.003861
15463	15915	5	0.238095
15463	15853	1	0.047619
15464	16035	4	0.020513
15464	15460	1	0.005128
15465	15617	1	0.066667
15465	15932	5	0.333333
15465	15615	4	0.266667
15466	15984	1	0.009804
15466	16094	3	0.029412
15468	16035	1	0.009804
15468	15592	1	0.009804
15468	15817	4	0.039216
15468	15477	1	0.009804
15468	15600	3	0.029412
15468	16017	1	0.009804
15468	16917	11	0.107843
15468	16597	1	0.009804
15470	16275	18	1.000000
15470	16813	18	1.000000
15472	15968	2	0.005814
15472	15460	4	0.011628
15472	16516	4	0.011628
15472	15477	3	0.008721
15472	16736	2	0.005814
15477	15968	1	0.003861
15477	16068	258	0.996139
15477	16136	1	0.003861
15477	15853	259	1.000000
15477	16334	1	0.003861
15477	16776	2	0.007722
15477	15667	2	0.007722
15477	16085	257	0.992278
15477	16118	2	0.007722
15477	15799	254	0.980695
15477	16089	1	0.003861
15477	16475	254	0.980695
15477	15996	1	0.003861
15478	15754	2	0.042553
15478	15718	2	0.042553
15478	15575	1	0.021277
15479	15936	2	0.012048
15479	15526	6	0.036145
15479	16876	1	0.006024
15479	15537	1	0.006024
15479	16852	4	0.024096
15479	15477	2	0.012048
15479	16058	3	0.018072
15479	16476	2	0.012048
15481	16035	6	0.092308
15481	15492	38	0.584615
15481	15757	2	0.030769
15481	15984	2	0.030769
15481	16597	2	0.030769
15481	15895	2	0.030769
15481	16475	2	0.030769
15483	15755	5	0.208333
15484	15811	62	0.652632
15484	16645	61	0.642105
15484	15615	1	0.010526
15485	16035	29	0.004477
15485	15460	1	0.000154
15485	15718	32	0.004941
15485	16135	2	0.000309
15485	15562	2	0.000309
15485	16362	5	0.000772
15485	16174	2	0.000309
15485	16723	1	0.000154
15485	16341	10	0.001544
15485	16535	1	0.000154
15485	16248	5	0.000772
15485	15492	25	0.003860
15485	16170	2	0.000309
15488	16545	1	0.001040
15488	15523	1	0.001040
15488	15945	1	0.001040
15488	15729	1	0.001040
15488	16296	1	0.001040
15488	16171	1	0.001040
15488	15575	1	0.001040
15488	15853	3	0.003119
15488	15592	1	0.001040
15488	15678	1	0.001040
15488	16523	1	0.001040
15488	15870	1	0.001040
15488	16215	1	0.001040
15488	16537	1	0.001040
15488	16826	3	0.003119
15488	16763	5	0.005198
15488	15454	1	0.001040
15490	16136	303	0.977419
15491	16064	6	0.005540
15491	15811	736	0.679594
15491	15718	3	0.002770
15491	16327	1	0.000923
15491	15592	10	0.009234
15491	15667	5	0.004617
15491	15853	1	0.000923
15491	15731	1	0.000923
15491	16085	4	0.003693
15491	16476	4	0.003693
15491	15581	6	0.005540
15491	15477	5	0.004617
15492	15874	1	0.000772
15492	16387	1	0.000772
15492	15637	1	0.000772
15492	15880	1	0.000772
15492	16398	3	0.002317
15492	16402	1	0.000772
15492	16917	2596	2.004633
15492	16412	1	0.000772
15492	16414	2	0.001544
15492	15916	2	0.001544
15492	16429	1	0.000772
15492	15919	1	0.000772
15492	16441	1	0.000772
15492	15935	1	0.000772
15492	15939	1	0.000772
15492	15943	1	0.000772
15492	15800	1	0.000772
15492	15954	1	0.000772
15492	16475	2	0.001544
15492	15452	1	0.000772
15492	15968	2	0.001544
15492	15969	1	0.000772
15492	15460	2621	2.023938
15492	15974	1	0.000772
15492	15464	1	0.000772
15492	15480	1	0.000772
15492	15996	1	0.000772
15492	16511	1	0.000772
15492	16515	1	0.000772
15492	16516	1299	1.003089
15492	15497	1	0.000772
15492	16014	1	0.000772
15492	16535	2	0.001544
15492	15518	1	0.000772
15492	16543	2	0.001544
15492	16545	4	0.003089
15492	16035	1325	1.023166
15492	15528	2	0.001544
15492	16553	2	0.001544
15492	16554	1	0.000772
15492	16046	1	0.000772
15492	15536	1	0.000772
15492	15902	1	0.000772
15492	16573	1	0.000772
15492	15550	1	0.000772
15492	15555	1	0.000772
15492	16068	1	0.000772
15492	15557	1	0.000772
15492	15562	1	0.000772
15492	16082	1	0.000772
15492	16597	3	0.002317
15492	15575	1	0.000772
15492	16605	1	0.000772
15492	16094	1	0.000772
15492	16610	2	0.001544
15492	16612	1	0.000772
15492	16102	3	0.002317
15492	15592	2	0.001544
15492	15593	1	0.000772
15492	16108	2	0.001544
15492	16624	1	0.000772
15492	15604	1	0.000772
15492	15608	1	0.000772
15492	15613	1	0.000772
15492	16614	1	0.000772
15492	15618	1	0.000772
15492	16645	1	0.000772
15492	16136	1296	1.000772
15492	15632	3	0.002317
15492	15633	1	0.000772
15492	16659	1	0.000772
15492	15662	1	0.000772
15492	16662	1	0.000772
15492	16156	3	0.002317
15492	15646	2	0.001544
15492	15647	1	0.000772
15492	16680	2	0.001544
15492	16170	4	0.003089
15492	16174	2	0.001544
15492	15667	1	0.000772
15492	16695	1	0.000772
15492	16266	1	0.000772
15492	16191	1	0.000772
15492	16707	2	0.001544
15492	15684	1	0.000772
15492	16668	1	0.000772
15492	15704	1	0.000772
15492	15707	1	0.000772
15492	15709	1	0.000772
15492	15711	2	0.001544
15492	15712	1	0.000772
15492	16229	1	0.000772
15492	15718	19	0.014672
15492	15719	1	0.000772
15492	15720	1	0.000772
15492	16751	1	0.000772
15492	16241	1	0.000772
15492	16755	16	0.012355
15492	16248	1	0.000772
15492	16763	1	0.000772
15492	16261	1	0.000772
15492	15754	1	0.000772
15492	16877	1	0.000772
15492	15764	2	0.001544
15492	16791	1	0.000772
15492	16792	1	0.000772
15492	15774	1	0.000772
15492	15776	1	0.000772
15492	15782	3	0.002317
15492	15784	1	0.000772
15492	16815	1	0.000772
15492	16310	1	0.000772
15492	16824	4	0.003089
15492	16031	1	0.000772
15492	15805	1	0.000772
15492	15811	1	0.000772
15492	15816	1	0.000772
15492	16341	1301	1.004633
15492	15833	1	0.000772
15492	16346	1	0.000772
15492	15844	1	0.000772
15492	16364	2	0.001544
15492	15853	3	0.002317
15492	15854	1	0.000772
15492	16881	1	0.000772
15492	16375	2	0.001544
15493	15882	2	0.016949
15493	16102	1	0.008475
15494	15504	2	0.000643
15494	15912	3	0.000964
15494	15915	1937	0.622429
15494	15661	2	0.000643
15494	16434	1	0.000321
15494	16820	4	0.001285
15494	16436	2	0.000643
15494	15546	7	0.002249
15494	15547	16	0.005141
15494	15932	9	0.002892
15494	16573	32	0.010283
15494	15936	1933	0.621144
15494	15810	2	0.000643
15494	15942	2	0.000643
15494	16327	1	0.000321
15494	16716	1	0.000321
15494	15574	2	0.000643
15494	15575	4	0.001285
15494	16058	3891	1.250321
15494	16443	2	0.000643
15494	15718	13	0.004177
15494	15720	4	0.001285
15494	15853	20	0.006427
15494	15615	3957	1.271530
15495	15648	1	0.041667
15495	15592	1	0.041667
15495	15547	1	0.041667
15495	16550	3	0.125000
15495	16776	1	0.041667
15495	16553	24	1.000000
15495	16170	1	0.041667
15495	15853	1	0.041667
15495	15984	2	0.083333
15495	16913	2	0.083333
15495	16659	24	1.000000
15495	15477	1	0.041667
15495	15702	1	0.041667
15495	16697	1	0.041667
15495	16475	144	6.000000
15495	15667	1	0.041667
15497	16170	3	0.010830
15498	15488	170	0.311927
15498	15494	3	0.005505
15498	16392	1	0.001835
15498	16783	1	0.001835
15498	15648	2	0.003670
15498	16290	1	0.001835
15498	16805	3	0.005505
15498	16550	1	0.001835
15498	16423	4	0.007339
15498	16296	6	0.011009
15498	16553	5	0.009174
15498	15915	4	0.007339
15498	15791	10	0.018349
15498	16776	1	0.001835
15498	16434	1	0.001835
15498	15667	125	0.229358
15498	16824	1	0.001835
15498	15547	1	0.001835
15498	15932	21	0.038532
15498	15678	7	0.012844
15498	15811	1	0.001835
15498	15816	2	0.003670
15498	16841	3	0.005505
15498	15694	2	0.003670
15498	16336	1	0.001835
15498	16085	2	0.003670
15498	16475	5	0.009174
15498	16476	1	0.001835
15498	16873	1	0.001835
15498	15592	3	0.005505
15498	16105	3	0.005505
15498	15853	48	0.088073
15498	15984	4	0.007339
15498	15731	2	0.003670
15498	15477	11	0.020183
15498	16681	7	0.012844
15499	16215	3	0.078947
15499	16917	1	0.026316
15499	15853	1	0.026316
15499	15454	943	24.815789
15499	16341	1	0.026316
15503	16310	7	0.225806
15504	15512	3	0.136364
15504	16824	1	0.045455
15504	15932	1	0.045455
15504	16629	3	0.136364
15505	15755	1	0.083333
15506	16035	30	0.004601
15506	15492	25	0.003834
15506	15718	32	0.004907
15506	16135	2	0.000307
15506	15562	2	0.000307
15506	16362	5	0.000767
15506	16535	1	0.000153
15506	16174	2	0.000307
15506	16536	1	0.000153
15506	16723	1	0.000153
15506	16341	10	0.001534
15506	15575	1	0.000153
15506	16248	5	0.000767
15506	15460	1	0.000153
15506	16170	2	0.000307
15508	16035	1	0.025000
15508	15460	2	0.050000
15508	16612	38	0.950000
15508	16136	1	0.025000
15508	16341	4	0.100000
15508	16824	1	0.025000
15508	16516	2	0.050000
15508	16917	2	0.050000
15509	16773	2	0.007246
15509	16913	7	0.025362
15509	16659	4	0.014493
15509	15902	2	0.007246
15509	16545	1	0.003623
15509	16475	24	0.086957
15509	16553	5	0.018116
15509	16170	16	0.057971
15509	16300	2	0.007246
15509	15667	1	0.003623
15509	15799	2	0.007246
15509	15932	1	0.003623
15509	16068	1	0.003623
15509	16085	1	0.003623
15509	16347	4	0.014493
15509	16350	1	0.003623
15509	16101	5	0.018116
15509	15592	1	0.003623
15509	16108	11	0.039855
15509	15853	1	0.003623
15509	16238	70	0.253623
15509	15477	10	0.036232
15510	16545	2	0.007299
15510	16035	4	0.014599
15510	16516	4	0.014599
15510	15718	3	0.010949
15510	16136	4	0.014599
15510	15752	2	0.007299
15510	16917	11	0.040146
15510	15460	8	0.029197
15510	16341	4	0.014599
15511	16714	1	0.052632
15511	15915	17	0.894737
15511	16086	1	0.052632
15511	15726	17	0.894737
15512	15504	19	2.111111
15512	16819	9	1.000000
15513	15592	4	0.007634
15513	15927	458	0.874046
15514	15799	3	0.075000
15515	15755	60	1.016949
15515	16251	1	0.016949
15516	15811	34	1.000000
15516	16681	1	0.029412
15516	15915	2	0.058824
15516	15698	34	1.000000
15516	15667	1	0.029412
15516	15705	1	0.029412
15516	16475	68	2.000000
15516	16190	34	1.000000
15517	15477	1	0.004739
15517	16612	1	0.004739
15517	16517	1	0.004739
15517	16015	1	0.004739
15519	15492	3	0.011029
15520	16516	1	0.100000
15520	15718	1	0.100000
15521	16545	3	0.093750
15521	15811	2	0.062500
15521	16516	1	0.031250
15521	16694	1	0.031250
15521	15757	1	0.031250
15521	16718	1	0.031250
15521	16626	1	0.031250
15521	16339	1	0.031250
15521	16214	2	0.062500
15521	15639	5	0.156250
15521	16217	1	0.031250
15521	16475	1	0.031250
15522	15794	1	0.043478
15522	16654	1	0.043478
15523	15488	162	1.433628
15523	15853	1	0.008850
15523	15615	1	0.008850
15525	15572	1	0.038462
15525	15911	2	0.076923
15526	15713	1	0.003096
15526	16450	1	0.003096
15526	16485	1	0.003096
15526	15494	2	0.006192
15526	16170	12	0.037152
15526	15603	1	0.003096
15526	15961	1	0.003096
15526	16890	2	0.006192
15528	15718	3	0.004792
15528	16170	2	0.003195
15528	16108	1	0.001597
15528	15984	3	0.004792
15528	16341	1	0.001597
15528	15990	1	0.001597
15528	16824	1	0.001597
15528	16475	1	0.001597
15528	15996	6	0.009585
15528	16094	1	0.001597
15528	16597	1	0.001597
15533	16420	4	0.022989
15533	15915	1	0.005747
15533	16178	1	0.005747
15533	16798	1	0.005747
15533	16347	2	0.011494
15533	16414	7	0.040230
15533	16447	1	0.005747
15534	16450	3	0.125000
15534	16170	1	0.041667
15535	16553	3	0.014423
15535	15538	23	0.110577
15536	15984	6	0.041958
15536	16917	1	0.006993
15537	16450	2	0.001370
15537	15811	2	0.001370
15537	16550	4	0.002740
15537	15526	8	0.005479
15537	16327	5	0.003425
15537	15592	2	0.001370
15537	15915	1	0.000685
15537	15853	5	0.003425
15537	15667	5	0.003425
15537	16852	4	0.002740
15537	15477	7	0.004795
15537	15990	1	0.000685
15537	16058	2	0.001370
15537	15547	2	0.001370
15537	16093	1	0.000685
15538	16515	1	0.000419
15538	15460	3	0.001257
15538	15984	18	0.007544
15538	15729	1	0.000419
15538	16035	31	0.012992
15538	16597	6	0.002515
15538	16094	6	0.002515
15538	16341	1	0.000419
15539	15724	1338	2.009009
15546	16003	1	0.017857
15546	15494	2	0.035714
15546	16742	1	0.017857
15546	16327	2	0.035714
15546	16553	56	1.000000
15546	15915	5	0.089286
15546	15853	6	0.107143
15546	16817	3	0.053571
15546	16659	56	1.000000
15546	16475	336	6.000000
15546	16350	1	0.017857
15546	15615	2	0.035714
15547	15936	2	0.002242
15547	15494	2	0.002242
15547	15718	2	0.002242
15547	16167	2	0.002242
15547	15752	2	0.002242
15547	16170	2	0.002242
15547	16615	2	0.002242
15547	16550	2	0.002242
15547	16207	2	0.002242
15547	16373	4	0.004484
15547	16827	2	0.002242
15547	16821	2	0.002242
15549	15811	1	0.002075
15549	16511	3	0.006224
15551	15915	1	0.006452
15551	16003	1	0.006452
15552	16440	54	0.964286
15552	15784	109	1.946429
15552	16045	54	0.964286
15552	15750	54	0.964286
15552	16799	54	0.964286
15555	16035	1	0.002088
15557	16035	107	1.009434
15557	15492	106	1.000000
15557	15718	106	1.000000
15557	15592	106	1.000000
15557	16170	3	0.028302
15557	15984	1	0.009434
15557	15575	424	4.000000
15557	16248	106	1.000000
15557	15460	106	1.000000
15559	16614	3	0.034884
15561	16516	1	0.013333
15561	15781	1	0.013333
15561	16873	1	0.013333
15561	16170	268	3.573333
15561	15915	1	0.013333
15561	16078	3	0.040000
15562	16516	4216	0.877237
15562	16136	4	0.000832
15562	15754	1	0.000208
15562	16282	9	0.001873
15562	15777	3	0.000624
15562	16035	25	0.005202
15562	15652	8	0.001665
15562	16553	1	0.000208
15562	16824	1	0.000208
15562	15930	1	0.000208
15562	16573	2	0.000416
15562	15935	2	0.000416
15562	16450	2	0.000416
15562	15811	2	0.000416
15562	16841	2	0.000416
15562	16722	2	0.000416
15562	16597	12	0.002497
15562	15702	1	0.000208
15562	15575	2	0.000416
15562	16089	2	0.000416
15562	16475	2	0.000416
15562	16476	1	0.000208
15562	15592	7	0.001457
15562	16365	1	0.000208
15562	16369	1	0.000208
15562	15477	1	0.000208
15562	16886	1	0.000208
15562	16376	1	0.000208
15562	15996	1	0.000208
15562	15615	1	0.000208
15563	15492	23	0.017857
15563	16136	3	0.002329
15563	15754	1	0.000776
15563	16660	1	0.000776
15563	16917	8	0.006211
15563	16516	3	0.002329
15563	16035	6	0.004658
15563	16550	1	0.000776
15563	16553	1	0.000776
15563	16426	3	0.002329
15563	16687	3	0.002329
15563	15667	1	0.000776
15563	16824	1	0.000776
15563	16443	1	0.000776
15563	16573	1	0.000776
15563	15935	1	0.000776
15563	15690	4	0.003106
15563	16597	1	0.000776
15563	15460	4	0.003106
15563	15592	1	0.000776
15563	16108	1	0.000776
15563	15984	13	0.010093
15563	16085	1	0.000776
15563	15477	3	0.002329
15563	16508	7	0.005435
15563	16341	3	0.002329
15565	16800	79	0.227666
15565	15811	1	0.002882
15565	16516	1	0.002882
15565	15718	1	0.002882
15565	15562	253	0.729107
15565	16841	2	0.005764
15565	16650	2	0.005764
15565	16170	1	0.002882
15565	15853	3	0.008646
15565	16913	79	0.227666
15565	16475	1	0.002882
15565	15955	1	0.002882
15565	15477	2	0.005764
15565	16824	1	0.002882
15565	16089	1	0.002882
15565	15519	79	0.227666
15565	15932	3	0.008646
15565	15667	2	0.005764
15565	15615	6	0.017291
15569	16017	399	0.997500
15569	15674	399	0.997500
15569	16545	2	0.005000
15570	16776	3	0.001847
15570	15514	1	0.000616
15570	15903	10	0.006158
15570	16420	1	0.000616
15570	16476	1	0.000616
15570	15667	1	0.000616
15570	16436	3	0.001847
15570	15799	1	0.000616
15570	15929	13	0.008005
15570	15807	6	0.003695
15570	15811	1	0.000616
15570	16327	6	0.003695
15570	16205	4	0.002463
15570	16214	11	0.006773
15570	15578	13	0.008005
15570	16475	4	0.002463
15570	16604	2	0.001232
15570	15973	3	0.001847
15570	15853	11	0.006773
15570	15983	2	0.001232
15570	16447	13	0.008005
15570	15868	16	0.009852
15572	16405	1	0.003096
15572	15853	1	0.003096
15573	15776	43071	2.852006
15573	16705	1	0.000066
15573	15968	3	0.000199
15573	16035	6	0.000397
15573	16516	15	0.000993
15573	15526	1	0.000066
15573	15718	5222	0.345782
15573	15592	1	0.000066
15573	15754	4	0.000265
15573	15477	2	0.000132
15573	15853	1	0.000066
15573	15827	5	0.000331
15573	16424	2	0.000132
15573	15667	4	0.000265
15573	16341	1	0.000066
15573	15575	11	0.000728
15573	15726	11	0.000728
15573	16475	1	0.000066
15573	16714	1	0.000066
15573	16414	5	0.000331
15573	15711	1	0.000066
15574	15811	1	0.010309
15574	16327	2	0.020619
15574	16776	1	0.010309
15574	16553	2	0.020619
15574	15978	3	0.030928
15574	15463	2	0.020619
15574	15853	1	0.010309
15574	15816	1	0.010309
15574	16659	2	0.020619
15574	16913	2	0.020619
15574	15477	1	0.010309
15574	15705	1	0.010309
15574	15450	3	0.030928
15574	16475	12	0.123711
15574	16476	2	0.020619
15574	15667	122	1.257732
15574	16350	1	0.010309
15574	15932	4	0.041237
15575	16384	1	0.000364
15575	16387	1	0.000364
15575	16214	1	0.000364
15575	16392	1	0.000364
15575	15881	1	0.000364
15575	15882	2	0.000727
15575	16908	1	0.000364
15575	16405	1	0.000364
15575	16920	1	0.000364
15575	15897	1	0.000364
15575	15903	1	0.000364
15575	16416	1	0.000364
15575	15905	1	0.000364
15575	16420	1	0.000364
15575	15910	1	0.000364
15575	15912	1	0.000364
15575	15915	4	0.001454
15575	16432	1	0.000364
15575	16439	1	0.000364
15575	16443	8	0.002908
15575	15935	2	0.000727
15575	15936	8	0.002908
15575	16450	1	0.000364
15575	16452	2	0.000727
15575	15943	3	0.001091
15575	15945	3	0.001091
15575	16468	1	0.000364
15575	16654	1	0.000364
15575	15961	1	0.000364
15575	16475	64	0.023264
15575	15454	1	0.000364
15575	16479	3	0.001091
15575	15968	2	0.000727
15575	16482	1	0.000364
15575	16059	1	0.000364
15575	15637	1	0.000364
15575	15973	1	0.000364
15575	15976	1	0.000364
15575	15465	1	0.000364
15575	16493	2	0.000727
15575	15549	2	0.000727
15575	16499	1	0.000364
15575	16501	2	0.000727
15575	15478	1	0.000364
15575	15996	1	0.000364
15575	16661	1	0.000364
15575	15490	1	0.000364
15575	16515	5	0.001818
15575	16516	39	0.014177
15575	15494	1	0.000364
15575	16010	1	0.000364
15575	16011	1	0.000364
15575	15981	1	0.000364
15575	16017	2	0.000727
15575	16835	1	0.000364
15575	15509	1	0.000364
15575	15513	1	0.000364
15575	15516	1	0.000364
15575	16029	2	0.000727
15575	16545	1	0.000364
15575	16035	1	0.000364
15575	16036	1	0.000364
15575	16037	1	0.000364
15575	16550	4	0.001454
15575	16553	5501	1.999636
15575	15537	1	0.000364
15575	16565	1	0.000364
15575	16058	1	0.000364
15575	15547	4	0.001454
15575	16572	1	0.000364
15575	16573	18	0.006543
15575	16577	1	0.000364
15575	16843	1	0.000364
15575	15562	1	0.000364
15575	15565	1	0.000364
15575	15570	1	0.000364
15575	15574	1	0.000364
15575	15577	1	0.000364
15575	16093	3	0.001091
15575	15588	1	0.000364
15575	15589	1	0.000364
15575	15592	1	0.000364
15575	16617	1	0.000364
15575	16618	1	0.000364
15575	16108	1	0.000364
15575	15598	1	0.000364
15575	16114	1	0.000364
15575	15603	1	0.000364
15575	16629	1	0.000364
15575	16123	2	0.000727
15575	15615	40	0.014540
15575	16640	1	0.000364
15575	15618	2	0.000727
15575	16644	1	0.000364
15575	16086	1	0.000364
15575	16647	1	0.000364
15575	16136	26	0.009451
15575	16649	1	0.000364
15575	16651	1	0.000364
15575	16137	1	0.000364
15575	16142	1	0.000364
15575	16145	1	0.000364
15575	16659	1	0.000364
15575	16660	1	0.000364
15575	16149	2	0.000727
15575	16151	1	0.000364
15575	16159	2	0.000727
15575	16162	1	0.000364
15575	15652	1	0.000364
15575	16175	1	0.000364
15575	16178	1	0.000364
15575	15667	1	0.000364
15575	15668	1	0.000364
15575	16694	1	0.000364
15575	15671	1	0.000364
15575	16184	2	0.000727
15575	16692	1	0.000364
15575	15683	1	0.000364
15575	16531	2	0.000727
15575	16198	1	0.000364
15575	16714	2	0.000727
15575	16715	1	0.000364
15575	16716	1	0.000364
15575	16717	1	0.000364
15575	15694	1	0.000364
15575	16696	1	0.000364
15575	16722	1	0.000364
15575	16723	1	0.000364
15575	15701	1	0.000364
15575	15702	1	0.000364
15575	16215	1	0.000364
15575	15708	1	0.000364
15575	16733	1	0.000364
15575	15710	2	0.000727
15575	15711	1	0.000364
15575	16736	1	0.000364
15575	15713	3	0.001091
15575	16742	1	0.000364
15575	15727	1	0.000364
15575	16240	1	0.000364
15575	15729	1	0.000364
15575	16243	1	0.000364
15575	16249	1	0.000364
15575	15738	1	0.000364
15575	16763	1	0.000364
15575	16253	1	0.000364
15575	16260	1	0.000364
15575	15752	2	0.000727
15575	15754	9	0.003272
15575	16268	1	0.000364
15575	15758	2	0.000727
15575	16783	1	0.000364
15575	16277	2	0.000727
15575	16537	1	0.000364
15575	16282	2	0.000727
15575	16880	1	0.000364
15575	16290	1	0.000364
15575	16296	1	0.000364
15575	15517	1	0.000364
15575	15795	1	0.000364
15575	16820	1	0.000364
15575	15799	2	0.000727
15575	16316	1	0.000364
15575	15805	2	0.000727
15575	16320	1	0.000364
15575	15811	7	0.002545
15575	16905	1	0.000364
15575	15817	1	0.000364
15575	16365	1	0.000364
15575	16332	1	0.000364
15575	16845	1	0.000364
15575	16336	2	0.000727
15575	16849	1	0.000364
15575	15827	1	0.000364
15575	16852	1	0.000364
15575	16341	1	0.000364
15575	15836	1	0.000364
15575	16378	1	0.000364
15575	16866	1	0.000364
15575	16635	1	0.000364
15575	15718	13	0.004726
15575	16359	1	0.000364
15575	16873	1	0.000364
15575	15850	1	0.000364
15575	16876	7	0.002545
15575	15853	1	0.000364
15575	16368	1	0.000364
15575	16369	1	0.000364
15575	15862	1	0.000364
15575	15956	1	0.000364
15575	16890	2	0.000727
15575	15867	2	0.000727
15575	15868	1	0.000364
15575	16894	1	0.000364
15575	16469	1	0.000364
15576	15551	34	1.030303
15577	15833	2	0.037037
15577	16775	1	0.018519
15577	15961	2	0.037037
15578	15648	4	0.003281
15578	15494	4	0.003281
15578	16845	1	0.000820
15578	16205	1	0.000820
15578	15952	2	0.001641
15578	15667	2	0.001641
15578	15477	4	0.003281
15578	15853	3	0.002461
15578	16447	15	0.012305
15580	15494	2	0.012500
15580	15592	8	0.050000
15580	15853	22	0.137500
15580	16085	2	0.012500
15580	15702	2	0.012500
15580	16056	2	0.012500
15581	15984	2	0.009259
15581	16170	15	0.069444
15581	16108	1	0.004630
15581	16094	1	0.004630
15582	16545	10	1.000000
15582	15880	1	0.100000
15582	16585	1	0.100000
15582	15853	1	0.100000
15582	15592	1	0.100000
15582	16313	1	0.100000
15582	15615	1	0.100000
15583	15682	6	0.461538
15584	16917	1	0.006803
15584	16573	9	0.061224
15585	16545	579	1.001730
15585	15613	1	0.001730
15586	15518	1	0.009174
15587	15984	1	0.032258
15587	16802	1	0.032258
15587	16035	1	0.032258
15587	16174	1	0.032258
15587	15718	1	0.032258
15588	15910	5	0.020661
15588	16262	5	0.020661
15588	15853	1	0.004132
15588	15667	1	0.004132
15588	16731	5	0.020661
15588	15996	9	0.037190
15588	15711	5	0.020661
15589	16322	1	0.002410
15589	16867	1	0.002410
15589	16516	1	0.002410
15589	16550	1	0.002410
15589	16136	396	0.954217
15589	16205	1	0.002410
15589	15984	1	0.002410
15589	15592	1	0.002410
15589	16692	1	0.002410
15589	15477	1	0.002410
15589	15896	1	0.002410
15591	15984	2	0.006645
15591	15460	1	0.003322
15591	16597	1	0.003322
15591	16094	1	0.003322
15591	15527	2	0.006645
15592	15777	49	0.163880
15592	16035	1	0.003344
15592	16516	1	0.003344
15592	16136	2	0.006689
15592	16108	2	0.006689
15592	16174	1	0.003344
15592	15984	1	0.003344
15592	15667	1	0.003344
15592	16917	1	0.003344
15592	15811	1	0.003344
15592	16334	1	0.003344
15592	16697	1	0.003344
15592	16475	167	0.558528
15592	16604	1	0.003344
15594	16483	2	0.003490
15594	15460	1	0.001745
15594	15592	2	0.003490
15594	15661	24	0.041885
15594	16623	2	0.003490
15594	16783	6	0.010471
15594	16475	2	0.003490
15594	16573	2	0.003490
15595	16322	2	0.004149
15595	15811	1	0.002075
15595	16805	9	0.018672
15595	16550	5	0.010373
15595	16776	1	0.002075
15595	15915	2	0.004149
15595	16108	2	0.004149
15595	15853	12	0.024896
15595	15667	597	1.238589
15595	15477	9	0.018672
15595	15799	3	0.006224
15595	16824	19	0.039419
15595	16475	4	0.008299
15595	15932	6	0.012448
15595	15581	2	0.004149
15598	15648	5	0.021368
15598	16123	1	0.004274
15598	15592	1	0.004274
15598	16841	1	0.004274
15598	16877	3	0.012821
15598	15918	1	0.004274
15598	16436	1	0.004274
15598	16149	1	0.004274
15598	16824	2	0.008547
15598	15547	1	0.004274
15598	15932	2	0.008547
15598	15615	6	0.025641
15600	15648	1	0.000589
15600	16516	4808	2.829900
15600	15592	1	0.000589
15600	15562	3	0.001766
15600	15915	1	0.000589
15600	16751	1	0.000589
15600	15984	1	0.000589
15600	16824	1598	0.940553
15600	15652	4	0.002354
15600	16093	2	0.001177
15600	15615	1	0.000589
15601	16414	121	6.722222
15602	15579	33	1.000000
15602	15718	1	0.030303
15603	16011	1	0.001605
15603	16485	19	0.030498
15603	15526	5	0.008026
15603	15754	1	0.001605
15603	15915	5	0.008026
15603	15853	8	0.012841
15603	16815	1	0.001605
15603	15731	3	0.004815
15603	16468	15	0.024077
15603	15477	1	0.001605
15603	15799	1	0.001605
15603	15705	3	0.004815
15603	15547	1	0.001605
15603	15932	8	0.012841
15603	16550	1	0.001605
15604	16035	2	0.034483
15604	15492	52	0.896552
15604	15910	2	0.034483
15604	16262	2	0.034483
15604	15754	2	0.034483
15604	16689	2	0.034483
15604	15827	2	0.034483
15604	16597	2	0.034483
15604	16573	2	0.034483
15604	15711	2	0.034483
15605	15984	1	0.002165
15606	16707	2008	2.263811
15606	16019	1	0.001127
15606	16392	3	0.003382
15606	15562	14	0.015784
15606	15853	1	0.001127
15606	16495	1	0.001127
15606	16035	2	0.002255
15606	16820	14	0.015784
15606	16597	2	0.002255
15606	15575	1	0.001127
15606	16248	1	0.001127
15606	16414	3	0.003382
15607	16035	3	0.001109
15607	16405	4	0.001479
15607	15718	75	0.027737
15608	16913	9	0.010490
15608	16035	3	0.003497
15608	16597	1	0.001166
15608	15477	1	0.001166
15609	16516	1	0.001403
15609	16035	1	0.001403
15609	15460	3	0.004208
15609	15718	2	0.002805
15609	16136	1	0.001403
15609	16917	2	0.002805
15609	16824	1	0.001403
15609	15492	1	0.001403
15609	16341	1	0.001403
15611	16917	2	0.000416
15611	16535	1	0.000208
15611	15477	4	0.000831
15611	16035	1	0.000208
15611	15911	1	0.000208
15611	16443	1	0.000208
15611	16191	1	0.000208
15611	16450	2	0.000416
15611	16078	2	0.000416
15611	16597	3	0.000624
15611	15574	16	0.003326
15611	15575	1	0.000208
15611	16093	2	0.000416
15611	16094	2	0.000416
15611	15460	46	0.009561
15611	15718	6	0.001247
15611	15592	11	0.002286
15611	15984	3	0.000624
15611	16373	2	0.000416
15611	16248	2	0.000416
15611	16253	3	0.000624
15611	16341	2	0.000416
15612	15776	53822	3.606889
15612	16705	1	0.000067
15612	15968	3	0.000201
15612	16035	6	0.000402
15612	16516	15	0.001005
15612	15526	1	0.000067
15612	15718	2391	0.160233
15612	15592	1	0.000067
15612	15754	4	0.000268
15612	15477	2	0.000134
15612	15853	1	0.000067
15612	15827	5	0.000335
15612	16424	2	0.000134
15612	15667	4	0.000268
15612	16341	1	0.000067
15612	15575	11	0.000737
15612	15726	11	0.000737
15612	16475	1	0.000067
15612	16714	1	0.000067
15612	16414	5	0.000335
15612	15711	1	0.000067
15613	15492	7	0.031818
15613	16341	2	0.009091
15614	15460	1	0.034483
15614	16516	1	0.034483
15615	15936	155	1.000000
15615	15494	2	0.012903
15615	15592	1	0.006452
15615	15915	312	2.012903
15615	16184	1	0.006452
15615	16058	155	1.000000
15616	16573	1	0.066667
15616	15494	1	0.066667
15617	16170	2	0.007353
15618	16348	376	0.895238
15618	15966	22	0.052381
15621	15776	50141	4.340461
15621	16705	1	0.000087
15621	15968	3	0.000260
15621	16035	6	0.000519
15621	16516	15	0.001298
15621	15526	1	0.000087
15621	15718	3716	0.321676
15621	15592	1	0.000087
15621	15754	4	0.000346
15621	15853	1	0.000087
15621	15827	5	0.000433
15621	16424	2	0.000173
15621	15667	4	0.000346
15621	15477	2	0.000173
15621	15575	11	0.000952
15621	15726	11	0.000952
15621	16341	1	0.000087
15621	16475	1	0.000087
15621	16714	1	0.000087
15621	16414	5	0.000433
15621	15711	1	0.000087
15622	16215	3	0.078947
15622	16917	1	0.026316
15622	15853	1	0.026316
15622	15454	943	24.815789
15622	16341	1	0.026316
15624	16322	1	0.001053
15624	16516	1	0.001053
15624	16553	1	0.001053
15624	15853	1	0.001053
15624	16365	1	0.001053
15624	15667	4	0.004211
15624	15896	1	0.001053
15624	16476	2	0.002105
15627	15785	2	0.008584
15627	15781	191	0.819742
15629	15811	2	0.003155
15629	16615	1	0.001577
15629	16553	1	0.001577
15629	15853	4	0.006309
15629	16659	1	0.001577
15629	15807	52	0.082019
15629	16475	7	0.011041
15629	16447	1	0.001577
15630	15968	1	0.052632
15630	15705	1	0.052632
15630	15592	1	0.052632
15630	16553	1	0.052632
15630	16266	1	0.052632
15630	15984	1	0.052632
15630	16659	1	0.052632
15630	15799	1	0.052632
15630	16824	1	0.052632
15630	15801	2	0.105263
15630	15932	1	0.052632
15630	15710	1	0.052632
15630	15615	2	0.105263
15631	15718	13123	1.893651
15633	16035	1	0.003289
15633	15460	5	0.016447
15633	16136	1	0.003289
15633	16917	2	0.006579
15633	16824	1	0.003289
15633	16516	1	0.003289
15633	16341	1	0.003289
15634	16035	29	0.004326
15634	15492	25	0.003730
15634	15718	32	0.004774
15634	16135	2	0.000298
15634	16362	5	0.000746
15634	16170	2	0.000298
15634	16174	2	0.000298
15634	16723	1	0.000149
15634	16341	10	0.001492
15634	16535	1	0.000149
15634	16248	6	0.000895
15634	15460	1	0.000149
15634	15562	2	0.000298
15635	15714	1	0.006944
15635	16553	146	1.013889
15635	16621	1	0.006944
15635	15984	3	0.020833
15635	16659	144	1.000000
15635	16475	864	6.000000
15635	15667	4	0.027778
15637	16475	299	0.996667
15637	16341	5	0.016667
15637	15853	1	0.003333
15638	16436	1	0.076923
15638	16734	1	0.076923
15639	16248	75	0.925926
15639	15592	75	0.925926
15639	16035	2	0.024691
15640	15494	1	0.024390
15640	15754	1	0.024390
15640	15755	1	0.024390
15640	15575	9	0.219512
15640	16573	1	0.024390
15640	15615	1	0.024390
15642	16035	29	0.004358
15642	15460	1	0.000150
15642	15718	32	0.004808
15642	16135	2	0.000301
15642	15562	2	0.000301
15642	16362	5	0.000751
15642	16174	2	0.000301
15642	16723	1	0.000150
15642	16341	10	0.001503
15642	16535	1	0.000150
15642	16248	5	0.000751
15642	15492	25	0.003757
15642	16170	2	0.000301
15644	15912	1	0.008850
15645	16443	1	0.002105
15645	15460	474	0.997895
15645	16917	3	0.006316
15645	15687	493	1.037895
15646	16866	1	0.001733
15646	15718	51	0.088388
15646	16648	1	0.001733
15646	15561	1	0.001733
15646	15980	2	0.003466
15646	16917	1	0.001733
15646	16029	1	0.001733
15647	15490	1	0.000651
15647	16515	1	0.000651
15647	16516	123	0.080130
15647	16010	1	0.000651
15647	15853	1	0.000651
15647	16145	1	0.000651
15647	16660	1	0.000651
15647	15896	1	0.000651
15647	15729	1	0.000651
15647	16170	1	0.000651
15647	16171	1	0.000651
15647	16432	1	0.000651
15647	15667	3	0.001954
15647	15817	1	0.000651
15647	16573	2	0.001303
15647	15935	7	0.004560
15647	16198	1	0.000651
15647	15945	11	0.007166
15647	16248	3	0.001954
15647	15827	1	0.000651
15647	15956	1	0.000651
15647	16597	2	0.001303
15647	16475	2	0.001303
15647	16862	1	0.000651
15647	15589	1	0.000651
15647	16866	1	0.000651
15647	15973	3	0.001954
15647	15718	1	0.000651
15647	16493	2	0.001303
15647	15984	1	0.000651
15647	15857	1	0.000651
15647	16629	1	0.000651
15647	15864	2	0.001303
15647	16253	1	0.000651
15648	16824	2	0.011299
15648	15945	1	0.005650
15648	15562	1	0.005650
15648	16434	2	0.011299
15648	15943	1	0.005650
15650	15968	1	0.002907
15650	15718	5	0.014535
15650	15945	1	0.002907
15650	16659	7	0.020349
15650	15575	1	0.002907
15650	16475	5	0.014535
15650	15667	1	0.002907
15651	16035	29	0.004562
15651	15492	25	0.003933
15651	15718	32	0.005034
15651	16135	2	0.000315
15651	15562	2	0.000315
15651	16362	5	0.000787
15651	16174	2	0.000315
15651	16723	1	0.000157
15651	16341	10	0.001573
15651	16535	1	0.000157
15651	16248	5	0.000787
15651	15460	1	0.000157
15651	16170	2	0.000315
15652	15490	4	0.001142
15652	16515	1	0.000285
15652	16516	189	0.053954
15652	16136	4	0.001142
15652	16783	7	0.001998
15652	15984	6	0.001713
15652	16412	1	0.000285
15652	15648	6	0.001713
15652	16545	2	0.000571
15652	16035	52	0.014844
15652	15782	3	0.000856
15652	16553	1	0.000285
15652	16170	2	0.000571
15652	15661	93	0.026549
15652	15667	1	0.000285
15652	16824	38	0.010848
15652	16573	6	0.001713
15652	16450	2	0.000571
15652	15811	4	0.001142
15652	16341	6	0.001713
15652	15575	1	0.000285
15652	16089	1	0.000285
15652	16858	5	0.001427
15652	16475	1	0.000285
15652	16550	1	0.000285
15652	15718	11	0.003140
15652	15719	1	0.000285
15652	15592	1	0.000285
15652	15853	3	0.000856
15652	16624	1	0.000285
15652	15477	6	0.001713
15652	15990	1	0.000285
15652	16631	4	0.001142
15652	15864	1	0.000285
15652	15615	1	0.000285
15653	16068	3	0.034091
15653	15853	1	0.011364
15653	15667	4	0.045455
15653	15575	12	0.136364
15653	15609	2	0.022727
15653	16475	4	0.045455
15653	15932	1	0.011364
15655	16323	6	0.008011
15655	16170	3	0.004005
15655	16174	1	0.001335
15655	15984	1	0.001335
15655	16227	2	0.002670
15655	16341	3	0.004005
15656	16545	3	0.041096
15656	16170	1	0.013699
15656	15575	1	0.013699
15656	15945	2	0.027397
15657	15936	2	0.002497
15657	15811	3	0.003745
15657	16205	3	0.003745
15657	15615	4	0.004994
15657	16475	7	0.008739
15657	16476	2	0.002497
15657	16447	2	0.002497
15658	15493	2	0.028169
15658	16614	2	0.028169
15658	15559	2	0.028169
15658	15882	2	0.028169
15658	16270	2	0.028169
15658	16374	2	0.028169
15658	16828	2	0.028169
15658	16030	2	0.028169
15659	16171	2	0.002674
15659	15492	187	0.250000
15660	16035	32	0.005016
15660	15492	26	0.004075
15660	15718	32	0.005016
15660	16135	2	0.000313
15660	15562	2	0.000313
15660	16362	5	0.000784
15660	16174	2	0.000313
15660	16723	1	0.000157
15660	16341	10	0.001567
15660	16535	1	0.000157
15660	16248	5	0.000784
15660	15460	1	0.000157
15660	16170	2	0.000313
15661	15490	5	0.002046
15661	16136	1	0.000409
15661	15758	5	0.002046
15661	16783	7	0.002864
15661	16149	6	0.002455
15661	15648	7	0.002864
15661	15652	2	0.000818
15661	15782	4	0.001637
15661	15915	6	0.002455
15661	15667	64	0.026187
15661	16820	4	0.001637
15661	15799	5	0.002046
15661	16824	4	0.001637
15661	15547	4	0.001637
15661	15932	36	0.014730
15661	15477	1	0.000409
15661	15811	1	0.000409
15661	16327	2	0.000818
15661	15816	1	0.000409
15661	15945	1	0.000409
15661	16085	6	0.002455
15661	15705	10	0.004092
15661	16858	1	0.000409
15661	16475	7	0.002864
15661	16476	8	0.003273
15661	15710	4	0.001637
15661	15592	3	0.001227
15661	15594	1	0.000409
15661	16108	1	0.000409
15661	15853	4	0.001637
15661	16501	1	0.000409
15662	15575	1	0.002193
15663	15984	1	0.000542
15663	16035	1	0.000542
15663	15460	2	0.001083
15663	15718	10	0.005417
15663	16263	9	0.004875
15663	16170	5	0.002709
15663	15895	2	0.001083
15663	16078	1	0.000542
15663	15600	1	0.000542
15663	16881	7055	3.821777
15663	15477	2	0.001083
15663	15575	2	0.001083
15663	15492	1	0.000542
15663	15754	1	0.000542
15664	16803	8	0.888889
15664	15919	8	0.888889
15664	15459	8	0.888889
15664	16408	8	0.888889
15664	16377	8	0.888889
15664	15931	8	0.888889
15665	16136	1	0.055556
15665	15774	17	0.944444
15667	16545	1	0.001377
15667	15714	1	0.001377
15667	15811	41	0.056474
15667	16550	1	0.001377
15667	16327	10	0.013774
15667	16776	58	0.079890
15667	15914	15	0.020661
15667	16170	1	0.001377
15667	15853	40	0.055096
15667	16136	6	0.008264
15667	16573	3	0.004132
15667	15592	1	0.001377
15667	16475	17	0.023416
15667	15635	1	0.001377
15667	15547	1	0.001377
15667	15702	1	0.001377
15667	15959	4	0.005510
15667	15705	38	0.052342
15667	16763	14	0.019284
15667	15932	123	0.169421
15667	15965	1	0.001377
15668	16406	1	0.005291
15668	16150	4	0.021164
15668	16537	1	0.005291
15668	16541	2	0.010582
15668	16170	3	0.015873
15668	15915	1	0.005291
15668	16818	3	0.015873
15668	16434	1	0.005291
15668	15667	20	0.105820
15668	15799	2	0.010582
15668	15932	3	0.015873
15668	16327	2	0.010582
15668	16841	2	0.010582
15668	15694	1	0.005291
15668	16211	2	0.010582
15668	16214	1	0.005291
15668	15575	190	1.005291
15668	15705	1	0.005291
15668	15853	3	0.015873
15668	16882	8	0.042328
15668	16501	1	0.005291
15668	15991	2	0.010582
15668	16123	1	0.005291
15669	15742	1504	0.597062
15671	15856	2	0.020000
15671	15932	2	0.020000
15671	15477	1	0.010000
15672	16385	4	0.001127
15672	16770	4	0.001127
15672	16516	4	0.001127
15672	16136	6	0.001691
15672	16413	4	0.001127
15672	16414	9	0.002537
15672	16545	12	0.003382
15672	16475	4	0.001127
15672	16420	1696	0.478016
15672	15786	4	0.001127
15672	15533	4	0.001127
15672	16174	4	0.001127
15672	16178	10	0.002818
15672	15667	20	0.005637
15672	16697	4	0.001127
15672	15811	10	0.002818
15672	16068	4	0.001127
15672	16845	4	0.001127
15672	16334	4	0.001127
15672	16341	2	0.000564
15672	15575	20	0.005637
15672	16347	10	0.002818
15672	16349	7	0.001973
15672	15592	12	0.003382
15672	16108	2	0.000564
15672	15984	4	0.001127
15672	16627	4	0.001127
15672	15477	4	0.001127
15672	16889	4	0.001127
15672	16767	4	0.001127
15674	16035	41	0.719298
15674	15492	41	0.719298
15675	15724	367	1.054598
15676	16035	29	0.004509
15676	15460	1	0.000155
15676	15718	32	0.004975
15676	16135	2	0.000311
15676	15562	2	0.000311
15676	16362	5	0.000777
15676	16174	2	0.000311
15676	16723	1	0.000155
15676	16341	10	0.001555
15676	16535	1	0.000155
15676	16248	5	0.000777
15676	15492	25	0.003887
15676	16170	2	0.000311
15678	16171	1	0.001515
15678	16035	6	0.009091
15678	15494	1	0.001515
15678	15729	1	0.001515
15681	16514	1	0.076923
15681	16475	1	0.076923
15682	15984	8	0.222222
15683	15781	1	0.011364
15683	16550	1	0.011364
15683	16327	1	0.011364
15683	16716	4	0.045455
15683	16239	1	0.011364
15683	15667	1	0.011364
15683	16629	1	0.011364
15683	16475	1	0.011364
15683	16501	1	0.011364
15683	16325	1	0.011364
15684	16880	433	0.591530
15684	16035	3	0.004098
15684	15718	2	0.002732
15684	15817	433	0.591530
15684	15600	433	0.591530
15684	16628	31	0.042350
15684	16917	12	0.016393
15684	16248	4	0.005464
15684	15984	9	0.012295
15684	16093	433	0.591530
15684	16597	4	0.005464
15687	16597	1	0.002008
15690	16824	1	0.024390
15690	15915	1	0.024390
15690	16508	1	0.024390
15690	15477	1	0.024390
15692	15667	1	0.111111
15692	15811	1	0.111111
15692	15853	4	0.444444
15695	16058	1	0.004167
15695	15687	7803	32.512500
15696	16800	1	0.018182
15698	15984	2	0.005970
15698	16170	4	0.011940
15698	16597	2	0.005970
15700	15915	1	0.007634
15700	16068	2	0.015267
15700	15853	1	0.007634
15700	15615	2	0.015267
15701	15592	1	0.016949
15702	16659	156	1.000000
15702	16553	156	1.000000
15702	16475	937	6.006410
15702	15965	1	0.006410
15702	16038	3	0.019231
15705	15667	1	0.001828
15705	16550	2	0.003656
15705	15495	2	0.003656
15708	16784	1	0.015873
15708	16866	1	0.015873
15709	16374	1	0.001383
15709	16366	1	0.001383
15709	15718	2	0.002766
15709	15575	1	0.001383
15710	16384	5	0.006519
15710	16776	1	0.001304
15710	16010	3	0.003911
15710	16149	2	0.002608
15710	16920	2	0.002608
15710	15648	1	0.001304
15710	16550	1	0.001304
15710	15915	2	0.002608
15710	16434	1	0.001304
15710	15667	7	0.009126
15710	15926	1	0.001304
15710	16824	2	0.002608
15710	16826	1	0.001304
15710	15547	1	0.001304
15710	15932	1	0.001304
15710	16573	1	0.001304
15710	15811	2	0.002608
15710	16461	3	0.003911
15710	15952	2	0.002608
15710	15702	1	0.001304
15710	15575	1	0.001304
15710	16475	3	0.003911
15710	16350	1	0.001304
15710	15968	2	0.002608
15710	15592	2	0.002608
15710	15853	4	0.005215
15710	15477	1	0.001304
15710	16376	1	0.001304
15710	16123	1	0.001304
15710	15615	1	0.001304
15711	16450	1	0.000870
15711	16516	1168	1.016536
15711	15943	1	0.000870
15711	15754	1	0.000870
15711	15853	6	0.005222
15711	16573	1	0.000870
15711	16531	1503	1.308094
15711	16597	1	0.000870
15711	15652	1	0.000870
15711	16093	1	0.000870
15711	16094	2	0.001741
15713	16553	2	0.002857
15713	15853	1	0.001429
15714	16550	1	0.007634
15714	15635	1	0.007634
15714	16553	133	1.015267
15714	15984	1	0.007634
15714	16659	131	1.000000
15714	16475	786	6.000000
15715	15466	2	0.222222
15715	15893	2	0.222222
15716	16035	29	0.004548
15716	15460	1	0.000157
15716	15718	32	0.005019
15716	16135	2	0.000314
15716	15562	2	0.000314
15716	16362	5	0.000784
15716	16174	2	0.000314
15716	16723	1	0.000157
15716	16341	10	0.001568
15716	16535	1	0.000157
15716	16248	5	0.000784
15716	15492	25	0.003921
15716	16170	2	0.000314
15717	16913	1	0.008696
15717	16170	21	0.182609
15718	16384	1	0.000244
15718	16515	2	0.000488
15718	15492	3	0.000732
15718	15494	10	0.002440
15718	16136	1	0.000244
15718	16285	2	0.000488
15718	16035	119	0.029039
15718	15652	1	0.000244
15718	15915	1	0.000244
15718	16436	1	0.000244
15718	16824	2	0.000488
15718	15547	21	0.005124
15718	15935	1	0.000244
15718	16450	1	0.000244
15718	16198	1	0.000244
15718	16723	1	0.000244
15718	16341	119	0.029039
15718	15575	10	0.002440
15718	15711	2	0.000488
15718	15592	22	0.005368
15718	15864	1	0.000244
15718	15615	4	0.000976
15719	15984	1	0.000473
15719	15490	5	0.002367
15719	16707	3	0.001420
15719	15652	2	0.000947
15719	15592	1325	0.627367
15719	16336	1319	0.624527
15719	16136	2	0.000947
15719	16035	1	0.000473
15719	16341	2	0.000947
15719	15575	1	0.000473
15719	16516	2	0.000947
15719	16443	1	0.000473
15719	16697	2	0.000947
15719	15678	1	0.000473
15719	16597	1	0.000473
15720	15460	1	0.000670
15720	15718	2	0.001340
15720	15729	2	0.001340
15720	16136	3	0.002009
15720	15592	3	0.002009
15720	15859	5	0.003349
15720	16341	2	0.001340
15720	16886	1	0.000670
15720	15996	8	0.005358
15720	16541	2	0.001340
15721	16136	2	0.018868
15721	15592	1	0.009434
15723	16514	1	0.004695
15723	16516	1	0.004695
15723	15655	2	0.009390
15723	15853	4	0.018779
15723	15984	1	0.004695
15723	15667	5	0.023474
15723	15477	3	0.014085
15723	16475	2	0.009390
15723	16476	1	0.004695
15724	15592	1	0.003623
15724	16035	1	0.003623
15724	15460	1	0.003623
15724	16597	1	0.003623
15724	16094	2	0.007246
15727	16475	2	0.023810
15727	16108	2	0.023810
15727	15974	2	0.023810
15727	16659	2	0.023810
15727	16905	13	0.154762
15727	16012	1	0.011905
15727	15853	3	0.035714
15727	15827	3	0.035714
15727	15667	2	0.023810
15727	15926	2	0.023810
15727	16553	3	0.035714
15727	16376	2	0.023810
15727	16731	3	0.035714
15727	15932	3	0.035714
15727	15615	5	0.059524
15729	16550	1	0.002079
15729	16136	430	0.893971
15729	16649	1	0.002079
15729	15592	2	0.004158
15729	15667	2	0.004158
15729	16597	1	0.002079
15729	16374	1	0.002079
15729	16920	1	0.002079
15729	16094	1	0.002079
15729	15935	1	0.002079
15731	15816	1	0.010204
15731	16136	5	0.051020
15731	16423	10	0.102041
15735	16841	1	0.000363
15735	16068	1	0.000363
15735	16447	2	0.000727
15738	15956	95	1.010638
15738	15927	95	1.010638
15738	16108	94	1.000000
15738	15513	95	1.010638
15739	16769	13	0.812500
15739	16475	2	0.125000
15739	15830	1	0.062500
15740	16416	1	0.035714
15740	16543	56	2.000000
15741	16902	7	1.000000
15742	16421	1	0.000287
15742	16904	1	0.000287
15742	16235	1	0.000287
15742	15852	1	0.000287
15742	15669	1	0.000287
15742	15804	1	0.000287
15743	16035	1	0.001025
15743	15724	1988	2.036885
15743	15575	1	0.001025
15746	15538	4	0.045455
15746	16541	2	0.022727
15747	15724	2027	6.105422
15749	16867	2	0.003490
15749	15755	2	0.003490
15749	16550	2	0.003490
15750	15552	10	0.909091
15750	16440	10	0.909091
15750	15784	31	2.818182
15750	16045	10	0.909091
15750	16799	10	0.909091
15752	16660	1	0.014085
15752	16133	1	0.014085
15752	15510	2	0.028169
15752	15615	1	0.014085
15754	16516	149	0.151577
15754	16086	2	0.002035
15754	16136	1	0.001017
15754	16531	1	0.001017
15754	15776	1	0.001017
15754	16545	2	0.002035
15754	16035	9	0.009156
15754	15526	1	0.001017
15754	15528	1	0.001017
15754	15918	1	0.001017
15754	16573	1	0.001017
15754	15935	1	0.001017
15754	15943	1	0.001017
15754	16714	1	0.001017
15754	15827	2	0.002035
15754	15702	2	0.002035
15754	15575	1	0.001017
15754	16731	1	0.001017
15754	15853	1	0.001017
15754	15726	6	0.006104
15754	15984	1	0.001017
15754	15477	1	0.001017
15754	16886	1	0.001017
15758	16659	1	0.002049
15758	16149	1	0.002049
15758	15648	5	0.010246
15758	16550	1	0.002049
15758	16423	1	0.002049
15758	16553	1	0.002049
15758	15667	20	0.040984
15758	16824	4	0.008197
15758	16573	1	0.002049
15758	16064	1	0.002049
15758	15811	69	0.141393
15758	16068	1	0.002049
15758	16460	1	0.002049
15758	16184	193	0.395492
15758	16085	1	0.002049
15758	16475	9	0.018443
15758	16476	1	0.002049
15758	15968	1	0.002049
15758	15592	4	0.008197
15758	15853	3	0.006148
15758	15731	1	0.002049
15758	15477	2	0.004098
15758	16123	1	0.002049
15758	15615	138	0.282787
15759	15718	1	0.005076
15760	15492	1	0.000329
15760	16261	1	0.000329
15760	16136	1	0.000329
15760	15754	1	0.000329
15760	16365	9	0.002959
15760	15647	1	0.000329
15760	16917	4	0.001315
15760	16516	5	0.001644
15760	15903	21	0.006903
15760	16035	8	0.002630
15760	16553	1	0.000329
15760	16170	10	0.003287
15760	16695	1	0.000329
15760	15853	2	0.000657
15760	16573	1	0.000329
15760	15935	2	0.000657
15760	15562	1	0.000329
15760	15955	2	0.000657
15760	16341	3	0.000986
15760	16475	1	0.000329
15760	15965	1	0.000329
15760	15460	5	0.001644
15760	16487	2	0.000657
15760	15592	6	0.001972
15760	15725	9	0.002959
15760	15984	1	0.000329
15760	16369	2	0.000657
15760	15477	4	0.001315
15760	16248	1	0.000329
15762	16515	1	0.007634
15762	16573	1	0.007634
15766	15615	1	0.007407
15771	16035	29	0.004600
15771	15492	25	0.003965
15771	15718	32	0.005075
15771	16135	2	0.000317
15771	16362	5	0.000793
15771	16170	2	0.000317
15771	16174	2	0.000317
15771	16723	1	0.000159
15771	16341	10	0.001586
15771	16535	1	0.000159
15771	16248	5	0.000793
15771	15460	1	0.000159
15771	15562	2	0.000317
15774	16035	8	0.023881
15774	16516	1	0.002985
15774	15718	4	0.011940
15774	16465	7	0.020896
15774	16136	1	0.002985
15774	16875	7	0.020896
15774	15981	1	0.002985
15774	15758	25	0.074627
15774	15665	7	0.020896
15774	16341	2	0.005970
15774	15965	1	0.002985
15774	16414	2	0.005970
15776	15968	3	0.000250
15776	16705	1	0.000083
15776	16035	6	0.000501
15776	16516	15	0.001252
15776	15526	1	0.000083
15776	15718	2390	0.199532
15776	15592	1	0.000083
15776	15754	4	0.000334
15776	15477	2	0.000167
15776	15853	1	0.000083
15776	15827	5	0.000417
15776	16424	2	0.000167
15776	15667	18	0.001503
15776	16341	1	0.000083
15776	15575	11	0.000918
15776	15726	11	0.000918
15776	16475	1	0.000083
15776	16714	1	0.000083
15776	16414	5	0.000417
15776	15711	1	0.000083
15777	15648	2	0.007143
15777	15652	1	0.003571
15777	16516	2	0.007143
15777	16913	3	0.010714
15777	16136	3	0.010714
15777	16553	280	1.000000
15777	16174	2	0.007143
15777	15816	2	0.007143
15777	16659	280	1.000000
15777	16697	2	0.007143
15777	16475	1682	6.007143
15777	15592	5	0.017857
15780	15785	3	0.012146
15780	15793	1	0.004049
15780	16341	1	0.004049
15780	15781	233	0.943320
15781	15683	2	0.007968
15781	15460	1	0.003984
15781	16325	3	0.011952
15781	15785	234	0.932271
15781	16170	2	0.007968
15781	16341	1	0.003984
15782	16610	2	0.006154
15782	16707	2	0.006154
15782	16102	2	0.006154
15782	16680	2	0.006154
15782	15594	4	0.012308
15782	16535	2	0.006154
15782	16364	2	0.006154
15782	16398	2	0.006154
15782	15632	2	0.006154
15782	15528	2	0.006154
15782	15764	2	0.006154
15782	16414	2	0.006154
15782	16375	2	0.006154
15782	16156	2	0.006154
15782	15646	2	0.006154
15782	16543	2	0.006154
15784	15552	4	0.013559
15784	15718	2	0.006780
15784	15750	3	0.010169
15784	16045	3	0.010169
15784	15984	2	0.006780
15784	16597	2	0.006780
15784	16440	3	0.010169
15784	16799	3	0.010169
15784	15477	2	0.006780
15785	16136	4	0.003795
15785	15718	13	0.012334
15785	16035	1024	0.971537
15785	15781	1011	0.959203
15785	16374	4	0.003795
15788	16867	1	0.055556
15788	15718	1	0.055556
15788	15983	1	0.055556
15791	15678	4	0.148148
15793	15492	1	0.002994
15793	16573	1	0.002994
15794	15667	1	0.010753
15795	16327	1	0.005848
15795	15592	1	0.005848
15795	16361	1	0.005848
15795	16175	3	0.017544
15795	16916	13	0.076023
15795	15477	1	0.005848
15797	16649	2	0.074074
15797	15964	2	0.074074
15798	16813	10	1.000000
15798	16902	10	1.000000
15799	15758	1	0.002551
15799	16913	1	0.002551
15799	16553	3	0.007653
15799	16327	1	0.002551
15799	15661	1	0.002551
15799	15537	1	0.002551
15799	15667	2	0.005102
15799	16820	1	0.002551
15799	16565	1	0.002551
15799	15547	1	0.002551
15799	16501	3	0.007653
15799	15936	2	0.005102
15799	15811	8	0.020408
15799	15943	1	0.002551
15799	16716	1	0.002551
15799	16845	1	0.002551
15799	16085	3	0.007653
15799	16475	4	0.010204
15799	15710	1	0.002551
15799	15713	2	0.005102
15799	15718	72	0.183673
15799	15853	1	0.002551
15799	15984	1	0.002551
15799	15477	38	0.096939
15800	16035	11	0.047210
15801	16516	1	0.013333
15801	16262	1	0.013333
15801	16775	1	0.013333
15801	16266	1	0.013333
15801	16012	1	0.013333
15801	15630	1	0.013333
15801	16019	1	0.013333
15801	16148	1	0.013333
15801	15893	1	0.013333
15801	16106	1	0.013333
15801	16545	5	0.066667
15801	15656	2	0.026667
15801	16046	1	0.013333
15801	16313	1	0.013333
15801	16321	1	0.013333
15801	16322	2	0.026667
15801	15521	1	0.013333
15801	16461	1	0.013333
15801	16846	1	0.013333
15801	16211	1	0.013333
15801	15449	1	0.013333
15801	15582	2	0.026667
15801	16867	1	0.013333
15801	16741	1	0.013333
15801	16233	1	0.013333
15801	16362	1	0.013333
15801	15726	1	0.013333
15801	15615	2	0.026667
15801	16637	1	0.013333
15801	16383	1	0.013333
15803	15683	1	0.004132
15803	15781	4	0.016529
15803	16341	2	0.008264
15804	15742	8238	0.876569
15805	16355	1	0.002747
15805	16553	2	0.005495
15805	16011	1	0.002747
15805	15811	4	0.010989
15805	15923	12	0.032967
15805	16515	174	0.478022
15805	15575	98	0.269231
15805	16763	2	0.005495
15805	16171	1	0.002747
15805	15615	1	0.002747
15807	16035	9	0.018072
15807	15492	2	0.004016
15807	16550	2	0.004016
15807	16104	2	0.004016
15807	16205	1	0.002008
15807	15629	1	0.002008
15807	16136	1	0.002008
15807	15570	1	0.002008
15807	16341	1	0.002008
15807	16824	3	0.006024
15807	16447	4	0.008032
15809	15911	28	2.545455
15810	15648	1	0.043478
15810	16852	1	0.043478
15810	15477	1	0.043478
15811	16003	1	0.001433
15811	16516	13	0.018625
15811	16136	12	0.017192
15811	16364	1	0.001433
15811	15629	2	0.002865
15811	16493	4	0.005731
15811	15504	1	0.001433
15811	15960	2	0.002865
15811	16660	1	0.001433
15811	16151	1	0.001433
15811	16260	1	0.001433
15811	15903	1	0.001433
15811	16416	1	0.001433
15811	15652	5	0.007163
15811	16553	3	0.004298
15811	15915	1	0.001433
15811	16776	2	0.002865
15811	15667	13	0.018625
15811	15799	1	0.001433
15811	15570	2	0.002865
15811	16443	1	0.001433
15811	16573	2	0.002865
15811	16831	1	0.001433
15811	16064	1347	1.929799
15811	16325	2	0.002865
15811	16715	1	0.001433
15811	15565	1	0.001433
15811	16845	4	0.005731
15811	16722	1	0.001433
15811	16341	3	0.004298
15811	15575	2	0.002865
15811	15477	1	0.001433
15811	15981	1	0.001433
15811	15578	2	0.002865
15811	16475	5	0.007163
15811	16476	3	0.004298
15811	15710	1	0.001433
15811	15713	7	0.010029
15811	15492	3	0.004298
15811	16483	1	0.001433
15811	15973	2	0.002865
15811	15718	567	0.812321
15811	16615	2	0.002865
15811	15592	5	0.007163
15811	16233	2	0.002865
15811	16876	273	0.391117
15811	15853	30	0.042980
15811	15729	1	0.001433
15811	16629	1	0.001433
15811	16374	3	0.004298
15811	15864	1	0.001433
15811	16378	1	0.001433
15811	15996	4	0.005731
15811	15615	1	0.001433
15813	15648	1	0.005917
15813	16475	1	0.005917
15813	16085	1	0.005917
15817	16035	1	0.002457
15817	16136	3	0.007371
15817	15592	1	0.002457
15817	15667	1	0.002457
15817	16341	2	0.004914
15817	15635	1	0.002457
15818	16573	5	0.384615
15818	15575	7	0.538462
15819	16516	1	0.100000
15819	15911	231	23.100000
15821	16204	1	0.002681
15823	16750	11	1.000000
15825	15718	1	0.003509
15825	15575	1	0.003509
15827	15776	1	0.003106
15827	16913	1	0.003106
15827	15555	1	0.003106
15827	16516	1	0.003106
15827	16229	1	0.003106
15827	16550	1	0.003106
15827	15633	1	0.003106
15827	16136	326	1.012422
15827	15754	4	0.012422
15827	15662	1	0.003106
15827	15984	1	0.003106
15827	15880	1	0.003106
15827	15635	1	0.003106
15827	15604	1	0.003106
15827	16597	1	0.003106
15827	16248	7	0.021739
15827	16697	1	0.003106
15827	15528	1	0.003106
15827	16094	1	0.003106
15828	15984	1	0.000671
15828	16035	1	0.000671
15828	15492	1	0.000671
15828	15718	9	0.006040
15828	16263	9	0.006040
15828	16170	5	0.003356
15828	15575	2	0.001342
15828	16078	1	0.000671
15828	15600	1	0.000671
15828	16881	6593	4.424832
15828	15477	2	0.001342
15828	15895	2	0.001342
15828	15460	2	0.001342
15828	15754	1	0.000671
15829	15984	4	0.003717
15829	15592	4	0.003717
15829	15562	2	0.001859
15829	15647	1	0.000929
15829	15477	2	0.001859
15829	15896	1	0.000929
15829	16697	2	0.001859
15829	15579	2	0.001859
15829	15581	4	0.003717
15829	16447	4	0.003717
15831	16776	1	0.002890
15831	16516	1	0.002890
15831	16198	1	0.002890
15831	16433	46	0.132948
15831	15656	17	0.049133
15831	16364	127	0.367052
15831	15592	1	0.002890
15831	16436	7	0.020231
15831	15477	3	0.008671
15831	15962	2	0.005780
15831	15615	1	0.002890
15831	16501	1	0.002890
15831	16085	5	0.014451
15833	15984	2	0.011976
15833	16597	4	0.023952
15833	16094	4	0.023952
15833	15853	2	0.011976
15835	16009	74214	1.000000
15835	15615	1	0.000013
15836	15584	3	0.003425
15836	15494	2	0.002283
15836	16327	2	0.002283
15836	16745	1818	2.075342
15836	15914	2	0.002283
15836	15915	4	0.004566
15836	15853	1801	2.055936
15836	16173	1793	2.046804
15836	15955	3588	4.095890
15836	15667	3593	4.101598
15836	15636	1798	2.052511
15836	15477	3	0.003425
15836	15977	6	0.006849
15836	15930	579344	661.351598
15836	15932	4	0.004566
15836	15615	14	0.015982
15839	16515	1	0.050000
15839	16198	1	0.050000
15839	15935	1	0.050000
15840	15536	84	1.135135
15841	15754	1	0.000627
15841	15755	337	0.211153
15841	16917	1	0.000627
15844	16035	1	0.002160
15844	15492	23	0.049676
15844	16741	24	0.051836
15844	16078	6	0.012959
15844	15984	1	0.002160
15844	16597	1	0.002160
15849	16553	2	0.037736
15849	16811	5	0.094340
15849	15853	1	0.018868
15849	15811	1	0.018868
15849	15575	5	0.094340
15851	16035	29	0.004627
15851	15492	25	0.003989
15851	15718	32	0.005106
15851	16135	2	0.000319
15851	15562	2	0.000319
15851	16362	5	0.000798
15851	16174	2	0.000319
15851	16723	1	0.000160
15851	16341	10	0.001596
15851	16535	1	0.000160
15851	16248	5	0.000798
15851	15460	1	0.000160
15851	16170	2	0.000319
15852	15742	7166	0.852182
15853	15936	1	0.007519
15853	16550	2	0.015038
15853	16845	1	0.007519
15853	16085	1	0.007519
15853	16475	6	0.045113
15853	15637	1	0.007519
15854	16056	2	0.023256
15854	16824	1	0.011628
15854	16035	1	0.011628
15854	15492	3	0.034884
15854	15718	2	0.023256
15856	16554	1	0.020000
15856	16475	1	0.020000
15856	15477	1	0.020000
15856	15671	2	0.040000
15857	16674	4	0.005175
15857	15908	3	0.003881
15857	15589	1	0.001294
15857	16838	1	0.001294
15857	16136	4	0.005175
15857	16010	1	0.001294
15857	15983	3	0.003881
15857	15762	1	0.001294
15857	15667	2	0.002587
15857	16629	1	0.001294
15857	16374	1	0.001294
15857	16824	1	0.001294
15857	16089	1	0.001294
15857	16106	1	0.001294
15857	16894	3	0.003881
15857	15615	2	0.002587
15859	15720	1	0.023256
15859	16849	1	0.023256
15859	15538	1	0.023256
15860	16106	1	0.008850
15860	15915	1	0.008850
15860	16894	5	0.044248
15864	16516	9	0.066667
15864	15718	1	0.007407
15867	15480	3	0.017964
15867	15575	54	0.323353
15867	15615	12	0.071856
15868	16327	1	0.000570
15868	16205	2	0.001140
15868	15853	4	0.002281
15868	15762	1	0.000570
15868	15667	4	0.002281
15868	15477	1	0.000570
15868	16447	4	0.002281
15869	16165	1	0.035714
15869	16086	1	0.035714
15872	16416	3	0.005217
15872	15731	6	0.010435
15872	16423	6	0.010435
15876	16035	29	0.004589
15876	15460	1	0.000158
15876	15718	32	0.005064
15876	16135	2	0.000317
15876	15562	2	0.000317
15876	16362	5	0.000791
15876	16174	2	0.000317
15876	16723	1	0.000158
15876	16341	10	0.001583
15876	16535	1	0.000158
15876	16248	5	0.000791
15876	15492	25	0.003956
15876	16170	2	0.000317
15879	16492	2	0.125000
15879	16047	1	0.062500
15880	16516	2	0.002220
15880	15592	2	0.002220
15880	15827	2	0.002220
15880	16248	2	0.002220
15880	16731	2	0.002220
15880	15582	2	0.002220
15881	15648	6	0.125000
15881	15816	1	0.020833
15881	15817	2	0.041667
15881	15466	4	0.083333
15881	15853	1	0.020833
15881	15536	1	0.020833
15881	15731	1	0.020833
15881	16475	1	0.020833
15881	15932	1	0.020833
15882	15494	2	0.007519
15882	16102	2	0.007519
15882	16327	1	0.003759
15882	15915	1	0.003759
15882	16108	1	0.003759
15882	15853	5	0.018797
15882	16334	1	0.003759
15882	16913	1	0.003759
15882	15667	2	0.007519
15882	15477	1	0.003759
15882	15799	1	0.003759
15882	16475	1	0.003759
15882	16828	6	0.022556
15882	15493	1	0.003759
15883	16215	3	0.081081
15883	16917	1	0.027027
15883	15853	1	0.027027
15883	15454	912	24.648649
15883	16341	1	0.027027
15886	15911	198	11.647059
15889	15911	16	1.600000
15890	15494	1	0.003690
15890	16553	1	0.003690
15890	15981	1	0.003690
15890	16659	1	0.003690
15890	15477	4	0.014760
15890	16375	2	0.007380
15890	16824	4	0.014760
15890	15935	1	0.003690
15890	16475	14	0.051661
15890	16350	1	0.003690
15890	16085	6	0.022140
15891	15705	1	0.111111
15891	15477	1	0.111111
15891	15497	1	0.111111
15893	15592	1	0.025641
15893	15754	1	0.025641
15893	15948	1	0.025641
15893	15853	1	0.025641
15893	15477	1	0.025641
15893	15638	1	0.025641
15893	16791	4	0.102564
15893	15800	1	0.025641
15893	16475	1	0.025641
15895	15718	1	0.015625
15895	16553	65	1.015625
15895	16108	2	0.031250
15895	16659	64	1.000000
15895	16884	2	0.031250
15895	16697	2	0.031250
15895	16475	384	6.000000
15896	16136	675	0.639810
15896	16516	2	0.001896
15896	16550	4	0.003791
15896	16350	2	0.001896
15897	16322	85	0.574324
15897	16432	1	0.006757
15897	16341	2	0.013514
15897	15896	2	0.013514
15897	15932	2	0.013514
15897	15477	2	0.013514
15899	15984	1	0.008403
15903	15494	2	0.002000
15903	16327	3	0.003000
15903	16776	1	0.001000
15903	16553	1	0.001000
15903	16365	1	0.001000
15903	15725	2	0.002000
15903	16369	3	0.003000
15903	16659	1	0.001000
15903	15477	1	0.001000
15903	15853	1	0.001000
15903	16475	6	0.006000
15903	15932	2	0.002000
15903	15667	5	0.005000
15904	15509	4	0.001205
15904	16629	2	0.000602
15904	16035	5	0.001506
15904	15460	10	0.003012
15904	16198	4	0.001205
15904	15718	29	0.008735
15904	15592	1	0.000301
15904	16414	6	0.001807
15904	16844	2	0.000602
15904	15984	2	0.000602
15904	16773	2	0.000602
15904	15902	153	0.046084
15904	15575	9	0.002711
15904	16248	4	0.001205
15904	15492	6	0.001807
15904	15754	2	0.000602
15904	16637	10	0.003012
15904	16094	6	0.001807
15904	16597	2	0.000602
15906	16705	1	0.003257
15906	16714	1	0.003257
15906	16086	1	0.003257
15906	15726	1	0.003257
15908	16001	1	0.000295
15908	16035	1	0.000295
15908	16248	1	0.000295
15908	15718	2	0.000590
15908	15592	3	0.000885
15908	16106	3	0.000885
15908	16170	1	0.000295
15908	16108	1	0.000295
15908	16493	1	0.000295
15908	15984	2	0.000590
15908	15857	1	0.000295
15908	15667	1	0.000295
15908	15477	4	0.001180
15908	15575	2	0.000590
15908	15864	1	0.000295
15908	16188	1	0.000295
15908	16573	1	0.000295
15908	15935	1	0.000295
15910	16136	921	1.017680
15910	16046	1	0.001105
15910	16240	1	0.001105
15910	15667	1	0.001105
15910	15827	1	0.001105
15910	16475	1	0.001105
15911	16248	2	0.021277
15911	16035	1	0.010638
15911	15718	2	0.021277
15912	15936	1	0.001524
15912	15968	1	0.001524
15912	15915	1	0.001524
15912	16005	201	0.306402
15912	15494	11	0.016768
15912	16394	2	0.003049
15912	16203	2	0.003049
15912	15853	1	0.001524
15912	16509	1	0.001524
15912	15667	9	0.013720
15912	15705	1	0.001524
15912	16058	2	0.003049
15912	15615	2	0.003049
15912	16170	4	0.006098
15912	16069	1	0.001524
15914	15589	1	0.014286
15914	15817	1	0.014286
15914	15562	1	0.014286
15914	16365	1	0.014286
15914	15981	1	0.014286
15914	15827	1	0.014286
15914	15956	1	0.014286
15914	16475	1	0.014286
15914	15711	1	0.014286
15915	15936	87	1.500000
15915	15494	361	6.224138
15915	16058	81	1.396552
15915	16475	3	0.051724
15915	15546	5	0.086207
15915	15615	213	3.672414
15916	16516	1	0.000627
15916	16035	1	0.000627
15916	15460	1	0.000627
15916	16741	1	0.000627
15916	15718	1	0.000627
15916	15592	1	0.000627
15916	16651	2	0.001254
15916	16450	1	0.000627
15916	15984	3	0.001881
15916	16136	1	0.000627
15916	16597	2	0.001254
15916	15492	1	0.000627
15916	15996	1	0.000627
15916	16862	2	0.001254
15916	16341	100	0.062696
15918	16384	2	0.004057
15918	16516	510	1.034483
15918	15945	1	0.002028
15918	15754	4	0.008114
15918	16171	2	0.004057
15918	15948	1	0.002028
15918	16723	2	0.004057
15918	16886	1	0.002028
15918	16824	1	0.002028
15918	16697	1	0.002028
15918	16635	1	0.002028
15918	15935	2	0.004057
15919	15984	1	0.002183
15919	16803	6	0.013100
15919	15702	1	0.002183
15919	15592	15	0.032751
15919	15664	4	0.008734
15919	15459	6	0.013100
15919	16035	452	0.986900
15919	15990	1	0.002183
15919	16408	4	0.008734
15919	16377	4	0.008734
15919	15931	4	0.008734
15919	16597	2	0.004367
15920	16545	1	0.001255
15920	16258	44	0.055207
15920	16035	5	0.006274
15920	15460	2	0.002509
15920	16005	133042	166.928482
15920	15718	1	0.001255
15920	15912	1	0.001255
15920	16684	52	0.065245
15920	16394	1	0.001255
15920	16203	861	1.080301
15920	16428	15	0.018821
15920	15501	1	0.001255
15920	16656	21	0.026349
15920	15984	3	0.003764
15920	16744	33	0.041405
15920	16550	1	0.001255
15920	15477	1	0.001255
15920	16824	1	0.001255
15920	15644	1	0.001255
15920	16437	31	0.038896
15920	16069	706	0.885822
15921	16640	1	0.003003
15921	15817	1	0.003003
15921	16490	1	0.003003
15921	15600	2	0.006006
15921	16243	6	0.018018
15921	16605	2	0.006006
15922	15724	409	1.007389
15923	16424	2	0.035088
15923	15968	1	0.017544
15923	16866	2	0.035088
15923	16829	2	0.035088
15923	16545	1	0.017544
15924	15492	3	0.002641
15924	16035	4	0.003521
15924	16516	4	0.003521
15924	16136	4	0.003521
15924	16170	2	0.001761
15924	15984	9	0.007923
15924	16917	8	0.007042
15924	16824	1	0.000880
15924	15460	9	0.007923
15924	16597	2	0.001761
15924	16341	12	0.010563
15925	16035	29	0.004616
15925	15492	25	0.003980
15925	15718	32	0.005094
15925	16135	2	0.000318
15925	16362	5	0.000796
15925	16170	2	0.000318
15925	16174	2	0.000318
15925	16723	1	0.000159
15925	16341	10	0.001592
15925	16535	1	0.000159
15925	16248	5	0.000796
15925	15460	1	0.000159
15925	15562	2	0.000318
15926	15968	1	0.002915
15926	15718	4	0.011662
15926	15945	1	0.002915
15926	16659	6	0.017493
15926	15575	1	0.002915
15926	16475	4	0.011662
15926	15667	1	0.002915
15927	16545	539	1.003724
15927	16014	1	0.001862
15927	15956	1	0.001862
15927	15513	1	0.001862
15927	15738	1	0.001862
15927	16443	3	0.005587
15927	15615	1	0.001862
15929	15777	2	0.000651
15929	15811	7066	2.299382
15929	15494	9	0.002929
15929	16327	9	0.002929
15929	16105	9	0.002929
15929	15477	27	0.008786
15929	16108	2	0.000651
15929	16434	9	0.002929
15929	16334	2	0.000651
15929	15984	2	0.000651
15929	15570	4	0.001302
15929	16174	2	0.000651
15929	16824	9	0.002929
15929	16423	18	0.005857
15929	16447	120	0.039050
15929	15868	18	0.005857
15929	16501	9	0.002929
15929	15935	2	0.000651
15930	15584	3	0.003405
15930	15494	2	0.002270
15930	16327	2	0.002270
15930	16745	1832	2.079455
15930	15914	2	0.002270
15930	15915	4	0.004540
15930	15853	1815	2.060159
15930	16173	1807	2.051078
15930	15955	3616	4.104427
15930	15667	3621	4.110102
15930	15636	1812	2.056754
15930	15477	3	0.003405
15930	15977	6	0.006810
15930	15932	4	0.004540
15930	15615	14	0.015891
15931	15459	21	0.913043
15931	16803	21	0.913043
15931	15919	21	0.913043
15931	15664	21	0.913043
15931	16723	42	1.826087
15931	16408	21	0.913043
15931	16377	21	0.913043
15932	15968	2	0.017699
15932	16475	1	0.008850
15932	16170	1	0.008850
15932	15667	3	0.026549
15932	16805	2	0.017699
15935	16516	48	0.105727
15935	15592	1	0.002203
15935	16604	1	0.002203
15935	15983	1	0.002203
15935	15857	2	0.004405
15935	16597	1	0.002203
15935	16886	2	0.004405
15935	16824	1	0.002203
15935	15996	2	0.004405
15935	16094	1	0.002203
15936	15811	4	0.022857
15936	15718	6	0.034286
15936	15644	2	0.011429
15936	15915	95	0.542857
15936	16093	2	0.011429
15936	16373	2	0.011429
15936	15575	28	0.160000
15936	16058	91	0.520000
15936	16476	4	0.022857
15936	16573	8	0.045714
15936	15615	113	0.645714
15937	16641	1	0.090909
15937	16813	1	0.090909
15937	15470	1	0.090909
15939	16384	1	0.001876
15939	15910	1	0.001876
15939	15984	2	0.003752
15939	16248	1	0.001876
15939	15580	1	0.001876
15939	15711	1	0.001876
15940	16215	3	0.081081
15940	16917	1	0.027027
15940	15853	1	0.027027
15940	15454	912	24.648649
15940	16341	1	0.027027
15942	16136	7	0.004848
15942	15458	1344	0.930748
15942	16516	1367	0.946676
15942	16170	1	0.000693
15943	16597	1	0.014085
15943	16516	1	0.014085
15943	16534	1	0.014085
15943	15494	1	0.014085
15943	15495	3	0.042254
15943	16776	3	0.042254
15943	16526	2	0.028169
15943	16913	1	0.014085
15943	16659	71	1.000000
15943	16917	2	0.028169
15943	16406	1	0.014085
15943	15895	4	0.056338
15943	16542	1	0.014085
15943	15648	1	0.014085
15943	16545	1	0.014085
15943	16035	4	0.056338
15943	16038	1	0.014085
15943	16423	1	0.014085
15943	16553	74	1.042254
15943	15915	1	0.014085
15943	16174	1	0.014085
15943	15965	1	0.014085
15943	16817	1	0.014085
15943	16824	1	0.014085
15943	16697	1	0.014085
15943	16058	1	0.014085
15943	15547	1	0.014085
15943	15936	1	0.014085
15943	15811	1	0.014085
15943	16327	1	0.014085
15943	15816	1	0.014085
15943	16841	1	0.014085
15943	15694	1	0.014085
15943	15952	3	0.042254
15943	16085	1	0.014085
15943	15702	1	0.014085
15943	15959	1	0.014085
15943	16475	426	6.000000
15943	16604	1	0.014085
15943	16826	1	0.014085
15943	16094	1	0.014085
15943	15713	1	0.014085
15943	15637	1	0.014085
15943	15718	1	0.014085
15943	16742	2	0.028169
15943	15592	2	0.028169
15943	16105	1	0.014085
15943	16876	1	0.014085
15943	15853	1	0.014085
15943	15984	2	0.028169
15943	15731	1	0.014085
15943	16884	3	0.042254
15943	15477	1	0.014085
15943	16631	1	0.014085
15943	16277	1	0.014085
15943	16123	1	0.014085
15943	15996	4	0.056338
15943	16149	1	0.014085
15945	16265	1	0.020833
15945	16170	3	0.062500
15945	15667	1	0.020833
15945	16516	50	1.041667
15945	15575	1	0.020833
15946	15632	4	1.000000
15946	16824	2	0.500000
15946	15667	3	0.750000
15948	15936	1	0.001224
15948	16516	1	0.001224
15948	15915	2	0.002448
15948	15918	21	0.025704
15948	15477	6	0.007344
15948	16058	1	0.001224
15948	16475	12	0.014688
15948	15615	20	0.024480
15950	15555	934	1.995726
15950	15718	466	0.995726
15950	16614	1	0.002137
15950	15754	3	0.006410
15950	16046	1	0.002137
15950	16278	1	0.002137
15952	16553	2	0.086957
15954	16035	3	0.035714
15954	16614	1	0.011905
15954	15807	1	0.011905
15955	16170	5	0.080645
15956	15714	1	0.002532
15956	16035	1	0.002532
15956	16516	5	0.012658
15956	16614	1	0.002532
15956	16136	304	0.769620
15956	16553	1	0.002532
15956	15562	1	0.002532
15956	15667	1	0.002532
15956	15477	1	0.002532
15956	16886	1	0.002532
15956	16824	4	0.010127
15959	16659	188	0.989474
15959	16553	188	0.989474
15959	16475	1128	5.936842
15959	15667	1	0.005263
15960	16093	4	0.033613
15961	16577	1	0.005155
15961	15526	195	1.005155
15961	16775	1	0.005155
15961	16476	1	0.005155
15961	15914	1	0.005155
15961	15853	18	0.092784
15961	16466	3	0.015464
15961	16852	1	0.005155
15961	15477	41	0.211340
15961	15574	1	0.005155
15961	15833	10	0.051546
15961	15577	195	1.005155
15961	16058	1	0.005155
15961	15932	584	3.010309
15961	16618	1	0.005155
15962	16433	9	0.033088
15962	16170	1	0.003676
15964	16035	1	0.002421
15965	15592	2	0.002874
15965	15853	2	0.002874
15965	15984	6	0.008621
15965	15667	1	0.001437
15965	15477	1	0.001437
15965	16475	1	0.001437
15965	16542	2	0.002874
15968	15667	1	0.000584
15968	16475	5	0.002922
15968	15718	5	0.002922
15968	15575	4	0.002338
15969	15592	52	0.076923
15969	16035	62	0.091716
15969	15492	1	0.001479
15969	16917	1	0.001479
15973	16867	2	0.002130
15973	15749	2	0.002130
15973	16550	1	0.001065
15973	16615	2	0.002130
15973	15592	4	0.004260
15973	16047	3	0.003195
15973	15647	2	0.002130
15973	15857	2	0.002130
15973	15988	3	0.003195
15973	15477	1	0.001065
15973	15799	2	0.002130
15973	16824	1	0.001065
15973	15983	2	0.002130
15973	15935	2	0.002130
15974	16035	1	0.003546
15974	15592	1	0.003546
15974	15984	2	0.007092
15974	16597	1	0.003546
15974	16094	2	0.007092
15974	16917	1	0.003546
15976	15648	1	0.001227
15976	16545	2	0.002454
15976	16907	1	0.001227
15976	16550	1	0.001227
15976	16263	5	0.006135
15976	15592	2	0.002454
15976	15731	1	0.001227
15976	15853	6	0.007362
15976	16881	13	0.015951
15976	15667	1	0.001227
15976	16436	40	0.049080
15976	16824	1	0.001227
15976	16715	1	0.001227
15976	16475	1	0.001227
15976	15836	1	0.001227
15977	16545	3	0.333333
15978	16450	1	0.019608
15978	15574	4	0.078431
15978	15615	1	0.019608
15981	16516	48	0.979592
15981	15758	1	0.020408
15983	15749	6	0.004441
15983	16108	2	0.001480
15983	15755	8	0.005922
15983	16659	1	0.000740
15983	15648	1	0.000740
15983	16550	2	0.001480
15983	16553	1	0.000740
15983	16170	2	0.001480
15983	15915	3	0.002221
15983	16047	11	0.008142
15983	15667	2	0.001480
15983	15668	1	0.000740
15983	16565	1	0.000740
15983	15799	3	0.002221
15983	16824	1	0.000740
15983	16436	1	0.000740
15983	15547	2	0.001480
15983	16501	1	0.000740
15983	16327	2	0.001480
15983	16845	1	0.000740
15983	15694	2	0.001480
15983	16085	1	0.000740
15983	16089	6	0.004441
15983	16475	3	0.002221
15983	15968	2	0.001480
15983	16867	14	0.010363
15983	15973	14	0.010363
15983	16615	4	0.002961
15983	15592	1	0.000740
15983	16491	1	0.000740
15983	16492	2	0.001480
15983	15853	3	0.002221
15983	15988	11	0.008142
15983	15477	12	0.008882
15984	15714	5	0.005981
15984	15652	1	0.001196
15984	16550	2	0.002392
15984	15635	5	0.005981
15984	16553	839	1.003589
15984	16170	4	0.004785
15984	16631	7	0.008373
15984	16108	6	0.007177
15984	16621	1	0.001196
15984	16334	5	0.005981
15984	16913	4	0.004785
15984	16659	836	1.000000
15984	15959	6	0.007177
15984	16824	1	0.001196
15984	16068	3	0.003589
15984	16475	5018	6.002392
15984	16697	2	0.002392
15984	16094	1	0.001196
15985	16707	1424	2.401349
15985	16392	3	0.005059
15985	15562	14	0.023609
15985	15853	1	0.001686
15985	16495	1	0.001686
15985	16035	2	0.003373
15985	16019	1	0.001686
15985	16597	2	0.003373
15985	15575	1	0.001686
15985	16248	1	0.001686
15985	16820	14	0.023609
15985	16414	3	0.005059
15987	15592	2	0.010870
15987	16873	43	0.233696
15987	16264	1	0.005435
15987	16475	4	0.021739
15987	16078	6	0.032609
15988	15592	1	0.004237
15988	15755	1	0.004237
15988	15853	2	0.008475
15988	15983	2	0.008475
15988	16776	1	0.004237
15988	15667	1	0.004237
15988	16501	1	0.004237
15988	16406	1	0.004237
15988	15799	1	0.004237
15988	16475	1	0.004237
15996	16516	7	0.012216
15996	16550	1	0.001745
15996	15943	2	0.003490
15996	16776	1	0.001745
15996	16553	567	0.989529
15996	16170	2	0.003490
15996	16659	565	0.986038
15996	16436	1	0.001745
15996	15799	2	0.003490
15996	16475	3199	5.582897
15997	16545	11	0.012926
15997	16514	11	0.012926
15997	16459	5	0.005875
15997	15494	2	0.002350
15997	16327	4	0.004700
15997	15592	2	0.002350
15997	15655	311	0.365452
15997	16716	1	0.001175
15997	15853	2	0.002350
15997	15681	6	0.007051
15997	16475	2	0.002350
15997	15667	1	0.001175
15997	16149	1	0.001175
15997	15723	3	0.003525
15998	15790	5	0.138889
15998	15615	1	0.027778
16000	15592	1	0.008929
16000	16322	84	0.750000
16000	16802	85	0.758929
16001	15592	117	1.000000
16001	15647	1	0.008547
16003	15547	1	0.005051
16003	16108	1	0.005051
16003	16327	1	0.005051
16003	16553	199	1.005051
16003	15915	1	0.005051
16003	16460	1	0.005051
16003	15853	5	0.025253
16003	15811	1	0.005051
16003	15984	1	0.005051
16003	16817	1	0.005051
16003	16659	198	1.000000
16003	16436	1	0.005051
16003	15546	18	0.090909
16003	16475	1189	6.005051
16003	16094	2	0.010101
16005	16258	2081	1.206377
16005	16684	2252	1.305507
16005	16394	5	0.002899
16005	15501	1	0.000580
16005	16656	447	0.259130
16005	15644	1	0.000580
16005	16545	1	0.000580
16005	16035	30	0.017391
16005	16550	1	0.000580
16005	15912	1	0.000580
16005	16428	270	0.156522
16005	15920	501	0.290435
16005	16437	1036	0.600580
16005	16824	1	0.000580
16005	16322	1	0.000580
16005	16069	1206	0.699130
16005	16203	2398	1.390145
16005	15460	2	0.001159
16005	15718	2	0.001159
16005	16744	860	0.498551
16005	15984	3	0.001739
16005	15592	1	0.000580
16005	15477	1	0.000580
16005	16248	1	0.000580
16006	15984	1	0.000649
16006	16035	1	0.000649
16006	15460	2	0.001297
16006	15718	10	0.006485
16006	16263	9	0.005837
16006	16170	5	0.003243
16006	15895	2	0.001297
16006	16078	1	0.000649
16006	15600	1	0.000649
16006	16881	7053	4.573930
16006	15477	2	0.001297
16006	15575	2	0.001297
16006	15492	1	0.000649
16006	15754	1	0.000649
16007	16035	4	0.016878
16007	15492	5	0.021097
16007	16136	1	0.004219
16007	16108	1	0.004219
16007	15984	7	0.029536
16007	16597	2	0.008439
16007	16475	3	0.012658
16007	16917	1	0.004219
16008	15592	6	0.107143
16008	15647	1	0.017857
16008	16414	352	6.285714
16008	15615	1	0.017857
16009	15984	5	0.083333
16010	15592	1	0.000181
16010	16136	9	0.001628
16011	16516	39	1.083333
16011	16550	1	0.027778
16012	16905	5	0.357143
16012	15615	1	0.071429
16012	15827	1	0.071429
16012	15727	3	0.214286
16013	15472	7	0.020290
16013	15460	1	0.002899
16013	16516	1	0.002899
16013	15477	3	0.008696
16014	16035	2	0.010582
16014	15754	1	0.005291
16014	16443	178	0.941799
16014	16597	2	0.010582
16014	15575	1	0.005291
16015	15517	4	0.190476
16017	15817	15	0.015496
16017	15466	1	0.001033
16017	15477	2	0.002066
16017	16633	4	0.004132
16017	16475	1	0.001033
16017	16490	1	0.001033
16019	16545	2263	1.001771
16019	16820	1	0.000443
16019	15853	1	0.000443
16020	16513	1	0.001389
16020	15592	1	0.001389
16020	15729	1	0.001389
16020	15764	1	0.001389
16020	16085	1	0.001389
16020	16541	1	0.001389
16020	15615	4	0.005556
16021	15600	1	0.000631
16021	16035	1	0.000631
16021	15492	1	0.000631
16021	15718	9	0.005678
16021	16263	9	0.005678
16021	16170	5	0.003155
16021	15575	2	0.001262
16021	16078	1	0.000631
16021	15984	1	0.000631
16021	16881	6588	4.156467
16021	15477	2	0.001262
16021	15895	2	0.001262
16021	15460	2	0.001262
16021	15754	1	0.000631
16022	15667	1	0.000703
16022	16170	3	0.002108
16022	16035	1	0.000703
16022	15460	1	0.000703
16022	15575	1	0.000703
16024	15911	5	1.000000
16025	15710	1	0.014085
16025	15718	1	0.014085
16026	16035	29	0.004594
16026	15460	1	0.000158
16026	15718	32	0.005070
16026	16135	2	0.000317
16026	15562	2	0.000317
16026	16362	5	0.000792
16026	16174	2	0.000317
16026	16536	2	0.000317
16026	16723	1	0.000158
16026	16341	10	0.001584
16026	16535	1	0.000158
16026	16248	5	0.000792
16026	15492	25	0.003961
16026	16170	2	0.000317
16027	15494	71	0.028617
16027	16876	5	0.002015
16027	16407	1	0.000403
16027	15705	26	0.010480
16027	16805	18	0.007255
16027	16550	6	0.002418
16027	16423	1	0.000403
16027	15915	12	0.004837
16027	15667	92	0.037082
16027	15799	14	0.005643
16027	16824	112	0.045143
16027	15929	1	0.000403
16027	16443	3	0.001209
16027	15805	3	0.001209
16027	16447	359	0.144700
16027	15811	27	0.010883
16027	16068	19	0.007658
16027	16716	40	0.016123
16027	16845	5	0.002015
16027	16205	3	0.001209
16027	15570	5	0.002015
16027	16341	4	0.001612
16027	15575	3	0.001209
16027	16089	3	0.001209
16027	15578	3	0.001209
16027	16475	29	0.011689
16027	16350	7	0.002821
16027	15713	3	0.001209
16027	15718	2	0.000806
16027	15592	6	0.002418
16027	16108	73	0.029424
16027	15853	12	0.004837
16027	15477	12	0.004837
16027	15807	124	0.049980
16027	15868	1	0.000403
16027	16501	3	0.001209
16028	16035	29	0.004262
16028	15492	25	0.003674
16028	15718	39	0.005732
16028	16135	2	0.000294
16028	16362	5	0.000735
16028	16170	2	0.000294
16028	16174	2	0.000294
16028	16723	1	0.000147
16028	16341	10	0.001470
16028	15575	2	0.000294
16028	16248	5	0.000735
16028	15460	1	0.000147
16028	16443	1	0.000147
16028	16535	1	0.000147
16028	15562	2	0.000294
16029	16515	2	0.007937
16029	16648	99	0.392857
16029	15980	1	0.003968
16029	15953	1	0.003968
16029	16475	3	0.011905
16029	15700	1	0.003968
16029	15646	1	0.003968
16029	16697	3	0.011905
16029	16123	2	0.007937
16029	15932	1	0.003968
16029	16606	1	0.003968
16029	16149	1	0.003968
16030	15968	1	0.023810
16030	16614	6	0.142857
16030	16373	1	0.023810
16030	16270	2	0.047619
16030	15559	1	0.023810
16034	15984	1	0.006329
16034	16035	1	0.006329
16034	16748	1	0.006329
16034	16597	1	0.006329
16034	16094	1	0.006329
16035	15492	3	0.006211
16035	16136	3	0.006211
16035	16553	2	0.004141
16035	16364	1	0.002070
16035	16341	6	0.012422
16035	16516	6	0.012422
16035	16414	1	0.002070
16035	16917	3	0.006211
16036	16392	917	0.998911
16037	16240	1	0.017857
16037	15667	2	0.035714
16037	15910	1	0.017857
16037	16046	1	0.017857
16037	15477	3	0.053571
16038	16659	50	1.000000
16038	16553	50	1.000000
16038	16475	300	6.000000
16039	15615	3	0.056604
16040	16776	1	0.005714
16040	15667	1	0.005714
16040	15477	1	0.005714
16040	16854	1	0.005714
16040	15965	1	0.005714
16040	16350	1	0.005714
16042	16659	49	1.000000
16042	16553	49	1.000000
16042	16475	294	6.000000
16042	15943	1	0.020408
16044	15776	43633	2.784315
16044	16705	1	0.000064
16044	15968	3	0.000191
16044	16035	6	0.000383
16044	16516	15	0.000957
16044	15526	1	0.000064
16044	15718	3395	0.216642
16044	15592	1	0.000064
16044	15754	4	0.000255
16044	15477	2	0.000128
16044	15853	1	0.000064
16044	15827	5	0.000319
16044	16424	2	0.000128
16044	15667	4	0.000255
16044	16341	1	0.000064
16044	15575	11	0.000702
16044	15726	11	0.000702
16044	16475	1	0.000064
16044	16714	1	0.000064
16044	16414	5	0.000319
16044	15711	1	0.000064
16045	15552	21	0.954545
16045	15750	21	0.954545
16045	15784	85	3.863636
16045	16248	21	0.954545
16045	16440	21	0.954545
16045	16799	21	0.954545
16046	16384	1	0.002841
16046	16240	1	0.002841
16046	16707	1	0.002841
16046	16516	3	0.008523
16046	15910	3	0.008523
16046	15592	1	0.002841
16046	15945	1	0.002841
16046	15754	5	0.014205
16046	15916	351	0.997159
16046	16493	1	0.002841
16046	15984	1	0.002841
16046	16035	12	0.034091
16046	16597	6	0.017045
16046	15864	1	0.002841
16046	16025	1	0.002841
16046	15935	20	0.056818
16046	16573	2	0.005682
16046	15711	2	0.005682
16047	16867	1	0.001678
16047	15592	4	0.006711
16047	16108	1	0.001678
16047	16492	1	0.001678
16047	15983	7	0.011745
16047	15667	1	0.001678
16047	16824	1	0.001678
16047	15615	1	0.001678
16051	15672	18	0.225000
16051	16414	443	5.537500
16052	15477	1	0.010101
16052	15853	1	0.010101
16052	16423	5	0.050505
16054	15592	6	0.095238
16054	15755	22	0.349206
16058	15936	405	0.551771
16058	15494	420	0.572207
16058	16327	2	0.002725
16058	15976	2	0.002725
16058	16618	2	0.002725
16058	15915	409	0.557221
16058	15603	2	0.002725
16058	16852	2	0.002725
16058	15574	2	0.002725
16058	15961	3	0.004087
16058	16890	2	0.002725
16058	15547	3	0.004087
16058	15546	2	0.002725
16058	15615	409	0.557221
16059	16841	1	0.013514
16059	15853	3	0.040541
16059	16659	1	0.013514
16059	15477	9	0.121622
16059	16119	1	0.013514
16059	16475	1	0.013514
16059	15932	9	0.121622
16060	15757	11	0.846154
16064	15811	4540	189.166667
16064	16516	1	0.041667
16064	15718	24	1.000000
16064	15592	1	0.041667
16064	16364	1	0.041667
16064	16136	2	0.083333
16064	15477	1	0.041667
16064	15492	3	0.125000
16064	16476	1	0.041667
16066	16890	1	0.030303
16068	16640	1	0.001988
16068	16515	1	0.001988
16068	16265	1	0.001988
16068	15754	1	0.001988
16068	16651	1	0.001988
16068	16913	1	0.001988
16068	15711	1	0.001988
16068	15509	1	0.001988
16068	16667	1	0.001988
16068	16414	1	0.001988
16068	16416	1	0.001988
16068	16368	1	0.001988
16068	16553	2	0.003976
16068	15661	1	0.001988
16068	16816	1	0.001988
16068	15537	1	0.001988
16068	16563	1	0.001988
16068	15799	1	0.001988
16068	16824	1	0.001988
16068	16443	1	0.001988
16068	16573	1	0.001988
16068	15935	1	0.001988
16068	16198	1	0.001988
16068	16845	6	0.011928
16068	16723	1	0.001988
16068	16085	8	0.015905
16068	16086	1	0.001988
16068	16347	7	0.013917
16068	16093	1	0.001988
16068	15710	2	0.003976
16068	16479	2	0.003976
16068	15718	2	0.003976
16068	16873	1	0.001988
16068	16493	1	0.001988
16068	15600	1	0.001988
16068	15477	8	0.015905
16068	16894	1	0.001988
16068	16341	2	0.003976
16069	16545	1	0.001453
16069	16258	44	0.063953
16069	16035	5	0.007267
16069	15460	2	0.002907
16069	16005	125123	181.864826
16069	16550	1	0.001453
16069	15912	1	0.001453
16069	16684	52	0.075581
16069	16394	1	0.001453
16069	16203	767	1.114826
16069	16428	15	0.021802
16069	15501	1	0.001453
16069	16656	21	0.030523
16069	15984	3	0.004360
16069	16744	33	0.047965
16069	15477	1	0.001453
16069	15920	21	0.030523
16069	16824	1	0.001453
16069	15644	1	0.001453
16069	16437	31	0.045058
16071	15841	1	0.041667
16073	16035	29	0.004524
16073	15492	25	0.003900
16073	15718	32	0.004992
16073	16135	2	0.000312
16073	15562	2	0.000312
16073	16362	5	0.000780
16073	16174	2	0.000312
16073	16723	1	0.000156
16073	16341	10	0.001560
16073	16535	1	0.000156
16073	16248	5	0.000780
16073	15460	1	0.000156
16073	16170	2	0.000312
16074	15984	1	0.000653
16074	16035	1	0.000653
16074	15460	2	0.001305
16074	15718	10	0.006527
16074	16263	9	0.005875
16074	16170	5	0.003264
16074	15895	2	0.001305
16074	16078	1	0.000653
16074	15600	1	0.000653
16074	16881	6816	4.449086
16074	15477	2	0.001305
16074	15575	2	0.001305
16074	15492	1	0.000653
16074	15754	1	0.000653
16078	16866	5	0.002217
16078	16515	5	0.002217
16078	15492	1	0.000443
16078	15718	4	0.001774
16078	16198	2	0.000887
16078	16873	2	0.000887
16078	15477	3	0.001330
16078	16248	112	0.049667
16078	16535	2	0.000887
16078	16499	38	0.016851
16078	16597	33	0.014634
16078	15561	3	0.001330
16078	15608	1	0.000443
16078	16516	1	0.000443
16078	15575	1	0.000443
16078	15805	1	0.000443
16078	16035	468	0.207539
16078	16917	2	0.000887
16079	16426	1	0.058824
16079	15811	1	0.058824
16079	15687	1	0.058824
16082	15592	1	0.001724
16082	15588	1	0.001724
16082	16068	1	0.001724
16084	16715	2	0.083333
16085	16514	1	0.001401
16085	16068	8	0.011204
16085	16550	1	0.001401
16085	15494	2	0.002801
16085	16423	1	0.001401
16085	16553	714	1.000000
16085	16042	4	0.005602
16085	15731	3	0.004202
16085	15853	1	0.001401
16085	15984	6	0.008403
16085	16659	714	1.000000
16085	16436	10	0.014006
16085	15477	4	0.005602
16085	16105	1	0.001401
16085	16824	2	0.002801
16085	16475	4284	6.000000
16085	16094	8	0.011204
16085	16341	1	0.001401
16086	15776	3	0.003686
16086	16705	3	0.003686
16086	15906	3	0.003686
16086	15811	1	0.001229
16086	15528	3	0.003686
16086	15667	3	0.003686
16086	15754	4	0.004914
16086	16573	2	0.002457
16086	15592	3	0.003686
16086	15730	6	0.007371
16086	15827	4	0.004914
16086	15799	1	0.001229
16086	15936	1	0.001229
16086	16731	6	0.007371
16086	16714	13	0.015971
16089	16659	211	1.000000
16089	16553	213	1.009479
16089	16475	1335	6.327014
16089	15853	3	0.014218
16089	15477	7	0.033175
16090	16094	6	0.001807
16090	16629	2	0.000602
16090	16035	5	0.001506
16090	15460	10	0.003012
16090	16198	4	0.001205
16090	15718	29	0.008735
16090	15592	1	0.000301
16090	16414	6	0.001807
16090	16844	2	0.000602
16090	15984	2	0.000602
16090	16773	2	0.000602
16090	16597	2	0.000602
16090	15575	9	0.002711
16090	16248	4	0.001205
16090	15492	6	0.001807
16090	15754	2	0.000602
16090	16637	10	0.003012
16090	15902	153	0.046084
16090	15509	4	0.001205
16092	15592	1	0.016129
16092	16618	4	0.064516
16092	16475	49	0.790323
16092	16191	2	0.032258
16093	15960	33	0.916667
16093	15984	1	0.027778
16093	16516	37	1.027778
16094	15984	3	0.078947
16094	16475	1	0.026316
16094	16597	7	0.184211
16096	16035	2	0.042553
16096	15572	1	0.021277
16096	15718	1	0.021277
16096	16647	2	0.042553
16099	15592	1	0.083333
16100	16136	1	0.000824
16100	15575	4	0.003295
16100	15629	11	0.009061
16100	16277	6	0.004942
16100	16407	1	0.000824
16100	16667	11	0.009061
16100	15962	1	0.000824
16100	15477	2	0.001647
16100	16347	1	0.000824
16100	16420	3	0.002471
16100	16550	2	0.001647
16100	16423	1	0.000824
16100	16168	8	0.006590
16100	15657	10	0.008237
16100	16170	21	0.017298
16100	15667	12	0.009885
16100	16436	1	0.000824
16100	15929	8	0.006590
16100	16442	8	0.006590
16100	16447	735	0.605437
16100	16027	1	0.000824
16100	16716	1	0.000824
16100	16845	13	0.010708
16100	16207	10	0.008237
16100	15570	3	0.002471
16100	16214	2	0.001647
16100	16697	1	0.000824
16100	15705	1	0.000824
16100	15578	10	0.008237
16100	16475	6	0.004942
16100	15965	2	0.001647
16100	15592	1	0.000824
16100	16108	9	0.007414
16100	15853	1	0.000824
16100	15983	2	0.001647
16100	16501	7	0.005766
16100	15735	10	0.008237
16100	15868	10	0.008237
16101	16327	2	0.001494
16101	15915	2	0.001494
16101	16844	4	0.002987
16101	16499	3	0.002240
16101	15477	1374	1.026139
16101	15799	6	0.004481
16101	15509	2808	2.097087
16102	16516	2	0.002561
16102	16035	1	0.001280
16102	15492	1	0.001280
16102	15718	1	0.001280
16102	15592	1	0.001280
16102	16917	1	0.001280
16102	16374	1	0.001280
16102	15575	1	0.001280
16102	16248	1	0.001280
16102	16697	4	0.005122
16104	15492	1	0.038462
16104	15807	168	6.461538
16105	15477	5	0.015106
16105	16423	4	0.012085
16106	15968	2	0.005495
16106	16545	115	0.315934
16106	16515	2	0.005495
16106	16197	2	0.005495
16106	15653	2	0.005495
16106	15667	2	0.005495
16106	15980	2	0.005495
16106	16894	12	0.032967
16106	16236	4	0.010989
16106	15923	2	0.005495
16106	15700	4	0.010989
16106	16565	10	0.027473
16106	16599	2	0.005495
16106	15860	2	0.005495
16106	15708	2	0.005495
16106	16029	2	0.005495
16106	16606	2	0.005495
16106	15615	8	0.021978
16107	16392	2	0.007380
16107	16398	1	0.003690
16107	15632	1	0.003690
16107	15764	1	0.003690
16107	16917	2	0.007380
16107	16535	1	0.003690
16107	16156	1	0.003690
16107	16414	1	0.003690
16107	16543	1	0.003690
16107	15782	1	0.003690
16107	16680	1	0.003690
16107	16170	3	0.011070
16107	15774	1	0.003690
16107	16707	1	0.003690
16107	16610	1	0.003690
16107	15460	1	0.003690
16107	15974	1	0.003690
16107	16102	1	0.003690
16107	16364	1	0.003690
16107	15528	1	0.003690
16107	15646	1	0.003690
16107	16375	1	0.003690
16107	15902	1	0.003690
16108	16347	1	0.001949
16108	15589	1	0.001949
16108	16553	520	1.013645
16108	16334	1	0.001949
16108	15984	5	0.009747
16108	16913	74	0.144250
16108	16659	513	1.000000
16108	16884	1	0.001949
16108	16341	12	0.023392
16108	16118	1	0.001949
16108	16475	3079	6.001949
16108	16414	1	0.001949
16108	15935	1	0.001949
16109	16654	1	0.021277
16109	16310	1	0.021277
16112	15755	14	0.777778
16114	15572	1	0.055556
16114	16647	2	0.111111
16117	16750	12	1.000000
16118	16420	2	0.003676
16118	16805	2	0.003676
16118	16392	1	0.001838
16118	16553	544	1.000000
16118	16108	1	0.001838
16118	16913	8	0.014706
16118	16659	544	1.000000
16118	16475	3265	6.001838
16118	15932	1	0.001838
16118	15710	1	0.001838
16123	16149	1	0.029412
16127	16047	2	0.142857
16127	15647	1	0.071429
16128	16035	29	0.004509
16128	15460	1	0.000155
16128	15718	32	0.004976
16128	16135	2	0.000311
16128	15562	2	0.000311
16128	16362	5	0.000777
16128	16174	2	0.000311
16128	16723	1	0.000155
16128	16341	10	0.001555
16128	16535	1	0.000155
16128	16248	5	0.000777
16128	15492	25	0.003887
16128	16170	2	0.000311
16129	16035	29	0.004576
16129	15492	25	0.003944
16129	15718	32	0.005049
16129	16135	2	0.000316
16129	15562	2	0.000316
16129	16362	5	0.000789
16129	16174	2	0.000316
16129	16723	1	0.000158
16129	16341	10	0.001578
16129	16535	1	0.000158
16129	16248	5	0.000789
16129	15460	1	0.000158
16129	16170	2	0.000316
16130	16416	1	0.030303
16130	15477	2	0.060606
16130	16543	34	1.030303
16132	16623	1	0.047619
16134	16486	7	0.162791
16134	15711	7	0.162791
16135	15968	3	0.001781
16135	16035	2	0.001188
16135	15492	1	0.000594
16135	15592	2	0.001188
16135	15984	1	0.000594
16135	15477	2	0.001188
16135	16443	1	0.000594
16136	15490	3	0.002020
16136	16516	4	0.002694
16136	16010	6	0.004040
16136	16145	5	0.003367
16136	16660	3	0.002020
16136	16917	3	0.002020
16136	15896	9	0.006061
16136	16260	6	0.004040
16136	16035	3	0.002020
16136	15942	1	0.000673
16136	15910	3	0.002020
16136	15857	9	0.006061
16136	16553	2	0.001347
16136	16838	7	0.004714
16136	15817	9	0.006061
16136	15827	12	0.008081
16136	15956	4	0.002694
16136	15575	1	0.000673
16136	16862	3	0.002020
16136	16866	6	0.004040
16136	16740	3	0.002020
16136	15589	3	0.002020
16136	15718	1	0.000673
16136	16365	6	0.004040
16136	16880	9	0.006061
16136	15729	9	0.006061
16136	16629	8	0.005387
16136	16248	34	0.022896
16136	16253	3	0.002020
16138	15810	1	0.003289
16138	15821	1	0.003289
16138	15731	2	0.006579
16138	16852	4	0.013158
16138	16085	2	0.006579
16138	15479	2	0.006579
16138	16475	2	0.006579
16140	15477	1	0.032258
16142	16905	1	0.052632
16142	15575	3	0.157895
16142	15797	1	0.052632
16142	16443	1	0.052632
16142	15615	8	0.421053
16143	15864	1	0.003448
16143	16443	6	0.020690
16143	16573	1	0.003448
16143	15687	7	0.024138
16145	16516	56	0.146214
16145	16550	1	0.002611
16145	15857	1	0.002611
16145	16136	355	0.926893
16145	15981	1	0.002611
16145	15758	1	0.002611
16145	15592	1	0.002611
16145	15667	7	0.018277
16145	16341	1	0.002611
16145	16184	1	0.002611
16147	15984	1	0.015152
16147	16819	1	0.015152
16147	16035	1	0.015152
16147	16597	1	0.015152
16147	16341	2	0.030303
16151	15525	1	0.002415
16151	15717	2	0.004831
16151	16550	2	0.004831
16151	15911	15	0.036232
16151	16553	1	0.002415
16151	16108	1	0.002415
16151	15853	1	0.002415
16151	16365	1	0.002415
16151	16368	1	0.002415
16151	16273	2	0.004831
16151	16659	1	0.002415
16151	15572	2	0.004831
16151	15477	116	0.280193
16151	15896	1	0.002415
16151	16660	1	0.002415
16151	16895	1	0.002415
16151	15615	7	0.016908
16153	15984	1	0.000558
16153	16035	1	0.000558
16153	15492	1	0.000558
16153	15718	10	0.005580
16153	16263	9	0.005022
16153	16170	5	0.002790
16153	15895	2	0.001116
16153	16078	1	0.000558
16153	15600	1	0.000558
16153	16881	7572	4.225446
16153	15477	2	0.001116
16153	15575	2	0.001116
16153	15460	2	0.001116
16153	15754	1	0.000558
16155	16824	1	0.090909
16155	15996	1	0.090909
16159	16423	1	0.002451
16159	15592	4	0.009804
16159	16092	5	0.012255
16159	16618	29	0.071078
16159	16105	1	0.002451
16159	15952	1	0.002451
16159	15477	6	0.014706
16159	15575	11	0.026961
16159	16553	3	0.007353
16159	16476	10	0.024510
16159	16253	1	0.002451
16159	16191	20	0.049020
16162	15477	1	0.022727
16163	16824	19	0.950000
16163	16614	1	0.050000
16164	16313	1	0.023256
16164	15853	3	0.069767
16164	16695	2	0.046512
16165	16288	3	0.001888
16165	15844	2	0.001259
16165	16741	505	0.317810
16165	15916	2	0.001259
16165	16436	1	0.000629
16165	16696	503	0.316551
16165	16475	501	0.315293
16165	15869	1	0.000629
16165	16862	2	0.001259
16167	15624	1	0.007937
16167	16322	3	0.023810
16167	16436	1	0.007937
16167	15477	1	0.007937
16170	16516	3	0.002400
16170	16108	1	0.000800
16170	16913	1	0.000800
16170	16659	1250	1.000000
16170	15895	2	0.001600
16170	16025	2	0.001600
16170	16541	6	0.004800
16170	16858	5	0.004000
16170	15777	4	0.003200
16170	16475	6250	5.000000
16170	15652	4	0.003200
16170	15526	8	0.006400
16170	16553	1252	1.001600
16170	15915	5	0.004000
16170	16174	3	0.002400
16170	15581	5	0.004000
16170	16435	1	0.000800
16170	16436	1	0.000800
16170	16697	5	0.004000
16170	16731	5	0.004000
16170	15547	3	0.002400
16170	15932	1	0.000800
16170	16447	5	0.004000
16170	16450	1	0.000800
16170	16068	1	0.000800
16170	15561	5	0.004000
16170	16716	5	0.004000
16170	16334	3	0.002400
16170	15955	33	0.026400
16170	16340	5	0.004000
16170	16341	4	0.003200
16170	15959	1	0.000800
16170	15962	6	0.004800
16170	16347	7	0.005600
16170	16476	1	0.000800
16170	16093	1	0.000800
16170	15968	2	0.001600
16170	15718	1	0.000800
16170	15466	5	0.004000
16170	16492	3	0.002400
16170	16621	1	0.000800
16170	15984	11	0.008800
16170	16884	1	0.000800
16170	15477	2	0.001600
16170	16681	8	0.006400
16170	16376	1	0.000800
16170	15996	7	0.005600
16170	15615	3	0.002400
16171	16384	4	0.031250
16171	16516	4	0.031250
16173	15584	1	0.062500
16173	16358	1	0.062500
16173	15562	1	0.062500
16173	16847	2	0.125000
16173	16432	1	0.062500
16173	16660	1	0.062500
16173	16022	3	0.187500
16173	16571	1	0.062500
16173	16573	1	0.062500
16174	15968	4	0.001425
16174	15777	1	0.000356
16174	16770	1	0.000356
16174	15718	1	0.000356
16174	16136	1	0.000356
16174	16553	1	0.000356
16174	16170	1	0.000356
16174	16108	1	0.000356
16174	16334	1	0.000356
16174	15984	7	0.002493
16174	16659	1	0.000356
16174	16697	7	0.002493
16174	16475	5	0.001781
16174	15935	5	0.001781
16177	16035	2	0.012121
16177	16516	2	0.012121
16177	15718	1	0.006061
16177	16136	1	0.006061
16177	16917	1	0.006061
16177	15956	8	0.048485
16177	16597	1	0.006061
16177	15492	1	0.006061
16177	16341	2	0.012121
16178	15936	2	0.000945
16178	16347	3	0.001417
16178	16420	9	0.004251
16178	15853	1	0.000472
16178	15805	2	0.000945
16178	15864	2	0.000945
16178	15799	1	0.000472
16178	15672	8	0.003779
16178	16475	1	0.000472
16178	16349	6	0.002834
16183	16783	2	0.028986
16184	16435	1	0.058824
16184	15981	1	0.058824
16184	15758	39	2.294118
16184	15575	1	0.058824
16190	16800	2	0.010152
16191	16035	6	0.003788
16191	15460	1	0.000631
16191	16618	1	0.000631
16191	16174	1	0.000631
16191	16092	1	0.000631
16191	16253	1	0.000631
16191	16159	1	0.000631
16194	16340	1	0.037037
16194	15615	1	0.037037
16197	15592	1	0.009091
16197	16784	1	0.009091
16198	16516	6540	1.991474
16198	16265	61	0.018575
16198	15853	1	0.000305
16198	15635	1	0.000305
16198	16414	1	0.000305
16198	16035	31	0.009440
16198	16550	2	0.000609
16198	15655	1	0.000305
16198	16553	1	0.000305
16198	16170	2	0.000609
16198	15667	43	0.013094
16198	16443	5	0.001523
16198	15805	1	0.000305
16198	15811	5	0.001523
16198	16068	1	0.000305
16198	16248	1	0.000305
16198	16597	3	0.000914
16198	15702	2	0.000609
16198	15592	2	0.000609
16198	16364	3	0.000914
16198	16493	2	0.000609
16198	15477	3	0.000914
16198	15864	3	0.000914
16202	15667	1	0.016129
16202	16535	2	0.032258
16203	16545	1	0.001294
16203	16258	44	0.056921
16203	16035	5	0.006468
16203	15460	2	0.002587
16203	16005	124447	160.992238
16203	16550	1	0.001294
16203	15912	1	0.001294
16203	16684	52	0.067270
16203	16394	1	0.001294
16203	16428	15	0.019405
16203	15501	1	0.001294
16203	16656	21	0.027167
16203	15984	3	0.003881
16203	16744	33	0.042691
16203	15477	1	0.001294
16203	15920	21	0.027167
16203	16824	1	0.001294
16203	15644	1	0.001294
16203	16437	31	0.040103
16203	16069	657	0.849935
16204	15526	1	0.035714
16205	16845	1	1.000000
16205	16447	2	2.000000
16207	15477	3	0.019868
16207	16447	4	0.026490
16211	16545	1	0.009009
16211	16553	1	0.009009
16211	15853	111	1.000000
16211	16818	1	0.009009
16211	16525	1	0.009009
16211	16882	1	0.009009
16211	15668	1	0.009009
16211	16150	1	0.009009
16211	15945	1	0.009009
16211	16475	1	0.009009
16211	16541	1	0.009009
16214	15853	2	0.004673
16214	15890	2	0.004673
16214	16149	2	0.004673
16214	16407	1	0.002336
16214	15648	1	0.002336
16214	16805	3	0.007009
16214	16550	3	0.007009
16214	16681	7	0.016355
16214	15915	2	0.004673
16214	15661	1	0.002336
16214	16694	2	0.004673
16214	16824	1	0.002336
16214	15547	1	0.002336
16214	15932	8	0.018692
16214	16327	2	0.004673
16214	15816	1	0.002336
16214	16718	2	0.004673
16214	16339	2	0.004673
16214	16085	1	0.002336
16214	16476	1	0.002336
16214	16491	1	0.002336
16214	16108	1	0.002336
16214	16237	1	0.002336
16214	16626	1	0.002336
16214	15477	6	0.014019
16214	16123	2	0.004673
16215	15968	3	0.004121
16215	16068	3	0.004121
16215	16805	3	0.004121
16215	16296	515	0.707418
16215	16553	3	0.004121
16215	16171	518	0.711538
16215	15853	3	0.004121
16215	16434	3	0.004121
16215	15477	18	0.024725
16215	16824	3	0.004121
16215	15705	3	0.004121
16215	15454	518	0.711538
16215	16085	3	0.004121
16217	16681	62	1.937500
16217	15639	31	0.968750
16217	15853	1	0.031250
16217	15667	1	0.031250
16217	15521	31	0.968750
16225	15456	59	1.000000
16225	16441	59	1.000000
16225	16908	122	2.067797
16227	16248	33	0.891892
16227	15655	35	0.945946
16229	15984	29	0.141463
16229	15592	93	0.453659
16229	16035	39	0.190244
16229	16597	29	0.141463
16229	15477	31	0.151220
16230	16402	2	0.250000
16232	15667	1	0.090909
16232	15799	1	0.090909
16233	15477	1	0.041667
16233	16246	1	0.041667
16233	15615	1	0.041667
16235	15742	8816	0.859594
16236	15984	1	0.001563
16236	16035	14	0.021875
16236	16492	124	0.193750
16236	16597	3	0.004687
16236	16094	1	0.001563
16238	15667	1	0.009804
16238	15509	6	0.058824
16238	16637	1	0.009804
16239	16545	1	0.030303
16239	16514	1	0.030303
16239	16459	1	0.030303
16239	15853	1	0.030303
16239	15671	1	0.030303
16240	15910	1	0.004348
16240	16037	3	0.013043
16240	16046	2	0.008696
16240	15711	1	0.004348
16242	16001	2	0.142857
16242	16757	1	0.071429
16242	16414	1	0.071429
16243	15600	1	0.004149
16243	16553	2	0.008299
16243	16605	3	0.012448
16243	15817	1	0.004149
16246	16035	6	0.016575
16247	16035	61	0.924242
16247	15492	61	0.924242
16248	16545	1	0.001795
16248	16035	1	0.001795
16248	16516	2	0.003591
16248	15718	1	0.001795
16248	15592	3	0.005386
16248	16553	1	0.001795
16249	16880	1	0.005102
16249	15684	14	0.071429
16249	16805	4	0.020408
16249	16423	179	0.913265
16249	15817	1	0.005102
16249	15600	1	0.005102
16249	15731	2	0.010204
16249	16824	1	0.005102
16249	16475	1	0.005102
16249	16093	1	0.005102
16250	15755	1	0.038462
16251	16850	2	0.666667
16251	15515	2	0.666667
16251	16117	2	0.666667
16252	15785	1	0.003040
16252	15781	85	0.258359
16253	16450	3	0.005396
16253	16516	1	0.001799
16253	16136	1122	2.017986
16253	16651	2	0.003597
16253	15984	1	0.001799
16253	15537	1	0.001799
16253	16085	1	0.001799
16253	15731	1	0.001799
16253	15477	1	0.001799
16253	16824	1	0.001799
16253	16094	4	0.007194
16253	16597	3	0.005396
16254	15718	38	1.117647
16255	15667	1	0.003484
16256	16035	1	0.083333
16256	15515	1	0.083333
16256	15755	1	0.083333
16256	16071	1	0.083333
16258	16545	1	0.000805
16258	16035	5	0.004026
16258	15460	2	0.001610
16258	16005	125086	100.713366
16258	16550	1	0.000805
16258	15912	1	0.000805
16258	16684	52	0.041868
16258	16394	1	0.000805
16258	16203	767	0.617552
16258	16428	15	0.012077
16258	15501	1	0.000805
16258	16656	21	0.016908
16258	15984	3	0.002415
16258	16744	33	0.026570
16258	15477	1	0.000805
16258	15920	21	0.016908
16258	16824	1	0.000805
16258	15644	1	0.000805
16258	16437	31	0.024960
16258	16069	668	0.537842
16260	16136	6	0.001368
16260	15648	3	0.000684
16260	16516	1	0.000228
16260	15710	3	0.000684
16260	15615	3	0.000684
16262	16545	17	0.708333
16262	15588	2	0.083333
16262	15494	1	0.041667
16262	15592	1	0.041667
16262	15853	1	0.041667
16262	16082	2	0.083333
16262	16531	1	0.041667
16262	15710	1	0.041667
16262	15575	1	0.041667
16262	15711	1	0.041667
16262	16350	1	0.041667
16262	15615	5	0.208333
16263	15976	34	1.000000
16263	16881	35	1.029412
16263	16475	1	0.029412
16265	16484	2	0.018349
16265	16550	1	0.009174
16265	16198	213	1.954128
16265	16423	1	0.009174
16265	15656	2	0.018349
16265	15945	8	0.073394
16265	16105	1	0.009174
16265	16364	1	0.009174
16265	16433	3	0.027523
16265	15831	2	0.018349
16265	15962	1	0.009174
16265	16475	1	0.009174
16265	16255	2	0.018349
16266	15592	1	0.025641
16268	15615	4	0.571429
16269	16356	2	0.333333
16270	16476	3	0.005597
16270	16614	2	0.003731
16272	15667	1	0.029412
16272	16479	2	0.058824
16273	16802	8	0.015238
16273	15911	10	0.019048
16273	15572	79	0.150476
16273	15811	1	0.001905
16273	16151	10	0.019048
16274	16544	23	0.821429
16275	15755	144	1.000000
16278	16035	1	0.028571
16278	15718	1	0.028571
16278	15950	1	0.028571
16278	15555	35	1.000000
16278	15827	34	0.971429
16278	15615	34	0.971429
16279	15853	3	0.100000
16281	16873	475	2.653631
16281	16475	79	0.441341
16282	15494	3	0.001025
16282	15562	1042	0.356118
16282	16365	515	0.176008
16282	16722	2483	0.848599
16282	15615	1988	0.679426
16282	16383	3	0.001025
16285	15936	3	0.016949
16285	16476	1	0.005650
16285	15853	2	0.011299
16285	15956	2	0.011299
16285	15477	1	0.005650
16285	16374	2	0.011299
16285	16475	1	0.005650
16285	15932	5	0.028249
16285	16085	1	0.005650
16288	15448	20	0.555556
16288	16475	21	0.583333
16288	15613	2	0.055556
16288	16862	2	0.055556
16289	16035	29	0.004610
16289	15492	25	0.003975
16289	15718	32	0.005087
16289	16135	2	0.000318
16289	15562	2	0.000318
16289	16170	2	0.000318
16289	16174	2	0.000318
16289	16723	1	0.000159
16289	16341	10	0.001590
16289	16535	1	0.000159
16289	16248	5	0.000795
16289	15460	1	0.000159
16289	16362	5	0.000795
16290	16260	3	0.008475
16290	15984	2	0.005650
16290	16723	3	0.008475
16290	16436	3	0.008475
16290	15701	1	0.002825
16290	16350	3	0.008475
16290	15615	1	0.002825
16295	16035	29	0.004567
16295	15492	25	0.003937
16295	15718	32	0.005039
16295	16135	2	0.000315
16295	16362	5	0.000787
16295	16170	2	0.000315
16295	16174	2	0.000315
16295	16723	1	0.000157
16295	16341	10	0.001575
16295	16535	1	0.000157
16295	16248	5	0.000787
16295	15460	1	0.000157
16295	15562	2	0.000315
16296	15488	1	0.010638
16296	15915	1	0.010638
16296	16523	1	0.010638
16296	15816	10	0.106383
16296	16841	2	0.021277
16296	15498	2	0.021277
16296	16171	1	0.010638
16296	16108	10	0.106383
16296	15853	9	0.095745
16296	15729	1	0.010638
16296	15667	1	0.010638
16296	15932	1	0.010638
16296	15592	1	0.010638
16296	15454	1	0.010638
16300	16637	1	0.045455
16300	15477	1	0.045455
16300	15509	4	0.181818
16305	15667	4	0.016000
16307	16450	2	0.002853
16307	16515	1	0.001427
16307	15652	1	0.001427
16307	16198	1	0.001427
16307	15592	701	1.000000
16307	15647	1	0.001427
16307	15857	1	0.001427
16307	16867	1	0.001427
16307	15711	1	0.001427
16307	15935	2	0.002853
16308	15882	4	2.000000
16308	15493	4	2.000000
16309	15472	7	0.018229
16309	15460	1	0.002604
16309	16516	1	0.002604
16309	15477	3	0.007812
16310	16094	1	0.017857
16310	16550	1	0.017857
16310	15503	1	0.017857
16311	16569	3	0.011321
16311	15955	1	0.003774
16311	16475	1	0.003774
16311	16572	2	0.007547
16311	15853	2	0.007547
16312	16659	17	1.000000
16312	16553	17	1.000000
16312	16475	102	6.000000
16312	15853	2	0.117647
16313	16545	5	0.090909
16313	15458	1	0.018182
16313	15811	1	0.018182
16313	16164	1	0.018182
16313	16741	1	0.018182
16313	16359	1	0.018182
16313	15464	2	0.036364
16313	15853	2	0.036364
16313	16136	1	0.018182
16313	15984	1	0.018182
16313	15777	2	0.036364
16313	16851	1	0.018182
16313	16566	1	0.018182
16313	16695	2	0.036364
16313	16248	1	0.018182
16313	16516	1	0.018182
16313	16826	1	0.018182
16313	16475	3	0.054545
16313	15592	2	0.036364
16313	15615	1	0.018182
16319	16416	1	0.058824
16319	16543	18	1.058824
16320	16640	2	0.040000
16320	15969	2	0.040000
16320	15592	1	0.020000
16320	15667	1	0.020000
16320	15802	1	0.020000
16320	15932	1	0.020000
16321	15648	1	0.050000
16321	16545	2	0.100000
16321	16388	2	0.100000
16321	15877	2	0.100000
16321	15718	1	0.050000
16321	15592	1	0.050000
16321	16809	2	0.100000
16321	15659	2	0.100000
16321	15853	1	0.050000
16321	15729	2	0.100000
16321	15477	1	0.050000
16321	15990	1	0.050000
16321	15575	1	0.050000
16321	16248	1	0.050000
16321	16475	1	0.050000
16321	16541	2	0.100000
16321	16886	2	0.100000
16321	15615	1	0.050000
16322	15491	1	0.001546
16323	16248	2	0.033898
16323	15981	3	0.050847
16323	16573	3	0.050847
16323	16054	1	0.016949
16323	15655	159	2.694915
16325	15683	1	0.002463
16325	15592	1	0.002463
16325	16716	1	0.002463
16325	15570	1	0.002463
16325	16629	1	0.002463
16325	16824	1	0.002463
16325	16573	1	0.002463
16327	16064	2	0.009709
16327	15547	1	0.004854
16327	16550	2	0.009709
16327	15494	3	0.014563
16327	16392	6	0.029126
16327	16553	208	1.009709
16327	15915	1	0.004854
16327	16716	1	0.004854
16327	16659	206	1.000000
16327	15926	1	0.004854
16327	15575	1	0.004854
16327	16376	1	0.004854
16327	15546	8	0.038835
16327	16475	1237	6.004854
16327	16476	1	0.004854
16327	15667	1	0.004854
16327	16350	3	0.014563
16327	15711	4	0.019417
16330	15661	1	0.004785
16330	15490	1	0.004785
16330	16475	1	0.004785
16330	15477	414	1.980861
16330	16783	838	4.009569
16331	16545	6	0.176471
16331	15477	2	0.058824
16331	15710	2	0.058824
16331	15853	9	0.264706
16332	16345	63	1.050000
16332	16398	63	1.050000
16333	16550	1	0.028571
16334	15509	1	0.001475
16334	16770	1	0.001475
16334	15718	2	0.002950
16334	15592	1	0.001475
16334	16553	678	1.000000
16334	16170	1	0.001475
16334	16108	5	0.007375
16334	16174	1	0.001475
16334	15984	9	0.013274
16334	16913	33	0.048673
16334	16659	678	1.000000
16334	15477	2	0.002950
16334	16697	1	0.001475
16334	16089	3	0.004425
16334	16475	4068	6.000000
16334	15615	1	0.001475
16335	16035	29	0.004507
16335	15492	25	0.003886
16335	15718	32	0.004974
16335	16135	2	0.000311
16335	15562	2	0.000311
16335	16362	5	0.000777
16335	16174	2	0.000311
16335	16536	2	0.000311
16335	16723	1	0.000155
16335	16341	10	0.001554
16335	16535	1	0.000155
16335	16248	5	0.000777
16335	15460	1	0.000155
16335	16170	2	0.000311
16336	15705	1	0.010204
16336	15667	3	0.030612
16336	15932	4	0.040816
16336	15477	4	0.040816
16338	16363	12	1.500000
16340	15984	1	0.005952
16340	16170	176	1.047619
16340	16068	9	0.053571
16341	16035	7	0.022727
16341	16913	2	0.006494
16341	15592	1	0.003247
16341	16553	4	0.012987
16341	16170	1	0.003247
16341	16108	1	0.003247
16341	15984	6	0.019481
16341	15864	6	0.019481
16341	15575	6	0.019481
16341	16824	10	0.032468
16341	16475	6	0.019481
16341	15996	6	0.019481
16342	16035	2	0.002215
16342	16019	1	0.001107
16342	16392	3	0.003322
16342	15562	14	0.015504
16342	15853	1	0.001107
16342	16495	1	0.001107
16342	16707	2043	2.262458
16342	16820	14	0.015504
16342	16597	2	0.002215
16342	15575	1	0.001107
16342	16248	1	0.001107
16342	16414	3	0.003322
16344	15494	2	0.080000
16344	15754	2	0.080000
16344	15575	18	0.720000
16344	15640	174	6.960000
16344	16573	2	0.080000
16344	15615	4	0.160000
16345	16476	6	0.120000
16345	16332	4	0.080000
16345	16398	52	1.040000
16346	15537	2	0.003145
16347	15968	1	0.004405
16347	16385	1	0.004405
16347	16420	199	0.876652
16347	16170	30	0.132159
16347	15786	1	0.004405
16347	16845	1	0.004405
16347	16178	1	0.004405
16347	16627	2	0.008811
16347	15547	1	0.004405
16347	16413	1	0.004405
16347	16414	1	0.004405
16347	16767	1	0.004405
16350	15936	1	0.005376
16350	15713	1	0.005376
16350	15811	4	0.021505
16350	16550	1	0.005376
16350	15494	7	0.037634
16350	16327	1	0.005376
16350	15562	1	0.005376
16350	15718	8	0.043011
16350	15754	1	0.005376
16350	15915	3	0.016129
16350	15615	3	0.016129
16350	16475	2	0.010753
16350	16436	1	0.005376
16350	15575	1	0.005376
16350	15960	2	0.010753
16350	15968	1	0.005376
16350	15546	1	0.005376
16350	15547	1	0.005376
16350	16573	2	0.010753
16350	15711	2	0.010753
16352	16426	2	0.047619
16357	16441	1	0.083333
16359	15464	1	0.100000
16359	16313	2	0.200000
16361	15915	1	0.022727
16364	16035	7	0.022222
16364	16516	14	0.044444
16364	16433	1	0.003175
16364	15592	1	0.003175
16364	16265	1	0.003175
16364	16170	3	0.009524
16364	15853	2	0.006349
16364	16136	1	0.003175
16364	16436	1	0.003175
16364	16597	2	0.006349
16364	15831	1	0.003175
16364	16824	1	0.003175
16364	16484	1	0.003175
16364	15656	3	0.009524
16365	16136	3	0.009375
16365	16550	2	0.006250
16366	16340	7	1.000000
16366	15799	7	1.000000
16367	15984	1	0.000675
16367	16035	1	0.000675
16367	15492	1	0.000675
16367	15718	8	0.005402
16367	16263	9	0.006077
16367	16170	5	0.003376
16367	15895	2	0.001350
16367	16078	1	0.000675
16367	15600	1	0.000675
16367	16881	6474	4.371371
16367	15477	2	0.001350
16367	15575	2	0.001350
16367	15460	2	0.001350
16367	15754	1	0.000675
16368	15936	1	0.001590
16368	15648	1	0.001590
16368	16475	1	0.001590
16368	15525	1	0.001590
16368	16550	1	0.001590
16368	15915	2	0.003180
16368	15853	1	0.001590
16368	16273	1	0.001590
16368	15572	12	0.019078
16368	15477	2	0.003180
16368	16151	2	0.003180
16368	16824	1	0.001590
16368	15705	1	0.001590
16368	16058	1	0.001590
16368	15615	3	0.004769
16368	16573	2	0.003180
16368	16895	1	0.001590
16369	16475	25	1.000000
16371	15905	1	0.002268
16371	16597	1	0.002268
16371	16035	3	0.006803
16371	15492	3	0.006803
16371	15718	1	0.002268
16371	15816	1	0.002268
16371	16426	1	0.002268
16371	16174	1	0.002268
16371	15984	2	0.004535
16371	16403	1	0.002268
16371	16629	1	0.002268
16371	16248	1	0.002268
16371	16170	1	0.002268
16371	16094	1	0.002268
16371	15477	1	0.002268
16373	15711	1	0.015873
16373	15637	2	0.031746
16373	16374	1	0.015873
16373	15559	1	0.015873
16374	16614	2	0.000770
16374	16516	94	0.036196
16374	15882	1	0.000385
16374	16270	2	0.000770
16374	16913	1	0.000385
16374	15658	1	0.000385
16374	16305	1	0.000385
16374	15667	2	0.000770
16374	15671	1	0.000385
16374	16824	2	0.000770
16374	15551	1	0.000385
16374	16320	2	0.000770
16374	16886	2	0.000770
16374	16332	1	0.000385
16374	16597	1	0.000385
16374	15959	2	0.000770
16374	15718	2	0.000770
16374	16230	2	0.000770
16374	16108	1	0.000385
16374	16366	1	0.000385
16374	15478	1	0.000385
16374	16248	2	0.000770
16374	16170	3	0.001155
16374	16469	1	0.000385
16374	16341	1	0.000385
16375	15984	1	0.012987
16375	16035	1	0.012987
16375	16094	1	0.012987
16376	15968	1	0.003968
16376	15718	6	0.023810
16377	16803	101	0.990196
16377	15718	101	0.990196
16377	15664	101	0.990196
16377	15459	101	0.990196
16377	16408	120	1.176471
16377	15931	101	0.990196
16378	16392	1	0.007519
16378	16365	1	0.007519
16378	16560	3	0.022556
16378	15667	4	0.030075
16378	15445	2	0.015038
16378	15575	1	0.007519
16378	15705	1	0.007519
16378	16383	2	0.015038
16378	16350	1	0.007519
16378	15615	3	0.022556
16379	15592	42	0.763636
16379	15755	43	0.781818
16379	16813	16	0.290909
16379	16902	2	0.036364
16380	16035	2	0.002215
16380	16019	1	0.001107
16380	16392	3	0.003322
16380	15562	14	0.015504
16380	15853	1	0.001107
16380	16495	1	0.001107
16380	16707	2043	2.262458
16380	16820	14	0.015504
16380	16597	2	0.002215
16380	15575	1	0.001107
16380	16248	1	0.001107
16380	16414	3	0.003322
16382	15915	1	0.012500
16382	15603	5	0.062500
16382	16468	2	0.025000
16382	16485	4	0.050000
16382	15477	2	0.025000
16383	15816	2	0.011050
16383	16545	91	0.502762
16383	16378	3	0.016575
16383	16722	14	0.077348
