Src	Trg	LinkCount	RelLinkCount
22969	23108	4	0.050000
22970	23403	2	0.200000
22970	23039	1	0.100000
22971	23298	1	0.008065
22971	23560	1	0.008065
22971	23562	9	0.072581
22971	23436	1	0.008065
22971	23064	1	0.008065
22971	23705	1	0.008065
22971	23338	1	0.008065
22971	23468	1	0.008065
22971	23605	1	0.008065
22971	23481	1	0.008065
22971	23738	1	0.008065
22971	22974	1	0.008065
22971	23108	70	0.564516
22971	23367	1	0.008065
22971	23243	1	0.008065
22971	23628	1	0.008065
22971	23375	1	0.008065
22971	23122	1	0.008065
22971	23640	1	0.008065
22971	23641	1	0.008065
22971	23648	1	0.008065
22971	23777	1	0.008065
22971	23023	1	0.008065
22971	23210	1	0.008065
22971	23036	1	0.008065
22971	23594	1	0.008065
22971	23039	142	1.145161
22973	23108	2	1.000000
22973	23468	2	1.000000
22974	23360	3	0.100000
22974	23780	28	0.933333
22974	23334	28	0.933333
22974	23214	31	1.033333
22974	23284	31	1.033333
22974	23480	1	0.033333
22974	23108	1	0.033333
22974	23165	31	1.033333
22974	23070	1	0.033333
22978	23041	3	0.003421
22978	23563	3	0.003421
22978	23076	3	0.003421
22978	23205	721	0.822121
22978	23111	3	0.003421
22978	23112	3	0.003421
22978	23132	3	0.003421
22978	23351	3	0.003421
22978	22990	2	0.002281
22978	23695	9	0.010262
22978	23795	9	0.010262
22978	22998	3	0.003421
22978	23478	3	0.003421
22978	23015	3	0.003421
22978	23452	3	0.003421
22978	23454	3	0.003421
22979	23338	1	0.005714
22979	23108	1	0.005714
22979	23702	1	0.005714
22979	23599	1	0.005714
22982	23468	172	0.966292
22982	23565	172	0.966292
22982	22994	176	0.988764
22982	23635	174	0.977528
22982	23604	4	0.022472
22982	23774	2	0.011236
22982	23039	2	0.011236
22983	23658	30	1.000000
22983	23039	230	7.666667
22984	23553	1	0.000789
22984	23042	1	0.000789
22984	23560	1	0.000789
22984	23049	1	0.000789
22984	23562	1	0.000789
22984	23051	1	0.000789
22984	23810	1	0.000789
22984	23571	1	0.000789
22984	23572	1	0.000789
22984	23641	1	0.000789
22984	23064	1	0.000789
22984	23577	1	0.000789
22984	23070	1	0.000789
22984	23074	1	0.000789
22984	23077	1	0.000789
22984	23081	1	0.000789
22984	23594	1	0.000789
22984	23596	1	0.000789
22984	23088	1	0.000789
22984	23603	1	0.000789
22984	23604	1	0.000789
22984	23605	1	0.000789
22984	23606	1	0.000789
22984	23607	1	0.000789
22984	23615	1	0.000789
22984	23104	1	0.000789
22984	23106	1	0.000789
22984	23108	1	0.000789
22984	23624	1	0.000789
22984	23625	1	0.000789
22984	23628	1	0.000789
22984	23121	1	0.000789
22984	23122	2	0.001579
22984	23123	1	0.000789
22984	23125	1	0.000789
22984	23640	1	0.000789
22984	23129	1	0.000789
22984	23643	1	0.000789
22984	23135	1	0.000789
22984	23137	1	0.000789
22984	23650	1	0.000789
22984	23657	1	0.000789
22984	23659	4	0.003157
22984	23662	1	0.000789
22984	23155	1	0.000789
22984	23486	1	0.000789
22984	23158	1	0.000789
22984	23160	1	0.000789
22984	23673	1	0.000789
22984	23674	1	0.000789
22984	23696	1	0.000789
22984	23704	1	0.000789
22984	23705	1	0.000789
22984	23203	1	0.000789
22984	23210	1	0.000789
22984	23728	1	0.000789
22984	23735	1	0.000789
22984	23736	1	0.000789
22984	23738	1	0.000789
22984	23740	1	0.000789
22984	23238	1	0.000789
22984	23752	1	0.000789
22984	23242	1	0.000789
22984	23243	1	0.000789
22984	23758	1	0.000789
22984	23771	1	0.000789
22984	23777	1	0.000789
22984	23272	1	0.000789
22984	23789	1	0.000789
22984	23593	1	0.000789
22984	23290	1	0.000789
22984	23803	1	0.000789
22984	23804	1	0.000789
22984	23808	1	0.000789
22984	23298	1	0.000789
22984	23301	1	0.000789
22984	23084	1	0.000789
22984	23306	1	0.000789
22984	23315	1	0.000789
22984	23317	1	0.000789
22984	23328	1	0.000789
22984	23329	1	0.000789
22984	23344	1	0.000789
22984	23352	1	0.000789
22984	23358	1	0.000789
22984	23362	1	0.000789
22984	23009	1	0.000789
22984	23370	1	0.000789
22984	23375	1	0.000789
22984	23394	1	0.000789
22984	23399	1	0.000789
22984	23416	1	0.000789
22984	23418	1	0.000789
22984	23424	1	0.000789
22984	23425	1	0.000789
22984	23426	1	0.000789
22984	23436	1	0.000789
22984	23440	1	0.000789
22984	23444	1	0.000789
22984	23022	1	0.000789
22984	23456	1	0.000789
22984	23460	1	0.000789
22984	23467	1	0.000789
22984	23468	53	0.041831
22984	23472	1	0.000789
22984	23112	1	0.000789
22984	23481	1	0.000789
22984	22974	1	0.000789
22984	23487	1	0.000789
22984	23493	1	0.000789
22984	22999	1	0.000789
22984	23521	1	0.000789
22984	23012	1	0.000789
22984	23013	1	0.000789
22984	23014	1	0.000789
22984	23292	1	0.000789
22984	23534	1	0.000789
22984	23023	1	0.000789
22984	23545	1	0.000789
22984	23036	1	0.000789
22984	23039	2	0.001579
22986	23624	212	0.706667
22986	23108	12	0.040000
22986	23308	212	0.706667
22988	23371	4	0.333333
22990	23458	13	0.590909
22990	23659	14	0.636364
22990	22994	7	0.318182
22990	23253	44	2.000000
22990	23354	1	0.045455
22990	23039	80	3.636364
22991	23658	3	1.000000
22991	23039	33	11.000000
22993	23081	2	0.009091
22993	23658	3	0.013636
22993	23597	3	0.013636
22993	23709	6	0.027273
22994	23296	2	0.002288
22994	23169	1	0.001144
22994	23659	5	0.005721
22994	23553	2	0.002288
22994	23173	2	0.002288
22994	23425	1	0.001144
22994	23560	1	0.001144
22994	23468	5	0.005721
22994	23127	1	0.001144
22994	23563	2	0.002288
22994	23436	1	0.001144
22994	23565	3	0.003432
22994	23571	1	0.001144
22994	23445	2	0.002288
22994	23641	1	0.001144
22994	23494	1	0.001144
22994	23743	1	0.001144
22994	23709	4	0.004577
22994	23070	1	0.001144
22994	23711	4	0.004577
22994	23328	1	0.001144
22994	23238	1	0.001144
22994	23081	3	0.003432
22994	23338	8	0.009153
22994	23367	1	0.001144
22994	23084	1	0.001144
22994	23453	1	0.001144
22994	23728	7	0.008009
22994	22984	1	0.001144
22994	23155	3	0.003432
22994	23348	2	0.002288
22994	23605	1	0.001144
22994	23606	1	0.001144
22994	23735	1	0.001144
22994	23352	3	0.003432
22994	23481	1	0.001144
22994	23738	3	0.003432
22994	23484	1	0.001144
22994	22974	1	0.001144
22994	23615	1	0.001144
22994	23115	1	0.001144
22994	22982	1	0.001144
22994	23111	1	0.001144
22994	23624	1	0.001144
22994	23243	2	0.002288
22994	23628	1	0.001144
22994	23629	4	0.004577
22994	23758	2	0.002288
22994	23693	4	0.004577
22994	23635	1	0.001144
22994	23630	5	0.005721
22994	22997	1	0.001144
22994	22999	1	0.001144
22994	23640	1	0.001144
22994	23769	4	0.004577
22994	23375	1	0.001144
22994	23774	5	0.005721
22994	23604	5	0.005721
22994	23777	2	0.002288
22994	23667	1	0.001144
22994	23268	2	0.002288
22994	23292	3	0.003432
22994	23014	1	0.001144
22994	23655	1	0.001144
22994	23400	17	0.019451
22994	23036	3	0.003432
22994	23658	3	0.003432
22994	23527	1	0.001144
22994	23023	1	0.001144
22994	23272	3	0.003432
22994	23251	15	0.017162
22994	23301	1	0.001144
22994	23157	4	0.004577
22994	23032	1	0.001144
22994	23487	2	0.002288
22994	23548	2	0.002288
22994	23594	1	0.001144
22994	23253	1	0.001144
22995	23707	2	0.166667
22995	23670	1	0.083333
22997	23081	1	0.009901
22997	23810	8	0.079208
22998	23041	2	0.000793
22998	23687	2	0.000793
22998	23563	2	0.000793
22998	23695	2	0.000793
22998	23571	2	0.000793
22998	23452	2	0.000793
22998	23709	16	0.006344
22998	23454	2	0.000793
22998	23328	2	0.000793
22998	23470	2	0.000793
22998	23478	2	0.000793
22998	23351	2	0.000793
22998	23482	2	0.000793
22998	22978	2	0.000793
22998	23108	1	0.000397
22998	23371	6	0.002379
22998	23760	2	0.000793
22998	23761	2	0.000793
22998	22994	12	0.004758
22998	23252	2	0.000793
22998	23015	2	0.000793
22998	23400	1	0.000397
22998	23661	2	0.000793
22998	23795	6	0.002379
22999	23108	94	0.196653
22999	23658	1	0.002092
22999	22994	6	0.012552
22999	23476	1	0.002092
22999	23396	2	0.004184
22999	22971	2	0.004184
22999	23039	4	0.008368
23000	23338	1	0.040000
23001	23553	35	1.000000
23001	23338	35	1.000000
23001	23670	70	2.000000
23004	23328	1	0.014706
23004	23624	1	0.014706
23004	22988	1	0.014706
23004	23371	1	0.014706
23004	23468	1	0.014706
23004	22994	1	0.014706
23004	23418	1	0.014706
23008	23108	8	0.006838
23008	23039	8	0.006838
23008	23659	8	0.006838
23008	23245	3	0.002564
23008	23023	8	0.006838
23011	23108	2	0.025974
23011	23623	1	0.012987
23011	23659	1	0.012987
23011	23468	3	0.038961
23011	23728	2	0.025974
23011	22994	3	0.038961
23011	23604	7	0.090909
23011	23127	1	0.012987
23011	23769	1	0.012987
23011	23453	4	0.051948
23011	23231	1	0.012987
23012	23108	40	0.148699
23012	22994	6	0.022305
23012	22990	1	0.003717
23012	23728	4	0.014870
23012	23122	1	0.003717
23012	23795	5	0.018587
23012	23769	9	0.033457
23012	23482	3	0.011152
23012	23039	13	0.048327
23013	23115	2	0.017857
23013	23371	2	0.017857
23014	23553	1	0.001513
23014	23554	1	0.001513
23014	23659	2	0.003026
23014	23108	33	0.049924
23014	23559	1	0.001513
23014	23016	1	0.001513
23014	23354	7	0.010590
23014	23468	2	0.003026
23014	23122	3	0.004539
23014	22990	5	0.007564
23014	23728	2	0.003026
23014	23042	1	0.001513
23014	22994	27	0.040847
23014	23252	2	0.003026
23014	23317	1	0.001513
23014	23127	2	0.003026
23014	23769	6	0.009077
23014	23418	1	0.001513
23014	23642	1	0.001513
23014	23039	55	0.083207
23015	23328	1	0.000294
23015	23494	12	0.003529
23015	23624	1	0.000294
23015	23055	13	0.003824
23015	22994	2	0.000588
23015	23795	1	0.000294
23015	22997	1	0.000294
23015	23769	3	0.000882
23015	23418	3	0.000882
23015	23132	6	0.001765
23015	23709	2	0.000588
23016	23360	6	0.048387
23016	23403	1	0.008065
23016	23468	4	0.032258
23016	23253	1	0.008065
23016	22990	1	0.008065
23020	23328	2	0.002601
23020	23108	12	0.015605
23020	23112	44	0.057217
23020	23658	1	0.001300
23020	23468	10	0.013004
23020	23661	4	0.005202
23020	23728	2	0.002601
23020	23400	1	0.001300
23020	22994	13	0.016905
23020	23251	7	0.009103
23020	23157	1	0.001300
23020	23769	1	0.001300
23020	23548	1	0.001300
23020	23711	1	0.001300
23022	23328	10	0.043478
23022	23624	4	0.017391
23022	23785	62	0.269565
23022	23371	11	0.047826
23022	22994	1	0.004348
23022	23795	22	0.095652
23022	23571	5	0.021739
23022	23418	3	0.013043
23022	23709	1	0.004348
23022	23454	5	0.021739
23022	23455	8	0.034783
23023	23553	5	0.007669
23023	23810	1	0.001534
23023	23559	3	0.004601
23023	23437	8	0.012270
23023	23554	5	0.007669
23023	23468	4	0.006135
23023	23728	6	0.009202
23023	23604	3	0.004601
23023	23482	1	0.001534
23023	23487	7	0.010736
23023	23360	456	0.699387
23023	23108	23	0.035276
23023	23752	2	0.003067
23023	23115	2	0.003067
23023	22990	2	0.003067
23023	23760	1	0.001534
23023	23506	6	0.009202
23023	23253	12	0.018405
23023	23769	9	0.013804
23023	23135	3	0.004601
23023	23008	1	0.001534
23023	23400	8	0.012270
23023	23659	7	0.010736
23023	22994	12	0.018405
23023	23803	2	0.003067
23023	23039	760	1.165644
23024	23352	49	1.020833
23024	23041	48	1.000000
23024	23338	1	0.020833
23030	23629	75	1.000000
23031	23728	41	1.000000
23031	23658	40	0.975610
23031	23319	37	0.902439
23031	23039	1666	40.634146
23032	23115	3	0.052632
23032	23658	7	0.122807
23032	23371	2	0.035088
23032	23468	1	0.017544
23032	23630	1	0.017544
23032	23484	1	0.017544
23032	23338	1	0.017544
23033	23658	9	1.000000
23034	22984	1	0.002092
23034	23137	471	0.985356
23034	23036	3	0.006276
23034	23039	1	0.002092
23036	23553	12	0.005857
23036	23811	3	0.001464
23036	23044	3	0.001464
23036	23559	2	0.000976
23036	23681	4	0.001952
23036	23571	1	0.000488
23036	23445	3	0.001464
23036	23062	1	0.000488
23036	23068	6	0.002928
23036	23453	8	0.003904
23036	23330	1	0.000488
23036	23717	103	0.050268
23036	23081	2	0.000976
23036	23338	18	0.008785
23036	23468	1	0.000488
23036	23403	7	0.003416
23036	23728	10	0.004880
23036	22993	13	0.006345
23036	23348	2	0.000976
23036	23350	1	0.000488
23036	23480	1	0.000488
23036	23604	1	0.000488
23036	22971	2	0.000976
23036	23231	49	0.023914
23036	23360	8	0.003904
23036	23491	1	0.000488
23036	23108	14	0.006833
23036	23112	3	0.001464
23036	23369	1	0.000488
23036	23498	71	0.034651
23036	23371	2	0.000976
23036	23458	1	0.000488
23036	23502	2	0.000976
23036	23121	2	0.000976
23036	22994	26	0.012689
23036	23253	8	0.003904
23036	23127	2	0.000976
23036	23769	2	0.000976
23036	23643	21	0.010249
23036	23772	2	0.000976
23036	23034	4	0.001952
23036	23333	7	0.003416
23036	23264	1	0.000488
23036	23396	27	0.013177
23036	23783	2	0.000976
23036	23658	6	0.002928
23036	23659	4	0.001952
23036	23660	4	0.001952
23036	23122	4	0.001952
23036	23795	9	0.004392
23036	23157	1	0.000488
23036	23135	2	0.000976
23036	23418	1	0.000488
23036	23292	3849	1.878477
23036	23805	1	0.000488
23036	23039	31	0.015129
23037	22994	1	0.250000
23039	23553	610	1.675824
23039	23554	8	0.021978
23039	23044	3	0.008242
23039	23558	2	0.005495
23039	23559	55	0.151099
23039	22982	2	0.005495
23039	23562	2	0.005495
23039	23052	3	0.008242
23039	23053	2	0.005495
23039	23057	1	0.002747
23039	23570	1	0.002747
23039	23062	1	0.002747
23039	23157	13	0.035714
23039	23066	1	0.002747
23039	23068	1	0.002747
23039	23070	1	0.002747
23039	23588	1	0.002747
23039	23592	2	0.005495
23039	23081	2	0.005495
23039	23082	2	0.005495
23039	23595	2	0.005495
23039	23084	2	0.005495
23039	23086	1	0.002747
23039	23599	1	0.002747
23039	23601	4	0.010989
23039	23603	1	0.002747
23039	23604	80	0.219780
23039	23605	2	0.005495
23039	23606	1	0.002747
23039	23095	1	0.002747
23039	23609	1	0.002747
23039	23610	3	0.008242
23039	23614	1	0.002747
23039	23615	2	0.005495
23039	23616	5	0.013736
23039	23108	457	1.255495
23039	23114	1	0.002747
23039	23628	2	0.005495
23039	23629	175	0.480769
23039	23630	6	0.016484
23039	23565	2	0.005495
23039	23736	2	0.005495
23039	23122	16	0.043956
23039	23635	5	0.013736
23039	23496	1	0.002747
23039	23125	2	0.005495
23039	23127	567	1.557692
23039	23640	2	0.005495
23039	23641	1	0.002747
23039	23642	34	0.093407
23039	23226	1	0.002747
23039	23134	1	0.002747
23039	23135	578	1.587912
23039	23648	12	0.032967
23039	23649	8	0.021978
23039	23651	2	0.005495
23039	23141	3	0.008242
23039	23654	1	0.002747
23039	23143	4	0.010989
23039	23656	1	0.002747
23039	23658	1197	3.288462
23039	23659	327	0.898352
23039	23660	1	0.002747
23039	23664	2	0.005495
23039	23667	3	0.008242
23039	23156	3	0.008242
23039	23669	3	0.008242
23039	23743	1	0.002747
23039	23146	6	0.016484
23039	23166	1	0.002747
23039	23169	15	0.041209
23039	23173	20	0.054945
23039	23259	4	0.010989
23039	23180	7	0.019231
23039	23181	1	0.002747
23039	23182	1	0.002747
23039	23183	5	0.013736
23039	23696	2	0.005495
23039	23697	19	0.052198
23039	23707	2	0.005495
23039	22969	1	0.002747
23039	23709	67	0.184066
23039	23711	6	0.016484
23039	23204	2	0.005495
23039	23717	4	0.010989
23039	23210	1	0.002747
23039	23211	1	0.002747
23039	23725	1	0.002747
23039	23214	1	0.002747
23039	23728	657	1.804945
23039	23217	1	0.002747
23039	23155	2	0.005495
23039	23735	2	0.005495
23039	23224	5	0.013736
23039	23738	2	0.005495
23039	23231	1398	3.840659
23039	23746	1	0.002747
23039	23238	2	0.005495
23039	23243	2	0.005495
23039	23244	6	0.016484
23039	23758	2	0.005495
23039	23251	2	0.005495
23039	23253	181	0.497253
23039	23255	24	0.065934
23039	23769	181	0.497253
23039	23258	1	0.002747
23039	22991	3	0.008242
23039	23772	1	0.002747
23039	23774	16	0.043956
23039	23264	2	0.005495
23039	23777	2	0.005495
23039	23778	1	0.002747
23039	23267	151	0.414835
23039	23268	161	0.442308
23039	23269	1	0.002747
23039	23783	14	0.038462
23039	23272	2	0.005495
23039	23785	2	0.005495
23039	23789	1	0.002747
23039	23165	1	0.002747
23039	23792	28	0.076923
23039	23284	1	0.002747
23039	23292	2	0.005495
23039	23594	2	0.005495
23039	23294	1	0.002747
23039	23509	1	0.002747
23039	23296	14	0.038462
23039	23810	2	0.005495
23039	23811	1	0.002747
23039	23300	1	0.002747
23039	23301	2	0.005495
23039	23303	1	0.002747
23039	23305	3	0.008242
23039	23767	151	0.414835
23039	23308	1	0.002747
23039	23309	1	0.002747
23039	23319	39	0.107143
23039	23298	1	0.002747
23039	23685	4	0.010989
23039	23329	6	0.016484
23039	23330	2	0.005495
23039	23331	24	0.065934
23039	23332	1	0.002747
23039	23174	1	0.002747
23039	23338	38	0.104396
23039	23339	2	0.005495
23039	23342	1	0.002747
23039	23091	1	0.002747
23039	23348	1	0.002747
23039	23350	2	0.005495
23039	23352	1	0.002747
23039	23354	4	0.010989
23039	23360	14	0.038462
23039	23363	1	0.002747
23039	23367	2	0.005495
23039	23369	286	0.785714
23039	23371	39	0.107143
23039	23375	2	0.005495
23039	23098	1	0.002747
23039	23390	1	0.002747
23039	23400	95	0.260989
23039	23403	7	0.019231
23039	23415	3	0.008242
23039	23506	2	0.005495
23039	23425	1	0.002747
23039	23434	2	0.005495
23039	23439	1	0.002747
23039	23443	7	0.019231
23039	23445	560	1.538462
23039	23453	1733	4.760989
23039	23458	182	0.500000
23039	23459	9	0.024725
23039	23064	2	0.005495
23039	23468	67	0.184066
23039	23197	1	0.002747
23039	23474	1	0.002747
23039	23476	5	0.013736
23039	23481	2	0.005495
23039	23482	12	0.032967
23039	22971	156	0.428571
23039	23484	1	0.002747
23039	22974	2	0.005495
23039	23487	7	0.019231
23039	23491	1	0.002747
23039	23492	6	0.016484
23039	22981	1	0.002747
23039	23494	31	0.085165
23039	22984	35	0.096154
23039	23499	1	0.002747
23039	22988	3	0.008242
23039	22990	2	0.005495
23039	23503	1	0.002747
23039	22993	5	0.013736
23039	22994	91	0.250000
23039	22997	5	0.013736
23039	23560	1	0.002747
23039	22999	1	0.002747
23039	23005	30	0.082418
23039	23205	2	0.005495
23039	23520	1	0.002747
23039	23011	4	0.010989
23039	23012	1	0.002747
23039	23014	1	0.002747
23039	23527	7	0.019231
23039	23528	2	0.005495
23039	23036	2	0.005495
23039	23531	4	0.010989
23039	23020	1	0.002747
23039	23023	2	0.005495
23039	23538	4	0.010989
23039	23544	5	0.013736
23039	23032	14	0.038462
23039	23034	1	0.002747
23039	23548	3	0.008242
23039	23549	8	0.021978
23039	23550	2	0.005495
23041	23371	1	0.021277
23042	23371	3	0.007481
23042	23115	3	0.007481
23046	23437	1	0.111111
23046	23553	2	0.222222
23046	23453	1	0.111111
23046	23039	1	0.111111
23049	23371	11	0.027708
23051	23371	29	0.049153
23052	23658	11	1.000000
23053	23728	2	0.006006
23053	23459	3	0.009009
23053	23468	1	0.003003
23055	23328	2	0.001848
23055	23554	1	0.000924
23055	23205	2	0.001848
23055	23015	5	0.004621
23055	23688	4	0.003697
23055	23081	2	0.001848
23055	23394	1	0.000924
23055	23535	2	0.001848
23055	22993	3	0.002773
23055	23160	1	0.000924
23055	23709	48	0.044362
23055	23135	1	0.000924
23056	23137	456	1.096154
23056	23314	228	0.548077
23057	23769	2	0.008850
23057	23578	2	0.008850
23057	23405	3	0.013274
23058	23328	1	0.017857
23058	23041	1	0.017857
23058	23760	1	0.017857
23058	23709	1	0.017857
23059	23328	1	0.005780
23059	23624	1	0.005780
23059	23081	3	0.017341
23059	23371	2	0.011561
23059	23468	6	0.034682
23059	22993	1	0.005780
23059	22994	1	0.005780
23059	23795	1	0.005780
23059	23571	1	0.005780
23059	23418	2	0.011561
23059	23709	2	0.011561
23062	23777	60	0.090090
23062	23115	5	0.007508
23062	23108	5	0.007508
23062	23251	1	0.001502
23062	23553	3	0.004505
23062	23369	1	0.001502
23062	23658	4	0.006006
23062	23595	5	0.007508
23062	22990	5	0.007508
23062	23728	6	0.009009
23062	22993	1	0.001502
23062	22994	9	0.013514
23062	23659	1	0.001502
23062	23604	2	0.003003
23062	23445	2	0.003003
23062	23478	9	0.013514
23062	23127	2	0.003003
23062	23135	2	0.003003
23062	23231	5	0.007508
23062	23453	6	0.009009
23062	23039	9	0.013514
23064	23553	1	0.002915
23064	23181	1	0.002915
23064	23595	1	0.002915
23064	23468	1	0.002915
23064	23728	1	0.002915
23064	23604	1	0.002915
23064	23354	293	0.854227
23064	22971	294	0.857143
23064	23614	1	0.002915
23064	23360	1	0.002915
23064	23108	305	0.889213
23064	23622	1	0.002915
23064	22994	297	0.865889
23064	23127	1	0.002915
23064	23769	293	0.854227
23064	23267	293	0.854227
23064	23400	1	0.002915
23064	23658	1	0.002915
23064	23149	1	0.002915
23064	23122	2	0.005831
23064	23673	1	0.002915
23064	23550	1	0.002915
23064	23039	9	0.026239
23068	23553	2	0.002564
23068	23811	1	0.001282
23068	23044	1	0.001282
23068	23301	1	0.001282
23068	23181	1	0.001282
23068	23439	1	0.001282
23068	23573	1	0.001282
23068	23300	1	0.001282
23068	23173	3	0.003846
23068	23458	1	0.001282
23068	23081	3	0.003846
23068	23338	3	0.003846
23068	23468	5	0.006410
23068	23725	1	0.001282
23068	23086	1	0.001282
23068	23482	1	0.001282
23068	23091	1	0.001282
23068	23348	1	0.001282
23068	22969	1	0.001282
23068	23226	1	0.001282
23068	23114	1	0.001282
23068	23487	1	0.001282
23068	23108	1	0.001282
23068	23498	72	0.092308
23068	23115	1	0.001282
23068	22990	4	0.005128
23068	23251	1	0.001282
23068	23354	1	0.001282
23068	23390	1	0.001282
23068	23036	13	0.016667
23068	23659	1	0.001282
23068	23660	2	0.002564
23068	23795	1	0.001282
23068	23292	3	0.003846
23068	23165	1	0.001282
23068	23039	1	0.001282
23069	23108	1	0.011111
23069	23338	2	0.022222
23069	23468	1	0.011111
23069	23231	1	0.011111
23069	23292	5	0.055556
23069	23805	1	0.011111
23069	23039	1	0.011111
23070	23728	4	0.010256
23070	23468	2	0.005128
23072	22994	1	0.001035
23072	23371	11	0.011387
23080	23438	12	1.200000
23081	23553	1	0.007634
23081	22994	12	0.091603
23081	23044	131	1.000000
23081	23597	1	0.007634
23081	23629	1	0.007634
23082	23553	3	0.000806
23082	23810	20	0.005371
23082	23173	1	0.000269
23082	23437	47	0.012621
23082	23439	1	0.000269
23082	23709	3	0.000806
23082	23583	3	0.000806
23082	23332	1	0.000269
23082	23338	1	0.000269
23082	23214	1	0.000269
23082	23348	1	0.000269
23082	22969	1	0.000269
23082	23226	1	0.000269
23082	23487	2	0.000537
23082	23363	1	0.000269
23082	23108	8	0.002148
23082	23111	1	0.000269
23082	23112	1	0.000269
23082	23371	2	0.000537
23082	23181	2	0.000537
23082	22994	7	0.001880
23082	23134	1	0.000269
23082	23400	5	0.001343
23082	23506	1	0.000269
23082	23656	1	0.000269
23082	23284	1	0.000269
23082	23157	4	0.001074
23082	23039	2	0.000537
23084	23553	5	0.008143
23084	23554	1	0.001629
23084	23315	14	0.022801
23084	23458	1	0.001629
23084	23331	2	0.003257
23084	23081	12	0.019544
23084	23338	7	0.011401
23084	23468	2	0.003257
23084	23728	10	0.016287
23084	23604	2	0.003257
23084	23482	4	0.006515
23084	23227	3	0.004886
23084	23228	69	0.112378
23084	23487	2	0.003257
23084	23360	7	0.011401
23084	23108	28	0.045603
23084	22990	13	0.021173
23084	22994	12	0.019544
23084	23253	3	0.004886
23084	23769	3	0.004886
23084	23354	6	0.009772
23084	23267	3	0.004886
23084	23654	5	0.008143
23084	23400	1	0.001629
23084	23658	2	0.003257
23084	23659	4	0.006515
23084	23791	5	0.008143
23084	23795	5	0.008143
23084	23413	1	0.001629
23084	23231	1	0.001629
23084	23039	32	0.052117
23086	23360	2	0.003683
23086	23554	1	0.001842
23086	23108	4	0.007366
23086	23301	10	0.018416
23086	23783	1	0.001842
23086	23466	137	0.252302
23086	23659	2	0.003683
23086	23468	1	0.001842
23086	23761	2	0.003683
23086	22994	3	0.005525
23086	23795	1	0.001842
23086	23658	2	0.003683
23086	23039	10	0.018416
23088	23424	1	0.001595
23088	23338	3	0.004785
23088	23371	5	0.007974
23092	23338	1	0.058824
23094	23015	1	0.000338
23094	23687	1	0.000338
23094	23563	1	0.000338
23094	23055	1	0.000338
23094	23571	3	0.001013
23094	23445	1	0.000338
23094	23446	1	0.000338
23094	23578	1	0.000338
23094	23328	1	0.000338
23094	23338	2	0.000675
23094	23470	1	0.000338
23094	23112	3	0.001013
23094	23478	1	0.000338
23094	23351	1	0.000338
23094	22978	1	0.000338
23094	23111	1	0.000338
23094	23624	7	0.002364
23094	23371	7	0.002364
23094	23373	1	0.000338
23094	23760	1	0.000338
23094	22993	3	0.001013
23094	22998	1	0.000338
23094	23132	1	0.000338
23094	23376	2	0.000675
23094	23761	1	0.000338
23094	23655	1	0.000338
23094	23661	1	0.000338
23094	23152	1	0.000338
23094	23795	3	0.001013
23094	23160	1	0.000338
23094	23418	1	0.000338
23097	23360	42199	0.998557
23097	23728	2	0.000047
23097	23468	1	0.000024
23097	23039	1	0.000024
23102	23553	2	0.004902
23102	23554	4	0.009804
23102	23559	2	0.004902
23102	23571	1	0.002451
23102	23413	1	0.002451
23102	23669	1	0.002451
23102	23328	1	0.002451
23102	23338	1	0.002451
23102	23468	18	0.044118
23102	23728	10	0.024510
23102	23604	7	0.017157
23102	23482	2	0.004902
23102	22971	17	0.041667
23102	23487	11	0.026961
23102	23360	7	0.017157
23102	23108	865	2.120098
23102	23624	1	0.002451
23102	23371	1	0.002451
23102	23253	2	0.004902
23102	23127	1	0.002451
23102	23135	2	0.004902
23102	23658	413	1.012255
23102	23659	8	0.019608
23102	23157	2	0.004902
23102	23231	2	0.004902
23102	23039	22	0.053922
23104	23328	1	0.012500
23104	23624	2	0.025000
23104	23338	1	0.012500
23104	23532	8	0.100000
23104	23376	2	0.025000
23104	23112	1	0.012500
23104	22994	2	0.025000
23104	23445	1	0.012500
23104	22998	2	0.025000
23104	23418	1	0.012500
23106	23687	1	0.004274
23106	23563	1	0.004274
23106	23695	1	0.004274
23106	23571	1	0.004274
23106	23445	1	0.004274
23106	23446	1	0.004274
23106	23578	1	0.004274
23106	23709	1	0.004274
23106	23328	1	0.004274
23106	23076	2	0.008547
23106	23470	1	0.004274
23106	23112	1	0.004274
23106	23351	1	0.004274
23106	23615	1	0.004274
23106	22978	1	0.004274
23106	23624	3	0.012821
23106	23760	1	0.004274
23106	23761	1	0.004274
23106	23252	1	0.004274
23106	22998	1	0.004274
23106	23055	1	0.004274
23106	23132	1	0.004274
23106	23655	1	0.004274
23106	23661	1	0.004274
23106	23152	1	0.004274
23106	23795	1	0.004274
23106	23418	1	0.004274
23108	23553	2	0.004938
23108	23554	4	0.009877
23108	23559	2	0.004938
23108	23571	1	0.002469
23108	23413	1	0.002469
23108	23669	1	0.002469
23108	23328	1	0.002469
23108	23338	1	0.002469
23108	23468	18	0.044444
23108	23728	10	0.024691
23108	23604	7	0.017284
23108	23482	2	0.004938
23108	22971	16	0.039506
23108	23487	11	0.027160
23108	23360	7	0.017284
23108	23624	1	0.002469
23108	23371	1	0.002469
23108	23253	2	0.004938
23108	23127	1	0.002469
23108	23135	2	0.004938
23108	23658	410	1.012346
23108	23659	8	0.019753
23108	23157	2	0.004938
23108	23231	2	0.004938
23108	23039	23	0.056790
23110	23457	21	0.954545
23110	23338	4	0.181818
23111	23810	1	0.005405
23111	23554	1	0.005405
23111	23709	3	0.016216
23112	23658	4	0.058824
23112	23487	1	0.014706
23112	23445	86	1.264706
23112	23709	7	0.102941
23114	23506	1	0.001582
23114	23553	1	0.001582
23114	23810	5	0.007911
23114	23111	1	0.001582
23114	22984	2	0.003165
23114	23338	1	0.001582
23114	23468	3	0.004747
23114	23437	8	0.012658
23114	22994	2	0.003165
23114	23348	3	0.004747
23114	23413	1	0.001582
23114	22969	1	0.001582
23114	23039	2	0.003165
23114	23453	2	0.003165
23114	23583	640	1.012658
23115	23039	1	0.055556
23116	23338	2	0.111111
23116	22994	1	0.055556
23118	23504	141	1.000000
23119	23777	1	0.052632
23119	23604	1	0.052632
23121	23609	70	0.875000
23122	23425	1	0.003922
23122	23810	1	0.003922
23122	23301	1	0.003922
23122	23560	1	0.003922
23122	23084	1	0.003922
23122	23562	1	0.003922
23122	23436	1	0.003922
23122	23298	1	0.003922
23122	23064	1	0.003922
23122	23070	1	0.003922
23122	23717	1	0.003922
23122	23081	1	0.003922
23122	23594	1	0.003922
23122	23468	219	0.858824
23122	23605	1	0.003922
23122	23606	1	0.003922
23122	23735	1	0.003922
23122	23736	1	0.003922
23122	23481	1	0.003922
23122	23738	1	0.003922
23122	22974	1	0.003922
23122	23615	1	0.003922
23122	23238	1	0.003922
23122	23367	1	0.003922
23122	22984	1	0.003922
23122	22997	4	0.015686
23122	23243	1	0.003922
23122	23628	1	0.003922
23122	23758	1	0.003922
23122	23375	1	0.003922
23122	23352	1	0.003922
23122	23125	1	0.003922
23122	22999	1	0.003922
23122	23640	1	0.003922
23122	23641	1	0.003922
23122	23036	1	0.003922
23122	23264	1	0.003922
23122	23777	1	0.003922
23122	23012	1	0.003922
23122	23014	1	0.003922
23122	23272	1	0.003922
23122	23785	1	0.003922
23122	23789	1	0.003922
23122	23023	1	0.003922
23122	23155	1	0.003922
23122	23743	1	0.003922
23122	23292	1	0.003922
23122	23210	1	0.003922
23122	23039	1	0.003922
23123	23371	1	0.019231
23125	23553	5	0.011547
23125	23683	1	0.002309
23125	23728	9	0.020785
23125	23630	11	0.025404
23125	23578	2	0.004619
23125	23329	5	0.011547
23125	23338	7	0.016166
23125	23468	6	0.013857
23125	23600	3	0.006928
23125	23253	1	0.002309
23125	23091	64	0.147806
23125	23609	19	0.043880
23125	23231	2	0.004619
23125	23616	1	0.002309
23125	23108	26	0.060046
23125	23494	6	0.013857
23125	23115	4	0.009238
23125	22990	8	0.018476
23125	23121	2	0.004619
23125	23122	13	0.030023
23125	23502	9	0.020785
23125	23097	2	0.004619
23125	23135	1	0.002309
23125	23658	1	0.002309
23125	23403	14	0.032333
23125	22994	50	0.115473
23125	23795	5	0.011547
23125	23418	11	0.025404
23125	23039	65	0.150115
23127	23468	3	0.500000
23127	23039	3	0.500000
23128	23013	2	1.000000
23131	23728	1	0.037037
23131	23338	6	0.222222
23134	23553	4	0.009615
23134	23810	7	0.016827
23134	23108	4	0.009615
23134	23583	2	0.004808
23134	23082	1	0.002404
23134	23437	1	0.002404
23134	22990	1	0.002404
23134	23348	8	0.019231
23134	23487	9	0.021635
23134	23135	1	0.002404
23135	23553	3	0.002240
23135	23554	879	0.656460
23135	23147	1	0.000747
23135	23238	1	0.000747
23135	23446	1	0.000747
23135	23559	33	0.024645
23135	23048	1	0.000747
23135	23049	2	0.001494
23135	23563	3	0.002240
23135	23052	32	0.023898
23135	22978	1	0.000747
23135	23055	8	0.005975
23135	23440	2	0.001494
23135	23057	1	0.000747
23135	23570	1	0.000747
23135	23444	1	0.000747
23135	23661	1	0.000747
23135	23577	1	0.000747
23135	23704	1	0.000747
23135	23065	2	0.001494
23135	23578	2	0.001494
23135	23460	2	0.001494
23135	23453	30	0.022405
23135	23588	1	0.000747
23135	23328	2	0.001494
23135	23761	1	0.000747
23135	23330	2	0.001494
23135	23203	1	0.000747
23135	23716	2	0.001494
23135	23205	22	0.016430
23135	23081	4	0.002987
23135	23338	2	0.001494
23135	23303	1	0.000747
23135	23468	4	0.002987
23135	23709	26	0.019417
23135	23728	2	0.001494
23135	23474	3	0.002240
23135	23604	6	0.004481
23135	23606	1	0.000747
23135	23351	1	0.000747
23135	23224	3	0.002240
23135	23481	2	0.001494
23135	23354	1	0.000747
23135	23231	10	0.007468
23135	23197	1	0.000747
23135	23520	1	0.000747
23135	23106	2	0.001494
23135	23108	68	0.050784
23135	23622	2	0.001494
23135	23649	6	0.004481
23135	23112	1	0.000747
23135	23369	1	0.000747
23135	23023	1	0.000747
23135	23373	16	0.011949
23135	23630	1	0.000747
23135	23375	3	0.002240
23135	22993	3	0.002240
23135	22995	1	0.000747
23135	23246	2	0.001494
23135	22999	2	0.001494
23135	23185	1	0.000747
23135	23769	47	0.035101
23135	23509	1	0.000747
23135	23776	12	0.008962
23135	23521	1	0.000747
23135	23012	2	0.001494
23135	23399	1	0.000747
23135	23658	1334	0.996266
23135	23015	1	0.000747
23135	23789	1	0.000747
23135	23275	1	0.000747
23135	23595	3	0.002240
23135	23795	6	0.004481
23135	23301	1	0.000747
23135	23157	2	0.001494
23135	23158	2	0.001494
23135	23416	1	0.000747
23135	23418	2	0.001494
23135	23655	1	0.000747
23135	23804	1	0.000747
23135	23549	1	0.000747
23135	23039	1337	0.998506
23137	23056	188	0.994709
23137	23314	192	1.015873
23137	23618	2	0.010582
23140	23108	4	0.800000
23143	23251	1	0.020833
23144	23039	54	0.964286
23145	23560	1	0.005236
23145	23769	2	0.010471
23145	23252	2	0.010471
23145	23625	4	0.020942
23146	23039	433	3.049296
23149	23670	2	0.002994
23150	23201	6	3.000000
23150	23140	6	3.000000
23150	23210	2	1.000000
23150	23692	2	1.000000
23150	23245	2	1.000000
23150	23438	2	1.000000
23150	23797	6	3.000000
23150	23670	2	1.000000
23150	23799	2	1.000000
23150	23108	2	1.000000
23150	23583	2	1.000000
23155	23808	35	0.213415
23155	23051	35	0.213415
23155	23115	2	0.012195
23155	22994	1	0.006098
23155	23390	33	0.201220
23155	23039	4	0.024390
23156	23309	1	0.020000
23157	23360	2	0.023810
23157	23553	5	0.059524
23157	23554	4	0.047619
23157	23108	7	0.083333
23157	23468	9	0.107143
23157	23658	4	0.047619
23157	23595	1	0.011905
23157	23244	2	0.023810
23157	23728	13	0.154762
23157	22994	4	0.047619
23157	23251	4	0.047619
23157	23669	100	1.190476
23157	23127	2	0.023810
23157	23512	14	0.166667
23157	23453	3	0.035714
23157	23039	1	0.011905
23160	23371	4	0.003899
23160	23081	2	0.001949
23160	23115	1	0.000975
23160	23597	4	0.003899
23160	23535	1	0.000975
23160	23769	1	0.000975
23165	23553	2	0.002315
23165	23108	5	0.005787
23165	23780	5	0.005787
23165	23559	4	0.004630
23165	23115	1	0.001157
23165	23437	17	0.019676
23165	23728	1	0.001157
23165	23076	4	0.004630
23165	23519	1	0.001157
23166	23553	1	0.001513
23166	23487	1	0.001513
23166	23292	12	0.018154
23166	22990	2	0.003026
23166	23039	2	0.003026
23169	23039	2	0.031250
23172	23205	151	1.000000
23173	23810	3	0.009646
23173	23108	2	0.006431
23173	23658	1	0.003215
23173	23659	1	0.003215
23173	23468	1	0.003215
23173	22994	2	0.006431
23173	23348	6	0.019293
23173	23413	1	0.003215
23173	23396	1	0.003215
23173	23039	1	0.003215
23174	23553	8	0.027397
23174	23272	6	0.020548
23174	22994	3	0.010274
23174	23769	2	0.006849
23174	23135	1	0.003425
23174	23132	1	0.003425
23174	23422	3	0.010274
23174	23039	1	0.003425
23176	23338	1	0.038462
23176	22994	1	0.038462
23180	23624	1	0.001517
23180	23081	1	0.001517
23180	23338	1	0.001517
23180	23597	1	0.001517
23180	23112	1	0.001517
23180	23769	11	0.016692
23181	23135	1	0.040000
23181	23403	1	0.040000
23181	23413	1	0.040000
23181	23039	25	1.000000
23182	23571	1	0.100000
23182	23728	1	0.100000
23182	23403	1	0.100000
23182	23039	1	0.100000
23183	23468	220	2.056075
23193	23351	1	0.007353
23195	23457	27	0.964286
23197	23481	6	0.315789
23197	23745	2	0.105263
23197	23399	2	0.105263
23197	23039	1	0.052632
23201	23150	1	0.009009
23202	23624	1	0.001248
23202	23596	2	0.002497
23202	23338	4	0.004994
23202	23108	2	0.002497
23203	23328	1	0.003390
23203	23624	1	0.003390
23203	23371	588	1.993220
23203	23112	1	0.003390
23203	23795	1	0.003390
23203	23571	1	0.003390
23203	23418	1	0.003390
23203	23709	3	0.010169
23203	23711	1	0.003390
23205	23658	15	1.000000
23207	23371	2	0.083333
23210	23553	9	0.272727
23210	23108	27	0.818182
23210	22984	32	0.969697
23210	23371	2	0.060606
23210	23468	7	0.212121
23210	22994	3	0.090909
23210	22990	3	0.090909
23210	23728	29	0.878788
23210	23400	2	0.060606
23210	23122	32	0.969697
23210	23413	3	0.090909
23210	22971	1	0.030303
23210	23039	5	0.151515
23212	23624	1	0.032258
23212	23155	31	1.000000
23212	23702	31	1.000000
23214	23553	1	0.001887
23214	23245	2	0.003774
23214	23437	508	0.958491
23214	23664	1	0.001887
23214	22994	4	0.007547
23214	23769	3	0.005660
23214	22974	499	0.941509
23214	23039	3	0.005660
23215	23039	153	0.695455
23216	23728	2	0.105263
23216	23459	5	0.263158
23216	23053	26	1.368421
23217	23041	1	0.111111
23217	23076	1	0.111111
23217	23478	1	0.111111
23217	23687	1	0.111111
23217	23015	1	0.111111
23217	23661	1	0.111111
23217	23470	1	0.111111
23217	23695	1	0.111111
23217	23761	1	0.111111
23217	23252	1	0.111111
23217	22998	1	0.111111
23217	23351	1	0.111111
23217	23132	1	0.111111
23217	23709	2	0.222222
23217	23454	1	0.111111
23221	23039	48	4.000000
23222	23624	1	0.000362
23222	23571	3	0.001086
23224	23554	3	0.019481
23226	23588	1	0.000138
23226	23681	1	0.000138
23226	23810	4	0.000551
23226	23197	1	0.000138
23226	23300	1	0.000138
23226	23301	1	0.000138
23226	23174	1	0.000138
23226	23425	1	0.000138
23226	23562	1	0.000138
23226	23308	1	0.000138
23226	23437	8	0.001103
23226	23439	4	0.000551
23226	23057	1	0.000138
23226	23811	1	0.000138
23226	23609	1	0.000138
23226	23170	1	0.000138
23226	23193	1	0.000138
23226	23298	1	0.000138
23226	23322	1	0.000138
23226	23068	1	0.000138
23226	23709	1	0.000138
23226	23583	1	0.000138
23226	23332	1	0.000138
23226	23081	1	0.000138
23226	23082	2	0.000276
23226	23614	1	0.000138
23226	23468	1	0.000138
23226	23725	1	0.000138
23226	23214	1	0.000138
23226	23453	2	0.000276
23226	23728	1	0.000138
23226	22984	1	0.000138
23226	23474	1	0.000138
23226	23091	1	0.000138
23226	23348	5	0.000689
23226	23390	1	0.000138
23226	23606	1	0.000138
23226	23735	1	0.000138
23226	23736	1	0.000138
23226	22969	1	0.000138
23226	23738	1	0.000138
23226	22971	1	0.000138
23226	22974	1	0.000138
23226	23487	1	0.000138
23226	23360	1	0.000138
23226	23499	1	0.000138
23226	23108	1	0.000138
23226	23350	1	0.000138
23226	23238	1	0.000138
23226	23496	1	0.000138
23226	23114	1	0.000138
23226	23371	1	0.000138
23226	23628	1	0.000138
23226	22990	11	0.001516
23226	23375	1	0.000138
23226	23352	1	0.000138
23226	23506	2	0.000276
23226	23758	1	0.000138
23226	23481	1	0.000138
23226	23641	1	0.000138
23226	23772	1	0.000138
23226	23098	1	0.000138
23226	23134	2	0.000276
23226	23012	1	0.000138
23226	23656	2	0.000276
23226	23062	1	0.000138
23226	23020	1	0.000138
23226	23789	1	0.000138
23226	23165	2	0.000276
23226	22994	1	0.000138
23226	23272	1	0.000138
23226	23155	1	0.000138
23226	23122	1	0.000138
23226	23157	1	0.000138
23226	23615	1	0.000138
23226	23594	1	0.000138
23226	23294	1	0.000138
23226	23039	3	0.000414
23227	23761	1	0.001045
23228	23108	98	0.989899
23228	23245	3	0.030303
23231	23680	1	0.000265
23231	23553	12	0.003178
23231	23810	9	0.002383
23231	23300	2	0.000530
23231	23559	1	0.000265
23231	23434	1	0.000265
23231	23308	19	0.005032
23231	23554	1	0.000265
23231	23696	1	0.000265
23231	23481	4	0.001059
23231	23058	1	0.000265
23231	23571	1	0.000265
23231	23197	1	0.000265
23231	23328	53	0.014036
23231	23294	1	0.000265
23231	23330	2	0.000530
23231	23331	1	0.000265
23231	23205	2	0.000530
23231	23081	1	0.000265
23231	23338	54	0.014301
23231	23111	2	0.000530
23231	23468	1	0.000265
23231	23597	2	0.000530
23231	23086	1	0.000265
23231	23728	6	0.001589
23231	23112	3	0.000794
23231	23091	2	0.000530
23231	23604	1	0.000265
23231	23134	3	0.000794
23231	23609	1	0.000265
23231	23738	1	0.000265
23231	23108	3	0.000794
23231	23238	1	0.000265
23231	23623	3	0.000794
23231	23624	5	0.001324
23231	23243	1	0.000265
23231	23633	1	0.000265
23231	22994	2	0.000530
23231	23127	1	0.000265
23231	23640	1	0.000265
23231	23769	116	0.030720
23231	23390	1	0.000265
23231	23135	2	0.000530
23231	23011	1	0.000265
23231	23014	2	0.000530
23231	23400	3	0.000794
23231	23658	2	0.000530
23231	23122	1	0.000265
23231	23656	1	0.000265
23231	23795	32	0.008475
23231	23284	1	0.000265
23231	23157	2	0.000530
23231	23348	44	0.011653
23231	23418	14	0.003708
23231	23466	103	0.027278
23231	23166	10	0.002648
23231	23039	6	0.001589
23232	23371	2	0.001590
23232	23700	1	0.000795
23232	23238	1	0.000795
23232	23294	1	0.000795
23232	23795	1	0.000795
23233	23494	3	0.017751
23234	23108	2	1.000000
23234	23468	2	1.000000
23235	23553	13	0.021959
23235	23554	2	0.003378
23235	23519	1	0.001689
23235	23445	1	0.001689
23235	23453	1	0.001689
23235	23458	1	0.001689
23235	23717	4	0.006757
23235	23338	1	0.001689
23235	23339	1	0.001689
23235	23468	2	0.003378
23235	23205	1	0.001689
23235	23354	1	0.001689
23235	22971	1	0.001689
23235	23484	1	0.001689
23235	23487	1	0.001689
23235	23108	9	0.015203
23235	22984	1	0.001689
23235	23755	72	0.121622
23235	23743	1	0.001689
23235	23758	2114	3.570946
23235	23376	1	0.001689
23235	22994	1	0.001689
23235	23251	2	0.003378
23235	23253	6	0.010135
23235	23132	9	0.015203
23235	23135	8	0.013514
23235	23400	1	0.001689
23235	23658	1	0.001689
23235	23659	1	0.001689
23235	23528	2	0.003378
23235	23413	4	0.006757
23235	22990	1	0.001689
23235	23545	7	0.011824
23235	23231	4	0.006757
23235	23039	4	0.006757
23236	23746	1	0.004329
23236	23108	2	0.008658
23236	23338	3	0.012987
23236	23468	2	0.008658
23236	23728	5	0.021645
23236	22994	1	0.004329
23236	23319	1	0.004329
23236	23769	1	0.004329
23236	23039	1	0.004329
23237	23219	1	0.008197
23237	23468	1	0.008197
23237	23039	1	0.008197
23238	23553	11	0.010046
23238	23173	3	0.002740
23238	23425	1	0.000913
23238	23436	1	0.000913
23238	23319	4	0.003653
23238	23453	1	0.000913
23238	23330	3	0.002740
23238	23333	2	0.001826
23238	23338	4	0.003653
23238	23468	2	0.001826
23238	23728	22	0.020091
23238	23481	1	0.000913
23238	23482	1	0.000913
23238	22971	8	0.007306
23238	23487	4	0.003653
23238	23232	7	0.006393
23238	23108	24	0.021918
23238	23500	1	0.000913
23238	22990	4	0.003653
23238	22994	32	0.029224
23238	23251	6	0.005479
23238	23253	3	0.002740
23238	23769	2	0.001826
23238	23360	6	0.005479
23238	23658	1	0.000913
23238	23122	7	0.006393
23238	23795	5	0.004566
23238	23413	6	0.005479
23238	23294	9	0.008219
23238	23039	15	0.013699
23243	23553	6	0.006772
23243	23181	1	0.001129
23243	23319	3	0.003386
23243	23453	1	0.001129
23243	23333	3	0.003386
23243	23338	1	0.001129
23243	23467	608	0.686230
23243	23468	3	0.003386
23243	23728	8	0.009029
23243	23604	11	0.012415
23243	23350	1880	2.121896
23243	23482	3	0.003386
23243	22971	10	0.011287
23243	23360	26	0.029345
23243	23108	65	0.073363
23243	22984	1214	1.370203
23243	23371	1	0.001129
23243	23629	1	0.001129
23243	22994	58	0.065463
23243	23769	13	0.014673
23243	23400	635	0.716704
23243	23403	3	0.003386
23243	23795	622	0.702032
23243	23413	20	0.022573
23243	23039	22	0.024831
23244	23108	1	0.012048
23244	23338	1	0.012048
23244	23595	1	0.012048
23244	23669	15	0.180723
23244	23512	2	0.024096
23244	23039	1	0.012048
23244	23157	4	0.048193
23245	23680	1	0.000747
23245	23426	21	0.015683
23245	23299	2	0.001494
23245	23302	1	0.000747
23245	23762	1	0.000747
23245	23596	2	0.001494
23245	23307	4	0.002987
23245	23692	1	0.000747
23245	23699	6	0.004481
23245	23706	1	0.000747
23245	23580	1	0.000747
23245	23325	1	0.000747
23245	23583	13	0.009709
23245	23457	1	0.000747
23245	23202	4	0.002987
23245	23358	3	0.002240
23245	23486	4	0.002987
23245	23336	1	0.000747
23245	23209	1	0.000747
23245	23338	1	0.000747
23245	23468	2	0.001494
23245	23645	17	0.012696
23245	23752	5	0.003734
23245	23475	1	0.000747
23245	23093	1	0.000747
23245	23120	2	0.001494
23245	23228	1	0.000747
23245	22973	1	0.000747
23245	23230	1	0.000747
23245	23104	4	0.002987
23245	23747	2	0.001494
23245	23108	1	0.000747
23245	23621	2	0.001494
23245	23624	9	0.006721
23245	23027	1	0.000747
23245	23376	10	0.007468
23245	23633	7	0.005228
23245	23250	5	0.003734
23245	22998	1	0.000747
23245	23003	1	0.000747
23245	23388	2	0.001494
23245	23517	6	0.004481
23245	23647	4	0.002987
23245	23392	1	0.000747
23245	23265	20	0.014937
23245	23138	1	0.000747
23245	23612	1	0.000747
23245	23659	3	0.002240
23245	23149	1	0.000747
23245	22994	1	0.000747
23245	23025	1	0.000747
23245	23571	5	0.003734
23245	23157	1	0.000747
23245	23802	1	0.000747
23245	23293	1	0.000747
23246	23624	2	0.002670
23246	23371	4	0.005340
23248	23457	14	0.933333
23248	23338	4	0.266667
23250	23003	1	0.009091
23250	23039	1	0.009091
23251	23554	1	0.027778
23251	23400	4	0.111111
23251	23369	1	0.027778
23251	23658	1	0.027778
23251	23468	1	0.027778
23251	23122	1	0.027778
23251	23728	1	0.027778
23251	22984	1	0.027778
23251	22994	1	0.027778
23251	23157	1	0.027778
23251	23415	1	0.027778
23251	23711	1	0.027778
23251	23548	1	0.027778
23251	23453	3	0.083333
23251	23039	1	0.027778
23252	23795	1	0.001473
23252	23658	1	0.001473
23252	23371	1	0.001473
23252	22990	2	0.002946
23252	23571	1	0.001473
23252	23418	2	0.002946
23252	23709	7	0.010309
23253	23458	13	0.590909
23253	23659	14	0.636364
23253	22990	1	0.045455
23253	22994	7	0.318182
23253	23354	1	0.045455
23253	23039	80	3.636364
23255	23146	8	0.030888
23255	23039	2	0.007722
23259	23400	6	0.017751
23259	23658	338	1.000000
23259	23039	3	0.008876
23260	23457	28	0.965517
23262	23396	2	0.019608
23262	23658	102	1.000000
23262	23659	98	0.960784
23262	23468	3	0.029412
23262	23253	204	2.000000
23262	23354	4	0.039216
23262	23453	111	1.088235
23264	23360	45	0.523256
23264	23403	15	0.174419
23267	23425	1	0.007692
23267	23810	261	2.007692
23267	23301	1	0.007692
23267	23560	1	0.007692
23267	23562	1	0.007692
23267	23436	1	0.007692
23267	23298	1	0.007692
23267	23769	130	1.000000
23267	23064	1	0.007692
23267	23070	1	0.007692
23267	23081	1	0.007692
23267	23338	130	1.000000
23267	23084	1	0.007692
23267	23728	130	1.000000
23267	23605	1	0.007692
23267	23606	1	0.007692
23267	23735	1	0.007692
23267	23352	1	0.007692
23267	23481	1	0.007692
23267	23738	1	0.007692
23267	22971	130	1.000000
23267	22974	1	0.007692
23267	23743	130	1.000000
23267	23238	1	0.007692
23267	23243	1	0.007692
23267	23628	1	0.007692
23267	23758	1	0.007692
23267	23375	1	0.007692
23267	23736	1	0.007692
23267	23122	130	1.000000
23267	23125	1	0.007692
23267	22999	1	0.007692
23267	23641	1	0.007692
23267	23258	1	0.007692
23267	23777	1	0.007692
23267	23012	1	0.007692
23267	23014	1	0.007692
23267	23272	1	0.007692
23267	23036	1	0.007692
23267	23789	1	0.007692
23267	23023	1	0.007692
23267	23155	1	0.007692
23267	23615	1	0.007692
23267	23292	1	0.007692
23267	23594	1	0.007692
23267	23039	130	1.000000
23268	22997	1	0.008197
23268	23658	5	0.040984
23268	23403	2	0.016393
23268	23629	2	0.016393
23268	23630	1	0.008197
23268	23253	1	0.008197
23268	22994	9	0.073770
23268	23604	1	0.008197
23268	22990	1	0.008197
23268	23127	4	0.032787
23268	23354	1	0.008197
23268	23453	3	0.024590
23268	23039	121	0.991803
23271	23338	2	0.100000
23272	23328	1	0.000585
23272	23108	24	0.014052
23272	23174	1	0.000585
23272	23400	2	0.001171
23272	23081	1	0.000585
23272	23338	2	0.001171
23272	23468	4	0.002342
23272	23502	1	0.000585
23272	23728	3	0.001756
23272	23624	1	0.000585
23272	22994	5	0.002927
23272	23571	1	0.000585
23272	23319	1	0.000585
23272	23418	1	0.000585
23272	23112	1	0.000585
23272	23039	13	0.007611
23273	23553	1	0.014925
23273	23559	1	0.014925
23273	23181	1	0.014925
23273	23438	14	0.208955
23273	23445	1	0.014925
23273	23707	2	0.029851
23273	23453	1	0.014925
23273	23331	1	0.014925
23273	23081	6	0.089552
23273	23338	14	0.208955
23273	23728	5	0.074627
23273	23624	2	0.029851
23273	23604	1	0.014925
23273	23487	1	0.014925
23273	23360	1	0.014925
23273	23108	2	0.029851
23273	23622	1	0.014925
23273	22984	1	0.014925
23273	23371	1	0.014925
23273	22994	1	0.014925
23273	23253	1	0.014925
23273	23127	1	0.014925
23273	23135	1	0.014925
23273	23654	1	0.014925
23273	23400	1	0.014925
23273	23658	2	0.029851
23273	23659	1	0.014925
23273	23122	1	0.014925
23273	23662	13	0.194030
23273	23528	1	0.014925
23273	23039	3	0.044776
23275	23553	7	0.026820
23275	23338	1	0.003831
23275	23728	4	0.015326
23275	23761	106	0.406130
23275	23704	682	2.613027
23275	23039	175	0.670498
23276	23352	54	0.981818
23277	23127	10	0.051813
23279	23013	2	1.000000
23281	23553	12	0.005674
23281	23695	2	0.000946
23281	23449	4	0.001891
23281	23453	1	0.000473
23281	23583	9	0.004255
23281	23338	1	0.000473
23281	23468	2	0.000946
23281	23709	2	0.000946
23281	23350	59	0.027896
23281	23355	3	0.001418
23281	23243	16	0.007565
23281	23108	5	0.002364
23281	23624	2	0.000946
23281	23371	1	0.000473
23281	23629	1	0.000473
23281	23761	2	0.000946
23281	23251	3	0.001418
23281	23769	8	0.003783
23281	23795	36	0.017021
23281	23799	7	0.003310
23281	23806	11	0.005201
23281	23039	4	0.001891
23284	23488	95	0.066667
23284	23554	5	0.003509
23284	23396	13	0.009123
23284	23108	20	0.014035
23284	23112	2	0.001404
23284	23658	1	0.000702
23284	23659	1	0.000702
23284	23468	1	0.000702
23284	23437	10	0.007018
23284	23482	7	0.004912
23284	23728	1	0.000702
23284	23400	2	0.001404
23284	23445	1	0.000702
23284	23224	2	0.001404
23284	23769	1	0.000702
23284	23135	2	0.001404
23284	23039	1	0.000702
23284	23453	2	0.001404
23284	23487	2	0.001404
23290	23371	361	0.672253
23292	23296	1	0.002075
23292	23553	1	0.002075
23292	23413	2	0.004149
23292	23453	1	0.002075
23292	23081	1	0.002075
23292	23338	2	0.004149
23292	23468	21	0.043568
23292	23069	6	0.012448
23292	23728	2	0.004149
23292	23480	2	0.004149
23292	22971	3	0.006224
23292	23487	1	0.002075
23292	23360	2	0.004149
23292	23108	115	0.238589
23292	23622	2	0.004149
23292	23112	1	0.002075
23292	22990	2	0.004149
23292	23122	2	0.004149
23292	23253	5	0.010373
23292	23642	14	0.029046
23292	23519	4	0.008299
23292	23137	2	0.004149
23292	23400	1	0.002075
23292	23658	7	0.014523
23292	22994	1	0.002075
23292	23669	2	0.004149
23292	23548	1	0.002075
23292	23805	2	0.004149
23292	23166	5	0.010373
23292	23039	19	0.039419
23293	23641	22	0.666667
23293	23039	22	0.666667
23294	23595	1	0.004608
23296	23658	69	1.000000
23296	23039	1	0.014493
23296	23468	3	0.043478
23296	23143	2	0.028986
23298	23360	6	0.018127
23298	23760	6	0.018127
23298	23108	5	0.015106
23298	22994	4	0.012085
23298	23728	10	0.030211
23298	23122	2	0.006042
23298	23127	3	0.009063
23298	22971	2	0.006042
23298	23453	3	0.009063
23298	23039	2	0.006042
23299	23589	32	0.653061
23300	23328	10	0.013333
23300	23553	1	0.001333
23300	23362	11	0.014667
23300	23707	1	0.001333
23300	23108	4	0.005333
23300	23041	1	0.001333
23300	23594	7	0.009333
23300	23403	2	0.002667
23300	23468	1	0.001333
23300	23554	10	0.013333
23300	22990	6	0.008000
23300	23728	3	0.004000
23300	23760	2	0.002667
23300	22993	1	0.001333
23300	22994	1	0.001333
23300	23360	2	0.002667
23300	23039	2	0.002667
23300	23224	1	0.001333
23300	23487	2	0.002667
23300	23135	3	0.004000
23301	23553	1	0.001202
23301	23066	4	0.004808
23301	23328	1	0.001202
23301	23472	1	0.001202
23301	23077	2	0.002404
23301	23081	4	0.004808
23301	23725	4	0.004808
23301	23086	5	0.006010
23301	23728	4	0.004808
23301	23482	5	0.006010
23301	23743	3	0.003606
23301	23360	2	0.002404
23301	23108	60	0.072115
23301	23624	1	0.001202
23301	23243	1	0.001202
23301	22990	2	0.002404
23301	23761	1	0.001202
23301	22994	30	0.036058
23301	23252	5	0.006010
23301	23253	1	0.001202
23301	23381	1	0.001202
23301	23769	2	0.002404
23301	23132	5	0.006010
23301	23354	1	0.001202
23301	23135	1	0.001202
23301	23659	9	0.010817
23301	23487	1	0.001202
23301	23039	35	0.042067
23303	23205	1	0.002762
23303	23519	2	0.005525
23303	23563	2	0.005525
23303	23797	5	0.013812
23303	22971	2	0.005525
23303	23231	1	0.002762
23305	23795	1	0.012048
23305	23400	2	0.024096
23305	23468	62	0.746988
23305	23728	1	0.012048
23305	23251	1	0.012048
23305	23700	2	0.024096
23305	23157	1	0.012048
23305	23039	2	0.024096
23305	23487	1	0.012048
23307	23108	266	1.000000
23307	23658	266	1.000000
23307	23227	266	1.000000
23307	23604	266	1.000000
23307	23039	266	1.000000
23308	23554	17	0.035491
23308	23108	5	0.010438
23308	23654	2	0.004175
23308	22984	1	0.002088
23308	23657	2	0.004175
23308	22986	144	0.300626
23308	23115	13	0.027140
23308	23468	3	0.006263
23308	22990	10	0.020877
23308	23728	1	0.002088
23308	23624	1	0.002088
23308	22994	5	0.010438
23308	23673	1	0.002088
23308	23135	2	0.004175
23308	23487	5	0.010438
23308	23338	6	0.012526
23308	23039	11	0.022965
23310	23658	31	1.000000
23314	23056	911	0.893137
23314	23137	1823	1.787255
23314	23618	21	0.020588
23314	23371	3	0.002941
23317	23785	1	0.017544
23319	23728	3	0.750000
23319	23658	3	0.750000
23319	23039	133	33.250000
23320	23597	1	0.035714
23322	23658	1	0.002857
23322	23331	3	0.008571
23322	23108	5	0.014286
23322	23659	4	0.011429
23322	23663	2	0.005714
23325	23769	5	0.416667
23325	23202	3	0.250000
23325	23252	2	0.166667
23325	23597	3	0.250000
23325	23351	3	0.250000
23328	23169	1	0.000218
23328	23300	6	0.001310
23328	23685	1	0.000218
23328	23553	1	0.000218
23328	23306	1	0.000218
23328	23693	2	0.000437
23328	23445	1	0.000218
23328	23453	1	0.000218
23328	23338	2	0.000437
23328	23468	9	0.001965
23328	23709	31	0.006769
23328	23752	1	0.000218
23328	23604	3	0.000655
23328	23616	1	0.000218
23328	23362	1	0.000218
23328	23371	4	0.000873
23328	23108	5	0.001092
23328	23494	1	0.000218
23328	23624	12	0.002620
23328	23115	6	0.001310
23328	23630	184	0.040175
23328	23181	3	0.000655
23328	22994	2	0.000437
23328	22990	2	0.000437
23328	23769	2	0.000437
23328	23658	30	0.006550
23328	23662	1	0.000218
23328	23795	1	0.000218
23328	23413	1	0.000218
23328	23418	1	0.000218
23328	23039	86	0.018777
23329	23553	1	0.029412
23329	23108	1	0.029412
23329	23487	1	0.029412
23329	22984	45	1.323529
23329	23468	1	0.029412
23329	23112	1	0.029412
23329	23122	2	0.058824
23329	23604	1	0.029412
23329	23705	1	0.029412
23329	23135	1	0.029412
23329	23707	1	0.029412
23329	23453	1	0.029412
23329	23039	3	0.088235
23330	23338	3	0.004071
23330	23795	2	0.002714
23330	23005	4	0.005427
23330	23454	2	0.002714
23331	23769	1	0.006173
23331	23458	54	0.333333
23331	23231	3	0.018519
23331	23658	7	0.043210
23331	23039	161	0.993827
23332	23329	1	0.004739
23332	23810	7	0.033175
23332	23115	5	0.023697
23332	23108	2	0.009479
23332	23487	1	0.004739
23332	22984	2	0.009479
23332	23338	3	0.014218
23332	23371	2	0.009479
23332	23468	1	0.004739
23332	23437	14	0.066351
23332	23709	1	0.004739
23332	23504	1	0.004739
23332	23656	1	0.004739
23332	23122	1	0.004739
23332	23127	1	0.004739
23332	22971	1	0.004739
23332	23400	4	0.018957
23332	23134	1	0.004739
23332	23583	1	0.004739
23333	23360	9	0.126761
23333	23468	2	0.028169
23333	23403	7	0.098592
23333	23108	1	0.014085
23336	23245	32	1.000000
23338	23553	2	0.000449
23338	23554	4	0.000898
23338	23403	1	0.000224
23338	23301	1	0.000224
23338	23084	1	0.000224
23338	23562	1	0.000224
23338	23205	1	0.000224
23338	23571	3	0.000673
23338	23641	1	0.000224
23338	23453	4	0.000898
23338	23330	1	0.000224
23338	23717	1	0.000224
23338	23594	2	0.000449
23338	23595	5	0.001122
23338	23468	4	0.000898
23338	23728	2	0.000449
23338	23624	3	0.000673
23338	23091	1	0.000224
23338	23606	1	0.000224
23338	23352	1	0.000224
23338	23231	3	0.000673
23338	23360	4	0.000898
23338	22984	1	0.000224
23338	23436	1	0.000224
23338	23243	1	0.000224
23338	23628	1	0.000224
23338	23202	1	0.000224
23338	22994	5	0.001122
23338	23155	1	0.000224
23338	23769	3	0.000673
23338	23135	1	0.000224
23338	23012	1	0.000224
23338	23014	1	0.000224
23338	23272	1	0.000224
23338	23658	8	0.001796
23338	23659	4	0.000898
23338	23789	1	0.000224
23338	23023	2	0.000449
23338	23795	4	0.000898
23338	23157	4	0.000898
23338	23415	1	0.000224
23338	23615	1	0.000224
23338	23112	2	0.000449
23338	23039	8	0.001796
23339	23418	2	0.029851
23339	23371	1	0.014925
23339	23468	6	0.089552
23339	23342	1	0.014925
23339	23039	4	0.059701
23342	23616	2	1.000000
23342	23097	4	2.000000
23342	23338	2	1.000000
23342	23039	14	7.000000
23344	23115	1	0.018182
23348	23553	3	0.003027
23348	23810	3	0.003027
23348	23437	19	0.019173
23348	23439	1	0.001009
23348	23583	4	0.004036
23348	23331	1	0.001009
23348	23332	2	0.002018
23348	23082	1	0.001009
23348	22984	2	0.002018
23348	22969	1	0.001009
23348	23226	1	0.001009
23348	23108	10	0.010091
23348	23624	1	0.001009
23348	23115	1	0.001009
23348	22990	2	0.002018
23348	22994	3	0.003027
23348	23502	1	0.001009
23348	23769	7	0.007064
23348	23134	2	0.002018
23348	23656	1	0.001009
23348	23659	2	0.002018
23348	23795	2	0.002018
23348	23674	1	0.001009
23348	23039	1	0.001009
23348	23550	1	0.001009
23348	23253	1	0.001009
23350	23355	3	0.003132
23350	23108	1	0.001044
23350	23111	1	0.001044
23350	23127	1	0.001044
23350	23658	1	0.001044
23350	23243	949	0.990605
23350	23468	3	0.003132
23350	23795	16	0.016701
23350	23604	10	0.010438
23350	23607	3	0.003132
23350	23738	932	0.972860
23350	23231	20	0.020877
23350	23039	3	0.003132
23351	23205	2	0.003552
23351	23494	1	0.001776
23351	23181	2	0.003552
23351	22990	1	0.001776
23351	23795	2	0.003552
23351	23413	1	0.001776
23351	23418	2	0.003552
23351	23709	7	0.012433
23351	23454	1	0.001776
23351	23231	1	0.001776
23352	23328	1	0.002475
23352	23088	1	0.002475
23352	23108	4	0.009901
23352	23173	1	0.002475
23352	23081	3	0.007426
23352	22990	1	0.002475
23352	23728	7	0.017327
23352	22994	13	0.032178
23352	22969	1	0.002475
23352	23354	1	0.002475
23352	23039	4	0.009901
23352	23487	1	0.002475
23353	23810	1	0.019608
23354	23559	2	0.002878
23354	23468	5	0.007194
23354	23562	2	0.002878
23354	23436	2	0.002878
23354	23696	4	0.005755
23354	23064	2	0.002878
23354	23453	1	0.001439
23354	23070	2	0.002878
23354	23458	1	0.001439
23354	23081	2	0.002878
23354	23084	2	0.002878
23354	23728	9	0.012950
23354	23091	2	0.002878
23354	23735	2	0.002878
23354	23480	959	1.379856
23354	22974	2	0.002878
23354	23487	1	0.001439
23354	23360	7	0.010072
23354	23108	2	0.002878
23354	23243	2	0.002878
23354	22990	5	0.007194
23354	22994	1	0.001439
23354	23758	2	0.002878
23354	23519	1	0.001439
23354	23778	645	0.928058
23354	23016	2	0.002878
23354	23658	31	0.044604
23354	23659	2	0.002878
23354	23023	2	0.002878
23354	23272	2	0.002878
23354	23155	2	0.002878
23354	23039	2	0.002878
23354	23292	2	0.002878
23354	23253	3	0.004317
23355	23761	432	0.655539
23355	23418	1	0.001517
23355	23795	46	0.069803
23355	23709	301	0.456753
23355	23135	21	0.031866
23359	23371	1	0.142857
23360	23425	2	0.000685
23360	23300	2	0.000685
23360	23560	2	0.000685
23360	23468	10	0.003427
23360	23562	5	0.001714
23360	22999	2	0.000685
23360	23436	2	0.000685
23360	23439	2	0.000685
23360	23573	2	0.000685
23360	23064	7	0.002399
23360	23023	1	0.000343
23360	23076	1	0.000343
23360	23333	2100	0.719671
23360	23082	2	0.000685
23360	23084	12	0.004112
23360	23214	2	0.000685
23360	23599	2	0.000685
23360	23728	3	0.001028
23360	23348	2	0.000685
23360	23606	2	0.000685
23360	22969	2	0.000685
23360	23226	2	0.000685
23360	22974	5	0.001714
23360	23615	2	0.000685
23360	23238	2	0.000685
23360	23210	2	0.000685
23360	22984	4	0.001371
23360	23243	5	0.001714
23360	23758	7	0.002399
23360	22990	1	0.000343
23360	23481	4	0.001371
23360	23772	2	0.000685
23360	23354	1	0.000343
23360	23134	2	0.000685
23360	23403	7	0.002399
23360	23791	2	0.000685
23360	23292	3	0.001028
23360	23165	2	0.000685
23360	23294	2	0.000685
23360	23039	3	0.001028
23362	23328	5	0.010288
23362	23360	2	0.004115
23362	23371	234	0.481481
23362	23115	1	0.002058
23362	23468	4	0.008230
23362	23728	10	0.020576
23362	22994	8	0.016461
23362	23709	2	0.004115
23363	23112	1	0.003185
23363	23488	1	0.003185
23367	23616	2	0.004396
23367	23553	1	0.002198
23367	23559	2	0.004396
23367	23453	2	0.004396
23367	23070	1	0.002198
23367	23333	3	0.006593
23367	23338	15	0.032967
23367	23468	34	0.074725
23367	23728	11	0.024176
23367	23097	3	0.006593
23367	22971	1	0.002198
23367	23487	1	0.002198
23367	23360	8	0.017582
23367	23108	7	0.015385
23367	23633	1	0.002198
23367	23122	6	0.013187
23367	23251	1	0.002198
23367	23253	5	0.010989
23367	23769	2	0.004396
23367	23396	11	0.024176
23367	23400	12	0.026374
23367	23658	3	0.006593
23367	23403	4	0.008791
23367	23039	26	0.057143
23369	23400	7	0.076923
23369	23251	1	0.010989
23369	23795	1	0.010989
23370	23371	3	0.010714
23371	23232	1	0.000554
23371	23554	6	0.003322
23371	23659	2	0.001107
23371	23553	12	0.006645
23371	23169	2	0.001107
23371	23596	1	0.000554
23371	23426	1	0.000554
23371	23571	6	0.003322
23371	23022	3	0.001661
23371	23705	2	0.001107
23371	23578	2	0.001107
23371	23709	16	0.008859
23371	23455	4	0.002215
23371	23456	1	0.000554
23371	23202	2	0.001107
23371	23076	2	0.001107
23371	23333	5	0.002769
23371	23601	2	0.001107
23371	23593	1	0.000554
23371	23338	7	0.003876
23371	23559	8	0.004430
23371	23468	5926	3.281285
23371	23453	9	0.004983
23371	23728	14819	8.205426
23371	23624	17	0.009413
23371	23604	2	0.001107
23371	23351	2	0.001107
23371	23480	4	0.002215
23371	23097	4	0.002215
23371	23354	2	0.001107
23371	23355	2	0.001107
23371	23484	15	0.008306
23371	23231	103	0.057032
23371	23360	2962	1.640089
23371	23328	187	0.103544
23371	23108	18	0.009967
23371	23112	39	0.021595
23371	23369	1	0.000554
23371	23115	1478	0.818383
23371	22988	6	0.003322
23371	23630	2	0.001107
23371	22993	2	0.001107
23371	22994	9	0.004983
23371	23251	1	0.000554
23371	23252	2	0.001107
23371	22990	1	0.000554
23371	23127	4	0.002215
23371	23445	2	0.001107
23371	23717	6	0.003322
23371	23135	49	0.027132
23371	22971	1	0.000554
23371	23399	1	0.000554
23371	23616	2	0.001107
23371	23658	18	0.009967
23371	23403	1	0.000554
23371	23534	44	0.024363
23371	23400	2	0.001107
23371	23795	10	0.005537
23371	23669	5	0.002769
23371	23032	2	0.001107
23371	23418	37	0.020487
23371	23803	1	0.000554
23371	23655	2	0.001107
23371	23039	30	0.016611
23373	23693	1	0.006289
23373	23728	1	0.006289
23373	23659	1	0.006289
23373	23709	2	0.012579
23373	23205	2	0.012579
23375	23520	3	0.007444
23375	22971	1	0.002481
23375	23108	1	0.002481
23375	23081	1	0.002481
23375	23125	1	0.002481
23375	23122	1	0.002481
23375	23396	1	0.002481
23375	23413	1	0.002481
23375	23769	2	0.004963
23375	23418	1	0.002481
23375	23039	15	0.037221
23375	23357	1	0.002481
23375	23135	2	0.004963
23376	23571	5	0.000691
23376	23360	1	0.000138
23376	23108	4	0.000553
23376	23717	1	0.000138
23376	23617	1	0.000138
23376	23624	2	0.000276
23376	23338	3	0.000415
23376	23659	1	0.000138
23376	23112	1	0.000138
23376	23795	1	0.000138
23376	23769	4	0.000553
23376	23354	1	0.000138
23376	23658	1	0.000138
23376	23231	1	0.000138
23377	23623	2	0.005376
23377	23338	1	0.002688
23377	23758	4	0.010753
23377	22994	1	0.002688
23377	23636	2	0.005376
23377	23231	2	0.005376
23377	23132	4	0.010753
23377	23135	1	0.002688
23380	23457	23	0.958333
23380	23338	4	0.166667
23380	23511	1	0.041667
23381	23328	1	0.000733
23381	23523	1	0.000733
23381	23624	2	0.001465
23381	23371	450	0.329670
23381	23597	2	0.001465
23381	23761	5	0.003663
23381	23571	1	0.000733
23381	23066	1	0.000733
23381	23707	1	0.000733
23381	23418	1	0.000733
23381	23112	1	0.000733
23385	23752	20	10.000000
23388	23108	1	0.011765
23388	23338	1	0.011765
23388	23245	84	0.988235
23388	23570	2	0.023529
23388	23640	1	0.011765
23388	23358	1	0.011765
23390	23173	9	0.021951
23390	23111	1	0.002439
23390	22984	11	0.026829
23390	23659	1	0.002439
23390	23695	1	0.002439
23390	22994	1	0.002439
23390	23155	2	0.004878
23390	23230	1	0.002439
23390	23454	1	0.002439
23390	23135	1	0.002439
23392	23315	20	0.333333
23392	23084	1	0.016667
23399	23328	1	0.000579
23399	23745	3	0.001736
23399	22993	1	0.000579
23399	23624	1	0.000579
23399	23371	1	0.000579
23399	23695	1	0.000579
23399	23688	1	0.000579
23399	23795	1	0.000579
23399	23445	2	0.001157
23399	23571	1	0.000579
23399	23481	2	0.001157
23399	23418	1	0.000579
23399	23197	1	0.000579
23399	23112	1	0.000579
23400	23553	1	0.000015
23400	23011	1	0.000015
23400	23658	67097	1.000075
23400	23115	1	0.000015
23400	23468	4	0.000060
23400	22994	4	0.000060
23400	23251	38	0.000566
23400	23453	1	0.000015
23400	23039	6	0.000089
23401	23658	1	0.062500
23402	23553	2	0.001597
23402	23554	1	0.000799
23402	23559	1	0.000799
23402	23658	1	0.000799
23402	23563	5	0.003994
23402	23150	1	0.000799
23402	23351	1	0.000799
23402	23769	1	0.000799
23402	23418	2	0.001597
23402	23231	2	0.001597
23402	23338	1	0.000799
23402	23135	6	0.004792
23403	23360	8	0.010127
23403	23569	2	0.002532
23403	23468	19	0.024051
23403	23269	2	0.002532
23405	23338	1	0.003472
23405	23670	3	0.010417
23405	23391	1	0.003472
23406	23648	1	0.022222
23406	23108	1	0.022222
23406	23338	1	0.022222
23406	23728	1	0.022222
23406	22994	1	0.022222
23406	23039	2	0.044444
23408	23583	1	0.022222
23410	23494	1	0.040000
23410	23661	1	0.040000
23410	23693	1	0.040000
23410	22994	1	0.040000
23410	23571	1	0.040000
23410	23604	3	0.120000
23410	23445	3	0.120000
23415	23553	2	0.005634
23415	23108	3	0.008451
23415	23400	8	0.022535
23415	23468	124	0.349296
23415	22994	4	0.011268
23415	23251	20	0.056338
23415	23487	4	0.011268
23416	23418	2	0.007692
23418	23468	1	0.000399
23418	23693	1	0.000399
23418	23695	1	0.000399
23418	23709	24	0.009585
23418	23338	1	0.000399
23418	23596	2	0.000799
23418	23728	1	0.000399
23418	23091	5	0.001997
23418	23348	1	0.000399
23418	23617	2	0.000799
23418	23108	2	0.000799
23418	23494	6	0.002396
23418	23624	1	0.000399
23418	23371	25	0.009984
23418	22990	1	0.000399
23418	23630	10	0.003994
23418	23004	2	0.000799
23418	23135	3	0.001198
23418	23396	1	0.000399
23418	23658	11	0.004393
23418	23659	1	0.000399
23418	23795	1	0.000399
23418	23039	1	0.000399
23419	23553	2	0.001586
23419	23554	876	0.694687
23419	23301	1	0.000793
23419	23559	33	0.026170
23419	23052	32	0.025377
23419	23055	8	0.006344
23419	23238	1	0.000793
23419	23570	1	0.000793
23419	23709	26	0.020619
23419	23328	2	0.001586
23419	23330	2	0.001586
23419	23588	1	0.000793
23419	23205	21	0.016653
23419	23081	4	0.003172
23419	23595	3	0.002379
23419	23468	4	0.003172
23419	23453	30	0.023791
23419	23728	2	0.001586
23419	23604	6	0.004758
23419	23224	3	0.002379
23419	23231	9	0.007137
23419	23108	18	0.014274
23419	23622	2	0.001586
23419	23112	1	0.000793
23419	23373	16	0.012688
23419	23630	1	0.000793
23419	22993	3	0.002379
23419	23509	1	0.000793
23419	23135	292	0.231562
23419	23776	12	0.009516
23419	23649	6	0.004758
23419	23658	1256	0.996035
23419	23023	1	0.000793
23419	23795	6	0.004758
23419	23157	1	0.000793
23419	23549	1	0.000793
23419	23039	1259	0.998414
23422	23272	2	0.007220
23422	23371	25	0.090253
23422	23174	4	0.014440
23423	22994	2	0.025641
23423	23709	1	0.012821
23423	23039	1	0.012821
23424	23088	208	2.019417
23424	23352	105	1.019417
23424	23553	1	0.009709
23424	23041	104	1.009709
23425	23687	1	0.002237
23425	23081	16	0.035794
23425	23039	1	0.002237
23425	23482	1	0.002237
23425	22971	1	0.002237
23425	23487	1	0.002237
23426	23076	2	0.003322
23426	23111	1	0.001661
23426	23338	1	0.001661
23426	23371	4	0.006645
23426	23468	6	0.009967
23426	23709	1	0.001661
23426	22994	1	0.001661
23426	23453	6	0.009967
23434	23330	1	0.003571
23434	23400	2	0.007143
23434	23305	1	0.003571
23434	23369	1	0.003571
23434	23700	1	0.003571
23434	23415	1	0.003571
23434	23005	1	0.003571
23434	23711	1	0.003571
23436	23360	2	0.002946
23436	23425	2	0.002946
23436	23659	1	0.001473
23436	23108	25	0.036819
23436	23173	1	0.001473
23436	23238	4	0.005891
23436	23413	2	0.002946
23436	23403	2	0.002946
23436	23122	1	0.001473
23436	22990	12	0.017673
23436	23728	8	0.011782
23436	23481	2	0.002946
23436	22994	45	0.066274
23436	23251	3	0.004418
23436	23470	2	0.002946
23436	23155	1	0.001473
23436	23095	6	0.008837
23436	23769	2	0.002946
23436	23669	2	0.002946
23436	23735	1	0.001473
23436	23039	15	0.022091
23437	23553	15	0.013181
23437	23810	10	0.008787
23437	23693	2	0.001757
23437	23439	7	0.006151
23437	23445	2	0.001757
23437	23329	1	0.000879
23437	23554	2	0.001757
23437	23076	1	0.000879
23437	23082	4	0.003515
23437	23595	8	0.007030
23437	23214	4	0.003515
23437	23348	14	0.012302
23437	22969	2	0.001757
23437	23482	1	0.000879
23437	22974	8	0.007030
23437	23363	4	0.003515
23437	23111	1	0.000879
23437	22984	2	0.001757
23437	23114	4	0.003515
23437	23338	2	0.001757
23437	23506	3	0.002636
23437	23251	1	0.000879
23437	23332	5	0.004394
23437	23226	6	0.005272
23437	23134	7	0.006151
23437	23656	6	0.005272
23437	23658	3	0.002636
23437	22994	3	0.002636
23437	23023	7	0.006151
23437	23284	5	0.004394
23437	23674	5	0.004394
23437	23165	7	0.006151
23438	23108	7	0.024911
23438	23371	1	0.003559
23438	23604	12	0.042705
23438	23597	1	0.003559
23439	23108	9	0.005205
23439	23783	2	0.001157
23439	23656	1	0.000578
23439	23338	1	0.000578
23439	23659	2	0.001157
23439	23437	7	0.004049
23439	22990	2	0.001157
23439	22994	2	0.001157
23439	23332	1	0.000578
23439	23226	1	0.000578
23439	23134	1	0.000578
23439	23583	1	0.000578
23441	23593	19	1.000000
23444	23371	37	0.948718
23445	23810	1	0.000798
23445	23693	1	0.000798
23445	23709	20	0.015962
23445	23338	1	0.000798
23445	23468	3	0.002394
23445	23728	1	0.000798
23445	23624	1	0.000798
23445	23348	1	0.000798
23445	23224	1	0.000798
23445	23604	2	0.001596
23445	23115	9	0.007183
23445	23108	4	0.003192
23445	23112	1294	1.032721
23445	23371	1	0.000798
23445	22990	7	0.005587
23445	23181	2	0.001596
23445	22994	2	0.001596
23445	23630	34	0.027135
23445	23776	1	0.000798
23445	23437	1	0.000798
23445	23658	22	0.017558
23445	23795	1	0.000798
23446	23709	3	0.011905
23449	23617	1	0.020000
23449	23108	6	0.120000
23449	23624	3	0.060000
23449	23338	2	0.040000
23449	23799	1	0.020000
23449	23468	50	1.000000
23449	23795	1	0.020000
23449	22998	1	0.020000
23449	23607	1	0.020000
23449	23738	1	0.020000
23449	23039	1	0.020000
23452	23328	1	0.002611
23452	23777	1	0.002611
23452	23624	1	0.002611
23452	23468	1	0.002611
23452	23112	1	0.002611
23452	23795	2	0.005222
23452	23571	1	0.002611
23452	23418	1	0.002611
23452	23709	2	0.005222
23453	23169	1	0.003378
23453	23403	1	0.003378
23453	23396	1	0.003378
23453	23244	1	0.003378
23453	23658	301	1.016892
23453	23531	2	0.006757
23453	23052	1	0.003378
23453	23630	3	0.010135
23453	23728	1	0.003378
23453	23792	1	0.003378
23453	23697	1	0.003378
23453	22994	3	0.010135
23453	23251	22	0.074324
23453	23157	2	0.006757
23453	23670	1	0.003378
23453	23224	1	0.003378
23453	23711	1	0.003378
23453	23338	3	0.010135
23453	23039	6	0.020270
23454	23330	2	0.001275
23454	23494	4	0.002549
23454	23795	1	0.000637
23454	23624	1	0.000637
23454	22994	2	0.001275
23454	23410	3	0.001912
23454	23571	1	0.000637
23454	23445	1	0.000637
23454	23224	1	0.000637
23454	23709	1105	0.704270
23454	23039	1	0.000637
23455	23115	108	1.173913
23455	23785	1	0.010870
23455	23371	4	0.043478
23455	23468	7	0.076087
23455	23728	2	0.021739
23455	23604	2	0.021739
23455	23413	2	0.021739
23455	23039	2	0.021739
23456	23371	1	0.014706
23456	23115	1	0.014706
23456	23683	71	1.044118
23457	23810	2	0.009434
23457	23180	1	0.004717
23457	23693	1	0.004717
23457	23571	1	0.004717
23457	23452	1	0.004717
23457	23709	5	0.023585
23457	23583	2	0.009434
23457	23328	1	0.004717
23457	23202	1	0.004717
23457	23076	1	0.004717
23457	23338	1	0.004717
23457	23728	5	0.023585
23457	23112	1	0.004717
23457	23604	1	0.004717
23457	23484	1	0.004717
23457	23231	1	0.004717
23457	23360	2	0.009434
23457	23108	2	0.009434
23457	23111	3	0.014151
23457	23624	5	0.023585
23457	23371	1	0.004717
23457	23245	1	0.004717
23457	23376	1	0.004717
23457	22993	1	0.004717
23457	22994	1	0.004717
23457	23135	1	0.004717
23457	23403	1	0.004717
23457	23795	3	0.014151
23457	23413	1	0.004717
23457	23418	1	0.004717
23457	23039	1	0.004717
23459	23685	1	0.001272
23459	23659	1	0.001272
23459	23468	1	0.001272
23459	23728	1	0.001272
23459	23604	1	0.001272
23459	23707	1	0.001272
23459	23453	1	0.001272
23460	23371	11	0.066667
23463	23624	51	0.662338
23466	23624	2	0.003922
23466	23086	348	0.682353
23466	23583	1	0.001961
23467	23371	3	0.004121
23467	23624	1	0.001374
23467	23243	6	0.008242
23467	22994	2	0.002747
23467	23795	4	0.005495
23467	23769	3	0.004121
23467	23709	3	0.004121
23467	23039	3	0.004121
23468	23616	4056	1.001234
23468	23097	8648	2.134782
23468	23338	4092	1.010121
23468	23039	30056	7.419403
23470	23709	1	0.002326
23470	22990	1	0.002326
23472	23371	1	0.001786
23472	23181	1	0.001786
23474	23112	2	0.026316
23474	23338	3	0.039474
23474	23371	1	0.013158
23474	23440	6	0.078947
23474	23769	3	0.039474
23474	23231	1	0.013158
23474	23039	2	0.026316
23476	22994	4	0.033898
23476	23724	1	0.008475
23476	22981	1	0.008475
23476	23494	3	0.025424
23476	23693	1	0.008475
23477	23371	1	0.062500
23478	23328	1	0.000410
23478	23108	1	0.000410
23478	23015	2	0.000821
23478	23624	1	0.000410
23478	22990	1	0.000410
23478	23112	1	0.000410
23478	23795	2	0.000821
23478	23062	2	0.000821
23478	23571	1	0.000410
23478	23418	2	0.000821
23478	23709	3	0.001231
23478	23039	1	0.000410
23480	23553	2	0.002628
23480	23559	2	0.002628
23480	23468	7	0.009198
23480	23562	2	0.002628
23480	23436	2	0.002628
23480	23696	4	0.005256
23480	23064	2	0.002628
23480	23453	1	0.001314
23480	23070	2	0.002628
23480	23458	1	0.001314
23480	23081	2	0.002628
23480	23084	2	0.002628
23480	23728	9	0.011827
23480	23091	2	0.002628
23480	23735	2	0.002628
23480	23354	21	0.027595
23480	22974	2	0.002628
23480	23487	1	0.001314
23480	23360	7	0.009198
23480	23108	2	0.002628
23480	23243	2	0.002628
23480	22990	5	0.006570
23480	22994	1	0.001314
23480	23758	2	0.002628
23480	23519	1	0.001314
23480	23778	718	0.943495
23480	23272	2	0.002628
23480	23658	23	0.030223
23480	23659	2	0.002628
23480	23023	2	0.002628
23480	23016	2	0.002628
23480	23155	2	0.002628
23480	23039	2	0.002628
23480	23292	2	0.002628
23480	23253	3	0.003942
23482	23658	1	0.006993
23482	23437	1	0.006993
23482	23728	140	0.979021
23482	22994	129	0.902098
23482	23604	2	0.013986
23482	23039	8	0.055944
23484	23039	62	0.984127
23486	23371	1	0.010638
23486	23493	1	0.010638
23487	23553	4	0.117647
23487	23108	2	0.058824
23487	23717	32	0.941176
23487	23658	1	0.029412
23487	23659	1	0.029412
23487	23468	2	0.058824
23487	22990	1	0.029412
23487	22994	2	0.058824
23487	23039	36	1.058824
23488	23363	1	0.012048
23488	22994	1	0.012048
23488	23284	1	0.012048
23488	22971	1	0.012048
23488	22974	1	0.012048
23488	23039	1	0.012048
23490	23650	27	0.613636
23491	22994	30	0.909091
23491	23127	30	0.909091
23491	23396	38	1.151515
23491	23453	3	0.090909
23491	23413	30	0.909091
23492	23468	339	6.277778
23494	23360	2	0.028986
23494	23233	1	0.014493
23494	22981	1	0.014493
23494	23169	1	0.014493
23494	23693	1	0.014493
23494	22994	1	0.014493
23494	23453	1	0.014493
23494	23039	14	0.202899
23496	23444	1	0.022727
23498	23553	4	0.061538
23498	23659	1	0.015385
23498	23438	1	0.015385
23498	23811	1	0.015385
23498	23068	2	0.030769
23498	23709	1	0.015385
23498	23454	1	0.015385
23498	23338	8	0.123077
23498	23468	1	0.015385
23498	23597	1	0.015385
23498	23728	2	0.030769
23498	23112	1	0.015385
23498	23604	3	0.046154
23498	23231	1	0.015385
23498	23360	2	0.030769
23498	23108	4	0.061538
23498	23624	1	0.015385
23498	22990	1	0.015385
23498	22993	1	0.015385
23498	22994	4	0.061538
23498	23396	1	0.015385
23498	23658	1	0.015385
23498	23403	2	0.030769
23498	23660	1	0.015385
23498	23795	1	0.015385
23498	23034	2	0.030769
23498	23036	9	0.138462
23498	23039	1	0.015385
23499	23701	2	0.066667
23499	23231	2	0.066667
23500	23081	1	0.006536
23502	23777	1	0.047619
23502	23654	1	0.047619
23502	23795	1	0.047619
23502	23400	2	0.095238
23502	23292	1	0.047619
23502	23272	1	0.047619
23502	22994	1	0.047619
23502	23251	1	0.047619
23502	23155	1	0.047619
23502	23081	1	0.047619
23502	23352	1	0.047619
23502	23738	1	0.047619
23502	23036	1	0.047619
23503	23658	26	0.962963
23503	23468	1	0.037037
23503	23039	242	8.962963
23504	23332	1	0.001786
23504	23656	1	0.001786
23504	23785	2	0.003571
23504	23082	1	0.001786
23504	23371	1	0.001786
23504	23468	1	0.001786
23504	23118	1	0.001786
23504	23439	1	0.001786
23504	23348	1	0.001786
23504	23674	1	0.001786
23504	22969	1	0.001786
23504	23226	1	0.001786
23504	23453	2	0.003571
23504	23134	1	0.001786
23504	23583	1	0.001786
23506	23360	6	0.015113
23506	23810	5	0.012594
23506	23108	4	0.010076
23506	23338	2	0.005038
23506	23595	4	0.010076
23506	22990	1	0.002519
23506	23023	17	0.042821
23506	22994	1	0.002519
23506	23135	3	0.007557
23506	23583	10	0.025189
23506	22974	1	0.002519
23506	23039	7	0.017632
23507	23108	17	1.000000
23507	23039	34	2.000000
23509	22978	1	0.020000
23509	23108	1	0.020000
23509	22984	3	0.060000
23509	23115	1	0.020000
23509	23468	3	0.060000
23509	22994	1	0.020000
23509	23736	4	0.080000
23509	23039	3	0.060000
23509	23487	1	0.020000
23511	23457	32	0.969697
23511	23338	8	0.242424
23511	23110	1	0.030303
23512	23453	36	1.000000
23512	23669	2	0.055556
23513	23658	125	1.000000
23513	23659	27	0.216000
23513	23453	125	1.000000
23513	22994	2	0.016000
23513	23253	251	2.008000
23513	23338	1	0.008000
23513	23039	2	0.016000
23517	23692	1	0.062500
23517	23108	14	0.875000
23517	23367	14	0.875000
23519	22994	3	1.000000
23519	23039	24	8.000000
23521	23371	1	0.040000
23523	23553	1	0.015625
23523	23394	1	0.015625
23523	23108	3	0.046875
23523	23559	1	0.015625
23523	23338	1	0.015625
23523	22994	1	0.015625
23523	23604	1	0.015625
23523	23413	1	0.015625
23523	23127	1	0.015625
23523	23396	1	0.015625
23523	23658	1	0.015625
23523	23039	1	0.015625
23524	23371	1	0.090909
23524	23013	3	0.272727
23527	23553	8	0.016393
23527	23205	4	0.008197
23527	23654	1	0.002049
23527	23658	10	0.020492
23527	23115	3	0.006148
23527	23437	4	0.008197
23527	23630	41	0.084016
23527	23696	2	0.004098
23527	22994	20	0.040984
23527	23251	1	0.002049
23527	23743	2	0.004098
23527	23487	13	0.026639
23527	23709	3	0.006148
23527	23039	3	0.006148
23529	23338	2	0.095238
23529	22994	1	0.047619
23529	23039	1	0.047619
23531	23328	1	0.009174
23531	23360	1	0.009174
23531	23108	2	0.018349
23531	23559	1	0.009174
23531	23624	1	0.009174
23531	23658	109	1.000000
23531	23468	165	1.513761
23531	23181	1	0.009174
23531	23728	4	0.036697
23531	22994	1	0.009174
23531	23571	1	0.009174
23531	23604	1	0.009174
23531	23413	1	0.009174
23531	23039	1	0.009174
23531	23418	1	0.009174
23531	23553	1	0.009174
23531	23453	9	0.082569
23531	23135	1	0.009174
23532	23104	234	12.315789
23532	23624	1	0.052632
23532	23376	1	0.052632
23534	23371	1	0.003623
23535	23306	7193	19.546196
23538	23296	1	0.012048
23538	23169	1	0.012048
23538	23554	3	0.036145
23538	23553	2	0.024096
23538	23559	2	0.024096
23538	23563	1	0.012048
23538	23309	1	0.012048
23538	23695	1	0.012048
23538	23810	1	0.012048
23538	23319	2	0.024096
23538	23578	1	0.012048
23538	23452	1	0.012048
23538	23453	6	0.072289
23538	23454	1	0.012048
23538	23571	6	0.072289
23538	23076	1	0.012048
23538	23205	1	0.012048
23538	23338	2	0.024096
23538	23595	2	0.024096
23538	23468	6	0.072289
23538	23470	1	0.012048
23538	23709	16	0.192771
23538	23728	17	0.204819
23538	23604	2	0.024096
23538	23478	1	0.012048
23538	23351	1	0.012048
23538	23480	2	0.024096
23538	23355	2	0.024096
23538	23687	1	0.012048
23538	23487	2	0.024096
23538	23360	2	0.024096
23538	23328	1	0.012048
23538	22978	1	0.012048
23538	23619	1	0.012048
23538	23108	2	0.024096
23538	23494	1	0.012048
23538	23624	1	0.012048
23538	23371	7	0.084337
23538	23244	1	0.012048
23538	23629	8	0.096386
23538	23630	15	0.180723
23538	23565	3	0.036145
23538	23761	1	0.012048
23538	22994	17	0.204819
23538	23635	2	0.024096
23538	23252	1	0.012048
23538	22990	2	0.024096
23538	22998	1	0.012048
23538	23769	2	0.024096
23538	23055	1	0.012048
23538	23132	1	0.012048
23538	23774	1	0.012048
23538	23135	6	0.072289
23538	23648	1	0.012048
23538	23649	2	0.024096
23538	23373	1	0.012048
23538	23655	1	0.012048
23538	23400	2	0.024096
23538	23401	2	0.024096
23538	23658	84	1.012048
23538	23015	1	0.012048
23538	23661	1	0.012048
23538	23795	2	0.024096
23538	23041	1	0.012048
23538	23157	1	0.012048
23538	23181	6	0.072289
23538	23418	1	0.012048
23538	23039	8	0.096386
23540	23728	1	0.034483
23540	23338	2	0.068966
23541	23769	1	0.006944
23541	23012	1	0.006944
23544	23681	213	0.887500
23544	23127	1	0.004167
23545	23371	1	0.000045
23545	23758	1	0.000045
23545	23039	1	0.000045
23547	23169	1	0.090909
23547	23494	1	0.090909
23547	23658	2	0.181818
23547	23115	1	0.090909
23547	23468	1	0.090909
23547	23630	1	0.090909
23547	23792	1	0.090909
23547	22994	1	0.090909
23547	23157	1	0.090909
23547	23127	1	0.090909
23547	23135	1	0.090909
23547	23146	1	0.090909
23547	23039	5	0.454545
23549	23616	2	0.007874
23549	23108	2	0.007874
23549	23338	7	0.027559
23549	23468	4	0.015748
23549	22994	2	0.007874
23549	23157	2	0.007874
23549	23097	3	0.011811
23549	23578	14	0.055118
23549	23039	7	0.027559
23550	23624	1	0.166667
23550	23112	1	0.166667
23550	23418	1	0.166667
23550	23328	1	0.166667
23550	23039	1	0.166667
23551	23658	76	8.444444
23553	23810	2	0.003195
23553	23558	2	0.003195
23553	23562	1	0.001597
23553	23437	13	0.020767
23553	23696	1	0.001597
23553	23571	1	0.001597
23553	23573	3	0.004792
23553	23453	3	0.004792
23553	23458	1	0.001597
23553	23717	1268	2.025559
23553	23082	1	0.001597
23553	23468	9	0.014377
23553	23214	1	0.001597
23553	23348	1	0.001597
23553	22974	1	0.001597
23553	23487	6	0.009585
23553	23108	1254	2.003195
23553	22990	1	0.001597
23553	22994	2	0.003195
23553	23135	1	0.001597
23553	23143	1	0.001597
23553	23400	1	0.001597
23553	23658	6	0.009585
23553	23659	2	0.003195
23553	23795	1	0.001597
23553	23284	1	0.001597
23553	23157	1	0.001597
23553	23231	2491	3.979233
23553	23165	1	0.001597
23553	23039	5	0.007987
23554	23553	2	0.001556
23554	23301	1	0.000778
23554	23559	29	0.022568
23554	23052	28	0.021790
23554	23055	7	0.005447
23554	23238	1	0.000778
23554	23570	1	0.000778
23554	23453	27	0.021012
23554	23328	2	0.001556
23554	23330	2	0.001556
23554	23588	1	0.000778
23554	23205	20	0.015564
23554	23081	4	0.003113
23554	23595	3	0.002335
23554	23468	4	0.003113
23554	23709	23	0.017899
23554	23728	2	0.001556
23554	23604	6	0.004669
23554	23224	3	0.002335
23554	23231	7	0.005447
23554	23108	18	0.014008
23554	23622	2	0.001556
23554	23112	1	0.000778
23554	23369	1	0.000778
23554	23373	14	0.010895
23554	23630	1	0.000778
23554	22993	3	0.002335
23554	23509	1	0.000778
23554	23135	298	0.231907
23554	23776	11	0.008560
23554	23649	6	0.004669
23554	23655	1	0.000778
23554	23658	1280	0.996109
23554	23023	1	0.000778
23554	23795	6	0.004669
23554	23157	2	0.001556
23554	23418	1	0.000778
23554	23549	1	0.000778
23554	23039	1284	0.999222
23558	23360	1	0.001307
23558	23553	10	0.013072
23558	23108	10	0.013072
23558	23717	110	0.143791
23558	23559	2	0.002614
23558	23658	1	0.001307
23558	23141	47	0.061438
23558	23728	6	0.007843
23558	23253	5	0.006536
23558	23492	3	0.003922
23558	23039	9	0.011765
23558	23453	1	0.001307
23558	23231	16	0.020915
23559	23554	2	0.010309
23559	23108	3	0.015464
23559	23468	2	0.010309
23559	23728	1	0.005155
23559	22994	1	0.005155
23559	23640	1	0.005155
23559	23418	1	0.005155
23559	23357	1	0.005155
23559	23039	4	0.020619
23560	23108	3	0.085714
23560	23625	1	0.028571
23560	22994	2	0.057143
23560	23728	3	0.085714
23560	23122	1	0.028571
23560	23145	1	0.028571
23560	23354	1	0.028571
23560	22971	1	0.028571
23560	23039	4	0.114286
23563	23205	282	0.504472
23563	23303	280	0.500894
23563	23688	6	0.010733
23563	22994	1	0.001789
23563	23795	1	0.001789
23563	23709	4	0.007156
23565	23696	1	0.019608
23565	23468	2	0.039216
23565	22994	4	0.078431
23565	23604	1	0.019608
23570	23640	9	0.051429
23570	23358	10	0.057143
23571	23152	4	0.028777
23571	23634	1	0.007194
23571	23135	1	0.007194
23572	23687	57	0.177019
23572	23624	3	0.009317
23572	23371	22	0.068323
23572	22993	1	0.003106
23572	23795	1	0.003106
23572	23735	57	0.177019
23572	23772	57	0.177019
23573	23376	2	0.004474
23573	23553	4	0.008949
23573	23554	3	0.006711
23573	23108	4	0.008949
23573	23112	2	0.004474
23573	23338	1	0.002237
23573	23659	1	0.002237
23573	23181	1	0.002237
23573	22990	2	0.004474
23573	23696	396	0.885906
23573	23624	1	0.002237
23573	22994	9	0.020134
23573	23571	5	0.011186
23573	23253	1	0.002237
23573	23418	1	0.002237
23573	23487	1	0.002237
23573	23453	1	0.002237
23573	23039	3	0.006711
23577	23041	1	0.000991
23577	23687	1	0.000991
23577	23563	1	0.000991
23577	23695	1	0.000991
23577	23571	1	0.000991
23577	23700	1	0.000991
23577	23446	1	0.000991
23577	23578	1	0.000991
23577	23452	1	0.000991
23577	23709	1	0.000991
23577	23454	1	0.000991
23577	23328	1	0.000991
23577	23076	1	0.000991
23577	23470	1	0.000991
23577	23478	1	0.000991
23577	23351	1	0.000991
23577	23355	1	0.000991
23577	22978	1	0.000991
23577	23624	1	0.000991
23577	23371	1	0.000991
23577	23373	1	0.000991
23577	23760	1	0.000991
23577	23761	1	0.000991
23577	22994	1	0.000991
23577	23252	1	0.000991
23577	22998	1	0.000991
23577	23055	1	0.000991
23577	23132	1	0.000991
23577	23015	1	0.000991
23577	23655	1	0.000991
23577	23661	1	0.000991
23577	23795	1	0.000991
23577	23418	1	0.000991
23578	23371	1	0.001587
23578	23205	1	0.001587
23578	23709	3	0.004762
23579	23108	1	0.028571
23583	23457	4	0.001906
23583	23810	2111	1.005717
23583	23108	10	0.004764
23583	23111	1	0.000476
23583	23681	1	0.000476
23583	23180	7	0.003335
23583	23468	2	0.000953
23583	23504	1	0.000476
23583	22994	6	0.002859
23583	23348	1	0.000476
23583	23484	3	0.001429
23583	23453	1	0.000476
23583	23039	2	0.000953
23588	23553	3	0.003861
23588	23108	752	0.967825
23588	23658	757	0.974260
23588	23338	2	0.002574
23588	23728	5	0.006435
23588	22994	756	0.972973
23588	23252	2	0.002574
23588	23351	754	0.970399
23588	23325	3018	3.884170
23588	23039	10	0.012870
23590	23799	4	0.076923
23592	23041	1	0.050000
23592	23076	1	0.050000
23592	23111	1	0.050000
23592	23470	1	0.050000
23592	23571	1	0.050000
23592	23445	1	0.050000
23592	23446	1	0.050000
23592	23454	1	0.050000
23593	23137	4	0.006861
23593	23074	4	0.006861
23593	23147	2	0.003431
23593	23013	2	0.003431
23593	23371	32	0.054889
23593	23662	2	0.003431
23593	23441	3	0.005146
23593	23317	2	0.003431
23593	23704	2	0.003431
23593	23290	2	0.003431
23594	23360	4	0.016807
23594	23328	8	0.033613
23594	23298	3	0.012605
23594	23403	1	0.004202
23594	23108	64	0.268908
23594	23519	1	0.004202
23594	23624	2	0.008403
23594	23338	2	0.008403
23594	23659	1	0.004202
23594	23058	1	0.004202
23594	23760	4	0.016807
23594	22994	8	0.033613
23594	23696	3	0.012605
23594	23352	2	0.008403
23594	23300	3	0.012605
23594	23482	1	0.004202
23594	22971	14	0.058824
23594	23039	4	0.016807
23595	23081	2	0.005464
23595	22994	2	0.005464
23595	23181	4	0.010929
23596	23202	1	0.000251
23596	23108	3	0.000752
23596	23666	4	0.001002
23596	23112	1	0.000251
23596	23371	6	0.001503
23596	23629	1	0.000251
23596	23761	1	0.000251
23596	22994	1	0.000251
23596	23418	1	0.000251
23596	23611	3	0.000752
23596	23709	2	0.000501
23597	23707	1	0.002551
23597	23108	1	0.002551
23597	23624	3	0.007653
23597	23081	5	0.012755
23597	23338	6	0.015306
23597	23659	1	0.002551
23597	23231	1	0.002551
23597	23535	1	0.002551
23597	23112	2	0.005102
23597	23604	1	0.002551
23597	23055	1	0.002551
23597	23453	1	0.002551
23597	23039	3	0.007653
23598	22994	1	0.003650
23599	22990	1	0.018519
23601	23453	2	0.037037
23603	23704	4	0.036036
23603	23231	1	0.009009
23604	23360	1	0.007092
23604	23376	3	0.021277
23604	22994	1	0.007092
23604	23658	1	0.007092
23604	23659	4	0.028369
23604	23468	19	0.134752
23604	23181	3	0.021277
23604	23629	1	0.007092
23604	23728	2	0.014184
23604	23538	1	0.007092
23604	23127	1	0.007092
23604	23039	1	0.007092
23605	23108	2	0.004032
23605	22990	2	0.004032
23605	23728	2	0.004032
23605	22994	1	0.002016
23605	23476	1	0.002016
23605	23039	1	0.002016
23606	23108	56	0.861538
23606	23396	1	0.015385
23606	23039	2	0.030769
23607	23371	13	0.010543
23607	23738	3	0.002433
23607	23115	1	0.000811
23607	23795	1	0.000811
23608	23232	159	1.060000
23608	23238	1	0.006667
23608	23371	2	0.013333
23608	23795	1	0.006667
23608	23700	1	0.006667
23608	23294	1	0.006667
23609	23121	3	0.107143
23611	23596	12	6.000000
23612	23250	4	0.235294
23614	23492	1	0.008333
23614	23783	1	0.008333
23614	22984	1	0.008333
23614	23468	2	0.016667
23614	23664	1	0.008333
23614	23064	5	0.041667
23614	23039	2	0.016667
23615	23360	2	0.031746
23615	23106	12	0.190476
23615	23108	2	0.031746
23615	23403	1	0.015873
23615	23253	1	0.015873
23615	22994	1	0.015873
23615	23413	1	0.015873
23615	23039	1	0.015873
23616	23097	3	0.015789
23616	23468	26	0.136842
23617	22994	2	0.035714
23617	23371	9	0.160714
23617	23607	2	0.035714
23618	23137	1883	1.871769
23618	23112	2	0.001988
23618	23338	14	0.013917
23618	23371	7	0.006958
23618	23056	938	0.932406
23618	23314	942	0.936382
23623	23330	1	0.033333
23623	23011	1	0.033333
23623	23717	1	0.033333
23623	23243	1	0.033333
23623	23468	1	0.033333
23623	23481	1	0.033333
23623	23231	2	0.066667
23624	23169	1	0.000489
23624	23181	4	0.001954
23624	23571	1	0.000489
23624	23445	1	0.000489
23624	23319	1	0.000489
23624	23236	1	0.000489
23624	23709	50	0.024426
23624	23338	15	0.007328
23624	23595	1	0.000489
23624	23468	4	0.001954
23624	23728	1	0.000489
23624	23604	2	0.000977
23624	23743	1	0.000489
23624	23746	7	0.003420
23624	23108	3	0.001466
23624	23371	14	0.006839
23624	23630	3	0.001466
23624	22990	1	0.000489
23624	23127	1	0.000489
23624	23135	3	0.001466
23624	23267	2	0.000977
23624	23658	5	0.002443
23624	23659	1	0.000489
23624	23406	1	0.000489
23624	23795	1	0.000489
23624	23413	1	0.000489
23625	23371	147	0.973510
23628	23328	1	0.004975
23628	23624	1	0.004975
23628	23084	202	1.004975
23628	23695	1	0.004975
23628	23112	1	0.004975
23628	22994	2	0.009950
23628	23795	1	0.004975
23628	23604	1	0.004975
23628	23445	1	0.004975
23628	23571	1	0.004975
23628	23769	2	0.009950
23628	23418	1	0.004975
23628	23400	14	0.069652
23629	23616	1	0.000521
23629	23360	1	0.000521
23629	23108	1	0.000521
23629	23205	1923	1.001041
23629	23658	4	0.002082
23629	23371	1	0.000521
23629	23630	3	0.001562
23629	23728	1	0.000521
23629	22994	4	0.002082
23629	23604	3	0.001562
23629	23268	1	0.000521
23629	23396	1	0.000521
23629	23519	1	0.000521
23629	23453	1	0.000521
23629	23039	1	0.000521
23630	23659	3	0.021739
23630	23115	1	0.007246
23630	23468	3	0.021739
23630	23629	2	0.014493
23630	23604	5	0.036232
23630	23127	3	0.021739
23630	23453	1	0.007246
23630	23039	2	0.014493
23633	23360	1	0.015625
23633	23403	1	0.015625
23633	23108	1	0.015625
23633	23367	1	0.015625
23633	23338	1	0.015625
23633	23659	1	0.015625
23633	23468	2	0.031250
23633	23245	1	0.015625
23633	22994	1	0.015625
23633	23039	2	0.031250
23634	23624	1	0.001133
23634	23152	1	0.001133
23634	23571	1	0.001133
23634	23445	1	0.001133
23635	23728	1	0.016667
23635	22994	1	0.016667
23635	23468	1	0.016667
23635	22982	1	0.016667
23635	23039	10	0.166667
23636	23377	503	0.998016
23636	23338	2	0.003968
23636	23758	503	0.998016
23639	23771	47	0.959184
23639	23039	47	0.959184
23640	23108	2	0.003617
23640	23559	1	0.001808
23640	22990	1	0.001808
23640	23696	1	0.001808
23640	23039	1	0.001808
23640	22971	1	0.001808
23640	23743	1	0.001808
23641	23553	13	0.015606
23641	23554	1	0.001200
23641	23173	1	0.001200
23641	23562	6	0.007203
23641	23696	1	0.001200
23641	23571	1	0.001200
23641	23319	5	0.006002
23641	23709	2	0.002401
23641	23328	1	0.001200
23641	23458	1	0.001200
23641	23205	1	0.001200
23641	23338	12	0.014406
23641	23468	4	0.004802
23641	23728	24	0.028812
23641	23482	5	0.006002
23641	22971	3	0.003601
23641	23487	2	0.002401
23641	23360	9	0.010804
23641	23115	7	0.008403
23641	23108	189	0.226891
23641	22981	1	0.001200
23641	23624	1	0.001200
23641	23371	231	0.277311
23641	22990	1	0.001200
23641	23122	5	0.006002
23641	23769	3	0.003601
23641	23135	7	0.008403
23641	23658	16	0.019208
23641	22994	44	0.052821
23641	23795	5	0.006002
23641	23231	1	0.001200
23641	23039	34	0.040816
23642	23108	1	0.050000
23642	23468	3	0.150000
23642	23039	60	3.000000
23643	23371	300	0.590551
23644	23760	3	0.428571
23644	23468	3	0.428571
23644	23298	3	0.428571
23644	23108	3	0.428571
23644	23039	3	0.428571
23645	23624	1	0.025000
23645	23728	1	0.025000
23645	23338	3	0.075000
23645	22974	1	0.025000
23647	23307	1	0.021277
23647	23692	1	0.021277
23647	23699	1	0.021277
23647	23621	1	0.021277
23647	23336	1	0.021277
23647	23645	1	0.021277
23647	23475	1	0.021277
23647	23093	1	0.021277
23647	23228	1	0.021277
23647	23488	1	0.021277
23647	23365	1	0.021277
23647	23245	35	0.744681
23647	23120	1	0.021277
23647	23633	1	0.021277
23647	23250	5	0.106383
23647	23388	1	0.021277
23647	23517	1	0.021277
23647	23392	1	0.021277
23647	23265	1	0.021277
23647	23780	1	0.021277
23647	23612	1	0.021277
23647	23762	1	0.021277
23647	23025	1	0.021277
23647	23027	1	0.021277
23647	23802	1	0.021277
23647	23293	1	0.021277
23648	23658	2	0.064516
23648	23039	8	0.258065
23650	23795	1	0.000669
23650	23624	1	0.000669
23650	23761	1	0.000669
23650	23571	1	0.000669
23650	23418	1	0.000669
23650	23709	2	0.001338
23650	23454	1	0.000669
23652	23624	1	0.007143
23654	23400	10	0.053763
23654	23769	1	0.005376
23654	23437	1	0.005376
23655	23624	2	0.014388
23655	23795	1	0.007194
23656	23553	1	0.003984
23656	23810	3	0.011952
23656	23487	1	0.003984
23656	23654	1	0.003984
23656	23468	2	0.007968
23656	22994	1	0.003984
23656	23253	1	0.003984
23656	23583	1	0.003984
23656	23453	1	0.003984
23656	23039	2	0.007968
23657	23553	4	0.003617
23657	23795	1	0.000904
23657	23371	1	0.000904
23657	23308	13	0.011754
23657	23571	20	0.018083
23657	23351	1	0.000904
23657	23418	2	0.001808
23658	23296	1	0.002941
23658	23169	1	0.002941
23658	23554	1	0.002941
23658	23173	5	0.014706
23658	23553	2	0.005882
23658	23181	3	0.008824
23658	23696	1	0.002941
23658	23697	1	0.002941
23658	23491	4	0.011765
23658	23445	1	0.002941
23658	23705	1	0.002941
23658	23322	2	0.005882
23658	23453	14	0.041176
23658	23328	1	0.002941
23658	23330	1	0.002941
23658	23331	1	0.002941
23658	23204	1	0.002941
23658	23333	1	0.002941
23658	23338	1	0.002941
23658	23595	1	0.002941
23658	23468	5	0.014706
23658	23709	1	0.002941
23658	23728	38	0.111765
23658	23604	6	0.017647
23658	23354	1	0.002941
23658	23484	1	0.002941
23658	23487	1	0.002941
23658	23360	1	0.002941
23658	23371	2	0.005882
23658	23108	4	0.011765
23658	23494	1	0.002941
23658	23624	2	0.005882
23658	23115	14	0.041176
23658	23244	1	0.002941
23658	23630	4	0.011765
23658	23544	1	0.002941
23658	22994	1	0.002941
23658	23253	1	0.002941
23658	23127	1	0.002941
23658	23642	1	0.002941
23658	23482	1	0.002941
23658	23135	1	0.002941
23658	23648	1	0.002941
23658	23396	1	0.002941
23658	23400	1	0.002941
23658	23146	1	0.002941
23658	23792	1	0.002941
23658	23669	1	0.002941
23658	23032	1	0.002941
23658	23418	1	0.002941
23658	23550	1	0.002941
23658	23039	361	1.061765
23659	23553	2	0.002086
23659	23173	15	0.015641
23659	23681	8	0.008342
23659	23630	2	0.002086
23659	23697	8	0.008342
23659	23453	885	0.922836
23659	23081	2	0.002086
23659	23338	4	0.004171
23659	23595	6	0.006257
23659	23468	32	0.033368
23659	23354	5	0.005214
23659	23231	4	0.004171
23659	23360	10	0.010428
23659	23108	17	0.017727
23659	23244	1	0.001043
23659	23371	13	0.013556
23659	23500	2	0.002086
23659	22990	3	0.003128
23659	22994	2	0.002086
23659	23253	1886	1.966632
23659	23127	2	0.002086
23659	23769	1	0.001043
23659	23396	2	0.002086
23659	23658	959	1.000000
23659	23403	4	0.004171
23659	23157	1	0.001043
23659	23487	2	0.002086
23659	23039	5	0.005214
23660	23036	1	0.007407
23661	23494	4	0.002786
23661	23624	1	0.000696
23661	23020	12	0.008357
23661	23791	2	0.001393
23661	22994	1	0.000696
23661	23709	18	0.012535
23663	23658	10	1.000000
23664	23760	1	0.013514
23664	22994	1	0.013514
23666	23596	4	4.000000
23669	23360	2	0.021505
23669	23553	5	0.053763
23669	23554	4	0.043011
23669	23108	7	0.075269
23669	23244	2	0.021505
23669	23658	4	0.043011
23669	23595	1	0.010753
23669	23468	9	0.096774
23669	23728	13	0.139785
23669	22994	4	0.043011
23669	23251	4	0.043011
23669	23157	2	0.021505
23669	23127	2	0.021505
23669	23512	14	0.150538
23669	23453	3	0.032258
23669	23039	1	0.010753
23670	23338	3	0.002904
23670	23659	3	0.002904
23670	23604	2	0.001936
23673	23328	5	0.004248
23673	23728	10	0.008496
23673	23115	1	0.000850
23673	22993	2	0.001699
23673	23112	4	0.003398
23673	23371	238	0.202209
23673	23468	4	0.003398
23673	23624	4	0.003398
23673	23761	1	0.000850
23673	22994	1	0.000850
23673	23795	4	0.003398
23673	23360	2	0.001699
23673	23571	5	0.004248
23673	23418	5	0.004248
23673	23709	2	0.001699
23674	23810	12	0.024845
23674	23108	10	0.020704
23675	23205	151	1.000000
23679	23039	72	0.782609
23680	23112	1	0.006579
23680	23658	1	0.006579
23680	23795	1	0.006579
23680	23108	1	0.006579
23680	23338	1	0.006579
23681	23127	1	0.004098
23683	23456	4	0.027027
23683	23600	3	0.020270
23683	23578	1	0.006757
23683	23630	5	0.033784
23685	23659	2	0.010811
23685	23108	1	0.005405
23685	23687	2	0.010811
23685	23563	1	0.005405
23685	23468	4	0.021622
23685	23728	1	0.005405
23685	23571	1	0.005405
23685	23351	1	0.005405
23685	23418	2	0.010811
23685	23039	1	0.005405
23687	23115	1	0.003106
23687	22990	1	0.003106
23687	23728	1	0.003106
23687	23572	321	0.996894
23687	23735	321	0.996894
23687	23772	321	0.996894
23688	23553	1	0.002703
23688	22990	2	0.005405
23688	23795	3362	9.086486
23688	23039	2	0.005405
23688	23709	1	0.002703
23688	23614	1	0.002703
23688	23487	1	0.002703
23690	23371	3	0.214286
23693	23554	1	0.000857
23693	23494	4	0.003428
23693	23658	2	0.001714
23693	23659	4	0.003428
23693	23468	14	0.011997
23693	22994	144	0.123393
23693	23630	14	0.011997
23693	23565	1	0.000857
23693	23410	16	0.013710
23693	23795	9	0.007712
23693	23604	12	0.010283
23693	23127	4	0.003428
23693	23709	25	0.021422
23693	23039	1	0.000857
23695	23709	3	0.004983
23695	22990	69	0.114618
23695	23478	1	0.001661
23696	23553	2	0.003515
23696	23173	1	0.001757
23696	23571	2	0.003515
23696	23707	1	0.001757
23696	23454	1	0.001757
23696	23328	1	0.001757
23696	23338	4	0.007030
23696	23468	18	0.031634
23696	23728	19	0.033392
23696	23624	1	0.001757
23696	23354	20	0.035149
23696	23360	2	0.003515
23696	23617	1	0.001757
23696	23108	27	0.047452
23696	22984	1	0.001757
23696	23115	1	0.001757
23696	22990	76	0.133568
23696	23376	2	0.003515
23696	23761	1	0.001757
23696	22994	1	0.001757
23696	23251	1	0.001757
23696	23135	1	0.001757
23696	23760	1	0.001757
23696	23015	1	0.001757
23696	23659	41	0.072056
23696	23413	1	0.001757
23696	23418	1	0.001757
23696	23112	1	0.001757
23696	23039	138	0.242531
23697	23659	1	0.032258
23697	23039	33	1.064516
23699	23553	1	0.011494
23699	23108	1	0.011494
23699	23400	2	0.022989
23699	23338	2	0.022989
23699	23468	1	0.011494
23699	23250	4	0.045977
23699	23039	1	0.011494
23700	23553	1	0.012821
23700	23795	1	0.012821
23700	23400	2	0.025641
23700	23468	63	0.807692
23700	23251	2	0.025641
23700	23604	1	0.012821
23700	23039	1	0.012821
23704	23137	1	0.001295
23704	23042	1	0.001295
23704	23593	1	0.001295
23704	23371	1	0.001295
23704	23074	1	0.001295
23704	23317	1	0.001295
23705	23468	19	0.950000
23707	23360	3	0.006424
23707	23076	1	0.002141
23707	23418	1	0.002141
23707	23252	1	0.002141
23707	23112	1	0.002141
23709	23041	6	0.011583
23709	23687	8	0.015444
23709	23688	4	0.007722
23709	23468	21	0.040541
23709	23563	10	0.019305
23709	23310	2	0.003861
23709	23695	6	0.011583
23709	23571	11	0.021236
23709	23445	6	0.011583
23709	23446	4	0.007722
23709	23578	4	0.007722
23709	23452	8	0.015444
23709	23453	3	0.005792
23709	23454	2	0.003861
23709	23328	14	0.027027
23709	23076	10	0.019305
23709	23205	1	0.001931
23709	23596	2	0.003861
23709	23470	10	0.019305
23709	23728	4	0.007722
23709	23112	4	0.007722
23709	23478	6	0.011583
23709	23351	12	0.023166
23709	23224	2	0.003861
23709	23355	2	0.003861
23709	22978	8	0.015444
23709	23108	2	0.003861
23709	23111	16	0.030888
23709	23624	12	0.023166
23709	23371	1	0.001931
23709	23373	6	0.011583
23709	23760	10	0.019305
23709	23761	8	0.015444
23709	22993	2	0.003861
23709	23252	8	0.015444
23709	22998	8	0.015444
23709	23127	2	0.003861
23709	23055	14	0.027027
23709	23132	10	0.019305
23709	23135	2	0.003861
23709	23776	2	0.003861
23709	23655	8	0.015444
23709	23658	2	0.003861
23709	23015	6	0.011583
23709	23661	10	0.019305
23709	23152	6	0.011583
23709	23795	14	0.027027
23709	23418	17	0.032819
23709	23806	2	0.003861
23709	23039	2	0.003861
23711	23157	1	0.020408
23715	23338	4	0.173913
23716	23328	3	0.003911
23716	23478	3	0.003911
23716	23687	3	0.003911
23716	23688	3	0.003911
23716	23761	3	0.003911
23716	23563	3	0.003911
23716	23373	3	0.003911
23716	23470	3	0.003911
23716	23695	3	0.003911
23716	23709	3	0.003911
23716	23624	3	0.003911
23716	23571	3	0.003911
23716	23446	3	0.003911
23716	23351	3	0.003911
23716	23578	3	0.003911
23716	23418	6	0.007823
23716	23454	3	0.003911
23717	23553	1	0.006289
23717	23330	1	0.006289
23717	23377	1	0.006289
23717	23039	1	0.006289
23724	23554	6	0.035088
23724	23491	1	0.005848
23724	23396	6	0.035088
23724	23559	2	0.011696
23724	23659	1	0.005848
23724	22994	3	0.017544
23724	23795	1	0.005848
23724	23604	5	0.029240
23724	23127	2	0.011696
23724	23005	2	0.011696
23725	23554	1	0.001808
23725	23301	6	0.010850
23725	22990	8	0.014467
23725	23761	5	0.009042
23725	22994	3	0.005425
23725	23487	4	0.007233
23728	23330	1	0.001587
23728	23108	2	0.003175
23728	23559	1199	1.903175
23728	23658	6	0.009524
23728	23659	2	0.003175
23728	23468	805	1.277778
23728	23097	1	0.001587
23728	23135	1	0.001587
23728	23418	1	0.001587
23728	23039	1257	1.995238
23728	23338	4	0.006349
23728	23231	1	0.001587
23731	23328	1	0.008929
23734	23457	22	0.956522
23735	23553	5	0.010661
23735	23659	4	0.008529
23735	23687	3	0.006397
23735	23572	7	0.014925
23735	23329	6	0.012793
23735	23330	6	0.012793
23735	23589	4	0.008529
23735	23081	10	0.021322
23735	23338	10	0.021322
23735	23468	8	0.017058
23735	23728	25	0.053305
23735	23604	1	0.002132
23735	23354	15	0.031983
23735	23231	1	0.002132
23735	23360	11	0.023454
23735	23108	34	0.072495
23735	23371	1	0.002132
23735	23629	6	0.012793
23735	22990	7	0.014925
23735	22994	63	0.134328
23735	23253	6	0.012793
23735	23769	1	0.002132
23735	23772	11	0.023454
23735	23333	3	0.006397
23735	23396	1	0.002132
23735	23658	1	0.002132
23735	23403	1	0.002132
23735	23122	10	0.021322
23735	23413	6	0.012793
23735	23039	40	0.085288
23736	23360	2	0.022989
23736	22978	1	0.011494
23736	23115	2	0.022989
23736	23108	4	0.045977
23736	22984	1	0.011494
23736	23081	3	0.034483
23736	23658	1	0.011494
23736	23371	1	0.011494
23736	23468	2	0.022989
23736	23122	1	0.011494
23736	23022	2	0.022989
23736	23728	6	0.068966
23736	22994	2	0.022989
23736	23267	1	0.011494
23736	23509	3	0.034483
23736	23319	1	0.011494
23736	23321	1	0.011494
23736	23039	1	0.011494
23737	23338	1	0.041667
23740	23371	2	0.002813
23740	23039	1	0.001406
23741	23571	4	0.333333
23743	23553	1	0.032258
23743	23012	1	0.032258
23743	23301	1	0.032258
23743	23014	1	0.032258
23743	23367	1	0.032258
23743	23084	1	0.032258
23743	23562	1	0.032258
23743	23243	1	0.032258
23743	23628	1	0.032258
23743	23758	1	0.032258
23743	23375	1	0.032258
23743	23696	1	0.032258
23743	23122	1	0.032258
23743	23081	1	0.032258
23743	23640	1	0.032258
23743	23292	1	0.032258
23743	23070	1	0.032258
23743	23487	1	0.032258
23745	23360	1	0.066667
23745	23108	2	0.133333
23745	23399	3	0.200000
23745	23112	1	0.066667
23745	23338	1	0.066667
23745	23702	1	0.066667
23745	23481	4	0.266667
23745	23453	1	0.066667
23746	23091	1	0.019231
23749	23322	1704	4.854701
23749	23331	3	0.008547
23749	23108	5	0.014245
23749	23663	2	0.005698
23749	23659	4	0.011396
23752	23810	2	0.001890
23752	23371	17	0.016068
23752	23023	3	0.002836
23752	23506	3	0.002836
23752	23348	1	0.000945
23752	23583	3	0.002836
23758	23554	1	0.000694
23758	23205	1	0.000694
23758	23728	1	0.000694
23758	23604	1	0.000694
23758	23354	1	0.000694
23758	23135	44	0.030556
23758	23740	2	0.001389
23758	23487	1	0.000694
23758	23360	19	0.013194
23758	23235	2879	1.999306
23758	23108	50	0.034722
23758	23115	1	0.000694
23758	23502	1	0.000694
23758	22994	10	0.006944
23758	23251	1	0.000694
23758	22990	1	0.000694
23758	23769	3	0.002083
23758	23132	47	0.032639
23758	23519	2	0.001389
23758	22971	5	0.003472
23758	23268	1	0.000694
23758	23528	41	0.028472
23758	23403	1	0.000694
23758	23413	7	0.004861
23758	23545	2	0.001389
23758	23743	2	0.001389
23758	23548	1	0.000694
23758	23039	14	0.009722
23760	23328	1	0.003610
23760	23624	1	0.003610
23760	22994	9	0.032491
23760	23709	1	0.003610
23761	23328	7	0.005385
23761	23554	1	0.000769
23761	23076	1	0.000769
23761	23205	1295	0.996154
23761	23494	3	0.002308
23761	22993	3	0.002308
23761	23624	10	0.007692
23761	23659	2	0.001538
23761	23688	1	0.000769
23761	23795	8	0.006154
23761	23571	3	0.002308
23761	23418	5	0.003846
23761	23132	1	0.000769
23761	23709	14	0.010769
23761	23112	1	0.000769
23762	23245	66	0.622642
23766	23160	1	0.142857
23767	22984	3	0.130435
23767	23122	3	0.130435
23767	23039	3	0.130435
23769	23571	1	0.000177
23769	23553	2	0.000355
23769	23298	3	0.000532
23769	23654	10	0.001775
23769	23112	1	0.000177
23769	23180	1	0.000177
23769	23338	2	0.000355
23769	23468	4	0.000710
23769	22994	281	0.049876
23769	23795	5	0.000887
23769	23251	1	0.000177
23769	23418	1	0.000177
23769	23039	26	0.004615
23769	23772	2	0.000355
23769	23658	1	0.000177
23769	23231	15	0.002662
23771	23328	1	0.002882
23771	22978	1	0.002882
23771	23687	1	0.002882
23771	23624	1	0.002882
23771	23761	1	0.002882
23771	23795	1	0.002882
23771	23571	1	0.002882
23771	23418	1	0.002882
23771	23132	1	0.002882
23771	23112	1	0.002882
23772	23553	2	0.003861
23772	23108	87	0.167954
23772	23173	1	0.001931
23772	23687	3	0.005792
23772	22984	2	0.003861
23772	23664	4	0.007722
23772	23371	1	0.001931
23772	23728	2	0.003861
23772	22994	9	0.017375
23772	23604	1	0.001931
23772	23572	44	0.084942
23772	23735	10	0.019305
23772	23769	1	0.001931
23772	23039	1	0.001931
23772	23231	1	0.001931
23773	23371	7	1.000000
23774	23169	1	0.009091
23774	23268	1	0.009091
23774	23494	1	0.009091
23774	23468	59	0.536364
23774	23629	1	0.009091
23774	23309	1	0.009091
23774	22994	28	0.254545
23774	23635	1	0.009091
23774	23127	1	0.009091
23774	23396	1	0.009091
23774	23482	1	0.009091
23775	23658	4	1.000000
23775	23039	37	9.250000
23776	23224	1	0.002933
23776	23688	5	0.014663
23776	23795	2865	8.401760
23776	23445	1	0.002933
23777	23108	1	0.003125
23777	23115	1	0.003125
23777	23728	2	0.006250
23777	23039	1	0.003125
23777	23743	1	0.003125
23777	23519	1	0.003125
23778	23480	270	1.000000
23778	23354	7	0.025926
23780	23338	3	0.006849
23780	23659	1	0.002283
23780	23468	1	0.002283
23780	23245	1	0.002283
23780	23165	1	0.002283
23780	22974	1	0.002283
23780	23039	1	0.002283
23782	23108	3	0.375000
23783	23553	2	0.083333
23783	22994	219	9.125000
23785	23616	1	0.004785
23785	23097	1	0.004785
23785	23371	274	1.311005
23785	23468	535	2.559809
23785	23444	2	0.009569
23785	23039	1	0.004785
23785	23572	2	0.009569
23785	23227	2	0.009569
23785	23455	1	0.004785
23786	23217	1	0.003356
23786	23371	828	2.778523
23786	23709	2	0.006711
23787	23457	35	0.972222
23787	23338	3	0.083333
23789	23112	1	0.026316
23789	23728	1	0.026316
23789	23519	1	0.026316
23789	23039	1	0.026316
23791	23554	1	0.002506
23791	23084	11	0.027569
23791	23468	1	0.002506
23791	23661	1	0.002506
23791	23228	7	0.017544
23791	23039	1	0.002506
23792	22994	3	0.046875
23792	23658	5	0.078125
23792	23039	64	1.000000
23795	23169	1	0.000311
23795	23554	5	0.001557
23795	23553	2	0.000623
23795	23688	425	0.132316
23795	23434	5	0.001557
23795	23180	2	0.000623
23795	23695	2	0.000623
23795	23571	1	0.000311
23795	23445	1	0.000311
23795	23325	2	0.000623
23795	23454	2	0.000623
23795	23711	1	0.000311
23795	23328	4	0.001245
23795	23115	8	0.002491
23795	23595	2	0.000623
23795	23468	60	0.018680
23795	23470	3	0.000934
23795	23709	40	0.012453
23795	23728	4	0.001245
23795	23624	5	0.001557
23795	23350	25	0.007783
23795	23687	3	0.000934
23795	23502	3	0.000934
23795	23360	1	0.000311
23795	23371	3	0.000934
23795	23108	11	0.003425
23795	23112	10	0.003113
23795	23243	12	0.003736
23795	22990	25	0.007783
23795	22993	8	0.002491
23795	22994	3	0.000934
23795	23630	24	0.007472
23795	23127	7	0.002179
23795	23769	1	0.000311
23795	23135	5	0.001557
23795	23776	290	0.090286
23795	23268	1	0.000311
23795	23654	2	0.000623
23795	23761	2	0.000623
23795	23400	1	0.000311
23795	23658	899	0.279888
23795	23149	4	0.001245
23795	23667	1	0.000311
23795	23413	1	0.000311
23795	23418	6	0.001868
23795	23551	4	0.001245
23795	23453	1	0.000311
23795	23039	4	0.001245
23797	23521	3	0.111111
23797	23108	1	0.037037
23797	23563	2	0.074074
23797	23728	10	0.370370
23797	23571	4	0.148148
23797	23716	3	0.111111
23799	23680	1	0.004608
23799	23553	1	0.004608
23799	23490	1	0.004608
23799	23299	1	0.004608
23799	23108	1	0.004608
23799	23590	1	0.004608
23799	23655	1	0.004608
23799	22986	1	0.004608
23799	23325	1	0.004608
23799	23245	1	0.004608
23799	23215	1	0.004608
23799	23281	1	0.004608
23799	23631	1	0.004608
23799	23449	1	0.004608
23799	23225	1	0.004608
23799	23579	1	0.004608
23799	23338	1	0.004608
23799	23039	1	0.004608
23803	23328	7	0.011966
23803	23115	8	0.013675
23803	22993	3	0.005128
23803	23112	3	0.005128
23803	23561	2	0.003419
23803	23452	1	0.001709
23803	23371	3	0.005128
23803	23055	1	0.001709
23803	23760	1	0.001709
23803	23624	5	0.008547
23803	22994	2	0.003419
23803	23571	2	0.003419
23803	23445	1	0.001709
23803	23351	1	0.001709
23803	23418	2	0.003419
23803	23795	3	0.005128
23803	23132	1	0.001709
23803	23578	1	0.001709
23805	23371	100	0.980392
23806	23371	2	0.000929
23806	23624	13	0.006035
23806	23243	4	0.001857
23806	23281	14	0.006500
23806	23795	1	0.000464
23806	23350	2	0.000929
23806	23355	1	0.000464
23808	23371	11	0.004317
23808	23624	1	0.000392
23808	23115	2	0.000785
23808	23695	2	0.000785
23808	22994	4	0.001570
23808	23659	1	0.000392
23808	23390	4	0.001570
23808	23231	1	0.000392
23810	23553	4	0.002236
23810	23659	8	0.004472
23810	23173	8	0.004472
23810	23437	41	0.022918
23810	23439	9	0.005031
23810	23604	4	0.002236
23810	23656	4	0.002236
23810	23453	4	0.002236
23810	23454	2	0.001118
23810	23583	310	0.173281
23810	23457	1	0.000559
23810	23332	5	0.002795
23810	23338	8	0.004472
23810	23595	1	0.000559
23810	23468	21	0.011738
23810	23728	14	0.007826
23810	23253	3	0.001677
23810	23348	25	0.013974
23810	22969	6	0.003354
23810	23226	21	0.011738
23810	23487	7	0.003913
23810	23360	29	0.016210
23810	23619	1	0.000559
23810	23108	27	0.015092
23810	22984	1	0.000559
23810	23114	7	0.003913
23810	23181	1	0.000559
23810	22994	102	0.057015
23810	23251	2	0.001118
23810	22997	1	0.000559
23810	23127	2	0.001118
23810	23122	1	0.000559
23810	23354	2	0.001118
23810	23134	16	0.008944
23810	23267	1	0.000559
23810	23400	5	0.002795
23810	23401	2	0.001118
23810	23658	6	0.003354
23810	23403	5	0.002795
23810	23506	5	0.002795
23810	23023	1	0.000559
23810	23664	6	0.003354
23810	23016	1	0.000559
23810	23284	9	0.005031
23810	23413	1	0.000559
23810	23674	3	0.001677
23810	23743	3	0.001677
23810	23082	14	0.007826
23810	23039	17	0.009503
