Src	Trg	LinkCount	RelLinkCount
57344	57222	1	0.026316
57344	57543	1	0.026316
57344	57100	1	0.026316
57344	57492	1	0.026316
57344	58133	1	0.026316
57344	57244	1	0.026316
57345	58245	2	0.003766
57345	58124	1	0.001883
57345	57874	1	0.001883
57345	58132	1	0.001883
57345	57881	2	0.003766
57345	57242	8	0.015066
57345	57244	13	0.024482
57345	57754	2	0.003766
57345	57252	6	0.011299
57345	57389	1	0.001883
57345	57399	1	0.001883
57345	57162	4	0.007533
57345	58196	2	0.003766
57345	57380	11	0.020716
57345	57186	1	0.001883
57345	58211	1	0.001883
57345	58215	3	0.005650
57345	57194	2	0.003766
57345	57325	13	0.024482
57345	57712	10	0.018832
57345	57841	388	0.730697
57345	57465	1	0.001883
57345	57850	5	0.009416
57346	57479	13	0.021138
57346	57608	2	0.003252
57346	57611	48	0.078049
57346	57837	1	0.001626
57346	57489	2	0.003252
57346	57747	2	0.003252
57346	58133	138	0.224390
57346	57242	1	0.001626
57346	57434	4	0.006504
57346	57887	2	0.003252
57346	57896	92	0.149593
57346	57501	195	0.317073
57346	57266	3	0.004878
57346	57525	2	0.003252
57346	57532	18	0.029268
57346	57536	3	0.004878
57346	57035	2	0.003252
57346	57804	2	0.003252
57346	58062	1	0.001626
57346	57167	3	0.004878
57346	57685	1	0.001626
57346	57178	2	0.003252
57346	58214	3	0.004878
57346	58215	2	0.003252
57346	57325	4	0.006504
57346	57841	4	0.006504
57346	57080	45	0.073171
57346	58236	4	0.006504
57346	57599	5	0.008130
57347	57920	4	0.022472
57347	58236	1	0.005618
57347	58215	175	0.983146
57347	57161	5	0.028090
57347	57486	1	0.005618
57347	57070	1	0.005618
57347	57881	10	0.056180
57347	57754	1	0.005618
57347	57244	9	0.050562
57348	57244	1	0.016129
57348	57274	1	0.016129
57348	58211	23	0.370968
57348	58236	4	0.064516
57348	57389	1	0.016129
57349	57425	2	0.002336
57349	57308	2043	2.386682
57349	57636	1	0.001168
57351	58211	222	3.264706
57351	58236	110	1.617647
57351	57030	55	0.808824
57352	57308	2	0.005764
57352	57189	1	0.002882
57353	57479	1	0.003559
57353	57162	1	0.003559
57353	57047	3	0.010676
57353	58062	30	0.106762
57353	57616	72	0.256228
57353	57841	1	0.003559
57353	58226	1	0.003559
57353	58196	4	0.014235
57353	57623	3	0.010676
57353	57176	1	0.003559
57353	57754	145	0.516014
57353	58236	4	0.014235
57353	57981	3	0.010676
57353	57278	2	0.007117
57353	57599	2	0.007117
57354	57425	2	0.002336
57354	57308	2043	2.386682
57354	57636	1	0.001168
57355	58170	1	0.038462
57355	57555	194	7.461538
57357	57555	220	10.476190
57361	57479	14	0.019802
57363	57553	2	0.133333
57363	57227	3	0.200000
57366	57643	1	0.071429
57366	57221	1	0.071429
57366	57815	1	0.071429
57367	58211	4	0.095238
57367	57399	6	0.142857
57369	58196	5	0.121951
57369	58214	3	0.073171
57369	57479	1	0.024390
57370	57193	2	0.043478
57370	57227	7	0.152174
57370	58194	1	0.021739
57370	58196	1	0.021739
57370	57047	28	0.608696
57370	57176	3	0.065217
57370	58236	2	0.043478
57371	57353	2	0.035088
57371	57986	4	0.070175
57371	58211	2	0.035088
57371	57244	2	0.035088
57371	57389	1	0.017544
57372	58214	1	0.011905
57372	57227	2	0.023810
57372	58196	2	0.023810
57372	57176	1	0.011905
57372	57498	1	0.011905
57372	58236	1	0.011905
57372	57754	1	0.011905
57374	57425	2	0.002320
57374	57308	2061	2.390951
57374	57636	1	0.001160
57375	57273	1	0.020408
57375	57583	1	0.020408
57375	57637	2	0.040816
57375	57383	1	0.020408
57375	58215	1	0.020408
57376	57809	2	0.020408
57376	58211	74	0.755102
57376	58236	1	0.010204
57377	57025	1	0.020408
57377	57227	1	0.020408
57377	58215	1	0.020408
57377	57865	1	0.020408
57377	58023	1	0.020408
57377	57196	1	0.020408
57377	57519	1	0.020408
57377	57521	1	0.020408
57377	58035	1	0.020408
57377	57434	1	0.020408
57377	57242	1	0.020408
57377	57370	1	0.020408
57378	58211	1	0.027778
57378	58215	4	0.111111
57378	57194	2	0.055556
57378	57389	1	0.027778
57378	57716	1	0.027778
57378	57754	1	0.027778
57378	57247	1	0.027778
57380	57479	5	0.005400
57380	58122	1	0.001080
57380	57486	73	0.078834
57380	57809	1	0.001080
57380	57747	1	0.001080
57380	57876	1	0.001080
57380	57240	2	0.002160
57380	57881	5	0.005400
57380	57754	926	1.000000
57380	57247	1	0.001080
57380	57460	1	0.001080
57380	57252	4	0.004320
57380	57389	1	0.001080
57380	57268	1	0.001080
57380	57399	2	0.002160
57380	57272	4	0.004320
57380	57204	3	0.003240
57380	57543	1	0.001080
57380	57162	3	0.003240
57380	57553	1	0.001080
57380	58196	1	0.001080
57380	57081	1	0.001080
57380	57176	5	0.005400
57380	58074	4	0.004320
57380	57312	1	0.001080
57380	58211	2	0.002160
57380	58215	12	0.012959
57380	57194	5	0.005400
57380	57959	1	0.001080
57380	57812	1	0.001080
57380	57841	1	0.001080
57380	57716	9	0.009719
57380	57465	10	0.010799
57380	57850	1	0.001080
57380	57085	25	0.026998
57381	58211	3	0.250000
57381	58236	2	0.166667
57381	57559	1	0.083333
57382	57657	3	0.005736
57382	57194	1	0.001912
57382	58211	6	0.011472
57382	57510	1	0.001912
57382	57151	1	0.001912
57383	57874	2	0.002721
57383	58214	15	0.020408
57383	58087	4	0.005442
57383	57162	7	0.009524
57383	57479	12	0.016327
57383	57804	2	0.002721
57383	58221	2	0.002721
57383	57070	2	0.002721
57383	57297	1	0.001361
57383	57809	1	0.001361
57383	58215	5	0.006803
57383	57109	3	0.004082
57383	58134	2	0.002721
57383	57399	2	0.002721
57383	57465	2	0.002721
57383	57242	4	0.005442
57383	57915	2	0.002721
57383	58236	5	0.006803
57383	57194	3	0.004082
57385	57553	1	0.006757
57385	58196	1	0.006757
57385	57750	148	1.000000
57386	57881	2	1.000000
57386	57420	2	1.000000
57386	57877	4	2.000000
57386	58215	2	1.000000
57389	57070	1	0.001222
57389	58211	3	0.003667
57389	57764	1	0.001222
57389	58215	1	0.001222
57389	57162	1	0.001222
57389	57479	1	0.001222
57389	58221	1	0.001222
57389	57486	11	0.013447
57389	57648	13	0.015892
57389	57714	8	0.009780
57389	58115	1	0.001222
57389	57268	1	0.001222
57389	57493	1	0.001222
57389	57175	2	0.002445
57389	57380	6	0.007335
57389	57754	4	0.004890
57389	57194	1	0.001222
57389	57397	4	0.004890
57391	58214	1	0.001792
57391	57553	2	0.003584
57391	57162	2	0.003584
57391	57841	2	0.003584
57391	57555	2	0.003584
57391	57399	43	0.077061
57391	57659	1	0.001792
57391	57308	7	0.012545
57394	58236	2	1.000000
57394	57290	2	1.000000
57394	57556	82	41.000000
57394	57118	2	1.000000
57394	57567	2	1.000000
57395	57425	2	0.002347
57395	57308	2031	2.383803
57395	57636	1	0.001174
57397	57240	1	0.018182
57397	57244	1	0.018182
57397	57389	44	0.800000
57397	58215	1	0.018182
57398	58215	1	0.005435
57398	58058	1	0.005435
57398	57325	1	0.005435
57398	57489	2	0.010870
57398	58226	34	0.184783
57398	58236	1	0.005435
57399	57864	2	0.000799
57399	57080	2	0.000799
57399	57874	5	0.001997
57399	57363	1	0.000399
57399	57877	1	0.000399
57399	57881	5	0.001997
57399	57887	5	0.001997
57399	57891	1	0.000399
57399	57380	1	0.000399
57399	57383	4	0.001597
57399	57389	14	0.005591
57399	57902	2	0.000799
57399	57391	10	0.003994
57399	57920	1	0.000399
57399	57926	3	0.001198
57399	57419	3	0.001198
57399	57932	1	0.000399
57399	57425	12	0.004792
57399	57938	16	0.006390
57399	57434	7	0.002796
57399	57436	1	0.000399
57399	57117	1	0.000399
57399	57458	1	0.000399
57399	57460	2	0.000799
57399	57465	6	0.002396
57399	57981	2	0.000799
57399	57472	2	0.000799
57399	57989	7	0.002796
57399	57479	29	0.011581
57399	57994	2	0.000799
57399	58221	2	0.000799
57399	58000	14	0.005591
57399	57490	5	0.001997
57399	58003	10	0.003994
57399	58006	1	0.000399
57399	57499	12	0.004792
57399	57712	8	0.003195
57399	58024	2	0.000799
57399	58031	2	0.000799
57399	58033	2	0.000799
57399	58038	24	0.009585
57399	58039	4	0.001597
57399	58040	9	0.003594
57399	58046	1	0.000399
57399	57543	2	0.000799
57399	57032	1	0.000399
57399	57035	3	0.001198
57399	57548	2	0.000799
57399	57037	1	0.000399
57399	57553	22	0.008786
57399	57555	1	0.000399
57399	57557	2	0.000799
57399	57047	7	0.002796
57399	57561	2	0.000799
57399	57568	9	0.003594
57399	57070	534	0.213259
57399	57809	1	0.000399
57399	58092	1	0.000399
57399	58094	1	0.000399
57399	57071	2	0.000799
57399	57588	3	0.001198
57399	57078	1	0.000399
57399	57592	2	0.000799
57399	57081	1	0.000399
57399	57605	2	0.000799
57399	57094	1	0.000399
57399	57608	1	0.000399
57399	58122	1	0.000399
57399	57559	3	0.001198
57399	58124	1	0.000399
57399	57101	4	0.001597
57399	58132	2	0.000799
57399	58073	51	0.020367
57399	58139	2	0.000799
57399	57116	4	0.001597
57399	57629	4	0.001597
57399	57636	8	0.003195
57399	58156	1	0.000399
57399	58157	16	0.006390
57399	57209	1	0.000399
57399	57653	1	0.000399
57399	58168	10	0.003994
57399	57145	3	0.001198
57399	58170	17	0.006789
57399	57659	13	0.005192
57399	57667	2	0.000799
57399	57162	16	0.006390
57399	58191	2	0.000799
57399	57681	2	0.000799
57399	58196	39	0.015575
57399	57176	153	0.061102
57399	57146	8	0.003195
57399	58208	18	0.007188
57399	58209	20	0.007987
57399	57698	1	0.000399
57399	58211	4	0.001597
57399	58214	38	0.015176
57399	58215	2	0.000799
57399	57706	2	0.000799
57399	57194	10	0.003994
57399	57200	7	0.002796
57399	58226	13	0.005192
57399	58233	3	0.001198
57399	57723	2	0.000799
57399	58236	84	0.033546
57399	58242	1	0.000399
57399	57735	1	0.000399
57399	57227	5	0.001997
57399	57747	5	0.001997
57399	57582	1	0.000399
57399	57239	1	0.000399
57399	57754	100	0.039936
57399	57244	14	0.005591
57399	57242	15	0.005990
57399	57252	1	0.000399
57399	57257	1	0.000399
57399	57264	2	0.000799
57399	57272	3	0.001198
57399	57275	1	0.000399
57399	57278	2	0.000799
57399	57800	4	0.001597
57399	57420	5	0.001997
57399	57293	3	0.001198
57399	57806	2	0.000799
57399	57295	5	0.001997
57399	57297	8	0.003195
57399	57818	9	0.003594
57399	57308	4	0.001597
57399	57312	2	0.000799
57399	57181	18	0.007188
57399	57833	13	0.005192
57399	57322	12	0.004792
57399	57325	4	0.001597
57399	57841	218	0.087061
57399	57846	19	0.007588
57399	57850	2	0.000799
57399	57341	11	0.004393
57399	57854	1	0.000399
57402	57345	1	0.000608
57402	57857	4	0.002432
57402	57864	2	0.001216
57402	57865	4	0.002432
57402	57867	4	0.002432
57402	57363	4	0.002432
57402	57353	9	0.005471
57402	57881	7	0.004255
57402	57519	4	0.002432
57402	57372	4	0.002432
57402	57377	4	0.002432
57402	57891	1	0.000608
57402	57380	3	0.001824
57402	57893	2	0.001216
57402	57898	4	0.002432
57402	57391	4	0.002432
57402	57182	3	0.001824
57402	57399	75	0.045593
57402	57915	4	0.002432
57402	57406	8	0.004863
57402	57932	20	0.012158
57402	57423	4	0.002432
57402	57425	4	0.002432
57402	57940	4	0.002432
57402	57947	4	0.002432
57402	57436	4	0.002432
57402	57960	21	0.012766
57402	57449	4	0.002432
57402	57451	4	0.002432
57402	57714	2	0.001216
57402	57961	4	0.002432
57402	57981	23	0.013982
57402	57472	17	0.010334
57402	58236	6	0.003647
57402	57479	15	0.009119
57402	57486	37	0.022492
57402	58000	1	0.000608
57402	57490	4	0.002432
57402	57498	4	0.002432
57402	57499	4	0.002432
57402	58029	8	0.004863
57402	58031	13	0.007903
57402	57521	4	0.002432
57402	57522	2	0.001216
57402	58035	4	0.002432
57402	57530	4	0.002432
57402	57531	4	0.002432
57402	58046	18	0.010942
57402	57548	12	0.007295
57402	57041	12	0.007295
57402	57554	4	0.002432
57402	57557	4	0.002432
57402	57046	20	0.012158
57402	58073	4	0.002432
57402	57565	4	0.002432
57402	57054	4	0.002432
57402	57571	4	0.002432
57402	57577	10	0.006079
57402	58092	32	0.019453
57402	57070	6	0.003647
57402	57071	16	0.009726
57402	57078	4	0.002432
57402	57592	31	0.018845
57402	57386	4	0.002432
57402	57599	22	0.013374
57402	57088	4	0.002432
57402	57605	9	0.005471
57402	57606	4	0.002432
57402	57616	13	0.007903
57402	57623	4	0.002432
57402	58139	15	0.009119
57402	57628	4	0.002432
57402	57117	16	0.009726
57402	57630	4	0.002432
57402	58144	20	0.012158
57402	58160	12	0.007295
57402	58168	4	0.002432
57402	57145	4	0.002432
57402	58170	4	0.002432
57402	58175	4	0.002432
57402	57162	12	0.007295
57402	57679	4	0.002432
57402	57681	18	0.010942
57402	57682	6	0.003647
57402	57684	8	0.004863
57402	57687	4	0.002432
57402	57194	2	0.001216
57402	57694	20	0.012158
57402	58209	4	0.002432
57402	57698	16	0.009726
57402	58211	1	0.000608
57402	58214	1	0.000608
57402	58215	6	0.003647
57402	57193	4	0.002432
57402	57706	4	0.002432
57402	57196	4	0.002432
57402	58221	4	0.002432
57402	57200	4	0.002432
57402	58226	24	0.014590
57402	58230	2	0.001216
57402	57721	1	0.000608
57402	57724	4	0.002432
57402	57725	4	0.002432
57402	58241	9	0.005471
57402	57731	4	0.002432
57402	57735	18	0.010942
57402	57226	4	0.002432
57402	57740	7	0.004255
57402	57237	4	0.002432
57402	57242	10	0.006079
57402	57244	1	0.000608
57402	57754	913	0.555015
57402	57257	16	0.009726
57402	57258	4	0.002432
57402	57261	4	0.002432
57402	57777	2	0.001216
57402	57266	1	0.000608
57402	57278	22	0.013374
57402	57281	4	0.002432
57402	57798	4	0.002432
57402	57808	1	0.000608
57402	57300	16	0.009726
57402	57814	4	0.002432
57402	58191	12	0.007295
57402	57312	2	0.001216
57402	57825	5	0.003040
57402	57830	4	0.002432
57402	57833	4	0.002432
57402	57841	6	0.003647
57402	57045	4	0.002432
57402	57844	4	0.002432
57402	57846	4	0.002432
57402	57335	4	0.002432
57403	57624	2	0.033333
57403	57913	1	0.016667
57403	58100	75	1.250000
57403	57670	1	0.016667
57405	58211	55	1.078431
57406	57891	1	0.008065
57406	58215	124	1.000000
57406	58092	3	0.024194
57406	57740	1	0.008065
57406	58226	3	0.024194
57406	57548	3	0.024194
57406	57399	3	0.024194
57406	57465	3	0.024194
57406	57754	204	1.645161
57406	57244	1	0.008065
57406	57242	2	0.016129
57406	57278	3	0.024194
57406	57599	3	0.024194
57410	58092	5	0.006658
57410	57094	1	0.001332
57410	57479	4	0.005326
57410	57961	1	0.001332
57410	57767	1	0.001332
57410	58124	2	0.002663
57410	58132	1	0.001332
57411	57985	5	0.004132
57411	57302	5	0.004132
57411	57479	1	0.000826
57411	57486	31	0.025620
57411	57710	5	0.004132
57411	57240	1	0.000826
57411	57881	21	0.017355
57411	57754	4	0.003306
57411	57500	8	0.006612
57411	57247	6	0.004959
57411	58016	5	0.004132
57411	57380	3	0.002479
57411	57893	1	0.000826
57411	57948	1	0.000826
57411	57386	1	0.000826
57411	57399	3	0.002479
57411	57272	1	0.000826
57411	57667	5	0.004132
57411	58181	10	0.008264
57411	57286	1	0.000826
57411	57162	7	0.005785
57411	57809	2	0.001653
57411	57558	2	0.001653
57411	57052	5	0.004132
57411	58211	291	0.240496
57411	58215	4	0.003306
57411	57194	23	0.019008
57411	57582	5	0.004132
57411	58223	5	0.004132
57411	57460	1	0.000826
57411	58230	1	0.000826
57411	57719	113	0.093388
57411	57877	6	0.004959
57413	57881	23	1.150000
57413	57242	1	0.050000
57413	57486	2	0.100000
57414	58196	54	2.000000
57414	57107	27	1.000000
57414	57300	52	1.925926
57416	57393	94	0.686131
57416	57478	3	0.021898
57417	57909	56	3.294118
57418	57984	1	0.018182
57418	57345	1	0.018182
57418	57602	2	0.036364
57418	58211	1	0.018182
57418	57316	1	0.018182
57418	58214	1	0.018182
57418	58215	4	0.072727
57418	57960	3	0.054545
57418	58236	1	0.018182
57418	57195	1	0.018182
57418	57070	1	0.018182
57418	57135	1	0.018182
57418	57297	1	0.018182
57418	57841	1	0.018182
57418	57047	1	0.018182
57418	57176	6	0.109091
57418	57434	1	0.018182
57418	57479	9	0.163636
57418	57754	4	0.072727
57418	58120	3	0.054545
57419	57558	1	0.043478
57419	58209	1	0.043478
57419	57622	1	0.043478
57419	57926	1	0.043478
57419	57896	19	0.826087
57419	57070	2	0.086957
57419	57391	1	0.043478
57419	57555	1	0.043478
57419	58038	1	0.043478
57419	57176	6	0.260870
57419	58170	1	0.043478
57420	57089	2	0.015748
57420	58215	248	1.952756
57420	57386	131	1.031496
57420	57389	2	0.015748
57420	57242	9	0.070866
57420	57642	1	0.007874
57422	57760	2	0.027027
57422	58211	13	0.175676
57422	57479	2	0.027027
57422	58226	1	0.013514
57422	57429	3	0.040541
57422	57469	1	0.013514
57423	57345	1	0.002475
57423	57058	6	0.014851
57423	57671	4	0.009901
57423	57479	2	0.004950
57423	58214	3	0.007426
57423	58215	2	0.004950
57423	58236	3	0.007426
57423	57081	2	0.004950
57423	58124	2	0.004950
57423	57841	7	0.017327
57423	57458	8	0.019802
57423	58196	3	0.007426
57423	57047	4	0.009901
57423	57176	5	0.012376
57423	57881	1	0.002475
57423	57754	2	0.004950
57423	57244	8	0.019802
57423	57981	23	0.056931
57423	57855	25	0.061881
57424	57162	2	0.013793
57424	58211	4	0.027586
57424	57286	1	0.006897
57425	57218	1	0.001042
57425	57479	3	0.003125
57425	57227	19	0.019792
57425	57109	1	0.001042
57425	57242	5	0.005208
57425	57244	2	0.002083
57425	57754	3	0.003125
57425	57764	1	0.001042
57425	57383	16	0.016667
57425	57389	1	0.001042
57425	57399	1012	1.054167
57425	57272	3	0.003125
57425	57671	1	0.001042
57425	57161	11	0.011458
57425	57162	5	0.005208
57425	57420	1	0.001042
57425	57553	2	0.002083
57425	57938	1	0.001042
57425	58196	23	0.023958
57425	57047	1	0.001042
57425	57176	18	0.018750
57425	58073	2	0.002083
57425	57434	1	0.001042
57425	57308	10	0.010417
57425	57181	1	0.001042
57425	57568	1	0.001042
57425	58214	16	0.016667
57425	58215	6	0.006250
57425	57194	1	0.001042
57425	58092	2	0.002083
57425	57325	1	0.001042
57425	57070	6	0.006250
57425	57841	1	0.001042
57425	57723	1	0.001042
57425	58236	1	0.001042
57425	58090	1	0.001042
57427	57308	2	0.006116
57427	57189	1	0.003058
57427	57070	1	0.003058
57428	57592	186	4.428571
57428	57754	12	0.285714
57429	58242	1	0.001437
57429	57316	1	0.001437
57429	58236	2	0.002874
57429	58215	1	0.001437
57429	57161	1	0.001437
57429	58090	1	0.001437
57429	57553	1	0.001437
57429	57162	1	0.001437
57429	58221	1	0.001437
57429	57389	2	0.002874
57429	57841	1	0.001437
57429	58226	35	0.050287
57429	58196	1	0.001437
57429	57176	3	0.004310
57429	57242	5	0.007184
57429	57531	1	0.001437
57429	57244	2	0.002874
57429	57469	13	0.018678
57429	57754	2	0.002874
57434	57346	5	0.001448
57434	57479	3440	0.996235
57434	57559	10	0.002896
57434	57837	5	0.001448
57434	57874	20	0.005792
57434	57242	97	0.028092
57434	57500	2	0.000579
57434	57887	10	0.002896
57434	57383	5	0.001448
57434	57244	141	0.040834
57434	57671	5	0.001448
57434	58221	5	0.001448
57434	57227	5	0.001448
57434	58055	14	0.004054
57434	57162	5	0.001448
57434	58063	10	0.002896
57434	58196	5	0.001448
57434	57558	5	0.001448
57434	57047	5	0.001448
57434	57176	20	0.005792
57434	57308	5	0.001448
57434	57312	15	0.004344
57434	57316	16	0.004634
57434	58214	5	0.001448
57434	58215	3439	0.995946
57434	57194	17	0.004923
57434	57835	5	0.001448
57434	57325	16	0.004634
57434	57070	10	0.002896
57434	57714	5	0.001448
57434	57465	5	0.001448
57434	58236	5	0.001448
57434	58090	10	0.002896
57436	58196	5	0.102041
57436	57553	1	0.020408
57436	57308	49	1.000000
57436	58214	2	0.040816
57436	57399	4	0.081633
57437	57425	2	0.003145
57437	57308	1508	2.371069
57438	57346	1	0.000292
57438	57476	15	0.004373
57438	57222	1	0.000292
57438	57608	1	0.000292
57438	57559	2	0.000583
57438	57486	1	0.000292
57438	57325	5	0.001458
57438	57489	1	0.000292
57438	57747	35376	10.313703
57438	57492	1	0.000292
57438	58133	6	0.001749
57438	58006	11	0.003207
57438	57239	5	0.001458
57438	57881	4	0.001166
57438	57244	1	0.000292
57438	57887	2	0.000583
57438	57380	2	0.000583
57438	57094	25	0.007289
57438	57383	1	0.000292
57438	57896	1	0.000292
57438	57716	1	0.000292
57438	57133	2	0.000583
57438	57047	3	0.000875
57438	57209	2	0.000583
57438	57777	1	0.000292
57438	57525	1	0.000292
57438	57399	22	0.006414
57438	57460	1	0.000292
57438	57536	1	0.000292
57438	57282	1	0.000292
57438	57419	1	0.000292
57438	58052	2	0.000583
57438	57286	2	0.000583
57438	57800	3	0.000875
57438	57035	5	0.001458
57438	58062	1	0.000292
57438	57295	4	0.001166
57438	57849	1	0.000292
57438	57176	4	0.001166
57438	58073	1	0.000292
57438	57178	1	0.000292
57438	57568	1	0.000292
57438	58211	28	0.008163
57438	58214	8	0.002332
57438	58215	3	0.000875
57438	57833	2	0.000583
57438	57837	1	0.000292
57438	57070	38	0.011079
57438	57467	1	0.000292
57438	57588	1	0.000292
57438	57846	17	0.004956
57438	57719	1	0.000292
57438	57080	2	0.000583
57438	58233	5	0.001458
57438	57723	2	0.000583
57438	58236	3	0.000875
57438	57854	2	0.000583
57438	57877	12	0.003499
57439	58211	4	0.076923
57439	57555	1137	21.865385
57440	58211	40	0.008005
57440	57093	1	0.000200
57440	58215	1	0.000200
57440	57386	1	0.000200
57440	57479	1	0.000200
57440	58124	1	0.000200
57440	57837	14	0.002802
57440	58062	1	0.000200
57440	57597	14	0.002802
57440	57747	2	0.000400
57440	57500	2	0.000400
57440	57501	1	0.000200
57441	57555	217	8.346154
57442	57479	34	0.036093
57442	58124	2	0.002123
57442	57237	498	0.528662
57442	57242	9	0.009554
57442	57500	3	0.003185
57442	57754	24	0.025478
57442	57767	3	0.003185
57442	57258	4	0.004246
57442	58039	3	0.003185
57442	57272	3	0.003185
57442	57030	2	0.002123
57442	57543	2	0.002123
57442	57162	3	0.003185
57442	57680	2	0.002123
57442	57553	2	0.002123
57442	58196	3	0.003185
57442	57814	6	0.006369
57442	57176	2	0.002123
57442	58214	21	0.022293
57442	58215	17	0.018047
57442	58236	1	0.001062
57442	58090	2	0.002123
57442	57724	2	0.002123
57442	57469	3	0.003185
57443	57344	1	0.000749
57443	58113	394	0.294910
57443	57281	6	0.004491
57443	58211	153	0.114521
57443	58214	7	0.005240
57443	57222	2	0.001497
57443	57927	1	0.000749
57443	57896	1	0.000749
57443	58057	1	0.000749
57443	58031	6	0.004491
57443	57608	1	0.000749
57443	57747	1	0.000749
57443	57719	2	0.001497
57443	57080	1	0.000749
57443	57242	1	0.000749
57443	57244	1	0.000749
57443	57501	1	0.000749
57445	57425	2	0.002370
57445	57308	2007	2.377962
57445	57636	1	0.001185
57447	57425	2	0.002424
57447	57308	2323	2.815758
57447	57636	1	0.001212
57448	57764	1	0.043478
57448	57244	2	0.086957
57448	57881	1	0.043478
57449	57754	64	5.818182
57449	57605	110	10.000000
57451	57242	1	0.003690
57451	57244	2	0.007380
57451	57754	2	0.007380
57451	57630	1	0.003690
57451	57391	1	0.003690
57451	58168	1	0.003690
57451	57145	3	0.011070
57451	58170	2	0.007380
57451	58183	1	0.003690
57451	57809	1	0.003690
57451	58196	7	0.025830
57451	57047	2	0.007380
57451	57176	7	0.025830
57451	57307	1	0.003690
57451	57316	2	0.007380
57451	58214	3	0.011070
57451	58215	2	0.007380
57451	57194	2	0.007380
57451	57067	1	0.003690
57451	58221	2	0.007380
57451	57841	1	0.003690
57451	58226	22	0.081181
57451	57078	2	0.007380
57451	57469	1	0.003690
57453	57569	1	0.033333
57453	57047	1	0.033333
57454	58153	1	0.011905
57454	57555	691	8.226190
57456	57345	1	0.000232
57456	57346	1	0.000232
57456	57479	1	0.000232
57456	57389	1	0.000232
57456	57877	2	0.000464
57456	57239	1	0.000232
57456	57242	1	0.000232
57456	57501	2	0.000464
57456	57896	1	0.000232
57456	57133	4	0.000928
57456	57135	1	0.000232
57456	57525	1	0.000232
57456	57558	2	0.000464
57456	57047	1	0.000232
57456	57176	2	0.000464
57456	57316	1	0.000232
57456	58214	2	0.000464
57456	58215	1	0.000232
57456	57194	2	0.000464
57456	57070	1	0.000232
57456	57841	2	0.000464
57456	57080	2	0.000464
57456	58236	2	0.000464
57456	58133	3	0.000696
57457	58211	2	0.285714
57458	57345	3	0.003501
57458	57218	6	0.007001
57458	57227	1	0.001167
57458	58242	2	0.002334
57458	58132	1	0.001167
57458	57244	2	0.002334
57458	57120	6	0.007001
57458	57383	4	0.004667
57458	57536	6	0.007001
57458	57283	6	0.007001
57458	57159	6	0.007001
57458	57423	7	0.008168
57458	57553	1	0.001167
57458	57841	4	0.004667
57458	58196	4	0.004667
57458	57047	1	0.001167
57458	57176	31	0.036173
57458	57948	1	0.001167
57458	57316	1	0.001167
57458	58214	2	0.002334
57458	58215	1	0.001167
57458	57704	6	0.007001
57458	58216	6	0.007001
57458	58236	3	0.003501
57458	57981	880	1.026838
57458	57855	818	0.954492
57459	57425	2	0.002410
57459	57308	2338	2.816867
57459	57636	1	0.001205
57460	57194	1	0.035714
57460	57380	1	0.035714
57460	57486	43	1.535714
57462	57553	2	0.090909
57462	57047	1	0.045455
57463	57593	2	0.117647
57465	57347	543	0.998162
57465	58245	1	0.001838
57465	57479	8	0.014706
57465	57227	5	0.009191
57465	57486	2	0.003676
57465	57874	4	0.007353
57465	57809	1	0.001838
57465	57493	4	0.007353
57465	57240	3	0.005515
57465	57881	10	0.018382
57465	57498	2	0.003676
57465	57244	9	0.016544
57465	57242	2	0.003676
57465	57767	2	0.003676
57465	57642	75	0.137868
57465	57175	2	0.003676
57465	57915	9	0.016544
57465	57161	4	0.007353
57465	57162	1	0.001838
57465	57553	2	0.003676
57465	58196	6	0.011029
57465	57047	2	0.003676
57465	57176	8	0.014706
57465	58074	1	0.001838
57465	57312	1	0.001838
57465	57186	1	0.001838
57465	58211	1	0.001838
57465	58214	3	0.005515
57465	58215	3	0.005515
57465	57194	580	1.066176
57465	57325	3	0.005515
57465	57841	2	0.003676
57467	57479	8	0.023392
57467	57227	1	0.002924
57467	57843	2	0.005848
57467	57233	2	0.005848
57467	57747	3	0.008772
57467	57434	3	0.008772
57467	57877	2	0.005848
57467	57495	3	0.008772
57467	57881	1	0.002924
57467	58139	7	0.020468
57467	57244	1	0.002924
57467	57501	5	0.014620
57467	58016	1	0.002924
57467	57896	2	0.005848
57467	58247	3	0.008772
57467	58031	1	0.002924
57467	57203	8	0.023392
57467	57661	3	0.008772
57467	57927	2	0.005848
57467	58189	1	0.002924
57467	57558	5	0.014620
57467	57176	2	0.005848
57467	57306	1	0.002924
57467	58211	5	0.014620
57467	57444	3	0.008772
57467	58215	1	0.002924
57467	58216	2	0.005848
57467	57194	1	0.002924
57467	57969	1	0.002924
57467	57363	3	0.008772
57467	57466	1	0.002924
57467	58236	3	0.008772
57467	57981	1	0.002924
57467	57854	1	0.002924
57467	58133	1	0.002924
57468	57425	2	0.002418
57468	57308	2329	2.816203
57468	57636	1	0.001209
57469	57067	12	0.013761
57469	57476	4	0.004587
57469	57608	14	0.016055
57469	57226	7	0.008028
57469	57227	2	0.002294
57469	57754	4	0.004587
57469	57389	2	0.002294
57469	57489	11	0.012615
57469	57747	3	0.003440
57469	57492	1	0.001147
57469	57877	1	0.001147
57469	57604	3	0.003440
57469	57626	1	0.001147
57469	57332	3	0.003440
57469	57630	3	0.003440
57469	57760	1	0.001147
57469	57505	1	0.001147
57469	57122	5	0.005734
57469	57588	1	0.001147
57469	57767	4	0.004587
57469	57386	1	0.001147
57469	58219	3	0.003440
57469	57714	3	0.003440
57469	58033	2	0.002294
57469	57778	3	0.003440
57469	57398	6	0.006881
57469	57015	6	0.006881
57469	57528	4	0.004587
57469	57145	7	0.008028
57469	57274	6	0.006881
57469	57531	10	0.011468
57469	57162	4	0.004587
57469	57419	1	0.001147
57469	58183	2	0.002294
57469	58057	5	0.005734
57469	57802	6	0.006881
57469	57399	1	0.001147
57469	58061	2	0.002294
57469	57551	6	0.006881
57469	57553	4	0.004587
57469	57429	7	0.008028
57469	57047	2	0.002294
57469	57176	11	0.012615
57469	57194	4	0.004587
57469	57434	6	0.006881
57469	57307	4	0.004587
57469	57308	9	0.010321
57469	57312	4	0.004587
57469	58211	6	0.006881
57469	58214	5	0.005734
57469	57190	1	0.001147
57469	58215	16	0.018349
57469	57706	9	0.010321
57469	57451	6	0.006881
57469	58221	6	0.006881
57469	57968	3	0.003440
57469	58226	41	0.047018
57469	57844	6	0.006881
57469	57078	14	0.016055
57469	57597	5	0.005734
57469	57854	9	0.010321
57469	58133	1	0.001147
57471	58211	6	0.047244
57472	57297	6	0.166667
57472	58215	1	0.027778
57472	58196	14	0.388889
57472	58093	7	0.194444
57472	57047	1	0.027778
57473	58242	5	0.006258
57473	57475	1	0.001252
57473	57479	2	0.002503
57473	57242	3	0.003755
57473	57244	8	0.010013
57473	57383	9	0.011264
57473	57258	2	0.002503
57473	57351	2	0.002503
57473	57389	1	0.001252
57473	58099	1	0.001252
57473	57274	1	0.001252
57473	57919	10	0.012516
57473	57030	1	0.001252
57473	57675	2	0.002503
57473	57548	1	0.001252
57473	57680	1	0.001252
57473	58196	2	0.002503
57473	57814	1230	1.539424
57473	57047	6	0.007509
57473	57176	4	0.005006
57473	57434	1	0.001252
57473	57442	1	0.001252
57473	57316	1	0.001252
57473	58215	6	0.007509
57473	57066	1	0.001252
57473	57841	2	0.002503
57473	57715	1	0.001252
57473	58102	1	0.001252
57473	57080	1	0.001252
57474	57190	2	0.285714
57475	57030	1	0.052632
57476	57346	1	0.000380
57476	57222	6	0.002281
57476	57479	5	0.001901
57476	57608	1	0.000380
57476	57226	1	0.000380
57476	57227	2	0.000760
57476	57487	1	0.000380
57476	57489	6	0.002281
57476	57747	16157	6.143346
57476	57492	6	0.002281
57476	58133	2	0.000760
57476	57622	2	0.000760
57476	57367	2	0.000760
57476	57383	2	0.000760
57476	57242	8	0.003042
57476	57244	3	0.001141
57476	57754	1	0.000380
57476	57887	1	0.000380
57476	57123	2	0.000760
57476	57252	1	0.000380
57476	57094	1	0.000380
57476	57767	2	0.000760
57476	57133	2	0.000760
57476	57525	1	0.000380
57476	57399	1	0.000380
57476	57536	1	0.000380
57476	57419	5	0.001901
57476	58052	3	0.001141
57476	57286	1	0.000380
57476	57800	1	0.000380
57476	58057	2	0.000760
57476	57162	1	0.000380
57476	57035	5	0.001901
57476	58062	1	0.000380
57476	58233	3	0.001141
57476	57080	1	0.000380
57476	58211	3	0.001141
57476	57940	1	0.000380
57476	57559	1	0.000380
57476	57176	6	0.002281
57476	57178	1	0.000380
57476	57837	1	0.000380
57476	57438	2	0.000760
57476	57568	3	0.001141
57476	58209	2	0.000760
57476	57467	1	0.000380
57476	57574	2	0.000760
57476	58214	1	0.000380
57476	57706	1	0.000380
57476	57835	1	0.000380
57476	58221	27	0.010266
57476	57070	8	0.003042
57476	58226	11	0.004183
57476	57588	5	0.001901
57476	58196	2	0.000760
57476	57849	1	0.000380
57476	57723	1	0.000380
57476	58236	3	0.001141
57476	57854	16	0.006084
57477	57346	6	0.004601
57477	57094	6	0.004601
57477	57608	12	0.009202
57477	57489	12	0.009202
57477	57747	6	0.004601
57477	57492	6	0.004601
57477	58133	14	0.010736
57477	57239	6	0.004601
57477	57244	6	0.004601
57477	57501	6	0.004601
57477	57887	6	0.004601
57477	57896	6	0.004601
57477	57525	6	0.004601
57477	57788	6	0.004601
57477	57536	6	0.004601
57477	57927	6	0.004601
57477	57800	6	0.004601
57477	57685	6	0.004601
57477	57559	6	0.004601
57477	58211	73	0.055982
57477	57574	84	0.064417
57477	57532	6	0.004601
57477	57837	6	0.004601
57477	57330	8	0.006135
57477	57588	6	0.004601
57477	57080	6	0.004601
57477	58233	6	0.004601
57478	57416	815	0.989078
57478	57841	1	0.001214
57478	57698	823	0.998786
57479	57345	10	0.012837
57479	57346	2	0.002567
57479	57353	1	0.001284
57479	57361	22	0.028241
57479	57875	6	0.007702
57479	57881	2	0.002567
57479	57884	27	0.034660
57479	57885	1	0.001284
57479	57887	2	0.002567
57479	57380	1	0.001284
57479	57896	1	0.001284
57479	57399	13	0.016688
57479	57915	1	0.001284
57479	57410	32	0.041078
57479	57411	1	0.001284
57479	57418	29	0.037227
57479	58039	1	0.001284
57479	57960	2	0.002567
57479	57460	2	0.002567
57479	57467	1	0.001284
57479	57469	164	0.210526
57479	57486	11	0.014121
57479	57489	1	0.001284
57479	57491	29	0.037227
57479	57495	1	0.001284
57479	58008	18	0.023107
57479	57498	1	0.001284
57479	57501	1	0.001284
57479	57507	47	0.060334
57479	57542	1	0.001284
57479	58030	1	0.001284
57479	58037	1	0.001284
57479	57015	1	0.001284
57479	58042	13	0.016688
57479	57020	10	0.012837
57479	57030	8	0.010270
57479	58057	1	0.001284
57479	57035	1	0.001284
57479	58062	1	0.001284
57479	57553	4	0.005135
57479	57560	3	0.003851
57479	57562	12	0.015404
57479	58078	1	0.001284
57479	57041	2	0.002567
57479	58236	16	0.020539
57479	57067	2	0.002567
57479	58092	2	0.002567
57479	57583	10	0.012837
57479	57588	2	0.002567
57479	58102	3	0.003851
57479	57597	12	0.015404
57479	57602	1	0.001284
57479	57094	1	0.001284
57479	57608	1	0.001284
57479	58122	1	0.001284
57479	58124	1	0.001284
57479	57621	1	0.001284
57479	58134	1	0.001284
57479	57624	15	0.019255
57479	57625	1	0.001284
57479	58145	1	0.001284
57479	57122	10	0.012837
57479	57643	24	0.030809
57479	57135	1	0.001284
57479	58161	31	0.039795
57479	58163	1	0.001284
57479	57142	1	0.001284
57479	57657	38	0.048780
57479	57661	1	0.001284
57479	58174	7	0.008986
57479	57151	1	0.001284
57479	58166	1	0.001284
57479	57162	3	0.003851
57479	57167	64	0.082157
57479	57680	44	0.056483
57479	58196	1	0.001284
57479	57685	1	0.001284
57479	57176	5	0.006418
57479	57178	1	0.001284
57479	57695	33	0.042362
57479	58211	2	0.002567
57479	58214	2	0.002567
57479	58215	10	0.012837
57479	58217	4	0.005135
57479	57194	8	0.010270
57479	57195	35	0.044929
57479	58226	4	0.005135
57479	57724	1	0.001284
57479	57735	2	0.002567
57479	57741	57	0.073171
57479	57837	1	0.001284
57479	57747	2	0.002567
57479	57237	11	0.014121
57479	57750	71	0.091142
57479	57754	12	0.015404
57479	57244	1	0.001284
57479	57242	4	0.005135
57479	57767	4	0.005135
57479	57266	43	0.055199
57479	57272	1	0.001284
57479	57274	48	0.061617
57479	57788	2	0.002567
57479	57789	2	0.002567
57479	57278	2	0.002567
57479	57981	2	0.002567
57479	57285	1	0.001284
57479	57802	51	0.065469
57479	57078	38	0.048780
57479	57814	21	0.026958
57479	57815	1	0.001284
57479	57308	42	0.053915
57479	57821	1	0.001284
57479	57833	1	0.001284
57479	57325	1	0.001284
57479	57843	8	0.010270
57479	57855	8	0.010270
57480	57425	2	0.002378
57480	57308	2371	2.819263
57480	57636	1	0.001189
57485	58211	36	0.972973
57485	57316	4	0.108108
57485	57386	1	0.027027
57485	57293	1	0.027027
57485	57808	1	0.027027
57485	57747	1	0.027027
57485	57110	1	0.027027
57485	57399	1	0.027027
57485	57881	157	4.243243
57485	57242	1	0.027027
57485	58236	1	0.027027
57486	57881	3	0.000100
57486	57754	1	0.000033
57486	57247	1	0.000033
57486	57047	1	0.000033
57486	57927	2	0.000066
57487	58215	1	0.005102
57487	57808	1	0.005102
57487	58226	2	0.010204
57487	58211	9	0.045918
57487	57479	1	0.005102
57489	57346	35	0.047880
57489	57094	19	0.025992
57489	57608	23	0.031464
57489	57227	2	0.002736
57489	57325	1	0.001368
57489	57747	1	0.001368
57489	57492	14	0.019152
57489	57877	7	0.009576
57489	57239	3	0.004104
57489	57242	1	0.001368
57489	57500	1	0.001368
57489	57501	3	0.004104
57489	58014	2	0.002736
57489	57887	19	0.025992
57489	57222	6	0.008208
57489	57383	1	0.001368
57489	57896	5	0.006840
57489	57525	14	0.019152
57489	57531	2	0.002736
57489	57532	4	0.005472
57489	57536	35	0.047880
57489	57927	1	0.001368
57489	57800	20	0.027360
57489	58057	21	0.028728
57489	57035	8	0.010944
57489	58062	17	0.023256
57489	58233	6	0.008208
57489	57685	7	0.009576
57489	57558	3	0.004104
57489	57559	24	0.032832
57489	57178	7	0.009576
57489	57308	1	0.001368
57489	57438	1	0.001368
57489	58211	4	0.005472
57489	58216	1	0.001368
57489	57837	9	0.012312
57489	58226	3	0.004104
57489	57588	21	0.028728
57489	57078	2	0.002736
57489	57080	1	0.001368
57489	57849	13	0.017784
57489	57467	15	0.020520
57489	58236	1	0.001368
57489	57469	1	0.001368
57489	57854	32	0.043776
57489	58133	2	0.002736
57490	58214	3	0.001241
57490	58215	3	0.001241
57490	58236	1	0.000414
57490	57553	3	0.001241
57490	57227	3	0.001241
57490	57176	19	0.007861
57490	57841	3	0.001241
57490	58196	8	0.003310
57490	57383	1	0.000414
57490	57399	68	0.028134
57490	58168	8	0.003310
57490	57881	1	0.000414
57490	57818	1	0.000414
57490	57499	1	0.000414
57490	57308	120	0.049648
57490	57754	2	0.000827
57491	57788	1	0.071429
57491	57178	1	0.071429
57491	57507	16	1.142857
57491	57724	28	2.000000
57492	58176	4	0.006689
57492	57346	2	0.003344
57492	57476	6	0.010033
57492	57605	4	0.006689
57492	57094	2	0.003344
57492	57479	8	0.013378
57492	57608	2	0.003344
57492	57559	2	0.003344
57492	57325	2	0.003344
57492	57489	4	0.006689
57492	58130	4	0.006689
57492	57747	6	0.010033
57492	57877	35	0.058528
57492	57239	2	0.003344
57492	57242	28	0.046823
57492	57244	4	0.006689
57492	57501	6	0.010033
57492	57887	2	0.003344
57492	57896	6	0.010033
57492	57287	4	0.006689
57492	57389	7	0.011706
57492	57650	4	0.006689
57492	57525	2	0.003344
57492	57915	2	0.003344
57492	57532	2	0.003344
57492	57536	2	0.003344
57492	57611	2	0.003344
57492	57927	2	0.003344
57492	57800	2	0.003344
57492	58057	2	0.003344
57492	57162	4	0.006689
57492	57419	2	0.003344
57492	58062	2	0.003344
57492	57558	2	0.003344
57492	57175	2	0.003344
57492	57434	2	0.003344
57492	57316	4	0.006689
57492	58214	2	0.003344
57492	58215	1	0.001672
57492	58216	2	0.003344
57492	57788	2	0.003344
57492	57194	3	0.005017
57492	57837	2	0.003344
57492	57712	1	0.001672
57492	58226	2	0.003344
57492	57587	2	0.003344
57492	57588	8	0.013378
57492	57080	2	0.003344
57492	57209	3	0.005017
57492	58236	8	0.013378
57492	57854	2	0.003344
57492	58133	5	0.008361
57493	57479	9	0.027190
57493	57553	1	0.003021
57493	57227	1	0.003021
57493	57881	10	0.030211
57493	57242	5	0.015106
57493	57244	1	0.003021
57493	57754	2	0.006042
57493	57135	1	0.003021
57493	57268	1	0.003021
57493	57156	1	0.003021
57493	57297	1	0.003021
57493	58196	2	0.006042
57493	57047	1	0.003021
57493	57176	8	0.024169
57493	57434	2	0.006042
57493	58078	1	0.003021
57493	57186	9	0.027190
57493	58211	3	0.009063
57493	58214	4	0.012085
57493	58215	2	0.006042
57493	57194	73	0.220544
57493	57712	1	0.003021
57493	57841	2	0.006042
57493	57716	1	0.003021
57493	57719	1	0.003021
57493	58236	1	0.003021
57494	57227	4	0.006932
57494	57361	4	0.006932
57494	58214	4	0.006932
57494	57543	2	0.003466
57494	57553	1	0.001733
57494	57735	4	0.006932
57494	57616	10	0.017331
57494	57841	4	0.006932
57494	58215	2	0.003466
57494	57176	4	0.006932
57494	57881	1	0.001733
57494	58236	2	0.003466
57495	57244	1	0.002519
57495	58139	16	0.040302
57495	58196	1	0.002519
57495	58214	1	0.002519
57495	57479	1	0.002519
57496	57735	29	0.935484
57498	57344	1	0.000396
57498	57190	1	0.000396
57498	58214	3	0.001187
57498	58236	2	0.000791
57498	57227	2	0.000791
57498	57389	1	0.000396
57498	57047	1	0.000396
57498	57841	3	0.001187
57498	57161	1	0.000396
57498	57176	2	0.000791
57498	57081	1	0.000396
57498	57914	1	0.000396
57498	57915	1	0.000396
57498	57244	1	0.000396
57499	57345	1	0.001538
57499	57608	1	0.001538
57499	57227	2	0.003077
57499	57489	1	0.001538
57499	57490	4	0.006154
57499	57747	1	0.001538
57499	57622	3	0.004615
57499	57242	5	0.007692
57499	57244	10	0.015385
57499	57754	1	0.001538
57499	58057	2	0.003077
57499	57135	1	0.001538
57499	57399	68	0.104615
57499	57543	1	0.001538
57499	57161	2	0.003077
57499	57162	2	0.003077
57499	57419	1	0.001538
57499	57420	1	0.001538
57499	57297	1	0.001538
57499	57555	2	0.003077
57499	58196	11	0.016923
57499	57176	10	0.015385
57499	57308	5	0.007692
57499	58211	1	0.001538
57499	58214	3	0.004615
57499	58215	6	0.009231
57499	58221	2	0.003077
57499	57841	8	0.012308
57499	57588	7	0.010769
57499	58236	5	0.007692
57500	57222	3	0.009615
57500	57735	4	0.012821
57500	57486	21	0.067308
57500	57877	14	0.044872
57500	57881	39	0.125000
57500	57242	8	0.025641
57500	57244	12	0.038462
57500	57178	1	0.003205
57500	57887	1	0.003205
57500	57671	1	0.003205
57500	57126	5	0.016026
57500	57287	2	0.006410
57500	57135	1	0.003205
57500	57278	2	0.006410
57500	57411	2	0.006410
57500	57543	1	0.003205
57500	58057	1	0.003205
57500	58196	2	0.006410
57500	58069	1	0.003205
57500	57558	20	0.064103
57500	57176	1	0.003205
57500	57434	20	0.064103
57500	58078	2	0.006410
57500	57698	1	0.003205
57500	58211	43	0.137821
57500	58214	2	0.006410
57500	57960	1	0.003205
57500	58090	1	0.003205
57500	57325	4	0.012821
57500	57716	1	0.003205
57500	57719	7	0.022436
57500	57467	2	0.006410
57500	58236	3	0.009615
57500	57194	4	0.012821
57500	58133	1	0.003205
57501	57094	2	0.000681
57501	57479	1	0.000340
57501	57611	26	0.008850
57501	57486	4	0.001361
57501	58221	1	0.000340
57501	57489	1	0.000340
57501	57747	5	0.001702
57501	58133	2	0.000681
57501	57877	10	0.003404
57501	57242	1	0.000340
57501	57767	1	0.000340
57501	57898	24	0.008169
57501	57047	2	0.000681
57501	57399	1	0.000340
57501	57787	2	0.000681
57501	57536	1	0.000340
57501	58181	1	0.000340
57501	57286	3	0.001021
57501	57800	2	0.000681
57501	57804	1	0.000340
57501	58063	1	0.000340
57501	58196	1	0.000340
57501	57558	2	0.000681
57501	57559	1	0.000340
57501	57176	1	0.000340
57501	57167	2	0.000681
57501	58207	1	0.000340
57501	58211	11	0.003744
57501	57316	4	0.001361
57501	58214	2	0.000681
57501	57321	1	0.000340
57501	57194	4	0.001361
57501	57325	1	0.000340
57501	57070	3	0.001021
57501	57841	1	0.000340
57501	58226	1	0.000340
57501	57719	2	0.000681
57501	57080	1	0.000340
57501	57492	2	0.000681
57501	57467	2	0.000681
57501	58236	2	0.000681
57501	57854	2	0.000681
57501	57599	6	0.002042
57502	57312	1	0.026316
57502	57960	1	0.026316
57502	58160	1	0.026316
57502	57684	1	0.026316
57502	57270	1	0.026316
57502	57242	6	0.157895
57502	58236	2	0.052632
57502	58046	1	0.026316
57502	57599	1	0.026316
57503	58211	4	0.307692
57505	57161	2	0.054054
57505	57162	1	0.027027
57505	57227	1	0.027027
57505	58221	1	0.027027
57505	57553	2	0.054054
57505	58226	11	0.297297
57505	58196	2	0.054054
57505	57176	1	0.027027
57505	57244	1	0.027027
57507	58241	3	0.002028
57507	57479	22	0.014875
57507	57747	6	0.004057
57507	58133	3	0.002028
57507	57754	6	0.004057
57507	57500	3	0.002028
57507	57178	10	0.006761
57507	57389	1	0.000676
57507	57775	2	0.001352
57507	57525	6	0.004057
57507	57788	10	0.006761
57507	57927	3	0.002028
57507	58184	7	0.004733
57507	57162	3	0.002028
57507	57548	14	0.009466
57507	57080	3	0.002028
57507	58196	4	0.002705
57507	57434	6	0.004057
57507	57308	8	0.005409
57507	57312	3	0.002028
57507	57825	2	0.001352
57507	58211	3	0.002028
57507	57830	3	0.002028
57507	58215	8	0.005409
57507	57491	15	0.010142
57507	57848	5	0.003381
57507	58236	3	0.002028
57507	57877	3	0.002028
57508	57308	2	0.006116
57508	57189	1	0.003058
57509	57476	1	0.000479
57509	57747	3	0.001436
57509	58133	1	0.000479
57509	57622	18	0.008617
57509	57242	2	0.000957
57509	57499	4	0.001915
57509	57116	9	0.004308
57509	57501	2	0.000957
57509	57896	2	0.000957
57509	57244	10	0.004787
57509	57389	2	0.000957
57509	57399	5	0.002393
57509	57787	1	0.000479
57509	57927	2	0.000957
57509	57293	2	0.000957
57509	57808	1	0.000479
57509	57940	1	0.000479
57509	57558	5	0.002393
57509	57434	2	0.000957
57509	57308	28	0.013404
57509	58211	208	0.099569
57509	57832	4	0.001915
57509	58216	1	0.000479
57509	57587	1	0.000479
57509	57588	3	0.001436
57509	57719	1	0.000479
57509	57080	2	0.000957
57509	57724	1	0.000479
57510	57382	2	0.133333
57510	57895	1	0.066667
57510	57927	1	0.066667
57510	57108	2	0.133333
57510	57657	2	0.133333
57510	57276	1	0.066667
57510	57757	1	0.066667
57510	57791	1	0.066667
57511	57555	501	18.555556
57515	58196	1	0.066667
57516	57345	1	0.001462
57516	57353	1	0.001462
57516	57877	1	0.001462
57516	57881	6	0.008772
57516	57093	1	0.001462
57516	57377	1	0.001462
57516	57865	1	0.001462
57516	57383	1	0.001462
57516	57896	47	0.068713
57516	57898	1	0.001462
57516	57389	1	0.001462
57516	57391	1	0.001462
57516	57694	1	0.001462
57516	57399	1	0.001462
57516	57916	1	0.001462
57516	58209	1	0.001462
57516	57932	1	0.001462
57516	57186	1	0.001462
57516	57940	1	0.001462
57516	57429	1	0.001462
57516	57430	2	0.002924
57516	57434	2	0.002924
57516	57444	1	0.001462
57516	58215	14	0.020468
57516	57465	1	0.001462
57516	57706	1	0.001462
57516	57984	1	0.001462
57516	57986	1	0.001462
57516	57451	1	0.001462
57516	57479	2	0.002924
57516	58003	1	0.001462
57516	57495	1	0.001462
57516	57498	1	0.001462
57516	58017	5	0.007310
57516	57515	1	0.001462
57516	58226	1	0.001462
57516	58033	1	0.001462
57516	57530	1	0.001462
57516	57531	1	0.001462
57516	58046	1	0.001462
57516	57027	1	0.001462
57516	57032	1	0.001462
57516	57548	1	0.001462
57516	57553	24	0.035088
57516	57046	1	0.001462
57516	57047	7	0.010234
57516	57560	1	0.001462
57516	57380	2	0.002924
57516	58074	1	0.001462
57516	57054	1	0.001462
57516	57571	1	0.001462
57516	57297	1	0.001462
57516	58236	2	0.002924
57516	57071	1	0.001462
57516	57128	1	0.001462
57516	57592	1	0.001462
57516	57082	3	0.004386
57516	57386	2	0.002924
57516	57599	1	0.001462
57516	57603	1	0.001462
57516	57605	1	0.001462
57516	58122	1	0.001462
57516	57616	1	0.001462
57516	57106	2	0.002924
57516	57475	1	0.001462
57516	58132	1	0.001462
57516	58134	1	0.001462
57516	58136	1	0.001462
57516	58139	1	0.001462
57516	57117	1	0.001462
57516	58152	1	0.001462
57516	57135	1	0.001462
57516	57138	1	0.001462
57516	57145	1	0.001462
57516	58170	1	0.001462
57516	57659	1	0.001462
57516	57661	1	0.001462
57516	57152	2	0.002924
57516	57665	1	0.001462
57516	57162	4	0.005848
57516	58191	1	0.001462
57516	58194	1	0.001462
57516	57683	1	0.001462
57516	58196	5	0.007310
57516	57176	7	0.010234
57516	57181	1	0.001462
57516	58206	1	0.001462
57516	58208	1	0.001462
57516	57697	1	0.001462
57516	57698	1	0.001462
57516	58211	1	0.001462
57516	58214	9	0.013158
57516	57191	1	0.001462
57516	58217	582	0.850877
57516	57194	3	0.004386
57516	57196	1	0.001462
57516	58221	1	0.001462
57516	57714	1	0.001462
57516	57715	1	0.001462
57516	57209	1	0.001462
57516	57724	1	0.001462
57516	57725	1	0.001462
57516	58247	1	0.001462
57516	57227	2	0.002924
57516	57740	1	0.001462
57516	57240	1	0.001462
57516	57754	2	0.002924
57516	57244	3	0.004386
57516	57242	2	0.002924
57516	57257	1	0.001462
57516	57258	1	0.001462
57516	57261	1	0.001462
57516	57775	1	0.001462
57516	57273	1	0.001462
57516	57278	1	0.001462
57516	57281	1	0.001462
57516	57287	1	0.001462
57516	57420	1	0.001462
57516	57146	1	0.001462
57516	57804	1	0.001462
57516	57295	1	0.001462
57516	57809	1	0.001462
57516	57300	1	0.001462
57516	57679	1	0.001462
57516	57312	1	0.001462
57516	57825	1	0.001462
57516	57830	1	0.001462
57516	57319	1	0.001462
57516	57833	1	0.001462
57516	57325	1	0.001462
57516	57326	1	0.001462
57516	57841	1	0.001462
57516	57846	1	0.001462
57516	57684	1	0.001462
57516	57341	1	0.001462
57517	57754	8	1.000000
57519	58215	1	0.002667
57519	57161	2	0.005333
57519	57196	1	0.002667
57519	57521	1	0.002667
57519	58196	2	0.005333
57519	57176	15	0.040000
57521	57841	3	0.024590
57521	57553	3	0.024590
57521	58215	2	0.016393
57521	57196	4	0.032787
57521	57519	2	0.016393
57522	57642	3	0.115385
57523	58211	3	0.093750
57523	57389	1	0.031250
57523	57479	2	0.062500
57525	57345	2	0.001880
57525	58245	1	0.000940
57525	57489	1	0.000940
57525	57491	2	0.001880
57525	58133	4	0.003759
57525	58006	1	0.000940
57525	57242	5	0.004699
57525	57500	1	0.000940
57525	57501	3	0.002820
57525	57507	1	0.000940
57525	57896	6	0.005639
57525	57133	1	0.000940
57525	58184	2	0.001880
57525	57548	4	0.003759
57525	57848	2	0.001880
57525	57825	2	0.001880
57525	58211	1	0.000940
57525	57724	8	0.007519
57525	57194	2	0.001880
57525	57070	2	0.001880
57525	57747	1	0.000940
57525	57588	2	0.001880
57525	57080	10	0.009398
57525	58236	6	0.005639
57525	57854	3	0.002820
57525	57877	2	0.001880
57526	57093	1	0.005525
57526	57479	1	0.005525
57526	57227	1	0.005525
57526	57877	1	0.005525
57526	58007	2	0.011050
57526	57881	4	0.022099
57526	57242	1	0.005525
57526	57244	2	0.011050
57526	57754	2	0.011050
57526	57896	2	0.011050
57526	57386	2	0.011050
57526	57665	1	0.005525
57526	57162	3	0.016575
57526	57037	1	0.005525
57526	57553	2	0.011050
57526	58196	3	0.016575
57526	57685	127	0.701657
57526	57434	2	0.011050
57526	57186	1	0.005525
57526	58214	4	0.022099
57526	58215	3	0.016575
57526	57194	2	0.011050
57526	57465	1	0.005525
57526	57082	2	0.011050
57526	58236	1	0.005525
57526	57597	1	0.005525
57527	57881	3	0.043478
57527	57162	1	0.014493
57527	58211	1	0.014493
57527	58236	1	0.014493
57527	57389	1	0.014493
57528	57630	1	0.004464
57529	57574	84	2.270270
57530	57316	1	0.002132
57530	58214	2	0.004264
57530	58215	2	0.004264
57530	57896	3	0.006397
57530	58090	1	0.002132
57530	57553	1	0.002132
57530	57070	2	0.004264
57530	57841	3	0.006397
57530	58196	8	0.017058
57530	57239	2	0.004264
57530	57176	2	0.004264
57530	57274	467	0.995736
57530	58236	1	0.002132
57530	57754	12	0.025586
57531	57090	1	0.001678
57531	57451	1	0.001678
57531	57476	2	0.003356
57531	57479	1	0.001678
57531	57608	2	0.003356
57531	57227	4	0.006711
57531	57489	3	0.005034
57531	57874	2	0.003356
57531	58132	4	0.006711
57531	57754	2	0.003356
57531	57244	4	0.006711
57531	57760	3	0.005034
57531	57505	1	0.001678
57531	57383	3	0.005034
57531	57289	1	0.001678
57531	57420	2	0.003356
57531	57553	4	0.006711
57531	58196	3	0.005034
57531	57429	4	0.006711
57531	57176	40	0.067114
57531	57434	1	0.001678
57531	58214	6	0.010067
57531	58215	2	0.003356
57531	57194	4	0.006711
57531	58219	6	0.010067
57531	58221	5	0.008389
57531	57070	1	0.001678
57531	57469	2	0.003356
57531	57841	4	0.006711
57531	58226	30	0.050336
57531	57078	4	0.006711
57531	58090	2	0.003356
57532	57346	23	0.030585
57532	57316	5	0.006649
57532	57896	28	0.037234
57532	58236	3	0.003989
57532	57611	2	0.002660
57532	57804	4	0.005319
57532	57325	27	0.035904
57532	57486	1	0.001330
57532	57135	2	0.002660
57532	57841	3	0.003989
57532	57266	4	0.005319
57532	57747	42	0.055851
57532	58133	10	0.013298
57532	57558	2	0.002660
57532	57080	28	0.037234
57532	57500	5	0.006649
57532	57501	29	0.038564
57532	57599	1	0.001330
57533	57667	58	0.906250
57533	57308	66	1.031250
57535	57472	4	0.142857
57535	57266	1	0.035714
57535	58132	3	0.107143
57535	57053	5	0.178571
57535	57285	1	0.035714
57536	57476	2	0.001957
57536	57222	1	0.000978
57536	57227	1	0.000978
57536	57747	1	0.000978
57536	57492	1	0.000978
57536	57877	2	0.001957
57536	57881	1	0.000978
57536	57754	2	0.001957
57536	57135	1	0.000978
57536	57244	2	0.001957
57536	57885	2	0.001957
57536	58021	1	0.000978
57536	57896	3	0.002935
57536	57389	7	0.006849
57536	57501	2	0.001957
57536	58164	1	0.000978
57536	58165	1	0.000978
57536	57927	1	0.000978
57536	57035	4	0.003914
57536	57933	1	0.000978
57536	57558	1	0.000978
57536	57434	1	0.000978
57536	57948	1	0.000978
57536	58216	9	0.008806
57536	57325	1	0.000978
57536	57712	1	0.000978
57536	57458	2	0.001957
57536	57588	2	0.001957
57536	57467	2	0.001957
57536	58236	2	0.001957
57536	57981	2	0.001957
57538	58211	17	0.052632
57539	57865	6	0.012632
57539	57867	6	0.012632
57539	57363	6	0.012632
57539	58031	18	0.037895
57539	57372	6	0.012632
57539	57377	6	0.012632
57539	57898	6	0.012632
57539	57391	6	0.012632
57539	57694	30	0.063158
57539	57353	12	0.025263
57539	57915	6	0.012632
57539	57932	24	0.050526
57539	57423	6	0.012632
57539	57425	6	0.012632
57539	57940	6	0.012632
57539	57947	6	0.012632
57539	57436	6	0.012632
57539	57960	30	0.063158
57539	57961	6	0.012632
57539	57451	6	0.012632
57539	57449	6	0.012632
57539	57981	30	0.063158
57539	57472	24	0.050526
57539	57486	13	0.027368
57539	57490	6	0.012632
57539	57498	6	0.012632
57539	57499	6	0.012632
57539	58029	12	0.025263
57539	57519	6	0.012632
57539	57521	6	0.012632
57539	58035	6	0.012632
57539	57530	6	0.012632
57539	57531	6	0.012632
57539	58046	24	0.050526
57539	57548	18	0.037895
57539	57041	18	0.037895
57539	57554	6	0.012632
57539	57557	6	0.012632
57539	57046	24	0.050526
57539	58073	6	0.012632
57539	57565	6	0.012632
57539	57054	6	0.012632
57539	57571	6	0.012632
57539	57577	12	0.025263
57539	58092	48	0.101053
57539	57070	6	0.012632
57539	57071	24	0.050526
57539	57078	6	0.012632
57539	57592	42	0.088421
57539	57599	30	0.063158
57539	57088	6	0.012632
57539	57605	12	0.025263
57539	57606	6	0.012632
57539	57616	18	0.037895
57539	57623	6	0.012632
57539	58139	18	0.037895
57539	57628	6	0.012632
57539	57117	24	0.050526
57539	57630	6	0.012632
57539	58144	30	0.063158
57539	58160	18	0.037895
57539	58168	6	0.012632
57539	57145	6	0.012632
57539	58170	6	0.012632
57539	58175	6	0.012632
57539	57162	1	0.002105
57539	57399	72	0.151579
57539	58191	18	0.037895
57539	57681	24	0.050526
57539	57682	6	0.012632
57539	57684	12	0.025263
57539	57687	6	0.012632
57539	57194	1	0.002105
57539	57182	6	0.012632
57539	58209	6	0.012632
57539	57698	24	0.050526
57539	57193	6	0.012632
57539	57706	6	0.012632
57539	57196	6	0.012632
57539	58221	6	0.012632
57539	57200	6	0.012632
57539	58226	24	0.050526
57539	57724	6	0.012632
57539	57725	6	0.012632
57539	58241	12	0.025263
57539	57731	6	0.012632
57539	57735	24	0.050526
57539	57226	6	0.012632
57539	57237	6	0.012632
57539	57754	70	0.147368
57539	57257	24	0.050526
57539	57258	6	0.012632
57539	57261	6	0.012632
57539	57278	24	0.050526
57539	57281	6	0.012632
57539	57798	6	0.012632
57539	57300	24	0.050526
57539	57814	6	0.012632
57539	57679	6	0.012632
57539	57825	6	0.012632
57539	57830	6	0.012632
57539	57833	6	0.012632
57539	57045	6	0.012632
57539	57844	6	0.012632
57539	57846	6	0.012632
57539	57335	6	0.012632
57540	57841	4	0.125000
57540	58196	4	0.125000
57540	57597	2	0.062500
57540	58214	2	0.062500
57540	58191	2	0.062500
57542	58134	1	0.003788
57543	57093	1	0.001379
57543	57222	2	0.002759
57543	57735	1	0.001379
57543	57227	5	0.006897
57543	57486	1	0.001379
57543	57747	1	0.001379
57543	58132	1	0.001379
57543	57881	2	0.002759
57543	57754	1	0.001379
57543	57244	2	0.002759
57543	57380	1	0.001379
57543	57386	2	0.002759
57543	57653	1	0.001379
57543	57161	2	0.002759
57543	57162	6	0.008276
57543	57548	1	0.001379
57543	57297	1	0.001379
57543	58194	4	0.005517
57543	58196	30	0.041379
57543	57046	1	0.001379
57543	57047	19	0.026207
57543	57176	5	0.006897
57543	57568	1	0.001379
57543	58214	2	0.002759
57543	57553	21	0.028966
57543	57194	1	0.001379
57543	58215	4	0.005517
57543	58092	2	0.002759
57543	57841	4	0.005517
57543	58226	1	0.001379
57543	57592	1	0.001379
57543	57465	1	0.001379
57543	58236	10	0.013793
57545	57864	3	1.000000
57545	57881	3	1.000000
57546	57985	313	6.955556
57546	58211	15	0.333333
57546	57835	2	0.044444
57546	57479	3	0.066667
57548	58241	2	0.003478
57548	57990	1	0.001739
57548	57227	6	0.010435
57548	57491	1	0.001739
57548	57754	20	0.034783
57548	57507	2	0.003478
57548	57383	1	0.001739
57548	57775	2	0.003478
57548	57399	2	0.003478
57548	57788	2	0.003478
57548	57543	1	0.001739
57548	58184	1	0.001739
57548	57162	8	0.013913
57548	57553	1	0.001739
57548	58196	9	0.015652
57548	57047	3	0.005217
57548	57176	10	0.017391
57548	57178	1	0.001739
57548	57568	1	0.001739
57548	57825	2	0.003478
57548	58214	24	0.041739
57548	57830	3	0.005217
57548	58215	2	0.003478
57548	57724	8	0.013913
57548	57841	1	0.001739
57548	57848	1	0.001739
57548	58236	29	0.050435
57551	57469	2	0.011494
57552	57344	1	0.000772
57552	58113	415	0.320463
57552	57281	6	0.004633
57552	58211	121	0.093436
57552	58214	7	0.005405
57552	57222	2	0.001544
57552	57927	1	0.000772
57552	57896	1	0.000772
57552	58057	1	0.000772
57552	58031	6	0.004633
57552	57608	1	0.000772
57552	57747	1	0.000772
57552	57719	2	0.001544
57552	57080	1	0.000772
57552	57242	1	0.000772
57552	57244	1	0.000772
57552	57501	1	0.000772
57553	57093	24	0.004413
57553	57479	1	0.000184
57553	57227	4	0.000735
57553	57080	1	0.000184
57553	57486	4	0.000735
57553	57619	1	0.000184
57553	57109	1	0.000184
57553	57881	4	0.000735
57553	57242	1	0.000184
57553	57386	2	0.000368
57553	58226	4	0.000735
57553	57391	1	0.000184
57553	57747	1	0.000184
57553	58038	1	0.000184
57553	57399	2	0.000368
57553	57915	2	0.000368
57553	57278	3	0.000552
57553	57156	1	0.000184
57553	57543	10	0.001839
57553	57932	3	0.000552
57553	57548	2	0.000368
57553	57297	8	0.001471
57553	58194	25	0.004596
57553	58196	49	0.009009
57553	57047	213	0.039162
57553	57176	8	0.001471
57553	57568	4	0.000735
57553	58214	9	0.001655
57553	58215	5	0.000919
57553	57194	3	0.000552
57553	58221	1	0.000184
57553	57070	6	0.001103
57553	57258	1	0.000184
57553	57940	2	0.000368
57553	57458	4	0.000735
57553	57715	2	0.000368
57553	57717	19	0.003493
57553	57592	8	0.001471
57553	57465	1	0.000184
57553	58236	1897	0.348777
57553	57642	2	0.000368
57555	58219	1	0.001600
57555	58116	36	0.057600
57555	57733	44	0.070400
57555	57607	33	0.052800
57555	57355	37	0.059200
57555	57357	47	0.075200
57555	57744	37	0.059200
57555	58135	52	0.083200
57555	58211	72	0.115200
57555	57626	1	0.001600
57555	57242	3	0.004800
57555	57761	157	0.251200
57555	57232	79	0.126400
57555	58149	85	0.136000
57555	57511	69	0.110400
57555	58153	49	0.078400
57555	57130	109	0.174400
57555	57095	71	0.113600
57555	57389	4	0.006400
57555	57904	107	0.171200
57555	57907	88	0.140800
57555	57142	1	0.001600
57555	57399	18	0.028800
57555	57786	87	0.139200
57555	57311	84	0.134400
57555	57282	69	0.110400
57555	58051	84	0.134400
57555	57669	56	0.089600
57555	58182	53	0.084800
57555	57293	1	0.001600
57555	58063	1	0.001600
57555	58192	36	0.057600
57555	58193	98	0.156800
57555	57171	67	0.107200
57555	58201	61	0.097600
57555	57434	1	0.001600
57555	57308	1	0.001600
57555	58170	4	0.006400
57555	57439	78	0.124800
57555	57168	80	0.128000
57555	57441	34	0.054400
57555	57570	92	0.147200
57555	57699	32	0.051200
57555	57828	128	0.204800
57555	57963	87	0.139200
57555	57454	109	0.174400
57555	57588	1	0.001600
57555	57719	1	0.001600
57555	57976	37	0.059200
57555	58236	8	0.012800
57555	57853	140	0.224000
57556	57290	75	1.000000
57556	58211	1	0.013333
57556	58236	6	0.080000
57556	57118	75	1.000000
57556	57567	129	1.720000
57557	58214	2	0.010417
57557	58215	1	0.005208
57557	57389	2	0.010417
57557	57297	1	0.005208
57557	57176	1	0.005208
57557	57754	1	0.005208
57557	58236	15	0.078125
57557	57405	1	0.005208
57557	58174	4	0.020833
57558	57345	1	0.006623
57558	57346	3	0.019868
57558	57094	8	0.052980
57558	57608	8	0.052980
57558	57751	5	0.033113
57558	57486	3	0.019868
57558	57325	2	0.013245
57558	57489	9	0.059603
57558	57492	6	0.039735
57558	57877	3	0.019868
57558	58006	4	0.026490
57558	57239	6	0.039735
57558	57881	2	0.013245
57558	57500	1	0.006623
57558	57178	6	0.039735
57558	58014	2	0.013245
57558	57887	9	0.059603
57558	57252	1	0.006623
57558	57222	5	0.033113
57558	57642	1	0.006623
57558	57389	2	0.013245
57558	57885	3	0.019868
57558	57525	6	0.039735
57558	57272	1	0.006623
57558	57788	2	0.013245
57558	57536	5	0.033113
57558	57419	3	0.019868
57558	57800	6	0.039735
57558	58057	7	0.046358
57558	57035	7	0.046358
57558	58062	7	0.046358
57558	58233	3	0.019868
57558	58211	12	0.079470
57558	57559	6	0.039735
57558	57434	1	0.006623
57558	57723	6	0.039735
57558	57532	4	0.026490
57558	57194	3	0.019868
57558	57835	6	0.039735
57558	57837	5	0.033113
57558	57588	7	0.046358
57558	57719	1	0.006623
57558	57849	6	0.039735
57558	57467	6	0.039735
57558	57854	6	0.039735
57559	57227	2	0.000762
57559	57747	12	0.004573
57559	57877	40	0.015244
57559	58006	1	0.000381
57559	57239	1	0.000381
57559	57242	18	0.006860
57559	57244	2	0.000762
57559	57501	1	0.000381
57559	57896	3	0.001143
57559	57399	2	0.000762
57559	57274	2	0.000762
57559	58177	1	0.000381
57559	58052	9	0.003430
57559	57927	1	0.000381
57559	57035	1	0.000381
57559	57293	15	0.005716
57559	57558	5	0.001905
57559	58233	2	0.000762
57559	57434	6	0.002287
57559	57308	14	0.005335
57559	57438	2	0.000762
57559	58211	12	0.004573
57559	58214	12	0.004573
57559	57703	1	0.000381
57559	57325	1	0.000381
57559	57070	5	0.001905
57559	57588	1	0.000381
57559	57080	2	0.000762
57559	57209	5	0.001905
57559	58236	17	0.006479
57559	58133	4	0.001524
57560	58214	4	0.008811
57560	57479	1	0.002203
57560	57735	8	0.017621
57560	57841	4	0.008811
57560	57207	2	0.004405
57560	57751	2	0.004405
57561	57857	2	0.001927
57561	57486	1	0.000963
57561	57877	1	0.000963
57561	58073	2	0.001927
57561	57881	5	0.004817
57561	57242	1	0.000963
57561	57500	2	0.001927
57561	58074	2	0.001927
57561	57754	1	0.000963
57561	57247	2	0.001927
57561	57399	43	0.041426
57561	57411	2	0.001927
57561	57800	1	0.000963
57561	57162	2	0.001927
57561	57035	1	0.000963
57561	57553	2	0.001927
57561	58196	2	0.001927
57561	57047	2	0.001927
57561	57945	3	0.002890
57561	57434	1	0.000963
57561	57308	5	0.004817
57561	58208	1	0.000963
57561	58211	3141	3.026012
57561	58215	4	0.003854
57561	57194	4	0.003854
57561	57325	1	0.000963
57561	57719	3	0.002890
57561	58236	35	0.033719
57562	57122	1	0.001456
57562	57797	1	0.001456
57562	58214	1	0.001456
57562	58215	1	0.001456
57562	57802	1	0.001456
57562	57479	2	0.002911
57562	57046	3	0.004367
57562	57047	1	0.001456
57562	57176	3	0.004367
57562	57434	1	0.001456
57562	57244	1	0.001456
57562	57194	1	0.001456
57563	57921	590	11.568627
57563	57802	6	0.117647
57565	57345	4	0.005755
57565	57479	2	0.002878
57565	57319	2	0.002878
57565	57242	1	0.001439
57565	57244	4	0.005755
57565	57501	2	0.002878
57565	57754	2	0.002878
57565	57383	2	0.002878
57565	58152	4	0.005755
57565	57898	4	0.005755
57565	58215	2	0.002878
57565	57161	1	0.001439
57565	57804	6	0.008633
57565	57167	2	0.002878
57565	58196	2	0.002878
57565	57047	2	0.002878
57565	57176	3	0.004317
57565	57959	2	0.002878
57565	57195	4	0.005755
57565	57841	2	0.002878
57565	58236	4	0.005755
57565	57599	9	0.012950
57566	57411	1	0.006061
57566	57479	2	0.012121
57566	57138	1	0.006061
57566	58211	29	0.175758
57566	57719	1	0.006061
57566	57272	1	0.006061
57566	57242	2	0.012121
57567	57290	8	1.000000
57567	57556	315	39.375000
57567	57118	8	1.000000
57568	57476	1	0.003378
57568	57605	1	0.003378
57568	57080	1	0.003378
57568	57486	25	0.084459
57568	58000	2	0.006757
57568	57747	1	0.003378
57568	58133	2	0.006757
57568	57881	8	0.027027
57568	57887	1	0.003378
57568	57399	4	0.013514
57568	58170	1	0.003378
57568	57278	2	0.006757
57568	57543	1	0.003378
57568	57548	1	0.003378
57568	57932	1	0.003378
57568	57553	4	0.013514
57568	58194	20	0.067568
57568	58196	31	0.104730
57568	58215	79	0.266892
57568	57961	41	0.138514
57568	57194	4	0.013514
57568	58221	2	0.006757
57568	57070	1	0.003378
57568	57078	3	0.010135
57568	57592	1	0.003378
57568	58236	5	0.016892
57568	57725	1	0.003378
57570	57555	1111	17.634921
57570	57399	1	0.015873
57571	57568	1	0.010526
57571	57605	6	0.063158
57571	58214	10	0.105263
57571	57553	1	0.010526
57571	57162	10	0.105263
57571	57841	19	0.200000
57571	58196	2	0.021053
57571	57176	1	0.010526
57571	57244	2	0.021053
57573	57684	27	0.794118
57573	57695	27	0.794118
57574	57344	4	0.002815
57574	57094	1	0.000704
57574	57479	4	0.002815
57574	57608	1	0.000704
57574	58124	1	0.000704
57574	57489	1	0.000704
57574	57747	4	0.002815
57574	57492	19	0.013371
57574	58133	4	0.002815
57574	57881	26	0.018297
57574	57242	2	0.001407
57574	57244	2	0.001407
57574	57498	2	0.001407
57574	57222	1	0.000704
57574	57500	2	0.001407
57574	57386	1	0.000704
57574	57389	4	0.002815
57574	57140	8463	5.955665
57574	57142	1	0.000704
57574	57271	8	0.005630
57574	57529	11	0.007741
57574	57915	44	0.030964
57574	57411	2	0.001407
57574	58057	1	0.000704
57574	57162	1	0.000704
57574	57553	1	0.000704
57574	57047	1	0.000704
57574	57308	1	0.000704
57574	57954	369	0.259676
57574	58211	780	0.548909
57574	57190	1	0.000704
57574	58214	1	0.000704
57574	58215	1	0.000704
57574	58221	1	0.000704
57574	57713	64	0.045039
57574	57590	367	0.258269
57574	57719	1	0.000704
57574	57236	15	0.010556
57574	58234	45	0.031668
57574	58236	2	0.001407
57574	57854	1	0.000704
57574	57877	2	0.001407
57575	57346	3	0.000505
57575	57222	1	0.000168
57575	57608	1	0.000168
57575	57611	6	0.001011
57575	57602	5	0.000842
57575	57489	1	0.000168
57575	57747	3	0.000505
57575	57492	1	0.000168
57575	58133	2	0.000337
57575	57239	1	0.000168
57575	57244	1	0.000168
57575	57501	5	0.000842
57575	57887	1	0.000168
57575	57761	1	0.000168
57575	57896	3	0.000505
57575	57500	1	0.000168
57575	57902	1	0.000168
57575	57135	1	0.000168
57575	57266	33	0.005558
57575	57525	1	0.000168
57575	57142	1	0.000168
57575	57532	4	0.000674
57575	57021	1	0.000168
57575	57536	1	0.000168
57575	57410	1	0.000168
57575	57927	2	0.000337
57575	58057	2	0.000337
57575	57035	1	0.000168
57575	57804	1	0.000168
57575	57167	6	0.001011
57575	57553	1	0.000168
57575	57685	1	0.000168
57575	57047	1	0.000168
57575	57176	2	0.000337
57575	57178	1	0.000168
57575	58211	274	0.046151
57575	58215	1	0.000168
57575	57576	2	0.000337
57575	57788	1	0.000168
57575	57319	2	0.000337
57575	57837	1	0.000168
57575	57710	1	0.000168
57575	58216	2	0.000337
57575	57588	1	0.000168
57575	57719	10	0.001684
57575	57080	2	0.000337
57575	57599	1	0.000168
57575	58236	17	0.002863
57575	57854	1	0.000168
57575	57877	11	0.001853
57576	58211	3	1.000000
57576	57575	3	1.000000
57577	57754	4	2.000000
57580	57308	2	0.006557
57580	57189	1	0.003279
57582	58211	72	0.149688
57582	57989	6	0.012474
57582	58236	11	0.022869
57582	57588	1	0.002079
57582	57877	1	0.002079
57582	57399	6	0.012474
57582	58168	4	0.008316
57582	57308	6	0.012474
57583	57273	2	0.046512
57583	58173	2	0.046512
57583	57375	2	0.046512
57584	57176	1	0.040000
57584	57330	2	0.080000
57584	57735	2	0.080000
57584	58132	1	0.040000
57584	58215	1	0.040000
57587	58211	5	0.008210
57587	58214	2	0.003284
57587	58215	1	0.001642
57587	58216	5	0.008210
57587	57927	41	0.067323
57587	57611	42	0.068966
57587	57325	1	0.001642
57587	57128	2	0.003284
57587	57877	3	0.004926
57587	57047	1	0.001642
57587	57553	1	0.001642
57587	57501	1	0.001642
57587	57215	1	0.001642
57588	57476	5	0.008929
57588	57489	1	0.001786
57588	58130	1	0.001786
57588	57747	3	0.005357
57588	57492	5	0.008929
57588	58133	6	0.010714
57588	57242	6	0.010714
57588	57501	4	0.007143
57588	57380	1	0.001786
57588	57896	4	0.007143
57588	57287	1	0.001786
57588	57133	2	0.003571
57588	57399	11	0.019643
57588	57665	2	0.003571
57588	57927	2	0.003571
57588	57289	1	0.001786
57588	57162	1	0.001786
57588	57558	4	0.007143
57588	57047	1	0.001786
57588	57434	2	0.003571
57588	57438	1	0.001786
57588	58211	1	0.001786
57588	58214	2	0.003571
57588	58216	1	0.001786
57588	57325	6	0.010714
57588	57714	1	0.001786
57588	57080	2	0.003571
57588	58236	4	0.007143
57588	57877	3	0.005357
57590	57574	224	2.488889
57591	58211	139	1.029630
57592	57345	2	0.000778
57592	57835	1	0.000389
57592	57093	1	0.000389
57592	57479	6	0.002335
57592	58122	2	0.000778
57592	57227	23	0.008949
57592	58005	10	0.003891
57592	57881	1	0.000389
57592	57754	25	0.009728
57592	57244	3	0.001167
57592	57242	7	0.002724
57592	57122	2	0.000778
57592	57383	4	0.001556
57592	57756	1	0.000389
57592	57543	1	0.000389
57592	57399	4	0.001556
57592	57985	3	0.001167
57592	57658	1	0.000389
57592	57073	1	0.000389
57592	57660	1	0.000389
57592	57154	4	0.001556
57592	57671	3	0.001167
57592	57161	5	0.001946
57592	57162	1	0.000389
57592	57297	4	0.001556
57592	58194	5	0.001946
57592	57683	2	0.000778
57592	58196	66	0.025681
57592	57046	2	0.000778
57592	57047	2	0.000778
57592	57176	61	0.023735
57592	57568	2	0.000778
57592	58211	1	0.000389
57592	58214	9	0.003502
57592	58215	3	0.001167
57592	57553	4	0.001556
57592	57841	5	0.001946
57592	58236	66	0.025681
57593	57297	1	0.023256
57593	57142	1	0.023256
57596	57425	2	0.002356
57596	57308	2029	2.389870
57596	57636	1	0.001178
57597	57242	1	0.013699
57597	58215	1	0.013699
57599	57472	3	0.002247
57599	57857	6	0.004494
57599	57297	6	0.004494
57599	57479	6	0.004494
57599	57223	26	0.019476
57599	57227	10	0.007491
57599	58137	2	0.001498
57599	58242	1	0.000749
57599	57242	42	0.031461
57599	57103	7	0.005243
57599	57493	1	0.000749
57599	57319	80	0.059925
57599	57240	43	0.032210
57599	57881	3	0.002247
57599	57754	440	0.329588
57599	57244	6	0.004494
57599	57501	2	0.001498
57599	57502	1	0.000749
57599	57252	6	0.004494
57599	57383	10	0.007491
57599	58152	31	0.023221
57599	58140	2	0.001498
57599	57898	29	0.021723
57599	57671	1	0.000749
57599	57389	1	0.000749
57599	57325	13	0.009738
57599	58033	1	0.000749
57599	57266	2	0.001498
57599	57787	19	0.014232
57599	57532	1	0.000749
57599	57278	1	0.000749
57599	57981	1	0.000749
57599	57346	1	0.000749
57599	58181	3	0.002247
57599	57543	4	0.002996
57599	58056	4	0.002996
57599	57161	3	0.002247
57599	57162	3	0.002247
57599	57291	6	0.004494
57599	57804	119	0.089139
57599	57167	6	0.004494
57599	57553	5	0.003745
57599	58194	2	0.001498
57599	58196	28	0.020974
57599	57102	2	0.001498
57599	57047	6	0.004494
57599	57176	25	0.018727
57599	57764	1	0.000749
57599	57052	4	0.002996
57599	57565	31	0.023221
57599	57056	16	0.011985
57599	57059	6	0.004494
57599	57316	7	0.005243
57599	58214	24	0.017978
57599	58215	56	0.041948
57599	57960	1	0.000749
57599	57195	43	0.032210
57599	58221	4	0.002996
57599	57198	2	0.001498
57599	57071	2	0.001498
57599	57841	6	0.004494
57599	58226	1	0.000749
57599	57684	2	0.001498
57599	57850	1	0.000749
57599	58236	6	0.004494
57599	57386	3	0.002247
57600	58211	12	0.375000
57600	57227	2	0.062500
57601	57393	9	0.692308
57602	57080	2	0.009950
57602	57927	1	0.004975
57603	58214	1	0.003571
57603	57161	1	0.003571
57603	57597	1	0.003571
57603	58196	1	0.003571
57603	57176	1	0.003571
57603	58236	1	0.003571
57603	57117	4	0.014286
57604	58211	41	0.134426
57604	57543	1	0.003279
57604	57706	2	0.006557
57604	57227	1	0.003279
57604	58124	1	0.003279
57604	58221	2	0.006557
57604	58226	13	0.042623
57604	57877	2	0.006557
57604	57754	1	0.003279
57604	58236	4	0.013115
57604	57469	4	0.013115
57604	57630	1	0.003279
57605	58176	1	0.001757
57605	57568	1	0.001757
57605	57571	6	0.010545
57605	58214	3	0.005272
57605	58090	2	0.003515
57605	58226	1	0.001757
57605	57754	65	0.114236
57605	57553	11	0.019332
57605	57650	2	0.003515
57605	58196	24	0.042179
57605	57046	2	0.003515
57605	57176	9	0.015817
57605	57242	4	0.007030
57605	58236	30	0.052724
57605	57194	1	0.001757
57605	57278	1	0.001757
57606	57568	1	0.001112
57606	58177	8	0.008899
57606	57671	1	0.001112
57606	57316	1	0.001112
57606	57479	6	0.006674
57606	58214	4	0.004449
57606	57287	1	0.001112
57606	57420	1	0.001112
57606	57227	2	0.002225
57606	58092	838	0.932147
57606	57486	1	0.001112
57606	57274	2	0.002225
57606	57553	1	0.001112
57606	58196	14	0.015573
57606	57806	1	0.001112
57606	57399	1	0.001112
57606	57176	11	0.012236
57606	57530	2	0.002225
57606	58236	3	0.003337
57606	57754	3	0.003337
57606	57242	2	0.002225
57607	57555	300	9.375000
57607	57308	1	0.031250
57608	57346	1	0.002710
57608	57479	7	0.018970
57608	57175	1	0.002710
57608	57747	1	0.002710
57608	57877	1	0.002710
57608	57881	3	0.008130
57608	57242	3	0.008130
57608	57244	3	0.008130
57608	57501	1	0.002710
57608	57383	1	0.002710
57608	57896	1	0.002710
57608	57386	2	0.005420
57608	57389	2	0.005420
57608	57915	1	0.002710
57608	58057	1	0.002710
57608	58062	1	0.002710
57608	57685	1	0.002710
57608	57558	1	0.002710
57608	58233	1	0.002710
57608	57434	1	0.002710
57608	57308	1	0.002710
57608	57531	2	0.005420
57608	57316	4	0.010840
57608	58214	2	0.005420
57608	58215	3	0.008130
57608	57194	16	0.043360
57608	58221	1	0.002710
57608	58226	1	0.002710
57608	57078	2	0.005420
57608	57209	6	0.016260
57608	57467	1	0.002710
57608	57854	1	0.002710
57611	57346	5	0.008532
57611	57479	4	0.006826
57611	57994	1	0.001706
57611	58124	5	0.008532
57611	57747	7	0.011945
57611	57877	4	0.006826
57611	57244	11	0.018771
57611	57501	23	0.039249
57611	57383	4	0.006826
57611	57386	1	0.001706
57611	57135	4	0.006826
57611	57266	4	0.006826
57611	57927	591	1.008532
57611	57162	1	0.001706
57611	57167	5	0.008532
57611	58196	10	0.017065
57611	58069	2	0.003413
57611	57176	29	0.049488
57611	57316	2	0.003413
57611	58216	524	0.894198
57611	57325	4	0.006826
57611	57587	527	0.899317
57611	58236	10	0.017065
57612	57881	1	0.083333
57612	57162	1	0.083333
57612	58196	6	0.500000
57612	58215	12	1.000000
57613	58214	1	0.004367
57613	57383	1	0.004367
57613	58236	1	0.004367
57613	57597	1	0.004367
57613	58196	2	0.008734
57613	57176	2	0.008734
57613	57244	1	0.004367
57613	57117	5	0.021834
57616	58236	6	0.004975
57616	57380	2	0.001658
57616	57334	7	0.005804
57616	57864	2	0.001658
57616	57671	4	0.003317
57616	57128	13	0.010779
57616	57353	17	0.014096
57616	58090	2	0.001658
57616	57515	11	0.009121
57616	57389	2	0.001658
57616	58062	3	0.002488
57616	57297	6	0.004975
57616	58196	11	0.009121
57616	58214	2	0.001658
57616	57494	3	0.002488
57616	57623	5	0.004146
57616	57176	1127	0.934494
57616	57881	2	0.001658
57616	57754	38	0.031509
57616	57244	12	0.009950
57616	57162	2	0.001658
57619	57764	11	0.016320
57619	58214	6	0.008902
57619	58215	13	0.019288
57619	57324	49	0.072700
57619	57616	3	0.004451
57619	57841	2	0.002967
57619	58196	12	0.017804
57619	57176	4	0.005935
57619	57316	2	0.002967
57619	57242	2	0.002967
57619	58236	2	0.002967
57620	57602	1	0.004464
57620	57479	4	0.017857
57620	57346	9	0.040179
57620	57486	2	0.008929
57620	57877	1	0.004464
57620	58134	1	0.004464
57620	57242	3	0.013393
57620	57244	1	0.004464
57620	57133	5	0.022321
57620	57390	1	0.004464
57620	58160	2	0.008929
57620	57399	2	0.008929
57620	57532	1	0.004464
57620	57553	15	0.066964
57620	58194	1	0.004464
57620	57684	6	0.026786
57620	57176	63	0.281250
57620	57434	2	0.008929
57620	57819	1	0.004464
57620	57695	3	0.013393
57620	57697	2	0.008929
57620	57573	33	0.147321
57620	58214	2	0.008929
57620	58215	7	0.031250
57620	57325	1	0.004464
57620	58094	1	0.004464
57620	57712	2	0.008929
57620	57841	2	0.008929
57620	58196	1	0.004464
57620	58236	264	1.178571
57621	57479	2	0.002299
57621	57227	1	0.001149
57621	57240	2	0.002299
57621	57881	11	0.012644
57621	57242	1	0.001149
57621	57244	1	0.001149
57621	57754	2	0.002299
57621	57380	1	0.001149
57621	57642	1	0.001149
57621	57389	1	0.001149
57621	57399	1	0.001149
57621	57150	2	0.002299
57621	57671	1	0.001149
57621	57161	5	0.005747
57621	57162	2	0.002299
57621	58194	1	0.001149
57621	58196	11	0.012644
57621	57176	23	0.026437
57621	58214	7	0.008046
57621	58215	7	0.008046
57621	57194	2	0.002299
57621	57841	3	0.003448
57621	57209	1	0.001149
57621	58236	10	0.011494
57622	58211	1	0.037037
57622	57509	1	0.037037
57622	57389	1	0.037037
57623	57345	2	0.002506
57623	58242	1	0.001253
57623	57479	1	0.001253
57623	57353	13	0.016291
57623	57361	2	0.002506
57623	57754	7	0.008772
57623	57244	3	0.003759
57623	57380	2	0.002506
57623	57128	1	0.001253
57623	58033	1	0.001253
57623	57399	2	0.002506
57623	57927	1	0.001253
57623	57162	17	0.021303
57623	58062	3	0.003759
57623	58196	5	0.006266
57623	57176	38	0.047619
57623	57316	1	0.001253
57623	58214	2	0.002506
57623	58215	2	0.002506
57623	57070	1	0.001253
57623	57841	6	0.007519
57623	57458	2	0.002506
57623	57587	1	0.001253
57623	58236	4	0.005013
57624	58215	1	0.004587
57624	57128	196	0.899083
57624	57324	1	0.004587
57624	57619	1	0.004587
57624	58100	1	0.004587
57624	57623	1	0.004587
57624	57434	2	0.009174
57624	57308	2	0.009174
57626	58211	88	0.100571
57626	57767	1	0.001143
57626	58057	2	0.002286
57626	57015	2	0.002286
57626	58221	5	0.005714
57626	57389	1	0.001143
57626	58226	8	0.009143
57626	58215	1	0.001143
57626	57877	3	0.003429
57626	57719	1	0.001143
57626	57881	2	0.002286
57626	57599	1	0.001143
57626	58236	5	0.005714
57626	57469	2	0.002286
57626	57215	1	0.001143
57628	57222	5	0.002899
57628	57479	2	0.001159
57628	57227	25	0.014493
57628	57161	3	0.001739
57628	57754	23	0.013333
57628	57755	2	0.001159
57628	57244	4	0.002319
57628	57242	2	0.001159
57628	57503	3	0.001739
57628	57891	1	0.000580
57628	57764	4	0.002319
57628	57486	5	0.002899
57628	58031	7131	4.133913
57628	57396	3	0.001739
57628	57399	2	0.001159
57628	57147	3	0.001739
57628	57281	1346	0.780290
57628	57543	1	0.000580
57628	57289	2	0.001159
57628	57162	5	0.002899
57628	57297	8	0.004638
57628	58196	11	0.006377
57628	57813	2	0.001159
57628	57047	6	0.003478
57628	57176	33	0.019130
57628	57252	4	0.002319
57628	58077	3	0.001739
57628	58211	1	0.000580
57628	58214	2	0.001159
57628	58215	1342	0.777971
57628	57194	1339	0.776232
57628	57841	4	0.002319
57628	57462	2	0.001159
57628	57211	4	0.002319
57628	58236	64	0.037101
57629	58215	1	0.037037
57629	57902	2	0.074074
57629	58000	2	0.074074
57629	58003	5	0.185185
57629	58196	2	0.074074
57629	57399	7	0.259259
57629	57176	4	0.148148
57629	57499	1	0.037037
57629	57244	1	0.037037
57630	57764	2	0.003565
57630	58214	2	0.003565
57630	57841	1	0.001783
57630	57161	1	0.001783
57630	57162	2	0.003565
57630	57809	4	0.007130
57630	58226	18	0.032086
57630	58196	1	0.001783
57630	57176	3	0.005348
57630	57604	1	0.001783
57630	57754	1	0.001783
57630	57194	1	0.001783
57631	57479	17	0.157407
57633	58211	28	0.049558
57633	58236	14	0.024779
57633	58214	356	0.630088
57636	57297	3	0.007792
57636	57667	264	0.685714
57636	58236	1	0.002597
57636	58215	1	0.002597
57636	57308	2	0.005195
57636	57194	3	0.007792
57636	57227	1	0.002597
57636	57127	1	0.002597
57636	57070	15	0.038961
57636	58000	1	0.002597
57636	57176	63	0.163636
57636	57841	2	0.005195
57636	58196	19	0.049351
57636	57399	2067	5.368831
57636	57272	1	0.002597
57636	57465	2	0.005195
57636	57754	1	0.002597
57636	57244	1	0.002597
57636	57818	1	0.002597
57637	58211	3	0.075000
57638	57308	2	0.006667
57638	57189	1	0.003333
57641	57126	1	0.008197
57641	57800	1	0.008197
57641	58090	2	0.016393
57641	57877	1	0.008197
57641	57621	1	0.008197
57641	57558	1	0.008197
57641	58069	1289	10.565574
57642	58245	62	0.099678
57642	57479	11	0.017685
57642	57175	8	0.012862
57642	58124	1	0.001608
57642	57240	9	0.014469
57642	57881	32	0.051447
57642	57242	9	0.014469
57642	57244	14	0.022508
57642	57754	1	0.001608
57642	57378	5	0.008039
57642	57383	1	0.001608
57642	57386	5	0.008039
57642	57389	29	0.046624
57642	57522	117	0.188103
57642	57465	19	0.030547
57642	57406	2	0.003215
57642	57227	1	0.001608
57642	57289	1	0.001608
57642	57162	5	0.008039
57642	58063	1	0.001608
57642	57558	1	0.001608
57642	57047	1	0.001608
57642	57176	1	0.001608
57642	57434	8	0.012862
57642	57312	4	0.006431
57642	57316	5	0.008039
57642	58214	2	0.003215
57642	58215	628	1.009646
57642	57194	51	0.081994
57642	57325	4	0.006431
57642	57714	3	0.004823
57642	57209	3	0.004823
57642	58236	2	0.003215
57642	58090	2	0.003215
57643	57754	1	0.026316
57643	57884	1	0.026316
57643	58062	3	0.078947
57645	58211	2	0.006289
57645	57543	3	0.009434
57645	57479	1	0.003145
57645	58124	4	0.012579
57645	57553	2	0.006289
57645	57684	6	0.018868
57645	58236	8	0.025157
57645	57695	3	0.009434
57646	57081	1	0.019608
57646	57162	1	0.019608
57646	58211	3	0.058824
57647	58242	6	0.006250
57647	57347	5	0.005208
57647	57479	9	0.009375
57647	57608	1	0.001042
57647	58124	1	0.001042
57647	57346	1	0.001042
57647	57325	1	0.001042
57647	57492	1	0.001042
57647	57881	1	0.001042
57647	57754	3	0.003125
57647	57244	23	0.023958
57647	57242	13	0.013542
57647	57887	1	0.001042
57647	57386	1	0.001042
57647	57133	48976	51.016667
57647	57022	957	0.996875
57647	57162	2	0.002083
57647	57292	957	0.996875
57647	58196	3	0.003125
57647	57434	4	0.004167
57647	58214	2	0.002083
57647	58215	960	1.000000
57647	58090	1	0.001042
57647	57837	1	0.001042
57647	57841	1	0.001042
57647	57178	1	0.001042
57647	58233	1	0.001042
57647	58236	1133011	1180.219792
57647	57194	1	0.001042
57648	58215	1	0.018868
57648	57448	1	0.018868
57648	57194	1	0.018868
57648	57389	18	0.339623
57648	57486	1	0.018868
57648	57397	3	0.056604
57648	57881	2	0.037736
57648	57242	1	0.018868
57648	57244	2	0.037736
57649	57881	1	0.001727
57649	57242	1	0.001727
57649	58211	32	0.055268
57649	57389	1	0.001727
57650	57242	4	0.117647
57650	58214	1	0.029412
57650	57270	1	0.029412
57653	57308	2	0.006536
57653	57189	1	0.003268
57655	57597	2	0.200000
57655	57694	1	0.100000
57657	57346	1	0.015152
57657	57479	77	1.166667
57657	58124	1	0.015152
57657	57877	1	0.015152
57657	58008	1	0.015152
57657	57242	9	0.136364
57657	57244	1	0.015152
57657	57757	1	0.015152
57657	57510	1	0.015152
57657	57895	1	0.015152
57657	57500	1	0.015152
57657	57266	1	0.015152
57657	57274	1	0.015152
57657	57276	1	0.015152
57657	58046	1	0.015152
57657	57151	2	0.030303
57657	57927	1	0.015152
57657	57418	1	0.015152
57657	57167	1	0.015152
57657	57297	1	0.015152
57657	57810	1	0.015152
57657	57310	1	0.015152
57657	57583	1	0.015152
57657	57791	1	0.015152
57657	57597	1	0.015152
57658	57122	1	0.010989
57658	57411	1	0.010989
57658	57835	5	0.054945
57658	57389	6	0.065934
57658	58211	4	0.043956
57658	57877	1	0.010989
57658	57592	1	0.010989
57659	57568	3	0.005128
57659	58209	2	0.003419
57659	57070	4	0.006838
57659	57391	24	0.041026
57659	58196	2	0.003419
57659	58038	1	0.001709
57659	57399	194	0.331624
57659	57818	1	0.001709
57659	57308	3	0.005128
57660	58211	2	0.333333
57661	57444	1	0.029412
57661	58139	3	0.088235
57661	58247	1	0.029412
57661	57495	1	0.029412
57661	57047	1	0.029412
57665	57070	1	0.010309
57665	57316	1	0.010309
57665	58214	1	0.010309
57665	58215	98	1.010309
57665	58090	2	0.020619
57665	57714	2	0.020619
57665	57486	1	0.010309
57665	57325	1	0.010309
57665	57874	4	0.041237
57665	57434	1	0.010309
57665	57109	1	0.010309
57665	57465	2	0.020619
57665	57881	3	0.030928
57665	57242	1	0.010309
57665	58236	11	0.113402
57665	57162	1	0.010309
57665	57877	6	0.061856
57667	58211	27	0.300000
57667	58125	1	0.011111
57667	58236	6	0.066667
57667	57097	1	0.011111
57667	58157	1	0.011111
57667	57389	3	0.033333
57667	58019	1	0.011111
57667	57399	4	0.044444
57667	57636	1	0.011111
57667	57050	1	0.011111
57667	57308	2	0.022222
57667	57533	1	0.011111
57668	57308	2	0.006192
57668	57189	1	0.003096
57669	57555	122	3.128205
57669	57308	3	0.076923
57670	58211	4	0.133333
57670	58100	2	0.066667
57671	58214	2	0.012270
57671	58215	2	0.012270
57671	57479	16	0.098160
57671	57777	14	0.085890
57671	57383	12	0.073620
57671	57434	250	1.533742
57671	57244	210	1.288344
57672	57626	1	0.028571
57676	57425	2	0.002331
57676	57308	2050	2.389277
57676	57636	1	0.001166
57677	57536	1	0.021739
57677	58214	5	0.108696
57677	58215	46	1.000000
57677	57479	47	1.021739
57677	58236	1	0.021739
57677	57887	1	0.021739
57679	57568	2	0.003012
57679	57764	2	0.003012
57679	58214	5	0.007530
57679	57161	2	0.003012
57679	58092	3	0.004518
57679	57070	1	0.001506
57679	57274	4	0.006024
57679	57553	2	0.003012
57679	58196	12	0.018072
57679	57431	8	0.012048
57679	57176	3	0.004518
57679	57754	3	0.004518
57679	57244	2	0.003012
57679	57530	2	0.003012
57680	57479	6	0.013514
57681	57864	1	0.001621
57681	57553	4	0.006483
57681	57486	8	0.012966
57681	57876	6	0.009724
57681	57881	22	0.035656
57681	57242	5	0.008104
57681	57244	1	0.001621
57681	57754	27	0.043760
57681	58161	2	0.003241
57681	57399	1	0.001621
57681	58042	2	0.003241
57681	57543	2	0.003241
57681	57161	3	0.004862
57681	57162	1	0.001621
57681	57297	1	0.001621
57681	58196	40	0.064830
57681	57047	7	0.011345
57681	57176	99	0.160454
57681	57568	2	0.003241
57681	58214	2	0.003241
57681	58215	3	0.004862
57681	57194	3	0.004862
57681	57325	1	0.001621
57681	58236	24	0.038898
57682	57754	3	1.000000
57682	57300	12	4.000000
57683	57345	3	0.034091
57683	57122	3	0.034091
57683	57841	3	0.034091
57684	57472	1	0.004695
57684	57605	2	0.009390
57684	57353	2	0.009390
57684	57553	1	0.004695
57684	57242	1	0.004695
57684	57616	2	0.009390
57684	57363	1	0.004695
57684	57620	2	0.009390
57684	57754	1	0.004695
57684	58139	1	0.004695
57684	57244	2	0.009390
57684	57117	2	0.009390
57684	57502	1	0.004695
57684	58145	2	0.009390
57684	57257	1	0.004695
57684	58160	2	0.009390
57684	57273	2	0.009390
57684	58046	2	0.009390
57684	57671	1	0.004695
57684	57032	1	0.004695
57684	57548	2	0.009390
57684	57932	2	0.009390
57684	58191	2	0.009390
57684	57297	7	0.032864
57684	58196	7	0.032864
57684	57557	1	0.004695
57684	57046	2	0.009390
57684	57176	2	0.009390
57684	57694	2	0.009390
57684	57695	2	0.009390
57684	57697	2	0.009390
57684	57698	2	0.009390
57684	58214	1	0.004695
57684	57360	1	0.004695
57684	58215	1	0.004695
57684	57960	1	0.004695
57684	57194	2	0.009390
57684	57071	2	0.009390
57684	58226	2	0.009390
57684	57592	2	0.009390
57684	57300	2	0.009390
57684	58236	2	0.009390
57684	57599	2	0.009390
57685	57014	1	0.001114
57685	58010	2	0.002227
57685	57927	3	0.003341
57685	57896	14	0.015590
57685	58216	1	0.001114
57685	58007	1	0.001114
57685	58124	1	0.001114
57685	57080	1	0.001114
57685	58232	2	0.002227
57685	57736	2	0.002227
57685	57747	2	0.002227
57685	57070	1	0.001114
57685	57686	3	0.003341
57685	57047	2	0.002227
57685	57752	2	0.002227
57685	57242	2	0.002227
57685	58236	1	0.001114
57685	57501	8	0.008909
57686	57597	1	0.005464
57686	58211	10	0.054645
57686	58100	1	0.005464
57686	57685	2	0.010929
57686	58215	4	0.021858
57687	57257	4	0.029197
57687	57553	1	0.007299
57687	58196	2	0.014599
57687	57717	1	0.007299
57687	57047	3	0.021898
57687	57855	1	0.007299
57689	58211	3	0.333333
57689	57940	1	0.111111
57689	57278	1	0.111111
57690	57176	1	0.013158
57690	58196	2	0.026316
57690	58236	1	0.013158
57690	57735	3	0.039474
57691	58211	8	0.102564
57691	57935	1	0.012821
57691	57605	1	0.012821
57691	57047	3	0.038462
57692	57176	2	0.011561
57692	58211	364	2.104046
57692	58215	158	0.913295
57693	57345	4	0.222222
57693	57252	3	0.166667
57693	58215	19	1.055556
57693	57194	3	0.166667
57693	57479	1	0.055556
57693	57242	2	0.111111
57693	57850	12	0.666667
57693	57754	5	0.277778
57693	57278	1	0.055556
57694	57345	4	0.016878
57694	57297	5	0.021097
57694	57479	11	0.046414
57694	58122	1	0.004219
57694	57227	3	0.012658
57694	57747	1	0.004219
57694	57881	3	0.012658
57694	57242	18	0.075949
57694	57244	19	0.080169
57694	57373	4	0.016878
57694	57754	86	0.362869
57694	57383	3	0.012658
57694	57896	5	0.021097
57694	57117	38	0.160338
57694	58037	9	0.037975
57694	57399	18	0.075949
57694	57927	3	0.012658
57694	57162	18	0.075949
57694	57655	1	0.004219
57694	57553	5	0.021097
57694	58196	34	0.143460
57694	57176	17	0.071730
57694	57440	1	0.004219
57694	58214	14	0.059072
57694	58215	20	0.084388
57694	58217	7	0.029536
57694	58090	19	0.080169
57694	57837	1	0.004219
57694	57501	1	0.004219
57694	57841	18	0.075949
57694	58226	18	0.075949
57694	58236	1	0.004219
57694	57599	18	0.075949
57695	58215	3	0.024194
57695	57479	1	0.008065
57695	57325	1	0.008065
57695	57684	1	0.008065
57695	57176	1	0.008065
57695	57754	1	0.008065
57695	57819	1	0.008065
57697	57176	2	0.060606
57697	58236	1	0.030303
57697	57819	5	0.151515
57697	57684	4	0.121212
57697	58214	2	0.060606
57698	58236	6	0.021583
57699	58211	1	0.052632
57699	57555	154	8.105263
57699	57308	1	0.052632
57700	57411	2	0.000754
57700	58211	116	0.043708
57700	58214	12	0.004521
57700	58215	1	0.000377
57700	58236	2	0.000754
57700	58124	5	0.001884
57700	57293	47536	17.911078
57700	57070	9	0.003391
57700	57037	1	0.000377
57700	57747	6	0.002261
57700	58133	13	0.004898
57700	57399	16	0.006029
57700	57881	1	0.000377
57700	57242	1	0.000377
57700	57308	2	0.000754
57702	58215	2	0.001459
57702	57194	7	0.005106
57702	57047	1422	1.037199
57702	57071	1424	1.038658
57702	57111	2	0.001459
57702	57176	2	0.001459
57703	57476	1	0.003086
57703	57896	1	0.003086
57703	57194	1	0.003086
57703	57399	2	0.006173
57703	57070	1	0.003086
57703	57176	1	0.003086
57703	57800	1	0.003086
57703	57747	2	0.006173
57703	57877	3	0.009259
57703	57558	2	0.006173
57703	57559	1	0.003086
57703	57080	1	0.003086
57703	57434	3	0.009259
57703	57242	3	0.009259
57703	57438	1	0.003086
57704	58196	1	0.000396
57704	57458	11	0.004358
57704	58164	140	0.055468
57704	58215	70	0.027734
57706	57604	415	0.445757
57706	57383	2	0.002148
57706	58090	2	0.002148
57706	58221	2	0.002148
57706	57553	4	0.004296
57706	58226	19	0.020408
57706	57078	2	0.002148
57706	57047	2	0.002148
57706	57176	3	0.003222
57706	57754	2	0.002148
57706	57307	2	0.002148
57706	57469	4	0.004296
57706	57630	2	0.002148
57707	57093	1	0.001242
57707	57479	1	0.001242
57707	57227	1	0.001242
57707	58132	3	0.003727
57707	57877	1	0.001242
57707	58007	2	0.002484
57707	57881	4	0.004969
57707	57242	1	0.001242
57707	57244	2	0.002484
57707	57754	2	0.002484
57707	58144	1	0.001242
57707	58018	3	0.003727
57707	57380	1	0.001242
57707	57896	61	0.075776
57707	57386	2	0.002484
57707	57501	13	0.016149
57707	57014	9	0.011180
57707	57611	1	0.001242
57707	57927	1	0.001242
57707	57162	2	0.002484
57707	57553	2	0.002484
57707	58196	2	0.002484
57707	57685	126	0.156522
57707	57047	1	0.001242
57707	57176	3	0.003727
57707	57434	2	0.002484
57707	57850	3	0.003727
57707	57186	1	0.001242
57707	58211	1	0.001242
57707	58214	4	0.004969
57707	58215	4	0.004969
57707	58216	1	0.001242
57707	57194	3	0.003727
57707	57326	10	0.012422
57707	57841	1	0.001242
57707	57587	1	0.001242
57707	57719	1	0.001242
57707	57080	12	0.014907
57707	57465	1	0.001242
57707	57082	2	0.002484
57707	58236	1	0.001242
57707	57597	2	0.002484
57710	58211	6	0.013667
57710	57747	1	0.002278
57710	57719	1	0.002278
57712	57345	3	0.005597
57712	57297	1	0.001866
57712	58245	2	0.003731
57712	57222	1	0.001866
57712	57089	1	0.001866
57712	57608	2	0.003731
57712	57047	1	0.001866
57712	58124	2	0.003731
57712	57218	1	0.001866
57712	57837	2	0.003731
57712	57489	1	0.001866
57712	57874	1	0.001866
57712	57809	1	0.001866
57712	57492	1	0.001866
57712	57877	1	0.001866
57712	58006	1	0.001866
57712	57239	1	0.001866
57712	57240	1	0.001866
57712	57881	6	0.011194
57712	57242	123	0.229478
57712	57244	6	0.011194
57712	57754	3	0.005597
57712	57887	1	0.001866
57712	57094	2	0.003731
57712	57383	1	0.001866
57712	57896	3	0.005597
57712	57500	1	0.001866
57712	57642	2	0.003731
57712	58055	1	0.001866
57712	57389	4	0.007463
57712	57501	2	0.003731
57712	57777	1	0.001866
57712	57857	1	0.001866
57712	57397	1	0.001866
57712	58057	1	0.001866
57712	57588	1	0.001866
57712	57532	1	0.001866
57712	57559	1	0.001866
57712	57525	1	0.001866
57712	57536	1	0.001866
57712	57346	2	0.003731
57712	57849	1	0.001866
57712	58052	1	0.001866
57712	57287	1	0.001866
57712	57800	1	0.001866
57712	57289	1	0.001866
57712	57162	2	0.003731
57712	57035	2	0.003731
57712	57747	4	0.007463
57712	58062	3	0.005597
57712	58233	1	0.001866
57712	57553	1	0.001866
57712	58194	1	0.001866
57712	57419	1	0.001866
57712	58196	1	0.001866
57712	57685	1	0.001866
57712	57558	1	0.001866
57712	57465	1	0.001866
57712	57176	3	0.005597
57712	58033	1	0.001866
57712	57434	1	0.001866
57712	57927	1	0.001866
57712	57312	9	0.016791
57712	57186	1	0.001866
57712	58211	2	0.003731
57712	57316	1	0.001866
57712	58214	1	0.001866
57712	58215	22	0.041045
57712	57194	9	0.016791
57712	57835	2	0.003731
57712	57325	3	0.005597
57712	57399	8	0.014925
57712	57841	1	0.001866
57712	57714	1	0.001866
57712	57467	1	0.001866
57712	57178	1	0.001866
57712	57612	1	0.001866
57712	57080	3	0.005597
57712	57209	4	0.007463
57712	57082	1	0.001866
57712	57723	1	0.001866
57712	58236	36	0.067164
57712	57386	1	0.001866
57712	57854	3	0.005597
57712	58133	2	0.003731
57713	58211	1	0.020833
57713	57553	1	0.020833
57713	57747	1	0.020833
57713	57574	153	3.187500
57714	57312	8	0.007360
57714	57227	1	0.000920
57714	58214	9	0.008280
57714	57479	5	0.004600
57714	57244	1	0.000920
57714	58090	6	0.005520
57714	58215	19	0.017479
57714	57162	33	0.030359
57714	57194	4	0.003680
57714	57070	1	0.000920
57714	57389	2	0.001840
57714	58033	11	0.010120
57714	57240	15	0.013799
57714	57841	1	0.000920
57714	57176	8	0.007360
57714	57434	4	0.003680
57714	58236	3	0.002760
57714	57242	2	0.001840
57714	57754	1	0.000920
57715	57345	7	0.003848
57715	58214	1	0.000550
57715	58215	2	0.001100
57715	58236	7	0.003848
57715	57162	3	0.001649
57715	57227	5	0.002749
57715	57932	45	0.024739
57715	57389	1	0.000550
57715	57161	2	0.001100
57715	57841	2	0.001100
57715	57809	1	0.000550
57715	58196	31	0.017042
57715	57047	1	0.000550
57715	57176	1	0.000550
57715	57274	3651	2.007147
57715	57244	18	0.009896
57716	57194	9	0.073171
57716	57252	1	0.008130
57716	58078	1	0.008130
57717	58145	1	0.052632
57717	57486	14	0.736842
57717	57553	2	0.105263
57717	58194	43	2.263158
57717	58196	1	0.052632
57717	57047	1	0.052632
57717	57176	1	0.052632
57717	57881	19	1.000000
57718	57636	1	0.001161
57718	57308	2058	2.390244
57718	57425	2	0.002323
57719	58211	386	2.556291
57719	57014	1	0.006623
57719	57926	1	0.006623
57719	57097	1	0.006623
57719	57194	1	0.006623
57719	58061	3	0.019868
57719	57902	2	0.013245
57719	57231	1	0.006623
57719	57649	1	0.006623
57719	57877	3	0.019868
57719	57558	152	1.006623
57719	57881	6	0.039735
57719	57754	6	0.039735
57719	58107	1	0.006623
57719	57692	1	0.006623
57719	57626	1	0.006623
57719	57486	7	0.046358
57720	57881	1	0.052632
57720	57754	19	1.000000
57720	57162	2	0.105263
57720	58215	2	0.105263
57721	58215	3	0.073171
57721	57194	2	0.048780
57721	57479	4	0.097561
57721	57100	41	1.000000
57721	57553	3	0.073171
57721	58196	1	0.024390
57721	57047	1	0.024390
57721	57176	1	0.024390
57721	57492	1	0.024390
57723	58124	1	0.001139
57723	57231	1	0.001139
57723	57747	3	0.003417
57723	57492	2	0.002278
57723	57877	1	0.001139
57723	58006	1	0.001139
57723	57242	3	0.003417
57723	57244	3	0.003417
57723	57501	3	0.003417
57723	57636	1	0.001139
57723	57893	1	0.001139
57723	57896	2	0.002278
57723	57500	1	0.001139
57723	57389	2	0.002278
57723	57902	4	0.004556
57723	57399	4	0.004556
57723	57274	1	0.001139
57723	57533	1	0.001139
57723	58177	1	0.001139
57723	57667	1	0.001139
57723	58052	1	0.001139
57723	58230	1	0.001139
57723	57035	2	0.002278
57723	57146	1	0.001139
57723	57938	1	0.001139
57723	57558	1	0.001139
57723	57380	1	0.001139
57723	57308	1	0.001139
57723	57181	1	0.001139
57723	58214	2	0.002278
57723	58215	1	0.001139
57723	57065	2	0.002278
57723	57322	1	0.001139
57723	57325	1	0.001139
57723	57070	1	0.001139
57723	58226	1	0.001139
57723	58003	1	0.001139
57723	57846	1	0.001139
57723	58233	1	0.001139
57723	58236	6	0.006834
57723	57341	1	0.001139
57723	58133	1	0.001139
57724	58241	1	0.001460
57724	58242	1	0.001460
57724	57857	2	0.002920
57724	57491	15	0.021898
57724	58132	6	0.008759
57724	57881	1	0.001460
57724	57754	5	0.007299
57724	57244	6	0.008759
57724	57434	1	0.001460
57724	57507	1	0.001460
57724	57848	1	0.001460
57724	57383	6	0.008759
57724	57479	1	0.001460
57724	57135	1	0.001460
57724	58033	1	0.001460
57724	57788	1	0.001460
57724	57162	1	0.001460
57724	57548	28	0.040876
57724	57553	7	0.010219
57724	58196	16	0.023358
57724	57176	18	0.026277
57724	57178	1	0.001460
57724	57568	3	0.004380
57724	58211	2	0.002920
57724	57316	2	0.002920
57724	58214	1	0.001460
57724	57830	1	0.001460
57724	58215	2	0.002920
57724	57194	2	0.002920
57724	57070	1	0.001460
57724	57841	3	0.004380
57724	57080	4	0.005839
57724	58236	6	0.008759
57724	58090	1	0.001460
57725	57345	1	0.002985
57725	58214	8	0.023881
57725	57841	11	0.032836
57725	57802	340	1.014925
57725	57754	11	0.032836
57725	57553	1	0.002985
57725	58196	8	0.023881
57725	57278	379	1.131343
57725	57046	1	0.002985
57725	57080	10	0.029851
57725	57940	2	0.005970
57725	57242	8	0.023881
57725	58236	1	0.002985
57725	57162	1	0.002985
57725	57054	2	0.005970
57730	57296	1	0.002611
57730	58211	16	0.041775
57731	57981	1	0.058824
57733	57555	120	8.000000
57734	57425	2	0.002356
57734	57308	2023	2.382803
57734	57636	1	0.001178
57735	57856	2	0.006349
57735	57090	1	0.003175
57735	57479	2	0.006349
57735	57553	2	0.006349
57735	57616	1	0.003175
57735	57560	2	0.006349
57735	58130	11	0.034921
57735	57496	2	0.006349
57735	57754	2	0.006349
57735	57896	1	0.003175
57735	58030	1	0.003175
57735	57912	2	0.006349
57735	58044	1	0.003175
57735	57927	1	0.003175
57735	57335	14	0.044444
57735	57272	4	0.012698
57735	57554	2	0.006349
57735	58196	12	0.038095
57735	57176	1	0.003175
57735	57692	1	0.003175
57735	58214	11	0.034921
57735	58215	1	0.003175
57735	57069	1	0.003175
57735	58223	1	0.003175
57735	57584	2	0.006349
57735	57330	1	0.003175
57735	57207	1	0.003175
57735	58236	6	0.019048
57735	58109	1	0.003175
57736	58211	55	0.076816
57736	57927	2	0.002793
57736	57719	2	0.002793
57736	57553	4	0.005587
57736	57747	4	0.005587
57736	57047	2	0.002793
57736	58236	12	0.016760
57738	57347	1	0.005780
57738	58021	8	0.046243
57738	58215	1	0.005780
57738	57257	28	0.161850
57738	57227	1	0.005780
57738	57161	1	0.005780
57738	57176	1	0.005780
57738	57754	2	0.011561
57738	57434	1	0.005780
57738	57406	1	0.005780
57740	57209	2	0.018349
57740	57754	10	0.091743
57740	57881	1	0.009174
57740	57486	1	0.009174
57740	58215	3	0.027523
57741	57346	4	0.002380
57741	58211	4	0.002380
57741	57479	26	0.015467
57741	57032	2	0.001190
57741	57194	6	0.003569
57741	57643	2	0.001190
57741	58124	2	0.001190
57741	58062	4	0.002380
57741	57167	2	0.001190
57741	57266	2	0.001190
57741	58215	4	0.002380
57741	57927	4	0.002380
57741	58206	2	0.001190
57741	57591	2	0.001190
57741	57176	2	0.001190
57741	57657	6	0.003569
57741	57754	2	0.001190
57741	57583	2	0.001190
57741	58236	2	0.001190
57741	58174	4	0.002380
57744	57555	173	7.863636
57746	57425	2	0.002315
57746	57308	2068	2.393519
57746	57636	1	0.001157
57747	57345	1	0.000381
57747	57476	505	0.192454
57747	57094	1	0.000381
57747	57479	4	0.001524
57747	57994	1	0.000381
57747	57227	20	0.007622
57747	57486	1	0.000381
57747	58133	1	0.000381
57747	57239	1	0.000381
57747	57881	3	0.001143
57747	57242	48	0.018293
57747	57244	9	0.003430
57747	57501	1	0.000381
57747	57252	1	0.000381
57747	57896	2	0.000762
57747	57389	116	0.044207
57747	57885	21	0.008003
57747	58033	4	0.001524
57747	57399	20	0.007622
57747	57784	24	0.009146
57747	57665	3	0.001143
57747	57419	1	0.000381
57747	57927	2	0.000762
57747	57800	1	0.000381
57747	57162	2	0.000762
57747	57035	1	0.000381
57747	57037	1	0.000381
57747	58196	2	0.000762
57747	57559	1	0.000381
57747	57176	10	0.003811
57747	57380	1	0.000381
57747	57434	2	0.000762
57747	57438	418	0.159299
57747	57312	5	0.001905
57747	57316	2	0.000762
57747	58214	4	0.001524
57747	58215	2	0.000762
57747	57194	14	0.005335
57747	58221	2	0.000762
57747	57070	421	0.160442
57747	57841	1	0.000381
57747	57588	1	0.000381
57747	57846	2	0.000762
57747	57080	1	0.000381
57747	57209	5	0.001905
57747	58236	5	0.001905
57747	57877	6	0.002287
57748	58191	1	0.142857
57750	57856	1	0.010526
57750	57090	1	0.010526
57750	57479	11	0.115789
57750	57560	2	0.021053
57750	57751	1	0.010526
57750	57240	1	0.010526
57750	57754	2	0.021053
57750	57244	1	0.010526
57750	57242	4	0.042105
57750	57380	1	0.010526
57750	57896	1	0.010526
57750	57735	7	0.073684
57750	57389	1	0.010526
57750	57162	2	0.021053
57750	58063	1	0.010526
57750	57554	1	0.010526
57750	57047	2	0.021053
57750	57176	1	0.010526
57750	57434	1	0.010526
57750	57330	1	0.010526
57750	58214	1	0.010526
57750	58215	3	0.031579
57750	57194	1	0.010526
57750	57325	2	0.021053
57750	57714	1	0.010526
57750	57335	1	0.010526
57750	58236	1	0.010526
57750	58109	1	0.010526
57751	57735	2	0.003221
57751	57069	1	0.001610
57751	57747	2	0.003221
57751	58133	2	0.003221
57751	57242	5	0.008052
57751	57501	2	0.003221
57751	57380	1	0.001610
57751	57896	10	0.016103
57751	57927	4	0.006441
57751	57525	1	0.001610
57751	57287	2	0.003221
57751	57162	1	0.001610
57751	57297	1	0.001610
57751	57560	634	1.020934
57751	57692	1	0.001610
57751	57316	1	0.001610
57751	58215	4	0.006441
57751	57324	1	0.001610
57751	57325	3	0.004831
57751	58223	1	0.001610
57751	57207	1	0.001610
57751	57080	1	0.001610
57751	58236	1	0.001610
57751	57877	2	0.003221
57752	58211	10	0.181818
57752	58236	2	0.036364
57752	57558	1	0.018182
57754	57857	4	0.001923
57754	57345	1	0.000481
57754	57864	2	0.000962
57754	57865	4	0.001923
57754	57867	4	0.001923
57754	58029	8	0.003846
57754	57363	4	0.001923
57754	57353	9	0.004327
57754	57881	7	0.003365
57754	58031	13	0.006250
57754	57372	4	0.001923
57754	57377	4	0.001923
57754	57380	3	0.001442
57754	57893	2	0.000962
57754	57898	4	0.001923
57754	57391	4	0.001923
57754	57182	3	0.001442
57754	57399	75	0.036058
57754	57915	4	0.001923
57754	57406	8	0.003846
57754	57932	20	0.009615
57754	57423	4	0.001923
57754	57425	4	0.001923
57754	57940	4	0.001923
57754	57947	4	0.001923
57754	57436	4	0.001923
57754	57960	21	0.010096
57754	57961	4	0.001923
57754	57451	4	0.001923
57754	57449	4	0.001923
57754	57194	4	0.001923
57754	57472	17	0.008173
57754	58236	6	0.002885
57754	57479	9	0.004327
57754	57486	40	0.019231
57754	58000	1	0.000481
57754	57489	1	0.000481
57754	57490	4	0.001923
57754	57498	4	0.001923
57754	57499	4	0.001923
57754	57714	2	0.000962
57754	57519	4	0.001923
57754	57521	4	0.001923
57754	57522	2	0.000962
57754	58035	4	0.001923
57754	57530	4	0.001923
57754	57531	4	0.001923
57754	58046	18	0.008654
57754	57548	12	0.005769
57754	57041	12	0.005769
57754	57554	4	0.001923
57754	57557	4	0.001923
57754	57046	20	0.009615
57754	58073	4	0.001923
57754	57565	4	0.001923
57754	57054	4	0.001923
57754	57571	4	0.001923
57754	57577	10	0.004808
57754	58092	32	0.015385
57754	57070	6	0.002885
57754	57071	16	0.007692
57754	57078	4	0.001923
57754	57592	31	0.014904
57754	57386	4	0.001923
57754	57599	22	0.010577
57754	57088	4	0.001923
57754	57605	9	0.004327
57754	57606	4	0.001923
57754	57616	13	0.006250
57754	58130	1	0.000481
57754	57623	4	0.001923
57754	58139	15	0.007212
57754	57628	4	0.001923
57754	57117	16	0.007692
57754	57630	4	0.001923
57754	58144	20	0.009615
57754	58160	12	0.005769
57754	58168	4	0.001923
57754	57145	4	0.001923
57754	58170	4	0.001923
57754	58175	4	0.001923
57754	57162	17	0.008173
57754	57679	4	0.001923
57754	57681	18	0.008654
57754	57682	6	0.002885
57754	57684	8	0.003846
57754	57687	4	0.001923
57754	57694	20	0.009615
57754	58209	4	0.001923
57754	57698	16	0.007692
57754	58211	1	0.000481
57754	58214	1	0.000481
57754	58215	6	0.002885
57754	57193	4	0.001923
57754	57706	4	0.001923
57754	57196	4	0.001923
57754	58221	4	0.001923
57754	57200	4	0.001923
57754	58226	25	0.012019
57754	58230	2	0.000962
57754	57721	1	0.000481
57754	57724	4	0.001923
57754	57725	4	0.001923
57754	58241	9	0.004327
57754	57731	4	0.001923
57754	57735	18	0.008654
57754	57226	4	0.001923
57754	57740	7	0.003365
57754	57237	4	0.001923
57754	57242	10	0.004808
57754	57244	1	0.000481
57754	57252	1	0.000481
57754	57257	16	0.007692
57754	57258	4	0.001923
57754	57261	4	0.001923
57754	57777	2	0.000962
57754	57272	1	0.000481
57754	57278	22	0.010577
57754	57981	23	0.011058
57754	57281	4	0.001923
57754	57798	4	0.001923
57754	57808	1	0.000481
57754	57300	16	0.007692
57754	57814	4	0.001923
57754	58191	12	0.005769
57754	57312	2	0.000962
57754	57825	5	0.002404
57754	57830	4	0.001923
57754	57833	4	0.001923
57754	57841	6	0.002885
57754	57045	4	0.001923
57754	57844	4	0.001923
57754	57846	4	0.001923
57754	57335	4	0.001923
57756	58211	4	0.034783
57756	57683	1	0.008696
57756	57389	2	0.017391
57757	58214	4	0.033613
57757	57510	1	0.008403
57757	57895	1	0.008403
57757	57244	3	0.025210
57757	57927	2	0.016807
57757	57804	1	0.008403
57757	57809	1	0.008403
57757	57810	1	0.008403
57757	58046	3	0.025210
57757	57047	1	0.008403
57757	57176	1	0.008403
57757	57657	2	0.016807
57757	57276	1	0.008403
57757	57310	1	0.008403
57757	57791	1	0.008403
57758	57072	2	0.400000
57758	58211	2	0.400000
57759	57864	2	0.002070
57759	57353	22	0.022774
57759	57616	1785	1.847826
57759	57494	4	0.004141
57759	57623	4	0.004141
57759	57881	2	0.002070
57759	57754	45	0.046584
57759	57244	12	0.012422
57759	57380	2	0.002070
57759	57128	14	0.014493
57759	57515	12	0.012422
57759	57389	2	0.002070
57759	57671	4	0.004141
57759	57162	2	0.002070
57759	58062	3	0.003106
57759	57297	8	0.008282
57759	58196	32	0.033126
57759	57176	887	0.918219
57759	58214	2	0.002070
57759	57553	2	0.002070
57759	58090	2	0.002070
57759	57334	8	0.008282
57759	58236	6	0.006211
57760	58226	192	0.685714
57760	57531	2	0.007143
57760	58236	1	0.003571
57761	58211	13	0.050781
57761	57927	1	0.003906
57761	58184	2	0.007812
57761	57555	1362	5.320312
57761	57588	1	0.003906
57761	58170	2	0.007812
57761	57308	2	0.007812
57762	57344	9	0.002416
57762	57479	5	0.001342
57762	57747	1	0.000268
57762	57492	17	0.004564
57762	57877	10	0.002685
57762	57879	1	0.000268
57762	57881	3	0.000805
57762	57242	2	0.000537
57762	57244	1	0.000268
57762	57896	7	0.001879
57762	57389	2	0.000537
57762	57776	5	0.001342
57762	57527	1254	0.336644
57762	57144	11	0.002953
57762	57915	1	0.000268
57762	57927	1	0.000268
57762	57162	19	0.005101
57762	57558	1	0.000268
57762	58211	37	0.009933
57762	58214	1	0.000268
57762	57070	4	0.001074
57762	57841	2	0.000537
57762	57714	3	0.000805
57762	58236	66	0.017718
57763	57694	6	2.000000
57764	57808	2	0.002656
57764	58211	2	0.002656
57764	58214	4	0.005312
57764	57841	25	0.033201
57764	57226	2	0.002656
57764	58008	2	0.002656
57764	57932	2	0.002656
57764	57391	2	0.002656
57764	58000	2	0.002656
57764	57553	2	0.002656
57764	57458	2	0.002656
57764	57363	2	0.002656
57764	58003	2	0.002656
57764	57399	4	0.005312
57764	57592	2	0.002656
57764	57383	2	0.002656
57764	57242	4	0.005312
57764	57599	4	0.005312
57765	57425	2	0.002358
57765	57308	2026	2.389151
57765	57636	1	0.001179
57766	57657	1	0.004444
57766	57047	1	0.004444
57767	57070	3	0.008427
57767	57602	4	0.011236
57767	58211	1	0.002809
57767	57476	2	0.005618
57767	57588	2	0.005618
57767	57035	1	0.002809
57767	57479	27	0.075843
57767	58215	1	0.002809
57767	57410	2	0.005618
57767	57486	5	0.014045
57767	57135	1	0.002809
57767	57297	1	0.002809
57767	57747	6	0.016854
57767	58132	1	0.002809
57767	58037	2	0.005618
57767	57015	1	0.002809
57767	58073	1	0.002809
57767	57754	2	0.005618
57767	58139	1	0.002809
57767	58133	1	0.002809
57768	57864	29	1.000000
57768	57881	29	1.000000
57770	58211	2	0.200000
57771	57176	1	0.004651
57771	58211	7	0.032558
57771	58236	4	0.018605
57771	57613	1	0.004651
57771	58215	1	0.004651
57772	58211	4	0.125000
57776	57344	8	0.002185
57776	57479	4	0.001093
57776	57747	1	0.000273
57776	57492	9	0.002458
57776	57877	10	0.002731
57776	57879	1	0.000273
57776	57881	6	0.001639
57776	57242	2	0.000546
57776	57244	1	0.000273
57776	57762	4	0.001093
57776	57767	1	0.000273
57776	57896	7	0.001912
57776	57389	3	0.000819
57776	57527	1441	0.393608
57776	57144	12	0.003278
57776	57915	1	0.000273
57776	57927	1	0.000273
57776	57162	19	0.005190
57776	57558	1	0.000273
57776	58211	58	0.015843
57776	58214	1	0.000273
57776	57190	1	0.000273
57776	57841	2	0.000546
57776	57714	3	0.000819
57776	58236	65	0.017755
57776	58133	1	0.000273
57777	57209	3	0.001744
57777	57162	8	0.004651
57777	57244	15	0.008721
57777	57194	1	0.000581
57777	57754	7	0.004070
57778	57465	3	0.033708
57778	58211	11	0.123596
57779	58214	2	0.000587
57779	57479	12	0.003523
57779	57704	16	0.004698
57779	57161	5	0.001468
57779	57194	6	0.001762
57779	57383	1	0.000294
57779	57162	4	0.001174
57779	57933	2	0.000587
57779	57553	1	0.000294
57779	57458	16	0.004698
57779	57747	1	0.000294
57779	58164	1	0.000294
57779	58196	2	0.000587
57779	58236	1	0.000294
57779	57981	17	0.004991
57779	57855	1	0.000294
57782	57636	8	0.009390
57782	57308	2032	2.384977
57782	57425	2	0.002347
57784	57345	1	0.025000
57784	57218	1	0.025000
57784	57222	1	0.025000
57784	57089	1	0.025000
57784	57608	1	0.025000
57784	57559	1	0.025000
57784	58124	1	0.025000
57784	57346	1	0.025000
57784	57837	1	0.025000
57784	57489	1	0.025000
57784	57874	1	0.025000
57784	57809	1	0.025000
57784	57492	1	0.025000
57784	57877	1	0.025000
57784	58006	1	0.025000
57784	57239	1	0.025000
57784	57240	1	0.025000
57784	57881	2	0.050000
57784	57754	3	0.075000
57784	57244	1	0.025000
57784	57242	1	0.025000
57784	57887	1	0.025000
57784	57209	4	0.100000
57784	57094	1	0.025000
57784	57383	1	0.025000
57784	57896	1	0.025000
57784	57500	1	0.025000
57784	57642	2	0.050000
57784	58055	1	0.025000
57784	57389	1	0.025000
57784	57501	1	0.025000
57784	57777	1	0.025000
57784	57857	1	0.025000
57784	57397	1	0.025000
57784	58057	1	0.025000
57784	57588	1	0.025000
57784	57532	1	0.025000
57784	57525	1	0.025000
57784	57536	1	0.025000
57784	57849	1	0.025000
57784	58052	1	0.025000
57784	57287	1	0.025000
57784	57800	1	0.025000
57784	57289	1	0.025000
57784	57162	1	0.025000
57784	57035	1	0.025000
57784	57747	2	0.050000
57784	58062	1	0.025000
57784	58233	1	0.025000
57784	57297	1	0.025000
57784	58194	1	0.025000
57784	57419	1	0.025000
57784	58196	1	0.025000
57784	57685	1	0.025000
57784	57558	1	0.025000
57784	57047	1	0.025000
57784	57176	1	0.025000
57784	58033	1	0.025000
57784	57434	1	0.025000
57784	57927	1	0.025000
57784	57312	1	0.025000
57784	57186	1	0.025000
57784	58211	1	0.025000
57784	57316	1	0.025000
57784	58214	1	0.025000
57784	57553	1	0.025000
57784	57194	1	0.025000
57784	57325	1	0.025000
57784	57841	1	0.025000
57784	57714	1	0.025000
57784	57467	1	0.025000
57784	57178	1	0.025000
57784	57612	1	0.025000
57784	57080	1	0.025000
57784	57465	1	0.025000
57784	57082	1	0.025000
57784	57723	1	0.025000
57784	58236	3	0.075000
57784	57854	2	0.050000
57784	58133	2	0.050000
57785	57308	2	0.006667
57785	57189	1	0.003333
57786	58211	1	0.004739
57786	57555	574	2.720379
57787	57602	1	0.002532
57787	58211	28	0.070886
57787	57767	1	0.002532
57787	57927	1	0.002532
57787	57386	5	0.012658
57787	57479	2	0.005063
57787	57804	2	0.005063
57787	57167	6	0.015190
57787	57747	4	0.010127
57787	58215	2	0.005063
57787	57242	1	0.002532
57787	57021	2	0.005063
57787	57599	6	0.015190
57788	57671	1	0.003344
57788	57507	1	0.003344
57788	57093	2	0.006689
57788	57479	1	0.003344
57788	57896	1	0.003344
57788	58236	1	0.003344
57788	57244	1	0.003344
57788	57927	1	0.003344
57788	57548	2	0.006689
57788	57775	1	0.003344
57788	58215	1	0.003344
57788	57491	1	0.003344
57788	57525	1	0.003344
57788	57399	1	0.003344
57788	57080	2	0.006689
57788	57747	2	0.006689
57788	57178	1	0.003344
57788	58211	1	0.003344
57788	57724	2	0.006689
57788	57501	1	0.003344
57788	58133	2	0.006689
57789	57479	274	1.022388
57791	57510	3	0.030612
57791	57895	3	0.030612
57791	57326	3	0.030612
57791	58046	1	0.010204
57791	57657	4	0.040816
57791	57276	3	0.030612
57791	57310	3	0.030612
57792	58211	4	0.666667
57793	58232	1	0.041667
57795	58211	8	0.074074
57795	57479	2	0.018519
57795	57389	4	0.037037
57795	57297	3	0.027778
57795	58163	1	0.009259
57795	57877	2	0.018519
57795	58236	5	0.046296
57796	58191	1	0.052632
57797	58196	4	0.070175
57797	58236	1	0.017544
57797	58132	2	0.035088
57797	57046	6	0.105263
57797	57047	1	0.017544
57798	57829	1	0.023256
57798	58214	1	0.023256
57798	58215	1	0.023256
57798	57162	1	0.023256
57798	58191	2	0.046512
57798	58196	2	0.046512
57798	57244	1	0.023256
57798	57597	1	0.023256
57800	58211	12	0.016667
57800	58216	1	0.001389
57800	58214	1	0.001389
57800	57927	2	0.002778
57800	57896	6	0.008333
57800	58236	1	0.001389
57800	57703	2	0.002778
57800	57559	593	0.823611
57800	57070	6	0.008333
57800	57176	3	0.004167
57800	57747	5	0.006944
57800	57588	22	0.030556
57800	58133	4	0.005556
57800	57558	4	0.005556
57800	57399	4	0.005556
57800	57080	4	0.005556
57800	57082	2	0.002778
57800	57500	2	0.002778
57800	57501	12	0.016667
57802	58214	4	0.004837
57802	57479	8	0.009674
57802	57162	4	0.004837
57802	58215	8	0.009674
57802	58124	1	0.001209
57802	57389	4	0.004837
57802	57725	5	0.006046
57802	57940	13	0.015719
57802	57054	4	0.004837
57802	57047	1	0.001209
57802	57176	12	0.014510
57802	57434	4	0.004837
57802	58236	4	0.004837
57802	57754	32	0.038694
57802	57278	49	0.059250
57803	58211	2	0.048780
57804	57602	6	0.013333
57804	57611	2	0.004444
57804	57479	1	0.002222
57804	58215	38	0.084444
57804	57244	1	0.002222
57804	57898	1	0.002222
57804	57927	2	0.004444
57804	57420	2	0.004444
57804	57195	1	0.002222
57804	57135	2	0.004444
57804	57240	2	0.004444
57804	57266	125	0.277778
57804	57565	1	0.002222
57804	57319	1	0.002222
57804	57176	17	0.037778
57804	57383	1	0.002222
57804	57434	3	0.006667
57804	57532	4	0.008889
57804	57501	2	0.004444
57804	57599	17	0.037778
57806	58242	1	0.000892
57806	57047	1	0.000892
57806	57606	1	0.000892
57806	58215	8	0.007136
57806	57244	1	0.000892
57806	57194	1	0.000892
57806	57227	3	0.002676
57806	58092	3	0.002676
57806	57070	2	0.001784
57806	57841	3	0.002676
57806	57434	1	0.000892
57806	58196	12	0.010705
57806	57399	1	0.000892
57806	57176	5	0.004460
57806	57553	1	0.000892
57806	57274	4	0.003568
57806	58236	1	0.000892
57806	57162	1	0.000892
57806	57242	1	0.000892
57808	57176	1	0.009524
57808	57881	1	0.009524
57808	57242	3	0.028571
57808	58211	1	0.009524
57808	58215	1	0.009524
57809	58211	1	0.011236
57809	57764	2	0.022472
57809	58214	7	0.078652
57809	58215	88	0.988764
57809	57194	3	0.033708
57809	57841	3	0.033708
57809	57331	3	0.033708
57809	57176	9	0.101124
57809	57754	2	0.022472
57809	58236	1	0.011236
57809	57630	2	0.022472
57811	57425	2	0.002407
57811	57308	1985	2.388688
57811	57636	1	0.001203
57812	57176	14	1.000000
57812	58122	14	1.000000
57812	58215	16	1.142857
57812	57959	14	1.000000
57813	57222	3	0.100000
57813	58215	1	0.033333
57813	57671	2	0.066667
57813	58031	2	0.066667
57813	57553	6	0.200000
57813	57650	1	0.033333
57813	57047	1	0.033333
57814	57473	3	0.003641
57814	58242	5	0.006068
57814	57475	1	0.001214
57814	57479	2	0.002427
57814	57242	3	0.003641
57814	57244	8	0.009709
57814	57383	9	0.010922
57814	57258	2	0.002427
57814	57351	2	0.002427
57814	57389	1	0.001214
57814	58099	1	0.001214
57814	57274	1	0.001214
57814	57919	10	0.012136
57814	57030	1	0.001214
57814	57675	2	0.002427
57814	57548	1	0.001214
57814	57680	1	0.001214
57814	58196	2	0.002427
57814	57047	6	0.007282
57814	57176	4	0.004854
57814	57434	1	0.001214
57814	57442	1	0.001214
57814	57316	1	0.001214
57814	58215	6	0.007282
57814	57066	1	0.001214
57814	57841	2	0.002427
57814	57715	1	0.001214
57814	58102	1	0.001214
57814	57080	1	0.001214
57815	57089	1	0.022727
57815	57741	1	0.022727
57815	57366	1	0.022727
57815	57240	1	0.022727
57815	57881	1	0.022727
57815	57242	1	0.022727
57815	57244	1	0.022727
57815	57754	1	0.022727
57815	57893	1	0.022727
57815	57767	1	0.022727
57815	57757	1	0.022727
57815	57543	1	0.022727
57815	57591	2	0.045455
57815	57553	1	0.022727
57815	58196	1	0.022727
57815	57047	4	0.090909
57815	57176	1	0.022727
57815	58206	1	0.022727
57815	58214	1	0.022727
57815	57297	1	0.022727
57815	58215	1	0.022727
57815	57325	1	0.022727
57815	57841	1	0.022727
57815	57719	1	0.022727
57815	58236	1	0.022727
57816	57176	3	0.500000
57817	57425	2	0.002445
57817	57308	1946	2.378973
57817	57636	1	0.001222
57818	57479	2	0.002994
57818	57881	4	0.005988
57818	57754	277	0.414671
57818	57244	2	0.002994
57818	57242	8	0.011976
57818	57891	2	0.002994
57818	57389	3	0.004491
57818	57391	1	0.001497
57818	57399	529	0.791916
57818	58170	1	0.001497
57818	57406	1	0.001497
57818	57800	3	0.004491
57818	57162	11	0.016467
57818	57176	2	0.002994
57818	58073	1	0.001497
57818	57434	4	0.005988
57818	57308	1	0.001497
57818	58209	1	0.001497
57818	58214	11	0.016467
57818	57070	10	0.014970
57818	57841	2	0.002994
57818	57846	1	0.001497
57818	57850	4	0.005988
57818	58236	11	0.016467
57819	58215	3	0.025641
57819	57479	1	0.008547
57819	57325	1	0.008547
57819	57684	1	0.008547
57819	57176	1	0.008547
57819	57754	1	0.008547
57819	57695	25	0.213675
57821	57297	1	0.142857
57821	57593	1	0.142857
57825	57507	103	0.418699
57825	58214	102	0.414634
57825	57553	1	0.004065
57825	58184	107	0.434959
57825	57162	1	0.004065
57825	57548	37	0.150407
57825	57176	4	0.016260
57825	57841	2	0.008130
57825	57525	1	0.004065
57825	57047	1	0.004065
57825	57080	1	0.004065
57825	57178	1	0.004065
57825	57724	2	0.008130
57828	58211	3	0.008475
57828	57607	1	0.002825
57828	57454	17	0.048023
57828	57555	1270	3.587571
57828	58051	1	0.002825
57828	57786	1	0.002825
57829	58211	2	0.105263
57829	57597	19	1.000000
57829	57798	19	1.000000
57830	57568	1	0.004202
57830	57194	1	0.004202
57830	57507	1	0.004202
57830	58196	4	0.016807
57831	57553	1	0.040000
57831	57074	26	1.040000
57831	58196	4	0.160000
57832	57425	2	0.002413
57832	57308	1979	2.387214
57832	57636	1	0.001206
57833	58214	2	0.002857
57833	57841	1	0.001429
57833	57322	2	0.002857
57833	57227	5	0.007143
57833	57389	1	0.001429
57833	57070	8	0.011429
57833	57231	2	0.002857
57833	58000	5	0.007143
57833	57553	9	0.012857
57833	58196	10	0.014286
57833	57425	1	0.001429
57833	57846	1	0.001429
57833	57399	21	0.030000
57833	57176	2	0.002857
57833	57369	1	0.001429
57833	57754	4	0.005714
57833	57275	3	0.004286
57833	57244	7	0.010000
57834	58215	4	0.014870
57834	57608	2	0.007435
57834	58057	2	0.007435
57834	57162	2	0.007435
57834	58221	4	0.014870
57834	57714	6	0.022305
57834	57176	4	0.014870
57834	57242	2	0.007435
57834	57854	2	0.007435
57835	57476	1	0.001292
57835	57094	1	0.001292
57835	57479	1	0.001292
57835	57747	6	0.007752
57835	57492	1	0.001292
57835	57877	1	0.001292
57835	57242	3	0.003876
57835	57500	1	0.001292
57835	57122	4	0.005168
57835	57896	5	0.006460
57835	57927	1	0.001292
57835	57080	1	0.001292
57835	57176	1	0.001292
57835	57562	2	0.002584
57835	57308	1	0.001292
57835	57438	3	0.003876
57835	58211	1	0.001292
57835	57194	3	0.003876
57835	57325	3	0.003876
57835	57460	2	0.002584
57835	57592	1	0.001292
57835	58133	1	0.001292
57836	57345	86	0.141680
57836	57346	1	0.001647
57836	57857	4	0.006590
57836	57864	8	0.013180
57836	57353	12	0.019769
57836	57080	3	0.004942
57836	57361	21	0.034596
57836	57875	6	0.009885
57836	57876	9	0.014827
57836	57881	132	0.217463
57836	57884	26	0.042834
57836	57885	1	0.001647
57836	57865	1	0.001647
57836	57893	1	0.001647
57836	57383	27	0.044481
57836	57896	3	0.004942
57836	57386	1	0.001647
57836	57902	1	0.001647
57836	57909	4	0.006590
57836	57399	42	0.069193
57836	57915	6	0.009885
57836	57916	1	0.001647
57836	57406	4	0.006590
57836	57410	32	0.052718
57836	57411	3	0.004942
57836	57927	6	0.009885
57836	57418	28	0.046129
57836	57015	1	0.001647
57836	57420	5	0.008237
57836	57940	2	0.003295
57836	57434	14	0.023064
57836	57530	4	0.006590
57836	57444	3	0.004942
57836	58044	1	0.001647
57836	57397	1	0.001647
57836	57453	1	0.001647
57836	57458	16	0.026359
57836	57363	2	0.003295
57836	57460	7	0.011532
57836	57467	1	0.001647
57836	57469	163	0.268534
57836	57621	1	0.001647
57836	57472	1	0.001647
57836	57985	2	0.003295
57836	57986	5	0.008237
57836	57707	1	0.001647
57836	57479	580	0.955519
57836	58073	1	0.001647
57836	57486	11	0.018122
57836	58000	1	0.001647
57836	57491	28	0.046129
57836	58005	3	0.004942
57836	57494	6	0.009885
57836	57495	1	0.001647
57836	58008	17	0.028007
57836	57498	13	0.021417
57836	57500	1	0.001647
57836	57501	2	0.003295
57836	57797	10	0.016474
57836	58016	2	0.003295
57836	57505	1	0.001647
57836	57507	46	0.075783
57836	57542	3	0.004942
57836	58226	22	0.036244
57836	58030	1	0.001647
57836	58031	1	0.001647
57836	58033	3	0.004942
57836	58037	4	0.006590
57836	57014	1	0.001647
57836	58039	1	0.001647
57836	58042	12	0.019769
57836	57531	5	0.008237
57836	57020	9	0.014827
57836	57021	1	0.001647
57836	58046	1	0.001647
57836	57024	1	0.001647
57836	58230	1	0.001647
57836	57030	7	0.011532
57836	57543	11	0.018122
57836	57035	1	0.001647
57836	57548	17	0.028007
57836	57037	2	0.003295
57836	58062	1	0.001647
57836	57553	117	0.192751
57836	57046	6	0.009885
57836	57047	19	0.031301
57836	57560	3	0.004942
57836	57380	9	0.014827
57836	57562	11	0.018122
57836	57565	2	0.003295
57836	57054	1	0.001647
57836	57568	11	0.018122
57836	57735	10	0.016474
57836	57574	5	0.008237
57836	58087	1	0.001647
57836	58236	169	0.278418
57836	57067	2	0.003295
57836	57070	58	0.095552
57836	57583	9	0.014827
57836	57587	4	0.006590
57836	57588	1	0.001647
57836	57078	39	0.064250
57836	57592	9	0.014827
57836	57081	15	0.024712
57836	57597	11	0.018122
57836	57599	18	0.029654
57836	58094	1	0.001647
57836	57602	2	0.003295
57836	57603	1	0.001647
57836	57093	2	0.003295
57836	57606	1	0.001647
57836	58122	3	0.004942
57836	57611	3	0.004942
57836	58124	8	0.013180
57836	57613	1	0.001647
57836	57616	15	0.024712
57836	57694	4	0.006590
57836	58132	2	0.003295
57836	58133	1	0.001647
57836	58134	7	0.011532
57836	57623	3	0.004942
57836	57624	19	0.031301
57836	57625	2	0.003295
57836	58139	13	0.021417
57836	57117	6	0.009885
57836	57120	2	0.003295
57836	58145	2	0.003295
57836	57122	9	0.014827
57836	57128	3	0.004942
57836	57643	23	0.037891
57836	57135	2	0.003295
57836	58161	30	0.049423
57836	58163	3	0.004942
57836	58186	2	0.003295
57836	57142	6	0.009885
57836	57657	37	0.060956
57836	58170	1	0.001647
57836	57661	1	0.001647
57836	58174	6	0.009885
57836	57151	1	0.001647
57836	58166	3	0.004942
57836	57671	2	0.003295
57836	58184	1	0.001647
57836	57161	1	0.001647
57836	57162	63	0.103789
57836	58189	2	0.003295
57836	57167	64	0.105437
57836	57680	43	0.070840
57836	58194	3	0.004942
57836	58196	238	0.392092
57836	57176	217	0.357496
57836	57178	1	0.001647
57836	58206	1	0.001647
57836	57695	32	0.052718
57836	57698	2	0.003295
57836	58211	90	0.148270
57836	58214	26	0.042834
57836	58215	11	0.018122
57836	58216	2	0.003295
57836	58217	3	0.004942
57836	57194	101	0.166392
57836	57195	34	0.056013
57836	58221	18	0.029654
57836	57710	1	0.001647
57836	57714	23	0.037891
57836	57203	9	0.014827
57836	57206	1	0.001647
57836	57719	3	0.004942
57836	57209	1	0.001647
57836	57724	21	0.034596
57836	57215	1	0.001647
57836	57731	1	0.001647
57836	58247	2	0.003295
57836	57227	13	0.021417
57836	57740	1	0.001647
57836	57741	56	0.092257
57836	57233	1	0.001647
57836	57809	6	0.009885
57836	57747	13	0.021417
57836	57237	10	0.016474
57836	57750	70	0.115321
57836	57240	1	0.001647
57836	57754	54	0.088962
57836	57071	1	0.001647
57836	57244	35	0.057661
57836	57242	55	0.090610
57836	57758	1	0.001647
57836	57247	44	0.072488
57836	57252	15	0.024712
57836	57767	4	0.006590
57836	57257	5	0.008237
57836	57775	2	0.003295
57836	57266	44	0.072488
57836	57268	1	0.001647
57836	57783	1	0.001647
57836	57272	19	0.031301
57836	57274	47	0.077430
57836	57787	1	0.001647
57836	57788	1	0.001647
57836	57789	1	0.001647
57836	57981	7	0.011532
57836	57285	5	0.008237
57836	57289	1	0.001647
57836	57802	50	0.082372
57836	57804	13	0.021417
57836	57293	22	0.036244
57836	57806	1	0.001647
57836	57297	32	0.052718
57836	57814	20	0.032949
57836	58078	1	0.001647
57836	57818	1	0.001647
57836	58191	3	0.004942
57836	57308	43	0.070840
57836	57821	2	0.003295
57836	57312	13	0.021417
57836	57825	1	0.001647
57836	57316	4	0.006590
57836	57830	2	0.003295
57836	57319	2	0.003295
57836	57833	1	0.001647
57836	57324	2	0.003295
57836	57325	6	0.009885
57836	58102	2	0.003295
57836	57085	1	0.001647
57836	57841	16	0.026359
57836	57843	7	0.011532
57836	57369	1	0.001647
57836	57684	3	0.004942
57836	57850	7	0.011532
57836	57855	8	0.013180
57837	57222	2	0.003077
57837	57896	17	0.026154
57837	57325	1	0.001538
57837	57747	3	0.004615
57837	57492	2	0.003077
57837	57877	2	0.003077
57837	57242	1	0.001538
57837	58236	1	0.001538
57837	57501	1	0.001538
57837	58133	1	0.001538
57839	57411	3	0.010453
57839	58211	27	0.094077
57839	58236	1	0.003484
57839	57981	1	0.003484
57839	57479	1	0.003484
57841	57345	2	0.048780
57841	57479	1	0.024390
57841	57553	1	0.024390
57841	57227	2	0.048780
57841	57881	1	0.024390
57841	57242	1	0.024390
57841	57244	2	0.048780
57841	57754	6	0.146341
57841	57764	1	0.024390
57841	57383	1	0.024390
57841	57389	1	0.024390
57841	57272	1	0.024390
57841	57543	1	0.024390
57841	57162	7	0.170732
57841	57420	1	0.024390
57841	57809	11	0.268293
57841	58196	3	0.073171
57841	57047	1	0.024390
57841	57176	64	1.560976
57841	57380	1	0.024390
57841	57434	1	0.024390
57841	57312	1	0.024390
57841	58211	2	0.048780
57841	58214	18	0.439024
57841	58215	1	0.024390
57841	57194	1	0.024390
57841	58236	4	0.097561
57842	58214	1	0.090909
57842	57841	1	0.090909
57842	57194	1	0.090909
57842	57553	1	0.090909
57842	57685	1	0.090909
57842	57176	1	0.090909
57843	58139	4	0.003876
57843	57767	1	0.000969
57843	57927	1	0.000969
57843	57308	1	0.000969
57843	57479	6	0.005814
57843	58124	1	0.000969
57843	58189	4	0.003876
57843	57047	1	0.000969
57843	57553	1	0.000969
57843	57203	8	0.007752
57843	58247	1	0.000969
57843	57495	18	0.017442
57843	57434	2	0.001938
57843	57467	19	0.018411
57843	57244	3	0.002907
57843	57661	1	0.000969
57843	57754	1	0.000969
57843	57855	1	0.000969
57844	58196	2	0.003546
57844	58226	1	0.001773
57844	57332	2	0.003546
57846	58214	1	0.002688
57846	58236	1	0.002688
57846	57553	1	0.002688
57846	57161	2	0.005376
57846	57308	2	0.005376
57846	57841	11	0.029570
57846	58196	3	0.008065
57846	57399	20	0.053763
57846	57176	5	0.013441
57846	58132	2	0.005376
57846	57754	11	0.029570
57846	57244	2	0.005376
57847	57425	2	0.002407
57847	57308	1991	2.395909
57847	57636	1	0.001203
57848	58124	3	0.001182
57848	57411	2	0.000788
57848	58211	2617	1.030721
57848	57244	1	0.000394
57848	58214	1	0.000394
57848	58236	20	0.007877
57848	57194	2	0.000788
57848	57747	24	0.009453
57848	57297	1	0.000394
57848	57491	35	0.013785
57848	57548	4	0.001575
57848	57525	4	0.001575
57848	58196	1	0.000394
57848	57080	4	0.001575
57848	57881	24	0.009453
57848	57242	8	0.003151
57848	57979	1	0.000394
57848	57724	12	0.004726
57848	57885	1	0.000394
57848	57754	2	0.000788
57848	57308	1	0.000394
57849	57248	1	0.001412
57849	58211	2	0.002825
57849	57476	1	0.001412
57849	57896	6	0.008475
57849	57193	2	0.002825
57849	57642	1	0.001412
57849	57242	4	0.005650
57849	57501	3	0.004237
57849	57300	3	0.004237
57849	58133	10	0.014124
57849	57558	2	0.002825
57849	57176	5	0.007062
57849	57434	2	0.002825
57849	57500	4	0.005650
57849	57194	3	0.004237
57849	57854	2	0.002825
57849	57877	1	0.001412
57850	57345	12	0.166667
57850	58211	12	0.166667
57850	57252	12	0.166667
57850	57194	13	0.180556
57850	57716	12	0.166667
57850	57242	12	0.166667
57850	57693	12	0.166667
57851	57451	1	0.010417
57851	58226	1	0.010417
57851	58211	91	0.947917
57852	57754	16	1.000000
57852	57252	1	0.062500
57852	57085	76	4.750000
57852	57486	60	3.750000
57853	57555	8754	8.023831
57853	57308	1	0.000917
57853	57747	1	0.000917
57853	57399	3	0.002750
57854	57476	6	0.002424
57854	57608	1	0.000404
57854	57226	3	0.001212
57854	58221	13	0.005253
57854	57489	1	0.000404
57854	57747	10	0.004040
57854	58133	14	0.005657
57854	57626	13	0.005253
57854	57501	27	0.010909
57854	57505	3	0.001212
57854	57896	17	0.006869
57854	57531	7	0.002828
57854	57925	3	0.001212
57854	57927	4	0.001616
57854	58057	3	0.001212
57854	57558	3	0.001212
57854	58211	2	0.000808
57854	58215	9	0.003636
57854	57325	2	0.000808
57854	57070	4	0.001616
57854	57080	7	0.002828
57854	58236	5	0.002020
57854	57469	2	0.000808
57854	57877	19	0.007677
57855	57601	1	0.001859
57855	57218	1	0.001859
57855	57478	1	0.001859
57855	57479	8	0.014870
57855	57047	3	0.005576
57855	58124	2	0.003717
57855	57743	2	0.003717
57855	58136	1	0.001859
57855	57754	1	0.001859
57855	58139	4	0.007435
57855	57244	4	0.007435
57855	57933	2	0.003717
57855	57120	1	0.001859
57855	57115	2	0.003717
57855	57380	1	0.001859
57855	57969	3	0.005576
57855	57257	4	0.007435
57855	57287	1	0.001859
57855	58164	2	0.003717
57855	57536	16	0.029740
57855	57159	1	0.001859
57855	57162	3	0.005576
57855	57058	3	0.005576
57855	57423	3	0.005576
57855	57687	2	0.003717
57855	57176	2	0.003717
57855	57444	1	0.001859
57855	57434	2	0.003717
57855	57948	3	0.005576
57855	57698	8	0.014870
57855	58211	1	0.001859
57855	58084	1	0.001859
57855	58215	1	0.001859
57855	58216	2	0.003717
57855	57194	1	0.001859
57855	57704	1	0.001859
57855	57458	13	0.024164
57855	57206	2	0.003717
57855	58107	4	0.007435
57855	57981	9	0.016729
57856	57735	3	0.250000
57856	58223	4	0.333333
57857	57244	2	0.000254
57857	57247	1	0.000127
57857	57316	1	0.000127
57857	58215	51	0.006465
57859	57346	3	0.000686
57859	57476	1	0.000229
57859	58006	3	0.000686
57859	57222	3	0.000686
57859	57479	3	0.000686
57859	57608	1	0.000229
57859	57047	3	0.000686
57859	57489	3	0.000686
57859	57747	7	0.001600
57859	57492	3	0.000686
57859	57877	1	0.000229
57859	57622	333	0.076132
57859	57239	3	0.000686
57859	57881	1	0.000229
57859	57242	8	0.001829
57859	57499	7	0.001600
57859	57116	12	0.002743
57859	57501	5	0.001143
57859	58014	2	0.000457
57859	57887	13	0.002972
57859	57094	3	0.000686
57859	57896	4	0.000914
57859	57244	48	0.010974
57859	57389	6	0.001372
57859	57587	1	0.000229
57859	57525	3	0.000686
57859	57399	33	0.007545
57859	58168	1	0.000229
57859	57787	1	0.000229
57859	57532	3	0.000686
57859	57536	3	0.000686
57859	57419	3	0.000686
57859	57751	1	0.000229
57859	57927	4	0.000914
57859	57800	1	0.000229
57859	58057	1	0.000229
57859	57035	3	0.000686
57859	57293	1	0.000229
57859	58062	2	0.000457
57859	58233	2	0.000457
57859	57808	1	0.000229
57859	57297	2	0.000457
57859	57940	1	0.000229
57859	57685	3	0.000686
57859	57558	5	0.001143
57859	57559	3	0.000686
57859	57178	1	0.000229
57859	57308	75	0.017147
57859	57509	3	0.000686
57859	57434	3	0.000686
57859	58209	1	0.000229
57859	58211	452	0.103338
57859	58215	12	0.002743
57859	57832	2	0.000457
57859	58236	1	0.000229
57859	57703	2	0.000457
57859	57837	3	0.000686
57859	58216	1	0.000229
57859	57467	3	0.000686
57859	57588	6	0.001372
57859	57080	5	0.001143
57859	57849	3	0.000686
57859	57723	1	0.000229
57859	57724	1	0.000229
57859	57854	3	0.000686
57859	58133	2	0.000457
57860	58211	1	0.037037
57860	57735	2	0.074074
57861	57289	139	3.088889
57861	57243	83	1.844444
57861	57227	1	0.022222
57864	57881	23	0.410714
57864	58215	23	0.410714
57866	57074	3	0.008671
57866	57293	173	0.500000
57870	57425	2	0.002463
57870	57308	1928	2.374384
57870	57636	1	0.001232
57873	57657	1	0.019608
57873	57047	1	0.019608
57874	57881	1	0.000217
57874	58215	4607	1.000000
57874	58092	2	0.000434
57874	58221	1	0.000217
57874	57325	1	0.000217
57874	57779	1	0.000217
57874	58133	1	0.000217
57874	57399	1	0.000217
57874	57176	23	0.004992
57874	57465	2	0.000434
57874	57242	8	0.001736
57874	57244	1	0.000217
57875	57681	1	0.010417
57875	57479	2	0.020833
57876	57176	85	1.700000
57876	57881	50	1.000000
57876	57380	50	1.000000
57876	57486	1	0.020000
57876	57399	1	0.020000
57877	57346	1	0.011628
57877	57222	2	0.023256
57877	57608	3	0.034884
57877	57611	1	0.011628
57877	57837	2	0.023256
57877	57489	1	0.011628
57877	57747	1	0.011628
57877	57492	2	0.023256
57877	58133	1	0.011628
57877	58006	2	0.023256
57877	57239	2	0.023256
57877	57240	1	0.011628
57877	57500	9	0.104651
57877	57501	2	0.023256
57877	57887	1	0.011628
57877	57094	2	0.023256
57877	57896	2	0.023256
57877	57389	1	0.011628
57877	57525	2	0.023256
57877	57465	1	0.011628
57877	57788	2	0.023256
57877	57536	2	0.023256
57877	57419	1	0.011628
57877	57751	1	0.011628
57877	57927	1	0.011628
57877	57800	2	0.023256
57877	58057	3	0.034884
57877	57035	2	0.023256
57877	58062	2	0.023256
57877	58233	1	0.011628
57877	57467	1	0.011628
57877	57685	1	0.011628
57877	57558	2	0.023256
57877	57559	2	0.023256
57877	57178	2	0.023256
57877	57438	1	0.011628
57877	58211	4	0.046512
57877	57703	1	0.011628
57877	58216	1	0.011628
57877	57532	1	0.011628
57877	57194	1	0.011628
57877	57835	1	0.011628
57877	57325	1	0.011628
57877	57456	1	0.011628
57877	57587	1	0.011628
57877	57588	2	0.023256
57877	57719	1	0.011628
57877	57080	1	0.011628
57877	57849	2	0.023256
57877	57723	2	0.023256
57877	57854	1	0.011628
57878	57312	3	0.007212
57878	58211	3	0.007212
57878	57767	6	0.014423
57878	58215	5	0.012019
57878	57162	1	0.002404
57878	57015	1	0.002404
57878	57487	1	0.002404
57878	57712	1	0.002404
57878	57274	1	0.002404
57878	58226	2	0.004808
57878	57491	1	0.002404
57878	57434	3	0.007212
57878	57078	53737	129.175481
57878	57047	3	0.007212
57878	57176	1	0.002404
57878	57802	1	0.002404
57878	57754	1	0.002404
57878	57308	1	0.002404
57878	57469	4	0.009615
57879	57344	3	0.001445
57879	57762	1	0.000482
57879	58211	23	0.011079
57879	57479	3	0.001445
57879	57896	6	0.002890
57879	58219	1	0.000482
57879	57389	1	0.000482
57879	57776	4	0.001927
57879	57841	1	0.000482
57879	57714	3	0.001445
57879	57877	2	0.000963
57879	57527	44	0.021195
57879	57144	3	0.001445
57879	57881	7	0.003372
57879	58236	34	0.016378
57880	58211	7	0.072917
57880	57747	1	0.010417
57880	57719	1	0.010417
57881	57345	8	0.025974
57881	57218	2	0.006494
57881	58245	2	0.006494
57881	57479	22	0.071429
57881	57864	2	0.006494
57881	57553	1	0.003247
57881	57227	4	0.012987
57881	58124	8	0.025974
57881	57486	9	0.029221
57881	57874	1	0.003247
57881	57747	1	0.003247
57881	58133	1	0.003247
57881	57109	3	0.009740
57881	57754	3	0.009740
57881	57500	2	0.006494
57881	57373	6	0.019481
57881	57378	2	0.006494
57881	57252	1	0.003247
57881	57612	1	0.003247
57881	57126	1	0.003247
57881	57767	1	0.003247
57881	57768	1	0.003247
57881	57244	12	0.038961
57881	57642	1	0.003247
57881	57287	1	0.003247
57881	57389	1	0.003247
57881	57135	1	0.003247
57881	57777	2	0.006494
57881	57270	1	0.003247
57881	57272	1	0.003247
57881	57665	1	0.003247
57881	57283	1	0.003247
57881	58052	1	0.003247
57881	57413	8	0.025974
57881	58055	3	0.009740
57881	57289	2	0.006494
57881	57162	9	0.029221
57881	58063	1	0.003247
57881	57297	9	0.029221
57881	58194	1	0.003247
57881	58196	6	0.019481
57881	57558	2	0.006494
57881	57047	1	0.003247
57881	57176	10	0.032468
57881	57434	6	0.019481
57881	57082	1	0.003247
57881	57312	6	0.019481
57881	57809	1	0.003247
57881	57186	1	0.003247
57881	58211	5	0.016234
57881	57316	4	0.012987
57881	58214	6	0.019481
57881	58215	47	0.152597
57881	57194	313	1.016234
57881	57383	1	0.003247
57881	57325	3	0.009740
57881	57841	1	0.003247
57881	57714	5	0.016234
57881	57386	2	0.006494
57881	58132	1	0.003247
57881	57719	1	0.003247
57881	57465	3	0.009740
57881	57740	2	0.006494
57881	57215	1	0.003247
57881	58236	6	0.019481
57881	58090	10	0.032468
57881	57242	18	0.058442
57881	57877	1	0.003247
57882	57242	1	0.003610
57882	58211	1	0.003610
57882	58236	1	0.003610
57882	57597	1	0.003610
57882	58191	1	0.003610
57883	57881	1	0.037037
57883	58215	27	1.000000
57883	57492	1	0.037037
57883	58214	1	0.037037
57883	57479	27	1.000000
57885	58211	5	0.067568
57885	58133	1	0.013514
57885	57558	1	0.013514
57886	58211	1	0.055556
57887	57558	1	0.001368
57887	57926	1	0.001368
57887	57287	1	0.001368
57887	57896	1	0.001368
57887	58130	1	0.001368
57887	57194	1	0.001368
57887	57227	1	0.001368
57887	57325	1	0.001368
57887	57200	1	0.001368
57887	57490	1	0.001368
57887	57747	1	0.001368
57887	58133	1	0.001368
57887	57622	1	0.001368
57887	57399	1	0.001368
57887	58073	1	0.001368
57887	57242	7	0.009576
57887	57499	1	0.001368
57887	57244	1	0.001368
57887	57434	4	0.005472
57891	58090	3	0.200000
57891	57406	1	0.066667
57891	57714	3	0.200000
57891	57754	7	0.466667
57893	57465	2	0.117647
57893	57754	17	1.000000
57894	57425	2	0.002497
57894	57308	1895	2.365793
57894	57636	1	0.001248
57896	57493	2	0.000309
57896	58245	3	0.000463
57896	57094	22	0.003395
57896	57479	29	0.004475
57896	57227	13	0.002006
57896	57489	32	0.004938
57896	57747	3	0.000463
57896	58133	2	0.000309
57896	57877	10	0.001543
57896	57239	6	0.000926
57896	57244	14	0.002160
57896	57501	4	0.000617
57896	58017	3	0.000463
57896	57380	1	0.000154
57896	57383	1	0.000154
57896	57642	3	0.000463
57896	57389	8	0.001234
57896	57175	49	0.007561
57896	58052	14	0.002160
57896	57286	2	0.000309
57896	57927	3	0.000463
57896	58057	1	0.000154
57896	57419	1	0.000154
57896	57553	8	0.001234
57896	57685	4	0.000617
57896	57209	4	0.000617
57896	57176	5	0.000771
57896	58211	36	0.005555
57896	57316	2	0.000309
57896	58215	3	0.000463
57896	58217	14	0.002160
57896	57194	20	0.003086
57896	57837	28	0.004320
57896	57080	7	0.001080
57896	57465	8	0.001234
57896	58236	4	0.000617
57896	57621	1	0.000154
57898	58214	1	0.004762
57898	57479	4	0.019048
57898	58215	1	0.004762
57898	57804	1	0.004762
57898	57167	8	0.038095
57898	57553	6	0.028571
57898	57841	1	0.004762
57898	58196	2	0.009524
57898	57047	6	0.028571
57898	57176	1	0.004762
57898	57754	2	0.009524
57898	58236	1	0.004762
57898	57501	13	0.061905
57898	57599	18	0.085714
57899	57754	3	0.157895
57899	57932	57	3.000000
57899	58214	19	1.000000
57901	57425	2	0.002460
57901	57308	1931	2.375154
57901	57636	1	0.001230
57902	58211	73	0.168591
57902	57287	1	0.002309
57902	57896	1	0.002309
57902	57479	2	0.004619
57902	57841	1	0.002309
57902	58215	1	0.002309
57902	57719	1	0.002309
57902	57500	4	0.009238
57903	58186	1	0.058824
57904	58211	78	0.987342
57904	57555	1551	19.632911
57905	57308	2	0.006601
57905	57189	1	0.003300
57905	57070	2	0.006601
57906	58211	58	1.657143
57906	57996	35	1.000000
57906	57254	1	0.028571
57907	57761	2	0.010989
57907	58211	5	0.027473
57907	58149	1	0.005495
57907	57095	1	0.005495
57907	58236	3	0.016484
57907	57963	1	0.005495
57907	57047	1	0.005495
57907	57168	1	0.005495
57907	57555	701	3.851648
57907	57904	4	0.021978
57907	58215	1	0.005495
57907	57308	1	0.005495
57907	57439	4	0.021978
57909	57761	1	0.002564
57909	58211	20	0.051282
57909	57094	2	0.005128
57909	57287	1	0.002564
57909	57896	1	0.002564
57909	57308	2	0.005128
57909	57283	1	0.002564
57909	57881	17	0.043590
57909	57274	3	0.007692
57909	58236	10	0.025641
57912	57600	1	0.062500
57912	57750	2	0.125000
57913	57624	2	0.037736
57913	58211	4	0.075472
57914	58236	13	0.866667
57915	57344	1	0.000981
57915	57574	2	0.001963
57915	58242	4	0.003925
57915	57479	1	0.000981
57915	57227	7	0.006869
57915	57492	2	0.001963
57915	58133	7	0.006869
57915	57881	1	0.000981
57915	57498	13	0.012758
57915	57135	3	0.002944
57915	57372	3	0.002944
57915	57754	2	0.001963
57915	57764	1	0.000981
57915	57383	2	0.001963
57915	57244	1	0.000981
57915	57389	44	0.043180
57915	58031	2	0.001963
57915	57914	1	0.000981
57915	57162	8	0.007851
57915	57312	4	0.003925
57915	57671	4	0.003925
57915	58057	14	0.013739
57915	58186	1	0.000981
57915	57420	2	0.001963
57915	57553	2	0.001963
57915	58196	19	0.018646
57915	57465	9	0.008832
57915	57176	10	0.009814
57915	57568	4	0.003925
57915	57190	1	0.000981
57915	58214	4	0.003925
57915	57809	2	0.001963
57915	57194	1	0.000981
57915	58215	2	0.001963
57915	57841	13	0.012758
57915	57721	2	0.001963
57915	58236	7	0.006869
57916	57568	4	0.002095
57916	57070	3	0.001572
57916	57094	2	0.001048
57916	58215	2	0.001048
57916	57724	1	0.000524
57916	57047	2	0.001048
57916	58092	1	0.000524
57916	57961	1	0.000524
57916	57841	4	0.002095
57916	58196	2	0.001048
57916	57806	1	0.000524
57916	57239	2	0.001048
57916	57176	3823	2.002619
57916	57274	3	0.001572
57916	58236	2	0.001048
57916	57181	1	0.000524
57917	57308	2	0.006061
57917	57189	1	0.003030
57919	58241	2	0.002392
57919	57475	2	0.002392
57919	57351	2	0.002392
57919	57864	3	0.003589
57919	58090	3	0.003589
57919	57553	2	0.002392
57919	57227	9	0.010766
57919	58124	5	0.005981
57919	57486	1	0.001196
57919	57747	1	0.001196
57919	57237	2	0.002392
57919	57881	4	0.004785
57919	57242	3	0.003589
57919	57244	3	0.003589
57919	57754	34	0.040670
57919	58145	2	0.002392
57919	57345	3	0.003589
57919	57383	1	0.001196
57919	57258	10	0.011962
57919	57389	2	0.002392
57919	57399	8	0.009569
57919	57568	5	0.005981
57919	57161	1	0.001196
57919	57162	5	0.005981
57919	57675	3	0.003589
57919	57932	2	0.002392
57919	58063	1	0.001196
57919	57297	7	0.008373
57919	58196	133	0.159091
57919	57814	7	0.008373
57919	57047	5	0.005981
57919	57176	10	0.011962
57919	57312	1	0.001196
57919	58214	10	0.011962
57919	58215	3	0.003589
57919	57066	3	0.003589
57919	58092	2	0.002392
57919	57070	1	0.001196
57919	57841	2	0.002392
57919	57548	4	0.004785
57919	57592	1	0.001196
57919	57465	1	0.001196
57919	58236	97	0.116029
57919	57194	1	0.001196
57919	57621	1	0.001196
57920	57864	2	0.000951
57920	57434	1	0.000475
57920	57369	2	0.000951
57920	57881	3	0.001426
57920	57754	4	0.001901
57920	57244	4	0.001901
57920	57242	3	0.001426
57920	57399	89	0.042300
57920	57530	1	0.000475
57920	57275	47	0.022338
57920	57162	2	0.000951
57920	57295	1	0.000475
57920	58196	11	0.005228
57920	57176	7	0.003327
57920	57818	1	0.000475
57920	57308	5	0.002376
57920	57568	4	0.001901
57920	58211	1	0.000475
57920	58214	6	0.002852
57920	58215	1	0.000475
57920	57961	1	0.000475
57920	58092	4	0.001901
57920	57197	1	0.000475
57920	57070	25	0.011882
57920	57841	2	0.000951
57920	57846	1	0.000475
57920	57833	1	0.000475
57920	58233	2	0.000951
57920	58236	3	0.001426
57921	57553	1	0.025641
57921	57194	1	0.025641
57921	58211	7	0.179487
57921	57563	2	0.051282
57921	57247	1	0.025641
57925	58211	3779	7.759754
57925	57927	6	0.012320
57925	57479	523	1.073922
57925	58221	4	0.008214
57925	57242	4	0.008214
57925	58236	4	0.008214
57925	57469	8	0.016427
57926	58211	53	0.055324
57926	57286	2	0.002088
57926	58236	17	0.017745
57926	58124	1	0.001044
57926	57389	8	0.008351
57926	57293	1	0.001044
57926	57200	963	1.005219
57926	57399	3	0.003132
57926	57881	2	0.002088
57926	57308	959	1.001044
57927	58214	2	0.013889
57927	58216	3	0.020833
57927	57289	1	0.006944
57927	57194	20	0.138889
57927	57611	5	0.034722
57927	57389	1	0.006944
57927	57841	1	0.006944
57927	57587	5	0.034722
57927	57881	1	0.006944
57927	57176	2	0.013889
57927	57465	1	0.006944
57929	57754	1	0.018182
57929	58215	1	0.018182
57929	58031	1	0.018182
57930	57152	89	0.946809
57930	57106	89	0.946809
57930	58211	179	1.904255
57930	58236	1	0.010638
57931	57274	6	0.015113
57931	58211	25	0.062972
57931	58236	22	0.055416
57931	57314	2	0.005038
57931	57877	2	0.005038
57932	57472	1	0.006410
57932	57605	1	0.006410
57932	57353	1	0.006410
57932	57616	1	0.006410
57932	58139	1	0.006410
57932	57244	2	0.012821
57932	57117	1	0.006410
57932	57252	2	0.012821
57932	57257	1	0.006410
57932	57278	1	0.006410
57932	57027	1	0.006410
57932	57548	1	0.006410
57932	58191	1	0.006410
57932	57553	3	0.019231
57932	57684	1	0.006410
57932	57046	1	0.006410
57932	57047	1	0.006410
57932	57176	6	0.038462
57932	57300	1	0.006410
57932	57694	1	0.006410
57932	57568	1	0.006410
57932	57698	1	0.006410
57932	58214	143	0.916667
57932	58215	1	0.006410
57932	57194	2	0.012821
57932	58226	1	0.006410
57932	57715	1	0.006410
57932	57592	1	0.006410
57932	58196	8	0.051282
57932	57599	1	0.006410
57933	57712	137	1.000000
57933	58211	21	0.153285
57933	58236	6	0.043796
57937	58211	2	0.018018
57938	57297	2	0.000827
57938	57479	2	0.000827
57938	57227	22	0.009098
57938	57612	2	0.000827
57938	58000	4	0.001654
57938	57493	2	0.000827
57938	57242	2	0.000827
57938	57244	9	0.003722
57938	57767	2	0.000827
57938	57543	3	0.001241
57938	57135	3	0.001241
57938	58033	11	0.004549
57938	57399	149	0.061621
57938	57671	2	0.000827
57938	57161	1	0.000414
57938	57162	19	0.007858
57938	57425	4	0.001654
57938	58196	76	0.031431
57938	57176	26	0.010753
57938	57308	12	0.004963
57938	57568	12	0.004963
57938	58214	16	0.006617
57938	57553	8	0.003309
57938	57070	17	0.007031
57938	57841	2	0.000827
57938	58226	2	0.000827
57938	57465	4	0.001654
57938	58236	4	0.001654
57940	57568	1	0.001567
57940	58211	1	0.001567
57940	57605	2	0.003135
57940	58087	1	0.001567
57940	57802	7	0.010972
57940	57927	1	0.001567
57940	57725	1	0.001567
57940	57553	1	0.001567
57940	58196	8	0.012539
57940	57054	1	0.001567
57940	57399	2	0.003135
57940	57176	28	0.043887
57940	58236	3	0.004702
57940	57642	1	0.001567
57940	57278	17	0.026646
57942	57080	3	0.085714
57942	57881	1	0.028571
57942	58215	35	1.000000
57942	58214	6	0.171429
57942	57479	36	1.028571
57943	57425	2	0.002497
57943	57308	1895	2.365793
57943	57636	1	0.001248
57945	57561	126	0.320611
57945	58211	21	0.053435
57945	58214	1	0.002545
57947	57841	1	0.090909
57947	57754	50	4.545455
57947	58214	1	0.090909
57947	58215	1	0.090909
57951	57754	11	0.144737
57951	57278	960	12.631579
57952	57425	2	0.002488
57952	57308	1904	2.368159
57952	57636	1	0.001244
57954	57574	231	1.276243
57954	57479	4	0.022099
57954	57386	1	0.005525
57954	57553	1	0.005525
57954	57747	3	0.016575
57954	57142	1	0.005525
57954	57308	1	0.005525
57955	57425	2	0.002469
57955	57308	1928	2.380247
57955	57636	1	0.001235
57957	57425	2	0.002506
57957	57308	1886	2.363409
57957	57636	1	0.001253
57959	57176	45	0.937500
57959	57486	1	0.020833
57960	57984	21	0.003480
57960	58145	3	0.000497
57960	57671	1	0.000166
57960	57411	4	0.000663
57960	58214	13	0.002154
57960	57479	8	0.001326
57960	58120	17	0.002817
57960	57418	22	0.003646
57960	57227	15	0.002486
57960	57325	2	0.000331
57960	57486	3	0.000497
57960	57841	2	0.000331
57960	57176	11	0.001823
57960	58215	1	0.000166
57960	58196	15	0.002486
57960	57272	5	0.000829
57960	57684	10	0.001657
57960	57242	14	0.002320
57960	57754	53	0.008784
57960	57543	6	0.000994
57960	57599	8	0.001326
57961	57881	7	0.002582
57961	57093	1	0.000369
57961	57094	1	0.000369
57961	57874	2	0.000738
57961	57239	11	0.004058
57961	57369	12	0.004426
57961	57754	23	0.008484
57961	57244	1	0.000369
57961	57380	1	0.000369
57961	57896	2	0.000738
57961	57389	2	0.000738
57961	57646	1	0.000369
57961	57135	1	0.000369
57961	57274	11	0.004058
57961	57671	1	0.000369
57961	57161	5	0.001844
57961	57162	3	0.001107
57961	57553	6	0.002213
57961	58194	2	0.000738
57961	58196	22	0.008115
57961	57176	7243	2.671708
57961	57434	1	0.000369
57961	57530	17	0.006271
57961	57568	3	0.001107
57961	58214	47	0.017337
57961	58215	3	0.001107
57961	57833	2	0.000738
57961	58092	21	0.007746
57961	57070	2	0.000738
57961	57080	1	0.000369
57961	58236	5	0.001844
57963	57500	1	0.018868
57963	58170	1	0.018868
57963	57555	583	11.000000
57963	57308	1	0.018868
57965	57308	2	0.006116
57965	57189	1	0.003058
57965	57070	1	0.003058
57968	58226	2	0.039216
57968	57844	1	0.019608
57968	57469	1	0.019608
57969	58211	20	0.078431
57969	57444	1	0.003922
57969	58139	1	0.003922
57969	58216	1	0.003922
57969	57553	1	0.003922
57969	57719	3	0.011765
57969	57467	3	0.011765
57969	57981	1	0.003922
57970	58211	2	0.035088
57970	58124	2	0.035088
57970	57389	1	0.017544
57970	57135	1	0.017544
57970	57553	1	0.017544
57970	57047	1	0.017544
57970	58236	1	0.017544
57974	57425	2	0.002500
57974	57308	1892	2.365000
57974	57636	1	0.001250
57976	57555	321	1.813559
57977	58211	1	0.011364
57977	57275	265	3.011364
57977	58236	2	0.022727
57977	57558	1	0.011364
57978	58214	2	0.050000
57978	57809	1	0.025000
57978	58122	1	0.025000
57978	57959	1	0.025000
57978	57812	1	0.025000
57978	57486	3	0.075000
57978	57841	1	0.025000
57978	57876	1	0.025000
57978	58196	1	0.025000
57978	57176	10	0.250000
57978	57716	1	0.025000
57978	57754	40	1.000000
57978	57244	1	0.025000
57978	57194	2	0.050000
57979	57346	3	0.009709
57979	58211	23	0.074434
57979	58118	1	0.003236
57979	57927	4	0.012945
57979	57896	4	0.012945
57979	58037	1	0.003236
57979	57324	1	0.003236
57979	57837	5	0.016181
57979	57070	1	0.003236
57979	57501	6	0.019417
57979	57176	13	0.042071
57979	57747	3	0.009709
57979	58100	1	0.003236
57979	58133	3	0.009709
57979	57558	1	0.003236
57979	57047	1	0.003236
57979	57080	3	0.009709
57979	57597	10	0.032362
57979	57877	1	0.003236
57981	57345	1	0.002532
57981	57218	2	0.005063
57981	57479	6	0.015190
57981	58122	2	0.005063
57981	57227	1	0.002532
57981	57743	1	0.002532
57981	57881	1	0.002532
57981	57754	7	0.017722
57981	57244	6	0.015190
57981	57120	5	0.012658
57981	57841	11	0.027848
57981	58164	4	0.010127
57981	57399	1	0.002532
57981	57406	1	0.002532
57981	57536	2	0.005063
57981	57704	5	0.012658
57981	57159	5	0.012658
57981	57161	1	0.002532
57981	57420	2	0.005063
57981	57933	4	0.010127
57981	57423	5	0.012658
57981	57553	3	0.007595
57981	58194	1	0.002532
57981	58196	11	0.027848
57981	57047	1	0.002532
57981	57176	18	0.045570
57981	57316	2	0.005063
57981	57434	1	0.002532
57981	57948	4	0.010127
57981	57312	5	0.012658
57981	57444	3	0.007595
57981	58214	34	0.086076
57981	58215	3	0.007595
57981	58216	2	0.005063
57981	57959	2	0.005063
57981	57969	1	0.002532
57981	57458	46	0.116456
57981	57206	2	0.005063
57981	58236	14	0.035443
57981	57855	2	0.005063
57984	57960	4	0.181818
57984	57418	1	0.045455
57985	58211	14	0.122807
57985	57479	4	0.035088
57985	57835	1	0.008772
57985	57389	6	0.052632
57985	57411	2	0.017544
57985	57877	1	0.008772
57985	57592	2	0.017544
57985	58236	8	0.070175
57986	57353	3	0.005780
57986	57587	3	0.005780
57986	57804	3	0.005780
57986	57135	9	0.017341
57987	58113	6	0.090909
57987	57281	1	0.015152
57988	57425	2	0.002500
57988	57308	1898	2.372500
57988	57636	1	0.001250
57989	57582	5	0.714286
57989	57399	5	0.714286
57990	57507	2	0.040816
57990	57830	1	0.020408
57990	58215	1	0.020408
57990	57548	3	0.061224
57990	57775	1	0.020408
57990	57841	1	0.020408
57990	57724	1	0.020408
57991	57681	47	7.833333
57991	57754	11	1.833333
57992	57802	1	0.004274
57992	58211	8	0.034188
57992	58236	102	0.435897
57992	57278	2	0.008547
57992	58214	1	0.004274
57994	57465	1	0.007246
57994	57747	14	0.101449
57994	58124	1	0.007246
57994	57486	1	0.007246
57994	57399	1	0.007246
57996	57906	1	0.090909
57996	58211	2	0.181818
57999	57308	2	0.006623
57999	57189	1	0.003311
58000	57091	1	0.000305
58000	57479	4	0.001222
58000	58090	1	0.000305
58000	57227	8	0.002443
58000	57876	2	0.000611
58000	57621	2	0.000611
58000	57881	1	0.000305
58000	57242	1	0.000305
58000	57244	4	0.001222
58000	57764	1	0.000305
58000	57389	2	0.000611
58000	57902	8	0.002443
58000	57399	116	0.035431
58000	57161	2	0.000611
58000	57162	4	0.001222
58000	57035	4	0.001222
58000	57553	7	0.002138
58000	58196	23	0.007025
58000	57559	1	0.000305
58000	57176	104	0.031765
58000	57308	8	0.002443
58000	58214	16	0.004887
58000	58215	2	0.000611
58000	57322	2	0.000611
58000	58092	1	0.000305
58000	57070	8	0.002443
58000	57841	7	0.002138
58000	57081	1	0.000305
58000	58236	49	0.014966
58000	57194	2	0.000611
58002	57864	3	1.000000
58002	57881	3	1.000000
58003	57425	2	0.015625
58003	58215	2	0.015625
58003	57227	9	0.070312
58003	57389	2	0.015625
58003	57902	4	0.031250
58003	58000	9	0.070312
58003	57272	2	0.015625
58003	57809	12	0.093750
58003	57841	4	0.031250
58003	58196	6	0.046875
58003	57070	2	0.015625
58003	57399	16	0.125000
58003	57176	22	0.171875
58003	57479	2	0.015625
58003	57629	4	0.031250
58005	57568	4	0.008000
58005	57985	321	0.642000
58005	57122	294	0.588000
58005	57227	6	0.012000
58005	58214	7	0.014000
58005	57671	294	0.588000
58005	58236	1	0.002000
58005	57244	1	0.002000
58005	57835	588	1.176000
58005	57841	4	0.008000
58005	58196	23	0.046000
58005	57592	650	1.300000
58005	57479	1	0.002000
58006	58082	1	0.002577
58006	57667	1	0.002577
58006	57476	1	0.002577
58006	57846	1	0.002577
58006	57094	398	1.025773
58006	57479	1	0.002577
58006	57896	2	0.005155
58006	57642	2	0.005155
58006	58215	1	0.002577
58006	57389	4	0.010309
58006	57181	1	0.002577
58006	57425	1	0.002577
58006	57938	1	0.002577
58006	57747	3	0.007732
58006	57588	4	0.010309
58006	58133	1	0.002577
58006	57558	5	0.012887
58006	57399	1	0.002577
58006	57501	1	0.002577
58006	57438	2	0.005155
58006	57877	2	0.005155
58007	57070	1	0.001121
58007	58242	1	0.001121
58007	57479	3	0.003363
58007	57244	1	0.001121
58007	57553	1	0.001121
58007	57383	6	0.006726
58007	57326	1	0.001121
58007	57809	2	0.002242
58007	58196	25	0.028027
58007	57685	2	0.002242
58007	58166	2	0.002242
58007	57047	2	0.002242
58007	57176	10	0.011211
58007	57881	1	0.001121
58007	58236	2	0.002242
58007	57597	7	0.007848
58008	57345	4	0.001601
58008	57316	4	0.001601
58008	58214	12	0.004802
58008	57510	2	0.000800
58008	57895	2	0.000800
58008	57244	6	0.002401
58008	57162	6	0.002401
58008	57227	11	0.004402
58008	57841	6	0.002401
58008	58215	2	0.000800
58008	58196	20	0.008003
58008	57621	4	0.001601
58008	57383	4	0.001601
58008	57881	2	0.000800
58008	57176	9	0.003601
58008	57553	8	0.003201
58008	58236	7	0.002801
58008	58046	38	0.015206
58008	57151	4	0.001601
58013	58211	1	0.500000
58014	57605	1	0.000631
58014	58124	12	0.007566
58014	57133	9	0.005675
58014	57747	5	0.003153
58014	57877	2	0.001261
58014	57242	7	0.004414
58014	57244	4	0.002522
58014	57501	4	0.002522
58014	57754	1	0.000631
58014	57691	1	0.000631
58014	57380	1	0.000631
58014	57896	4	0.002522
58014	57500	9	0.005675
58014	57081	1	0.000631
58014	57389	3	0.001892
58014	57278	11	0.006936
58014	57921	1	0.000631
58014	57287	1	0.000631
58014	57802	1	0.000631
58014	57940	3	0.001892
58014	57558	12	0.007566
58014	58233	1	0.000631
58014	57176	3	0.001892
58014	57434	1	0.000631
58014	57563	1	0.000631
58014	58211	6	0.003783
58014	57316	3	0.001892
58014	58214	16	0.010088
58014	58215	5	0.003153
58014	57325	4	0.002522
58014	57070	5	0.003153
58014	57712	3	0.001892
58014	57080	13	0.008197
58014	57209	3	0.001892
58014	58236	20	0.012610
58014	57599	4	0.002522
58015	58211	6	0.600000
58016	58211	34	0.147826
58016	58215	1	0.004348
58016	58139	2	0.008696
58016	57495	1	0.004348
58016	57133	5	0.021739
58016	58094	1	0.004348
58016	57203	1	0.004348
58016	57399	2	0.008696
58016	57467	1	0.004348
58016	58236	262	1.139130
58016	57981	3	0.013043
58017	57881	19	0.012718
58017	57242	38	0.025435
58017	58211	73	0.048862
58017	58236	15	0.010040
58018	58211	270	0.703125
58019	57097	1	0.032258
58019	57667	75	2.419355
58019	58125	3	0.096774
58021	57257	1	0.005714
58021	58211	161	0.920000
58022	58236	2	0.002268
58022	57411	2	0.002268
58022	57700	3	0.003401
58022	58214	8	0.009070
58022	58215	1	0.001134
58022	58124	4	0.004535
58022	57747	5	0.005669
58022	57293	14562	16.510204
58022	57070	8	0.009070
58022	57037	1	0.001134
58022	58211	113	0.128118
58022	57399	3	0.003401
58022	57881	1	0.001134
58022	57242	1	0.001134
58022	57308	2	0.002268
58023	57849	2	0.095238
58023	57300	3	0.142857
58024	57308	2	0.006116
58024	57189	1	0.003058
58027	57841	1	0.002747
58027	57274	3	0.008242
58027	58196	1	0.002747
58027	58092	1	0.002747
58027	58214	1	0.002747
58029	58214	2	0.014184
58029	58215	1	0.007092
58029	57389	2	0.014184
58029	57297	1	0.007092
58029	57557	542	3.843972
58029	57176	1	0.007092
58029	57754	1	0.007092
58029	58236	15	0.106383
58029	57405	1	0.007092
58029	58174	3	0.021277
58030	57856	1	0.011111
58030	57090	1	0.011111
58030	57479	10	0.111111
58030	57560	2	0.022222
58030	57750	169	1.877778
58030	57751	1	0.011111
58030	57240	1	0.011111
58030	57754	2	0.022222
58030	57244	1	0.011111
58030	57242	4	0.044444
58030	57380	1	0.011111
58030	57896	1	0.011111
58030	57735	5	0.055556
58030	57389	1	0.011111
58030	57162	2	0.022222
58030	58063	1	0.011111
58030	57554	1	0.011111
58030	57047	2	0.022222
58030	57176	1	0.011111
58030	57434	1	0.011111
58030	57330	1	0.011111
58030	58214	1	0.011111
58030	58215	3	0.033333
58030	57194	1	0.011111
58030	57325	2	0.022222
58030	57714	1	0.011111
58030	57335	1	0.011111
58030	58236	1	0.011111
58030	58109	1	0.011111
58031	57222	5	0.003230
58031	57479	1	0.000646
58031	57227	25	0.016150
58031	57161	3	0.001938
58031	57754	24	0.015504
58031	57755	2	0.001292
58031	57244	4	0.002584
58031	57242	2	0.001292
58031	57503	3	0.001938
58031	57891	1	0.000646
58031	57764	4	0.002584
58031	57628	1	0.000646
58031	57486	5	0.003230
58031	57396	3	0.001938
58031	57399	2	0.001292
58031	57147	3	0.001938
58031	57281	1487	0.960594
58031	57543	1	0.000646
58031	57289	2	0.001292
58031	57162	5	0.003230
58031	57297	8	0.005168
58031	58196	11	0.007106
58031	57813	2	0.001292
58031	57047	6	0.003876
58031	57176	178	0.114987
58031	57252	8	0.005168
58031	58077	3	0.001938
58031	58211	1	0.000646
58031	58214	2	0.001292
58031	58215	1483	0.958010
58031	57194	1480	0.956072
58031	57841	4	0.002584
58031	57462	2	0.001292
58031	57211	4	0.002584
58031	58236	64	0.041344
58032	58160	1	0.076923
58032	57597	1	0.076923
58033	58214	1	0.017241
58033	58236	2	0.034483
58033	58090	6	0.103448
58033	58221	5	0.086207
58033	57070	7	0.120690
58033	58191	1	0.017241
58033	57297	4	0.068966
58033	57714	4	0.068966
58033	57244	1	0.017241
58033	57399	4	0.068966
58033	57176	1	0.017241
58033	58196	1	0.017241
58033	57724	1	0.017241
58033	58226	1	0.017241
58035	57377	3	0.014019
58035	57193	3	0.014019
58035	57227	2	0.009346
58035	57196	3	0.014019
58035	57519	3	0.014019
58035	57521	3	0.014019
58035	57865	3	0.014019
58035	57176	6	0.028037
58035	57881	2	0.009346
58035	57754	1	0.004673
58038	57347	2	0.002688
58038	57227	22	0.029570
58038	57747	2	0.002688
58038	57367	1	0.001344
58038	57754	1	0.001344
58038	57135	1	0.001344
58038	57244	2	0.002688
58038	57887	2	0.002688
58038	57896	1	0.001344
58038	58157	2	0.002688
58038	57391	10	0.013441
58038	57399	82	0.110215
58038	58040	1	0.001344
58038	57568	2	0.002688
58038	57800	1	0.001344
58038	57161	17	0.022849
58038	57419	3	0.004032
58038	57420	1	0.001344
58038	57553	1	0.001344
58038	58196	11	0.014785
58038	57047	1	0.001344
58038	57176	4	0.005376
58038	58073	2	0.002688
58038	57308	8	0.010753
58038	57181	2	0.002688
58038	58208	2	0.002688
58038	58209	8	0.010753
58038	58214	4	0.005376
58038	57070	25	0.033602
58038	57841	6	0.008065
58038	57588	1	0.001344
58039	57308	2	0.005747
58039	57189	1	0.002874
58040	57553	2	0.117647
58040	58215	1	0.058824
58040	57244	1	0.058824
58040	57902	1	0.058824
58040	57399	4	0.235294
58041	57411	1	0.076923
58041	58211	10	0.769231
58041	57389	1	0.076923
58044	57877	1	0.000308
58046	58211	2	0.002367
58046	58214	10	0.011834
58046	57927	4	0.004734
58046	57244	2	0.002367
58046	57162	1	0.001183
58046	57227	6	0.007101
58046	57389	1	0.001183
58046	57047	8	0.009467
58046	57297	1	0.001183
58046	57841	4	0.004734
58046	58196	6	0.007101
58046	57399	2	0.002367
58046	58008	1	0.001183
58046	57657	4	0.004734
58046	57754	16	0.018935
58046	58236	16	0.018935
58049	57881	2	0.003350
58049	58211	64	0.107203
58049	57932	6	0.010050
58049	58236	10	0.016750
58050	57273	10	1.000000
58050	58211	2	0.200000
58050	58214	10	1.000000
58050	57479	1	0.100000
58051	57555	2518	8.365449
58051	57479	2	0.006645
58052	57479	134	1.000000
58052	57671	2	0.014925
58052	57162	3	0.022388
58052	58215	140	1.044776
58052	57714	3	0.022388
58052	57434	1	0.007463
58052	57244	1	0.007463
58054	57047	90	1.000000
58055	57312	1	0.033333
58055	58211	3	0.100000
58055	58215	1	0.033333
58055	57420	1	0.033333
58055	57242	4	0.133333
58055	57714	1	0.033333
58055	57209	2	0.066667
58055	57434	16	0.533333
58055	57244	1	0.033333
58055	57754	5	0.166667
58056	58211	2	0.006803
58056	57389	1	0.003401
58057	58211	16	0.049383
58057	57479	3	0.009259
58057	57500	1	0.003086
58057	57194	5	0.015432
58057	57227	4	0.012346
58057	57389	6	0.018519
58057	57325	1	0.003086
58057	57712	1	0.003086
58057	58226	11	0.033951
58057	58215	1	0.003086
58057	57877	6	0.018519
58057	57558	5	0.015432
58057	57399	1	0.003086
58057	57242	1	0.003086
58057	57244	5	0.015432
58057	57434	2	0.006173
58061	58211	79	0.064123
58061	57389	2	0.001623
58061	58221	6	0.004870
58061	58226	3	0.002435
58061	58236	6	0.004870
58061	57469	3	0.002435
58062	57479	2	0.000454
58062	57837	2	0.000454
58062	57747	4	0.000907
58062	57877	2	0.000454
58062	57624	1	0.000227
58062	57242	4	0.000907
58062	57244	1	0.000227
58062	57501	2	0.000454
58062	57896	5	0.001134
58062	57133	2	0.000454
58062	57927	2	0.000454
58062	57162	1	0.000227
58062	57035	2	0.000454
58062	58196	1	0.000227
58062	57558	6	0.001361
58062	57434	2	0.000454
58062	58215	1	0.000227
58062	57194	1	0.000227
58062	57325	1	0.000227
58062	57587	12	0.002721
58062	57080	1	0.000227
58062	58236	3	0.000680
58063	58215	4	0.095238
58063	57194	38	0.904762
58063	57479	1	0.023810
58063	57486	2	0.047619
58063	58196	3	0.071429
58063	57881	10	0.238095
58065	57308	2	0.006173
58065	57189	1	0.003086
58066	57425	2	0.002494
58066	57308	1898	2.366584
58066	57636	1	0.001247
58068	58124	1	0.004587
58068	58211	6	0.027523
58068	58236	8	0.036697
58068	57645	241	1.105505
58068	57479	1	0.004587
58069	57126	1	0.008197
58069	57800	1	0.008197
58069	57641	1	0.008197
58069	58090	2	0.016393
58069	57877	1	0.008197
58069	57558	1	0.008197
58069	57621	1	0.008197
58073	58242	1	0.000749
58073	57553	2	0.001497
58073	57227	14	0.010479
58073	57881	1	0.000749
58073	57754	5	0.003743
58073	57500	4	0.002994
58073	57242	1	0.000749
58073	57887	35	0.026198
58073	57126	1	0.000749
58073	57383	6	0.004491
58073	57389	1	0.000749
58073	57391	2	0.001497
58073	58033	2	0.001497
58073	57399	161	0.120509
58073	58208	2	0.001497
58073	57162	8	0.005988
58073	57809	1	0.000749
58073	58196	8	0.005988
58073	57176	26	0.019461
58073	57434	4	0.002994
58073	57308	45	0.033683
58073	57568	1	0.000749
58073	58209	2	0.001497
58073	57316	4	0.002994
58073	58214	11	0.008234
58073	58215	9	0.006737
58073	57194	1	0.000749
58073	57325	6	0.004491
58073	57070	2	0.001497
58073	57841	6	0.004491
58073	58236	1	0.000749
58073	58090	2	0.001497
58074	57345	2	0.014815
58074	57479	135	1.000000
58074	57553	1	0.007407
58074	57486	145	1.074074
58074	58000	2	0.014815
58074	57747	3	0.022222
58074	58134	1	0.007407
58074	57240	1	0.007407
58074	57881	134	0.992593
58074	57754	136	1.007407
58074	57242	9	0.066667
58074	58142	1	0.007407
58074	57380	136	1.007407
58074	57386	3	0.022222
58074	57162	2	0.014815
58074	57297	1	0.007407
58074	57047	1	0.007407
58074	57176	1	0.007407
58074	57312	2	0.014815
58074	58211	3	0.022222
58074	58214	2	0.014815
58074	58215	277	2.051852
58074	58090	1	0.007407
58074	57458	1	0.007407
58074	57465	1	0.007407
58074	58236	2	0.014815
58074	57342	1	0.007407
58075	57308	2	0.006154
58075	57189	1	0.003077
58076	57536	1	0.020833
58076	58211	2	0.041667
58076	57159	2	0.041667
58076	57411	2	0.041667
58076	57877	1	0.020833
58076	57981	2	0.041667
58077	58211	78	1.813953
58077	58190	78	1.813953
58078	57346	1	0.035714
58078	57222	2	0.071429
58078	57608	1	0.035714
58078	58124	2	0.071429
58078	57489	1	0.035714
58078	57747	5	0.178571
58078	57492	1	0.035714
58078	57877	2	0.071429
58078	58006	2	0.071429
58078	57239	1	0.035714
58078	57500	1	0.035714
58078	57501	1	0.035714
58078	57887	1	0.035714
58078	57723	1	0.035714
58078	57094	1	0.035714
58078	57896	3	0.107143
58078	57525	2	0.071429
58078	57716	3	0.107143
58078	57532	1	0.035714
58078	57536	1	0.035714
58078	57286	1	0.035714
58078	57800	2	0.071429
58078	58057	2	0.071429
58078	57035	2	0.071429
58078	58062	2	0.071429
58078	58233	1	0.035714
58078	57559	2	0.071429
58078	57178	1	0.035714
58078	58211	3	0.107143
58078	57194	9	0.321429
58078	57835	1	0.035714
58078	57837	1	0.035714
58078	57588	1	0.035714
58078	57719	1	0.035714
58078	57080	3	0.107143
58078	57849	1	0.035714
58078	57467	2	0.071429
58078	57854	1	0.035714
58078	58133	3	0.107143
58080	57194	1	0.007092
58080	57874	1	0.007092
58080	58215	1	0.007092
58082	58214	5	0.009488
58082	57162	2	0.003795
58082	58092	1	0.001898
58082	58196	2	0.003795
58082	57242	1	0.001898
58082	57244	15	0.028463
58084	57176	2	0.010811
58084	57698	3	0.016216
58085	57735	42	0.068852
58085	57560	1	0.001639
58085	57750	8	0.013115
58085	57240	1	0.001639
58085	57754	19	0.031148
58085	57244	1	0.001639
58085	57500	1	0.001639
58085	57479	1	0.001639
58085	58030	1	0.001639
58085	57272	1	0.001639
58085	57543	1	0.001639
58085	57161	1	0.001639
58085	57162	2	0.003279
58085	58188	2	0.003279
58085	57553	1	0.001639
58085	58194	1	0.001639
58085	58196	2	0.003279
58085	57047	1	0.001639
58085	57176	56	0.091803
58085	58214	6	0.009836
58085	58215	13	0.021311
58085	57194	1	0.001639
58085	57959	1	0.001639
58085	57841	3	0.004918
58085	57081	5	0.008197
58086	57984	12	0.027211
58086	57479	12	0.027211
58086	57227	15	0.034014
58086	57486	3	0.006803
58086	57754	54	0.122449
58086	57242	14	0.031746
58086	58145	3	0.006803
58086	57543	6	0.013605
58086	57272	5	0.011338
58086	57411	4	0.009070
58086	57671	1	0.002268
58086	57418	2	0.004535
58086	57684	10	0.022676
58086	57047	2	0.004535
58086	58214	18	0.040816
58086	58215	3	0.006803
58086	57960	301	0.682540
58086	57325	2	0.004535
58086	57841	3	0.006803
58086	58196	15	0.034014
58086	58236	4	0.009070
58086	57599	12	0.027211
58087	57176	1	0.166667
58087	57940	1	0.166667
58087	57399	4	0.666667
58089	58211	4	0.210526
58090	58027	1	0.002857
58090	57864	5	0.014286
58090	57553	10	0.028571
58090	57227	1	0.002857
58090	58124	2	0.005714
58090	57486	2	0.005714
58090	58000	1	0.002857
58090	57874	5	0.014286
58090	58132	14	0.040000
58090	57240	2	0.005714
58090	57881	355	1.014286
58090	57242	2	0.005714
58090	57244	7	0.020000
58090	57754	2	0.005714
58090	58145	2	0.005714
58090	57252	2	0.005714
58090	57126	708	2.022857
58090	58236	4	0.011429
58090	57642	2	0.005714
58090	57543	1	0.002857
58090	57458	1	0.002857
58090	58033	18	0.051429
58090	57938	1	0.002857
58090	57399	9	0.025714
58090	57530	1	0.002857
58090	57659	3	0.008571
58090	57278	1	0.002857
58090	57671	1	0.002857
58090	57161	3	0.008571
58090	57162	6	0.017143
58090	57548	1	0.002857
58090	57808	4	0.011429
58090	57297	2	0.005714
58090	58194	3	0.008571
58090	58196	33	0.094286
58090	58069	1	0.002857
58090	57046	1	0.002857
58090	57047	1	0.002857
58090	57176	4	0.011429
58090	57380	2	0.005714
58090	57714	8	0.022857
58090	57568	8	0.022857
58090	57915	1	0.002857
58090	57036	2	0.005714
58090	58214	1	0.002857
58090	58215	358	1.022857
58090	58217	1	0.002857
58090	57194	10	0.028571
58090	58221	2	0.005714
58090	57070	5	0.014286
58090	57981	1	0.002857
58090	57940	1	0.002857
58090	57322	1	0.002857
58090	58226	3	0.008571
58090	57076	4	0.011429
58090	57465	3	0.008571
58090	57724	1	0.002857
58090	57706	1	0.002857
58090	57599	3	0.008571
58092	57345	4	0.002468
58092	57348	1	0.000617
58092	57369	2	0.001234
58092	57380	2	0.001234
58092	57606	4	0.002468
58092	57383	6	0.003701
58092	57896	5	0.003085
58092	57389	28	0.017273
58092	57906	1	0.000617
58092	57909	1	0.000617
58092	57399	5	0.003085
58092	57916	2	0.001234
58092	57919	1	0.000617
58092	57410	10	0.006169
58092	57932	2	0.001234
58092	57938	1	0.000617
58092	57940	1	0.000617
58092	57434	3	0.001851
58092	57438	4	0.002468
58092	57961	3	0.001851
58092	57981	1	0.000617
58092	57479	76	0.046885
58092	58003	1	0.000617
58092	58006	1	0.000617
58092	58008	1	0.000617
58092	57500	2	0.001234
58092	58027	2	0.001234
58092	58031	1	0.000617
58092	57530	3	0.001851
58092	57023	1	0.000617
58092	58049	1	0.000617
58092	57548	1	0.000617
58092	57553	11	0.006786
58092	58069	2	0.001234
58092	58074	1	0.000617
58092	57568	4	0.002468
58092	58082	3	0.001851
58092	58236	11	0.006786
58092	58090	2	0.001234
58092	57070	5	0.003085
58092	57074	1	0.000617
58092	57078	1	0.000617
58092	57080	4	0.002468
58092	57599	1	0.000617
58092	57094	9	0.005552
58092	57621	4	0.002468
58092	58139	1	0.000617
58092	57117	1	0.000617
58092	57630	1	0.000617
58092	57307	1	0.000617
58092	57127	1	0.000617
58092	58170	1	0.000617
58092	58177	1	0.000617
58092	57671	4	0.002468
58092	57162	17	0.010487
58092	58191	1	0.000617
58092	58196	22	0.013572
58092	57176	33	0.020358
58092	57185	3	0.001851
58092	58214	33	0.020358
58092	58215	13	0.008020
58092	57194	4	0.002468
58092	57197	1	0.000617
58092	58226	4	0.002468
58092	57724	1	0.000617
58092	57735	1	0.000617
58092	57227	50	0.030845
58092	57747	1	0.000617
58092	57239	8	0.004935
58092	57240	3	0.001851
58092	57242	4	0.002468
58092	57244	17	0.010487
58092	57754	45	0.027761
58092	57258	1	0.000617
58092	57272	4	0.002468
58092	57274	11	0.006786
58092	57278	2	0.001234
58092	57281	1	0.000617
58092	57804	1	0.000617
58092	57806	5	0.003085
58092	57297	2	0.001234
58092	57818	2	0.001234
58092	57679	2	0.001234
58092	57312	2	0.001234
58092	57316	1	0.000617
58092	57831	2	0.001234
58092	57322	1	0.000617
58092	57837	1	0.000617
58092	57841	794	0.489821
58092	57846	4	0.002468
58092	57850	1	0.000617
58093	57472	3	0.187500
58093	57081	2	0.125000
58093	58010	1	0.062500
58093	57176	1	0.062500
58093	57325	1	0.062500
58094	57605	2	0.015152
58094	57479	1	0.007576
58094	57363	2	0.015152
58094	57881	1	0.007576
58094	57767	1	0.007576
58094	57257	2	0.015152
58094	57735	2	0.015152
58094	58031	2	0.015152
58094	58046	2	0.015152
58094	57411	2	0.015152
58094	57032	2	0.015152
58094	57932	1	0.007576
58094	57162	1	0.007576
58094	57548	2	0.015152
58094	57681	2	0.015152
58094	57300	2	0.015152
58094	57698	2	0.015152
58094	58211	2	0.015152
58094	58215	2	0.015152
58094	57194	1	0.007576
58094	57071	2	0.015152
58094	57592	2	0.015152
58094	58196	1	0.007576
58094	58236	146	1.106061
58094	57981	2	0.015152
58096	58211	16	1.000000
58098	58211	2	0.285714
58099	58211	104	1.424658
58099	57389	1	0.013699
58099	57456	1	0.013699
58099	57747	1	0.013699
58099	57877	1	0.013699
58099	57178	1	0.013699
58099	58133	2	0.027397
58100	58211	41	0.076067
58100	57670	211	0.391466
58100	57128	1	0.001855
58100	57324	2	0.003711
58100	58062	1	0.001855
58100	57334	1	0.001855
58100	57624	4	0.007421
58100	57913	4	0.007421
58100	58138	9	0.016698
58100	57403	7	0.012987
58100	58236	14	0.025974
58101	57764	5	0.011416
58101	57606	6	0.013699
58101	58214	9	0.020548
58101	58215	5	0.011416
58101	58092	3	0.006849
58101	57553	1	0.002283
58101	57420	5	0.011416
58101	57841	6	0.013699
58101	58196	3	0.006849
58101	57877	7	0.015982
58101	57176	8	0.018265
58101	57274	6	0.013699
58101	57909	2	0.004566
58102	57030	7	0.015217
58102	58215	5	0.010870
58102	57896	6	0.013043
58102	57258	64	0.139130
58102	57479	15	0.032609
58102	57501	6	0.013043
58102	57680	7	0.015217
58102	57747	6	0.013043
58102	57525	6	0.013043
58102	57176	4	0.008696
58102	57178	6	0.013043
58102	57242	8	0.017391
58103	57176	5	0.028902
58103	57227	4	0.023121
58103	58031	2	0.011561
58104	57308	2	0.006154
58104	57189	1	0.003077
58104	57070	1	0.003077
58105	57176	1	0.007692
58105	57274	2	0.015385
58105	58211	1	0.007692
58105	57308	2	0.015385
58105	58190	1	0.007692
58106	57425	2	0.002516
58106	57308	1877	2.361006
58106	57636	1	0.001258
58107	57536	2	0.006734
58107	57411	1	0.003367
58107	58211	29	0.097643
58107	57893	1	0.003367
58107	58215	1	0.003367
58107	58188	1	0.003367
58107	57070	1	0.003367
58107	57501	1	0.003367
58107	57458	1	0.003367
58107	57747	2	0.006734
58107	58230	1	0.003367
58107	57242	3	0.010101
58107	57948	2	0.006734
58107	57981	7	0.023569
58109	58211	2	0.153846
58112	57399	2	0.125000
58113	57281	10	0.008278
58113	58211	99	0.081954
58113	58214	1	0.000828
58113	57190	1	0.000828
58113	57719	2	0.001656
58113	58031	6	0.004967
58113	57987	29	0.024007
58113	57399	1	0.000828
58113	57242	1	0.000828
58115	57881	3	0.333333
58115	57754	9	1.000000
58115	57268	1	0.111111
58116	58211	2	0.045455
58116	57555	370	8.409091
58118	58211	10	0.005255
58118	57259	1614	0.848135
58118	57884	2	0.001051
58118	57566	2	0.001051
58118	57719	2	0.001051
58121	57344	1	0.000773
58121	57281	11	0.008507
58121	58211	125	0.096674
58121	58214	7	0.005414
58121	57222	2	0.001547
58121	58113	433	0.334880
58121	57896	1	0.000773
58121	58057	1	0.000773
58121	57927	1	0.000773
58121	57747	1	0.000773
58121	58031	6	0.004640
58121	57608	1	0.000773
58121	57987	30	0.023202
58121	57190	1	0.000773
58121	57719	2	0.001547
58121	57080	1	0.000773
58121	57242	1	0.000773
58121	57244	1	0.000773
58121	57501	1	0.000773
58122	57472	2	0.006826
58122	57605	3	0.010239
58122	57735	3	0.010239
58122	57353	3	0.010239
58122	57553	1	0.003413
58122	57681	1	0.003413
58122	57616	4	0.013652
58122	57363	1	0.003413
58122	58132	3	0.010239
58122	58139	2	0.006826
58122	57244	1	0.003413
58122	57117	3	0.010239
58122	57257	3	0.010239
58122	57386	1	0.003413
58122	58031	3	0.010239
58122	58160	2	0.006826
58122	57399	5	0.017065
58122	57273	2	0.006826
58122	57278	3	0.010239
58122	57684	2	0.006826
58122	57032	1	0.003413
58122	57548	2	0.006826
58122	57162	1	0.003413
58122	57932	4	0.013652
58122	58191	3	0.010239
58122	57809	1	0.003413
58122	58196	2	0.006826
58122	57557	1	0.003413
58122	57046	3	0.010239
58122	57176	56	0.191126
58122	57300	3	0.010239
58122	57694	3	0.010239
58122	57698	3	0.010239
58122	58214	1	0.003413
58122	57959	25	0.085324
58122	57960	2	0.006826
58122	57194	4	0.013652
58122	58215	13	0.044369
58122	58092	3	0.010239
58122	57325	41	0.139932
58122	57876	7	0.023891
58122	57071	1	0.003413
58122	58226	4	0.013652
58122	58046	2	0.006826
58122	57592	3	0.010239
58122	57812	26	0.088737
58122	57041	2	0.006826
58122	57981	3	0.010239
58122	57599	3	0.010239
58123	58236	1	1.000000
58124	57345	1	0.003546
58124	58245	4	0.014184
58124	57881	10	0.035461
58124	57242	29	0.102837
58124	57244	3	0.010638
58124	57380	2	0.007092
58124	57386	9	0.031915
58124	57287	2	0.007092
58124	58055	3	0.010638
58124	58196	1	0.003546
58124	57047	2	0.007092
58124	57176	2	0.007092
58124	57312	1	0.003546
58124	58211	40	0.141844
58124	58214	1	0.003546
58124	58215	7	0.024823
58124	57194	11	0.039007
58124	57841	6	0.021277
58124	57714	1	0.003546
58124	57716	3	0.010638
58124	57465	4	0.014184
58124	58236	61	0.216312
58125	57667	21	0.446809
58125	57308	50	1.063830
58126	58211	1	0.066667
58130	57194	1	0.027027
58130	57242	483	13.054054
58130	57716	2	0.054054
58130	57218	1	0.027027
58130	58215	2	0.054054
58132	58215	1	0.002786
58132	57386	6	0.016713
58132	57767	1	0.002786
58132	57804	4	0.011142
58132	57486	2	0.005571
58132	57747	1	0.002786
58132	58196	4	0.011142
58132	57176	4	0.011142
58132	57881	1	0.002786
58132	57194	1	0.002786
58133	57665	1	0.002924
58133	58211	3	0.008772
58133	58245	1	0.002924
58133	57865	2	0.005848
58133	57386	1	0.002924
58133	57194	1	0.002924
58133	57135	1	0.002924
58133	58196	2	0.005848
58133	57877	2	0.005848
58133	57915	28	0.081871
58133	57244	3	0.008772
58133	57642	4	0.011696
58133	57854	2	0.005848
58133	57215	1	0.002924
58134	57297	2	0.001124
58134	58236	1	0.000562
58134	57383	1	0.000562
58135	58211	255	0.996094
58135	57555	4724	18.453125
58137	58211	2	0.400000
58138	58211	1	0.009346
58138	58100	7	0.065421
58139	57218	1	0.000717
58139	57041	1	0.000717
58139	57093	1	0.000717
58139	58247	13	0.009326
58139	57553	11	0.007891
58139	57227	2	0.001435
58139	57743	1	0.000717
58139	58132	13	0.009326
58139	57365	1	0.000717
58139	57495	51	0.036585
58139	57881	5	0.003587
58139	57754	48	0.034433
58139	57115	1	0.000717
58139	57244	19	0.013630
58139	57242	4	0.002869
58139	57886	1	0.000717
58139	58016	3	0.002152
58139	58145	4	0.002869
58139	57380	1	0.000717
58139	58021	1	0.000717
58139	57383	2	0.001435
58139	57386	2	0.001435
58139	57479	12	0.008608
58139	57735	1	0.000717
58139	58164	1	0.000717
58139	57399	9	0.006456
58139	57661	23	0.016499
58139	57278	1	0.000717
58139	57283	1	0.000717
58139	57671	3	0.002152
58139	57416	1	0.000717
58139	57082	2	0.001435
58139	57162	1375	0.986370
58139	58189	3	0.002152
58139	57933	1	0.000717
58139	57297	8	0.005739
58139	57841	25	0.017934
58139	58196	23	0.016499
58139	57045	5456	3.913917
58139	57081	1	0.000717
58139	57176	7	0.005022
58139	57434	3	0.002152
58139	57948	1	0.000717
58139	57850	10	0.007174
58139	57058	1	0.000717
58139	58211	5	0.003587
58139	57444	35	0.025108
58139	58214	26	0.018651
58139	58215	1359	0.974892
58139	57960	2	0.001435
58139	58090	4	0.002869
58139	58092	1	0.000717
58139	57194	2	0.001435
58139	57981	1	0.000717
58139	57969	2	0.001435
58139	58226	1	0.000717
58139	57203	2746	1.969871
58139	57465	1	0.000717
58139	57466	3	0.002152
58139	57467	2	0.001435
58139	58236	127	0.091105
58139	57186	1	0.000717
58139	57877	1	0.000717
58140	57536	1	0.013699
58140	58211	4	0.054795
58140	57222	1	0.013699
58140	57703	1	0.013699
58140	57608	1	0.013699
58140	58057	1	0.013699
58140	57239	1	0.013699
58140	58062	1	0.013699
58140	57419	1	0.013699
58140	57588	1	0.013699
58140	57877	1	0.013699
58140	57719	1	0.013699
58140	57559	1	0.013699
58140	57525	1	0.013699
58144	57057	1	0.010526
58144	57014	1	0.010526
58144	57297	1	0.010526
58144	57736	1	0.010526
58144	58232	1	0.010526
58144	57162	1	0.010526
58144	58215	6	0.063158
58144	57326	2	0.021053
58144	57553	2	0.021053
58144	57793	1	0.010526
58144	57191	1	0.010526
58144	57526	2	0.021053
58144	58007	1	0.010526
58144	57752	1	0.010526
58144	57754	4	0.042105
58145	57472	7	0.008065
58145	57297	34	0.039171
58145	57605	8	0.009217
58145	57735	2	0.002304
58145	57353	6	0.006912
58145	58122	1	0.001152
58145	57486	1	0.001152
58145	57616	6	0.006912
58145	57363	5	0.005760
58145	58132	1	0.001152
58145	57881	11	0.012673
58145	57278	6	0.006912
58145	57244	2	0.002304
58145	58139	8	0.009217
58145	57257	6	0.006912
58145	58031	3	0.003456
58145	58160	3	0.003456
58145	57399	11	0.012673
58145	57273	3	0.003456
58145	58046	4	0.004608
58145	57981	4	0.004608
58145	57543	1	0.001152
58145	57032	1	0.001152
58145	57932	8	0.009217
58145	57548	9	0.010369
58145	58191	5	0.005760
58145	57553	12	0.013825
58145	58194	4	0.004608
58145	57684	10	0.011521
58145	57557	4	0.004608
58145	57046	7	0.008065
58145	57300	7	0.008065
58145	57694	3	0.003456
58145	57698	5	0.005760
58145	58215	1734	1.997696
58145	57960	4	0.004608
58145	57194	1	0.001152
58145	57071	5	0.005760
58145	58226	9	0.010369
58145	57717	1	0.001152
58145	57592	5	0.005760
58145	58196	20	0.023041
58145	57041	2	0.002304
58145	57681	4	0.004608
58145	57599	8	0.009217
58148	57308	2	0.006623
58148	57189	1	0.003311
58149	58211	2	0.020202
58149	57244	2	0.020202
58149	57555	817	8.252525
58149	58236	2	0.020202
58149	57588	2	0.020202
58150	57308	2	0.006579
58150	57189	1	0.003289
58151	57308	2	0.005764
58151	57189	1	0.002882
58151	57070	1	0.002882
58152	58214	4	0.003562
58152	57553	4	0.003562
58152	57325	9	0.008014
58152	57167	4	0.003562
58152	57841	2	0.001781
58152	57242	8	0.007124
58152	57754	2	0.001781
58152	57599	66	0.058771
58153	57555	2343	11.051887
58153	57454	1	0.004717
58156	57308	2	0.006515
58156	57189	1	0.003257
58156	57070	2	0.006515
58157	57667	5	0.006983
58157	57636	1	0.001397
58157	58215	4	0.005587
58157	57308	3	0.004190
58157	57227	2	0.002793
58157	57070	6	0.008380
58157	57553	10	0.013966
58157	58196	1	0.001397
58157	57399	1968	2.748603
58157	57176	8	0.011173
58157	58236	3	0.004190
58160	58032	1	0.029412
58160	57176	1	0.029412
58160	57764	1	0.029412
58161	57927	1	0.020000
58161	58215	1	0.020000
58161	57747	1	0.020000
58161	57681	4	0.080000
58161	57875	1	0.020000
58161	57047	1	0.020000
58161	57176	4	0.080000
58161	58042	1	0.020000
58161	57479	8	0.160000
58162	57227	6	0.021053
58162	57874	2	0.007018
58162	58132	1	0.003509
58162	57754	2	0.007018
58162	57244	2	0.007018
58162	57126	2	0.007018
58162	57272	2	0.007018
58162	57162	1	0.003509
58162	57278	29	0.101754
58162	57802	295	1.035088
58162	57424	2	0.007018
58162	57553	4	0.014035
58162	57940	2	0.007018
58162	57047	3	0.010526
58162	57176	6	0.021053
58162	57054	1	0.003509
58162	57568	2	0.007018
58162	58214	4	0.014035
58162	58215	1	0.003509
58162	58090	2	0.007018
58162	57841	5	0.017544
58162	58196	1	0.003509
58162	58236	6	0.021053
58162	57725	2	0.007018
58163	57297	1	0.010526
58164	57536	2	0.017699
58164	57058	1	0.008850
58164	58211	107	0.946903
58164	57479	2	0.017699
58164	57704	89	0.787611
58164	57257	2	0.017699
58164	57933	2	0.017699
58164	57389	5	0.044248
58164	57877	1	0.008850
58164	57881	2	0.017699
58164	57242	1	0.008850
58164	58236	16	0.141593
58164	57981	6	0.053097
58167	58211	4	0.117647
58168	57989	1	0.014925
58168	58214	1	0.014925
58168	58215	1	0.014925
58168	57161	1	0.014925
58168	57047	1	0.014925
58168	57582	1	0.014925
58168	57553	2	0.029851
58168	57490	1	0.014925
58168	58196	3	0.044776
58168	57070	1	0.014925
58168	57116	1	0.014925
58168	57399	14	0.208955
58168	57588	1	0.014925
58168	58236	2	0.029851
58170	57345	1	0.001052
58170	57479	2	0.002103
58170	57227	6	0.006309
58170	57242	2	0.002103
58170	57117	1	0.001052
58170	57754	13	0.013670
58170	57764	1	0.001052
58170	57383	6	0.006309
58170	58033	1	0.001052
58170	57399	91	0.095689
58170	57671	7	0.007361
58170	57162	1	0.001052
58170	57420	13	0.013670
58170	57553	11	0.011567
58170	57555	228	0.239748
58170	58196	5	0.005258
58170	57047	6	0.006309
58170	57176	13	0.013670
58170	57308	1	0.001052
58170	58214	12	0.012618
58170	57809	1	0.001052
58170	57451	1	0.001052
58170	58226	1	0.001052
58170	57081	6	0.006309
58170	58236	7	0.007361
58171	58211	2772	0.854764
58171	57695	2772	0.854764
58172	57857	4	0.117647
58172	57479	3	0.088235
58172	57864	2	0.058824
58172	57486	2	0.058824
58172	57881	6	0.176471
58172	57754	60	1.764706
58172	57380	3	0.088235
58172	57893	2	0.058824
58172	57386	4	0.117647
58172	58226	8	0.235294
58172	57777	2	0.058824
58172	57522	2	0.058824
58172	57399	4	0.117647
58172	57278	2	0.058824
58172	58241	2	0.058824
58172	57162	7	0.205882
58172	57932	2	0.058824
58172	57312	2	0.058824
58172	58215	5	0.147059
58172	57714	2	0.058824
58172	58230	2	0.058824
58172	57599	2	0.058824
58173	57764	2	0.005305
58173	57553	2	0.005305
58173	57244	4	0.010610
58173	57383	2	0.005305
58173	57420	2	0.005305
58173	57583	11	0.029178
58173	57841	2	0.005305
58173	57877	1	0.002653
58173	57719	1	0.002653
58173	57273	13	0.034483
58173	58236	2	0.005305
58173	58046	2	0.005305
58173	57375	56	0.148541
58174	57380	6	0.016575
58174	57479	760	2.099448
58174	57643	6	0.016575
58174	57583	6	0.016575
58174	57266	6	0.016575
58174	58215	6	0.016575
58174	57557	6	0.016575
58174	58008	6	0.016575
58174	57657	6	0.016575
58174	57884	6	0.016575
58175	58211	3	0.040541
58175	58236	27	0.364865
58175	57194	3	0.040541
58175	57071	27	0.364865
58175	57841	1	0.013514
58175	57754	10	0.135135
58175	57244	2	0.027027
58176	57411	2	0.001617
58176	58211	186	0.150364
58176	57605	2	0.001617
58176	57479	1	0.000808
58176	58215	7	0.005659
58176	57389	2	0.001617
58176	57571	9	0.007276
58176	57877	2	0.001617
58176	57176	8	0.006467
58177	57411	3	0.038961
58177	57606	76	0.987013
58177	57479	4	0.051948
58177	58211	80	1.038961
58177	57881	4	0.051948
58177	57274	72	0.935065
58178	58211	6	0.857143
58180	57472	4	0.018779
58181	57346	1	0.008403
58181	58211	231	1.941176
58182	57555	2610	13.882979
58184	58211	22	0.578947
58184	57548	1	0.026316
58184	57507	3	0.078947
58184	57877	3	0.078947
58184	57178	1	0.026316
58184	58236	3	0.078947
58187	57091	2	0.000405
58187	58000	2	0.000405
58187	57347	13	0.002635
58187	57240	1	0.000203
58187	57881	1	0.000203
58187	57754	2	0.000405
58187	57244	14	0.002837
58187	57399	102	0.020673
58187	57543	13	0.002635
58187	57161	1	0.000203
58187	57162	6	0.001216
58187	57035	1	0.000203
58187	57809	2	0.000405
58187	57938	8	0.001621
58187	58196	20	0.004054
58187	57176	107	0.021686
58187	57561	8	0.001621
58187	57308	9	0.001824
58187	57568	1	0.000203
58187	58211	2	0.000405
58187	58214	4	0.000811
58187	57553	23	0.004662
58187	57065	7	0.001419
58187	57194	1	0.000203
58187	57070	3	0.000608
58187	58236	1	0.000203
58188	57881	3	0.004601
58188	58211	12	0.018405
58189	57203	6	0.043478
58189	58211	37	0.268116
58189	57389	1	0.007246
58189	57242	4	0.028986
58189	57479	4	0.028986
58190	58211	9	0.147541
58191	58236	3	0.088235
58191	57161	4	0.117647
58191	57176	2	0.058824
58191	57754	4	0.117647
58191	57947	1	0.029412
58191	57244	3	0.088235
58192	57555	4036	17.029536
58193	57555	1015	3.745387
58194	57568	2	0.015748
58194	58145	2	0.015748
58194	57156	1	0.007874
58194	58215	1	0.007874
58194	57927	1	0.007874
58194	57465	1	0.007874
58194	57486	2	0.015748
58194	57176	1	0.007874
58194	57553	10	0.078740
58194	58132	3	0.023622
58194	57717	1	0.007874
58194	57047	3	0.023622
58194	58196	4	0.031496
58194	57881	17	0.133858
58194	57212	1	0.007874
58195	57047	1	0.050000
58196	57856	1	0.000182
58196	57345	1	0.000182
58196	58027	1	0.000182
58196	57864	12	0.002183
58196	57353	3	0.000546
58196	57080	1	0.000182
58196	57363	1	0.000182
58196	57881	94	0.017097
58196	57519	1	0.000182
58196	57717	1	0.000182
58196	57375	1	0.000182
58196	57377	1	0.000182
58196	57380	5	0.000909
58196	57383	3	0.000546
58196	57386	1	0.000182
58196	58104	1	0.000182
58196	57391	1	0.000182
58196	57694	1	0.000182
58196	57398	1	0.000182
58196	57399	58	0.010549
58196	57915	7	0.001273
58196	57916	1	0.000182
58196	57927	3	0.000546
58196	57929	1	0.000182
58196	57932	1	0.000182
58196	57423	1	0.000182
58196	57425	2	0.000364
58196	57938	1	0.000182
58196	57427	1	0.000182
58196	57940	2	0.000364
58196	57429	4	0.000728
58196	57434	2	0.000364
58196	57185	1	0.000182
58196	57960	2	0.000364
58196	57066	1	0.000182
58196	57451	1	0.000182
58196	57968	1	0.000182
58196	57458	3	0.000546
58196	57629	1	0.000182
58196	57460	1	0.000182
58196	58217	3	0.000546
58196	57465	4	0.000728
58196	57203	1	0.000182
58196	57981	3	0.000546
58196	57621	4	0.000728
58196	57472	6	0.001091
58196	57475	1	0.000182
58196	57989	1	0.000182
58196	57479	2	0.000364
58196	58073	1	0.000182
58196	57486	11	0.002001
58196	57197	1	0.000182
58196	58000	3	0.000546
58196	57490	1	0.000182
58196	58003	1	0.000182
58196	58005	6	0.001091
58196	57494	1	0.000182
58196	58007	1	0.000182
58196	58008	1	0.000182
58196	57498	2	0.000364
58196	57528	1	0.000182
58196	57500	2	0.000364
58196	57504	1	0.000182
58196	57506	1	0.000182
58196	58023	1	0.000182
58196	58024	1	0.000182
58196	57515	4	0.000728
58196	58031	9	0.001637
58196	58032	1	0.000182
58196	57521	1	0.000182
58196	58035	5	0.000909
58196	58037	5	0.000909
58196	58038	1	0.000182
58196	58040	1	0.000182
58196	57530	1	0.000182
58196	57531	1	0.000182
58196	58046	3	0.000546
58196	57023	1	0.000182
58196	57024	1	0.000182
58196	57027	1	0.000182
58196	57540	1	0.000182
58196	57543	8	0.001455
58196	57032	1	0.000182
58196	57548	27	0.004911
58196	57551	1	0.000182
58196	57553	78	0.014187
58196	57554	1	0.000182
58196	57557	3	0.000546
58196	57046	3	0.000546
58196	57047	44	0.008003
58196	57560	1	0.000182
58196	57636	1	0.000182
58196	57054	3	0.000546
58196	57568	82	0.014915
58196	57571	1	0.000182
58196	57735	7	0.001273
58196	57573	1	0.000182
58196	57041	1	0.000182
58196	58236	201	0.036559
58196	58090	18	0.003274
58196	57067	1	0.000182
58196	58092	2	0.000364
58196	58093	1	0.000182
58196	57070	38	0.006912
58196	57071	3	0.000546
58196	57072	1	0.000182
58196	57128	3	0.000546
58196	57078	4	0.000728
58196	57592	21	0.003820
58196	57599	18	0.003274
58196	57984	1	0.000182
58196	57090	1	0.000182
58196	57603	1	0.000182
58196	57605	7	0.001273
58196	57606	2	0.000364
58196	57612	9	0.001637
58196	57613	1	0.000182
58196	57103	1	0.000182
58196	57616	4	0.000728
58196	57106	1	0.000182
58196	57107	1	0.000182
58196	57620	1	0.000182
58196	58133	6	0.001091
58196	57623	2	0.000364
58196	58136	1	0.000182
58196	58139	19	0.003456
58196	57117	10	0.001819
58196	57630	3	0.000546
58196	57631	1	0.000182
58196	57120	1	0.000182
58196	58145	26	0.004729
58196	57124	1	0.000182
58196	58152	1	0.000182
58196	57642	1	0.000182
58196	57223	1	0.000182
58196	58160	2	0.000364
58196	57655	1	0.000182
58196	58168	1	0.000182
58196	57145	1	0.000182
58196	58170	1	0.000182
58196	57661	1	0.000182
58196	57738	1	0.000182
58196	57721	1	0.000182
58196	57154	1	0.000182
58196	57157	2	0.000364
58196	57159	1	0.000182
58196	57161	6	0.001091
58196	58186	1	0.000182
58196	58187	1	0.000182
58196	58191	16	0.002910
58196	57681	8	0.001455
58196	58194	17	0.003092
58196	57683	1	0.000182
58196	57684	4	0.000728
58196	57687	1	0.000182
58196	57176	54	0.009822
58196	57181	1	0.000182
58196	58206	1	0.000182
58196	58209	1	0.000182
58196	57698	7	0.001273
58196	58211	8	0.001455
58196	58214	7	0.001273
58196	58215	10034	1.825027
58196	57704	1	0.000182
58196	57193	1	0.000182
58196	57194	7	0.001273
58196	57195	1	0.000182
58196	57196	1	0.000182
58196	58221	7	0.001273
58196	57109	1	0.000182
58196	58173	1	0.000182
58196	58226	13	0.002364
58196	57715	2	0.000364
58196	57887	2	0.000364
58196	57150	2	0.000364
58196	58132	4	0.000728
58196	57209	1	0.000182
58196	57211	1	0.000182
58196	57724	3	0.000546
58196	57725	2	0.000364
58196	58242	2	0.000364
58196	58247	1	0.000182
58196	57226	1	0.000182
58196	57227	38	0.006912
58196	57233	1	0.000182
58196	57747	4	0.000728
58196	57748	1	0.000182
58196	57754	8	0.001455
58196	57755	1	0.000182
58196	57244	21	0.003820
58196	57757	4	0.000728
58196	57760	1	0.000182
58196	57584	1	0.000182
58196	57706	1	0.000182
58196	57768	8	0.001455
58196	57257	4	0.000728
58196	57258	1	0.000182
58196	58183	1	0.000182
58196	57261	1	0.000182
58196	57793	1	0.000182
58196	57783	1	0.000182
58196	57273	1	0.000182
58196	57162	21	0.003820
58196	57278	10	0.001819
58196	57791	1	0.000182
58196	57281	2	0.000364
58196	57796	1	0.000182
58196	57797	1	0.000182
58196	57798	1	0.000182
58196	57800	3	0.000546
58196	57289	1	0.000182
58196	57804	1	0.000182
58196	57806	1	0.000182
58196	57295	1	0.000182
58196	57297	37	0.006730
58196	57300	4	0.000728
58196	57813	1	0.000182
58196	57814	1	0.000182
58196	57815	1	0.000182
58196	57334	2	0.000364
58196	57312	1	0.000182
58196	57825	2	0.000364
58196	57093	5	0.000909
58196	57830	2	0.000364
58196	57319	2	0.000364
58196	57832	1	0.000182
58196	57322	1	0.000182
58196	57325	3	0.000546
58196	57841	2	0.000364
58196	57369	1	0.000182
58196	57846	2	0.000364
58196	57335	2	0.000364
58196	57849	1	0.000182
58196	57341	1	0.000182
58197	57252	1	0.090909
58197	58215	2	0.181818
58197	57194	1	0.090909
58197	57881	1	0.090909
58197	57486	1	0.090909
58197	57268	1	0.090909
58197	57465	1	0.090909
58197	57716	1	0.090909
58197	57754	11	1.000000
58199	57312	5	0.051020
58199	57389	1	0.010204
58201	57555	686	2.365517
58201	57479	2	0.006897
58206	57506	1	0.017544
58206	57383	2	0.035088
58206	57032	5	0.087719
58206	57226	3	0.052632
58206	57227	1	0.017544
58206	57741	2	0.035088
58206	57047	2	0.035088
58206	57041	1	0.017544
58206	58196	3	0.052632
58206	57815	1	0.017544
58206	57176	3	0.052632
58206	58132	3	0.052632
58206	57242	1	0.017544
58206	57194	1	0.017544
58206	57553	1	0.017544
58208	57671	3	0.039474
58208	57227	3	0.039474
58208	57881	1	0.013158
58208	58214	2	0.026316
58208	57383	1	0.013158
58208	57308	3	0.039474
58208	57162	1	0.013158
58208	57399	11	0.144737
58208	57070	2	0.026316
58208	58000	2	0.026316
58208	57553	1	0.013158
58208	57161	2	0.026316
58208	57081	1	0.013158
58208	57561	1	0.013158
58208	57244	2	0.026316
58209	57479	2	0.001688
58209	57227	1	0.000844
58209	57486	2	0.001688
58209	57747	1	0.000844
58209	58134	1	0.000844
58209	57242	8	0.006751
58209	57244	2	0.001688
58209	57501	1	0.000844
58209	57754	49	0.041350
58209	57891	1	0.000844
58209	57896	1	0.000844
58209	57389	1	0.000844
58209	57391	1	0.000844
58209	58038	1	0.000844
58209	57399	37	0.031224
58209	57927	1	0.000844
58209	57162	1	0.000844
58209	58196	1	0.000844
58209	57176	7	0.005907
58209	58073	1	0.000844
58209	57308	4	0.003376
58209	58214	21	0.017722
58209	58215	4	0.003376
58209	57070	3	0.002532
58209	57200	1	0.000844
58209	57841	6	0.005063
58209	57078	1	0.000844
58209	57080	1	0.000844
58209	57724	1	0.000844
58211	57344	2	0.001040
58211	57345	3	0.001560
58211	57348	21	0.010920
58211	57351	3	0.001560
58211	57866	2	0.001040
58211	57355	2	0.001040
58211	57357	2	0.001040
58211	57809	2	0.001040
58211	57877	16	0.008320
58211	57881	107	0.055642
58211	57882	3	0.001560
58211	57371	3	0.001560
58211	57885	6	0.003120
58211	57886	3	0.001560
58211	57380	5	0.002600
58211	57382	3	0.001560
58211	57417	2	0.001040
58211	57896	2	0.001040
58211	57386	5	0.002600
58211	57389	9	0.004680
58211	57902	4	0.002080
58211	57904	2	0.001040
58211	57608	1	0.000520
58211	57906	3	0.001560
58211	57907	2	0.001040
58211	57909	3	0.001560
58211	58121	2	0.001040
58211	57913	2	0.001040
58211	57914	2	0.001040
58211	57403	2	0.001040
58211	57405	3	0.001560
58211	57915	2	0.001040
58211	57921	5	0.002600
58211	57411	16	0.008320
58211	57924	3	0.001560
58211	57925	3	0.001560
58211	57926	3	0.001560
58211	57416	3	0.001560
58211	57100	3	0.001560
58211	57930	3	0.001560
58211	57933	3	0.001560
58211	57443	2	0.001040
58211	57529	2	0.001040
58211	57434	2	0.001040
58211	57948	3	0.001560
58211	57543	1	0.000520
58211	57439	2	0.001040
58211	57440	3	0.001560
58211	57441	2	0.001040
58211	57954	2	0.001040
58211	57275	4	0.002080
58211	57963	2	0.001040
58211	57454	2	0.001040
58211	57533	2	0.001040
58211	57969	3	0.001560
58211	57976	2	0.001040
58211	57465	1	0.000520
58211	57466	3	0.001560
58211	57979	2	0.001040
58211	57982	3	0.001560
58211	57365	3	0.001560
58211	57985	5	0.002600
58211	57479	17	0.008840
58211	57996	2	0.001040
58211	57538	2	0.001040
58211	57486	34	0.017681
58211	57487	3	0.001560
58211	57198	3	0.001560
58211	58010	1	0.000520
58211	57500	16	0.008320
58211	58013	3	0.001560
58211	57503	6	0.003120
58211	58016	4	0.002080
58211	58017	3	0.001560
58211	58018	3	0.001560
58211	58019	2	0.001040
58211	58021	3	0.001560
58211	58022	2	0.001040
58211	57511	2	0.001040
58211	57699	2	0.001040
58211	57714	1	0.000520
58211	57665	3	0.001560
58211	58031	1	0.000520
58211	57014	3	0.001560
58211	57527	1	0.000520
58211	58041	3	0.001560
58211	57626	2	0.001040
58211	57021	3	0.001560
58211	58049	3	0.001560
58211	57026	2	0.001040
58211	58051	2	0.001040
58211	58055	6	0.003120
58211	58056	3	0.001560
58211	58057	1	0.000520
58211	58061	7	0.003640
58211	58063	1	0.000520
58211	57552	2	0.001040
58211	57208	2	0.001040
58211	57555	5	0.002600
58211	58068	2	0.001040
58211	57558	6	0.003120
58211	57977	2	0.001040
58211	57561	3	0.001560
58211	57050	2	0.001040
58211	57051	3	0.001560
58211	57052	3	0.001560
58211	57053	3	0.001560
58211	57566	3	0.001560
58211	57616	1	0.000520
58211	57058	3	0.001560
58211	57723	3	0.001560
58211	57574	1	0.000520
58211	57575	2	0.001040
58211	57576	2	0.001040
58211	57065	4	0.002080
58211	57582	3	0.001560
58211	58096	1	0.000520
58211	57073	3	0.001560
58211	57074	4	0.002080
58211	58100	4	0.002080
58211	57077	3	0.001560
58211	57590	2	0.001040
58211	57591	3	0.001560
58211	57592	1	0.000520
58211	57215	1	0.000520
58211	57681	1	0.000520
58211	57087	3	0.001560
58211	57601	3	0.001560
58211	58077	4	0.002080
58211	57604	3	0.001560
58211	58118	2	0.001040
58211	57607	2	0.001040
58211	58120	5	0.002600
58211	57097	2	0.001040
58211	58123	2	0.001040
58211	58124	80	0.041602
58211	58125	2	0.001040
58211	57133	1	0.000520
58211	58128	2	0.001040
58211	58133	6	0.003120
58211	58135	2	0.001040
58211	58138	2	0.001040
58211	57115	5	0.002600
58211	58140	6	0.003120
58211	57117	1	0.000520
58211	57047	2	0.001040
58211	57119	3	0.001560
58211	58078	1	0.000520
58211	57633	3	0.001560
58211	57563	2	0.001040
58211	58149	2	0.001040
58211	58153	2	0.001040
58211	57130	2	0.001040
58211	57735	1	0.000520
58211	57645	5	0.002600
58211	57135	2	0.001040
58211	57649	3	0.001560
58211	57139	3	0.001560
58211	58164	3	0.001560
58211	58165	2	0.001040
58211	57143	3	0.001560
58211	57144	2	0.001040
58211	57140	2	0.001040
58211	57658	3	0.001560
58211	58171	3	0.001560
58211	58113	2	0.001040
58211	57662	1	0.000520
58211	57663	3	0.001560
58211	58176	4	0.002080
58211	57153	3	0.001560
58211	57667	3	0.001560
58211	58181	5	0.002600
58211	57670	2	0.001040
58211	58184	3	0.001560
58211	57162	4	0.002080
58211	57675	3	0.001560
58211	58188	1	0.000520
58211	58189	3	0.001560
58211	57166	3	0.001560
58211	57168	2	0.001040
58211	57169	2	0.001040
58211	58195	3	0.001560
58211	57176	4	0.002080
58211	58201	2	0.001040
58211	58097	2	0.001040
58211	57692	3	0.001560
58211	57232	2	0.001040
58211	57186	1	0.000520
58211	57147	3	0.001560
58211	58214	20	0.010400
58211	58215	3	0.001560
58211	57194	4	0.002080
58211	58219	3	0.001560
58211	57710	3	0.001560
58211	58223	3	0.001560
58211	57713	2	0.001040
58211	58226	1	0.000520
58211	57716	2	0.001040
58211	57719	65	0.033801
58211	58232	3	0.001560
58211	57399	6	0.003120
58211	58234	2	0.001040
58211	58235	3	0.001560
58211	58236	27	0.014041
58211	57727	3	0.001560
58211	57218	5	0.002600
58211	57733	2	0.001040
58211	58246	3	0.001560
58211	58177	4	0.002080
58211	57736	5	0.002600
58211	57570	2	0.001040
58211	57227	5	0.002600
58211	57228	2	0.001040
58211	57743	3	0.001560
58211	57744	2	0.001040
58211	57240	4	0.002080
58211	57234	3	0.001560
58211	57747	3	0.001560
58211	57236	2	0.001040
58211	58116	2	0.001040
58211	57239	1	0.000520
58211	57752	6	0.003120
58211	57242	20	0.010400
58211	57244	22	0.011440
58211	57754	12	0.006240
58211	57669	2	0.001040
58211	57248	3	0.001560
58211	57252	9	0.004680
58211	58182	2	0.001040
58211	57254	2	0.001040
58211	57255	3	0.001560
58211	57257	1	0.000520
58211	57259	3	0.001560
58211	57776	2	0.001040
58211	57778	3	0.001560
58211	57271	2	0.001040
58211	57786	2	0.001040
58211	57787	7	0.003640
58211	57316	5	0.002600
58211	57282	2	0.001040
58211	57283	5	0.002600
58211	57286	21	0.010920
58211	57287	2	0.001040
58211	57800	1	0.000520
58211	57803	3	0.001560
58211	57293	9	0.004680
58211	57297	3	0.001560
58211	57507	2	0.001040
58211	58190	2	0.001040
58211	57302	3	0.001560
58211	57816	3	0.001560
58211	57306	3	0.001560
58211	57080	1	0.000520
58211	57311	2	0.001040
58211	57312	4	0.002080
58211	58192	2	0.001040
58211	57828	2	0.001040
58211	58193	2	0.001040
58211	57324	4	0.002080
58211	57839	3	0.001560
58211	57841	5	0.002600
58211	57330	11	0.005720
58211	57171	2	0.001040
58211	57332	3	0.001560
58211	57848	3	0.001560
58211	57851	3	0.001560
58211	57853	2	0.001040
58214	57297	9	0.007264
58214	57881	5	0.004036
58214	57989	1	0.000807
58214	57479	1244	1.004036
58214	57353	2	0.001614
58214	58124	3	0.002421
58214	57490	1	0.000807
58214	57809	3	0.002421
58214	57492	1	0.000807
58214	58133	1	0.000807
58214	57494	1	0.000807
58214	57495	1	0.000807
58214	57369	1	0.000807
58214	57754	2	0.001614
58214	58139	4	0.003228
58214	57244	36	0.029056
58214	57242	1	0.000807
58214	57887	1	0.000807
58214	58226	1	0.000807
58214	57764	4	0.003228
58214	57804	1	0.000807
58214	57383	2	0.001614
58214	57896	1	0.000807
58214	57500	3	0.002421
58214	57258	1	0.000807
58214	57133	6	0.004843
58214	57391	1	0.000807
58214	57874	1	0.000807
58214	58037	1	0.000807
58214	57398	1	0.000807
58214	57465	1	0.000807
58214	57588	1	0.000807
58214	57530	1	0.000807
58214	57915	1	0.000807
58214	57278	1	0.000807
58214	57536	1	0.000807
58214	58052	2	0.001614
58214	57178	1	0.000807
58214	57671	1	0.000807
58214	57612	3	0.002421
58214	57162	10	0.008071
58214	57399	1	0.000807
58214	57420	1	0.000807
58214	57553	20	0.016142
58214	58196	19	0.015335
58214	57046	2	0.001614
58214	57047	9	0.007264
58214	57176	30	0.024213
58214	57434	1	0.000807
58214	57307	1	0.000807
58214	57694	1	0.000807
58214	57312	14	0.011299
58214	58211	7	0.005650
58214	58215	1238	0.999193
58214	57833	1	0.000807
58214	57067	1	0.000807
58214	57325	14	0.011299
58214	57070	4	0.003228
58214	57501	1	0.000807
58214	57841	15	0.012107
58214	57714	11	0.008878
58214	57548	1	0.000807
58214	57080	4	0.003228
58214	57940	1	0.000807
58214	58236	162	0.130751
58214	57341	1	0.000807
58214	57599	2	0.001614
58215	57345	5	0.010893
58215	57346	1	0.002179
58215	57861	5	0.010893
58215	57864	4	0.008715
58215	57857	4	0.008715
58215	57352	1	0.002179
58215	57353	1	0.002179
58215	57360	4	0.008715
58215	57361	12	0.026144
58215	57874	7	0.015251
58215	57363	1	0.002179
58215	57876	10	0.021786
58215	57877	429	0.934641
58215	57881	1727	3.762527
58215	57884	1	0.002179
58215	57885	6	0.013072
58215	57887	1	0.002179
58215	57558	5	0.010893
58215	57378	8	0.017429
58215	57209	6	0.013072
58215	57380	1	0.002179
58215	57383	6	0.013072
58215	57386	840	1.830065
58215	57389	21	0.045752
58215	58087	4	0.008715
58215	57905	1	0.002179
58215	57397	5	0.010893
58215	57399	5	0.010893
58215	57915	1	0.002179
58215	57917	1	0.002179
58215	57406	4	0.008715
58215	57410	1	0.002179
58215	57411	16	0.034858
58215	57927	3	0.006536
58215	57612	2	0.004357
58215	57418	5	0.010893
58215	57419	2	0.004357
58215	57420	14	0.030501
58215	57427	1	0.002179
58215	57942	4	0.008715
58215	57785	1	0.002179
58215	57434	470	1.023965
58215	57438	1	0.002179
58215	57959	8	0.017429
58215	57960	1	0.002179
58215	57020	1	0.002179
58215	57965	1	0.002179
58215	57789	1	0.002179
58215	57448	8	0.017429
58215	57458	1	0.002179
58215	57875	1	0.002179
58215	57460	4	0.008715
58215	57463	4	0.008715
58215	57465	435	0.947712
58215	57467	1	0.002179
58215	57469	18	0.039216
58215	58134	4	0.008715
58215	57479	546	1.189542
58215	57994	4	0.008715
58215	57486	9	0.019608
58215	57999	1	0.002179
58215	57489	2	0.004357
58215	57491	1	0.002179
58215	57492	1	0.002179
58215	57493	4	0.008715
58215	58006	1	0.002179
58215	57495	1	0.002179
58215	58008	1	0.002179
58215	57500	17	0.037037
58215	57502	4	0.008715
58215	57507	11	0.023965
58215	57508	1	0.002179
58215	57542	16	0.034858
58215	58024	1	0.002179
58215	58226	1	0.002179
58215	58030	17	0.037037
58215	58031	1	0.002179
58215	57520	1	0.002179
58215	58033	4	0.008715
58215	57522	5	0.010893
58215	57525	1	0.002179
58215	58039	1	0.002179
58215	58042	1	0.002179
58215	57532	1	0.002179
58215	58046	1	0.002179
58215	57536	1	0.002179
58215	58052	7	0.015251
58215	57030	2	0.004357
58215	58055	4	0.008715
58215	58057	3	0.006536
58215	57035	2	0.004357
58215	57548	1	0.002179
58215	57037	1	0.002179
58215	58062	1	0.002179
58215	58063	7	0.015251
58215	57041	1	0.002179
58215	57891	4	0.008715
58215	58069	10	0.021786
58215	57046	1	0.002179
58215	57559	1	0.002179
58215	57560	1	0.002179
58215	58073	2	0.004357
58215	57562	1	0.002179
58215	58075	1	0.002179
58215	58078	4	0.008715
58215	57568	9	0.019608
58215	57638	1	0.002179
58215	57553	523	1.139434
58215	57212	4	0.008715
58215	58090	19	0.041394
58215	57580	1	0.002179
58215	57070	19	0.041394
58215	57071	1	0.002179
58215	57588	3	0.006536
58215	57129	4	0.008715
58215	58196	973	2.119826
58215	57593	4	0.008715
58215	57082	419	0.912854
58215	57898	1	0.002179
58215	57599	1	0.002179
58215	58112	8	0.017429
58215	57602	1	0.002179
58215	57093	422	0.919390
58215	57094	1	0.002179
58215	57608	5	0.010893
58215	58122	5	0.010893
58215	57047	64	0.139434
58215	58124	18	0.039216
58215	58242	4	0.008715
58215	57583	1	0.002179
58215	58130	9	0.019608
58215	58132	5	0.010893
58215	57621	1	0.002179
58215	57110	1	0.002179
58215	57624	1	0.002179
58215	57625	4	0.008715
58215	58104	1	0.002179
58215	58139	1	0.002179
58215	57117	1	0.002179
58215	58142	8	0.017429
58215	58095	4	0.008715
58215	58145	14	0.030501
58215	57122	4	0.008715
58215	58148	1	0.002179
58215	58150	1	0.002179
58215	58151	1	0.002179
58215	58065	1	0.002179
58215	57642	7	0.015251
58215	57643	5	0.010893
58215	58156	1	0.002179
58215	57133	4	0.008715
58215	57135	8	0.017429
58215	57648	4	0.008715
58215	58161	1	0.002179
58215	58163	8	0.017429
58215	57653	1	0.002179
58215	57142	4	0.008715
58215	57124	4	0.008715
58215	57145	1	0.002179
58215	57661	1	0.002179
58215	58174	1	0.002179
58215	57668	1	0.002179
58215	58166	4	0.008715
58215	57161	5	0.010893
58215	57162	997	2.172113
58215	57165	1	0.002179
58215	57167	11	0.023965
58215	57680	1	0.002179
58215	57681	1	0.002179
58215	58194	68	0.148148
58215	57684	1	0.002179
58215	57174	1	0.002179
58215	57175	5	0.010893
58215	57176	514	1.119826
58215	57178	1	0.002179
58215	57694	1	0.002179
58215	57695	9	0.019608
58215	57184	1	0.002179
58215	57186	430	0.936819
58215	58211	451	0.982571
58215	57188	4	0.008715
58215	57189	1	0.002179
58215	58214	1363	2.969499
58215	57085	4	0.008715
58215	58217	2	0.004357
58215	57194	460	1.002179
58215	57195	1	0.002179
58215	57712	2	0.004357
58215	57714	58	0.126362
58215	57126	4	0.008715
58215	57204	4	0.008715
58215	57717	4	0.008715
58215	57719	5	0.010893
58215	58233	1	0.002179
58215	57723	2	0.004357
58215	58236	540	1.176471
58215	57215	4	0.008715
58215	58074	6	0.013072
58215	57218	6	0.013072
58215	58245	5	0.010893
58215	58247	1	0.002179
58215	57227	39	0.084967
58215	57740	4	0.008715
58215	57741	1	0.002179
58215	57325	9	0.019608
58215	57809	6	0.013072
58215	57747	6	0.013072
58215	57076	6	0.013072
58215	57239	1	0.002179
58215	57240	9	0.019608
58215	57156	4	0.008715
58215	57242	480	1.045752
58215	57327	1	0.002179
58215	57244	939	2.045752
58215	57754	462	1.006536
58215	57247	6	0.013072
58215	57760	1	0.002179
58215	57243	5	0.010893
58215	57252	4	0.008715
58215	57767	3	0.006536
58215	57768	4	0.008715
58215	58202	4	0.008715
58215	57777	4	0.008715
58215	57266	6	0.013072
58215	57331	4	0.008715
58215	57268	4	0.008715
58215	57270	4	0.008715
58215	57272	9	0.019608
58215	57273	1	0.002179
58215	57274	21	0.045752
58215	57657	15	0.032680
58215	57278	1	0.002179
58215	57283	10	0.021786
58215	57286	4	0.008715
58215	57287	6	0.013072
58215	57289	5	0.010893
58215	57802	10	0.021786
58215	57292	4	0.008715
58215	57112	4	0.008715
58215	57808	4	0.008715
58215	57297	137	0.298475
58215	57812	4	0.008715
58215	57815	1	0.002179
58215	57305	4	0.008715
58215	57308	45	0.098039
58215	57821	4	0.008715
58215	57312	462	1.006536
58215	57316	7	0.015251
58215	57836	2	0.004357
58215	57837	3	0.006536
58215	57597	29	0.063181
58215	57841	17	0.037037
58215	57843	1	0.002179
58215	57342	4	0.008715
58215	57849	3	0.006536
58215	57854	2	0.004357
58215	57343	1	0.002179
58216	57536	1	0.016393
58216	57458	1	0.016393
58216	57981	2	0.032787
58216	57927	2	0.032787
58217	57345	1	0.001368
58217	57353	1	0.001368
58217	57877	1	0.001368
58217	57881	6	0.008208
58217	57093	1	0.001368
58217	57377	1	0.001368
58217	57865	1	0.001368
58217	57383	1	0.001368
58217	57896	48	0.065663
58217	57898	1	0.001368
58217	57389	1	0.001368
58217	57391	1	0.001368
58217	57694	1	0.001368
58217	57399	1	0.001368
58217	57916	1	0.001368
58217	58209	1	0.001368
58217	57932	1	0.001368
58217	57186	1	0.001368
58217	57940	1	0.001368
58217	57429	1	0.001368
58217	57430	2	0.002736
58217	57434	2	0.002736
58217	57444	1	0.001368
58217	58215	14	0.019152
58217	57465	1	0.001368
58217	57706	1	0.001368
58217	57984	1	0.001368
58217	57986	1	0.001368
58217	57451	1	0.001368
58217	57479	3	0.004104
58217	58003	1	0.001368
58217	57495	1	0.001368
58217	57498	1	0.001368
58217	58017	5	0.006840
58217	57515	1	0.001368
58217	58226	1	0.001368
58217	58033	1	0.001368
58217	57530	1	0.001368
58217	57531	1	0.001368
58217	58046	1	0.001368
58217	57027	1	0.001368
58217	57032	1	0.001368
58217	57548	1	0.001368
58217	57553	23	0.031464
58217	57046	1	0.001368
58217	57047	7	0.009576
58217	57560	1	0.001368
58217	57380	2	0.002736
58217	58074	1	0.001368
58217	57054	1	0.001368
58217	57571	1	0.001368
58217	57297	1	0.001368
58217	58236	2	0.002736
58217	57071	1	0.001368
58217	57128	1	0.001368
58217	57592	1	0.001368
58217	57082	3	0.004104
58217	57386	2	0.002736
58217	57599	1	0.001368
58217	57603	1	0.001368
58217	57605	1	0.001368
58217	58122	1	0.001368
58217	57616	1	0.001368
58217	57106	2	0.002736
58217	57475	1	0.001368
58217	58132	1	0.001368
58217	58134	1	0.001368
58217	58136	1	0.001368
58217	58139	1	0.001368
58217	57117	1	0.001368
58217	58152	1	0.001368
58217	57135	1	0.001368
58217	57138	1	0.001368
58217	57145	1	0.001368
58217	58170	1	0.001368
58217	57659	1	0.001368
58217	57661	1	0.001368
58217	57152	2	0.002736
58217	57671	1	0.001368
58217	57162	3	0.004104
58217	58191	1	0.001368
58217	58194	1	0.001368
58217	57683	1	0.001368
58217	58196	4	0.005472
58217	57176	8	0.010944
58217	57181	1	0.001368
58217	58206	1	0.001368
58217	58208	1	0.001368
58217	57697	1	0.001368
58217	57698	1	0.001368
58217	58211	2	0.002736
58217	58214	9	0.012312
58217	57191	1	0.001368
58217	57194	3	0.004104
58217	57196	1	0.001368
58217	58221	1	0.001368
58217	57714	1	0.001368
58217	57715	1	0.001368
58217	57209	1	0.001368
58217	57724	1	0.001368
58217	57725	1	0.001368
58217	58247	1	0.001368
58217	57227	2	0.002736
58217	57740	1	0.001368
58217	57240	1	0.001368
58217	57754	2	0.002736
58217	57244	3	0.004104
58217	57242	2	0.002736
58217	57257	1	0.001368
58217	57258	1	0.001368
58217	57261	1	0.001368
58217	57775	1	0.001368
58217	57273	1	0.001368
58217	57278	1	0.001368
58217	57281	1	0.001368
58217	57287	1	0.001368
58217	57420	1	0.001368
58217	57146	1	0.001368
58217	57804	1	0.001368
58217	57295	1	0.001368
58217	57809	1	0.001368
58217	57300	1	0.001368
58217	57679	1	0.001368
58217	57312	2	0.002736
58217	57825	1	0.001368
58217	57830	1	0.001368
58217	57319	1	0.001368
58217	57833	1	0.001368
58217	57325	1	0.001368
58217	57326	1	0.001368
58217	57841	1	0.001368
58217	57846	1	0.001368
58217	57684	1	0.001368
58217	57341	1	0.001368
58218	57117	3	0.034884
58218	57597	1	0.011628
58219	58211	16	0.410256
58219	58226	1	0.025641
58219	58133	1	0.025641
58219	57881	2	0.051282
58219	57531	2	0.051282
58219	58236	9	0.230769
58219	57469	3	0.076923
58221	57834	1	0.000289
58221	57476	7	0.002021
58221	57608	5	0.001444
58221	58090	9	0.002599
58221	57226	4	0.001155
58221	57227	4	0.001155
58221	58124	39	0.011262
58221	57389	1	0.000289
58221	57489	3	0.000866
58221	57881	4	0.001155
58221	57754	29	0.008374
58221	57244	11	0.003176
58221	57247	2	0.000578
58221	57764	3	0.000866
58221	57383	9	0.002599
58221	58226	57	0.016460
58221	57135	7	0.002021
58221	58033	12	0.003465
58221	57015	2400	0.693041
58221	57531	4	0.001155
58221	57312	2	0.000578
58221	57671	6	0.001733
58221	58057	3	0.000866
58221	57162	14	0.004043
58221	57399	2	0.000578
58221	57553	12	0.003465
58221	58194	3	0.000866
58221	58196	28	0.008085
58221	57047	2	0.000578
58221	57176	27	0.007797
58221	57568	5	0.001444
58221	58211	8	0.002310
58221	57316	7	0.002021
58221	58214	7	0.002021
58221	58215	18	0.005198
58221	57194	6	0.001733
58221	57767	5	0.001444
58221	57070	39	0.011262
58221	57841	9	0.002599
58221	57714	4	0.001155
58221	57078	4	0.001155
58221	58236	19	0.005487
58221	57469	6	0.001733
58221	57854	3	0.000866
58223	57856	1	0.001136
58223	58211	9	0.010227
58223	57735	1	0.001136
58223	57479	716	0.813636
58223	57411	7	0.007955
58223	57242	1	0.001136
58226	57345	1	0.000160
58226	57864	1	0.000160
58226	57874	3	0.000481
58226	57881	3	0.000481
58226	57605	4	0.000642
58226	57389	10	0.001604
58226	57398	11	0.001765
58226	57399	19	0.003048
58226	57406	1	0.000160
58226	57420	5	0.000802
58226	57429	11	0.001765
58226	57434	2	0.000321
58226	57959	2	0.000321
58226	57448	10	0.001604
58226	57451	14	0.002246
58226	57968	2	0.000321
58226	57465	5	0.000802
58226	57706	15	0.002407
58226	57476	1	0.000160
58226	57479	56	0.008984
58226	57486	2	0.000321
58226	57489	6	0.000963
58226	57505	7	0.001123
58226	58031	1	0.000160
58226	58033	7	0.001123
58226	57528	7	0.001123
58226	57531	16	0.002567
58226	57543	1	0.000160
58226	58057	2	0.000321
58226	58058	1	0.000160
58226	57551	6	0.000963
58226	57553	12	0.001925
58226	57047	3	0.000481
58226	57568	23	0.003690
58226	58090	3	0.000481
58226	57067	4	0.000642
58226	57070	17	0.002727
58226	57469	40	0.006417
58226	57588	1	0.000160
58226	57078	16	0.002567
58226	57604	3	0.000481
58226	57093	1	0.000160
58226	57608	1	0.000160
58226	58122	2	0.000321
58226	58132	2	0.000321
58226	57621	5	0.000802
58226	57630	8	0.001283
58226	58145	1	0.000160
58226	57133	1	0.000160
58226	57135	3	0.000481
58226	57145	6	0.000963
58226	57671	28	0.004492
58226	57162	157	0.025189
58226	58194	11	0.001765
58226	58196	51	0.008182
58226	57176	58	0.009305
58226	58211	9	0.001444
58226	58214	140	0.022461
58226	58215	8	0.001283
58226	57194	1	0.000160
58226	58221	83	0.013316
58226	57714	12	0.001925
58226	58236	24	0.003850
58226	57226	11	0.001765
58226	57227	90	0.014439
58226	57754	101	0.016204
58226	57244	23	0.003690
58226	57242	39	0.006257
58226	57760	3	0.000481
58226	58183	8	0.001283
58226	57270	1	0.000160
58226	57272	16	0.002567
58226	57844	8	0.001283
58226	57278	5	0.000802
58226	57287	6	0.000963
58226	57289	1	0.000160
58226	57808	103	0.016525
58226	57297	1	0.000160
58226	57812	2	0.000321
58226	57307	10	0.001604
58226	57312	235	0.037703
58226	57316	5	0.000802
58226	57325	3	0.000481
58226	57841	25	0.004011
58226	57332	1	0.000160
58226	57854	2	0.000321
58230	57754	2	1.000000
58230	58074	2	1.000000
58232	57553	2	0.007220
58232	58211	141	0.509025
58232	57597	2	0.007220
58233	57345	2	0.001480
58233	57476	1	0.000740
58233	57227	1	0.000740
58233	57747	7	0.005181
58233	58133	5	0.003701
58233	57242	6	0.004441
58233	57500	2	0.001480
58233	57501	4	0.002961
58233	57764	1	0.000740
58233	57896	8	0.005922
58233	57399	17	0.012583
58233	57536	2	0.001480
58233	58052	3	0.002221
58233	57927	3	0.002221
58233	57559	2	0.001480
58233	57434	2	0.001480
58233	57308	1	0.000740
58233	57438	1	0.000740
58233	58211	9	0.006662
58233	57325	2	0.001480
58233	57070	5	0.003701
58233	57588	20	0.014804
58233	57080	4	0.002961
58233	57723	1	0.000740
58233	58236	12	0.008882
58234	57574	103	5.421053
58235	58211	6	0.428571
58236	57346	2	0.000487
58236	57347	5	0.001217
58236	57363	7	0.001703
58236	57877	4	0.000973
58236	57881	13	0.003163
58236	57093	2	0.000487
58236	57380	1	0.000243
58236	57383	7	0.001703
58236	57386	9	0.002190
58236	57399	92	0.022384
58236	57927	2	0.000487
58236	57932	4	0.000973
58236	57434	4	0.000973
58236	58046	6	0.001460
58236	57981	8	0.001946
58236	57472	5	0.001217
58236	57479	12	0.002920
58236	57486	4	0.000973
58236	57489	2	0.000487
58236	57492	3	0.000730
58236	57501	1	0.000243
58236	58031	6	0.001460
58236	57887	2	0.000487
58236	57022	986	0.239903
58236	57536	1	0.000243
58236	57032	1	0.000243
58236	58057	2	0.000487
58236	57548	14	0.003406
58236	58062	1	0.000243
58236	57553	20	0.004866
58236	57557	5	0.001217
58236	57047	4	0.000973
58236	57568	7	0.001703
58236	57809	2	0.000487
58236	58090	5	0.001217
58236	57070	2	0.000487
58236	57071	7	0.001703
58236	57588	3	0.000730
58236	57078	1	0.000243
58236	57592	10	0.002433
58236	57599	2	0.000487
58236	57605	11	0.002676
58236	57608	2	0.000487
58236	57611	1	0.000243
58236	58124	64	0.015572
58236	58132	2	0.000487
58236	57625	1	0.000243
58236	58139	8	0.001946
58236	58142	1	0.000243
58236	57133	66051	16.070803
58236	57161	2	0.000487
58236	57162	6	0.001460
58236	58191	7	0.001703
58236	57681	11	0.002676
58236	58196	122	0.029684
58236	57176	8	0.001946
58236	57178	4	0.000973
58236	57698	7	0.001703
58236	58211	36	0.008759
58236	58214	7	0.001703
58236	58215	4111	1.000243
58236	57194	7	0.001703
58236	58221	1	0.000243
58236	57712	1	0.000243
58236	58226	2	0.000487
58236	58233	2	0.000487
58236	57041	4	0.000973
58236	57723	1	0.000243
58236	58242	6	0.001460
58236	57735	7	0.001703
58236	57227	12	0.002920
58236	57837	1	0.000243
58236	57747	2	0.000487
58236	58094	26	0.006326
58236	57751	1	0.000243
58236	57242	47	0.011436
58236	57244	43	0.010462
58236	57754	5	0.001217
58236	57257	6	0.001460
58236	57784	1	0.000243
58236	57273	2	0.000487
58236	57287	2	0.000487
58236	57292	986	0.239903
58236	57808	1	0.000243
58236	57297	22	0.005353
58236	57300	4	0.000973
58236	57312	5	0.001217
58236	57316	1	0.000243
58236	57324	1	0.000243
58236	57325	2	0.000487
58236	57841	4	0.000973
58237	57754	25	2.777778
58241	57754	12	0.255319
58241	57399	3	0.063830
58242	58211	1	0.020000
58242	58215	2	0.040000
58242	58124	5	0.100000
58242	57841	2	0.040000
58242	57347	2	0.040000
58242	58196	1	0.020000
58242	57176	49	0.980000
58242	57242	4	0.080000
58242	58236	6	0.120000
58245	57857	2	0.054054
58245	57244	1	0.027027
58245	57316	1	0.027027
58245	58215	38	1.027027
58246	58211	5	1.000000
58247	58139	10	0.011299
58247	57383	1	0.001130
57014	58211	10	0.005741
57015	58215	4	0.015326
57015	57608	2	0.007663
57015	58057	2	0.007663
57015	57162	2	0.007663
57015	58221	4	0.015326
57015	57714	6	0.022989
57015	57176	4	0.015326
57015	57242	2	0.007663
57015	57854	2	0.007663
57018	57425	2	0.002561
57018	57308	1835	2.349552
57018	57636	1	0.001280
57020	57896	1	0.083333
57020	58217	1	0.083333
57020	57152	1	0.083333
57021	57881	1	0.016949
57021	58211	1	0.016949
57022	57292	12	1.000000
57022	58236	14253	1187.750000
57022	57133	612	51.000000
57022	58215	12	1.000000
57023	57543	1	0.008000
57023	58027	1	0.008000
57023	58092	3	0.024000
57023	57553	1	0.008000
57023	57047	1	0.008000
57023	57274	1	0.008000
57024	57047	1	0.166667
57025	57093	1	0.019608
57025	57479	1	0.019608
57025	57227	1	0.019608
57025	57107	37	0.725490
57025	57877	1	0.019608
57025	57881	4	0.078431
57025	57242	2	0.039216
57025	57244	2	0.039216
57025	57754	1	0.019608
57025	57386	2	0.039216
57025	57133	5	0.098039
57025	57135	1	0.019608
57025	57399	2	0.039216
57025	57162	3	0.058824
57025	57553	2	0.039216
57025	58196	8	0.156863
57025	57434	2	0.039216
57025	57300	10	0.196078
57025	57186	1	0.019608
57025	58214	4	0.078431
57025	58215	2	0.039216
57025	57194	2	0.039216
57025	58094	1	0.019608
57025	57841	1	0.019608
57025	57465	1	0.019608
57025	57082	2	0.039216
57025	58236	263	5.156863
57026	58211	4	0.160000
57027	57176	8	0.103896
57027	57274	1	0.012987
57027	57227	11	0.142857
57027	57932	1	0.012987
57030	57312	1	0.071429
57030	57475	1	0.071429
57030	57351	1	0.071429
57030	58215	1	0.071429
57030	57680	2	0.142857
57030	57491	1	0.071429
57030	57814	2	0.142857
57030	57176	1	0.071429
57030	57434	1	0.071429
57030	57479	3	0.214286
57030	57754	1	0.071429
57031	58211	2	0.285714
57032	57479	15	0.034642
57032	58122	6	0.013857
57032	58124	1	0.002309
57032	57741	7	0.016166
57032	57242	13	0.030023
57032	57244	14	0.032333
57032	57754	40	0.092379
57032	57764	1	0.002309
57032	57383	1	0.002309
57032	57543	6	0.013857
57032	57272	1	0.002309
57032	57411	2	0.004619
57032	57671	3	0.006928
57032	57162	7	0.016166
57032	57041	3	0.006928
57032	58194	6	0.013857
57032	58196	13	0.030023
57032	57557	42	0.096998
57032	57815	2	0.004619
57032	57176	11	0.025404
57032	58206	3	0.006928
57032	58214	4	0.009238
57032	57553	6	0.013857
57032	58215	2	0.004619
57032	57841	2	0.004619
57032	57082	3	0.006928
57032	58236	13	0.030023
57034	57425	9	0.011494
57034	57308	1841	2.351213
57034	57636	1	0.001277
57035	57479	3	0.001344
57035	58000	2	0.000896
57035	57747	9	0.004032
57035	57493	16	0.007168
57035	57881	8	0.003584
57035	57242	4	0.001792
57035	57896	1	0.000448
57035	57902	2	0.000896
57035	57399	7	0.003136
57035	57663	1	0.000448
57035	57176	2	0.000896
57035	57561	1	0.000448
57035	57434	1	0.000448
57035	57316	8	0.003584
57035	58214	30	0.013441
57035	58215	1	0.000448
57035	57194	4	0.001792
57035	57070	3	0.001344
57035	57841	1	0.000448
57035	57209	5	0.002240
57035	58236	3	0.001344
57035	57877	4	0.001792
57036	57959	2	0.066667
57036	58090	5	0.166667
57036	58215	30	1.000000
57036	57812	2	0.066667
57036	58194	2	0.066667
57036	58196	3	0.100000
57036	58132	6	0.200000
57036	57465	2	0.066667
57036	57176	3	0.100000
57036	57881	3	0.100000
57036	58236	6	0.200000
57036	57386	1	0.033333
57037	57312	1	0.002907
57037	58211	1	0.002907
57037	57252	1	0.002907
57037	58215	3	0.008721
57037	57162	1	0.002907
57037	57479	1	0.002907
57037	57486	1	0.002907
57037	57085	6	0.017442
57037	57176	1	0.002907
57037	57240	1	0.002907
57037	57716	2	0.005814
57037	57399	2	0.005814
57037	57881	1	0.002907
57037	57272	5	0.014535
57037	57465	6	0.017442
57037	57754	344	1.000000
57037	58074	1	0.002907
57037	57543	1	0.002907
57039	57881	1	0.037037
57039	58191	3	0.111111
57041	57479	15	0.034325
57041	58122	6	0.013730
57041	58124	1	0.002288
57041	57741	7	0.016018
57041	57754	41	0.093822
57041	57244	14	0.032037
57041	57242	31	0.070938
57041	57764	1	0.002288
57041	57383	1	0.002288
57041	57543	6	0.013730
57041	57272	1	0.002288
57041	57411	2	0.004577
57041	57671	3	0.006865
57041	57032	276	0.631579
57041	57162	7	0.016018
57041	57553	6	0.013730
57041	58194	6	0.013730
57041	58196	13	0.029748
57041	57557	42	0.096110
57041	57815	2	0.004577
57041	57176	11	0.025172
57041	58206	3	0.006865
57041	58214	4	0.009153
57041	58215	2	0.004577
57041	57841	2	0.004577
57041	57082	3	0.006865
57041	58236	13	0.029748
57042	57425	2	0.002541
57042	57308	1853	2.354511
57042	57636	1	0.001271
57045	58016	2	0.003306
57045	57891	1	0.001653
57045	58215	2	0.003306
57045	57162	2	0.003306
57045	58189	2	0.003306
57045	57486	2	0.003306
57045	57306	2	0.003306
57045	57969	2	0.003306
57045	57203	4	0.006612
57045	57754	1077	1.780165
57045	58139	2009	3.320661
57045	57466	2	0.003306
57045	57242	2	0.003306
57046	57297	4	0.020000
57046	57797	6	0.030000
57046	58214	14	0.070000
57046	57479	4	0.020000
57046	57864	2	0.010000
57046	58122	1	0.005000
57046	58215	1	0.005000
57046	57548	2	0.010000
57046	57194	2	0.010000
57046	57325	1	0.005000
57046	57592	2	0.010000
57046	58226	2	0.010000
57046	58196	17	0.085000
57046	57383	1	0.005000
57046	57399	1	0.005000
57046	57176	15	0.075000
57046	57553	1	0.005000
57046	57754	2	0.010000
57046	58236	5	0.025000
57046	57981	2	0.010000
57046	57278	2	0.010000
57047	58214	6	0.004038
57047	58215	2964	1.994616
57047	57194	11	0.007402
57047	57543	1	0.000673
57047	57391	1	0.000673
57047	57553	109	0.073351
57047	58194	678	0.456258
57047	58196	7	0.004711
57047	57176	5	0.003365
57047	57465	8	0.005384
57047	57244	7	0.004711
57047	57226	1	0.000673
57049	57425	2	0.002591
57049	57308	1808	2.341969
57049	57636	1	0.001295
57050	57097	1	0.030303
57050	57667	97	2.939394
57050	57308	37	1.121212
57051	58211	5	0.161290
57051	58236	12	0.387097
57052	58211	107	1.528571
57052	57479	9	0.128571
57052	58124	70	1.000000
57052	57877	1	0.014286
57052	57881	77	1.100000
57052	58236	2	0.028571
57053	58211	3	0.003623
57053	57877	4	0.004831
57054	57568	1	0.001653
57054	57227	4	0.006612
57054	57479	1	0.001653
57054	58214	4	0.006612
57054	58215	3	0.004959
57054	57244	1	0.001653
57054	57802	1	0.001653
57054	57063	1	0.001653
57054	57037	1	0.001653
57054	58196	25	0.041322
57054	58014	1	0.001653
57054	57399	1	0.001653
57054	57047	1	0.001653
57054	57176	3	0.004959
57054	57383	1	0.001653
57054	57754	9	0.014876
57054	58236	3	0.004959
57054	57242	3	0.004959
57054	57278	11	0.018182
57055	57425	2	0.002587
57055	57308	1811	2.342820
57055	57636	1	0.001294
57056	58211	13	0.107438
57056	57319	1	0.008264
57056	57195	1	0.008264
57056	57167	1	0.008264
57056	58236	2	0.016529
57056	57599	1	0.008264
57057	57047	1	0.125000
57058	58211	16	0.075117
57058	58214	1	0.004695
57058	57162	2	0.009390
57058	57242	1	0.004695
57058	58236	2	0.009390
57058	57981	1	0.004695
57059	57754	1074	7.208054
57059	57252	12	0.080537
57059	57599	2786	18.697987
57061	57393	93	0.138393
57061	58211	1	0.001488
57063	58211	32	1.066667
57063	58124	1	0.033333
57063	57054	1	0.033333
57064	58226	1	0.013889
57065	57346	1	0.000352
57065	57222	1	0.000352
57065	57608	1	0.000352
57065	57486	1	0.000352
57065	57489	1	0.000352
57065	57747	3	0.001055
57065	57492	1	0.000352
57065	58133	4	0.001406
57065	58006	3	0.001055
57065	57239	2	0.000703
57065	57242	1	0.000352
57065	57244	1	0.000352
57065	57501	1	0.000352
57065	57252	1	0.000352
57065	57094	1	0.000352
57065	57896	1	0.000352
57065	57500	3	0.001055
57065	57081	1	0.000352
57065	57525	1	0.000352
57065	57399	61	0.021449
57065	57788	1	0.000352
57065	57536	1	0.000352
57065	57665	1	0.000352
57065	57419	1	0.000352
57065	57927	4	0.001406
57065	58057	1	0.000352
57065	57035	4	0.001406
57065	58062	1	0.000352
57065	58233	1	0.000352
57065	57553	1	0.000352
57065	57938	3	0.001055
57065	58196	2	0.000703
57065	57685	1	0.000352
57065	57559	1	0.000352
57065	57176	1	0.000352
57065	57178	1	0.000352
57065	57308	439	0.154360
57065	57949	2	0.000703
57065	57438	1	0.000352
57065	57568	1	0.000352
57065	58211	210	0.073840
57065	57425	3	0.001055
57065	58216	1	0.000352
57065	57532	1	0.000352
57065	57703	1	0.000352
57065	57837	1	0.000352
57065	57070	2	0.000703
57065	57587	1	0.000352
57065	57588	1	0.000352
57065	57080	1	0.000352
57065	57849	1	0.000352
57065	57723	4	0.001406
57065	58236	3	0.001055
57065	57854	1	0.000352
57065	57877	4	0.001406
57066	57680	6	1.000000
57067	57383	1	0.037037
57067	58215	2	0.074074
57067	57489	3	0.111111
57067	58226	10	0.370370
57067	57754	1	0.037037
57067	57244	1	0.037037
57067	57469	1	0.037037
57070	57874	11	0.004297
57070	57877	1	0.000391
57070	57881	6	0.002344
57070	57380	1	0.000391
57070	57606	1	0.000391
57070	57383	11	0.004297
57070	57389	11	0.004297
57070	57391	1	0.000391
57070	57399	359	0.140234
57070	58065	1	0.000391
57070	57406	2	0.000781
57070	57927	1	0.000391
57070	57419	1	0.000391
57070	57420	2	0.000781
57070	57425	1	0.000391
57070	57938	4	0.001563
57070	57434	6	0.002344
57070	58214	57	0.022266
57070	57961	1	0.000391
57070	57703	1	0.000391
57070	57469	1	0.000391
57070	57479	2	0.000781
57070	57486	5	0.001953
57070	58000	1	0.000391
57070	57489	2	0.000781
57070	57492	2	0.000781
57070	58006	1	0.000391
57070	57714	11	0.004297
57070	58033	6	0.002344
57070	58039	5	0.001953
57070	57530	2	0.000781
57070	58057	2	0.000781
57070	57553	7	0.002734
57070	57047	2	0.000781
57070	58073	2	0.000781
57070	57568	2	0.000781
57070	57809	1	0.000391
57070	58090	3	0.001172
57070	57588	1	0.000391
57070	57078	1	0.000391
57070	57094	2	0.000781
57070	57608	1	0.000391
57070	57559	6	0.002344
57070	58124	2	0.000781
57070	57218	1	0.000391
57070	58132	2	0.000781
57070	57636	1	0.000391
57070	57135	36	0.014063
57070	58170	3	0.001172
57070	57161	1	0.000391
57070	57162	9	0.003516
57070	58196	6	0.002344
57070	57176	125	0.048828
57070	58211	5	0.001953
57070	57189	1	0.000391
57070	57190	1	0.000391
57070	58215	5	0.001953
57070	57194	2	0.000781
57070	58221	3	0.001172
57070	57200	3	0.001172
57070	58226	3	0.001172
57070	58233	1	0.000391
57070	57723	1	0.000391
57070	58236	10	0.003906
57070	58242	1	0.000391
57070	57227	1	0.000391
57070	57747	19	0.007422
57070	57239	1	0.000391
57070	57754	17	0.006641
57070	57244	13	0.005078
57070	57242	3	0.001172
57070	57764	2	0.000781
57070	57767	1	0.000391
57070	57274	1	0.000391
57070	57287	1	0.000391
57070	57800	5	0.001953
57070	57293	38	0.014844
57070	57808	4	0.001563
57070	57297	2	0.000781
57070	57818	3	0.001172
57070	57308	8	0.003125
57070	57312	3	0.001172
57070	57316	5	0.001953
57070	57322	1	0.000391
57070	57835	1	0.000391
57070	57325	6	0.002344
57070	57327	1	0.000391
57070	57841	16	0.006250
57070	57846	1	0.000391
57070	57854	1	0.000391
57071	57754	7	0.076923
57071	58211	6	0.065934
57071	58236	46	0.505495
57071	57194	2	0.021978
57072	57841	1	0.037037
57072	57553	1	0.037037
57072	57543	1	0.037037
57072	57597	26	0.962963
57072	58191	78	2.888889
57073	58211	79	1.490566
57073	57479	1	0.018868
57073	57194	1	0.018868
57073	57767	1	0.018868
57073	57389	4	0.075472
57073	57411	1	0.018868
57073	57877	2	0.037736
57073	57592	1	0.018868
57074	58211	410	2.426036
57074	57380	1	0.005917
57074	57479	2	0.011834
57074	58124	3	0.017751
57074	58215	1	0.005917
57074	57244	1	0.005917
57074	57162	2	0.011834
57074	57831	14	0.082840
57074	58092	9	0.053254
57074	57389	2	0.011834
57074	57553	4	0.023669
57074	57411	2	0.011834
57074	57877	1	0.005917
57074	57719	1	0.005917
57074	57881	1	0.005917
57074	57274	6	0.035503
57074	58236	3	0.017751
57074	57242	3	0.017751
57074	57315	2	0.011834
57076	57240	1	0.045455
57076	58033	1	0.045455
57076	57342	1	0.045455
57077	58211	3	0.001271
57077	57271	5	0.002118
57078	57347	2	0.001833
57078	57479	1	0.000917
57078	57226	1	0.000917
57078	57227	3	0.002750
57078	57325	4	0.003666
57078	57489	7	0.006416
57078	57491	1	0.000917
57078	58132	2	0.001833
57078	57553	6	0.005500
57078	57754	7	0.006416
57078	57244	5	0.004583
57078	57242	8	0.007333
57078	57630	1	0.000917
57078	57767	7	0.006416
57078	57389	1	0.000917
57078	57383	1	0.000917
57078	57015	1	0.000917
57078	57145	1	0.000917
57078	57274	1	0.000917
57078	57531	1	0.000917
57078	57162	3	0.002750
57078	57671	1	0.000917
57078	57161	4	0.003666
57078	57802	1	0.000917
57078	57399	1	0.000917
57078	57809	1	0.000917
57078	58196	19	0.017415
57078	57047	2	0.001833
57078	57176	11	0.010082
57078	57434	6	0.005500
57078	57308	1	0.000917
57078	57312	3	0.002750
57078	58211	3	0.002750
57078	57316	1	0.000917
57078	58214	4	0.003666
57078	58215	6	0.005500
57078	57706	1	0.000917
57078	57451	1	0.000917
57078	58221	4	0.003666
57078	57712	1	0.000917
57078	57841	2	0.001833
57078	58226	36	0.032997
57078	58236	2	0.001833
57078	57469	4	0.003666
57079	57960	2	0.400000
57079	57418	2	0.400000
57079	58211	4	0.800000
57080	58241	22	0.010913
57080	58245	2	0.000992
57080	57094	1	0.000496
57080	57479	5	0.002480
57080	57047	1	0.000496
57080	57486	3	0.001488
57080	57491	3	0.001488
57080	57434	2	0.000992
57080	57877	2	0.000992
57080	57239	1	0.000496
57080	57881	1	0.000496
57080	57242	5	0.002480
57080	57244	10	0.004960
57080	57501	1	0.000496
57080	57247	1	0.000496
57080	57507	2	0.000992
57080	57380	3	0.001488
57080	57383	4	0.001984
57080	57896	3	0.001488
57080	57081	11	0.005456
57080	57389	84	0.041667
57080	57525	1	0.000496
57080	57272	1	0.000496
57080	57788	1	0.000496
57080	57671	2	0.000992
57080	57289	6	0.002976
57080	57162	4	0.001984
57080	57548	50	0.024802
57080	58196	1	0.000496
57080	57465	4	0.001984
57080	57176	4	0.001984
57080	57178	4	0.001984
57080	58078	1	0.000496
57080	57312	10	0.004960
57080	57316	4	0.001984
57080	58214	4	0.001984
57080	58215	7	0.003472
57080	57724	74	0.036706
57080	57194	80	0.039683
57080	57325	1	0.000496
57080	57747	9	0.004464
57080	57716	2	0.000992
57080	57848	1	0.000496
57080	57209	22	0.010913
57080	58236	5	0.002480
57080	58133	2	0.000992
57081	58211	6	0.034483
57081	58215	174	1.000000
57081	57162	1	0.005747
57081	57389	1	0.005747
57081	57486	1	0.005747
57081	57712	1	0.005747
57081	57493	1	0.005747
57081	57176	1	0.005747
57081	57465	1	0.005747
57081	58236	1	0.005747
57081	57194	12	0.068966
57082	58211	1	0.005525
57082	58215	1	0.005525
57082	57162	2	0.011050
57082	57420	1	0.005525
57082	57874	1	0.005525
57082	57877	1	0.005525
57082	57242	1	0.005525
57085	57881	1	0.111111
57086	57622	1	1.000000
57087	57274	15	0.040650
57087	58211	3	0.008130
57088	57754	4	0.142857
57089	57479	15	0.937500
57090	58214	1	0.028571
57090	57671	1	0.028571
57090	57735	4	0.114286
57090	57750	2	0.057143
57090	57047	1	0.028571
57090	57754	3	0.085714
57091	57093	1	0.000723
57091	57479	3	0.002169
57091	57227	2	0.001446
57091	57747	6	0.004338
57091	57877	1	0.000723
57091	57561	2364	1.709328
57091	57881	4	0.002892
57091	57242	3	0.002169
57091	57244	8	0.005785
57091	57754	23	0.016631
57091	57887	1	0.000723
57091	57383	12	0.008677
57091	57386	2	0.001446
57091	58157	1	0.000723
57091	57399	2438	1.762834
57091	57161	8	0.005785
57091	57162	2	0.001446
57091	57035	1	0.000723
57091	57553	2714	1.962401
57091	58196	12	0.008677
57091	57047	2	0.001446
57091	57176	4	0.002892
57091	57945	1	0.000723
57091	57434	2	0.001446
57091	57312	3	0.002169
57091	57186	1	0.000723
57091	58211	6	0.004338
57091	58214	23	0.016631
57091	58215	1166	0.843095
57091	57194	2	0.001446
57091	57070	2	0.001446
57091	57841	2	0.001446
57091	57465	1	0.000723
57091	57082	2	0.001446
57091	58236	6	0.004338
57093	57479	4	0.001467
57093	57486	143	0.052439
57093	57747	2	0.000733
57093	58132	1	0.000367
57093	58133	4	0.001467
57093	57881	4	0.001467
57093	57754	4	0.001467
57093	57380	111	0.040704
57093	57386	3	0.001100
57093	57915	1	0.000367
57093	57788	3	0.001100
57093	57548	2	0.000733
57093	57553	14	0.005134
57093	58194	7	0.002567
57093	58196	30	0.011001
57093	57047	3	0.001100
57093	57568	545	0.199853
57093	57058	1	0.000367
57093	57194	53	0.019435
57093	57835	2	0.000733
57093	58226	1	0.000367
57093	57592	1	0.000367
57093	58236	2	0.000733
57094	57476	1	0.001027
57094	58245	8	0.008214
57094	57479	1	0.001027
57094	57611	1	0.001027
57094	58124	1	0.001027
57094	57434	1	0.001027
57094	58133	2	0.002053
57094	58006	1	0.001027
57094	57239	2	0.002053
57094	57242	2	0.002053
57094	57501	3	0.003080
57094	57896	10	0.010267
57094	57386	1	0.001027
57094	57389	6	0.006160
57094	57665	1	0.001027
57094	57410	1	0.001027
57094	57927	1	0.001027
57094	57558	2	0.002053
57094	57176	4	0.004107
57094	57178	1	0.001027
57094	58211	3	0.003080
57094	58214	1	0.001027
57094	58092	2	0.002053
57094	57587	1	0.001027
57094	57877	9	0.009240
57094	58233	1	0.001027
57094	57723	1	0.001027
57094	57215	1	0.001027
57095	57555	1641	10.006098
57096	57257	7	2.333333
57097	57667	124	3.757576
57100	57721	1	0.008197
57100	58211	2	0.016393
57100	57389	1	0.008197
57100	57719	1	0.008197
57101	58215	8	0.024691
57101	57308	4	0.012346
57101	57194	4	0.012346
57101	57399	45	0.138889
57101	58157	1	0.003086
57101	58196	3	0.009259
57101	57047	2	0.006173
57101	57176	44	0.135802
57101	57754	2	0.006173
57101	57244	2	0.006173
57101	57341	25	0.077160
57103	57195	1	0.003436
57103	57383	3	0.010309
57103	57319	4	0.013746
57103	57804	11	0.037801
57103	57266	3	0.010309
57103	58215	1	0.003436
57103	57176	1	0.003436
57103	57599	11	0.037801
57106	57176	2	0.026316
57106	57161	2	0.026316
57106	58217	1	0.013158
57106	57789	78	1.026316
57106	58215	1	0.013158
57107	58214	3	0.010714
57107	57414	1	0.003571
57107	58023	1	0.003571
57107	57162	1	0.003571
57107	58130	1	0.003571
57107	58196	6	0.021429
57107	57300	2	0.007143
57109	57345	8	0.085106
57109	57297	19	0.202128
57109	57093	2	0.021277
57109	57479	44	0.468085
57109	57227	6	0.063830
57109	58124	4	0.042553
57109	57874	18	0.191489
57109	58132	5	0.053191
57109	57621	4	0.042553
57109	57881	7	0.074468
57109	57242	16	0.170213
57109	57244	134	1.425532
57109	57501	8	0.085106
57109	57383	7	0.074468
57109	57386	2	0.021277
57109	57543	2	0.021277
57109	57389	8	0.085106
57109	57272	8	0.085106
57109	57568	4	0.042553
57109	58052	8	0.085106
57109	57286	8	0.085106
57109	57671	4	0.042553
57109	57162	12	0.127660
57109	57420	9	0.095745
57109	57553	16	0.170213
57109	58196	35	0.372340
57109	57047	9	0.095745
57109	57176	9	0.095745
57109	57434	66	0.702128
57109	57312	8	0.085106
57109	57316	10	0.106383
57109	58214	19	0.202128
57109	58215	196	2.085106
57109	57194	12	0.127660
57109	57325	16	0.170213
57109	57070	12	0.127660
57109	57841	8	0.085106
57109	57714	18	0.191489
57109	57076	2	0.021277
57109	57465	4	0.042553
57109	57082	10	0.106383
57109	58236	39	0.414894
57109	58090	4	0.042553
57109	57877	2	0.021277
57110	57411	1	0.047619
57110	57479	4	0.190476
57110	57162	92	4.380952
57110	58215	21	1.000000
57110	57881	4	0.190476
57110	57209	12	0.571429
57110	57754	1	0.047619
57112	57881	1	0.022222
57112	58215	45	1.000000
57112	58214	2	0.044444
57112	57479	45	1.000000
57116	57568	1	0.002725
57116	57989	1	0.002725
57116	58236	3	0.008174
57116	57383	5	0.013624
57116	57308	8	0.021798
57116	57227	1	0.002725
57116	57841	1	0.002725
57116	57490	2	0.005450
57116	58196	12	0.032698
57116	57399	24	0.065395
57116	57176	1	0.002725
57116	58073	1	0.002725
57116	57244	1	0.002725
57117	58214	3	0.032967
57117	58215	1	0.010989
57117	57161	5	0.054945
57117	57735	1	0.010989
57117	58196	6	0.065934
57117	58037	4	0.043956
57117	57176	1	0.010989
57117	57754	2	0.021978
57117	58236	43	0.472527
57117	57694	1	0.010989
57118	58236	1	0.013158
57118	57290	79	1.039474
57118	57556	2956	38.894737
57118	57567	76	1.000000
57119	57176	1	0.043478
57119	58211	5	0.217391
57120	57536	1	0.125000
57120	57218	1	0.125000
57120	57444	1	0.125000
57120	58215	1	0.125000
57120	58216	1	0.125000
57120	57159	1	0.125000
57120	57423	1	0.125000
57120	57948	1	0.125000
57120	57981	4	0.500000
57122	57312	2	0.029851
57122	57985	1	0.014925
57122	57154	2	0.029851
57122	58215	1	0.014925
57122	57176	2	0.029851
57122	57683	1	0.014925
57122	58005	2	0.029851
57122	57046	1	0.014925
57122	57592	6	0.089552
57122	57658	1	0.014925
57122	57073	1	0.014925
57123	58211	64	0.240602
57123	57380	1	0.003759
57123	58215	2	0.007519
57123	57162	2	0.007519
57123	57067	1	0.003759
57123	57227	5	0.018797
57123	58221	2	0.007519
57123	57242	4	0.015038
57123	57135	1	0.003759
57123	58226	11	0.041353
57123	57476	1	0.003759
57123	57389	1	0.003759
57123	57469	5	0.018797
57124	58215	10	0.476190
57125	58211	6	1.500000
57125	57500	1	0.250000
57126	57472	1	0.006211
57126	57605	1	0.006211
57126	57735	1	0.006211
57126	57353	1	0.006211
57126	57486	28	0.173913
57126	57453	1	0.006211
57126	57616	1	0.006211
57126	57363	1	0.006211
57126	57876	2	0.012422
57126	57881	5	0.031056
57126	58139	1	0.006211
57126	57500	5	0.031056
57126	57757	1	0.006211
57126	57247	7	0.043478
57126	57380	1	0.006211
57126	57257	1	0.006211
57126	58247	1	0.006211
57126	57117	1	0.006211
57126	58160	1	0.006211
57126	57137	1	0.006211
57126	57399	1	0.006211
57126	57273	3	0.018634
57126	58046	1	0.006211
57126	57671	1	0.006211
57126	57032	1	0.006211
57126	57548	1	0.006211
57126	58031	1	0.006211
57126	57932	1	0.006211
57126	58191	1	0.006211
57126	57681	1	0.006211
57126	57684	1	0.006211
57126	58069	4	0.024845
57126	57046	1	0.006211
57126	57434	1	0.006211
57126	57694	1	0.006211
57126	57698	2	0.012422
57126	57960	1	0.006211
57126	57194	1	0.006211
57126	58093	1	0.006211
57126	57071	5	0.031056
57126	58226	1	0.006211
57126	57747	1	0.006211
57126	57278	1	0.006211
57126	57592	1	0.006211
57126	57300	1	0.006211
57126	57981	1	0.006211
57126	57599	1	0.006211
57127	57274	2	0.095238
57127	58092	2	0.095238
57127	57906	1	0.047619
57128	57345	2	0.001826
57128	57479	2	0.001826
57128	57353	4	0.003653
57128	57486	2	0.001826
57128	57616	34	0.031050
57128	57619	6	0.005479
57128	58132	1	0.000913
57128	57623	3	0.002740
57128	57624	20	0.018265
57128	57754	8	0.007306
57128	57244	6	0.005479
57128	57135	4	0.003653
57128	58033	2	0.001826
57128	57162	2	0.001826
57128	58196	46	0.042009
57128	57176	5	0.004566
57128	58214	1	0.000913
57128	57841	5	0.004566
57128	57714	2	0.001826
57128	58100	16	0.014612
57128	57334	1	0.000913
57128	58236	14	0.012785
57130	58211	1	0.012500
57130	57555	1061	13.262500
57133	57346	1	0.001020
57133	57347	5	0.005102
57133	57479	8	0.008163
57133	58124	1	0.001020
57133	58242	6	0.006122
57133	57492	1	0.001020
57133	57881	1	0.001020
57133	57242	14	0.014286
57133	57244	22	0.022449
57133	57178	1	0.001020
57133	57754	3	0.003061
57133	57386	1	0.001020
57133	57022	977	0.996939
57133	57162	2	0.002041
57133	57292	977	0.996939
57133	58196	3	0.003061
57133	57434	4	0.004082
57133	58214	1	0.001020
57133	58215	980	1.000000
57133	57194	1	0.001020
57133	57325	2	0.002041
57133	58236	1161577	1185.282653
57133	58090	1	0.001020
57134	58211	2	0.095238
57135	57915	2	0.010753
57135	57226	1	0.005376
57135	57486	1	0.005376
57135	57369	1	0.005376
57135	57499	1	0.005376
57135	57128	1	0.005376
57135	57181	1	0.005376
57135	58037	1	0.005376
57135	58038	1	0.005376
57135	57399	1	0.005376
57135	57530	1	0.005376
57135	57531	1	0.005376
57135	57920	1	0.005376
57135	57193	1	0.005376
57135	57938	1	0.005376
57135	57940	1	0.005376
57135	57814	1	0.005376
57135	57047	2	0.010753
57135	58073	1	0.005376
57135	58170	1	0.005376
57135	58211	4	0.021505
57135	57961	1	0.005376
57135	57322	1	0.005376
57135	57451	1	0.005376
57135	58221	2	0.010753
57135	57070	1	0.005376
57135	57200	1	0.005376
57135	57841	2	0.010753
57135	58226	1	0.005376
57135	58217	1	0.005376
57135	57724	1	0.005376
57135	57706	1	0.005376
57136	58211	19	0.017304
57136	57479	1	0.000911
57136	57244	1	0.000911
57136	57548	2	0.001821
57136	57491	1	0.000911
57136	57877	1	0.000911
57136	57242	1	0.000911
57136	58236	1	0.000911
57136	57525	1	0.000911
57138	58242	1	0.002294
57138	57093	1	0.002294
57138	57479	2	0.004587
57138	57353	1	0.002294
57138	57227	1	0.002294
57138	57616	1	0.002294
57138	57877	1	0.002294
57138	57366	1	0.002294
57138	57881	5	0.011468
57138	57242	1	0.002294
57138	57244	25	0.057339
57138	57754	2	0.004587
57138	57386	2	0.004587
57138	57543	1	0.002294
57138	57273	1	0.002294
57138	58046	1	0.002294
57138	57671	9	0.020642
57138	57032	1	0.002294
57138	57162	2	0.004587
57138	57553	1	0.002294
57138	58196	6	0.013761
57138	57557	1	0.002294
57138	57815	1	0.002294
57138	57176	1	0.002294
57138	57434	2	0.004587
57138	58206	1	0.002294
57138	57312	1	0.002294
57138	57186	1	0.002294
57138	58211	1	0.002294
57138	58214	5	0.011468
57138	58215	12	0.027523
57138	57194	2	0.004587
57138	57071	1	0.002294
57138	57841	1	0.002294
57138	57465	1	0.002294
57138	57082	2	0.004587
57138	58236	9	0.020642
57139	58211	4	0.018265
57139	57741	2	0.009132
57140	57344	2	0.003058
57140	58211	674	1.030581
57140	57574	700	1.070336
57140	58214	1	0.001529
57140	57608	1	0.001529
57140	57244	2	0.003058
57140	57094	1	0.001529
57140	57489	1	0.001529
57140	57500	2	0.003058
57140	57492	6	0.009174
57140	57877	2	0.003058
57140	57222	1	0.001529
57140	58057	1	0.001529
57140	57498	1	0.001529
57140	57915	1	0.001529
57140	58236	1	0.001529
57140	57854	1	0.001529
57141	57176	3	0.053571
57141	58196	3	0.053571
57141	57274	1	0.017857
57141	57932	1	0.017857
57141	58215	1	0.017857
57142	57837	1	0.020408
57142	57479	2	0.040816
57144	57344	4	0.001149
57144	57479	4	0.001149
57144	57608	1	0.000287
57144	57747	2	0.000575
57144	57492	8	0.002298
57144	57877	4	0.001149
57144	57879	1	0.000287
57144	57881	7	0.002011
57144	57242	2	0.000575
57144	57244	1	0.000287
57144	57762	3	0.000862
57144	57896	7	0.002011
57144	57389	1	0.000287
57144	57776	3	0.000862
57144	57399	1	0.000287
57144	57915	2	0.000575
57144	57162	20	0.005745
57144	57527	1249	0.358805
57144	57558	1	0.000287
57144	58211	44	0.012640
57144	58214	1	0.000287
57144	57070	2	0.000575
57144	57841	2	0.000575
57144	57714	3	0.000862
57144	58236	86	0.024706
57145	57568	1	0.006623
57145	57553	1	0.006623
57145	57451	2	0.013245
57145	57070	5	0.033113
57145	57841	6	0.039735
57145	58226	4	0.026490
57145	58215	1	0.006623
57145	58196	6	0.039735
57145	57078	3	0.019868
57145	57399	3	0.019868
57145	57754	2	0.013245
57145	57244	1	0.006623
57145	57469	1	0.006623
57146	57227	2	0.018349
57146	57479	2	0.018349
57146	57322	1	0.009174
57146	58215	2	0.018349
57146	57902	6	0.055046
57146	57425	2	0.018349
57146	58196	2	0.018349
57146	57399	21	0.192661
57146	57176	8	0.073394
57146	57081	1	0.009174
57146	57308	2	0.018349
57147	58211	45	1.250000
57147	58236	2	0.055556
57147	57389	1	0.027778
57148	57434	44	2.000000
57148	57479	22	1.000000
57148	57316	4	0.181818
57148	58215	22	1.000000
57149	57425	2	0.002581
57149	57308	1817	2.344516
57149	57636	1	0.001290
57150	57227	1	0.009346
57150	57297	1	0.009346
57150	57161	2	0.018692
57150	58090	2	0.018692
57150	58215	170	1.588785
57150	57162	5	0.046729
57150	57553	1	0.009346
57150	57458	1	0.009346
57150	58196	8	0.074766
57150	57176	2	0.018692
57150	57881	2	0.018692
57150	57754	2	0.018692
57150	58236	1	0.009346
57150	57981	1	0.009346
57151	58008	1	1.000000
57152	58132	3	0.142857
57152	57106	21	1.000000
57152	57020	25	1.190476
57153	57170	216	1.000000
57153	58211	216	1.000000
57154	57347	6	0.006586
57154	57122	63	0.069155
57154	58215	1	0.001098
57154	57126	2	0.002195
57154	57671	3	0.003293
57154	57660	1	0.001098
57154	58090	41	0.045005
57154	57383	1	0.001098
57154	57683	1	0.001098
57154	58196	1	0.001098
57154	58005	1	0.001098
57154	57592	10	0.010977
57154	57881	1	0.001098
57154	57434	1	0.001098
57154	58211	1	0.001098
57154	57479	1	0.001098
57154	57162	3	0.003293
57156	57568	2	0.090909
57156	57553	3	0.136364
57156	58194	8	0.363636
57156	57927	1	0.045455
57159	58214	5	0.002644
57159	57671	6	0.003173
57159	58236	8	0.004231
57159	57423	5	0.002644
57159	57841	10	0.005288
57159	58132	5	0.002644
57159	57081	1	0.000529
57159	58076	8	0.004231
57159	57981	23	0.012163
57161	57094	1	0.001052
57161	57927	936	0.984227
57161	57800	1	0.001052
57161	58236	3	0.003155
57161	57070	5	0.005258
57161	57896	1	0.001052
57161	57747	1	0.001052
57161	58196	4	0.004206
57161	57239	1	0.001052
57161	57080	1	0.001052
57161	57881	5	0.005258
57161	57244	7	0.007361
57162	57345	7	0.002175
57162	57297	2	0.000621
57162	57479	43	0.013358
57162	57227	2	0.000621
57162	57740	2	0.000621
57162	57486	54	0.016775
57162	57272	12	0.003728
57162	57621	1	0.000311
57162	57240	1	0.000311
57162	57881	11	0.003417
57162	57754	42	0.013048
57162	57244	45	0.013979
57162	57242	12	0.003728
57162	57247	1	0.000311
57162	57383	5	0.001553
57162	57389	2	0.000621
57162	58033	6	0.001864
57162	57175	1	0.000311
57162	57399	3	0.000932
57162	57784	1	0.000311
57162	57150	1	0.000311
57162	57411	1	0.000311
57162	57420	1	0.000311
57162	57548	1	0.000311
57162	57809	2	0.000621
57162	58196	45	0.013979
57162	57081	6	0.001864
57162	57176	1	0.000311
57162	57434	3	0.000932
57162	57312	30	0.009320
57162	58211	2	0.000621
57162	57316	10	0.003107
57162	57458	4	0.001243
57162	58214	15	0.004660
57162	58215	3237	1.005592
57162	58090	2	0.000621
57162	58092	1	0.000311
57162	57325	12	0.003728
57162	57070	5	0.001553
57162	57841	3	0.000932
57162	57714	72	0.022367
57162	57747	1	0.000311
57162	57209	268	0.083256
57162	58236	25	0.007766
57164	57425	9	0.011538
57164	57308	1832	2.348718
57164	57636	1	0.001282
57165	57308	2	0.006154
57165	57189	1	0.003077
57165	57070	1	0.003077
57166	57176	1	0.090909
57166	58211	1	0.090909
57167	57602	2	0.001288
57167	57479	9	0.005795
57167	57611	1	0.000644
57167	58124	4	0.002576
57167	57346	4	0.002576
57167	57242	4	0.002576
57167	57244	2	0.001288
57167	57501	1	0.000644
57167	57502	1	0.000644
57167	57767	1	0.000644
57167	58152	1	0.000644
57167	57898	1	0.000644
57167	58087	1	0.000644
57167	57266	2	0.001288
57167	58215	1	0.000644
57167	57787	1	0.000644
57167	57532	1	0.000644
57167	58181	1	0.000644
57167	58056	1	0.000644
57167	57291	1	0.000644
57167	57804	1	0.000644
57167	58069	1	0.000644
57167	57434	1	0.000644
57167	57052	1	0.000644
57167	57565	1	0.000644
57167	57312	1	0.000644
57167	58211	1	0.000644
57167	57319	3	0.001932
57167	58090	1	0.000644
57167	57195	2	0.001288
57167	57198	1	0.000644
57167	57712	1	0.000644
57167	57599	8	0.005151
57168	57608	1	0.003333
57168	57489	1	0.003333
57168	57747	3	0.010000
57168	58133	2	0.006667
57168	57501	2	0.006667
57168	57887	1	0.003333
57168	57896	2	0.006667
57168	57927	1	0.003333
57168	57800	1	0.003333
57168	58057	1	0.003333
57168	57419	1	0.003333
57168	57555	403	1.343333
57168	57559	1	0.003333
57168	57308	1	0.003333
57168	57438	1	0.003333
57168	58211	2	0.006667
57168	57703	1	0.003333
57168	58216	1	0.003333
57168	57587	2	0.006667
57168	57588	1	0.003333
57168	57080	1	0.003333
57168	57854	1	0.003333
57169	57344	1	0.000816
57169	58113	410	0.334694
57169	58211	122	0.099592
57169	58214	7	0.005714
57169	57222	2	0.001633
57169	57281	10	0.008163
57169	57896	1	0.000816
57169	58057	1	0.000816
57169	57927	1	0.000816
57169	57747	1	0.000816
57169	58031	6	0.004898
57169	57608	1	0.000816
57169	57987	30	0.024490
57169	57190	1	0.000816
57169	57719	2	0.001633
57169	57080	1	0.000816
57169	57242	1	0.000816
57169	57244	1	0.000816
57169	57501	1	0.000816
57170	57153	1	0.071429
57171	58211	1	0.029412
57171	58170	2	0.058824
57171	57555	228	6.705882
57171	57308	1	0.029412
57171	57469	1	0.029412
57174	57308	2	0.006667
57174	57189	1	0.003333
57175	58215	104	1.000000
57175	57896	1	0.009615
57175	57162	1	0.009615
57175	57479	414	3.980769
57175	57747	1	0.009615
57175	57492	1	0.009615
57175	57080	1	0.009615
57175	57881	2	0.019231
57176	57345	3	0.000729
57176	57864	3	0.000729
57176	57874	33	0.008021
57176	57363	6	0.001458
57176	57876	109	0.026495
57176	57366	2	0.000486
57176	57881	30	0.007292
57176	57093	2	0.000486
57176	57896	6	0.001458
57176	57386	6	0.001458
57176	57389	1	0.000243
57176	57399	18	0.004375
57176	57920	1	0.000243
57176	57927	1	0.000243
57176	57186	2	0.000486
57176	57423	2	0.000486
57176	57938	2	0.000486
57176	57940	1	0.000243
57176	57434	6	0.001458
57176	57959	15	0.003646
57176	57961	1	0.000243
57176	57458	7	0.001702
57176	57465	20	0.004861
57176	57981	4	0.000972
57176	58209	1	0.000243
57176	57475	1	0.000243
57176	57479	8	0.001945
57176	58000	6	0.001458
57176	58007	1	0.000243
57176	58008	1	0.000243
57176	57501	6	0.001458
57176	57714	2	0.000486
57176	58031	1	0.000243
57176	58038	1	0.000243
57176	57530	5	0.001215
57176	57531	2	0.000486
57176	58046	2	0.000486
57176	57543	1	0.000243
57176	57548	2	0.000486
57176	57037	1	0.000243
57176	57553	8	0.001945
57176	57557	4	0.000972
57176	57047	9	0.002188
57176	58073	1	0.000243
57176	57568	5	0.001215
57176	58084	2	0.000486
57176	57809	12	0.002917
57176	58236	3	0.000729
57176	58090	4	0.000972
57176	57070	34	0.008264
57176	57588	2	0.000486
57176	57081	2	0.000486
57176	57599	1	0.000243
57176	57605	1	0.000243
57176	58122	5	0.001215
57176	58132	8	0.001945
57176	58133	1	0.000243
57176	58136	4	0.000972
57176	58139	2	0.000486
57176	57124	2	0.000486
57176	57642	1	0.000243
57176	58247	2	0.000486
57176	57138	2	0.000486
57176	58170	1	0.000243
57176	57661	2	0.000486
57176	57227	2	0.000486
57176	58180	2	0.000486
57176	57161	1	0.000243
57176	57162	1	0.000243
57176	57681	9	0.002188
57176	58194	4	0.000972
57176	58196	61	0.014827
57176	57694	1	0.000243
57176	57697	1	0.000243
57176	57698	10	0.002431
57176	58211	3	0.000729
57176	57188	7	0.001702
57176	58214	80	0.019446
57176	58215	14	0.003403
57176	57194	44	0.010695
57176	57195	1	0.000243
57176	58226	9	0.002188
57176	57716	3	0.000729
57176	57209	2	0.000486
57176	57041	1	0.000243
57176	57724	3	0.000729
57176	57621	1	0.000243
57176	57735	3	0.000729
57176	57495	3	0.000729
57176	57747	3	0.000729
57176	57240	8	0.001945
57176	57754	1	0.000243
57176	57244	40	0.009723
57176	57257	2	0.000486
57176	57278	1	0.000243
57176	57793	1	0.000243
57176	57291	1	0.000243
57176	57804	6	0.001458
57176	57297	4	0.000972
57176	57812	7	0.001702
57176	57815	2	0.000486
57176	57300	2	0.000486
57176	57316	5	0.001215
57176	57319	1	0.000243
57176	57322	2	0.000486
57176	57841	39	0.009480
57176	57846	2	0.000486
57178	57835	1	0.002203
57178	58214	24	0.052863
57178	57587	2	0.004405
57178	57896	6	0.013216
57178	57788	1	0.002203
57178	57035	1	0.002203
57178	57548	1	0.002203
57178	58215	1	0.002203
57178	57800	1	0.002203
57178	57491	2	0.004405
57178	57877	4	0.008811
57178	57080	1	0.002203
57178	57724	3	0.006608
57178	57242	3	0.006608
57178	57500	1	0.002203
57178	57501	6	0.013216
57179	58144	56	0.589474
57179	57057	1	0.010526
57179	57014	1	0.010526
57179	57297	1	0.010526
57179	57736	1	0.010526
57179	58232	1	0.010526
57179	57162	1	0.010526
57179	58215	6	0.063158
57179	57326	2	0.021053
57179	57553	2	0.021053
57179	57793	1	0.010526
57179	57191	1	0.010526
57179	57526	2	0.021053
57179	58007	1	0.010526
57179	57752	1	0.010526
57179	57754	4	0.042105
57181	57380	1	0.012346
57181	58214	3	0.037037
57181	57244	1	0.012346
57181	57227	2	0.024691
57181	57047	1	0.012346
57181	57553	1	0.012346
57181	58196	4	0.049383
57181	57399	29	0.358025
57181	57176	6	0.074074
57181	57434	1	0.012346
57181	57723	1	0.012346
57181	57308	7	0.086420
57181	57438	1	0.012346
57182	57754	28	3.500000
57184	57308	2	0.006667
57184	57189	1	0.003333
57185	58049	140	0.095956
57185	57671	5	0.003427
57185	57606	5	0.003427
57185	58214	5	0.003427
57185	57383	5	0.003427
57185	57932	20	0.013708
57185	57194	5	0.003427
57185	57227	35	0.023989
57185	58092	33	0.022618
57185	57806	13	0.008910
57185	57181	35	0.023989
57185	58215	5	0.003427
57185	58196	5	0.003427
57185	57176	38	0.026045
57185	57274	141	0.096642
57185	57244	25	0.017135
57185	57754	5	0.003427
57185	57242	15	0.010281
57185	57162	1	0.000685
57186	57881	1	0.002959
57186	58215	4	0.011834
57186	57194	29	0.085799
57186	57162	1	0.002959
57186	57389	1	0.002959
57186	57885	1	0.002959
57186	57434	1	0.002959
57186	57493	13	0.038462
57186	57399	3	0.008876
57186	57465	3	0.008876
57186	57242	2	0.005917
57186	57642	2	0.005917
57188	57475	2	0.006192
57188	57864	3	0.009288
57188	57865	1	0.003096
57188	57106	1	0.003096
57188	57876	2	0.006192
57188	57495	1	0.003096
57188	58008	1	0.003096
57188	58180	2	0.006192
57188	57261	1	0.003096
57188	58031	1	0.003096
57188	58160	1	0.003096
57188	57399	2	0.006192
57188	57791	1	0.003096
57188	57793	1	0.003096
57188	57796	1	0.003096
57188	57798	1	0.003096
57188	57291	1	0.003096
57188	57176	6389	19.780186
57188	58073	2	0.006192
57188	57697	2	0.006192
57188	58084	1	0.003096
57188	57458	1	0.003096
57188	58214	1	0.003096
57188	58226	4	0.012384
57189	57308	2	0.006515
57190	57605	1	0.001580
57190	57222	2	0.003160
57190	57479	2	0.003160
57190	57865	1	0.001580
57190	57080	1	0.001580
57190	58126	1	0.001580
57190	57747	3	0.004739
57190	57492	1	0.001580
57190	58133	1	0.001580
57190	57498	1	0.001580
57190	57519	1	0.001580
57190	57372	1	0.001580
57190	57503	1	0.001580
57190	57377	1	0.001580
57190	57767	3	0.004739
57190	57386	1	0.001580
57190	58031	7	0.011058
57190	57521	1	0.001580
57190	58035	3	0.004739
57190	57396	1	0.001580
57190	57915	2	0.003160
57190	57281	1	0.001580
57190	57093	1	0.001580
57190	57162	1	0.001580
57190	57553	1	0.001580
57190	57300	3	0.004739
57190	57813	1	0.001580
57190	57721	1	0.001580
57190	57176	10	0.015798
57190	57308	1	0.001580
57190	57312	1	0.001580
57190	57571	1	0.001580
57190	58214	4	0.006319
57190	58215	2	0.003160
57190	57193	1	0.001580
57190	57196	1	0.001580
57190	57712	1	0.001580
57190	57714	13	0.020537
57190	57107	1	0.001580
57190	57077	1	0.001580
57190	57462	1	0.001580
57190	58196	5	0.007899
57190	57465	2	0.003160
57190	57211	1	0.001580
57190	57469	1	0.001580
57190	57877	2	0.003160
57191	57597	1	0.100000
57191	57014	1	0.100000
57191	58215	2	0.200000
57193	57849	1	0.007407
57193	57754	1	0.007407
57193	57227	7	0.051852
57193	58236	1	0.007407
57193	57190	1	0.007407
57194	57345	3	0.006667
57194	57218	1	0.002222
57194	58245	1	0.002222
57194	57089	1	0.002222
57194	58122	1	0.002222
57194	57047	1	0.002222
57194	58124	2	0.004444
57194	57959	1	0.002222
57194	57874	1	0.002222
57194	58132	1	0.002222
57194	57493	15	0.033333
57194	57240	3	0.006667
57194	57881	14	0.031111
57194	57242	3	0.006667
57194	57500	4	0.008889
57194	57754	1	0.002222
57194	57247	12	0.026667
57194	58145	2	0.004444
57194	57252	1	0.002222
57194	57082	1	0.002222
57194	57896	1	0.002222
57194	57244	3	0.006667
57194	57642	2	0.004444
57194	57479	3	0.006667
57194	57389	1	0.002222
57194	57716	7	0.015556
57194	57283	1	0.002222
57194	57289	1	0.002222
57194	57162	4	0.008889
57194	57037	1	0.002222
57194	57297	1	0.002222
57194	58194	1	0.002222
57194	58196	3	0.006667
57194	57558	1	0.002222
57194	57175	1	0.002222
57194	57176	5	0.011111
57194	57434	2	0.004444
57194	57693	1	0.002222
57194	58078	1	0.002222
57194	57312	1	0.002222
57194	58211	3	0.006667
57194	57316	1	0.002222
57194	58214	3	0.006667
57194	58215	442	0.982222
57194	57553	3	0.006667
57194	57325	3	0.006667
57194	58094	1	0.002222
57194	57841	2	0.004444
57194	57714	1	0.002222
57194	57204	4	0.008889
57194	57080	1	0.002222
57194	57465	2	0.004444
57194	57850	12	0.026667
57194	58236	7	0.015556
57194	57386	1	0.002222
57194	58133	1	0.002222
57195	57227	1	0.002688
57195	57767	1	0.002688
57195	58215	1	0.002688
57195	58090	1	0.002688
57195	57479	2	0.005376
57195	57167	4	0.010753
57195	57841	2	0.005376
57195	57266	2	0.005376
57195	57434	1	0.002688
57195	57501	1	0.002688
57195	57599	5	0.013441
57196	58242	3	0.006993
57196	57479	8	0.018648
57196	57865	1	0.002331
57196	57370	1	0.002331
57196	57242	1	0.002331
57196	57754	85	0.198135
57196	57377	4	0.009324
57196	57380	1	0.002331
57196	57519	4	0.009324
57196	57521	1	0.002331
57196	58035	6	0.013986
57196	57543	6	0.013986
57196	57162	4	0.009324
57196	57553	5	0.011655
57196	57047	4	0.009324
57196	57176	1	0.002331
57196	57764	4	0.009324
57196	58214	9	0.020979
57196	57809	5	0.011655
57196	58215	1	0.002331
57196	57841	4	0.009324
57196	58236	1	0.002331
57197	57176	2	0.080000
57197	57530	1	0.040000
57197	58092	3	0.120000
57198	58211	2	0.048780
57200	58209	1	0.009901
57200	57881	2	0.019802
57200	58214	2	0.019802
57200	57926	102	1.009901
57200	58215	1	0.009901
57200	58236	3	0.029703
57200	57162	4	0.039604
57200	58221	1	0.009901
57200	57070	14	0.138614
57200	57553	4	0.039604
57200	58196	6	0.059406
57200	57399	23	0.227723
57200	57176	110	1.089109
57200	58073	2	0.019802
57200	57754	1	0.009901
57200	57308	204	2.019802
57202	57425	2	0.002567
57202	57308	1829	2.347882
57202	57636	1	0.001284
57203	58016	3	0.003243
57203	57312	1	0.001081
57203	57297	1	0.001081
57203	58214	2	0.002162
57203	57841	3	0.003243
57203	57244	2	0.002162
57203	57162	1	0.001081
57203	57479	1	0.001081
57203	58189	4	0.004324
57203	57553	1	0.001081
57203	57843	13	0.014054
57203	58196	3	0.003243
57203	57495	5	0.005405
57203	57176	5	0.005405
57203	57363	1	0.001081
57203	57530	1	0.001081
57203	58139	11	0.011892
57203	58236	2	0.002162
57203	57242	1	0.001081
57204	57194	1	0.100000
57206	57458	8	0.008649
57206	57855	8	0.008649
57206	57981	5	0.005405
57206	58215	784	0.847568
57208	57344	1	0.000921
57208	58113	403	0.371087
57208	58211	115	0.105893
57208	57222	2	0.001842
57208	58214	7	0.006446
57208	57281	10	0.009208
57208	57896	1	0.000921
57208	58057	1	0.000921
57208	57927	1	0.000921
57208	57747	1	0.000921
57208	58031	6	0.005525
57208	57608	1	0.000921
57208	57987	29	0.026703
57208	57190	2	0.001842
57208	57719	2	0.001842
57208	57080	1	0.000921
57208	57242	1	0.000921
57208	57244	1	0.000921
57208	57501	1	0.000921
57209	57272	1	0.025641
57209	58215	39	1.000000
57211	57297	1	0.002725
57211	57093	1	0.002725
57211	57479	2	0.005450
57211	57227	1	0.002725
57211	57486	2	0.005450
57211	57876	1	0.002725
57211	57877	1	0.002725
57211	57881	6	0.016349
57211	57242	3	0.008174
57211	57135	1	0.002725
57211	57244	2	0.005450
57211	57754	1	0.002725
57211	57126	2	0.005450
57211	57386	2	0.005450
57211	57133	5	0.013624
57211	58031	10	0.027248
57211	57399	2	0.005450
57211	57281	1	0.002725
57211	57162	2	0.005450
57211	57553	2	0.005450
57211	58196	3	0.008174
57211	57047	3	0.008174
57211	57176	156	0.425068
57211	57434	2	0.005450
57211	57186	1	0.002725
57211	58214	4	0.010899
57211	58215	8	0.021798
57211	57194	3	0.008174
57211	58094	1	0.002725
57211	57712	2	0.005450
57211	57841	1	0.002725
57211	57465	1	0.002725
57211	57082	2	0.005450
57211	58236	263	0.716621
57211	58090	40	0.108992
57212	58145	1	0.050000
57212	57486	14	0.700000
57212	57553	2	0.100000
57212	58194	43	2.150000
57212	58196	1	0.050000
57212	57047	1	0.050000
57212	57176	1	0.050000
57212	57881	20	1.000000
57215	57665	1	0.010989
57215	58211	10	0.109890
57215	57316	1	0.010989
57215	58215	2	0.021978
57215	58124	1	0.010989
57215	57386	1	0.010989
57215	57419	2	0.021978
57215	57804	1	0.010989
57215	58221	1	0.010989
57215	57070	1	0.010989
57215	57874	3	0.032967
57215	58094	8	0.087912
57215	57399	1	0.010989
57215	57881	9	0.098901
57215	57754	1	0.010989
57215	58236	3	0.032967
57215	57194	3	0.032967
57218	57536	1	0.010870
57218	58211	7	0.076087
57218	58215	1	0.010870
57218	58216	1	0.010870
57218	57389	1	0.010870
57218	57881	1	0.010870
57221	57162	2	0.100000
57221	58211	2	0.100000
57221	57479	2	0.100000
57222	57281	5	0.016502
57222	57479	12	0.039604
57222	57896	5	0.016502
57222	57927	5	0.016502
57222	58215	1	0.003300
57222	57747	1	0.003300
57222	57813	1	0.003300
57222	57558	2	0.006601
57222	57176	6	0.019802
57222	57242	2	0.006601
57222	58236	2	0.006601
57222	58133	1	0.003300
57226	57861	2	0.001397
57226	58132	6	0.004190
57226	57754	11	0.007682
57226	57764	1	0.000698
57226	57135	4	0.002793
57226	57531	1	0.000698
57226	57278	5	0.003492
57226	57925	1	0.000698
57226	57161	1	0.000698
57226	57162	1	0.000698
57226	57809	1	0.000698
57226	58194	1	0.000698
57226	58196	4	0.002793
57226	57047	1	0.000698
57226	57176	87	0.060754
57226	57568	1	0.000698
57226	58214	3	0.002095
57226	58215	2	0.001397
57226	58221	1	0.000698
57226	57841	3	0.002095
57226	58226	24	0.016760
57226	57469	5	0.003492
57227	57472	1	0.004651
57227	57345	1	0.004651
57227	57347	1	0.004651
57227	57605	3	0.013953
57227	57553	10	0.046512
57227	57080	1	0.004651
57227	57389	1	0.004651
57227	57959	1	0.004651
57227	57747	3	0.013953
57227	58132	1	0.004651
57227	58005	1	0.004651
57227	57623	1	0.004651
57227	57881	1	0.004651
57227	57498	1	0.004651
57227	58139	3	0.013953
57227	57244	3	0.013953
57227	57499	1	0.004651
57227	57128	1	0.004651
57227	57372	1	0.004651
57227	57898	1	0.004651
57227	57543	2	0.009302
57227	57458	1	0.004651
57227	58031	3	0.013953
57227	58160	1	0.004651
57227	57399	6	0.027907
57227	57273	1	0.004651
57227	58170	1	0.004651
57227	57659	1	0.004651
57227	57915	1	0.004651
57227	57194	2	0.009302
57227	57363	1	0.004651
57227	57684	1	0.004651
57227	57386	1	0.004651
57227	57078	1	0.004651
57227	57927	2	0.009302
57227	57619	1	0.004651
57227	57289	215	1.000000
57227	57932	3	0.013953
57227	58082	1	0.004651
57227	57425	1	0.004651
57227	57938	1	0.004651
57227	57300	3	0.013953
57227	57557	1	0.004651
57227	57081	2	0.009302
57227	57176	12	0.055814
57227	58073	2	0.009302
57227	57434	2	0.009302
57227	57181	1	0.004651
57227	57694	3	0.013953
57227	57698	1	0.004651
57227	58211	5	0.023256
57227	57036	1	0.004651
57227	57297	16	0.074419
57227	57960	1	0.004651
57227	58217	1	0.004651
57227	58090	2	0.009302
57227	58215	1	0.004651
57227	58221	1	0.004651
57227	57070	2	0.009302
57227	57071	2	0.009302
57227	57200	2	0.009302
57227	57841	12	0.055814
57227	58226	3	0.013953
57227	57715	1	0.004651
57227	57548	2	0.009302
57227	57846	3	0.013953
57227	57592	3	0.013953
57227	58196	26	0.120930
57227	57041	3	0.013953
57227	58236	20	0.093023
57227	57341	1	0.004651
57227	57465	1	0.004651
57227	57599	2	0.009302
57228	57344	1	0.000804
57228	58113	416	0.334405
57228	58211	125	0.100482
57228	58214	7	0.005627
57228	57222	2	0.001608
57228	57281	10	0.008039
57228	57896	1	0.000804
57228	58057	1	0.000804
57228	57927	1	0.000804
57228	57747	1	0.000804
57228	58031	6	0.004823
57228	57608	1	0.000804
57228	57987	30	0.024116
57228	57190	1	0.000804
57228	57719	2	0.001608
57228	57080	1	0.000804
57228	57242	1	0.000804
57228	57244	1	0.000804
57228	57501	1	0.000804
57231	58211	2	0.013793
57231	57275	452	3.117241
57231	58236	1	0.006897
57232	58211	1	0.004630
57232	57555	469	2.171296
57234	58211	1	0.066667
57234	58062	1	0.066667
57236	57574	70	2.916667
57237	57479	34	0.036598
57237	58124	1	0.001076
57237	57242	9	0.009688
57237	57500	3	0.003229
57237	57754	25	0.026911
57237	57767	3	0.003229
57237	57258	4	0.004306
57237	58039	3	0.003229
57237	57272	3	0.003229
57237	57030	2	0.002153
57237	57543	2	0.002153
57237	57162	3	0.003229
57237	57680	2	0.002153
57237	57553	2	0.002153
57237	58196	3	0.003229
57237	57814	6	0.006459
57237	57176	2	0.002153
57237	58214	21	0.022605
57237	58215	14	0.015070
57237	58090	2	0.002153
57237	57724	2	0.002153
57237	57469	3	0.003229
57238	57176	2	0.051282
57238	58161	1	0.025641
57239	57476	1	0.000540
57239	58245	3	0.001620
57239	57094	3	0.001620
57239	58124	2	0.001080
57239	57242	7	0.003780
57239	57389	14	0.007559
57239	58000	2	0.001080
57239	57489	2	0.001080
57239	57874	1	0.000540
57239	57747	19	0.010259
57239	58133	10	0.005400
57239	57369	1	0.000540
57239	57754	2	0.001080
57239	57244	5	0.002700
57239	57501	10	0.005400
57239	57896	3722	2.009719
57239	57500	2	0.001080
57239	57133	2	0.001080
57239	57135	1	0.000540
57239	57525	2	0.001080
57239	57399	4	0.002160
57239	57530	22	0.011879
57239	57916	1	0.000540
57239	57927	7	0.003780
57239	57161	1	0.000540
57239	57035	21	0.011339
57239	57679	1	0.000540
57239	57553	2	0.001080
57239	57558	4	0.002160
57239	57047	1	0.000540
57239	57176	2	0.001080
57239	57434	2	0.001080
57239	57274	3	0.001620
57239	57438	7	0.003780
57239	57186	1	0.000540
57239	58211	1	0.000540
57239	58214	1	0.000540
57239	58215	1	0.000540
57239	57961	2	0.001080
57239	57194	1	0.000540
57239	57835	1	0.000540
57239	58092	2	0.001080
57239	57325	2	0.001080
57239	57070	3	0.001620
57239	57588	4	0.002160
57239	57080	9	0.004860
57239	57723	1	0.000540
57239	58236	19	0.010259
57239	57877	3	0.001620
57240	57850	3	0.006961
57240	58142	1	0.002320
57240	58215	2	0.004640
57240	57194	29	0.067285
57240	57671	1	0.002320
57240	57162	1	0.002320
57240	57874	7	0.016241
57240	57325	4	0.009281
57240	58033	3	0.006961
57240	57714	10	0.023202
57240	57076	2	0.004640
57240	57397	4	0.009281
57240	57176	8	0.018561
57240	57716	3	0.006961
57240	57389	3	0.006961
57240	57642	1	0.002320
57240	57434	5	0.011601
57240	57342	1	0.002320
57240	57247	3	0.006961
57241	57425	2	0.002574
57241	57308	1823	2.346203
57241	57636	1	0.001287
57242	57472	1	0.001645
57242	57345	2	0.003289
57242	57093	1	0.001645
57242	57479	1	0.001645
57242	57227	4	0.006579
57242	58124	65	0.106908
57242	58130	21	0.034539
57242	57747	1	0.001645
57242	57881	16	0.026316
57242	57754	16	0.026316
57242	58139	2	0.003289
57242	57244	2	0.003289
57242	57247	1	0.001645
57242	57642	1	0.001645
57242	57252	14	0.023026
57242	57383	3	0.004934
57242	57257	1	0.001645
57242	57386	10	0.016447
57242	57287	1	0.001645
57242	57735	1	0.001645
57242	58031	1	0.001645
57242	57874	2	0.003289
57242	57270	34	0.055921
57242	57399	3	0.004934
57242	57406	1	0.001645
57242	57665	2	0.003289
57242	58055	2	0.003289
57242	57548	1	0.001645
57242	57162	3	0.004934
57242	57932	1	0.001645
57242	57297	2	0.003289
57242	57684	1	0.001645
57242	57176	4	0.006579
57242	57380	1	0.001645
57242	57434	7	0.011513
57242	57809	1	0.001645
57242	57671	1	0.001645
57242	58211	4	0.006579
57242	57316	3	0.004934
57242	58214	4	0.006579
57242	58215	37	0.060855
57242	57960	1	0.001645
57242	58090	2	0.003289
57242	57325	22	0.036184
57242	57981	2	0.003289
57242	57712	43	0.070724
57242	58226	1	0.001645
57242	57716	4	0.006579
57242	57278	2	0.003289
57242	57592	1	0.001645
57242	57081	1	0.001645
57242	57850	5	0.008224
57242	57599	2	0.003289
57242	58236	46	0.075658
57242	57194	13	0.021382
57242	57215	2	0.003289
57243	57289	73	3.041667
57243	57861	24	1.000000
57244	57344	2	0.000768
57244	57345	5	0.001921
57244	58242	1	0.000384
57244	57606	2	0.000768
57244	57479	1	0.000384
57244	57227	17	0.006531
57244	57346	1	0.000384
57244	57486	6	0.002305
57244	57492	3	0.001153
57244	58005	5	0.001921
57244	57498	3	0.001153
57244	57369	2	0.000768
57244	57881	5	0.001921
57244	57242	6	0.002305
57244	57519	1	0.000384
57244	57500	1	0.000384
57244	57754	5	0.001921
57244	57887	4	0.001537
57244	57128	1	0.000384
57244	58236	32	0.012294
57244	57258	1	0.000384
57244	57159	2	0.000768
57244	57391	2	0.000768
57244	57777	21	0.008068
57244	58035	1	0.000384
57244	58038	2	0.000768
57244	57399	5	0.001921
57244	57272	1	0.000384
57244	57145	2	0.000768
57244	57530	2	0.000768
57244	57543	1	0.000384
57244	58057	7	0.002689
57244	57162	7	0.002689
57244	57804	5	0.001921
57244	58191	3	0.001153
57244	57297	4	0.001537
57244	58196	12	0.004610
57244	57047	4	0.001537
57244	57176	8	0.003073
57244	58073	2	0.000768
57244	57434	16	0.006147
57244	57312	4	0.001537
57244	58209	2	0.000768
57244	58211	1	0.000384
57244	57316	18	0.006915
57244	58214	24	0.009220
57244	58215	60	0.023050
57244	57193	2	0.000768
57244	58090	3	0.001153
57244	57324	2	0.000768
57244	58221	3	0.001153
57244	57070	15	0.005763
57244	57841	9	0.003458
57244	57715	1	0.000384
57244	57940	3	0.001153
57244	57724	5	0.001921
57244	57194	3	0.001153
57244	57161	1	0.000384
57244	58133	3	0.001153
57246	57479	12	0.521739
57247	57194	1	0.045455
57252	58211	2	0.013793
57252	57479	22	0.151724
57252	57194	1	0.006897
57252	57486	80	0.551724
57252	58133	4	0.027586
57252	57080	1	0.006897
57252	57881	1	0.006897
57254	57877	1	0.066667
57255	58211	330	3.113208
57255	58236	3	0.028302
57255	57501	1	0.009434
57257	57345	7	0.007136
57257	58124	1	0.001019
57257	57365	2	0.002039
57257	57242	13	0.013252
57257	57244	12	0.012232
57257	57754	9	0.009174
57257	58145	1	0.001019
57257	58021	3	0.003058
57257	58164	3	0.003058
57257	57536	2	0.002039
57257	57543	1	0.001019
57257	57162	7	0.007136
57257	57297	2	0.002039
57257	58196	18	0.018349
57257	57047	4	0.004077
57257	57176	1	0.001019
57257	57312	1	0.001019
57257	57698	1	0.001019
57257	58211	1	0.001019
57257	58214	9	0.009174
57257	58215	7	0.007136
57257	58216	1	0.001019
57257	57194	1	0.001019
57257	57841	1	0.001019
57257	58236	29	0.029562
57258	57316	1	0.001350
57258	58214	1498	2.021592
57258	58215	754	1.017544
57258	57864	1	0.001350
57258	57162	3	0.004049
57258	57479	3	0.004049
57258	57708	1483	2.001350
57258	57389	2	0.002699
57258	57070	1	0.001350
57258	57553	742	1.001350
57258	57841	4	0.005398
57258	58196	4	0.005398
57258	58102	2229	3.008097
57258	57047	2	0.002699
57258	57176	1489	2.009447
57258	57081	741	1.000000
57258	57242	2	0.002699
57258	58236	3	0.004049
57258	57434	1	0.001350
57258	57919	743	1.002699
57259	58118	3712	1.825873
57259	57479	5	0.002459
57259	57353	1	0.000492
57259	58124	3	0.001476
57259	57616	1	0.000492
57259	57366	1	0.000492
57259	57881	5	0.002459
57259	57754	1	0.000492
57259	57244	2	0.000984
57259	57242	4	0.001968
57259	57884	9	0.004427
57259	57138	1	0.000492
57259	57566	1	0.000492
57259	57272	2	0.000984
57259	57273	1	0.000492
57259	58046	1	0.000492
57259	57411	126	0.061977
57259	57286	1	0.000492
57259	57032	1	0.000492
57259	57162	2	0.000984
57259	57809	2	0.000984
57259	57557	1	0.000492
57259	57558	1	0.000492
57259	57815	1	0.000492
57259	57176	2	0.000984
57259	57434	1	0.000492
57259	58206	1	0.000492
57259	58211	37	0.018200
57259	58214	2	0.000984
57259	57959	2	0.000984
57259	58090	1	0.000492
57259	57071	1	0.000492
57259	57712	2	0.000984
57259	57719	4	0.001968
57259	58236	3	0.001476
57261	57597	4	0.111111
57262	57636	1	0.001256
57262	57308	1880	2.361809
57262	57425	2	0.002513
57264	57227	1	0.001247
57264	57252	1	0.001247
57264	57927	1	0.001247
57264	57161	1	0.001247
57264	58215	2	0.002494
57264	57308	1	0.001247
57264	57135	2	0.002494
57264	58000	1	0.001247
57264	57553	2	0.002494
57264	58226	6	0.007481
57264	57841	2	0.002494
57264	57588	6	0.007481
57264	57846	2	0.002494
57264	57399	42	0.052369
57264	57176	4	0.004988
57264	58196	4	0.004988
57264	57754	6	0.007481
57264	58236	3	0.003741
57266	57346	2	0.001616
57266	57479	16	0.012924
57266	57611	2	0.001616
57266	57602	3	0.002423
57266	57486	1	0.000808
57266	58130	1	0.000808
57266	57747	2	0.001616
57266	58132	1	0.000808
57266	57319	3	0.002423
57266	57754	6	0.004847
57266	57501	9	0.007270
57266	57502	1	0.000808
57266	58152	1	0.000808
57266	57898	1	0.000808
57266	57223	1	0.000808
57266	57135	1	0.000808
57266	57272	1	0.000808
57266	57927	1	0.000808
57266	57162	12	0.009693
57266	57291	1	0.000808
57266	57804	549	0.443457
57266	57167	27	0.021809
57266	58196	1	0.000808
57266	57047	1	0.000808
57266	57176	7	0.005654
57266	57565	1	0.000808
57266	57312	4	0.003231
57266	58211	1	0.000808
57266	58214	1	0.000808
57266	58215	7	0.005654
57266	57194	1	0.000808
57266	57195	1	0.000808
57266	57841	4	0.003231
57266	57714	4	0.003231
57266	58236	1	0.000808
57266	57386	1	0.000808
57266	57599	45	0.036349
57268	57389	4	2.000000
57270	57242	28	1.000000
57270	58215	28	1.000000
57271	57344	5	0.002358
57271	58211	39	0.018396
57271	57222	1	0.000472
57271	57574	2167	1.022170
57271	58215	1	0.000472
57271	57608	1	0.000472
57271	57244	4	0.001887
57271	58057	1	0.000472
57271	57719	1	0.000472
57271	57582	1	0.000472
57271	57489	2	0.000943
57271	57492	9	0.004245
57271	58133	33	0.015566
57271	57399	3	0.001415
57271	57140	9	0.004245
57271	57850	1	0.000472
57271	57915	1	0.000472
57271	57500	3	0.001415
57271	57854	2	0.000943
57272	57209	2	0.000234
57272	57162	1	0.000117
57272	57881	1	0.000117
57272	58215	8507	0.997187
57273	57583	6	3.000000
57274	57348	2	0.001165
57274	57606	3	0.001747
57274	57479	1	0.000582
57274	57227	11	0.006407
57274	57239	3	0.001747
57274	57369	2	0.001165
57274	57242	1	0.000582
57274	57094	1	0.000582
57274	57906	2	0.001165
57274	57909	2	0.001165
57274	57530	2	0.001165
57274	57916	2	0.001165
57274	58049	6	0.003494
57274	57027	2	0.001165
57274	57162	1	0.000582
57274	57932	5	0.002912
57274	57679	2	0.001165
57274	57176	2	0.001165
57274	57434	1	0.000582
57274	57185	3	0.001747
57274	58215	2	0.001165
57274	57961	2	0.001165
57274	57831	2	0.001165
57274	58092	4	0.002330
57274	57325	1	0.000582
57274	57074	2	0.001165
57274	57715	2	0.001165
57274	58236	1	0.000582
57274	57087	4	0.002330
57275	57920	8	0.084211
57275	58211	21	0.221053
57275	57833	1	0.010526
57275	57308	1	0.010526
57275	58233	1	0.010526
57275	58236	2	0.021053
57277	58211	4	0.285714
57278	57345	4	0.009174
57278	58242	1	0.002294
57278	57347	1	0.002294
57278	57479	19	0.043578
57278	57226	1	0.002294
57278	57809	2	0.004587
57278	57747	1	0.002294
57278	57242	7	0.016055
57278	57244	9	0.020642
57278	57754	34	0.077982
57278	57380	1	0.002294
57278	57767	1	0.002294
57278	58162	3	0.006881
57278	57272	1	0.002294
57278	57162	7	0.016055
57278	57921	1	0.002294
57278	57161	1	0.002294
57278	57802	8	0.018349
57278	57553	9	0.020642
57278	57940	15	0.034404
57278	57046	2	0.004587
57278	57047	7	0.016055
57278	57176	20	0.045872
57278	57054	9	0.020642
57278	57571	1	0.002294
57278	57316	3	0.006881
57278	58214	54	0.123853
57278	58215	2	0.004587
57278	57325	3	0.006881
57278	57841	6	0.013761
57278	58226	1	0.002294
57278	58196	13	0.029817
57278	58236	6	0.013761
57278	57725	11	0.025229
57281	57222	4	0.002438
57281	57383	2	0.001219
57281	57161	2	0.001219
57281	57194	1	0.000609
57281	58215	3	0.001828
57281	58031	6	0.003656
57281	57553	2	0.001219
57281	58196	7	0.004266
57281	57176	14	0.008531
57281	57244	1	0.000609
57282	57719	1	0.007937
57282	57761	1	0.007937
57282	57555	629	4.992063
57282	57357	1	0.007937
57282	58149	1	0.007937
57283	58215	2	0.037736
57283	57065	2	0.037736
57283	57747	1	0.018868
57283	57287	1	0.018868
57283	57881	1	0.018868
57284	57636	1	0.001285
57284	57308	1826	2.347044
57284	57425	2	0.002571
57285	58196	1	0.020000
57285	57297	2	0.040000
57285	57380	1	0.020000
57285	58145	1	0.020000
57286	57881	2	0.030303
57286	57386	1	0.015152
57286	58211	97	1.469697
57286	58094	1	0.015152
57286	57486	2	0.030303
57287	57283	1	0.032258
57287	57316	1	0.032258
57287	58124	1	0.032258
57287	57747	1	0.032258
57287	57047	1	0.032258
57287	57881	1	0.032258
57287	57434	1	0.032258
57289	58215	1	0.025641
57289	57194	1	0.025641
57289	57227	51	1.307692
57289	57389	1	0.025641
57289	58245	2	0.051282
57290	58236	1	0.013158
57290	57556	2983	39.250000
57290	57118	77	1.013158
57290	57567	77	1.013158
57291	57553	2	0.005917
57291	57161	2	0.005917
57291	57167	2	0.005917
57291	57841	2	0.005917
57291	57176	2	0.005917
57291	57052	6	0.017751
57291	57599	31	0.091716
57292	58236	16648	1189.142857
57292	57133	714	51.000000
57292	57022	14	1.000000
57292	58215	14	1.000000
57293	57479	8	0.001335
57293	58124	24	0.004004
57293	57747	83	0.013847
57293	57877	2	0.000334
57293	57881	25	0.004171
57293	57242	18	0.003003
57293	57244	16	0.002669
57293	58022	2	0.000334
57293	57389	24	0.004004
57293	58039	1	0.000167
57293	57536	2	0.000334
57293	57411	35	0.005839
57293	57399	30	0.005005
57293	57037	17	0.002836
57293	57308	16	0.002669
57293	58211	1558	0.259927
57293	57700	69	0.011512
57293	58214	33	0.005506
57293	58215	17	0.002836
57293	57070	188	0.031365
57293	57719	1	0.000167
57293	57081	16	0.002669
57293	58236	199	0.033200
57295	58236	7	0.029787
57295	57568	2	0.008511
57295	57227	4	0.017021
57295	57846	2	0.008511
57295	58214	9	0.038298
57295	57383	1	0.004255
57295	57833	2	0.008511
57295	57047	7	0.029787
57295	58132	2	0.008511
57295	58006	2	0.008511
57295	57399	780	3.319149
57295	57176	10	0.042553
57295	58196	1	0.004255
57295	57754	2	0.008511
57295	57308	2	0.008511
57295	57438	2	0.008511
57296	58211	3	0.157895
57296	57719	1	0.052632
57297	57932	1	0.001669
57297	57472	1	0.001669
57297	57093	1	0.001669
57297	57479	2	0.003339
57297	57353	1	0.001669
57297	57486	1	0.001669
57297	57383	1	0.001669
57297	57874	1	0.001669
57297	57363	1	0.001669
57297	58134	1	0.001669
57297	57625	1	0.001669
57297	57881	5	0.008347
57297	57071	1	0.001669
57297	57244	5	0.008347
57297	57117	1	0.001669
57297	57285	1	0.001669
57297	58145	2	0.003339
57297	58139	1	0.001669
57297	57605	1	0.001669
57297	57767	2	0.003339
57297	57257	1	0.001669
57297	58031	1	0.001669
57297	58160	1	0.001669
57297	58163	1	0.001669
57297	57142	1	0.001669
57297	57399	4	0.006678
57297	57588	1	0.001669
57297	57278	1	0.001669
57297	57684	1	0.001669
57297	58166	1	0.001669
57297	57927	3	0.005008
57297	57032	1	0.001669
57297	57161	1	0.001669
57297	57548	2	0.003339
57297	58191	1	0.001669
57297	57553	4	0.006678
57297	58196	41	0.068447
57297	57046	1	0.001669
57297	57273	1	0.001669
57297	57305	1	0.001669
57297	58202	1	0.001669
57297	57300	1	0.001669
57297	57821	1	0.001669
57297	57568	4	0.006678
57297	57616	1	0.001669
57297	57698	1	0.001669
57297	58211	2	0.003339
57297	58214	1	0.001669
57297	58215	600	1.001669
57297	57960	1	0.001669
57297	58090	3	0.005008
57297	58087	1	0.001669
57297	57325	1	0.001669
57297	58095	1	0.001669
57297	57841	5	0.008347
57297	57716	5	0.008347
57297	58046	1	0.001669
57297	57463	1	0.001669
57297	57592	1	0.001669
57297	57593	1	0.001669
57297	58236	53	0.088481
57297	57194	26	0.043406
57297	57599	1	0.001669
57300	57414	1	0.008000
57300	58214	3	0.024000
57300	57383	1	0.008000
57300	57244	8	0.064000
57300	57162	2	0.016000
57300	57543	1	0.008000
57300	57682	1	0.008000
57300	57107	1	0.008000
57300	58196	3	0.024000
57300	57047	1	0.008000
57300	57176	178	1.424000
57300	57849	1	0.008000
57300	57754	2	0.016000
57300	58236	4	0.032000
57302	57873	4712	0.687482
57302	58211	3	0.000438
57306	58247	2	1.000000
57307	57067	1	0.028571
57307	57604	1	0.028571
57307	57608	1	0.028571
57307	57489	1	0.028571
57307	57476	1	0.028571
57307	57244	2	0.057143
57307	57630	1	0.028571
57307	57505	1	0.028571
57307	57767	1	0.028571
57307	57959	1	0.028571
57307	57145	4	0.114286
57307	57398	1	0.028571
57307	57399	1	0.028571
57307	57460	1	0.028571
57307	58170	1	0.028571
57307	57531	1	0.028571
57307	57927	1	0.028571
57307	58057	1	0.028571
57307	57419	1	0.028571
57307	57551	1	0.028571
57307	57553	1	0.028571
57307	58196	2	0.057143
57307	57429	1	0.028571
57307	57047	2	0.057143
57307	57176	11	0.314286
57307	58214	2	0.057143
57307	58215	2	0.057143
57307	57706	2	0.057143
57307	57451	2	0.057143
57307	58221	1	0.028571
57307	57070	2	0.057143
57307	58226	24	0.685714
57307	58183	1	0.028571
57307	57588	1	0.028571
57307	57078	2	0.057143
57307	57469	2	0.057143
57307	57854	1	0.028571
57308	57636	1	0.000625
57308	57767	156	0.097561
57308	57479	14	0.008755
57308	58124	2	0.001251
57308	57070	4	0.002502
57308	57425	2	0.001251
57308	57747	4	0.002502
57308	57588	4	0.002502
57308	57399	36	0.022514
57308	57176	4	0.002502
57308	57465	4	0.002502
57308	57434	12	0.007505
57308	57244	4	0.002502
57310	57657	1	0.071429
57310	58046	1	0.071429
57311	57761	4	0.015504
57311	57555	1004	3.891473
57312	57479	2	0.001493
57312	57227	4	0.002985
57312	57486	1	0.000746
57312	57489	1	0.000746
57312	57492	1	0.000746
57312	57240	1	0.000746
57312	57881	2	0.001493
57312	57754	2	0.001493
57312	57244	2	0.001493
57312	57501	1	0.000746
57312	57380	1	0.000746
57312	57536	1	0.000746
57312	57162	2	0.001493
57312	58062	1	0.000746
57312	57047	1	0.000746
57312	58214	14	0.010448
57312	58215	1325	0.988806
57312	57194	2	0.001493
57312	57325	2	0.001493
57312	57712	7	0.005224
57312	57841	1	0.000746
57312	57714	5	0.003731
57312	58233	1	0.000746
57312	57723	1	0.000746
57312	58236	16	0.011940
57312	57242	5	0.003731
57313	58215	28	1.000000
57313	58214	11	0.392857
57313	57479	28	1.000000
57314	57274	6	0.015113
57314	58211	25	0.062972
57314	58236	22	0.055416
57314	57877	2	0.005038
57316	58130	4	0.173913
57319	57611	1	0.000530
57319	58214	5	0.002650
57319	57383	1	0.000530
57319	58056	2	0.001060
57319	58090	2	0.001060
57319	57194	1	0.000530
57319	58215	3	0.001590
57319	57804	137	0.072602
57319	57167	4	0.002120
57319	57553	1	0.000530
57319	58196	7	0.003710
57319	58069	2	0.001060
57319	57047	1	0.000530
57319	57176	1221	0.647059
57319	57162	1	0.000530
57319	57501	1	0.000530
57319	57599	683	0.361950
57320	57316	3	0.014286
57320	58214	1	0.004762
57320	58215	2	0.009524
57320	57500	2	0.009524
57320	57162	2	0.009524
57320	57383	4	0.019048
57320	57325	2	0.009524
57320	58033	4	0.019048
57320	58196	2	0.009524
57320	57399	38	0.180952
57320	58073	2674	12.733333
57320	57754	5	0.023810
57320	57308	27	0.128571
57320	57242	1	0.004762
57320	57553	2	0.009524
57320	57887	1	0.004762
57322	57479	3	0.001108
57322	57227	2	0.000739
57322	58000	1	0.000369
57322	57242	1	0.000369
57322	57244	2	0.000739
57322	57399	60	0.022157
57322	57530	1	0.000369
57322	57920	1	0.000369
57322	57162	5	0.001846
57322	57553	1	0.000369
57322	58196	62	0.022895
57322	57047	1	0.000369
57322	57176	64	0.023634
57322	58073	51	0.018833
57322	57308	7	0.002585
57322	57054	1	0.000369
57322	57568	3	0.001108
57322	58214	1	0.000369
57322	57070	6	0.002216
57322	57841	2	0.000739
57322	57081	2	0.000739
57322	58236	6	0.002216
57324	58211	30	0.166667
57324	57479	3	0.016667
57324	58236	1	0.005556
57324	58124	1	0.005556
57324	58062	1	0.005556
57324	57877	1	0.005556
57324	57558	1	0.005556
57324	57244	1	0.005556
57325	57476	1	0.002320
57325	57479	1	0.002320
57325	57227	1	0.002320
57325	57486	2	0.004640
57325	57877	2	0.004640
57325	57881	3	0.006961
57325	57754	1	0.002320
57325	57244	401	0.930394
57325	57117	1	0.002320
57325	58144	1	0.002320
57325	57257	1	0.002320
57325	57735	3	0.006961
57325	57389	1	0.002320
57325	58031	1	0.002320
57325	58033	1	0.002320
57325	57399	6	0.013921
57325	57278	1	0.002320
57325	57932	1	0.002320
57325	57553	3	0.006961
57325	57046	1	0.002320
57325	57047	3	0.006961
57325	57176	3	0.006961
57325	57434	1	0.002320
57325	58214	1609	3.733179
57325	58215	400	0.928074
57325	58090	1	0.002320
57325	57070	1	0.002320
57325	57981	3	0.006961
57325	58226	2	0.004640
57325	57588	1	0.002320
57325	57465	1	0.002320
57325	57467	1	0.002320
57325	58236	22	0.051044
57325	57681	1	0.002320
57325	57599	2	0.004640
57326	58018	131	1.023438
57326	57297	1	0.007812
57326	57553	1	0.007812
57326	57841	1	0.007812
57326	58196	2	0.015625
57326	57685	1	0.007812
57326	57176	1	0.007812
57327	57308	2	0.006579
57327	57189	1	0.003289
57330	57346	2	0.001135
57330	57476	2	0.001135
57330	57222	4	0.002270
57330	57479	6	0.003405
57330	57608	2	0.001135
57330	57751	6	0.003405
57330	57489	2	0.001135
57330	57747	12	0.006810
57330	57492	2	0.001135
57330	58133	2	0.001135
57330	58006	2	0.001135
57330	57239	2	0.001135
57330	57500	10	0.005675
57330	57501	4	0.002270
57330	57887	2	0.001135
57330	57723	2	0.001135
57330	57456	2	0.001135
57330	57094	2	0.001135
57330	57896	2	0.001135
57330	57525	2	0.001135
57330	57788	2	0.001135
57330	57419	2	0.001135
57330	57927	2	0.001135
57330	57800	2	0.001135
57330	58057	2	0.001135
57330	57035	2	0.001135
57330	58062	6	0.003405
57330	58233	2	0.001135
57330	57685	2	0.001135
57330	57558	2	0.001135
57330	57559	2	0.001135
57330	57178	2	0.001135
57330	58211	2896	1.643587
57330	57703	2	0.001135
57330	58216	2	0.001135
57330	57532	2	0.001135
57330	57835	2	0.001135
57330	57837	2	0.001135
57330	57584	4	0.002270
57330	57587	2	0.001135
57330	57588	2	0.001135
57330	57719	10	0.005675
57330	57080	2	0.001135
57330	57849	2	0.001135
57330	57467	2	0.001135
57330	57854	2	0.001135
57330	57877	26	0.014756
57331	58211	1	0.025641
57331	58214	4	0.102564
57331	57841	5	0.128205
57331	58122	2	0.051282
57331	57809	42	1.076923
57331	57176	3	0.076923
57331	57754	6	0.153846
57331	58236	2	0.051282
57332	57411	3	0.005671
57332	58211	68	0.128544
57332	57244	6	0.011342
57332	57389	6	0.011342
57332	57719	6	0.011342
57333	58211	7	0.350000
57333	57507	2	0.100000
57334	58236	1	0.012821
57334	58215	1	0.012821
57334	57128	2	0.025641
57334	57353	2	0.025641
57334	57553	1	0.012821
57334	57515	2	0.025641
57334	57324	1	0.012821
57334	58062	1	0.012821
57334	57616	3	0.038462
57334	57841	1	0.012821
57334	57619	1	0.012821
57334	58100	1	0.012821
57334	57494	1	0.012821
57334	57623	1	0.012821
57334	58196	3	0.038462
57334	57587	1	0.012821
57334	57194	1	0.012821
57335	58236	4	0.004957
57335	57735	10	0.012392
57335	57161	1	0.001239
57335	57162	4	0.004957
57335	57479	1	0.001239
57335	58196	1	0.001239
57335	57750	2	0.002478
57335	57176	3	0.003717
57335	57244	1	0.001239
57338	58211	6	0.750000
57338	58120	2	0.250000
57338	57021	2	0.250000
57338	57752	2	0.250000
57338	57053	2	0.250000
57338	57727	2	0.250000
57339	58196	69	0.958333
57341	57636	1	0.005076
57341	57553	1	0.005076
57341	57809	1	0.005076
57341	57399	22	0.111675
57341	57176	2	0.010152
57341	57308	5	0.025381
57342	57788	2	0.133333
57342	57877	2	0.133333
57343	57308	2	0.005764
57343	57189	1	0.002882
57343	57070	1	0.002882
