Src	Trg	LinkCount	RelLinkCount
55296	55333	1	0.016129
55296	55377	1	0.016129
55296	54385	1	0.016129
55296	54571	1	0.016129
55296	55345	1	0.016129
55296	55250	1	0.016129
55296	54865	1	0.016129
55296	55399	1	0.016129
55296	54366	1	0.016129
55298	55338	2	0.012422
55302	54785	3	0.006787
55303	55333	3	0.025424
55304	54507	1	0.010526
55304	54692	1	0.010526
55304	55345	1	0.010526
55304	55377	1	0.010526
55304	54385	1	0.010526
55304	54631	2	0.021053
55304	54571	1	0.010526
55304	54541	1	0.010526
55304	54575	1	0.010526
55304	55184	1	0.010526
55304	54865	1	0.010526
55304	55250	1	0.010526
55304	55171	1	0.010526
55304	55399	1	0.010526
55304	54366	1	0.010526
55305	55232	2	0.008621
55305	55034	232	1.000000
55305	55250	6	0.025862
55305	54966	472	2.034483
55307	55343	1	0.013333
55307	55127	1	0.013333
55308	55386	2	0.024096
55308	54366	1	0.012048
55308	55343	4	0.048193
55310	54629	178	6.137931
55311	55576	4	0.017544
55312	54385	1	0.020000
55312	55250	1	0.020000
55312	54571	1	0.020000
55312	54629	4	0.080000
55312	55377	1	0.020000
55313	55625	29	1.035714
55313	55290	28	1.000000
55313	55158	5554	198.357143
55315	54599	2	0.022727
55315	55395	2	0.022727
55315	55183	2	0.022727
55315	55143	2	0.022727
55315	54376	2	0.022727
55315	55370	2	0.022727
55315	54571	2	0.022727
55315	54924	32	0.363636
55315	55629	2	0.022727
55315	55343	89	1.011364
55315	54429	2	0.022727
55315	55377	2	0.022727
55315	55506	6	0.068182
55315	55661	2	0.022727
55315	55613	2	0.022727
55315	54519	97	1.102273
55315	55067	10	0.113636
55315	54909	24	0.272727
55316	55333	4	0.000268
55316	54631	3	0.000201
55316	55404	2	0.000134
55316	54571	1	0.000067
55316	54924	1858	0.124589
55316	54575	2	0.000134
55316	55315	1	0.000067
55316	54426	60	0.004023
55316	55399	1	0.000067
55319	55386	79	3.038462
55320	55510	186	3.152542
55321	55386	5	0.172414
55321	55250	1	0.034483
55321	55343	4	0.137931
55322	54629	87	2.230769
55323	55680	3	0.026549
55323	54572	2	0.017699
55323	54476	2	0.017699
55323	55158	17	0.150442
55323	54865	1	0.008850
55325	54796	1	0.011236
55325	54575	2	0.022472
55326	55488	1	0.000434
55326	55232	1	0.000434
55326	55170	1	0.000434
55326	54631	3	0.001303
55326	54571	1	0.000434
55326	55404	4	0.001738
55326	54385	1	0.000434
55326	55250	4	0.001738
55326	54741	1	0.000434
55326	55609	2	0.000869
55326	55034	4018	1.745439
55326	54396	1	0.000434
55328	55377	6	0.002114
55328	55250	6	0.002114
55328	54901	6	0.002114
55329	54476	6	0.500000
55329	55158	1	0.083333
55331	54629	29	0.153439
55333	55142	36	0.123288
55333	55399	1	0.003425
55333	54571	1	0.003425
55333	54508	1	0.003425
55333	54541	1	0.003425
55333	55377	1	0.003425
55333	55250	2323	7.955479
55333	54391	1	0.003425
55333	55480	2	0.006849
55333	54426	2	0.006849
55333	54366	1	0.003425
55337	54449	3	0.001584
55337	54575	3	0.001584
55337	55404	1	0.000528
55337	55221	12	0.006336
55337	54399	54	0.028511
55338	55298	17	0.137097
55339	55693	7	1.000000
55340	55556	22	1.375000
55341	54575	2	0.037736
55342	55693	13	1.181818
55343	54571	51	0.092896
55343	55556	4	0.007286
55343	54631	1	0.001821
55343	55081	4	0.007286
55343	55307	4	0.007286
55343	55308	4	0.007286
55343	54415	4	0.007286
55343	55377	1	0.001821
55343	55250	1	0.001821
55343	54519	7	0.012750
55343	54366	51	0.092896
55343	55145	4	0.007286
55343	54456	4	0.007286
55343	55396	4	0.007286
55343	55386	11	0.020036
55343	55399	1	0.001821
55343	54910	4	0.007286
55343	54385	1	0.001821
55345	55696	1	0.001502
55345	54865	1	0.001502
55345	55250	1	0.001502
55345	54571	1	0.001502
55345	55399	1	0.001502
55346	55683	1	0.000413
55346	55333	1	0.000413
55346	54631	2	0.000825
55346	54571	6	0.002475
55346	55404	5	0.002063
55346	54541	4	0.001650
55346	54575	1	0.000413
55346	55250	3	0.001238
55346	55315	1907	0.786716
55346	55034	1	0.000413
55346	54909	8203	3.384076
55350	54424	1	0.003344
55350	55683	1	0.003344
55351	54559	6	1.000000
55352	55016	254	3.342105
55352	55250	636	8.368421
55352	55666	76	1.000000
55353	54627	6	0.181818
55353	54821	6	0.181818
55353	55404	2	0.060606
55353	54508	7	0.212121
55353	55184	7	0.212121
55353	54710	10	0.303030
55353	54582	7	0.212121
55353	55519	7	0.212121
55354	55386	22	0.758621
55356	55576	1706	4.014118
55356	55158	2	0.004706
55357	54629	286	6.085106
55358	55368	33	0.116197
55358	55683	568	2.000000
55359	54476	7	0.106061
55359	54631	1	0.015152
55363	55693	3	1.000000
55364	54606	17	1.307692
55365	54799	3	0.006522
55366	55488	1	0.000401
55366	55232	1	0.000401
55366	55170	1	0.000401
55366	54631	3	0.001202
55366	54571	1	0.000401
55366	55404	4	0.001603
55366	54385	1	0.000401
55366	55250	4	0.001603
55366	54741	1	0.000401
55366	55609	2	0.000802
55366	55034	4230	1.695391
55366	54396	1	0.000401
55367	54629	100	4.000000
55368	55616	2	0.001546
55368	55683	47	0.036321
55368	54398	2	0.001546
55368	54449	3	0.002318
55368	55221	1	0.000773
55368	55678	2	0.001546
55370	55395	8	0.026756
55370	55142	1	0.003344
55370	55526	1	0.003344
55370	54599	313	1.046823
55370	54376	13	0.043478
55370	55143	3	0.010033
55370	55404	1	0.003344
55370	55250	1	0.003344
55370	54575	1	0.003344
55370	55506	1592	5.324415
55370	55613	182	0.608696
55370	55629	3	0.010033
55370	55661	3	0.010033
55370	55183	33	0.110368
55370	54429	2	0.006689
55372	55221	3	0.130435
55373	55250	1	0.012821
55373	54575	3	0.038462
55374	54726	954	5.270718
55375	54726	1	0.007634
55376	54385	1	0.003003
55376	54541	1	0.003003
55376	54415	3	0.009009
55377	55315	1	0.000215
55377	55040	1	0.000215
55377	55467	2	0.000430
55377	55687	1	0.000215
55377	55157	1	0.000215
55377	55307	1	0.000215
55377	54924	1	0.000215
55377	55693	1	0.000215
55377	55438	3	0.000644
55377	54765	1	0.000215
55377	55696	3	0.000644
55377	55290	1	0.000215
55377	55683	1	0.000215
55377	55190	1	0.000215
55377	54935	1	0.000215
55377	54936	1	0.000215
55377	54575	1	0.000215
55377	54415	1	0.000215
55377	55200	1	0.000215
55377	54927	1	0.000215
55377	54875	1	0.000215
55377	55333	2	0.000430
55377	54897	1	0.000215
55377	54876	3	0.000644
55377	55210	1	0.000215
55377	54571	8	0.001719
55377	55343	1	0.000215
55377	54576	1	0.000215
55377	55089	1	0.000215
55377	55221	10	0.002148
55377	54456	1	0.000215
55377	55097	1	0.000215
55377	54778	1	0.000215
55377	54645	1	0.000215
55377	55105	1	0.000215
55377	54539	1	0.000215
55377	54598	2	0.000430
55377	54472	2	0.000430
55377	54985	1	0.000215
55377	54775	1	0.000215
55377	54476	1	0.000215
55377	54606	1	0.000215
55377	55247	2	0.000430
55377	54865	8	0.001719
55377	55250	4	0.000859
55377	55153	1	0.000215
55377	54486	1	0.000215
55377	55386	1	0.000215
55377	54363	1	0.000215
55377	55004	1	0.000215
55377	54650	1	0.000215
55377	54366	2	0.000430
55377	55568	1	0.000215
55377	54626	1	0.000215
55377	54779	1	0.000215
55377	54629	1	0.000215
55377	54631	5	0.001074
55377	54888	1	0.000215
55377	54449	3	0.000644
55377	55399	5	0.001074
55377	55404	242	0.051987
55377	54398	43	0.009237
55377	55278	1	0.000215
55377	54909	1	0.000215
55377	54385	3	0.000644
55377	55538	1	0.000215
55377	55187	1	0.000215
55377	54773	1	0.000215
55377	54519	1	0.000215
55377	55416	1	0.000215
55377	55034	1	0.000215
55377	55419	1	0.000215
55377	55164	40	0.008593
55377	54525	1	0.000215
55377	55678	2	0.000430
55377	54399	1	0.000215
55380	54440	1	0.002203
55380	54858	1	0.002203
55380	55051	2	0.004405
55380	54352	1	0.002203
55380	54385	34	0.074890
55380	55416	5	0.011013
55381	54426	1	0.003676
55381	54399	1	0.003676
55381	55684	1	0.003676
55381	54775	1	0.003676
55385	55404	7	0.411765
55386	54660	2	0.001480
55386	54918	2	0.001480
55386	55319	9	0.006662
55386	54412	2	0.001480
55386	55181	5	0.003701
55386	55054	2	0.001480
55386	55697	3	0.002221
55386	54807	3	0.002221
55386	55064	11	0.008142
55386	55321	2	0.001480
55386	55450	13	0.009623
55386	55457	4	0.002961
55386	54565	3	0.002221
55386	55261	2	0.001480
55386	54827	11	0.008142
55386	55343	3	0.002221
55386	54449	2	0.001480
55386	55390	2	0.001480
55386	55220	9	0.006662
55386	54709	3	0.002221
55386	55606	3	0.002221
55386	55479	11	0.008142
55386	55354	3	0.002221
55386	54973	11	0.008142
55386	55605	2	0.001480
55386	54979	2	0.001480
55386	55623	3	0.002221
55386	54984	11	0.008142
55386	54348	2	0.001480
55386	55503	2	0.001480
55386	54481	2	0.001480
55386	54615	2	0.001480
55386	54364	11	0.008142
55386	55645	3	0.002221
55386	54366	15	0.011103
55386	54758	2	0.001480
55386	54631	12	0.008882
55386	55399	8	0.005922
55386	55404	6	0.004441
55386	54893	11	0.008142
55386	55101	2	0.001480
55386	54387	11	0.008142
55386	54561	2	0.001480
55386	55675	11	0.008142
55387	54914	1	0.142857
55387	54915	1	0.142857
55389	55480	346	0.748918
55389	55505	190	0.411255
55389	55051	156	0.337662
55389	55416	16	0.034632
55389	54631	346	0.748918
55390	55386	118	2.950000
55392	55576	3	0.009804
55395	55250	1	0.003448
55395	55526	1	0.003448
55395	55142	2	0.006897
55395	54599	313	1.079310
55395	54376	13	0.044828
55395	55370	294	1.013793
55395	55143	3	0.010345
55395	55404	1	0.003448
55395	55661	3	0.010345
55395	54575	2	0.006897
55395	54429	2	0.006897
55395	55506	1550	5.344828
55395	55629	3	0.010345
55395	55183	33	0.113793
55395	55613	182	0.627586
55396	55556	19	0.791667
55396	55377	1	0.041667
55396	55399	1	0.041667
55396	54571	16	0.666667
55396	54541	1	0.041667
55396	55214	1	0.041667
55396	54769	1	0.041667
55396	55250	1	0.041667
55396	55353	1	0.041667
55396	54865	1	0.041667
55396	54391	1	0.041667
55396	54385	1	0.041667
55396	55386	3	0.125000
55396	54938	1	0.041667
55396	54366	4	0.166667
55397	55488	1	0.000393
55397	55232	1	0.000393
55397	55170	1	0.000393
55397	54631	3	0.001179
55397	54571	1	0.000393
55397	55404	4	0.001572
55397	54385	1	0.000393
55397	55250	4	0.001572
55397	54741	1	0.000393
55397	55609	2	0.000786
55397	55034	4222	1.659591
55397	54396	1	0.000393
55398	54865	125	5.208333
55399	54786	1	0.000886
55399	54779	1	0.000886
55399	55172	1	0.000886
55399	55174	1	0.000886
55399	54631	1	0.000886
55399	55570	1	0.000886
55399	54611	1	0.000886
55399	55063	10	0.008857
55399	54882	1	0.000886
55399	54573	7	0.006200
55399	55120	1	0.000886
55399	55153	3	0.002657
55399	55582	1	0.000886
55399	55059	6	0.005314
55399	55221	1	0.000886
55399	54583	1	0.000886
55399	55129	7	0.006200
55399	54715	6	0.005314
55399	54876	2	0.001771
55399	55422	1	0.000886
55401	54449	2	0.250000
55401	55380	16	2.000000
55402	55232	1	0.000435
55402	55488	1	0.000435
55402	55170	1	0.000435
55402	54631	3	0.001306
55402	54571	1	0.000435
55402	55404	4	0.001741
55402	54385	1	0.000435
55402	55250	4	0.001741
55402	54741	1	0.000435
55402	55609	2	0.000871
55402	55034	4010	1.745755
55402	54396	1	0.000435
55404	55616	2	0.000081
55404	54561	2	0.000081
55404	54498	1	0.000040
55404	54631	422	0.017038
55404	54700	9	0.000363
55404	54541	1	0.000040
55404	55438	165946	6.700016
55404	54575	87	0.003513
55404	54449	1	0.000040
55404	54613	4	0.000161
55404	55158	1	0.000040
55404	54903	4	0.000161
55404	55353	2	0.000081
55404	54876	1	0.000040
55404	54623	3	0.000121
55405	55538	4802	13.413408
55405	55404	243	0.678771
55405	54498	13	0.036313
55405	54575	12	0.033520
55406	55140	1	0.022727
55406	54629	1	0.022727
55406	54952	1	0.022727
55406	55210	1	0.022727
55406	54575	46	1.045455
55406	54355	1	0.022727
55406	54842	1	0.022727
55406	55644	1	0.022727
55406	55678	1	0.022727
55408	55488	1	0.000429
55408	55232	1	0.000429
55408	55170	1	0.000429
55408	54631	3	0.001288
55408	54571	1	0.000429
55408	55404	4	0.001717
55408	54385	1	0.000429
55408	55250	4	0.001717
55408	54741	1	0.000429
55408	55609	2	0.000858
55408	55034	4018	1.724464
55408	54396	1	0.000429
55409	55343	3	0.187500
55411	54596	1	0.006369
55411	55110	1	0.006369
55411	55144	1	0.006369
55411	54539	1	0.006369
55411	55404	1	0.006369
55411	55055	1	0.006369
55411	54449	2	0.012739
55411	55576	2	0.012739
55411	54748	1	0.006369
55411	55453	1	0.006369
55411	55646	1	0.006369
55412	54575	1	0.011765
55416	55201	3	0.003229
55416	54498	14	0.015070
55416	54571	5	0.005382
55416	55172	5	0.005382
55416	55377	5	0.005382
55416	54631	6	0.006459
55416	54440	604	0.650161
55416	54858	611	0.657696
55416	55051	6	0.006459
55416	55404	36	0.038751
55416	54575	70	0.075350
55416	54352	599	0.644779
55416	54385	5	0.005382
55416	55250	5	0.005382
55416	54366	5	0.005382
55417	54651	2	0.011364
55417	54575	1	0.005682
55418	54629	62	3.444444
55419	54629	210	6.000000
55423	54629	359	5.056338
55426	55386	1	0.015385
55426	54631	1	0.015385
55426	54559	2	0.030769
55427	54726	350	0.991501
55428	55034	10	0.769231
55428	54796	3	0.230769
55430	55510	110	2.391304
55433	55041	1	0.013514
55433	55077	1	0.013514
55433	54631	3	0.040541
55433	55404	2	0.027027
55433	54510	1	0.013514
55433	54671	1	0.013514
55433	54960	1	0.013514
55433	55221	3	0.040541
55433	55480	1	0.013514
55433	54623	1	0.013514
55433	54399	81	1.094595
55434	54629	411	4.029412
55436	55568	89	0.351779
55436	55604	2	0.007905
55436	54645	38	0.150198
55436	55399	3	0.011858
55437	54401	2	0.666667
55438	55404	35	1.590909
55440	54629	185	5.000000
55441	55438	6	0.004019
55441	54575	30	0.020094
55441	55221	1304	0.873409
55441	54486	2	0.001340
55441	54399	6531	4.374414
55443	55266	1	0.001124
55443	55683	39	0.043820
55443	55498	2	0.002247
55443	54575	1	0.001124
55443	54449	2	0.002247
55443	55187	3	0.003371
55443	54996	2	0.002247
55443	55221	25	0.028090
55443	54580	2849	3.201124
55443	54394	2	0.002247
55443	55164	1	0.001124
55443	55701	1	0.001124
55445	54629	238	6.102564
55448	55067	19	9.500000
55449	54498	1	0.001531
55449	54571	1	0.001531
55449	54726	2232	3.418070
55449	55399	2	0.003063
55449	54631	1	0.001531
55449	55538	1	0.001531
55449	55603	1	0.001531
55450	55386	82	2.157895
55451	55377	72	1.469388
55451	55250	1	0.020408
55451	54575	1	0.020408
55451	54935	1	0.020408
55452	54726	686	8.683544
55453	55576	314	1.075342
55454	54631	1	1.000000
55455	55377	3	0.000597
55455	54385	3	0.000597
55455	54571	3	0.000597
55455	55345	3	0.000597
55455	55250	3	0.000597
55455	54865	3	0.000597
55455	55399	3	0.000597
55455	54431	3178	0.632564
55457	54976	73	0.986486
55457	55386	303	4.094595
55457	54412	73	0.986486
55460	54629	146	2.027778
55463	55231	1	0.083333
55463	54999	2	0.166667
55465	55576	496	1.000000
55466	55250	1	0.006536
55466	54726	14	0.091503
55467	54897	1	0.005051
55467	55498	1	0.005051
55467	55404	79	0.398990
55467	55247	1	0.005051
55467	54449	1	0.005051
55467	54575	1	0.005051
55467	54623	1	0.005051
55468	55568	468	1.591837
55468	54949	19	0.064626
55471	54631	3	0.000201
55471	55333	4	0.000269
55471	55399	1	0.000067
55471	54924	1859	0.124790
55471	54571	1	0.000067
55471	55404	2	0.000134
55471	54575	2	0.000134
55471	55315	1	0.000067
55471	54426	60	0.004028
55473	55576	783	1.023529
55473	55250	2	0.002614
55474	54476	33	1.031250
55475	55026	2	0.010256
55475	54399	6	0.030769
55478	55041	1	0.003003
55478	54507	1	0.003003
55478	55158	2	0.006006
55478	55377	1	0.003003
55478	54449	2	0.006006
55478	54897	1	0.003003
55478	55498	2	0.006006
55478	54631	2	0.006006
55478	55404	1	0.003003
55478	54865	2	0.006006
55478	54476	1	0.003003
55478	55221	7	0.021021
55478	55190	1	0.003003
55478	55063	1	0.003003
55478	54875	1	0.003003
55478	55164	1	0.003003
55478	54398	1	0.003003
55479	55386	1	0.034483
55480	55184	1	0.001493
55480	55051	1	0.001493
55480	54631	1	0.001493
55480	54696	1	0.001493
55480	54508	1	0.001493
55480	54399	1	0.001493
55480	55404	19	0.028358
55480	55405	1	0.001493
55480	54999	1	0.001493
55480	55696	1	0.001493
55480	55154	1	0.001493
55480	55603	2	0.002985
55480	55191	1	0.001493
55480	55221	1	0.001493
55480	55703	10	0.014925
55480	54651	1	0.001493
55480	55678	1	0.001493
55480	54623	2	0.002985
55481	54571	1	0.002500
55481	55377	3	0.007500
55481	54385	2	0.005000
55481	54472	122	0.305000
55481	55399	2	0.005000
55481	54541	1	0.002500
55481	54865	2	0.005000
55481	55250	3	0.007500
55481	55683	1	0.002500
55481	54519	306	0.765000
55482	55683	2825	3.002125
55483	55625	29	1.035714
55483	55290	28	1.000000
55483	55158	5554	198.357143
55484	54629	369	7.235294
55485	55290	1	0.011494
55485	54631	1	0.011494
55485	54541	1	0.011494
55485	55510	190	2.183908
55485	54775	1	0.011494
55486	55576	109	0.386525
55486	55653	10	0.035461
55488	54488	38	0.513514
55488	55034	4	0.054054
55488	55373	4	0.054054
55488	54631	6	0.081081
55490	54624	1	0.014085
55490	55510	80	1.126761
55490	54631	1	0.014085
55491	55377	19	0.073643
55491	54575	1	0.003876
55491	54525	45	0.174419
55491	54999	38	0.147287
55492	55343	2	0.142857
55495	54478	10190	1.807699
55498	55404	3	0.250000
55500	55510	20	0.090090
55500	54631	2	0.009009
55501	55625	29	1.035714
55501	55290	28	1.000000
55501	55158	5554	198.357143
55503	55386	21	2.625000
55504	54626	1	0.001082
55505	54561	1	0.004425
55505	54498	2	0.008850
55505	54631	9	0.039823
55505	55498	1	0.004425
55505	55404	17	0.075221
55505	54575	2	0.008850
55505	55377	1	0.004425
55505	55480	1	0.004425
55505	55290	1	0.004425
55506	55395	8	0.016771
55506	55142	1	0.002096
55506	55526	1	0.002096
55506	54599	688	1.442348
55506	54376	13	0.027254
55506	55370	503	1.054507
55506	55143	3	0.006289
55506	55404	1	0.002096
55506	55661	3	0.006289
55506	55183	42	0.088050
55506	54429	2	0.004193
55506	55250	1	0.002096
55506	55629	3	0.006289
55506	54575	1	0.002096
55506	55613	195	0.408805
55509	54449	1	0.004831
55510	54402	4	0.021390
55510	55430	4	0.021390
55510	55176	4	0.021390
55510	54537	3	0.016043
55510	55695	6	0.032086
55510	54672	4	0.021390
55510	54420	4	0.021390
55510	55189	4	0.021390
55510	55320	4	0.021390
55510	54812	5	0.026738
55510	55197	3	0.016043
55510	54947	4	0.021390
55510	55112	2	0.010695
55510	54963	4	0.021390
55510	54793	1	0.005348
55510	54458	3	0.016043
55510	54587	4	0.021390
55510	54972	5	0.026738
55510	55485	4	0.021390
55510	54462	4	0.021390
55510	55490	8	0.042781
55510	55109	5	0.026738
55510	55240	4	0.021390
55510	54731	2	0.010695
55510	55500	9	0.048128
55510	54477	4	0.021390
55510	55630	4	0.021390
55510	55001	4	0.021390
55510	55141	5	0.026738
55510	54498	186	0.994652
55510	54885	5	0.026738
55510	54375	3	0.016043
55510	54760	12	0.064171
55510	55146	5	0.026738
55510	55404	195	1.042781
55510	54512	4	0.021390
55510	55281	4	0.021390
55510	54846	5	0.026738
55510	55286	2	0.010695
55510	54520	4	0.021390
55510	54653	4	0.021390
55511	54629	163	3.075472
55513	54631	1	0.023256
55516	55162	8	0.888889
55517	55349	2	0.043478
55518	54399	1	0.023256
55519	54385	4	0.010444
55519	55399	2	0.005222
55519	54865	2	0.005222
55519	55377	2	0.005222
55522	54640	246	1.000000
55522	55538	2	0.008130
55523	55377	19	0.073643
55523	54575	1	0.003876
55523	54525	45	0.174419
55523	54999	38	0.147287
55524	54629	390	6.000000
55525	55556	42	1.000000
55526	55506	4	0.059701
55526	54831	2	0.029851
55526	55370	5	0.074627
55526	55613	5	0.074627
55526	55183	7	0.104478
55527	54498	2	0.002442
55527	55102	2	0.002442
55527	54663	2	0.002442
55527	54631	12	0.014652
55527	54729	2	0.002442
55527	55498	6	0.007326
55527	55591	2	0.002442
55527	55404	2	0.002442
55527	55438	2	0.002442
55527	54575	4	0.004884
55527	54736	2	0.002442
55527	55377	13	0.015873
55527	54995	2	0.002442
55527	55221	485	0.592186
55527	54553	2	0.002442
55527	54492	2	0.002442
55527	55678	4	0.004884
55528	54457	1	0.004367
55528	54631	1	0.004367
55528	54356	1	0.004367
55528	55221	1	0.004367
55528	54575	1	0.004367
55531	55683	1	0.000567
55531	55333	1	0.000567
55531	54631	2	0.001134
55531	54571	6	0.003401
55531	55404	3	0.001701
55531	54541	4	0.002268
55531	54575	1	0.000567
55531	55250	3	0.001701
55531	55315	1253	0.710317
55531	55034	1	0.000567
55531	54909	6539	3.706916
55532	54575	12	0.032967
55536	54726	1704	6.085714
55536	55279	1	0.003571
55538	55404	259	0.538462
55538	55405	1000	2.079002
55538	54775	3	0.006237
55539	55568	409	1.597656
55539	55620	13	0.050781
55539	54949	7	0.027344
55540	55377	3	0.009554
55540	54674	2	0.006369
55540	54498	3	0.009554
55540	54476	629	2.003185
55540	55290	3	0.009554
55542	54560	1	0.001264
55542	55298	1	0.001264
55542	54627	1	0.001264
55542	54692	1	0.001264
55542	55345	3	0.003793
55542	54385	11	0.013906
55542	54631	4	0.005057
55542	54774	1	0.001264
55542	55338	1	0.001264
55542	54571	13	0.016435
55542	55692	1	0.001264
55542	54541	1	0.001264
55542	54802	1	0.001264
55542	55377	9	0.011378
55542	55250	7	0.008850
55542	55667	1	0.001264
55542	54865	4	0.005057
55542	54519	1	0.001264
55542	55399	6	0.007585
55542	54366	1	0.001264
55544	54449	1	0.166667
55544	54559	6	1.000000
55546	55693	29	2.230769
55547	55625	29	1.035714
55547	55290	28	1.000000
55547	55158	5554	198.357143
55548	54629	73	1.028169
55550	54571	1	0.002558
55550	55377	3	0.007673
55550	54385	2	0.005115
55550	54472	115	0.294118
55550	55399	2	0.005115
55550	54541	1	0.002558
55550	54865	2	0.005115
55550	55250	3	0.007673
55550	55683	1	0.002558
55550	54519	303	0.774936
55552	55250	98	19.600000
55553	54415	67	0.411043
55554	54865	493	0.813531
55556	54496	1	0.001894
55556	54498	1	0.001894
55556	54692	1	0.001894
55556	55525	1	0.001894
55556	54743	1	0.001894
55556	54535	1	0.001894
55556	54449	1	0.001894
55556	55225	1	0.001894
55556	55340	1	0.001894
55556	54733	1	0.001894
55556	55214	2	0.003788
55556	55343	1	0.001894
55556	54769	1	0.001894
55556	54930	2	0.003788
55556	55134	1	0.001894
55556	55191	448	0.848485
55556	55396	2	0.003788
55556	54938	1	0.001894
55556	55581	2	0.003788
55556	54782	4	0.007576
55557	55404	6	0.127660
55558	54457	1	0.058824
55558	54575	1	0.058824
55562	55576	1147	1.108213
55562	55680	6	0.005797
55562	54572	6	0.005797
55562	54567	1035	1.000000
55563	55349	5	0.106383
55564	55333	4	0.000269
55564	54631	3	0.000201
55564	55404	2	0.000134
55564	54571	1	0.000067
55564	54924	1857	0.124673
55564	54575	2	0.000134
55564	55315	1	0.000067
55564	54426	60	0.004028
55564	55399	1	0.000067
55565	55250	1	0.037037
55565	54476	1	0.037037
55565	55158	1	0.037037
55566	54859	1	0.083333
55566	55603	2	0.166667
55566	54575	1	0.083333
55567	54575	1	0.018868
55568	55620	262	1.144105
55568	54949	270	1.179039
55568	54631	2	0.008734
55568	54665	290	1.266376
55568	54571	1	0.004367
55568	55436	45	0.196507
55568	54541	1	0.004367
55568	55250	1	0.004367
55568	55539	273	1.192140
55568	54645	530	2.314410
55568	55468	42	0.183406
55568	54623	2	0.008734
55568	54366	1	0.004367
55568	54693	23	0.100437
55569	55683	573	1.007030
55570	54726	5	0.025253
55570	54385	1	0.005051
55570	54571	1	0.005051
55570	54541	1	0.005051
55570	55345	1	0.005051
55570	55250	1	0.005051
55570	55377	1	0.005051
55570	54865	1	0.005051
55570	55399	1	0.005051
55570	54366	1	0.005051
55572	54909	23	1.000000
55573	55683	1624	1.000616
55574	54629	243	6.075000
55576	55680	1	0.000595
55576	54785	14	0.008333
55576	55302	2	0.001190
55576	55311	2	0.001190
55576	55562	25	0.014881
55576	54541	7	0.004167
55576	55055	4	0.002381
55576	54744	2	0.001190
55576	54678	15	0.008929
55576	54863	2	0.001190
55576	54937	2	0.001190
55576	54408	2	0.001190
55576	54555	1	0.000595
55576	55453	2	0.001190
55576	55280	23	0.013690
55576	55332	2	0.001190
55576	55333	6	0.003571
55576	54567	64	0.038095
55576	55465	2	0.001190
55576	55594	16	0.009524
55576	54571	1	0.000595
55576	54572	54	0.032143
55576	54445	2	0.001190
55576	54575	1	0.000595
55576	55473	4	0.002381
55576	55603	2	0.001190
55576	55480	2	0.001190
55576	55356	2	0.001190
55576	55486	5	0.002976
55576	55487	2	0.001190
55576	55392	5	0.002976
55576	54596	21	0.012500
55576	55377	6	0.003571
55576	54349	14	0.008333
55576	55631	3	0.001786
55576	54865	6	0.003571
55576	54354	16	0.009524
55576	55635	16	0.009524
55576	55255	2	0.001190
55576	55000	26	0.015476
55576	54747	15	0.008929
55576	54748	14	0.008333
55576	55646	13	0.007738
55576	54623	4	0.002381
55576	55264	76	0.045238
55576	54626	6	0.003571
55576	55653	5	0.002976
55576	54373	74	0.044048
55576	54631	6	0.003571
55576	55400	53	0.031548
55576	55144	3	0.001786
55576	55404	4	0.002381
55576	55023	22	0.013095
55576	55664	16	0.009524
55576	54897	9	0.005357
55576	55411	1	0.000595
55576	55110	65	0.038690
55576	55272	2	0.001190
55576	54646	14	0.008333
55576	54391	1	0.000595
55576	55290	1	0.000595
55576	54908	19	0.011310
55577	55162	51	2.125000
55581	55556	14	1.400000
55582	54726	190	2.000000
55586	55034	6	0.093750
55586	54575	3	0.046875
55590	54426	2	0.064516
55590	54575	2	0.064516
55591	54629	130	6.190476
55593	54691	15	0.555556
55593	54614	15	0.555556
55594	55576	301	0.882698
55595	55683	2093	3.007184
55596	54385	2	0.012903
55596	54575	1	0.006452
55596	54631	1	0.006452
55597	55683	34	0.053459
55602	54498	130	26.000000
55604	54779	9	0.022785
55604	54631	24	0.060759
55604	54700	2	0.005063
55604	54775	2	0.005063
55604	55404	8	0.020253
55604	54575	2	0.005063
55604	55250	3	0.007595
55604	55315	30	0.075949
55604	54519	16	0.040506
55604	54811	2	0.005063
55605	55386	339	3.081818
55605	54366	2	0.018182
55606	55386	74	4.111111
55609	54575	1	0.021739
55610	55625	29	1.035714
55610	55290	28	1.000000
55610	55158	5554	198.357143
55612	54575	1	0.012658
55613	54599	313	0.857534
55613	55395	8	0.021918
55613	55142	1	0.002740
55613	55526	1	0.002740
55613	55399	2	0.005479
55613	54376	13	0.035616
55613	55370	294	0.805479
55613	54571	1	0.002740
55613	55404	1	0.002740
55613	55250	1	0.002740
55613	54575	1	0.002740
55613	55377	1	0.002740
55613	55506	1546	4.235616
55613	55143	3	0.008219
55613	55629	3	0.008219
55613	55661	3	0.008219
55613	55183	33	0.090411
55613	54429	2	0.005479
55613	54366	1	0.002740
55615	54779	3	0.057692
55615	55349	13	0.250000
55616	55172	1	0.021739
55616	55538	1	0.021739
55616	54449	2	0.043478
55616	55404	5	0.108696
55616	54623	1	0.021739
55618	55683	730	3.016529
55618	54631	242	1.000000
55619	54798	1	0.002155
55619	54936	1	0.002155
55619	55443	1	0.002155
55619	54551	1	0.002155
55619	54424	1	0.002155
55619	55069	1	0.002155
55619	54952	6	0.012931
55619	55210	1	0.002155
55619	54575	8	0.017241
55619	54449	1	0.002155
55619	55221	9	0.019397
55619	55480	4	0.008621
55619	55357	1	0.002155
55619	54724	1	0.002155
55619	54729	1	0.002155
55619	55247	2	0.004310
55619	55377	1	0.002155
55619	54355	7	0.015086
55619	55644	1	0.002155
55619	55140	1	0.002155
55619	55527	1	0.002155
55619	55404	2	0.004310
55619	55418	1	0.002155
55619	54523	1	0.002155
55620	55568	241	1.606667
55620	55528	2	0.013333
55620	55539	2	0.013333
55622	55377	3	0.000594
55622	54385	3	0.000594
55622	54571	3	0.000594
55622	55345	3	0.000594
55622	55250	3	0.000594
55622	54865	3	0.000594
55622	55399	3	0.000594
55622	54431	3212	0.635536
55623	55386	6	0.139535
55625	55290	27	1.000000
55625	55158	5357	198.407407
55628	54482	8	1.333333
55628	55404	4	0.666667
55629	55395	8	0.028571
55629	55142	1	0.003571
55629	55526	1	0.003571
55629	54599	313	1.117857
55629	54376	13	0.046429
55629	55370	294	1.050000
55629	55143	3	0.010714
55629	55404	1	0.003571
55629	55250	1	0.003571
55629	54575	1	0.003571
55629	54429	2	0.007143
55629	55506	1550	5.535714
55629	55661	3	0.010714
55629	55183	33	0.117857
55629	55613	182	0.650000
55630	55510	68	5.230769
55631	55576	8	0.015267
55634	54629	200	5.000000
55635	55576	239	1.000000
55637	54629	741	10.013514
55642	55488	1	0.000396
55642	55232	1	0.000396
55642	55170	1	0.000396
55642	55377	1	0.000396
55642	54631	3	0.001188
55642	54571	2	0.000792
55642	55404	4	0.001584
55642	54541	1	0.000396
55642	54385	2	0.000792
55642	55250	8	0.003167
55642	54741	1	0.000396
55642	54391	1	0.000396
55642	55609	2	0.000792
55642	55034	4395	1.739905
55642	55399	1	0.000396
55642	54396	1	0.000396
55642	55519	1	0.000396
55643	54629	95	6.333333
55644	54629	320	5.333333
55645	55386	58	3.052632
55646	55576	8	0.021333
55648	55333	4	0.000268
55648	54631	3	0.000201
55648	55404	2	0.000134
55648	54571	1	0.000067
55648	54924	1872	0.125536
55648	54575	2	0.000134
55648	55315	1	0.000067
55648	54426	60	0.004024
55648	55399	1	0.000067
55649	54790	2	0.000450
55649	54539	2	0.000450
55649	55693	4	0.000900
55649	55443	14	0.003152
55649	55701	2	0.000450
55649	55190	2	0.000450
55649	54935	2	0.000450
55649	54424	24	0.005403
55649	54952	12	0.002701
55649	54442	2	0.000450
55649	54449	2	0.000450
55649	55221	1	0.000225
55649	55231	2	0.000450
55649	55619	2	0.000450
55649	54598	2	0.000450
55649	55368	8	0.001801
55649	54729	2	0.000450
55649	55247	10	0.002251
55649	55377	40	0.009005
55649	54355	2	0.000450
55649	54999	2	0.000450
55649	54489	2	0.000450
55649	55130	4	0.000900
55649	54626	2	0.000450
55649	54631	2	0.000450
55649	55406	4	0.000900
55649	54897	4	0.000900
55649	54523	2	0.000450
55649	55164	63	0.014183
55649	54398	2	0.000450
55650	55625	29	1.035714
55650	55290	28	1.000000
55650	55158	5554	198.357143
55653	55576	195	3.611111
55655	54606	25	5.000000
55657	54575	7	0.583333
55658	54498	1	0.000687
55658	54507	1	0.000687
55658	54692	1	0.000687
55658	55345	1	0.000687
55658	55399	1	0.000687
55658	55338	1	0.000687
55658	54571	1	0.000687
55658	54541	1	0.000687
55658	55377	1	0.000687
55658	55250	1	0.000687
55658	54627	2	0.001375
55658	54865	3	0.002062
55658	54391	1	0.000687
55658	54424	2	0.001375
55658	54385	1	0.000687
55658	54366	1	0.000687
55658	55333	1	0.000687
55661	55250	1	0.003571
55661	55395	8	0.028571
55661	55526	1	0.003571
55661	55142	1	0.003571
55661	54599	313	1.117857
55661	54376	13	0.046429
55661	55370	294	1.050000
55661	55143	3	0.010714
55661	55404	1	0.003571
55661	55629	3	0.010714
55661	54575	1	0.003571
55661	54429	2	0.007143
55661	55506	1549	5.532143
55661	55183	33	0.117857
55661	55613	182	0.650000
55662	54999	1	0.003115
55663	55333	1	0.041667
55663	55377	1	0.041667
55663	55399	1	0.041667
55663	54571	2	0.083333
55663	55343	1	0.041667
55663	54385	1	0.041667
55663	55250	1	0.041667
55663	54865	1	0.041667
55663	54366	1	0.041667
55664	55576	834	4.009615
55666	55250	2272	8.000000
55666	54613	2	0.007042
55668	55232	1	0.000389
55668	55488	1	0.000389
55668	55170	1	0.000389
55668	54631	3	0.001168
55668	54571	1	0.000389
55668	55404	4	0.001558
55668	54385	1	0.000389
55668	55250	4	0.001558
55668	54741	1	0.000389
55668	55609	2	0.000779
55668	55034	4298	1.673676
55668	54396	1	0.000389
55669	54833	16	0.253968
55669	54726	71	1.126984
55671	55683	1	0.015873
55672	54704	39	1.000000
55673	54476	62	2.066667
55674	55683	2493	3.003614
55675	55386	2	0.043478
55677	54399	1	0.017544
55678	54401	1	0.015385
55678	54915	1	0.015385
55678	55051	1	0.015385
55678	54659	1	0.015385
55678	55443	1	0.015385
55678	54426	1	0.015385
55678	54696	1	0.015385
55678	55593	1	0.015385
55678	54700	2	0.030769
55678	54958	1	0.015385
55678	54575	1	0.015385
55678	55221	1	0.015385
55678	55368	1	0.015385
55678	54729	1	0.015385
55678	54732	1	0.015385
55678	54610	1	0.015385
55678	54355	1	0.015385
55678	54356	1	0.015385
55678	54999	1	0.015385
55678	54626	1	0.015385
55678	54395	1	0.015385
55678	55527	1	0.015385
55678	55153	1	0.015385
55678	55154	1	0.015385
55678	55288	1	0.015385
55678	54651	1	0.015385
55678	55038	1	0.015385
55678	54399	1	0.015385
55680	54865	1	0.011364
55680	54571	1	0.011364
55680	54476	1	0.011364
55680	55377	2	0.022727
55680	55250	1	0.011364
55680	54366	1	0.011364
55682	55693	12	1.000000
55683	54400	1249	1.313354
55683	54657	1341	1.410095
55683	55042	1226	1.289169
55683	54892	1081	1.136698
55683	55693	7	0.007361
55683	55569	1000	1.051525
55683	54674	7	0.007361
55683	55187	1195	1.256572
55683	54676	1100	1.156677
55683	55573	1320	1.388013
55683	55193	1054	1.108307
55683	54812	7	0.007361
55683	54815	1441	1.515247
55683	54819	1091	1.147213
55683	54948	913	0.960042
55683	54953	1118	1.175605
55683	54826	1262	1.327024
55683	55595	1289	1.355415
55683	55597	1069	1.124080
55683	54579	1091	1.147213
55683	55350	978	1.028391
55683	54712	238	0.250263
55683	55482	1040	1.093586
55683	55358	1111	1.168244
55683	55105	1030	1.083070
55683	55618	1030	1.083070
55683	54599	7	0.007361
55683	55701	2	0.002103
55683	54986	1226	1.289169
55683	54996	1141	1.199790
55683	54360	1477	1.553102
55683	55260	1415	1.487907
55683	54394	1107	1.164038
55683	54753	1187	1.248160
55683	55266	1286	1.352261
55683	54627	17	0.017876
55683	54630	1019	1.071504
55683	54631	6	0.006309
55683	54888	969	1.018927
55683	54505	1011	1.063091
55683	55276	1027	1.079916
55683	54637	3701	3.891693
55683	54384	1237	1.300736
55683	55404	5	0.005258
55683	55538	2	0.002103
55683	54644	1150	1.209253
55683	55017	1227	1.290221
55683	55674	989	1.039958
55683	55678	2	0.002103
55683	54933	46	0.048370
55684	54648	1	0.019608
55684	54530	1	0.019608
55684	55180	51	1.000000
55684	55162	1	0.019608
55684	55694	1	0.019608
55685	54575	1	0.033333
55687	54850	7	0.538462
55690	55395	8	0.025157
55690	55183	33	0.103774
55690	55142	1	0.003145
55690	55526	1	0.003145
55690	55143	3	0.009434
55690	54376	13	0.040881
55690	55370	294	0.924528
55690	54599	313	0.984277
55690	55404	1	0.003145
55690	55506	1566	4.924528
55690	55661	3	0.009434
55690	55250	1	0.003145
55690	55613	182	0.572327
55690	55629	3	0.009434
55690	54575	1	0.003145
55690	54429	2	0.006289
55693	55682	3	0.002140
55693	54571	7	0.004993
55693	54790	405	0.288873
55693	54541	2	0.001427
55693	54414	3	0.002140
55693	54935	14792	10.550642
55693	54449	1	0.000713
55693	55339	4	0.002853
55693	55342	3	0.002140
55693	55345	3	0.002140
55693	55221	1	0.000713
55693	55106	8	0.005706
55693	55363	3	0.002140
55693	55377	72	0.051355
55693	54865	1	0.000713
55693	55250	5	0.003566
55693	54613	1	0.000713
55693	54366	1	0.000713
55693	54368	5514	3.932953
55693	55649	3	0.002140
55693	54498	1	0.000713
55693	54627	53	0.037803
55693	54631	3	0.002140
55693	55399	3	0.002140
55693	55404	253	0.180456
55693	54385	4	0.002853
55693	55546	3	0.002140
55693	55164	11	0.007846
55693	54398	2	0.001427
55694	55162	6	0.043165
55694	54541	2	0.014388
55695	54624	1	0.100000
55695	55510	52	5.200000
55695	54631	1	0.100000
55697	55386	2	0.041667
55700	54698	3	0.300000
55700	55191	6	0.600000
55701	54575	1	0.040000
55701	55404	1	0.040000
55701	54631	1	0.040000
55703	55480	63	0.364162
55703	55404	66	0.381503
55703	54623	56	0.323699
55705	55333	4	0.000268
55705	54631	3	0.000201
55705	55404	2	0.000134
55705	54571	1	0.000067
55705	54924	1857	0.124606
55705	54575	2	0.000134
55705	55315	1	0.000067
55705	54426	60	0.004026
55705	55399	1	0.000067
54345	54629	198	6.000000
54346	55345	1	0.003534
54346	55399	1	0.003534
54346	54508	1	0.003534
54346	54571	1	0.003534
54346	55596	12	0.042403
54346	55053	1174	4.148410
54346	55377	1	0.003534
54346	55250	1	0.003534
54346	54865	1	0.003534
54346	55353	1	0.003534
54346	54366	1	0.003534
54346	54385	1	0.003534
54347	54559	6	1.000000
54348	55386	4	0.173913
54349	55576	217	1.058537
54350	55349	2	0.050000
54352	54631	11	0.031429
54352	54440	2	0.005714
54352	55401	11	0.031429
54352	54858	2	0.005714
54352	54385	5	0.014286
54352	55221	3	0.008571
54352	55416	12	0.034286
54354	55576	18	0.038627
54354	54863	10	0.021459
54355	55069	1	0.000752
54355	54629	1	0.000752
54355	54631	1	0.000752
54355	54952	1	0.000752
54355	55210	1	0.000752
54355	55404	2	0.001505
54355	54798	1	0.000752
54355	54799	1	0.000752
54355	55377	1	0.000752
54355	54517	1	0.000752
54355	54936	1	0.000752
54355	55221	1	0.000752
54355	54575	1	0.000752
54355	55498	1	0.000752
54355	55678	1	0.000752
54355	54623	1	0.000752
54356	55616	384	0.525308
54356	55404	6	0.008208
54356	54575	769	1.051984
54356	54449	774	1.058824
54356	54899	1	0.001368
54356	55221	7	0.009576
54356	55230	383	0.523940
54359	54559	5	1.000000
54360	55683	292	1.182186
54361	55680	5	0.185185
54361	55333	1	0.037037
54361	55377	1	0.037037
54361	54865	1	0.037037
54361	54476	30	1.111111
54361	54571	1	0.037037
54361	54572	4	0.148148
54361	55345	1	0.037037
54361	55250	1	0.037037
54361	55353	1	0.037037
54361	54391	1	0.037037
54361	54385	1	0.037037
54361	55399	1	0.037037
54361	54366	1	0.037037
54362	55625	29	1.035714
54362	55290	28	1.000000
54362	55158	5554	198.357143
54363	54936	1	0.005988
54363	55377	1	0.005988
54363	54629	668	4.000000
54364	55386	87	3.107143
54366	55386	1	0.001866
54366	55399	1	0.001866
54368	55377	12	0.060302
54369	55307	2	0.001326
54370	54629	177	5.363636
54371	54648	1	0.142857
54371	55250	108	15.428571
54371	55399	2	0.285714
54371	54837	1	0.142857
54371	55519	1	0.142857
54372	55232	1	0.000436
54372	55488	1	0.000436
54372	55170	1	0.000436
54372	54631	3	0.001308
54372	54571	1	0.000436
54372	55404	4	0.001744
54372	54385	1	0.000436
54372	55250	4	0.001744
54372	54741	1	0.000436
54372	55609	2	0.000872
54372	55034	3997	1.742371
54372	54396	1	0.000436
54373	55576	60	1.111111
54373	55680	1	0.018519
54373	54434	1	0.018519
54373	54572	1	0.018519
54374	55377	1	0.001393
54375	55510	72	1.090909
54375	54462	2	0.030303
54376	55395	8	0.028571
54376	55142	1	0.003571
54376	55526	1	0.003571
54376	54599	313	1.117857
54376	55370	294	1.050000
54376	55143	3	0.010714
54376	55404	1	0.003571
54376	55250	1	0.003571
54376	54575	1	0.003571
54376	54429	2	0.007143
54376	55506	1551	5.539286
54376	55629	3	0.010714
54376	55661	3	0.010714
54376	55183	33	0.117857
54376	55613	182	0.650000
54377	55333	4	0.000266
54377	54631	3	0.000200
54377	55404	2	0.000133
54377	54571	1	0.000067
54377	54924	1884	0.125516
54377	54575	2	0.000133
54377	55315	1	0.000067
54377	54426	60	0.003997
54377	55399	1	0.000067
54378	54631	1	0.041667
54378	54575	1	0.041667
54379	54624	1	0.028571
54379	55649	1	0.028571
54379	54629	220	6.285714
54380	55488	1	0.000395
54380	55232	1	0.000395
54380	55170	1	0.000395
54380	54631	3	0.001186
54380	54571	1	0.000395
54380	55404	4	0.001581
54380	54385	1	0.000395
54380	55250	4	0.001581
54380	54741	1	0.000395
54380	55609	2	0.000791
54380	55034	4258	1.683004
54380	54396	1	0.000395
54380	55098	1	0.000395
54381	55290	1	0.032258
54381	54476	63	2.032258
54382	54598	5	0.001864
54382	55399	48	0.017890
54382	55337	2	0.000745
54382	54631	3	0.001118
54382	55404	2	0.000745
54382	54575	1	0.000373
54382	54399	31	0.011554
54384	55683	288	1.111969
54384	54948	2	0.007722
54385	54571	2	0.008439
54385	55051	1	0.004219
54385	54366	1	0.004219
54385	55399	1	0.004219
54385	55377	2	0.008439
54387	55386	6	0.206897
54389	54606	35	5.000000
54391	55345	26	1.000000
54393	54559	4	1.000000
54394	55683	974	3.006173
54395	54369	1	0.001650
54395	54498	2	0.003300
54395	54571	13	0.021452
54395	54631	1	0.001650
54395	55307	3	0.004950
54395	55404	302	0.498350
54395	55250	5	0.008251
54395	55438	3	0.004950
54395	54575	5	0.008251
54395	54482	2	0.003300
54395	55221	1	0.001650
54395	54619	2	0.003300
54395	54623	3	0.004950
54396	55404	4	0.013605
54396	55034	291	0.989796
54396	55428	292	0.993197
54396	55250	582	1.979592
54396	55438	2	0.006803
54398	55049	1	0.001631
54398	55434	1	0.001631
54398	55310	1	0.001631
54398	54927	1	0.001631
54398	54931	1	0.001631
54398	55574	1	0.001631
54398	55322	1	0.001631
54398	55331	1	0.001631
54398	54570	1	0.001631
54398	55089	1	0.001631
54398	54997	1	0.001631
54398	55221	1	0.001631
54398	54345	1	0.001631
54398	55498	1	0.001631
54398	54861	1	0.001631
54398	55249	1	0.001631
54398	54994	1	0.001631
54398	55637	1	0.001631
54398	54543	1	0.001631
54398	55004	1162	1.895595
54398	54500	1	0.001631
54398	54629	14	0.022838
54398	54631	4	0.006525
54398	54379	1	0.001631
54398	55404	12	0.019576
54398	55278	1	0.001631
54398	54899	1	0.001631
54398	55419	1	0.001631
54398	55678	4	0.006525
54398	55253	1	0.001631
54399	55041	5	0.005192
54399	54742	2	0.002077
54399	55433	3	0.003115
54399	55441	4	0.004154
54399	54510	2	0.002077
54399	55063	1	0.001038
54399	55077	2	0.002077
54399	55337	3	0.003115
54399	54700	1	0.001038
54399	55538	1	0.001038
54399	54959	2	0.002077
54399	54960	3	0.003115
54399	54449	1	0.001038
54399	55475	3	0.003115
54399	55221	12	0.012461
54399	55480	3	0.003115
54399	54457	7	0.007269
54399	54598	1	0.001038
54399	54857	14	0.014538
54399	54613	2	0.002077
54399	54486	5	0.005192
54399	54623	3	0.003115
54399	54631	64	0.066459
54399	55404	56	0.058152
54399	54382	3	0.003115
54399	55026	3	0.003115
54400	55683	1285	1.011811
54401	54436	1	0.008621
54401	54821	1	0.008621
54401	55530	1	0.008621
54401	55404	1	0.008621
54401	54575	2	0.017241
54401	54865	1	0.008621
54401	55221	5	0.043103
54401	54518	1	0.008621
54401	54457	1	0.008621
54401	54941	2	0.017241
54402	55158	2	0.095238
54402	55510	46	2.190476
54404	54476	32	1.032258
54408	55576	278	1.045113
54411	54726	778	2.036649
54412	55386	2	2.000000
54414	55693	19	1.357143
54415	54498	1	0.001045
54415	55462	42	0.043887
54415	54631	2	0.002090
54415	54571	2	0.002090
54415	54541	3	0.003135
54415	55343	319	0.333333
54415	55376	128	0.133751
54415	55377	2	0.002090
54415	55250	2	0.002090
54415	54366	2	0.002090
54415	55095	71	0.074190
54415	54385	1	0.001045
54415	55386	1	0.001045
54415	55038	42	0.043887
54416	55153	3	0.009231
54416	54449	1	0.003077
54416	55404	5	0.015385
54416	54575	30	0.092308
54416	55377	2	0.006154
54416	55030	326	1.003077
54416	54457	1	0.003077
54416	54399	1	0.003077
54416	54623	2	0.006154
54417	55505	6	3.000000
54417	55498	2	1.000000
54417	55404	2	1.000000
54417	54631	2	1.000000
54418	54629	38	1.085714
54419	55616	2	0.038462
54419	55609	1	0.019231
54420	55510	28	1.473684
54420	54631	2	0.105263
54421	54385	1	0.027027
54421	54487	1	0.027027
54421	54876	1	0.027027
54421	54956	1	0.027027
54421	55343	3	0.081081
54424	55042	1	0.000747
54424	55683	3	0.002240
54424	54541	2	0.001494
54424	55443	2	0.001494
54424	55701	2	0.001494
54424	54571	2	0.001494
54424	55597	1	0.000747
54424	54449	1	0.000747
54424	55221	2	0.001494
54424	55350	1	0.000747
54424	55105	1	0.000747
54424	55618	1	0.000747
54424	55377	3	0.002240
54424	55250	2	0.001494
54424	54360	1	0.000747
54424	54366	2	0.001494
54424	55266	1	0.000747
54424	54630	1	0.000747
54424	54865	2	0.001494
54424	54505	1	0.000747
54424	55658	1	0.000747
54424	55399	2	0.001494
54424	54385	2	0.001494
54424	55678	2	0.001494
54424	54391	1	0.000747
54424	54523	2	0.001494
54424	55164	2	0.001494
54424	54398	2	0.001494
54425	55105	1	0.034483
54425	54363	1	0.034483
54425	55089	1	0.034483
54425	54472	1	0.034483
54425	54888	1	0.034483
54425	55210	1	0.034483
54425	54765	1	0.034483
54425	54927	1	0.034483
54425	55377	3423	118.034483
54425	55187	1	0.034483
54425	54645	1	0.034483
54425	54935	1	0.034483
54425	54936	1	0.034483
54425	55419	1	0.034483
54425	54779	1	0.034483
54426	54498	1	0.002825
54426	55590	3	0.008475
54426	54631	2	0.005650
54426	54541	1	0.002825
54426	54449	1	0.002825
54426	54484	4	0.011299
54426	54457	4	0.011299
54427	55345	1	0.004000
54427	55399	1	0.004000
54427	54508	1	0.004000
54427	54571	1	0.004000
54427	55596	12	0.048000
54427	55053	1189	4.756000
54427	55377	1	0.004000
54427	55250	1	0.004000
54427	54865	1	0.004000
54427	55353	1	0.004000
54427	54366	1	0.004000
54427	54385	1	0.004000
54428	54606	6	0.240000
54429	55395	8	0.026936
54429	55142	1	0.003367
54429	55526	1	0.003367
54429	54599	313	1.053872
54429	54376	14	0.047138
54429	55370	294	0.989899
54429	55143	3	0.010101
54429	55404	1	0.003367
54429	55250	1	0.003367
54429	54575	1	0.003367
54429	55506	1569	5.282828
54429	55629	3	0.010101
54429	55661	3	0.010101
54429	55183	33	0.111111
54429	55613	182	0.612795
54430	55349	2	0.051282
54431	55377	3	0.000598
54431	54385	3	0.000598
54431	54571	3	0.000598
54431	55345	3	0.000598
54431	55250	3	0.000598
54431	54865	3	0.000598
54431	55399	3	0.000598
54433	55180	1	0.015152
54433	55162	1	0.015152
54433	54651	1	0.015152
54433	54804	69	1.045455
54434	54476	1	0.166667
54436	55552	52	0.112069
54436	54401	1	0.002155
54436	55333	1	0.002155
54436	55142	163	0.351293
54436	55016	2	0.004310
54436	55530	1	0.002155
54436	55250	11117	23.959052
54436	55091	77	0.165948
54436	55352	2	0.004310
54436	54941	1	0.002155
54437	54726	10	0.073529
54437	55399	3	0.022059
54437	54508	3	0.022059
54437	54541	3	0.022059
54437	55184	6	0.044118
54437	55250	3	0.022059
54440	54352	2	0.010204
54440	55416	10	0.051020
54440	54858	2	0.010204
54440	54575	1	0.005102
54442	54627	1	0.021739
54444	55683	1	0.000569
54444	55333	1	0.000569
54444	54631	2	0.001137
54444	54571	6	0.003411
54444	55404	3	0.001706
54444	54541	4	0.002274
54444	54575	1	0.000569
54444	55250	3	0.001706
54444	55315	1249	0.710063
54444	55034	1	0.000569
54444	54909	6525	3.709494
54445	55576	4	0.007782
54445	54631	2	0.003891
54446	54793	2	0.001116
54446	55221	2	0.001116
54446	54541	1770	0.987723
54446	54775	1	0.000558
54447	55349	2	0.076923
54448	55349	2	0.046512
54449	55404	120	0.175695
54449	55221	4	0.005857
54449	54623	2	0.002928
54451	54575	1	0.029412
54455	54726	3	0.020548
54456	55343	92	0.609272
54456	55497	98	0.649007
54456	55212	98	0.649007
54456	55663	98	0.649007
54456	55409	97	0.642384
54456	54569	98	0.649007
54456	54939	98	0.649007
54456	55549	98	0.649007
54457	54575	1	0.000706
54457	55404	10	0.007062
54457	55221	5	0.003531
54457	54775	2	0.001412
54458	55232	1	0.083333
54458	55510	16	1.333333
54458	55158	2	0.166667
54459	54726	8	0.013699
54460	55232	1	0.000403
54460	55488	1	0.000403
54460	55170	1	0.000403
54460	54631	3	0.001210
54460	54571	1	0.000403
54460	55404	4	0.001613
54460	54385	1	0.000403
54460	55250	4	0.001613
54460	54741	1	0.000403
54460	55609	2	0.000806
54460	55034	4241	1.710081
54460	54396	1	0.000403
54461	55683	1	0.011236
54461	55349	2	0.022472
54462	55510	56	1.098039
54463	55683	1	0.000569
54463	55333	1	0.000569
54463	54631	2	0.001137
54463	54571	6	0.003411
54463	55404	3	0.001706
54463	54541	4	0.002274
54463	54575	1	0.000569
54463	55250	3	0.001706
54463	55315	1249	0.710063
54463	55034	1	0.000569
54463	54909	6525	3.709494
54464	55184	1	0.001082
54464	54865	7	0.007576
54464	55345	3	0.003247
54464	55377	4	0.004329
54464	55399	7	0.007576
54464	54508	1	0.001082
54464	54571	5	0.005411
54464	55404	2	0.002165
54464	54541	4	0.004329
54464	54576	3456	3.740260
54464	54385	7	0.007576
54464	55250	7	0.007576
54464	55091	2	0.002165
54464	54582	3	0.003247
54464	54876	1	0.001082
54464	54366	2	0.002165
54467	55349	2	0.031250
54467	55399	1	0.015625
54468	54629	164	6.074074
54471	54729	1	0.016949
54471	54629	182	3.084746
54472	55683	1	0.001748
54472	55377	3	0.005245
54472	55399	2	0.003497
54472	54571	1	0.001748
54472	54541	1	0.001748
54472	54865	2	0.003497
54472	55250	3	0.005245
54472	54519	466	0.814685
54472	54385	2	0.003497
54473	54571	4	0.031746
54473	54541	4	0.031746
54473	54415	70	0.555556
54473	55377	4	0.031746
54473	55250	4	0.031746
54473	54366	4	0.031746
54474	55171	1	0.001159
54474	55334	1	0.001159
54474	55078	1	0.001159
54474	54573	1	0.001159
54474	54575	1	0.001159
54474	55377	1	0.001159
54474	55570	1	0.001159
54474	54611	1	0.001159
54474	55063	1	0.001159
54474	55129	1	0.001159
54474	55582	1	0.001159
54476	55680	7	0.006211
54476	55040	2	0.001775
54476	54404	1	0.000887
54476	54789	3	0.002662
54476	55020	24	0.021295
54476	54667	27	0.023957
54476	55565	1	0.000887
54476	55277	1	0.000887
54476	55568	1	0.000887
54476	54674	2	0.001775
54476	54961	22	0.019521
54476	55702	3	0.002662
54476	54624	2	0.001775
54476	54554	2	0.001775
54476	55323	40	0.035492
54476	54556	17	0.015084
54476	54810	2	0.001775
54476	54814	1	0.000887
54476	55329	1	0.000887
54476	54434	1	0.000887
54476	55333	6	0.005324
54476	54449	1	0.000887
54476	55082	13	0.011535
54476	54571	7	0.006211
54476	54572	2	0.001775
54476	55345	5	0.004437
54476	55474	33	0.029281
54476	55603	1	0.000887
54476	55604	1	0.000887
54476	55349	1	0.000887
54476	55478	1	0.000887
54476	54839	1	0.000887
54476	55353	4	0.003549
54476	54581	3	0.002662
54476	54465	23	0.020408
54476	54631	10	0.008873
54476	55241	1	0.000887
54476	54647	2	0.001775
54476	55377	7	0.006211
54476	55250	7	0.006211
54476	55510	2	0.001775
54476	54713	39	0.034605
54476	54361	4	0.003549
54476	55399	8	0.007098
54476	54366	7	0.006211
54476	54623	4	0.003549
54476	54752	2	0.001775
54476	55137	1	0.000887
54476	54498	2	0.001775
54476	54629	1	0.000887
54476	54865	10	0.008873
54476	54890	2	0.001775
54476	54635	1346	1.194321
54476	55404	118	0.104703
54476	54381	31	0.027507
54476	54385	6	0.005324
54476	55538	1	0.000887
54476	55289	1	0.000887
54476	55158	10	0.008873
54476	54391	1	0.000887
54476	54539	1	0.000887
54476	55673	27	0.023957
54476	55290	6	0.005324
54476	55359	4	0.003549
54477	54587	1	0.016129
54477	55158	2	0.032258
54477	55510	64	1.032258
54478	55103	6	0.000718
54478	54639	5	0.000598
54478	55262	1	0.000120
54478	55495	581	0.069489
54479	55184	1	0.001058
54479	54865	7	0.007407
54479	55345	3	0.003175
54479	55377	4	0.004233
54479	55399	7	0.007407
54479	54508	1	0.001058
54479	54571	5	0.005291
54479	55404	2	0.002116
54479	54541	4	0.004233
54479	54576	3478	3.680423
54479	54385	7	0.007407
54479	55250	7	0.007407
54479	55091	2	0.002116
54479	54582	3	0.003175
54479	54876	1	0.001058
54479	54366	2	0.002116
54481	55386	43	0.581081
54482	55628	2	1.000000
54484	55404	1	0.009346
54484	54426	209	1.953271
54484	54924	102	0.953271
54484	54631	104	0.971963
54486	55441	2	0.018868
54486	54959	1	0.009434
54486	55404	2	0.018868
54486	54446	2	0.018868
54486	54399	4	0.037736
54487	54421	1	0.100000
54487	55343	1	0.100000
54489	54449	1	0.001848
54489	55498	1	0.001848
54489	55404	1	0.001848
54489	54575	2	0.003697
54489	55377	3	0.005545
54489	55221	1	0.001848
54489	55678	4	0.007394
54492	54629	590	14.047619
54493	55377	19	0.073643
54493	54575	1	0.003876
54493	54525	45	0.174419
54493	54999	38	0.147287
54494	54399	3	0.066667
54495	54399	9	0.191489
54496	55556	12	0.144578
54496	55343	1	0.012048
54497	55625	29	1.035714
54497	55290	28	1.000000
54497	55158	5554	198.357143
54498	54482	2	1.000000
54500	54629	310	5.081967
54504	55488	1	0.000393
54504	55232	1	0.000393
54504	55170	1	0.000393
54504	54631	3	0.001178
54504	54571	1	0.000393
54504	55404	4	0.001571
54504	54385	1	0.000393
54504	55250	4	0.001571
54504	54741	1	0.000393
54504	55609	2	0.000786
54504	55034	4413	1.733307
54504	54396	1	0.000393
54505	55683	2611	4.010753
54506	55349	3	0.043478
54507	55504	1	0.001065
54507	54865	1	0.001065
54507	54778	1	0.001065
54507	55063	1	0.001065
54507	55399	1	0.001065
54508	55399	1	0.002463
54508	54631	6	0.014778
54508	55377	6	0.014778
54508	55603	1	0.002463
54508	54486	5	0.012315
54508	54399	1	0.002463
54510	54498	1	0.003597
54510	55172	4	0.014388
54510	55377	1	0.003597
54510	54449	1	0.003597
54510	55498	1	0.003597
54510	55404	3	0.010791
54510	54541	1	0.003597
54510	54575	2	0.007194
54510	55153	1	0.003597
54510	54399	5	0.017986
54511	54726	480	5.000000
54512	55510	519	10.176471
54517	55025	3	0.053571
54517	54629	338	6.035714
54519	54627	2	0.043478
54519	55399	2	0.043478
54519	54472	46	1.000000
54519	54571	1	0.021739
54519	54989	46	1.000000
54519	55343	2	0.043478
54519	54576	46	1.000000
54519	55377	1	0.021739
54519	55315	2	0.043478
54519	55157	46	1.000000
54519	55091	2	0.043478
54519	55519	2	0.043478
54520	54624	1	0.012195
54520	55158	1	0.012195
54520	55510	184	2.243902
54521	54726	99	0.510309
54522	55153	1	0.006711
54522	54457	23	0.154362
54522	54575	4	0.026846
54523	54528	1	0.000966
54523	54449	5	0.004831
54523	54952	2	0.001932
54523	54631	5	0.004831
54523	55440	1	0.000966
54523	55377	5	0.004831
54523	55221	1	0.000966
54523	55097	1	0.000966
54523	54363	1	0.000966
54523	55069	226	0.218357
54523	55678	8	0.007729
54523	55445	1	0.000966
54525	55377	31	0.430556
54525	54519	1	0.013889
54525	54575	1	0.013889
54525	54999	62	0.861111
54526	54629	340	8.095238
54528	54629	206	6.058824
54530	54648	2	0.057143
54530	55162	125	3.571429
54530	55519	1	0.028571
54531	55349	1	0.013158
54532	55377	19	0.073643
54532	54575	1	0.003876
54532	54525	45	0.174419
54532	54999	38	0.147287
54533	54865	136	5.440000
54534	55353	1	0.007874
54534	54611	114	0.897638
54534	54726	441	3.472441
54534	55399	2	0.015748
54535	55556	15	1.875000
54536	55262	2	0.000387
54536	54478	9441	1.825759
54537	55510	111	2.094340
54537	54631	2	0.037736
54538	55404	1	0.016393
54538	54508	36	0.590164
54538	54575	1	0.016393
54539	54810	2	0.002151
54539	55329	2	0.002151
54539	54626	2	0.002151
54539	55404	5	0.005376
54539	54476	4	0.004301
54539	54575	12	0.012903
54539	54897	2	0.002151
54539	55158	873	0.938710
54539	54647	2	0.002151
54539	55576	2	0.002151
54539	55290	1	0.001075
54539	54554	2	0.002151
54540	55334	224	2.604651
54541	55172	184	3.538462
54541	54446	1	0.019231
54543	54629	118	6.210526
54544	54726	293	2.006849
54550	54726	91	0.989130
54551	54629	665	7.000000
54552	54571	400	18.181818
54554	54476	4	0.117647
54556	54476	3	0.125000
54556	54631	1	0.041667
54557	55232	1	0.000400
54557	55488	1	0.000400
54557	55170	1	0.000400
54557	54631	3	0.001201
54557	54571	1	0.000400
54557	55404	4	0.001602
54557	54385	1	0.000400
54557	55250	4	0.001602
54557	54741	1	0.000400
54557	55609	2	0.000801
54557	55034	4287	1.716860
54557	54396	1	0.000400
54559	55426	1	0.003058
54559	54634	2	0.006116
54559	54347	4	0.012232
54559	55404	3	0.009174
54559	54575	32	0.097859
54559	55379	1	0.003058
54559	55351	1	0.003058
54559	55221	2	0.006116
54559	54359	1	0.003058
54559	54393	1	0.003058
54559	55386	2	0.006116
54559	55294	2	0.006116
54561	54631	12	0.079470
54561	54700	2	0.013245
54561	55498	1	0.006623
54561	55404	585	3.874172
54561	55438	1	0.006623
54561	54575	2	0.013245
54561	54449	1	0.006623
54561	55221	1	0.006623
54561	54623	1	0.006623
54562	54726	19	0.950000
54563	55625	29	1.035714
54563	55290	28	1.000000
54563	55158	5554	198.357143
54565	55386	4	0.166667
54567	54434	1	0.001938
54567	55333	3	0.005814
54567	55377	3	0.005814
54567	54865	3	0.005814
54567	54571	3	0.005814
54567	55438	1	0.001938
54567	54575	2	0.003876
54567	55345	3	0.005814
54567	55250	3	0.005814
54567	55576	4	0.007752
54567	54385	3	0.005814
54567	55399	3	0.005814
54567	54366	3	0.005814
54568	55184	1	0.001083
54568	54582	3	0.003250
54568	55377	4	0.004334
54568	54385	7	0.007584
54568	54508	1	0.001083
54568	54571	5	0.005417
54568	55404	2	0.002167
54568	54541	4	0.004334
54568	54576	3412	3.696641
54568	55345	3	0.003250
54568	55250	7	0.007584
54568	55091	2	0.002167
54568	54865	7	0.007584
54568	55399	7	0.007584
54568	54876	1	0.001083
54568	54366	2	0.002167
54569	54876	1	0.028571
54569	55343	1	0.028571
54570	54629	628	12.076923
54571	54930	2	0.002670
54571	55221	1	0.001335
54572	55576	486	1.000000
54575	55298	1	0.000150
54575	55443	3	0.000449
54575	55426	2	0.000300
54575	55409	1	0.000150
54575	54792	2	0.000300
54575	55034	3	0.000449
54575	54794	1	0.000150
54575	54795	2	0.000300
54575	55105	1	0.000150
54575	54701	2	0.000300
54575	55290	24	0.003594
54575	54802	2	0.000300
54575	54804	4	0.000599
54575	54361	1	0.000150
54575	54788	2	0.000300
54575	54811	6	0.000899
54575	55129	1	0.000150
54575	54813	2	0.000300
54575	55557	2293	0.343418
54575	54816	2	0.000300
54575	54875	2	0.000300
54575	55333	2	0.000300
54575	54823	2	0.000300
54575	55337	2	0.000300
54575	55338	2	0.000300
54575	55341	2	0.000300
54575	54831	19	0.002846
54575	55345	9	0.001348
54575	54837	1	0.000150
54575	55419	1	0.000150
54575	55351	5	0.000749
54575	54840	5	0.000749
54575	55353	21	0.003145
54575	54843	2	0.000300
54575	54844	2	0.000300
54575	55193	1	0.000150
54575	55362	5	0.000749
54575	55411	3	0.000449
54575	55368	2	0.000300
54575	55369	2	0.000300
54575	54859	11	0.001647
54575	55372	3	0.000449
54575	55650	1	0.000150
54575	55053	1	0.000150
54575	55376	1	0.000150
54575	54865	15	0.002247
54575	54355	2	0.000300
54575	55380	2	0.000300
54575	54359	5	0.000749
54575	54872	2	0.000300
54575	55385	3	0.000449
54575	54874	7	0.001048
54575	55387	4	0.000599
54575	54876	17	0.002546
54575	55389	7	0.001048
54575	54366	8	0.001198
54575	54879	2	0.000300
54575	54369	7	0.001048
54575	54883	2	0.000300
54575	55654	1	0.000150
54575	54374	2	0.000300
54575	55399	30	0.004493
54575	55400	1	0.000150
54575	55401	5	0.000749
54575	54790	1	0.000150
54575	55404	4284	0.641606
54575	55405	2755	0.412610
54575	55406	2	0.000300
54575	55433	2	0.000300
54575	54385	13	0.001947
54575	54899	19	0.002846
54575	55416	5	0.000749
54575	54391	3	0.000449
54575	54417	1	0.000150
54575	54393	4	0.000599
54575	54907	5	0.000749
54575	54396	2	0.000300
54575	54909	4	0.000599
54575	54398	3	0.000449
54575	54399	60	0.008986
54575	54401	11	0.001647
54575	54914	7	0.001048
54575	54915	5	0.000749
54575	55428	7	0.001048
54575	54919	2	0.000300
54575	54409	2	0.000300
54575	54924	2	0.000300
54575	55438	4041	0.605212
54575	54415	1	0.000150
54575	54416	4	0.000599
54575	55441	2	0.000300
54575	54930	5	0.000749
54575	54419	2	0.000300
54575	54382	2	0.000300
54575	54935	1	0.000150
54575	54424	7	0.001048
54575	54426	14	0.002097
54575	54639	1	0.000150
54575	54941	8	0.001198
54575	55464	1	0.000150
54575	54431	2	0.000300
54575	54615	1	0.000150
54575	54433	2	0.000300
54575	54434	1	0.000150
54575	55067	1	0.000150
54575	54437	1	0.000150
54575	55462	2	0.000300
54575	54897	31	0.004643
54575	54952	5	0.000749
54575	54441	1	0.000150
54575	55467	24	0.003594
54575	54956	2	0.000300
54575	55154	8	0.001198
54575	54958	2	0.000300
54575	54959	2	0.000300
54575	54960	2	0.000300
54575	54449	1429	0.214018
54575	55475	2	0.000300
54575	55500	1	0.000150
54575	55478	4	0.000599
54575	55497	1	0.000150
54575	55480	32	0.004793
54575	54457	112	0.016774
54575	54645	1	0.000150
54575	55488	2	0.000300
54575	54648	1	0.000150
54575	55490	1	0.000150
54575	55495	1	0.000150
54575	54472	1	0.000150
54575	54985	2	0.000300
54575	55498	153	0.022914
54575	54903	372	0.055714
54575	54476	1	0.000150
54575	54363	1	0.000150
54575	55505	6569	0.983825
54575	54482	898	0.134492
54575	54484	2	0.000300
54575	54486	2	0.000300
54575	55417	2	0.000300
54575	54488	4	0.000599
54575	54489	2	0.000300
54575	55004	6	0.000899
54575	55162	1	0.000150
54575	55519	5	0.000749
54575	55009	2	0.000300
54575	54498	4016	0.601468
54575	54395	2	0.000300
54575	55526	2	0.000300
54575	54737	1	0.000150
54575	55528	12	0.001797
54575	54888	1	0.000150
54575	55530	4	0.000599
54575	54507	3	0.000449
54575	54508	11	0.001647
54575	54738	4	0.000599
54575	54510	2	0.000300
54575	55537	2	0.000300
54575	55538	3021	0.452449
54575	54515	2	0.000300
54575	54752	1	0.000150
54575	55030	7	0.001048
54575	54519	2	0.000300
54575	55544	5	0.000749
54575	54522	4	0.000599
54575	54523	2	0.000300
54575	55039	2	0.000300
54575	55040	3	0.000449
54575	55041	2	0.000300
54575	54998	2	0.000300
54575	54572	1	0.000150
54575	54539	4	0.000599
54575	54541	10	0.001498
54575	54573	1	0.000150
54575	55256	1	0.000150
54575	54412	1	0.000150
54575	55683	9	0.001348
54575	55572	6	0.000899
54575	55061	2	0.000300
54575	55062	2	0.000300
54575	55063	5	0.000749
54575	55576	4	0.000599
54575	55172	5	0.000749
54575	54555	2	0.000300
54575	55582	1	0.000150
54575	54560	2	0.000300
54575	54561	45	0.006740
54575	55074	2	0.000300
54575	54563	1	0.000150
54575	55077	2	0.000300
54575	55590	2	0.000300
54575	55593	4	0.000599
54575	54571	31	0.004643
54575	55596	4	0.000599
54575	55085	3	0.000449
54575	54574	6	0.000899
54575	55261	3	0.000449
54575	54576	8	0.001198
54575	55602	12	0.001797
54575	55603	25	0.003744
54575	55604	5	0.000749
54575	54582	2	0.000300
54575	55607	2	0.000300
54575	55096	1	0.000150
54575	55609	7	0.001048
54575	54586	5	0.000749
54575	55101	2	0.000300
54575	54590	2	0.000300
54575	55616	1262	0.189007
54575	55264	1	0.000150
54575	54594	3	0.000449
54575	55619	2	0.000300
54575	54598	1	0.000150
54575	54497	1	0.000150
54575	54600	2	0.000300
54575	55625	1	0.000150
54575	54465	1	0.000150
54575	54839	2	0.000300
54575	55628	12	0.001797
54575	55522	1	0.000150
54575	54606	2	0.000300
54575	55693	2	0.000300
54575	54610	1	0.000150
54575	55386	2	0.000300
54575	54613	109	0.016325
54575	55126	1	0.000150
54575	55127	1	0.000150
54575	54617	5	0.000749
54575	55130	3	0.000449
54575	54619	7	0.001048
54575	55098	2	0.000300
54575	54623	2990	0.447806
54575	54624	1	0.000150
54575	55184	8	0.001198
54575	54626	3	0.000449
54575	54627	2	0.000300
54575	54629	2	0.000300
54575	55142	1	0.000150
54575	54631	2462	0.368728
54575	55657	3	0.000449
54575	54634	2	0.000300
54575	54759	1	0.000150
54575	55660	1	0.000150
54575	55662	5	0.000749
54575	55663	1	0.000150
54575	54640	1	0.000150
54575	55153	4	0.000599
54575	54642	2	0.000300
54575	55667	2	0.000300
54575	55157	1	0.000150
54575	55158	88	0.013180
54575	54821	2	0.000300
54575	55672	7	0.001048
54575	54650	4	0.000599
54575	54651	9	0.001348
54575	55164	4	0.000599
54575	54569	1	0.000150
54575	55678	8	0.001198
54575	55701	2	0.000300
54575	55680	1	0.000150
54575	55169	5	0.000749
54575	54658	1	0.000150
54575	54659	4	0.000599
54575	55684	5	0.000749
54575	55687	1	0.000150
54575	54664	2	0.000300
54575	55178	2	0.000300
54575	55191	3	0.000449
54575	55180	6	0.000899
54575	54669	2	0.000300
54575	54671	3	0.000449
54575	55696	49	0.007339
54575	54936	1	0.000150
54575	54674	1	0.000150
54575	55187	2	0.000300
54575	54677	28	0.004194
54575	55190	4	0.000599
54575	55703	19	0.002846
54575	55704	1	0.000150
54575	54681	5	0.000749
54575	54684	1	0.000150
54575	54938	1	0.000150
54575	54905	1	0.000150
54575	55201	1	0.000150
54575	54691	2	0.000300
54575	54692	2	0.000300
54575	55110	2	0.000300
54575	54392	1	0.000150
54575	54696	10	0.001498
54575	55570	1	0.000150
54575	55210	1	0.000150
54575	54700	1633	0.244571
54575	55026	2	0.000300
54575	55214	1	0.000150
54575	54673	1	0.000150
54575	55218	2	0.000300
54575	55321	1	0.000150
54575	55221	562	0.084170
54575	54710	2	0.000300
54575	54857	7	0.001048
54575	55230	2	0.000300
54575	55231	2	0.000300
54575	55232	10	0.001498
54575	54347	4	0.000599
54575	54725	1	0.000150
54575	54348	1	0.000150
54575	54732	2	0.000300
54575	55246	3	0.000449
54575	55247	5	0.000749
54575	55288	4	0.000599
54575	55250	56	0.008387
54575	55091	2	0.000300
54575	54742	2	0.000300
54575	55051	5	0.000749
54575	54747	3	0.000449
54575	54749	7	0.001048
54575	54693	1	0.000150
54575	55510	2	0.000300
54575	54352	1	0.000150
54575	55266	1	0.000150
54575	55377	33	0.004942
54575	54760	1	0.000150
54575	55273	2	0.000300
54575	55463	2	0.000300
54575	54764	2	0.000300
54575	54765	1	0.000150
54575	54999	4	0.000599
54575	55279	2	0.000300
54575	54769	1	0.000150
54575	55379	2	0.000300
54575	54774	5	0.000749
54575	54775	17	0.002546
54575	54776	4	0.000599
54575	54778	2	0.000300
54575	54779	1	0.000150
54575	55293	3	0.000449
54575	55294	5	0.000749
54575	54783	12	0.001797
54576	54865	7	0.006167
54576	55377	4	0.003524
54576	54385	7	0.006167
54576	54508	1	0.000881
54576	54571	5	0.004405
54576	55404	2	0.001762
54576	54541	4	0.003524
54576	55184	1	0.000881
54576	55345	3	0.002643
54576	55250	7	0.006167
54576	55091	2	0.001762
54576	54582	3	0.002643
54576	55399	7	0.006167
54576	54876	1	0.000881
54576	54366	2	0.001762
54579	54360	3	0.009615
54579	55683	1244	3.987179
54580	55443	3124	22.000000
54581	55680	1	0.032258
54581	54476	72	2.322581
54581	55158	1	0.032258
54582	54823	1	0.006250
54582	54795	1	0.006250
54582	54606	1	0.006250
54582	54576	1	0.006250
54582	55218	1	0.006250
54582	55603	2	0.012500
54582	55607	1	0.006250
54582	55091	2	0.012500
54585	54726	125	2.155172
54586	54650	1	0.100000
54587	55158	3	0.500000
54587	55510	23	3.833333
54588	55488	1	0.000395
54588	55232	1	0.000395
54588	55170	1	0.000395
54588	54631	4	0.001580
54588	54571	1	0.000395
54588	55404	4	0.001580
54588	54385	1	0.000395
54588	55250	4	0.001580
54588	54741	1	0.000395
54588	55609	2	0.000790
54588	55034	4286	1.692733
54588	54396	1	0.000395
54589	55683	1	0.000553
54589	55333	1	0.000553
54589	54631	2	0.001106
54589	54571	7	0.003870
54589	55404	3	0.001658
54589	54541	4	0.002211
54589	54575	1	0.000553
54589	55250	3	0.001658
54589	55315	1249	0.690437
54589	55034	1	0.000553
54589	54909	6559	3.625760
54590	55616	1	0.006369
54590	54749	156	0.993631
54590	54575	1	0.006369
54591	54575	371	0.105849
54594	54426	37	9.250000
54596	55576	5	0.018797
54598	55399	1	0.000608
54599	55395	8	0.020566
54599	55142	1	0.002571
54599	55526	1	0.002571
54599	55143	3	0.007712
54599	54376	13	0.033419
54599	55370	294	0.755784
54599	55404	1	0.002571
54599	55250	1	0.002571
54599	54575	1	0.002571
54599	54429	2	0.005141
54599	55506	1774	4.560411
54599	55629	3	0.007712
54599	55661	3	0.007712
54599	55183	33	0.084833
54599	55613	182	0.467866
54601	54415	3	0.018750
54603	54966	250	2.083333
54604	54629	860	7.049180
54605	54426	30	10.000000
54606	54720	2	0.007576
54606	54728	1	0.003788
54606	55404	2	0.007576
54606	54575	1	0.003788
54606	54673	2	0.007576
54606	55603	1	0.003788
54606	55221	1	0.003788
54606	54519	1	0.003788
54606	54428	2	0.007576
54610	54840	1	0.020000
54610	55404	3	0.060000
54610	55221	2	0.040000
54610	54623	3	0.060000
54611	55353	1	0.007874
54611	54726	441	3.472441
54611	55399	2	0.015748
54613	54498	1	0.021277
54615	55386	16	1.142857
54617	54804	1	0.020000
54617	55162	45	0.900000
54617	55684	45	0.900000
54617	55246	45	0.900000
54618	54629	252	4.131148
54619	55307	46	0.978723
54619	54395	11	0.234043
54621	54629	202	5.050000
54623	54624	1	0.006135
54623	54561	1	0.006135
54623	55498	1	0.006135
54623	55404	11	0.067485
54623	54575	4	0.024540
54623	54449	2	0.012270
54623	55221	1	0.006135
54624	55490	3	0.006993
54624	55158	3	0.006993
54624	54865	14	0.032634
54624	55510	1	0.002331
54624	54775	13	0.030303
54624	55290	3	0.006993
54625	55343	1	0.090909
54626	55651	2	0.001665
54626	54373	1	0.000833
54626	55400	1	0.000833
54626	55404	8	0.006661
54626	54354	1	0.000833
54626	54575	1	0.000833
54626	54482	1	0.000833
54626	55221	12	0.009992
54626	55158	1	0.000833
54626	55255	1	0.000833
54626	54457	9	0.007494
54626	55290	6	0.004996
54627	55568	1	0.001339
54627	55683	2	0.002677
54627	54629	1	0.001339
54627	55399	1	0.001339
54629	54798	711	0.239879
54629	54799	857	0.289136
54629	55312	1908	0.643725
54629	55322	531	0.179150
54629	55331	643	0.216937
54629	55333	1	0.000337
54629	55345	1	0.000337
54629	55353	1	0.000337
54629	54842	540	0.182186
54629	55357	507	0.171053
54629	55367	703	0.237179
54629	54345	954	0.321862
54629	54861	522	0.176113
54629	55377	12	0.004049
54629	55310	773	0.260796
54629	54363	2381	0.803306
54629	54876	3	0.001012
54629	54366	1	0.000337
54629	54370	1063	0.358637
54629	55399	2	0.000675
54629	54379	1340	0.452092
54629	55404	4	0.001350
54629	54385	2	0.000675
54629	54391	1	0.000337
54629	55418	681	0.229757
54629	55419	1383	0.466599
54629	54398	1	0.000337
54629	55423	644	0.217274
54629	55434	575	0.193995
54629	54927	1156	0.390013
54629	55440	556	0.187584
54629	54418	565	0.190621
54629	54931	809	0.272942
54629	55445	272	0.091768
54629	54936	1648	0.556005
54629	55460	1639	0.552969
54629	54952	2	0.000675
54629	54964	1200	0.404858
54629	55484	636	0.214575
54629	54468	380	0.128205
54629	54471	911	0.307355
54629	54988	357	0.120445
54629	54992	464	0.156545
54629	54994	819	0.276316
54629	54995	584	0.197031
54629	54997	3880	1.309042
54629	55510	4	0.001350
54629	55511	934	0.315115
54629	55004	1	0.000337
54629	55524	291	0.098178
54629	55025	501	0.169028
54629	54517	1295	0.436910
54629	54523	1	0.000337
54629	55548	1166	0.393387
54629	54526	2072	0.699055
54629	54528	830	0.280027
54629	55049	564	0.190283
54629	54541	1	0.000337
54629	54543	387	0.130567
54629	55574	1630	0.549933
54629	54551	1192	0.402159
54629	55591	522	0.176113
54629	54492	1853	0.625169
54629	54570	2695	0.909244
54629	54571	4	0.001350
54629	55089	1476	0.497976
54629	55603	2	0.000675
54629	55097	380	0.128205
54629	55102	930	0.313765
54629	54604	601	0.202767
54629	55634	903	0.304656
54629	55637	1298	0.437922
54629	54500	1909	0.644062
54629	54618	838	0.282726
54629	55643	443	0.149460
54629	55644	3159	1.065789
54629	54621	994	0.335358
54629	54624	1	0.000337
54629	55649	1	0.000337
54629	54627	2	0.000675
54629	55140	449	0.151484
54629	54631	32	0.010796
54629	54663	554	0.186910
54629	54682	1554	0.524291
54629	55200	545	0.183873
54629	55210	4106	1.385290
54629	55211	992	0.334683
54629	54722	578	0.195007
54629	54724	1154	0.389339
54629	55247	1	0.000337
54629	54736	2461	0.830297
54629	55249	1120	0.377868
54629	55250	2	0.000675
54629	55253	527	0.177800
54629	54865	1	0.000337
54629	54765	3103	1.046896
54629	55278	482	0.162618
54629	55284	2029	0.684548
54630	54424	4	0.010283
54630	55683	398	1.023136
54631	55404	2	0.024390
54631	54575	1	0.012195
54634	54613	2	0.015873
54634	54759	1	0.007937
54634	54449	1	0.007937
54634	55498	3	0.023810
54634	54631	1	0.007937
54634	55404	4	0.031746
54634	55438	2	0.015873
54634	54575	5	0.039683
54634	54481	1	0.007937
54634	55379	3	0.023810
54634	55221	3	0.023810
54634	55606	1	0.007937
54634	55351	1	0.007937
54634	55480	1	0.007937
54634	55386	2	0.015873
54634	54623	3	0.023810
54634	54973	1	0.007937
54634	54366	3	0.023810
54634	54559	20	0.158730
54635	55323	135	1.000000
54635	54476	272	2.014815
54637	55298	1	0.004525
54637	55683	230	1.040724
54637	54865	1	0.004525
54637	55333	1	0.004525
54637	55399	1	0.004525
54637	55338	1	0.004525
54637	54571	1	0.004525
54637	54541	1	0.004525
54637	54692	1	0.004525
54637	55345	1	0.004525
54637	55377	2	0.009050
54637	55250	1	0.004525
54637	54627	2	0.009050
54637	54774	1	0.004525
54637	54507	1	0.004525
54637	54385	1	0.004525
54637	55074	1	0.004525
54637	54366	1	0.004525
54639	54478	14677	2.737735
54639	55103	2	0.000373
54640	55538	2	0.008163
54644	55683	2832	4.000000
54645	55333	1	0.002653
54645	54631	3	0.007958
54645	54665	3	0.007958
54645	54571	2	0.005305
54645	55436	3	0.007958
54645	54989	1	0.002653
54645	55568	537	1.424403
54645	55377	5	0.013263
54645	55250	2	0.005305
54645	55603	1	0.002653
54645	54865	2	0.005305
54645	54519	3	0.007958
54645	55399	1	0.002653
54645	54385	2	0.005305
54645	55451	1	0.002653
54645	54366	2	0.005305
54646	55576	334	1.163763
54647	54476	3	0.157895
54648	54371	1	0.015385
54648	55684	1	0.015385
54648	55345	1	0.015385
54648	55377	1	0.015385
54648	55399	2	0.030769
54648	54571	2	0.030769
54648	54508	1	0.015385
54648	54541	1	0.015385
54648	55184	2	0.030769
54648	54865	1	0.015385
54648	55250	1	0.015385
54648	55603	1	0.015385
54648	55221	1	0.015385
54648	54385	1	0.015385
54648	55162	138	2.123077
54648	54366	1	0.015385
54648	55519	79	1.215385
54649	55625	29	1.035714
54649	55290	28	1.000000
54649	55158	5556	198.428571
54650	55040	1	0.001120
54650	54401	1	0.001120
54650	54539	1	0.001120
54650	54671	1	0.001120
54650	55190	2	0.002240
54650	55063	1	0.001120
54650	54424	1	0.001120
54650	54941	1	0.001120
54650	54693	3	0.003359
54650	54385	1	0.001120
54650	54571	1	0.001120
54650	55221	5	0.005599
54650	55478	3	0.003359
54650	54839	2	0.002240
54650	55480	2	0.002240
54650	54457	2	0.002240
54650	54586	16	0.017917
54650	54985	1	0.001120
54650	54865	1	0.001120
54650	55250	1	0.001120
54650	54486	1	0.001120
54650	55290	13	0.014558
54650	54366	1	0.001120
54650	54626	2	0.002240
54650	55377	1	0.001120
54650	54631	1	0.001120
54650	55404	1	0.001120
54650	54897	3	0.003359
54650	55026	1	0.001120
54650	55411	1	0.001120
54650	55678	1	0.001120
54650	54778	2	0.002240
54650	54523	2	0.002240
54650	55164	1	0.001120
54650	54398	1	0.001120
54651	54401	1	0.001297
54651	54371	1	0.001297
54651	55404	5	0.006485
54651	54575	2	0.002594
54651	54449	2	0.002594
54651	54774	1	0.001297
54651	55162	1	0.001297
54651	55519	1	0.001297
54653	55510	135	2.109375
54655	55683	1	0.000568
54655	55333	1	0.000568
54655	54631	2	0.001136
54655	54571	6	0.003409
54655	55404	3	0.001705
54655	54541	4	0.002273
54655	54575	1	0.000568
54655	55250	3	0.001705
54655	55315	1249	0.709659
54655	55034	1	0.000568
54655	54909	6565	3.730114
54656	54726	189	0.836283
54657	55683	763	1.000000
54659	54631	1	0.025641
54659	54575	1	0.025641
54659	54449	1	0.025641
54659	55480	1	0.025641
54659	55678	3	0.076923
54659	55039	2	0.051282
54663	54629	140	6.086957
54663	54799	2	0.086957
54665	55528	251	1.020325
54665	55436	11	0.044715
54665	55568	82	0.333333
54665	54645	5	0.020325
54665	54876	2	0.008130
54665	54623	1	0.004065
54666	54498	1	0.001531
54666	54571	1	0.001531
54666	54726	2232	3.418070
54666	55399	2	0.003063
54666	54631	1	0.001531
54666	55538	1	0.001531
54666	55603	1	0.001531
54667	54476	328	2.000000
54668	54631	3	0.000201
54668	55333	4	0.000269
54668	55399	1	0.000067
54668	55404	2	0.000134
54668	54571	1	0.000067
54668	54924	1859	0.124799
54668	54575	2	0.000134
54668	55315	1	0.000067
54668	54426	60	0.004028
54669	54449	2	0.052632
54669	55404	1	0.026316
54671	54598	1	0.010638
54671	55111	2	0.021277
54671	54666	1	0.010638
54671	55404	3	0.031915
54671	54544	1	0.010638
54671	55570	1	0.010638
54671	54677	1	0.010638
54671	55221	2	0.021277
54672	55510	135	3.214286
54673	54606	201	0.501247
54673	54519	4	0.009975
54674	55680	2	0.002270
54674	55074	1	0.001135
54674	54865	14	0.015891
54674	55377	4	0.004540
54674	54385	4	0.004540
54674	54476	1741	1.976163
54674	54571	4	0.004540
54674	54572	2	0.002270
54674	54541	1	0.001135
54674	55345	4	0.004540
54674	55250	4	0.004540
54674	55158	1	0.001135
54674	55353	3	0.003405
54674	55290	1	0.001135
54674	55399	4	0.004540
54674	54366	2	0.002270
54676	55674	2	0.002759
54676	55683	725	1.000000
54677	55232	1	0.000350
54677	55684	1	0.000350
54677	54631	8	0.002796
54677	55085	1	0.000350
54677	54575	2	0.000699
54677	55153	7	0.002447
54677	55061	1	0.000350
54677	55030	1	0.000350
54677	55063	1	0.000350
54677	54879	1	0.000350
54678	55576	180	1.184211
54678	55290	2	0.013158
54679	55232	1	0.000414
54679	55488	1	0.000414
54679	55170	1	0.000414
54679	54631	3	0.001241
54679	54571	1	0.000414
54679	55404	4	0.001654
54679	54385	1	0.000414
54679	55250	4	0.001654
54679	54741	1	0.000414
54679	55609	2	0.000827
54679	55034	4032	1.667494
54679	54396	1	0.000414
54681	54559	8	1.000000
54682	54629	306	2.067568
54682	54765	151	1.020270
54686	55377	2610	113.478261
54686	54571	1	0.043478
54686	54999	1	0.043478
54687	54693	27	1.285714
54690	55488	1	0.000438
54690	55232	1	0.000438
54690	55170	1	0.000438
54690	54631	3	0.001313
54690	54571	1	0.000438
54690	55404	4	0.001751
54690	54385	1	0.000438
54690	55250	4	0.001751
54690	54741	1	0.000438
54690	55609	2	0.000875
54690	55034	3965	1.735230
54690	54396	1	0.000438
54693	54650	2	0.006873
54693	54586	1	0.003436
54693	54980	394	1.353952
54693	55237	394	1.353952
54693	54757	406	1.395189
54696	54631	2	0.002358
54696	54575	4	0.004717
54696	54449	3	0.003538
54696	55154	2	0.002358
54696	54356	2	0.002358
54696	55221	2	0.002358
54696	54582	1	0.001179
54696	54843	3	0.003538
54696	55157	18	0.021226
54697	54966	2	0.133333
54700	54498	3	0.003947
54700	54541	1	0.001316
54700	55153	1	0.001316
54700	54598	1	0.001316
54700	54631	21	0.027632
54700	54985	1	0.001316
54700	55498	3	0.003947
54700	55404	150	0.197368
54700	54626	2	0.002632
54700	54575	12	0.015789
54700	54897	1	0.001316
54700	54356	1	0.001316
54700	55221	3	0.003947
54700	54775	2	0.002632
54700	54457	1	0.001316
54700	55290	4	0.005263
54700	55678	2	0.002632
54700	54399	11	0.014474
54702	55544	1	0.111111
54702	54634	1	0.111111
54702	54559	1	0.111111
54703	55184	1	0.000829
54703	54865	7	0.005800
54703	55345	3	0.002486
54703	55377	4	0.003314
54703	55399	7	0.005800
54703	55404	2	0.001657
54703	54571	5	0.004143
54703	54508	1	0.000829
54703	54541	4	0.003314
54703	54576	5353	4.434963
54703	54385	7	0.005800
54703	55250	7	0.005800
54703	55091	2	0.001657
54703	54582	3	0.002486
54703	54876	1	0.000829
54703	54366	2	0.001657
54704	55672	43	0.001596
54704	54558	6	0.000223
54705	54560	1	0.001600
54705	55298	1	0.001600
54705	54627	1	0.001600
54705	54865	4	0.006400
54705	55345	3	0.004800
54705	54385	11	0.017600
54705	54631	4	0.006400
54705	54774	1	0.001600
54705	55338	1	0.001600
54705	54571	13	0.020800
54705	55692	1	0.001600
54705	54541	1	0.001600
54705	54802	1	0.001600
54705	55377	9	0.014400
54705	55250	7	0.011200
54705	55667	1	0.001600
54705	55542	1805	2.888000
54705	54519	1	0.001600
54705	54692	1	0.001600
54705	55399	6	0.009600
54705	54366	1	0.001600
54707	55349	5	0.100000
54709	55386	14	0.274510
54710	54402	5	0.038462
54710	54571	2	0.015385
54710	55556	1	0.007692
54710	55307	1	0.007692
54710	54456	1	0.007692
54710	55353	69	0.530769
54711	54693	4938	2.309635
54712	55683	633	2.003165
54713	54476	32	1.066667
54714	54575	2	0.016000
54720	54606	2	0.028986
54721	54726	4	0.032000
54722	54629	226	8.071429
54724	54994	35	1.000000
54724	54629	260	7.428571
54724	54798	1	0.028571
54725	55625	29	1.035714
54725	55290	28	1.000000
54725	55158	5554	198.357143
54726	54571	3	0.002896
54726	54498	2	0.001931
54726	55427	3	0.002896
54726	55269	2	0.001931
54726	54631	2	0.001931
54726	55603	1	0.000965
54726	55399	6	0.005792
54726	54508	1	0.000965
54726	55250	3	0.002896
54726	55374	1	0.000965
54726	54507	1	0.000965
54726	55536	5	0.004826
54726	55377	1	0.000965
54726	55538	1	0.000965
54726	54611	1	0.000965
54726	54677	3	0.002896
54726	54521	1	0.000965
54726	54585	3	0.002896
54726	54544	1	0.000965
54726	55166	1	0.000965
54726	54385	1	0.000965
54728	54606	31	2.384615
54729	55377	6	0.003868
54729	55404	3	0.001934
54729	54575	3	0.001934
54731	54624	1	0.019608
54731	55510	83	1.627451
54732	54498	1	0.006494
54732	55683	4	0.025974
54732	54953	1	0.006494
54732	55658	1	0.006494
54732	55404	1	0.006494
54732	55438	1	0.006494
54732	54575	1	0.006494
54732	55377	1	0.006494
54732	54457	2	0.012987
54732	55678	5	0.032468
54733	54571	88	2.000000
54733	55556	2	0.045455
54734	55333	1	0.000703
54734	54385	2	0.001406
54734	54571	3	0.002110
54734	54865	3	0.002110
54734	55250	1	0.000703
54734	55399	1	0.000703
54734	54366	1	0.000703
54736	55312	1	0.014706
54736	54629	280	4.117647
54737	55625	29	1.035714
54737	55290	28	1.000000
54737	55158	5554	198.357143
54738	55154	157	0.805128
54738	54575	1	0.005128
54742	54449	1	0.006803
54742	54446	7	0.047619
54742	55438	1	0.006803
54742	54399	7	0.047619
54743	55556	17	1.888889
54744	55576	394	1.028721
54744	54908	6	0.015666
54744	55653	3	0.007833
54744	55486	3	0.007833
54745	54631	3	0.000201
54745	55333	4	0.000268
54745	55399	1	0.000067
54745	55404	2	0.000134
54745	54571	1	0.000067
54745	54924	1863	0.124791
54745	54575	2	0.000134
54745	55315	1	0.000067
54745	54426	60	0.004019
54747	54561	2	0.001181
54747	55467	2	0.001181
54747	54774	2	0.001181
54747	54449	4	0.002361
54747	55465	2	0.001181
54747	55562	2	0.001181
54747	54631	2	0.001181
54747	55404	2	0.001181
54747	54575	6	0.003542
54747	55280	2	0.001181
54747	55473	2	0.001181
54747	54646	2	0.001181
54747	54775	5	0.002952
54747	55576	6	0.003542
54747	54457	2	0.001181
54748	55576	338	1.059561
54749	54449	2	0.008929
54749	55212	2	0.008929
54749	54575	4	0.017857
54749	55404	2	0.008929
54749	55663	2	0.008929
54749	54456	4	0.017857
54749	55480	8	0.035714
54749	54939	2	0.008929
54749	55549	2	0.008929
54752	54476	1	1.000000
54753	55377	2	0.009434
54753	55683	223	1.051887
54753	54627	1	0.004717
54754	54862	60	2.000000
54757	54693	298	3.010101
54757	55377	2	0.020202
54757	54385	2	0.020202
54757	54571	2	0.020202
54757	55345	2	0.020202
54757	55250	2	0.020202
54757	54865	6	0.060606
54757	55353	1	0.010101
54757	55399	2	0.020202
54757	54366	2	0.020202
54757	55333	2	0.020202
54758	55386	83	4.150000
54758	55343	10	0.500000
54759	55377	6	0.005639
54759	54634	2	0.001880
54759	54571	6	0.005639
54759	54541	3	0.002820
54759	55343	3	0.002820
54759	54385	9	0.008459
54759	55250	6	0.005639
54759	54865	6	0.005639
54759	55353	3	0.002820
54759	55386	7	0.006579
54759	55399	6	0.005639
54759	54366	3	0.002820
54760	55510	84	1.076923
54760	54631	2	0.025641
54761	54978	1	0.008547
54762	55377	3	0.000593
54762	54385	3	0.000593
54762	54571	3	0.000593
54762	55345	3	0.000593
54762	55250	3	0.000593
54762	54865	3	0.000593
54762	55399	3	0.000593
54762	54431	3210	0.634889
54763	55343	1	0.076923
54765	54629	589	10.155172
54765	55247	1	0.017241
54766	55343	1	0.030303
54768	55488	4	0.003091
54768	55232	2	0.001546
54768	55362	2	0.001546
54768	55428	2	0.001546
54768	54631	4	0.003091
54768	55034	8	0.006182
54768	55373	2	0.001546
54768	54575	6	0.004637
54768	54488	2	0.001546
54768	55250	4	0.003091
54768	55221	6	0.004637
54768	54457	2	0.001546
54768	54776	2	0.001546
54768	55609	4	0.003091
54768	54874	35319	27.294436
54768	54623	41	0.031685
54768	55098	2	0.001546
54768	55519	2	0.001546
54769	55556	237	11.285714
54769	54535	1	0.047619
54769	54571	2	0.095238
54769	55250	1	0.047619
54769	54710	20	0.952381
54769	55191	50	2.380952
54769	54366	1	0.047619
54771	54729	1	0.009615
54771	54539	2	0.019231
54775	54624	1	0.000891
54775	55074	2	0.001783
54775	54865	2	0.001783
54775	55141	1	0.000891
54775	54631	1	0.000891
54775	54449	2	0.001783
54775	55467	2	0.001783
54775	55404	15	0.013369
54775	54541	2	0.001783
54775	54575	17	0.015152
54775	55250	1	0.000891
54775	55345	2	0.001783
54775	55538	1	0.000891
54775	55221	10	0.008913
54775	55510	2	0.001783
54775	54897	1	0.000891
54775	54457	7	0.006239
54775	55290	3	0.002674
54775	54613	2	0.001783
54776	55232	1	0.142857
54776	54659	1	0.142857
54776	55428	1	0.142857
54776	54840	1	0.142857
54776	54610	1	0.142857
54776	54488	1	0.142857
54776	55609	1	0.142857
54776	54874	1	0.142857
54778	54449	2	0.007067
54778	55290	4	0.014134
54778	54541	2	0.007067
54778	55221	12	0.042403
54778	54575	576	2.035336
54779	55349	444	0.810219
54781	55377	3	0.000584
54781	54385	3	0.000584
54781	54571	3	0.000584
54781	55345	3	0.000584
54781	55250	3	0.000584
54781	54865	3	0.000584
54781	55399	3	0.000584
54781	54431	3305	0.642996
54782	55556	51	2.684211
54783	54811	1	0.000618
54783	55404	1	0.000618
54783	54575	2	0.001236
54785	55576	1532	2.005236
54787	55162	19	0.333333
54788	54801	17	0.028716
54788	54915	4	0.006757
54788	55404	14	0.023649
54788	54575	2	0.003378
54789	54476	10	1.000000
54790	54627	1	0.047619
54793	54498	1	0.043478
54793	54541	3	0.130435
54794	55184	2	0.014815
54794	54627	2	0.014815
54794	54508	2	0.014815
54794	55399	3	0.022222
54795	55480	2	0.002328
54795	55218	2	0.002328
54795	55154	15	0.017462
54795	55221	4	0.004657
54795	54575	3	0.003492
54796	55098	1	0.009615
54796	55428	4	0.038462
54798	54627	1	0.032258
54798	54629	210	6.774194
54799	54629	34	1.259259
54801	54385	1	0.000677
54801	55250	1	0.000677
54801	54915	6	0.004060
54801	55404	14	0.009472
54801	54575	3	0.002030
54804	55233	1	0.005780
54804	54787	1	0.005780
54804	54433	1	0.005780
54804	54794	1	0.005780
54804	55180	1	0.005780
54804	55246	1	0.005780
54804	54608	1	0.005780
54804	55250	1	0.005780
54804	54837	1	0.005780
54804	55577	1	0.005780
54804	55162	1	0.005780
54806	55488	1	0.000405
54806	55232	1	0.000405
54806	55170	1	0.000405
54806	54631	3	0.001214
54806	54571	1	0.000405
54806	55404	4	0.001618
54806	54385	1	0.000405
54806	55250	4	0.001618
54806	54741	1	0.000405
54806	55609	2	0.000809
54806	55034	4202	1.699838
54806	54396	1	0.000405
54807	55386	45	2.045455
54808	55349	1	0.022727
54810	54476	26	0.896552
54811	55404	7	0.437500
54812	54587	2	0.029851
54812	55510	150	2.238806
54813	54449	1	0.025000
54813	54457	1	0.025000
54814	55683	1	0.047619
54815	55683	886	1.002262
54816	54416	1	0.071429
54816	55687	1	0.071429
54816	54575	2	0.142857
54818	54801	18	0.030769
54818	54915	4	0.006838
54818	55404	14	0.023932
54818	54575	2	0.003419
54819	55683	473	1.006383
54820	55625	29	1.035714
54820	55290	28	1.000000
54820	55158	5550	198.214286
54821	55353	2	0.009524
54821	55250	1	0.004762
54821	55603	1	0.004762
54821	54876	1	0.004762
54821	54865	1	0.004762
54824	54801	18	0.030769
54824	54915	4	0.006838
54824	55404	14	0.023932
54824	54575	2	0.003419
54826	55683	291	1.013937
54827	55386	66	2.129032
54827	54807	22	0.709677
54828	54606	42	7.000000
54829	55162	1	0.071429
54831	55480	1	0.000514
54831	55616	1	0.000514
54831	55404	1	0.000514
54831	54623	2	0.001027
54832	54801	18	0.030664
54832	54915	4	0.006814
54832	55404	14	0.023850
54832	54575	2	0.003407
54833	54726	186	0.401728
54834	55349	2	0.043478
54837	54571	1	0.019608
54837	54385	1	0.019608
54837	55250	2	0.039216
54837	55604	1	0.019608
54837	55577	1	0.019608
54837	55162	36	0.705882
54837	55519	4	0.078431
54839	55616	1	0.003704
54839	55172	1	0.003704
54839	54631	1	0.003704
54839	54476	1	0.003704
54839	54700	2	0.007407
54839	54575	6	0.022222
54839	55404	7	0.025926
54839	55221	2	0.007407
54839	55158	1	0.003704
54839	55421	1	0.003704
54840	54610	32	0.761905
54840	55038	2	0.047619
54841	54876	1	0.032258
54841	55404	3	0.096774
54841	54575	1	0.032258
54842	54629	419	10.219512
54843	54696	8	0.058824
54843	55154	1	0.007353
54844	55162	1	0.006289
54844	54651	2	0.012579
54846	55250	1	0.008333
54846	55683	1	0.008333
54846	55158	7	0.058333
54846	55510	225	1.875000
54846	54575	1	0.008333
54848	55250	1	0.038462
54848	55158	1	0.038462
54849	55349	2	0.044444
54850	55687	92	5.411765
54851	55625	29	1.035714
54851	55290	28	1.000000
54851	55158	5554	198.357143
54852	55334	282	2.968421
54854	54865	125	5.208333
54855	54560	1	0.001342
54855	55298	1	0.001342
54855	54627	1	0.001342
54855	54692	1	0.001342
54855	55345	3	0.004027
54855	55377	9	0.012081
54855	55399	6	0.008054
54855	54774	1	0.001342
54855	55338	1	0.001342
54855	54571	13	0.017450
54855	55692	2	0.002685
54855	54541	1	0.001342
54855	54802	1	0.001342
54855	54865	5	0.006711
54855	55250	7	0.009396
54855	55667	2	0.002685
54855	55542	1973	2.648322
54855	54519	1	0.001342
54855	54385	11	0.014765
54855	54631	4	0.005369
54855	54366	1	0.001342
54858	54440	4	0.016736
54858	54352	4	0.016736
54858	55416	24	0.100418
54858	54575	1	0.004184
54859	54561	1	0.001294
54859	54631	2	0.002587
54859	55404	22	0.028461
54859	54575	1	0.001294
54859	54449	31	0.040103
54859	55480	3	0.003881
54859	54457	4	0.005175
54859	55067	4	0.005175
54860	55349	4	0.051282
54861	54629	112	7.000000
54862	55289	4	0.444444
54863	55576	320	1.000000
54865	55552	1	0.000402
54865	54624	4	0.001608
54865	55190	1	0.000402
54865	55398	13	0.005225
54865	55399	7	0.002814
54865	54760	1	0.000402
54865	54571	6	0.002412
54865	55118	2	0.000804
54865	55176	1	0.000402
54865	55377	8	0.003215
54865	55250	2	0.000804
54865	55158	3	0.001206
54865	54775	7	0.002814
54865	54520	1	0.000402
54865	54385	1	0.000402
54865	54366	2	0.000804
54865	54533	1	0.000402
54866	54801	18	0.020431
54866	54915	4	0.004540
54866	55404	14	0.015891
54866	54575	2	0.002270
54867	54625	497	0.810767
54867	55307	4	0.006525
54867	55492	497	0.810767
54867	55404	1	0.001631
54867	54763	497	0.810767
54867	55116	497	0.810767
54867	54766	994	1.621533
54867	55343	497	0.810767
54867	54452	497	0.810767
54867	54421	497	0.810767
54867	54487	497	0.810767
54867	55288	1	0.001631
54867	55679	497	0.810767
54870	54616	10	0.135135
54870	54966	28	0.378378
54872	55404	1	0.003831
54873	54399	1	0.031250
54874	55488	4	0.003918
54874	55232	2	0.001959
54874	55362	2	0.001959
54874	55428	2	0.001959
54874	54631	2	0.001959
54874	55373	2	0.001959
54874	54575	6	0.005877
54874	54488	2	0.001959
54874	55250	4	0.003918
54874	55221	6	0.005877
54874	55609	4	0.003918
54874	54776	2	0.001959
54874	54457	2	0.001959
54874	55034	8	0.007835
54874	55519	2	0.001959
54874	55098	2	0.001959
54874	54623	41	0.040157
54875	54626	2	0.000922
54875	55158	2	0.000922
54875	54897	4	0.001844
54875	54575	2	0.000922
54875	54865	2	0.000922
54875	55221	6	0.002766
54875	55190	17	0.007838
54875	54457	4	0.001844
54875	55290	18	0.008299
54875	54650	4	0.001844
54877	54415	25	0.490196
54879	54449	1	0.007634
54879	55498	1	0.007634
54879	55404	6	0.045802
54879	55153	3	0.022901
54879	54677	3	0.022901
54879	55063	1	0.007634
54879	55221	1	0.007634
54884	55683	1	0.000498
54884	55333	1	0.000498
54884	54631	2	0.000996
54884	54571	6	0.002987
54884	55404	3	0.001493
54884	54541	4	0.001991
54884	54575	1	0.000498
54884	55250	3	0.001493
54884	55315	1250	0.622200
54884	55034	1	0.000498
54884	54909	7105	3.536585
54885	55510	746	6.114754
54888	55377	2	0.001878
54888	55505	1	0.000939
54888	55683	1074	1.008451
54888	55353	2	0.001878
54890	54476	20	1.000000
54892	55683	286	1.003509
54893	55386	96	4.173913
54894	54726	90	2.903226
54897	55040	1	0.001565
54897	55290	1	0.001565
54897	55190	1	0.001565
54897	55576	6	0.009390
54897	54875	1	0.001565
54897	54572	1	0.001565
54897	54575	1	0.001565
54897	54449	1	0.001565
54897	55221	1	0.001565
54897	55478	1	0.001565
54897	55480	2	0.003130
54897	54476	1	0.001565
54897	54865	1	0.001565
54897	55250	1	0.001565
54897	54747	1	0.001565
54897	54650	2	0.003130
54897	54623	2	0.003130
54897	54626	1	0.001565
54897	54373	1	0.001565
54897	55377	1	0.001565
54897	55404	1	0.001565
54897	55158	1	0.001565
54897	54775	2	0.003130
54897	54778	1	0.001565
54897	55164	1	0.001565
54897	54398	1	0.001565
54899	54575	1	0.050000
54901	54631	2	0.002203
54903	55404	6	3.000000
54903	54575	2	1.000000
54905	55556	1	0.000602
54905	55081	1	0.000602
54905	55307	5	0.003010
54905	55308	1	0.000602
54905	54415	1	0.000602
54905	55377	1	0.000602
54905	55145	1	0.000602
54905	54456	1	0.000602
54905	55396	1	0.000602
54905	55386	1	0.000602
54905	55343	1	0.000602
54905	54910	1	0.000602
54907	55404	16	0.761905
54907	55462	11	0.523810
54908	55576	10	0.022989
54909	55683	1	0.000497
54909	55333	1	0.000497
54909	54631	2	0.000995
54909	54571	6	0.002984
54909	55404	3	0.001492
54909	54541	4	0.001989
54909	54575	1	0.000497
54909	55250	3	0.001492
54909	55315	1266	0.629538
54909	55034	1	0.000497
54910	55386	1	0.010204
54915	55616	1	0.001081
54915	54914	2	0.002162
54915	54788	1	0.001081
54915	54801	288	0.311351
54915	54449	290	0.313514
54915	55404	3	0.003243
54915	55341	4	0.004324
54915	55438	1	0.001081
54915	54575	4	0.004324
54915	54385	1290	1.394595
54915	54482	2	0.002162
54915	55603	288	0.311351
54915	55221	577	0.623784
54915	55273	2	0.002162
54915	54457	1	0.001081
54915	55387	288	0.311351
54915	55164	1	0.001081
54917	55162	7	0.538462
54918	55386	46	2.875000
54921	54571	42	21.000000
54921	55245	2	1.000000
54922	55162	54	5.400000
54923	54498	1	0.001531
54923	54631	1	0.001531
54923	54726	2249	3.444104
54923	55399	2	0.003063
54923	54571	1	0.001531
54923	55538	1	0.001531
54923	55603	1	0.001531
54924	55333	4	0.000250
54924	54631	3	0.000187
54924	54571	1	0.000062
54924	55404	4	0.000250
54924	54575	2	0.000125
54924	55315	1	0.000062
54924	54426	60	0.003750
54924	55399	1	0.000062
54925	54865	125	5.208333
54926	55158	1	0.047619
54927	54629	176	4.000000
54929	55232	1	0.000339
54929	55488	1	0.000339
54929	55170	1	0.000339
54929	54631	3	0.001017
54929	54571	1	0.000339
54929	55404	4	0.001356
54929	54385	1	0.000339
54929	55250	4	0.001356
54929	54741	1	0.000339
54929	55609	2	0.000678
54929	55034	4202	1.424890
54929	54396	1	0.000339
54930	54571	8	0.018957
54930	55343	1	0.002370
54930	54449	3	0.007109
54930	55221	2	0.004739
54930	54710	3	0.007109
54930	55191	5	0.011848
54930	54457	240	0.568720
54931	54629	426	6.000000
54933	55683	338	1.000000
54935	54627	2	0.008929
54935	55345	3	0.013393
54935	54865	1	0.004464
54935	54571	7	0.031250
54935	55693	247	1.102679
54935	54541	2	0.008929
54935	55377	12	0.053571
54935	55250	5	0.022321
54935	55221	1	0.004464
54935	54385	4	0.017857
54935	55399	3	0.013393
54935	54366	1	0.004464
54936	55377	1	0.010204
54936	54629	216	2.204082
54937	55576	2	0.010526
54938	55396	2	0.007519
54938	55377	1	0.003759
54938	54865	1	0.003759
54938	55338	1	0.003759
54938	54571	4	0.015038
54938	54541	1	0.003759
54938	55214	6	0.022556
54938	55345	1	0.003759
54938	55250	1	0.003759
54938	54710	14	0.052632
54938	54391	1	0.003759
54938	55556	528	1.984962
54938	55386	2	0.007519
54938	55399	1	0.003759
54938	54366	1	0.003759
54938	54385	1	0.003759
54939	54876	1	0.040000
54939	55343	1	0.040000
54941	54401	33	0.038869
54941	54436	2	0.002356
54941	54821	3	0.003534
54941	55498	1	0.001178
54941	54449	4	0.004711
54941	55221	3	0.003534
54941	54518	2	0.002356
54941	54457	16	0.018846
54947	55485	2	0.040816
54947	55510	110	2.244898
54947	55109	1	0.020408
54948	55683	250	1.086957
54949	55568	389	1.648305
54949	55172	2	0.008475
54949	55539	1	0.004237
54949	55468	1	0.004237
54951	54476	420	2.000000
54952	54798	32	0.070640
54952	54936	44	0.097130
54952	54551	33	0.072848
54952	54604	26	0.057395
54952	55210	87	0.192053
54952	55221	1	0.002208
54952	54842	28	0.061810
54952	55619	2	0.004415
54952	54729	2	0.004415
54952	54988	19	0.041943
54952	55247	2	0.004415
54952	55505	4	0.008830
54952	55511	46	0.101545
54952	55140	22	0.048565
54952	54629	173	0.381898
54952	54631	2	0.004415
54952	55533	10	0.022075
54952	55412	27	0.059603
54952	55418	38	0.083885
54952	55548	34	0.075055
54952	55678	1	0.002208
54952	55423	28	0.061810
54953	55683	540	1.030534
54956	55288	213	0.995327
54956	54487	1	0.004673
54956	55221	3	0.014019
54956	54421	1	0.004673
54956	54575	214	1.000000
54958	54629	1	0.002370
54958	55678	1	0.002370
54958	54398	1	0.002370
54959	54486	1	0.004831
54959	54399	1	0.004831
54960	55063	3	0.024194
54960	54449	1	0.008065
54960	54899	5	0.040323
54960	55221	2	0.016129
54960	54399	4	0.032258
54961	54476	21	1.000000
54962	55404	3	0.015228
54962	54575	1	0.005076
54963	55510	43	2.150000
54964	54629	221	6.138889
54966	54616	17	0.500000
54966	55603	1	0.029412
54966	54631	1	0.029412
54966	54623	2	0.058824
54968	54726	1	0.045455
54972	55510	127	3.097561
54973	55386	17	0.708333
54976	55386	2	0.066667
54977	54575	1	0.001086
54977	54677	18	0.019544
54977	55399	4	0.004343
54978	54761	36	2.250000
54979	55386	250	4.032258
54980	54693	19	0.012041
54982	55345	1	0.003636
54982	55399	1	0.003636
54982	54508	1	0.003636
54982	54571	1	0.003636
54982	55596	12	0.043636
54982	55053	1171	4.258182
54982	55377	1	0.003636
54982	55250	1	0.003636
54982	54865	1	0.003636
54982	55353	1	0.003636
54982	54366	1	0.003636
54982	54385	1	0.003636
54984	55386	691	13.549020
54984	54631	1	0.019608
54985	54631	1	0.000384
54985	55404	2	0.000767
54985	54575	6	0.002301
54985	54865	2	0.000767
54985	55221	8	0.003069
54985	55158	4	0.001534
54985	54457	4	0.001534
54985	54875	8	0.003069
54986	54674	2	0.002740
54986	55683	780	1.068493
54986	54812	2	0.002740
54986	55693	2	0.002740
54986	54599	2	0.002740
54987	54606	16	2.000000
54988	54952	4	0.266667
54988	54629	140	9.333333
54988	54631	16	1.066667
54989	55568	1	0.006452
54992	54629	226	7.290323
54993	55683	1	0.000479
54993	55333	1	0.000479
54993	54631	2	0.000957
54993	54571	6	0.002872
54993	55404	3	0.001436
54993	54541	4	0.001915
54993	54575	1	0.000479
54993	55250	3	0.001436
54993	55315	1260	0.603159
54993	55034	1	0.000479
54993	54909	7336	3.511728
54994	54500	2	0.076923
54994	54629	116	4.461538
54995	54629	203	9.227273
54996	55683	2445	4.061462
54996	55399	1	0.001661
54996	54571	1	0.001661
54996	55377	1	0.001661
54996	55250	1	0.001661
54996	55187	3	0.004983
54996	55701	1	0.001661
54996	54385	1	0.001661
54996	54366	1	0.001661
54997	55377	1	0.017241
54997	55404	4	0.068966
54997	54629	409	7.051724
54997	54398	1	0.017241
54998	54651	18	0.080000
54999	55404	35	0.114754
54999	55662	5	0.016393
54999	54449	20	0.065574
54999	55221	2	0.006557
54999	54457	2	0.006557
54999	54623	2	0.006557
55000	55576	39	0.339130
55000	54631	1	0.008696
55001	55510	45	2.368421
55002	54966	2	0.111111
55002	54631	1	0.055556
55003	55184	1	0.001053
55003	54865	7	0.007368
55003	55345	3	0.003158
55003	55377	4	0.004211
55003	55399	7	0.007368
55003	54508	1	0.001053
55003	54571	5	0.005263
55003	55404	2	0.002105
55003	54541	4	0.004211
55003	54576	3515	3.700000
55003	54385	7	0.007368
55003	55250	7	0.007368
55003	55091	2	0.002105
55003	54582	3	0.003158
55003	54876	1	0.001053
55003	54366	2	0.002105
55004	54398	2105	2.288043
55004	54631	4	0.004348
55007	55266	38	0.079832
55007	55333	1	0.002101
55007	55399	2	0.004202
55007	54571	2	0.004202
55007	55184	1	0.002101
55007	55377	11	0.023109
55007	55250	3	0.006303
55007	54865	2	0.004202
55007	54385	1	0.002101
55009	55221	3	0.008621
55009	54382	12	0.034483
55011	55250	1	0.071429
55011	55158	1	0.071429
55012	55683	1	0.000504
55012	55333	1	0.000504
55012	54631	2	0.001008
55012	54571	6	0.003024
55012	55404	3	0.001512
55012	54541	4	0.002016
55012	54575	1	0.000504
55012	55250	3	0.001512
55012	55315	1250	0.630040
55012	55034	1	0.000504
55012	54909	7070	3.563508
55014	55349	3	0.050847
55016	55352	246	2.894118
55016	55250	710	8.352941
55016	55666	85	1.000000
55017	55683	1104	3.024658
55020	54476	22	1.000000
55023	55576	332	1.015291
55025	54629	380	6.031746
55026	54575	4	0.004902
55026	54399	690	0.845588
55028	55377	3	0.000584
55028	54385	3	0.000584
55028	54571	3	0.000584
55028	55345	3	0.000584
55028	55250	3	0.000584
55028	54865	3	0.000584
55028	55399	3	0.000584
55028	54431	3301	0.642093
55031	55349	1	0.012987
55032	55333	4	0.000268
55032	54631	3	0.000201
55032	55404	2	0.000134
55032	54571	1	0.000067
55032	54924	1861	0.124916
55032	54575	2	0.000134
55032	55315	1	0.000067
55032	54426	60	0.004027
55032	55399	1	0.000067
55034	55232	1	0.000259
55034	55488	1	0.000259
55034	55170	1	0.000259
55034	54631	3	0.000776
55034	54571	1	0.000259
55034	55404	4	0.001035
55034	54385	1	0.000259
55034	55250	4	0.001035
55034	54741	1	0.000259
55034	55609	2	0.000518
55034	54396	1	0.000259
55035	55377	25	0.088339
55035	54575	1	0.003534
55035	54525	64	0.226148
55035	54999	46	0.162544
55038	55462	3	0.007371
55040	54752	1	0.002591
55040	55323	1	0.002591
55040	54631	2	0.005181
55040	54476	2	0.005181
55040	55498	2	0.005181
55040	55404	80	0.207254
55040	55438	1	0.002591
55040	55567	1	0.002591
55040	55635	1	0.002591
55040	55221	30	0.077720
55040	55158	1	0.002591
55040	55480	2	0.005181
55040	55195	1	0.002591
55040	54623	3	0.007772
55041	55616	1	0.001425
55041	54598	694	0.988604
55041	54631	2	0.002849
55041	54857	26	0.037037
55041	55404	7	0.009972
55041	55438	5	0.007123
55041	54575	2	0.002849
55041	55349	680	0.968661
55041	55063	2	0.002849
55041	55480	3	0.004274
55041	55221	11	0.015670
55041	54399	3	0.004274
55042	55683	3394	4.030879
55049	54629	276	5.111111
55050	54726	228	3.000000
55051	54498	1	0.002849
55051	54631	1	0.002849
55051	55404	11	0.031339
55051	54482	1	0.002849
55051	55438	2	0.005698
55051	54575	6	0.017094
55051	54449	1	0.002849
55051	55250	5	0.014245
55051	55380	2	0.005698
55051	55480	2	0.005698
55051	54385	1	0.002849
55051	55389	5	0.014245
55051	54623	1	0.002849
55053	55345	1	0.002381
55053	55399	1	0.002381
55053	54508	1	0.002381
55053	54571	1	0.002381
55053	55596	12	0.028571
55053	55377	1	0.002381
55053	55250	1	0.002381
55053	54865	1	0.002381
55053	55353	1	0.002381
55053	54366	1	0.002381
55053	54385	1	0.002381
55054	55386	1	0.022727
55055	55576	101	1.905660
55056	54498	1	0.001536
55056	54726	2243	3.445469
55056	54631	1	0.001536
55056	54571	1	0.001536
55056	55538	1	0.001536
55056	55603	1	0.001536
55056	55399	2	0.003072
55061	55153	1	0.038462
55061	54575	15	0.576923
55062	55333	1	0.033333
55062	55404	2	0.066667
55062	54700	1	0.033333
55062	55221	3	0.100000
55062	55480	2	0.066667
55062	54909	2	0.066667
55063	55172	3	0.002710
55063	54508	2	0.001807
55063	54541	2	0.001807
55063	55438	5	0.004517
55063	54677	4	0.003613
55063	54436	1	0.000903
55063	54700	16	0.014453
55063	54575	1	0.000903
55063	55345	1	0.000903
55063	55091	1	0.000903
55063	55221	2	0.001807
55063	54457	2	0.001807
55063	55519	102	0.092141
55063	54391	27	0.024390
55063	55377	126	0.113821
55063	55250	58	0.052394
55063	54623	1	0.000903
55063	54371	1	0.000903
55063	55399	118	0.106594
55063	54631	3	0.002710
55063	55404	18	0.016260
55063	55405	5	0.004517
55063	55153	8	0.007227
55063	55538	4	0.003613
55063	54899	4	0.003613
55063	54775	2	0.001807
55063	55678	1	0.000903
55064	55386	65	3.095238
55067	55566	89	0.304795
55067	54623	1	0.003425
55068	54426	39	9.750000
55069	54952	2	0.001638
55072	55488	1	0.000288
55072	55232	1	0.000288
55072	55170	1	0.000288
55072	54631	3	0.000863
55072	54571	2	0.000575
55072	55404	4	0.001151
55072	54385	2	0.000575
55072	55250	5	0.001438
55072	54741	1	0.000288
55072	55609	2	0.000575
55072	55034	4394	1.264097
55072	54396	1	0.000288
55072	55519	1	0.000288
55073	55184	1	0.000999
55073	54865	7	0.006993
55073	55345	3	0.002997
55073	55377	4	0.003996
55073	55399	7	0.006993
55073	54508	1	0.000999
55073	54571	5	0.004995
55073	55404	2	0.001998
55073	54541	4	0.003996
55073	54576	3710	3.706294
55073	54385	7	0.006993
55073	55250	7	0.006993
55073	55091	2	0.001998
55073	54582	3	0.002997
55073	54876	1	0.000999
55073	54366	2	0.001998
55074	54754	1	0.000449
55074	55172	2	0.000898
55074	54541	3	0.001346
55074	54862	24	0.010772
55074	54865	3	0.001346
55074	54775	2	0.000898
55074	55289	15	0.006732
55074	54462	1	0.000449
55075	55349	2	0.037736
55077	54399	442	2.000000
55078	55333	1	0.001511
55078	55377	8	0.012085
55078	54631	2	0.003021
55078	54571	3	0.004532
55078	54508	1	0.001511
55078	54541	6	0.009063
55078	55345	1	0.001511
55078	54385	7	0.010574
55078	55250	4	0.006042
55078	54865	1	0.001511
55078	55399	9	0.013595
55078	54366	6	0.009063
55081	54575	1	0.017544
55082	54476	12	1.000000
55086	54726	97	2.063830
55089	54571	2	0.012121
55089	54627	1	0.006061
55089	54876	3	0.018182
55089	54629	4	0.024242
55089	55399	1	0.006061
55091	55552	51	0.459459
55091	54436	62	0.558559
55091	55333	1	0.009009
55091	55142	160	1.441441
55091	55016	4	0.036036
55091	54738	2	0.018018
55091	55250	2559	23.054054
55091	55352	2	0.018018
55094	55232	1	0.000394
55094	55488	1	0.000394
55094	55170	1	0.000394
55094	54631	3	0.001183
55094	54571	1	0.000394
55094	55404	4	0.001578
55094	54385	1	0.000394
55094	55250	4	0.001578
55094	54741	1	0.000394
55094	55609	2	0.000789
55094	55034	4215	1.662722
55094	54396	1	0.000394
55095	54415	3	0.014085
55095	55343	100	0.469484
55096	55625	29	1.035714
55096	55290	28	1.000000
55096	55158	5554	198.357143
55097	54523	1	0.066667
55097	54629	45	3.000000
55098	55428	44	0.047465
55098	54575	6	0.006472
55099	55337	1	0.002801
55099	54779	1	0.002801
55099	54742	1	0.002801
55099	55377	1	0.002801
55099	54865	1	0.002801
55099	55441	1	0.002801
55099	54857	1	0.002801
55099	54571	1	0.002801
55099	54508	1	0.002801
55099	54541	1	0.002801
55099	54575	3	0.008403
55099	54486	1	0.002801
55099	55345	1	0.002801
55099	55250	1	0.002801
55099	55349	1	0.002801
55099	54774	1	0.002801
55099	54391	1	0.002801
55099	55704	1	0.002801
55099	54385	1	0.002801
55099	55399	1	0.002801
55099	54366	1	0.002801
55100	55333	4	0.000268
55100	54631	3	0.000201
55100	54924	1819	0.121950
55100	55404	2	0.000134
55100	54575	2	0.000134
55100	55315	1	0.000067
55100	54426	60	0.004023
55102	55312	83	1.012195
55102	54736	1	0.012195
55102	54629	333	4.060976
55103	54639	4	0.000615
55103	54478	11113	1.708641
55103	55495	58	0.008918
55104	54909	3	0.428571
55105	55683	572	1.019608
55105	54385	2	0.003565
55105	54571	2	0.003565
55105	55377	3	0.005348
55105	54627	1	0.001783
55105	55353	1	0.001783
55105	55399	1	0.001783
55109	55250	1	0.012821
55109	55510	243	3.115385
55109	54575	1	0.012821
55110	55680	2	0.008368
55110	55333	2	0.008368
55110	55345	2	0.008368
55110	54571	2	0.008368
55110	54572	4	0.016736
55110	55377	2	0.008368
55110	55250	6	0.025105
55110	55411	2	0.008368
55110	54865	8	0.033473
55110	55576	9	0.037657
55110	54385	2	0.008368
55110	55399	4	0.016736
55111	54498	1	0.001536
55111	54726	2243	3.445469
55111	54631	1	0.001536
55111	54571	1	0.001536
55111	55538	1	0.001536
55111	55603	1	0.001536
55111	55399	2	0.003072
55112	54624	1	0.002079
55112	55158	6	0.012474
55112	54857	5	0.010395
55112	54865	1	0.002079
55112	55510	11	0.022869
55112	54586	6	0.012474
55113	54726	29	1.035714
55114	55184	1	0.001103
55114	54865	7	0.007718
55114	55345	3	0.003308
55114	55377	4	0.004410
55114	55399	7	0.007718
55114	54508	1	0.001103
55114	54571	5	0.005513
55114	55404	2	0.002205
55114	54541	4	0.004410
55114	54576	3473	3.829107
55114	54385	7	0.007718
55114	55250	7	0.007718
55114	55091	2	0.002205
55114	54582	3	0.003308
55114	54876	1	0.001103
55114	54366	2	0.002205
55115	55678	1	0.004950
55116	55343	3	0.083333
55117	54498	1	0.001527
55117	54571	1	0.001527
55117	54726	2255	3.442748
55117	55399	2	0.003053
55117	54631	1	0.001527
55117	55538	1	0.001527
55117	55603	1	0.001527
55118	55333	2	0.004914
55118	55377	2	0.004914
55118	55399	2	0.004914
55118	54571	2	0.004914
55118	54541	1	0.002457
55118	54575	1	0.002457
55118	55345	1	0.002457
55118	54865	375	0.921376
55118	55250	2	0.004914
55118	55604	4	0.009828
55118	55353	1	0.002457
55118	54391	1	0.002457
55118	54385	1	0.002457
55118	54366	1	0.002457
55119	54560	1	0.001406
55119	55298	1	0.001406
55119	54627	1	0.001406
55119	54692	1	0.001406
55119	55345	3	0.004219
55119	55377	9	0.012658
55119	54631	4	0.005626
55119	54774	1	0.001406
55119	55338	1	0.001406
55119	54571	13	0.018284
55119	55692	2	0.002813
55119	54541	1	0.001406
55119	54802	1	0.001406
55119	54865	5	0.007032
55119	55250	7	0.009845
55119	55667	2	0.002813
55119	55542	1949	2.741210
55119	54519	1	0.001406
55119	54385	11	0.015471
55119	55399	6	0.008439
55119	54366	1	0.001406
55121	55345	1	0.003521
55121	55399	1	0.003521
55121	54508	1	0.003521
55121	54571	1	0.003521
55121	55596	12	0.042254
55121	55053	1185	4.172535
55121	55377	1	0.003521
55121	55250	1	0.003521
55121	54865	1	0.003521
55121	55353	1	0.003521
55121	54366	1	0.003521
55121	54385	1	0.003521
55124	54966	33	1.064516
55124	54631	7	0.225806
55126	54909	22	1.000000
55127	55556	1	0.001520
55127	55307	1	0.001520
55127	55308	1	0.001520
55127	54541	1	0.001520
55127	54415	1	0.001520
55127	55172	3	0.004559
55127	54436	1	0.001520
55127	55205	1	0.001520
55127	55081	1	0.001520
55127	54571	12	0.018237
55127	55343	1	0.001520
55127	55603	1	0.001520
55127	54710	2	0.003040
55127	54456	1	0.001520
55127	55091	1	0.001520
55127	55377	1	0.001520
55127	55250	56	0.085106
55127	55353	1	0.001520
55127	55386	1	0.001520
55127	54366	182	0.276596
55127	54371	1	0.001520
55127	55396	1	0.001520
55127	55399	47	0.071429
55127	55145	1	0.001520
55127	55022	1	0.001520
55127	55029	1	0.001520
55127	54905	1	0.001520
55127	54910	1	0.001520
55130	54948	2	0.000750
55130	54631	1	0.000375
55130	54888	2	0.000750
55130	54579	4	0.001501
55130	55443	1	0.000375
55130	55404	2	0.000750
55130	54398	4	0.001501
55130	54575	3	0.001126
55130	54384	2	0.000750
55130	55219	84	0.031520
55130	55221	1	0.000375
55130	54457	2	0.000750
55130	55678	2	0.000750
55131	54428	1	0.043478
55131	54606	26	1.130435
55132	55625	29	1.035714
55132	55290	28	1.000000
55132	55158	5554	198.357143
55134	55556	6	0.666667
55136	55386	4	0.125000
55137	54865	52	1.040000
55137	55172	1	0.020000
55137	54476	51	1.020000
55139	54598	6	0.015424
55139	54631	1	0.002571
55139	55404	7	0.017995
55139	54700	1	0.002571
55139	54449	2	0.005141
55139	54677	2	0.005141
55139	55480	3	0.007712
55139	55221	1	0.002571
55139	54399	7	0.017995
55140	54629	157	7.136364
55141	55430	1	0.014925
55141	54812	1	0.014925
55141	55630	1	0.014925
55141	55510	344	5.134328
55141	55189	1	0.014925
55142	54409	4	0.005747
55142	55250	5844	8.396552
55142	55333	1393	2.001437
55142	55526	4	0.005747
55142	54831	3	0.004310
55143	55250	1	0.003205
55143	55395	8	0.025641
55143	55526	1	0.003205
55143	55142	1	0.003205
55143	54599	313	1.003205
55143	54376	13	0.041667
55143	55370	294	0.942308
55143	55404	1	0.003205
55143	55661	3	0.009615
55143	55183	33	0.105769
55143	54429	2	0.006410
55143	55506	1553	4.977564
55143	55629	3	0.009615
55143	54575	1	0.003205
55143	55613	182	0.583333
55144	55576	669	1.000000
55144	55110	6	0.008969
55146	55510	138	3.209302
55147	55184	1	0.018868
55148	55184	1	0.001073
55148	54865	7	0.007511
55148	55345	3	0.003219
55148	55377	4	0.004292
55148	55399	7	0.007511
55148	55404	2	0.002146
55148	54571	5	0.005365
55148	54508	1	0.001073
55148	54541	4	0.004292
55148	54576	3516	3.772532
55148	54385	7	0.007511
55148	55250	7	0.007511
55148	55091	2	0.002146
55148	54582	3	0.003219
55148	54876	1	0.001073
55148	54366	2	0.002146
55149	54440	5	0.555556
55149	54352	8	0.888889
55149	54858	5	0.555556
55149	55201	2	0.222222
55149	54575	2	0.222222
55150	54558	1	0.013699
55153	54677	20	1.176471
55154	54795	1	0.010204
55154	55404	4	0.040816
55154	55218	2	0.020408
55154	54449	3	0.030612
55154	54738	3	0.030612
55154	55221	3	0.030612
55155	55488	1	0.000407
55155	55232	1	0.000407
55155	55170	1	0.000407
55155	54631	3	0.001222
55155	54571	1	0.000407
55155	55404	4	0.001629
55155	54385	1	0.000407
55155	55250	4	0.001629
55155	54741	1	0.000407
55155	55609	2	0.000815
55155	55034	4183	1.703870
55155	54396	1	0.000407
55157	54696	1	0.000274
55157	55250	1	0.000274
55157	54582	2	0.000548
55157	54631	1	0.000274
55158	55625	238	0.714715
55158	55290	330	0.990991
55158	54575	1	0.003003
55158	55404	3	0.009009
55158	54631	2	0.006006
55162	54917	1	0.014706
55162	54608	43	0.632353
55162	55699	43	0.632353
55162	54648	1	0.014706
55162	55034	1	0.014706
55162	54651	2	0.029412
55162	54623	1	0.014706
55163	55488	1	0.000407
55163	55232	1	0.000407
55163	55170	1	0.000407
55163	54631	3	0.001220
55163	54571	1	0.000407
55163	55404	4	0.001627
55163	54385	1	0.000407
55163	55250	4	0.001627
55163	54741	1	0.000407
55163	55609	2	0.000813
55163	55034	4273	1.737698
55163	54396	1	0.000407
55164	54424	2	0.000446
55164	55377	4	0.000893
55164	55443	1	0.000223
55164	55404	2	0.000446
55164	55678	1	0.000223
55166	54726	130	0.764706
55170	55034	7	0.014831
55170	54575	2	0.004237
55170	55428	6	0.012712
55170	54631	2	0.004237
55172	55467	1	0.000325
55172	55404	2	0.000649
55172	54541	3058	0.992857
55172	54631	1	0.000325
55173	55171	1	0.047619
55175	55680	4	0.004435
55175	55040	2	0.002217
55175	54404	1	0.001109
55175	54789	3	0.003326
55175	55020	24	0.026608
55175	54667	27	0.029933
55175	55565	1	0.001109
55175	55277	1	0.001109
55175	55568	1	0.001109
55175	54674	2	0.002217
55175	54961	22	0.024390
55175	55702	3	0.003326
55175	54624	2	0.002217
55175	54554	2	0.002217
55175	55323	40	0.044346
55175	54556	16	0.017738
55175	54810	2	0.002217
55175	54814	1	0.001109
55175	55329	1	0.001109
55175	54434	1	0.001109
55175	55333	6	0.006652
55175	54449	1	0.001109
55175	55082	14	0.015521
55175	54571	7	0.007761
55175	55345	5	0.005543
55175	55474	33	0.036585
55175	55603	1	0.001109
55175	55604	1	0.001109
55175	54581	3	0.003326
55175	55478	1	0.001109
55175	54839	1	0.001109
55175	55353	4	0.004435
55175	55349	1	0.001109
55175	54465	23	0.025499
55175	54631	1	0.001109
55175	55241	1	0.001109
55175	54647	2	0.002217
55175	54476	16744	18.563193
55175	54865	10	0.011086
55175	55250	7	0.007761
55175	55510	2	0.002217
55175	54713	39	0.043237
55175	54361	4	0.004435
55175	55399	8	0.008869
55175	54366	7	0.007761
55175	54623	4	0.004435
55175	54752	2	0.002217
55175	55137	1	0.001109
55175	54498	2	0.002217
55175	54629	1	0.001109
55175	55377	7	0.007761
55175	54890	2	0.002217
55175	54635	1350	1.496674
55175	55404	57	0.063193
55175	54381	31	0.034368
55175	54385	6	0.006652
55175	55538	1	0.001109
55175	55289	1	0.001109
55175	55158	10	0.011086
55175	54391	1	0.001109
55175	54539	1	0.001109
55175	55673	27	0.029933
55175	55290	6	0.006652
55175	55359	4	0.004435
55176	55510	225	3.125000
55177	55488	1	0.000391
55177	55232	1	0.000391
55177	55170	1	0.000391
55177	54631	3	0.001173
55177	54571	1	0.000391
55177	55404	4	0.001564
55177	54385	1	0.000391
55177	55250	4	0.001564
55177	54741	1	0.000391
55177	55609	2	0.000782
55177	55034	4282	1.673964
55177	54396	1	0.000391
55178	55616	19	0.395833
55178	54700	1	0.020833
55180	54648	1	0.003356
55180	54530	1	0.003356
55180	54371	3	0.010067
55180	55684	601	2.016779
55180	54631	1	0.003356
55180	54829	1	0.003356
55180	55694	1	0.003356
55180	54449	1	0.003356
55180	55221	2	0.006711
55180	55480	1	0.003356
55180	55577	1	0.003356
55180	55162	1	0.003356
55180	54651	2	0.006711
55180	55519	1	0.003356
55180	54623	1	0.003356
55181	55386	44	1.333333
55181	54615	9	0.272727
55183	55395	8	0.027211
55183	55142	1	0.003401
55183	55526	1	0.003401
55183	54599	313	1.064626
55183	54376	13	0.044218
55183	55370	294	1.000000
55183	55143	3	0.010204
55183	55404	1	0.003401
55183	55250	1	0.003401
55183	54575	1	0.003401
55183	54429	2	0.006803
55183	55506	1575	5.357143
55183	55629	3	0.010204
55183	55661	3	0.010204
55183	55613	182	0.619048
55184	55353	297	0.472930
55184	55399	1	0.001592
55184	55221	1	0.001592
55184	55063	1	0.001592
55185	55232	1	0.000391
55185	55488	1	0.000391
55185	55170	1	0.000391
55185	54631	3	0.001173
55185	54571	1	0.000391
55185	55404	4	0.001564
55185	54385	1	0.000391
55185	55250	4	0.001564
55185	54741	1	0.000391
55185	55609	2	0.000782
55185	55034	4274	1.671490
55185	54396	1	0.000391
55187	55683	840	2.014388
55187	55692	1	0.002398
55187	54541	2	0.004796
55187	55184	1	0.002398
55187	55443	1	0.002398
55187	54935	2	0.004796
55187	55193	1	0.002398
55187	55074	1	0.002398
55187	54692	1	0.002398
55187	55333	1	0.002398
55187	54449	1	0.002398
55187	54571	2	0.004796
55187	54575	1	0.002398
55187	55345	1	0.002398
55187	55221	1	0.002398
55187	55105	1	0.002398
55187	55377	2	0.004796
55187	55250	3	0.007194
55187	54366	2	0.004796
55187	55266	2	0.004796
55187	54627	1	0.002398
55187	54865	2	0.004796
55187	55399	2	0.004796
55187	54508	1	0.002398
55187	54385	2	0.004796
55189	55510	182	2.068182
55190	54465	1	0.001393
55190	54626	1	0.001393
55190	55158	2	0.002786
55190	55377	1	0.001393
55190	55399	1	0.001393
55190	54449	1	0.001393
55190	54571	1	0.001393
55190	55404	5	0.006964
55190	54541	1	0.001393
55190	54385	1	0.001393
55190	55250	1	0.001393
55190	55221	9	0.012535
55190	54865	1	0.001393
55190	54778	1	0.001393
55190	54366	1	0.001393
55190	55290	2	0.002786
55190	55678	1	0.001393
55190	54623	4	0.005571
55191	54449	1	0.020408
55191	54930	1	0.020408
55191	55556	45	0.918367
55191	54813	1	0.020408
55192	54415	103	0.668831
55193	55105	1	0.003268
55193	55266	1	0.003268
55193	55683	2197	7.179739
55193	55187	1	0.003268
55193	54935	1	0.003268
55194	55625	29	1.035714
55194	55290	28	1.000000
55194	55158	5554	198.357143
55195	55256	1	0.030303
55195	54476	4	0.121212
55195	54725	1	0.030303
55195	55158	1	0.030303
55197	55510	55	1.718750
55197	54631	3	0.093750
55200	54629	333	7.085106
55202	55334	288	2.969072
55205	55307	1	0.037037
55207	55377	25	0.087719
55207	54575	1	0.003509
55207	54525	68	0.238596
55207	54999	46	0.161404
55210	54571	1	0.005076
55210	55333	1	0.005076
55210	54385	1	0.005076
55210	55399	1	0.005076
55210	54541	1	0.005076
55210	55345	1	0.005076
55210	55377	6	0.030457
55210	55250	1	0.005076
55210	54865	1	0.005076
55210	54391	1	0.005076
55210	54936	1	0.005076
55210	55353	1	0.005076
55210	54366	1	0.005076
55210	54629	993	5.040609
55211	54629	484	11.000000
55213	54575	2	0.153846
55214	55556	54	0.382979
55214	54631	2	0.014184
55214	54571	8	0.056738
55214	55343	1	0.007092
55214	54865	2	0.014184
55214	54930	3	0.021277
55214	54710	2	0.014184
55214	54385	2	0.014184
55214	55399	2	0.014184
55214	54876	1	0.007092
55216	55377	25	0.087719
55216	54575	1	0.003509
55216	54525	64	0.224561
55216	54999	46	0.161404
55217	55683	1	0.033333
55218	54457	1	0.004274
55218	55154	263	1.123932
55218	54700	1	0.004274
55218	54738	156	0.666667
55220	55386	9	0.183673
55221	55377	2	0.017391
55221	54449	1	0.008696
55221	54631	1	0.008696
55221	55404	4	0.034783
55221	55184	1	0.008696
55221	54865	1	0.008696
55221	54366	1	0.008696
55225	55556	14	1.400000
55226	54726	81	0.920455
55231	54999	4	0.058824
55231	54575	2	0.029412
55232	55250	6	0.004967
55232	54883	1	0.000828
55232	54741	2	0.001656
55237	54693	2	0.007067
55239	55488	1	0.000408
55239	55232	1	0.000408
55239	55170	1	0.000408
55239	54631	3	0.001223
55239	54571	1	0.000408
55239	55404	4	0.001631
55239	54385	1	0.000408
55239	55250	4	0.001631
55239	54741	1	0.000408
55239	55609	2	0.000816
55239	55034	4247	1.732055
55239	54396	1	0.000408
55240	55158	1	0.041667
55240	55510	76	3.166667
55244	55158	2	0.074074
55245	54921	10	1.000000
55245	54571	210	21.000000
55246	54371	2	0.005013
55246	55399	1	0.002506
55246	55498	1	0.002506
55246	54541	1	0.002506
55246	54449	1	0.002506
55246	55250	1	0.002506
55246	55221	1	0.002506
55246	55480	1	0.002506
55246	54617	7	0.017544
55246	54651	1	0.002506
55247	55200	1	0.002326
55247	54370	1	0.002326
55247	54468	1	0.002326
55247	54629	1	0.002326
55247	54631	1	0.002326
55247	54526	1	0.002326
55247	54765	1	0.002326
55247	54621	1	0.002326
55247	54722	1	0.002326
55247	55025	1	0.002326
55247	55221	4	0.009302
55247	54457	1	0.002326
55247	54682	1	0.002326
55247	55643	1	0.002326
55247	55484	1	0.002326
55247	55357	1	0.002326
55247	55678	1	0.002326
55249	55004	4	0.036036
55249	54629	576	5.189189
55250	55552	1	0.000300
55250	54796	1	0.000300
55250	55696	1	0.000300
55250	55666	2	0.000601
55250	54436	10	0.003003
55250	55333	63	0.018919
55250	54571	2	0.000601
55250	55538	2	0.000601
55250	54575	1	0.000300
55250	54449	1	0.000300
55250	55603	1	0.000300
55250	55352	2	0.000601
55250	55091	10	0.003003
55250	54598	1	0.000300
55250	54876	192	0.057658
55250	54371	10	0.003003
55250	55142	1	0.000300
55250	55399	8	0.002402
55250	55016	1	0.000300
55250	54631	1	0.000300
55250	55404	1	0.000300
55250	55154	1	0.000300
55250	55034	1	0.000300
55253	54629	445	8.090909
55254	55232	1	0.000390
55254	55488	1	0.000390
55254	55170	1	0.000390
55254	54631	3	0.001171
55254	54385	2	0.000781
55254	54571	2	0.000781
55254	55404	4	0.001562
55254	54541	1	0.000390
55254	55377	1	0.000390
55254	55250	5	0.001952
55254	54741	1	0.000390
55254	54391	1	0.000390
55254	55609	2	0.000781
55254	55034	4370	1.706365
55254	54396	1	0.000390
55255	55576	3	0.006682
55256	55625	29	1.035714
55256	55290	28	1.000000
55256	55158	5556	198.428571
55259	55349	2	0.050000
55260	55683	2829	3.003185
55261	55333	1	0.007299
55261	55377	1	0.007299
55261	54865	1	0.007299
55261	54571	1	0.007299
55261	54541	1	0.007299
55261	55345	1	0.007299
55261	55250	1	0.007299
55261	54391	1	0.007299
55261	54385	1	0.007299
55261	55386	429	3.131387
55261	55399	1	0.007299
55261	54366	1	0.007299
55262	55377	1	0.002024
55262	54457	1	0.002024
55262	54478	1	0.002024
55262	54575	1	0.002024
55263	55683	1	0.001502
55263	55377	3	0.004505
55263	54385	2	0.003003
55263	54472	386	0.579580
55263	55399	2	0.003003
55263	54541	1	0.001502
55263	54865	2	0.003003
55263	55250	3	0.004505
55263	54519	542	0.813814
55263	54571	1	0.001502
55264	54434	1	0.009174
55264	55345	2	0.018349
55264	55377	2	0.018349
55264	55399	3	0.027523
55264	54571	4	0.036697
55264	54865	5	0.045872
55264	55250	3	0.027523
55264	55353	1	0.009174
55264	54391	1	0.009174
55264	55576	11	0.100917
55264	54385	3	0.027523
55264	54366	2	0.018349
55264	55333	1	0.009174
55266	55683	16	0.024922
55266	54692	5	0.007788
55266	55333	7	0.010903
55266	55345	7	0.010903
55266	54582	1	0.001558
55266	54571	14	0.021807
55266	54508	1	0.001558
55266	54541	1	0.001558
55266	55184	1	0.001558
55266	55377	44	0.068536
55266	55250	15	0.023364
55266	54627	1	0.001558
55266	55604	1	0.001558
55266	55353	1	0.001558
55266	54865	6	0.009346
55266	54935	1	0.001558
55266	54385	9	0.014019
55266	55399	9	0.014019
55266	54710	1	0.001558
55266	54366	4	0.006231
55266	55519	1	0.001558
55268	55184	1	0.001066
55268	54865	7	0.007463
55268	55345	3	0.003198
55268	55377	4	0.004264
55268	55399	7	0.007463
55268	54508	1	0.001066
55268	54571	5	0.005330
55268	55404	2	0.002132
55268	54541	4	0.004264
55268	54576	3521	3.753731
55268	54385	7	0.007463
55268	55250	7	0.007463
55268	55091	2	0.002132
55268	54582	3	0.003198
55268	54876	1	0.001066
55268	54366	2	0.002132
55269	54726	7	0.053846
55271	54865	1	0.013699
55272	55576	610	2.040134
55274	55184	1	0.001067
55274	54571	5	0.005336
55274	55345	3	0.003202
55274	55377	4	0.004269
55274	54865	7	0.007471
55274	54508	1	0.001067
55274	55399	7	0.007471
55274	55404	2	0.002134
55274	54541	4	0.004269
55274	54576	3535	3.772679
55274	54385	7	0.007471
55274	55250	7	0.007471
55274	55091	2	0.002134
55274	54582	3	0.003202
55274	54876	1	0.001067
55274	54366	2	0.002134
55276	55683	241	1.016878
55277	54476	42	1.050000
55278	54629	758	7.084112
55279	55085	2	0.028986
55279	55221	1	0.014493
55280	55576	8	0.017021
55280	55562	470	1.000000
55281	55240	1	0.018182
55281	55510	72	1.309091
55281	54631	3	0.054545
55284	54629	496	7.085714
55285	55184	1	0.001075
55285	54865	7	0.007527
55285	55345	3	0.003226
55285	55377	4	0.004301
55285	55399	7	0.007527
55285	54508	1	0.001075
55285	54571	5	0.005376
55285	55404	2	0.002151
55285	54541	4	0.004301
55285	54576	3472	3.733333
55285	54385	7	0.007527
55285	55250	7	0.007527
55285	55091	2	0.002151
55285	54582	3	0.003226
55285	54876	1	0.001075
55285	54366	2	0.002151
55287	55556	9	0.080357
55288	54704	1	0.034483
55288	54956	1	0.034483
55289	54862	40	2.222222
55290	55172	3	0.005059
55290	54539	2	0.003373
55290	54541	2	0.003373
55290	55441	1	0.001686
55290	55190	3	0.005059
55290	54555	3	0.005059
55290	54747	5	0.008432
55290	55337	1	0.001686
55290	54700	1	0.001686
55290	54449	4	0.006745
55290	55221	3	0.005059
55290	55478	4	0.006745
55290	54839	5	0.008432
55290	55353	1	0.001686
55290	54985	1	0.001686
55290	54775	11	0.018550
55290	54486	1	0.001686
55290	54875	8	0.013491
55290	54778	3	0.005059
55290	54626	2	0.003373
55290	54501	2	0.003373
55290	54631	3	0.005059
55290	55404	8	0.013491
55290	54897	5	0.008432
55290	55411	3	0.005059
55290	55158	328	0.553120
55290	54441	2	0.003373
55290	54650	5	0.008432
55290	55293	4	0.006745
55292	54726	1	1.000000
55293	55290	139	3.088889
55293	55282	1	0.022222
55293	55158	1	0.022222
55294	54559	5	1.000000
