node	traffic
2	0.0006813725
3	0.0008933333
4	0.0004811765
5	0.00059
7	0.0200431395
8	0.0146489412
9	0.0018356471
10	0.0008034146
13	0.0001525581
14	0.0005081081
15	0.0034461224
16	0.0016924615
19	0.0002132558
20	0.0005311628
22	0.0008037805
23	0.0310634884
24	0.0002860465
25	0.004512907
28	0.0302743023
31	0.0012744186
32	0.0095070588
33	0.000431
35	0.0001758333
36	0.00004
37	0.0017003488
38	0.000603125
39	0.000805
40	0.015409186
43	0.0001154762
46	0.0005332857
47	0.0004356977
48	0.000062907
49	0.0084001176
50	0.0010624074
51	0.0001457143
52	0.0032948837
53	0.0006990588
54	0.0013022857
55	4.33333333333E-05
56	0.0004044186
58	0.0911716279
59	0.0003112791
60	0.0003871875
61	0.0286815116
62	0.0328072941
63	0.0331484884
64	0.00081
65	0.0003323377
66	0.0011035526
67	0.0002860465
68	0.0239009302
70	5.36231884058E-05
71	0.0026821127
72	0.0002925301
73	0.0254944186
74	0.0003174419
75	0.0119565385
76	0.0012744186
77	0.0010595238
79	0.0004357895
81	0.0029255556
82	0.0003444444
84	0.0004503571
85	0.0003171429
87	0.0059137209
88	0.0180663953
90	0.0008547368
91	0.0018065116
92	0.0004750909
93	0.0001711111
94	0.0014568919
95	0.0007390164
96	0.0007991463
97	0.0006929412
100	0.0008262353
101	0.0053133721
103	0.0015877907
105	0.0002931507
107	0.0007321429
108	0.0003495349
110	0.0045081395
111	0.0003775
112	0.0002860465
113	0.0007623256
114	0.0001354839
116	0.0004266667
117	4.53846153846E-05
118	0.0001711111
119	0.0013012791
121	0.0016315294
122	0.000168
124	0.00003
125	0.001194875
126	0.005015814
127	0.0031884884
128	0.0007417391
130	0.0020333333
131	0.0006802222
132	0.1242151163
133	0.0011427907
134	0.0066951163
137	0.0127472093
138	0.0005294186
139	0.0038252326
140	0.4247759302
141	0.0004336
142	0.000695
143	0.00044125
144	0.000087561
146	0.0014290698
148	0.004926
149	0.0003174419
150	0.0004319355
151	0.0004044186
152	0.0003333333
153	0.0001811628
154	0.0045929508
156	0.000337973
157	0.0004356977
158	0.000465
159	0.0007496429
160	0.0146287209
161	0.0104152326
162	0.0026568605
163	0.000618
164	0.0005311628
165	0.0003730233
167	0.0022218605
169	0.0066951163
170	0.0009567442
171	0.0207143023
172	9.96551724138E-05
173	0.0010793023
174	0.0026346512
175	0.000337973
177	0.9725696512
178	0.0005789286
179	0.0768052113
181	0.0070655814
182	0.000445
183	0.0004530769
184	0.0003332258
186	0.0012396552
187	0.0003174419
188	0.0011
189	0.0006990588
191	0.0033997674
192	0.0005257576
193	0.0003184884
195	0.000805
196	0.0254944186
197	0.0007174468
198	0.0009327907
199	0.0028931746
200	0.0007772093
202	0.0111805882
203	0.0118935821
204	0.0008826027
205	0.0021256977
206	0.007544359
207	0.0011138961
208	0.0008084146
209	0.0001711111
210	0.073114186
211	0.0003174419
212	0.0001831081
213	0.0494889535
216	0.0002490698
217	0.0024463333
218	0.001188
219	4.29577464789E-05
220	0.0007898182
221	0.0002195349
222	0.0003495349
223	0.007365
224	0.0008273684
225	0.0008906383
226	0.0001714286
227	0.0005609302
228	0.0040488889
229	0.009717093
230	0.0002573333
231	0.000085
232	0.0009664198
233	0.0007160465
239	0.0098834884
240	0.0004669333
241	0.0022707143
243	0.0001019512
244	0.063735814
247	0.0079704651
248	0.0016493023
249	0.001585
251	0.0017419608
252	0.000204375
253	0.0019368605
254	0.0018472222
255	0.0005416667
258	0.0004164
259	0.0033828302
260	0.0004114286
261	0.0003417778
262	0.0195543023
263	0.0018098837
264	0.0006725641
265	0.0029523256
266	0.0542884884
267	0.0007436047
268	0.0003335849
269	0.0003754167
270	0.000032
271	0.0056327907
272	0.0049209333
273	0.0008053659
274	0.0007991463
275	0.000337973
276	0.0002132558
277	1.8523354651
279	0.0019551948
280	8.14285714286E-05
281	0.0002977778
282	0.0392151163
283	0.0038280233
284	0.0015936047
285	0.0003184884
287	0.001757625
289	0.0003014815
290	0.0062702326
291	0.006802093
292	0.1434059302
293	0.0001406977
294	0.0014402564
295	0.0804464286
296	0.0032061628
297	0.0081548837
298	0.00137
299	0.0009209211
301	0.0010018571
302	0.0020953488
303	0.0732579268
306	0.0002132558
308	0.0008548077
311	0.0970061628
312	0.0287283721
313	0.0007627059
314	0.0008029268
315	0.000719322
317	0.000337973
319	0.0111590698
320	0.00012
321	0.0003174419
322	0.0003174419
323	0.0065910465
324	0.0019368605
325	0.0011445882
326	0.0007160465
327	0.008000814
331	0.0189552326
332	0.0004546154
333	0.0007457895
335	0.000485
336	0.00038
338	0.0054784884
339	0.0003730233
340	0.0008015854
341	0.008204
342	0.0025506977
343	0.00045
344	0.0004986667
345	0.0001210714
346	0.0006864
347	0.0028888372
348	0.000515
349	0.0019368605
351	0.000805122
352	0.0865576744
353	0.00096
354	0.1398690698
355	0.0013388372
357	0.0054398387
358	0.0008113415
360	0.0004592593
361	0.0307347674
362	0.0002448837
363	0.0002625
364	0.0019368605
365	0.00002
366	4.53846153846E-05
367	0.0002925301
368	0.0012715385
369	7.76811594203E-05
370	0.0534901176
371	0.0005609302
373	0.0012744186
374	0.0003965385
377	0.0001654762
378	0.00002
379	0.0008398837
381	0.0629040698
382	0.000444186
383	0.0020461538
384	0.0017774194
386	0.0007766667
387	0.0008746341
388	0.0004669333
389	0.0018410465
390	0.0063893023
391	0.0004762791
392	0.0018445833
393	0.0009567442
395	0.0435843023
396	0.000877439
397	0.0003193976
398	0.00031
399	0.0004669333
400	0.0003396429
401	0.0004281579
403	0.0030795349
404	0.0006024194
405	0.0000785
406	0.0007782609
408	0.0006
409	0.0012357143
411	1.2417381395
413	0.0004669333
414	0.0008876596
415	0.00098375
416	0.0004757813
417	2.66666666667E-05
418	0.000515
419	2.66666666667E-05
420	0.0020810811
421	0.0008569767
422	0.0002475556
423	0.013087619
425	0.0089234884
426	4.53846153846E-05
427	0.0020004651
428	0.0003171429
430	0.0840375581
431	0.001015814
432	0.000649
433	0.0002290698
434	0.0005029412
435	0.0002304348
437	0.0003322222
438	0.00136
439	0.0028833333
441	0.0214140698
442	0.0004127907
443	0.0020004651
444	0.0183953488
445	0.00013
447	0.0010422222
448	0.0054433721
449	0.0002444444
450	0.0019619512
451	0.001085
452	0.001242381
453	0.0003657778
455	0.5988623256
456	0.0002919048
459	0.4002030233
460	0.4365115116
461	0.0014916667
463	0.0005075581
468	0.0013012791
469	0.0025
470	0.0016111538
471	0.0012455263
474	0.0262865116
475	0.560143
476	0.003335
477	0.000444186
479	0.0556304651
480	0.0003392857
481	0.0040947674
482	0.00002
483	0.0011280645
484	0.0010261039
485	0.0256020513
486	0.0043008333
487	0.00041
488	0.0048636471
490	0.0160833824
491	0.0366483721
492	0.000444186
493	0.0001385294
495	0.0003746667
497	2.66666666667E-05
498	0.00048
499	0.0019684884
500	0.0001711111
501	0.004119403
502	0.0020004651
504	0.0863288372
506	0.00038
507	0.0003866667
508	0.0037944681
509	0.0007206154
511	0.0001056977
517	0.0003697561
521	0.0005789286
535	0.005739186
538	0.0007576923
539	0.0008891463
540	0.000217
541	0.000496
542	0.0042407792
544	0.0011106977
545	0.0009714286
546	0.000265
547	0.0015936047
548	0.0009211628
550	0.0005294186
551	0.0063765116
553	0.00057
554	0.0025029851
556	0.0017432558
557	0.0006532558
558	0.0080515294
559	0.0001595556
560	0.0001316667
563	0.0329544186
565	0.0717031395
566	0.0038252326
567	0.00032
569	0.000444186
570	0.0002528125
571	0.0015535088
573	0.0212589535
574	0.0034644872
578	0.0067232558
579	0.0008947561
580	0.0638695349
581	0.0004669333
582	0.0005241667
583	0.0007835135
584	0.0009383333
585	0.001015814
586	0.0015829412
587	0.0103956977
590	0.0219072941
592	0.0001675
593	0.00014625
595	0.0001595556
597	0.0001045238
598	6.20512820513E-05
599	0.0003730233
600	0.00003975
601	0.000872561
602	0.0015554651
604	0.0020004651
605	0.0020004651
606	1.33333333333E-05
607	0.00116625
608	0.000105
610	0.000444186
611	0.0037465116
614	0.0010277907
615	0.0004786747
616	0.0017118605
617	0.0104813953
618	0.0014269565
620	1.0144916279
621	0.0036136047
624	0.0055904
625	0.0241244186
626	0.000030814
627	2.66666666667E-05
630	0.0014353846
631	0.0003066667
633	0.0006668605
635	0.0020194186
636	0.001157037
637	0.0004616216
638	0.1043372093
640	0.0003112791
641	0.0014702083
642	0.0014532258
643	0.0005390909
644	0.0027442857
645	0.0016353623
646	0.0010235294
648	0.0001307143
649	0.0034784211
651	0.0022360465
654	0.000777971
655	0.1459143023
658	0.0008952439
659	0.0022410465
661	0.0001316667
662	2.5777193023
663	0.0144139535
674	0.0350702326
685	0.0014883721
692	0.0002132558
693	2.2814465
696	0.0014883721
707	0.0001071429
708	0.00069
709	0.0003283673
710	0.00816
711	0.0006974419
712	0.000552381
714	0.0001555556
715	0.0559002326
716	0.0481087209
717	0.0016787671
718	0.0022638776
719	0.000855
720	0.003206875
722	0.0004517241
724	0.0005566071
725	0.0014883721
727	0.0002132558
728	0.000444186
729	0.0038793671
731	0.0009738571
732	0.000736
733	0.000444186
734	0.0047798837
735	0.0002758333
736	0.0032360274
737	0.0006436905
738	0.0004184211
739	0.0075011628
740	0.001105
741	0.0008398837
742	0.0004591304
743	0.0020004651
744	0.0008664634
746	0.0411860465
748	0.0004196078
750	0.000444186
754	0.0046061628
755	0.0034173333
756	0.0008342857
757	0.427479186
758	0.0001811628
759	0.0003239394
761	0.00067
762	0.0008732927
763	0.0009854098
764	0.0006365574
765	0.0002370588
766	0.0001071429
768	0.0103086047
769	0.000884058
770	0.0003426744
771	0.0008415217
772	0.0003392857
773	0.0009169014
774	0.001784878
775	0.0005365217
776	0.00112
777	0.0042908219
778	0.0001725
779	0.0001225
780	0.0003730233
781	0.00036
785	0.0005217391
786	0.0003697561
787	0.0004356977
789	0.0009168293
790	0.0001036232
793	7.02941176471E-05
794	0.0008287342
796	0.0009525581
797	0.001435
799	0.0013818605
801	0.0003990476
802	0.0010019444
803	0.0812238372
805	0.0005325926
806	4.26315789474E-05
807	0.002439881
808	0.0005075581
809	7.44927536232E-05
811	2.5369051163
812	0.0002125
813	0.0147558442
814	0.0124552778
816	0.0008716279
817	0.0005952381
819	0.0009384615
822	0.0093051163
823	0.0400389535
824	0.0008248837
827	0.0007436047
828	0.0003222222
830	0.00112
831	0.0001048276
832	0.0003495349
834	0.000755
835	0.0001415556
836	0.0007938372
837	8.98550724638E-05
838	0.0002572222
839	0.0028697674
841	0.000837
844	0.0004
845	0.000382
846	0.0605793023
847	0.0008625
848	0.0002346341
851	0.0004858824
852	0.0011513953
853	0.001365
854	0.00119375
857	0.000205814
859	0.0003880952
860	0.0009
861	0.0189166279
862	0.00542
863	0.0001686667
864	0.0069233333
865	0.00053375
866	0.001460814
867	0.0002
869	0.0037037209
874	0.0012733333
875	0.0001966667
876	0.0319123256
877	0.0002132558
878	0.0005261905
880	0.0018868831
882	0.00966
883	0.0004103704
884	0.00013
886	0.0006110417
887	0.000863125
888	0.0003184884
889	0.0047824419
890	0.0015175
891	0.0014883721
893	0.0010602857
894	0.0014883721
895	0.0018258442
897	0.000362
898	0.00210125
900	0.0011744186
901	0.0001595556
905	0.0007967442
906	0.0002475
907	0.0029755814
908	0.0042879268
909	0.000075
911	0.0006990588
912	7.26086956522E-05
913	0.0068255814
915	8.11111111111E-05
918	0.0001909302
920	0.0005249153
921	0.0007865333
922	0.00013
923	0.00058375
924	0.0061533735
925	0.0001242623
926	0.0043867059
927	0.00096
928	0.0395447674
930	0.0003393421
931	0.002775
932	0.0088893023
933	0.0002283333
934	0.0004230645
935	0.0014108696
937	0.0033290909
938	0.00117
939	0.0009179268
941	0.0028542353
942	0.0008346154
943	0.0001210714
944	0.0019401639
945	0.0009090244
946	0.0006436905
947	0.0001711111
949	0.00016
950	0.0025394186
954	0.0001425
955	0.0013218182
956	0.0002869231
957	0.00035
958	0.0001095238
959	0.0009112195
960	0.0007236765
962	0.0012556471
963	0.0003123256
964	0.0038252326
965	0.0043889535
966	0.0388963953
968	0.0027266667
970	0.0005796875
971	0.0018065116
972	0.0020244444
973	0.00273
978	0.2034156977
979	0.0108655556
980	0.0020244444
982	0.00059
983	0.0003495349
984	0.0003725676
985	0.000155
986	0.0032369767
987	0.0618518605
989	0.0013263158
990	0.1012763953
991	0.0006755294
992	0.1689002326
993	0.0003806977
994	0.0003692857
995	0.0010169412
996	0.0844502326
997	0.0002955556
998	0.0006223913
999	0.0006346512
1000	0.000115
1001	6.90196078431E-05
1002	0.0044640698
1004	2.0471433333
1006	0.0008158824
1007	0.0795246512
1008	0.0001595556
1009	0.0005398837
1010	0.0011743023
1012	0.0038683333
1014	0.0006974194
1016	0.0019368605
1017	0.0009229268
1018	0.0001056977
1019	0.0012804706
1020	0.0005789286
1021	0.0136947674
1022	0.0036138372
1023	0.0002573333
1024	0.020137907
1026	0.0003173256
1027	0.0019366279
1028	0.0254944186
1029	9.17391304348E-05
1031	0.000910122
1033	0.0018065116
1034	0.0314569767
1035	0.0005665217
1036	0.008465814
1037	0.0005074419
1038	0.0149109722
1039	0.0031426744
1040	0.0003495349
1041	0.0005789286
1042	0.023687093
1043	0.0000675
1044	0.0004703571
1045	0.0007936842
1046	0.0005125
1047	0.000217
1048	0.0004127907
1050	0.0002658824
1052	0.0016819767
1053	0.0017775581
1054	0.000975
1055	0.0004762791
1056	0.0003739474
1057	0.0001695238
1058	0.0005446032
1059	0.002987907
1060	0.0605763953
1061	0.0005235484
1062	0.0002787671
1064	0.000178
1065	0.0009326829
1066	0.0009204762
1068	0.0003657576
1069	0.0019272093
1070	0.0002433333
1072	0.0007239286
1073	0.0004364286
1074	0.009176
1075	0.0005269565
1077	0.0011228205
1078	6.98305084746E-05
1079	0.0316949412
1080	0.0005033333
1081	0.000098
1082	0.0123281395
1083	0.0004980233
1084	0.0006770833
1086	0.0132368605
1087	0.0023376744
1088	0.000919878
1089	0.0152139683
1090	0.0072211628
1093	0.005964
1094	0.0013408696
1095	0.0009524419
1096	0.0003173256
1099	0.0022378824
1100	0.0002490698
1101	0.0005051786
1102	0.0001533333
1103	0.0073017442
1104	0.0003816667
1105	0.0003725676
1106	0.000112
1107	0.0012269643
1108	0.0004969231
1111	0.1276988372
1112	0.0626989535
1115	0.0006793333
1116	0.0026569767
1117	0.0003495349
1118	0.0008886364
1119	0.0011654545
1120	0.0003283333
1121	0.00287
1122	0.00068375
1123	0.0116848235
1124	0.0001011321
1125	0.0006642857
1126	0.0013356471
1128	0.2284627907
1129	2.06060606061E-05
1132	0.0015872093
1133	0.0003495349
1134	0.0004975
1136	0.0001045238
1137	5.28571428571E-05
1138	0.0006436905
1139	0.0015877907
1140	0.0005790476
1142	0.021664375
1143	0.0004762791
1144	0.0008472619
1147	0.0004144444
1148	0.0003184884
1150	8.33333333333E-05
1151	0.0017727273
1153	0.0011853846
1154	0.0004440385
1155	0.0016790278
1156	2.45454545455E-05
1157	0.0026455814
1158	0.0116740476
1159	0.00042
1160	0.020822561
1162	0.001629863
1164	0.0100066667
1166	0.0004252174
1167	0.0009292683
1168	0.0015383824
1170	0.0099596512
1176	0.0004634
1180	0.0040256667
1182	0.00023
1183	0.0002793333
1184	0.0075551163
1185	0.0022161972
1186	0.0009359259
1187	0.0019366279
1189	0.0001223077
1194	0.0025506977
1195	0.006825
1196	7.65217391304E-05
1197	0.0003495349
1198	0.0003116667
1199	0.0017003488
1200	0.0164345349
1201	0.0002358824
1203	0.0071105814
1204	0.0019366279
1206	0.0013818605
1207	0.001307093
1208	0.000182
1209	0.0003742222
1211	0.0001507143
1213	0.00036375
1214	0.0022316279
1215	0.0161537209
1216	0.0064755814
1217	0.0007051613
1218	0.0004811111
1219	0.00043
1221	0.0001707143
1222	0.002794186
1223	0.0003806977
1224	0.000385
1225	0.0017090244
1227	0.0003133333
1228	0.000889186
1229	0.0033637209
1230	0.0003806977
1231	0.0228394048
1232	0.0002802326
1233	0.000636
1234	0.0103343421
1235	0.0000675
1236	0.0009323171
1238	0.0121701163
1239	0.0002223256
1240	0.0005074419
1241	0.0036570423
1242	0.0004511111
1243	0.0017743023
1244	0.001307093
1245	0.0020003488
1247	0.0002883333
1248	0.0006386047
1249	0.0784339535
1250	0.00025125
1251	0.0004303571
1252	0.0004980233
1253	0.0001539286
1255	0.0003876596
1257	0.0009022093
1258	0.000657619
1259	0.0009567442
1260	0.0008706122
1262	2.06060606061E-05
1263	0.0004044186
1264	0.0005316667
1266	0.0013177778
1267	0.0003552941
1268	0.0001991667
1269	0.0009246341
1270	0.066514186
1271	0.0023634043
1273	0.0175370588
1275	0.0012975641
1277	0.000935
1279	0.0005801818
1280	0.0010685714
1281	0.0001308333
1282	0.0009339535
1283	0.0007813333
1284	0.000327931
1286	0.00060875
1289	0.000096
1290	0.0268215116
1293	0.00097
1295	0.0005062791
1296	0.0024445349
1297	0.0003184884
1298	0.0036243023
1299	0.0003871429
1300	0.0070143023
1301	0.0012556471
1302	0.0005
1303	0.000964
1305	0.0002002326
1306	0.0004044186
1307	0.0003233333
1309	0.0002132558
1310	0.0007627059
1311	0.000012
1313	0.0019366279
1314	0.1327093023
1315	0.00082
1316	0.0003806977
1317	9.70731707317E-05
1318	0.0003730233
1319	0.0004276471
1321	2.81395348837E-05
1322	0.0005156522
1324	3.46875E-05
1325	0.0006036047
1326	0.0006786667
1327	0.1515996512
1328	0.0006773913
1329	0.0000536
1330	0.000545
1332	0.00081
1333	0.00021
1334	0.0223774194
1335	0.0009208537
1336	0.0014651765
1337	0.0031751163
1338	0.0051013953
1339	0.0065397674
1340	0.0054202326
1341	0.0002381395
1343	0.0009213415
1344	0.0003806977
1345	0.0012744186
1347	0.0051013953
1350	0.0001254762
1351	0.0007623256
1352	0.00009
1353	0.000446
1355	6.92647058824E-05
1356	0.0008930508
1358	0.0366483721
1359	0.0001316667
1360	0.0003495349
1361	0.0007544872
1362	0.0472976744
1363	0.0002165385
1364	0.000737
1366	0.1007518605
1367	0.00045875
1368	0.0012273239
1369	0.0012380233
1372	0.0011296667
1373	0.0002815385
1374	0.0036138372
1375	0.0006205405
1376	0.000526
1377	0.0005879487
1378	0.0007334146
1379	0.0001811628
1381	0.0011027083
1382	0.000102
1383	0.0034540476
1385	0.0037136047
1387	0.0002736364
1388	0.0003495349
1389	0.0009157534
1393	0.0004332
1394	0.0012166154
1398	0.0004709375
1399	0.0006688679
1400	2.06060606061E-05
1401	0.0117965116
1402	0.0044759302
1403	0.0018065116
1404	0.0007165385
1407	0.0001857895
1408	0.0273893023
1409	0.0086426667
1410	0.0340215385
1412	0.0006668605
1414	0.006675
1415	0.000904717
1416	0.00053
1417	0.0005007018
1419	0.006240339
1420	0.0014883721
1421	0.0004669333
1422	0.0005878261
1423	0.0111590698
1424	0.0219994186
1426	0.0018065116
1427	0.0004677273
1428	0.0044818605
1429	0.0008144186
1430	0.0011426744
1431	0.0004050943
1432	0.0254944186
1433	0.0002174419
1434	0.0005074419
1437	0.000205
1438	0.0003806977
1439	0.0005388889
1440	0.0012744186
1441	0.0009152632
1443	0.0002726667
1444	0.0003551724
1445	0.004317093
1446	0.0004559091
1447	0.00028
1448	0.0254944186
1450	0.0123867442
1452	0.0084590698
1454	0.027557093
1456	0.0013818605
1457	0.0006386047
1458	0.0001833333
1459	0.0675939535
1460	0.0023376744
1461	0.0062869767
1462	0.0013509333
1464	0.0008398837
1466	0.1056382558
1467	0.0045272727
1468	0.001378
1469	0.0002425
1470	0.0148781395
1471	0.0010169412
1473	0.0003575
1474	0.0003702899
1475	0.0049772093
1476	0.0010582192
1478	0.0003495349
1479	0.0003854545
1480	0.0004966667
1482	0.0009180488
1483	0.0004762791
1484	0.00095875
1485	0.0004470238
1486	0.2444227907
1488	0.0180832558
1489	0.0008935849
1490	0.0056986207
1491	0.0014606977
1492	0.0002107407
1494	0.0009206098
1496	0.0008426087
1499	0.0019366279
1501	0.000215814
1502	0.0052422093
1505	0.0057394186
1506	0.000444186
1509	0.0006036047
1512	0.0001695238
1513	5.26470588235E-05
1514	0.0043572093
1515	0.0003806977
1517	0.000173125
1518	0.0009486585
1519	0.0010741772
1521	0.0034
1522	0.0007977778
1523	0.0003495349
1525	2.4347826087E-05
1526	0.0003050943
1527	0.0001883333
1528	0.0013961628
1529	0.0019366279
1531	9.73913043478E-05
1532	0.0003889474
1533	0.0003095238
1535	0.0012538462
1536	7.76811594203E-05
1539	0.00018875
1541	0.0021331395
1542	0.0013192405
1544	0.0002702222
1546	0.0015936047
1547	0.0006436905
1548	0.0004503571
1549	0.000178
1551	0.0261622093
1552	0.0067613953
1553	0.0008716279
1554	0.000208
1556	0.000265
1557	0.0002846667
1558	0.001592907
1559	0.0031884884
1560	0.000515
1561	0.0089204651
1562	0.0003193976
1563	0.0059365116
1564	0.0003173256
1565	0.0022561538
1566	0.0009397561
1567	0.2407360465
1570	0.0178654651
1572	0.0065915116
1573	0.0004372727
1574	0.001242
1575	0.0008090698
1576	0.0012942857
1577	0.0014883721
1578	0.0010277907
1580	0.0003018182
1582	0.0071901163
1583	0.1689002326
1585	0.0015240698
1586	0.0011743023
1587	0.0031438462
1588	0.0012556471
1589	0.0017833333
1591	0.0137530588
1592	0.0003361111
1593	0.0013356471
1594	3.58695652174E-05
1596	0.0011336667
1598	0.0005481395
1599	0.0004126744
1601	0.0003938554
1602	0.0021319718
1604	0.0016195349
1606	0.006164186
1607	0.00008375
1608	0.0005766265
1609	0.0034284884
1610	0.0011690698
1611	0.1377568605
1612	0.0417848837
1613	0.099537907
1614	0.0003882353
1615	0.0031884884
1616	0.0015178049
1617	0.00029375
1619	0.0010514286
1620	0.0005096512
1621	0.0015783721
1622	5.59302325581E-05
1623	3.42352941176E-05
1624	0.0019587209
1625	0.067092907
1626	0.0003619767
1628	0.0010195349
1629	0.000609625
1630	0.0003101786
1631	0.0006
1634	0.0339480233
1637	0.431037093
1640	0.0012954839
1641	0.0006669767
1644	0.0004524419
1645	0.009395
1646	0.0005096512
1647	0.00082
1649	0.0055072093
1651	0.0006669767
1652	0.0060274419
1653	0.0042874419
1654	0.0112683721
1655	0.0005639286
1657	0.0005096512
1658	0.0003734884
1660	0.0003619767
1661	0.0007233721
1662	0.0003397674
1663	0.00049
1664	0.0013762791
1665	0.0003282558
1666	0.0006477647
1667	0.0011844444
1668	0.0002595349
1669	0.0166344186
1670	0.0007802326
1671	0.0021930769
1672	0.0005096512
1673	0.0001133721
1674	0.011175814
1676	0.0035055128
1678	0.0008495349
1679	0.0021936047
1680	0.0003054651
1682	2.36585365854E-05
1683	0.0161597674
1684	0.0009976471
1686	0.0006833333
1687	0.0003285714
1688	0.0002152632
1689	0.00001
1690	0.076323125
1691	0.000713913
1692	7.93023255814E-05
1694	0.0010631395
1695	0.001064375
1696	0.0039015116
1697	0.000325375
1698	0.0005096512
1699	0.0005995349
1700	0.0019677907
1701	0.0001247674
1702	0.0016218919
1703	0.0017993023
1704	0.00095
1705	0.000305
1706	0.0005518519
1707	0.1681875581
1709	0.0023228235
1710	0.0005096512
1711	0.0011765116
1712	5.59302325581E-05
1715	0.0193904651
1717	0.0016043023
1718	0.0005667532
1719	0.0005547674
1720	0.0003502326
1721	0.0002393333
1722	0.0003177907
1723	0.0014359302
1724	0.001872973
1725	0.0015403797
1726	0.0005096512
1727	0.0332465116
1729	0.0005096512
1731	0.2548019767
1732	0.0007348837
1733	0.0005096512
1734	0.0001605455
1735	0.184727907
1736	0.0005096512
1737	0.0005096512
1738	0.0005096512
1739	0.0005096512
1740	0.0003397674
1742	0.0005108571
1743	2.80952380952E-05
1744	0.0003397674
1745	0.0004125
1747	0.000082549
1748	0.0001062791
1750	0.0003397674
1751	0.0001697674
1752	0.0067515116
1757	0.0043904651
1758	0.000790625
1760	6.13043478261E-05
1761	0.0003397674
1762	0.0001828571
1763	0.0015945349
1764	9.02325581395E-05
1765	0.0003604762
1767	0.0052475581
1768	0.00039625
1769	0.0015948837
1771	0.0007772973
1772	0.0005096512
1773	0.0002380233
1774	0.0022062963
1775	0.0047988372
1776	2.36585365854E-05
1778	0.0005096512
1781	0.0019454651
1782	0.0009718824
1784	2.36585365854E-05
1785	0.0015896512
1786	0.0001186957
1788	0.0015998837
1791	0.0004977778
1792	0.0001697674
1793	0.0024694915
1794	0.0003397674
1795	0.013680625
1796	0.0004362857
1797	0.0016472
1798	0.0002722093
1799	5.59302325581E-05
1803	0.0006798837
1804	0.0001186957
1806	0.0039916279
1807	0.0753934884
1808	0.0006798837
1810	0.0001062791
1811	0.0429493023
1812	0.0075961446
1813	0.0005096512
1814	0.0003954651
1815	0.0048624419
1816	9.02325581395E-05
1819	0.0005147619
1820	0.000773125
1821	0.0010851163
1822	0.0300352326
1823	0.0005643902
1825	0.0002669565
1826	1.13333333333E-05
1827	0.0005086047
1829	0.000224
1830	0.0026855
1831	0.0017302326
1832	0.0005092188
1833	0.0006798837
1835	0.0015745349
1836	9.02325581395E-05
1837	0.0129411628
1838	0.0004298837
1839	0.0002116279
1845	0.0003163953
1847	0.0621166279
1848	0.0005096512
1850	0.0002722093
1851	0.0023861628
1853	0.0005992
1854	0.0008242105
1856	0.0015840698
1857	0.0016040698
1858	0.0091046512
1859	0.0005096512
1860	0.0010286047
1861	0.0007067857
1862	0.0016004651
1863	9.17647058824E-05
1864	0.0004574074
1865	0.0001995294
1866	0.0001186957
1867	0.953194186
1869	0.0025588235
1871	0.0002037209
1872	0.0016137209
1875	0.0011271429
1876	0.0002265116
1877	0.0005312791
1878	0.0001186957
1879	0.0005096512
1882	0.0013873171
1883	0.0006109302
1884	0.0025921538
1885	0.0002066667
1887	0.0004441667
1888	0.0003397674
1889	0.0005096512
1891	0.008667093
1892	0.0006225581
1893	0.0006798837
1894	0.0005096512
1897	0.0005096512
1898	0.0007014286
1899	3.42352941176E-05
1900	0.0039353488
1901	0.0003731395
1902	0.0005424419
1903	0.0642546512
1904	7.93023255814E-05
1905	3.42352941176E-05
1906	0.0015825581
1908	0.0005096512
1909	0.00022
1910	0.0005203488
1911	0.0002827907
1913	0.0001582558
1914	0.0016105814
1915	7.3137254902E-05
1916	0.0058510465
1917	0.0015965116
1918	0.000847093
1919	0.001577093
1920	0.0005096512
1921	0.0318761628
1922	0.000135814
1923	0.0030761628
1926	0.0001582558
1927	0.007875814
1930	0.0011080233
1932	0.0043198837
1936	0.0013236047
1937	0.000690125
1938	2.36585365854E-05
1939	0.0596973256
1940	0.0043065432
1941	0.0005096512
1942	0.0001547273
1943	0.0003397674
1944	2.36585365854E-05
1945	0.0001811628
1946	0.0015953488
1947	0.000045814
1949	0.0001915116
1952	0.0005096512
1955	0.002284186
1956	0.001604186
1957	0.0105166279
1958	0.0180890698
1959	0.0005521818
1960	0.0001017442
1961	0.0037580233
1962	7.15789473684E-05
1963	0.0015986047
1964	0.0015798837
1965	0.0008589535
1966	0.0018297468
1967	0.0006560465
1969	0.0011417442
1971	0.0300006977
1972	0.0003282558
1973	0.0088226744
1975	0.0012437209
1976	0.0095212791
1978	0.0210174118
1983	0.0006798837
1985	0.0001186957
1986	0.0008243243
1988	0.000485122
1989	0.0008495349
1990	0.0003397674
1992	0.0003397674
1993	0.0158816279
1994	0.0005096512
1996	0.0017254217
1998	0.002905814
1999	0.0007348837
2000	0.0013593023
2002	0.0055046512
2003	0.0015934884
2004	0.0020802326
2005	0.0005096512
2007	0.0005096512
2009	0.0016009302
2010	0.0015809302
2011	0.0006798837
2012	0.003867093
2013	0.0005096512
2014	0.0007348837
2015	0.0005096512
2016	0.000952907
2020	3.42352941176E-05
2021	0.0007690698
2024	0.000045814
2025	0.0014446835
2026	0.0002116279
2027	0.00069
2028	0.0003173913
2029	0.0002226087
2030	0.0005096512
2031	0.0016009302
2032	0.0002722093
2034	0.0005096512
2038	0.0040573256
2039	0.0016004651
2040	0.0005096512
2042	1.0383422093
2045	0.230427093
2046	0.0015919767
2047	0.0006696
2048	6.77906976744E-05
2053	0.0015989535
2055	0.0005096512
2056	0.0005096512
2057	0.0005096512
2058	0.0009646512
2060	0.0005096512
2062	0.0047639535
2063	0.0023632558
2065	0.0005096512
2066	0.0008346154
2069	0.0002118919
2070	0.0319883544
2072	0.0569830233
2073	0.0003561111
2075	0.0003073214
2076	8.11764705882E-05
2077	0.0005096512
2078	0.0003177907
2079	0.009052623
2081	0.0004867442
2083	0.0038112791
2084	0.0008495349
2085	5.59302325581E-05
2086	0.0026348837
2087	0.0003397674
2090	0.000102549
2091	0.0426681967
2092	0.0005096512
2093	3.42352941176E-05
2094	0.0005096512
2095	0.0017639535
2096	0.0065584884
2098	0.0545651163
2099	0.067794186
2100	0.0014133721
2102	0.0667653488
2103	9.02325581395E-05
2106	0.0001062791
2107	0.000602807
2108	0.0008774359
2111	0.0005096512
2112	0.0018883721
2113	0.0006798837
2114	1.4003811628
2115	0.0003625
2116	0.001232907
2117	0.0005547674
2119	0.0005096512
2120	0.0010180233
2121	0.0303174419
2122	0.000135814
2123	0.0005096512
2126	0.0085016667
2128	0.0003705814
2130	0.0131284884
2131	0.0008495349
2133	0.0727353488
2134	0.0001589535
2136	0.0027083333
2138	3.42352941176E-05
2139	0.0002116279
2140	0.0005096512
2142	0.0003397674
2143	0.002275814
2144	0.0007006977
2145	0.0005096512
2146	0.0005206897
2147	0.00035
2148	0.0006798837
2149	0.0002616129
2150	2.36585365854E-05
2151	0.0091034884
2153	0.0293565116
2154	0.0001657143
2156	0.0025219298
2157	0.0002116279
2158	0.0018883721
2159	0.0001657143
2160	0.7242601163
2161	0.000376087
2162	0.0006798837
2163	0.0002116279
2164	0.0013593023
2165	0.0004085714
2167	0.0023861628
2169	0.0008939535
2170	0.0016018605
2171	0.00047125
2172	0.0025215116
2174	0.0017372973
2175	0.0626754651
2176	0.0151644186
2177	0.0005096512
2178	0.0006557143
2179	0.0012780233
2180	0.026295814
2182	0.0099509302
2184	0.0001062791
2185	0.0006798837
2186	0.0010851163
2187	0.0006896512
2188	0.000176
2189	0.0008642
2190	0.0016055814
2192	0.0009003488
2193	0.0033131395
2194	0.0027851163
2195	0.0001915116
2196	0.001232907
2197	1.0232565116
2199	0.0175848837
2200	3.42352941176E-05
2201	0.0022417722
2202	0.0004977907
2204	0.000258
2205	0.0041727907
2206	0.0016145349
2207	0.0002943023
2208	0.000045814
2209	0.0001062791
2210	0.0002037209
2213	0.0001277778
2216	0.0639718605
2217	0.0004184615
2219	0.0003282558
2220	0.0578990698
2221	0.000927093
2222	0.0016080233
2225	0.0002380233
2227	0.0002380233
2228	0.0003397674
2230	0.00008875
2231	0.0003397674
2232	0.8631303488
2234	0.001232907
2236	0.0001062791
2237	0.0008748276
2238	0.0016066279
2239	5.59302325581E-05
2241	0.0005096512
2242	0.0001582558
2243	0.0005096512
2247	9.02325581395E-05
2248	0.0007690698
2249	0.0002116279
2250	0.0003282558
2253	0.0001247674
2254	0.0006109302
2256	0.0017610714
2257	0.0030761628
2258	0.0042344186
2260	0.0001589535
2262	5.59302325581E-05
2264	0.0016082558
2265	0.0007348837
2266	0.0004236047
2267	0.0003246667
2270	0.0016115116
2272	0.0002827907
2273	1.0363833721
2275	0.0007366667
2277	0.0001502083
2278	0.0008774359
2279	0.0003397674
2280	7.87142857143E-05
2282	0.0016069767
2283	0.001640814
2284	0.0019113953
2285	0.0002827907
2287	0.000347
2289	0.000045814
2290	0.0001435
2292	0.0001435
2295	0.0001697674
2296	0.000192381
2297	0.000192381
2298	0.0003470833
2300	0.0012176744
2303	0.0001589535
2305	0.0006225581
2307	0.0016190698
2308	0.0004977907
2309	0.0002147674
2312	0.0299332558
2313	0.0005096512
2314	0.0005096512
2316	0.0010976744
2317	0.0006798837
2318	0.0434023256
2319	0.0025319565
2320	0.0016055814
2321	0.0020124419
2323	0.0005096512
2324	0.0001017442
2325	0.0015882558
2327	0.0015919767
2328	0.00133
2329	0.0003397674
2331	0.0006560465
2332	0.0005096512
2333	0.0007547059
2334	0.0005096512
2337	0.0006798837
2339	0.0007940698
2340	0.0005741304
2341	0.0003397674
2342	0.000927093
2343	0.0001457143
2344	0.0007348837
2346	0.0005096512
2347	0.0005610714
2349	0.0002939286
2351	0.0266243023
2352	0.001214875
2353	0.0015745349
2355	0.000045814
2357	0.0007862319
2359	0.0015469767
2360	0.0010851163
2361	0.0005203488
2362	0.0029180233
2363	0.0004181395
2365	0.0006560465
2366	0.0015502326
2367	0.0003397674
2368	0.0107760714
2369	0.0038573494
2371	0.0328588372
2372	0.0032383333
2374	0.0003126667
2375	0.041170814
2377	0.0451838372
2378	0.0107760714
2379	0.00001
2380	0.0005668605
2381	0.001826129
2382	0.0002577778
2383	0.0551169767
2385	0.0003975
2386	0.0160827907
2387	0.0012302564
2388	0.0045955844
2389	0.0040423636
2390	0.0060889412
2391	0.0002390698
2392	0.0053801163
2393	0.0001516667
2394	0.0003406977
2395	0.1752432759
2396	0.0374215116
2397	0.0012238462
2398	0.0005233333
2399	0.0993513953
2400	0.000236
2401	0.0014366667
2402	0.1819375
2403	0.0003406977
2404	0.00048
2405	0.2903098837
2406	0.0452595349
2407	0.048727037
2408	0.0160827907
2409	0.0077719767
2410	0.0004651163
2411	0.1128386047
2412	0.0012255556
2414	0.0003311765
2415	0.0002266279
2418	0.0005133333
2419	0.001395
2420	0.0020038889
2421	0.01004
2422	0.0516623256
2423	0.002795
2425	0.0347111765
2426	0.000634
2427	0.0004828571
2429	3.3676074419
2431	0.0003283333
2433	0.0012140351
2434	0.0120058228
2435	0.0036236667
2436	0.0002266667
2437	0.0029241558
2438	0.0424533333
2439	0.2450319767
2440	0.0004282353
2443	0.00076
2445	0.0006316667
2446	0.052605814
2447	0.0007922222
2448	1.3267669767
2449	0.0003406977
2451	0.6342134884
2452	0.00031
2453	0.0029516279
2454	0.0063418182
2455	0.0570295349
2458	0.017585
2459	0.00037
2460	0.0336344186
2461	0.127164186
2462	0.00016
2463	8.8161219767
2464	8.8445436047
2465	0.0107137037
2466	0.0500745455
2467	0.0717303488
2468	0.000281875
2469	0.0200737143
2470	0.0166417442
2472	0.002125082
2473	0.0031966667
2474	0.0117252632
2475	0.000635
2476	0.0022161765
2477	0.1139403488
2478	2.1306348837
2479	0.0003406977
2480	0.0005019048
2482	0.1032982558
2484	0.0004182609
2486	0.0013271951
2487	0.0020901786
2489	0.0168656977
2491	0.0533233721
2492	0.2247446512
2493	0.0003406977
2494	0.0057384884
2495	0.0413675581
2496	0.0031410127
2497	0.0256831395
2498	0.00046
2499	0.0011317949
2500	0.0003406977
2501	0.0807023256
2502	0.0004679167
2504	0.0018366667
2505	0.1283567442
2506	0.0003476923
2507	0.1324046512
2509	0.0030509302
2510	0.0159370238
2511	0.0002783333
2512	0.0019362857
2513	0.4530276744
2515	0.0868110127
2516	0.025982907
2517	0.0008025926
2518	0.016542907
2519	0.0160213953
2520	0.0010146875
2521	0.016752907
2522	0.0541788372
2523	0.0013309091
2524	0.0021622353
2525	0.00124
2526	0.0018714667
2528	0.047739186
2529	0.0057253488
2530	0.0080141463
2531	0.3127494667
2532	0.0017676623
2533	0.0063362791
2534	0.0004997297
2535	0.0003406977
2536	0.0923973418
2537	0.0106905063
2538	0.0004543023
2539	0.0416068605
2540	0.2860767949
2541	0.0003991667
2543	0.0109065116
2544	0.0008836842
2546	0.0014665455
2547	0.0003406977
2548	0.010005875
2549	0.0008142857
2550	0.0455519767
2551	0.0003406977
2552	0.0017336842
2554	0.2591344186
2555	0.0033555
2556	1.1755176744
2557	0.0001566667
2558	0.0008185714
2559	0.0028695349
2560	0.045414186
2561	0.0529728571
2562	0.1993405814
2563	0.0013766176
2564	0.0082696386
2565	0.270470814
2566	0.0066143023
2567	0.0658589535
2568	0.0168656977
2569	0.0092562903
2570	0.0012257447
2571	0.0011994118
2572	0.0003406977
2573	0.2214912791
2575	0.00063
2576	0.0003406977
2577	0.0380198837
2578	0.000712766
2579	0.0007592857
2580	0.0005267442
2581	0.0003406977
2582	0.0165297674
2583	0.0164224419
2584	0.0010828947
2585	0.0240298837
2586	0.7180695349
2587	0.0139804651
2588	0.00039
2589	0.0017308642
2590	0.0006075
2591	0.0023944186
2593	0.3881445349
2595	0.00006
2596	0.0004835714
2597	0.0088475581
2598	0.3209755814
2599	0.3577687209
2600	0.008185814
2602	0.2680444186
2603	0.0159394186
2604	0.14933
2605	0.0111603488
2608	0.0010418182
2609	0.0008369767
2610	0.0010115663
2612	0.0004390323
2614	0.0005796226
2615	0.3580243023
2616	0.0010675806
2617	0.005627907
2619	0.0003983333
2620	0.0025528205
2622	1.0959739535
2623	0.000342
2624	0.0010033333
2625	0.0013968354
2626	0.0020810667
2627	0.000359186
2628	0.00048
2629	0.0197689535
2630	0.0034669767
2631	0.0197689535
2632	0.0006282051
2633	0.0023882143
2634	0.0002124138
2635	0.0003406977
2637	0.0044093151
2638	0.0080633721
2639	0.0047948571
2640	0.0176738372
2641	0.0037529412
2644	0.0109463529
2645	0.001157
2646	0.0021240909
2647	0.0003009091
2648	0.1179196512
2649	1.2490960465
2650	0.0004586792
2651	0.0008397826
2652	0.0004543023
2653	0.0076866279
2656	0.1957182558
2657	0.0003406977
2658	0.0099269512
2659	0.0197689535
2660	9.16666666667E-05
2661	0.0010884337
2662	0.4861236047
2663	0.0003736
2664	0.0004425
2667	0.0056436047
2668	0.0003406977
2669	0.0026265882
2670	0.0044307895
2671	0.0012222581
2672	0.0197689535
2673	0.0023251163
2674	0.0217030233
2675	0.0004543023
2678	0.0023625974
2679	0.00008
2680	0.031496
2681	0.0056757143
2682	0.00063
2683	0.0197689535
2685	0.765898375
2686	0.0038104348
2687	0.0038684783
2689	0.010605
2691	0.1260155814
2692	0.2738905814
2693	0.0026298837
2694	0.0003406977
2695	0.003117619
2696	0.003307093
2697	0.5391833721
2698	0.000445283
2699	0.1206346512
2700	0.0004543023
2701	0.5187156977
2702	0.0017937209
2703	0.0197689535
2704	0.000517
2705	0.00104175
2706	0.0770528125
2707	0.0007036364
2708	0.0010875
2709	0.0024062745
2710	0.0030252632
2711	0.0197689535
2712	0.0031083721
2713	0.9686739535
2714	0.0007167532
2715	0.0010486
2716	0.000359186
2718	0.0021092857
2719	0.0010760465
2720	0.0095855814
2721	0.9016851163
2722	0.0004290909
2723	0.0371831395
2724	0.0026643373
2726	0.0010844444
2727	0.2401695349
2728	0.0291432558
2729	0.0009186364
2730	0.1757667442
2731	0.0005987209
2732	0.0004163158
2734	0.0016020513
2735	0.0004873333
2736	0.0026941463
2737	0.0163525581
2738	0.0032289535
2740	0.0015133333
2741	0.0004543023
2742	0.1399933721
2743	0.0278654651
2744	0.0111187209
2745	0.0029402439
2746	0.1826103488
2748	0.0909843023
2751	0.2442919767
2753	0.0004581818
2755	0.0017953947
2757	0.0359873256
2758	0.0154384127
2759	0.000684375
2760	0.0003254545
2762	0.0002706667
2765	0.00057
2766	0.000615
2767	0.0037695
2768	0.1525176744
2769	0.0011
2770	0.0043757895
2772	1.9997883721
2773	0.0197689535
2774	0.0003754651
2775	0.1220659302
2776	0.0271193023
2778	0.1306674419
2779	0.0074207042
2781	0.0008369767
2783	0.0006352239
2784	0.0142618824
2785	0.165882449
2786	0.0010846667
2787	0.004577
2789	0.3534172093
2790	0.0003672917
2791	0.0007757895
2792	0.0050010588
2794	0.0003453125
2795	0.0003406977
2796	0.0001975904
2797	0.0006425
2798	0.0068658
2799	0.0124864286
2800	0.1707303488
2802	0.0007945349
2803	0.0197689535
2804	0.001392875
2805	0.0003192593
2806	0.2640172093
2807	0.2425707059
2808	0.0007510714
2809	0.0003406977
2810	0.0086117442
2811	0.0018987037
2812	0.0058665116
2813	0.000472093
2815	0.000293125
2816	0.0022254651
2817	0.0010688889
2818	0.000885
2819	0.0004041667
2821	0.0010136364
2822	0.0118648837
2823	0.0034390698
2824	0.0003209091
2827	0.2233934884
2828	0.0036104938
2829	0.0045115789
2830	0.000175
2831	0.0006516981
2832	0.0315110465
2834	0.0006825581
2835	0.0003966279
2837	0.00027
2839	0.0002813043
2842	0.0015306849
2843	0.0139764706
2844	0.0020298837
2845	0.0017806977
2846	0.0010285714
2848	0.0014159302
2850	0.0164527907
2852	0.018562907
2853	0.009723125
2854	0.0007596364
2856	0.0082854118
2857	0.0026415
2858	0.0003107143
2860	0.0001661628
2861	0.0039705882
2862	0.0119189535
2863	0.0017712791
2864	0.0003133333
2866	0.0005443023
2867	0.0001203488
2868	0.0030991429
2869	0.0018036364
2871	1.4989082558
2872	0.003392
2873	0.0001344186
2875	0.00125
2876	0.0001203488
2878	0.0016029412
2881	0.005192093
2882	0.0055545349
2883	0.0118930769
2885	0.0005036735
2886	0.0013406
2887	0.0131101163
2888	0.0004022222
2889	0.0140977907
2890	0.0035290698
2891	0.000166
2892	0.0003216667
2893	0.0043827907
2894	0.0103091765
2895	0.0551565116
2896	0.0007202326
2897	0.0018568
2898	0.0007158333
2900	0.0028739241
2901	0.0002024419
2903	0.00001
2904	0.0021245714
2905	0.0421493023
2906	0.0016201163
2907	0.0301410465
2908	0.0004742857
2909	0.0012813953
2910	0.0006253333
2911	0.0830716279
2912	0.0021096203
2913	0.0275909302
2914	0.024652439
2919	0.0005536364
2920	0.00007
2921	0.000663
2922	0.000355
2923	0.0027144
2925	0.0001592857
2926	0.0287245349
2927	0.0004176923
2928	0.0366775758
2931	0.0737269014
2932	0.0001765217
2933	0.000394
2934	0.0292704651
2935	0.0013482558
2936	0.0010272727
2937	0.0040817647
2940	0.0033859302
2941	0.0020647222
2943	0.0001344186
2945	0.019554186
2946	0.0003137209
2947	0.0047010588
2948	0.0005395349
2949	0.0007467391
2950	0.0111365116
2951	0.0129411628
2952	0.0001942857
2953	0.0149501351
2954	0.0047240698
2956	0.0711436047
2957	0.0071472093
2958	0.0014117442
2959	0.0033713953
2960	0.00008
2961	0.0005273077
2962	0.0058032941
2963	0.0005066667
2967	0.0016064706
2968	0.0001428571
2969	0.0112605814
2970	0.0448372
2971	0.0021651282
2972	0.0168620238
2973	0.0002692308
2974	0.0006633333
2976	0.0009570149
2977	0.0344563953
2978	0.0007714286
2980	0.0151326506
2981	0.0025097674
2982	0.3064723256
2985	0.0029313415
2986	0.0007806977
2987	0.0002172727
2990	0.0207544776
2991	0.020534186
2992	0.0035882558
2993	0.00016875
2994	0.0082351163
2995	0.1384753488
2996	0.0009828846
2997	0.0106848837
2999	0.0001517857
3000	0.0044560465
3002	0.0001635714
3003	0.001130303
3004	0.0018202326
3005	0.0002858333
3007	0.0054431395
3008	0.0006746512
3009	0.0002696512
3010	0.0076470667
3011	0.0414682558
3012	0.2734240698
3015	0.0073495349
3016	0.0003777907
3017	0.1411717442
3019	0.0032639535
3020	4.84444444444E-05
3021	0.0728903488
3022	0.00003
3023	0.0015915116
3024	0.0118674419
3025	0.0027651163
3026	0.0367374419
3027	1.36842105263E-05
3028	0.0011765116
3029	0.0010330435
3030	0.0079556977
3033	0.0006183721
3037	0.1185036047
3038	0.0326946512
3039	0.0016433333
3040	0.0080352857
3042	0.0848802326
3044	0.0014301163
3045	0.0006973333
3046	0.0034390698
3047	0.0003728571
3048	0.0047296386
3051	0.000472093
3052	0.000193125
3053	0.0023368493
3054	0.0010118605
3056	0.0002054651
3057	0.001118125
3060	0.0022254651
3061	3.11688311688E-05
3063	0.0438951163
3065	0.0016854651
3066	0.0285890698
3067	0.0011994186
3068	0.0030911111
3069	0.0087264286
3070	0.0002822857
3072	0.0022924419
3073	0.0078216279
3074	0.0046523256
3075	0.0006717808
3076	0.0433791765
3077	0.0334939535
3078	0.0003094444
3079	2.19444444444E-05
3080	2.19444444444E-05
3081	0.0275668421
3082	0.002403125
3084	0.0012557831
3085	0.0368272581
3086	0.0008212791
3087	0.0280288372
3088	0.0010133333
3089	0.0002585714
3090	0.0020347619
3092	0.0001006061
3093	0.0002024419
3097	0.000395625
3099	0.0003394444
3100	0.0134467857
3101	0.0039177333
3102	0.0114219767
3104	0.0028868605
3105	0.5013939535
3106	0.0039705882
3107	0.0010916667
3108	0.00034
3110	0.0004067742
3111	0.0006461538
3112	0.00147
3114	0.0031209302
3115	0.0008089535
3117	0.00063
3118	0.0016792593
3119	0.000715
3120	3.11688311688E-05
3122	0.0020852326
3124	0.0780262791
3125	0.0013467442
3126	0.001725
3127	0.2786383721
3128	0.0001006061
3129	0.0131934884
3130	0.0014289744
3131	0.001167875
3132	0.0511301163
3133	0.001614186
3134	0.0004433333
3135	0.0005326316
3136	0.0016769355
3137	0.000275
3138	0.0005136047
3139	0.0002584884
3140	0.0002086667
3141	0.000231875
3142	0.000495
3143	0.0011765116
3144	0.00093375
3145	0.0001203488
3146	0.0002725
3147	0.00117
3148	0.02101
3149	0.0624327907
3150	0.0009437209
3151	0.0054618605
3153	0.0056289535
3154	0.0005973214
3155	0.0003227907
3156	0.0003596512
3157	1.36842105263E-05
3159	0.2501425581
3160	0.0008485366
3163	0.0032221333
3164	0.0065047674
3165	0.0004755556
3168	0.1939284884
3169	0.0385116279
3170	0.0015511111
3173	0.0206194186
3174	0.0111267442
3175	0.000419
3176	0.0004444444
3178	0.0002966667
3179	0.0652710465
3181	0.0049822093
3182	0.000350814
3183	0.1274187209
3184	0.0002147368
3186	0.0254261905
3188	0.0510324419
3190	0.0888413953
3191	0.0017526744
3195	0.0002997222
3196	0.0022924419
3197	0.0035882558
3198	0.0041127907
3199	0.0036708974
3200	0.000625
3201	0.0019617391
3202	0.0032366279
3205	0.0001006061
3206	0.0011765116
3207	0.0402061628
3208	0.0004233333
3209	0.023185814
3210	0.0014833721
3211	0.045847619
3212	0.1145431395
3214	0.001744186
3216	0.001517
3219	0.0622331395
3221	0.0016187209
3223	0.0329052326
3224	0.0028571154
3226	0.0102782927
3227	0.0024947674
3228	0.000479
3230	0.0004271875
3231	0.00046075
3234	0.0012813953
3235	0.0027741667
3236	0.000496
3238	0.00027
3241	0.1444868605
3243	0.0351716667
3245	0.0004325
3246	0.0420645882
3247	0.001264875
3248	0.0009765217
3250	8.3023255814E-05
3251	0.0004372
3252	0.0003966279
3253	0.0002305814
3254	0.0016947674
3255	0.0100639535
3256	0.0473019767
3257	0.0003233333
3258	0.0705283333
3259	0.00053
3262	0.0045845349
3263	0.0042484884
3264	0.0006646512
3265	0.0001006061
3266	0.001
3268	0.0026127778
3269	0.5689742857
3270	0.0005383673
3272	0.0004925
3274	0.0002732
3275	0.0002025
3276	0.0291801163
3277	0.0283873256
3279	0.0032555128
3280	0.0011765116
3281	0.0001938372
3282	0.0170266279
3283	0.0262527907
3284	0.0166623256
3285	0.000755
3287	4.84444444444E-05
3288	0.000917
3289	0.0008103659
3290	0.006742907
3291	0.0022444737
3292	0.0024664
3293	0.0003377907
3294	0.0019802326
3295	0.0011765116
3296	0.0054985882
3298	0.0008950704
3299	0.00031
3300	0.0507739535
3301	0.0047330435
3302	0.3726266279
3303	0.0047104706
3304	0.0035333721
3306	0.0005926923
3308	0.0460480233
3309	0.0003175
3310	0.0153997561
3311	0.1007230233
3312	0.0004044186
3313	0.00357
3315	0.0100064557
3316	0.0041670513
3318	0.0009006977
3319	0.0022924419
3320	0.0012575
3321	0.0017844615
3322	0.1588580233
3324	0.0048641379
3328	0.003321875
3329	0.0002785714
3331	0.000102907
3332	8.3023255814E-05
3335	0.0149637209
3336	0.0382340698
3338	0.0001203488
3340	0.0516538372
3341	0.0004059302
3342	0.0008765116
3344	0.0172695349
3347	0.0001344186
3348	0.3101756977
3350	0.00005
3351	0.0008490698
3352	0.0010697674
3354	0.0002725
3355	0.0010789535
3356	0.0002024419
3359	0.0002629412
3362	0.0133678571
3363	0.0001635714
3364	0.000485
3366	0.000284
3367	0.3043057377
3368	0.0004
3369	0.002460814
3370	0.005057093
3371	0.0038054286
3372	6.07058823529E-05
3373	0.0011765116
3374	0.5092023256
3375	0.0042484884
3377	0.0036065789
3378	0.001384
3379	0.000655
3380	0.7320567442
3381	0.0014159302
3382	0.0008328125
3383	0.0035444828
3385	0.0001983333
3386	0.0029722222
3388	0.0025548837
3390	0.0022254651
3394	0.0013802326
3396	0.0012813953
3398	0.0011460465
3399	0.0034503488
3400	0.0170270238
3403	0.0030140698
3404	0.0010220455
3405	0.0009433333
3407	0.001157375
3408	0.0014833721
3409	0.0003288889
3410	0.0011714583
3411	0.0009437209
3412	0.0006646512
3413	0.0002684615
3414	0.0001763636
3415	0.00018875
3417	0.0012048571
3418	0.0410081395
3421	2.19444444444E-05
3422	0.0017264789
3423	0.3896348837
3424	0.0001714286
3425	0.000168125
3426	0.0010992857
3428	0.0002883333
3431	0.0008669767
3434	0.000463125
3435	0.0093838372
3436	0.2954034884
3437	0.0027305814
3438	0.00039
3439	0.0003045349
3441	0.0507069767
3447	0.0099181395
3448	0.0009485714
3449	0.0001006061
3451	0.0019866667
3452	0.0083684884
3453	0.0120034884
3455	0.0004708929
3457	0.0011765116
3458	0.0008357143
3459	0.0005
3461	0.0003958333
3462	0.3034277907
3463	0.0005352326
3464	0.000472093
3465	0.0002298837
3468	2.19444444444E-05
3469	0.0070589535
3471	0.0003907143
3472	0.0024962195
3473	0.0056638372
3474	0.0006283333
3476	0.0031970513
3477	0.0013707042
3478	0.001550814
3479	0.0045177907
3480	0.0013373256
3483	0.0018513636
3484	0.0014394186
3485	0.0006155556
3486	0.0029391765
3491	0.6971671875
3492	0.0006746512
3494	0.0060336047
3495	0.0003716667
3496	0.0775918605
3497	0.000542
3498	0.0018202326
3503	0.0134589091
3504	0.000195
3505	0.0007036364
3506	0.0127439535
3507	0.00013
3508	0.00105
3509	0.0072147674
3510	0.0011765116
3511	0.0009151724
3512	0.0047424419
3514	0.0356492941
3515	0.0078795349
3516	0.0038109756
3520	0.00018
3521	3.11688311688E-05
3522	0.0002827778
3525	0.0011536232
3526	0.0005081818
3527	0.008420625
3528	0.0001006061
3530	0.0006068605
3533	0.0051123256
3534	0.0026973256
3536	0.0113592593
3537	0.0007936047
3538	0.0004392857
3539	0.01768
3540	0.0329702326
3545	0.0010128767
3547	0.061762093
3548	0.0870768605
3549	0.0426018605
3550	0.0103565517
3551	0.1166618605
3552	0.0015237179
3553	3.33720930233E-05
3554	0.0010084906
3558	0.0025183077
3559	0.0412409302
3560	0.0013431169
3561	0.0003033333
3562	0.000209359
3564	0.0676438372
3565	0.1004860465
3567	0.0068619767
3568	1.72093023256E-05
3569	0.0007936842
3570	0.000082907
3572	0.000418
3575	0.0973226744
3578	0.0024598837
3579	0.004335
3580	0.0009587755
3581	0.0700948837
3582	1.1896545349
3583	0.000082907
3584	0.0007151613
3585	0.104080814
3586	0.0051554651
3587	0.0014473585
3588	0.0950936047
3589	0.0087358824
3590	0.0130733333
3591	0.0164727907
3592	0.0003802326
3594	0.000237907
3595	0.222294186
3596	0.0004468605
3597	0.0259795349
3598	0.0039218605
3599	0.0041981707
3600	0.0022581176
3601	0.0635233721
3602	0.0003540278
3603	0.0008776744
3604	0.0136897143
3605	0.059987093
3606	0.0004018462
3608	0.016059881
3609	0.1741426744
3610	0.0004441176
3611	0.1081083721
3612	0.0460760465
3613	0.0008675
3615	0.0043988889
3617	0.0010986957
3621	1.04225352113E-05
3622	2.07692307692E-05
3623	0.0002016667
3624	0.0004488235
3625	0.0013437662
3626	0.0002085714
3627	0.0025675472
3628	0.0009495714
3629	0.0090238372
3630	0.0008330435
3631	0.002860241
3634	0.0108696471
3635	0.0759768605
3636	5.8488372093E-05
3637	0.001397
3638	0.0481894186
3639	0.003322973
3640	0.0356630233
3642	0.0246183951
3643	0.037210814
3644	0.0686034118
3645	0.0023969767
3646	0.0004234783
3648	0.000395
3649	0.0167260465
3650	0.0334734524
3652	0.0002783333
3653	0.0068619767
3654	0.0005084211
3655	0.00032
3656	0.00082625
3657	0.005941125
3658	0.016345
3660	0.0005107547
3663	0.0039559302
3664	0.0003479762
3665	0.0018386047
3666	0.1222018605
3667	0.3163344186
3668	0.0039218605
3669	0.0023518605
3670	0.0008111628
3671	0.0630016279
3672	0.0009004706
3674	0.3443093023
3675	0.0466055814
3676	1.0662383721
3677	0.0031788889
3680	0.0122606977
3681	0.0004166667
3682	0.001782907
3683	0.000458
3685	0.0021379487
3686	0.0006018182
3687	4.22891566265E-05
3688	0.0010939286
3689	0.1395687059
3692	0.0013089189
3693	0.0021709091
3694	0.00018
3695	0.0013917442
3696	0.0001575581
3697	0.0078426744
3698	0.0040797872
3699	0.0284302326
3700	0.0049390698
3704	1.72093023256E-05
3705	0.0005
3706	0.0076246512
3707	1.72093023256E-05
3708	0.0024509302
3710	0.004797093
3711	0.0725716667
3713	0.0006988889
3715	0.0181362791
3717	0.0018193939
3719	0.0003802326
3720	0.08235
3721	0.0746209302
3722	0.0080136047
3723	0.7719043023
3724	0.000655625
3726	0.001105
3728	0.0228220513
3729	0.1147897674
3731	0.0015395294
3732	0.0302259259
3733	0.005509
3734	0.0126657143
3735	0.0002072093
3736	0.0011619048
3737	0.0100767442
3738	1.04225352113E-05
3739	0.0022216279
3740	0.0818595349
3741	0.0009640698
3743	0.00001
3744	0.0083336047
3745	0.0001161628
3746	0.0004395349
3748	0.0006985714
3749	0.00079
3750	0.0515223256
3751	0.0181362791
3753	0.0010765116
3754	0.0076723529
3756	1.72093023256E-05
3757	0.0091398246
3758	0.0196069767
3759	0.0005472093
3761	0.0197209091
3762	0.0110405814
3763	0.0072333721
3764	0.0002533333
3765	5.8488372093E-05
3766	0.0001254545
3767	1.04225352113E-05
3768	1.2782317442
3769	0.0125946512
3770	0.0069980769
3771	3.33720930233E-05
3773	0.010950814
3775	0.0946037209
3776	0.0091943023
3778	0.0476469767
3779	0.000132093
3780	0.0632752326
3783	1.72093023256E-05
3784	1.04225352113E-05
3786	0.0012023881
3787	0.0002559016
3788	0.000176
3789	0.0001411765
3790	0.0490174419
3791	0.1652454651
3792	0.0002089474
3794	0.0006751613
3795	1.72093023256E-05
3796	0.0016888372
3799	0.0539939535
3800	0.001715
3802	0.0028733333
3803	0.0118176744
3804	0.0447294186
3805	0.115190814
3806	1.72093023256E-05
3807	0.0011988
3808	0.5029488372
3809	0.000832
3810	0.0005
3811	0.0499972093
3812	0.001138871
3814	0.0024363415
3815	0.0032871951
3816	0.0003479762
3817	0.0107834884
3818	0.090207907
3819	0.0062519481
3821	0.000981875
3822	0.075246
3824	0.000440625
3825	0.000464
3826	0.001026
3827	0.5109524419
3829	0.0042416279
3830	0.000605
3831	2.46511627907E-05
3832	0.0103302326
3833	0.00048
3834	0.0003479762
3835	0.0014893827
3836	0.0104829545
3837	1.04225352113E-05
3838	0.0004718605
3839	0.0208828889
3840	0.0176460465
3841	0.000355814
3842	0.0007073333
3843	0.0037268
3844	0.0002365
3845	1.04225352113E-05
3846	0.0003669231
3848	0.0003658462
3850	0.02936
3851	0.0048016279
3852	0.1225434884
3853	0.00001725
3854	0.24634
3855	0.02264575
3856	0.0229083721
3857	0.0828398837
3858	0.0019532432
3859	0.0049016279
3860	0.0027827907
3861	0.0009846341
3864	0.0010526316
3867	0.2057173256
3869	0.015862907
3870	0.0446053488
3871	0.01673775
3872	0.0236
3874	0.0256075581
3876	0.0004928571
3877	0.0011256522
3878	0.0006133333
3879	0.0005225
3880	0.0122819767
3882	0.1328369767
3883	0.0007906977
3885	0.3950815116
3886	4.22891566265E-05
3887	0.0010364706
3888	0.0280283721
3890	0.024164359
3893	0.01058925
3894	0.0386773256
3896	0.0003479762
3898	0.0109082558
3899	0.0137252326
3900	0.0004185
3901	0.0002569767
3902	0.1933836047
3904	0.0060839535
3905	0.906867907
3907	0.0007531765
3908	24.2569605814
3909	7.45348837209E-05
3911	0.0022825581
3912	0.0003802326
3913	1.04225352113E-05
3914	0.0015648837
3916	0.0112738372
3918	0.0021193976
3920	0.0005461538
3921	0.0105093023
3922	0.0668545349
3924	0.0005666667
3925	0.0004824138
3926	0.1704946512
3927	0.0011295918
3930	0.0003066667
3931	0.0002033333
3932	0.0679522093
3935	0.0081074138
3936	0.0011211765
3937	0.0095927907
3938	0.0013189535
3939	0.0760245349
3940	0.000116
3942	0.0343627907
3943	0.043257907
3944	0.0006628571
3946	0.0116355556
3947	0.0500732558
3948	0.0048518182
3949	0.0015331429
3950	0.7280080233
3951	0.0019632203
3952	1.72093023256E-05
3954	0.0142895455
3955	0.0001910465
3956	0.0011733333
3957	0.0066631395
3958	0.01461
3959	0.0018847368
3961	0.0678218605
3963	0.0018592157
3964	0.0420673171
3966	0.0015648837
3968	0.0016656757
3969	0.000055
3970	0.0035474699
3972	2.46511627907E-05
3973	0.0157851163
3974	0.0003103279
3975	0.0001787143
3976	0.080477093
3978	0.0649671429
3979	0.000125
3980	0.0209080233
3981	0.0007951429
3982	0.0644509302
3983	0.0269245349
3984	1.7628137209
3985	0.0100530233
3986	0.8176123256
3989	0.0121469767
3990	0.00698
3991	0.0013557317
3992	0.0043184314
3993	0.0019604651
3994	0.3213672093
3995	0.0002153488
3996	0.0001175294
3997	0.0010293939
3998	0.0025011628
3999	0.0025265574
4000	0.003098481
4001	0.436727093
4002	0.0051618605
4003	0.0205872093
4004	0.0208196429
4005	0.2070552326
4006	0.0144039535
4007	0.0007702326
4009	4.22891566265E-05
4011	0.0350055738
4014	0.0014579167
4015	0.001557093
4017	0.0048039024
4019	0.0646440698
4020	1.04225352113E-05
4021	0.0002275862
4022	0.0745067442
4023	0.0102931395
4024	0.0213298837
4025	0.0080266279
4027	0.0151953488
4028	0.0001418605
4029	0.0005248387
4030	0.177390814
4032	0.0184024419
4033	0.011857093
4035	1.04225352113E-05
4036	0.0009228571
4040	0.0066384615
4042	0.00015
4043	0.00019
4044	0.0014916049
4050	3.6412731395
4051	0.0214571429
4053	0.0002153488
4054	0.0050018605
4055	0.0127445349
4057	0.00328
4058	0.0088160465
4059	0.0027941463
4060	0.0004368182
4062	0.0007785714
4064	0.000236
4065	0.0158043023
4067	0.0019704878
4068	0.0328609302
4069	0.0039890698
4070	0.0018388095
4071	0.0010144186
4072	0.0022324419
4074	0.0004395349
4075	0.0041244186
4077	0.0013048276
4078	9.96511627907E-05
4079	0.0606111628
4080	0.0002816667
4081	0.3743804651
4082	0.0001844444
4083	9.05813953488E-05
4084	0.0651493023
4085	0.0418234884
4086	0.0033523729
4088	1.0501415116
4090	0.4862536047
4091	0.0004554651
4092	0.0399616279
4093	0.0490174419
4094	0.0181105814
4095	0.0004347674
4097	0.00006
4099	0.0122543023
4101	0.0005971429
4102	0.0076715517
4103	0.0021820635
4105	0.0003903077
4107	0.0002153488
4108	0.0028904651
4109	0.0127192405
4110	0.0008081633
4111	0.0004421429
4112	0.0058679487
4113	1.72093023256E-05
4115	0.0006094118
4116	0.0023288372
4117	0.000082907
4118	0.0151809302
4119	0.0384006977
4120	0.0110932558
4121	0.0003662857
4123	0.1222104651
4124	0.0005507143
4125	0.0037290625
4126	0.0007954651
4129	0.0034537209
4130	0.0030394048
4131	0.009470241
4132	0.0004955556
4133	0.00013
4134	0.0004333333
4135	0.3141012791
4136	0.0003969231
4137	0.08504
4138	0.0002404651
4139	0.00043
4140	0.0035211111
4142	0.0003480233
4143	0.001822875
4144	0.0019988235
4145	0.1166618605
4146	0.6896766279
4149	19.416026
4150	0.001558
4151	0.0191169767
4153	0.0007092105
4154	0.0004844737
4156	0.0004917647
4157	0.5614789535
4158	9.61445783133E-05
4159	0.0002818605
4160	1.04225352113E-05
4161	0.0012001163
4163	0.0093172093
4164	0.0008609302
4165	1.72093023256E-05
4167	0.0031469767
4168	0.0852904651
4169	0.000804
4170	0.0007786047
4172	0.001705625
4173	0.0001997872
4174	0.0005781081
4175	0.0002319048
4176	0.0127445349
4177	0.1048975581
4180	4.18604651163E-05
4181	0.0008057143
4182	0.1392173256
4183	0.0011632558
4184	0.0747289535
4187	0.000424
4188	0.0002703529
4189	0.0132353488
4190	0.0009130645
4192	0.0058089474
4193	0.0007969231
4194	0.0114898824
4195	0.00173
4198	0.0001183333
4199	0.0030836047
4200	0.00193
4202	0.0001338462
4203	0.0014715116
4204	0.0010732895
4205	0.001475
4206	0.0061205814
4207	0.0190583721
4208	0.0277669412
4209	0.4670131395
4211	0.0026616
4212	9.96511627907E-05
4213	0.0053258974
4214	0.0071551163
4215	1.04225352113E-05
4216	0.0450918605
4217	0.2379043023
4218	0.0108961628
4219	0.065635
4220	1.72093023256E-05
4221	0.0179530667
4222	0.009573662
4223	0.2857723256
4225	0.0093132558
4226	0.0016597674
4227	0.0002482558
4228	0.0001566667
4229	0.0059965823
4231	0.0019609091
4232	0.0256174699
4233	4.22891566265E-05
4234	0.0009329412
4235	0.1225434884
4236	1.72093023256E-05
4238	0.000515
4240	4.18604651163E-05
4242	0.048380814
4243	0.0002404651
4244	0.0005083333
4246	0.0003903077
4247	3.33720930233E-05
4248	0.00022
4250	0.0004912
4251	0.0008632558
4252	0.0003142857
4253	0.0004305814
4256	0.0046977778
4257	0.0014369048
4258	0.0019475581
4259	0.0003855
4260	0.0001445455
4263	0.0164416456
4264	0.0012178
4266	0.0075951163
4270	0.0593574419
4271	0.0050522093
4272	0.0084662651
4274	7.5859139535
4275	0.0127296512
4276	0.0012755814
4277	0.0086278205
4278	0.00063875
4279	0.000586
4280	0.0004057895
4283	0.0067215476
4284	0.0002404651
4286	0.0027410976
4288	0.0004977778
4289	0.0327962791
4290	0.0242397674
4292	0.0024076667
4296	0.00272425
4297	0.2098413953
4298	0.0057156757
4299	0.0775698837
4300	1.3963517442
4301	0.0016965217
4302	1.04225352113E-05
4303	0.0017967442
4304	0.0020328
4305	0.0006795652
4306	0.0864232558
4307	1.04225352113E-05
4308	0.007139759
4310	7.03313875
4311	0.000547907
4312	0.0013687654
4313	0.146072093
4314	0.0007184444
4315	0.0027690698
4316	0.0010352941
4317	0.0155423377
4318	0.0001166667
4320	0.003586506
4322	0.0004146429
4323	4.18604651163E-05
4324	0.0635315116
4325	0.0006047674
4326	0.0026254651
4327	0.0034732203
4328	0.7337918605
4329	0.0001577419
4330	0.017298625
4331	0.0033271795
4332	0.0005717442
4334	0.0186462791
4335	0.0051840476
4336	0.0007077551
4337	0.0034311628
4338	0.00022
4339	0.0014077907
4340	1.04225352113E-05
4341	0.0002
4342	0.1321488372
4343	0.1313918605
4344	0.0003903077
4346	0.0033637349
4348	0.0034258621
4349	0.015601125
4350	0.00105
4351	0.0002759375
4353	0.0001656977
4354	0.5387023256
4357	0.1720513953
4358	1.1634788372
4359	7.45348837209E-05
4360	2.40697674419E-05
4361	0.0016732558
4362	0.0249398837
4363	0.0641605814
4364	0.0007162069
4365	0.0006475
4367	0.0006425
4368	0.000037439
4369	3.5677613954
4370	0.0032404878
4371	0.0005477083
4373	5.8488372093E-05
4374	0.000598125
4375	0.0012228788
4376	0.0095488372
4377	9.05813953488E-05
4379	0.0002504918
4380	3.33720930233E-05
4381	0.0003479762
4382	0.0004144615
4383	0.0005180233
4386	0.0006098077
4387	0.0005819672
4388	0.2129918605
4389	0.0038845349
4391	0.0636889535
4392	0.00018
4393	0.0640538372
4394	0.0905059302
4395	0.0001210526
4396	0.0517101163
4397	0.010040814
4399	0.0426863953
4401	0.062742093
4402	0.0440524419
4403	0.0003479762
4405	0.1024462791
4406	0.0040248837
4407	0.068219186
4408	0.0128
4409	0.3053952326
4410	0.0002482558
4411	0.0127494048
4412	0.0019046341
4413	0.0057131325
4414	0.0001825581
4415	0.1090645349
4416	0.0348281176
4417	0.0087582558
4418	0.0158471795
4419	0.0036450602
4421	0.2694493023
4422	0.0030541667
4423	0.0002815789
4425	0.0022787097
4426	0.1415318605
4427	0.0009365217
4428	0.000444
4430	0.0002874419
4434	0.00265
4435	0.000657027
4436	0.000597
4437	0.0223824419
4438	0.0328994186
4439	0.0177734884
4441	0.000377
4443	0.00036375
4444	0.0920616279
4447	0.0392189535
4448	0.0005709524
4449	0.033907093
4451	0.0641196512
4452	0.0005383333
4454	5.67857142857E-05
4455	0.0035111628
4456	0.1346974419
4458	0.0005967442
4459	0.0006
4460	0.0122543023
4461	0.0919347674
4462	0.0002677778
4463	0.0004133333
4464	0.020680814
4465	0.0002888889
4466	4.18604651163E-05
4469	1.04225352113E-05
4470	0.0029223438
4473	0.2742166279
4475	0.0528312791
4476	0.0112202857
4478	0.0455344186
4479	0.0481918605
4480	0.085695
4482	0.0052472059
4483	0.1970503488
4484	0.0001910465
4486	0.0171560465
4487	0.1021261628
4488	0.0002825
4489	0.0355171765
4490	0.3450838372
4491	0.000578
4492	0.0002139535
4494	0.021077907
4495	0.0392274419
4497	0.00127
4498	0.0186832558
4499	0.0010326389
4500	0.000105
4501	0.0008784416
4503	0.0084069767
4504	0.0066246512
4505	0.0023326829
4506	4.95348837209E-05
4508	0.0462132558
4512	0.0141859302
4513	0.0047931765
4515	0.0017604918
4516	0.3078297674
4518	0.0009108333
4519	0.2597927907
4520	0.0003355556
4522	0.0063544928
4523	0.0010257353
4524	0.886030814
4525	0.0657351163
4527	0.0001075581
4529	2.8912598837
4530	0.00057
4531	0.0125055814
4532	0.0654731395
4533	0.0011294118
4534	2.46511627907E-05
4537	0.0122606977
4538	0.0007786047
4539	3.914203
4541	0.8460422093
4543	0.0425075949
4544	8.21875E-05
4545	0.065097093
4546	0.0006288333
4547	0.0003613333
4548	0.0001411765
4549	0.00089
4550	0.0117876744
4551	0.0008986207
4553	0.0077229762
4554	0.0023687209
4556	0.0088231395
4557	0.0039247674
4558	0.6981716279
4559	1.72093023256E-05
4562	0.0009939535
4563	1.72093023256E-05
4564	0.00007
4565	0.6799360465
4566	0.00024
4567	0.022302907
4569	0.015685814
4570	0.0003734286
4572	0.0008107018
4573	0.3195938372
4575	0.0010105814
4578	0.0008775862
4579	0.24389
4580	0.0011766279
4581	0.0682193023
4585	0.0081069444
4586	0.0002377778
4587	0.0029406977
4588	0.0002032877
4589	0.0001484884
4590	4.22891566265E-05
4591	0.004
4593	0.0045584524
4594	0.006432
4595	0.1813111628
4596	0.0524589412
4597	0.053022093
4598	0.000262
4599	0.0014223256
4600	0.9766581395
4602	0.0218114103
4603	0.0012137778
4604	0.0024001282
4605	0.0001484884
4609	0.0005525
4610	1.4930676744
4611	0.001586
4612	0.0003479762
4613	0.0002072093
4614	0.0118556627
4615	0.0093483721
4616	0.0002381081
4617	0.0690276744
4619	0.4067488372
4620	0.0087179747
4622	0.002257907
4627	0.001727093
4628	0.0073795349
4630	0.0083194118
4631	0.0952704651
4632	0.0031801163
4633	0.0002477273
4634	1.72093023256E-05
4635	0.0056281481
4636	0.0008638462
4637	0.0376225581
4638	0.0189057647
4640	0.0043467606
4641	0.0011527059
4642	0.0024442857
4643	7.45348837209E-05
4644	0.0181362791
4645	0.1485230233
4646	0.0004491781
4647	0.0066815
4648	0.0043328814
4649	9.05813953488E-05
4650	0.0023253165
4651	0.0003453125
4652	0.0022089535
4653	0.0067061538
4654	0.0006727273
4657	0.0032515152
4658	0.1627381395
4659	0.0018657143
4662	0.0005046032
4663	0.00021
4664	3.33720930233E-05
4665	0.000137069
4666	0.0043811628
4667	0.0005472093
4669	0.014974186
4670	4.95348837209E-05
4671	0.000654186
4678	0.0002153488
4679	0.00262
4680	0.001048
4681	0.064095
4682	0.0544486047
4683	0.0010365517
4684	0.016175814
4685	0.0126294186
4686	2.3161277907
4687	0.0013354118
4689	0.040785
4691	0.0080878049
4694	0.4774306977
4695	0.0308806977
4696	0.0009783333
4698	0.0006971429
4699	0.0413986047
4701	0.0656834884
4703	0.0058383721
4705	0.0216251667
4706	0.062742093
4707	0.0006836957
4708	0.0171605882
4709	0.5421334884
4712	0.0204715116
4713	0.0544096512
4714	2.46511627907E-05
4715	0.0003536923
4716	10.6086632558
4718	0.0107674074
4719	0.0147443529
4720	0.0009213333
4721	0.0117854545
4722	0.0005137209
4724	0.0495072093
4726	0.0042825
4727	0.1857765116
4728	0.0020940909
4729	0.0507433721
4730	0.0800298837
4731	0.0049090698
4732	0.0015148235
4733	0.0001082857
4735	0.0047623256
4736	0.0003525581
4737	0.000272907
4738	0.00075
4739	0.0016067442
4740	0.0022883721
4742	0.0037019767
4743	0.0005370455
4744	0.020435814
4745	5.5405056977
4747	0.0052808696
4748	0.0022515385
4749	0.0081012791
4750	0.004208961
4754	0.0891834783
4755	6.324492907
4756	0.0068062069
4757	0.0639375581
4759	0.0001484884
4760	0.0867796512
4761	0.0131455814
4762	0.1799015116
4763	0.0034497674
4766	0.1247962791
4767	0.0006257895
4769	0.000811875
4771	0.0327776744
4772	0.0026254651
4773	0.0170580233
4774	1.3068065116
4775	0.1573468605
4776	6.59302325581E-05
4777	0.0169804167
4778	0.1980304651
4779	0.0015322093
4781	0.0123095294
4783	0.000809375
4785	0.115190814
4786	0.0005005814
4787	7.4575546512
4790	0.0922537209
4791	0.0001203448
4792	0.0015834118
4794	0.0058398795
4795	0.0022982051
4796	0.0002162712
4798	0.02892
4799	0.0150716667
4800	0.0768247674
4801	2.46511627907E-05
4802	6.59302325581E-05
4803	0.0027398837
4804	0.0115773256
4806	0.6926169767
4809	0.0098581928
4810	0.0467201163
4811	0.0100890698
4813	0.051597093
4814	0.0001075581
4816	0.0104429268
4817	0.0017057143
4819	0.0589127907
4820	0.651422093
4822	0.05984
4824	0.0006060811
4825	0.021077907
4828	0.0029653488
4829	0.1206425581
4830	0.0006014706
4831	0.0513318605
4832	0.0002142857
4833	0.0412859302
4834	0.0004018462
4835	0.0003171765
4836	1.1485238372
4838	0.0003718182
4839	0.0002066667
4842	0.0003896512
4843	0.000609186
4844	0.00064
4845	0.0003466667
4847	0.0879968605
4849	0.1237736047
4852	0.001565
4853	0.0007325
4854	0.001072381
4855	0.0048882927
4856	0.0219890698
4857	0.0600417442
4858	0.0004507143
4862	0.0098840698
4864	0.0002072093
4866	0.0598623256
4870	0.0009582353
4871	7.45348837209E-05
4872	0.0021391071
4873	0.0004408333
4874	3.66666666667E-05
4876	1.04225352113E-05
4877	0.0689812791
4878	0.0739575581
4879	0.000874
4880	0.0058953333
4881	0.0001728571
4882	0.00019
4883	0.0068619767
4884	0.0120358824
4886	0.0454351163
4888	0.2936153488
4889	0.0147053488
4891	0.0132097674
4892	0.0300996512
4893	0.0014887097
4894	0.0503946512
4895	0.0138809302
4896	0.0001910465
4897	0.0264214894
4898	0.0006621739
4900	0.0007666667
4902	0.0461575581
4903	5.30303030303E-05
4904	0.0644761628
4906	0.0002175
4908	0.0015833898
4910	0.00021
4911	0.00906
4912	0.0017312791
4913	0.0107112941
4914	0.0008615385
4915	0.0005717442
4916	0.0003422222
4917	0.0194105814
4918	0.0429072093
4919	0.0345286047
4920	0.0102248571
4923	0.0005717442
4925	0.0022259677
4927	7.45348837209E-05
4928	0.042695
4929	0.0323424419
4930	0.0002653846
4932	0.0033453571
4934	0.0003828333
4935	0.0002
4936	0.0099253488
4937	0.0010563077
4938	4.18604651163E-05
4940	0.0002237209
4942	0.0162041667
4946	0.00184625
4947	1.04225352113E-05
4950	0.0011472222
4951	0.0023035294
4953	0.00035
4954	0.0377923256
4956	0.0246918605
4957	0.2664194186
4958	4.22891566265E-05
4959	0.005406875
4960	0.0658098837
4961	0.094870814
4962	0.0463963953
4966	0.0003310465
4967	0.0001656977
4969	0.0070589535
4970	0.0106375342
4972	4.18604651163E-05
4973	0.000144625
4974	0.0086768571
4975	0.0002516667
4976	2.46511627907E-05
4977	0.0291571084
4978	0.0006952326
4981	0.0004733333
4983	0.0003513043
4985	0.0101334884
4987	0.0002847368
4989	0.0007243939
4990	0.0093132558
4991	0.0001366667
4992	0.0785744186
4993	0.0078433333
4995	0.0002090909
4996	0.000152
4998	0.0192754118
4999	6.59302325581E-05
5000	0.5699046512
5001	0.010231129
5002	3.33720930233E-05
5003	0.0162125581
5004	0.0001871429
5005	0.0036160811
5006	0.0016314118
5007	0.0011390476
5009	0.0005229167
5010	0.0701653488
5011	0.0001575581
5012	0.0002
5013	0.0052259302
5014	0.0156298837
5015	0.00098
5017	0.0002153488
5018	0.0152051899
5019	0.0146636145
5020	0.0030410714
5021	0.0018372727
5022	0.0028095652
5023	0.0024844
5025	0.2485187209
5026	0.0006333333
5027	0.0003638889
5028	0.0354590698
5029	0.00041
5031	0.1211738372
5032	0.0013588636
5034	0.0639205814
5035	0.0095767442
5036	0.0034757692
5038	0.0010430769
5039	0.0003479762
5041	0.0008347619
5042	0.0004541667
5043	0.0001222222
5044	0.0021865714
5045	1.72093023256E-05
5046	0.0397040698
5048	0.0021674699
5049	0.0001175294
5050	0.008207907
5051	0.089569186
5053	0.0023106977
5054	0.0011231579
5056	0.0001656977
5057	0.0025283333
5058	0.001492
5059	0.0011766279
5061	0.0872512791
5062	0.0002818605
5063	0.0845433721
5064	0.0524684884
5065	0.7382040698
5066	0.0058884416
5067	0.0010340244
5068	0.0001411765
5069	7.45348837209E-05
5070	0.0210810465
5071	0.0177525882
5072	0.0019538272
5073	0.0053709302
5074	7.45348837209E-05
5075	0.00405
5076	0.0003896512
5077	0.001047619
5078	0.0044111628
5079	0.0004761017
5081	0.0138981395
5082	0.0002365789
5083	0.0010852857
5084	0.0012995122
5085	0.0003507792
5087	0.0467236047
5088	0.0029897674
5089	0.019757619
5091	2.46511627907E-05
5093	0.0033360759
5096	0.001595
5097	0.0821534884
5098	0.0003541176
5099	0.0277223256
5100	0.0423054651
5102	0.0053889412
5103	0.0001484884
5104	0.0019602326
5105	2.1076744186
5106	0.0706211628
5107	0.00073425
5108	0.0004278947
5109	4.18604651163E-05
5110	0.000525
5114	1.72093023256E-05
5115	1.72093023256E-05
5117	1.72093023256E-05
5118	0.0011389286
5119	0.000497973
5121	0.0001431034
5122	0.0030051724
5123	0.0018886567
5124	0.0594625301
5125	0.0397890698
5126	1.90322580645E-05
5128	0.0019152381
5131	0.0235286047
5132	0.00049
5133	0.0041169767
5134	5.31578947368E-05
5135	0.000264
5136	0.0017063415
5138	0.0016941176
5139	0.0291327907
5141	0.0001825806
5142	0.0703973256
5143	0.001212931
5144	0.0002895349
5145	0.0092083721
5146	0.0508463953
5147	0.0001815294
5148	0.0023964198
5149	7.45348837209E-05
5150	0.0001243421
5151	0.0095910976
5155	0.0046997647
5156	0.0002757143
5157	0.0166656977
5158	0.0009209756
5160	0.0100309091
5161	0.0013031707
5162	0.0043147674
5163	0.05588
5164	1.04225352113E-05
5165	0.0048837647
5166	0.0007954651
5168	0.0223255814
5169	0.000583
5170	0.0302597674
5171	0.00135
5172	0.0021612791
5173	0.0015633871
5174	0.3219216279
5176	0.0837405814
5177	0.0107294186
5178	0.0332294186
5182	0.0004027273
5183	0.0003480233
5186	1.72093023256E-05
5187	0.0013295455
5188	0.002385
5189	0.0001788889
5190	0.083905
5191	0.0016087059
5192	6.59302325581E-05
5194	0.0562101163
5196	0.0401947674
5198	0.0147053488
5200	0.0861248837
5201	0.0003783784
5202	1.72093023256E-05
5203	5.8488372093E-05
5205	0.0003647674
5206	0.00056
5207	0.0027902326
5208	0.00028
5209	0.021077907
5210	0.002083
5211	0.0063
5212	0.0044111628
5213	0.0727660465
5215	0.0015809302
5217	0.0010035849
5219	0.0090376471
5220	0.0003479762
5221	0.00088
5224	0.000124186
5225	0.002287381
5226	0.1344480233
5229	0.0001986047
5230	0.0058823256
5231	0.0002813636
5232	0.0027398837
5233	0.0025164706
5234	2.46511627907E-05
5237	0.3299776744
5239	0.00029
5240	1.72093023256E-05
5241	0.0029128571
5242	0.0002318605
5245	0.0012869231
5246	3.33720930233E-05
5248	0.0328418605
5251	0.0001814286
5252	0.0318473256
5253	0.0112113846
5254	0.0005714286
5255	0.0189415116
5256	0.001725
5257	1.04225352113E-05
5259	1.04225352113E-05
5261	0.0605927907
5262	0.000779
5265	0.0007798684
5266	0.0530546512
5267	0.0200968605
5268	0.0054670588
5269	0.0009063953
5270	0.0002725
5271	0.0279396512
5272	0.0002152055
5273	0.0078847674
5274	0.0007925
5275	0.0003843333
5276	0.0074452857
5277	0.0001161628
5279	0.00752
5280	0.0042292941
5281	0.0002318605
5282	0.0061159302
5283	0.0014941935
5284	1.04225352113E-05
5289	1.72093023256E-05
5291	0.00009625
5292	0.0292084416
5293	0.295575814
5294	0.00875
5295	0.000025
5296	0.0006166667
5297	0.0005761176
5298	0.0006220455
5300	0.00923225
5301	0.00027875
5303	0.278150814
5304	0.063879186
5305	0.0041244186
5306	0.0094747674
5308	0.0150353488
5310	0.0071860465
5311	0.0019805556
5312	0.0019958209
5313	0.0048143421
5316	0.0004139535
5317	0.0134288372
5319	0.0093419767
5320	0.083905814
5321	0.0010572289
5322	0.0001722222
5323	0.0013382353
5324	0.0001411765
5326	0.0033685882
5327	0.0641484884
5328	0.000312
5329	0.00004
5330	0.087764186
5331	0.0330751765
5332	0.0710755814
5333	0.0004892958
5334	0.4161577907
5335	0.0293174419
5336	1.04225352113E-05
5337	3.4186636047
5338	0.00033
5339	0.0124502326
5340	0.0040090698
5342	0.1112059302
5343	0.0012922093
5344	0.0552077907
5345	1.04225352113E-05
5346	0.0013330233
5348	0.0008591176
5350	0.0110405814
5354	0.0001656977
5355	0.0141233333
5356	0.0775018605
5357	0.000124186
5358	0.0010205263
5360	0.0780248837
5362	0.0008423077
5363	0.0147452941
5367	0.3177313953
5368	0.0015536667
5370	0.0912437209
5372	0.000407619
5373	0.440667907
5374	0.0003652
5375	0.0002066667
5376	0.0188577907
5377	0.00202
5378	4.22891566265E-05
5381	0.0003479762
5383	0.0357827907
5385	0.0018854839
5387	0.003899186
5388	0.9589947674
5389	0.0063610465
5392	2.3641140698
5393	0.0002153488
5394	0.1149495349
5395	0.00110375
5396	0.0045288372
5397	0.0012215385
5399	0.0394319767
5400	0.0003479762
5402	0.0015766667
5403	1.04225352113E-05
5404	0.0364615116
5406	0.0013420833
5407	0.000015
5408	0.0002529787
5409	0.030205814
5410	0.000839661
5411	0.017555
5412	0.0946159302
5413	0.0002189474
5414	0.0066983099
5415	0.0003896512
5417	0.0017754651
5419	0.5905863953
5420	0.0145308333
5421	0.00051
5422	0.00064875
5424	0.0806834884
5426	0.0130390361
5428	0.00167
5429	0.1523361628
5431	0.063755
5432	0.0072027907
5433	0.0006346032
5434	0.0020136
5436	0.0012674419
5438	0.000337
5440	0.2480283721
5441	0.0004866667
5442	0.00704675
5443	0.0019078947
5444	0.918097907
5446	0.0056397674
5447	0.0016316
5448	0.0121312791
5449	0.0033095455
5451	0.0005016
5452	0.0213944186
5454	2.46511627907E-05
5455	0.0014911628
5456	0.00046
5457	0.0045594186
5458	0.0523667442
5459	1.04225352113E-05
5460	0.0004111765
5461	0.0004090909
5462	0.0001986047
5463	0.0002891667
5465	2.46511627907E-05
5466	0.2164242353
5468	0.0638293023
5469	0.0003479762
5470	0.0187170492
5471	0.00063625
5472	0.1952624419
5473	5.8488372093E-05
5475	9.05813953488E-05
5476	1.72093023256E-05
5477	0.0008372727
5478	0.0427004651
5479	0.0003133333
5480	0.0068619767
5481	0.0108304706
5482	0.0314390698
5483	0.0009358621
5484	1.72093023256E-05
5485	9.96511627907E-05
5486	0.0431353488
5488	0.00076
5489	0.000225
5490	0.000266875
5491	0.0045065116
5492	0.1254848837
5493	0.0011046988
5494	0.0010486111
5495	0.0089265116
5496	0.0023718
5497	0.000505
5498	0.00017
5500	1.04225352113E-05
5505	0.1147012791
5506	0.0342523529
5507	0.0030803488
5508	0.0001025
5509	0.0003479762
5511	1.9765906977
5514	0.0408693023
5516	0.0034311628
5517	0.099302973
5518	0.0545695349
5519	0.0027326744
5520	0.0032215116
5521	0.0030511765
5522	0.012064186
5523	0.0009161765
5524	0.0014416279
5525	0.0191376744
5526	0.0006580556
5528	0.0007631944
5529	0.0035022353
5531	0.0001008333
5532	0.0140126744
5533	0.000515
5534	0.0005328571
5535	0.0002666667
5537	0.1091105814
5538	0.0054461842
5539	0.0006622093
5541	0.0005053488
5542	0.0141075581
5545	0.0002077778
5547	0.000227
5548	0.0147053488
5549	0.00104
5550	0.0065640698
5551	0.0008160976
5552	0.000476
5555	0.0020960317
5556	0.41672
5557	0.0138194186
5559	0.00043
5560	0.008444186
5561	0.0001910465
5562	0.0008757692
5564	0.000335
5565	0.0073526744
5566	0.0999960465
5567	0.0008487879
5568	0.0126831395
5569	0.000944186
5571	0.0480375581
5573	0.0001075581
5574	0.0003027273
5575	4.18604651163E-05
5576	0.0904648193
5577	0.0001575581
5580	0.0011513953
5581	0.0022282558
5582	0.0044451667
5583	0.0039883333
5584	0.00014
5585	0.0648317442
5586	0.0063127907
5587	0.0011667347
5588	0.0002775
5589	0.0019087654
5590	0.0211884884
5592	0.0001825581
5593	0.0001910465
5594	0.0004055556
5595	0.0568604651
5596	0.0002237209
5597	0.0001610811
5599	0.3043993023
5600	0.0137252326
5602	0.0003742857
5603	0.0103902326
5604	0.000082907
5605	0.0372532558
5608	0.001396625
5610	0.0632323256
5612	0.0010530952
5613	0.0018261628
5615	0.0003878571
5618	0.0233803488
5619	0.0024662353
5620	0.0386389535
5621	0.0024509302
5622	0.0008854762
5624	0.0016046269
5625	1.72093023256E-05
5628	0.0013303488
5629	0.0020717857
5630	0.0381315116
5632	1.72093023256E-05
5633	16.3837027907
5634	0.0002971429
5635	0.000082907
5636	0.0015849275
5638	0.0003525581
5640	0.0003642857
5641	0.5088018605
5642	0.0025894118
5643	9.96511627907E-05
5645	0.4078259302
5646	0.000025
5647	0.0009303333
5648	0.0003436364
5649	0.6051438372
5651	0.0150685714
5654	0.0011847561
5655	0.2220493023
5656	0.5171347674
5658	0.0015754688
5659	0.0015724419
5660	2.17647058824E-05
5663	0.5382122093
5665	0.00020125
5666	0.0001335
5667	0.0209124419
5669	0.0033469697
5670	0.02892
5671	0.0303906977
5676	0.0001475
5678	0.0019302326
5679	0.0002522951
5680	0.0166336047
5681	0.0102937647
5682	0.0003033333
5684	0.0029407143
5686	0.0261947674
5688	0.0397040698
5689	0.0055574419
5690	0.0004305814
5692	0.003894878
5694	0.0026465116
5695	0.0066752326
5696	1.04225352113E-05
5697	0.001727093
5698	0.000205
5699	0.0843104651
5700	0.0002072093
5703	0.0008088571
5705	0.0004820253
5706	0.007924375
5707	0.0285738372
5708	0.0002925
5710	0.0006466667
5712	0.00106
5714	0.00119325
5715	0.0006128571
5717	0.0004054545
5718	0.0173352326
5720	0.005732766
5721	0.0015664706
5722	0.012544186
5724	0.0002614815
5725	0.0003647674
5726	0.0012947619
5727	0.0005120313
5728	0.0330190698
5729	0.0134288372
5730	0.0065771154
5731	0.012327907
5732	0.0002736842
5733	0.0012326744
5734	0.0003155556
5735	0.0008975
5736	0.003855814
5737	0.0419086047
5738	0.0515074419
5739	0.0131144186
5740	0.005704375
5741	0.0112582558
5742	0.0150301389
5743	0.0036317442
5744	0.0007573214
5745	0.0020182353
5746	0.0004352941
5747	0.0720556977
5748	0.1269187209
5750	0.0882704651
5751	0.0013596667
5753	3.33720930233E-05
5754	0.0022322093
5756	0.00001
5757	0.0151809302
5758	0.0010133333
5759	0.0759768605
5760	0.0014704651
5761	0.00055
5762	0.1274454651
5767	0.018009186
5768	1.0798552326
5769	0.00039975
5770	0.0001740541
5771	0.0003479762
5772	0.00055
5773	0.0001522222
5774	0.0003
5776	0.0585369492
5777	0.0069503333
5778	0.1680974074
5779	0.0084510465
5780	0.0004305814
5782	0.024279878
5784	0.000266988
5785	0.0004953425
5786	0.0046881395
5787	0.0006972727
5789	0.0112738372
5791	0.0001980952
5792	0.1130031395
5797	0.0003544444
5801	1.04225352113E-05
5803	0.0107501163
5804	0.019204186
5805	0.0051233333
5806	0.00084
5807	0.0003536923
5808	1.04225352113E-05
5809	0.0668211628
5810	0.9455477907
5811	0.000282
5812	0.2068595349
5814	9.05813953488E-05
5815	0.0539198837
5817	0.0052583721
5818	1.1872043023
5820	0.0735267442
5821	0.0181362791
5824	0.1528538824
5825	0.1342939535
5827	0.0006709302
5828	1.04225352113E-05
5829	0.0004258824
5830	0.0097759302
5831	0.0041624419
5833	0.0083336047
5834	0.0009572973
5835	0.0089054651
5836	0.0002568421
5837	0.000082907
5838	0.0289748837
5839	0.1265165116
5840	0.0071513924
5841	0.0011166667
5842	0.000704186
5843	0.0047052326
5846	0.0495072093
5847	0.1154487209
5849	0.01356375
5850	0.0005437705
5851	0.0001998824
5853	0.0001333333
5854	4.18604651163E-05
5857	0.1283561628
5859	0.0001411628
5860	0.3625706977
5861	0.0044145349
5862	0.0001825581
5864	0.000082907
5865	0.0018277778
5866	1.72093023256E-05
5867	0.0008055319
5868	9.05813953488E-05
5870	3.33720930233E-05
5871	1.72093023256E-05
5872	0.0020183133
5873	0.000285
5876	0.022240814
5877	0.1488877907
5878	0.0100182558
5882	0.0004390625
5883	0.0629273256
5888	0.0240184884
5889	0.8700603488
5890	0.000272907
5891	0.1885472093
5892	1.9219762791
5893	0.0010378431
5894	0.0013628767
5895	0.0117640698
5896	0.0007710465
5898	0.0066485714
5899	1.14285714286E-05
5901	0.000597973
5902	0.0001047561
5904	0.0636
5906	0.0058403529
5907	1.72093023256E-05
5908	0.0012294186
5909	0.0004867857
5910	0.0112516279
5912	0.0759768605
5913	0.0001484884
5914	0.164325
5916	0.0001253333
5917	0.0071345349
5918	0.0004509091
5919	0.0068943023
5920	0.0205872093
5921	1.0564277907
5922	0.005082907
5923	0.1381919767
5924	0.0071723256
5925	0.0013963636
5927	0.0030802174
5928	0.079507907
5929	0.000295
5930	0.0549716279
5933	0.0068619767
5934	1.04225352113E-05
5935	0.000106
5936	0.0147053488
5938	0.000653871
5940	0.0006972727
5941	0.0026834783
5943	0.0007631944
5944	1.04225352113E-05
5945	0.0012160294
5947	0.1855202326
5949	0.099505814
5950	0.0151953488
5951	0.0006108108
5952	0.0955837209
5953	0.0279396512
5956	0.0102931395
5957	0.0008234286
5958	0.0005410588
5959	0.0002387671
5961	0.001267093
5962	0.0028780723
5963	0.00048
5964	0.1097289535
5965	0.0007801429
5966	0.0395681395
5967	0.007095122
5968	0.03895
5969	0.0670109302
5971	1.04225352113E-05
5972	0.0105391228
5973	0.0546118605
5974	0.0132811628
5975	0.0163346512
5976	0.000495
5977	0.0115539535
5979	0.000515
5980	0.0040515385
5981	0.0030952326
5982	5.8488372093E-05
5983	0.0001116667
5985	0.00117025
5986	0.0098077907
5987	0.000152
5988	0.0653863953
5991	0.016761125
5992	0.0316442857
5994	0.001685
5995	0.0140126744
5996	0.5854115116
5998	0.000212
5999	0.0014155556
6000	0.002756625
6001	0.0381709302
6002	4.18604651163E-05
6003	0.0003310465
6004	0.0606383721
6007	4.18604651163E-05
6008	0.0002711111
6009	0.0526941667
6010	0.0004371429
6011	0.0460760465
6012	0.033205
6013	0.0006403846
6015	0.00042875
6018	0.00104
6020	0.0202415116
6021	0.000025
6023	0.0017894186
6024	0.035880814
6025	0.1087763953
6030	0.00001
6031	0.1550865476
6032	0.0088306977
6034	0.000161
6035	0.0006855263
6036	0.0004981579
6037	0.0006491935
6038	0.0220575581
6039	0.0003647674
6040	0.000421
6043	0.0003170588
6044	0.0008003704
6045	0.01154
6046	0.0006708696
6048	0.0013294737
6051	0.0057667857
6053	0.0700002326
6054	0.0004028571
6057	0.0040844898
6058	0.0035284884
6059	0.0024672093
6060	0.0030910465
6061	0.011650814
6062	0.000124186
6063	0.0012645455
6064	0.000704186
6065	0.0079011628
6066	9.3488372093E-05
6067	1.04225352113E-05
6069	0.0022413158
6070	0.2582525581
6071	1.6616933721
6072	0.0529144186
6074	0.0003479762
6075	0.0008662319
6076	0.0089330233
6077	0.0071811628
6078	0.0001369231
6079	0.0035947059
6080	0.0006040909
6081	0.0011986364
6082	0.0018675949
6083	0.0002482558
6084	0.0259055814
6085	0.0066570588
6089	0.0002365789
6092	0.0010065517
6094	0.0025598
6096	0.4834017442
6099	0.0005861538
6100	0.0003695
6102	0.0003418182
6103	0.0164984884
6106	0.013907907
6107	0.0011115385
6109	0.0021238776
6111	0.0014667857
6112	1.04225352113E-05
6115	0.0022253488
6116	0.0003847727
6118	0.246042093
6119	0.00038
6121	0.0303906977
6124	0.0001633333
6127	0.0523652326
6129	0.0017119178
6132	0.000342381
6133	0.6241347674
6134	0.0042693846
6135	0.0165728235
6137	0.0009327273
6138	0.0092096512
6140	1.72093023256E-05
6141	0.0003559375
6142	5.8488372093E-05
6143	0.0412439535
6144	0.0023207895
6145	0.0001266667
6146	0.0230237209
6148	0.0057789535
6150	0.0020312963
6151	0.0132767742
6152	0.0010297674
6153	0.0072590698
6155	9.96511627907E-05
6157	0.00067
6158	0.0318616279
6160	0.00015
6161	0.009655
6162	0.001285098
6163	0.0003056667
6164	0.0463662791
6165	0.0015534118
6166	0.063282907
6167	0.0187679268
6168	0.0078959302
6169	0.0536918605
6170	0.1094425397
6171	0.0007378261
6173	0.064219186
6175	0.0007727027
6177	0.0015882667
6178	0.000624
6180	0.0003480233
6181	0.0023187209
6182	0.0096883133
6183	0.8328051163
6184	0.01047
6185	0.0895536047
6186	0.0005188889
6187	0.0399724419
6188	0.0110405814
6189	0.0009203704
6190	0.0072350588
6191	0.1028302326
6193	0.0014077907
6194	0.0943969767
6196	0.0001411765
6197	0.0003847619
6199	0.0013697674
6200	0.044675814
6201	0.0004062791
6202	0.0003525581
6203	0.017212
6204	0.0000275
6205	0.019455
6206	1.04225352113E-05
6207	0.0017184884
6210	0.0104895833
6212	0.00005
6213	0.7087365116
6215	0.0020125581
6217	0.00028
6219	0.0016910465
6220	0.0127445349
6222	0.0250927907
6223	0.0002
6224	0.0003146512
6227	0.0367505814
6228	0.0042972941
6229	0.0004224419
6230	0.001725
6233	0.0023256818
6235	0.0003426087
6237	0.00001
6238	1.72093023256E-05
6239	1.72093023256E-05
6240	0.0005402326
6241	0.000785
6243	0.001187625
6245	0.0001411628
6246	0.0055265789
6249	0.0490174419
6250	0.0189057647
6251	0.0117640698
6252	0.0094925581
6254	0.0070711765
6255	0.0002016667
6256	0.2467765116
6257	0.0016031765
6258	0.0774206977
6259	0.1256726744
6260	0.0085521429
6261	0.3975316279
6262	0.015262907
6263	0.008904
6265	0.1125533721
6267	0.0053917778
6270	0.000251
6273	0.0132353488
6274	0.0100213953
6276	0.0095294805
6277	0.0037958824
6278	0.00014
6279	0.0012753846
6281	0.0088298837
6283	2.46511627907E-05
6285	0.0003796104
6288	0.000962
6289	0.0012763095
6290	0.0005458824
6291	0.0013516
6292	0.0104506977
6293	0.0162056977
6295	1.72093023256E-05
6296	0.00012
6297	0.0001986047
6298	0.0005310526
6299	0.0705853488
6300	0.2791694186
6301	0.044397907
6302	0.0010115476
6303	0.0011297917
6304	0.0767895349
6306	0.0011680233
6307	0.0639040698
6309	0.0015617647
6310	0.000700814
6311	0.01562
6312	0.0033369512
6313	1.72093023256E-05
6314	0.0347472093
6317	0.0004533333
6318	0.0001733333
6319	0.000095
6320	0.00308
6324	0.0015053846
6326	0.00076
6327	0.0002922222
6329	0.0062202326
6330	0.0012697674
6334	0.0138790909
6335	0.0005975
6336	0.0004715385
6337	0.000292459
6339	0.00046
6340	6.59302325581E-05
6341	1.04225352113E-05
6342	0.0081746512
6343	2.255262907
6344	0.0543261628
6345	0.0011861538
6346	0.0648069767
6347	0.0083336047
6348	0.00017
6349	0.0008767742
6350	0.8146716279
6351	9.05813953488E-05
6353	0.0058946512
6354	0.0014715116
6357	0.0526493023
6359	0.008300625
6362	0.0041675581
6365	0.00005575
6367	0.0096056977
6369	0.0852305814
6371	0.0024067797
6372	0.0005
6373	0.0039218605
6374	0.0017608
6376	9.96511627907E-05
6377	0.0122074419
6378	0.0118416279
6379	0.0007710465
6380	0.1999913953
6381	0.0014061224
6382	0.000484
6383	0.0664334884
6384	0.0288840698
6385	0.1105231395
6386	0.6843488372
6387	0.0001453846
6388	0.1220536047
6389	0.0496425581
6390	0.00047
6391	0.1831340698
6392	0.0521659302
6393	1.04225352113E-05
6394	0.0001853846
6395	0.0451981395
6396	0.000575
6397	0.00018375
6398	0.0048963953
6399	0.00004
6400	0.0002818605
6401	0.0280706977
6402	1.72093023256E-05
6403	0.1248888372
6404	0.0002404651
6405	0.0018796512
6406	0.0549355814
6407	0.0490174419
6409	7.45348837209E-05
6412	0.0004804651
6413	0.0003491667
6416	0.0031916667
6417	0.0305493023
6418	0.0106572093
6419	0.0559818033
6420	1.04225352113E-05
6421	0.0002033333
6422	0.7911425581
6423	4.18604651163E-05
6424	0.0048253846
6425	0.1700888372
6427	0.0008754545
6428	0.0015276471
6430	1.04225352113E-05
6431	0.0249630233
6434	0.000645
6435	2.46511627907E-05
6436	0.0568604651
6438	1.04225352113E-05
6440	0.0005983784
6441	0.0008277632
6442	0.0758071429
6443	0.0094284706
6444	0.1613880233
6445	0.0002259259
6446	0.0002237209
6449	0.0012663529
6450	0.000285
6451	0.0065018605
6452	0.1715610465
6453	0.0011771429
6455	0.0615443023
6457	0.4617169767
6458	0.096074186
6459	0.0008839683
6460	1.9389805
6461	0.0003836364
6462	0.0005294737
6463	0.0072525581
6465	0.0807653488
6466	0.0003557143
6467	0.0024792941
6468	0.0004974419
6469	6.4668577907
6470	0.064095
6471	0.0112093976
6474	0.0024358462
6475	0.0144934884
6476	0.0012236667
6477	0.189207907
6480	0.0025097436
6482	0.0001574359
6484	0.0112507843
6485	0.000737093
6486	0.002282907
6487	0.0018386047
6490	1.72093023256E-05
6493	0.0026869231
6494	0.0746951351
6495	0.0003479762
6496	0.1058532558
6497	0.0382545349
6499	0.0006764286
6500	0.0004703125
6501	0.0483054651
6502	0.0769367059
6503	0.000082907
6505	0.0005342222
6511	0.0071652326
6512	0.0003479762
6513	0.0001086667
6514	0.1804177907
6515	0.1780597674
6516	0.0401947674
6519	0.005794
6521	0.0037280723
6523	0.00540625
6524	7.81395348837E-05
6525	9.68571428571E-05
6526	3.33333333333E-05
6527	0.0005523077
6528	0.1078386047
6530	0.0110932558
6532	0.0003540278
6533	0.0946062791
6534	0.0024509302
6535	0.0008819298
6536	1.04225352113E-05
6538	0.0053413889
6539	1.3258103488
6540	0.0140373077
6541	1.04225352113E-05
6542	0.001065125
6543	0.0121418824
6544	0.0006925
6546	0.0026118519
6547	0.9597001163
6548	0.000152
6549	0.00036
6550	0.0004533333
6551	0.0322320482
6552	0.0003375
6553	0.0378472941
6554	0.8832954651
6555	0.2251997674
6556	0.0039485455
6557	0.0003525581
6558	0.0002457143
6559	1.0979683721
6560	0.0008713043
6561	0.0003644444
6563	0.8780813953
6564	0.0016220732
6567	0.0004379104
6568	0.009667907
6569	0.0049588608
6570	0.0010105814
6573	0.0018715116
6574	0.0001998824
6575	0.000397
6576	0.0295381176
6578	0.0407665116
6581	0.0005217442
6582	0.0003647674
6583	0.0147053488
6584	0.4484289535
6585	0.0100532558
6586	0.001439375
6588	0.011225814
6589	0.0257255357
6590	0.0104708235
6591	0.00783075
6592	0.0033967442
6593	0.0064706977
6595	0.0018796512
6596	0.0161415116
6598	0.0013185965
6599	1.04225352113E-05
6601	0.0512761628
6602	0.001557093
6603	0.0030906944
6604	0.0004227027
6605	5.8488372093E-05
6607	0.0007
6608	0.0002482558
6609	0.0329461628
6610	0.2083240698
6611	0.0029598361
6613	0.0485077907
6614	0.0003479762
6615	0.0008587879
6616	0.0795137037
6619	0.0121446988
6620	1.72093023256E-05
6621	0.00036125
6622	0.016175814
6623	4.95348837209E-05
6624	0.0002
6626	0.0006130233
6627	0.0006177273
6628	0.0001161628
6629	0.0014608219
6632	0.0006205263
6634	0.2204034884
6635	0.0002457143
6636	0.0096889412
6637	0.0014576923
6639	4.66666666667E-05
6641	0.0010015278
6643	0.0007710465
6645	0.0000885
6646	0.000255
6648	0.0914223256
6649	0.0013180233
6650	0.1076331395
6651	0.0197138095
6653	0.0010698182
6654	6.59302325581E-05
6655	0.0098036047
6656	0.1097575581
6657	0.0646080233
6659	0.0138719767
6660	1.04225352113E-05
6661	0.0103174699
6662	1.72093023256E-05
6664	0.000727
6665	0.0022796774
6666	0.0004186957
6667	0.0003479762
6668	0.0043371875
6670	0.00038
6673	0.039807093
6676	0.000231
6677	0.0096259302
6678	0.0064930233
6679	0.00453
6680	0.000355
6681	0.3433363953
6682	0.0018224419
6683	0.0610883721
6685	0.0001632258
6686	0.00004
6687	0.0014777941
6688	0.0004378261
6690	0.0636316279
6691	0.0008342857
6692	0.00035
6693	0.0479284884
6694	0.002207973
6695	0.0197976744
6696	0.0004695
6698	0.0001986047
6699	0.0578812791
6701	0.0007710465
6703	0.00066
6704	0.0016067442
6705	0.026590814
6706	0.0079452941
6707	0.0196069767
6708	0.003892093
6709	0.0028115476
6710	0.0007255
6711	0.0120827907
6715	0.0428184884
6716	0.0416651163
6717	0.0632576744
6718	0.000451
6719	0.0210196512
6720	0.2224131395
6721	0.0093603488
6722	0.0014477193
6725	0.0008907813
6726	0.000124186
6728	0.0030651852
6729	0.0008448837
6731	0.6867347674
6732	0.0392145349
6734	0.0316959302
6735	0.0072632895
6737	0.0035284884
6738	0.047484186
6741	0.0002986047
6743	0.0013685185
6744	7.45348837209E-05
6745	6.59302325581E-05
6746	0.0001694595
6752	0.0009990476
6753	9.96511627907E-05
6755	0.0007786047
6759	0.0002016667
6760	0.0024910769
6761	0.0018056977
6762	0.0007243939
6763	0.0011595349
6764	0.0002569767
6766	0.0009274419
6767	0.0734198837
6768	0.0923719767
6770	0.016175814
6771	0.0529554651
6773	0.0107834884
6774	0.9068244186
6775	0.0848004651
6779	0.0655268605
6780	0.0010057143
6781	7.78947368421E-05
6783	0.0099726744
6785	0.0011335714
6786	0.000097093
6788	0.0011180233
6790	0.0002371429
6791	0.0017775581
6792	0.0104640698
6793	0.0225480233
6794	1.72093023256E-05
6795	0.0019602326
6796	0.00052
6797	0.0776213953
6799	0.9171169767
6800	0.001782093
6802	1.1414546512
6803	0.000468125
6804	0.0002482558
6805	0.00031
6806	0.0001575581
6808	0.1085131746
6809	0.000082907
6810	0.0003062353
6811	0.0072215116
6813	0.0680704651
6814	0.007337193
6816	0.0073297674
6818	0.2102330233
6819	0.000654186
6821	0.051792093
6822	0.0007645283
6823	0.000082907
6824	1.0959038372
6825	0.0714410465
6826	0.0053413953
6827	0.00022
6828	0.0070589535
6829	0.3582805814
6830	0.000075
6832	0.3025715116
6833	0.0670515116
6835	1.04225352113E-05
6837	0.00095
6838	0.0028622619
6839	0.001263871
6842	0.3629110465
6843	0.000090274
6844	0.0028738372
6845	0.1396543373
6846	0.0010843023
6847	0.0933469767
6851	0.0421547674
6852	0.2666930233
6854	0.0196649296
6855	0.0001646552
6856	0.000106
6858	0.0003246667
6860	1.72093023256E-05
6862	0.0003721429
6864	0.0010045946
6867	0.0029653488
6868	0.0466646753
6869	0.0036967442
6873	0.0681446512
6877	0.0003696667
6879	0.0023566265
6881	0.0003783333
6883	0.00033
6885	0.1009753488
6888	0.0003422727
6889	0.0018541667
6890	4.84210526316E-05
6891	0.005824186
6892	0.0008330233
6893	0.0004018462
6894	0.0002072093
6895	0.0005349398
6898	0.001152
6899	0.0002818605
6902	0.0026890698
6903	0.0041168605
6905	6.57142857143E-05
6907	0.0010865789
6908	0.0010214286
6912	0.0290245349
6913	0.0422261628
6914	5.8488372093E-05
6915	0.0003163636
6916	0.0072905405
6917	0.0007710465
6919	0.7205577907
6920	0.0071038372
6921	0.000969186
6925	0.0005923077
6926	0.0009901852
6928	0.0438367442
6929	0.0006972727
6930	0.0052517568
6933	0.0008834921
6935	0.0191169767
6936	0.0001575581
6937	1.04225352113E-05
6940	0.2593027907
6941	0.00099475
6943	0.0007826667
6944	1.04225352113E-05
6945	4.1945625581
6946	0.0263587059
6947	0.0111309302
6948	0.0010653488
6949	0.000272
6950	0.0110932558
6951	0.0134288372
6952	0.0210184884
6953	0.000286
6954	0.0063439535
6956	0.0109687209
6957	0.0009692424
6958	0.0002718987
6959	0.0004353846
6961	0.0007640278
6964	0.0001533333
6965	0.0073526744
6966	0.0011555263
6969	0.00168875
6970	0.00077
6971	0.0004471429
6972	0.0006028571
6973	0.0642436047
6976	0.0006065
6977	0.0003973684
6978	0.0269184884
6979	0.3987668605
6980	0.0002016667
6981	0.0075144186
6982	0.0005983784
6983	0.000395
6984	9.96511627907E-05
6985	0.0006118519
6987	0.0012033333
6988	0.099505814
6989	0.006340641
6990	0.7994754651
6992	0.0041851852
6994	0.0572732558
6995	0.0057561628
6996	0.0006085714
6997	0.0060569231
7000	0.0004888372
7003	0.0292365116
7004	0.0006094915
7005	0.0470566279
7006	0.000155
7007	0.0018068182
7009	0.0349336047
7013	0.0024385
7014	0.0002482558
7015	0.030282907
7016	0.000338
7017	0.0003682353
7018	4.18604651163E-05
7019	0.0011367442
7020	0.1460467442
7022	0.230805
7023	0.0085966279
7025	0.0106792857
7027	0.000887931
7028	0.5676225581
7029	0.0002404651
7033	0.0009372727
7034	1.0975880233
7036	0.0009231818
7037	0.0071960465
7039	0.0006307143
7040	0.0002568182
7041	0.00098
7042	0.0062977907
7043	0.0015404651
7045	9.05813953488E-05
7047	0.0001466667
7048	2.66666666667E-05
7049	0.0460645349
7050	0.00045
7051	0.0001977778
7052	0.0332627907
7054	0.0017938372
7055	0.0052462651
7058	4.95348837209E-05
7059	5.8488372093E-05
7061	0.0007352703
7062	0.1622480233
7063	0.0018056977
7064	0.000082907
7065	0.0010329268
7066	9.96511627907E-05
7067	0.0016489189
7068	0.00049125
7071	0.0015103529
7072	0.0002924419
7073	0.0049213636
7075	0.000155
7076	0.002535
7078	0.000264
7079	0.0001649412
7080	0.0055568605
7082	0.0323517442
7083	0.0006059459
7086	0.1174340698
7087	0.0003461538
7088	0.0657672093
7089	0.0010618966
7090	0.0011071429
7091	0.0006215789
7092	0.0044290385
7093	0.0004202041
7094	0.009452
7095	0.0027902326
7096	0.0217488372
7097	0.00396775
7098	0.0005286111
7099	0.0565733721
7100	0.0116886585
7101	0.0573269767
7102	0.001165
7103	0.0011771951
7104	0.00098
7105	0.0019602326
7106	0.0048753846
7110	0.0006059459
7111	0.0004139535
7112	0.0938823256
7113	0.0002073256
7114	0.0002503571
7115	0.0003644706
7116	0.0012189362
7117	0.0515498837
7118	0.0001066667
7119	0.0535873256
7120	0.0002090909
7121	0.0020807407
7122	0.0035395238
7123	0.1808745349
7125	0.0007710465
7126	0.029181519
7127	0.0031174699
7129	0.000960814
7130	0.2069476744
7131	0.0041168605
7132	0.0001161628
7133	0.0001411765
7134	0.0007648235
7135	0.1380289535
7136	0.0020834884
7137	0.1046426744
7138	0.0119926744
7139	0.0581761628
7140	0.0003534615
7141	0.0026490588
7142	0.099505814
7143	0.0001825581
7146	0.0770990698
7148	0.0106675581
7150	0.0021816279
7152	0.000082907
7153	1.343585814
7155	0.0019048837
7156	0.0019439024
7157	0.0507588372
7158	1.72093023256E-05
7159	0.0061616667
7160	0.1683616279
7161	0.0024611111
7162	0.0008981481
7164	0.00088
7165	0.0005472093
7169	0.0004837931
7170	0.0010285714
7171	0.0001466667
7172	0.0257155814
7174	0.005855
7175	0.0456267442
7176	0.0392137209
7177	0.0006708333
7178	0.00473625
7180	0.0002033333
7181	0.0001885714
7182	0.0002466667
7184	0.0121392405
7185	0.0015178049
7186	0.0001075581
7187	0.0349880952
7188	0.002692
7189	0.0441156977
7191	1.04225352113E-05
7192	0.0041689024
7193	0.068275
7194	0.0010918182
7195	0.0004904651
7196	0.0259060465
7197	0.0005320513
7200	0.0121575581
7204	0.0083244186
7208	0.0009004706
7209	1.04225352113E-05
7210	0.001602
7212	0.0322485714
7214	0.0006090323
7215	0.00248
7217	0.0024806557
7221	0.0006083333
7224	0.0008448837
7226	0.0002
7227	1.72093023256E-05
7229	0.0500051163
7231	4.18604651163E-05
7233	0.0020748077
7234	0.0067713636
7235	0.0662563953
7237	0.0052344186
7238	0.0031390244
7239	0.0007878571
7240	0.0005808333
7241	0.03779
7242	0.3715524419
7243	5.8488372093E-05
7244	0.1355093023
7245	0.000082907
7246	0.0511090698
7248	0.0022991781
7249	0.001002093
7250	9.05813953488E-05
7251	0.0802932558
7256	0.0017557143
7257	0.0019048837
7259	9.96511627907E-05
7260	0.0012942857
7261	0.006625
7263	0.0546577907
7264	0.0078426744
7265	0.0554718605
7266	0.03879
7267	0.0230376744
7268	0.0018975758
7269	0.0007225
7270	0.000082907
7271	0.0581455814
7272	0.0112738372
7273	0.0001071605
7274	0.0632090698
7275	0.000944186
7276	0.0001411628
7277	0.0046467442
7279	3.33720930233E-05
7281	0.0023367442
7282	5.8488372093E-05
7283	1.04225352113E-05
7284	0.0011411111
7285	0.0008538372
7286	0.00045
7287	0.0058823256
7288	0.000685
7289	0.032270241
7290	0.00017
7292	0.0003913514
7293	9.61445783133E-05
7294	0.000085
7296	0.4318440698
7297	0.0025275806
7298	0.0369286047
7299	0.0047860465
7301	0.00001
7308	0.000689
7310	0.0578406977
7311	0.0009939535
7312	0.025417907
7314	10.2225705814
7315	0.0006972727
7318	0.0008138028
7319	0.011097907
7320	0.1990110465
7321	0.0081746512
7322	0.00101
7324	0.0122365385
7325	0.0031777333
7327	0.037106
7328	0.0495759302
7329	0.0011666667
7330	0.0003787037
7331	0.00021
7333	0.0453527907
7335	0.0439513953
7336	0.000175
7337	0.0018123438
7338	0.0010893333
7339	1.04225352113E-05
7341	0.192540814
7342	0.0038984615
7344	0.00048
7345	0.00017
7346	0.000519
7347	0.095119186
7349	0.0001222892
7351	0.0268423256
7353	0.011280814
7354	0.0007675
7355	0.0036823944
7358	0.0003277778
7359	0.000485641
7363	0.0004947674
7364	0.0045322222
7365	0.00053
7367	0.0122310465
7368	0.0002193023
7370	0.0009595455
7371	0.0001075581
7374	0.0004766667
7375	0.0012037681
7376	0.002575814
7377	0.0005148148
7378	0.0010736207
7379	0.0003785714
7380	3.33720930233E-05
7381	0.0002280233
7382	0.0015305263
7383	0.0027975325
7384	0.0191169767
7385	0.013891519
7386	0.0015105882
7391	0.0013549123
7392	0.0083814815
7394	0.4456111628
7395	0.0426454651
7396	0.0072975714
7398	0.0021860465
7399	1.04225352113E-05
7401	0.0006505882
7404	0.000497561
7407	0.0029818571
7409	0.0003606452
7411	0.0376169767
7413	0.0880738372
7414	6.59302325581E-05
7416	0.00136375
7417	0.0005839063
7418	0.0081139535
7419	0.000124186
7421	0.0037187209
7424	0.0436546512
7426	0.013824186
7427	0.00026
7428	0.0245084884
7429	0.0001572727
7431	1.72093023256E-05
7432	0.000392
7433	0.00813
7434	0.9303526744
7435	0.0004014894
7436	0.0235286047
7437	0.00159
7438	0.0013007843
7439	1.04225352113E-05
7440	0.0027778261
7441	0.0264431373
7442	0.0074255814
7443	1.09090909091E-05
7445	1.72093023256E-05
7446	0.0052672222
7448	0.0002091667
7449	0.0006081818
7450	0.0095711628
7452	0.000082907
7453	0.0014614286
7454	0.000512
7455	0.0318696512
7457	0.0417852326
7458	0.015685814
7459	1.72093023256E-05
7463	0.023545814
7464	0.0824432558
7466	0.1710713953
7469	0.0003215385
7470	1.04225352113E-05
7471	0.3112609302
7473	0.0034987654
7475	0.0174797674
7476	0.0666644186
7477	7.45348837209E-05
7479	0.010589186
7481	0.3671411628
7484	0.0936031395
7486	0.000522459
7487	0.0019555556
7488	0.0013010465
7489	0.0170582558
7490	0.0173673256
7492	0.0602916279
7494	0.0005136538
7495	0.0588206977
7497	0.00019
7498	0.0651931395
7499	0.002524186
7500	0.0119682143
7501	0.004689375
7502	0.0398314118
7503	0.0024193827
7505	0.0126323171
7506	0.0011162295
7507	0.0003609091
7509	0.0049336471
7510	0.0003303448
7513	0.134885814
7515	0.0796004412
7518	0.0003795833
7520	0.0115933333
7521	0.0007516129
7522	0.0021820313
7523	0.015685814
7524	0.0132630588
7528	0.0011058333
7530	0.0047641667
7531	0.0002423077
7532	0.0003479762
7534	0.0012071429
7536	0.0039025
7537	0.0033189412
7540	0.0005771429
7544	0.0020314458
7545	0.0031557895
7548	0.0012022368
7550	0.0003479762
7551	0.0003433333
7552	0.0025285185
7553	0.0003321739
7554	0.0006175
7555	0.0016115625
7558	0.0009540698
7559	0.0002072093
7560	0.0418896512
7562	0.0007636364
7563	0.0012859091
7566	0.0020461702
7568	0.0039218605
7569	0.048172093
7571	0.1125865116
7572	0.0003479762
7573	0.0026988
7575	0.0003326667
7576	0.0063963636
7578	0.1044868605
7579	2.46511627907E-05
7581	0.0002714815
7584	0.0004683784
7585	0.0101065116
7588	1.04225352113E-05
7589	0.0004888372
7591	0.0091760465
7593	0.000371
7594	0.2029318605
7596	0.0762857692
7597	0.0005233333
7599	0.0545325581
7600	0.0064845349
7601	0.0327962791
7603	0.000362
7605	0.0007865116
7608	0.0012696512
7611	0.0002731507
7612	0.01189
7613	0.0035313953
7614	0.0017688889
7615	0.6048754651
7616	0.0031367213
7619	0.000337541
7620	1.04225352113E-05
7621	0.0064706977
7622	0.000324
7623	0.0093665385
7624	0.000355814
7625	0.2053883721
7627	0.0001075581
7629	0.0074138372
7630	0.0007710465
7632	0.0008609524
7633	0.0009828571
7634	0.0079093443
7635	0.0001075581
7636	0.0002957143
7637	0.0042484884
7638	0.0001910465
7639	0.00029
7640	0.3384897674
7641	0.0003647674
7644	0.0002207692
7645	0.0004508696
7646	0.0003787692
7647	0.0249326744
7652	0.0297872414
7653	5.8488372093E-05
7654	0.0007833333
7655	0.2593027907
7656	0.079590814
7658	0.0107834884
7660	0.4321227907
7661	0.0372939535
7662	0.0705853488
7663	1.7033587209
7666	0.0011001639
7668	0.0011020732
7670	0.0083336047
7671	0.5463211628
7672	0.0230910465
7674	0.1257304651
7677	0.0070854651
7678	0.0003647674
7681	0.0042290698
7682	0.0001166667
7683	0.068332907
7684	0.0052025352
7686	1.04225352113E-05
7687	0.000208
7688	0.0025228235
7689	0.0004783929
7690	0.0002275
7691	0.0176460465
7692	1.09090909091E-05
7694	6.59302325581E-05
7696	0.033107093
7698	0.0701323256
7701	0.0001975
7702	0.0347043023
7703	0.0241748837
7705	0.0022190741
7706	0.1768686047
7707	0.3702404082
7710	0.5034095349
7711	0.0001763529
7712	1.175462907
7714	0.0002625
7715	0.0191169767
7716	0.0189057647
7720	0.0049209302
7722	0.000082907
7723	0.0096437209
7724	0.0150803571
7725	0.0014056
7727	4.22891566265E-05
7729	0.0003397674
7731	0.0004
7733	0.013842907
7734	0.0477588372
7735	8.42168674699E-05
7736	0.015407093
7739	0.0005720408
7740	0.015630814
7741	0.0077183721
7742	0.003936129
7744	0.0013025
7746	0.0013033333
7747	0.00022
7748	0.0349936
7749	0.00152625
7750	0.0001075581
7753	0.001853
7755	0.002567907
7756	0.0645086047
7757	0.0026563265
7759	0.0063548837
7760	0.0034311628
7761	0.0341018605
7763	0.0016773256
7764	0.0003250847
7765	0.000495
7766	0.000132093
7767	0.0001233333
7768	0.000149359
7770	0.002815
7771	0.0006197297
7772	0.0001731395
7773	0.0006727778
7774	0.0317456977
7775	0.0004496667
7776	0.0291722093
7777	0.0058349275
7778	0.0579919767
7779	0.0479987209
7780	0.0006396774
7782	0.0012114286
7783	0.0005238889
7784	0.0159388235
7785	7.95588235294E-05
7786	0.0016671154
7787	0.0004281159
7788	0.0329401163
7789	1.0475705814
7790	0.0014704651
7791	0.1176216279
7792	4.22891566265E-05
7793	0.1074158065
7794	0.0009651064
7795	0.000358
7797	0.0061952326
7798	0.0003721429
7799	0.0792201163
7801	0.0001374545
7802	1.72093023256E-05
7803	0.0005986667
7804	0.0015485882
7805	0.1247070492
7806	0.0007990909
7807	1.04225352113E-05
7808	0.0004274468
7810	0.0021581967
7811	0.2137162791
7813	0.0003211111
7815	0.0087479412
7818	0.0031414516
7819	6.59302325581E-05
7821	0.0053683333
7822	0.0003111111
7825	0.0016937209
7827	0.00125
7828	0.0011896
7829	0.0225480233
7830	0.0317917722
7831	0.000114
7832	0.0012980488
7833	0.0775946512
7834	0.0001575581
7835	0.0027905814
7836	0.000082907
7837	0.0063508333
7839	0.0003557895
7840	0.0036768605
7843	0.0014715116
7844	0.0037771698
7845	0.0001646552
7846	0.0107581395
7848	0.0011430588
7849	1.72093023256E-05
7850	0.0007944681
7851	0.0001843836
7852	0.0003507792
7856	0.062742093
7857	0.0075965854
7858	0.0180142105
7860	9.89189189189E-05
7863	0.0013418605
7865	0.0328418605
7867	0.0037238095
7869	0.02892
7870	0.0011860465
7871	0.2050069767
7872	1.04225352113E-05
7873	0.0005465116
7874	0.0056898837
7875	0.00084125
7876	0.002159125
7877	4.95348837209E-05
7878	0.0011647222
7879	0.0003590909
7880	0.0001763529
7881	0.00123
7882	0.00425
7883	0.000686
7887	0.0569898824
7888	0.000495
7889	0.0003128571
7892	0.0015128
7893	0.004815375
7894	0.00154
7895	0.1347977907
7898	0.009428625
7900	0.0102931395
7902	0.0245504819
7903	0.000132093
7905	0.0003479762
7906	0.0143060465
7907	0.0122822353
7910	0.0039332877
7913	0.0229121622
7914	0.0398730233
7916	0.0037539535
7920	0.0001161628
7921	0.0007640278
7922	0.0007720833
7923	0.0045875
7925	0.2483781395
7926	0.0137252326
7930	7.95588235294E-05
7931	1.04225352113E-05
7932	2.66666666667E-05
7933	0.0004325
7934	0.0002392857
7936	0.00006
7937	0.0052103488
7939	0.0036486486
7940	1.72093023256E-05
7941	0.0007618605
7942	0.0633244186
7943	0.0234526744
7945	0.0246472414
7946	0.0196069767
7947	0.0642604651
7952	0.0661931395
7953	0.0240184884
7955	0.0101172941
7956	0.0001203448
7957	0.0872512791
7958	0.001602
7959	0.00048625
7962	0.0196069767
7963	0.010572093
7964	0.0001962222
7966	0.0015411765
7968	1.04225352113E-05
7969	0.0104210465
7970	2.1288504651
7971	0.0002482558
7972	0.1186215116
7976	0.0007397674
7977	0.0281354651
7978	6.59302325581E-05
7979	9.96511627907E-05
7981	0.0001910465
7983	0.0002672727
7984	0.0007710465
7985	0.0072632558
7988	0.0028952326
7990	0.0003787692
7991	0.0018033333
7992	1.9179324419
7993	0.0006618462
7994	0.6291482558
7995	0.0317016279
7997	0.0007763636
7998	1.04225352113E-05
7999	0.004161831
8000	0.0003477273
8002	0.0012827419
8003	0.0017550746
8004	0.0021942105
8005	0.0025469355
8008	0.0285068235
8010	0.8617281395
8011	0.0098036047
8012	0.0006061538
8014	0.0084438372
8019	0.0018123529
8020	0.0015908108
8021	0.0051685882
8026	0.0077833721
8027	0.0003068605
8028	1.04225352113E-05
8029	0.0015012
8031	0.0015322093
8032	0.0519586047
8035	4.18604651163E-05
8036	0.0024905814
8038	0.0006470588
8039	0.0049737333
8040	0.0003973256
8042	0.0007853226
8043	0.0059460465
8045	6.3918348837
8046	0.0008034884
8047	0.0005153846
8049	0.0009597778
8051	0.00006
8052	0.0039180233
8053	0.0015345349
8057	1.04225352113E-05
8060	0.002935
8061	0.000217
8062	4.95348837209E-05
8064	0.1059354651
8065	0.0009
8066	0.0014246154
8067	0.0003658462
8068	0.0143494118
8071	0.0002237209
8074	0.0005
8075	2.77777777778E-05
8076	0.0040039759
8077	0.2318524419
8078	0.0003146512
8079	0.0154544186
8080	3.33720930233E-05
8082	0.00120625
8083	0.0264013953
8084	4.16666666667E-05
8085	0.0857806977
8086	0.0465621429
8087	0.0008196512
8088	0.0017475581
8089	0.00009
8090	0.0026587209
8091	0.135672093
8092	0.0048034884
8093	0.003255
8095	0.0628688372
8096	0.00050875
8097	0.3224596512
8098	0.0007640278
8099	0.1787437647
8100	0.0026747674
8101	0.0001612903
8102	0.0033596386
8103	0.8703630233
8104	0.0145972093
8105	0.0003866667
8106	0.0008315
8108	0.001757
8109	0.0021456863
8111	0.0001411628
8112	0.0001986047
8113	0.0007537209
8114	0.0088231395
8115	0.000315
8116	0.0008884211
8118	0.0056150602
8119	0.0001811111
8120	0.0220362791
8121	0.0012163636
8123	1.04225352113E-05
8124	0.0110938372
8125	0.1612675581
8126	0.0286095294
8131	0.0142147674
8132	0.0002016667
8133	0.0001825581
8134	0.0006198649
8135	0.0098569412
8136	0.0462967442
8137	6.0219836047
8138	0.0004834211
8139	0.0137252326
8141	4.4006810465
8142	1.72093023256E-05
8143	0.0004308
8145	0.0094705063
8146	0.0005885714
8147	0.0362723256
8148	0.000272907
8150	0.0003068605
8151	3.33333333333E-05
8152	0.0095501818
8153	0.0886090698
8154	0.0002886111
8156	0.0130598837
8157	0.0008097674
8158	0.0007288235
8159	0.0026453247
8160	0.0005190909
8162	0.0001518072
8163	0.000775
8164	0.0001130263
8165	0.0013384
8166	0.065312093
8167	0.0005157895
8168	0.0117640698
8170	0.1029373256
8172	0.0808789535
8173	0.0833295349
8174	0.0004170588
8176	0.0010148649
8178	0.0005022222
8179	0.0008914286
8180	6.59302325581E-05
8181	1.0872083721
8182	0.0010813793
8183	0.0019710465
8185	0.0630924419
8186	0.0132811628
8187	0.012237093
8188	0.0006481818
8189	0.0201417857
8190	0.0480913953
8193	0.0009692857
8194	0.0212091304
8195	0.0240411594
8196	0.0002271429
8197	1.210242093
8198	0.0115125581
8200	0.02892
8201	4.22891566265E-05
8204	0.0042897468
8205	0.0077228571
8207	0.0249548235
8208	0.0001811111
8209	0.0096484884
8210	0.0024714634
8213	0.0486345455
8214	0.0019917857
8216	0.0004316667
8219	0.0002633333
8220	0.0024137037
8221	0.0535117442
8222	0.0001075581
8223	0.0720556977
8224	0.0071551163
8225	0.0002152055
8227	0.0003802326
8228	0.0003
8229	5.8488372093E-05
8230	1.72093023256E-05
8231	0.0007525
8233	0.026590814
8236	0.01003
8238	0.0007725581
8239	0.0017392537
8240	6.59302325581E-05
8242	0.1651894186
8246	0.0725455814
8251	0.0002418421
8252	0.0010625333
8254	0.1430409302
8255	0.0107996512
8256	0.0012006494
8257	0.0205872093
8258	4.22891566265E-05
8260	0.0064225581
8261	0.0008024
8263	5.67857142857E-05
8265	0.0004847619
8266	0.000374918
8267	0.0009213333
8268	0.0313715116
8269	0.022777907
8270	0.0028454651
8272	0.0186997531
8273	1.04225352113E-05
8274	0.0058020238
8275	0.014387
8277	1.0225053488
8278	0.210512907
8279	0.0001683333
8280	0.0041646341
8281	0.0006812941
8282	0.000132093
8284	0.0001649412
8285	0.00004
8286	0.00067125
8287	0.0003848837
8291	0.0499531395
8292	0.0129530588
8293	0.0072333721
8294	0.0057523529
8295	0.001554
8296	0.4524316279
8298	0.6984995349
8299	0.0006333333
8300	0.062919186
8301	0.0025654167
8302	0.0099253488
8303	0.2482440698
8305	0.000562907
8306	0.1035468605
8307	0.0125225
8308	0.0592686047
8309	0.0022244444
8310	0.0006972727
8311	0.1196031395
8313	0.0177869767
8314	0.0112738372
8317	1.72093023256E-05
8319	0.071707907
8320	0.0007042857
8321	0.0002539623
8323	0.0002013333
8324	0.0101251163
8326	0.0024598837
8327	0.0026541333
8328	3.33720930233E-05
8329	0.004890125
8330	0.3186867442
8332	0.000165
8333	0.0002075294
8334	0.0215676744
8335	0.0451577907
8336	0.0008959677
8337	0.0003276471
8339	0.0158970732
8341	0.0054567568
8342	0.064740814
8343	0.0147057143
8345	0.0012545783
8346	0.0363427907
8348	1.04225352113E-05
8350	0.0006372093
8352	0.2855509302
8353	0.0134595349
8355	1.04225352113E-05
8356	0.000285
8357	0.021077907
8359	0.0067703488
8360	0.0004878571
8361	0.0095640964
8362	0.00058
8363	2.0689347674
8364	1.0778160465
8365	0.0001986047
8367	0.010377093
8370	1.04225352113E-05
8371	0.0002463934
8372	0.0004495522
8374	0.0511830233
8376	0.000925
8377	0.0005435294
8378	0.0151403659
8379	0.0367633721
8382	0.1132548837
8383	0.0005410526
8384	0.00101
8385	0.0001161628
8386	0.0005983784
8387	0.7068676744
8390	0.0089194872
8391	0.0075452326
8392	0.0015796296
8393	0.1000336047
8395	0.0729877907
8396	0.0148580233
8398	0.0016575439
8399	0.0007008065
8400	0.000658
8401	0.0004739583
8403	0.2002146512
8404	0.0092845122
8409	0.0087577907
8410	0.0003790909
8411	0.0114290698
8412	0.0034468
8413	0.0009525581
8414	0.0005778571
8415	0.1480330233
8416	0.0100643023
8418	0.9911336047
8419	0.2681261628
8421	0.0020321687
8422	0.0005056
8424	0.0006843243
8426	0.0030022078
8427	0.1102894186
8428	0.00005
8433	0.0191169767
8434	0.000936
8436	0.0039429412
8438	0.034552907
8439	0.000517093
8440	0.0003416129
8442	0.0076544186
8443	0.0828122093
8444	0.1308760465
8446	0.0062060274
8448	0.0020263889
8450	0.0773265116
8451	0.0095550588
8452	1.72093023256E-05
8453	0.000629878
8454	0.0379202326
8455	0.016175814
8456	0.7803589535
8457	0.000124186
8458	0.0946039535
8459	0.0071496512
8460	0.0024683721
8461	0.0002318605
8462	9.61445783133E-05
8465	0.0026944186
8466	0.0042615116
8467	0.1147464912
8469	0.000522093
8470	0.0648238372
8471	0.0008977778
8472	10.6792997674
8473	0.0004426667
8476	0.0038368235
8477	0.0004883333
8478	0.0791673256
8479	0.0014907407
8482	1.04225352113E-05
8483	5.67857142857E-05
8485	0.0001075581
8486	0.1666597674
8487	0.0274497674
8488	4.18604651163E-05
8489	1.04225352113E-05
8490	1.04225352113E-05
8491	0.0011680233
8492	0.0004766667
8494	0.00159
8496	0.0009461111
8497	0.0004634884
8499	0.0016976744
8501	0.0040110811
8502	0.000805
8503	0.003085098
8505	0.0013195238
8507	0.0279396512
8509	1.0562133721
8510	0.02277
8511	0.0169316279
8512	0.0058276744
8513	0.0081746512
8514	0.0105093023
8515	0.0035033721
8516	0.0017259016
8517	0.0022082558
8518	0.0001656977
8519	0.003487093
8520	0.0006115116
8521	0.0025337838
8522	0.0653206977
8523	0.1656695349
8524	0.000065
8525	0.0001573418
8526	0.0019727586
8527	0.0040438824
8528	9.96511627907E-05
8530	0.0081802326
8532	0.0011636842
8534	1.04225352113E-05
8535	0.00056375
8536	0.0103119767
8537	0.0698093023
8540	0.0018668235
8544	0.0003715789
8545	0.0360537209
8547	0.0628280233
8548	0.00004
8549	0.000830241
8550	0.0091492683
8551	0.0055976744
8552	0.0421547674
8553	5.8488372093E-05
8554	0.0001947436
8555	9.33333333333E-05
8557	0.0004266667
8558	0.0362723256
8559	0.0002754545
8563	0.0016043529
8564	0.000555
8565	0.0916627907
8568	0.0767744186
8569	0.00167775
8571	0.0008926316
8573	0.0001108889
8575	0.0341160465
8576	0.1751727907
8578	0.0217981395
8579	0.002977093
8580	0.0021174194
8581	0.0181362791
8582	2.46511627907E-05
8583	0.0004728571
8584	0.0137252326
8585	0.00070625
8586	0.1154405814
8588	1.04225352113E-05
8589	0.00021
8590	0.0011097674
8591	0.0177567059
8593	0.0002072093
8596	0.0063465789
8597	0.0018881395
8598	0.0071860465
8599	0.0431353488
8601	0.0001066667
8603	0.0002404651
8604	0.0003903077
8605	0.0006688636
8606	0.0011207792
8607	0.0041113115
8608	0.0019611475
8609	0.0048066667
8612	0.0002482558
8614	0.0007618605
8616	0.188227093
8617	0.00024
8618	0.0001915
8620	0.0002266667
8621	0.0326512791
8624	1.04225352113E-05
8625	0.00077
8626	0.0059096296
8628	0.000075
8631	0.0001484884
8632	0.0039904762
8633	0.000175
8634	2.4940106977
8635	0.0007640278
8636	0.0029328571
8639	0.0337336486
8643	0.00207975
8644	0.0024181395
8645	0.0074846512
8646	0.0032143902
8647	0.000665
8648	0.0105409302
8649	0.011384186
8651	0.0120287209
8652	0.0060592405
8653	0.0007548077
8656	0.0142147674
8660	0.0020832759
8661	0.0029816279
8663	0.001012
8664	0.0136392857
8667	0.055672093
8668	1.72093023256E-05
8669	0.000188
8670	0.0686428889
8671	0.0166656977
8674	0.0341694444
8676	0.0007837838
8677	0.000082907
8679	0.0075106977
8680	0.0025557831
8681	0.0001986047
8682	0.0005465517
8683	0.0007713333
8684	0.0018582667
8687	0.0639296512
8688	0.0001066667
8689	0.0003819048
8691	9.05813953488E-05
8692	0.0173461628
8695	0.0187505814
8697	0.008551625
8698	0.0005411111
8699	0.0014851163
8702	0.0931487209
8704	0.0034760465
8706	0.0005611765
8707	0.0001529114
8708	0.0014933333
8710	0.0098784884
8713	5.8488372093E-05
8715	0.0164645349
8716	0.0004252381
8718	2.8646854651
8719	0.000515
8720	0.0057734884
8721	0.0020211765
8722	0.3117513953
8725	0.0322518072
8729	0.0099386047
8731	0.0144853488
8732	0.0484419767
8733	0.00076
8734	0.0255786047
8737	0.0015365882
8738	0.0003068605
8739	0.0032565116
8740	0.0002810345
8741	0.0276804878
8742	0.0036558228
8743	0.0019205814
8745	0.0628905814
8747	0.000842807
8748	0.0003525581
8751	0.0002318605
8753	0.0003575
8755	3.47368421053E-05
8756	0.0071772973
8757	0.158857907
8758	0.0011765116
8759	0.0031772727
8760	9.05813953488E-05
8761	1.72093023256E-05
8763	0.000165
8764	0.0367633721
8765	0.0059065882
8768	0.0049524419
8769	0.0025890323
8770	0.007217093
8771	0.05984
8772	0.0186260465
8773	0.0098853488
8777	0.000124186
8778	9.05813953488E-05
8779	0.02177
8780	0.0075209302
8782	0.0003084314
8784	0.000014
8785	0.0010245946
8786	7.45348837209E-05
8788	0.0009221429
8789	0.0078426744
8790	5.8488372093E-05
8792	0.0055416129
8793	1.7013980233
8795	0.0003046154
8798	4.8488372093E-05
8801	0.0005217442
8803	0.000115
8804	0.0039380769
8806	0.0007363889
8807	0.0332228235
8809	0.0011757333
8810	0.0018922449
8811	0.0173594186
8812	0.0261797674
8813	0.0006972727
8814	0.0094992105
8815	0.00046875
8817	0.0417232558
8820	0.000377619
8821	0.0009726531
8822	0.0343307059
8823	0.0002979167
8826	0.0017345833
8829	0.9426065116
8831	0.0151953488
8833	0.0154937209
8834	0.0401947674
8835	0.0008276923
8836	0.0012147619
8837	0.002543125
8838	0.0072747674
8839	0.0050436047
8842	1.04225352113E-05
8843	0.0074923171
8844	0.0003796104
8846	0.0818752326
8847	0.0006197297
8848	0.0006461905
8850	0.0787872093
8851	0.001784
8854	0.4538043023
8856	3.33720930233E-05
8857	0.0238956977
8858	0.0831101163
8859	0.000355814
8860	0.0006872222
8861	0.0173290476
8862	0.0031634884
8863	0.0205872093
8864	0.0009913889
8865	0.0067487654
8867	0.0005876364
8868	0.0004719048
8869	1.04225352113E-05
8872	0.0100288372
8873	0.0034241791
8876	0.0010816129
8878	0.0320019767
8880	0.0033283099
8881	0.0003057143
8882	0.0068619767
8883	0.0002028571
8885	4.95348837209E-05
8887	0.156855814
8890	0.00026
8893	0.0760781395
8894	0.0003227907
8895	0.00023
8896	0.1102894186
8897	0.0509509302
8898	0.00098
8900	0.1063960465
8901	0.0371845349
8904	4.18604651163E-05
8906	0.5622305814
8908	0.0008825
8911	0.0014922727
8913	0.0008291667
8914	8.42857142857E-05
8915	0.1817332558
8916	0.0438084706
8918	0.0373490698
8919	0.0294110465
8923	0.0009016667
8924	0.2353634211
8926	0.0003796
8927	0.0002654651
8928	0.0057230769
8929	0.0003479762
8930	0.0021772093
8932	0.0001825581
8934	0.0071723256
8935	0.0135943023
8936	0.0006077419
8937	0.002672
8938	0.0003035714
8939	0.0063938372
8940	0.0004682609
8941	0.078942093
8942	0.0108240698
8943	0.000082907
8944	0.0022016
8946	0.0002942353
8947	0.0002654651
8948	0.0005296512
8949	0.0024511628
8950	0.0004847059
8951	0.1840518605
8952	0.0010430233
8953	0.0616315116
8958	0.0144096512
8960	0.0003973256
8963	0.0002318605
8966	0.00198
8967	0.0002318605
8968	0.0056893023
8970	0.0004904651
8971	2.2037593023
8972	0.0187081176
8975	5.08510638298E-05
8976	0.7083032558
8978	0.0001825581
8981	0.0088441772
8983	0.00076075
8985	0.00125
8986	3.33720930233E-05
8987	0.0001731395
8988	0.7712068605
8993	0.0115773256
8997	0.0004116471
8998	0.0004634884
9000	0.0014580233
9002	0.0096051163
9003	0.0855204651
9004	4.18604651163E-05
9005	0.087010814
9007	0.00001
9010	0.0021816
9012	0.0001731395
9013	0.0014204444
9014	0.001632375
9016	0.0003067742
9017	0.0029304286
9020	0.0019936486
9021	1.72093023256E-05
9022	0.0008359302
9023	0.1199839535
9026	6.59302325581E-05
9027	0.0011680233
9028	1.72093023256E-05
9030	0.000265
9031	0.00453625
9032	0.000225
9034	0.0005833333
9037	0.002165
9038	0.0037019767
9040	3.47619047619E-05
9041	0.0011653488
9042	0.000215
9044	0.0039218605
9045	0.0071860465
9047	0.0003479762
9049	0.0002923077
9051	0.087242907
9054	2.5116122093
9057	7.45348837209E-05
9059	0.00052
9061	0.031434881
9062	0.0004
9063	1.5763483721
9066	0.0034311628
9068	0.0316204651
9070	0.0022465672
9071	0.7045282558
9073	0.0005914286
9074	1.04225352113E-05
9075	0.0006952326
9076	0.4161577907
9077	4.2454569767
9078	0.0382336047
9079	0.5528193023
9081	0.0077768235
9083	0.0161254651
9084	0.0056053333
9085	0.0003188889
9086	0.0001161628
9087	0.0030678571
9088	0.00119875
9089	0.0001977778
9090	0.0017849398
9092	0.0540903488
9093	0.000215
9094	0.0003463636
9096	0.0009285965
9097	0.0007455
9098	0.0006064706
9100	0.1150632558
9101	0.0171560465
9104	0.2323427907
9106	0.000399
9107	0.0001731395
9109	0.0135972093
9110	0.0041993023
9112	0.0003515
9113	0.4304356977
9116	0.032935
9119	0.0088365116
9122	0.0006181818
9123	0.0088231395
9124	5.8488372093E-05
9125	1.1171088372
9126	0.0001656977
9127	0.5600037209
9128	0.0389266279
9129	0.0179192308
9131	0.1122501163
9132	1.1146584884
9134	0.0158055814
9135	0.000855283
9138	0.00232
9139	2.46511627907E-05
9140	0.0103025581
9141	0.0019205814
9142	0.003425
9143	0.0002072093
9144	3.4529351163
9145	0.0075942105
9146	0.0005709091
9148	0.8342780233
9149	0.0003632143
9151	0.0008119048
9152	0.0011250685
9153	0.0637387209
9154	0.0001825581
9155	0.0003353571
9156	0.001005
9157	0.0205872093
9158	0.0001075581
9159	0.0001986047
9160	0.1208870968
9161	0.000145
9162	0.0049405479
9166	0.0005740476
9168	1.04225352113E-05
9169	0.0007937209
9170	60.4379456667
9171	0.0635739535
9172	0.1634461538
9175	0.00947
9176	0.0277452727
9177	0.0012816279
9178	0.0023346914
9182	5.8488372093E-05
9183	0.0346819767
9184	1.72093023256E-05
9186	0.0049194186
9187	1.72093023256E-05
9189	0.0051124528
9191	0.0058823256
9192	0.2511295349
9193	0.0065227869
9194	0.0010932558
9195	0.004146988
9196	0.0111627143
9197	0.0011797368
9198	0.0010405714
9199	0.0005772727
9201	0.1706434884
9203	0.0180069412
9204	2.9145345349
9205	0.3210640698
9209	0.0006892
9210	0.0658274419
9211	0.1083287209
9212	1.72093023256E-05
9214	0.0009531579
9215	0.0006210465
9216	0.6433159302
9218	0.0412302326
9220	0.0519586047
9222	0.00455
9223	0.0431353488
9226	0.0052604651
9227	0.000096
9228	4.22891566265E-05
9229	0.0001476744
9230	0.000232
9234	0.2773197674
9235	0.0006453571
9237	0.0117640698
9238	0.0385443023
9240	0.038545
9241	0.0782493023
9242	2.1204973256
9244	0.0053183721
9245	0.0003080435
9246	0.0006952326
9248	0.0372773256
9249	0.1332895349
9250	0.0049108333
9251	0.063382907
9253	0.00068375
9254	1.72093023256E-05
9255	0.0030010667
9256	0.00003
9259	0.2372447674
9260	0.0001653086
9262	0.0023024419
9263	0.0053813953
9264	0.0017859302
9265	0.0087095349
9269	0.0330506667
9270	0.0166656977
9271	1.04225352113E-05
9272	0.00052
9273	0.0348025581
9277	0.0002157143
9278	0.000496
9279	0.0005859259
9280	0.0002482558
9281	0.0017175
9283	0.00098
9286	0.0045753012
9289	0.0109667442
9290	0.0081001163
9292	0.0007313636
9294	0.0002910714
9295	0.0004144444
9296	0.0002808333
9297	0.0009043077
9298	0.0020728205
9299	0.0002304762
9300	0.0008016667
9301	0.0003042105
9302	9.71428571429E-05
9303	0.1418055814
9305	0.0002157895
9308	0.0028531395
9309	0.1231355814
9310	0.0003
9312	0.0003959302
9313	7.66666666667E-05
9314	0.0154848
9316	0.00108
9317	0.0002971429
9318	0.0002685714
9319	0.0090654651
9320	0.0041720238
9321	0.015295814
9322	0.0005466667
9323	0.0011284211
9326	0.0009864865
9327	0.0735577907
9328	3.96511627907E-05
9329	0.0003685
9330	0.0006856061
9332	0.0311747674
9334	0.000272
9336	0.0105977049
9337	0.0128386047
9338	0.000243871
9339	0.0329242188
9340	0.0007685185
9341	0.0305402326
9342	0.0510159302
9343	0.0010464179
9344	4.35211267606E-05
9345	0.0871681395
9346	0.0004290476
9348	0.0014919048
9349	0.2792788372
9350	0.0004407692
9352	0.000442375
9353	0.000260625
9355	0.0011110976
9356	0.0008138462
9359	0.0046535714
9360	0.000532
9362	0.2478336047
9363	0.0001725
9364	0.0233060494
9365	0.0026858333
9368	0.001115
9369	0.003366988
9370	0.0005153061
9372	0.0317418605
9374	0.00077
9375	0.0405005814
9377	0.0002833333
9378	0.0075241304
9379	0.0005441791
9380	0.0798702326
9382	0.000785
9383	0.0039846512
9384	0.001505814
9386	0.0008509836
9387	0.5680248837
9388	0.0162465116
9390	0.00003
9392	0.0007592857
9393	0.0003264706
9394	0.0004545833
9395	0.0238040698
9396	0.0003484375
9398	0.0130675581
9399	0.0005267568
9400	0.0685883721
9402	0.0093823256
9403	0.1071365116
9404	0.0002675
9405	0.0003973333
9407	0.0253248235
9408	0.0002308108
9410	0.0001816667
9411	0.0004329091
9412	0.000092
9413	0.0009185714
9414	0.00008
9415	0.000234
9416	0.0032342857
9417	0.23213
9418	0.0002885714
9419	0.0430686047
9420	0.000258
9422	0.0005031818
9423	0.00017
9424	0.0014970732
9426	0.00007
9428	0.0340820455
9429	0.0004961111
9432	0.1012146512
9433	0.0007446296
9434	0.000615
9437	0.00001
9438	0.0636330233
9439	0.0259217442
9440	0.0433334884
9441	0.0007804225
9442	0.0006244444
9443	0.0031697674
9444	0.0292825581
9445	0.0001725
9447	0.0001951351
9448	0.00015
9449	0.0011631034
9450	0.0335326744
9451	0.0015226316
9452	0.0007183077
9453	0.009183253
9454	0.0008704918
9456	0.0006749091
9457	0.0049253488
9459	0.1591418605
9460	0.0002461538
9463	0.00021
9464	0.8759587209
9465	0.0620636047
9466	0.0005130769
9467	0.0003907843
9468	0.004144557
9469	0.0011085714
9470	0.0005353333
9472	0.0002233333
9473	1.93333333333E-05
9474	0.0645813953
9475	0.000838125
9476	0.0003378125
9477	0.0003766667
9479	0.0006614286
9481	0.0003174419
9482	0.00034
9483	0.0011808
9485	0.0025362963
9486	0.0027008642
9487	0.0036036905
9490	0.0003174419
9491	0.00027
9493	0.0068438372
9494	0.0002691667
9495	0.0097695238
9496	0.0008918841
9498	0.0034563014
9500	0.0003104762
9501	0.0026593333
9502	0.6312734884
9503	0.000117875
9504	0.1351925581
9505	0.0006398387
9507	0.004696125
9508	0.0103869767
9509	0.0002634783
9511	0.0007557143
9513	0.0012545333
9514	0.0202751163
9515	0.0007091935
9516	0.0968743023
9517	0.2045930233
9519	0.00041
9521	0.000334186
9522	0.1912690698
9524	0.0012833766
9525	0.0018234848
9526	0.0003783333
9527	0.0001514286
9531	0.000395
9532	0.0036642857
9533	0.0084432558
9534	0.0015921951
9535	0.4660702326
9536	0.0009869231
9537	0.000295
9538	0.0289987209
9539	0.0004232609
9540	0.0267675581
9541	0.0009865625
9542	0.00015
9544	0.0032154
9545	0.000365625
9547	0.0005963235
9548	0.0011935616
9549	0.0066230864
9550	0.069049186
9551	0.00186625
9552	0.2103631325
9553	0.0003109677
9554	0.0007406667
9555	0.0162867059
9556	0.0211234884
9557	0.0055956977
9558	0.0007823611
9559	0.278682907
9560	0.0012752326
9565	0.000605
9566	0.0019736364
9567	0.0001447059
9568	0.0024327083
9569	0.0031740244
9571	0.012409881
9573	0.5802872093
9575	0.0004554545
9577	0.000298
9578	0.000353
9579	0.0002774419
9580	4.54237288136E-05
9584	0.00045
9585	0.000345
9586	0.0100647674
9589	0.00019
9590	0.0508515116
9591	0.0005371739
9592	0.0003858
9593	0.0100945455
9594	0.0003626
9595	0.000634
9599	0.0010359649
9600	0.0002484615
9602	0.000255
9606	0.0002411111
9607	0.0010851613
9610	0.0275340698
9612	0.001015814
9613	0.0016225
9616	0.0003633333
9619	0.0002873684
9620	0.0001633333
9621	0.0235940698
9623	0.00062375
9625	0.0020556977
9626	0.0001683333
9628	0.0003436667
9629	0.0029724419
9631	0.000551875
9632	0.0003197143
9635	0.00043
9636	0.000263
9637	0.000061
9638	0.1477667442
9639	0.008637907
9640	0.0004189744
9641	0.000155
9642	0.1654865385
9643	0.3881445588
9644	0.000505625
9645	0.0179830952
9646	0.0001866667
9647	0.158544186
9648	0.0013808
9649	0.00026
9650	0.0005129545
9651	0.00044
9653	0.0008722973
9654	0.0045966279
9655	0.00014
9656	0.0008538462
9657	0.0334016867
9660	0.0096880233
9661	0.0003179167
9662	0.0005703125
9667	0.0004081481
9668	0.0032738235
9669	0.0330404651
9670	0.0033264634
9671	0.0023275581
9672	0.0037654098
9674	0.000238
9676	0.0799562338
9677	0.0002473333
9679	0.0040807229
9680	0.6285347674
9683	0.0005674026
9685	0.0488898837
9686	0.0007811111
9687	0.0013007792
9688	0.0001433333
9689	0.000274375
9690	0.0022697403
9691	0.000255
9692	0.0007982192
9693	0.000304
9696	0.0002821053
9697	0.0031894805
9698	0.0003716667
9700	0.0005816279
9701	0.004668642
9705	6.74117647059E-05
9706	0.0009321739
9708	0.0412839535
9709	0.0001857143
9710	0.0005805556
9711	0.0004
9713	0.0001375
9714	0.0014506349
9715	0.0005339583
9716	0.0001616667
9717	0.000412
9718	0.3462240698
9720	0.0008608219
9721	0.0014646053
9724	0.0555603488
9727	0.00083125
9728	0.0183982558
9731	0.0004188889
9732	0.0006957143
9733	0.0005233333
9734	0.0021098305
9737	0.0003227778
9738	0.0028258537
9739	0.0164760465
9740	0.0004057692
9742	0.0214003488
9743	0.0061
9744	0.000818125
9745	0.0003171429
9747	0.0599926744
9748	0.0006040625
9751	0.001074186
9753	0.0005666667
9757	0.0003341463
9758	0.0002435484
9759	0.0014915
9760	0.0005545238
9761	0.0155332558
9762	0.7281866279
9764	0.001912093
9765	0.00118
9766	0.0002066667
9767	0.0003137037
9768	0.0007053247
9771	0.0006388462
9773	0.0003272222
9776	0.0022587209
9777	0.0003895833
9778	0.0004267857
9779	0.0310724419
9781	0.0004328571
9784	0.0144623256
9789	0.000083
9792	0.0012213636
9793	0.000565
9796	0.0030767442
9798	0.0010546154
9801	0.0420633721
9802	0.00009
9803	0.0003404167
9804	0.0004471739
9805	0.0009761404
9808	0.0003712903
9809	0.0003574468
9811	0.0012545205
9812	0.0013369048
9815	0.0007672727
9816	0.000258
9818	0.019294186
9819	0.000163
9820	0.00029625
9821	0.005507093
9822	0.066919186
9825	0.0130516279
9826	0.0015418519
9827	0.0002808434
9828	0.0007164583
9829	0.0004216
9832	0.009266125
9833	0.0007991228
9835	0.0002548077
9836	0.000218
9837	0.0002788
9838	0.0005433333
9839	0.0019185714
9843	0.0026956579
9844	0.0002570732
9845	0.000666129
9846	0.0656457576
9847	0.009950122
9848	0.0001530769
9849	0.0011868421
9850	0.000295
9851	0.0003733333
9852	0.0005596386
9853	1.0780681395
9855	0.0014966667
9856	0.0170581395
9857	0.000440566
9859	0.0529388372
9860	0.0003997778
9863	0.0002459375
9864	0.00011
9865	0.0014133333
9867	0.01228
9868	0.00355
9869	0.000165
9870	0.003575
9871	0.0006428261
9873	0.0003572414
9874	0.0002062963
9875	3.96511627907E-05
9876	0.0402154651
9878	0.0011886047
9879	0.0002866667
9880	0.0001885714
9882	0.0005264151
9884	0.1027276744
9888	0.0029843038
9889	0.0013882716
9890	0.0004232432
9891	0.0002866667
9892	0.0479072093
9894	0.0009090323
9895	7.90697674419E-05
9896	0.0013794118
9898	0.0009351282
9900	0.0003964
9902	0.0098494186
9903	0.0003931034
9907	0.0024920482
9908	0.0003232143
9909	0.0005922727
9910	0.00007
9911	0.0007131429
9912	0.00043375
9913	0.0350530233
9914	0.0505906977
9915	0.000085
9916	0.005125679
9917	0.0318667442
9918	0.0676040698
9919	0.0277436047
9920	0.0005104545
9922	0.0015646667
9923	0.0013431169
9925	3.96511627907E-05
9927	0.0013039474
9929	0.000497551
9930	0.0002125
9931	0.00001
9932	0.0055092857
9934	0.0013814286
9935	0.0006067857
9936	0.0006076
9937	0.0008724419
9938	0.0388083721
9939	0.00035
9940	0.0045520732
9943	0.009354321
9944	0.0080417442
9947	0.0002978313
9948	0.00025
9951	0.0118082558
9952	0.0004435294
9954	0.0002570732
9956	0.0818966279
9957	0.0044132143
9958	0.0001257143
9959	0.0540380233
9961	0.0006475439
9962	0.003469759
9963	0.0078060465
9964	0.0022865432
9965	0.0007517949
9967	0.0005132258
9968	0.0083127059
9969	0.0002824
9971	0.1791295349
9972	0.02189
9973	0.0015329688
9976	0.0012686486
9977	0.0004222727
9978	0.0053889535
9979	0.0015091304
9981	0.0001525
9982	0.131100303
9984	0.00023
9987	0.0008549057
9988	0.00042
9989	0.0547102326
9992	0.0003064706
9997	0.0115554651
9998	0.4515476744
9999	0.0002175
10000	0.0179762791
10002	0.0001325
10003	0.000828125
10004	0.0002875
10006	0.0011202222
10011	0.0052394118
10012	0.0529187209
10013	0.0378416279
10014	0.0096059524
10016	0.0189054118
10017	0.0002951429
10020	0.2503028358
10021	0.0005568966
10022	0.0247909302
10023	0.0033853488
10028	0.0008536
10029	0.2301656977
10030	1.5230666279
10031	0.000015
10032	0.0002266667
10035	0.000366875
10036	0.000408
10039	0.00022
10040	0.0133559302
10043	0.0837274419
10047	0.000965
10050	0.0045539535
10051	0.0001633333
10052	0.0001844444
10054	0.0012151563
10055	0.0154448485
10057	0.0568584884
10060	0.0007078261
10061	0.0100655814
10062	0.0005441791
10063	0.001865
10066	0.0010403279
10067	0.0085065116
10068	0.0019507143
10069	0.0003567606
10070	0.1120610465
10072	0.0160727907
10073	0.0001755769
10078	0.0008595
10079	0.0033594186
10081	0.00039
10082	0.000368
10084	1.0866786047
10085	0.0535901163
10086	0.00046625
10087	0.0010233333
10088	0.1890863953
10089	0.0012694915
10091	0.003505
10092	0.0002247222
10093	0.000182
10094	0.0114168605
10095	0.011211519
10096	0.00052
10098	0.000579
10100	1.94736842105E-05
10101	0.0014826667
10102	0.0077004651
10103	0.00057875
10105	0.0011617284
10106	0.0029003704
10108	0.0187110465
10109	0.00001
10110	0.0005954545
10113	0.0007761538
10115	0.0003523636
10117	0.0028709589
10119	0.0002187879
10120	0.0312048837
10122	0.0008085
10123	0.0114518605
10124	0.025877907
10125	0.0143247674
10126	0.0018109375
10127	0.00009
10128	0.1300252326
10129	0.0008063235
10130	0.0025836
10133	0.0227048837
10134	0.0690811628
10135	0.0013588525
10138	0.0017020896
10139	0.0002033333
10141	0.0469639535
10142	0.0001249383
10143	0.0019125
10145	0.00037
10147	0.0489340698
10149	0.0100992405
10150	0.0051601429
10152	0.0005601852
10153	0.0005685714
10155	0.00028
10156	0.0012211111
10157	0.0020596512
10159	0.1598496512
10160	0.00041
10161	0.0028327907
10163	0.036327093
10164	0.002625974
10165	0.00014
10166	0.0559787209
10167	0.0004361446
10169	0.0556053488
10170	0.0207794186
10171	0.00167
10172	0.0633947674
10175	0.0011873913
10176	0.0002233333
10177	0.1974325581
10178	0.000275
10179	0.00077
10180	2.26086956522E-05
10183	0.0029804762
10184	0.00002
10185	0.002194881
10188	0.00016
10190	0.0013401408
10191	0.0005808333
10192	0.0008650877
10193	0.000205
10195	0.0084216279
10196	0.000873125
10197	0.0010039024
10198	0.0004875
10199	0.000412069
10201	0.00055
10202	0.0003557895
10204	0.0002864286
10205	0.470369186
10207	0.000575
10208	0.0012390323
10209	0.0114613953
10210	0.0121224419
10211	0.0014511392
10212	0.000447541
10214	0.0032487209
10216	1.94736842105E-05
10217	0.00182
10218	0.0014446341
10219	0.0018230233
10221	0.0026254667
10222	0.0001225
10223	0.0002058333
10224	0.0150397917
10227	0.000835
10228	0.0003575
10230	0.0002258824
10231	0.000368
10232	0.0006655556
10233	0.0002145455
10234	0.0029183133
10235	0.0004304839
10236	0.1280810465
10238	0.0015128125
10240	0.0005781818
10241	0.0002668966
10244	0.002634058
10246	0.000806
10247	0.0003666667
10248	0.00086
10249	0.0006043548
10251	0.0004437255
10255	0.00138625
10256	0.0650068605
10257	0.0005326829
10260	0.0012534884
10262	0.251797093
10264	0.000391
10266	0.0153948235
10270	0.0003117241
10271	0.0003649123
10273	0.0036008642
10274	0.0006756667
10276	0.00036
10277	0.000285
10278	0.0002633333
10280	0.0006695455
10284	0.066484186
10286	0.0002968
10288	0.0004265217
10292	0.000155
10293	2.26086956522E-05
10295	0.0021065714
10296	0.1067197674
10297	0.0003463636
10299	0.000443871
10304	0.0318318605
10306	0.0004735897
10309	0.0002535714
10311	0.0049249412
10314	0.0011892424
10315	0.00027
10316	0.6516684884
10317	0.1087033721
10318	0.0006268421
10320	0.000416
10325	0.0002053333
10327	0.0002485714
10328	0.000074
10330	2.26086956522E-05
10332	0.0002690909
10333	0.0071278689
10334	0.0002523077
10336	8.94186046512E-05
10337	0.000085
10338	0.1924633721
10339	0.0011886047
10340	0.019146125
10343	0.0413674419
10345	0.0002517391
10346	0.0009584932
10351	0.0004884615
10355	0.0007845455
10356	0.001375
10358	0.0446132558
10364	0.0005375
10365	0.0234923256
10367	0.0021238824
10370	0.00042
10371	0.0014
10373	0.0001586667
10374	0.0005613953
10375	0.000211875
10376	0.000074
10378	0.0014197619
10379	0.0007464286
10383	0.0005010256
10384	0.0256540698
10386	0.0025333333
10388	0.0029402899
10389	3.96511627907E-05
10391	3.96511627907E-05
10392	0.0723360465
10393	0.00007
10394	0.000164
10396	0.00015
10399	0.000702
10400	0.0002145
10402	0.000802987
10403	0.00034
10404	0.0007984615
10405	0.003692381
10408	0.4649310465
10410	2.26086956522E-05
10411	0.0029053165
10412	0.0004844444
10414	0.0985034426
10415	0.000614
10417	0.0005098795
10419	0.00022
10420	0.0487104651
10421	0.0004092308
10422	0.0001755556
10423	0.000270625
10424	0.0006105263
10425	0.0131032394
10426	0.0005796667
10427	0.0020669512
10429	0.00061
10430	0.0004991176
10431	0.0006897826
10434	0.00078
10436	0.0005892308
10437	3.33823529412E-05
10438	0.00018
10439	0.0158277647
10440	0.0002635
10444	0.0004383333
10445	0.0133840698
10446	0.0003893617
10448	0.0005494545
10449	0.000442
10451	0.0098380233
10452	0.0001947059
10453	0.0108997674
10454	0.019572907
10456	0.0003538235
10457	0.0009306897
10458	0.0004568852
10459	0.0002275
10463	0.0036853488
10464	0.0005551282
10465	0.0004016279
10467	0.0013827907
10474	3.96511627907E-05
10475	0.0505906977
10477	0.0006910714
10478	0.0004695918
10479	0.000259
10483	0.0035375581
10485	0.0058921053
10486	0.0196967901
10487	0.0003684615
10488	0.000155
10489	0.0004216
10490	0.000258
10491	0.0004003846
10492	0.0002308108
10497	0.00025
10499	0.00028
10500	0.0472330233
10501	0.0021162963
10502	0.0004279245
10503	0.0318011628
10506	0.0015561111
10507	0.0005848485
10508	0.0138710465
10510	0.0003155556
10512	0.0118595349
10513	0.0001709091
10514	0.0089798333
10515	0.00027
10516	0.0035308772
10517	0.000304
10518	0.0220767059
10519	0.000407
10520	7.90697674419E-05
10521	0.0399159091
10522	0.0161665116
10526	2.68333333333E-05
10527	0.2532777907
10528	0.0003959302
10531	0.0026860465
10532	0.00001
10533	0.00027
10534	0.0007068889
10535	0.0006075
10539	0.0004153659
10540	0.002372907
10545	0.0007415625
10546	0.011864186
10547	0.0006876812
10548	0.0167220833
10549	0.0141755814
10551	0.0003565957
10553	0.0002257143
10556	0.0004173333
10557	0.0062304615
10561	0.000432381
10562	7.83333333333E-05
10563	0.002630814
10566	0.000665
10567	0.0023488372
10568	0.0591415116
10569	0.0001477778
10571	0.0053489535
10573	0.0008670909
10575	0.0003007407
10576	0.0006739535
10577	0.000832907
10578	0.0003175
10579	0.0436513953
10584	1.0895928571
10585	0.0033334884
10587	0.0024419048
10592	0.0015335135
10593	0.0006434483
10594	0.0004313559
10596	0.0002106667
10597	0.00016
10598	0.0005701786
10600	0.0008388889
10603	0.0003773333
10605	0.0006309091
10606	5.1140363954
10607	0.0007814063
10609	0.0009456522
10611	0.001188
10612	0.001912093
10613	0.0014324051
10615	0.00092375
10616	0.000235
10617	1.93333333333E-05
10618	0.0013457576
10619	0.0174568605
10620	0.0001555556
10621	0.6217139535
10622	0.000415
10624	0.0027732558
10625	0.01555525
10626	0.0133840698
10630	0.0001771429
10632	0.0085065116
10634	0.00036
10635	0.300575814
10636	0.0003351515
10637	0.0007691781
10638	0.0095495349
10639	0.0005713333
10640	0.04983
10642	0.1147322093
10643	0.0003557895
10645	0.000595
10646	0.003505
10647	0.0005336538
10648	0.0014285882
10649	0.0005074286
10650	0.015295814
10652	0.0027284507
10653	0.000474
10654	0.2667219767
10657	0.0002133333
10659	0.0004415517
10660	0.0003855556
10662	0.0283611628
10665	0.0011517391
10667	0.000625641
10668	0.00021
10669	0.0005745455
10670	0.00156875
10671	0.0003265217
10674	0.0002865217
10675	0.0008008065
10676	0.0370069412
10677	0.0117746429
10678	0.0040422093
10679	0.0506677907
10681	0.0005722078
10684	0.0004407143
10687	0.0003634211
10688	0.0136844186
10690	0.0015830556
10691	0.0003
10692	0.0011817333
10693	0.00002
10694	0.00058
10695	0.0007244828
10696	0.0013616
10700	0.000895
10701	0.00016
10702	0.0004632653
10705	0.000375
10707	0.0007226
10708	0.0001395
10709	0.0965260465
10711	0.0002316667
10712	0.000315122
10714	0.0021975581
10715	0.0005076667
10716	0.0009021739
10718	0.00002
10719	0.000231
10720	0.000295
10723	0.0922063953
10725	0.0008886667
10726	0.0030795349
10727	0.7165298837
10728	0.0139916279
10730	0.0016724324
10732	0.00015
10733	0.0016884211
10734	0.0136077778
10735	0.00028
10738	0.0060232558
10739	0.0508594186
10741	0.0003852941
10742	0.0006997143
10743	0.0387711628
10745	0.0008498592
10746	0.0010861972
10747	0.0003027778
10750	0.0006740964
10752	0.0122090698
10754	0.0009164
10757	0.0014417742
10758	0.000361
10759	0.002127625
10763	0.0011783607
10764	0.00106075
10765	0.000851791
10769	0.0064984337
10770	0.0470987209
10771	0.0005669231
10774	0.0001652632
10775	0.0766071084
10777	0.0002773333
10778	0.0006425
10779	0.000107
10782	0.0124125581
10783	0.0005257143
10788	0.0001348837
10789	0.0115776667
10790	0.004268
10792	0.0001858333
10797	0.0000925
10798	0.0070603509
10799	0.001984
10800	0.0929333333
10802	0.0007880645
10803	0.0503219767
10804	0.0003731579
10806	1.93333333333E-05
10807	0.1978926744
10808	0.000302
10809	0.0072290698
10811	0.0007315278
10814	0.000074
10815	0.0019093506
10818	0.0086037209
10820	0.0210814286
10824	0.0008766667
10825	0.0006372093
10826	0.6428711628
10827	0.0048504348
10828	0.0006666667
10829	0.00644225
10830	0.0002375581
10831	0.0077976744
10835	0.0028205814
10836	0.003301
10837	0.0002820833
10839	3.96511627907E-05
10841	0.0011307692
10845	0.0711852326
10848	0.000265
10851	0.0002983333
10852	0.0005021429
10856	0.0006439394
10857	0.003755
10861	0.0002035294
10864	0.0004536842
10867	0.0015276471
10868	0.0001996154
10869	0.0007991803
10870	0.0008911111
10871	0.0012901163
10872	0.0121473256
10874	0.0003026316
10876	0.0016521176
10877	0.0312023256
10878	0.000435
10880	0.0087304651
10881	0.0239759302
10882	0.007984186
10883	0.0027152632
10884	0.0015452941
10888	0.0011862857
10889	0.0199662791
10890	0.0053923256
10891	0.0028326829
10892	0.0085257647
10894	0.00058125
10895	0.0007406329
10896	0.00114675
10898	0.0005160714
10900	0.0015585526
10901	0.0016024051
10902	1.96428571429E-05
10904	0.000943
10905	0.0007115116
10906	0.0168865116
10908	0.0088946667
10914	0.0180110465
10915	0.4726023256
10917	0.0005458333
10919	0.0002135294
10920	0.0014225581
10922	0.0040348649
10924	0.0003915
10927	0.0140726744
10928	0.0140726744
10929	0.0168865116
10930	0.0028279487
10931	0.0007115116
10933	0.0168865116
10934	0.0062852941
10936	0.0003558621
10937	0.0004643636
10938	0.0024898837
10939	0.0007115116
10940	0.000412549
10941	0.0002908824
10942	0.0007115116
10943	0.00530875
10944	2.3149248837
10945	0.0010852857
10946	0.0012142857
10947	0.0832348837
10948	0.0050867442
10949	7.63953488372E-05
10950	0.0014225581
10951	0.001965
10952	0.0005365789
10953	0.0025238824
10954	0.2794403488
10957	0.0042683721
10958	0.0007115116
10959	0.0011982558
10960	0.0256112791
10961	0.0002
10963	0.0005064706
10964	0.0017787209
10965	0.0004904545
10968	0.0025842308
10969	0.0040354651
10972	0.0003829851
10977	0.0002030769
10978	0.0035810714
10979	0.00053
10981	0.0007115116
10982	0.0007927778
10984	7.63953488372E-05
10985	0.0007944262
10986	0.0001322222
10987	0.0003015556
10988	0.0003651351
10991	0.004542093
10992	0.0025978788
10994	0.0014008163
10995	0.0002163889
10996	0.0003762791
10997	0.00297
10998	0.5473848837
10999	0.0007115116
11001	0.1334026744
11003	0.00025
11004	0.0007115116
11005	0.0018984416
11007	0.0048777907
11011	4.3751506977
11012	0.0007115116
11014	0.0022375904
11015	0.0006247368
11018	4.57142857143E-05
11019	0.0105261905
11020	0.0019882051
11023	0.0197236047
11025	0.0010649254
11026	0.0084436047
11027	0.0046240698
11030	0.0002355738
11031	0.0011983133
11032	0.0019486441
11034	0.000646383
11035	0.0002472093
11036	0.0691417442
11037	0.0013909589
11038	0.0010493671
11039	0.0046240698
11040	0.0003917647
11042	0.002584881
11043	0.0083311111
11045	0.0019139394
11046	0.0007115116
11047	0.020877093
11051	0.030402907
11052	0.00066125
11053	0.0004136111
11054	0.0007524419
11058	0.0002513115
11059	0.0005784615
11061	0.0014229167
11065	0.0004295238
11066	0.0181930864
11070	0.0084622581
11072	0.0268462791
11074	0.0016255932
11075	0.0689334884
11076	0.0039554545
11079	0.0009708824
11080	0.003520814
11081	0.0116590698
11082	0.016677093
11083	0.0010682609
11084	0.0069282667
11085	0.0007524419
11086	0.0065793976
11087	0.0006389535
11088	0.1134695349
11089	0.0268336364
11092	0.0045730233
11093	0.011257907
11095	0.0007115116
11097	0.0007115116
11098	0.0042683721
11099	0.0005287879
11102	0.0007115116
11103	0.0121186047
11104	0.0004024
11105	0.4327412791
11107	0.0005641379
11108	0.0004725532
11110	0.0014225581
11111	0.0014225581
11114	0.0040354651
11115	0.6448896512
11117	0.0011607143
11118	0.000509
11119	0.0007326087
11121	0.000185
11122	0.0045246512
11123	0.0222366279
11124	0.0163482558
11126	0.000346383
11127	0.0100098837
11128	0.0003617021
11132	0.0007115116
11133	0.0028010959
11134	0.0064521176
11136	0.0046895294
11139	0.002963253
11142	0.0010076
11143	0.0037163889
11149	0.0187516279
11150	0.0007115116
11153	0.0010546988
11154	0.1293348837
11156	0.0001623077
11157	0.0027012987
11159	0.000764375
11162	0.01114
11163	0.0025802128
11164	0.2180396512
11166	0.0006129412
11167	0.00033
11168	0.0098804167
11169	0.0009378667
11170	0.00025
11171	0.0007115116
11173	0.0037863953
11174	0.00031225
11176	0.0005731373
11178	0.0054709091
11180	0.0115837209
11181	0.016677093
11182	0.0004283333
11183	0.0040145122
11184	0.0020417647
11185	0.0082421154
11187	0.0014225581
11190	0.001749
11192	0.0028631111
11193	0.0007277778
11196	0.0008255405
11197	0.0009152564
11199	0.00030875
11201	0.0084436047
11202	0.0140726744
11203	0.0028148837
11204	0.0005986957
11205	0.0096084706
11206	0.0007115116
11207	0.0003554545
11208	0.00085
11211	0.0007115116
11212	0.0006711864
11213	0.2949069767
11214	0.0029609877
11216	0.000265
11217	0.0004015254
11218	0.0021269014
11219	0.0007790789
11221	0.0205988889
11222	0.00024875
11223	0.0056288372
11224	0.0309588372
11225	0.0168865116
11226	0.001247
11227	0.0010672093
11228	0.0038277941
11229	0.000709878
11230	0.0003310256
11231	0.0007115116
11232	0.0001366667
11233	0.0693411628
11235	0.0002888636
11236	0.0723494186
11238	0.0007115116
11240	0.0418265116
11241	0.0010697297
11243	0.0056859302
11244	0.0038008108
11245	0.1469775581
11247	0.000435
11249	0.0001638182
11250	0.0002229167
11251	0.0005182222
11256	0.00021
11257	0.0025978788
11258	0.0013610959
11260	0.0086605882
11266	0.0025263529
11268	0.0004596296
11271	0.0113135294
11272	0.3432538372
11275	0.3305202326
11276	0.0004541176
11277	0.0001305952
11278	0.0120882716
11279	0.0176385714
11281	0.0045218605
11285	0.0008843478
11286	0.0047161628
11290	0.0006177108
11295	0.0004552
11296	0.0034438554
11301	0.0038509302
11303	0.0045488372
11304	0.0023809524
11307	0.0007401613
11308	0.0009811765
11310	0.0016091176
11311	0.075355814
11312	0.0004008333
11313	0.0006181818
11314	0.0007115116
11318	0.0004492982
11320	0.0276339535
11323	0.0113823256
11324	0.0168865116
11325	0.0016972973
11327	0.0007524419
11328	0.00011
11330	0.0005762857
11332	0.0002925
11334	0.0152428571
11335	0.7353401163
11338	0.204984186
11339	0.0160595349
11342	0.0075975294
11344	0.0007115116
11346	0.0025510465
11349	0.0023516049
11351	0.0007115116
11354	0.0021435849
11356	0.0028456977
11357	0.0007115116
11358	0.0007115116
11361	0.0028148837
11362	0.0137595349
11365	0.0102654651
11367	0.0003803571
11369	0.0070184524
11371	0.0006963492
11372	0.0096663043
11374	1.96428571429E-05
11379	0.0001838462
11380	0.0949730233
11383	0.4799232558
11385	0.0003122449
11387	0.0011383099
11388	0.00042
11389	0.0697323256
11393	0.0005105882
11398	0.0010754839
11399	0.0005942188
11402	0.0056288372
11404	0.00026
11407	0.0131737209
11409	0.0128695349
11410	0.0029737313
11411	0.000545625
11412	0.1721062791
11413	0.0009327143
11414	0.00027125
11415	0.0005481481
11419	0.0004532727
11422	3.27142857143E-05
11423	0.0006170588
11424	0.0679468605
11427	0.0006701389
11428	0.0017787209
11429	0.0058169231
11431	0.1142182558
11433	1.52380952381E-05
11435	0.0003826829
11436	0.3273681395
11437	0.000624359
11438	0.0009718667
11440	0.0026108537
11441	0.0059953425
11443	0.0007115116
11444	0.0007465823
11447	0.0101461628
11448	0.0007567213
11451	0.003522907
11454	0.0007115116
11457	0.0045806977
11458	0.0008526087
11462	0.0007115116
11463	0.0099693023
11464	0.00009
11465	0.0002438462
11467	0.0043201449
11469	0.0017372222
11471	0.0140726744
11473	0.0005010204
11475	0.0017421687
11476	0.0038883721
11478	0.0003896552
11481	0.0019001235
11486	0.0922402326
11488	0.000552
11489	0.3052417442
11493	0.0003061905
11495	0.000178
11496	0.0046656977
11497	0.8402633721
11499	0.0925438372
11500	0.0003872881
11501	0.0010868657
11502	0.0008704286
11504	0.0019255556
11508	0.0143475
11509	0.0007115116
11510	0.0168865116
11511	0.011257907
11513	0.0003435294
11514	0.0003907547
11518	0.0007115116
11519	0.0016934921
11521	0.0006127586
11523	0.0077497674
11527	0.0024898837
11529	0.0004247727
11530	0.0005318182
11532	0.0007115116
11533	0.0011676812
11536	0.0003975862
11538	0.0007115116
11540	0.0071893023
11541	0.0004191765
11543	9.10126582278E-05
11545	0.0097047059
11546	0.0140726744
11547	0.0014828
11550	0.0043673684
11551	0.0121052381
11552	0.0009537209
11554	0.0113552941
11556	0.0003254167
11557	0.0008905882
11562	0.000865
11563	7.63953488372E-05
11565	0.0007115116
11566	1.96428571429E-05
11568	0.0010126923
11569	0.001115
11570	0.0026859524
11572	0.0009968571
11573	0.011177375
11575	0.00088275
11581	0.0009144706
11582	0.0002256
11586	0.0074586905
11594	0.0178690698
11595	0.000239434
11597	0.0139492941
11599	0.3211909302
11601	0.0026694048
11607	0.0310106977
11611	0.0011812329
11613	0.0009534783
11614	0.0012501299
11615	0.0038023256
11616	0.0010045
11617	0.0003841509
11619	0.0010672093
11620	0.00026
11626	0.0210006977
11628	0.0140726744
11629	0.0015277778
11632	0.0009868605
11635	0.0012825
11636	0.0002538889
11639	0.0039079412
11644	0.0004505556
11645	0.0025222353
11646	0.0007115116
11647	0.0012214286
11648	0.066997093
11649	0.0003847826
11650	0.000212
11651	0.0010672093
11653	0.0061387013
11654	0.0006302667
11657	0.0013164
11659	0.0007115116
11661	0.0006802381
11663	0.0181092
11664	0.0190509302
11670	1.96428571429E-05
11671	0.0004433333
11681	0.0010112676
11682	0.0005486842
11684	0.0009733333
11690	0.000434375
11695	0.0028354878
11697	0.011257907
11698	0.0011276471
11699	0.0007548101
11700	0.0020762821
11704	0.000587541
11705	0.0011091228
11706	0.0033613793
11707	0.0045116279
11708	0.0006388372
11711	0.004527093
11714	0.0006309302
11719	0.0028148837
11721	0.0045712791
11722	0.000227
11723	0.2221367442
11725	0.0027191667
11727	0.000208125
11729	0.00913
11730	0.0016665217
11735	0.0005698387
11736	0.0003519048
11738	0.0003829851
11743	0.0009531818
11747	0.0045315556
11748	0.1805794186
11749	0.0048346429
11751	0.0002175
11754	0.0007115116
11756	0.0009404
11757	0.0012371831
11762	0.0046111628
11763	0.0140726744
11765	0.0510932558
11766	0.0048155
11767	0.0009712857
11768	0.00015
11770	0.0002890909
11772	0.0510932558
11775	0.000348
11776	0.0037021154
11777	0.011257907
11781	0.0106509302
11782	0.0021602667
11783	0.0010991892
11784	0.001168
11790	0.0004329091
11791	0.0002478689
11792	0.0002388889
11793	0.0007115116
11796	0.2019726667
11800	0.0002521311
11801	0.00032
11807	0.0037051163
11808	0.4713509302
11810	0.0058738824
11811	0.0004311864
11820	0.0007115116
11821	0.0241523684
11826	0.0032495349
11827	0.0007115116
11829	0.0005739535
11831	0.1456140698
11833	4.78205128205E-05
11835	0.0010672093
11836	0.011257907
11837	0.0197015116
11839	0.0004238462
11840	0.0197015116
11841	0.0025222353
11843	0.0140726744
11845	0.0017004167
11846	0.0197015116
11848	0.0013679487
11850	0.070075814
11851	0.0005122368
11853	0.0044748837
11857	0.0008744444
11858	0.0010630233
11860	0.000196
11861	0.4717888372
11862	0.0007524419
11863	0.0003166667
11865	0.0001
11867	0.00078
11868	0.0002426667
11871	0.0007115116
11872	0.0005261538
11873	0.00131
11875	0.0025134146
11876	0.0026677381
11877	0.0858565116
11878	0.00057
11879	0.0131995294
11884	0.0002571429
11886	0.0005075
11887	0.0004533871
11890	0.0018314634
11891	0.0009867105
11893	0.0007705556
11895	0.0014541558
11897	0.02189
11903	0.0003602381
11904	0.0012708
11905	0.0006249315
11907	0.0003836111
11910	0.0147775
11911	0.0007115116
11914	0.0025222353
11917	0.0016679167
11919	0.031939186
11923	0.0005202083
11924	0.0131345349
11925	0.0007115116
11928	0.0152989535
11929	0.1155054651
11932	0.0002870313
11934	0.0010672093
11935	0.0039852326
11938	0.0007115116
11939	0.0238958824
11942	0.0008665455
11944	0.0003422581
11946	0.0007274
11949	0.0003725
11950	0.0004112121
11951	0.1284768605
11952	0.0040712791
11953	0.0020433333
11954	0.0002288235
11955	0.0040354651
11959	0.0026294118
11961	0.0005028571
11964	0.000186
11965	0.0010485455
11969	0.0008828571
11970	0.002354881
11971	0.0007115116
11972	0.0693889535
11973	0.0003140741
11976	0.0466747674
11977	0.0013716
11981	0.0005221053
11984	0.0297613953
11985	0.0002742857
11987	0.0221887059
11989	0.0018776389
11992	0.0038747917
11995	0.0003867391
11997	0.0006602381
11998	4.4344244444
12000	0.0001638182
12003	0.0007807246
12004	0.0097944186
12006	0.0085665116
12007	0.0005372414
12009	0.0012223529
12010	0.0002077215
12013	0.0003534615
12015	0.0016775581
12021	0.0002915789
12022	0.0074988462
12023	0.0042183721
12025	0.06696
12026	0.008588375
12029	0.003557093
12030	0.0004725532
12032	0.0002504918
12037	0.0019975
12038	0.000615
12040	0.0006464
12042	0.0045326744
12046	0.011257907
12047	0.0216181395
12052	0.0009566667
12054	0.0009495652
12055	0.0006766
12056	0.0007115116
12058	0.0008814634
12059	0.0003311111
12060	0.0025441176
12061	0.000418125
12063	0.0009747059
12064	0.0003009091
12068	0.0011668657
12074	0.3362189535
12076	0.0002454545
12081	7.63953488372E-05
12085	0.0010763636
12088	0.0006507273
12090	0.0002530556
12091	0.0005286
12092	0.087092093
12093	0.0036689535
12098	0.0003507143
12101	0.0023832432
12103	0.0027054651
12104	0.0001595349
12105	0.0038269136
12107	0.0002163636
12108	0.0058391765
12111	0.0006640351
12113	0.003117907
12114	0.0202768605
12115	13.7175759302
12116	0.00114
12117	0.0265353488
12118	0.0205497297
12120	0.0064706977
12121	0.0013143023
12122	0.0037547674
12123	0.0037547674
12124	0.000250814
12126	0.001758125
12127	0.0018820253
12128	0.0018075
12130	0.0904572093
12131	0.0077551163
12132	0.0005557333
12133	0.001627093
12134	0.0007330159
12135	0.0088226744
12136	0.0007830864
12137	0.0070589535
12138	0.0033396203
12139	3.74117647059E-05
12140	0.0068840698
12141	0.0002438095
12142	0.0073846512
12143	0.0007357143
12145	0.002127907
12146	0.0025033721
12147	0.0001133333
12148	0.0291488372
12149	0.036297907
12150	3.94871794872E-05
12151	0.000327
12152	0.0004611628
12153	0.0096373256
12154	0.001696625
12155	0.0001961905
12156	0.0295906977
12157	0.0008007895
12158	0.0185244186
12159	0.0004066667
12161	0.0017318605
12162	0.0264695349
12163	0.0008473256
12165	0.013137093
12166	0.0002894595
12168	0.0070089535
12169	0.0013452326
12170	0.000250814
12171	0.001795625
12172	0.002127907
12173	0.0076465116
12174	0.0290197674
12175	0.00003
12176	0.0122661628
12177	2.10526315789E-05
12178	0.0291304651
12179	0.2375274419
12180	0.0041936905
12181	0.0365968605
12182	0.00038
12184	0.0027536047
12185	0.000196
12186	0.0004247619
12187	0.0030038372
12188	0.0015023256
12190	1.90243902439E-05
12192	0.0288217442
12193	0.4945254651
12194	0.0002394186
12195	0.00168225
12196	0.0014737209
12197	1.90243902439E-05
12201	0.0028148837
12202	0.0001109302
12203	0.0470569767
12204	0.0004076923
12205	0.0011271429
12206	0.000026
12207	0.00073
12208	0.0001075
12209	0.0017335
12210	0.0072597674
12211	0.0217637209
12212	0.0026281395
12213	0.0290567442
12214	9.23255813953E-05
12215	0.0327144186
12216	0.0004590541
12217	0.00055
12218	0.0040052326
12219	0.0122661628
12220	0.0005876316
12221	0.0061332558
12223	0.0015655814
12224	0.0135287209
12225	0.0045543023
12226	0.001877907
12227	0.0096373256
12228	0.0097630233
12229	0.0697718605
12230	0.0027536047
12232	0.1816867442
12233	0.0022728571
12234	0.0068840698
12235	0.0005342105
12236	0.0001554545
12237	0.00085475
12238	0.0029031325
12239	0.025292907
12240	0.000965
12241	0.0002986667
12242	0.001580625
12243	0.003055
12244	0.0028788372
12245	0.0155201163
12246	0.0640844186
12248	0.0003479167
12249	0.0010009302
12250	0.0185244186
12251	0.003379186
12252	1.3641734884
12254	0.0305398837
12255	0.013642907
12256	0.0222259302
12257	0.0030038372
12258	0.0012134884
12259	0.0025033721
12260	0.001176087
12261	0.00186825
12262	0.0011265116
12263	0.0290197674
12264	0.0078852326
12265	0.001918125
12266	0.0051316279
12267	0.000372
12268	0.0046309302
12269	1.90243902439E-05
12270	0.0010009302
12271	0.0270580233
12272	0.0094113953
12273	0.00022
12274	0.0029976
12275	0.0035045349
12276	0.0015105814
12277	0.002002093
12278	0.0140114583
12279	0.0025033721
12280	8.81818181818E-05
12281	0.0082772581
12283	0.0001866667
12284	0.0013767442
12285	0.001627093
12286	0.0015161628
12287	0.00041
12288	0.0323511628
12289	0.0065084884
12291	0.0002707692
12292	0.0282339535
12293	0.0179422093
12294	0.0007511628
12295	0.0291526744
12296	1.90243902439E-05
12297	0.023405814
12299	0.0170581395
12301	0.00180975
12302	0.0006245833
12303	0.0008473256
12304	0.0014801266
12305	0.002002093
12307	0.0206518605
12308	0.0005222222
12309	0.0035045349
12310	0.1673452326
12311	0.003379186
12312	0.0009768605
12313	0.0047560465
12314	0.1667640698
12315	0.00062
12316	0.0027637209
12317	0.0011522368
12319	0.0027536047
12320	0.0010322093
12322	0.0010106
12323	0.00129
12324	0.002252907
12325	0.000557931
12326	0.0007830864
12327	0.00446375
12328	0.0002707692
12329	0.0057574419
12330	0.0282339535
12331	0.002127907
12332	0.0002071429
12333	0.0030038372
12334	0.0005230667
12335	0.00007
12337	0.0007830864
12338	0.022884186
12339	0.0001714286
12340	0.0065625581
12341	0.0517638372
12342	0.0067917722
12343	0.0100001163
12344	0.0085692308
12345	0.0022718182
12346	0.0001476744
12347	0.0082351163
12348	0.0043812791
12349	0.0011560759
12350	0.0015058228
12351	0.0006078261
12352	0.0050855814
12353	0.0013634884
12354	0.0006265116
12355	0.0027536047
12356	0.0049197674
12357	0.0058830233
12358	0.0014922785
12360	0.0082351163
12361	0.0833687209
12362	0.0002958824
12363	0.0085865116
12364	0.0025
12366	0.0027819767
12367	0.0086442857
12368	3.33333333333E-05
12369	0.0030038372
12370	0.0005222222
12371	0.1688472093
12373	0.0100001163
12375	0.00025
12377	0.0448089535
12378	0.0006262791
12379	0.0126412791
12380	0.0005758333
12381	0.0129304839
12382	0.0048817442
12383	0.0080105814
12384	0.0027746429
12385	0.0076347674
12386	0.000829186
12388	0.0075101163
12389	0.0176465116
12390	0.0005006977
12391	0.0485640698
12392	0.000250814
12393	0.0003092
12394	0.0028788372
12395	0.0077551163
12396	0.0006626667
12397	0.0177732558
12398	0.00041
12399	0.0000912
12400	0.0680896512
12401	0.0002483562
12402	0.025292907
12403	0.0007183721
12404	4.63636363636E-05
12405	0.0103480233
12406	0.0670565116
12407	0.0012944304
12408	0.0002447619
12409	0.00133
12410	0.011765814
12411	0.0004495238
12413	0.0496897674
12414	0.0002022093
12415	0.0015023256
12416	0.0102632558
12417	0.0016861538
12418	0.0032795181
12419	0.0009193548
12420	0.5422790698
12421	0.000250814
12424	0.0010440741
12425	0.0037547674
12426	0.0106681395
12427	0.0014369767
12428	0.0178724419
12429	0.0082351163
12430	0.0100133721
12431	0.0002707692
12432	0.0081784706
12434	0.0117648837
12435	0.000375
12436	0.003169186
12439	0.0088226744
12440	0.0017517442
12441	0.011349186
12442	0.0002642857
12443	0.002252907
12444	0.000445
12445	0.0037332813
12446	0.0025033721
12447	0.0118911628
12448	0.094499186
12449	0.001980625
12450	0.0008473256
12452	1.90243902439E-05
12453	0.0097651163
12454	0.0011265116
12455	0.0100133721
12456	0.0018973256
12459	3.74117647059E-05
12461	0.004183038
12462	0.0225296512
12463	0.000032
12464	0.013642907
12465	0.0023255814
12466	0.0290567442
12467	0.0132669767
12469	0.0076465116
12470	0.0249293023
12471	0.0001066667
12472	0.0064706977
12474	0.00001325
12475	0.0076465116
12476	0.002002093
12477	0.0084436047
12478	0.000588
12479	0.0099130233
12480	0.008752093
12481	0.0128915116
12482	0.000325
12483	0.0379904651
12484	3.74117647059E-05
12486	0.0126412791
12487	0.0077551163
12489	0.0443082558
12491	0.0022733333
12492	0.001206
12493	0.0053817442
12494	0.0464689535
12495	0.0000175
12496	0.0164701163
12497	0.0015008333
12498	0.00037375
12499	2.4259159302
12500	0.0077601163
12501	0.0100001163
12502	0.0051316279
12503	0.001357
12504	0.0015125316
12505	0.0004438095
12506	0.025869186
12507	0.0161459302
12508	0.0028313953
12509	0.0003313953
12510	0.0057574419
12511	0.0082351163
12512	0.0152934884
12513	0.0550722093
12515	0.002002093
12516	0.0148940698
12517	7.39534883721E-05
12518	0.0129411628
12519	0.0268822093
12520	0.0015847674
12521	0.0017686047
12522	0.0046309302
12523	0.0003128571
12524	0.0007830864
12525	0.0037547674
12526	0.0008566667
12527	0.0003756977
12528	0.0013207143
12529	0.0391768605
12530	0.0028788372
12532	0.0118911628
12533	0.0442853488
12534	0.0023255814
12535	0.0065265385
12536	0.0190087209
12538	0.0053817442
12539	0.0005
12540	0.0003756977
12542	0.001215
12543	0.0147056977
12544	0.0035045349
12545	0.0351712791
12546	0.04944
12547	0.0210277907
12548	0.0011236709
12549	0.0110139535
12550	0.0011265116
12551	3.74117647059E-05
12552	0.002127907
12553	0.000497907
12554	0.0018789535
12555	0.0006265116
12556	0.0040052326
12557	0.0002395
12558	0.002127907
12559	0.0075101163
12560	0.0002572
12562	0.0064706977
12563	0.0782325581
12565	0.0005578667
12566	0.0290567442
12568	0.0012897674
12569	0.002002093
12570	0.0022595
12572	0.0875895349
12573	0.001144375
12574	0.0006960714
12575	0.0082351163
12576	0.0317640698
12577	0.0001633333
12578	0.0131172222
12581	0.0002631818
12583	0.0190517442
12584	0.0112647674
12585	0.0658523256
12586	0.0003501163
12587	0.0046309302
12588	0.0003127907
12589	0.0075101163
12590	0.0117648837
12591	0.0070089535
12592	0.0023782558
12593	0.0116406977
12594	0.0001476744
12596	0.000252381
12597	0.0005715152
12598	1.90243902439E-05
12599	0.0008924359
12600	0.0009352326
12601	0.003957907
12602	0.0010848684
12603	0.0041458025
12605	6.98837209302E-05
12606	0.0060887209
12607	0.0041733333
12608	0.0008422727
12609	0.0082351163
12610	2.3227894186
12612	0.00062
12613	5.94186046512E-05
12614	0.0038656627
12615	0.0041297531
12616	0.0011883721
12617	2.6515640698
12618	0.0010318605
12619	0.0004966279
12620	0.0003044186
12621	0.0095350588
12622	0.0018265116
12623	0.0041517284
12624	0.3869347674
12625	0.0029406
12626	1.17441860465E-05
12627	0.0004146667
12628	0.0005212245
12631	0.0039428788
12632	15.6817490476
12633	0.0031815789
12635	0.0007816667
12637	0.011175814
12638	0.0154077907
12639	1.17441860465E-05
12640	0.0003219048
12642	0.0004073913
12643	0.00096
12644	0.000143125
12645	0.0012053659
12646	0.0105877907
12647	0.0240372093
12649	0.0003426744
12650	0.1758247674
12651	0.2676367442
12652	0.0007725
12653	0.0066974419
12654	0.0596223256
12656	0.004262093
12659	0.0015840351
12660	0.000559186
12661	0.000310303
12663	0.0015219767
12664	0.0007522727
12665	0.1155995161
12666	0.0110466279
12667	0.0005259259
12668	0.0236187952
12669	1.6204437209
12670	0.0487116279
12671	0.0105877907
12672	0.0023585185
12673	0.000735098
12675	0.0002127907
12676	0.0511745349
12677	0.0176918605
12678	0.0082351163
12679	0.5652263953
12680	0.1656117442
12681	0.0014687209
12682	0.0003847059
12684	8.8623386047
12685	0.2814425581
12688	0.0511745349
12689	0.0007804444
12691	0.0024359302
12692	0.0086467442
12693	0.0182770833
12694	0.0002996
12695	0.0703781395
12696	0.0320644186
12697	8.29850746269E-05
12698	0.0002367442
12699	0.0001180233
12700	0.0034253061
12701	0.0023473256
12702	0.0126788235
12703	0.0036705882
12705	0.001886506
12706	0.0006107143
12707	0.0053177907
12708	1.17441860465E-05
12709	0.0018343373
12713	0.0003554651
12714	0.00471
12715	0.0058818605
12716	0.0008390698
12717	0.0048710465
12718	0.0061794186
12719	0.0007758333
12720	0.0032244578
12721	5.94186046512E-05
12723	0.000476
12724	0.0037751852
12725	0.0002794545
12726	0.9942156977
12729	5.94186046512E-05
12730	0.0170482558
12731	0.0007227273
12734	0.0088911628
12735	0.0009343902
12736	4.10465116279E-05
12737	0.000769186
12739	7.06976744186E-05
12740	0.0037769136
12741	0.0453903488
12742	0.0164393023
12743	0.0015219767
12744	0.0105877907
12746	0.009740814
12748	0.000448
12752	0.0003939535
12754	0.003957907
12755	7.06976744186E-05
12757	0.0490455952
12758	0.000559186
12759	0.0046159302
12760	0.0008390698
12761	0.6740116279
12765	0.0012182558
12768	0.0011675
12769	0.004525
12770	0.0011883721
12771	0.005224881
12772	1.4360265116
12773	0.0017904
12774	0.0004292105
12775	0.000904186
12776	0.1132795349
12777	0.0004139063
12778	5.3957551163
12779	0.0013836364
12782	0.0001002326
12783	0.0082351163
12785	0.0002367442
12787	0.0004154762
12788	0.4207537209
12789	0.005175
12790	1.17441860465E-05
12792	0.001263875
12793	0.0002015116
12794	0.00122375
12795	0.0154979518
12796	0.0094373256
12797	0.0018265116
12800	0.2373313953
12803	0.0005821429
12804	0.000345
12805	0.0186188372
12806	0.0006517073
12807	0.1469704651
12808	0.0784310465
12809	0.0005801923
12810	0.0010868421
12811	0.0055974468
12812	0.0009090698
12813	0.0015588
12814	0.000769186
12815	0.1363603488
12816	0.0054797674
12817	0.0003712121
12818	0.0006618182
12820	0.0105877907
12821	0.0079151163
12822	0.4688774419
12823	0.004047093
12825	0.0004511321
12827	0.0007227273
12828	0.0006996512
12829	0.0002839535
12830	0.0034979012
12831	0.0040971739
12832	0.00058125
12833	0.00055
12834	0.0012902899
12835	0.0182770833
12836	0.0037814815
12837	0.0015005
12838	0.0004732558
12839	0.00042875
12840	0.0013728947
12841	1.5475601163
12843	0.000559186
12845	0.0006425581
12846	0.0037793827
12847	0.0002973469
12848	0.0023310465
12849	0.3587394186
12850	0.0045660465
12851	0.0260827907
12852	0.0064706977
12853	0.4113932558
12854	0.0042317284
12855	0.0082198837
12856	4.72093023256E-05
12857	0.0003044186
12858	0.0002525
12859	0.0009090698
12861	0.0082351163
12862	1.17441860465E-05
12863	0.000769186
12864	0.0041665432
12866	0.0001002326
12867	0.0458801163
12868	0.0121769767
12869	0.0003939535
12871	3.4623319767
12872	0.0012587209
12873	0.0007578431
12874	0.0041574074
12875	0.0004911475
12876	0.0004692857
12879	3.6718553488
12880	0.0040571429
12881	0.0041420988
12882	0.649489661
12883	0.0005555814
12884	0.0003131395
12885	1.17441860465E-05
12886	0.0786798837
12887	0.0021310465
12888	0.0088226744
12889	0.7260005814
12890	2.1762558537
12891	0.008384186
12894	0.0004304878
12895	0.0006014286
12896	0.0691832558
12897	0.0003044186
12898	0.004151358
12899	0.2402657813
12900	0.0041582716
12901	0.3432469767
12902	0.0066974419
12903	0.0001180233
12904	0.0003044186
12905	0.0000125
12906	0.0024359302
12907	0.005175
12908	0.0745052326
12909	0.2134465116
12910	0.0006
12911	0.00055
12912	0.0155744186
12913	0.2124606977
12915	0.0001575
12916	0.0094373256
12917	0.1189937647
12918	0.0122824419
12919	0.0031088095
12920	0.0006651316
12921	0.0247759302
12922	1.17441860465E-05
12924	0.4337051163
12926	0.000912907
12928	0.2207113953
12929	0.0047306667
12930	0.0006056977
12931	0.0016717857
12932	0.1287612329
12933	0.0037645679
12934	0.000238
12935	0.0005733721
12936	0.000769186
12939	0.0038095062
12940	0.000147907
12941	0.0318578313
12942	0.0176394444
12944	0.0100001163
12945	0.0864765116
12946	0.0004727451
12947	0.0022629268
12948	0.0005261702
12949	0.0091650769
12950	0.0059813333
12951	0.0005145455
12952	0.0001267857
12953	0.099962093
12954	0.0015383721
12956	0.031742907
12958	0.008384186
12959	0.00071
12960	0.8635636047
12961	0.000685814
12963	0.0004183333
12964	0.00001
12965	0.0070589535
12966	0.0002633333
12967	0.0064706977
12968	0.0004021429
12969	0.0007522727
12971	0.0009022727
12972	0.134112093
12973	0.0031703704
12975	0.0037751852
12977	0.0003397561
12978	0.071005
12979	0.0038108642
12981	0.0030444186
12982	0.0010487209
12983	0.0045660465
12985	0.0007862791
12986	0.0461331395
12987	0.0016394118
12988	0.0035907143
12989	0.0016101818
12990	6.98837209302E-05
12993	0.0098715294
12994	0.0001180233
12995	0.1188651163
12997	0.0276254321
12998	0.0021310465
12999	0.3115655294
13004	0.0028322059
13005	0.0082351163
13007	0.0002655814
13010	0.0063930233
13011	0.00023
13013	0.0041645679
13014	0.0045660465
13015	0.0005859259
13016	0.000696
13017	0.0013163953
13018	0.0299986047
13019	0.0024359302
13022	0.0001123256
13025	0.0005133721
13026	0.0123518605
13027	0.0018880233
13028	0.000272907
13030	0.06282
13031	0.003957907
13032	0.000544
13033	0.0862617544
13034	0.0001002326
13035	0.0511745349
13036	5.08196721311E-05
13037	0.0230566279
13039	0.0019289412
13040	0.0105877907
13041	0.0441160465
13042	0.0082198837
13043	0.0005666667
13044	0.0002083333
13045	0.0004345349
13046	0.0721990698
13048	0.0751383721
13049	0.0499989535
13050	0.0018
13052	0.0001002326
13053	0.0013204651
13054	0.0299986047
13055	0.0123518605
13056	0.0041592593
13057	0.0066974419
13058	0.0347043023
13059	0.013547907
13061	0.1529351163
13062	0.0045725
13064	0.0038050617
13065	0.0001655814
13066	0.0136994186
13067	0.0003939535
13069	0.005175
13070	0.0041292593
13071	0.002165
13072	0.0079151163
13074	0.0130901163
13075	0.0696266279
13076	0.0041522222
13077	0.1028984884
13078	0.0023310465
13079	0.0018265116
13081	0.000475
13082	0.0090368605
13083	0.0041549383
13085	0.0057995349
13086	0.2695719277
13087	0.072637093
13088	0.0054753488
13089	0.011175814
13091	0.0019947674
13092	0.0001063953
13093	0.0154902128
13095	0.0054797674
13096	0.0103504651
13097	0.0023281633
13100	0.0088226744
13101	0.007610814
13102	0.0695859302
13104	0.0037681481
13105	0.0001418605
13106	0.0006996512
13110	0.0721990698
13111	0.0088226744
13112	0.0001123256
13113	0.1194353333
13114	0.0037876543
13116	0.0002015116
13118	0.0030879167
13119	0.000335
13120	0.0695981395
13121	0.0019604938
13122	0.0007227273
13123	0.0006008333
13124	0.0070589535
13126	0.0004766667
13127	2.02222222222E-05
13128	0.0014667857
13132	0.000531
13134	0.0007522727
13135	0.0025191566
13138	0.2545318605
13139	0.0007450943
13140	0.0007522727
13141	0.0045660465
13142	0.0041395062
13144	0.0482336047
13145	0.0309020548
13146	0.0107012245
13147	0.0415436047
13148	0.2261245349
13149	0.0076465116
13151	0.0003044186
13152	1.4843861628
13153	0.003934918
13154	0.0010487209
13155	0.0001063953
13157	0.0055830986
13158	0.0732874419
13160	0.0091262791
13161	0.0006087209
13162	0.0005814286
13165	0.0721990698
13166	0.0006058621
13167	0.0001533721
13168	1.17441860465E-05
13169	0.0001270423
13170	0.0278352326
13172	0.0042668627
13173	0.0164393023
13174	0.0011758462
13175	0.00023
13176	0.0003923077
13177	0.0088226744
13178	0.004117284
13179	0.0047052326
13180	0.00275
13181	0.0145376923
13182	0.0041216049
13183	0.0005788679
13184	0.0529388372
13185	0.0106553488
13186	0.000082907
13187	0.0030444186
13188	0.0545263953
13189	0.0002992
13192	0.0007517949
13193	0.0452919767
13194	0.0027394186
13195	0.0030444186
13196	0.0207017442
13197	0.00001
13198	0.0035290698
13199	0.0007273256
13201	0.0714604651
13202	0.000616
13203	0.1828696512
13204	0.0310828571
13205	0.0054797674
13206	0.0076465116
13207	0.0041285185
13209	0.0082351163
13210	0.0076465116
13212	0.1017606977
13215	0.0200392941
13217	0.000824
13221	0.0111787209
13223	0.0009831884
13224	0.0041325926
13225	4.21428571429E-05
13226	0.3078869767
13227	0.0000852
13228	0.0094113953
13230	0.0041316049
13231	0.04666425
13232	0.0009642857
13234	0.0925883721
13235	0.0127859302
13236	0.0004615714
13237	0.000171
13238	0.0015682143
13239	0.0290638372
13241	0.0041416049
13242	0.0027394186
13243	0.0327821429
13244	0.0011883721
13248	0.0179524638
13249	7.96825396825E-05
13250	0.0043665333
13251	0.323575814
13253	0.0019702381
13254	0.0014687209
13255	0.1252894186
13257	0.0066974419
13258	0.0041206173
13259	0.0028414667
13260	8.87209302326E-05
13261	0.0001776712
13262	0.0005831429
13263	0.0006618182
13264	0.0183152326
13265	0.0004441935
13267	0.0001655814
13269	0.0194839535
13270	0.0076465116
13271	1.1513180233
13272	0.073594186
13273	0.0041783951
13274	0.0045660465
13275	0.0032956471
13276	0.0004308333
13277	5.31395348837E-05
13279	0.0376452326
13280	0.0016864789
13282	0.2697319355
13283	0.0005867273
13284	0.0002956977
13285	0.00024
13286	0.0017863953
13287	0.0125425424
13288	0.0005352381
13289	0.0155254651
13290	5.59523809524E-05
13291	0.1279411628
13292	0.0083753571
13293	0.0048713253
13294	0.0006087209
13295	0.0016252941
13297	0.008524186
13298	0.0182661628
13299	0.0001595349
13300	0.0009776389
13302	0.0823496512
13303	0.0041517284
13304	0.0079967857
13305	0.0007171084
13306	0.0006996512
13307	0.0392523529
13308	0.9979113953
13309	0.0076465116
13310	0.00599
13313	0.0041569136
13316	0.2188146512
13317	0.004443617
13318	0.0011765116
13319	0.0002915385
13320	0.0293288372
13321	0.0006481481
13322	0.0001355814
13323	0.0329304651
13325	0.0042975
13327	0.0139454118
13328	0.0170208475
13330	0.0070589535
13331	0.0003445679
13333	0.0082351163
13334	0.000505
13335	7.9166332558
13336	0.0041608642
13337	0.0413377907
13338	0.0001239535
13339	0.0136994186
13340	9.47674418605E-05
13341	0.0006925
13342	0.001142439
13343	0.1270425581
13344	0.0110739535
13346	0.0028612941
13348	0.0821780233
13350	0.0269645349
13352	0.0049207407
13353	0.0041681481
13354	0.0007854545
13355	0.07473
13356	0.0001123256
13358	0.0088226744
13359	0.003957907
13360	0.1057748837
13361	0.0003397561
13362	0.1164660465
13363	0.0005254
13364	0.0003015116
13367	0.0599501163
13368	0.0041546914
13369	0.0007917442
13370	0.0002681818
13371	0.0041248837
13372	0.000884186
13374	0.0107651163
13375	0.0011242857
13377	0.0001063953
13378	0.0748244186
13379	0.0064706977
13380	0.0041034568
13381	0.0719390698
13382	0.0276454651
13383	0.0723115116
13386	0.1894045349
13387	0.0206647674
13388	0.0485748837
13389	0.0001414085
13390	0.0093523684
13391	0.0005319767
13392	4.96428571429E-05
13393	1.8546059302
13394	0.0006996512
13395	0.0063930233
13396	0.0070589535
13398	0.0033571429
13399	0.0006606667
13400	0.0006925
13401	0.0006996512
13403	0.0305868605
13405	0.0006076563
13406	0.0041450617
13407	0.0129411628
13408	0.0008298413
13409	0.0051319767
13412	0.0041362963
13413	0.0041423457
13414	0.0003856098
13415	0.0002489286
13416	0.00413
13417	0.0041756471
13418	0.0244687209
13419	0.0064706977
13420	0.0469598837
13422	0.0041324691
13424	1.17441860465E-05
13426	0.1929332558
13427	0.0046743023
13428	0.0006290698
13429	0.0008129545
13430	0.0010566279
13431	0.0076465116
13432	0.00020875
13433	0.00001
13434	0.004118642
13435	0.0007825
13439	0.0009321053
13442	0.0082351163
13443	0.002565
13444	0.0009090698
13445	0.0001919149
13446	0.0041291358
13447	0.0006733333
13448	0.0002839535
13449	0.0009210465
13450	0.0004992683
13451	0.0150251163
13452	1.17441860465E-05
13453	0.0001947368
13454	0.0043665333
13455	0.2647495294
13456	0.0009922093
13457	0.0041553086
13458	0.0429431915
13460	0.0082351163
13461	0.0064706977
13463	0.0488217442
13464	0.0041655556
13465	0.0887603488
13467	0.0005143023
13468	0.0009112857
13470	4.72093023256E-05
13473	0.0215704651
13474	0.0195645349
13475	0.012186383
13477	0.0156359302
13478	0.1781446512
13479	0.0214772
13481	0.018094186
13482	0.0331255814
13483	0.0012482353
13484	0.0002773256
13486	4.96428571429E-05
13488	0.0729204651
13489	0.0105554651
13491	0.0008422727
13492	0.0109889535
13493	0.0002795455
13494	0.0008548485
13495	0.000147907
13496	0.002517093
13497	0.0027394186
13498	0.0042965882
13499	0.1952867442
13500	0.0746648837
13501	0.0721754651
13502	0.0024260714
13503	0.0106833721
13504	0.0012182558
13505	0.0007227907
13506	0.0003044186
13507	0.000556
13510	0.2217561628
13512	0.00002
13513	0.0064706977
13514	0.0034339286
13515	0.00002
13516	0.0007840541
13517	0.0041239506
13518	0.00555
13519	0.0716790698
13520	0.0010825
13521	0.074640814
13522	0.0274448837
13523	0.0014687209
13524	0.0032552174
13526	0.0064706977
13527	0.0011164706
13529	0.0006925
13530	0.0045534884
13531	0.0015635385
13532	0.0001533721
13534	0.0002127907
13537	0.005175
13538	0.0006087209
13539	0.0277748837
13541	0.0001123256
13543	0.0745589535
13544	0.0082351163
13545	0.0739317442
13548	0.0041438272
13549	0.004128642
13551	0.0067884524
13553	0.00039
13555	0.0736593023
13556	0.0720569767
13557	0.0021632143
13558	0.0041387654
13560	0.0005381818
13563	0.0963329032
13564	0.204515814
13565	0.0004005556
13567	0.0004374419
13568	0.094114186
13569	0.0041248837
13570	0.011175814
13572	0.0003044186
13573	0.0023535417
13575	0.2100097674
13576	0.0047052326
13577	0.0024037647
13578	0.0524168605
13579	0.0015383721
13580	0.0003544615
13582	0.0060887209
13584	0.0017761429
13585	0.0008390698
13587	0.0005886667
13589	0.0447025
13590	0.0069437209
13593	0.0005531579
13595	0.0017830952
13597	0.0006507692
13598	0.0732218605
13599	0.0013066667
13600	0.0008722727
13601	0.0185704651
13602	0.0001655814
13603	0.000085
13604	0.0006290698
13605	0.0041438272
13606	0.0118733721
13608	0.0129411628
13609	0.0041450617
13610	0.0003939535
13611	0.000227973
13612	0.01757
13613	0.0023583721
13615	0.0003044186
13616	0.002454507
13617	0.0027394186
13618	0.0010413953
13619	0.0026834884
13620	0.001552093
13621	0.0521669767
13622	0.0008422727
13623	0.1365198837
13624	0.0007522727
13625	0.0006717778
13626	0.0023310465
13627	0.004131358
13628	0.0129089535
13629	0.1541330645
13630	0.0030228378
13631	0.0008048333
13632	0.0435280233
13633	0.0064706977
13634	0.0000372
13635	0.0488217442
13636	0.005175
13637	0.0098602439
13638	0.1487222093
13641	0.000177093
13642	0.0099290698
13644	0.6367892
13645	0.0007227273
13648	0.0021310465
13650	0.0045660465
13652	0.0023310465
13653	0.0012201724
13654	0.189597561
13655	0.0014152326
13658	7.36842105263E-05
13659	0.0001355814
13660	0.1488177907
13661	0.0002655814
13663	0.466787907
13664	0.00003
13667	0.7056422093
13669	0.0074817391
13670	0.0005861111
13671	0.0011788372
13672	0.0041204938
13673	0.0079354651
13674	0.0470569767
13675	0.0041569136
13677	0.0023310465
13678	0.0746056977
13679	0.0411744186
13680	0.0695284
13681	2.924783038
13682	0.0018407692
13683	0.0735409302
13684	0.0082351163
13685	0.0070589535
13686	0.0032448684
13687	0.0003044186
13688	0.0030444186
13689	0.0064706977
13690	0.0576453488
13691	0.024274186
13692	2.33333333333E-05
13693	0.0027394186
13694	0.0744817442
13695	0.0718031395
13697	0.006077093
13698	0.0021641176
13699	0.0121769767
13700	1.1806240698
13701	6.47674418605E-05
13702	0.0028776471
13703	0.0183152326
13704	0.0088287209
13706	0.0130901163
13708	0.2545318605
13709	0.0097355814
13710	0.000608375
13711	0.0630051163
13712	0.0013615854
13713	0.0011592857
13714	0.0031941026
13715	0.0722052326
13716	0.0020787209
13717	0.0054797674
13718	0.0007430769
13719	0.0165503529
13720	0.00417
13721	0.0012086047
13722	0.0327347674
13723	0.0138401163
13724	0.001557
13725	0.0004003571
13729	0.0009558333
13731	0.0023310465
13732	0.0076465116
13733	0.002475
13735	0.0041655556
13736	0.074930814
13737	0.0488217442
13738	0.0736715116
13739	5.66279069767E-05
13740	0.0001644681
13741	0.0749903488
13742	0.000295
13743	0.0018182558
13744	0.0037372093
13745	0.00062
13746	7.21428571429E-05
13748	0.0017038571
13749	0.072645
13750	0.0011705814
13751	0.0001417442
13752	0.0066974419
13754	0.0341503488
13756	0.0003044186
13757	0.005175
13758	0.0041722222
13759	0.0066104651
13760	0.0005911628
13761	0.0001655814
13762	0.00133
13763	0.0736481395
13764	0.0048710465
13765	3.1868043023
13766	0.0003426744
13767	0.0102502353
13768	0.024117093
13770	5.31395348837E-05
13771	0.000227973
13772	0.0004066667
13773	0.0041524691
13774	0.0003125
13775	0.0041166667
13776	0.0752017442
13777	0.0041504938
13778	0.0013848148
13779	0.0038776744
13780	0.003957907
13781	0.0216145349
13783	0.0003636
13784	0.0120217442
13785	0.1882276744
13786	0.0023310465
13787	0.0310023256
13788	0.0005396774
13790	1.307367093
13792	0.0002483721
13793	0.035880814
13794	0.0001533721
13795	0.0008390698
13797	0.0014430435
13798	0.0013427907
13799	0.0004345349
13800	0.0013461538
13801	0.000248125
13803	0.1934456977
13804	0.0008459259
13805	0.0002996
13806	0.0001838372
13807	0.0001063953
13808	0.1937927907
13809	0.000135
13810	0.003957907
13811	0.0019933333
13812	0.0176295349
13813	0.1200084884
13814	0.0030782143
13815	0.1909503488
13818	0.0023527907
13819	0.0036532558
13820	0.0016592857
13823	5.94186046512E-05
13824	0.0715726744
13825	0.000082907
13826	0.0474234722
13828	0.0041640741
13829	0.002077037
13830	8.87209302326E-05
13831	0.0003939535
13832	0.0082351163
13833	0.000147907
13835	0.0050641818
13836	0.0064336047
13837	0.2916366667
13838	0.0007227273
13840	0.0045660465
13841	0.0202905814
13844	0.0041248837
13845	5.31395348837E-05
13847	0.0085761538
13848	0.0041681481
13849	0.0001414085
13850	0.0002184884
13851	0.0762733721
13852	0.0002425581
13853	0.0057844186
13854	0.0002996
13855	0.0011190698
13856	0.0002127907
13857	0.0076465116
13860	0.6472456977
13861	0.6104566265
13862	0.0008815942
13863	0.0017480233
13865	0.0001838372
13866	0.0699972093
13867	0.0004139063
13868	0.0046883721
13869	0.0003115152
13870	0.0002925926
13871	0.0695284
13872	0.0179613953
13873	0.0010035802
13874	0.008524186
13875	4.21428571429E-05
13877	0.00143
13878	0.0082351163
13879	0.0048710465
13880	0.0001241429
13881	0.0041188889
13884	0.0399780233
13885	0.0033488372
13887	0.0002866667
13888	0.0005321212
13890	0.00002
13891	0.0006996512
13892	0.0016801163
13893	0.0045660465
13895	0.0002197222
13896	0.0035187209
13897	0.0070589535
13898	0.0804626744
13899	0.0091332558
13901	0.4791166279
13902	0.0007825
13903	0.0093788889
13904	0.0288217442
13905	0.0041469136
13907	0.0009233333
13908	0.0041438272
13909	0.0088226744
13910	0.0291491139
13912	0.0003044186
13913	0.0577996774
13914	0.0722698837
13915	0.0002669231
13918	0.0010576316
13919	0.000912907
13920	0.0009417778
13921	0.0722004651
13922	0.0016666667
13923	0.0716022093
13924	7.06976744186E-05
13925	0.0013284884
13926	0.0003025
13927	0.0009893333
13928	0.0152219767
13929	0.0024121429
13930	0.0094373256
13931	0.0041554321
13932	0.0002942857
13933	0.0158815116
13934	0.8217795349
13936	0.0019568
13937	0.0435280233
13938	0.1485580233
13940	9.47674418605E-05
13941	1.1806240698
13942	0.0008659701
13944	0.0003397561
13945	0.0007058333
13946	0.0012704348
13947	3.1276468605
13949	0.0288217442
13950	0.0041583951
13951	0.0388218605
13952	0.3343989535
13953	0.0002895349
13954	0.0008422727
13955	0.0740977907
13956	0.000584186
13957	0.0129411628
13958	0.0946381395
13959	0.0004598113
13960	0.0746768605
13961	0.0003667442
13962	6.08064516129E-05
13963	0.0746768605
13964	0.0041423457
13965	8.87209302326E-05
13966	0.0001946512
13967	0.3749604651
13970	0.0311747674
13971	0.0774797674
13973	0.0001123256
13975	0.0317640698
13977	0.0252672093
13978	0.0043905814
13979	0.235872907
13980	0.0011663768
13981	0.0004496512
13982	0.0016083333
13983	0.2774293023
13984	0.0727259302
13986	0.0030444186
13989	0.0007522727
13990	0.0041518519
13991	0.0003044186
13992	0.00013
13993	0.0008390698
13995	0.0041168605
13996	0.0327325
13998	0.0205874419
13999	0.0002425581
14000	0.0045660465
14002	0.126644186
14003	0.0005747273
14004	0.0658797674
14005	5.08196721311E-05
14006	0.0264695349
14007	0.6354005882
14009	0.4114268605
14010	0.1468333721
14012	0.000434
14013	0.007610814
14016	0.116848
14017	0.0112640698
14018	0.007610814
14019	0.0769162791
14020	0.0064706977
14021	0.0014703896
14023	0.0008129545
14024	0.0017988158
14025	0.0036513953
14027	0.0041482716
14028	0.0023384884
14029	0.0003767742
14031	0.0720395349
14032	0.01384
14033	0.0076465116
14034	0.0029951852
14035	0.0041385185
14036	0.0064706977
14038	0.0045660465
14039	0.0066974419
14040	0.0002839535
14041	0.0042207407
14042	0.0072548837
14043	0.0041403704
14044	0.0023310465
14046	0.0033488372
14047	0.0016398485
14048	0.0064939535
14049	0.0023310465
14052	0.0299986047
14053	0.000769186
14055	0.0088226744
14056	0.0005425
14057	4.52272727273E-05
14059	0.0010308571
14060	0.4685667442
14061	0.001540625
14063	6.08064516129E-05
14064	0.0010487209
14065	0.0002015116
14066	0.0006889474
14067	0.0006625
14069	0.0033488372
14070	0.000745
14073	0.007905814
14074	0.0003834884
14075	0.0012898734
14076	0.0041533333
14077	0.0488217442
14078	0.0006087209
14080	0.0494096512
14081	0.074712093
14082	0.0012042857
14083	0.0140196471
14084	0.0012182558
14085	0.0076465116
14086	2.5497786047
14087	0.0003978571
14088	0.0434702326
14089	1.4843861628
14090	0.4247527907
14091	0.0738311628
14093	0.0754515116
14094	0.1964627907
14095	0.0044076923
14097	2.4868415116
14098	0.0747716279
14099	0.0070589535
14100	0.0076465116
14102	0.0044904651
14104	0.0024359302
14105	0.0006290698
14106	0.0001574468
14107	0.0041824691
14109	0.1707389535
14110	0.000315
14113	0.012471
14114	0.0003066667
14115	0.0063930233
14116	5.94186046512E-05
14117	0.0064706977
14118	0.0023310465
14119	0.0006925
14121	0.0030444186
14123	0.0009315789
14124	0.0258810465
14125	0.0041204938
14126	0.0027394186
14129	0.0041774074
14130	0.0037204651
14131	0.051145
14133	0.0003939535
14134	0.0323511628
14135	0.0011298837
14137	0.0437489535
14138	0.0002533333
14139	0.0004623188
14140	1.0762411628
14141	0.0006618182
14142	0.00037
14143	0.0016672727
14144	0.0152934884
14146	0.0036519277
14148	0.0004733333
14149	0.0867162791
14152	0.0001002326
14153	6.47674418605E-05
14155	0.0738661628
14156	0.0003240741
14157	0.0003867568
14158	0.0005393333
14159	0.000082907
14160	0.4432864286
14161	0.0010232692
14162	0.6117388372
14163	0.0012776744
14167	0.0004589744
14169	0.0025820238
14170	7.30769230769E-05
14172	1.4843861628
14173	0.0747834884
14174	0.0048710465
14176	0.00003
14177	0.0024359302
14178	0.0347043023
14179	0.0009524
14180	0.011175814
14181	0.1412802326
14182	0.0041379012
14183	0.0003653333
14184	0.0200615294
14185	0.0016504762
14186	0.2835004651
14187	0.00043
14188	0.000185
14189	0.0020559524
14190	0.0947018605
14192	0.0007825
14193	0.0006152381
14194	0.000572381
14195	0.0096777907
14196	3.5681226744
14197	0.0034167059
14198	0.0006925
14199	0.0041569136
14200	0.0094113953
14201	0.0002125
14203	0.0185704651
14204	0.0054951163
14205	0.0014152326
14206	0.6729593023
14207	0.053527093
14208	0.0290588889
14209	0.000234375
14210	0.0141167442
14211	0.004262093
14212	0.001611129
14214	0.1304169767
14215	0.0041438272
14216	3.4158760465
14217	0.1208819767
14218	0.0041733333
14220	0.0013033721
14222	0.0041934568
14223	0.0002
14224	0.0008722368
14225	0.1917577907
14229	0.0258810465
14230	0.0001123256
14231	0.1941444186
14232	0.0006925
14233	0.0021677907
14235	0.0007502326
14236	0.005787381
14237	0.0011476786
14239	0.0741509302
14242	0.0009389855
14243	0.0041753086
14244	1.17441860465E-05
14246	0.0001655814
14247	0.0823496512
14248	0.1257305814
14250	0.000225
14251	0.0756756977
14252	0.0064706977
14253	0.071295814
14255	0.074115
14256	0.0028880233
14259	0.0023310465
14260	0.0041879012
14261	0.00001
14262	0.0066537647
14263	5.94186046512E-05
14264	0.4619552632
14265	0.000769186
14267	0.0011631579
14268	1.17441860465E-05
14269	0.0012974419
14271	0.0233067442
14272	0.0009824419
14273	0.0041458025
14274	0.0054797674
14275	0.6018740698
14276	0.0094373256
14278	0.0021743023
14279	0.0001946667
14282	0.011175814
14283	0.000536
14284	0.0054797674
14285	0.0012673256
14286	0.0014068605
14287	1.77906976744E-05
14289	0.0005566667
14291	0.0057415476
14292	1.176385814
14293	0.0070019767
14295	0.0024986667
14296	0.0010566279
14297	0.0308931395
14298	0.0273930233
14299	0.0007227273
14301	0.000605
14302	0.0070589535
14304	0.1071537209
14305	0.000915
14306	0.0002853333
14307	0.0100001163
14308	6.63492063492E-05
14309	0.0012383721
14310	0.0004477778
14311	0.1776410465
14312	0.0023310465
14313	0.00034
14316	0.0008219149
14317	0.0066974419
14318	0.0211339286
14320	0.0047306667
14321	0.0052937209
14322	0.0041580247
14324	0.0015
14325	0.0002483721
14326	0.00052625
14327	0.0041582716
14328	0.0007761404
14329	0.1141131395
14330	0.1405938596
14332	0.0734587209
14333	0.000559186
14334	0.0004069231
14335	0.0829376744
14336	0.000912907
14337	0.000015
14339	0.0003602326
14340	0.0041922222
14342	0.0041562963
14343	0.001542907
14344	0.0023310465
14345	1.17441860465E-05
14346	0.0379616471
14347	0.0021310465
14348	0.000495
14349	0.022527907
14351	0.0041469136
14353	0.0009090698
14355	1.17441860465E-05
14356	0.0139757647
14357	0.1864634884
14358	0.0003544444
14359	0.0011473333
14360	0.6450484884
14361	0.0020180488
14363	0.0022741096
14364	0.0021666667
14365	0.0045660465
14366	0.0013284884
14371	0.0003760606
14372	0.0042612346
14373	0.325715
14374	0.7129454651
14375	0.0021310465
14377	0.001677561
14378	0.0049596512
14379	0.0750017442
14380	0.0328630952
14381	1.17441860465E-05
14382	0.0043010465
14383	0.0001962857
14384	0.0060887209
14386	0.030272093
14387	0.0012182558
14388	0.0558806977
14389	0.2752831395
14390	0.0798324658
14391	0.0006087209
14392	0.0311747674
14394	0.0048710465
14395	0.0001355814
14397	0.00113
14398	0.0076465116
14399	0.000063871
14400	0.0131171765
14401	0.0076465116
14403	0.0007825
14404	0.0088226744
14405	0.0002252941
14406	0.0109596512
14407	0.0007311765
14408	0.0094373256
14411	0.0730448837
14413	0.0131166279
14414	0.5824339535
14416	0.0057844186
14417	0.0003990323
14419	0.000177093
14421	0.0001889535
14422	0.0021310465
14423	0.0003125
14425	0.0011190698
14427	0.0158815116
14428	0.0063930233
14429	0.0003044186
14430	7.67441860465E-05
14431	0.0041897531
14432	0.0015219767
14433	0.0094113953
14435	0.0002190909
14436	0.0002773256
14437	0.0247054651
14438	0.0056245946
14439	0.0070745349
14440	0.00057
14442	0.0018265116
14444	9.7145568605
14445	0.4175940698
14446	0.0023310465
14447	0.0182661628
14448	0.2545318605
14449	0.004262093
14450	0.0041661728
14451	0.0182346512
14452	0.0305868605
14454	0.0076465116
14455	0.0001889535
14456	0.0010487209
14458	0.0030444186
14459	0.0039813953
14460	0.0006298077
14461	0.0041565432
14462	0.0088226744
14463	0.0176566279
14464	0.0023310465
14465	0.003369726
14466	0.0130446512
14468	0.0058818605
14470	0.0007825
14471	0.4682048837
14472	0.0077928395
14473	0.000740241
14474	0.0022790698
14475	0.00001
14476	0.0361126744
14477	0.004262093
14480	0.0012922917
14481	0.0039782143
14482	0.0006996512
14483	0.0023310465
14484	0.0042545679
14485	0.00182
14486	0.6259489535
14487	0.003044375
14488	0.0015219767
14489	5.59701492537E-05
14490	0.0001403488
14491	0.0003554651
14492	0.0071875862
14493	0.0892767442
14494	0.0452919767
14495	0.0020339535
14497	0.0792815116
14500	0.00003
14502	0.0002916
14503	0.06334625
14504	0.0007825
14505	0.0008083333
14506	0.2146972093
14507	0.0060887209
14508	0.0001655814
14509	0.0002483721
14511	0.0005352381
14514	0.0024359302
14516	0.0008129545
14517	0.0054797674
14520	0.005175
14521	0.0008010465
14522	1.33333333333E-05
14523	0.0003811538
14524	0.0003044186
14525	0.1664640698
14526	0.0289595349
14527	0.1155995161
14528	0.000746375
14529	0.00067
14530	0.0019240541
14531	0.0244467059
14532	0.001565
14534	1.4413165116
14537	0.0227774419
14538	0.0717853488
14539	0.0715601163
14540	0.0008422727
14541	1.17441860465E-05
14542	0.0744344186
14543	0.0004383636
14544	0.0023310465
14545	0.0001002326
14546	0.0004139063
14547	0.0082351163
14549	4.21428571429E-05
14550	0.00067125
14551	0.9582323256
14556	7.67441860465E-05
14557	0.0030444186
14558	0.0343770833
14559	0.00004
14560	0.002565
14561	0.0747772093
14562	0.0055575
14563	0.0318352941
14565	0.00026
14566	0.003957907
14568	0.0001710465
14570	0.000272907
14571	0.0008222093
14574	0.0199994186
14575	0.0076465116
14576	0.0014621429
14577	0.0002066667
14578	0.1021145349
14579	0.0016841176
14580	0.2158738372
14581	0.0008390698
14583	0.000769186
14586	0.0006766667
14588	0.0488217442
14590	0.0007227273
14591	0.0015661628
14592	0.0041416049
14593	0.0008048718
14594	9.82142857143E-05
14595	0.1155995161
14597	0.0164701163
14598	0.00003
14599	0.0988197674
14600	0.1805588372
14602	0.001630814
14603	0.0110090698
14605	0.0003602326
14606	4.72093023256E-05
14607	0.0018872941
14608	0.0070589535
14609	0.0002266667
14610	0.0103504651
14612	0.0002367442
14613	0.0058818605
14614	0.2647955814
14615	0.0006015909
14616	0.00222125
14617	0.0022722857
14618	0.0041875309
14619	0.0032469697
14620	0.0082351163
14621	0.0004345349
14625	9.47674418605E-05
14626	0.001572093
14627	0.1758288372
14628	0.0091332558
14630	0.0023310465
14631	7.06976744186E-05
14632	0.004262093
14633	0.0161250847
14634	0.0003618182
14635	0.004262093
14636	0.0094113953
14638	0.0067068605
14639	0.0023310465
14640	0.0041439506
14641	0.0041562963
14644	0.004158642
14645	5.94186046512E-05
14646	0.2243672093
14647	0.1870517442
14648	0.0026572093
14649	0.0048710465
14650	0.0747954651
14651	0.0270580233
14652	0.0029406977
14653	0.0021310465
14654	0.0076465116
14655	0.0030444186
14656	0.0748188372
14657	0.0006026984
14658	0.0070589535
14659	0.0002184884
14660	9.47674418605E-05
14661	0.0001539726
14663	0.0005383721
14664	0.9672032558
14665	0.0735294186
14666	0.0005270588
14667	0.0733684884
14668	0.0042775309
14670	0.0003044186
14672	0.0001559722
14677	0.1554082558
14678	0.0005368889
14679	0.0001946512
14680	0.0088226744
14681	0.00033
14682	0.00003
14683	0.0010487209
14684	0.000225814
14686	0.0023310465
14687	0.0088226744
14688	0.0749133721
14689	0.0008390698
14690	0.0111928916
14692	0.000912907
14693	0.0166143023
14694	0.0057210465
14695	0.0117648837
14696	0.1227539759
14697	0.0012142857
14698	0.3177003529
14702	0.00037
14704	0.0478263953
14705	0.0070019767
14707	0.004262093
14708	0.0002267073
14709	0.0733465116
14710	0.2545318605
14711	0.0022554717
14714	0.0023310465
14716	0.0899959302
14717	0.0002277273
14718	0.2708054651
14719	0.0004472549
14720	0.0023310465
14722	8.87209302326E-05
14723	0.0005341463
14725	0.0001239535
14726	1.4830850588
14727	0.0129089412
14728	0.0003939535
14729	0.0001303488
14731	0.0776439535
14735	0.0514854688
14736	0.0052937209
14737	0.0018687692
14738	0.0001239535
14739	0.0742446512
14740	0.0638356977
14741	1.7858098837
14742	0.0003602326
14743	0.0106553488
14744	1.77906976744E-05
14745	0.0019895238
14746	0.0041582716
14747	0.0003044186
14748	0.0007065116
14750	0.00004
14751	0.0003723256
14754	0.00034
14755	0.1606803509
14756	0.0002209589
14757	0.0041630864
14758	0.0073282558
14759	0.0064231395
14760	0.0023310465
14763	0.0002127907
14764	0.2680233333
14765	1.17441860465E-05
14767	0.0041540741
14768	0.0689301163
14769	0.0055575
14773	0.0748362791
14774	0.000769186
14776	0.004262093
14777	0.0005259259
14778	0.0083167442
14779	0.009759186
14780	0.0734352326
14782	0.0661293023
14783	0.0041976543
14784	0.0011788372
14785	0.0076465116
14786	0.0014866667
14790	1.17441860465E-05
14792	0.1860694186
14793	0.0013834483
14794	0.011175814
14799	0.074015
14800	0.001614186
14801	0.0004139063
14802	0.0007522727
14803	0.0001889535
14804	0.00044875
14805	0.0269633721
14806	0.0041569136
14807	0.0144246512
14808	0.00928025
14811	0.000147907
14812	0.0028655128
14814	0.001128
14815	0.0066974419
14816	8.87209302326E-05
14817	0.0027394186
14819	0.0891333333
14820	0.0007733333
14821	0.0010943023
14822	0.3372659302
14826	0.0007038372
14828	0.0385329032
14829	0.00004
14830	0.0005768182
14831	0.0018672093
14832	0.000332
14833	0.0005102985
14834	0.0009090698
14836	0.0025001613
14837	0.000082907
14838	0.0006996512
14839	0.0041454321
14840	0.0004604167
14842	0.0082198837
14844	0.0076465116
14845	0.0004847674
14846	0.0005411594
14847	0.6128265116
14848	0.0767340698
14849	0.0005733721
14852	0.00026
14853	0.0011385882
14854	0.00319
14855	4.21428571429E-05
14856	0.0001574468
14857	0.0003125
14858	0.1088194186
14860	0.0052937209
14861	0.0001403488
14862	0.0291763953
14864	0.00069
14865	0.0018265116
14866	0.0955304651
14868	0.1831415116
14869	0.0329398837
14870	0.0009588571
14871	0.0011258824
14872	0.0003125
14873	5.21428571429E-05
14875	0.0003939535
14876	0.0182346512
14877	0.0076465116
14878	0.0019839535
14879	0.00049
14880	0.0001316279
14881	0.1606803509
14882	0.4705444828
14883	0.004262093
14884	0.0006618182
14885	0.0045660465
14886	0.155225
14887	0.0002895349
14888	0.7814161628
14890	0.0003960465
14892	0.0016857895
14894	0.0010487209
14895	1.2305456977
14897	0.0019748837
14898	0.0766517442
14899	0.00084
14901	0.0004194186
14902	0.0007825
14904	0.0016318182
14905	0.0024359302
14906	0.0129411628
14907	0.0041875309
14908	0.0079151163
14909	0.0009911628
14910	0.0094113953
14911	0.0026024096
14912	0.000769186
14913	0.1601538298
14914	0.0045608197
14915	3.4402810465
14916	0.0027906061
14917	1.17441860465E-05
14919	0.0021310465
14920	0.0243780952
14922	0.0041498765
14925	0.025292907
14926	0.3709546667
14929	0.0013163953
14930	0.0695284
14932	0.0734945349
14933	0.0047306667
14935	0.0046578824
14936	0.0009016364
14937	0.0223525581
14938	0.000326
14939	1.4704662791
14940	0.0004496512
14941	5.94186046512E-05
14942	0.127832907
14943	0.3387640698
14944	0.0007102128
14946	0.0001303488
14947	0.0001710465
14948	0.0233067442
14949	0.0052937209
14950	0.0103324096
14951	0.3050547674
14952	0.0164497674
14953	0.0048710465
14954	0.0149843529
14955	0.0006618182
14956	0.0670565116
14959	0.011002
14960	0.0001239535
14961	0.0100001163
14962	0.0123518605
14965	3.09733
14966	0.0012182558
14967	0.0010733333
14968	0.0752155814
14969	0.0052045882
14970	0.0012086667
14971	0.0094113953
14972	0.0256375581
14973	0.0100001163
14974	0.0041746914
14977	0.0011190698
14978	0.0001394286
14979	0.0007631579
14980	0.0733163953
14983	0.005175
14985	0.0153103797
14986	0.0094113953
14988	0.0748898837
14989	0.1465234884
14990	0.002565
14992	0.00001
14993	0.0007493443
14995	0.0004880357
14997	0.0127859302
14998	0.0241948837
14999	0.010905
15001	0.0041709877
15002	0.0746294186
15004	0.0003826667
15005	0.00013
15007	0.0041858025
15008	0.0470569767
15009	0.0717796512
15010	0.0041474074
15012	0.0076465116
15013	0.0041553086
15014	0.0006460714
15015	0.0749076744
15017	0.0004770455
15018	0.0041635802
15020	0.0004069565
15021	0.0042362791
15022	0.0027394186
15023	0.0041645679
15024	0.1753381395
15025	0.0043665333
15026	0.0137255556
15027	0.0750260465
15028	0.0367965116
15030	0.0008390698
15031	0.0508676744
15033	0.0045660465
15034	0.0002956977
15035	7.67441860465E-05
15036	0.0027394186
15037	0.0001533721
15038	1.17441860465E-05
15039	0.1081162791
15040	0.0734587209
15041	0.00518
15042	0.0664619767
15043	0.0007057143
15046	0.0003594444
15048	0.0182770833
15053	0.0027394186
15054	0.2669419767
15056	0.2545318605
15058	0.0145693443
15059	0.011175814
15060	0.0015045614
15061	0.0762336047
15062	0.0035695349
15064	0.0006087209
15065	0.0006996512
15066	0.0015219767
15067	0.000272907
15068	0.1051795349
15069	0.0010891111
15070	3.6078830233
15071	0.0008875
15072	0.0064706977
15073	0.0179613953
15074	0.0041591358
15075	0.0002066667
15076	0.0047052326
15077	0.0007825
15078	0.0004374419
15079	9.47674418605E-05
15081	0.0012516418
15082	0.073305
15084	0.0004833333
15085	0.0199994186
15086	0.0435280233
15087	0.0004375
15090	0.0196676712
15091	0.0052518605
15092	0.0012042857
15093	0.0024359302
15094	0.4322682558
15095	0.0004847674
15096	0.0328630952
15097	0.3130040698
15098	0.0015176744
15101	0.0131659302
15102	0.000227973
15103	0.015715814
15106	0.0170581395
15107	0.0006425
15108	0.0749256977
15109	0.0001690909
15111	0.0002654651
15113	0.070201875
15114	0.0041591358
15115	0.1239040698
15116	0.1052415116
15117	0.0041639506
15118	0.1536214118
15119	0.0082198837
15121	0.0041450617
15122	0.0002015116
15123	0.0172512791
15124	0.0731336047
15125	0.0741974419
15126	0.2889985484
15127	6.98837209302E-05
15128	0.00076
15129	9.95652173913E-05
15132	0.0037343243
15133	0.3158033721
15135	0.0294623256
15137	0.0016775
15138	0.0105877907
15139	0.0004432558
15141	1.0741738372
15142	0.0008925333
15143	0.0008373529
15145	0.0028486486
15146	0.0007506579
15148	0.0001838372
15149	0.0003044186
15152	0.0064706977
15153	0.0298975581
15156	0.0041597531
15157	0.0927050667
15158	0.0066974419
15159	0.0015118519
15160	7.67441860465E-05
15162	0.0004581132
15163	0.6996532558
15164	0.004148642
15165	1.17441860465E-05
15166	0.0007217188
15167	0.0035290698
15168	0.0243304651
15170	0.000105
15171	0.0001180233
15172	0.0017640698
15173	9.2167873256
15174	0.0005675581
15175	0.1207024419
15177	0.0004256977
15179	0.0009090698
15180	0.0003590909
15181	0.0021310465
15182	0.0038301235
15183	0.0164393023
15184	0.0003125
15185	0.000817973
15186	0.0001002326
15187	0.0023310465
15188	0.1587134884
15189	0.0458801163
15190	0.0073066279
15191	0.0377034884
15192	1.17441860465E-05
15193	0.0013522857
15194	8.87209302326E-05
15195	0.0142825
15196	0.002237093
15197	0.00114
15198	0.0695284
15201	0.0082351163
15204	0.004492619
15205	0.0003869091
15207	0.6735404651
15208	0.0023310465
15209	0.0005977907
15210	0.0006618182
15211	0.012997907
15212	0.0125425424
15215	0.0115684884
15216	0.0082351163
15218	0.0007733333
15219	0.2231143023
15221	0.0010487209
15223	0.0001303488
15224	0.0010593333
15225	0.0001595349
15227	0.0016259259
15228	0.0008376471
15229	0.0012664706
15231	0.0007227273
15233	0.0003044186
15234	0.0199994186
15235	0.00155
15236	0.0094113953
15238	0.0004811765
15239	0.005175
15240	0.0382339535
15241	0.0211763953
15242	0.00044625
15243	0.000227973
15244	0.7023073256
15245	0.0070589535
15248	0.001405625
15249	0.0008722727
15250	4.21428571429E-05
15251	0.0003678571
15252	0.0004354545
15253	0.0727610465
15254	0.0094933721
15256	0.0082367442
15257	0.0015792593
15258	0.00003
15260	0.002577907
15261	0.1182301163
15262	0.0073066279
15263	0.0023310465
15264	0.0033488372
15265	0.0750260465
15266	0.0117648837
15268	0.0006087209
15269	0.0041560494
15271	0.0002744444
15272	0.073902093
15273	0.0913086047
15275	0.0058818605
15276	0.0030444186
15277	0.0025042857
15278	0.0002525
15279	0.1553263953
15280	0.0006087209
15283	0.0041369136
15284	0.0041467901
15285	1.5299118605
15286	2.820455
15287	0.0070589535
15288	0.0006056977
15292	0.004262093
15293	0.0015917442
15296	0.0438045349
15297	0.0011890698
15298	0.0046853488
15299	0.0748898837
15300	0.0003554651
15302	0.00113375
15303	0.0014446429
15304	0.0096215116
15305	0.0042795294
15306	0.0694089535
15307	0.0023310465
15308	0.201025
15309	0.0010943023
15311	0.0019296512
15312	0.0002440909
15314	0.000685814
15315	0.0030444186
15316	0.0065161842
15318	0.0066613953
15320	0.0054932877
15321	0.0365234884
15323	0.0010487209
15324	0.000559186
15326	0.0011550769
15327	0.1089874419
15330	0.0016341818
15332	0.000298642
15335	0.0745472093
15336	0.0738661628
15338	0.0005125
15341	0.0018880233
15342	0.0088226744
15344	0.0106768254
15345	0.0024359302
15346	0.0021251765
15347	0.0008505814
15348	0.2382259302
15349	0.0065226744
15350	0.0683809302
15352	0.0023310465
15353	0.0009022727
15354	0.0002543023
15355	0.0004
15356	0.0041546914
15357	0.0003044186
15358	0.0006028571
15359	0.0736417442
15360	0.000515
15361	0.2602902326
15362	0.0013009302
15363	0.0899959302
15364	2.32558139535E-05
15366	0.0753626744
15367	0.0059473418
15368	6.98837209302E-05
15369	0.0412277907
15371	0.074884186
15373	2.32558139535E-05
15374	0.0081027907
15375	0.0003013333
15376	0.0002233333
15377	3.85714285714E-05
15379	0.0001810638
15380	0.0105877907
15381	0.0011009302
15382	0.0142337209
15383	0.0533097674
15384	0.0006015909
15386	0.0070589535
15387	0.000275
15388	0.000559186
15389	0.00001
15392	0.0183152326
15393	0.0070589535
15396	0.011770814
15397	0.0007825
15398	0.005175
15399	0.0001002326
15400	1.17441860465E-05
15401	0.0041558025
15402	0.0143084884
15403	0.0001355814
15405	0.0001866667
15406	0.0038066667
15408	0.035880814
15409	0.0006084615
15410	1.071317093
15411	0.0513274419
15413	0.000429125
15414	0.0004188235
15417	0.0129411628
15418	0.0007227273
15419	0.0008870492
15420	0.0011811111
15421	0.1135248837
15423	0.0016925
15424	0.0043711111
15425	0.0023161628
15426	1.4843861628
15427	0.000054625
15428	0.1118534884
15429	0.0094113953
15430	0.0723497674
15431	0.0010013043
15432	0.0001180233
15433	0.2602387209
15435	0.0021277273
15436	0.012872
15437	0.6775083721
15438	0.0041558025
15439	0.1628573256
15440	0.000769186
15444	0.0496383721
15445	0.0022176271
15447	0.0184522093
15448	0.0004121739
15449	0.000175
15450	0.0002921429
15452	0.0007130556
15454	0.0004810256
15455	0.0004944872
15456	0.20113
15457	0.00003
15458	0.0010710769
15459	0.0005198529
15460	0.1040722093
15461	0.0004944872
15462	0.0033006977
15463	0.00039425
15464	0.0024847674
15465	0.0002905714
15466	0.0004726667
15468	0.0012996512
15470	0.009705814
15472	0.0043839535
15473	0.0001066667
15477	0.0985080233
15478	0.0008392647
15479	0.0040858333
15480	0.0009174419
15481	0.0008280233
15482	0.0075488372
15483	0.012940814
15484	0.008559697
15485	0.0825384884
15488	0.0015630189
15490	0.0878683721
15491	0.0049452326
15492	0.0876418605
15493	0.0008071429
15494	4.4302795349
15495	0.002997093
15496	0.0120543023
15497	0.0035304651
15498	0.0005695238
15499	0.0004944872
15500	0.000215
15501	0.0004385714
15503	0.0007642857
15504	0.0005092593
15505	0.0064704651
15506	0.0830993023
15507	0.00044125
15508	0.0005101163
15509	0.0465133721
15510	0.0034918605
15511	0.000163
15512	0.0003465625
15513	0.0004708772
15514	0.013136747
15515	0.031812907
15516	0.0004285714
15517	0.0004508163
15518	0.0001276744
15519	0.0016447945
15520	0.0053917442
15521	0.0074726506
15522	0.0019576923
15523	0.000577619
15525	0.0004164103
15526	0.0009383333
15527	0.0003382051
15528	0.0029812658
15533	0.005404
15534	0.0003060465
15535	0.0005053333
15536	0.0008120408
15537	0.0542718605
15538	0.0304054651
15539	0.0084867442
15541	0.00021
15546	0.0069916279
15547	0.1113713953
15549	0.0030667606
15550	0.0006624419
15551	0.0004605357
15552	0.0007136047
15554	0.0091665116
15555	0.0061043023
15557	0.0013506977
15559	0.0007554237
15561	0.0003188462
15562	0.9128386207
15563	0.0164133721
15565	0.0004634375
15569	0.012695
15570	0.0376956977
15572	0.0006077273
15573	0.1924502326
15574	0.0015376623
15575	0.089302907
15576	0.00024375
15577	0.000456
15578	0.0105433721
15579	0.0135245
15580	0.0016265385
15581	0.0013582759
15582	0.0053306977
15583	0.0076465116
15584	0.0016485507
15585	0.0004311111
15586	0.0003877778
15587	0.0056714286
15588	0.0008915942
15589	0.080574186
15591	0.0038353488
15592	0.4256596512
15593	0.0008537209
15594	0.0035308333
15595	0.0021991139
15598	0.0006214754
15600	0.0484054651
15601	0.0002296512
15602	0.0017389091
15603	0.0018415789
15604	0.000739186
15605	0.0023272093
15606	0.0032394872
15607	0.0344584884
15608	0.0109338372
15609	0.0090862791
15610	0.0002324138
15611	0.0111313095
15612	0.1901569767
15613	0.0028037209
15614	0.0003693023
15615	0.2740706977
15616	0.0080876744
15617	0.0003245
15618	0.0001930435
15621	0.1472115116
15622	0.0004944872
15624	0.001994375
15625	0.0064704651
15626	0.0048522093
15627	0.0029690698
15629	0.0092998837
15630	0.0007667647
15631	0.0005324324
15632	0.0039377907
15633	0.0038747674
15634	0.0854187209
15635	0.0179790698
15636	0.0009087179
15637	3.1098168605
15638	0.0002961538
15639	0.005102973
15640	0.022107093
15642	0.0848074419
15643	0.0032347674
15644	0.000450625
15645	0.0060530233
15646	0.0036048718
15647	0.8658545349
15648	0.251979186
15650	0.1308372093
15651	0.0810097674
15652	0.1323586364
15653	0.0003214286
15655	0.0443443023
15656	0.0026735
15657	0.0013365
15658	0.000763913
15659	0.0014858
15660	0.0813023256
15661	0.0590332558
15662	0.0058112791
15663	0.0235244186
15664	0.0000716
15665	0.0003495
15667	0.2761263953
15668	0.005180814
15669	0.0321009302
15671	0.0009855769
15672	0.2878877907
15674	0.0018094186
15675	0.0044344186
15676	0.0819646512
15678	0.0084110465
15681	0.0002533333
15682	0.0004584884
15683	0.0067446914
15684	0.0028028
15687	0.0063461628
15690	0.000378
15692	0.0034231395
15694	0.008944058
15695	0.0030582558
15696	0.000322
15697	0.0118622093
15698	0.0042690698
15700	0.0010177922
15701	0.00021
15702	0.0194773256
15704	0.0003310465
15705	0.2080452326
15707	0.0009295349
15708	0.0004915152
15709	0.0092132558
15710	0.0098081176
15711	0.0436795349
15712	0.0002607692
15713	0.0144953488
15714	0.0163559302
15715	0.0001144186
15716	0.0812517442
15717	0.0006805797
15718	0.1640403488
15719	0.0269138372
15720	0.0141985714
15721	0.04535
15723	0.0018931429
15724	0.0035169767
15725	0.0409351807
15726	0.0005879661
15727	0.0002761905
15729	0.042302
15730	0.0002
15731	0.003724625
15735	0.0018974074
15738	0.0003849231
15739	0.000598
15740	0.0003567442
15741	0.0037744186
15742	0.0443975581
15743	0.0124377907
15746	0.0003811765
15747	0.0042310465
15748	0.00042
15749	0.0024177419
15750	0.0001404651
15752	0.0011031481
15753	0.002695814
15754	0.8069074419
15755	0.000267093
15756	0.0124019767
15757	0.0004956923
15758	0.0318134884
15759	0.00251
15760	0.0387651163
15762	0.0014367797
15764	0.0012434247
15766	0.0025908434
15771	0.0803469767
15773	0.0043132558
15774	0.0042690698
15775	0.0006002778
15776	0.1526398837
15777	0.0349595349
15780	0.0031477907
15781	0.0031986047
15782	0.1036017442
15783	0.0003075
15784	0.0037590698
15785	0.0003726316
15786	0.0007486
15788	0.009705814
15790	0.0063103571
15791	0.0002466667
15793	0.0042561628
15794	0.0013823729
15795	0.0011505769
15797	0.0010433333
15798	0.0053917442
15799	0.1490933721
15800	0.0029690698
15801	0.0008794872
15802	0.0005326667
15803	0.0030838372
15804	0.1197619767
15805	0.0005024
15807	0.5251752326
15809	0.0001404651
15810	0.0003390909
15811	0.1767030233
15813	0.0004343548
15816	0.0199303488
15817	0.0039697436
15818	0.0070095349
15819	0.5662274419
15821	0.0002590909
15823	0.0059315116
15825	0.0036319767
15827	0.0495407692
15828	0.0189874419
15829	0.0050928571
15830	0.0001903488
15831	0.0043492683
15833	0.0021281395
15835	0.0005133898
15836	0.0001325
15839	0.0107838372
15840	0.0004202041
15841	0.0157566667
15842	2.52325581395E-05
15844	0.0013170313
15849	0.0007341667
15850	0.0011373333
15851	0.0798631395
15852	0.1071590698
15853	0.050585
15854	0.0010960465
15855	0.0004084615
15856	0.0003389189
15857	0.1901622093
15859	0.0004597778
15860	0.0007257377
15862	0.0004375
15864	4.8826137209
15867	0.0002792857
15868	0.0365641667
15869	0.0010817778
15870	0.0133775
15871	0.0003938462
15872	0.00035
15874	0.0007136047
15876	0.0805252326
15877	0.0004654286
15879	0.0086276744
15880	0.00664
15881	0.0002683784
15882	0.0014194521
15883	0.0004810256
15884	0.0075488372
15886	0.9625869767
15888	0.0005097143
15889	0.5662274419
15890	0.0009345455
15891	0.000174
15893	0.0002457143
15895	0.0079906977
15896	0.1825632558
15897	0.010017093
15898	1.28235294118E-05
15899	0.0877303488
15902	0.0003310465
15903	0.1023939535
15904	0.0423076744
15905	0.000231875
15906	0.0002309091
15908	0.0431868605
15909	0.00017
15910	0.0206026506
15911	0.0011984884
15912	0.002440375
15914	0.0996531395
15915	0.014722907
15916	0.0203259302
15918	0.000426875
15919	0.0027064706
15920	0.0023346512
15921	0.0004230769
15922	0.0051738372
15923	0.0006575
15924	0.0031411842
15925	0.0800534884
15926	0.1304568605
15927	0.0002910714
15928	0.0043132558
15929	0.0040643529
15930	0.0018083951
15931	0.0001545
15932	0.5680733721
15933	0.000102093
15935	2.0036677907
15936	0.0006194286
15937	0.0059315116
15939	0.0067925581
15940	0.0004810256
15942	0.031504186
15943	0.0088648837
15945	0.0041136842
15946	9.33333333333E-05
15948	0.0008030769
15949	0.0053917442
15950	0.0059638372
15952	0.0327431395
15953	0.000797193
15954	0.00121
15955	0.0005341463
15956	0.0759159302
15959	0.0237224419
15960	0.0005454762
15961	0.0007446667
15962	0.0011324
15964	0.0009981818
15965	0.2647172093
15966	0.0010117241
15968	0.6507619767
15969	0.0143911392
15970	0.0005925
15971	0.000095
15973	0.0484769767
15974	0.0089505814
15976	0.0012453333
15977	0.000168
15978	0.0006485484
15980	0.0021754118
15981	0.3913415094
15983	0.0210958824
15984	0.1043789535
15985	0.0021657692
15987	0.0008648485
15988	0.0069834884
15990	0.0032463953
15991	0.00021875
15996	0.0715424419
15997	0.0189383529
15998	0.0002834286
15999	0.0004521622
16000	0.025425375
16001	0.033832381
16003	0.024722093
16005	0.0050527907
16006	0.0196501163
16007	0.0030203488
16008	0.0007136047
16009	0.0045180247
16010	0.0341598824
16011	0.031425
16012	0.0002061538
16013	0.0043962791
16014	0.0016022807
16015	0.00046
16017	0.0004219355
16019	0.001396875
16020	0.0002285714
16021	0.0201980233
16022	0.0181340698
16024	0.2831136047
16025	0.0005483333
16026	0.0804361628
16027	0.0171969767
16028	0.0867056977
16029	0.0094186047
16030	0.0003282353
16031	0.0005875
16034	0.0020126744
16035	0.057954186
16036	0.0008316901
16037	0.0006256522
16038	0.0062430233
16039	0.0002996
16040	0.0006007273
16042	0.0061175581
16044	0.1997011628
16045	0.0002804651
16046	0.0044860465
16047	0.0028206024
16049	0.0020642857
16051	0.001019186
16052	0.0008791935
16053	0.000209
16054	0.0339686047
16056	0.0004194872
16058	0.0011717143
16059	0.0005476471
16060	0.0002618182
16061	0.0043132558
16063	0.0007987931
16064	0.002997093
16066	0.0013722368
16068	0.0029358824
16069	0.0020153488
16070	0.00005
16071	0.012940814
16073	0.0816854651
16074	0.0195231395
16076	0.0036454717
16078	0.0590087209
16079	0.000576875
16082	0.0288175581
16084	0.0001766667
16085	0.0891460465
16086	0.0041811765
16089	0.0263447674
16090	0.0423076744
16092	0.0005152
16093	1.1345165116
16094	0.014452907
16096	0.0069142466
16099	0.0003371429
16100	0.0478939535
16101	0.0010524658
16102	0.0020817333
16104	0.0274187209
16105	0.0005051613
16106	0.001364359
16107	0.2173443023
16108	0.0640505814
16109	0.0004516667
16111	0.012940814
16112	0.009705814
16114	0.000164375
16116	0.0011424419
16117	0.0064704651
16118	0.0679216279
16120	0.00004
16123	0.0063184706
16127	0.0075488372
16128	0.0819525581
16129	0.0807675581
16130	0.0004205814
16132	0.00022
16133	0.0004407692
16134	0.0002285714
16135	0.0214595349
16136	0.0176717333
16137	0.0005625
16138	0.004619375
16140	0.0002433333
16142	0.0002461538
16143	0.0036952326
16145	0.0399309302
16147	0.00069
16148	0.0003620513
16149	0.0085438554
16150	0.000266
16151	0.0043227632
16152	0.0048522093
16153	0.0228366279
16155	0.0001528571
16156	1.28235294118E-05
16157	0.0107838372
16158	0.00525
16159	0.0016079012
16162	0.0002960606
16163	0.0107838372
16164	0.0003492593
16165	0.0252057647
16167	0.009525
16168	0.0004363158
16170	0.1560693023
16171	0.0985556977
16173	0.0003675
16174	0.0009021277
16175	0.0006347826
16177	0.0065550588
16178	0.024704186
16179	0.0048522093
16182	1.28235294118E-05
16183	0.0003078261
16184	0.0099280488
16186	0.0043132558
16187	0.000237
16188	0.0156365116
16189	0.0059315116
16190	0.0003842308
16191	0.0201860465
16194	0.000405
16196	0.0005515278
16197	0.000192
16198	1.2537003488
16199	0.0043132558
16202	0.0003958621
16203	0.002264186
16204	0.0002610526
16205	0.0347011628
16207	0.0018353086
16211	0.0014301389
16214	0.059255
16215	0.0013011392
16217	0.0012967692
16222	0.0018716279
16223	0.00045875
16225	0.00045075
16227	0.000525
16229	0.0026126744
16230	0.00031
16232	0.0002266667
16233	0.0003222222
16235	0.1306959302
16236	0.0081555814
16237	0.000965
16238	0.0010031818
16239	0.0004365854
16240	0.0039957333
16241	0.0005480233
16242	0.0075488372
16243	0.0004675
16244	0.0091665116
16245	0.0007295349
16246	0.0046130233
16247	0.0001775
16248	0.444555
16249	0.0004060714
16250	0.0140193023
16251	0.0009927907
16252	0.0041925581
16253	0.0833781395
16254	0.0183323256
16255	0.000806
16256	0.0064704651
16257	0.0007660714
16258	0.0036373256
16259	0.0001466667
16260	0.0226106579
16261	0.0011338372
16262	0.0003855263
16263	0.0007033333
16264	0.0012023077
16265	0.0033988312
16266	6.5950188889
16268	0.0000775
16269	0.0032347674
16270	0.0041637209
16272	0.0004548
16273	0.0008125
16274	0.0150972093
16275	0.0003273077
16277	0.0307397674
16278	0.0004456977
16279	0.0005839286
16281	0.0013476471
16282	0.0301104651
16285	0.001773
16288	0.0011189831
16289	0.0801562791
16290	0.0004078
16295	0.0809202326
16296	0.0247471084
16297	0.0048522093
16300	0.0005351724
16302	0.0001981818
16305	0.0003545455
16307	0.0049120588
16308	0.2289847674
16309	0.0048933721
16310	0.0007136047
16311	0.0004556522
16312	0.0021226744
16313	0.000665102
16315	0.0048522093
16316	0.0004723077
16319	0.0002165116
16320	0.0005041304
16321	0.00033125
16322	0.4270172093
16323	0.0005196667
16325	0.0030436145
16327	0.02572
16328	0.0113230233
16330	0.0009357143
16331	0.00028
16332	0.0002453125
16333	0.0006875
16334	0.0846517442
16335	0.0819903488
16336	0.0122177419
16338	0.0043132558
16339	0.0003902273
16340	0.0003
16341	0.1171448837
16342	0.0032979487
16343	0.000405
16344	0.0134804651
16345	0.0002882143
16346	0.0081047674
16347	0.0026707059
16348	0.0003128571
16349	0.0094574603
16350	0.0041139241
16352	0.0003085714
16355	0.0007633333
16356	0.0043132558
16357	0.0006871429
16358	0.004925
16359	0.000536
16361	0.000312
16362	0.0817166279
16363	0.0037744186
16364	0.0040139535
16365	0.0668577907
16366	0.00041
16367	0.0188730233
16368	0.0017009756
16369	0.001293375
16371	0.0056194186
16373	0.0148567568
16374	0.0425333333
16375	0.0009815116
16376	0.0958453488
16377	0.0006035294
16378	0.001675122
16379	0.0296556977
16380	0.0032979487
16382	0.0003072222
16383	0.0003003448
16384	0.1602462791
16385	0.0006839394
16387	0.0006544
16388	0.0011180952
16389	0.0003328571
16391	2.52325581395E-05
16392	0.0420989535
16394	0.000625
16398	0.0076330233
16399	0.000675625
16401	0.0008994872
16402	0.003580814
16403	0.0007045
16405	0.0048476471
16406	0.0405765116
16407	0.00066875
16408	0.0002320313
16409	0.1442515116
16412	0.1270518605
16413	0.0016928378
16414	0.0092643023
16416	0.0027373333
16417	0.0226463953
16420	0.3128545349
16421	0.026965
16423	0.0048357895
16424	0.0087360526
16426	0.000425641
16427	0.0006375
16428	0.0024289535
16429	0.0018862791
16432	0.2190058333
16433	0.0522722642
16434	0.0634265116
16435	0.0013888525
16436	0.176097907
16437	0.0020033721
16438	0.1132455814
16439	0.0024165854
16440	0.0022813953
16441	0.0045876744
16442	0.0005427778
16443	0.3844019767
16446	0.0023344444
16447	0.0611501163
16450	0.4195606977
16452	0.0009740385
16453	0.0017655814
16454	0.000998
16455	0.0003857407
16456	0.000739186
16459	0.0010043056
16460	0.0235974419
16461	0.0006055172
16462	0.0088226744
16463	0.0001966667
16464	0.0017404348
16465	0.000282
16466	0.0013637879
16468	0.0009531944
16469	0.0005785366
16470	0.0002366667
16471	0.0029189535
16472	0.0307340698
16475	0.4025343023
16476	0.3126394186
16477	0.0032347674
16478	0.0002685714
16479	0.0331406977
16480	0.0007928571
16481	0.0045769333
16482	0.0001885294
16483	0.0009931034
16484	0.0020063291
16485	0.0008197015
16486	0.0018098837
16487	0.0013346667
16488	0.0003381818
16490	0.0004064407
16491	0.000322069
16492	0.0007966667
16493	7.1144837209
16495	0.0032758974
16496	0.00063
16497	0.0048522093
16498	0.0002616667
16499	0.0020165854
16500	0.000148
16501	0.0007580822
16502	0.0043132558
16503	0.9625869767
16505	0.0479537209
16506	0.0080876744
16507	0.014412907
16508	0.0010579688
16509	0.003673125
16511	0.0491259302
16512	0.0478384884
16513	0.0002446429
16514	0.0225197647
16515	0.6847581395
16516	5.644042907
16517	0.00024
16518	0.0218409302
16523	0.0063337209
16525	0.0037336047
16526	0.0016233721
16529	0.0003591667
16531	0.055427093
16532	0.00024875
16533	0.0004713953
16534	0.0008739535
16535	0.0449709302
16536	0.0788180233
16537	0.0053702597
16539	0.0004944872
16540	0.0032052326
16541	0.0017015152
16542	0.0136923256
16543	0.0023702326
16544	0.0077393902
16545	0.0222293023
16549	0.0150972093
16550	0.7724711628
16552	0.0426272093
16553	0.1502012791
16554	0.0003567442
16555	0.0054578571
16559	0.0458317442
16560	0.00056425
16562	0.0048522093
16563	0.0029087952
16564	0.0182445714
16565	0.0071909412
16566	0.0002781818
16567	0.0002214286
16569	0.032125814
16570	0.00051
16571	0.0007136047
16572	0.0002996
16573	6.3229041861
16577	0.0007609722
16579	0.0069916279
16581	0.0038747674
16582	0.0007802564
16583	0.0001814286
16585	0.00018
16586	0.00047
16587	0.0001935714
16588	0.0002927907
16592	0.00031
16593	0.00012
16595	0.0876874419
16597	0.0111277381
16599	0.0004890625
16600	0.0053917442
16601	0.0032866667
16602	0.0076465116
16603	0.0820033721
16604	0.0009308333
16605	0.0010574419
16606	0.0002228947
16608	0.1555839535
16609	0.0809966279
16610	0.0037336047
16612	0.006702907
16613	0.0053917442
16614	0.0751726744
16615	0.0147639535
16616	0.0096181818
16617	0.0001344444
16618	0.0022162319
16621	0.0043695349
16623	0.0090623256
16624	0.0002423256
16625	0.0001656977
16626	0.0001061111
16627	0.0008058025
16628	0.0199322093
16629	0.0925192308
16631	0.0067418605
16633	0.000152
16634	0.0004077907
16635	0.0004862069
16637	0.0511737209
16638	0.0001633333
16639	0.005119186
16640	0.0005113333
16641	0.0037744186
16642	0.0072826829
16644	0.000342
16645	0.0067162791
16647	0.0007546667
16648	0.0170449412
16649	0.0009031034
16650	0.0093409302
16651	0.0829672
16652	0.0005666667
16653	0.0077473256
16654	0.0028224675
16655	0.0043325581
16656	0.0026394186
16658	0.081634186
16659	0.0377067442
16660	0.046012907
16661	0.0006337037
16662	0.0014780233
16665	0.002695814
16667	0.0065296512
16668	0.0016311628
16673	0.0009844444
16674	0.0386909524
16679	0.002727093
16680	0.0435309302
16681	0.0007436923
16683	0.000225
16684	0.0042853488
16685	0.0006928571
16686	0.0064704651
16687	0.000362
16688	0.0095082558
16689	0.0003747368
16690	0.0004314286
16691	0.0966062791
16692	0.0483033721
16694	0.001023038
16695	0.0006498837
16696	0.0007477778
16697	0.0620537209
16699	0.0002388889
16702	0.0086276744
16705	0.0004677778
16707	0.0021544872
16708	0.0062915116
16709	2.52325581395E-05
16712	0.009705814
16714	0.0024585542
16715	0.0021758025
16716	0.0024582456
16717	0.0004065385
16718	0.005432093
16720	0.0032347674
16721	0.0021268605
16722	0.0333841558
16723	0.0692475581
16724	0.0010764
16725	0.0005606977
16727	0.0809710465
16729	0.00066
16731	0.0006339286
16733	0.0021517722
16734	0.00043875
16736	0.0008751316
16738	0.000222
16740	0.0049485526
16741	0.0003766667
16742	0.0177294186
16743	0.0551498837
16744	0.0013390698
16745	0.0013575
16746	0.0145580233
16747	0.000356
16748	0.0006015789
16750	0.0017594737
16751	0.1654473256
16752	0.0006246512
16755	0.0101131395
16757	0.0059315116
16762	0.0031466667
16763	0.0279672093
16764	0.009362907
16765	0.0100001163
16767	0.0011004054
16769	0.0002330556
16770	0.0161060465
16771	0.000235
16773	0.001677381
16774	0.080639186
16775	0.0003752381
16776	0.0594311628
16777	0.0005214706
16778	0.0007295349
16780	0.0006753488
16783	0.0261427907
16784	0.0016823256
16785	0.0075488372
16786	0.0044026667
16787	0.00036
16788	0.6794727907
16789	0.0048522093
16791	0.0027780233
16792	0.0230398837
16793	0.00023
16796	0.0009116667
16797	0.7360960465
16798	0.651142093
16799	0.0005480233
16800	0.0004763415
16801	0.0003925
16802	0.0031865882
16803	0.0001075
16804	0.0167146512
16805	0.0119964912
16809	0.0003228571
16810	0.00045
16811	0.0003468421
16813	0.0237243023
16814	0.0001871739
16815	0.0140689535
16816	0.0277065116
16817	0.0103623256
16818	0.0007244444
16819	0.000301
16820	0.0116331395
16821	0.0004246429
16823	0.0823224419
16824	0.0846517442
16826	0.0403284884
16827	0.0003144444
16828	0.0005892727
16829	0.0038636667
16831	0.0002751515
16832	0.0054288889
16833	0.0419636047
16835	0.0004484615
16836	0.0070095349
16837	0.0811117442
16838	0.0088254054
16839	0.0839667442
16841	0.0336022222
16843	0.0150055294
16844	0.20648
16845	0.2444755814
16846	0.0014393548
16847	0.0187580952
16848	0.00027
16849	0.0032075472
16850	0.0059315116
16851	0.000894359
16852	0.1273590698
16853	0.0048522093
16854	0.001312907
16858	0.0006302857
16859	0.00187
16860	0.0013074074
16862	0.0081548052
16863	0.0140193023
16864	0.0003464
16866	0.0799925581
16867	0.066597907
16868	0.0804875581
16869	0.02642
16871	0.0032394872
16873	0.0099966279
16874	0.00015
16875	0.0532847674
16876	0.000767541
16877	0.0003825581
16878	0.0048522093
16880	0.0193096471
16881	0.0256269767
16882	0.002917439
16884	0.0335861628
16886	0.2264963953
16889	0.0003815385
16890	0.0087418824
16891	1.1324554651
16893	0.0006104762
16894	0.0320501163
16895	0.0003167857
16899	0.0005033962
16901	0.000102093
16902	0.0204890698
16904	0.0206444186
16905	0.0005544828
16907	7.55555555556E-05
16908	0.000609661
16911	0.0015963636
16913	0.229859186
16914	0.00021875
16915	0.00035
16916	0.0038353488
16917	0.0179790698
16920	0.0859854651
16922	0.0020448837
16924	0.0141522093
16925	0.0013089535
16926	0.0018817442
16930	0.0008177907
16931	0.0208926667
16933	0.0035175581
16934	0.000235
16935	0.004580814
16936	0.0043605814
16938	0.0035175581
16942	0.0010823529
16943	0.0031905814
16944	0.001354375
16945	0.0399209302
16946	0.003435814
16947	2.2442323256
16948	0.0035175581
16949	0.0098705814
16951	0.0003
16952	0.0041725581
16953	0.6138002326
16954	0.0566098837
16955	0.0184272222
16956	0.002290814
16957	0.0035175581
16959	0.000306
16960	0.0398677907
16962	0.0006728
16963	0.0539096512
16964	0.0845340698
16965	0.0016359302
16966	0.0014725581
16968	0.0002454651
16969	0.0015730303
16970	0.0001640698
16971	0.000802973
16972	0.0001640698
16974	0.0007235714
16975	0.00025
16976	0.0364688372
16977	0.0393490698
16978	8.1976744186E-05
16980	0.0004909302
16981	0.000305
16987	0.0003265116
16988	0.0023722093
16992	0.0009816279
16993	0.00197
16994	0.00057
16998	0.105275
16999	0.0006540698
17001	0.001962907
17002	0.00018
17003	1.0105590698
17004	0.0019207692
17006	0.0048260465
17007	0.00119
17008	8.1976744186E-05
17010	0.0004926316
17011	8.1976744186E-05
17015	0.0008996512
17016	0.0040018605
17018	0.0003854545
17019	0.0007717073
17020	0.0001640698
17021	0.00058
17022	0.0029756977
17023	0.000142
17024	0.000800625
17025	0.1382294186
17026	0.001962907
17027	0.0002454651
17029	0.001962907
17030	0.0219751163
17031	0.0101443023
17033	0.0006938889
17034	0.0265793023
17035	0.3454269767
17038	0.0015392
17039	0.0004083721
17040	0.0002454651
17041	0.0009816279
17043	8.1976744186E-05
17044	0.0011816667
17045	0.0004385714
17047	0.0060434884
17050	0.0001640698
17052	0.0007925
17055	0.0152934884
17057	0.0007365116
17059	0.3380367442
17060	0.0002454651
17062	0.0044177907
17064	0.000175
17065	0.0019040909
17066	0.0041725581
17070	0.0008177907
17071	0.0004155814
17076	0.0044430233
17077	0.301674186
17078	0.00024
17080	0.0011583582
17082	0.0014988889
17083	0.0079430233
17085	0.0013089535
17086	0.0001640698
17087	0.0111260465
17089	0.0052937209
17090	0.0007365116
17091	0.0055301163
17094	0.0089168605
17095	0.0028418605
17099	0.0027811628
17100	0.0014725581
17101	0.0004022222
17102	0.003354186
17103	0.0002575
17106	0.004555814
17107	0.0100001163
17111	0.00038
17112	0.0028631395
17114	0.0017181395
17116	0.0002454651
17118	0.0021272093
17119	0.0021272093
17122	0.0020508571
17123	0.007444186
17124	0.0003265116
17125	0.00014
17126	0.0001642857
17128	0.006802907
17129	0.0064627907
17130	0.000103
17133	0.0017998837
17134	0.0015282558
17135	0.0382030233
17136	0.00038
17138	0.0401661628
17143	0.0026993023
17146	0.0694692308
17147	0.0061354651
17148	0.0003552941
17149	0.0060989412
17150	0.0153790698
17151	0.1063145349
17152	8.1976744186E-05
17153	0.0018817442
17154	0.0044990698
17155	0.0216187209
17156	0.0004083721
17158	0.0003885714
17159	0.0008996512
17161	0.0006685
17162	8.1976744186E-05
17166	0.0012269767
17167	0.0003506897
17171	0.0007083333
17172	0.0013906977
17178	0.0005468421
17179	8.1976744186E-05
17180	3.7251591861
17182	0.002647093
17184	0.00123
17185	0.0070352326
17186	0.6993504651
17188	0.0007644444
17189	0.0009275
17193	1.3286338372
17194	0.0008177907
17195	0.0003589474
17199	0.0023802326
17201	0.0027811628
17202	0.0003111111
17203	0.001554186
17206	0.046449186
17207	0.0031086047
17208	0.0004169231
17211	0.0011452326
17214	0.0062173256
17215	0.0013339535
17216	0.0001183333
17218	0.5755389535
17219	0.001962907
17222	0.00046625
17226	0.001962907
17227	0.0001640698
17230	0.5689487209
17231	0.3372161628
17232	0.0020448837
17233	0.0147056977
17234	0.0002454651
17235	0.0011452326
17238	0.0022014815
17239	0.0115347674
17240	0.0580819767
17242	0.0018817442
17246	0.0082351163
17247	0.0002454651
17248	0.0004909302
17249	0.000504
17250	0.0084262791
17252	0.0003307143
17253	0.0008177907
17255	8.1976744186E-05
17256	0.000115814
17258	0.0004763953
17260	0.15553
17261	0.0013356977
17262	0.00228
17263	0.0002545
17266	0.0005846667
17268	0.001619186
17270	0.0011885714
17271	0.0079411765
17272	0.0020792188
17274	0.00011875
17275	0.0018960465
17276	0.00023
17279	0.000226
17280	0.0077221127
17281	0.0035428571
17282	0.0018960465
17283	0.0174095349
17284	0.0040532558
17285	0.0001335294
17286	0.00029
17287	0.0003071429
17289	0.0031626744
17290	0.0006137288
17291	0.0003262222
17292	0.0001409302
17293	0.0002674545
17294	0.0003001818
17295	0.0002532258
17296	0.0003166667
17297	0.2244737209
17298	0.0049153012
17299	0.0011847674
17301	0.0236704651
17302	0.0018567442
17303	0.0008696512
17304	0.00128
17305	0.0015462791
17306	0.0005931481
17307	0.0016582051
17308	0.0256172093
17309	0.0003525581
17310	0.0004182558
17311	0.0122287209
17312	0.0009087209
17313	0.0003763953
17314	0.0108936047
17315	0.0001335294
17316	0.2075422093
17317	0.0040532558
17318	0.007682093
17321	0.0025072727
17322	0.0043666279
17323	0.0011765116
17324	0.0032025581
17325	0.0019709302
17327	0.0060927907
17328	0.0045698837
17329	0.0001866667
17330	0.0006292593
17331	0.0002030233
17333	0.0003113333
17334	0.0014761628
17335	0.00652
17336	0.000897093
17337	0.0018960465
17339	0.0004490698
17340	0.0015294595
17341	0.000243125
17342	0.0006315116
17343	0.0260034884
17344	0.0007819767
17345	6.45833333333E-05
17346	0.0008454651
17347	0.0040532558
17348	0.0036546512
17349	0.000475
17350	0.0002066667
17351	0.0001335294
17352	2.93333333333E-05
17353	0.0014605882
17354	0.000196
17356	0.0002998592
17357	0.0120295349
17358	0.0132831395
17359	0.0023651765
17361	0.057137907
17362	4.57142857143E-05
17363	0.00078375
17364	0.0003701429
17366	0.0001333803
17367	0.0007031395
17368	0.0022985882
17371	0.0026066279
17372	0.0004336364
17373	0.0004222093
17376	0.0040532558
17378	0.001817093
17379	0.0040532558
17381	0.0006707042
17382	0.0011858442
17383	0.0019674419
17384	0.0008018644
17385	0.0071763855
17386	0.0040532558
17387	0.00018
17389	0.0005773077
17390	0.0004465854
17391	0.0001736047
17392	0.000112
17394	0.0001822222
17395	0.0040532558
17396	0.00024625
17398	0.0056290698
17399	0.0023619355
17400	0.0012645349
17401	0.0066769767
17402	0.0001871429
17404	0.0011070886
17405	0.003802907
17406	0.0040532558
17407	0.00018
17409	0.0050947368
17410	0.003534
17412	0.0054809302
17413	0.0013356977
17416	0.0001409302
17417	0.0012645349
17418	0.00025
17419	0.1785568831
17422	0.0025330588
17423	9.72093023256E-05
17424	0.0013638571
17425	0.0007161538
17427	0.0002605814
17428	0.0006207407
17429	0.00036625
17430	0.000570625
17431	0.000695
17432	0.0037387209
17435	0.0001792593
17436	0.0003262222
17437	0.0004058333
17438	0.00043875
17439	0.000142
17440	0.001817093
17443	0.0007257377
17445	0.0029362651
17446	0.0003373077
17447	0.0003012766
17448	0.00011
17449	0.0030431395
17450	0.014275
17451	0.0011314634
17453	0.0047782558
17454	0.0001586667
17455	4.22222222222E-05
17456	0.0040532558
17457	0.0008431395
17458	9.72093023256E-05
17459	3.06097560976E-05
17460	0.0001976667
17461	0.0002664865
17462	0.0060189535
17463	0.0002857447
17464	0.0255822093
17465	0.3363595349
17466	0.000779186
17467	0.0040532558
17468	0.0017565116
17469	0.00036625
17470	0.0061397468
17471	0.0040532558
17472	0.0005504651
17473	0.0003675
17475	0.0003241667
17476	5.6935483871E-05
17477	0.0040532558
17478	0.0018643529
17479	0.0328823256
17480	0.0002605814
17481	0.0005225352
17482	5.6935483871E-05
17483	0.0031997647
17485	0.0001755556
17486	0.0007266667
17489	0.00005375
17490	0.0004134545
17492	0.0229817442
17493	0.0002938889
17494	0.0002760606
17495	0.00005375
17496	0.000693
17497	0.0004441176
17498	0.0005789535
17499	0.0003525581
17500	0.0003573333
17501	0.0006662745
17503	0.0014605882
17504	0.048422907
17505	0.0003573333
17507	0.0040532558
17508	0.0040532558
17509	0.0009546512
17512	0.0013467089
17514	0.0001065116
17515	0.0002987879
17516	0.0040532558
17517	0.0032225
17518	0.0003513953
17520	0.0036546512
17521	0.0008431395
17522	0.0006087209
17523	9.72093023256E-05
17524	0.0016395238
17525	0.0028872152
17526	0.0018937736
17527	0.0096454651
17528	0.0002727273
17529	0.0007341071
17531	0.0289236905
17532	0.0028813953
17533	0.0020704706
17534	0.0026002326
17535	0.038082907
17536	0.0014167532
17537	0.000115
17538	0.000800597
17539	0.0003701429
17541	0.0006407143
17542	0.5603128049
17543	0.0005559615
17544	0.0001183333
17545	0.0006385714
17546	0.0073806977
17547	0.0014605882
17548	0.001938642
17549	0.0025295349
17550	0.0018707792
17551	5.15789473684E-05
17552	0.0030466279
17553	0.0005841935
17554	0.0407987209
17555	0.0007103488
17556	0.000112029
17557	0.0386761628
17558	0.0003663953
17560	0.0036443023
17561	0.00026
17563	0.0014912195
17564	0.0019354651
17565	0.0037387209
17566	0.0008081818
17567	0.0019373585
17568	0.0003584091
17570	0.0004919767
17572	0.0001453488
17573	0.0014761628
17574	0.0040532558
17576	0.0003080769
17577	0.0013031395
17578	0.0016372973
17579	0.0035839535
17580	0.0003
17581	0.0021780233
17583	0.0008875
17584	0.0028118605
17585	0.0004698
17586	0.0822584884
17587	0.0001335294
17588	0.0004213636
17592	0.0466660465
17593	0.0035839535
17594	0.0014605882
17595	0.0012243023
17596	9.72093023256E-05
17597	0.0002354545
17598	0.0041474419
17599	0.0025473256
17601	0.00011875
17602	0.000347907
17603	0.0149851163
17604	0.0020538372
17606	0.0013904651
17607	6.53333333333E-05
17608	0.00018
17609	0.0004594828
17610	0.0055515116
17611	0.0909922093
17612	0.0004693182
17613	0.122199186
17614	0.00011
17615	0.0047790698
17617	0.0001893333
17618	0.0326654651
17619	0.1029027907
17620	0.0003653333
17621	0.0014037255
17622	9.72093023256E-05
17624	0.0001409302
17626	0.0026002326
17627	0.008075814
17628	0.0011106667
17629	0.0003701429
17630	0.0012645349
17631	0.000060339
17633	0.002555
17634	0.0384104651
17636	0.00048875
17637	0.0006251429
17639	0.000695
17640	9.73684210526E-05
17643	0.0007782
17644	9.72093023256E-05
17645	4.57142857143E-05
17646	0.0001335294
17647	0.0005952941
17650	0.0013819767
17651	9.72093023256E-05
17652	0.000035
17653	0.0135327907
17654	0.0255112791
17655	0.0006095652
17656	0.0167463934
17657	0.0015142
17658	0.0003232075
17662	0.096565
17663	0.0016165116
17665	0.002175
17668	0.038082907
17670	0.0052706977
17671	0.0028118605
17673	0.0011765116
17674	9.72093023256E-05
17675	0.0013781818
17678	0.00128
17679	0.0021084884
17680	0.001265
17681	0.00249575
17682	0.0033030233
17683	0.0004465957
17684	0.000019
17685	0.0007397436
17687	0.0105419767
17688	0.003650814
17689	0.0024598837
17691	6.64285714286E-05
17692	0.0003701429
17693	0.0004548889
17694	0.0040532558
17695	0.0015415294
17696	0.0040532558
17697	0.0006326744
17698	0.0868694186
17699	0.0001025
17700	0.000233
17701	0.0004503846
17703	0.0301503488
17704	0.00004
17705	0.0003154545
17706	0.0002210526
17707	0.0025092857
17708	0.01773375
17709	0.0004183333
17710	0.0002888889
17711	0.00026
17712	0.0008454651
17714	0.0005754545
17715	0.0579102326
17718	0.00031875
17719	0.0004919767
17720	9.72093023256E-05
17721	4.29411764706E-05
17722	0.0013033333
17723	0.0315467442
17724	0.0413031765
17725	0.0568917647
17726	0.0050598837
17728	0.0040532558
17729	0.000399
17730	0.0001409302
17732	0.0033075806
17733	0.00036
17734	0.0023331765
17735	0.0013819767
17737	0.000255
17738	0.0031626744
17739	0.0011525
17740	0.0004442857
17742	0.00011875
17743	0.0040532558
17745	0.0010265116
17747	0.2706925581
17748	0.0002868571
17749	0.0045698837
17751	0.0002941176
17752	0.3639809302
17753	0.0004657647
17754	0.0028044186
17756	1.33333333333E-05
17757	0.0006005882
17758	0.00007
17759	4.90697674419E-05
17760	0.0005094737
17761	5.6935483871E-05
17763	0.0003262222
17764	0.7854740698
17766	0.000542963
17767	0.0000996
17768	0.0013036047
17769	0.001967625
17770	0.0010265116
17771	0.0137635135
17774	0.0007562791
17775	9.72093023256E-05
17776	0.0006733333
17779	5.03571428571E-05
17780	0.0040532558
17782	0.000411875
17783	0.0002975
17784	0.0001494521
17788	0.0003262222
17789	0.0004647674
17790	0.01611
17791	0.0016866279
17793	0.0024238372
17794	0.0007362821
17795	0.0014605882
17796	0.000082
17797	0.0006783333
17798	0.004939186
17799	0.0031269767
17800	0.000607
17802	0.00181
17804	0.0002313953
17805	0.0008054651
17806	0.0155112195
17807	0.0650789535
17808	0.0001218519
17809	0.0001472727
17810	0.0002738095
17811	0.0004395
17812	0.0007031395
17813	0.001817093
17814	0.000280814
17815	0.1775272093
17816	0.0003967164
17818	0.0012243023
17819	0.0236093478
17823	0.002015
17826	0.0001525
17827	0.0016165116
17828	0.002637093
17829	0.001332907
17830	0.0065141176
17831	0.00013
17833	0.0006833333
17834	3.7358490566E-05
17835	0.2438583721
17836	0.0003440909
17837	3.33333333333E-05
17839	0.000312963
17840	0.000280814
17841	0.0031884884
17842	0.0014290323
17843	0.0022373171
17844	9.72093023256E-05
17845	0.0003262222
17846	0.0003756667
17847	0.06276
17848	0.0570669767
17850	1.5217934884
17851	0.109632907
17853	0.0006326744
17854	0.0001492593
17855	0.0016983721
17856	0.0011396512
17857	0.0040532558
17858	0.0044046032
17859	0.0037387209
17860	0.0004773134
17862	0.000680641
17863	0.003534
17865	0.00032625
17866	0.0088051163
17867	0.0080719048
17868	0.0002939286
17869	0.00001
17871	0.0008794915
17872	0.0008431395
17873	0.0013356977
17874	0.000555
17875	0.0137747674
17877	0.0014605882
17879	0.0005624419
17881	0.0024598837
17882	0.0009140698
17884	0.0003134
17885	0.0042661628
17886	0.0001409302
17887	0.0087588525
17889	5.6935483871E-05
17890	0.0041468605
17891	0.0040532558
17892	0.0010659302
17893	0.0040532558
17894	8.81176470588E-05
17897	0.0114561628
17898	0.0003369412
17899	0.0037952326
17900	0.0005144
17901	0.0013655
17902	0.0004170588
17903	0.0627847674
17904	0.0013356977
17905	0.0003603846
17907	0.0080373913
17908	0.0006728
17909	0.0014605882
17910	0.0027612791
17911	0.0023894186
17912	0.0012133333
17913	0.00080575
17914	0.0009518605
17915	0.0455132558
17916	0.0008801163
17917	0.0040532558
17919	0.0002925
17920	0.0040763953
17921	0.0004120833
17922	0.0001453488
17923	0.1660398837
17924	0.0009495349
17925	0.0007495745
17926	0.0010832432
17927	0.0055322093
17928	0.0001333333
17931	0.0004141176
17932	0.0031626744
17935	0.0006942222
17936	0.0010659302
17938	5.18181818182E-05
17940	0.0007575
17941	0.0135327907
17942	0.0003701429
17943	0.0040532558
17944	0.1882452326
17945	0.0011325
17947	0.0324277907
17948	3.06097560976E-05
17949	0.0001416667
17952	0.0011448718
17955	0.0044975581
17956	0.0040532558
17957	0.0099764198
17958	0.0006086047
17959	0.0011407692
17960	0.0007031395
17961	7.21621621622E-05
17963	0.00041875
17964	0.0001378125
17965	0.0040532558
17967	0.0006417647
17968	0.002036
17969	0.0037917442
17970	0.0014605882
17972	0.005352
17973	0.0048931395
17974	0.0018773913
17976	0.0003525581
17977	0.001332907
17978	0.0021488462
17979	0.0004186667
17980	0.0030034783
17981	0.0014053488
17982	0.002039625
17983	9.72093023256E-05
17985	0.000305
17986	0.01369
17988	0.0003763953
17989	0.0061139535
17991	0.000255
17994	5.6935483871E-05
17996	0.001522029
17998	0.0004408889
17999	0.0002375
18000	0.085597093
18001	0.0068104651
18003	0.0012534
18004	0.0002416667
18006	0.0001021053
18007	0.0012615909
18008	0.0012243023
18011	0.0268158065
18013	0.0004033333
18014	0.000198
18016	0.0000435
18018	0.001195
18019	0.0010659302
18020	0.00035
18021	0.0017609091
18022	0.00041625
18023	0.0005592982
18024	0.0008377778
18025	0.0068104651
18026	0.0011765116
18027	0.0004763953
18029	0.0909922093
18030	0.1460789412
18031	0.0809243023
18032	0.0001384211
18033	0.0037387209
18034	0.00001
18037	3.06097560976E-05
18039	0.0017772093
18040	0.0014605882
18041	0.0002465455
18042	0.0017596875
18043	0.000092
18044	0.0003495238
18046	0.0011452326
18047	0.0003530769
18048	7.04651162791E-05
18049	0.0005841935
18050	0.0040532558
18051	0.00005375
18052	0.0010367647
18053	0.007134321
18054	0.0143638372
18055	0.0001125
18056	0.0008392308
18058	0.0012887209
18059	0.000783
18060	0.0001425
18061	0.0001188571
18063	1.2618574419
18064	0.0002543939
18065	0.000347931
18066	0.0008852381
18067	0.0206626744
18068	0.0020538372
18069	0.0007855556
18070	0.0003525581
18071	0.0109640698
18072	0.0005841935
18073	0.003785641
18074	0.000539
18076	0.0001188571
18077	0.5485851163
18078	0.0015462791
18079	0.0001416667
18080	0.0009140698
18081	0.0002075472
18082	0.001675
18084	0.0014605882
18085	0.0007043939
18088	0.00025
18089	0.0003262222
18090	0.0059032558
18091	0.000877093
18093	0.00018
18094	0.0012227273
18095	0.00097
18096	0.0040532558
18098	0.0045765217
18099	0.000407
18100	0.0004706667
18101	0.0012466279
18102	0.0005913636
18104	0.0040532558
18105	0.0065356977
18106	0.0011056977
18107	0.000175
18108	0.0001983333
18109	0.005197619
18110	0.000926
18112	0.0013777647
18113	0.0002761905
18114	0.000454375
18115	0.0595268605
18118	0.000347907
18120	0.000015
18121	0.0001409302
18122	0.0007066279
18124	0.0003525581
18125	0.0007009302
18127	0.0330354651
18129	0.0132722093
18131	0.00074
18132	0.0015474684
18133	0.0530615116
18135	0.001229375
18136	0.0004909756
18138	0.0121659091
18141	0.0040532558
18144	0.0039098837
18145	0.0004640698
18146	5.6935483871E-05
18147	0.0040532558
18149	0.0038567059
18150	0.0005381818
18152	0.0018273256
18153	0.0042840698
18154	0.0004508333
18155	0.0078535366
18156	9.72093023256E-05
18157	0.0006491026
18158	0.0028397674
18160	0.003534
18163	0.0001716667
18164	0.0016983721
18165	0.0135327907
18166	5.57777777778E-05
18167	0.0001188571
18169	0.000154
18171	5.6935483871E-05
18173	0.0058588525
18174	0.0050053659
18176	0.0011452326
18177	9.72093023256E-05
18178	1.518405814
18179	0.0013904651
18180	0.0006803488
18181	0.0013904651
18182	0.0083630233
18183	0.0037243023
18184	0.0032326744
18185	0.0003374545
18186	0.0032326744
18190	0.001364
18191	0.0001677778
18192	0.000695
18194	0.0007667273
18195	0.0013985455
18196	0.0004603571
18197	0.0001866667
18198	0.00018
18200	0.0001188571
18202	0.0006295918
18203	0.0014761628
18204	9.72093023256E-05
18206	0.0003462963
18207	0.0001736047
18208	0.1121296154
18212	0.0002157692
18213	9.30769230769E-05
18214	0.0005317544
18219	0.000280814
18220	0.0006625
18221	0.0001409302
18225	0.0006326744
18226	0.0026001176
18227	0.0029944444
18228	0.00014
18230	3.06097560976E-05
18231	0.000839375
18232	0.0012243023
18233	0.0023214545
18234	0.0016165116
18235	0.0003965217
18236	0.0002605814
18237	0.0006496471
18238	0.0498298837
18239	0.0103732432
18240	0.004445119
18241	0.004087
18242	0.0014611628
18244	0.0033736047
18245	0.0002726087
18246	0.00005375
18247	0.0174840678
18250	0.0002134694
18251	0.1775977907
18252	0.0022207813
18253	0.0005623077
18256	8.81176470588E-05
18257	0.0011223256
18258	0.0029365
18259	0.0001409302
18261	0.000731
18262	0.00071
18263	0.0003833721
18264	0.0040532558
18265	0.0004655556
18267	0.0056924419
18268	0.000154
18269	0.0280384615
18270	0.0002233333
18271	0.0014476471
18272	0.0026459302
18273	0.00001
18274	0.0009435135
18275	0.0226297674
18276	0.0007555102
18277	0.0030218605
18278	0.0013819767
18279	0.0025849091
18280	0.0003701429
18281	0.0031626744
18282	0.0040532558
18283	0.0045415493
18285	0.0303611628
18286	0.0006783529
18287	0.0011452326
18288	0.0067937037
18289	0.0267765116
18291	0.0006477049
18293	0.0004640698
18295	0.0003118182
18297	0.0238511905
18299	8.68421052632E-05
18300	0.0012243023
18302	0.0506908235
18304	9.29166666667E-05
18305	0.0020932558
18306	0.0915140698
18308	0.000695
18309	5.89285714286E-05
18310	0.0105163953
18311	0.0003506452
18313	0.0001333333
18314	0.0040532558
18317	0.00072
18318	0.0001125
18320	0.0004794231
18321	0.0007763953
18322	0.0028813953
18324	0.0060337209
18325	0.0005710526
18326	0.0001409302
18327	0.0010539535
18328	0.0018960465
18333	0.0011231646
18334	0.000695
18335	0.0005804651
18336	0.0040532558
18337	0.0040532558
18338	0.0002834
18339	0.0003377143
18341	0.0009773333
18342	0.00046
18344	0.0011188
18345	0.0040532558
18346	0.0001736047
18347	0.0040532558
18348	0.0040532558
18349	0.0010442
18351	0.0007923729
18352	0.0166476744
18353	0.0130018605
18354	0.0020538372
18355	0.0006467692
18356	0.0003254167
18357	0.0003134
18359	0.0006326744
18360	0.0056290698
18361	0.0016983721
18362	0.0001166667
18364	0.0003525581
18365	0.0008886047
18366	0.001528125
18367	0.0001725
18368	0.000695
18371	0.0023194186
18373	0.00041
18374	0.000261
18375	0.0016608333
18376	0.000226
18377	0.1178852326
18378	0.0007616279
18379	0.0008081395
18381	0.0007604878
18382	0.000396
18383	0.0001409302
18386	0.0042869767
18387	0.0024147674
18388	0.0506726744
18389	0.01792
18390	0.0032166279
18391	0.0005927907
18394	0.0045698837
18395	0.0040532558
18397	5.86956521739E-05
18398	0.0001489474
18401	0.0005812766
18403	0.0009848837
18405	0.0015462791
18406	0.007132093
18407	5.15555555556E-05
18409	0.0002030233
18410	0.0004013953
18411	0.0007596154
18412	0.000115
18413	0.000238
18414	9.64285714286E-05
18417	0.001619186
18418	0.00016
18419	0.0004711765
18422	0.0073801163
18424	0.0008251163
18425	0.0013339394
18426	0.0001409302
18427	0.0004083333
18429	0.0002605814
18432	0.000095
18433	0.0037387209
18436	1.85714285714E-05
18437	0.0003573333
18438	7.54761904762E-05
18439	0.0004716667
18440	0.0028813953
18442	2.33333333333E-05
18444	0.0015142
18445	0.0001335294
18446	0.0040532558
18447	0.0040532558
18448	0.0002030233
18449	9.72093023256E-05
18452	0.0001335294
18453	9.69565217391E-05
18454	0.0001666667
18455	0.00337
18458	0.0003513953
18459	3.06097560976E-05
18460	0.0007031395
18462	0.0003642857
18463	0.0040532558
18464	0.0004182051
18465	0.0006631707
18466	0.9948382558
18467	0.0004509375
18468	0.1505667442
18469	0.00141
18471	0.000115
18473	0.041412093
18475	0.000105
18476	0.0013
18477	0.0036616667
18478	0.0039479747
18479	0.0004714286
18480	0.0007417442
18481	0.0757201163
18482	0.0019196154
18484	0.0002030233
18485	0.2482711628
18487	0.000779186
18488	0.0030252326
18490	0.0001557895
18492	0.00049
18493	0.00138
18494	0.0008528235
18496	0.0048917391
18497	0.0003033333
18498	0.0006302564
18500	0.0007732558
18503	0.004217093
18504	0.0016866279
18505	0.00011875
18506	0.0029
18507	0.0003701429
18508	0.0040532558
18510	0.0040532558
18511	0.0008054651
18512	0.0001453488
18513	0.0004112791
18514	0.0042869767
18516	0.0461736047
18518	0.0003513953
18519	0.0003763953
18520	4.70238095238E-05
18522	3.67647058824E-05
18525	0.0040532558
18526	0.0023303488
18527	0.062549186
18528	0.00011
18529	0.0002762963
18530	0.0003525581
18531	0.0003718519
18532	0.0008081395
18533	0.000695
18534	0.0413245349
18536	0.0089256977
18538	0.003795814
18539	0.0017378873
18540	0.0003984314
18541	0.0006681481
18542	0.0002366071
18543	0.0099174419
18547	0.0051670423
18548	0.0004821951
18550	0.0009277907
18551	0.007424186
18552	0.0003573077
18555	0.0004057143
18556	0.000499
18558	0.0011191176
18560	0.000242093
18561	0.0022595455
18562	0.0117528571
18563	0.0117528571
18564	0.000412069
18565	0.0009632558
18567	0.0069739535
18568	0.0047668
18569	0.0003066667
18570	0.000366129
18571	0.0008222093
18575	0.0703606977
18576	0.0019362791
18577	0.0026521622
18578	0.2820094186
18579	0.0004457377
18580	0.0014546296
18581	0.00773
18582	0.0027577907
18583	0.0019003279
18584	0.0003222222
18585	0.0005058333
18586	0.0006093333
18588	0.188205
18589	0.0155652941
18590	0.0003407692
18592	1.1863161628
18593	0.0001952326
18596	0.02173
18597	0.0005516418
18598	0.0761004651
18602	0.0005491803
18604	0.0013166667
18605	0.0009193023
18609	0.23526
18611	0.0014958025
18613	0.0002523077
18614	0.0702226316
18615	0.0003817949
18616	0.00144
18617	0.110598
18618	0.0058689091
18619	0.0081334884
18620	0.0019344186
18621	0.005350119
18622	0.0292761628
18623	0.0467345349
18626	0.0131246914
18627	0.0394402381
18628	0.0075609302
18629	0.0011353061
18632	0.0003271429
18633	0.0354598837
18634	0.0075948837
18635	0.0006476
18636	0.027842907
18637	0.0185167442
18638	0.0002181818
18639	0.0012037209
18640	0.0009103636
18641	0.0012576744
18642	0.0009883333
18643	0.000262
18644	0.000523
18645	0.0006540625
18647	0.0003063636
18648	0.0002680952
18651	0.0004244118
18652	0.0038455294
18653	0.0076681707
18654	0.0009682558
18655	0.025940814
18656	0.0177451948
18657	0.0430507059
18658	0.0122283721
18659	0.1759959302
18660	0.1068965116
18661	0.0048242857
18662	0.0013035714
18663	0.0042102381
18664	0.0479488372
18665	0.3433772093
18667	0.00014
18668	0.0007808333
18669	0.0007288679
18672	0.0011968919
18673	0.2309025
18674	0.4997527907
18675	0.0238311905
18676	0.0041605814
18680	0.0145016279
18682	0.0175963953
18685	0.0003848649
18686	0.0305738372
18687	0.050312907
18688	0.0014469333
18690	0.0001673684
18691	0.188205
18692	0.0032930233
18693	0.0006926316
18694	0.0003595
18695	0.0004060606
18696	0.0011431429
18697	0.0156023529
18699	0.0021150649
18700	0.0050342857
18702	0.002740814
18703	0.0003357143
18704	0.0004036364
18705	0.0563816279
18708	0.0010698413
18709	0.0004714706
18711	0.0056290698
18712	0.0002163636
18713	0.0006363265
18717	0.0030686047
18718	0.0007680952
18721	0.0068504706
18722	0.1620310465
18723	0.0007325
18724	0.2422026744
18725	0.0010156338
18727	0.0003025
18729	0.0003758621
18731	0.0024725
18732	0.000306
18733	0.0066610465
18734	0.0060867143
18736	0.0175752326
18737	0.0006966667
18738	0.0760617949
18739	0.0002233333
18740	0.000368125
18741	0.2286065116
18742	0.0538362791
18743	0.0013066234
18744	0.0007921429
18746	0.0744172941
18747	0.0007144068
18748	0.0512905814
18749	0.0001952326
18750	0.0005371429
18751	0.0022769231
18752	0.0525853488
18753	0.7862894186
18754	0.0011008219
18755	0.0011817568
18756	0.0043334884
18757	0.000695
18758	0.0036287209
18759	0.0007236364
18760	4.81395348837E-05
18761	0.005197625
18762	0.0009025373
18763	0.0286109302
18764	0.0023856098
18766	0.0004522222
18767	0.0003408163
18768	0.0438175581
18770	0.0047870238
18771	0.0009277907
18772	0.0056620588
18773	0.0009277907
18774	0.0264484211
18775	0.0016124286
18776	0.000415
18777	0.0004973529
18778	0.0004841667
18779	0.0021856522
18780	0.0598303488
18782	0.00111
18783	0.0007483582
18784	0.010219125
18785	0.0009632558
18786	0.0006801818
18787	0.0299937209
18788	0.0005170455
18789	0.0008132857
18790	0.00351725
18791	0.0003472414
18792	0.001525493
18793	0.0630742353
18796	0.0002
18797	0.0021152941
18798	0.1966680233
18800	0.030384
18802	0.0009323077
18803	0.0026084884
18805	0.7615176744
18806	0.00049
18807	0.0002377778
18808	0.0022718293
18809	0.0609115116
18811	0.00245
18812	0.0004095745
18813	0.0012432432
18816	0.1787360465
18817	0.3884690698
18818	0.03721
18820	0.0003490476
18821	0.0003055
18822	0.006355443
18823	0.0088226744
18824	0.0001613333
18825	0.0008845614
18826	0.00015125
18827	0.0005112121
18828	0.0215277907
18831	0.00043
18833	0.0007217647
18836	0.0014123214
18837	0.000288209
18838	0.0040154651
18839	0.0005737736
18840	0.0004812791
18841	0.002815
18843	1.96666666667E-05
18844	0.0001617647
18845	0.0006775581
18846	0.0003818519
18848	0.0003983333
18849	0.0042287059
18852	0.0052937209
18856	0.0004352632
18858	0.0013327869
18859	0.0059653333
18862	0.0030247674
18863	0.0005233333
18865	0.149762093
18867	0.1008777907
18868	0.0019732143
18869	0.00651
18870	0.0219873256
18871	0.0009993478
18872	0.1791233721
18873	0.0007474286
18874	0.0945674419
18876	0.0117594186
18877	0.0003596296
18878	0.0077044186
18879	0.00028625
18880	0.0062646512
18881	0.0223497674
18882	0.0010296053
18884	0.000345
18885	0.0003378947
18886	0.2263518605
18888	0.0638082558
18889	0.0002722222
18890	0.1875269767
18891	0.0002364516
18893	0.0003917442
18894	0.0066275
18895	0.2816865116
18896	0.000334878
18898	0.001587093
18900	0.0005845455
18901	0.0034239286
18906	0.0001765
18907	0.0005976
18908	0.0079644706
18911	0.0021244444
18912	0.00099
18913	0.1091372093
18914	0.0004812121
18915	0.0068523256
18916	0.0012046269
18917	0.0411683721
18921	0.00098625
18922	0.002804557
18923	0.000247
18925	0.0012665672
18926	0.0011161972
18927	0.0036337288
18928	0.0019943836
18929	0.0007875714
18930	0.0143675581
18931	0.0053651429
18932	0.000332
18933	0.0011078182
18934	0.0059626786
18935	0.0024021176
18937	0.0035761628
18938	0.0022206977
18941	4.81395348837E-05
18942	0.0005568421
18943	0.0013407143
18944	0.0008748611
18945	0.0020618182
18946	0.0008474286
18948	0.0004205882
18949	0.0007120896
18951	0.0019260465
18952	0.0019217143
18953	0.0911044186
18955	0.00015
18956	0.0006060465
18957	0.0001952326
18958	0.0004826087
18959	0.0047196512
18960	0.0006935593
18961	0.00121
18962	0.0004772727
18963	0.0004356977
18964	0.024165
18965	0.0262190588
18966	0.003067377
18967	0.3261663953
18969	0.0019175676
18970	0.000870814
18971	0.0022839535
18972	0.014997093
18973	0.0001538095
18975	0.0154654651
18976	0.0445535294
18978	0.0252040698
18979	0.0015195918
18980	0.000454375
18981	0.0002609091
18982	0.0004242105
18983	0.0012037209
18985	0.0108695349
18987	0.0002366667
18990	0.0010814865
18991	0.2128801163
18992	0.0025988889
18993	0.0005414815
18994	0.0011766234
18995	0.0011540299
18996	0.0016774359
18997	0.384927907
18998	0.0536652703
18999	0.0505922093
19000	0.001733
19001	0.062642907
19003	0.0311482558
19004	0.0010866667
19005	0.1509402326
19006	0.0008510294
19007	0.0005130769
19008	0.0032482558
19009	0.0004201961
19010	0.0424426744
19012	0.0003857692
19014	0.0008075
19015	0.0164962791
19016	0.0004611429
19017	0.7286486047
19018	0.0005511765
19019	0.0005791489
19022	0.0033377907
19025	0.000494
19027	0.0228561446
19028	0.0012102326
19029	0.000654
19031	0.0953793023
19033	0.0001785714
19034	0.0031397403
19035	0.0002153125
19036	0.0007418605
19037	0.0002454545
19040	0.0210436047
19041	0.9062374419
19042	0.0009952778
19043	0.0020474359
19044	0.0006138095
19045	0.0270196512
19048	0.000158125
19049	0.0011850909
19051	0.0004935484
19052	0.0394818421
19053	0.0059711111
19054	0.000238125
19056	0.0023830612
19059	0.0010008333
19060	0.0013864557
19062	0.0024181481
19064	0.0208968605
19067	0.0652145349
19068	0.0419806452
19069	0.0003917442
19070	0.0006807576
19071	0.0079037333
19074	0.0004475
19075	0.0008189655
19076	0.0008351613
19077	0.0003644
19080	0.0003926087
19081	0.0006548276
19083	9.72093023256E-05
19084	0.001524127
19085	0.0003885714
19086	0.0002957143
19087	3.1445882558
19088	0.0005869767
19089	0.0004825
19090	0.018065
19091	0.0003471429
19092	0.0245265116
19093	0.0003321311
19094	0.4264059302
19095	0.7873593023
19096	0.000749697
19098	0.00094
19099	0.0005038462
19100	0.0046667188
19103	0.0111588372
19104	0.0004921053
19106	0.0004710169
19107	0.0003525
19108	0.0097560241
19109	0.0751772093
19110	0.0005548718
19111	0.0423631395
19112	0.0011409677
19113	0.0004188235
19114	9.44444444444E-05
19115	0.00032
19118	0.0036489474
19119	0.0006703846
19120	0.0069445614
19121	0.0424751163
19122	0.00048
19123	0.0004567857
19125	0.000378125
19126	0.0002263636
19128	0.0003931818
19129	0.0560968605
19132	0.0003196154
19134	0.0005889189
19137	0.0022533721
19138	0.0074137805
19139	0.0110575294
19140	0.0002086667
19141	0.0065793651
19142	0.0015459459
19144	0.000492
19147	0.0351124096
19149	0.000125
19150	0.0009277907
19151	0.0005611321
19152	0.0028208861
19153	0.0036117442
19155	0.000365
19156	0.0018477778
19158	7.441072093
19160	0.0005235
19162	0.0007103077
19163	0.0007571111
19164	0.0013807792
19165	1.2167594186
19166	0.0026484884
19168	0.0396794186
19169	0.0077044186
19170	0.0023198837
19171	0.0321880233
19172	0.0014651351
19173	0.2830537209
19174	1.1224817442
19175	0.003852093
19177	0.0031295349
19178	0.0232688372
19180	0.0010944156
19182	0.00034
19183	0.0182865116
19184	0.0007713636
19185	0.013328
19186	0.0022010976
19187	0.0003961538
19188	0.0512911628
19189	0.000315641
19190	0.0017898837
19191	4.81395348837E-05
19192	0.0001952326
19195	0.002784186
19196	0.0004053333
19199	0.0337747674
19200	0.000555
19202	0.0055709589
19203	0.0002021622
19206	0.0006445614
19207	0.0199531395
19208	0.0003435714
19210	0.002167093
19211	0.0094651163
19212	0.0004119048
19214	0.0004332075
19216	0.0012409677
19218	0.0002364706
19219	9.72093023256E-05
19221	0.00042625
19222	0.0008372727
19223	0.00045125
19224	0.0021558442
19226	0.2705643023
19228	0.0366688372
19229	0.0007743939
19230	0.0005781481
19231	0.0036898
19232	0.004982907
19234	0.005872907
19236	0.0014061905
19237	0.0019719753
19238	0.0171307059
19239	0.0585347674
19242	0.0539416471
19243	0.0035290698
19244	0.1048738372
19245	0.0091490698
19246	0.0007284615
19247	0.0004446154
19248	0.0380501163
19249	0.0006211429
19252	0.0005572414
19256	0.0007742029
19257	0.0016926744
19258	0.0082150649
19259	0.0042724706
19260	0.003666506
19261	0.0627445349
19264	0.0031157143
19265	0.003744557
19266	0.0017012195
19267	0.006905
19268	0.0011830357
19270	0.505649186
19271	0.0079125806
19272	0.0136482558
19273	0.0585347674
19274	0.0002042857
19276	0.0003871429
19277	0.0007734884
19278	0.0003975
19279	0.0127245349
19280	0.0003541176
19281	0.000870814
19283	0.0001330769
19284	0.0155478824
19285	0.0003
19286	0.0129206977
19287	0.000721194
19288	0.0007542857
19289	0.0014516279
19290	0.0762707895
19291	0.03153
19292	0.0285076744
19293	1.6978159302
19295	0.00478575
19296	0.0013640845
19297	0.0010640698
19298	0.0023127397
19299	0.0765164179
19301	0.0579472093
19302	0.0004820408
19303	0.0004812791
19304	0.0441160465
19305	0.0003319444
19306	0.0029575676
19307	0.0123180952
19308	0.0004804348
19310	0.0002117857
19312	0.0010523881
19313	0.0016641667
19314	0.0003588889
19315	0.000634375
19316	0.013830814
19318	0.0788277907
19319	0.0697004651
19320	0.0007048649
19321	0.0778472093
19322	0.0019272308
19324	0.0035403529
19325	0.0636153488
19326	0.0003415385
19327	0.0002670732
19328	0.0028536471
19329	0.0008061905
19330	2.28358208955E-05
19332	0.001176375
19333	0.1466302326
19334	0.0934140698
19335	0.0282039535
19336	0.0321430233
19338	0.0014138095
19339	0.0072925581
19340	0.0003876596
19341	0.0011839583
19342	0.00059
19343	0.0103754651
19344	0.0007083333
19345	0.0113402899
19346	0.0002983333
19347	0.0015925
19349	0.0037571698
19350	0.0019260465
19351	0.0032415116
19352	0.0076541975
19353	0.000175
19355	0.0017618605
19357	0.0243088372
19359	0.002177093
19360	0.0002609091
19362	0.3243131395
19363	0.000494
19364	0.0044986047
19365	0.0002
19368	0.000125
19369	0.000125
19370	0.0008620253
19374	0.0004833721
19375	0.0003169231
19376	0.0002267857
19378	0.0004495652
19380	0.0007758824
19381	0.0030001163
19382	0.0002645455
19383	0.0106248837
19384	0.0003862791
19385	0.005872907
19386	0.2268954651
19387	0.0630832558
19388	0.0015651163
19389	0.0005695455
19391	0.1303903488
19392	0.0029664865
19394	0.0062330488
19395	0.0092011628
19396	0.0132424419
19397	0.0002591667
19399	0.200457907
19400	0.0092011628
19401	0.0507039535
19402	0.0003233333
19404	0.0032482558
19405	0.0005707895
19406	0.0065006977
19409	0.0736722093
19410	0.0162403488
19411	0.0002594444
19413	0.0084438372
19414	0.0128538372
19415	0.0720177108
19417	0.0007715385
19418	0.0032415116
19419	0.0033705814
19420	0.000989661
19421	0.0062582927
19422	0.0004175
19423	0.0003581818
19425	0.0082764286
19427	0.0003916327
19429	0.0026336585
19430	0.0007172464
19431	0.1628263953
19432	0.0052910588
19433	0.0226843023
19435	0.0001940698
19436	0.1335161628
19438	0.0002411111
19440	0.0004834783
19441	0.0340081395
19443	0.0011904839
19445	2.133412907
19446	0.1252855814
19447	0.0006933333
19449	0.0016964706
19451	0.000302
19452	9.72093023256E-05
19453	0.0118371084
19454	0.0003194444
19455	0.0007734884
19457	0.0006115686
19458	0.0054325
19459	0.0013824194
19461	0.0010640698
19465	0.0005535088
19468	0.02832
19469	0.0007029762
19470	0.0003438889
19471	0.0007527273
19472	0.0003954545
19473	0.000819589
19474	0.0001533333
19475	0.0006920968
19476	0.0010402564
19478	0.0071769767
19479	0.0300412791
19480	0.0019814815
19481	0.0309597674
19482	0.0281455814
19484	0.0067410465
19485	0.0017335417
19486	0.0076118987
19487	0.0094484211
19488	0.0001869231
19489	0.0013665217
19490	0.0093220833
19491	0.0049168605
19492	0.0004375
19494	0.00029
19496	0.0953793023
19498	0.0051760465
19499	0.0001808
19501	0.1059738372
19502	0.0006087097
19503	0.0013351923
19504	0.0010592308
19506	0.050527907
19507	0.0004436364
19508	0.00046
19509	0.0001621053
19511	0.0005476087
19512	0.001164375
19514	0.2246277907
19516	0.6080396512
19518	0.0145704
19519	0.0012424691
19521	0.0005122093
19522	0.0007164179
19523	0.0015328814
19525	9.72093023256E-05
19528	0.0120752326
19529	0.0017423256
19530	0.000295
19533	0.0009793023
19534	0.0681359302
19537	0.000742
19539	0.2459760465
19542	0.000345625
19544	0.0012429333
19545	0.0013191111
19547	0.1355997674
19548	0.1328982558
19551	0.0512911628
19552	0.0023216279
19553	0.005671125
19554	0.0010874667
19555	0.0094113953
19556	0.0025754098
19557	0.0015569512
19558	0.0010297872
19559	0.0694210465
19563	0.000822439
19564	0.0056603488
19567	0.0003042308
19569	0.0020265574
19570	0.0012037209
19571	0.000378
19572	0.0001952326
19573	0.0724345349
19574	0.0090047674
19575	0.0012541463
19576	0.0067410465
19577	0.0002288889
19578	0.0475546512
19579	0.0014429851
19580	0.000205
19581	0.0014135849
19583	0.0005524359
19584	0.0233697674
19585	0.000988
19586	0.00051625
19587	0.1883788732
19588	0.0002533333
19589	0.0002323077
19590	0.0015481395
19591	0.0034316327
19592	0.0006531343
19593	0.0091327907
19594	0.0010954286
19598	0.0092393023
19599	0.000673
19600	0.0059972289
19601	0.0009793023
19602	0.0003
19603	0.001159375
19604	0.0005658333
19606	0.0435388372
19607	0.000254
19609	0.0329646512
19610	0.0022034884
19613	0.0004381818
19614	0.0024435897
19615	0.0028439063
19616	0.0010874286
19617	0.0011765116
19619	0.0023026582
19621	0.0024188372
19622	0.0042257317
19624	0.0013918605
19625	0.0004344
19626	0.0019024242
19630	0.0015291026
19631	0.149682093
19633	0.049292
19634	0.0029886905
19635	0.0007315094
19636	0.00103
19637	0.0145534884
19638	0.01669
19641	0.6451909302
19643	1.1730613954
19644	0.0006289535
19645	0.0003770588
19646	0.0314951163
19647	0.0004823333
19649	0.0004833721
19651	0.0017576923
19652	0.0031923377
19653	0.0004812791
19655	0.000046
19656	0.0001952326
19657	0.000665
19658	0.0176334524
19661	0.0004673913
19662	0.0024726667
19663	0.0022640476
19664	0.0056290698
19665	0.2603172093
19667	0.0002478571
19668	0.034082907
19669	0.000329403
19670	0.0003882609
19672	0.0353677215
19673	0.0028888372
19674	0.0001033333
19678	0.000324878
19679	1.453785
19680	0.001497069
19681	0.0006009615
19682	0.004320814
19683	0.5162231395
19684	0.0001091489
19686	0.072852093
19687	0.0028442667
19689	0.0561655814
19690	0.0011443182
19692	0.0004110714
19694	0.0007876786
19695	0.3292823256
19696	0.0001081818
19697	0.0794081395
19698	0.0295577907
19699	0.0898662791
19700	0.00026
19702	0.0004567857
19704	0.3406136047
19705	0.0119265116
19706	0.9397389535
19707	0.0442057647
19708	0.00022
19709	0.8382825581
19710	0.00328925
19711	0.000313125
19712	0.0007305556
19713	0.0231668605
19714	0.0021851282
19715	0.1341912791
19716	0.0017867213
19717	0.1834345349
19718	0.0063039759
19720	0.0004133333
19723	0.0023411111
19724	0.0002925581
19725	0.0037118605
19726	0.0076314118
19727	0.0009398701
19728	0.0002446154
19730	0.004830339
19731	0.0006714286
19732	0.0037843396
19734	7.83333333333E-05
19735	0.0029610976
19736	0.247337093
19737	0.0010109677
19738	0.0022451163
19739	0.0135080233
19740	0.006831625
19742	0.0551322093
19743	0.0006689286
19745	0.0056261728
19746	0.0005127869
19747	0.0003911111
19748	0.0003629032
19749	0.0049728571
19750	0.0005136111
19751	0.0003464
19752	0.000893913
19753	0.0018418519
19755	0.0003254348
19758	0.0004654286
19759	0.0055810169
19761	0.0001952326
19762	0.0007464407
19765	0.0633634884
19766	0.119897907
19767	0.0004833721
19768	0.0309597674
19771	0.0393682558
19773	0.0028485542
19774	0.0003862791
19775	0.000359
19777	0.0017667089
19778	0.0011385
19779	0.0693365116
19780	0.000265
19782	0.00192025
19785	0.0018145455
19787	0.0008664
19788	0.0008784375
19790	0.0209469767
19793	0.0013332911
19795	0.0003278947
19797	0.00092
19798	0.00036
19799	0.0078888372
19800	0.0044845349
19803	1.2995163954
19805	0.0021336486
19806	0.0554806977
19807	0.0009632558
19812	0.00033
19814	0.0010124658
19815	0.0476025581
19817	0.0018517442
19818	0.0054817442
19819	0.0319825882
19820	0.0106972222
19821	0.030625814
19822	0.0123533333
19823	0.002167093
19824	0.0141796296
19825	0.0023260494
19826	0.0007131373
19827	0.0019924691
19829	0.0022314865
19830	0.0005529091
19832	0.0174344706
19833	0.0003862791
19834	0.0017584211
19837	0.002177093
19839	0.0005869767
19840	0.00125825
19841	0.0106730233
19842	0.002349186
19843	0.0106730233
19844	0.1250956977
19846	0.0002169231
19847	0.0253976744
19849	0.0020188889
19850	0.1558778824
19851	0.0013365385
19853	0.0023271642
19854	0.00133
19855	0.0026474194
19856	0.0163878824
19857	0.0140731395
19858	0.0015398795
19859	0.0004833721
19860	0.0025275949
19861	0.1434981395
19863	0.0001647059
19864	0.0022217333
19865	0.039783
19866	0.0013909524
19868	0.00082425
19869	0.0649976471
19871	0.0004436364
19872	0.0031295349
19875	0.0007456522
19876	0.0730169767
19877	0.0008289333
19880	0.0008469014
19884	0.00043
19885	0.0005610169
19886	0.018794186
19887	0.0019796667
19888	0.0018086667
19889	1.8100594186
19891	0.000282381
19894	0.3540956977
19895	0.0018552941
19896	0.00035125
19898	0.0022910526
19899	4.3050480233
19900	0.026849186
19901	0.0010616667
19902	0.0001
19903	0.0062472619
19904	0.0296925
19905	0.0043334884
19906	0.0002251429
19907	6.2267736047
19908	0.0070095349
19909	0.0816682558
19910	0.000238
19911	0.0003633824
19912	0.0156297143
19913	0.0173345349
19914	0.0030728235
19915	0.0617318824
19918	0.0352382558
19920	0.0004833721
19923	0.0348795349
19924	0.0010518667
19925	0.0074137805
19926	0.0004356977
19927	0.0088347059
19928	0.8245837209
19929	0.0002281818
19930	0.000252
19931	0.0013761224
19932	0.0030183117
19933	0.000242093
19934	0.0047678824
19935	0.0352382558
19936	4.81395348837E-05
19937	0.0010201887
19938	0.0006422951
19939	0.0319286047
19940	0.114232093
19941	0.0953793023
19942	0.0011522222
19945	0.0006126415
19946	0.0589309302
19948	0.000700678
19950	0.0004688679
19952	0.0014015789
19953	0.3568851163
19954	0.0298540698
19955	0.0351210465
19956	0.105675
19959	0.0348017442
19960	0.0012808219
19961	0.002013375
19962	0.0033554878
19964	0.055052907
19965	0.0015662162
19966	0.0012037209
19967	0.0003511111
19968	0.0105934884
19970	0.0315533721
19972	0.0953793023
19973	0.001305
19974	0.0006953061
19975	0.000195
19977	0.0004185714
19980	0.0003272727
19981	0.0077422619
19982	0.0023714634
19983	0.2764060465
19985	0.0953793023
19986	0.0002588889
19988	0.0171842353
19989	0.0003635294
19991	0.2501082558
19993	0.0007274468
19994	0.0009143056
19995	0.0005004762
19996	0.4343256977
19997	0.6015122093
19999	0.0078632558
20001	0.000105
20002	0.0874644186
20003	0.0015868333
20004	0.0112148571
20006	0.063227907
20007	0.0088744
20008	0.00054
20009	0.0021413889
20011	0.0049622857
20012	0.0032487037
20015	0.0057786047
20016	0.0340680233
20018	0.0012417778
20019	0.0003043182
20020	0.0013949351
20023	0.000455
20024	0.0283002326
20025	0.0060186047
20026	0.0011255882
20027	0.0033377907
20028	0.0004824324
20029	0.00007
20030	0.0008265714
20032	0.0006804082
20033	0.0577145349
20034	0.0006203077
20035	0.0013385714
20037	0.0048589189
20038	0.0008267647
20039	0.0242755814
20040	0.0002402564
20042	0.113154186
20043	0.0321704651
20045	0.0010419608
20046	0.000017093
20048	0.0396874419
20049	3.3023255814E-05
20050	0.0032962353
20053	0.0001305172
20054	0.0007538372
20055	0.0001326744
20056	0.0199212791
20057	0.012802907
20058	0.0018319767
20059	0.0002651163
20060	0.0001652326
20061	0.0035823611
20062	0.1019416279
20065	0.0153397674
20066	0.0077117442
20068	0.000147
20069	0.0009529825
20071	0.001194186
20072	0.0003319767
20073	0.0045111628
20074	0.002914875
20075	0.000082907
20076	0.009535814
20077	0.0007295349
20079	0.012155814
20080	0.0001824419
20081	0.0002272308
20082	0.0026003896
20083	0.0063518605
20087	0.0073136047
20088	0.0019409302
20089	0.3325481395
20090	0.0056052326
20091	0.0006130233
20092	0.0001493023
20095	0.0001824419
20096	0.0032633333
20098	0.0017182278
20100	0.0043312121
20101	0.0043615116
20103	0.0276777907
20104	0.0007960465
20106	0.0001824419
20107	0.0012439535
20108	0.0019454651
20109	0.0032169767
20110	0.0010116279
20111	0.028404186
20117	0.0040130233
20118	0.00057875
20120	0.0006309302
20121	0.0004969767
20122	0.0048954651
20123	0.0082351163
20124	0.00095
20126	0.0228451163
20128	0.0041786047
20129	0.0042627273
20130	0.0052937209
20131	0.0004408571
20132	6.63953488372E-05
20133	0.0032962353
20134	0.0001824419
20136	0.0015021053
20137	0.2822234884
20138	0.0152934884
20139	0.00126
20140	0.0287717442
20141	0.022104186
20142	0.0026678378
20143	0.0012276744
20145	0.0049416279
20146	0.0079763953
20147	0.0008460714
20149	0.000099186
20150	0.0128853488
20151	0.0013925581
20152	0.0001824419
20153	0.000154
20154	0.0001561538
20155	0.0002154651
20156	0.0132334884
20158	0.0005027778
20159	0.0006130233
20161	0.0017084884
20162	0.0680905814
20163	0.0120890698
20164	0.0003572308
20165	0.0177982353
20167	0.0078934884
20168	0.003105
20169	0.0001652326
20170	0.0018572093
20171	0.0280597674
20172	0.9029259302
20174	0.003947093
20175	0.0266331395
20176	0.0396183721
20177	0.0176725581
20179	0.000017093
20180	0.0528024419
20181	4.97674418605E-05
20182	0.0036639535
20183	0.0002860606
20184	0.0065668605
20185	0.0041290698
20186	0.0005434783
20187	0.0392617722
20189	0.0026491667
20191	0.000099186
20192	0.0175652326
20193	0.0004988136
20194	0.0078437209
20196	0.0052937209
20197	0.0002815116
20200	0.0019903488
20201	0.0007328205
20203	0.0020068605
20204	0.0017412791
20205	0.0271639535
20206	0.0005552632
20208	0.1560369767
20210	0.0024114063
20211	0.000017093
20212	0.0267693023
20213	0.001895
20214	0.0001493023
20215	0.0724146512
20217	0.000365
20218	0.0002651163
20221	0.0380926744
20223	0.09596
20225	0.0010712941
20228	0.0003319767
20230	0.000584
20233	0.0002651163
20234	0.0212436047
20235	0.0439675581
20236	0.0008260294
20237	0.0010940698
20238	0.0055716279
20239	0.0012453488
20243	0.0120219048
20244	0.0025544186
20245	0.0073277907
20246	0.0001135088
20247	0.0196512791
20248	3.3023255814E-05
20249	0.0020068605
20251	0.0025705814
20253	0.0027690698
20255	0.0003590909
20256	0.000017093
20257	0.0047827273
20258	0.0177423256
20259	0.0051322892
20261	0.0020894186
20262	7.73255813953E-05
20264	0.0008432836
20265	0.0046601163
20269	0.0013765116
20270	0.0204304651
20271	0.0001824419
20272	0.012072907
20275	0.0021429412
20276	0.000017093
20277	0.0001308333
20278	0.0049416279
20279	0.0094833721
20280	0.0129681395
20281	0.0023880233
20282	0.0080598837
20284	0.0058216279
20285	0.0129848837
20286	0.033282907
20287	0.000331
20288	0.0332503488
20289	0.0332503488
20290	0.0332503488
20291	0.0332663953
20294	0.0019080233
20296	0.0029353488
20297	0.0009453488
20298	0.0030169767
20299	0.0032169767
20302	0.0063682558
20303	0.0021429412
20305	0.0289052326
20306	0.0016090698
20307	0.0006385366
20308	0.0001326744
20309	0.018675814
20311	0.0002651163
20312	0.021555814
20314	0.0120393023
20315	0.0105877907
20316	0.0003110465
20317	0.0002591667
20318	0.002492381
20319	0.0023223256
20320	0.0297418605
20323	0.0002815116
20324	0.0032962353
20325	0.0117648837
20327	0.0032331395
20328	0.0069484884
20329	0.0023346512
20330	0.0025527451
20331	0.787674186
20332	0.0008458462
20333	0.0017897674
20334	0.0067697674
20335	0.0003466667
20336	0.0012439535
20337	0.0005693443
20339	0.0461683721
20340	0.0004028
20341	0.1195054651
20342	0.0030677907
20343	0.0011445349
20344	6.63953488372E-05
20346	0.0001115517
20348	0.0035319767
20349	0.0032962353
20352	0.00142
20355	0.008620814
20356	0.0105831395
20357	0.0001824419
20358	6.63953488372E-05
20359	0.0064706977
20361	0.0050024138
20362	0.0056810465
20364	0.0001493023
20366	0.0076465116
20367	0.0064346512
20368	0.000862093
20369	0.0068819767
20371	0.0001326744
20372	0.014510814
20373	0.0027690698
20374	0.0257377907
20375	0.0001326744
20376	0.0001824419
20377	0.0021429412
20380	3.3023255814E-05
20382	0.000745
20383	0.000099186
20384	0.0163796512
20385	0.0065668605
20386	0.0088226744
20388	0.0047926744
20389	0.0012439535
20390	0.0050294118
20391	0.000602093
20392	0.0057576744
20393	0.0033456977
20394	0.0005309302
20395	0.0001558333
20396	0.0050405814
20397	0.00126
20399	0.0953398837
20400	0.0095195349
20401	0.00043
20402	0.0421340698
20403	0.0005639024
20405	0.0024873256
20406	0.0109776744
20407	0.0007461628
20408	0.0020565116
20409	0.012607907
20410	0.1065003488
20411	0.0024374419
20412	0.0075951163
20413	0.0016744186
20416	0.0561186047
20417	0.0010712941
20418	0.0018672093
20419	0.0151739535
20421	0.0042787209
20423	0.0153355556
20424	0.000708125
20425	0.0007461628
20426	0.0007002326
20427	6.63953488372E-05
20428	0.0011675581
20429	0.0196102326
20430	0.0094113953
20431	0.0002815116
20432	0.000315
20433	0.0007972414
20436	0.0053694186
20438	0.005804186
20439	0.0004643023
20440	0.0399504651
20441	0.000017093
20442	0.00441
20444	0.0001159302
20448	0.0010116279
20450	0.0002154651
20451	0.0001159302
20452	0.1147038372
20455	0.0016069412
20456	0.028009186
20457	0.0025866279
20458	0.0022623256
20459	0.000082907
20460	0.0017084884
20461	0.0012064815
20462	0.0014011628
20463	0.0005281818
20465	0.0332663953
20466	0.0006240426
20467	0.0007786047
20468	0.0107709302
20469	0.0002323256
20476	0.0088775714
20477	0.0081709302
20480	0.0001733333
20481	0.0009375
20485	3.3023255814E-05
20487	0.0023709302
20489	0.0023880233
20490	0.0001824419
20491	0.0038132558
20493	0.0005138372
20494	4.97674418605E-05
20496	0.0461460465
20497	0.0070589535
20499	0.000862093
20500	0.0140626744
20501	0.0005530508
20502	0.0001652326
20503	0.0007002326
20504	0.0314096512
20508	0.0043280233
20510	0.000355
20511	0.0635777907
20513	0.0154887209
20514	0.0076943023
20517	0.0407336047
20518	0.0070589535
20520	0.0142787209
20521	0.0094113953
20522	0.0005639535
20524	0.0112074419
20527	0.0016889474
20529	0.0012998
20530	0.000082907
20533	0.0005227273
20534	0.0118538372
20535	0.0090978824
20536	0.0033334884
20537	0.0001333333
20538	0.0014075
20543	0.000981746
20545	0.0001652326
20547	0.0049754651
20548	0.0043783721
20551	0.0002487209
20552	0.0036648837
20555	0.0083752326
20556	6.63953488372E-05
20557	3.3023255814E-05
20559	0.0002487209
20560	0.0002390625
20561	0.0403524051
20562	0.0021009302
20564	0.00002
20565	0.0049918605
20566	0.0309275581
20567	0.0001326744
20568	0.0349415116
20569	0.0069655814
20570	0.0007960465
20572	0.0003575
20573	0.0066143023
20574	0.000315
20575	0.0154887209
20577	6.63953488372E-05
20578	0.0003893333
20579	0.0001326744
20580	0.0434159302
20581	0.00068
20584	0.000082907
20585	0.0004144186
20588	0.0001824419
20589	3.3023255814E-05
20592	0.005804186
20593	0.00033
20594	0.0012934884
20595	0.0007127907
20596	0.0052937209
20597	0.0013263953
20598	3.3023255814E-05
20599	0.0012202353
20600	0.0010712941
20602	0.0010506897
20603	0.0007461628
20604	0.032222093
20605	0.000608871
20607	0.0001159302
20608	0.0012064935
20609	0.0001911111
20610	0.0602375581
20611	0.002694186
20612	0.0006685714
20613	0.0083752326
20614	0.0064706977
20615	0.0045934884
20616	0.000017093
20617	0.0070589535
20618	0.0009337209
20620	0.0880897674
20621	0.0050405814
20624	0.0168103488
20625	0.0352376744
20626	0.0122845349
20627	0.0053597015
20628	0.0009787209
20629	0.0008438571
20630	0.0155631395
20631	0.0008438571
20632	6.63953488372E-05
20634	0.0024120238
20635	0.0064706977
20637	0.0072396296
20638	0.0049088372
20639	0.0003075
20640	0.0006168254
20641	0.0016252326
20642	3.3023255814E-05
20647	0.0008136364
20648	1.2321713954
20649	0.0003977907
20650	0.0032962353
20652	0.0015366234
20653	0.0068994186
20654	0.0098061628
20655	0.0139465116
20656	0.0001555814
20657	0.0022565116
20659	0.0897174419
20660	0.214119186
20661	0.022520814
20663	0.0006730769
20664	0.000099186
20665	0.0070589535
20666	3.3023255814E-05
20667	0.0292536047
20668	0.0295513953
20669	0.0344837209
20670	0.0159488372
20671	0.0012276744
20672	3.3023255814E-05
20673	0.0455719767
20675	0.0192209302
20676	0.0638484706
20678	0.0941818605
20679	0.044942093
20680	0.0255219767
20681	0.0209786047
20682	0.0096848837
20683	0.0285736047
20684	0.026500814
20685	0.0219732558
20686	0.0213098837
20692	0.0100382558
20694	0.0001824419
20695	0.0032962353
20696	0.0025408861
20697	0.0473133721
20698	0.00058
20699	0.0003484884
20701	0.0061533721
20702	7.09090909091E-05
20705	0.0067697674
20706	3.3023255814E-05
20707	0.0001824419
20708	0.000707
20711	0.0001824419
20712	0.000215
20713	0.0002620513
20715	0.0034495349
20719	0.0185406329
20720	0.0064706977
20721	0.0009954651
20722	0.0010447674
20723	0.0038146512
20725	0.0071071429
20726	0.000618
20727	0.0005473256
20730	0.0001652326
20731	0.0292868605
20733	0.0337995349
20735	0.0001824419
20736	0.0084582558
20737	0.0080542353
20740	0.0034894048
20741	0.0001824419
20742	0.0002756522
20743	0.0042025581
20744	0.0009103922
20745	0.0003055263
20746	0.0006965714
20750	0.0002154651
20752	1.9953937209
20754	0.0098061628
20758	0.0009089024
20759	0.0059368605
20765	0.0007960465
20767	0.0001857576
20770	0.0130018605
20771	0.0032962353
20773	0.000017093
20774	0.000082907
20776	0.0124164912
20777	0.0403524051
20778	0.0053895349
20779	0.0010712941
20780	0.0136976744
20782	0.0085131395
20784	0.005266
20786	0.0053072093
20792	0.0033456977
20793	0.004669186
20794	0.0021429412
20795	0.0017897674
20796	0.0003221875
20799	0.0016069412
20800	0.0002366667
20801	0.0010712941
20802	0.0013103488
20803	0.01347
20804	3.3023255814E-05
20806	0.0073963953
20808	0.028375
20809	0.0051739535
20810	0.0047427907
20813	0.0132505814
20814	0.0022635897
20815	0.0032338372
20816	0.0069984884
20817	0.0326536047
20819	0.0032962353
20820	0.0014464063
20821	0.0065175581
20822	0.0052918605
20824	0.0211275581
20825	0.0116381395
20826	0.0002459375
20827	0.0026698734
20828	0.0266167442
20829	3.3023255814E-05
20831	0.0001824419
20832	0.000017093
20833	0.0004475
20834	0.000082907
20835	0.0191816279
20836	0.0009954651
20838	0.0016252326
20839	0.0007960465
20840	0.0001824419
20842	0.0008250794
20843	0.0003484884
20847	0.0007035714
20849	0.0001824419
20850	0.0124381395
20851	0.0100327907
20852	0.0404616456
20854	0.0001459091
20855	0.000082907
20856	3.3023255814E-05
20857	0.0259704651
20858	0.015700814
20859	0.0100833721
20860	0.0154565152
20861	0.0117648837
20864	1.0485131395
20865	0.0081760714
20866	0.000017093
20867	0.000099186
20868	0.0009421951
20870	0.0144398837
20873	0.001400814
20874	0.0220910465
20875	0.0004969767
20876	0.0002154651
20877	0.0001824419
20885	4.97674418605E-05
20886	0.0001305172
20888	0.0013925581
20889	6.63953488372E-05
20891	0.000486
20892	0.0021429412
20893	0.0024873418
20896	0.0001824419
20897	0.0001326744
20899	0.2075053488
20900	0.0008438571
20901	0.0191046512
20902	0.0044111628
20903	0.0001824419
20904	0.0440736047
20905	0.0024901163
20906	0.0035560465
20910	0.003507284
20911	0.0012439535
20913	6.63953488372E-05
20914	0.3969880233
20915	0.0002995238
20916	0.0002998413
20917	0.0060695349
20918	0.000017093
20919	0.0020397674
20922	0.0027236047
20923	0.0029573256
20924	0.0032885882
20925	0.00041
20930	0.0030677907
20935	0.0182751163
20936	0.0061195349
20937	0.0077029412
20940	0.0008438571
20941	0.0008438571
20942	0.001712093
20943	0.0200988372
20944	0.0198676744
20945	0.0309451163
20946	0.0478766279
20947	0.0213927907
20948	0.0409944186
20949	0.0269313953
20950	0.0288059302
20951	0.0259369767
20952	0.0317076744
20953	0.0025374419
20954	0.0489548837
20955	0.0021548837
20956	0.0094113953
20957	0.0016913953
20960	0.0021429412
20961	0.0003042857
20962	0.0008953846
20963	0.000315
20964	6.63953488372E-05
20965	0.0032962353
20966	0.000082907
20967	0.0010940698
20968	0.0034541463
20969	0.0250409302
20971	0.0105471765
20972	0.0046931395
20974	0.015539186
20976	0.005914186
20977	0.0001569231
20978	0.0001335294
20979	0.0376452326
20980	0.0009839024
20982	0.0003105556
20983	0.0003329412
20984	0.001525814
20985	0.0023554651
20986	0.0002022222
20987	0.0001824419
20988	0.0009453488
20989	0.0009337209
20990	0.0016715278
20991	0.0090269767
20994	0.0037311628
20996	0.0014781395
20997	0.0011636364
20998	0.0811644186
20999	0.02854
21004	0.0108838372
21005	0.000481
21006	0.0001217241
21010	0.0004242857
21011	0.0004316279
21012	0.0123518605
21013	0.0026026744
21014	0.0001824419
21016	0.0003230233
21017	0.0001824419
21019	0.0001824419
21020	0.0034495349
21022	0.0023715116
21023	0.0016844776
21024	0.0333830233
21025	0.0001135088
21027	0.0009144444
21028	0.0058669231
21030	0.0170248837
21031	0.0076465116
21032	0.0009594915
21033	0.0001824419
21034	0.0004234615
21035	0.0006130233
21039	0.0039686047
21041	0.001194186
21043	0.0010712941
21044	3.3023255814E-05
21046	0.0021429412
21047	0.0018572093
21048	0.0031254651
21049	0.0032962353
21050	0.0027030233
21052	0.000925
21054	0.0113146512
21055	0.0290955814
21060	0.0028853488
21061	0.0007538372
21063	0.006202907
21064	0.0012245946
21068	0.0002052
21070	0.0078663953
21071	0.0021429412
21072	0.0043112791
21073	0.0028654167
21076	0.002998
21077	0.0007960465
21080	0.000365
21082	0.1256482558
21085	0.005555814
21087	0.0005926829
21088	0.00018
21089	0.0001824419
21090	0.0294852326
21091	0.0208127907
21092	0.0498669767
21093	0.0253396512
21094	0.0396515116
21095	0.0210940698
21096	0.0235654651
21097	0.0396686047
21098	0.0253234884
21099	0.0014260465
21100	0.0013222093
21102	0.0058277907
21103	0.0279763953
21104	0.0026201163
21108	0.0002815116
21110	0.0013259494
21111	0.0126369767
21112	0.0013925581
21113	0.0003387879
21114	0.0002254545
21116	0.0002332558
21117	0.0010116279
21118	0.0042025581
21119	0.3172453488
21120	0.033282907
21122	0.0070589535
21124	0.0057222093
21126	0.0034
21127	0.0124996512
21129	4.97674418605E-05
21130	0.0011851163
21133	0.0002675
21134	0.0376089535
21135	0.0052918605
21136	0.0021429412
21138	0.0002332558
21139	0.00002
21140	0.00026
21141	0.0065731395
21142	0.0029088372
21143	0.0015875
21144	0.0001326744
21146	0.008620814
21147	0.0007786047
21149	0.0017711392
21150	0.0005444
21151	0.0005441071
21153	0.1658427907
21155	0.000017093
21157	0.0052236047
21158	0.0035560465
21161	0.0002154651
21164	0.0201512791
21165	0.001237973
21166	0.0381755814
21167	0.0024873256
21168	0.0049754651
21170	0.0209946512
21171	0.0015708235
21172	0.0040965116
21173	0.0056880233
21174	0.0443973256
21175	0.0263809302
21177	0.0077117442
21178	0.0005443023
21180	0.0332996512
21181	0.000155
21182	0.0005866667
21183	0.0001824419
21186	0.0010712941
21187	0.0004083333
21188	0.00023
21189	0.000017093
21190	0.0140056471
21191	0.0016744186
21192	0.0002666667
21194	0.000847
21196	0.0026933333
21197	0.0007295349
21198	0.0168494186
21199	0.0447452326
21201	0.0008438571
21202	0.0036961111
21203	0.0006309302
21204	0.0012829412
21206	0.014655125
21209	0.0115295349
21210	0.0001824419
21211	0.0052937209
21212	0.0027690698
21213	0.0275954651
21215	0.0002154651
21217	0.0001326744
21218	0.0050645349
21219	0.0010712941
21221	0.0016343023
21222	0.0007960465
21223	0.0403098837
21225	0.0008438571
21226	0.0042025581
21231	0.0069484884
21235	0.0002214286
21237	0.0001608333
21239	0.0003315789
21240	0.0007127907
21241	0.000199186
21245	0.0010712941
21246	0.0203974419
21248	0.0089488372
21249	1.072427907
21250	0.00447
21252	0.0208456977
21253	0.001525814
21254	0.017562093
21255	0.0015090698
21256	0.0171336047
21257	0.0070589535
21258	0.0006390476
21259	0.0009665854
21260	0.0003928571
21262	0.0010712941
21263	0.0003145
21265	0.00038
21266	0.023697907
21268	0.0904474419
21270	0.0019573077
21271	0.0376089535
21272	0.0021429412
21274	0.000409
21276	0.0003007692
21277	0.0070589535
21279	0.0001824419
21280	0.0030169767
21281	0.0067884884
21282	0.0032962353
21283	0.0005138372
21284	0.0001824419
21286	0.0001824419
21287	0.0036648837
21288	0.005389186
21289	0.0012934884
21290	0.0001555814
21291	0.0317640698
21292	0.0988672093
21293	0.0214002326
21294	0.000099186
21295	0.0403524051
21296	0.0003740625
21297	0.0035823611
21303	0.0094010465
21304	0.0033833721
21306	0.0003319767
21307	0.0012712903
21308	0.0008438571
21309	0.0031544444
21310	0.0007409756
21312	0.003267093
21313	0.0003571429
21317	0.0012977215
21318	0.000199186
21320	0.0639666279
21322	0.0003214063
21323	0.0005138372
21324	0.0008455814
21325	0.0005639535
21326	0.0382088372
21327	0.0008788372
21330	0.0026017778
21331	0.0001366667
21332	0.0101825581
21333	0.0008561628
21334	0.0245262821
21335	0.0002487209
21336	3.3023255814E-05
21337	0.005539186
21338	0.003657093
21340	0.0012453488
21341	0.0020068605
21343	0.0055222093
21344	0.0162847674
21346	0.1139022093
21347	0.0048589535
21353	0.005914186
21354	0.0009337209
21355	0.0048589535
21356	0.0001824419
21358	0.0001326744
21359	0.0117648837
21360	0.0006633333
21362	0.0170877381
21364	0.0057712791
21366	0.0006967442
21367	0.0010488889
21368	0.0076465116
21369	0.0023715116
21370	0.0216912791
21371	0.0309619767
21372	0.0014260465
21374	0.0004969767
21375	0.0007127907
21378	0.0022055814
21380	0.0026366279
21381	0.000017093
21382	0.0003319767
21388	0.0084266279
21389	0.0007408955
21392	0.0011444872
21393	3.3023255814E-05
21394	0.0143119767
21395	0.0016581395
21396	0.00091625
21397	0.0019903488
21398	0.0007127907
21400	0.0006468605
21404	0.0143589412
21406	0.0018672093
21409	0.0001305172
21410	0.000545814
21411	0.0003230233
21413	0.3925498837
21414	0.0001824419
21415	0.0008438571
21416	0.0004904167
21417	0.004162549
21418	0.0001585714
21420	0.0013437209
21422	0.0009290698
21423	0.0420260465
21425	0.000358
21427	0.000017093
21428	0.0001824419
21429	0.000099186
21432	0.0039136047
21433	0.0027411111
21434	0.000377875
21436	0.0044111628
21440	0.0002904545
21441	0.00524
21443	0.0135892683
21444	0.0012101163
21445	0.0063017442
21446	0.0085901163
21448	0.003515
21451	0.0038493333
21452	0.005093913
21453	0.0006240426
21455	0.0068481395
21456	0.0032962353
21457	0.0053234884
21458	0.0082351163
21459	0.0068962791
21464	0.0132833721
21465	0.0154080233
21466	0.0082351163
21467	0.020582093
21469	3.3023255814E-05
21470	0.0003602381
21471	6.63953488372E-05
21476	0.0003977907
21478	0.0401946512
21479	0.001568
21480	0.006142093
21481	0.0204954651
21482	0.0006230233
21483	0.0053725581
21485	0.0005443023
21487	0.000676338
21490	1.33333333333E-05
21491	0.016335
21492	0.0037354651
21493	0.0007685484
21494	0.0001652326
21495	4.97674418605E-05
21497	0.000017093
21498	0.004059
21500	0.000199186
21502	0.001525814
21504	0.0001217241
21505	0.0003484884
21507	0.0006864516
21509	0.0076465116
21510	0.0217637209
21511	0.0003012698
21512	0.006680814
21513	0.0001824419
21514	0.0008517647
21515	0.000236
21518	0.0255343023
21519	0.0029088372
21521	0.0032962353
21522	0.0040463953
21523	0.0011145614
21525	0.0008123256
21526	0.0031254651
21527	0.0296338372
21528	0.0121396512
21531	0.012607907
21533	0.0006240426
21534	0.001292907
21537	0.0017897674
21539	0.0001652326
21541	0.000082907
21543	0.0002815116
21545	0.000017093
21546	0.0094113953
21549	0.0007035714
21550	0.0032962353
21551	3.3023255814E-05
21552	0.0013103488
21553	0.0012766279
21555	0.0005615385
21556	0.0028617647
21557	0.0003319767
21558	0.000199186
21560	0.02869
21561	0.0003566667
21563	0.0008788372
21564	0.0428686047
21565	0.0043916667
21566	0.0032962353
21567	6.63953488372E-05
21568	0.0164873256
21569	0.0220910465
21570	0.000584
21571	0.0014260465
21572	0.0070044186
21573	3.9823411111
21574	0.0001135088
21576	0.0001925
21577	0.000017093
21579	0.0110115116
21580	0.0001326744
21581	0.0009731373
21583	0.0005309302
21584	0.000017093
21585	0.001400814
21586	0.0017739024
21587	0.1368553488
21588	0.0012766279
21589	0.0003425
21590	0.0031176744
21591	0.0007377778
21593	0.0099136047
21600	0.0002363158
21602	0.0404616456
21604	0.0006130233
21605	0.0061195349
21606	0.0004643023
21607	0.0043280233
21608	0.0001824419
21609	0.00050625
21612	0.0336211628
21613	0.0006130233
21614	0.0020758333
21615	0.0005204762
21617	0.0040463953
21618	0.0047093023
21619	0.0005746341
21620	0.0002771429
21621	0.0032962353
21625	0.0038789535
21627	0.000107907
21628	0.011175814
21632	0.0132544186
21633	0.0006240426
21634	0.0064706977
21636	0.098492907
21637	0.0035823256
21638	0.000017093
21641	0.2427833721
21642	0.0205469767
21644	0.0075484884
21646	6.63953488372E-05
21648	0.0028359302
21649	0.0099606977
21652	0.0097182558
21653	0.0009954651
21654	0.000107907
21655	0.0024120238
21656	0.0004807576
21659	0.0004911628
21660	0.0051361628
21661	0.0001677778
21662	0.0001824419
21666	12.9072612791
21667	0.05916
21668	0.0572204651
21669	0.0009453488
21671	0.0086377907
21672	0.0081901163
21673	0.0056052326
21675	0.000199186
21676	0.0418106977
21677	0.0007875
21678	0.0004810465
21679	0.0383912791
21682	0.00126
21683	0.0196847674
21684	0.0049416279
21688	0.0001326744
21691	0.00016
21692	0.0013103488
21693	0.000099186
21694	0.0118404651
21696	0.0063348837
21697	0.0032997674
21698	0.0002487209
21699	0.0041132558
21701	0.0035797674
21705	0.00009
21706	0.0022886047
21709	0.0001824419
21711	0.0043468605
21713	0.0262513953
21715	0.0093752326
21716	0.1060360465
21718	0.000082907
21721	0.0014780645
21723	0.000082907
21725	0.0096513953
21728	0.0137480233
21729	0.032504186
21731	0.005389186
21740	0.0009925758
21741	0.0032962353
21742	0.0005907407
21745	0.0034081579
21746	0.0030181395
21747	0.00199
21748	0.0048589535
21749	0.0027617949
21750	0.0003939216
21752	0.0045438372
21753	6.63953488372E-05
21757	0.0051275
21759	0.0010777907
21760	0.0001222222
21761	0.01972
21763	0.0003319767
21764	0.0007608333
21766	0.0036815116
21767	7.41666666667E-05
21768	0.0012766279
21770	0.0068489535
21771	0.00024
21772	0.0013263953
21773	0.0031906977
21774	0.0008923171
21775	3.3023255814E-05
21776	0.0032962353
21777	0.0050405814
21778	0.0002025
21779	0.0080774419
21781	0.0025544186
21782	0.0006463953
21783	0.0042025581
21784	0.1016173256
21786	0.0001824419
21788	3.3023255814E-05
21790	0.0038472093
21791	0.0039637209
21792	0.000199186
21793	0.0022623256
21794	0.0025868605
21796	0.0480133721
21797	0.0071421176
21798	0.0002107143
21801	0.0001824419
21802	0.0001655556
21806	0.0396560465
21807	0.0003155556
21808	0.006202907
21809	0.0005566667
21810	0.0070589535
21811	0.0331006977
21812	6.63953488372E-05
21813	0.0053880233
21814	0.2230532558
21815	0.0010937209
21816	0.00301925
21817	0.0015586047
21819	0.0013283051
21822	0.0089224419
21823	3.3023255814E-05
21826	1.0502316279
21827	0.0059266279
21829	0.0002153488
21831	0.0073277907
21832	0.0001824419
21833	0.0103648837
21835	0.0008066667
21836	0.0027362791
21838	0.0003622222
21839	0.0019101389
21843	0.0017924528
21845	0.0076509302
21847	0.0002815116
21849	0.0005034884
21851	0.0017243023
21853	0.0024789535
21854	0.0047093023
21855	0.0095906977
21856	0.0016162791
21859	0.0020233721
21860	0.0080759302
21861	0.0352376744
21862	0.0378238372
21863	0.0002158571
21864	0.0122845349
21865	0.0027362791
21866	0.0008123256
21867	0.0016581395
21868	4.80357142857E-05
21871	0.0003438462
21872	0.022645
21873	0.033764186
21874	0.00011
21875	0.0078663953
21878	0.0002211111
21879	3.3023255814E-05
21880	0.0007708333
21881	0.0032962353
21882	0.0024374419
21883	0.0002557447
21886	0.0018904651
21887	0.0006974627
21888	0.0021062791
21889	0.0036317442
21890	0.0016913953
21893	0.0213098837
21894	0.0033456977
21895	0.0111947143
21896	0.0001824419
21897	0.0009357831
21898	0.1220922093
21899	0.0036152326
21901	0.0003138462
21902	0.000017093
21903	0.000315
21904	0.0001326744
21905	0.0014431395
21907	0.0001326744
21910	0.0012262963
21911	0.0005138372
21912	0.0008769863
21915	0.0113430233
21916	0.0011851163
21918	0.0097117647
21920	0.0010322078
21922	0.0006967442
21923	0.0002492308
21925	0.0855193023
21927	0.0066923256
21929	0.0005967442
21931	0.0004728571
21932	0.0022180769
21933	0.0001935714
21935	0.0004222727
21937	0.0045771605
21938	0.0550818605
21939	0.0038866667
21940	0.0625517442
21942	0.0008885714
21945	0.000215
21946	0.0425201163
21949	0.2464326744
21951	0.0002893103
21952	0.0007869697
21953	0.0011419048
21954	0.0035534884
21958	0.0049274419
21959	0.0087686047
21960	0.000158
21961	0.0065553125
21965	0.0097298837
21967	0.0405395294
21968	0.0008030233
21969	0.0134756977
21970	0.0337107937
21971	0.0043306977
21972	0.0016003571
21973	0.0013833721
21974	0.0139453488
21975	0.0004504348
21978	0.000358
21980	0.0014982759
21981	0.0228456
21982	0.0001975
21986	0.1283361628
21987	0.0001084615
21988	0.0075831395
21990	0.0001336047
21991	0.0002666667
21992	0.0003397143
21993	0.00001
21994	0.0012072093
21995	0.0002640625
21996	0.1127910465
21997	0.0005256452
21998	0.0032439535
21999	0.0045586486
22002	0.0002796667
22004	0.0277453488
22005	0.0009996512
22008	0.00042
22010	0.0049246512
22012	0.000372
22013	0.0114310465
22015	0.000275
22016	0.0055646512
22019	0.0208461842
22022	0.0003277778
22024	0.0201802326
22025	0.0002608333
22027	0.0062639024
22030	0.0028434667
22031	0.0037555696
22033	0.0009724419
22034	0.0005362791
22038	0.0002080233
22040	0.0004463953
22041	0.0001225
22042	0.251537907
22043	0.0008772059
22044	0.0003265385
22045	0.0055021053
22047	0.00079
22051	0.000405
22052	0.0060673256
22053	0.0005823256
22055	0.0399918605
22057	0.0001666667
22060	0.0046492188
22062	0.0008013514
22063	4.13953488372E-05
22065	0.0154540698
22069	0.0113238372
22071	0.0031167901
22072	0.0005290476
22074	0.00013
22076	0.0010413953
22078	0.0003138776
22081	0.0002188235
22082	5.98113207547E-05
22085	0.0179319767
22086	0.0004223077
22087	0.001008
22088	0.00189525
22091	0.0017397674
22093	0.1656331395
22095	0.0010756
22098	0.0033855814
22100	0.0069959302
22101	0.00028
22107	0.0343598837
22108	0.036515814
22110	0.00059
22113	3.71428571429E-05
22114	0.0069278261
22115	0.0078505814
22116	0.0098217442
22118	0.0033322222
22122	0.0013836842
22123	0.0010616667
22125	0.0089222093
22126	0.009352093
22127	0.0259122093
22128	0.0004871698
22131	3.32558139535E-05
22137	0.0113576056
22138	0.0006022535
22139	0.00103
22140	0.000452
22141	0.0169955814
22142	0.0004628846
22143	0.0088836047
22145	0.0006607143
22146	0.0006992105
22147	0.0039093902
22149	4.13953488372E-05
22150	0.0208971429
22152	0.0004921053
22153	0.0002733333
22160	0.0014390909
22161	3.32558139535E-05
22163	0.0032522093
22165	0.0004494444
22166	0.0077104651
22168	0.0001995652
22170	0.0003288235
22171	0.0001433333
22175	0.0001
22176	6.73255813953E-05
22179	0.0004993023
22180	0.0005675862
22183	0.0002271429
22186	0.0003873333
22189	0.017273625
22190	0.0004248649
22191	0.00026625
22192	0.00015
22198	0.0419748837
22200	0.0004950877
22201	0.0006612121
22202	0.0003272093
22206	0.000089186
22207	0.1286077907
22208	0.0003430233
22209	0.0787929762
22212	0.0012077907
22213	0.001101087
22216	0.0221246512
22217	0.0014821739
22222	0.0009268254
22227	0.0001336047
22229	0.0001004651
22232	0.0178672093
22234	0.0069727907
22236	0.0006666279
22237	0.0089955814
22240	0.0025813953
22241	0.2717323256
22246	4.48837209302E-05
22247	0.0012527143
22251	0.0001333333
22253	0.0016921739
22254	0.0075082558
22256	0.1059005814
22258	0.0002638889
22259	0.001547907
22260	0.0002395833
22262	0.0014057143
22265	0.000275
22268	0.0005495556
22269	0.1010823256
22271	0.000952037
22274	0.0027148837
22276	0.0074494186
22279	0.0020037037
22280	3.32558139535E-05
22282	0.000305
22283	0.000225
22287	0.0448036047
22289	0.0003483929
22290	0.00603
22292	0.0003750909
22296	0.0003221212
22297	0.0301509302
22298	0.0002571429
22299	0.0140795349
22300	0.0020325974
22301	0.000202
22303	0.0008716279
22309	0.0003768519
22310	0.0361365116
22311	0.0003410526
22313	0.0080467073
22314	0.003720814
22323	0.0064320238
22324	0.0004729787
22325	0.0055312791
22326	0.000644127
22331	0.0002310204
22332	4.13953488372E-05
22335	0.1483615116
22336	0.0042896512
22337	0.000389697
22339	0.0002988462
22340	0.0022463953
22344	0.0003075676
22347	0.0007568421
22350	0.0273437209
22351	0.0003031579
22353	0.1000736047
22364	0.0010003571
22368	0.0001933333
22371	0.0008409302
22372	0.0004914286
22373	0.0044145349
22380	0.0062688372
22381	0.002709359
22382	0.1817212791
22384	0.0002316667
22387	0.0680160465
22388	0.000375
22389	0.0023189535
22391	0.0062466279
22394	0.0012015116
22396	0.0006083333
22397	0.0003033333
22398	0.00001
22399	0.0011096875
22401	0.0001328571
22403	3.32558139535E-05
22405	0.0146155814
22407	0.0001605882
22410	0.000715
22411	0.0764488372
22412	0.1269510465
22415	0.000909697
22419	0.0003039474
22420	0.0005522222
22422	0.0107276744
22424	0.000046
22427	0.00037
22436	0.001945125
22437	0.0001892857
22438	0.0009407317
22440	0.0126365882
22441	0.1107254651
22442	0.0003544444
22444	0.0004489474
22445	0.0002585714
22447	0.0002080233
22448	0.0001244444
22449	0.0993781395
22450	0.000585
22453	0.0008675
22454	0.0006455172
22455	0.0005427778
22458	0.00028
22459	0.0040216667
22463	0.0002475
22466	0.00019
22469	0.0337695349
22470	0.001130137
22472	0.0003013953
22475	0.0005342857
22478	0.0194093023
22480	0.0071811628
22483	0.0144483721
22484	0.0009364706
22485	0.018084
22486	0.0004668627
22488	0.0004402632
22492	9.33333333333E-05
22493	0.000082907
22498	0.0007422222
22499	0.0013727273
22501	0.0038814286
22505	0.2195751163
22506	0.000606
22508	0.001004902
22512	0.0162426744
22514	0.0100227907
22515	0.0006021569
22516	0.0087161628
22517	0.2112519767
22519	0.1394566279
22521	0.000377069
22523	0.0718301163
22524	0.0019446512
22525	13.2284283721
22528	0.0365946429
22530	0.0011048438
22533	0.0010706977
22535	0.00070375
22538	0.00001
22540	0.0012694805
22541	0.028027093
22542	0.0220688
22544	0.000324
22545	0.1913575581
22552	0.000162
22553	1.1322031395
22555	0.0085640964
22556	0.0026281579
22558	0.0032411842
22559	0.0002154167
22560	0.0018778667
22561	0.0006292857
22564	0.0005280952
22566	0.0007445714
22568	0.0011675676
22569	0.0010294
22574	0.0021076316
22576	0.0015755556
22577	0.0253198837
22580	0.0003705714
22582	0.0039703488
22583	0.0065569767
22584	0.0003466667
22586	0.0107940698
22587	0.0021278947
22591	0.0002553846
22592	0.011294186
22594	0.0147843023
22595	0.0029504651
22596	0.000985375
22599	0.000418
22600	0.0006368605
22601	0.0007109091
22602	0.2003293023
22603	0.0002762857
22604	0.0004577778
22605	0.000614
22610	0.0175783721
22611	0.0004691667
22613	0.0001841667
22616	0.0004162791
22618	0.0140963953
22622	0.3270409302
22623	0.0007705814
22624	0.0494927632
22627	0.0001853333
22632	0.000113
22633	0.0019446512
22636	0.0131181395
22638	0.0139586047
22641	0.0475665116
22645	0.0002985
22647	0.0053305814
22649	0.0051293023
22650	0.0518181395
22658	0.0212860465
22659	0.0340402326
22663	4.13953488372E-05
22664	0.0010706977
22665	0.0012795455
22667	0.0020080233
22668	0.230229186
22669	0.0001336047
22670	0.0023189535
22672	0.0006072
22674	0.0389358025
22678	0.0039914286
22679	0.000397561
22681	0.0004855714
22682	0.000268
22684	0.0013403488
22691	0.1576877907
22692	0.0003469767
22694	0.0034586842
22695	0.0175310465
22696	0.0007060784
22700	0.0132848837
22702	0.0008472093
22703	0.000265
22704	0.0057682558
22709	0.0112516279
22711	0.0032439535
22712	0.0003184615
22714	0.0015515116
22715	3.32558139535E-05
22717	0.0342594186
22718	0.0005025
22719	0.0003189286
22721	0.0254643023
22723	0.0048630233
22725	0.031477093
22726	0.0127192941
22730	0.000017
22731	0.2464140698
22733	0.024445814
22735	0.0032561628
22738	3.32558139535E-05
22739	0.0018266667
22740	0.0010951163
22742	0.0008409302
22744	0.0009650794
22745	0.000188
22747	0.0379463953
22748	0.0012178378
22749	3.32558139535E-05
22751	6.73255813953E-05
22752	0.0318310465
22753	0.0003507692
22756	0.00067
22758	0.0007419048
22763	0.0006221875
22764	0.0068715116
22765	0.020322907
22766	0.00021
22770	0.00072
22772	0.0002896875
22773	0.0049561628
22774	0.0512212791
22775	0.000886
22776	0.4290439535
22777	0.0003568605
22779	0.0011616438
22780	0.0004851163
22781	0.0083284884
22788	0.0111449206
22791	0.0097865116
22792	0.0012413924
22793	0.0067382558
22794	0.00043
22796	0.015219186
22797	0.0025136765
22800	0.0008919767
22805	0.0022780556
22809	0.0002569231
22810	0.0123668571
22811	0.0002655556
22812	0.0109282558
22816	0.00027
22817	0.00012
22820	0.0060229268
22821	0.0008075
22822	0.0005712
22823	0.0002766667
22824	0.0005374648
22825	0.0065366279
22828	0.0067324074
22829	0.0003879661
22830	0.0002325
22831	0.00117275
22832	0.0004005769
22835	0.0006018667
22837	0.0047890698
22839	0.00068
22840	0.0029504651
22841	0.0031333333
22842	0.0241697674
22844	0.0002448936
22845	0.000343913
22847	0.00084
22853	0.0003036364
22854	0.0595102326
22857	3.32558139535E-05
22858	0.0093693023
22862	0.0079110465
22866	0.0002465625
22867	0.0003601163
22868	5.9990547674
22871	0.0002991667
22872	0.0001339535
22873	0.000089186
22874	0.000277037
22875	0.0014191045
22876	3.32558139535E-05
22877	0.1351337209
22879	0.1230259302
22880	0.0033193023
22881	0.0098555814
22882	0.0008524138
22883	0.0002405814
22884	0.0275553488
22885	0.0016816279
22886	0.0035534884
22889	0.0058782143
22890	0.0002677907
22893	0.0045395349
22898	0.0057655814
22899	0.0365774419
22903	0.0576565116
22904	0.000654878
22906	2.0052110465
22909	0.0058818605
22910	0.0004573256
22914	0.005262907
22916	0.001008
22918	0.1968465116
22919	0.000089186
22921	0.00022
22926	0.0020720588
22928	0.0003841071
22936	0.0004012791
22938	0.1298463953
22940	0.0007909302
22941	0.0030896386
22943	0.0003892857
22945	0.007274186
22947	0.0042043023
22949	0.0004171667
22951	0.00013875
22953	0.0134973494
22954	5.5680147674
22955	0.0006578125
22957	0.5812725581
22969	0.0067256098
22970	0.0004714286
22971	0.0055262353
22972	0.0003461628
22973	1.53846153846E-05
22974	0.0026958333
22975	0.00004
22976	3.16129032258E-05
22978	0.0270012941
22979	0.000279375
22981	0.0002697619
22982	0.0255261818
22983	0.0036344186
22984	0.0008721429
22986	0.0005461176
22988	0.0008669565
22989	4.21875E-05
22990	0.0589226744
22991	0.0003631395
22993	1.4788659302
22994	0.0598
22995	0.0001616667
22997	0.0002625
22998	0.0164885542
22999	0.00030725
23000	0.0034154651
23001	0.00001
23002	0.0003461628
23003	0.000225
23004	0.00071125
23005	0.0003097222
23006	0.0003461628
23008	0.0010833333
23009	0.0001766667
23011	0.0005173913
23012	0.0003870732
23013	0.0021746667
23014	0.0004475926
23015	0.018669881
23016	0.0010004651
23020	0.0007484615
23021	0.00005
23022	0.0009633333
23023	0.00092175
23024	9.58974358974E-05
23025	0.0001510976
23027	1.95348837209E-05
23029	0.0121932653
23030	0.0001272727
23031	0.0049669767
23032	0.0006683333
23033	0.024104186
23034	0.0002482759
23036	0.0011793939
23037	0.0002587671
23039	0.0440953488
23040	3.359375E-05
23041	0.0892187654
23042	0.0011847368
23043	0.0001791781
23044	0.0001758333
23045	0.0028695349
23046	0.00011
23048	0.0008275
23049	0.0008490476
23051	0.00064
23052	8.90697674419E-05
23053	0.0403406977
23055	0.0313737209
23056	8.42105263158E-05
23057	0.000318
23058	0.0003266667
23059	0.003908375
23060	0.0028695349
23062	0.0011817333
23064	0.0075926923
23065	0.0014014286
23066	0.0002235714
23068	0.0007170833
23069	0.0011004444
23070	0.0007220339
23071	0.0003461628
23072	0.0007331429
23074	0.00153
23076	0.1428530233
23077	0.00039
23078	0.0023230233
23079	0.0003461628
23080	0.0027235088
23081	0.076205814
23082	0.0077096512
23084	0.0009352174
23085	5.43661971831E-05
23086	0.0007907813
23087	0.0002587671
23088	0.000331
23091	0.0018017722
23092	0.00025
23093	0.000432
23094	0.0188627586
23095	0.0005829545
23097	0.0007435294
23098	0.0001362069
23099	0.00016
23102	0.1760534884
23104	0.0073472093
23106	0.0007592857
23108	0.1747590698
23110	0.0030056977
23111	0.7110786047
23112	2.9550646512
23114	0.0074055814
23115	0.0050931707
23116	0.0024595349
23118	0.0486502326
23119	0.0003565
23120	0.00019
23121	0.0073472093
23122	0.0003446341
23123	0.0008945455
23125	0.0003876923
23127	0.0144075294
23128	0.00005
23129	0.0009868
23130	0.000215
23131	0.0036889535
23132	0.1369963529
23133	0.0027326744
23134	0.0022716867
23135	0.0012110588
23137	4.17647058824E-05
23138	0.0004691892
23140	1.84210526316E-05
23141	0.0002587097
23142	0.0003241304
23143	0.0001826087
23144	0.00010825
23145	0.0002942857
23146	0.0172022093
23147	0.0003525581
23148	0.0001377941
23149	0.0010364706
23150	0.00029375
23152	0.0013723913
23153	0.0002021429
23155	0.0015929545
23156	0.0003543902
23157	0.0036987209
23158	0.0005271429
23159	0.0034154651
23160	0.0124597468
23161	0.003279186
23165	0.0015024
23166	0.0005753968
23169	0.0009961765
23170	0.000935
23171	0.0003461628
23172	0.0012176744
23173	0.0025082558
23174	0.0016386154
23176	0.0035532558
23180	0.0249683721
23181	0.0003763265
23183	0.0004565909
23184	4.88405797101E-05
23185	0.0003763095
23193	0.000125
23195	0.0038251163
23197	0.000395
23198	0.000517619
23201	0.0001706667
23202	0.2770930233
23203	0.0005544444
23204	0.0002316667
23205	0.0001209302
23207	0.003279186
23209	0.0001833333
23210	0.0004284
23211	0.0002866667
23212	0.00052
23213	0.0061480233
23214	0.0005022727
23215	0.0004003529
23216	0.0508872093
23217	0.0002623077
23219	0.000166
23220	0.0049495238
23221	0.0014545349
23222	0.0017862821
23223	0.000176
23224	0.0006345833
23225	6.64864864865E-05
23226	0.0053221176
23227	0.00023875
23228	0.00045
23230	0.0002623333
23231	0.0415209302
23232	0.0006411111
23233	0.0001733333
23234	1.53846153846E-05
23235	0.0010231507
23236	0.0011370769
23237	0.0002421429
23238	0.0004715385
23239	0.00005
23242	0.0008566667
23243	0.0137516667
23244	0.0100547674
23245	0.0006215493
23246	0.000213
23247	0.0062846512
23248	0.0020494186
23250	0.0002863043
23251	0.0002747059
23252	0.0227869048
23253	0.0026653488
23255	0.0017572152
23256	0.0002631034
23258	0.0002666667
23259	0.040945814
23260	0.0039623256
23262	0.0008226744
23264	0.00014
23265	0.000322381
23267	0.00035
23268	0.0009839535
23269	0.0002542857
23271	0.0027326744
23272	0.0008914706
23273	0.000335
23274	0.0002021429
23275	0.000273
23276	0.0001079747
23277	0.0002944444
23279	0.00005
23280	0.0008153086
23281	0.0016525
23284	0.0010697436
23288	0.0003461628
23290	0.0009866667
23291	4.21875E-05
23292	0.001249403
23293	6.93243243243E-05
23294	0.0003663333
23295	0.000192
23296	0.0005565116
23298	0.0006806897
23299	9.63291139241E-05
23300	0.0016119277
23301	0.0034207692
23302	0.0004691892
23303	0.0003428814
23305	0.0006383333
23306	0.0676952941
23307	0.0004837647
23308	0.0006874603
23309	0.0021742857
23310	0.0002501163
23311	0.0058754651
23313	0.0023298361
23314	0.0001965
23315	0.0004704545
23317	0.0003457895
23318	0.0001323256
23319	0.0107127907
23320	0.00029
23321	2.24561403509E-05
23322	0.0028230233
23325	0.0001544444
23328	0.3064673256
23329	6.47368421053E-05
23330	0.0175182143
23331	0.2143846512
23332	0.000527193
23333	0.0025707246
23334	0.0013608
23336	6.64864864865E-05
23338	0.0830580233
23339	0.0003542857
23341	0.00015
23342	4.3164556962E-05
23344	0.0007608772
23345	0.0002653846
23346	0.0025960465
23348	0.1126003488
23349	0.00012
23350	0.0170451163
23351	0.0201912195
23352	0.0007066667
23353	0.0069681395
23354	0.030602093
23355	0.00661
23356	0.0003461628
23357	0.0005607692
23358	0.0016786957
23359	0.0004296104
23360	0.0467251163
23362	0.0055997297
23363	0.0005412195
23365	5.32857142857E-05
23367	0.2458337209
23369	0.0002453846
23370	0.00047
23371	0.0599910465
23373	0.0007805405
23375	0.0010712308
23376	0.0703746512
23377	0.0021192593
23380	0.003279186
23381	0.0030133898
23385	1.47058823529E-05
23388	0.0002183333
23389	0.0015490909
23390	0.0014684146
23392	0.000247
23393	0.000035625
23394	0.0053941026
23396	0.0017784
23399	0.0014163158
23400	0.541075814
23401	0.0007039535
23402	0.000095
23403	0.0041735294
23405	0.0020817722
23406	0.0050821429
23407	0.0003461628
23408	0.0061480233
23410	0.0001659259
23413	0.0387044928
23415	0.0017701266
23416	0.0004111111
23418	0.6935984884
23419	0.00114
23422	0.0007186667
23423	0.0106577907
23424	0.0010703704
23425	0.0001627273
23426	0.0026811688
23427	0.0031424419
23428	0.0062846512
23432	0.000147284
23434	0.0012585542
23436	0.0003459259
23437	0.0162789286
23438	0.0028604348
23439	0.0035670238
23440	0.0002975
23441	0.000112
23442	5.32857142857E-05
23443	0.0014511905
23444	0.0011759524
23445	0.5782575581
23446	0.0007542188
23447	0.0002021429
23448	7.94915254237E-05
23449	9.83544303797E-05
23452	0.00414325
23453	0.0023867442
23454	0.1054719767
23455	0.00033625
23456	0.0033049254
23457	0.0020197531
23458	0.0005862791
23459	0.0002692308
23460	0.0001833333
23461	2.52459016393E-05
23463	0.000147284
23466	0.0003342857
23467	0.0002523529
23468	0.0811859302
23470	0.0111985366
23471	0.0025960465
23472	0.0008696296
23474	0.0004454545
23475	4.61194029851E-05
23476	0.0002957143
23477	0.0021862791
23478	0.008639759
23480	0.0061366279
23481	0.0002329032
23482	0.0008637037
23484	0.0012426563
23486	0.0009848438
23487	0.00667
23488	0.0011104255
23490	8.79220779221E-05
23491	0.000188
23492	0.0004929167
23493	0.041220814
23494	0.003347931
23495	0.0025960465
23496	0.0003190909
23498	0.0032490196
23499	0.0002706667
23500	0.0002218182
23501	3.359375E-05
23502	0.0014365116
23503	0.0032710465
23504	0.1932209302
23505	0.000105
23506	0.000556
23507	0.000372
23509	0.0005264815
23511	0.0045093023
23512	0.0043612791
23513	0.0010086047
23517	0.0002661905
23519	0.0080348837
23520	0.0008806098
23521	0.0022960465
23523	0.0008402857
23524	0.000219726
23525	0.000265
23527	0.0009548649
23528	0.0006536538
23529	0.0028695349
23530	0.0005583333
23531	0.0008784884
23532	0.001766
23533	0.0002587671
23534	0.00022
23535	0.0189242857
23536	0.0003185135
23538	0.0006694186
23540	0.0039623256
23541	0.000214
23543	9.25974025974E-05
23544	0.0105682558
23545	0.0016667213
23547	8.90697674419E-05
23548	0.0006227273
23549	0.0006436585
23550	0.0002638372
23551	0.0010897674
23553	0.0973439535
23554	0.0011622353
23555	0.0035532558
23557	0.0003461628
23558	0.0003817857
23559	0.0011647561
23560	0.00048
23561	0.00029625
23562	0.0075656977
23563	0.0053008537
23564	0.0038251163
23565	0.0002247059
23566	0.0001981818
23568	0.0030056977
23569	0.0004616
23570	0.0005087879
23571	0.3089545349
23572	0.0096233333
23573	0.0458868605
23575	2.75806451613E-05
23577	0.0021433333
23578	0.0007561538
23579	7.22666666667E-05
23580	0.0009378378
23583	0.6017588372
23584	0.0065582558
23588	0.0025866667
23589	0.0001805882
23590	0.0001011392
23591	0.000682907
23592	0.0001595238
23593	0.0006310526
23594	0.0004579592
23595	0.001794557
23596	0.041225814
23597	0.1356059302
23598	0.0153977381
23599	0.0002284
23600	0.0020125
23601	0.0004354651
23603	0.0004719444
23604	0.0011369767
23605	0.0002880488
23606	0.0003476471
23607	0.1132451163
23608	0.0000832
23609	0.0003954286
23610	0.0003163636
23611	2.48611111111E-05
23612	0.0002436364
23614	0.0015475
23615	0.1687323256
23616	0.000395
23617	0.0051431395
23618	0.000193
23619	0.000257619
23620	0.0001466667
23621	0.000112
23622	0.0003097778
23623	0.0003365116
23624	0.3501769767
23625	0.0015410256
23627	0.0049495238
23628	0.0037280328
23629	0.0154978824
23630	0.0094424419
23631	0.000014
23632	0.0010927907
23633	0.0002653571
23634	0.0538781395
23635	0.0072682558
23636	0.0003823077
23638	0.0001419753
23639	9.63291139241E-05
23640	0.000449375
23641	0.001898209
23642	0.0024223256
23643	0.00222
23644	0.0000216
23645	0.0004568421
23646	0.0023230233
23647	0.0001466667
23648	0.0010918868
23649	0.0001354545
23650	0.0004127778
23651	0.0001528571
23652	0.0001692308
23654	0.0014283562
23655	0.0490070588
23656	0.0008078947
23657	0.0057189231
23658	0.0027417442
23659	0.0077339535
23660	0.0002166667
23661	0.0188010843
23662	0.0245027273
23663	0.0012118605
23664	0.0008053846
23666	1.65384615385E-05
23667	0.0019804082
23668	0.0049495238
23669	0.0007498837
23670	0.0278982432
23673	0.0009955556
23674	0.0021425
23675	0.0012176744
23676	0.0068315116
23679	0.0001731707
23680	0.000280119
23681	0.0019675581
23682	0.0114772093
23683	0.01652375
23684	0.024321519
23685	0.0007937736
23687	0.0117410843
23688	0.3544583721
23689	0.0001385714
23690	0.0008153086
23691	0.0047825581
23692	0.0007577778
23693	0.0009166667
23695	0.0100826829
23696	0.0268051852
23697	0.0011551351
23699	0.0002720833
23700	0.0003213333
23701	0.0001001266
23702	0.000795098
23703	2.96774193548E-05
23704	0.0019371053
23705	0.0001525
23706	0.0004691892
23707	0.0029267123
23709	0.0041012941
23711	0.0006645763
23715	0.0031424419
23716	0.070445814
23717	0.015706
23724	0.0006278261
23725	0.0005448387
23728	0.0373109302
23731	0.0041006667
23734	0.0031424419
23735	0.0008301563
23736	0.0005016667
23737	0.003279186
23738	0.0020358667
23740	0.0003066667
23741	0.0014545349
23742	0.0002021429
23743	0.0002029412
23745	0.0003907692
23746	0.0065891803
23747	0.0004691892
23749	0.9400760465
23750	0.0001745455
23751	0.0066956977
23752	0.0025198507
23753	0.0003461628
23755	0.0012050877
23756	0.0002554545
23758	0.0014391892
23760	0.0161048148
23761	0.375394186
23762	0.0004227273
23764	0.00001
23766	0.00018
23767	0.000455
23769	0.2480763953
23771	0.0051590625
23772	0.0027754321
23773	0.0006505882
23774	0.0008867442
23775	0.0004844186
23776	0.3266765116
23777	0.0006094444
23778	0.0021776744
23780	0.0005177273
23782	0.0002875
23783	0.000435
23784	0.001152381
23785	0.0004708163
23786	0.0017463953
23787	0.0049187209
23789	0.0003706897
23791	0.0004320588
23792	0.0077526744
23793	1.63636363636E-05
23795	3.0770813954
23796	0.0002021429
23797	0.000287931
23799	0.0003955294
23801	1.53846153846E-05
23802	0.0001933333
23803	0.0044551429
23804	0.0002166667
23805	0.0072303896
23806	0.0135673494
23807	0.0020494186
23808	0.0066948387
23810	0.1853563953
23811	0.000165
23812	0.0011627907
23813	0.0034161628
23815	0.000012027
23816	0.0013139535
23817	0.0016936047
23818	0.0003098837
23819	0.0015686111
23820	0.0006639535
23822	0.0046634884
23824	0.1232969767
23826	0.0049633721
23829	0.00185
23830	0.0001616279
23832	0.0043712791
23835	0.0044865116
23836	0.0049365116
23837	0.0003459524
23838	0.0003310465
23839	0.0060295349
23840	0.0023260465
23841	0.0065626744
23842	0.000395
23843	0.0039495349
23845	1.40476190476E-05
23846	0.0015734884
23847	6.75581395349E-05
23848	0.000757907
23849	0.0013698837
23850	0.0005439535
23851	0.000206
23852	0.5441871429
23853	0.0006639535
23854	0.0056275581
23855	0.0048611628
23856	0.0045434884
23857	6.09302325581E-05
23858	0.0006636923
23859	0.0044865116
23860	0.001551831
23861	3.1511627907E-05
23862	0.0015073134
23864	0.0006034884
23865	0.0015992105
23866	0.0026576744
23867	0.0002039535
23868	0.0021985714
23869	0.0728211628
23870	0.0057033721
23872	0.0056430233
23873	0.0008468605
23874	0.002409186
23875	0.0001537209
23877	3.39534883721E-05
23878	0.0027819767
23879	0.0002219767
23880	0.027182093
23881	0.0051503488
23882	0.0033773256
23883	0.0003231395
23884	0.0670538372
23885	0.0017130233
23886	0.0079752326
23888	0.003322907
23889	0.0044865116
23890	0.0004878571
23891	0.0007158824
23892	0.0064110465
23893	0.0017168605
23894	0.000179
23895	0.0013238372
23896	0.0103834884
23897	0.0017130233
23898	0.0044865116
23899	0.0398751163
23900	0.0011627907
23901	0.0002090698
23902	0.0132851163
23903	0.0028024419
23904	0.00038
23905	0.0054517442
23906	0.0002460606
23907	0.0001352326
23908	0.0001661628
23909	0.0017130233
23910	0.0015618868
23911	0.0014122093
23912	0.0045354651
23913	0.0002787013
23914	0.0410386047
23917	0.0963087209
23919	0.0030984783
23921	0.000236
23922	0.0002312791
23923	0.0638433721
23924	0.00001
23927	2.24418604651E-05
23928	0.0163652326
23929	0.004852907
23931	0.0044517442
23933	0.0006575581
23934	0.011367907
23935	0.000324881
23936	0.0009454651
23937	0.0066990667
23939	0.0014287209
23941	0.0014122093
23942	0.0011362791
23943	0.0013534091
23944	0.00011
23945	0.0007174419
23946	0.040457093
23947	0.0081373256
23950	0.0004240698
23953	0.0004159302
23954	0.0006639535
23955	0.0136310465
23957	0.0006981395
23958	0.0024844186
23959	0.2276219767
23960	0.0162023256
23961	0.0021911628
23962	0.0076067442
23963	0.00001
23964	0.0009694186
23965	0.0005931395
23966	0.002702093
23967	0.0003173256
23968	0.00057375
23969	0.0054817442
23970	0.0022427907
23971	0.005591
23974	0.0031393023
23975	0.024912907
23976	3.62790697674E-05
23977	0.0047588525
23978	0.0020821429
23979	0.0027440698
23980	0.0009967442
23981	0.0028052326
23983	0.0899419767
23984	0.0003672727
23986	0.0008583721
23987	0.00001
23988	0.023760814
23989	0.0014577907
23990	0.0017130233
23991	0.0002552
23994	0.0062113953
23995	0.0001537209
23996	0.0020615116
23998	0.00025
24002	0.0080580233
24004	0.0003938372
24006	0.0018960465
24007	0.2140352326
24008	0.0002283721
24009	0.0056482558
24010	0.001740814
24011	0.0004422222
24012	0.0002010465
24014	0.6619680233
24015	0.0003325581
24016	0.0003566667
24017	0.0023526744
24018	0.0253375581
24020	0.00007
24021	0.000534
24022	0.0026090698
24023	0.0017130233
24025	0.0088054651
24027	3.62790697674E-05
24028	0.0137074419
24030	0.0034206977
24031	0.0022482558
24032	0.0008306977
24033	0.00001
24034	0.0007556757
24035	0.0012578947
24036	0.0242573256
24037	0.0133434884
24038	0.0674561628
24039	0.0003914286
24040	0.044029186
24041	0.0015711905
24043	0.0019103488
24044	0.015119186
24045	0.000914186
24046	0.0029586047
24047	0.0013511628
24048	0.0074832558
24049	0.0063516279
24051	0.0032398837
24052	0.0001792857
24053	0.0004177778
24054	0.0238719767
24055	0.0002384884
24056	0.000204375
24058	0.000405614
24059	0.0010371233
24060	0.0017439535
24062	0.0281617442
24063	0.0098853488
24066	0.0018719767
24067	0.0029960465
24068	0.0002232558
24069	0.0002681579
24070	0.0008370732
24072	0.0004648837
24073	0.0004444186
24074	0.0019110465
24075	0.0044827907
24076	0.0035577907
24077	0.000206
24079	0.0002533333
24080	0.000914186
24081	0.0003325581
24082	8.24418604651E-05
24083	6.09302325581E-05
24084	0.0071954651
24086	0.0047041667
24087	0.0608096512
24088	0.000735814
24090	2.6467255814
24091	0.0019103488
24092	0.0142053488
24093	0.0020766279
24094	1.6062513954
24095	0.0043202326
24096	0.0017439535
24097	0.0696232558
24098	0.0078924419
24099	0.001736875
24100	0.000177907
24101	0.0069866279
24104	0.004569186
24105	0.5671447674
24106	0.0004126744
24107	0.0003836364
24108	0.0051484884
24109	0.0024922093
24110	0.0006639535
24111	0.0044865116
24112	0.0306612791
24113	0.0057380233
24114	0.005079881
24115	0.0018960465
24117	0.0005815116
24118	0.0134297674
24119	0.0006639535
24121	0.0017130233
24122	0.0006051667
24123	0.0099090698
24124	0.0002093023
24125	0.0035849206
24126	0.0019940625
24127	0.0353932941
24129	0.00001
24130	0.0009926087
24132	0.0019103488
24134	0.0005295238
24135	6.10465116279E-05
24137	0.0011675581
24138	0.0026576744
24139	0.0142882558
24140	0.0004266279
24141	0.003075814
24142	0.0001856977
24143	0.0048182558
24144	0.0007160465
24145	0.0035951163
24146	0.0521709302
24148	0.0110489535
24149	0.0018360465
24150	0.130212907
24151	0.0003813953
24152	0.001524186
24153	0.0013290698
24154	0.0014177907
24155	6.09302325581E-05
24158	0.0034054651
24159	0.0003334118
24160	0.0056994048
24161	0.0251718605
24163	0.0721222093
24164	0.0013183544
24165	0.002000814
24168	0.0010834884
24170	0.002990814
24172	0.0060060465
24173	0.000012027
24174	0.0043594186
24175	9.74418604651E-05
24177	0.0011103488
24178	0.00001
24179	0.0037739535
24180	0.0022457647
24182	0.0076562791
24183	0.0158397674
24184	0.0076263953
24185	0.0076164286
24186	0.00033625
24187	0.0064654651
24190	0.0080567442
24191	0.0012903488
24194	0.0003053846
24196	0.0321496512
24197	0.0007174419
24198	0.003322907
24201	0.32292
24202	0.0009613953
24203	0.0086872093
24204	0.0035829825
24205	0.0044865116
24206	0.000914186
24207	0.0005202703
24208	0.0003588372
24209	0.0051222093
24210	0.0034893023
24211	0.0019103488
24212	0.0081415116
24213	0.0008306977
24215	0.0003938372
24216	0.0017830667
24217	0.0115473256
24218	0.0007150794
24219	0.0006666279
24220	0.0018409302
24221	0.0032509302
24222	0.0039647619
24223	0.0030034884
24225	0.0017711628
24226	0.0004986047
24227	0.0140374419
24228	0.0262114634
24230	0.0005815116
24231	0.0044865116
24232	0.0128765116
24233	0.0080481395
24236	0.0067316279
24237	0.0003552326
24239	0.0008531395
24240	0.0001404651
24241	0.0033726744
24244	0.006945
24245	0.0571403488
24246	0.0006033784
24249	0.0043763953
24250	0.0006473684
24251	6.09302325581E-05
24252	0.0055838372
24254	0.0007295294
24255	0.0006639535
24257	0.0004159302
24259	0.0001404651
24263	0.0799798837
24265	0.0028156977
24266	0.0029937209
24267	0.0071443023
24268	0.0001876923
24271	0.0032717442
24272	0.0038334884
24276	0.0029009302
24277	0.0009563953
24278	2.52325581395E-05
24279	2.87209302326E-05
24280	0.1583624419
24281	1.06153846154E-05
24282	0.004235814
24284	0.0041523944
24286	0.0086497674
24289	0.0001616279
24290	0.0002431429
24291	0.0012462791
24292	0.0625810465
24293	0.0030738372
24294	0.0025328
24295	0.0008881132
24296	0.000196
24297	0.0319966279
24298	0.0004982558
24299	7.82558139535E-05
24300	0.0263144186
24301	0.0017405814
24302	0.0007915663
24303	0.0021601163
24304	0.0614588372
24305	0.001202907
24306	0.0001815663
24307	0.0045010465
24309	0.00001
24310	0.0022427907
24311	0.0029741975
24312	0.0011627907
24313	0.003987093
24314	0.0003325581
24316	0.0012238372
24317	0.0050613953
24318	0.3427511628
24319	0.0011087209
24320	0.0010328571
24321	0.0195223256
24322	0.0033876744
24323	0.001172907
24326	0.006712093
24327	0.00001
24328	0.0038809302
24330	0.0001477907
24331	5.01162790698E-05
24333	0.0040704651
24335	0.0010839394
24336	0.0001696512
24339	0.0628615116
24341	0.0062652326
24342	0.0029769767
24343	0.0062581395
24344	0.0010454286
24345	0.0068531395
24346	0.0017439535
24348	0.0031027907
24349	0.0019103488
24351	0.0002061111
24352	0.00027
24353	0.0007380233
24354	0.0004098837
24355	0.0001560465
24356	0.0003325581
24357	0.0026965116
24358	0.0775943023
24360	0.0005074419
24361	0.0009866279
24363	0.0172505814
24364	7.22093023256E-05
24365	0.0017563953
24366	0.0007174419
24367	0.000119186
24368	0.0001973256
24370	0.0020925581
24371	0.005972907
24374	0.0238418605
24375	0.0003938372
24376	0.0151261628
24377	0.0014122093
24378	0.0098525
24379	0.0920175294
24380	0.0158365116
24381	0.0018275581
24382	0.060757093
24384	0.0014206977
24386	0.0007174419
24387	0.0019110465
24388	0.0012580328
24389	0.0181468605
24391	0.0005815116
24392	0.0012613158
24393	0.0001775
24394	0.0004103571
24395	0.00064
24396	0.0215156977
24399	0.004569186
24400	0.0825055814
24401	0.7455587209
24402	0.0033236047
24404	0.000365
24405	0.0127281395
24406	0.0087395349
24408	0.0006286538
24409	1.6062513954
24410	0.0580905814
24411	0.000343875
24412	0.0004802439
24413	0.0019937209
24414	0.0010596512
24417	0.0003563953
24418	0.0590727907
24419	0.0004159302
24420	6.75581395349E-05
24421	2.09302325581E-05
24424	0.0028246512
24425	0.0031565116
24426	0.0039975581
24428	0.0003865625
24429	0.3088065116
24430	0.0009563953
24431	0.0034995349
24433	0.0049447674
24434	0.0004489286
24435	0.0130494186
24436	0.0005819512
24437	0.0038215116
24438	0.0003256977
24440	0.0006545349
24441	0.0008755738
24443	0.0013646512
24444	0.0004305714
24445	0.0168011628
24446	0.0005209302
24447	0.000057907
24448	5.32558139535E-05
24449	0.0108905814
24451	0.0024315116
24452	0.00028
24454	0.0036769767
24455	0.0009967442
24457	0.0003588372
24459	0.0001062791
24461	0.002347093
24464	0.0022810465
24465	0.0006034884
24467	0.0065626744
24468	7.1511627907E-05
24469	5.8488372093E-05
24472	0.000914186
24473	1.93023255814E-05
24474	0.0014122093
24475	0.0027417442
24476	0.00009
24477	0.001495814
24478	0.0402076744
24479	0.0002183333
24481	0.0055662791
24482	6.60465116279E-05
24484	0.0139506977
24486	0.0001661628
24487	0.0009930233
24488	0.0017130233
24489	0.0017130233
24492	0.0017130233
24493	0.0503423256
24494	0.0618794186
24495	3.16666666667E-05
24496	0.0062068605
24498	0.0067316279
24499	0.0022125581
24500	0.008195814
24501	0.0003386047
24503	0.0067316279
24506	0.0013290698
24507	0.0004401163
24508	0.0007174419
24509	0.0211473256
24510	7.28571428571E-05
24511	0.0020447674
24514	0.0136959302
24515	0.004039186
24518	0.0018960465
24519	0.0016067442
24520	0.0022503488
24521	0.0003325581
24522	0.0017004651
24524	0.0001326667
24525	0.004402907
24526	0.01322
24527	0.0021601163
24528	0.003727093
24529	0.0031297674
24530	0.0027184884
24532	0.0003364706
24533	0.0072351163
24534	0.0017548837
24535	0.0004623256
24536	0.0003325581
24537	0.003647907
24539	0.0005432558
24540	0.0001615116
24541	0.0004287209
24542	0.0004798837
24543	0.0005815116
24544	0.0001111628
24545	5.32558139535E-05
24546	0.0008469767
24547	0.00053
24549	6.09302325581E-05
24550	0.0004266667
24551	0.0005841176
24552	0.0004489474
24556	0.0007476744
24560	0.0014404651
24562	0.0055525581
24564	0.0004518182
24566	0.0012251429
24567	0.0032676744
24568	0.0002318519
24569	1.0079943023
24570	0.0031350588
24571	0.0028474419
24572	0.0003588372
24573	0.0187485882
24574	0.0002489535
24576	0.0015097674
24577	0.0006639535
24583	0.0020698837
24585	0.0001374419
24586	0.0007476744
24587	0.0069783721
24588	0.0152856977
24590	0.0011896512
24591	0.0003656757
24592	0.0005551613
24593	0.0106189535
24594	8.31395348837E-05
24595	0.005722093
24596	0.0081182558
24597	0.0053804082
24598	0.0102245349
24599	0.0046543023
24600	0.0014672093
24602	0.0201868605
24603	0.1323366279
24604	3.05813953488E-05
24605	0.0080955814
24606	0.0023681395
24608	3.1511627907E-05
24610	0.0001621951
24611	0.0101346512
24612	0.0071237209
24614	0.0021174545
24615	0.004387907
24616	0.0108477907
24617	0.0011062963
24619	0.0058413953
24620	0.0039339535
24621	0.0015787209
24623	0.0079752326
24624	0.0010448649
24625	0.00001
24627	0.0011627907
24628	0.0134424419
24629	0.0023429333
24631	5.01162790698E-05
24632	0.0018275581
24633	0.0005987879
24634	0.0028105814
24635	0.0001088372
24636	0.0021486047
24638	0.0005873913
24639	0.0011817442
24640	0.0086482558
24641	0.0002675
24642	0.0013320588
24643	0.0026675581
24644	0.0007336047
24645	0.0001190909
24647	2.24418604651E-05
24648	0.0034054651
24649	3.94186046512E-05
24651	0.5062933333
24652	0.0049994186
24653	0.0007174419
24655	0.00025
24656	0.3446252326
24658	0.0028026744
24659	0.0029726744
24660	0.0021880233
24661	6.93023255814E-05
24662	0.0030201163
24663	0.3419317442
24666	0.0119986047
24669	0.0002657143
24670	0.0108447674
24671	0.003055814
24672	0.0110348837
24673	0.0025643636
24674	0.0091609302
24675	0.0017689286
24676	1.02898550725E-05
24677	0.0545080233
24678	0.0034386047
24679	0.0004986047
24680	0.003242907
24681	0.0009967442
24682	0.0001661628
24683	0.0132803488
24686	0.000212
24687	0.0002706977
24688	0.0474336047
24689	0.0017130233
24690	0.003125814
24691	0.00031
24692	0.000994186
24694	0.0213815116
24697	0.0005465116
24698	0.0013419767
24699	0.0002241667
24700	0.0042253488
24701	0.0004057143
24706	0.0016611628
24707	0.0059353488
24710	0.0022784524
24711	0.0041812791
24712	0.0045997674
24713	0.0001525
24714	0.0002896512
24716	0.002575
24718	0.0004159302
24719	0.0021601163
24720	0.0031865116
24721	0.0021989412
24722	0.0127783721
24723	0.005317093
24724	3.95348837209E-05
24725	0.0006639535
24726	0.0272116279
24728	0.003322907
24729	0.0007336364
24731	0.0026526744
24732	0.0007174419
24733	0.0069783721
24734	0.0027027273
24735	0.000013
24737	0.0008756863
24738	0.0019937209
24740	0.3311111628
24741	5.59302325581E-05
24742	0.00063
24744	0.0001661628
24745	0.0058295
24746	0.0050009302
24747	0.0283283721
24748	0.003274186
24749	0.1166166279
24750	0.002757907
24751	0.0150362791
24753	0.0035362791
24755	0.0012462791
24756	0.0061784884
24759	0.00001
24760	0.0161836047
24761	0.0012707895
24762	0.0152031395
24763	0.0007847619
24765	0.0011627907
24766	0.0027803488
24767	0.0001909333
24773	0.0032398837
24774	0.0050453488
24775	9.18604651163E-05
24776	0.0146838372
24777	0.0067182558
24778	0.0023505814
24779	0.0029077907
24780	0.0032555814
24781	0.0002885
24782	0.027182093
24784	0.0044865116
24785	0.0005815116
24787	0.0003938372
24788	0.0014488372
24789	0.0004159302
24790	0.0008306977
24791	0.002312907
24792	0.0028246512
24793	0.0004146774
24794	0.0014122093
24795	0.0002692
24796	0.0011116279
24797	0.0019944186
24799	0.0005684884
24800	0.0213067442
24801	0.0022457647
24802	0.008714186
24804	0.0008306977
24806	0.0003588372
24807	0.0001375
24808	0.0009967442
24809	0.00030375
24810	0.005274186
24811	0.0081624419
24813	0.0060059259
24815	0.0023936905
24816	0.2215583721
24817	0.0004084884
24818	0.0001215116
24820	0.003987093
24823	0.0049172093
24826	0.002791194
24828	0.0004798837
24830	0.0145422093
24831	0.0006461628
24833	0.0046855814
24834	0.0064801163
24835	0.0004159302
24836	8.24358974359E-05
24837	0.0018094048
24839	0.0005815116
24840	0.0014938372
24842	1.0066276744
24845	0.0026868605
24847	0.0072305882
24848	0.007594186
24850	0.000529186
24851	0.0001754651
24852	0.0451810465
24855	0.00052
24856	0.0025465116
24857	0.0007174419
24859	0.0007196154
24860	0.0141767442
24861	0.0011637931
24863	0.0022546512
24864	0.0005905814
24866	0.000057907
24869	0.0008261905
24870	0.0001512791
24871	0.0017994186
24875	0.0608096512
24876	0.0060502857
24877	0.0196048837
24878	0.0196881395
24879	0.0210181395
24882	1.31168831169E-05
24884	0.0006639535
24887	0.0198548837
24888	0.0002990698
24889	0.0195223256
24890	0.0196881395
24891	0.0052334884
24892	0.00001
24893	0.0054303488
24895	0.0005847674
24898	0.006307907
24899	0.0001237647
24900	0.0007295349
24901	0.0007123529
24902	0.0004584884
24903	0.0021989412
24904	0.4965788372
24905	0.0017439535
24906	0.0004638889
24907	0.0010034884
24908	0.0005326471
24909	3.62790697674E-05
24910	0.0007327692
24912	0.0002292308
24913	0.0012598837
24914	0.021267093
24915	0.0001475
24916	0.0011498837
24917	0.0007936047
24918	0.0002990698
24919	0.0019324615
24920	0.0021601163
24921	0.00017875
24923	0.0004986047
24925	0.0076194186
24926	0.0013339474
24927	0.0012515789
24928	0.000624898
24929	0.0026576744
24930	0.0003448837
24931	0.0012842105
24932	0.0051819767
24933	0.0004159302
24934	0.0026068605
24936	0.0001088372
24937	0.0007476744
24938	7.6049382716E-05
24939	0.0007766667
24942	0.00001
24943	0.0002644186
24944	0.0032768605
24946	0.0010474419
24948	0.0003488235
24949	0.0011682558
24950	0.0007683721
24951	0.000057907
24952	0.0003805814
24953	0.0004159302
24954	0.0015233721
24959	0.0003813158
24960	0.0005041176
24962	6.09302325581E-05
24963	0.0069538372
24965	0.0035726744
24966	0.0018275581
24968	0.0008589474
24969	0.005317093
24970	0.0006059649
24971	0.0071880233
24973	0.0005916667
24974	0.0002389655
24976	0.0013804545
24977	0.0023315116
24978	0.0001583333
24979	0.005317093
24983	0.0003197561
24984	0.0215990698
24985	0.0006494737
24988	0.0018274419
24989	0.0043853488
24990	0.0003006667
24991	0.0039705814
24995	0.0020238372
24996	0.002050119
24997	0.0001088372
24999	0.0059939535
25000	0.0291590698
25001	0.0580615116
25003	0.0011636047
25005	0.0347240698
25006	0.0002875
25008	0.0011363953
25010	0.0050493023
25011	0.000955814
25012	0.0006639535
25013	0.0414536047
25014	0.0027475581
25015	0.000042625
25016	5.32558139535E-05
25019	0.0097350633
25020	0.0105028571
25021	0.0005304762
25022	0.000315
25023	0.0001404651
25024	0.0227215116
25025	0.0485980233
25026	0.0214333721
25027	0.0040638372
25028	0.0005815116
25031	0.0033319767
25032	0.0133801163
25034	1.87209302326E-05
25035	0.0025223256
25036	0.0026309302
25037	7.1511627907E-05
25038	0.0004240909
25039	0.0002489535
25041	0.0002063953
25042	0.0055153488
25043	0.1043951163
25044	0.0305712791
25045	0.0032597674
25046	0.0002052439
25047	0.0008713953
25048	0.000459375
25050	0.0034681395
25051	0.016615
25052	0.0010556977
25053	0.002295119
25055	0.0104994186
25056	0.0066581395
25057	0.0030451163
25058	0.0136781395
25059	0.0135838372
25060	0.0134195349
25061	0.0137618605
25062	0.0136561628
25063	0.0036548837
25064	0.0009987209
25065	0.0138288372
25068	0.0506540698
25069	0.0002385714
25071	0.0004516667
25072	0.0014233333
25074	0.00212
25075	4.25581395349E-05
25076	1.502005
25078	0.0206860465
25079	0.0036529412
25080	0.0027919767
25081	7.52325581395E-05
25082	0.0018960465
25083	0.0007312963
25084	0.0013507895
25085	0.0004444186
25086	0.0011418605
25087	0.0047132877
25088	0.0004429825
25089	0.0056346512
25090	0.000298
25091	0.0013852273
25093	0.0001287838
25094	0.0012462791
25096	0.00051875
25097	0.002575
25098	0.0012439474
25099	0.0025317442
25101	1.2107163954
25102	0.0001661628
25103	0.0058560465
25104	0.0106418605
25105	0.0062460465
25106	0.0062627907
25107	0.0066456977
25108	0.0001640698
25109	0.0007174419
25110	0.0020986047
25111	0.0001661628
25113	0.000027907
25115	0.0008531395
25116	0.0199975581
25117	0.003987093
25118	0.0009290789
25119	0.0012276923
25121	0.0033510465
25123	0.0035661628
25124	0.1449304651
25125	0.0042416216
25131	0.0003575
25132	0.0001883721
25133	0.0001116049
25134	0.6045910465
25136	0.0030329787
25137	0.0011012791
25138	0.0031451163
25141	0.0018960465
25142	0.0003692308
25144	2.87209302326E-05
25145	0.0001661628
25146	0.0001661628
25147	0.0023316667
25149	0.0754897674
25151	0.4559524419
25152	0.0001566667
25153	0.0013515663
25154	0.2309147674
25155	0.0022427907
25156	0.0042381395
25159	0.0082181395
25160	0.0076438372
25162	0.010884
25163	0.0006430233
25165	0.0006430233
25166	0.000284
25167	0.0006430233
25168	0.0006430233
25169	0.0326496875
25170	0.0003571429
25171	0.0434705814
25172	0.0004823256
25173	0.002041875
25174	0.0088447674
25175	0.0013401163
25176	0.3686310465
25177	0.1148754651
25178	0.0001577907
25180	0.0036989535
25181	0.0003095455
25182	0.0005363953
25184	0.0021862338
25187	0.0004284884
25188	0.0044129333
25189	0.0001577907
25190	0.0019095349
25191	0.0006430233
25192	0.6316297674
25194	0.0003754167
25196	0.0080411628
25197	0.0149717188
25198	0.0001577907
25199	0.0001577907
25201	0.0011669737
25202	0.0121106977
25204	0.0146880233
25207	0.0001577907
25208	0.0001577907
25209	0.0001577907
25210	0.0019131818
25214	0.0001577907
25215	0.0033555814
25216	0.0001577907
25217	0.0008264286
25218	0.0015005814
25219	0.0230213953
25220	0.0001577907
25221	0.0001577907
25223	0.0006430233
25224	0.0015598462
25225	0.0020967442
25226	0.0001577907
25227	0.0034673333
25228	0.0006430233
25229	0.0006430233
25230	0.0008259459
25231	0.002840814
25232	0.0126746512
25234	0.00006
25235	0.000116
25236	0.0825790476
25239	0.0002140698
25240	0.0006430233
25241	0.012747069
25242	0.0006430233
25243	0.0006430233
25244	0.0001577907
25245	0.000484
25246	0.0226794186
25247	0.0051996512
25251	0.000697093
25252	0.0010059459
25253	0.000105
25254	0.0002515152
25255	0.0001603488
25256	0.001616087
25257	0.0002175758
25258	0.022677907
25260	0.0006430233
25261	0.0006430233
25262	0.0006430233
25263	0.0006430233
25264	0.0006430233
25265	0.0006430233
25268	0.0006430233
25269	0.0006430233
25270	0.0002266667
25271	0.0006430233
25273	0.0006430233
25274	0.0004178261
25275	0.0009531395
25276	0.0006430233
25277	0.0027628571
25278	0.0224872093
25279	0.0001577907
25280	0.0006164286
25281	0.0102909302
25282	0.0001577907
25286	0.0893481395
25289	0.0008616364
25290	0.00202125
25291	0.0117933721
25292	0.0102638462
25293	0.0261191566
25294	0.0001577907
25295	0.0025730233
25297	0.001032069
25298	0.0003812791
25300	0.000223
25302	0.0001867442
25303	0.0098775581
25305	0.0002921622
25306	0.0001577907
25308	0.0026266279
25309	0.0004708108
25310	0.009732449
25311	0.0017151163
25312	0.0001075581
25313	0.0003644444
25314	0.00038
25315	0.0120443023
25316	0.0070410465
25318	0.0068081395
25319	0.0025730233
25320	0.0020131765
25321	6.86111111111E-05
25322	0.0002754286
25323	0.0285175581
25325	0.0484044186
25326	0.0001603488
25327	0.0006430233
25328	0.0003557895
25329	0.0008415152
25330	0.0013401163
25331	0.0002140698
25332	0.0001957692
25333	0.0006430233
25334	0.0006430233
25335	0.0006430233
25336	0.0186453488
25337	0.0011852381
25338	0.0006430233
25340	0.0001577907
25341	0.0001075581
25342	0.0001577907
25343	0.0001603488
25345	0.0006430233
25346	0.0001577907
25347	0.083126988
25348	0.0001075581
25349	0.0002140698
25351	0.0040718824
25352	0.0001577907
25353	0.0001577907
25354	0.0005363953
25355	0.0023501163
25356	0.0003633333
25358	0.0595136364
25359	0.0199133721
25360	0.0005068519
25361	0.0006430233
25364	0.005727907
25365	0.0024227907
25366	0.0005893023
25368	0.0006430233
25370	0.0006430233
25371	0.0006430233
25372	0.0006430233
25373	0.355285814
25374	0.003628
25375	0.0006430233
25377	0.0006430233
25378	0.0017495522
25379	0.0001577907
25381	0.0002423077
25383	0.001575
25384	0.0014919767
25386	0.0001577907
25387	0.0006430233
25389	0.0006283333
25390	0.0017683721
25391	0.000697093
25392	0.0065321333
25394	0.00014
25396	0.0820687209
25397	0.0059075581
25398	0.0015245349
25399	0.0083848837
25401	0.1039986047
25402	0.8711324419
25403	0.0001577907
25404	0.0006430233
25405	0.0006430233
25407	0.0001577907
25408	0.0227825581
25409	0.00001
25410	0.0006430233
25416	0.000452
25418	0.0001577907
25419	0.0006430233
25420	0.0006430233
25422	0.0006430233
25423	0.0039757333
25424	0.0014777143
25425	0.000075
25426	0.0118
25427	0.0001577907
25428	0.0038115116
25429	0.0192044186
25430	0.0003618919
25431	0.0001577907
25433	0.0001577907
25434	0.0048475581
25435	0.0055644872
25439	0.0007511628
25441	0.0003704545
25442	0.0006317647
25443	1.0216441861
25444	0.0001577907
25445	0.0002369767
25446	0.0001577907
25447	0.0141171429
25448	0.0161347674
25449	0.000609375
25450	0.0294793056
25452	0.0023925641
25454	0.0134239535
25455	0.0001577907
25456	0.0102280233
25457	0.0001577907
25459	0.0006430233
25460	0.0006430233
25461	0.466742093
25462	0.0006430233
25463	0.0320680233
25464	0.0006430233
25465	0.002790814
25466	0.0036206977
25468	0.0075063095
25469	0.0001577907
25470	0.0001577907
25471	0.0001577907
25472	0.6486668605
25473	0.0154363953
25474	0.0005363953
25475	0.0030156471
25476	0.0005705085
25477	0.0003417857
25478	0.0014346154
25479	0.0001577907
25480	0.0008525
25481	0.0184589535
25482	0.0006430233
25483	0.0781553488
25485	0.0006430233
25487	0.001702125
25488	1.1859575581
25489	0.062190814
25490	0.1954426744
25492	0.0017152326
25493	0.0076856667
25494	0.024012093
25495	0.0004016
25498	0.0006430233
25499	0.000434359
25501	0.0089931395
25502	0.0020102381
25503	0.0002242857
25506	0.0030377586
25507	0.026630814
25508	0.006164186
25509	0.0039151163
25510	0.2881147674
25511	0.0688781707
25513	0.0055816279
25514	0.0001957895
25515	0.0006430233
25516	0.0335459302
25517	0.0006430233
25519	0.0344931395
25521	0.0006430233
25522	0.0007116949
25523	0.0006430233
25524	0.0005255882
25525	0.0006430233
25526	0.0002228571
25528	0.0001577907
25529	0.026724186
25530	0.01072125
25532	0.0001577907
25535	0.0017481176
25536	0.0006430233
25537	0.0009613846
25540	0.0006430233
25541	0.00021
25542	0.0006430233
25543	0.0006430233
25544	0.0405177907
25545	0.010678125
25547	0.0480619048
25548	0.0003219767
25549	0.0007056604
25550	0.0006430233
25551	0.0050339535
25552	0.2778513953
25553	0.0001577907
25554	0.0001577907
25555	0.0003969231
25556	0.006795814
25557	0.0118944928
25559	0.0001577907
25560	0.0006430233
25561	0.0124903488
25562	0.0519945349
25563	0.00007
25564	0.0050339535
25565	0.0006430233
25566	0.0006430233
25567	0.000318125
25568	0.0035918605
25569	0.159972093
25570	0.0319932558
25571	0.0003941026
25572	0.0013542424
25573	0.0028584884
25574	0.0006430233
25575	0.000364
25578	0.0005719767
25579	0.0166706977
25581	0.0001577907
25582	0.0001577907
25583	0.0009425
25584	0.0013663636
25586	0.0001577907
25588	0.0158169767
25589	0.0291568605
25591	0.0001577907
25592	0.0001867442
25594	0.0149163953
25598	0.0018446154
25599	2.0383112791
25600	0.0001577907
25602	0.0177130233
25603	0.0001577907
25604	0.00378625
25605	0.0001577907
25608	0.0038189535
25610	0.000537907
25611	0.00002
25612	0.0002
25614	0.147737093
25615	0.0030487209
25616	0.6952488372
25617	0.0016274699
25618	0.0003751163
25619	0.1655405814
25620	0.004557875
25621	0.0010771875
25625	0.0006430233
25626	0.0214120779
25627	0.001762093
25628	0.00017
25629	0.0006430233
25630	0.0011110606
25631	0.0041454321
25632	0.0069965116
25633	0.0500127907
25634	0.0373087209
25635	0.0006430233
25636	0.0991845349
25639	0.0001577907
25640	0.0001577907
25641	0.3051255814
25642	0.000372907
25643	0.0006430233
25644	0.0093809302
25646	0.6944459302
25647	0.0006430233
25648	0.0001577907
25649	0.0006430233
25650	0.0006430233
25651	0.0006430233
25652	0.0001577907
25653	0.1708227907
25654	0.001762093
25655	0.0111546512
25656	0.0001577907
25657	0.0242390698
25659	0.0006430233
25660	5.37209302326E-05
25661	0.1752638372
25662	0.0006430233
25663	0.0006430233
25665	0.0002778571
25666	0.0006430233
25667	0.0006430233
25668	1.1721691667
25669	0.001078
25670	0.0095622093
25671	0.0018225581
25672	0.0003229412
25673	0.0002433333
25674	0.0023459375
25676	0.0034363014
25677	0.0006430233
25680	6.60465116279E-05
25681	0.0117703846
25684	0.0013223256
25685	0.0099101163
25686	0.0001577907
25687	0.0001577907
25688	0.014674186
25689	0.0001356962
25693	0.0018578571
25694	0.0024768605
25695	0.014378
25697	0.0002681395
25701	0.0006430233
25702	0.0123372093
25703	0.0006430233
25704	0.0001075581
25705	0.0001577907
25706	0.0244251163
25707	0.00007
25708	0.0006430233
25709	0.0095602381
25710	0.0173395349
25711	0.0001577907
25713	0.0001577907
25714	0.0004288889
25715	0.0036912963
25716	0.0001577907
25717	0.2321145349
25719	0.0010098611
25720	0.0443759302
25721	0.0032160465
25722	0.0099698837
25723	0.0006430233
25725	0.0006430233
25726	0.0006430233
25727	0.0006430233
25728	0.0006430233
25729	0.0006430233
25730	0.0006430233
25731	0.0006430233
25732	0.0071117442
25733	0.0006430233
25735	0.0006430233
25736	0.000654359
25738	0.00111
25740	0.1002013725
25742	0.0005363953
25743	0.006550625
25744	0.0009609756
25746	0.1507394186
25747	0.0005719767
25748	0.0006430233
25749	0.0007478571
25751	0.0183331395
25753	0.0006430233
25754	0.0006430233
25755	0.0006430233
25757	0.0006430233
25758	0.0006430233
25759	0.0011019149
25760	0.1050851163
25761	0.0006430233
25762	0.6757609302
25764	0.0034301163
25765	0.000836
25767	0.0007511628
25769	0.0004309091
25770	0.0062715116
25771	0.0001577907
25772	0.0001577907
25773	0.0070502326
25774	0.0002165385
25776	0.0001577907
25778	0.0001557143
25779	0.0006430233
25780	0.001762093
25781	0.008845119
25784	0.0042339535
25786	0.0006430233
25788	0.001615
25789	0.0030013953
25790	0.0003942222
25791	0.0006430233
25794	0.0058514667
25795	0.0019945588
25796	0.0001577907
25797	0.005020625
25798	0.2439698837
25799	0.0185385185
25800	0.0005596512
25802	0.0001577907
25803	0.0554811628
25805	0.0006430233
25806	0.0166047917
25807	0.0006567742
25808	0.0038115116
25809	0.0006430233
25810	0.0006430233
25811	0.0006430233
25812	0.0006430233
25813	0.0001577907
25814	0.0006430233
25815	0.0001577907
25816	0.0046610465
25819	0.0001577907
25821	0.0169606977
25825	0.0001577907
25826	0.0068174419
25827	0.0001577907
25828	0.0006430233
25830	0.0006430233
25831	0.0001577907
25834	0.0011183721
25835	0.0001577907
25837	0.0006430233
25838	0.0858744186
25839	0.0198319672
25840	0.0006430233
25841	0.0006430233
25842	0.0001577907
25843	0.0006430233
25844	0.0006430233
25846	0.0036378378
25847	0.0003589535
25848	0.0004633333
25849	0.0006430233
25850	0.0034301163
25851	0.0505272093
25852	0.0002364286
25853	0.000223
25854	0.041704186
25856	0.0954665116
25857	0.0015005814
25858	0.0001577907
25861	0.0042275325
25862	0.0006430233
25863	0.0006430233
25865	0.0006430233
25866	0.0006430233
25867	0.0001825
25868	0.0099165116
25869	0.0003985714
25871	0.046282907
25872	0.0182790698
25873	0.1516933721
25875	0.000374
25876	0.2524884884
25878	0.002237907
25879	0.0009642857
25880	0.0093225581
25881	0.0006430233
25882	0.0007182609
25883	0.0312469767
25884	0.031359186
25885	0.000817931
25886	0.0006430233
25887	0.00009
25888	0.0312645349
25889	0.0001577907
25890	0.0005131579
25892	0.0074981429
25894	0.0005015789
25895	0.00021
25896	0.0010904545
25898	0.0006430233
25899	0.0006430233
25900	0.040892093
25901	0.0044614815
25902	0.0141517442
25903	0.000761
25904	0.0442124419
25905	0.0976759302
25906	0.0134239535
25911	0.0228464286
25912	0.0001577907
25913	0.0004396429
25917	0.0006430233
25918	0.0001577907
25919	0.0001577907
25920	0.0004576923
25921	0.0001211111
25922	0.0020765714
25923	0.0006430233
25924	0.0019164516
25925	0.0991153488
25926	0.010175
25928	0.000764127
25929	0.00075
25930	0.0078318605
25931	0.0142587209
25932	0.0010076389
25933	0.0006430233
25934	0.0006430233
25936	0.0006430233
25937	0.0001925
25938	0.0006430233
25939	0.0006430233
25940	0.0006430233
25941	0.0015545349
25942	0.005727907
25943	0.0006430233
25944	0.0006430233
25945	0.0004286538
25947	0.00778375
25948	0.0001577907
25949	0.0001577907
25950	0.0001577907
25951	0.0053066279
25952	0.0020509302
25953	0.0002939535
25954	0.0006430233
25955	0.0006430233
25956	0.0006430233
25957	0.0006430233
25958	0.0528468605
25959	0.0006430233
25960	0.0006430233
25961	0.0006430233
25966	0.0005363953
25967	0.0027336047
25968	0.0097982558
25969	0.0440088235
25970	5.37209302326E-05
25971	0.0005877907
25972	0.0134239535
25974	0.010166875
25975	0.0001577907
25976	0.1178237209
25977	0.3218167442
25981	0.0190568605
25982	0.0006430233
25983	0.006169186
25984	0.0159503448
25986	0.0001577907
25987	0.0041231765
25988	0.0690604878
25989	0.0307098837
25992	0.2770710465
25993	0.0177130233
25995	0.0001577907
25996	0.0006430233
25997	0.0008162069
25998	0.0003652941
25999	0.0007767143
26000	0.1427366279
26001	0.0001577907
26002	0.0012865116
26004	0.0006430233
26006	0.1384898837
26008	0.0165136905
26009	0.0002297826
26010	0.0002369767
26011	0.0007762821
26012	0.0018578571
26013	0.0001803797
26014	0.0042694444
26015	0.0024453333
26016	0.223270814
26017	0.0082015116
26018	0.0091473256
26019	0.0002333333
26020	0.000335
26022	0.0012643023
26023	0.0003589535
26024	0.0006430233
26025	0.0006430233
26026	0.0006430233
26027	0.0046781034
26028	0.0006430233
26031	0.0006430233
26032	0.0036347674
26034	0.0006430233
26038	0.0032087179
26039	0.0054653012
26040	0.0006430233
26041	0.1390039535
26042	0.0130518605
26043	0.2947902326
26045	0.0006430233
26046	0.0001577907
26050	0.0001577907
26051	0.0007697403
26052	0.0006430233
26054	0.0006430233
26055	0.0006430233
26056	0.0006430233
26057	0.0004964286
26060	0.0259177907
26061	0.0006430233
26062	0.280134186
26063	0.0024104054
26064	0.0297084884
26065	0.0002896429
26066	0.0010993023
26067	0.008005102
26068	0.0081337209
26069	0.0106616279
26070	0.0546949412
26072	0.0007122222
26073	0.0011731395
26074	0.0026689041
26075	0.0004398837
26076	0.002417907
26077	0.0005744444
26078	0.0008396512
26079	0.0018687209
26081	0.0007294186
26082	0.0117605814
26083	0.0017587209
26084	0.0003303488
26085	0.0003778261
26087	0.0036419643
26088	0.000134
26089	0.0004397959
26090	0.0003631579
26091	0.0021019767
26092	0.0110345122
26094	0.000110814
26095	0.0061554651
26096	0.1899488372
26097	0.0015983824
26098	0.0005493023
26099	0.0006686957
26100	0.0214331395
26101	0.0002727273
26102	4.77906976744E-05
26103	0.0151680233
26104	0.0040669767
26105	0.0813173256
26106	0.0020880233
26108	0.0344030233
26110	0.0135762338
26111	0.0081486047
26114	0.0001316667
26115	0.0016522078
26116	0.0033371429
26117	0.0021983721
26118	0.0075837209
26119	0.0001267442
26120	1.74358974359E-05
26121	0.0111313953
26122	0.0016816
26123	0.0058457143
26124	0.0020102941
26125	0.003057907
26127	9.47674418605E-05
26128	0.0949647674
26129	0.312232093
26130	0.0001267442
26131	0.0007313889
26132	0.0040669767
26133	0.0008565753
26134	0.0004436047
26135	0.0716705814
26136	0.0033831034
26137	0.0073
26138	0.0130254651
26139	0.003109759
26140	0.0001935294
26141	0.0064513953
26142	0.0271943529
26143	1.74358974359E-05
26144	0.0052760465
26145	0.0570453488
26146	0.0040669767
26147	0.0020880233
26149	0.0005572727
26150	0.0003755556
26151	0.0006103704
26152	0.0008793023
26153	0.0008943939
26154	0.0009196512
26155	0.0285066667
26156	0.0005389535
26157	0.00019
26158	0.0023413158
26159	0.0046163953
26160	0.0014594186
26161	0.0002854651
26162	0.0016487209
26163	0.0303681481
26165	0.0026376744
26166	0.0006925
26167	0.0006684211
26168	0.0879382558
26169	0.0006594186
26170	0.0001458065
26171	0.002438
26172	0.0008455263
26173	0.0001777273
26174	0.0011883721
26175	0.0003303488
26176	0.0001975758
26178	0.002132766
26179	0.0004121429
26181	0.000989186
26182	0.0005075
26183	0.001250339
26184	0.0023824419
26185	0.0991410465
26186	0.022752093
26187	0.0010187209
26190	0.0052937209
26191	0.0003006977
26192	0.0002865625
26194	0.000239375
26195	0.0470172093
26196	0.0023075581
26197	0.027477907
26198	0.0003303488
26200	0.0001582558
26201	0.0208833721
26202	0.001539186
26203	0.0003433333
26204	0.0042865116
26206	0.0007606977
26208	0.1119969767
26209	0.0009233333
26210	0.0002598718
26211	0.0004398837
26213	0.014334186
26214	0.0876002326
26215	0.010057963
26217	0.0004077778
26218	0.0013884211
26219	0.0007130233
26220	0.003225
26221	0.0076940698
26222	0.0072654321
26223	0.0003
26224	0.0070867442
26225	0.0064606667
26227	0.9281336047
26228	0.0079737931
26229	0.0128596512
26230	0.0003508333
26232	0.0048429032
26233	0.001264875
26234	0.001429186
26237	0.0010046667
26238	0.0038711111
26239	0.009723
26240	0.0003397143
26241	0.0240709302
26242	0.0096760465
26244	0.0235969767
26246	0.0003303488
26247	0.0095624419
26248	0.00172
26249	0.00021
26250	0.0016736145
26251	0.0086827907
26252	9.47674418605E-05
26253	0.0003303488
26254	0.0041772093
26255	0.0023268889
26256	0.0004398837
26258	0.0006789535
26260	0.0075325581
26261	0.001265625
26263	0.0072543023
26264	0.000110814
26265	0.0073639535
26266	0.0008276667
26269	0.000769186
26270	0.000175
26271	0.0011883721
26272	0.1454148837
26273	0.0036273256
26275	0.0059353488
26276	0.0033427778
26277	0.0005482353
26279	0.0006562745
26280	0.0025467442
26281	0.0034074419
26282	0.0002062791
26283	0.0021983721
26284	0.0004704
26285	0.0001033333
26286	0.000275
26287	0.0150580233
26288	0.0020880233
26290	0.0025280233
26291	0.0005069767
26292	0.0003885714
26293	0.0005986207
26294	0.000989186
26295	0.0025280233
26296	0.0061554651
26297	0.0473041176
26299	0.000769186
26300	0.0007039623
26301	0.0002537209
26302	0.0041583333
26303	0.080977093
26304	0.0000325
26305	0.1189259302
26306	0.0002240909
26308	0.0001582558
26309	0.0003651163
26311	0.011714186
26312	0.0008050725
26313	0.0001747674
26315	0.0010993023
26316	0.0057693443
26317	0.0097472093
26319	0.0004014286
26323	0.0004823684
26324	0.0043967442
26325	0.0002877778
26326	0.0000325
26327	0.0006952727
26328	0.02882875
26329	0.0018687209
26330	6.6301369863E-05
26331	0.001539186
26333	0.0000325
26334	0.000185
26335	0.0000325
26336	0.0628130233
26337	0.0345127907
26338	0.0005493023
26339	0.0269284884
26341	0.008244186
26344	0.0029798795
26345	0.000599
26347	0.0002515
26349	0.00047
26351	0.0008593443
26352	0.0003002703
26353	0.0009234146
26355	0.000769186
26356	0.0026376744
26357	0.003225
26358	0.0006477273
26359	0.0529774419
26360	0.0017707407
26361	0.0020880233
26362	0.0005542308
26364	0.001429186
26365	0.0004991304
26367	0.000318
26368	0.0006594186
26370	0.0003
26371	0.0018397674
26373	0.0020297674
26374	0.0026376744
26375	0.0012796
26376	0.010002093
26377	0.0041209836
26378	0.0001267442
26380	0.0002702941
26382	0.021652907
26383	0.0192343023
26384	0.0012896429
26385	0.0029070909
26387	0.0018288525
26388	0.0007442466
26390	0.0077209302
26391	0.000644186
26392	0.0173767857
26393	0.000326
26394	0.001429186
26396	0.0003885714
26397	0.0005169231
26398	0.0026376744
26399	0.0007178378
26400	0.0834288372
26401	0.0014708333
26402	0.0014103947
26404	0.0011256977
26405	0.0007925758
26406	0.0067761333
26407	0.0070347674
26408	0.0139189535
26411	0.0031872093
26412	0.0150580233
26414	0.0003825
26417	0.0007652941
26419	0.002372439
26420	0.0330834884
26421	0.0004375
26422	0.0009226667
26423	0.0001431395
26424	0.5191969767
26426	0.031982619
26429	0.000209375
26430	0.3485854651
26431	0.0028573256
26432	0.0096727907
26433	0.0021983721
26434	0.011430814
26437	0.0004124419
26440	0.1660136047
26442	0.0023489333
26443	0.0015480328
26444	0.0003395349
26446	0.0049932143
26447	0.009782093
26448	0.0194740984
26449	0.0004996667
26450	0.0435261628
26452	0.016817093
26453	0.0003972973
26454	0.0002706452
26455	0.000185
26456	0.0039568605
26457	0.0007106329
26458	0.0030769767
26459	0.0212205814
26460	0.0072706977
26461	0.0003269697
26462	0.0014058065
26463	0.0011373469
26465	0.00118
26467	0.0162672093
26468	0.0003383333
26470	0.0130797674
26471	0.0017587209
26472	0.0132996512
26473	0.0065376543
26474	0.0040669767
26475	0.0049302326
26476	0.000267931
26477	0.0008482143
26478	0.0072543023
26479	0.0026376744
26480	0.0736634884
26482	0.002002
26483	0.0005358209
26484	0.0009511628
26485	0.0002988889
26486	0.0029995062
26487	0.0068143023
26488	0.002424
26489	0.0023075581
26490	0.0012034286
26492	0.0038153488
26493	0.0307755814
26494	0.0009814865
26495	0.0050560465
26496	0.024620814
26497	0.0003826744
26498	0.0065925
26500	0.0005485714
26501	9.47674418605E-05
26503	0.0008563636
26507	0.0003489655
26508	0.002857234
26509	0.0004074074
26510	0.0033491304
26511	0.1529610465
26512	0.0001267442
26514	0.0008507692
26515	0.0001431395
26517	0.0418766279
26518	0.0003666667
26519	0.0027476744
26521	0.0099881395
26523	0.0081337209
26525	0.0017144737
26526	0.0018687209
26527	0.000536
26528	0.0003303488
26529	0.0003542857
26530	0.0371509302
26532	0.0006002326
26533	0.0003006977
26535	0.0032974419
26536	0.0023075581
26538	0.000110814
26539	0.0003893939
26540	0.000512
26542	0.0010828358
26543	0.0007364865
26544	0.0023060759
26545	0.0003992857
26547	0.00028
26548	0.002417907
26549	0.0003330233
26551	0.0002083333
26552	0.0023075581
26553	0.006702
26554	0.0004516667
26555	0.000650303
26557	0.002417907
26558	0.0006778947
26560	0.001934625
26561	0.00019
26562	0.000315
26563	0.000201
26565	0.0008619697
26567	0.0005111765
26568	0.0010951429
26571	0.0006
26572	0.003157284
26573	0.0001747674
26574	0.0017513846
26575	0.0002691304
26576	0.0010395652
26577	0.0007531915
26579	0.0012518605
26580	0.0034074419
26583	0.0080232558
26584	0.0002914706
26585	0.0026376744
26586	0.0011513043
26587	0.0005072727
26588	0.0493023256
26589	1.4196832558
26590	0.00027
26591	0.0008290323
26592	0.0005268182
26593	0.0025855
26594	0.0003330233
26595	0.0002062791
26597	0.0009526667
26598	0.0072843137
26599	0.001429186
26602	0.0022927778
26603	0.000844898
26604	0.016817093
26605	0.066937093
26607	0.0003012963
26610	0.0094777907
26611	0.0071446512
26612	0.0011235443
26613	0.000183
26614	0.0005703488
26615	0.0002757143
26616	0.000695
26618	0.0061177907
26619	0.0406680233
26620	0.0003727273
26621	0.0000242
26622	0.0022308475
26623	0.0023075581
26624	0.000110814
26625	0.0663190698
26626	0.0002505556
26627	0.0004677273
26628	0.0092326744
26630	0.0001582558
26631	0.0024732353
26633	0.002417907
26634	0.0010110811
26635	0.0001747674
26636	0.0002938462
26637	0.0003514
26638	0.0003293333
26639	0.0053854651
26640	0.0012070513
26641	0.0006661628
26642	0.0597924419
26643	0.0005444444
26644	0.0013194186
26646	0.0004398837
26647	0.0023075581
26648	0.0029673256
26649	0.0032974419
26650	0.0014594186
26651	0.000110814
26652	0.0003651163
26655	0.0021983721
26656	1.74358974359E-05
26659	0.0001741667
26661	0.0020880233
26662	0.001185625
26664	0.0007479412
26666	0.0573393023
26668	0.0038363855
26669	0.0002751923
26670	0.00003
26671	0.00219
26672	0.0018574074
26673	0.00024
26674	0.0004398837
26675	0.0222027907
26676	0.0055461628
26677	0.0013194186
26678	0.0028692593
26679	0.00016
26680	0.0008090909
26682	6.36046511628E-05
26683	0.0002
26684	0.0002190909
26685	0.0033955814
26686	0.0560223256
26687	0.0288004878
26689	0.1270955814
26690	0.0004398837
26691	0.0036562857
26692	0.0002198837
26693	0.0004124419
26694	0.0003344444
26695	0.0003978571
26696	0.007385
26699	0.0005258333
26700	0.0021983721
26701	0.0010182353
26702	0.0006789535
26703	6.36046511628E-05
26704	0.0119909333
26705	0.0001431395
26706	0.000106
26708	0.0006958929
26709	0.0005446154
26710	0.0015277907
26712	0.001910814
26713	0.0044210526
26714	0.0019339535
26715	0.0376839286
26716	0.0002380233
26717	0.0034952941
26718	0.0134097674
26719	0.0239703488
26720	0.0002864706
26721	0.0005065455
26722	0.00013625
26723	0.0001623256
26724	0.0018275309
26725	0.0003745833
26726	1.8653763954
26727	0.5736638372
26728	0.0134280233
26729	0.0095998837
26730	0.0003815556
26731	0.0019104651
26732	0.0121865116
26733	0.0379827692
26734	0.0067695349
26735	0.0003785366
26736	0.100047907
26737	0.00024
26739	0.0169034884
26741	0.3870812791
26742	0.0105016279
26743	0.0002434783
26744	0.0005655263
26745	0.0163002326
26746	0.0003239583
26748	0.0001873333
26749	0.0025132558
26750	0.0157087209
26751	0.00041
26752	0.0001921429
26753	0.1268643023
26754	0.0001880952
26755	0.0007347619
26756	0.0004512791
26757	0.0071564706
26758	0.0172469231
26760	0.00036975
26761	0.0003626667
26762	0.0019104651
26763	0.0003826786
26764	1.0125210465
26766	0.000495
26768	0.000915
26770	0.0004875
26772	0.1309515116
26773	0.0009013953
26774	0.0163002326
26775	0.0002191463
26776	0.0002177907
26777	0.00012
26778	0.0157087209
26779	0.0082745349
26781	0.0026418182
26786	0.0001425
26787	0.0073951765
26788	0.0085890698
26789	0.0003868605
26790	0.0004522222
26792	0.0003786667
26793	0.0061575581
26794	0.0005616216
26796	0.0003024419
26797	0.1549776744
26800	0.0011765116
26803	0.0218167442
26806	0.0661676744
26808	0.0098558537
26809	0.0157087209
26815	0.0090076744
26817	0.008537093
26819	0.0004109804
26821	0.0072497674
26822	0.0007415094
26823	0.00008
26824	0.00057
26825	0.6199105814
26826	0.0019104651
26827	0.0023794048
26828	0.0019104651
26829	0.0023249296
26830	0.0019104651
26831	0.0145851163
26832	0.1346612791
26833	7.4315713954
26835	11.5014669767
26836	0.0001623256
26837	0.0002038889
26838	0.0011771875
26839	0.0056846154
26840	0.0003054839
26841	0.0021296053
26844	0.0003085714
26847	0.0002811429
26848	0.0157087209
26849	0.1848915116
26850	0.0176536047
26851	0.0684561667
26853	0.1767526744
26854	0.0091317241
26855	0.5388011628
26856	0.3786110465
26857	1.8491943023
26858	0.0127924419
26859	0.0024481481
26860	0.03349
26861	0.0157087209
26862	0.0007506667
26864	0.0059865116
26865	0.0003024419
26866	0.6560183721
26867	0.0002103529
26869	0.0212276744
26871	0.0040595349
26872	0.00205
26873	0.2608789535
26874	0.000130625
26876	0.0070637209
26877	0.0079247674
26878	0.0002611765
26879	0.0086938372
26880	0.0006977586
26881	0.1162338372
26883	0.4176705814
26884	0.0019046988
26885	0.0010039706
26886	0.0005102941
26887	0.0011765116
26888	0.0019104651
26890	0.1943586047
26892	0.2247360465
26893	0.0028233333
26894	0.0061201163
26895	0.008537093
26896	0.0180825581
26897	0.0157087209
26899	0.005845
26900	0.2953597674
26901	0.0002433333
26902	0.0211317442
26903	0.0014345205
26904	0.151942093
26905	0.0002854545
26906	0.0007338636
26908	0.017885814
26909	0.0002177907
26910	0.0002177907
26911	0.0047596512
26912	0.0927451064
26913	0.5497495349
26914	0.0004846154
26915	0.3386082558
26916	0.0002177907
26917	0.0081176744
26918	0.0001623256
26919	0.0002079167
26920	0.0088509302
26922	0.0005331507
26923	0.000656087
26924	0.0180825581
26925	0.0320723256
26927	0.0082222093
26930	0.0150762791
26931	0.0214440698
26932	0.0245693023
26933	0.0441332558
26934	0.0001623256
26935	0.004334186
26936	0.0026416279
26939	0.5656687209
26940	0.024562093
26941	0.0866143023
26943	0.0012377778
26944	0.0858474419
26946	0.0006605556
26947	0.0423438824
26950	0.0043810465
26951	0.0008570886
26953	0.0124017442
26954	0.0158495349
26955	0.0129539535
26956	0.0071515116
26957	0.0464338824
26958	0.0125315116
26959	0.3920383721
26960	0.002813913
26961	0.0004193333
26962	0.6004309302
26963	0.0263377907
26964	0.064572907
26966	0.0235862791
26967	0.1364584884
26968	0.0004380357
26969	0.0003936111
26970	0.008537093
26971	0.0012917442
26973	0.0031754286
26974	0.0004344444
26977	0.0001623256
26978	0.0030931395
26979	0.0019104651
26980	0.0007108475
26981	0.0003646667
26983	0.0127918605
26984	0.0263377907
26985	0.0006062963
26987	0.0010062963
26988	0.0004983333
26990	0.0019104651
26991	0.0138523256
26992	0.265869186
26993	0.0011765116
26994	0.012499186
26995	0.0464924419
26996	0.2658768605
26997	0.0083798837
27000	0.0130773256
27002	0.0005151724
27003	0.0087626744
27005	0.0002177907
27006	0.0009262319
27007	0.0002528571
27008	0.0004017544
27009	0.0309954651
27010	0.0011765116
27011	0.0019104651
27012	0.0014865116
27013	0.0019104651
27015	0.0077512791
27017	0.0002869231
27019	0.0006568421
27020	0.0003593182
27022	0.0494162791
27023	1.35294117647E-05
27024	0.0003773684
27025	0.0007570968
27026	0.0017053488
27027	0.0887365116
27028	0.0157087209
27030	0.0011765116
27031	0.219552093
27032	0.0005805882
27034	1.3844675581
27035	0.00051
27036	0.0004345679
27037	0.0361654651
27039	0.0019104651
27040	0.0157087209
27042	0.0523326744
27043	0.0621816279
27044	0.0003688636
27045	0.0034478462
27046	0.0056318824
27047	0.1552313953
27048	0.0004769048
27049	0.0004138095
27050	0.0001623256
27051	0.0105016279
27052	0.0002240698
27053	0.131562907
27054	0.0004345679
27055	0.0008944444
27057	0.0082222093
27058	0.000794557
27060	0.0009297436
27061	0.0005715873
27062	0.0003756667
27063	0.0006724638
27064	0.0123247674
27065	5.0747996512
27066	0.6061605814
27067	0.0880680233
27068	0.0008375581
27070	0.858169186
27071	0.0387443023
27072	0.1779882558
27073	0.0005540909
27074	0.0044454651
27075	0.0019104651
27076	0.0692772093
27077	0.4208446512
27078	0.0041881395
27079	0.0075381395
27080	0.0424572093
27081	0.028892907
27083	0.00025625
27084	0.0121860465
27085	0.004334186
27086	0.0002544444
27087	0.6405746512
27089	0.00011
27090	0.0157087209
27091	0.0008892157
27092	0.00258
27093	0.0029866667
27094	0.0003716667
27095	0.0005707692
27096	0.0005068182
27097	3.1491341861
27098	0.0525360465
27100	0.0009260274
27101	0.0003117143
27102	0.000305625
27103	0.0015327907
27104	0.0002177907
27105	0.0157087209
27106	0.0039787324
27107	0.0157087209
27108	0.0018238372
27109	0.0005810811
27110	0.0003186111
27112	0.0078605814
27113	0.0002312
27114	0.0005409302
27115	0.0130259302
27117	0.082210814
27118	0.005541358
27119	0.0005234615
27120	0.0081703488
27122	0.0006933333
27123	0.0019104651
27124	0.0130071765
27125	0.5736638372
27126	0.0972411628
27127	0.0176306977
27129	0.00012625
27131	0.0109522093
27132	0.000325
27133	0.0009501613
27134	0.0019326744
27135	0.0002004762
27136	0.9771303488
27137	0.0002177907
27139	0.0004286957
27141	0.00091
27143	0.8267813953
27144	0.023247093
27145	0.000313
27148	0.3346003797
27149	0.0068295349
27151	0.00393375
27153	0.0014623077
27154	0.0777246512
27156	0.0018050794
27157	1.8278289535
27159	0.2621423256
27160	0.0009441791
27161	0.000181
27162	0.0011765116
27163	0.0004175
27164	0.0017416883
27165	0.0640419767
27166	0.0004219048
27167	0.0255132558
27168	0.0005505882
27169	0.0540711628
27172	0.0002575581
27174	0.0003313333
27175	0.1960723256
27177	0.0004345679
27178	0.8970534884
27179	0.0704197674
27180	0.0002177907
27181	0.0033502326
27182	0.0020837209
27183	0.0088231707
27184	0.0042646512
27185	0.0245839535
27187	0.0064706977
27189	0.0004161765
27190	0.0637836047
27193	0.0157087209
27194	0.00116
27195	0.0120112791
27197	0.0001085714
27198	0.0537327907
27199	0.0011765116
27200	0.0163002326
27201	0.0013129487
27205	0.00167
27206	0.0003788889
27207	0.0335774419
27208	0.0518118605
27209	0.0034133333
27210	0.001891
27212	0.4287717442
27213	0.0310993023
27214	0.0255132558
27215	0.0001838462
27216	0.0582740698
27217	0.0016204167
27218	0.0084782558
27219	0.0014578873
27220	0.0005564286
27221	0.00026125
27222	0.4944630233
27223	0.0082222093
27225	0.0071512941
27226	0.001505
27227	0.0004345679
27228	0.0001086047
27229	0.0091671233
27230	0.0082222093
27232	0.0007089535
27233	0.0157087209
27234	0.0016788889
27235	0.0053475581
27236	0.0001442857
27237	0.0005054545
27239	0.0004572222
27241	0.000475625
27242	0.0306195349
27244	1.1872526744
27245	0.0079247674
27247	0.0015686567
27248	2.8632433721
27249	0.0009667442
27251	0.0163002326
27252	0.0046458333
27253	0.0034186667
27256	0.0004233333
27257	0.0019104651
27259	0.0490767442
27260	0.0013077108
27261	0.0344262791
27262	0.1268256977
27263	0.0003965217
27264	0.0004826087
27265	0.5009694186
27267	0.0001086047
27268	0.0690813953
27269	0.0009410204
27271	0.0001623256
27272	0.0163002326
27273	0.0002177907
27274	0.0069085882
27276	0.0003906667
27277	0.0029925
27278	0.0002177907
27279	5.2649895349
27281	0.0656472093
27282	0.0157087209
27283	0.0019104651
27284	0.0238711628
27285	0.0133962791
27287	0.0002177907
27290	0.0004345679
27291	0.0002785714
27292	0.9419722093
27293	0.315120814
27295	0.05356
27296	0.0517073256
27298	0.0004345679
27300	0.000446383
27301	0.0005838806
27304	0.0273856471
27306	0.6241068605
27308	0.0085045349
27309	0.0016037179
27310	0.0119882558
27311	0.0004345679
27312	0.0040993023
27314	0.0157087209
27315	0.0119882558
27316	0.0004308333
27317	0.0133573256
27319	0.0002281818
27320	0.02583
27322	0.0137667442
27323	0.0001244444
27326	0.0306481395
27327	0.4546011628
27328	0.0133704651
27329	0.0018040698
27332	0.0018340506
27333	0.0422755814
27334	0.8368797674
27335	0.0002975
27336	0.0007732558
27337	0.0336961628
27338	0.0224063953
27339	0.0320723256
27340	0.0103895349
27341	0.0157087209
27342	0.002562093
27343	0.0007568
27346	0.0081176744
27349	0.0003209524
27350	0.0019326744
27351	0.0056053488
27355	0.0005233333
27356	0.0022681395
27357	0.6661594186
27358	0.001391
27359	0.0419034884
27360	0.0130259302
27363	0.0004644444
27364	0.0652189412
27365	0.0003216279
27367	0.1155513953
27368	0.4665768605
27370	0.0011074667
27372	0.013525814
27373	0.0006758824
27375	0.2279989535
27376	0.0004916667
27377	0.0528718605
27378	0.0115117442
27379	0.004334186
27380	0.0013242857
27381	0.0003289655
27383	0.0127853488
27385	0.0137011628
27386	0.0004711864
27387	0.00277
27388	0.0082468605
27389	0.0007089535
27390	0.0052625882
27391	0.0289137209
27392	0.4337187209
27393	0.0140324419
27394	0.007960814
27395	0.0133437209
27396	0.0053037805
27398	0.0157087209
27400	0.0010954651
27401	0.0019104651
27402	0.0019992
27404	0.0005380769
27405	0.0006556757
27408	0.004204
27409	0.00003
27410	0.0017388889
27411	0.1016803704
27412	0.0168474419
27414	0.0001054795
27415	0.0016283333
27416	0.0005583333
27418	0.0001388235
27419	0.0012965574
27420	0.0002751163
27421	1.57692307692E-05
27422	0.0006431395
27423	0.0034335294
27424	0.0057303488
27425	0.0090154795
27426	0.0027687209
27429	0.0050371795
27430	0.0001158333
27433	0.0030393902
27434	0.0015573256
27435	0.0002985366
27438	0.0004201163
27440	0.0004510714
27441	0.0018778667
27442	0.0058818605
27443	0.0022668605
27444	0.0266996364
27445	0.0012230233
27446	0.0046723256
27447	0.0008902
27448	0.0012168831
27449	0.00049125
27450	0.0352688235
27451	0.0032675
27452	0.0034610465
27453	0.0004947273
27454	0.0508768605
27455	0.1977332558
27456	0.0001674576
27458	0.0006128571
27459	0.0018390698
27460	0.1668197674
27461	0.000755
27463	0.002428375
27465	0.0294557143
27466	0.0062305814
27467	0.0001133333
27468	0.0047837179
27469	0.9402167442
27470	0.0013784884
27471	0.0139695122
27472	0.004445102
27473	0.0046496512
27474	0.0032990123
27475	0.0025773684
27476	0.0011624658
27477	0.0481821176
27478	0.0010840678
27479	0.1105780233
27480	0.0001307143
27481	0.0065755814
27482	0.0008634667
27484	0.000358125
27485	0.0007182979
27486	0.0167612791
27487	0.0003467857
27488	0.0184159302
27489	0.005027619
27490	0.00009
27491	0.562062907
27493	0.0000825
27494	0.0027942857
27495	0.0005513953
27498	0.0011389474
27500	0.0003725
27501	0.000775942
27502	0.000175
27503	0.0004117857
27504	0.0643743023
27506	0.0007656977
27507	0.0006782353
27508	0.0002496
27509	0.0014613636
27510	0.0432619767
27511	0.000296
27512	0.0047215116
27513	0.0155740698
27514	0.0003576923
27515	0.0001877966
27516	0.0004935294
27517	0.0091916438
27519	0.0004902326
27520	0.0035983133
27521	0.0004817544
27522	0.0003065116
27523	0.0002695238
27524	0.0036343023
27525	0.0122259302
27526	0.0122259302
27527	0.0256115116
27528	0.0051505128
27529	0.0008106494
27530	0.0003065116
27531	0.0080130952
27532	0.018324186
27533	0.0006430612
27534	3.06976744186E-05
27535	0.000764
27536	0.0003308333
27537	0.0019030233
27538	0.0037166265
27539	0.0051649398
27540	0.0103445714
27541	0.0012656757
27542	0.0280337209
27543	0.0050396
27544	0.0002751163
27546	0.0064706977
27548	0.0003182857
27549	0.0009242105
27550	0.0003005405
27551	0.0137097333
27552	0.0184093023
27553	0.0005621127
27555	0.0004378049
27556	0.048107907
27557	0.00078
27558	0.0002656667
27559	0.0023903488
27560	0.0026498765
27561	0.0612527907
27562	0.0053535802
27564	0.0064706977
27565	0.0130394118
27566	0.0062305814
27567	0.0006132258
27568	0.0038348936
27569	0.0167305814
27570	0.0004351667
27571	0.0006982353
27572	0.0007020588
27573	0.000153871
27575	0.0398013953
27576	0.004994186
27577	0.0004052941
27578	0.0010916667
27579	0.0002466667
27580	0.0230719048
27581	0.0019684848
27582	0.0009360784
27583	0.0088226744
27584	0.0001836047
27585	0.000429186
27586	0.1290287037
27587	0.0069472619
27588	9.87931034483E-05
27589	0.0025377465
27590	0.0010512
27591	0.001716
27592	0.0005567308
27593	0.001287
27594	0.0115946512
27596	0.0013673077
27597	0.0003516667
27598	0.0002751613
27599	0.0014202985
27600	0.0009742424
27601	0.0016712121
27602	0.000657
27604	0.0013459375
27605	0.0021733333
27606	0.0091713953
27607	0.0003698
27608	0.0008911111
27609	0.0003897778
27610	0.0004598214
27611	0.0004883871
27612	0.0017985714
27613	0.0035954651
27614	0.0037751163
27615	0.0013937179
27616	0.0013475362
27617	0.1025697674
27618	0.0003478261
27620	0.0003680233
27621	0.2033325581
27623	0.0052489873
27624	0.0046545349
27625	0.00012125
27626	0.0009880645
27627	0.0003772414
27628	0.0237785882
27629	0.0025830612
27630	0.0003065116
27632	0.0013801471
27633	0.0026562963
27634	0.000637
27635	0.0007524691
27636	0.0001089831
27637	0.0022344737
27639	0.0326639535
27640	0.000624
27641	0.0326338372
27643	0.1008875581
27644	0.0003251923
27645	0.0010626087
27646	0.0045859494
27647	0.0003073333
27648	0.0038929032
27649	0.001205
27650	0.0019030233
27651	0.0009306122
27652	0.0005987143
27653	0.0011710938
27654	0.001319589
27655	0.1343298837
27656	0.0007333333
27657	0.0202130588
27658	0.0002645833
27659	0.0004292
27660	0.0171409091
27661	0.0033709302
27663	0.000863125
27664	0.0929374419
27665	0.0003313636
27666	0.0013275
27667	0.0230156977
27669	0.0009657143
27670	0.0001506494
27671	0.0005623214
27672	0.0003664286
27673	0.000591
27674	0.0003152941
27675	0.0343098837
27676	0.0003898077
27677	0.0011948837
27678	0.0039559302
27679	0.0080170588
27680	3.06976744186E-05
27681	0.001070122
27682	0.0007125
27683	0.0022497674
27684	0.04257
27685	0.0002309615
27686	0.0021783562
27687	0.0031510465
27689	0.003015614
27690	0.004510125
27691	0.0016741667
27692	0.0003221212
27693	0.0124596512
27695	0.0003218333
27696	0.0001691525
27697	0.0001494915
27698	0.0019341818
27700	0.0167894444
27701	0.3827845349
27702	0.0042692941
27703	0.3106224419
27704	0.0018025
27705	0.0192037209
27707	0.0005513953
27708	0.214000814
27712	0.0009540789
27713	0.0038923944
27714	0.0003828571
27715	0.00414
27716	0.0006235135
27717	0.0018857895
27719	0.0060237349
27720	0.0012195122
27723	0.0009167857
27724	0.00039
27725	0.0004513636
27726	0.00026
27727	0.0222769767
27728	0.0004489474
27729	0.0541646512
27731	0.001279
27732	0.0008106579
27733	0.0031151163
27734	0.0002729412
27736	0.000113125
27737	0.0022207229
27738	0.0382434884
27739	0.0003346667
27740	0.0007432836
27741	0.002888375
27743	0.0080772222
27745	0.0004236111
27746	0.0001530233
27747	0.0022497183
27749	0.0113077907
27750	0.0002181667
27751	0.0021567606
27752	0.0019032857
27753	0.0003045238
27754	0.0024754667
27755	0.0023442105
27756	0.0060566279
27757	0.0002223404
27758	0.0081106098
27759	0.0004384615
27760	0.0001030667
27761	0.0001955556
27762	0.0307046154
27764	0.0001476271
27766	0.0006515094
27768	0.0003722727
27771	0.000375
27772	0.0006414706
27773	0.0021753659
27774	0.057306506
27775	0.0358083721
27776	0.0001506494
27777	0.0042715116
27780	0.0012212857
27781	0.0185080233
27782	0.0003880645
27783	0.0007890476
27784	0.0047376543
27785	0.0031151163
27786	0.0036933333
27787	0.0001064286
27788	0.0010382558
27789	0.0036343023
27790	0.0001216667
27791	0.0004996552
27792	0.0006935938
27793	2.24137931034E-05
27795	0.001556
27796	0.1963902597
27797	0.0058818605
27798	0.0018150617
27799	0.00639475
27800	0.0003410127
27802	0.0013948571
27803	0.0050182558
27804	0.003815
27805	0.00013
27807	0.000344
27808	0.0071217442
27809	0.000429186
27810	0.0016754118
27811	0.0069897619
27815	0.0021752326
27816	0.000113125
27817	0.0006879762
27818	0.0008196053
27819	0.0029909091
27820	0.000714
27821	0.0003413514
27822	0.0026454054
27823	0.0014093023
27824	0.0001486441
27825	0.0006751724
27826	0.7917412791
27827	0.0150017442
27828	0.0016851163
27829	0.0008075
27830	0.0001836047
27831	0.0001725
27832	0.0126257576
27833	0.005125
27834	0.0005723077
27835	0.0009036364
27838	0.0005411538
27839	0.0013685246
27840	0.0002520588
27841	0.000060814
27842	0.0025745714
27843	0.0003317241
27847	0.1045817442
27848	0.0002258333
27849	0.0123883333
27850	0.0810291667
27851	0.0009522727
27852	0.0106024419
27853	0.0115946512
27854	0.0221167105
27855	0.0003790909
27856	0.0008151667
27857	0.0030551724
27858	0.0013008974
27859	0.0002873333
27860	0.0008351282
27861	0.0012554217
27862	0.0144165116
27863	0.0147088372
27864	0.0070589535
27865	0.0003223214
27866	0.036490814
27867	0.0030185714
27868	0.0398013953
27869	0.0047052326
27870	0.0004890476
27871	0.0056889157
27872	0.000343
27873	0.0187831395
27874	0.009590814
27877	0.0007256164
27878	0.0099034118
27879	0.002815679
27880	0.0005527586
27881	0.00033375
27882	0.0090539535
27883	0.0005021951
27884	0.1733066279
27886	0.0003536842
27887	0.0009237255
27888	0.0003984884
27889	0.0009261818
27890	0.0035618987
27891	0.0072617442
27892	0.017997093
27893	0.004885
27894	0.0053378313
27897	0.0014611905
27898	0.1670469767
27899	0.3397420408
27901	0.0001282353
27902	0.0094059524
27905	0.0021019444
27906	0.0035852326
27907	0.4551533721
27908	0.0010237143
27910	0.0001316667
27911	0.00127625
27912	0.0099276744
27913	0.0017419737
27914	0.0016562162
27915	0.0059953521
27916	0.0009425
27918	0.0010479012
27920	0.0004035
27921	0.0068789474
27922	0.0058837209
27924	0.0003345
27925	0.0096816279
27927	0.0005732258
27928	0.0005027778
27930	0.001042093
27933	0.0211763953
27934	0.0065961628
27935	0.0030234848
27936	0.0005235
27937	0.000596875
27938	0.00085
27940	0.0009057971
27941	0.000162
27942	0.0001266667
27943	0.0001682857
27944	0.0041168605
27945	0.0067083562
27946	0.000060814
27948	0.0069222093
27949	0.0136712791
27950	0.5625531395
27951	0.0004257895
27952	0.0001328571
27953	0.0134210465
27954	0.0026835443
27955	0.0012022642
27956	0.0008046032
27957	0.0020819277
27959	3.06976744186E-05
27960	0.0024823256
27961	0.00031
27962	0.0010515217
27963	0.000503871
27964	0.0021521127
27965	0.0074409302
27966	0.0004869767
27967	0.000520814
27968	0.0003234694
27969	0.0197026744
27970	0.0019302326
27971	0.0006798387
27972	0.0001735
27974	0.0007615385
27975	0.0013852326
27976	0.0043263953
27977	0.0002855319
27979	0.002916875
27981	0.0189372093
27982	0.0191212791
27983	0.0010263014
27984	0.0026288333
27985	0.0010348148
27986	0.0008663462
27987	0.0007321667
27988	0.0001257143
27989	0.0008655814
27990	0.0007793939
27991	0.0003212281
27992	0.00068125
27993	0.0009931579
27994	0.0359427907
27995	0.0009237143
27996	0.0014974286
27997	0.0024225581
27999	0.0022668605
28000	0.001451358
28001	0.0005141667
28002	0.0001783051
28004	0.2897998837
28006	0.0035397297
28007	0.0004615385
28008	0.0186218367
28009	0.0005666667
28010	0.00027125
28011	0.0018089024
28012	0.0004917647
28013	0.0247455814
28014	0.0003394444
28015	0.0002145349
28016	0.0009280263
28017	0.0004441667
28018	0.4367890698
28019	0.0001064286
28020	0.1145580233
28022	0.002955
28023	0.000201
28024	0.0006804545
28025	0.2450106977
28026	0.0031154667
28027	0.233702093
28028	0.0068397727
28029	0.2651112791
28030	0.0027053425
28031	0.00059
28032	0.0115946512
28033	0.0003586111
28035	0.0001622034
28036	0.0016661728
28037	0.0003907143
28038	0.001004
28039	0.0074560714
28040	0.0003148387
28041	0.0012542188
28042	0.0002917949
28043	0.0490026744
28044	0.0342252326
28045	0.0031151163
28046	0.0007110345
28047	0.0010417284
28049	0.0228282558
28050	0.00019
28051	0.0001740678
28052	0.0032121622
28053	0.0055411628
28054	0.000116
28055	0.000512
28059	0.0003065116
28060	0.0004022727
28061	0.002605
28062	0.000520814
28064	0.0037693023
28065	0.0002771429
28066	0.006473125
28067	0.0059751163
28068	0.0006563636
28069	0.0109719767
28070	0.0141578824
28071	0.00092
28072	0.0004201163
28073	0.0025878571
28074	0.0009296
28075	0.00024
28076	0.0124752326
28077	0.0003245946
28078	0.0006483077
28079	0.0003328814
28080	0.0007055814
28081	0.048107907
28082	0.23728
28084	0.1292571053
28085	0.0006664815
28086	0.0004680357
28087	0.0002736364
28088	0.0076444737
28090	0.0347827907
28091	0.0001727119
28092	0.0058917647
28093	0.0010016418
28094	0.0018040964
28095	0.0375519767
28096	0.0016880328
28097	0.006402907
28098	0.0045
28099	0.00002
28101	0.0012230233
28102	0.0045544186
28103	0.0003348837
28104	0.0036160465
28105	0.000795
28106	0.3075082558
28108	0.0062223636
28109	0.0067522535
28110	0.00014
28111	0.0029406977
28112	0.000520814
28113	0.9977877907
28114	0.0006983333
28115	0.0017956579
28117	0.000234386
28120	0.0014591803
28121	0.0013852326
28123	0.0003080702
28125	0.0093060465
28126	0.0079595349
28127	0.0237997436
28128	0.0002090909
28129	0.0783906977
28131	0.0008574419
28132	0.0090088372
28133	3.21084375
28134	0.0017605063
28135	0.0086522093
28137	0.0008315625
28139	0.0012230233
28140	0.0010673684
28141	0.0010479012
28145	0.0121007895
28147	0.3300380233
28149	0.005965
28150	0.0299380233
28151	0.0002291667
28153	0.0235340698
28155	0.0015905
28156	0.0015067532
28157	0.001507
28158	0.001478625
28159	0.0069222093
28160	0.00137925
28161	0.0013125758
28162	0.0006
28163	0.001524625
28164	0.0003275
28165	0.0009339506
28166	0.00032
28168	0.0003733333
28170	0.000374
28171	0.0002775
28172	0.0053445882
28173	0.0008809859
28174	0.0003867742
28175	0.00093
28176	0.0006852
28178	0.000326
28179	0.0010717241
28180	0.3090655814
28181	0.0003463953
28182	0.0016055224
28183	0.0511115116
28185	0.0001689831
28186	0.0008648649
28187	0.0002942857
28189	0.0038416456
28190	0.0006026923
28191	0.0004631034
28192	1.2137422093
28193	0.0001
28194	0.0006746154
28196	0.001007284
28198	0.0005193023
28200	0.0121136047
28201	0.0024066
28202	0.0077936471
28203	0.0062529412
28204	0.0146516279
28206	0.0041939535
28207	0.0005151786
28208	0.0018849315
28209	0.0015
28210	0.0401473239
28211	0.000915122
28213	0.0011308235
28214	0.00053
28215	0.000450625
28218	0.0016744578
28219	0.0007638462
28221	0.0097838158
28222	0.0003209091
28223	0.0037077907
28224	0.0007688889
28225	0.01222
28226	0.0047278313
28227	0.0001752941
28228	0.0003774419
28230	0.0045809756
28231	0.0193655422
28232	0.0005163158
28234	0.0002086842
28235	0.0001606452
28236	6.74647887324E-05
28237	0.0064706977
28238	0.0001117949
28239	0.000485
28240	0.0001941463
28241	0.0865301163
28242	0.0005647619
28243	0.0314386047
28244	0.0019140964
28245	0.0004532
28246	0.0005263158
28248	0.0019302326
28249	0.0647455814
28250	0.0121784507
28251	0.0147088372
28252	0.0417632558
28254	0.0052937209
28255	0.00064
28256	0.0156414118
28257	0.000400625
28260	0.0017551351
28261	0.0004041176
28262	0.0026253125
28263	0.0011492
28264	0.000605
28266	0.1081138372
28267	0.0055372093
28268	0.021927551
28270	0.004784125
28271	0.0003241026
28272	0.0036343023
28273	0.0020069014
28274	0.0026970149
28275	0.041638875
28276	0.0012230233
28277	0.0005147826
28279	0.018752907
28280	0.0017981159
28282	0.0278609302
28283	0.000245
28284	0.0018826506
28285	0.0034531884
28286	0.000060814
28287	0.0007509091
28288	0.0231906977
28289	0.0006637705
28290	0.0023147561
28292	0.0005205
28293	0.0007566667
28294	0.0005306667
28295	0.0049261446
28296	0.0070947674
28297	0.0072485882
28298	0.0006342222
28299	0.0236833333
28300	0.0064157647
28302	0.0270580233
28303	0.0010974074
28304	0.0006146032
28306	0.0009235802
28307	0.0015204167
28308	0.0012573611
28310	0.0037345679
28312	0.001045942
28313	0.00069
28314	0.0070589535
28315	0.00029
28316	0.0002061667
28317	0.0001836047
28318	0.0011483333
28319	0.0001271429
28320	0.0004625
28321	0.0023528378
28322	0.000411129
28323	0.0603103488
28324	0.0267522093
28325	0.0001532203
28326	0.002337027
28327	0.0157493023
28330	0.0014816393
28332	0.0686146512
28333	0.0006370968
28334	0.0033629333
28335	0.0148825581
28337	0.0474952326
28338	0.0032877907
28340	0.0001410588
28341	0.0019961446
28342	0.0007024074
28343	0.0066356897
28344	0.009972907
28345	4.33333333333E-05
28346	0.0879882558
28347	0.008479186
28348	0.000277
28349	0.1077377907
28350	0.0208983721
28352	0.0027269767
28353	0.000304375
28355	3.06976744186E-05
28356	0.0031924706
28357	0.000245
28358	0.0011878571
28359	0.0028282716
28360	0.0010181667
28361	0.0005227907
28362	0.0110523256
28363	0.0004002326
28364	0.0003493617
28365	0.0020344578
28366	0.0003431818
28367	0.0012617742
28368	0.0019936585
28371	0.0019960494
28372	9.1511627907E-05
28373	0.0008354717
28374	0.00169975
28375	0.005467
28376	0.003466338
28377	0.0002877358
28378	0.1823456977
28379	0.0075596512
28380	0.0012830769
28381	0.000125
28382	0.0018380519
28383	0.0112483721
28384	0.0024225581
28385	0.0010919444
28386	0.1192377907
28388	0.0023359494
28389	0.0003127381
28390	0.1121940698
28391	0.0006196154
28392	0.2339832558
28393	0.0088226744
28394	0.0060566279
28395	0.0003117857
28396	0.0002195833
28399	0.0006983077
28400	0.00028
28402	0.021577093
28404	0.0012135294
28405	0.0005674074
28409	0.0034610465
28410	0.0111503614
28412	0.0039692
28413	0.0161234524
28414	0.0052704651
28415	0.0155740698
28416	0.0029423256
28417	0.001246
28418	0.0077875581
28419	0.018931625
28420	0.0002617188
28421	0.0019929167
28422	0.000115
28423	0.0027687209
28424	0.0058818605
28425	0.0002507143
28426	0.0068732051
28427	0.0003552941
28428	0.002910814
28429	0.0075960494
28431	0.0040974118
28434	0.0005125
28436	0.0049637209
28437	0.0018463158
28438	0.0012259302
28439	0.0020991549
28440	0.3024931395
28441	0.034790814
28442	0.00044875
28443	0.0195123256
28444	0.0186218367
28445	0.00071375
28446	0.000113125
28447	0.0006408065
28448	0.003002907
28449	0.0576682558
28451	0.019242907
28452	0.0007748571
28453	5.5055403488
28456	0.0039880952
28457	0.0005845
28458	0.0117674419
28459	0.0057526316
28460	0.000334359
28461	0.0009972059
28462	0.00011
28463	0.0012230233
28464	0.00017875
28465	0.018324186
28466	0.9843643023
28467	0.0002932075
28468	0.0154238095
28469	0.0007433333
28470	1.8205654651
28471	0.0066104651
28472	0.000683125
28473	0.0323274419
28474	0.0014866667
28477	0.00035
28478	0.000456383
28480	0.1195765116
28482	0.0004235294
28483	0.0004704545
28484	0.0041168605
28485	0.0038072093
28486	0.0403601163
28487	0.0002425714
28489	0.0045484416
28490	0.0027687209
28492	0.0216634884
28493	0.0017304651
28494	0.0063410465
28495	2.3033590698
28496	0.0008938889
28497	0.00028
28499	0.0351289535
28500	0.0113077907
28501	0.0075519048
28502	0.0008098701
28503	0.0006345313
28504	0.000576
28506	0.0007333333
28508	0.0003085714
28511	0.0016763953
28513	0.00046
28514	0.0020607547
28516	0.0004785
28517	0.0003582353
28518	0.00052
28521	0.000429186
28523	0.27414
28525	0.0002233333
28527	0.0007045714
28528	0.00234
28529	0.0043820988
28530	0.0008027119
28531	0.0001472881
28532	0.0004902326
28533	0.0024225581
28534	0.0069222093
28535	0.0005680247
28536	0.0036653247
28537	0.0011754348
28538	0.0109022093
28539	0.006402907
28540	0.0006668571
28541	0.0067490698
28542	0.0002929167
28543	0.0311634884
28545	0.0010417284
28546	0.0005326415
28547	0.1172632
28548	0.0276996512
28549	0.0062419048
28552	0.0007267606
28554	0.0004597674
28555	0.0006154545
28557	3.06976744186E-05
28558	0.0039978481
28561	0.0110986047
28562	0.0013320968
28563	0.0019047143
28564	0.000461
28566	0.0004112281
28567	0.0001282353
28569	0.0001576923
28572	0.0386365116
28573	0.0007865217
28575	0.0041431507
28576	0.00052
28577	0.00074
28580	0.0004916364
28581	3.24137931034E-05
28582	0.0018081395
28584	0.2310204651
28585	0.0023891892
28586	0.0007470175
28587	0.0007254545
28588	0.008801625
28589	0.0005891667
28590	0.002213494
28591	0.000955493
28592	0.0443033721
28593	0.007767381
28594	0.00024
28595	0.000329
28597	0.0785663953
28598	0.0217637209
28599	0.000122
28602	0.0003470886
28603	0.0064706977
28604	0.1289940698
28606	0.0001971429
28608	0.0022415854
28609	0.0417719767
28610	0.0021931884
28611	0.0006469565
28612	0.000638
28613	0.0002775
28614	0.000145
28615	0.0007259091
28617	0.0091713953
28618	0.0005166667
28619	0.2086481395
28621	0.0001726923
28622	0.002783125
28623	0.122692093
28624	0.0018283871
28625	0.0001627119
28626	0.0050487209
28628	0.0005830612
28629	0.0041533721
28630	0.000060814
28633	0.0001652542
28634	0.0005046875
28635	0.0004615385
28636	0.0003508
28637	0.026649186
28639	0.0015915385
28640	0.0278609302
28641	0.0001845763
28642	0.00042
28643	0.0152597674
28644	0.1162826744
28645	0.0016628814
28649	0.0043161628
28650	0.0020896104
28651	0.0004442424
28652	0.00268
28653	0.0004409302
28654	0.0003520833
28655	0.0033390411
28657	0.0012087719
28658	0.0003766667
28659	0.0009044118
28660	0.0138440698
28662	0.3721667442
28664	0.0005504706
28665	0.0020769767
28666	0.0034914634
28667	8.79411764706E-05
28668	0.0007031707
28669	0.0547020482
28670	0.0083727381
28674	0.0025696078
28675	0.0016006897
28676	0.2243924419
28677	0.0029423256
28678	0.0001226744
28679	0.0001910169
28681	0.0002766667
28683	0.9297916279
28684	0.0042903571
28685	0.0003680233
28686	0.0004283673
28687	0.0002733333
28689	0.0104248837
28690	0.0022663889
28692	0.0003281633
28697	0.000429186
28698	0.5958075581
28699	0.0002016667
28700	0.0001496104
28701	0.0013621795
28702	0.004758961
28703	0.0017603704
28705	0.0047052326
28706	0.0115946512
28709	0.0004694118
28710	0.0001671186
28711	0.0001505085
28712	0.0008095238
28713	0.0073262791
28714	0.0191815116
28716	0.000399375
28717	0.0015319767
28720	0.0175576744
28722	0.00073
28723	0.0017036986
28725	0.0079595349
28727	0.0003157143
28729	0.0020671212
28731	0.00001
28732	0.0030951163
28733	0.1024426316
28734	0.001752963
28735	0.0006666071
28736	0.0003383333
28737	0.0003284615
28738	0.0006090476
28739	0.2199836047
28740	0.0003798214
28741	0.0006693333
28742	0.0058818605
28743	0.0021451163
28744	0.0006431395
28745	0.0339247674
28747	0.0005689474
28748	0.0007255172
28750	0.0005532813
28751	0.0071927907
28753	0.0151675581
28754	0.0036921053
28755	0.0785646512
28756	0.0185080233
28759	0.0005945238
28760	0.0008357143
28761	0.0006431395
28762	0.0004175472
28763	0.0019496429
28765	0.0007289362
28766	0.0007896296
28767	0.009517907
28769	0.000315
28770	0.0061008929
28771	0.0006646
28772	0.0025430233
28773	0.0094988372
28774	0.0611745349
28775	0.0264746512
28777	0.0015822222
28778	0.0078319231
28779	0.0019030233
28780	0.0002443038
28781	0.0008973973
28782	0.0010384507
28783	0.0002115385
28784	0.0020313208
28785	0.0006127907
28786	0.0007038961
28787	0.029937093
28788	0.0044528571
28789	0.011012907
28790	0.0021912727
28791	0.0027269767
28792	0.0276881395
28794	0.0001974359
28795	0.0384560465
28796	0.0019030233
28797	0.0053931395
28798	0.0009219753
28799	0.0006484375
28802	0.0011835294
28803	0.000368
28804	0.0004828846
28805	0.0026608451
28806	0.0059179012
28807	0.0002333333
28808	0.000431125
28810	0.0003662963
28811	0.0102347674
28813	0.0273281395
28815	0.0006185
28817	0.0010269231
28818	0.0349554651
28819	0.0025892857
28821	0.4597901163
28822	0.0002216667
28824	0.0100365116
28825	0.0012110465
28827	0.0025956977
28828	0.0013450667
28829	0.0009275
28830	0.0555987209
28831	0.0155805556
28832	0.0006726761
28833	0.0005654167
28834	0.0006245161
28835	0.3405602326
28838	0.0022
28839	0.0002401754
28840	0.00007375
28841	0.0006127907
28842	0.0415617442
28843	3.06976744186E-05
28844	0.0045357143
28848	0.0001715254
28849	0.002624881
28850	0.057105814
28851	0.1536025581
28855	0.0019004706
28857	0.0072349412
28859	0.6483346512
28860	0.000355
28861	0.0008448077
28862	0.000356
28863	0.0013783562
28864	0.0006511538
28865	0.4766582558
28867	0.0003681081
28868	0.0082712346
28869	0.0205824419
28870	0.000096087
28871	0.0130233721
28872	0.0005251852
28873	0.0233005882
28874	0.0017662195
28875	0.0018551316
28876	0.0044375
28877	0.0003488889
28879	0.0015089474
28880	0.003587931
28881	0.0010161538
28882	0.0006908824
28883	0.0006127907
28884	0.000082807
28885	0.0019101786
28886	0.0695659302
28887	0.0033207317
28888	0.0032787209
28889	0.0003088
28890	0.0004451667
28891	0.0029914286
28892	0.0141168
28894	0.0473185714
28895	0.0019485185
28896	0.0011662857
28897	0.0089375
28898	0.0084810465
28899	0.0237138372
28900	0.0443003488
28901	0.0005464286
28902	0.0003198333
28903	7.9298245614E-05
28905	0.0004357534
28907	0.280617907
28908	0.00055075
28909	0.0004031579
28912	0.000016
28914	0.0007448148
28915	0.0008655814
28916	0.00148525
28918	0.0002069231
28919	0.0451305814
28921	0.0152597674
28922	0.0003685714
28923	0.0075298837
28924	1.1634206977
28925	0.009965
28927	0.0159209302
28928	0.1304480233
28934	0.0002335294
28935	8.46551724138E-05
28936	0.0003910811
28937	0.00046625
28938	0.7027522093
28939	0.0003376471
28940	0.019242907
28941	0.0014710465
28942	0.0179604839
28943	0.029833494
28944	0.0090526761
28945	0.0047052326
28946	0.0035133721
28948	0.0027991566
28949	0.00014
28950	0.0004644828
28951	0.0005861667
28952	0.00043
28953	0.0012844444
28954	0.0010424444
28955	0.0012216216
28956	1.6983061628
28957	9.51724137931E-05
28958	0.000552
28961	0.00295025
28962	0.0052631395
28963	0.0013904
28964	0.000116
28965	0.0006921739
28966	0.0008966667
28967	0.2329323256
28969	0.0008243243
28970	0.0100001163
28971	0.0010130303
28972	0.0174962791
28973	0.0198561628
28974	0.002025875
28975	0.0006686364
28976	0.0310277907
28978	0.000116
28979	0.000334898
28982	0.0031581176
28983	0.0002311111
28987	0.0050255814
28988	0.0137888372
28989	0.0003463953
28990	0.0009112346
28991	0.0008395349
28992	0.1188848837
28993	5.86363636364E-05
28994	0.0060973256
28995	0.0004356098
28998	0.0304586047
28999	0.0002159649
29000	0.0429160465
29001	0.009517907
29002	0.0006068889
29003	0.0470569767
29004	0.0081336047
29005	0.8789715116
29007	0.0021911111
29008	0.0223512791
29009	0.0257840698
29010	0.0009057143
29013	0.0007124286
29014	8.42105263158E-05
29015	0.0035962195
29016	0.0009883333
29017	0.0076145349
29019	0.0007665432
29020	0.0010036207
29021	0.0050182558
29022	0.0014888095
29023	0.000483
29024	0.0292126744
29026	0.0487510465
29027	0.000077193
29028	0.0017481579
29030	0.0055730233
29031	0.0004389655
29033	0.0002229825
29034	0.0005965
29035	0.0006442857
29036	0.0107510588
29037	0.0005847761
29038	0.0003512766
29039	0.0005193023
29040	0.0012230233
29041	0.0010401235
29043	0.0006631148
29044	0.0002465
29045	0.0002309615
29047	3.06976744186E-05
29051	0.0209283721
29052	0.000060814
29053	0.0005709804
29054	0.0006645882
29055	0.0006080702
29056	0.0007925
29057	8.57142857143E-05
29058	0.0028107937
29060	0.000350625
29061	0.0088256977
29062	6.745765
29063	0.0071968235
29064	0.0008297436
29065	0.0002427273
29067	0.0005993103
29068	0.00001
29069	0.0003920513
29070	0.0006578571
29072	0.0064706977
29073	0.0015111538
29074	0.0044993023
29075	0.0214584884
29076	0.0003694444
29077	0.0316533721
29079	0.0005305405
29081	0.02079
29082	8.53424657534E-05
29083	0.0006652778
29087	0.0401102326
29088	0.0025956977
29090	0.006402907
29092	0.000620678
29093	0.0314946512
29094	0.000361087
29095	0.0001506494
29096	0.2407648837
29097	0.0256166279
29098	0.3866863953
29099	0.00122875
29101	0.0016539535
29102	0.0005112903
29103	0.1462902326
29104	7.42857142857E-05
29105	0.0119669444
29106	0.0004544828
29107	0.0143633721
29110	0.0003659524
29111	0.0004882353
29116	0.0008967925
29118	9.15068493151E-05
29119	0.0008185915
29120	0.000226
29122	0.000388
29123	0.0010747561
29124	0.0122559302
29125	0.0122559302
29126	0.0123181395
29127	0.0122259302
29128	0.0122559302
29129	0.001512375
29130	0.0005385714
29131	0.0159952326
29132	0.0005293103
29133	0.0010479012
29134	0.0739813953
29135	0.0040330488
29136	8.81034482759E-05
29138	0.0033666667
29139	0.0019388
29140	0.3009318605
29142	0.0004925
29143	0.0006820238
29145	0.0253106122
29147	0.1460965116
29149	0.0018051429
29151	0.0013115854
29152	0.0185160465
29155	0.0003271429
29156	0.0084345238
29157	0.0003739394
29158	0.0052408642
29159	0.0013416049
29161	0.0231884884
29162	0.0015372368
29167	0.000326
29169	0.0003175
29170	0.0007286364
29171	0.1497595349
29172	0.0002765
29173	0.00027375
29174	0.0003671429
29175	0.000309
29176	0.0003977143
29179	0.0006414545
29180	0.0004722222
29181	0.0016863333
29182	0.0004151852
29185	0.0006333333
29186	0.0002175
29189	0.00011
29190	0.0033017568
29191	0.4411244186
29193	0.0002646667
29195	0.00201875
29196	0.0004178947
29197	0.0013131395
29198	0.0735219048
29199	0.000437234
29200	0.000535
29201	0.0002232
29202	0.0002484615
29203	5.61764705882E-05
29204	0.0005609091
29205	0.0005544444
29206	0.000406
29207	0.0012389535
29208	0.0088220548
29209	0.01392
29210	0.0015
29211	0.0181502899
29212	0.0334684615
29213	0.000398
29215	0.004224026
29216	0.000195
29218	0.0001948
29219	1.820990814
29220	0.0007028205
29221	0.0002669231
29222	0.00329
29223	0.0001625
29224	0.0039254118
29225	0.0087716279
29226	0.7048309302
29229	0.0010111429
29230	0.00545625
29231	0.0036122973
29233	0.00101375
29234	0.00063
29235	1.7196734884
29236	0.0223574684
29238	0.000665
29239	0.00063
29240	0.0016459211
29241	0.0021909524
29242	0.0333695349
29244	0.2041202326
29245	0.00291
29246	0.0006454545
29247	0.0008257353
29250	0.0028207895
29251	0.0003484615
29252	0.0007028205
29253	0.0022253846
29254	0.0013815116
29255	0.000272
29256	0.0002785
29257	0.0003007692
29258	0.0104951163
29259	0.0002484416
29260	0.1546001163
29261	0.0013347674
29262	0.0002561111
29263	0.0020981395
29264	0.0005092857
29265	0.0005266667
29266	0.00030625
29267	0.001857973
29268	0.002419186
29269	0.0003947368
29270	0.0007028205
29271	0.0003816667
29272	0.0003526667
29273	0.0019631765
29275	0.0033409524
29276	0.00053
29277	0.0001966667
29278	0.0006575
29279	0.0002933333
29280	0.00039
29281	0.0010875
29282	0.000135
29283	0.0005806667
29284	0.0054884483
29285	0.000124
29286	0.0005866667
29288	0.0002142857
29289	0.0020387654
29290	0.0007028205
29291	0.1555673256
29293	0.0002666667
29294	0.0014212857
29295	0.0001
29297	0.000175
29298	0.000313
29299	0.0003675
29301	5.30434782609E-05
29302	5.61764705882E-05
29303	0.0007775
29304	0.0177297674
29305	0.0430945349
29307	0.000581
29309	0.0001265
29310	0.0238609091
29311	0.0020156
29312	0.0282655814
29314	0.002775125
29315	0.0004324
29316	0.0006480851
29317	0.0248768293
29318	0.0035281395
29319	0.0002553488
29320	0.0001177778
29321	0.0015334545
29322	0.0006622222
29323	0.0007028205
29324	0.0006846667
29325	0.0193503488
29326	0.00198625
29327	0.000532963
29328	0.0005323214
29329	0.0066345902
29330	0.0001125
29332	0.000579
29334	0.1036097674
29335	0.003576875
29336	0.0005709756
29337	0.0003430612
29338	0.0002777778
29339	0.0111176364
29340	0.0023496512
29342	0.0004875385
29343	0.0008113846
29344	0.0004526316
29346	0.0004103636
29347	0.0002091667
29348	0.0919096512
29349	0.0004107692
29350	0.0004304
29351	0.0005565
29352	0.0003514706
29353	0.000126
29354	0.0170927907
29355	0.0004384211
29356	0.000261875
29357	0.0005592308
29358	0.0005916667
29359	0.0001633333
29360	0.000908
29362	0.0034390698
29363	0.0003385714
29364	0.0005341791
29365	0.0465151163
29366	0.000386
29367	0.000532963
29368	0.0128874194
29369	0.0005729412
29370	0.0005423333
29371	0.0003960606
29374	0.000532963
29375	0.0008802041
29376	0.0002455844
29378	0.000305
29379	0.0019842029
29380	0.0010833333
29381	0.0005035135
29382	0.000477093
29383	0.0003380952
29384	0.000532963
29385	0.00042375
29386	0.0598632558
29387	0.0005403125
29388	0.0001
29389	0.0006381667
29390	0.0006297674
29391	0.0006955172
29392	0.4296387209
29393	0.00014
29394	0.0014351163
29395	0.0003525
29396	0.00119
29398	0.0007603488
29399	0.1036265116
29401	0.004015679
29402	0.1547780233
29403	0.002287907
29405	0.032045814
29406	0.0005756061
29407	0.0404283721
29408	0.0028637647
29409	0.0006106122
29410	0.0019067442
29411	0.0018171154
29412	0.0001873333
29413	5.61764705882E-05
29414	0.0007075
29415	0.0008774324
29416	0.0016984
29417	0.0734155814
29418	0.0004594915
29419	0.0003726087
29420	0.0006225
29421	0.0216431395
29422	0.0010168966
29424	0.0009842857
29426	0.0131861728
29428	0.0009833333
29429	0.001325
29430	0.0003408824
29431	0.0023496512
29432	0.0004404
29433	0.0054440506
29434	0.0015958333
29435	0.0002988372
29436	0.0003120408
29437	0.0387089535
29438	0.009017907
29439	0.0099175581
29440	0.0004130769
29441	0.00016
29442	0.0006002439
29443	0.0007623256
29444	0.002526988
29445	0.0005948276
29446	0.0003163636
29447	0.0050448837
29448	0.0007313699
29449	0.0003162963
29450	0.000402
29451	0.0002064286
29452	0.0007235484
29453	0.0006540816
29454	0.00018875
29455	0.0005959459
29456	0.0005302941
29457	0.0005405
29458	0.0195035802
29459	0.0064919277
29460	0.000760625
29461	0.0003664
29462	0.0007603488
29463	0.00692
29464	0.0013444
29465	0.0005944231
29466	0.0212698837
29468	0.0007028205
29469	0.0032636471
29470	0.023894186
29471	0.1169246512
29473	0.0007028205
29474	0.0002622222
29476	0.0102665116
29477	0.0015906897
29478	0.0056247674
29479	0.0004473469
29480	2.62857142857E-05
29481	0.0005968293
29482	0.0006133333
29483	0.00239
29484	0.0084586047
29485	0.0002855814
29486	0.000428125
29487	0.0007842
29488	0.000532963
29489	0.0000875
29490	0.000283
29491	0.0019631765
29492	0.0175426744
29493	0.0301354651
29494	0.0004033333
29495	0.0004714286
29496	0.0014316867
29497	0.0002811538
29498	0.00004
29502	6.90697674419E-05
29503	0.0003686207
29504	0.00006
29505	0.00032
29506	0.0007594737
29507	0.000571
29508	0.000302
29509	0.0009324
29511	0.0004903448
29512	0.0044637209
29513	0.0179243023
29514	0.0009852941
29515	0.0041316
29516	0.00055525
29518	0.000484
29519	0.0781783721
29520	0.0014978049
29523	0.0005005263
29524	0.0006611111
29525	0.00064
29526	0.0007390141
29527	0.0037132911
29529	0.0010333333
29530	0.000169375
29531	0.0002054545
29532	0.0003254545
29533	0.0355372152
29534	0.001062
29535	0.0088668605
29536	0.0006233333
29537	0.0007028205
29538	0.00061
29539	0.0127926582
29540	0.1389331395
29541	0.0100566667
29542	0.000293125
29543	0.0004051515
29544	2.1939726744
29545	0.0006833333
29548	0.0136339535
29549	0.1391030233
29551	0.0003716667
29552	0.0001666667
29553	0.0002255556
29554	0.0006288889
29556	0.0003273684
29557	0.0002033333
29558	0.0016580233
29559	0.0003116667
29560	0.0003075
29561	0.0002451948
29562	0.00018
29563	0.1757173256
29564	0.0697173256
29565	0.0637090588
29566	0.00043
29567	0.0003728571
29568	0.0002484416
29569	0.0016266176
29570	0.0006911538
29571	0.0007028205
29572	0.0066798837
29573	0.0047266667
29575	0.0062790698
29576	0.0019
29577	0.000532963
29578	0.000532963
29580	0.0149502353
29581	3.66265060241E-05
29582	0.0003223529
29583	0.0003595833
29584	0.0006315476
29585	0.0065372289
29586	0.0005392453
29587	0.0001290476
29588	0.0476784615
29589	0.0004110714
29590	0.0020981395
29591	0.0005435135
29592	0.0002757143
29594	0.1317622093
29595	0.0036266667
29596	0.0064134568
29597	0.0008810526
29598	0.0003812281
29600	0.0005223077
29601	0.1288203488
29602	0.6264272093
29604	0.0066798837
29605	0.0016690909
29608	0.0002628571
29609	0.000677451
29610	0.0033566667
29611	0.0005527907
29612	0.1548540698
29613	0.0007028205
29614	0.0004077778
29615	0.0191084884
29617	0.0004283333
29618	0.0054713095
29619	0.001295
29621	0.0008154902
29622	0.0008491304
29623	0.0050703529
29624	0.044142907
29626	0.00036
29627	0.0003276471
29628	0.0013710714
29629	0.0092711905
29630	0.0002492208
29631	0.0084438372
29633	0.0002966667
29634	0.0005076923
29637	0.0003513333
29638	0.0007747273
29639	0.0003616667
29640	0.00052
29641	0.0009533333
29642	0.0002765116
29644	0.000532963
29645	0.0007482143
29646	0.014131125
29647	0.0008354545
29648	0.0020696154
29649	0.003952
29650	0.0020981395
29651	0.0008885965
29653	0.0021685714
29654	0.000267619
29655	0.000854058
29656	5.61764705882E-05
29657	0.00039625
29658	0.0003407463
29659	0.000477093
29660	0.0012207018
29661	0.0011367568
29662	0.0616863953
29663	0.000229
29664	0.0024653448
29665	0.0020022093
29666	0.0120134884
29667	0.029717093
29668	0.000404
29669	0.0003433333
29670	5.61764705882E-05
29671	0.000274
29673	0.0007992
29674	0.0033304167
29675	0.0002792308
29676	0.0396559302
29677	0.00016
29678	0.0062925581
29679	0.0084438372
29680	0.0029318824
29681	0.0402215116
29682	0.0003430769
29684	0.0049065882
29685	0.0003773684
29686	0.0003471429
29688	0.0002383333
29689	0.0013686301
29690	0.0227069767
29691	0.002134
29692	0.1138156977
29693	0.0006411905
29694	0.002957234
29695	0.0405936047
29696	0.0002972727
29697	0.026950814
29698	0.0256883529
29699	0.0002157895
29700	0.0002418182
29702	0.0002441667
29703	0.00365
29704	0.0810062791
29705	0.00014
29706	0.0037261905
29707	0.0068862791
29708	0.0005921951
29709	0.0007475
29710	0.0007028205
29711	0.00029675
29713	0.000412
29714	0.0006072973
29715	0.0026337313
29716	0.00046
29717	0.0003321622
29719	0.0911446512
29721	0.0007939216
29723	0.0007012676
29724	0.0009830769
29725	0.0044645122
29726	0.000537027
29727	0.0454776744
29728	0.0034118293
29729	0.0032461333
29730	0.0229770732
29731	0.0009758209
29732	0.0005860976
29733	0.0004410256
29736	0.2515759302
29737	0.0015125301
29738	0.0003319512
29739	0.0002813333
29740	0.00008
29741	0.0034323256
29742	5.61764705882E-05
29743	0.0007028205
29744	6.90697674419E-05
29745	0.0147387671
29746	0.0002769231
29747	0.0055981395
29748	0.0060066279
29749	0.0006930435
29750	0.0007028205
29751	0.0004720896
29752	0.0044193976
29753	0.0050408537
29754	0.000532963
29755	0.001096
29756	0.0002391667
29757	6.94545454545E-05
29758	0.0003322222
29759	0.001786875
29760	0.0014062264
29761	0.00018875
29762	0.0003773333
29763	0.0021933333
29764	0.00180625
29765	0.0002233333
29766	0.000272
29767	0.0006733333
29768	0.0047185714
29769	0.0006766197
29770	0.000482
29771	0.0008580233
29772	0.0092722093
29773	0.0006818182
29774	0.0003802381
29775	0.0005321311
29777	9.25581395349E-05
29778	0.0034873469
29779	0.0002058824
29780	6.90697674419E-05
29781	0.1778313953
29782	0.0041035802
29783	0.1525615116
29784	0.0034640698
29785	0.0007028205
29786	0.1059446512
29787	0.0003345833
29788	0.000107375
29790	0.0132210465
29792	0.0029438824
29793	0.0011990909
29794	0.0003794444
29795	0.0108690698
29796	0.0137709091
29797	0.0010951163
29798	0.0020621053
29799	0.0024284146
29801	0.0005729412
29802	0.0003944444
29803	0.0637090588
29804	0.0030950725
29805	0.0005257143
29806	0.0002111111
29809	0.0005310204
29810	0.000384375
29811	0.0002855814
29812	0.0005547761
29813	0.00029
29814	0.000331
29815	0.0029915068
29816	0.0035755128
29817	0.0013040541
29819	0.0006674419
29820	0.0006991803
29821	0.0307954651
29822	0.0002
29824	0.2057759302
29825	0.000386
29826	0.000775
29827	0.0004270968
29828	0.184507907
29829	0.1239290698
29830	0.0010564516
29831	0.0035281395
29833	0.00014
29834	0.1552868605
29835	0.0011649315
29836	0.0162434884
29837	0.000430339
29838	5.61764705882E-05
29839	0.000317037
29840	0.028330814
29841	0.0008293023
29842	0.0011445349
29844	0.00018
29845	0.0009443396
29846	0.0001292857
29847	0.0007028205
29848	0.0335862791
29849	0.000477093
29851	0.0171434884
29852	0.0019425
29853	0.0086917647
29854	3.6151703488
29855	0.00013
29856	0.0002942105
29857	0.000236
29858	0.0007028205
29859	0.0166773529
29860	0.0007936364
29861	0.0019091667
29862	0.0005028571
29864	0.0028695161
29865	0.00007
29867	0.0032330435
29869	0.00035625
29870	0.0021070833
29871	0.0702315116
29872	0.0029876667
29873	0.0039254118
29874	0.0007717073
29875	0.0007732432
29877	0.000714
29878	0.0079133721
29881	0.005127439
29882	0.0008615
29883	0.001872963
29884	1.2573801163
29885	0.0002518182
29886	0.0009976364
29887	0.0005053846
29889	0.0102926471
29890	0.002937037
29891	0.0006315476
29892	0.000025
29893	0.0097245349
29894	0.0011942623
29895	0.0273631395
29896	0.0002183784
29897	0.000179
29898	0.0001381395
29899	0.0003284
29900	0.0007241791
29901	0.000074
29902	0.0004883333
29903	0.0003683333
29904	0.0056970238
29905	0.00097
29906	0.0019631765
29907	0.00009
29908	0.0062790698
29909	0.0066798837
29910	0.0066798837
29911	0.0066798837
29912	0.0066798837
29913	0.0062790698
29914	0.1490462791
29915	0.0062790698
29916	0.0066798837
29917	0.0060115116
29918	0.004592549
29919	0.000065
29921	0.0005527907
29922	0.3377513953
29924	0.0013570667
29925	0.0002771233
29926	0.0407706977
29927	0.00507
29928	0.0002913889
29929	0.0318902083
29930	0.0007028205
29931	0.0795797674
29934	0.0042026087
29935	0.0006658333
29937	0.0005121212
29939	0.0008253846
29940	0.0003442857
29942	0.0014211321
29943	0.000219
29944	0.3762181395
29946	0.011632093
29947	0.0007028205
29948	0.0020928788
29949	0.0003996875
29950	0.0024787209
29951	0.0030544681
29952	0.00038625
29953	0.00102
29955	0.0058414706
29956	0.0001972222
29957	0.000185
29958	0.0004975
29960	0.0111551163
29961	0.0008460714
29962	0.0026360294
29963	2.52325581395E-05
29964	0.0006141463
29965	0.00057875
29966	0.0004046512
29967	0.0020093506
29968	0.0014185542
29970	0.0004547727
29972	0.0071474419
29973	0.00099875
29974	0.8662130233
29975	0.000136
29976	0.2103873256
29977	5.61764705882E-05
29978	0.00058
29979	0.0007028205
29982	0.0007028205
29983	0.0006324074
29984	0.0007451724
29985	0.00036375
29986	0.0028378571
29987	0.0029023256
29988	0.000865
29989	0.0031509677
29991	0.0005653333
29992	6.90697674419E-05
29993	0.0004610714
29994	0.2608548837
29995	0.0007028205
29996	0.077035814
29997	0.0004388889
29998	0.0009276923
29999	0.0011607463
30000	5.30434782609E-05
30001	0.0009640741
30002	0.000532963
30003	0.001268
30004	0.0010712
30005	0.0012365625
30006	0.0006315476
30007	0.0013347674
30008	0.092957907
30009	0.000505
30010	0.0004471429
30012	0.000811194
30013	0.0008864103
30014	0.0003186441
30015	0.000778125
30016	0.0130618605
30017	0.0003316667
30018	0.0006084
30020	0.1628022093
30021	0.0020769737
30022	0.0003757692
30023	0.002797027
30025	0.0039268
30026	0.1170010465
30027	0.0002514286
30028	0.0403589535
30029	0.0009671429
30030	0.0089534884
30032	0.0058887059
30033	0.0007641026
30034	0.007895
30036	0.00032
30037	0.0017846053
30040	0.00028
30041	0.0004033333
30042	0.0132525581
30043	0.0012415385
30044	0.0013461224
30045	0.0003492593
30046	0.0002275
30048	0.293074186
30049	0.00056
30050	0.0002573333
30051	6.65573770492E-05
30053	0.2444706977
30054	0.0024411429
30055	0.0008225
30058	0.000379
30059	0.2114823256
30062	0.0004840698
30063	0.0054347674
30065	0.00033875
30067	0.0098544444
30068	0.0072736145
30069	0.002723
30071	0.000532963
30073	0.0068445349
30074	0.0054907692
30075	0.001019
30076	0.0573956977
30077	0.0003812791
30080	0.0007906154
30081	0.001335
30082	0.0003331429
30083	0.0015203488
30084	0.0008406897
30085	0.000299
30086	0.0142452381
30087	0.000128125
30088	0.1215918605
30089	0.1786817284
30090	0.0035079518
30091	0.0002169231
30092	0.00049
30093	0.0004377778
30094	0.0003036364
30095	0.0005542857
30096	0.0003212821
30097	5.61764705882E-05
30098	0.00004
30100	0.000277963
30101	0.0001227273
30102	0.0014316867
30103	0.000174
30104	0.0036232558
30105	0.0004729032
30106	0.0007641026
30107	1.9445219767
30108	0.0304773256
30111	5.61764705882E-05
30112	0.00014
30113	0.0006783333
30115	0.0006489474
30116	0.0002675
30117	0.0001766667
30118	0.0046993023
30120	0.0010137097
30121	0.0002566667
30122	0.0004345
30123	0.0010422222
30124	0.0003557143
30125	0.0019517647
30127	0.0002505
30128	0.0078783721
30130	0.0007141176
30132	0.0002216667
30133	0.0002025
30134	0.000181
30135	0.000198
30136	0.000095814
30138	0.0006014634
30140	0.0003162069
30142	0.00017625
30143	0.0002605
30144	0.0048370238
30145	0.0004522222
30146	0.0020440964
30147	0.1470080233
30148	0.0844509302
30149	0.0034770238
30150	0.0002484615
30151	0.05885
30152	0.0006075
30153	0.0003253333
30154	0.0001611111
30155	0.0007641026
30156	0.1045440698
30157	0.000285
30158	0.1300684884
30159	0.0008546154
30160	0.0010048889
30161	0.1222386047
30162	0.0002908333
30163	0.0275816471
30164	0.0003392593
30165	0.0011751163
30166	0.0108487097
30167	0.0003776923
30168	1.8269855814
30169	0.0006966667
30170	0.095055814
30171	0.0018882857
30172	0.002765
30174	0.000605
30175	0.01146
30176	0.2608760465
30178	0.0020546667
30179	0.0009485714
30180	0.0005558333
30181	0.3145486047
30183	0.0047687209
30184	0.0038661538
30185	0.00019125
30186	0.01392
30187	0.000532963
30188	0.00001
30189	0.0042708333
30190	0.000477093
30191	0.0030510465
30192	0.0004835294
30194	0.0002552381
30195	0.0005605405
30196	0.0093994186
30197	0.0070487879
30198	0.0160198765
30199	0.0002216667
30200	0.000481129
30201	0.00053
30202	0.0010621429
30203	0.0006338235
30204	0.000245
30206	0.0572113953
30207	0.1252252326
30208	0.0009192308
30209	0.0004562857
30210	0.1442568605
30211	0.2646965116
30212	0.0872851163
30213	0.0007028205
30214	0.0011711111
30215	0.000895
30217	0.0049595122
30219	5.06976744186E-05
30221	0.0011352632
30222	0.0004124
30223	0.0617997674
30224	0.0005066667
30225	0.0396598837
30226	0.012695
30228	0.0054934615
30230	0.0003328169
30231	0.0002075
30233	0.0003370833
30234	0.0006126316
30235	0.0020730769
30236	0.0003575758
30237	0.00007
30238	0.0004367308
30239	0.0062790698
30240	0.0062790698
30241	0.0004480392
30242	0.0003985714
30243	0.0062790698
30244	0.0062790698
30245	0.0062790698
30246	0.0037318605
30247	3.09302325581E-05
30249	0.0062790698
30250	0.0011914286
30251	0.00144
30252	0.0012706667
30253	0.0323512791
30254	9.17543859649E-05
30255	0.0003577778
30256	0.0913962791
30257	0.00033
30258	0.0009166667
30259	0.000215625
30260	0.0002625
30261	0.0073945349
30262	0.0007114516
30263	0.0029438824
30264	0.00016
30266	0.0032482558
30267	0.0075080519
30268	0.0006016667
30269	0.0006531034
30270	0.0065090698
30271	0.00032
30272	0.2072025581
30273	0.0003744444
30274	0.0013713043
30276	0.2198374419
30277	0.0108690698
30279	0.0008942593
30281	0.0001516667
30282	0.001752
30284	0.0009425
30285	0.0005138462
30286	0.0003425
30287	0.0223856977
30288	0.0068643023
30289	0.0004157895
30290	0.0020621795
30291	0.001140137
30293	0.0038592105
30294	0.1218465116
30295	0.0006823214
30297	0.00046
30298	0.000532963
30299	0.00042
30300	0.0709340698
30301	0.0015845588
30302	0.0018922857
30303	0.0013750667
30304	0.00172
30305	0.000217
30306	0.0007028205
30307	0.021792125
30308	0.00011375
30309	0.0011944
30310	0.0001682353
30311	0.0001966667
30312	0.0004114286
30313	0.00032125
30314	0.000886875
30315	0.0141518966
30316	0.0005313043
30317	0.0004775
30319	0.0005713793
30321	0.00001
30322	0.0005590741
30323	0.019926988
30325	0.0026121875
30326	0.0446669767
30327	0.1739334884
30328	0.0012339189
30329	0.0023903614
30330	5.30434782609E-05
30331	0.0032772549
30332	0.0261923256
30333	0.1744434884
30334	0.0761576471
30335	0.0002492208
30336	0.0014522222
30337	0.000532963
30338	0.000345
30339	0.0006430645
30340	0.1622197674
30341	0.0003158621
30343	0.0068767391
30344	0.0047626829
30345	0.000489375
30346	0.0004273333
30347	0.000179375
30348	0.00027375
30349	0.1279236047
30351	0.00042
30352	0.0007028205
30354	0.0015491304
30356	0.00015
30357	0.00033625
30359	0.0270456627
30360	0.0003583333
30361	0.0006315476
30362	0.002287907
30363	0.0092016438
30365	0.0001936986
30367	0.0031887097
30368	0.0001375
30369	0.0001833333
30370	0.013272093
30371	5.61764705882E-05
30372	0.0001785714
30373	0.000461
30374	0.0002933333
30377	0.0005925806
30378	0.0061019767
30379	0.026753375
30380	0.00016
30381	0.0033368605
30382	4.1788518519
30384	0.0010867442
30385	0.00017
30387	0.0015527778
30389	0.0016915
30391	0.0005719767
30392	0.00018
30393	0.0285509524
30394	0.000334
30395	0.0002236364
30396	0.0159083721
30397	5.61764705882E-05
30398	0.0526948837
30401	0.0036035294
30402	0.001651194
30404	0.0006292593
30406	0.1758193023
30407	0.00075
30408	0.0002711111
30409	0.0089471429
30410	0.38356
30412	3.8015680233
30413	0.0003022222
30416	0.0019611111
30417	0.0005886667
30418	0.0039144068
30419	0.00094625
30420	0.0002566667
30421	5.61764705882E-05
30422	0.0022117442
30423	0.1076410465
30424	0.0004658824
30425	0.0446194186
30426	0.0002066667
30427	0.0007028205
30428	0.346387907
30429	0.0002938636
30430	0.0005922222
30431	0.0018402632
30432	0.1546001163
30433	0.064642093
30434	0.0512097674
30435	0.0071510465
30436	0.0010569333
30437	0.0002875
30438	0.0190688372
30439	0.0005134783
30440	0.0215862791
30441	0.0008404615
30442	0.0009129167
30443	0.0709776744
30444	0.0094406667
30447	7.33333333333E-05
30448	0.00001
30449	0.0027749412
30450	0.0001381395
30451	0.0001281818
30452	0.0016996364
30453	0.00016
30454	2.9774516279
30455	0.00047
30457	0.0003464286
30458	0.000532963
30459	0.0189354651
30460	0.0005345
30461	0.0007028205
30462	0.0006658824
30463	0.0006411864
30464	0.1138926744
30465	0.000190814
30466	0.0009651316
30467	0.0005616667
30468	0.000532963
30469	0.0067317857
30470	0.0151185882
30471	0.0003329545
30472	0.0010331707
30473	0.0808533721
30474	0.0007105882
30475	0.000055
30476	0.0002085714
30477	0.0004788462
30478	0.0002325
30479	0.0170641975
30480	0.0004334783
30481	0.0007092537
30482	0.0003566102
30483	0.1132786047
30484	0.0012815385
30485	0.0849289535
30486	0.0024420253
30487	0.0073473171
30488	0.0041230137
30489	0.004173
30490	0.1173659302
30491	0.00041
30492	0.0002025
30493	0.0005785714
30494	0.0002866667
30495	0.0021887209
30496	0.0008155556
30497	0.0014797872
30498	0.0060758696
30500	0.0170015116
30501	0.0526788372
30502	0.0019631765
30504	0.000532963
30505	0.0066151852
30506	0.00036
30507	0.0251003488
30509	0.0002211111
30510	0.0003981818
30511	0.0353655814
30512	0.0002092308
30513	0.0010946809
30515	0.0012025
30516	0.2522401163
30517	0.0002736364
30518	0.0793981481
30519	0.0006315476
30520	0.0007028205
30521	0.000247
30522	0.0003838095
30523	0.0689822093
30524	0.0011337037
30525	0.000172
30526	0.0469937209
30527	0.0017165116
30528	0.00038625
30529	0.0009043662
30530	0.000285
30531	0.0009147059
30532	0.0041948889
30533	0.0005693333
30534	0.0039254118
30535	0.0001405556
30536	0.00018
30537	0.0011034247
30539	5.61764705882E-05
30540	5.61764705882E-05
30541	0.0018980556
30542	0.0001533333
30543	0.0018489063
30544	0.0110852632
30545	0.0004612162
30546	0.0002066667
30547	0.0004010204
30548	0.146635814
30549	0.0009542857
30550	0.0002492208
30551	0.0003261538
30552	0.0005468571
30554	0.0003114815
30556	0.0002492208
30557	0.0007028205
30558	0.0032971084
30559	13.9156163953
30560	0.0008265789
30561	1.7893593023
30562	0.0868610465
30564	0.0005630488
30565	0.080857093
30566	0.0050986667
30567	9.0668596512
30568	0.0002657143
30569	0.0031444304
30570	1.0882302326
30571	0.0007028205
30572	0.0377596512
30573	0.0007533333
30574	0.00028
30575	0.0025271622
30576	0.0544882558
30578	0.0027646512
30579	0.0003123077
30580	0.0085810465
30581	0.0006778571
30582	0.0009463235
30583	0.0004966667
30584	0.0006959322
30585	0.0004774359
30587	0.0007028205
30588	0.0003455882
30589	0.0013375
30590	0.0011136923
30591	0.0002855814
30592	0.0318446512
30593	0.0034258182
30594	0.018571875
30595	0.0010168852
30596	0.0024204819
30597	0.0020924561
30598	0.000398
30600	0.00015
30602	0.0002407692
30603	0.0001840541
30605	0.0001714286
30606	0.0002677551
30608	0.002211375
30609	0.0005643902
30610	0.0316320238
30611	0.00002
30612	0.0006388889
30614	0.0007324242
30615	0.0034896512
30616	0.0066852941
30617	0.0036940698
30618	0.1639353488
30619	0.002574186
30620	0.0008416667
30621	0.000854
30622	0.0004
30623	0.0022833333
30625	0.0005952632
30627	0.0002236364
30628	0.00019
30630	0.0007028205
30631	0.0024601754
30632	0.0003267568
30633	0.0014644
30634	0.0003827778
30635	0.000237619
30636	0.0112339535
30637	0.0037530488
30638	0.0002972727
30639	0.000532963
30640	0.0002635294
30641	0.0003533333
30642	0.0120134884
30643	0.0012965333
30644	0.0001255556
30645	0.0018762069
30646	0.00083875
30648	0.000532963
30651	5.61764705882E-05
30652	0.0038714286
30653	0.0004289286
30654	0.0003628571
30656	0.0005816949
30657	0.0237667442
30658	0.0001580769
30660	0.0147749153
30661	0.000523
30662	0.0015946667
30663	0.0062736585
30664	0.000532963
30665	0.0012093939
30666	0.9681552326
30668	0.0005721739
30669	0.000622
30670	0.0022376829
30671	0.0004678261
30672	0.0022527273
30673	0.0138316279
30674	0.0021465385
30675	0.0080839286
30676	0.0003308333
30677	0.000915
30678	0.0590176744
30679	0.0026895062
30680	0.0004115556
30681	0.0002275
30682	0.0018735366
30684	0.0002375
30685	0.0004515385
30687	0.3044261194
30689	0.0004333898
30690	0.0046416667
30691	0.0869940698
30692	0.0183127059
30693	0.001758
30694	0.00031625
30697	0.00043
30698	0.0004594286
30699	0.0058437838
30700	0.000245
30701	0.0002036364
30703	0.0026693023
30704	0.00091
30705	0.0612644186
30706	0.00012
30707	5.61764705882E-05
30709	0.0106029851
30710	0.0079273585
30711	0.0007884615
30712	0.0004546667
30713	0.00059
30714	0.00032
30715	0.0002855814
30716	0.118452093
30717	0.0009396774
30719	0.000516
30720	0.021648
30721	0.0002858065
30722	0.0016973171
30723	0.0035281395
30724	0.0004953623
30725	0.0009546774
30726	0.1078039535
30727	0.000586129
30728	0.0016890476
30729	0.0005634286
30730	0.0006315476
30731	0.0030213333
30732	0.0008138095
30733	0.0534855814
30734	0.1107811628
30737	0.0006896667
30738	0.0008763333
30739	0.0242169767
30742	0.0027877778
30743	0.0071510465
30744	0.001319
30745	0.0003890909
30746	0.0106183529
30747	0.00072375
30748	0.0253465116
30749	0.0023095556
30750	0.0031518519
30751	0.0013347674
30752	0.00014
30754	0.0013056522
30757	0.0017160714
30759	6.90697674419E-05
30760	1.320412093
30762	0.0010673846
30763	0.0008015789
30764	0.0014085185
30765	0.0005397778
30766	0.0243123256
30768	0.0074365116
30769	0.000548
30771	0.0007641026
30772	0.1540647674
30773	0.0124897674
30774	0.0810318605
30775	0.0005854167
30776	0.000905303
30777	0.0008566667
30778	0.0040183607
30779	0.0004866667
30780	0.0155730588
30782	0.0021667949
30784	0.005307381
30785	0.0007429167
30786	0.0127626316
30788	0.0005055556
30789	0.0007341429
30790	0.0006865574
30791	0.9662818605
30792	0.0004693182
30793	0.2288552326
30794	0.00019625
30795	0.0007028205
30796	0.0382125
30797	0.0606267442
30798	0.0007788889
30799	0.0002348148
30800	0.0285767059
30801	0.00017375
30802	0.000770625
30803	0.0005087273
30804	0.000364
30805	0.000265
30806	0.00001
30807	0.0168986047
30808	5.30434782609E-05
30809	0.0002492208
30810	0.00120625
30811	0.1602802326
30812	0.00148875
30813	0.0203723256
30814	0.0003777083
30815	0.0003265217
30816	0.0003386207
30817	0.1299662791
30818	0.00058
30820	0.0002
30821	0.0043648837
30822	0.0003236364
30823	0.00013
30825	0.0008268182
30826	0.0002215385
30827	0.000190814
30828	0.0050528
30829	0.0004405
30830	0.0003147059
30832	0.000386875
30833	0.0003027273
30834	0.0004143333
30835	0.0012540909
30836	0.000209
30837	0.108517907
30838	0.000592439
30839	0.0008666154
30841	6.14285714286E-05
30842	0.0007028205
30843	0.0049756977
30844	0.0005337037
30845	0.000515
30846	0.00024
30847	0.0116729032
30848	0.0004788235
30849	0.0029226667
30850	0.00018
30851	0.0008645455
30852	0.0004090909
30853	0.0004731579
30854	5.61764705882E-05
30855	0.0001673333
30856	0.0021122388
30857	0.001416
30858	0.00018
30859	0.0025157813
30860	0.0028331395
30861	0.000303125
30862	0.0004477966
30863	0.0001275
30864	0.0005911111
30865	0.0131563953
30866	0.0001883333
30868	5.61764705882E-05
30869	0.0002128571
30870	0.0006533333
30871	0.0002766667
30872	0.0023214815
30873	0.0001833333
30874	0.00076
30875	0.0007391228
30876	0.0001985185
30877	0.0001594444
30878	0.0006784615
30879	0.0004235714
30880	0.2657409302
30881	0.00202
30882	0.0005123404
30883	2.08333333333E-05
30884	0.0003192
30885	0.0012843548
30886	0.0963922093
30887	0.0089918605
30888	0.0013868519
30889	0.0021641791
30890	0.0009382609
30891	0.0040994186
30892	0.000732
30893	0.0004728889
30894	0.00016
30895	0.0008894118
30896	0.00018
30897	0.0031101163
30898	0.0082
30899	0.0095022222
30900	0.0002315385
30901	0.000188
30902	0.0002
30903	0.0368018605
30904	0.0004485714
30905	0.0003242105
30906	0.0032415116
30907	0.0005929268
30908	0.0004952941
30909	0.0002716667
30910	0.0007332727
30911	0.0021934118
30912	0.0015259459
30913	0.00038
30914	0.0301783333
30915	0.0028169412
30916	0.0010839437
30918	0.0003009091
30919	0.0003716667
30920	0.0008123729
30921	0.0006315476
30922	0.0127820238
30923	0.0002606667
30924	0.0102739683
30925	0.0038593333
30926	0.0005214286
30927	0.0023307143
30928	0.000095814
30929	0.0250668605
30930	0.0002358333
30931	0.00009
30932	0.0039254118
30933	0.000353
30934	0.0005714634
30935	6.90697674419E-05
30936	0.0028125676
30937	0.0004709091
30938	0.0139084884
30939	0.000532963
30940	0.000584
30941	0.0043856977
30942	0.0005826761
30943	0.0009902564
30944	0.0007028205
30945	0.0007641026
30946	0.007914186
30947	0.000247
30948	0.00057
30949	0.0005990244
30950	0.0005293617
30951	0.0007160714
30952	0.1077533721
30953	0.0027688158
30954	0.1077276744
30955	0.0119948235
30956	0.0029554651
30957	0.0777036047
30959	0.0012719753
30960	0.0003228889
30961	0.0004145098
30962	0.00057
30963	0.0004721277
30965	0.0051592958
30966	0.00014
30967	0.0021166
30968	0.0008615
30970	0.0005220833
30971	0.0028027907
30972	0.00023
30973	0.0103519512
30974	0.0007028205
30976	0.0022509302
30977	0.0132911628
30978	0.0005933333
30979	0.0027079487
30980	0.0007028205
30981	0.0005324242
30982	0.0009672093
30983	0.0004926087
30984	0.1908402326
30985	0.0005953333
30986	0.0003052941
30987	0.0003826667
30988	0.0002777778
30989	0.00091
30990	0.0040047674
30991	0.0901934884
30992	0.0006545238
30993	0.00021
30994	0.0012940244
30995	0.0007028205
30996	0.0016202326
30997	0.0087912903
30998	0.0011879452
30999	0.0003474359
31000	0.0097278824
31002	0.0007879688
31003	0.106312907
31004	0.000132
31005	0.0004889474
31006	0.0626904651
31008	0.0004058621
31009	0.0550995349
31010	0.0881825581
31011	0.0169711628
31012	0.0078513953
31013	0.0081039535
31015	0.001414507
31016	0.0009261111
31018	0.0008827869
31019	0.0004429091
31020	0.0045806977
31022	0.0004020455
31023	0.2063366279
31025	0.0005719048
31026	0.0004036364
31027	0.0011453846
31028	0.0129882895
31030	0.0022909091
31031	0.0005915789
31032	0.0046996667
31034	0.0001433333
31035	0.0139847674
31037	0.1560259302
31038	0.1445886047
31039	0.0002345455
31040	0.0036319565
31042	0.00027625
31044	0.0023884524
31046	0.0006028571
31047	0.022690814
31048	0.0064694667
31049	0.0002246875
31050	0.000714717
31051	0.005334881
31052	0.0004821429
31053	0.0012195833
31054	0.00083375
31055	0.0105552778
31056	0.0254723256
31057	0.0017165116
31058	0.0038529268
31059	0.0016004878
31062	0.0051484884
31063	0.00059
31066	0.0005318182
31067	0.0005408696
31068	0.0114106977
31069	0.0007289796
31070	0.0001971429
31071	0.0004136111
31072	0.0005585714
31073	0.0001647368
31074	0.0002565909
31075	0.0001488889
31076	0.0003447368
31077	0.0189830233
31078	0.0005327778
31079	0.000790303
31080	0.0032051563
31081	0.0008018841
31082	0.00145
31083	5.30434782609E-05
31086	0.0017977612
31087	0.0004026087
31088	0.0003114286
31089	0.00163
31090	0.0007821538
31092	0.0005719767
31093	5.61764705882E-05
31094	0.0011494118
31095	0.0005741818
31096	0.0222695349
31097	0.0007764286
31098	0.0007490909
31099	0.0012941975
31101	0.0018549383
31102	0.001658169
31104	0.0006371186
31105	0.0561489535
31106	0.0003761905
31107	0.0003217241
31108	0.0021930233
31109	0.0017270313
31110	0.0007028205
31111	0.0002061111
31112	0.015252
31113	0.4715980233
31114	0.0003846154
31115	0.0007064103
31116	0.0051442169
31117	0.1478747674
31118	0.0006294828
31119	0.00007
31122	1.77777777778E-05
31123	0.0002204545
31124	0.0008684211
31125	0.0013342593
31126	0.00032175
31127	0.0005832927
31129	0.0003527273
31130	0.0210703488
31131	0.0010196429
31132	0.000517377
31133	0.2101830233
31134	0.0007312766
31135	0.0028209639
31136	0.0108690698
31137	0.001039322
31138	0.000135
31139	0.000165
31140	0.0003207895
31141	0.0023434783
31142	0.0004178947
31145	0.0037977083
31146	0.0119963265
31147	0.0004779167
31148	5.61764705882E-05
31149	0.0120134884
31150	0.0268839535
31151	0.0002744444
31152	0.0007028205
31153	0.001422716
31155	0.019971
31156	0.0006482759
31157	0.0013384615
31159	0.000386087
31160	0.0361124
31161	0.00041
31162	0.000205
31163	0.0001140698
31164	0.0003366667
31165	0.0007045614
31166	0.0011852326
31167	0.00233375
31168	0.0006156977
31169	0.00005
31170	0.0003430769
31171	0.0003466667
31172	0.0003013953
31173	0.0030137209
31174	0.0010573684
31175	0.0014373256
31176	0.0012898824
31177	2.32558139535E-05
31178	0.001065875
31179	0.0350266279
31180	0.0009321875
31181	0.0005846875
31182	0.0015784884
31183	0.0019520833
31184	0.0019656977
31185	0.0306266279
31186	0.0002738372
31187	0.0019174419
31188	5.61904761905E-05
31190	0.0028111111
31193	0.118017093
31194	0.000629
31195	0.0188666279
31196	0.005478
31198	0.0011867442
31199	0.0264673256
31200	0.0024198507
31201	0.0047789535
31202	0.000342
31203	0.0013153012
31204	0.0039503529
31205	0.0025426471
31206	0.0008962687
31207	0.0005527273
31208	0.0004337037
31209	0.0005206452
31210	0.0006182432
31212	6.86046511628E-05
31213	0.0087622093
31214	0.0001369231
31216	0.0003427586
31217	3.8569533333
31218	0.0005019767
31219	0.0005120313
31220	0.0002568182
31221	0.0002359091
31222	0.1009586047
31224	6.86046511628E-05
31225	0.0123681395
31226	0.0100675641
31227	9.56097560976E-05
31228	0.0003778571
31229	0.0006627059
31232	0.0001966667
31233	0.000013
31234	0.1137973256
31236	0.0489116279
31237	0.0245987209
31238	0.0017166279
31239	0.1306380233
31240	0.0004275
31243	0.0489116279
31244	0.0489116279
31245	0.000161875
31246	0.0001594186
31247	0.0006591525
31248	0.0001368605
31249	0.0001368605
31252	0.0278210714
31253	0.0001885714
31254	0.0004163158
31255	6.67142857143E-05
31256	0.0005688889
31257	0.0003678571
31258	0.0159231395
31259	0.001708375
31260	0.0073227632
31261	0.0003886047
31262	0.0843160465
31264	0.0010874242
31266	0.0007211538
31267	9.84375E-05
31268	4.53488372093E-05
31269	0.0066405814
31270	0.0241087209
31271	0.0210813953
31273	0.0014830233
31274	0.000241
31275	0.1193659302
31276	0.0114325581
31277	0.0242952326
31278	0.000013
31280	0.0001489394
31281	0.0006166216
31283	0.000114
31284	0.0003186842
31285	0.000073
31286	0.0044726744
31287	0.0264095349
31288	0.000698
31290	0.0015066279
31291	0.0006846512
31292	0.000245
31294	0.0013693023
31295	0.2657432558
31296	0.0451272093
31297	0.00048
31298	0.0098348837
31299	0.0032147674
31300	0.0008894203
31301	0.0003391667
31302	0.0003013953
31303	0.020719186
31304	0.0005480392
31305	0.0017496667
31306	0.0915532558
31309	0.0002308333
31310	0.0121105952
31311	0.0316495349
31312	0.00089
31313	0.0003535417
31314	0.0012564935
31315	0.0011126744
31316	0.0053032727
31317	0.0013232558
31318	0.0043998837
31319	0.0006025581
31320	0.0003013953
31321	0.0001368605
31322	0.0001371429
31323	0.0136910465
31324	0.0002321053
31326	0.000773
31327	0.0007856522
31328	0.00016
31329	0.0005533333
31330	0.0003389535
31331	0.0006364815
31332	0.0003464789
31336	0.00025
31337	0.0120462791
31338	0.0004323333
31339	0.00195
31341	0.0003703448
31342	0.0012454412
31343	0.00594875
31346	0.0002563889
31347	0.0008847674
31348	0.0022331915
31350	0.0004108696
31351	0.0944444578
31352	4.53488372093E-05
31353	0.0011185526
31355	0.001973375
31356	0.0293676744
31357	0.0018321333
31358	2.32558139535E-05
31359	0.026352907
31360	0.0018062963
31361	0.0002992308
31362	0.0094759302
31363	0.0074160465
31364	0.0028277907
31365	0.0004078049
31366	9.10465116279E-05
31367	0.0003351515
31368	0.0007298837
31370	4.53488372093E-05
31371	0.0894602326
31372	0.0002237705
31373	0.0012983333
31374	0.0092990698
31375	0.0002425
31376	0.027634186
31377	0.0006371429
31378	4.53488372093E-05
31379	0.000032
31380	0.0003013953
31381	0.000294
31382	0.00027625
31383	6.86046511628E-05
31386	0.0181550602
31387	0.0533051163
31388	0.0002982857
31390	0.0009772464
31393	0.0017166279
31395	0.0014078049
31396	0.0006475
31397	0.0003852632
31398	0.0489116279
31400	0.0027434921
31402	8.265625E-05
31403	0.0001846667
31405	0.000195
31406	0.0009104839
31407	2.32558139535E-05
31410	0.0006622093
31411	0.0013918182
31414	0.0047690698
31415	6.67142857143E-05
31417	0.0001140698
31418	4.53488372093E-05
31419	0.0004924138
31420	9.10465116279E-05
31422	0.0198198734
31423	0.0002720588
31424	0.005478
31425	0.055465
31426	0.1324863953
31428	0.002548
31429	0.0233662791
31430	0.0002342553
31431	0.0005461972
31432	0.0004127778
31433	0.0030758442
31434	0.011752907
31435	0.0781816279
31436	0.0006242857
31437	0.00021
31438	0.0002011111
31439	0.0021112791
31440	0.0002646154
31441	0.0004582143
31443	0.341787907
31444	0.0001275
31445	0.0102463953
31446	0.0006909091
31447	0.00044
31448	0.0013633824
31450	0.0552626744
31451	0.00063
31452	0.0277251163
31453	0.0496076744
31454	0.0031036905
31455	0.0003135897
31457	0.0849894186
31458	0.0520840698
31459	0.0163610465
31461	0.0009585714
31462	0.005478
31463	0.000013
31465	0.001642907
31466	0.0167716279
31467	0.00058
31468	0.0140331395
31469	0.0031436145
31470	0.000486
31471	0.00035
31472	0.0003907692
31473	0.0004332558
31474	0.0203994186
31475	0.000344
31476	0.0018118605
31477	0.0002338462
31478	0.0026786111
31479	0.0003194186
31480	0.000426
31481	0.0184674074
31482	0.0005065385
31483	0.2670990698
31484	0.00005
31485	0.0001352
31486	0.005385
31487	0.006568
31488	0.0007330233
31489	0.0018705634
31490	0.0005167347
31491	0.4782706977
31492	0.0087062338
31493	6.86046511628E-05
31495	0.0003919512
31496	0.0004171429
31497	0.0018082558
31498	4.67647058824E-05
31499	0.0003966667
31500	0.0002491429
31501	0.0037882558
31502	9.10465116279E-05
31504	0.0006928235
31505	0.0010575556
31506	0.0004865385
31508	0.0048601163
31510	0.0012327083
31511	0.0139426744
31512	0.0003042857
31513	6.86046511628E-05
31514	0.0003593548
31515	0.0004069697
31516	0.0017166279
31517	2.32558139535E-05
31518	0.0636873256
31521	0.0557933721
31522	0.00036875
31523	0.0009563889
31524	0.0010401316
31525	0.0001140698
31526	0.0017166279
31527	0.0013693023
31529	0.0015358571
31531	4.53488372093E-05
31533	4.67647058824E-05
31535	0.00026
31537	0.005478
31538	0.0096751163
31539	0.0002511628
31540	6.86046511628E-05
31541	0.0314905814
31542	0.0004691667
31543	0.0001940698
31545	0.0093170588
31546	0.0003646667
31548	0.0016478481
31549	0.002199186
31550	0.0008019403
31551	0.0040483721
31552	6.67142857143E-05
31553	0.0029783333
31554	0.0001316667
31555	0.005478
31556	0.0160640698
31557	0.3509388372
31558	0.0004822414
31559	2.02380952381E-05
31560	0.00017
31561	0.0003235294
31563	0.0313530233
31564	0.0625690698
31565	0.0090907792
31566	0.000298125
31567	0.0005744444
31568	0.001162125
31569	0.0001368605
31570	0.001117907
31571	0.000594
31572	2.32558139535E-05
31573	0.0005759459
31574	0.0009485507
31575	0.005478
31576	0.00016
31577	0.000396
31578	0.0254236047
31579	0.0061377907
31581	0.00068
31582	0.0000325
31584	0.00146
31585	0.0006025581
31587	0.0022308974
31588	0.026352907
31590	0.0017745
31592	0.0004643284
31593	0.0014713953
31594	0.000479375
31597	0.0004382222
31598	0.0003013953
31599	0.0006247368
31600	0.000797
31601	0.00198125
31604	0.000495
31605	0.00030625
31608	0.0003980645
31609	0.0002277907
31610	0.0004188889
31611	0.000601
31612	0.0647827907
31613	0.00004
31614	0.0010155814
31615	0.0005545455
31617	0.0003886047
31619	0.0003738462
31620	0.0008432558
31623	0.0445528049
31626	0.0001677778
31627	0.000164
31628	9.10465116279E-05
31630	0.00038375
31631	0.0007826027
31633	0.00076125
31634	0.0139707595
31635	0.0003013953
31637	0.0040368605
31640	0.0003163889
31642	0.0010155814
31643	0.0017167143
31645	0.0017167143
31647	4.53488372093E-05
31648	0.005478
31649	0.1757410465
31650	6.15789473684E-05
31651	0.0277251163
31652	0.0001368605
31653	0.0008898837
31655	0.0001811111
31657	0.0018484884
31658	0.0862074118
31659	0.2578619767
31660	0.0452640964
31661	0.0003013953
31662	0.0004702381
31664	0.000522907
31665	0.000621
31666	0.00034125
31667	0.0001823256
31668	0.100850814
31669	0.0001140698
31670	0.0041526744
31671	0.001164186
31672	0.026352907
31674	0.0169318605
31675	0.0162134483
31676	0.0007927907
31677	0.0004
31678	0.0036286047
31679	0.011752907
31680	0.0002688889
31682	0.1336751163
31684	0.0656976744
31685	0.0001594186
31686	0.0007287931
31687	0.0020305814
31688	0.0116230233
31689	0.0014405814
31690	0.000405
31691	4.53488372093E-05
31692	0.0004681395
31693	0.0003013953
31694	0.0007648837
31695	0.0013031765
31696	0.0037212048
31697	0.0152884884
31698	0.1299531395
31699	0.0013031765
31700	0.0020081395
31702	0.0013031765
31703	0.0100175581
31704	0.0002280769
31705	0.0000325
31706	0.0003982353
31708	0.026352907
31709	0.0001140698
31710	0.005478
31711	0.0008019403
31712	0.0031398734
31716	0.00055625
31717	0.0003662857
31718	0.0017769767
31719	0.011752907
31720	0.0153317722
31721	0.0008095833
31722	0.0084203488
31724	0.000298
31725	0.0004079412
31726	0.0030137209
31727	0.001038209
31728	0.0004598837
31729	0.0120026744
31730	0.0621812791
31731	0.0303034884
31732	0.0004483333
31733	0.0003269565
31736	2.32558139535E-05
31737	0.0001461538
31738	0.0002791667
31739	0.0004925
31740	4.53488372093E-05
31741	0.0012475342
31742	0.0002875
31743	0.0006024242
31744	0.0007070833
31746	0.0085115116
31747	0.000900814
31748	0.0189012941
31750	0.001356
31751	0.0489116279
31752	0.0008388235
31753	0.0489116279
31754	0.0046531395
31755	0.00123
31756	0.0489116279
31758	0.0102463953
31759	0.0005816176
31760	0.000385
31761	0.3977755556
31762	0.0004810526
31763	0.000745
31764	0.0489116279
31765	0.0139383636
31766	0.0489116279
31767	0.0033539535
31768	0.0016190909
31769	4.53488372093E-05
31770	0.000013
31772	0.0007957778
31775	0.0003714286
31776	0.0227584884
31777	0.0008204651
31779	0.0025856977
31780	0.0029214634
31781	0.2895622093
31782	0.0002133333
31783	0.0013476471
31784	0.0019236842
31785	4.67647058824E-05
31788	0.006239125
31789	0.005637381
31790	0.0060717647
31791	0.0000145
31793	0.0003684884
31794	8.265625E-05
31795	0.0006025581
31796	3.22950819672E-05
31797	0.0022359302
31798	0.0006156977
31799	8.7701615116
31800	0.0002475
31801	0.000707
31802	0.0013966279
31803	0.0013674419
31804	0.0001242647
31805	0.005478
31806	0.0001564706
31807	0.3138111628
31808	0.0489116279
31810	0.0050765789
31811	0.00049
31812	0.0037287209
31813	0.005478
31814	0.0024417442
31815	0.0003013953
31816	0.000165
31817	0.0719248837
31818	0.0014744186
31819	0.005478
31820	0.005478
31821	0.000425
31822	0.0891406977
31824	0.0047978049
31825	0.0004070833
31827	6.86046511628E-05
31828	0.0073854118
31829	0.0004109302
31831	0.000176
31832	0.0007904478
31833	0.7976683721
31834	0.0012898824
31835	0.0003164286
31836	0.000459375
31837	9.10465116279E-05
31838	0.0006581818
31840	0.0137959302
31841	0.0004263953
31842	0.0006393023
31844	0.2058433721
31845	0.135029186
31847	0.0274513953
31852	0.0003923529
31853	0.0059323256
31854	0.0007295775
31855	0.0120548837
31856	0.0002177778
31857	0.0287288372
31858	0.0001633333
31859	0.0009538571
31860	0.0183234884
31861	0.0004785714
31862	0.0005716667
31863	0.0002944444
31865	0.010547907
31866	0.0032560256
31868	0.0006541667
31869	0.0028532609
31871	0.0003612
31873	0.000116
31874	0.000346
31875	0.0005590909
31876	4.53488372093E-05
31877	0.0005565882
31878	0.0001411111
31879	0.001757093
31880	0.0729981395
31881	0.0005303704
31882	0.0003160714
31883	0.0558139216
31884	0.0015914286
31885	1.66666666667E-05
31886	0.0004903774
31888	0.0009415909
31889	3.22950819672E-05
31890	0.026352907
31891	0.0021171795
31892	0.001117907
31893	0.0004956
31894	0.0008103226
31896	0.005677907
31897	0.0230765116
31898	0.00018375
31899	6.86046511628E-05
31901	0.0274243023
31902	0.00052875
31905	0.0105282278
31906	0.0489116279
31907	0.00035275
31908	0.0489116279
31910	0.0489116279
31911	0.0003604
31912	0.0008322093
31914	0.0489116279
31915	0.0489116279
31917	0.0012083784
31918	0.068905
31920	0.0180265116
31921	0.0008336047
31922	0.0002517647
31923	0.0005727083
31925	0.0004334783
31926	0.0009746512
31927	0.0048960976
31929	0.0002464286
31930	0.000710625
31932	0.0005345783
31935	0.0108474419
31936	0.0002745455
31937	0.149979186
31938	0.0087834375
31940	0.0012470213
31941	0.000215625
31942	0.000234375
31943	0.0004364286
31944	0.00054375
31945	0.0003024096
31947	0.0032998837
31948	0.000944
31949	0.0001594186
31950	0.0002540698
31951	0.0125956977
31952	0.0006589286
31954	0.0003828125
31955	0.0100175581
31956	0.0164984884
31957	0.00044
31958	0.0008444186
31959	0.0016775325
31961	0.0002809524
31964	0.0004451724
31966	9.10465116279E-05
31967	0.0014023288
31968	0.001597093
31969	5.71111111111E-05
31970	0.000147
31971	0.0005935714
31972	0.0002477612
31973	0.0005445
31975	0.0015573494
31978	0.0029917568
31979	0.0033354651
31980	0.0003464706
31984	0.0005587879
31985	0.0002863158
31986	0.0022367949
31987	0.0027153488
31989	0.0010751163
31990	0.0061613953
31991	0.0008336047
31992	0.0021223256
31993	2.32558139535E-05
31995	0.0003336
31996	0.005522093
31997	0.0002797059
31999	0.0060396203
32000	0.000485
32002	0.0120548837
32003	0.000572
32004	0.000013
32005	0.0003082353
32006	0.007575814
32007	0.0003013953
32008	0.0005907353
32009	0.0002277907
32011	0.002732907
32012	0.0003013953
32013	0.000461875
32014	0.0052206122
32016	0.000743125
32017	0.0011084058
32018	0.0009667105
32019	0.0030116279
32020	0.0002433333
32021	0.0003461111
32022	0.008037093
32023	0.0391780233
32024	0.000590814
32025	0.0070512048
32026	0.0010062069
32027	0.000677907
32029	0.1676989535
32030	0.0001461538
32031	0.0005771429
32032	0.0001140698
32035	0.0003013953
32036	0.0005060714
32037	0.0011219718
32039	0.007445
32040	0.0016257143
32042	0.0062132143
32044	0.0005097143
32045	0.0008259302
32046	0.0001823256
32047	0.0053197826
32048	0.0008733333
32049	0.0003687097
32051	0.0004731034
32052	0.0005019767
32053	0.0002966667
32054	2.32558139535E-05
32055	0.0020539535
32060	0.0005432609
32061	0.0038990625
32063	0.00028375
32064	0.0497693023
32066	0.0489116279
32067	0.0058194186
32068	0.0005251163
32069	0.0009233333
32070	0.0001461538
32071	0.0008204651
32072	0.0042298837
32073	0.000013
32074	0.0004332558
32076	0.1001745349
32077	0.0002705556
32078	0.0103140698
32079	0.0047043421
32080	0.0014373256
32081	0.0010107407
32083	0.00014
32084	0.0003744444
32085	0.0009073171
32086	3.22950819672E-05
32087	0.0081368605
32088	0.0093659375
32089	0.0005816667
32090	0.001579186
32091	0.0005434211
32092	0.0005761538
32094	0.0002436923
32095	0.0002475
32096	0.0641913953
32097	0.0011409302
32098	0.00042
32099	0.000262
32100	0.0007298837
32101	0.0313523611
32102	0.0003013953
32103	0.026057907
32105	0.0003340625
32107	6.86046511628E-05
32108	0.0030453488
32109	0.0005484127
32110	6.86046511628E-05
32111	0.0002021429
32112	0.0004582609
32114	0.0002142553
32118	0.1303865116
32120	0.0007656164
32121	0.0019174419
32122	0.0020766279
32123	2.32558139535E-05
32124	0.0011752308
32126	0.00224
32127	6.67142857143E-05
32130	0.0008864583
32131	0.0021038776
32132	0.0208482716
32133	9.10465116279E-05
32134	0.00017875
32135	0.0005037209
32137	0.0002511628
32138	0.0004017391
32139	0.0001775
32140	0.00021
32141	0.000261875
32142	0.0010695588
32145	0.005478
32146	0.0006066038
32147	0.0179361628
32149	0.0133241176
32150	0.0434819767
32151	0.0008386047
32152	0.0031128125
32153	0.0005995652
32154	0.0004450746
32155	0.00038625
32157	0.0004923684
32158	0.0051493902
32159	0.0003166667
32160	0.0090156977
32161	0.0091734884
32162	0.0073474419
32163	0.0014776829
32164	2.32558139535E-05
32165	0.0210955814
32166	0.002199186
32168	0.0038348837
32169	0.00005
32170	0.0002738372
32171	0.2652036047
32172	0.0745428571
32173	0.0001828571
32174	0.0038733333
32175	0.00028125
32177	0.0037526667
32178	0.0032226829
32179	2.32558139535E-05
32180	0.0120089873
32181	0.000389
32182	0.0001217647
32183	0.0006095349
32184	0.0489116279
32185	0.0001594186
32187	0.0489116279
32189	0.001117907
32190	0.000187
32192	0.0013162353
32194	0.0075690698
32195	0.0209246512
32196	8.40697674419E-05
32197	0.0087856977
32198	0.0202498837
32201	0.0009436111
32202	2.32558139535E-05
32203	0.00328
32204	0.005478
32205	0.0006025581
32207	0.0007646429
32208	0.0004853846
32209	0.0012389744
32212	0.000292
32213	0.0036745946
32214	0.0031486047
32215	0.0120548837
32216	0.0026786111
32217	0.0013985526
32218	0.005478
32219	2.1052169767
32221	0.0005733333
32223	0.0007298837
32224	0.0007262353
32225	0.00036
32227	0.0018331944
32228	0.0003870909
32229	0.0041897101
32231	0.0017113953
32232	0.000906
32233	0.0008019403
32235	0.0004632
32236	0.0194869767
32237	0.0007892982
32238	0.000354
32239	0.0001140698
32240	0.0009124419
32241	0.0276424419
32242	6.86046511628E-05
32243	0.005478
32244	0.0100001163
32245	0.0004109302
32246	0.0033033721
32247	0.005478
32248	0.000708209
32249	0.0165753488
32250	2.32558139535E-05
32251	0.001329589
32252	0.0003275
32253	0.0113068571
32254	0.005478
32256	0.1132956977
32258	0.2189047674
32259	0.0005184615
32261	0.1421356977
32262	0.0269947674
32263	0.0002876923
32264	0.0054994186
32266	0.0012346914
32267	0.001264
32268	0.0016168605
32269	0.0009796552
32270	0.955075814
32272	0.0013707229
32276	0.0004786047
32277	0.0075065882
32278	0.0279754651
32279	0.0009124419
32280	0.1570380233
32281	0.0007104167
32282	0.0010987324
32283	0.00029
32284	0.0058794118
32285	0.0489116279
32287	0.005270814
32289	0.0489116279
32290	0.0489116279
32292	0.0489116279
32293	0.0489116279
32294	0.0489116279
32295	0.0022818605
32296	0.0017113953
32297	0.0003127273
32298	0.0076814865
32299	2.32558139535E-05
32300	0.0307153488
32302	0.0010168657
32303	0.0019719048
32304	0.0012044186
32305	0.0489116279
32306	0.0001870588
32307	0.0007864286
32309	0.0489116279
32310	0.0115577907
32313	0.0006928235
32314	0.0007259375
32315	0.0003013953
32316	0.0052026744
32318	4.67647058824E-05
32319	0.001935
32323	0.0001803226
32324	0.0118945833
32325	0.0008432558
32326	0.0003425581
32327	0.0006221429
32328	0.0004148837
32329	9.10465116279E-05
32330	0.0001557143
32331	5.71111111111E-05
32332	0.0006681395
32333	0.0018014583
32335	0.0032431579
32336	0.0701851765
32338	0.0003013953
32339	0.0144676744
32340	3.22950819672E-05
32341	0.000989375
32342	0.0003115789
32343	0.0489116279
32344	0.000389
32345	0.0028763953
32346	0.0489116279
32348	0.0006025581
32349	0.0489116279
32350	3.22950819672E-05
32351	0.0005063636
32352	0.0003305128
32354	0.02987
32355	0.0001594186
32356	0.0105883721
32357	0.0004741667
32358	0.0005718182
32362	0.0008444186
32363	0.0013162353
32364	0.0005
32366	0.0247586047
32368	0.0017695062
32370	0.0003389474
32371	0.1928193023
32372	0.00394575
32374	0.000040303
32375	0.00048875
32377	0.0102463953
32378	0.0008336047
32379	0.000317973
32383	0.000351087
32384	0.0121401163
32385	0.0003565714
32386	0.0003425581
32387	0.0005273529
32388	0.0010585185
32389	0.00023
32391	0.0121293671
32393	0.0013162353
32394	0.0051604651
32396	0.0602380233
32397	2.32558139535E-05
32398	0.0002277907
32399	0.0252826744
32401	0.0022588372
32402	0.000489
32404	0.0030137209
32405	0.001132907
32406	0.0003013043
32407	0.0020305814
32408	0.0003489474
32409	0.0017466667
32410	0.0012567442
32411	0.002733375
32412	0.0009195833
32413	0.0007553731
32414	0.0050197674
32415	0.0117688372
32416	0.1502362791
32418	0.0244104651
32419	0.1138744186
32421	0.0024091667
32422	0.0003733333
32423	0.0065675
32424	0.005478
32425	0.0029612791
32426	0.0003464
32428	3.22950819672E-05
32430	0.001268
32431	0.521672093
32432	0.0005383333
32433	0.0010348387
32434	0.0004415385
32435	0.000205
32436	0.0005027273
32438	0.0489116279
32439	0.0004753846
32440	0.0003813462
32441	0.0489116279
32446	0.0489116279
32447	0.0033754054
32449	0.0011772727
32451	0.00041
32452	0.0053631481
32453	0.1201626744
32456	0.0010333333
32457	0.0002569231
32458	0.00017
32459	0.0658793023
32460	0.0160640698
32462	0.0009442424
32463	0.0004157143
32468	0.0004113636
32469	0.0017729487
32470	0.0120548837
32471	0.0168953012
32472	0.0049094186
32473	0.0012098837
32474	0.0010493023
32475	0.005478
32476	0.0256674118
32477	0.0019398837
32478	0.0141613095
32480	0.0002710465
32481	0.00122
32482	0.00151625
32483	2.32558139535E-05
32484	2.32558139535E-05
32486	5.71111111111E-05
32488	0.0002733333
32489	0.00025
32490	0.0003138462
32491	0.0003659375
32492	0.0006696429
32493	0.0003259091
32494	0.0012534667
32496	0.1240434884
32497	4.53488372093E-05
32498	0.00049
32499	4.53488372093E-05
32501	0.0002967442
32502	0.001048
32503	0.000246
32504	0.0120548837
32505	0.0006133333
32506	0.0059974419
32507	0.0003764286
32509	0.001255
32510	0.0012718919
32512	0.0134519767
32513	0.000131875
32514	0.0001368605
32515	0.0012157143
32516	0.0003341176
32517	0.0005333333
32518	0.000185
32519	0.0595615116
32520	0.0011729032
32522	0.0019624419
32524	0.0202752703
32525	0.0023537209
32528	0.0159495349
32530	0.00004
32531	0.000446875
32532	0.0104512791
32533	0.0381565116
32534	0.0083739535
32538	0.284435814
32540	0.0029061538
32541	0.0003255556
32542	0.0005112963
32543	0.0005202564
32544	0.0005918182
32545	0.0000375
32549	4.53488372093E-05
32553	0.005385
32554	0.0003830303
32555	0.0008412791
32558	0.0015989831
32560	8.66666666667E-05
32561	0.0367553488
32563	0.0005816176
32566	0.000752
32568	0.0003656977
32570	0.0031946512
32571	0.0004572
32572	0.0037474419
32573	0.0001461538
32574	0.0162696512
32575	0.0355365116
32576	0.0098576744
32577	0.003650814
32578	0.001196
32579	0.0019854651
32580	0.0023689535
32581	0.0029612791
32582	0.0017143023
32583	0.4117487209
32584	0.0542609302
32585	0.0012605556
32587	0.0489116279
32588	0.0161157407
32589	0.0002541667
32590	0.0489116279
32591	0.0005005263
32593	0.0007958621
32594	0.0006290141
32595	0.0111504651
32596	0.0137303797
32598	0.0001033333
32599	0.2302087209
32600	0.0001823256
32601	0.005478
32602	9.10465116279E-05
32603	0.0026831646
32604	0.0002140426
32606	0.0004867273
32607	0.0070052326
32609	0.0010181944
32611	0.0121163953
32613	0.0003058621
32614	0.003262907
32617	0.0004885484
32618	0.0002779412
32619	0.0000575
32621	0.0008322093
32624	0.0248734884
32625	0.0001140698
32626	2.32558139535E-05
32627	0.0340754118
32629	0.0006792105
32630	0.0151576744
32631	0.0013227778
32633	0.0005325
32634	0.0004217073
32635	0.0003013953
32636	0.005478
32637	0.0013130233
32638	0.0013073256
32640	0.1820397674
32641	0.0003013953
32643	0.0013823077
32644	0.0008829851
32645	0.00067175
32646	0.0001696512
32647	0.005478
32648	0.0007082927
32650	0.0004152174
32651	0.0996917857
32652	0.0003112121
32654	0.0014673611
32655	0.0008444186
32656	0.0001594186
32657	0.0072327907
32659	0.0403836047
32660	0.0031472093
32661	0.0003385714
32663	0.0011409302
32664	0.005478
32666	0.000145
32667	6.86046511628E-05
32668	4.53488372093E-05
32670	0.0006393023
32673	0.0205749383
32674	0.000375
32676	0.005478
32677	0.0008274138
32678	0.000145
32679	0.0036163953
32681	0.0635269767
32682	0.0004792424
32683	0.0098576744
32684	6.86046511628E-05
32685	0.0144676744
32686	0.0006270588
32687	0.0031357692
32688	0.0017618571
32689	0.0007476
32690	0.0131883529
32692	0.0053303488
32693	0.0112582558
32695	0.000317619
32696	0.2104965116
32698	0.0076068675
32699	0.0011852326
32700	0.0006025581
32703	0.0002631579
32704	0.0007225
32705	0.0011765116
32706	0.0002233333
32709	0.0005226087
32710	0.0011644444
32712	4.53488372093E-05
32714	0.002837093
32715	0.4781490698
32716	0.0013267442
32717	0.0002171429
32718	0.0006110526
32719	0.00045
32720	0.0043151163
32721	0.0127683529
32722	0.017956506
32723	0.0002738372
32724	2.32558139535E-05
32725	0.0172227059
32726	0.0031183721
32727	0.0004733333
32728	0.0017033333
32733	0.0003522857
32734	0.1273716279
32735	0.023024186
32736	0.0524822093
32737	0.0010383824
32738	0.0001957143
32739	0.0011863953
32740	0.0004894737
32743	0.0004362745
32744	0.0009386301
32745	0.0017045333
32746	0.0056590698
32748	0.0006181034
32749	3.22950819672E-05
32750	0.0010821429
32751	0.0003183333
32753	0.0026695349
32754	0.0489116279
32757	0.0005433333
32758	0.0004780556
32759	0.0003716667
32760	0.000227
32762	0.0489116279
32763	0.0003886047
32764	0.005478
32765	0.0369966265
32766	0.0004158974
32768	0.000735
32770	0.0005083673
32771	0.0024053333
32772	0.0041526667
32773	0.0011411475
32774	0.0083283721
32776	0.0003551613
32778	0.0005625
32779	0.005478
32780	0.003734125
32781	0.0040286301
32782	0.0007186486
32784	0.0028127632
32789	1.30769230769E-05
32790	0.0043123256
32791	0.005478
32792	0.0205235714
32793	0.000685122
32794	0.0004427778
32795	0.0002344
32796	0.1571953488
32797	0.000326087
32798	0.0009
32800	0.0010683333
32801	0.1138437209
32804	0.0030573684
32807	0.0002663636
32808	0.0002773529
32809	0.0004072222
32810	0.0003886667
32812	0.0005019767
32814	0.0003767742
32815	0.0719702326
32822	0.0001
32823	0.0011628571
32824	0.0328482143
32825	0.0021093333
32827	0.0021675581
32828	0.0201723256
32830	0.0333384884
32831	0.0065257143
32832	0.0005596
32833	0.0015926
32836	0.0002341667
32837	0.0020051807
32839	0.0004993103
32843	0.0010768571
32844	0.0007531395
32845	0.005478
32846	0.1386846512
32848	0.0090816279
32850	0.00057125
32851	2.32558139535E-05
32852	0.0056290698
32853	0.0001371429
32854	0.0033156977
32855	0.0050760465
32856	0.0375117308
32857	0.0099493023
32859	0.0086545455
32862	0.0009112791
32863	0.005478
32864	0.0001925
32867	6.67142857143E-05
32868	0.0009658537
32869	0.0004066279
32870	0.0005744444
32871	0.026352907
32873	0.0041453488
32874	0.0102976812
32876	0.0032147674
32877	0.0008732759
32879	0.0004528571
32880	0.0009145902
32881	0.0008446667
32882	0.0350266279
32883	2.32558139535E-05
32885	0.0033797674
32887	0.0003805263
32888	0.0026227907
32889	0.0000175
32890	0.0003473077
32892	0.011752907
32894	0.0102463953
32895	0.0005019767
32896	0.005478
32898	6.67142857143E-05
32899	0.0005271212
32900	0.2748444186
32901	0.0004207692
32902	2.32558139535E-05
32903	0.000475
32904	0.0027290698
32906	0.0095488372
32907	0.0001160976
32908	0.001597093
32909	0.0003656977
32910	0.0040387209
32911	0.0002693548
32916	0.0066632558
32919	0.00071
32920	0.0001140698
32921	0.000136
32922	0.0067198485
32923	0.1549525581
32924	0.0201034884
32926	0.0051764103
32927	0.005478
32931	0.0014521739
32932	0.0018072093
32933	0.0006307692
32934	0.2693579592
32936	0.0037864286
32940	8.28571428571E-05
32941	0.0001594186
32942	0.0005933721
32943	0.0003958333
32944	0.098902907
32946	0.0023732558
32947	0.0012898824
32948	0.000096
32949	0.0067650588
32951	0.0003808889
32952	0.023572093
32953	0.0002163636
32954	9.10465116279E-05
32955	0.0053393023
32957	0.0013452
32960	0.0149689535
32961	0.0004430435
32962	0.0006363636
32963	0.012724
32964	4.53488372093E-05
32965	0.0604082558
32966	0.0003813333
32967	0.0017060811
32968	0.0021097674
32970	0.0010992308
32971	4.53488372093E-05
32972	0.0002436923
32973	0.0039248837
32975	0.000138
32977	0.0074138889
32978	0.0001963158
32979	0.0668148837
32980	0.0579698837
32983	0.00021
32984	9.10465116279E-05
32985	0.0349347674
32987	0.000322963
32988	0.0018031395
32989	8.66037735849E-05
32990	0.0002183333
32992	0.0003403704
32993	0.0010471212
32994	0.0011825
32995	0.000258
32997	0.0003055102
32998	0.0004811765
32999	0.000715
33000	0.0074232558
33001	0.0028294186
33002	0.0003180488
33004	0.0185167105
33005	0.00051
33006	0.0024539535
33007	0.0002159091
33009	5.70212765957E-05
33014	0.0027219178
33015	0.0174271429
33016	9.10465116279E-05
33017	0.0034686047
33019	0.000205
33021	0.0004544186
33022	0.0008875
33023	0.0005731081
33025	0.000385
33026	0.0010493023
33028	0.0066255814
33029	0.0006825455
33030	0.0001666667
33031	8.66037735849E-05
33034	0.0064295349
33037	0.000214
33038	0.0129152326
33039	0.0145388889
33041	0.0002809091
33042	0.0010539437
33043	0.0005028571
33044	0.0039897674
33045	0.0003940741
33046	0.19036
33047	0.0001594186
33048	0.0008618605
33049	0.0001368605
33051	0.0020081395
33053	4.67647058824E-05
33054	0.0003445614
33056	0.0008322093
33058	0.0003495
33060	0.0207945349
33062	0.0006652174
33063	0.0003433333
33064	0.0003013953
33066	0.0003830303
33067	0.1678046512
33069	0.0003026087
33071	0.0004886957
33072	0.0003822581
33073	2.32558139535E-05
33074	0.1870611628
33075	0.0015458667
33077	0.0005332432
33078	0.00143
33079	0.011752907
33082	7.88888888889E-05
33083	0.0084975
33087	0.0036366129
33088	0.0008247222
33090	0.0003713333
33094	0.0002336
33096	0.0036803488
33098	0.086572907
33100	0.026352907
33101	1.84615384615E-05
33102	0.0018611628
33103	0.0019224096
33106	0.0877121176
33107	0.0017113953
33108	6.1907025581
33109	0.0001594186
33111	6.86046511628E-05
33112	0.0233105814
33113	0.0022264
33114	0.0005917647
33115	0.0043775581
33116	0.0019390541
33117	0.0027
33119	0.0002829412
33120	0.0009584884
33121	0.0392403529
33122	5.47674418605E-05
33123	0.0122439024
33125	0.00038
33126	0.0116006977
33127	0.0030248837
33128	0.0007216667
33129	0.0043501163
33130	0.0059677907
33132	0.0026702326
33133	0.0024184211
33134	0.0933180233
33135	0.007330814
33136	0.0370698837
33137	0.0022963953
33138	0.0004104167
33139	0.0227781395
33140	0.001102093
33141	0.001192907
33142	0.0669572093
33143	0.0026438372
33144	0.0002074419
33145	0.0023880233
33146	0.0004142857
33147	0.0003018919
33149	0.0002153125
33151	0.0001266667
33153	0.0005724419
33154	0.0112901163
33156	0.0014912791
33158	0.0014054651
33160	0.0018367073
33162	0.0042604651
33163	0.001892973
33165	0.0008519767
33168	0.0532402326
33169	0.0112582558
33173	0.0047143023
33174	0.0037332558
33176	0.0060765116
33177	0.0031332941
33178	0.0032625
33182	0.0139837209
33183	0.0009704
33184	0.0010361628
33185	0.0070581395
33187	0.0030038372
33188	0.0027519767
33189	0.0048675581
33190	0.0048777907
33192	0.1872087209
33193	0.0339816279
33194	0.0006432558
33195	0.0002178571
33197	0.0059406977
33198	0.0630228916
33199	0.002815
33200	0.0116402381
33201	0.0013312
33202	0.0014497674
33203	0.0545636905
33204	0.00187
33205	0.001102093
33207	0.0058767797
33209	0.0005186
33212	0.0778725581
33213	0.00028
33215	0.0028054321
33216	0.011002
33222	0.0020875581
33223	0.0112051163
33224	0.0054497674
33225	0.019102907
33226	8.87804878049E-05
33228	0.01973
33230	0.0586981013
33231	0.0037054651
33232	0.0002104444
33234	0.0076231707
33235	0.0054086747
33236	0.0016531395
33237	0.0043501163
33238	0.0377027907
33240	0.0036246512
33241	0.0157975581
33243	0.0013468605
33245	0.0001840698
33247	0.0156406977
33248	0.0013895349
33249	0.0030816981
33250	0.0008285526
33251	0.2264032558
33252	0.0005088889
33253	0.0004140698
33254	0.0003154545
33255	0.1416337209
33256	0.000409186
33257	0.0002706667
33258	0.0012359302
33267	0.0006913793
33268	0.0229183721
33269	0.0076244048
33270	0.0099194186
33271	0.0016830612
33273	0.2291443023
33274	0.0005064516
33275	0.000639186
33276	0.026217093
33279	0.000027093
33280	0.00013
33282	0.0006371429
33283	0.0327895349
33284	0.08159
33285	0.0045923256
33286	0.0011077907
33287	0.0011718605
33288	0.0507913953
33290	0.0076817647
33291	0.0007916327
33292	0.0076652326
33293	0.0015537209
33294	0.0022963953
33295	0.0016531395
33297	0.0083442857
33298	0.1559915116
33300	0.0029004651
33301	0.0146594186
33302	0.0092762791
33303	0.0026638372
33304	0.0003557895
33305	0.0007251163
33307	0.0027694186
33309	0.0038968605
33310	0.0002074419
33311	0.0039515116
33312	0.0017982558
33314	0.0013690625
33315	0.0025386957
33317	0.0162683721
33318	0.0025995833
33320	0.0105648837
33321	0.0002726744
33322	0.0013821127
33323	0.0370218605
33324	0.0013916667
33325	0.028204186
33326	0.0020437209
33327	0.0002165714
33329	0.0008181395
33330	0.0008266279
33331	0.001379
33334	0.000305625
33336	0.0008190625
33337	0.0071466279
33338	0.0017453488
33339	0.0043165116
33341	0.015505814
33342	0.0022043023
33343	0.0012880769
33345	0.0008181395
33346	0.0054189535
33348	0.000315625
33349	0.0010355814
33351	0.0216754651
33353	0.014007093
33354	0.00022875
33356	0.0457494186
33358	0.013925
33359	0.0304933721
33360	0.0025404819
33361	0.0023880233
33363	0.0117988372
33364	0.0125260465
33365	0.0010101163
33367	0.0009380233
33368	0.00028
33369	0.0004261628
33371	0.0054776744
33374	0.000515625
33376	0.001102093
33377	0.0022790698
33378	0.0007083721
33379	0.0127812791
33380	0.0002993103
33381	0.0075117391
33382	0.0018327083
33383	0.0016531395
33384	0.0005965116
33385	0.0043972
33386	0.0024798837
33387	0.0021746512
33388	0.0015384483
33389	0.0004223529
33390	0.0023168605
33391	0.0014697674
33392	0.005040814
33393	5.7872961628
33394	0.0019290698
33397	5.47674418605E-05
33398	0.0001521053
33400	0.0161588372
33401	0.0023168605
33404	0.0003133333
33405	0.000421087
33406	0.0002278824
33407	0.0064296512
33408	0.0005965116
33409	0.0038094872
33410	0.0002804444
33411	0.002897093
33412	0.002780814
33415	0.0011173256
33417	0.0004261628
33420	0.0026359259
33421	0.0009375581
33422	0.0327895349
33423	0.000639186
33424	0.0181838095
33425	0.0043501163
33427	0.0020975581
33428	0.0164566667
33430	0.003122907
33432	0.0088173256
33433	0.0030038372
33434	0.0107722093
33439	0.06733
33440	0.0024058537
33441	0.000518
33442	0.0002178571
33443	0.000611
33445	0.0002330952
33447	0.0010783333
33448	0.0023168605
33450	0.0010243373
33451	0.0127812791
33452	1.4044748837
33455	0.0133537209
33456	0.000493617
33457	0.0172769767
33460	0.00065
33462	0.0003361111
33463	0.0078233333
33465	0.0007360465
33466	0.0006533333
33468	0.0535476744
33469	0.000027093
33470	0.00014
33471	0.0006546512
33473	0.0004966667
33474	4.60759493671E-05
33475	0.0011842105
33476	0.0050753488
33477	0.0012032432
33481	0.1578554651
33484	0.0006546512
33485	0.0036213953
33488	0.1672410465
33489	0.00028
33491	0.0020304878
33492	0.0002074419
33493	0.0004529412
33496	0.00220875
33497	0.001280814
33499	0.0107394937
33503	0.3074126744
33506	0.0001840698
33507	0.0005233333
33511	0.0013468605
33512	0.0001454545
33513	0.0014988372
33514	0.0011987209
33515	0.2122639535
33516	0.1422259302
33518	0.0001909302
33519	0.0028338372
33522	0.0117988372
33523	0.0023859302
33525	0.0099737209
33526	0.0030535294
33527	0.0192663953
33528	0.00069
33529	0.0653625581
33530	0.0021123256
33531	0.0027048
33532	0.0025073256
33533	0.0256444186
33534	0.8253581395
33538	0.0570150588
33541	0.0024798837
33542	0.0005290698
33544	0.0746717442
33545	0.0044540698
33546	0.0006404878
33548	0.0022043023
33550	0.0006266279
33554	0.0002175862
33555	0.0009002703
33557	0.001242907
33558	0.0156361628
33561	0.0008144615
33563	0.0009036508
33564	0.0032146512
33565	0.0032146512
33568	0.0003775
33569	0.0026161628
33570	0.0019675581
33571	0.0034940698
33572	0.00007
33573	0.1315466279
33574	0.0005474468
33575	0.005694186
33577	0.0593148837
33579	0.0004587209
33580	0.0009796512
33581	0.0209354545
33582	0.00043875
33584	0.076855814
33586	0.0017485366
33587	0.0122702703
33589	0.0013245946
33590	5.47674418605E-05
33591	0.0126716279
33594	0.0013468605
33595	0.0110418987
33596	0.0012967606
33598	0.0006815116
33599	0.001242907
33602	0.013775814
33604	0.0019675581
33606	0.0031612791
33608	0.0001354286
33610	0.0021248837
33611	0.0006812791
33613	0.007259589
33615	0.0105539286
33616	0.0094834884
33618	0.1356028235
33620	0.0067052326
33621	0.0028067442
33622	0.0053274419
33624	0.0002671429
33625	0.0018743023
33627	0.0462915116
33628	0.003122907
33629	0.0037286047
33630	9.17441860465E-05
33631	0.0016624419
33632	0.234410814
33634	0.000027093
33635	0.0008947674
33638	0.0022043023
33640	0.0009186047
33646	0.0207009756
33647	0.0191181013
33648	0.0005511628
33649	0.0174133721
33651	0.0024252326
33652	0.0011280233
33655	0.0121237209
33658	0.0002857143
33659	0.0254012791
33660	0.0261763953
33664	0.0064039535
33665	0.0005965116
33666	0.0016348837
33668	0.0028119767
33669	4.60759493671E-05
33671	0.0008284884
33675	0.0402325581
33676	0.0031612791
33677	0.1529867442
33679	1.7573063954
33681	0.1594876744
33683	0.046019881
33684	0.005033
33685	0.0018508696
33687	0.0005176744
33688	0.0179195349
33689	0.0007277273
33690	0.0029004651
33691	0.0005130909
33693	0.2516848
33695	0.0178847674
33696	0.0012245455
33698	0.001117907
33699	0.0184074419
33700	0.0650826744
33701	0.0361572093
33702	0.0005042857
33703	0.000447381
33704	0.0011565116
33705	0.0004753846
33706	0.0006407813
33708	0.000165
33709	0.0003296
33711	0.0593963953
33712	0.0002981395
33713	0.00028
33714	0.2125209302
33715	0.0003227778
33716	0.0005863953
33717	0.0001886667
33718	0.0108213953
33719	0.0017880233
33720	0.0254122093
33721	0.040614186
33722	0.0010281356
33723	0.0006088889
33724	0.0003509524
33725	0.0003649057
33727	0.000447093
33728	0.0009127273
33729	0.1839223256
33730	0.0027101163
33731	0.0316668605
33732	5.17441860465E-05
33733	0.0011186667
33734	0.0003969767
33735	0.0606645349
33737	0.0007796512
33739	0.0447131395
33741	0.0046797674
33742	0.0002588889
33744	0.0008297778
33745	0.0008491667
33747	0.0025190323
33748	0.0002260526
33749	0.0013153333
33750	0.000213
33751	0.00051
33752	0.0003455952
33754	0.0001865116
33755	0.1455732558
33756	0.2643175581
33758	0.0004143023
33760	0.0003
33761	0.0030267647
33762	0.00069375
33763	0.3013639535
33765	0.0001732558
33766	0.242640814
33767	0.0005212791
33768	0.0001555814
33770	0.0019725
33771	0.0004665854
33772	0.0014498837
33773	0.0005212791
33774	0.0216248837
33775	0.0004389286
33776	0.0003021818
33777	0.0014909302
33778	0.0061367857
33779	0.001519186
33782	0.0003192308
33784	0.5926719767
33785	0.000138
33786	1.2965212791
33787	0.0137118605
33788	0.011723875
33789	0.0521086957
33791	0.0010189535
33792	0.0006733721
33793	0.0040561628
33794	0.0020101282
33795	0.060878
33796	0.0003266667
33798	0.000032
33799	0.9465825581
33800	0.000314
33801	0.0028130233
33802	0.0001032558
33803	0.0010632653
33804	0.0030376744
33806	0.0054402326
33807	0.0002791667
33808	0.0009663953
33809	0.2129419767
33811	0.0057375581
33812	0.0613619149
33813	0.013350137
33814	0.00183375
33816	0.000446
33817	0.0004664706
33818	0.0053851163
33819	0.0007098387
33820	0.0009838095
33822	0.0021612791
33823	0.0003283721
33824	0.0002981395
33825	0.0007233871
33826	0.0066891765
33827	0.0082155814
33828	0.00018875
33829	0.0012805882
33830	0.0019807143
33832	0.0002888889
33833	0.0010706667
33834	8.62790697674E-05
33835	0.0157556977
33836	0.0003304348
33838	0.0049494667
33839	0.0015467949
33840	0.0020079747
33841	0.0007655357
33843	0.0091753012
33844	0.3432122093
33845	0.0135630233
33847	0.0169905814
33848	0.0042483333
33850	0.001188
33851	0.0114768605
33852	0.0003453488
33853	0.0015293421
33854	0.0250388372
33855	0.0005694186
33856	0.0002233721
33857	0.6256726744
33858	0.0008904225
33859	0.0010465432
33860	0.0002986667
33861	0.0004666667
33864	0.0002594118
33865	0.0024677907
33866	0.1003056977
33867	0.00932
33868	0.0320707143
33869	0.0004830233
33870	0.0010510667
33871	0.0735738372
33872	0.0003155814
33873	0.0026517442
33874	0.000447093
33875	7.45348837209E-05
33876	0.0007272727
33877	0.0277967442
33878	0.0004547826
33880	0.0146061628
33881	0.0012841667
33883	0.0005
33884	0.000342
33885	0.0071390476
33886	0.0013882143
33887	0.0001325
33888	0.00042
33889	0.0630045349
33890	9.66666666667E-05
33891	0.2927603488
33892	0.000265
33893	0.00002
33894	0.054287907
33895	0.0001805556
33896	0.0003358974
33897	0.000447093
33899	0.00054
33900	0.0028169643
33901	0.0004657576
33903	0.3714381395
33904	0.1052630233
33905	0.0030201163
33906	0.0008835417
33907	0.0003225
33909	1.77906976744E-05
33910	0.0002845
33911	0.00097
33912	0.00051125
33913	0.00658
33914	0.0054175758
33915	0.1187130233
33916	1.1446715116
33917	0.000018
33918	0.00032
33919	0.0010011628
33920	0.0006665753
33921	0.0006
33922	0.002708125
33923	0.0050672093
33925	0.0415084884
33926	0.0004392308
33927	0.0025292405
33928	0.0017861364
33929	0.0004968182
33931	0.0051491667
33932	0.0299513953
33933	0.0003988235
33934	0.0004370588
33935	0.1076084884
33936	0.0119255814
33937	0.0169905814
33939	0.0002739474
33940	0.005684
33941	0.0008071429
33942	0.0048439535
33943	0.0010156818
33944	0.0005021277
33945	0.0007060417
33946	0.0001338462
33948	0.000196
33949	0.0001283333
33950	0.0006114583
33951	0.0002756977
33952	0.0004253846
33953	0.000265
33954	0.0002093333
33955	0.0006467213
33956	0.0015015116
33957	0.0004021622
33958	0.0003577143
33959	0.0022437209
33960	0.0001490698
33961	0.0003125
33964	0.007513494
33965	0.0001858333
33966	0.0006704651
33967	0.0004057576
33968	0.0006703333
33969	0.0005347674
33970	0.001117907
33971	0.005247093
33972	0.0002366667
33973	0.0010011628
33974	0.000144
33975	0.0072821739
33976	0.0003538889
33977	0.1342880233
33980	0.0169905814
33981	0.0001578824
33982	0.002034321
33983	0.00018
33984	0.0003246667
33985	0.0003347826
33987	0.0032933721
33988	0.0014667442
33989	0.0291105952
33990	0.0008961905
33991	0.0003525
33992	0.00658
33993	0.05917
33994	0.0004472727
33996	0.0031295349
33997	0.00012
33998	0.0040522353
33999	0.0011905814
34000	0.000425641
34001	0.0036131034
34002	0.004935814
34003	0.0002
34004	0.0012437805
34005	0.0004786047
34006	1.77906976744E-05
34007	0.0890132558
34009	0.024102907
34010	3.39534883721E-05
34011	0.0950146512
34012	0.00021625
34013	0.018555814
34014	0.005160814
34015	0.000447093
34017	0.0055018987
34020	0.0002074419
34022	0.00658
34023	0.0043317442
34024	0.0001732558
34025	0.0006193548
34026	0.0009834884
34028	0.0066447674
34029	0.0095383721
34030	0.0001990909
34031	0.0020867442
34032	0.0002662069
34033	0.0800982558
34034	1.4365810465
34035	0.0001732558
34036	0.0004443137
34037	0.0005
34038	0.0003106977
34039	0.000447093
34040	0.0004242857
34041	0.002353
34043	0.0111838372
34045	0.0102093023
34046	0.0063491892
34047	0.0006737143
34048	0.0001122222
34050	0.000316
34051	0.0004494118
34052	0.0008797674
34053	0.00072
34054	0.0021230233
34055	0.002454881
34056	0.0084048837
34057	0.00658
34058	0.0039134524
34060	0.0244902326
34061	0.0069524658
34062	0.0004861111
34063	0.0039358824
34064	0.000447093
34065	0.0003283721
34066	0.0011069697
34067	0.000242
34068	0.0009690698
34069	0.000164
34071	0.0003619767
34073	0.0043225581
34074	0.0169905814
34075	0.002347093
34076	0.0002641667
34077	0.000447093
34078	0.0049786364
34079	0.3278936047
34080	0.0043317442
34081	0.0169905814
34082	0.0008527273
34083	0.0045045349
34085	0.0004471429
34086	0.0010680556
34087	0.00026
34088	0.0002466667
34089	0.0028776744
34090	0.0440419767
34091	0.0001555814
34092	0.0006302222
34093	0.1141424419
34094	0.0273448837
34096	0.0002904167
34097	0.0220222093
34098	0.0008477612
34100	0.0002496429
34101	0.0005212791
34102	0.0009586842
34103	0.000447093
34104	0.0374076471
34105	0.0528272093
34106	0.0302540698
34107	0.0024113333
34108	0.0001732558
34109	0.0001032558
34110	0.0009834884
34111	0.0205376744
34112	0.0211637209
34113	0.000716
34114	0.0160852326
34115	0.014497093
34116	0.00029
34118	0.0041939535
34121	0.0035772093
34122	0.0839853488
34123	0.00571
34124	0.0095267442
34125	0.0138930233
34127	0.0006413514
34128	0.0004033333
34130	0.4286598837
34131	0.0004233333
34132	0.0004708333
34133	0.0179123256
34134	0.000174
34135	0.0003885714
34136	0.000125
34137	0.0196135714
34139	0.0251119767
34140	0.0124554286
34141	0.0282630233
34145	0.0005155556
34146	0.080334186
34147	0.0010885484
34148	0.0128231395
34149	0.0003733333
34150	0.003204186
34151	0.0016716071
34152	0.0011438889
34154	0.00146
34155	0.0147388372
34156	0.0235225882
34157	0.000926
34159	0.0102093023
34160	0.0006134375
34161	0.0002590698
34162	0.0001032558
34163	0.0044009302
34164	0.038532093
34167	0.0001126316
34168	0.0260882353
34169	0.00044875
34170	0.0896729412
34171	0.0020324359
34172	0.0004116667
34173	0.0043535294
34174	0.0006580769
34175	0.0003604348
34176	0.0003796512
34178	0.0012341558
34179	0.8042411628
34181	0.008305
34182	0.004202907
34183	0.0010919767
34184	0.0135140698
34185	0.0006362069
34186	0.000328
34188	0.0006290909
34189	0.0001881081
34190	0.0007921429
34191	0.0175869767
34192	0.0343545349
34194	0.0023103488
34197	0.0003445161
34198	0.00658
34199	0.007544186
34200	0.0023852326
34201	0.005160814
34202	0.0006098485
34203	0.0007864912
34205	0.00658
34206	0.0013462667
34207	0.000205
34208	0.279225098
34209	0.0037776923
34210	0.0003453488
34212	0.001117907
34214	0.0052989535
34215	0.0003163636
34217	0.0002244186
34219	0.00017
34220	0.0001902326
34221	0.0005896154
34223	0.0010114815
34225	0.0004659302
34227	0.000588
34228	0.00658
34229	0.0002022222
34230	0.0335352326
34233	0.0008010169
34234	0.0003136
34235	0.0032756977
34236	0.0009685714
34237	0.001397907
34238	0.0016566279
34239	0.0039591765
34240	0.0013289535
34241	0.0015601163
34243	0.0001817073
34245	0.032604186
34246	0.176452907
34247	0.0470236047
34248	0.0016445455
34249	0.000458
34250	0.0043317442
34251	0.0006206349
34252	0.0008215873
34253	0.0030410345
34255	0.0002410465
34256	0.5366725581
34257	0.00018
34258	0.0054603488
34259	0.0013801163
34260	0.00061
34261	0.0002042857
34262	0.000973125
34263	0.0161344706
34264	0.0005322857
34265	0.0020275581
34266	0.0003969767
34267	0.0009366667
34268	0.0327147674
34269	0.0013117442
34270	0.0096304651
34271	0.000069186
34272	0.0003425
34273	0.002193375
34274	0.0007907692
34275	0.000447093
34276	0.0002921053
34277	0.0175862791
34278	0.0005956977
34279	0.000655814
34280	0.000447093
34281	0.0003106977
34282	0.0003106977
34283	0.0006915254
34285	0.0002074419
34286	0.0696787209
34287	0.00129
34288	8.62790697674E-05
34289	0.0005004651
34291	0.1480422093
34292	0.000239
34293	0.0169905814
34294	0.000447093
34295	0.0008976744
34296	0.0675490698
34297	0.000777093
34298	0.0005885714
34299	0.00024
34301	0.0014844186
34302	0.0006554902
34303	0.8313595349
34304	0.0005212791
34305	0.0005228947
34306	1.77906976744E-05
34307	0.000822
34308	0.0018986047
34309	3.39534883721E-05
34310	0.0006733721
34311	0.0001919231
34312	0.0008080645
34313	0.0015015116
34314	9.88888888889E-05
34315	0.0006108451
34316	0.0037348718
34317	0.00658
34318	0.0007533333
34319	0.000188
34320	0.7811496429
34321	0.0710184884
34322	0.0402024096
34323	0.001397907
34324	0.0025368605
34325	0.00658
34326	0.000625
34328	0.0040720896
34329	0.00075
34331	0.0002558333
34332	0.001454
34333	0.0004498182
34334	0.0230877907
34335	0.0065924419
34336	0.2063280233
34339	0.0006313636
34340	0.0001732558
34341	0.0030889535
34342	0.0004175
34343	0.0002590698
34344	0.000447093
34346	0.0010485714
34347	0.2758458824
34349	0.0002275
34350	0.0056636047
34351	0.0200715116
34352	0.00036
34353	0.000145
34356	0.0041072093
34357	0.00098
34358	0.0002410465
34360	0.0003106977
34361	0.002964186
34362	0.0403903488
34363	0.0003966667
34364	0.1386839535
34367	0.0003106977
34368	0.00658
34369	0.00031875
34370	0.1425395349
34371	0.000499
34372	0.0013597059
34373	0.00022
34374	0.0002410465
34375	0.2362326744
34376	0.001468
34377	0.0005212791
34378	0.0004143023
34379	0.0006922222
34380	0.0007328571
34381	0.0007455814
34382	0.0002981395
34384	0.0004137931
34385	0.0003685714
34386	0.0005125
34388	0.0003508333
34389	0.0002388889
34390	0.005004186
34391	0.0002075
34392	0.0079654762
34394	0.00022
34395	0.0003969767
34396	0.0003629032
34397	0.0196926744
34398	0.0044181395
34399	0.000655814
34400	0.00658
34401	0.001117907
34402	0.0043682558
34403	0.0010833333
34404	0.0049592308
34405	0.0067818605
34406	0.0151363953
34407	0.0005626087
34408	0.0072631111
34409	0.0010189535
34410	0.0092482353
34412	0.0005203774
34413	0.0006285294
34414	0.0817288372
34415	0.001105
34416	0.076547093
34417	0.0001811111
34418	0.0009571795
34419	0.0075593023
34420	0.0086984884
34421	0.0003286364
34423	0.0081117442
34424	0.0001213953
34425	0.0006295918
34426	0.0006836047
34427	0.00658
34428	0.00033
34429	0.0005114286
34430	0.8534337209
34431	0.8129482558
34433	0.0006438462
34434	0.0203825581
34435	0.0044887209
34436	0.0803912791
34437	0.0060730233
34438	0.0003702778
34439	0.0035346154
34440	0.0689319767
34442	0.0006316667
34443	0.0009995652
34444	0.0100606977
34445	0.0169905814
34447	0.0021255405
34448	0.001031831
34450	0.0290467442
34451	0.0038143023
34452	0.0008008219
34453	0.032490814
34456	0.0001925
34457	0.0017777907
34458	3.39534883721E-05
34459	0.0008456977
34460	0.0001902326
34461	0.0002931395
34462	0.000548
34463	0.0002009756
34464	0.00017875
34465	0.0008281395
34466	0.0005212791
34467	0.0004143023
34468	0.0003969767
34469	0.0003014286
34470	0.0003066667
34473	0.000777093
34474	0.0043144186
34475	0.0491359302
34476	0.0495646512
34477	0.00658
34478	0.0003125
34479	0.0001919231
34480	0.00034
34481	0.0001765
34482	0.0008654237
34483	0.0031775949
34485	0.0009356977
34488	0.188514186
34490	0.000453871
34491	0.0050224419
34492	0.000447093
34494	0.0024913115
34495	0.000447093
34496	0.0001433333
34497	0.0004523404
34498	0.0016051163
34499	0.0169905814
34501	0.0318236047
34503	0.0002684
34504	0.0005633333
34505	0.0040403846
34506	0.0540375581
34507	0.0001032558
34508	0.0005785714
34509	0.000445
34510	0.0006333333
34511	0.0016237931
34512	0.0007284375
34513	0.000278125
34514	0.0052463953
34515	0.000569
34516	0.00658
34517	0.0033609375
34519	0.0013701923
34520	0.0004633333
34521	0.0009979221
34522	3.39534883721E-05
34523	0.000591
34524	0.0002490909
34525	0.0003121739
34526	0.1027337209
34527	0.00658
34528	0.0003166667
34529	0.0026830233
34530	0.0045251852
34531	0.0434367442
34532	0.0003333333
34534	0.0044717442
34535	0.0169402326
34536	0.0006113043
34537	0.0003657895
34539	0.00041375
34540	0.0224067442
34542	0.0044717442
34543	0.0014953488
34544	0.0343175294
34545	0.0003687179
34546	0.0031583721
34547	0.0008797674
34548	0.00034
34549	0.0005641379
34550	0.0004428571
34552	0.0274982558
34553	0.0507124706
34555	0.0169905814
34556	0.0001032558
34557	0.00037375
34558	0.0146061628
34559	0.001131
34560	0.0002618182
34561	0.0005543636
34562	0.0026988889
34563	0.0015249231
34564	0.000395625
34565	0.0107002326
34567	0.0034316279
34568	0.0136209302
34569	0.000069186
34570	0.0002233721
34571	0.0887196512
34572	0.0016566279
34573	0.0077490698
34574	0.0005066667
34575	0.00025
34576	0.0008796078
34577	0.0029961538
34578	1.77906976744E-05
34579	0.000447093
34580	0.0058155814
34582	0.0073780233
34583	0.012080814
34584	0.00658
34585	0.0006389286
34586	0.0016390698
34587	0.0003565854
34588	0.0135435526
34589	0.0101656977
34590	0.0003106977
34591	0.0169905814
34592	0.0070901282
34593	0.0005132
34594	0.0035032558
34595	0.155535
34597	0.0054760976
34598	0.028335873
34599	0.0001442857
34600	0.0004375862
34601	0.0561359302
34602	0.0002931395
34603	0.0012444444
34604	0.0042633721
34605	0.0006868
34607	0.0005875862
34608	0.0012081395
34609	0.0001933333
34610	0.0136686047
34611	0.0299574419
34612	0.0001383721
34613	1.77906976744E-05
34614	0.0005956977
34615	0.0003454545
34616	0.00031
34617	0.0026055814
34619	0.0171398837
34620	0.0036077907
34621	0.0004814815
34623	0.00658
34624	0.0129686076
34625	0.0002244186
34626	0.7414122093
34627	0.0002388889
34628	0.000205
34629	0.0003975
34630	0.0003525
34631	0.002195
34632	0.0004593443
34633	0.0014036047
34635	0.0002074419
34636	0.0076630233
34637	0.115657093
34638	0.0007417442
34639	0.0001594118
34640	0.0163802326
34641	0.0057084375
34643	0.0053043023
34644	0.0004514583
34645	0.0032498667
34646	0.0008281395
34647	0.000575
34648	0.00026
34649	1.77906976744E-05
34650	0.0004027586
34651	0.01417325
34652	0.0029855814
34653	0.0082668605
34654	0.0036415116
34655	0.0002590698
34656	0.0005628571
34657	0.2126282558
34658	0.0043361728
34659	0.00032
34660	0.0001902326
34661	0.0033297297
34662	0.0004424138
34663	0.0020220588
34664	0.0002633333
34665	0.0180960465
34666	0.0007113636
34667	0.0004245455
34668	0.2078688372
34669	0.0002792308
34670	0.0046959091
34672	0.000305
34673	0.0004546154
34674	0.0003796512
34675	0.0010798667
34676	0.0003394118
34677	0.0299513953
34678	0.012344717
34679	0.0052162791
34680	0.0005726415
34681	0.0192661538
34682	0.0010102439
34685	0.0010919767
34686	0.0004636
34687	0.000215
34688	0.0003425926
34689	0.000356
34690	0.0003257143
34691	0.0014759677
34692	0.0002486207
34694	0.0002584848
34695	0.000946129
34696	1.77906976744E-05
34697	0.322752093
34699	0.0034170968
34700	0.0022054717
34701	0.0019601235
34702	0.0002993103
34703	0.0003110638
34704	0.0006704651
34705	0.0050320896
34706	0.0003696552
34707	0.0355245882
34708	0.0005212791
34709	0.0071282558
34710	0.0036513953
34711	0.0110110465
34712	0.0001213953
34714	0.0026055814
34715	0.0007587209
34716	0.0050161111
34717	0.000792381
34718	0.0521336471
34720	0.0004872727
34723	0.0024588571
34724	0.0033964407
34725	0.00023
34726	0.0015781081
34727	0.0729566279
34728	0.0007176812
34729	0.0070780952
34731	0.0003384615
34732	0.0005685106
34733	0.0003283721
34734	0.0002
34736	0.0032415789
34737	0.0009386842
34738	0.0004137037
34739	0.000447093
34740	0.000777093
34741	0.0008217188
34742	0.000126
34745	0.4671527907
34746	0.0902685185
34747	0.016119359
34748	0.7726076744
34749	0.0041730233
34751	0.000447093
34752	0.0036928916
34753	0.0010412987
34754	0.0054195349
34755	0.0001555814
34756	0.0005466667
34758	0.0002348936
34759	0.0005292308
34760	0.0040210465
34761	0.0115506977
34762	0.00023
34763	0.0006388372
34764	0.000447093
34765	0.0050397619
34766	0.0002074419
34767	0.0023890196
34768	0.0002975
34769	0.0001578824
34770	0.0003166667
34771	0.0005956977
34772	0.00658
34774	0.0018830303
34775	0.5632956977
34776	0.0024339535
34777	0.00045625
34778	0.0006517647
34779	0.00046
34780	1.77906976744E-05
34781	0.00035
34783	0.000707907
34784	0.0008064286
34785	0.0009741096
34787	0.0081810465
34788	0.0015361628
34789	0.0012260377
34790	0.0005714286
34791	5.17441860465E-05
34792	0.0007510811
34793	0.0017223077
34794	0.0093379747
34795	0.000426875
34796	0.0613897674
34797	0.000219
34798	0.0010064706
34799	0.0993709302
34800	0.000361
34801	0.00019
34803	0.0005863953
34804	0.327190814
34805	0.0013852381
34807	0.0022437209
34809	0.000674
34810	0.00658
34811	0.015287907
34812	0.0002244186
34813	0.0002228571
34814	0.000315
34815	0.0027344444
34816	0.0003724419
34817	0.0158955814
34818	0.0126156977
34820	0.000293
34822	0.0007851515
34824	0.00022
34825	0.0004512903
34826	0.0324809302
34827	0.0297338372
34828	0.00219625
34830	0.0198262791
34832	0.0011565116
34833	0.3792606977
34834	0.0017102632
34835	0.0003505882
34837	0.0005111111
34839	0.00032
34841	0.0043242553
34842	0.015429186
34844	0.0001278947
34845	0.0003825
34846	0.0003736667
34847	0.000394
34848	0.0005694186
34849	0.0002756977
34850	0.0130474419
34851	0.0053342667
34852	0.0003106977
34853	0.0228714458
34854	0.0038316279
34856	0.0432673256
34858	0.1525495349
34859	3.39534883721E-05
34860	0.0007247674
34861	0.0003452174
34862	0.247702093
34863	0.0305532558
34864	0.000332
34865	0.0004596154
34866	0.0102861628
34867	0.0003603448
34868	0.000499697
34869	0.0012667442
34870	0.0755025581
34871	0.000069186
34873	0.0026744186
34874	0.003550122
34876	0.0185556522
34877	0.00045375
34878	0.004545814
34879	0.0007455814
34880	0.001397907
34881	0.000257
34882	0.0003911111
34883	0.0074038372
34884	0.0061509091
34886	3.39534883721E-05
34887	0.00658
34890	0.0002074419
34891	0.0006071739
34893	0.0003775758
34894	0.0073948837
34895	3.39534883721E-05
34896	0.0618627907
34897	0.0004871739
34898	0.0021592593
34899	0.0553869767
34900	0.0066447674
34901	0.0002227273
34902	3.39534883721E-05
34903	0.0024593023
34904	0.0129095349
34905	0.000447093
34906	0.0070333333
34907	0.00658
34909	0.00023
34910	0.0184074419
34911	0.0002745455
34912	0.001117907
34913	0.0004242308
34914	0.0002156757
34915	0.000580303
34917	0.0035032558
34918	0.0008995349
34919	0.00042
34921	0.0335352326
34923	0.0005212791
34924	0.040614186
34926	0.0020886047
34927	0.0003693333
34928	0.0014014286
34929	3.7995934884
34930	0.0007594118
34931	0.000508125
34932	0.0023103488
34933	0.2448019767
34934	0.00212
34935	0.0016202564
34936	0.000460303
34937	0.0007772857
34938	0.0007324138
34939	0.000805
34940	0.0788030233
34941	0.000316
34942	0.467955
34943	0.0007670513
34944	0.0002989655
34945	0.000264375
34946	0.0001902326
34947	0.000447093
34948	0.0002333333
34949	0.0002957143
34951	0.014187093
34953	0.0003088235
34954	0.0011218605
34955	0.0004218182
34956	0.0005956977
34957	0.0022578788
34958	0.000707907
34959	0.0111445455
34960	0.0001644444
34961	0.000447093
34963	0.0081625758
34964	0.0008976744
34965	0.0005302222
34966	0.0234202326
34967	0.0009933898
34969	0.0032789535
34970	0.0770356977
34971	0.018327875
34972	0.0012943023
34973	0.0010525
34974	0.0063344186
34975	0.0022418293
34976	3.39534883721E-05
34977	0.0003109375
34978	0.0059613953
34979	0.0003125926
34980	0.0021612791
34981	0.0003106977
34982	0.0008023077
34984	0.0005205882
34985	0.000519375
34986	0.0020713514
34987	0.000375
34988	0.0004653571
34991	0.0184074419
34992	0.000215
34993	0.0003379167
34994	0.0015084091
34995	0.0017041026
34996	0.035255814
34997	0.0183804651
34999	0.0191340698
35001	0.0121936047
35003	0.0038911538
35004	0.0003658333
35005	0.0557923256
35007	0.0008425
35008	0.0092347674
35013	0.0020084337
35014	0.0003411111
35015	2.39024390244E-05
35016	0.0023578378
35017	0.0006924419
35019	0.00113125
35020	0.0001878125
35021	0.0001672093
35022	0.0759316279
35024	0.0018194186
35025	0.0003423256
35026	3.15476190476E-05
35028	0.8115262791
35029	0.001774186
35032	0.0026709302
35034	1.09090909091E-05
35035	0.0997101163
35036	0.1520415116
35040	0.0155303488
35041	0.0001994444
35042	0.0005396512
35047	0.0022514545
35048	0.0001575
35049	6.8488372093E-05
35051	0.0008698413
35052	0.0147345349
35054	0.0001446512
35055	0.004192093
35056	0.000600814
35057	0.0013248837
35058	0.0267609302
35059	0.0002980556
35060	0.0017073469
35061	0.0012346575
35062	0.0051386047
35063	0.0001825581
35064	0.0010223333
35065	0.0340093878
35066	0.0006952632
35068	0.0007084906
35069	0.003420241
35071	0.0442024419
35072	0.000060814
35073	0.0132775
35074	0.0023975
35075	0.0451825581
35076	0.0004488372
35077	0.0009393939
35078	0.0023524419
35079	0.0287912791
35082	0.0067218605
35083	0.0013316667
35084	0.001127093
35085	0.0515154651
35087	0.0519117442
35088	0.0004681818
35089	0.0002404878
35090	0.0005236508
35091	0.115587907
35093	0.0007675556
35096	0.011432093
35097	0.0017893243
35098	0.0002066667
35099	1.09090909091E-05
35101	0.0017695
35102	0.1066966279
35104	0.0001138372
35105	0.7579659302
35106	0.00076
35107	0.0039282558
35108	0.0003034783
35109	0.0022140909
35110	0.0078109302
35111	0.1328197674
35112	0.0008921818
35113	3.15476190476E-05
35114	0.0075378125
35115	0.0048954217
35116	0.0156453488
35117	0.0007156977
35119	0.1287975581
35122	0.0001223256
35123	0.0002830909
35124	0.0006924419
35128	9.88372093023E-05
35129	0.0887863953
35132	0.0018026531
35133	0.0003178788
35134	0.0002584884
35135	0.00011
35138	0.00024
35139	9.88372093023E-05
35140	0.0005869767
35142	0.0040932308
35145	0.00016
35147	0.1898943023
35149	0.0002656667
35150	0.0077481395
35154	0.0001446512
35155	0.000885
35156	0.0003806977
35157	0.0002875
35158	0.0015838372
35169	4.56470588235E-05
35170	0.0003081818
35173	0.0010251852
35176	0.0184176744
35177	0.013337093
35180	0.0003504651
35181	0.004192093
35182	0.0002751429
35184	0.0001522093
35186	0.0525737209
35187	0.0351486047
35188	0.0403143023
35190	3.15476190476E-05
35192	0.0003817647
35193	0.1097243023
35197	0.1298433721
35198	1.09090909091E-05
35200	0.0029807143
35201	0.0007966667
35202	0.0002808824
35205	0.000152
35206	0.008665
35207	0.0163615116
35209	0.0284525581
35210	0.0008901163
35211	0.0008275
35213	1.63157894737E-05
35215	6.8488372093E-05
35216	0.0018419767
35217	0.0227365116
35218	5.37209302326E-05
35220	1.09090909091E-05
35224	0.0002566667
35226	0.0186718605
35227	0.0003826667
35228	0.00015
35229	0.0001223256
35230	0.0350626316
35232	0.8239627907
35237	1.09090909091E-05
35238	0.0004568605
35239	0.0161190698
35244	0.00032
35245	0.0001223256
35246	0.0002793939
35247	0.0006158824
35248	0.0006291892
35250	0.0010275
35256	0.0298495349
35257	0.0405189535
35258	0.0058426744
35260	0.1066966279
35263	0.0002819767
35266	0.00001
35268	0.0001277778
35269	0.000075814
35271	0.0010812791
35275	1.63157894737E-05
35279	0.0007075676
35280	0.0019415116
35282	0.0010433333
35284	0.000060814
35285	0.0026644186
35287	0.0334054651
35288	0.000495
35292	0.0004869767
35295	0.054424186
35296	0.0004568605
35297	9.17441860465E-05
35298	0.0006490323
35301	0.0089980233
35302	0.00021
35304	0.0915811628
35308	0.2289063953
35309	0.0459806977
35310	0.001115
35312	0.000703
35313	0.0008146512
35314	0.0027643478
35315	0.001215
35316	2.521105814
35317	0.0122525581
35318	0.2874452326
35320	0.0556339535
35322	0.982520814
35324	6.8488372093E-05
35327	0.0020264615
35329	0.037439186
35330	0.0004264706
35331	0.00057875
35334	0.000336129
35335	0.0080126744
35336	0.019585119
35337	0.0036781707
35338	1.09090909091E-05
35339	3.91666666667E-05
35341	0.0003267442
35342	0.0005934884
35343	6.8488372093E-05
35344	0.0010131395
35345	0.0005754545
35346	0.0072169412
35350	0.007842093
35352	0.0002276923
35354	0.0003275362
35355	0.0007855714
35356	0.0102883721
35357	0.000162
35360	0.000203
35361	0.0009386076
35363	0.011727619
35364	0.0455995349
35367	0.007155814
35369	0.00003
35370	0.0001655556
35373	0.0001980233
35375	0.000333125
35376	0.000338
35378	0.0103959302
35379	0.0002386047
35380	0.0005851852
35382	0.0081793023
35383	0.0017638372
35384	0.000205
35386	0.0006615686
35388	0.0004715385
35389	0.0014277907
35390	0.1186225581
35391	0.009227907
35392	0.0119909302
35393	0.0039584884
35395	0.0020505814
35396	0.0002592
35398	0.4987630233
35399	0.0142111628
35400	9.71428571429E-05
35401	0.0002294444
35402	0.002969186
35403	0.00027375
35405	0.0001072
35407	0.5857445349
35408	0.0338113953
35409	0.0005287097
35410	0.0001140698
35412	0.0001904651
35414	0.0052462791
35415	0.0001417647
35416	0.0009748485
35417	0.0023797059
35419	0.0002228571
35420	0.000353
35423	0.0264760526
35424	0.0005185185
35427	5.72093023256E-05
35428	0.0001816667
35429	0.0002726316
35430	0.0001816667
35431	0.0002395238
35432	0.0004769767
35433	0.0039584884
35434	0.0003584615
35435	0.0127135714
35437	0.0005533333
35438	0.0003108108
35440	0.0017130233
35441	0.0002083333
35442	0.0002152
35443	0.0001752174
35444	0.0002290909
35445	0.0002585714
35447	0.0011443023
35449	0.000240625
35450	0.0019074419
35451	0.0014277907
35452	0.002002907
35453	0.00019375
35454	0.0004313043
35455	0.0028131395
35456	0.0100668605
35457	0.0002184615
35459	0.0018123256
35461	0.0040539535
35463	0.0022890541
35465	0.00009
35466	0.0001904651
35467	0.000226875
35468	0.0003337209
35469	0.000906338
35470	0.0001607692
35471	0.0001430233
35474	0.0005138372
35475	0.036755814
35476	0.0004373333
35477	0.0049223684
35478	0.0001904651
35479	0.000208
35480	0.000124
35481	0.0026225581
35482	0.0003246512
35485	0.0046260465
35486	0.0008582558
35488	0.001317
35490	0.0048165116
35492	0.0099196512
35493	0.0004816667
35494	0.000188
35496	0.0003342308
35497	0.00597825
35498	0.000215
35499	0.0002204878
35500	0.0112068605
35501	0.3820169767
35502	0.0005008163
35504	0.000195
35507	0.00040375
35508	0.000399186
35509	0.0058812791
35510	0.009754186
35511	0.0658889535
35512	0.0002964865
35513	0.0016274699
35514	0.0010692647
35516	0.0047314458
35519	0.00044375
35520	0.0001088889
35522	0.000405
35523	0.0013127907
35524	0.00026
35525	0.0002115
35527	0.0006965079
35528	0.0011993023
35529	0.0005
35531	0.0001191667
35532	0.0031253247
35533	0.0006986
35534	0.0101359756
35535	0.0437793023
35536	0.0027095349
35537	0.0006765455
35538	0.000405641
35539	0.000399186
35540	9.54651162791E-05
35543	0.0002526667
35545	0.2990624419
35546	0.0003563889
35547	0.0004291667
35548	0.2042554651
35549	0.0010520588
35550	0.001012
35551	0.00014
35552	0.0002658065
35555	0.0002984091
35556	0.0036719767
35557	0.0319064286
35558	0.0019556977
35559	0.0018089286
35560	0.2417301163
35561	0.0008391071
35562	0.0002735714
35563	0.000473125
35564	0.1769767442
35565	0.0003238889
35566	0.0003666667
35567	0.0007424419
35568	0.0014384615
35569	1.999870814
35570	0.0001473913
35571	0.0003151515
35572	0.0024251923
35573	0.0037675581
35574	0.0002514286
35575	0.0002178571
35576	0.0078211628
35578	0.0001904651
35579	0.000335
35580	0.00032125
35581	0.0677001163
35582	0.0026225581
35584	0.0001675
35585	0.0004053571
35587	0.0001430233
35588	4.14705882353E-05
35589	0.0005611594
35590	0.0015734884
35591	0.0002875
35592	0.000702381
35593	0.0021130233
35595	0.0030523256
35596	0.00031
35597	0.0006761765
35598	0.00042
35599	0.0072228261
35601	0.005025
35602	0.0051027907
35603	0.0003382609
35605	0.0001904651
35607	0.0002277778
35608	0.1132631395
35609	0.000095
35610	0.00002
35611	0.0003904348
35612	0.0002713636
35613	0.0009384211
35614	0.0002595455
35615	0.0233004651
35616	0.0002142857
35617	0.0003783333
35618	0.0732413953
35619	0.0004261905
35620	0.0123584444
35621	0.0002694737
35622	0.000399186
35623	0.002552
35625	0.00016
35626	0.0027406977
35628	0.0687904706
35629	0.0001525
35630	0.0002785714
35631	0.0021831707
35632	0.0034260465
35633	0.0002
35634	0.000015
35635	0.0023983721
35636	0.0002504
35637	0.0001715116
35638	0.0182216279
35639	3.44680851064E-05
35641	0.0005207143
35642	0.0002616667
35643	0.0010973256
35644	0.0002814286
35647	0.0003066667
35648	0.0002327273
35649	0.00024625
35651	0.0243253488
35653	0.0228918605
35655	0.0003425581
35658	0.00017
35660	0.0004572093
35661	0.0075823256
35662	0.0004818182
35663	0.0259566279
35664	0.005960814
35665	0.0006
35667	0.0002825
35668	0.0002194118
35669	0.298022907
35671	0.0025273256
35672	0.0013127907
35676	0.001399
35677	0.0023022222
35680	0.0057224419
35681	0.0002842857
35683	0.0016480952
35684	0.0002647368
35685	0.0006717808
35686	0.00043375
35687	0.0131906977
35689	0.0001675
35692	0.0004066667
35693	0.0002203704
35694	0.0003508
35695	0.0379125581
35696	0.00010375
35697	0.0002966667
35698	0.000846
35700	0.0003518182
35702	0.0009138372
35703	0.2212460465
35704	0.0058566071
35705	0.000762
35706	0.0005164
35707	0.0001293333
35708	0.001669186
35709	0.0007943077
35710	0.0002595238
35711	0.0001716667
35712	0.00466975
35713	0.0015415116
35714	0.0003
35716	0.0029095349
35718	0.0001376923
35719	0.00026375
35720	0.0010973256
35721	0.0001430233
35722	0.0038826744
35724	0.001175
35725	0.9663612791
35726	0.0017638372
35727	0.008162375
35728	0.0035959524
35729	0.0042446512
35730	0.0029095349
35731	0.0423587059
35732	0.002002907
35734	0.0004733333
35735	0.0002257143
35736	0.0004910526
35737	0.0075818072
35738	0.1557372093
35739	0.0022833333
35740	0.0042579518
35741	0.0001894444
35742	0.0003638462
35743	0.0006214583
35745	0.00004
35747	0.0016741463
35748	0.0003225641
35749	0.0002338095
35750	0.0007829412
35753	0.0002668571
35755	0.0001964706
35756	0.0001413333
35757	0.0003372727
35758	0.0001166667
35759	0.000555
35760	0.1062065116
35761	0.0002885185
35762	0.0003225641
35763	0.0006203488
35764	0.0002204878
35765	0.0061522093
35766	0.000233871
35767	0.01433
35768	0.0004902381
35769	0.0116369767
35770	0.0009539535
35771	0.0007796
35772	0.0655736047
35773	0.0242453165
35774	0.0006915714
35775	0.0040539535
35777	0.0083937209
35778	0.0016213953
35779	0.0001852632
35780	0.0018793939
35781	0.0065337209
35782	0.0201727907
35783	0.000325
35784	0.0002426316
35785	0.0003203704
35786	0.0054184884
35787	0.0239880233
35790	0.000312093
35791	0.0041489535
35792	0.000181
35793	0.0009782813
35794	0.0002811628
35795	0.0004033333
35796	0.019839186
35798	0.000225
35799	0.0001494737
35800	0.0002685185
35801	0.0002780952
35802	0.0798326744
35803	0.0003268966
35804	0.0001755556
35805	0.0004842857
35806	0.000487377
35807	0.002432907
35809	0.0003482609
35813	0.0048643023
35816	0.000365
35817	0.0011924419
35819	0.0003585714
35822	0.0019989535
35823	0.00076875
35824	0.0199865385
35825	0.0537943023
35826	0.0002622222
35827	0.009227907
35828	0.0003438095
35831	0.000115
35833	0.000348125
35834	0.0004378261
35835	0.0002
35837	0.0077086047
35838	0.000198125
35839	0.0001855556
35840	0.0002942105
35841	0.0004807143
35842	0.0140465116
35843	0.0025124419
35844	0.0001525
35845	0.0123238372
35846	0.0008566279
35847	0.0007154651
35848	0.0003517647
35849	0.0002406667
35850	0.0576627907
35851	0.0030858974
35852	0.001295
35853	0.0042825581
35855	0.0023368605
35856	0.0005525
35857	0.0001839024
35859	0.000124
35861	0.0013620732
35862	0.0026703488
35863	0.0020983721
35864	0.2596993023
35865	0.0028118868
35867	0.0020860976
35868	0.0003187097
35869	0.0005124691
35870	0.0002094444
35872	0.0001715116
35874	0.0002263636
35875	0.0013353488
35877	0.0113977907
35878	0.000497963
35879	0.0144873494
35880	0.0004273529
35881	0.0003994444
35882	0.00053
35885	0.0004458065
35886	0.00014
35887	0.0074394186
35888	0.00026
35889	1.91666666667E-05
35890	0.0033551429
35892	0.0001140698
35893	0.0457348837
35894	0.0002452
35895	0.0002353846
35896	0.0020097222
35897	0.1634206977
35899	0.013629863
35900	0.0041653488
35901	0.0002310256
35902	0.0052936047
35903	0.0003186667
35904	0.00060625
35905	0.004032381
35906	0.00014
35907	0.0005716279
35908	0.0001445455
35909	0.0014277907
35910	0.0001211111
35912	0.0063430233
35913	0.0003183333
35914	0.002002907
35916	0.0019556977
35917	0.001263
35918	0.000155
35920	0.0002175
35922	0.0223992941
35923	0.00010375
35924	0.002002907
35925	0.010335
35927	0.0006287209
35928	0.0007763953
35929	0.0023368605
35931	0.0003109091
35933	0.0016213953
35934	0.0049117442
35935	0.0183686047
35937	0.0813217442
35939	0.0023239286
35940	0.0051982558
35941	0.0003888889
35942	0.0073440698
35943	0.0002428125
35944	0.2052965116
35946	0.0002480645
35947	0.0004186207
35950	0.0317271765
35951	0.0022856098
35952	0.0003157143
35954	0.0004637931
35956	0.0002386047
35957	0.00133
35958	0.0023855952
35959	0.0002988889
35960	0.0014786047
35962	0.3014651163
35963	0.000222
35964	0.0015983721
35966	0.0013070492
35969	0.0299255814
35970	0.0067951163
35971	0.0001629412
35972	0.0010016279
35973	0.0002361538
35974	0.0010493023
35976	0.0105463953
35977	0.0021130233
35978	0.0532215116
35979	0.0002863158
35980	0.0030266279
35981	0.0005710465
35982	1.3034017442
35983	0.0006203488
35984	0.0009061628
35985	0.0001855556
35989	0.0128547619
35990	0.0021939535
35991	0.0043003488
35992	4.77906976744E-05
35993	0.0007882609
35994	0.0001557143
35995	0.0002938462
35996	0.0042592308
35997	0.0002707143
35998	0.0315465116
35999	0.000225
36000	0.0041944186
36001	0.0023368605
36003	0.1839202326
36004	0.0612319767
36005	0.00014
36007	0.00127875
36008	0.1224760465
36009	0.0005246154
36011	0.0004249383
36013	0.0004253846
36016	0.0002775
36017	0.0002327273
36018	0.0020422727
36019	0.0036243023
36020	0.0099196512
36022	0.0039584884
36023	0.0018123256
36024	0.0007883333
36025	0.00034
36026	0.0003533333
36027	0.00289575
36028	0.0002387805
36029	0.0009565
36031	0.0003745455
36033	0.0068672093
36034	0.0014277907
36035	0.0002552174
36036	0.0027516393
36038	0.4265131395
36039	0.0021151852
36040	0.0253774419
36041	0.0016522368
36042	0.0029095349
36043	8.66666666667E-05
36044	0.000253
36045	0.0004058824
36046	0.0003756522
36047	0.0043869767
36049	0.000178
36050	0.0004340741
36051	0.0002589474
36052	0.000275
36053	0.0003122857
36056	0.00029
36057	0.0000925
36060	0.0065023256
36061	0.0043346512
36064	0.0002515625
36065	0.0028054237
36066	0.0001936471
36067	0.0009356977
36068	0.0002144444
36069	0.0096226744
36071	0.0018213953
36072	0.5086832558
36073	0.0023406977
36074	0.0002226316
36075	0.2028670238
36077	9.12790697674E-05
36078	0.0062612791
36080	0.0113804762
36081	0.0029843023
36082	0.0040380597
36083	0.0154266279
36085	0.0011704651
36086	0.0001760465
36087	0.1280206977
36088	1.26315789474E-05
36089	0.0124759302
36090	0.0270173256
36091	0.0012160465
36093	0.004154186
36095	0.0201048193
36096	0.0022916279
36097	0.0572298837
36098	0.0061011628
36099	0.0023990698
36100	0.00001
36101	0.0005214706
36102	0.0066419767
36103	0.000029
36104	0.0094197674
36106	0.0001760465
36109	0.0074732558
36110	0.0005333333
36111	0.0027203571
36112	0.163309881
36113	0.0001113953
36114	0.0001167442
36115	1.6420768605
36116	0.0014569767
36120	0.0009356977
36121	0.7005201667
36122	0.0001385507
36124	0.0008194186
36125	0.0037588372
36126	0.0557053488
36128	0.0036921176
36129	0.00106175
36130	0.0001844186
36131	0.0018674419
36132	0.0037337209
36133	0.0267922093
36134	0.0033694186
36135	0.0004654545
36136	0.005686
36138	0.0011834884
36140	0.2834896512
36141	0.0282019767
36142	0.0011704651
36143	9.12790697674E-05
36144	0.0022813953
36145	0.003582
36146	0.0011704651
36147	0.0018723256
36148	0.0168155814
36150	0.012854186
36151	0.000906
36152	0.010199186
36153	0.0009946512
36155	0.0001389535
36156	0.0043709302
36157	0.2808980233
36159	0.0079572093
36160	0.0001681944
36161	0.0001760465
36163	0.0155794366
36164	0.2590602326
36166	0.0263175581
36167	0.0091333721
36168	0.0108244186
36169	0.0050995349
36170	0.00447275
36171	0.9098968605
36172	0.0152713953
36173	0.0080397674
36174	0.0112821429
36175	0.7827410465
36176	0.0002338372
36177	0.0014034884
36179	0.0028653012
36180	0.0001760465
36181	0.0032788372
36182	0.00008
36183	0.0334096512
36184	0.0023406977
36186	0.004788125
36187	0.0003298333
36188	0.0021062791
36190	0.00033
36191	0.0001819767
36192	0.0001819767
36193	0.0003394118
36194	0.013408625
36195	8.39534883721E-05
36196	0.012869186
36198	0.0015212791
36199	0.0302417442
36200	0.0011333333
36201	0.0005648649
36202	0.0002922093
36203	0.0022412791
36204	0.0827865116
36205	0.0010659211
36208	0.0267922093
36209	0.0026236842
36210	0.0001819767
36211	0.231317093
36212	0.0001951163
36214	0.0031342105
36215	0.0032788372
36216	0.0061821429
36218	0.0001167442
36219	0.0003512791
36221	0.0032788372
36222	0.0022173333
36223	0.0353903488
36224	0.0026334884
36225	0.00228025
36226	0.0156631395
36228	0.0184897674
36229	0.0375988372
36230	0.0017305814
36231	0.0038246512
36232	0.0064533333
36233	0.0019867901
36234	4.57777777778E-05
36235	0.0001167442
36236	0.8962722093
36237	0.0001167442
36238	0.0002740244
36240	0.0051991045
36241	0.0015765333
36242	0.038949186
36243	0.0016388372
36244	0.0014694118
36245	0.0015212791
36246	0.0009356977
36247	0.0001760465
36248	0.0006377907
36249	0.0195515116
36250	0.0045347761
36251	0.0007895556
36254	0.0001951163
36255	0.0100637209
36256	0.0347547674
36257	0.0347547674
36258	0.0343453488
36259	0.0334676744
36260	0.0347547674
36261	0.0017120253
36262	0.0100055814
36263	0.0166065116
36264	0.004564186
36265	0.0016388372
36266	0.0046861176
36267	0.0081044186
36268	5.71875E-05
36269	0.3305104651
36270	1.0528230233
36271	0.0106488372
36272	0.1366602326
36273	0.0199117442
36275	0.0003033333
36276	0.0187965385
36277	0.0006109231
36281	0.1105416949
36282	0.0272073256
36283	0.0007284884
36284	0.00028
36285	0.1867773256
36286	0.0186816279
36287	0.0032766279
36288	0.0030424419
36290	0.0088348837
36292	0.0043898507
36294	0.000029
36295	0.000029
36296	0.0096226744
36297	0.0037451163
36298	0.0174839535
36299	0.006227093
36302	0.6586598837
36303	0.001092907
36304	0.0122825581
36305	8.39534883721E-05
36306	0.0001167442
36307	0.0012045455
36308	1.5497010465
36309	0.004564186
36310	0.0018139535
36311	0.0106738372
36313	4.57777777778E-05
36317	0.0194331169
36319	0.0012452326
36320	0.0079971429
36321	0.0003666038
36322	0.0007739535
36323	8.39534883721E-05
36324	0.000987
36325	0.0002236047
36326	0.1560032143
36327	0.0650632558
36328	0.0232280233
36329	0.018362
36331	0.0102980233
36332	0.0007604651
36333	0.0002287805
36334	0.006977
36335	0.0004188889
36336	0.027909186
36338	0.0005854651
36340	0.0441096512
36341	0.0062690698
36342	1.0001810465
36343	0.0001167442
36344	0.4436812791
36346	0.0001760465
36347	0.2086583333
36348	0.0002554118
36349	0.0021647674
36350	0.0005851163
36351	0.0590811628
36352	0.0300155814
36353	0.00001
36354	0.0206010465
36355	0.0038032558
36357	0.0004739535
36358	0.0005670909
36359	0.0126916279
36360	0.0049659302
36362	0.1043845349
36363	0.0042711628
36364	0.0424690588
36368	0.0024577907
36369	0.0048267442
36371	0.0011704651
36372	0.0020946512
36374	0.0001760465
36375	0.0009158621
36376	0.0011704651
36377	0.0042127907
36381	0.0088816279
36384	0.0014030769
36385	0.0002790698
36386	0.346574186
36387	0.0001113953
36388	5.59302325581E-05
36389	0.0021010465
36390	0.001002093
36391	0.0008365116
36392	0.0004680233
36394	0.0027648235
36395	0.0036860465
36397	0.0272073256
36398	4.57777777778E-05
36399	0.0015212791
36402	0.1823980233
36403	0.0081913953
36404	0.0020480233
36405	0.001078961
36406	0.0334676744
36407	0.00001
36408	0.0043883721
36409	1.58823529412E-05
36410	4.57777777778E-05
36411	0.000115
36413	0.0026206977
36414	0.0488551163
36415	0.0040959302
36416	0.0053459259
36417	0.0026334884
36419	0.0047980233
36424	9.12790697674E-05
36425	0.0484059302
36427	0.0157766279
36428	0.0121019767
36429	0.0004715556
36430	0.0001760465
36431	0.0119783721
36432	0.0014034884
36433	0.0017224
36435	0.1404777586
36438	0.0001681944
36440	0.0002236047
36443	0.8212553488
36444	0.0001760465
36445	0.0066419767
36446	0.002925814
36447	0.0153609302
36448	0.0001167442
36449	0.0653565116
36450	0.0647131395
36451	0.0239118605
36452	0.003797625
36453	0.0449866667
36454	0.00018
36455	0.0042711628
36456	0.0004680233
36457	4.57777777778E-05
36458	0.0010531395
36460	0.0199117442
36461	0.0006910714
36462	4.57777777778E-05
36463	0.0058511628
36464	0.0272073256
36465	0.0169090698
36466	0.2842289535
36468	0.00097
36470	0.0149456977
36472	0.0132852439
36473	0.6488204651
36474	0.0015796512
36475	0.0078310465
36476	0.0001819767
36477	0.0023683721
36478	0.0002338372
36480	0.0004551163
36481	0.0005466279
36482	0.0003104348
36483	0.0003316
36485	0.0027323256
36486	0.005512549
36488	0.0006218605
36489	0.0036860465
36490	0.0161486047
36491	0.0002554118
36492	0.0014630233
36493	0.0001167442
36494	0.00091
36495	0.0043298837
36496	0.0003716216
36497	0.0001760465
36500	0.0005388889
36501	0.0012746512
36503	0.0342287209
36511	0.0267609302
36512	0.0006439535
36513	0.0074949315
36514	0.0027323256
36517	0.0257665116
36518	0.0014569767
36519	0.0023990698
36521	0.0002338372
36522	0.0123451163
36523	0.0013680392
36524	0.0016382558
36525	0.0446445349
36526	0.0026334884
36528	0.0026334884
36529	0.0002554118
36530	0.0009356977
36531	0.0008777907
36532	0.0270725581
36535	6.60416666667E-05
36536	0.0183737209
36537	0.0162661628
36539	0.0002017647
36540	0.1101205952
36541	0.0006377907
36543	0.0001113953
36544	0.0002554118
36545	0.0001746154
36546	0.0005466279
36547	0.1312352381
36548	0.0336436047
36549	0.1086947619
36550	0.109407381
36551	0.1092291667
36552	0.0001006977
36553	0.0109811392
36555	0.0062447674
36556	5.02325581395E-05
36558	0.0001174419
36559	0.000206
36560	6.74418604651E-05
36561	0.00040625
36562	0.0009877778
36564	0.0003720833
36565	0.0035325581
36566	0.0006391304
36567	0.0015225926
36568	0.0001925
36569	0.0002922222
36571	0.0009286747
36572	0.0005479412
36573	0.0011992
36576	0.0005976
36577	0.0011482353
36578	0.0007128571
36581	0.0001146512
36582	0.0011476471
36583	0.0007482609
36584	0.0002125581
36585	0.0023538028
36586	0.0003236842
36587	0.00051075
36588	0.000196
36589	0.8070276744
36590	0.0291417442
36592	0.0016393023
36593	0.0343227907
36594	0.0009723256
36595	0.0032223529
36596	0.0002674286
36597	0.2211416279
36598	0.0014330508
36599	0.0026454
36600	0.0003477778
36601	0.0001267442
36602	6.17441860465E-05
36603	0.0004659091
36604	1.68604651163E-05
36605	6.17441860465E-05
36606	0.0062447674
36607	0.0004820408
36608	0.0007618519
36609	0.0004625
36610	1.68604651163E-05
36611	0.0004191667
36612	0.0017163158
36613	0.000275
36616	0.0006857143
36617	4.43023255814E-05
36618	1.1356447674
36619	0.0007655556
36620	2.77906976744E-05
36621	0.0005404839
36622	0.0006369444
36623	4.43023255814E-05
36624	0.0004593478
36625	0.0002436364
36626	0.0006241026
36627	0.000236
36629	0.000515
36631	0.000055814
36632	5.02325581395E-05
36633	0.0101819767
36634	0.0001159184
36635	0.0008097872
36636	0.0008314286
36637	0.0010547761
36638	0.0088826744
36639	0.000055814
36640	0.0003735484
36641	0.0002843243
36642	0.0007937209
36643	0.000055814
36644	0.0003005263
36646	2.56470588235E-05
36647	0.0007907353
36648	0.1194226744
36649	0.0004497674
36650	0.02045
36651	0.002079
36652	0.000361
36653	0.000794375
36654	0.00016
36655	0.00059875
36656	0.0011897561
36657	0.0057188608
36658	0.0004164444
36659	0.0001733333
36660	0.0002376471
36661	0.0020512791
36662	7.83076923077E-05
36663	0.0054927381
36664	3.33720930233E-05
36665	0.0010624419
36666	0.5494767442
36667	0.0005080435
36668	0.0011708929
36669	0.0004153333
36670	0.0005325
36672	0.0007009375
36673	0.0001787209
36674	3.83720930233E-05
36675	6.74418604651E-05
36677	0.0198105814
36679	0.0002068605
36680	0.0004704651
36681	0.0018053731
36682	0.0084242105
36683	0.0009272727
36684	0.0050129762
36685	0.0008064516
36686	1.81176470588E-05
36687	0.0024330588
36688	0.0001675581
36689	0.0031012791
36690	0.0005922727
36691	3.33720930233E-05
36693	0.0005029032
36694	0.0015457143
36695	7.23255813953E-05
36696	0.0006190698
36697	0.0678989535
36698	0.0005648387
36699	0.0003948387
36700	0.002282973
36701	0.0003285714
36702	3.66666666667E-05
36703	0.0006755882
36704	0.0009867647
36705	0.0247636842
36706	0.046104186
36707	0.0016385938
36708	0.0597019767
36709	0.0002923256
36710	0.0001452326
36712	6.17441860465E-05
36713	0.0008132051
36714	0.0010393023
36715	0.0004591111
36717	0.002725
36718	0.0009378082
36719	1.3734939759E-05
36720	0.0009654651
36721	0.0005174419
36723	0.3706284884
36724	0.000250814
36725	0.0063787952
36726	0.004727561
36727	0.0003545455
36729	0.000160566
36730	0.0006255556
36731	0.0011229412
36732	0.0001124419
36734	0.002549375
36736	0.0003841176
36737	0.0007506452
36738	0.0001716667
36739	0.0014244186
36740	0.0692111628
36741	0.2122912791
36742	0.0007156098
36743	0.0006789474
36744	0.0002346154
36745	0.000597907
36746	0.0002607143
36747	0.0011316393
36749	3.33720930233E-05
36750	0.00036
36751	0.2732016279
36752	0.0064706977
36753	0.0004543182
36754	0.0003889474
36755	0.0001664
36756	0.0640245349
36757	0.0002848837
36758	0.0099234884
36759	0.0001302817
36760	0.0001959302
36761	0.0035973256
36762	0.0004007143
36763	0.0001994444
36764	0.2112743023
36765	0.0004665385
36766	0.001151831
36767	6.17441860465E-05
36768	0.0004154545
36770	0.0001452326
36771	0.0172733721
36772	0.0936804651
36773	0.00088375
36774	0.0004109091
36775	0.0113096512
36776	0.0007110345
36777	0.0015182667
36778	0.0002034884
36779	0.0099077215
36780	0.0001555
36782	0.0001124419
36783	0.0007580556
36785	0.000962931
36786	0.0003856977
36787	7.82558139535E-05
36788	0.000297907
36789	0.2091944186
36790	0.0006901724
36791	0.0026435556
36792	0.0001425
36794	0.2308340698
36795	0.0193652055
36796	0.000235
36797	0.0009482353
36798	7.82558139535E-05
36800	6.17441860465E-05
36801	0.000338
36803	0.0006777273
36804	0.0002843243
36805	0.0002180233
36806	0.0025343103
36807	0.0002314545
36808	0.0009275758
36809	0.0002818605
36810	0.0008905195
36812	3.33720930233E-05
36814	0.0001975
36815	0.0008384
36816	0.000387093
36817	3.83720930233E-05
36818	0.0004582558
36819	0.0004466279
36820	0.0002166667
36821	0.0024494186
36822	5.02325581395E-05
36823	0.00029
36824	0.0001966667
36825	0.0005270588
36826	0.0001675581
36827	8.36046511628E-05
36828	0.0006369048
36829	0.0004550649
36831	0.0002034884
36832	0.0002336111
36833	0.0086256757
36834	0.0009606977
36835	0.0003436364
36836	0.0004275
36838	0.0052232857
36839	0.0031222093
36840	0.0012363158
36843	7.82558139535E-05
36844	0.0003076744
36845	8.36046511628E-05
36848	1.81176470588E-05
36849	0.0021129851
36851	0.0009663636
36852	0.0066488095
36853	0.0015664
36855	0.0009652941
36857	0.000015
36858	0.0003657143
36859	0.0535994186
36860	0.000175
36861	0.0008075758
36862	0.0001062791
36863	0.0004957143
36864	0.00157
36865	6.17441860465E-05
36866	0.0001289535
36867	0.0004190909
36868	0.0026019767
36869	0.0004445455
36871	0.0001271429
36872	0.000524
36873	0.0043546032
36874	4.43023255814E-05
36875	0.0003607692
36876	0.00017
36878	0.0002818182
36879	1.68604651163E-05
36880	0.00131025
36881	0.0043792754
36882	0.0107001176
36883	0.0007574603
36884	0.0009575
36886	0.0007656977
36887	0.053265814
36888	0.0003047059
36889	6.17441860465E-05
36891	0.000022766
36892	0.000095
36893	0.000357027
36896	0.0001636364
36897	1.68604651163E-05
36898	0.2156474419
36899	0.0002768182
36900	0.00035
36901	0.0003986111
36902	0.0033821176
36904	1.68604651163E-05
36905	0.0075159302
36906	0.0003210345
36907	0.0033919753
36908	0.0003107143
36910	4.43023255814E-05
36911	1.02325581395E-05
36912	0.0003475
36914	0.0007995833
36916	0.0003733333
36917	0.0003522093
36919	0.00048375
36920	2.64634146341E-05
36921	0.0010995161
36924	0.0088242373
36925	0.0001675581
36926	0.0001858621
36927	0.0001163889
36928	0.0004097222
36929	0.0002307143
36930	1.68604651163E-05
36931	0.0129651163
36932	0.0001983333
36933	0.0002921429
36934	0.1807217442
36935	0.0002011628
36936	0.0003211429
36937	1.3734939759E-05
36938	0.0185090698
36939	0.000385
36940	0.0094495349
36941	0.0003559259
36943	0.0252817442
36944	0.0001484615
36945	0.0002888889
36946	0.0001675
36947	0.001717193
36949	6.4463407143
36950	0.0002075
36951	9.67213114754E-05
36952	0.0078791667
36953	0.00222
36954	0.0005471429
36955	0.0075561628
36956	0.00049
36957	0.0002011628
36960	0.0021848235
36961	0.0005986207
36962	0.0026019767
36963	0.0009285294
36965	0.0002366667
36967	0.0005253488
36968	0.0002018182
36969	0.0010858333
36970	0.0004914493
36972	0.0013580556
36973	0.00357125
36974	0.0002989744
36975	7.82558139535E-05
36976	0.0003957143
36977	0.0006454386
36978	0.0005996512
36979	0.0004625
36980	0.0018409859
36981	0.0006965217
36982	0.0007824419
36983	0.0078119048
36984	0.0001625
36986	0.0002905814
36988	0.0005308065
36990	0.0011765116
36991	0.002079186
36992	0.0005062791
36993	0.0002843243
36994	0.0002011628
36995	0.0013036842
36996	5.02325581395E-05
36998	0.0005038095
36999	0.000265
37001	0.0004517241
37002	0.0121044444
37003	0.022262907
37005	0.0064601205
37006	0.0005190909
37008	6.74418604651E-05
37010	0.0003019444
37012	0.0003357143
37013	0.0003925
37014	4.43023255814E-05
37015	0.0007824419
37016	0.0011787209
37017	1.68604651163E-05
37019	0.0008601852
37020	0.000944186
37022	0.0006739535
37023	0.0018366102
37024	0.0011765116
37026	0.001659125
37027	0.000055814
37028	0.1519110465
37029	6.17441860465E-05
37030	0.0009927397
37031	0.0117347619
37032	0.000239
37033	0.0003087805
37034	0.0002566667
37035	0.0013139286
37036	0.000251
37037	0.0027717647
37039	0.0016825
37040	0.000645
37041	0.0010002326
37042	0.0005003947
37043	0.0015372093
37044	0.0022039744
37045	0.2124868605
37047	0.0070410465
37048	1.3734939759E-05
37049	0.2123355814
37050	0.00208375
37051	0.000468125
37052	0.0006657143
37053	0.0008314286
37054	0.0004
37055	0.000335
37057	6.17441860465E-05
37058	0.0003211111
37060	0.0008638372
37061	0.0003271429
37062	0.0009615
37063	0.0001875
37064	2.77906976744E-05
37065	0.0020815116
37066	0.0006948214
37067	0.0011525
37068	0.0001124419
37069	0.0008826744
37070	0.0003333333
37072	0.0001403488
37073	0.0380313514
37075	0.0005936842
37076	8.36046511628E-05
37077	0.0006753191
37078	0.0508201163
37080	0.0002689474
37081	0.0044705814
37082	1.68604651163E-05
37084	0.0038267857
37086	0.0006816949
37087	0.0020642308
37088	0.000537619
37089	0.0026081633
37090	0.0005682143
37091	0.000518125
37092	0.0105398701
37093	0.0041829412
37094	0.0005453846
37095	0.0004877778
37096	6.74418604651E-05
37098	0.0008847917
37099	0.0010703571
37100	0.0433410465
37101	0.0019333721
37102	0.0006239535
37103	0.0139322093
37107	0.1551259302
37108	0.0001006977
37109	0.0002572093
37110	1.68604651163E-05
37111	0.0002460465
37112	0.000535
37113	0.0004832558
37114	0.0034191304
37115	0.0050946835
37116	0.000588
37117	0.0004731034
37118	0.0064285714
37119	0.0001222093
37120	0.0041814754
37121	0.0004782222
37122	2.56470588235E-05
37124	0.0041704225
37125	0.0005595238
37126	1.68604651163E-05
37128	0.0002083333
37129	0.0009070968
37130	0.0005647619
37131	0.0850236047
37132	0.0018659574
37133	0.0003387179
37134	0.000742907
37135	0.0015794231
37136	1.68604651163E-05
37137	0.0009866279
37138	0.0049241429
37142	0.0003562963
37143	0.0003091176
37145	0.0001062791
37146	0.0006818605
37148	0.0005
37149	0.0057244186
37151	8.36046511628E-05
37152	0.0005433333
37153	0.00007
37155	0.000022907
37156	0.0003107143
37157	0.0003825641
37159	0.000165
37160	0.0061339286
37162	0.004379125
37163	0.0002793023
37166	0.00043
37167	8.95348837209E-05
37168	0.0002530769
37169	0.0005996512
37170	0.000130625
37171	1.68604651163E-05
37173	0.001184186
37175	0.0101338272
37176	0.0029098837
37177	0.6915113953
37178	0.0004024419
37180	0.0005066667
37181	0.0002295349
37182	6.17441860465E-05
37183	2.56470588235E-05
37185	0.0008162791
37186	0.006196
37188	0.0061246512
37189	0.0008194231
37190	0.0070723256
37191	0.0015926744
37192	0.0107895294
37193	0.0004354651
37194	0.0029225352
37195	0.1551304651
37198	0.0007812308
37199	0.1372732558
37201	0.003202963
37202	0.0093010294
37203	0.0005214286
37205	0.0008215116
37206	0.0004068421
37207	0.0006706977
37209	0.000198125
37210	1.68604651163E-05
37211	0.0434361765
37212	0.0006805
37215	0.0020815116
37216	7.82558139535E-05
37217	2.56470588235E-05
37218	0.0001396512
37219	0.0010313158
37220	0.1051266279
37221	0.2130063953
37222	0.0001289535
37223	6.03125E-05
37225	0.0005415
37226	0.0041630233
37227	0.000055814
37229	0.001934186
37230	0.0006725926
37231	0.0003640541
37232	0.0005227273
37233	0.0063127848
37235	0.0003671875
37236	0.000055814
37237	0.0001734884
37238	7.82558139535E-05
37239	0.0013962963
37240	0.000133
37241	0.0004548387
37242	0.0007246512
37244	0.0035735714
37245	7.61627906977E-05
37246	0.0003684091
37247	3.33720930233E-05
37249	0.0006195082
37250	0.021522907
37251	0.0001623256
37253	0.00015
37254	0.0001222093
37255	0.0005505405
37257	0.00085375
37258	0.0004335714
37259	0.0004752326
37260	0.0005387097
37261	8.36046511628E-05
37262	0.0012323256
37263	0.0447525581
37264	0.0008492105
37265	0.0019719444
37266	0.0034902899
37267	0.0005388333
37268	0.0001124419
37269	0.00095
37271	0.0004195652
37272	0.0008758621
37276	0.0067153571
37277	0.2140180233
37278	0.0007805556
37279	0.0010523438
37280	0.0007376744
37282	0.001089375
37283	0.0010528302
37284	0.0025171053
37285	0.0030058228
37287	0.00049
37288	0.0016467901
37289	0.0028475714
37290	0.0006062857
37292	0.0017742
37293	0.0075610417
37294	0.0006461111
37295	0.0007897778
37296	0.0248983099
37297	0.0106694118
37299	0.1112780723
37300	0.00051375
37302	0.0009622222
37303	0.0003228049
37304	0.003642907
37305	5.06976744186E-05
37307	0.0017797101
37308	0.0013073256
37310	0.0015609302
37311	0.0002905814
37313	0.0002513333
37314	0.0015501333
37316	0.0002329851
37318	0.0001647674
37319	0.000397093
37320	0.0003262857
37321	0.0007073077
37322	0.0008628571
37324	0.00269
37325	0.0017619048
37327	0.0007905
37330	0.0004819355
37332	0.0002776471
37334	0.0005345833
37335	0.023855122
37336	0.0001222093
37337	0.0004433333
37341	0.0007229167
37342	0.000275
37343	0.0214635294
37344	0.0002411111
37345	4.43023255814E-05
37346	0.0005976923
37347	0.000355
37348	0.000408
37349	0.3766198837
37350	0.00019
37351	0.0006071186
37352	0.0002646667
37355	0.0005534146
37356	7.82558139535E-05
37357	0.0200016279
37358	0.0005305814
37359	0.2308656977
37360	0.000250814
37361	0.000632381
37363	0.0017798333
37364	1.85333333333E-05
37365	0.0019582051
37366	0.0010306494
37367	0.0011918919
37368	0.0184316279
37370	0.4636263953
37374	0.0028284615
37375	0.000080625
37376	0.0012783333
37377	0.0013715294
37378	0.0013347541
37379	0.0002086207
37380	0.0009697674
37381	0.0068038462
37382	0.0030452326
37384	0.0007112
37385	0.0001769231
37386	0.0007978846
37387	0.0156713953
37388	0.0025459494
37389	0.0091715116
37390	0.0005925882
37391	0.0015497183
37392	0.000765098
37393	0.001507973
37394	0.0344584932
37395	0.0042434884
37397	0.0009688889
37398	0.0003738462
37399	0.0008857407
37401	0.0004496429
37402	0.0073844186
37403	0.0002466667
37404	0.001067
37406	0.0005585714
37407	0.0047091892
37408	0.000342381
37409	0.01137
37410	0.0006709091
37411	0.0007261905
37412	0.0001825
37413	0.0014051316
37414	0.0005163492
37416	0.0004883333
37417	0.0016813846
37418	0.0155597561
37419	0.0011905797
37420	0.0043639535
37421	0.0002976667
37422	0.000177907
37423	0.0006217778
37424	0.0073018605
37425	0.0007677049
37426	0.0035023171
37427	0.0002811111
37428	0.0013936364
37429	0.0004087037
37430	0.0003525581
37431	0.0005028571
37433	0.0006032653
37434	0.0032944186
37435	0.0528024419
37437	0.0004559375
37438	0.0007063793
37439	0.0006864286
37440	0.000507037
37441	0.007845
37443	0.0004606452
37445	0.0003661905
37447	0.0017948837
37450	0.0008877143
37451	0.1759467442
37452	0.0002568571
37453	0.0105669767
37455	0.004897093
37458	0.0014615068
37459	0.0103290698
37461	0.0001758824
37462	0.0009954
37463	0.0026416216
37464	0.0251520238
37466	0.0009022353
37467	0.00035
37468	0.0049480952
37469	0.0295618605
37471	0.042637907
37472	0.0004917808
37474	0.0002283333
37476	0.0013174026
37477	0.0002029032
37478	0.8989176744
37479	0.0140107407
37480	0.0528597826
37482	0.0009759091
37483	0.0012909877
37484	0.001602
37485	0.0021668116
37486	0.7844609302
37487	0.0028089157
37488	0.0003767692
37489	0.0004175
37490	0.001425
37491	0.0187162195
37493	0.002443
37494	0.0012345455
37495	0.0006771429
37496	0.0037767442
37497	0.0003633333
37498	0.0094384884
37499	0.0030382558
37500	0.0082833333
37501	0.0434382558
37502	0.0003925532
37503	0.1087767442
37504	0.0006744444
37505	0.0007532258
37506	0.000233
37507	0.0194620513
37509	0.0007438182
37510	0.0062068605
37511	0.000625
37512	0.0001386047
37513	0.0574098837
37514	0.0002690698
37515	0.0003916667
37516	0.0006241379
37517	0.0010681395
37518	0.0010562791
37519	0.0015974419
37520	0.0143526744
37522	0.0397098837
37523	0.0078529333
37524	0.0019689873
37525	0.0008904651
37526	0.0048972727
37527	0.0006802
37528	0.0011677966
37529	0.0006983824
37532	0.000417619
37533	0.0006590244
37534	0.1162354651
37535	0.0055032308
37536	0.0005356863
37537	0.0134061628
37538	0.0015997619
37539	0.0099594937
37540	0.1314276744
37542	0.0009543333
37544	0.0060775
37546	0.0013782051
37547	0.0010682143
37548	0.0003972549
37549	0.0005024
37550	0.000617234
37551	0.0015184091
37552	0.0000958
37553	0.0007718
37554	0.0005522034
37556	0.0170968605
37558	0.0194032143
37559	0.0013405085
37564	0.00606875
37565	0.0004451163
37567	0.010095
37568	0.0011990698
37569	0.0007628125
37570	0.00011
37571	0.0045729412
37572	0.0028690361
37573	0.0255324324
37574	0.0111789474
37575	0.037014186
37576	0.0005611765
37577	0.000283125
37578	0.0396930769
37580	0.1140644186
37581	0.0002188571
37582	0.0011985897
37583	0.0019786
37584	0.0010046479
37586	0.001677561
37587	0.0003174074
37588	0.0005614
37589	0.000470625
37590	0.00013
37592	0.00224225
37593	0.0051647674
37595	0.002427013
37597	0.0009912
37598	0.000806875
37600	0.0003085714
37601	0.0019521154
37602	0.0001386047
37603	0.000354898
37604	0.0005275862
37605	0.0005050847
37607	0.000135
37608	0.0023148837
37609	0.0007094118
37610	0.0015632468
37611	0.0001386047
37612	0.0089918841
37614	0.0037170175
37615	0.0004566667
37616	0.0007255882
37618	0.0049743373
37619	0.001512963
37620	0.0004884211
37621	0.0022609756
37622	0.0010977333
37623	0.0008011628
37624	0.0016919767
37625	0.0002727273
37626	0.000305
37628	0.0005057447
37629	0.0004075
37630	0.0015974419
37631	0.003728
37632	0.0009081081
37633	0.0010681395
37635	0.0040788889
37636	0.0002345238
37638	0.0002377778
37639	0.0012075
37642	0.0030216279
37643	0.0006958824
37644	0.003900411
37645	0.0005621739
37647	0.0019801266
37648	0.0016011111
37649	0.0033847541
37650	0.1284165116
37651	0.0258225581
37652	0.0002402778
37654	0.007322
37655	0.0016490789
37656	0.0113277647
37657	0.0006432143
37658	0.0002121569
37659	0.0026
37660	0.0005803846
37661	0.0002957143
37662	0.0003782353
37663	0.0001371429
37664	0.000704
37665	0.0033363529
37666	0.0007613846
37667	0.00026
37668	0.0005719643
37669	0.0020417105
37671	0.0005193939
37672	0.0002175
37673	0.000496
37674	0.0011865714
37675	0.0028493023
37676	0.01211
37677	0.0371312791
37679	0.2179356977
37680	0.000298
37681	0.0045421176
37682	0.000480625
37684	0.0006002857
37685	0.0008325
37686	0.2428340698
37687	0.0003606977
37688	0.0749323256
37689	0.00153
37691	0.0010058824
37692	0.0004080851
37693	0.0009019697
37694	0.0004911111
37695	0.0274734884
37696	0.0453236047
37698	0.0677481395
37699	0.0037134568
37700	0.0003729412
37701	0.0008877143
37702	0.000945
37703	0.0003508333
37705	0.0188994186
37706	0.0001386047
37707	0.0055209302
37708	0.0966903488
37709	0.0007191667
37710	0.0080209524
37711	0.0005264706
37712	0.0002619231
37714	0.0004832692
37715	0.0002638095
37719	0.0256445349
37720	0.0184013415
37721	0.0004641818
37723	1.3529093023
37725	0.0013883673
37727	0.00019
37728	0.0035074627
37729	0.002612716
37730	0.0004013793
37732	0.00053
37733	0.000304375
37735	0.0004096
37736	0.009358
37737	0.0020066667
37739	0.036297907
37740	0.0133569767
37741	0.0006663158
37743	0.0072092857
37744	0.0267140698
37745	0.0111851163
37746	0.0007124419
37747	0.0002159091
37748	0.0003394118
37749	0.001812125
37750	0.0011278947
37751	0.0003047059
37752	0.0029750588
37753	0.0131894118
37754	0.0020740984
37755	0.0230302353
37756	0.0009048387
37757	3.6352218605
37758	0.0011688889
37760	0.0003075
37761	0.0002097368
37762	0.0549995714
37763	0.000704058
37764	0.0005487097
37765	0.0011012963
37766	0.0003422581
37767	0.0002293333
37768	9.40697674419E-05
37769	0.0003942857
37770	0.0027686585
37771	0.0044761429
37772	0.0002914286
37775	0.0337790698
37776	0.4465513953
37777	0.1078162791
37778	0.000285
37779	0.001526
37780	0.0004003333
37781	0.0001386047
37782	0.0007214667
37783	0.0006570588
37784	0.0004381818
37785	0.0003759302
37786	1.3923551163
37787	0.000256087
37788	0.0006513333
37789	0.0151080233
37790	0.0015327027
37791	0.0221718605
37792	0.0028493023
37793	0.0014345
37794	0.000592963
37795	0.0005237313
37797	0.0011679688
37798	0.0009241379
37799	0.0011295522
37800	0.0003605556
37801	0.0002872222
37802	0.0229494805
37803	0.0004342308
37804	0.000336
37805	0.0041098824
37807	0.0011526471
37808	0.0017570513
37809	0.0002376
37810	0.4311366667
37811	0.0353014493
37812	0.0030275581
37813	0.0005328571
37814	0.0913665116
37815	0.0052738095
37816	0.0006262162
37817	0.0005453333
37818	0.000852093
37819	0.0029788636
37820	0.0016919767
37822	0.0004666667
37823	0.0037670238
37824	0.0013312727
37825	0.00004
37826	0.0081830588
37828	0.0051126829
37830	0.3235831395
37831	0.0012095652
37832	0.0016213415
37833	0.0003709091
37834	0.000515814
37835	0.0010681395
37837	0.0008113235
37838	0.1058724419
37839	0.0188843023
37840	0.0177645882
37841	0.000411875
37842	0.0005946667
37843	0.0628211628
37844	0.001073617
37845	0.005375119
37846	0.0007244444
37848	0.0024282353
37849	0.0002845455
37852	0.0004044118
37853	0.0005851667
37854	0.0020840741
37855	0.0021396154
37856	0.0738168605
37857	0.0007507042
37858	0.001344
37860	0.0005564
37861	0.006376
37862	0.0001533333
37863	0.003323625
37864	0.0002674359
37866	0.0091529268
37867	0.076577093
37868	0.0073003488
37869	0.014904359
37870	0.0587061628
37872	0.0004244444
37874	0.0430575581
37875	0.0011575581
37877	0.0002906452
37878	0.0563060465
37879	0.0001386047
37880	0.0005944444
37881	0.0006053012
37882	0.0147933721
37884	0.2187344186
37885	0.057686
37886	0.0017739286
37887	0.000292
37888	0.0005945455
37889	0.000624
37891	0.0118425581
37892	0.0215256471
37893	0.0023148837
37896	0.0107792771
37897	0.0026529487
37898	0.0010720755
37899	0.0001984
37900	0.0001386047
37901	0.0295686747
37902	0.0009150725
37903	0.0007046667
37904	0.0072626316
37905	0.0040705263
37907	0.1499484884
37908	0.0034789474
37909	0.0004380556
37910	0.0004146154
37911	0.0461222093
37914	0.0005975806
37915	0.0355152326
37916	0.0048660526
37918	0.0017145349
37919	0.0781943023
37922	0.0118729268
37923	0.0010686585
37924	0.0007901639
37925	0.0025802632
37926	0.0003266667
37927	0.061350814
37928	0.0005611765
37929	0.0021001235
37930	0.0001386047
37931	0.1245712791
37932	0.0332369767
37934	0.0001386047
37935	0.0043472941
37936	0.0011855224
37937	0.00032
37938	0.000286875
37939	0.000433
37940	0.002635
37941	0.0114866279
37942	0.0060552326
37943	0.0172612791
37944	0.0017192405
37945	0.000347037
37947	0.0021712069
37948	0.0086094872
37949	0.0010177941
37950	0.001425
37951	0.0008070492
37952	0.0006615789
37953	0.000142963
37955	0.0014504545
37956	0.0264383721
37957	0.0581656977
37958	0.002010625
37959	0.11442
37961	0.0021261039
37962	0.0008237255
37963	0.0029274286
37964	0.0056988372
37965	0.0003633333
37966	0.0002216667
37967	0.0015451351
37969	0.0019648193
37970	0.0649634884
37971	0.0119997674
37972	0.0195
37973	0.0331238372
37974	0.0007392593
37975	0.00189
37977	0.2047113953
37978	0.0090646512
37979	0.00034
37981	0.0002684375
37982	0.0001675
37983	0.0030753846
37984	0.0137123256
37985	0.0003565116
37986	0.0112222222
37987	0.0001386047
37990	0.0007936842
37991	0.2221567442
37992	0.0007124419
37993	0.0075537288
37994	0.0015966667
37995	0.005998375
37996	0.0344387059
37998	0.0003778947
38000	0.001388481
38001	0.0048081395
38002	0.0019726389
38003	0.0500694186
38005	0.0009838889
38006	0.0060422785
38007	0.0004403448
38008	0.0004328571
38009	0.0001386047
38010	0.066627093
38011	0.0009794186
38012	0.001425
38013	0.0358074699
38014	0.1404962791
38015	0.00029
38017	0.0006944231
38018	0.0008489362
38019	0.0021886765
38020	0.0005627778
38022	0.0005964706
38023	0.0007024444
38028	0.0023353333
38029	0.00195
38033	0.0014360526
38034	0.0006230189
38035	0.0015582192
38036	0.0009459091
38038	0.0009988889
38039	0.0003965
38041	0.0007508333
38042	2.4671151163
38043	0.0002485294
38044	0.0062474419
38045	0.0003554167
38046	0.0011575581
38050	0.0224409756
38051	0.0018704651
38052	0.0006927778
38054	0.0006793617
38057	0.0010418841
38058	0.0006042
38059	0.00034
38060	0.0002592308
38062	0.001538375
38063	0.0046482278
38065	0.0083697674
38066	0.0008985714
38067	0.0006753425
38068	0.000192
38069	0.2577019767
38070	0.0082666279
38071	0.0098604054
38072	0.0002059091
38073	0.0004166667
38074	0.0016018605
38075	0.00128875
38076	0.0648183721
38077	0.00121
38078	0.0011222222
38079	0.00114875
38080	0.0013890541
38081	0.0003869565
38082	0.0019362791
38083	0.0660654118
38084	0.0011575581
38085	0.0053216667
38087	0.0042302632
38089	0.0009737255
38091	0.0004743103
38092	0.0004591176
38093	0.0013810465
38095	0.0007166667
38098	0.0002339286
38099	0.0007067742
38100	0.0232184706
38101	0.0002838095
38102	0.7089632558
38103	0.0005960656
38105	0.0022631579
38106	0.0021091429
38107	0.0011001613
38109	0.1646756977
38110	0.0266432558
38111	0.0023329114
38112	0.000741
38113	0.0265802326
38115	0.0676275581
38116	0.0006073077
38118	0.0248440698
38120	0.000315
38121	8.93023255814E-05
38122	0.0084545349
38123	0.0143594048
38124	0.000284375
38125	0.0091357143
38126	0.0009145882
38127	0.0015411628
38128	0.0128318868
38129	0.0126803488
38130	0.0012142254
38131	0.0003130612
38133	0.000172
38134	0.000021
38135	0.0033065432
38136	0.0081724419
38137	0.0019666234
38138	0.001266383
38139	0.0433194186
38140	0.0004768293
38141	0.0015085714
38143	0.0004840541
38144	0.172682907
38145	0.0037791176
38148	0.000432
38149	0.0032752941
38150	0.0041423377
38151	0.0012439706
38152	0.00138
38153	0.0003565116
38155	0.0003377778
38156	0.0003125
38158	0.0649634884
38159	0.001635
38160	0.0035043478
38162	0.0035105882
38163	0.0018092105
38165	0.0005663636
38166	0.0019111864
38168	0.00029
38169	0.1239483721
38170	0.0095398765
38172	0.0008406667
38174	0.0484398837
38175	0.0009818182
38176	0.0002404545
38177	0.0032348837
38178	0.010974359
38179	0.0067712791
38180	0.0004464
38181	0.0003562264
38183	0.000696875
38185	0.0011218182
38187	0.00145
38188	0.0008011628
38189	0.0040960465
38190	0.0634882558
38191	0.0002470588
38195	0.0173737209
38196	0.0099090123
38197	0.0152206329
38198	0.0173318824
38200	0.0003430769
38201	0.0024493506
38202	0.0024108333
38203	0.00068125
38204	0.002047
38205	0.0007714286
38206	0.0147489474
38207	0.014004625
38208	0.0006586765
38209	0.0001386047
38210	0.0001386047
38211	0.0003942623
38212	0.043277907
38213	1.62222222222E-05
38214	0.010708625
38215	0.00074
38216	0.0014173134
38217	0.0154044186
38218	0.0093494186
38219	0.0120931395
38220	0.0017160256
38221	0.0001772727
38222	0.0006
38223	12.4663284884
38224	0.0005732432
38225	0.0113310465
38226	0.000245
38227	0.00102375
38228	0.0016018605
38229	0.001741519
38230	0.0056143243
38231	0.0018123529
38232	0.0003759302
38233	0.0013206383
38234	0.0005086486
38235	0.0008621875
38236	0.0025824419
38238	0.0005452083
38239	0.00143
38240	0.0032053488
38241	0.006170814
38242	0.0090646512
38243	0.0005889744
38244	0.0001386047
38245	0.0027362353
38246	0.0010884286
38247	0.0011279221
38248	0.000501875
38249	0.001635082
38250	0.0050010638
38252	0.0006355814
38253	0.0008725333
38254	0.0023818293
38255	0.0861146512
38256	0.0292501163
38257	0.0023965
38258	0.0003171429
38259	0.0042745349
38261	0.000694898
38263	0.0011774419
38264	0.00137875
38265	0.9739755814
38266	0.0081847059
38268	0.000205
38270	0.0040039535
38271	0.2232461628
38272	0.0007403125
38274	0.0003092857
38275	0.0102944578
38276	0.000842439
38277	0.0006377778
38278	0.00036
38279	0.0004889796
38280	0.0011801429
38281	0.0052410976
38282	0.0006718519
38283	0.0012812281
38284	0.0098746341
38285	0.0164798333
38286	0.2798868675
38287	0.0868698837
38288	0.000342
38289	0.0217637209
38290	0.003620122
38292	0.0002852941
38293	0.000895
38294	0.0002136842
38295	0.0015974419
38296	0.0005792727
38297	0.0189661628
38299	0.0600152326
38300	0.0002766667
38301	0.0005572973
38302	0.0004451163
38303	0.00083125
38304	0.0019164706
38305	0.0309047674
38306	0.0098806977
38307	0.0757761628
38308	0.0034915116
38309	0.0142227907
38310	0.0009865455
38312	0.00064375
38313	0.0003265854
38316	0.0238559756
38317	0.0006922388
38318	0.000586087
38319	0.0223495349
38321	0.0026986585
38322	0.0007435211
38323	0.0077473256
38324	0.0004947619
38325	0.0009328261
38326	0.0696315116
38327	0.1058724419
38328	0.0016094286
38330	0.0027952941
38331	0.0009170588
38332	0.0002846512
38333	3.2914055814
38334	0.00053
38335	0.0346055814
38336	0.0009706667
38337	0.0005732353
38340	0.4348861628
38342	0.0309719767
38343	0.0011645614
38344	0.00014
38345	0.0007377966
38346	0.0004278049
38347	0.0001804
38349	0.000510303
38350	0.001636
38352	0.0007226087
38353	0.0083097674
38355	0.0309719767
38356	0.0030625581
38358	0.0014920513
38359	0.000425
38360	0.0009033333
38361	0.0010742188
38362	0.0004625
38366	0.0030452326
38368	0.0018704651
38369	0.0021552778
38370	0.0019588372
38372	0.0015134884
38375	0.0004473171
38376	0.001316
38377	0.0006307692
38378	0.0014665217
38379	0.0005673585
38380	1.2361625581
38381	0.000568
38383	0.0015134884
38385	0.0003553571
38386	0.0015775439
38387	0.0112339535
38388	0.0031150794
38389	0.0030275581
38390	0.0049451163
38391	0.1005745349
38392	0.0001957143
38393	0.0135975581
38394	0.0004811765
38395	0.0012723438
38397	0.0008306452
38398	0.0007124419
38399	0.0005925882
38402	0.0120151807
38403	0.0007124419
38404	0.0007680822
38405	0.0003413333
38406	0.0004133333
38407	0.024720678
38408	0.000615122
38409	0.0023862195
38410	0.0011545313
38412	0.0004019231
38414	0.0003408571
38415	0.0035682353
38416	0.00094
38417	0.00052
38418	0.0003307143
38419	0.0014221154
38420	0.0029644828
38421	0.0062946479
38422	0.0004071429
38425	0.0686839535
38426	0.0017847692
38427	0.000238
38428	0.0048081395
38429	0.0503133721
38430	0.0044508108
38431	0.00021
38432	0.5615204651
38433	0.0002105263
38434	0.0014186486
38436	0.0013976923
38437	0.0005322222
38438	0.002343253
38439	0.0004052632
38440	0.0073029412
38441	0.002393617
38442	0.0096134483
38443	0.0002538889
38444	0.0005762963
38446	0.0002325
38447	0.0020125806
38448	0.0007133333
38449	0.0007124419
38450	0.0037107018
38452	0.0005967647
38453	0.0327721951
38454	0.0020206494
38455	0.0039175581
38456	0.132017093
38457	0.0004630769
38458	0.1148652326
38459	0.0004081818
38461	0.007889875
38462	0.0008904651
38464	0.0007048649
38465	0.0025384211
38466	0.0821869767
38467	0.0093940698
38469	0.0016088889
38470	0.0014972857
38471	0.0003308333
38472	0.0001670588
38475	0.0086573469
38476	0.0380694186
38477	0.00179
38478	0.0022757895
38479	0.0012461628
38480	0.0066225
38481	0.0008011628
38482	0.0002168
38483	0.0071233721
38484	0.0009794186
38485	0.002134375
38486	0.0006236047
38487	0.0130586047
38489	0.0305622093
38491	0.0003403125
38492	0.0015134884
38493	0.0006597778
38494	0.0327563953
38495	0.000327
38499	0.0002275
38500	0.0004244737
38501	0.030616625
38502	0.00038625
38504	0.00241
38506	0.0002579762
38507	0.0015848387
38508	0.0007876119
38509	0.7017603488
38510	0.001694
38512	0.9631231395
38513	0.0015974419
38514	0.0004242857
38515	0.0099243529
38516	0.0004332143
38520	0.0001386047
38521	0.0014548387
38522	0.00242
38524	0.0050201316
38525	0.0037116667
38526	0.0006446269
38528	0.0007059091
38530	0.0369839535
38531	0.0084534884
38532	0.0011944444
38533	0.0363319767
38534	0.000086
38535	0.0032192857
38536	0.0162556471
38537	0.0071243529
38538	0.057060814
38539	0.000314186
38540	0.0006988889
38541	0.0150238824
38542	0.0142513333
38543	0.0003886207
38544	0.0023605
38545	0.000525
38546	0.0003353846
38547	0.0005128571
38548	0.0003771429
38550	0.0011084211
38551	0.0001386047
38552	0.8928752326
38554	0.0062835897
38556	0.0011821739
38557	0.0010473529
38558	0.0019001471
38559	0.000258
38560	0.2719418605
38561	0.0055753571
38562	0.0018638
38564	0.1509282558
38565	0.0017207576
38567	0.0003023529
38568	0.0047315686
38569	0.0064733333
38570	0.0740289535
38571	0.0003565116
38572	0.000975
38573	0.0014295833
38574	0.0114116471
38575	0.0011511392
38576	0.256860814
38577	0.1306832558
38578	0.0040964865
38581	7.08219178082E-05
38582	0.018851519
38584	0.0007423077
38586	0.0004073171
38587	0.000828125
38589	0.0050912766
38590	0.000963125
38591	0.0005925882
38593	0.0054757746
38595	0.0007344444
38597	0.0011442424
38598	0.00019275
38599	0.0003977778
38600	0.0011075
38601	0.0104461905
38602	0.0006230769
38603	0.0012768182
38604	0.0100802326
38605	0.00036375
38606	0.00067
38610	0.2001574419
38611	0.00048
38612	0.0019635897
38613	0.0139524419
38614	0.001285
38615	0.0005280357
38617	0.0033076271
38618	0.0015838889
38619	0.0011215278
38620	0.0438989535
38621	0.0207468605
38623	0.004897093
38624	0.0005375
38626	0.0003415
38627	0.0011696203
38628	0.0008904651
38629	0.0001915385
38630	0.0005466667
38631	0.0672894118
38632	0.0004115789
38633	0.0005333333
38634	0.8064446512
38636	0.0047731667
38638	0.0004118182
38639	0.0028368182
38640	0.0245127381
38641	0.022434186
38642	0.002356506
38643	0.0008213699
38644	0.0030216279
38646	0.0004847761
38647	0.0075540698
38648	0.0658923256
38649	0.0011818033
38650	0.0001386047
38651	0.0094207229
38653	0.00193
38654	0.0060759302
38655	0.2645430233
38656	0.0002022581
38657	0.04049875
38658	0.0003118182
38659	0.0004817647
38660	0.0002454902
38661	0.014412907
38662	0.0001788889
38664	0.0005064912
38665	0.0005181818
38666	0.0008904651
38668	0.0009559091
38669	0.0001657143
38672	0.0040466216
38673	0.0029738333
38674	0.0008091489
38676	0.0320554651
38678	0.0537604651
38680	0.000236
38681	0.0003466667
38682	0.00033
38683	0.0057905714
38685	0.0006939535
38686	0.0003663333
38687	0.0097184
38689	0.0365961628
38691	0.0008185075
38692	0.00159
38694	0.0155825
38696	0.0006121951
38698	0.0235739535
38701	0.0024930233
38702	0.0014820732
38703	0.0006635135
38704	0.0002413333
38705	0.0035913235
38707	0.0013715294
38708	0.0226514118
38709	0.0007313333
38710	0.0015505195
38712	0.0325084211
38713	0.0001386047
38714	0.0023959091
38715	0.0122784722
38716	0.0003972222
38717	0.0113231395
38718	0.0007964286
38720	0.0035619767
38721	0.0274103488
38722	0.0007808065
38723	0.0020110769
38724	0.0013626563
38725	0.0004478378
38726	0.0001386047
38727	0.0740289535
38728	0.0001386047
38729	0.000545
38731	0.0282281395
38734	0.0051060606
38735	0.000502439
38736	0.0023056522
38737	0.0005275758
38738	0.0008491892
38740	0.0018134177
38741	0.0001386047
38742	0.2152873256
38745	0.0010211429
38746	0.0015002469
38747	0.0002892857
38749	0.0005619643
38750	0.0004276271
38751	0.0004135294
38752	0.0005684615
38753	0.0004118182
38754	0.0219082143
38756	0.003906383
38757	0.0091528571
38758	0.0001
38759	0.0119301163
38760	0.0028089157
38761	0.0002735
38763	0.0019296104
38764	0.0004894595
38765	0.0016487342
38766	0.023924186
38767	0.0004941667
38768	0.0001359259
38769	0.0006778125
38770	0.0008734375
38771	0.0009534483
38773	0.0004179592
38774	0.0293961628
38775	0.4721210465
38776	0.0015389474
38777	0.0004661364
38778	0.0084039506
38779	0.0009794186
38780	0.012427
38781	0.0046119231
38782	0.0010681395
38784	0.0003472727
38785	0.0001964706
38787	0.0012717722
38788	0.0046446377
38789	0.0005344186
38790	0.0002755556
38791	0.0013537662
38792	0.0016130882
38793	0.0001
38794	0.0423413253
38795	0.7934276744
38797	0.0032762195
38798	0.001381
38799	0.00019875
38800	0.0200093023
38801	0.0013446
38802	0.0089031507
38803	0.0164561446
38804	0.0002661765
38805	0.0002367742
38806	0.382229186
38809	0.001170625
38810	0.0023375
38812	0.0027262712
38813	0.0004182609
38814	0.0302194186
38815	0.00067
38819	0.000354186
38820	0.0005204839
38821	0.0177780488
38822	0.5204662791
38823	1.98507462687E-05
38824	0.0050188372
38825	0.0002833333
38826	0.0027605814
38827	0.0032317647
38830	0.0131810448
38831	0.0003270968
38833	0.0002594118
38834	0.0002785714
38835	0.0009343077
38836	0.0002945455
38837	0.0003785106
38838	0.527472907
38840	0.0060671429
38841	0.00133
38842	0.0002251724
38844	0.0002741667
38845	0.0008040816
38846	0.0009875
38847	0.0009318182
38848	0.0264383721
38849	0.9569060465
38850	0.0031517949
38851	0.1363119767
38852	0.0036510345
38853	0.0003537313
38855	0.0019375581
38856	0.0005
38857	0.0004559322
38858	0.0428423288
38859	0.051912093
38860	0.0004390909
38861	0.0294202597
38862	0.0295869767
38863	0.0060594737
38864	0.0004551351
38866	0.0020114118
38867	0.0038213095
38869	0.0026446341
38870	0.0007395833
38872	0.0023475581
38873	0.000177907
38874	0.0014044444
38875	0.0008971212
38876	0.0005312987
38878	0.0160824615
38879	0.0009135714
38880	0.0006205769
38881	0.0005778182
38882	0.1873882558
38884	0.0007233929
38885	0.1269404651
38888	0.0003821739
38889	0.6518230233
38890	0.0002975
38892	0.0006492857
38894	0.0556515116
38896	0.000429375
38897	0.0861665854
38898	0.0012846296
38899	0.0005290476
38901	0.0003742857
38903	0.0011683333
38904	0.0900665116
38905	0.000567561
38907	0.0001386047
38909	0.0081919767
38910	0.0016008333
38912	0.0508231395
38913	0.0188843023
38914	0.0009045714
38916	0.0009427632
38917	0.0100523256
38918	0.00083
38919	0.0005713333
38920	0.0007602041
38922	0.000135
38923	0.0004875
38924	0.0269473256
38925	0.0013249206
38927	0.0433245349
38929	0.00050875
38930	0.0010295455
38931	0.0063319048
38932	0.0003258065
38935	0.0009303947
38936	0.0002372727
38937	0.001966
38938	0.0034973171
38939	0.0003783333
38940	0.001108209
38942	0.0010382143
38944	0.0003116667
38945	0.0060839474
38946	0.0003334426
38947	0.0005503448
38948	0.0007475
38950	0.0012434483
38951	0.0010107317
38952	0.0151204286
38953	0.0026140964
38954	0.0006508
38955	0.0015801351
38956	0.000448125
38957	0.0010952239
38958	0.0003625
38959	0.0003116176
38960	0.0426933721
38961	0.0005178947
38962	0.000464
38963	0.0109155294
38965	0.00036
38966	0.001348
38968	0.0017961224
38969	0.0001826667
38970	0.000819
38971	0.0012425
38973	0.0010754545
38975	0.0023026744
38976	0.001271
38977	0.0006501667
38978	0.000303125
38979	0.0004320833
38980	0.0011490769
38983	0.000571
38984	0.000135
38985	0.0197446988
38986	0.239347907
38988	0.0004698837
38989	0.0021565152
38991	0.0008295775
38992	0.00086225
38993	0.0262906977
38994	0.0001522581
38995	0.0008225
38996	0.01964
38997	0.0019304918
38998	0.0126803488
38999	0.0055077907
39001	0.0135288312
39003	0.0643186047
39004	0.0012195385
39006	0.002216
39008	0.002464026
39009	0.002191875
39010	0.0003186792
39011	0.0017809302
39012	0.0030191045
39013	0.0010346575
39014	0.0010123214
39015	0.0005044068
39016	0.0006236047
39017	0.000112619
39018	0.0016441176
39019	0.0004585714
39021	0.0027187013
39022	0.0002266667
39024	0.0005064286
39025	0.0785363953
39026	0.0064264912
39027	0.0015845833
39028	0.028805
39029	0.0003426316
39030	0.0005671429
39031	0.00051
39032	0.000835
39033	0.0031586747
39034	0.0028885
39035	0.0109516279
39036	0.0006377778
39037	0.0316994186
39038	0.2589918605
39040	0.0001866667
39042	0.0017351613
39044	0.0014490385
39045	0.0106336047
39046	0.0094384884
39047	1.0182704651
39048	0.00024
39049	0.0005172727
39050	0.00103825
39051	0.0115392857
39054	0.0011804444
39056	0.0020449333
39058	0.01525625
39060	0.0007313333
39063	0.0005383019
39064	0.0954189535
39065	0.0314873256
39067	0.0202230909
39069	0.0024637805
39070	0.0125906977
39071	0.0300381818
39072	0.000304
39073	0.0024060494
39074	0.0040960465
39077	0.0052533721
39078	0.0007407143
39079	0.0218156977
39080	0.0001553846
39081	0.000657069
39082	0.2734524419
39083	0.0003909375
39085	0.0013333846
39086	0.0006126316
39087	0.0036551316
39088	0.00045
39089	0.0060552326
39091	0.0499435294
39092	0.0044957831
39093	0.041416988
39094	0.000495
39096	0.0004606061
39097	0.0105560811
39099	0.0004232759
39100	0.0002344828
39101	0.0022580303
39103	0.0001386047
39104	0.0014754167
39106	0.0043907547
39107	0.0422497674
39108	0.0069824419
39112	0.0005783636
39113	0.0008152703
39114	0.00019
39116	0.00015
39118	0.0006558333
39119	0.0094503659
39120	0.001933
39121	0.0005925882
39122	0.0011403077
39123	0.0003881818
39124	0.0002363636
39126	0.0016481944
39127	0.0055941463
39128	0.0004278846
39129	0.0026879487
39130	0.0013618868
39132	0.0004709091
39133	0.0003924138
39137	0.0006056
39138	0.0043984058
39139	0.0292365882
39140	0.0005356098
39141	0.0006892105
39142	0.0308094186
39143	0.0067921795
39145	0.0016839506
39146	0.0006189474
39147	0.0016919767
39148	0.0009320833
39149	0.0169072093
39150	0.0007269565
39152	0.0015911475
39153	0.1273153488
39154	0.000233
39157	0.000345
39158	0.0008056364
39159	0.0253317647
39160	0.0002884211
39161	0.1567339535
39162	0.0455075904
39163	0.0009979167
39164	0.0007802083
39165	0.0007177465
39166	0.0010095522
39167	0.9840475581
39168	0.0038290769
39170	0.0009295918
39171	0.0008789474
39172	0.0302153488
39173	0.011730241
39174	0.0015678481
39175	0.0011095238
39177	0.0061657143
39178	0.0258475
39179	0.0035286747
39181	0.0014835616
39182	0.0002996429
39183	0.00042
39184	0.0002116667
39185	0.0038501163
39186	0.0199184337
39187	0.1564860465
39188	0.0001888636
39189	0.0026712791
39192	0.0007625926
39193	0.004057439
39194	0.0011153448
39195	0.0004398276
39196	0.0046191892
39197	0.0024301282
39198	0.0453236047
39199	1.0288460465
39201	0.0001386047
39202	0.0008538889
39203	0.00111475
39204	0.0017869014
39205	0.0173010714
39206	0.0050755814
39207	0.0004664444
39210	0.0003069565
39211	0.0010339241
39212	0.0057614634
39213	0.0003385714
39215	0.0940451163
39216	0.0004963793
39217	0.0004094118
39218	0.0004388372
39219	0.015513038
39221	0.0001386047
39222	0.0030815116
39224	0.0175205814
39225	0.0005391667
39226	0.0078329762
39227	0.0008657143
39228	0.00627625
39231	0.0287517442
39232	0.008568
39234	0.9527556977
39235	0.0005968889
39236	0.0185513953
39237	0.0001993478
39239	0.0006944186
39240	0.0001386047
39241	0.0019588372
39242	0.0002971053
39243	0.0067042222
39245	0.0002759302
39246	0.0016082432
39247	0.0002642857
39249	0.0060943529
39251	0.4061262791
39252	0.4427494186
39253	0.0003343478
39255	0.0005237037
39256	0.000147619
39258	0.0005642857
39260	0.0013171212
39261	0.0013982278
39262	0.0009816667
39263	0.0001766667
39265	0.0005303704
39266	0.0100618605
39267	0.0005668421
39268	0.0013354054
39269	0.010390875
39270	0.1194053488
39271	0.0003283333
39272	0.0005201754
39273	0.0066309302
39276	0.0001633333
39277	0.0017056977
39278	0.0440230233
39279	0.0058743023
39280	0.0002364
39282	0.0001887209
39283	0.0003873529
39284	0.0278617442
39285	0.0005029167
39286	0.0005630769
39288	0.0003645455
39289	0.014399186
39290	7.44444444444E-05
39291	0.0028391667
39292	0.0013069231
39293	0.0216730233
39294	0.0007301282
39296	0.0451711905
39297	0.0022737209
39298	0.0004598113
39299	0.0276630233
39300	0.0054951163
39301	0.000431087
39302	0.000567907
39303	0.0011860526
39304	0.1431848837
39306	0.0216730233
39307	0.0760969767
39308	0.0090945349
39309	0.0006317442
39310	0.0003396
39312	0.0008684884
39313	0.1082246512
39314	0.0121262791
39315	0.0007529333
39316	0.0039794186
39317	0.0684855422
39318	0.00605275
39319	0.0024424691
39321	0.0008501316
39322	0.0007755357
39323	0.0015395
39324	0.0002216667
39326	0.0038163529
39327	0.0005042105
39328	0.0001887209
39329	0.0003355814
39330	0.30202
39331	0.0005004651
39332	0.0017056977
39334	0.0085806977
39335	0.924402093
39336	0.015665
39337	0.0066614815
39338	0.0001733333
39339	0.0296146479
39341	0.0394104651
39342	0.0036320779
39343	0.0098527907
39344	0.0002444444
39345	0.294504186
39346	0.0013130137
39349	0.0013037705
39350	0.0002302326
39351	0.0006384783
39352	0.0005235938
39353	0.0004894444
39354	0.0021052326
39355	0.0138313953
39356	0.0003163934
39358	0.0010963889
39359	0.0042416456
39360	0.0016325
39362	0.0048156977
39364	0.0005357813
39365	0.000251
39366	0.0002347368
39367	0.0009209302
39369	0.0020789535
39370	0.0104611111
39371	0.0001887209
39372	0.7344319767
39373	4.8660633721
39374	0.019487093
39375	0.0406926744
39376	0.0111457143
39377	0.0108
39380	0.0005668182
39381	0.1462376744
39382	0.0147602326
39384	0.0009892982
39385	0.0024215116
39386	0.0008821053
39387	0.0092910465
39391	0.0268397561
39392	0.0014738372
39395	0.010042093
39398	0.0095585882
39399	0.0005553659
39400	0.0005889286
39402	0.0647997674
39403	0.009439878
39404	0.0003355814
39405	0.0002863235
39406	0.0001730769
39407	0.2199024419
39408	0.7600653488
39410	0.0004632099
39411	0.0011152381
39412	0.00013
39413	0.7030967442
39414	0.0101676471
39415	0.0416838372
39416	0.0006981429
39418	0.0644051163
39420	0.0005108
39421	0.0004381081
39422	0.00176475
39425	0.0011125641
39426	0.0127862791
39428	0.0030194186
39429	0.0004305882
39433	0.0005492
39434	0.0007440909
39435	0.0006491111
39439	0.0009508163
39440	0.0364005814
39441	0.0541275581
39442	0.1409075581
39443	0.0010694521
39444	0.0018846809
39445	0.00024
39446	0.0072246512
39447	0.0003942857
39450	0.0178098837
39451	0.078252093
39453	0.0490317857
39456	0.0029223438
39459	0.0004627119
39460	0.0001827273
39463	0.0929603488
39465	0.0394104651
39466	0.074669186
39468	0.0028686047
39469	0.1411575581
39471	0.0003355814
39472	0.4930181395
39473	0.0005182353
39474	0.3459589535
39476	0.0002835294
39477	0.0003623529
39479	0.0002444444
39480	2.62790697674E-05
39481	0.0003206557
39482	0.0180001163
39483	0.0005133333
39485	0.0012738889
39486	0.0004155172
39488	0.000379186
39490	0.0006523529
39492	0.0951209302
39493	0.0015155814
39494	0.0047113953
39495	0.0025457895
39496	0.0001358333
39497	0.0173696471
39498	0.000379186
39499	0.0009146032
39500	0.0022913433
39501	0.0291637209
39502	0.0001887209
39503	0.0003416667
39504	0.4570103488
39505	0.1256688372
39507	0.0261476744
39508	0.1713890698
39510	0.0181896512
39512	0.0003355814
39513	0.0404248837
39514	0.0002471429
39515	0.0077682558
39516	0.0283123529
39517	1.2913130233
39518	0.0342951163
39521	0.003854881
39522	0.0014045714
39523	0.0003723077
39525	4.0264993023
39526	0.00175
39528	0.0004576923
39529	0.00019875
39530	0.0625266279
39531	0.0008367857
39533	0.0087161628
39534	0.0015028571
39535	0.0507175581
39537	0.0014295313
39538	0.0028063636
39539	0.0002016667
39540	0.0489169767
39542	0.0378986047
39543	0.0004822581
39545	0.0014410256
39546	0.0004560606
39547	2.4658676744
39548	0.0007575581
39549	7.44444444444E-05
39551	0.000332
39552	0.0042807692
39553	0.1854774419
39554	0.0175323529
39555	0.0004175
39556	0.0003355814
39558	0.0010456579
39561	0.046042093
39562	0.0003910417
39563	0.0018331148
39564	0.0025921538
39565	0.5682390698
39567	0.0102313953
39568	0.0003815789
39569	0.0116345882
39570	0.0152639535
39573	0.0001837209
39576	0.0196351163
39577	0.0004655556
39579	0.00197
39580	0.0032204651
39583	0.0409260465
39584	0.0031221311
39585	0.0405916279
39586	0.1205048837
39588	0.0072047674
39589	0.0002411111
39590	0.0062214286
39592	0.019515
39593	0.0005508333
39594	0.0005486207
39595	0.00031
39596	0.0011374419
39597	0.0062525581
39598	0.0031622222
39599	2.62790697674E-05
39600	0.0002863235
39601	0.0002569231
39602	0.0004186486
39603	0.0310567442
39604	0.0033427907
39607	0.0006566667
39610	0.0004941379
39611	0.0374434783
39612	0.0008104444
39613	0.0083369767
39614	0.0029948837
39616	0.0008684884
39617	0.0005651515
39620	0.0003355814
39621	0.0010835897
39622	0.0058743023
39624	7.28301886792E-05
39626	0.0173696471
39627	0.0003476
39628	0.0004533333
39629	0.0005835484
39631	0.000913913
39632	0.0234945349
39633	0.0373263953
39635	0.0003355814
39636	0.0001887209
39639	0.0008630769
39640	0.0006738983
39641	0.000285
39642	0.000465
39643	0.0003978571
39644	0.0001887209
39645	0.0003618519
39646	0.0002633803
39647	0.0165608974
39651	0.0004684615
39652	0.0003929412
39653	0.0072246512
39655	0.00807
39657	0.0816862791
39660	0.0011510145
39661	0.0003355814
39662	0.0071325581
39668	0.0013222973
39669	0.0024246341
39673	0.0056238889
39674	0.6742602326
39675	0.0006051163
39676	0.000567907
39677	0.0003804762
39678	0.0005795238
39681	0.0246933721
39683	0.0005148
39684	0.007098375
39685	0.021192093
39686	0.0405694805
39687	0.0149684884
39688	0.0022341463
39689	0.0003355814
39690	0.0014634884
39691	0.0001053488
39693	0.000355
39694	0.0008287879
39695	0.002605814
39696	0.0002127273
39697	0.0004862222
39698	0.61165
39700	0.0023955814
39704	0.0013689535
39706	0.0007410909
39708	0.0002605634
39709	0.00033
39710	0.5662062791
39715	0.018877093
39716	0.0192647674
39718	0.000711875
39719	0.0006489286
39720	0.0004154545
39721	0.0405916279
39723	0.004257
39725	0.0018244156
39726	0.0033882857
39728	0.0098290698
39729	0.0047338095
39730	0.0138313953
39731	0.0120409302
39732	0.0008020833
39733	0.002842093
39734	0.0094652703
39735	0.0008573529
39736	0.0003112766
39737	0.00056125
39738	0.000195
39741	0.0003803846
39742	0.0017065432
39743	0.0056688235
39744	0.1516968605
39745	0.0037101235
39746	0.000581875
39747	0.0004768293
39748	0.000534375
39749	0.181082561
39750	0.0004209302
39751	0.000379186
39753	0.00383
39756	0.002069359
39758	0.055804186
39759	0.0001575
39762	0.0006668657
39763	0.0002055556
39765	0.3529066279
39766	0.0043887209
39768	0.0221186047
39769	0.0004054348
39770	0.0004698039
39772	0.000831
39774	0.0004866667
39777	0.000817234
39778	0.0006034247
39780	0.000225
39782	0.00048
39785	0.0022341463
39786	0.00038125
39788	0.0004817391
39789	0.0079577907
39791	0.0005037931
39794	0.0003466667
39795	0.0663148837
39797	0.0004083721
39798	0.1682032558
39801	0.0034649412
39802	4.34782608696E-05
39803	0.0054951163
39804	0.0120409302
39805	0.0156830588
39806	0.0056846512
39807	0.0252005882
39813	0.00072
39814	0.0001635714
39817	0.0002503333
39818	0.0062323256
39820	0.0017433333
39822	0.024080814
39823	0.0005219608
39825	0.0018308197
39826	0.000185
39828	0.2663566279
39829	0.0006051163
39831	0.1358524419
39833	0.000567907
39834	0.0111793023
39836	0.0031566279
39837	0.0006795455
39838	0.0758789535
39839	0.1203323256
39841	0.00068
39842	0.0003378723
39843	0.0773781395
39844	0.0004282979
39845	0.0002907143
39846	0.0034646575
39847	0.0005933333
39848	0.0144068657
39849	0.0004251429
39850	0.0006095833
39851	0.0030964865
39852	0.0012598837
39853	0.0038690698
39854	0.012573253
39855	0.0006945455
39857	0.001000641
39858	0.010129
39859	0.0022462791
39861	0.000313871
39862	0.000740303
39863	0.0003586111
39864	0.0005052632
39865	0.0002175
39866	0.0053783019
39868	0.0007009756
39869	0.0103780952
39870	0.0007334524
39871	0.0141051163
39873	0.0009204082
39874	0.0003865789
39875	0.0012041463
39876	0.0235439535
39877	0.000545
39878	0.0012018605
39880	0.0006707353
39882	0.0118741176
39883	0.0012795652
39884	0.000453125
39885	0.0177209412
39886	0.0007180233
39888	0.0274662791
39889	0.0054482609
39890	0.0036477907
39891	0.00024
39892	0.0342186047
39893	0.0008016279
39894	0.0002676471
39895	0.0003156522
39896	0.0003515
39897	0.1705316667
39899	0.0054915625
39900	0.0024624359
39901	0.00034
39904	0.0065784524
39907	1.0036641861
39908	0.000312
39909	0.0006113462
39910	0.0002809091
39912	0.0021195
39914	0.0028311628
39915	0.0013162069
39916	0.00187
39918	0.0001275
39920	0.001903
39921	0.0897822093
39922	0.000834
39923	3.06153846154E-05
39924	0.0042565672
39926	0.0037689796
39929	0.0056598765
39930	0.0025636111
39931	4.3129836047
39933	0.0021092683
39935	0.0033889157
39937	0.0033688372
39938	0.0004411538
39939	0.1088394186
39941	0.1052327907
39942	0.0003709524
39943	0.0012598837
39944	0.0004409375
39945	0.0050732394
39946	0.00019
39947	0.0017837975
39948	0.0008321818
39950	0.0001076923
39951	0.0006682558
39953	0.5308832558
39954	0.0028763043
39955	0.0107498387
39956	0.000478
39957	0.8164801163
39958	0.0006235484
39960	0.0012598837
39961	0.7273754651
39962	0.1932661628
39963	0.0180388158
39964	0.0016605882
39965	0.0018778788
39969	0.000716
39970	0.1332953488
39971	0.0247436047
39972	0.2309254651
39973	4.47297297297E-05
39976	0.0003163158
39977	0.0003989655
39978	0.039281358
39979	0.0023661538
39980	0.0012598837
39981	0.0008130952
39982	0.0016398276
39984	0.0751871765
39985	0.0120195349
39986	0.0001613636
39987	0.0001990909
39988	0.0007180233
39989	0.3071938372
39990	0.0155165116
39991	0.2671973256
39992	0.0053474667
39993	0.0009171429
39995	0.0023358333
39996	0.000232
39998	0.0078790698
39999	0.0201572093
40001	0.104732093
40003	0.0030413462
40004	0.018686375
40006	0.00012125
40007	0.0010722222
40008	0.000345
40010	0.0083939024
40011	0.0022043478
40012	0.7438947674
40014	0.0063629487
40015	0.0022462791
40017	0.0012940385
40018	0.0135197619
40019	0.0014917647
40021	0.0007475
40022	0.0251103488
40024	0.0037429762
40026	0.0015866279
40027	0.0648073469
40028	0.000680625
40029	0.0008419149
40030	0.2483711628
40031	0.0810872093
40033	0.0004463636
40036	0.0131089535
40037	0.0013675862
40041	0.0031545679
40043	0.0001886047
40044	0.0003089474
40046	0.00029
40050	0.0002854545
40051	0.0003813514
40052	0.000363
40054	0.0003528571
40055	0.0005416
40056	0.0035447826
40059	0.0003802632
40060	0.0005679032
40063	0.4413572093
40064	0.0004358824
40065	0.0135634667
40066	0.0003575472
40067	0.00065
40069	0.0235609302
40070	0.0004790909
40071	0.002208254
40072	0.0006770833
40073	0.0065924419
40074	0.0188061628
40075	0.02712375
40076	0.0992590698
40079	0.0002632432
40080	0.0096239024
40081	0.0002242857
40082	6.8723384884
40084	0.0011978947
40085	0.0020546429
40086	0.0021447059
40088	0.0035993846
40090	0.0003655
40091	0.0408656977
40092	0.0001078049
40093	0.0033346753
40094	0.0002632353
40095	0.0430695349
40099	0.0370823256
40100	0.001116
40101	0.0012598837
40102	0.0016833898
40103	0.0161567059
40104	0.0008335714
40105	0.0004096296
40106	0.078172907
40107	0.0001414286
40108	0.000147
40109	0.0867455556
40110	3.72413793103E-05
40114	0.1227994186
40115	0.000354
40117	0.0012638776
40118	0.0007511429
40120	0.0005371429
40121	0.1707237209
40123	0.0004701818
40124	0.0004436111
40125	0.0688990698
40126	0.001626
40127	0.0002485714
40128	0.104960814
40129	0.0050953488
40130	0.0021590323
40131	0.0012673171
40132	0.0004091304
40133	0.0047983333
40134	0.0005221739
40135	0.0243925581
40136	0.0446181395
40137	0.0353861628
40138	0.0012598837
40139	0.0036477907
40141	0.0181177907
40142	0.0015223333
40143	0.0157071605
40144	0.0007844898
40146	0.0326905814
40148	0.0002866667
40149	0.0007752941
40150	0.0004005
40151	0.1017239535
40153	0.0012598837
40154	0.4160955814
40156	0.0015844444
40157	0.5952746512
40158	0.0018043529
40159	0.0022847436
40160	0.0160888372
40161	0.0007180233
40162	0.011889186
40163	0.0052844186
40164	0.00117
40165	0.0001008333
40166	0.0036477907
40167	0.000535
40170	0.0003883871
40171	4.02127659574E-05
40174	0.0006047619
40175	0.0004258824
40177	0.1173994186
40179	0.0038709231
40180	0.2421476744
40181	0.0013003226
40183	0.5118763953
40184	0.0003286047
40186	0.1067359302
40192	0.0003126667
40193	0.0003506667
40198	0.0461048837
40199	0.0031425714
40200	0.0001525
40201	0.0002236364
40202	0.0205989412
40203	0.0033574074
40204	0.0539215116
40206	0.0134532143
40207	0.000225
40208	8.0427153488
40209	0.0007834783
40210	0.0111702985
40211	0.0086137209
40212	0.0120195349
40213	0.0013212329
40214	0.0005204348
40215	0.0002766667
40216	0.0003452381
40217	0.0007486667
40218	0.0006512162
40219	0.0004
40220	0.0002918182
40221	0.0008595349
40222	0.0002454545
40223	2.1847905814
40226	0.0022462791
40227	0.005093662
40228	0.0001704167
40229	0.0004825
40230	0.0007180233
40231	0.0099637209
40232	0.0001422727
40233	1.6784980233
40234	0.0048287013
40235	0.0012598837
40236	0.0022462791
40237	0.000581
40238	0.009530814
40242	0.0036477907
40243	0.0006282353
40245	0.0038883333
40247	0.0005047368
40248	0.0181701163
40250	0.0496824419
40251	0.0007265
40254	0.001662
40255	0.0012548889
40258	0.01282
40259	0.0004282609
40261	0.0009705195
40262	0.0007180233
40263	0.000145
40264	0.0081108219
40265	0.0018885714
40266	0.0353569767
40267	0.002815
40268	0.0007539286
40269	0.0068415116
40270	0.0216785882
40272	0.0025392727
40274	0.0002266667
40276	0.001650625
40280	0.0048670833
40281	0.0004541509
40282	0.0003175862
40283	0.007585102
40285	0.0010594737
40286	0.0005533333
40287	0.0004592308
40288	0.1331940698
40290	0.0007144444
40292	0.000215
40293	0.0119714118
40294	0.0411401176
40295	0.0004388462
40296	0.0028858462
40298	0.0036477907
40299	0.0010593846
40300	0.0002776471
40303	0.0258554651
40304	0.0008574545
40306	0.0009463158
40307	0.0010922222
40309	0.0006058824
40310	0.0012596429
40311	0.0106621429
40313	0.0703990698
40315	0.001455
40317	0.000511
40319	0.0007726667
40320	0.0128323256
40321	0.0001744737
40322	0.0002190909
40324	0.00017625
40325	0.0006726531
40327	0.0092631884
40329	2.7687127869
40330	0.0042069767
40331	0.0004358621
40334	0.0004963636
40339	0.0036477907
40340	0.0008959302
40341	0.0008831481
40342	0.0022019048
40343	0.0019080233
40344	0.0003760465
40345	0.0007791935
40346	0.0005345238
40347	0.0028626667
40350	0.0004886567
40351	0.1158010465
40352	0.000342
40354	0.0004618182
40356	0.0003172414
40359	0.004469186
40360	0.0003251923
40361	0.0013046154
40362	0.00052
40365	0.0003228571
40366	0.0003585714
40368	0.0025148
40369	0.0092094366
40370	0.0008295238
40371	3.06153846154E-05
40372	0.0022779592
40373	0.0010061111
40374	0.0010456923
40376	0.0003755556
40378	0.0016541667
40379	0.0005646154
40380	0.0003622917
40381	0.0016062353
40382	0.0197222093
40383	0.006735
40386	0.002375814
40387	0.000035
40388	0.0005798276
40389	0.0012598837
40390	0.0021705814
40391	0.000781039
40392	0.00007
40393	4.47297297297E-05
40394	0.0005108511
40395	0.00046
40396	0.00036375
40397	0.0004008
40398	0.0084438372
40399	0.0034890909
40400	0.0006016667
40402	0.00009
40403	0.0009603125
40404	0.0211532941
40405	0.339945814
40406	0.0006040476
40407	0.8340302326
40411	0.0011606667
40412	0.0012598837
40413	0.000155
40415	0.0012598837
40417	0.0004294118
40418	0.0047181395
40419	0.0007904
40420	0.0005072727
40421	0.1812282558
40422	0.0003473333
40423	0.000308
40424	0.0223359302
40425	0.0015638983
40426	0.1063788372
40427	0.0007204478
40428	0.0011436364
40429	0.0001254651
40430	0.0444216279
40432	0.00545725
40433	0.0007180233
40434	0.0001426316
40435	0.0005754545
40438	0.00179
40439	0.0012598837
40440	0.0002842857
40443	0.0042492063
40444	0.0014990196
40445	0.0004635484
40447	0.0003516667
40449	0.0012
40452	0.0098615116
40454	0.0003634483
40455	0.0010342647
40456	0.0004783333
40457	0.0033974419
40459	0.0056591667
40460	0.6041789535
40461	0.00001
40462	0.0019813953
40464	0.0002808621
40465	0.010905125
40466	0.0009035714
40467	0.7524077907
40468	0.0008095833
40471	0.0009703333
40472	0.0002745455
40473	0.0448669412
40476	0.0012598837
40477	0.000236
40478	0.0003214286
40481	0.0078417391
40482	0.0011323256
40483	0.5284502326
40484	0.0061804651
40490	0.0036477907
40491	0.000416
40492	0.0022346032
40493	0.0014624419
40494	0.0006731429
40495	0.0135219048
40496	0.0002832558
40498	0.0006382353
40499	0.0137681707
40500	0.0010525
40502	0.0038555263
40503	0.0002909524
40504	4.02127659574E-05
40505	4.7177668605
40506	0.0055087209
40508	0.0003608333
40509	0.035657
40511	0.0339867692
40512	0.0006139286
40516	0.0005825
40517	0.0002980952
40520	0.0105936585
40521	0.0015143902
40522	3.06153846154E-05
40523	0.0045415663
40524	0.0004592308
40525	0.0244510465
40526	0.0004203846
40527	0.008111
40528	3.06153846154E-05
40529	0.0016769767
40530	0.8302351163
40533	0.0011351515
40534	0.0040066279
40535	0.0001764286
40537	0.000452439
40539	0.0036775758
40540	0.001268
40542	0.0059296429
40543	0.1081680233
40544	0.0046236047
40545	0.0182355294
40546	0.0003094118
40547	0.0363511628
40548	0.0003053488
40550	0.0024881013
40551	0.0003480769
40552	0.0011648611
40553	0.0003092
40554	0.0013357143
40558	0.0056816867
40561	0.00044575
40562	0.0018425
40563	0.0004620408
40564	3.06153846154E-05
40565	0.0052998837
40566	0.0683376744
40567	0.0002276471
40568	0.1511426744
40569	0.0003245455
40570	0.0006441791
40571	0.000214
40573	0.0229126744
40575	0.0004922
40577	0.0080132558
40578	0.0007073256
40579	0.0005722222
40580	0.7063643529
40582	0.010354186
40583	0.0007180233
40584	0.0003151429
40587	0.00065
40588	0.0002975
40589	9.69230769231E-05
40590	0.0002278947
40591	0.000151
40593	0.0007098246
40594	0.000204
40595	0.0024725
40596	0.00331
40598	0.0167495349
40599	0.001002093
40600	0.0010652083
40601	0.4220559302
40602	0.0003790476
40605	0.0027095181
40607	0.0010563333
40608	0.00167375
40610	0.0007526923
40612	0.0006179167
40613	0.0005341818
40614	0.0004746
40615	0.0007004545
40616	0.0100258025
40619	0.0008033333
40620	0.0011013889
40621	0.0003211111
40624	0.0189756977
40627	0.0115204651
40628	0.0036188889
40629	1.42857142857E-05
40631	0.0006861538
40632	0.00001
40633	0.0005127273
40634	0.3045552326
40635	0.00043125
40636	0.0004567797
40639	0.0002127273
40640	0.1165102326
40641	0.0003996296
40642	0.0058836364
40643	0.0005895161
40644	0.0058352
40646	0.0001333333
40647	0.0046238462
40648	0.0003617949
40650	0.0028341026
40654	0.0002973214
40655	0.0304098824
40656	8.9332636047
40658	0.0109463953
40660	0.0015954545
40663	0.0156085882
40665	0.0099834524
40667	0.0027202532
40668	0.00085875
40669	0.0009556667
40670	0.0020918667
40671	5.0913445455
40672	0.0008425758
40674	0.0014675294
40675	0.0003229268
40677	0.0018709804
40678	0.0002844444
40680	0.0002433333
40681	0.0021188235
40682	0.0031096104
40683	0.0003042857
40684	0.0007928125
40685	0.0003370588
40686	0.0019588235
40688	0.0016025676
40689	0.0024988095
40690	0.0047722222
40692	0.058394186
40693	0.0002875
40694	0.003718375
40697	0.0098570588
40699	0.00056125
40701	0.0042655405
40704	0.000565
40705	0.0050257627
40706	0.00027
40707	0.0044974468
40708	0.0001122078
40710	0.0197130233
40711	0.0144508235
40712	0.0007180233
40716	0.0002171429
40717	0.0021380952
40718	0.0004495455
40719	0.0012624675
40721	0.000389
40723	0.010842561
40724	0.0007954545
40726	0.0016541667
40727	0.0005726316
40728	0.000292
40729	0.0285919767
40730	0.0037746512
40731	0.2406536047
40732	0.1323659302
40734	0.0001522222
40736	0.1014937209
40737	0.0008741667
40738	0.0012484314
40739	0.6106525581
40740	0.00031
40742	0.0047292857
40743	1.3843819767
40744	0.0037829762
40746	0.0023113953
40747	0.0007180233
40749	0.0023136585
40751	0.00041
40753	0.000775
40754	0.0011014286
40757	0.00027
40758	0.001526
40759	0.0012598837
40760	0.0009844118
40761	0.000517931
40762	0.0013848214
40763	4.1976744186E-05
40764	1.9195031395
40765	0.0002605556
40766	0.00032875
40767	0.0229998824
40768	0.0002953571
40769	0.0006801316
40770	0.0032411268
40771	0.00024
40772	0.0019278333
40773	0.000273
40774	0.0074041176
40775	0.0161834483
40776	0.0009903077
40778	0.0015882609
40780	0.0041051163
40782	0.0012598837
40785	0.0012598837
40787	0.0003201852
40788	0.0003223404
40790	0.0075916279
40791	0.0005425581
40792	0.0007718519
40793	3.8814967442
40794	0.0009846154
40796	0.00003375
40797	0.0012312195
40798	0.0012355714
40799	0.1468340698
40800	0.0003266667
40801	0.011984186
40803	0.0018223457
40804	0.0012598837
40805	4.47297297297E-05
40806	0.0084456977
40808	0.0003785714
40809	0.0042936047
40810	0.0004392308
40811	0.00218025
40813	0.0009364815
40814	0.0030779268
40815	0.3434533721
40816	0.0005823529
40817	0.0002419444
40819	0.0319512791
40820	0.0589094186
40821	0.0006028571
40824	0.0001893103
40825	0.0307625581
40826	0.0011765116
40827	0.0025738571
40828	0.0473705814
40830	0.0085788235
40832	0.0002266667
40833	0.1024547674
40834	0.0461048837
40836	0.0007547674
40837	0.0193412048
40839	0.0008954412
40840	0.0070027907
40841	0.0012598837
40844	0.000626875
40846	0.0002766667
40847	0.0006123077
40849	0.0003154167
40850	0.0004008333
40851	0.0017668421
40852	0.0036477907
40853	0.0007180233
40854	0.0219895238
40855	0.0003321429
40856	0.0003044737
40858	0.0002411111
40859	0.0008751852
40860	0.0289973256
40861	0.0003141176
40862	0.0002594444
40863	0.0094355696
40864	0.0009909302
40865	0.0002527273
40866	0.0004602985
40867	0.0008763953
40869	0.0007968519
40871	0.0004244186
40872	0.0058431034
40873	0.0004566667
40874	0.0143665116
40876	0.0056028302
40877	0.0007636667
40878	0.0297517442
40879	0.0004815
40880	0.0001703125
40883	0.0006395918
40884	0.0055853488
40886	0.0004252778
40887	0.0002566667
40888	0.0070825455
40889	0.5106106977
40892	0.0036477907
40894	4.1976744186E-05
40896	0.000282093
40898	0.033782093
40899	0.002672
40900	0.006012907
40903	0.0193347674
40904	0.0002946154
40908	0.0001725
40909	0.0086815116
40911	0.0048515854
40912	0.0001933333
40914	0.0632236047
40915	0.1093124419
40918	0.6109612791
40919	0.0003906061
40922	4.0512782558
40923	0.00001
40924	4.47297297297E-05
40925	0.0012418182
40926	0.0384235443
40928	0.0006621053
40929	0.0002997059
40931	0.0095148837
40932	0.0030702899
40933	0.0032993548
40934	0.0094248101
40936	0.0003883333
40937	0.0011808571
40938	0.0078126744
40940	0.0012598837
40941	0.0009956977
40943	0.0007459259
40946	0.0094338095
40947	0.0007418333
40949	0.0005655556
40950	0.00026
40952	0.0144372619
40953	0.0003858537
40955	0.0003671429
40956	0.0006131818
40957	0.0009054545
40958	0.0237796
40959	0.004905
40961	0.0072381928
40962	0.0002205556
40964	0.0010426
40966	0.0106394186
40967	0.0024447368
40968	0.0011979487
40969	4.72093023256E-05
40970	0.0020586364
40971	0.0044192982
40972	0.0066312195
40973	0.0025741463
40974	0.0003896
40976	0.0002477778
40979	0.0018396512
40982	0.0036477907
40983	0.0003023077
40984	0.0016196104
40985	0.0002908889
40987	0.0005119149
40989	0.0001634884
40990	0.0006973684
40991	0.0043663415
40992	0.000566
40993	0.0158253488
40995	0.0005721429
40996	0.0012598837
40997	0.0004117241
40998	0.00008
40999	0.0012229412
41000	0.0002933721
41001	0.0008707692
41004	0.0007398438
41005	0.0022462791
41006	0.0148730233
41007	0.0036477907
41008	0.044212907
41009	0.0130454651
41010	0.0014045238
41011	0.0002757143
41013	0.0015309859
41015	2.1475938372
41016	0.0036477907
41020	0.0012598837
41021	0.0004758333
41022	0.0006744068
41023	4.72093023256E-05
41024	0.00029
41025	0.2378344186
41026	0.0767180233
41027	0.0002082143
41028	0.0007759459
41030	0.0002933721
41032	0.0078623256
41033	0.002608
41034	0.0018409524
41035	0.0028768657
41036	0.0006218919
41038	0.0042753571
41042	0.0091068293
41045	0.0008
41046	0.0034681395
41047	0.0075756944
41048	0.0009365116
41049	0.00079
41050	0.0075231395
41052	0.0112138372
41053	0.0010551316
41055	0.0067109302
41056	0.0008985714
41057	0.0004233333
41058	0.0041382857
41059	0.0001157143
41061	4.02127659574E-05
41064	0.0003225
41065	0.0011170833
41066	0.0012598837
41067	0.0003327273
41068	0.000475
41072	0.0024181944
41073	0.0088262821
41074	0.0023801235
41075	0.0003911111
41076	0.0212839535
41077	0.0103037179
41079	0.0029677778
41082	0.0003561538
41083	0.0045867089
41084	0.0021488235
41085	0.0011793023
41086	0.063722907
41087	0.0034053488
41089	0.000286
41090	0.0005307692
41091	0.0005360465
41092	0.0002281818
41094	0.0002933721
41096	0.0002385714
41098	0.0001969231
41102	0.0003302326
41109	0.0113319767
41110	0.0012598837
41112	0.0002533333
41113	0.0001308333
41115	0.0065713636
41117	0.007066875
41118	0.0110505263
41119	0.0001884211
41120	0.0003202857
41122	0.0055036145
41123	1.4671975581
41124	0.008509759
41125	0.000335
41126	0.0160165714
41127	0.0004183333
41128	2.9271711628
41129	0.0002388235
41131	0.0059489535
41132	0.0003104167
41133	0.0125794118
41136	0.0004053333
41138	0.00019
41139	0.185025814
41141	0.0004151852
41142	0.000386875
41143	0.0005311905
41144	0.0054255814
41145	0.0005790909
41146	0.0002
41149	0.000296
41151	0.0388439189
41152	0.005247375
41153	0.0078619178
41154	0.0005226316
41155	0.0005985
41158	0.00034
41159	0.0009988889
41161	0.0395627381
41163	0.0044245902
41164	0.0005357692
41166	0.0922040698
41168	0.0003483333
41170	0.00047125
41171	0.0004748936
41172	0.014015814
41174	0.2391159302
41175	0.0002556522
41176	0.003247561
41177	0.0015064286
41179	0.0004542857
41180	0.001176
41181	0.0002233333
41182	0.000242
41184	0.039412069
41187	0.7846701163
41188	10.0912755814
41189	0.0005323077
41190	0.0004312281
41191	0.0003183333
41193	0.0101681538
41195	0.0007488889
41198	0.0012598837
41199	0.001294
41200	0.0006696552
41202	0.004277907
41203	0.0178560714
41204	0.0009217391
41208	0.0003183333
41209	0.0006763889
41211	0.1207134884
41212	0.001101
41213	0.00028
41215	0.0003817778
41216	0.00026
41218	0.0012530233
41219	0.00017
41221	0.0002257143
41223	0.0001428571
41224	0.0080581395
41225	0.0007337143
41226	0.0002995652
41228	0.000185625
41229	0.0012598837
41231	0.00013
41233	0.0002657143
41234	0.0056345652
41235	0.058457907
41236	0.0013111111
41237	0.0010988
41238	0.0016446429
41239	0.024255814
41240	0.0038541463
41244	0.0001966667
41245	0.0035098837
41246	0.0006992308
41247	0.0032678571
41248	0.0134284884
41250	0.0023170313
41251	0.0011181081
41254	0.0077568182
41255	0.001064
41256	0.0003348214
41257	0.0003809091
41258	0.0004283333
41259	0.0039545238
41262	0.018190119
41263	0.0002227273
41265	0.0002844444
41266	0.0004892308
41271	0.0002778947
41274	3.72413793103E-05
41276	0.0009678125
41277	0.0006507692
41278	0.0007866038
41279	0.00035
41281	0.0004230612
41282	0.0002925926
41284	0.0005859091
41285	0.0003927778
41286	0.0054203488
41287	0.0092980723
41289	0.0838363953
41290	0.0002263636
41291	0.0251690698
41293	0.0002476667
41295	0.0002433333
41296	0.0008956098
41297	0.0004276667
41299	0.0003772131
41300	0.0582945455
41301	0.0002945455
41303	0.013022093
41304	0.0012598837
41308	0.0008
41312	0.0012856364
41314	0.001724918
41316	0.0002453846
41318	0.0001675
41322	0.0001848235
41323	0.000304
41324	0.0183536047
41325	0.0002788372
41326	0.1171051163
41329	0.0017534884
41330	0.0041025
41331	0.0004654545
41332	0.0004105263
41333	0.0017270423
41334	0.0023153846
41337	0.0006779487
41338	0.0061804651
41339	0.00440875
41340	0.0025091045
41341	0.0360997674
41344	0.0011548529
41346	0.580029186
41347	0.0006482609
41348	3.06153846154E-05
41350	0.0009655
41351	0.0003257576
41352	0.0023425333
41353	0.0006878846
41354	0.0005037313
41355	0.0007605195
41356	0.0074854762
41357	0.0093622093
41359	0.0005220455
41361	0.0007604839
41362	0.0006072881
41364	0.0053734568
41365	2.66666666667E-05
41369	0.0034006667
41371	0.0009509459
41372	0.0215651807
41373	0.0198153571
41376	0.00065
41377	0.0132957317
41378	0.0030982051
41380	0.0165610465
41381	0.0004049091
41383	0.0368588372
41385	0.5714180233
41386	0.0004615
41388	0.000256
41389	0.0003497436
41391	0.0016148718
41392	0.0004719767
41393	0.0010516667
41395	0.0003224419
41398	0.0003801923
41399	0.0009386207
41400	0.0014041463
41402	0.0002422727
41403	0.000660814
41404	0.0005016667
41405	0.0008105882
41406	0.0002266667
41407	0.0007274194
41409	0.00029
41410	0.0026893023
41411	0.0061541429
41412	0.0049556471
41414	0.0015614103
41415	0.0010532051
41416	0.0002566667
41417	4.72093023256E-05
41418	0.0002448485
41419	0.000088125
41420	0.0062753488
41421	0.0008250725
41425	0.0024536508
41426	0.000328
41427	0.0103832941
41430	0.0004929508
41431	0.0001254651
41432	0.0009076471
41433	0.0116104348
41434	0.0002576
41435	0.0002213043
41437	0.0107049412
41440	0.0302688372
41442	0.0105902597
41444	0.0004020588
41445	0.000145
41446	0.0007197015
41447	0.0105294186
41448	0.0003927778
41449	0.000414
41454	0.132212093
41455	0.0036477907
41457	0.0003066667
41458	0.0010751282
41459	0.0008601493
41460	0.0036137037
41462	3.06153846154E-05
41464	0.0183540698
41465	0.0038919643
41469	0.0007278049
41470	0.0002933721
41471	0.0031208235
41472	0.00016
41473	0.0012598837
41474	0.00003375
41475	0.0153909091
41477	0.0005365116
41480	0.0884656977
41481	0.0002675
41482	0.0002533333
41485	0.0004085185
41487	0.0138469231
41488	0.0014190625
41489	0.0003981818
41491	0.0014547368
41492	0.0023085294
41493	0.0002053846
41494	0.0011655769
41498	0.0001943333
41501	0.0065143023
41503	0.0114247674
41504	0.000653
41505	0.00041
41506	0.0007030233
41510	0.0006551429
41512	0.0003317647
41514	0.0003686842
41515	0.0008571429
41517	0.000675
41519	0.0022792857
41520	0.0005941176
41521	0.0179448837
41522	0.0006442105
41523	0.0298656977
41524	0.0076631667
41526	0.0012385714
41527	0.001112375
41530	0.0035141463
41531	0.0003475
41532	0.0018998387
41533	0.0002291667
41536	0.0055821519
41537	0.0024540698
41539	0.0002872727
41540	0.0054721687
41542	0.0012598837
41544	0.000315
41545	0.0046074419
41546	0.0024235484
41547	0.0036334884
41548	0.2704202326
41549	0.000215
41550	4.02127659574E-05
41551	0.0022462791
41553	0.201717093
41554	0.0004017391
41556	0.000515
41557	0.0008345946
41558	0.0002871429
41560	0.0003277273
41562	0.0019964474
41563	0.0004164706
41565	0.0001381818
41567	0.0012644737
41568	0.0014076471
41569	0.00063
41570	0.0005192593
41573	0.0013272093
41574	0.00151125
41577	0.0011227778
41578	0.00066375
41579	0.0028367123
41580	0.9883290698
41582	0.0006964286
41583	0.0012598837
41584	0.0049623529
41585	0.0008758974
41589	0.0306495349
41591	0.0374039623
41592	0.0155251163
41594	0.0237173256
41595	0.0004929268
41596	0.00032
41597	0.003162931
41598	0.0018362821
41599	0.0011277941
41600	0.0003916327
41601	0.00017625
41602	0.0004142857
41604	0.0285632558
41606	0.000705
41607	0.0026422093
41608	0.0002834783
41610	0.0002184146
41611	0.0004627273
41613	0.000262
41615	0.009632
41616	0.000415
41617	0.0009576364
41618	0.0012598837
41620	0.2101969767
41626	0.0004176471
41627	0.0018409524
41628	0.0012598837
41629	0.0095211628
41630	0.0004669697
41631	0.000405
41633	0.0003905814
41635	0.0016047368
41636	0.0001541176
41637	0.0126344186
41640	0.00242925
41641	0.0266576744
41642	0.0002772222
41643	0.0209962791
41645	0.0002769355
41646	0.0037250704
41647	0.0017624419
41649	0.0008153521
41650	0.0161256977
41652	0.0003508333
41653	0.001492381
41655	0.0045282927
41656	0.0012414
41657	0.0127342857
41659	0.0012598837
41660	0.0003996429
41663	0.0049063953
41667	0.0011836986
41668	0.0004423636
41669	0.0003
41672	0.00011
41673	1.7885627907
41674	0.0026759701
41675	0.0013338095
41677	0.0013254545
41680	0.00024
41681	0.00599
41682	0.0032061039
41683	0.0008409677
41684	0.0004764286
41685	0.0003813333
41686	3.06153846154E-05
41690	4.47297297297E-05
41691	0.0002842857
41692	0.003490566
41693	0.0002975
41695	0.000435
41696	0.0029101299
41697	0.00237925
41698	0.0002208696
41699	0.0011052381
41701	0.0011689474
41702	0.0004982353
41703	0.0047181395
41705	0.0027514667
41707	0.0012598837
41708	0.134215814
41710	0.0002786667
41712	0.0013806383
41714	0.0017078182
41718	0.000217
41719	0.0007589744
41722	0.032070814
41723	0.0002835714
41724	0.00019
41726	0.0011168966
41727	0.00044
41729	0.00051
41730	0.000325
41731	0.0003846341
41733	0.0012598837
41734	0.001453871
41735	0.0038845882
41736	0.1282061628
41737	0.0139725926
41738	0.0333960465
41739	0.5712022093
41740	0.0060305814
41742	0.000732093
41745	0.0061941772
41748	0.0004780769
41749	0.0003109091
41750	0.0086815116
41751	0.000015
41753	0.0003512
41755	0.0003802941
41756	0.00015
41757	0.0006179487
41758	0.0035427848
41761	0.0003111765
41764	0.0008394444
41765	0.0002816667
41769	0.0003322222
41770	0.0005732353
41771	0.0003509375
41772	0.0001894444
41775	0.0048245882
41776	0.0004645455
41781	0.0001974286
41783	0.0126524138
41785	0.0042524051
41786	0.0021194595
41787	0.0004980645
41788	0.0012598837
41789	0.0003188235
41790	0.0036477907
41791	0.0142921519
41792	0.0004394444
41794	0.0036477907
41795	0.0003535294
41797	0.0006317021
41798	0.0359550685
41799	0.0342768605
41800	0.000268
41801	0.0005132
41803	0.0013068333
41804	0.0012598837
41805	0.001105
41809	0.020240814
41813	0.0007159091
41814	0.0077644872
41817	0.0002475
41818	0.0045837931
41819	0.0015811321
41820	0.0010439437
41821	0.0297452326
41822	0.001865
41823	0.00028225
41824	0.0018644615
41826	0.0003504348
41827	0.0014675294
41828	0.0046142308
41829	0.0048088462
41830	0.00038
41831	0.00065825
41833	0.0003536986
41834	0.0017443243
41837	0.0003475
41838	0.006915
41839	0.0077781928
41840	0.0005621053
41841	0.0012598837
41842	0.0006674194
41848	0.0012598837
41850	0.0005666279
41851	0.0007666667
41852	0.0119365116
41853	0.0078630233
41854	0.0012598837
41856	0.0004141176
41858	0.0001948
41859	0.0392372619
41861	0.0004034884
41862	0.00728
41863	0.000472963
41866	0.0012598837
41867	0.0053919277
41870	0.0004068
41871	0.0002426667
41873	0.0009566667
41875	0.0014508333
41876	0.0003673077
41877	0.2636188372
41878	0.0004375758
41879	0.0003423077
41881	3.06153846154E-05
41883	0.0004296429
41884	0.0027716438
41885	0.153785814
41886	0.0001078049
41887	0.000760411
41888	0.0002033333
41890	0.0013038889
41892	0.000455
41893	0.0012598837
41897	0.0036477907
41898	0.0075311392
41899	0.0017459302
41900	0.0003515152
41902	0.0021664706
41903	0.0006666667
41904	0.01150375
41905	0.0003568966
41906	0.0003193333
41907	0.0162346429
41908	0.040855814
41911	0.000216
41913	0.000235
41914	0.0024540698
41915	0.00041
41918	0.0003879167
41919	0.0005045455
41922	0.0007410294
41923	0.0105294186
41924	0.00055125
41925	0.0006326667
41930	0.0134577465
41931	0.0001
41932	0.0018977907
41935	0.0048161017
41938	0.0002910526
41939	0.0004382143
41941	0.0013227907
41942	0.0002376471
41943	0.00027
41944	0.0002961111
41945	0.0012598837
41946	0.1189927907
41947	0.0099905814
41949	0.0003523077
41951	0.0025968966
41954	0.0003604
41955	0.0022327273
41957	0.0005751351
41959	0.3282060465
41962	0.0012598837
41963	0.008120814
41964	0.0036477907
41965	0.0042883824
41966	0.0008078723
41970	0.0003835484
41971	0.0161079762
41973	0.0004390909
41974	0.009530814
41975	0.0012598837
41978	0.0004120588
41979	0.0007424074
41980	0.00017125
41986	0.0066105814
41987	0.0008104878
41989	0.0005003571
41990	0.0122360714
41991	0.0004144444
41992	9.74074074074E-05
42000	0.0032492593
42002	0.000233125
42003	0.0026725806
42005	0.0006054902
42006	0.0036477907
42008	0.0036477907
42010	0.0095703797
42012	0.0003236
42013	1.22222222222E-05
42014	0.000325
42015	0.000782037
42017	0.0008936
42018	0.0009332
42019	0.00043
42021	0.000317619
42022	0.0003014286
42024	0.0007381034
42026	0.0098273256
42027	0.0059040741
42029	0.0002860714
42031	0.0012598837
42032	0.00047
42033	0.0007358824
42035	0.0002838462
42036	0.000298
42037	0.2525612791
42038	0.012838209
42039	0.00016
42040	0.0002556098
42042	0.0026475926
42043	7.2488743023
42044	0.0001791667
42045	0.0011325397
42046	0.0011879688
42048	2.1671504651
42050	0.0267522093
42051	0.0247436047
42054	0.0003063636
42057	0.0392077907
42058	0.00015
42059	0.0016446429
42063	0.2865502326
42065	0.0008925
42066	0.0036477907
42068	0.0014322785
42071	0.0003415385
42072	0.0004926744
42075	0.0063694186
42076	0.0012598837
42077	0.0012598837
42078	0.0011634043
42079	0.0002792857
42081	0.000398
42083	0.0001766667
42085	0.0002484615
42086	0.0002533333
42088	0.1502125581
42093	0.0004257143
42094	0.0039232813
42097	0.0016966176
42098	0.001023913
42099	0.0056006667
42101	0.0007180233
42102	0.0001080488
42103	0.0125489333
42104	0.0017640698
42106	0.0002602632
42108	0.0001990909
42109	0.0004175
42112	0.0042781944
42113	0.000287037
42114	0.0045974074
42115	0.0007180233
42116	0.0003489744
42119	0.0080015278
42121	0.0039369048
42123	0.0067747059
42125	0.0006369388
42127	0.000205
42128	0.0008
42130	0.0019970909
42131	0.0166946512
42132	0.000411875
42133	0.1118273256
42135	0.0012598837
42136	0.0006311268
42139	0.0012598837
42143	0.0533855814
42144	0.0013462963
42147	0.0007235185
42148	0.0004894872
42149	0.0051758537
42153	0.0036446753
42154	0.0006005882
42155	0.0003668889
42156	0.1657987209
42157	0.0002009091
42160	0.0076372603
42161	0.0004472727
42162	0.0039211905
42164	0.0096995238
42165	0.0228797674
42167	0.0057296512
42170	0.0100511667
42171	0.0005601754
42174	0.000306
42175	0.001317037
42177	0.0014048571
42178	0.0034321429
42180	0.0052984058
42182	0.001132907
42183	0.0477575581
42184	0.0011197222
42185	0.0002884615
42186	0.0561
42188	0.0007976923
42191	0.004212875
42192	0.0037702985
42193	0.0003
42194	0.0007807143
42196	2.7703425581
42199	0.2586390698
42201	0.0012598837
42203	0.0013362162
42205	0.0007733333
42206	0.000145
42207	0.2070168235
42208	0.000373
42210	0.0009891304
42211	1.3302740698
42212	0.0009188889
42213	0.0002866667
42214	0.1864994186
42215	0.0014648571
42217	0.0143462791
42220	0.0002085714
42221	0.0010931818
42223	0.0499346512
42225	0.0003076316
42226	0.0001634884
42227	0.00035125
42228	0.0048986486
42230	0.0005215
42231	0.00003375
42232	8.3688343023
42234	0.000229375
42235	0.000462
42238	0.0004775
42239	0.0002457143
42241	0.0002215
42245	0.0271140698
42247	0.000835814
42248	6.4053526744
42252	0.001628
42253	0.0001133333
42254	0.0012261765
42255	0.0541646512
42256	0.002546506
42257	0.0069354651
42258	0.00013
42260	0.0408311628
42261	0.0019289474
42262	0.000278
42263	0.0012598837
42265	0.0021001235
42268	0.0127863953
42269	0.0003246154
42270	0.0022462791
42272	0.0109463953
42273	0.001628625
42276	0.0003294118
42277	0.0055385714
42279	0.0102854651
42280	0.1037296512
42281	0.0141261628
42282	0.0326389535
42283	0.002414557
42284	0.0009437805
42285	0.0931887671
42287	0.0004769231
42288	0.0011553846
42290	0.0046989412
42291	0.0005212
42293	0.7238174419
42294	0.0004122222
42296	0.0002830769
42299	0.0007180233
42300	0.0011048684
42301	0.0005543182
42302	0.0001477778
42303	0.000275
42307	0.0069059036
42308	0.0060745349
42310	0.0009536111
42312	0.0010815385
42315	0.0183707059
42316	0.0034687952
42317	0.00023
42319	0.0004447222
42320	9.46875E-05
42321	0.00051
42323	0.00028875
42325	0.0010152632
42327	0.0007180233
42328	0.0016207407
42329	0.0003138889
42334	0.0037781395
42335	0.0027232075
42336	0.0349616279
42337	0.0008763953
42338	0.000438125
42339	0.5485434884
42340	0.0034159677
42342	0.0002316667
42344	0.0005525
42346	0.0013845455
42347	0.0385856977
42348	0.0026388732
42350	0.9266118605
42351	0.0021650685
42352	0.2633597674
42353	0.4952945349
42354	0.000112
42355	0.0016446429
42356	0.000253
42357	0.0008934884
42358	0.0008501538
42359	0.0007180233
42360	0.0019381538
42370	0.0004352459
42373	0.004299322
42374	0.0009934884
42375	0.0012598837
42376	0.0253297674
42377	0.0266576744
42378	0.0013605
42379	0.001925
42380	0.000253
42381	0.0021394118
42388	0.0217223333
42389	0.0008892593
42390	0.0009139063
42391	0.0004865
42393	0.0001408333
42396	0.0158712329
42397	0.0044069767
42398	0.0012598837
42399	0.0034262264
42400	0.000775
42402	0.000155122
42407	0.0006657143
42409	0.0008622222
42411	0.0004102439
42416	0.0018784058
42420	0.0004369231
42422	0.0003534043
42424	0.00023
42426	0.0001746154
42427	0.0006362069
42429	0.0008645763
42430	0.0124997647
42431	0.0036477907
42432	0.0007688525
42434	0.0005742857
42437	1.6261496512
42439	0.0002647368
42441	0.0010866667
42442	0.0064197531
42444	0.0002869231
42449	0.00043
42450	0.0007129268
42451	0.0003769231
42452	0.0019136585
42454	0.0009332
42456	0.0062520253
42457	0.0012598837
42458	0.000633617
42459	0.0010335714
42460	0.000366875
42461	0.000356129
42462	0.0008810638
42466	0.0004109756
42468	0.0291306977
42469	0.0036477907
42470	0.0006090909
42471	0.0013022093
42472	0.0003266667
42475	0.0017818919
42476	0.0266426744
42478	0.000434
42479	0.0001016667
42480	0.0009342857
42482	0.0004192
42483	0.0009291304
42484	0.0007679487
42488	0.0382262791
42489	0.0001818519
42491	0.0002944828
42493	0.000833875
42495	0.0009276471
42496	0.000330625
42498	0.0001
42499	4.02127659574E-05
42500	0.0002956757
42501	0.0053945455
42502	0.0003255556
42503	0.0389319118
42505	0.4726861628
42507	0.0002611765
42509	0.000412
42514	0.0111664
42515	0.0068
42518	0.0007180233
42519	0.0002021739
42520	0.0041993023
42521	0.0004127586
42523	0.0004873077
42524	0.0029026316
42526	8.76923076923E-05
42527	0.0004280952
42531	0.0007180233
42534	0.0004235714
42535	8.36363636364E-05
42536	1.5198484884
42539	0.0853951163
42540	0.004632931
42541	0.03076375
42547	0.0004947059
42550	0.0003662222
42554	0.000437931
42556	0.270984186
42558	0.0010377907
42560	0.0036477907
42561	0.0012598837
42562	0.0001511765
42563	0.0033716471
42564	0.001201
42565	0.0006821429
42567	0.0248894186
42570	0.0041612658
42573	0.0007446341
42574	0.0220892941
42576	0.0051482432
42577	0.0116544872
42578	0.0252319767
42581	0.0007096512
42584	0.000138
42586	0.0005133333
42587	0.0052966667
42588	0.1087739535
42589	0.0308719767
42590	0.0010888889
42592	0.0003027273
42593	0.00008
42595	0.0013776812
42598	0.0003377778
42601	0.0003309302
42603	0.0002809091
42604	0.0013758824
42606	0.0065117544
42607	0.000135
42609	0.0027796053
42611	0.0001578049
42612	0.0005793333
42615	0.0020841463
42617	0.0003548
42618	0.0020036047
42619	0.0004236364
42620	0.00054
42621	0.00014
42623	0.0016446429
42626	0.0006421429
42629	0.0034053488
42630	0.0012598837
42631	0.0004496
42632	0.0006847619
42633	0.0012598837
42634	0.0019194521
42636	0.0012580952
42638	0.000402
42639	0.0019813953
42640	0.0031114634
42641	0.0003467742
42644	0.0002523077
42646	0.0004969697
42647	0.000126
42648	0.0121263529
42650	0.0041051163
42651	0.1042310465
42653	0.5623034884
42654	0.0001285714
42656	0.00020625
42657	0.190922907
42658	0.0001646667
42659	0.033052907
42663	0.005637619
42668	0.0005180952
42670	0.0016863043
42672	0.0015659649
42674	0.0037951852
42676	0.0001936364
42677	0.0003149123
42678	0.0012598837
42680	0.0009172222
42681	0.0043496154
42682	0.0006031579
42685	0.0007930233
42686	0.0012598837
42688	0.0002856522
42689	0.0006661538
42690	0.0003136364
42691	0.0008307692
42695	0.0006094203
42696	0.00036
42697	0.0004511864
42698	0.00006
42699	0.3514374419
42700	0.0006697436
42702	0.0002552174
42704	0.000528
42705	0.001095974
42706	0.0048961905
42707	0.132469186
42708	0.0086702353
42709	0.0012598837
42710	0.000155122
42715	0.0003
42717	0.0011446667
42719	0.0005096296
42721	0.0005646154
42722	0.000294375
42723	0.003895
42725	0.6822160465
42726	0.0003571429
42728	0.0009291429
42729	0.0049292
42730	0.0006845161
42731	0.0012598837
42732	0.0022688372
42736	0.0006988
42738	0.00052375
42740	0.0023077027
42745	0.109302093
42746	0.0068415116
42747	0.0002766667
42749	0.014345625
42752	0.0012598837
42753	0.0017264474
42754	0.0003853333
42756	0.0044823256
42758	0.00075
42760	0.0012598837
42763	0.0008816364
42768	0.0012598837
42769	0.0007073239
42771	0.0004037838
42772	0.0013722093
42773	0.00018
42775	0.0097430303
42776	0.00411
42778	4.02127659574E-05
42779	0.0002835294
42781	0.0008350847
42782	0.0002289655
42783	0.0022462791
42784	0.0003497917
42785	0.0023452326
42787	0.0007180233
42789	0.0038595946
42790	0.0036068182
42791	0.00025
42793	0.0005553333
42794	0.0252815116
42795	0.0005024615
42796	0.0007958696
42797	0.1024313953
42798	0.0006787302
42799	0.0010266667
42800	0.0057613115
42801	0.0005723529
42804	0.0006125
42805	0.0281198837
42806	0.0197316279
42810	0.0014008824
42812	0.0002928571
42815	3.06153846154E-05
42816	0.002200303
42818	0.0003166667
42819	0.0003209375
42820	3.06153846154E-05
42821	0.0016814286
42823	0.0009210606
42824	0.0019249367
42832	0.0002457143
42833	0.0160977907
42835	0.0004774194
42836	0.0005019512
42837	0.0003288462
42838	0.0001652174
42840	0.0008872727
42841	0.000277
42842	0.1402516049
42843	0.0006288889
42844	0.0252815116
42845	0.0013145283
42847	0.00023
42851	0.0023770886
42852	0.020653913
42853	0.0003261667
42854	0.000286875
42857	0.002158481
42858	0.0002375
42860	0.0012786
42862	0.36032
42863	0.0483775581
42866	0.0347256977
42868	0.0007180233
42869	0.0012598837
42871	0.0903698837
42875	0.0004046154
42876	0.0002657895
42879	0.00023125
42881	0.0003728571
42883	0.0038922917
42884	0.0012598837
42886	0.0002375
42888	0.0001814286
42889	0.0006005263
42890	0.0002561538
42892	0.001452931
42893	0.4148546667
42895	0.3061378788
42896	0.0004840625
42897	0.000155
42899	0.0002828571
42900	0.0135884884
42901	0.0003866667
42903	0.0004480952
42905	0.0002772414
42906	0.0012598837
42907	0.0189306977
42910	4.72093023256E-05
42912	0.0001454545
42916	0.0280623256
42918	0.000244
42919	4.02127659574E-05
42920	0.078840814
42922	0.0065769048
42923	0.0004004444
42924	0.0967822093
42925	0.0008761111
42927	0.000365
42929	0.0004976
42930	0.0004367925
42931	0.0003045455
42932	0.000155122
42934	0.0018546154
42936	0.010022093
42937	0.0037385542
42938	0.0003407692
42941	0.0004992105
42942	0.0063146269
42943	0.0012598837
42944	0.0031361111
42945	0.0003585714
42947	0.0036477907
42948	0.0004523529
42951	0.0012598837
42952	0.0004391176
42954	0.0002166667
42955	4.02127659574E-05
42956	0.0009593939
42958	0.0031835897
42962	0.0027412048
42964	0.0067109302
42965	0.0024540698
42966	0.0013633333
42968	0.0001690244
42969	0.0009486957
42970	0.016915
42971	0.0003190476
42973	0.0012598837
42974	0.002101831
42978	0.0009070968
42979	0.0009977358
42980	0.0006051786
42982	0.0242906383
42984	8.45161290323E-05
42985	0.0003523214
42986	0.0014057447
42987	0.001495
42988	0.0022464198
42990	0.0010024419
42991	0.0001634884
42994	0.0004117073
42998	0.0004191304
42999	0.0002389474
43000	0.0376122093
43001	0.0005652459
43002	0.2086027907
43003	0.00044
43004	0.0012598837
43005	0.0036477907
43006	0.0156908
43007	0.0074246341
43008	0.0002440698
43009	0.0130062791
43010	0.0022297917
43011	0.0021798667
43012	0.0005287273
43014	0.0002742857
43015	0.0007180233
43016	0.0102247458
43020	0.000235
43021	0.0003629268
43022	0.0012213043
43023	0.0008618182
43024	0.0005563889
43026	0.0101006944
43027	0.0003988889
43028	0.0012598837
43029	0.0557765854
43032	0.0002016667
43033	0.0012598837
43035	0.0008191071
43036	0.0004866667
43037	0.0062094186
43038	0.0011347887
43040	0.0003269444
43042	0.0006775
43045	0.0008271053
43046	0.0003917391
43049	0.0006039744
43050	0.000451
43053	0.007395375
43054	0.0068415116
43057	0.0012696154
43058	0.0001002439
43063	0.0003614286
43064	0.0005545455
43065	0.0235583529
43066	0.000306875
43067	0.0126714286
43070	0.0077271233
43072	0.0001976471
43073	0.0282581395
43074	0.0004534375
43075	0.003012625
43076	0.0184301163
43077	0.0003933333
43079	0.0012598837
43080	0.0001673256
43081	0.0347725581
43083	1.66666666667E-05
43085	0.00003375
43087	0.0003054286
43089	0.002766
43090	0.00025
43091	0.0017851923
43092	0.0005922727
43093	0.0003270588
43094	0.398130814
43095	0.0001561538
43097	0.0012598837
43098	0.0004495238
43101	0.0027751515
43102	0.03284
43103	0.0001825
43105	0.0006557143
43108	0.0042801471
43109	0.104732093
43110	0.0007434247
43112	0.0012598837
43113	0.0170689286
43114	0.0011718182
43115	0.0007245
43116	0.1564954651
43117	0.0063494937
43118	0.001417
43120	1.8986283721
43122	0.0008857778
43123	0.0003254167
43124	0.00015
43125	0.0007640299
43129	0.000298
43132	0.06831
43133	0.0002772222
43134	0.0001673256
43135	0.0032714118
43136	0.0008747143
43137	0.0007786667
43138	0.0004966667
43140	1.9669453488
43143	0.0003960976
43144	2.38095238095E-05
43147	0.009215
43149	0.0004719767
43150	0.0001833333
43151	0.0004242857
43152	0.0003302326
43153	0.2356156977
43154	0.0008477778
43155	0.0602176389
43156	0.0073606977
43157	0.0065098837
43158	0.008096
43159	0.0064063953
43163	3.06153846154E-05
43164	0.0222597674
43165	0.0009029333
43166	0.002354321
43167	1.638952907
43168	0.0005916667
43170	0.0002671053
43171	0.000199
43174	0.0005333333
43175	4.02127659574E-05
43176	0.0003269444
43177	0.0002042857
43179	4.47297297297E-05
43181	0.000505
43182	0.0129204651
43183	0.0053794186
43184	0.0002685714
43186	0.0012598837
43188	0.0007016279
43190	0.000282
43192	0.001915
43194	0.0004085
43196	0.000214
43197	0.0004915217
43198	0.0028317778
43199	0.0022462791
43202	0.0012598837
43203	0.000988
43204	0.0001572
43206	0.000437
43207	0.0038854321
43209	0.0018975342
43212	0.0052742169
43213	0.0018017391
43216	0.0004790909
43217	0.0005176744
43218	0.006012907
43220	0.0005054717
43223	0.001495
43225	0.0021189744
43228	0.0010182353
43229	0.0012598837
43230	0.0036477907
43231	4.47297297297E-05
43232	0.0785572093
43233	0.00001
43234	0.001235
43236	3.72413793103E-05
43237	0.0000524
43238	0.0012594737
43241	3.06153846154E-05
43242	0.0088148837
43244	0.0008140426
43245	0.0043227778
43246	0.0012598837
43251	0.0955984884
43253	0.0007428
43255	0.1305175581
43257	1.7534672093
43258	0.000356
43261	0.0002686667
43262	0.3331447674
43263	0.0029912346
43264	0.0003970732
43265	0.0022896
43266	0.0003168
43269	0.0003742857
43270	0.0012598837
43271	0.0002353488
43272	0.0012652941
43274	0.0002931707
43276	0.0380844186
43277	0.0006814545
43278	0.0006496667
43279	0.0012598837
43280	0.0012598837
43281	0.00045675
43291	0.000182
43293	0.00043
43295	0.0005944
43297	0.0002712245
43298	0.00022
43300	0.0016446429
43302	0.0005602941
43304	0.0004343902
43305	0.00374375
43311	0.0015269412
43316	0.0002873077
43318	0.2448662791
43319	0.0004625455
43322	0.0198975
43325	0.0003085
43327	0.000862973
43330	3.06153846154E-05
43331	0.0003116667
43335	0.0009603571
43338	0.0567380233
43340	0.0002275
43341	0.0004971212
43342	0.0435454651
43344	0.0004133333
43346	0.0007180233
43347	0.0001255556
43348	0.0029992857
43354	0.00031
43355	0.1472363953
43356	0.0300904878
43357	0.0005745455
43359	0.0015093548
43360	0.0005707246
43361	0.0004186047
43363	0.0037435821
43364	0.0005591304
43366	0.0003286047
43369	0.0002
43371	0.0007365
43372	0.0003366667
43373	0.002311125
43378	0.0002220588
43379	0.006289186
43380	0.0004722222
43382	0.0339548837
43383	0.0004676471
43386	0.1870739535
43391	0.0004583333
43392	0.0097824706
43393	0.0003791667
43394	0.0027566176
43395	0.002795122
43397	0.000244
43400	0.000362
43401	0.000575
43402	0.0003097297
43403	0.000660625
43406	0.00021
43407	0.000339
43409	0.0241096512
43410	0.015165875
43411	0.0015780247
43414	0.024499186
43416	0.0027394
43418	0.6471134884
43422	0.0017523333
43424	0.009028
43426	0.00736875
43428	0.0007180233
43429	0.0003528571
43430	0.000345625
43431	0.0002578261
43432	0.0002133333
43433	0.0012598837
43434	0.0288751163
43435	0.0015642857
43436	0.0003311765
43437	0.0009653623
43438	0.0102269231
43439	0.0002638889
43444	0.0001677778
43445	0.0024985185
43447	0.0079961667
43451	0.0018147436
43453	0.0001965517
43454	0.0016446429
43457	0.0113323256
43458	0.0012598837
43459	0.0005374419
43460	0.0006315909
43461	0.0004892593
43462	0.0002531818
43463	0.0295830233
43465	0.000502
43466	4.70491803279E-05
43467	0.0026357317
43469	0.0004076471
43471	0.00036
43472	0.0074792647
43473	0.0012598837
43477	0.0002145455
43480	0.0053112048
43481	0.0005891935
43482	0.0015040741
43484	2.0758980233
43485	0.0196801176
43488	0.001519
43492	0.0002345455
43493	0.0007180233
43494	0.0006283333
43495	0.0047634884
43497	0.0012598837
43498	0.0013851389
43499	0.0003751724
43501	0.0011776471
43502	0.0013910127
43504	0.0013956667
43507	0.00304025
43508	4.02127659574E-05
43509	0.0012598837
43512	0.0123942857
43513	0.0004440476
43518	0.0002989474
43519	0.0082335294
43521	0.0006516667
43523	0.0003216667
43524	0.0044069767
43526	0.0006790789
43528	0.0007909091
43529	0.0005325397
43530	0.0042065333
43535	0.0037918605
43536	0.0005851852
43537	0.0006176471
43538	0.0002592308
43539	0.0034960345
43540	0.027465814
43542	0.000305
43543	0.0003502857
43545	0.0003452174
43546	0.0008095652
43547	0.1249977647
43549	0.0008115254
43550	0.3090077907
43551	0.03746825
43552	0.0010715
43553	0.0004392308
43554	0.1359513953
43555	0.0329603488
43556	0.0003677778
43557	0.0006730769
43558	0.0316224051
43559	0.0020921053
43560	0.0013074118
43561	0.0143514118
43562	0.0004116129
43563	0.0003521951
43564	0.0035206977
43565	0.0015674419
43566	0.00083
43567	0.0381336047
43568	0.0002978571
43570	0.0011635616
43571	0.0009680303
43572	0.0005941791
43573	0.0067701176
43574	0.0060322619
43575	8.1581698837
43576	0.00029
43577	0.0018574419
43578	0.0013337143
43579	0.0003175
43580	0.0135833721
43581	0.0106034615
43582	0.0043359494
43583	0.0518959302
43584	0.0513045349
43585	0.0004918182
43586	0.0197809302
43587	0.000749
43588	0.0005241509
43589	0.0003630233
43590	0.0004994828
43591	0.0443074419
43592	0.0005486364
43593	0.0016369136
43594	0.0029466667
43596	0.0019734884
43597	0.02651875
43598	0.0006342105
43600	1.4841230233
43603	0.002924186
43604	0.0010949398
43605	0.0021630233
43606	0.000968209
43607	0.00136
43608	0.0014268056
43609	0.0003648889
43610	0.0002475
43611	0.0013247222
43612	0.0001684615
43613	0.0461720548
43614	0.00016
43615	0.0062847674
43616	0.000917377
43618	0.0014025
43619	0.0294634884
43620	0.000181
43621	0.00078
43622	0.0017348438
43623	0.0071092
43624	0.0003978261
43625	0.1158663953
43626	0.0012435714
43627	0.0481809302
43628	0.0005426471
43629	0.0075542424
43630	0.008292093
43631	0.00036
43632	0.000345
43633	0.0972734884
43634	0.0019308696
43635	0.000095
43636	0.0002157143
43637	0.0015810526
43638	0.0004663636
43639	0.0179952326
43641	0.2131918605
43642	0.001625
43643	0.000286
43644	0.0005893939
43645	0.0130651163
43646	0.0516139535
43647	0.0003133333
43648	0.0008487234
43649	0.0075356098
43650	0.015730241
43651	0.000021791
43652	0.00013
43653	0.0012782609
43655	0.0005092857
43656	0.0126973256
43658	0.00034
43659	0.00018125
43660	0.0002977778
43661	0.0002365217
43662	0.00142175
43663	0.0007421212
43664	0.000446
43665	0.0086981667
43666	0.0012538571
43667	0.00016
43668	4.0787081395
43670	0.00018
43671	0.0017639535
43672	0.0002055556
43673	0.0047822973
43674	0.0217103488
43675	0.00012
43676	0.0024963333
43677	0.00078
43678	0.0001
43679	0.00014
43680	0.0058525
43681	0.0113055
43682	0.0018062
43683	0.0082224615
43684	0.0001125
43685	1.2640553488
43686	0.0316494186
43687	0.000787027
43688	0.0088333721
43689	0.0012452564
43690	0.0008705333
43691	0.0004730769
43692	0.0014162857
43693	0.0022594186
43694	0.0019959302
43695	0.0002622222
43696	0.0006117241
43697	0.0035125316
43698	0.0062645349
43699	0.2385622093
43700	0.0001433333
43701	0.001470875
43702	0.0883506977
43704	0.000697069
43705	0.1603324419
43707	0.00016
43708	0.001596875
43709	0.0005768
43710	0.0800006024
43712	0.0309330233
43713	0.000656
43714	0.0006376712
43715	0.0004131818
43716	0.0027911628
43717	0.000205625
43718	0.0019568354
43720	0.0011142857
43721	0.1199295349
43722	0.021972907
43723	0.0432451765
43724	2.4240427907
43725	0.01778
43727	0.0011797297
43728	0.0005233333
43729	0.000394
43730	0.0054648333
43731	0.1895627273
43732	0.0003207143
43735	0.0135438372
43737	0.1755646512
43738	0.0001844
43740	0.0786130233
43741	0.7377513953
43743	0.0007772059
43744	0.0004108475
43746	0.0009772059
43747	0.0017857353
43748	0.011519186
43750	0.0023682353
43751	0.0003624
43752	0.2108346512
43753	0.0066171429
43754	0.0481662353
43755	0.0027027907
43756	0.0010918182
43757	0.0091368235
43758	0.001375
43759	0.0041079747
43760	0.0062975294
43761	0.0005717241
43762	0.0014112791
43763	0.0032831818
43764	0.0152504938
43765	0.0005058333
43766	0.0012105814
43768	0.0003685714
43769	0.0005340845
43770	0.0033803488
43771	0.0030844706
43772	0.0004372727
43773	0.012446
43774	0.0002105556
43775	0.0359755844
43776	0.0937851163
43777	2.0400177907
43778	0.1201231765
43779	0.0006483333
43780	0.0009671667
43781	0.6355739535
43782	0.0011925
43783	0.4661382558
43784	0.1043726744
43785	0.0011919767
43787	0.0993798837
43788	0.000165
43790	0.000896875
43791	0.0002925
43792	0.0075433333
43794	0.000405
43795	0.0169687805
43796	1.5530495349
43797	0.0003322222
43798	0.0005815
43800	0.0046183117
43801	0.0004583333
43802	0.0199690698
43803	0.0007328205
43804	0.0017177465
43805	0.0019597674
43806	0.0682856977
43807	0.0033803488
43808	0.0005735714
43809	0.0003751724
43810	0.0004205128
43811	0.0002125
43813	0.1470921053
43814	0.0981368605
43816	0.0756009302
43817	0.00029
43819	0.0006775556
43820	0.1215905814
43821	0.0006141176
43823	0.0003066667
43824	0.0401425581
43825	0.0039912048
43826	0.0587382353
43827	0.0005680952
43828	0.0006313636
43830	0.0003164286
43831	0.0002488889
43832	0.00614
43833	0.0007365385
43834	0.0033803488
43835	0.00114125
43836	0.0130032558
43837	0.0003121951
43838	0.001102875
43839	0.274464186
43840	0.527257093
43841	0.0001546667
43842	0.0125561628
43843	0.0002273684
43844	0.0041190909
43845	0.0482066667
43846	0.0043143902
43847	0.0198146479
43848	0.0009967105
43849	0.0003017143
43850	0.0010885965
43852	0.0036645455
43854	0.000156
43855	0.0330545882
43856	0.0005012121
43857	0.0006074699
43858	0.0026827907
43859	0.000293
43860	0.0047847674
43861	0.0066006024
43862	0.0010620833
43863	0.0004152381
43864	0.0186824419
43865	0.0003287879
43866	0.0010588
43867	0.0002646154
43868	0.1029794186
43869	0.004583125
43871	0.2870527907
43872	0.0017437333
43873	0.00026
43874	0.0023406494
43875	0.0006839437
43877	0.0010571875
43878	0.0004065957
43879	0.0004774419
43880	0.0114905797
43882	0.0004166667
43883	0.0027859302
43884	0.0011404412
43885	0.0010207813
43886	0.0001097674
43887	0.0361672093
43888	0.0004759016
43889	0.0712297674
43891	0.0094165116
43892	0.000382
43893	0.0013086842
43894	0.7267054651
43895	0.1679287209
43896	0.0021692308
43897	0.0009032468
43898	0.0003063333
43900	0.0002228571
43901	0.0001581818
43902	0.003445122
43903	0.0013107692
43904	0.0006730769
43905	0.0003975581
43906	0.0286125581
43907	0.001168
43908	0.0386776744
43909	0.000352766
43910	0.0009426761
43912	0.0004958182
43914	0.067917907
43915	0.0002144444
43916	0.0019734884
43917	0.0240367442
43918	0.0554947674
43920	0.027747907
43921	0.0019734884
43922	0.0423940698
43923	0.0004344828
43924	0.0349923256
43925	0.009820814
43927	0.00037
43928	0.00058
43929	0.023812907
43931	0.0117484211
43932	0.013242907
43933	0.00053125
43934	0.0034152326
43935	0.0004834286
43936	0.0003115385
43937	0.0064681395
43938	0.4023513953
43940	0.002707013
43941	0.4779096512
43942	0.0045074419
43943	0.0131332941
43944	0.0009578261
43945	0.000226
43946	0.0011704545
43947	0.00523
43948	0.000997013
43949	0.000224
43952	0.0215118824
43953	0.0012733333
43955	0.0038545349
43958	0.0013348387
43959	0.0118795349
43960	0.000911
43961	0.0255069512
43962	0.0002485714
43963	0.0005825
43964	0.0016139506
43965	0.128782093
43966	0.0006730769
43967	0.0589906977
43968	0.1303915116
43969	0.0009098507
43970	0.000220303
43971	0.000325
43972	0.4258013953
43973	0.00003
43974	0.1155532941
43975	0.005826875
43976	0.0040369767
43977	0.00119
43978	0.0003409459
43980	0.0589925581
43982	0.0021241463
43983	0.0003757143
43984	0.0017587037
43985	0.000318
43986	0.0021302667
43987	0.0004043478
43988	0.0004058333
43989	1.3854982558
43990	0.0026417742
43991	0.0006266667
43992	0.0033646512
43993	0.0006506
43995	0.0041159302
43996	0.0006718571
43997	0.0007594118
43998	0.0082311842
43999	0.0010155556
44000	0.0103174419
44001	0.0436786047
44002	0.000345
44003	0.0007894444
44004	0.0026615854
44005	0.0006814286
44006	0.0308048837
44008	0.0002441667
44010	0.0284444186
44011	0.000175
44012	0.0004277778
44013	0.283782093
44014	0.0085723077
44015	0.004945
44016	0.0344951163
44017	0.0258583133
44018	0.0004366667
44019	0.00013
44020	0.0008122093
44021	0.0001611111
44022	0.0072008824
44023	0.0003626471
44024	0.0800457647
44025	0.0007593333
44026	0.0003493333
44027	0.0718651163
44028	0.0003624
44029	0.0018143038
44030	0.001456129
44031	0.0002211111
44032	0.0063856977
44033	0.0014139189
44034	0.0003672727
44036	0.0012565854
44037	0.0004435897
44038	0.0016515385
44039	0.0002804762
44040	0.4436854651
44041	0.000632037
44042	0.0002407143
44044	0.0003033333
44046	0.0011751163
44047	0.0525665476
44048	0.0244969767
44049	0.0001158333
44052	0.0088303529
44053	0.8038936047
44054	0.00103125
44055	0.0029845714
44056	0.0005183051
44057	0.0025401163
44058	0.0013854651
44059	0.2038185714
44060	0.0361727907
44061	0.0128447297
44062	0.0003784211
44063	0.0013283607
44064	0.00521
44066	0.0067082927
44067	0.0184489535
44068	0.0004882609
44069	0.0002891667
44070	0.0011130769
44071	0.0391252326
44072	0.00087125
44073	0.0004433333
44074	0.0297074419
44075	0.00019875
44076	0.0044476744
44077	0.0002554545
44078	0.0003458333
44079	0.004167973
44081	0.0008796667
44082	0.0007656098
44084	0.022930814
44085	0.0039843373
44086	0.0016760714
44087	0.0030986957
44088	0.0006627273
44089	0.8106417442
44090	0.02496
44091	0.0004312
44093	0.0005619767
44094	0.0008083333
44095	0.00062
44096	0.0014655714
44098	0.0005312766
44099	0.0003317647
44100	0.0030511628
44101	0.0049184337
44102	0.0003481818
44103	0.0010131818
44104	0.0017544872
44105	0.0238245349
44106	0.0385448837
44107	0.0019070492
44109	0.0023782143
44110	0.0665159302
44111	0.001907125
44112	0.0007079545
44113	0.0015693023
44114	0.0032411628
44115	0.000515
44116	0.000435
44117	0.0002852174
44118	0.174724186
44119	0.0007894915
44120	0.0007217442
44121	0.0008447619
44122	0.0396472093
44123	0.0032411628
44124	0.0002203846
44125	0.0005295455
44126	0.004760119
44127	0.0152868605
44128	0.0009585938
44129	0.0020145783
44130	0.0010722059
44131	0.001475098
44132	0.0019749398
44133	0.0003813636
44134	0.0003456
44135	0.0940396512
44136	0.0085911628
44137	0.351170814
44138	0.0204659524
44139	0.0060736047
44140	0.0017759184
44141	0.0009841176
44142	0.0042262025
44143	0.0117590698
44144	0.0003285714
44145	0.000285
44146	0.0072998571
44147	0.0007557692
44148	0.0003608696
44149	0.000295
44150	0.0005572549
44152	0.0003376744
44153	0.0011573333
44154	0.0011751163
44155	0.0342946479
44156	0.0004056818
44158	0.0001166667
44159	0.0004038095
44160	0.0004529268
44161	0.1786067442
44162	0.0363293023
44163	0.000757381
44164	0.0018538462
44166	0.000534
44167	0.12351
44168	0.0812144444
44169	0.0020969512
44171	0.004685
44172	0.0594089412
44173	0.0011322222
44174	0.0577915116
44175	0.0019032051
44176	0.000555
44177	0.0017639535
44179	0.0186093976
44180	0.0006663333
44181	0.0003938095
44182	0.0005352727
44183	0.0031345349
44184	0.0003166667
44185	0.0004445455
44187	0.0138648235
44188	0.0789031765
44189	0.0002858696
44191	0.1073925
44192	0.0003587037
44193	0.0020980233
44194	0.0032411628
44195	0.0010476923
44196	0.0005670588
44197	0.0261231395
44198	0.00068
44199	0.1899077907
44200	0.0083794118
44201	0.0008471831
44202	0.0294889535
44203	0.0006413333
44204	0.000663125
44205	0.0010094737
44206	0.0456588235
44207	0.001304
44208	0.0019865116
44210	0.0018934483
44211	0.0004689474
44212	0.000916
44214	0.0040876744
44215	0.0002205714
44217	0.0005311111
44219	0.0382905263
44220	0.0014623256
44221	0.0682408333
44222	0.0024470513
44223	0.0004478571
44224	0.0006133333
44225	0.0193635714
44226	0.0004190625
44227	0.0007028205
44228	0.1257343023
44229	0.0294616279
44231	0.0520881176
44232	0.0168538372
44233	0.0004107143
44234	0.0008694545
44235	0.0010513636
44236	0.076984186
44240	0.4840712791
44241	0.0085283721
44242	0.3536047674
44243	0.006277907
44244	0.0046318919
44245	0.0032411628
44246	0.0002976667
44247	0.1613382558
44248	0.033462907
44249	0.0015674419
44250	0.0005165116
44251	0.0026755405
44252	0.0012973333
44253	0.000965
44254	0.0230286301
44255	0.125342907
44256	0.0636583721
44257	0.0003917442
44258	0.0008966667
44259	0.0580341975
44261	2.6591523077
44264	0.0298368605
44265	0.0003236842
44266	0.1724659302
44267	0.1542955814
44268	0.0157749412
44269	0.0005061111
44270	0.0002128571
44271	0.0556486047
44272	0.0141174684
44273	0.0006392308
44275	0.0316270238
44276	0.0099633721
44277	0.000052
44278	0.0436427907
44279	0.0491019767
44280	0.0037364103
44281	0.0635932143
44283	0.0002943023
44284	0.0029095349
44285	0.0044905797
44288	0.0070443023
44289	0.0006807692
44290	0.0008917742
44291	0.0225232558
44292	0.000232093
44293	0.0010447674
44295	0.1075644186
44297	0.0035525676
44299	0.0002046154
44301	0.0006
44303	0.0007966667
44305	0.0006442857
44306	0.0005388889
44307	0.0031533846
44308	0.0014927273
44309	0.0011786585
44310	0.0066176744
44311	0.0004096429
44312	0.0017509091
44314	0.1350816279
44315	0.0003746939
44316	0.000234
44317	0.0026865882
44318	0.000399
44319	0.0053512727
44320	0.0003990698
44321	0.0011145161
44322	0.0760215116
44323	0.0031346809
44325	0.0003917442
44326	0.0006014
44327	0.0005188636
44328	0.0368461628
44329	0.0157986047
44330	0.0172777907
44331	0.0005191935
44332	1.1655256923
44333	0.013672963
44334	0.0064889333
44335	0.0004266667
44336	0.000404
44338	0.0014371429
44339	0.0027220988
44340	0.000195
44342	0.0990350588
44343	0.0039579167
44344	0.0068806061
44345	0.0774980233
44347	0.0009284884
44348	0.0005432143
44349	0.0008098571
44350	0.0163697674
44351	0.0011567606
44352	0.0045686667
44353	9.46753246753E-05
44354	0.5469674419
44355	0.0348231395
44356	0.000435
44359	0.002705
44360	0.0019964935
44361	0.0061096471
44362	0.0015853226
44363	0.0017174324
44364	0.0007839535
44367	0.0008947059
44368	0.0001725714
44370	0.0032411628
44371	0.001617375
44372	0.0010953247
44373	0.0017755422
44374	0.0051646512
44375	0.0001266667
44376	0.0004871875
44377	0.0008176316
44378	0.000444375
44379	0.000392
44381	0.0004027273
44382	0.0002389286
44383	0.0014214286
44384	0.0004092857
44385	0.0103646512
44386	0.0053403488
44387	0.0044970732
44388	0.0003741176
44389	0.0033672093
44392	0.0006089744
44393	0.00017
44394	0.0010447674
44395	0.0043393023
44396	0.0004394737
44397	0.0543336047
44398	0.0004828125
44400	0.000147
44401	1.568057093
44403	0.670652093
44404	0.0020851807
44405	0.0458282558
44406	0.0004044828
44407	0.1105435135
44408	0.000622
44410	0.001469359
44411	0.0016060811
44412	0.0001608333
44413	0.0054371084
44414	0.0192559302
44415	0.0002766667
44416	0.0018791667
44417	0.1156538372
44418	0.0006065714
44419	0.02113
44421	0.0023543023
44422	0.0284444186
44423	0.0002461111
44424	0.0022771429
44425	0.0011846429
44427	0.0017997674
44428	0.1933897674
44429	0.000305
44430	0.0003851429
44431	0.0001645455
44432	0.0007286111
44433	0.3775075581
44434	0.0012106667
44435	0.0031933721
44436	0.00835
44437	0.0019687671
44438	0.0009515663
44439	0.0005150725
44440	0.2290882558
44441	0.0004486667
44442	0.0003866129
44443	0.0005336364
44444	1.21052631579E-05
44445	0.0023543023
44446	0.3441577907
44447	0.0006395
44448	0.0003385714
44450	0.0004169767
44451	0.0030983721
44452	0.0241069767
44453	0.0167867442
44454	8.3329419767
44455	0.0031933721
44456	0.0002929508
44457	0.0002166667
44458	0.1798366279
44460	0.003200122
44462	0.3117221429
44464	0.0015936364
44465	0.0097089535
44466	0.0014271429
44467	0.0003811765
44468	0.0005104545
44469	0.0007414815
44472	0.0005255
44473	0.0033485185
44474	0.000326875
44475	0.0060504878
44476	0.0023543023
44477	0.0352494186
44478	0.056272093
44479	0.0003376923
44480	0.0002666667
44481	0.0013054545
44482	0.0012694118
44484	0.0966453488
44485	0.0018013699
44486	1.9287789535
44487	0.0002991176
44488	0.0877507059
44489	0.0964263953
44490	0.0002473333
44491	0.1187690698
44492	0.0027397183
44494	0.0114
44495	0.0314624419
44496	0.0004773684
44497	0.0006791304
44499	0.0237910465
44500	0.0046680435
44501	0.0006176596
44502	0.0003008333
44503	0.0009229762
44504	0.0003907143
44505	0.0030404706
44507	0.0017350602
44508	0.6040059302
44509	0.100995
44510	0.0007415278
44511	0.0197419767
44512	0.0322388372
44513	0.00206625
44515	0.0031345349
44516	0.013699186
44517	0.4713781395
44519	0.0557875581
44520	0.0006197959
44521	0.4822847674
44523	2.4962748837
44524	0.0027439535
44525	0.0002925926
44526	0.0016611111
44527	0.0003917442
44529	0.0002775
44530	0.0276344186
44531	0.0662446512
44532	0.0009532051
44533	0.0704689535
44534	0.4515486047
44535	0.1276184884
44536	0.0044046512
44537	0.0172352326
44538	0.00046
44539	0.0004075
44540	0.0002392
44542	0.0011016456
44545	0.0010696104
44546	0.0007393333
44547	0.0506452326
44548	0.0006730769
44550	0.0003080233
44551	0.0004194737
44553	0.0031933721
44554	0.000273
44555	0.00013
44556	0.0021533871
44557	0.0002780952
44558	0.0008611111
44560	0.0003759091
44562	0.0004151111
44563	0.0891244186
44564	0.3261260465
44566	0.3270882558
44567	0.1003466279
44569	0.006277907
44572	0.0003553333
44573	0.000376
44574	0.0186283721
44575	0.1375763953
44576	0.032959186
44577	0.0142682558
44580	0.0012774419
44583	0.0068806061
44584	0.0010473684
44586	0.0211353488
44587	0.0034723256
44588	0.0013932558
44589	0.0031933721
44591	0.0005996154
44592	0.0317654651
44593	0.0246704651
44594	0.0003738889
44595	0.0024888525
44596	0.0007261111
44597	0.0007841379
44598	0.0344806977
44599	0.031509186
44600	0.000172
44601	0.0008992683
44602	0.2586833721
44604	0.0002206122
44605	0.0001
44606	0.000322
44607	0.0031933721
44608	0.2146666279
44609	0.0021337209
44610	0.0003926923
44611	0.0003036364
44612	0.0030394667
44613	0.0030590698
44614	0.000232093
44615	1.7083889535
44617	0.1250011628
44618	0.0002051852
44619	0.0436786047
44620	0.00023
44621	0.1959233721
44623	0.0555913953
44624	0.0074280233
44625	0.0003011111
44626	0.0123476744
44627	0.0027291228
44628	0.0009982759
44629	0.0022275581
44632	0.0109868605
44633	0.0190465116
44634	0.0033227907
44635	0.0222911628
44636	0.00065375
44638	0.0008368852
44639	0.0004773333
44640	0.0033318033
44641	0.004294878
44642	0.0489336905
44643	0.0021862162
44645	0.0003791525
44646	0.00069
44647	0.0035298837
44648	0.0003815
44649	0.032904186
44650	0.0023724419
44651	0.0002675581
44652	0.0063133721
44653	0.0003411628
44654	0.0004896296
44655	8.55813953488E-05
44657	0.0003209091
44658	0.0005569231
44659	0.00039
44660	0.000826
44661	0.000214
44662	0.0004556667
44664	0.000212375
44666	0.000136
44667	0.0338947674
44668	0.00143
44669	0.0003252326
44670	0.0001777273
44672	0.0008193023
44674	0.0007966279
44675	0.0003553846
44676	0.00017
44677	0.0019927907
44679	0.0460256977
44680	0.0002852941
44681	0.0021043023
44682	0.0004457143
44683	0.000127093
44684	0.0074145349
44687	0.000288
44688	0.00061
44690	0.0005218182
44691	0.1830202326
44694	0.0010168605
44695	0.0047263636
44696	0.0006130769
44697	0.0004518605
44698	0.0001627273
44699	0.0002656757
44700	0.0048387209
44701	0.000255
44702	0.0017283333
44703	0.6338411628
44704	0.004802093
44705	0.0002884211
44706	0.0003252326
44707	0.0044393023
44708	0.000795814
44709	0.0006931579
44710	0.0044206977
44711	0.0005289744
44712	0.0002333333
44713	0.0174351163
44714	0.0044910465
44715	1.5780563954
44716	0.0615095349
44717	0.0002945455
44718	0.0001792308
44719	0.0008255814
44721	0.0014425581
44722	0.00043
44725	0.0043359302
44726	0.000189375
44727	0.1194219767
44728	0.000522907
44729	0.0016526744
44730	0.0111039394
44732	0.00036
44734	0.0001126471
44735	0.0001134884
44736	0.0002325
44737	0.0215133721
44739	0.0005786047
44740	0.000405
44741	0.0006255556
44742	0.0035337209
44743	0.0002011538
44744	0.0701618605
44746	0.0015273171
44747	0.0004071429
44748	0.00014
44749	0.0002940741
44750	0.00068
44751	0.0007396512
44752	0.00063
44753	0.00009375
44754	0.0278385882
44757	0.0267228049
44759	0.0003533721
44760	0.0042682353
44761	0.0003387209
44762	0.0005904762
44763	0.000367093
44764	0.000508
44765	1.55696202532E-05
44766	0.0220183721
44767	4.39759036145E-05
44768	0.003017093
44769	0.0001694186
44770	0.00548
44773	0.0008259574
44774	0.0006563636
44775	0.0013376744
44777	0.00046
44778	0.0055688462
44779	0.0007406452
44780	0.0004661628
44781	0.0007822222
44782	0.0009318605
44783	0.0006802381
44785	0.0003920833
44786	0.00063
44787	0.0002166667
44788	0.0001805
44789	0.0003243478
44790	0.001195814
44791	0.0003369767
44792	0.000127093
44793	0.0007625581
44794	0.0004518605
44795	0.0007331343
44796	0.0009962791
44798	0.0006419048
44799	0.0006057895
44800	0.0002033333
44801	0.0003454545
44802	0.0120295349
44803	0.0005163158
44804	0.0057343023
44805	0.000272
44806	0.0003575
44808	4.39759036145E-05
44811	0.0001077778
44813	0.0002398837
44814	0.000522907
44815	0.0143739535
44817	0.000139
44819	0.0004847674
44821	0.0064686047
44822	0.000295
44823	7.22352941176E-05
44824	0.0003131395
44825	0.0064327907
44826	0.0002205
44827	0.0021915116
44828	0.0064327907
44830	0.0003702326
44831	0.0002755556
44832	0.000695
44833	0.0008895349
44834	0.0002090625
44835	0.0002564286
44836	0.0001713953
44837	0.0007596429
44838	0.00027
44839	0.00102
44840	0.0031426316
44841	0.000612
44842	0.0005815116
44844	0.0006477778
44845	0.005234125
44847	4.39759036145E-05
44848	0.0007065116
44849	0.0004114286
44850	0.0037426744
44851	0.0001333333
44852	0.1328388372
44853	0.00508
44855	2.96385542169E-05
44856	0.0006389655
44857	0.0006158621
44858	0.0049549412
44859	0.0087666279
44861	0.0005862264
44863	0.0002957895
44864	0.000376875
44865	0.0001993023
44866	0.0036148837
44868	0.0028652326
44869	2.96385542169E-05
44870	0.0112284884
44871	0.0002118519
44872	0.0027758333
44873	0.0209956977
44874	0.0005530769
44875	0.0025425581
44876	0.0011215152
44878	0.0001269811
44880	0.0009182558
44881	8.55813953488E-05
44882	0.001086338
44883	0.0962633721
44884	0.0017796512
44885	0.0008728205
44886	0.0048387209
44887	0.0002677778
44888	0.0001726316
44889	4.39759036145E-05
44890	0.0819147674
44891	0.4137243023
44892	0.0001694186
44894	1.55696202532E-05
44896	2.87209302326E-05
44897	1.165135814
44898	0.000127093
44900	0.0018278261
44901	0.0003785417
44902	0.000197
44903	0.000212093
44904	0.0002286364
44906	0.00038125
44907	0.0383740698
44908	0.0041686047
44909	0.0056286047
44910	0.001427093
44911	0.0014230233
44912	0.0001892308
44913	0.0464689535
44915	0.0038372464
44916	0.000499322
44917	0.0049055556
44918	0.0870364706
44920	0.0084433721
44921	0.0027259302
44922	2.96385542169E-05
44923	0.0005771429
44924	0.0013138372
44925	0.0002216667
44926	0.0178752326
44927	0.0112575581
44928	0.0014230233
44929	0.0105881395
44930	0.0001131395
44931	0.0004612245
44932	1.55696202532E-05
44933	0.000035
44935	0.0021752326
44936	0.001355814
44937	0.0005028571
44939	0.0011590323
44942	0.0040961628
44943	0.0006493023
44944	0.0004381395
44945	0.0004015385
44946	0.0004171429
44947	0.0211852326
44948	0.0003676923
44949	0.00026
44950	0.0004314286
44951	0.0004845455
44952	0.0006353488
44953	0.0516374419
44954	0.0003387209
44955	0.0002848837
44957	0.00053
44958	0.0053806977
44959	0.003245814
44960	0.0006353333
44962	0.0006547674
44963	0.0001123077
44964	0.0001388235
44966	0.102922907
44969	0.0070022093
44970	0.000175
44972	0.0009460465
44973	0.0055290278
44974	0.0014973256
44975	0.0003415789
44976	0.0048387209
44977	0.0012847887
44978	0.0003723077
44979	0.0007233333
44980	0.0001254286
44983	0.0036722093
44984	0.0029067241
44985	0.0001933333
44986	8.45348837209E-05
44987	0.0002875
44988	0.0002268966
44989	0.0003817442
44990	0.0009962791
44991	0.000604
44994	0.0001996429
44995	0.0029578947
44996	0.00015
44997	0.0003656098
44998	0.0001952941
44999	0.000288
45000	0.031552907
45002	0.0128317442
45003	0.0005777778
45004	0.0004847674
45005	0.0001535714
45006	0.0003329412
45007	0.0001415116
45008	0.0002046667
45010	0.0007340698
45011	0.000367093
45012	0.00067375
45013	0.0003330769
45014	0.2983233721
45015	0.0008578261
45016	0.38090875
45017	0.0003528571
45018	0.0306883721
45021	0.0001415116
45022	0.0026710465
45024	0.000325
45025	0.0020866667
45026	4.39759036145E-05
45027	0.000365641
45028	0.0011101163
45029	0.0005870833
45030	0.0352660465
45031	0.000118
45032	0.0002118182
45033	0.0008193023
45034	0.0005505882
45035	0.000807619
45037	0.0012143023
45038	0.0004370588
45040	0.0008134921
45041	0.0024477907
45042	0.0507431395
45043	0.000365
45044	0.00016125
45045	5.70588235294E-05
45046	0.0010448837
45048	0.1168417442
45049	0.0003975
45051	0.000162
45053	0.0008255814
45054	0.0039562791
45055	0.0005932558
45056	0.0001126471
45057	0.0002763158
45058	0.0004025
45059	0.0009317442
45060	1.3715924419
45061	0.0026270588
45062	0.0022309302
45063	0.000605
45064	0.0006538462
45065	0.0030429762
45066	0.0019233333
45067	0.0012004651
45068	0.0003951163
45070	0.0009232432
45071	0.0005405814
45072	0.0016660465
45073	0.0004380556
45074	0.0004557143
45075	1.55696202532E-05
45076	0.000213012
45078	0.0001415116
45079	0.0002565116
45080	0.0013624444
45081	0.0001126471
45082	0.0002085714
45083	0.0006384211
45085	0.0037859302
45086	0.00056
45087	0.0033254321
45088	0.00008825
45089	0.0003
45090	1.55696202532E-05
45091	0.0056289535
45092	0.0005463636
45093	0.00028
45094	0.000342037
45095	0.0017511628
45096	0.0052372093
45097	0.0026268605
45098	0.0033536145
45101	0.0006266667
45102	0.0005413333
45103	0.0074289535
45104	8.34666666667E-05
45105	4.39759036145E-05
45106	4.39759036145E-05
45107	0.0001571429
45110	0.0019206977
45111	0.0010254167
45112	0.0003663158
45113	0.0007201163
45116	0.0077321154
45117	0.0004518605
45118	0.0011480435
45119	0.0004385714
45120	0.0189283721
45121	7.22352941176E-05
45122	0.0006493023
45123	0.0002663636
45126	0.0009039535
45127	0.0007396512
45128	0.0002745
45129	0.0389955814
45130	0.0042511628
45132	0.00017875
45133	0.00025
45134	0.0003925926
45135	0.0004822857
45136	0.00013
45138	0.0001661111
45139	0.0085677907
45140	0.0123531395
45141	0.0007372917
45142	0.0034032558
45144	0.0002825
45145	0.0065669767
45147	0.0004094444
45148	0.001935
45149	0.0010530233
45150	0.0023443333
45151	0.0139390698
45153	0.0008822093
45154	0.0020209302
45155	0.00412
45156	2.96385542169E-05
45157	0.00014
45158	2.96385542169E-05
45159	0.00045
45160	0.0002775
45162	0.0001713953
45163	0.0001745714
45164	9.66666666667E-05
45165	0.0002671429
45167	0.00032
45168	0.00025375
45169	0.0002511429
45170	0.000336
45171	2.96385542169E-05
45172	0.0048861728
45173	5.68604651163E-05
45174	0.0046682558
45175	0.001269
45177	0.0006917442
45178	0.0011726744
45179	0.0015358904
45180	0.000123
45182	0.0005506977
45183	0.0001694186
45184	0.0001134884
45185	0.0004175
45186	0.0002166667
45187	0.0004
45188	0.0003627907
45189	4.39759036145E-05
45190	0.0003690323
45191	0.0003136111
45193	0.0039259302
45194	0.0004094444
45195	0.0004803488
45196	0.0011377143
45197	0.0009317442
45198	0.0076124419
45199	0.2270612791
45200	0.0025977778
45201	0.0032903488
45202	0.0074289535
45203	0.0063265116
45204	0.0035868605
45205	0.0012004651
45206	0.001427093
45208	0.0012986047
45210	0.00021
45212	0.0084253488
45214	0.001765
45215	0.0007316
45217	0.0108976744
45218	0.0105227907
45219	0.0008632258
45220	0.0146438372
45221	0.0005912727
45222	0.0225481395
45223	0.0015178261
45224	0.0002622222
45225	0.000519
45226	0.000435
45227	0.0036803947
45228	0.0117271429
45229	0.4965367442
45230	0.0224042353
45231	0.0015030233
45232	0.0002681818
45234	0.000328
45236	0.000295
45238	0.0022827273
45239	0.0006376271
45240	0.00011
45242	0.0433125581
45243	0.0009062121
45244	0.0532889535
45245	0.0029244706
45246	0.0004826316
45247	0.0004154651
45248	1.4408981395
45250	0.0001916667
45251	0.012552907
45252	0.0013583117
45253	0.0007717391
45254	0.0012386047
45255	0.0013658108
45256	0.0021325397
45257	0.0181015
45258	0.0005016
45260	3.6993782143
45261	0.1713686047
45262	0.0025136364
45263	0.0047109302
45264	0.0021202597
45268	0.001567037
45269	0.0171103571
45270	0.000209375
45271	0.0002120833
45272	0.0003683333
45276	0.2380465116
45278	0.0002044444
45279	0.0002810345
45280	0.00050225
45281	0.0002635714
45283	0.000264
45286	0.000145
45288	0.000436383
45289	0.0002307692
45290	0.0332525882
45292	0.0005810417
45293	0.053740814
45294	0.0005633333
45295	0.0037581395
45297	0.0013852326
45299	0.0005982353
45302	0.0547240698
45303	0.0003688235
45304	0.0398360465
45305	0.001504375
45306	0.0272833333
45307	0.0008316279
45309	0.0003298837
45311	0.0201338889
45312	0.0027110448
45314	0.0062338372
45315	0.0443454651
45316	0.0054506977
45317	0.00013625
45318	0.0015583871
45319	0.003791125
45320	0.4962969767
45321	0.0008316279
45322	0.0746816667
45323	0.0006009091
45324	0.0001508333
45325	0.000235
45326	0.0474893023
45327	0.0478162791
45330	0.0304404651
45331	0.0004964286
45332	0.0002542857
45333	0.000263125
45334	0.0017659259
45335	0.0321896471
45336	0.0719243529
45337	0.0007024615
45338	0.00300875
45341	0.6246882558
45342	0.0007428205
45344	0.0029093023
45345	0.0003088679
45348	0.0364201163
45351	0.0007856863
45352	0.0046995181
45353	1.3271087209
45356	0.0445955814
45357	0.4438303488
45359	0.0003741667
45360	0.0006006818
45361	0.0708758621
45363	0.0001785714
45364	0.0049382979
45365	0.00014
45366	0.005637093
45368	0.0093312791
45370	0.0003472727
45371	0.002006962
45372	0.0020563415
45373	0.0183327907
45374	0.0007496296
45375	0.0001114286
45376	0.0096974419
45379	0.0191661628
45380	0.0003004348
45381	0.005029881
45383	0.0005535821
45384	0.0004964706
45385	0.0005524242
45387	6.8271431395
45390	0.000566875
45391	0.002725814
45392	0.0087280233
45393	0.0275003488
45394	0.59368125
45397	0.0093312791
45398	0.1195138554
45399	0.0721810465
45400	0.0003095652
45401	0.098462093
45403	0.0006104348
45404	0.0005054286
45405	0.0040625974
45406	0.0090195349
45407	0.000297
45409	0.0092419048
45410	1.4699213954
45411	0.0095771429
45412	0.0007797059
45413	0.00035
45414	0.0281854651
45415	0.0081914286
45416	0.000208
45417	0.00011625
45418	0.0008298333
45420	0.0002175
45421	0.0006490141
45422	0.0002963636
45423	0.0006414286
45424	0.0085526506
45425	0.0004106897
45427	0.0002566667
45428	0.0014283333
45429	0.0015030233
45430	0.00023
45431	0.0269311765
45432	0.0916961628
45433	0.00014
45434	0.000115
45436	0.000581
45437	0.0003503846
45438	0.0002475
45439	0.0045090698
45440	0.0001423529
45441	0.143945814
45442	1.643415
45443	0.0008895652
45444	0.3792092857
45446	0.0232612791
45447	0.0094742857
45448	0.0009428571
45449	0.0430930233
45450	0.2130783721
45451	0.001987619
45452	0.0030428571
45453	0.0647955814
45455	0.0008572414
45457	0.0033770886
45459	0.0011519403
45461	0.0079710465
45462	0.0026694737
45464	0.000598
45465	0.0033822093
45466	0.0011351724
45467	0.0559960465
45468	0.000248
45469	0.0134612791
45471	0.0075163953
45473	0.0002188235
45474	0.0013241176
45475	0.0008726829
45476	6.66666666667E-05
45479	0.00012625
45480	0.0003416667
45481	0.0033449412
45482	0.0079248214
45483	0.0036531579
45484	0.0019909333
45485	0.0005998592
45486	0.0011330986
45487	0.00019
45488	0.0156717241
45490	0.00036875
45491	0.0036339535
45492	0.0439693023
45493	0.0005282609
45495	0.0206896512
45496	0.003136875
45497	0.0005015625
45498	0.0298953488
45499	0.00257
45500	0.0003978571
45502	0.0023118605
45503	0.0278467442
45506	0.016197093
45507	0.0003883333
45509	0.1714955814
45511	0.0003569231
45513	0.00025
45514	0.00138
45516	0.0003045455
45517	0.0927272093
45518	0.0179205814
45520	0.0002471795
45521	0.0004222222
45522	0.1300912791
45524	0.00038825
45525	0.0001793333
45526	0.0003133333
45527	0.0027941667
45528	0.0006142857
45529	0.00023
45530	0.0187892
45531	0.0100504706
45532	0.000515
45533	0.0005213333
45534	0.0002804545
45536	0.0004197059
45537	0.00025375
45538	0.0577262791
45539	0.0226280233
45540	0.0013862821
45541	0.0005968421
45543	0.0026323256
45544	0.0961626744
45545	0.0006661017
45546	0.000274186
45547	0.0004998039
45548	0.0004646032
45550	0.0029691026
45551	0.0251790698
45552	0.0131254651
45553	0.0037272093
45554	0.0275826744
45555	0.0024758333
45556	0.000376
45557	0.0015057143
45558	0.0007005882
45559	0.0014831429
45560	0.0001975
45562	0.0005277273
45563	0.0008437838
45564	0.0894430233
45565	0.0006925714
45566	0.6264781395
45568	0.3341327907
45569	0.0146856977
45570	0.0002175
45571	0.00940375
45572	0.0002170588
45573	0.0007684483
45574	0.0004615385
45575	0.00017375
45576	0.0012004054
45577	0.0019197403
45578	0.4504019767
45579	0.00121325
45581	0.0003934483
45582	0.0004895122
45583	0.0243698837
45584	0.0007323188
45585	0.005552
45586	0.0555393023
45587	2.3031280233
45589	0.000515
45590	0.137899186
45591	0.5038567442
45592	0.00057125
45593	8.26744186047E-05
45595	0.0008205085
45596	0.1127425581
45597	0.0003530303
45601	0.05666875
45603	0.004187619
45604	0.0005033333
45605	0.0010106349
45608	0.0004675
45609	0.0275039535
45610	0.0092980328
45611	0.0000635
45612	0.0013311667
45613	0.0001388372
45616	0.0011272727
45617	0.0001792857
45618	0.0002604545
45619	0.0007306122
45620	0.4355630233
45622	0.0002428
45623	0.0627634884
45624	0.0001946667
45626	0.0002513636
45628	0.0105227907
45629	0.0003097297
45632	0.0011626667
45633	0.0002898113
45635	0.0083172289
45636	0.0130232558
45637	0.0082680233
45638	0.0002133333
45639	0.0002185294
45640	0.0001933333
45641	0.0004211111
45642	0.0978109302
45643	0.0063918182
45644	0.0005962121
45645	0.0006512281
45646	1.1130197674
45648	0.1720572093
45649	0.0044938462
45650	0.00083
45651	0.0004167742
45652	0.0005374286
45653	0.0681311628
45654	0.014280814
45655	0.0119743023
45657	0.00031
45658	0.0026392593
45660	0.000587234
45661	0.0006842308
45662	0.0005014286
45663	0.0010528261
45664	0.0010484722
45665	0.00017
45666	0.0004203509
45667	0.00014
45668	0.0001388372
45669	0.000594
45670	0.0011347222
45671	0.00024
45672	0.0011081395
45673	0.0011065455
45674	0.0003167857
45675	0.0452554651
45676	0.0002434783
45677	1.7448917442
45679	0.0009374
45680	0.0012324138
45681	0.004946
45683	0.0041563953
45684	0.0347367442
45686	0.0005432653
45688	0.0019074419
45689	0.0300647674
45694	0.0011274419
45695	0.0023951163
45697	0.0002885
45699	0.0024777907
45702	0.030555814
45703	0.0008021818
45704	0.012762439
45705	0.0010368085
45706	0.0005171212
45707	0.001092716
45708	0.0157838372
45709	0.5522816279
45710	0.0002469565
45712	0.0002821212
45714	0.0003545455
45715	0.0003732353
45716	0.0004166667
45718	0.0002192308
45719	0.0059465116
45720	0.0042533803
45721	0.0004283333
45723	0.0024322222
45724	0.0004735417
45725	0.0450265116
45726	0.0005727273
45728	0.0124016279
45729	0.0194074419
45730	0.019917907
45734	0.0011603125
45735	0.0001375
45736	0.1096041176
45738	0.0616073256
45739	0.0001529114
45741	0.0005405085
45742	0.1330366279
45743	0.00015125
45745	0.0016407317
45746	0.0003298837
45747	0.00036625
45748	0.0065427848
45751	0.0004828571
45752	0.0470682558
45753	0.000355
45754	0.1089102353
45755	0.00021
45756	0.0013128205
45759	0.0567466279
45763	0.0011602469
45764	0.0003220833
45765	0.00034
45766	0.0078376543
45767	0.0005415789
45768	0.2386390698
45769	0.0060365116
45770	0.0125681818
45771	0.0003818421
45772	0.0003794118
45773	0.0009343243
45774	0.0013867073
45776	0.000918125
45777	0.0002728947
45778	0.0007661224
45779	0.0001955556
45780	0.0005288235
45781	0.000412907
45782	0.0002745455
45783	0.0127773256
45785	0.0791922619
45786	0.0364687209
45789	0.0003331818
45790	0.0011548649
45791	0.0038809302
45794	0.000792
45795	8.66666666667E-05
45796	0.0003482353
45798	0.0007811538
45799	0.0033822093
45800	0.0006522222
45801	0.0973656977
45802	0.00302
45803	0.0012160563
45804	0.5001680233
45805	0.0251790698
45806	0.0002451724
45807	0.0020781395
45808	0.0001914286
45811	0.000055
45812	0.0110565116
45813	0.001735
45814	0.0004107143
45815	0.0006445
45816	0.0157177381
45817	0.0002773256
45818	0.0004095
45819	0.014280814
45820	0.0176625581
45821	0.00028
45822	0.1019086047
45824	0.0013546667
45825	0.0012008571
45826	0.1114138824
45827	0.0003507895
45828	0.0030065116
45829	0.004707093
45831	0.0007875472
45832	0.00045
45834	0.0308163953
45835	0.0003533333
45836	0.019917907
45837	0.0005031148
45838	0.000884
45839	0.001666747
45840	0.00042
45841	0.0017225926
45842	0.0003121053
45843	0.0005976667
45845	1.0908265116
45847	0.0297732558
45848	1.6312275581
45849	0.0002877778
45850	1.5299039535
45851	0.9468782353
45852	0.1589080233
45853	0.0049874419
45854	0.0001772
45856	0.080849186
45857	0.0016083721
45858	0.000537907
45860	0.0004644444
45861	0.0019107692
45862	0.0042317241
45863	0.0004163636
45864	0.0005925
45865	0.0101463953
45866	0.00019
45867	0.0033822093
45868	0.0070998837
45869	0.0148763333
45870	0.0014534884
45871	0.0007786957
45872	0.0004152727
45873	0.0010226316
45876	0.0008551515
45877	0.0022553488
45878	0.0004264286
45879	0.0004861224
45880	0.4780293023
45881	2.0009045349
45882	0.0011084
45883	0.0001235714
45884	0.0008048387
45885	0.0011510256
45886	1.3216544186
45887	0.009415
45888	0.0127773256
45889	0.0006514286
45890	0.7296767442
45891	0.0009567797
45892	0.1403539535
45893	0.0223804651
45894	0.0003713043
45895	0.00129
45897	0.0504725581
45899	0.0010933333
45900	0.021884186
45901	2.355194
45902	0.0024196053
45903	0.0263067442
45904	0.0006
45905	0.0003886364
45906	0.0003975
45907	0.0006877419
45910	0.0452554651
45912	0.019974
45913	0.0077143023
45914	0.0003803125
45916	0.0092880488
45917	0.0003190476
45918	0.000335
45920	0.000252
45921	0.0243149412
45922	0.0030065116
45923	0.0011563953
45924	0.004955
45925	0.106030875
45926	0.0007519767
45927	0.0431906977
45928	0.002630814
45929	0.0002990625
45930	0.1363547059
45931	0.0003367857
45932	0.0011256522
45933	0.0002125
45934	0.0002716667
45935	0.0003054762
45936	0.0007376923
45937	0.002630814
45939	0.0003591837
45940	0.0007198718
45941	0.0005
45942	0.0027657407
45943	0.0009741333
45945	0.0010597222
45946	0.0066498837
45947	0.0009913235
45948	0.0011683824
45949	0.0078916279
45950	0.0009838571
45951	0.0067648837
45954	0.0062848235
45956	0.0031558025
45957	0.0003163158
45958	0.0091216981
45960	0.0005489286
45963	0.2581806977
45964	0.0003763889
45967	0.0002025
45969	0.000742907
45971	0.184039186
45972	0.0022703614
45973	0.0029651515
45975	0.0269222093
45976	0.006012907
45977	0.0003040625
45978	0.00105125
45979	0.0003452941
45980	0.0016126471
45981	0.0005414286
45982	0.0005544444
45984	0.0007846269
45985	0.000376
45986	0.0004348889
45987	0.0004968966
45988	0.0004015909
45989	0.0003761628
45991	0.00015
45994	0.3200316279
45995	0.016847093
45996	0.0036021875
45997	0.0015966071
45998	0.0070197674
45999	0.0055418605
46000	0.0003777273
46002	0.0644153488
46003	0.00089675
46005	0.3435445349
46006	0.0007317308
46007	0.0003131579
46008	0.0002244444
46009	0.005637093
46010	0.0008206061
46013	0.0035993023
46014	0.00485025
46015	0.0011449091
46016	0.00916
46017	0.0081077907
46018	0.0465775581
46019	0.0004552381
46022	0.1204251163
46024	0.005637093
46025	0.0003605882
46027	0.000364
46028	0.0004571429
46029	0.0022163953
46030	7.54545454545E-05
46031	0.0279855814
46033	0.0007371875
46035	0.0005211111
46036	0.0438447674
46037	0.00065
46039	0.005637093
46040	0.0004374286
46042	0.0023498824
46043	0.0017583929
46044	0.0002525424
46045	0.1137431395
46047	0.0003142857
46048	0.0142043023
46049	0.0410876744
46051	0.0099845122
46052	0.0005817241
46053	0.0993893023
46054	0.0001707692
46055	0.000378
46058	0.0002588889
46059	0.00034225
46061	0.0006141176
46063	0.0002827273
46064	0.037894186
46065	0.0052069767
46066	0.0026625
46067	0.0119907059
46068	0.000769434
46069	0.0030174684
46070	0.0005421212
46071	0.0718582558
46072	0.0003346154
46074	0.0016516279
46075	0.0001757576
46076	0.0024965385
46077	0.0037581395
46078	0.0545652941
46079	0.0015018182
46080	0.9871627907
46081	3.1139353488
46082	0.0025119178
46083	0.0012980556
46084	0.0002484375
46085	0.1115268605
46087	0.0004533333
46089	0.0075541667
46090	0.0005071429
46091	0.0005248
46092	0.0010905814
46093	0.0067065152
46094	0.0375753488
46095	0.0011351667
46097	0.00034875
46098	0.0005020513
46099	0.0002865
46100	0.0011081395
46101	0.1013851163
46102	0.000358
46103	0.0005557143
46104	0.003216747
46105	0.0001642857
46108	0.00007
46109	0.0003761628
46110	0.145262093
46111	0.1096436364
46112	0.0083413953
46113	0.0050939535
46114	0.0002531818
46119	0.00022875
46123	0.0005540351
46124	0.0012922368
46125	0.4660033721
46126	0.0296628571
46128	0.0063918519
46129	0.0419424419
46130	0.0007
46132	0.002807907
46134	0.0212588
46135	0.0013852326
46136	0.01276
46137	0.0147143902
46138	0.0003313043
46139	0.0005752381
46140	0.00026
46141	0.0002624
46142	0.0031427778
46145	0.000605
46146	0.0018261628
46147	0.0001585714
46148	0.0002733333
46149	0.01487
46150	0.1933202326
46151	0.0386978049
46152	0.0010290244
46153	0.0211965116
46154	0.0006073333
46155	0.0010377778
46156	0.0003684211
46157	0.0002695455
46158	0.000253
46161	0.0010552055
46162	0.0004646154
46163	0.0014838961
46164	0.0003471698
46165	0.0004796
46166	0.0319604651
46169	0.0007273913
46171	0.0007519767
46172	0.0242916471
46173	0.000154
46174	0.0050495294
46175	0.0406261628
46178	0.0027957831
46180	0.0011913043
46181	0.0216998824
46183	0.0001388372
46186	0.1638530233
46187	0.016070814
46188	0.000175
46190	0.0089995349
46191	0.0004879167
46192	0.00023525
46193	0.0002581818
46194	0.0011709589
46196	0.0019738571
46197	0.0005543023
46199	0.1418474419
46200	0.0036055882
46201	0.0002773256
46202	0.2182006977
46203	0.0002005556
46204	0.0487104651
46205	0.0004064286
46206	0.008281875
46207	0.0013992537
46208	0.0035814286
46209	0.0004216667
46210	0.0177236047
46211	0.0377452326
46212	0.0054225
46213	0.0105288372
46214	0.0379676923
46215	0.0005293056
46216	0.000175
46219	0.0005744444
46221	0.0169225882
46222	0.0063887209
46223	0.0063381928
46224	0.0212413953
46225	0.0007771875
46226	0.0021011842
46227	0.0014534884
46228	0.0002276923
46229	1.8953956977
46230	0.0002866667
46231	0.0002038462
46232	0.0601296512
46235	0.4785131395
46236	0.0141578824
46237	0.0278105814
46238	0.0008835821
46239	0.0123756627
46240	0.0024966667
46241	0.0001733333
46242	0.00024375
46243	0.0011734211
46244	0.0088065882
46245	0.0009912766
46246	0.0003423077
46247	0.0060881176
46249	0.000499661
46250	0.005629
46251	0.5321459302
46252	0.0018361176
46253	0.0006760465
46254	0.0181376471
46255	0.004789186
46256	0.0099030233
46257	0.2166640698
46258	0.0009407143
46259	0.000205
46260	0.0003086667
46261	0.0004355556
46263	0.0003984615
46264	0.0004335417
46265	0.000439375
46266	0.000416
46267	0.0007406494
46269	0.009395
46270	0.00005
46271	0.0004336
46272	0.0213367059
46273	0.0008105882
46274	0.0026860256
46279	0.0007056716
46280	0.0006453968
46282	0.0002945161
46283	0.0002476471
46285	0.0002726667
46286	0.181087093
46287	0.0006474603
46289	0.0004935714
46290	0.0067648837
46292	0.0002385714
46293	0.1875290698
46294	0.000286
46295	0.0034813333
46297	0.0063105814
46298	0.00015
46300	0.0405876744
46302	0.0021050649
46303	0.0119801176
46304	0.0365122093
46305	0.0005782927
46306	0.0003776471
46307	0.2847046512
46310	1.3180480233
46311	1.8579048837
46312	0.0006145763
46313	0.0007912857
46316	0.0031335065
46318	0.0609892308
46319	0.0377974419
46320	0.002016375
46321	0.0130310588
46322	0.0011429412
46323	9.26666666667E-05
46324	0.0016179747
46325	0.0134386047
46326	0.5911482558
46328	0.0005933333
46329	0.0011783673
46330	0.0101502857
46331	0.0003565854
46333	0.0003792857
46334	0.1453465116
46335	0.0018793023
46336	0.0004882692
46338	1.9211837209
46340	0.0024360317
46341	0.0006962903
46343	0.0200130233
46345	0.2136323256
46346	0.0008824286
46349	0.0002454545
46352	0.0001566667
46353	0.0006435714
46354	0.0009064286
46356	0.0008316279
46357	0.000315
46359	0.006012907
46360	0.0024089362
46361	0.0031384884
46362	0.006678961
46363	0.6995566279
46364	0.0013756061
46367	0.181892093
46368	0.00125
46369	0.0005345902
46370	0.1927902326
46371	0.0071041667
46372	0.0066883544
46373	0.0030083951
46374	0.0011161039
46375	0.0011473333
46376	0.0008343396
46378	0.0074326744
46379	0.0002144444
46380	0.0003241463
46381	0.0014588235
46383	0.0006272414
46384	0.001253913
46385	0.0006872727
46387	0.0011270769
46388	0.001501125
46389	0.0011274419
46391	0.0002630303
46392	0.0566644737
46393	0.0651633721
46394	0.0037162791
46395	0.0008592857
46396	0.0003717949
46397	0.110317907
46398	0.0003127273
46400	0.0047529032
46401	0.0003746429
46402	0.0018535616
46403	0.0003171429
46404	0.0032859036
46405	0.0003113793
46407	0.0018793023
46409	0.0001654651
46410	0.00039
46411	0.0059323529
46412	0.0002896429
46413	0.0001316667
46414	0.000536
46415	0.0008316279
46416	0.0015711475
46417	0.0003786364
46420	0.2194602326
46421	0.0004727778
46422	0.0026323256
46423	0.0038430864
46425	0.019242093
46426	0.0002773256
46429	0.0055959302
46430	0.0016516279
46431	0.0017977778
46432	0.0009771698
46433	0.0270873256
46434	0.0006577419
46435	0.0002328947
46436	0.0793846512
46437	0.0006401563
46438	0.1501046512
46439	0.0163512791
46440	0.0017088312
46442	0.0023132394
46443	0.0030666667
46448	0.0087430233
46450	0.0192851163
46451	0.5928847674
46454	0.0768913953
46455	0.2061283721
46456	0.0005778
46458	0.0638683721
46459	0.000607541
46460	0.0463365116
46461	0.0002708
46462	0.0003021176
46463	0.027389186
46464	0.0221726744
46465	1.7207227907
46466	0.0001388372
46467	0.000473913
46468	0.0721546512
46469	0.000185
46470	0.0017659574
46471	0.0045090698
46472	0.0002592308
46473	0.5795631395
46476	0.00024375
46477	0.0026878873
46478	0.00036
46479	0.0761869767
46480	0.0002370968
46481	0.0021964557
46482	0.000197037
46483	0.0005961628
46485	0.0002610526
46487	0.0003995455
46488	0.0013004
46489	0.0213768966
46492	0.0055007792
46493	0.0002014815
46495	0.0040568852
46496	0.000267
46497	0.0016732051
46498	0.0477276744
46499	0.00043
46500	0.0003466667
46501	0.0002372727
46502	0.0002588571
46503	0.0001571429
46506	8.26744186047E-05
46507	0.0015124286
46508	0.0011274419
46510	0.0052612791
46511	0.0002476744
46513	0.0065240698
46515	0.0008032394
46516	0.0004427119
46517	0.0112745349
46518	0.0006535
46519	0.0008
46522	0.003571746
46523	0.5156410588
46524	0.0924493023
46525	0.0010221429
46527	0.0003127273
46529	0.0004702128
46530	0.0407138372
46531	0.0016702899
46532	1.731490814
46533	0.0012386047
46534	0.000365102
46536	0.0165995349
46537	0.0006997561
46538	0.0003328571
46541	0.0036219277
46542	0.0008316279
46543	0.00342
46544	0.0082680233
46545	0.0213895349
46546	0.0023986667
46547	0.00042
46548	0.0450568605
46549	0.0030065116
46550	0.0010304615
46551	0.0085182051
46554	0.0002505556
46556	0.0340043529
46558	0.0001
46559	0.000644
46561	0.0004504545
46562	0.0004895349
46563	0.00041
46564	0.0012487324
46565	0.0002702941
46567	0.0084188
46568	0.0008745714
46569	0.00086
46573	0.0008780882
46574	0.0005168
46576	0.0006725
46577	0.1175768235
46578	0.0002942857
46579	0.0006734091
46580	0.0001803704
46582	0.0214410465
46583	0.0018462903
46584	0.0021677778
46585	0.0432174419
46587	0.2309051163
46588	0.0017131579
46590	0.0005354545
46591	0.7213363953
46593	0.0029437681
46594	0.0542540698
46595	0.0108976744
46596	0.0001866667
46597	0.0006574576
46599	0.0007517647
46601	0.0063887209
46602	0.0022553488
46603	0.000895
46605	0.0005133333
46606	0.0004055556
46607	0.0005111905
46609	0.0169117442
46611	0.035325814
46613	0.109587093
46614	0.0154081395
46615	0.0024589041
46616	0.0010905814
46617	0.0002046154
46619	0.0002503125
46620	0.0001075
46621	8.26744186047E-05
46623	0.0010007143
46624	0.0017035294
46625	0.0077664634
46627	0.0003855
46628	0.1361767442
46629	0.00021
46630	0.0007092424
46631	0.0003578947
46632	0.0002016
46633	0.0003905263
46635	0.0002884615
46637	0.0101463953
46639	0.0019693421
46640	0.0416161628
46643	0.0502934884
46644	0.0008316279
46645	0.0002552381
46646	0.0030091566
46647	0.008500122
46650	0.2341293023
46651	0.0041417391
46652	0.0003276667
46654	0.0004217647
46655	0.0005364912
46658	0.0012465753
46660	0.006680814
46661	0.2810856471
46663	0.0009646667
46664	0.0003232353
46665	0.0009675
46666	0.0002747222
46668	0.0008024
46669	0.00063
46671	0.132037907
46672	0.0023115789
46673	0.0005960976
46674	0.0296893023
46675	0.0285612791
46676	0.0007653731
46677	0.0019303896
46678	0.0004425532
46679	0.0107155952
46680	0.0016622093
46682	0.0004352174
46683	0.0011081395
46684	0.0048792308
46685	0.0003202632
46686	0.0004078947
46688	0.00007
46689	0.0106165116
46691	0.0025468605
46692	0.0476002326
46693	0.0428309302
46694	0.0016495455
46695	0.0303032051
46696	0.0001232558
46697	0.0037912329
46698	0.0044277907
46699	0.0002157143
46700	0.00011
46701	0.081252907
46702	0.0066865116
46705	0.0031027907
46706	1.5216863954
46708	0.0822948837
46709	0.0014213953
46711	0.0029517442
46712	0.0001107143
46713	0.0209366667
46714	0.002437093
46715	0.0003544444
46716	0.0002264
46717	0.0004051163
46718	0.0004186111
46719	0.0065698837
46720	2.74418604651E-05
46721	6.86046511628E-05
46722	0.00666
46723	0.0017996386
46724	0.0009958537
46725	0.0001303488
46726	0.0008712791
46727	0.0002640698
46728	0.7172818072
46729	0.0001648837
46730	0.0006895455
46731	0.0112755556
46733	0.010269697
46734	0.2244302326
46735	1.03448275862E-05
46736	0.0091840698
46737	0.0016695455
46739	1.44444444444E-05
46741	0.0003696078
46742	0.000575
46743	0.0104847674
46744	0.0017004651
46745	0.0022218182
46746	0.0067919767
46747	0.0003301695
46749	0.0048143023
46750	0.000521
46751	0.6679129412
46752	0.0002543023
46753	0.0005027907
46754	0.0154930233
46756	0.0007912791
46757	0.0006065
46758	0.0090997674
46759	0.0003373529
46760	0.0005290476
46762	0.0018033333
46763	0.000020814
46764	0.0011218182
46766	0.000585
46767	0.0001266667
46769	0.0006204839
46771	0.0048397674
46772	0.0010911765
46773	0.0017922093
46774	0.0110939535
46775	0.1576598837
46776	0.00005
46777	0.0033227907
46778	0.0010848837
46780	0.0015169767
46781	0.0044277907
46782	0.0910717442
46783	0.00097
46784	0.0002154167
46785	0.0004913636
46786	0.0056048837
46787	0.0014646429
46788	0.1066002326
46789	0.1700723256
46790	0.1631217442
46793	0.0012011628
46794	0.0004072
46795	0.0017980233
46796	0.0076494186
46798	0.0034666279
46799	0.0012725581
46800	0.0176053488
46801	0.0018874359
46802	6.16279069767E-05
46803	0.0001701163
46804	0.0020287838
46805	0.0042359302
46806	0.0001611111
46807	0.0001184615
46808	0.0018796154
46809	0.0006885714
46810	0.000425
46811	0.0003215789
46812	0.000555814
46813	0.00001
46814	0.0010883333
46815	0.005127907
46816	0.0129902326
46817	0.00065
46819	0.0018462791
46820	0.0004255556
46821	0.0001851163
46822	0.1465269767
46824	0.0006883721
46825	0.0058106977
46826	0.0138477907
46827	0.016394875
46828	0.0001232558
46829	0.0002145833
46831	1.8997404651
46832	0.000436
46834	0.0007637037
46835	0.0025055814
46837	0.0071398837
46838	0.1576634884
46840	0.0831647674
46841	0.0001611111
46842	0.0494093023
46843	0.0067254651
46844	0.0003883333
46845	0.0038102326
46846	0.0016488372
46847	0.0024713953
46848	0.0047223256
46849	0.0014416279
46850	0.0034295
46851	0.00062375
46852	0.000206875
46855	0.0010984884
46857	0.0042566279
46860	0.0168539535
46861	0.0017005814
46863	0.000427619
46864	0.0005505
46865	0.0088911628
46866	0.0021969767
46867	0.0134132927
46868	0.0002268966
46869	0.000306875
46870	0.0668388372
46871	1.03448275862E-05
46872	0.0058106977
46873	0.0011210465
46875	0.0007161905
46876	0.0005217442
46877	0.0007646154
46878	0.0026224419
46879	0.0009613953
46880	0.0004536047
46881	0.0011877907
46883	0.0468184884
46884	1.03448275862E-05
46885	0.0001851163
46886	1.03448275862E-05
46887	0.0013553846
46888	0.0014789286
46891	0.0076682558
46892	0.0312346512
46893	0.0013353846
46895	0.0877889535
46896	0.000204
46897	0.002067027
46898	0.001023
46901	0.003892093
46902	0.2846573256
46904	0.0001828333
46905	0.0030346512
46907	0.0019415385
46908	0.0002816279
46909	0.0014082558
46910	0.00099375
46911	0.0180696512
46913	0.0017638272
46915	0.0416704651
46916	0.0574346512
46917	0.0026572093
46919	0.0059347674
46922	0.0002337209
46924	0.0011452632
46925	0.0871465116
46926	0.0005353488
46927	0.0010094186
46928	0.0121337209
46930	0.001275814
46931	0.0963594186
46932	0.0038633333
46934	0.009280814
46935	0.0093329412
46936	0.1745772093
46937	0.00153
46940	3.44186046512E-05
46941	0.0022998837
46942	8.3023255814E-05
46943	0.00027
46944	0.0003694118
46945	0.0009588235
46946	0.0029038372
46948	0.0005689063
46950	0.0003615385
46951	0.0001991765
46952	0.0019633721
46953	0.0048462791
46956	0.0046163953
46957	0.0005795455
46958	0.0009132558
46959	0.0010783019
46960	0.0002543023
46961	0.0060343023
46962	0.003212907
46963	0.0004376119
46964	1.03448275862E-05
46965	0.0002474419
46966	0.0017802326
46967	0.0004633333
46968	0.0004343333
46969	0.003032459
46971	0.1522052326
46972	0.2115611628
46973	0.00015
46974	0.0465589412
46975	0.0030380519
46976	0.0463204651
46977	0.0043590698
46978	0.0017023684
46979	0.0010857813
46980	6.86046511628E-05
46982	0.0003154545
46983	0.0001701163
46984	0.0044839535
46985	0.003362907
46986	0.0014486047
46987	0.0036930233
46988	0.02308
46989	0.000020814
46991	0.00071375
46992	0.0047439535
46993	1.03448275862E-05
46994	0.0047716279
46995	0.0044186047
46996	0.0026153488
46997	0.0053413953
46998	9.56976744186E-05
46999	0.0005275
47000	0.0006131579
47001	0.0158922093
47002	8.3023255814E-05
47004	0.0001440698
47005	0.0008925581
47006	0.001777907
47007	0.0006241791
47008	0.0075037209
47010	0.0006106977
47011	0.00040625
47013	0.000192093
47014	3.44186046512E-05
47015	0.0181339535
47016	0.002567907
47018	0.0191523256
47019	0.0006380233
47020	0.1289104651
47022	0.0019782558
47023	0.0104417442
47024	0.0058106977
47025	0.0008173077
47026	0.000165
47027	0.0044351163
47028	0.0088894118
47032	0.0012355814
47033	0.1428661628
47034	0.000375
47035	0.0008712791
47036	0.0004393023
47037	0.0075810465
47039	0.0002474419
47040	0.0009233721
47042	0.0001107143
47043	0.0018364583
47044	0.0021762791
47047	0.0009048148
47048	0.0026706977
47049	0.0005009302
47050	0.0008573256
47051	0.0017004651
47054	0.0018398837
47055	0.0045322222
47056	0.3088033721
47057	0.0023960465
47058	0.0013109302
47059	0.0010553488
47060	0.0177848235
47061	0.0077575581
47063	0.0575663953
47064	0.0003369767
47066	0.0012689231
47067	0.0015759302
47068	0.00062
47069	0.0003431395
47071	0.0002984615
47073	0.00139
47074	0.0010842857
47075	0.0058106977
47076	0.0051213953
47078	0.1229161628
47079	0.0019840698
47080	0.0022415116
47082	0.00114
47083	0.0057367442
47085	0.0004418519
47086	0.0024989535
47087	0.0008924051
47088	0.0001611111
47089	0.0032748837
47090	0.0078893023
47091	0.0205818605
47092	0.0039813953
47093	0.0013183721
47095	0.0078452326
47097	0.0005976667
47098	0.0020884507
47101	0.2260267442
47103	0.0031231395
47104	0.0362796512
47105	0.000297931
47106	0.0056686047
47107	0.0256069767
47108	0.0003766667
47109	0.0051722059
47110	0.0032688372
47111	0.0046163953
47112	0.000020814
47113	0.1020426744
47114	0.3377887209
47115	0.0007730882
47116	0.0020443023
47117	0.0006182558
47118	0.0004122093
47119	0.0015447674
47121	0.0050443529
47122	0.0001033333
47124	0.0036384884
47125	0.000346
47127	0.0056686047
47128	0.00043625
47129	0.0057605556
47130	3.44186046512E-05
47131	0.0015044898
47132	0.000264
47133	0.0007933333
47134	0.0445673256
47136	1.44444444444E-05
47137	0.0006555
47138	0.006405
47139	0.0017802326
47140	0.0027693023
47141	0.0536005882
47142	0.5751755814
47143	0.0001911111
47144	0.0473462791
47146	0.0006883721
47147	0.1789137209
47148	0.0023975
47149	4.13953488372E-05
47150	4.81395348837E-05
47152	0.00051875
47153	0.0001168605
47154	0.0154960465
47156	0.0079931395
47157	0.0043875581
47158	0.0015411268
47160	0.004517093
47161	0.0055956977
47162	0.0003738889
47164	0.0007345349
47166	0.0001611111
47167	0.0045824419
47168	0.0059593023
47169	0.0001232558
47170	0.00002
47171	0.000020814
47172	0.0054509302
47173	0.0022415116
47174	0.0008304651
47175	0.0022244186
47176	0.000015
47178	0.0002543023
47179	8.3023255814E-05
47181	0.0422680233
47182	0.0011579167
47183	0.0016062791
47185	0.0016197368
47186	1.03448275862E-05
47187	0.001347
47188	0.0029182143
47189	0.0015823256
47190	0.0105445349
47191	0.0008521429
47192	0.0039952326
47194	0.1242336047
47195	0.000885
47197	0.0410968
47198	0.001662093
47199	0.0034945349
47200	0.00519
47201	0.0038653488
47202	0.0023738372
47203	0.0024163953
47204	0.0015597674
47205	0.0038440698
47206	0.0128761628
47208	0.0887534146
47209	0.3706284884
47211	0.00324
47212	0.0001440698
47214	0.0642931395
47215	0.0047023256
47216	1.03448275862E-05
47218	0.00013
47219	0.0004188372
47220	0.00254
47221	0.002382093
47222	1.47368421053E-05
47223	1.1586773256
47225	0.0029106977
47226	0.0015186842
47227	0.008902093
47230	0.0004088889
47232	0.0009895349
47234	0.0030754651
47235	0.0095083721
47236	0.0003466667
47237	0.0015513953
47238	0.0001107143
47239	0.0008373256
47240	0.0006595349
47241	0.0003168182
47242	0.001945
47243	0.003032907
47245	0.0074511628
47247	2.13333333333E-05
47248	0.002492093
47249	0.0168398837
47250	0.0036451163
47252	0.0019138182
47253	0.1598576744
47255	1.922315
47256	0.0004669091
47257	0.0045195294
47258	1.03448275862E-05
47259	0.0003766667
47260	0.0047572093
47261	0.0032465116
47262	0.3737131395
47263	0.0028144186
47264	0.0074413953
47265	0.0076752326
47268	0.0004945349
47270	0.0023133721
47271	0.00076
47272	9.44444444444E-05
47273	0.0031176744
47274	0.0064706977
47275	0.0005512791
47276	0.0008230233
47277	0.0131223256
47279	0.0001995349
47282	0.000315814
47283	0.003727093
47284	0.108334186
47286	0.0001232558
47287	0.0024856977
47288	6.16279069767E-05
47290	0.0022040698
47291	0.0002061628
47292	0.0056568605
47293	0.000850814
47295	0.0051486047
47296	0.030364557
47297	0.0162777647
47298	0.000719375
47301	0.00153
47303	0.0046373684
47304	0.0010034615
47307	0.0016753488
47308	0.0001375581
47309	0.0010151852
47311	0.0032881395
47312	0.001065
47313	9.85714285714E-05
47315	0.0019703488
47316	0.0002145833
47317	0.0480283721
47318	0.000215
47319	0.0001440698
47320	0.000602766
47321	0.0006883721
47322	0.000055
47323	0.0040466667
47324	0.000582381
47325	0.0021096512
47326	0.0001851163
47328	0.0003211111
47329	0.0013183721
47331	0.0001232558
47332	0.0005905128
47333	0.0030083721
47335	0.0006883721
47337	0.0001611111
47339	0.0010910465
47340	0.000142
47341	0.0001510465
47343	0.006027907
47344	0.000432907
47345	0.0075518605
47348	0.0009895349
47350	0.0020410465
47351	0.0100232558
47352	0.0088906818
47353	0.00041
47354	0.0090686047
47356	0.0031646512
47357	0.0003397674
47358	0.0016271084
47360	0.0002696154
47361	0.00137375
47362	0.0004613953
47363	0.3758295349
47364	0.0034872093
47365	0.0204447674
47367	0.0025716279
47368	0.007482907
47369	0.0051347674
47370	0.005827907
47372	0.0038653488
47373	0.0027115116
47375	0.0002611628
47376	0.0393283721
47378	0.0001980233
47380	0.0188481395
47381	0.0003205882
47383	0.0138666216
47384	0.0040880233
47385	0.0689709302
47387	0.0029675581
47388	0.0025540698
47389	0.000795814
47390	0.0001611111
47391	1.44444444444E-05
47392	0.0003796552
47393	0.00326
47394	0.1527705882
47395	0.0004806061
47396	0.0226176744
47398	0.0009343056
47399	0.0651373256
47400	0.0011190698
47401	8.3023255814E-05
47402	0.000020814
47404	0.0058106977
47405	0.0040639535
47406	0.0012533721
47407	0.0025054651
47408	0.0002791667
47410	0.0400262791
47412	0.0003173256
47414	0.0025510465
47415	0.0039179545
47416	0.0041053488
47417	8.3023255814E-05
47418	0.0028693333
47419	0.0039496203
47421	0.0001851163
47422	0.0046026744
47424	0.0037827907
47426	0.0036866667
47427	0.0013863953
47428	0.0030273256
47429	0.003179186
47430	0.0044209302
47431	0.00084
47432	4.81395348837E-05
47433	0.0049084884
47434	0.4235105814
47435	0.0063363953
47436	0.0026630233
47437	0.00026875
47438	0.0450879412
47439	0.0469498837
47441	0.0124148837
47442	0.0050253488
47444	0.0037827907
47446	0.2504632941
47447	0.000145625
47448	0.0009198837
47449	0.0029177907
47452	0.0005888889
47454	0.0575663953
47455	0.0093536047
47456	0.0026293023
47457	0.0011675
47459	0.0009531746
47460	0.0034945349
47462	0.001144
47463	0.0023075581
47464	0.0003142857
47465	0.0023360494
47466	0.2448403488
47467	0.0051072222
47469	0.0009266667
47470	0.0028762791
47472	0.003179186
47474	0.0487309302
47475	0.0015823256
47476	0.0084095349
47477	0.001011358
47478	0.202984186
47480	0.0056686047
47481	0.0003057143
47482	0.0002637209
47484	0.0026224419
47485	0.000020814
47486	0.0007770968
47487	0.0663359302
47489	0.0056686047
47490	0.0014774684
47492	0.0009198837
47493	0.0008966667
47494	0.002835814
47496	0.0001527027
47497	0.0033365116
47498	0.0003216667
47500	0.001378125
47501	0.0001995349
47502	0.0053206977
47503	0.00184
47504	0.0002474419
47506	0.00026
47507	0.0164705
47509	0.081305
47511	0.0095624419
47512	0.1986447674
47515	0.0023548837
47516	0.0031375581
47517	0.0031102778
47518	0.0007912791
47520	0.0178486047
47523	0.0007524
47524	0.0038903488
47525	0.0003840625
47526	0.0006380233
47527	0.0068098837
47528	0.0054734884
47529	0.0032148148
47530	0.00035
47531	0.0003604651
47532	0.0003586111
47533	0.000165
47534	0.0408880233
47535	0.0025054651
47536	0.0763
47537	0.0004046154
47538	0.0006602083
47539	0.0038980769
47541	0.0003364706
47542	0.0017298837
47543	0.00033
47544	0.0013252326
47545	0.0121924419
47547	0.0004677778
47548	0.0024713953
47551	0.0014165306
47552	0.1981124419
47553	0.0019529508
47555	1.03448275862E-05
47556	0.0004263636
47557	0.0018645902
47559	0.0001086047
47560	0.0094463953
47561	0.0037004651
47563	0.0454461176
47565	0.0380511765
47566	0.000055
47567	0.0027034884
47568	0.0129172093
47570	0.0046219767
47571	0.0039065116
47574	0.0003618182
47575	0.0196505814
47576	0.0012746154
47577	0.0005663636
47578	0.0138589362
47580	0.0395648837
47581	0.009034186
47582	0.001115
47583	0.0007753488
47587	0.0004051163
47588	0.2098562791
47589	0.0041459302
47590	0.0008707692
47591	0.0006936047
47593	0.0011371429
47594	0.0004871429
47595	0.003955814
47596	0.0029264615
47598	0.0005416667
47599	0.011646
47601	0.0066147674
47602	1.16666666667E-05
47604	0.0078173256
47605	0.0039088372
47606	0.000365
47607	0.0084184884
47608	0.0002654762
47609	0.0005368293
47610	0.001305
47611	0.0045330233
47612	0.0003113846
47613	0.0249715116
47614	0.004509186
47617	0.0699140698
47618	0.0007142857
47619	0.0420925581
47621	0.0117255814
47622	0.0004325641
47623	0.0006459524
47624	0.00067
47626	0.0030061628
47627	0.0003878947
47628	0.0022276471
47629	0.0005939706
47630	0.0982723256
47631	0.001054
47633	0.0111248837
47635	0.00021
47638	0.0076604706
47639	0.0598312791
47641	0.109182907
47644	0.0003511765
47645	0.0122797183
47646	0.0069152326
47648	0.013708
47650	0.0003455294
47651	0.0008790789
47652	0.0078173256
47653	0.0006425
47654	0.0017943529
47659	1.236837561
47660	1.0340319767
47661	0.0009011628
47662	0.1024009302
47663	0.0309689535
47664	0.0944474419
47665	0.0330732558
47666	0.0084184884
47667	0.0002843333
47668	0.0330394186
47670	0.0006013333
47672	0.2657045349
47673	0.0021725397
47674	0.0114061628
47676	0.0013784706
47677	0.00005
47678	0.0003833333
47679	0.0640038372
47680	0.0020744186
47681	0.0001738462
47682	0.0208381395
47684	0.0369812791
47685	0.0012858333
47687	0.0011056522
47688	0.0005122222
47689	0.0004636471
47692	0.0203193939
47693	0.0460009302
47694	0.0004863158
47695	0.0267590698
47696	0.0003795918
47697	0.00215
47698	0.0008872917
47699	0.000077093
47700	0.0002364
47701	0.00023
47702	0.000230814
47703	0.0011097647
47704	0.0159348837
47705	0.0015032759
47707	0.0004788462
47709	1.1304910465
47710	0.0005692941
47711	0.0036884884
47712	0.0103884884
47713	0.0033076744
47715	0.0005471154
47716	0.0001531395
47717	0.0012249367
47718	0.0829824419
47720	0.005034875
47722	0.0009557627
47723	0.0195165116
47724	0.0006017442
47725	0.0384853488
47726	0.0096206977
47727	0.0004052632
47729	0.3921169767
47730	4.9744783721
47731	0.0120268605
47734	0.0090203488
47735	0.0043660241
47736	0.0033076744
47737	0.0017376923
47739	0.0004830769
47740	0.2192743023
47741	0.0001415116
47742	0.0008658974
47744	0.0268257746
47745	0.00016
47747	0.000511
47748	0.8615604651
47750	0.0016536471
47752	0.0194305882
47753	0.0128961628
47754	0.0001531395
47755	0.1351531395
47756	0.0147313953
47759	0.0003725
47760	0.0423934884
47761	0.0005657143
47762	0.9656866279
47763	0.00023
47764	0.0033076744
47765	0.004810814
47766	0.0062233721
47768	0.0027053488
47769	0.0219488372
47770	0.0006502703
47771	0.0130317568
47772	0.0002
47774	0.0009084706
47775	0.0096206977
47776	0.0087195349
47777	0.0240922093
47778	0.0712260465
47779	0.0004502326
47780	0.0006
47781	0.0007809375
47783	0.5249715116
47784	0.0021839759
47785	0.0027053488
47788	0.0117255814
47791	0.0057013953
47792	0.0005368
47794	0.0102215116
47795	0.0183405814
47796	0.0117255814
47799	0.002251625
47800	0.0003536667
47801	0.0277766279
47802	0.0004166667
47804	0.0072133735
47805	1.882837907
47806	0.0131619767
47807	0.0003640541
47810	0.0111248837
47811	0.0099218605
47812	0.00015625
47814	0.000295
47815	0.000428125
47818	0.0001730769
47819	0.00115875
47821	0.0004511538
47822	0.0357789535
47823	0.4520675949
47824	0.0010650746
47825	0.0007816667
47826	0.0010397917
47827	0.0204447674
47828	0.0207455814
47829	0.0027053488
47830	0.0003271111
47832	0.0004161538
47833	0.0043798837
47834	0.0009749412
47835	0.0015993548
47839	0.3950863953
47842	0.0001415116
47843	0.0003622222
47844	0.0003823077
47845	0.3924645349
47848	0.007857037
47849	0.0003754118
47850	0.00017
47851	0.004509186
47852	0.2841319767
47853	0.015652093
47854	0.654259186
47856	0.0001531395
47858	0.0005041176
47859	0.0106614286
47861	0.0015506452
47862	0.0024585542
47864	0.0004458333
47865	0.0976176744
47866	0.005259375
47867	0.188626129
47869	0.0004271429
47871	0.0011366667
47872	0.0006978378
47874	0.0002603488
47876	0.0007687209
47877	0.0002714706
47878	0.0054124419
47879	0.000077093
47880	0.0224848837
47881	0.0084184884
47882	0.0072307059
47883	0.000325
47884	0.0285259302
47887	0.0006211111
47888	0.000185
47889	0.0039088372
47890	0.0736118605
47891	0.00027875
47894	0.0007285714
47895	0.1635822093
47896	0.00069
47897	0.0001890909
47899	0.0078173256
47900	0.0058401163
47902	0.0145909302
47904	0.5253822093
47905	0.2248501163
47906	0.0003791892
47907	0.0004315
47908	0.0002704545
47909	0.0001376923
47910	0.0002586207
47912	0.0049769231
47913	0.0009011628
47914	0.004810814
47915	0.0177393023
47916	0.0027053488
47917	1.484257907
47918	0.0090203488
47919	0.0009912857
47920	0.0004224
47921	0.0007110526
47923	0.0195431395
47924	0.2341010465
47928	0.0610346512
47929	0.0085437333
47932	0.0002790476
47934	0.0111248837
47935	0.0156337209
47936	0.0303667442
47937	0.0008105797
47938	0.0186413953
47939	0.0012631429
47940	0.0010144444
47941	0.00030125
47942	0.0003017391
47943	0.0001715385
47944	0.0089127907
47945	1.2067977907
47946	0.0007225
47947	0.0157515116
47948	0.0009011628
47951	0.0006765882
47952	0.0012136667
47953	0.0021206024
47954	0.1747695349
47956	0.0017264706
47957	0.0021585526
47958	0.005486
47960	0.0010139063
47961	0.0081174419
47963	0.0207455814
47964	0.0004130952
47965	0.0242283721
47966	0.0004363529
47967	0.0020388
47968	0.0444984884
47970	0.0195431395
47971	0.0021939535
47974	0.0002409524
47976	0.0041749231
47978	0.137652907
47980	0.0005377907
47981	0.0013513793
47982	0.0005568333
47984	0.0009983529
47985	0.0093206977
47986	0.0309689535
47987	0.002105
47988	0.0111248837
47989	0.1163177907
47990	0.0009011628
47991	0.0186413953
47992	0.0082107143
47993	0.2011433721
47994	0.0006633333
47995	0.0009011628
47997	0.0002333333
47998	0.0024053488
47999	0.004509186
48001	0.015290814
48003	0.0027053488
48004	0.0198439535
48005	0.0243566279
48006	0.0072163953
48007	0.0529733721
48010	0.0005140909
48013	0.00091
48014	0.0003204348
48015	0.000739759
48018	0.0004158182
48019	0.0218247674
48020	0.0374659036
48021	0.0682026923
48022	0.0315790698
48024	0.000895641
48025	0.0499095349
48026	0.0002987097
48027	0.0111248837
48028	0.0069152326
48029	0.0087195349
48031	0.0011522093
48032	0.0001531395
48033	0.5460448837
48034	0.0063351765
48036	0.0071578824
48037	0.146832093
48038	0.0020067213
48040	0.0004611628
48042	0.0002215909
48043	0.0066147674
48044	0.0003194737
48045	0.0233831395
48046	0.0060134884
48047	0.0006964865
48048	0.00001
48049	0.0135231395
48050	0.0015455556
48052	0.0172914118
48053	0.0406061905
48055	0.004509186
48056	0.000376
48057	0.0005590476
48058	0.0634397674
48059	0.1278663953
48062	0.0006434426
48063	0.0093206977
48064	0.000662
48065	0.124474186
48068	0.000556
48071	0.17871
48073	0.0042093023
48075	0.0043024419
48076	3.5670398837
48077	0.0084184884
48078	0.0002825
48079	0.0105727907
48080	9.90361445783E-05
48081	0.00760375
48082	0.5253822093
48083	0.0837134884
48084	0.011295
48085	0.0001531395
48086	0.3196462791
48087	0.0001531395
48088	0.00031
48089	0.0489622093
48091	0.0274723256
48092	0.014432093
48094	0.0066147674
48095	0.00027
48096	0.5253822093
48098	0.0005273214
48099	0.0001707692
48100	0.0039088372
48101	0.0219366279
48102	0.0003428571
48103	0.0087195349
48104	0.0004073077
48106	0.117909186
48107	0.000363125
48109	0.0004023529
48110	0.0002833333
48111	0.000077093
48114	0.0001266667
48115	0.0029965116
48116	0.00024
48117	0.0177393023
48118	0.0004585
48120	0.0674440698
48121	0.1512113953
48124	0.0515506977
48125	0.0003406452
48128	0.0003132558
48129	0.0520177907
48130	0.00029625
48131	0.0095494872
48133	0.0004988679
48134	0.5253822093
48136	0.0003816471
48137	0.0105238372
48138	0.0015388158
48139	0.0009148649
48140	0.00014
48142	0.2361102326
48143	0.0002911111
48144	0.1183568605
48145	0.0004376471
48146	0.0051113953
48147	0.0060134884
48148	0.0005635294
48150	0.0009857143
48151	0.0002866667
48153	0.0004236842
48154	0.00041
48155	0.0050517857
48156	0.002105
48157	0.0183405814
48158	0.0010058904
48159	0.0154317442
48161	0.00025625
48162	0.7891702326
48163	0.0006769697
48164	0.0007733333
48166	0.0021838554
48168	0.0006572941
48169	0.0054124419
48171	0.0002142857
48172	0.0002559259
48174	0.0003486207
48175	0.000426
48176	0.2178734884
48177	0.0003072093
48179	0.023972093
48180	0.073454186
48182	0.0002818182
48183	0.0036075581
48186	0.0472040698
48187	0.005712907
48188	0.0162125581
48190	4.4469366279
48192	0.0030918072
48193	0.0487074419
48194	0.0160161538
48195	0.1055079518
48197	0.0213472093
48198	0.0300666279
48199	0.0043113095
48200	0.4283123256
48207	0.0004188889
48208	0.0007539286
48209	0.0250171795
48211	0.0005692941
48212	0.0084184884
48213	0.0003072093
48214	0.3789511628
48217	0.0004823529
48218	0.0003836364
48219	0.0066147674
48220	0.000365
48221	0.0015924691
48222	0.0006488235
48224	0.0019336486
48225	0.0597812791
48226	0.00036
48227	0.0002133333
48228	0.0004588235
48229	0.0165885542
48230	0.1490604651
48232	0.0108236047
48233	0.3005474419
48234	0.0003609091
48235	0.0004612941
48237	0.5270273256
48239	0.100120814
48240	0.0834313953
48241	0.0008842105
48242	0.0043798837
48243	0.0499989535
48246	0.0003593333
48247	0.0002121739
48249	0.0055503529
48250	0.0006915254
48251	0.000183
48253	0.0033313333
48255	0.0004312766
48257	0.004509186
48259	0.0003925926
48260	0.0924747674
48261	0.0293376744
48264	0.001926988
48267	0.0063134884
48268	0.0007348148
48269	0.0004578571
48270	0.05467
48271	0.1146795294
48272	0.2898855814
48273	0.00125
48274	0.0003051282
48276	0.00021
48277	3.3996205814
48279	0.0069152326
48280	0.0003991429
48281	0.0002502326
48284	0.009989186
48285	0.002105
48286	0.0378010465
48287	0.0002994595
48288	0.0051109412
48289	0.0003788889
48292	0.0042093023
48293	0.0517624419
48294	0.0060134884
48295	0.0001946512
48297	0.0012652459
48298	0.0071469737
48299	0.0907796512
48300	0.0313284884
48301	0.0005415
48302	0.0335437209
48303	0.0576724419
48305	0.0081365116
48306	0.0085601163
48307	0.0076284884
48309	0.0035185915
48312	0.0003324419
48314	0.0086603614
48315	0.0062223171
48316	0.00209
48317	0.0054004167
48318	0.004347093
48319	0.0005444186
48320	0.0034777907
48322	0.0001663953
48323	0.0006021739
48324	0.0056488095
48325	0.0268189535
48327	0.0003458824
48328	0.0075937975
48329	0.0019924419
48330	0.0062418519
48331	0.0051696078
48332	0.0005444186
48334	0.0037419355
48335	0.0004833333
48336	0.0002909091
48337	0.000415
48339	0.0095365476
48341	0.0005175862
48342	0.0082198837
48343	0.0012495238
48344	0.0005273529
48345	0.000415
48346	0.0003370588
48347	0.0185969412
48348	0.0034869767
48349	0.001362549
48350	0.0006882051
48351	0.0003956522
48352	0.0017245833
48353	0.0002725581
48354	0.0004484211
48355	0.0001983333
48356	0.0012655319
48357	0.0075858
48358	0.0140653731
48359	0.0008151923
48360	0.0032992958
48361	0.006148
48362	0.0003322222
48365	0.002130625
48366	0.0131727941
48367	0.0002207407
48368	0.0156922093
48369	0.0001635185
48370	0.0053630435
48371	0.0001985714
48372	0.0010439394
48374	0.0020617857
48375	0.000238
48376	0.00069
48377	0.0003814286
48378	0.0847232558
48379	0.0696618605
48381	0.3513198837
48383	0.0080533721
48384	0.0007377966
48385	0.0045725926
48386	0.0017796721
48387	0.0043180233
48388	0.0004521429
48389	0.1468387342
48390	0.0003224138
48391	0.0437852941
48392	0.0014664516
48393	0.0179175294
48394	0.0021796512
48396	0.0005444186
48398	0.0017434884
48399	0.0003802326
48401	0.0047269492
48402	0.0080909677
48403	0.0005934783
48404	0.0314340964
48405	0.0057180769
48406	0.0004
48409	0.0398072619
48410	0.0010397059
48411	0.0007363636
48413	0.0026453704
48415	0.0002041667
48416	0.0001096429
48417	0.0514873256
48418	0.0019337313
48419	0.0004522727
48420	0.001516
48421	0.0216713953
48422	0.3701441176
48423	0.0032992958
48425	0.0026951786
48426	0.0003041667
48427	0.0092482143
48428	0.0078638554
48429	0.0043588372
48430	0.0005051163
48431	0.0004022222
48432	0.0001775
48433	0.0062155814
48434	0.0004797059
48435	0.0026571765
48436	0.0002104167
48437	0.0034777907
48438	0.0014738571
48439	0.0206304706
48440	0.0061027907
48441	0.0565018605
48442	0.0010895349
48443	0.0001742593
48444	0.0058790909
48445	0.0005119149
48446	0.003000125
48447	0.0002285714
48448	0.0316006977
48449	0.0001454545
48450	0.0198754651
48451	0.6325617442
48452	0.000429375
48453	0.2748763953
48454	0.0083114458
48455	0.00289675
48457	0.0129672093
48459	0.0031377778
48460	0.0001633333
48461	0.0051332099
48462	0.0005118182
48463	0.00873
48464	0.0010288406
48465	2.66666666667E-05
48466	0.0176851163
48467	0.0012335294
48468	0.0009847059
48470	0.000415
48471	0.027586
48472	0.000299
48473	0.000479375
48476	0.0011919444
48477	0.0011622093
48478	0.000238
48479	0.0005444186
48480	0.0007828571
48481	1.3317696512
48482	0.0005444186
48483	0.0052937209
48484	0.0005444186
48485	0.0009168889
48486	0.0086206098
48487	0.0007272727
48488	0.0011898611
48489	0.00099
48491	0.0002133333
48492	0.0004336364
48493	0.0023653947
48494	0.0002725581
48495	0.0001742593
48496	0.0005444186
48497	0.0008009677
48498	0.0058818605
48499	0.0007276471
48500	0.0040861628
48501	0.0015880769
48502	0.0081365116
48503	0.0005444186
48504	0.0002775
48506	0.0080973494
48507	0.0072783562
48508	0.0004333333
48509	0.004411129
48510	0.0053660317
48511	0.0032992958
48513	0.0005444186
48515	0.0012044737
48516	0.0127866279
48517	0.0016136735
48519	0.00017
48520	0.0008354286
48522	0.0615246512
48523	0.0005915909
48525	0.0008655556
48526	0.000394
48527	0.0004361702
48528	0.0285541176
48529	0.0267212791
48530	0.0001696512
48531	0.0013429114
48532	0.0057564474
48533	0.1353380233
48534	0.0007246667
48536	0.4489553488
48537	0.0001888889
48538	0.0007163333
48539	0.0005934783
48540	0.0020528571
48541	0.0003664286
48542	0.006955814
48543	0.0010971605
48544	0.4375235135
48545	0.0650126744
48547	0.0012171053
48548	0.000204
48549	0.00022
48550	0.0004033333
48551	0.0041030667
48552	0.077754186
48553	0.0037417021
48554	0.0009563934
48555	0.0022228395
48556	0.0330613095
48558	0.0009717143
48560	0.0006747917
48561	0.0008266667
48562	0.0008858333
48564	0.0008709302
48565	0.0005956
48566	0.0034777907
48567	0.0088351807
48569	0.0006175
48570	0.00033
48571	0.0028112048
48572	0.0003717647
48573	0.0098816667
48574	0.00027
48575	0.0001712245
48577	0.029812907
48579	0.0591048837
48580	0.0038851064
48581	0.0012451163
48583	0.0103391304
48584	0.0028576786
48585	0.0111138462
48586	0.0484287059
48587	0.000644
48588	0.0002774286
48589	0.008788625
48590	0.0416810465
48592	0.0085245783
48593	0.0008963158
48595	0.0003158333
48596	0.0026571765
48597	0.0004083333
48598	0.0008014286
48599	0.0014284211
48601	0.0093323171
48602	0.0012498413
48603	0.0010118033
48604	0.0021354286
48605	0.0005934783
48606	0.0011898684
48607	0.0016253846
48608	0.0098432143
48610	0.0010754054
48611	0.000145119
48612	0.0005444186
48613	0.0324115476
48614	0.196145814
48615	0.0004128
48616	0.000196
48617	0.0025402564
48618	0.0035697674
48619	0.0006525
48620	0.0035778261
48621	0.0219607143
48622	0.0002038235
48623	0.0079704651
48624	0.0034777907
48625	0.00033
48627	0.0008116667
48629	0.2989467442
48630	0.00053
48632	0.0002673333
48633	0.001294918
48635	0.0045665116
48636	0.0052168605
48637	0.000375
48638	9.22222222222E-05
48640	0.0006281034
48641	0.0015005
48642	0.0006031818
48643	0.0002585714
48644	0.0283182143
48645	0.0002718182
48646	0.0014319048
48648	0.0017368519
48649	0.0007857692
48650	0.0043262651
48651	0.0005934783
48652	0.0100009302
48653	0.0014575758
48655	0.1554282558
48656	0.0003792063
48657	0.0270255952
48658	0.0091871429
48659	0.0132836047
48661	0.0062272093
48662	0.0003324419
48663	0.0001376744
48664	0.020235625
48665	0.0003952381
48666	0.0833615116
48667	0.0156136145
48668	0.00371175
48669	0.0005444186
48671	0.0182346512
48672	0.0335891667
48673	0.0245084524
48674	0.0002294444
48675	0.0074650617
48676	0.0034116471
48677	0.0042343023
48678	0.0009068056
48679	0.000912907
48680	0.1253687209
48681	0.00032125
48682	0.0003324419
48683	0.0001376744
48684	0.0001742593
48685	0.0025928378
48686	0.0004982558
48687	0.004347093
48689	0.00023625
48690	0.001509726
48691	0.1747763953
48692	0.0231673256
48693	0.0031702439
48694	0.0068312308
48695	0.0005242857
48697	0.0010135088
48698	0.000075
48699	0.0003395238
48700	0.0003230769
48701	0.0002571429
48702	0.0162740698
48703	0.0590069767
48707	0.0007474419
48708	0.0029973256
48710	0.0003224138
48711	0.000455
48712	0.000275
48713	0.000464
48715	0.0003365385
48716	0.0083854651
48717	0.0060610465
48718	0.5807306977
48720	0.0109840741
48721	0.0074577907
48722	0.0055843284
48723	0.0012637288
48725	0.0005352941
48728	0.0028842105
48730	0.0180282716
48731	0.0136997674
48732	0.0005883871
48733	0.000172
48735	0.0005444186
48736	0.0077868675
48738	0.0034777907
48740	0.0087172093
48743	0.000437
48744	0.0011622093
48745	0.00031
48747	0.0021796512
48749	0.0074561446
48751	0.0078842169
48752	0.0007288571
48753	0.0066336709
48754	0.7816472093
48755	0.0003224138
48756	0.0001327273
48757	0.00107
48758	0.0907796512
48759	0.0008175581
48760	0.0792770769
48761	0.0027861446
48763	0.000468
48766	0.0017924658
48767	0.0084690698
48768	0.0014973134
48769	0.0024634211
48773	0.0080587952
48774	0.00083
48775	0.0291433721
48776	0.0122971951
48777	0.0431017647
48778	1.28571428571E-05
48779	0.000648
48780	0.000715
48782	0.0496513953
48783	0.0009938462
48784	0.0654269767
48786	0.0001686667
48787	0.0018266279
48788	0.0005444186
48789	0.0004991667
48790	0.0004315556
48791	0.0005444186
48793	0.0023248837
48794	0.00843375
48797	5.57777777778E-05
48798	0.0045358333
48799	0.0001222222
48800	0.0025982353
48801	0.002061
48802	0.0006796512
48803	0.0041040625
48804	0.000182
48805	0.0052216667
48806	0.0019924419
48807	0.000512
48808	0.0021613043
48809	0.0010971605
48810	0.0004384
48811	0.0003848
48812	8.26744186047E-05
48813	0.0466882353
48814	0.0003057143
48815	0.0003343243
48817	0.0079807229
48818	0.0072895349
48820	0.0403188372
48821	0.0003562069
48822	0.0012517284
48825	0.0001
48826	0.009492907
48827	0.0003224138
48829	0.0006639535
48831	0.008583012
48832	0.0003660976
48833	0.0008943137
48834	0.0005934783
48835	0.0021093333
48836	0.0003613043
48837	0.008137093
48838	0.0039244444
48840	0.0016668966
48841	0.0013511475
48843	0.0003046667
48845	0.0090565476
48846	0.001885303
48847	0.0001712245
48848	0.0032052439
48849	0.0012660317
48850	0.000425
48851	0.0004846341
48852	0.00042875
48853	0.002176
48854	0.001165
48856	0.0036588372
48857	0.0009311111
48858	0.0835487059
48859	0.0082317742
48861	0.000215
48862	0.01129125
48863	0.0005934783
48865	0.0029054651
48867	0.0002465385
48868	8.75903614458E-05
48870	0.0004578947
48871	0.000193
48872	0.0574119767
48873	0.0007114706
48875	0.0042146875
48876	0.0010796512
48877	0.0047343373
48879	0.0128043023
48880	0.1139161628
48881	0.000764878
48882	0.0151713095
48883	0.00058
48884	0.0237545882
48885	0.0023881818
48886	0.1602474419
48887	0.000686
48889	0.000415
48890	0.000282037
48891	0.0001704167
48893	0.000755
48894	0.0002792308
48895	0.0512071429
48896	0.0022149153
48897	0.00463125
48898	0.0313284884
48899	0.2001432558
48900	0.0051481395
48901	0.0029148438
48902	0.0007484091
48903	0.0005444186
48904	0.0005222222
48905	0.000912907
48906	0.0229467391
48907	0.00074
48910	0.0006854
48911	0.0002816667
48912	0.001451
48914	8.7459062791
48915	0.008154186
48916	0.0003458333
48917	0.0055194643
48918	0.0003795455
48919	0.0116410909
48920	0.1931147674
48922	0.0006733333
48923	0.0023315909
48924	0.0008620455
48926	0.0068724074
48927	0.0004266667
48928	0.01076625
48929	0.00020375
48930	0.0197395122
48931	0.00043225
48932	0.0005974074
48933	0.0004837143
48934	0.0232273077
48936	0.0980573256
48937	0.0024455844
48938	0.008565641
48939	0.0002258333
48940	0.0051915789
48941	0.0009786667
48943	0.0001772222
48944	0.0107105814
48945	0.0007471429
48946	0.000799697
48947	0.0051244444
48948	0.1631724419
48949	0.0066959302
48950	0.0029883333
48951	0.1210561628
48952	0.0511463953
48953	0.0005444186
48954	0.0018486207
48955	0.0012419048
48956	0.0005341892
48957	0.0068918605
48958	0.0001248148
48959	0.0010091667
48960	0.0299978125
48961	0.0008252174
48962	0.00111
48963	0.000673125
48964	0.0003521739
48965	0.0032992958
48966	0.0164927536
48967	0.0038907143
48968	0.0539658696
48969	0.0052794118
48970	0.0035185915
48971	0.0004157447
48972	0.0006639535
48973	0.0003178049
48975	0.00232375
48976	0.0079614458
48977	0.0023828333
48978	0.0135233721
48979	0.0305532558
48980	0.0093581395
48982	0.0021796512
48983	0.000116
48984	0.0017924638
48985	0.0130485185
48986	0.0080003614
48987	0.0004485714
48988	0.0005536923
48990	0.0008438889
48992	0.0005189474
48993	0.0006878723
48994	0.0166368235
48995	0.0007474419
48996	0.0019789831
48998	0.0013652083
48999	0.0003244444
49001	0.0028828
49002	0.0010895349
49003	0.0085440964
49004	0.0010848571
49005	0.1229926744
49006	0.0010428846
49007	0.0007952632
49008	0.0003672727
49010	0.0143672289
49011	0.0007227586
49012	0.0501261628
49013	0.0013286047
49014	0.0276931765
49015	0.0008131034
49016	0.0047089706
49017	0.0037363953
49018	0.000085
49020	0.0003563636
49021	0.0006381818
49022	0.0003008696
49023	0.0086232877
49024	0.0007474419
49025	0.0107821429
49027	0.0105441176
49028	0.00091
49030	0.001072766
49031	0.0001520548
49032	0.0588455814
49033	0.000193
49034	6.02173913043E-05
49035	0.0005934783
49036	0.000912907
49037	0.000515
49038	0.0469945349
49039	0.0004646154
49040	0.0006639535
49041	0.1490376744
49042	0.0003577143
49043	0.0032992958
49044	0.0035594186
49045	0.0002641176
49046	0.0002925926
49047	0.0040755
49048	0.0006263492
49050	0.000345
49051	0.0132847674
49052	0.000128
49053	0.0001598148
49054	0.0035185915
49056	0.0005444186
49057	0.00031
49058	0.00022625
49060	0.0003657143
49062	0.0230822093
49063	0.0140322093
49064	0.0083904651
49066	0.0002073077
49067	0.000403
49068	0.012537093
49069	0.008919875
49070	0.008583012
49071	0.0003751064
49072	0.0565954651
49073	0.0002721053
49074	0.0234211628
49075	0.0579754651
49076	0.001660814
49077	0.0153595349
49078	0.0058110526
49079	0.0002368
49080	0.0016182759
49082	0.0003392857
49084	0.0001633333
49085	0.0009523077
49086	0.0003859375
49088	0.0029281818
49089	0.000675102
49090	0.0004586667
49091	0.0037796296
49092	0.0073816901
49094	0.0005065
49095	0.0006669697
49096	0.0002036
49097	0.0037442353
49098	0.0003841667
49099	0.7780433721
49100	0.0008875758
49101	0.0005444186
49102	0.0419532558
49103	0.0026718824
49104	0.042448
49105	0.0003085714
49106	0.0024454545
49107	0.0416810465
49108	0.0005444186
49110	0.0011646667
49112	0.0020791837
49113	0.0063787671
49114	0.00029
49115	0.00073
49117	0.0033827692
49118	0.0005368493
49119	0.0063937647
49120	0.00017
49121	0.0243098837
49122	0.0009153333
49123	0.0486091765
49124	0.0029547692
49125	0.000351
49126	0.0004982558
49127	0.002408
49128	0.0045632895
49130	0.0004384211
49131	0.0039649153
49132	8.60784313725E-05
49134	0.0019878481
49136	0.0092866667
49137	0.0036828571
49138	0.0034777907
49139	0.0002114815
49140	0.0030717442
49141	0.0014923729
49142	0.000307931
49143	0.0029054651
49144	0.0110140476
49145	0.0083498795
49146	0.0186587059
49148	0.0096309302
49149	0.0001876471
49152	0.0003871429
49153	0.0073990698
49154	0.1178186047
49155	0.001631358
49156	0.0009
49157	0.000912907
49158	0.0009234884
49159	0.0002416667
49160	0.0079669767
49161	0.0028488235
49162	0.0008175581
49163	0.0095936905
49164	0.0008175581
49165	0.0171489535
49167	0.00160375
49168	0.0032992958
49169	0.00018
49170	0.0009441096
49172	0.00015
49173	0.9602601163
49174	0.0001712245
49175	0.0005444186
49176	0.0023962338
49177	0.0498540698
49178	0.0003324419
49179	0.0051760465
49180	0.0734369412
49181	0.0008572727
49182	0.0004709524
49183	0.0013609524
49184	0.0085156944
49185	0.0011622093
49186	0.0084087952
49187	0.0661576744
49188	0.2901981395
49189	0.0072578947
49190	0.0004903226
49192	0.0002566071
49193	0.0278610959
49194	0.0095484884
49195	0.00119
49196	0.0019096512
49197	4.43902439024E-05
49198	0.0002630769
49199	0.0121728571
49200	0.0116961728
49201	0.0084755814
49203	0.0404524691
49204	0.0005444186
49205	0.1197111628
49206	0.0002957895
49207	0.0007896154
49208	0.0005444186
49209	0.01157
49210	0.001363871
49211	0.0032992958
49213	0.00005
49214	0.0317401163
49215	0.0002669091
49217	0.0004236957
49218	0.1735184884
49219	0.00063
49220	0.0034363636
49221	0.1609202326
49222	0.0002277778
49223	0.0011622093
49225	0.010699863
49226	0.0002882353
49227	0.0038743023
49228	0.00037625
49229	0.0070589535
49230	0.0245290123
49231	0.0014827419
49232	0.012502963
49233	8.26744186047E-05
49234	0.0024652381
49235	0.0011765116
49236	0.000226
49237	0.0002145455
49238	0.0283131765
49239	0.0023147059
49240	0.0032992958
49242	0.0795012791
49243	0.0002725581
49244	0.0023915152
49245	0.0037769136
49246	0.0044528358
49247	0.0032992958
49249	0.0001066667
49250	0.0193459302
49251	0.0003902703
49252	0.0083114458
49253	0.012682619
49255	0.0004247059
49257	0.0003756522
49258	0.0067797674
49259	0.0005444186
49260	0.0173326531
49261	0.0059748438
49262	0.0088993023
49263	0.0007515517
49264	0.0040976923
49268	0.0023248837
49269	0.0001445455
49270	0.0045096491
49271	0.000052
49272	0.0090753571
49273	0.0007963636
49274	0.0010895349
49275	0.0034777907
49276	0.0072548214
49278	0.0006083784
49279	0.0060620588
49281	0.000131
49283	0.0001140506
49284	0.0005810465
49285	0.0007814667
49286	0.0001983333
49287	0.0024518605
49288	0.0009465278
49289	0.0011055556
49290	0.0003463043
49291	0.0129424419
49292	0.0006578431
49293	0.0124816667
49294	0.0106953086
49295	0.000513
49296	0.0299362353
49298	0.0002566071
49299	0.0001522222
49300	8.26744186047E-05
49302	0.0005341892
49303	0.0823380233
49304	0.0003664286
49305	0.0007143182
49306	0.0012451163
49308	0.0007627273
49310	0.00055
49311	0.0381931395
49312	0.0034777907
49313	0.0076121687
49314	0.0129861905
49315	0.0163032143
49316	0.0079422892
49317	0.0130237681
49318	0.0819173171
49319	0.0034777907
49320	0.0002
49321	0.0006855556
49322	0.0080515116
49323	0.5611873256
49325	0.0005869231
49326	0.0026444706
49327	0.0002749275
49328	0.0004238462
49330	0.0005444186
49331	0.0089125301
49333	0.0002653846
49334	0.0011111765
49335	0.0004481818
49337	1.667937093
49338	0.0008297674
49339	0.0019946939
49340	0.2718751163
49341	0.0003592308
49342	0.3964855814
49343	0.0015622388
49344	0.1080210465
49345	0.0001663953
49346	0.0008641667
49347	0.0005444186
49348	0.0012687302
49349	4.0985915493E-05
49350	0.0501261628
49351	0.00025
49352	0.0063438824
49353	0.0044006977
49354	0.0019924419
49355	0.0001660526
49356	0.0001792857
49357	0.00055
49358	0.0005663158
49359	0.0056931667
49360	0.0021239063
49361	0.000165
49362	0.0027861446
49363	0.013405493
49364	0.0086992771
49365	0.3236477907
49366	0.1852126744
49367	0.0006258621
49368	0.0023183721
49369	0.1033880233
49370	0.0062718605
49371	0.000249186
49372	0.0001825
49373	0.0004155556
49374	0.0024052542
49375	0.0005934783
49376	0.0198754651
49379	0.0731488372
49380	0.0795012791
49381	0.0179598837
49382	0.0018501852
49383	0.0006110526
49384	0.0008175581
49385	0.0123863529
49386	0.00035
49388	0.0014338158
49389	0.0068345783
49390	0.0021796512
49391	0.0008138462
49393	0.0047323256
49394	0.000584
49395	0.0031049367
49396	0.0014109302
49397	0.0095092683
49398	0.0004568182
49399	0.2078751163
49400	0.0002510909
49402	0.0002972414
49403	0.0018631081
49405	0.0242396512
49406	0.0021188372
49408	0.0005444186
49409	0.0021583721
49410	0.0002241463
49411	0.0061939759
49412	0.0005444186
49413	0.0003325
49415	0.0053501961
49416	0.0006089189
49417	0.0007745455
49418	0.1002159302
49419	0.0003794737
49420	0.0056113253
49421	0.0002903571
49422	0.0221687209
49423	0.0003226923
49424	0.0002725581
49425	0.0055296512
49427	0.0120676744
49428	0.0002721429
49429	0.0071459036
49430	0.0027861446
49431	0.0024517143
49432	0.0643477907
49433	0.0183490698
49436	0.0024114286
49437	0.0003711111
49438	0.0001477358
49439	0.0003248148
49441	0.6119360465
49442	0.0191153488
49443	0.0067256977
49444	0.0026571765
49445	0.0010796512
49446	0.0019488235
49447	0.0357072093
49448	0.0085522093
49449	0.0010775362
49450	0.000208
49452	0.0004261905
49453	0.8525076744
49454	0.005459881
49455	0.0022353191
49456	0.0094789286
49457	0.0029887209
49458	0.0001958621
49462	0.0035090698
49465	0.0004134375
49466	0.0003224138
49467	0.0487801163
49469	0.0003216667
49470	0.0403188372
49472	0.0003181818
49474	0.0001525
49475	0.0029798684
49477	0.0041168605
49478	0.0045687342
49479	0.0026571765
49480	0.0005444186
49481	0.0024998795
49482	0.0005770455
49483	0.0034777907
49485	0.0018444578
49486	0.0008658333
49487	0.0005444186
49488	0.0207574419
49489	0.015922439
49491	0.0005348485
49493	0.0024448438
49494	0.0003609375
49495	0.000479375
49496	0.0043429762
49497	0.0010521818
49498	0.0004663265
49499	0.0011283871
49500	0.0017972549
49501	0.00046
49502	0.0003782
49503	0.000535098
49504	0.0015777907
49505	0.0007917073
49506	0.000214
49507	0.0006072464
49508	0.0011554839
49509	0.0005444186
49510	0.0005444186
49511	0.0005361538
49512	0.0073353247
49513	0.0001681818
49514	0.00023375
49515	0.0104777907
49516	0.0009645455
49518	0.000551
49519	0.0015117808
49520	0.0012430233
49521	0.5218752326
49524	0.0004207143
49526	0.0416810465
49527	0.0003466667
49528	0.0173338372
49529	0.0249553571
49530	0.0131757143
49531	0.00312925
49532	0.0820333721
49533	0.000235
49535	0.1646997674
49536	0.005496747
49537	0.0034777907
49538	0.0094883077
49539	0.0089713253
49541	0.3062051163
49542	0.0001696512
49543	0.0008101754
49544	0.0342910465
49545	0.0030682143
49546	0.0004558974
49547	0.0008549206
49548	0.1105253488
49549	0.0003154839
49550	0.0080515116
49551	0.0004982558
49553	0.0155377907
49554	0.035227125
49556	0.0149279762
49557	0.0022362821
49558	0.0027861446
49561	0.0709065116
49562	0.0017434884
49563	0.0005444186
49565	0.0002604167
49566	0.001606875
49567	0.4146123256
49568	0.0016343023
49569	0.000415
49570	0.0027861446
49571	0.0208775325
49572	0.0222225581
49573	0.0005444186
49576	0.0795012791
49578	0.0014603614
49579	0.1553818605
49580	0.0002233333
49581	0.0053027586
49582	0.0025586047
49583	0.0099633721
49584	0.0326772941
49585	0.00207375
49587	0.0085440964
49588	0.00041
49590	0.0007655556
49591	0.0012430233
49592	0.0008511111
49593	0.0001284615
49594	0.0001625926
49596	0.0012937037
49597	0.0077122093
49598	0.0003257576
49599	0.008116988
49600	0.0003345161
49601	0.0005444186
49602	0.1542155814
49603	0.0021583721
49605	0.0023248837
49606	0.00009
49607	0.0002725581
49608	0.0585711628
49609	0.000415
49610	0.0044070769
49611	0.0085245783
49612	0.00019875
49614	0.0012451163
49615	0.0042437255
49616	0.0012456452
49617	0.00017875
49618	0.0010277778
49619	0.0010542857
49620	0.0002723529
49621	0.0006258025
49624	0.0006073684
49625	0.0039315
49626	0.0736235366
49627	0.0016748387
49628	0.000270625
49630	0.0103524419
49631	0.0514136905
49634	0.0012512698
49635	0.000254359
49636	4.43902439024E-05
49637	0.0251010465
49638	0.00025
49639	0.0005368493
49641	0.0060061905
49642	0.0003053333
49643	0.0126833766
49644	0.0012430233
49645	0.0005307692
49646	0.0021583721
49647	0.0090880723
49648	0.0020827027
49649	0.3736851163
49650	0.0087774699
49651	0.0034777907
49652	0.0007556923
49654	0.0005934783
49655	0.0002666667
49656	0.0045685
49657	0.0025073529
49658	0.0027861446
49659	0.00033
49660	0.0010373077
49661	0.00041
49662	0.0005934783
49663	0.0015482609
49664	0.0004319048
49665	0.0222806024
49667	0.0004745455
49668	0.0761405814
49670	0.0102460714
49672	0.002055
49673	0.0255726744
49675	0.0022553488
49676	0.0027337313
49677	0.0010288889
49678	0.0002974286
49679	0.00036875
49680	0.0001696512
49681	0.0005954286
49682	0.0002472222
49683	0.004347093
49684	0.0002925
49685	0.0009321687
49686	0.0006921429
49687	0.0003828947
49691	1.04057
49692	0.00028
49693	0.0003723333
49694	0.0083693976
49696	0.0005080952
49697	0.0011667742
49698	6.17391304348E-05
49700	0.0001663953
49701	0.0024726415
49702	0.021250241
49703	0.0005967213
49704	0.0001668421
49705	0.0085245783
49706	0.0005444186
49707	0.0153485714
49708	0.000440625
49709	0.0076121687
49710	0.0176277647
49711	0.0023248837
49712	0.0263268605
49713	0.0034777907
49714	0.0001205195
49715	0.0007882759
49716	0.0462997647
49717	0.0029590385
49719	0.0021583721
49722	0.0009959302
49725	0.0001925
49726	0.0003965517
49728	0.0087184337
49730	0.008019759
49731	0.0082916867
49732	0.0024110909
49733	0.0017877778
49734	0.0004982558
49735	0.0040861628
49736	0.0003224138
49737	0.00129
49738	0.0609010588
49740	0.0008217391
49741	0.0005288889
49742	0.0284327907
49743	0.0040533333
49744	0.0002357576
49745	0.0012123529
49746	0.093560814
49747	0.00036
49749	0.0005444186
49750	0.0012214754
49754	0.0005384444
49755	0.0231655814
49756	0.0007338095
49758	0.0016692308
49759	0.00062125
49760	0.02593
49761	0.0013656962
49765	0.2786463953
49766	0.000892381
49767	0.000415
49768	0.0076513253
49769	0.0121096825
49771	0.0130019753
49772	0.0009878261
49775	0.0011612329
49776	0.0008175581
49779	0.0024139706
49780	0.0003224138
49781	0.1231356977
49782	0.0236897674
49785	0.0003224138
49786	0.0026571765
49787	0.0026571765
49788	0.0012451163
49791	0.000415
49794	0.0032992958
49795	5.6389087209
49796	0.0002608333
49797	0.0054274545
49798	0.0009097826
49799	0.0434247674
49800	0.0004714286
49801	0.1037280233
49802	0.0002168
49803	0.0095437037
49804	0.0010668571
49805	0.0003274074
49807	0.001341875
49808	0.0003083333
49809	0.000359
49810	0.0405420238
49813	0.0402214634
49814	0.0196457647
49816	0.0004734884
49817	0.0037983582
49818	0.0814797674
49819	0.0003864615
49820	0.5465824419
49821	0.0009777778
49822	0.001210119
49823	0.0059577922
49825	0.0004813462
49826	0.0015413924
49827	0.0003883077
49828	0.009832907
49829	0.0291169767
49830	0.001468
49831	0.0022363793
49832	0.0049761176
49833	0.0210429412
49834	0.0009523256
49836	0.000264
49837	0.0006571667
49838	0.0014056522
49839	0.0006888608
49841	0.0009523256
49842	0.0018485714
49843	0.027702125
49845	0.0006521875
49847	0.0001905814
49848	0.009824186
49849	0.00032125
49850	0.0918201163
49851	0.0014104878
49852	0.0022149412
49853	0.0619125581
49857	0.0003021176
49859	0.0033222353
49861	0.0006888608
49862	0.0006888608
49864	1.35294117647E-05
49866	0.0001905814
49867	0.0004894186
49868	0.0009015873
49869	0.0003638636
49871	0.0060252941
49872	0.0015941667
49873	0.0004431579
49874	0.000810241
49875	0.0016911475
49876	0.0029816279
49880	0.0002091667
49881	0.0011771795
49883	0.0006516129
49885	0.0031082558
49886	0.0006888608
49887	0.0014728
49888	0.0007096471
49889	0.001125
49890	0.000199759
49891	0.0003066667
49892	0.0012198684
49893	0.0015961905
49895	0.0004176923
49898	0.0038304651
49899	0.0016593671
49900	0.0006888608
49901	0.0006888608
49902	3.27083333333E-05
49904	3.27083333333E-05
49905	0.0322253488
49906	0.0032986047
49907	0.0003352174
49908	0.0010189873
49909	0.0045045349
49912	0.0260723256
49915	0.0016391111
49916	0.000615
49918	0.0025707229
49920	0.000615
49921	0.0126873256
49923	0.0001485714
49925	0.0006888608
49926	0.0019667442
49929	0.0005033871
49930	0.0009109589
49931	0.0001269767
49932	0.0002432
49933	0.00179025
49935	0.0011002083
49936	0.0013397143
49937	0.0195381395
49938	0.0022149412
49939	0.1500877907
49941	0.0006137209
49942	0.0022833721
49943	0.0027553226
49944	0.1079698837
49945	0.0018944737
49946	0.0017230952
49947	0.0013136709
49948	0.0006888608
49949	0.0003950943
49950	0.000344375
49952	3.27083333333E-05
49953	0.0005111594
49954	0.0052236905
49955	0.0004046429
49956	0.0098956977
49957	0.0039959302
49960	0.0008882558
49962	0.0002957971
49963	0.0034887209
49964	0.0006888608
49965	0.00045575
49966	3.27083333333E-05
49967	0.0047576744
49968	3.27083333333E-05
49969	0.0683813953
49970	9.93827160494E-05
49971	0.0024902703
49974	0.0005425926
49975	0.0002281481
49977	0.0006888608
49978	0.0006888608
49979	0.00035
49980	0.0001985714
49981	0.000466
49982	0.0071983721
49984	0.0291051163
49985	0.0003443478
49986	0.0024204878
49987	7.96551724138E-05
49989	0.000865
49990	0.0049622353
49992	0.0005071429
49994	0.0002719753
49996	0.0074852326
49997	0.0011182353
49998	0.1353709302
50002	0.000317093
50003	0.0001269767
50004	0.0010148837
50005	6.08163265306E-05
50006	0.0004163953
50007	0.0009523256
50008	0.0057994118
50009	0.000202029
50011	0.0001073239
50013	0.0006423611
50014	0.14396
50016	0.0007873016
50017	0.0009706579
50018	0.0878809302
50019	0.0001146667
50020	0.0001146667
50021	0.0008882558
50022	0.0016615625
50023	0.0002373016
50026	0.0010235294
50028	0.000372
50029	0.00017
50031	3.27083333333E-05
50032	1.423672093
50034	0.000303125
50035	0.0001051899
50036	0.000674
50037	0.0002455385
50039	0.0496698837
50040	0.1842159302
50043	0.0007613953
50045	0.0002044
50047	0.0007290323
50048	0.0013735065
50049	0.001302931
50050	0.0001269767
50051	0.0032351163
50052	0.0006519608
50054	0.0009284058
50055	0.0016494186
50057	0.0014566667
50059	0.0006107595
50060	0.1403603488
50061	0.0001269767
50062	0.0006888608
50064	0.0003388889
50070	0.3644940698
50071	0.000631875
50072	0.0016313208
50073	0.00056125
50075	0.0009960465
50078	0.0004542683
50079	0.0032986047
50080	0.0006888608
50081	0.0026004651
50082	0.0032351163
50085	0.0012053488
50091	0.000697907
50093	0.0006888608
50094	0.0020006757
50095	0.00073
50096	0.0006888608
50098	0.0032474627
50100	0.0006888608
50102	0.000444
50104	0.0001905814
50105	0.0002149206
50106	3.27083333333E-05
50107	0.2307139535
50108	0.0107839535
50109	0.0287437209
50111	0.0001625641
50112	0.009642093
50113	0.1470973256
50114	0.000386375
50115	0.0010595833
50116	0.0001269767
50119	0.4380531395
50120	0.0001905814
50121	0.0007669048
50122	0.000127093
50123	0.0071688372
50125	0.0066609302
50126	0.0106917568
50128	3.27083333333E-05
50129	0.000317093
50131	0.0002667442
50132	0.0019026744
50135	0.0016524051
50137	0.0307284483
50139	0.0011208
50142	0.000617971
50143	0.006724186
50146	0.0001905814
50149	0.0017857333
50150	0.0007721951
50151	0.0002018605
50152	0.0017972222
50153	0.0226288372
50154	0.0007997468
50155	0.0006888608
50157	0.0007613953
50160	0.0005351515
50162	0.0060902326
50163	0.001085
50164	0.0006516129
50165	0.0004074359
50166	0.0020745455
50167	0.0001101613
50169	0.0004337209
50172	0.0030022785
50173	0.0004217391
50174	0.0001269767
50175	0.0022833721
50177	0.0006208235
50178	0.00029875
50180	0.0007163415
50181	0.0007831707
50182	0.0215938372
50183	0.0004114286
50184	0.0010119512
50185	0.0005379412
50186	8.20588235294E-05
50187	0.0284182558
50188	0.0008246512
50190	0.0006888608
50192	0.0794301163
50193	0.0006888608
50194	0.0001269767
50196	0.0042667901
50197	0.0044304706
50198	0.0416772093
50199	0.00015
50200	0.0933665116
50201	0.0832276744
50202	0.0007613953
50206	0.0053310769
50207	0.00036
50213	0.0007391304
50215	0.000283871
50220	0.0009061404
50221	0.0001905814
50222	0.0008502381
50224	0.0008728916
50226	0.001088
50227	0.0436577907
50232	0.0018774118
50233	0.0005561628
50234	0.0002046512
50236	0.0012486667
50237	0.0054953488
50239	0.0003326667
50240	0.0023253846
50241	0.000215
50242	0.0031452542
50243	0.0163017442
50244	0.0007788372
50245	0.2354863953
50246	0.009172
50247	0.003092093
50248	0.0057955814
50249	0.3308653488
50250	0.0031391765
50251	0.0022605952
50252	0.0057845349
50253	0.0315376471
50254	0.0011831395
50255	0.0749111628
50256	0.0009496471
50258	0.0015096552
50260	5.11688311688E-05
50261	0.0008964179
50263	0.0047205814
50264	0.0092823529
50265	0.0119221569
50266	0.0023153488
50267	0.0454611765
50269	0.0004
50270	0.002659186
50271	0.001899186
50273	0.0013096512
50274	0.008450814
50275	0.005277093
50277	0.0840310465
50278	0.0002352381
50279	6.1511627907E-05
50280	0.0006306329
50281	0.000199
50282	0.0023924419
50283	0.0001857895
50284	0.002744
50285	0.0030502564
50286	0.004690814
50287	0.0003272131
50288	0.004262093
50289	0.0396203571
50290	0.0396909302
50291	0.0185297674
50292	0.0005710526
50293	0.0019276923
50294	0.0025432558
50295	0.0010666667
50296	0.0007885542
50297	0.0003850704
50298	0.00002
50299	0.0008319767
50300	0.0024695349
50301	0.0021415476
50302	0.0009359036
50303	0.00025
50305	0.0078059302
50307	0.0023710465
50308	0.0057546512
50309	0.0066612791
50310	0.0040917442
50311	0.0002223256
50316	0.0003782143
50317	0.0067803488
50318	0.0008875294
50319	0.0019254651
50320	0.0005697468
50321	3.39534883721E-05
50322	0.0001467059
50323	0.0163819767
50325	0.0002971053
50326	0.00024
50327	0.0001294186
50328	0.0001848684
50329	0.0041780233
50330	0.0001478261
50331	0.0001913953
50332	0.0015157813
50333	0.0008184884
50334	0.005277093
50336	0.0001775581
50338	0.0062737838
50339	0.0057203488
50340	0.0112802326
50342	0.0002794186
50343	0.0003057143
50345	0.0186338372
50346	1.51764705882E-05
50347	0.0008013158
50348	0.0052834884
50349	0.000631194
50350	0.0001163768
50351	0.0174545349
50353	0.00020175
50354	0.0054065116
50355	0.0372374419
50356	0.076512907
50357	0.0341194186
50358	0.0002593333
50359	0.0023174419
50360	0.0008734177
50361	8.86046511628E-05
50365	0.0037602326
50367	0.005277093
50370	0.0020726744
50371	0.0006681395
50372	0.0184767442
50373	0.0003026744
50374	0.001002907
50375	0.0008013158
50376	0.00001
50377	0.0011577907
50378	2.5797358333
50379	0.0030473256
50380	0.0017008333
50381	0.0001321311
50382	0.0016160465
50383	0.0002794186
50384	0.0001363953
50385	0.0018516279
50386	0.0006955814
50387	0.0011711765
50388	0.0010501163
50389	0.000254
50390	0.0161519767
50391	0.000955
50392	0.0005906329
50393	0.0003661905
50394	0.0007885542
50396	0.0008659302
50397	0.0004071642
50399	3.39534883721E-05
50400	0.0016572093
50401	0.0034507143
50403	0.0083413725
50404	0.1457774118
50405	0.1441556977
50406	0.000300814
50407	6.1511627907E-05
50408	5.45348837209E-05
50409	0.0055975581
50410	0.0023169231
50412	0.0007797368
50413	0.0136718605
50415	0.0008721429
50416	0.0023622619
50417	0.0165131395
50418	0.0038322093
50420	0.00007
50421	0.0005136538
50422	0.0002110465
50424	0.0046303488
50425	0.0030921053
50426	0.0114085882
50427	0.1389217442
50428	0.0055156977
50430	0.0002111321
50432	0.0058767442
50433	6.87209302326E-05
50434	0.0005559302
50436	2.74418604651E-05
50437	0.0001775581
50438	0.0103619767
50439	0.179879186
50440	0.0002533929
50442	0.0218286047
50443	0.0008356818
50444	3.61363636364E-05
50445	6.02702702703E-05
50446	0.0011001205
50447	0.0994990698
50450	0.0001913953
50452	0.0049456977
50454	0.0219888372
50455	0.0007775676
50456	0.000304
50457	0.0037748235
50458	0.0007774419
50459	0.0053475581
50462	0.0177480233
50463	0.0001155814
50464	0.0011410465
50465	0.0039863953
50466	0.004654
50467	0.0215933721
50468	0.0097045349
50470	0.000704186
50471	0.0022932558
50472	0.0205566279
50473	0.0009484884
50474	0.0057410465
50475	0.1253795349
50476	0.0003233333
50477	0.0007885542
50478	0.0045646512
50480	0.0022230233
50481	0.0003136047
50482	0.0174746512
50483	0.0037602326
50484	0.0165474419
50486	0.0015465476
50487	0.0005801639
50488	0.001904186
50489	0.0054268605
50490	0.0063275581
50491	0.9730524419
50492	0.0094289535
50493	0.001184875
50494	3.39534883721E-05
50495	0.0052264
50497	0.0015434884
50498	0.0019235135
50499	0.0039685366
50500	0.0001294186
50502	0.0064674118
50504	0.0054482558
50505	0.1908893023
50506	0.00020175
50507	0.005272907
50508	0.0106952326
50509	0.0001088372
50510	0.0035093023
50511	0.0054001163
50512	0.00778
50513	0.0006276744
50514	0.6231783721
50515	0.0015043023
50516	0.0019109302
50517	0.0059382558
50518	0.0003204651
50519	0.0024456977
50521	0.0033340698
50522	0.0027834884
50523	0.0040018605
50524	0.0141698837
50526	0.0166829545
50527	0.000565
50528	0.0681239535
50529	0.0059796078
50530	0.0002860256
50531	0.0046050602
50532	0.0007885542
50533	0.000340814
50534	0.0029448101
50535	0.0001472973
50536	0.0001562791
50537	0.0321062791
50538	0.001164625
50540	0.0027786047
50541	0.0020072093
50543	0.0003723944
50544	0.000605443
50545	0.0005697468
50546	0.0380197674
50548	0.0054319767
50549	0.0007117143
50550	0.0003748387
50551	0.0021581395
50552	0.001840814
50553	0.0002383721
50554	5.45348837209E-05
50555	0.0006456977
50556	0.0006611111
50557	0.1053188372
50558	0.0028479268
50560	0.0033889535
50561	0.0054747674
50562	0.0005704478
50563	0.0047052326
50564	0.0118938372
50565	0.0179732558
50566	0.0052626744
50567	0.0010742105
50568	0.001382619
50569	0.0199994186
50570	0.0001522951
50571	0.0022565116
50572	2.48717948718E-05
50573	0.0043865116
50574	0.0012411628
50576	0.0054462791
50577	0.0067803488
50578	0.0033845349
50579	0.0016161111
50581	0.0053248837
50582	0.00057
50583	0.0007023256
50585	0.0008146512
50587	0.0007845349
50588	0.0187996512
50589	7.46511627907E-05
50590	0.0002660465
50592	0.0002594186
50593	0.0054482558
50594	0.046116506
50595	0.0007885542
50596	0.0008186047
50597	0.0006817241
50598	0.0001252113
50599	0.0009081579
50600	0.0082254651
50601	0.0230860465
50602	0.0006511842
50603	0.0021125581
50604	0.002457907
50605	0.003195
50606	0.0006065217
50607	0.0009934884
50608	0.0003166667
50609	0.0007017442
50610	0.0047587209
50611	0.0008186047
50612	0.0075889535
50614	0.0006563636
50615	0.00013
50616	0.0003369412
50618	0.03153
50619	0.0061026744
50620	9.53488372093E-05
50621	0.0024453846
50622	0.0005988889
50623	2.5665730233
50624	0.0001639535
50626	0.0022605952
50627	0.0003561538
50628	3.39534883721E-05
50629	0.00018875
50630	0.0454165116
50631	0.012560814
50634	0.0052636047
50635	0.0005559302
50636	0.0002439024
50637	0.0053248837
50638	0.0070196512
50640	0.0026275581
50641	0.0001019767
50642	0.006490814
50643	0.0001844186
50644	0.00205
50645	0.0001119048
50646	0.1689833721
50647	0.3567146512
50649	0.0060403488
50650	0.0001363953
50651	0.0007346512
50652	0.0002368831
50653	0.0318409302
50654	0.0053660465
50655	0.0546787059
50656	0.001964359
50657	0.0003955814
50658	0.0075040789
50659	0.0158515116
50660	0.0008322619
50661	0.0055427907
50662	0.0002081818
50663	0.0002453488
50664	0.0011001205
50665	0.00023
50666	0.0048904651
50667	0.0001294186
50668	0.0175223256
50669	0.0164860465
50670	0.0003845238
50671	0.2761730233
50673	0.0061132558
50675	0.0008902778
50677	0.002022619
50680	0.0005609677
50682	0.0065161176
50683	0.0014079221
50684	0.0170111628
50686	0.0063215116
50687	0.0026261176
50688	0.0162536538
50689	0.0004247826
50690	0.000288
50691	6.87209302326E-05
50692	0.017665814
50693	0.0501884884
50694	0.0007885542
50695	0.0019040476
50696	0.0008231579
50697	0.0165889535
50698	3.39534883721E-05
50699	0.0019085714
50700	0.0003817442
50701	0.001205375
50702	3.39534883721E-05
50703	0.0008870909
50704	4.12790697674E-05
50705	0.000414
50706	0.0038968605
50707	0.0008344444
50708	0.0056113953
50709	0.000217907
50710	0.0011001205
50711	0.0065866279
50712	0.000437093
50713	0.0016676744
50714	0.0036918605
50715	0.0065716279
50716	0.0002660465
50717	0.00081125
50718	0.0010708333
50719	0.0009543077
50720	0.0019235135
50721	8.17441860465E-05
50722	0.0008082857
50723	0.350717093
50724	0.0011001205
50725	0.0044286047
50726	0.0084624419
50727	0.0007522093
50728	0.2974993023
50729	0.0002610714
50731	0.350717093
50733	0.0020110465
50734	0.0088254651
50735	0.0004880556
50736	0.010185
50737	4.12790697674E-05
50738	0.0009915789
50739	0.0021415476
50740	0.0010752
50741	9.53488372093E-05
50742	0.0002267925
50743	0.0024989286
50745	0.1145886047
50746	0.0007885542
50747	0.0007885542
50748	0.0165273256
50749	0.0110769048
50750	0.0160562791
50751	0.0007392105
50752	0.0003047297
50753	0.0008186047
50754	0.0094471875
50755	0.5095126744
50756	0.0140763953
50757	0.0005384884
50758	0.0015688136
50759	7.46511627907E-05
50760	0.0001497674
50761	0.0054612791
50762	0.0033375294
50763	0.0010732258
50764	0.0003612791
50765	3.39534883721E-05
50766	0.0025467442
50768	0.0002593103
50769	0.0173865116
50770	0.0331772093
50771	6.1511627907E-05
50772	0.0066945455
50773	0.000865
50774	0.0008186047
50775	0.00001
50776	0.0056387209
50778	0.0002803846
50779	0.0048886047
50780	0.0048886047
50781	0.005672907
50782	0.0012843023
50783	0.0013137209
50784	0.0020903659
50785	4.66666666667E-05
50786	0.0054612791
50787	0.0080167073
50788	0.0028431395
50789	0.0024489535
50790	0.0010703488
50791	0.0008933333
50792	0.0362186047
50793	0.003445814
50794	0.0006530769
50795	0.0024601163
50797	0.0061973256
50798	0.005590814
50799	0.0046793023
50800	0.0169562791
50801	0.0006963158
50802	0.0555552326
50803	0.0001976744
50805	0.0004093023
50806	0.0056046512
50807	0.0003166667
50809	0.0032316279
50810	0.0004698837
50811	0.0002807143
50812	0.0335787209
50813	0.00001
50814	0.0016967857
50815	0.1845122093
50816	0.0244529762
50817	0.0354954651
50818	0.0010775439
50819	0.0075769767
50820	0.0008186047
50821	0.0017846429
50822	0.0001775581
50824	0.0046694118
50825	0.0014279762
50826	0.0025541026
50827	0.0052937209
50829	0.0050926506
50830	0.0024489535
50831	3.95454545455E-05
50832	0.0001088372
50833	0.000627027
50834	0.0012956977
50835	0.0002439024
50836	0.00023
50837	0.0008186047
50838	0.017617907
50839	0.0001562791
50841	0.0008490698
50842	0.0052476744
50844	0.0062244186
50845	0.0008184884
50846	0.0083556977
50847	0.0045085897
50848	0.0010764706
50850	0.0055569767
50851	8.17441860465E-05
50852	0.0024712791
50853	0.0071136047
50854	0.0003198718
50855	0.0002223256
50856	0.0133316279
50857	0.0175454651
50858	0.0953417442
50859	0.000375
50860	0.0004156977
50861	0.0062865116
50863	0.0064674118
50864	0.0102611628
50867	0.0035926744
50868	0.0989355814
50869	0.0667706977
50870	0.0004286667
50871	1.81818181818E-05
50872	0.0023159302
50873	0.0010956627
50874	0.0121163953
50875	3.39534883721E-05
50876	0.0003091176
50877	0.0001088372
50878	0.0002383721
50879	0.0086723256
50880	0.0002246512
50881	0.0010956627
50882	0.000777907
50884	0.0058398824
50885	0.0009609302
50886	0.0004980233
50887	0.0377850943
50888	0.0172909302
50889	0.0009088095
50890	0.0007736145
50892	0.0015809302
50893	0.0001552
50895	0.0030305814
50896	0.00001
50897	0.0033696512
50898	0.0021724
50899	0.1804494186
50900	5.03278688525E-05
50901	0.005535814
50902	9.53488372093E-05
50903	0.0163436047
50904	0.0137132558
50905	0.0043452326
50906	0.000194
50907	0.0013647674
50909	0.0021154651
50910	0.00343
50911	0.001466125
50912	0.033879186
50913	0.0011662791
50914	0.0001363953
50915	0.0005661628
50916	0.0071537209
50917	0.0008384884
50918	0.0062244186
50919	0.0102269767
50920	0.0026318605
50921	0.0011959211
50922	6.85714285714E-05
50923	7.46511627907E-05
50924	0.0052636047
50926	0.028344186
50927	0.00039875
50928	0.0004742857
50930	0.0001363953
50931	0.0053922222
50933	0.3913994186
50934	0.000217907
50935	0.0006169767
50937	0.0173248837
50938	0.0006906977
50939	0.0044793023
50940	0.00041375
50941	0.0010098214
50942	0.0123374419
50943	0.0001288406
50944	0.0275217284
50946	0.0110639535
50947	0.0177403488
50948	0.0522745349
50949	0.0031182353
50950	0.0017433898
50951	3.39534883721E-05
50952	0.0008184884
50953	6.87209302326E-05
50954	1.0037251163
50955	0.0002594186
50956	0.0744083333
50957	0.0013115116
50958	0.0231196512
50959	0.0041127907
50960	8.17441860465E-05
50964	0.0012227907
50966	0.0007356452
50967	0.0005710526
50968	0.0010019512
50969	0.0011020482
50970	0.0035501163
50971	0.0027256977
50972	0.0057396078
50974	0.0134493023
50975	0.3839575581
50976	0.0013089286
50977	0.0114683721
50978	0.0001140984
50979	0.0040459524
50980	0.1568388372
50981	0.0006757895
50982	0.0059248837
50983	0.0001088372
50984	0.004262093
50985	0.0176865116
50986	0.0191539535
50987	0.0011016279
50989	0.0002416667
50990	0.0007797368
50991	0.002092907
50992	0.00153
50993	0.005747375
50994	0.0009593151
50995	0.0056745652
50996	0.0008187805
50998	0.0011175581
50999	0.0096488372
51001	0.000262
51002	0.163665
51003	0.0014374419
51004	0.0017606977
51005	0.0006326316
51006	0.0001562791
51007	0.0348280233
51008	2.74418604651E-05
51009	0.0008184884
51010	0.0325090698
51011	0.0026940698
51016	0.0032310169
51017	8.17441860465E-05
51020	0.0036239535
51023	0.0510832558
51024	0.0008384884
51025	0.0009884884
51026	0.0002723256
51027	0.001255
51028	0.018607093
51030	0.0010426829
51031	0.0051871053
51032	0.0016666667
51034	0.0054889535
51035	3.39534883721E-05
51036	0.0243315116
51037	0.0033319048
51038	0.0278384884
51039	0.0002517021
51040	0.00001
51042	0.0027531646
51043	0.0011688372
51045	0.0015556061
51046	0.0001155814
51049	0.0013769492
51050	0.179119186
51051	0.0002318605
51052	0.0174138372
51053	0.0037602326
51054	0.0016711628
51055	0.0002453488
51056	0.0009283333
51057	0.0035093023
51058	0.0011662791
51059	0.00001
51060	0.0225638372
51061	0.0007704651
51062	0.0312062791
51063	0.0017786047
51066	0.0917159302
51067	0.0051160714
51068	4.12790697674E-05
51069	3.39534883721E-05
51070	0.0007885542
51071	0.0008721429
51072	3.39534883721E-05
51073	0.0005796825
51074	0.0003898276
51075	0.0205874419
51076	0.0007252326
51078	2.4578313253E-05
51079	0.0028030508
51081	0.000222
51082	0.0025515942
51083	0.0109358333
51084	0.6792672941
51085	0.0038992941
51086	6.55882352941E-05
51087	0.0006909524
51088	0.0023854651
51089	0.0025605814
51090	0.0007885542
51093	0.0021084
51094	2.74418604651E-05
51095	0.002369661
51096	6.78571428571E-05
51097	0.0011020482
51098	0.0008013158
51100	0.0002794186
51101	0.0332456977
51102	0.0012697872
51103	0.0012536047
51104	0.0020536986
51105	0.0001831944
51106	0.0007522093
51107	0.0051046512
51108	0.000863125
51109	0.0001088372
51110	0.0156524419
51111	0.0033425581
51112	0.0010910465
51113	0.0024695349
51114	0.0008755224
51117	0.0032639535
51118	0.005590814
51119	0.0021124419
51120	0.0002110465
51121	0.00014
51122	0.000334
51123	0.0175973256
51124	0.0003057143
51125	0.0049971429
51126	0.0002305
51127	0.0019936585
51128	0.0026680233
51129	0.0008186047
51132	0.0013703488
51133	0.0130326923
51134	0.001537381
51135	4.12790697674E-05
51136	0.0234815116
51137	0.0021602326
51138	0.0010977108
51139	0.0008186047
51140	0.0016474419
51141	0.00855
51142	0.002092907
51143	0.0008525581
51144	0.0002871429
51145	0.018607093
51147	0.0073365116
51148	0.0013804651
51149	0.0003875862
51150	0.0007171053
51151	0.0091311667
51152	0.0009204651
51153	0.0076431765
51154	0.0019275581
51155	0.0001163768
51156	0.0052504651
51157	0.0014476744
51158	0.0016117949
51159	0.0008184884
51160	0.0006137209
51161	3.39534883721E-05
51162	0.0002110465
51163	0.0001019767
51164	0.0008798837
51165	0.0552336047
51166	0.0017054651
51167	0.0122304651
51169	0.0055298837
51170	0.0008184884
51171	0.0001149275
51172	0.0123474419
51173	0.0026248837
51174	0.0014181395
51175	0.0007797368
51176	0.0031020513
51177	0.0002794186
51178	0.0056252326
51179	0.0229133721
51180	0.0052636047
51181	0.0011387209
51182	0.0011387209
51183	0.0001462264
51184	0.0034588372
51185	0.0333047674
51186	0.0017786047
51187	0.0039272093
51190	0.000342069
51191	0.0015043023
51193	0.0047205814
51194	0.0055772093
51195	0.0205874419
51196	0.00026875
51198	0.0057475581
51199	6.1511627907E-05
51200	0.0002533929
51201	0.0002541071
51202	0.0020833721
51203	0.0026534524
51204	0.0019572368
51205	0.0023876744
51207	4.12790697674E-05
51208	0.0056686047
51209	0.0013889535
51210	0.0259906977
51211	0.000134
51213	1.35714285714E-05
51214	0.001002907
51216	0.0003066279
51217	0.0205632558
51218	0.0019365116
51220	0.0401102326
51221	0.0002246875
51222	0.0187638372
51223	0.0008186047
51224	0.0021236047
51225	0.00954
51226	0.0042237209
51227	0.003452
51228	0.0012752326
51229	0.0007885542
51230	0.1013711628
51231	0.0007885542
51232	0.0022605952
51233	8.86046511628E-05
51234	0.00041
51235	0.0002285714
51236	0.0058422093
51237	0.0024932558
51239	0.0001710526
51240	0.0021876829
51241	0.00047375
51242	0.0002118519
51243	0.0003066279
51244	0.001922093
51246	0.0005981081
51248	0.00094
51249	0.0011116279
51250	0.0012
51251	0.0003681395
51252	1.0081494186
51254	0.0143894186
51255	0.0024989286
51256	0.0008184884
51257	0.0032587209
51258	0.0194245349
51261	0.0007885542
51263	0.0025467442
51264	0.2117537209
51265	0.0003318519
51266	0.0004116667
51267	0.0027571053
51268	0.0003066279
51269	0.0035182558
51270	0.0672954651
51271	0.0179794186
51272	0.0047651163
51273	4.12790697674E-05
51274	0.0145606977
51275	0.0024302532
51276	0.0023544186
51277	0.0107116279
51278	0.0008184884
51279	0.000805
51280	0.0007169231
51282	0.011140814
51283	0.0002027536
51284	0.0075210465
51285	0.0008186047
51286	0.1605339535
51287	0.0015410465
51288	0.017985814
51290	0.000134
51291	0.0012816279
51292	0.0001164286
51293	0.0030978481
51294	0.0002305
51295	0.002429375
51296	0.0018250617
51297	0.0001497674
51298	0.0023694937
51299	0.0016861728
51301	0.0988080233
51302	0.0013805814
51303	0.0167725581
51304	0.0017512658
51305	0.0043640698
51306	0.0008186047
51307	0.0007885542
51308	0.0004340698
51309	0.0015043023
51310	0.5113353488
51311	0.0071425581
51314	0.0017518605
51315	0.2982493023
51316	0.0005561628
51318	3.39534883721E-05
51319	0.0022813953
51320	0.0008186047
51321	0.0003613953
51322	0.0013089286
51323	0.0208702326
51324	0.0004019767
51325	3.39534883721E-05
51326	0.0184642308
51328	0.0002110465
51329	0.0007885542
51330	0.0012411628
51331	0.0167187209
51332	0.0426159302
51333	0.0084616279
51335	0.0026736047
51336	0.0002046512
51337	0.0017786047
51339	0.0043863953
51340	0.0003472414
51341	0.1936916279
51342	0.005277093
51343	0.0005798837
51344	0.0006681395
51346	0.0005517442
51347	0.0030659302
51348	2.01162790698E-05
51349	0.0007922973
51350	0.0001088372
51352	3.39534883721E-05
51353	0.0012821538
51354	0.0013303529
51355	0.000777907
51356	0.0007885542
51357	0.0403480233
51358	0.0007885542
51359	0.000260566
51361	0.000722907
51362	7.46511627907E-05
51364	0.0008184884
51367	0.000477093
51368	0.003174186
51369	0.0011323077
51370	0.0202909302
51371	0.000260566
51372	0.0028267442
51373	0.02167
51376	0.0003983333
51377	3.39534883721E-05
51378	8.93442622951E-05
51379	0.0027364286
51380	7.46511627907E-05
51381	0.0052436047
51382	0.0017945205
51384	0.0165952326
51385	0.0001955556
51386	0.0208117442
51387	0.0012227907
51388	0.0030715116
51389	0.0003955814
51390	0.0033615116
51391	4.12790697674E-05
51392	0.0018516279
51393	0.0123444231
51394	7.46511627907E-05
51395	0.0256909302
51396	0.0082230233
51398	0.003212619
51399	0.0008184884
51401	0.0012411628
51402	0.0011767857
51403	0.0007603529
51404	0.0005180233
51405	0.0005770238
51406	0.0034730233
51407	0.0835713953
51408	0.0001692308
51409	0.000340814
51410	0.0149789535
51411	0.001184875
51412	0.0007885542
51414	0.0002794186
51415	0.0003926471
51416	0.0010339474
51418	0.0008186047
51419	0.0001497674
51420	0.0012764103
51421	1.28571428571E-05
51422	6.1511627907E-05
51423	0.0004501163
51424	0.0191684884
51425	0.0003136047
51426	0.0002660465
51427	0.0013137209
51428	0.005989186
51429	0.0041373256
51430	0.0002792
51434	0.0002865116
51435	0.0048953488
51436	0.0007148718
51437	0.005760814
51438	0.0025903488
51440	0.0003432051
51441	0.0015465476
51442	0.0005448837
51443	0.0020847674
51444	0.0017846429
51446	0.0016647674
51447	0.001265375
51448	0.0490732941
51449	0.1781362791
51450	0.000525
51451	0.0002745455
51452	0.0002293506
51453	0.0010987952
51455	0.0024140698
51456	0.0002274074
51457	0.0022565116
51458	0.0014279762
51459	0.0123238372
51460	0.0004885075
51461	0.0001775581
51463	0.0008187805
51464	0.0165201163
51465	0.0020263953
51466	0.0014501316
51467	0.0073896471
51468	8.17441860465E-05
51469	0.000046087
51471	0.0002569444
51472	0.0023395349
51473	0.0052436047
51474	0.0124488372
51476	0.0005063158
51477	0.0023548837
51478	0.0017846429
51479	0.0001562791
51480	0.0002782692
51481	0.0003333721
51482	0.0310840698
51483	0.0022230233
51484	0.0197614118
51485	0.0265833721
51486	0.0174673256
51487	3.39534883721E-05
51488	0.0019040476
51489	0.0122909804
51490	0.0036302326
51491	0.0631715116
51492	0.0003472414
51494	0.0002620732
51495	0.0007171053
51496	0.0029619444
51497	0.0131856977
51499	0.000252093
51500	0.0014279762
51501	0.0008187805
51503	0.0013089286
51505	9.53488372093E-05
51506	0.0056686047
51507	0.003445814
51509	0.0020794
51510	0.0085590698
51513	0.00053
51514	0.004570814
51515	0.0256695349
51516	0.0002383721
51517	0.0001352174
51518	0.0012411628
51519	0.0011727907
51520	0.0020889535
51521	0.0003613953
51522	0.0247224419
51523	0.0040847619
51524	0.0014181395
51525	0.0025067442
51526	0.0030938095
51528	0.0001019767
51529	6.87209302326E-05
51530	0.0563222619
51531	0.0013636066
51532	0.000087907
51533	0.0079427907
51534	0.0012937209
51535	0.003075
51536	2.3849133333
51538	0.0060683721
51539	0.0011837931
51540	0.0002723256
51541	0.0109587209
51543	0.0001478947
51544	0.00119
51545	0.0001155814
51546	0.0077870588
51547	0.0008187805
51548	0.0048953488
51549	0.0048953488
51550	0.0048953488
51551	0.0048953488
51552	0.0048953488
51553	0.0048953488
51554	0.0054462791
51555	0.0004579365
51556	0.000751
51557	0.0016502667
51558	0.0336960294
51559	0.0088048837
51561	0.0026736047
51562	0.0016658333
51563	0.0013734884
51564	0.0020486047
51565	0.0607037209
51566	0.0012255814
51567	0.002005
51569	0.022012907
51572	0.0002318605
51573	0.0006539474
51574	0.0010806977
51575	0.0001710526
51576	0.0006072414
51577	0.0005559302
51578	0.0006453488
51579	0.0010155814
51580	0.0192613953
51581	0.0006625
51584	0.0010006977
51586	0.0467878049
51587	0.0003272093
51588	0.0004488095
51590	0.0029313953
51591	0.0002564286
51592	0.0002794186
51593	0.2172740698
51594	0.0003241026
51595	0.0011356977
51596	0.0003933333
51597	0.0003748837
51598	0.3401804651
51599	0.0076709302
51600	0.0077870588
51601	4.12790697674E-05
51602	0.004260119
51603	0.0191932558
51604	0.0290661628
51606	0.0257659302
51607	0.002444359
51608	0.0003115
51609	0.0001088372
51610	0.0004019767
51611	0.0009496471
51612	0.0013340698
51613	0.1658180233
51614	0.0001108197
51615	0.0017721127
51616	0.0162940698
51617	0.0011727907
51618	0.0020023256
51619	0.0005770238
51620	0.0010987952
51622	0.0010686047
51623	0.001620814
51624	0.0031813043
51625	0.0013663014
51626	0.0006534211
51627	0.001164625
51628	0.005277093
51629	0.0001410145
51630	0.0094113953
51631	0.0435352326
51634	0.0013569231
51636	0.1932397674
51640	0.0002383721
51643	0.0008186047
51644	0.0006447368
51646	0.0015465476
51647	0.0011456977
51648	0.0001230233
51650	0.0012184615
51651	0.0001886842
51652	0.0037872727
51653	0.0632755814
51654	0.0009951163
51656	0.0174887209
51657	0.0004568605
51658	0.0103619048
51659	0.0001702326
51660	3.39534883721E-05
51662	0.0003748837
51663	0.0008186047
51664	3.39534883721E-05
51665	0.0001913953
51666	0.0007522093
51667	0.0001702326
51668	0.0711175
51671	0.1010118182
51672	0.0019123077
51673	0.0003766667
51674	0.0001913953
51675	0.000340814
51676	0.0002491071
51677	9.14285714286E-05
51678	0.000202381
51679	0.0002491071
51680	0.0002491071
51684	0.4763263953
51685	0.0258349412
51686	0.001202093
51687	0.0052436047
51688	0.0001363953
51689	0.0011891667
51690	0.0003345349
51691	0.0001913953
51692	0.00110475
51694	0.01246875
51695	0.0017917333
51696	0.0008186047
51697	0.0007295349
51698	1.2891735714
51699	0.0003136047
51700	0.0007392105
51701	0.0005508696
51702	0.2041195349
51703	0.0021782558
51705	6.1511627907E-05
51706	0.0010987952
51707	0.001922093
51708	0.000205
51709	0.0020833721
51710	0.0013703488
51711	0.000142907
51712	0.0015166667
51713	0.003395814
51715	0.0010933333
51716	0.0262839535
51717	0.0016711628
51718	0.0001639535
51719	0.0037447674
51720	0.0004483582
51721	0.003807381
51722	3.39534883721E-05
51723	0.0006115789
51724	0.0124140476
51725	0.0010022093
51726	3.39534883721E-05
51728	0.0013992308
51729	0.0248980233
51730	0.0006989655
51732	8.26315789474E-05
51733	0.0184639535
51734	0.0010710843
51735	0.0021602326
51738	6.87209302326E-05
51740	0.001506875
51742	0.0102790698
51743	0.0008186047
51744	0.002022619
51745	0.0102268605
51746	0.0005965625
51747	6.87209302326E-05
51748	3.39534883721E-05
51749	0.0038182558
51750	0.0002453488
51751	0.0007885542
51752	0.0011140698
51753	2.74418604651E-05
51754	0.0007232558
51755	0.0026460465
51756	0.0001144928
51757	0.0003890698
51758	0.0003204651
51759	0.002429186
51760	0.002429186
51761	0.002429186
51762	0.002429186
51763	0.0021230233
51764	0.0021230233
51765	0.002429186
51766	0.002429186
51767	0.0021354651
51768	4.75581395349E-05
51769	0.0003204651
51770	0.0027786047
51771	0.001922093
51772	0.0011387209
51773	0.0004965789
51774	0.000777907
51775	0.0011140698
51776	0.0010987952
51777	0.0012067442
51778	0.1071773256
51779	0.0887030233
51780	0.0045646512
51782	0.0681366279
51783	0.0013115116
51784	0.0129039535
51787	0.0179930233
51788	0.0042091765
51793	0.00038
51794	0.000784186
51795	0.0213812791
51796	0.0327851163
51797	0.0005127381
51798	0.000863125
51799	0.0037972093
51800	0.0044557143
51801	0.0022471111
51802	0.0017285714
51803	0.0017095294
51804	0.048122561
51805	2.74418604651E-05
51806	8.86046511628E-05
51807	0.0071902326
51808	0.0023792857
51810	0.0003845238
51811	0.0001108197
51812	0.0014253488
51814	0.000142907
51815	0.0013453846
51816	0.00110475
51817	0.0032766667
51818	0.001922093
51819	0.0122126744
51820	0.0306996512
51821	0.0630612791
51822	0.0017689286
51828	0.0002439024
51830	0.2721263953
51831	0.0024683721
51832	0.0014115116
51833	0.001365
51834	0.00097
51836	9.28571428571E-05
51837	0.0179959302
51838	8.86666666667E-05
51842	0.0031855263
51843	0.0021124419
51844	0.0015366279
51845	0.0094113953
51847	0.0048466279
51848	0.0003066279
51849	0.0156989286
51850	0.0003789744
51851	0.0175911628
51854	0.0013889535
51855	3.39534883721E-05
51856	0.0004897674
51857	0.001202093
51858	0.0002925
51860	0.0184365116
51861	0.0003528571
51864	2.01162790698E-05
51865	0.9479254651
51866	0.0024989286
51867	0.000429186
51868	0.022995
51869	0.0306076744
51870	0.0040377381
51873	8.17441860465E-05
51874	0.0003713333
51875	0.000134
51877	2.5348354651
51879	0.000444186
51880	0.0124936047
51881	0.0410594186
51882	0.002022619
51883	0.0021230233
51884	0.002429186
51885	0.002429186
51886	0.002429186
51887	0.002429186
51888	1.0008533721
51889	0.0021230233
51890	0.002429186
51891	0.002429186
51892	0.002429186
51894	0.0118672093
51895	0.0016686047
51896	0.0001088372
51897	0.0017285714
51898	0.0003066279
51899	0.000354186
51900	0.0017846429
51901	9.53488372093E-05
51902	0.00001
51903	0.0010474419
51904	0.0010463953
51905	0.0003026923
51906	0.0183815116
51907	0.0021959302
51908	0.0007885542
51909	0.0007386842
51910	0.0884681395
51911	0.0019180233
51912	0.0007161628
51913	0.0004156977
51915	0.0001775581
51916	0.0003136047
51917	0.0019040476
51918	0.000142907
51919	0.0002123611
51920	6.87209302326E-05
51925	0.0001230233
51926	0.0041669767
51928	0.0024325581
51929	0.0481556098
51930	0.0002594186
51931	0.0028041026
51932	0.000196
51933	0.0008189535
51934	0.0008875294
51935	0.0249476744
51936	0.0005362857
51937	0.0868677907
51938	0.0010006977
51940	0.0234877907
51941	0.0330682558
51942	0.0000988
51943	0.0004096512
51944	0.0007471053
51945	0.0004682558
51946	5.93023255814E-05
51947	0.0002754286
51948	0.0041496512
51949	0.0001563953
51950	0.0012279268
51951	0.0002655
51952	0.0002110526
51953	0.0004716667
51954	0.00007
51955	0.0043515116
51956	0.0001755814
51957	0.0001844444
51958	0.0002822093
51960	0.0006894186
51962	0.0002173333
51963	0.0001563953
51964	0.0069125581
51965	0.0003624419
51966	0.0002609091
51967	0.000376
51968	3.87209302326E-05
51970	0.0073922093
51971	0.000155
51972	0.0008508696
51973	0.000353
51974	0.0003516667
51975	0.0071316279
51976	0.0005544444
51977	0.0005325581
51978	0.0002190196
51980	5.93023255814E-05
51981	0.0002790323
51982	0.00014
51983	0.0002542105
51984	0.0004683333
51985	0.0142230233
51986	0.0005033333
51988	0.0010337209
51990	0.0004121429
51991	0.0001563953
51992	0.0002155556
51993	0.0001563953
51994	0.0007555769
51996	8.06976744186E-05
51997	0.0006827907
51998	0.000206
51999	0.000184375
52000	0.0002266667
52002	0.0005851163
52003	7.86046511628E-05
52004	0.0004188889
52005	0.0002994118
52007	0.000370814
52008	0.0005004167
52009	0.0001563953
52010	0.0008589535
52011	0.0002475
52012	0.0028605814
52014	0.0184962791
52016	0.0228804762
52017	0.0126243056
52018	0.000117093
52019	0.000305
52020	0.0005525806
52021	0.0003905814
52022	0.0003122093
52023	0.0005272093
52024	0.0001365116
52025	0.0005872222
52026	0.0003725
52029	0.0013921333
52031	0.0015801163
52032	0.00021
52033	0.0002464286
52034	0.0002926744
52035	0.0011703488
52036	0.0011136364
52037	0.000214186
52038	0.0009369767
52039	0.0003316279
52040	0.0002986207
52041	5.93023255814E-05
52042	0.0005904545
52043	8.76086956522E-05
52044	0.000609322
52045	0.0027895556
52046	0.000235
52047	0.0002732558
52048	0.0004487209
52050	0.0006014286
52051	0.1699740698
52052	3.87209302326E-05
52053	0.0001716667
52054	0.0113506977
52055	0.0005655814
52056	0.0007024419
52057	0.0002537209
52058	0.0005441463
52059	7.86046511628E-05
52060	0.0008589535
52061	0.0003963636
52063	0.00023
52064	0.0002926744
52065	0.011644186
52066	0.0005588889
52067	0.0003122093
52068	0.0003
52069	0.0001445455
52070	0.0007422078
52071	0.0001722034
52072	1.89534883721E-05
52073	1.89534883721E-05
52074	0.0305817442
52075	0.0004288372
52076	0.0003905814
52077	0.0002948
52078	0.0014219512
52079	0.0004246667
52080	0.0012790476
52081	0.0001953488
52082	0.0004288372
52083	0.00011
52084	0.0174239286
52085	0.0042472727
52086	0.0022432
52087	0.0003827273
52088	0.0002804545
52089	0.0035702326
52090	0.001020566
52091	0.0004405
52092	0.0002926744
52094	0.0006243023
52095	0.0214756977
52096	0.000294
52098	0.0080180233
52099	0.0240943023
52100	0.001585
52101	0.0164894048
52102	0.0005973438
52103	9.70212765957E-05
52104	0.0011895349
52105	8.06976744186E-05
52106	0.0020374118
52107	0.0041166279
52108	0.0005790196
52109	0.0012786957
52110	0.0002942857
52111	0.694637093
52112	0.0004
52114	0.000624
52116	0.0001942308
52117	0.00038
52118	8.06976744186E-05
52119	0.0644198837
52120	0.000214186
52121	0.0003566667
52122	0.0002882609
52123	0.0008194186
52124	0.00008
52125	0.0002537209
52126	0.0014433721
52127	0.0087173256
52128	0.0004166667
52129	0.000115
52130	0.0002825
52131	0.0007374194
52132	0.0008933333
52133	7.86046511628E-05
52134	0.0012896512
52135	0.0004288372
52136	0.0962056977
52137	0.037995
52138	0.0006290698
52139	0.000370814
52140	3.87209302326E-05
52142	0.000178
52143	0.0075890698
52144	0.0010072093
52145	0.0006396774
52148	0.0140611628
52149	0.0010144186
52150	0.0003502703
52151	9.73255813953E-05
52152	6.16666666667E-05
52153	0.0002221739
52154	5.93023255814E-05
52155	3.87209302326E-05
52156	0.0022704082
52157	0.0052868605
52158	0.00015
52159	0.0007383333
52160	0.0019512791
52161	0.0005461628
52162	0.0020090698
52163	0.0003571154
52165	0.0001342857
52166	0.000685
52167	0.0010008219
52168	3.87209302326E-05
52169	0.000754
52170	0.000325
52171	0.0003945455
52172	0.0013847674
52175	0.0004096512
52176	0.0004415
52178	8.13333333333E-05
52179	0.0002158333
52180	0.0002402857
52182	0.0009173256
52183	0.0008120455
52184	0.0061248837
52185	0.000252
52186	0.1795654651
52187	0.0009369767
52188	0.0002
52189	0.0009047368
52191	0.0002763636
52192	0.0008737288
52193	0.0021356977
52195	0.0004032558
52196	1.89534883721E-05
52197	0.0003245455
52199	8.06976744186E-05
52201	0.0002331034
52202	0.001092907
52203	0.1966563953
52204	0.0002586667
52205	3.87209302326E-05
52206	0.0039512903
52207	0.0106768605
52208	0.0011119767
52209	0.000863
52210	0.0010144186
52211	3.87209302326E-05
52213	5.89534883721E-05
52214	0.000117093
52215	0.0004531915
52216	0.0083695349
52217	0.0160567073
52218	0.2126738372
52219	0.0041946512
52220	0.0004785294
52221	0.3908615116
52224	0.0005325
52225	8.06976744186E-05
52226	0.002092439
52227	0.000245
52228	0.0001365116
52229	0.0003463636
52230	0.0007792727
52231	0.0030886047
52232	9.73255813953E-05
52233	1.89534883721E-05
52234	0.000755
52235	0.0002648276
52236	0.0021356977
52237	0.0004288372
52238	0.0032974419
52239	5.93023255814E-05
52240	0.0003466667
52241	0.0032633721
52242	0.0185968605
52243	1.89534883721E-05
52244	0.0998103488
52245	0.0034534884
52247	0.0001563953
52249	0.000136
52250	0.0002922581
52251	0.0007024419
52252	0.0007666667
52253	0.0002732558
52254	0.0001953488
52255	0.0006657143
52256	0.0019115116
52257	8.06976744186E-05
52258	5.93023255814E-05
52259	0.0040580233
52260	3.87209302326E-05
52261	0.0001433333
52262	0.0001425
52263	0.0002736364
52264	9.73255813953E-05
52265	9.73255813953E-05
52266	0.0010345333
52267	7.86046511628E-05
52268	0.0255851163
52269	9.73255813953E-05
52270	0.0012373171
52271	0.0011316279
52272	0.0003122093
52273	0.0003716667
52274	0.0003669231
52275	0.0002537209
52276	0.0005297222
52277	0.0012289583
52278	3.87209302326E-05
52279	0.0012010465
52280	0.0003630645
52281	0.0001727273
52282	0.00030875
52283	0.000322
52286	0.00017375
52287	0.0184363953
52289	0.000192
52291	0.0002514815
52293	0.0117246512
52294	0.00025
52295	8.06976744186E-05
52296	0.0435772093
52297	0.0028605814
52299	0.0016781395
52301	0.0004904167
52302	0.000234186
52303	0.0007611628
52305	9.28571428571E-05
52306	0.0005133333
52307	0.0009249091
52309	5.93023255814E-05
52310	0.2333482558
52311	0.0015415116
52312	0.0240756627
52313	0.0002858824
52314	0.0002785714
52317	0.0014427027
52318	1.89534883721E-05
52320	0.000214186
52321	0.0011717442
52322	0.0007024419
52324	0.0024819767
52325	0.0035691892
52326	0.00020375
52327	0.000715
52328	0.0009392424
52329	1.89534883721E-05
52330	0.001272093
52331	0.000348
52332	0.0025554651
52334	8.06976744186E-05
52335	0.003835875
52337	0.0004566667
52338	0.0004261538
52339	0.0002822093
52340	0.0011895349
52341	0.0020345349
52342	0.0014346988
52343	0.0017233333
52344	0.0010416129
52346	0.0002732558
52347	0.0008056977
52348	0.0838066279
52349	0.00022
52350	0.0062456977
52351	0.306297907
52352	0.0001755814
52353	0.0002537209
52354	0.0001557143
52355	0.000214186
52356	0.000715
52357	0.0024973256
52358	0.0002833333
52359	0.0015995349
52361	0.00033
52362	0.0003
52363	0.0004916667
52365	0.002692093
52366	0.3439761905
52368	0.0175873256
52369	0.0017319767
52370	0.0025363953
52371	0.0023534884
52372	0.0002477778
52373	0.0007995349
52374	0.0002745833
52375	0.00038125
52376	0.0002734783
52377	0.0058532558
52378	0.0005278571
52379	0.0002926744
52384	0.0021268605
52385	0.0042710465
52387	0.000305
52388	0.00036
52389	0.0009128571
52390	0.0020484884
52391	0.0005207143
52392	0.000625
52393	0.011708375
52394	0.0011445161
52395	0.0003603704
52396	0.0008891781
52399	0.0014508333
52401	0.0052475
52402	0.000487
52404	0.000617
52405	0.0002718182
52406	0.0004203922
52407	0.005889186
52408	0.024566875
52409	0.0002933333
52410	0.135642907
52411	0.0019077778
52412	0.0725019767
52413	0.00125
52414	0.1199033721
52415	4.1994943023
52416	0.0126105814
52417	0.000304
52419	0.0003519355
52420	0.0128380233
52421	0.000645082
52423	0.0020447674
52425	0.0004294737
52426	0.0017786486
52427	0.0056657895
52428	0.0000175
52429	0.2074869355
52430	0.0079859259
52431	0.018804
52434	0.0003832558
52436	0.0003421053
52437	0.0031564198
52438	0.0003729167
52439	0.0007132203
52440	0.0005175
52442	0.00014
52444	0.0060874118
52446	0.0002418519
52447	0.0064756977
52448	0.0008714286
52449	0.0029966667
52452	0.0013009589
52454	0.0004141667
52455	1.2038096512
52456	0.0675495349
52457	0.0008165957
52459	0.0011765116
52461	0.00086125
52462	0.6937877907
52463	0.0002260465
52464	0.0003541176
52465	2.85714285714E-05
52466	0.0908110465
52467	0.0036819672
52469	0.0004354545
52470	0.0027417647
52471	0.1133322093
52472	0.0411931395
52473	0.00334975
52474	0.0037487209
52476	0.0166436047
52478	0.00017
52479	0.0027744186
52481	0.0009130769
52482	0.0679744706
52483	0.2794389535
52484	0.0006257627
52486	0.0013710976
52488	0.0021231765
52489	0.0188593023
52490	0.000305
52491	0.4162648837
52492	0.0004907937
52493	0.078165
52494	0.020375814
52495	0.0061761628
52496	0.6031781395
52497	0.0057945349
52499	1.1411214286
52501	0.0004046154
52502	0.000250625
52504	0.0004378462
52506	0.002272093
52508	0.000802
52509	0.0011361628
52512	0.0006578947
52513	0.0272493023
52515	0.00249
52518	0.00067
52519	0.2882142353
52520	3.0229836047
52521	0.000357619
52522	0.2455396512
52523	0.0008117647
52525	0.00044
52528	0.000158
52529	0.0509435714
52531	0.0006856098
52532	0.0002828571
52533	0.0010019355
52534	0.0163478824
52535	0.0017567105
52536	0.0048783333
52538	0.0093164103
52540	1.9517060465
52542	0.00024
52544	0.0007875
52545	0.0029572619
52546	0.0004239024
52547	1.5860413954
52548	0.0494360714
52549	0.0002827273
52550	0.0078395349
52551	0.0742464286
52552	0.4430303488
52553	0.0004896
52554	0.0003495745
52555	0.0146560465
52556	0.0028316667
52557	0.0014467568
52558	0.0010432813
52559	0.0042032558
52561	0.0004317857
52563	0.0001681818
52564	0.0006538462
52566	0.00055
52567	0.0218606977
52568	0.0241044578
52569	0.0004654762
52570	0.0004125
52571	0.0007028571
52572	0.000321875
52573	0.0005235
52575	0.4475173256
52576	0.000175
52577	0.000185
52578	0.0014769767
52579	0.0004666667
52583	0.9362046512
52584	0.0004547059
52585	0.1619366279
52586	0.0062932143
52587	0.4231660465
52588	0.0005206667
52589	0.0007263636
52590	0.0017043023
52591	0.0021387273
52592	0.0004830769
52595	0.0009830303
52598	0.0001816667
52599	0.0249939535
52600	0.0016665432
52601	0.000265
52602	0.001214625
52603	0.0067025581
52607	0.0008127273
52608	0.0228360465
52609	0.9492769767
52610	0.0001866667
52611	0.0005064286
52612	0.00125
52614	0.0728471765
52615	0.0002570968
52616	0.0004390909
52617	0.0071575581
52618	0.5562901163
52620	0.0003158333
52621	0.0101112791
52622	0.1876273256
52625	0.0003388889
52626	0.0829404651
52627	0.622959186
52628	0.0001871429
52629	0.012347069
52630	0.000733913
52631	0.0104524419
52632	0.0005505405
52633	0.0035217442
52634	0.0004455556
52635	0.0004536667
52637	0.0005066667
52638	0.0447626744
52639	0.0009457143
52641	0.0446498837
52647	0.0002185714
52648	0.0036352326
52650	0.0013634884
52651	0.00026125
52652	0.0244260465
52653	0.0315840698
52656	0.00023
52657	0.0005503448
52658	0.0021520548
52659	0.0059074419
52660	0.0032019298
52661	0.0126247561
52662	0.3422677907
52663	0.001217625
52667	0.0009051351
52668	0.010565814
52669	0.0196552326
52670	0.000335
52671	0.0140416471
52672	0.00045625
52674	0.0164581579
52677	0.000496
52680	0.0003971429
52682	0.0079139286
52683	0.000484
52684	0.0007733333
52686	0.0259456471
52689	0.0009196471
52691	0.0036352326
52692	0.00007
52694	0.0002936364
52695	0.0008764516
52696	0.00035875
52699	0.0153919767
52700	0.0011361628
52702	0.045104186
52703	0.0307893023
52704	0.0004329412
52705	0.0010373684
52706	0.0008688889
52707	0.0004253846
52708	0.0003269048
52709	0.0004589189
52711	0.0004122727
52712	0.0008175
52713	0.0037487209
52715	0.0418088372
52717	0.0004951429
52718	0.7300698837
52720	0.0010536364
52721	0.6221705814
52722	0.0314705814
52723	1.383710814
52724	0.0203367442
52726	0.0015749123
52727	0.0001625
52728	0.0001255556
52729	0.0042775904
52731	0.0002694737
52732	0.0304475581
52736	0.0003966667
52737	0.0003833333
52738	0.0003623077
52739	0.0004169565
52740	0.001327931
52741	0.004000303
52742	0.0023383562
52743	0.0002766667
52744	0.0017710811
52745	0.0011519753
52746	0.0011154688
52747	0.0004121429
52748	1.5053033333
52749	0.00110125
52750	0.0059698667
52751	0.0510739535
52752	0.0003069231
52753	0.0004018421
52754	0.0007593056
52755	0.0056287209
52756	0.01227
52757	0.0006048
52758	0.000384
52759	0.002258
52760	0.0003576471
52761	0.2977724419
52762	0.0005066667
52765	0.0004380952
52766	0.0599368235
52768	0.0005277419
52770	0.00027
52771	0.0093155814
52774	0.000537619
52775	0.9504802326
52777	0.0012944828
52778	0.0005903774
52779	0.0001775
52780	0.00029125
52781	0.0026130233
52782	0.0001585714
52784	0.9604187209
52785	0.1145868605
52787	0.00048725
52788	0.000238
52789	0.0049987209
52790	0.0010234091
52791	0.000296
52792	0.0021269492
52793	0.0063710345
52794	0.0014993421
52795	0.00019
52798	0.000255
52799	0.0046584884
52800	0.000528913
52802	0.0009176471
52803	0.00125
52804	0.000415
52805	0.0048809412
52806	0.0008747826
52807	0.0725019767
52808	0.00024
52809	0.0005838889
52810	0.0003221622
52813	0.0489538372
52814	0.033467907
52815	0.0010341176
52816	0.0003336842
52818	0.0003111765
52819	0.4251752326
52820	0.0005603571
52821	0.0008147945
52822	0.0007744186
52823	0.0368102326
52825	0.000225
52828	0.0003112821
52829	0.00024
52830	0.00016
52831	0.0032945349
52832	0.00033225
52835	0.0259056977
52836	0.0003029412
52837	0.0043172093
52841	0.0011883333
52842	0.0057367059
52847	0.00055
52848	0.0159440476
52849	0.0001276923
52850	0.0013068293
52851	0.000467931
52852	0.000485
52853	0.0132923256
52854	0.0008084211
52856	0.0587377907
52858	0.0067025581
52859	0.0003584211
52860	0.0013914815
52861	0.0006128571
52862	0.0002742857
52864	0.3976459302
52866	0.0007609859
52867	0.0009676923
52868	0.0002
52870	0.0005343396
52871	0.0106025301
52873	0.0035793827
52874	0.0007777215
52875	0.0026325
52876	0.0025759155
52877	0.0039333333
52878	0.0004094118
52879	0.3673983721
52880	0.0011543056
52881	0.0084338372
52882	0.0004101887
52883	0.0002
52884	0.0003353448
52885	0.009524375
52887	0.000145
52888	0.1960865116
52889	0.0046157143
52890	1.111420814
52891	0.0030898837
52892	0.0108781818
52893	0.003096747
52895	0.00051
52897	0.1317784884
52898	0.0016226829
52901	0.021026
52902	0.0008476812
52904	6.46511627907E-05
52906	0.0007084884
52908	0.1829086047
52909	0.2551631395
52912	0.0942164286
52914	0.4177061628
52915	0.0722146512
52916	0.022284359
52917	0.0263559302
52918	0.0042169767
52920	0.0004508333
52921	0.0006923333
52922	0.0005093182
52923	0.0005326027
52925	0.00011325
52926	0.0031548571
52927	0.000208
52928	0.00024875
52929	0.0117375362
52930	0.012124186
52931	0.0426960465
52932	0.0007048889
52936	0.0006954
52937	0.0006195455
52938	0.1154382558
52939	0.0002425
52941	0.0071782143
52942	0.0002943478
52943	0.0005130769
52945	0.0228748837
52946	1.25581395349E-05
52947	0.0006277778
52948	0.0148442254
52951	0.0002633333
52952	0.0006633824
52953	0.0001925
52954	0.0129347059
52955	0.0015225
52956	0.0006138235
52958	0.0106347674
52959	0.3262836047
52960	0.0059766216
52961	0.000346
52962	0.0144444118
52963	0.0005473585
52964	0.0002919444
52965	0.3494791463
52966	0.3191165116
52967	0.0263559302
52969	0.0003110345
52970	0.0105422093
52971	0.006672093
52972	0.1991911628
52975	0.0155466129
52976	0.040060814
52977	0.0781332353
52978	0.1038413953
52979	0.000874898
52980	0.000264
52981	0.1391577907
52982	0.0017553125
52983	0.0016616279
52984	0.0002551613
52985	0.00024125
52986	0.0058946341
52988	0.0017161538
52989	0.0022497333
52990	0.0007318182
52992	0.0032770588
52993	0.0009071429
52994	0.0003785455
52996	0.0990969767
52999	0.0005666667
53000	0.0033238372
53001	0.000752
53003	0.0625590698
53004	0.000508
53005	0.0507956977
53007	0.000435
53008	0.0004522727
53009	0.0036006098
53014	0.0039277108
53015	0.399552093
53016	0.0007103704
53017	0.0003781818
53018	0.3089486047
53021	0.0008590909
53022	0.0297189535
53025	0.0453317442
53026	0.0005551282
53027	0.00092
53028	0.0029857534
53030	0.0002317391
53031	0.0006580263
53032	0.0005951724
53033	0.0051614286
53034	0.1828153488
53041	0.0005698837
53043	0.0012395385
53047	0.0217331765
53048	0.1117482558
53049	0.1312763953
53051	0.00033625
53053	0.0009395522
53055	0.00025375
53056	0.0012447059
53057	0.0008077273
53058	0.0028304762
53059	0.0098790278
53060	0.004656988
53061	0.00014625
53062	0.0007155738
53063	0.0001726667
53065	0.0681365116
53066	0.695254186
53068	0.014232093
53070	0.0110385542
53071	0.0022175
53073	0.0009868831
53074	0.0415111628
53076	0.0004074359
53077	0.0686151163
53079	0.07794
53082	0.0093881395
53083	0.0221390698
53085	0.0003052381
53086	0.0022451852
53087	0.3818006098
53088	0.6597924419
53089	0.0008753333
53090	0.00025875
53091	0.1391577907
53092	0.003242439
53093	0.00977
53094	0.0004233333
53095	0.0002792857
53096	0.0003286667
53097	0.5451505814
53098	0.1248381395
53100	0.3873948837
53101	0.00515125
53102	0.9050548837
53103	0.0001825
53104	0.002052973
53106	0.0193325
53108	0.007469186
53109	0.9999738372
53110	0.8444365116
53111	0.0049853488
53112	0.2593465116
53114	0.0050960714
53115	0.0191710588
53116	0.3083617442
53117	0.0014695349
53119	0.0005291781
53120	0.0003177358
53121	0.0001683333
53122	0.010937907
53123	0.8679573256
53124	0.0023602381
53126	0.0006231034
53127	4.8305312791
53128	0.4223952326
53129	0.2648889394
53131	0.0106194186
53133	0.0053177907
53134	0.0021660345
53135	0.0004242857
53137	0.1916948485
53138	0.0005825926
53139	0.0013782667
53140	0.0023002469
53142	0.000252
53146	0.0022382432
53148	0.3222116279
53149	0.0052710465
53150	0.0003903175
53151	0.0005766667
53152	0.0003322222
53154	0.1952259375
53155	0.068555
53156	0.0059972093
53157	0.00019
53158	0.0106627273
53159	0.0224939535
53160	0.00021
53162	0.001776875
53166	0.0012604348
53167	0.0280264706
53168	0.0013336
53169	2.8800253125
53171	0.0075240476
53172	0.0016966667
53173	0.00014625
53174	0.0048058209
53175	0.0002818182
53176	0.0391009302
53179	0.0001595238
53180	0.0004192857
53181	0.0268012791
53182	0.0088590698
53183	0.0003774419
53184	0.0010538372
53185	0.614530814
53186	0.0337797674
53187	0.0005621429
53189	0.0003
53190	0.0005675
53191	0.0004735135
53195	0.0003205714
53198	0.2512545349
53199	0.0009179365
53200	0.0008090141
53201	0.003242439
53202	0.0485812791
53203	0.0095547674
53204	0.0004525641
53205	0.0790331395
53207	0.0238477108
53208	0.2533565116
53209	0.0004021667
53210	0.0162509375
53211	0.0018108434
53212	0.0037029268
53213	0.0059273256
53214	0.3509558904
53216	0.003242439
53217	0.00053375
53218	0.0004881818
53221	0.000263
53222	0.020767093
53223	0.002510122
53224	0.3221574419
53225	0.0142937288
53226	0.000325
53227	0.0004986667
53228	0.00056
53229	0.0386391765
53230	0.0077158333
53232	0.003242439
53233	0.00075
53236	0.0007746667
53240	0.0134458333
53241	0.0049451515
53242	0.00171675
53243	0.0005162821
53244	0.0002366667
53245	0.0004325926
53246	0.004662375
53247	0.0005902041
53248	0.0010538372
53250	0.00023
53251	0.0026282143
53252	0.0006231034
53253	0.00015
53256	0.001502619
53257	0.0289669412
53258	0.000525
53259	0.2685496512
53260	0.0046612963
53262	0.0001816667
53263	0.0004971429
53264	0.0057797436
53268	0.0005273256
53269	1.9334726744
53270	0.0017852381
53271	0.0092459524
53272	0.0001669014
53276	0.0002684615
53278	0.1951444186
53279	0.1813269767
53280	0.6905193023
53282	0.000294
53284	0.0002575
53286	0.0018296386
53287	0.0003453333
53288	0.0003480769
53290	0.0013496104
53292	0.0034287952
53293	0.0009483333
53294	0.0003221667
53295	0.00011
53296	0.0527165116
53297	0.0054897619
53299	0.1391577907
53301	0.1565269767
53303	0.000015
53304	0.0107963953
53305	0.00043125
53307	0.0010158537
53308	0.0009501449
53310	0.0098141176
53314	0.0005748
53315	0.7309761628
53316	0.0013836232
53318	0.0032498837
53320	0.012178125
53321	0.0019454795
53322	0.4372134884
53323	0.0005195652
53324	0.8684309302
53325	0.0005275
53326	0.0310389412
53327	0.0005208434
53328	0.1454836047
53329	0.0822104878
53331	0.0005273256
53333	0.003242439
53334	0.0019466667
53335	0.0008637931
53336	0.0005992857
53337	0.0011966216
53338	0.1470647674
53339	1.0200528788
53341	0.0003185714
53342	0.0003396296
53343	0.0008309231
53345	0.4442573256
53346	0.0043972093
53347	0.4150463953
53348	0.0014186364
53349	0.0007597222
53350	0.0004334375
53351	0.0001989474
53352	0.0005455422
53356	0.0022813333
53357	0.0009247368
53359	0.0296851163
53361	0.0010538372
53362	0.4570038372
53363	0.0010947368
53364	0.0000145
53366	0.038774186
53368	0.0016953086
53369	0.1481194186
53370	0.0129427381
53371	0.0705933721
53372	0.0007437736
53373	0.9696047674
53374	0.0021083721
53375	0.0573584884
53378	0.0005815
53379	0.2093423256
53380	0.0006084211
53381	0.046385814
53382	0.0020005479
53384	0.0010625
53385	0.00015
53386	0.0142752381
53387	0.0002903704
53388	0.0031625581
53389	0.0052710465
53390	0.0007704688
53391	0.0652710714
53393	0.0002328571
53394	0.0033238372
53396	0.0046532558
53397	0.1381032558
53398	0.0001833333
53400	0.0003388889
53402	0.0211612346
53404	0.1175006977
53405	0.0125291304
53406	0.0230516471
53407	0.1307245349
53409	0.0002930435
53412	0.0023760759
53413	0.0026163636
53415	0.00024
53417	0.0010538372
53418	0.0011398718
53420	0.0003894118
53422	0.0004915789
53424	0.0004133929
53425	0.0085725
53428	0.0012969737
53429	0.000165
53430	0.0016271084
53431	0.364322907
53433	0.216199186
53435	0.0030207229
53436	0.0090643548
53437	6.8566998837
53439	0.1544440698
53440	0.0083677647
53441	0.0007387879
53444	0.0147589535
53446	0.1080583721
53447	0.7234738372
53449	0.0018072603
53450	0.0005933333
53452	0.0007136364
53453	0.0011045455
53455	0.4277245349
53456	0.0288884884
53459	0.00027125
53460	0.0009029412
53462	0.3260301163
53463	0.00181
53465	0.0003694118
53466	0.0369948611
53467	14.6980174419
53468	1.7305301163
53469	0.0001352941
53471	0.1208494186
53475	0.0086410465
53477	0.0008531579
53478	0.138630814
53481	0.0005116667
53482	0.0002328571
53483	0.0013573016
53485	0.0031412195
53486	0.0002396
53487	2.6693543023
53489	0.0867193023
53490	0.003242439
53492	0.0168029114
53493	0.003242439
53494	0.0890825581
53495	0.1017327907
53496	0.0012902532
53497	0.0018198837
53498	0.3446160465
53499	0.000635
53500	0.0011152632
53501	0.0003331579
53502	0.3731968605
53503	0.0014134286
53504	0.0002958824
53505	0.0009013208
53506	0.0002222222
53508	0.0011228767
53509	0.0914338372
53511	0.0015605357
53513	0.0008287037
53514	0.0817298837
53515	0.0443852326
53518	0.1926938372
53519	0.0006110526
53520	0.0023852439
53521	0.0032908929
53522	0.0003805263
53524	0.0022103571
53525	0.0006280328
53528	0.0990969767
53529	0.0131166279
53530	0.0043071951
53532	0.0100168605
53533	0.0005271429
53534	0.0003492857
53535	0.0055242857
53538	0.5518884884
53539	0.0754797674
53540	0.0063122892
53541	0.003242439
53544	0.00018
53545	0.0003475
53546	0.0016463158
53547	5.347057093
53549	0.0075006173
53551	0.000811
53552	0.0004714286
53553	0.0285097674
53554	0.0010538372
53555	0.0474405814
53556	0.1375772093
53557	0.0019403333
53558	0.1862927059
53559	0.0268818605
53560	0.0006873684
53562	0.0251551765
53563	0.0001743478
53564	0.0047404412
53565	0.0050201163
53566	0.069822907
53567	0.0018021918
53568	0.0427763462
53569	0.0186013953
53570	0.0002369231
53572	1.7835581395
53573	0.0006605333
53576	0.0032511905
53577	0.000176
53579	0.0131775581
53581	0.5548826744
53582	1.4312826744
53583	0.217832093
53585	0.000295
53586	0.0392119767
53587	0.0036596226
53589	7.480502093
53590	0.0005349206
53591	0.021612093
53592	0.2893838372
53594	0.0004647541
53596	0.1411063953
53597	0.0312242353
53598	0.1786915116
53599	0.0121524691
53600	0.1191276744
53603	0.3657260976
53604	0.0008789831
53606	0.0025244
53608	0.073249186
53609	0.000804
53610	0.0126505814
53611	0.1061061628
53613	0.6272655814
53616	0.0003793333
53618	0.005378913
53620	0.0005306849
53621	0.0009166667
53622	0.0416419767
53624	1.8648460465
53625	0.0026864706
53627	0.0004812
53628	0.6578380233
53629	0.0402217442
53632	0.1950325581
53634	0.0019937209
53635	0.0361445349
53636	0.0125430986
53639	0.2509063953
53641	0.0008737037
53642	0.00034
53643	0.003859375
53645	0.5680566667
53647	0.000485
53648	0.0051457692
53651	0.002510122
53654	0.5964882558
53655	0.002299
53656	0.0040080645
53657	0.1133595349
53658	0.0032278313
53659	0.4985996512
53661	0.0007286
53662	0.0085708889
53666	0.0010538372
53668	0.0002628571
53669	0.113329186
53670	0.0748674419
53671	0.1564989535
53672	0.0005522222
53673	0.00021
53674	0.0004105882
53676	0.0001966667
53677	0.0351913953
53678	0.0007611111
53679	0.0432233721
53680	0.0382912791
53681	0.0153993023
53683	0.0005240984
53685	0.0018134783
53686	0.0003053333
53688	0.00062
53690	0.003242439
53691	0.0003396825
53693	0.0785401163
53695	0.0006540909
53696	0.0395348235
53697	0.0006715
53698	0.0002161538
53699	0.003242439
53701	0.0009494286
53702	0.0590488095
53705	0.0067577907
53706	0.8653011628
53707	0.0008162121
53708	0.003242439
53710	0.0008341935
53711	0.0103025581
53713	0.0022035211
53714	0.0281167442
53715	0.0037759756
53716	0.000323
53717	0.3336490698
53718	0.1402122093
53719	0.3506311628
53720	0.0553705814
53721	0.0018089041
53722	0.0003663043
53724	0.0010538372
53725	0.0087666265
53726	0.0650615116
53727	0.0007392308
53729	0.000158125
53730	0.0004912698
53733	0.0009350769
53734	0.1566575581
53735	0.0014604
53736	0.0003112121
53737	0.003242439
53738	0.0003225
53740	0.0637177907
53741	0.0492617442
53742	0.0007297778
53743	0.006128125
53745	0.0029740909
53749	0.0097491667
53750	0.135467907
53752	0.361405122
53754	0.2240232558
53755	0.0674705814
53756	0.000296
53759	0.0026356977
53760	0.0004679412
53761	0.0087212329
53762	0.0004704167
53763	0.0980431395
53764	0.0006775
53765	0.0002
53766	0.0002733333
53768	0.0003337931
53770	4.2975601429
53771	0.3078344186
53772	0.0079128571
53773	0.0004022857
53774	0.00027
53775	0.0008186765
53776	0.1007011628
53777	0.004744186
53779	0.00016375
53780	0.0014585
53781	0.0006378873
53782	0.4125263953
53783	0.1896456977
53784	0.0009537879
53785	0.0006189091
53786	0.0010538372
53787	0.0335472093
53788	0.0087536047
53789	0.00223
53791	2.9614862791
53792	0.0030492105
53793	0.0002325
53794	0.0311
53796	0.0006071212
53797	0.0084415625
53799	0.0045377273
53800	0.0034213953
53801	0.216772093
53803	0.0390309412
53804	0.0163398837
53805	0.0157811628
53806	0.0002845455
53808	0.0015819767
53809	0.000276
53810	0.0009459091
53811	0.0003387234
53812	0.0010538372
53814	0.0143182432
53815	0.0342253488
53816	0.0585090698
53822	0.0079768605
53823	0.0009740541
53824	0.000865
53826	0.0004073684
53827	0.0029911628
53829	0.0002643478
53830	0.0043093976
53833	0.0693160465
53834	0.0020968493
53835	0.0002730769
53836	0.0002623529
53838	0.0098014634
53839	0.007534375
53840	0.0268818605
53841	0.0003385
53842	0.0006198246
53843	0.0042169767
53844	4.14285714286E-05
53845	0.0001569697
53846	0.4053226744
53847	0.0021155882
53848	0.0088754118
53851	0.6804462791
53852	0.0004965789
53853	0.4978482558
53854	0.0005536364
53855	0.0058696203
53856	0.0592045349
53857	0.0009122034
53858	0.0002005882
53859	0.0092453191
53860	0.0702104651
53862	0.0909106977
53864	0.002125
53865	0.00027
53866	0.0071364286
53868	0.0010538372
53870	0.0003309091
53872	0.003242439
53873	0.3621268605
53874	0.0005240984
53875	0.0400692941
53876	0.0721806977
53877	0.0221390698
53878	0.1347987209
53880	0.0002833333
53881	0.000218125
53882	0.0011974667
53883	0.0669432558
53885	0.0006231034
53886	0.0160048837
53890	0.0003747619
53892	0.3347177907
53893	0.0002891489
53894	0.088215
53895	3.5024227907
53896	0.0003355
53897	0.0005256522
53898	0.0002477778
53899	0.0178694118
53900	0.003242439
53901	0.2556193023
53903	0.0011861429
53906	0.0003435
53907	0.0300269444
53908	0.2014841176
53909	0.0147166667
53910	1.1877261628
53911	0.156552907
53913	2.5644102326
53914	0.0015412346
53915	0.0025108537
53916	0.0012077612
53919	0.1184083721
53920	0.0381304706
53922	0.00026
53923	0.0189436047
53924	0.00032
53926	0.0004633333
53927	0.0008213158
53928	0.8196622093
53929	0.005545
53931	0.068866875
53933	1.2131773256
53934	0.00032
53936	0.0034342683
53937	0.002062
53939	0.0019496154
53940	0.0124135714
53945	0.0490916418
53946	0.0026589535
53947	0.0003466667
53948	0.00198
53950	0.0037884211
53951	0.0437503488
53952	0.0186345349
53954	0.0667438372
53955	0.0002732075
53956	0.012124186
53957	0.000486
53958	0.0041770886
53960	0.012299625
53961	0.00011
53962	1.8178711628
53963	0.000026
53964	0.0048611111
53965	0.0068477778
53968	0.0030342169
53970	0.0001166667
53971	0.001587037
53972	0.00085
53974	0.2638834884
53975	0.0293729762
53976	0.031584186
53979	0.2464252326
53980	0.001045625
53981	0.0006169231
53984	0.0751396512
53985	0.0029851948
53987	0.1254534884
53990	0.0003913333
53991	0.0001055556
53993	0.0005128571
53994	0.3703926829
53995	0.0003763636
53996	0.000598
53997	0.002184875
53998	0.1039249315
53999	0.0003814815
54001	0.0008359494
54002	0.00006875
54003	0.0468846512
54004	0.1117596512
54005	0.0008288095
54006	0.0006633333
54007	0.0008872727
54009	0.003242439
54010	0.0003457143
54011	0.0003998113
54014	0.0104557576
54015	0.00022
54016	0.0396072093
54017	0.0025584524
54019	0.0659531395
54020	0.0002821333
54021	0.0009497333
54022	0.0002638889
54023	0.054319186
54024	0.0012355882
54025	2.606212907
54028	0.0009846667
54029	0.0002611111
54030	0.0071513514
54031	0.0002663636
54033	0.0002315385
54034	0.0016954545
54035	0.0018795652
54036	0.0298302326
54037	0.0022330882
54038	0.0007895238
54039	0.0004808333
54040	0.0011574627
54041	0.0030467143
54042	0.0018331579
54045	0.0005626316
54046	0.0066416667
54047	0.0005804
54048	0.0004955882
54049	0.4870534884
54050	0.0010538372
54051	0.0003719512
54053	0.0004648276
54057	0.0023403704
54058	0.0006381395
54059	0.0002866667
54060	0.3051988372
54061	0.0005201887
54062	0.00021125
54064	0.0741713953
54065	0.4253810465
54066	0.0005681818
54068	0.0037305333
54070	0.0005273256
54071	0.00031
54072	0.5792980233
54073	0.0057981395
54074	0.0203495294
54075	0.0003494545
54076	0.1031826744
54077	0.0003032653
54079	0.4980532558
54080	0.0008872603
54081	0.0002429032
54082	0.0072728571
54083	0.7503361628
54086	0.0003523077
54087	0.1439026744
54088	0.0705590698
54090	0.0003433333
54093	1.6734267442
54094	0.0005273256
54097	0.001993
54098	0.001670411
54099	0.0469131395
54100	0.3557008537
54101	1.85714285714E-05
54102	0.000208
54106	0.0001671429
54107	0.0010538372
54108	0.000325
54110	0.0076127059
54111	0.0002005882
54114	0.002482716
54115	0.0010538372
54116	0.0388649398
54117	0.0007745
54119	0.000591875
54120	0.335244186
54121	0.0004236364
54124	0.000247
54125	0.000404
54126	0.0008594444
54131	0.0084338372
54132	0.0041350685
54134	0.4475197674
54135	0.0299817442
54136	0.1507540698
54137	0.0013188889
54139	0.0373009302
54140	0.003242439
54141	0.0001833333
54142	0.0001466667
54144	0.0853926744
54145	0.0074772941
54146	0.003242439
54147	0.0009970968
54148	0.0003762963
54150	0.0020217391
54151	0.0679975581
54152	0.0008931818
54153	0.0010538372
54154	0.0091495181
54155	0.00056
54157	0.0088433333
54158	0.0132117647
54159	0.0165594048
54160	0.0078094118
54161	0.0010538372
54162	0.1449526744
54163	0.9388859302
54166	0.0018410714
54169	0.8801682759
54170	0.0042251765
54171	0.0012701299
54172	0.000280625
54173	0.1411346512
54174	0.0002114286
54175	0.0003222222
54176	0.0002609756
54177	0.0002440816
54178	0.00067
54179	0.0003990909
54180	0.0041804706
54181	0.0192759302
54183	0.0026589535
54185	0.1132026744
54186	0.0003345833
54188	0.0060425882
54190	0.0007038571
54191	0.0488145455
54192	0.0088653488
54193	0.0053128
54195	0.0009245161
54197	0.0096646512
54198	0.0009223377
54199	0.000228
54202	0.340515814
54206	0.0001824324
54207	0.0012481818
54209	0.2637655814
54211	0.0010771429
54214	0.0006498246
54215	0.0021104255
54217	0.046224
54218	0.0226660465
54220	0.0008258904
54221	0.000525625
54222	0.0016556757
54223	0.0003712
54225	0.0005108333
54226	0.0002485714
54228	0.0005774419
54229	0.0179223256
54230	0.0004705405
54231	0.0127893023
54232	0.0710298837
54234	0.0013914286
54236	0.0002342857
54237	0.0035983544
54238	0.003242439
54240	0.0007966667
54242	0.0013675325
54243	0.011071875
54244	0.0002584615
54245	0.0002416667
54246	0.0032022973
54247	0.0266530233
54248	0.0387473256
54249	0.0003741667
54250	0.002968375
54251	0.0001825
54253	0.0012541667
54254	0.0002006667
54256	0.0003333333
54257	0.0627669767
54259	0.0005880556
54260	0.1076863529
54261	3.05263157895E-05
54262	0.0264318824
54263	0.0005195652
54264	0.0002433333
54266	0.000295
54268	0.0795947674
54269	0.0003251351
54270	0.0025890361
54271	0.2472451163
54272	0.0006644186
54274	0.0585024419
54276	0.00037
54277	0.0016616279
54278	0.3584175581
54279	0.0020273134
54280	0.1154824419
54281	0.5972198837
54282	0.0005154386
54283	0.0016448438
54284	0.0049518072
54285	0.0010538372
54286	0.0006530233
54289	0.0601330952
54290	0.1272887209
54291	0.1987222093
54292	0.002813871
54294	0.0146657746
54295	0.01741
54296	0.0011781356
54297	0.12309
54298	0.00042
54299	0.000875
54300	0.0046144444
54301	0.6978990698
54302	0.0021653659
54303	0.0114379518
54305	0.00401
54306	0.0036936905
54307	0.0060547619
54308	0.0022501299
54311	0.0006009231
54312	0.0006758333
54317	0.0005921053
54319	0.0205575581
54320	0.0010756098
54321	0.0003988889
54322	0.00037625
54326	0.0093053488
54327	0.012124186
54328	0.005324625
54330	0.000532
54332	0.0017622785
54333	0.0003966667
54334	0.0541724419
54335	0.0031412195
54336	0.0152867442
54337	0.1987222093
54338	0.0959343023
54340	3.2249005814
54341	0.0053050667
54345	0.0012221951
54346	0.0076675581
54347	0.0012104651
54348	0.0004418182
54349	0.0043976812
54350	0.0010834884
54352	0.000185
54354	0.0099966667
54355	0.0036166265
54356	0.0030037647
54359	0.0010086047
54360	0.0028467442
54361	0.0010030233
54362	0.0426746575
54363	0.0061826829
54364	0.0010760465
54366	0.3514555814
54367	0.0001353488
54368	0.0223294186
54369	0.00026
54370	0.0012221951
54371	0.0029717442
54372	0.00113
54373	0.0011582609
54374	0.0003553846
54375	0.0023396226
54376	0.0018481818
54377	0.0001361538
54378	0.0007009091
54379	0.0012960976
54380	0.0012463514
54381	0.0011515116
54382	0.0016246939
54383	0.0002702778
54384	0.002985
54385	0.1158713953
54386	0.00001
54387	0.0011145349
54389	0.0001248571
54391	8.6303523256
54392	0.0002648148
54393	0.0008077907
54394	0.0037339535
54395	0.1222855814
54396	0.0593267442
54398	0.1163712791
54399	0.0366544186
54400	0.0146367442
54401	0.0036639024
54402	0.0007892
54404	0.0011515116
54405	0.0011651163
54406	0.0012373333
54407	0.0002980233
54408	0.005706087
54409	0.0007298485
54411	0.0070521154
54412	0.0013874603
54414	0.0015706977
54415	0.0259290698
54416	0.0004466071
54417	0.1893906977
54418	0.0012960976
54419	0.0004107692
54420	0.0007138
54421	3.42857142857E-05
54422	0.0005032258
54424	0.0407330233
54425	0.0140991667
54426	0.0047096296
54427	0.006774186
54428	0.0003142105
54429	0.0019590909
54430	0.0010566279
54431	0.1358237209
54432	0.00085
54433	0.0005725
54434	0.0001625581
54436	0.1969693023
54437	0.0036851163
54440	0.0004
54441	0.0002648148
54442	0.0010826316
54444	0.0003136842
54445	0.0110271014
54446	2.5507655814
54447	0.0007043023
54448	0.0011651163
54449	0.1378234884
54450	0.000352093
54451	0.0028170455
54452	0.00001
54454	0.0010486486
54455	0.0039561628
54456	0.0040913953
54457	0.285735814
54458	0.0004595918
54459	0.015822907
54460	0.0012206757
54461	0.0024109302
54462	0.0018426923
54463	0.0003136842
54464	0.0001461765
54465	0.0008544186
54467	0.0017337209
54468	0.001
54469	0.946550814
54471	0.0021846341
54472	0.0003002632
54473	0.0034137209
54474	0.0009576667
54476	0.0418848837
54477	0.0021971698
54478	0.2834836538
54479	0.0001489706
54481	0.0028438372
54482	0.0004032558
54483	0.00024
54484	0.0004920755
54485	0.0011923256
54486	0.0077008235
54487	0.0000175
54488	0.0004158333
54489	0.0060869048
54490	0.0012196512
54492	0.0015543902
54493	0.0098938372
54494	0.0012196512
54495	0.0012736047
54496	0.0029052564
54497	0.0426746575
54498	0.0004032558
54500	0.0022582927
54501	0.0004855556
54504	0.0012536486
54505	0.0075031395
54506	0.0018697674
54507	0.0999260784
54508	0.0164632927
54510	0.0009019403
54511	0.0026010465
54512	0.0018426923
54514	0.000802
54515	0.0003683333
54517	0.0020736585
54518	8.87096774194E-05
54519	0.0002313514
54520	0.0029054717
54521	0.0052561628
54522	0.0012734722
54523	0.0190975581
54524	0.0010023256
54525	0.0028266667
54526	0.0015543902
54527	0.0003436
54528	0.0012578049
54529	0.0006238372
54530	0.0008895294
54531	0.0020594186
54532	0.0098938372
54533	0.0132537209
54534	0.0023911765
54535	0.0003118571
54536	0.1401036047
54537	0.0019146154
54538	0.0139572727
54539	0.0044515476
54540	0.0005064179
54541	0.0740177907
54542	0.0129411628
54543	0.0007041463
54544	0.0039561628
54546	0.0007315116
54548	0.0009748837
54550	0.0024923256
54551	0.0035168293
54552	0.0096347674
54553	0.0003556757
54554	0.0012630233
54555	0.0008620755
54556	0.00019
54557	0.0012291892
54558	0.0006021212
54559	0.065985814
54560	0.9803817442
54561	0.0304703488
54562	0.000542093
54563	0.0426746575
54564	0.0011380233
54565	0.000922093
54567	0.0110695652
54568	0.0001455882
54569	0.0009480233
54570	0.0019253659
54571	0.3280088372
54572	0.010425942
54573	0.0001353488
54574	0.0008077907
54575	1.3473580233
54576	0.0001786765
54578	0.0050333333
54579	0.0035960465
54580	0.0049276744
54581	0.0002671429
54582	0.0008252174
54583	8.1511627907E-05
54585	0.0012371111
54586	0.0017492857
54587	0.00023
54588	0.0012471622
54589	0.0003226316
54590	0.0316810465
54591	0.0006101961
54593	0.0004622222
54594	7.3275862069E-05
54595	0.0004597674
54596	0.005706087
54598	0.5550013953
54599	0.0025645455
54600	0.00004
54601	0.0006375
54603	0.00006
54604	0.0045163415
54605	5.85454545455E-05
54606	0.0042283333
54607	0.00022
54608	3.77192982456E-05
54609	0.0002711628
54610	0.0004479545
54611	0.0023911765
54612	0.000054186
54613	0.0094838372
54614	0.0007653846
54615	0.0005377907
54616	5.91489361702E-05
54617	0.0004275
54618	0.0022582927
54619	0.00130125
54621	0.0014809756
54622	0.001110814
54623	0.0692168605
54624	0.173607907
54625	0.0000175
54626	0.0116474419
54627	0.0082232941
54629	0.1071254762
54630	0.0044834884
54631	0.0165467442
54632	2.74117647059E-05
54634	0.0014406579
54635	0.0050173256
54637	0.002547093
54638	0.0009748837
54639	0.1452518605
54640	0.006637907
54642	0.00033
54644	0.0081602326
54645	0.0075572093
54646	0.0061569565
54647	0.0007056977
54648	0.0016522353
54649	0.0426746575
54650	0.1801990698
54651	0.0015305
54653	0.0022684906
54655	0.0003136842
54656	0.0061233721
54657	0.0087936047
54658	0.0002648148
54659	0.0003638235
54660	0.0005051852
54661	0.0010118919
54663	0.0008519512
54664	0.0004292857
54665	0.0049311628
54666	0.017692907
54667	0.0060948837
54668	0.0001351923
54669	0.0002846154
54671	0.0014173077
54672	0.0015173077
54673	0.01018625
54674	0.0080569412
54676	0.0083551163
54677	0.3568760465
54678	0.0032604348
54679	0.0011912162
54680	0.0014360465
54681	0.0016144186
54682	0.0054790244
54683	0.0058716901
54684	0.00079125
54686	0.0111821429
54687	0.0006930952
54689	0.0005714286
54690	0.0011247297
54691	0.0002526667
54692	0.2680096512
54693	0.0094902353
54695	0.0003083333
54696	0.00051
54697	0.0004061628
54698	0.00052
54700	0.153360814
54701	0.0014123256
54702	0.2769126744
54703	0.0001901471
54704	0.0003920513
54705	0.0002729412
54707	0.0013548837
54708	0.000374359
54709	0.0019603488
54710	0.0009583333
54711	0.0125289535
54712	0.0036419767
54713	0.0011144186
54714	0.0014104762
54715	0.003272439
54719	0.0015993023
54720	0.000355
54721	0.0033861628
54722	0.0010365854
54724	0.0012960976
54725	0.0426746575
54726	0.0180830909
54727	0.0011765116
54728	0.000235
54729	0.0044822449
54730	0.0010834884
54731	0.0018426923
54732	0.0003225641
54733	0.00156
54734	0.0749334884
54736	0.0025178049
54737	0.0426746575
54738	0.00025
54741	0.0003342857
54742	0.0004717188
54743	0.0003411111
54744	0.008216087
54745	0.0001351923
54747	0.3418344186
54748	0.0068431884
54749	0.0452011628
54751	0.0010298837
54752	0.0026995455
54753	0.0024433721
54754	0.2647322093
54755	0.0006402222
54757	0.0003023077
54758	0.0007683721
54759	0.0288281395
54760	0.0027641509
54761	0.0047365
54762	0.1369881395
54763	0.0000175
54764	0.0007664
54765	0.0021473171
54766	0.00003
54768	0.0003050704
54769	0.0007641333
54770	0.0001353488
54771	0.0006763235
54772	0.0011380233
54773	0.00140625
54774	2.4953876744
54775	0.1802509302
54776	0.0014123256
54778	0.1201744186
54779	0.0008197222
54781	0.1392640698
54782	0.0006912
54783	0.3264973256
54784	0.0003463889
54785	0.01639
54786	0.0001353488
54787	0.0014485882
54788	0.0003059375
54789	0.0003716279
54790	0.0023560465
54791	0.00001
54792	0.001485
54793	0.0011793939
54794	0.001258
54795	0.00041
54796	0.0006428571
54798	0.0011473171
54799	0.001
54801	0.0007393939
54802	0.7248624419
54804	0.000251875
54805	0.0011380233
54806	0.0012172973
54807	0.000845814
54808	0.0011923256
54810	0.0010782558
54811	0.1955375581
54812	0.0023749057
54813	0.0080712791
54814	0.0007802326
54815	0.0101887209
54816	0.0002633333
54818	0.000301875
54819	0.0054163953
54820	0.0426746575
54821	0.0005878261
54823	0.0005028
54824	0.000301875
54825	0.0009748837
54826	0.003307907
54827	0.0011910465
54828	0.0001097059
54829	0.0003643373
54830	0.00001
54831	0.0006044444
54832	0.0003028125
54833	0.0085480769
54834	0.0012459302
54837	0.0012958824
54838	0.0011380233
54839	0.0046654545
54840	0.0084760465
54841	0.00181
54842	0.001517561
54843	0.0005285714
54844	0.0015428571
54846	0.0041742593
54847	0.0005151163
54848	0.00003
54849	0.0012196512
54850	0.0004597674
54851	0.0426746575
54852	0.0005583582
54854	0.0127244186
54855	0.0003241176
54857	0.0313072093
54858	0.00037
54859	0.0057484314
54860	0.0021132558
54861	0.000592439
54862	0.0794201163
54863	0.0068642029
54864	0.0014089535
54865	1.3190716279
54866	0.0004406061
54867	0.0004555556
54869	0.0995267442
54870	0.0026952632
54871	0.0006527083
54872	0.00019625
54873	0.0008669767
54874	0.0002405634
54875	0.0022619481
54876	0.0031376119
54877	0.0013816279
54878	0.0002702778
54879	0.0005109756
54882	0.0001353488
54883	1.0723436047
54884	0.0003578947
54885	0.0042444444
54888	0.0122739535
54890	0.0007431395
54891	0.000052907
54892	0.0032846512
54893	0.0008839535
54894	0.00084
54897	0.1289448837
54898	0.00001
54899	0.0040355814
54900	0.001110814
54901	0.0014471429
54903	0.0004032558
54904	0.0567001163
54905	0.0450031395
54907	0.00022
54908	0.0093318841
54909	0.003719
54910	0.00167
54913	0.0013276744
54914	0.0001690909
54915	0.0030044578
54917	0.0003384337
54918	0.0006147674
54919	0.00039
54920	0.000352093
54921	0.000875814
54922	0.0002637805
54923	0.017692907
54924	0.000145
54925	0.0127244186
54927	0.0016290244
54928	0.0010298837
54929	0.0014528378
54930	0.0065261628
54931	0.0026290244
54932	0.0006581818
54933	0.0038955814
54934	0.0001133333
54935	0.0251340698
54936	0.003627561
54937	0.004075942
54938	0.0091932911
54939	0.0006774419
54941	0.0014496154
54942	0.0009480233
54944	0.0006359184
54946	0.0002846154
54947	0.0017698077
54948	0.002650814
54949	0.0047310465
54951	0.0015193103
54952	0.0372374419
54953	0.0060390698
54954	0.00015
54956	0.00023
54957	0.0011380233
54958	0.0851559302
54959	0.0417704651
54960	0.0031145122
54961	0.0007802326
54962	0.001115
54963	0.0007512
54964	0.0013329268
54965	0.0010298837
54966	0.0012541333
54967	0.0002441176
54968	0.0005961628
54972	0.0014809615
54973	0.000922093
54975	0.0009748837
54976	0.0011527907
54977	0.0009191667
54978	0.000392
54979	0.0009638182
54980	0.0092476744
54981	0.0002702778
54982	0.0074505814
54984	0.0019603488
54985	0.0013412658
54986	0.0084134884
54987	0.0001421429
54988	0.0005558537
54989	0.0010884444
54991	0.0004238889
54992	0.0011473171
54993	0.0003719737
54994	0.0009617073
54995	0.0008136585
54996	0.0069386047
54997	0.0021473171
54998	0.00109
54999	0.0054917647
55000	0.0024668116
55001	0.0007138
55002	0.0006820548
55003	0.0001495588
55004	0.1449815663
55006	0.0058818605
55007	0.0021850909
55008	0.0001087209
55009	0.0002466667
55010	0.0011923256
55012	0.0003542105
55013	0.000920814
55014	0.0015993023
55015	0.00002
55016	0.036082907
55017	0.0042066279
55019	0.000155
55020	0.0008176744
55022	0.0011380233
55023	0.0070153623
55025	0.0023331707
55026	0.0047828571
55028	0.1392915116
55029	0.0010566279
55030	9.23214285714E-05
55031	0.0020860465
55032	0.0001351923
55033	0.0009748837
55034	0.0019024324
55035	0.0108524419
55038	0.0005904918
55039	0.0004379245
55040	0.003520375
55041	0.0043701176
55042	0.0097043023
55045	0.0009480233
55048	0.0014414035
55049	0.0019985366
55050	0.0020594186
55051	0.0007109524
55052	0.0004282927
55053	0.0113797674
55054	0.0003213043
55055	0.0011372464
55056	0.017637907
55057	0.0011237838
55058	0.0002902326
55059	0.0039267073
55060	0.0002702778
55061	0.0002785714
55062	0.0037417442
55063	0.0190260465
55064	0.0008073256
55065	0.0006
55067	0.000964507
55068	7.3275862069E-05
55069	0.0225288372
55072	0.0017121622
55073	0.0001579412
55074	0.0008135
55075	0.0014360465
55077	0.0005623077
55078	0.0010447222
55079	0.0004597674
55081	0.0012466667
55082	0.000445814
55083	0.00012
55085	0.0006526667
55086	0.0012736047
55087	0.0005272222
55089	0.0061087805
55090	0.00044
55091	0.047119186
55094	0.0012485135
55095	0.0057705814
55096	0.0426746575
55097	0.0005558537
55098	0.0005316981
55099	0.0009644068
55100	0.0001351923
55101	0.0014358333
55102	0.003034878
55103	0.1762202326
55104	0.000470678
55105	0.0064662791
55106	0.0005606977
55109	0.0027641509
55110	0.0051268116
55111	0.017637907
55112	0.0007959184
55113	0.0007590698
55114	0.0001429412
55115	0.0036163158
55116	3.28571428571E-05
55117	0.0177467442
55118	0.00033
55119	0.0003105882
55120	0.0001087209
55121	0.0076945349
55123	0.0003463889
55124	0.00084
55126	0.0003057576
55127	0.0178277907
55129	0.0002438372
55130	0.0010690769
55131	0.0003832
55132	0.0426746575
55134	0.0003411111
55136	0.0012297674
55137	0.0010275
55138	0.0070589535
55139	0.0213234884
55140	0.0008136585
55141	0.0023749057
55142	0.2954546512
55143	0.0020586364
55144	0.0143514493
55145	0.000331
55146	0.0015521154
55147	0.0014360465
55148	0.0001477941
55149	0.0002438372
55150	0.000444898
55152	0.0011651163
55153	0.0509275581
55154	0.0028334722
55155	0.0012089189
55156	0.0006238372
55157	0.0008363415
55158	0.5006698649
55160	0.00003
55161	0.00082
55162	0.0017278824
55163	0.0012104054
55164	0.1181589535
55166	0.0031998039
55168	0.0002427586
55169	0.020785
55170	0.0005036
55171	0.0008103125
55172	4.3841274419
55173	0.0005693023
55174	0.0001353488
55175	0.0335230233
55176	0.0025511321
55177	0.0012591892
55178	0.0003483784
55180	0.0601336047
55181	0.0012684884
55183	0.0019404545
55184	0.0082162791
55185	0.0012586486
55187	0.0048061628
55189	0.0031183019
55190	0.0118313953
55191	0.0134111905
55192	0.004172907
55193	0.0035268605
55194	0.0426746575
55195	0.0012262791
55196	0.000045
55197	0.0011786275
55198	0.0007917647
55200	0.0017402439
55201	0.0006498837
55202	0.0005702985
55203	0.0002441176
55205	0.0007315116
55206	3.77192982456E-05
55207	0.0109290698
55209	0.000065
55210	0.0072934146
55211	0.0016290244
55212	0.0002711628
55213	0.004152
55214	0.0048731646
55216	0.0109290698
55217	0.0008132558
55218	0.0011647297
55219	0.0008619048
55220	0.0018826744
55221	0.0232059302
55222	0.00041125
55224	0.0304056977
55225	0.0003739726
55226	0.0018764444
55228	0.0010298837
55230	0.0002366667
55231	0.0089588571
55232	0.0876560465
55233	3.77192982456E-05
55236	0.0006658333
55237	0.0092291765
55239	0.0012071622
55240	0.0008843137
55241	0.0009665116
55244	0.00001
55245	0.0043790698
55246	0.0008798148
55247	0.0450210976
55249	0.0041095122
55250	1.4135966279
55251	0.0001087209
55253	0.0020365854
55254	0.0012604054
55255	0.0096318841
55256	0.0426746575
55257	0.0011923256
55258	0.0002041176
55259	0.0010834884
55260	0.0108572093
55261	0.0052646512
55262	0.000225
55263	0.0003486842
55264	0.0023389855
55266	0.0073990698
55267	0.00133
55268	0.0001480882
55269	0.0035225581
55271	0.0019776744
55272	0.0064146377
55273	0.003251
55274	0.0001480882
55276	0.0027315116
55277	0.000216
55278	0.0039617073
55279	0.0008291667
55280	0.0100828986
55281	0.0019867308
55282	0.0017225
55283	0.007367619
55284	0.0025917073
55285	0.0001473529
55286	0.000438
55287	0.0007796364
55288	0.005852093
55289	0.1588394186
55290	0.3690004651
55292	3.09677419355E-05
55293	0.0005724074
55294	0.0010086047
55296	0.00053
55298	0.0320761905
55300	0.0070589535
55302	0.0094818841
55303	0.0005455172
55304	0.0012161111
55305	0.0084490789
55307	0.0020319767
55308	0.0009415094
55309	0.0012196512
55310	0.0010734146
55311	0.0048908696
55312	0.0018509756
55313	0.0426746575
55315	0.010836875
55316	0.0001351923
55318	0.0002847826
55319	0.0009989535
55320	0.0020909434
55321	0.0031644286
55322	0.0014446341
55323	0.0026455
55325	0.000339
55326	0.0011332432
55328	0.0209242424
55329	0.000445814
55331	0.0069978049
55332	0.0047415942
55333	0.1239552326
55334	0.0005702985
55337	0.3821917442
55338	0.005213494
55339	0.0007854651
55340	0.0005821333
55341	0.0003537931
55342	0.0012339535
55343	0.0148746512
55345	0.0344143023
55346	0.0004319737
55349	0.000542093
55350	0.0034460465
55351	0.0012104651
55352	0.0322616279
55353	0.0008080435
55354	0.0011145349
55356	0.0091175362
55357	0.0017402439
55358	0.0032734884
55359	0.0024533721
55360	0.0006238372
55361	0.0015167442
55362	0.00001
55363	0.0003367442
55364	0.0004714286
55365	0.0007307143
55366	0.0012282432
55367	0.0009256098
55368	0.0031065957
55369	0.000365098
55370	0.0019713636
55372	0.0004881818
55373	0.0034672222
55374	0.0049044186
55375	0.0035493023
55376	0.0090219767
55377	2.2105389535
55379	0.00027875
55380	0.0006417857
55381	0.6897343023
55382	0.0055664286
55383	0.0011765116
55385	0.2077590698
55386	0.0519174419
55387	0.0014123256
55389	0.0003296875
55390	0.0015372093
55391	0.0011923256
55392	0.0065643478
55395	0.0019118182
55396	0.0002464516
55397	0.0012532432
55398	0.0127244186
55399	1.4146960465
55400	0.0008371014
55401	0.0001847059
55402	0.0084033333
55404	4.9979596512
55405	0.072240814
55406	0.00198525
55408	0.0011475676
55409	0.0004330233
55410	0.0002702778
55411	0.001866383
55412	0.002003871
55414	0.0001533333
55415	0.0011651163
55416	0.025170814
55417	0.0001723529
55418	0.0006658537
55419	0.0012960976
55421	0.0010469811
55422	0.0001625581
55423	0.0026290244
55425	0.0010834884
55426	0.000755641
55427	0.0065171154
55428	0.0007696552
55430	0.0016619231
55433	0.0008392
55434	0.0037758537
55436	0.0050723256
55437	0.0003590909
55438	0.0079515854
55440	0.0013702439
55441	0.0018802564
55443	0.0308852326
55445	0.0014446341
55447	0.000052907
55448	0.0000172
55449	0.017692907
55450	0.0014602326
55451	0.0008616667
55452	0.0016848889
55453	0.006264058
55454	0.0002018605
55455	0.1361209302
55457	0.000363
55458	0.0002441176
55459	0.0008989189
55460	0.0026653659
55462	0.0004105128
55463	0.0009281818
55464	0.0001353488
55465	0.0106401449
55466	0.0041452326
55467	0.0399554651
55468	0.0058936047
55469	8.1511627907E-05
55470	50.2598860465
55471	0.0001351923
55473	0.0164113043
55474	0.0011897674
55475	0.00077925
55478	0.0164398837
55479	0.0011145349
55480	0.1352
55481	0.0002084211
55482	0.0108455814
55483	0.0426746575
55484	0.0018880488
55485	0.0030835849
55486	0.0060495652
55487	0.0067575362
55488	0.0004156364
55490	0.0025156604
55491	0.0098938372
55492	0.000018
55493	0.0003463889
55495	0.1527298837
55497	0.000352093
55498	0.0024217442
55499	0.000052907
55500	0.0075825455
55501	0.0426746575
55503	0.00037
55504	0.0011272973
55505	0.0456047674
55506	0.003145
55507	0.0051885246
55509	0.00667
55510	0.0063867273
55511	0.001962439
55513	0.0011651163
55515	0.0005961628
55516	0.000237439
55517	0.0012459302
55518	0.0011651163
55519	0.0028008434
55520	0.0007768293
55522	0.006665
55523	0.0098938372
55524	0.0024070732
55525	0.0014890909
55526	0.0004045
55527	0.0092371765
55528	0.0012284
55529	0.0008440909
55530	0.0011184
55531	0.0003142105
55532	0.0028228889
55533	0.0022495238
55534	0.0010298837
55536	0.0051692308
55537	0.0018606667
55538	0.0970611628
55539	0.0051318605
55540	0.0085076744
55541	0.0011765116
55542	0.0003435294
55544	0.0012104651
55546	0.0014588372
55547	0.0426746575
55548	0.0026290244
55549	0.0002438372
55550	0.0002047368
55552	0.0021218605
55553	0.0044166279
55554	0.0017836585
55556	0.0093642105
55557	0.0094838372
55558	0.00032
55561	0.0013006977
55562	0.0222033333
55563	0.0012736047
55564	0.0001351923
55565	0.0010030233
55566	0.0004166667
55567	0.013846087
55568	0.0045904651
55569	0.0065581395
55570	0.0053647674
55572	0.0003206061
55573	0.0187059302
55574	0.0014809756
55575	0.0009748837
55576	0.0360401449
55577	0.0006171429
55579	0.00001
55581	0.0003739726
55582	0.0025739535
55586	0.00067
55587	0.0010652
55590	0.0004506667
55591	0.0007778049
55592	0.000708
55593	0.000392
55594	0.0073156522
55595	0.0080215116
55596	0.0005278261
55597	0.0073297674
55598	0.000962
55599	0.00131375
55601	0.1308959302
55602	0.0010086047
55603	0.0367262791
55604	0.079707093
55605	0.0014792857
55606	0.0006917442
55607	0.0001310526
55608	0.0004330233
55609	0.0003834884
55610	0.0426746575
55611	0.0001544444
55612	0.0010824242
55613	0.0024068182
55614	2.74117647059E-05
55615	0.0014089535
55616	0.0092823256
55618	0.002789186
55619	0.0050339286
55620	0.0030069767
55621	0.0010023256
55622	0.136934186
55623	0.0016525581
55624	0.0001087209
55625	0.0411520548
55628	0.0012104651
55629	0.0018481818
55630	0.0004977551
55631	0.0112407246
55634	0.0014809756
55635	0.0051268116
55636	0.0010834884
55637	0.0027390244
55638	0.0002702778
55640	0.00167
55642	0.0012443243
55643	0.0005558537
55644	0.0022217073
55645	0.0007305814
55646	0.0080450725
55648	0.0001351923
55649	0.5540866279
55650	0.0426746575
55651	0.002615
55652	0.0010023256
55653	0.0011582609
55654	0.0002648148
55655	0.00004
55656	0.0008841935
55657	0.0024217442
55658	0.005105875
55660	0.0002648148
55661	0.0018481818
55662	0.0400411628
55663	0.0006498837
55664	0.0044618841
55665	0.00001
55666	0.1205589535
55667	0.055474186
55668	0.0012645946
55669	0.0017072093
55670	0.0003790698
55671	0.0017072093
55672	0.000306
55673	0.154916
55674	0.0095660465
55675	0.0017680233
55677	0.0015445349
55678	0.3529345349
55679	0.00003
55680	0.0005727083
55682	0.0013460465
55683	0.0109603488
55684	0.0063619767
55685	0.00012
55687	0.000352093
55690	0.0020972727
55692	2.9465591861
55693	0.1573125581
55694	0.0035328235
55695	0.0003834694
55696	0.0004032558
55697	0.0018444186
55699	0.000237439
55700	0.0001125
55701	0.0010946575
55703	0.0349101163
55704	8.1511627907E-05
55705	0.0001351923
55708	2.13793103448E-05
55709	0.0005933333
55710	2.13793103448E-05
55711	0.0003728571
55712	0.0002817241
55713	0.021504186
55715	0.0338973256
55716	0.0002266667
55717	0.0655381395
55718	0.0031410526
55719	0.000308
55720	0.0002
55721	0.0003371429
55722	0.000402
55724	0.0004577966
55725	0.0007333333
55726	0.0058372093
55728	0.0020135938
55730	0.000435625
55731	0.0002
55733	0.1891630233
55736	0.0003113333
55737	0.00046
55738	0.0001033333
55739	0.0013602532
55743	3.54901960784E-05
55744	0.000218
55745	0.0022377193
55747	0.0028191549
55748	0.0003636364
55749	0.0002075
55750	0.0003630769
55751	9.57142857143E-05
55752	0.0006491892
55753	0.0026103488
55757	0.0002045
55759	0.0004625806
55761	0.0004033333
55762	0.000203
55765	0.00003
55766	0.0050437209
55767	0.0001584615
55768	0.00016
55769	0.0015166279
55771	0.0008846667
55775	0.069085814
55777	0.0013276923
55778	0.0017286047
55779	0.0003333333
55780	0.000255
55782	0.0027925926
55783	0.0216826744
55785	0.2687095238
55786	0.0008173913
55787	0.00259
55788	0.000195
55789	0.0003160606
55790	0.000165
55791	0.007152093
55792	0.0008462791
55793	0.00048
55794	3.51162790698E-05
55795	0.00113875
55796	0.0012677778
55798	0.0365315116
55800	0.0001786667
55801	0.0003807143
55802	0.0064644118
55803	0.000185
55804	0.000235
55805	0.0209874419
55806	0.0002453333
55807	0.00776
55809	0.00001
55811	0.006727093
55812	0.0016968966
55813	0.0012811765
55814	0.000126087
55816	0.00025875
55817	0.0003527778
55818	0.000015
55820	0.00001
55821	0.0002792308
55822	0.0089238372
55824	0.0010824419
55825	0.0016957692
55826	0.012255814
55829	0.00015
55830	0.0002778261
55831	0.0381182558
55832	0.0002625
55833	0.0001405263
55834	0.00002
55835	0.0004355556
55839	0.0019091667
55840	0.000235
55842	0.0003655556
55843	0.0002188889
55844	0.000877193
55845	8.42105263158E-05
55846	0.000679
55849	0.0023630233
55850	0.0014358333
55851	4.1568627451E-05
55853	0.0000525
55855	9.34615384615E-05
55859	0.0078865116
55860	0.000235
55861	0.000615
55863	0.0013456977
55864	0.0053262791
55866	0.0078865116
55867	0.0001473077
55868	0.0002426087
55871	0.000142
55872	0.0003161111
55873	0.0003359259
55874	0.000295
55875	0.00001
55877	0.0001411111
55878	0.0010934884
55879	0.00038
55880	0.000365
55881	0.0012041463
55882	0.0002937143
55883	0.0001328
55885	0.0034209722
55886	0.000645
55887	0.0002766667
55889	0.0003685714
55890	0.0004013636
55892	0.0693852326
55893	0.00001
55894	0.0038087209
55895	0.0064195349
55897	7.05813953488E-05
55898	0.0025304651
55899	0.0008463793
55904	0.0346290698
55905	0.00002
55906	0.0003614286
55907	0.0091965116
55908	0.0005818056
55909	0.0094240964
55911	0.0001215385
55912	0.00015
55913	0.00045
55917	0.0003953571
55918	0.0001233333
55919	0.0003972727
55920	0.0003996667
55921	0.0056530769
55923	0.0176717442
55924	0.0124869767
55925	0.00023
55927	0.0011325
55930	0.0019397674
55931	0.0010582558
55932	0.0055669767
55934	0.001022907
55936	0.0003142857
55937	0.00038
55938	0.00049875
55939	0.00031
55940	0.00044
55941	0.0003333333
55943	0.0005563158
55944	0.000084
55945	0.000265
55946	0.0010373913
55948	0.0027114706
55949	0.00136375
55950	0.0006485714
55951	0.0004446154
55952	0.000402
55953	0.0151676744
55955	0.0002316667
55956	0.0059611628
55958	0.0114403488
55960	0.0007569048
55961	2.13793103448E-05
55962	0.0001421053
55963	0.0002233333
55964	0.0002230435
55965	2.77272727273E-05
55967	0.0035976744
55968	0.0100744186
55970	0.0016080556
55971	2.13793103448E-05
55972	0.000045
55973	0.0003673913
55974	0.0001522222
55976	0.00041
55978	0.0004033333
55979	0.001281875
55980	0.00001
55981	8.94594594595E-05
55982	0.0009858025
55985	0.0002689706
55987	0.0004853846
55988	0.00003
55989	0.0070903488
55990	0.0004353846
55991	0.0004446154
55992	0.0070706329
55993	0.0002739394
55995	0.0158024419
55996	0.0001760465
55997	0.0001227692
55998	0.0005288372
55999	0.0005065217
56000	0.0009294737
56001	0.00112625
56002	0.0053967442
56003	0.0042475309
56004	0.0233369767
56005	0.00001
56009	0.0080545349
56010	0.0002310526
56012	2.5886969767
56013	0.0006238462
56014	0.0001466667
56015	0.0017775581
56018	0.0019377586
56019	0.008465814
56021	0.000165
56022	3.54901960784E-05
56023	0.0017993023
56024	0.0071247674
56025	0.0168225581
56027	0.0047263953
56028	0.00001
56029	0.00032
56031	0.0001942857
56033	0.0003504545
56034	0.0033512346
56036	0.0002989535
56037	0.0328039535
56038	0.0035267442
56039	0.005855814
56040	0.0007510606
56042	0.0016923457
56043	0.000289697
56044	0.0120276744
56045	0.00026375
56047	0.0050689412
56048	0.0008416667
56049	0.0001542857
56050	0.0016576744
56054	0.0001614286
56055	0.0006261111
56056	4.64788732394E-05
56057	0.00039
56058	0.00008
56059	0.0004033333
56060	0.000203125
56061	0.0004173077
56062	0.0091356977
56064	0.000276
56065	0.0014113953
56066	0.0033234722
56067	0.0011206494
56070	0.0263260494
56071	0.0005947273
56072	0.0067022093
56074	0.00002
56075	3.1818138372
56076	0.0129097674
56077	0.0013801235
56078	0.0011887037
56079	0.0392236047
56080	0.0402488372
56081	0.0001278333
56082	1.36363636364E-05
56084	0.0001588889
56086	0.0004154286
56087	0.000405
56088	0.000235
56090	0.0005288372
56091	0.0032192857
56092	0.0129453488
56093	0.0004045833
56094	0.0003194118
56096	0.0002233333
56097	2.33333333333E-05
56099	0.00347525
56100	0.0002613333
56101	0.0004060714
56103	0.0024710976
56105	0.0001760465
56106	0.000204
56107	0.0009858025
56108	0.000204
56110	0.0016076923
56112	0.0051144186
56113	0.0289877907
56116	0.0019580233
56120	0.009565814
56121	0.0002692857
56122	0.0028603488
56123	0.0010171875
56124	0.0181296512
56125	0.0175310465
56126	0.0011284884
56128	0.0062431395
56129	0.000295
56130	0.0004453226
56131	0.0007276923
56132	0.0191533721
56133	0.0030716049
56134	0.0002823404
56136	0.00102
56138	0.0068240506
56139	0.00032
56140	0.0003758824
56141	0.0002586667
56142	0.0002722222
56144	0.0001576471
56145	0.00012
56146	0.0022717857
56147	0.0004584884
56148	0.0648026744
56150	0.0039503488
56152	0.0149556977
56153	0.0006687037
56155	0.0211637209
56156	0.000216875
56157	0.0005936364
56158	0.0002438462
56159	0.0004406024
56160	0.022686
56161	0.00012
56162	0.00014375
56163	0.0076875581
56164	0.0002333333
56165	0.00001
56166	0.0032330864
56167	0.0010582558
56168	0.000355
56169	2.13793103448E-05
56171	0.0014272308
56172	7.33333333333E-05
56174	0.0023989535
56175	0.0006625
56176	4.98360655738E-05
56177	0.0010582558
56179	0.0061433721
56180	0.0017974
56181	0.00012
56182	0.0003333333
56185	0.00110375
56186	0.0002938462
56188	0.0004
56191	0.000385
56192	0.0004075
56193	0.0004343333
56194	0.0007242857
56195	0.0003182857
56198	0.0002961111
56200	0.0077194186
56201	0.0010934884
56202	0.0006626471
56205	0.0019588235
56206	0.020705
56207	0.0004696429
56208	0.0004885714
56209	0.0004
56210	0.0002943478
56212	8.42105263158E-05
56213	0.0002017647
56214	2.33333333333E-05
56215	0.0100913953
56222	0.0076009302
56223	0.0008892857
56224	0.00002
56225	0.0059923256
56226	0.0004145161
56227	0.0003254545
56229	0.0003670588
56230	0.0007409302
56231	0.0399884884
56232	0.0016148889
56233	8.42105263158E-05
56234	0.0043368605
56235	0.0001760465
56238	0.0002757143
56240	0.0009858025
56243	0.0002366667
56246	0.001182963
56247	0.0002851724
56248	0.0007444
56249	0.000570625
56250	0.0006702326
56251	3.54901960784E-05
56253	0.1727422222
56254	0.0003405556
56257	0.000235
56258	0.0615337209
56259	0.0263489535
56260	0.0001769231
56261	0.0003042857
56265	0.0027166279
56266	0.0007333333
56267	0.0005822222
56270	0.0023989535
56272	0.0004
56273	0.00008
56274	0.0051493023
56275	0.0003366667
56277	0.0006382432
56278	0.00057
56280	0.0001061628
56281	0.0716373256
56282	0.0002106667
56283	0.0019753488
56284	0.00016
56285	0.0022925581
56287	0.0005408333
56288	0.0042619753
56291	0.0037336364
56292	8.42105263158E-05
56293	0.023580814
56294	0.0140786047
56299	0.3740187209
56300	0.4664011628
56301	0.0126155294
56302	0.0056760811
56303	0.0030034884
56304	0.059926
56305	0.0112438372
56306	0.0006485965
56307	0.022352439
56308	0.5351113953
56310	0.013662093
56311	0.0037789333
56312	0.0024025581
56313	0.0614903488
56314	0.0078047674
56315	0.2819027907
56316	4.39285714286E-05
56317	0.012695
56318	0.0030034884
56320	0.0083736047
56321	0.0088217442
56322	0.008409186
56323	0.0088625581
56324	0.0262351471
56326	0.0088481395
56327	0.0082626744
56328	0.0137563953
56329	0.0196674419
56331	0.003272
56332	0.0005943396
56333	0.008587013
56334	0.0008772093
56335	0.117664186
56337	0.4639652326
56338	0.1321482558
56339	0.0030230233
56340	0.1549989535
56341	0.0312590698
56342	0.0004142353
56343	0.0002189474
56344	0.0367666279
56345	0.0157784884
56346	0.0005617722
56347	0.0003243243
56349	0.0006244186
56350	0.0024182558
56351	0.0090537209
56352	0.0423159302
56353	5.21428571429E-05
56355	0.0091876829
56356	0.0007324615
56357	0.0014532432
56358	0.0004244444
56360	0.04152
56362	0.004957093
56363	1.3923393023
56364	0.0796068605
56365	0.3776667442
56367	0.0004547619
56368	0.0028148837
56370	0.0049943023
56371	0.0076168605
56374	0.00029125
56375	0.5803512791
56377	0.0012779688
56379	0.0001589583
56380	2.4783006977
56381	0.6883675581
56382	1.8931583721
56385	0.0655680233
56386	0.0236969767
56387	0.0002135
56388	0.0031553846
56389	0.0036677778
56390	0.0021243373
56391	0.0009563953
56392	0.0130565116
56394	0.0006485965
56395	0.0005617722
56396	0.3413337209
56397	0.0030034884
56400	0.0736304651
56401	0.0030034884
56402	0.0265981395
56404	1.2365253488
56405	0.0001
56406	0.006770814
56407	0.7507594186
56409	0.0003345455
56412	0.3348722093
56414	0.000295625
56416	0.0006485965
56417	0.0008369767
56420	0.0020559302
56421	0.0004886364
56422	0.0036037209
56423	0.00252
56424	0.0036037209
56425	0.0022132099
56427	4.39285714286E-05
56428	1.0745391861
56429	0.0005597468
56431	0.0009202381
56433	0.4216475581
56435	0.0008369767
56436	0.0246627907
56437	0.0042318605
56438	0.0084293023
56439	0.1114818605
56440	6.97142857143E-05
56441	4.39285714286E-05
56442	0.0107626667
56444	0.049932907
56445	0.0071766216
56446	0.000616
56450	0.0126155294
56451	0.0017027273
56453	0.0003121053
56454	0.1876106977
56455	0.0056825581
56456	0.0997451351
56457	0.00307
56458	0.0461054118
56459	0.0022975581
56460	0.0001177632
56462	0.0132616471
56463	0.050360814
56464	0.0006485965
56466	0.00031
56467	0.4107173256
56468	0.0001811111
56469	0.0012730645
56471	0.0019345349
56472	0.0086773256
56474	0.0001814286
56475	0.00139125
56476	0.0018010465
56477	5.1451924419
56478	0.0005155319
56479	1.8203652326
56480	0.0846206977
56481	0.0437060465
56482	0.0909512791
56483	0.0025473077
56484	0.0165454651
56485	0.0068917442
56486	0.0311927907
56487	0.0009563953
56488	0.0007774419
56489	0.1495480233
56490	0.0067617949
56491	0.0215406977
56493	0.0006485965
56494	0.1042188372
56495	0.0257692941
56496	0.0021438462
56497	0.0284088372
56498	0.0128001163
56499	0.0481493023
56500	0.0030034884
56501	1.1994687209
56502	0.0018732558
56503	4.39285714286E-05
56504	1.9826843023
56505	0.00021875
56506	0.0046972093
56508	0.0006485965
56511	0.0009202381
56512	0.0001177632
56513	0.1334781395
56514	0.0079795349
56515	0.0010772414
56516	0.0039329545
56517	0.0518224419
56518	0.0389869767
56520	0.0560989535
56521	0.004352093
56522	0.6538040698
56528	0.0889844186
56529	0.1112229787
56531	0.4559080233
56532	0.001431
56534	0.021279186
56535	0.0124604706
56536	0.1457872093
56538	0.0082626744
56539	0.0106143023
56540	1.6350466279
56542	0.1024971765
56548	0.142355814
56550	0.0532203488
56551	0.0039060465
56554	0.4481111628
56556	0.0141453488
56557	0.0001168421
56558	0.0056825581
56559	0.0030034884
56560	2.2107530233
56562	0.002545
56563	0.0718169767
56564	0.0009879104
56565	0.0249747674
56566	0.0083101163
56569	0.0054919355
56570	0.0002093023
56571	0.008312093
56573	0.0004864063
56574	0.0433939535
56575	0.001106338
56576	1.0893566279
56577	0.0005208235
56578	0.0193293976
56579	0.0013977778
56580	0.014672907
56581	0.0675855814
56583	0.0986503488
56587	0.1027001163
56588	0.0001168421
56589	0.0009742647
56590	2.4598788372
56591	0.0030034884
56592	0.0005231765
56593	0.0014229333
56594	0.0141261446
56595	0.0009202381
56596	0.0027772093
56597	0.0014827273
56598	0.0009202381
56599	0.0004214706
56602	0.0003442857
56603	1.213437093
56604	0.0552530233
56605	0.0534396512
56606	0.0013845455
56607	0.0173225
56608	0.0006754902
56609	0.000725
56610	0.0143601163
56613	0.0426795349
56614	4.39285714286E-05
56615	0.1177255814
56616	0.2266461628
56617	0.039378
56619	0.000732069
56621	0.0008847619
56622	0.0009563953
56623	0.000554375
56624	0.0004497872
56625	0.0086138095
56626	0.0019921176
56627	0.026847907
56628	0.0002385714
56629	0.3811774419
56630	0.0005853846
56631	0.0028558333
56632	0.2984911628
56634	0.0030034884
56635	0.0020865
56636	0.0003078378
56637	0.0083470833
56638	0.0025028571
56639	0.0319760465
56640	0.0020922368
56641	0.0030034884
56643	0.0009563953
56644	0.0038742105
56646	0.0008369767
56647	0.0003318182
56648	0.0371498837
56649	0.0001589583
56652	0.0003390909
56653	0.1513066279
56654	0.0074483333
56655	2.5109574419
56657	0.0030034884
56658	0.0069836047
56661	0.0003433333
56664	0.1144109302
56666	0.0255106977
56667	0.0030034884
56668	0.00027375
56669	0.0082461628
56670	0.0030034884
56671	0.0076168605
56672	0.00023
56673	0.0594043023
56674	0.269814186
56675	0.0053201163
56677	0.0299844186
56678	0.0842902326
56679	6.1272584615
56680	0.008260814
56681	0.0072404706
56682	0.0238797674
56684	0.0196943023
56685	0.0088262791
56686	0.2292338372
56687	4.7919659302
56688	0.0163224419
56690	0.0005249412
56691	0.0046831395
56692	0.0006485965
56693	0.0273786047
56694	0.4336389535
56696	0.0005249412
56697	0.0353636585
56698	0.0005249412
56699	0.0005249412
56700	0.0004101176
56701	0.0005249412
56702	0.0040259302
56703	0.0030034884
56705	0.0117135294
56706	0.0199796512
56707	0.0124604706
56711	0.0109261628
56712	0.0536744186
56714	0.2479247674
56715	0.0633647674
56717	0.0508860465
56718	0.0003232653
56719	0.0082626744
56720	0.0009481132
56721	0.0203322353
56722	0.0013617391
56723	0.0249368605
56724	0.0014203226
56725	0.0006485965
56726	0.0317901163
56728	0.1542196512
56729	0.0082461628
56730	0.5636413953
56731	0.16007
56732	0.0001589583
56733	0.3434026744
56734	0.0027806977
56735	0.017019375
56736	0.00043
56737	0.0010916129
56739	0.0036037209
56740	0.0393356977
56741	0.0006485965
56742	0.1072138372
56743	0.0002416279
56744	0.0009202381
56745	0.0637922857
56746	0.0106143023
56747	0.0005052
56748	0.0007953333
56749	0.0004458333
56750	0.0004871429
56751	0.003029
56752	0.0201641333
56753	0.0052602326
56755	0.104392
56756	0.00023125
56757	0.0001204651
56758	0.00065
56759	0.0015886667
56761	0.0047153488
56762	0.0124604706
56763	0.0154248837
56764	0.0450972093
56766	0.9088738095
56768	0.0079795349
56770	0.0050764286
56772	0.0038122222
56773	0.0011423077
56774	0.0012236709
56775	0.0007286667
56776	0.0092435802
56777	0.006242907
56779	0.0049943023
56780	0.061718375
56781	0.0361104651
56782	0.0035992857
56783	0.1202993023
56785	0.0056194186
56786	0.000199186
56787	0.1340817442
56788	0.0056233333
56789	0.3478508824
56791	0.0004126667
56792	0.0004125806
56794	0.004667381
56795	0.0480762791
56796	0.0005336765
56797	0.00107075
56798	0.04152
56800	0.0511986047
56801	0.0009563953
56803	1.1974309302
56804	0.0094638462
56805	0.0037901235
56809	0.0138134884
56810	0.0030034884
56811	0.0003667241
56812	0.123000814
56814	0.0040712162
56819	0.0001622222
56820	0.0496093023
56823	0.0004209259
56824	0.0265351163
56825	0.0010996226
56826	0.518380814
56827	0.036212907
56828	0.0001142857
56829	0.0069436585
56831	0.0022894521
56832	0.0826981395
56833	0.0124604706
56834	0.0019341558
56836	0.1729363953
56837	0.2085390698
56838	0.0001168421
56840	0.0004588889
56841	0.0024182558
56842	0.0001589583
56843	0.1439172093
56844	0.0016924
56845	0.0007510909
56847	0.0009202381
56848	0.0005597468
56849	0.4600982558
56850	0.0003878333
56851	0.0005826154
56852	0.0004139394
56853	0.0055694186
56854	0.0024756977
56856	0.0026596512
56857	0.0478301163
56858	0.0417118605
56859	0.0357583721
56860	0.0004822581
56861	9.2086734884
56862	0.0190432558
56863	0.0006043023
56865	0.1350487209
56866	0.158322093
56867	0.1184851163
56868	0.000191
56869	4.39285714286E-05
56870	0.0063189412
56871	0.0789830233
56872	0.0144775581
56873	0.0193551163
56875	0.0007284615
56877	0.0082490698
56878	0.0005586047
56879	0.0949093023
56880	0.0363712791
56881	0.001407037
56882	0.0476045349
56884	0.0103017442
56885	0.4668413953
56886	0.0421452326
56887	0.0004109091
56888	0.1346869767
56889	0.072427093
56890	0.003434186
56891	0.0008541791
56892	0.0005
56893	0.0531977907
56895	0.0006485965
56896	0.0005711475
56897	0.0008793651
56898	0.0001177632
56899	4.39285714286E-05
56900	0.0187403488
56901	0.0015744615
56902	0.0005651899
56907	0.0094325
56908	0.0394132558
56911	0.0939568605
56912	0.000758
56914	0.0185036111
56915	0.1414563953
56916	7.9687144186
56918	0.1238055814
56920	0.0234143023
56921	0.0017120455
56922	0.037600814
56924	0.0761731395
56925	0.00146
56926	0.0009174667
56929	0.0001239474
56930	0.0025586301
56931	0.0005597468
56932	0.0029918824
56934	0.0006426923
56936	0.0018010465
56937	0.0004525
56939	0.0106143023
56940	0.0934948837
56941	0.0011765116
56943	0.028107619
56944	0.098025814
56945	0.0001177632
56949	0.0537198837
56950	0.0009563953
56951	0.0020048684
56953	0.0003960606
56954	0.0030034884
56955	0.0001177632
56956	0.0006876744
56958	0.0027474627
56960	0.0031787097
56961	0.1507047674
56962	0.0407993023
56963	0.0016813889
56964	0.0035073256
56965	0.1670189535
56967	0.0001177632
56968	0.0003453125
56969	0.5900756977
56971	0.0001204651
56972	0.2068660465
56975	0.0165539535
56976	0.036815
56977	0.005762963
56978	0.002766
56979	0.00208025
56980	0.0001177632
56982	0.0005651899
56983	0.0505739535
56985	0.0013553488
56986	0.0006483051
56988	0.000199186
56990	0.0010138462
56991	0.0574424419
56992	0.0707725581
56993	0.0233676829
56994	0.0030034884
56995	0.0293454651
56996	0.0103980233
56997	0.002480241
56998	0.0003395
57000	0.0181073256
57003	0.0124604706
57005	0.0008361972
57006	0.0847982558
57007	0.003434186
57009	0.0541991358
57010	0.0004247368
57012	0.0099584524
57014	0.1873061628
57015	0.0302644186
57018	0.0470846512
57020	0.00034375
57021	0.0063439535
57022	0.0026325581
57023	0.000354
57024	0.00018
57025	0.0006354545
57026	0.0026883721
57027	0.0005484375
57030	0.0016234884
57031	0.0007526744
57032	0.0003754348
57034	0.0472055814
57035	0.8766838372
57036	0.0065822093
57037	0.075472907
57038	0.001182907
57040	0.000015
57041	0.0003791304
57042	0.0474469767
57044	0.0008595349
57045	0.00039
57046	0.0176576744
57047	0.3260251163
57049	0.0465417442
57050	0.0035483721
57051	0.0011793023
57052	0.0008769118
57053	0.0315043023
57054	0.003530814
57055	0.0466024419
57056	0.0507215116
57057	0.0001446667
57058	0.0097490385
57059	0.0185282558
57060	0.0005375581
57061	0.0015534884
57063	0.0080174194
57064	0.00011
57065	0.282999186
57066	0.0005090385
57067	0.0003257895
57069	0.0009776667
57070	1.6159498837
57071	0.0008254878
57072	0.000586
57073	0.0056994186
57074	0.0181715116
57075	0.0004567442
57076	0.0003825
57077	0.0898313953
57078	0.00951
57079	0.0005375581
57080	1.3365347674
57081	0.0381755814
57082	1.0650938372
57085	0.0019740698
57086	3.81395348837E-05
57087	0.0140397674
57088	0.1083155814
57089	0.0035096512
57090	0.0003483333
57091	0.0040114286
57093	0.0013851429
57094	0.188732907
57095	0.0029939535
57096	0.000015
57097	0.0035483721
57099	0.0024032927
57100	0.0010838095
57101	0.0011675758
57102	0.0012698276
57103	0.0003746154
57106	0.0003510811
57107	0.0005686154
57109	0.0206236047
57110	0.0046073256
57111	0.0012903488
57112	0.0098725581
57113	0.0005033333
57115	0.0007990698
57116	0.00156875
57117	0.0093522619
57118	0.0028915116
57119	0.0002536842
57120	0.0004806522
57121	0.000015
57122	0.0408156471
57123	0.1068147674
57124	0.0046073256
57125	0.0001675
57126	0.0353233721
57127	0.000524
57128	0.0122234884
57129	0.0003275
57130	0.0014606977
57133	0.2150095349
57134	0.002257907
57135	0.0408074419
57136	0.1180612791
57137	0.0093576667
57138	0.0004661702
57139	0.001694
57140	0.0703204651
57141	0.000236
57142	0.0175481395
57143	0.00023
57144	0.132445
57145	0.0005892188
57146	0.0012183333
57147	0.000045
57148	0.0048267442
57149	0.0467227907
57150	0.0234761628
57151	0.00364
57152	0.0003335714
57153	0.0232253488
57154	0.001525625
57156	0.0048267442
57157	0.0002071429
57159	0.0006229091
57161	1.9476055814
57162	0.7062417442
57164	0.047024186
57165	0.0328297674
57166	0.0004186047
57167	0.08302
57168	0.0054769767
57169	0.0466089535
57170	0.000215
57171	0.0006203488
57173	0.0005375581
57174	0.0303043023
57175	0.0228176744
57176	0.9026033721
57178	0.2070136047
57179	0.0017524691
57181	0.0030151807
57182	0.0141412048
57184	0.0303043023
57185	0.0006250909
57186	0.0741568605
57188	0.0708655814
57189	0.0310113953
57190	0.2738336667
57191	0.0004986842
57193	0.0009341667
57194	0.0987288372
57195	0.0016408434
57196	0.0009482759
57197	0.0002789655
57198	0.0015598837
57200	0.0164621951
57202	0.0469651163
57203	0.00312825
57204	0.0021939535
57206	0.0006073333
57207	0.0001076744
57208	0.0413205814
57209	0.0085568605
57210	0.001182907
57211	0.0038913953
57212	0.0043881395
57215	0.0199652326
57218	0.0201844186
57221	0.0007609302
57222	0.023162093
57223	0.00018
57226	0.0022198765
57227	0.0471704651
57228	0.0473316279
57231	0.0353873256
57232	0.0039434884
57233	0.0002373684
57234	0.00043875
57235	0.0002665116
57236	0.0025806977
57237	0.0003911111
57238	0.0043824658
57239	0.751019186
57240	0.0949693827
57241	0.0468439535
57242	0.1333939535
57243	0.0003765116
57244	0.5710927907
57246	0.0050460465
57247	0.0048267442
57252	0.0318131395
57254	0.0005709302
57255	0.000334375
57256	0.0008593333
57257	0.002011519
57258	0.0042850588
57259	0.0138576829
57261	0.0001148276
57262	0.0479893023
57264	0.0191680233
57266	0.1243830233
57267	2.33333333333E-05
57268	0.0004389535
57270	0.0061431395
57271	0.2279509302
57272	1.8716841861
57273	0.0006957576
57274	0.8177981395
57275	0.023184186
57276	9.85714285714E-05
57277	0.0015052326
57278	0.0784087209
57281	0.0028188136
57282	0.0023004651
57283	0.0116283721
57284	0.0469045349
57285	0.0006
57286	0.0144806977
57287	0.006800814
57289	0.0085568605
57290	0.0028915116
57291	0.0002594444
57292	0.0030713953
57293	0.385732907
57295	0.0017360656
57296	0.0001973134
57297	0.1314193023
57299	0.0006451163
57300	0.005913
57301	0.0006469767
57302	0.260782093
57305	0.0001795238
57306	7.60465116279E-05
57307	0.0006747917
57308	0.0964004651
57310	0.001032
57311	0.0047104651
57312	0.2939934884
57313	0.0061431395
57314	0.0037877778
57315	0.0025806977
57316	0.0050460465
57319	0.0034055952
57320	0.0060419767
57321	0.0003275
57322	0.0108566667
57324	0.0537386047
57325	0.094560814
57326	0.0011044615
57327	0.0307087209
57328	0.000216
57330	0.0008557353
57331	0.0085568605
57332	0.0568810465
57333	0.0021506977
57334	0.0004278333
57335	0.0021843333
57336	0.0002618182
57337	0.0002109091
57338	0.0008595349
57339	0.00025
57341	0.0026462651
57342	0.0000875
57343	0.035052093
57344	0.0006814286
57345	0.1165001163
57346	0.2390846512
57347	0.0390524419
57348	0.006667093
57349	0.0516062791
57351	0.0025875581
57352	0.035052093
57353	0.0117875581
57354	0.0516062791
57355	0.0004743023
57357	0.000382907
57359	0.00048
57360	0.0002522785
57361	0.0078155224
57363	0.0008398214
57365	7.60465116279E-05
57367	0.0373525
57368	0.0005327907
57369	0.0036750602
57370	0.00021
57371	0.0009273529
57372	0.0005676563
57373	0.0021939535
57374	0.0519682558
57375	0.000257619
57376	0.0105372093
57377	0.0011889655
57378	0.0078986047
57380	0.203162907
57381	0.0012903488
57382	0.0198995349
57383	0.1612576744
57385	0.0004068085
57386	0.0004389535
57389	0.1794675581
57390	0.0004456522
57391	0.0034362195
57393	0.0023206977
57394	7.60465116279E-05
57395	0.0513651163
57396	0.0001076744
57397	0.0120672093
57398	0.0005464706
57399	1.8316789535
57402	0.36091
57403	0.0030373256
57405	0.0054831395
57406	0.0272054651
57410	0.0327991765
57411	0.00053
57413	0.0043881395
57414	0.0002363636
57416	0.0009953846
57417	0.0018272093
57418	0.0004049057
57419	0.5460313953
57420	0.0278636047
57421	7.60465116279E-05
57422	0.0028154651
57423	0.0016952632
57424	0.0155904651
57425	0.0265642857
57427	0.0330323256
57428	0.00049
57429	0.0006701471
57430	0.0003358333
57431	0.0142992308
57434	0.7575811628
57436	0.0004994643
57437	0.0383433721
57438	9.1630091861
57439	0.0009498837
57440	0.0107768116
57441	0.0004743023
57442	0.0003966667
57443	0.0508324419
57444	0.0012077632
57445	0.0508824419
57447	0.0497376744
57448	0.0050460465
57449	0.0002724419
57451	0.002577375
57453	0.0003202778
57454	0.0015330233
57456	0.1045577907
57457	0.0006275
57458	0.1226940698
57459	0.0500390698
57460	0.0061431395
57462	0.0003885714
57463	0.0001418182
57465	0.1193519767
57466	7.60465116279E-05
57467	0.0279421176
57468	0.0498582558
57469	0.4956783721
57471	0.0747027907
57472	0.0011326506
57473	0.000824
57474	0.0007526744
57475	0.0003816667
57476	0.9547884884
57477	0.00021
57478	0.0008214286
57479	0.1709109302
57480	0.050702093
57485	0.0081181395
57486	0.0124982353
57487	0.0074576744
57489	0.3333193023
57490	0.0079312727
57491	0.020237093
57492	0.2726740698
57493	0.072620814
57494	0.00040125
57495	0.0007576
57496	0.0001944444
57498	0.0023439024
57499	0.012044359
57500	0.0684524419
57501	0.8854055814
57502	0.0005036842
57503	0.0004947674
57504	0.0001657143
57505	0.0003219512
57506	0.00025
57507	0.1386393023
57508	0.0330323256
57509	0.079482907
57510	0.000185
57511	0.0004931395
57515	0.000332
57516	0.0014375
57517	0.0017547674
57519	0.0004810811
57520	0.0011420988
57521	0.0003407895
57522	0.0057043023
57523	0.0034412791
57525	0.4851601163
57526	0.000185
57527	0.0026248837
57528	0.0019854167
57529	0.0039787209
57530	0.029990814
57531	0.0042634118
57532	0.1429045349
57533	0.0068813953
57535	0.0004425
57536	0.4820613953
57537	0.0016125581
57538	0.0007405882
57539	0.104214186
57540	0.0003040909
57542	0.0017421538
57543	0.1590637209
57544	0.001075
57545	0.0006583721
57546	0.0037192593
57548	0.1319768605
57551	0.0003184615
57552	0.0492718605
57553	1.1933061628
57554	0.0003142424
57555	0.0114111628
57556	0.0028536047
57557	0.0004734375
57558	0.0108837975
57559	0.313932093
57560	0.0004218644
57561	0.11161
57562	0.0014042222
57563	0.0054831395
57565	0.0007822414
57566	0.0007932075
57567	0.0003043023
57568	0.0649419767
57569	0.0005894118
57570	0.0011501163
57571	0.0044401449
57573	0.0008633333
57574	0.1527917442
57575	0.2128168605
57576	0.0001072093
57577	0.0001162963
57579	0.0001902326
57580	0.0308098837
57582	0.0517188372
57583	0.0003602857
57584	0.0001993548
57587	1.2472045349
57588	0.2932318605
57590	0.009677093
57591	0.0002452
57592	0.029986
57593	0.00025875
57596	0.0511845349
57597	0.0193021429
57599	0.1660101163
57600	0.0034412791
57601	0.0002921739
57602	0.0020202532
57603	0.0004223529
57604	0.0327944186
57605	0.0140731395
57606	0.0026808451
57607	0.0005843023
57608	0.1282536047
57611	1.2001017442
57612	0.0026325581
57613	0.0012801563
57616	0.0069962353
57619	0.0043557692
57620	0.000859
57621	0.190875814
57622	0.0010272093
57623	0.0021274359
57624	0.0252782558
57625	0.0004712329
57626	0.0332918605
57627	0.0006946154
57628	0.0115281944
57629	0.000265625
57630	0.0019435443
57631	0.011612907
57633	0.0008514634
57635	0.0010967442
57636	0.0009198649
57637	0.004300814
57638	0.0303043023
57641	0.0013677358
57642	0.1364648837
57643	0.0004114286
57645	0.000918125
57646	0.0054831395
57647	0.2106217442
57648	0.0116283721
57649	0.0622561628
57650	0.0004583784
57653	0.0309111628
57655	0.0003723077
57657	0.0076527907
57658	0.00017
57659	0.0007376596
57660	0.0006451163
57661	0.0004388525
57662	0.0031182558
57663	0.0002016667
57665	0.0212813953
57667	0.009677093
57668	0.0326275581
57669	0.0007117442
57670	0.0015180233
57671	0.0357624419
57672	0.0013311628
57675	0.0047181395
57676	0.0517272093
57677	0.0100924419
57679	0.002986
57680	0.0514845349
57681	0.0142577215
57682	0.0001595775
57683	0.0040640845
57684	0.0044583721
57685	0.0114803529
57686	0.0068314667
57687	0.0004242105
57689	0.0062959259
57690	0.0003875
57691	0.0083872093
57692	0.0065825581
57693	0.0039496512
57694	0.0033943902
57695	0.0008735
57697	0.0005257627
57698	0.0074198837
57699	0.0003469767
57700	0.1707934884
57702	0.0003385714
57703	0.0253210976
57704	0.0011490698
57706	0.0018798701
57707	0.001258
57708	0.0039329268
57710	0.009452069
57711	7.01515151515E-05
57712	0.1175975581
57713	0.00562875
57714	0.2384847674
57715	0.0019692593
57716	0.0269856977
57717	0.0041686047
57718	0.0519081395
57719	0.0331297674
57720	0.0041686047
57721	0.0004570732
57723	0.1363725641
57724	0.0723056977
57725	0.001376875
57727	0.0003155556
57730	0.0037059722
57731	0.3424813953
57733	0.0002737209
57734	0.0511845349
57735	0.0189607229
57736	0.0007030769
57738	0.0015275
57740	0.003024
57741	0.1949212791
57743	0.0007923529
57744	0.0004012791
57746	0.0520888372
57747	7.0098353488
57748	0.0001154545
57750	0.0113196
57751	0.0567811905
57752	0.0072030357
57754	0.4563476744
57755	0.0002866667
57756	0.0123654651
57757	0.00045
57758	0.0005375581
57759	0.0056038824
57760	0.0005254717
57761	0.0046739535
57762	0.1417289535
57763	4.97183098592E-05
57764	0.1652067442
57765	0.0511246512
57766	0.00025125
57767	0.0060793023
57768	0.0063619767
57770	0.001075
57771	0.0017055556
57772	0.0034412791
57775	0.0004021212
57776	0.1392937209
57777	0.3773647674
57778	0.0095702326
57779	0.000406
57780	0.000698
57782	0.0513651163
57783	0.0016991935
57784	0.0087756977
57785	0.0303043023
57786	0.0038522093
57787	0.0399055814
57788	0.0023692857
57789	0.031075814
57790	0.0009893023
57791	0.0002785
57792	0.0006009091
57793	0.0004344444
57795	0.0116522353
57796	0.0002878261
57797	0.0028564286
57798	0.0003902174
57799	0.000957971
57800	0.126750814
57802	0.1895069767
57803	0.0015598837
57804	0.0477434884
57806	0.0035107547
57808	0.0230368605
57809	0.0195263953
57810	0.000305
57811	0.0500997674
57812	0.0030713953
57813	0.000248
57814	0.0008504
57815	0.0004925
57816	0.0006451163
57817	0.0493155814
57818	0.4886426744
57819	0.0004736667
57820	0.0004389535
57821	0.0004092593
57825	0.0012025301
57827	0.0006451163
57828	0.0064632558
57829	0.0020424419
57830	0.0013883562
57831	0.0004442424
57832	0.0499790698
57833	0.0015067073
57834	0.0791636047
57835	0.0167325758
57836	0.1331745349
57837	0.0230944186
57839	0.0004574286
57841	0.0089953488
57842	0.00045
57843	0.0068608824
57844	0.0005580702
57846	0.0088205882
57847	0.0500997674
57848	0.0438289474
57849	0.0433992941
57850	0.0157963953
57851	0.0090297436
57852	0.0035096512
57853	0.0199189535
57854	0.2897209302
57855	0.5330204651
57856	0.000235
57857	1.7308304651
57859	0.166422093
57860	0.0081981579
57861	0.0010030508
57862	0.0004389535
57864	0.0122865116
57865	0.0011681481
57866	0.3311552326
57867	0.0091682353
57870	0.0489540698
57873	0.000119
57874	1.0107662791
57875	0.0007958974
57876	0.01097
57877	0.0188680233
57878	0.0036262791
57879	0.0789880233
57880	0.0103219767
57881	0.067575
57882	0.0009478333
57883	0.0059236047
57884	0.0003057447
57885	0.0003608511
57886	0.0002066667
57887	0.0473782558
57889	0.0005375581
57891	0.0032906977
57893	0.0037298837
57894	0.0482909302
57895	0.0004072727
57896	0.9954940698
57898	0.0015596
57899	0.001327619
57901	0.049014186
57902	0.2298247674
57903	0.00017
57904	0.001442093
57905	0.0306076744
57906	0.0013311628
57907	0.0033227907
57908	0.0465377647
57909	0.041934186
57912	0.0002366667
57913	0.0026826744
57914	0.0005709302
57915	0.0136595294
57916	0.0022460976
57917	0.0333348837
57918	0.001075
57919	0.0608488372
57920	0.0248457813
57921	0.0041938372
57923	0.0013983721
57924	0.0008595349
57925	0.052364186
57926	0.1030077907
57927	0.2949055814
57929	0.0006631579
57930	0.000486
57931	0.0037877778
57932	0.0109005952
57933	0.0147306977
57935	0.00041375
57937	0.00902
57938	0.0235338372
57940	0.0084972093
57942	0.0076795349
57943	0.0482909302
57945	0.0422567442
57947	0.0006729412
57948	0.1058668605
57949	0.080185814
57951	0.0136677907
57952	0.048472093
57953	0.0018732353
57954	0.0194626744
57955	0.0488330233
57957	0.0481102326
57959	0.0105311628
57960	0.0011735
57961	0.0077641667
57963	0.0009680233
57965	0.0330323256
57967	0.0028404878
57968	0.0003285714
57969	0.0016537975
57974	0.0482301163
57976	0.0032313953
57977	0.0214763953
57978	0.0087756977
57979	0.0332247674
57981	0.0866623256
57982	0.0012936047
57984	0.0003994118
57985	0.009307439
57986	0.0019675676
57987	0.0025111628
57988	0.0482301163
57989	0.0006834328
57990	0.0002070833
57991	0.0001457333
57992	0.0156134146
57994	0.0005402857
57996	0.00017
57999	0.0305066279
58000	0.0486461628
58002	0.0006583721
58003	0.0007775385
58005	0.002029878
58006	0.0523449412
58007	0.003713
58008	0.0053555422
58010	0.001182907
58012	0.001182907
58013	0.0002148837
58014	0.1431886047
58015	0.0020521429
58016	0.0247303488
58017	0.0091225
58018	0.0017360784
58019	0.0033332558
58021	0.0066583721
58022	0.0567596512
58023	0.0002889474
58024	0.0330323256
58027	0.0005218182
58029	0.000346875
58030	0.0109657895
58031	0.0103455556
58032	0.0003053333
58033	0.0080913953
58035	0.0050478571
58037	0.005135679
58038	0.00504725
58039	0.0351532558
58040	0.0003594595
58041	0.0013983721
58042	0.0061570886
58043	0.0068051724
58044	0.3492381395
58046	0.0015717808
58049	0.0641923256
58050	0.0011198361
58051	0.0054956977
58052	0.0293990698
58054	0.0002
58055	0.0065822093
58056	0.0010956716
58057	0.1477363953
58058	0.000888
58061	0.0013772093
58062	0.1064903488
58063	0.0092138372
58065	0.0327293023
58066	0.0483510465
58068	0.0002766667
58069	0.00106375
58073	0.0384373256
58074	0.0296190698
58075	0.0328297674
58076	0.0018263953
58077	0.0046233721
58078	0.0061431395
58080	0.0018014925
58082	0.0025851724
58084	0.0004414286
58085	0.0001233333
58086	0.000095
58087	0.0041407229
58089	0.0020424419
58090	0.0767895349
58091	0.0001522093
58092	0.08067375
58093	0.0003646667
58094	0.0289605814
58095	0.0004944444
58096	0.0017203488
58097	0.0012903488
58098	0.0005
58099	0.0078496512
58100	0.0272789535
58101	0.0005468421
58102	0.0026598824
58103	0.0007357143
58104	0.0328297674
58105	0.0006131818
58106	0.0479286047
58107	0.1017753488
58109	0.0445125926
58112	0.000336
58113	0.0459617442
58115	0.0019740698
58116	0.1005923077
58118	0.0050367213
58120	0.00799
58121	0.0491959302
58122	0.0642833721
58123	0.0001076744
58124	0.0618703488
58125	0.0050537209
58126	0.0005709302
58128	0.0002
58130	0.0081181395
58132	0.0787644186
58133	0.6469372093
58134	0.0249372093
58135	0.0046739535
58136	0.000257931
58137	0.0075816327
58138	0.0054153488
58139	0.052329186
58140	0.0078496512
58142	0.0081181395
58143	0.0006451163
58144	0.0017524691
58145	0.1904374419
58146	0.0006451163
58148	0.0305066279
58149	0.0018077907
58150	0.0307087209
58151	0.035052093
58152	0.0004758
58153	0.0038704651
58156	0.0310113953
58157	0.0007377778
58160	0.0004536207
58161	0.0030501587
58162	0.0023162338
58163	0.0003604
58164	0.0042987209
58165	0.1567823256
58166	0.0042463529
58167	0.0036559302
58168	0.0005563462
58170	0.0275889535
58171	0.00054
58172	0.0074597674
58173	0.0005206897
58174	0.0419759302
58175	0.0006712195
58176	0.0028221053
58177	0.0029288372
58178	0.0002665116
58180	0.0001846154
58181	0.0011725
58182	0.0034322093
58183	0.00038
58184	0.0040854651
58186	0.0077369767
58187	0.0066092683
58188	0.0007410526
58189	0.0052510465
58190	0.0008486957
58191	0.0020802353
58192	0.0043266279
58193	0.0049476744
58194	0.0278636047
58195	0.0021506977
58196	1.2062494186
58197	0.0024133721
58199	0.0215009302
58200	0.0009676744
58201	0.005294186
58202	0.000295
58206	0.0003944186
58207	0.0049007895
58208	0.0009617808
58209	0.003239186
58211	0.0731663953
58214	0.2718343023
58215	0.1007032558
58216	0.1249252326
58217	0.0015365476
58218	0.0004613043
58219	0.0014844186
58221	0.0571869767
58223	0.00071875
58226	0.5977615116
58228	0.0007990698
58230	0.0004389535
58232	0.0003094118
58233	0.1705189535
58234	0.0020424419
58235	0.0005327907
58236	0.9017251163
58237	0.04854
58241	0.0107884884
58242	0.01097
58244	0.0002
58245	0.0081181395
58246	0.00007
58247	0.0005244898
58248	0.0318215116
58249	0.0001811765
58250	0.0004884884
58251	0.0031285
58252	0.0003473256
58253	0.0078019767
58255	0.0041622093
58256	0.0005666667
58257	0.0003015909
58259	0.0003976471
58260	0.1423474419
58261	0.0002830233
58262	0.0044065333
58263	0.0025434884
58264	0.0006332558
58265	0.0018493023
58266	0.0009661538
58268	0.0004884884
58269	0.0002988889
58270	0.0311274419
58272	0.000162
58273	0.0021351163
58274	0.0539238372
58277	0.00025
58278	0.0008628358
58279	0.0039935714
58281	0.0003414286
58282	8.51162790698E-05
58283	0.0003458974
58284	0.0547491139
58285	0.000462907
58286	0.001048
58287	0.0556477907
58288	0.0167771429
58290	0.0007956
58291	0.0158815116
58292	0.000502
58293	7.3023255814E-05
58294	0.0035496512
58295	0.0004884884
58296	5.54716981132E-05
58298	0.2320833721
58299	0.0008072093
58300	0.0316331765
58303	0.00028
58304	0.000717093
58305	0.0001177778
58308	0.000405814
58312	0.0006166279
58313	0.0001026744
58314	0.0019532911
58315	0.0001804651
58316	0.0011765116
58317	0.0005880233
58318	0.0005620513
58319	0.0003473256
58320	0.00005
58322	0.0029595349
58323	0.0020593976
58324	0.0010410465
58325	6.09302325581E-05
58328	0.034037907
58329	5.90909090909E-05
58330	0.0004884884
58331	0.0004891111
58332	0.0007733333
58333	0.0035290698
58336	0.0021860465
58337	0.0024436047
58338	0.0299986047
58341	0.3333947674
58342	0.0004884884
58344	0.0003883333
58348	0.000132
58349	0.0016982558
58350	0.0060987209
58351	0.0011725
58352	0.000987093
58353	0.0001026744
58354	0.0070589535
58355	0.0004884884
58356	0.0010486207
58359	0.0094113953
58360	0.0001098837
58365	0.0002830233
58366	0.0011834884
58367	0.0013390476
58368	0.0021522093
58369	0.0004481395
58372	0.0002188372
58374	0.0179723333
58377	0.0001026744
58378	0.0178440476
58380	0.0003601163
58381	0.0008489535
58382	0.0004372093
58383	0.0002683333
58384	0.0019805814
58386	0.0021522093
58387	0.0038360465
58389	0.0003282857
58390	0.0029595349
58393	0.0005382558
58394	0.0195007407
58396	0.0027523256
58399	0.0360668605
58406	0.0040398438
58408	0.0014836
58409	0.0031383721
58410	0.0001804651
58411	0.0010756977
58412	0.0021860465
58420	0.0041628261
58421	0.000154186
58423	0.0005425
58424	0.0312006977
58425	0.0001804651
58426	0.000577069
58428	1.38961038961E-05
58430	0.0004481395
58432	0.0011765116
58433	0.0001583721
58437	0.0001098837
58438	0.0100001163
58440	0.0001241975
58442	0.0682624419
58443	7.72093023256E-05
58444	0.0347043023
58446	0.0331731395
58447	0.000145814
58448	0.0026239535
58450	9.75581395349E-05
58454	0.0010756977
58456	0.0005265714
58457	0.0021860465
58459	0.0030445833
58460	0.0027970909
58461	0.0001338372
58464	0.0047041667
58466	0.0003090698
58467	0.0006033333
58468	0.00018
58470	0.0078915116
58471	0.0330164634
58472	0.0004884884
58473	0.0021425581
58474	0.0006166279
58475	0.0010954762
58476	0.000315
58477	8.93103448276E-05
58478	0.0018834884
58480	0.0364303846
58484	0.0544795349
58485	5.1976744186E-05
58487	0.0005967442
58490	0.0007206977
58496	0.0009132
58498	0.0004884884
58499	0.0004113636
58500	8.51162790698E-05
58502	0.0708831667
58503	0.0311747674
58507	0.0140184884
58508	0.0010725301
58512	0.0299986047
58513	0.0064706977
58515	0.0003897015
58517	0.2245539535
58518	0.0043218605
58520	0.0004884884
58521	0.0039093023
58522	0.000435
58525	0.0007459302
58527	0.000667619
58528	0.0011202083
58530	0.0008747674
58531	0.0009816129
58533	0.0003356667
58534	0.0002316279
58535	0.0012863953
58537	0.000462907
58538	0.000203913
58541	0.0002004762
58543	3.72941176471E-05
58544	0.0003467347
58545	4.8488372093E-05
58546	0.0008379762
58548	0.0054013953
58549	3.61538461538E-05
58550	0.0010546512
58552	0.0005382558
58553	0.0005917442
58554	0.0004352174
58555	0.0006718333
58556	0.0012713953
58557	0.000797619
58558	0.0910039535
58561	0.0001433333
58562	0.0186253659
58563	0.0005338298
58565	0.0006253623
58566	0.0015957143
58569	0.0002695349
58570	0.0004884884
58571	0.000405625
58572	0.00037
58574	0.0084394186
58576	0.0016138372
58577	0.0135287209
58578	0.0003458621
58579	0.0004884884
58580	0.0776761905
58581	0.0078915116
58582	0.0310782558
58584	0.0686137209
58586	0.0013448837
58587	0.0006093023
58588	0.0042388312
58589	0.0019310843
58590	0.0094381395
58591	0.0235283721
58592	0.0001878846
58593	1.38961038961E-05
58594	0.00030625
58597	0.0011016279
58598	0.0115984706
58599	0.00033
58600	0.0005377778
58601	0.0002695349
58606	0.00044
58607	0.0071691667
58608	0.0009097143
58610	0.0003085294
58613	0.0191581395
58614	0.000717093
58617	0.0001025
58618	0.0002466667
58619	0.0205874419
58620	0.0159163953
58621	0.0006273256
58622	0.0002695349
58623	0.0004481395
58627	0.0003084615
58628	2.2158211628
58629	0.0006734884
58630	0.0313104651
58631	0.000409
58632	0.0313232558
58633	0.0003725
58638	0.0030515278
58639	0.0076395349
58640	0.0043944186
58641	0.031955
58643	0.0159137209
58647	0.000251875
58648	0.0006827907
58649	0.027445814
58650	1.3562361628
58651	0.00035
58652	0.0001583721
58653	3.72941176471E-05
58655	0.0002574419
58657	0.0011765116
58658	0.0008089535
58659	0.0316146512
58660	0.0006432558
58662	0.0008224138
58663	0.0016462791
58664	0.0021968605
58666	0.001263871
58667	0.0002166667
58670	0.0019805814
58671	0.0016202326
58672	0.0005144186
58673	2.56097560976E-05
58675	0.0005359302
58677	0.0004039394
58680	0.0004884884
58681	0.0002830233
58683	0.0013448837
58685	0.0036269767
58686	0.0015244186
58689	0.0006273256
58692	0.00009
58693	0.0002585714
58694	0.0004884884
58696	0.1058232558
58697	5.1976744186E-05
58698	0.0002816667
58699	0.0005952174
58702	0.0005382558
58703	0.0001804651
58704	0.0016202326
58705	0.1808905814
58707	0.0053760465
58708	0.0001219767
58709	0.0025111628
58710	0.0007340541
58711	0.0323327907
58712	0.0007173469
58713	0.0004884884
58714	0.000170814
58715	0.0120136145
58716	0.000510303
58717	0.0105877907
58718	0.000387619
58719	0.0004884884
58720	0.1146790698
58726	0.0118720755
58729	0.0004917391
58730	0.0830009302
58731	0.0002560465
58732	0.0117648837
58733	9.66666666667E-05
58739	0.0167332558
58741	0.0001804651
58742	0.0005021569
58743	0.0003090698
58745	0.000987093
58746	0.000185
58748	0.0017646512
58749	0.004100814
58750	0.0141167442
58751	0.0002574419
58752	0.0016312
58753	0.0022118605
58754	8.51162790698E-05
58758	0.0004642857
58759	0.0002842105
58760	0.0040398438
58761	0.0002221212
58762	0.0049704651
58767	0.0142078205
58768	0.000336875
58769	0.0001026744
58770	0.0198022535
58771	0.0003090698
58773	0.0005522222
58774	0.025292907
58775	0.0005411765
58777	0.0006476923
58780	0.00019
58781	1.38961038961E-05
58782	0.0012795122
58783	0.2989347674
58784	0.0017480247
58786	0.0017128378
58787	0.0020065116
58790	0.0010580645
58792	0.0034725581
58794	0.0001098837
58795	0.0117648837
58799	0.0006387179
58801	0.0224301163
58802	0.001104557
58805	0.0189177907
58808	0.000644
58810	0.000205
58811	0.0364015663
58814	0.0004933333
58816	0.0047052326
58817	0.0005382558
58822	0.0007060345
58824	0.0316024419
58825	1.38961038961E-05
58827	0.0124190698
58829	0.000129186
58830	0.0004625581
58832	0.0012713953
58833	0.0003483333
58834	0.0010425
58835	0.0019477778
58836	0.0003708696
58837	0.0170581395
58838	0.00022
58839	0.0011165
58840	0.0001738889
58842	0.0032614458
58843	0.0004786905
58845	0.000085
58846	0.0076294186
58847	0.0054033784
58849	0.6064689535
58850	0.0001385714
58851	0.0006273256
58853	0.0005225
58854	0.000195625
58855	0.0007625
58859	0.0006125581
58860	6.47058823529E-05
58861	0.0022742169
58862	0.0023527907
58865	0.0002394048
58868	0.0005382558
58869	0.0160382558
58870	0.0001811765
58871	0.0005108696
58873	0.0188232558
58876	0.0003758333
58877	0.0012510938
58879	0.0005233333
58880	0.0010284884
58881	0.0005846939
58883	0.0266232558
58884	0.0359920238
58885	0.0309693023
58887	0.0282267949
58889	0.0034159756
58890	0.0028841667
58891	0.0002033333
58893	0.0034984524
58896	0.0141167442
58899	0.0003587209
58900	0.0004192308
58901	0.0003346512
58902	0.000717093
58903	0.0164152326
58904	0.0281655814
58905	0.0316625581
58906	0.0011463014
58907	0.0003346512
58909	0.00209875
58911	5.1976744186E-05
58912	0.0004481395
58913	0.0005406522
58915	0.0058227273
58916	0.0005097778
58921	0.0004884884
58922	0.0004293548
58923	9.21428571429E-05
58924	0.001104557
58925	0.000228
58926	0.0003861628
58927	0.0001878846
58930	0.0001947674
58931	9.75581395349E-05
58935	0.0001338372
58941	0.0070589535
58942	0.0107113953
58943	0.0001241975
58944	3.72941176471E-05
58946	0.0003255
58948	0.00006
58950	0.0011367241
58958	9.75581395349E-05
58959	0.0001811765
58963	0.0001338372
58966	0.0317851163
58967	0.0826344186
58968	0.0008883721
58969	0.0008489535
58970	0.0040632927
58971	0.000717093
58973	0.0003775
58975	0.0086026582
58976	0.0182289157
58978	0.0001026744
58981	0.0010802326
58983	0.0014354651
58984	0.0004281818
58990	0.0004884884
58992	0.000085
58993	0.001714186
58994	5.1976744186E-05
58995	0.0006273256
58996	0.001224186
58999	0.004912907
59000	0.0011652326
59002	0.001749186
59005	0.2084451163
59007	0.0070589535
59009	0.0012158025
59011	0.0005382558
59013	0.0177308235
59014	0.0002457895
59016	0.0008984444
59018	0.0001338372
59020	0.0236748837
59021	0.0066976744
59022	0.0013630233
59024	0.0007548837
59025	0.0007346512
59027	0.0003296667
59028	0.9709155814
59030	0.0007715116
59033	0.000154186
59034	0.001337907
59035	0.0059675581
59036	0.0004884884
59039	0.0006841667
59042	0.0047052326
59043	0.0016183721
59045	9.75581395349E-05
59047	0.0023527907
59048	0.0006273256
59049	0.0006273256
59051	0.000105
59053	0.0064706977
59056	0.0004884884
59057	0.0006040385
59059	0.00113375
59060	0.0001878846
59061	0.0001283333
59062	0.2873081395
59063	0.0014661628
59064	0.030917907
59065	0.000215
59068	0.0002641667
59070	0.0003458974
59072	0.0594318605
59073	0.0062380233
59074	0.0001804651
59077	0.0016379032
59080	0.0007954651
59082	0.000145814
59083	0.0041168605
59090	0.0036315584
59091	0.0008635
59092	0.01138
59093	0.000335
59095	0.0014055556
59098	7.72093023256E-05
59100	0.0004884884
59104	0.0001338372
59105	0.000952093
59106	0.006637093
59108	0.000129186
59109	0.0004532432
59110	0.0041168605
59111	0.004655814
59113	0.0003090698
59114	0.000264
59116	0.011570814
59118	0.0002448837
59119	0.0001976471
59121	0.0041168605
59123	0.0003028571
59125	0.0064811765
59126	0.0256752326
59127	0.000588
59129	0.00071375
59130	0.0009539535
59131	0.0172416279
59132	0.00030625
59134	0.0122818605
59135	0.00029
59136	0.0004047619
59137	0.0070274419
59140	0.0010924419
59141	0.0004488
59143	0.0001289535
59144	0.0009725714
59146	0.0003557377
59147	0.0174677907
59148	0.0151865854
59149	0.00038
59150	0.1155711628
59151	0.1076940698
59152	0.0222362791
59153	0.000528
59154	0.0097713953
59155	0.0005032787
59156	0.003088
59157	0.002777377
59158	0.0072289535
59159	0.0001187037
59160	0.0005142857
59161	0.0003766279
59162	0.0276326744
59163	0.0005560606
59164	0.00042
59165	0.0004632258
59167	0.0016478873
59168	0.0576739535
59169	0.000554
59170	0.0008274194
59171	0.00016
59172	0.0003234884
59174	0.0065536047
59175	0.0004762791
59176	0.0024410465
59177	0.0009983333
59178	0.0001736364
59179	0.019992875
59180	0.0052686047
59181	0.0030368605
59183	0.0021844186
59184	0.0018235135
59186	2.47674418605E-05
59189	0.0009263333
59190	0.0002305
59191	0.0003011111
59192	0.00069
59193	0.000155
59195	0.0168904651
59196	0.0084130233
59197	0.00062125
59199	0.0005766667
59200	0.0003966667
59201	0.0018823256
59202	0.0005
59203	0.0036582667
59204	1.11111111111E-05
59206	0.000135
59207	0.0003781818
59208	0.0047517647
59209	0.0004074468
59210	0.00022
59211	0.0096869767
59212	0.001405
59214	0.0005262963
59215	0.0010484416
59216	0.0361704651
59217	0.0020332558
59218	0.000259
59219	0.0002160606
59220	0.8005262791
59222	0.015234186
59223	0.4012796512
59225	0.0142445946
59226	0.003790814
59227	0.0429634884
59228	0.0002866667
59230	0.0227127907
59231	2.47674418605E-05
59232	0.0007243478
59233	0.0004807143
59234	0.0006758333
59235	0.0003011628
59236	0.000335
59238	0.0008736364
59239	7.53488372093E-05
59240	0.0006526829
59243	0.0073907229
59244	0.0196263953
59245	0.0333272308
59246	0.0042162791
59247	0.0015746875
59248	0.3092488372
59249	0.0003644186
59252	0.0050948837
59253	0.0001548
59254	0.000182
59255	0.0007228333
59256	0.00038
59257	0.0142561628
59258	0.0009034884
59260	0.0001754651
59261	0.0001271429
59262	7.53488372093E-05
59263	0.0004015116
59264	0.0003461111
59265	0.0002765116
59266	0.0036884524
59267	0.0017813953
59268	0.0063601163
59269	0.0003193333
59271	0.0041682192
59273	0.0127434884
59274	0.0002462162
59275	0.0007070455
59276	0.0004563636
59277	0.0024706173
59278	0.0129504651
59279	0.0008752055
59280	0.0010141667
59282	0.0342332558
59283	0.00015
59284	0.0142
59285	0.0004847619
59286	0.000185
59288	0.0045180233
59289	0.0021334884
59290	0.001621129
59291	0.000638
59292	0.0002481579
59293	0.0055635
59295	0.0107290698
59296	0.0016861905
59297	0.0001333333
59298	0.0007471429
59299	0.0007805556
59300	0.0341331395
59301	0.0007527907
59302	0.0021844186
59303	0.0003241667
59304	0.0220105814
59305	0.000284
59306	0.022742907
59308	0.0269333333
59309	0.0237426744
59311	0.016782093
59312	0.5063362791
59313	0.000375
59314	0.0010039535
59315	0.00035625
59316	12.9955996512
59317	0.0067679221
59318	7.53488372093E-05
59320	0.0003527778
59322	0.132410814
59323	0.062435814
59324	0.0004193333
59325	0.666659186
59327	0.0011432432
59329	0.0010528571
59331	0.0009415
59332	0.0058462791
59333	0.00181125
59334	6.96511627907E-05
59335	0.0265790698
59336	0.0008411667
59337	0.0024410465
59338	0.0002882353
59342	0.000495
59343	0.0198229412
59344	0.0001520833
59347	0.0014304651
59348	0.0002233333
59349	0.0003385185
59350	0.0018317442
59352	0.001006875
59354	6.96511627907E-05
59355	4.57399
59356	0.00254
59357	4.98837209302E-05
59358	2.47674418605E-05
59359	0.0002291667
59361	0.0013487209
59362	0.0002825
59363	0.0153847674
59364	0.0045677907
59365	0.0015061628
59366	0.012015
59367	0.3608046512
59368	0.0006712698
59369	0.00018
59370	0.2063289535
59372	0.0003725
59373	0.0418883721
59374	0.0367176744
59375	0.000385
59377	0.0205543023
59378	0.000125
59379	0.000515
59380	0.000878871
59381	0.005835
59382	0.0030513889
59383	0.0004614286
59384	0.8983116279
59385	0.0061895349
59387	0.0006516667
59388	2.47674418605E-05
59389	0.0309805814
59391	0.0006021739
59392	0.0008133333
59393	0.0003346429
59394	0.0004408333
59395	0.0017347674
59396	0.0049690698
59397	0.0002727778
59398	0.0208187209
59399	0.0045425581
59400	0.0117569767
59401	0.0239655294
59402	0.0006152083
59403	0.0404067442
59404	0.0057071605
59405	0.2279633333
59406	0.00018125
59407	0.0002125
59408	0.0192247674
59409	2.47674418605E-05
59410	0.0004566667
59411	0.0031910588
59412	0.00002
59413	0.0172675581
59414	0.0139539535
59415	0.0007546154
59416	0.0010039535
59417	0.0008792857
59418	0.0101393023
59419	0.000411
59420	0.0002884615
59421	0.0005204762
59422	0.00027125
59423	0.0002533333
59424	0.00005925
59426	0.0049690698
59427	0.0009194203
59428	0.0003771429
59429	0.025825814
59430	0.0004327907
59431	0.0019330233
59432	0.00522
59433	0.000163
59434	0.012015
59435	0.0112424419
59436	0.0146818605
59437	0.1491348837
59438	0.0003920833
59439	0.0001421875
59440	0.011997875
59441	0.0004958696
59442	0.1005880233
59443	0.0004566667
59444	0.00042125
59445	0.0004266279
59446	0.0021844186
59447	0.0003746667
59448	0.0614216279
59449	0.0004292308
59451	0.0005268605
59452	0.0005009836
59453	0.0001872222
59455	0.0135274419
59456	0.0027640244
59458	0.0002766667
59459	0.319059186
59460	0.0008483077
59461	0.0004521951
59462	0.0009012791
59463	0.003662093
59464	0.0005516279
59466	0.0003156757
59468	0.009187093
59469	0.0012773494
59470	0.0001242857
59471	0.0006922449
59472	0.0008105263
59473	6.96511627907E-05
59474	0.000215
59475	0.0150338372
59476	0.000384375
59477	0.0281139474
59478	0.0003438889
59479	0.0396395349
59480	0.0192975581
59481	0.0020752632
59482	0.2625456977
59483	0.0067848936
59485	0.0110427907
59486	0.00031375
59487	0.00041
59488	0.032175
59489	0.0002261628
59490	0.0002946512
59492	0.0008046479
59494	0.006902093
59495	0.0003368966
59496	0.0266318824
59497	0.0009539535
59498	0.000055625
59500	0.0005038636
59501	0.0001028571
59502	0.0019730986
59503	0.1076980233
59504	0.0034051163
59505	0.094174186
59506	0.000425
59507	0.0004375
59508	0.000462963
59509	0.0001771429
59510	0.2341365116
59512	0.0011295349
59513	0.0038064286
59514	0.0017813953
59515	0.0037267442
59516	0.0012226667
59517	0.0003025
59518	0.25324
59519	0.1499048837
59520	0.0833490698
59521	0.00041
59522	0.0006105
59523	0.0003644186
59524	0.0005964865
59525	4.74285714286E-05
59526	0.0004082857
59527	0.00005
59528	0.0033410909
59529	0.0002621053
59530	0.2072056977
59531	0.0212325581
59532	0.0681289535
59533	0.0006024419
59534	0.0037832075
59535	2.4363465116
59536	0.0208812791
59538	0.1415338372
59542	6.96511627907E-05
59543	0.0089621176
59544	0.0504205814
59545	0.0005509836
59547	0.0007025581
59548	0.0083575581
59549	0.00012
59550	5.05769230769E-05
59551	0.00035
59552	0.0048263333
59553	0.0035386047
59554	0.0076453488
59555	0.000180678
59556	0.0002683333
59557	0.0011191304
59558	0.0002377778
59559	0.0003879104
59560	0.0010045455
59561	0.0129248837
59562	0.0099387209
59564	0.00019125
59565	0.0015968421
59566	0.0069565116
59567	0.0124486047
59568	0.0230144186
59569	0.0007025581
59570	0.0005516279
59571	0.0225880233
59572	0.0005017778
59574	0.0050974419
59575	0.0003644186
59576	0.0002882609
59578	0.0137034884
59579	0.0002753846
59580	0.003904
59581	0.001555814
59582	0.0003266279
59583	0.0004280556
59585	0.009637093
59586	0.0108927907
59589	0.00079875
59590	0.3374382558
59591	0.001705
59592	0.0056539535
59593	0.0005128571
59595	0.0005754167
59597	0.0589287209
59598	0.0107918605
59599	0.005395814
59600	0.0002707692
59601	0.0004934722
59603	0.00014
59604	0.0043167442
59605	0.0035908772
59606	0.0001571429
59607	0.004905
59608	6.37209302326E-05
59609	0.0050112791
59610	0.0101506977
59611	0.0011722222
59612	0.0016059302
59613	0.000377
59614	0.0012274359
59616	0.00011
59617	0.0044672093
59619	0.0010457143
59620	0.009737907
59621	0.00015
59623	0.0217597674
59624	0.0050112791
59625	0.0002625
59626	0.0742939535
59627	0.0019330233
59628	0.0003752941
59629	0.0001746154
59630	0.0005633333
59631	0.00014
59632	0.0014555814
59633	0.00019
59634	0.0004601923
59635	0.000226
59636	0.0007025581
59637	0.0037559459
59639	0.007282093
59641	0.0109766279
59643	0.0055216279
59644	0.00017625
59645	0.010415814
59646	0.0014722857
59647	0.0207112
59649	0.0009286047
59651	0.0130364286
59653	0.00026
59654	0.002232907
59655	0.012270814
59657	0.0026475
59658	0.001195
59660	0.0296402326
59663	0.0005295
59664	0.0003511111
59665	3.69696969697E-05
59667	0.0003766279
59668	0.00015
59669	0.00023125
59670	0.0055468605
59671	0.0023710256
59672	0.0098304651
59673	4.98837209302E-05
59674	0.01354
59675	0.6727083721
59676	0.0004234286
59677	0.0005981818
59678	0.000727907
59679	0.005395814
59680	0.0005489474
59682	6.96511627907E-05
59683	0.0002468421
59685	0.0949443023
59686	0.0007277907
59687	0.0066775294
59688	0.0007221311
59691	0.0008288372
59693	0.0003240476
59694	0.0001504651
59695	0.0006519767
59696	0.0235782558
59698	0.076615814
59699	0.00673
59700	0.0208063953
59701	0.0005790385
59703	0.0173525581
59705	0.0077798837
59706	0.00312
59707	0.0006423256
59708	0.0003088235
59710	0.007282093
59711	0.0189609302
59712	0.020944186
59713	0.0366901852
59714	0.0002014286
59715	0.004040814
59716	0.00128
59717	0.0008778788
59718	0.0077634921
59719	0.00014
59720	0.0004184091
59723	0.0284259302
59724	0.0004278788
59726	0.00056
59727	0.0005648276
59728	0.0168660465
59729	0.0061419767
59730	0.0002762857
59731	0.0171025581
59732	0.0001133333
59733	0.0013552326
59734	0.0054287209
59737	0.00019
59738	0.0131765116
59740	0.000458
59741	0.00038
59742	0.00184
59743	0.0214813953
59744	0.0056972093
59745	0.0025697674
59746	0.0002975
59747	0.0001525
59748	0.0120463953
59749	0.004272439
59750	0.0002766667
59751	0.0225494186
59752	0.000293125
59753	0.0001754651
59754	0.0014676389
59755	0.0002231818
59756	0.0014506757
59757	0.0008115584
59758	0.0006024419
59759	0.0002577049
59760	0.010717093
59761	0.0002112
59763	0.01325
59764	0.0002
59765	0.0120969767
59766	0.00119
59767	0.0002752174
59768	0.0006127586
59769	0.000298
59770	0.0126738372
59771	0.0124983721
59772	0.000398125
59774	0.0001895
59775	0.0025601163
59776	0.00018125
59777	0.1042746512
59780	0.0001003488
59783	0.0467710465
59784	0.000198
59786	0.020004186
59787	0.0114446512
59788	0.0091856977
59789	0.0141981395
59790	0.00105
59791	0.000355
59792	0.0001996875
59793	0.0008877333
59794	0.0006704688
59795	0.0021373333
59796	0.0016372152
59797	0.1652282558
59798	0.0009864474
59799	0.0002510465
59800	0.0057303571
59801	0.0007390667
59803	0.0002642857
59805	0.0116953488
59807	0.00043
59809	0.0025025882
59810	0.00038
59811	0.0003766279
59812	0.0024432468
59815	0.0029716667
59818	0.000815
59819	0.0008410769
59820	2.47674418605E-05
59821	0.0000506
59822	0.0004076471
59823	0.000080339
59824	0.3209436047
59825	0.0001638636
59826	0.0007837931
59827	0.0226125581
59828	0.00019
59829	0.0084558904
59832	0.0011793023
59833	0.0010924419
59834	0.0001814286
59836	0.0080455952
59837	0.0255744186
59839	0.0077388372
59840	0.0036374419
59841	0.0003518605
59842	2.47674418605E-05
59843	0.001193125
59844	0.0003042857
59845	0.000218
59846	0.0018569767
59847	0.0014052174
59848	0.0087840698
59849	0.0009975
59850	0.0004729412
59852	0.0001578571
59854	0.0137034884
59855	0.0940284884
59857	0.0008
59858	0.0038697674
59860	0.003353875
59861	0.0051148235
59863	0.0002726316
59864	0.0002510465
59865	0.0053206977
59866	0.0007334328
59867	0.0580509302
59868	0.0070672093
59869	0.0210719767
59870	0.0001363636
59872	0.0067081395
59873	0.000285
59874	0.0003644186
59875	0.0186977907
59877	0.0001895455
59878	0.0024846512
59879	0.0006519767
59880	0.1876451163
59881	0.0050121176
59882	0.1594232558
59883	0.0354380233
59884	0.0010275385
59886	0.0548490476
59887	0.0140048837
59888	0.0002192754
59889	0.0002194737
59890	0.0004746154
59892	0.0006158571
59893	0.0005516279
59894	0.0001675
59895	0.0001545455
59896	0.0090852326
59897	0.0026351163
59899	0.00048
59900	0.00038
59901	0.0131080233
59902	0.000238
59903	0.0014555814
59905	0.0269798837
59906	0.0048943023
59907	0.0001225
59909	6.33333333333E-05
59910	0.0002510465
59911	0.0005516279
59912	0.0469172941
59913	0.0003766279
59914	0.0006633333
59915	0.0004233333
59916	0.0001433333
59917	0.0197656977
59918	0.0016523188
59919	0.0087137647
59920	0.0003382609
59921	0.0003033333
59922	0.00015
59923	0.0036133721
59925	0.0025013514
59926	0.000257931
59927	0.0112877907
59928	0.0001778947
59929	0.0003259375
59930	0.017492907
59931	0.0942482558
59932	0.0019554878
59933	0.0005146
59934	0.0009915385
59935	0.000216
59936	0.0013552326
59937	0.0994466279
59938	0.0047332558
59939	0.0002321429
59940	0.0091604651
59941	0.0033508451
59942	0.000438
59943	0.0056972093
59944	0.0681902326
59945	0.0001447917
59946	0.0003328571
59947	0.0025488372
59948	0.0108960976
59949	0.0011311364
59951	0.0009063014
59952	0.0050948837
59953	0.0103903488
59954	0.0018633735
59955	0.0335555814
59959	0.0010039535
59960	0.002039878
59963	0.0003989744
59965	0.0001003488
59967	0.0125737209
59968	0.0036406977
59969	0.00011
59970	0.000627093
59972	0.0052705814
59973	0.0002866667
59975	0.0098717442
59976	0.0005975862
59977	0.0010607042
59978	0.0014833333
59980	0.0012765
59981	0.0002618519
59982	0.0098304651
59983	0.0035323256
59985	0.0086153488
59986	0.1700580233
59987	0.0007897826
59990	0.0001504651
59991	0.0004718919
59993	0.0330037209
59994	0.0001466667
59997	0.0310569767
59998	0.0007963934
59999	0.0044174419
60000	0.0005833333
60001	0.0076036471
60002	0.0004914634
60003	0.000130303
60005	0.0009034884
60006	0.8035446512
60007	0.0003908333
60008	0.0007527907
60009	0.000215
60010	0.0006789831
60011	2.47674418605E-05
60012	0.0001447917
60013	0.0013528571
60014	0.0002497222
60016	0.0294298837
60017	0.0008383784
60018	0.0049943023
60019	0.0037454
60021	0.0007391071
60022	0.0002534783
60023	0.0007328333
60024	0.0291676744
60026	7.33333333333E-05
60027	0.001685814
60028	0.0035334884
60029	0.0003011628
60031	0.001435641
60032	0.0009286047
60033	0.00005
60034	0.0355917442
60035	0.0146086567
60036	0.0030867442
60037	0.0192753488
60038	0.0102184706
60039	0.0139539535
60041	0.0006024419
60042	0.0010546512
60043	0.0003504255
60045	0.001
60046	0.0091856977
60047	0.0007376471
60048	0.0038402326
60049	0.0154601163
60050	0.0004641071
60051	0.00022
60052	0.0002241667
60053	0.0007612
60054	0.0001707576
60055	0.0833739535
60056	0.0004877778
60058	0.0248560465
60059	0.0002122222
60060	0.0062222727
60061	0.0286737209
60062	0.009737907
60063	0.000142
60064	0.0004807692
60065	0.0001608
60066	0.000653
60067	0.0620415116
60068	0.0006519767
60069	0.000215
60070	0.0004153125
60071	0.0007759155
60072	0.0013298837
60073	0.0003494118
60074	0.0008783721
60075	0.0457023256
60076	0.3819245349
60079	0.0114355814
60080	0.0000506
60081	0.0141461176
60082	0.0024410465
60083	6.96511627907E-05
60084	0.0004762791
60087	0.0103652326
60089	0.0084193671
60090	7.35087719298E-05
60091	0.0015128169
60093	0.0044366667
60094	0.0004667442
60095	0.00072
60097	0.0002284615
60099	0.0036052
60100	0.0213838372
60101	0.0015668852
60103	0.00072
60104	0.1674576744
60105	0.0023843023
60106	0.000163
60107	0.0049580952
60108	0.0007586154
60110	3.32432432432E-05
60111	0.0004301786
60112	0.0037016667
60113	0.0018362903
60114	0.0076382353
60115	0.0004218033
60117	0.0031568605
60118	2.47674418605E-05
60119	0.0039382
60120	0.0167032558
60122	0.0004475
60123	0.0004097059
60124	0.0002041509
60126	0.0016061628
60128	0.0011604651
60129	0.0001885714
60130	0.0563440698
60132	0.005395814
60133	0.0024093023
60134	0.00050875
60135	0.0002671429
60136	0.0002216667
60138	0.0018556579
60139	0.0001633333
60140	0.0091856977
60141	0.0458303488
60143	0.0013053488
60144	0.0340073256
60145	0.000318
60146	0.0002765116
60147	0.0055713953
60148	0.0018823256
60149	0.014927907
60150	0.000875
60151	0.0003082143
60152	0.0132261628
60153	0.0004518605
60154	0.0032876744
60155	0.0000506
60156	0.0213162791
60157	0.0119955814
60158	0.0062745349
60160	0.0003425
60161	0.0189332558
60162	0.0141303488
60163	0.0712367857
60165	0.0131765116
60166	0.000218
60167	0.001099
60168	0.000025122
60170	0.0009633824
60172	0.0042418605
60173	0.0004360714
60174	0.015479186
60175	0.0063243023
60177	0.0623930233
60178	0.0009522093
60179	0.002580303
60181	0.0003266667
60182	0.0087088372
60184	0.000147
60185	0.0048180233
60186	0.0419259302
60187	0.00045
60188	0.00068
60189	0.0002567442
60190	0.0012552326
60191	0.0640695349
60192	0.0008920833
60193	0.0184492857
60194	0.0005058065
60195	0.0028616279
60196	0.0006064
60197	0.0003766279
60198	0.0002514286
60199	0.0004239344
60200	0.0056223256
60201	0.5173525581
60202	0.00139
60203	2.63414634146E-05
60204	0.0200254651
60206	0.0002866667
60208	0.000172
60210	0.019924186
60211	0.0001833333
60212	0.000221
60213	0.0001485714
60215	0.0001292308
60217	0.0032126744
60218	0.0006131579
60219	0.0005684848
60220	0.0028022078
60223	0.1676604651
60224	0.0007354286
60225	0.0008415789
60226	0.0002414286
60229	0.00031125
60230	0.0474344186
60231	0.0150330233
60232	0.0050974419
60233	0.0340330233
60234	0.000437619
60235	0.001954
60237	0.0109862791
60238	0.0077228571
60239	0.0002302857
60240	0.0111427907
60241	0.0002463043
60242	0.0007780233
60243	0.0016033333
60244	0.0014722857
60245	0.0004975
60246	0.0005547143
60247	0.0002
60248	0.0065548
60250	0.001515122
60251	0.1794993023
60252	0.0167646512
60254	0.0005434211
60255	0.0010208
60256	0.0004633333
60257	0.2170033721
60258	0.0219101163
60259	0.000248125
60260	0.0004016667
60262	0.0012891892
60263	0.0002510465
60264	0.0001961538
60265	0.0005022093
60266	0.000627093
60267	0.0097126744
60268	0.0293640698
60269	0.00029375
60270	0.0760790698
60271	0.00031
60272	0.0001447917
60273	0.017090814
60275	0.0001754651
60277	0.0008557895
60278	0.0003614286
60281	0.0023843023
60282	0.0117209302
60283	0.0017813953
60284	0.0004266279
60287	2.47674418605E-05
60288	0.0091856977
60290	0.0131765116
60292	0.000172
60293	7.53488372093E-05
60295	0.7846168605
60296	0.0001324561
60297	0.0005516279
60298	0.0072838372
60299	0.0350315116
60300	0.00073525
60302	0.0086836047
60303	0.1141969767
60304	0.000345
60305	0.00032
60306	7.63414634146E-05
60308	0.0091105814
60309	0.0052686047
60310	0.0001754651
60311	0.0004616071
60315	0.0198025581
60317	0.0007461538
60318	0.0016702326
60319	0.0001625
60320	0.0095317442
60321	0.0059746512
60323	0.0005
60324	0.2093377907
60326	0.0009284615
60327	0.0088090698
60328	0.0002910345
60329	0.0811590698
60330	0.0003644186
60331	0.0015628395
60332	0.000178125
60333	0.042355
60334	0.0010796512
60335	0.0008298305
60336	0.002137439
60337	0.0014255556
60338	0.0010283582
60339	0.0123980233
60341	0.0001723077
60342	0.0000936
60343	0.0165643023
60344	6.86666666667E-05
60345	0.00375
60346	0.0072277907
60347	5.76923076923E-05
60350	6.11428571429E-05
60351	0.0004514063
60352	0.0003483333
60353	0.0003285714
60354	0.0706746512
60357	0.0832934884
60358	0.000214
60359	0.0092112791
60360	0.5165787209
60362	0.0002495
60363	0.0104909302
60364	0.0003743333
60365	7.83333333333E-05
60366	0.9631231395
60368	0.0002942105
60369	0.0004266279
60370	0.0007875
60371	0.0084073256
60372	0.0003096552
60373	0.0008505882
60374	0.0005526389
60376	0.0105919767
60377	0.8941231395
60380	0.0001583929
60381	0.0003386667
60383	0.0166393023
60384	9.33333333333E-05
60388	0.0442722093
60389	0.0500660465
60390	0.0053455814
60391	0.019024186
60392	0.0118848837
60393	0.0080055814
60394	0.000530339
60395	0.0079477778
60397	0.0026846875
60398	0.000339697
60399	0.0002455172
60401	0.0007527907
60402	0.0001986667
60403	0.0001795455
60404	0.0003357143
60406	0.0003217647
60407	0.0023775581
60408	0.0006276923
60409	0.00426
60412	7.14634146341E-05
60413	0.5010732558
60414	0.00187
60415	0.0002721429
60416	0.150705814
60417	0.0003828571
60418	0.0002033333
60419	0.0005211475
60420	0.5018033721
60421	0.0037144186
60422	0.0004105357
60423	0.0005362687
60424	0.0009141026
60425	0.0094744048
60427	1.3558348837
60428	0.0040655814
60429	0.0001495455
60430	0.0019634615
60431	0.0069177907
60432	0.0002094118
60433	0.0002593333
60435	0.0020641071
60436	2.47674418605E-05
60437	0.0001574074
60439	0.0083738372
60440	0.0007595522
60441	4.98837209302E-05
60442	0.00056875
60444	0.0134268605
60445	0.0012775
60446	0.041917907
60447	0.0002441176
60449	0.0000432
60450	0.00035
60451	0.0004731579
60452	0.0003686667
60454	0.0011763014
60456	0.0019330233
60457	0.0001922222
60458	0.0001447917
60460	0.0163636047
60461	0.0004575556
60462	0.0003888462
60463	0.0017623636
60464	0.0014292188
60466	7.53488372093E-05
60468	0.0086306667
60469	0.0004084783
60470	0.0197266279
60471	0.000502
60472	0.0103405814
60473	0.893047093
60474	0.000405
60475	0.0006863768
60477	0.0001447917
60479	0.0091173494
60481	0.0004463636
60482	0.0001875
60483	0.0072289535
60484	0.0001003488
60485	0.0003342857
60486	0.0168660465
60487	0.0467566279
60488	0.000105
60489	0.0002833333
60490	0.006575814
60491	0.0184716279
60492	0.004165814
60493	0.0169910465
60494	0.0010348
60495	0.0011306667
60496	0.0004814815
60497	0.0001966667
60498	0.015962093
60499	0.0032283636
60500	0.0008357143
60501	0.0007814286
60502	0.0229140698
60503	0.0403463953
60504	0.0036388372
60505	0.0017813953
60506	0.1134393023
60507	0.0002866667
60511	0.0185726744
60512	0.0003272727
60513	0.000627093
60514	0.001521125
60515	0.0006094118
60516	0.0242944186
60517	0.0032867857
60518	4.98837209302E-05
60519	0.0077687805
60520	0.0012209302
60521	0.0006720513
60522	0.00011
60523	0.0006026744
60524	0.0103652326
60525	0.0007866071
60527	0.0012819355
60528	0.000190625
60529	0.0128996512
60530	0.0361956977
60531	0.0466313953
60533	0.0232166279
60534	0.0006425
60535	0.0003609091
60537	0.00017
60538	0.0087380233
60539	0.2823263953
60540	0.0002754286
60541	0.0003825
60542	0.0030231915
60543	0.0005553968
60544	0.0014304651
60545	0.0005588462
60546	0.0218509524
60547	0.0091322093
60548	0.0002336842
60549	0.0016768254
60550	0.0212075581
60551	0.0122165476
60552	0.0276894186
60554	0.00034
60555	0.0525508333
60556	0.00019
60557	6.96511627907E-05
60558	0.0259512791
60559	0.1777832558
60560	0.0018823256
60561	0.0001447917
60563	0.0006966667
60564	0.000244
60565	0.003469186
60566	0.0003644186
60567	0.1689288372
60568	0.0036406977
60570	0.0003982353
60571	0.0007373913
60572	0.0002510465
60573	0.0003325
60574	0.0003011628
60575	0.0012852778
60577	0.0007433898
60578	0.0017150588
60579	0.0047186047
60580	0.000245
60581	0.0005622727
60582	0.0307193023
60583	0.0008727907
60584	0.000846
60586	0.0007211628
60587	0.0010571429
60588	0.000125
60589	0.1554712791
60591	0.0007780233
60594	0.0487325581
60595	0.0001880769
60596	0.0013116667
60597	0.0163137209
60598	0.000596875
60601	0.0011381034
60602	0.0005015
60604	0.0004551163
60606	0.0005774419
60607	0.0002910811
60608	0.00027
60609	0.0072289535
60610	0.0024093023
60611	0.0004986441
60612	0.0111427907
60613	0.0003518605
60614	0.0012082759
60615	0.0373952326
60616	0.000141
60617	2.47674418605E-05
60618	0.001289
60620	6.90243902439E-05
60622	0.0003731579
60623	0.0024093023
60624	2.47674418605E-05
60625	0.0006121053
60626	0.1982665116
60627	0.0031483721
60628	0.00007
60629	0.0001833333
60630	0.0019453165
60631	0.0019330233
60632	0.0002041509
60633	0.0672964286
60634	0.0010359322
60635	0.0236659302
60638	0.0016565385
60639	0.0002425
60642	0.0010783333
60646	0.0001289535
60647	0.0004491837
60648	0.0013552326
60650	0.0002315
60651	0.0025397368
60652	0.0420453488
60653	0.0003555556
60655	0.0035386047
60656	0.012875
60657	0.000275
60658	0.0001438889
60659	0.00031
60660	0.0027625
60661	0.0004207143
60662	0.1040033721
60663	0.000085
60664	0.0025196203
60665	0.00047
60666	0.0003210465
60667	0.0014567442
60668	0.0003138889
60670	0.0191743023
60671	0.0133516279
60672	0.0005808333
60673	0.0313427907
60674	0.0066148193
60675	0.0001447917
60676	0.00045
60677	0.053257093
60678	0.0002452
60680	0.893047093
60681	0.0030817857
60682	0.0014567442
60683	0.0085443023
60684	0.0021839535
60685	0.0002510465
60687	0.0006346914
60688	2.47674418605E-05
60689	0.0003046154
60690	0.028762093
60691	0.0004114286
60693	0.133989186
60694	0.0006744444
60696	0.0177687209
60697	0.0072680233
60698	0.0024846512
60699	0.0007196875
60700	0.021407907
60701	0.0012657143
60702	0.0061092857
60703	0.020944186
60704	0.0079663953
60705	0.0009570588
60706	0.0217794186
60707	0.0089595349
60709	0.0003983333
60710	0.0010317391
60711	0.0059732558
60712	0.0002542857
60713	0.2387480233
60714	0.017567907
60715	0.0011793023
60716	0.004982
60717	0.0083074419
60718	0.0078056977
60721	0.0006709091
60722	0.000235
60723	0.000200814
60724	0.00011375
60725	0.0005720833
60726	0.661262907
60728	0.0262151163
60730	0.0146196053
60731	6.96511627907E-05
60732	0.0009432394
60733	0.0002994444
60734	0.0001733333
60735	0.0023590698
60736	0.0029362791
60737	0.000075
60738	0.0007616129
60740	4.56976744186E-05
60742	0.0010997647
60743	0.0009425
60744	0.0017102381
60745	0.001752619
60746	0.0017309524
60747	0.0014483529
60748	0.0006797674
60749	0.0105437805
60750	0.0007516949
60751	0.0002497727
60752	0.0002609091
60753	0.0008427273
60754	9.13043478261E-05
60756	0.0418851163
60757	9.13043478261E-05
60759	0.0005141026
60760	0.0026772093
60762	0.0003662069
60763	0.011797093
60764	0.0003202857
60765	0.0383573256
60766	0.0013482353
60767	0.0031231395
60769	0.0182478824
60770	0.000041875
60772	0.002314375
60774	0.0053235065
60775	0.0133126744
60777	0.0001209639
60778	0.0015654118
60779	0.0001317778
60780	0.0011660759
60781	0.00059
60782	0.0007245349
60783	0.0002960714
60784	0.0008601163
60785	0.0038768605
60786	0.0003595349
60787	0.0001704878
60788	0.0334630233
60789	0.0019108642
60790	9.13043478261E-05
60791	0.0017048837
60792	0.007154186
60793	0.0019924419
60797	9.13043478261E-05
60798	0.0002083333
60800	0.0007696429
60801	0.0002793976
60803	0.0001761111
60804	0.0126289535
60805	0.0241867442
60806	0.0001317778
60807	0.0009473684
60809	0.0002814286
60811	6.23529411765E-05
60812	0.000392
60813	0.0084230233
60814	0.007012907
60815	0.0058882558
60816	0.1504996512
60817	0.0023627907
60819	0.0011774419
60822	0.0003370732
60823	0.0014933333
60824	0.0018336471
60825	0.0059273256
60826	0.0004673256
60827	0.0001209639
60829	0.0002601163
60830	0.0061484211
60831	0.0003498551
60832	22.3790918605
60833	0.0019755814
60834	0.0011923077
60835	4.56976744186E-05
60836	0.0012484884
60838	0.0186724419
60839	0.0003026316
60841	0.000392
60843	0.0002428571
60845	0.0263371765
60846	9.13043478261E-05
60850	0.0036955263
60851	0.0009867857
60852	0.0004975581
60853	0.0039131395
60854	0.0039393023
60855	0.0011636471
60856	0.0026626744
60857	0.0165936047
60858	9.05813953488E-05
60859	0.0181311628
60860	0.0002092308
60861	9.13043478261E-05
60863	0.0006035714
60864	0.0003066667
60867	0.0007126389
60868	0.000322381
60869	0.0070666265
60870	0.0008046429
60871	0.0058882558
60872	0.0116223256
60873	0.0017497619
60874	0.0017508333
60875	0.0017530952
60877	0.0017565476
60878	0.0003174419
60879	0.001730119
60880	0.0017577381
60881	0.0017486905
60882	0.0017508333
60883	0.0017542857
60884	0.0017845238
60885	0.001262
60886	0.0017963095
60887	0.0017852381
60888	0.0003527059
60889	0.0125945349
60890	0.0075761364
60891	0.0003441304
60892	0.0007496364
60893	0.0087472093
60894	0.0015502326
60895	0.0047865116
60896	0.0004975581
60898	0.0013735821
60899	6.23529411765E-05
60900	0.0001823611
60902	0.000135
60903	0.0008153488
60904	0.00013
60905	0.0416451163
60906	0.00007
60908	0.0011781176
60913	0.0006110714
60914	0.0011931765
60915	0.0001597619
60916	0.0014611628
60918	0.0005197674
60920	0.0002353571
60921	0.012362093
60922	0.0039879221
60923	0.0028432911
60924	0.0005431395
60925	0.0615581395
60926	0.0011075581
60927	0.0019755814
60928	0.0017555952
60929	0.0017261905
60930	0.001757381
60931	0.0173560465
60932	0.0010158333
60933	0.0032601163
60934	0.0003065278
60935	0.0011181176
60936	0.0001209639
60939	0.001390625
60941	0.0019755814
60942	0.00093325
60944	0.000443
60946	0.0024963636
60947	0.0005893846
60948	0.0006035088
60950	0.0019755814
60951	0.015562
60952	0.0004696875
60953	0.012135
60954	0.00025
60956	0.0016753488
60957	0.0001809302
60958	0.0008944048
60959	0.0009835714
60960	0.0024003488
60961	0.2323291667
60962	0.0016246667
60963	0.0418113953
60964	0.0051465882
60966	0.0002263953
60967	0.0008584524
60969	0.0046517241
60970	0.0008219048
60974	0.5575303488
60975	0.0001317778
60978	0.00025
60979	0.0016753488
60980	0.0001317778
60981	0.0007230952
60983	0.012135
60987	0.000290119
60988	0.0013235294
60989	0.0017233333
60990	0.006655814
60991	0.008602907
60992	0.0064982558
60993	0.0084074026
60994	6.29411764706E-05
60996	0.0017080952
60997	0.0019033333
60998	0.0017129762
60999	0.0017542857
61000	0.00175
61001	0.0016929762
61002	0.0017147619
61003	0.0017271429
61004	0.0017208333
61005	0.0018991667
61006	0.0031694186
61007	0.2113730233
61008	0.001125
61013	0.0005431395
61014	0.0105003488
61015	6.23529411765E-05
61017	0.0005867442
61022	0.000714375
61023	0.0017661628
61025	4.56976744186E-05
61026	0.0009989412
61028	6.23529411765E-05
61029	0.0007205952
61031	0.0008843182
61033	0.0031375581
61034	0.0015683529
61035	0.0003132941
61037	0.0015185333
61038	0.012135
61039	0.0001209639
61043	0.8989981395
61045	0.0002163636
61047	0.0019869565
61048	0.0611088372
61049	0.0006017021
61050	0.0009969767
61051	0.0002414286
61054	0.010777907
61055	2.1372859302
61056	0.0005886047
61057	0.0001757143
61059	0.0013134848
61060	0.0014610526
61062	0.0164222093
61068	0.0013407059
61070	0.0008098246
61072	0.0034867442
61074	0.0091766279
61076	0.0007562069
61077	0.0002889535
61079	0.0013843529
61080	0.0002563636
61081	0.0010388
61082	0.0485630233
61085	0.0059273256
61086	6.17647058824E-05
61087	0.0002383333
61089	0.0001183333
61092	0.2074333721
61093	6.23529411765E-05
61095	0.0002379167
61096	0.0026693023
61097	0.0214174419
61098	0.0008523256
61099	8.01204819277E-05
61101	0.0004340426
61102	8.01204819277E-05
61103	0.000459375
61104	0.001186
61106	0.0033510465
61107	0.0805098837
61108	0.0059273256
61109	0.0017271429
61110	0.0018008333
61111	0.0017175
61112	0.0017144048
61113	0.0017390476
61114	0.0017690476
61115	9.13043478261E-05
61116	0.0002518605
61118	0.0304746512
61121	0.0240968605
61122	6.23529411765E-05
61125	0.0097803488
61126	0.0032151163
61127	0.0003135714
61130	0.0007746512
61131	6.7026545349
61132	0.0004786364
61133	0.0089872093
61134	0.0106918605
61135	0.0007113514
61140	0.0008129762
61141	0.0328574419
61142	0.0011075581
61145	9.13043478261E-05
61147	0.010732093
61149	0.0137009302
61150	0.0002546667
61151	0.0004524419
61153	0.0012267059
61154	0.0008
61157	0.0006554545
61158	0.0816188372
61159	0.2660923256
61160	0.1972718605
61161	0.0176401163
61162	0.0108351163
61163	0.0133991667
61164	0.0963213953
61165	0.0346312791
61166	11.7072298837
61167	0.032927907
61168	0.8231005814
61169	0.0080227907
61170	0.285617093
61171	0.0021449412
61172	0.214219186
61174	0.0719945349
61175	9.6827589535
61176	4.5111713954
61177	0.0431081395
61178	0.410875
61179	4.9916227907
61180	0.5608056977
61181	0.1476681395
61182	0.0017415663
61183	0.0011347674
61184	10.2743527907
61185	0.0017404651
61186	7.233787093
61187	1.1913709302
61188	0.0004691176
61189	32.9402984884
61191	0.0063176744
61192	0.1665690698
61193	1.405347907
61194	0.0041101163
61195	0.0031983784
61196	0.0095275556
61197	1.4153830233
61198	0.0276131395
61199	0.2516851163
61200	0.0025028571
61201	0.329962907
61202	0.0092126744
61203	1.9412481395
61204	0.0612374419
61205	0.0206702326
61206	0.0008402703
61207	0.1064625
61208	3.6806354651
61209	0.2887732558
61210	0.0008228378
61211	0.3314294186
61212	17.3405954651
61213	0.0003875
61214	0.0261003488
61215	0.2102515116
61216	0.036302093
61217	0.0049343023
61218	0.2459365116
61219	0.0262875581
61220	0.028232093
61221	1.1345205814
61222	0.1195
61223	0.0034488235
61224	0.081935
61225	0.006455119
61227	5.6834123333
61229	0.1605956977
61230	0.599525814
61231	0.0050748837
61232	0.035842
61233	5.1207340698
61234	0.0793005814
61235	0.2358139535
61236	0.0015807692
61237	0.1104997674
61238	53.9377738372
61239	0.0929934884
61240	0.0311884884
61241	8.3706963954
61242	0.6083612791
61243	46.1254156977
61244	5.3386123256
61245	0.0046001235
61246	11.0194674419
61247	0.0319343023
61248	0.6892760465
61249	0.007054
61250	0.9257205814
61251	0.0005015152
61252	0.2665427907
61253	0.0950131395
61254	0.0186861628
61256	0.1178809302
61257	0.0076665385
61258	0.0160205814
61260	0.4034832558
61261	0.035905
61262	0.0011526984
61263	0.0003238
61264	0.4811854651
61265	0.2448195349
61266	0.2716247674
61267	0.0981386047
61268	1.8737969767
61269	2.294152093
61270	7.8292683333
61271	0.002619375
61272	6.0281382558
61273	0.00063
61274	4.1462145349
61275	0.0017064474
61276	0.0289718605
61277	0.0639711628
61278	6.3120422093
61279	0.0002631395
61280	0.2105836047
61281	6.2883982558
61282	0.144975
61283	0.000505493
61285	0.1009680233
61286	0.4667831395
61287	0.5965046512
61288	0.0875544186
61289	0.0078341509
61290	0.0006176316
61291	0.4918296512
61292	0.1091238372
61293	0.0060965116
61294	0.2277360465
61295	0.7778047674
61296	0.5740730233
61297	0.0006479365
61298	0.0374369767
61299	0.0003639535
61300	0.441435
61301	0.1256118605
61302	0.0093638372
61303	0.0616503488
61304	0.0011155814
61305	0.005767093
61306	1.8833887209
61307	0.0385790698
61308	0.0767868605
61309	1.8009140698
61310	0.0006505357
61311	15.2813503488
61312	0.0585238372
61313	0.7099536047
61314	0.0243136364
61315	0.0175766279
61316	0.0285335616
61317	0.0003984746
61318	0.4774416279
61319	0.0558294186
61320	0.0117207059
61321	0.1842882558
61322	0.5289048837
61323	0.3140505814
61324	0.5689319767
61325	0.3416389535
61326	1.8065530233
61327	0.3850594186
61328	0.4775244186
61329	0.6880610465
61330	0.0019454321
61331	0.0219495349
61332	0.865624186
61333	2.0217736047
61334	0.0123838298
61335	0.0058955814
61336	3.5642504651
61337	1.3091981395
61338	0.0830793023
61339	0.0019806977
61340	0.0036098734
61341	0.2609559302
61342	0.311527625
61344	1.4118533721
61345	0.3986353488
61346	0.1510812791
61347	0.3847225581
61348	7.913552907
61349	0.117078
61350	1.8924174419
61351	15.6539415116
61352	0.0235140698
61353	1.6642426744
61354	1.3521280723
61355	2.6335472093
61356	0.9259090698
61357	0.0526297674
61358	0.0221613725
61359	0.1303623256
61360	0.633555814
61361	0.0193436471
61362	0.0203032432
61363	0.0441461628
61364	1.0060110465
61365	0.0760732394
61366	0.0005931169
61367	0.0011347674
61368	0.0041456962
61369	0.0060245349
61370	0.4605452326
61371	1.0043665116
61372	0.0975296471
61373	14.5611775581
61374	0.0083738372
61375	0.1168995349
61376	0.1390577907
61377	0.270860814
61378	5.0874575
61379	3.7087062791
61380	0.0178116279
61381	0.3946034884
61382	0.0323434118
61383	0.1390433721
61384	5.2501768605
61385	0.0005602
61386	0.2074727907
61387	8.55813953488E-05
61388	0.6655806977
61389	18.0145568605
61390	0.885185875
61391	0.0070857831
61393	4.6204673256
61394	0.0247236047
61395	0.6703844186
61396	0.006967093
61397	0.0089056977
61398	0.0011845652
61399	0.8039810465
61400	0.2342138372
61401	1.0315947674
61402	0.2726993023
61403	1.3891983721
61404	0.0236766279
61405	0.5514203488
61406	0.0071868605
61407	0.0019314286
61408	12.8045459302
61409	0.0226577907
61410	0.5016322093
61411	0.0356982558
61412	0.212642093
61413	6.4752226744
61414	1.0869109302
61415	31.2281786047
61416	0.0053139535
61417	0.0269409302
61418	0.1159866279
61419	0.0018824675
61420	0.0008673913
61421	0.0477189535
61422	0.036905
61423	0.0475518
61424	0.0116280952
61425	0.2303188372
61426	0.0728234884
61427	1.9660510465
61428	0.0030396471
61429	0.7587380233
61430	1.6969996512
61431	2.1874804651
61432	1.4565411628
61433	0.5232132558
61434	0.0188224419
61435	0.1416262791
61436	0.3425993023
61437	0.0062476744
61438	0.3257398837
61439	0.0566015116
61440	0.001680814
61441	22.8902840698
61442	0.1944273256
61443	0.1114419767
61444	0.0431424419
61445	0.1829648837
61446	0.1574759302
61447	0.0364222093
61448	1.4869410465
61449	0.0396637209
61450	0.2930625581
61451	0.3283061628
61452	0.2036645349
61453	0.2349401163
61454	0.0046946479
61455	0.0016584615
61456	0.2255496512
61457	0.2723236047
61458	7.3473852326
61459	0.5109363953
61460	0.9526089535
61461	2.6095444186
61462	0.5551646512
61463	0.0238563953
61464	11.8247460465
61465	0.6744646512
61466	0.2089144706
61467	0.0010683077
61468	0.8624784884
61469	0.0013384337
61471	0.1054811628
61472	0.0021596512
61473	0.8392618605
61474	3.553030814
61475	0.7628227907
61476	6.6637392308
61477	0.0067811628
61478	6.422687093
61479	0.5348268182
61480	64.7242513953
61482	0.0039720455
61483	0.9851625581
61484	0.0115032558
61485	0.000465
61486	0.5595986047
61487	0.0016723529
61488	27.6718159302
61489	0.123379186
61490	0.0144402326
61491	0.1454112791
61492	0.0161996512
61493	0.0211051765
61494	0.4172587209
61495	0.0075986047
61496	0.0171824419
61497	0.2748598837
61498	0.0017535897
61499	0.7991004651
61500	0.0447623256
61501	1.1518715116
61502	0.0817005814
61503	0.000228
61504	0.0336211628
61505	0.1879951163
61506	2.1802138372
61507	3.5783651163
61508	0.0646865116
61509	0.4261976744
61510	0.0015189706
61511	0.0189630233
61512	3.4540245349
61513	0.0444306977
61514	1.1972932558
61515	0.175720814
61516	0.3222488372
61517	0.0079436047
61518	0.70024
61519	0.385150814
61520	0.0091354762
61521	3.1254473256
61522	0.0949265116
61523	0.3278604651
61524	0.0028532941
61525	0.0090831395
61526	0.0096724419
61527	0.0761388372
61528	0.0335910465
61529	0.0022784286
61530	0.1158182558
61531	0.0006669091
61532	1.9376141861
61533	137.963218256
61534	0.0018495181
61535	0.0023457143
61536	4.3909731395
61538	0.0676959302
61539	0.6348605814
61540	0.0170486047
61541	0.0030517073
61542	2.20794
61543	3.7844893023
61544	0.0159086047
61545	0.0071934884
61546	0.0844122093
61547	0.0140675581
61548	0.0282634884
61549	3.5385309302
61550	8.3574374419
61551	0.1951382558
61552	0.0116611111
61553	0.0006146429
61555	1.4276924419
61556	0.1365472093
61557	0.0726261628
61559	0.1042616279
61560	1.8609539535
61561	0.0003665882
61562	0.0003639535
61563	2.9598495349
61564	0.0836827907
61565	0.0086413953
61566	25.5207277907
61567	0.0762705814
61568	0.7275774419
61569	2.1409662791
61570	0.0970201163
61571	0.0063606977
61572	1.0448791861
61573	2.309177093
61574	0.1543316279
61575	0.0074023256
61576	0.0534012791
61577	3.2284913954
61578	0.2804660465
61579	0.3269760938
61580	0.0668353488
61581	0.2140590698
