Src	Trg	LinkCount	RelLinkCount
2048	1634	72	12.000000
2048	1961	2	0.333333
2048	2318	12	2.000000
2048	1649	4	0.666667
2048	1913	8	1.333333
2048	2141	6	1.000000
2053	1921	749	0.084959
2053	2180	22	0.002495
2053	2285	1	0.000113
2053	2320	30	0.003403
2053	1683	1	0.000113
2053	2325	4	0.000454
2053	2199	1	0.000113
2053	1690	1	0.000113
2053	1882	9	0.001021
2053	2206	3	0.000340
2053	2160	3	0.000340
2053	1826	396	0.044918
2053	2353	1	0.000113
2053	1961	3	0.000340
2053	1835	4	0.000454
2053	2222	3	0.000340
2053	1847	1	0.000113
2053	1717	1	0.000113
2053	2359	2	0.000227
2053	2232	1	0.000113
2053	2363	1	0.000113
2053	2112	19	0.002155
2053	1857	3	0.000340
2053	2114	21	0.002382
2053	1735	3	0.000340
2053	1856	3	0.000340
2053	1872	2	0.000227
2053	1626	46	0.005218
2053	1885	4	0.000454
2053	1634	5	0.000567
2053	1645	15	0.001701
2053	2031	39	0.004424
2053	2032	1	0.000113
2053	1649	110	0.012477
2053	1914	2	0.000227
2053	2174	7186	0.815109
2055	1735	114	38.000000
2056	1735	114	38.000000
2057	1735	115	38.333333
2058	1921	2	0.004566
2058	1634	3	0.006849
2058	2182	7	0.015982
2058	2193	3	0.006849
2058	1679	3	0.006849
2058	2096	3	0.006849
2058	2321	6	0.013699
2058	1683	6	0.013699
2058	2362	8	0.018265
2058	1916	13	0.029680
2058	2175	5	0.011416
2060	1735	114	38.000000
2062	1961	90	1.000000
2062	1634	266	2.955556
2062	2116	180	2.000000
2062	1858	176	1.955556
2062	1957	90	1.000000
2063	1634	2092	10.009569
2063	2116	3	0.014354
2063	2248	3	0.014354
2063	2318	418	2.000000
2063	2321	211	1.009569
2063	1913	418	2.000000
2065	1735	114	38.000000
2066	2321	2	0.006270
2066	1634	2	0.006270
2066	1668	2	0.006270
2066	2318	10	0.031348
2066	2351	2	0.006270
2070	2047	11	1.000000
2072	2176	10	0.001985
2072	1664	191	0.037904
2072	1922	2	0.000397
2072	1923	1	0.000198
2072	2180	2	0.000397
2072	2182	8	0.001588
2072	1927	2	0.000397
2072	2318	9954	1.975392
2072	1807	1	0.000198
2072	2321	4	0.000794
2072	1683	15	0.002977
2072	2197	1	0.000198
2072	2308	1	0.000198
2072	1949	1	0.000198
2072	1957	9	0.001786
2072	1958	5	0.000992
2072	2221	1	0.000198
2072	2096	7	0.001389
2072	2098	4	0.000794
2072	1715	3	0.000595
2072	2100	2	0.000397
2072	1847	3549	0.704306
2072	2361	1	0.000198
2072	1986	1	0.000198
2072	1860	2	0.000397
2072	1998	65	0.012899
2072	2257	72	0.014289
2072	2300	7	0.001389
2072	1625	35240	6.993451
2072	1626	30	0.005954
2072	2063	1	0.000198
2072	2143	3	0.000595
2072	1634	49984	9.919428
2072	2086	6	0.001191
2072	1641	5	0.000992
2072	2160	4	0.000794
2072	1652	34	0.006747
2072	1913	9853	1.955348
2072	1916	4	0.000794
2073	1921	2	0.005362
2073	2362	12	0.032172
2073	1683	2	0.005362
2073	1820	2	0.005362
2075	2318	2	0.010870
2075	2197	1	0.005435
2075	2083	1	0.005435
2075	1958	41	0.222826
2075	1961	9	0.048913
2075	1838	1	0.005435
2075	1975	1	0.005435
2075	2232	2	0.010870
2075	2362	3	0.016304
2075	2112	1	0.005435
2075	1858	1	0.005435
2075	2126	1	0.005435
2075	2273	2	0.010870
2075	1634	11	0.059783
2075	1892	14	0.076087
2075	2026	1	0.005435
2075	2157	1	0.005435
2075	2032	1	0.005435
2075	1649	1	0.005435
2075	1653	1	0.005435
2075	1655	1	0.005435
2075	1913	1	0.005435
2075	2042	1	0.005435
2076	2232	2	0.045455
2076	2075	1	0.022727
2076	1958	1	0.022727
2076	1655	1	0.022727
2077	1735	115	38.333333
2078	2182	12	2.000000
2078	2058	2	0.333333
2078	2189	1	0.166667
2078	2318	12	2.000000
2078	1940	2	0.333333
2078	1830	2	0.333333
2078	1703	6	1.000000
2078	1707	1	0.166667
2078	1865	2	0.333333
2078	1722	12	2.000000
2078	1988	1	0.166667
2078	2249	12	2.000000
2078	1996	2	0.333333
2078	1998	3	0.500000
2078	2258	291	48.500000
2078	1884	2	0.333333
2078	1634	60	10.000000
2078	1958	2	0.333333
2078	1640	2	0.333333
2078	1898	2	0.333333
2078	1775	2	0.333333
2078	2163	18	3.000000
2078	1791	2	0.333333
2079	1921	1	0.005848
2079	2091	395	2.309942
2079	1812	1	0.005848
2081	1913	43	1.000000
2081	1634	430	10.000000
2081	2188	1	0.023256
2081	1626	1	0.023256
2081	2318	86	2.000000
2083	1664	2	0.027778
2083	2305	5	0.069444
2083	2309	1	0.013889
2083	2182	9	0.125000
2083	1921	2	0.027778
2083	2312	2	0.027778
2083	1806	4	0.055556
2083	2063	3	0.041667
2083	2321	13	0.180556
2083	1683	1	0.013889
2083	2197	65	0.902778
2083	1814	1	0.013889
2083	2199	3	0.041667
2083	2116	1	0.013889
2083	1883	1	0.013889
2083	1700	4	0.055556
2083	1957	3	0.041667
2083	2086	2	0.027778
2083	1703	1	0.013889
2083	1704	12	0.166667
2083	1961	618	8.583333
2083	2221	7	0.097222
2083	1838	1	0.013889
2083	2351	10	0.138889
2083	2096	15	0.208333
2083	2227	1	0.013889
2083	2100	1	0.013889
2083	1845	1	0.013889
2083	1847	18	0.250000
2083	2360	2	0.027778
2083	2361	1	0.013889
2083	2362	79	1.097222
2083	2365	1	0.013889
2083	2112	12	0.166667
2083	1858	63	0.875000
2083	1860	1	0.013889
2083	2248	3	0.041667
2083	2249	1	0.013889
2083	2176	3	0.041667
2083	2126	63	0.875000
2083	1871	1	0.013889
2083	2257	1	0.013889
2083	2318	1	0.013889
2083	2169	1	0.013889
2083	1625	5	0.069444
2083	1626	9	0.125000
2083	1679	13	0.180556
2083	2143	2	0.027778
2083	2273	71	0.986111
2083	1634	6	0.083333
2083	1763	2	0.027778
2083	1892	15	0.208333
2083	2021	1	0.013889
2083	2151	1	0.013889
2083	1998	12	0.166667
2083	1641	1	0.013889
2083	2026	63	0.875000
2083	2193	1	0.013889
2083	2157	64	0.888889
2083	2032	2	0.027778
2083	1652	9	0.125000
2083	1653	1	0.013889
2083	1913	2	0.027778
2083	2042	4	0.055556
2083	2175	2	0.027778
2084	1735	181	36.200000
2085	1913	8	1.600000
2085	1634	60	12.000000
2085	2141	5	1.000000
2085	2318	10	2.000000
2085	1649	4	0.800000
2086	2272	1	0.004292
2086	2305	2	0.008584
2086	1634	2352	10.094421
2086	1892	2	0.008584
2086	2227	4	0.017167
2086	2318	392	1.682403
2086	2321	1	0.004292
2086	2098	1	0.004292
2086	1683	12	0.051502
2086	2361	1	0.004292
2086	1847	12	0.051502
2086	2360	429	1.841202
2086	1913	468	2.008584
2086	1883	8	0.034335
2086	1692	1	0.004292
2086	1949	4	0.017167
2087	1735	82	41.000000
2090	2232	2	0.035714
2090	2075	1	0.017857
2090	1958	1	0.017857
2090	1655	1	0.017857
2091	2112	16	0.019851
2091	1921	4	0.004963
2091	1634	2	0.002481
2091	1735	53	0.065757
2091	2063	3	0.003722
2091	2160	5	0.006203
2091	1649	2	0.002481
2091	1715	1	0.001241
2091	1647	2	0.002481
2091	2079	2	0.002481
2092	1735	115	38.333333
2093	1634	36	12.000000
2093	2248	2	0.666667
2093	2318	6	2.000000
2093	1905	2	0.666667
2093	1913	6	2.000000
2093	2141	3	1.000000
2094	1735	115	38.333333
2095	2048	13	0.083333
2095	1792	23	0.147436
2095	2178	2	0.012821
2095	1921	1	0.006410
2095	2316	1	0.006410
2095	2318	310	1.987179
2095	2063	2	0.012821
2095	1765	2	0.012821
2095	2199	1	0.006410
2095	2201	2	0.012821
2095	1947	10	0.064103
2095	1695	2	0.012821
2095	1825	2	0.012821
2095	2085	24	0.153846
2095	1905	25	0.160256
2095	1961	2	0.012821
2095	2091	2	0.012821
2095	1838	23	0.147436
2095	1629	1	0.006410
2095	1975	1	0.006410
2095	2232	2	0.012821
2095	1721	2	0.012821
2095	2362	4	0.025641
2095	1724	2	0.012821
2095	2112	517	3.314103
2095	1861	2	0.012821
2095	1735	5	0.032051
2095	2248	1	0.006410
2095	1869	2	0.012821
2095	2256	2	0.012821
2095	2147	2	0.012821
2095	1876	1	0.006410
2095	1877	11	0.070513
2095	1622	46	0.294872
2095	1626	1	0.006410
2095	1807	2	0.012821
2095	2141	154	0.987179
2095	1887	2	0.012821
2095	1634	1872	12.000000
2095	1763	1	0.006410
2095	2277	1	0.006410
2095	2027	2	0.012821
2095	2284	23	0.147436
2095	2032	2	0.012821
2095	1649	85	0.544872
2095	1683	2	0.012821
2095	1653	1	0.006410
2095	1705	1	0.006410
2095	1913	240	1.538462
2095	1663	2	0.012821
2095	2047	2	0.012821
2096	1664	5	0.008621
2096	1921	1	0.001724
2096	2308	4	0.006897
2096	2182	9	0.015517
2096	2058	1	0.001724
2096	2189	1	0.001724
2096	2318	929	1.601724
2096	2063	10	0.017241
2096	2321	8	0.013793
2096	1940	1	0.001724
2096	2333	5	0.008621
2096	1957	11	0.018966
2096	1830	1	0.001724
2096	1959	4	0.006897
2096	2351	1	0.001724
2096	2107	1	0.001724
2096	1865	1	0.001724
2096	1996	1	0.001724
2096	1882	1	0.001724
2096	1884	1	0.001724
2096	1758	1	0.001724
2096	2143	9	0.015517
2096	1634	4657	8.029310
2096	1958	3	0.005172
2096	1640	1	0.001724
2096	1645	1	0.001724
2096	1775	6	0.010345
2096	2160	5	0.008621
2096	1684	1	0.001724
2096	1791	1	0.001724
2098	1892	13	0.071038
2098	1998	2	0.010929
2098	2160	10	0.054645
2098	1683	12	0.065574
2098	1847	13	0.071038
2098	1625	13	0.071038
2099	2176	10	0.001668
2099	1664	191	0.031860
2099	1922	2	0.000334
2099	1923	1	0.000167
2099	2308	1	0.000167
2099	2182	6	0.001001
2099	1927	2	0.000334
2099	1986	1	0.000167
2099	2318	11866	1.979316
2099	1807	1	0.000167
2099	2321	4	0.000667
2099	1683	15	0.002502
2099	2197	1	0.000167
2099	2180	2	0.000334
2099	1949	3	0.000500
2099	1957	4	0.000667
2099	2086	5	0.000834
2099	2221	1	0.000167
2099	2096	7	0.001168
2099	2098	8	0.001334
2099	1715	3	0.000500
2099	2100	2	0.000334
2099	1847	9189	1.532777
2099	2361	1	0.000167
2099	2114	2	0.000334
2099	1860	2	0.000334
2099	1916	4	0.000667
2099	1996	1	0.000167
2099	1998	77	0.012844
2099	2257	75	0.012510
2099	1625	41992	7.004504
2099	1626	30	0.005004
2099	2063	1	0.000167
2099	2143	3	0.000500
2099	1634	59544	9.932277
2099	1958	4	0.000667
2099	1641	5	0.000834
2099	2160	5	0.000834
2099	1652	40	0.006672
2099	1913	11757	1.961134
2099	2300	7	0.001168
2100	1664	79	0.632000
2100	1634	1333	10.664000
2100	2248	4	0.032000
2100	2318	244	1.952000
2100	2160	1	0.008000
2100	1652	1	0.008000
2100	1913	126	1.008000
2100	1626	164	1.312000
2100	1660	1	0.008000
2100	2362	101	0.808000
2102	2176	8	0.001355
2102	1664	191	0.032351
2102	1922	2	0.000339
2102	1923	1	0.000169
2102	2180	2	0.000339
2102	2182	8	0.001355
2102	1927	2	0.000339
2102	1986	1	0.000169
2102	2318	11684	1.978997
2102	1807	1	0.000169
2102	2321	4	0.000678
2102	1683	15	0.002541
2102	1940	1	0.000169
2102	2197	1	0.000169
2102	2308	1	0.000169
2102	1949	3	0.000508
2102	1957	9	0.001524
2102	1958	6	0.001016
2102	2221	1	0.000169
2102	2096	7	0.001186
2102	2098	4	0.000678
2102	1715	3	0.000508
2102	2100	2	0.000339
2102	1847	3607	0.610942
2102	2361	1	0.000169
2102	2114	1	0.000169
2102	1860	3	0.000508
2102	1996	1	0.000169
2102	1998	70	0.011856
2102	2257	72	0.012195
2102	2300	7	0.001186
2102	1625	41564	7.039973
2102	1626	30	0.005081
2102	2063	1	0.000169
2102	2143	3	0.000508
2102	1634	58634	9.931233
2102	2086	6	0.001016
2102	1641	5	0.000847
2102	2160	4	0.000678
2102	1652	35	0.005928
2102	1913	11579	1.961213
2102	1916	4	0.000678
2103	1634	80	10.000000
2103	2318	16	2.000000
2106	2248	6	3.000000
2106	1913	4	2.000000
2106	1634	22	11.000000
2106	2318	4	2.000000
2106	2351	2	1.000000
2107	2096	2	0.001556
2107	2083	2	0.001556
2107	2160	4	0.003113
2107	1683	4	0.003113
2107	1913	2	0.001556
2107	2362	10	0.007782
2107	2365	4	0.003113
2111	1735	115	38.333333
2112	2048	13	0.077844
2112	1792	23	0.137725
2112	2178	2	0.011976
2112	1921	1	0.005988
2112	2316	1	0.005988
2112	2318	316	1.892216
2112	2063	2	0.011976
2112	1765	2	0.011976
2112	2199	1	0.005988
2112	2201	2	0.011976
2112	1947	10	0.059880
2112	1695	2	0.011976
2112	1825	2	0.011976
2112	2085	24	0.143713
2112	1905	25	0.149701
2112	1961	2	0.011976
2112	2091	2	0.011976
2112	1838	23	0.137725
2112	1629	1	0.005988
2112	1975	1	0.005988
2112	2232	2	0.011976
2112	1721	2	0.011976
2112	2362	4	0.023952
2112	1724	2	0.011976
2112	1861	2	0.011976
2112	1735	5	0.029940
2112	2248	1	0.005988
2112	1869	2	0.011976
2112	2256	2	0.011976
2112	1763	1	0.005988
2112	1876	1	0.005988
2112	1877	11	0.065868
2112	1622	46	0.275449
2112	1626	1	0.005988
2112	1807	2	0.011976
2112	2141	157	0.940120
2112	1887	2	0.011976
2112	1634	1932	11.568862
2112	2147	2	0.011976
2112	2277	1	0.005988
2112	2027	2	0.011976
2112	2284	23	0.137725
2112	2032	2	0.011976
2112	1649	88	0.526946
2112	1683	2	0.011976
2112	1653	1	0.005988
2112	1705	1	0.005988
2112	1913	246	1.473054
2112	1663	2	0.011976
2112	2047	2	0.011976
2113	1735	147	36.750000
2114	1921	3	0.000663
2114	2180	2	0.000442
2114	2182	4	0.000884
2114	2305	1	0.000221
2114	2060	2	0.000442
2114	2321	2	0.000442
2114	2194	2	0.000442
2114	1683	3	0.000663
2114	2325	2	0.000442
2114	1959	2	0.000442
2114	1704	1	0.000221
2114	1707	5	0.001105
2114	2221	1	0.000221
2114	2096	1	0.000221
2114	2100	3	0.000663
2114	1847	1	0.000221
2114	2232	13	0.002873
2114	2362	1	0.000221
2114	2112	2	0.000442
2114	1735	9	0.001989
2114	1998	1	0.000221
2114	2257	1	0.000221
2114	1634	1	0.000221
2114	1763	13	0.002873
2114	1892	1	0.000221
2114	2160	20	0.004420
2114	1649	3	0.000663
2114	1652	2	0.000442
2114	1916	1	0.000221
2115	1735	3	1.500000
2116	1664	2	0.018349
2116	2305	109	1.000000
2116	2318	218	2.000000
2116	2063	3	0.027523
2116	2321	1	0.009174
2116	1683	1	0.009174
2116	2199	1	0.009174
2116	1957	1	0.009174
2116	2086	110	1.009174
2116	2227	109	1.000000
2116	1718	1	0.009174
2116	2360	329	3.018349
2116	2361	1	0.009174
2116	1854	1	0.009174
2116	1986	109	1.000000
2116	2248	19	0.174312
2116	1679	1	0.009174
2116	1757	1	0.009174
2116	2272	1	0.009174
2116	1634	1200	11.009174
2116	2275	1	0.009174
2116	1649	1	0.009174
2116	1913	221	2.027523
2117	1664	6	0.122449
2117	1634	77	1.571429
2117	1892	12	0.244898
2117	2318	14	0.285714
2117	2197	1	0.020408
2117	1975	45	0.918367
2117	1626	2	0.040816
2119	1735	115	38.333333
2120	1664	1	0.011111
2120	2318	168	1.866667
2120	2321	77	0.855556
2120	1683	18	0.200000
2120	1940	1	0.011111
2120	1626	1	0.011111
2120	1700	1	0.011111
2120	2086	4	0.044444
2120	1707	37	0.411111
2120	2096	7	0.077778
2120	2098	1	0.011111
2120	1830	1	0.011111
2120	1847	9	0.100000
2120	2232	2	0.022222
2120	2107	1	0.011111
2120	1860	9	0.100000
2120	1996	1	0.011111
2120	1998	768	8.533333
2120	2257	5	0.055556
2120	1625	4	0.044444
2120	1882	1	0.011111
2120	1883	3	0.033333
2120	1884	1	0.011111
2120	2021	1	0.011111
2120	1634	923	10.255556
2120	1764	1	0.011111
2120	1958	2	0.022222
2120	1898	1	0.011111
2120	2160	15	0.166667
2120	1913	10	0.111111
2120	1916	1	0.011111
2121	2048	4	0.001492
2121	1722	165	0.061544
2121	2058	1	0.000373
2121	2062	155	0.057814
2121	2063	360	0.134278
2121	2066	1	0.000373
2121	2081	1	0.000373
2121	2083	2	0.000746
2121	2085	4	0.001492
2121	2086	13900	5.184633
2121	2096	228	0.085043
2121	2098	178	0.066393
2121	2227	220	0.082059
2121	2100	1749	0.652369
2121	2107	1	0.000373
2121	2112	833	0.310705
2121	2114	10	0.003730
2121	2116	567	0.211488
2121	2117	165	0.061544
2121	2122	1	0.000373
2121	2126	4	0.001492
2121	2128	155	0.057814
2121	2232	4	0.001492
2121	2130	168	0.062663
2121	1806	492	0.183514
2121	1622	8	0.002984
2121	1624	2	0.000746
2121	1625	2468	0.920552
2121	1626	1583	0.590451
2121	2141	42	0.015666
2121	2143	187	0.069750
2121	1634	24452	9.120477
2121	1637	1	0.000373
2121	2151	2	0.000746
2121	1640	1	0.000373
2121	1641	877	0.327117
2121	2157	157	0.058560
2121	2160	25	0.009325
2121	1649	8422	3.141365
2121	1651	8	0.002984
2121	1652	18396	6.861619
2121	1653	5	0.001865
2121	2167	14	0.005222
2121	2169	13	0.004849
2121	2239	2	0.000746
2121	1660	49	0.018277
2121	1661	294	0.109661
2121	2175	186	0.069377
2121	1664	231	0.086162
2121	1665	161	0.060052
2121	2180	3	0.001119
2121	2182	2580	0.962327
2121	2188	159	0.059306
2121	2189	2	0.000746
2121	1679	922	0.343902
2121	2192	159	0.059306
2121	2193	17	0.006341
2121	1682	12	0.004476
2121	1683	1686	0.628870
2121	1684	1	0.000373
2121	2197	276	0.102947
2121	2199	34	0.012682
2121	1689	1	0.000373
2121	1691	1	0.000373
2121	1692	163	0.060798
2121	2205	1	0.000373
2121	2207	160	0.059679
2121	2208	155	0.057814
2121	1676	1	0.000373
2121	1700	837	0.312197
2121	2213	1	0.000373
2121	1703	27	0.010071
2121	1704	237	0.088400
2121	2217	1	0.000373
2121	1707	13	0.004849
2121	2221	181	0.067512
2121	1715	6	0.002238
2121	1718	176	0.065647
2121	1719	155	0.057814
2121	1720	157	0.058560
2121	2234	3	0.001119
2121	2237	207	0.077210
2121	2165	1	0.000373
2121	1731	1	0.000373
2121	1735	2	0.000746
2121	2248	333	0.124207
2121	2249	11	0.004103
2121	2257	244	0.091011
2121	2258	834	0.311078
2121	2260	163	0.060798
2121	2262	155	0.057814
2121	2266	329	0.122715
2121	1757	13	0.004849
2121	1758	2	0.000746
2121	2272	362	0.135024
2121	2273	164	0.061171
2121	1763	4	0.001492
2121	2172	2	0.000746
2121	2283	325	0.121223
2121	2284	3	0.001119
2121	1773	158	0.058933
2121	1775	1	0.000373
2121	2289	155	0.057814
2121	2295	4	0.001492
2121	1784	159	0.059306
2121	2300	639	0.238344
2121	1645	1	0.000373
2121	1791	1	0.000373
2121	1792	3	0.001119
2121	2305	115	0.042894
2121	2308	4	0.001492
2121	2309	184	0.068631
2121	1798	2	0.000746
2121	2312	825	0.307721
2121	2316	1	0.000373
2121	2318	4577	1.707199
2121	1807	1	0.000373
2121	2321	4012	1.496457
2121	1814	199	0.074226
2121	1668	1	0.000373
2121	2351	819	0.305483
2121	1830	1	0.000373
2121	1838	14	0.005222
2121	1839	158	0.058933
2121	1845	10	0.003730
2121	1847	1972	0.735546
2121	2360	369	0.137635
2121	2361	100	0.037300
2121	2362	301	0.112272
2121	2365	164	0.061171
2121	1854	189	0.070496
2121	1858	1	0.000373
2121	1860	187	0.069750
2121	1865	1	0.000373
2121	2176	3921	1.462514
2121	1871	772	0.287952
2121	2275	165	0.061544
2121	1876	157	0.058560
2121	1877	1	0.000373
2121	1882	1	0.000373
2121	1883	336	0.125326
2121	1884	2	0.000746
2121	1885	1	0.000373
2121	1892	4091	1.525923
2121	1898	2	0.000746
2121	1899	165	0.061544
2121	1900	51	0.019023
2121	2194	1	0.000373
2121	1902	1	0.000373
2121	1904	157	0.058560
2121	1905	8	0.002984
2121	1910	164	0.061171
2121	1913	2158	0.804924
2121	1916	5	0.001865
2121	1918	159	0.059306
2121	1921	546	0.203655
2121	1922	6	0.002238
2121	1923	1	0.000373
2121	1927	5	0.001865
2121	1932	7	0.002611
2121	1936	2	0.000746
2121	1938	157	0.058560
2121	1940	1	0.000373
2121	1944	1	0.000373
2121	1945	159	0.059306
2121	1947	2	0.000746
2121	1949	99	0.036927
2121	1955	155	0.057814
2121	1957	17290	6.449086
2121	1958	8	0.002984
2121	1959	1	0.000373
2121	1961	786	0.293174
2121	1965	5	0.001865
2121	1967	166	0.061917
2121	1975	3617	1.349123
2121	1696	155	0.057814
2121	1986	202	0.075345
2121	2163	167	0.062290
2121	1988	1	0.000373
2121	1996	2	0.000746
2121	1998	1301	0.485267
2121	2012	8	0.002984
2121	2016	197	0.073480
2121	2021	3	0.001119
2121	2026	155	0.057814
2121	2032	190	0.070869
2121	2042	155	0.057814
2121	2045	1	0.000373
2122	1913	12	1.000000
2122	1634	120	10.000000
2122	1986	14	1.166667
2122	2318	24	2.000000
2123	1735	115	38.333333
2126	1634	18	2.000000
2126	2283	2	0.222222
2126	2318	9	1.000000
2126	1679	2	0.222222
2126	2197	9	1.000000
2126	2207	1	0.111111
2128	2273	7	1.000000
2128	1858	7	1.000000
2128	1961	45	6.428571
2128	2026	7	1.000000
2128	2157	7	1.000000
2128	2126	7	1.000000
2128	2197	7	1.000000
2128	2362	9	1.285714
2130	1664	146	0.125754
2130	2176	26	0.022394
2130	1922	2	0.001723
2130	2180	1	0.000861
2130	2182	4	0.003445
2130	1927	3	0.002584
2130	2312	9	0.007752
2130	1965	27	0.023256
2130	1932	146	0.125754
2130	2189	1	0.000861
2130	2318	2208	1.901809
2130	1679	17	0.014643
2130	2321	11	0.009475
2130	1683	2671	2.300603
2130	1940	1	0.000861
2130	2197	143	0.123170
2130	1860	5	0.004307
2130	2205	9	0.007752
2130	2305	2	0.001723
2130	2083	1	0.000861
2130	1700	2	0.001723
2130	1957	5	0.004307
2130	1958	3	0.002584
2130	1704	75	0.064599
2130	2217	1	0.000861
2130	1707	1	0.000861
2130	2221	10	0.008613
2130	1641	1	0.000861
2130	2098	51	0.043928
2130	1715	6	0.005168
2130	2100	4	0.003445
2130	1718	18	0.015504
2130	1847	10	0.008613
2130	2232	1	0.000861
2130	2234	38	0.032730
2130	2237	1	0.000861
2130	1854	63	0.054264
2130	2239	10	0.008613
2130	2114	1	0.000861
2130	2116	3	0.002584
2130	2117	1	0.000861
2130	2248	1	0.000861
2130	1916	3	0.002584
2130	1720	1	0.000861
2130	1996	3	0.002584
2130	1865	1	0.000861
2130	1871	4	0.003445
2130	2257	26	0.022394
2130	1876	1	0.000861
2130	1998	22	0.018949
2130	2360	5	0.004307
2130	1625	4	0.003445
2130	1626	65	0.055986
2130	2063	4	0.003445
2130	1884	1	0.000861
2130	1758	1	0.000861
2130	2213	1	0.000861
2130	1634	12432	10.708010
2130	2275	6	0.005168
2130	1892	18	0.015504
2130	2086	15	0.012920
2130	2172	171	0.147287
2130	1898	2	0.001723
2130	1900	695	0.598622
2130	2160	12	0.010336
2130	1652	1	0.000861
2130	1653	2	0.001723
2130	2167	129	0.111111
2130	1913	2162	1.862188
2130	1883	1	0.000861
2130	1791	1	0.000861
2130	1660	77	0.066322
2130	2175	4	0.003445
2131	1735	181	36.200000
2133	1664	191	0.029695
2133	2176	8	0.001244
2133	1922	2	0.000311
2133	1923	1	0.000155
2133	2180	2	0.000311
2133	2182	6	0.000933
2133	1927	2	0.000311
2133	1986	1	0.000155
2133	2318	12740	1.980721
2133	1807	1	0.000155
2133	2321	4	0.000622
2133	1683	15	0.002332
2133	2197	1	0.000155
2133	2308	1	0.000155
2133	1949	3	0.000466
2133	1957	3	0.000466
2133	1958	4	0.000622
2133	2221	1	0.000155
2133	2096	7	0.001088
2133	2098	8	0.001244
2133	1715	3	0.000466
2133	2100	2	0.000311
2133	1847	17938	2.788868
2133	2361	1	0.000155
2133	2114	2	0.000311
2133	1860	3	0.000466
2133	1996	1	0.000155
2133	1998	73	0.011350
2133	2257	72	0.011194
2133	2300	7	0.001088
2133	1625	45035	7.001710
2133	1626	30	0.004664
2133	2063	1	0.000155
2133	2143	3	0.000466
2133	1634	63914	9.936878
2133	2086	5	0.000777
2133	1641	5	0.000777
2133	2160	5	0.000777
2133	1652	39	0.006063
2133	1913	12623	1.962531
2133	1916	4	0.000622
2134	1634	30	10.000000
2134	2182	14	4.666667
2134	2318	6	2.000000
2136	1921	2	0.066667
2136	1634	17	0.566667
2136	2285	2	0.066667
2136	2318	3	0.100000
2136	1649	101	3.366667
2136	1913	2	0.066667
2136	2141	1	0.033333
2138	1913	3	1.000000
2138	1634	39	13.000000
2138	1660	6	2.000000
2138	2197	9	3.000000
2138	2318	6	2.000000
2139	2273	4	1.000000
2139	1858	4	1.000000
2139	1961	26	6.500000
2139	2026	4	1.000000
2139	2157	4	1.000000
2139	2126	4	1.000000
2139	2197	4	1.000000
2139	2362	4	1.000000
2139	1660	2	0.500000
2140	1735	115	38.333333
2141	2232	1	0.002433
2141	1869	29	0.070560
2141	2221	1	0.002433
2142	1735	82	41.000000
2143	1634	430	10.000000
2143	1668	1	0.023256
2143	1958	1	0.023256
2143	2182	123	2.860465
2143	1959	3	0.069767
2143	1707	2	0.046512
2143	1645	2	0.046512
2143	2318	86	2.000000
2143	1775	1	0.023256
2143	2160	2	0.046512
2143	2321	5	0.116279
2143	2258	2	0.046512
2143	1847	1	0.023256
2143	2300	1	0.023256
2143	2333	2	0.046512
2144	2176	465	7.500000
2144	2321	2	0.032258
2144	1634	610	9.838710
2144	2318	122	1.967742
2145	1735	115	38.333333
2147	1735	2	0.153846
2148	1735	147	36.750000
2149	1921	15	1.153846
2150	2360	2	1.000000
2150	1634	24	12.000000
2150	2086	18	9.000000
2150	2318	4	2.000000
2151	2048	805	1.000000
2151	2053	1	0.001242
2151	2055	1	0.001242
2151	2056	1	0.001242
2151	2057	1	0.001242
2151	2060	1	0.001242
2151	2065	1	0.001242
2151	2222	1	0.001242
2151	2070	1	0.001242
2151	2077	1	0.001242
2151	2079	1	0.001242
2151	1774	1	0.001242
2151	2084	1	0.001242
2151	2085	805	1.000000
2151	2087	1	0.001242
2151	1628	1	0.001242
2151	2091	33	0.040994
2151	2092	1	0.001242
2151	2094	1	0.001242
2151	1705	2	0.002484
2151	1630	1	0.001242
2151	1887	2	0.002484
2151	1671	1	0.001242
2151	2111	1	0.001242
2151	2112	15295	19.000000
2151	2113	1	0.001242
2151	2119	1	0.001242
2151	2123	1	0.001242
2151	1619	1	0.001242
2151	1620	1	0.001242
2151	1621	1	0.001242
2151	1622	1610	2.000000
2151	2140	1	0.001242
2151	2141	805	1.000000
2151	2142	1	0.001242
2151	2145	1	0.001242
2151	1634	9660	12.000000
2151	2147	1	0.001242
2151	2148	1	0.001242
2151	1646	1	0.001242
2151	1647	1	0.001242
2151	2162	1	0.001242
2151	2164	1	0.001242
2151	2238	1	0.001242
2151	1655	1	0.001242
2151	1657	1	0.001242
2151	2170	1	0.001242
2151	1662	1	0.001242
2151	1663	10	0.012422
2151	2177	1	0.001242
2151	2178	1	0.001242
2151	1667	3	0.003727
2151	2241	1	0.001242
2151	1672	1	0.001242
2151	1678	1	0.001242
2151	1825	3	0.003727
2151	1687	1	0.001242
2151	2201	4	0.004969
2151	1690	1	0.001242
2151	2204	1	0.001242
2151	2206	1	0.001242
2151	1695	7	0.008696
2151	1698	1	0.001242
2151	1701	1	0.001242
2151	2332	1	0.001242
2151	1706	1	0.001242
2151	1709	1	0.001242
2151	1710	1	0.001242
2151	2228	1	0.001242
2151	1717	1	0.001242
2151	2231	1	0.001242
2151	1721	1	0.001242
2151	1724	10	0.012422
2151	1726	1	0.001242
2151	1729	1	0.001242
2151	2243	1	0.001242
2151	2325	1	0.001242
2151	1733	1	0.001242
2151	1735	14	0.017391
2151	1736	1	0.001242
2151	1737	1	0.001242
2151	1738	1	0.001242
2151	1739	1	0.001242
2151	1743	1	0.001242
2151	2256	3	0.003727
2151	1745	1	0.001242
2151	1750	1	0.001242
2151	2264	1	0.001242
2151	2270	1	0.001242
2151	1829	1	0.001242
2151	1761	1	0.001242
2151	1762	1	0.001242
2151	1765	1	0.001242
2151	2279	1	0.001242
2151	2280	1	0.001242
2151	1769	1	0.001242
2151	2282	1	0.001242
2151	1772	1	0.001242
2151	2190	1	0.001242
2151	2287	1	0.001242
2151	1778	1	0.001242
2151	2174	1	0.001242
2151	1782	2	0.002484
2151	1785	1	0.001242
2151	1786	1	0.001242
2151	1788	1	0.001242
2151	1792	805	1.000000
2151	1794	1	0.001242
2151	2307	1	0.001242
2151	2313	1	0.001242
2151	2314	1	0.001242
2151	2317	1	0.001242
2151	2318	1610	2.000000
2151	1807	4	0.004969
2151	2320	1	0.001242
2151	2323	1	0.001242
2151	1813	1	0.001242
2151	2327	1	0.001242
2151	2328	1	0.001242
2151	2329	1	0.001242
2151	1820	2	0.002484
2151	2334	1	0.001242
2151	2337	1	0.001242
2151	2341	1	0.001242
2151	1832	1	0.001242
2151	1833	1	0.001242
2151	2346	1	0.001242
2151	1835	1	0.001242
2151	2349	1	0.001242
2151	1838	805	1.000000
2151	2353	1	0.001242
2151	2359	1	0.001242
2151	1848	1	0.001242
2151	2363	1	0.001242
2151	2366	1	0.001242
2151	2367	1	0.001242
2151	1856	1	0.001242
2151	1857	1	0.001242
2151	1859	1	0.001242
2151	1861	2	0.002484
2151	1862	1	0.001242
2151	1866	1	0.001242
2151	1869	1	0.001242
2151	1872	1	0.001242
2151	1877	805	1.000000
2151	1878	1	0.001242
2151	1879	1	0.001242
2151	2347	1	0.001242
2151	2277	1	0.001242
2151	1888	1	0.001242
2151	1889	1	0.001242
2151	1905	805	1.000000
2151	1906	1	0.001242
2151	1908	1	0.001242
2151	1913	1610	2.000000
2151	1914	1	0.001242
2151	1917	1	0.001242
2151	1920	1	0.001242
2151	2284	805	1.000000
2151	1941	1	0.001242
2151	1943	1	0.001242
2151	1629	2	0.002484
2151	1946	1	0.001242
2151	1947	805	1.000000
2151	1952	1	0.001242
2151	1956	1	0.001242
2151	1963	1	0.001242
2151	1964	1	0.001242
2151	1978	15	0.018634
2151	1983	1	0.001242
2151	1990	1	0.001242
2151	1992	1	0.001242
2151	1994	1	0.001242
2151	2003	1	0.001242
2151	2009	1	0.001242
2151	2010	1	0.001242
2151	2011	1	0.001242
2151	2013	1	0.001242
2151	2015	1	0.001242
2151	2027	1	0.001242
2151	2030	1	0.001242
2151	2031	1	0.001242
2151	2034	1	0.001242
2151	2038	1	0.001242
2151	2039	1	0.001242
2151	2040	1	0.001242
2151	2046	1	0.001242
2153	2048	4	0.001541
2153	1722	165	0.063559
2153	2058	1	0.000385
2153	2062	155	0.059707
2153	2063	319	0.122881
2153	2066	1	0.000385
2153	2081	1	0.000385
2153	2083	2	0.000770
2153	2085	4	0.001541
2153	2086	13903	5.355547
2153	2096	230	0.088598
2153	2098	178	0.068567
2153	1715	6	0.002311
2153	2100	1749	0.673729
2153	2107	1	0.000385
2153	2112	770	0.296610
2153	2114	10	0.003852
2153	2116	569	0.219183
2153	2117	163	0.062789
2153	2122	1	0.000385
2153	2126	4	0.001541
2153	2128	155	0.059707
2153	2232	4	0.001541
2153	2130	169	0.065100
2153	1806	495	0.190678
2153	1622	8	0.003082
2153	1624	2	0.000770
2153	1625	2468	0.950693
2153	1626	1583	0.609784
2153	2141	42	0.016179
2153	2143	187	0.072034
2153	1634	23580	9.083205
2153	1637	1	0.000385
2153	2151	2	0.000770
2153	1640	1	0.000385
2153	1641	874	0.336672
2153	2157	157	0.060478
2153	2160	26	0.010015
2153	1649	8422	3.244222
2153	1651	7	0.002696
2153	1652	18389	7.083590
2153	1653	5	0.001926
2153	2167	15	0.005778
2153	2169	13	0.005008
2153	2239	2	0.000770
2153	1660	50	0.019260
2153	1661	439	0.169106
2153	2175	186	0.071649
2153	1664	235	0.090524
2153	1665	161	0.062018
2153	2180	3	0.001156
2153	2182	2580	0.993837
2153	2188	159	0.061248
2153	2189	2	0.000770
2153	1679	921	0.354777
2153	2192	159	0.061248
2153	2193	17	0.006549
2153	1682	12	0.004622
2153	1683	1690	0.651002
2153	1684	1	0.000385
2153	2197	275	0.105932
2153	2199	34	0.013097
2153	1689	1	0.000385
2153	1691	1	0.000385
2153	1692	163	0.062789
2153	2205	1	0.000385
2153	2207	160	0.061633
2153	2208	155	0.059707
2153	1676	1	0.000385
2153	1700	861	0.331664
2153	2213	1	0.000385
2153	1703	27	0.010401
2153	1704	237	0.091294
2153	2217	1	0.000385
2153	1707	13	0.005008
2153	2221	163	0.062789
2153	2227	222	0.085516
2153	1718	176	0.067797
2153	1719	155	0.059707
2153	1720	157	0.060478
2153	2234	3	0.001156
2153	2237	206	0.079353
2153	2165	1	0.000385
2153	1731	1	0.000385
2153	1735	2	0.000770
2153	2248	323	0.124422
2153	2249	11	0.004237
2153	2257	234	0.090139
2153	2258	835	0.321649
2153	2260	163	0.062789
2153	2262	155	0.059707
2153	2266	329	0.126733
2153	1757	9	0.003467
2153	1758	2	0.000770
2153	2272	382	0.147149
2153	2273	162	0.062404
2153	2275	167	0.064330
2153	2172	2	0.000770
2153	2283	325	0.125193
2153	2284	3	0.001156
2153	1773	158	0.060863
2153	1775	1	0.000385
2153	2289	155	0.059707
2153	2295	4	0.001541
2153	1784	159	0.061248
2153	2300	639	0.246148
2153	1645	1	0.000385
2153	1791	1	0.000385
2153	1792	3	0.001156
2153	2305	115	0.044299
2153	2308	4	0.001541
2153	2309	185	0.071263
2153	1798	2	0.000770
2153	2312	822	0.316641
2153	2316	1	0.000385
2153	2318	4411	1.699153
2153	1807	1	0.000385
2153	2321	3979	1.532743
2153	1814	200	0.077042
2153	1668	1	0.000385
2153	2351	819	0.315485
2153	1830	1	0.000385
2153	1838	12	0.004622
2153	1839	156	0.060092
2153	1845	10	0.003852
2153	1847	1971	0.759245
2153	2360	369	0.142142
2153	2361	98	0.037750
2153	2362	301	0.115948
2153	2365	164	0.063174
2153	1854	197	0.075886
2153	1858	1	0.000385
2153	1860	186	0.071649
2153	1865	1	0.000385
2153	2176	3928	1.513097
2153	1871	772	0.297381
2153	1763	4	0.001541
2153	1876	157	0.060478
2153	1877	1	0.000385
2153	1882	1	0.000385
2153	1883	274	0.105547
2153	1884	2	0.000770
2153	1885	1	0.000385
2153	1892	3526	1.358243
2153	1898	2	0.000770
2153	1899	166	0.063945
2153	1900	51	0.019646
2153	2194	1	0.000385
2153	1902	1	0.000385
2153	1904	157	0.060478
2153	1905	8	0.003082
2153	1910	164	0.063174
2153	1913	2130	0.820493
2153	1916	5	0.001926
2153	1918	159	0.061248
2153	1921	526	0.202619
2153	1922	5	0.001926
2153	1923	1	0.000385
2153	1927	4	0.001541
2153	1932	7	0.002696
2153	1936	2	0.000770
2153	1938	157	0.060478
2153	1940	1	0.000385
2153	1944	1	0.000385
2153	1945	159	0.061248
2153	1947	2	0.000770
2153	1949	86	0.033128
2153	1955	155	0.059707
2153	1957	17273	6.653698
2153	1958	7	0.002696
2153	1959	1	0.000385
2153	1961	786	0.302773
2153	1965	5	0.001926
2153	1967	166	0.063945
2153	1975	1668	0.642527
2153	1696	155	0.059707
2153	1986	202	0.077812
2153	2163	167	0.064330
2153	1988	1	0.000385
2153	1996	2	0.000770
2153	1998	1301	0.501156
2153	2012	8	0.003082
2153	2016	209	0.080508
2153	2021	3	0.001156
2153	2026	155	0.059707
2153	2032	192	0.073960
2153	2042	155	0.059707
2153	2045	1	0.000385
2156	1921	21	0.069536
2156	2182	3	0.009934
2157	2273	6	1.500000
2157	1858	4	1.000000
2157	1961	28	7.000000
2157	2026	4	1.000000
2157	2126	4	1.000000
2157	2197	4	1.000000
2157	2362	4	1.000000
2158	2048	13	0.077844
2158	1792	23	0.137725
2158	2178	2	0.011976
2158	1921	1	0.005988
2158	2316	1	0.005988
2158	2318	316	1.892216
2158	2063	2	0.011976
2158	1765	2	0.011976
2158	2199	1	0.005988
2158	2201	2	0.011976
2158	1947	10	0.059880
2158	1695	2	0.011976
2158	1825	2	0.011976
2158	2085	24	0.143713
2158	1905	25	0.149701
2158	1705	1	0.005988
2158	2091	2	0.011976
2158	1838	23	0.137725
2158	1629	1	0.005988
2158	1975	1	0.005988
2158	2232	2	0.011976
2158	1721	2	0.011976
2158	2362	8	0.047904
2158	1724	2	0.011976
2158	2112	517	3.095808
2158	1861	2	0.011976
2158	1735	5	0.029940
2158	2248	1	0.005988
2158	1869	2	0.011976
2158	2256	2	0.011976
2158	1763	1	0.005988
2158	1876	1	0.005988
2158	1877	11	0.065868
2158	1622	46	0.275449
2158	1626	1	0.005988
2158	1807	2	0.011976
2158	2141	157	0.940120
2158	1887	2	0.011976
2158	1634	1933	11.574850
2158	2147	2	0.011976
2158	2277	1	0.005988
2158	2027	2	0.011976
2158	2284	23	0.137725
2158	2032	2	0.011976
2158	1649	90	0.538922
2158	1683	2	0.011976
2158	1653	1	0.005988
2158	1961	2	0.011976
2158	1913	244	1.461078
2158	1663	2	0.011976
2158	2047	2	0.011976
2160	1921	10	0.004533
2160	1923	1	0.000453
2160	2321	1	0.000453
2160	2194	12	0.005440
2160	1683	4	0.001813
2160	1812	1	0.000453
2160	1814	3	0.001360
2160	2199	1	0.000453
2160	2333	1	0.000453
2160	1957	3	0.001360
2160	2091	4	0.001813
2160	2098	3	0.001360
2160	1715	18	0.008160
2160	2100	1	0.000453
2160	1718	2	0.000907
2160	1847	1	0.000453
2160	2232	18	0.008160
2160	2362	2	0.000907
2160	2107	4	0.001813
2160	2114	31	0.014053
2160	1731	1	0.000453
2160	1860	2	0.000907
2160	1869	1	0.000453
2160	1998	3	0.001360
2160	1871	1	0.000453
2160	2258	1	0.000453
2160	1634	2	0.000907
2160	1637	1	0.000453
2160	2032	1	0.000453
2160	1649	2	0.000907
2160	1652	2	0.000907
2160	1916	1	0.000453
2160	2045	1	0.000453
2160	1791	1	0.000453
2162	1735	148	37.000000
2163	1634	40	10.000000
2163	2182	8	2.000000
2163	2249	8	2.000000
2163	2318	8	2.000000
2163	2258	192	48.000000
2163	1722	12	3.000000
2164	1735	279	34.875000
2165	2009	1	0.033333
2165	1956	1	0.033333
2165	2270	1	0.033333
2165	2169	1	0.033333
2167	2176	6	0.028436
2167	1664	1	0.004739
2167	1922	2	0.009479
2167	2182	2	0.009479
2167	2312	9	0.042654
2167	2318	420	1.990521
2167	2321	4	0.018957
2167	1683	602	2.853081
2167	2197	90	0.426540
2167	2086	5	0.023697
2167	2098	2	0.009479
2167	1715	3	0.014218
2167	1847	3	0.014218
2167	2232	1	0.004739
2167	2237	1	0.004739
2167	1854	3	0.014218
2167	2114	1	0.004739
2167	1860	1	0.004739
2167	1720	1	0.004739
2167	1998	12	0.056872
2167	2257	26	0.123223
2167	2130	113	0.535545
2167	1876	1	0.004739
2167	1626	1	0.004739
2167	1883	1	0.004739
2167	1634	2514	11.914692
2167	1892	5	0.023697
2167	1641	1	0.004739
2167	2160	7	0.033175
2167	1652	1	0.004739
2167	1653	2	0.009479
2167	1913	420	1.990521
2167	1660	90	0.426540
2169	1634	780	9.873418
2169	2308	5	0.063291
2169	2182	10	0.126582
2169	2318	156	1.974684
2169	1775	2	0.025316
2169	2096	355	4.493671
2169	2321	6	0.075949
2169	2143	5	0.063291
2170	1921	751	0.085012
2170	2180	22	0.002490
2170	2285	1	0.000113
2170	2320	30	0.003396
2170	1683	1	0.000113
2170	2325	4	0.000453
2170	2199	1	0.000113
2170	1690	1	0.000113
2170	1882	9	0.001019
2170	2206	3	0.000340
2170	2160	3	0.000340
2170	1826	395	0.044714
2170	2353	1	0.000113
2170	1961	3	0.000340
2170	1835	4	0.000453
2170	2222	3	0.000340
2170	1847	1	0.000113
2170	1717	1	0.000113
2170	2359	2	0.000226
2170	2232	1	0.000113
2170	2363	1	0.000113
2170	2112	19	0.002151
2170	1857	3	0.000340
2170	2114	21	0.002377
2170	1735	3	0.000340
2170	1856	3	0.000340
2170	1872	2	0.000226
2170	1626	46	0.005207
2170	1885	4	0.000453
2170	1634	5	0.000566
2170	1645	15	0.001698
2170	2031	39	0.004415
2170	2032	1	0.000113
2170	1649	110	0.012452
2170	1914	2	0.000226
2170	2174	7259	0.821712
2171	1775	1	0.004566
2172	1634	2554	11.452915
2172	2117	1	0.004484
2172	2182	2	0.008969
2172	2318	446	2.000000
2172	1683	761	3.412556
2172	1913	446	2.000000
2172	1626	6	0.026906
2174	1921	932	0.105073
2174	2180	22	0.002480
2174	2285	1	0.000113
2174	2320	30	0.003382
2174	1683	1	0.000113
2174	2325	4	0.000451
2174	2199	1	0.000113
2174	1690	1	0.000113
2174	1882	9	0.001015
2174	2206	3	0.000338
2174	2160	4	0.000451
2174	1826	395	0.044532
2174	1961	3	0.000338
2174	1835	4	0.000451
2174	2222	3	0.000338
2174	2353	1	0.000113
2174	1717	1	0.000113
2174	1847	1	0.000113
2174	2232	1	0.000113
2174	2363	1	0.000113
2174	1856	3	0.000338
2174	1857	3	0.000338
2174	2114	20	0.002255
2174	1735	2	0.000225
2174	2112	19	0.002142
2174	2359	2	0.000225
2174	1872	2	0.000225
2174	1626	46	0.005186
2174	1885	4	0.000451
2174	1634	5	0.000564
2174	1645	15	0.001691
2174	2031	39	0.004397
2174	2032	1	0.000113
2174	1649	110	0.012401
2174	1914	2	0.000225
2175	2182	4	0.010152
2175	1998	1	0.002538
2175	1735	4	0.010152
2176	1664	7	0.005220
2176	1921	1	0.000746
2176	1922	19	0.014169
2176	1923	2	0.001491
2176	2182	51	0.038031
2176	2312	473	0.352722
2176	2318	2661	1.984340
2176	2321	5	0.003729
2176	1683	6	0.004474
2176	2197	6	0.004474
2176	1949	536	0.399702
2176	1704	1	0.000746
2176	2221	1	0.000746
2176	2096	45	0.033557
2176	2098	3	0.002237
2176	1715	1	0.000746
2176	2100	1	0.000746
2176	1847	12	0.008949
2176	2360	7	0.005220
2176	2361	417	0.310962
2176	2237	181	0.134974
2176	1660	2	0.001491
2176	1860	104	0.077554
2176	2248	2	0.001491
2176	1998	17	0.012677
2176	2257	721	0.537658
2176	2260	2	0.001491
2176	1624	1	0.000746
2176	1625	14	0.010440
2176	1626	457	0.340790
2176	2272	124	0.092468
2176	1634	13343	9.950037
2176	1641	1776	1.324385
2176	2160	13	0.009694
2176	1651	22	0.016406
2176	1652	23349	17.411633
2176	1913	756	0.563758
2176	1916	5	0.003729
2176	1661	4	0.002983
2176	1918	1	0.000746
2177	1735	115	38.333333
2178	2112	3	0.003727
2178	1921	6	0.007453
2178	1731	6	0.007453
2178	1961	2	0.002484
2179	2112	1	0.008850
2179	1634	1130	10.000000
2179	2248	2	0.017699
2179	2318	226	2.000000
2179	2160	3	0.026549
2179	1683	2	0.017699
2179	1877	1	0.008850
2179	1718	1	0.008850
2179	1913	113	1.000000
2179	2362	15	0.132743
2179	1757	1	0.008850
2180	2272	36	0.493151
2180	2176	2	0.027397
2180	1958	1	0.013699
2180	2182	1	0.013699
2180	1996	1	0.013699
2180	1645	17	0.232877
2180	1882	17	0.232877
2180	1916	1	0.013699
2180	2362	1	0.013699
2182	1664	11	0.058511
2182	2308	1	0.005319
2182	1927	1	0.005319
2182	2058	2	0.010638
2182	2189	4	0.021277
2182	2318	362	1.925532
2182	2321	21	0.111702
2182	1682	4	0.021277
2182	1940	2	0.010638
2182	1626	9	0.047872
2182	1957	1	0.005319
2182	1958	3	0.015957
2182	1703	9	0.047872
2182	1707	1	0.005319
2182	2221	5	0.026596
2182	1967	5	0.026596
2182	1845	7	0.037234
2182	1865	2	0.010638
2182	1722	160	0.851064
2182	2114	1	0.005319
2182	1988	2	0.010638
2182	2249	124	0.659574
2182	1996	2	0.010638
2182	1998	2	0.010638
2182	2258	2843	15.122340
2182	1625	1	0.005319
2182	2266	7	0.037234
2182	1883	1	0.005319
2182	1884	2	0.010638
2182	2143	6	0.031915
2182	2016	7	0.037234
2182	1634	1810	9.627660
2182	1830	2	0.010638
2182	2193	3	0.015957
2182	1640	2	0.010638
2182	1898	2	0.010638
2182	1959	1	0.005319
2182	1645	1	0.005319
2182	1775	2	0.010638
2182	2160	2	0.010638
2182	2163	157	0.835106
2182	1652	1	0.005319
2182	1882	1	0.005319
2182	1791	2	0.010638
2182	2300	1	0.005319
2182	1918	2	0.010638
2182	2175	4	0.021277
2184	1664	6	3.000000
2184	1634	20	10.000000
2184	2182	4	2.000000
2184	2318	4	2.000000
2184	2321	6	3.000000
2184	2258	2	1.000000
2185	1735	148	37.000000
2186	1664	7	0.072917
2186	2305	127	1.322917
2186	2188	6	0.062500
2186	2318	192	2.000000
2186	2063	3	0.031250
2186	2321	1	0.010417
2186	1683	1	0.010417
2186	2199	1	0.010417
2186	1957	1	0.010417
2186	2086	135	1.406250
2186	2227	113	1.177083
2186	1718	1	0.010417
2186	2360	270	2.812500
2186	2361	1	0.010417
2186	1854	1	0.010417
2186	1986	81	0.843750
2186	2116	1412	14.708333
2186	2248	19	0.197917
2186	2176	6	0.062500
2186	1626	7	0.072917
2186	1679	1	0.010417
2186	1757	1	0.010417
2186	2272	1	0.010417
2186	1634	1043	10.864583
2186	2275	1	0.010417
2186	1649	1	0.010417
2186	1913	199	2.072917
2187	2112	1	0.016393
2187	1665	1	0.016393
2187	1634	673	11.032787
2187	2116	1	0.016393
2187	1957	2	0.032787
2187	2248	3	0.049180
2187	2318	156	2.557377
2187	2351	1	0.016393
2187	2321	73	1.196721
2187	1913	122	2.000000
2188	1910	1	0.090909
2189	1961	1	0.052632
2189	1683	2	0.105263
2189	1918	5	0.263158
2189	2182	3	0.157895
2189	2175	1	0.052632
2190	1921	750	0.084717
2190	2180	22	0.002485
2190	2285	1	0.000113
2190	2320	30	0.003389
2190	1683	1	0.000113
2190	2325	4	0.000452
2190	2199	1	0.000113
2190	1690	1	0.000113
2190	1882	9	0.001017
2190	2206	3	0.000339
2190	2160	3	0.000339
2190	1826	395	0.044618
2190	2353	1	0.000113
2190	1961	3	0.000339
2190	1835	4	0.000452
2190	2222	3	0.000339
2190	1847	1	0.000113
2190	1717	1	0.000113
2190	2359	2	0.000226
2190	2232	1	0.000113
2190	2363	1	0.000113
2190	2112	19	0.002146
2190	1857	3	0.000339
2190	2114	21	0.002372
2190	1735	3	0.000339
2190	1856	3	0.000339
2190	1872	2	0.000226
2190	1626	46	0.005196
2190	1885	4	0.000452
2190	1634	5	0.000565
2190	1645	15	0.001694
2190	2031	39	0.004405
2190	2032	1	0.000113
2190	1649	110	0.012425
2190	1914	2	0.000226
2190	2174	7231	0.816785
2192	1664	1	0.058824
2192	1634	170	10.000000
2192	2182	108	6.352941
2192	1703	36	2.117647
2192	2318	34	2.000000
2192	2258	18	1.058824
2192	1683	18	1.058824
2193	2160	4	0.013652
2193	1634	2820	9.624573
2193	2182	564	1.924915
2193	2318	564	1.924915
2194	2160	26	2.888889
2194	2232	30	3.333333
2194	2114	27	3.000000
2194	1634	9	1.000000
2195	2305	17	1.000000
2195	1634	187	11.000000
2195	2116	218	12.823529
2195	2086	17	1.000000
2195	1986	17	1.000000
2195	2318	34	2.000000
2195	2063	3	0.176471
2195	2227	17	1.000000
2195	2360	51	3.000000
2195	1913	34	2.000000
2196	1664	2	0.018349
2196	2305	109	1.000000
2196	2318	218	2.000000
2196	1679	1	0.009174
2196	2321	1	0.009174
2196	1683	1	0.009174
2196	2199	1	0.009174
2196	1957	1	0.009174
2196	2086	110	1.009174
2196	2227	109	1.000000
2196	1718	1	0.009174
2196	2360	329	3.018349
2196	2361	1	0.009174
2196	1854	1	0.009174
2196	1986	109	1.000000
2196	2116	1936	17.761468
2196	2248	19	0.174312
2196	2063	3	0.027523
2196	1757	1	0.009174
2196	2272	1	0.009174
2196	1634	1200	11.009174
2196	2275	1	0.009174
2196	1649	1	0.009174
2196	1913	221	2.027523
2197	2273	19332	1.000000
2197	1858	19330	0.999897
2197	2083	19332	1.000000
2197	1961	193329	10.000466
2197	2026	19330	0.999897
2197	2157	19330	0.999897
2197	2126	19330	0.999897
2197	2362	19330	0.999897
2199	1664	15	0.009646
2199	1921	3	0.001929
2199	2182	6	0.003859
2199	2188	6	0.003859
2199	2114	22	0.014148
2199	2318	3080	1.980707
2199	2063	4	0.002572
2199	2321	24	0.015434
2199	2194	1	0.000643
2199	1683	11	0.007074
2199	2201	1	0.000643
2199	1820	1	0.000643
2199	2032	1	0.000643
2199	1957	73	0.046945
2199	1704	3	0.001929
2199	1707	1	0.000643
2199	2221	12	0.007717
2199	2351	6	0.003859
2199	2096	6	0.003859
2199	1715	1	0.000643
2199	1718	1	0.000643
2199	2232	1	0.000643
2199	2362	11	0.007074
2199	2112	15	0.009646
2199	1986	66	0.042444
2199	1735	3	0.001929
2199	2248	7	0.004502
2199	2249	1	0.000643
2199	2122	12	0.007717
2199	1998	7	0.004502
2199	2258	1	0.000643
2199	2062	2	0.001286
2199	1626	34	0.021865
2199	1807	2	0.001286
2199	1757	5	0.003215
2199	2143	2	0.001286
2199	2273	3	0.001929
2199	1634	15404	9.906109
2199	1892	2	0.001286
2199	2151	1	0.000643
2199	2283	1	0.000643
2199	1679	52	0.033441
2199	1775	1	0.000643
2199	2160	6	0.003859
2199	1649	2	0.001286
2199	1652	16	0.010289
2199	1653	1	0.000643
2199	1910	4	0.002572
2199	1913	1541	0.990997
2199	1916	1	0.000643
2199	1877	3	0.001929
2200	1913	6	2.000000
2200	1634	36	12.000000
2200	2141	3	1.000000
2200	2318	6	2.000000
2200	1649	3	1.000000
2201	2112	6	0.187500
2201	1905	3	0.093750
2202	2112	26	0.590909
2202	2048	6	0.136364
2202	1634	510	11.590909
2202	2085	3	0.068182
2202	2318	84	1.909091
2202	1649	38	0.863636
2202	1913	72	1.636364
2202	2141	42	0.954545
2204	2112	2	0.019608
2205	1664	6	0.016260
2205	2176	14	0.037940
2205	1923	2	0.005420
2205	2180	1	0.002710
2205	1927	3	0.008130
2205	2189	1	0.002710
2205	2318	738	2.000000
2205	1679	10	0.027100
2205	1936	2	0.005420
2205	1683	830	2.249322
2205	1940	1	0.002710
2205	2197	151	0.409214
2205	1860	4	0.010840
2205	2160	6	0.016260
2205	2083	1	0.002710
2205	1700	2	0.005420
2205	1957	2	0.005420
2205	1958	3	0.008130
2205	1703	1	0.002710
2205	2217	1	0.002710
2205	1707	2	0.005420
2205	1715	3	0.008130
2205	2100	16	0.043360
2205	1847	5	0.013550
2205	2362	3	0.008130
2205	2365	4	0.010840
2205	2116	2	0.005420
2205	2248	1	0.002710
2205	1865	1	0.002710
2205	1996	3	0.008130
2205	2257	2	0.005420
2205	1626	8	0.021680
2205	1884	1	0.002710
2205	1758	1	0.002710
2205	2213	1	0.002710
2205	2272	2	0.005420
2205	1634	4060	11.002710
2205	1892	7	0.018970
2205	2086	6	0.016260
2205	1916	3	0.008130
2205	1898	2	0.005420
2205	1900	541	1.466125
2205	2032	2	0.005420
2205	1913	738	2.000000
2205	1660	7	0.018970
2205	1791	1	0.002710
2206	1921	750	0.084232
2206	2180	22	0.002471
2206	2285	1	0.000112
2206	2320	30	0.003369
2206	1683	1	0.000112
2206	2325	4	0.000449
2206	2199	1	0.000112
2206	1690	1	0.000112
2206	1882	9	0.001011
2206	2160	3	0.000337
2206	1826	395	0.044362
2206	2353	1	0.000112
2206	1961	3	0.000337
2206	1835	4	0.000449
2206	2222	3	0.000337
2206	1847	1	0.000112
2206	1717	1	0.000112
2206	2359	2	0.000225
2206	2232	1	0.000112
2206	2363	1	0.000112
2206	2112	19	0.002134
2206	1857	3	0.000337
2206	2114	21	0.002358
2206	1735	3	0.000337
2206	1856	3	0.000337
2206	1872	2	0.000225
2206	1626	46	0.005166
2206	1885	4	0.000449
2206	1634	5	0.000562
2206	1645	15	0.001685
2206	2031	39	0.004380
2206	2032	1	0.000112
2206	1649	110	0.012354
2206	1914	2	0.000225
2206	2174	7174	0.805705
2207	1634	260	10.000000
2207	2248	27	1.038462
2207	2283	1	0.038462
2207	2318	52	2.000000
2207	2351	1	0.038462
2207	1871	3	0.115385
2208	1634	33	8.250000
2208	2318	6	1.500000
2208	1975	4	1.000000
2209	1913	4	2.000000
2209	1634	22	11.000000
2209	2318	4	2.000000
2209	2351	2	1.000000
2210	1664	6	0.333333
2210	1634	216	12.000000
2210	1957	1	0.055556
2210	2312	2	0.111111
2210	2318	54	3.000000
2210	2321	29	1.611111
2210	1683	6	0.333333
2210	1913	36	2.000000
2210	2248	2	0.111111
2213	1705	3	0.230769
2213	2182	3	0.230769
2216	2176	8	0.001414
2216	1664	191	0.033763
2216	1922	2	0.000354
2216	1923	1	0.000177
2216	2180	2	0.000354
2216	2182	8	0.001414
2216	1927	2	0.000354
2216	1986	1	0.000177
2216	2318	11190	1.978080
2216	1807	1	0.000177
2216	2321	4	0.000707
2216	1683	15	0.002652
2216	2197	1	0.000177
2216	2308	1	0.000177
2216	1949	3	0.000530
2216	1957	9	0.001591
2216	1958	4	0.000707
2216	2221	1	0.000177
2216	2096	7	0.001237
2216	2098	4	0.000707
2216	1715	3	0.000530
2216	2100	2	0.000354
2216	1847	19625	3.469153
2216	2361	1	0.000177
2216	2114	1	0.000177
2216	1860	3	0.000530
2216	1996	1	0.000177
2216	1998	66	0.011667
2216	2257	74	0.013081
2216	2300	7	0.001237
2216	1625	38702	6.841435
2216	1626	30	0.005303
2216	2063	1	0.000177
2216	2143	3	0.000530
2216	1634	56164	9.928231
2216	2086	6	0.001061
2216	1641	5	0.000884
2216	2160	4	0.000707
2216	1652	34	0.006010
2216	1913	10921	1.930529
2216	1916	4	0.000707
2217	1921	1	0.015385
2217	2182	1	0.015385
2217	1998	1	0.015385
2217	1847	7	0.107692
2218	1921	123	1.000000
2218	1898	123	1.000000
2219	1634	377	13.000000
2219	2283	7	0.241379
2219	2126	7	0.241379
2219	2318	58	2.000000
2219	2351	9	0.310345
2219	2321	4	0.137931
2219	2197	65	2.241379
2219	1913	29	1.000000
2219	1679	3	0.103448
2219	1660	36	1.241379
2219	2207	10	0.344828
2220	2176	10	0.001953
2220	1664	191	0.037305
2220	1922	2	0.000391
2220	1923	1	0.000195
2220	2180	2	0.000391
2220	2182	8	0.001563
2220	1927	2	0.000391
2220	2318	10116	1.975781
2220	1807	1	0.000195
2220	2321	4	0.000781
2220	1683	16	0.003125
2220	2197	1	0.000195
2220	2308	1	0.000195
2220	1949	1	0.000195
2220	1957	9	0.001758
2220	1958	5	0.000977
2220	2221	1	0.000195
2220	2096	7	0.001367
2220	2098	4	0.000781
2220	1715	3	0.000586
2220	2100	2	0.000391
2220	1847	4242	0.828516
2220	2361	1	0.000195
2220	1986	1	0.000195
2220	1860	2	0.000391
2220	1998	66	0.012891
2220	2257	75	0.014648
2220	2300	7	0.001367
2220	1625	35851	7.002148
2220	1626	30	0.005859
2220	2063	1	0.000195
2220	2143	3	0.000586
2220	1634	50794	9.920703
2220	2086	6	0.001172
2220	1641	5	0.000977
2220	2160	4	0.000781
2220	1652	34	0.006641
2220	1913	10015	1.956055
2220	1916	4	0.000781
2221	1664	13	0.158537
2221	1665	1	0.012195
2221	2318	164	2.000000
2221	2063	113	1.378049
2221	2321	250	3.048780
2221	1945	2	0.024390
2221	1949	2	0.024390
2221	1955	1	0.012195
2221	1957	19	0.231707
2221	1704	18	0.219512
2221	1961	1	0.012195
2221	2351	1	0.012195
2221	2096	1	0.012195
2221	1847	2	0.024390
2221	1854	1	0.012195
2221	2117	4	0.048780
2221	2248	142	1.731707
2221	1871	2	0.024390
2221	1626	35	0.426829
2221	1679	1	0.012195
2221	1634	902	11.000000
2221	1913	164	2.000000
2221	2175	1	0.012195
2222	1856	3	0.000338
2222	2180	22	0.002482
2222	1921	749	0.084499
2222	2285	1	0.000113
2222	2320	30	0.003384
2222	1683	1	0.000113
2222	2325	4	0.000451
2222	2199	1	0.000113
2222	1690	1	0.000113
2222	1882	9	0.001015
2222	2206	3	0.000338
2222	2160	3	0.000338
2222	1826	400	0.045126
2222	1961	3	0.000338
2222	1835	4	0.000451
2222	2353	1	0.000113
2222	1717	1	0.000113
2222	1847	1	0.000113
2222	2232	1	0.000113
2222	2363	1	0.000113
2222	2112	19	0.002144
2222	1857	3	0.000338
2222	2114	21	0.002369
2222	1735	3	0.000338
2222	2359	2	0.000226
2222	1872	2	0.000226
2222	1626	46	0.005190
2222	1885	4	0.000451
2222	1634	5	0.000564
2222	1645	15	0.001692
2222	2031	39	0.004400
2222	2032	1	0.000113
2222	1649	110	0.012410
2222	1914	2	0.000226
2222	2174	7166	0.808439
2225	2096	63	3.000000
2225	1634	210	10.000000
2225	2318	42	2.000000
2227	2272	1	0.047619
2227	1634	231	11.000000
2227	2318	42	2.000000
2227	1679	25	1.190476
2227	1683	2	0.095238
2227	1913	26	1.238095
2228	1735	82	41.000000
2231	1735	82	41.000000
2232	2112	1	0.000359
2232	1921	13	0.004661
2232	2114	15	0.005378
2232	2083	3	0.001076
2232	2182	1	0.000359
2232	1958	11	0.003944
2232	1927	2	0.000717
2232	2221	2	0.000717
2232	2160	10	0.003586
2232	1634	1	0.000359
2232	2362	4	0.001434
2234	1913	218	2.000000
2234	1634	1199	11.000000
2234	1683	190	1.743119
2234	2116	1	0.009174
2234	2318	218	2.000000
2236	1913	4	2.000000
2236	1634	22	11.000000
2236	2318	4	2.000000
2236	2351	2	1.000000
2237	1986	7	1.000000
2238	1921	749	0.084556
2238	2180	22	0.002484
2238	2285	1	0.000113
2238	2320	30	0.003387
2238	1683	1	0.000113
2238	2325	4	0.000452
2238	2199	1	0.000113
2238	1690	1	0.000113
2238	1882	9	0.001016
2238	2206	3	0.000339
2238	2160	3	0.000339
2238	1826	396	0.044705
2238	2353	1	0.000113
2238	1961	3	0.000339
2238	1835	4	0.000452
2238	2222	3	0.000339
2238	1847	1	0.000113
2238	1717	1	0.000113
2238	2359	2	0.000226
2238	2232	1	0.000113
2238	2363	1	0.000113
2238	2112	19	0.002145
2238	1857	3	0.000339
2238	2114	21	0.002371
2238	1735	3	0.000339
2238	1856	3	0.000339
2238	1872	2	0.000226
2238	1626	46	0.005193
2238	1885	4	0.000452
2238	1634	5	0.000564
2238	1645	15	0.001693
2238	2031	39	0.004403
2238	2032	1	0.000113
2238	1649	110	0.012418
2238	1914	2	0.000226
2238	2174	7147	0.806841
2239	1634	55	11.000000
2239	1704	2	0.400000
2239	2221	10	2.000000
2239	2318	10	2.000000
2239	2098	4	0.800000
2239	1683	5	1.000000
2239	1718	4	0.800000
2239	1913	10	2.000000
2239	1854	4	0.800000
2241	1735	115	38.333333
2242	2096	101	7.214286
2242	2169	13	0.928571
2242	1634	156	11.142857
2242	1700	16	1.142857
2242	2318	28	2.000000
2243	1735	114	38.000000
2247	2248	17	2.125000
2247	1913	16	2.000000
2247	1634	88	11.000000
2247	2318	16	2.000000
2247	2321	16	2.000000
2248	1634	753	11.073529
2248	1957	5	0.073529
2248	2086	4	0.058824
2248	2221	7	0.102941
2248	2318	137	2.014706
2248	2321	145	2.132353
2248	1958	1	0.014706
2249	2258	4	1.000000
2249	1634	20	5.000000
2249	2182	10	2.500000
2249	2318	4	1.000000
2250	1634	377	13.000000
2250	2283	7	0.241379
2250	2126	7	0.241379
2250	2318	58	2.000000
2250	2351	8	0.275862
2250	2321	4	0.137931
2250	2197	65	2.241379
2250	1913	29	1.000000
2250	1679	3	0.103448
2250	1660	36	1.241379
2250	2207	10	0.344828
2253	1664	8	0.727273
2253	1634	121	11.000000
2253	2248	2	0.181818
2253	2318	22	2.000000
2253	2100	467	42.454545
2253	1913	11	1.000000
2253	1626	11	1.000000
2253	2362	8	0.727273
2254	1664	54	1.000000
2254	1634	578	10.703704
2254	2182	2	0.037037
2254	2318	108	2.000000
2254	2321	534	9.888889
2254	1814	1	0.018519
2254	1913	54	1.000000
2256	1921	1	0.027778
2256	1962	25	0.694444
2256	1683	5	0.138889
2256	2197	1	0.027778
2256	1649	1	0.027778
2257	2176	180	0.661765
2257	2272	22	0.080882
2257	1634	2656	9.764706
2257	1625	7	0.025735
2257	1641	5	0.018382
2257	2318	528	1.941176
2257	2160	1	0.003676
2257	2098	2	0.007353
2257	1683	3	0.011029
2257	1652	8	0.029412
2257	1998	8	0.029412
2257	1847	5	0.018382
2257	1913	213	0.783088
2257	1664	2	0.007353
2257	1660	1	0.003676
2257	1949	7	0.025735
2257	2197	1	0.003676
2258	2182	189	2.362500
2258	2058	2	0.025000
2258	2189	1	0.012500
2258	2318	150	1.875000
2258	1940	2	0.025000
2258	2197	1	0.012500
2258	1958	2	0.025000
2258	1703	2	0.025000
2258	1707	1	0.012500
2258	1865	2	0.025000
2258	1722	240	3.000000
2258	1988	1	0.012500
2258	2249	186	2.325000
2258	1996	2	0.025000
2258	1998	2	0.025000
2258	1625	2	0.025000
2258	2266	1	0.012500
2258	1883	1	0.012500
2258	1884	2	0.025000
2258	1634	754	9.425000
2258	1830	2	0.025000
2258	1640	2	0.025000
2258	1898	2	0.025000
2258	1775	2	0.025000
2258	2160	2	0.025000
2258	2163	226	2.825000
2258	1791	2	0.025000
2260	1634	30	10.000000
2260	2182	12	4.000000
2260	2318	6	2.000000
2262	1913	1	0.200000
2262	1634	44	8.800000
2262	2197	1	0.200000
2262	2318	8	1.600000
2262	1975	5	1.000000
2264	1921	752	0.084828
2264	2180	22	0.002482
2264	2285	1	0.000113
2264	2320	30	0.003384
2264	1683	1	0.000113
2264	2325	4	0.000451
2264	2199	1	0.000113
2264	1690	1	0.000113
2264	1882	9	0.001015
2264	2206	3	0.000338
2264	2160	3	0.000338
2264	1826	395	0.044557
2264	2353	1	0.000113
2264	1961	3	0.000338
2264	1835	4	0.000451
2264	2222	3	0.000338
2264	1847	1	0.000113
2264	1717	1	0.000113
2264	2359	2	0.000226
2264	2232	1	0.000113
2264	2363	1	0.000113
2264	2112	19	0.002143
2264	1857	3	0.000338
2264	2114	21	0.002369
2264	1735	3	0.000338
2264	1856	3	0.000338
2264	1872	2	0.000226
2264	1626	46	0.005189
2264	1885	4	0.000451
2264	1634	5	0.000564
2264	1645	15	0.001692
2264	2031	39	0.004399
2264	2032	1	0.000113
2264	1649	110	0.012408
2264	1914	2	0.000226
2264	2174	7240	0.816695
2265	1847	1	0.250000
2266	1664	21	2.625000
2266	2016	39	4.875000
2266	1634	80	10.000000
2266	2182	13	1.625000
2266	2318	16	2.000000
2266	2321	30	3.750000
2266	2258	4	0.500000
2267	1640	4	0.181818
2267	1921	46	2.090909
2270	1921	749	0.084299
2270	2180	22	0.002476
2270	2285	1	0.000113
2270	2320	30	0.003376
2270	1683	1	0.000113
2270	2325	4	0.000450
2270	2199	1	0.000113
2270	1690	1	0.000113
2270	1882	9	0.001013
2270	2206	3	0.000338
2270	2160	3	0.000338
2270	1826	395	0.044457
2270	1961	4	0.000450
2270	1835	4	0.000450
2270	2222	3	0.000338
2270	2353	1	0.000113
2270	1717	1	0.000113
2270	1847	1	0.000113
2270	2232	1	0.000113
2270	2363	1	0.000113
2270	2112	19	0.002138
2270	1857	3	0.000338
2270	2114	21	0.002364
2270	1735	3	0.000338
2270	2359	2	0.000225
2270	1856	3	0.000338
2270	1872	2	0.000225
2270	1626	46	0.005177
2270	1885	4	0.000450
2270	1634	5	0.000563
2270	1645	15	0.001688
2270	2031	39	0.004389
2270	2032	1	0.000113
2270	1649	110	0.012380
2270	1914	2	0.000225
2270	2174	7143	0.803939
2272	2176	184	7.360000
2272	1641	2	0.080000
2272	1634	245	9.800000
2272	2318	49	1.960000
2272	2321	2	0.080000
2273	1858	19578	0.999898
2273	2083	19580	1.000000
2273	1961	195809	10.000460
2273	2026	19578	0.999898
2273	2157	19578	0.999898
2273	2126	19578	0.999898
2273	2197	19578	0.999898
2273	2362	19578	0.999898
2275	2114	1	0.023256
2275	1731	1	0.023256
2275	1637	1	0.023256
2275	1806	1	0.023256
2275	2160	1	0.023256
2275	2232	1	0.023256
2275	1626	2	0.046512
2275	2045	1	0.023256
2277	2047	3	1.000000
2278	1921	1	0.111111
2279	1735	81	40.500000
2282	1921	752	0.084885
2282	2180	22	0.002483
2282	2285	1	0.000113
2282	2320	30	0.003386
2282	1683	1	0.000113
2282	2325	4	0.000452
2282	2199	1	0.000113
2282	1690	1	0.000113
2282	1882	9	0.001016
2282	2206	3	0.000339
2282	2160	3	0.000339
2282	1826	395	0.044587
2282	2353	1	0.000113
2282	1961	3	0.000339
2282	1835	4	0.000452
2282	2222	3	0.000339
2282	1847	1	0.000113
2282	1717	1	0.000113
2282	2359	2	0.000226
2282	2232	1	0.000113
2282	2363	1	0.000113
2282	2112	19	0.002145
2282	1857	3	0.000339
2282	2114	21	0.002370
2282	1735	3	0.000339
2282	1856	3	0.000339
2282	1872	2	0.000226
2282	1626	46	0.005192
2282	1885	4	0.000452
2282	1634	5	0.000564
2282	1645	15	0.001693
2282	2031	39	0.004402
2282	2032	1	0.000113
2282	1649	110	0.012417
2282	1914	2	0.000226
2282	2174	7219	0.814878
2283	1634	32	1.032258
2283	2083	1	0.032258
2283	1773	1	0.032258
2283	1679	5	0.161290
2283	2362	1	0.032258
2283	1660	1	0.032258
2284	1792	25	0.147929
2284	2048	13	0.076923
2284	2178	2	0.011834
2284	1921	1	0.005917
2284	2316	1	0.005917
2284	2318	320	1.893491
2284	2063	3	0.017751
2284	1683	2	0.011834
2284	2199	1	0.005917
2284	2201	2	0.011834
2284	1947	10	0.059172
2284	1695	2	0.011834
2284	1825	2	0.011834
2284	2085	26	0.153846
2284	1649	88	0.520710
2284	1705	1	0.005917
2284	2091	2	0.011834
2284	1838	25	0.147929
2284	1629	1	0.005917
2284	1975	1	0.005917
2284	2232	2	0.011834
2284	1721	2	0.011834
2284	2362	4	0.023669
2284	1724	2	0.011834
2284	2112	562	3.325444
2284	1861	2	0.011834
2284	1735	5	0.029586
2284	2248	1	0.005917
2284	1869	2	0.011834
2284	2256	2	0.011834
2284	2147	2	0.011834
2284	1876	1	0.005917
2284	1877	11	0.065089
2284	1622	50	0.295858
2284	1626	1	0.005917
2284	1807	2	0.011834
2284	2141	159	0.940828
2284	1887	2	0.011834
2284	1765	2	0.011834
2284	1634	1956	11.573964
2284	1763	1	0.005917
2284	2277	1	0.005917
2284	2027	2	0.011834
2284	2032	2	0.011834
2284	1905	27	0.159763
2284	1653	1	0.005917
2284	1961	2	0.011834
2284	1913	244	1.443787
2284	1663	2	0.011834
2284	2047	2	0.011834
2285	1634	300	12.000000
2285	1667	1	0.040000
2285	1847	1	0.040000
2285	1735	1	0.040000
2285	2091	1	0.040000
2285	2114	1	0.040000
2285	2318	50	2.000000
2285	1807	1	0.040000
2285	2160	2	0.080000
2285	1649	21	0.840000
2285	1683	6	0.240000
2285	1876	5	0.200000
2285	1975	1	0.040000
2285	2232	2	0.080000
2285	1913	40	1.600000
2285	1883	6	0.240000
2285	2141	25	1.000000
2285	2027	1	0.040000
2287	1735	82	41.000000
2289	1634	48	12.000000
2289	1957	4	1.000000
2289	2318	8	2.000000
2289	1975	11	2.750000
2295	1634	150	10.000000
2295	2182	148	9.866667
2295	2318	30	2.000000
2298	2112	1	0.034483
2298	1649	2	0.068966
2300	1664	6	0.260870
2300	1634	220	9.565217
2300	2180	6	0.260870
2300	2182	44	1.913043
2300	2318	44	1.913043
2300	2321	4	0.173913
2300	2308	22	0.956522
2303	1679	4	1.333333
2305	2360	55	1.000000
2305	2321	5	0.090909
2305	1634	605	11.000000
2305	2362	6	0.109091
2305	2318	110	2.000000
2307	1921	752	0.084239
2307	2180	22	0.002464
2307	2285	1	0.000112
2307	2320	30	0.003361
2307	1683	1	0.000112
2307	2325	4	0.000448
2307	2199	1	0.000112
2307	1690	1	0.000112
2307	1882	9	0.001008
2307	2206	3	0.000336
2307	2160	3	0.000336
2307	1826	399	0.044696
2307	2353	1	0.000112
2307	1961	3	0.000336
2307	1835	4	0.000448
2307	2222	3	0.000336
2307	1847	1	0.000112
2307	1717	1	0.000112
2307	2359	2	0.000224
2307	2232	1	0.000112
2307	2363	1	0.000112
2307	2112	19	0.002128
2307	1857	3	0.000336
2307	2114	20	0.002240
2307	1735	2	0.000224
2307	1856	3	0.000336
2307	1872	2	0.000224
2307	1626	46	0.005153
2307	1885	4	0.000448
2307	1634	5	0.000560
2307	1645	15	0.001680
2307	2031	39	0.004369
2307	2032	1	0.000112
2307	1649	110	0.012322
2307	1914	2	0.000224
2307	2174	7199	0.806430
2308	1913	44	1.000000
2308	1634	440	10.000000
2308	2300	176	4.000000
2308	2182	132	3.000000
2308	2318	88	2.000000
2309	1664	1	0.052632
2309	1634	187	9.842105
2309	1923	1	0.052632
2309	2182	1	0.052632
2309	1806	24	1.263158
2309	2318	34	1.789474
2309	1913	17	0.894737
2312	2176	7370	2.784284
2312	1664	2	0.000756
2312	1634	24534	9.268606
2312	1923	1	0.000378
2312	2257	2	0.000756
2312	1641	1	0.000378
2312	2318	4906	1.853419
2312	1661	8	0.003022
2312	2160	2	0.000756
2312	2321	2	0.000756
2312	1683	2	0.000756
2312	1913	4413	1.667170
2312	1949	1	0.000378
2313	1735	115	38.333333
2314	1735	114	38.000000
2316	2112	4	0.041237
2316	1634	970	10.000000
2316	1958	1	0.010309
2316	1735	2	0.020619
2316	1986	5	0.051546
2316	2114	9	0.092784
2316	2318	194	2.000000
2316	1807	3	0.030928
2316	2032	1	0.010309
2316	2221	2	0.020619
2316	1913	97	1.000000
2316	1626	19	0.195876
2317	1735	148	37.000000
2318	2048	6	0.001563
2318	2058	1	0.000261
2318	2062	165	0.042991
2318	2063	327	0.085201
2318	2066	1	0.000261
2318	2081	1	0.000261
2318	2083	2	0.000521
2318	2085	4	0.001042
2318	2086	13980	3.642522
2318	2141	44	0.011464
2318	2096	302	0.078687
2318	2098	189	0.049244
2318	1715	18	0.004690
2318	2100	3302	0.860344
2318	2107	1	0.000261
2318	2112	669	0.174310
2318	2114	16	0.004169
2318	2116	573	0.149297
2318	2117	175	0.045597
2318	2122	3	0.000782
2318	2126	4	0.001042
2318	2128	165	0.042991
2318	2232	9	0.002345
2318	2130	173	0.045076
2318	1622	8	0.002084
2318	1624	8	0.002084
2318	1625	2473	0.644346
2318	1626	2008	0.523189
2318	2234	3	0.000782
2318	2143	206	0.053674
2318	1634	26354	6.866597
2318	1637	1	0.000261
2318	2151	2	0.000521
2318	1640	1	0.000261
2318	1641	1669	0.434862
2318	2157	167	0.043512
2318	2160	29	0.007556
2318	1649	15455	4.026837
2318	1651	27	0.007035
2318	1652	21354	5.563835
2318	1653	11	0.002866
2318	2167	15	0.003908
2318	2169	21	0.005472
2318	2239	2	0.000521
2318	1660	58	0.015112
2318	1661	653	0.170141
2318	2175	201	0.052371
2318	1664	260	0.067744
2318	1665	171	0.044554
2318	1668	7	0.001824
2318	2182	2522	0.657113
2318	2188	170	0.044294
2318	2189	3	0.000782
2318	1679	947	0.246743
2318	2192	174	0.045336
2318	2193	20	0.005211
2318	1682	16	0.004169
2318	1683	1703	0.443721
2318	1684	1	0.000261
2318	2197	300	0.078166
2318	2199	45	0.011725
2318	1689	1	0.000261
2318	1691	1	0.000261
2318	1692	173	0.045076
2318	2205	1	0.000261
2318	2207	170	0.044294
2318	2208	165	0.042991
2318	1676	1	0.000261
2318	1700	1077	0.280615
2318	2213	2	0.000521
2318	1703	19	0.004950
2318	1704	297	0.077384
2318	2217	2	0.000521
2318	1707	12	0.003127
2318	2221	186	0.048463
2318	2227	227	0.059145
2318	1718	187	0.048723
2318	1719	165	0.042991
2318	1720	167	0.043512
2318	1722	173	0.045076
2318	1723	1	0.000261
2318	2237	286	0.074518
2318	2165	1	0.000261
2318	1731	1	0.000261
2318	1735	2	0.000521
2318	2248	325	0.084680
2318	2249	15	0.003908
2318	2257	334	0.087024
2318	2258	819	0.213392
2318	2260	169	0.044033
2318	2262	165	0.042991
2318	1751	1	0.000261
2318	2266	347	0.090412
2318	1757	21	0.005472
2318	1758	2	0.000521
2318	2272	420	0.109432
2318	2273	172	0.044815
2318	2275	183	0.047681
2318	1764	1	0.000261
2318	2172	2	0.000521
2318	2283	347	0.090412
2318	2284	3	0.000782
2318	1773	168	0.043773
2318	1775	1	0.000261
2318	2289	165	0.042991
2318	2295	11	0.002866
2318	1784	170	0.044294
2318	2300	666	0.173528
2318	1645	1	0.000261
2318	1791	2	0.000521
2318	1792	3	0.000782
2318	2305	127	0.033090
2318	2308	4	0.001042
2318	2309	216	0.056279
2318	1798	8	0.002084
2318	1799	1	0.000261
2318	2312	961	0.250391
2318	2316	3	0.000782
2318	1806	636	0.165711
2318	1807	1	0.000261
2318	2321	4108	1.070349
2318	1814	235	0.061230
2318	2180	3	0.000782
2318	1839	166	0.043252
2318	2333	1	0.000261
2318	1830	1	0.000261
2318	1838	13	0.003387
2318	2351	881	0.229547
2318	1845	15	0.003908
2318	1847	2055	0.535435
2318	2360	372	0.096925
2318	2361	166	0.043252
2318	2362	339	0.088327
2318	2365	175	0.045597
2318	1854	201	0.052371
2318	1858	7	0.001824
2318	1860	214	0.055758
2318	1865	2	0.000521
2318	2176	5222	1.360604
2318	1871	772	0.201146
2318	1763	4	0.001042
2318	1876	167	0.043512
2318	1877	1	0.000261
2318	1882	1	0.000261
2318	1883	320	0.083377
2318	1884	2	0.000521
2318	1885	1	0.000261
2318	1892	3713	0.967431
2318	1898	3	0.000782
2318	1899	175	0.045597
2318	1900	44	0.011464
2318	2194	2	0.000521
2318	1902	7	0.001824
2318	1904	166	0.043252
2318	1905	6	0.001563
2318	1910	174	0.045336
2318	1913	2334	0.608129
2318	1916	6	0.001563
2318	1918	169	0.044033
2318	1921	243	0.063314
2318	1922	16	0.004169
2318	1923	1	0.000261
2318	1927	5	0.001303
2318	1932	7	0.001824
2318	1936	8	0.002084
2318	1938	168	0.043773
2318	1940	2	0.000521
2318	1944	7	0.001824
2318	1945	169	0.044033
2318	1947	1	0.000261
2318	1949	198	0.051589
2318	1955	165	0.042991
2318	1957	18050	4.702970
2318	1958	8	0.002084
2318	1959	1	0.000261
2318	1961	841	0.219125
2318	1965	4	0.001042
2318	1967	181	0.047160
2318	1975	2710	0.706097
2318	1696	165	0.042991
2318	1986	206	0.053674
2318	2163	174	0.045336
2318	1988	1	0.000261
2318	1996	2	0.000521
2318	1998	1559	0.406201
2318	2012	14	0.003648
2318	2016	205	0.053413
2318	2021	9	0.002345
2318	2026	165	0.042991
2318	2032	204	0.053153
2318	2042	165	0.042991
2318	2045	1	0.000261
2319	1921	10	0.038314
2319	1634	1	0.003831
2320	1921	749	0.084604
2320	2180	22	0.002485
2320	2285	1	0.000113
2320	1683	1	0.000113
2320	2325	4	0.000452
2320	2199	1	0.000113
2320	1690	1	0.000113
2320	1882	9	0.001017
2320	2206	3	0.000339
2320	2160	3	0.000339
2320	1826	396	0.044731
2320	1961	3	0.000339
2320	1835	4	0.000452
2320	2222	3	0.000339
2320	2353	1	0.000113
2320	1717	1	0.000113
2320	1847	1	0.000113
2320	2232	1	0.000113
2320	2363	1	0.000113
2320	2112	19	0.002146
2320	1857	3	0.000339
2320	2114	21	0.002372
2320	1735	3	0.000339
2320	2359	2	0.000226
2320	1856	3	0.000339
2320	1872	2	0.000226
2320	1626	46	0.005196
2320	1885	4	0.000452
2320	1634	5	0.000565
2320	1645	15	0.001694
2320	2031	39	0.004405
2320	2032	1	0.000113
2320	1649	110	0.012425
2320	1914	2	0.000226
2320	2174	7144	0.806958
2321	1664	45	0.252809
2321	1665	6	0.033708
2321	1923	1	0.005618
2321	2182	2	0.011236
2321	2312	3	0.016854
2321	2318	371	2.084270
2321	1679	3	0.016854
2321	1683	15	0.084270
2321	2197	36	0.202247
2321	1814	1	0.005618
2321	1945	3	0.016854
2321	1839	2	0.011236
2321	1692	3	0.016854
2321	2207	2	0.011236
2321	1957	3	0.016854
2321	2086	14	0.078652
2321	1704	9	0.050562
2321	2221	80	0.449438
2321	2351	1	0.005618
2321	2096	1	0.005618
2321	2362	2	0.011236
2321	2365	6	0.033708
2321	1854	1	0.005618
2321	2114	5	0.028090
2321	2117	6	0.033708
2321	2248	193	1.084270
2321	2176	19	0.106742
2321	1871	2	0.011236
2321	1626	18	0.101124
2321	2063	134	0.752809
2321	2273	2	0.011236
2321	1634	1975	11.095506
2321	1910	17	0.095506
2321	1913	150	0.842697
2321	1661	234	1.314607
2321	2175	1	0.005618
2323	1735	115	38.333333
2324	1913	18	2.000000
2324	1634	111	12.333333
2324	2141	12	1.333333
2324	2318	18	2.000000
2324	1649	9	1.000000
2325	1921	749	0.085522
2325	2180	22	0.002512
2325	2285	1	0.000114
2325	2320	30	0.003425
2325	1683	1	0.000114
2325	2199	1	0.000114
2325	1690	1	0.000114
2325	1882	9	0.001028
2325	2206	3	0.000343
2325	2160	3	0.000343
2325	1826	393	0.044873
2325	2353	1	0.000114
2325	1961	3	0.000343
2325	1835	4	0.000457
2325	2222	3	0.000343
2325	1847	1	0.000114
2325	1717	1	0.000114
2325	2359	2	0.000228
2325	2232	1	0.000114
2325	2363	1	0.000114
2325	2112	19	0.002169
2325	1857	3	0.000343
2325	2114	21	0.002398
2325	1735	3	0.000343
2325	1856	3	0.000343
2325	1872	2	0.000228
2325	1626	45	0.005138
2325	1885	4	0.000457
2325	1634	5	0.000571
2325	1645	15	0.001713
2325	2031	39	0.004453
2325	2032	1	0.000114
2325	1649	109	0.012446
2325	1914	2	0.000228
2325	2174	7136	0.814798
2327	1921	749	0.085317
2327	2180	22	0.002506
2327	2285	1	0.000114
2327	2320	30	0.003417
2327	1683	1	0.000114
2327	2325	4	0.000456
2327	2199	1	0.000114
2327	1690	1	0.000114
2327	1882	9	0.001025
2327	2206	3	0.000342
2327	2160	3	0.000342
2327	1826	393	0.044766
2327	1961	3	0.000342
2327	1835	4	0.000456
2327	2222	3	0.000342
2327	2353	1	0.000114
2327	1717	1	0.000114
2327	1847	1	0.000114
2327	2232	1	0.000114
2327	2363	1	0.000114
2327	2112	19	0.002164
2327	1857	3	0.000342
2327	2114	21	0.002392
2327	1735	3	0.000342
2327	2359	2	0.000228
2327	1856	3	0.000342
2327	1872	2	0.000228
2327	1626	45	0.005126
2327	1885	4	0.000456
2327	1634	5	0.000570
2327	1645	15	0.001709
2327	2031	39	0.004442
2327	2032	1	0.000114
2327	1649	109	0.012416
2327	1914	2	0.000228
2327	2174	7123	0.811368
2328	2112	9	2.250000
2329	1735	82	41.000000
2331	1634	580	10.000000
2331	2318	116	2.000000
2331	1679	2	0.034483
2331	2096	874	15.068966
2331	1910	2	0.034483
2331	1626	12	0.206897
2331	2207	2	0.034483
2332	1735	115	38.333333
2333	1715	4	1.333333
2334	1735	114	38.000000
2337	1735	148	37.000000
2339	1634	150	10.000000
2339	2182	32	2.133333
2339	2249	30	2.000000
2339	2318	30	2.000000
2339	2258	850	56.666667
2339	2163	45	3.000000
2339	1722	30	2.000000
2339	1883	1	0.066667
2340	1865	2	0.032787
2340	1921	39	0.639344
2340	1634	2	0.032787
2340	2182	3	0.049180
2340	1927	9	0.147541
2341	1735	81	40.500000
2342	1986	3	0.036585
2342	1664	1	0.012195
2342	1634	822	10.024390
2342	1707	1	0.012195
2342	2188	2	0.024390
2342	2221	1	0.012195
2342	2318	164	2.000000
2342	1683	2	0.024390
2342	1998	2	0.024390
2342	1913	83	1.012195
2342	1757	4	0.048780
2343	1921	741	0.959845
2343	2305	370	0.479275
2343	2321	370	0.479275
2343	1847	1	0.001295
2343	1625	370	0.479275
2343	2362	3	0.003886
2344	1847	1	0.250000
2346	1735	115	38.333333
2347	1655	2	0.005952
2349	2256	6	1.000000
2349	1921	2	0.333333
2351	2273	1	0.001988
2351	1634	5520	10.974155
2351	2180	47	0.093439
2351	1957	2	0.003976
2351	2248	14	0.027833
2351	2062	1	0.001988
2351	2283	10	0.019881
2351	1996	1	0.001988
2351	2221	20	0.039761
2351	2318	1000	1.988072
2351	2063	6	0.011928
2351	2321	10	0.019881
2351	1715	1	0.001988
2351	1940	6	0.011928
2351	2197	3	0.005964
2351	1913	1000	1.988072
2351	1626	10	0.019881
2351	1679	3	0.005964
2351	1916	1	0.001988
2351	1704	1	0.001988
2351	1823	2	0.003976
2352	2112	2	0.285714
2353	1921	777	0.089485
2353	2180	22	0.002534
2353	2285	1	0.000115
2353	2320	30	0.003455
2353	1683	1	0.000115
2353	2325	4	0.000461
2353	2199	1	0.000115
2353	1690	1	0.000115
2353	1882	8	0.000921
2353	2206	3	0.000346
2353	2160	3	0.000346
2353	1826	367	0.042266
2353	1961	3	0.000346
2353	1835	4	0.000461
2353	2222	3	0.000346
2353	1717	1	0.000115
2353	1847	2	0.000230
2353	2232	1	0.000115
2353	2363	1	0.000115
2353	2112	22	0.002534
2353	1857	3	0.000346
2353	2114	21	0.002419
2353	1735	4	0.000461
2353	2359	2	0.000230
2353	1856	3	0.000346
2353	1872	2	0.000230
2353	1626	43	0.004952
2353	1885	4	0.000461
2353	1634	4	0.000461
2353	1645	14	0.001612
2353	2031	26	0.002994
2353	2032	1	0.000115
2353	1649	104	0.011977
2353	1914	2	0.000230
2353	2174	6534	0.752505
2355	1913	8	2.000000
2355	1634	44	11.000000
2355	1626	4	1.000000
2355	2318	8	2.000000
2355	2321	8	2.000000
2357	1847	1	0.250000
2359	1921	755	0.088501
2359	2180	22	0.002579
2359	2320	30	0.003517
2359	1683	1	0.000117
2359	2325	4	0.000469
2359	2199	1	0.000117
2359	1690	1	0.000117
2359	1882	8	0.000938
2359	2206	3	0.000352
2359	2160	3	0.000352
2359	1826	367	0.043020
2359	1961	3	0.000352
2359	1835	4	0.000469
2359	2222	3	0.000352
2359	2353	1	0.000117
2359	1717	1	0.000117
2359	1847	1	0.000117
2359	2232	1	0.000117
2359	2363	1	0.000117
2359	2112	17	0.001993
2359	1857	3	0.000352
2359	2114	21	0.002462
2359	1735	3	0.000352
2359	1856	3	0.000352
2359	1872	2	0.000234
2359	1626	44	0.005158
2359	1885	4	0.000469
2359	1634	4	0.000469
2359	1645	14	0.001641
2359	2031	26	0.003048
2359	2032	1	0.000117
2359	1649	106	0.012425
2359	1914	2	0.000234
2359	2174	6677	0.782675
2360	1664	9	0.093750
2360	2305	137	1.427083
2360	2188	8	0.083333
2360	2318	192	2.000000
2360	2063	3	0.031250
2360	2321	1	0.010417
2360	1683	1	0.010417
2360	2199	1	0.010417
2360	1957	1	0.010417
2360	2086	147	1.531250
2360	2227	119	1.239583
2360	1718	1	0.010417
2360	2361	1	0.010417
2360	1854	1	0.010417
2360	1986	83	0.864583
2360	2116	1430	14.895833
2360	2248	19	0.197917
2360	2176	6	0.062500
2360	1626	7	0.072917
2360	1679	1	0.010417
2360	1757	1	0.010417
2360	2272	1	0.010417
2360	1634	1045	10.885417
2360	2275	1	0.010417
2360	1649	1	0.010417
2360	1913	201	2.093750
2361	2176	299	6.500000
2361	1634	460	10.000000
2361	2312	2	0.043478
2361	2318	92	2.000000
2361	1949	6	0.130435
2361	1718	2	0.043478
2361	1913	88	1.913043
2361	1661	4	0.086957
2362	1731	1	0.003876
2362	1637	1	0.003876
2362	2045	1	0.003876
2362	1683	4	0.015504
2362	2100	3	0.011628
2362	1913	40	0.155039
2362	2351	1	0.003876
2362	2365	7	0.027132
2363	1921	60	0.026042
2363	2180	17	0.007378
2363	2320	25	0.010851
2363	1690	1	0.000434
2363	1882	6	0.002604
2363	1826	112	0.048611
2363	1835	4	0.001736
2363	2222	3	0.001302
2363	1717	1	0.000434
2363	2232	1	0.000434
2363	2112	5	0.002170
2363	2114	3	0.001302
2363	1735	2	0.000868
2363	1856	3	0.001302
2363	1872	2	0.000868
2363	1626	10	0.004340
2363	1885	4	0.001736
2363	1634	4	0.001736
2363	1645	4	0.001736
2363	2032	1	0.000434
2363	1649	32	0.013889
2363	2174	2202	0.955729
2365	1913	11	0.189655
2365	1634	630	10.862069
2365	2362	24	0.413793
2365	2318	116	2.000000
2366	1921	751	0.087826
2366	2180	22	0.002573
2366	2285	1	0.000117
2366	2320	30	0.003508
2366	1683	1	0.000117
2366	2325	4	0.000468
2366	2199	1	0.000117
2366	1690	1	0.000117
2366	1882	9	0.001053
2366	2206	2	0.000234
2366	2160	3	0.000351
2366	1826	386	0.045141
2366	1961	3	0.000351
2366	1835	4	0.000468
2366	2222	3	0.000351
2366	2353	1	0.000117
2366	1717	1	0.000117
2366	2359	2	0.000234
2366	2232	1	0.000117
2366	2363	1	0.000117
2366	1856	3	0.000351
2366	1857	3	0.000351
2366	2114	20	0.002339
2366	1735	2	0.000234
2366	2112	19	0.002222
2366	1847	1	0.000117
2366	1872	2	0.000234
2366	1626	44	0.005146
2366	1885	4	0.000468
2366	1634	5	0.000585
2366	1645	15	0.001754
2366	2031	39	0.004561
2366	2032	1	0.000117
2366	1649	107	0.012513
2366	1914	2	0.000234
2366	2174	7142	0.835224
2367	1735	81	40.500000
1619	2347	2	0.003175
1619	1655	1	0.001587
1620	1735	115	38.333333
1621	1921	750	0.086167
1621	2180	25	0.002872
1621	2285	1	0.000115
1621	2320	30	0.003447
1621	1683	1	0.000115
1621	2325	4	0.000460
1621	2199	1	0.000115
1621	1690	1	0.000115
1621	1882	9	0.001034
1621	2206	3	0.000345
1621	2160	3	0.000345
1621	1826	393	0.045152
1621	2353	1	0.000115
1621	1961	3	0.000345
1621	1835	4	0.000460
1621	2222	3	0.000345
1621	1847	1	0.000115
1621	1717	1	0.000115
1621	2359	2	0.000230
1621	2232	1	0.000115
1621	2363	1	0.000115
1621	2112	19	0.002183
1621	1857	3	0.000345
1621	2114	21	0.002413
1621	1735	3	0.000345
1621	1856	3	0.000345
1621	1872	2	0.000230
1621	1626	45	0.005170
1621	1885	4	0.000460
1621	1634	5	0.000574
1621	1645	15	0.001723
1621	2031	39	0.004481
1621	2032	1	0.000115
1621	1649	109	0.012523
1621	1914	2	0.000230
1621	2174	7150	0.821461
1622	1913	10	2.000000
1622	1634	60	12.000000
1622	2141	5	1.000000
1622	2318	10	2.000000
1623	1679	24	8.000000
1624	1634	342	9.243243
1624	2182	126	3.405405
1624	2318	68	1.837838
1624	2213	1	0.027027
1625	2176	8	0.001348
1625	1664	191	0.032193
1625	1922	2	0.000337
1625	1923	1	0.000169
1625	2180	2	0.000337
1625	2182	8	0.001348
1625	1927	2	0.000337
1625	1986	1	0.000169
1625	2318	11742	1.979100
1625	1807	1	0.000169
1625	2321	4	0.000674
1625	1683	15	0.002528
1625	2197	1	0.000169
1625	2308	1	0.000169
1625	1949	3	0.000506
1625	1957	13	0.002191
1625	1958	6	0.001011
1625	2221	1	0.000169
1625	2096	7	0.001180
1625	2098	4	0.000674
1625	1715	3	0.000506
1625	2100	2	0.000337
1625	1847	3385	0.570538
1625	2361	1	0.000169
1625	2114	2	0.000337
1625	1860	3	0.000506
1625	1996	1	0.000169
1625	1998	66	0.011124
1625	2257	74	0.012473
1625	2300	7	0.001180
1625	1626	31	0.005225
1625	2063	1	0.000169
1625	2143	3	0.000506
1625	1634	58924	9.931569
1625	2086	6	0.001011
1625	1641	5	0.000843
1625	2160	5	0.000843
1625	1652	35	0.005899
1625	1913	11639	1.961739
1625	1916	4	0.000674
1626	2062	2	0.062500
1626	2063	2	0.062500
1626	2086	1	0.031250
1626	2098	3	0.093750
1626	2100	46	1.437500
1626	2112	7	0.218750
1626	2116	2	0.062500
1626	2117	2	0.062500
1626	2122	1	0.031250
1626	2128	2	0.062500
1626	2130	2	0.062500
1626	1806	4	0.125000
1626	2143	2	0.062500
1626	1634	296	9.250000
1626	1641	2	0.062500
1626	2157	2	0.062500
1626	2163	2	0.062500
1626	1652	2	0.062500
1626	1661	3	0.093750
1626	2175	2	0.062500
1626	2176	10	0.312500
1626	1665	2	0.062500
1626	2182	24	0.750000
1626	2188	2	0.062500
1626	1679	10	0.312500
1626	2192	2	0.062500
1626	1683	17	0.531250
1626	2197	2	0.062500
1626	2199	2	0.062500
1626	1692	2	0.062500
1626	2207	2	0.062500
1626	2208	2	0.062500
1626	1700	4	0.125000
1626	1704	2	0.062500
1626	2221	2	0.062500
1626	2227	2	0.062500
1626	1718	3	0.093750
1626	1719	2	0.062500
1626	1720	2	0.062500
1626	1722	2	0.062500
1626	2237	2	0.062500
1626	2248	1	0.031250
1626	2257	2	0.062500
1626	2258	8	0.250000
1626	2260	2	0.062500
1626	2262	2	0.062500
1626	1751	1	0.031250
1626	2266	4	0.125000
1626	1757	1	0.031250
1626	2272	4	0.125000
1626	2273	2	0.062500
1626	2275	3	0.093750
1626	2283	6	0.187500
1626	1773	2	0.062500
1626	2289	2	0.062500
1626	1784	2	0.062500
1626	2300	8	0.250000
1626	1664	2	0.062500
1626	2309	2	0.062500
1626	1799	1	0.031250
1626	2316	1	0.031250
1626	2318	58	1.812500
1626	2321	10	0.312500
1626	1814	3	0.093750
1626	2351	11	0.343750
1626	1838	1	0.031250
1626	1839	2	0.062500
1626	1847	2	0.062500
1626	2362	3	0.093750
1626	2365	3	0.093750
1626	1854	3	0.093750
1626	1860	3	0.093750
1626	1871	38	1.187500
1626	1876	2	0.062500
1626	1883	2	0.062500
1626	1892	3	0.093750
1626	1899	2	0.062500
1626	1904	2	0.062500
1626	1910	2	0.062500
1626	1913	29	0.906250
1626	1918	2	0.062500
1626	1921	2	0.062500
1626	1938	2	0.062500
1626	1945	2	0.062500
1626	1955	2	0.062500
1626	1957	119	3.718750
1626	1961	10	0.312500
1626	1967	2	0.062500
1626	1975	2	0.062500
1626	1696	2	0.062500
1626	1986	3	0.093750
1626	1998	12	0.375000
1626	2016	2	0.062500
1626	2026	2	0.062500
1626	2032	2	0.062500
1626	2042	2	0.062500
1628	1735	214	35.666667
1629	2204	2	0.133333
1630	2347	1	0.005376
1634	2048	7	0.002332
1634	1722	170	0.056629
1634	2058	1	0.000333
1634	2062	160	0.053298
1634	2063	373	0.124250
1634	2066	1	0.000333
1634	2081	1	0.000333
1634	2083	2	0.000666
1634	2085	4	0.001332
1634	2086	14315	4.768488
1634	2096	495	0.164890
1634	2098	184	0.061292
1634	2227	275	0.091606
1634	2100	2838	0.945370
1634	2107	1	0.000333
1634	2112	991	0.330113
1634	2114	8	0.002665
1634	2116	1301	0.433378
1634	2117	168	0.055963
1634	2122	3	0.000999
1634	2126	4	0.001332
1634	2128	160	0.053298
1634	2232	3	0.000999
1634	2130	174	0.057961
1634	2318	5168	1.721519
1634	1622	8	0.002665
1634	1624	2	0.000666
1634	1625	2548	0.848767
1634	1626	1997	0.665223
1634	2141	50	0.016656
1634	2143	224	0.074617
1634	1637	1	0.000333
1634	2151	18	0.005996
1634	1640	1	0.000333
1634	1641	1723	0.573951
1634	2157	178	0.059294
1634	2160	26	0.008661
1634	1649	8547	2.847102
1634	1651	22	0.007328
1634	1652	18611	6.199534
1634	1653	20	0.006662
1634	2167	15	0.004997
1634	2169	31	0.010326
1634	2239	2	0.000666
1634	1660	50	0.016656
1634	1661	458	0.152565
1634	2175	222	0.073951
1634	1664	250	0.083278
1634	1665	166	0.055296
1634	2180	3	0.000999
1634	2182	2886	0.961359
1634	2188	164	0.054630
1634	2189	2	0.000666
1634	1679	1153	0.384077
1634	2192	164	0.054630
1634	2193	33	0.010993
1634	1682	12	0.003997
1634	1683	1759	0.585943
1634	1684	1	0.000333
1634	2197	301	0.100266
1634	2199	87	0.028981
1634	1689	1	0.000333
1634	1691	1	0.000333
1634	1692	168	0.055963
1634	2205	1	0.000333
1634	2207	165	0.054963
1634	2208	160	0.053298
1634	1676	1	0.000333
1634	1700	1213	0.404064
1634	2213	1	0.000333
1634	1703	43	0.014324
1634	1704	431	0.143571
1634	2217	1	0.000333
1634	1707	14	0.004664
1634	2221	271	0.090273
1634	1715	7	0.002332
1634	1718	183	0.060959
1634	1719	160	0.053298
1634	1720	161	0.053631
1634	2234	3	0.000999
1634	1723	1	0.000333
1634	2237	287	0.095603
1634	2165	1	0.000333
1634	1731	1	0.000333
1634	1735	2	0.000666
1634	2248	363	0.120919
1634	2249	27	0.008994
1634	2257	372	0.123917
1634	2258	854	0.284477
1634	2260	169	0.056296
1634	2262	160	0.053298
1634	1751	1	0.000333
1634	2266	341	0.113591
1634	1757	15	0.004997
1634	1758	2	0.000666
1634	2272	415	0.138241
1634	2273	183	0.060959
1634	1763	36	0.011992
1634	1764	1	0.000333
1634	2172	2	0.000666
1634	2283	337	0.112258
1634	2284	3	0.000999
1634	1773	163	0.054297
1634	1775	1	0.000333
1634	2289	160	0.053298
1634	2295	4	0.001332
1634	1784	165	0.054963
1634	2300	663	0.220853
1634	1645	1	0.000333
1634	1791	1	0.000333
1634	1792	3	0.000999
1634	2305	228	0.075949
1634	2308	4	0.001332
1634	2309	231	0.076949
1634	1798	2	0.000666
1634	1799	1	0.000333
1634	2312	997	0.332112
1634	2316	3	0.000999
1634	1806	684	0.227848
1634	1807	1	0.000333
1634	2321	4347	1.448035
1634	1814	249	0.082945
1634	1668	1	0.000333
1634	1839	161	0.053631
1634	2333	2	0.000666
1634	1830	1	0.000333
1634	1838	29	0.009660
1634	2351	1027	0.342105
1634	1845	26	0.008661
1634	1847	2265	0.754497
1634	2360	512	0.170553
1634	2361	189	0.062958
1634	2362	406	0.135243
1634	2365	186	0.061959
1634	1854	196	0.065290
1634	1858	1	0.000333
1634	1860	230	0.076616
1634	1865	1	0.000333
1634	2176	5050	1.682212
1634	1871	788	0.262492
1634	2275	177	0.058961
1634	1876	179	0.059627
1634	1877	1	0.000333
1634	1882	1	0.000333
1634	1883	357	0.118921
1634	1884	2	0.000666
1634	1885	1	0.000333
1634	1892	4395	1.464024
1634	1898	2	0.000666
1634	1899	178	0.059294
1634	1900	52	0.017322
1634	2194	1	0.000333
1634	1902	1	0.000333
1634	1904	166	0.055296
1634	1905	8	0.002665
1634	1910	169	0.056296
1634	1913	2347	0.781812
1634	1916	5	0.001666
1634	1918	164	0.054630
1634	1921	576	0.191872
1634	1922	17	0.005663
1634	1923	1	0.000333
1634	1927	5	0.001666
1634	1932	7	0.002332
1634	1936	2	0.000666
1634	1938	163	0.054297
1634	1940	1	0.000333
1634	1944	1	0.000333
1634	1945	164	0.054630
1634	1947	2	0.000666
1634	1949	214	0.071286
1634	1955	160	0.053298
1634	1957	18051	6.012991
1634	1958	8	0.002665
1634	1959	1	0.000333
1634	1961	845	0.281479
1634	1965	5	0.001666
1634	1967	171	0.056962
1634	1975	3623	1.206862
1634	1696	160	0.053298
1634	1986	243	0.080946
1634	2163	172	0.057295
1634	1988	1	0.000333
1634	1996	2	0.000666
1634	1998	1610	0.536309
1634	2012	12	0.003997
1634	2016	202	0.067288
1634	2021	19	0.006329
1634	2026	160	0.053298
1634	2032	225	0.074950
1634	2042	160	0.053298
1634	2045	2	0.000666
1640	1731	1	0.002198
1640	1700	2	0.004396
1640	1637	1	0.002198
1640	1998	45	0.098901
1640	2063	455	1.000000
1640	2083	1	0.002198
1640	1683	456	1.002198
1640	1626	1	0.002198
1640	2362	2	0.004396
1640	2045	1	0.002198
1641	2176	408	6.915254
1641	1634	570	9.661017
1641	2312	4	0.067797
1641	2318	114	1.932203
1641	2237	2	0.033898
1641	2160	3	0.050847
1641	1847	1	0.016949
1641	1913	4	0.067797
1641	1626	6	0.101695
1641	1916	1	0.016949
1641	1949	5	0.084746
1644	2112	122	3.050000
1644	1792	5	0.125000
1644	1634	471	11.775000
1644	2085	5	0.125000
1644	2284	5	0.125000
1644	2318	78	1.950000
1644	2063	4	0.100000
1644	1905	5	0.125000
1644	1838	5	0.125000
1644	1622	10	0.250000
1644	1913	68	1.700000
1644	2141	39	0.975000
1645	2112	1	0.000455
1645	1921	23	0.010455
1645	1826	1	0.000455
1645	2180	4	0.001818
1645	2182	1	0.000455
1645	1641	1	0.000455
1645	2365	1	0.000455
1645	2321	1	0.000455
1645	2258	1	0.000455
1645	2165	1	0.000455
1645	1847	1	0.000455
1645	1913	1	0.000455
1645	2362	1	0.000455
1645	1882	1	0.000455
1646	1735	115	38.333333
1647	2112	3	0.006276
1647	2091	13	0.027197
1649	2112	4	0.008214
1649	1921	2	0.004107
1649	1634	2435	5.000000
1649	1892	12	0.024641
1649	2021	1	0.002053
1649	2248	4	0.008214
1649	2114	5	0.010267
1649	2318	487	1.000000
1649	2160	4	0.008214
1649	1905	2	0.004107
1649	2194	2	0.004107
1649	1653	1	0.002053
1649	2232	2	0.004107
1649	1913	8	0.016427
1649	1757	1	0.002053
1649	2047	1	0.002053
1651	2176	176	2.983051
1651	1634	590	10.000000
1651	1923	2	0.033898
1651	2182	58	0.983051
1651	2318	118	2.000000
1651	2096	58	0.983051
1651	1683	3	0.050847
1651	1652	58	0.983051
1651	1998	2	0.033898
1651	2361	58	0.983051
1652	2176	3417	6.410882
1652	1664	1	0.001876
1652	1634	5291	9.926829
1652	2114	1	0.001876
1652	2182	8	0.015009
1652	2257	8	0.015009
1652	2248	1	0.001876
1652	2221	1	0.001876
1652	2318	1058	1.984991
1652	2321	3	0.005629
1652	2100	1	0.001876
1652	2197	2	0.003752
1652	1847	10	0.018762
1652	1625	3	0.005629
1652	1626	5	0.009381
1652	1916	4	0.007505
1652	1949	1	0.001876
1652	1922	1	0.001876
1653	1634	892	11.012346
1653	2182	1	0.012346
1653	2221	1	0.012346
1653	2318	162	2.000000
1653	1807	2	0.024691
1653	1683	1	0.012346
1653	1876	1	0.012346
1653	2175	1	0.012346
1654	1921	15	0.028463
1654	1958	9654	18.318786
1657	1735	114	38.000000
1658	1921	14	1.000000
1660	1664	7	0.218750
1660	1634	338	10.562500
1660	2248	1	0.031250
1660	2318	62	1.937500
1660	2160	1	0.031250
1660	2100	1190	37.187500
1660	1913	28	0.875000
1660	2362	8	0.250000
1660	1626	28	0.875000
1661	2176	74	1.156250
1661	1634	931	14.546875
1661	1923	1	0.015625
1661	2086	36	0.562500
1661	2312	12	0.187500
1661	2318	186	2.906250
1661	2321	86	1.343750
1662	1735	81	40.500000
1663	2160	1	0.000312
1663	2232	1	0.000312
1663	2114	1	0.000312
1663	1913	1	0.000312
1664	1634	250	9.615385
1664	2182	5	0.192308
1664	2248	3	0.115385
1664	1641	1	0.038462
1664	2318	50	1.923077
1664	2266	1	0.038462
1665	1634	319	11.000000
1665	1957	11	0.379310
1665	2248	113	3.896552
1665	2062	1	0.034483
1665	2221	15	0.517241
1665	2318	58	2.000000
1665	2321	92	3.172414
1665	2197	15	0.517241
1665	1910	1	0.034483
1666	1921	13	1.083333
1667	2112	7	0.020290
1667	1921	3	0.008696
1667	1731	10	0.028986
1667	1705	4	0.011594
1667	2285	2	0.005797
1667	2221	3	0.008696
1667	1649	11	0.031884
1667	1626	5	0.014493
1668	1634	230	10.000000
1668	1830	1	0.043478
1668	1959	1	0.043478
1668	1640	1	0.043478
1668	1865	1	0.043478
1668	2058	1	0.043478
1668	1645	1	0.043478
1668	2318	46	2.000000
1668	2351	1	0.043478
1668	2160	1	0.043478
1668	2189	1	0.043478
1668	1940	1	0.043478
1668	1684	1	0.043478
1668	1882	1	0.043478
1668	2107	1	0.043478
1668	1884	1	0.043478
1668	2333	1	0.043478
1668	1758	1	0.043478
1668	1775	1	0.043478
1669	1998	1	0.000680
1669	1683	2	0.001360
1669	1854	1	0.000680
1669	1718	3	0.002039
1669	2197	2	0.001360
1670	1664	2	0.028986
1670	1634	757	10.971014
1670	1923	1	0.014493
1670	2180	1	0.014493
1670	1830	2	0.028986
1670	2257	1	0.014493
1670	1998	91	1.318841
1670	2321	65	0.942029
1670	1683	4	0.057971
1670	2318	138	2.000000
1670	1847	1	0.014493
1670	2232	1	0.014493
1670	1913	13	0.188406
1671	1921	750	0.085911
1671	2180	25	0.002864
1671	2285	1	0.000115
1671	2320	30	0.003436
1671	1683	1	0.000115
1671	2325	4	0.000458
1671	2199	1	0.000115
1671	1690	1	0.000115
1671	1882	9	0.001031
1671	2206	3	0.000344
1671	2160	3	0.000344
1671	1826	393	0.045017
1671	1961	3	0.000344
1671	1835	4	0.000458
1671	2222	3	0.000344
1671	2353	1	0.000115
1671	1717	1	0.000115
1671	1847	1	0.000115
1671	2232	1	0.000115
1671	2363	1	0.000115
1671	2112	19	0.002176
1671	1857	3	0.000344
1671	2114	21	0.002405
1671	1735	3	0.000344
1671	2359	2	0.000229
1671	1856	3	0.000344
1671	1872	2	0.000229
1671	1626	45	0.005155
1671	1885	4	0.000458
1671	1634	5	0.000573
1671	1645	15	0.001718
1671	2031	39	0.004467
1671	2032	1	0.000115
1671	1649	109	0.012486
1671	1914	2	0.000229
1671	2174	7130	0.816724
1672	1735	115	38.333333
1673	2305	10	1.000000
1673	1634	110	11.000000
1673	2116	110	11.000000
1673	2086	10	1.000000
1673	1986	10	1.000000
1673	2318	20	2.000000
1673	2227	10	1.000000
1673	2360	30	3.000000
1673	1913	20	2.000000
1676	1634	1	0.021277
1676	1892	1	0.021277
1676	2182	2	0.042553
1676	1715	2	0.042553
1676	1683	2	0.042553
1676	2362	5	0.106383
1676	2333	2	0.042553
1676	2175	1	0.021277
1678	1735	181	36.200000
1679	1664	1	0.005155
1679	2305	2	0.010309
1679	2180	1	0.005155
1679	1921	4	0.020619
1679	2063	5	0.025773
1679	2321	25	0.128866
1679	2197	17	0.087629
1679	2199	9	0.046392
1679	2207	3	0.015464
1679	2083	4	0.020619
1679	1958	1	0.005155
1679	1704	7	0.036082
1679	1961	10	0.051546
1679	2351	2	0.010309
1679	2096	43	0.221649
1679	2227	37	0.190722
1679	2100	1	0.005155
1679	1715	1	0.005155
1679	1719	1	0.005155
1679	2362	2	0.010309
1679	1986	2	0.010309
1679	2117	2	0.010309
1679	2248	3	0.015464
1679	1871	1	0.005155
1679	1757	2	0.010309
1679	2272	3	0.015464
1679	2273	1	0.005155
1679	1634	7	0.036082
1679	1763	3	0.015464
1679	1892	2	0.010309
1679	2283	18	0.092784
1679	1773	1	0.005155
1679	1902	3	0.015464
1679	1652	1	0.005155
1679	1910	6	0.030928
1680	2176	2	0.074074
1680	2305	2	0.074074
1680	2182	2	0.074074
1680	2188	1	0.037037
1680	1806	2	0.074074
1680	1679	6	0.222222
1680	2321	4	0.148148
1680	1683	10	0.370370
1680	2197	59	2.185185
1680	1945	2	0.074074
1680	1860	4	0.148148
1680	2207	2	0.074074
1680	2081	2	0.074074
1680	1957	2	0.074074
1680	1704	1	0.037037
1680	2227	6	0.222222
1680	2100	2	0.074074
1680	1718	2	0.074074
1680	2362	2	0.074074
1680	2365	2	0.074074
1680	1854	2	0.074074
1680	2112	6	0.222222
1680	2116	2	0.074074
1680	1871	3	0.111111
1680	2318	54	2.000000
1680	1626	2	0.074074
1680	1757	2	0.074074
1680	1634	353	13.074074
1680	1892	2	0.074074
1680	2300	1	0.037037
1680	1773	2	0.074074
1680	1649	4	0.148148
1680	1910	1	0.037037
1680	1913	27	1.000000
1680	1660	32	1.185185
1682	2016	2	1.000000
1682	1634	20	10.000000
1682	2182	32	16.000000
1682	2318	4	2.000000
1683	1664	146	0.102169
1683	2176	24	0.016795
1683	2180	1	0.000700
1683	2182	3	0.002099
1683	1927	3	0.002099
1683	1865	1	0.000700
1683	1932	144	0.100770
1683	2189	1	0.000700
1683	2318	2754	1.927222
1683	2063	4	0.002799
1683	2321	11	0.007698
1683	1940	1	0.000700
1683	2197	95	0.066480
1683	1860	5	0.003499
1683	2205	9	0.006298
1683	2305	2	0.001400
1683	2083	1	0.000700
1683	1700	2	0.001400
1683	1957	5	0.003499
1683	2086	12	0.008397
1683	1704	75	0.052484
1683	2217	1	0.000700
1683	1707	1	0.000700
1683	1965	26	0.018195
1683	2098	52	0.036389
1683	1715	4	0.002799
1683	2100	4	0.002799
1683	1718	18	0.012596
1683	1847	7	0.004899
1683	2360	5	0.003499
1683	2234	110	0.076977
1683	1854	66	0.046186
1683	2239	8	0.005598
1683	2116	3	0.002099
1683	2117	1	0.000700
1683	2248	1	0.000700
1683	1916	3	0.002099
1683	1996	3	0.002099
1683	1998	11	0.007698
1683	1871	4	0.002799
1683	2130	29	0.020294
1683	2221	10	0.006998
1683	1625	4	0.002799
1683	1626	57	0.039888
1683	1679	17	0.011896
1683	1884	1	0.000700
1683	1758	1	0.000700
1683	2213	1	0.000700
1683	1634	15287	10.697691
1683	2275	8	0.005598
1683	1892	13	0.009097
1683	1958	3	0.002099
1683	1660	30	0.020994
1683	1898	2	0.001400
1683	1900	1089	0.762071
1683	2160	5	0.003499
1683	2167	38	0.026592
1683	1913	2710	1.896431
1683	1883	1	0.000700
1683	1791	1	0.000700
1683	2172	45	0.031491
1683	2175	5	0.003499
1684	2272	1	0.001139
1684	1921	2	0.002278
1684	1700	1	0.001139
1684	2182	4	0.004556
1684	2351	1	0.001139
1684	1652	2	0.002278
1684	1718	2	0.002278
1684	1847	3	0.003417
1684	2362	5	0.005695
1684	1626	1	0.001139
1686	1921	2	0.285714
1687	2232	1	0.007194
1687	1865	1	0.007194
1688	1884	16	1.000000
1690	1921	750	0.085247
1690	2180	25	0.002842
1690	2285	1	0.000114
1690	2320	30	0.003410
1690	1683	1	0.000114
1690	2325	4	0.000455
1690	2199	1	0.000114
1690	1882	9	0.001023
1690	2206	3	0.000341
1690	2160	3	0.000341
1690	1826	395	0.044897
1690	2353	1	0.000114
1690	1961	3	0.000341
1690	1835	4	0.000455
1690	2222	3	0.000341
1690	1847	1	0.000114
1690	1717	1	0.000114
1690	2359	2	0.000227
1690	2232	1	0.000114
1690	2363	1	0.000114
1690	2112	19	0.002160
1690	1857	3	0.000341
1690	2114	21	0.002387
1690	1735	3	0.000341
1690	1856	3	0.000341
1690	1872	2	0.000227
1690	1626	46	0.005228
1690	1885	4	0.000455
1690	1634	5	0.000568
1690	1645	15	0.001705
1690	2031	39	0.004433
1690	2032	1	0.000114
1690	1649	110	0.012503
1690	1914	2	0.000227
1690	2174	7152	0.812912
1692	1664	3	0.428571
1692	1634	77	11.000000
1692	2318	14	2.000000
1694	1664	2	0.021277
1694	2273	1	0.010638
1694	1634	940	10.000000
1694	2114	1	0.010638
1694	1704	1	0.010638
1694	2188	2	0.021277
1694	1986	1	0.010638
1694	2318	188	2.000000
1694	1775	1	0.010638
1694	1683	1	0.010638
1694	1910	4	0.042553
1694	1913	94	1.000000
1694	2063	3	0.031915
1695	2112	228	0.410811
1695	2160	2	0.003604
1696	1634	2928	8.486957
1696	2275	178	0.515942
1696	1700	326	0.944928
1696	2309	42	0.121739
1696	2248	1	0.002899
1696	2221	5	0.014493
1696	1806	1352	3.918841
1696	2063	1	0.002899
1696	2321	5	0.014493
1696	1938	2	0.005797
1696	2318	550	1.594203
1696	1814	230	0.666667
1696	1784	2	0.005797
1696	1913	177	0.513043
1696	2012	206	0.597101
1696	1957	1	0.002899
1698	1735	115	38.333333
1699	2112	1	0.018868
1699	1634	689	13.000000
1699	2086	2	0.037736
1699	1704	1	0.018868
1699	2300	1	0.018868
1699	2188	1	0.018868
1699	1773	2	0.037736
1699	2318	106	2.000000
1699	1679	4	0.075472
1699	1683	14	0.264151
1699	2197	106	2.000000
1699	1910	1	0.018868
1699	1913	53	1.000000
1699	1871	1	0.018868
1699	1660	53	1.000000
1700	2160	1	0.005747
1700	1634	1749	10.051724
1700	2180	2	0.011494
1700	2309	141	0.810345
1700	1958	2	0.011494
1700	1641	2	0.011494
1700	1707	2	0.011494
1700	2114	1	0.005747
1700	1806	487	2.798851
1700	2096	4	0.022989
1700	2321	2	0.011494
1700	1715	3	0.017241
1700	1683	2	0.011494
1700	2318	346	1.988506
1700	1814	140	0.804598
1700	1913	13	0.074713
1700	1916	1	0.005747
1700	1757	3	0.017241
1700	1957	3	0.017241
1701	1634	110	10.000000
1701	1957	11	1.000000
1701	2221	7	0.636364
1701	2318	22	2.000000
1701	1679	11	1.000000
1701	1913	11	1.000000
1703	2258	1	0.029412
1703	1634	340	10.000000
1703	2182	330	9.705882
1703	2318	68	2.000000
1704	1664	1	0.011905
1704	1921	1	0.011905
1704	2182	1	0.011905
1704	2305	1	0.011905
1704	2188	1	0.011905
1704	2318	173	2.059524
1704	1679	16	0.190476
1704	2321	6	0.071429
1704	1683	10	0.119048
1704	2197	183	2.178571
1704	1945	1	0.011905
1704	1860	2	0.023810
1704	1692	1	0.011905
1704	2207	2	0.023810
1704	2081	1	0.011905
1704	2083	2	0.023810
1704	1957	1	0.011905
1704	2221	3	0.035714
1704	2351	2	0.023810
1704	2096	6	0.071429
1704	2227	6	0.071429
1704	2100	1	0.011905
1704	1718	1	0.011905
1704	2362	1	0.011905
1704	2365	2	0.023810
1704	1854	1	0.011905
1704	2112	3	0.035714
1704	2116	1	0.011905
1704	2248	1	0.011905
1704	2176	1	0.011905
1704	2126	2	0.023810
1704	1871	2	0.023810
1704	1806	1	0.011905
1704	1626	3	0.035714
1704	1757	1	0.011905
1704	1634	1104	13.142857
1704	1892	1	0.011905
1704	1660	92	1.095238
1704	2283	5	0.059524
1704	1773	4	0.047619
1704	1649	2	0.023810
1704	1910	2	0.023810
1704	1913	84	1.000000
1704	2300	1	0.011905
1705	2112	3	0.063830
1705	2213	1	0.021277
1705	1735	54	1.148936
1706	1921	6	0.400000
1706	1666	2	0.133333
1707	2176	1	0.001092
1707	2182	41	0.044760
1707	1932	3	0.003275
1707	2193	8	0.008734
1707	1683	15	0.016376
1707	2197	3	0.003275
1707	1814	1	0.001092
1707	2199	2	0.002183
1707	1949	1	0.001092
1707	1694	2	0.002183
1707	2081	2	0.002183
1707	1700	1	0.001092
1707	2086	2	0.002183
1707	1847	1	0.001092
1707	2362	12	0.013100
1707	2365	2	0.002183
1707	2114	3	0.003275
1707	1731	1	0.001092
1707	1735	11	0.012009
1707	2316	2	0.002183
1707	1998	1	0.001092
1707	2257	1	0.001092
1707	2258	2	0.002183
1707	1757	2	0.002183
1707	2272	2	0.002183
1707	1634	2	0.002183
1707	1764	2	0.002183
1707	2321	1	0.001092
1707	1641	11	0.012009
1707	1901	2	0.002183
1707	1652	1	0.001092
1707	1913	1	0.001092
1707	2045	1	0.001092
1709	1807	42	0.976744
1710	1735	115	38.333333
1712	1913	10	2.000000
1712	1634	60	12.000000
1712	2141	5	1.000000
1712	2318	10	2.000000
1715	2333	1	0.012821
1715	1998	6	0.076923
1717	1921	750	0.084774
1717	2180	25	0.002826
1717	2285	1	0.000113
1717	2320	30	0.003391
1717	1683	1	0.000113
1717	2325	4	0.000452
1717	2199	1	0.000113
1717	1690	1	0.000113
1717	1882	9	0.001017
1717	2206	3	0.000339
1717	2160	3	0.000339
1717	1826	395	0.044648
1717	1961	3	0.000339
1717	1835	4	0.000452
1717	2222	3	0.000339
1717	2353	1	0.000113
1717	1847	1	0.000113
1717	2232	1	0.000113
1717	2363	1	0.000113
1717	1856	3	0.000339
1717	1857	3	0.000339
1717	2114	20	0.002261
1717	1735	2	0.000226
1717	2112	19	0.002148
1717	2359	2	0.000226
1717	1872	2	0.000226
1717	1626	46	0.005200
1717	1885	4	0.000452
1717	1634	5	0.000565
1717	1645	15	0.001695
1717	2031	39	0.004408
1717	2032	1	0.000113
1717	1649	110	0.012434
1717	1914	2	0.000226
1717	2174	7120	0.804793
1718	2176	2	0.012739
1718	1923	1	0.006369
1718	1641	1	0.006369
1718	1996	2	0.012739
1718	2160	23	0.146497
1718	2257	4	0.025478
1718	1683	2	0.012739
1718	1652	1	0.006369
1718	2361	1	0.006369
1718	1661	4	0.025478
1718	1854	10	0.063694
1719	1634	33	0.673469
1719	1626	2	0.040816
1719	2318	6	0.122449
1719	1975	9	0.183673
1720	1664	3	0.096774
1720	1634	88	2.838710
1720	1892	51	1.645161
1720	1957	3	0.096774
1720	1899	6	0.193548
1720	2318	10	0.322581
1720	1683	3	0.096774
1720	1653	1	0.032258
1720	1975	34	1.096774
1720	2277	1	0.032258
1722	1634	60	10.000000
1722	2182	13	2.166667
1722	2249	18	3.000000
1722	2318	12	2.000000
1722	2258	326	54.333333
1722	2163	18	3.000000
1722	2197	1	0.166667
1723	2112	2	0.015748
1723	2273	1	0.007874
1723	1986	4	0.031496
1723	2114	3	0.023622
1723	1921	1	0.007874
1723	1634	1270	10.000000
1723	2062	1	0.007874
1723	2096	1	0.007874
1723	2318	254	2.000000
1723	1913	127	1.000000
1724	2151	9	0.209302
1725	1687	8	0.500000
1726	1735	114	38.000000
1727	2048	4	0.001361
1727	1722	301	0.102381
1727	2058	1	0.000340
1727	2062	291	0.098980
1727	2063	463	0.157483
1727	2066	1	0.000340
1727	2081	1	0.000340
1727	2083	2	0.000680
1727	2085	4	0.001361
1727	2086	13912	4.731973
1727	2096	267	0.090816
1727	2098	314	0.106803
1727	1715	7	0.002381
1727	2100	2789	0.948639
1727	2107	1	0.000340
1727	2112	1196	0.406803
1727	2114	14	0.004762
1727	2116	567	0.192857
1727	2117	299	0.101701
1727	2122	1	0.000340
1727	2126	4	0.001361
1727	2128	291	0.098980
1727	2232	37	0.012585
1727	2130	304	0.103401
1727	1806	821	0.279252
1727	1622	9	0.003061
1727	1624	2	0.000680
1727	1625	2481	0.843878
1727	1626	2188	0.744218
1727	2141	44	0.014966
1727	2143	323	0.109864
1727	1634	26129	8.887415
1727	1637	1	0.000340
1727	2151	2	0.000680
1727	1640	1	0.000340
1727	1641	1419	0.482653
1727	2157	293	0.099660
1727	2160	33	0.011224
1727	1649	8429	2.867007
1727	1651	5	0.001701
1727	1652	18506	6.294558
1727	1653	4	0.001361
1727	2167	14	0.004762
1727	2169	16	0.005442
1727	2239	2	0.000680
1727	1660	49	0.016667
1727	1661	430	0.146259
1727	2175	328	0.111565
1727	1664	379	0.128912
1727	1665	297	0.101020
1727	2180	3	0.001020
1727	2182	4115	1.399660
1727	2188	295	0.100340
1727	2189	2	0.000680
1727	1679	1610	0.547619
1727	2192	295	0.100340
1727	2193	17	0.005782
1727	1682	12	0.004082
1727	1683	2762	0.939456
1727	1684	1	0.000340
1727	2197	414	0.140816
1727	2199	40	0.013605
1727	1689	1	0.000340
1727	1691	1	0.000340
1727	1692	299	0.101701
1727	2205	1	0.000340
1727	2207	296	0.100680
1727	2208	291	0.098980
1727	1676	1	0.000340
1727	1700	1205	0.409864
1727	2213	1	0.000340
1727	1703	27	0.009184
1727	1704	377	0.128231
1727	2217	1	0.000340
1727	1707	13	0.004422
1727	2221	175	0.059524
1727	2227	357	0.121429
1727	1718	312	0.106122
1727	1719	291	0.098980
1727	1720	292	0.099320
1727	2234	3	0.001020
1727	2237	350	0.119048
1727	2165	1	0.000340
1727	1731	1	0.000340
1727	1735	2	0.000680
1727	2248	439	0.149320
1727	2249	11	0.003741
1727	2257	384	0.130612
1727	2258	1377	0.468367
1727	2260	300	0.102041
1727	2262	291	0.098980
1727	2266	601	0.204422
1727	1757	9	0.003061
1727	1758	2	0.000680
1727	2272	631	0.214626
1727	2273	298	0.101361
1727	1763	4	0.001361
1727	2172	2	0.000680
1727	2283	597	0.203061
1727	2284	3	0.001020
1727	1773	294	0.100000
1727	1775	1	0.000340
1727	2289	291	0.098980
1727	2295	4	0.001361
1727	1784	295	0.100340
1727	2300	1187	0.403741
1727	1645	1	0.000340
1727	1791	1	0.000340
1727	1792	3	0.001020
1727	2305	127	0.043197
1727	2308	4	0.001361
1727	2309	324	0.110204
1727	1798	2	0.000680
1727	2312	864	0.293878
1727	2316	1	0.000340
1727	2318	4805	1.634354
1727	1807	1	0.000340
1727	2321	5291	1.799660
1727	1814	356	0.121088
1727	1668	1	0.000340
1727	1839	292	0.099320
1727	2333	1	0.000340
1727	1830	1	0.000340
1727	1838	17	0.005782
1727	2351	1540	0.523810
1727	1845	10	0.003401
1727	1847	1994	0.678231
1727	2360	369	0.125510
1727	2361	103	0.035034
1727	2362	433	0.147279
1727	2365	309	0.105102
1727	1854	333	0.113265
1727	1858	1	0.000340
1727	1860	329	0.111905
1727	1865	1	0.000340
1727	2176	4637	1.577211
1727	1871	772	0.262585
1727	2275	307	0.104422
1727	1876	295	0.100340
1727	1877	1	0.000340
1727	1882	1	0.000340
1727	1883	409	0.139116
1727	1884	2	0.000680
1727	1885	1	0.000340
1727	1892	3578	1.217007
1727	1898	2	0.000680
1727	1899	301	0.102381
1727	1900	51	0.017347
1727	2194	1	0.000340
1727	1902	1	0.000340
1727	1904	293	0.099660
1727	1905	8	0.002721
1727	1910	300	0.102041
1727	1913	2419	0.822789
1727	1916	5	0.001701
1727	1918	295	0.100340
1727	1921	677	0.230272
1727	1922	6	0.002041
1727	1923	1	0.000340
1727	1927	4	0.001361
1727	1932	7	0.002381
1727	1936	2	0.000680
1727	1938	293	0.099660
1727	1940	1	0.000340
1727	1944	1	0.000340
1727	1945	295	0.100340
1727	1947	2	0.000680
1727	1949	79	0.026871
1727	1955	291	0.098980
1727	1957	34653	11.786735
1727	1958	7	0.002381
1727	1959	1	0.000340
1727	1961	1466	0.498639
1727	1965	5	0.001701
1727	1967	302	0.102721
1727	1975	1799	0.611905
1727	1696	291	0.098980
1727	1986	338	0.114966
1727	2163	303	0.103061
1727	1988	1	0.000340
1727	1996	2	0.000680
1727	1998	2210	0.751701
1727	2012	13	0.004422
1727	2016	333	0.113265
1727	2021	3	0.001020
1727	2026	291	0.098980
1727	2032	332	0.112925
1727	2042	291	0.098980
1727	2045	1	0.000340
1729	1735	115	38.333333
1731	1634	2	0.002551
1731	1892	1	0.001276
1731	1957	2	0.002551
1731	1735	1	0.001276
1731	2248	2	0.002551
1731	1961	1	0.001276
1731	2160	1	0.001276
1731	2257	1	0.001276
1731	2258	3	0.003827
1731	1715	2	0.002551
1731	1653	2	0.002551
1731	1626	2	0.002551
1731	1854	2	0.002551
1731	1637	1	0.001276
1732	1847	1	0.250000
1733	1735	115	38.333333
1734	2232	2	0.021053
1734	2075	1	0.010526
1734	1958	2	0.021053
1734	1655	1	0.010526
1735	2055	1	0.000920
1735	2056	1	0.000920
1735	2057	1	0.000920
1735	2060	1	0.000920
1735	2063	16	0.014719
1735	2065	1	0.000920
1735	2077	1	0.000920
1735	2084	1	0.000920
1735	1628	2	0.001840
1735	2092	1	0.000920
1735	2094	1	0.000920
1735	2111	1	0.000920
1735	2112	18	0.016559
1735	2113	2	0.001840
1735	2114	14	0.012879
1735	2119	1	0.000920
1735	2123	1	0.000920
1735	1620	1	0.000920
1735	1626	1	0.000920
1735	2140	1	0.000920
1735	2145	1	0.000920
1735	1634	1	0.000920
1735	2148	1	0.000920
1735	2151	1	0.000920
1735	1646	1	0.000920
1735	1649	4	0.003680
1735	2162	1	0.000920
1735	2164	2	0.001840
1735	1657	1	0.000920
1735	2177	1	0.000920
1735	2241	1	0.000920
1735	1672	1	0.000920
1735	1678	2	0.001840
1735	1679	1	0.000920
1735	1683	1	0.000920
1735	2199	1	0.000920
1735	1698	1	0.000920
1735	1707	6	0.005520
1735	1710	1	0.000920
1735	1719	1	0.000920
1735	1726	1	0.000920
1735	1729	1	0.000920
1735	2243	1	0.000920
1735	1733	1	0.000920
1735	1736	1	0.000920
1735	1737	1	0.000920
1735	1738	2	0.001840
1735	1739	1	0.000920
1735	1757	2	0.001840
1735	1772	1	0.000920
1735	1778	1	0.000920
1735	2305	1	0.000920
1735	2313	1	0.000920
1735	2314	1	0.000920
1735	2316	2	0.001840
1735	2317	1	0.000920
1735	2323	1	0.000920
1735	1813	1	0.000920
1735	2332	1	0.000920
1735	2334	1	0.000920
1735	2337	2	0.001840
1735	1832	1	0.000920
1735	1833	1	0.000920
1735	2346	1	0.000920
1735	1848	1	0.000920
1735	2362	3	0.002760
1735	1859	1	0.000920
1735	1871	2	0.001840
1735	1879	1	0.000920
1735	1889	1	0.000920
1735	1908	1	0.000920
1735	1910	7	0.006440
1735	1920	1	0.000920
1735	1921	7	0.006440
1735	1941	1	0.000920
1735	1952	1	0.000920
1735	1957	2	0.001840
1735	1961	3	0.002760
1735	1983	1	0.000920
1735	1986	1	0.000920
1735	1994	1	0.000920
1735	1998	1	0.000920
1735	2011	1	0.000920
1735	2013	1	0.000920
1735	2015	1	0.000920
1735	2030	1	0.000920
1735	2032	2	0.001840
1735	2034	1	0.000920
1735	2040	1	0.000920
1736	1735	115	38.333333
1737	1735	115	38.333333
1738	1735	115	38.333333
1739	1735	115	38.333333
1740	1735	81	40.500000
1744	1735	82	41.000000
1745	1634	46	0.718750
1747	2232	2	0.044444
1747	1958	1	0.022222
1747	1655	1	0.022222
1748	2273	2	1.000000
1748	1858	2	1.000000
1748	1961	12	6.000000
1748	2026	2	1.000000
1748	2157	2	1.000000
1748	2126	2	1.000000
1748	2197	2	1.000000
1748	2362	2	1.000000
1750	1735	81	40.500000
1751	1986	17	1.133333
1751	1649	1	0.066667
1751	2122	15	1.000000
1751	1634	150	10.000000
1751	2318	30	2.000000
1751	2321	1	0.066667
1751	2194	1	0.066667
1751	1653	1	0.066667
1751	1913	15	1.000000
1752	2096	7	0.011725
1752	1634	70	0.117253
1752	2318	14	0.023451
1757	1921	1	0.001427
1757	1986	3	0.004280
1757	2081	1	0.001427
1757	1961	1	0.001427
1757	2188	1	0.001427
1757	2221	1	0.001427
1757	1998	1	0.001427
1757	1901	1	0.001427
1757	2160	2	0.002853
1757	1683	3	0.004280
1757	1718	3	0.004280
1757	1694	1	0.001427
1758	1634	4	0.081633
1758	1923	1	0.020408
1758	1683	1	0.020408
1758	2098	1	0.020408
1758	2182	1	0.020408
1760	1649	5	1.000000
1760	2151	2	0.400000
1761	1735	82	41.000000
1762	2201	24	0.129730
1763	2112	1	0.007092
1763	1664	1	0.007092
1763	1634	1410	10.000000
1763	2114	4	0.028369
1763	2318	282	2.000000
1763	1683	1	0.007092
1763	1913	141	1.000000
1764	1913	8	1.000000
1764	1634	80	10.000000
1764	2318	16	2.000000
1765	2160	1	0.019608
1765	1649	1	0.019608
1767	2048	307	0.661638
1767	1921	1	0.002155
1767	2178	2	0.004310
1767	2316	1	0.002155
1767	2318	910	1.961207
1767	2063	2	0.004310
1767	1683	2	0.004310
1767	2199	1	0.002155
1767	2201	2	0.004310
1767	1947	304	0.655172
1767	1695	2	0.004310
1767	1825	2	0.004310
1767	2277	1	0.002155
1767	2085	320	0.689655
1767	1905	321	0.691810
1767	1961	2	0.004310
1767	2091	2	0.004310
1767	1838	319	0.687500
1767	1629	1	0.002155
1767	1975	1	0.002155
1767	2232	2	0.004310
1767	1721	2	0.004310
1767	2362	4	0.008621
1767	1724	2	0.004310
1767	1792	319	0.687500
1767	2112	6147	13.247845
1767	1861	2	0.004310
1767	1735	5	0.010776
1767	2248	1	0.002155
1767	1869	2	0.004310
1767	2256	2	0.004310
1767	1763	1	0.002155
1767	1876	1	0.002155
1767	1877	305	0.657328
1767	1622	638	1.375000
1767	1626	1	0.002155
1767	1807	2	0.004310
1767	2141	455	0.980603
1767	1887	2	0.004310
1767	1634	5496	11.844828
1767	2147	2	0.004310
1767	1765	2	0.004310
1767	2027	2	0.004310
1767	2284	319	0.687500
1767	2032	2	0.004310
1767	1649	90	0.193966
1767	1653	1	0.002155
1767	1705	1	0.002155
1767	1913	836	1.801724
1767	1663	2	0.004310
1767	2047	2	0.004310
1769	1921	750	0.085256
1769	2180	25	0.002842
1769	2285	1	0.000114
1769	2320	30	0.003410
1769	1683	1	0.000114
1769	2325	4	0.000455
1769	2199	1	0.000114
1769	1690	1	0.000114
1769	1882	9	0.001023
1769	2206	3	0.000341
1769	2160	3	0.000341
1769	1826	395	0.044902
1769	1961	3	0.000341
1769	1835	4	0.000455
1769	2222	3	0.000341
1769	2353	1	0.000114
1769	1717	1	0.000114
1769	1847	1	0.000114
1769	2232	1	0.000114
1769	2363	1	0.000114
1769	2112	19	0.002160
1769	1857	3	0.000341
1769	2114	21	0.002387
1769	1735	3	0.000341
1769	2359	2	0.000227
1769	1856	3	0.000341
1769	1872	2	0.000227
1769	1626	46	0.005229
1769	1885	4	0.000455
1769	1634	5	0.000568
1769	1645	15	0.001705
1769	2031	39	0.004433
1769	2032	1	0.000114
1769	1649	110	0.012504
1769	1914	2	0.000227
1769	2174	7154	0.813232
1771	1921	2	0.181818
1772	1735	115	38.333333
1773	1634	42	2.000000
1773	2283	1	0.047619
1773	1704	1	0.047619
1773	1707	1	0.047619
1773	2188	22	1.047619
1773	2318	21	1.000000
1775	2362	6	0.010274
1775	2171	6	0.010274
1775	1916	16	0.027397
1775	1709	2	0.003425
1775	1847	2	0.003425
1776	1913	4	2.000000
1776	1634	24	12.000000
1776	2141	2	1.000000
1776	2318	4	2.000000
1778	1735	115	38.333333
1781	2048	13	0.075581
1781	1792	25	0.145349
1781	2178	2	0.011628
1781	1921	1	0.005814
1781	2316	1	0.005814
1781	2318	326	1.895349
1781	2063	2	0.011628
1781	1683	2	0.011628
1781	2199	1	0.005814
1781	2201	2	0.011628
1781	1947	10	0.058140
1781	1695	2	0.011628
1781	1825	2	0.011628
1781	2277	1	0.005814
1781	2085	26	0.151163
1781	1649	91	0.529070
1781	1961	2	0.011628
1781	2091	2	0.011628
1781	1838	25	0.145349
1781	1629	1	0.005814
1781	1975	1	0.005814
1781	2232	2	0.011628
1781	1721	2	0.011628
1781	2362	4	0.023256
1781	1724	2	0.011628
1781	2112	562	3.267442
1781	1861	2	0.011628
1781	1735	5	0.029070
1781	2248	1	0.005814
1781	1869	2	0.011628
1781	2256	2	0.011628
1781	1763	1	0.005814
1781	1876	1	0.005814
1781	1877	11	0.063953
1781	1622	50	0.290698
1781	1626	1	0.005814
1781	1807	2	0.011628
1781	2141	162	0.941860
1781	1887	2	0.011628
1781	1634	1993	11.587209
1781	2147	2	0.011628
1781	1765	2	0.011628
1781	2027	2	0.011628
1781	2284	25	0.145349
1781	2032	2	0.011628
1781	1905	27	0.156977
1781	1653	1	0.005814
1781	1705	1	0.005814
1781	1913	250	1.453488
1781	1663	2	0.011628
1781	2047	2	0.011628
1782	2112	1	0.055556
1782	1735	1	0.055556
1782	1663	13	0.722222
1784	1634	22	11.000000
1784	1806	6	3.000000
1784	2318	4	2.000000
1785	1921	753	0.085910
1785	2180	25	0.002852
1785	2285	1	0.000114
1785	2320	30	0.003423
1785	1683	1	0.000114
1785	2325	4	0.000456
1785	2199	1	0.000114
1785	1690	1	0.000114
1785	1882	9	0.001027
1785	2206	3	0.000342
1785	2160	3	0.000342
1785	1826	395	0.045066
1785	1961	3	0.000342
1785	1835	4	0.000456
1785	2222	3	0.000342
1785	2353	1	0.000114
1785	1717	1	0.000114
1785	1847	1	0.000114
1785	2232	1	0.000114
1785	2363	1	0.000114
1785	1856	3	0.000342
1785	1857	3	0.000342
1785	2114	20	0.002282
1785	1735	2	0.000228
1785	2112	19	0.002168
1785	2359	2	0.000228
1785	1872	2	0.000228
1785	1626	46	0.005248
1785	1885	4	0.000456
1785	1634	5	0.000570
1785	1645	15	0.001711
1785	2031	39	0.004450
1785	2032	1	0.000114
1785	1649	110	0.012550
1785	1914	2	0.000228
1785	2174	7138	0.814375
1786	2256	2	1.000000
1786	1683	2	1.000000
1788	1921	750	0.085024
1788	2180	25	0.002834
1788	2285	1	0.000113
1788	2320	30	0.003401
1788	1683	1	0.000113
1788	2325	4	0.000453
1788	2199	1	0.000113
1788	1690	1	0.000113
1788	1882	9	0.001020
1788	2206	3	0.000340
1788	2160	3	0.000340
1788	1826	395	0.044780
1788	2353	1	0.000113
1788	1961	3	0.000340
1788	1835	4	0.000453
1788	2222	3	0.000340
1788	1847	1	0.000113
1788	1717	1	0.000113
1788	2359	2	0.000227
1788	2232	1	0.000113
1788	2363	1	0.000113
1788	2112	19	0.002154
1788	1857	3	0.000340
1788	2114	21	0.002381
1788	1735	3	0.000340
1788	1856	3	0.000340
1788	1872	2	0.000227
1788	1626	46	0.005215
1788	1885	4	0.000453
1788	1634	5	0.000567
1788	1645	15	0.001700
1788	2031	39	0.004421
1788	2032	1	0.000113
1788	1649	110	0.012470
1788	1914	2	0.000227
1788	2174	7154	0.811019
1791	2272	1	0.047619
1791	2176	1	0.047619
1791	1700	4	0.190476
1791	2021	1	0.047619
1791	2182	1	0.047619
1792	1913	20	1.333333
1792	1634	158	10.533333
1792	2141	13	0.866667
1792	2318	26	1.733333
1792	1649	10	0.666667
1794	1735	81	40.500000
1795	2112	1	0.015625
1795	1735	1	0.015625
1796	1921	4	0.048780
1796	1702	2	0.024390
1797	2112	1	0.083333
1797	1649	12	1.000000
1797	2063	1	0.083333
1798	1634	243	10.125000
1798	2318	48	2.000000
1799	1913	10	2.000000
1799	1634	60	12.000000
1799	2141	5	1.000000
1799	2318	10	2.000000
1803	1735	147	36.750000
1804	2256	2	1.000000
1804	1683	2	1.000000
1806	1634	3009	8.524079
1806	2275	180	0.509915
1806	1700	329	0.932011
1806	2309	43	0.121813
1806	2248	1	0.002833
1806	2221	5	0.014164
1806	2318	566	1.603399
1806	2063	1	0.002833
1806	2321	5	0.014164
1806	1938	2	0.005666
1806	1814	233	0.660057
1806	1784	2	0.005666
1806	1913	178	0.504249
1806	2012	209	0.592068
1806	1957	1	0.002833
1807	2112	2	0.001416
1807	1921	2675	1.894476
1807	2114	1	0.000708
1807	2083	2	0.001416
1807	1764	2	0.001416
1807	2182	2	0.001416
1807	2273	1	0.000708
1807	2248	1	0.000708
1807	1961	2	0.001416
1807	1735	3	0.002125
1807	2316	2	0.001416
1807	1709	1	0.000708
1807	2160	1	0.000708
1807	1649	1	0.000708
1807	2197	2	0.001416
1807	2038	1338	0.947592
1807	2362	1	0.000708
1807	2171	1	0.000708
1807	1916	1341	0.949717
1807	1626	2	0.001416
1808	1735	148	37.000000
1810	2273	2	1.000000
1810	1858	2	1.000000
1810	1961	12	6.000000
1810	2026	2	1.000000
1810	2157	2	1.000000
1810	2126	2	1.000000
1810	2197	2	1.000000
1810	2362	2	1.000000
1811	2048	4	0.001053
1811	2058	1	0.000263
1811	2062	166	0.043707
1811	2063	335	0.088204
1811	2066	1	0.000263
1811	2081	1	0.000263
1811	2083	2	0.000527
1811	2085	5	0.001316
1811	2086	14009	3.688520
1811	2141	46	0.012112
1811	2096	310	0.081622
1811	2098	190	0.050026
1811	1715	17	0.004476
1811	2100	3304	0.869932
1811	2107	1	0.000263
1811	2112	843	0.221959
1811	2114	16	0.004213
1811	2116	1242	0.327014
1811	2117	176	0.046340
1811	2122	2	0.000527
1811	2126	4	0.001053
1811	2128	166	0.043707
1811	2232	10	0.002633
1811	2130	174	0.045814
1811	1806	651	0.171406
1811	1622	10	0.002633
1811	1624	8	0.002106
1811	1625	2485	0.654292
1811	1626	1909	0.502633
1811	2234	3	0.000790
1811	2143	210	0.055292
1811	1634	28363	7.467878
1811	1637	1	0.000263
1811	2151	2	0.000527
1811	1640	1	0.000263
1811	1641	1688	0.444444
1811	2157	168	0.044234
1811	2160	34	0.008952
1811	1649	15458	4.070037
1811	1651	28	0.007372
1811	1652	18465	4.861769
1811	1653	4	0.001053
1811	2167	15	0.003949
1811	2169	21	0.005529
1811	1660	56	0.014745
1811	1661	654	0.172196
1811	2175	203	0.053449
1811	1664	272	0.071617
1811	1665	172	0.045287
1811	1668	7	0.001843
1811	2182	2721	0.716430
1811	2188	170	0.044760
1811	2189	2	0.000527
1811	1679	981	0.258294
1811	2192	175	0.046077
1811	2193	22	0.005793
1811	1682	18	0.004739
1811	1683	1802	0.474460
1811	1684	1	0.000263
1811	2197	297	0.078199
1811	2199	42	0.011058
1811	1689	1	0.000263
1811	1691	1	0.000263
1811	1692	174	0.045814
1811	2205	1	0.000263
1811	2207	171	0.045024
1811	2208	166	0.043707
1811	1676	1	0.000263
1811	1700	1199	0.315692
1811	2213	1	0.000263
1811	1703	33	0.008689
1811	1704	299	0.078726
1811	2217	1	0.000263
1811	1707	13	0.003423
1811	2221	195	0.051343
1811	2227	258	0.067930
1811	1718	189	0.049763
1811	1719	166	0.043707
1811	1720	168	0.044234
1811	1722	176	0.046340
1811	2237	286	0.075303
1811	2239	2	0.000527
1811	1731	1	0.000263
1811	1735	2	0.000527
1811	2248	327	0.086098
1811	2249	17	0.004476
1811	2257	344	0.090574
1811	2258	882	0.232227
1811	2260	175	0.046077
1811	2262	166	0.043707
1811	1751	1	0.000263
1811	2266	351	0.092417
1811	1757	22	0.005793
1811	1758	2	0.000527
1811	2272	424	0.111638
1811	2273	173	0.045550
1811	2275	185	0.048710
1811	1764	1	0.000263
1811	2172	2	0.000527
1811	2283	349	0.091890
1811	2284	4	0.001053
1811	1773	169	0.044497
1811	1775	1	0.000263
1811	2289	166	0.043707
1811	2295	11	0.002896
1811	1784	171	0.045024
1811	2300	675	0.177725
1811	1645	1	0.000263
1811	1791	1	0.000263
1811	1792	4	0.001053
1811	2305	156	0.041074
1811	2308	4	0.001053
1811	2309	222	0.058452
1811	1798	8	0.002106
1811	1799	1	0.000263
1811	2312	1223	0.322012
1811	2316	2	0.000527
1811	2318	5331	1.403633
1811	1807	1	0.000263
1811	2321	4276	1.125856
1811	1814	242	0.063718
1811	2180	3	0.000790
1811	1839	167	0.043971
1811	2333	1	0.000263
1811	1830	1	0.000263
1811	1838	14	0.003686
1811	2351	924	0.243286
1811	1845	16	0.004213
1811	1847	2054	0.540811
1811	2360	472	0.124276
1811	2361	171	0.045024
1811	2362	335	0.088204
1811	2365	176	0.046340
1811	1854	203	0.053449
1811	1858	7	0.001843
1811	1860	220	0.057925
1811	1865	1	0.000263
1811	2176	4982	1.311743
1811	1871	772	0.203265
1811	1763	4	0.001053
1811	1876	170	0.044760
1811	1877	2	0.000527
1811	1882	1	0.000263
1811	1883	352	0.092680
1811	1884	2	0.000527
1811	1885	1	0.000263
1811	1892	4127	1.086625
1811	1898	2	0.000527
1811	1899	176	0.046340
1811	1900	51	0.013428
1811	2194	2	0.000527
1811	1902	7	0.001843
1811	1904	168	0.044234
1811	1905	10	0.002633
1811	1910	175	0.046077
1811	1913	2513	0.661664
1811	1916	5	0.001316
1811	1918	170	0.044760
1811	1921	553	0.145603
1811	1922	18	0.004739
1811	1923	1	0.000263
1811	1927	5	0.001316
1811	1932	27	0.007109
1811	1936	8	0.002106
1811	1938	169	0.044497
1811	1940	1	0.000263
1811	1944	7	0.001843
1811	1945	170	0.044760
1811	1947	3	0.000790
1811	1949	208	0.054766
1811	1955	166	0.043707
1811	1957	18029	4.746972
1811	1958	8	0.002106
1811	1959	1	0.000263
1811	1961	847	0.223012
1811	1965	5	0.001316
1811	1967	182	0.047920
1811	1975	3629	0.955503
1811	1696	166	0.043707
1811	1986	239	0.062928
1811	2163	178	0.046867
1811	1988	1	0.000263
1811	1996	2	0.000527
1811	1998	1568	0.412849
1811	2012	14	0.003686
1811	2016	208	0.054766
1811	2021	9	0.002370
1811	2026	166	0.043707
1811	2032	206	0.054239
1811	2042	166	0.043707
1811	2045	1	0.000263
1811	2165	1	0.000263
1812	1921	2	2.000000
1812	1715	1	1.000000
1813	1735	115	38.333333
1814	2272	1	0.028571
1814	2112	1	0.028571
1814	1634	350	10.000000
1814	1899	1	0.028571
1814	1847	3	0.085714
1814	2114	1	0.028571
1814	1806	35	1.000000
1814	2063	1	0.028571
1814	2160	2	0.057143
1814	2321	7	0.200000
1814	1652	2	0.057143
1814	2318	70	2.000000
1814	2199	1	0.028571
1814	2232	2	0.057143
1814	1626	1	0.028571
1814	1757	2	0.057143
1815	1634	4330	10.069767
1815	2318	866	2.013953
1816	1634	96	12.000000
1816	1735	6	0.750000
1816	2316	7	0.875000
1816	2318	16	2.000000
1816	2032	6	0.750000
1816	1649	8	1.000000
1816	1913	16	2.000000
1816	2141	8	1.000000
1820	2112	1	0.001869
1820	2114	1	0.001869
1820	1649	1	0.001869
1820	1652	1	0.001869
1820	1653	1	0.001869
1820	1847	2	0.003738
1820	2073	1	0.001869
1821	1664	7	0.072917
1821	2305	127	1.322917
1821	2188	6	0.062500
1821	2318	192	2.000000
1821	2063	3	0.031250
1821	2321	1	0.010417
1821	1683	1	0.010417
1821	2199	1	0.010417
1821	1957	1	0.010417
1821	2086	135	1.406250
1821	2227	113	1.177083
1821	1718	1	0.010417
1821	2360	270	2.812500
1821	2361	1	0.010417
1821	1854	1	0.010417
1821	1986	81	0.843750
1821	2116	1412	14.708333
1821	2248	19	0.197917
1821	2176	6	0.062500
1821	1626	7	0.072917
1821	1679	1	0.010417
1821	1757	1	0.010417
1821	2272	1	0.010417
1821	1634	1043	10.864583
1821	2275	1	0.010417
1821	1649	1	0.010417
1821	1913	199	2.072917
1822	2048	4	0.001506
1822	2058	1	0.000377
1822	2062	156	0.058735
1822	2063	332	0.125000
1822	2066	1	0.000377
1822	2081	1	0.000377
1822	2083	2	0.000753
1822	2085	4	0.001506
1822	2086	13903	5.234563
1822	2141	44	0.016566
1822	2096	262	0.098645
1822	2098	179	0.067395
1822	1715	6	0.002259
1822	2100	2612	0.983434
1822	2107	1	0.000377
1822	2112	782	0.294428
1822	2114	10	0.003765
1822	2116	505	0.190136
1822	2117	171	0.064383
1822	2122	1	0.000377
1822	2126	4	0.001506
1822	2128	156	0.058735
1822	2232	4	0.001506
1822	2130	169	0.063630
1822	1806	592	0.222892
1822	1622	8	0.003012
1822	1624	2	0.000753
1822	1625	2474	0.931476
1822	1626	1587	0.597515
1822	1722	166	0.062500
1822	2143	188	0.070783
1822	1634	24100	9.073795
1822	1637	1	0.000377
1822	2151	2	0.000753
1822	1640	1	0.000377
1822	1641	868	0.326807
1822	2157	158	0.059488
1822	2160	24	0.009036
1822	1649	8424	3.171687
1822	1651	7	0.002636
1822	1652	18450	6.946536
1822	1653	4	0.001506
1822	2167	14	0.005271
1822	2169	22	0.008283
1822	2239	2	0.000753
1822	1660	49	0.018449
1822	1661	295	0.111069
1822	2175	193	0.072666
1822	1664	221	0.083208
1822	1665	162	0.060994
1822	2180	3	0.001130
1822	2182	2612	0.983434
1822	2188	160	0.060241
1822	2189	2	0.000753
1822	1679	942	0.354669
1822	2192	160	0.060241
1822	2193	17	0.006401
1822	1682	19	0.007154
1822	1683	1694	0.637801
1822	1684	1	0.000377
1822	2197	288	0.108434
1822	2199	40	0.015060
1822	1689	1	0.000377
1822	1691	1	0.000377
1822	1692	164	0.061747
1822	2205	1	0.000377
1822	2207	161	0.060617
1822	2208	156	0.058735
1822	1676	1	0.000377
1822	1700	1188	0.447289
1822	2213	1	0.000377
1822	1703	27	0.010166
1822	1704	242	0.091114
1822	2217	1	0.000377
1822	1707	13	0.004895
1822	2221	187	0.070407
1822	2227	217	0.081702
1822	1718	177	0.066642
1822	1719	156	0.058735
1822	1720	157	0.059111
1822	2234	3	0.001130
1822	2237	206	0.077560
1822	2165	1	0.000377
1822	1731	1	0.000377
1822	1735	2	0.000753
1822	2248	312	0.117470
1822	2249	11	0.004142
1822	2257	233	0.087726
1822	2258	837	0.315136
1822	2260	164	0.061747
1822	2262	156	0.058735
1822	2266	331	0.124623
1822	1757	9	0.003389
1822	1758	2	0.000753
1822	2272	367	0.138178
1822	2273	163	0.061370
1822	2275	168	0.063253
1822	2172	2	0.000753
1822	2283	327	0.123117
1822	2284	3	0.001130
1822	1773	159	0.059864
1822	1775	1	0.000377
1822	2289	156	0.058735
1822	2295	4	0.001506
1822	1784	161	0.060617
1822	2300	647	0.243599
1822	1645	1	0.000377
1822	1791	1	0.000377
1822	1792	3	0.001130
1822	2305	123	0.046310
1822	2308	4	0.001506
1822	2309	211	0.079443
1822	1798	2	0.000753
1822	2312	819	0.308358
1822	2316	1	0.000377
1822	2318	4506	1.696536
1822	1807	1	0.000377
1822	2321	4201	1.581702
1822	1814	227	0.085467
1822	1668	1	0.000377
1822	1839	157	0.059111
1822	2333	1	0.000377
1822	1830	1	0.000377
1822	1838	19	0.007154
1822	2351	833	0.313630
1822	1845	10	0.003765
1822	1847	1989	0.748870
1822	2360	356	0.134036
1822	2361	93	0.035015
1822	2362	304	0.114458
1822	2365	165	0.062123
1822	1854	197	0.074172
1822	1858	1	0.000377
1822	1860	187	0.070407
1822	1865	1	0.000377
1822	2176	3890	1.464608
1822	1871	772	0.290663
1822	1763	4	0.001506
1822	1876	160	0.060241
1822	1877	1	0.000377
1822	1882	1	0.000377
1822	1883	284	0.106928
1822	1884	2	0.000753
1822	1885	1	0.000377
1822	1892	3498	1.317018
1822	1898	2	0.000753
1822	1899	181	0.068148
1822	1900	51	0.019202
1822	2194	1	0.000377
1822	1902	1	0.000377
1822	1904	158	0.059488
1822	1905	8	0.003012
1822	1910	165	0.062123
1822	1913	2178	0.820030
1822	1916	5	0.001883
1822	1918	160	0.060241
1822	1921	537	0.202184
1822	1922	5	0.001883
1822	1923	1	0.000377
1822	1927	4	0.001506
1822	1932	7	0.002636
1822	1936	2	0.000753
1822	1938	159	0.059864
1822	1940	1	0.000377
1822	1944	1	0.000377
1822	1945	160	0.060241
1822	1947	2	0.000753
1822	1949	86	0.032380
1822	1955	156	0.058735
1822	1957	17399	6.550828
1822	1958	7	0.002636
1822	1959	1	0.000377
1822	1961	798	0.300452
1822	1965	5	0.001883
1822	1967	167	0.062877
1822	1975	1704	0.641566
1822	1696	156	0.058735
1822	1986	199	0.074925
1822	2163	168	0.063253
1822	1988	1	0.000377
1822	1996	2	0.000753
1822	1998	1308	0.492470
1822	2012	10	0.003765
1822	2016	198	0.074548
1822	2021	3	0.001130
1822	2026	156	0.058735
1822	2032	204	0.076807
1822	2042	156	0.058735
1822	2045	1	0.000377
1825	1909	7	0.067308
1826	1885	2	0.080000
1826	1882	3	0.120000
1826	1634	2	0.080000
1826	2174	12	0.480000
1826	1645	2	0.080000
1827	1913	45	1.000000
1827	1634	450	10.000000
1827	2318	90	2.000000
1830	1921	6	0.005190
1830	2182	14	0.012111
1830	2160	4	0.003460
1830	1998	5	0.004325
1830	1679	5	0.004325
1830	2096	5	0.004325
1830	2193	8	0.006920
1830	1683	5	0.004325
1830	1652	7	0.006055
1830	2318	1	0.000865
1830	1847	4	0.003460
1830	2362	6	0.005190
1830	1883	14	0.012111
1830	2207	5	0.004325
1831	1664	3	0.019608
1831	1651	2	0.013072
1831	1634	1464	9.568627
1831	1700	3	0.019608
1831	1958	1	0.006536
1831	1996	1	0.006536
1831	1998	393	2.568627
1831	1775	1	0.006536
1831	2160	2	0.013072
1831	1683	11	0.071895
1831	2318	263	1.718954
1831	1916	2	0.013072
1831	2333	1	0.006536
1831	1854	2	0.013072
1831	2197	7	0.045752
1832	1735	115	38.333333
1833	1735	147	36.750000
1835	1921	751	0.086501
1835	2180	22	0.002534
1835	2285	1	0.000115
1835	2320	30	0.003455
1835	1683	1	0.000115
1835	2325	4	0.000461
1835	2199	1	0.000115
1835	1690	1	0.000115
1835	1882	9	0.001037
1835	2206	3	0.000346
1835	2160	3	0.000346
1835	1826	391	0.045036
1835	2353	1	0.000115
1835	1961	3	0.000346
1835	2222	3	0.000346
1835	1847	1	0.000115
1835	1717	1	0.000115
1835	2359	2	0.000230
1835	2232	1	0.000115
1835	2363	1	0.000115
1835	2112	19	0.002188
1835	1857	3	0.000346
1835	2114	21	0.002419
1835	1735	3	0.000346
1835	1856	3	0.000346
1835	1872	2	0.000230
1835	1626	44	0.005068
1835	1885	4	0.000461
1835	1634	5	0.000576
1835	1645	15	0.001728
1835	2031	39	0.004492
1835	2032	1	0.000115
1835	1649	108	0.012440
1835	1914	2	0.000230
1835	2174	7182	0.827229
1836	2062	1	0.125000
1836	2063	1	0.125000
1836	2098	2	0.250000
1836	2100	1	0.125000
1836	2112	4	0.500000
1836	2116	2	0.250000
1836	2117	1	0.125000
1836	2122	1	0.125000
1836	2128	1	0.125000
1836	2130	1	0.125000
1836	1806	2	0.250000
1836	1626	208	26.000000
1836	2143	1	0.125000
1836	1634	73	9.125000
1836	1641	1	0.125000
1836	2157	1	0.125000
1836	2163	1	0.125000
1836	1652	1	0.125000
1836	1661	2	0.250000
1836	2175	1	0.125000
1836	2176	6	0.750000
1836	1665	1	0.125000
1836	2182	13	1.625000
1836	2188	1	0.125000
1836	1679	5	0.625000
1836	2192	1	0.125000
1836	1683	9	1.125000
1836	2197	1	0.125000
1836	2199	2	0.250000
1836	1692	1	0.125000
1836	2207	1	0.125000
1836	2208	1	0.125000
1836	1700	2	0.250000
1836	1704	1	0.125000
1836	2221	2	0.250000
1836	2227	1	0.125000
1836	1718	2	0.250000
1836	1719	1	0.125000
1836	1720	1	0.125000
1836	1722	1	0.125000
1836	2237	1	0.125000
1836	2257	1	0.125000
1836	2258	4	0.500000
1836	2260	1	0.125000
1836	2262	1	0.125000
1836	1751	1	0.125000
1836	2266	2	0.250000
1836	1757	1	0.125000
1836	2272	2	0.250000
1836	2273	1	0.125000
1836	2275	2	0.250000
1836	2283	4	0.500000
1836	1773	1	0.125000
1836	2289	1	0.125000
1836	1784	1	0.125000
1836	2300	4	0.500000
1836	2309	1	0.125000
1836	1799	1	0.125000
1836	2316	1	0.125000
1836	2318	14	1.750000
1836	2321	5	0.625000
1836	1814	2	0.250000
1836	2351	6	0.750000
1836	1838	1	0.125000
1836	1839	1	0.125000
1836	1847	2	0.250000
1836	2362	1	0.125000
1836	2365	2	0.250000
1836	1854	2	0.250000
1836	1860	2	0.250000
1836	1871	38	4.750000
1836	1876	1	0.125000
1836	1883	1	0.125000
1836	1892	2	0.250000
1836	1899	1	0.125000
1836	1904	1	0.125000
1836	1910	1	0.125000
1836	1913	7	0.875000
1836	1918	1	0.125000
1836	1921	1	0.125000
1836	1938	1	0.125000
1836	1945	1	0.125000
1836	1955	1	0.125000
1836	1961	5	0.625000
1836	1967	1	0.125000
1836	1975	1	0.125000
1836	1696	1	0.125000
1836	1986	2	0.250000
1836	1998	6	0.750000
1836	2016	1	0.125000
1836	2026	1	0.125000
1836	2032	1	0.125000
1836	2042	1	0.125000
1838	2248	1	0.026316
1838	1913	37	0.973684
1838	1634	407	10.710526
1838	2112	2	0.052632
1838	2318	74	1.947368
1839	2273	6	1.500000
1839	1634	2	0.500000
1839	1961	74	18.500000
1839	2026	4	1.000000
1839	2157	4	1.000000
1839	2126	4	1.000000
1839	2197	4	1.000000
1839	2362	4	1.000000
1839	1858	4	1.000000
1845	1664	3	0.107143
1845	1634	280	10.000000
1845	1958	2	0.071429
1845	2182	72	2.571429
1845	1703	2	0.071429
1845	1707	1	0.035714
1845	2258	6	0.214286
1845	2318	56	2.000000
1845	1967	3	0.107143
1845	2321	4	0.142857
1845	1682	2	0.071429
1845	1683	1	0.035714
1845	1715	1	0.035714
1845	2266	1	0.035714
1845	1625	1	0.035714
1845	1626	4	0.142857
1845	2143	1	0.035714
1845	2300	1	0.035714
1845	2045	1	0.035714
1845	2175	2	0.071429
1847	2176	8	0.001456
1847	1664	191	0.034772
1847	1922	2	0.000364
1847	1923	1	0.000182
1847	2180	2	0.000364
1847	2182	6	0.001092
1847	1927	2	0.000364
1847	1986	1	0.000182
1847	2318	10862	1.977426
1847	1807	1	0.000182
1847	2321	4	0.000728
1847	1683	15	0.002731
1847	2197	1	0.000182
1847	2308	1	0.000182
1847	1949	3	0.000546
1847	1957	4	0.000728
1847	2086	5	0.000910
1847	2221	1	0.000182
1847	2096	7	0.001274
1847	2098	8	0.001456
1847	1715	3	0.000546
1847	2100	2	0.000364
1847	2361	1	0.000182
1847	2114	1	0.000182
1847	1860	2	0.000364
1847	1916	4	0.000728
1847	1996	1	0.000182
1847	1998	76	0.013836
1847	2257	73	0.013290
1847	1625	38431	6.996359
1847	1626	30	0.005461
1847	2063	1	0.000182
1847	2143	3	0.000546
1847	1634	54524	9.926088
1847	1958	4	0.000728
1847	1641	5	0.000910
1847	2160	4	0.000728
1847	1652	38	0.006918
1847	1913	10752	1.957400
1847	2300	7	0.001274
1848	1735	115	38.333333
1850	1986	1	0.041667
1850	2273	1	0.041667
1850	1634	265	11.041667
1850	2283	1	0.041667
1850	2221	3	0.125000
1850	2318	49	2.041667
1850	1679	13	0.541667
1850	1683	13	0.541667
1850	1910	5	0.208333
1851	1664	1	0.004739
1851	2305	2	0.009479
1851	2180	1	0.004739
1851	1921	4	0.018957
1851	2063	5	0.023697
1851	2321	24	0.113744
1851	2197	17	0.080569
1851	2199	9	0.042654
1851	2207	3	0.014218
1851	2083	4	0.018957
1851	1958	1	0.004739
1851	1704	7	0.033175
1851	1961	9	0.042654
1851	2351	2	0.009479
1851	2096	42	0.199052
1851	2227	36	0.170616
1851	2100	1	0.004739
1851	1715	1	0.004739
1851	1719	1	0.004739
1851	2362	2	0.009479
1851	1986	2	0.009479
1851	2117	2	0.009479
1851	2248	3	0.014218
1851	1871	1	0.004739
1851	1679	4	0.018957
1851	1757	2	0.009479
1851	2272	3	0.014218
1851	2273	1	0.004739
1851	1634	5	0.023697
1851	1763	3	0.014218
1851	1892	2	0.009479
1851	2283	16	0.075829
1851	1773	1	0.004739
1851	1902	3	0.014218
1851	1652	1	0.004739
1851	1910	6	0.028436
1853	2112	4	0.800000
1854	1664	2	0.018692
1854	1634	644	6.018692
1854	2083	1	0.009346
1854	2318	108	1.009346
1854	1683	5	0.046729
1854	2197	1	0.009346
1854	1718	5	0.046729
1856	1921	750	0.085871
1856	2180	22	0.002519
1856	2285	1	0.000114
1856	2320	30	0.003435
1856	1683	1	0.000114
1856	2325	4	0.000458
1856	2199	1	0.000114
1856	1690	1	0.000114
1856	1882	9	0.001030
1856	2206	3	0.000343
1856	2160	3	0.000343
1856	1826	394	0.045111
1856	1961	3	0.000343
1856	1835	4	0.000458
1856	2222	3	0.000343
1856	2353	1	0.000114
1856	1717	1	0.000114
1856	1847	1	0.000114
1856	2232	1	0.000114
1856	2363	1	0.000114
1856	2112	19	0.002175
1856	1857	3	0.000343
1856	2114	21	0.002404
1856	1735	3	0.000343
1856	2359	2	0.000229
1856	1872	2	0.000229
1856	1626	45	0.005152
1856	1885	4	0.000458
1856	1634	5	0.000572
1856	1645	15	0.001717
1856	2031	39	0.004465
1856	2032	1	0.000114
1856	1649	109	0.012480
1856	1914	2	0.000229
1856	2174	7117	0.814861
1857	1921	750	0.084803
1857	2180	22	0.002488
1857	2285	1	0.000113
1857	2320	30	0.003392
1857	1683	1	0.000113
1857	2325	4	0.000452
1857	2199	1	0.000113
1857	1690	1	0.000113
1857	1882	9	0.001018
1857	2206	3	0.000339
1857	2160	3	0.000339
1857	1826	395	0.044663
1857	2353	1	0.000113
1857	1961	3	0.000339
1857	1835	4	0.000452
1857	2222	3	0.000339
1857	1847	1	0.000113
1857	1717	1	0.000113
1857	2359	2	0.000226
1857	2232	1	0.000113
1857	2363	1	0.000113
1857	2112	19	0.002148
1857	2114	21	0.002374
1857	1735	3	0.000339
1857	1856	3	0.000339
1857	1872	2	0.000226
1857	1626	46	0.005201
1857	1885	4	0.000452
1857	1634	5	0.000565
1857	1645	15	0.001696
1857	2031	39	0.004410
1857	2032	1	0.000113
1857	1649	110	0.012438
1857	1914	2	0.000226
1857	2174	7226	0.817051
1858	1634	340	1.976744
1858	1961	169	0.982558
1858	2283	1	0.005814
1858	2318	1	0.005814
1858	1679	2	0.011628
1858	2062	169	0.982558
1858	2197	1	0.005814
1859	1735	115	38.333333
1860	2176	546	6.000000
1860	1634	780	8.571429
1860	1998	1	0.010989
1860	2160	10	0.109890
1860	2318	156	1.714286
1860	1913	79	0.868132
1862	1921	750	0.084995
1862	2180	22	0.002493
1862	2285	1	0.000113
1862	2320	30	0.003400
1862	1683	1	0.000113
1862	2325	4	0.000453
1862	2199	1	0.000113
1862	1690	1	0.000113
1862	1882	9	0.001020
1862	2206	3	0.000340
1862	2160	3	0.000340
1862	1826	395	0.044764
1862	1961	3	0.000340
1862	1835	4	0.000453
1862	2222	3	0.000340
1862	2353	1	0.000113
1862	1717	1	0.000113
1862	1847	1	0.000113
1862	2232	1	0.000113
1862	2363	1	0.000113
1862	2112	19	0.002153
1862	1857	3	0.000340
1862	2114	21	0.002380
1862	1735	3	0.000340
1862	2359	2	0.000227
1862	1856	3	0.000340
1862	1872	2	0.000227
1862	1626	46	0.005213
1862	1885	4	0.000453
1862	1634	5	0.000567
1862	1645	15	0.001700
1862	2031	39	0.004420
1862	2032	1	0.000113
1862	1649	110	0.012466
1862	1914	2	0.000227
1862	2174	7193	0.815163
1863	2232	2	0.040000
1863	2075	1	0.020000
1863	1958	1	0.020000
1863	1655	1	0.020000
1866	2256	2	1.000000
1866	1683	2	1.000000
1871	2176	72	4.000000
1871	1665	18	1.000000
1871	1899	18	1.000000
1871	2309	18	1.000000
1871	2182	198	11.000000
1871	1921	18	1.000000
1871	2016	18	1.000000
1871	2188	18	1.000000
1871	2062	18	1.000000
1871	2063	18	1.000000
1871	2192	18	1.000000
1871	2321	90	5.000000
1871	1938	18	1.000000
1871	1683	144	8.000000
1871	1883	18	1.000000
1871	2197	18	1.000000
1871	1814	18	1.000000
1871	1945	18	1.000000
1871	2351	90	5.000000
1871	1692	18	1.000000
1871	1626	90	5.000000
1871	2207	18	1.000000
1871	2208	18	1.000000
1871	2032	18	1.000000
1871	1955	18	1.000000
1871	1700	36	2.000000
1871	1704	18	1.000000
1871	1961	90	5.000000
1871	1839	18	1.000000
1871	2098	18	1.000000
1871	2227	18	1.000000
1871	2100	18	1.000000
1871	1718	18	1.000000
1871	1719	18	1.000000
1871	1720	18	1.000000
1871	2362	18	1.000000
1871	2365	18	1.000000
1871	1854	18	1.000000
1871	2112	54	3.000000
1871	1696	18	1.000000
1871	1986	18	1.000000
1871	1860	18	1.000000
1871	2117	18	1.000000
1871	1967	18	1.000000
1871	1975	18	1.000000
1871	2157	18	1.000000
1871	2128	18	1.000000
1871	2257	18	1.000000
1871	2130	18	1.000000
1871	1876	18	1.000000
1871	1998	108	6.000000
1871	2262	18	1.000000
1871	2266	36	2.000000
1871	1679	90	5.000000
1871	1722	18	1.000000
1871	2143	18	1.000000
1871	2272	36	2.000000
1871	2273	18	1.000000
1871	1634	54	3.000000
1871	2275	18	1.000000
1871	1892	18	1.000000
1871	2258	72	4.000000
1871	1641	18	1.000000
1871	2026	18	1.000000
1871	2283	36	2.000000
1871	1806	36	2.000000
1871	1773	18	1.000000
1871	2237	18	1.000000
1871	1904	18	1.000000
1871	2289	18	1.000000
1871	2163	18	1.000000
1871	1652	18	1.000000
1871	1910	18	1.000000
1871	1784	18	1.000000
1871	2260	18	1.000000
1871	2042	18	1.000000
1871	2300	72	4.000000
1871	1661	18	1.000000
1871	1918	18	1.000000
1871	2175	18	1.000000
1872	1921	755	0.084860
1872	2180	22	0.002473
1872	2285	1	0.000112
1872	2320	30	0.003372
1872	1683	1	0.000112
1872	2325	4	0.000450
1872	2199	1	0.000112
1872	1690	1	0.000112
1872	1882	9	0.001012
1872	2206	3	0.000337
1872	2160	3	0.000337
1872	1826	396	0.044509
1872	1961	3	0.000337
1872	1835	4	0.000450
1872	2222	3	0.000337
1872	2353	1	0.000112
1872	1717	1	0.000112
1872	2359	2	0.000225
1872	2232	1	0.000112
1872	2363	1	0.000112
1872	1856	3	0.000337
1872	1857	3	0.000337
1872	2114	20	0.002248
1872	1735	2	0.000225
1872	2112	19	0.002136
1872	1847	1	0.000112
1872	1626	46	0.005170
1872	1885	4	0.000450
1872	1634	5	0.000562
1872	1645	15	0.001686
1872	2031	39	0.004384
1872	2032	1	0.000112
1872	1649	110	0.012364
1872	1914	2	0.000225
1872	2174	7188	0.807913
1876	1664	3	0.150000
1876	1634	132	6.600000
1876	1892	1	0.050000
1876	2318	24	1.200000
1876	1975	9	0.450000
1876	1720	4	0.200000
1877	1634	611	13.000000
1877	1860	1	0.021277
1877	2318	94	2.000000
1877	2160	1	0.021277
1877	1649	141	3.000000
1877	1998	6	0.127660
1877	1913	94	2.000000
1877	2141	47	1.000000
1878	2256	2	1.000000
1878	1683	2	1.000000
1879	1735	114	38.000000
1882	1921	18	0.008333
1882	2180	12	0.005556
1882	2182	2	0.000926
1882	1927	2	0.000926
1882	2058	2	0.000926
1882	1679	8	0.003704
1882	1683	6	0.002778
1882	1940	4	0.001852
1882	1830	2	0.000926
1882	1959	2	0.000926
1882	1707	2	0.000926
1882	2351	2	0.000926
1882	1847	2	0.000926
1882	2107	4	0.001852
1882	2114	2	0.000926
1882	1865	2	0.000926
1882	1884	2	0.000926
1882	1758	2	0.000926
1882	2021	2	0.000926
1882	1641	2	0.000926
1882	1898	2	0.000926
1882	1645	6	0.002778
1882	1775	4	0.001852
1882	2160	2	0.000926
1882	1916	4	0.001852
1883	1634	35	0.648148
1883	1892	4	0.074074
1883	2318	6	0.111111
1883	1683	2	0.037037
1883	2197	4	0.074074
1883	1975	50	0.925926
1883	1720	1	0.018519
1883	1913	2	0.037037
1883	1626	1	0.018519
1884	2021	1	0.005076
1884	2182	5	0.025381
1884	1927	1	0.005076
1884	1768	1	0.005076
1884	1865	1	0.005076
1884	1683	1	0.005076
1884	2362	3	0.015228
1885	1664	1	0.001466
1885	1634	2	0.002933
1885	2180	3	0.004399
1885	1882	1	0.001466
1885	1645	1	0.001466
1885	2318	1	0.001466
1885	2100	1	0.001466
1885	1847	1	0.001466
1885	1625	1	0.001466
1885	2362	2	0.002933
1885	1626	1	0.001466
1888	1735	81	40.500000
1889	1735	115	38.333333
1891	1735	87	1.705882
1892	1664	5	0.090909
1892	1634	433	7.872727
1892	1957	4	0.072727
1892	2182	2	0.036364
1892	1720	1	0.018182
1892	2114	1	0.018182
1892	2318	78	1.418182
1892	2160	2	0.036364
1892	2232	1	0.018182
1892	2258	1	0.018182
1892	1683	1	0.018182
1892	1847	1	0.018182
1892	2197	3	0.054545
1892	1975	202	3.672727
1892	1624	1	0.018182
1892	1913	4	0.072727
1892	1626	4	0.072727
1892	1883	4	0.072727
1892	2361	1	0.018182
1892	2175	1	0.018182
1893	1735	147	36.750000
1894	1735	115	38.333333
1897	1735	115	38.333333
1898	1958	4	0.006536
1899	1975	3	1.000000
1900	1664	7	0.020115
1900	2176	14	0.040230
1900	1923	2	0.005747
1900	2180	1	0.002874
1900	1927	3	0.008621
1900	2189	1	0.002874
1900	2318	696	2.000000
1900	1679	10	0.028736
1900	1936	1	0.002874
1900	1683	796	2.287356
1900	1940	1	0.002874
1900	2197	152	0.436782
1900	1860	4	0.011494
1900	2205	18	0.051724
1900	2160	6	0.017241
1900	2083	1	0.002874
1900	1700	2	0.005747
1900	2213	1	0.002874
1900	1958	3	0.008621
1900	1703	1	0.002874
1900	2217	1	0.002874
1900	1707	2	0.005747
1900	1715	3	0.008621
1900	2100	16	0.045977
1900	1847	5	0.014368
1900	2362	3	0.008621
1900	2365	4	0.011494
1900	2116	2	0.005747
1900	2248	1	0.002874
1900	1865	1	0.002874
1900	1996	3	0.008621
1900	2257	2	0.005747
1900	1626	7	0.020115
1900	1884	1	0.002874
1900	1758	1	0.002874
1900	1957	2	0.005747
1900	2272	2	0.005747
1900	1634	3829	11.002874
1900	1892	8	0.022989
1900	2086	6	0.017241
1900	1916	3	0.008621
1900	1898	2	0.005747
1900	2032	1	0.002874
1900	1913	696	2.000000
1900	1660	7	0.020115
1900	1791	1	0.002874
1901	1634	330	10.000000
1901	1961	1	0.030303
1901	2188	4	0.121212
1901	1986	5	0.151515
1901	2318	66	2.000000
1901	1775	1	0.030303
1901	1913	33	1.000000
1901	1626	12	0.363636
1902	2096	180	3.750000
1902	1634	480	10.000000
1902	2318	96	2.000000
1903	2176	7	0.001232
1903	1664	191	0.033615
1903	1922	2	0.000352
1903	1923	1	0.000176
1903	2180	2	0.000352
1903	2182	8	0.001408
1903	1927	2	0.000352
1903	2318	11244	1.978881
1903	1807	1	0.000176
1903	2321	4	0.000704
1903	1683	15	0.002640
1903	2197	1	0.000176
1903	2308	1	0.000176
1903	1949	1	0.000176
1903	1957	4	0.000704
1903	1958	5	0.000880
1903	2221	1	0.000176
1903	2096	7	0.001232
1903	2098	4	0.000704
1903	1715	3	0.000528
1903	2100	2	0.000352
1903	1847	10337	1.819254
1903	2361	1	0.000176
1903	1986	1	0.000176
1903	1860	2	0.000352
1903	1998	71	0.012496
1903	2257	66	0.011616
1903	2300	7	0.001232
1903	1625	39799	7.004400
1903	1626	30	0.005280
1903	2063	1	0.000176
1903	2143	3	0.000528
1903	1634	56432	9.931714
1903	2086	5	0.000880
1903	1641	5	0.000880
1903	2160	4	0.000704
1903	1652	38	0.006688
1903	1913	11143	1.961105
1903	1916	4	0.000704
1904	1913	7	1.000000
1904	1634	70	10.000000
1904	2062	1	0.142857
1904	1957	1	0.142857
1904	2318	14	2.000000
1905	1913	6	2.000000
1905	1634	36	12.000000
1905	2141	3	1.000000
1905	2318	6	2.000000
1905	1649	3	1.000000
1906	1921	747	0.085626
1906	2180	22	0.002522
1906	2285	1	0.000115
1906	2320	30	0.003439
1906	1683	1	0.000115
1906	2325	4	0.000459
1906	2199	1	0.000115
1906	1690	1	0.000115
1906	1882	7	0.000802
1906	2206	3	0.000344
1906	2160	3	0.000344
1906	1826	393	0.045048
1906	1961	3	0.000344
1906	1835	4	0.000459
1906	2222	3	0.000344
1906	2353	1	0.000115
1906	1717	1	0.000115
1906	1847	1	0.000115
1906	2232	1	0.000115
1906	2363	1	0.000115
1906	2112	19	0.002178
1906	1857	3	0.000344
1906	2114	21	0.002407
1906	1735	3	0.000344
1906	2359	2	0.000229
1906	1856	3	0.000344
1906	1872	2	0.000229
1906	1626	45	0.005158
1906	1885	2	0.000229
1906	1634	3	0.000344
1906	1645	13	0.001490
1906	2031	39	0.004470
1906	2032	1	0.000115
1906	1649	108	0.012380
1906	1914	2	0.000229
1906	2174	7122	0.816369
1908	1735	115	38.333333
1909	1825	321	3.732558
1910	2321	81	1.760870
1910	1634	506	11.000000
1910	2188	2	0.043478
1910	1986	1	0.021739
1910	2318	92	2.000000
1911	2112	1	0.040000
1911	1634	301	12.040000
1911	1735	1	0.040000
1911	2318	50	2.000000
1911	1649	25	1.000000
1911	1913	50	2.000000
1911	2141	25	1.000000
1913	1664	3	0.214286
1913	2305	1	0.071429
1913	1634	140	10.000000
1913	1998	14	1.000000
1913	1683	6	0.428571
1913	2318	28	2.000000
1914	1921	750	0.084459
1914	2180	22	0.002477
1914	2285	1	0.000113
1914	2320	30	0.003378
1914	1683	1	0.000113
1914	2325	4	0.000450
1914	2199	1	0.000113
1914	1690	1	0.000113
1914	1882	9	0.001014
1914	2206	3	0.000338
1914	2160	3	0.000338
1914	1826	395	0.044482
1914	1961	3	0.000338
1914	1835	4	0.000450
1914	2222	3	0.000338
1914	2353	1	0.000113
1914	1717	1	0.000113
1914	1847	1	0.000113
1914	2232	1	0.000113
1914	2363	1	0.000113
1914	2112	19	0.002140
1914	1857	3	0.000338
1914	2114	21	0.002365
1914	1735	3	0.000338
1914	2359	2	0.000225
1914	1856	3	0.000338
1914	1872	2	0.000225
1914	1626	46	0.005180
1914	1885	4	0.000450
1914	1634	5	0.000563
1914	1645	15	0.001689
1914	2031	39	0.004392
1914	2032	1	0.000113
1914	1649	110	0.012387
1914	2174	7193	0.810023
1915	2232	2	0.050000
1915	2075	1	0.025000
1915	1958	1	0.025000
1915	1655	1	0.025000
1916	1664	4	0.005618
1916	1921	2	0.002809
1916	2058	5	0.007022
1916	2318	4	0.005618
1916	1807	15	0.021067
1916	2321	1	0.001404
1916	2197	1	0.001404
1916	2083	1	0.001404
1916	1959	11	0.015449
1916	1961	8	0.011236
1916	1715	2	0.002809
1916	1847	6	0.008427
1916	2362	87	0.122191
1916	1858	1	0.001404
1916	2248	1	0.001404
1916	1975	1	0.001404
1916	1998	6	0.008427
1916	2257	10	0.014045
1916	2126	1	0.001404
1916	1625	2	0.002809
1916	2273	2	0.002809
1916	1634	22	0.030899
1916	1764	1	0.001404
1916	1641	1	0.001404
1916	2026	1	0.001404
1916	2157	1	0.001404
1916	1775	12	0.016854
1916	1652	6	0.008427
1916	2038	1	0.001404
1916	1913	42	0.058989
1916	2042	1	0.001404
1917	1921	750	0.085179
1917	2180	22	0.002499
1917	2285	1	0.000114
1917	2320	30	0.003407
1917	1683	1	0.000114
1917	2325	4	0.000454
1917	2199	1	0.000114
1917	1690	1	0.000114
1917	1882	9	0.001022
1917	2206	3	0.000341
1917	2160	3	0.000341
1917	1826	395	0.044861
1917	2353	1	0.000114
1917	1961	3	0.000341
1917	1835	4	0.000454
1917	2222	3	0.000341
1917	1847	1	0.000114
1917	1717	1	0.000114
1917	2359	2	0.000227
1917	2232	1	0.000114
1917	2363	1	0.000114
1917	2112	19	0.002158
1917	1857	3	0.000341
1917	2114	21	0.002385
1917	1735	3	0.000341
1917	1856	3	0.000341
1917	1872	2	0.000227
1917	1626	46	0.005224
1917	1885	4	0.000454
1917	1634	5	0.000568
1917	1645	15	0.001704
1917	2031	39	0.004429
1917	2032	1	0.000114
1917	1649	110	0.012493
1917	1914	2	0.000227
1917	2174	7225	0.820557
1918	1634	160	10.000000
1918	2182	32	2.000000
1918	2318	32	2.000000
1918	2189	16	1.000000
1919	1921	747	0.085892
1919	2180	22	0.002530
1919	2285	1	0.000115
1919	2320	30	0.003449
1919	1683	1	0.000115
1919	2325	4	0.000460
1919	2199	1	0.000115
1919	1690	1	0.000115
1919	1882	9	0.001035
1919	2206	3	0.000345
1919	2160	3	0.000345
1919	1826	393	0.045188
1919	2353	1	0.000115
1919	1961	3	0.000345
1919	1835	4	0.000460
1919	2222	3	0.000345
1919	1847	1	0.000115
1919	1717	1	0.000115
1919	2359	2	0.000230
1919	2232	1	0.000115
1919	2363	1	0.000115
1919	2112	19	0.002185
1919	1857	3	0.000345
1919	2114	21	0.002415
1919	1735	3	0.000345
1919	1856	3	0.000345
1919	1872	2	0.000230
1919	1626	45	0.005174
1919	1885	4	0.000460
1919	1634	5	0.000575
1919	1645	15	0.001725
1919	2031	39	0.004484
1919	2032	1	0.000115
1919	1649	109	0.012533
1919	1914	2	0.000230
1919	2174	7127	0.819478
1920	1735	114	38.000000
1921	1664	2	0.019417
1921	2305	1	0.009709
1921	2180	2	0.019417
1921	2182	3	0.029126
1921	1927	1	0.009709
1921	2312	1	0.009709
1921	2058	1	0.009709
1921	1676	1	0.009709
1921	2189	1	0.009709
1921	2318	2	0.019417
1921	2319	1	0.009709
1921	2321	4	0.038835
1921	2066	1	0.009709
1921	1683	4	0.038835
1921	1940	1	0.009709
1921	2197	4	0.038835
1921	2070	1	0.009709
1921	1625	4	0.038835
1921	1691	2	0.019417
1921	1694	1	0.009709
1921	1830	1	0.009709
1921	2083	2	0.019417
1921	2340	1	0.009709
1921	1957	1	0.009709
1921	1958	3	0.029126
1921	1959	1	0.009709
1921	1704	2	0.019417
1921	2217	1	0.009709
1921	1707	3	0.029126
1921	2221	1	0.009709
1921	2351	1	0.009709
1921	1715	2	0.019417
1921	1847	6	0.058252
1921	2232	2	0.019417
1921	2361	1	0.009709
1921	2362	4	0.038835
1921	2107	1	0.009709
1921	2069	1	0.009709
1921	1775	1	0.009709
1921	1854	1	0.009709
1921	2165	2	0.019417
1921	2112	4	0.038835
1921	2114	2	0.019417
1921	1731	2	0.019417
1921	1988	1	0.009709
1921	1865	4	0.038835
1921	1975	1	0.009709
1921	1996	2	0.019417
1921	2257	1	0.009709
1921	1806	2	0.019417
1921	1700	2	0.019417
1921	1679	2	0.019417
1921	1884	1	0.009709
1921	1757	2	0.019417
1921	2213	1	0.009709
1921	2273	2	0.019417
1921	1634	4	0.038835
1921	2275	1	0.009709
1921	1892	3	0.029126
1921	1637	2	0.019417
1921	1641	2	0.019417
1921	1898	4	0.038835
1921	2283	2	0.019417
1921	1645	2	0.019417
1921	1916	1	0.009709
1921	2160	11	0.106796
1921	1649	4	0.038835
1921	1652	2	0.019417
1921	1653	1	0.009709
1921	1791	1	0.009709
1921	1660	2	0.019417
1921	2045	2	0.019417
1921	2175	1	0.009709
1922	2176	97	8.083333
1922	1634	124	10.333333
1922	1860	1	0.083333
1922	2318	24	2.000000
1922	2257	1	0.083333
1922	1847	1	0.083333
1923	2176	812	2.985294
1923	1664	1	0.003676
1923	1922	15	0.055147
1923	2182	45	0.165441
1923	1921	1	0.003676
1923	2312	66	0.242647
1923	2318	309	1.136029
1923	2321	4	0.014706
1923	1683	6	0.022059
1923	1949	148	0.544118
1923	2221	1	0.003676
1923	2096	45	0.165441
1923	2098	2	0.007353
1923	1847	2	0.007353
1923	2360	1	0.003676
1923	2361	108	0.397059
1923	2237	23	0.084559
1923	1860	25	0.091912
1923	1998	7	0.025735
1923	2257	130	0.477941
1923	1625	8	0.029412
1923	1626	31	0.113971
1923	2272	45	0.165441
1923	1634	1558	5.727941
1923	1641	139	0.511029
1923	2160	5	0.018382
1923	1651	16	0.058824
1923	1652	810	2.977941
1923	1913	40	0.147059
1926	2096	126	9.000000
1926	2321	3	0.214286
1926	1634	140	10.000000
1926	2318	28	2.000000
1927	2272	11	0.021195
1927	2176	3	0.005780
1927	1634	18	0.034682
1927	2083	4	0.007707
1927	1764	4	0.007707
1927	2063	1	0.001927
1927	2025	765	1.473988
1927	1847	4	0.007707
1927	1757	3	0.005780
1927	1967	4	0.007707
1927	2365	9	0.017341
1927	1865	14	0.026975
1927	2340	1	0.001927
1927	2249	4	0.007707
1927	1883	4	0.007707
1927	1679	4	0.007707
1927	2362	19	0.036609
1930	1634	975	9.948980
1930	2180	1	0.010204
1930	1958	3	0.030612
1930	1641	2	0.020408
1930	1998	674	6.877551
1930	2160	1	0.010204
1930	2321	65	0.663265
1930	1715	18	0.183673
1930	2318	178	1.816327
1930	1913	170	1.734694
1930	2197	2	0.020408
1932	1664	538	1.408377
1932	2176	3	0.007853
1932	2182	1	0.002618
1932	2305	2	0.005236
1932	2318	762	1.994764
1932	1679	17	0.044503
1932	2321	7	0.018325
1932	1683	1262	3.303665
1932	2086	3	0.007853
1932	1704	48	0.125654
1932	2100	4	0.010471
1932	1847	4	0.010471
1932	2360	5	0.013089
1932	2114	1	0.002618
1932	1998	11	0.028796
1932	1871	4	0.010471
1932	2257	12	0.031414
1932	1625	4	0.010471
1932	1626	62	0.162304
1932	1634	4236	11.089005
1932	1892	4	0.010471
1932	1913	762	1.994764
1936	2180	2	0.080000
1936	2182	169	6.760000
1936	1676	1	0.040000
1936	2318	48	1.920000
1936	2321	9	0.360000
1936	1683	1	0.040000
1936	2333	2	0.080000
1936	1958	2	0.080000
1936	1959	2	0.080000
1936	1715	1	0.040000
1936	1975	1	0.040000
1936	1854	1	0.040000
1936	1735	1	0.040000
1936	1996	1	0.040000
1936	2258	50	2.000000
1936	2266	27	1.080000
1936	1634	240	9.600000
1936	1898	1	0.040000
1936	1645	1	0.040000
1936	1775	1	0.040000
1936	2160	3	0.120000
1936	2175	1	0.040000
1938	1634	22	11.000000
1938	1806	6	3.000000
1938	2318	4	2.000000
1939	2176	7	0.001326
1939	1664	191	0.036181
1939	1922	2	0.000379
1939	1923	1	0.000189
1939	2180	2	0.000379
1939	2182	8	0.001515
1939	1927	2	0.000379
1939	2318	10434	1.976511
1939	1807	1	0.000189
1939	2321	4	0.000758
1939	1683	15	0.002841
1939	2197	1	0.000189
1939	2308	1	0.000189
1939	1949	1	0.000189
1939	1957	4	0.000758
1939	1958	5	0.000947
1939	2221	1	0.000189
1939	2096	7	0.001326
1939	2098	8	0.001515
1939	1715	3	0.000568
1939	2100	2	0.000379
1939	1847	4245	0.804130
1939	2361	1	0.000189
1939	1986	1	0.000189
1939	1860	2	0.000379
1939	1998	71	0.013450
1939	2257	66	0.012502
1939	2300	7	0.001326
1939	1625	36950	6.999432
1939	1626	30	0.005683
1939	2063	1	0.000189
1939	2143	3	0.000568
1939	1634	52384	9.923091
1939	2086	5	0.000947
1939	1641	5	0.000947
1939	2160	4	0.000758
1939	1652	38	0.007198
1939	1913	10332	1.957189
1939	1916	4	0.000758
1940	1921	1	0.000578
1940	1634	20	0.011561
1940	1700	19	0.010983
1940	2309	1	0.000578
1940	2182	6	0.003468
1940	1703	3	0.001734
1940	1806	3	0.001734
1940	2160	1	0.000578
1940	2258	1	0.000578
1940	1683	1	0.000578
1940	2318	4	0.002312
1940	1814	1	0.000578
1940	2201	1	0.000578
1941	1735	115	38.333333
1942	2232	2	0.021978
1942	2075	1	0.010989
1942	1958	1	0.010989
1942	1838	1	0.010989
1942	1655	1	0.010989
1943	1735	82	41.000000
1944	1913	2	1.000000
1944	1634	28	14.000000
1944	1660	2	1.000000
1944	2197	4	2.000000
1944	2318	4	2.000000
1945	2321	15	0.937500
1945	1634	176	11.000000
1945	2117	8	0.500000
1945	2318	32	2.000000
1946	1921	747	0.084877
1946	2180	22	0.002500
1946	2285	1	0.000114
1946	2320	30	0.003409
1946	1683	1	0.000114
1946	2325	4	0.000454
1946	2199	1	0.000114
1946	1690	1	0.000114
1946	1882	9	0.001023
1946	2206	3	0.000341
1946	2160	3	0.000341
1946	1826	395	0.044881
1946	2353	1	0.000114
1946	1961	3	0.000341
1946	1835	4	0.000454
1946	2222	3	0.000341
1946	1847	1	0.000114
1946	1717	1	0.000114
1946	2359	2	0.000227
1946	2232	1	0.000114
1946	2363	1	0.000114
1946	2112	19	0.002159
1946	1857	3	0.000341
1946	2114	21	0.002386
1946	1735	3	0.000341
1946	1856	3	0.000341
1946	1872	2	0.000227
1946	1626	46	0.005227
1946	1885	4	0.000454
1946	1634	5	0.000568
1946	1645	15	0.001704
1946	2031	39	0.004431
1946	2032	1	0.000114
1946	1649	110	0.012499
1946	1914	2	0.000227
1946	2174	7156	0.813089
1947	1913	8	2.000000
1947	1634	48	12.000000
1947	2141	4	1.000000
1947	2318	8	2.000000
1947	1649	4	1.000000
1949	2176	345	20.294118
1949	2272	41	2.411765
1949	1634	170	10.000000
1949	1860	25	1.470588
1949	1921	1	0.058824
1949	2312	27	1.588235
1949	1641	43	2.529412
1949	1922	18	1.058824
1949	2318	34	2.000000
1949	2221	1	0.058824
1949	2257	126	7.411765
1949	1651	21	1.235294
1949	1652	120	7.058824
1949	1626	2	0.117647
1949	1913	2	0.117647
1949	2360	1	0.058824
1949	2361	15	0.882353
1949	1664	1	0.058824
1949	2237	20	1.176471
1952	1735	115	38.333333
1955	1664	1	0.004950
1955	2305	2	0.009901
1955	2180	1	0.004950
1955	1921	4	0.019802
1955	2063	5	0.024752
1955	2321	24	0.118812
1955	2197	15	0.074257
1955	2199	9	0.044554
1955	2207	3	0.014851
1955	2083	4	0.019802
1955	1958	1	0.004950
1955	1704	7	0.034653
1955	1961	8	0.039604
1955	2351	2	0.009901
1955	2096	42	0.207921
1955	2227	34	0.168317
1955	2100	1	0.004950
1955	1715	1	0.004950
1955	1719	1	0.004950
1955	2362	2	0.009901
1955	1986	2	0.009901
1955	2117	2	0.009901
1955	2248	3	0.014851
1955	1871	1	0.004950
1955	1679	4	0.019802
1955	1757	2	0.009901
1955	2272	3	0.014851
1955	2273	1	0.004950
1955	1634	5	0.024752
1955	1763	3	0.014851
1955	1892	2	0.009901
1955	2283	18	0.089109
1955	1773	1	0.004950
1955	1902	3	0.014851
1955	1652	1	0.004950
1955	1910	6	0.029703
1956	1921	747	0.084445
1956	2180	22	0.002487
1956	1645	13	0.001470
1956	2320	30	0.003391
1956	1683	1	0.000113
1956	2325	4	0.000452
1956	2199	1	0.000113
1956	1690	1	0.000113
1956	1882	7	0.000791
1956	2206	3	0.000339
1956	2032	1	0.000113
1956	1826	395	0.044653
1956	1961	3	0.000339
1956	1835	4	0.000452
1956	2222	3	0.000339
1956	2353	1	0.000113
1956	1717	1	0.000113
1956	1847	1	0.000113
1956	2232	1	0.000113
1956	2363	1	0.000113
1956	2112	19	0.002148
1956	1857	3	0.000339
1956	2114	21	0.002374
1956	1735	3	0.000339
1956	2359	2	0.000226
1956	1856	3	0.000339
1956	1872	2	0.000226
1956	1626	46	0.005200
1956	1885	2	0.000226
1956	1634	3	0.000339
1956	2285	1	0.000113
1956	2031	39	0.004409
1956	2160	3	0.000339
1956	1649	109	0.012322
1956	1914	2	0.000226
1956	2174	7150	0.808275
1957	2062	926	0.995699
1957	2063	926	0.995699
1957	2086	1154	1.240860
1957	2096	29	0.031183
1957	2098	926	0.995699
1957	2100	926	0.995699
1957	2112	2788	2.997849
1957	2114	4	0.004301
1957	2117	926	0.995699
1957	2128	926	0.995699
1957	2232	33	0.035484
1957	2130	926	0.995699
1957	2318	6	0.006452
1957	1622	2	0.002151
1957	1626	4690	5.043011
1957	2143	926	0.995699
1957	1634	2811	3.022581
1957	1641	938	1.008602
1957	2157	926	0.995699
1957	2160	2	0.002151
1957	1649	5	0.005376
1957	2163	926	0.995699
1957	1652	926	0.995699
1957	2169	3	0.003226
1957	1661	926	0.995699
1957	2175	926	0.995699
1957	2176	3705	3.983871
1957	1665	926	0.995699
1957	2182	10188	10.954839
1957	2188	926	0.995699
1957	1679	4630	4.978495
1957	2192	926	0.995699
1957	1683	7409	7.966667
1957	2197	926	0.995699
1957	1692	926	0.995699
1957	2207	926	0.995699
1957	2208	926	0.995699
1957	1700	1864	2.004301
1957	1704	926	0.995699
1957	2227	926	0.995699
1957	1718	926	0.995699
1957	1719	926	0.995699
1957	1720	926	0.995699
1957	1722	926	0.995699
1957	2237	926	0.995699
1957	2248	926	0.995699
1957	2257	927	0.996774
1957	2258	3704	3.982796
1957	2260	926	0.995699
1957	2262	926	0.995699
1957	2266	1852	1.991398
1957	2272	1852	1.991398
1957	2273	926	0.995699
1957	2275	926	0.995699
1957	2283	1852	1.991398
1957	1773	926	0.995699
1957	2289	926	0.995699
1957	1784	926	0.995699
1957	2300	3704	3.982796
1957	2309	926	0.995699
1957	2312	30	0.032258
1957	1806	1867	2.007527
1957	2321	4651	5.001075
1957	1814	943	1.013978
1957	1839	926	0.995699
1957	1838	5	0.005376
1957	2351	4632	4.980645
1957	1847	5	0.005376
1957	2360	3	0.003226
1957	2362	926	0.995699
1957	2365	935	1.005376
1957	1854	927	0.996774
1957	1860	926	0.995699
1957	1876	926	0.995699
1957	1883	926	0.995699
1957	1892	930	1.000000
1957	1899	926	0.995699
1957	1904	926	0.995699
1957	1910	926	0.995699
1957	1913	3	0.003226
1957	1918	926	0.995699
1957	1921	926	0.995699
1957	1922	3	0.003226
1957	1932	1	0.001075
1957	1938	926	0.995699
1957	1945	926	0.995699
1957	1955	926	0.995699
1957	1961	4630	4.978495
1957	1967	926	0.995699
1957	1975	927	0.996774
1957	1696	926	0.995699
1957	1986	926	0.995699
1957	1998	5559	5.977419
1957	2016	926	0.995699
1957	2026	926	0.995699
1957	2032	926	0.995699
1957	2042	926	0.995699
1958	2176	2	0.002364
1958	1921	6	0.007092
1958	2182	3	0.003546
1958	2318	2	0.002364
1958	1679	3	0.003546
1958	2321	1	0.001182
1958	1683	9	0.010638
1958	2083	1	0.001182
1958	1961	1	0.001182
1958	2096	1	0.001182
1958	1718	1	0.001182
1958	1847	6	0.007092
1958	2232	5	0.005910
1958	2362	6	0.007092
1958	2365	5	0.005910
1958	1996	12	0.014184
1958	1998	2	0.002364
1958	2257	1	0.001182
1958	1883	1	0.001182
1958	1757	1	0.001182
1958	2272	1	0.001182
1958	1634	3	0.003546
1958	1892	2	0.002364
1958	2160	12	0.014184
1958	1660	2	0.002364
1959	2362	2	0.125000
1959	2365	2	0.125000
1960	1634	91	10.111111
1960	1998	11	1.222222
1960	2321	13	1.444444
1960	2318	16	1.777778
1960	2062	1	0.111111
1960	1913	1	0.111111
1961	1664	2	0.028169
1961	2305	5	0.070423
1961	2309	1	0.014085
1961	2182	9	0.126761
1961	1921	2	0.028169
1961	2312	2	0.028169
1961	1806	4	0.056338
1961	2063	3	0.042254
1961	2321	13	0.183099
1961	1683	1	0.014085
1961	1883	1	0.014085
1961	2197	64	0.901408
1961	1814	1	0.014085
1961	2199	3	0.042254
1961	2116	1	0.014085
1961	2083	2	0.028169
1961	1700	4	0.056338
1961	1957	3	0.042254
1961	2086	2	0.028169
1961	1703	1	0.014085
1961	1704	12	0.169014
1961	2221	7	0.098592
1961	1838	1	0.014085
1961	2351	11	0.154930
1961	2096	15	0.211268
1961	2227	1	0.014085
1961	2100	1	0.014085
1961	1845	1	0.014085
1961	1847	18	0.253521
1961	2360	2	0.028169
1961	2361	1	0.014085
1961	2362	76	1.070423
1961	2365	1	0.014085
1961	2112	12	0.169014
1961	1858	62	0.873239
1961	1860	1	0.014085
1961	2248	2	0.028169
1961	2249	1	0.014085
1961	2176	3	0.042254
1961	2126	62	0.873239
1961	1871	1	0.014085
1961	2257	1	0.014085
1961	1876	1	0.014085
1961	2318	1	0.014085
1961	2169	1	0.014085
1961	1625	5	0.070423
1961	1626	9	0.126761
1961	1679	13	0.183099
1961	2143	2	0.028169
1961	2273	69	0.971831
1961	1634	6	0.084507
1961	1763	2	0.028169
1961	1892	16	0.225352
1961	2021	1	0.014085
1961	2151	1	0.014085
1961	1998	12	0.169014
1961	1641	1	0.014085
1961	2026	62	0.873239
1961	2193	1	0.014085
1961	2157	63	0.887324
1961	2032	2	0.028169
1961	1652	9	0.126761
1961	1653	1	0.014085
1961	1913	2	0.028169
1961	2042	3	0.042254
1961	2175	2	0.028169
1963	1921	750	0.085092
1963	2180	22	0.002496
1963	2285	1	0.000113
1963	2320	30	0.003404
1963	1683	1	0.000113
1963	2325	4	0.000454
1963	2199	1	0.000113
1963	1690	1	0.000113
1963	1882	9	0.001021
1963	2206	3	0.000340
1963	2160	3	0.000340
1963	1826	395	0.044815
1963	2353	1	0.000113
1963	1961	3	0.000340
1963	1835	4	0.000454
1963	2222	3	0.000340
1963	1847	1	0.000113
1963	1717	1	0.000113
1963	2359	2	0.000227
1963	2232	1	0.000113
1963	2363	1	0.000113
1963	2112	19	0.002156
1963	1857	3	0.000340
1963	2114	21	0.002383
1963	1735	3	0.000340
1963	1856	3	0.000340
1963	1872	2	0.000227
1963	1626	46	0.005219
1963	1885	4	0.000454
1963	1634	5	0.000567
1963	1645	15	0.001702
1963	2031	39	0.004425
1963	2032	1	0.000113
1963	1649	110	0.012480
1963	1914	2	0.000227
1963	2174	7233	0.820626
1964	1921	747	0.085773
1964	2180	22	0.002526
1964	2285	1	0.000115
1964	2320	30	0.003445
1964	1683	1	0.000115
1964	2325	4	0.000459
1964	2199	1	0.000115
1964	1690	1	0.000115
1964	1882	9	0.001033
1964	2206	3	0.000344
1964	2160	3	0.000344
1964	1826	393	0.045126
1964	1961	3	0.000344
1964	1835	4	0.000459
1964	2222	3	0.000344
1964	2353	1	0.000115
1964	1717	1	0.000115
1964	1847	1	0.000115
1964	2232	1	0.000115
1964	2363	1	0.000115
1964	2112	19	0.002182
1964	1857	3	0.000344
1964	2114	21	0.002411
1964	1735	3	0.000344
1964	2359	2	0.000230
1964	1856	3	0.000344
1964	1872	2	0.000230
1964	1626	45	0.005167
1964	1885	4	0.000459
1964	1634	5	0.000574
1964	1645	15	0.001722
1964	2031	39	0.004478
1964	2032	1	0.000115
1964	1649	109	0.012516
1964	1914	2	0.000230
1964	2174	7136	0.819382
1965	1634	836	11.000000
1965	2086	1	0.013158
1965	2318	152	2.000000
1965	1683	614	8.078947
1965	2197	1	0.013158
1965	1913	154	2.026316
1965	1626	2	0.026316
1966	2025	2	0.105263
1966	1687	12	0.631579
1967	1664	3	0.051724
1967	1634	580	10.000000
1967	1958	1	0.017241
1967	2182	139	2.396552
1967	1986	1	0.017241
1967	2318	116	2.000000
1967	2160	1	0.017241
1967	1715	1	0.017241
1967	2107	1	0.017241
1969	1664	1	0.009901
1969	1921	1	0.009901
1969	1634	453	4.485149
1969	2248	1	0.009901
1969	1692	1	0.009901
1969	2283	1	0.009901
1969	2318	70	0.693069
1969	2321	1	0.009901
1969	2197	85	0.841584
1969	1910	1	0.009901
1969	1913	35	0.346535
1969	1660	50	0.495050
1969	2365	1	0.009901
1969	1704	5	0.049505
1971	1664	184	0.069355
1971	2176	6	0.002262
1971	1922	4	0.001508
1971	2180	2	0.000754
1971	2182	6	0.002262
1971	1927	2	0.000754
1971	2318	5294	1.995477
1971	2063	1	0.000377
1971	2321	4	0.001508
1971	1683	15	0.005654
1971	1940	1	0.000377
1971	2308	1	0.000377
1971	1949	1	0.000377
1971	1957	16	0.006031
1971	1958	3	0.001131
1971	2221	1	0.000377
1971	2096	7	0.002639
1971	2098	4	0.001508
1971	1715	3	0.001131
1971	2100	2	0.000754
1971	1847	3088	1.163965
1971	2361	1	0.000377
1971	1860	2	0.000754
1971	1998	59	0.022239
1971	2257	56	0.021108
1971	2258	5	0.001885
1971	2300	4	0.001508
1971	1625	17592	6.630984
1971	1626	30	0.011308
1971	2143	3	0.001131
1971	1634	26672	10.053524
1971	2086	3	0.001131
1971	1641	7	0.002639
1971	2160	3	0.001131
1971	1652	28	0.010554
1971	1913	5052	1.904259
1971	1916	3	0.001131
1972	1634	377	13.000000
1972	2283	8	0.275862
1972	2126	9	0.310345
1972	2318	58	2.000000
1972	2351	9	0.310345
1972	2321	4	0.137931
1972	2197	66	2.275862
1972	1913	29	1.000000
1972	1679	3	0.103448
1972	1660	37	1.275862
1972	2207	11	0.379310
1975	1634	1212	11.018182
1975	1892	3749	34.081818
1975	1958	1	0.009091
1975	2182	2	0.018182
1975	1927	1	0.009091
1975	1641	1	0.009091
1975	1757	4	0.036364
1975	2318	220	2.000000
1975	1679	1	0.009091
1975	2160	2	0.018182
1975	1847	1	0.009091
1975	1624	1	0.009091
1975	1883	126	1.145455
1975	1949	1	0.009091
1975	2175	1	0.009091
1976	1664	4	0.004751
1976	1921	1338	1.589074
1976	2180	4	0.004751
1976	1806	7	0.008314
1976	2063	6	0.007126
1976	2321	22	0.026128
1976	2197	22	0.026128
1976	1814	7	0.008314
1976	1692	1	0.001188
1976	1949	14	0.016627
1976	1700	12	0.014252
1976	1957	1521	1.806413
1976	1958	19	0.022565
1976	1961	7	0.008314
1976	2096	6	0.007126
1976	1715	4	0.004751
1976	1847	66	0.078385
1976	2112	81	0.096200
1976	2248	10	0.011876
1976	1996	4	0.004751
1976	1998	18	0.021378
1976	2257	96	0.114014
1976	2318	1014	1.204276
1976	1625	6	0.007126
1976	1626	4	0.004751
1976	1679	83	0.098575
1976	2273	1	0.001188
1976	1634	5072	6.023753
1976	2153	6	0.007126
1976	2160	6	0.007126
1976	1652	21	0.024941
1976	1660	4	0.004751
1978	1921	145	0.747423
1983	1735	148	37.000000
1985	2256	2	1.000000
1985	1683	2	1.000000
1986	2176	5	0.013774
1986	1757	11	0.030303
1986	2182	5	0.013774
1986	2188	8	0.022039
1986	2122	11	0.030303
1986	2199	13	0.035813
1986	2316	14	0.038567
1986	2114	19	0.052342
1986	1679	5	0.013774
1986	2032	8	0.022039
1986	1751	16	0.044077
1986	2360	5	0.013774
1986	2351	9	0.024793
1986	2237	51	0.140496
1986	1694	3	0.008264
1989	1735	180	36.000000
1990	1735	82	41.000000
1992	1735	81	40.500000
1994	1735	115	38.333333
1996	2258	1	0.032258
1996	2362	2	0.064516
1996	1998	1	0.032258
1996	2063	2	0.064516
1998	1664	3	0.011673
1998	2176	4	0.015564
1998	2180	2	0.007782
1998	1830	1	0.003891
1998	1927	2	0.007782
1998	2062	1	0.003891
1998	2321	118	0.459144
1998	1683	18	0.070039
1998	2197	6	0.023346
1998	1949	1	0.003891
1998	1700	3	0.011673
1998	2086	2	0.007782
1998	1707	21	0.081712
1998	2221	8	0.031128
1998	2096	4	0.015564
1998	2098	1	0.003891
1998	1715	14	0.054475
1998	1847	11	0.042802
1998	1854	2	0.007782
1998	1860	5	0.019455
1998	2248	5	0.019455
1998	2257	12	0.046693
1998	2318	437	1.700389
1998	1625	6	0.023346
1998	1626	2	0.007782
1998	1883	1	0.003891
1998	1634	2407	9.365759
1998	1764	1	0.003891
1998	1958	2	0.007782
1998	1641	1	0.003891
1998	2160	11	0.042802
1998	1651	1	0.003891
1998	1913	206	0.801556
1998	1660	1	0.003891
1999	1847	1	0.250000
2000	1735	280	35.000000
2002	1634	1030	9.903846
2002	1988	1	0.009615
2002	2182	1523	14.644231
2002	2221	1	0.009615
2002	2318	206	1.980769
2002	2189	1	0.009615
2002	1683	10	0.096154
2002	1652	1	0.009615
2002	1847	36	0.346154
2002	1624	12	0.115385
2002	1625	17	0.163462
2002	1626	10	0.096154
2002	1918	3	0.028846
2002	2175	2	0.019231
2003	1921	747	0.084964
2003	2180	22	0.002502
2003	1645	13	0.001479
2003	2320	30	0.003412
2003	1683	1	0.000114
2003	2325	4	0.000455
2003	2199	1	0.000114
2003	1690	1	0.000114
2003	1626	46	0.005232
2003	2206	3	0.000341
2003	2160	3	0.000341
2003	1826	396	0.045041
2003	1961	3	0.000341
2003	1835	4	0.000455
2003	2222	3	0.000341
2003	2353	1	0.000114
2003	1717	1	0.000114
2003	1847	1	0.000114
2003	2232	1	0.000114
2003	2363	1	0.000114
2003	2112	19	0.002161
2003	1857	3	0.000341
2003	2114	21	0.002389
2003	1735	3	0.000341
2003	2359	2	0.000227
2003	1856	3	0.000341
2003	1872	2	0.000227
2003	1882	7	0.000796
2003	1885	2	0.000227
2003	1634	3	0.000341
2003	2285	1	0.000114
2003	2031	39	0.004436
2003	2032	1	0.000114
2003	1649	109	0.012398
2003	1914	2	0.000227
2003	2174	7182	0.816879
2004	1634	1840	10.000000
2004	1957	195	1.059783
2004	2221	6	0.032609
2004	2318	368	2.000000
2004	1679	183	0.994565
2004	2100	1	0.005435
2004	1913	184	1.000000
2004	1626	2	0.010870
2005	1735	115	38.333333
2007	1735	115	38.333333
2009	1921	747	0.084608
2009	2180	22	0.002492
2009	2285	1	0.000113
2009	2320	30	0.003398
2009	1683	1	0.000113
2009	2325	4	0.000453
2009	2199	1	0.000113
2009	1690	1	0.000113
2009	1882	9	0.001019
2009	2206	3	0.000340
2009	2160	3	0.000340
2009	1826	395	0.044739
2009	2353	1	0.000113
2009	1961	3	0.000340
2009	1835	4	0.000453
2009	2222	3	0.000340
2009	1847	1	0.000113
2009	1717	1	0.000113
2009	2359	2	0.000227
2009	2232	1	0.000113
2009	2363	1	0.000113
2009	2112	19	0.002152
2009	1857	3	0.000340
2009	2114	20	0.002265
2009	1735	2	0.000227
2009	1856	3	0.000340
2009	1872	2	0.000227
2009	1626	46	0.005210
2009	1885	4	0.000453
2009	1634	5	0.000566
2009	1645	15	0.001699
2009	2031	39	0.004417
2009	2032	1	0.000113
2009	1649	110	0.012459
2009	1914	2	0.000227
2009	2174	7127	0.807226
2010	1921	750	0.086039
2010	2180	22	0.002524
2010	2285	1	0.000115
2010	2320	30	0.003442
2010	1683	1	0.000115
2010	2325	4	0.000459
2010	2199	1	0.000115
2010	1690	1	0.000115
2010	1882	9	0.001032
2010	2206	3	0.000344
2010	2160	3	0.000344
2010	1826	393	0.045084
2010	1961	3	0.000344
2010	1835	4	0.000459
2010	2222	3	0.000344
2010	2353	1	0.000115
2010	1717	1	0.000115
2010	1847	1	0.000115
2010	2232	1	0.000115
2010	2363	1	0.000115
2010	1856	3	0.000344
2010	1857	3	0.000344
2010	2114	20	0.002294
2010	1735	2	0.000229
2010	2112	19	0.002180
2010	2359	2	0.000229
2010	1872	2	0.000229
2010	1626	45	0.005162
2010	1885	4	0.000459
2010	1634	5	0.000574
2010	1645	15	0.001721
2010	2031	39	0.004474
2010	2032	1	0.000115
2010	1649	109	0.012504
2010	1914	2	0.000229
2010	2174	7202	0.826202
2011	1735	148	37.000000
2012	1634	2898	8.473684
2012	2275	178	0.520468
2012	1700	315	0.921053
2012	2309	38	0.111111
2012	2248	1	0.002924
2012	2221	5	0.014620
2012	1806	1352	3.953216
2012	2063	1	0.002924
2012	2321	5	0.014620
2012	1938	2	0.005848
2012	2318	544	1.590643
2012	1814	229	0.669591
2012	1784	2	0.005848
2012	1913	177	0.517544
2012	1957	1	0.002924
2013	1735	114	38.000000
2014	1847	1	0.250000
2015	1735	115	38.333333
2016	1664	1	0.055556
2016	2321	1	0.055556
2016	1634	170	9.444444
2016	2182	85	4.722222
2016	2318	34	1.888889
2020	1913	6	2.000000
2020	1634	36	12.000000
2020	2141	3	1.000000
2020	2318	6	2.000000
2020	1649	3	1.000000
2021	2096	99	1.455882
2021	1634	680	10.000000
2021	1957	16	0.235294
2021	1958	5	0.073529
2021	1959	5	0.073529
2021	1996	2	0.029412
2021	2318	136	2.000000
2021	1775	5	0.073529
2021	2160	5	0.073529
2021	2333	5	0.073529
2024	2112	40	10.000000
2024	1792	2	0.500000
2024	1634	50	12.500000
2024	2085	2	0.500000
2024	1905	2	0.500000
2024	2284	2	0.500000
2024	2318	8	2.000000
2024	1649	6	1.500000
2024	1838	2	0.500000
2024	1622	4	1.000000
2024	1913	8	2.000000
2024	1947	2	0.500000
2024	2141	4	1.000000
2024	1877	2	0.500000
2025	1921	2	0.133333
2025	1687	12	0.800000
2026	2273	8	2.000000
2026	1858	4	1.000000
2026	1961	55	13.750000
2026	1634	1	0.250000
2026	2157	4	1.000000
2026	2126	4	1.000000
2026	2197	4	1.000000
2026	2362	4	1.000000
2028	1825	336	2.709677
2028	1909	6	0.048387
2029	1825	321	3.689655
2029	1909	7	0.080460
2030	1735	115	38.333333
2031	1921	747	0.084608
2031	2180	22	0.002492
2031	2285	1	0.000113
2031	2320	30	0.003398
2031	1683	1	0.000113
2031	2325	4	0.000453
2031	2199	1	0.000113
2031	1690	1	0.000113
2031	1882	9	0.001019
2031	2206	3	0.000340
2031	2160	3	0.000340
2031	1826	395	0.044739
2031	2353	1	0.000113
2031	1961	3	0.000340
2031	1835	4	0.000453
2031	2222	3	0.000340
2031	1847	1	0.000113
2031	1717	1	0.000113
2031	2359	2	0.000227
2031	2232	1	0.000113
2031	2363	1	0.000113
2031	2112	19	0.002152
2031	1857	3	0.000340
2031	2114	21	0.002379
2031	1735	3	0.000340
2031	1856	3	0.000340
2031	1872	2	0.000227
2031	1626	46	0.005210
2031	1885	4	0.000453
2031	1634	5	0.000566
2031	1645	15	0.001699
2031	2032	1	0.000113
2031	1649	110	0.012459
2031	1914	2	0.000227
2031	2174	7242	0.820251
2032	2112	1	0.041667
2032	1634	56	2.333333
2032	1892	16	0.666667
2032	1899	3	0.125000
2032	2316	1	0.041667
2032	2114	1	0.041667
2032	2318	10	0.416667
2032	2160	1	0.041667
2032	2321	1	0.041667
2032	1975	24	1.000000
2032	2232	1	0.041667
2034	1735	115	38.333333
2038	2112	3	0.039474
2038	1921	5	0.065789
2038	2114	2	0.026316
2038	2160	1	0.013158
2038	2316	3	0.039474
2038	1807	1071	14.092105
2038	2032	3	0.039474
2038	1649	1	0.013158
2038	2232	1	0.013158
2039	1921	750	0.084976
2039	2180	22	0.002493
2039	2285	1	0.000113
2039	2320	30	0.003399
2039	1683	1	0.000113
2039	2325	4	0.000453
2039	2199	1	0.000113
2039	1690	1	0.000113
2039	1882	9	0.001020
2039	2206	3	0.000340
2039	2160	3	0.000340
2039	1826	395	0.044754
2039	2353	1	0.000113
2039	1961	3	0.000340
2039	1835	4	0.000453
2039	2222	3	0.000340
2039	1847	1	0.000113
2039	1717	1	0.000113
2039	2359	2	0.000227
2039	2232	1	0.000113
2039	2363	1	0.000113
2039	2112	19	0.002153
2039	1857	3	0.000340
2039	2114	21	0.002379
2039	1735	3	0.000340
2039	1856	3	0.000340
2039	1872	2	0.000227
2039	1626	46	0.005212
2039	1885	4	0.000453
2039	1634	5	0.000567
2039	1645	15	0.001700
2039	2031	39	0.004419
2039	2032	1	0.000113
2039	1649	110	0.012463
2039	1914	2	0.000227
2039	2174	7230	0.819171
2040	1735	115	38.333333
2042	2273	19617	1.000000
2042	1858	19615	0.999898
2042	2083	19617	1.000000
2042	1961	196179	10.000459
2042	2026	19615	0.999898
2042	2157	19615	0.999898
2042	2126	19615	0.999898
2042	2197	19615	0.999898
2042	2362	19615	0.999898
2045	1961	1	0.001410
2045	1683	2	0.002821
2045	1957	1	0.001410
2045	2182	7	0.009873
2045	1637	1	0.001410
2046	1921	747	0.085080
2046	2180	22	0.002506
2046	1645	15	0.001708
2046	2320	30	0.003417
2046	1683	1	0.000114
2046	2325	4	0.000456
2046	2199	1	0.000114
2046	1690	1	0.000114
2046	1882	9	0.001025
2046	2206	3	0.000342
2046	2160	3	0.000342
2046	1826	395	0.044989
2046	1961	3	0.000342
2046	1835	4	0.000456
2046	2222	3	0.000342
2046	2353	1	0.000114
2046	1717	1	0.000114
2046	1847	1	0.000114
2046	2232	1	0.000114
2046	2363	1	0.000114
2046	2112	19	0.002164
2046	1857	3	0.000342
2046	2114	20	0.002278
2046	1735	2	0.000228
2046	2359	2	0.000228
2046	1872	2	0.000228
2046	1626	46	0.005239
2046	1885	4	0.000456
2046	1634	5	0.000569
2046	2285	1	0.000114
2046	2031	39	0.004442
2046	2032	1	0.000114
2046	1649	110	0.012528
2046	1856	3	0.000342
2046	1914	2	0.000228
2046	2174	7146	0.813895
2047	2277	1	0.071429
2047	2070	15	1.071429
