Src	Trg	LinkCount	RelLinkCount
56293	56908	1	0.009259
56293	56674	4	0.037037
56293	56328	1	0.009259
56293	56428	1	0.009259
56293	56299	1	0.009259
56293	56780	1	0.009259
56293	56653	2	0.018519
56293	56364	4	0.037037
56293	56466	1	0.009259
56293	57012	1	0.009259
56293	56885	1	0.009259
56293	56375	8	0.074074
56293	56664	1	0.009259
56293	56916	1	0.009259
56293	56381	1	0.009259
56293	56991	1	0.009259
56294	56610	3	0.032967
56294	56780	3	0.032967
56294	56364	3	0.032967
56294	56653	15	0.164835
56294	57007	3	0.032967
56294	56880	1	0.010989
56294	56728	8	0.087912
56294	56975	2	0.021978
56294	56573	6	0.065934
56299	56965	2	0.001241
56299	56583	3	0.001861
56299	56969	15	0.009305
56299	56335	141	0.087469
56299	56849	1	0.000620
56299	56728	7	0.004342
56299	56475	1	0.000620
56299	56733	14	0.008685
56299	56837	1	0.000620
56299	56560	7	0.004342
56299	56995	2	0.001241
56299	56742	4	0.002481
56299	56616	3	0.001861
56299	56363	1	0.000620
56299	56364	3	0.001861
56299	56477	1	0.000620
56299	56497	6	0.003722
56299	56627	6	0.003722
56299	56884	1	0.000620
56299	56629	30	0.018610
56299	56329	2	0.001241
56299	56504	2	0.001241
56299	56607	1	0.000620
56299	56381	11	0.006824
56299	56517	6	0.003722
56299	56907	4	0.002481
56299	56780	16	0.009926
56299	56653	193	0.119727
56299	56664	1	0.000620
56299	56975	10	0.006203
56299	56800	1	0.000620
56299	56674	4	0.002481
56299	56548	10	0.006203
56299	56428	3	0.001861
56299	56944	4	0.002481
56299	56436	4	0.002481
56299	56311	1	0.000620
56300	56706	1	0.001072
56300	56965	2	0.002144
56300	56328	30	0.032154
56300	56714	1	0.001072
56300	56717	1	0.001072
56300	56590	44	0.047160
56300	56335	2	0.002144
56300	56467	2	0.002144
56300	56985	1	0.001072
56300	56730	1	0.001072
56300	56477	2	0.002144
56300	56540	2	0.002144
56300	56365	3	0.003215
56300	56861	2	0.002144
56300	56412	2	0.002144
56300	56629	2	0.002144
56300	56375	1	0.001072
56300	56504	2	0.002144
56300	56382	3	0.003215
56300	56385	1	0.001072
56300	56648	6	0.006431
56300	56907	6	0.006431
56300	56396	31	0.033226
56300	56655	8	0.008574
56300	56915	2	0.002144
56300	56916	1	0.001072
56300	56569	1	0.001072
56300	56975	2	0.002144
56300	56924	3	0.003215
56300	56554	2	0.002144
56300	56428	7	0.007503
56300	56687	2	0.002144
56300	56944	1	0.001072
56300	56953	1	0.001072
56301	56674	6	0.012245
56301	56364	2	0.004082
56301	56740	1	0.002041
56301	56517	1	0.002041
56301	56463	1	0.002041
56301	56616	2	0.004082
56301	56777	1	0.002041
56301	56458	948	1.934694
56301	56939	1	0.002041
56301	56332	2	0.004082
56301	56335	2	0.004082
56301	56733	1	0.002041
56301	56472	3	0.006122
56301	56331	1	0.002041
56301	56916	1	0.002041
56301	56629	13	0.026531
56301	56728	2	0.004082
56301	56975	4	0.008163
56301	56381	6	0.012245
56302	56934	3	0.046154
56303	56560	30	6.000000
56303	56991	5	1.000000
56304	56616	8	0.007188
56304	56617	6	0.005391
56304	56940	21135	18.989218
56304	56335	1	0.000898
56304	56344	10	0.008985
56304	56540	11	0.009883
56305	56735	2	0.021505
56305	56375	31	0.333333
56306	56914	30	15.000000
56307	56992	1	0.006211
56307	56737	3	0.018634
56307	56375	22	0.136646
56308	56529	219	9.125000
56308	56481	3	0.125000
56308	56694	84	3.500000
56308	56991	30	1.250000
56310	56965	1	0.008850
56310	56364	2	0.017699
56310	56861	1	0.008850
56310	56944	1	0.008850
56310	56437	1	0.008850
56310	56375	46	0.407080
56310	56953	1	0.008850
56310	56381	1	0.008850
56310	56382	1	0.008850
56310	56341	7	0.061947
56311	56885	13	1.083333
56312	56560	24	6.000000
56312	56991	4	1.000000
56313	56576	70	0.006671
56313	56328	120	0.011436
56313	56590	35	0.003336
56313	56975	21	0.002001
56313	56341	381	0.036310
56313	56730	78	0.007434
56313	56604	35	0.003336
56313	56477	28	0.002668
56313	56606	29	0.002764
56313	56482	140	0.013342
56313	56740	21	0.002001
56313	56616	21	0.002001
56313	56363	70	0.006671
56313	56880	203	0.019346
56313	56629	70	0.006671
56313	56375	10599	1.010102
56313	56381	70	0.006671
56313	56382	210	0.020013
56313	56916	28	0.002668
56313	56664	8283	0.789383
56313	56335	21	0.002001
56313	56540	42	0.004003
56313	56674	21	0.002001
56313	56687	28	0.002668
56313	56956	105	0.010007
56314	56578	1	0.040000
56314	56515	1	0.040000
56314	56548	1	0.040000
56314	56965	3	0.120000
56314	56364	1	0.040000
56314	56866	1	0.040000
56314	56335	4	0.160000
56314	56498	1	0.040000
56314	56472	1	0.040000
56314	56463	1	0.040000
56314	56991	106	4.240000
56315	56674	3	0.003322
56315	56580	1	0.001107
56315	56965	19	0.021041
56315	56583	937	1.037652
56315	56616	4	0.004430
56315	56843	1	0.001107
56315	56655	1	0.001107
56315	56976	12	0.013289
56315	56756	1	0.001107
56315	56861	1	0.001107
56315	56607	2	0.002215
56315	56796	40	0.044297
56315	56733	3	0.003322
56315	56991	2725	3.017719
56316	56899	4	2.000000
56316	56389	248	124.000000
56316	56614	4	2.000000
56316	56427	4	2.000000
56316	56503	4	2.000000
56316	56440	12	6.000000
56316	56441	4	2.000000
56316	56869	4	2.000000
56317	56706	1	0.009524
56317	56396	1	0.009524
56317	56499	1	0.009524
56317	56341	13	0.123810
56317	56375	4	0.038095
56317	56381	1	0.009524
56318	56560	32	6.400000
56318	56991	5	1.000000
56320	56706	4	0.002463
56320	56580	5	0.003079
56320	56965	4	0.002463
56320	56583	3	0.001847
56320	56328	1	0.000616
56320	56329	11	0.006773
56320	56458	2	0.001232
56320	56331	6	0.003695
56320	56332	3	0.001847
56320	56589	1	0.000616
56320	56335	26	0.016010
56320	56721	1	0.000616
56320	56463	1	0.000616
56320	56854	2	0.001232
56320	56472	5264	3.241379
56320	56347	2	0.001232
56320	56604	987	0.607759
56320	56733	1	0.000616
56320	56991	21	0.012931
56320	56992	5	0.003079
56320	56737	1	0.000616
56320	56610	1	0.000616
56320	56995	5	0.003079
56320	56740	23	0.014163
56320	56742	2	0.001232
56320	56616	1	0.000616
56320	56364	5	0.003079
56320	56621	1	0.000616
56320	57007	1	0.000616
56320	56880	2	0.001232
56320	56497	2	0.001232
56320	56884	1	0.000616
56320	56629	41	0.025246
56320	56607	1	0.000616
56320	56381	3	0.001847
56320	56639	1	0.000616
56320	56728	2	0.001232
56320	56843	1	0.000616
56320	56777	2	0.001232
56320	56907	21	0.012931
56320	56780	9	0.005542
56320	56653	81	0.049877
56320	56782	1	0.000616
56320	56781	1	0.000616
56320	56975	14	0.008621
56320	56861	1	0.000616
56320	56800	3	0.001847
56320	56674	42	0.025862
56320	56548	2	0.001232
56320	56944	10	0.006158
56320	56872	1	0.000616
56320	56436	6	0.003695
56320	56310	2	0.001232
56320	56560	1	0.000616
56320	56314	1	0.000616
56320	56573	2	0.001232
56321	56706	7	0.004091
56321	56580	5	0.002922
56321	56965	4	0.002338
56321	56583	3	0.001753
56321	56328	1	0.000584
56321	56329	14	0.008182
56321	56458	2	0.001169
56321	56843	1	0.000584
56321	56332	3	0.001753
56321	56589	1	0.000584
56321	56335	31	0.018118
56321	56721	1	0.000584
56321	56463	1	0.000584
56321	56854	2	0.001169
56321	56472	5611	3.279369
56321	56347	2	0.001169
56321	56604	1077	0.629456
56321	56861	1	0.000584
56321	56991	21	0.012274
56321	56992	5	0.002922
56321	56737	1	0.000584
56321	56610	1	0.000584
56321	56995	5	0.002922
56321	56740	23	0.013442
56321	56742	2	0.001169
56321	56616	1	0.000584
56321	57007	1	0.000584
56321	56364	5	0.002922
56321	56621	1	0.000584
56321	56733	1	0.000584
56321	56880	2	0.001169
56321	56497	2	0.001169
56321	56728	2	0.001169
56321	56884	1	0.000584
56321	56629	45	0.026300
56321	56607	1	0.000584
56321	56381	3	0.001753
56321	56639	1	0.000584
56321	56514	1	0.000584
56321	56331	7	0.004091
56321	56777	2	0.001169
56321	56907	21	0.012274
56321	56780	14	0.008182
56321	56653	81	0.047341
56321	56782	1	0.000584
56321	56781	1	0.000584
56321	56975	18	0.010520
56321	56800	3	0.001753
56321	56674	46	0.026885
56321	56548	2	0.001169
56321	56944	10	0.005845
56321	56872	1	0.000584
56321	56436	6	0.003507
56321	56310	2	0.001169
56321	56560	1	0.000584
56321	56314	1	0.000584
56321	56573	2	0.001169
56322	56706	4	0.002452
56322	56580	5	0.003066
56322	56965	4	0.002452
56322	56583	3	0.001839
56322	56328	1	0.000613
56322	56329	11	0.006744
56322	56458	2	0.001226
56322	56331	7	0.004292
56322	56332	2	0.001226
56322	56589	1	0.000613
56322	56335	27	0.016554
56322	56721	1	0.000613
56322	56463	1	0.000613
56322	56854	2	0.001226
56322	56472	5339	3.273452
56322	56347	2	0.001226
56322	56604	999	0.612508
56322	56733	1	0.000613
56322	56991	21	0.012876
56322	56992	5	0.003066
56322	56737	1	0.000613
56322	56610	1	0.000613
56322	56995	5	0.003066
56322	56740	23	0.014102
56322	56742	2	0.001226
56322	56616	1	0.000613
56322	56364	5	0.003066
56322	56621	1	0.000613
56322	57007	1	0.000613
56322	56880	2	0.001226
56322	56497	2	0.001226
56322	56728	2	0.001226
56322	56629	39	0.023912
56322	56607	1	0.000613
56322	56381	2	0.001226
56322	56639	1	0.000613
56322	56514	1	0.000613
56322	56843	1	0.000613
56322	56777	2	0.001226
56322	56907	19	0.011649
56322	56780	9	0.005518
56322	56653	81	0.049663
56322	56782	1	0.000613
56322	56781	1	0.000613
56322	56975	14	0.008584
56322	56861	1	0.000613
56322	56800	3	0.001839
56322	56674	40	0.024525
56322	56548	2	0.001226
56322	56944	10	0.006131
56322	56872	1	0.000613
56322	56436	6	0.003679
56322	56310	2	0.001226
56322	56560	1	0.000613
56322	56314	1	0.000613
56322	56573	2	0.001226
56323	56706	7	0.004072
56323	56580	5	0.002909
56323	56965	4	0.002327
56323	56583	3	0.001745
56323	56328	1	0.000582
56323	56329	14	0.008144
56323	56458	2	0.001163
56323	56843	1	0.000582
56323	56332	3	0.001745
56323	56589	1	0.000582
56323	56335	31	0.018034
56323	56721	1	0.000582
56323	56463	1	0.000582
56323	56854	2	0.001163
56323	56472	5635	3.278069
56323	56347	2	0.001163
56323	56604	1083	0.630017
56323	56733	1	0.000582
56323	56991	21	0.012216
56323	56992	5	0.002909
56323	56737	1	0.000582
56323	56610	1	0.000582
56323	56995	5	0.002909
56323	56740	23	0.013380
56323	56742	2	0.001163
56323	56616	1	0.000582
56323	56364	5	0.002909
56323	56621	1	0.000582
56323	57007	1	0.000582
56323	56880	2	0.001163
56323	56497	2	0.001163
56323	56728	2	0.001163
56323	56884	1	0.000582
56323	56629	45	0.026178
56323	56607	1	0.000582
56323	56381	3	0.001745
56323	56639	1	0.000582
56323	56514	1	0.000582
56323	56331	7	0.004072
56323	56777	2	0.001163
56323	56907	21	0.012216
56323	56780	14	0.008144
56323	56653	81	0.047120
56323	56782	1	0.000582
56323	56781	1	0.000582
56323	56975	18	0.010471
56323	56861	1	0.000582
56323	56800	3	0.001745
56323	56674	46	0.026760
56323	56548	2	0.001163
56323	56944	10	0.005817
56323	56872	1	0.000582
56323	56436	6	0.003490
56323	56310	2	0.001163
56323	56560	1	0.000582
56323	56314	1	0.000582
56323	56573	2	0.001163
56324	56335	1	0.014493
56324	56375	31	0.449275
56326	56706	7	0.004079
56326	56580	5	0.002914
56326	56965	4	0.002331
56326	56583	3	0.001748
56326	56328	1	0.000583
56326	56329	14	0.008159
56326	56458	2	0.001166
56326	56843	1	0.000583
56326	56332	3	0.001748
56326	56589	1	0.000583
56326	56335	31	0.018065
56326	56721	1	0.000583
56326	56463	1	0.000583
56326	56854	2	0.001166
56326	56472	5623	3.276807
56326	56347	2	0.001166
56326	56604	1079	0.628788
56326	56861	1	0.000583
56326	56991	21	0.012238
56326	56992	5	0.002914
56326	56737	1	0.000583
56326	56610	1	0.000583
56326	56995	5	0.002914
56326	56740	23	0.013403
56326	56742	2	0.001166
56326	56616	1	0.000583
56326	57007	1	0.000583
56326	56364	5	0.002914
56326	56621	1	0.000583
56326	56733	1	0.000583
56326	56880	2	0.001166
56326	56497	2	0.001166
56326	56728	2	0.001166
56326	56884	1	0.000583
56326	56629	45	0.026224
56326	56607	1	0.000583
56326	56381	3	0.001748
56326	56639	1	0.000583
56326	56514	1	0.000583
56326	56331	7	0.004079
56326	56777	2	0.001166
56326	56907	21	0.012238
56326	56780	14	0.008159
56326	56653	81	0.047203
56326	56782	1	0.000583
56326	56781	1	0.000583
56326	56975	18	0.010490
56326	56800	3	0.001748
56326	56674	46	0.026807
56326	56548	2	0.001166
56326	56944	10	0.005828
56326	56872	1	0.000583
56326	56436	6	0.003497
56326	56310	2	0.001166
56326	56560	1	0.000583
56326	56314	1	0.000583
56326	56573	2	0.001166
56327	56840	2	0.000453
56327	56428	2	0.000453
56327	56719	3736	0.846398
56327	56729	3742	0.847757
56327	56858	2	0.000453
56327	56733	1	0.000227
56327	56991	7	0.001586
56327	56610	1	0.000227
56327	56617	3	0.000680
56327	56364	7	0.001586
56327	56877	3736	0.846398
56327	56882	1	0.000227
56327	56629	2	0.000453
56327	56375	4	0.000906
56327	56381	5	0.001133
56327	56777	1	0.000227
56327	56653	1	0.000227
56327	56911	1	0.000227
56327	56916	6	0.001359
56327	57010	1	0.000227
56327	56538	3736	0.846398
56327	56669	3736	0.846398
56327	56674	1	0.000227
56327	56548	1	0.000227
56327	56680	3736	0.846398
56327	56684	1	0.000227
56327	56944	1	0.000227
56327	56566	3736	0.846398
56327	56571	3736	0.846398
56328	56961	2	0.004141
56328	56962	2	0.004141
56328	56965	5	0.010352
56328	56712	2	0.004141
56328	56428	1	0.002070
56328	56714	2	0.004141
56328	56333	1	0.002070
56328	56335	4	0.008282
56328	56594	3	0.006211
56328	56467	6	0.012422
56328	56730	12	0.024845
56328	56603	1	0.002070
56328	56477	3	0.006211
56328	56607	4	0.008282
56328	56480	2	0.004141
56328	56481	10	0.020704
56328	56482	3	0.006211
56328	56540	8	0.016563
56328	56746	1	0.002070
56328	56363	1	0.002070
56328	56365	17	0.035197
56328	56706	1	0.002070
56328	56861	4	0.008282
56328	56882	1	0.002070
56328	56578	1	0.002070
56328	56629	6	0.012422
56328	56375	13	0.026915
56328	56991	473	0.979296
56328	56381	1	0.002070
56328	56382	14	0.028986
56328	56924	13	0.026915
56328	56992	2	0.004141
56328	56517	1	0.002070
56328	56648	2	0.004141
56328	56396	3	0.006211
56328	56908	3	0.006211
56328	56655	98	0.202899
56328	56915	5	0.010352
56328	56916	9	0.018634
56328	56407	1	0.002070
56328	56536	2	0.004141
56328	56412	12	0.024845
56328	56930	2	0.004141
56328	56550	2	0.004141
56328	56554	3	0.006211
56328	56300	2	0.004141
56328	56687	5	0.010352
56328	56944	1	0.002070
56328	56433	2	0.004141
56328	56820	2	0.004141
56328	56766	3	0.006211
56328	56824	8	0.016563
56328	56404	3	0.006211
56328	56829	2	0.004141
56329	56481	62	0.984127
56329	56991	1	0.015873
56329	56653	3	0.047619
56329	56742	1	0.015873
56329	56607	5	0.079365
56331	56992	1	0.010526
56331	56514	97	1.021053
56331	56939	1	0.010526
56331	56965	4	0.042105
56331	56390	2	0.021053
56331	56616	1	0.010526
56331	56364	2	0.021053
56331	56691	4	0.042105
56331	56684	1	0.010526
56331	56674	1	0.010526
56331	56335	8	0.084211
56331	56627	1	0.010526
56331	56436	1	0.010526
56331	56653	2	0.021053
56331	56381	2	0.021053
56331	56991	1	0.010526
56332	56381	3	0.041096
56333	56328	2	0.005464
56333	56841	1	0.002732
56333	56428	1	0.002732
56333	56467	1	0.002732
56333	56340	1	0.002732
56333	56730	2	0.005464
56333	56477	1	0.002732
56333	56352	1	0.002732
56333	56613	1	0.002732
56333	56488	1	0.002732
56333	56412	2	0.005464
56333	56755	4	0.010929
56333	56630	1	0.002732
56333	56887	1	0.002732
56333	56382	2	0.005464
56333	56924	4	0.010929
56333	56736	1	0.002732
56333	56517	1	0.002732
56333	56375	1	0.002732
56333	56396	8	0.021858
56333	56655	11	0.030055
56333	56400	1	0.002732
56333	56916	4	0.010929
56333	56540	1	0.002732
56333	56528	1	0.002732
56333	56675	2	0.005464
56333	56677	1	0.002732
56333	56554	1	0.002732
56333	56812	1	0.002732
56333	56404	1	0.002732
56334	56787	3	0.136364
56334	56364	9	0.409091
56334	56734	3	0.136364
56335	56965	17	0.011417
56335	56329	1	0.000672
56335	56843	1	0.000672
56335	56717	5	0.003358
56335	56590	4	0.002686
56335	56975	4	0.002686
56335	56607	1	0.000672
56335	56979	1	0.000672
56335	56341	3	0.002015
56335	56733	3	0.002015
56335	56837	1	0.000672
56335	56944	8	0.005373
56335	56616	9	0.006044
56335	56496	3	0.002015
56335	56991	4433	2.977166
56335	56382	1	0.000672
56335	56639	1	0.000672
56335	56517	2	0.001343
56335	56907	3	0.002015
56335	56916	1	0.000672
56335	56920	3	0.002015
56335	56463	1	0.000672
56335	56540	2	0.001343
56335	56674	1	0.000672
56335	56548	4	0.002686
56335	56560	8	0.005373
56335	56436	2	0.001343
56335	56565	14	0.009402
56335	56438	1	0.000672
56335	56311	1	0.000672
56335	56314	13	0.008731
56335	56574	3	0.002015
56337	56648	2	0.006173
56337	56717	1	0.003086
56337	56977	2	0.006173
56337	56341	1	0.003086
56337	56375	1	0.003086
56337	56381	1	0.003086
56337	56798	1	0.003086
56338	56674	4	0.003660
56338	56780	2	0.001830
56338	56930	2	0.001830
56338	56944	2	0.001830
56338	56375	1037	0.948765
56338	56412	2	0.001830
56339	56386	1	0.040000
56339	56467	1	0.040000
56339	56412	1	0.040000
56339	56682	1	0.040000
56339	56381	1	0.040000
56339	56655	1	0.040000
56339	56307	1	0.040000
56339	56916	1	0.040000
56339	56375	15	0.600000
56339	56536	1	0.040000
56339	56604	1	0.040000
56339	56490	1	0.040000
56339	56671	1	0.040000
56340	56940	3	0.002340
56340	56969	1	0.000780
56340	56362	1	0.000780
56340	56364	1	0.000780
56340	56687	2	0.001560
56340	56976	1	0.000780
56340	56884	1	0.000780
56340	56629	3	0.002340
56340	56375	273	0.212949
56340	56666	7	0.005460
56340	56991	32	0.024961
56340	56341	4	0.003120
56340	56607	1	0.000780
56341	56800	2	0.002985
56341	56965	6	0.008955
56341	56746	4	0.005970
56341	56717	81	0.120896
56341	56687	2	0.002985
56341	56721	2	0.002985
56341	56375	1	0.001493
56341	56824	2	0.002985
56341	56463	2	0.002985
56341	56381	5	0.007463
56341	56798	5	0.007463
56341	56991	518	0.773134
56342	56929	1	0.004255
56342	56866	2	0.008511
56342	56364	1	0.004255
56342	56900	1	0.004255
56342	56684	1	0.004255
56342	56428	5	0.021277
56342	56653	3	0.012766
56342	56706	1	0.004255
56342	56687	1	0.004255
56342	56305	1	0.004255
56342	56884	1	0.004255
56342	56629	1	0.004255
56342	56375	2	0.008511
56342	56991	2	0.008511
56343	56616	1	0.001704
56343	56653	1	0.001704
56343	56991	1	0.001704
56344	56463	1	0.004292
56344	56965	1	0.004292
56344	56375	15	0.064378
56345	56436	1	0.000650
56346	56467	1	0.002976
56346	56486	1	0.002976
56346	56550	1	0.002976
56346	56712	4	0.011905
56346	56777	1	0.002976
56346	56428	2	0.005952
56346	56653	5	0.014881
56346	56302	1	0.002976
56346	56976	1	0.002976
56346	56392	1	0.002976
56346	56915	1	0.002976
56346	56979	2	0.005952
56346	56666	1	0.002976
56346	56730	1	0.002976
56346	56540	1	0.002976
56346	56381	1	0.002976
56347	56583	5	0.014663
56347	56616	9	0.026393
56347	56329	2	0.005865
56347	56364	2	0.005865
56347	56590	4	0.011730
56347	56664	1	0.002933
56347	56915	2	0.005865
56347	56756	2	0.005865
56347	56777	2	0.005865
56347	56824	1	0.002933
56347	56436	2	0.005865
56347	56926	1	0.002933
56347	56607	2	0.005865
56349	56965	4	2.000000
56349	56991	10	5.000000
56350	56375	5	0.250000
56351	56824	1	0.034483
56351	56481	1	0.034483
56351	56890	1	0.034483
56351	56785	1	0.034483
56351	56607	29	1.000000
56352	56341	9	0.025714
56352	56375	94	0.268571
56353	56458	4	2.000000
56355	56963	440	0.977778
56355	56723	18	0.040000
56356	56712	1	0.007692
56356	56506	1	0.007692
56356	56428	1	0.007692
56356	56990	1	0.007692
56357	56777	1	0.006993
56357	56915	2	0.013986
56357	56364	1	0.006993
56357	56997	1	0.006993
56358	56335	1	0.111111
56360	56717	2	0.015038
56360	56965	133	1.000000
56360	56991	396	2.977444
56362	56404	1	0.024390
56362	56375	6	0.146341
56363	56580	1	0.000814
56363	56581	4	0.003255
56363	56328	3	0.002441
56363	56969	4	0.003255
56363	56717	11	0.008950
56363	56467	2	0.001627
56363	56341	1	0.000814
56363	56728	2	0.001627
56363	56731	4	0.003255
56363	56477	5	0.004068
56363	56991	1	0.000814
56363	56540	1	0.000814
56363	56364	1	0.000814
56363	56365	2	0.001627
56363	56375	6	0.004882
56363	56382	2	0.001627
56363	56924	2	0.001627
56363	56517	1	0.000814
56363	56648	1	0.000814
56363	56907	1	0.000814
56363	56396	29	0.023596
56363	56655	11	0.008950
56363	56404	1	0.000814
56363	56412	1	0.000814
56363	56442	4	0.003255
56363	56798	5	0.004068
56363	56678	2	0.001627
56363	56554	1	0.000814
56363	56428	2	0.001627
56363	56560	14	0.011391
56363	56314	3	0.002441
56364	56481	1	0.003922
56364	56674	1	0.003922
56364	56965	6	0.023529
56364	56742	1	0.003922
56364	56717	3	0.011765
56364	56590	1	0.003922
56364	56991	7	0.027451
56364	56837	1	0.003922
56365	56961	1	0.000763
56365	56706	1	0.000763
56365	56837	2	0.001527
56365	56328	5	0.003817
56365	56329	2	0.001527
56365	56717	14	0.010687
56365	56590	7	0.005344
56365	56335	7	0.005344
56365	56341	1	0.000763
56365	56733	2	0.001527
56365	56991	32	0.024427
56365	56481	1	0.000763
56365	56610	1	0.000763
56365	56363	1	0.000763
56365	56477	1	0.000763
56365	56882	5	0.003817
56365	56375	3	0.002290
56365	56607	2	0.001527
56365	56382	2	0.001527
56365	56648	7	0.005344
56365	56780	1	0.000763
56365	56653	2	0.001527
56365	56655	3	0.002290
56365	56924	1	0.000763
56365	56798	3	0.002290
56365	56674	1	0.000763
56365	56681	1	0.000763
56365	56428	1	0.000763
56365	56560	1	0.000763
56365	56300	1	0.000763
56365	56573	2	0.001527
56367	56576	2	0.001896
56367	56965	1	0.000948
56367	56583	1	0.000948
56367	56335	1	0.000948
56367	56345	1	0.000948
56367	56607	2	0.001896
56367	56482	1	0.000948
56367	56616	1	0.000948
56367	56364	3	0.002844
56367	56880	1	0.000948
56367	56627	1	0.000948
56367	57012	1	0.000948
56367	56375	3	0.002844
56367	56991	4	0.003791
56367	56381	1	0.000948
56367	56774	1	0.000948
56367	56776	2	0.001896
56367	56780	1	0.000948
56367	56653	3	0.002844
56367	56916	1	0.000948
56367	56664	5	0.004739
56367	56939	1	0.000948
56367	56428	1	0.000948
56370	56965	33	2.062500
56370	56742	2	0.125000
56370	56497	2	0.125000
56370	56498	1	0.062500
56370	56691	2	0.125000
56370	56795	1	0.062500
56370	56574	2	0.125000
56370	56991	80	5.000000
56374	56355	1	0.111111
56375	56576	2	0.001076
56375	56706	1	0.000538
56375	56580	3	0.001614
56375	56581	2	0.001076
56375	56328	156	0.083916
56375	56329	1	0.000538
56375	56458	2	0.001076
56375	56590	1	0.000538
56375	56965	43	0.023131
56375	56467	22	0.011834
56375	56341	2	0.001076
56375	56728	13	0.006993
56375	56730	54	0.029048
56375	56991	2383	1.281872
56375	56861	4	0.002152
56375	56795	1	0.000538
56375	56837	1397	0.751479
56375	56481	2	0.001076
56375	56995	1	0.000538
56375	56870	1	0.000538
56375	56615	1	0.000538
56375	56490	6	0.003228
56375	56364	1	0.000538
56375	57006	2	0.001076
56375	56477	8	0.004303
56375	56497	2	0.001076
56375	56884	4	0.002152
56375	56629	16	0.008607
56375	56504	2	0.001076
56375	56607	7	0.003765
56375	56381	9	0.004841
56375	56382	7	0.003765
56375	56900	1	0.000538
56375	56648	5	0.002690
56375	56907	1	0.000538
56375	56396	65	0.034965
56375	56655	11	0.005917
56375	56916	5	0.002690
56375	56783	1	0.000538
56375	56540	2	0.001076
56375	56800	4	0.002152
56375	56674	4	0.002152
56375	56554	14	0.007531
56375	56940	1	0.000538
56375	56687	14	0.007531
56375	56437	64	0.034427
56375	56824	1	0.000538
56375	56404	2	0.001076
56375	56573	1	0.000538
56377	56358	2	0.008658
56379	56825	2451	50.020408
56380	56607	48024	2.997940
56381	56944	1	0.000454
56381	56740	1	0.000454
56381	56837	3	0.001361
56381	56742	32	0.014512
56381	56711	2	0.000907
56381	56328	1	0.000454
56381	56684	2	0.000907
56381	56746	1	0.000454
56381	56907	1	0.000454
56381	56428	7	0.003175
56381	56717	2	0.000907
56381	56965	1	0.000454
56381	56616	2	0.000907
56381	56627	2	0.000907
56381	56629	2	0.000907
56381	56886	1	0.000454
56381	56375	1	0.000454
56381	56920	2	0.000907
56381	56548	4	0.001814
56381	56891	1	0.000454
56381	56991	1087	0.492971
56382	56580	1	0.000380
56382	56837	2	0.000760
56382	56583	1	0.000380
56382	56712	1	0.000380
56382	56843	4	0.001520
56382	56717	70	0.026596
56382	56975	2	0.000760
56382	56341	27	0.010258
56382	56965	2	0.000760
56382	56610	1	0.000380
56382	56357	1	0.000380
56382	56486	1	0.000380
56382	56491	3	0.001140
56382	56364	7	0.002660
56382	56328	6	0.002280
56382	56882	1	0.000380
56382	56381	1	0.000380
56382	56648	1	0.000380
56382	56780	1	0.000380
56382	56655	1	0.000380
56382	56916	5	0.001900
56382	56920	1	0.000380
56382	56540	2	0.000760
56382	56428	5	0.001900
56382	56687	2	0.000760
56382	56314	5	0.001900
56385	56961	1	0.000608
56385	56930	1	0.000608
56385	56964	151	0.091793
56385	56615	1	0.000608
56385	56617	1	0.000608
56385	56300	1	0.000608
56385	56914	1	0.000608
56385	56463	1	0.000608
56385	56786	2	0.001216
56385	56985	1	0.000608
56385	56988	2	0.001216
56385	56991	1	0.000608
56386	56728	1	0.005102
56386	56341	6	0.030612
56386	56375	53	0.270408
56387	56920	2	0.086957
56387	56674	1	0.043478
56387	56991	92	4.000000
56388	56357	8	0.135593
56389	56899	739	2.008152
56389	56869	766	2.081522
56389	56614	767	2.084239
56389	56777	11	0.029891
56389	56427	741	2.013587
56389	56428	2	0.005435
56389	56589	1	0.002717
56389	56782	1	0.002717
56389	56503	767	2.084239
56389	56440	2241	6.089674
56389	56441	755	2.051630
56389	56316	743	2.019022
56389	56381	4	0.010870
56390	56514	6	1.000000
56390	56364	2	0.333333
56391	56764	1	0.041667
56391	56364	25	1.041667
56391	56455	24	1.000000
56392	56908	1	0.009259
56392	56706	4	0.037037
56392	56969	2	0.018519
56392	56972	1	0.009259
56392	56975	1	0.009259
56392	56976	1	0.009259
56392	56375	48	0.444444
56392	56920	2	0.018519
56392	56666	1	0.009259
56392	56681	1	0.009259
56394	56914	56	28.000000
56395	56467	1	0.002976
56395	56486	1	0.002976
56395	56550	1	0.002976
56395	56712	4	0.011905
56395	56777	1	0.002976
56395	56428	2	0.005952
56395	56653	5	0.014881
56395	56302	1	0.002976
56395	56976	1	0.002976
56395	56392	1	0.002976
56395	56915	1	0.002976
56395	56979	2	0.005952
56395	56666	1	0.002976
56395	56730	1	0.002976
56395	56540	1	0.002976
56395	56381	1	0.002976
56396	56961	5	0.012788
56396	56962	8	0.020460
56396	56965	8	0.020460
56396	56328	22	0.056266
56396	56714	4	0.010230
56396	56333	4	0.010230
56396	56337	1	0.002558
56396	56467	2	0.005115
56396	56730	2	0.005115
56396	56603	4	0.010230
56396	56861	2	0.005115
56396	56991	15	0.038363
56396	56480	3	0.007673
56396	56481	15	0.038363
56396	56482	4	0.010230
56396	56540	2	0.005115
56396	56746	1	0.002558
56396	56363	1	0.002558
56396	56365	2	0.005115
56396	56712	3	0.007673
56396	56882	2	0.005115
56396	56578	4	0.010230
56396	56501	4	0.010230
56396	56607	15	0.038363
56396	56766	2	0.005115
56396	56924	2	0.005115
56396	56992	5	0.012788
56396	56908	3	0.007673
56396	56655	2	0.005115
56396	56404	2	0.005115
56396	56536	4	0.010230
56396	56412	2	0.005115
56396	56930	4	0.010230
56396	56550	5	0.012788
56396	56554	2	0.005115
56396	56300	4	0.010230
56396	56687	1	0.002558
56396	56433	4	0.010230
56396	56820	4	0.010230
56396	56438	1	0.002558
56396	56916	2	0.005115
56396	56829	5	0.012788
56397	56560	31	6.200000
56397	56991	5	1.000000
56400	56748	3	0.004926
56400	56333	3	0.004926
56400	56375	16	0.026273
56401	56560	32	6.400000
56401	56991	5	1.000000
56402	56375	7	0.031818
56404	56328	1	0.002584
56404	56674	2	0.005168
56404	56916	10	0.025840
56406	56706	2	0.035714
56406	56684	2	0.035714
56406	56916	1	0.017857
56406	56629	1	0.017857
56406	56375	3	0.053571
56406	56341	3	0.053571
56406	56991	4	0.071429
56407	56578	2	0.002326
56407	56324	3	0.003488
56407	56648	1	0.001163
56407	56364	2	0.002326
56407	56382	1	0.001163
56407	56396	12	0.013953
56407	56962	792	0.920930
56407	56717	4	0.004651
56407	56624	1	0.001163
56407	56428	1	0.001163
56407	56834	2	0.002326
56407	56499	2	0.002326
56407	56916	1	0.001163
56407	56341	4	0.004651
56407	56728	1	0.001163
56407	56655	1	0.001163
56407	56317	2	0.002326
56407	56798	1	0.001163
56407	56991	2	0.002326
56409	56861	1	0.010417
56409	56477	1	0.010417
56409	56396	1	0.010417
56409	56364	1	0.010417
56409	56335	1	0.010417
56409	56624	3	0.031250
56409	56977	3	0.031250
56409	56915	1	0.010417
56409	56916	1	0.010417
56409	56382	1	0.010417
56409	56632	1	0.010417
56409	56324	1	0.010417
56409	56540	1	0.010417
56409	56381	1	0.010417
56409	56926	2	0.020833
56409	56991	1	0.010417
56412	56580	1	0.000947
56412	56965	1	0.000947
56412	56328	10	0.009470
56412	56843	2	0.001894
56412	56918	1	0.000947
56412	56717	3	0.002841
56412	56338	1	0.000947
56412	56837	1	0.000947
56412	56865	1	0.000947
56412	56866	2	0.001894
56412	56924	2	0.001894
56412	56456	1	0.000947
56412	56627	1	0.000947
56412	56768	1	0.000947
56412	56386	1	0.000947
56412	56694	1	0.000947
56412	56780	1	0.000947
56412	56610	4	0.003788
56412	56589	1	0.000947
56412	56534	1	0.000947
56412	56540	1	0.000947
56412	56798	1	0.000947
56412	56803	2	0.001894
56412	56678	1	0.000947
56412	56594	1	0.000947
56412	56686	1	0.000947
56412	56438	2	0.001894
56414	56706	5	0.011338
56414	56485	437	0.990930
56414	56776	1	0.002268
56414	56341	874	1.981859
56414	56918	1	0.002268
56414	56375	886	2.009070
56414	56666	3	0.006803
56416	56914	34	17.000000
56417	56763	4	0.190476
56417	56646	1	0.047619
56421	56831	6	0.090909
56421	56375	211	3.196970
56422	56560	36	6.000000
56422	56991	6	1.000000
56423	56674	1	0.028571
56423	56485	6	0.171429
56423	56870	11	0.314286
56423	56328	1	0.028571
56423	56335	1	0.028571
56423	56915	3	0.085714
56423	56916	1	0.028571
56423	56506	1	0.028571
56423	56861	1	0.028571
56423	56414	2	0.057143
56423	56357	1	0.028571
56424	56560	36	6.000000
56424	56991	6	1.000000
56425	56712	1	0.017544
56425	56331	1	0.017544
56425	56979	1	0.017544
56425	56472	1	0.017544
56425	56602	1	0.017544
56425	56990	1	0.017544
56425	56356	1	0.017544
56425	56357	1	0.017544
56425	56870	1	0.017544
56425	56872	1	0.017544
56425	56505	1	0.017544
56425	56506	1	0.017544
56425	56382	2	0.035088
56425	56515	2	0.035088
56425	56388	6	0.105263
56425	56908	1	0.017544
56425	56654	1	0.017544
56425	56529	1	0.017544
56425	56915	3	0.052632
56425	56916	1	0.017544
56425	56377	6	0.105263
56425	56934	1	0.017544
56425	56302	1	0.017544
56425	56616	1	0.017544
56427	56899	4	2.000000
56427	56389	246	123.000000
56427	56614	4	2.000000
56427	56503	4	2.000000
56427	56440	12	6.000000
56427	56441	4	2.000000
56427	56316	4	2.000000
56427	56869	4	2.000000
56428	56576	3	0.000872
56428	56706	12	0.003486
56428	56548	6	0.001743
56428	56965	3444	1.000581
56428	56518	9	0.002615
56428	56335	6	0.001743
56428	56396	6	0.001743
56428	56939	6	0.001743
56428	56684	229	0.066531
56428	56717	12	0.003486
56428	56463	6	0.001743
56428	56497	3	0.000872
56428	56866	6	0.001743
56428	56735	6	0.001743
56428	56629	9	0.002615
56428	56674	3	0.000872
56428	56795	3444	1.000581
56428	56924	57	0.016560
56428	56381	32	0.009297
56428	56991	10314	2.996514
56429	56467	1	0.002985
56429	56486	1	0.002985
56429	56550	1	0.002985
56429	56712	4	0.011940
56429	56777	1	0.002985
56429	56428	2	0.005970
56429	56653	5	0.014925
56429	56302	1	0.002985
56429	56976	1	0.002985
56429	56392	1	0.002985
56429	56915	1	0.002985
56429	56979	2	0.005970
56429	56666	1	0.002985
56429	56730	1	0.002985
56429	56540	1	0.002985
56429	56381	1	0.002985
56431	56744	2	1.000000
56431	56847	6	3.000000
56431	56595	2	1.000000
56431	56598	2	1.000000
56431	56511	2	1.000000
56433	56328	2	0.004141
56433	56843	1	0.002070
56433	56396	4	0.008282
56433	56375	2	0.004141
56435	56417	1	0.047619
56435	56763	5	0.238095
56435	56646	1	0.047619
56436	56740	1	0.012658
56436	56583	2	0.025316
56436	56616	4	0.050633
56436	56627	5	0.063291
56436	56381	2	0.025316
56436	56991	80	1.012658
56437	56965	16	0.457143
56437	56742	1	0.028571
56437	56653	1	0.028571
56437	56975	1	0.028571
56437	56916	1	0.028571
56437	56341	34	0.971429
56437	56375	1	0.028571
56437	56953	1	0.028571
56437	56506	1	0.028571
56437	56335	1	0.028571
56437	56573	1	0.028571
56437	56382	1	0.028571
56437	56991	102	2.914286
56438	56965	27	1.000000
56438	56742	1	0.037037
56438	56329	4	0.148148
56438	56746	1	0.037037
56438	56975	1	0.037037
56438	56753	1	0.037037
56438	56824	1	0.037037
56438	56991	81	3.000000
56439	56529	40	8.000000
56439	56694	15	3.000000
56439	56991	5	1.000000
56440	56899	8	2.000000
56440	56389	501	125.250000
56440	56614	8	2.000000
56440	56427	8	2.000000
56440	56503	8	2.000000
56440	56441	8	2.000000
56440	56316	8	2.000000
56440	56869	8	2.000000
56441	56899	4	2.000000
56441	56389	246	123.000000
56441	56614	4	2.000000
56441	56427	4	2.000000
56441	56503	4	2.000000
56441	56440	12	6.000000
56441	56316	4	2.000000
56441	56869	4	2.000000
56442	56728	1	0.002083
56442	56674	1	0.002083
56442	56687	1	0.002083
56442	56965	1	0.002083
56442	56375	8	0.016667
56444	56965	2	0.250000
56444	56717	3	0.375000
56444	56991	4	0.500000
56445	56965	2	0.008368
56445	56483	723	3.025105
56445	56341	3	0.012552
56445	56375	253	1.058577
56446	56616	1	0.003968
56446	56381	2	0.007937
56446	56867	2	0.007937
56446	56653	1	0.003968
56446	56991	1	0.003968
56450	56674	6	0.012245
56450	56364	2	0.004082
56450	56740	1	0.002041
56450	56517	1	0.002041
56450	56463	1	0.002041
56450	56616	2	0.004082
56450	56777	1	0.002041
56450	56458	948	1.934694
56450	56939	1	0.002041
56450	56332	2	0.004082
56450	56335	2	0.004082
56450	56733	1	0.002041
56450	56472	3	0.006122
56450	56331	1	0.002041
56450	56916	1	0.002041
56450	56629	13	0.026531
56450	56728	2	0.004082
56450	56975	4	0.008163
56450	56381	6	0.012245
56451	56576	6	0.015666
56451	56965	11	0.028721
56451	56375	8	0.020888
56453	56352	3	0.003382
56453	56583	6	0.006764
56453	56616	1	0.001127
56453	56375	12	0.013529
56453	56345	1	0.001127
56453	56991	1	0.001127
56454	56965	1	0.002088
56454	56363	1	0.002088
56454	56655	1	0.002088
56454	56311	14	0.029228
56454	56375	36	0.075157
56454	56603	1	0.002088
56454	56382	1	0.002088
56455	56375	3	0.063830
56456	56866	9	0.011407
56456	56965	1	0.001267
56456	56328	1	0.001267
56456	56428	1	0.001267
56456	56687	3	0.003802
56456	56944	1	0.001267
56456	56884	1	0.001267
56456	56375	27	0.034221
56456	56345	1	0.001267
56457	56560	30	6.000000
56457	56991	5	1.000000
56458	56992	30	0.041436
56458	56674	1	0.001381
56458	56666	5	0.006906
56458	56629	1	0.001381
56458	56375	38	0.052486
56459	56428	1	0.052632
56459	56757	1	0.052632
56459	56375	16	0.842105
56460	56965	1	0.008065
56460	56838	4	0.032258
56460	56588	2	0.016129
56460	56333	1	0.008065
56460	56342	1	0.008065
56460	56345	1	0.008065
56460	56837	1	0.008065
56460	56736	1	0.008065
56460	56357	1	0.008065
56460	56742	1	0.008065
56460	56364	3	0.024194
56460	56627	1	0.008065
56460	56735	1	0.008065
56460	56381	2	0.016129
56460	56653	1	0.008065
56460	56783	3	0.024194
56460	56528	1	0.008065
56460	56916	1	0.008065
56460	56540	1	0.008065
56460	56542	1	0.008065
56460	56929	61	0.491935
56460	56428	1	0.008065
56460	56687	1	0.008065
56460	56305	3	0.024194
56460	56955	2	0.016129
56460	56573	2	0.016129
56462	56583	5	0.006974
56463	56837	1	0.000661
56463	56329	6	0.003963
56463	56843	1	0.000661
56463	56333	1	0.000661
56463	56335	6	0.003963
56463	56337	1	0.000661
56463	56341	4	0.002642
56463	56854	1	0.000661
56463	56345	1	0.000661
56463	56347	1	0.000661
56463	56861	1	0.000661
56463	56351	1	0.000661
56463	56357	1	0.000661
56463	56360	1	0.000661
56463	56873	1	0.000661
56463	56363	1	0.000661
56463	56364	6	0.003963
56463	56365	1	0.000661
56463	56882	1	0.000661
56463	56884	1	0.000661
56463	56886	1	0.000661
56463	56375	1	0.000661
56463	56889	1	0.000661
56463	56381	6	0.003963
56463	56382	1	0.000661
56463	56387	1	0.000661
56463	56907	6	0.003963
56463	56908	1	0.000661
56463	56915	1	0.000661
56463	56916	1	0.000661
56463	56924	2	0.001321
56463	56930	1	0.000661
56463	56428	10	0.006605
56463	56944	6	0.003963
56463	56433	1	0.000661
56463	56436	1	0.000661
56463	56953	1	0.000661
56463	56956	1	0.000661
56463	56962	1	0.000661
56463	56965	10	0.006605
56463	56975	1	0.000661
56463	56976	1	0.000661
56463	56467	1	0.000661
56463	56477	1	0.000661
56463	56479	1	0.000661
56463	56480	1	0.000661
56463	56481	1	0.000661
56463	56482	1	0.000661
56463	56995	1	0.000661
56463	56997	1	0.000661
56463	56489	1	0.000661
56463	56491	1	0.000661
56463	56496	27	0.017834
56463	56497	1	0.000661
56463	56498	1	0.000661
56463	56501	1	0.000661
56463	56504	1	0.000661
56463	56517	4	0.002642
56463	56518	4	0.002642
56463	56536	1	0.000661
56463	56548	2	0.001321
56463	56550	1	0.000661
56463	56554	1	0.000661
56463	56565	1	0.000661
56463	56573	1	0.000661
56463	56574	1	0.000661
56463	56578	1	0.000661
56463	56580	1	0.000661
56463	56583	6	0.003963
56463	56594	1	0.000661
56463	56603	1	0.000661
56463	56605	5	0.003303
56463	56607	1	0.000661
56463	56610	2	0.001321
56463	56616	1	0.000661
56463	56627	2	0.001321
56463	56629	20	0.013210
56463	56648	2	0.001321
56463	56653	54	0.035667
56463	56655	1	0.000661
56463	56674	6	0.003963
56463	56678	2	0.001321
56463	56679	1	0.000661
56463	56684	1	0.000661
56463	56687	1	0.000661
56463	56691	2	0.001321
56463	56694	1	0.000661
56463	56706	3	0.001982
56463	56711	1	0.000661
56463	56712	1	0.000661
56463	56714	1	0.000661
56463	56717	2	0.001321
56463	56728	2	0.001321
56463	56730	1	0.000661
56463	56733	4	0.002642
56463	56740	1	0.000661
56463	56742	1	0.000661
56463	56412	1	0.000661
56463	56753	1	0.000661
56463	56756	1	0.000661
56463	56991	590	0.389696
56463	56766	1	0.000661
56463	56777	1	0.000661
56463	56779	1	0.000661
56463	56780	1	0.000661
56463	56396	1	0.000661
56463	56785	1	0.000661
56463	56788	1785	1.178996
56463	56795	1	0.000661
56463	56796	1	0.000661
56463	56798	1	0.000661
56463	56800	1	0.000661
56463	56315	3	0.001982
56463	56300	1	0.000661
56463	56820	1	0.000661
56463	56824	1	0.000661
56463	56404	1	0.000661
56463	56314	1	0.000661
56463	56827	1	0.000661
56463	56829	1	0.000661
56464	56914	32	16.000000
56466	56616	1	0.001287
56466	56991	1	0.001287
56466	56668	4	0.005148
56466	56381	14	0.018018
56466	56653	1	0.001287
56467	56580	2	0.001257
56467	56965	2	0.001257
56467	56583	2	0.001257
56467	56328	6	0.003771
56467	56843	1	0.000629
56467	56717	13	0.008171
56467	56976	1	0.000629
56467	56341	7	0.004400
56467	56837	4	0.002514
56467	56616	12	0.007542
56467	56746	29	0.018228
56467	56882	1	0.000629
56467	56375	11	0.006914
56467	56991	1	0.000629
56467	56381	2	0.001257
56467	56382	3	0.001886
56467	56648	3	0.001886
56467	56907	1	0.000629
56467	56655	1	0.000629
56467	56916	1	0.000629
56467	56798	14	0.008799
56467	56314	1	0.000629
56467	56956	4	0.002514
56469	56386	2	0.009259
56469	56579	2	0.009259
56469	56518	1	0.004630
56469	56428	1	0.004630
56469	56467	1	0.004630
56469	56918	1	0.004630
56469	56381	1	0.004630
56469	56702	1	0.004630
56471	56375	1	0.062500
56472	56706	7	0.004159
56472	56580	5	0.002971
56472	56965	4	0.002377
56472	56583	3	0.001783
56472	56328	1	0.000594
56472	56329	14	0.008318
56472	56458	2	0.001188
56472	56331	7	0.004159
56472	56332	2	0.001188
56472	56589	1	0.000594
56472	56335	34	0.020202
56472	56721	1	0.000594
56472	56463	1	0.000594
56472	56854	2	0.001188
56472	56728	2	0.001188
56472	57007	1	0.000594
56472	56604	1015	0.603090
56472	56861	1	0.000594
56472	56991	21	0.012478
56472	56992	5	0.002971
56472	56737	1	0.000594
56472	56610	1	0.000594
56472	56995	5	0.002971
56472	56740	23	0.013666
56472	56742	2	0.001188
56472	56616	1	0.000594
56472	56364	5	0.002971
56472	56621	1	0.000594
56472	56733	1	0.000594
56472	56880	2	0.001188
56472	56497	2	0.001188
56472	56629	43	0.025550
56472	56607	1	0.000594
56472	56381	2	0.001188
56472	56639	1	0.000594
56472	56514	1	0.000594
56472	56843	1	0.000594
56472	56777	2	0.001188
56472	56907	19	0.011289
56472	56780	14	0.008318
56472	56653	79	0.046940
56472	56782	1	0.000594
56472	56781	1	0.000594
56472	56975	18	0.010695
56472	56800	3	0.001783
56472	56674	44	0.026144
56472	56548	2	0.001188
56472	56944	10	0.005942
56472	56872	1	0.000594
56472	56436	6	0.003565
56472	56310	2	0.001188
56472	56560	1	0.000594
56472	56314	1	0.000594
56472	56573	2	0.001188
56476	56560	26	8.666667
56476	56991	3	1.000000
56477	56640	1	0.026316
56477	56328	1	0.026316
56477	56462	1	0.026316
56477	56495	1	0.026316
56477	56560	1	0.026316
56477	56639	2	0.052632
56480	56768	1	0.000962
56480	56965	1	0.000962
56480	56328	52	0.050000
56480	56589	1	0.000962
56480	56975	1	0.000962
56480	56467	2	0.001923
56480	56733	1	0.000962
56480	56607	1	0.000962
56480	56866	1	0.000962
56480	56742	1	0.000962
56480	56616	4	0.003846
56480	56540	2	0.001923
56480	56365	2	0.001923
56480	56629	4	0.003846
56480	56375	1	0.000962
56480	56991	1	0.000962
56480	56382	4	0.003846
56480	56924	3	0.002885
56480	56520	1	0.000962
56480	56396	1773	1.704808
56480	56782	1	0.000962
56480	56655	3	0.002885
56480	56534	1	0.000962
56480	56412	2	0.001923
56480	56674	1	0.000962
56480	56803	1	0.000962
56480	56554	2	0.001923
56480	56428	4	0.003846
56480	56686	1	0.000962
56480	56687	1	0.000962
56480	56691	1	0.000962
56480	56717	2	0.001923
56480	56445	1	0.000962
56481	56329	11	0.078571
56481	56785	4	0.028571
56481	56756	1	0.007143
56481	56629	1	0.007143
56481	56824	4	0.028571
56481	56890	4	0.028571
56481	56607	142	1.014286
56482	56576	163	0.125096
56482	56328	4	0.003070
56482	56717	20	0.015349
56482	56337	1	0.000767
56482	56467	3	0.002302
56482	56341	3	0.002302
56482	56861	1	0.000767
56482	56540	2	0.001535
56482	56363	3	0.002302
56482	56365	2	0.001535
56482	56477	1	0.000767
56482	56629	1	0.000767
56482	56375	4	0.003070
56482	56381	3	0.002302
56482	56382	2	0.001535
56482	56648	19	0.014582
56482	56396	599	0.459708
56482	56655	5	0.003837
56482	56404	2	0.001535
56482	56664	1	0.000767
56482	56412	2	0.001535
56482	56798	6	0.004605
56482	56554	2	0.001535
56482	56428	2	0.001535
56483	56480	4	0.002894
56483	56706	7	0.005065
56483	56616	1	0.000724
56483	56364	1	0.000724
56483	56907	4	0.002894
56483	56428	10	0.007236
56483	56866	42	0.030391
56483	56687	4	0.002894
56483	56944	1	0.000724
56483	56456	2	0.001447
56483	56594	6	0.004342
56483	56629	3	0.002171
56483	56653	26	0.018813
56483	56728	2	0.001447
56483	56381	8	0.005789
56483	56975	9	0.006512
56483	56412	4	0.002894
56483	56445	11	0.007959
56483	56991	18	0.013025
56484	56992	1	0.018868
56484	56610	1	0.018868
56484	56746	2	0.037736
56484	56916	1	0.018868
56484	56890	1	0.018868
56484	56991	25	0.471698
56485	56341	1	0.017544
56485	56375	8	0.140351
56486	56674	1	0.003876
56486	56678	1	0.003876
56486	56972	258	1.000000
56486	56364	1	0.003876
56486	56629	2	0.007752
56486	56375	794	3.077519
56486	56666	259	1.003876
56486	56341	7	0.027132
56487	56764	1	0.041667
56487	56364	25	1.041667
56487	56455	24	1.000000
56488	56629	1	0.003546
56488	56375	23	0.081560
56489	56920	1	0.018182
56490	56706	1	0.000560
56490	56965	1	0.000560
56490	56916	1	0.000560
56490	56428	1	0.000560
56490	56396	1	0.000560
56490	56687	1	0.000560
56490	56528	8	0.004482
56490	56433	6	0.003361
56490	56626	1	0.000560
56490	56340	8	0.004482
56490	56437	1	0.000560
56490	56375	130	0.072829
56490	56504	1	0.000560
56490	56953	1	0.000560
56490	56335	2	0.001120
56490	56991	2	0.001120
56490	56573	2	0.001120
56490	56341	24	0.013445
56491	56548	1	0.014493
56491	56742	1	0.014493
56491	56329	2	0.028986
56491	56627	2	0.028986
56491	56795	1	0.014493
56491	56381	1	0.014493
56491	56991	126	1.826087
56493	56914	36	18.000000
56494	56514	2	0.002320
56494	56706	1	0.001160
56494	56996	2	0.002320
56494	56918	8	0.009281
56494	56328	1	0.001160
56494	56458	2	0.002320
56494	56317	7	0.008121
56494	56307	2	0.002320
56494	56558	4	0.004640
56494	56829	1	0.001160
56494	56402	2	0.002320
56494	56499	20	0.023202
56494	56310	8	0.009281
56494	56375	382	0.443155
56494	56671	16	0.018561
56494	56356	1	0.001160
56494	56783	2	0.002320
56494	56604	27	0.031323
56494	56381	2	0.002320
56494	56674	1	0.001160
56494	56479	1	0.001160
56495	56560	1228	0.663067
56495	56616	7	0.003780
56495	56777	5	0.002700
56495	56997	11	0.005940
56495	56639	288	0.155508
56496	56965	3	0.015000
56496	56907	1	0.005000
56496	56684	10	0.050000
56496	56463	1	0.005000
56496	56574	1	0.005000
56496	56314	1	0.005000
56496	56381	8	0.040000
56496	56542	1	0.005000
56496	56991	1	0.005000
56497	56674	2	0.021978
56497	56548	4	0.043956
56497	56965	185	2.032967
56497	56777	2	0.021978
56497	56939	1	0.010989
56497	56814	1	0.010989
56497	56975	1	0.010989
56497	56345	1	0.010989
56497	56991	455	5.000000
56498	56717	1	0.024390
56498	56965	44	1.073171
56498	56991	205	5.000000
56499	56706	44	0.030137
56499	56965	2	0.001370
56499	56583	1	0.000685
56499	56834	1	0.000685
56499	56977	1	0.000685
56499	56340	2	0.001370
56499	56341	3	0.002055
56499	56728	1	0.000685
56499	56861	2	0.001370
56499	56991	1	0.000685
56499	56992	1	0.000685
56499	56615	5	0.003425
56499	56616	1	0.000685
56499	56362	1	0.000685
56499	56364	6	0.004110
56499	56629	1	0.000685
56499	56962	3	0.002055
56499	56375	2084	1.427397
56499	56888	1	0.000685
56499	56381	1	0.000685
56499	56382	2	0.001370
56499	56396	1	0.000685
56499	56631	1	0.000685
56499	56780	1	0.000685
56499	56407	1	0.000685
56499	56666	44	0.030137
56499	56678	1	0.000685
56499	56337	2	0.001370
56499	56428	1	0.000685
56499	56944	1	0.000685
56499	56436	1	0.000685
56499	56310	4	0.002740
56500	56560	32	6.400000
56500	56991	5	1.000000
56501	56578	8	0.005822
56501	56328	6	0.004367
56501	56396	2448	1.781659
56501	56300	4	0.002911
56501	56812	2	0.001456
56501	56648	8	0.005822
56501	56341	2	0.001456
56501	56375	2	0.001456
56501	56861	2	0.001456
56502	56610	33	5.500000
56502	56991	6	1.000000
56503	56899	4	2.000000
56503	56389	248	124.000000
56503	56614	4	2.000000
56503	56427	4	2.000000
56503	56440	12	6.000000
56503	56441	4	2.000000
56503	56316	4	2.000000
56503	56869	4	2.000000
56504	56481	3	0.000472
56504	56866	1	0.000157
56504	56995	1	0.000157
56504	56965	2	0.000315
56504	56311	2	0.000315
56504	56843	1	0.000157
56504	56299	1	0.000157
56504	56590	1	0.000157
56504	56687	1	0.000157
56504	56560	1	0.000157
56504	56884	3	0.000472
56504	56629	9	0.001417
56504	56375	1	0.000157
56504	56953	3	0.000472
56504	56735	1	0.000157
56504	56924	1	0.000157
56504	56991	19056	3.000472
56506	56674	8	0.011189
56506	56356	154	0.215385
56506	56517	1	0.001399
56506	56742	1	0.001399
56506	56583	5	0.006993
56506	56616	3	0.004196
56506	56684	3	0.004196
56506	56746	1	0.001399
56506	56428	2	0.002797
56506	56653	7	0.009790
56506	56335	5	0.006993
56506	56733	1	0.001399
56506	56497	2	0.002797
56506	56627	5	0.006993
56506	56375	1	0.001399
56506	56728	3	0.004196
56506	56975	1	0.001399
56506	56991	1	0.001399
56506	56381	20	0.027972
56506	56607	1	0.001399
56508	56914	30	15.000000
56511	56744	2	1.000000
56511	56847	6	3.000000
56511	56595	2	1.000000
56511	56598	2	1.000000
56511	56431	2	1.000000
56512	56965	1	0.008065
56512	56838	4	0.032258
56512	56588	2	0.016129
56512	56333	1	0.008065
56512	56342	1	0.008065
56512	56345	1	0.008065
56512	56837	1	0.008065
56512	56736	1	0.008065
56512	56357	1	0.008065
56512	56742	1	0.008065
56512	56364	3	0.024194
56512	56627	1	0.008065
56512	56735	1	0.008065
56512	56381	2	0.016129
56512	56653	1	0.008065
56512	56783	3	0.024194
56512	56528	1	0.008065
56512	56916	1	0.008065
56512	56540	1	0.008065
56512	56542	1	0.008065
56512	56929	61	0.491935
56512	56428	1	0.008065
56512	56687	1	0.008065
56512	56305	3	0.024194
56512	56955	2	0.016129
56512	56573	2	0.016129
56513	56965	1	0.000906
56513	56518	3	0.002717
56513	56631	2	0.001812
56513	56364	9	0.008152
56513	56590	2	0.001812
56513	56655	8	0.007246
56513	56629	3	0.002717
56513	56375	50	0.045290
56513	56314	5	0.004529
56513	56671	2	0.001812
56513	56341	28	0.025362
56513	56666	7	0.006341
56513	56991	2	0.001812
56514	56331	1	0.015152
56514	56965	1	0.015152
56514	56375	4	0.060606
56515	56674	1	0.013889
56515	56494	5	0.069444
56516	56616	1	0.001046
56516	56975	3	0.003138
56516	56459	3	0.003138
56516	56653	1	0.001046
56516	56991	1	0.001046
56517	56706	3	0.018072
56517	56843	2	0.012048
56517	56548	1	0.006024
56517	56965	35	0.210843
56517	56711	2	0.012048
56517	56648	1	0.006024
56517	56684	1	0.006024
56517	56907	7	0.042169
56517	56837	1	0.006024
56517	56717	10	0.060241
56517	56335	1	0.006024
56517	56632	1	0.006024
56517	56329	1	0.006024
56517	56728	8	0.048193
56517	56953	1	0.006024
56517	56314	1	0.006024
56517	56924	19	0.114458
56517	56573	1	0.006024
56517	56991	166	1.000000
56518	56548	14	0.055556
56518	56706	1	0.003968
56518	56780	3	0.011905
56518	56653	1	0.003968
56518	56991	756	3.000000
56520	56375	124	0.267241
56521	56501	1	0.027778
56521	56375	12	0.333333
56522	56674	1	0.000061
56522	56616	1	0.000061
56522	56777	1	0.000061
56522	56364	3	0.000183
56522	56365	2	0.000122
56522	56463	1	0.000061
56522	56428	1	0.000061
56522	56629	3	0.000183
56522	56653	5	0.000305
56522	56300	1	0.000061
56522	56985	1	0.000061
56522	56847	4	0.000244
56522	56573	1	0.000061
56522	56381	2	0.000122
56528	56965	2	0.002717
56528	56929	1	0.001359
56528	56362	1	0.001359
56528	56605	2	0.002717
56528	56375	98	0.133152
56529	56616	29	0.014610
56529	56770	1	0.000504
56529	56583	2	0.001008
56529	56733	793	0.399496
56529	56335	3	0.001511
56532	56875	30	0.056180
56532	56674	4	0.007491
56532	56891	3	0.005618
56532	56678	5	0.009363
56532	56616	1	0.001873
56532	56364	1	0.001873
56532	56939	3	0.005618
56532	56428	3	0.005618
56532	56607	2	0.003745
56532	56337	1	0.001873
56532	56404	2	0.003745
56532	56629	19	0.035581
56532	56375	2	0.003745
56532	56884	1	0.001873
56532	56603	1	0.001873
56532	56861	1	0.001873
56532	56991	6	0.011236
56534	56389	3	0.017045
56534	56782	5	0.028409
56534	56687	3	0.017045
56534	56341	7	0.039773
56534	56375	15	0.085227
56534	56381	5	0.028409
56535	56674	6	0.012397
56535	56364	2	0.004132
56535	56740	1	0.002066
56535	56517	1	0.002066
56535	56463	1	0.002066
56535	56616	2	0.004132
56535	56777	1	0.002066
56535	56458	936	1.933884
56535	56939	1	0.002066
56535	56332	2	0.004132
56535	56335	2	0.004132
56535	56733	1	0.002066
56535	56472	3	0.006198
56535	56331	1	0.002066
56535	56916	1	0.002066
56535	56629	13	0.026860
56535	56728	2	0.004132
56535	56975	4	0.008264
56535	56381	6	0.012397
56536	56992	2	0.011976
56536	56837	1	0.005988
56536	56428	1	0.005988
56536	56396	13	0.077844
56536	56653	1	0.005988
56536	56721	3	0.017964
56536	56956	1	0.005988
56536	56733	3	0.017964
56536	56991	3	0.017964
56538	56327	3737	0.846624
56538	56840	1	0.000227
56538	56428	2	0.000453
56538	56719	3736	0.846398
56538	56729	3742	0.847757
56538	56858	2	0.000453
56538	56733	1	0.000227
56538	56991	7	0.001586
56538	56610	1	0.000227
56538	56617	3	0.000680
56538	56364	7	0.001586
56538	56877	3736	0.846398
56538	56882	1	0.000227
56538	56629	2	0.000453
56538	56375	4	0.000906
56538	56381	5	0.001133
56538	56777	1	0.000227
56538	56653	1	0.000227
56538	56911	1	0.000227
56538	56916	6	0.001359
56538	57010	1	0.000227
56538	56669	3736	0.846398
56538	56674	1	0.000227
56538	56548	1	0.000227
56538	56680	3736	0.846398
56538	56684	1	0.000227
56538	56944	1	0.000227
56538	56566	3736	0.846398
56538	56571	3736	0.846398
56539	56992	1	0.029412
56539	56728	11	0.323529
56539	56548	3	0.088235
56539	56965	7	0.205882
56539	56711	7	0.205882
56539	56328	1	0.029412
56539	56684	12	0.352941
56539	56491	1	0.029412
56539	56396	2	0.058824
56539	56944	1	0.029412
56539	56428	1	0.029412
56539	56517	43	1.264706
56539	56627	23	0.676471
56539	56629	1	0.029412
56539	56375	2	0.058824
56539	56648	19	0.558824
56539	56314	1	0.029412
56539	56795	1	0.029412
56539	56381	1	0.029412
56539	56991	106	3.117647
56540	56364	1	0.002342
56540	56940	6	0.014052
56540	56717	6	0.014052
56540	56976	63	0.147541
56540	56594	3	0.007026
56540	56916	1	0.002342
56540	56733	2	0.004684
56540	56798	4	0.009368
56542	56965	2	0.001239
56542	56583	4	0.002478
56542	56328	4	0.002478
56542	56335	4	0.002478
56542	56594	1	0.000620
56542	56341	21	0.013011
56542	56728	9	0.005576
56542	56730	1	0.000620
56542	56477	1	0.000620
56542	56735	1	0.000620
56542	56480	1	0.000620
56542	56866	3	0.001859
56542	56995	1	0.000620
56542	56740	1	0.000620
56542	56616	9	0.005576
56542	56711	1	0.000620
56542	56861	1	0.000620
56542	56368	1	0.000620
56542	56497	1	0.000620
56542	56755	1	0.000620
56542	56884	2	0.001239
56542	56629	2	0.001239
56542	56504	3	0.001859
56542	56607	2	0.001239
56542	56381	6	0.003717
56542	56382	1	0.000620
56542	56900	1661	1.029120
56542	56517	6	0.003717
56542	56907	6	0.003717
56542	56780	2	0.001239
56542	56653	26	0.016109
56542	56655	1	0.000620
56542	56915	1	0.000620
56542	56916	3	0.001859
56542	56975	4	0.002478
56542	56540	2	0.001239
56542	56674	17	0.010533
56542	56679	3	0.001859
56542	56627	1	0.000620
56542	56554	1	0.000620
56542	56428	5	0.003098
56542	56687	2	0.001239
56542	56944	1	0.000620
56542	56436	3	0.001859
56542	56958	1	0.000620
56548	56517	1	0.002193
56548	56518	1	0.002193
56548	56780	2	0.004386
56548	56428	1	0.002193
56548	56717	1	0.002193
56548	56944	1	0.002193
56548	56728	1	0.002193
56548	56314	1	0.002193
56548	56381	1	0.002193
56548	56991	4	0.008772
56550	56610	1	0.000934
56550	56364	2	0.001867
56550	56678	1	0.000934
56550	56328	3	0.002801
56550	56681	1	0.000934
56550	56554	1	0.000934
56550	56396	29	0.027077
56550	56717	4	0.003735
56550	56365	1	0.000934
56550	56412	1	0.000934
56550	56916	2	0.001867
56550	56341	4	0.003735
56550	56798	4	0.003735
56550	56404	1	0.000934
56550	56730	1	0.000934
56550	56655	1	0.000934
56550	56540	1	0.000934
56550	56861	1	0.000934
56550	56382	3	0.002801
56551	56777	6	0.061224
56551	56884	2	0.020408
56554	56944	4	0.005747
56554	56674	2	0.002874
56554	56742	1	0.001437
56554	56616	1	0.001437
56554	56463	1	0.001437
56554	56304	1	0.001437
56554	56529	1	0.001437
56554	56788	9	0.012931
56554	56328	1	0.001437
56554	56569	3	0.004310
56556	56706	1	0.008547
56556	56872	3	0.025641
56556	56364	48	0.410256
56556	56908	1	0.008547
56556	56341	5	0.042735
56556	56375	54	0.461538
56556	56573	1	0.008547
56557	56965	1	0.008130
56557	56838	4	0.032520
56557	56588	2	0.016260
56557	56333	1	0.008130
56557	56342	1	0.008130
56557	56345	1	0.008130
56557	56837	1	0.008130
56557	56736	1	0.008130
56557	56357	1	0.008130
56557	56742	1	0.008130
56557	56364	3	0.024390
56557	56627	1	0.008130
56557	56735	1	0.008130
56557	56381	2	0.016260
56557	56653	1	0.008130
56557	56783	3	0.024390
56557	56528	1	0.008130
56557	56916	1	0.008130
56557	56540	1	0.008130
56557	56542	1	0.008130
56557	56929	61	0.495935
56557	56428	1	0.008130
56557	56687	1	0.008130
56557	56305	3	0.024390
56557	56955	2	0.016260
56557	56573	2	0.016260
56558	56375	4	0.085106
56559	56560	30	6.000000
56559	56991	5	1.000000
56560	56706	2	0.000543
56560	56580	1	0.000272
56560	56965	7	0.001902
56560	56583	77	0.020918
56560	56328	5	0.001358
56560	56329	5	0.001358
56560	56335	77	0.020918
56560	56467	1	0.000272
56560	56728	4	0.001087
56560	56684	2	0.000543
56560	56731	1	0.000272
56560	56476	1	0.000272
56560	56733	16	0.004347
56560	56991	3369	0.915240
56560	56475	1	0.000272
56560	56740	1	0.000272
56560	56997	1	0.000272
56560	56742	6	0.001630
56560	56616	19	0.005162
56560	56363	1	0.000272
56560	56364	1	0.000272
56560	56495	27	0.007335
56560	56497	6	0.001630
56560	56882	5	0.001358
56560	56627	11	0.002988
56560	56884	8	0.002173
56560	56629	174	0.047270
56560	56375	7	0.001902
56560	56632	65	0.017658
56560	56500	1	0.000272
56560	56607	6	0.001630
56560	56975	5	0.001358
56560	56381	6	0.001630
56560	56382	2	0.000543
56560	56639	18	0.004890
56560	56641	1	0.000272
56560	56517	18	0.004890
56560	56907	10	0.002717
56560	56653	46	0.012497
56560	56504	148	0.040206
56560	56667	1	0.000272
56560	56924	1	0.000272
56560	56800	5	0.001358
56560	56674	36	0.009780
56560	56548	6	0.001630
56560	56679	1	0.000272
56560	56299	1	0.000272
56560	56428	4	0.001087
56560	56657	1	0.000272
56560	56687	1	0.000272
56560	56944	6	0.001630
56560	56691	2	0.000543
56560	56436	3	0.000815
56560	56565	61	0.016572
56560	56311	15	0.004075
56560	56312	1	0.000272
56560	56953	3	0.000815
56560	56314	3	0.000815
56560	56827	10	0.002717
56560	56573	5	0.001358
56560	56318	1	0.000272
56562	56536	1	0.004132
56562	56341	499	2.061983
56562	56375	746	3.082645
56563	56335	2	0.003367
56563	56780	5	0.008418
56563	56629	1	0.001684
56563	56375	5	0.008418
56564	56961	3	0.003356
56564	56583	8	0.008949
56564	56328	3	0.003356
56564	56300	2	0.002237
56564	56333	23	0.025727
56564	56335	14	0.015660
56564	56976	5	0.005593
56564	56340	1802	2.015660
56564	56341	1	0.001119
56564	56728	2	0.002237
56564	56733	12	0.013423
56564	56607	1	0.001119
56564	56539	1	0.001119
56564	56616	1	0.001119
56564	56364	1	0.001119
56564	56365	1	0.001119
56564	56861	1	0.001119
56564	56497	3	0.003356
56564	56627	1	0.001119
56564	56629	14	0.015660
56564	56991	6	0.006711
56564	56381	2	0.002237
56564	56517	2	0.002237
56564	56907	6	0.006711
56564	56780	2	0.002237
56564	56653	1812	2.026846
56564	56655	2	0.002237
56564	56975	9	0.010067
56564	56540	1	0.001119
56564	56674	8	0.008949
56564	56679	2	0.002237
56564	56554	2	0.002237
56564	56428	2	0.002237
56564	56436	4	0.004474
56564	56565	1	0.001119
56564	56311	1	0.001119
56564	56315	3	0.003356
56565	56496	2	0.025000
56565	56866	3	0.037500
56565	56965	40	0.500000
56565	56872	3	0.037500
56565	56335	11	0.137500
56565	56560	6	0.075000
56565	56920	1	0.012500
56565	56314	3	0.037500
56565	56991	304	3.800000
56565	56639	3	0.037500
56566	56327	3766	0.848389
56566	56840	1	0.000225
56566	56428	2	0.000451
56566	56719	3765	0.848164
56566	56729	3771	0.849516
56566	56858	2	0.000451
56566	56733	1	0.000225
56566	56991	7	0.001577
56566	56610	1	0.000225
56566	56617	3	0.000676
56566	56364	7	0.001577
56566	56877	3765	0.848164
56566	56882	1	0.000225
56566	56629	2	0.000451
56566	56375	4	0.000901
56566	56381	5	0.001126
56566	56777	1	0.000225
56566	56653	1	0.000225
56566	56911	1	0.000225
56566	56916	6	0.001352
56566	57010	1	0.000225
56566	56538	3765	0.848164
56566	56669	3765	0.848164
56566	56674	1	0.000225
56566	56548	1	0.000225
56566	56680	3765	0.848164
56566	56684	1	0.000225
56566	56944	1	0.000225
56566	56571	3765	0.848164
56569	56590	2	0.001515
56570	56517	10	0.023923
56571	56327	3766	0.848198
56571	56840	1	0.000225
56571	56428	2	0.000450
56571	56719	3765	0.847973
56571	56729	3771	0.849324
56571	56858	2	0.000450
56571	56733	1	0.000225
56571	56991	7	0.001577
56571	56610	1	0.000225
56571	56617	3	0.000676
56571	56364	7	0.001577
56571	56877	3765	0.847973
56571	57010	1	0.000225
56571	56629	2	0.000450
56571	56375	4	0.000901
56571	56381	5	0.001126
56571	56777	1	0.000225
56571	56653	1	0.000225
56571	56911	1	0.000225
56571	56882	1	0.000225
56571	56916	6	0.001351
56571	56538	3765	0.847973
56571	56669	3765	0.847973
56571	56674	1	0.000225
56571	56548	1	0.000225
56571	56680	3765	0.847973
56571	56684	1	0.000225
56571	56944	1	0.000225
56571	56566	3765	0.847973
56573	56800	112	1.009009
56573	56706	2	0.018018
56573	56629	1	0.009009
56573	56328	1	0.009009
56573	56428	1	0.009009
56573	56907	4	0.036036
56573	56364	1	0.009009
56573	56687	1	0.009009
56573	56664	2	0.018018
56573	56885	2	0.018018
56573	56375	10	0.090090
56573	56632	2	0.018018
56573	56953	1	0.009009
56573	56475	4	0.036036
56573	56991	333	3.000000
56574	56496	3	0.021583
56574	56965	282	2.028777
56574	56873	2	0.014388
56574	56335	27	0.194245
56574	56944	10	0.071942
56574	56565	7	0.050360
56574	56920	4	0.028777
56574	56991	685	4.928058
56575	56674	1	0.000714
56575	56996	10	0.007143
56575	56965	2	0.001429
56575	56518	1	0.000714
56575	56616	2	0.001429
56575	56780	1	0.000714
56575	56684	4	0.002857
56575	56653	1	0.000714
56575	56733	8	0.005714
56575	56433	1	0.000714
56575	56916	2	0.001429
56575	56629	3	0.002143
56575	56975	3	0.002143
56575	56884	1	0.000714
56575	56655	1	0.000714
56575	56861	1	0.000714
56575	56381	1	0.000714
56575	56991	8	0.005714
56576	56965	2	0.000171
56576	56327	1	0.000085
56576	56335	19	0.001623
56576	56597	1	0.000085
56576	56730	13	0.001111
56576	56607	1	0.000085
56576	56993	1	0.000085
56576	56482	5	0.000427
56576	56742	1	0.000085
56576	56616	22	0.001880
56576	56748	1	0.000085
56576	56880	1	0.000085
56576	56887	1	0.000085
56576	56776	1	0.000085
56576	56777	9	0.000769
56576	56781	7	0.000598
56576	56916	1	0.000085
56576	56664	1	0.000085
56576	56975	1	0.000085
56576	56800	1	0.000085
56576	56674	1	0.000085
56576	56675	3	0.000256
56576	56560	1	0.000085
56576	56691	1	0.000085
56576	56313	1	0.000085
56577	56929	1	0.003378
56577	56866	2	0.006757
56577	56364	1	0.003378
56577	56900	1	0.003378
56577	56684	1	0.003378
56577	56428	5	0.016892
56577	56653	3	0.010135
56577	56706	1	0.003378
56577	56687	1	0.003378
56577	56305	1	0.003378
56577	56884	1	0.003378
56577	56629	1	0.003378
56577	56342	19	0.064189
56577	56375	2	0.006757
56577	56991	2	0.006757
56578	56328	4	0.010526
56578	56812	6	0.015789
56578	56459	1	0.002632
56578	56717	22	0.057895
56578	56341	4	0.010526
56578	56603	1	0.002632
56578	56992	6	0.015789
56578	56359	1	0.002632
56578	56757	1	0.002632
56578	56363	2	0.005263
56578	56879	1	0.002632
56578	56629	2	0.005263
56578	56375	2	0.005263
56578	56766	6	0.015789
56578	56501	7	0.018421
56578	56896	1	0.002632
56578	56396	37	0.097368
56578	56404	2	0.005263
56578	56407	6	0.015789
56578	56924	1	0.002632
56578	56674	1	0.002632
56578	56548	1	0.002632
56578	56428	2	0.005263
56578	56687	1	0.002632
56578	56820	9	0.023684
56578	56829	6	0.015789
56579	56616	3	0.001919
56579	56702	2	0.001280
56579	56766	3	0.001919
56579	56814	12	0.007678
56579	56583	7	0.004479
56580	56965	1	0.021277
56580	57000	1	0.021277
56580	56717	1	0.021277
56580	56328	1	0.021277
56580	56886	1	0.021277
56580	56375	1	0.021277
56580	56991	95	2.021277
56581	56706	2	0.003578
56581	56328	5	0.008945
56581	56329	1	0.001789
56581	56311	1	0.001789
56581	56573	1	0.001789
56581	56560	1	0.001789
56581	56341	16	0.028623
56581	56375	28	0.050089
56581	56953	1	0.001789
56581	56381	1	0.001789
56583	56965	289	0.914557
56583	56616	17	0.053797
56583	56627	1	0.003165
56583	56607	2	0.006329
56583	56907	8	0.025316
56583	56837	2	0.006329
56583	56814	3	0.009494
56583	56335	2	0.006329
56583	56944	15	0.047468
56583	56687	3	0.009494
56583	56436	14	0.044304
56583	56375	2	0.006329
56583	56315	107	0.338608
56583	56796	23	0.072785
56583	56733	7	0.022152
56583	56991	912	2.886076
56587	56664	1	0.005848
56587	56674	1	0.005848
56587	56580	1	0.005848
56587	56965	1	0.005848
56587	56742	1	0.005848
56587	56607	1	0.005848
56587	56777	3	0.017544
56587	56299	1	0.005848
56587	56364	8	0.046784
56587	56997	2	0.011696
56587	56335	5	0.029240
56587	56560	1039	6.076023
56587	56497	1	0.005848
56587	56915	1	0.005848
56587	56691	1	0.005848
56587	56885	1	0.005848
56587	56653	3	0.017544
56587	56632	1	0.005848
56587	56991	173	1.011696
56587	56639	5	0.029240
56588	56837	1	0.008130
56588	56838	4	0.032520
56588	56333	1	0.008130
56588	56342	1	0.008130
56588	56345	1	0.008130
56588	56965	1	0.008130
56588	56736	1	0.008130
56588	56357	1	0.008130
56588	56742	1	0.008130
56588	56364	3	0.024390
56588	56627	1	0.008130
56588	56735	1	0.008130
56588	56381	2	0.016260
56588	56653	1	0.008130
56588	56783	3	0.024390
56588	56528	1	0.008130
56588	56916	1	0.008130
56588	56540	1	0.008130
56588	56542	1	0.008130
56588	56929	61	0.495935
56588	56428	1	0.008130
56588	56687	1	0.008130
56588	56305	3	0.024390
56588	56955	2	0.016260
56588	56573	2	0.016260
56589	56711	1	0.004545
56589	56684	2	0.009091
56589	56396	1	0.004545
56589	56782	1	0.004545
56589	56335	2	0.009091
56589	56540	1	0.004545
56589	56381	1	0.004545
56590	56965	4	0.000207
56590	56513	9	0.000467
56590	56940	2	0.000104
56590	56335	1	0.000052
56590	56976	1	0.000052
56590	56428	1	0.000052
56590	56605	6	0.000311
56590	56607	13	0.000674
56590	56608	1	0.000052
56590	56865	10	0.000518
56590	56615	9	0.000467
56590	56616	5	0.000259
56590	56463	10	0.000518
56590	57006	2	0.000104
56590	56497	2	0.000104
56590	56375	2	0.000104
56590	56511	1	0.000052
56590	56385	2	0.000104
56590	56522	1	0.000052
56590	56907	11	0.000570
56590	56655	8	0.000415
56590	56529	4	0.000207
56590	56975	2	0.000104
56590	56540	1	0.000052
56590	56679	1	0.000052
56590	56300	4	0.000207
56590	56694	9	0.000467
56590	56439	1	0.000052
56590	56315	2	0.000104
56591	56560	30	6.000000
56591	56639	1	0.200000
56591	56991	5	1.000000
56592	56929	1	0.003367
56592	56866	2	0.006734
56592	56900	1	0.003367
56592	56364	1	0.003367
56592	56428	5	0.016835
56592	56653	3	0.010101
56592	56706	1	0.003367
56592	56687	1	0.003367
56592	56305	1	0.003367
56592	56884	1	0.003367
56592	56629	1	0.003367
56592	56342	19	0.063973
56592	56375	2	0.006734
56592	56684	1	0.003367
56592	56991	2	0.006734
56593	56880	1	0.025000
56593	56382	1	0.025000
56594	56580	1	0.002841
56594	56837	3	0.008523
56594	56328	1	0.002841
56594	56412	1	0.002841
56594	56746	1	0.002841
56594	56396	1	0.002841
56594	56717	1	0.002841
56594	56365	3	0.008523
56594	56467	3	0.008523
56594	56916	1	0.002841
56594	56382	3	0.008523
56594	56655	1	0.002841
56594	56540	702	1.994318
56594	56554	1	0.002841
56594	56798	1	0.002841
56595	56744	2	1.000000
56595	56847	6	3.000000
56595	56511	2	1.000000
56595	56598	2	1.000000
56595	56431	2	1.000000
56596	56674	2	0.004219
56596	56341	16	0.033755
56596	56375	1322	2.789030
56597	56451	4	0.001402
56597	56616	5	0.001752
56597	56428	4	0.001402
56597	56364	4	0.001402
56597	56653	1	0.000350
56597	56978	4	0.001402
56597	56381	4	0.001402
56597	56991	5	0.001752
56598	56595	2	1.000000
56598	56744	2	1.000000
56598	56847	6	3.000000
56598	56511	2	1.000000
56598	56431	2	1.000000
56599	56674	2	0.031250
56599	56995	1	0.015625
56599	56517	1	0.015625
56599	56998	58	0.906250
56599	56583	4	0.062500
56599	56616	4	0.062500
56599	56652	63	0.984375
56599	56691	1	0.015625
56599	56428	1	0.015625
56599	56653	8	0.125000
56599	56335	1	0.015625
56599	56944	1	0.015625
56599	56467	5	0.078125
56599	56436	1	0.015625
56599	56629	1	0.015625
56599	56684	1	0.015625
56602	56870	111	2.176471
56602	56423	4	0.078431
56602	56616	2	0.039216
56602	56915	7	0.137255
56602	56916	1	0.019608
56602	56414	1	0.019608
56602	56795	3	0.058824
56602	56382	8	0.156863
56602	56991	1	0.019608
56603	56648	3	0.002158
56603	56480	1	0.000719
56603	56578	4	0.002878
56603	56548	1	0.000719
56603	56517	1	0.000719
56603	56678	5	0.003597
56603	56616	1	0.000719
56603	56396	70	0.050360
56603	56364	2	0.001439
56603	56428	1	0.000719
56603	56328	51	0.036691
56603	56820	1	0.000719
56603	56501	3	0.002158
56603	56329	1	0.000719
56603	56674	1	0.000719
56603	56382	2	0.001439
56603	56991	8	0.005755
56604	56965	1	0.002188
56604	56583	1	0.002188
56604	56328	2	0.004376
56604	56458	2	0.004376
56604	56331	2	0.004376
56604	56467	1	0.002188
56604	56341	12	0.026258
56604	56472	38	0.083151
56604	56991	1	0.002188
56604	56992	1	0.002188
56604	56499	2	0.004376
56604	56375	121	0.264770
56604	56607	2	0.004376
56604	56514	2	0.004376
56604	56666	1	0.002188
56604	56674	7	0.015317
56604	56428	1	0.002188
56604	56558	2	0.004376
56604	56317	2	0.004376
56604	56944	3	0.006565
56604	56307	2	0.004376
56604	56310	2	0.004376
56604	56953	1	0.002188
56604	56573	1	0.002188
56605	56961	11	0.024887
56605	56581	1	0.002262
56605	56328	2	0.004525
56605	56554	1	0.002262
56605	56907	2	0.004525
56605	56653	1	0.002262
56605	56590	2	0.004525
56605	56687	1	0.002262
56605	56882	9	0.020362
56605	56631	1	0.002262
56605	56916	1	0.002262
56605	56341	2	0.004525
56605	56375	240	0.542986
56605	56344	1	0.002262
56605	56788	2	0.004525
56605	56463	26	0.058824
56605	56540	2	0.004525
56605	56573	1	0.002262
56605	56365	1	0.002262
56606	56576	2	0.006780
56606	56482	4	0.013559
56606	56795	1	0.003390
56606	56517	1	0.003390
56606	56711	2	0.006780
56606	56428	1	0.003390
56606	56684	2	0.006780
56606	56674	1	0.003390
56606	56335	7	0.023729
56606	56880	9	0.030508
56606	56626	1	0.003390
56606	56653	1	0.003390
56606	56313	5	0.016949
56606	56730	6	0.020339
56606	56539	2	0.006780
56606	56733	1	0.003390
56607	56481	42	0.201923
56607	56580	5	0.024038
56607	56965	1	0.004808
56607	56753	1	0.004808
56607	56777	1	0.004808
56607	56843	3	0.014423
56607	56364	2	0.009615
56607	56653	1	0.004808
56607	56687	1	0.004808
56607	56497	3	0.014423
56607	56375	1	0.004808
56607	56824	1	0.004808
56607	56890	1	0.004808
56607	56780	1	0.004808
56607	56991	1	0.004808
56609	56375	2	0.333333
56610	56387	2	0.043478
56610	56965	6	0.130435
56610	56648	1	0.021739
56610	56746	1	0.021739
56610	56717	3	0.065217
56610	56975	1	0.021739
56610	56886	1	0.021739
56610	56607	1	0.021739
56610	56381	2	0.043478
56610	56798	2	0.043478
56610	56991	133	2.891304
56613	56674	1	0.002833
56613	56455	5	0.014164
56613	56396	1	0.002833
56613	57005	1	0.002833
56613	56375	2147	6.082153
56614	56899	4	2.000000
56614	56389	246	123.000000
56614	56427	4	2.000000
56614	56503	4	2.000000
56614	56440	12	6.000000
56614	56441	4	2.000000
56614	56316	4	2.000000
56614	56869	4	2.000000
56615	56341	1	0.007634
56615	56375	13	0.099237
56616	56965	2	0.002755
56616	56583	26	0.035813
56616	56335	2	0.002755
56616	56976	3	0.004132
56616	56467	6	0.008264
56616	56852	1	0.001377
56616	56347	3	0.004132
56616	56861	1	0.001377
56616	56991	2276	3.134986
56616	56481	1	0.001377
56616	56866	1	0.001377
56616	56740	2	0.002755
56616	56733	67	0.092287
56616	56627	12	0.016529
56616	56375	5	0.006887
56616	56506	1	0.001377
56616	56381	7	0.009642
56616	56777	12	0.016529
56616	56915	1	0.001377
56616	56916	2	0.002755
56616	56868	1	0.001377
56616	56540	3	0.004132
56616	56674	1	0.001377
56616	56814	3	0.004132
56616	56560	2	0.002755
56616	56436	12	0.016529
56616	56315	4	0.005510
56617	56961	8	0.001167
56617	56364	24	0.003502
56617	56711	4	0.000584
56617	56742	4	0.000584
56617	56678	2	0.000292
56617	56775	4	0.000584
56617	56648	16	0.002334
56617	56428	4	0.000584
56617	56554	4	0.000584
56617	56939	4	0.000584
56617	56780	8	0.001167
56617	56653	24	0.003502
56617	56463	2	0.000292
56617	56627	4	0.000584
56617	56629	4	0.000584
56617	56375	4	0.000584
56617	56344	6	0.000875
56617	56539	4	0.000584
56617	56540	9	0.001313
56617	56381	6	0.000875
56619	56674	12	0.007673
56619	56548	3	0.001918
56619	56965	3	0.001918
56619	56616	1	0.000639
56619	56777	3	0.001918
56619	56364	3	0.001918
56619	56653	7	0.004476
56619	56627	3	0.001918
56619	56684	3	0.001918
56619	56671	45	0.028772
56619	56991	4	0.002558
56621	56914	1	0.006667
56621	56740	1	0.006667
56621	56590	1	0.006667
56622	56764	1	0.041667
56622	56364	25	1.041667
56622	56455	24	1.000000
56624	56324	2	0.009804
56624	56583	1	0.004902
56625	56375	10	0.322581
56626	56800	220	0.977778
56626	56866	1	0.004444
56626	56965	19	0.084444
56626	56428	1	0.004444
56626	56381	1	0.004444
56626	56629	24	0.106667
56626	56953	21	0.093333
56626	56573	60	0.266667
56626	56991	690	3.066667
56627	56674	1	0.011628
56627	56355	1	0.011628
56627	56965	8	0.093023
56627	56616	1	0.011628
56627	56681	1	0.011628
56627	56428	1	0.011628
56627	56717	4	0.046512
56627	56364	1	0.011628
56627	56560	1	0.011628
56627	56837	20	0.232558
56627	56377	1	0.011628
56627	56684	1	0.011628
56627	56314	1	0.011628
56627	56315	1	0.011628
56627	56735	1	0.011628
56627	56357	2	0.023256
56627	56991	273	3.174419
56628	56616	1	0.142857
56629	56706	2	0.001638
56629	56299	3	0.002457
56629	56331	3	0.002457
56629	56589	3	0.002457
56629	56975	23	0.018837
56629	56977	3	0.002457
56629	56978	3	0.002457
56629	56979	3	0.002457
56629	56472	3	0.002457
56629	56475	2	0.001638
56629	56991	2439	1.997543
56629	56735	3	0.002457
56629	56944	4	0.003276
56629	56866	3	0.002457
56629	56995	2	0.001638
56629	56872	3	0.002457
56629	56880	3	0.002457
56629	56884	5	0.004095
56629	56375	4	0.003276
56629	56504	4	0.003276
56629	56506	6	0.004914
56629	56891	3	0.002457
56629	56515	3	0.002457
56629	56481	3	0.002457
56629	56780	2	0.001638
56629	56781	3	0.002457
56629	56653	12	0.009828
56629	56924	2	0.001638
56629	56800	3	0.002457
56629	56548	2	0.001638
56629	56721	3	0.002457
56629	56939	2	0.001638
56629	56428	2	0.001638
56629	56687	4	0.003276
56629	56560	6	0.004914
56629	56311	3	0.002457
56630	56362	2	0.003180
56630	56751	2	0.003180
56630	56340	1	0.001590
56630	56629	2	0.003180
56630	56375	7	0.011129
56630	56666	1	0.001590
56630	56991	4	0.006359
56631	56375	8	0.228571
56632	56706	2	0.004024
56632	56580	1	0.002012
56632	56965	1	0.002012
56632	56328	5	0.010060
56632	56684	2	0.004024
56632	56587	4	0.008048
56632	56335	3	0.006036
56632	56849	1	0.002012
56632	56476	1	0.002012
56632	56477	1	0.002012
56632	56607	1	0.002012
56632	56997	2	0.004024
56632	56742	4	0.008048
56632	56363	1	0.002012
56632	56364	11	0.022133
56632	56885	1	0.002012
56632	56497	1	0.002012
56632	56882	5	0.010060
56632	56500	1	0.002012
56632	56629	1	0.002012
56632	56375	6	0.012072
56632	56991	495	0.995976
56632	56381	11	0.022133
56632	56639	13	0.026157
56632	56648	1	0.002012
56632	56777	3	0.006036
56632	56780	2	0.004024
56632	56653	4	0.008048
56632	56657	1	0.002012
56632	56915	1	0.002012
56632	56664	1	0.002012
56632	56674	1	0.002012
56632	56548	3	0.006036
56632	56293	1	0.002012
56632	56299	2	0.004024
56632	56428	2	0.004024
56632	56560	3085	6.207243
56632	56691	1	0.002012
56632	56329	1	0.002012
56632	56311	1	0.002012
56632	56312	1	0.002012
56632	56953	1	0.002012
56632	56314	1	0.002012
56632	56573	1	0.002012
56632	56318	1	0.002012
56634	56560	30	6.000000
56634	56991	5	1.000000
56635	56616	4	0.008715
56635	56490	2	0.004357
56635	56381	3	0.006536
56635	56575	4	0.008715
56636	56965	3	0.002982
56636	56711	2	0.001988
56636	56684	2	0.001988
56636	56335	2	0.001988
56636	56467	2	0.001988
56636	56596	865	0.859841
56636	56991	2	0.001988
56636	56861	2	0.001988
56636	56607	1	0.000994
56636	56481	2	0.001988
56636	56742	2	0.001988
56636	56616	18	0.017893
56636	56733	10	0.009940
56636	56627	4	0.003976
56636	56629	2	0.001988
56636	56635	2	0.001988
56636	56381	5	0.004970
56636	56517	6	0.005964
56636	56907	5	0.004970
56636	56653	1376	1.367793
56636	56916	2	0.001988
56636	56674	4	0.003976
56636	56428	2	0.001988
56636	56433	4	0.003976
56636	56691	2	0.001988
56636	56436	2	0.001988
56636	56575	2	0.001988
56637	56355	2	0.004211
56638	56328	1	0.001364
56638	56362	2	0.002729
56638	56375	106	0.144611
56638	56720	2	0.002729
56638	56341	2	0.002729
56638	56631	2	0.002729
56638	56666	3	0.004093
56638	56629	1	0.001364
56639	56706	3	0.001431
56639	56965	1	0.000477
56639	56591	3	0.001431
56639	56341	1	0.000477
56639	56477	1	0.000477
56639	56991	3	0.001431
56639	56560	45	0.021459
56639	56616	3	0.001431
56639	56363	1	0.000477
56639	56733	3	0.001431
56639	56375	1	0.000477
56639	56632	2	0.000954
56639	56975	1	0.000477
56639	56381	4	0.001907
56639	56517	1	0.000477
56639	56907	1	0.000477
56639	56653	1	0.000477
56639	56335	8	0.003815
56639	56548	2	0.000954
56639	56679	2	0.000954
56639	56944	2	0.000954
56639	56436	1	0.000477
56640	56560	1	0.001103
56640	56885	4	0.004410
56640	56311	1836	2.024256
56641	56560	31	6.200000
56641	56991	5	1.000000
56643	56764	1	0.041667
56643	56364	25	1.041667
56643	56455	24	1.000000
56644	56986	1	0.003731
56644	56991	1	0.003731
56646	56417	1	0.047619
56646	56763	4	0.190476
56647	56375	134	0.978102
56648	56800	48	0.403361
56648	56328	1	0.008403
56648	56428	3	0.025210
56648	56717	1	0.008403
56648	56375	15	0.126050
56648	56728	47	0.394958
56648	56924	1	0.008403
56648	56991	405	3.403361
56649	56825	2460	50.204082
56649	56379	73	1.489796
56652	56375	8	0.153846
56653	56965	4	0.004090
56653	56463	2	0.002045
56653	56721	3	0.003067
56653	56979	6	0.006135
56653	56342	1	0.001022
56653	56728	519	0.530675
56653	56991	3	0.003067
56653	56481	1	0.001022
56653	56610	257	0.262781
56653	56995	1	0.001022
56653	56484	1	0.001022
56653	56742	3	0.003067
56653	56744	1	0.001022
56653	56364	258	0.263804
56653	57007	259	0.264826
56653	56880	2	0.002045
56653	56497	1	0.001022
56653	56629	2	0.002045
56653	56472	3	0.003067
56653	56607	2	0.002045
56653	56518	3	0.003067
56653	56780	266	0.271984
56653	56866	2	0.002045
56653	56785	1	0.001022
56653	56975	5	0.005112
56653	56293	1	0.001022
56653	56299	1	0.001022
56653	56428	1	0.001022
56653	56560	3	0.003067
56653	56691	3	0.003067
56653	56311	1	0.001022
56653	56953	2	0.002045
56653	56573	516	0.527607
56654	56653	4	0.019048
56654	56975	4	0.019048
56655	56961	1	0.000174
56655	56965	6	0.001045
56655	56328	13	0.002265
56655	56428	5	0.000871
56655	56843	1	0.000174
56655	56717	22	0.003833
56655	56590	499	0.086949
56655	56975	2	0.000348
56655	56976	1	0.000174
56655	56594	1	0.000174
56655	56341	9	0.001568
56655	56477	1	0.000174
56655	56991	1	0.000174
56655	56865	2	0.000348
56655	56610	1	0.000174
56655	56740	1	0.000174
56655	56924	2	0.000348
56655	56365	5	0.000871
56655	56497	2	0.000348
56655	56882	1	0.000174
56655	56629	3	0.000523
56655	56375	35	0.006099
56655	56381	2	0.000348
56655	56621	1	0.000174
56655	56517	2	0.000348
56655	56648	2	0.000348
56655	56396	2	0.000348
56655	56674	1	0.000174
56655	56529	5	0.000871
56655	56916	1	0.000174
56655	56569	4	0.000697
56655	56463	1	0.000174
56655	56540	2	0.000348
56655	56940	4	0.000697
56655	56800	2	0.000348
56655	56930	1	0.000174
56655	56679	1	0.000174
56655	56554	3	0.000523
56655	56300	2	0.000348
56655	56687	1	0.000174
56655	56944	2	0.000348
56655	56953	2	0.000348
56655	56314	1	0.000174
56655	56573	2	0.000348
56657	56560	30	6.000000
56657	56991	5	1.000000
56658	56396	8	1.000000
56661	56616	1	0.002151
56661	56653	1	0.002151
56661	56977	3	0.006452
56661	56409	3	0.006452
56661	56570	3	0.006452
56661	56381	6	0.012903
56661	56991	1	0.002151
56664	56576	68	0.013143
56664	56335	4	0.000773
56664	56978	3	0.000580
56664	56723	9	0.001739
56664	56730	202	0.039041
56664	56606	2	0.000387
56664	56991	1	0.000193
56664	56993	1	0.000193
56664	56482	4	0.000773
56664	56355	1	0.000193
56664	56357	1	0.000193
56664	56616	4	0.000773
56664	56364	34	0.006571
56664	56880	13	0.002513
56664	56627	3	0.000580
56664	57012	3	0.000580
56664	56629	3	0.000580
56664	56375	2	0.000387
56664	56381	11	0.002126
56664	56777	19	0.003672
56664	56780	2	0.000387
56664	56781	15	0.002899
56664	56915	3	0.000580
56664	56924	1	0.000193
56664	56997	11	0.002126
56664	56800	1	0.000193
56664	56674	1	0.000193
56664	56548	1	0.000193
56664	56678	1	0.000193
56664	56684	1	0.000193
56664	56314	1	0.000193
56666	56706	1	0.004739
56666	56969	9	0.042654
56666	56972	2	0.009479
56666	56979	2	0.009479
56666	56340	1	0.004739
56666	56375	25	0.118483
56666	56604	4	0.018957
56667	56560	30	6.000000
56667	56991	5	1.000000
56669	56327	3737	0.848354
56669	56840	1	0.000227
56669	56428	2	0.000454
56669	56719	3736	0.848127
56669	56729	3742	0.849489
56669	56858	2	0.000454
56669	56733	1	0.000227
56669	56991	7	0.001589
56669	56610	1	0.000227
56669	56617	3	0.000681
56669	56364	7	0.001589
56669	56877	3736	0.848127
56669	56882	1	0.000227
56669	56629	2	0.000454
56669	56375	4	0.000908
56669	56381	5	0.001135
56669	56777	1	0.000227
56669	56653	1	0.000227
56669	56911	1	0.000227
56669	56916	6	0.001362
56669	57010	1	0.000227
56669	56538	3736	0.848127
56669	56674	1	0.000227
56669	56548	1	0.000227
56669	56680	3736	0.848127
56669	56684	1	0.000227
56669	56944	1	0.000227
56669	56566	3736	0.848127
56669	56571	3736	0.848127
56670	56560	30	6.000000
56670	56991	5	1.000000
56671	56619	1	0.015873
56671	56364	1	0.015873
56671	56687	1	0.015873
56671	56375	60	0.952381
56673	56583	1	0.019608
56673	56616	3	0.058824
56673	56381	1	0.019608
56673	56944	1	0.019608
56673	56344	55	1.078431
56673	56335	4	0.078431
56673	56733	2	0.039216
56674	56706	2	0.001147
56674	56324	1	0.000573
56674	56965	8	0.004587
56674	56328	1	0.000573
56674	56843	2	0.001147
56674	56834	1	0.000573
56674	56335	1	0.000573
56674	56976	1	0.000573
56674	56977	2	0.001147
56674	56733	9	0.005161
56674	56991	6959	3.990252
56674	56742	2	0.001147
56674	56746	1	0.000573
56674	56364	1	0.000573
56674	56627	4	0.002294
56674	56884	5	0.002867
56674	56629	10	0.005734
56674	56375	5	0.002867
56674	56504	3	0.001720
56674	56506	1	0.000573
56674	56735	4	0.002294
56674	56386	1	0.000573
56674	56331	1	0.000573
56674	56517	8	0.004587
56674	56648	14	0.008028
56674	56396	1	0.000573
56674	56907	11	0.006307
56674	56780	7	0.004014
56674	56655	2	0.001147
56674	56402	1	0.000573
56674	56918	1	0.000573
56674	56975	2	0.001147
56674	56924	1	0.000573
56674	56798	2	0.001147
56674	56800	4	0.002294
56674	56548	4	0.002294
56674	56499	1	0.000573
56674	56951	1	0.000573
56674	56812	4	0.002294
56674	56687	4	0.002294
56674	56560	20	0.011468
56674	56307	1	0.000573
56674	56438	1	0.000573
56674	56311	18	0.010321
56674	56315	4	0.002294
56674	56317	1	0.000573
56675	56674	2	0.045455
56675	56687	1	0.022727
56675	56333	7	0.159091
56675	56341	1	0.022727
56675	56375	29	0.659091
56677	56851	5	0.020161
56677	56375	6	0.024194
56678	56804	1	0.003704
56678	56711	1	0.003704
56678	56681	3	0.011111
56678	56458	1	0.003704
56678	56428	1	0.003704
56678	56463	2	0.007407
56678	56944	4	0.014815
56678	56467	2	0.007407
56678	56916	1	0.003704
56678	56375	1	0.003704
56678	56548	2	0.007407
56678	56540	1	0.003704
56678	56477	1	0.003704
56678	56382	1	0.003704
56678	56991	1080	4.000000
56679	56674	1	0.001931
56679	56329	1	0.001931
56679	56717	2	0.003861
56679	56687	1	0.001931
56679	56944	3	0.005792
56679	56627	1	0.001931
56679	56341	1	0.001931
56679	56728	2	0.003861
56679	56314	1	0.001931
56679	56381	1	0.001931
56679	56991	1498	2.891892
56680	56327	3737	0.846816
56680	56840	1	0.000227
56680	56428	2	0.000453
56680	56719	3736	0.846590
56680	56729	3742	0.847949
56680	56858	2	0.000453
56680	56733	1	0.000227
56680	56991	7	0.001586
56680	56610	1	0.000227
56680	56617	3	0.000680
56680	56364	7	0.001586
56680	56877	3736	0.846590
56680	57010	1	0.000227
56680	56629	2	0.000453
56680	56375	4	0.000906
56680	56381	5	0.001133
56680	56777	1	0.000227
56680	56653	1	0.000227
56680	56911	1	0.000227
56680	56882	1	0.000227
56680	56916	6	0.001360
56680	56538	3736	0.846590
56680	56669	3736	0.846590
56680	56674	1	0.000227
56680	56548	1	0.000227
56680	56684	1	0.000227
56680	56944	1	0.000227
56680	56566	3736	0.846590
56680	56571	3736	0.846590
56681	56832	3	0.002591
56681	56578	1	0.000864
56681	56836	1	0.000864
56681	56712	1	0.000864
56681	56849	1	0.000864
56681	56338	1	0.000864
56681	56467	4	0.003454
56681	56858	2	0.001727
56681	56736	1	0.000864
56681	56483	1	0.000864
56681	56486	1	0.000864
56681	56433	2	0.001727
56681	56745	1	0.000864
56681	56364	1	0.000864
56681	56456	1	0.000864
56681	56499	1	0.000864
56681	56783	1	0.000864
56681	56888	1	0.000864
56681	56892	1	0.000864
56681	56893	1	0.000864
56681	56382	1	0.000864
56681	56513	1	0.000864
56681	56900	1	0.000864
56681	56389	1	0.000864
56681	56775	1	0.000864
56681	56911	1	0.000864
56681	56915	1	0.000864
56681	56916	6	0.005181
56681	56664	1	0.000864
56681	56793	1	0.000864
56681	56922	2	0.001727
56681	56655	1	0.000864
56681	56412	1	0.000864
56681	56803	1	0.000864
56681	56550	1	0.000864
56681	56300	1	0.000864
56681	56686	1	0.000864
56681	56687	1	0.000864
56681	56305	4	0.003454
56681	56313	1	0.000864
56681	56956	1	0.000864
56682	56616	526	0.965138
56682	56794	528	0.968807
56682	56733	2	0.003670
56682	56583	526	0.965138
56684	56706	1	0.000326
56684	56965	3175	1.036565
56684	56711	14	0.004571
56684	56328	2	0.000653
56684	56331	1	0.000326
56684	56901	1	0.000326
56684	56335	1	0.000326
56684	56976	16	0.005224
56684	56978	1	0.000326
56684	56515	1	0.000326
56684	56733	1	0.000326
56684	56606	1	0.000326
56684	56607	1	0.000326
56684	56624	1	0.000326
56684	56866	1	0.000326
56684	56355	1	0.000326
56684	56740	1	0.000326
56684	56872	1	0.000326
56684	56463	1	0.000326
56684	56496	49	0.015997
56684	56627	2	0.000653
56684	56375	4	0.001306
56684	56377	1	0.000326
56684	56506	1	0.000326
56684	56891	1	0.000326
56684	56636	1	0.000326
56684	56381	1	0.000326
56684	56382	47	0.015344
56684	56639	1	0.000326
56684	56896	1	0.000326
56684	56387	1	0.000326
56684	56517	1	0.000326
56684	56777	1	0.000326
56684	56396	6	0.001959
56684	56536	19	0.006203
56684	56795	1	0.000326
56684	56540	47	0.015344
56684	56548	4	0.001306
56684	56550	38	0.012406
56684	56428	1	0.000326
56684	56616	1	0.000326
56684	56565	1	0.000326
56684	56829	1	0.000326
56684	56575	1	0.000326
56685	56728	1	0.013699
56685	56991	1	0.013699
56685	56341	4	0.054795
56685	56742	1	0.013699
56685	56375	121	1.657534
56686	56480	2	0.001055
56686	56674	1	0.000527
56686	56389	1	0.000527
56686	56328	1	0.000527
56686	56362	3	0.001582
56686	56364	2	0.001055
56686	56375	42	0.022152
56686	56666	1	0.000527
56687	56529	1	0.021739
56687	56733	3	0.065217
56687	56991	1	0.021739
56688	56485	6	0.044444
56688	56550	5	0.037037
56688	56712	10	0.074074
56688	56506	2	0.014815
56688	56333	1	0.007407
56688	56829	5	0.037037
56688	56629	6	0.044444
56688	56375	17	0.125926
56688	56381	1	0.007407
56688	56666	16	0.118519
56688	56858	5	0.037037
56688	56757	1	0.007407
56690	56929	1	0.003356
56690	56866	2	0.006711
56690	56364	1	0.003356
56690	56900	1	0.003356
56690	56684	1	0.003356
56690	56428	5	0.016779
56690	56653	3	0.010067
56690	56706	1	0.003356
56690	56687	1	0.003356
56690	56305	1	0.003356
56690	56884	1	0.003356
56690	56629	1	0.003356
56690	56342	19	0.063758
56690	56375	2	0.006711
56690	56991	2	0.006711
56691	56770	1	0.066667
56691	56965	6	0.400000
56691	57000	1	0.066667
56691	56684	1	0.066667
56691	56504	1	0.066667
56691	56991	60	4.000000
56692	56914	38	19.000000
56693	56299	120	1.016949
56693	56969	6	0.050847
56693	56363	2	0.016949
56693	56428	2	0.016949
56693	56653	2	0.016949
56693	56381	2	0.016949
56693	56560	2	0.016949
56693	56849	2	0.016949
56693	56664	2	0.016949
56693	56477	2	0.016949
56694	56965	2	0.003236
56694	56328	1	0.001618
56694	56375	71	0.114887
56694	56364	2	0.003236
56694	56590	2	0.003236
56694	56616	1	0.001618
56694	56629	3	0.004854
56694	56439	2	0.003236
56694	56345	1	0.001618
56696	56929	1	0.003356
56696	56866	2	0.006711
56696	56364	1	0.003356
56696	56900	1	0.003356
56696	56684	1	0.003356
56696	56428	5	0.016779
56696	56653	3	0.010067
56696	56706	1	0.003356
56696	56687	1	0.003356
56696	56305	1	0.003356
56696	56884	1	0.003356
56696	56629	1	0.003356
56696	56342	19	0.063758
56696	56375	2	0.006711
56696	56991	2	0.006711
56698	56929	1	0.003356
56698	56866	2	0.006711
56698	56364	1	0.003356
56698	56900	1	0.003356
56698	56684	1	0.003356
56698	56428	5	0.016779
56698	56653	3	0.010067
56698	56706	1	0.003356
56698	56687	1	0.003356
56698	56305	1	0.003356
56698	56884	1	0.003356
56698	56629	1	0.003356
56698	56342	19	0.063758
56698	56375	2	0.006711
56698	56991	2	0.006711
56699	56929	1	0.003356
56699	56866	2	0.006711
56699	56364	1	0.003356
56699	56900	1	0.003356
56699	56684	1	0.003356
56699	56428	5	0.016779
56699	56653	3	0.010067
56699	56706	1	0.003356
56699	56687	1	0.003356
56699	56305	1	0.003356
56699	56884	1	0.003356
56699	56629	1	0.003356
56699	56342	19	0.063758
56699	56375	2	0.006711
56699	56991	2	0.006711
56700	56929	1	0.004292
56700	56866	2	0.008584
56700	56364	1	0.004292
56700	56900	1	0.004292
56700	56684	1	0.004292
56700	56428	5	0.021459
56700	56653	3	0.012876
56700	56706	1	0.004292
56700	56687	1	0.004292
56700	56305	1	0.004292
56700	56884	1	0.004292
56700	56629	1	0.004292
56700	56342	19	0.081545
56700	56375	2	0.008584
56700	56991	2	0.008584
56701	56929	1	0.003356
56701	56866	2	0.006711
56701	56364	1	0.003356
56701	56900	1	0.003356
56701	56684	1	0.003356
56701	56428	5	0.016779
56701	56653	3	0.010067
56701	56706	1	0.003356
56701	56687	1	0.003356
56701	56305	1	0.003356
56701	56884	1	0.003356
56701	56629	1	0.003356
56701	56342	19	0.063758
56701	56375	2	0.006711
56701	56991	2	0.006711
56702	56386	2	0.019802
56702	56579	2	0.019802
56702	56428	1	0.009901
56702	56814	1	0.009901
56702	56402	2	0.019802
56702	56629	1	0.009901
56702	56918	2	0.019802
56702	56375	1	0.009901
56702	56921	1	0.009901
56702	56381	2	0.019802
56702	56991	1	0.009901
56703	56560	32	6.400000
56703	56991	5	1.000000
56705	56837	1	0.000862
56705	56329	1	0.000862
56705	56843	1	0.000862
56705	56333	1	0.000862
56705	56335	9	0.007759
56705	56337	1	0.000862
56705	56854	1	0.000862
56705	56345	1	0.000862
56705	56347	1	0.000862
56705	56351	1	0.000862
56705	56357	1	0.000862
56705	56360	1	0.000862
56705	56873	1	0.000862
56705	56363	1	0.000862
56705	56364	1	0.000862
56705	56365	1	0.000862
56705	56882	1	0.000862
56705	56884	1	0.000862
56705	56886	1	0.000862
56705	56375	1	0.000862
56705	56889	1	0.000862
56705	56381	1	0.000862
56705	56382	1	0.000862
56705	56387	1	0.000862
56705	56907	7	0.006034
56705	56908	1	0.000862
56705	56915	1	0.000862
56705	56916	1	0.000862
56705	56924	1	0.000862
56705	56930	1	0.000862
56705	56428	8	0.006897
56705	56944	9	0.007759
56705	56433	1	0.000862
56705	56436	3	0.002586
56705	56953	5	0.004310
56705	56956	1	0.000862
56705	56962	1	0.000862
56705	56965	10	0.008621
56705	56976	1	0.000862
56705	56467	1	0.000862
56705	56477	1	0.000862
56705	56479	1	0.000862
56705	56480	1	0.000862
56705	56481	1	0.000862
56705	56482	1	0.000862
56705	56995	1	0.000862
56705	56997	1	0.000862
56705	56489	1	0.000862
56705	56491	1	0.000862
56705	56495	4	0.003448
56705	56496	1	0.000862
56705	56497	1	0.000862
56705	56498	1	0.000862
56705	56501	1	0.000862
56705	56504	1	0.000862
56705	56517	2	0.001724
56705	56518	1	0.000862
56705	56536	1	0.000862
56705	56548	1	0.000862
56705	56550	1	0.000862
56705	56554	1	0.000862
56705	56560	167	0.143966
56705	56565	1	0.000862
56705	56573	1	0.000862
56705	56574	1	0.000862
56705	56578	1	0.000862
56705	56580	1	0.000862
56705	56583	5	0.004310
56705	56594	1	0.000862
56705	56603	1	0.000862
56705	56607	1	0.000862
56705	56610	2	0.001724
56705	56627	2	0.001724
56705	56629	7	0.006034
56705	56639	23	0.019828
56705	56648	2	0.001724
56705	56653	2	0.001724
56705	56655	1	0.000862
56705	56674	1	0.000862
56705	56678	2	0.001724
56705	56679	1	0.000862
56705	56684	1	0.000862
56705	56687	1	0.000862
56705	56691	1	0.000862
56705	56706	1	0.000862
56705	56711	1	0.000862
56705	56712	1	0.000862
56705	56714	1	0.000862
56705	56717	2	0.001724
56705	56728	2	0.001724
56705	56730	1	0.000862
56705	56733	1	0.000862
56705	56740	1	0.000862
56705	56753	1	0.000862
56705	56756	1	0.000862
56705	56991	19	0.016379
56705	56766	1	0.000862
56705	56777	1	0.000862
56705	56779	1	0.000862
56705	56780	1	0.000862
56705	56396	1	0.000862
56705	56785	1	0.000862
56705	56795	1	0.000862
56705	56796	1	0.000862
56705	56798	1	0.000862
56705	56800	1	0.000862
56705	56827	1	0.000862
56705	56300	1	0.000862
56705	56820	1	0.000862
56705	56824	1	0.000862
56705	56404	1	0.000862
56705	56314	1	0.000862
56705	56315	2	0.001724
56705	56829	1	0.000862
56706	56517	2	0.031250
56706	56965	4	0.062500
56706	56518	2	0.031250
56706	56396	1	0.015625
56706	56684	110	1.718750
56706	56717	4	0.062500
56706	56607	2	0.031250
56706	56428	3	0.046875
56706	56629	3	0.046875
56706	56314	2	0.031250
56706	56795	3	0.046875
56706	56991	256	4.000000
56707	56674	6	0.012397
56707	56364	2	0.004132
56707	56740	1	0.002066
56707	56517	1	0.002066
56707	56463	1	0.002066
56707	56616	2	0.004132
56707	56777	1	0.002066
56707	56458	936	1.933884
56707	56939	1	0.002066
56707	56332	2	0.004132
56707	56335	2	0.004132
56707	56733	1	0.002066
56707	56472	3	0.006198
56707	56331	1	0.002066
56707	56916	1	0.002066
56707	56629	13	0.026860
56707	56728	2	0.004132
56707	56975	4	0.008264
56707	56381	6	0.012397
56711	56992	1	0.028571
56711	56728	11	0.314286
56711	56548	3	0.085714
56711	56965	7	0.200000
56711	56328	1	0.028571
56711	56684	20	0.571429
56711	56491	1	0.028571
56711	56396	2	0.057143
56711	56944	1	0.028571
56711	56428	1	0.028571
56711	56517	43	1.228571
56711	56627	23	0.657143
56711	56629	1	0.028571
56711	56375	2	0.057143
56711	56648	19	0.542857
56711	56314	1	0.028571
56711	56795	1	0.028571
56711	56381	1	0.028571
56711	56991	109	3.114286
56712	56356	1	0.001603
56712	56517	2	0.003205
56712	56328	13	0.020833
56712	56300	1	0.001603
56712	56396	635	1.017628
56712	56717	13	0.020833
56712	56655	9	0.014423
56712	56467	1	0.001603
56712	56341	9	0.014423
56712	56382	6	0.009615
56714	56924	1	0.003521
56714	56355	2	0.007042
56714	56517	6	0.021127
56714	56328	3	0.010563
56714	56396	35	0.123239
56714	56428	3	0.010563
56714	56300	1	0.003521
56714	56335	2	0.007042
56714	56720	2	0.007042
56714	56648	1	0.003521
56714	56963	1	0.003521
56714	56820	2	0.007042
56714	56681	1	0.003521
56714	56315	2	0.007042
56714	56975	2	0.007042
56714	56638	2	0.007042
56714	56607	1	0.003521
56715	56961	3	0.000984
56715	56965	1	0.000328
56715	56583	10	0.003281
56715	56428	7	0.002297
56715	56843	9	0.002953
56715	56590	13	0.004265
56715	56335	11	0.003609
56715	56976	2	0.000656
56715	56341	279	0.091535
56715	56854	1	0.000328
56715	56728	5	0.001640
56715	56684	1	0.000328
56715	56733	2	0.000656
56715	56991	54	0.017717
56715	56995	6	0.001969
56715	56742	3	0.000984
56715	56360	1	0.000328
56715	56924	1	0.000328
56715	56364	32	0.010499
56715	56365	1	0.000328
56715	56496	150	0.049213
56715	56627	2	0.000656
56715	56375	5	0.001640
56715	56975	1	0.000328
56715	56381	154	0.050525
56715	56517	4	0.001312
56715	56907	24	0.007874
56715	56780	1	0.000328
56715	56653	23	0.007546
56715	56655	4	0.001312
56715	56463	15	0.004921
56715	56540	2	0.000656
56715	56674	7	0.002297
56715	56548	4	0.001312
56715	56554	1	0.000328
56715	56939	5	0.001640
56715	56300	1	0.000328
56715	56685	6	0.001969
56715	56944	5	0.001640
56715	56329	6	0.001969
56715	56314	8	0.002625
56717	56706	2	0.012270
56717	56565	1	0.006135
56717	56965	166	1.018405
56717	56518	1	0.006135
56717	56335	1	0.006135
56717	56428	3	0.018405
56717	56653	21	0.128834
56717	56687	1	0.006135
56717	56837	3	0.018405
56717	56629	2	0.012270
56717	56991	489	3.000000
56717	56798	2	0.012270
56717	56341	22	0.134969
56718	56674	1	0.027027
56718	56893	1	0.027027
56719	56327	3737	0.846624
56719	56840	1	0.000227
56719	56428	2	0.000453
56719	56729	3742	0.847757
56719	56858	2	0.000453
56719	56733	1	0.000227
56719	56991	7	0.001586
56719	56610	1	0.000227
56719	56617	3	0.000680
56719	56364	7	0.001586
56719	56877	3736	0.846398
56719	57010	1	0.000227
56719	56629	2	0.000453
56719	56375	4	0.000906
56719	56381	5	0.001133
56719	56777	1	0.000227
56719	56653	1	0.000227
56719	56911	1	0.000227
56719	56882	1	0.000227
56719	56916	6	0.001359
56719	56538	3736	0.846398
56719	56669	3736	0.846398
56719	56674	1	0.000227
56719	56548	1	0.000227
56719	56680	3736	0.846398
56719	56684	1	0.000227
56719	56944	1	0.000227
56719	56566	3736	0.846398
56719	56571	3736	0.846398
56720	56616	1	0.001186
56720	56355	1	0.001186
56720	56653	1	0.001186
56720	56991	1	0.001186
56721	56706	1	0.000850
56721	56837	7	0.005947
56721	56583	10	0.008496
56721	56684	1	0.000850
56721	56335	4	0.003398
56721	56965	14	0.011895
56721	56341	2	0.001699
56721	56728	14	0.011895
56721	56991	9	0.007647
56721	56795	1	0.000850
56721	56740	2	0.001699
56721	56616	3	0.002549
56721	56364	2	0.001699
56721	56496	1	0.000850
56721	56497	13	0.011045
56721	56627	2	0.001699
56721	56629	36	0.030586
56721	56375	3	0.002549
56721	56607	1	0.000850
56721	56381	47	0.039932
56721	56517	11	0.009346
56721	56777	2	0.001699
56721	56907	59	0.050127
56721	56396	1	0.000850
56721	56653	8	0.006797
56721	56536	8	0.006797
56721	56975	11	0.009346
56721	56674	10	0.008496
56721	56548	1	0.000850
56721	56428	1	0.000850
56721	56814	2	0.001699
56721	56360	1	0.000850
56721	56562	102	0.086661
56721	56329	1	0.000850
56721	56565	1	0.000850
56723	56976	1	0.008065
56723	56315	1	0.008065
56723	56355	5	0.040323
56723	56583	4	0.032258
56725	56914	36	18.000000
56726	56800	2	0.003591
56726	56481	2	0.003591
56726	56517	4	0.007181
56726	56548	1	0.001795
56726	56965	1	0.001795
56726	56795	1	0.001795
56726	56924	2	0.003591
56726	56991	1	0.001795
56728	56965	81	0.163968
56728	56583	1	0.002024
56728	56328	1	0.002024
56728	56975	5	0.010121
56728	56854	3	0.006073
56728	56472	1	0.002024
56728	56991	1458	2.951417
56728	56866	2	0.004049
56728	56995	2	0.004049
56728	56742	5	0.010121
56728	56629	5	0.010121
56728	56375	2	0.004049
56728	56504	6	0.012146
56728	56396	1	0.002024
56728	56653	9	0.018219
56728	56916	2	0.004049
56728	56463	1	0.002024
56728	56798	79	0.159919
56728	56548	3	0.006073
56728	56939	1	0.002024
56728	56687	1	0.002024
56728	56560	1	0.002024
56729	56327	3737	0.848354
56729	56840	1	0.000227
56729	56428	2	0.000454
56729	56719	3736	0.848127
56729	56858	2	0.000454
56729	56733	1	0.000227
56729	56991	7	0.001589
56729	56610	1	0.000227
56729	56617	3	0.000681
56729	56364	7	0.001589
56729	56877	3736	0.848127
56729	57010	2	0.000454
56729	56629	2	0.000454
56729	56375	4	0.000908
56729	56381	5	0.001135
56729	56777	1	0.000227
56729	56653	1	0.000227
56729	56911	1	0.000227
56729	56882	1	0.000227
56729	56916	6	0.001362
56729	56538	3736	0.848127
56729	56669	3736	0.848127
56729	56674	1	0.000227
56729	56548	1	0.000227
56729	56680	3736	0.848127
56729	56684	1	0.000227
56729	56944	1	0.000227
56729	56566	3736	0.848127
56729	56571	3736	0.848127
56730	56576	9	0.031359
56730	56961	1	0.003484
56730	56578	1	0.003484
56730	56975	1	0.003484
56730	56678	1	0.003484
56730	56679	1	0.003484
56730	56777	2	0.006969
56730	56907	1	0.003484
56730	56365	1	0.003484
56730	56655	1	0.003484
56730	56467	1	0.003484
56730	56916	1	0.003484
56730	56375	1	0.003484
56730	56728	1	0.003484
56730	56781	1	0.003484
56730	56687	1	0.003484
56730	56412	1	0.003484
56730	56477	1	0.003484
56730	56382	1	0.003484
56730	56991	1	0.003484
56731	56328	1	0.000227
56731	56632	3	0.000680
56731	56940	4	0.000907
56731	56375	199	0.045104
56732	56825	2460	50.204082
56732	56379	73	1.489796
56733	56706	5	0.004545
56733	56965	20	0.018182
56733	56583	21	0.019091
56733	56684	3	0.002727
56733	56843	1	0.000909
56733	56837	1	0.000909
56733	56717	4	0.003636
56733	56590	1	0.000909
56733	56463	1	0.000909
56733	56976	28	0.025455
56733	56721	6	0.005455
56733	56723	1	0.000909
56733	56345	4	0.003636
56733	56347	2	0.001818
56733	56991	1120	1.018182
56733	56992	4	0.003636
56733	56944	2	0.001818
56733	56795	1	0.000909
56733	56740	18	0.016364
56733	56742	1	0.000909
56733	56616	70	0.063636
56733	56363	4	0.003636
56733	56748	2	0.001818
56733	56621	2	0.001818
56733	56751	3	0.002727
56733	56331	4	0.003636
56733	56627	10	0.009091
56733	56756	2	0.001818
56733	56501	1	0.000909
56733	56375	2	0.001818
56733	56506	2	0.001818
56733	56607	2	0.001818
56733	56636	2	0.001818
56733	56381	4	0.003636
56733	56639	2	0.001818
56733	56387	2	0.001818
56733	56515	3	0.002727
56733	56517	9	0.008182
56733	56481	1	0.000909
56733	56648	2	0.001818
56733	56777	5	0.004545
56733	56781	2	0.001818
56733	56529	3	0.002727
56733	56915	4	0.003636
56733	56916	1	0.000909
56733	56335	4	0.003636
56733	56540	3	0.002727
56733	56542	2	0.001818
56733	56674	4	0.003636
56733	56548	3	0.002727
56733	56496	2	0.001818
56733	56300	1	0.000909
56733	56687	2	0.001818
56733	56560	5	0.004545
56733	56467	10	0.009091
56733	56436	6	0.005455
56733	56975	1	0.000909
56733	56314	2	0.001818
56733	56315	8	0.007273
56733	56574	1	0.000909
56733	56575	1	0.000909
56734	56375	3	0.130435
56735	56929	574	1.008787
56735	56674	5	0.008787
56735	56548	2	0.003515
56735	56517	4	0.007030
56735	56742	1	0.001757
56735	56583	1	0.001757
56735	56364	5	0.008787
56735	56780	5	0.008787
56735	56653	51	0.089631
56735	56335	5	0.008787
56735	56497	2	0.003515
56735	56436	1	0.001757
56735	56341	3	0.005272
56735	56381	2	0.003515
56735	56975	6	0.010545
56735	56733	1	0.001757
56735	56629	5	0.008787
56736	56375	3	0.006977
56737	56616	1	0.041667
56737	56583	2	0.083333
56739	56560	36	6.000000
56739	56991	6	1.000000
56740	56481	1	0.007937
56740	56578	4	0.031746
56740	56965	2	0.015873
56740	56583	2	0.015873
56740	56616	5	0.039683
56740	56907	2	0.015873
56740	56837	1	0.007937
56740	56781	2	0.015873
56740	56733	1	0.007937
56740	56629	2	0.015873
56740	56314	1	0.007937
56740	56603	4	0.031746
56740	56381	1	0.007937
56740	56991	86	0.682540
56741	56914	40	20.000000
56742	56939	5	0.007215
56742	56965	2	0.002886
56742	56711	3	0.004329
56742	56717	2	0.002886
56742	56975	2	0.002886
56742	56854	2	0.002886
56742	56728	11	0.015873
56742	56858	2	0.002886
56742	56607	2	0.002886
56742	56627	19	0.027417
56742	56506	2	0.002886
56742	56991	383	0.552670
56742	56381	4	0.005772
56742	56517	9	0.012987
56742	56780	399	0.575758
56742	56653	5	0.007215
56742	56924	9	0.012987
56742	56798	10	0.014430
56742	56800	3	0.004329
56742	56548	32	0.046176
56742	56299	2	0.002886
56742	56560	2	0.002886
56744	56481	2	1.000000
56744	56742	2	1.000000
56744	56780	2	1.000000
56744	56653	6	3.000000
56744	56847	6	3.000000
56744	56595	2	1.000000
56744	56598	2	1.000000
56744	56431	2	1.000000
56744	56511	2	1.000000
56745	56328	1	0.000831
56745	56362	1	0.000831
56745	56590	17	0.014131
56745	56944	1	0.000831
56745	56648	2	0.001663
56745	56375	1498	1.245220
56746	56610	1	0.029412
56746	56438	1	0.029412
56746	56824	3	0.088235
56746	56991	102	3.000000
56746	56798	3	0.088235
56746	56607	4	0.117647
56748	56616	21	0.525000
56748	56583	3	0.075000
56748	56851	2	0.050000
56748	56836	2	0.050000
56748	56751	2	0.050000
56749	56583	2	0.066667
56750	56364	2	0.117647
56752	56375	13	0.040498
56753	56843	2	0.058824
56753	56728	1	0.029412
56753	56607	6	0.176471
56753	56991	99	2.911765
56755	56396	8	1.000000
56756	56616	1	0.040000
56756	56607	4	0.160000
56758	56860	1	0.025641
56758	56364	3	0.076923
56758	56625	1	0.025641
56759	56916	1	0.052632
56759	56777	1	0.052632
56759	56364	2	0.105263
56761	56506	3	0.076923
56761	56381	3	0.076923
56761	56375	5	0.128205
56762	56674	6	0.012397
56762	56364	2	0.004132
56762	56740	1	0.002066
56762	56517	1	0.002066
56762	56463	1	0.002066
56762	56616	2	0.004132
56762	56777	1	0.002066
56762	56458	936	1.933884
56762	56939	1	0.002066
56762	56332	2	0.004132
56762	56335	2	0.004132
56762	56733	1	0.002066
56762	56472	3	0.006198
56762	56331	1	0.002066
56762	56916	1	0.002066
56762	56629	13	0.026860
56762	56728	2	0.004132
56762	56975	4	0.008264
56762	56381	6	0.012397
56763	56965	2	0.005168
56763	56328	52	0.134367
56763	56972	14	0.036176
56763	56335	4	0.010336
56763	56979	1	0.002584
56763	56346	1	0.002584
56763	56861	7	0.018088
56763	56991	33	0.085271
56763	56486	1	0.002584
56763	56872	1	0.002584
56763	56364	13	0.033592
56763	56712	1	0.002584
56763	56381	9	0.023256
56763	56382	1	0.002584
56763	56646	47	0.121447
56763	56907	17	0.043928
56763	56916	1	0.002584
56763	56666	1	0.002584
56763	56975	3	0.007752
56763	56412	1	0.002584
56763	56417	1	0.002584
56763	56428	2	0.005168
56763	56944	2	0.005168
56764	56643	3	0.008043
56764	56375	119	0.319035
56764	56991	34	0.091153
56766	56924	4	0.004119
56766	56481	2	0.002060
56766	56517	4	0.004119
56766	56328	15	0.015448
56766	56428	4	0.004119
56766	56396	183	0.188465
56766	56717	5	0.005149
56766	56653	1	0.001030
56766	56467	3	0.003090
56766	56536	7	0.007209
56766	56540	3	0.003090
56766	56798	7	0.007209
56767	56616	4	0.088889
56767	56845	1	0.022222
56767	56583	4	0.088889
56768	56480	1	0.015152
56768	56583	8	0.121212
56768	56375	65	0.984848
56772	56375	14	0.583333
56774	56482	1	0.012500
56774	56773	1	0.012500
56774	56583	2	0.025000
56775	56480	11	0.016641
56775	56961	11	0.016641
56775	56616	1	0.001513
56775	56653	1	0.001513
56775	56333	11	0.016641
56775	56958	11	0.016641
56775	56991	1	0.001513
56777	56907	1	0.050000
56777	56517	1	0.050000
56777	56991	61	3.050000
56779	56341	6	0.375000
56779	56991	64	4.000000
56780	56800	5	0.002352
56780	56481	1	0.000470
56780	56610	1	0.000470
56780	56539	1	0.000470
56780	56548	5	0.002352
56780	56965	5	0.002352
56780	56742	3	0.001411
56780	56329	1	0.000470
56780	56779	8	0.003763
56780	56653	123	0.057855
56780	56733	3	0.001411
56780	56497	1	0.000470
56780	56504	1	0.000470
56780	56629	4	0.001881
56780	56728	3	0.001411
56780	56381	1	0.000470
56780	56347	1	0.000470
56780	56540	4	0.001881
56780	56477	3	0.001411
56780	56382	2	0.000941
56780	56991	6	0.002822
56781	56576	3	0.003546
56781	56965	2	0.002364
56781	56583	6	0.007092
56781	56837	2	0.002364
56781	56335	5	0.005910
56781	56978	1	0.001182
56781	56854	1	0.001182
56781	56730	4	0.004728
56781	56991	4	0.004728
56781	56482	3	0.003546
56781	56795	1	0.001182
56781	56616	2	0.002364
56781	56880	1	0.001182
56781	56497	1	0.001182
56781	56884	1	0.001182
56781	56629	16	0.018913
56781	56381	25	0.029551
56781	56517	3	0.003546
56781	56518	4	0.004728
56781	56907	4	0.004728
56781	56780	4	0.004728
56781	56653	21	0.024823
56781	56664	15	0.017730
56781	56975	5	0.005910
56781	56674	14	0.016548
56781	56548	2	0.002364
56781	56428	2	0.002364
56781	56436	4	0.004728
56781	56953	1	0.001182
56781	56573	1	0.001182
56782	56837	1	0.000727
56782	56329	1	0.000727
56782	56331	1	0.000727
56782	56333	1	0.000727
56782	56335	13	0.009455
56782	56337	1	0.000727
56782	56854	1	0.000727
56782	56345	1	0.000727
56782	56347	1	0.000727
56782	56861	2	0.001455
56782	56351	1	0.000727
56782	56869	2	0.001455
56782	56360	1	0.000727
56782	56873	1	0.000727
56782	56363	1	0.000727
56782	56364	1	0.000727
56782	56365	1	0.000727
56782	56880	2	0.001455
56782	56882	1	0.000727
56782	56884	1	0.000727
56782	56886	1	0.000727
56782	56375	1	0.000727
56782	56889	1	0.000727
56782	56381	4	0.002909
56782	56382	1	0.000727
56782	56843	1	0.000727
56782	56899	2	0.001455
56782	56389	142	0.103273
56782	56907	6	0.004364
56782	56908	1	0.000727
56782	56915	1	0.000727
56782	56916	3	0.002182
56782	56412	2	0.001455
56782	56930	1	0.000727
56782	56427	2	0.001455
56782	56428	9	0.006545
56782	56944	6	0.004364
56782	56433	1	0.000727
56782	56436	1	0.000727
56782	56440	6	0.004364
56782	56953	1	0.000727
56782	56956	1	0.000727
56782	56962	1	0.000727
56782	56965	10	0.007273
56782	56463	1	0.000727
56782	56976	1	0.000727
56782	56978	1	0.000727
56782	56467	1	0.000727
56782	56472	1	0.000727
56782	56477	1	0.000727
56782	56991	6	0.004364
56782	56480	1	0.000727
56782	56481	1	0.000727
56782	56482	1	0.000727
56782	56995	1	0.000727
56782	56997	1	0.000727
56782	56489	1	0.000727
56782	56491	1	0.000727
56782	56496	1	0.000727
56782	56497	4	0.002909
56782	56498	1	0.000727
56782	56501	1	0.000727
56782	56503	2	0.001455
56782	56504	1	0.000727
56782	56517	3	0.002182
56782	56518	3	0.002182
56782	56534	50	0.036364
56782	56441	2	0.001455
56782	56536	1	0.000727
56782	56540	2	0.001455
56782	56357	1	0.000727
56782	56548	2	0.001455
56782	56550	1	0.000727
56782	56554	1	0.000727
56782	56560	1	0.000727
56782	56872	1	0.000727
56782	56565	1	0.000727
56782	56573	1	0.000727
56782	56574	1	0.000727
56782	56578	1	0.000727
56782	56580	1	0.000727
56782	56583	4	0.002909
56782	56589	2	0.001455
56782	56594	3	0.002182
56782	56603	1	0.000727
56782	56607	1	0.000727
56782	56610	2	0.001455
56782	56614	2	0.001455
56782	56616	2	0.001455
56782	56621	1	0.000727
56782	56627	2	0.001455
56782	56629	5	0.003636
56782	56639	1	0.000727
56782	56648	2	0.001455
56782	56653	18	0.013091
56782	56655	1	0.000727
56782	56975	5	0.003636
56782	56674	5	0.003636
56782	56678	1	0.000727
56782	56679	1	0.000727
56782	56684	2	0.001455
56782	56687	3	0.002182
56782	56691	1	0.000727
56782	56706	1	0.000727
56782	56711	2	0.001455
56782	56712	1	0.000727
56782	56714	1	0.000727
56782	56717	2	0.001455
56782	56721	1	0.000727
56782	56387	1	0.000727
56782	56730	1	0.000727
56782	56733	7	0.005091
56782	56735	1	0.000727
56782	56740	1	0.000727
56782	56742	6	0.004364
56782	56753	1	0.000727
56782	56756	1	0.000727
56782	56479	1	0.000727
56782	56766	1	0.000727
56782	56924	1	0.000727
56782	56777	1	0.000727
56782	56779	1	0.000727
56782	56780	1	0.000727
56782	56781	1	0.000727
56782	56396	1	0.000727
56782	56785	1	0.000727
56782	56795	1	0.000727
56782	56796	1	0.000727
56782	56798	1	0.000727
56782	56800	1	0.000727
56782	56315	4	0.002909
56782	56299	1	0.000727
56782	56300	1	0.000727
56782	56820	1	0.000727
56782	56311	1	0.000727
56782	56824	1	0.000727
56782	56404	1	0.000727
56782	56314	1	0.000727
56782	56827	1	0.000727
56782	56316	2	0.001455
56782	56829	1	0.000727
56783	56929	8	0.008040
56783	56706	3	0.003015
56783	56655	2	0.002010
56783	56687	1	0.001005
56783	56916	3	0.003015
56783	56375	29	0.029146
56783	56666	3	0.003015
56783	56731	1	0.001005
56783	56382	2	0.002010
56785	56481	2	0.111111
56785	56674	3	0.166667
56785	56965	1	0.055556
56785	56648	5	0.277778
56785	56824	1	0.055556
56785	56629	2	0.111111
56785	56438	1	0.055556
56785	56375	1	0.055556
56785	56504	2	0.111111
56785	56890	1	0.055556
56785	56991	2	0.111111
56785	56924	3	0.166667
56785	56607	13	0.722222
56786	56385	331	66.200000
56786	56988	2	0.400000
56786	56964	8	1.600000
56787	56897	2	0.001803
56787	56706	1041	0.938683
56787	56334	3	0.002705
56787	56375	1106	0.997295
56788	56674	2	0.004124
56788	56679	4	0.008247
56788	56554	1	0.002062
56788	56583	5	0.010309
56788	56590	2	0.004124
56788	56463	9	0.018557
56788	56315	2	0.004124
56788	56733	1	0.002062
56789	56849	1	0.011111
56789	56674	10	0.111111
56789	56629	1	0.011111
56789	56375	28	0.311111
56791	56674	19	0.339286
56791	56459	19	0.339286
56791	56516	19	0.339286
56791	56653	38	0.678571
56792	56560	2	0.052632
56793	56674	2	0.006920
56793	56356	3	0.010381
56793	56364	1	0.003460
56793	56428	289	1.000000
56793	56653	1	0.003460
56793	56573	1	0.003460
56793	56506	1	0.003460
56793	56381	1	0.003460
56793	56382	1	0.003460
56793	56607	1	0.003460
56794	56956	10	0.023256
56794	56335	2	0.004651
56794	56364	4	0.009302
56794	56381	2	0.004651
56794	56375	4	0.009302
56795	56740	4	0.025974
56795	56965	157	1.019481
56795	56396	1	0.006494
56795	56684	1	0.006494
56795	56627	5	0.032468
56795	56886	2	0.012987
56795	56548	1	0.006494
56795	56315	1	0.006494
56795	56733	1	0.006494
56795	56991	760	4.935065
56796	56315	4	0.020833
56798	56706	1	0.007519
56798	56548	2	0.015038
56798	56837	1	0.007519
56798	57000	1	0.007519
56798	56746	6	0.045113
56798	56491	2	0.015038
56798	56684	2	0.015038
56798	56717	36	0.270677
56798	56653	3	0.022556
56798	56467	1	0.007519
56798	56916	1	0.007519
56798	56886	4	0.030075
56798	56674	1	0.007519
56798	56580	1	0.007519
56798	56730	1	0.007519
56798	56991	134	1.007519
56798	56540	1	0.007519
56798	56381	2	0.015038
56798	56382	1	0.007519
56798	56965	138	1.037594
56800	56674	4	0.024390
56800	56548	15	0.091463
56800	56517	7	0.042683
56800	56742	4	0.024390
56800	56648	1	0.006098
56800	56780	4	0.024390
56800	56653	1	0.006098
56800	56687	6	0.036585
56800	56560	3	0.018293
56800	56328	4	0.024390
56800	56627	4	0.024390
56800	56837	1	0.006098
56800	56629	9	0.054878
56800	56311	2	0.012195
56800	56884	1	0.006098
56800	56991	560	3.414634
56800	56381	2	0.012195
56800	56965	3	0.018293
56801	56764	1	0.041667
56801	56364	25	1.041667
56801	56455	24	1.000000
56803	56674	3	0.000303
56803	56486	1	0.000101
56803	56583	1	0.000101
56803	56392	1	0.000101
56803	56362	2	0.000202
56803	56629	497	0.050182
56803	56375	6273	0.633380
56803	56666	3	0.000303
56803	56381	3	0.000303
56803	56341	2	0.000202
56804	56674	1	0.001182
56804	56467	1	0.001182
56804	56540	1	0.001182
56804	56341	10	0.011820
56804	56375	31	0.036643
56805	56648	1	0.000385
56805	56674	2	0.000770
56805	56587	1	0.000385
56805	56740	1	0.000385
56805	56742	2	0.000770
56805	56583	1	0.000385
56805	56616	4	0.001540
56805	56777	3	0.001155
56805	56907	2	0.000770
56805	56780	1	0.000385
56805	56653	2	0.000770
56805	56462	51	0.019630
56805	56364	3	0.001155
56805	56849	72	0.027714
56805	56436	1	0.000385
56805	56341	2	0.000770
56805	56920	1	0.000385
56805	56684	1	0.000385
56805	56335	5	0.001925
56805	56733	5	0.001925
56805	56629	2	0.000770
56809	56560	138	6.000000
56809	56953	1	0.043478
56809	56573	1	0.043478
56809	56991	23	1.000000
56810	56560	30	6.000000
56810	56991	5	1.000000
56811	56479	2	0.117647
56812	56674	4	0.010152
56812	56629	2	0.005076
56812	56648	2	0.005076
56812	56907	8	0.020305
56812	56975	2	0.005076
56812	56560	2	0.005076
56812	56501	1	0.002538
56812	56375	4	0.010152
56812	56798	1	0.002538
56812	56991	1576	4.000000
56814	56777	1	0.001462
56814	56915	2	0.002924
56814	56579	687	1.004386
56814	56583	1	0.001462
56820	56578	5	0.001797
56820	56328	9	0.003235
56820	56364	3	0.001078
56820	56843	3	0.001078
56820	56396	1902	0.683681
56820	56717	21	0.007549
56820	56975	5	0.001797
56820	56798	2	0.000719
56820	56916	5	0.001797
56820	56341	14	0.005032
56820	56375	3	0.001078
56820	56888	1	0.000359
56820	56404	2	0.000719
56820	56335	1	0.000359
56820	56924	5	0.001797
56820	56861	2	0.000719
56820	56382	6	0.002157
56823	56800	2	0.013986
56823	56711	4	0.027972
56823	56364	2	0.013986
56823	56653	6	0.041958
56823	56497	2	0.013986
56823	56882	2	0.013986
56823	56631	4	0.027972
56823	56888	4	0.027972
56823	56825	3	0.020979
56824	56548	3	0.035294
56824	56837	4	0.047059
56824	57000	1	0.011765
56824	56717	1	0.011765
56824	56882	4	0.047059
56824	56607	84	0.988235
56824	56798	4	0.047059
56824	56991	84	0.988235
56825	56379	47	0.125668
56825	56364	6	0.016043
56825	56573	1	0.002674
56826	56337	20	0.055249
56826	56648	2	0.005525
56826	56717	1	0.002762
56826	56977	1	0.002762
56826	56341	1	0.002762
56826	56375	1	0.002762
56826	56381	1	0.002762
56826	56798	1	0.002762
56827	56992	2	0.017241
56827	56674	4	0.034483
56827	56843	2	0.017241
56827	56580	2	0.017241
56827	56965	3	0.025862
56827	56607	2	0.017241
56827	56907	1	0.008621
56827	56300	2	0.017241
56827	56482	2	0.017241
56827	56975	7	0.060345
56827	56717	2	0.017241
56827	56536	2	0.017241
56827	56436	2	0.017241
56827	56375	1	0.008621
56827	56728	1	0.008621
56827	56824	1	0.008621
56827	56687	1	0.008621
56827	56798	2	0.017241
56827	56991	351	3.025862
56828	56674	3	0.011111
56828	56517	1	0.003704
56828	56583	7	0.025926
56828	56684	9	0.033333
56828	56428	2	0.007407
56828	56653	2	0.007407
56828	56381	85	0.314815
56828	56777	1	0.003704
56828	56951	6	0.022222
56828	56570	13	0.048148
56828	56861	2	0.007407
56829	56578	1	0.002611
56829	56396	445	1.161880
56829	56717	5	0.013055
56829	56870	1	0.002611
56829	56341	5	0.013055
56831	56644	1	0.010526
56831	56837	4	0.042105
56831	56648	1	0.010526
56831	56364	1	0.010526
56831	56404	3	0.031579
56831	56341	12	0.126316
56831	56375	72	0.757895
56831	56820	1	0.010526
56831	56986	4	0.042105
56831	56540	1	0.010526
56831	56381	1	0.010526
56831	56382	1	0.010526
56831	56501	1	0.010526
56832	56834	2	0.002924
56832	56328	1	0.001462
56832	56592	1	0.001462
56832	56340	8	0.011696
56832	56342	5	0.007310
56832	56344	6	0.008772
56832	56345	1	0.001462
56832	56604	2	0.002924
56832	56991	1	0.001462
56832	56742	23	0.033626
56832	56615	5	0.007310
56832	56362	11	0.016082
56832	56499	9	0.013158
56832	56631	2	0.002924
56832	56504	1	0.001462
56832	56375	88	0.128655
56832	56396	2	0.002924
56832	56916	3	0.004386
56832	56666	44	0.064327
56832	56540	2	0.002924
56832	56486	1	0.001462
56832	56681	1	0.001462
56832	56814	1	0.001462
56832	56687	3	0.004386
56832	56944	26	0.038012
56832	56310	15	0.021930
56833	56674	6	0.012397
56833	56364	2	0.004132
56833	56740	1	0.002066
56833	56517	1	0.002066
56833	56463	1	0.002066
56833	56616	2	0.004132
56833	56777	1	0.002066
56833	56458	936	1.933884
56833	56939	1	0.002066
56833	56332	2	0.004132
56833	56335	2	0.004132
56833	56733	1	0.002066
56833	56472	3	0.006198
56833	56331	1	0.002066
56833	56916	1	0.002066
56833	56629	13	0.026860
56833	56728	2	0.004132
56833	56975	4	0.008264
56833	56381	6	0.012397
56834	56428	1	0.001312
56834	56364	1	0.001312
56834	56341	4	0.005249
56834	56694	1	0.001312
56834	56375	231	0.303150
56834	56666	2	0.002625
56834	56604	1	0.001312
56834	56926	4	0.005249
56836	56907	1066	1.000000
56836	56748	1066	1.000000
56836	56653	2	0.001876
56836	56975	1	0.000938
56836	56400	2136	2.003752
56836	56629	1067	1.000938
56836	56335	1	0.000938
56837	56965	16	0.023952
56837	56331	1	0.001497
56837	56717	2	0.002994
56837	56463	1	0.001497
56837	56721	1	0.001497
56837	56851	1	0.001497
56837	56472	1	0.001497
56837	56986	1	0.001497
56837	56991	1950	2.919162
56837	56944	2	0.002994
56837	56866	2	0.002994
56837	57000	1	0.001497
56837	56482	6	0.008982
56837	56364	1	0.001497
56837	57005	1	0.001497
56837	56375	2	0.002994
56837	56504	1	0.001497
56837	56506	1	0.001497
56837	56891	1	0.001497
56837	56381	3	0.004491
56837	56639	1	0.001497
56837	56896	1	0.001497
56837	56901	1	0.001497
56837	56907	3	0.004491
56837	56781	1	0.001497
56837	56782	1	0.001497
56837	56540	1	0.001497
56837	56798	1	0.001497
56837	56977	1	0.001497
56837	56560	1	0.001497
56837	56872	1	0.001497
56837	56979	1	0.001497
56837	56824	4	0.005988
56837	56314	3	0.004491
56837	56575	1	0.001497
56838	56965	1	0.008130
56838	56588	2	0.016260
56838	56333	1	0.008130
56838	56342	1	0.008130
56838	56345	1	0.008130
56838	56837	1	0.008130
56838	56736	1	0.008130
56838	56357	1	0.008130
56838	56742	1	0.008130
56838	56364	3	0.024390
56838	56627	1	0.008130
56838	56735	1	0.008130
56838	56381	2	0.016260
56838	56653	1	0.008130
56838	56783	3	0.024390
56838	56528	1	0.008130
56838	56916	1	0.008130
56838	56540	1	0.008130
56838	56542	1	0.008130
56838	56929	61	0.495935
56838	56428	1	0.008130
56838	56687	1	0.008130
56838	56305	3	0.024390
56838	56955	2	0.016260
56838	56573	2	0.016260
56841	56375	2	0.100000
56842	56825	2460	50.204082
56842	56379	73	1.489796
56843	56965	6	0.013015
56843	56717	11	0.023861
56843	56335	1	0.002169
56843	56728	1	0.002169
56843	56730	1	0.002169
56843	56861	1	0.002169
56843	56991	1799	3.902386
56843	56481	2	0.004338
56843	56610	1	0.002169
56843	56740	1	0.002169
56843	56616	2	0.004338
56843	56364	3	0.006508
56843	56623	4	0.008677
56843	56753	6	0.013015
56843	56498	2	0.004338
56843	56479	1	0.002169
56843	56975	11	0.023861
56843	56382	1	0.002169
56843	56653	1	0.002169
56843	56655	1	0.002169
56843	56916	1	0.002169
56843	56795	1	0.002169
56843	56540	1	0.002169
56843	56798	2	0.004338
56843	56674	1	0.002169
56843	56687	1	0.002169
56843	56436	1	0.002169
56843	56314	3	0.006508
56843	56574	1	0.002169
56844	56462	3	0.028037
56845	56583	1	0.005291
56845	56518	1	0.005291
56845	56767	189	1.000000
56847	56744	2	1.000000
56847	56590	2	1.000000
56847	56431	2	1.000000
56847	56595	2	1.000000
56847	56598	2	1.000000
56847	56511	2	1.000000
56848	56467	1	0.002985
56848	56486	1	0.002985
56848	56550	1	0.002985
56848	56712	4	0.011940
56848	56777	1	0.002985
56848	56428	2	0.005970
56848	56653	5	0.014925
56848	56302	1	0.002985
56848	56976	1	0.002985
56848	56392	1	0.002985
56848	56915	1	0.002985
56848	56979	2	0.005970
56848	56666	1	0.002985
56848	56730	1	0.002985
56848	56540	1	0.002985
56848	56381	1	0.002985
56850	56674	5	0.069444
56850	56965	1	0.013889
56850	56775	92	1.277778
56850	56684	1	0.013889
56850	56907	1	0.013889
56850	56463	1	0.013889
56850	56335	1	0.013889
56850	56975	1	0.013889
56850	56381	6	0.083333
56850	56958	11	0.152778
56851	56991	5	0.108696
56853	56610	36	1.000000
56853	56780	36	1.000000
56853	56364	36	1.000000
56853	56653	146	4.055556
56853	57007	36	1.000000
56853	56728	72	2.000000
56853	56573	72	2.000000
56854	56484	1	0.062500
56854	56965	1	0.062500
56854	56742	1	0.062500
56854	56872	1	0.062500
56854	56360	1	0.062500
56854	56780	1	0.062500
56854	56653	1	0.062500
56854	56782	1	0.062500
56854	56721	1	0.062500
56854	56978	1	0.062500
56854	56851	1	0.062500
56854	56564	1	0.062500
56854	56728	2	0.125000
56854	56506	1	0.062500
56854	56991	63	3.937500
56856	56504	1	0.045455
56856	56341	2	0.090909
56856	56381	1	0.045455
56856	56375	43	1.954545
56857	56364	1	0.000833
56857	56674	7	0.005833
56857	56428	1	0.000833
56857	56653	2	0.001667
56857	56757	1	0.000833
56858	56674	1	0.002899
56858	56550	1	0.002899
56858	56540	1	0.002899
56858	56554	1	0.002899
56858	56396	2	0.005797
56858	56365	1	0.002899
56858	56687	1	0.002899
56858	56477	1	0.002899
56858	56467	1	0.002899
56858	56916	14	0.040580
56858	56341	9	0.026087
56858	56375	28	0.081159
56858	56412	1	0.002899
56858	56381	1	0.002899
56858	56382	1	0.002899
56859	56837	4	0.001248
56859	56583	1	0.000312
56859	56589	1	0.000312
56859	56335	2	0.000624
56859	56965	1	0.000312
56859	56721	1	0.000312
56859	56596	1	0.000312
56859	56341	41	0.012797
56859	56728	1	0.000312
56859	56991	3	0.000936
56859	56733	3	0.000936
56859	56607	3	0.000936
56859	56610	1	0.000312
56859	56996	1	0.000312
56859	56742	2	0.000624
56859	56871	2	0.000624
56859	56616	1	0.000312
56859	56490	3190	0.995630
56859	56364	1	0.000312
56859	56629	1	0.000312
56859	56635	3188	0.995006
56859	56636	1	0.000312
56859	56381	2	0.000624
56859	56907	1	0.000312
56859	56653	8	0.002497
56859	56975	4	0.001248
56859	56671	1	0.000312
56859	56674	6	0.001873
56859	56463	1	0.000312
56859	56433	1	0.000312
56859	56691	1	0.000312
56859	56872	1	0.000312
56859	56575	2	0.000624
56860	56625	2	0.071429
56860	56428	1	0.035714
56860	56758	2	0.071429
56860	56991	1	0.035714
56861	56740	1	0.002545
56861	56583	4	0.010178
56861	56616	1	0.002545
56861	56977	1	0.002545
56861	56627	1	0.002545
56861	56436	2	0.005089
56861	56347	1	0.002545
56862	56691	1	0.016393
56862	56607	61	1.000000
56863	56664	1	0.200000
56863	56375	2	0.400000
56865	56843	2	0.001791
56865	56375	375	0.335721
56866	56930	1	0.000629
56866	56962	1	0.000629
56866	56965	4	0.002516
56866	56961	1	0.000629
56866	56456	1612	1.013836
56866	56428	2	0.001258
56866	56714	1	0.000629
56866	56333	1	0.000629
56866	56975	6	0.003774
56866	56594	1	0.000629
56866	56467	1	0.000629
56866	56603	1	0.000629
56866	56730	1	0.000629
56866	56829	1	0.000629
56866	56477	1	0.000629
56866	56479	3	0.001887
56866	56480	1	0.000629
56866	56481	3	0.001887
56866	56712	1	0.000629
56866	56995	2	0.001258
56866	56742	2	0.001258
56866	56412	1	0.000629
56866	56578	1	0.000629
56866	56365	1	0.000629
56866	56861	1	0.000629
56866	56497	1	0.000629
56866	56629	11	0.006918
56866	56375	3	0.001887
56866	56991	1564	0.983648
56866	56381	9	0.005660
56866	56382	1	0.000629
56866	56992	1	0.000629
56866	56517	46	0.028931
56866	56518	1	0.000629
56866	56777	1	0.000629
56866	56907	21	0.013208
56866	56908	1	0.000629
56866	56653	16	0.010063
56866	56655	1	0.000629
56866	56915	1	0.000629
56866	56916	1	0.000629
56866	56536	1	0.000629
56866	56335	108	0.067925
56866	56540	1	0.000629
56866	56800	2	0.001258
56866	56674	8	0.005031
56866	56548	1	0.000629
56866	56550	1	0.000629
56866	56482	1	0.000629
56866	56554	1	0.000629
56866	56300	1	0.000629
56866	56687	2	0.001258
56866	56944	6	0.003774
56866	56433	1	0.000629
56866	56691	1	0.000629
56866	56820	1	0.000629
56866	56766	1	0.000629
56866	56404	1	0.000629
56866	56314	1	0.000629
56866	56445	1	0.000629
56867	56674	5	0.005102
56867	56375	1535	1.566327
56868	56616	12	0.096000
56868	56583	40	0.320000
56869	56899	4	2.000000
56869	56389	246	123.000000
56869	56614	4	2.000000
56869	56427	4	2.000000
56869	56503	4	2.000000
56869	56440	12	6.000000
56869	56441	4	2.000000
56869	56316	4	2.000000
56870	56425	1	0.009524
56870	56915	1	0.009524
56871	56897	1	0.003953
56871	56868	1	0.003953
56871	56583	12	0.047431
56871	56616	13766	54.411067
56871	56679	1	0.003953
56871	56748	2	0.007905
56871	56814	1	0.003953
56871	56751	1	0.003953
56871	56627	1	0.003953
56871	56436	11	0.043478
56871	56926	1	0.003953
56871	56315	3	0.011858
56871	56467	1	0.003953
56871	56991	1265	5.000000
56872	56706	1	0.001059
56872	56965	1	0.001059
56872	56583	1	0.001059
56872	56335	4	0.004237
56872	56728	1	0.001059
56872	56733	2	0.002119
56872	56607	3	0.003178
56872	56740	1	0.001059
56872	56742	1	0.001059
56872	56616	4	0.004237
56872	56627	1	0.001059
56872	56884	1	0.001059
56872	56629	14	0.014831
56872	56375	1	0.001059
56872	56991	700	0.741525
56872	56381	5	0.005297
56872	56777	1	0.001059
56872	56907	5	0.005297
56872	56908	2	0.002119
56872	56653	2	0.002119
56872	56975	1	0.001059
56872	56925	3	0.003178
56872	56674	2	0.002119
56872	56556	2144	2.271186
56872	56691	1	0.001059
56873	56965	1	0.016129
56873	56780	1	0.016129
56873	56653	1	0.016129
56873	56944	19	0.306452
56873	56314	1	0.016129
56873	56991	62	1.000000
56875	56362	1	0.028571
56875	56603	1	0.028571
56875	56532	12	0.342857
56875	56757	1	0.028571
56875	56375	15	0.428571
56877	56327	3737	0.847969
56877	56840	1	0.000227
56877	56428	2	0.000454
56877	56719	3736	0.847742
56877	56729	3742	0.849104
56877	56858	2	0.000454
56877	56733	1	0.000227
56877	56991	7	0.001588
56877	56610	1	0.000227
56877	56617	3	0.000681
56877	56364	7	0.001588
56877	56882	1	0.000227
56877	57010	1	0.000227
56877	56629	2	0.000454
56877	56375	4	0.000908
56877	56381	5	0.001135
56877	56777	1	0.000227
56877	56653	1	0.000227
56877	56911	1	0.000227
56877	56916	6	0.001361
56877	56538	3736	0.847742
56877	56669	3736	0.847742
56877	56674	1	0.000227
56877	56548	1	0.000227
56877	56680	3736	0.847742
56877	56684	1	0.000227
56877	56944	1	0.000227
56877	56566	3736	0.847742
56877	56571	3736	0.847742
56878	56896	3	0.004792
56878	56674	4	0.006390
56878	56516	2	0.003195
56878	56965	3	0.004792
56878	56742	3	0.004792
56878	56711	1	0.001597
56878	56644	1	0.001597
56878	56428	1	0.001597
56878	56375	8	0.012780
56878	56364	13	0.020767
56878	56653	15	0.023962
56878	56335	1	0.001597
56878	56616	2	0.003195
56878	56882	1	0.001597
56878	56691	3	0.004792
56878	56501	2	0.003195
56878	56328	1	0.001597
56878	56825	2	0.003195
56878	56857	1	0.001597
56878	56733	1	0.001597
56879	56341	4	0.005096
56879	56965	1	0.001274
56879	56375	5	0.006369
56880	56576	2	0.001200
56880	56583	2	0.001200
56880	56335	73	0.043818
56880	56728	3	0.001801
56880	56730	4	0.002401
56880	57007	1	0.000600
56880	56477	2	0.001200
56880	56606	396	0.237695
56880	56991	8	0.004802
56880	56610	1	0.000600
56880	56347	1	0.000600
56880	56742	2	0.001200
56880	56616	17	0.010204
56880	56364	1	0.000600
56880	56733	6	0.003601
56880	56497	6	0.003601
56880	56627	1	0.000600
56880	56629	3	0.001801
56880	56375	1	0.000600
56880	56381	2	0.001200
56880	56387	1	0.000600
56880	56777	22	0.013205
56880	56780	1	0.000600
56880	56482	2	0.001200
56880	56653	105	0.063025
56880	56995	10	0.006002
56880	56953	1	0.000600
56880	56664	15	0.009004
56880	56975	2	0.001200
56880	56674	9	0.005402
56880	56548	5	0.003001
56880	56428	6	0.003601
56880	56436	2	0.001200
56880	56565	9	0.005402
56880	56313	32	0.019208
56880	56781	8	0.004802
56880	56573	2	0.001200
56881	56458	4	2.000000
56882	56328	3	0.015544
56882	56396	4	0.020725
56882	56375	1	0.005181
56884	56800	1	0.030303
56884	56548	1	0.030303
56884	56517	1	0.030303
56884	56629	7	0.212121
56884	56504	1	0.030303
56884	56991	64	1.939394
56884	56965	38	1.151515
56885	56311	5755	3.982699
56885	56907	2	0.001384
56885	56364	1	0.000692
56885	56627	2	0.001384
56885	56375	2	0.001384
56885	56632	1	0.000692
56885	56540	42	0.029066
56886	56610	2	0.014815
56886	56580	2	0.014815
56886	56965	123	0.911111
56886	56627	1	0.007407
56886	56991	300	2.222222
56886	56381	2	0.014815
56886	56798	1	0.007407
56886	56607	1	0.007407
56887	56675	1	0.021739
56887	56335	1	0.021739
56888	56674	1	0.000898
56888	56375	32	0.028725
56888	56687	1	0.000898
56888	56916	1	0.000898
56888	56631	3	0.002693
56888	56820	1	0.000898
56888	56666	4	0.003591
56888	56540	1	0.000898
56889	56837	4	0.017241
56889	56991	88	0.379310
56890	56607	6	0.545455
56890	56742	1	0.090909
56890	56975	3	0.272727
56891	56616	1	0.004630
56891	56362	1	0.004630
56891	56387	1	0.004630
56891	56733	2	0.009259
56891	56381	1	0.004630
56893	56341	1	0.002273
56893	56375	723	1.643182
56895	56914	30	15.000000
56896	56578	1	0.020408
56896	56674	1	0.020408
56896	56653	9	0.183673
56896	56879	7	0.142857
56897	56643	1	0.000375
56897	56965	2	0.000750
56897	56583	3	0.001125
56897	56616	59	0.022122
56897	56364	3	0.001125
56897	56334	3	0.001125
56897	56787	3	0.001125
56897	56764	3	0.001125
56897	56861	2	0.000750
56897	56734	3	0.001125
56897	56991	11	0.004124
56898	56965	1	0.008065
56898	56838	4	0.032258
56898	56588	2	0.016129
56898	56333	1	0.008065
56898	56342	1	0.008065
56898	56345	1	0.008065
56898	56837	1	0.008065
56898	56736	1	0.008065
56898	56357	1	0.008065
56898	56742	1	0.008065
56898	56364	3	0.024194
56898	56627	1	0.008065
56898	56735	1	0.008065
56898	56381	2	0.016129
56898	56653	1	0.008065
56898	56783	3	0.024194
56898	56528	1	0.008065
56898	56916	1	0.008065
56898	56540	1	0.008065
56898	56542	1	0.008065
56898	56929	61	0.491935
56898	56428	1	0.008065
56898	56687	1	0.008065
56898	56305	3	0.024194
56898	56955	2	0.016129
56898	56573	2	0.016129
56899	56389	246	123.000000
56899	56614	4	2.000000
56899	56427	4	2.000000
56899	56503	4	2.000000
56899	56440	12	6.000000
56899	56441	4	2.000000
56899	56316	4	2.000000
56899	56869	4	2.000000
56900	56687	2	0.012903
56900	56944	1	0.006452
56900	56629	1	0.006452
56900	56375	13	0.083871
56900	56542	152	0.980645
56900	56341	2	0.012903
56902	56467	1	0.002959
56902	56486	1	0.002959
56902	56550	1	0.002959
56902	56712	4	0.011834
56902	56777	1	0.002959
56902	56428	2	0.005917
56902	56653	5	0.014793
56902	56302	1	0.002959
56902	56976	1	0.002959
56902	56392	1	0.002959
56902	56915	1	0.002959
56902	56979	2	0.005917
56902	56666	1	0.002959
56902	56730	1	0.002959
56902	56540	1	0.002959
56902	56381	1	0.002959
56907	56961	1	0.000504
56907	56706	1	0.000504
56907	56836	4	0.002017
56907	56965	61	0.030761
56907	56583	3	0.001513
56907	56329	1	0.000504
56907	56331	3	0.001513
56907	56837	4	0.002017
56907	56589	1	0.000504
56907	56975	2012	1.014624
56907	56721	3	0.001513
56907	56851	5	0.002521
56907	56728	13	0.006556
56907	56986	2	0.001009
56907	56733	1	0.000504
56907	56991	5947	2.998991
56907	56866	4	0.002017
56907	56740	2	0.001009
56907	56616	3	0.001513
56907	56463	7	0.003530
56907	56621	3	0.001513
56907	56861	1	0.000504
56907	56880	2	0.001009
56907	56753	1	0.000504
56907	56627	6	0.003026
56907	56629	6	0.003026
56907	56375	1	0.000504
56907	56564	2	0.001009
56907	56506	3	0.001513
56907	56891	2	0.001009
56907	56636	2	0.001009
56907	56381	11	0.005547
56907	56639	2	0.001009
56907	56896	2	0.001009
56907	57005	5	0.002521
56907	56515	2	0.001009
56907	56517	1	0.000504
56907	56781	2	0.001009
56907	56782	4	0.002017
56907	56655	1	0.000504
56907	56472	3	0.001513
56907	56335	30	0.015129
56907	56674	7	0.003530
56907	56548	2	0.001009
56907	56934	2	0.001009
56907	56977	2	0.001009
56907	56554	2	0.001009
56907	56428	1	0.000504
56907	56560	3	0.001513
56907	56872	4	0.002017
56907	56979	2	0.001009
56907	56436	5	0.002521
56907	56311	4	0.002017
56907	56575	2	0.001009
56908	56965	11	0.001992
56908	56328	6	0.001087
56908	56329	1	0.000181
56908	56843	1	0.000181
56908	56837	1	0.000181
56908	56975	8	0.001449
56908	56467	6	0.001087
56908	56341	15	0.002717
56908	56991	9	0.001630
56908	56992	6	0.001087
56908	56742	3	0.000543
56908	56872	10	0.001811
56908	56540	3	0.000543
56908	56364	6	0.001087
56908	56365	2	0.000362
56908	56819	3	0.000543
56908	56629	10	0.001811
56908	56375	22	0.003985
56908	56382	6	0.001087
56908	56396	28	0.005072
56908	56653	4	0.000725
56908	56655	4	0.000725
56908	56404	1	0.000181
56908	56924	126	0.022822
56908	56798	9	0.001630
56908	56674	3	0.000543
56908	56554	1	0.000181
56908	56428	12	0.002174
56908	56691	15	0.002717
56908	56314	3	0.000543
56911	56481	1	0.001399
56911	56467	2	0.002797
56911	56518	1	0.001399
56911	56550	1	0.001399
56911	56681	1	0.001399
56911	56428	1	0.001399
56911	56687	1	0.001399
56911	56627	3	0.004196
56911	56916	5	0.006993
56911	56629	1	0.001399
56911	56375	170	0.237762
56911	56858	1	0.001399
56911	56382	2	0.002797
56912	56930	2	0.005155
56912	56375	30	0.077320
56915	56870	35	0.021944
56915	56328	5	0.003135
56915	56746	1	0.000627
56915	56364	39	0.024451
56915	56717	4	0.002508
56915	56975	1	0.000627
56915	56497	1	0.000627
56915	56882	1	0.000627
56915	56916	1	0.000627
56915	56341	4	0.002508
56915	56733	3	0.001881
56915	56798	43	0.026959
56915	56616	1	0.000627
56916	56576	3	0.001203
56916	56858	5	0.002005
56916	56580	1	0.000401
56916	56837	1	0.000401
56916	56328	15	0.006014
56916	56717	54	0.021652
56916	56590	4	0.001604
56916	56975	4	0.001604
56916	56467	1	0.000401
56916	56341	2	0.000802
56916	56861	2	0.000802
56916	56728	2	0.000802
56916	56730	1	0.000401
56916	56477	2	0.000802
56916	56991	1	0.000401
56916	56610	1	0.000401
56916	56616	2	0.000802
56916	56540	2	0.000802
56916	56746	2	0.000802
56916	56364	3	0.001203
56916	56706	1	0.000401
56916	56733	2	0.000802
56916	56497	2	0.000802
56916	56882	1	0.000401
56916	56886	1	0.000401
56916	56607	1	0.000401
56916	56381	1	0.000401
56916	56382	4	0.001604
56916	56907	1	0.000401
56916	56653	1	0.000401
56916	56655	1	0.000401
56916	56915	1	0.000401
56916	56404	160	0.064154
56916	56335	1	0.000401
56916	56924	5	0.002005
56916	56798	13	0.005213
56916	56800	2	0.000802
56916	56674	2	0.000802
56916	56550	5	0.002005
56916	56814	6	0.002406
56916	56687	1	0.000401
56916	56436	2	0.000802
56918	56579	4	0.003906
56918	56382	4	0.003906
56918	56428	2	0.001953
56918	56494	2	0.001953
56918	56814	8	0.007812
56918	56375	2186	2.134766
56918	56345	4	0.003906
56918	56412	10	0.009766
56918	56861	8	0.007812
56918	56766	10	0.009766
56918	56341	2	0.001953
56920	57005	1	0.013333
56920	56866	1	0.013333
56920	56837	1	0.013333
56920	56489	2	0.026667
56920	56621	1	0.013333
56920	56335	2	0.026667
56920	56721	1	0.013333
56920	56916	1	0.013333
56920	56798	4	0.053333
56920	56345	1	0.013333
56920	56991	257	3.426667
56920	56381	4	0.053333
56920	56574	1	0.013333
56920	56607	1	0.013333
56921	56328	1	0.016129
56921	56882	1	0.016129
56921	56428	1	0.016129
56921	56381	1	0.016129
56921	56375	1	0.016129
56922	56328	2	0.006431
56922	56908	12	0.038585
56922	56341	1	0.003215
56922	56375	1726	5.549839
56922	56382	1	0.003215
56922	56991	2	0.006431
56924	56576	1	0.004098
56924	56517	2	0.008197
56924	56965	3	0.012295
56924	56583	3	0.012295
56924	56328	1	0.004098
56924	56428	8	0.032787
56924	56944	4	0.016393
56924	56370	1	0.004098
56924	56629	1	0.004098
56924	56504	2	0.008197
56924	56991	732	3.000000
56925	56965	1	0.050000
56925	56872	5	0.250000
56925	56556	1	0.050000
56925	56654	2	0.100000
56925	56990	1	0.050000
56925	56607	1	0.050000
56926	56409	66	0.244444
56926	56962	65	0.240741
56926	56661	65	0.240741
56926	56977	70	0.259259
56929	56965	1	0.007692
56929	56838	4	0.030769
56929	56588	2	0.015385
56929	56333	1	0.007692
56929	56342	1	0.007692
56929	56345	1	0.007692
56929	56837	1	0.007692
56929	56736	1	0.007692
56929	56357	1	0.007692
56929	56742	1	0.007692
56929	56364	3	0.023077
56929	56627	1	0.007692
56929	56735	1	0.007692
56929	56381	2	0.015385
56929	56653	1	0.007692
56929	56783	3	0.023077
56929	56528	1	0.007692
56929	56916	1	0.007692
56929	56540	1	0.007692
56929	56542	1	0.007692
56929	56428	1	0.007692
56929	56687	1	0.007692
56929	56305	3	0.023077
56929	56955	2	0.015385
56929	56573	2	0.015385
56930	56961	1	0.000891
56930	56328	1	0.000891
56930	56300	2	0.001783
56930	56714	1	0.000891
56930	56971	1	0.000891
56930	56717	6	0.005348
56930	56335	1	0.000891
56930	56338	1	0.000891
56930	56341	2	0.001783
56930	56615	1	0.000891
56930	56924	3	0.002674
56930	56364	1	0.000891
56930	56365	1	0.000891
56930	56882	1	0.000891
56930	56627	3	0.002674
56930	56843	2	0.001783
56930	56517	2	0.001783
56930	56648	3	0.002674
56930	56396	1122	1.000000
56930	56653	3	0.002674
56930	56655	4	0.003565
56930	56912	3	0.002674
56930	56914	1	0.000891
56930	56540	1	0.000891
56930	56798	4	0.003565
56930	56554	1	0.000891
56930	56428	3	0.002674
56930	56314	1	0.000891
56931	56467	1	0.002985
56931	56486	1	0.002985
56931	56550	1	0.002985
56931	56712	4	0.011940
56931	56777	1	0.002985
56931	56428	2	0.005970
56931	56653	5	0.014925
56931	56302	1	0.002985
56931	56976	1	0.002985
56931	56392	1	0.002985
56931	56915	1	0.002985
56931	56979	2	0.005970
56931	56666	1	0.002985
56931	56730	1	0.002985
56931	56540	1	0.002985
56931	56381	1	0.002985
56932	56560	30	6.000000
56932	56991	5	1.000000
56934	56392	2	0.068966
56934	56908	2	0.068966
56934	56302	8	0.275862
56934	56335	2	0.068966
56934	56991	2	0.068966
56934	56733	1	0.034483
56934	56607	2	0.068966
56936	56560	18	6.000000
56936	56991	3	1.000000
56937	56363	16	0.695652
56939	56995	1	0.029412
56939	56965	2	0.058824
56939	56360	1	0.029412
56939	56717	1	0.029412
56939	57007	1	0.029412
56939	56497	2	0.058824
56939	56728	2	0.058824
56939	56975	1	0.029412
56939	56991	100	2.941176
56940	56616	8	0.009792
56940	56617	6	0.007344
56940	56540	11	0.013464
56940	56344	10	0.012240
56940	56335	1	0.001224
56943	56674	2	0.025000
56943	56991	6	0.075000
56943	56540	1	0.012500
56943	56629	1	0.012500
56943	56375	15	0.187500
56944	56706	1	0.003185
56944	56548	1	0.003185
56944	56837	1	0.003185
56944	56742	1	0.003185
56944	56873	3	0.009554
56944	56691	1	0.003185
56944	56975	1	0.003185
56944	56965	1	0.003185
56944	56627	1	0.003185
56944	56920	1	0.003185
56944	56795	1	0.003185
56944	56574	1	0.003185
56944	56991	879	2.799363
56945	56965	1	0.008065
56945	56838	4	0.032258
56945	56588	2	0.016129
56945	56333	1	0.008065
56945	56342	1	0.008065
56945	56345	1	0.008065
56945	56837	1	0.008065
56945	56736	1	0.008065
56945	56357	1	0.008065
56945	56742	1	0.008065
56945	56364	3	0.024194
56945	56627	1	0.008065
56945	56735	1	0.008065
56945	56381	2	0.016129
56945	56653	1	0.008065
56945	56783	3	0.024194
56945	56528	1	0.008065
56945	56916	1	0.008065
56945	56540	1	0.008065
56945	56542	1	0.008065
56945	56929	61	0.491935
56945	56428	1	0.008065
56945	56687	1	0.008065
56945	56305	3	0.024194
56945	56955	2	0.016129
56945	56573	2	0.016129
56949	56837	1	0.000619
56949	56329	6	0.003715
56949	56843	1	0.000619
56949	56333	1	0.000619
56949	56335	8	0.004954
56949	56337	1	0.000619
56949	56341	4	0.002477
56949	56854	1	0.000619
56949	56345	1	0.000619
56949	56347	1	0.000619
56949	56861	1	0.000619
56949	56351	1	0.000619
56949	56357	1	0.000619
56949	56360	1	0.000619
56949	56873	1	0.000619
56949	56363	1	0.000619
56949	56364	6	0.003715
56949	56365	1	0.000619
56949	56882	1	0.000619
56949	56884	1	0.000619
56949	56886	1	0.000619
56949	56375	1	0.000619
56949	56889	1	0.000619
56949	56381	6	0.003715
56949	56382	1	0.000619
56949	56387	1	0.000619
56949	56907	6	0.003715
56949	56908	1	0.000619
56949	56915	1	0.000619
56949	56916	1	0.000619
56949	56924	2	0.001238
56949	56930	1	0.000619
56949	56428	10	0.006192
56949	56944	6	0.003715
56949	56433	1	0.000619
56949	56436	1	0.000619
56949	56953	1	0.000619
56949	56956	1	0.000619
56949	56962	1	0.000619
56949	56965	10	0.006192
56949	56975	1	0.000619
56949	56976	1	0.000619
56949	56467	1	0.000619
56949	56477	1	0.000619
56949	56479	1	0.000619
56949	56480	1	0.000619
56949	56481	1	0.000619
56949	56482	1	0.000619
56949	56995	1	0.000619
56949	56997	1	0.000619
56949	56489	1	0.000619
56949	56491	1	0.000619
56949	56496	27	0.016718
56949	56497	1	0.000619
56949	56498	1	0.000619
56949	56501	1	0.000619
56949	56504	1	0.000619
56949	56517	4	0.002477
56949	56518	4	0.002477
56949	56536	1	0.000619
56949	56548	2	0.001238
56949	56550	1	0.000619
56949	56554	1	0.000619
56949	56565	1	0.000619
56949	56573	1	0.000619
56949	56574	1	0.000619
56949	56578	1	0.000619
56949	56580	1	0.000619
56949	56583	6	0.003715
56949	56594	1	0.000619
56949	56603	1	0.000619
56949	56605	5	0.003096
56949	56607	1	0.000619
56949	56610	2	0.001238
56949	56616	1	0.000619
56949	56627	2	0.001238
56949	56629	20	0.012384
56949	56648	2	0.001238
56949	56653	54	0.033437
56949	56655	1	0.000619
56949	56463	141	0.087307
56949	56674	7	0.004334
56949	56678	2	0.001238
56949	56679	1	0.000619
56949	56684	1	0.000619
56949	56687	1	0.000619
56949	56691	2	0.001238
56949	56694	1	0.000619
56949	56706	3	0.001858
56949	56711	1	0.000619
56949	56712	1	0.000619
56949	56714	1	0.000619
56949	56717	2	0.001238
56949	56728	2	0.001238
56949	56730	1	0.000619
56949	56733	5	0.003096
56949	56740	1	0.000619
56949	56742	1	0.000619
56949	56412	1	0.000619
56949	56753	1	0.000619
56949	56756	1	0.000619
56949	56991	694	0.429721
56949	56766	1	0.000619
56949	56777	1	0.000619
56949	56779	1	0.000619
56949	56780	1	0.000619
56949	56396	1	0.000619
56949	56785	1	0.000619
56949	56788	2097	1.298452
56949	56795	1	0.000619
56949	56796	1	0.000619
56949	56798	1	0.000619
56949	56800	1	0.000619
56949	56315	3	0.001858
56949	56300	1	0.000619
56949	56820	1	0.000619
56949	56824	1	0.000619
56949	56404	1	0.000619
56949	56314	1	0.000619
56949	56827	1	0.000619
56949	56829	1	0.000619
56950	56764	1	0.041667
56950	56364	25	1.041667
56950	56455	24	1.000000
56951	56674	2	0.060606
56951	56341	2	0.060606
56951	56375	47	1.424242
56953	56800	5	0.053763
56953	56375	4	0.043011
56953	56381	1	0.010753
56953	56991	368	3.956989
56954	56560	30	6.000000
56954	56991	5	1.000000
56955	56965	1	0.008065
56955	56838	4	0.032258
56955	56588	2	0.016129
56955	56333	1	0.008065
56955	56342	1	0.008065
56955	56345	1	0.008065
56955	56837	1	0.008065
56955	56736	1	0.008065
56955	56357	1	0.008065
56955	56742	1	0.008065
56955	56364	3	0.024194
56955	56627	1	0.008065
56955	56735	1	0.008065
56955	56381	2	0.016129
56955	56653	1	0.008065
56955	56783	3	0.024194
56955	56528	1	0.008065
56955	56916	1	0.008065
56955	56540	1	0.008065
56955	56542	1	0.008065
56955	56929	61	0.491935
56955	56428	1	0.008065
56955	56687	1	0.008065
56955	56305	3	0.024194
56955	56573	2	0.016129
56956	56965	3	0.003311
56956	56648	2	0.002208
56956	56364	4	0.004415
56956	56717	2	0.002208
56956	56328	3	0.003311
56956	56467	13	0.014349
56956	56916	12	0.013245
56956	56536	2	0.002208
56956	56794	2	0.002208
56958	56961	1	0.004000
56958	56613	1	0.004000
56958	56333	2	0.008000
56958	56528	1	0.004000
56958	56755	1	0.004000
56958	56341	3	0.012000
56958	56375	41	0.164000
56958	56412	1	0.004000
56958	56542	2	0.008000
56961	56706	1	0.001437
56961	56328	4	0.005747
56961	56717	8	0.011494
56961	56590	1	0.001437
56961	56463	2	0.002874
56961	56341	1	0.001437
56961	56730	1	0.001437
56961	56733	3	0.004310
56961	56540	3	0.004310
56961	56365	3	0.004310
56961	56605	2	0.002874
56961	56381	1	0.001437
56961	56382	5	0.007184
56961	56924	1	0.001437
56961	56518	1	0.001437
56961	56396	8	0.011494
56961	56655	6	0.008621
56961	56404	1	0.001437
56961	56412	1	0.001437
56961	56674	4	0.005747
56961	56554	3	0.004310
56961	56428	1	0.001437
56961	56617	1	0.001437
56961	56916	1	0.001437
56962	56578	2	0.001733
56962	56324	3	0.002600
56962	56328	1	0.000867
56962	56834	2	0.001733
56962	56341	3	0.002600
56962	56728	1	0.000867
56962	56991	1	0.000867
56962	56616	2	0.001733
56962	56364	1	0.000867
56962	56624	1	0.000867
56962	56499	2	0.001733
56962	56375	1	0.000867
56962	56382	1	0.000867
56962	56648	1	0.000867
56962	56396	12	0.010399
56962	56717	4	0.003466
56962	56916	1	0.000867
56962	56407	1	0.000867
56962	56655	2	0.001733
56962	56798	1	0.000867
56962	56428	2	0.001733
56962	56317	2	0.001733
56963	56355	2	1.000000
56964	56385	6201	70.465909
56964	56786	2	0.022727
56964	56988	2	0.022727
56965	56583	1	0.001869
56965	56717	2	0.003738
56965	56590	2	0.003738
56965	56335	4	0.007477
56965	56341	1	0.001869
56965	56991	2634	4.923364
56965	56610	1	0.001869
56965	56795	1	0.001869
56965	56742	1	0.001869
56965	56498	1	0.001869
56965	56497	3	0.005607
56965	56882	1	0.001869
56965	56884	2	0.003738
56965	56629	2	0.003738
56965	56886	1	0.001869
56965	56479	1	0.001869
56965	56381	1	0.001869
56965	56518	1	0.001869
56965	56780	2	0.003738
56965	56653	1	0.001869
56965	56975	1	0.001869
56965	56674	1	0.001869
56965	56548	4	0.007477
56965	56939	2	0.003738
56965	56428	4	0.007477
56965	56944	4	0.007477
56965	56691	1	0.001869
56965	56574	3	0.005607
56967	56965	1	0.008065
56967	56838	4	0.032258
56967	56588	2	0.016129
56967	56333	1	0.008065
56967	56342	1	0.008065
56967	56345	1	0.008065
56967	56837	1	0.008065
56967	56736	1	0.008065
56967	56357	1	0.008065
56967	56742	1	0.008065
56967	56364	3	0.024194
56967	56627	1	0.008065
56967	56735	1	0.008065
56967	56381	2	0.016129
56967	56653	1	0.008065
56967	56783	3	0.024194
56967	56528	1	0.008065
56967	56916	1	0.008065
56967	56540	1	0.008065
56967	56542	1	0.008065
56967	56929	61	0.491935
56967	56428	1	0.008065
56967	56687	1	0.008065
56967	56305	3	0.024194
56967	56955	2	0.016129
56967	56573	2	0.016129
56968	56872	1	0.018519
56968	56922	35	0.648148
56968	56375	35	0.648148
56969	56299	3	0.001572
56969	56687	1	0.000524
56969	56375	12	0.006289
56971	56375	2	2.000000
56972	56417	3	0.001753
56972	56646	3	0.001753
56972	56328	2	0.001169
56972	56627	3	0.001753
56972	56916	6	0.003507
56972	56341	15	0.008767
56972	56375	73	0.042665
56972	56763	12	0.007013
56972	56381	6	0.003507
56972	56991	3	0.001753
56975	56674	3	0.028037
56975	56907	2	0.018692
56975	56939	3	0.028037
56975	56742	5	0.046729
56975	56679	2	0.018692
56975	56965	2	0.018692
56975	56843	4	0.037383
56975	56780	3	0.028037
56975	56653	5	0.046729
56975	56335	16	0.149533
56975	56944	10	0.093458
56975	56717	3	0.028037
56975	56627	2	0.018692
56975	56341	2	0.018692
56975	56854	1	0.009346
56975	56728	9	0.084112
56975	56798	1	0.009346
56975	56991	312	2.915888
56976	56861	1	0.002695
56976	56328	2	0.005391
56976	56687	2	0.005391
56976	56916	1	0.002695
56976	56756	1	0.002695
56976	56655	1	0.002695
56976	56540	50	0.134771
56976	56477	1	0.002695
56976	56991	4	0.010782
56977	56962	22	0.012644
56977	56364	3	0.001724
56977	56517	7	0.004023
56977	56583	12	0.006897
56977	56329	15	0.008621
56977	56907	40	0.022989
56977	56684	7	0.004023
56977	56834	17	0.009770
56977	56975	7	0.004023
56977	56497	7	0.004023
56977	56436	8	0.004598
56977	56661	1	0.000575
56977	56728	3	0.001724
56977	56409	1	0.000575
56977	56335	4	0.002299
56977	56861	8	0.004598
56977	56381	10	0.005747
56977	56926	4385	2.520115
56978	56576	16	0.035320
56978	56451	4	0.008830
56978	56965	2	0.004415
56978	56711	1	0.002208
56978	56333	1	0.002208
56978	56335	2	0.004415
56978	56597	5	0.011038
56978	56728	5	0.011038
56978	56730	2	0.004415
56978	56733	2	0.004415
56978	56991	2	0.004415
56978	56482	2	0.004415
56978	56616	3	0.006623
56978	56583	5	0.011038
56978	56364	1	0.002208
56978	56627	2	0.004415
56978	56375	2	0.004415
56978	56607	1	0.002208
56978	56381	5	0.011038
56978	56653	1	0.002208
56978	56916	1	0.002208
56978	56664	1	0.002208
56978	56540	1	0.002208
56978	56684	1	0.002208
56978	56687	2	0.004415
56978	56436	3	0.006623
56978	56314	1	0.002208
56979	56548	11	0.014726
56979	56965	6	0.008032
56979	56742	3	0.004016
56979	56583	2	0.002677
56979	56364	3	0.004016
56979	56780	1	0.001339
56979	56653	120	0.160643
56979	56335	6	0.008032
56979	56497	4	0.005355
56979	56691	3	0.004016
56979	56629	2	0.002677
56979	56975	2	0.002677
56979	56991	6	0.008032
56979	56381	3	0.004016
56979	56517	6	0.008032
56980	56965	1	0.008065
56980	56838	4	0.032258
56980	56588	2	0.016129
56980	56333	1	0.008065
56980	56342	1	0.008065
56980	56345	1	0.008065
56980	56837	1	0.008065
56980	56736	1	0.008065
56980	56357	1	0.008065
56980	56742	1	0.008065
56980	56364	3	0.024194
56980	56627	1	0.008065
56980	56735	1	0.008065
56980	56381	2	0.016129
56980	56653	1	0.008065
56980	56783	3	0.024194
56980	56528	1	0.008065
56980	56916	1	0.008065
56980	56540	1	0.008065
56980	56542	1	0.008065
56980	56929	61	0.491935
56980	56428	1	0.008065
56980	56687	1	0.008065
56980	56305	3	0.024194
56980	56955	2	0.016129
56980	56573	2	0.016129
56982	56467	1	0.002959
56982	56486	1	0.002959
56982	56550	1	0.002959
56982	56712	4	0.011834
56982	56777	1	0.002959
56982	56428	2	0.005917
56982	56653	5	0.014793
56982	56302	1	0.002959
56982	56976	1	0.002959
56982	56392	1	0.002959
56982	56915	1	0.002959
56982	56979	2	0.005917
56982	56666	1	0.002959
56982	56730	1	0.002959
56982	56540	1	0.002959
56982	56381	1	0.002959
56983	56706	2	0.012346
56983	56565	1	0.006173
56983	56965	165	1.018519
56983	56518	1	0.006173
56983	56335	1	0.006173
56983	56428	3	0.018519
56983	56717	32	0.197531
56983	56687	1	0.006173
56983	56837	3	0.018519
56983	56629	2	0.012346
56983	56653	21	0.129630
56983	56991	486	3.000000
56983	56798	2	0.012346
56983	56341	18	0.111111
56985	56777	1	0.029412
56986	56674	1	0.016949
56986	56644	60	1.016949
56986	56616	1	0.016949
56986	56653	122	2.067797
56986	56975	1	0.016949
56986	56436	1	0.016949
56986	56629	1	0.016949
56986	56412	1	0.016949
56986	56861	1	0.016949
56986	56831	62	1.050847
56988	56385	336	67.200000
56988	56786	2	0.400000
56988	56964	8	1.600000
56990	56506	3	0.005495
56990	56388	1	0.001832
56990	56382	1	0.001832
56991	56836	2	0.010870
56991	56837	7	0.038043
56991	56328	12	0.065217
56991	56329	4	0.021739
56991	56843	7	0.038043
56991	56333	4	0.021739
56991	56335	7	0.038043
56991	56337	4	0.021739
56991	56851	2	0.010870
56991	56341	6	0.032609
56991	56854	4	0.021739
56991	56345	6	0.032609
56991	56347	4	0.021739
56991	56861	2	0.010870
56991	56351	4	0.021739
56991	56866	2	0.010870
56991	56357	6	0.032609
56991	56360	4	0.021739
56991	56873	4	0.021739
56991	56363	4	0.021739
56991	56364	14	0.076087
56991	56365	5	0.027174
56991	56979	2	0.010870
56991	56331	2	0.010870
56991	56882	9	0.048913
56991	56884	4	0.021739
56991	56886	4	0.021739
56991	56375	27	0.146739
56991	56889	4	0.021739
56991	56890	2	0.010870
56991	56891	2	0.010870
56991	56381	7	0.038043
56991	56382	4	0.021739
56991	56896	2	0.010870
56991	56387	4	0.021739
56991	56907	13	0.070652
56991	56908	4	0.021739
56991	56915	4	0.021739
56991	56916	4	0.021739
56991	56920	3	0.016304
56991	56924	8	0.043478
56991	56930	4	0.021739
56991	56939	2	0.010870
56991	56428	22	0.119565
56991	56944	18	0.097826
56991	56433	4	0.021739
56991	56436	6	0.032609
56991	56437	2	0.010870
56991	56953	7	0.038043
56991	56956	4	0.021739
56991	56962	4	0.021739
56991	56965	219	1.190217
56991	56975	5	0.027174
56991	56976	6	0.032609
56991	56977	2	0.010870
56991	56978	2	0.010870
56991	56467	4	0.021739
56991	56472	2	0.010870
56991	56986	2	0.010870
56991	56477	6	0.032609
56991	56479	6	0.032609
56991	56480	4	0.021739
56991	56481	6	0.032609
56991	56482	4	0.021739
56991	56995	5	0.027174
56991	56484	2	0.010870
56991	56997	6	0.032609
56991	57000	4	0.021739
56991	56489	4	0.021739
56991	56491	6	0.032609
56991	57005	2	0.010870
56991	57007	2	0.010870
56991	56496	6	0.032609
56991	56497	6	0.032609
56991	56498	4	0.021739
56991	56501	4	0.021739
56991	56504	8	0.043478
56991	56506	2	0.010870
56991	56515	2	0.010870
56991	56517	9	0.048913
56991	56518	5	0.027174
56991	56532	2	0.010870
56991	56536	4	0.021739
56991	56548	4	0.021739
56991	56550	4	0.021739
56991	56554	4	0.021739
56991	56560	2	0.010870
56991	56872	2	0.010870
56991	56565	6	0.032609
56991	56573	7	0.038043
56991	56574	4	0.021739
56991	56575	2	0.010870
56991	56578	4	0.021739
56991	56580	5	0.027174
56991	56583	13	0.070652
56991	56589	2	0.010870
56991	56594	4	0.021739
56991	56603	4	0.021739
56991	56607	11	0.059783
56991	56610	11	0.059783
56991	56616	16	0.086957
56991	56621	2	0.010870
56991	56624	2	0.010870
56991	56627	15	0.081522
56991	56629	22	0.119565
56991	56636	2	0.010870
56991	56639	2	0.010870
56991	56648	8	0.043478
56991	56653	23	0.125000
56991	56655	4	0.021739
56991	56463	2	0.010870
56991	56674	6	0.032609
56991	56678	6	0.032609
56991	56679	7	0.038043
56991	56684	12	0.065217
56991	56687	10	0.054348
56991	56691	11	0.059783
56991	56706	7	0.038043
56991	56711	13	0.070652
56991	56712	4	0.021739
56991	56714	4	0.021739
56991	56717	16	0.086957
56991	56721	2	0.010870
56991	56728	4	0.021739
56991	56730	4	0.021739
56991	56733	6	0.032609
56991	56735	2	0.010870
56991	56740	6	0.032609
56991	56742	4	0.021739
56991	56746	3	0.016304
56991	56412	2	0.010870
56991	56753	4	0.021739
56991	56756	4	0.021739
56991	56766	4	0.021739
56991	56992	2	0.010870
56991	56777	4	0.021739
56991	56779	5	0.027174
56991	56780	9	0.048913
56991	56781	2	0.010870
56991	56782	2	0.010870
56991	56396	7	0.038043
56991	56785	4	0.021739
56991	56483	2	0.010870
56991	56795	4	0.021739
56991	56796	4	0.021739
56991	56798	5	0.027174
56991	56800	9	0.048913
56991	56827	7	0.038043
56991	56300	4	0.021739
56991	56814	4	0.021739
56991	56820	4	0.021739
56991	56311	2	0.010870
56991	56824	4	0.021739
56991	56404	4	0.021739
56991	56314	5	0.027174
56991	56315	6	0.032609
56991	56829	4	0.021739
56992	56965	7	0.003590
56992	56328	19	0.009744
56992	56428	6	0.003077
56992	56332	1	0.000513
56992	56717	6	0.003077
56992	56975	1	0.000513
56992	56467	1	0.000513
56992	56472	7	0.003590
56992	56730	1	0.000513
56992	56604	3	0.001538
56992	56477	1	0.000513
56992	56616	1	0.000513
56992	56364	4	0.002051
56992	56629	6	0.003077
56992	56382	2	0.001026
56992	56390	1	0.000513
56992	56648	3	0.001538
56992	56780	3	0.001538
56992	56396	77	0.039487
56992	56540	2	0.001026
56992	56798	4	0.002051
56992	56674	18	0.009231
56992	56550	6	0.003077
56992	56681	3	0.001538
56992	56554	1	0.000513
56992	56300	4	0.002051
56992	56687	1	0.000513
56992	56573	3	0.001538
56993	56576	4	0.005249
56993	56482	1	0.001312
56993	56616	1	0.001312
56993	56362	1	0.001312
56993	56920	1	0.001312
56993	56310	1	0.001312
56993	56375	41	0.053806
56993	56664	3	0.003937
56993	56666	6	0.007874
56993	56540	1	0.001312
56994	56560	30	6.000000
56994	56991	5	1.000000
56995	56329	1	0.010638
56995	56965	94	1.000000
56995	56991	282	3.000000
56996	56433	2	0.023256
56996	56467	1	0.011628
56996	56916	1	0.011628
56996	56375	16	0.186047
56998	56576	1	0.034483
56998	56467	1	0.034483
56998	56916	1	0.034483
56998	56861	1	0.034483
56998	56599	1	0.034483
57000	56375	2	0.034483
57000	56965	3	0.051724
57000	56991	112	1.931034
57003	56674	6	0.012397
57003	56364	2	0.004132
57003	56740	1	0.002066
57003	56517	1	0.002066
57003	56463	1	0.002066
57003	56616	2	0.004132
57003	56777	1	0.002066
57003	56458	936	1.933884
57003	56939	1	0.002066
57003	56332	2	0.004132
57003	56335	2	0.004132
57003	56733	1	0.002066
57003	56472	3	0.006198
57003	56331	1	0.002066
57003	56916	1	0.002066
57003	56629	13	0.026860
57003	56728	2	0.004132
57003	56975	4	0.008264
57003	56381	6	0.012397
57005	56674	123	0.814570
57005	56548	1	0.006623
57005	56613	279	1.847682
57005	56711	2	0.013245
57005	56583	4	0.026490
57005	56684	1	0.006623
57005	56975	3	0.019868
57005	56629	15	0.099338
57005	56730	2	0.013245
57005	56315	3	0.019868
57005	56478	1	0.006623
57005	56991	1	0.006623
57006	56674	1	0.003279
57006	56583	1	0.003279
57006	56616	1	0.003279
57006	56364	2	0.006557
57006	56941	3	0.009836
57006	56375	91	0.298361
57006	56985	2	0.006557
57007	56560	1	0.090909
57007	56484	12	1.090909
57007	56653	11	1.000000
57007	56975	11	1.000000
57009	56581	1	0.000273
57009	56678	1	0.000273
57009	56583	1	0.000273
57009	56462	2	0.000546
57009	56335	2	0.000546
57009	56590	3	0.000819
57009	56311	1	0.000273
57009	56314	1	0.000273
57012	56576	2	0.009050
57012	56774	3	0.013575
57012	56328	2	0.009050
57012	56780	1	0.004525
57012	56364	4	0.018100
57012	56943	2	0.009050
57012	56396	1	0.004525
57012	56648	1	0.004525
57012	56627	1	0.004525
57012	56375	4	0.018100
57012	56632	2	0.009050
57012	56381	4	0.018100
57012	56991	1	0.004525
