Src	Trg	LinkCount	RelLinkCount
43535	44440	12	0.018547
43535	44112	8	0.012365
43535	44321	8	0.012365
43535	43813	427	0.659969
43535	43943	6	0.009274
43536	44523	6	2.000000
43540	43937	1	0.028571
43540	44199	1	0.028571
43540	44523	7	0.200000
43540	43567	1	0.028571
43540	44535	1	0.028571
43540	44440	7	0.200000
43540	43641	44	1.257143
43540	44446	2	0.057143
43540	44127	1	0.028571
43542	43778	1	0.025000
43542	43907	8	0.200000
43543	44146	6	0.006536
43545	43771	34	1.172414
43545	44029	31	1.068966
43545	44342	2	0.068966
43546	44440	4	0.024691
43547	43777	5	0.007102
43547	43783	3	0.004261
43547	44040	2	0.002841
43547	44433	3	0.004261
43547	43922	3	0.004261
43547	43795	3	0.004261
43547	43668	1	0.001420
43547	44053	3	0.004261
43547	44566	3	0.004261
43547	44440	3	0.004261
43547	43929	8	0.011364
43547	44059	2	0.002841
43547	44191	1	0.001420
43547	43813	3	0.004261
43547	43814	4	0.005682
43547	43560	4	0.005682
43547	44332	5	0.007102
43547	44599	10	0.014205
43547	44089	2	0.002841
43547	43965	3	0.004261
43547	43967	1	0.001420
43547	43718	2	0.002841
43547	43575	2	0.002841
43547	43724	1	0.001420
43547	44240	4	0.005682
43547	44371	2	0.002841
43547	44281	2	0.002841
43547	44632	2	0.002841
43547	43741	3	0.004261
43547	43685	1	0.001420
43547	44454	3	0.004261
43547	44006	2	0.002841
43547	44519	2	0.002841
43547	44523	11	0.015625
43547	44524	3	0.004261
43547	44013	2	0.002841
43547	44477	5	0.007102
43547	44486	1	0.001420
43547	43641	4	0.005682
43547	44155	1	0.001420
43547	43773	2	0.002841
43549	43975	1	0.009009
43549	44169	1	0.009009
43549	43783	1	0.009009
43549	44242	53	0.477477
43549	43796	1	0.009009
43549	43673	1	0.009009
43549	43641	8	0.072072
43549	44233	1	0.009009
43549	43965	1	0.009009
43550	43685	1	0.001751
43550	44240	1	0.001751
43550	43906	1	0.001751
43550	44523	1	0.001751
43550	44454	1	0.001751
43550	44390	2	0.003503
43550	44519	1	0.001751
43550	44599	2	0.003503
43550	44279	10	0.017513
43550	43824	2	0.003503
43550	43729	1	0.001751
43550	44242	1	0.001751
43550	43540	1	0.001751
43550	43943	4	0.007005
43550	44535	3	0.005254
43550	44440	2	0.003503
43550	43641	4	0.007005
43550	43929	3	0.005254
43550	44477	17	0.029772
43550	43806	1	0.001751
43550	44191	1	0.001751
43551	43813	1	0.005236
43551	44454	1	0.005236
43551	44519	1	0.005236
43551	44523	2	0.010471
43551	44477	2	0.010471
43551	43806	1	0.005236
43551	44127	1	0.005236
43552	44608	3	0.022901
43552	43777	2	0.015267
43552	43547	1	0.007634
43552	43780	1	0.007634
43552	44004	1	0.007634
43554	43906	1	0.000854
43554	43943	2	0.001708
43554	44523	2	0.001708
43554	43693	1	0.000854
43554	43982	2	0.001708
43554	43603	2	0.001708
43554	43574	4	0.003416
43554	44440	26	0.022203
43554	43641	1	0.000854
43554	44187	3	0.002562
43554	44574	1	0.000854
43556	44611	1	0.012195
43556	43974	1	0.012195
43556	44454	1	0.012195
43556	43575	1	0.012195
43556	44566	1	0.012195
43556	44599	3	0.036585
43556	44089	1	0.012195
43556	44317	2	0.024390
43556	44523	1	0.012195
43558	44339	2	0.002240
43558	43540	1	0.001120
43558	44477	1	0.001120
43558	43967	1	0.001120
43558	43813	3	0.003359
43559	44440	6	0.035088
43559	44446	1	0.005848
43559	43646	93	0.543860
43560	44191	3	0.214286
43561	43907	1	0.001346
43561	43783	2	0.002692
43561	44297	1	0.001346
43561	44172	10	0.013459
43561	44433	1	0.001346
43561	44572	15	0.020188
43561	44191	50	0.067295
43561	44199	4	0.005384
43561	44462	4	0.005384
43561	43567	6	0.008075
43561	44465	2	0.002692
43561	43699	1	0.001346
43561	44084	7	0.009421
43561	43701	15	0.020188
43561	44599	1	0.001346
43561	43836	10	0.013459
43561	43965	5	0.006729
43561	43967	2	0.002692
43561	44352	15	0.020188
43561	44242	9	0.012113
43561	44281	4	0.005384
43561	44636	15	0.020188
43561	43869	1	0.001346
43561	44003	3	0.004038
43561	44523	6	0.008075
43561	44524	1	0.001346
43561	43629	4	0.005384
43561	44530	1	0.001346
43561	44407	6	0.008075
43561	43641	11	0.014805
43563	43641	1	0.001938
43563	43986	2	0.003876
43563	43798	1	0.001938
43564	43929	1	0.013333
43564	44589	1	0.013333
43564	43967	1	0.013333
43566	44440	2	0.005831
43567	43937	6	0.007722
43567	43906	3	0.003861
43567	44427	3	0.003861
43567	44519	1	0.001287
43567	43641	8	0.010296
43567	44523	29	0.037323
43567	44142	1	0.001287
43567	44564	3	0.003861
43567	43943	2	0.002574
43567	44281	1	0.001287
43567	43924	286	0.368082
43567	43806	1	0.001287
43570	44242	1	0.013158
43570	44244	2	0.026316
43570	44191	5	0.065789
43571	44417	1	0.005556
43571	44106	3	0.016667
43571	43723	1	0.005556
43571	44332	7	0.038889
43571	44621	1	0.005556
43571	44462	8	0.044444
43571	44052	1	0.005556
43571	44344	2	0.011111
43572	44106	1	0.052632
43572	43941	2	0.105263
43573	44161	1	0.002457
43573	44612	2	0.004914
43573	44486	1	0.002457
43573	43967	404	0.992629
43575	44261	1	0.002242
43575	43718	1	0.002242
43575	43943	7	0.015695
43575	43600	1	0.002242
43575	43813	11	0.024664
43575	44446	1	0.002242
43575	44127	23	0.051570
43577	44523	1	0.062500
43578	44433	15	0.061475
43578	44462	3	0.012295
43579	43906	1	0.004444
43579	44003	1	0.004444
43579	44006	4	0.017778
43579	44168	9	0.040000
43579	43965	2	0.008889
43579	44523	1	0.004444
43579	43567	2	0.008889
43579	43920	25	0.111111
43579	44433	2	0.008889
43579	44242	11	0.048889
43579	43699	1	0.004444
43579	44564	1	0.004444
43579	44599	5	0.022222
43579	44281	7	0.031111
43579	44191	3	0.013333
43579	43645	230	1.022222
43579	43806	6	0.026667
43579	44084	1	0.004444
43580	44064	1	0.008547
43580	43618	2	0.017094
43580	43972	2	0.017094
43580	44266	3	0.025641
43580	44013	1	0.008547
43580	43699	1	0.008547
43580	43575	1	0.008547
43580	44440	18	0.153846
43580	44381	3	0.025641
43581	43584	957	0.119312
43581	44197	2	0.000249
43581	43567	6	0.000748
43581	44016	2	0.000249
43581	43858	2	0.000249
43581	44118	2	0.000249
43581	44536	6	0.000748
43581	43929	67	0.008353
43581	43934	2	0.000249
43581	44255	9	0.001122
43582	44258	3	0.004566
43582	44261	1	0.001522
43582	43947	4	0.006088
43582	44524	1	0.001522
43582	43757	3	0.004566
43582	43630	1	0.001522
43582	44433	2	0.003044
43582	43603	1	0.001522
43582	43765	1	0.001522
43582	43929	8	0.012177
43582	43993	2	0.003044
43582	43967	1	0.001522
43582	43741	1	0.001522
43582	44191	7	0.010654
43583	44440	7	0.015660
43583	44330	1	0.002237
43584	44422	1	0.000354
43584	44040	2	0.000709
43584	44221	2	0.000709
43584	43668	1	0.000354
43584	44188	2	0.000709
43584	44446	3	0.001063
43584	44197	26	0.009217
43584	44454	52	0.018433
43584	43689	2	0.000709
43584	44462	2	0.000709
43584	43567	1	0.000354
43584	43806	2	0.000709
43584	43575	1	0.000354
43584	44255	116	0.041120
43584	43581	155	0.054945
43584	43975	3	0.001063
43584	44491	2	0.000709
43584	44242	3	0.001063
43584	43990	1	0.000354
43584	43869	1	0.000354
43584	43941	1	0.000354
43584	44129	6	0.002127
43584	44003	1	0.000354
43584	44137	1	0.000354
43584	44523	1	0.000354
43584	43965	2	0.000709
43584	44536	9	0.003190
43584	44281	1	0.000354
43585	44611	2	0.250000
43586	44417	4627	1.996117
43586	44465	1	0.000431
43586	43990	1	0.000431
43586	44006	2	0.000863
43586	43633	1	0.000431
43586	44523	5	0.002157
43586	44332	8	0.003451
43586	44621	3	0.001294
43586	44462	2	0.000863
43586	43869	1	0.000431
43586	44433	4	0.001726
43586	44242	2	0.000863
43586	43699	2	0.000863
43586	43975	1	0.000431
43586	44599	1	0.000431
43586	43967	1	0.000431
43586	44317	2	0.000863
43586	43597	2	0.000863
43586	43941	2	0.000863
43587	44593	5	0.024390
43587	43806	3	0.014634
43587	44599	3	0.014634
43588	44433	2	0.038462
43588	44008	1	0.019231
43588	44330	2	0.038462
43588	44206	1	0.019231
43588	44104	1	0.019231
43588	43806	4	0.076923
43590	44176	1	0.011236
43590	44048	1	0.011236
43590	43772	1	0.011236
43590	44629	1	0.011236
43590	44462	1	0.011236
43591	44041	1	0.000636
43591	44052	7	0.004450
43591	44058	7	0.004450
43591	44060	1	0.000636
43591	43549	1	0.000636
43591	43561	1	0.000636
43591	44074	16	0.010172
43591	43567	21	0.013350
43591	44593	1	0.000636
43591	44599	1	0.000636
43591	44089	14	0.008900
43591	44617	1	0.000636
43591	44106	1	0.000636
43591	44638	1	0.000636
43591	44128	1	0.000636
43591	43618	1	0.000636
43591	44134	1	0.000636
43591	44139	1	0.000636
43591	43641	35	0.022250
43591	43646	7	0.004450
43591	44164	1	0.000636
43591	44171	1	0.000636
43591	43662	1	0.000636
43591	44179	1	0.000636
43591	44187	1	0.000636
43591	43694	1	0.000636
43591	43697	4	0.002543
43591	43704	2	0.001271
43591	43713	1	0.000636
43591	43718	7	0.004450
43591	44241	1	0.000636
43591	43730	1	0.000636
43591	43731	7	0.004450
43591	44244	1	0.000636
43591	44255	1	0.000636
43591	44258	1	0.000636
43591	44266	1	0.000636
43591	43757	1	0.000636
43591	44281	8	0.005086
43591	43777	7	0.004450
43591	43820	1	0.000636
43591	44321	1	0.000636
43591	43813	14	0.008900
43591	43816	1	0.000636
43591	44330	14	0.008900
43591	44332	4	0.002543
43591	43824	1	0.000636
43591	44339	1	0.000636
43591	44345	1	0.000636
43591	44353	1	0.000636
43591	43844	3	0.001907
43591	43848	1	0.000636
43591	43850	1	0.000636
43591	43864	1	0.000636
43591	43872	1	0.000636
43591	44385	1	0.000636
43591	44395	2	0.001271
43591	43884	1	0.000636
43591	43887	1	0.000636
43591	44411	1	0.000636
43591	44417	1	0.000636
43591	43906	13	0.008264
43591	43907	1	0.000636
43591	44433	40	0.025429
43591	44440	7	0.004450
43591	43929	28	0.017800
43591	43932	1	0.000636
43591	43934	1	0.000636
43591	44450	1	0.000636
43591	43947	1	0.000636
43591	44462	40	0.025429
43591	44464	1	0.000636
43591	44465	25	0.015893
43591	43959	1	0.000636
43591	44473	26	0.016529
43591	44477	14	0.008900
43591	44480	2	0.001271
43591	43977	1	0.000636
43591	43982	1	0.000636
43591	44496	1	0.000636
43591	44497	1	0.000636
43591	43986	1	0.000636
43591	44004	1	0.000636
43591	44519	10	0.006357
43591	44523	27	0.017165
43591	44532	1	0.000636
43592	44496	4	0.307692
43593	43755	1	0.007092
43593	43910	3	0.021277
43593	43754	1	0.007092
43593	44523	2	0.014184
43593	43788	2	0.014184
43593	44433	1	0.007092
43593	43764	1	0.007092
43593	44085	3	0.021277
43593	44084	2	0.014184
43593	44156	1	0.007092
43593	43965	4	0.028369
43593	44491	2	0.014184
43596	44440	4	0.235294
43597	44033	1	0.000546
43597	44037	1	0.000546
43597	44567	1	0.000546
43597	44056	1	0.000546
43597	44569	6	0.003273
43597	44059	120	0.065466
43597	43567	7	0.003819
43597	43571	1	0.000546
43597	43572	1	0.000546
43597	44599	28	0.015276
43597	44089	5	0.002728
43597	43591	1	0.000546
43597	44106	1	0.000546
43597	44112	1	0.000546
43597	44626	1	0.000546
43597	44127	12	0.006547
43597	44132	1	0.000546
43597	44645	1	0.000546
43597	44143	1	0.000546
43597	43633	1	0.000546
43597	43635	1	0.000546
43597	43641	2	0.001091
43597	44297	30	0.016367
43597	43646	133	0.072559
43597	44161	2	0.001091
43597	44169	44	0.024004
43597	44173	1	0.000546
43597	44175	1	0.000546
43597	44192	1	0.000546
43597	43681	1	0.000546
43597	43686	129	0.070376
43597	44199	829	0.452264
43597	44206	1	0.000546
43597	43697	1	0.000546
43597	43698	1	0.000546
43597	43699	1	0.000546
43597	44241	1	0.000546
43597	44244	6	0.003273
43597	44248	2	0.001091
43597	43741	1	0.000546
43597	44255	2	0.001091
43597	43746	2	0.001091
43597	44266	1	0.000546
43597	43687	1	0.000546
43597	43759	1	0.000546
43597	44273	1	0.000546
43597	44276	2	0.001091
43597	44278	1	0.000546
43597	43772	1	0.000546
43597	43777	40	0.021822
43597	43990	647	0.352973
43597	43820	3	0.001637
43597	43906	1	0.000546
43597	44306	1	0.000546
43597	43795	1	0.000546
43597	43806	1	0.000546
43597	44321	1	0.000546
43597	43814	3	0.001637
43597	44332	4	0.002182
43597	43824	1	0.000546
43597	43825	2	0.001091
43597	43828	3	0.001637
43597	44342	1	0.000546
43597	44344	4	0.002182
43597	44084	1	0.000546
43597	43838	1	0.000546
43597	43850	1	0.000546
43597	43575	8	0.004364
43597	44364	1	0.000546
43597	44373	1	0.000546
43597	43869	1694	0.924168
43597	44385	1	0.000546
43597	44395	1	0.000546
43597	44403	3	0.001637
43597	44404	1	0.000546
43597	44407	45	0.024550
43597	44417	2	0.001091
43597	44418	4	0.002182
43597	44523	62	0.033824
43597	44421	3	0.001637
43597	44427	192	0.104746
43597	44433	10	0.005456
43597	44436	1	0.000546
43597	44438	1	0.000546
43597	43929	1	0.000546
43597	43932	1	0.000546
43597	44446	4	0.002182
43597	44447	1	0.000546
43597	43937	5	0.002728
43597	44452	3	0.001637
43597	43941	209	0.114021
43597	44454	6	0.003273
43597	43943	3	0.001637
43597	44462	118	0.064375
43597	44464	1	0.000546
43597	43959	2	0.001091
43597	44473	15	0.008183
43597	43965	529	0.288598
43597	44363	2	0.001091
43597	44484	1	0.000546
43597	44486	1	0.000546
43597	43975	1957	1.067649
43597	44488	124	0.067649
43597	44491	1	0.000546
43597	44496	1	0.000546
43597	44497	2	0.001091
43597	44502	1	0.000546
43597	44511	2	0.001091
43597	44513	1	0.000546
43597	44003	6	0.003273
43597	44006	14	0.007638
43597	44011	1	0.000546
43597	44014	4	0.002182
43597	44530	3	0.001637
43597	44542	1	0.000546
43598	44266	1	0.111111
43598	44013	1	0.111111
43600	43777	2	0.000938
43600	43906	2	0.000938
43600	44205	1	0.000469
43600	44433	2	0.000938
43600	44161	3	0.001407
43600	44523	8	0.003752
43600	44519	4	0.001876
43600	44462	1	0.000469
43600	43567	1	0.000469
43600	43760	2	0.000938
43600	44401	2	0.000938
43600	44446	5	0.002345
43600	43575	5	0.002345
43600	44440	45	0.021107
43600	44281	1	0.000469
43600	44314	1	0.000469
43600	43646	12	0.005629
43603	43906	1	0.045455
43603	44523	2	0.090909
43603	44524	1	0.045455
43603	43540	6	0.272727
43603	43729	1	0.045455
43603	44084	22	1.000000
43603	43641	68	3.090909
43605	44604	1	0.083333
43605	43922	13	1.083333
43605	43795	5	0.416667
43605	44084	2	0.166667
43605	43967	24	2.000000
43606	44344	1	0.002000
43606	43699	1	0.002000
43606	44236	8	0.016000
43606	44125	1	0.002000
43606	44598	1	0.002000
43608	43777	5	0.003123
43608	44563	1	0.000625
43608	44436	1	0.000625
43608	44566	1	0.000625
43608	43806	1	0.000625
43608	44454	1	0.000625
43608	43559	1	0.000625
43608	44074	1	0.000625
43608	44205	1	0.000625
43608	44462	3	0.001874
43608	43567	4	0.002498
43608	44210	1	0.000625
43608	44446	10	0.006246
43608	44599	2	0.001249
43608	43575	2	0.001249
43608	43600	15	0.009369
43608	44242	1	0.000625
43608	44130	2	0.001249
43608	44006	1	0.000625
43608	44523	2	0.001249
43608	44142	1	0.000625
43608	44401	4	0.002498
43608	43795	1	0.000625
43608	44535	1	0.000625
43608	44281	3	0.001874
43609	43924	1	0.010753
43609	44267	3	0.032258
43609	44244	1	0.010753
43609	43965	1	0.010753
43609	44206	1	0.010753
43610	43869	1	0.022727
43611	44440	1	0.008264
43611	43575	1	0.008264
43612	44236	6	0.193548
43613	44477	2	0.025974
43614	44440	3	0.300000
43615	44135	3	0.007772
43615	43783	9	0.023316
43615	44524	3	0.007772
43615	44433	18	0.046632
43615	43641	3	0.007772
43615	44191	9	0.023316
43616	44484	1	0.002475
43616	44143	1	0.002475
43616	43857	5	0.012376
43616	44242	260	0.643564
43616	44244	4	0.009901
43616	44373	523	1.294554
43616	44344	2	0.004950
43618	44064	5	0.006693
43618	43972	4	0.005355
43618	43869	1	0.001339
43618	44599	1	0.001339
43618	43567	2	0.002677
43618	44145	1	0.001339
43618	44530	1	0.001339
43618	43603	1	0.001339
43618	43924	1	0.001339
43618	43863	5	0.006693
43618	43641	1	0.001339
43618	43580	12	0.016064
43618	44381	5	0.006693
43618	44191	1	0.001339
43619	43929	1	0.037037
43620	43986	3	0.041667
43621	44256	2	0.004505
43621	44640	2	0.004505
43621	44261	2	0.004505
43621	43975	2	0.004505
43621	44360	4	0.009009
43621	43965	2	0.004505
43621	44491	2	0.004505
43621	44333	2	0.004505
43621	43887	2	0.004505
43621	43568	2	0.004505
43621	43864	8	0.018018
43621	43945	2	0.004505
43621	44536	3	0.006757
43621	43567	2	0.004505
43621	43997	4	0.009009
43622	43777	64	0.329897
43622	44098	64	0.329897
43622	44276	64	0.329897
43622	44551	64	0.329897
43622	44268	64	0.329897
43622	44290	64	0.329897
43622	43699	14	0.072165
43622	43636	64	0.329897
43622	43929	128	0.659794
43622	44101	64	0.329897
43623	44006	1	0.001034
43623	44523	2	0.002068
43623	44462	21	0.021717
43623	44403	18	0.018614
43623	43731	2664	2.754912
43623	44599	1	0.001034
43623	44281	23	0.023785
43623	43965	2	0.002068
43623	43806	1	0.001034
43624	44040	26	0.036932
43624	43663	1	0.001420
43624	44433	3	0.004261
43624	44563	1	0.001420
43624	44567	2	0.002841
43624	44440	2	0.002841
43624	44059	1	0.001420
43624	43806	1	0.001420
43624	43942	1	0.001420
43624	43567	3	0.004261
43624	43699	2	0.002841
43624	44344	3	0.004261
43624	43965	4	0.005682
43624	43967	3	0.004261
43624	44615	1	0.001420
43624	43597	1	0.001420
43624	44111	90	0.127841
43624	44242	5	0.007102
43624	43641	4	0.005682
43624	44632	1	0.001420
43624	44389	1	0.001420
43624	44523	1	0.001420
43624	44524	2	0.002841
43624	44278	1	0.001420
43624	44407	1	0.001420
43624	44281	2	0.002841
43625	44440	8	0.008016
43625	44281	1	0.001002
43625	44523	1	0.001002
43625	43741	1	0.001002
43625	43965	1	0.001002
43626	43776	3	0.006726
43626	43783	2	0.004484
43626	44052	1	0.002242
43626	44053	3	0.006726
43626	44440	1	0.002242
43626	43929	2	0.004484
43626	44191	3	0.006726
43626	44202	3	0.006726
43626	44462	1	0.002242
43626	43567	1	0.002242
43626	44338	109	0.244395
43626	43699	4	0.008969
43626	44084	1	0.002242
43626	43575	5	0.011211
43626	44089	1	0.002242
43626	44348	2	0.004484
43626	43841	2	0.004484
43626	44242	40	0.089686
43626	43731	1	0.002242
43626	44127	8	0.017937
43626	44003	1	0.002242
43626	44523	3	0.006726
43626	44281	3	0.006726
43626	44330	1	0.002242
43627	44440	72	0.173494
43627	43575	1	0.002410
43627	44523	1	0.002410
43627	44519	1	0.002410
43628	44040	100	0.265957
43628	44219	14	0.037234
43629	44547	3	0.002144
43629	44040	1	0.000715
43629	44041	4	0.002859
43629	44567	24	0.017155
43629	43547	1	0.000715
43629	44060	3	0.002144
43629	43549	2	0.001430
43629	43550	1	0.000715
43629	43561	5	0.003574
43629	44074	1	0.000715
43629	43567	6	0.004289
43629	44593	3	0.002144
43629	43570	2	0.001430
43629	44084	1393	0.995711
43629	44085	3	0.002144
43629	44089	3	0.002144
43629	43578	2	0.001430
43629	44127	180	0.128663
43629	44094	3	0.002144
43629	44615	2	0.001430
43629	44617	2	0.001430
43629	44109	3	0.002144
43629	44111	5	0.003574
43629	43605	1	0.000715
43629	44632	1651	1.180129
43629	44122	3	0.002144
43629	44638	3	0.002144
43629	43615	3	0.002144
43629	43618	2	0.001430
43629	44134	3	0.002144
43629	44137	1	0.000715
43629	44138	3	0.002144
43629	44139	5	0.003574
43629	44142	2	0.001430
43629	43633	2	0.001430
43629	43641	17	0.012152
43629	43645	3	0.002144
43629	44164	3	0.002144
43629	43655	2	0.001430
43629	44171	2	0.001430
43629	43662	2	0.001430
43629	44179	5	0.003574
43629	43668	1	0.000715
43629	44181	2	0.001430
43629	44187	5	0.003574
43629	43680	4	0.002859
43629	44193	3	0.002144
43629	44199	3	0.002144
43629	44201	5	0.003574
43629	44574	1	0.000715
43629	44221	4	0.002859
43629	43713	2	0.001430
43629	43714	2	0.001430
43629	44234	5	0.003574
43629	44236	3	0.002144
43629	43725	3	0.002144
43629	44241	5	0.003574
43629	44242	12	0.008578
43629	44247	4	0.002859
43629	43741	1	0.000715
43629	44255	5	0.003574
43629	44258	3	0.002144
43629	43985	3	0.002144
43629	44268	2	0.001430
43629	43757	3	0.002144
43629	44281	5	0.003574
43629	43771	2	0.001430
43629	43781	1	0.000715
43629	43805	2	0.001430
43629	43806	7	0.005004
43629	44321	2	0.001430
43629	43810	2	0.001430
43629	44325	1	0.000715
43629	43820	3	0.002144
43629	43824	3	0.002144
43629	44338	2	0.001430
43629	44339	3	0.002144
43629	44344	515	0.368120
43629	44345	3	0.002144
43629	43839	1	0.000715
43629	43848	3	0.002144
43629	43850	4	0.002859
43629	44373	3	0.002144
43629	43864	3	0.002144
43629	43869	1	0.000715
43629	43872	2	0.001430
43629	44385	4	0.002859
43629	43884	5	0.003574
43629	43887	3	0.002144
43629	44401	2	0.001430
43629	44606	2	0.001430
43629	44407	2	0.001430
43629	44411	3	0.002144
43629	44417	3	0.002144
43629	43906	4	0.002859
43629	43907	3	0.002144
43629	44428	2	0.001430
43629	44433	4	0.002859
43629	43924	2	0.001430
43629	44437	3	0.002144
43629	44440	2	0.001430
43629	43932	3	0.002144
43629	43934	3	0.002144
43629	44450	2	0.001430
43629	44452	2	0.001430
43629	44453	4	0.002859
43629	43943	1	0.000715
43629	43947	3	0.002144
43629	44462	11	0.007863
43629	44464	1	0.000715
43629	43972	1	0.000715
43629	43681	1	0.000715
43629	43976	1	0.000715
43629	44491	1	0.000715
43629	43982	5	0.003574
43629	44497	3	0.002144
43629	43986	3	0.002144
43629	44505	2	0.001430
43629	43995	3	0.002144
43629	44508	1	0.000715
43629	44513	3	0.002144
43629	44006	2	0.001430
43629	44519	3	0.002144
43629	44523	21	0.015011
43629	44526	2	0.001430
43629	44015	5	0.003574
43629	44532	3	0.002144
43630	43929	143	3.108696
43630	44091	1	0.021739
43630	44446	1	0.021739
43630	43641	13	0.282609
43632	44217	1	0.020408
43632	43578	1	0.020408
43632	44107	1	0.020408
43633	44454	2	0.001637
43633	43975	1	0.000818
43633	43965	3	0.002455
43633	43575	1	0.000818
43633	43820	47	0.038462
43633	44445	1	0.000818
43633	44052	4	0.003273
43633	44599	1	0.000818
43633	44344	1	0.000818
43633	43567	3	0.002455
43633	43869	4	0.003273
43633	44511	1	0.000818
43634	44191	72	36.000000
43635	44523	2	0.125000
43636	43777	2	0.010000
43636	44602	2	0.010000
43637	44127	2	0.035088
43638	44440	6	0.013015
43639	44440	200	1.290323
43641	44547	1	0.000623
43641	43540	20	0.012469
43641	44053	1	0.000623
43641	44567	8	0.004988
43641	43547	1	0.000623
43641	44060	3	0.001870
43641	43550	2	0.001247
43641	43953	1	0.000623
43641	43561	1	0.000623
43641	44074	1	0.000623
43641	44295	2	0.001247
43641	43567	19	0.011845
43641	43570	1	0.000623
43641	44084	91	0.056733
43641	43575	3	0.001870
43641	44091	18	0.011222
43641	44642	1	0.000623
43641	43603	1111	0.692643
43641	43613	2	0.001247
43641	44127	7	0.004364
43641	44128	1	0.000623
43641	43618	1	0.000623
43641	44137	1	0.000623
43641	44477	2	0.001247
43641	44146	2	0.001247
43641	44564	2	0.001247
43641	44162	3	0.001870
43641	44168	1	0.000623
43641	43662	1	0.000623
43641	43668	2	0.001247
43641	44199	1	0.000623
43641	44201	1	0.000623
43641	43693	23	0.014339
43641	44206	3	0.001870
43641	44236	1	0.000623
43641	43725	1	0.000623
43641	44240	2	0.001247
43641	43729	2	0.001247
43641	44242	3	0.001870
43641	44247	1	0.000623
43641	44251	2	0.001247
43641	44255	1	0.000623
43641	44256	1	0.000623
43641	44258	1	0.000623
43641	44266	1	0.000623
43641	44268	1	0.000623
43641	44275	1	0.000623
43641	44281	5	0.003117
43641	44285	2	0.001247
43641	43776	1	0.000623
43641	43777	10	0.006234
43641	43783	132	0.082294
43641	43806	4	0.002494
43641	44328	1	0.000623
43641	44332	2	0.001247
43641	43824	1	0.000623
43641	44339	2	0.001247
43641	44342	1	0.000623
43641	44344	8	0.004988
43641	43840	7	0.004364
43641	43848	1	0.000623
43641	44599	6	0.003741
43641	43855	5	0.003117
43641	44174	2	0.001247
43641	43864	3	0.001870
43641	43884	1	0.000623
43641	43887	1	0.000623
43641	43889	1	0.000623
43641	44407	1	0.000623
43641	44417	2	0.001247
43641	43906	3	0.001870
43641	44433	6	0.003741
43641	44440	5	0.003117
43641	43929	3	0.001870
43641	44445	3	0.001870
43641	43937	2	0.001247
43641	44452	2	0.001247
43641	43943	2	0.001247
43641	43947	2	0.001247
43641	44465	9	0.005611
43641	44467	8	0.004988
43641	44473	6	0.003741
43641	43964	3	0.001870
43641	43965	2	0.001247
43641	43982	1	0.000623
43641	44621	1	0.000623
43641	43984	1	0.000623
43641	43995	3	0.001870
43641	44508	1	0.000623
43641	44512	2	0.001247
43641	44519	1	0.000623
43641	44523	21	0.013092
43641	44524	33	0.020574
43641	44013	1	0.000623
43641	44015	1	0.000623
43641	44016	3	0.001870
43641	44530	29	0.018080
43641	44535	1	0.000623
43641	44536	1	0.000623
43641	44373	1	0.000623
43642	44440	1	0.071429
43642	44333	1	0.071429
43643	43586	1	0.020833
43643	44106	5	0.104167
43643	44523	2	0.041667
43643	44621	2	0.041667
43643	44242	2	0.041667
43643	43806	1	0.020833
43644	44390	1	0.018519
43644	43824	10	0.185185
43644	44593	11	0.203704
43644	44242	1	0.018519
43644	44279	2	0.037037
43644	44281	1	0.018519
43644	43806	1	0.018519
43645	43906	1	0.000446
43645	43783	3	0.001339
43645	44168	3	0.001339
43645	43920	6	0.002679
43645	44433	2	0.000893
43645	43922	1	0.000446
43645	44052	2	0.000893
43645	44089	1	0.000446
43645	44440	3	0.001339
43645	43929	3	0.001339
43645	44059	1	0.000446
43645	43806	1	0.000446
43645	44191	10	0.004464
43645	44400	2	0.000893
43645	44211	7	0.003125
43645	44199	1	0.000446
43645	44330	1	0.000446
43645	43693	1	0.000446
43645	44462	1	0.000446
43645	43567	4	0.001786
43645	43699	5	0.002232
43645	43573	1	0.000446
43645	44599	6	0.002679
43645	44472	5	0.002232
43645	44473	2	0.000893
43645	43924	1	0.000446
43645	43579	4	0.001786
43645	43965	1	0.000446
43645	44479	8	0.003571
43645	44242	6	0.002679
43645	44281	4	0.001786
43645	43813	2	0.000893
43645	44003	1	0.000446
43645	44133	4	0.001786
43645	44006	1	0.000446
43645	44523	29	0.012946
43645	44524	1	0.000446
43645	44477	2	0.000893
43645	44016	1	0.000446
43645	44530	1	0.000446
43645	43641	6	0.002679
43646	43922	3	0.002830
43646	44127	2	0.001887
43646	43967	2	0.001887
43646	43965	8	0.007547
43646	43575	1	0.000943
43647	43825	1	0.028571
43647	44511	3	0.085714
43649	43795	1	0.000791
43649	44484	40	0.031646
43649	43813	1	0.000791
43649	44523	4	0.003165
43649	43693	1	0.000791
43649	43922	2	0.001582
43649	43699	1	0.000791
43649	43668	2	0.001582
43649	43925	5	0.003956
43649	44440	474	0.375000
43649	44281	3	0.002373
43649	43741	1	0.000791
43649	43646	1	0.000791
43649	44511	8	0.006329
43651	43645	251	83.666667
43652	44523	13	1.000000
43652	44599	13	1.000000
43653	43975	1	0.142857
43655	43603	1	0.020833
43655	43827	1	0.020833
43655	44068	1	0.020833
43655	43567	1	0.020833
43656	44617	1	0.090909
43656	43874	34	3.090909
43656	44524	7	0.636364
43656	44242	2	0.181818
43658	44517	6	0.025974
43658	43912	3	0.012987
43658	44523	6	0.025974
43658	44148	3	0.012987
43658	43577	6	0.025974
43658	44600	3	0.012987
43658	44505	3	0.012987
43658	44316	3	0.012987
43659	44064	1	0.058824
43659	44642	1	0.058824
43659	44523	1	0.058824
43659	44094	34	2.000000
43659	44599	2	0.117647
43660	44345	1	0.034483
43660	44523	1	0.034483
43662	43840	4	0.063492
43662	44609	4	0.063492
43662	44006	1	0.015873
43662	44038	4	0.063492
43662	44599	3	0.047619
43662	44523	1	0.015873
43662	43567	1	0.015873
43662	44368	3	0.047619
43662	44242	1	0.015873
43662	44244	1	0.015873
43662	44087	4	0.063492
43662	44191	14	0.222222
43663	44040	1266	0.932940
43663	44599	4	0.002948
43663	44111	10	0.007369
43665	44440	16	0.301887
43665	44519	1	0.018868
43665	43943	1	0.018868
43667	44067	1	0.071429
43667	44139	2	0.142857
43667	43830	1	0.071429
43670	44440	2	0.125000
43671	44328	1	0.111111
43672	44104	5	0.185185
43673	44407	8	0.114286
43673	43575	3	0.042857
43673	44523	1	0.014286
43673	43699	1	0.014286
43673	44599	5	0.071429
43673	43641	1	0.014286
43674	44064	3	0.016043
43674	43777	1	0.005348
43674	43779	2	0.010695
43674	44143	1	0.005348
43674	44084	1	0.005348
43674	44437	2	0.010695
43674	44440	15	0.080214
43674	43641	1	0.005348
43674	43707	2	0.010695
43674	43967	1	0.005348
43676	44523	3	0.011029
43676	43941	6	0.022059
43676	43567	2	0.007353
43677	43795	1	0.008065
43677	43820	3	0.024194
43677	43965	1	0.008065
43678	44617	1	0.083333
43678	43795	1	0.083333
43679	44198	1	0.040000
43679	44040	1	0.040000
43679	44111	1	0.040000
43679	44532	1	0.040000
43679	44376	1	0.040000
43679	43663	1	0.040000
43680	44199	1	0.001098
43680	44427	1	0.001098
43680	44244	3	0.003293
43680	43941	1	0.001098
43680	44523	3	0.003293
43680	44491	27	0.029638
43680	44460	517	0.567508
43680	44462	1	0.001098
43680	43759	3	0.003293
43680	44242	4	0.004391
43680	44531	1	0.001098
43680	43924	1	0.001098
43680	44438	1	0.001098
43680	43641	5	0.005488
43680	44344	1	0.001098
43680	44473	39	0.042810
43680	43975	1	0.001098
43680	43965	1	0.001098
43680	43806	5	0.005488
43680	44191	10	0.010977
43681	44454	3	0.005300
43681	43943	1	0.001767
43681	44488	1	0.001767
43681	44523	167	0.295053
43681	43573	1	0.001767
43681	44089	2	0.003534
43682	44440	6	0.062500
43682	44477	1	0.010417
43683	44486	1	0.025000
43683	44234	32	0.800000
43683	44242	2	0.050000
43683	43922	1	0.025000
43683	44307	8	0.200000
43683	44217	6	0.150000
43683	43741	1	0.025000
43685	43906	1	0.001701
43685	43887	1	0.001701
43685	43813	45	0.076531
43685	44454	2	0.003401
43685	43783	1	0.001701
43685	44488	1	0.001701
43685	44617	3	0.005102
43685	44428	8	0.013605
43685	43567	1	0.001701
43685	44053	1	0.001701
43685	43641	1	0.001701
43685	44059	1	0.001701
43685	43741	1	0.001701
43685	44446	2	0.003401
43686	43777	1	0.001883
43686	43746	2	0.003766
43686	43838	1	0.001883
43686	43941	1	0.001883
43686	44481	1	0.001883
43686	44364	1	0.001883
43686	44332	1	0.001883
43686	44272	1	0.001883
43686	43759	1	0.001883
43686	44417	1	0.001883
43686	44241	1	0.001883
43686	43698	1	0.001883
43686	43795	1	0.001883
43686	43902	1	0.001883
43686	43959	1	0.001883
43686	44344	2	0.003766
43686	44127	8	0.015066
43686	43965	2	0.003766
43686	43646	2	0.003766
43686	44533	1	0.001883
43688	43906	853	18.543478
43688	44523	6	0.130435
43689	43584	2	0.001286
43689	44129	3	0.001929
43689	44422	1	0.000643
43689	44454	1	0.000643
43689	44360	1	0.000643
43689	44137	3	0.001929
43689	44330	1	0.000643
43689	44523	1	0.000643
43689	43735	1	0.000643
43689	44536	7	0.004502
43689	44242	3	0.001929
43689	44197	1	0.000643
43689	43990	8	0.005145
43689	43575	2	0.001286
43689	44169	2	0.001286
43689	44255	62	0.039871
43690	43570	3	0.056604
43690	44244	51	0.962264
43690	44462	2	0.037736
43691	43882	4	0.011299
43691	43868	4	0.011299
43691	44126	2	0.005650
43692	44096	1	0.005682
43692	44615	1	0.005682
43692	44523	1	0.005682
43692	44430	1	0.005682
43692	44494	1	0.005682
43692	43705	1	0.005682
43692	44122	36	0.204545
43692	44124	1	0.005682
43692	43965	1	0.005682
43692	44191	6	0.034091
43693	43641	108	6.352941
43693	44530	4	0.235294
43693	43603	2	0.117647
43693	43783	4	0.235294
43694	44193	98	0.064094
43694	43906	1	0.000654
43694	43575	4	0.002616
43694	44330	1	0.000654
43694	44523	2	0.001308
43694	44462	1	0.000654
43694	43567	6	0.003924
43694	44433	2	0.001308
43694	43859	2	0.001308
43694	43699	1	0.000654
43694	43735	1	0.000654
43694	44053	3	0.001962
43694	43965	2	0.001308
43694	43710	1	0.000654
43694	44191	1	0.000654
43696	44547	20	0.327869
43696	44535	1	0.016393
43696	44599	2	0.032787
43697	43586	1	0.001695
43697	44074	1	0.001695
43697	44332	1	0.001695
43697	44621	1	0.001695
43698	43746	1	0.002183
43698	43941	4	0.008734
43698	43686	1	0.002183
43698	44523	7	0.015284
43698	44404	5	0.010917
43698	43838	1	0.002183
43698	44502	1	0.002183
43698	43959	2	0.004367
43698	43965	1	0.002183
43698	43806	1	0.002183
43699	44407	1	0.003289
43699	44006	2	0.006579
43699	44523	21	0.069079
43699	44143	3	0.009868
43699	44433	2	0.006579
43699	44403	1	0.003289
43699	44599	2	0.006579
43699	44314	1	0.003289
43699	43567	5	0.016447
43699	43806	55	0.180921
43701	44352	2	0.006536
43701	44572	1	0.003268
43701	44523	1	0.003268
43701	43836	1	0.003268
43701	43561	12	0.039216
43701	44491	1	0.003268
43701	44242	2	0.006536
43701	44632	1	0.003268
43701	44281	3	0.009804
43701	44636	1	0.003268
43701	43806	2	0.006536
43702	43681	1	0.001314
43702	43563	3	0.003942
43702	44275	5	0.006570
43702	44523	1	0.001314
43702	43693	1	0.001314
43702	44398	3	0.003942
43702	44530	1	0.001314
43702	43795	3	0.003942
43702	43668	2	0.002628
43702	44053	3	0.003942
43702	43575	4	0.005256
43702	44440	71	0.093298
43702	43641	3	0.003942
43702	43967	1	0.001314
43704	43941	2	0.010417
43704	43975	2	0.010417
43704	43591	2	0.010417
43704	44523	2	0.010417
43704	44462	2	0.010417
43704	43924	2	0.010417
43705	43943	12	0.008689
43705	44168	3	0.002172
43705	44523	12	0.008689
43705	43920	2	0.001448
43705	44440	74	0.053584
43705	44122	5	0.003621
43705	43645	8	0.005793
43705	44191	6	0.004345
43707	43699	2	0.019608
43707	44437	6	0.058824
43707	44110	1	0.009804
43708	44003	2	0.003711
43708	44599	2	0.003711
43708	44462	1	0.001855
43708	44345	12	0.022263
43708	44280	1	0.001855
43708	44281	4	0.007421
43708	43965	1	0.001855
43708	44350	2	0.003711
43710	43641	2	0.002208
43710	43713	1	0.001104
43710	44477	4	0.004415
43710	43694	1	0.001104
43710	44599	1	0.001104
43712	44545	1	0.000943
43712	44547	1	0.000943
43712	44036	2	0.001885
43712	44118	2	0.001885
43712	44289	1	0.000943
43712	44041	1	0.000943
43712	44563	1	0.000943
43712	44564	16	0.015080
43712	44567	3	0.002828
43712	44569	2	0.001885
43712	44059	67	0.063148
43712	43549	1	0.000943
43712	44062	1	0.000943
43712	44064	1	0.000943
43712	43567	5	0.004713
43712	44593	1	0.000943
43712	44084	4	0.003770
43712	44599	141221	133.101791
43712	44089	35	0.032988
43712	43581	1	0.000943
43712	44094	1	0.000943
43712	43588	1	0.000943
43712	43589	1	0.000943
43712	44615	1	0.000943
43712	43597	1	0.000943
43712	44112	1	0.000943
43712	43603	1	0.000943
43712	43606	1	0.000943
43712	44632	1	0.000943
43712	44122	1	0.000943
43712	44638	1	0.000943
43712	44127	48	0.045240
43712	43616	1	0.000943
43712	43619	1	0.000943
43712	44134	1	0.000943
43712	44143	6	0.005655
43712	43633	1	0.000943
43712	43540	2	0.001885
43712	43645	1	0.000943
43712	43652	211	0.198869
43712	43655	1	0.000943
43712	43656	1	0.000943
43712	44169	1	0.000943
43712	44171	1	0.000943
43712	43662	1	0.000943
43712	43663	1	0.000943
43712	43666	2	0.001885
43712	43668	2	0.001885
43712	44181	1	0.000943
43712	44188	1	0.000943
43712	44193	1	0.000943
43712	43686	66	0.062205
43712	43699	3	0.002828
43712	44217	1	0.000943
43712	43713	1	0.000943
43712	44229	1	0.000943
43712	43809	1	0.000943
43712	44232	1	0.000943
43712	44236	1	0.000943
43712	43727	1	0.000943
43712	44242	5	0.004713
43712	43731	2	0.001885
43712	43641	7	0.006598
43712	43737	60	0.056550
43712	43741	4	0.003770
43712	43744	1	0.000943
43712	44258	1	0.000943
43712	43751	1	0.000943
43712	43757	1	0.000943
43712	43758	1	0.000943
43712	44271	1	0.000943
43712	44273	1	0.000943
43712	44278	1	0.000943
43712	44281	2	0.001885
43712	43771	1	0.000943
43712	44285	1	0.000943
43712	43777	4	0.003770
43712	43780	1	0.000943
43712	43820	1	0.000943
43712	43735	1	0.000943
43712	43795	66	0.062205
43712	44317	100	0.094251
43712	43806	1	0.000943
43712	44321	1	0.000943
43712	43813	4	0.003770
43712	44332	4	0.003770
43712	44333	1	0.000943
43712	44335	1	0.000943
43712	44338	1	0.000943
43712	44339	2	0.001885
43712	43831	1	0.000943
43712	44344	3	0.002828
43712	43840	1	0.000943
43712	44353	1	0.000943
43712	43847	1	0.000943
43712	43850	1	0.000943
43712	43857	1	0.000943
43712	43858	1	0.000943
43712	44385	1	0.000943
43712	43874	1	0.000943
43712	43879	2	0.001885
43712	43882	1	0.000943
43712	44403	1	0.000943
43712	43582	1	0.000943
43712	44407	105	0.098963
43712	44416	1	0.000943
43712	44417	1	0.000943
43712	43906	19	0.017908
43712	44428	2	0.001885
43712	44433	11	0.010368
43712	44436	8	0.007540
43712	43925	1	0.000943
43712	43929	3	0.002828
43712	44477	18	0.016965
43712	44443	1	0.000943
43712	43932	1	0.000943
43712	43934	1	0.000943
43712	44613	1	0.000943
43712	44453	1	0.000943
43712	43942	1	0.000943
43712	43946	1	0.000943
43712	44465	1	0.000943
43712	44466	1	0.000943
43712	44469	2	0.001885
43712	43959	3	0.002828
43712	43935	1	0.000943
43712	43965	2	0.001885
43712	44052	66	0.062205
43712	43967	2	0.001885
43712	44486	1	0.000943
43712	44488	66	0.062205
43712	44496	1	0.000943
43712	43986	1	0.000943
43712	44509	1	0.000943
43712	43998	1	0.000943
43712	43999	1	0.000943
43712	44513	1	0.000943
43712	44454	1	0.000943
43712	44006	101	0.095193
43712	44519	4	0.003770
43712	44523	57	0.053723
43712	44524	2	0.001885
43712	44532	3	0.002828
43712	44537	1	0.000943
43712	44540	1	0.000943
43712	44029	1	0.000943
43713	43685	2	0.004405
43713	44454	2	0.004405
43713	44599	2	0.004405
43713	44397	4	0.008811
43713	44242	8	0.017621
43713	44053	2	0.004405
43713	43575	2	0.004405
43713	44632	2	0.004405
43713	43710	2	0.004405
43713	44127	2	0.004405
43714	43751	4	0.029630
43714	44495	2	0.014815
43714	44433	7	0.051852
43714	44242	2	0.014815
43714	43699	2	0.014815
43714	44251	2	0.014815
43716	43641	42	2.000000
43716	43603	359	17.095238
43716	44084	21	1.000000
43716	44524	6	0.285714
43716	44523	4	0.190476
43717	44519	15	0.073892
43721	43554	2	0.001936
43721	44342	2	0.001936
43721	44488	2	0.001936
43721	43600	2	0.001936
43721	44084	4	0.003872
43721	44278	2	0.001936
43721	44440	61	0.059051
43721	44281	1	0.000968
43721	43934	3	0.002904
43722	44147	14	0.500000
43723	43813	2	0.006289
43723	43590	1	0.003145
43723	44599	2	0.006289
43723	44509	1	0.003145
43723	43540	1	0.003145
43723	44407	2	0.006289
43723	43641	1	0.003145
43723	44477	3	0.009434
43724	43813	1	0.013514
43725	44453	1	0.007519
43725	43852	1	0.007519
43725	44242	1	0.007519
43725	43641	1	0.007519
43725	44191	10	0.075188
43725	43804	1	0.007519
43725	43781	2	0.015038
43727	43584	4	0.007030
43727	43721	4	0.007030
43727	44342	2	0.003515
43727	43934	12	0.021090
43727	44599	2	0.003515
43729	44523	1	0.111111
43730	44417	1	0.002564
43730	44395	4	0.010256
43730	44040	1	0.002564
43730	44053	3	0.007692
43730	43806	1	0.002564
43730	44191	11	0.028205
43730	43940	5	0.012821
43730	43941	5	0.012821
43730	43697	6	0.015385
43730	43567	1	0.002564
43730	44081	2	0.005128
43730	43699	7	0.017949
43730	44599	1	0.002564
43730	43848	1	0.002564
43730	44106	1	0.002564
43730	43575	7	0.017949
43730	44621	5	0.012821
43730	44240	1	0.002564
43730	44242	4	0.010256
43730	44244	3	0.007692
43730	44523	26	0.066667
43730	43641	11	0.028205
43730	44411	1	0.002564
43731	43929	2	0.001193
43731	44403	6	0.003578
43731	44228	2	0.001193
43731	43989	1	0.000596
43732	44181	1	0.009091
43732	43965	1	0.009091
43735	44536	52	0.945455
43735	43929	1	0.018182
43735	44523	1	0.018182
43735	44255	2	0.036364
43737	43584	1	0.001664
43737	43646	2	0.003328
43737	43813	2	0.003328
43737	44454	2	0.003328
43738	44236	798	2.072727
43740	44547	3	0.002154
43740	44040	1	0.000718
43740	44041	4	0.002872
43740	44567	25	0.017947
43740	43547	1	0.000718
43740	44060	3	0.002154
43740	43549	2	0.001436
43740	43550	1	0.000718
43740	43561	5	0.003589
43740	44074	1	0.000718
43740	43567	8	0.005743
43740	44593	3	0.002154
43740	43570	2	0.001436
43740	44084	1389	0.997128
43740	44085	3	0.002154
43740	44089	3	0.002154
43740	43578	2	0.001436
43740	44127	180	0.129218
43740	44094	3	0.002154
43740	44615	2	0.001436
43740	44617	2	0.001436
43740	44109	3	0.002154
43740	44111	5	0.003589
43740	43605	1	0.000718
43740	44632	1649	1.183776
43740	44122	3	0.002154
43740	44638	3	0.002154
43740	43615	3	0.002154
43740	43618	2	0.001436
43740	44134	3	0.002154
43740	44137	1	0.000718
43740	44138	3	0.002154
43740	44139	5	0.003589
43740	43629	171	0.122757
43740	44142	2	0.001436
43740	43633	2	0.001436
43740	43641	18	0.012922
43740	43645	3	0.002154
43740	44164	3	0.002154
43740	43655	2	0.001436
43740	44171	2	0.001436
43740	43662	2	0.001436
43740	44179	5	0.003589
43740	43668	1	0.000718
43740	44181	2	0.001436
43740	44187	5	0.003589
43740	43680	4	0.002872
43740	44193	3	0.002154
43740	44199	3	0.002154
43740	44201	5	0.003589
43740	44574	1	0.000718
43740	44221	4	0.002872
43740	43713	2	0.001436
43740	43714	2	0.001436
43740	44234	5	0.003589
43740	44236	3	0.002154
43740	43725	3	0.002154
43740	44241	5	0.003589
43740	44242	13	0.009332
43740	44247	4	0.002872
43740	43741	1	0.000718
43740	44255	5	0.003589
43740	44258	3	0.002154
43740	43985	3	0.002154
43740	44268	2	0.001436
43740	43757	3	0.002154
43740	44281	5	0.003589
43740	43771	2	0.001436
43740	43781	1	0.000718
43740	43805	2	0.001436
43740	43806	7	0.005025
43740	44321	2	0.001436
43740	43810	2	0.001436
43740	44325	1	0.000718
43740	43820	3	0.002154
43740	43824	3	0.002154
43740	44338	2	0.001436
43740	44339	3	0.002154
43740	44344	522	0.374731
43740	44345	3	0.002154
43740	43839	1	0.000718
43740	43848	3	0.002154
43740	43850	4	0.002872
43740	44373	3	0.002154
43740	43864	3	0.002154
43740	43869	1	0.000718
43740	43872	2	0.001436
43740	44385	4	0.002872
43740	43884	5	0.003589
43740	43887	3	0.002154
43740	44401	2	0.001436
43740	44606	2	0.001436
43740	44407	2	0.001436
43740	44411	3	0.002154
43740	44417	3	0.002154
43740	43906	4	0.002872
43740	43907	3	0.002154
43740	44428	2	0.001436
43740	44433	4	0.002872
43740	43924	2	0.001436
43740	44437	3	0.002154
43740	44440	2	0.001436
43740	43932	3	0.002154
43740	43934	3	0.002154
43740	44450	2	0.001436
43740	44452	2	0.001436
43740	44453	4	0.002872
43740	43943	1	0.000718
43740	43947	3	0.002154
43740	44462	11	0.007897
43740	44464	1	0.000718
43740	43972	1	0.000718
43740	43681	1	0.000718
43740	43976	1	0.000718
43740	44491	1	0.000718
43740	43982	5	0.003589
43740	44497	3	0.002154
43740	43986	3	0.002154
43740	44505	2	0.001436
43740	43995	3	0.002154
43740	44508	1	0.000718
43740	44513	3	0.002154
43740	44006	2	0.001436
43740	44519	3	0.002154
43740	44523	25	0.017947
43740	44526	2	0.001436
43740	44015	5	0.003589
43740	44532	3	0.002154
43741	44352	1	0.000547
43741	43906	10	0.005473
43741	44533	1	0.000547
43741	43781	1	0.000547
43741	44167	1	0.000547
43741	43948	1	0.000547
43741	44172	1	0.000547
43741	44433	2	0.001095
43741	44052	2	0.001095
43741	44089	1	0.000547
43741	44440	28	0.015326
43741	43806	1	0.000547
43741	44452	1	0.000547
43741	43813	55	0.030104
43741	44454	2	0.001095
43741	43943	12	0.006568
43741	43817	1	0.000547
43741	43947	1	0.000547
43741	43820	2	0.001095
43741	44206	1	0.000547
43741	43701	3	0.001642
43741	43575	1	0.000547
43741	43583	6	0.003284
43741	44477	1	0.000547
43741	43582	5	0.002737
43741	43967	2	0.001095
43741	43840	4	0.002189
43741	44225	1	0.000547
43741	44484	2	0.001095
43741	44231	6	0.003284
43741	44364	1	0.000547
43741	44258	1	0.000547
43741	43641	1	0.000547
43741	44373	1	0.000547
43741	44281	1	0.000547
43741	44251	1	0.000547
43741	44636	3	0.001642
43741	43685	2	0.001095
43741	43616	2	0.001095
43741	44642	1	0.000547
43741	44259	1	0.000547
43741	44006	11	0.006021
43741	44519	2	0.001095
43741	43753	1	0.000547
43741	43754	1	0.000547
43741	44523	3	0.001642
43741	43757	5	0.002737
43741	43965	1	0.000547
43741	43633	4	0.002189
43741	43765	2	0.001095
43741	44407	1	0.000547
43741	43540	2	0.001095
43741	43839	1	0.000547
43741	43777	1	0.000547
43743	43906	4	0.014706
43743	44547	9	0.033088
43743	44196	4	0.014706
43743	44454	4	0.014706
43743	44535	4	0.014706
43743	43575	4	0.014706
43743	44523	9	0.033088
43743	44180	4	0.014706
43743	43567	15	0.055147
43743	43929	9	0.033088
43743	44593	120	0.441176
43743	43587	8	0.029412
43743	43924	30	0.110294
43743	44342	4	0.014706
43743	44599	13	0.047794
43743	44440	4	0.014706
43743	43540	15	0.055147
43743	44317	4	0.014706
43744	43714	5	0.055556
43744	43751	1	0.011111
43744	44523	1	0.011111
43744	44495	92	1.022222
43744	44433	1	0.011111
43744	44244	1	0.011111
43744	44599	1	0.011111
43744	44251	2	0.022222
43746	44006	1	0.000939
43746	43686	6	0.005634
43746	43959	9	0.008451
43746	44462	1	0.000939
43746	44599	3	0.002817
43746	43965	6	0.005634
43747	44387	53	0.438017
43747	43554	53	0.438017
43747	44187	53	0.438017
43747	43929	53	0.438017
43748	44524	1	0.017241
43748	44242	112	1.931034
43748	44523	4	0.068966
43748	44236	1	0.017241
43750	43648	2	0.001522
43750	44343	1	0.000761
43750	44131	4	0.003044
43750	44425	8	0.006088
43750	44523	7	0.005327
43750	44492	6	0.004566
43750	43917	8	0.006088
43750	44601	9	0.006849
43750	44440	16	0.012177
43750	44441	6	0.004566
43750	43575	3	0.002283
43751	43744	2	1.000000
43751	43777	2	1.000000
43751	43714	2	1.000000
43751	43783	2	1.000000
43751	44523	2	1.000000
43751	44495	4	2.000000
43751	44599	2	1.000000
43751	44378	2	1.000000
43751	44251	2	1.000000
43752	44110	1344	0.740088
43752	44433	10	0.005507
43752	44466	1344	0.740088
43752	44564	2688	1.480176
43752	44437	1344	0.740088
43752	44440	4073	2.242841
43752	43737	1344	0.740088
43753	44407	1	0.005525
43753	43783	1	0.005525
43753	44523	2	0.011050
43753	43741	4	0.022099
43753	44530	1	0.005525
43753	44089	2	0.011050
43753	44599	1	0.005525
43753	44440	3	0.016575
43753	44281	1	0.005525
43753	44477	39	0.215470
43754	44036	4	0.034483
43754	44477	2	0.017241
43754	43741	3	0.025862
43755	44036	1	0.015625
43755	43754	2	0.031250
43755	43924	1	0.015625
43755	44085	3	0.046875
43755	44599	1	0.015625
43755	43764	1	0.015625
43756	43777	1	0.007874
43756	43551	1	0.007874
43757	43873	1	0.013158
43757	44231	1	0.013158
43757	44433	1	0.013158
43757	44242	5	0.065789
43757	43765	1	0.013158
43757	43990	3	0.039474
43757	43741	3	0.039474
43757	43582	4	0.052632
43757	43583	1	0.013158
43758	44066	1	0.019608
43758	44363	1	0.019608
43758	43724	1	0.019608
43758	43597	2	0.039216
43758	43725	4	0.078431
43759	44272	1	0.003906
43759	44433	1	0.003906
43759	43965	1	0.003906
43759	43686	2	0.007812
43759	44519	1	0.003906
43760	43600	2	0.018692
43760	44440	4	0.037383
43760	44446	1	0.009346
43760	43641	1	0.009346
43761	44106	1	0.007246
43763	44344	3	0.011494
43763	44139	3	0.011494
43763	44330	4	0.015326
43763	44067	264	1.011494
43763	43924	1	0.003831
43764	44344	3	0.012146
43764	44440	3	0.012146
43764	44523	1	0.004049
43764	44085	2	0.008097
43765	43757	1	0.111111
43766	43776	1	0.022222
43766	43627	1	0.022222
43766	44039	1	0.022222
43766	44075	1	0.022222
43766	44055	1	0.022222
43766	43896	1	0.022222
43766	43929	5	0.111111
43766	43866	1	0.022222
43766	43932	745	16.555556
43769	43806	2	0.021739
43770	43929	1	0.013889
43770	44589	1	0.013889
43770	43967	1	0.013889
43771	43906	6	0.007682
43771	43783	2	0.002561
43771	44418	2	0.002561
43771	44433	11	0.014085
43771	44052	3	0.003841
43771	43929	4	0.005122
43771	44440	5	0.006402
43771	43545	22	0.028169
43771	43806	9	0.011524
43771	44191	12	0.015365
43771	43567	4	0.005122
43771	44342	14	0.017926
43771	44599	2	0.002561
43771	44476	2	0.002561
43771	43965	8	0.010243
43771	43597	2	0.002561
43771	44242	4	0.005122
43771	43603	2	0.002561
43771	44118	2	0.002561
43771	44003	2	0.002561
43771	43641	9	0.011524
43771	44029	43	0.055058
43772	43777	5	0.008897
43772	43685	3	0.005338
43772	43590	8	0.014235
43772	44454	3	0.005338
43772	43965	2	0.003559
43772	44176	2	0.003559
43772	44332	3	0.005338
43772	44175	2	0.003559
43772	44048	17	0.030249
43772	43575	3	0.005338
43772	44509	5	0.008897
43772	44606	2	0.003559
43773	44547	2	0.016129
43773	43560	2	0.016129
43773	44191	6	0.048387
43773	43693	2	0.016129
43773	43567	8	0.064516
43773	44632	2	0.016129
43773	44594	4	0.032258
43773	44371	8	0.064516
43773	43929	8	0.064516
43773	44344	2	0.016129
43773	43641	16	0.129032
43773	43547	6	0.048387
43773	44412	4	0.032258
43773	43806	2	0.016129
43773	43629	2	0.016129
43774	44201	1	0.058824
43774	44458	4	0.235294
43774	44642	1	0.058824
43774	44110	1	0.058824
43774	44013	1	0.058824
43775	43777	1	0.003086
43775	44454	1	0.003086
43775	44040	4	0.012346
43775	44240	3	0.009259
43775	44477	325	1.003086
43775	43550	4	0.012346
43776	43685	2	0.001182
43776	43575	2	0.001182
43776	44599	1	0.000591
43776	43724	2	0.001182
43776	44013	2	0.001182
43776	43741	2	0.001182
43776	44053	2	0.001182
43776	44281	2	0.001182
43776	43896	1	0.000591
43776	43641	6	0.003546
43776	43866	1	0.000591
43776	43567	5	0.002955
43776	43932	2	0.001182
43776	44477	7	0.004137
43776	43806	2	0.001182
43776	44332	2	0.001182
43777	43906	4	0.000672
43777	44419	1	0.000168
43777	44016	1	0.000168
43777	44519	3	0.000504
43777	43784	1	0.000168
43777	44332	5	0.000840
43777	43914	2	0.000336
43777	44427	2	0.000336
43777	43590	1	0.000168
43777	44174	5	0.000840
43777	44047	1	0.000168
43777	44048	1	0.000168
43777	44433	6	0.001008
43777	43603	1	0.000168
43777	43795	1	0.000168
43777	44564	6	0.001008
43777	44566	1	0.000168
43777	44440	36	0.006046
43777	43929	3	0.000504
43777	43547	2	0.000336
43777	43806	3	0.000504
43777	43551	1	0.000168
43777	43937	1	0.000168
43777	43682	1	0.000168
43777	43974	1	0.000168
43777	44452	4	0.000672
43777	43813	143	0.024017
43777	44454	8	0.001344
43777	43943	2	0.000336
43777	44486	2	0.000336
43777	43783	2	0.000336
43777	44204	1	0.000168
43777	44530	1	0.000168
43777	44462	1	0.000168
43777	43567	1	0.000168
43777	44040	1	0.000168
43777	43763	1	0.000168
43777	44574	1	0.000168
43777	43702	1	0.000168
43777	43575	1	0.000168
43777	44473	1	0.000168
43777	44477	2	0.000336
43777	44052	1	0.000168
43777	44608	1	0.000168
43777	43787	1	0.000168
43777	43574	1	0.000168
43777	43718	1	0.000168
43777	43724	2	0.000336
43777	44491	2	0.000336
43777	44240	1	0.000168
43777	43554	1	0.000168
43777	43597	72	0.012093
43777	44496	1	0.000168
43777	43729	1	0.000168
43777	43814	1	0.000168
43777	43699	1	0.000168
43777	43990	1	0.000168
43777	44089	4	0.000672
43777	43965	1	0.000168
43777	43737	2	0.000336
43777	43868	1	0.000168
43777	44509	2	0.000336
43777	44127	9	0.001512
43777	44641	1	0.000168
43777	44003	1	0.000168
43777	44006	3	0.000504
43777	44390	2	0.000336
43777	44275	1	0.000168
43777	43880	3	0.000504
43777	44599	2	0.000336
43777	44523	36	0.006046
43777	44268	2	0.000336
43777	43759	1	0.000168
43777	44272	1	0.000168
43777	44595	1	0.000168
43777	44146	1	0.000168
43777	43891	2	0.000336
43777	44276	28	0.004703
43777	44278	2	0.000336
43777	44535	1	0.000168
43777	44152	2	0.000336
43777	43641	6	0.001008
43777	44155	1	0.000168
43778	43809	4	0.002170
43778	43907	2	0.001085
43778	43813	6	0.003256
43778	44424	2	0.001085
43778	43724	4	0.002170
43778	43594	2	0.001085
43778	44599	1	0.000543
43778	44012	2	0.001085
43778	44413	2	0.001085
43778	44082	2	0.001085
43778	43619	2	0.001085
43778	44309	2	0.001085
43778	44281	1	0.000543
43778	44280	2	0.001085
43778	44345	2	0.001085
43778	43708	2	0.001085
43778	44477	16	0.008681
43778	44350	2	0.001085
43778	44159	2	0.001085
43779	44059	3	0.200000
43779	44437	1	0.066667
43779	43806	1	0.066667
43779	44519	1	0.066667
43780	44608	259	0.955720
43780	44162	259	0.955720
43780	44004	516	1.904059
43780	44303	773	2.852399
43781	43813	14	0.011429
43781	43783	1	0.000816
43781	44599	2	0.001633
43781	44523	1	0.000816
43781	44332	1	0.000816
43781	43855	2	0.001633
43781	43924	4	0.003265
43781	44089	1	0.000816
43781	44281	16	0.013061
43781	44344	3	0.002449
43781	43641	4	0.003265
43781	43839	2	0.001633
43781	44477	10	0.008163
43781	43806	18	0.014694
43781	44191	2	0.001633
43782	43600	8	0.005131
43782	44440	4	0.002566
43782	43967	2	0.001283
43783	44473	2	0.003367
43783	44523	1	0.001684
43783	44325	1	0.001684
43783	44599	1	0.001684
43783	44524	217	0.365320
43783	43693	2	0.003367
43783	44462	1	0.001684
43783	44530	97	0.163300
43783	44089	1	0.001684
43783	44407	1	0.001684
43783	44440	1	0.001684
43783	43641	1275	2.146465
43783	43806	1	0.001684
43783	43605	2	0.003367
43784	44440	211	0.234705
43784	43777	4	0.004449
43784	43906	1	0.001112
43784	44509	6	0.006674
43785	44242	14	2.333333
43787	43681	3	0.003505
43787	43554	4	0.004673
43787	43943	3	0.003505
43787	44440	63	0.073598
43787	43802	1	0.001168
43787	44638	6	0.007009
43788	43593	3	0.008152
43788	44491	1	0.002717
43788	44244	1	0.002717
43788	44085	3	0.008152
43790	44440	1	0.005495
43790	43801	1	0.005495
43790	43664	1	0.005495
43790	44086	1	0.005495
43790	44422	3	0.016484
43791	44547	22	0.096070
43791	44244	4	0.017467
43792	44547	3	0.002149
43792	44040	1	0.000716
43792	44041	4	0.002865
43792	44567	25	0.017908
43792	43547	1	0.000716
43792	44060	3	0.002149
43792	43549	2	0.001433
43792	43550	1	0.000716
43792	43561	5	0.003582
43792	44074	1	0.000716
43792	43567	8	0.005731
43792	44593	3	0.002149
43792	43570	2	0.001433
43792	44084	1392	0.997135
43792	44085	3	0.002149
43792	44089	3	0.002149
43792	43578	2	0.001433
43792	44127	180	0.128940
43792	44094	3	0.002149
43792	44615	2	0.001433
43792	44617	2	0.001433
43792	44109	3	0.002149
43792	44111	5	0.003582
43792	43605	1	0.000716
43792	44632	1647	1.179799
43792	44122	3	0.002149
43792	44638	3	0.002149
43792	43615	3	0.002149
43792	43618	2	0.001433
43792	44134	3	0.002149
43792	44137	1	0.000716
43792	44138	3	0.002149
43792	44139	5	0.003582
43792	43629	171	0.122493
43792	44142	2	0.001433
43792	43633	2	0.001433
43792	43641	18	0.012894
43792	43645	3	0.002149
43792	44164	3	0.002149
43792	43655	2	0.001433
43792	44171	2	0.001433
43792	43662	2	0.001433
43792	44179	5	0.003582
43792	43668	1	0.000716
43792	44181	2	0.001433
43792	44187	5	0.003582
43792	43680	4	0.002865
43792	44193	3	0.002149
43792	44199	3	0.002149
43792	44201	5	0.003582
43792	44574	1	0.000716
43792	44221	4	0.002865
43792	43713	2	0.001433
43792	43714	2	0.001433
43792	44234	5	0.003582
43792	44236	3	0.002149
43792	43725	3	0.002149
43792	44241	5	0.003582
43792	44242	12	0.008596
43792	44247	4	0.002865
43792	43741	1	0.000716
43792	44255	5	0.003582
43792	44258	3	0.002149
43792	43985	3	0.002149
43792	44268	2	0.001433
43792	43757	3	0.002149
43792	44281	5	0.003582
43792	43771	2	0.001433
43792	43781	1	0.000716
43792	43805	2	0.001433
43792	43806	7	0.005014
43792	44321	2	0.001433
43792	43810	2	0.001433
43792	44325	1	0.000716
43792	43820	3	0.002149
43792	43824	3	0.002149
43792	44338	2	0.001433
43792	44339	3	0.002149
43792	44344	514	0.368195
43792	44345	3	0.002149
43792	43839	1	0.000716
43792	43848	3	0.002149
43792	43850	4	0.002865
43792	44373	3	0.002149
43792	43864	3	0.002149
43792	43869	1	0.000716
43792	43872	2	0.001433
43792	44385	4	0.002865
43792	43884	5	0.003582
43792	43887	3	0.002149
43792	44401	2	0.001433
43792	44606	2	0.001433
43792	44407	2	0.001433
43792	44411	3	0.002149
43792	44417	3	0.002149
43792	43906	4	0.002865
43792	43907	3	0.002149
43792	44428	2	0.001433
43792	44433	4	0.002865
43792	43924	2	0.001433
43792	44437	3	0.002149
43792	44440	2	0.001433
43792	43932	3	0.002149
43792	43934	3	0.002149
43792	44450	2	0.001433
43792	44452	2	0.001433
43792	44453	4	0.002865
43792	43943	1	0.000716
43792	43947	3	0.002149
43792	44462	11	0.007880
43792	44464	1	0.000716
43792	43972	1	0.000716
43792	43681	1	0.000716
43792	43976	1	0.000716
43792	44491	1	0.000716
43792	43982	5	0.003582
43792	44497	3	0.002149
43792	43986	3	0.002149
43792	44505	2	0.001433
43792	43995	3	0.002149
43792	44508	1	0.000716
43792	44513	3	0.002149
43792	44006	2	0.001433
43792	44519	3	0.002149
43792	44523	23	0.016476
43792	44526	2	0.001433
43792	44015	5	0.003582
43792	44532	3	0.002149
43795	43929	1	0.014085
43795	43922	26	0.366197
43795	43699	1	0.014085
43795	44454	1	0.014085
43795	43967	99	1.394366
43796	44069	1	0.000075
43796	44040	1	0.000075
43796	44233	1	0.000075
43796	44523	1	0.000075
43796	44332	1	0.000075
43796	43699	5	0.000374
43796	44440	589	0.044031
43796	43641	1	0.000075
43798	44275	17	0.018559
43798	43965	34	0.037118
43800	44641	8	0.080000
43800	43975	1	0.010000
43800	43567	1	0.010000
43800	44344	1	0.010000
43800	44632	1	0.010000
43800	44411	2	0.020000
43800	43806	1	0.010000
43801	44256	1	0.003922
43801	43813	1	0.003922
43801	44137	1	0.003922
43801	44342	1	0.003922
43801	44440	12	0.047059
43801	43641	2	0.007843
43801	44477	1	0.003922
43801	44197	1	0.003922
43802	44440	18	0.104651
43804	44440	1	0.000658
43804	44492	3	0.001974
43804	44351	3	0.001974
43806	44147	2	0.001653
43806	43652	3	0.002479
43806	44615	1	0.000826
43806	43729	1	0.000826
43806	43722	13	0.010744
43806	44523	39	0.032231
43806	43629	10	0.008264
43806	43567	17	0.014050
43806	44433	1	0.000826
43806	44632	1	0.000826
43806	44242	11	0.009091
43806	43699	37	0.030579
43806	44084	5	0.004132
43806	43990	5	0.004132
43806	44089	2	0.001653
43806	44344	150	0.123967
43806	43641	15	0.012397
43806	43603	1	0.000826
43806	44477	1	0.000826
43806	43646	1	0.000826
43807	43929	1	0.013889
43807	44589	1	0.013889
43807	43967	1	0.013889
43808	44440	7	0.031250
43809	44490	1	0.023256
43809	43938	1	0.023256
43809	43907	7	0.162791
43809	43594	1	0.023256
43809	44182	1	0.023256
43809	44233	1	0.023256
43809	44138	2	0.046512
43809	43927	1	0.023256
43809	43964	1	0.023256
43809	43849	1	0.023256
43809	43549	3	0.069767
43809	44242	1	0.023256
43809	43971	5	0.116279
43809	44052	2	0.046512
43809	44310	3	0.069767
43809	43961	1	0.023256
43809	43929	2	0.046512
43809	43977	2	0.046512
43809	43796	1	0.023256
43809	43709	1	0.023256
43809	43967	1	0.023256
43811	43693	1	0.023810
43813	43776	1	0.001515
43813	43777	671	1.016667
43813	43781	1	0.001515
43813	44295	1	0.001515
43813	44040	667	1.010606
43813	44053	669	1.013636
43813	44566	667	1.010606
43813	44314	2	0.003030
43813	43550	1	0.001515
43813	43718	1	0.001515
43813	43814	668	1.012121
43813	43943	5	0.007576
43813	44332	672	1.018182
43813	43613	1	0.001515
43813	44168	1	0.001515
43813	43575	671	1.016667
43813	44602	1	0.001515
43813	44127	11	0.016667
43813	44477	1	0.001515
43813	43840	1	0.001515
43813	43972	1	0.001515
43813	44486	663	1.004545
43813	43724	661	1.001515
43813	44621	1	0.001515
43813	44240	665	1.007576
43813	43605	1	0.001515
43813	43737	675	1.022727
43813	44508	1	0.001515
43813	43741	670	1.015152
43813	43685	666	1.009091
43813	44454	660	1.000000
43813	44006	2	0.003030
43813	44519	1	0.001515
43813	44137	1	0.001515
43813	44523	3	0.004545
43813	44013	668	1.012121
43813	43641	1	0.001515
43813	44155	665	1.007576
43814	43813	6	0.018576
43814	44454	1	0.003096
43814	44599	1	0.003096
43816	43777	1	0.000420
43816	43940	1	0.000420
43816	44454	1	0.000420
43816	43943	6	0.002519
43816	44330	1	0.000420
43816	43591	1	0.000420
43816	44332	1	0.000420
43816	44272	1	0.000420
43816	43668	2	0.000840
43816	43575	2	0.000840
43816	44440	1243	0.521830
43816	44314	1	0.000420
43816	44074	3	0.001259
43817	43820	8	0.296296
43820	43693	1	0.000386
43820	44433	6	0.002317
43820	44317	1	0.000386
43820	44563	1	0.000386
43820	44052	1	0.000386
43820	44053	24	0.009266
43820	44567	2	0.000772
43820	44440	2	0.000772
43820	43929	4	0.001544
43820	44059	1	0.000386
43820	43677	1	0.000386
43820	43806	1	0.000386
43820	44191	46	0.017761
43820	44066	1	0.000386
43820	43942	1	0.000386
43820	44199	6	0.002317
43820	43975	1	0.000386
43820	44589	1	0.000386
43820	44462	23	0.008880
43820	43567	5	0.001931
43820	44465	1	0.000386
43820	43699	11	0.004247
43820	44084	3	0.001158
43820	43575	38	0.014672
43820	44344	21	0.008108
43820	44473	1	0.000386
43820	44063	9	0.003475
43820	43965	48	0.018533
43820	43967	3	0.001158
43820	43840	16	0.006178
43820	43715	21	0.008108
43820	44615	1	0.000386
43820	44599	2	0.000772
43820	43597	5	0.001931
43820	43856	64	0.024710
43820	44242	9	0.003475
43820	43603	59	0.022780
43820	44244	6	0.002317
43820	43990	1	0.000386
43820	44281	4	0.001544
43820	44632	3	0.001158
43820	44252	143	0.055212
43820	43741	2	0.000772
43820	44510	2	0.000772
43820	43879	1	0.000386
43820	44266	1	0.000386
43820	44523	4	0.001544
43820	44524	5	0.001931
43820	43629	7	0.002703
43820	43837	1	0.000386
43820	43633	1333	0.514672
43820	44530	1	0.000386
43820	44403	1	0.000386
43820	44278	1	0.000386
43820	44407	3	0.001158
43820	43641	70	0.027027
43821	44440	25	0.022894
43823	44289	1	0.031250
43823	44602	1	0.031250
43823	44574	1	0.031250
43823	44174	1	0.031250
43823	43777	1	0.031250
43824	44345	1	0.001316
43824	43906	1	0.001316
43824	43907	1	0.001316
43824	44164	1	0.001316
43824	43783	1	0.001316
43824	44041	1	0.001316
43824	43662	1	0.001316
43824	43757	1	0.001316
43824	44433	5	0.006579
43824	43922	1	0.001316
43824	44179	1	0.001316
43824	44181	1	0.001316
43824	43806	1	0.001316
43824	44187	1	0.001316
43824	43932	1	0.001316
43824	44085	1	0.001316
43824	43934	2	0.002632
43824	44191	4	0.005263
43824	44321	1	0.001316
43824	44450	1	0.001316
43824	43699	1	0.001316
43824	43561	1	0.001316
43824	43655	1	0.001316
43824	43820	2	0.002632
43824	44060	1	0.001316
43824	43567	1	0.001316
43824	44464	1	0.001316
43824	43848	1	0.001316
43824	44339	1	0.001316
43824	43550	619	0.814474
43824	43959	1	0.001316
43824	44473	1	0.001316
43824	43578	1	0.001316
43824	44234	1	0.001316
43824	44094	1	0.001316
43824	43694	1	0.001316
43824	43713	1	0.001316
43824	43714	1	0.001316
43824	44613	1	0.001316
43824	44104	1	0.001316
43824	43850	1	0.001316
43824	44258	1	0.001316
43824	43982	1	0.001316
43824	44111	1	0.001316
43824	44240	5	0.006579
43824	44497	1	0.001316
43824	44242	1855	2.440789
43824	44244	1	0.001316
43824	44373	1	0.001316
43824	43641	18	0.023684
43824	43864	2	0.002632
43824	44505	1	0.001316
43824	44411	1	0.001316
43824	44255	1	0.001316
43824	44128	1	0.001316
43824	44385	1	0.001316
43824	43618	1	0.001316
43824	43887	1	0.001316
43824	44004	1	0.001316
43824	44134	1	0.001316
43824	44390	615	0.809211
43824	44519	1	0.001316
43824	44496	1	0.001316
43824	44241	1	0.001316
43824	44523	2	0.002632
43824	43884	1	0.001316
43824	43986	1	0.001316
43824	44109	1	0.001316
43824	44015	1	0.001316
43824	44273	1	0.001316
43824	44139	1	0.001316
43824	44532	1	0.001316
43824	44281	2	0.002632
43824	43771	1	0.001316
43824	43644	1	0.001316
43824	44266	1	0.001316
43824	44437	1	0.001316
43825	43865	1	0.001071
43825	43647	1	0.001071
43825	44519	1	0.001071
43825	43909	1	0.001071
43825	44511	5	0.005353
43826	43939	2	0.003953
43826	43814	2	0.003953
43826	44519	1	0.001976
43826	43693	1	0.001976
43826	44273	107	0.211462
43826	44440	22	0.043478
43828	44132	1	0.007874
43828	43941	2	0.015748
43828	43687	1	0.007874
43828	44106	1	0.007874
43828	44523	4	0.031496
43828	43571	1	0.007874
43828	43572	1	0.007874
43828	44447	1	0.007874
43831	43553	60	0.504202
43831	43650	60	0.504202
43831	43810	60	0.504202
43831	44450	60	0.504202
43831	44497	60	0.504202
43831	44115	60	0.504202
43831	43929	290	2.436975
43831	43641	60	0.504202
43832	44440	3	0.061224
43834	43929	1	0.013889
43834	44589	1	0.013889
43834	43967	1	0.013889
43836	44440	8	0.071429
43836	43561	1	0.008929
43837	44169	1	0.020000
43837	43633	3	0.060000
43837	43820	14	0.280000
43837	43629	1	0.020000
43837	44281	1	0.020000
43838	43941	3	0.005976
43838	44462	5	0.009960
43838	43567	2	0.003984
43838	43698	2	0.003984
43838	44502	2	0.003984
43838	43959	2	0.003984
43839	43777	1	0.001890
43839	43906	2	0.003781
43839	44155	1	0.001890
43839	43813	2	0.003781
43839	43814	1	0.001890
43839	44015	3	0.005671
43839	44040	1	0.001890
43839	44332	1	0.001890
43839	44013	1	0.001890
43839	43741	1	0.001890
43839	44240	1	0.001890
43839	44242	1	0.001890
43839	44053	1	0.001890
43839	44566	1	0.001890
43839	43929	8	0.015123
43839	44477	6	0.011342
43839	44443	1	0.001890
43839	44285	1	0.001890
43839	43806	2	0.003781
43840	43777	4	0.001754
43840	44040	1	0.000438
43840	44332	6	0.002630
43840	43538	1	0.000438
43840	44053	1	0.000438
43840	44566	1	0.000438
43840	44440	1	0.000438
43840	43677	1	0.000438
43840	43806	2	0.000877
43840	44191	2	0.000877
43840	43681	2	0.000877
43840	43813	3	0.001315
43840	44454	1	0.000438
43840	43943	1	0.000438
43840	44486	1	0.000438
43840	43820	20	0.008768
43840	44206	1	0.000438
43840	43567	3	0.001315
43840	43575	2	0.000877
43840	44477	11	0.004822
43840	43718	1	0.000438
43840	44231	1	0.000438
43840	44599	9	0.003946
43840	43724	3	0.001315
43840	43855	3	0.001315
43840	44240	1	0.000438
43840	44242	1	0.000438
43840	44317	1	0.000438
43840	43641	2	0.000877
43840	43741	7	0.003069
43840	43685	4	0.001754
43840	43814	1	0.000438
43840	44006	1	0.000438
43840	44523	2	0.000877
43840	44013	1	0.000438
43840	44016	1	0.000438
43840	43633	9	0.003946
43840	44407	1	0.000438
43840	44281	2	0.000877
43840	44155	1	0.000438
43841	44248	2	0.100000
43842	43699	46	2.875000
43844	43591	3	0.003141
43844	43816	1	0.001047
43844	44074	4	0.004188
43844	44462	4	0.004188
43844	43699	2	0.002094
43844	44599	2	0.002094
43844	44344	1	0.001047
43844	43869	2	0.002094
43845	44440	58	2.000000
43845	44236	58	2.000000
43846	43906	1	0.003058
43846	43566	2	0.006116
43846	43567	3	0.009174
43846	44401	5	0.015291
43846	44242	1	0.003058
43846	44244	1	0.003058
43846	43990	1	0.003058
43846	44535	1	0.003058
43846	44632	1	0.003058
43846	44281	1	0.003058
43846	43965	1	0.003058
43847	44512	3	0.115385
43847	44488	1	0.038462
43847	44491	2	0.076923
43847	43918	2	0.076923
43847	43887	8	0.307692
43847	44433	1	0.038462
43847	43666	2	0.076923
43847	43795	1	0.038462
43847	44149	1	0.038462
43847	44462	1	0.038462
43847	43567	1	0.038462
43847	44027	2	0.076923
43848	44089	1	0.050000
43848	44146	1	0.050000
43850	44281	1	0.022727
43850	43914	1	0.022727
43850	44191	2	0.045455
43855	43777	2	0.007722
43855	44162	2	0.007722
43855	44040	2	0.007722
43855	44053	2	0.007722
43855	44566	2	0.007722
43855	43551	3	0.011583
43855	43685	3	0.011583
43855	44074	2	0.007722
43855	44332	3	0.011583
43855	44509	1	0.003861
43855	43699	1	0.003861
43855	44342	1	0.003861
43855	44225	2	0.007722
43855	44484	1	0.003861
43855	43590	1	0.003861
43855	43724	2	0.007722
43855	44621	1	0.003861
43855	44240	2	0.007722
43855	44508	1	0.003861
43855	43741	9	0.034749
43855	43813	1	0.003861
43855	44641	1	0.003861
43855	43754	1	0.003861
43855	44013	6	0.023166
43855	44016	1	0.003861
43855	43889	4	0.015444
43855	44530	1	0.003861
43855	44024	4	0.015444
43855	43641	3	0.011583
43856	44440	1	0.000597
43856	43633	277	0.165373
43856	43820	39	0.023284
43857	43616	1	0.007042
43857	44484	2	0.014085
43857	43820	1	0.007042
43857	44433	2	0.014085
43857	44627	1	0.007042
43857	43925	1	0.007042
43857	43929	2	0.014085
43857	44373	3	0.021127
43858	43600	2	1.000000
43859	44193	7	0.205882
43859	44454	1	0.029412
43859	44523	1	0.029412
43859	43694	2	0.058824
43859	44566	1	0.029412
43859	43710	1	0.029412
43859	44575	2	0.058824
43860	43777	1	0.027778
43860	44454	1	0.027778
43860	44013	1	0.027778
43860	44084	1	0.027778
43860	44053	1	0.027778
43860	43641	3	0.083333
43861	44440	2	0.010101
43861	43777	1	0.005051
43861	44030	1	0.005051
43863	44064	2	0.001764
43863	43618	4	0.003527
43863	43972	2	0.001764
43863	44110	2	0.001764
43863	44599	2	0.001764
43863	43580	2	0.001764
43864	43906	7	0.009682
43864	43783	1	0.001383
43864	44297	3	0.004149
43864	43664	1	0.001383
43864	43795	1	0.001383
43864	43540	4	0.005533
43864	44053	3	0.004149
43864	44054	1	0.001383
43864	44191	15	0.020747
43864	43685	2	0.002766
43864	43945	2	0.002766
43864	44333	129	0.178423
43864	44462	1	0.001383
43864	43567	3	0.004149
43864	43568	1	0.001383
43864	44488	1	0.001383
43864	43699	2	0.002766
43864	43575	4	0.005533
43864	44473	2	0.002766
43864	44640	1	0.001383
43864	44356	1	0.001383
43864	44613	1	0.001383
43864	43869	1	0.001383
43864	44360	2	0.002766
43864	43597	1	0.001383
43864	44242	31	0.042877
43864	43603	3	0.004149
43864	44632	1	0.001383
43864	43997	2	0.002766
43864	44256	1	0.001383
43864	43621	2	0.002766
43864	44523	3	0.004149
43864	43629	2	0.002766
43864	44407	5	0.006916
43864	44169	1	0.001383
43864	43641	12	0.016598
43864	43642	1	0.001383
43865	43649	8	1.000000
43865	43925	9	1.125000
43865	44511	18	2.250000
43866	43932	1	0.017241
43868	43777	6	0.006764
43868	44486	1	0.001127
43868	43814	1	0.001127
43868	44454	1	0.001127
43868	44040	1	0.001127
43868	44332	1	0.001127
43868	43724	1	0.001127
43868	44013	1	0.001127
43868	44240	1	0.001127
43868	43685	1	0.001127
43868	44053	1	0.001127
43868	44566	1	0.001127
43868	43575	1	0.001127
43868	44440	13	0.014656
43868	43737	1	0.001127
43868	44155	1	0.001127
43868	44433	4	0.004510
43868	43741	1	0.001127
43868	44478	1	0.001127
43868	43813	17	0.019166
43869	43896	2	0.006309
43869	43937	4	0.012618
43869	44003	1	0.003155
43869	43975	6	0.018927
43869	44599	5	0.015773
43869	44523	28	0.088328
43869	43820	1	0.003155
43869	43597	16	0.050473
43869	44462	1	0.003155
43869	43567	4	0.012618
43869	43824	1	0.003155
43869	44433	5	0.015773
43869	44513	1	0.003155
43869	44244	1	0.003155
43869	44373	1	0.003155
43869	44407	2	0.006309
43869	44344	2	0.006309
43869	44089	5	0.015773
43869	44255	1	0.003155
43869	43932	1	0.003155
43869	44511	1	0.003155
43871	43600	214	1.000000
43871	44401	2	0.009346
43871	44563	1	0.004673
43871	44433	2	0.009346
43872	44281	1	0.045455
43872	43603	1	0.045455
43872	43935	44	2.000000
43873	43757	2	0.058824
43874	44006	3	0.021583
43874	43656	5	0.035971
43874	44508	1	0.007194
43874	44266	3	0.021583
43874	44523	2	0.014388
43874	44488	1	0.007194
43874	43699	6	0.043165
43874	44617	1	0.007194
43874	44599	4	0.028777
43874	44440	1	0.007194
43874	43929	1	0.007194
43874	43575	1	0.007194
43874	43932	3	0.021583
43874	44330	1	0.007194
43875	43582	1	0.007634
43877	44523	1	0.007194
43877	44006	1	0.007194
43877	44201	4	0.028777
43877	44458	1	0.007194
43877	44407	1	0.007194
43877	44110	1	0.007194
43877	44244	1	0.007194
43877	44599	1	0.007194
43877	43965	1	0.007194
43878	44106	1	0.062500
43878	43975	1	0.062500
43879	44608	2	0.030769
43879	43777	3	0.046154
43879	44162	4	0.061538
43879	43547	1	0.015385
43879	44004	1	0.015385
43879	43813	1	0.015385
43879	44454	2	0.030769
43879	44462	7	0.107692
43879	44317	1	0.015385
43879	43814	1	0.015385
43879	44244	1	0.015385
43879	43990	1	0.015385
43879	43575	2	0.030769
43879	44440	1	0.015385
43879	44509	1	0.015385
43879	44303	1	0.015385
43879	44477	2	0.030769
43880	44440	8	0.228571
43882	44385	2	0.037037
43882	43850	4	0.074074
43882	43567	1	0.018519
43882	43985	1	0.018519
43882	44405	26	0.481481
43882	43641	1	0.018519
43882	44440	1	0.018519
43882	43929	3	0.055556
43882	44638	4	0.074074
43882	43967	1	0.018519
43883	44440	2	0.083333
43884	44433	1	0.037037
43884	43699	1	0.037037
43884	44599	2	0.074074
43884	44191	2	0.074074
43885	43781	1	0.006849
43885	43725	12	0.082192
43885	44599	2	0.013699
43887	43906	2	0.002937
43887	44524	1	0.001468
43887	44242	1	0.001468
43887	44462	1	0.001468
43887	43666	2	0.002937
43887	43603	4	0.005874
43887	44089	1	0.001468
43887	43806	1	0.001468
43887	44191	27	0.039648
43888	44595	9	0.005629
43888	43879	1	0.000625
43888	44523	1	0.000625
43888	44462	4	0.002502
43888	44433	3	0.001876
43888	43986	1	0.000625
43888	43795	1	0.000625
43888	44599	116	0.072545
43888	44281	5	0.003127
43888	44317	1	0.000625
43888	44191	38	0.023765
43889	43777	1	0.001277
43889	43906	1	0.001277
43889	44452	1	0.001277
43889	43813	6	0.007663
43889	44615	1	0.001277
43889	43567	3	0.003831
43889	44523	12	0.015326
43889	44236	2	0.002554
43889	43965	2	0.002554
43889	44344	1	0.001277
43889	44244	1	0.001277
43889	43943	1	0.001277
43889	44598	1	0.001277
43889	44599	3	0.003831
43889	44440	1	0.001277
43889	44089	1	0.001277
43889	43606	1	0.001277
43889	44315	3	0.003831
43889	44477	27	0.034483
43892	43975	1	0.010638
43892	44106	1	0.010638
43892	44523	1	0.010638
43892	43571	3	0.031915
43892	43700	1	0.010638
43892	43643	1	0.010638
43893	44440	4	0.026667
43894	44225	110	0.797101
43894	44363	166	1.202899
43894	43813	56	0.405797
43894	44599	56	0.405797
43894	44016	56	0.405797
43894	43699	58	0.420290
43894	44089	56	0.405797
43894	43929	170	1.231884
43894	44059	56	0.405797
43894	44477	56	0.405797
43895	44440	10	0.086957
43895	44281	1	0.008696
43895	44084	1	0.008696
43895	43967	1	0.008696
43896	43776	7	0.003671
43896	43685	2	0.001049
43896	44454	1	0.000524
43896	44519	1	0.000524
43896	44599	2	0.001049
43896	44523	2	0.001049
43896	43724	1	0.000524
43896	44013	1	0.000524
43896	43567	1	0.000524
43896	44242	2	0.001049
43896	44403	1	0.000524
43896	44052	2	0.001049
43896	44053	2	0.001049
43896	44055	4	0.002098
43896	43575	1	0.000524
43896	44508	1	0.000524
43896	43932	9	0.004719
43897	44224	1	0.001092
43897	44281	1	0.001092
43897	44418	1	0.001092
43897	44635	2	0.002183
43897	44198	1	0.001092
43897	43641	3	0.003275
43897	44488	2	0.002183
43897	44523	1	0.001092
43897	44524	3	0.003275
43897	43567	1	0.001092
43897	43699	2	0.002183
43897	44532	4404	4.807860
43897	44599	2	0.002183
43897	43929	1	0.001092
43897	44191	17	0.018559
43897	43679	1	0.001092
43897	44127	2	0.002183
43901	43965	2	0.003030
43902	44417	1	0.004202
43902	43686	3	0.012605
43902	44523	3	0.012605
43902	43629	3	0.012605
43902	44142	1	0.004202
43902	44242	2	0.008403
43902	43795	1	0.004202
43902	43828	2	0.008403
43902	43806	5	0.021008
43902	43641	1	0.004202
43902	44344	2	0.008403
43902	44281	1	0.004202
43902	43965	1	0.004202
43902	43934	1	0.004202
43906	44599	96	0.644295
43906	44523	8	0.053691
43906	44564	1	0.006711
43906	43629	1	0.006711
43906	43567	2	0.013423
43907	43778	8	0.025157
43907	43783	5	0.015723
43907	43594	5	0.015723
43907	44523	1	0.003145
43907	44462	1	0.003145
43907	44530	16	0.050314
43907	44244	1	0.003145
43907	43641	4	0.012579
43907	44440	1	0.003145
43907	44089	1	0.003145
43907	44059	1	0.003145
43907	44191	2	0.006289
43908	43937	2	0.006873
43908	44427	2	0.006873
43908	44523	27	0.092784
43908	43693	5	0.017182
43908	44016	4	0.013746
43908	44530	3	0.010309
43908	43603	17	0.058419
43908	44440	2	0.006873
43908	43641	900	3.092784
43909	44006	1	0.016393
43909	44199	1	0.016393
43909	43820	2	0.032787
43909	44462	1	0.016393
43909	43825	2	0.032787
43909	43865	1	0.016393
43909	44511	6	0.098361
43910	43777	1	0.001199
43910	44486	1	0.001199
43910	44040	1	0.001199
43910	44492	5	0.005995
43910	44332	1	0.001199
43910	44589	2	0.002398
43910	44085	2	0.002398
43910	43593	3	0.003597
43910	44440	5	0.005995
43910	44351	3	0.003597
43910	43804	5	0.005995
43910	43741	1	0.001199
43910	43925	2	0.002398
43912	44517	4	0.013029
43912	43658	2	0.006515
43912	43975	1	0.003257
43912	43946	5	0.016287
43912	44491	1	0.003257
43912	44600	1	0.003257
43912	44242	3	0.009772
43912	44148	2	0.006515
43912	43577	3	0.009772
43912	44344	1	0.003257
43912	44505	16	0.052117
43912	44316	2	0.006515
43912	43965	1	0.003257
43914	44440	20	0.034188
43914	43943	2	0.003419
43915	44052	2	0.032787
43916	44440	1	0.058824
43916	44060	17	1.000000
43917	44425	1	0.001120
43917	44309	1	0.001120
43917	43806	3	0.003359
43917	44066	1	0.001120
43917	44454	2	0.002240
43917	44200	2	0.002240
43917	44462	17	0.019037
43917	44082	1	0.001120
43917	44596	1	0.001120
43917	44599	2	0.002240
43917	44345	1	0.001120
43917	43708	1	0.001120
43917	43965	1	0.001120
43917	44242	12	0.013438
43917	43731	1	0.001120
43917	44632	1	0.001120
43917	44507	6	0.006719
43917	43750	1	0.001120
43917	44523	5	0.005599
43917	44403	12	0.013438
43917	44280	1	0.001120
43917	43641	2	0.002240
43917	44413	1	0.001120
43918	44512	72	0.150628
43918	43906	29	0.060669
43918	43813	2	0.004184
43918	44488	1	0.002092
43918	44330	1	0.002092
43918	43887	3	0.006276
43918	43824	1	0.002092
43918	43729	1	0.002092
43918	43666	3	0.006276
43918	43731	2	0.004184
43918	44599	10	0.020921
43918	44440	173	0.361925
43918	44281	2	0.004184
43918	44477	3	0.006276
43918	43806	2	0.004184
43920	43967	1	0.004184
43920	44133	1	0.004184
43920	44433	2	0.008368
43920	43629	1	0.004184
43920	44462	5	0.020921
43920	43600	3	0.012552
43920	44472	1	0.004184
43920	44211	1	0.004184
43920	43699	1	0.004184
43920	44440	17	0.071130
43920	43610	1	0.004184
43920	43579	1	0.004184
43920	43645	3	0.012552
43920	44479	1	0.004184
43922	43814	1	0.004255
43922	44040	2	0.008511
43922	44523	1	0.004255
43922	44332	1	0.004255
43922	43795	12	0.051064
43922	44446	3	0.012766
43922	44053	1	0.004255
43922	44476	1	0.004255
43922	43741	1	0.004255
43922	43646	10	0.042553
43922	43967	1769	7.527660
43923	43570	1	0.008547
43924	43641	7	0.009818
43924	43906	7	0.009818
43924	44523	19	0.026648
43924	44427	7	0.009818
43924	43567	19523	27.381487
43925	43649	9	1.000000
43925	43906	9	1.000000
43925	44484	9	1.000000
43925	44242	9	1.000000
43925	44244	9	1.000000
43925	44511	1287	143.000000
43927	43938	6	0.103448
43927	44462	45	0.775862
43928	44384	1	0.013158
43928	44118	1	0.013158
43928	44103	1	0.013158
43928	44072	1	0.013158
43928	44362	1	0.013158
43928	43790	1	0.013158
43928	44086	1	0.013158
43928	44119	1	0.013158
43928	44440	5	0.065789
43928	44121	1	0.013158
43929	44545	1	0.007576
43929	44036	2	0.015152
43929	43777	8	0.060606
43929	44040	2	0.015152
43929	44047	1	0.007576
43929	44052	8	0.060606
43929	44053	1	0.007576
43929	44566	2	0.015152
43929	43547	1	0.007576
43929	44062	1	0.007576
43929	43551	1	0.007576
43929	44064	1	0.007576
43929	43558	1	0.007576
43929	44074	1	0.007576
43929	43567	1	0.007576
43929	44593	1	0.007576
43929	44084	1	0.007576
43929	43573	2	0.015152
43929	43575	1	0.007576
43929	44089	6	0.045455
43929	44602	1	0.007576
43929	44091	1	0.007576
43929	43581	1	0.007576
43929	43582	1	0.007576
43929	43588	1	0.007576
43929	43590	1	0.007576
43929	44621	1	0.007576
43929	43605	1	0.007576
43929	44118	2	0.015152
43929	44632	1	0.007576
43929	44122	1	0.007576
43929	43613	1	0.007576
43929	44126	1	0.007576
43929	44641	1	0.007576
43929	44642	1	0.007576
43929	43619	1	0.007576
43929	44137	1	0.007576
43929	43630	1	0.007576
43929	43965	1	0.007576
43929	44146	1	0.007576
43929	43641	11	0.083333
43929	44155	2	0.015152
43929	43645	1	0.007576
43929	44162	1	0.007576
43929	44167	1	0.007576
43929	44168	1	0.007576
43929	44171	1	0.007576
43929	44172	1	0.007576
43929	44174	1	0.007576
43929	43666	2	0.015152
43929	43972	1	0.007576
43929	44193	1	0.007576
43929	43685	2	0.015152
43929	44206	1	0.007576
43929	43699	3	0.022727
43929	44574	1	0.007576
43929	44217	1	0.007576
43929	44219	1	0.007576
43929	43710	1	0.007576
43929	43713	1	0.007576
43929	44229	1	0.007576
43929	44231	1	0.007576
43929	44232	1	0.007576
43929	44236	1	0.007576
43929	43723	1	0.007576
43929	43724	1	0.007576
43929	44240	1	0.007576
43929	43731	2	0.015152
43929	43735	1	0.007576
43929	43550	1	0.007576
43929	44251	1	0.007576
43929	43741	3	0.022727
43929	44325	1	0.007576
43929	44256	1	0.007576
43929	44259	1	0.007576
43929	43751	1	0.007576
43929	43753	1	0.007576
43929	43754	1	0.007576
43929	44271	1	0.007576
43929	44275	1	0.007576
43929	44278	1	0.007576
43929	43771	1	0.007576
43929	44285	1	0.007576
43929	43775	1	0.007576
43929	43776	1	0.007576
43929	44289	1	0.007576
43929	43778	1	0.007576
43929	43780	1	0.007576
43929	43781	1	0.007576
43929	44295	1	0.007576
43929	43820	1	0.007576
43929	43795	1	0.007576
43929	43806	3	0.022727
43929	43809	1	0.007576
43929	43813	1	0.007576
43929	43814	2	0.015152
43929	44330	1	0.007576
43929	44332	1	0.007576
43929	44333	1	0.007576
43929	44335	1	0.007576
43929	44338	1	0.007576
43929	44339	1	0.007576
43929	44342	3	0.022727
43929	43831	1	0.007576
43929	43839	1	0.007576
43929	44353	1	0.007576
43929	44599	1	0.007576
43929	43857	2	0.015152
43929	43858	1	0.007576
43929	43874	1	0.007576
43929	43882	1	0.007576
43929	43889	1	0.007576
43929	44417	1	0.007576
43929	43906	3	0.022727
43929	44428	1	0.007576
43929	43925	1	0.007576
43929	44440	5	0.037879
43929	44443	1	0.007576
43929	43932	1	0.007576
43929	43934	1	0.007576
43929	43935	1	0.007576
43929	43938	1	0.007576
43929	44453	1	0.007576
43929	44454	1	0.007576
43929	43946	1	0.007576
43929	44469	2	0.015152
43929	43961	1	0.007576
43929	43964	1	0.007576
43929	44477	1	0.007576
43929	43967	17	0.128788
43929	44484	1	0.007576
43929	44486	1	0.007576
43929	43986	1	0.007576
43929	44508	1	0.007576
43929	43998	1	0.007576
43929	44512	1	0.007576
43929	44517	1	0.007576
43929	44523	4	0.030303
43929	44524	5	0.037879
43929	44013	2	0.015152
43929	44532	2	0.015152
43929	44533	1	0.007576
43929	44446	2	0.015152
43929	44537	1	0.007576
43931	44344	4	0.019512
43931	44281	4	0.019512
43931	43987	2	0.009756
43931	44164	6	0.029268
43931	43629	6	0.029268
43932	43776	3	0.006098
43932	44075	1	0.002033
43932	44055	2	0.004065
43932	44039	1	0.002033
43932	44523	2	0.004065
43932	43929	5	0.010163
43932	43896	2	0.004065
43932	44242	2	0.004065
43932	43603	3	0.006098
43932	43627	2	0.004065
43932	44599	1	0.002033
43932	44632	1	0.002033
43932	43641	1	0.002033
43932	43866	2	0.004065
43932	43965	1	0.002033
43934	44161	10	0.003214
43934	43906	2	0.000643
43934	43783	9	0.002893
43934	44169	3	0.000964
43934	44433	3	0.000964
43934	43540	1	0.000321
43934	43929	9	0.002893
43934	44440	4	0.001286
43934	43673	2	0.000643
43934	43806	1	0.000321
43934	44191	40	0.012858
43934	44462	14	0.004500
43934	43567	6	0.001929
43934	44593	2	0.000643
43934	43699	3	0.000964
43934	44342	14	0.004500
43934	44297	2	0.000643
43934	44344	4	0.001286
43934	44473	12	0.003857
43934	44476	2	0.000643
43934	43965	7	0.002250
43934	43584	15	0.004822
43934	43721	9	0.002893
43934	43597	1	0.000321
43934	43727	12	0.003857
43934	44242	5	0.001607
43934	44244	1	0.000321
43934	43990	6	0.001929
43934	43641	12	0.003857
43934	43864	2	0.000643
43934	43869	3	0.000964
43934	44255	2	0.000643
43934	44003	1	0.000321
43934	44520	12	0.003857
43934	44523	25	0.008036
43934	43629	1	0.000321
43934	43887	2	0.000643
43934	44407	10	0.003214
43934	44281	5	0.001607
43934	43771	2	0.000643
43936	44454	2	0.027027
43936	44599	1	0.013514
43936	44535	2	0.027027
43936	44240	2	0.027027
43936	44593	4	0.054054
43936	44242	1	0.013514
43936	44342	2	0.027027
43936	43575	2	0.027027
43936	43550	2	0.027027
43937	43975	1	0.008696
43937	44491	2	0.017391
43937	44462	3	0.026087
43937	43603	5	0.043478
43937	43641	6	0.052174
43937	44089	3	0.026087
43937	43869	3	0.026087
43937	43967	1	0.008696
43938	43777	1	0.002257
43938	44182	1	0.002257
43938	44545	1	0.002257
43938	44040	10	0.022573
43938	44053	2	0.004515
43938	44566	1	0.002257
43938	43927	1	0.002257
43938	44143	1	0.002257
43938	43813	2	0.004515
43938	44454	2	0.004515
43938	44332	1	0.002257
43938	43575	2	0.004515
43938	44602	6	0.013544
43938	43709	1	0.002257
43938	44482	1	0.002257
43938	43843	1	0.002257
43938	43855	2	0.004515
43938	44240	1	0.002257
43938	43741	1	0.002257
43938	43814	1	0.002257
43938	44138	1	0.002257
43938	44013	1	0.002257
43938	44477	8	0.018059
43938	44155	1	0.002257
43939	44440	3	0.214286
43940	43554	4	0.001002
43940	43813	1	0.000250
43940	43943	3	0.000751
43940	44328	1	0.000250
43940	43737	1	0.000250
43940	44523	5	0.001252
43940	44332	29	0.007263
43940	43693	2	0.000501
43940	43920	6	0.001503
43940	44052	4	0.001002
43940	43605	1	0.000250
43940	43575	7	0.001753
43940	44440	108	0.027047
43940	43641	10	0.002504
43940	44154	1	0.000250
43940	43967	13	0.003256
43941	44417	2	0.003284
43941	44418	1	0.001642
43941	44011	1	0.001642
43941	44037	1	0.001642
43941	44033	1	0.001642
43941	44297	4	0.006568
43941	44427	621	1.019704
43941	44173	1	0.001642
43941	44175	1	0.001642
43941	44306	1	0.001642
43941	44438	1	0.001642
43941	44056	1	0.001642
43941	44447	1	0.001642
43941	44192	1	0.001642
43941	44321	1	0.001642
43941	43686	1	0.001642
43941	43687	1	0.001642
43941	43975	1	0.001642
43941	44332	1	0.001642
43941	44464	1	0.001642
43941	43697	1	0.001642
43941	43698	1	0.001642
43941	43571	1	0.001642
43941	43828	3	0.004926
43941	43959	1	0.001642
43941	43572	1	0.001642
43941	44106	1	0.001642
43941	43838	1	0.001642
43941	43591	1	0.001642
43941	44112	1	0.001642
43941	43850	1	0.001642
43941	44496	1	0.001642
43941	44497	2	0.003284
43941	44502	1	0.001642
43941	43965	2	0.003284
43941	43869	2	0.003284
43941	44385	1	0.001642
43941	43746	2	0.003284
43941	44132	1	0.001642
43941	44241	1	0.001642
43941	44523	11	0.018062
43941	43759	1	0.001642
43941	44273	1	0.001642
43941	43635	1	0.001642
43941	44404	1	0.001642
43941	44407	1	0.001642
43941	44395	1	0.001642
43941	43772	1	0.001642
43941	44199	1	0.001642
43941	44542	1	0.001642
43942	44053	2	0.086957
43942	43575	2	0.086957
43943	43567	2	0.010695
43943	44127	1	0.005348
43943	44452	3	0.016043
43943	44519	556	2.973262
43944	44440	1	0.002169
43945	43777	1	0.016393
43945	43912	1	0.016393
43945	43864	110	1.803279
43945	44433	3	0.049180
43945	44563	1	0.016393
43945	44567	2	0.032787
43945	44185	1	0.016393
43945	44059	1	0.016393
43945	43932	1	0.016393
43945	43806	1	0.016393
43945	44613	1	0.016393
43945	43942	1	0.016393
43945	44615	1	0.016393
43945	43567	3	0.049180
43945	43568	41	0.672131
43945	43699	2	0.032787
43945	44344	3	0.049180
43945	43965	2	0.032787
43945	43967	2	0.032787
43945	44226	1	0.016393
43945	44278	1	0.016393
43945	43847	1	0.016393
43945	44360	33	0.540984
43945	43597	1	0.016393
43945	44242	5	0.081967
43945	44281	2	0.032787
43945	44632	1	0.016393
43945	44505	1	0.016393
43945	43997	2	0.032787
43945	44640	1	0.016393
43945	43621	75	1.229508
43945	44523	1	0.016393
43945	44524	2	0.032787
43945	44150	1	0.016393
43945	44407	1	0.016393
43945	43896	1	0.016393
43945	43641	4	0.065574
43945	43642	3	0.049180
43946	44505	15	1.000000
43946	44517	2	0.133333
43946	44599	1	0.066667
43947	43906	2	0.013423
43947	44003	1	0.006711
43947	44523	1	0.006711
43947	44231	1	0.006711
43947	44040	1	0.006711
43947	44169	2	0.013423
43947	43783	1	0.006711
43947	43820	8	0.053691
43947	43567	9	0.060403
43947	44242	10	0.067114
43947	43603	1	0.006711
43947	43540	1	0.006711
43947	44089	6	0.040268
43947	43993	8	0.053691
43947	43641	5	0.033557
43947	44281	1	0.006711
43947	43741	1	0.006711
43947	43582	5	0.033557
43947	44191	4	0.026846
43948	44291	1	0.001376
43948	44486	1	0.001376
43948	44462	2	0.002751
43948	44015	1	0.001376
43952	44440	6	0.032432
43955	43641	6	0.206897
43958	43906	12	0.002643
43958	43813	1	0.000220
43958	44519	2	0.000440
43958	44332	1	0.000220
43958	44462	5	0.001101
43958	44053	9	0.001982
43958	43575	24	0.005285
43958	44440	74	0.016296
43958	44477	1	0.000220
43958	43685	4	0.000881
43959	44244	2	0.014085
43959	44242	1	0.007042
43959	43698	145	1.021127
43959	44404	145	1.021127
43959	44533	2	0.014085
43959	44502	145	1.021127
43959	44281	2	0.014085
43959	43676	145	1.021127
43959	43838	145	1.021127
43960	44036	2	0.036364
43960	43593	2	0.036364
43960	43754	7	0.127273
43960	43755	1	0.018182
43960	43567	3	0.054545
43960	44244	1	0.018182
43960	44085	1	0.018182
43960	43924	1	0.018182
43961	43777	10	0.018416
43961	43906	1	0.001842
43961	44040	8	0.014733
43961	43796	1	0.001842
43961	44053	10	0.018416
43961	44566	9	0.016575
43961	44440	1	0.001842
43961	43685	4	0.007366
43961	44198	1	0.001842
43961	44332	8	0.014733
43961	43813	3	0.005525
43961	43575	5	0.009208
43961	44477	6	0.011050
43961	44486	3	0.005525
43961	44233	1	0.001842
43961	44599	1	0.001842
43961	43724	2	0.003683
43961	44240	12	0.022099
43961	44635	1	0.001842
43961	43741	8	0.014733
43961	44127	1	0.001842
43961	43814	9	0.016575
43961	44006	1	0.001842
43961	44454	4	0.007366
43961	44013	10	0.018416
43961	44532	3	0.005525
43961	44155	7	0.012891
43963	43567	3	0.083333
43964	44454	9	0.004854
43964	44003	9	0.004854
43964	43941	18	0.009709
43964	44006	18	0.009709
43964	43783	9	0.004854
43964	43849	18	0.009709
43964	44490	18	0.009709
43964	44523	18	0.009709
43964	43949	18	0.009709
43964	44253	18	0.009709
43964	43540	18	0.009709
43964	44599	19	0.010248
43964	44632	18	0.009709
43964	43551	1	0.000539
43964	44477	1449	0.781553
43964	43813	24	0.012945
43965	44172	1	0.000527
43965	43923	1	0.000527
43965	43668	1	0.000527
43965	43758	1	0.000527
43965	44014	1	0.000527
43965	43932	1	0.000527
43965	44446	7	0.003692
43965	43937	2	0.001055
43965	43941	3	0.001582
43965	43943	1	0.000527
43965	44201	1	0.000527
43965	44458	2	0.001055
43965	43575	1	0.000527
43965	44089	1	0.000527
43965	44612	1	0.000527
43965	43975	1	0.000527
43965	43681	1	0.000527
43965	43593	1	0.000527
43965	43725	1	0.000527
43965	44428	1	0.000527
43965	44127	1	0.000527
43965	43623	2	0.001055
43965	44523	24	0.012658
43965	44142	1	0.000527
43965	44530	3	0.001582
43965	44563	10	0.005274
43965	44407	6	0.003165
43965	44281	4	0.002110
43965	43646	2	0.001055
43965	43775	1	0.000527
43967	43777	25	0.076453
43967	44169	1	0.003058
43967	44433	1	0.003058
43967	43922	46	0.140673
43967	43795	37	0.113150
43967	44052	73	0.223242
43967	43929	49	0.149847
43967	43806	1	0.003058
43967	44325	3	0.009174
43967	43567	1	0.003058
43967	43699	2	0.006116
43967	44084	537	1.642202
43967	43573	166	0.507645
43967	44604	2	0.006116
43967	43597	1	0.003058
43967	43605	57	0.174312
43967	44281	1	0.003058
43967	44632	1	0.003058
43967	44523	2	0.006116
43967	44524	1	0.003058
43967	43630	3	0.009174
43967	44278	74	0.226300
43967	43641	1	0.003058
43968	44236	1053	70.200000
43970	44433	2	0.064516
43970	44523	1	0.032258
43970	44462	2	0.064516
43971	43809	107	1.019048
43971	44490	1	0.009524
43971	44191	2	0.019048
43971	43949	1	0.009524
43971	43849	1	0.009524
43972	43777	1	0.000340
43972	43855	2	0.000679
43972	44454	2	0.000679
43972	44390	1	0.000340
43972	44615	2	0.000679
43972	44232	1	0.000340
43972	44137	1	0.000340
43972	44266	1	0.000340
43972	44332	1	0.000340
43972	44013	2	0.000679
43972	43741	2	0.000679
43972	44240	2	0.000679
43972	44040	1	0.000340
43972	43814	1	0.000340
43972	44053	2	0.000679
43972	44566	2	0.000679
43972	44440	1	0.000340
43972	43641	2	0.000679
43972	44155	1	0.000340
43972	44477	12	0.004075
43972	43813	5	0.001698
43974	43777	4	0.003996
43974	44040	1	0.000999
43974	44204	14	0.013986
43974	44174	1	0.000999
43974	43924	1	0.000999
43974	44053	3	0.002997
43974	44566	6	0.005994
43974	44440	2	0.001998
43974	44191	1	0.000999
43974	43813	2	0.001998
43974	44070	1	0.000999
43974	43943	5	0.004995
43974	44332	6	0.005994
43974	44599	3	0.002997
43974	44477	894	0.893107
43974	43575	2	0.001998
43974	43814	1	0.000999
43974	43741	1	0.000999
43974	43685	7	0.006993
43974	44454	1	0.000999
43974	44519	2	0.001998
43974	43883	9	0.008991
43974	44013	2	0.001998
43974	43641	4	0.003996
43975	43937	3	0.007444
43975	44621	1	0.002481
43975	43941	1	0.002481
43975	44199	2	0.004963
43975	44169	2	0.004963
43975	44523	5	0.012407
43975	44332	1	0.002481
43975	43597	10	0.024814
43975	44206	1	0.002481
43975	43869	1	0.002481
43975	44401	1	0.002481
43975	44089	1	0.002481
43975	43990	7	0.017370
43975	44297	1	0.002481
43975	44344	1	0.002481
43975	44473	1	0.002481
43975	44511	1	0.002481
43975	44059	1	0.002481
43975	43965	3	0.007444
43975	43646	1	0.002481
43975	44127	4	0.009926
43976	44161	4	0.004908
43976	43975	4	0.004908
43976	44137	2	0.002454
43976	44523	1	0.001227
43976	44462	5	0.006135
43976	43567	10	0.012270
43976	43600	1	0.001227
43976	44401	3	0.003681
43976	44242	1	0.001227
43976	43924	1	0.001227
43976	43990	1	0.001227
43976	44535	2	0.002454
43976	44632	4	0.004908
43977	43809	2	0.004211
43977	43906	6	0.012632
43977	43575	7	0.014737
43977	44599	2	0.004211
43977	43540	2	0.004211
43977	43567	5	0.010526
43977	44433	2	0.004211
43977	44242	4	0.008421
43977	43603	6	0.012632
43977	44244	2	0.004211
43977	44053	3	0.006316
43977	44310	7	0.014737
43977	43641	12	0.025263
43977	44281	3	0.006316
43977	43709	7	0.014737
43977	44191	12	0.025263
43980	43906	2	0.006645
43980	44433	1	0.003322
43980	44477	2	0.006645
43980	43806	7	0.023256
43980	44191	2	0.006645
43980	43813	4	0.013289
43980	43686	2	0.006645
43980	44462	7	0.023256
43980	43567	5	0.016611
43980	43699	20	0.066445
43980	44344	4	0.013289
43980	44089	2	0.006645
43980	43965	4	0.013289
43980	43967	1	0.003322
43980	43597	4	0.013289
43980	43641	3	0.009967
43980	44632	1	0.003322
43980	43869	2	0.006645
43980	44003	2	0.006645
43980	44524	5	0.016611
43980	43629	3	0.009967
43980	44143	1	0.003322
43980	44407	8	0.026578
43980	44281	11	0.036545
43980	43646	2	0.006645
43982	44289	2	0.008584
43982	43783	2	0.008584
43982	44268	1	0.004292
43982	44433	13	0.055794
43982	43540	2	0.008584
43982	44187	1	0.004292
43982	44191	11	0.047210
43982	44450	1	0.004292
43982	43567	2	0.008584
43982	43699	5	0.021459
43982	43574	4	0.017167
43982	43967	1	0.004292
43982	43975	1	0.004292
43982	43554	2	0.008584
43982	43729	1	0.004292
43982	43986	1	0.004292
43982	43869	1	0.004292
43982	43999	4	0.017167
43982	44003	1	0.004292
43982	44006	1	0.004292
43982	44139	1	0.004292
43982	43756	2	0.008584
43982	44242	12	0.051502
43982	44281	7	0.030043
43983	43666	6	0.023715
43983	44150	3	0.011858
43983	43887	12	0.047431
43984	43777	1	0.003788
43984	44454	2	0.007576
43984	44523	1	0.003788
43984	44332	2	0.007576
43984	43575	1	0.003788
43984	44440	4	0.015152
43984	44478	9	0.034091
43985	44003	2	0.006006
43985	44519	332	0.996997
43985	44060	1	0.003003
43985	43882	330	0.990991
43985	44523	660	1.981982
43985	43641	2	0.006006
43985	43567	1	0.003003
43985	44433	2	0.006006
43985	44242	333	1.000000
43985	43603	346	1.039039
43985	43668	329	0.987988
43985	44405	3	0.009009
43985	44407	1	0.003003
43985	44244	3	0.009009
43985	44191	2	0.006006
43985	43868	331	0.993994
43985	44199	1	0.003003
43985	44126	331	0.993994
43985	44084	1	0.003003
43986	43783	1	0.000227
43986	43795	1	0.000227
43986	44270	1	0.000227
43986	43798	1	0.000227
43986	44567	1	0.000227
43986	44440	2	0.000454
43986	44059	1	0.000227
43986	43806	8	0.001814
43986	44191	37	0.008392
43986	44454	6	0.001361
43986	43563	1	0.000227
43986	43693	2	0.000454
43986	44462	4	0.000907
43986	43567	2	0.000454
43986	44595	9	0.002041
43986	44084	1	0.000227
43986	43702	4	0.000907
43986	44599	4	0.000907
43986	44344	1	0.000227
43986	44473	6	0.001361
43986	43967	1	0.000227
43986	43975	55	0.012474
43986	43597	1	0.000227
43986	44242	3	0.000680
43986	44281	1	0.000227
43986	44127	50	0.011340
43986	44523	1	0.000227
43986	44524	2	0.000454
43986	44398	1	0.000227
43986	43888	7	0.001588
43986	44530	7	0.001588
43986	44275	17	0.003856
43986	43641	111	0.025176
43987	44164	10	0.025907
43987	43662	1	0.002591
43987	44052	2	0.005181
43987	44281	3	0.007772
43987	43967	2	0.005181
43987	44191	1	0.002591
43989	43840	1	0.001071
43989	43777	1	0.001071
43989	43813	2	0.002141
43989	43718	1	0.001071
43989	44477	9	0.009636
43989	44240	1	0.001071
43989	44403	5	0.005353
43989	44599	2	0.002141
43989	43641	1	0.001071
43989	43741	1	0.001071
43989	44126	1	0.001071
43990	43937	1	0.005650
43990	44418	2	0.011299
43990	44003	4	0.022599
43990	44407	2	0.011299
43990	43941	1	0.005650
43990	43814	1	0.005650
43990	43975	55	0.310734
43990	44599	2	0.011299
43990	44523	5	0.028249
43990	44364	2	0.011299
43990	43597	6	0.033898
43990	44462	1	0.005650
43990	43795	3	0.016949
43990	43575	4	0.022599
43990	44059	1	0.005650
43990	43741	1	0.005650
43992	44161	10	0.003263
43992	43906	2	0.000653
43992	43783	9	0.002936
43992	44169	3	0.000979
43992	44433	3	0.000979
43992	43540	1	0.000326
43992	43929	9	0.002936
43992	44440	4	0.001305
43992	43673	2	0.000653
43992	43934	993	0.323980
43992	44191	40	0.013051
43992	44462	14	0.004568
43992	43567	6	0.001958
43992	44593	2	0.000653
43992	43699	3	0.000979
43992	43806	1	0.000326
43992	44342	14	0.004568
43992	44297	2	0.000653
43992	44344	4	0.001305
43992	44473	12	0.003915
43992	44476	2	0.000653
43992	43965	7	0.002284
43992	43584	15	0.004894
43992	43721	9	0.002936
43992	43597	1	0.000326
43992	43727	12	0.003915
43992	44242	5	0.001631
43992	44244	1	0.000326
43992	43990	6	0.001958
43992	43641	12	0.003915
43992	43864	2	0.000653
43992	43869	3	0.000979
43992	44255	2	0.000653
43992	44003	1	0.000326
43992	44520	12	0.003915
43992	44523	25	0.008157
43992	43629	1	0.000326
43992	43887	2	0.000653
43992	44407	10	0.003263
43992	44281	5	0.001631
43992	43771	2	0.000653
43993	44407	1	0.024390
43993	43947	2	0.048780
43993	43582	2	0.048780
43993	43806	1	0.024390
43993	43741	2	0.048780
43995	44328	81	3.857143
43995	44084	20	0.952381
43995	43942	1	0.047619
43996	44440	1	0.001706
43996	44492	5	0.008532
43996	43804	5	0.008532
43996	44351	3	0.005119
43997	43864	2	0.010363
43997	44617	2	0.010363
43998	43777	1	0.004255
43998	43554	234	0.995745
43998	43567	1	0.004255
43998	43574	237	1.008511
43998	44632	2	0.008511
43998	44187	237	1.008511
43998	43965	1	0.004255
43998	44574	1	0.004255
43999	44289	1	0.012658
43999	44566	1	0.012658
43999	43777	1	0.012658
43999	43982	3	0.037975
43999	44174	4	0.050633
43999	43574	1	0.012658
43999	43575	1	0.012658
44000	44440	76	0.775510
44000	43813	2	0.020408
44004	44608	1	0.016393
44004	43777	1	0.016393
44004	44162	1	0.016393
44004	43780	1	0.016393
44004	43879	1	0.016393
44004	43783	1	0.016393
44004	43906	2	0.032787
44004	44462	1	0.016393
44004	44303	1	0.016393
44004	43603	3	0.049180
44004	44599	1	0.016393
44004	43641	1	0.016393
44005	44440	1	0.011111
44005	44539	216	2.400000
44006	43777	8	0.020513
44006	44040	5	0.012821
44006	44436	1	0.002564
44006	44053	7	0.017949
44006	44566	6	0.015385
44006	44574	1	0.002564
44006	43813	4	0.010256
44006	43814	6	0.015385
44006	44486	6	0.015385
44006	44332	11	0.028205
44006	44462	2	0.005128
44006	43567	1	0.002564
44006	43699	2	0.005128
44006	44446	1	0.002564
44006	43575	20	0.051282
44006	43974	1	0.002564
44006	44535	1	0.002564
44006	43724	6	0.015385
44006	44240	6	0.015385
44006	43741	29	0.074359
44006	44454	1	0.002564
44006	44599	13	0.033333
44006	44013	5	0.012821
44006	43891	1	0.002564
44006	44407	1	0.002564
44008	43588	2	0.015267
44008	44244	6	0.045802
44008	44206	2	0.015267
44010	44440	8	0.032653
44011	44323	1	0.025641
44011	43941	1	0.025641
44011	43784	2	0.051282
44011	44169	2	0.051282
44011	44523	2	0.051282
44011	44462	1	0.025641
44013	43906	1	0.000588
44013	44433	1	0.000588
44013	43922	1	0.000588
44013	44564	3	0.001763
44013	44440	1	0.000588
44013	43806	2	0.001175
44013	43813	55	0.032315
44013	43943	21	0.012338
44013	44332	2	0.001175
44013	44462	1	0.000588
44013	43575	1	0.000588
44013	44477	1	0.000588
44013	43967	1	0.000588
44013	43972	1	0.000588
44013	44617	1	0.000588
44013	44248	1	0.000588
44013	44508	1	0.000588
44013	44127	4	0.002350
44013	44006	3	0.001763
44013	44519	1	0.000588
44013	44264	1	0.000588
44013	44266	1	0.000588
44013	44523	1	0.000588
44013	44281	1	0.000588
44013	44155	1	0.000588
44014	44417	1	0.000677
44014	44418	1	0.000677
44014	44547	1	0.000677
44014	44169	9	0.006089
44014	43941	8	0.005413
44014	44454	2	0.001353
44014	44332	1	0.000677
44014	44462	1	0.000677
44014	43824	1	0.000677
44014	43698	1	0.000677
44014	44339	1	0.000677
44014	44297	1	0.000677
44014	44255	1	0.000677
44014	43965	21	0.014208
44014	44606	1	0.000677
44014	43975	1	0.000677
44014	44106	1	0.000677
44014	43723	1	0.000677
44014	43597	1	0.000677
44014	43982	1	0.000677
44014	44621	1	0.000677
44014	44497	1	0.000677
44014	44244	1	0.000677
44014	43615	1	0.000677
44014	44003	1	0.000677
44014	43686	1	0.000677
44014	44241	1	0.000677
44014	44523	5	0.003383
44014	44268	1	0.000677
44014	44143	1	0.000677
44014	44401	2	0.001353
44014	44139	1	0.000677
44014	44407	10	0.006766
44014	44411	1	0.000677
44014	44542	1	0.000677
44015	44322	1	0.006410
44015	43783	1	0.006410
44015	44456	1	0.006410
44015	43567	2	0.012821
44015	44191	2	0.012821
44015	43906	1	0.006410
44015	44206	1	0.006410
44015	43695	1	0.006410
44015	44144	1	0.006410
44015	44104	1	0.006410
44015	43668	1	0.006410
44015	43641	3	0.019231
44015	44443	3	0.019231
44015	44349	2	0.012821
44015	43839	1	0.006410
44016	43777	2	0.002245
44016	44433	3	0.003367
44016	44563	1	0.001122
44016	44567	2	0.002245
44016	44059	1	0.001122
44016	43806	1	0.001122
44016	43942	1	0.001122
44016	43567	3	0.003367
44016	43699	18	0.020202
44016	44344	3	0.003367
44016	43965	2	0.002245
44016	43967	2	0.002245
44016	44615	1	0.001122
44016	43597	1	0.001122
44016	43855	17	0.019080
44016	44242	5	0.005612
44016	43641	14	0.015713
44016	44632	1	0.001122
44016	44523	39	0.043771
44016	44524	5	0.005612
44016	44403	1	0.001122
44016	44278	1	0.001122
44016	44407	1	0.001122
44016	44281	2	0.002245
44017	44242	1	0.022222
44017	43941	1	0.022222
44017	44462	358	7.955556
44017	43629	1	0.022222
44019	43932	7	0.280000
44020	44440	2	0.285714
44020	43771	2	0.285714
44020	44029	2	0.285714
44020	44342	2	0.285714
44021	44440	4	0.026667
44021	43641	1	0.006667
44021	44155	2	0.013333
44023	44066	1	0.005464
44023	43725	22	0.120219
44023	43781	1	0.005464
44024	44523	8	0.027972
44024	44477	1	0.003497
44024	43813	2	0.006993
44025	43697	1	0.015625
44025	44395	3	0.046875
44025	43941	1	0.015625
44025	44523	2	0.031250
44027	44440	52	0.084006
44028	43744	2	1.000000
44028	43777	2	1.000000
44028	43714	2	1.000000
44028	43783	2	1.000000
44028	44523	2	1.000000
44028	44495	4	2.000000
44028	44599	2	1.000000
44028	44378	2	1.000000
44028	44251	2	1.000000
44029	44462	1	0.008403
44029	43567	1	0.008403
44029	44242	1	0.008403
44029	43795	1	0.008403
44029	44052	2	0.016807
44029	44342	1	0.008403
44029	43545	4	0.033613
44029	43771	22	0.184874
44029	43806	1	0.008403
44032	44440	23	0.418182
44033	43641	2	0.002494
44033	44106	3	0.003741
44033	43723	1	0.001247
44033	44523	2	0.002494
44033	44599	1	0.001247
44034	43554	1	0.066667
44036	43754	2	0.048780
44037	44460	2	0.030769
44037	43941	2	0.030769
44037	43686	1	0.015385
44037	43567	2	0.030769
44038	44440	4	0.014337
44038	43840	2	0.007168
44038	43538	2	0.007168
44038	43741	2	0.007168
44038	44486	2	0.007168
44040	43777	3	0.000618
44040	44566	2	0.000412
44040	43783	1	0.000206
44040	43629	1	0.000206
44040	44417	1	0.000206
44040	43921	1	0.000206
44040	43796	1	0.000206
44040	44310	1	0.000206
44040	44183	1	0.000206
44040	44440	10	0.002061
44040	43929	1	0.000206
44040	43806	3	0.000618
44040	44575	1	0.000206
44040	43938	3	0.000618
44040	44580	1	0.000206
44040	43813	60	0.012363
44040	43814	2	0.000412
44040	44111	2	0.000412
44040	44452	2	0.000412
44040	44332	4	0.000824
44040	44454	2	0.000412
44040	43685	2	0.000412
44040	44446	1	0.000206
44040	43575	4	0.000824
44040	43961	3	0.000618
44040	44219	2	0.000412
44040	44476	3	0.000618
44040	44052	1	0.000206
44040	44491	2	0.000412
44040	44614	1	0.000206
44040	44488	1	0.000206
44040	43721	1	0.000206
44040	43594	1	0.000206
44040	44599	2	0.000412
44040	44364	1	0.000206
44040	44621	1	0.000206
44040	44564	1	0.000206
44040	43855	1	0.000206
44040	43600	1	0.000206
44040	43558	1	0.000206
44040	44003	1	0.000206
44040	44089	2	0.000412
44040	43665	1	0.000206
44040	44006	4	0.000824
44040	44635	1	0.000206
44040	43741	2	0.000412
44040	44127	5	0.001030
44040	44240	8	0.001648
44040	44515	1	0.000206
44040	44389	1	0.000206
44040	44390	1	0.000206
44040	44135	1	0.000206
44040	44523	10	0.002061
44040	43628	4	0.000824
44040	44013	2	0.000412
44040	44433	5	0.001030
44040	44530	2	0.000412
44040	44020	1	0.000206
44040	44407	1	0.000206
44040	43641	2	0.000412
44040	44155	1	0.000206
44040	43646	1	0.000206
44040	43775	1	0.000206
44041	44163	1	0.023256
44041	43780	1	0.023256
44041	43941	1	0.023256
44041	43783	1	0.023256
44041	43880	1	0.023256
44041	44003	1	0.023256
44041	43641	2	0.046512
44042	44281	1	0.012048
44042	43813	1	0.012048
44042	44342	1	0.012048
44044	43778	2	0.014286
44044	43619	2	0.014286
44044	43597	2	0.014286
44044	44345	4	0.028571
44044	44413	2	0.014286
44044	44350	2	0.014286
44046	43699	3	0.500000
44046	44564	1	0.166667
44048	43984	2	0.009479
44048	44084	1	0.004739
44049	44236	12	0.171429
44052	43777	4	0.007435
44052	44161	2	0.003717
44052	44040	1	0.001859
44052	44053	2	0.003717
44052	44566	1	0.001859
44052	44440	3	0.005576
44052	43929	4	0.007435
44052	44446	3	0.005576
44052	44517	1	0.001859
44052	43685	4	0.007435
44052	44454	4	0.007435
44052	44332	3	0.005576
44052	44599	1	0.001859
44052	44089	2	0.003717
44052	44477	1	0.001859
44052	43967	336	0.624535
44052	44488	1	0.001859
44052	43575	1	0.001859
44052	44240	2	0.003717
44052	44376	1	0.001859
44052	43741	3	0.005576
44052	44325	2	0.003717
44052	43874	1	0.001859
44052	43814	1	0.001859
44052	44013	2	0.003717
44052	43633	1	0.001859
44052	44278	1	0.001859
44052	43641	2	0.003717
44052	44155	6	0.011152
44053	44256	1	0.001946
44053	43681	1	0.001946
44053	43685	1	0.001946
44053	43943	1	0.001946
44053	44508	1	0.001946
44053	44517	1	0.001946
44053	44428	2	0.003891
44053	43855	1	0.001946
44053	44242	1	0.001946
44053	43813	16	0.031128
44053	44407	2	0.003891
44053	44089	1	0.001946
44053	43777	1	0.001946
44053	44477	3	0.005837
44053	43776	3	0.005837
44053	44127	1	0.001946
44054	43864	109	6.055556
44055	43896	7	0.024221
44055	44440	13	0.044983
44057	44244	4	0.025641
44057	43965	2	0.012821
44057	44511	8	0.051282
44060	44418	1	0.000928
44060	44167	1	0.000928
44060	44297	6	0.005566
44060	44433	6	0.005566
44060	43924	12	0.011132
44060	44053	1	0.000928
44060	44312	11	0.010204
44060	44191	20	0.018553
44060	44537	8	0.007421
44060	44071	1	0.000928
44060	43783	2	0.001855
44060	44462	29	0.026902
44060	43567	1	0.000928
44060	43699	5	0.004638
44060	43575	1	0.000928
44060	43965	1	0.000928
44060	44229	692	0.641929
44060	44236	2	0.001855
44060	44109	1	0.000928
44060	43597	1	0.000928
44060	44242	3	0.002783
44060	44244	2	0.001855
44060	43990	1	0.000928
44060	44281	2	0.001855
44060	43869	1	0.000928
44060	44003	1	0.000928
44060	44519	1	0.000928
44060	44392	8	0.007421
44060	44523	3	0.002783
44060	44524	1	0.000928
44060	44403	3	0.002783
44060	44407	4	0.003711
44060	43641	1	0.000928
44061	43673	1	0.005319
44061	44599	3	0.015957
44061	43783	1	0.005319
44061	44523	3	0.015957
44061	44407	73	0.388298
44062	44432	1	0.050000
44062	43929	1	0.050000
44062	44433	1	0.050000
44063	44440	9	0.020930
44063	43856	3	0.006977
44063	44252	6	0.013953
44063	43741	3	0.006977
44064	43618	3	0.001586
44064	44523	3	0.001586
44064	44466	3	0.001586
44064	44110	2	0.001057
44064	43567	3	0.001586
44064	44242	3	0.001586
44064	43924	3	0.001586
44064	44437	3	0.001586
44064	43929	2	0.001057
44064	44084	1720	0.909091
44064	44381	5	0.002643
44064	44094	3	0.001586
44066	43781	23	0.039451
44066	43885	1	0.001715
44066	43975	1	0.001715
44066	43725	13	0.022298
44066	43758	1	0.001715
44066	43567	5	0.008576
44066	44242	4	0.006861
44066	44403	1	0.001715
44066	44244	16	0.027444
44066	44597	1	0.001715
44066	44462	4	0.006861
44066	43597	22	0.037736
44067	44139	10	0.015361
44067	44486	1	0.001536
44067	44199	1	0.001536
44067	44491	1	0.001536
44067	44558	2	0.003072
44067	43763	3	0.004608
44067	44462	1	0.001536
44067	44599	1	0.001536
44067	43551	2	0.003072
44069	44040	1	0.125000
44069	43938	1	0.125000
44069	43795	1	0.125000
44069	43796	1	0.125000
44070	43872	1	0.006667
44070	43684	1	0.006667
44070	43974	2	0.013333
44070	43975	1	0.006667
44070	44523	1	0.006667
44070	44433	1	0.006667
44070	43603	1	0.006667
44070	43638	1	0.006667
44070	44199	1	0.006667
44070	43935	2	0.013333
44071	44537	4	0.011869
44071	44167	7	0.020772
44071	44519	5	0.014837
44071	43731	1	0.002967
44071	43575	1	0.002967
44071	44440	23	0.068249
44071	43641	2	0.005935
44071	44060	6	0.017804
44073	44119	1	0.020408
44074	43777	6	0.007663
44074	43906	2	0.002554
44074	44040	2	0.002554
44074	44436	2	0.002554
44074	43813	4	0.005109
44074	43943	18	0.022989
44074	44332	11	0.014049
44074	43567	4	0.005109
44074	43699	6	0.007663
44074	43575	2	0.002554
44074	44477	12	0.015326
44074	44486	2	0.002554
44074	44599	6	0.007663
44074	44621	2	0.002554
44074	44564	4	0.005109
44074	44281	4	0.005109
44074	43741	4	0.005109
44074	43685	4	0.005109
44074	44006	2	0.002554
44074	44013	4	0.005109
44074	44407	2	0.002554
44074	43641	2	0.002554
44075	43896	1	0.090909
44075	43932	11	1.000000
44076	43936	54	0.500000
44076	44196	54	0.500000
44076	43813	7	0.064815
44076	44593	374	3.462963
44076	44180	54	0.500000
44076	43605	52	0.481481
44076	43929	78	0.722222
44076	44477	7	0.064815
44076	43743	54	0.500000
44078	43600	1	0.004926
44078	43864	1	0.004926
44078	44530	1	0.004926
44078	44446	1	0.004926
44078	44440	4	0.019704
44079	44407	19	0.311475
44079	44523	4	0.065574
44079	44563	1	0.016393
44079	44053	1	0.016393
44079	43575	1	0.016393
44079	43965	3	0.049180
44081	43567	1	0.004739
44082	43619	2	0.005848
44082	44523	2	0.005848
44082	44462	2	0.005848
44082	44242	2	0.005848
44082	43989	2	0.005848
44082	44345	12	0.035088
44082	43965	2	0.005848
44082	44350	2	0.005848
44084	44046	1	0.008547
44084	44562	2	0.017094
44084	44563	29	0.247863
44084	43540	2	0.017094
44084	44566	1	0.008547
44084	44567	26	0.222222
44084	44569	2	0.017094
44084	44059	8	0.068376
44084	44477	35	0.299145
44084	43565	1	0.008547
44084	43567	166	1.418803
44084	43573	8	0.068376
44084	44599	30	0.256410
44084	44089	19	0.162393
44084	44091	1	0.008547
44084	44604	1	0.008547
44084	44615	7	0.059829
44084	44619	1	0.008547
44084	43597	124	1.059829
44084	44623	1	0.008547
44084	44626	1	0.008547
44084	43603	16	0.136752
44084	43605	2	0.017094
44084	44632	126	1.076923
44084	44643	1	0.008547
44084	44645	3	0.025641
44084	43629	10	0.085470
44084	43630	1	0.008547
44084	44143	7	0.059829
44084	44147	1	0.008547
44084	43637	5	0.042735
44084	44152	3	0.025641
44084	44564	10	0.085470
44084	44154	2	0.017094
44084	43646	5	0.042735
44084	43652	1	0.008547
44084	43668	2	0.017094
44084	44142	1	0.008547
44084	43673	3	0.025641
44084	44191	12	0.102564
44084	43681	1	0.008547
44084	43686	6	0.051282
44084	44199	11	0.094017
44084	43693	2	0.017094
44084	43805	1	0.008547
44084	43699	282	2.410256
44084	43718	1	0.008547
44084	43722	2	0.017094
44084	43729	1	0.008547
44084	44242	53	0.452991
44084	44244	2	0.017094
44084	43641	214	1.829060
44084	44325	1	0.008547
44084	44257	1	0.008547
44084	44278	16	0.136752
44084	44281	157	1.341880
44084	43783	5	0.042735
44084	44418	2	0.017094
44084	43795	8	0.068376
44084	44314	3	0.025641
44084	44317	1	0.008547
44084	43806	163	1.393162
44084	44320	2	0.017094
44084	43813	17	0.145299
44084	44328	4	0.034188
44084	44330	3	0.025641
44084	44344	70	0.598291
44084	43575	2	0.017094
44084	44364	4	0.034188
44084	43855	1	0.008547
44084	43869	16	0.136752
44084	44383	2	0.017094
44084	43879	1	0.008547
44084	44407	79	0.675214
44084	44436	1	0.008547
44084	43906	23	0.196581
44084	44421	1	0.008547
44084	44427	7	0.059829
44084	44433	129	1.102564
44084	43922	3	0.025641
44084	43924	2	0.017094
44084	44440	32	0.273504
44084	43929	9	0.076923
44084	44445	1	0.008547
44084	43937	10	0.085470
44084	44452	12	0.102564
44084	43941	2	0.017094
44084	43942	6	0.051282
44084	43943	1	0.008547
44084	44462	37	0.316239
44084	44465	6	0.051282
44084	44467	1	0.008547
44084	44473	1	0.008547
44084	43962	1	0.008547
44084	44476	1	0.008547
44084	43965	67	0.572650
44084	44052	4	0.034188
44084	43967	44	0.376068
44084	44486	1	0.008547
44084	43975	4	0.034188
44084	44488	3	0.025641
44084	43978	1	0.008547
44084	44491	2	0.017094
44084	43980	4	0.034188
44084	43990	7	0.059829
44084	43995	5	0.042735
44084	44001	1	0.008547
44084	44003	7	0.059829
44084	44454	4	0.034188
44084	44006	4	0.034188
44084	44519	10	0.085470
44084	44523	8	0.068376
44084	44524	134	1.145299
44084	44527	2	0.017094
44084	44016	1	0.008547
44084	44530	3	0.025641
44085	44492	1	0.008547
44085	44519	1	0.008547
44085	43764	3	0.025641
44085	43910	1	0.008547
44085	44191	2	0.017094
44086	44563	6	0.066667
44089	43937	5	0.004840
44089	44328	2	0.001936
44089	44523	5	0.004840
44089	44599	1	0.000968
44089	43995	1	0.000968
44089	44127	1	0.000968
44090	44440	5	0.185185
44090	44146	1	0.037037
44093	44152	1	0.100000
44093	44427	9	0.900000
44093	43806	1	0.100000
44094	44064	1	0.004785
44094	44642	1	0.004785
44094	44523	5	0.023923
44094	44169	3	0.014354
44094	43659	72	0.344498
44094	44462	2	0.009569
44094	43567	4	0.019139
44094	43729	2	0.009569
44094	43699	6	0.028708
44094	44052	1	0.004785
44094	44407	6	0.028708
44094	44344	1	0.004785
44095	44440	6	0.015000
44096	43819	1	0.001650
44096	44523	1	0.001650
44096	43724	1	0.001650
44096	44462	41	0.067657
44096	43567	1	0.001650
44096	44403	4	0.006601
44096	44052	1	0.001650
44096	44089	1	0.001650
44096	43990	1	0.001650
44096	44183	1	0.001650
44096	44494	1	0.001650
44096	44084	1	0.001650
44096	44122	8	0.013201
44098	43777	1	0.006897
44098	44199	1	0.006897
44098	44268	1	0.006897
44098	43567	2	0.013793
44099	43600	3	0.006250
44100	44266	2	0.006349
44100	44523	2	0.006349
44100	43646	3	0.009524
44100	44462	2	0.006349
44101	43777	2	0.047619
44101	44290	1	0.023810
44101	44276	1	0.023810
44101	44551	1	0.023810
44101	44136	1	0.023810
44101	44523	1	0.023810
44101	44268	1	0.023810
44101	44098	1	0.023810
44101	44462	1	0.023810
44101	43636	1	0.023810
44101	44281	1	0.023810
44101	44602	2	0.047619
44101	43813	1	0.023810
44104	44599	1	0.000779
44104	43588	1253	0.975857
44104	43965	1	0.000779
44104	44462	4	0.003115
44104	44199	6	0.004673
44106	44199	1	0.006993
44106	44523	2	0.013986
44106	43603	1	0.006993
44106	44281	1	0.006993
44106	44344	2	0.013986
44106	43641	1	0.006993
44106	44191	3	0.020979
44107	44440	290	4.531250
44109	43567	2	0.007273
44109	44285	2	0.007273
44109	44191	2	0.007273
44110	44458	1	0.020408
44111	44417	1	0.002364
44111	43907	1	0.002364
44111	44164	1	0.002364
44111	43655	1	0.002364
44111	44040	2	0.004728
44111	44041	1	0.002364
44111	44464	1	0.002364
44111	43663	5	0.011820
44111	44376	1	0.002364
44111	44179	1	0.002364
44111	44632	1	0.002364
44111	44181	1	0.002364
44111	44505	1	0.002364
44111	44234	1	0.002364
44111	44187	1	0.002364
44111	43932	1	0.002364
44111	43934	1	0.002364
44111	43679	1	0.002364
44111	44321	1	0.002364
44111	44199	1	0.002364
44111	43561	1	0.002364
44111	43591	1	0.002364
44111	43947	1	0.002364
44111	43820	1	0.002364
44111	44060	1	0.002364
44111	43567	1	0.002364
44111	43824	1	0.002364
44111	44593	1	0.002364
44111	43570	1	0.002364
44111	44339	1	0.002364
44111	44085	1	0.002364
44111	44599	1	0.002364
44111	44345	1	0.002364
44111	44191	1	0.002364
44111	44106	1	0.002364
44111	44094	1	0.002364
44111	43694	1	0.002364
44111	43713	1	0.002364
44111	44385	1	0.002364
44111	43848	1	0.002364
44111	43977	1	0.002364
44111	43850	1	0.002364
44111	43959	1	0.002364
44111	44258	1	0.002364
44111	43982	1	0.002364
44111	44109	1	0.002364
44111	44496	1	0.002364
44111	44497	1	0.002364
44111	43986	1	0.002364
44111	44373	1	0.002364
44111	43864	1	0.002364
44111	44377	1	0.002364
44111	44638	1	0.002364
44111	44255	1	0.002364
44111	44128	1	0.002364
44111	44513	1	0.002364
44111	43618	1	0.002364
44111	44004	1	0.002364
44111	44241	1	0.002364
44111	43624	1	0.002364
44111	44266	1	0.002364
44111	44139	1	0.002364
44111	43628	1	0.002364
44111	43757	1	0.002364
44111	43887	1	0.002364
44111	44273	1	0.002364
44111	44532	1	0.002364
44111	43668	1	0.002364
44111	44411	1	0.002364
44111	44297	1	0.002364
44111	44437	1	0.002364
44112	44321	5	0.020833
44112	43965	3	0.012500
44114	43929	1	0.014493
44114	44589	1	0.014493
44114	43967	1	0.014493
44115	43831	1	0.007194
44115	44497	262	1.884892
44115	43639	131	0.942446
44115	44047	131	0.942446
44116	44128	3	0.050847
44116	44430	1	0.016949
44116	44400	1	0.016949
44116	44088	1	0.016949
44116	44468	1	0.016949
44116	44632	1	0.016949
44116	43769	1	0.016949
44117	44106	2	0.008969
44118	43777	2	0.003205
44118	43906	2	0.003205
44118	44401	1	0.001603
44118	44488	1	0.001603
44118	44137	1	0.001603
44118	44330	1	0.001603
44118	44523	1	0.001603
44118	43922	1	0.001603
44118	44433	4	0.006410
44118	44242	5	0.008013
44118	43699	3	0.004808
44118	43540	1	0.001603
44118	44446	1	0.001603
44118	44440	1	0.001603
44118	44599	4	0.006410
44118	44536	1	0.001603
44118	43929	4	0.006410
44118	44221	8	0.012821
44118	43806	1	0.001603
44118	43967	1	0.001603
44120	44122	19	1.187500
44122	43776	1	0.001136
44122	44162	1	0.001136
44122	43781	1	0.001136
44122	44168	2	0.002273
44122	44297	5	0.005682
44122	44430	4	0.004545
44122	44433	57	0.064773
44122	43795	1	0.001136
44122	44567	2	0.002273
44122	43806	4	0.004545
44122	44191	62	0.070455
44122	43692	2	0.002273
44122	44462	7	0.007955
44122	43567	4	0.004545
44122	43699	32	0.036364
44122	44599	9	0.010227
44122	44089	1	0.001136
44122	44096	12	0.013636
44122	44615	5	0.005682
44122	44494	13	0.014773
44122	43729	5	0.005682
44122	44242	7	0.007955
44122	43603	2	0.002273
44122	44281	9	0.010227
44122	43705	4	0.004545
44122	44124	5	0.005682
44122	43741	2	0.002273
44122	44519	10	0.011364
44122	44523	3	0.003409
44122	44524	2	0.002273
44122	43889	1	0.001136
44122	44403	1	0.001136
44122	44407	17	0.019318
44122	43641	8	0.009091
44122	43645	2	0.002273
44123	43929	1	0.014493
44123	44589	1	0.014493
44123	43967	1	0.014493
44124	44122	44	0.564103
44125	44598	2	0.003683
44125	44523	4	0.007366
44125	44236	14	0.025783
44125	43567	7	0.012891
44125	43889	6	0.011050
44125	43606	2	0.003683
44125	44599	6	0.011050
44126	43777	7	0.018519
44126	44486	1	0.002646
44126	43814	3	0.007937
44126	44454	1	0.002646
44126	44040	1	0.002646
44126	44332	1	0.002646
44126	43691	1	0.002646
44126	43724	1	0.002646
44126	44477	4	0.010582
44126	44240	2	0.005291
44126	44053	1	0.002646
44126	44566	2	0.005291
44126	43575	1	0.002646
44126	43737	1	0.002646
44126	44155	1	0.002646
44126	43868	1	0.002646
44126	43741	1	0.002646
44126	43685	2	0.005291
44127	43681	1	0.012821
44127	43943	2	0.025641
44127	44523	157	2.012821
44127	44564	1	0.012821
44127	44242	1	0.012821
44127	43668	3	0.038462
44127	43641	1	0.012821
44127	44084	4	0.051282
44128	44433	7	0.079545
44128	43567	6	0.068182
44128	43729	1	0.011364
44128	44469	170	1.931818
44128	44407	2	0.022727
44128	44281	8	0.090909
44129	43584	509	0.592549
44129	43689	1	0.001164
44129	43629	3	0.003492
44129	44462	3	0.003492
44129	43924	10	0.011641
44129	44142	1	0.001164
44129	43990	7	0.008149
44129	44536	1469	1.710128
44129	44244	1	0.001164
44129	43965	4	0.004657
44129	43934	2	0.002328
44129	44255	541	0.629802
44130	44161	1	0.003559
44130	44491	1	0.003559
44130	44535	1	0.003559
44130	44169	2	0.007117
44130	44599	2	0.007117
44130	44205	1	0.003559
44130	44462	2	0.007117
44130	43600	1	0.003559
44130	44401	32	0.113879
44130	44242	2	0.007117
44130	44547	2	0.007117
44130	43668	1	0.003559
44130	43806	3	0.010676
44130	44089	2	0.007117
44130	43608	1	0.003559
44130	43929	2	0.007117
44130	44574	1	0.003559
44130	43967	1	0.003559
44130	43965	3	0.010676
44130	44446	11	0.039146
44130	44523	1	0.003559
44131	44440	1	0.007812
44131	43575	1	0.007812
44132	43965	3	0.006186
44132	43941	1	0.002062
44132	43575	1	0.002062
44134	44419	1	0.004525
44134	43978	1	0.004525
44134	44523	3	0.013575
44134	44462	19	0.085973
44134	44242	1	0.004525
44134	44407	1	0.004525
44134	43965	5	0.022624
44134	44191	6	0.027149
44135	44519	1	0.001235
44135	44332	1	0.001235
44135	43943	6	0.007407
44135	44204	1	0.001235
44135	43929	1	0.001235
44135	44599	1	0.001235
44135	44440	28	0.034568
44135	43641	1	0.001235
44135	44477	1	0.001235
44135	43967	1	0.001235
44136	44440	6	0.081081
44136	43777	2	0.027027
44136	44268	2	0.027027
44137	43777	1	0.002410
44137	44612	1	0.002410
44137	43813	4	0.009639
44137	44454	5	0.012048
44137	43943	24	0.057831
44137	44422	3	0.007229
44137	43575	2	0.004819
44137	44364	1	0.002410
44137	44401	1	0.002410
44137	43600	1	0.002410
44137	44433	6	0.014458
44137	44566	1	0.002410
44137	43895	5	0.012048
44137	43567	1	0.002410
44137	44477	10	0.024096
44137	44446	3	0.007229
44137	44197	1	0.002410
44138	44545	60	0.027804
44138	43783	4	0.001854
44138	44297	2	0.000927
44138	43540	8	0.003707
44138	44182	51	0.023633
44138	43927	56	0.025950
44138	43549	6	0.002780
44138	43806	37	0.017146
44138	44191	137	0.063485
44138	43809	2532	1.173309
44138	43938	24	0.011121
44138	44462	5	0.002317
44138	43567	2	0.000927
44138	43824	6	0.002780
44138	43699	5	0.002317
44138	44599	11	0.005097
44138	44473	56	0.025950
44138	43843	50	0.023170
44138	43975	1	0.000463
44138	43603	18	0.008341
44138	43990	4	0.001854
44138	44382	28	0.012975
44138	44003	3	0.001390
44138	44523	4	0.001854
44138	43887	6	0.002780
44138	44532	3	0.001390
44138	44407	3	0.001390
44138	43641	91	0.042169
44138	44415	34	0.015755
44139	43906	8	0.009101
44139	44433	30	0.034130
44139	43540	1	0.001138
44139	44053	3	0.003413
44139	43673	1	0.001138
44139	44191	5	0.005688
44139	44067	7	0.007964
44139	44462	2	0.002275
44139	43567	4	0.004551
44139	43699	7	0.007964
44139	43830	2	0.002275
44139	43575	4	0.004551
44139	44473	27	0.030717
44139	43551	2	0.002275
44139	43965	2	0.002275
44139	44599	6	0.006826
44139	44242	2	0.002275
44139	43603	3	0.003413
44139	44244	2	0.002275
44139	44632	2	0.002275
44139	44530	1	0.001138
44139	43763	389	0.442548
44139	43641	5	0.005688
44140	43824	2	1.000000
44140	44390	2	1.000000
44141	43906	2	0.001498
44141	44523	2	0.001498
44141	43990	1	0.000749
44141	43974	10	0.007491
44141	44519	1	0.000749
44141	44169	1	0.000749
44141	43883	2	0.001498
44141	44530	1	0.000749
44141	44462	11	0.008240
44141	43965	30	0.022472
44141	43653	1	0.000749
44141	44242	5	0.003745
44141	44436	2	0.001498
44141	44142	2	0.001498
44141	43975	2	0.001498
44141	44599	1	0.000749
44141	44281	4	0.002996
44141	44477	1	0.000749
44141	43806	3	0.002247
44141	44191	3	0.002247
44142	44462	116	16.571429
44142	43567	2	0.285714
44143	43777	2	0.033333
44143	43685	2	0.033333
44143	43974	1	0.016667
44143	44332	2	0.033333
44143	44074	2	0.033333
44143	44523	422	7.033333
44143	43724	2	0.033333
44143	44206	1	0.016667
44143	43922	1	0.016667
44143	43699	11	0.183333
44143	44084	2	0.033333
44143	43741	2	0.033333
44144	44486	1	0.071429
44145	44064	2	0.015152
44145	43618	4	0.030303
44145	43580	2	0.015152
44146	43777	3	0.015075
44146	43813	2	0.010050
44146	43943	1	0.005025
44146	43848	2	0.010050
44146	44332	1	0.005025
44146	43575	1	0.005025
44146	44477	205	1.030151
44147	44325	2	0.036364
44147	43975	2	0.036364
44147	43722	65	1.181818
44147	44523	1	0.018182
44147	43603	53	0.963636
44147	44599	1	0.018182
44148	43946	1	0.055556
44150	44281	630	2.000000
44150	43666	4	0.012698
44150	43887	317	1.006349
44152	44446	1	0.166667
44153	44440	3	0.004950
44154	44328	12	2.000000
44154	43995	18	3.000000
44154	44084	7	1.166667
44155	43906	1	0.011494
44155	43567	1	0.011494
44155	43967	1	0.011494
44155	43813	4	0.045977
44155	44199	1	0.011494
44156	44036	1	0.015873
44156	43754	4	0.063492
44156	43764	2	0.031746
44156	44085	3	0.047619
44159	44345	12	0.089552
44159	44350	1	0.007463
44160	44599	1	0.200000
44161	44416	1	0.000164
44161	43777	1	0.000164
44161	43906	1	0.000164
44161	43806	1	0.000164
44161	44566	1	0.000164
44161	44446	8	0.001313
44161	44577	1	0.000164
44161	44196	1	0.000164
44161	43685	1	0.000164
44161	44454	2	0.000328
44161	43934	26	0.004268
44161	44586	3	0.000492
44161	44462	6	0.000985
44161	43567	5	0.000821
44161	44465	1	0.000164
44161	43573	8	0.001313
44161	43575	2	0.000328
44161	44344	1	0.000164
44161	43965	7	0.001149
44161	43584	2	0.000328
44161	44612	1	0.000164
44161	43846	1	0.000164
44161	43975	4	0.000657
44161	43721	2	0.000328
44161	43600	8	0.001313
44161	44242	1	0.000164
44161	44244	1	0.000164
44161	43990	3	0.000492
44161	43608	1	0.000164
44161	43869	2	0.000328
44161	44129	1	0.000164
44161	44130	1	0.000164
44161	44003	1	0.000164
44161	44006	1	0.000164
44161	44519	2	0.000328
44161	44523	61	0.010013
44161	44401	16	0.002626
44161	43641	17	0.002791
44162	43681	1	0.025000
44163	43880	1	0.040000
44163	43777	1	0.040000
44163	44162	1	0.040000
44163	44523	1	0.040000
44163	43879	1	0.040000
44164	44320	1	0.003876
44164	44244	5	0.019380
44164	44462	1	0.003876
44164	43567	1	0.003876
44164	43603	8	0.031008
44164	43540	1	0.003876
44164	43641	4	0.015504
44164	44344	1	0.003876
44164	44281	1	0.003876
44164	43965	6	0.023256
44164	43987	256	0.992248
44164	44191	1	0.003876
44166	43784	125	1.811594
44166	44175	2	0.028986
44166	44433	3	0.043478
44166	44563	1	0.014493
44166	44567	2	0.028986
44166	44059	1	0.014493
44166	43806	1	0.014493
44166	43942	1	0.014493
44166	44462	1	0.014493
44166	43567	3	0.043478
44166	43699	4	0.057971
44166	44599	4	0.057971
44166	44344	3	0.043478
44166	43965	2	0.028986
44166	43967	2	0.028986
44166	44615	1	0.014493
44166	43597	1	0.014493
44166	44242	5	0.072464
44166	43641	4	0.057971
44166	44632	1	0.014493
44166	44523	2	0.028986
44166	44524	2	0.028986
44166	43759	2	0.028986
44166	44278	1	0.014493
44166	44407	1	0.014493
44166	44281	2	0.028986
44167	43781	1	0.001140
44167	44231	1	0.001140
44167	44523	1	0.001140
44167	43699	2	0.002281
44167	43813	2	0.002281
44167	44602	1	0.001140
44167	44191	2	0.002281
44167	44477	4	0.004561
44167	43839	1	0.001140
44168	43645	1	0.000302
44168	43777	1	0.000302
44168	43813	20	0.006042
44168	43814	2	0.000604
44168	44454	1	0.000302
44168	44040	1	0.000302
44168	44332	1	0.000302
44168	43724	1	0.000302
44168	44013	1	0.000302
44168	44477	51	0.015408
44168	44240	2	0.000604
44168	44053	1	0.000302
44168	44566	3	0.000906
44168	44599	1	0.000302
44168	44632	1	0.000302
44168	43641	3	0.000906
44168	44122	2	0.000604
44168	43855	1	0.000302
44168	43741	2	0.000604
44168	43685	1	0.000302
44169	44033	1	0.000519
44169	44037	1	0.000519
44169	44567	1	0.000519
44169	44056	1	0.000519
44169	44569	6	0.003112
44169	44059	117	0.060685
44169	43567	7	0.003631
44169	43571	1	0.000519
44169	43572	1	0.000519
44169	44599	28	0.014523
44169	44089	6	0.003112
44169	43591	1	0.000519
44169	44106	1	0.000519
44169	43597	2389	1.239108
44169	44112	1	0.000519
44169	44626	1	0.000519
44169	44127	13	0.006743
44169	44132	1	0.000519
44169	44645	1	0.000519
44169	43633	1	0.000519
44169	43635	1	0.000519
44169	43641	2	0.001037
44169	43646	130	0.067427
44169	44161	2	0.001037
44169	43820	1	0.000519
44169	44173	1	0.000519
44169	44175	1	0.000519
44169	44192	1	0.000519
44169	43681	1	0.000519
44169	43686	126	0.065353
44169	44199	814	0.422199
44169	44206	1	0.000519
44169	43697	1	0.000519
44169	43698	1	0.000519
44169	43699	1	0.000519
44169	44241	1	0.000519
44169	44244	5	0.002593
44169	44248	2	0.001037
44169	43741	1	0.000519
44169	44255	2	0.001037
44169	43746	2	0.001037
44169	44266	1	0.000519
44169	43687	1	0.000519
44169	43759	1	0.000519
44169	44273	1	0.000519
44169	44276	2	0.001037
44169	44278	1	0.000519
44169	43772	1	0.000519
44169	43777	40	0.020747
44169	44502	1	0.000519
44169	44297	8	0.004149
44169	44418	4	0.002075
44169	44306	1	0.000519
44169	43795	1	0.000519
44169	43806	1	0.000519
44169	44321	1	0.000519
44169	43814	2	0.001037
44169	44332	4	0.002075
44169	43824	1	0.000519
44169	43825	2	0.001037
44169	43828	3	0.001556
44169	44342	1	0.000519
44169	44344	4	0.002075
44169	44084	1	0.000519
44169	43838	1	0.000519
44169	43850	1	0.000519
44169	44363	2	0.001037
44169	44364	1	0.000519
44169	44373	1	0.000519
44169	43869	1564	0.811203
44169	44385	1	0.000519
44169	44395	1	0.000519
44169	44401	1	0.000519
44169	44403	3	0.001556
44169	44404	1	0.000519
44169	44407	45	0.023340
44169	44417	2	0.001037
44169	43906	1	0.000519
44169	44011	1	0.000519
44169	44421	3	0.001556
44169	44427	191	0.099066
44169	44433	10	0.005187
44169	44436	1	0.000519
44169	44438	1	0.000519
44169	43929	1	0.000519
44169	43932	1	0.000519
44169	44446	4	0.002075
44169	44447	1	0.000519
44169	43937	8	0.004149
44169	44452	3	0.001556
44169	43941	204	0.105809
44169	44454	6	0.003112
44169	43943	3	0.001556
44169	44462	115	0.059647
44169	44464	1	0.000519
44169	43959	2	0.001037
44169	44473	13	0.006743
44169	43965	518	0.268672
44169	44486	1	0.000519
44169	43975	2650	1.374481
44169	44488	121	0.062759
44169	43575	7	0.003631
44169	44491	1	0.000519
44169	44621	1	0.000519
44169	44496	1	0.000519
44169	44497	2	0.001037
44169	43990	633	0.328320
44169	44511	3	0.001556
44169	44513	1	0.000519
44169	44003	5	0.002593
44169	44006	14	0.007261
44169	44523	52	0.026971
44169	44014	4	0.002075
44169	44530	3	0.001556
44169	44542	1	0.000519
44171	43783	1	0.002674
44171	44297	4	0.010695
44171	44433	2	0.005348
44171	43540	1	0.002674
44171	44566	1	0.002674
44171	43673	1	0.002674
44171	43929	1	0.002674
44171	44317	1	0.002674
44171	43806	1	0.002674
44171	44191	9	0.024064
44171	43556	2	0.005348
44171	43974	4	0.010695
44171	44454	1	0.002674
44171	44328	1	0.002674
44171	44599	4	0.010695
44171	43585	2	0.005348
44171	44102	2	0.005348
44171	43575	1	0.002674
44171	44242	2	0.005348
44171	43603	6	0.016043
44171	44244	1	0.002674
44171	44523	2	0.005348
44171	44524	1	0.002674
44171	44277	2	0.005348
44171	44169	2	0.005348
44171	43641	7	0.018717
44172	43681	1	0.000334
44172	43741	4	0.001334
44172	43813	19	0.006338
44172	43718	1	0.000334
44172	44231	2	0.000667
44172	43561	2	0.000667
44172	44523	1	0.000334
44172	43906	1	0.000334
44172	43965	1	0.000334
44172	44433	1	0.000334
44172	43699	1	0.000334
44172	44440	3	0.001001
44172	44599	3	0.001001
44172	44632	2	0.000667
44172	43855	1	0.000334
44172	43836	1	0.000334
44172	44477	30	0.010007
44172	43806	1	0.000334
44173	44464	34	0.118056
44173	44491	2	0.006944
44173	43806	1	0.003472
44174	43777	4	0.003221
44174	43813	20	0.016103
44174	44454	2	0.001610
44174	43982	906	0.729469
44174	43855	8	0.006441
44174	44599	8	0.006441
44174	44477	6	0.004831
44174	43806	1	0.000805
44174	43941	6	0.004831
44175	44418	1	0.002092
44175	44003	1	0.002092
44175	44261	2	0.004184
44175	44519	1	0.002092
44175	43784	3	0.006276
44175	44523	3	0.006276
44175	44509	3	0.006276
44175	44323	2	0.004184
44175	43924	1	0.002092
44175	44281	1	0.002092
44175	43567	3	0.006276
44175	43965	1	0.002092
44177	44523	1	0.111111
44179	44032	1	0.001919
44179	44407	1	0.001919
44179	43783	2	0.003839
44179	44523	2	0.003839
44179	43567	1	0.001919
44179	44003	1	0.001919
44179	44089	1	0.001919
44179	44473	6	0.011516
44179	44440	1	0.001919
44179	43641	2	0.003839
44179	44255	2	0.003839
44179	44199	1	0.001919
44179	44191	1	0.001919
44180	43936	1	0.016667
44180	44196	1	0.016667
44180	44454	1	0.016667
44180	43575	1	0.016667
44180	44240	1	0.016667
44180	44593	9	0.150000
44180	44342	1	0.016667
44180	44599	1	0.016667
44180	44440	1	0.016667
44180	44317	1	0.016667
44180	43743	1	0.016667
44181	43567	1	0.020408
44181	44242	1	0.020408
44181	44259	1	0.020408
44181	43975	1	0.020408
44181	44127	4	0.081633
44182	43809	583	1.012153
44182	43938	3	0.005208
44182	44491	5	0.008681
44182	44462	7	0.012153
44182	43567	2	0.003472
44182	43703	1	0.001736
44182	43806	1	0.001736
44183	44615	1	0.037037
44184	43864	2	0.133333
44185	44222	2	0.006711
44185	44407	3	0.010067
44187	43777	3	0.002778
44187	43906	1	0.000926
44187	43756	6	0.005556
44187	43783	1	0.000926
44187	44297	3	0.002778
44187	44034	3	0.002778
44187	44174	6	0.005556
44187	43540	2	0.001852
44187	44053	3	0.002778
44187	44566	3	0.002778
44187	43806	1	0.000926
44187	44191	9	0.008333
44187	44320	2	0.001852
44187	43554	3	0.002778
44187	44067	3	0.002778
44187	43814	3	0.002778
44187	44203	3	0.002778
44187	44462	1	0.000926
44187	43567	14	0.012963
44187	43699	3	0.002778
44187	44574	3	0.002778
44187	43574	10	0.009259
44187	43575	10	0.009259
44187	43975	1	0.000926
44187	44599	1	0.000926
44187	44240	3	0.002778
44187	44242	6	0.005556
44187	43603	32	0.029630
44187	44244	9	0.008333
44187	44281	7	0.006481
44187	43998	13	0.012037
44187	44454	3	0.002778
44187	44523	16	0.014815
44187	44524	6	0.005556
44187	44143	1	0.000926
44187	43762	3	0.002778
44187	44407	7	0.006481
44187	43641	15	0.013889
44188	43906	1	0.001064
44188	44118	2	0.002128
44188	44006	2	0.002128
44188	43975	5	0.005319
44188	44137	5	0.005319
44188	43737	1	0.001064
44188	44523	2	0.002128
44188	43597	1	0.001064
44188	44462	1	0.001064
44188	43965	2	0.002128
44188	44433	1	0.001064
44188	44454	2	0.002128
44188	44566	946	1.006383
44188	44599	2	0.002128
44188	44632	3	0.003191
44188	43641	2	0.002128
44188	43575	2	0.002128
44188	43567	1	0.001064
44188	44221	6	0.006383
44188	43806	1	0.001064
44189	43656	2	0.048780
44189	44617	3	0.073171
44189	43965	1	0.024390
44191	43937	1	0.008621
44191	44523	77	0.663793
44191	44143	1	0.008621
44191	43699	2	0.017241
44191	44281	1	0.008621
44191	44089	2	0.017241
44191	43967	2	0.017241
44192	44037	2	0.095238
44192	43686	1	0.047619
44192	44523	1	0.047619
44192	43759	2	0.095238
44192	44531	2	0.095238
44192	44438	2	0.095238
44192	44439	2	0.095238
44192	43567	1	0.047619
44193	43906	1	0.000622
44193	44523	2	0.001245
44193	43575	4	0.002489
44193	44330	1	0.000622
44193	43735	1	0.000622
44193	43694	12	0.007467
44193	43567	6	0.003734
44193	44433	2	0.001245
44193	43859	2	0.001245
44193	43699	1	0.000622
44193	44246	1	0.000622
44193	44462	1	0.000622
44193	44191	1	0.000622
44193	43965	2	0.001245
44193	43710	1	0.000622
44193	44053	3	0.001867
44194	43929	1	0.014493
44194	44589	1	0.014493
44194	43967	1	0.014493
44195	44106	1	0.003077
44195	43567	1	0.003077
44196	44593	2	0.026316
44196	44401	2	0.026316
44197	44440	8	0.035556
44197	44129	1	0.004444
44197	43584	3	0.013333
44197	44255	1	0.004444
44198	44040	1	0.005319
44198	44635	1	0.005319
44199	43937	2	0.008264
44199	44418	10	0.041322
44199	44066	2	0.008264
44199	44244	4	0.016529
44199	43574	2	0.008264
44199	43656	2	0.008264
44199	44266	6	0.024793
44199	44523	2	0.008264
44199	43820	11	0.045455
44199	43597	10	0.041322
44199	44462	6	0.024793
44199	43633	2	0.008264
44199	44403	8	0.033058
44199	44084	4	0.016529
44199	43990	2	0.008264
44199	44281	14	0.057851
44199	44248	19	0.078512
44199	44089	8	0.033058
44200	44168	1	0.000856
44200	43917	1	0.000856
44200	44309	8	0.006849
44200	44191	38	0.032534
44200	44577	2	0.001712
44200	44586	1	0.000856
44200	44462	17	0.014555
44200	44465	2	0.001712
44200	43699	1	0.000856
44200	44596	3	0.002568
44200	44599	1	0.000856
44200	43965	32	0.027397
44200	43584	2	0.001712
44200	44482	1	0.000856
44200	44228	4	0.003425
44200	43846	3	0.002568
44200	43975	1	0.000856
44200	44360	1	0.000856
44200	43989	1	0.000856
44200	43606	2	0.001712
44200	44507	5	0.004281
44200	44125	1	0.000856
44200	44006	1	0.000856
44200	44523	2	0.001712
44200	44403	17	0.014555
44200	44407	1	0.000856
44200	44281	16	0.013699
44201	44064	11	0.018092
44201	43906	2	0.003289
44201	44244	4	0.006579
44201	44199	1	0.001645
44201	44523	3	0.004934
44201	43540	1	0.001645
44201	43567	1	0.001645
44201	43729	4	0.006579
44201	44242	1	0.001645
44201	43603	6	0.009868
44201	44084	3	0.004934
44201	43699	2	0.003289
44201	43575	7	0.011513
44201	44632	1	0.001645
44201	43641	4	0.006579
44201	44059	1	0.001645
44201	44053	3	0.004934
44201	43965	1	0.001645
44201	44191	8	0.013158
44202	44440	20	0.078740
44202	43776	1	0.003937
44203	43554	160	0.958084
44203	44187	160	0.958084
44204	44440	53	0.490741
44204	43884	1	0.009259
44204	43974	1	0.009259
44205	44006	2	0.003067
44205	44210	2	0.003067
44205	43600	4	0.006135
44205	44401	20	0.030675
44205	44242	4	0.006135
44205	44244	6	0.009202
44205	43806	6	0.009202
44205	44632	4	0.006135
44205	44089	4	0.006135
44205	44059	2	0.003067
44205	44446	10	0.015337
44206	43685	2	0.000798
44206	43741	3	0.001198
44206	43588	3	0.001198
44206	43813	1	0.000399
44206	43974	1	0.000399
44206	43943	1	0.000399
44206	44104	1	0.000399
44206	44267	7	0.002794
44206	43724	1	0.000399
44206	44462	2	0.000798
44206	44519	2	0.000798
44206	43783	1	0.000399
44206	44440	1	0.000399
44206	43603	3	0.001198
44206	43699	1	0.000399
44206	43609	1	0.000399
44206	44344	1	0.000399
44206	43641	5	0.001996
44206	44477	22	0.008782
44206	43989	1	0.000399
44207	44440	4	0.142857
44210	44440	7	0.063063
44210	43641	2	0.018018
44211	43645	4	0.015936
44214	44106	2	0.007968
44214	44244	2	0.007968
44215	44330	24	0.012226
44215	43693	2	0.001019
44217	43929	22	1.000000
44217	43753	1	0.045455
44217	44261	1	0.045455
44217	44599	22	1.000000
44219	43813	4	0.008048
44219	44040	3	0.006036
44219	44111	1	0.002012
44219	44240	2	0.004024
44219	44440	2	0.004024
44219	44632	2	0.004024
44219	44477	7	0.014085
44219	44389	1	0.002012
44220	43641	14	1.272727
44220	43603	1	0.090909
44221	43906	1	0.000559
44221	43783	1	0.000559
44221	44297	1	0.000559
44221	43540	2	0.001117
44221	44566	18	0.010056
44221	44188	10	0.005587
44221	43806	4	0.002235
44221	44191	10	0.005587
44221	44454	1	0.000559
44221	44462	5	0.002793
44221	43567	2	0.001117
44221	43699	2	0.001117
44221	44344	1	0.000559
44221	44089	1	0.000559
44221	43965	1	0.000559
44221	43975	2	0.001117
44221	44242	16	0.008939
44221	43603	7	0.003911
44221	44118	84	0.046927
44221	44281	25	0.013966
44221	44632	2	0.001117
44221	43737	61	0.034078
44221	44255	2	0.001117
44221	44137	7	0.003911
44221	44523	19	0.010615
44221	43895	3	0.001676
44221	44536	2	0.001117
44221	43641	41	0.022905
44222	44003	2	0.009709
44222	44264	4	0.019417
44222	44169	2	0.009709
44222	44266	9	0.043689
44222	44462	4	0.019417
44222	44232	2	0.009709
44222	44242	4	0.019417
44222	43990	2	0.009709
44222	44599	1	0.004854
44222	44248	4	0.019417
44222	43806	9	0.043689
44225	44363	1	0.004274
44225	43758	1	0.004274
44225	43901	1	0.004274
44225	44599	1	0.004274
44225	44633	1	0.004274
44225	43567	9	0.038462
44225	44477	8	0.034188
44225	43806	1	0.004274
44226	44428	6	0.005059
44226	43965	3	0.002530
44226	44462	3	0.002530
44228	43777	3	0.002770
44228	44291	1	0.000923
44228	44040	2	0.001847
44228	44013	2	0.001847
44228	44052	1	0.000923
44228	44053	2	0.001847
44228	44566	2	0.001847
44228	44440	191	0.176362
44228	43685	2	0.001847
44228	44454	3	0.002770
44228	43943	17	0.015697
44228	44330	16	0.014774
44228	43567	1	0.000923
44228	43575	2	0.001847
44228	44486	2	0.001847
44228	43724	3	0.002770
44228	43600	1	0.000923
44228	43731	1	0.000923
44228	43989	12	0.011080
44228	44632	1	0.000923
44228	43741	2	0.001847
44228	44240	2	0.001847
44228	43814	2	0.001847
44228	44006	1	0.000923
44228	44519	12	0.011080
44228	44523	41	0.037858
44228	44269	1	0.000923
44228	44143	1	0.000923
44228	44403	52	0.048015
44228	44278	3	0.002770
44231	43855	2	0.000690
44231	44259	4	0.001380
44231	44484	2	0.000690
44231	43813	6	0.002070
44231	43943	6	0.002070
44231	43820	2	0.000690
44231	43625	4	0.001380
44231	44519	2	0.000690
44231	44172	2	0.000690
44231	43886	2	0.000690
44231	44477	24	0.008282
44231	44433	2	0.000690
44231	44329	4	0.001380
44231	43582	12	0.004141
44231	43753	2	0.000690
44231	44440	4	0.001380
44231	44089	4	0.001380
44231	43567	2	0.000690
44231	43741	25	0.008627
44231	43806	2	0.000690
44231	43583	9	0.003106
44232	44248	328	1.192727
44232	44433	1	0.003636
44232	43567	2	0.007273
44232	43699	4	0.014545
44232	43929	4	0.014545
44234	43714	1	0.034483
44234	43683	14	0.482759
44234	43603	1	0.034483
44234	43629	1	0.034483
44234	44523	1	0.034483
44234	43575	1	0.034483
44234	43570	1	0.034483
44234	43662	1	0.034483
44234	43567	1	0.034483
44234	44433	7	0.241379
44234	44242	3	0.103448
44234	44307	7	0.241379
44234	44053	1	0.034483
44234	43641	3	0.103448
44234	44344	1	0.034483
44234	44217	7	0.241379
44234	43578	1	0.034483
44234	43806	1	0.034483
44234	44191	2	0.068966
44235	43937	1	0.005650
44235	44418	2	0.011299
44235	44003	4	0.022599
44235	44407	2	0.011299
44235	43941	1	0.005650
44235	43814	1	0.005650
44235	43975	55	0.310734
44235	44599	2	0.011299
44235	44523	5	0.028249
44235	44364	2	0.011299
44235	43597	7	0.039548
44235	44462	1	0.005650
44235	43795	3	0.016949
44235	43990	460	2.598870
44235	43575	4	0.022599
44235	44059	1	0.005650
44235	43741	1	0.005650
44236	43781	2	0.001548
44236	44167	2	0.001548
44236	44297	4	0.003096
44236	44049	2	0.001548
44236	44334	2	0.001548
44236	44059	2	0.001548
44236	44060	1	0.000774
44236	44191	12	0.009288
44236	44199	6	0.004644
44236	44206	1	0.000774
44236	43567	82	0.063467
44236	43699	27	0.020898
44236	44598	3	0.002322
44236	44599	35	0.027090
44236	43839	2	0.001548
44236	43975	1	0.000774
44236	44242	1	0.000774
44236	44244	44	0.034056
44236	43990	3	0.002322
44236	44462	3	0.002322
44236	44632	45	0.034830
44236	44250	3	0.002322
44236	44125	3	0.002322
44236	44642	1	0.000774
44236	44006	2	0.001548
44236	44519	1	0.000774
44236	44523	13	0.010062
44236	44433	4	0.003096
44236	43889	3	0.002322
44236	44407	1	0.000774
44236	43641	12	0.009288
44240	43777	1	0.000878
44240	43906	1	0.000878
44240	44519	1	0.000878
44240	44040	1	0.000878
44240	44433	2	0.001756
44240	44564	1	0.000878
44240	44310	1	0.000878
44240	44440	3	0.002634
44240	44191	1	0.000878
44240	43681	1	0.000878
44240	43813	1205	1.057946
44240	44454	1	0.000878
44240	43943	1	0.000878
44240	44332	3	0.002634
44240	44462	1	0.000878
44240	43824	6	0.005268
44240	43685	1	0.000878
44240	43796	1	0.000878
44240	44344	1	0.000878
44240	44089	2	0.001756
44240	43597	1	0.000878
44240	44244	1	0.000878
44240	44127	11	0.009658
44240	44006	1	0.000878
44240	44390	2	0.001756
44240	44135	1	0.000878
44240	44523	4	0.003512
44240	43668	1	0.000878
44241	43777	2	0.004175
44241	43906	2	0.004175
44241	44003	1	0.002088
44241	44244	3	0.006263
44241	43941	3	0.006263
44241	43814	2	0.004175
44241	44523	1	0.002088
44241	44191	4	0.008351
44241	44462	6	0.012526
44241	43567	8	0.016701
44241	44433	1	0.002088
44241	44242	5	0.010438
44241	43603	1	0.002088
44241	43668	1	0.002088
44241	44599	2	0.004175
44241	44632	1	0.002088
44241	43641	2	0.004175
44241	44281	2	0.004175
44241	43965	7	0.014614
44241	43806	1	0.002088
44241	44344	1	0.002088
44242	44523	12	0.006742
44242	44556	1	0.000562
44242	44173	1	0.000562
44242	44547	2	0.001124
44242	43668	1	0.000562
44242	44187	1	0.000562
44242	43806	3	0.001685
44242	43681	1	0.000562
44242	44066	1	0.000562
44242	44453	1	0.000562
44242	43689	1	0.000562
44242	44464	1	0.000562
44242	44593	1	0.000562
44242	43699	100	0.056180
44242	44084	1	0.000562
44242	43934	2	0.001124
44242	44344	1	0.000562
44242	44089	1	0.000562
44242	43907	1	0.000562
44242	44221	1	0.000562
44242	44364	1	0.000562
44242	44236	4	0.002247
44242	44564	15	0.008427
44242	43603	8	0.004494
44242	44632	201	0.112921
44242	44505	1	0.000562
44242	44255	1	0.000562
44242	44128	1	0.000562
44242	44004	1	0.000562
44242	44519	2	0.001124
44242	44339	1	0.000562
44242	44266	1	0.000562
44242	44139	1	0.000562
44242	44524	1	0.000562
44242	43629	100	0.056180
44242	44273	1	0.000562
44242	43641	6	0.003371
44242	44029	1	0.000562
44243	43699	4	0.500000
44244	44161	1	0.014493
44244	44421	1	0.014493
44244	44169	1	0.014493
44244	44428	1	0.014493
44244	43547	1	0.014493
44244	43806	1	0.014493
44244	44577	1	0.014493
44244	43558	1	0.014493
44244	44199	1	0.014493
44244	44462	1	0.014493
44244	43934	1	0.014493
44244	43575	2	0.028986
44244	43964	1	0.014493
44244	43965	2	0.028986
44244	43586	1	0.014493
44244	43975	3	0.043478
44244	44172	1	0.014493
44244	43978	1	0.014493
44244	43990	2	0.028986
44244	44127	3	0.043478
44244	44523	10	0.144928
44244	44276	1	0.014493
44244	44407	69	1.000000
44244	43646	2	0.028986
44245	43929	1	0.014493
44245	44589	1	0.014493
44245	43967	1	0.014493
44247	43813	2	0.014599
44247	44523	1	0.007299
44247	44428	2	0.014599
44247	44462	1	0.007299
44247	43633	2	0.014599
44247	43922	1	0.007299
44247	44599	1	0.007299
44247	44344	2	0.014599
44247	44221	1	0.007299
44247	44446	1	0.007299
44248	43783	2	0.003663
44248	44563	1	0.001832
44248	44437	1	0.001832
44248	43929	2	0.003663
44248	44442	1	0.001832
44248	43932	1	0.001832
44248	44191	12	0.021978
44248	44199	1	0.001832
44248	44584	1	0.001832
44248	43567	1	0.001832
44248	44344	4	0.007326
44248	44089	1	0.001832
44248	44222	1	0.001832
44248	43972	200	0.366300
44248	44232	58	0.106227
44248	44620	1	0.001832
44248	43598	1	0.001832
44248	44242	12	0.021978
44248	44244	2	0.003663
44248	44505	1	0.001832
44248	44100	1	0.001832
44248	43618	1	0.001832
44248	44388	1	0.001832
44248	44264	1	0.001832
44248	44266	1	0.001832
44248	44523	1	0.001832
44248	44013	1	0.001832
44248	43641	1	0.001832
44249	44127	241	30.125000
44250	44486	1	0.027027
44250	44523	1	0.027027
44250	44236	3	0.081081
44250	43741	1	0.027027
44250	43889	1	0.027027
44250	43606	1	0.027027
44250	43575	1	0.027027
44250	43738	1	0.027027
44250	43612	1	0.027027
44250	44125	1	0.027027
44251	43540	1	0.012500
44252	44440	1	0.003003
44255	43906	2	0.003929
44255	44422	4	0.007859
44255	44433	8	0.015717
44255	44566	1	0.001965
44255	44445	1	0.001965
44255	43934	2	0.003929
44255	44191	8	0.015717
44255	44193	1	0.001965
44255	43685	1	0.001965
44255	44454	4	0.007859
44255	44199	1	0.001965
44255	43689	9	0.017682
44255	44462	11	0.021611
44255	43567	1	0.001965
44255	43699	7	0.013752
44255	44599	3	0.005894
44255	44473	1	0.001965
44255	43965	19	0.037328
44255	43967	1	0.001965
44255	43584	16	0.031434
44255	43713	1	0.001965
44255	44613	1	0.001965
44255	43975	1	0.001965
44255	44360	3	0.005894
44255	44617	1	0.001965
44255	44491	1	0.001965
44255	43597	1	0.001965
44255	44242	15	0.029470
44255	43603	4	0.007859
44255	44244	2	0.003929
44255	43990	2	0.003929
44255	44281	1	0.001965
44255	43864	2	0.003929
44255	43737	1	0.001965
44255	43869	1	0.001965
44255	44256	3	0.005894
44255	44129	9	0.017682
44255	44519	1	0.001965
44255	44137	6	0.011788
44255	44523	16	0.031434
44255	44221	2	0.003929
44255	44401	2	0.003929
44255	44407	1	0.001965
44255	44536	443	0.870334
44255	43641	9	0.017682
44256	43777	2	0.003914
44256	43813	1	0.001957
44256	43814	3	0.005871
44256	44040	3	0.005871
44256	44006	1	0.001957
44256	44599	1	0.001957
44256	44332	3	0.005871
44256	44013	3	0.005871
44256	43741	3	0.005871
44256	44240	3	0.005871
44256	44440	1	0.001957
44256	43699	2	0.003914
44256	44436	1	0.001957
44256	44053	3	0.005871
44256	44566	3	0.005871
44256	43575	1	0.001957
44256	43864	1	0.001957
44256	43641	1	0.001957
44256	44155	2	0.003914
44256	44477	5	0.009785
44256	43685	1	0.001957
44258	43906	2	0.013699
44258	44297	2	0.013699
44258	44523	1	0.006849
44258	43567	2	0.013699
44258	44242	1	0.006849
44258	43540	3	0.020548
44258	43990	1	0.006849
44258	44599	2	0.013699
44258	43741	1	0.006849
44258	43582	1	0.006849
44259	43681	2	0.001873
44259	44477	2	0.001873
44259	44433	3	0.002809
44259	44191	1	0.000936
44259	43741	1	0.000936
44259	44127	1	0.000936
44261	43906	2	0.100000
44261	44436	1	0.050000
44261	44523	23	1.150000
44261	44564	1	0.050000
44261	43567	1	0.050000
44261	43540	1	0.050000
44261	43637	1	0.050000
44261	44599	42	2.100000
44261	44089	1	0.050000
44261	43641	3	0.150000
44264	44232	1	0.003891
44264	44440	9	0.035019
44264	44266	1	0.003891
44264	44519	1	0.003891
44265	44160	4	0.400000
44265	44066	2	0.200000
44265	43724	1	0.100000
44265	43725	1	0.100000
44265	43885	2	0.200000
44265	43989	1	0.100000
44265	44023	2	0.200000
44265	44538	3	0.300000
44265	44540	3	0.300000
44266	44563	1	0.002755
44266	44437	1	0.002755
44266	43929	2	0.005510
44266	43972	202	0.556474
44266	44442	1	0.002755
44266	43932	1	0.002755
44266	44191	11	0.030303
44266	44584	1	0.002755
44266	43567	1	0.002755
44266	44344	4	0.011019
44266	44222	1	0.002755
44266	44100	1	0.002755
44266	44232	54	0.148760
44266	44620	1	0.002755
44266	43598	1	0.002755
44266	44242	2	0.005510
44266	44244	2	0.005510
44266	44248	1125	3.099174
44266	44505	1	0.002755
44266	43618	1	0.002755
44266	44388	1	0.002755
44266	44264	1	0.002755
44266	44523	1	0.002755
44266	44013	1	0.002755
44266	43641	1	0.002755
44267	43600	1	0.000752
44267	43906	1	0.000752
44267	43588	944	0.710309
44267	43813	1	0.000752
44267	43575	1	0.000752
44267	44206	11	0.008277
44267	44477	1	0.000752
44267	43920	1	0.000752
44267	43699	1	0.000752
44267	43668	1	0.000752
44267	44599	2	0.001505
44267	44440	45	0.033860
44267	43737	1	0.000752
44267	43741	5	0.003762
44268	43777	1	0.000981
44268	43906	1	0.000981
44268	43783	1	0.000981
44268	44169	1	0.000981
44268	44290	2	0.001963
44268	44191	1	0.000981
44268	44473	3	0.002944
44268	44551	1	0.000981
44268	43567	1	0.000981
44268	43699	1	0.000981
44268	44344	1	0.000981
44268	44276	4	0.003925
44268	44098	2	0.001963
44268	44101	2	0.001963
44268	43603	7	0.006869
44268	44089	2	0.001963
44268	44393	1	0.000981
44268	44523	1	0.000981
44268	43629	1	0.000981
44268	44530	1	0.000981
44268	43636	1	0.000981
44268	44407	1	0.000981
44268	43641	1	0.000981
44269	44403	9	0.082569
44269	44462	1	0.009174
44271	43974	1	0.019608
44272	44440	1	0.000618
44273	43814	3	0.004367
44273	44523	2	0.002911
44273	44173	1	0.001456
44273	44462	7	0.010189
44273	43668	1	0.001456
44273	44599	2	0.002911
44273	44281	2	0.002911
44273	44191	12	0.017467
44275	44477	7	0.012727
44275	43814	1	0.001818
44276	43777	27	0.012228
44276	44428	1	0.000453
44276	44440	1	0.000453
44276	44445	1	0.000453
44276	44191	1	0.000453
44276	44462	41	0.018569
44276	43567	181	0.081975
44276	43699	8	0.003623
44276	44599	2	0.000906
44276	44344	44	0.019928
44276	44602	1	0.000453
44276	43965	2	0.000906
44276	44354	1	0.000453
44276	44626	37	0.016757
44276	44261	14	0.006341
44276	44006	5	0.002264
44276	44136	2	0.000906
44276	44523	141	0.063859
44276	44268	56	0.025362
44276	44242	140	0.063406
44276	43891	37	0.016757
44276	44281	2	0.000906
44277	44611	1	0.142857
44277	44171	6	0.857143
44278	43777	1	0.000752
44278	43721	1	0.000752
44278	43922	1	0.000752
44278	44052	1	0.000752
44278	44446	1	0.000752
44278	43967	783	0.588722
44279	43824	2	0.044444
44279	44390	1	0.022222
44279	44223	1	0.022222
44280	43778	1	0.017857
44280	43619	1	0.017857
44280	44199	2	0.035714
44280	44462	1	0.017857
44280	44345	4	0.071429
44280	44350	1	0.017857
44281	44241	1	0.008929
44281	44171	1	0.008929
44281	43757	1	0.008929
44281	44462	114	1.017857
44281	43729	2	0.017857
44281	44339	1	0.008929
44281	44085	1	0.008929
44281	44248	1	0.008929
44281	43641	2	0.017857
44281	43965	1	0.008929
44283	44417	52	26.000000
44283	43586	2	1.000000
44283	44481	2	1.000000
44283	44331	2	1.000000
44283	44332	2	1.000000
44283	44621	2	1.000000
44283	44242	2	1.000000
44283	43902	2	1.000000
44283	44542	2	1.000000
44283	44478	2	1.000000
44284	44547	1827	24.689189
44284	43813	1	0.013514
44284	44477	1	0.013514
44284	43573	1	0.013514
44284	44406	2	0.027027
44284	43575	1	0.013514
44284	43837	1	0.013514
44288	43641	6	0.113208
44288	43906	1	0.018868
44288	44084	4	0.075472
44288	44599	3	0.056604
44290	43777	3	0.024194
44290	44602	1	0.008065
44290	44599	2	0.016129
44291	44440	145	0.747423
44291	44486	121	0.623711
44291	43839	121	0.623711
44293	44440	2	0.222222
44295	44128	1	0.000627
44295	43567	1	0.000627
44295	43924	2	0.001254
44295	44599	2	0.001254
44295	44440	3	0.001881
44295	44345	1	0.000627
44297	43907	1	0.019231
44297	44164	1	0.019231
44297	44041	1	0.019231
44297	44171	1	0.019231
44297	44248	1	0.019231
44297	44547	1	0.019231
44297	44437	1	0.019231
44297	44187	1	0.019231
44297	43932	1	0.019231
44297	43934	1	0.019231
44297	44321	1	0.019231
44297	44453	1	0.019231
44297	43561	1	0.019231
44297	43947	1	0.019231
44297	43820	1	0.019231
44297	44060	1	0.019231
44297	43824	1	0.019231
44297	44593	1	0.019231
44297	43570	1	0.019231
44297	44339	1	0.019231
44297	44085	1	0.019231
44297	43965	2	0.038462
44297	44255	1	0.019231
44297	44221	1	0.019231
44297	44094	1	0.019231
44297	43714	1	0.019231
44297	43975	5	0.096154
44297	43848	1	0.019231
44297	44617	1	0.019231
44297	44106	1	0.019231
44297	43725	1	0.019231
44297	44111	1	0.019231
44297	44496	1	0.019231
44297	44241	1	0.019231
44297	44373	1	0.019231
44297	43864	1	0.019231
44297	44505	1	0.019231
44297	44511	1	0.019231
44297	44385	1	0.019231
44297	44258	1	0.019231
44297	43887	1	0.019231
44297	43985	1	0.019231
44297	44139	1	0.019231
44297	43757	1	0.019231
44297	44015	1	0.019231
44297	44401	1	0.019231
44297	44403	1	0.019231
44297	43771	1	0.019231
44297	44523	7	0.134615
44299	44242	1	0.031250
44299	44523	1	0.031250
44303	44608	4	0.025641
44303	43777	4	0.025641
44303	43780	4	0.025641
44303	44004	20	0.128205
44305	44261	1	0.062500
44305	44468	1	0.062500
44305	44500	1	0.062500
44305	44430	1	0.062500
44305	44400	1	0.062500
44305	44116	1	0.062500
44305	44469	2	0.125000
44305	44088	1	0.062500
44305	43769	1	0.062500
44306	44106	5	0.006684
44306	43686	2	0.002674
44306	43567	7	0.009358
44307	44440	4	0.102564
44308	44440	6	0.260870
44308	44523	1	0.043478
44309	44418	2	0.004040
44309	44003	2	0.004040
44309	43975	1	0.002020
44309	44169	1	0.002020
44309	44523	2	0.004040
44309	44462	1	0.002020
44309	44082	6	0.012121
44309	44632	1	0.002020
44309	44345	13	0.026263
44309	44413	2	0.004040
44310	44440	55	0.964912
44311	44332	1	0.005714
44311	43686	1	0.005714
44312	44229	2	0.001621
44312	44167	21	0.017018
44312	44392	1	0.000810
44312	44523	1	0.000810
44312	43916	1	0.000810
44312	44462	29	0.023501
44312	43567	1	0.000810
44312	44242	1	0.000810
44312	43891	1	0.000810
44312	43605	1	0.000810
44312	44632	1	0.000810
44312	44060	49	0.039708
44312	43967	1	0.000810
44314	43813	1	0.009615
44314	44407	1	0.009615
44316	43577	3	0.004673
44316	43912	2	0.003115
44316	43658	2	0.003115
44316	44148	2	0.003115
44316	44599	8	0.012461
44316	44600	2	0.003115
44316	44505	5	0.007788
44316	44281	6	0.009346
44316	44517	3	0.004673
44317	43879	3	0.004910
44317	44519	1	0.001637
44317	44621	1	0.001637
44317	44462	3	0.004910
44317	44339	1	0.001637
44317	44599	11	0.018003
44317	43967	1	0.001637
44318	44440	51	2.040000
44318	44446	1	0.040000
44319	43680	1	0.034483
44319	43686	1	0.034483
44319	44074	1	0.034483
44319	44523	3	0.103448
44319	44460	1	0.034483
44319	44272	1	0.034483
44320	43641	8	2.666667
44320	43603	44	14.666667
44320	44084	3	1.000000
44320	44523	2	0.666667
44321	43906	2	0.006579
44321	44523	2	0.006579
44321	43567	1	0.003289
44321	44112	5	0.016447
44321	44433	1	0.003289
44321	43575	1	0.003289
44321	44281	3	0.009868
44322	44349	1	0.142857
44322	44199	1	0.142857
44323	43777	1	0.003215
44323	44011	1	0.003215
44323	43941	1	0.003215
44323	44166	1	0.003215
44323	43783	1	0.003215
44323	43784	312	1.003215
44323	44169	1	0.003215
44323	44523	2	0.006431
44323	43869	1	0.003215
44323	44462	323	1.038585
44323	44175	3	0.009646
44323	44056	1	0.003215
44323	44242	11	0.035370
44323	43699	11	0.035370
44323	43975	2	0.006431
44323	43641	3	0.009646
44323	43575	1	0.003215
44323	44473	10	0.032154
44323	44281	1	0.003215
44323	44509	2	0.006431
44323	44191	2	0.006431
44326	44032	1	0.041667
44326	44179	1	0.041667
44327	44632	9	0.035714
44327	43906	2	0.007937
44327	44242	9	0.035714
44327	44462	9	0.035714
44327	43806	18	0.071429
44328	44003	1	0.005319
44328	44127	3	0.015957
44328	43699	1	0.005319
44328	44084	193	1.026596
44328	44440	1	0.005319
44328	43929	1	0.005319
44328	44154	1	0.005319
44328	43995	578	3.074468
44328	43967	2	0.010638
44329	43561	3	1.000000
44330	44440	3	0.065217
44330	44626	20	0.434783
44330	44523	76	1.652174
44330	43906	1	0.021739
44331	44417	52	26.000000
44331	43586	2	1.000000
44331	44481	2	1.000000
44331	44332	2	1.000000
44331	44621	2	1.000000
44331	44242	2	1.000000
44331	43902	2	1.000000
44331	44542	2	1.000000
44331	44283	6	3.000000
44331	44478	2	1.000000
44332	44417	6	0.001050
44332	43906	1	0.000175
44332	43777	1	0.000175
44332	44433	10	0.001750
44332	44052	12	0.002100
44332	44311	1	0.000175
44332	44440	5	0.000875
44332	44317	1	0.000175
44332	44191	1	0.000175
44332	44452	1	0.000175
44332	43813	65	0.011374
44332	44454	3	0.000525
44332	43943	1	0.000175
44332	43816	1	0.000175
44332	44074	5	0.000875
44332	44462	1	0.000175
44332	43952	1	0.000175
44332	44081	3	0.000525
44332	43668	3	0.000525
44332	44339	1	0.000175
44332	44084	1	0.000175
44332	43573	2	0.000350
44332	43575	6	0.001050
44332	44089	7	0.001225
44332	43962	3	0.000525
44332	44477	1	0.000175
44332	44478	3	0.000525
44332	43586	6	0.001050
44332	44614	1	0.000175
44332	43724	1	0.000175
44332	44621	2	0.000350
44332	43855	7	0.001225
44332	44240	1	0.000175
44332	43730	1	0.000175
44332	43699	6	0.001050
44332	44281	3	0.000525
44332	43741	2	0.000350
44332	43941	1	0.000175
44332	43686	2	0.000350
44332	44006	7	0.001225
44332	44523	7	0.001225
44332	44242	2	0.000350
44332	44143	3	0.000525
44332	44272	1	0.000175
44332	44486	1	0.000175
44332	43641	4	0.000700
44332	44542	1	0.000175
44333	43864	324	81.000000
44334	43813	6	0.003083
44334	44519	3	0.001542
44334	44332	1	0.000514
44334	44236	12	0.006166
44334	44344	3	0.001542
44334	44440	48	0.024666
44334	43806	3	0.001542
44335	43777	30	0.384615
44335	44290	40	0.512821
44335	43813	5	0.064103
44335	44268	20	0.256410
44335	43929	30	0.384615
44335	44602	25	0.320513
44335	44477	5	0.064103
44336	43787	3	0.004992
44338	43776	3	0.005825
44338	43783	2	0.003883
44338	44052	1	0.001942
44338	44053	3	0.005825
44338	44440	1	0.001942
44338	43929	2	0.003883
44338	44191	3	0.005825
44338	44202	3	0.005825
44338	44462	1	0.001942
44338	43567	1	0.001942
44338	43699	4	0.007767
44338	44084	1	0.001942
44338	43575	5	0.009709
44338	44089	1	0.001942
44338	44348	2	0.003883
44338	43841	2	0.003883
44338	44242	40	0.077670
44338	43731	1	0.001942
44338	44127	12	0.023301
44338	44003	1	0.001942
44338	44523	3	0.005825
44338	44281	3	0.005825
44338	44330	1	0.001942
44339	43929	1	0.002488
44339	43567	5	0.012438
44339	44462	3	0.007463
44339	44127	1	0.002488
44340	43941	108	1.009346
44342	43777	1	0.001642
44342	44040	1	0.001642
44342	44053	1	0.001642
44342	44566	1	0.001642
44342	43934	3	0.004926
44342	43813	4	0.006568
44342	44454	1	0.001642
44342	43943	1	0.001642
44342	44332	1	0.001642
44342	44593	2	0.003284
44342	43575	3	0.004926
44342	44477	12	0.019704
44342	43587	1	0.001642
44342	44486	1	0.001642
44342	43724	1	0.001642
44342	44240	1	0.001642
44342	43741	1	0.001642
44342	43685	1	0.001642
44342	43814	1	0.001642
44342	44013	1	0.001642
44342	43771	2	0.003284
44342	44029	1	0.001642
44344	44547	3	0.002355
44344	44040	1	0.000785
44344	44041	4	0.003140
44344	44567	25	0.019623
44344	43547	1	0.000785
44344	44060	3	0.002355
44344	43549	2	0.001570
44344	43550	1	0.000785
44344	43561	5	0.003925
44344	44074	1	0.000785
44344	43567	8	0.006279
44344	44593	3	0.002355
44344	43570	2	0.001570
44344	44084	1274	1.000000
44344	44085	3	0.002355
44344	44089	3	0.002355
44344	43578	2	0.001570
44344	44127	179	0.140502
44344	44094	3	0.002355
44344	44615	2	0.001570
44344	44617	2	0.001570
44344	44109	3	0.002355
44344	44111	5	0.003925
44344	43605	1	0.000785
44344	44632	696	0.546311
44344	44122	3	0.002355
44344	44638	3	0.002355
44344	43615	3	0.002355
44344	43618	2	0.001570
44344	44134	3	0.002355
44344	44137	1	0.000785
44344	44138	3	0.002355
44344	44139	5	0.003925
44344	43629	154	0.120879
44344	44142	2	0.001570
44344	43633	2	0.001570
44344	43641	16	0.012559
44344	43645	3	0.002355
44344	44164	3	0.002355
44344	43655	2	0.001570
44344	44171	2	0.001570
44344	43662	2	0.001570
44344	44179	5	0.003925
44344	43668	1	0.000785
44344	44181	2	0.001570
44344	44187	5	0.003925
44344	43680	4	0.003140
44344	44193	3	0.002355
44344	44199	3	0.002355
44344	44201	5	0.003925
44344	44574	1	0.000785
44344	44221	4	0.003140
44344	43713	2	0.001570
44344	43714	2	0.001570
44344	44234	5	0.003925
44344	44236	3	0.002355
44344	43725	3	0.002355
44344	44241	5	0.003925
44344	44242	9	0.007064
44344	44247	4	0.003140
44344	43741	1	0.000785
44344	44255	5	0.003925
44344	44258	3	0.002355
44344	43985	3	0.002355
44344	44268	2	0.001570
44344	43757	3	0.002355
44344	44281	2	0.001570
44344	43771	2	0.001570
44344	43781	1	0.000785
44344	43805	2	0.001570
44344	43806	6	0.004710
44344	44321	2	0.001570
44344	43810	2	0.001570
44344	44325	1	0.000785
44344	43820	3	0.002355
44344	43824	3	0.002355
44344	44338	2	0.001570
44344	44339	3	0.002355
44344	44345	3	0.002355
44344	43839	1	0.000785
44344	43848	3	0.002355
44344	43850	4	0.003140
44344	44373	3	0.002355
44344	43864	3	0.002355
44344	43869	1	0.000785
44344	43872	2	0.001570
44344	44385	4	0.003140
44344	43884	5	0.003925
44344	43887	3	0.002355
44344	44401	2	0.001570
44344	44606	2	0.001570
44344	44407	2	0.001570
44344	44411	3	0.002355
44344	44417	3	0.002355
44344	43906	4	0.003140
44344	43907	3	0.002355
44344	44428	2	0.001570
44344	44433	4	0.003140
44344	43924	2	0.001570
44344	44437	3	0.002355
44344	44440	2	0.001570
44344	43932	3	0.002355
44344	43934	3	0.002355
44344	44450	2	0.001570
44344	44452	2	0.001570
44344	44453	4	0.003140
44344	43943	1	0.000785
44344	43947	3	0.002355
44344	44462	11	0.008634
44344	44464	1	0.000785
44344	43972	1	0.000785
44344	43681	1	0.000785
44344	43976	1	0.000785
44344	44491	1	0.000785
44344	43982	5	0.003925
44344	44497	3	0.002355
44344	43986	3	0.002355
44344	44505	2	0.001570
44344	43995	3	0.002355
44344	44508	1	0.000785
44344	44513	3	0.002355
44344	44006	2	0.001570
44344	44519	3	0.002355
44344	44523	21	0.016484
44344	44526	2	0.001570
44344	44015	5	0.003925
44344	44532	3	0.002355
44345	43907	1	0.004425
44345	44550	2	0.008850
44345	44297	4	0.017699
44345	43660	2	0.008850
44345	44433	3	0.013274
44345	44434	2	0.008850
44345	43540	1	0.004425
44345	44309	3	0.013274
44345	44440	1	0.004425
44345	43673	1	0.004425
44345	43806	8	0.035398
44345	44191	3	0.013274
44345	44199	2	0.008850
44345	44330	1	0.004425
44345	44462	1	0.004425
44345	43567	4	0.017699
44345	44082	4	0.017699
44345	43699	6	0.026549
44345	44596	1	0.004425
44345	44473	33	0.146018
44345	43708	3	0.013274
44345	43965	2	0.008850
44345	43975	1	0.004425
44345	44003	1	0.004425
44345	44244	2	0.008850
44345	43641	1	0.004425
44345	44632	1	0.004425
44345	43619	3	0.013274
44345	43537	3	0.013274
44345	44266	3	0.013274
44345	44407	2	0.008850
44345	44280	2	0.008850
44345	44281	15	0.066372
44345	44026	2	0.008850
44345	44413	3	0.013274
44345	44159	3	0.013274
44347	44440	4	0.500000
44348	43776	138	1.000000
44348	44338	276	2.000000
44348	44523	2	0.014493
44348	44202	138	1.000000
44349	44443	1	0.003891
44349	43975	1	0.003891
44349	44169	1	0.003891
44349	44015	7	0.027237
44349	44242	3	0.011673
44349	44344	1	0.003891
44349	44281	1	0.003891
44349	43567	1	0.003891
44349	43965	1	0.003891
44349	43806	3	0.011673
44349	43839	6	0.023346
44350	43619	135	0.957447
44350	44523	7	0.049645
44350	43660	1	0.007092
44350	44082	1	0.007092
44350	44242	1	0.007092
44350	44309	1	0.007092
44350	44089	1	0.007092
44350	44440	5	0.035461
44350	44345	1	0.007092
44350	43708	1	0.007092
44350	44413	1	0.007092
44351	43804	3	0.002933
44351	44492	7	0.006843
44351	43910	1	0.000978
44352	43561	2	0.005450
44352	44599	1	0.002725
44352	44172	1	0.002725
44352	43975	2	0.005450
44355	43777	1	0.003817
44355	44547	1	0.003817
44355	43783	1	0.003817
44355	44440	5	0.019084
44355	44445	3	0.011450
44355	43806	2	0.007634
44355	43567	2	0.007634
44355	44465	8	0.030534
44355	44467	2	0.007634
44355	44084	1	0.003817
44355	44599	4	0.015267
44355	44344	3	0.011450
44355	44089	2	0.007634
44355	44476	1	0.003817
44355	43967	12	0.045802
44355	44242	6	0.022901
44355	43603	8	0.030534
44355	43605	1	0.003817
44355	44281	9	0.034351
44355	44632	2	0.007634
44355	44127	1	0.003817
44355	44523	8	0.030534
44355	43629	1	0.003817
44355	44142	1	0.003817
44355	44530	2	0.007634
44355	43641	1272	4.854962
44360	43864	5	0.023810
44360	44356	1	0.004762
44360	44613	1	0.004762
44360	44422	1	0.004762
44361	44523	6	0.056075
44361	44632	1	0.009346
44361	44242	3	0.028037
44361	43699	1	0.009346
44361	44344	124	1.158879
44361	44089	2	0.018692
44361	43806	3	0.028037
44362	44440	2	0.001400
44362	44523	8	0.005598
44362	43685	2	0.001400
44362	44454	9	0.006298
44362	43575	7	0.004899
44363	43567	1	0.002801
44363	44491	5	0.014006
44363	44462	1	0.002801
44363	44599	2	0.005602
44367	43922	2	0.048780
44367	43795	1	0.024390
44367	43699	4	0.097561
44367	44599	1	0.024390
44367	44440	1	0.024390
44367	43929	1	0.024390
44367	44059	1	0.024390
44370	43929	1	0.014493
44370	44589	1	0.014493
44370	43967	1	0.014493
44371	44242	1	0.006849
44371	43547	1	0.006849
44371	43806	1	0.006849
44372	44523	1	0.023810
44372	44453	4	0.095238
44372	44599	1	0.023810
44373	43616	7	0.016867
44373	44484	3	0.007229
44373	43975	1	0.002410
44373	44462	2	0.004819
44373	43567	2	0.004819
44373	43857	662	1.595181
44373	44627	1	0.002410
44373	43990	1	0.002410
44373	44407	3	0.007229
44373	43806	1	0.002410
44375	43639	3	0.250000
44376	44040	4	0.009029
44376	44111	4	0.009029
44377	44407	1	0.014286
44377	44389	1	0.014286
44377	43624	2	0.028571
44377	43607	1	0.014286
44377	44111	11	0.157143
44377	44040	2	0.028571
44377	44052	1	0.014286
44377	44599	2	0.028571
44378	43965	2	0.117647
44381	44064	3	0.009063
44381	43685	2	0.006042
44381	44523	11	0.033233
44381	44013	2	0.006042
44381	44110	2	0.006042
44381	43567	2	0.006042
44381	43580	5	0.015106
44383	43641	1	0.040000
44383	43806	8	0.320000
44383	44519	1	0.040000
44385	43882	2	0.002047
44385	44523	4	0.004094
44385	44433	2	0.002047
44385	44533	4	0.004094
44385	44599	20	0.020471
44385	44059	633	0.647902
44385	44126	2	0.002047
44386	44440	5	0.108696
44388	44266	13	0.206349
44389	44440	4	0.137931
44389	43967	2	0.068966
44392	44312	1	0.022727
44392	44060	2	0.045455
44392	44229	1	0.022727
44392	43806	1	0.022727
44393	44276	4	0.065574
44393	44268	5	0.081967
44394	43947	1	0.111111
44395	44161	2	0.004464
44395	43730	6	0.013393
44395	43941	4	0.008929
44395	44462	22	0.049107
44396	44523	2	0.055556
44396	44110	1	0.027778
44397	44440	81	0.173077
44397	43737	11	0.023504
44397	44013	3	0.006410
44400	44131	1	0.011765
44401	44416	1	0.000855
44401	44161	30	0.025663
44401	43906	3	0.002566
44401	43783	2	0.001711
44401	43693	1	0.000855
44401	44433	3	0.002566
44401	44562	1	0.000855
44401	44563	2	0.001711
44401	43540	2	0.001711
44401	43806	3	0.002566
44401	43673	3	0.002566
44401	44059	2	0.001711
44401	44446	45	0.038494
44401	44191	12	0.010265
44401	44577	17	0.014542
44401	44196	2	0.001711
44401	44199	1	0.000855
44401	44586	18	0.015398
44401	44205	20	0.017109
44401	44462	9	0.007699
44401	43567	4	0.003422
44401	44593	1	0.000855
44401	43699	5	0.004277
44401	43934	1	0.000855
44401	44599	2	0.001711
44401	44089	10	0.008554
44401	43965	13	0.011121
44401	44612	12	0.010265
44401	43846	19	0.016253
44401	43975	2	0.001711
44401	43575	1	0.000855
44401	44491	3	0.002566
44401	43600	1174	1.004277
44401	44473	13	0.011121
44401	44242	2	0.001711
44401	43603	6	0.005133
44401	44244	1	0.000855
44401	44465	3	0.002566
44401	43990	2	0.001711
44401	44281	6	0.005133
44401	43608	18	0.015398
44401	44255	1	0.000855
44401	44130	19	0.016253
44401	44003	1	0.000855
44401	44006	2	0.001711
44401	44523	10	0.008554
44401	43629	1	0.000855
44401	44407	1	0.000855
44401	43641	49	0.041916
44403	43783	1	0.000358
44403	44169	4	0.001431
44403	44428	1	0.000358
44403	43917	10	0.003577
44403	43885	1	0.000358
44403	44433	2	0.000715
44403	43540	1	0.000358
44403	44312	1	0.000358
44403	44188	1	0.000358
44403	44345	1	0.000358
44403	44446	1	0.000358
44403	44191	12	0.004292
44403	44066	1	0.000358
44403	44537	1	0.000358
44403	44453	2	0.000715
44403	44199	4	0.001431
44403	44200	15	0.005365
44403	44060	2	0.000715
44403	44597	1	0.000358
44403	44462	7	0.002504
44403	43567	6	0.002146
44403	44465	3	0.001073
44403	44082	3	0.001073
44403	43699	1	0.000358
44403	44596	13	0.004649
44403	43806	2	0.000715
44403	43575	1	0.000358
44403	44473	1	0.000358
44403	43708	1	0.000358
44403	43965	11	0.003934
44403	43967	1	0.000358
44403	44096	1	0.000358
44403	44619	1	0.000358
44403	44228	4	0.001431
44403	43975	1	0.000358
44403	44236	2	0.000715
44403	44599	1	0.000358
44403	43724	2	0.000715
44403	43597	3	0.001073
44403	44519	2	0.000715
44403	44242	8	0.002861
44403	43731	6	0.002146
44403	43989	1	0.000358
44403	43990	3	0.001073
44403	43641	24	0.008584
44403	44632	3	0.001073
44403	44507	13	0.004649
44403	43869	4	0.001431
44403	43623	3	0.001073
44403	44523	15	0.005365
44403	44269	6	0.002146
44403	43603	2	0.000715
44403	44280	1	0.000358
44403	44281	2	0.000715
44403	44413	1	0.000358
44403	44084	4	0.001431
44404	43777	13	0.031785
44404	43941	1	0.002445
44404	43686	9	0.022005
44404	44462	70	0.171149
44404	43567	9	0.022005
44404	44052	2	0.004890
44404	44014	2	0.004890
44404	43959	8	0.019560
44404	43676	1	0.002445
44404	43965	1	0.002445
44404	43838	1	0.002445
44405	44385	2	0.047619
44405	43882	131	3.119048
44405	43567	1	0.023810
44405	43985	1	0.023810
44405	43641	1	0.023810
44405	43929	4	0.095238
44405	43850	4	0.095238
44405	44638	4	0.095238
44405	43967	1	0.023810
44406	44416	1	0.003175
44406	44547	10	0.031746
44406	44519	1	0.003175
44406	44535	3	0.009524
44406	43567	1	0.003175
44406	43696	1	0.003175
44406	43922	1	0.003175
44406	44599	1	0.003175
44406	43929	1	0.003175
44406	44410	1	0.003175
44406	43967	1	0.003175
44407	43906	7	0.004326
44407	43907	1	0.000618
44407	44164	1	0.000618
44407	43783	1	0.000618
44407	44041	1	0.000618
44407	44171	1	0.000618
44407	43978	5	0.003090
44407	44248	1	0.000618
44407	44496	1	0.000618
44407	44563	91	0.056242
44407	44052	1	0.000618
44407	44437	1	0.000618
44407	43673	18	0.011125
44407	43806	2	0.001236
44407	44139	1	0.000618
44407	44187	1	0.000618
44407	43932	1	0.000618
44407	43934	1	0.000618
44407	44321	1	0.000618
44407	43938	1	0.000618
44407	44453	1	0.000618
44407	43699	3	0.001854
44407	44199	1	0.000618
44407	43561	1	0.000618
44407	43947	1	0.000618
44407	43820	1	0.000618
44407	44060	1	0.000618
44407	43567	2	0.001236
44407	43824	1	0.000618
44407	44593	1	0.000618
44407	43570	1	0.000618
44407	44339	1	0.000618
44407	44084	72	0.044499
44407	44085	1	0.000618
44407	44342	1	0.000618
44407	44599	10	0.006180
44407	43941	1	0.000618
44407	43965	2	0.001236
44407	44255	1	0.000618
44407	44221	1	0.000618
44407	44094	1	0.000618
44407	43840	1	0.000618
44407	43714	1	0.000618
44407	44491	73	0.045117
44407	43975	14	0.008653
44407	43848	1	0.000618
44407	44617	1	0.000618
44407	44106	1	0.000618
44407	43575	12	0.007417
44407	43725	1	0.000618
44407	44110	1	0.000618
44407	44111	1	0.000618
44407	44547	1	0.000618
44407	44241	1	0.000618
44407	44643	3	0.001854
44407	44244	17	0.010507
44407	44373	1	0.000618
44407	43990	3	0.001854
44407	43864	1	0.000618
44407	44505	1	0.000618
44407	43869	1	0.000618
44407	44511	1	0.000618
44407	44385	1	0.000618
44407	44258	1	0.000618
44407	43887	1	0.000618
44407	44454	1	0.000618
44407	44006	4	0.002472
44407	43985	1	0.000618
44407	44081	1	0.000618
44407	43879	1	0.000618
44407	44523	39	0.024104
44407	43757	1	0.000618
44407	44015	1	0.000618
44407	44433	12	0.007417
44407	44401	3	0.001854
44407	44146	2	0.001236
44407	44403	1	0.000618
44407	43641	1	0.000618
44407	43771	1	0.000618
44407	44297	1	0.000618
44407	44053	1	0.000618
44408	44440	4	0.114286
44410	43806	1	0.017857
44411	43800	1	0.008929
44411	44191	10	0.089286
44412	44632	2	0.002849
44412	43547	2	0.002849
44412	44462	13	0.018519
44414	44547	1	0.001515
44414	44041	1	0.001515
44414	44563	2	0.003030
44414	43540	2	0.003030
44414	44567	4	0.006061
44414	44569	2	0.003030
44414	44059	41	0.062121
44414	43549	1	0.001515
44414	44477	10	0.015152
44414	43567	7	0.010606
44414	44084	4	0.006061
44414	44599	78689	119.225758
44414	44089	35	0.053030
44414	44094	1	0.001515
44414	43589	1	0.001515
44414	44615	2	0.003030
44414	43597	2	0.003030
44414	44112	1	0.001515
44414	43603	1	0.001515
44414	43606	1	0.001515
44414	44632	2	0.003030
44414	44638	1	0.001515
44414	44127	48	0.072727
44414	43616	1	0.001515
44414	44134	1	0.001515
44414	44143	6	0.009091
44414	43633	1	0.001515
44414	44052	39	0.059091
44414	43652	145	0.219697
44414	43655	1	0.001515
44414	43656	1	0.001515
44414	44169	1	0.001515
44414	43662	1	0.001515
44414	43663	1	0.001515
44414	43668	2	0.003030
44414	44181	1	0.001515
44414	43686	39	0.059091
44414	43699	5	0.007576
44414	43727	1	0.001515
44414	44242	10	0.015152
44414	43641	10	0.015152
44414	43737	60	0.090909
44414	43741	3	0.004545
44414	43744	1	0.001515
44414	44258	1	0.001515
44414	43757	1	0.001515
44414	43758	1	0.001515
44414	44273	1	0.001515
44414	44278	2	0.003030
44414	44281	4	0.006061
44414	43777	3	0.004545
44414	43795	39	0.059091
44414	44317	105	0.159091
44414	43806	2	0.003030
44414	44321	1	0.001515
44414	43813	3	0.004545
44414	44332	2	0.003030
44414	44339	1	0.001515
44414	44344	6	0.009091
44414	43840	14	0.021212
44414	43847	1	0.001515
44414	43850	1	0.001515
44414	44385	1	0.001515
44414	43879	1	0.001515
44414	44403	1	0.001515
44414	44407	109	0.165152
44414	44416	1	0.001515
44414	43906	9	0.013636
44414	44433	10	0.015152
44414	44436	10	0.015152
44414	43929	1	0.001515
44414	44613	1	0.001515
44414	43942	2	0.003030
44414	44466	1	0.001515
44414	43959	2	0.003030
44414	43965	4	0.006061
44414	43967	4	0.006061
44414	44486	1	0.001515
44414	44488	39	0.059091
44414	44564	2	0.003030
44414	44496	1	0.001515
44414	43999	1	0.001515
44414	44513	1	0.001515
44414	44006	106	0.160606
44414	44519	3	0.004545
44414	44523	58	0.087879
44414	44524	4	0.006061
44414	44532	1	0.001515
44414	44540	1	0.001515
44414	44029	1	0.001515
44415	44138	7	0.028689
44416	44281	1	0.008929
44416	44547	10	0.089286
44417	44481	787	1.000000
44417	43586	787	1.000000
44417	44331	789	1.002541
44417	44332	790	1.003812
44417	44621	787	1.000000
44417	44462	1	0.001271
44417	44242	788	1.001271
44417	43902	787	1.000000
44417	44542	787	1.000000
44417	44283	2367	3.007624
44417	44317	1	0.001271
44417	44478	787	1.000000
44418	44033	1	0.000632
44418	44037	1	0.000632
44418	44567	1	0.000632
44418	44056	1	0.000632
44418	44569	6	0.003793
44418	44059	141	0.089128
44418	43567	7	0.004425
44418	43571	1	0.000632
44418	43572	1	0.000632
44418	43575	4	0.002528
44418	44089	6	0.003793
44418	43591	1	0.000632
44418	44106	1	0.000632
44418	43597	2270	1.434893
44418	44112	1	0.000632
44418	44127	6	0.003793
44418	44643	1	0.000632
44418	44132	1	0.000632
44418	43635	1	0.000632
44418	44297	7	0.004425
44418	43646	149	0.094185
44418	44161	1	0.000632
44418	44169	5	0.003161
44418	44173	1	0.000632
44418	44175	1	0.000632
44418	44192	1	0.000632
44418	43686	146	0.092288
44418	44199	994	0.628319
44418	44206	1	0.000632
44418	43697	1	0.000632
44418	43698	1	0.000632
44418	43699	1	0.000632
44418	44241	1	0.000632
44418	44244	4	0.002528
44418	44248	2	0.001264
44418	43741	1	0.000632
44418	44255	2	0.001264
44418	43746	2	0.001264
44418	43687	1	0.000632
44418	43759	1	0.000632
44418	44273	1	0.000632
44418	43772	1	0.000632
44418	43777	38	0.024020
44418	44502	1	0.000632
44418	43820	1	0.000632
44418	44306	1	0.000632
44418	43795	1	0.000632
44418	43806	1	0.000632
44418	44321	1	0.000632
44418	43814	1	0.000632
44418	44332	1	0.000632
44418	43824	1	0.000632
44418	43825	1	0.000632
44418	43828	3	0.001896
44418	44342	1	0.000632
44418	44344	3	0.001896
44418	44084	1	0.000632
44418	43838	1	0.000632
44418	43850	1	0.000632
44418	44363	1	0.000632
44418	44364	1	0.000632
44418	44373	1	0.000632
44418	43869	1583	1.000632
44418	44385	1	0.000632
44418	44395	1	0.000632
44418	44403	1	0.000632
44418	44404	1	0.000632
44418	44407	19	0.012010
44418	44417	2	0.001264
44418	43906	1	0.000632
44418	44011	1	0.000632
44418	44421	3	0.001896
44418	44427	308	0.194690
44418	44433	10	0.006321
44418	44436	1	0.000632
44418	44438	1	0.000632
44418	43932	1	0.000632
44418	44446	2	0.001264
44418	44447	1	0.000632
44418	43937	8	0.005057
44418	43941	203	0.128319
44418	44454	2	0.001264
44418	44462	141	0.089128
44418	44464	1	0.000632
44418	43959	1	0.000632
44418	44473	13	0.008217
44418	43965	588	0.371681
44418	43975	1352	0.854614
44418	44488	149	0.094185
44418	44491	1	0.000632
44418	44496	1	0.000632
44418	44497	2	0.001264
44418	43990	966	0.610619
44418	44511	2	0.001264
44418	44513	1	0.000632
44418	44003	6	0.003793
44418	44006	12	0.007585
44418	44599	25	0.015803
44418	44523	48	0.030341
44418	44014	3	0.001896
44418	44542	1	0.000632
44419	44440	16	0.087912
44419	44588	20	0.109890
44422	44454	1	0.004082
44422	44519	1	0.004082
44422	44433	3	0.012245
44422	44278	1	0.004082
44422	44440	179	0.730612
44422	44446	1	0.004082
44422	44255	5	0.020408
44423	43777	1	0.038462
44423	43879	1	0.038462
44423	44523	4	0.153846
44423	44332	1	0.038462
44423	43699	1	0.038462
44423	44599	1	0.038462
44423	44089	1	0.038462
44424	43778	31	0.017241
44424	43619	8	0.004449
44424	43625	2	0.001112
44424	44330	3	0.001669
44424	43693	9	0.005006
44424	43731	8	0.004449
44424	44440	25	0.013904
44425	44440	2	0.023256
44427	43937	4	0.125000
44427	43906	1	0.031250
44427	44452	1	0.031250
44427	43567	1	0.031250
44427	44152	1	0.031250
44427	44242	1	0.031250
44427	44084	2	0.062500
44427	44446	2	0.062500
44427	44632	1	0.031250
44427	44089	2	0.062500
44427	44127	1	0.031250
44427	43806	4	0.125000
44427	43967	1	0.031250
44428	43777	1	0.000162
44428	43906	1	0.000162
44428	44417	1	0.000162
44428	43656	1	0.000162
44428	44433	1	0.000162
44428	43922	3	0.000486
44428	43929	1	0.000162
44428	44191	1	0.000162
44428	44462	2	0.000324
44428	43567	4	0.000648
44428	43699	7	0.001135
44428	44089	1	0.000162
44428	43967	1	0.000162
44428	44615	1	0.000162
44428	44617	3	0.000486
44428	44242	2	0.000324
44428	43731	1	0.000162
44428	44281	3	0.000486
44428	44632	1	0.000162
44428	44508	1	0.000162
44428	44006	5	0.000811
44428	44521	1	0.000162
44428	44523	5	0.000811
44428	43641	1	0.000162
44429	43795	2	0.007194
44429	44062	2	0.007194
44430	44128	1	0.023256
44430	44295	3	0.069767
44430	43724	1	0.023256
44430	44242	1	0.023256
44430	44469	1	0.023256
44430	44599	1	0.023256
44430	43806	1	0.023256
44431	43848	1	0.090909
44431	44146	1	0.090909
44432	44560	1	0.002941
44432	44040	1	0.002941
44432	44386	1	0.002941
44432	44523	1	0.002941
44432	44062	1	0.002941
44433	43937	3	0.010274
44433	43906	1	0.003425
44433	44006	1	0.003425
44433	43974	1	0.003425
44433	44199	1	0.003425
44433	44567	1	0.003425
44433	44523	124	0.424658
44433	43975	1	0.003425
44433	44599	2	0.006849
44433	44281	3	0.010274
44433	43869	1	0.003425
44435	43929	1	0.014706
44435	44589	1	0.014706
44435	43967	1	0.014706
44436	43777	1	0.066667
44436	44006	6	0.400000
44436	44040	1	0.066667
44436	44599	19	1.266667
44436	43575	2	0.133333
44436	44332	1	0.066667
44436	44013	1	0.066667
44436	44433	4	0.266667
44436	43699	6	0.400000
44436	44053	1	0.066667
44436	44407	1	0.066667
44436	43741	1	0.066667
44437	44064	1	0.004902
44437	43906	1	0.004902
44437	43779	3	0.014706
44437	43752	1	0.004902
44437	44523	1	0.004902
44437	44110	207	1.014706
44437	43729	2	0.009804
44437	44466	1	0.004902
44437	43603	1	0.004902
44437	43540	1	0.004902
44437	44215	1	0.004902
44437	43641	1	0.004902
44437	43707	1	0.004902
44437	44191	61	0.299020
44438	44192	1	0.010417
44438	44037	1	0.010417
44438	43686	1	0.010417
44438	44519	1	0.010417
44438	44487	1	0.010417
44438	43759	1	0.010417
44438	44433	1	0.010417
44438	44439	1	0.010417
44438	43806	1	0.010417
44439	44037	1	0.010870
44439	43686	1	0.010870
44439	44460	1	0.010870
44439	43759	1	0.010870
44439	44272	1	0.010870
44439	44438	1	0.010870
44440	44040	4	0.001838
44440	44555	4	0.001838
44440	44558	4	0.001838
44440	44564	1	0.000460
44440	44053	2	0.000919
44440	44566	3	0.001379
44440	43546	4	0.001838
44440	44073	4	0.001838
44440	44077	4	0.001838
44440	43567	3	0.001379
44440	44084	4	0.001838
44440	43575	3	0.001379
44440	44089	3	0.001379
44440	44099	4	0.001838
44440	44615	1	0.000460
44440	44618	4	0.001838
44440	43600	4	0.001838
44440	44121	4	0.001838
44440	43611	4	0.001838
44440	44127	2	0.000919
44440	44131	4	0.001838
44440	43629	1	0.000460
44440	44143	1	0.000460
44440	43641	4	0.001838
44440	43646	2	0.000919
44440	43664	4	0.001838
44440	43681	2	0.000919
44440	43684	4	0.001838
44440	43685	5	0.002298
44440	43686	1	0.000460
44440	44199	1	0.000460
44440	43693	1	0.000460
44440	43699	5	0.002298
44440	44215	4	0.001838
44440	43718	2	0.000919
44440	43724	1	0.000460
44440	44240	3	0.001379
44440	44246	4	0.001838
44440	44252	4	0.001838
44440	43741	4	0.001838
44440	43760	4	0.001838
44440	43763	1	0.000460
44440	44278	2	0.000919
44440	43777	14	0.006434
44440	43782	4	0.001838
44440	43784	1	0.000460
44440	43790	4	0.001838
44440	43795	1	0.000460
44440	44308	4	0.001838
44440	43801	4	0.001838
44440	44314	5	0.002298
44440	43804	4	0.001838
44440	43811	4	0.001838
44440	43813	5	0.002298
44440	43814	2	0.000919
44440	43816	2	0.000919
44440	44330	2	0.000919
44440	44332	6	0.002757
44440	43821	4	0.001838
44440	43835	4	0.001838
44440	44362	4	0.001838
44440	43852	4	0.001838
44440	44367	4	0.001838
44440	44384	4	0.001838
44440	43906	10	0.004596
44440	44425	4	0.001838
44440	43915	4	0.001838
44440	43924	7	0.003217
44440	43929	2	0.000919
44440	44441	4	0.001838
44440	44454	1	0.000460
44440	43944	4	0.001838
44440	44462	2	0.000919
44440	44474	4	0.001838
44440	44477	5	0.002298
44440	44478	2	0.000919
44440	44486	1	0.000460
44440	44488	1	0.000460
44440	44492	4	0.001838
44440	43984	3	0.001379
44440	43991	4	0.001838
44440	44519	5	0.002298
44440	44523	16	0.007353
44440	44013	2	0.000919
44440	44018	4	0.001838
44440	44030	4	0.001838
44441	44440	7	0.175000
44443	44015	3	0.076923
44444	44545	4	2.000000
44446	44169	3	0.001833
44446	44433	2	0.001222
44446	43922	3	0.001833
44446	43673	1	0.000611
44446	43929	2	0.001222
44446	43806	4	0.002443
44446	44577	1	0.000611
44446	44205	1	0.000611
44446	44462	583	0.356139
44446	43567	14	0.008552
44446	44465	7	0.004276
44446	43573	3	0.001833
44446	43575	16	0.009774
44446	44344	1	0.000611
44446	44089	2	0.001222
44446	43965	1	0.000611
44446	44612	1	0.000611
44446	43975	5	0.003054
44446	44491	6	0.003665
44446	43597	3	0.001833
44446	43600	10	0.006109
44446	44626	3	0.001833
44446	43990	7	0.004276
44446	44281	1	0.000611
44446	43608	1	0.000611
44446	44130	1	0.000611
44446	44006	3	0.001833
44446	44519	2	0.001222
44446	44599	3	0.001833
44446	44523	10	0.006109
44446	44401	53	0.032376
44446	43641	1	0.000611
44447	43941	2	0.027778
44448	43906	3	0.010563
44448	44169	1	0.003521
44448	44433	3	0.010563
44448	43668	1	0.003521
44448	44312	1	0.003521
44448	43806	5	0.017606
44448	44454	3	0.010563
44448	44199	1	0.003521
44448	44462	4	0.014085
44448	43567	4	0.014085
44448	44084	9	0.031690
44448	44599	845	2.975352
44448	44344	9	0.031690
44448	43965	5	0.017606
44448	43589	5	0.017606
44448	44486	2	0.007042
44448	43975	3	0.010563
44448	44491	841	2.961268
44448	43597	8	0.028169
44448	44109	914	3.218310
44448	44242	22	0.077465
44448	44244	1	0.003521
44448	43641	3	0.010563
44448	44632	6	0.021127
44448	43869	2	0.007042
44448	44642	15	0.052817
44448	44006	1	0.003521
44448	44519	1	0.003521
44448	44523	11	0.038732
44448	44477	3	0.010563
44448	44407	11	0.038732
44448	44281	27	0.095070
44448	44285	3	0.010563
44450	43650	1	0.007576
44450	44053	3	0.022727
44450	43806	2	0.015152
44450	44191	8	0.060606
44450	43553	1	0.007576
44450	43682	5	0.037879
44450	43686	1	0.007576
44450	44462	2	0.015152
44450	43575	7	0.053030
44450	44488	1	0.007576
44450	43831	4	0.030303
44450	43810	4	0.030303
44450	44497	1	0.007576
44450	44242	3	0.022727
44450	44115	1	0.007576
44450	44281	1	0.007576
44450	43613	1	0.007576
44450	44519	2	0.015152
44450	44523	2	0.015152
44450	44524	1	0.007576
44450	43603	2	0.015152
44450	44407	9	0.068182
44450	43641	3	0.022727
44450	43646	1	0.007576
44451	44236	3377	64.942308
44452	44523	1	0.008130
44452	44519	2	0.016260
44452	43943	1	0.008130
44452	44084	31	0.252033
44452	43641	2	0.016260
44452	44089	4	0.032520
44452	43995	1	0.008130
44452	44127	3	0.024390
44453	44516	3	0.003979
44453	43781	1	0.001326
44453	44486	1	0.001326
44453	43783	3	0.003979
44453	43575	1	0.001326
44453	44523	4	0.005305
44453	43724	1	0.001326
44453	43540	4	0.005305
44453	43567	8	0.010610
44453	44242	8	0.010610
44453	44244	1	0.001326
44453	43989	1	0.001326
44453	44601	2	0.002653
44453	43641	12	0.015915
44453	44059	4	0.005305
44453	43741	1	0.001326
44453	44191	4	0.005305
44454	43584	2	0.006173
44454	44129	9	0.027778
44454	43813	9	0.027778
44454	43814	1	0.003086
44454	43575	1	0.003086
44454	44255	36	0.111111
44455	43929	1	0.014706
44455	44589	1	0.014706
44455	43967	1	0.014706
44456	44349	1	0.028571
44456	44206	1	0.028571
44456	44486	1	0.028571
44456	43839	1	0.028571
44458	43813	1	0.000646
44458	44486	4	0.002582
44458	44519	1	0.000646
44458	44110	2	0.001291
44458	44433	1	0.000646
44458	43603	1	0.000646
44458	44440	17	0.010975
44458	43641	1	0.000646
44460	43929	1	0.012500
44462	44161	2	0.003643
44462	44171	1	0.001821
44462	44428	1	0.001821
44462	43757	1	0.001821
44462	44433	2	0.003643
44462	43795	2	0.003643
44462	44317	12	0.021858
44462	44446	6	0.010929
44462	43937	4	0.007286
44462	44452	1	0.001821
44462	43941	1	0.001821
44462	43565	2	0.003643
44462	43567	4	0.007286
44462	44339	1	0.001821
44462	44084	9	0.016393
44462	44085	1	0.001821
44462	44599	1	0.001821
44462	43965	3	0.005464
44462	43584	3	0.005464
44462	44325	2	0.003643
44462	43975	2	0.003643
44462	43959	2	0.003643
44462	43729	2	0.003643
44462	44242	1	0.001821
44462	44281	1373	2.500911
44462	44248	1	0.001821
44462	43995	2	0.003643
44462	43869	1	0.001821
44462	44127	7	0.012750
44462	44003	1	0.001821
44462	44134	4	0.007286
44462	43879	11	0.020036
44462	44241	1	0.001821
44462	44523	7	0.012750
44462	43629	1	0.001821
44462	43633	3	0.005464
44462	44403	1	0.001821
44462	43641	3	0.005464
44462	43772	2	0.003643
44462	43646	1	0.001821
44464	43814	1	0.012821
44464	44241	5	0.064103
44464	44519	2	0.025641
44464	44173	49	0.628205
44464	44462	1	0.012821
44464	44273	5	0.064103
44464	43603	1	0.012821
44464	44244	4	0.051282
44464	44191	5	0.064103
44465	43641	1	0.004902
44465	43603	1	0.004902
44465	44445	2	0.009804
44465	44599	2	0.009804
44466	44064	253	0.729107
44466	43752	1	0.002882
44466	44437	3	0.008646
44466	43806	3	0.008646
44467	43641	5	0.024038
44467	44523	3	0.014423
44467	44454	1	0.004808
44467	44567	2	0.009615
44468	44128	1	0.032258
44468	44632	1	0.032258
44468	44469	1	0.032258
44468	44430	1	0.032258
44468	44599	1	0.032258
44469	44128	2	0.074074
44469	44468	1	0.037037
44469	44006	4	0.148148
44469	44295	4	0.148148
44469	43769	1	0.037037
44469	44116	1	0.037037
44469	44084	1	0.037037
44469	44599	2	0.074074
44469	44089	2	0.074074
44472	43920	1	0.090909
44472	43645	4	0.363636
44473	43941	1	0.018519
44473	43783	2	0.037037
44473	44523	14	0.259259
44473	43567	2	0.037037
44473	44530	57	1.055556
44473	43540	2	0.037037
44473	43975	8	0.148148
44473	43641	610	11.296296
44473	43869	4	0.074074
44473	43967	1	0.018519
44474	44440	2	0.068966
44474	43741	1	0.034483
44475	43588	392	2.347305
44475	44191	33	0.197605
44477	44512	1	0.000658
44477	44256	2	0.001317
44477	43753	2	0.001317
44477	43776	3	0.001975
44477	43813	3	0.001975
44477	43558	2	0.001317
44477	44295	1	0.000658
44477	44599	3	0.001975
44477	44225	2	0.001317
44477	43840	1	0.000658
44477	44047	1	0.000658
44477	44146	2	0.001317
44477	44574	1	0.000658
44477	44342	1	0.000658
44477	44567	1	0.000658
44477	43575	1	0.000658
44477	43961	3	0.001975
44477	43551	2	0.001317
44477	43972	1	0.000658
44477	43710	1	0.000658
44477	43839	2	0.001317
44478	44440	82	0.410000
44478	44417	1	0.005000
44478	44332	2	0.010000
44478	44621	2	0.010000
44479	43920	3	0.007042
44479	44242	1	0.002347
44479	43645	1	0.002347
44479	43806	1	0.002347
44481	44417	7	0.010340
44481	43586	1	0.001477
44481	43686	3	0.004431
44481	44169	1	0.001477
44481	44523	5	0.007386
44481	44332	3	0.004431
44481	44462	2	0.002954
44481	43567	1	0.001477
44481	43795	3	0.004431
44481	44542	1	0.001477
44481	43965	3	0.004431
44481	43902	1	0.001477
44482	43938	1	0.002740
44482	44519	1	0.002740
44482	44138	3	0.008219
44482	43906	1	0.002740
44482	44142	1	0.002740
44482	43567	3	0.008219
44482	44403	1	0.002740
44482	43806	1	0.002740
44484	43649	5	0.005291
44484	43906	5	0.005291
44484	43813	1	0.001058
44484	43943	1	0.001058
44484	44519	1	0.001058
44484	44477	12	0.012698
44484	43857	1	0.001058
44484	43603	2	0.002116
44484	44564	1	0.001058
44484	43925	1	0.001058
44484	43575	1	0.001058
44484	43641	2	0.002116
44484	43741	1	0.001058
44484	43806	1	0.001058
44485	44440	11	0.647059
44487	44460	46	1.210526
44489	44599	3	0.006098
44489	44462	3	0.006098
44489	44084	492	1.000000
44489	44567	1542	3.134146
44489	44344	492	1.000000
44489	43641	492	1.000000
44489	43967	492	1.000000
44490	43795	1	0.100000
44490	43971	1	0.100000
44491	44344	1	0.001650
44491	43699	4	0.006601
44491	44523	4	0.006601
44492	43777	1	0.000413
44492	44036	1	0.000413
44492	44454	2	0.000825
44492	43910	1	0.000413
44492	44486	1	0.000413
44492	44332	1	0.000413
44492	43575	1	0.000413
44492	43724	1	0.000413
44492	43600	7	0.002888
44492	43685	1	0.000413
44492	43781	1	0.000413
44492	44040	1	0.000413
44492	44567	1	0.000413
44492	44440	6	0.002475
44492	43804	5	0.002063
44492	43741	1	0.000413
44492	44351	2	0.000825
44494	43906	3	0.003663
44494	44168	5	0.006105
44494	44433	3	0.003663
44494	44564	1	0.001221
44494	44440	3	0.003663
44494	44059	1	0.001221
44494	44317	1	0.001221
44494	43806	2	0.002442
44494	44199	3	0.003663
44494	44462	16	0.019536
44494	43567	3	0.003663
44494	43699	5	0.006105
44494	43575	1	0.001221
44494	44344	2	0.002442
44494	44089	2	0.002442
44494	43965	11	0.013431
44494	44491	2	0.002442
44494	43975	1	0.001221
44494	44488	1	0.001221
44494	44599	10	0.012210
44494	43724	3	0.003663
44494	43597	1	0.001221
44494	43990	1	0.001221
44494	44632	1	0.001221
44494	44122	19	0.023199
44494	44006	13	0.015873
44494	44523	9	0.010989
44494	43629	1	0.001221
44495	44440	672	2.479705
44495	43744	2	0.007380
44495	44251	4	0.014760
44495	43965	168	0.619926
44496	43668	1	0.066667
44497	43943	7	0.005178
44497	44599	1	0.000740
44497	43639	1	0.000740
44497	44047	3	0.002219
44497	43831	1	0.000740
44497	43965	1	0.000740
44497	44062	1	0.000740
44499	43777	2	0.011173
44499	43783	6	0.033520
44499	43806	3	0.016760
44499	44332	1	0.005587
44499	43567	25	0.139665
44499	44465	3	0.016760
44499	44467	1	0.005587
44499	44084	3	0.016760
44499	44342	1	0.005587
44499	44599	5	0.027933
44499	44344	1	0.005587
44499	44089	1	0.005587
44499	44255	1	0.005587
44499	44476	1	0.005587
44499	44477	1	0.005587
44499	44236	1	0.005587
44499	43603	53	0.296089
44499	43699	3	0.016760
44499	44632	1	0.005587
44499	44383	1	0.005587
44499	44523	4	0.022346
44499	44016	1	0.005587
44499	43641	2223	12.418994
44500	44440	6	0.122449
44502	43838	2	0.022472
44502	43959	1	0.011236
44503	44416	4	0.072727
44503	44281	1	0.018182
44503	44547	9	0.163636
44505	43783	4	0.000936
44505	43912	8	0.001871
44505	44297	3	0.000702
44505	43658	8	0.001871
44505	43668	4	0.000936
44505	44316	11	0.002573
44505	44191	123	0.028772
44505	43946	17196	4.022456
44505	44462	3	0.000702
44505	43567	4	0.000936
44505	44600	8	0.001871
44505	43577	9	0.002105
44505	44242	6	0.001404
44505	43603	8	0.001871
44505	44244	8	0.001871
44505	44281	12	0.002807
44505	44003	4	0.000936
44505	44517	17	0.003977
44505	44523	17	0.003977
44505	44524	4	0.000936
44505	44148	8	0.001871
44505	44407	20	0.004678
44505	43641	4	0.000936
44507	44200	4	0.004372
44507	43917	2	0.002186
44507	44462	10	0.010929
44507	44403	25	0.027322
44507	43731	2	0.002186
44507	44089	2	0.002186
44507	44537	2	0.002186
44508	43777	1	0.000477
44508	43656	1	0.000477
44508	44428	3	0.001430
44508	43540	1	0.000477
44508	44053	3	0.001430
44508	44566	1	0.000477
44508	43685	8	0.003813
44508	44454	1	0.000477
44508	44332	1	0.000477
44508	43567	2	0.000953
44508	44040	1	0.000477
44508	44467	1	0.000477
44508	44599	2	0.000953
44508	44477	1	0.000477
44508	44231	1	0.000477
44508	44240	1	0.000477
44508	44242	1	0.000477
44508	43741	1	0.000477
44508	43813	1	0.000477
44508	44006	2	0.000953
44508	44523	4	0.001907
44508	44013	1	0.000477
44508	43641	6	0.002860
44509	43777	23	0.047817
44509	43813	6	0.012474
44509	43814	1	0.002079
44509	43784	1	0.002079
44509	44332	1	0.002079
44509	44013	1	0.002079
44509	43741	1	0.002079
44509	44240	1	0.002079
44509	44053	1	0.002079
44509	44566	1	0.002079
44509	44247	1	0.002079
44509	44477	5	0.010395
44510	43975	2	0.025641
44510	44523	4	0.051282
44510	43820	16	0.205128
44510	44462	4	0.051282
44510	43567	5	0.064103
44510	43633	9	0.115385
44510	43965	1	0.012821
44511	43649	310	0.584906
44511	43906	311	0.586792
44511	44164	1	0.001887
44511	43909	8	0.015094
44511	43783	2	0.003774
44511	44297	4	0.007547
44511	44418	1	0.001887
44511	43925	310	0.584906
44511	44445	1	0.001887
44511	44191	20	0.037736
44511	44465	1	0.001887
44511	43820	2	0.003774
44511	44462	5	0.009434
44511	43567	2	0.003774
44511	43825	13	0.024528
44511	44085	1	0.001887
44511	44599	2	0.003774
44511	44473	6	0.011321
44511	43965	2	0.003774
44511	44484	310	0.584906
44511	43597	2	0.003774
44511	44242	318	0.600000
44511	44244	310	0.584906
44511	43990	7	0.013208
44511	44281	2	0.003774
44511	43865	6	0.011321
44511	43869	3	0.005660
44511	44003	2	0.003774
44511	44523	2	0.003774
44511	44524	1	0.001887
44511	43633	2	0.003774
44511	44530	2	0.003774
44511	43641	3	0.005660
44511	43647	8	0.015094
44512	43777	8	0.002864
44512	44040	12	0.004296
44512	43918	7	0.002506
44512	44053	16	0.005729
44512	44566	12	0.004296
44512	43550	1	0.000358
44512	43685	4	0.001432
44512	43814	8	0.002864
44512	43847	7	0.002506
44512	44332	8	0.002864
44512	44599	1	0.000358
44512	44477	6	0.002148
44512	44615	1	0.000358
44512	44488	1	0.000358
44512	43855	1	0.000358
44512	44240	12	0.004296
44512	44508	4	0.001432
44512	43741	12	0.004296
44512	44013	8	0.002864
44512	43887	50	0.017902
44512	44150	7	0.002506
44512	43641	4	0.001432
44512	44155	8	0.002864
44513	44523	4	0.042105
44513	43980	1	0.010526
44513	44462	1	0.010526
44513	43567	3	0.031579
44513	43699	7	0.073684
44513	43924	1	0.010526
44513	44247	1	0.010526
44513	44344	2	0.021053
44513	44285	1	0.010526
44513	43965	1	0.010526
44513	44191	1	0.010526
44515	43971	27	1.000000
44516	44440	6	0.050847
44516	44453	2	0.016949
44517	43777	2	0.003854
44517	44523	3	0.005780
44517	43813	3	0.005780
44517	44486	1	0.001927
44517	44040	1	0.001927
44517	44332	3	0.005780
44517	43575	1	0.001927
44517	43724	1	0.001927
44517	44013	3	0.005780
44517	43741	2	0.003854
44517	44240	2	0.003854
44517	43814	2	0.003854
44517	44053	2	0.003854
44517	44566	2	0.003854
44517	44599	1	0.001927
44517	43577	9	0.017341
44517	44155	2	0.003854
44517	44477	4	0.007707
44517	43685	1	0.001927
44519	43681	2	0.005435
44519	44452	4	0.010870
44519	43943	10	0.027174
44519	44599	1	0.002717
44519	44523	8	0.021739
44519	43567	2	0.005435
44519	44433	2	0.005435
44519	44465	3	0.008152
44519	43603	1	0.002717
44519	43699	7	0.019022
44519	43668	1	0.002717
44519	43641	4	0.010870
44519	44440	6	0.016304
44519	44089	4	0.010870
44519	44477	1	0.002717
44519	43806	3	0.008152
44519	44383	4	0.010870
44520	43990	1	0.001348
44520	44006	1	0.001348
44520	44454	1	0.001348
44520	43721	537	0.723720
44520	44042	3	0.004043
44520	44462	2	0.002695
44520	43567	6	0.008086
44520	44242	3	0.004043
44520	44342	5	0.006739
44520	44599	538	0.725067
44520	43934	1634	2.202156
44521	43540	1	0.001171
44521	44428	7	0.008197
44521	44433	1	0.001171
44521	43668	1	0.001171
44521	44053	3	0.003513
44521	44440	30	0.035129
44521	44314	1	0.001171
44521	43806	1	0.001171
44521	43813	1	0.001171
44521	43943	15	0.017564
44521	44330	1	0.001171
44521	44332	1	0.001171
44521	43693	3	0.003513
44521	44462	2	0.002342
44521	44084	2	0.002342
44521	44089	1	0.001171
44521	44477	1	0.001171
44521	44617	1	0.001171
44521	43984	1	0.001171
44521	44281	3	0.003513
44521	44508	2	0.002342
44521	43685	4	0.004684
44521	43874	3	0.003513
44521	44519	2	0.002342
44521	44523	4	0.004684
44521	43891	3	0.003513
44521	43641	2	0.002342
44523	43813	1	0.000314
44523	44491	1	0.000314
44523	44623	1	0.000314
44523	44242	1	0.000314
44523	43699	1	0.000314
44523	44084	1	0.000314
44523	44567	1	0.000314
44523	43641	4	0.001257
44523	43567	3	0.000943
44524	43783	2	0.142857
44524	44523	1	0.071429
44524	44242	4	0.285714
44524	44530	11	0.785714
44524	43699	1	0.071429
44524	43605	2	0.142857
44524	43929	1	0.071429
44524	43641	134	9.571429
44524	44127	1	0.071429
44526	44162	6	0.012766
44526	43780	6	0.012766
44526	44006	3	0.006383
44526	43879	6	0.012766
44526	44297	12	0.025532
44526	44523	3	0.006383
44526	44599	3	0.006383
44526	43641	3	0.006383
44526	44317	6	0.012766
44526	44191	3	0.006383
44529	44363	3	0.115385
44530	43783	134	0.950355
44530	44564	1	0.007092
44530	44567	3	0.021277
44530	43929	1	0.007092
44530	43806	5	0.035461
44530	43937	1	0.007092
44530	44452	8	0.056738
44530	44454	1	0.007092
44530	43943	2	0.014184
44530	44328	6	0.042553
44530	43693	209	1.482270
44530	43567	1	0.007092
44530	44089	6	0.042553
44530	43962	1	0.007092
44530	44476	1	0.007092
44530	43965	2	0.014184
44530	43967	9	0.063830
44530	43975	5	0.035461
44530	44473	596	4.226950
44530	43995	2	0.014184
44530	43869	1	0.007092
44530	44127	33	0.234043
44530	44519	1	0.007092
44530	44523	5	0.035461
44530	44524	101	0.716312
44530	44142	1	0.007092
44530	44407	4	0.028369
44530	43641	1744	12.368794
44531	43680	4	0.011834
44531	43777	3	0.008876
44531	44519	2	0.005917
44531	43975	2	0.005917
44531	44523	5	0.014793
44531	43597	1	0.002959
44531	43567	3	0.008876
44531	44564	3	0.008876
44531	43990	1	0.002959
44531	44244	1	0.002959
44532	44224	1	0.001021
44532	44418	1	0.001021
44532	44523	1	0.001021
44532	44198	1	0.001021
44532	44488	2	0.002043
44532	44524	3	0.003064
44532	44599	2	0.002043
44532	44191	17	0.017365
44532	43567	1	0.001021
44532	43929	1	0.001021
44532	43699	2	0.002043
44532	43641	3	0.003064
44532	44281	1	0.001021
44532	44635	2	0.002043
44532	43679	1	0.001021
44532	44127	2	0.002043
44533	43777	11	0.018966
44533	44155	1	0.001724
44533	43813	9	0.015517
44533	43718	1	0.001724
44533	44454	1	0.001724
44533	44040	1	0.001724
44533	44364	1	0.001724
44533	44332	2	0.003448
44533	44013	2	0.003448
44533	43741	1	0.001724
44533	44240	1	0.001724
44533	43729	1	0.001724
44533	43814	3	0.005172
44533	44053	1	0.001724
44533	44566	1	0.001724
44533	43959	1	0.001724
44533	43547	1	0.001724
44533	44477	565	0.974138
44533	44062	2	0.003448
44533	43685	1	0.001724
44534	44330	1	0.001534
44534	44390	1	0.001534
44534	43575	7	0.010736
44535	43777	4	0.007435
44535	44486	2	0.003717
44535	43814	5	0.009294
44535	44454	1	0.001859
44535	44040	4	0.007435
44535	44332	4	0.007435
44535	44191	4	0.007435
44535	44523	2	0.003717
44535	43724	1	0.001859
44535	44013	2	0.003717
44535	44174	2	0.003717
44535	44477	3	0.005576
44535	44240	5	0.009294
44535	43699	2	0.003717
44535	43813	2	0.003717
44535	44053	3	0.005576
44535	44566	5	0.009294
44535	43575	1	0.001859
44535	44155	1	0.001859
44535	43741	5	0.009294
44535	43685	1	0.001859
44536	43906	2	0.004386
44536	44422	4	0.008772
44536	44433	8	0.017544
44536	44566	1	0.002193
44536	43934	2	0.004386
44536	44191	8	0.017544
44536	44193	1	0.002193
44536	43685	1	0.002193
44536	44454	4	0.008772
44536	44199	1	0.002193
44536	43689	8	0.017544
44536	44462	10	0.021930
44536	43567	1	0.002193
44536	43699	7	0.015351
44536	44599	3	0.006579
44536	44473	1	0.002193
44536	43965	19	0.041667
44536	43967	1	0.002193
44536	43584	14	0.030702
44536	43713	1	0.002193
44536	44613	1	0.002193
44536	43975	1	0.002193
44536	44360	3	0.006579
44536	44617	1	0.002193
44536	44491	1	0.002193
44536	43597	1	0.002193
44536	44242	15	0.032895
44536	43603	4	0.008772
44536	44244	2	0.004386
44536	43990	2	0.004386
44536	44281	1	0.002193
44536	43864	2	0.004386
44536	43737	1	0.002193
44536	43869	1	0.002193
44536	44255	177	0.388158
44536	44256	3	0.006579
44536	44129	9	0.019737
44536	44519	1	0.002193
44536	44137	6	0.013158
44536	44523	16	0.035088
44536	44221	2	0.004386
44536	44401	2	0.004386
44536	44407	1	0.002193
44536	43641	12	0.026316
44537	44418	10	0.017271
44537	44523	2	0.003454
44537	44167	1	0.001727
44537	44425	390	0.673575
44537	44071	392	0.677029
44537	43916	391	0.675302
44537	43917	4	0.006908
44537	44462	9	0.015544
44537	44433	1	0.001727
44537	44436	1	0.001727
44537	43929	1	0.001727
44537	44344	4	0.006908
44537	44281	1	0.001727
44537	44060	28	0.048359
44537	44599	1	0.001727
44537	44127	2	0.003454
44538	44403	1	0.001059
44538	43781	2	0.002119
44538	44407	1	0.001059
44539	44440	1	0.005181
44539	44332	2	0.010363
44542	44417	5	0.066667
44542	43586	1	0.013333
44542	43941	11	0.146667
44542	44523	3	0.040000
44542	43567	1	0.013333
44542	43965	1	0.013333
44542	43806	1	0.013333
44545	43938	8	0.014953
44545	43813	1	0.001869
44545	44138	26	0.048598
44545	44523	33	0.061682
44545	44462	8	0.014953
44545	44403	1	0.001869
44545	44142	1	0.001869
44545	43929	5	0.009346
44545	44281	5	0.009346
44545	43965	6	0.011215
44545	43806	2	0.003738
44546	43929	48	1.000000
44546	43758	51	1.062500
44547	44416	9	0.006988
44547	44161	1	0.000776
44547	44523	8	0.006211
44547	44164	1	0.000776
44547	44566	1	0.000776
44547	44417	1	0.000776
44547	44462	1	0.000776
44547	44041	1	0.000776
44547	44464	1	0.000776
44547	43791	1	0.000776
44547	44433	5	0.003882
44547	43922	1	0.000776
44547	43907	1	0.000776
44547	43540	3	0.002329
44547	44437	1	0.000776
44547	44511	1	0.000776
44547	44473	28	0.021739
44547	43575	1	0.000776
44547	44187	2	0.001553
44547	44060	1	0.000776
44547	43549	1	0.000776
44547	44446	1	0.000776
44547	44191	6	0.004658
44547	43824	1	0.000776
44547	44198	1	0.000776
44547	44199	1	0.000776
44547	44201	1	0.000776
44547	44330	3	0.002329
44547	44273	1	0.000776
44547	43820	1	0.000776
44547	43783	1	0.000776
44547	43696	9	0.006988
44547	44593	2	0.001553
44547	44338	1	0.000776
44547	44339	1	0.000776
44547	44084	38	0.029503
44547	43574	1	0.000776
44547	44599	5	0.003882
44547	44344	2	0.001553
44547	44345	1	0.000776
44547	43578	1	0.000776
44547	43615	1	0.000776
44547	44221	1	0.000776
44547	43717	3	0.002329
44547	43629	1	0.000776
44547	44632	2	0.001553
44547	44617	1	0.000776
44547	43850	1	0.000776
44547	44363	1	0.000776
44547	43855	1	0.000776
44547	44496	1	0.000776
44547	44625	2	0.001553
44547	44242	12	0.009317
44547	44244	6	0.004658
44547	43699	3	0.002329
44547	43641	14	0.010870
44547	44248	1	0.000776
44547	43869	7	0.005435
44547	44255	1	0.000776
44547	43872	1	0.000776
44547	44129	1	0.000776
44547	44258	1	0.000776
44547	44003	2	0.001553
44547	44004	1	0.000776
44547	44454	1	0.000776
44547	44134	1	0.000776
44547	44497	1	0.000776
44547	44503	1	0.000776
44547	44139	2	0.001553
44547	43884	1	0.000776
44547	43986	1	0.000776
44547	44016	1	0.000776
44547	44401	2	0.001553
44547	44530	7	0.005435
44547	44179	1	0.000776
44547	44406	11	0.008540
44547	44535	19	0.014752
44547	43730	1	0.000776
44547	44281	8	0.006211
44547	44410	12	0.009317
44547	44411	1	0.000776
44547	43645	1	0.000776
44551	44268	1	0.004545
44552	44440	6	0.214286
44552	43575	2	0.071429
44552	44047	2	0.071429
44553	43929	1	0.014706
44553	44589	1	0.014706
44553	43967	1	0.014706
44554	44327	12	0.923077
44557	43713	72	0.206897
44557	44397	3	0.008621
44558	44440	1	0.050000
44563	44615	1	0.007576
44563	44297	1	0.007576
44563	44407	2	0.015152
44563	43922	1	0.007576
44563	44446	2	0.015152
44563	44278	1	0.007576
44563	43575	1	0.007576
44563	43929	2	0.015152
44563	44247	1	0.007576
44563	43967	3	0.022727
44564	43937	2	0.001202
44564	43906	91	0.054688
44564	44427	7	0.004207
44564	44567	2	0.001202
44564	43575	10	0.006010
44564	44266	4	0.002404
44564	44523	168	0.100962
44564	44332	1	0.000601
44564	44046	2	0.001202
44564	43567	16	0.009615
44564	44488	2	0.001202
44564	44242	16	0.009615
44564	43924	1	0.000601
44564	44053	1	0.000601
44564	44599	5	0.003005
44564	44152	1	0.000601
44564	44089	1	0.000601
44564	43855	1	0.000601
44566	43813	20	0.014914
44566	43718	2	0.001491
44566	44137	2	0.001491
44566	44523	1	0.000746
44566	43629	1	0.000746
44566	44632	1	0.000746
44566	43641	3	0.002237
44566	43965	1	0.000746
44566	43806	1	0.000746
44566	44127	12	0.008949
44567	44462	4	0.007812
44567	44084	512	1.000000
44567	44599	3	0.005859
44567	44344	512	1.000000
44567	43641	512	1.000000
44567	43967	512	1.000000
44572	43561	3	0.200000
44573	44453	1	0.000298
44574	43777	4	0.001969
44574	43554	8	0.003939
44574	43855	5	0.002462
44574	44433	4	0.001969
44574	44052	3	0.001477
44574	43574	3	0.001477
44574	44599	4	0.001969
44574	43567	5	0.002462
44574	44187	1	0.000492
44574	44477	3	0.001477
44575	44193	1	0.000844
44575	43813	3	0.002532
44575	43686	3	0.002532
44575	44519	6	0.005063
44575	44330	3	0.002532
44575	43694	3	0.002532
44575	44530	3	0.002532
44575	43603	14	0.011814
44575	44084	1	0.000844
44575	43575	3	0.002532
44575	44440	85	0.071730
44575	43641	8	0.006751
44576	44433	1	0.023810
44576	43567	3	0.071429
44576	43699	222	5.285714
44576	44006	1	0.023810
44576	44523	17	0.404762
44577	44523	5	0.002999
44577	43990	3	0.001800
44577	44401	23	0.013797
44577	44169	3	0.001800
44577	43975	4	0.002400
44577	43858	3	0.001800
44577	44462	9	0.005399
44577	43600	3	0.001800
44577	44433	1	0.000600
44577	43922	3	0.001800
44577	44003	2	0.001200
44577	44171	2	0.001200
44577	43646	3	0.001800
44577	44278	3	0.001800
44577	43633	1	0.000600
44577	44089	2	0.001200
44577	44446	131	0.078584
44577	43861	1	0.000600
44583	44547	3	0.002355
44583	44040	1	0.000785
44583	44041	4	0.003140
44583	44567	25	0.019623
44583	43547	1	0.000785
44583	44060	3	0.002355
44583	43549	2	0.001570
44583	43550	1	0.000785
44583	43561	5	0.003925
44583	44074	1	0.000785
44583	43567	8	0.006279
44583	44593	3	0.002355
44583	43570	2	0.001570
44583	44084	1274	1.000000
44583	44085	3	0.002355
44583	44089	3	0.002355
44583	43578	2	0.001570
44583	44127	179	0.140502
44583	44094	3	0.002355
44583	44615	2	0.001570
44583	44617	2	0.001570
44583	44109	3	0.002355
44583	44111	5	0.003925
44583	43605	1	0.000785
44583	44632	696	0.546311
44583	44122	3	0.002355
44583	44638	3	0.002355
44583	43615	3	0.002355
44583	43618	2	0.001570
44583	44134	3	0.002355
44583	44137	1	0.000785
44583	44138	3	0.002355
44583	44139	5	0.003925
44583	43629	154	0.120879
44583	44142	2	0.001570
44583	43633	2	0.001570
44583	43641	15	0.011774
44583	43645	3	0.002355
44583	44164	3	0.002355
44583	43655	2	0.001570
44583	44171	2	0.001570
44583	43662	2	0.001570
44583	44179	5	0.003925
44583	43668	1	0.000785
44583	44181	2	0.001570
44583	44187	5	0.003925
44583	43680	4	0.003140
44583	44193	3	0.002355
44583	44199	3	0.002355
44583	44201	5	0.003925
44583	44574	1	0.000785
44583	44221	4	0.003140
44583	43713	2	0.001570
44583	43714	2	0.001570
44583	44234	5	0.003925
44583	44236	3	0.002355
44583	43725	3	0.002355
44583	44241	5	0.003925
44583	44242	9	0.007064
44583	44247	4	0.003140
44583	43741	1	0.000785
44583	44255	5	0.003925
44583	44258	3	0.002355
44583	43985	3	0.002355
44583	44268	2	0.001570
44583	43757	3	0.002355
44583	44281	2	0.001570
44583	43771	2	0.001570
44583	43781	1	0.000785
44583	43805	2	0.001570
44583	43806	6	0.004710
44583	44321	2	0.001570
44583	43810	2	0.001570
44583	44325	1	0.000785
44583	43820	3	0.002355
44583	43824	3	0.002355
44583	44338	2	0.001570
44583	44339	3	0.002355
44583	44344	466	0.365777
44583	44345	3	0.002355
44583	43839	1	0.000785
44583	43848	3	0.002355
44583	43850	4	0.003140
44583	44373	3	0.002355
44583	43864	3	0.002355
44583	43869	1	0.000785
44583	43872	2	0.001570
44583	44385	4	0.003140
44583	43884	5	0.003925
44583	43887	3	0.002355
44583	44401	2	0.001570
44583	44606	2	0.001570
44583	44407	2	0.001570
44583	44411	3	0.002355
44583	44417	3	0.002355
44583	43906	4	0.003140
44583	43907	3	0.002355
44583	44428	2	0.001570
44583	44433	4	0.003140
44583	43924	2	0.001570
44583	44437	3	0.002355
44583	44440	2	0.001570
44583	43932	3	0.002355
44583	43934	3	0.002355
44583	44450	2	0.001570
44583	44452	2	0.001570
44583	44453	4	0.003140
44583	43943	1	0.000785
44583	43947	3	0.002355
44583	44462	11	0.008634
44583	44464	1	0.000785
44583	43972	1	0.000785
44583	43681	1	0.000785
44583	43976	1	0.000785
44583	44491	1	0.000785
44583	43982	5	0.003925
44583	44497	3	0.002355
44583	43986	3	0.002355
44583	44505	2	0.001570
44583	43995	3	0.002355
44583	44508	1	0.000785
44583	44513	3	0.002355
44583	44006	2	0.001570
44583	44519	3	0.002355
44583	44523	21	0.016484
44583	44526	2	0.001570
44583	44015	5	0.003925
44583	44532	3	0.002355
44584	44266	2	0.008929
44586	44161	1	0.002119
44586	43906	1	0.002119
44586	44454	1	0.002119
44586	43846	1	0.002119
44586	44401	6	0.012712
44586	43976	1	0.002119
44586	44523	1	0.002119
44586	44462	4	0.008475
44586	43567	1	0.002119
44586	43600	2	0.004237
44586	44433	2	0.004237
44586	44242	1	0.002119
44586	44244	9	0.019068
44586	43806	1	0.002119
44586	44566	1	0.002119
44586	43575	1	0.002119
44586	43641	3	0.006356
44586	43924	1	0.002119
44586	44545	1	0.002119
44586	44446	1	0.002119
44586	43975	1	0.002119
44587	44161	10	0.003162
44587	43906	2	0.000632
44587	43783	9	0.002845
44587	44297	2	0.000632
44587	44433	3	0.000948
44587	43540	1	0.000316
44587	43929	9	0.002845
44587	44440	4	0.001265
44587	43673	2	0.000632
44587	43934	1015	0.320898
44587	44191	40	0.012646
44587	44462	14	0.004426
44587	43567	6	0.001897
44587	44593	2	0.000632
44587	43699	3	0.000948
44587	43806	1	0.000316
44587	44342	14	0.004426
44587	44169	3	0.000948
44587	44344	4	0.001265
44587	44473	12	0.003794
44587	44476	2	0.000632
44587	43965	7	0.002213
44587	43584	15	0.004742
44587	43721	9	0.002845
44587	43597	1	0.000316
44587	43727	12	0.003794
44587	44242	5	0.001581
44587	44244	1	0.000316
44587	43990	6	0.001897
44587	43641	12	0.003794
44587	43864	2	0.000632
44587	43869	3	0.000948
44587	44255	2	0.000632
44587	44003	1	0.000316
44587	44520	12	0.003794
44587	44523	27	0.008536
44587	43629	1	0.000316
44587	43887	2	0.000632
44587	44407	10	0.003162
44587	44281	5	0.001581
44587	43771	2	0.000632
44588	44440	4	0.333333
44589	43929	1	0.014706
44589	43967	1	0.014706
44591	43848	8	0.040609
44591	44146	2	0.010152
44591	44191	5	0.025381
44592	43776	1	0.004184
44592	44417	1	0.004184
44592	44162	3	0.012552
44592	44295	2	0.008368
44592	44174	2	0.008368
44592	44206	2	0.008368
44592	44440	1	0.004184
44592	44060	2	0.008368
44592	43550	1	0.004184
44592	43937	2	0.008368
44592	44462	1	0.004184
44592	43567	10	0.041841
44592	44084	3	0.012552
44592	44344	13	0.054393
44592	44089	3	0.012552
44592	43964	2	0.008368
44592	44477	5	0.020921
44592	43840	7	0.029289
44592	43725	1	0.004184
44592	43855	5	0.020921
44592	44242	1	0.004184
44592	43603	12	0.050209
44592	44373	1	0.004184
44592	43864	2	0.008368
44592	44251	2	0.008368
44592	43613	1	0.004184
44592	44512	2	0.008368
44592	44523	5	0.020921
44592	44016	2	0.008368
44592	44146	2	0.008368
44592	43641	116	0.485356
44592	44285	2	0.008368
44593	43777	2	0.003339
44593	43906	2	0.003339
44593	43783	1	0.001669
44593	44433	14	0.023372
44593	44180	6	0.010017
44593	44191	41	0.068447
44593	43936	3	0.005008
44593	44067	1	0.001669
44593	44196	9	0.015025
44593	43693	1	0.001669
44593	44462	2	0.003339
44593	43567	1	0.001669
44593	43699	2	0.003339
44593	43573	1	0.001669
44593	44342	576	0.961603
44593	44599	1	0.001669
44593	43965	9	0.015025
44593	44320	1	0.001669
44593	43587	2	0.003339
44593	44242	37	0.061770
44593	43603	3	0.005008
44593	44248	1	0.001669
44593	43743	566	0.944908
44593	44523	6	0.010017
44593	44524	1	0.001669
44593	43641	4	0.006678
44593	44029	561	0.936561
44594	44523	1	0.018182
44595	44519	1	0.003802
44595	43567	1	0.003802
44595	43888	1	0.003802
44595	43986	1	0.003802
44595	44275	1	0.003802
44595	44440	15	0.057034
44595	44281	1	0.003802
44596	43879	1	0.002070
44596	44403	28	0.057971
44596	44462	3	0.006211
44596	43567	1	0.002070
44596	43731	1	0.002070
44596	44089	1	0.002070
44596	44317	1	0.002070
44596	43806	1	0.002070
44597	44418	1544	1.000648
44597	44523	1	0.000648
44597	43725	3102	2.010369
44597	43965	1	0.000648
44598	44440	43	0.144781
44598	44433	4	0.013468
44598	43724	2	0.006734
44598	43741	3	0.010101
44598	44486	2	0.006734
44599	44545	1	0.000926
44599	44547	1	0.000926
44599	44036	2	0.001852
44599	43606	2	0.001852
44599	44289	1	0.000926
44599	44040	1	0.000926
44599	44041	1	0.000926
44599	44563	2	0.001852
44599	43540	2	0.001852
44599	44053	1	0.000926
44599	44566	1	0.000926
44599	44567	4	0.003704
44599	44569	4	0.003704
44599	44059	68	0.062963
44599	43549	1	0.000926
44599	44062	1	0.000926
44599	44064	1	0.000926
44599	44477	16	0.014815
44599	43567	10	0.009259
44599	44593	1	0.000926
44599	44084	5	0.004630
44599	43575	56	0.051852
44599	44089	36	0.033333
44599	43581	1	0.000926
44599	43582	1	0.000926
44599	43588	1	0.000926
44599	44613	1	0.000926
44599	44615	2	0.001852
44599	43597	2	0.001852
44599	44112	1	0.000926
44599	43603	2	0.001852
44599	44118	2	0.001852
44599	44632	2	0.001852
44599	44122	1	0.000926
44599	44638	1	0.000926
44599	44127	48	0.044444
44599	43616	1	0.000926
44599	43619	1	0.000926
44599	44134	1	0.000926
44599	44143	6	0.005556
44599	43633	1	0.000926
44599	44052	67	0.062037
44599	44155	1	0.000926
44599	43645	1	0.000926
44599	43646	15	0.013889
44599	43652	214	0.198148
44599	43655	1	0.000926
44599	43656	1	0.000926
44599	44169	2	0.001852
44599	44171	1	0.000926
44599	43662	1	0.000926
44599	43663	1	0.000926
44599	43666	2	0.001852
44599	43668	2	0.001852
44599	44181	1	0.000926
44599	44188	2	0.001852
44599	44193	1	0.000926
44599	43685	1	0.000926
44599	43686	66	0.061111
44599	43699	26	0.024074
44599	44217	1	0.000926
44599	43713	1	0.000926
44599	44229	1	0.000926
44599	44321	1	0.000926
44599	44232	1	0.000926
44599	43724	7	0.006481
44599	44236	1	0.000926
44599	43727	1	0.000926
44599	44240	1	0.000926
44599	44242	10	0.009259
44599	43731	2	0.001852
44599	43641	13	0.012037
44599	43737	61	0.056481
44599	43741	6	0.005556
44599	43744	1	0.000926
44599	44258	1	0.000926
44599	43751	1	0.000926
44599	43757	1	0.000926
44599	43758	2	0.001852
44599	44271	1	0.000926
44599	44273	1	0.000926
44599	44278	2	0.001852
44599	44281	4	0.003704
44599	43771	1	0.000926
44599	44285	1	0.000926
44599	43777	8	0.007407
44599	43780	1	0.000926
44599	44332	54	0.050000
44599	43735	1	0.000926
44599	43795	66	0.061111
44599	44317	103	0.095370
44599	43806	3	0.002778
44599	43809	1	0.000926
44599	43813	9	0.008333
44599	43814	2	0.001852
44599	44328	3	0.002778
44599	43820	1	0.000926
44599	44333	1	0.000926
44599	44335	1	0.000926
44599	44338	1	0.000926
44599	44339	2	0.001852
44599	43831	1	0.000926
44599	44344	6	0.005556
44599	43840	1	0.000926
44599	44353	1	0.000926
44599	43847	1	0.000926
44599	43850	1	0.000926
44599	43857	1	0.000926
44599	43858	1	0.000926
44599	44385	1	0.000926
44599	43874	1	0.000926
44599	43879	2	0.001852
44599	43882	1	0.000926
44599	43589	1	0.000926
44599	44403	1	0.000926
44599	44094	1	0.000926
44599	44407	107	0.099074
44599	44416	2	0.001852
44599	44417	1	0.000926
44599	43906	14	0.012963
44599	44428	3	0.002778
44599	44433	15	0.013889
44599	44436	8	0.007407
44599	43925	1	0.000926
44599	43929	2	0.001852
44599	44443	1	0.000926
44599	43932	1	0.000926
44599	43934	1	0.000926
44599	43935	1	0.000926
44599	44453	1	0.000926
44599	43942	2	0.001852
44599	43946	1	0.000926
44599	44465	6	0.005556
44599	44466	1	0.000926
44599	44469	2	0.001852
44599	43959	3	0.002778
44599	43965	4	0.003704
44599	43967	5	0.004630
44599	44486	6	0.005556
44599	44488	66	0.061111
44599	44564	16	0.014815
44599	44496	1	0.000926
44599	43986	1	0.000926
44599	43995	6	0.005556
44599	44509	1	0.000926
44599	43998	1	0.000926
44599	43999	1	0.000926
44599	44513	1	0.000926
44599	44454	5	0.004630
44599	44006	205	0.189815
44599	44519	4	0.003704
44599	44523	59	0.054630
44599	44524	4	0.003704
44599	44013	3	0.002778
44599	44532	3	0.002778
44599	44446	1	0.000926
44599	44537	1	0.000926
44599	44540	1	0.000926
44599	44029	1	0.000926
44600	44517	1	0.100000
44600	43629	1	0.100000
44600	44462	1	0.100000
44600	44242	1	0.100000
44600	44247	1	0.100000
44600	44505	4	0.400000
44601	44440	4	0.004420
44602	44276	1	0.003690
44602	44330	4	0.014760
44602	44268	2	0.007380
44602	43813	1	0.003690
44605	43824	61	2.033333
44606	43808	2	0.013245
44606	44048	3	0.019868
44606	44523	4	0.026490
44606	44006	4	0.026490
44606	43590	7	0.046358
44606	43641	3	0.019868
44606	44407	7	0.046358
44606	43567	4	0.026490
44606	43728	2	0.013245
44606	43699	4	0.026490
44606	44629	2	0.013245
44606	44599	22	0.145695
44606	44281	1	0.006623
44606	43772	3	0.019868
44606	43813	8	0.052980
44607	43929	1	0.014706
44607	44589	1	0.014706
44607	43967	1	0.014706
44608	44162	1	0.000541
44608	44004	6	0.003245
44608	43848	4	0.002163
44608	44041	4	0.002163
44608	44523	2	0.001082
44608	44303	25	0.013521
44608	44084	1	0.000541
44608	44440	3599	1.946458
44608	43780	96	0.051920
44608	43967	1	0.000541
44609	43840	2	0.051282
44609	43538	4	0.102564
44609	44038	1	0.025641
44609	43662	10	0.256410
44610	43806	3	0.011719
44612	44523	1	0.004651
44612	43600	2	0.009302
44612	44401	210	0.976744
44612	43699	1	0.004651
44612	44566	1	0.004651
44612	43575	1	0.004651
44612	44446	3	0.013953
44613	43656	2	0.002262
44613	44428	9	0.010181
44613	43795	4	0.004525
44613	43932	1	0.001131
44613	43945	2	0.002262
44613	44333	5	0.005656
44613	44462	4	0.004525
44613	44465	2	0.002262
44613	44599	4	0.004525
44613	44089	1	0.001131
44613	43965	3	0.003394
44613	44256	1	0.001131
44613	43847	1	0.001131
44613	44360	2	0.002262
44613	43912	1	0.001131
44613	43864	11	0.012443
44613	44505	1	0.001131
44613	43997	1	0.001131
44613	44255	1	0.001131
44613	44640	3	0.003394
44613	43621	2	0.002262
44613	44266	1	0.001131
44613	44523	2	0.002262
44613	43887	1	0.001131
44613	44148	1	0.001131
44615	44523	1	0.003584
44617	43656	1209	1.093128
44617	44297	1	0.000904
44617	44428	4273	3.863472
44617	44226	3	0.002712
44617	44626	2	0.001808
44617	44053	2	0.001808
44617	44185	3	0.002712
44617	44059	2	0.001808
44617	43932	2	0.001808
44617	44189	3	0.002712
44617	43678	1	0.000904
44617	43685	2	0.001808
44617	44462	3	0.002712
44617	43567	2	0.001808
44617	44599	3	0.002712
44617	43963	1	0.000904
44617	43965	2	0.001808
44617	44222	1	0.000904
44617	43970	1	0.000904
44617	44613	3	0.002712
44617	44242	604	0.546112
44617	43603	4	0.003617
44617	44281	27	0.024412
44617	43864	2	0.001808
44617	44508	7	0.006329
44617	43997	3	0.002712
44617	43874	602	0.544304
44617	44003	2	0.001808
44617	44266	8	0.007233
44617	44523	4	0.003617
44617	44525	3	0.002712
44617	43887	2	0.001808
44617	44150	1	0.000904
44617	44407	2	0.001808
44617	44169	2	0.001808
44617	43641	3	0.002712
44620	44248	1	0.055556
44620	44266	1	0.055556
44620	44442	1	0.055556
44620	44381	1	0.055556
44621	43776	7	0.004444
44621	44417	11	0.006984
44621	43906	1	0.000635
44621	44331	1	0.000635
44621	43777	5	0.003175
44621	44040	15	0.009524
44621	44428	1	0.000635
44621	44053	4	0.002540
44621	44566	4	0.002540
44621	44440	3	0.001905
44621	43929	3	0.001905
44621	44446	1	0.000635
44621	43940	1	0.000635
44621	43813	5	0.003175
44621	43814	4	0.002540
44621	43943	1	0.000635
44621	43783	1	0.000635
44621	44332	36	0.022857
44621	44146	1	0.000635
44621	43567	1	0.000635
44621	44081	1	0.000635
44621	43699	1	0.000635
44621	43806	1	0.000635
44621	44599	3	0.001905
44621	44089	3	0.001905
44621	44477	6	0.003810
44621	44478	80	0.050794
44621	44481	1	0.000635
44621	43586	4	0.002540
44621	44486	1	0.000635
44621	43575	1	0.000635
44621	43724	1	0.000635
44621	43686	3	0.001905
44621	44240	6	0.003810
44621	43730	3	0.001905
44621	44632	1	0.000635
44621	43741	3	0.001905
44621	43685	2	0.001270
44621	44454	3	0.001905
44621	44006	1	0.000635
44621	44266	1	0.000635
44621	44523	2	0.001270
44621	44524	1	0.000635
44621	44013	4	0.002540
44621	44530	1	0.000635
44621	44403	1	0.000635
44621	43902	1	0.000635
44621	44407	1	0.000635
44621	44281	2	0.001270
44621	44155	1	0.000635
44621	44542	1	0.000635
44624	43681	2	0.040816
44624	43567	1	0.020408
44624	43943	1	0.020408
44625	43795	36	0.923077
44626	44364	2	0.031746
44626	44524	1	0.015873
44626	44046	3	0.047619
44626	44562	3	0.047619
44626	43962	3	0.047619
44626	44127	1	0.015873
44627	43616	2	0.001903
44627	43906	2	0.001903
44627	44484	8	0.007612
44627	43943	2	0.001903
44627	44373	4	0.003806
44627	44440	64	0.060894
44627	43929	2	0.001903
44627	43741	4	0.003806
44629	43590	2	0.009524
44629	44615	64	0.304762
44629	44462	4	0.019048
44629	44048	2	0.009524
44629	44433	6	0.028571
44629	44244	16	0.076190
44629	43641	2	0.009524
44629	43965	2	0.009524
44632	44344	375	26.785714
44632	44084	10	0.714286
44632	43629	214	15.285714
44633	44440	24	0.181818
44633	43641	1	0.007576
44633	44433	2	0.015152
44633	44462	1	0.007576
44633	44519	1	0.007576
44634	43641	39	1.560000
44635	44440	117	0.609375
44636	43561	5	0.053763
44636	43965	1	0.010753
44636	44281	1	0.010753
44638	44191	2	0.068966
44639	44440	3	0.069767
44639	43972	1	0.023256
44639	44454	1	0.023256
44639	44519	3	0.069767
44640	44613	1	0.003185
44640	44360	1	0.003185
44640	43567	1	0.003185
44640	43568	1	0.003185
44640	43864	3	0.009554
44640	43806	1	0.003185
44642	44064	1	0.003521
44642	43777	3	0.010563
44642	43813	2	0.007042
44642	44454	1	0.003521
44642	44519	2	0.007042
44642	44285	3	0.010563
44642	44332	1	0.003521
44642	44013	4	0.014085
44642	44477	15	0.052817
44642	43699	2	0.007042
44642	44053	1	0.003521
44642	43637	1	0.003521
44642	43567	2	0.007042
44642	43741	6	0.021127
44642	43685	2	0.007042
44643	44407	12	0.375000
