Src	Trg	LinkCount	RelLinkCount
34816	33786	105	21.000000
34816	33925	3	0.600000
34816	34637	30	6.000000
34817	33866	6	0.006515
34817	33755	3	0.003257
34817	33818	2	0.002172
34817	34303	3	0.003257
34818	33866	6	0.008208
34818	33903	2	0.002736
34818	34034	2	0.002736
34818	34745	2	0.002736
34818	33755	2	0.002736
34818	33916	2	0.002736
34818	34430	2	0.002736
34820	34440	2	0.008658
34820	34011	2	0.008658
34820	34540	8	0.034632
34820	34061	2	0.008658
34820	33854	2	0.008658
34822	33866	1	0.003448
34825	33824	1	0.002778
34825	34816	1	0.002778
34825	34405	1	0.002778
34825	34375	2	0.005556
34825	34440	1	0.002778
34825	33867	3	0.008333
34825	34444	1	0.002778
34825	34509	3	0.008333
34825	34414	3	0.008333
34825	34776	1	0.002778
34825	33906	5	0.013889
34825	33877	3	0.008333
34825	34263	8	0.022222
34825	34488	13	0.036111
34825	34073	1	0.002778
34825	34011	6	0.016667
34825	34303	2	0.005556
34826	34691	6	0.003188
34826	34440	4	0.002125
34826	34748	2	0.001063
34826	33866	6	0.003188
34826	33854	2	0.001063
34826	34929	2	0.001063
34826	34611	8	0.004251
34826	33844	2	0.001063
34826	34718	2	0.001063
34826	34745	2	0.001063
34826	34170	2	0.001063
34826	33755	2	0.001063
34826	33916	2	0.001063
34826	34430	2	0.001063
34827	34816	3	0.007519
34827	33824	6	0.015038
34827	33925	681	1.706767
34827	34727	1	0.002506
34827	34440	3	0.007519
34827	34977	3	0.007519
34827	34122	1214	3.042607
34827	34444	3	0.007519
34827	34192	6	0.015038
34827	34488	1	0.002506
34827	34090	7	0.017544
34827	33854	1591	3.987469
34828	34816	2	0.002890
34828	33866	1320	1.907514
34828	34678	1	0.001445
34830	34816	19	0.013533
34830	33824	2	0.001425
34830	34405	1	0.000712
34830	34375	8	0.005698
34830	34440	8	0.005698
34830	34122	8	0.005698
34830	34637	1	0.000712
34830	33904	26	0.018519
34830	33845	1	0.000712
34830	33977	1	0.000712
34830	34011	3	0.002137
34830	33877	1	0.000712
34833	34567	2	0.002821
34833	34056	1	0.001410
34833	34583	1	0.001410
34833	34071	1	0.001410
34833	34712	1	0.001410
34833	34976	1	0.001410
34833	34209	1	0.001410
34833	34852	1	0.001410
34833	34597	1	0.001410
34833	34801	1	0.001410
34833	34473	2	0.002821
34833	34090	1	0.001410
34833	34859	1	0.001410
34833	34611	31	0.043724
34833	33845	1	0.001410
34833	34399	1	0.001410
34833	33866	58	0.081805
34833	33854	1	0.001410
34833	34848	1	0.001410
34833	34114	1	0.001410
34833	34883	1	0.001410
34833	34759	1	0.001410
34833	34122	2	0.002821
34833	33998	1	0.001410
34833	34768	1	0.001410
34833	34260	1	0.001410
34833	34266	1	0.001410
34833	33755	16	0.022567
34833	34655	1	0.001410
34833	34530	2	0.002821
34833	34378	1	0.001410
34833	34917	1	0.001410
34833	34790	1	0.001410
34833	34413	2	0.002821
34833	34414	1	0.001410
34833	33905	1	0.001410
34833	34035	1	0.001410
34833	34110	1	0.001410
34833	34038	1	0.001410
34833	34295	1	0.001410
34833	34303	1	0.001410
34834	34816	1	0.008929
34834	34466	1	0.008929
34834	34011	1	0.008929
34834	33925	3	0.026786
34834	33720	582	5.196429
34834	33786	1	0.008929
34834	34555	2	0.017857
34834	33854	444	3.964286
34839	33866	5	0.007289
34842	34531	6	0.006711
34842	34630	1	0.001119
34842	34748	1	0.001119
34842	33866	17	0.019016
34842	34256	12	0.013423
34842	34833	1	0.001119
34842	34611	4	0.004474
34842	34678	1	0.001119
34842	34745	1	0.001119
34842	33786	2	0.002237
34842	33916	2	0.002237
34842	34239	1	0.001119
34844	33865	2	0.033898
34844	34122	1	0.016949
34845	33824	1	0.012821
34845	34816	3	0.038462
34845	33700	73	0.935897
34845	34375	76	0.974359
34845	34440	3	0.038462
34845	34122	3	0.038462
34845	33877	2	0.025641
34845	34392	73	0.935897
34845	33852	73	0.935897
34846	34034	2	0.020202
34846	34775	1	0.010101
34847	33866	4	0.010554
34847	34611	1	0.002639
34848	33866	33	1.000000
34850	33866	6	0.007937
34850	34347	2	0.002646
34850	34303	1	0.001323
34851	34440	3	0.003460
34851	33866	2	0.002307
34851	33854	5	0.005767
34851	33935	3	0.003460
34852	34929	4	0.222222
34852	33866	1	0.055556
34853	34816	22	0.053528
34853	34347	1	0.002433
34853	34440	11	0.026764
34853	34058	6	0.014599
34853	33935	1	0.002433
34853	34192	1	0.002433
34853	34833	1	0.002433
34853	33940	11	0.026764
34853	34326	1	0.002433
34853	34200	1	0.002433
34853	33817	4	0.009732
34853	34970	5	0.012165
34853	33824	3	0.007299
34853	33703	4	0.009732
34853	34987	2	0.004866
34853	34488	6	0.014599
34853	34490	2	0.004866
34853	34122	3	0.007299
34853	33877	2	0.004866
34853	34775	1	0.002433
34853	34011	5	0.012165
34853	34448	2	0.004866
34853	34405	1	0.002433
34853	34663	4	0.009732
34853	34154	1	0.002433
34853	33899	4	0.009732
34853	34933	1	0.002433
34853	34295	1	0.002433
34853	33812	1	0.002433
34853	33787	1	0.002433
34853	34813	2	0.004866
34856	34011	93	0.037096
34858	34624	5555	0.628465
34858	34011	210	0.023758
34858	34118	1	0.000113
34858	33866	5555	0.628465
34858	34776	3	0.000339
34858	34611	1	0.000113
34858	34488	140	0.015839
34858	34041	1	0.000113
34858	33786	70	0.007919
34858	34715	2	0.000226
34858	33834	70	0.007919
34860	33866	4	0.095238
34861	33987	1	0.017544
34861	33866	1	0.017544
34861	34384	1	0.017544
34861	34324	9	0.157895
34861	34488	2	0.035088
34861	34970	1	0.017544
34861	34122	1	0.017544
34861	34430	2	0.035088
34862	33922	7	0.001750
34862	33925	1	0.000250
34862	34061	1	0.000250
34862	34577	1	0.000250
34862	34970	1	0.000250
34862	33822	1	0.000250
34862	34727	8	0.002000
34862	33778	3	0.000750
34862	34488	70	0.017500
34862	33977	1	0.000250
34862	33722	1	0.000250
34862	34748	1	0.000250
34862	34239	18	0.004500
34862	34369	2	0.000500
34862	33859	6	0.001500
34862	34884	2	0.000500
34862	34899	10	0.002500
34862	34137	2	0.000500
34862	34011	3	0.000750
34862	34535	6	0.001500
34862	34940	1	0.000250
34862	34795	3	0.000750
34862	34540	4	0.001000
34862	34178	1	0.000250
34862	34802	1	0.000250
34862	33916	16	0.004000
34862	34303	8	0.002000
34863	34816	542	1.321951
34863	33925	391	0.953659
34863	34440	2	0.004878
34863	33935	2	0.004878
34863	34192	2594	6.326829
34863	34321	48	0.117073
34863	34591	40	0.097561
34863	34729	1	0.002439
34863	34090	1	0.002439
34863	33720	1	0.002439
34863	33851	2	0.004878
34863	33866	2	0.004878
34863	33854	2379	5.802439
34863	34375	26	0.063415
34863	34122	1	0.002439
34863	33867	4	0.009756
34863	34637	3	0.007317
34863	34488	18	0.043902
34863	34899	4	0.009756
34863	33877	3	0.007317
34863	34011	53	0.129268
34863	34034	2	0.004878
34863	34940	2	0.004878
34864	34375	3	0.130435
34865	34011	107	6.687500
34865	34615	27	1.687500
34866	34611	2	0.003356
34866	33866	12	0.020134
34866	34747	1	0.001678
34868	33925	3	0.069767
34868	34929	1	0.023256
34868	34320	1	0.023256
34868	34833	2	0.046512
34868	34034	1	0.023256
34868	33854	6	0.139535
34868	34745	1	0.023256
34868	33916	1	0.023256
34868	34430	2	0.046512
34869	34977	1	0.058824
34869	33925	17	1.000000
34869	33996	3	0.176471
34869	34637	1	0.058824
34869	34430	1	0.058824
34869	34200	1	0.058824
34869	33851	1	0.058824
34869	33854	68	4.000000
34870	34745	658	3.004566
34870	33925	2	0.009132
34870	34431	2	0.009132
34873	33989	1	0.006452
34873	33866	30	0.193548
34873	34320	1	0.006452
34873	34034	1	0.006452
34873	34966	1	0.006452
34873	33755	1	0.006452
34873	34303	1	0.006452
34874	33925	1	0.002045
34874	34273	2	0.004090
34874	33861	1	0.002045
34874	33830	17	0.034765
34874	34727	1	0.002045
34874	34088	1	0.002045
34874	33824	1	0.002045
34874	34440	4	0.008180
34874	33867	3	0.006135
34874	34414	1	0.002045
34874	34192	2	0.004090
34874	34033	16	0.032720
34874	34357	1	0.002045
34874	34935	1	0.002045
34874	34680	1	0.002045
34874	34970	1	0.002045
34874	34011	4	0.008180
34874	33866	1	0.002045
34874	33854	1	0.002045
34874	34741	1	0.002045
34876	34816	3	0.043478
34876	34011	21	0.304348
34876	34637	1	0.014493
34877	34474	2	0.005051
34878	34816	129	2.114754
34878	33824	3	0.049180
34878	33925	64	1.049180
34878	34440	6	0.098361
34878	34555	4	0.065574
34878	33854	122	2.000000
34879	34816	10	1.000000
34879	34611	10	1.000000
34879	34011	10	1.000000
34879	33854	50	5.000000
34881	33907	34	0.459459
34882	33866	22	0.814815
34883	34833	7	0.016317
34883	33866	7	0.016317
34883	33891	2	0.004662
34883	34164	1	0.002331
34883	34966	1	0.002331
34884	34305	1	0.001209
34884	33922	1	0.001209
34884	34440	828	1.001209
34884	34190	1	0.001209
34884	34192	2	0.002418
34884	33824	3	0.003628
34884	33964	6	0.007255
34884	34862	2	0.002418
34884	34994	2	0.002418
34884	34616	1	0.001209
34884	34748	1	0.001209
34884	33854	3	0.003628
34884	33859	1	0.001209
34884	34631	1	0.001209
34884	33867	1	0.001209
34884	34256	7	0.008464
34884	34011	13	0.015719
34884	34539	1	0.001209
34884	34928	1	0.001209
34884	34545	1	0.001209
34884	34802	1	0.001209
34884	34171	1	0.001209
34884	34302	1	0.001209
34884	34303	2	0.002418
34887	34347	132	3.567568
34887	34516	2	0.054054
34887	34173	1	0.027027
34890	33866	2	0.166667
34893	33988	1	0.055556
34893	34795	1	0.055556
34893	34488	2	0.111111
34893	34745	1	0.055556
34893	34011	2	0.111111
34893	34303	4	0.222222
34894	33866	181	0.776824
34894	34037	179	0.768240
34894	33950	182	0.781116
34896	34816	26	0.020505
34896	34945	7	0.005521
34896	34440	1488	1.173502
34896	34061	14	0.011041
34896	33935	17	0.013407
34896	34192	1	0.000789
34896	34073	28	0.022082
34896	34970	3	0.002366
34896	33824	14	0.011041
34896	34726	10	0.007886
34896	34727	9	0.007098
34896	34600	2	0.001577
34896	34247	1	0.000789
34896	33845	24	0.018927
34896	34230	2	0.001577
34896	34488	3	0.002366
34896	33725	7	0.005521
34896	34752	11	0.008675
34896	34336	1	0.000789
34896	34375	2288	1.804416
34896	34122	12	0.009464
34896	34004	3	0.002366
34896	33877	3	0.002366
34896	34011	756	0.596215
34896	34526	751	0.592271
34896	34535	13	0.010252
34896	34664	2	0.001577
34896	34540	13	0.010252
34896	34414	3	0.002366
34896	34418	2	0.001577
34896	34807	1	0.000789
34896	34303	15	0.011830
34897	34816	2	0.021739
34897	34688	2	0.021739
34897	34052	2	0.021739
34897	34440	5	0.054348
34897	34589	2	0.021739
34897	33735	2	0.021739
34897	33841	2	0.021739
34897	34890	2	0.021739
34897	33854	2	0.021739
34897	34763	2	0.021739
34897	34375	1	0.010870
34897	33866	2	0.021739
34897	34891	4	0.043478
34897	34637	2	0.021739
34897	34253	2	0.021739
34897	33877	2	0.021739
34897	34011	34	0.369565
34897	33893	3	0.032609
34897	34150	2	0.021739
34897	34151	2	0.021739
34897	34034	3	0.032609
34897	33786	2	0.021739
34897	33916	3	0.032609
34898	34816	15	0.065217
34898	34700	10	0.043478
34898	34637	4	0.017391
34898	34073	2	0.008696
34898	33786	2	0.008696
34898	34011	10	0.043478
34898	33854	2	0.008696
34899	34488	8	0.108108
34900	34611	6	0.015584
34900	34747	3	0.007792
34902	33866	2	1.000000
34903	34816	1	0.030303
34903	33925	33	1.000000
34903	34727	33	1.000000
34903	34263	1	0.030303
34903	34011	2	0.060606
34903	33854	165	5.000000
34903	34303	2	0.060606
34905	34304	1	0.166667
34905	34947	2	0.333333
34905	33925	6	1.000000
34905	34956	4	0.666667
34905	34064	1	0.166667
34905	34961	1	0.166667
34905	34579	1	0.166667
34905	34708	2	0.333333
34905	34077	1	0.166667
34905	34466	1	0.166667
34905	34344	1	0.166667
34905	34739	1	0.166667
34905	34101	1	0.166667
34905	34614	1	0.166667
34905	34103	1	0.166667
34905	33720	27	4.500000
34905	33721	1	0.166667
34905	34362	1	0.166667
34905	34492	1	0.166667
34905	33854	24	4.000000
34905	33727	1	0.166667
34905	34377	2	0.333333
34905	33739	1	0.166667
34905	34764	1	0.166667
34905	33874	2	0.333333
34905	34771	6	1.000000
34905	34011	12	2.000000
34905	34015	1	0.166667
34905	33897	1	0.166667
34905	34923	2	0.333333
34905	34924	1	0.166667
34905	33773	1	0.166667
34905	34294	1	0.166667
34905	34039	1	0.166667
34905	34495	1	0.166667
34906	33977	1	0.002146
34906	33866	2	0.004292
34906	34611	12	0.025751
34906	33886	2366	5.077253
34907	34347	130	3.513514
34907	34516	2	0.054054
34907	34173	1	0.027027
34910	33835	18	0.152542
34910	33699	18	0.152542
34910	34991	18	0.152542
34911	33926	5	0.096154
34911	33867	1	0.019231
34911	34833	2	0.038462
34911	33717	1	0.019231
34911	34007	5	0.096154
34911	33854	2	0.038462
34912	34816	3	0.200000
34912	34011	4	0.266667
34912	33854	3	0.200000
34913	34816	1	0.002653
34913	33925	3	0.007958
34913	34440	1	0.002653
34913	33866	3	0.007958
34913	33907	10	0.026525
34913	34488	1	0.002653
34913	34938	2	0.005305
34913	34011	23	0.061008
34913	33854	1	0.002653
34913	33989	1	0.002653
34914	34632	13	0.317073
34914	33833	13	0.317073
34915	33824	5	0.010163
34915	34375	12	0.024390
34915	34440	7	0.014228
34915	34727	2	0.004065
34915	34637	20	0.040650
34915	34414	5	0.010163
34915	33905	21	0.042683
34915	34418	1	0.002033
34915	34899	2	0.004065
34915	33845	6	0.012195
34915	34488	24	0.048780
34915	34011	3	0.006098
34915	34013	3	0.006098
34915	33854	1	0.002033
34917	34011	1	0.004926
34917	33866	2	0.009852
34917	34164	2	0.009852
34917	33945	1	0.004926
34917	33786	2	0.009852
34917	34715	1	0.004926
34918	34816	1	0.055556
34918	34440	16	0.888889
34918	34122	16	0.888889
34918	33977	17	0.944444
34918	34970	3592	199.555556
34918	33854	32	1.777778
34921	34816	545	1.211111
34921	33925	405	0.900000
34921	34440	2	0.004444
34921	33935	2	0.004444
34921	34192	2887	6.415556
34921	34321	44	0.097778
34921	34591	41	0.091111
34921	34729	1	0.002222
34921	34090	1	0.002222
34921	34488	27	0.060000
34921	33977	3	0.006667
34921	33851	2	0.004444
34921	33866	2	0.004444
34921	33854	2449	5.442222
34921	34375	26	0.057778
34921	34122	1	0.002222
34921	33867	4	0.008889
34921	34637	3	0.006667
34921	33720	1	0.002222
34921	34899	6	0.013333
34921	33877	3	0.006667
34921	34011	54	0.120000
34921	34034	3	0.006667
34921	34940	3	0.006667
34923	34816	1	0.142857
34923	34304	1	0.142857
34923	34947	2	0.285714
34923	33925	7	1.000000
34923	34956	4	0.571429
34923	34064	1	0.142857
34923	34961	1	0.142857
34923	34579	1	0.142857
34923	34708	2	0.285714
34923	34077	1	0.142857
34923	34466	1	0.142857
34923	34344	1	0.142857
34923	34739	1	0.142857
34923	34101	1	0.142857
34923	34614	1	0.142857
34923	34103	1	0.142857
34923	33720	29	4.142857
34923	33721	1	0.142857
34923	34362	1	0.142857
34923	34492	1	0.142857
34923	33854	28	4.000000
34923	33727	1	0.142857
34923	34377	2	0.285714
34923	33739	1	0.142857
34923	34764	1	0.142857
34923	33874	2	0.285714
34923	34771	6	0.857143
34923	34905	1	0.142857
34923	34011	1	0.142857
34923	34015	1	0.142857
34923	33897	1	0.142857
34923	34924	1	0.142857
34923	33773	1	0.142857
34923	34294	1	0.142857
34923	34039	1	0.142857
34923	34495	1	0.142857
34924	34816	296	0.543119
34924	34304	22	0.040367
34924	34947	50	0.091743
34924	33925	541	0.992661
34924	34440	2	0.003670
34924	34956	37	0.067890
34924	33935	1	0.001835
34924	34064	34	0.062385
34924	34961	46	0.084404
34924	34579	70	0.128440
34924	34708	43	0.078899
34924	34748	1	0.001835
34924	34077	46	0.084404
34924	33824	4	0.007339
34924	34466	52	0.095413
34924	34980	3	0.005505
34924	34344	49	0.089908
34924	34090	1	0.001835
34924	34739	72	0.132110
34924	34101	34	0.062385
34924	34614	34	0.062385
34924	34103	37	0.067890
34924	33720	2115	3.880734
34924	33721	28	0.051376
34924	34362	25	0.045872
34924	33851	2	0.003670
34924	34492	47	0.086239
34924	33854	2160	3.963303
34924	33727	28	0.051376
34924	34377	38	0.069725
34924	33866	1	0.001835
34924	33739	46	0.084404
34924	34764	81	0.148624
34924	34637	7	0.012844
34924	33874	54	0.099083
34924	34771	83	0.152294
34924	33877	1	0.001835
34924	34905	55	0.100917
34924	34011	146	0.267890
34924	34015	67	0.122936
34924	33787	1	0.001835
34924	33897	43	0.078899
34924	34923	74	0.135780
34924	33773	32	0.058716
34924	33903	1	0.001835
34924	34294	37	0.067890
34924	34039	52	0.095413
34924	33786	1	0.001835
34924	34495	43	0.078899
34928	34816	172	1.202797
34928	33916	1	0.006993
34928	34141	1	0.006993
34928	33854	1	0.006993
34928	34437	1	0.006993
34929	34816	13	0.000541
34929	34179	22	0.000916
34929	34703	2	0.000083
34929	33925	1	0.000042
34929	34440	12	0.000500
34929	33935	6	0.000250
34929	34320	5	0.000208
34929	34969	1	0.000042
34929	34200	3	0.000125
34929	34073	13	0.000541
34929	34970	2	0.000083
34929	34975	1	0.000042
34929	33824	5	0.000208
34929	33904	75	0.003123
34929	33826	1	0.000042
34929	34086	1	0.000042
34929	34727	1	0.000042
34929	34090	2	0.000083
34929	34247	5	0.000208
34929	34093	3	0.000125
34929	34308	1	0.000042
34929	34611	4	0.000167
34929	34101	1	0.000042
34929	34488	8	0.000333
34929	33977	4	0.000167
34929	33866	19	0.000791
34929	33854	6	0.000250
34929	34375	18	0.000749
34929	34122	3	0.000125
34929	33867	2	0.000083
34929	34637	3	0.000125
34929	34899	2	0.000083
34929	33877	8	0.000333
34929	34105	1	0.000042
34929	34011	22	0.000916
34929	34192	3	0.000125
34929	34795	1	0.000042
34929	34877	1	0.000042
34929	34544	7	0.000291
34929	34745	1	0.000042
34929	34034	13	0.000541
34929	34041	2	0.000083
34929	33786	4	0.000167
34929	33916	28	0.001166
34929	34174	1	0.000042
34929	34303	50	0.002082
34930	33925	1	0.002525
34930	33866	12	0.030303
34930	34093	1	0.002525
34930	34611	1	0.002525
34930	33877	1	0.002525
34930	33854	8	0.020202
34931	34816	2	0.033333
34931	34090	1	0.016667
34932	33824	31	1.000000
34932	34816	4	0.129032
34932	34978	62	2.000000
34932	33925	32	1.032258
34932	34440	1	0.032258
34932	34122	102	3.290323
34932	34444	63	2.032258
34932	33866	1	0.032258
34932	34552	1	0.032258
34932	34970	31	1.000000
34932	34011	1	0.032258
34932	34090	1	0.032258
34932	33854	125	4.032258
34933	34816	10	0.008985
34933	34051	5	0.004492
34933	34055	6	0.005391
34933	34440	13	0.011680
34933	34058	1	0.000898
34933	33931	1	0.000898
34933	34700	136	0.122192
34933	34701	1	0.000898
34933	34448	2	0.001797
34933	34705	1	0.000898
34933	33940	4	0.003594
34933	34711	1	0.000898
34933	34970	1	0.000898
34933	34846	1	0.000898
34933	33824	2	0.001797
34933	34851	1	0.000898
34933	34853	1	0.000898
34933	33830	1	0.000898
34933	33703	1	0.000898
34933	34729	1	0.000898
34933	34090	1	0.000898
34933	33714	1	0.000898
34933	34741	2	0.001797
34933	34874	1	0.000898
34933	34357	1	0.000898
34933	34379	1	0.000898
34933	34898	131	0.117700
34933	34775	7	0.006289
34933	34011	8	0.007188
34933	33891	1	0.000898
34933	34523	1	0.000898
34933	34651	1	0.000898
34933	33899	1	0.000898
34933	34414	4	0.003594
34933	34034	1	0.000898
34933	34935	1	0.000898
34933	33786	5	0.004492
34933	33787	1	0.000898
34933	34173	1	0.000898
34935	33824	12	0.018265
34935	34273	9	0.013699
34935	33925	1	0.001522
34935	33830	34	0.051750
34935	34727	4	0.006088
34935	34440	9	0.013699
34935	33994	1	0.001522
34935	34375	1	0.001522
34935	34444	5	0.007610
34935	34637	1	0.001522
34935	34414	5	0.007610
34935	34447	11	0.016743
34935	34929	1	0.001522
34935	34034	1	0.001522
34935	34401	1	0.001522
34935	34775	2	0.003044
34935	34680	1	0.001522
34935	34970	20	0.030441
34935	34011	15	0.022831
34935	33854	7	0.010654
34935	34933	2	0.003044
34936	34283	1	0.007692
34936	33860	7	0.053846
34937	33936	1	0.002128
34937	34414	1	0.002128
34937	34256	1	0.002128
34937	33809	1	0.002128
34937	34488	3	0.006383
34937	34748	3	0.006383
34937	33854	1	0.002128
34937	34303	4	0.008511
34939	34738	2	0.019608
34939	34899	1	0.009804
34939	34431	2	0.019608
34940	34440	1	0.002632
34940	34256	2	0.005263
34941	34375	1	0.017857
34941	34440	3	0.053571
34941	34539	7	0.125000
34941	34765	6	0.107143
34941	34256	1	0.017857
34941	34631	4	0.071429
34941	34552	1	0.017857
34941	34303	2	0.035714
34942	33804	1	0.000721
34942	34078	1	0.000721
34943	33864	2	0.074074
34943	34011	6	0.222222
34943	34003	2	0.074074
34943	34599	2	0.074074
34944	33866	357	0.708333
34944	33877	2	0.003968
34944	34615	95	0.188492
34944	34747	1	0.001984
34944	33916	1	0.001984
34944	34430	3	0.005952
34944	34431	95	0.188492
34945	33824	1	0.047619
34945	34914	1	0.047619
34945	34380	1	0.047619
34945	34896	1	0.047619
34945	34970	1	0.047619
34945	34106	1	0.047619
34945	33854	1	0.047619
34947	34304	1	0.166667
34947	33925	6	1.000000
34947	34956	4	0.666667
34947	34064	1	0.166667
34947	34961	1	0.166667
34947	34579	1	0.166667
34947	34708	2	0.333333
34947	34077	1	0.166667
34947	34466	1	0.166667
34947	34344	1	0.166667
34947	34739	1	0.166667
34947	34101	1	0.166667
34947	34614	1	0.166667
34947	34103	1	0.166667
34947	33720	25	4.166667
34947	33721	1	0.166667
34947	34362	1	0.166667
34947	34492	1	0.166667
34947	33854	24	4.000000
34947	34495	1	0.166667
34947	34377	2	0.333333
34947	33739	1	0.166667
34947	34764	1	0.166667
34947	33874	2	0.333333
34947	34771	6	1.000000
34947	34905	1	0.166667
34947	34015	1	0.166667
34947	33897	1	0.166667
34947	34923	2	0.333333
34947	34924	1	0.166667
34947	33773	1	0.166667
34947	34294	1	0.166667
34947	34039	1	0.166667
34947	33727	1	0.166667
34949	33824	8	0.041026
34949	33925	7	0.035897
34949	34122	1	0.005128
34949	34799	1	0.005128
34949	33877	1	0.005128
34949	33935	1	0.005128
34949	34109	1	0.005128
34951	33866	32	0.038929
34951	34611	2	0.002433
34951	34804	8	0.009732
34951	34966	6	0.007299
34951	34303	1	0.001217
34953	34816	1	0.032258
34953	34375	4	0.129032
34953	34121	4	0.129032
34953	34378	1	0.032258
34953	34637	1	0.032258
34953	34135	1	0.032258
34953	33786	1	0.032258
34953	34011	14	0.451613
34953	33866	4	0.129032
34954	33792	1	0.015385
34954	34745	1	0.015385
34954	33866	23	0.353846
34954	34929	1	0.015385
34955	34637	1	0.002762
34956	34304	1	0.125000
34956	34947	2	0.250000
34956	33925	8	1.000000
34956	34064	1	0.125000
34956	34961	1	0.125000
34956	34579	1	0.125000
34956	34708	2	0.250000
34956	34077	1	0.125000
34956	34466	1	0.125000
34956	34344	1	0.125000
34956	34739	3	0.375000
34956	34101	1	0.125000
34956	34614	1	0.125000
34956	34103	1	0.125000
34956	33720	35	4.375000
34956	33721	1	0.125000
34956	34362	1	0.125000
34956	34492	1	0.125000
34956	33854	32	4.000000
34956	33727	1	0.125000
34956	34377	2	0.250000
34956	33739	1	0.125000
34956	34764	3	0.375000
34956	34637	2	0.250000
34956	33874	2	0.250000
34956	34771	6	0.750000
34956	34905	1	0.125000
34956	34015	1	0.125000
34956	33897	1	0.125000
34956	34923	2	0.250000
34956	34924	1	0.125000
34956	33773	1	0.125000
34956	34294	1	0.125000
34956	34039	1	0.125000
34956	34495	1	0.125000
34957	33866	99	0.140227
34957	33987	39	0.055241
34957	33877	1	0.001416
34958	33866	3	0.073171
34958	33854	1	0.024390
34958	34399	2	0.048780
34961	34304	1	0.166667
34961	34947	2	0.333333
34961	33925	6	1.000000
34961	34956	4	0.666667
34961	34064	1	0.166667
34961	34579	1	0.166667
34961	34708	2	0.333333
34961	34077	1	0.166667
34961	34466	1	0.166667
34961	34344	1	0.166667
34961	34739	1	0.166667
34961	34101	1	0.166667
34961	34614	1	0.166667
34961	34103	1	0.166667
34961	33720	27	4.500000
34961	33721	1	0.166667
34961	34362	1	0.166667
34961	34492	1	0.166667
34961	33854	24	4.000000
34961	33727	1	0.166667
34961	34377	2	0.333333
34961	33739	1	0.166667
34961	34764	1	0.166667
34961	33874	2	0.333333
34961	34771	6	1.000000
34961	34905	1	0.166667
34961	34015	1	0.166667
34961	33897	1	0.166667
34961	34923	2	0.333333
34961	34924	1	0.166667
34961	33773	1	0.166667
34961	34294	1	0.166667
34961	34039	1	0.166667
34961	34495	1	0.166667
34964	33866	59	1.134615
34965	33925	1	0.012987
34965	34795	1	0.012987
34965	33786	1	0.012987
34965	34013	2	0.025974
34965	33854	1	0.012987
34965	34111	7	0.090909
34966	34553	1	0.000737
34966	33866	22	0.016212
34966	34380	1	0.000737
34966	34630	1	0.000737
34969	33866	10	0.052632
34970	34816	42	0.027255
34970	33925	2	0.001298
34970	34440	2913	1.890331
34970	34061	1	0.000649
34970	34192	7	0.004543
34970	33811	2	0.001298
34970	34181	5	0.003245
34970	33826	1	0.000649
34970	34727	2	0.001298
34970	34090	1	0.000649
34970	34861	1	0.000649
34970	34862	1	0.000649
34970	33971	1	0.000649
34970	34488	1	0.000649
34970	34233	1	0.000649
34970	34122	1524	0.988968
34970	33854	3046	1.976639
34970	33866	2	0.001298
34970	33867	2	0.001298
34970	34128	1	0.000649
34970	34899	1	0.000649
34970	34004	1	0.000649
34970	33878	2	0.001298
34970	33977	761	0.493835
34970	34009	11	0.007138
34970	34011	20	0.012979
34970	34914	1	0.000649
34970	33892	1	0.000649
34970	34025	1	0.000649
34970	34794	2	0.001298
34970	34877	1	0.000649
34970	34414	8	0.005191
34970	33853	3	0.001947
34970	33904	10	0.006489
34970	34933	1	0.000649
34970	33787	1	0.000649
34970	33789	3	0.001947
34971	34816	6	0.009804
34971	34573	1	0.001634
34971	33935	2	0.003268
34971	34320	1	0.001634
34971	34833	19	0.031046
34971	33824	1	0.001634
34971	34011	13	0.021242
34971	33905	1	0.001634
34971	34610	1	0.001634
34971	34611	18	0.029412
34971	34745	3	0.004902
34971	34378	1	0.001634
34971	34114	2	0.003268
34971	33989	1	0.001634
34971	33734	1	0.001634
34971	33866	9	0.014706
34971	34764	3	0.004902
34971	33877	1	0.001634
34971	34135	1	0.001634
34971	33755	2	0.003268
34971	34655	1	0.001634
34971	34657	1	0.001634
34971	33891	3	0.004902
34971	34283	1	0.001634
34971	33903	2	0.003268
34971	34929	2	0.003268
34971	34034	2	0.003268
34971	34035	1	0.001634
34971	33916	1	0.001634
34971	34430	1	0.001634
34973	33989	7	0.009383
34973	33866	17	0.022788
34973	33903	2	0.002681
34973	34833	5	0.006702
34973	34611	8	0.010724
34973	33877	1	0.001340
34973	34745	4	0.005362
34973	33755	2	0.002681
34973	33916	1	0.001340
34974	34816	3	0.035294
34974	34011	6	0.070588
34974	34555	15	0.176471
34974	33925	155	1.823529
34974	33854	170	2.000000
34975	34488	3	0.003866
34975	34985	1	0.001289
34975	34899	12	0.015464
34975	34747	1	0.001289
34977	34816	5	0.080645
34977	33925	62	1.000000
34977	33866	3	0.048387
34977	33996	1	0.016129
34977	33877	2	0.032258
34977	34011	1	0.016129
34978	34816	112	1.400000
34978	33824	1	0.012500
34978	34011	160	2.000000
34978	33925	54	0.675000
34978	33854	162	2.025000
34979	34816	2	0.027778
34979	34969	4	0.055556
34979	34011	3	0.041667
34979	34405	2	0.027778
34979	34375	1	0.013889
34980	34816	14	0.482759
34980	34977	1	0.034483
34980	34090	29	1.000000
34980	34961	35	1.206897
34980	34011	2	0.068966
34980	33854	112	3.862069
34982	33824	1	0.002597
34982	34882	383	0.994805
34982	34979	385	1.000000
34982	34637	1	0.002597
34982	33927	3	0.007792
34982	34121	1	0.002597
34982	33787	1	0.002597
34982	34093	1	0.002597
34982	33839	383	0.994805
34982	34929	1	0.002597
34982	34011	1	0.002597
34982	34488	2	0.005195
34982	34969	385	1.000000
34982	34562	1	0.002597
34982	34191	1	0.002597
34982	33786	1	0.002597
34982	33854	1	0.002597
34984	34745	1	0.021739
34984	34788	47	1.021739
34984	33894	1	0.021739
34984	33903	1	0.021739
34985	34488	7	0.086420
34985	34929	1	0.012346
34986	33866	2	0.086957
34987	34440	4	0.133333
34987	34058	1	0.033333
34987	33899	1	0.033333
34987	34414	1	0.033333
34987	34448	1	0.033333
34987	33940	1	0.033333
34991	33835	18	0.152542
34991	33699	18	0.152542
34991	34910	18	0.152542
34992	34034	1	0.045455
34992	33866	1	0.045455
34993	33866	1	0.019608
34994	34816	1	0.002004
34994	34241	2	0.004008
34994	33859	1	0.002004
34994	33925	1	0.002004
34994	34122	1	0.002004
34994	33886	1	0.002004
34994	34011	1	0.002004
34994	34970	1	0.002004
34994	34171	3	0.006012
34994	33916	1	0.002004
34994	33866	1	0.002004
34994	33854	3	0.006012
34994	34303	4	0.008016
34995	34440	5	0.005995
34995	34637	10	0.011990
34995	33936	1	0.001199
34995	34488	1	0.001199
34995	33786	15	0.017986
34995	34011	1	0.001199
34995	34970	1	0.001199
34995	34303	2	0.002398
34996	34883	6	0.026549
34996	34011	6	0.026549
33695	34816	206	0.858333
33695	34304	1	0.004167
33695	33794	1	0.004167
33695	33795	1	0.004167
33695	33799	1	0.004167
33695	34312	1	0.004167
33695	34833	1	0.004167
33695	34344	1	0.004167
33695	34868	1	0.004167
33695	33845	3	0.012500
33695	34870	1	0.004167
33695	34362	1	0.004167
33695	33851	1	0.004167
33695	34876	1	0.004167
33695	33854	720	3.000000
33695	34375	8	0.033333
33695	34377	1	0.004167
33695	33866	2	0.008333
33695	34382	1	0.004167
33695	33874	1	0.004167
33695	33875	1	0.004167
33695	34388	1	0.004167
33695	33877	8	0.033333
33695	34903	1	0.004167
33695	33880	1	0.004167
33695	34905	2	0.008333
33695	34397	1	0.004167
33695	33886	1	0.004167
33695	34401	1	0.004167
33695	33891	1	0.004167
33695	34405	1	0.004167
33695	33897	1	0.004167
33695	34923	1	0.004167
33695	34924	1	0.004167
33695	34418	1	0.004167
33695	34426	1	0.004167
33695	33983	1	0.004167
33695	34430	1	0.004167
33695	34947	1	0.004167
33695	33925	1	0.004167
33695	34444	5	0.020833
33695	34961	1	0.004167
33695	33941	1	0.004167
33695	34977	1	0.004167
33695	34978	1	0.004167
33695	34980	2	0.008333
33695	34488	1	0.004167
33695	33977	4	0.016667
33695	34490	1	0.004167
33695	34492	1	0.004167
33695	34495	1	0.004167
33695	33994	1	0.004167
33695	34011	10	0.041667
33695	34525	1	0.004167
33695	34015	1	0.004167
33695	34016	1	0.004167
33695	34530	1	0.004167
33695	34534	1	0.004167
33695	34537	1	0.004167
33695	34542	1	0.004167
33695	34543	1	0.004167
33695	34039	1	0.004167
33695	34558	1	0.004167
33695	34051	1	0.004167
33695	34568	1	0.004167
33695	34570	1	0.004167
33695	34064	1	0.004167
33695	34579	1	0.004167
33695	34068	1	0.004167
33695	34073	4	0.016667
33695	34077	1	0.004167
33695	34090	2	0.008333
33695	34093	1	0.004167
33695	34609	1	0.004167
33695	34098	1	0.004167
33695	34611	2	0.008333
33695	34101	1	0.004167
33695	34614	1	0.004167
33695	34103	1	0.004167
33695	34619	1	0.004167
33695	34626	1	0.004167
33695	34630	1	0.004167
33695	34956	1	0.004167
33695	34122	3	0.012500
33695	34123	1	0.004167
33695	34150	1	0.004167
33695	34663	1	0.004167
33695	34667	1	0.004167
33695	34680	1	0.004167
33695	34173	1	0.004167
33695	34179	1	0.004167
33695	34181	1	0.004167
33695	34703	1	0.004167
33695	34192	4	0.016667
33695	34194	1	0.004167
33695	34708	1	0.004167
33695	34200	1	0.004167
33695	34206	1	0.004167
33695	34725	1	0.004167
33695	34727	3	0.012500
33695	34739	1	0.004167
33695	33719	1	0.004167
33695	33773	1	0.004167
33695	33721	1	0.004167
33695	34747	1	0.004167
33695	33727	1	0.004167
33695	33739	1	0.004167
33695	34764	1	0.004167
33695	34466	1	0.004167
33695	34771	1	0.004167
33695	33755	1	0.004167
33695	34278	1	0.004167
33695	34795	1	0.004167
33695	34898	1	0.004167
33695	34899	1	0.004167
33695	34294	1	0.004167
33695	33787	1	0.004167
33696	33866	6	0.047619
33698	34816	3	0.200000
33698	33824	15	1.000000
33698	34978	30	2.000000
33698	34555	12	0.800000
33698	33925	15	1.000000
33698	34657	2	0.133333
33698	34156	4	0.266667
33698	34122	58	3.866667
33698	34775	2	0.133333
33698	34444	32	2.133333
33698	33755	2	0.133333
33698	34263	2	0.133333
33698	34105	2	0.133333
33698	34970	15	1.000000
33698	34011	3	0.200000
33698	33854	60	4.000000
33698	34303	2	0.133333
33699	33835	18	0.152542
33699	34910	18	0.152542
33699	34991	18	0.152542
33700	34657	2	0.000530
33700	33891	2	0.000530
33700	33989	2	0.000530
33700	34748	2	0.000530
33700	34156	2	0.000530
33700	34093	6	0.001591
33700	33903	2	0.000530
33700	34833	2	0.000530
33700	34034	2	0.000530
33700	34611	4	0.001061
33700	34804	2	0.000530
33700	33877	2	0.000530
33700	34263	2	0.000530
33700	34392	811	0.215062
33700	34553	2	0.000530
33700	33935	2	0.000530
33700	33755	4	0.001061
33700	33916	2	0.000530
33700	34430	4	0.001061
33701	34380	2	0.000955
33701	33866	25	0.011933
33701	33916	2	0.000955
33703	33925	1	0.026316
33703	34663	1	0.026316
33703	34440	33	0.868421
33703	34154	32	0.842105
33703	34727	1	0.026316
33703	34477	32	0.842105
33703	34637	1	0.026316
33703	34552	1	0.026316
33703	33786	1	0.026316
33703	34303	1	0.026316
33704	33866	60	0.895522
33704	33877	30	0.447761
33704	33854	30	0.447761
33705	33866	6	0.018868
33706	33952	1	0.002083
33706	34657	2	0.004167
33706	34949	2	0.004167
33706	34816	1	0.002083
33706	33824	3	0.006250
33706	34444	1	0.002083
33706	34122	1	0.002083
33706	34028	2	0.004167
33706	34669	1	0.002083
33706	34899	1	0.002083
33706	33718	3	0.006250
33706	34650	2	0.004167
33706	34230	1	0.002083
33706	33916	1	0.002083
33706	33854	1	0.002083
33708	34456	3	0.125000
33708	34816	1	0.041667
33708	34970	2	0.083333
33708	34011	10	0.416667
33708	34121	3	0.125000
33712	34816	2	0.500000
33712	34011	2	0.500000
33712	33925	4	1.000000
33712	33854	20	5.000000
33712	34727	4	1.000000
33714	34816	2	0.000381
33714	34563	1	0.000191
33714	34055	1	0.000191
33714	34440	7	0.001335
33714	34443	1	0.000191
33714	34700	2	0.000381
33714	34959	2	0.000381
33714	33940	1	0.000191
33714	33824	10	0.001907
33714	33830	3	0.000572
33714	34727	1	0.000191
33714	34093	1	0.000191
33714	34862	2	0.000381
33714	34611	1	0.000191
33714	34741	1	0.000191
33714	34488	5	0.000954
33714	33854	4	0.000763
33714	34375	3	0.000572
33714	33866	21	0.004005
33714	33867	1	0.000191
33714	33745	1	0.000191
33714	34898	4	0.000763
33714	34899	2	0.000381
33714	34132	2	0.000381
33714	33877	4	0.000763
33714	34775	7	0.001335
33714	34011	44	0.008392
33714	34663	2	0.000381
33714	34414	2	0.000381
33714	34173	2	0.000381
33714	34034	17	0.003242
33714	34933	25	0.004768
33714	34680	4	0.000763
33714	33789	21	0.004005
33714	34303	6	0.001144
33715	34440	4	0.200000
33715	34208	2	0.100000
33715	34011	2	0.100000
33715	34347	1	0.050000
33715	33854	1	0.050000
33716	33866	28	0.823529
33717	34911	1	0.055556
33718	33866	339	0.540670
33718	33916	1	0.001595
33719	34816	26	1.083333
33719	34011	24	1.000000
33719	34555	24	1.000000
33719	33854	120	5.000000
33720	34816	4	0.011730
33720	33824	2	0.005865
33720	34466	1	0.002933
33720	33925	8	0.023460
33720	34280	7	0.020528
33720	34377	1	0.002933
33720	34764	1	0.002933
33720	34637	4	0.011730
33720	34961	2	0.005865
33720	34739	2	0.005865
33720	34294	1	0.002933
33720	33786	4	0.011730
33720	34011	2	0.005865
33720	33854	1700	4.985337
33721	34816	296	0.543119
33721	34304	22	0.040367
33721	34947	50	0.091743
33721	33925	545	1.000000
33721	34440	3	0.005505
33721	34956	37	0.067890
33721	33935	1	0.001835
33721	34064	34	0.062385
33721	34961	46	0.084404
33721	34579	70	0.128440
33721	34708	43	0.078899
33721	34748	1	0.001835
33721	34077	46	0.084404
33721	33824	4	0.007339
33721	34466	52	0.095413
33721	34980	3	0.005505
33721	34344	49	0.089908
33721	34090	1	0.001835
33721	34739	72	0.132110
33721	34101	34	0.062385
33721	34614	34	0.062385
33721	34103	37	0.067890
33721	33720	2127	3.902752
33721	34362	25	0.045872
33721	33851	2	0.003670
33721	34492	47	0.086239
33721	33854	2176	3.992661
33721	33727	28	0.051376
33721	34377	38	0.069725
33721	33866	1	0.001835
33721	33739	46	0.084404
33721	34764	81	0.148624
33721	34637	7	0.012844
33721	33874	54	0.099083
33721	34771	83	0.152294
33721	33877	1	0.001835
33721	34905	55	0.100917
33721	34011	147	0.269725
33721	34015	67	0.122936
33721	33787	1	0.001835
33721	33897	43	0.078899
33721	34923	74	0.135780
33721	34924	28	0.051376
33721	33773	32	0.058716
33721	33903	1	0.001835
33721	34294	37	0.067890
33721	34039	52	0.095413
33721	33786	1	0.001835
33721	34495	43	0.078899
33722	33921	1	0.005587
33722	33819	2	0.011173
33722	33991	1	0.005587
33722	34970	1	0.005587
33722	34587	1	0.005587
33722	34303	1	0.005587
33725	34896	1	0.010101
33725	34970	5	0.050505
33725	34899	1	0.010101
33725	34535	2	0.020202
33727	34304	1	0.166667
33727	34947	2	0.333333
33727	33925	6	1.000000
33727	34956	4	0.666667
33727	34064	1	0.166667
33727	34961	1	0.166667
33727	34579	1	0.166667
33727	34708	2	0.333333
33727	34077	1	0.166667
33727	34466	1	0.166667
33727	34344	1	0.166667
33727	34739	1	0.166667
33727	34101	1	0.166667
33727	34614	1	0.166667
33727	34103	1	0.166667
33727	33720	27	4.500000
33727	33721	1	0.166667
33727	34362	1	0.166667
33727	34492	1	0.166667
33727	33854	24	4.000000
33727	34495	1	0.166667
33727	34377	2	0.333333
33727	33739	1	0.166667
33727	34764	1	0.166667
33727	33874	2	0.333333
33727	34771	6	1.000000
33727	34905	1	0.166667
33727	34011	2	0.333333
33727	34015	1	0.166667
33727	33897	1	0.166667
33727	34923	2	0.333333
33727	34924	1	0.166667
33727	33773	1	0.166667
33727	34294	1	0.166667
33727	34039	1	0.166667
33729	34011	3	0.002545
33729	33925	9	0.007634
33729	33916	3	0.002545
33729	34490	3	0.002545
33729	34171	3	0.002545
33729	34940	3	0.002545
33730	34936	1	0.006369
33730	33866	91	0.579618
33730	34283	1	0.006369
33730	34747	3	0.019108
33730	34775	5	0.031847
33731	34571	1	0.004926
33731	34385	3	0.014778
33731	34011	7	0.034483
33731	33925	2	0.009852
33731	34531	1	0.004926
33733	34816	21	0.032915
33733	33824	1	0.001567
33733	33925	1	0.001567
33733	34440	1	0.001567
33733	34637	2	0.003135
33733	34094	1	0.001567
33733	34192	2	0.003135
33733	34322	1	0.001567
33733	34414	1	0.001567
33733	33786	2	0.003135
33733	34748	2	0.003135
33733	34303	7	0.010972
33734	34412	2	0.086957
33734	33866	3	0.130435
33734	34291	2	0.086957
33734	34156	1	0.043478
33735	34688	4	0.001138
33735	33866	12	0.003414
33735	34430	9	0.002560
33739	34816	296	0.493333
33739	34304	22	0.036667
33739	34947	50	0.083333
33739	33925	545	0.908333
33739	34440	2	0.003333
33739	34956	37	0.061667
33739	33935	1	0.001667
33739	34064	34	0.056667
33739	34961	46	0.076667
33739	34579	70	0.116667
33739	34708	43	0.071667
33739	34077	46	0.076667
33739	33824	4	0.006667
33739	34466	52	0.086667
33739	34980	3	0.005000
33739	34344	49	0.081667
33739	34090	1	0.001667
33739	34739	72	0.120000
33739	34101	34	0.056667
33739	34614	34	0.056667
33739	34103	37	0.061667
33739	33720	2127	3.545000
33739	33721	28	0.046667
33739	34362	25	0.041667
33739	33851	2	0.003333
33739	34492	47	0.078333
33739	33854	2176	3.626667
33739	33727	28	0.046667
33739	34377	38	0.063333
33739	33866	1	0.001667
33739	34748	1	0.001667
33739	34764	81	0.135000
33739	34637	7	0.011667
33739	33874	54	0.090000
33739	34771	83	0.138333
33739	33877	1	0.001667
33739	34905	55	0.091667
33739	34011	147	0.245000
33739	34015	67	0.111667
33739	33787	1	0.001667
33739	33897	43	0.071667
33739	34923	74	0.123333
33739	34924	28	0.046667
33739	33773	32	0.053333
33739	33903	1	0.001667
33739	34294	37	0.061667
33739	34039	52	0.086667
33739	33786	1	0.001667
33739	34495	43	0.071667
33741	34440	5	0.166667
33741	33859	5	0.166667
33741	34526	5	0.166667
33742	34440	1	0.003484
33742	34122	2	0.006969
33742	34828	3	0.010453
33742	34970	7	0.024390
33742	34011	2	0.006969
33742	33916	1	0.003484
33742	33866	1	0.003484
33744	34488	12	1.090909
33745	33824	2	0.004405
33745	34816	6	0.013216
33745	33925	2	0.004405
33745	33830	2	0.004405
33745	34375	2	0.004405
33745	34440	12	0.026432
33745	34414	2	0.004405
33745	34033	477	1.050661
33745	33877	2	0.004405
33745	33854	4	0.008811
33745	34303	10	0.022026
33747	33866	16	2.000000
33747	34086	8	1.000000
33748	34488	3	0.030928
33748	34011	2	0.020619
33748	34342	2	0.020619
33749	33844	33	1.000000
33750	33866	1	0.034483
33752	34816	17	2.125000
33752	34011	7	0.875000
33752	34173	29	3.625000
33754	34488	1	0.027027
33754	34475	28	0.756757
33754	34303	2	0.054054
33755	33925	1	0.000510
33755	34440	1	0.000510
33755	34191	1	0.000510
33755	34192	3	0.001531
33755	34833	1	0.000510
33755	33824	1	0.000510
33755	33826	1967	1.003571
33755	34090	1	0.000510
33755	34862	1	0.000510
33755	34611	30	0.015306
33755	34745	3	0.001531
33755	34122	1	0.000510
33755	33854	3	0.001531
33755	33989	1	0.000510
33755	34121	1	0.000510
33755	33866	6	0.003061
33755	34637	2	0.001020
33755	34011	4	0.002041
33755	33935	1	0.000510
33755	34034	2	0.001020
33755	33786	9	0.004592
33755	33787	1	0.000510
33755	33916	104	0.053061
33755	34430	2	0.001020
33755	34303	1	0.000510
33756	33866	482	0.031472
33758	33866	21	0.875000
33758	34375	1	0.041667
33758	33916	2	0.083333
33758	34279	1	0.041667
33761	33891	1	0.001055
33761	34929	1	0.001055
33761	34093	1	0.001055
33761	34320	1	0.001055
33761	34833	1	0.001055
33761	34034	1	0.001055
33761	34611	2	0.002110
33761	33854	1	0.001055
33761	34745	1	0.001055
33761	33755	1	0.001055
33761	33916	1	0.001055
33761	34430	1	0.001055
33761	33886	1	0.001055
33761	34367	1	0.001055
33762	34929	9	0.055215
33762	34225	2	0.012270
33762	34034	1	0.006135
33762	33844	2	0.012270
33762	34488	1	0.006135
33762	34585	57	0.349693
33762	34011	3	0.018405
33763	34816	495	0.122404
33763	34305	1	0.000247
33763	34825	1	0.000247
33763	34315	1	0.000247
33763	33817	1	0.000247
33763	33819	1	0.000247
33763	33824	60	0.014837
33763	33825	1	0.000247
33763	33826	1	0.000247
33763	34861	1	0.000247
33763	33838	1	0.000247
33763	33840	1	0.000247
33763	33841	1	0.000247
33763	34995	1	0.000247
33763	34357	1	0.000247
33763	34874	1	0.000247
33763	33853	1	0.000247
33763	33854	2	0.000495
33763	34881	1	0.000247
33763	33859	1	0.000247
33763	34884	1	0.000247
33763	34375	19461	4.812315
33763	33864	1	0.000247
33763	34384	1	0.000247
33763	34386	1	0.000247
33763	33877	14	0.003462
33763	33878	1	0.000247
33763	34745	1	0.000247
33763	33888	1	0.000247
33763	34915	1	0.000247
33763	34407	1	0.000247
33763	34928	1	0.000247
33763	34933	1	0.000247
33763	34935	1	0.000247
33763	34937	1	0.000247
33763	34943	2	0.000495
33763	34945	1	0.000247
33763	33922	1	0.000247
33763	34949	1	0.000247
33763	34440	1	0.000247
33763	33929	1	0.000247
33763	34448	1	0.000247
33763	33939	1	0.000247
33763	34452	1	0.000247
33763	34329	1	0.000247
33763	33950	1	0.000247
33763	34463	1	0.000247
33763	33952	1	0.000247
33763	33904	1	0.000247
33763	33955	1	0.000247
33763	34982	1	0.000247
33763	34987	1	0.000247
33763	33964	1	0.000247
33763	34481	1	0.000247
33763	34994	1	0.000247
33763	33971	1	0.000247
33763	33977	1	0.000247
33763	33982	1	0.000247
33763	34496	1	0.000247
33763	33987	1	0.000247
33763	34009	1	0.000247
33763	34011	3	0.000742
33763	34524	1	0.000247
33763	34535	1	0.000247
33763	34536	1	0.000247
33763	34540	1	0.000247
33763	34030	1	0.000247
33763	34545	1	0.000247
33763	34036	1	0.000247
33763	34047	1	0.000247
33763	34560	1	0.000247
33763	34562	1	0.000247
33763	34564	1	0.000247
33763	34055	1	0.000247
33763	34571	5	0.001236
33763	34061	1	0.000247
33763	34521	1	0.000247
33763	34587	2	0.000495
33763	34182	1	0.000247
33763	34600	2	0.000495
33763	34102	1	0.000247
33763	34616	1	0.000247
33763	33845	58	0.014342
33763	34631	1	0.000247
33763	34632	1	0.000247
33763	34122	2	0.000495
33763	34127	1	0.000247
33763	34137	1	0.000247
33763	34650	1	0.000247
33763	33850	1	0.000247
33763	34658	1	0.000247
33763	34150	59	0.014590
33763	34669	1	0.000247
33763	33940	1	0.000247
33763	34171	1	0.000247
33763	34690	1	0.000247
33763	34175	1	0.000247
33763	34688	1	0.000247
33763	34178	1	0.000247
33763	34694	1	0.000247
33763	34190	1	0.000247
33763	34202	1	0.000247
33763	34726	1	0.000247
33763	34802	1	0.000247
33763	34233	1	0.000247
33763	33722	1	0.000247
33763	33724	1	0.000247
33763	34239	1	0.000247
33763	34752	1	0.000247
33763	34753	1	0.000247
33763	33733	1	0.000247
33763	34251	1	0.000247
33763	34252	1	0.000247
33763	34765	1	0.000247
33763	33742	2	0.000495
33763	33751	1	0.000247
33763	34785	1	0.000247
33763	34274	1	0.000247
33763	33958	1	0.000247
33763	34792	1	0.000247
33763	34794	1	0.000247
33763	33771	1	0.000247
33763	33778	1	0.000247
33763	33782	1	0.000247
33763	33786	1	0.000247
33766	34816	486	0.149263
33766	34305	1	0.000307
33766	34825	1	0.000307
33766	34315	1	0.000307
33766	33817	1	0.000307
33766	33819	1	0.000307
33766	33824	59	0.018120
33766	33825	1	0.000307
33766	33826	1	0.000307
33766	34861	1	0.000307
33766	33838	1	0.000307
33766	33840	1	0.000307
33766	33841	1	0.000307
33766	34995	1	0.000307
33766	34357	1	0.000307
33766	34874	1	0.000307
33766	33853	1	0.000307
33766	33854	2	0.000614
33766	34881	1	0.000307
33766	33859	1	0.000307
33766	34884	1	0.000307
33766	34375	11943	3.667998
33766	33864	1	0.000307
33766	34384	1	0.000307
33766	34386	1	0.000307
33766	33877	14	0.004300
33766	33878	1	0.000307
33766	34233	1	0.000307
33766	33888	1	0.000307
33766	34915	1	0.000307
33766	34407	1	0.000307
33766	34928	1	0.000307
33766	34933	1	0.000307
33766	34935	1	0.000307
33766	34937	1	0.000307
33766	34945	1	0.000307
33766	33922	1	0.000307
33766	34949	1	0.000307
33766	34440	1	0.000307
33766	33929	1	0.000307
33766	34448	1	0.000307
33766	33939	1	0.000307
33766	34452	1	0.000307
33766	34329	1	0.000307
33766	33950	1	0.000307
33766	34463	1	0.000307
33766	33952	1	0.000307
33766	33904	1	0.000307
33766	33955	1	0.000307
33766	34982	1	0.000307
33766	34987	1	0.000307
33766	33964	1	0.000307
33766	34481	1	0.000307
33766	34994	1	0.000307
33766	33971	1	0.000307
33766	33977	1	0.000307
33766	33982	1	0.000307
33766	34496	1	0.000307
33766	33987	1	0.000307
33766	34009	1	0.000307
33766	34011	3	0.000921
33766	34524	1	0.000307
33766	34535	1	0.000307
33766	34536	1	0.000307
33766	34540	1	0.000307
33766	34030	1	0.000307
33766	34545	1	0.000307
33766	34036	1	0.000307
33766	34047	1	0.000307
33766	34560	1	0.000307
33766	34562	1	0.000307
33766	34564	1	0.000307
33766	34055	1	0.000307
33766	34571	5	0.001536
33766	34061	1	0.000307
33766	34521	1	0.000307
33766	34587	2	0.000614
33766	34182	1	0.000307
33766	34600	2	0.000614
33766	34102	1	0.000307
33766	34616	1	0.000307
33766	33845	58	0.017813
33766	34631	1	0.000307
33766	34632	1	0.000307
33766	34122	2	0.000614
33766	34127	1	0.000307
33766	34137	1	0.000307
33766	34650	1	0.000307
33766	33850	1	0.000307
33766	34658	1	0.000307
33766	34150	58	0.017813
33766	34669	1	0.000307
33766	33940	1	0.000307
33766	34171	1	0.000307
33766	34690	1	0.000307
33766	34175	1	0.000307
33766	34178	1	0.000307
33766	34694	1	0.000307
33766	34190	1	0.000307
33766	34202	1	0.000307
33766	34726	1	0.000307
33766	34802	1	0.000307
33766	34745	1	0.000307
33766	33722	1	0.000307
33766	33724	1	0.000307
33766	34239	1	0.000307
33766	34752	1	0.000307
33766	34753	1	0.000307
33766	33733	1	0.000307
33766	34251	1	0.000307
33766	34252	1	0.000307
33766	34765	1	0.000307
33766	33742	2	0.000614
33766	33751	1	0.000307
33766	34785	1	0.000307
33766	33958	1	0.000307
33766	34792	1	0.000307
33766	34794	1	0.000307
33766	33771	1	0.000307
33766	33778	1	0.000307
33766	33782	1	0.000307
33766	33786	1	0.000307
33767	34011	496	70.857143
33767	33854	7	1.000000
33768	33866	171	19.000000
33771	33778	1	0.003175
33771	34011	2	0.006349
33771	34303	1	0.003175
33772	33866	1	0.011905
33772	34011	1	0.011905
33772	34804	2	0.023810
33773	34304	2	0.285714
33773	34947	2	0.285714
33773	33925	7	1.000000
33773	34956	4	0.571429
33773	34064	1	0.142857
33773	34961	1	0.142857
33773	34579	1	0.142857
33773	34708	4	0.571429
33773	34077	1	0.142857
33773	34466	1	0.142857
33773	34344	1	0.142857
33773	34739	6	0.857143
33773	34101	1	0.142857
33773	34614	2	0.285714
33773	34103	1	0.142857
33773	33720	31	4.428571
33773	33721	1	0.142857
33773	34362	1	0.142857
33773	34492	1	0.142857
33773	33854	28	4.000000
33773	33727	1	0.142857
33773	34377	2	0.285714
33773	33739	1	0.142857
33773	34764	1	0.142857
33773	34637	2	0.285714
33773	33874	2	0.285714
33773	34771	6	0.857143
33773	34905	1	0.142857
33773	34015	1	0.142857
33773	33897	1	0.142857
33773	34923	2	0.285714
33773	34924	1	0.142857
33773	34294	1	0.142857
33773	34039	1	0.142857
33773	34495	1	0.142857
33774	33824	3	0.006316
33774	34531	2	0.004211
33774	34440	1	0.002105
33774	34121	5	0.010526
33774	33866	63	0.132632
33774	34571	3	0.006316
33774	34414	1	0.002105
33774	33903	8	0.016842
33774	34929	3	0.006316
33774	34098	1	0.002105
33774	33811	1	0.002105
33774	34745	4	0.008421
33774	34488	1	0.002105
33774	34105	11	0.023158
33774	34011	2	0.004211
33774	34691	3	0.006316
33774	33977	1	0.002105
33775	33824	1	0.001255
33775	34491	1	0.001255
33775	34341	1	0.001255
33775	34375	1	0.001255
33775	34122	1	0.001255
33775	34475	1	0.001255
33775	33772	1	0.001255
33775	33808	1	0.001255
33775	34011	6	0.007528
33775	33866	1	0.001255
33775	34431	1	0.001255
33776	33925	1	0.001202
33776	34375	4	0.004808
33776	33832	806	0.968750
33776	34185	5	0.006010
33776	33904	1	0.001202
33776	34488	1	0.001202
33776	34747	1	0.001202
33776	34942	1	0.001202
33776	33951	1	0.001202
33777	34775	1	0.050000
33777	34156	1	0.050000
33777	34611	22	1.100000
33777	34263	1	0.050000
33777	34011	1	0.050000
33777	34748	1	0.050000
33777	33854	100	5.000000
33778	34816	2	0.002114
33778	33922	1	0.001057
33778	33925	1	0.001057
33778	34256	14	0.014799
33778	34322	1	0.001057
33778	34677	2	0.002114
33778	34970	2	0.002114
33778	34748	1	0.001057
33778	34303	2	0.002114
33779	34929	1	0.011364
33779	33866	32	0.363636
33779	33844	1	0.011364
33779	34170	1	0.011364
33784	34611	1	0.024390
33785	34850	11	0.550000
33785	33925	1	0.050000
33786	34816	62304	3.581101
33786	33925	9	0.000517
33786	34440	4	0.000230
33786	33866	2	0.000115
33786	34637	29891	1.718071
33786	34488	16	0.000920
33786	34552	2	0.000115
33786	33977	2	0.000115
33786	34011	13	0.000747
33786	33854	2	0.000115
33787	34816	37	0.201087
33787	34530	1	0.005435
33787	34011	1	0.005435
33787	34440	1	0.005435
33787	34729	2	0.010870
33787	33866	2	0.010870
33787	34795	1	0.005435
33787	34703	2	0.010870
33787	34192	2	0.010870
33787	34833	1	0.005435
33787	34430	1	0.005435
33787	34582	1	0.005435
33787	34121	7	0.038043
33787	34680	1	0.005435
33787	33977	4	0.021739
33787	33786	1	0.005435
33787	33935	2	0.010870
33787	33854	104	0.565217
33789	34970	1	0.002463
33789	34034	4	0.009852
33789	34303	3	0.007389
33791	33866	4	0.067797
33792	33866	3	0.076923
33793	34798	1	0.038462
33794	34816	2	0.005141
33794	33925	4	0.010283
33794	34637	1	0.002571
33794	34611	3	0.007712
33794	34430	12	0.030848
33794	33786	1	0.002571
33794	34397	1	0.002571
33794	33854	1	0.002571
33795	33845	6	0.002492
33799	33824	3	0.000536
33799	34816	1	0.000179
33799	34978	1	0.000179
33799	34011	11	0.001967
33799	33866	6	0.001073
33799	34611	5	0.000894
33799	34747	6	0.001073
33799	33854	5588	0.999285
33800	34883	3	0.750000
33800	34996	1	0.250000
33801	33866	6	0.036810
33801	34611	1	0.006135
33803	34011	2	0.006452
33804	34747	1	0.005682
33804	33866	17	0.096591
33804	34127	5	0.028409
33804	33844	3	0.017045
33804	34488	5	0.028409
33804	34170	3	0.017045
33804	34011	1	0.005682
33804	34942	6	0.034091
33806	34816	1	0.013699
33806	33925	73	1.000000
33806	33812	1	0.013699
33806	34841	1	0.013699
33806	33749	1	0.013699
33806	34977	3	0.041096
33806	34980	1	0.013699
33806	34090	1	0.013699
33806	34610	1	0.013699
33806	34611	73	1.000000
33806	34748	1	0.013699
33806	33854	439	6.013699
33806	33989	1	0.013699
33806	33866	296	4.054795
33806	33867	1	0.013699
33806	34517	1	0.013699
33806	34776	4	0.054795
33806	34013	1	0.013699
33806	34657	1	0.013699
33806	34156	1	0.013699
33806	33903	1	0.013699
33806	34674	1	0.013699
33806	34553	1	0.013699
33806	33877	75	1.027397
33808	33866	2	0.035714
33809	34816	64	0.152019
33809	34305	12	0.028504
33809	33922	10	0.023753
33809	33771	3	0.007126
33809	34241	2	0.004751
33809	34440	17	0.040380
33809	34955	3	0.007126
33809	34188	3	0.007126
33809	34682	3	0.007126
33809	34190	12	0.028504
33809	34191	2	0.004751
33809	34322	6	0.014252
33809	34734	3	0.007126
33809	34329	3	0.007126
33809	33991	3	0.007126
33809	34073	5	0.011876
33809	34202	3	0.007126
33809	33819	3	0.007126
33809	34716	2	0.004751
33809	34333	3	0.007126
33809	33824	6	0.014252
33809	33954	2	0.004751
33809	34785	3	0.007126
33809	33778	3	0.007126
33809	34995	3	0.007126
33809	33948	3	0.007126
33809	34587	3	0.007126
33809	34631	10	0.023753
33809	33964	10	0.023753
33809	34931	3	0.007126
33809	34862	2	0.004751
33809	34736	5	0.011876
33809	33916	5	0.011876
33809	34994	10	0.023753
33809	33843	5	0.011876
33809	34483	3	0.007126
33809	34121	4	0.009501
33809	34616	8	0.019002
33809	33722	3	0.007126
33809	34748	5	0.011876
33809	33854	2	0.004751
33809	34239	3	0.007126
33809	33729	2	0.004751
33809	33859	10	0.023753
33809	34884	10	0.023753
33809	33733	3	0.007126
33809	34375	417	0.990499
33809	33921	3	0.007126
33809	34633	2	0.004751
33809	34250	3	0.007126
33809	34637	33	0.078385
33809	34765	3	0.007126
33809	34640	2	0.004751
33809	34104	3	0.007126
33809	34315	3	0.007126
33809	34134	3	0.007126
33809	34137	3	0.007126
33809	34970	26	0.061758
33809	34011	436	1.035629
33809	34141	5	0.011876
33809	33886	5	0.011876
33809	34256	2	0.004751
33809	34658	3	0.007126
33809	34171	10	0.023753
33809	34276	3	0.007126
33809	34789	5	0.011876
33809	34503	3	0.007126
33809	34665	2	0.004751
33809	34539	8	0.019002
33809	34178	3	0.007126
33809	34928	10	0.023753
33809	34545	12	0.028504
33809	34802	10	0.023753
33809	34675	3	0.007126
33809	34292	3	0.007126
33809	34937	3	0.007126
33809	33786	121	0.287411
33809	33787	9	0.021378
33809	34940	2	0.004751
33809	34941	3	0.007126
33809	34302	8	0.019002
33809	34047	3	0.007126
33811	33925	76	0.987013
33811	33799	9	0.116883
33811	34192	80	1.038961
33811	34970	92	1.194805
33811	34727	1	0.012987
33811	34729	4	0.051948
33811	34090	3	0.038961
33811	34105	1	0.012987
33811	33866	2	0.025974
33811	33854	309	4.012987
33811	34121	1	0.012987
33811	33994	1	0.012987
33811	33867	1	0.012987
33811	34381	1	0.012987
33811	34899	1	0.012987
33811	33877	1	0.012987
33811	34745	3	0.038961
33811	33977	191	2.480519
33811	34011	1	0.012987
33811	34534	1	0.012987
33811	34680	2	0.025974
33811	33787	2	0.025974
33812	33824	1	0.001233
33812	34816	3	0.003699
33812	34440	7	0.008631
33812	33866	815	1.004932
33812	34347	1	0.001233
33812	34093	1	0.001233
33812	33935	2	0.002466
33812	34611	4	0.004932
33812	33886	1	0.001233
33812	33755	1	0.001233
33812	33916	1	0.001233
33812	33854	1	0.001233
33813	33866	74	0.578125
33813	34611	1	0.007812
33813	33903	4	0.031250
33814	33824	2	0.051282
33814	34816	4	0.102564
33814	34011	6	0.153846
33814	34116	1	0.025641
33814	34375	15	0.384615
33814	34440	1	0.025641
33814	34414	2	0.051282
33814	33845	1	0.025641
33814	34488	1	0.025641
33814	34970	1	0.025641
33814	33787	1	0.025641
33815	33866	1	0.142857
33816	34688	3	0.157895
33816	33877	4	0.210526
33816	34414	1	0.052632
33817	34192	3	0.103448
33817	34011	2	0.068966
33817	34853	1	0.034483
33817	34663	2	0.068966
33818	34240	1	0.015152
33818	34817	1	0.015152
33818	34440	1	0.015152
33818	34285	1	0.015152
33818	33934	1	0.015152
33818	34111	1	0.015152
33818	34227	1	0.015152
33818	34709	1	0.015152
33818	34011	3	0.045455
33818	34549	1	0.015152
33819	34816	1	0.003333
33819	34141	4	0.013333
33819	33854	4	0.013333
33822	33891	2	0.068966
33822	33916	2	0.068966
33822	34192	1	0.034483
33822	34833	3	0.103448
33822	34553	2	0.068966
33822	34970	3	0.103448
33822	34748	2	0.068966
33822	34430	1	0.034483
33824	34816	4	1.000000
33825	33824	2	0.016529
33825	34816	1	0.008264
33825	33989	1	0.008264
33826	34816	7	0.004645
33826	33824	11	0.007299
33826	34563	7	0.004645
33826	33825	2	0.001327
33826	33989	3	0.001991
33826	34375	6	0.003981
33826	34440	3	0.001991
33826	33929	5	0.003318
33826	34122	3	0.001991
33826	34444	3	0.001991
33826	33838	5	0.003318
33826	33935	10	0.006636
33826	34899	5	0.003318
33826	33877	4	0.002654
33826	33755	8	0.005309
33826	34303	2	0.001327
33828	34902	1	0.006452
33828	33867	1	0.006452
33828	34929	1	0.006452
33828	34610	1	0.006452
33828	34900	1	0.006452
33828	34230	2	0.012903
33828	34582	1	0.006452
33829	33866	2	0.021053
33830	34273	1	0.025000
33830	33861	1	0.025000
33830	34695	1	0.025000
33830	33866	2	0.050000
33830	34357	1	0.025000
33830	34033	1	0.025000
33830	33854	1	0.025000
33830	34358	1	0.025000
33830	34935	1	0.025000
33830	34874	1	0.025000
33830	34011	3	0.075000
33830	34122	1	0.025000
33830	34270	1	0.025000
33830	34741	1	0.025000
33832	33776	11	0.343750
33832	34185	11	0.343750
33832	34011	1	0.031250
33833	34726	2	0.037736
33833	34414	2	0.037736
33834	33866	6	1.200000
33835	33699	18	0.178218
33835	34910	18	0.178218
33835	34991	18	0.178218
33836	33824	2	0.005089
33836	34375	5	0.012723
33836	34440	402	1.022901
33836	33877	6	0.015267
33836	34775	5	0.012723
33836	34173	814	2.071247
33836	34303	2	0.005089
33838	34488	8	0.017621
33838	33826	1	0.002203
33838	34643	3	0.006608
33838	34899	454	1.000000
33838	34970	6	0.013216
33840	34811	1	0.002445
33840	34727	2	0.004890
33840	34440	6	0.014670
33840	34192	10	0.024450
33840	34899	2	0.004890
33840	33848	17	0.041565
33840	34970	2	0.004890
33840	34011	6	0.014670
33840	33854	6	0.014670
33841	34891	1	0.008264
33841	33987	1	0.008264
33841	34253	19	0.157025
33841	33854	1	0.008264
33842	33866	1	0.022222
33843	33866	2	0.005510
33844	33824	13	0.005175
33844	34530	54	0.021497
33844	34795	1	0.000398
33844	33925	1	0.000398
33844	34440	7	0.002787
33844	33866	28	0.011146
33844	33867	1	0.000398
33844	33804	1	0.000398
33844	34414	1	0.000398
33844	33935	2	0.000796
33844	34192	2	0.000796
33844	34611	18	0.007166
33844	34452	25	0.009952
33844	34775	1	0.000398
33844	34970	6	0.002389
33844	34426	1	0.000398
33844	34122	1	0.000398
33844	33854	1	0.000398
33845	34816	1	0.005495
33845	33925	1	0.005495
33845	34122	2	0.010989
33845	34321	1	0.005495
33845	33977	1	0.005495
33845	33866	1	0.005495
33845	33854	133	0.730769
33847	34816	207	0.907895
33847	34304	1	0.004386
33847	33794	1	0.004386
33847	33795	1	0.004386
33847	33799	1	0.004386
33847	34312	1	0.004386
33847	34833	1	0.004386
33847	34344	1	0.004386
33847	34868	1	0.004386
33847	33845	3	0.013158
33847	34870	1	0.004386
33847	34362	1	0.004386
33847	33851	1	0.004386
33847	34876	1	0.004386
33847	33854	684	3.000000
33847	34375	8	0.035088
33847	34377	1	0.004386
33847	33866	2	0.008772
33847	34382	1	0.004386
33847	33874	1	0.004386
33847	34899	1	0.004386
33847	34388	1	0.004386
33847	33877	8	0.035088
33847	34903	1	0.004386
33847	33880	1	0.004386
33847	34905	2	0.008772
33847	34397	1	0.004386
33847	33886	1	0.004386
33847	34401	1	0.004386
33847	33891	1	0.004386
33847	34405	1	0.004386
33847	33897	1	0.004386
33847	34923	1	0.004386
33847	34924	1	0.004386
33847	34418	1	0.004386
33847	34426	1	0.004386
33847	33983	1	0.004386
33847	34430	1	0.004386
33847	34947	1	0.004386
33847	33925	1	0.004386
33847	34956	1	0.004386
33847	34961	1	0.004386
33847	33941	1	0.004386
33847	34977	1	0.004386
33847	34466	1	0.004386
33847	34980	2	0.008772
33847	34488	1	0.004386
33847	33977	4	0.017544
33847	34490	1	0.004386
33847	34492	1	0.004386
33847	34495	1	0.004386
33847	33994	1	0.004386
33847	34011	10	0.043860
33847	34525	1	0.004386
33847	34015	1	0.004386
33847	34016	1	0.004386
33847	34530	1	0.004386
33847	34534	1	0.004386
33847	34537	1	0.004386
33847	34542	1	0.004386
33847	34543	1	0.004386
33847	34039	1	0.004386
33847	34558	1	0.004386
33847	34051	1	0.004386
33847	34568	1	0.004386
33847	34570	1	0.004386
33847	34064	1	0.004386
33847	34579	1	0.004386
33847	34068	1	0.004386
33847	34073	2	0.008772
33847	34077	1	0.004386
33847	34090	2	0.008772
33847	34093	1	0.004386
33847	34609	1	0.004386
33847	34098	1	0.004386
33847	34611	2	0.008772
33847	34101	1	0.004386
33847	34614	1	0.004386
33847	34103	1	0.004386
33847	34619	1	0.004386
33847	34626	1	0.004386
33847	34630	1	0.004386
33847	34444	5	0.021930
33847	34122	3	0.013158
33847	34123	1	0.004386
33847	34150	1	0.004386
33847	34663	1	0.004386
33847	34667	1	0.004386
33847	34680	1	0.004386
33847	34173	1	0.004386
33847	34179	1	0.004386
33847	34181	1	0.004386
33847	34703	1	0.004386
33847	34192	4	0.017544
33847	34194	1	0.004386
33847	34708	1	0.004386
33847	34200	1	0.004386
33847	34206	1	0.004386
33847	34725	1	0.004386
33847	34727	3	0.013158
33847	34739	1	0.004386
33847	33719	1	0.004386
33847	33721	1	0.004386
33847	34747	1	0.004386
33847	33727	1	0.004386
33847	33739	1	0.004386
33847	34764	1	0.004386
33847	34978	1	0.004386
33847	34771	1	0.004386
33847	33755	1	0.004386
33847	34898	1	0.004386
33847	34278	1	0.004386
33847	34795	1	0.004386
33847	33773	1	0.004386
33847	33875	1	0.004386
33847	34294	1	0.004386
33847	33787	1	0.004386
33848	34816	3	0.052632
33848	34433	32	0.561404
33848	33799	18	0.315789
33848	34440	21	0.368421
33848	33935	27	0.473684
33848	33903	1	0.017544
33848	33824	26	0.456140
33848	34727	1	0.017544
33848	33840	44	0.771930
33848	33850	47	0.824561
33848	33854	21	0.368421
33848	34637	20	0.350877
33848	34766	1	0.017544
33848	33877	52	0.912281
33848	34011	21	0.368421
33848	34652	1	0.017544
33848	34398	1	0.017544
33848	34043	1	0.017544
33848	34927	44	0.771930
33848	34163	1	0.017544
33848	33786	37	0.649123
33848	34811	3	0.052632
33850	34737	2	0.002994
33850	34418	2	0.002994
33850	33877	1	0.001497
33850	33848	2	0.002994
33850	34970	1	0.001497
33850	34811	1	0.001497
33850	33854	1	0.001497
33851	33925	8	0.051948
33851	34280	9	0.058442
33851	34090	4	0.025974
33851	34637	1	0.006494
33851	34869	3	0.019481
33851	33977	1	0.006494
33851	33786	1	0.006494
33851	34011	159	1.032468
33851	33854	765	4.967532
33852	33866	1	0.050000
33852	33700	1	0.050000
33853	33824	2	0.002172
33853	34440	3	0.003257
33853	34729	2	0.002172
33853	33867	1	0.001086
33853	34444	1	0.001086
33853	34488	2	0.002172
33853	34156	1	0.001086
33853	34970	1	0.001086
33854	34816	409	1.217262
33854	34820	2	0.005952
33854	34823	2	0.005952
33854	34824	2	0.005952
33854	34825	2	0.005952
33854	34830	1	0.002976
33854	34845	1	0.002976
33854	34861	2	0.005952
33854	34864	1	0.002976
33854	34865	1	0.002976
33854	34867	2	0.005952
33854	34869	34	0.101190
33854	34874	2	0.005952
33854	34877	2	0.005952
33854	34881	2	0.005952
33854	34891	1	0.002976
33854	34893	2	0.005952
33854	34896	1	0.002976
33854	34899	67	0.199405
33854	34911	1	0.002976
33854	34914	1	0.002976
33854	34915	2	0.005952
33854	34919	2	0.005952
33854	34927	2	0.005952
33854	34928	2	0.005952
33854	34929	2	0.005952
33854	34931	2	0.005952
33854	34933	1	0.002976
33854	34935	2	0.005952
33854	34936	2	0.005952
33854	34937	2	0.005952
33854	34938	2	0.005952
33854	34940	2	0.005952
33854	34941	2	0.005952
33854	34942	2	0.005952
33854	34943	1	0.002976
33854	34945	2	0.005952
33854	34949	2	0.005952
33854	34953	1	0.002976
33854	34955	2	0.005952
33854	34965	2	0.005952
33854	34970	16	0.047619
33854	34975	14	0.041667
33854	34978	2	0.005952
33854	34979	1	0.002976
33854	34982	2	0.005952
33854	34984	2	0.005952
33854	34985	2	0.005952
33854	34987	2	0.005952
33854	34994	2	0.005952
33854	34995	2	0.005952
33854	33703	2	0.005952
33854	33709	2	0.005952
33854	33714	2	0.005952
33854	33717	2	0.005952
33854	33720	334	0.994048
33854	33722	2	0.005952
33854	33723	2	0.005952
33854	33724	2	0.005952
33854	33725	2	0.005952
33854	33733	2	0.005952
33854	33742	2	0.005952
33854	33744	2	0.005952
33854	33745	2	0.005952
33854	33748	3	0.008929
33854	33751	2	0.005952
33854	33754	2	0.005952
33854	33760	2	0.005952
33854	33762	2	0.005952
33854	33771	2	0.005952
33854	33775	1	0.002976
33854	33776	2	0.005952
33854	33778	2	0.005952
33854	33782	2	0.005952
33854	33785	2	0.005952
33854	33786	460	1.369048
33854	33787	60	0.178571
33854	33788	2	0.005952
33854	33799	2	0.005952
33854	33800	2	0.005952
33854	33803	1	0.002976
33854	33814	1	0.002976
33854	33816	2	0.005952
33854	33817	2	0.005952
33854	33819	2	0.005952
33854	33824	818	2.434524
33854	33825	2	0.005952
33854	33826	4	0.011905
33854	33828	1	0.002976
33854	33830	1	0.002976
33854	33833	2	0.005952
33854	33836	2	0.005952
33854	33838	2	0.005952
33854	33840	2	0.005952
33854	33841	2	0.005952
33854	33845	51	0.151786
33854	33848	1	0.002976
33854	33850	2	0.005952
33854	33851	335	0.997024
33854	33853	2	0.005952
33854	33859	2	0.005952
33854	33860	1	0.002976
33854	33861	2	0.005952
33854	33864	2	0.005952
33854	33866	1174	3.494048
33854	33867	18	0.053571
33854	33870	1	0.002976
33854	33872	2	0.005952
33854	33876	1	0.002976
33854	33877	832	2.476190
33854	33878	2	0.005952
33854	33892	1	0.002976
33854	33895	2	0.005952
33854	33899	2	0.005952
33854	33900	2	0.005952
33854	33904	4	0.011905
33854	33907	1	0.002976
33854	33912	1	0.002976
33854	33916	2	0.005952
33854	33917	2	0.005952
33854	33921	2	0.005952
33854	33922	2	0.005952
33854	33925	436	1.297619
33854	33927	3	0.008929
33854	33928	2	0.005952
33854	33929	2	0.005952
33854	33933	2	0.005952
33854	33935	1455	4.330357
33854	33939	2	0.005952
33854	33940	2	0.005952
33854	33944	2	0.005952
33854	33945	2	0.005952
33854	33948	2	0.005952
33854	33949	2	0.005952
33854	33950	2	0.005952
33854	33952	2	0.005952
33854	33955	2	0.005952
33854	33957	1	0.002976
33854	33958	2	0.005952
33854	33961	2	0.005952
33854	33964	2	0.005952
33854	33967	2	0.005952
33854	33971	1	0.002976
33854	33977	360	1.071429
33854	33982	2	0.005952
33854	33987	2	0.005952
33854	33991	2	0.005952
33854	33994	2	0.005952
33854	33996	328	0.976190
33854	34000	1	0.002976
33854	34003	2	0.005952
33854	34004	3	0.008929
33854	34005	2	0.005952
33854	34009	4	0.011905
33854	34011	1258	3.744048
33854	34012	2	0.005952
33854	34013	31	0.092262
33854	34016	2	0.005952
33854	34017	2	0.005952
33854	34025	1	0.002976
33854	34030	2	0.005952
33854	34034	2	0.005952
33854	34036	2	0.005952
33854	34037	1	0.002976
33854	34046	2	0.005952
33854	34047	2	0.005952
33854	34053	2	0.005952
33854	34055	2	0.005952
33854	34058	2	0.005952
33854	34061	4	0.011905
33854	34062	2	0.005952
33854	34067	1	0.002976
33854	34073	26	0.077381
33854	34086	2	0.005952
33854	34088	2	0.005952
33854	34089	2	0.005952
33854	34090	97	0.288690
33854	34093	2	0.005952
33854	34096	2	0.005952
33854	34098	2	0.005952
33854	34100	1	0.002976
33854	34102	2	0.005952
33854	34104	2	0.005952
33854	34105	4	0.011905
33854	34121	91	0.270833
33854	34122	82	0.244048
33854	34127	2	0.005952
33854	34134	2	0.005952
33854	34136	2	0.005952
33854	34137	4	0.011905
33854	34150	8	0.023810
33854	34152	2	0.005952
33854	34160	2	0.005952
33854	34171	2	0.005952
33854	34173	1	0.002976
33854	34174	1	0.002976
33854	34175	2	0.005952
33854	34178	2	0.005952
33854	34182	2	0.005952
33854	34185	1	0.002976
33854	34186	2	0.005952
33854	34188	2	0.005952
33854	34189	2	0.005952
33854	34190	2	0.005952
33854	34191	67	0.199405
33854	34192	485	1.443452
33854	34202	2	0.005952
33854	34207	2	0.005952
33854	34219	2	0.005952
33854	34223	2	0.005952
33854	34229	2	0.005952
33854	34233	2	0.005952
33854	34239	4	0.011905
33854	34243	2	0.005952
33854	34247	62	0.184524
33854	34251	2	0.005952
33854	34252	2	0.005952
33854	34257	2	0.005952
33854	34261	2	0.005952
33854	34264	2	0.005952
33854	34274	1	0.002976
33854	34276	2	0.005952
33854	34280	9	0.026786
33854	34292	2	0.005952
33854	34302	2	0.005952
33854	34303	509	1.514881
33854	34305	2	0.005952
33854	34314	2	0.005952
33854	34315	2	0.005952
33854	34321	6	0.017857
33854	34329	2	0.005952
33854	34331	2	0.005952
33854	34333	2	0.005952
33854	34342	2	0.005952
33854	34357	2	0.005952
33854	34359	4	0.011905
33854	34371	2	0.005952
33854	34372	2	0.005952
33854	34373	2	0.005952
33854	34375	92	0.273810
33854	34379	2	0.005952
33854	34381	2	0.005952
33854	34384	2	0.005952
33854	34385	1	0.002976
33854	34386	2	0.005952
33854	34389	2	0.005952
33854	34396	2	0.005952
33854	34401	2	0.005952
33854	34405	6	0.017857
33854	34407	2	0.005952
33854	34412	2	0.005952
33854	34413	2	0.005952
33854	34414	2	0.005952
33854	34425	1	0.002976
33854	34428	2	0.005952
33854	34429	2	0.005952
33854	34433	2	0.005952
33854	34440	944	2.809524
33854	34444	15	0.044643
33854	34448	2	0.005952
33854	34452	2	0.005952
33854	34456	5	0.014881
33854	34463	2	0.005952
33854	34464	2	0.005952
33854	34479	2	0.005952
33854	34482	2	0.005952
33854	34483	2	0.005952
33854	34488	734	2.184524
33854	34494	2	0.005952
33854	34496	2	0.005952
33854	34497	2	0.005952
33854	34503	2	0.005952
33854	34504	1	0.002976
33854	34505	1	0.002976
33854	34509	1	0.002976
33854	34513	2	0.005952
33854	34521	3	0.008929
33854	34524	2	0.005952
33854	34531	2	0.005952
33854	34532	2	0.005952
33854	34535	4	0.011905
33854	34536	2	0.005952
33854	34539	2	0.005952
33854	34540	4	0.011905
33854	34548	2	0.005952
33854	34552	74	0.220238
33854	34559	3	0.008929
33854	34560	2	0.005952
33854	34561	2	0.005952
33854	34562	2	0.005952
33854	34564	2	0.005952
33854	34571	1	0.002976
33854	34585	1	0.002976
33854	34587	2	0.005952
33854	34599	2	0.005952
33854	34600	2	0.005952
33854	34603	1	0.002976
33854	34611	430	1.279762
33854	34615	2	0.005952
33854	34616	4	0.011905
33854	34621	5	0.014881
33854	34624	2	0.005952
33854	34628	2	0.005952
33854	34631	2	0.005952
33854	34632	2	0.005952
33854	34637	459	1.366071
33854	34647	2	0.005952
33854	34650	2	0.005952
33854	34658	2	0.005952
33854	34659	2	0.005952
33854	34664	2	0.005952
33854	34666	2	0.005952
33854	34669	2	0.005952
33854	34672	2	0.005952
33854	34675	2	0.005952
33854	34676	2	0.005952
33854	34680	2	0.005952
33854	34682	2	0.005952
33854	34688	5	0.014881
33854	34690	2	0.005952
33854	34692	2	0.005952
33854	34694	2	0.005952
33854	34701	2	0.005952
33854	34703	12	0.035714
33854	34704	2	0.005952
33854	34720	2	0.005952
33854	34726	2	0.005952
33854	34727	32	0.095238
33854	34728	2	0.005952
33854	34729	18	0.053571
33854	34731	2	0.005952
33854	34732	1	0.002976
33854	34734	2	0.005952
33854	34738	1	0.002976
33854	34741	2	0.005952
33854	34747	6	0.017857
33854	34752	2	0.005952
33854	34753	2	0.005952
33854	34758	2	0.005952
33854	34765	2	0.005952
33854	34774	1	0.002976
33854	34777	1	0.002976
33854	34778	2	0.005952
33854	34785	2	0.005952
33854	34792	2	0.005952
33854	34794	4	0.011905
33854	34795	2	0.005952
33854	34800	2	0.005952
33854	34802	2	0.005952
33854	34805	2	0.005952
33854	34813	2	0.005952
33855	33866	3	0.090909
33858	33925	1	0.001422
33858	34550	1	0.001422
33858	34727	4	0.005690
33858	34899	1	0.001422
33858	34678	1	0.001422
33858	34488	22	0.031294
33858	34395	1	0.001422
33858	33854	6	0.008535
33858	34303	6	0.008535
33859	33922	5	0.012469
33859	33741	7	0.017456
33859	34994	10	0.024938
33859	34302	2	0.004988
33859	34171	2	0.004988
33859	34748	1	0.002494
33859	33854	6	0.014963
33860	34816	2	0.012579
33860	33824	1	0.006289
33860	34147	1	0.006289
33860	33925	1	0.006289
33860	34375	1	0.006289
33860	34121	1	0.006289
33860	34122	1	0.006289
33860	34283	1	0.006289
33860	34637	3	0.018868
33860	34191	1	0.006289
33860	34936	11	0.069182
33860	33977	1	0.006289
33860	33786	2	0.012579
33860	34011	27	0.169811
33860	34970	1	0.006289
33860	33854	1	0.006289
33866	34816	315	0.234027
33866	33925	1245	0.924963
33866	33996	2	0.001486
33866	34440	7	0.005201
33866	34827	1	0.000743
33866	34444	3	0.002229
33866	33804	1	0.000743
33866	33935	3	0.002229
33866	34192	1	0.000743
33866	34833	3	0.002229
33866	33812	1	0.000743
33866	34200	15	0.011144
33866	34841	2	0.001486
33866	33749	1	0.000743
33866	34970	2	0.001486
33866	34078	1	0.000743
33866	33824	2	0.001486
33866	34977	10	0.007429
33866	34980	7	0.005201
33866	34133	1	0.000743
33866	34929	1	0.000743
33866	34090	2	0.001486
33866	34034	1	0.000743
33866	34609	1	0.000743
33866	34610	1	0.000743
33866	34611	1256	0.933135
33866	34869	1	0.000743
33866	34377	1	0.000743
33866	33721	1	0.000743
33866	34253	1	0.000743
33866	34748	2	0.001486
33866	33854	7481	5.557949
33866	34626	1	0.000743
33866	33989	1	0.000743
33866	34630	1	0.000743
33866	34375	1	0.000743
33866	34121	3	0.002229
33866	34122	2	0.001486
33866	33867	3	0.002229
33866	34764	2	0.001486
33866	34637	37	0.027489
33866	34381	1	0.000743
33866	34517	1	0.000743
33866	33977	3	0.002229
33866	34776	4	0.002972
33866	34905	3	0.002229
33866	34011	32	0.023774
33866	34013	1	0.000743
33866	34657	1	0.000743
33866	33891	1	0.000743
33866	34405	1	0.000743
33866	34364	1	0.000743
33866	34156	1	0.000743
33866	34414	1	0.000743
33866	33903	1	0.000743
33866	34745	4	0.002972
33866	34674	1	0.000743
33866	34430	2	0.001486
33866	34679	10	0.007429
33866	34553	1	0.000743
33866	33786	26	0.019316
33866	33787	4	0.002972
33866	33916	1	0.000743
33866	34942	1	0.000743
33866	33877	1249	0.927935
33867	34816	2	0.027778
33867	34899	2	0.027778
33867	33866	3	0.041667
33867	33935	2	0.027778
33867	34192	1	0.013889
33867	34611	2	0.027778
33867	33854	61	0.847222
33868	33824	2	0.004149
33868	34853	2	0.004149
33868	34055	2	0.004149
33868	34122	18	0.037344
33868	34375	4	0.008299
33868	33935	2	0.004149
33868	34448	2	0.004149
33868	34933	4	0.008299
33868	34874	2	0.004149
33868	34058	2	0.004149
33869	34440	24	0.857143
33869	33866	24	0.857143
33869	34929	1	0.035714
33869	34611	2	0.071429
33869	33844	1	0.035714
33869	34745	1	0.035714
33869	34170	1	0.035714
33869	33755	1	0.035714
33870	34465	1	0.001427
33870	34251	1	0.001427
33870	34637	1	0.001427
33870	34416	1	0.001427
33870	33786	3	0.004280
33870	34970	1	0.001427
33870	34303	5	0.007133
33872	34440	1	0.021277
33872	34041	42	0.893617
33874	34304	1	0.166667
33874	34947	2	0.333333
33874	33925	6	1.000000
33874	34956	4	0.666667
33874	34064	1	0.166667
33874	34961	1	0.166667
33874	34579	1	0.166667
33874	34708	2	0.333333
33874	34077	1	0.166667
33874	34466	1	0.166667
33874	34344	1	0.166667
33874	34739	1	0.166667
33874	34101	1	0.166667
33874	34614	1	0.166667
33874	34103	1	0.166667
33874	33720	27	4.500000
33874	33721	1	0.166667
33874	34362	1	0.166667
33874	34492	1	0.166667
33874	33854	24	4.000000
33874	33727	1	0.166667
33874	34377	2	0.333333
33874	33739	1	0.166667
33874	34764	1	0.166667
33874	34771	6	1.000000
33874	34905	1	0.166667
33874	34015	1	0.166667
33874	33897	1	0.166667
33874	34923	2	0.333333
33874	34924	1	0.166667
33874	33773	1	0.166667
33874	34294	1	0.166667
33874	34039	1	0.166667
33874	34495	1	0.166667
33875	33854	1	1.000000
33876	34473	1	0.017241
33876	34833	2	0.034483
33877	34816	2	0.005362
33877	33925	27	0.072386
33877	34440	1	0.002681
33877	34960	1	0.002681
33877	34192	1	0.002681
33877	34200	1	0.002681
33877	34181	3	0.008043
33877	34729	3	0.008043
33877	34090	5	0.013405
33877	34869	3	0.008043
33877	33977	1	0.002681
33877	33851	14	0.037534
33877	33854	1783	4.780161
33877	33845	2	0.005362
33877	33866	2	0.005362
33877	34637	2	0.005362
33877	34011	364	0.975871
33877	34013	1	0.002681
33877	34704	3	0.008043
33877	34530	3	0.008043
33877	34280	13	0.034853
33877	33786	1	0.002681
33878	34336	1	0.001709
33878	34727	1	0.001709
33878	34380	2	0.003419
33878	34553	1	0.001709
33878	34970	4	0.006838
33878	34303	1	0.001709
33879	34303	1	0.003145
33880	34816	14	0.071429
33880	33778	2	0.010204
33880	33922	1	0.005102
33880	33925	196	1.000000
33880	34055	1	0.005102
33880	34540	2	0.010204
33880	34058	1	0.005102
33880	34061	1	0.005102
33880	34452	1	0.005102
33880	34009	2	0.010204
33880	33944	2	0.010204
33880	34329	1	0.005102
33880	33826	1	0.005102
33880	33955	1	0.005102
33880	34727	197	1.005102
33880	34089	1	0.005102
33880	33964	2	0.010204
33880	34802	2	0.010204
33880	33840	2	0.010204
33880	34482	1	0.005102
33880	34995	2	0.010204
33880	34357	2	0.010204
33880	34488	99	0.505102
33880	34745	1	0.005102
33880	34490	1	0.005102
33880	33853	1	0.005102
33880	33854	980	5.000000
33880	34239	2	0.010204
33880	33987	1	0.005102
33880	34503	2	0.010204
33880	33866	1	0.005102
33880	33742	1	0.005102
33880	34701	1	0.005102
33880	34899	1	0.005102
33880	33878	1	0.005102
33880	34233	1	0.005102
33880	34137	1	0.005102
33880	34778	1	0.005102
33880	34011	12	0.061224
33880	34105	2	0.010204
33880	33888	1	0.005102
33880	34785	1	0.005102
33880	34794	2	0.010204
33880	34795	1	0.005102
33880	34412	2	0.010204
33880	33904	2	0.010204
33880	34034	1	0.005102
33880	33916	2	0.010204
33880	34558	2	0.010204
33880	34175	1	0.005102
33881	33925	1	0.001383
33881	34632	3	0.004149
33881	33866	40	0.055325
33881	34611	2	0.002766
33881	33877	1	0.001383
33881	33854	9	0.012448
33883	34816	1	0.058824
33883	34011	1	0.058824
33885	33977	1	0.002114
33885	34090	1	0.002114
33885	34611	12	0.025370
33885	33866	2	0.004228
33885	33886	2425	5.126850
33886	33977	1	0.010870
33886	34611	1	0.010870
33888	34011	287	2.006993
33889	33866	2	0.100000
33890	33866	8	0.018018
33891	34816	5	0.002535
33891	33824	1	0.000507
33891	34899	4	0.002028
33891	33925	1	0.000507
33891	33866	16	0.008114
33891	34794	5	0.002535
33891	34414	2	0.001014
33891	34192	2	0.001014
33891	34833	1	0.000507
33891	34034	2	0.001014
33891	34611	43	0.021805
33891	34708	1	0.000507
33891	34862	1	0.000507
33891	34011	1	0.000507
33891	33916	1	0.000507
33891	34122	2	0.001014
33891	33877	1	0.000507
33891	34303	1	0.000507
33892	34816	1	0.035714
33892	34890	1	0.035714
33892	34122	1	0.035714
33892	34405	1	0.035714
33893	33866	5	0.072464
33893	34430	1	0.014493
33893	33935	1	0.014493
33897	34304	1	0.166667
33897	34947	2	0.333333
33897	33925	6	1.000000
33897	34956	4	0.666667
33897	34064	1	0.166667
33897	34961	1	0.166667
33897	34579	1	0.166667
33897	34708	2	0.333333
33897	34077	1	0.166667
33897	34466	1	0.166667
33897	34344	1	0.166667
33897	34739	1	0.166667
33897	34101	1	0.166667
33897	34614	1	0.166667
33897	34103	1	0.166667
33897	33720	25	4.166667
33897	33721	1	0.166667
33897	34362	1	0.166667
33897	34492	1	0.166667
33897	33854	24	4.000000
33897	33727	1	0.166667
33897	34377	2	0.333333
33897	33739	1	0.166667
33897	34764	1	0.166667
33897	33874	2	0.333333
33897	34771	6	1.000000
33897	34905	1	0.166667
33897	34015	1	0.166667
33897	34923	2	0.333333
33897	34924	1	0.166667
33897	33773	1	0.166667
33897	34294	1	0.166667
33897	34039	1	0.166667
33897	34495	1	0.166667
33899	33824	1	0.004975
33899	34853	183	0.910448
33899	34440	2	0.009950
33899	34122	1	0.004975
33899	34347	187	0.930348
33899	34637	1	0.004975
33899	34418	1	0.004975
33899	33786	1	0.004975
33903	34816	1	0.000658
33903	34691	2	0.001316
33903	33866	3	0.001974
33903	34571	1	0.000658
33903	34764	1	0.000658
33903	33774	1	0.000658
33903	34611	10	0.006579
33903	34905	1	0.000658
33903	34745	2	0.001316
33903	34105	6	0.003947
33904	34816	7	0.002627
33904	33824	19	0.007129
33904	34626	1	0.000375
33904	33925	3	0.001126
33904	34375	4	0.001501
33904	34440	26	0.009756
33904	33866	3	0.001126
33904	34795	9	0.003377
33904	34093	2	0.000750
33904	34830	32	0.012008
33904	33935	2	0.000750
33904	34544	25	0.009381
33904	34929	9	0.003377
33904	34192	1	0.000375
33904	34611	1	0.000375
33904	34414	2	0.000750
33904	34488	10	0.003752
33904	34970	3	0.001126
33904	34011	6	0.002251
33904	33854	30	0.011257
33904	34303	10	0.003752
33905	33866	172	0.982857
33905	34915	1	0.005714
33906	33866	4	0.050633
33907	34881	1	0.021277
33907	34405	1	0.021277
33907	34913	1	0.021277
33907	34375	1	0.021277
33907	34440	1	0.021277
33907	34192	1	0.021277
33907	34938	4	0.085106
33907	34011	2	0.042553
33910	34488	2	0.029412
33910	34649	1	0.014706
33910	34490	6	0.088235
33911	34573	1	0.013333
33913	34347	133	3.594595
33913	34516	2	0.054054
33913	34173	1	0.027027
33915	34816	114	0.071563
33915	34563	1	0.000628
33915	33925	1593	1.000000
33915	34440	11	0.006905
33915	34570	3	0.001883
33915	34263	1	0.000628
33915	33935	15	0.009416
33915	34960	1	0.000628
33915	34321	37	0.023227
33915	34542	10	0.006277
33915	34320	1	0.000628
33915	34970	11	0.006905
33915	34205	1	0.000628
33915	34334	1	0.000628
33915	34181	1	0.000628
33915	33824	1	0.000628
33915	34470	1	0.000628
33915	34727	1559	0.978657
33915	33832	2	0.001255
33915	33714	5	0.003139
33915	34488	86	0.053986
33915	34745	2	0.001255
33915	34490	1	0.000628
33915	34747	2	0.001255
33915	34876	5	0.003139
33915	33866	2	0.001255
33915	33854	7312	4.590082
33915	33989	2	0.001255
33915	34247	1	0.000628
33915	34122	2	0.001255
33915	33867	1	0.000628
33915	34637	4	0.002511
33915	33742	1	0.000628
33915	34381	2	0.001255
33915	34256	1	0.000628
33915	34899	1	0.000628
33915	33977	66	0.041431
33915	34009	1	0.000628
33915	34011	130	0.081607
33915	34192	2	0.001255
33915	34531	2	0.001255
33915	34534	1	0.000628
33915	34151	1	0.000628
33915	34795	1	0.000628
33915	34414	2	0.001255
33915	34034	1	0.000628
33915	33786	2	0.001255
33915	33916	2	0.001255
33915	34303	15	0.009416
33916	34179	5	0.009091
33916	33925	1	0.001818
33916	33866	5	0.009091
33916	34795	2	0.003636
33916	34034	1	0.001818
33916	34611	8	0.014545
33916	33977	1	0.001818
33916	34490	1	0.001818
33916	34011	1	0.001818
33916	34748	4	0.007273
33916	34141	2	0.003636
33917	34830	2	0.055556
33918	34745	2	0.010638
33918	34611	2	0.010638
33918	33903	2	0.010638
33919	33866	5	0.086207
33919	34611	1	0.017241
33920	33866	22	0.611111
33920	34611	1	0.027778
33920	33877	1	0.027778
33921	33824	2	0.010309
33922	34816	2	0.004090
33922	34395	2	0.004090
33922	34440	4	0.008180
33922	34795	1	0.002045
33922	34637	2	0.004090
33922	33786	2	0.004090
33922	34011	18	0.036810
33922	33916	1	0.002045
33923	33824	68	1.000000
33923	34816	2	0.029412
33923	34150	68	1.000000
33923	34375	206	3.029412
33923	33845	69	1.014706
33923	34745	1	0.014706
33925	34816	2	0.003591
33925	34011	1	0.001795
33925	34090	3	0.005386
33925	33867	4	0.007181
33925	33996	2	0.003591
33925	34637	159	0.285458
33925	33935	1	0.001795
33925	34192	1	0.001795
33925	33866	1	0.001795
33925	33877	2	0.003591
33925	33977	4	0.007181
33925	33786	169	0.303411
33925	33851	2	0.003591
33925	34013	1	0.001795
33925	33854	2231	4.005386
33927	34440	8	0.102564
33927	34375	1	0.012821
33928	34034	1	0.031250
33928	34804	1	0.031250
33928	34966	1	0.031250
33928	34488	1	0.031250
33928	34553	1	0.031250
33928	33916	1	0.031250
33928	34430	1	0.031250
33929	33824	1	0.002398
33929	34816	5	0.011990
33929	33989	8	0.019185
33929	34444	3	0.007194
33929	34122	3	0.007194
33929	34508	5	0.011990
33929	34745	1	0.002398
33929	33755	1	0.002398
33931	33866	29	0.161111
33931	34347	356	1.977778
33931	34703	3	0.016667
33932	34440	6	0.031250
33932	34637	6	0.031250
33932	34899	6	0.031250
33932	34488	6	0.031250
33932	33786	6	0.031250
33932	34011	12	0.062500
33932	33756	6	0.031250
33932	34303	6	0.031250
33934	33866	8	0.400000
33934	34011	1	0.050000
33935	34816	209	0.144737
33935	34703	4	0.002770
33935	33925	1425	0.986842
33935	34440	2	0.001385
33935	34191	1	0.000693
33935	34192	1	0.000693
33935	34970	2	0.001385
33935	34974	2	0.001385
33935	34181	2	0.001385
33935	33824	10	0.006925
33935	34977	2	0.001385
33935	34727	2	0.001385
33935	34090	15	0.010388
33935	34611	1	0.000693
33935	34869	2	0.001385
33935	33719	2	0.001385
33935	33720	1	0.000693
33935	33977	6	0.004155
33935	33851	36	0.024931
33935	33866	4	0.002770
33935	33854	2897	2.006233
33935	34247	1	0.000693
33935	34122	5	0.003463
33935	33996	5	0.003463
33935	34637	3	0.002078
33935	34488	2	0.001385
33935	33874	1	0.000693
33935	34739	1	0.000693
33935	33877	19	0.013158
33935	34011	110	0.076177
33935	34280	10	0.006925
33935	33904	1	0.000693
33935	34034	6	0.004155
33935	33786	4	0.002770
33935	34555	4	0.002770
33935	34303	4	0.002770
33936	34816	2	0.002894
33936	33824	2	0.002894
33936	34315	1	0.001447
33936	34995	1	0.001447
33936	34440	3	0.004342
33936	34675	1	0.001447
33936	33866	23	0.033285
33936	34955	1	0.001447
33936	34637	3	0.004342
33936	33935	1	0.001447
33936	34611	1	0.001447
33936	34483	2	0.002894
33936	34678	1	0.001447
33936	34937	1	0.001447
33936	34137	1	0.001447
33936	34011	1	0.001447
33937	34816	207	0.907895
33937	34304	1	0.004386
33937	33794	1	0.004386
33937	33795	1	0.004386
33937	33799	1	0.004386
33937	34312	1	0.004386
33937	34833	1	0.004386
33937	34344	1	0.004386
33937	34868	1	0.004386
33937	33845	3	0.013158
33937	34870	1	0.004386
33937	34362	1	0.004386
33937	33851	1	0.004386
33937	34876	1	0.004386
33937	33854	684	3.000000
33937	34375	8	0.035088
33937	34377	1	0.004386
33937	33866	2	0.008772
33937	34382	1	0.004386
33937	33874	1	0.004386
33937	34899	1	0.004386
33937	34388	1	0.004386
33937	33877	8	0.035088
33937	34903	1	0.004386
33937	33880	1	0.004386
33937	34905	2	0.008772
33937	34397	1	0.004386
33937	33886	1	0.004386
33937	34401	1	0.004386
33937	33891	1	0.004386
33937	34405	1	0.004386
33937	33897	1	0.004386
33937	34923	1	0.004386
33937	34924	1	0.004386
33937	34418	1	0.004386
33937	34426	1	0.004386
33937	33983	1	0.004386
33937	34430	1	0.004386
33937	34947	1	0.004386
33937	33925	1	0.004386
33937	34956	1	0.004386
33937	34961	1	0.004386
33937	33941	1	0.004386
33937	34977	1	0.004386
33937	34466	1	0.004386
33937	34980	2	0.008772
33937	34488	1	0.004386
33937	33977	4	0.017544
33937	34490	1	0.004386
33937	34492	1	0.004386
33937	34495	1	0.004386
33937	33994	1	0.004386
33937	34011	10	0.043860
33937	34525	1	0.004386
33937	34015	1	0.004386
33937	34016	1	0.004386
33937	34530	1	0.004386
33937	34534	1	0.004386
33937	34537	1	0.004386
33937	34542	1	0.004386
33937	34543	1	0.004386
33937	34039	1	0.004386
33937	34558	1	0.004386
33937	34051	1	0.004386
33937	34568	1	0.004386
33937	34570	1	0.004386
33937	34064	1	0.004386
33937	34579	1	0.004386
33937	34068	1	0.004386
33937	34073	2	0.008772
33937	34077	1	0.004386
33937	34090	2	0.008772
33937	34093	1	0.004386
33937	34609	1	0.004386
33937	34098	1	0.004386
33937	34611	2	0.008772
33937	34101	1	0.004386
33937	34614	1	0.004386
33937	34103	1	0.004386
33937	34619	1	0.004386
33937	34626	1	0.004386
33937	34630	1	0.004386
33937	34444	5	0.021930
33937	34122	3	0.013158
33937	34123	1	0.004386
33937	34150	1	0.004386
33937	34663	1	0.004386
33937	34667	1	0.004386
33937	34680	1	0.004386
33937	34173	1	0.004386
33937	34179	1	0.004386
33937	34181	1	0.004386
33937	34703	1	0.004386
33937	34192	4	0.017544
33937	34194	1	0.004386
33937	34708	1	0.004386
33937	34200	1	0.004386
33937	34206	1	0.004386
33937	34725	1	0.004386
33937	34727	3	0.013158
33937	34739	1	0.004386
33937	33719	1	0.004386
33937	33721	1	0.004386
33937	34747	1	0.004386
33937	33727	1	0.004386
33937	33739	1	0.004386
33937	34764	1	0.004386
33937	34978	1	0.004386
33937	34771	1	0.004386
33937	33755	1	0.004386
33937	34898	1	0.004386
33937	34278	1	0.004386
33937	34795	1	0.004386
33937	33773	1	0.004386
33937	33875	1	0.004386
33937	34294	1	0.004386
33937	33787	1	0.004386
33939	33824	14	0.033019
33939	34866	439	1.035377
33939	34375	2	0.004717
33940	33812	160	1.088435
33940	34853	2	0.013605
33940	34663	2	0.013605
33942	34816	10	0.153846
33942	34530	1	0.015385
33942	34729	1	0.015385
33942	34795	1	0.015385
33942	34121	7	0.107692
33942	33977	4	0.061538
33942	33787	918	14.123077
33944	34754	3	0.041096
33944	34985	2	0.027397
33944	33866	1	0.013699
33944	34093	1	0.013699
33944	34488	1	0.013699
33944	34011	1	0.013699
33945	34164	233	1.049550
33945	34917	233	1.049550
33950	34637	1	0.004032
33950	33935	1	0.004032
33950	33786	1	0.004032
33950	34899	3	0.012097
33950	34037	1	0.004032
33950	34230	1	0.004032
33950	34488	1	0.004032
33950	34970	1	0.004032
33950	34747	1	0.004032
33950	34236	3	0.012097
33950	34013	1	0.004032
33950	34942	1	0.004032
33950	34303	4	0.016129
33952	33824	7	0.170732
33952	34657	28	0.682927
33952	33801	28	0.682927
33952	34002	28	0.682927
33952	33971	28	0.682927
33952	33718	1	0.024390
33952	34650	28	0.682927
33952	34970	1	0.024390
33954	34665	4	0.048780
33954	34346	4	0.048780
33954	34640	4	0.048780
33954	33916	1	0.012195
33954	34490	1	0.012195
33954	34171	13	0.158537
33954	34940	1	0.012195
33955	34440	1	0.022222
33955	34000	1	0.022222
33955	34011	1	0.022222
33955	33854	1	0.022222
33956	33866	14	0.160920
33957	34440	4	0.088889
33957	34073	14	0.311111
33957	34011	7	0.155556
33957	33788	2	0.044444
33957	34816	3	0.066667
33958	33877	2	0.012739
33958	34303	1	0.006369
33958	34830	2	0.012739
33958	34214	1	0.006369
33958	34375	1	0.006369
33959	33866	6	0.046154
33960	34816	6	3.000000
33960	34011	2	1.000000
33960	33854	10	5.000000
33964	34816	1	0.001727
33964	34736	18	0.031088
33964	34640	13	0.022453
33964	34230	2	0.003454
33964	33854	6	0.010363
33964	34303	2	0.003454
33966	33925	9	1.000000
33966	33854	45	5.000000
33966	34727	9	1.000000
33968	33866	2	0.019231
33969	33866	51	1.645161
33970	33925	15	1.000000
33970	33854	60	4.000000
33971	34816	6	0.018519
33971	33925	1	0.003086
33971	34440	3	0.009259
33971	33935	1	0.003086
33971	34073	22	0.067901
33971	34970	3	0.009259
33971	33824	1	0.003086
33971	34011	33	0.101852
33971	33956	1	0.003086
33971	34727	1	0.003086
33971	34090	1	0.003086
33971	34488	6	0.018519
33971	33854	1	0.003086
33971	33952	1	0.003086
33971	34375	2	0.006173
33971	34121	1	0.003086
33971	34506	1	0.003086
33971	34637	3	0.009259
33971	34899	1	0.003086
33971	33877	1	0.003086
33971	34650	1	0.003086
33971	34191	1	0.003086
33971	34657	327	1.009259
33971	34405	3	0.009259
33971	33901	1	0.003086
33971	34414	1	0.003086
33971	33786	8	0.024691
33971	33787	1	0.003086
33971	34303	14	0.043210
33972	34440	2	0.050000
33972	33998	2	0.050000
33973	34320	1	0.017241
33973	34745	2	0.034483
33973	33755	1	0.017241
33973	33989	2	0.034483
33977	34816	35	0.019423
33977	34667	4	0.002220
33977	34703	112	0.062153
33977	33925	3117	1.729745
33977	34440	8	0.004440
33977	34444	2	0.001110
33977	33935	2	0.001110
33977	34960	4	0.002220
33977	34321	62	0.034406
33977	33811	137	0.076027
33977	33996	9	0.004994
33977	34710	35	0.019423
33977	34073	2	0.001110
33977	34970	3	0.001665
33977	34586	56	0.031077
33977	34181	13	0.007214
33977	33824	1	0.000555
33977	34978	3	0.001665
33977	34729	2	0.001110
33977	34090	4	0.002220
33977	33845	23	0.012764
33977	34359	2	0.001110
33977	33720	2	0.001110
33977	34364	79	0.043840
33977	34122	4	0.002220
33977	33854	15639	8.678690
33977	33983	69	0.038291
33977	34121	4	0.002220
33977	33866	2	0.001110
33977	33867	2	0.001110
33977	34704	112	0.062153
33977	34637	2	0.001110
33977	34488	2	0.001110
33977	34899	2	0.001110
33977	33877	3	0.001665
33977	33994	2	0.001110
33977	34009	1	0.000555
33977	34011	64	0.035516
33977	34013	5	0.002775
33977	34192	24	0.013319
33977	34530	15	0.008324
33977	34275	21	0.011654
33977	34795	2	0.001110
33977	34414	2	0.001110
33977	34749	18	0.009989
33977	34552	2	0.001110
33977	33786	68	0.037736
33977	34555	20	0.011099
33977	33916	1	0.000555
33980	34816	207	0.907895
33980	34304	1	0.004386
33980	33794	1	0.004386
33980	33795	1	0.004386
33980	33799	1	0.004386
33980	34312	1	0.004386
33980	34833	1	0.004386
33980	34344	1	0.004386
33980	34868	1	0.004386
33980	33845	3	0.013158
33980	34870	1	0.004386
33980	34362	1	0.004386
33980	33851	1	0.004386
33980	34876	1	0.004386
33980	33854	684	3.000000
33980	34375	8	0.035088
33980	34377	1	0.004386
33980	33866	2	0.008772
33980	34382	1	0.004386
33980	33874	1	0.004386
33980	34899	1	0.004386
33980	34388	1	0.004386
33980	33877	8	0.035088
33980	34903	1	0.004386
33980	33880	1	0.004386
33980	34905	2	0.008772
33980	34397	1	0.004386
33980	33886	1	0.004386
33980	34401	1	0.004386
33980	33891	1	0.004386
33980	34405	1	0.004386
33980	33897	1	0.004386
33980	34923	1	0.004386
33980	34924	1	0.004386
33980	34418	1	0.004386
33980	34426	1	0.004386
33980	33983	1	0.004386
33980	34430	1	0.004386
33980	34947	1	0.004386
33980	33925	1	0.004386
33980	34956	1	0.004386
33980	34961	1	0.004386
33980	33941	1	0.004386
33980	34977	1	0.004386
33980	34466	1	0.004386
33980	34980	2	0.008772
33980	34488	1	0.004386
33980	33977	4	0.017544
33980	34490	1	0.004386
33980	34492	1	0.004386
33980	34495	1	0.004386
33980	33994	1	0.004386
33980	34011	10	0.043860
33980	34525	1	0.004386
33980	34015	1	0.004386
33980	34016	1	0.004386
33980	34530	1	0.004386
33980	34534	1	0.004386
33980	34537	1	0.004386
33980	34542	1	0.004386
33980	34543	1	0.004386
33980	34039	1	0.004386
33980	34558	1	0.004386
33980	34051	1	0.004386
33980	34568	1	0.004386
33980	34570	1	0.004386
33980	34064	1	0.004386
33980	34579	1	0.004386
33980	34068	1	0.004386
33980	34073	2	0.008772
33980	34077	1	0.004386
33980	34090	2	0.008772
33980	34093	1	0.004386
33980	34609	1	0.004386
33980	34098	1	0.004386
33980	34611	2	0.008772
33980	34101	1	0.004386
33980	34614	1	0.004386
33980	34103	1	0.004386
33980	34619	1	0.004386
33980	34626	1	0.004386
33980	34630	1	0.004386
33980	34444	5	0.021930
33980	34122	3	0.013158
33980	34123	1	0.004386
33980	34150	1	0.004386
33980	34663	1	0.004386
33980	34667	1	0.004386
33980	34680	1	0.004386
33980	34173	1	0.004386
33980	34179	1	0.004386
33980	34181	1	0.004386
33980	34703	1	0.004386
33980	34192	4	0.017544
33980	34194	1	0.004386
33980	34708	1	0.004386
33980	34200	1	0.004386
33980	34206	1	0.004386
33980	34725	1	0.004386
33980	34727	3	0.013158
33980	34739	1	0.004386
33980	33719	1	0.004386
33980	33773	1	0.004386
33980	33721	1	0.004386
33980	34747	1	0.004386
33980	33727	1	0.004386
33980	33739	1	0.004386
33980	34764	1	0.004386
33980	34978	1	0.004386
33980	34771	1	0.004386
33980	33755	1	0.004386
33980	34278	1	0.004386
33980	34795	1	0.004386
33980	34898	1	0.004386
33980	33875	1	0.004386
33980	34294	1	0.004386
33980	33787	1	0.004386
33982	34816	2	0.055556
33982	34727	3	0.083333
33982	34440	1	0.027778
33982	34122	1	0.027778
33982	34732	1	0.027778
33982	34798	4	0.111111
33982	34320	2	0.055556
33982	34804	1	0.027778
33982	34303	1	0.027778
33983	34011	2	1.000000
33984	33866	1	0.020000
33984	34611	7	0.140000
33987	34816	24	0.054422
33987	33824	1	0.002268
33987	34795	1	0.002268
33987	34151	5	0.011338
33987	34440	3	0.006803
33987	34729	4	0.009070
33987	33994	1	0.002268
33987	34891	17	0.038549
33987	34957	1	0.002268
33987	34727	5	0.011338
33987	34230	1	0.002268
33987	34488	4	0.009070
33987	33854	2	0.004535
33987	34011	3	0.006803
33987	34430	451	1.022676
33988	33866	170	2.000000
33988	34011	85	1.000000
33989	33826	1	0.001011
33989	33755	7	0.007078
33989	33929	1	0.001011
33989	33867	3	0.003033
33989	34764	4	0.004044
33989	34285	1	0.001011
33989	34320	1	0.001011
33989	34929	1	0.001011
33989	34034	2	0.002022
33989	34611	12	0.012133
33989	34745	4	0.004044
33989	34873	1	0.001011
33989	34011	2	0.002022
33989	34303	2	0.002022
33990	33866	1	0.009524
33991	34816	2	0.019048
33991	33925	1	0.009524
33991	34440	1	0.009524
33991	33886	4	0.038095
33991	34011	1	0.009524
33991	33916	4	0.038095
33991	33854	4	0.038095
33992	34347	213	5.756757
33992	34516	2	0.054054
33992	34173	1	0.027027
33993	34816	115	0.144836
33993	34563	1	0.001259
33993	33925	792	0.997481
33993	34440	11	0.013854
33993	34570	3	0.003778
33993	34263	1	0.001259
33993	33935	15	0.018892
33993	34960	1	0.001259
33993	34321	37	0.046599
33993	34542	10	0.012594
33993	34320	1	0.001259
33993	34970	11	0.013854
33993	34205	1	0.001259
33993	34334	1	0.001259
33993	34181	1	0.001259
33993	33824	1	0.001259
33993	34470	1	0.001259
33993	34727	761	0.958438
33993	33832	1	0.001259
33993	33714	5	0.006297
33993	34488	91	0.114610
33993	34745	2	0.002519
33993	34490	1	0.001259
33993	34747	2	0.002519
33993	34876	4	0.005038
33993	33866	7	0.008816
33993	33854	3312	4.171285
33993	34752	2	0.002519
33993	33987	2	0.002519
33993	33989	2	0.002519
33993	34247	1	0.001259
33993	34122	2	0.002519
33993	33867	1	0.001259
33993	34637	4	0.005038
33993	33742	1	0.001259
33993	34381	2	0.002519
33993	34256	1	0.001259
33993	34899	2	0.002519
33993	33977	66	0.083123
33993	34009	1	0.001259
33993	34011	133	0.167506
33993	34192	2	0.002519
33993	34531	2	0.002519
33993	34404	2	0.002519
33993	34534	2	0.002519
33993	34151	1	0.001259
33993	34795	1	0.001259
33993	34414	2	0.002519
33993	34034	1	0.001259
33993	33786	3	0.003778
33993	33915	1	0.001259
33993	33916	2	0.002519
33993	34303	15	0.018892
33994	34816	2	1.000000
33994	33854	6	3.000000
33996	34816	51	1.214286
33996	34440	1	0.023810
33996	34192	3	0.071429
33996	34200	10	0.238095
33996	34977	4	0.095238
33996	34729	1	0.023810
33996	34090	4	0.095238
33996	34869	4	0.095238
33996	34488	1	0.023810
33996	33851	1	0.023810
33996	33854	210	5.000000
33996	33866	18	0.428571
33996	34899	1	0.023810
33996	33877	10	0.238095
33996	34775	1	0.023810
33996	34009	1	0.023810
33996	34011	5	0.119048
33996	33904	1	0.023810
33996	34547	1	0.023810
33996	34679	1	0.023810
33996	34299	2	0.047619
33996	33789	1	0.023810
33996	34303	1	0.023810
33997	34034	2	1.000000
33997	34430	2	1.000000
33997	34263	2	1.000000
33998	33866	13	0.127451
34002	34657	2	0.006993
34002	33916	1	0.003497
34002	33866	8	0.027972
34002	34929	1	0.003497
34002	34034	1	0.003497
34002	34430	1	0.003497
34002	34745	1	0.003497
34002	33755	1	0.003497
34002	34748	1	0.003497
34002	33886	1	0.003497
34004	34011	3	0.100000
34004	34380	1	0.033333
34004	33877	1	0.033333
34004	33854	1	0.033333
34004	34375	2	0.066667
34005	34192	2	0.050000
34005	34714	1	0.025000
34005	33715	1	0.025000
34009	33824	2	0.028986
34009	33787	1	0.014493
34009	33925	1	0.014493
34009	34727	2	0.028986
34009	34504	2	0.028986
34009	34121	1	0.014493
34009	34637	1	0.014493
34009	34093	2	0.028986
34009	34864	1	0.014493
34009	34392	1	0.014493
34009	33786	2	0.028986
34009	34011	3	0.043478
34009	34970	4	0.057971
34009	33854	1	0.014493
34011	34816	166	0.130196
34011	34689	1	0.000784
34011	34563	18	0.014118
34011	34440	15	0.011765
34011	34830	1	0.000784
34011	33935	1	0.000784
34011	34192	4	0.003137
34011	33811	1	0.000784
34011	34582	1	0.000784
34011	34200	2	0.001569
34011	34073	1	0.000784
34011	34970	6	0.004706
34011	34334	4	0.003137
34011	33824	1	0.000784
34011	34090	1	0.000784
34011	33845	2	0.001569
34011	34488	1	0.000784
34011	33977	3	0.002353
34011	34490	1	0.000784
34011	33854	827	0.648627
34011	33983	1	0.000784
34011	34375	1	0.000784
34011	34891	1	0.000784
34011	34381	4	0.003137
34011	34637	78	0.061176
34011	33744	1	0.000784
34011	33877	2	0.001569
34011	34526	12	0.009412
34011	34256	2	0.001569
34011	34147	2	0.001569
34011	34929	1	0.000784
34011	34034	5	0.003922
34011	33786	80	0.062745
34011	33916	11	0.008627
34013	34816	1	0.004016
34013	34978	248	0.995984
34013	33925	248	0.995984
34013	34440	1	0.004016
34013	34122	3968	15.935743
34013	34444	248	0.995984
34013	33845	1	0.004016
34013	33977	1	0.004016
34013	34970	248	0.995984
34013	33866	1	0.004016
34013	33854	992	3.983936
34013	34181	1	0.004016
34014	33866	146	0.488294
34015	34304	1	0.166667
34015	34947	2	0.333333
34015	33925	6	1.000000
34015	34956	4	0.666667
34015	34064	1	0.166667
34015	34961	1	0.166667
34015	34579	1	0.166667
34015	34708	2	0.333333
34015	34077	1	0.166667
34015	34466	1	0.166667
34015	34344	1	0.166667
34015	34739	1	0.166667
34015	34101	1	0.166667
34015	34614	1	0.166667
34015	34103	1	0.166667
34015	33720	27	4.500000
34015	33721	1	0.166667
34015	34362	1	0.166667
34015	34492	1	0.166667
34015	33854	24	4.000000
34015	33727	1	0.166667
34015	34377	2	0.333333
34015	33739	1	0.166667
34015	34764	1	0.166667
34015	33874	2	0.333333
34015	34771	6	1.000000
34015	34905	1	0.166667
34015	33897	1	0.166667
34015	34923	2	0.333333
34015	34924	1	0.166667
34015	33773	1	0.166667
34015	34294	1	0.166667
34015	34039	1	0.166667
34015	34495	1	0.166667
34017	34488	9	0.642857
34022	34347	203	5.486486
34022	34516	2	0.054054
34022	34173	1	0.027027
34023	33817	2	0.007968
34023	33866	4	0.015936
34023	34691	2	0.007968
34024	34440	1	0.100000
34024	33866	1	0.100000
34024	33867	1	0.100000
34024	33877	1	0.100000
34024	34303	2	0.200000
34025	34816	9	0.017308
34025	33925	4	0.007692
34025	33799	1	0.001923
34025	34440	76	0.146154
34025	33802	1	0.001923
34025	33935	4	0.007692
34025	34192	1	0.001923
34025	34488	2	0.003846
34025	33824	3	0.005769
34025	34611	1	0.001923
34025	33720	1	0.001923
34025	33977	1	0.001923
34025	33851	1	0.001923
34025	33854	29	0.055769
34025	34375	40	0.076923
34025	33866	4	0.007692
34025	34891	1	0.001923
34025	33996	1	0.001923
34025	34637	27	0.051923
34025	34509	1	0.001923
34025	34897	6	0.011538
34025	34899	1	0.001923
34025	33877	2	0.003846
34025	34263	1	0.001923
34025	34011	23	0.044231
34025	34405	25	0.048077
34025	33893	1	0.001923
34025	34414	8	0.015385
34025	34929	4	0.007692
34025	33786	9	0.017308
34025	33787	2	0.003846
34025	34303	1	0.001923
34026	34691	1	0.017544
34026	33866	10	0.175439
34026	34611	3	0.052632
34026	34745	1	0.017544
34026	34779	3	0.052632
34026	34430	1	0.017544
34028	33866	15	0.038961
34029	34816	31	0.242188
34029	34435	1	0.007812
34029	33925	129	1.007812
34029	34440	2	0.015625
34029	34775	1	0.007812
34029	34444	8	0.062500
34029	34061	1	0.007812
34029	34192	2	0.015625
34029	33824	1	0.007812
34029	34851	1	0.007812
34029	34105	1	0.007812
34029	33854	512	4.000000
34029	33987	1	0.007812
34029	33989	2	0.015625
34029	34122	257	2.007812
34029	34011	35	0.273438
34029	34263	2	0.015625
34029	34009	1	0.007812
34029	33755	1	0.007812
34029	34657	2	0.015625
34029	33903	2	0.015625
34029	33904	1	0.007812
34029	34804	1	0.007812
34029	34294	20	0.156250
34029	34553	1	0.007812
34029	34555	13	0.101562
34031	34200	3	0.107143
34031	34816	3	0.107143
34031	33866	1	0.035714
34031	34011	26	0.928571
34031	33854	115	4.107143
34032	34440	1	0.004386
34032	34011	228	1.000000
34032	34524	1	0.004386
34032	34823	1	0.004386
34033	34273	4	0.000862
34033	33866	38	0.008188
34033	33745	2	0.000431
34033	34611	7	0.001508
34033	33877	1	0.000215
34033	34874	2	0.000431
34034	33794	5	0.002621
34034	34179	8	0.004193
34034	34929	4	0.002096
34034	34375	1	0.000524
34034	34440	3	0.001572
34034	34122	2	0.001048
34034	34827	1	0.000524
34034	34637	2	0.001048
34034	33789	5	0.002621
34034	33891	1	0.000524
34034	33867	1	0.000524
34034	34611	6	0.003145
34034	34933	1	0.000524
34034	34775	1	0.000524
34034	33786	1	0.000524
34034	34011	1	0.000524
34034	33916	2	0.001048
34034	34013	2	0.001048
34034	33714	1	0.000524
34035	33866	5	0.500000
34036	34440	3	0.058824
34036	33854	1	0.019608
34037	33824	1	0.083333
34037	34375	1	0.083333
34037	34440	1	0.083333
34037	34121	1	0.083333
34037	34637	1	0.083333
34037	33950	1	0.083333
34037	33935	1	0.083333
34037	34389	1	0.083333
34037	34303	1	0.083333
34037	33877	1	0.083333
34037	33977	1	0.083333
34037	33786	1	0.083333
34037	34011	4	0.333333
34037	34556	1	0.083333
34037	33854	1	0.083333
34037	34463	1	0.083333
34038	33866	3	0.166667
34039	34304	1	0.166667
34039	34947	2	0.333333
34039	33925	6	1.000000
34039	34956	4	0.666667
34039	34064	1	0.166667
34039	34961	1	0.166667
34039	34579	1	0.166667
34039	34708	2	0.333333
34039	34077	1	0.166667
34039	34466	1	0.166667
34039	34344	1	0.166667
34039	34739	1	0.166667
34039	34101	1	0.166667
34039	34614	1	0.166667
34039	34103	1	0.166667
34039	33720	27	4.500000
34039	33721	1	0.166667
34039	34362	1	0.166667
34039	34492	1	0.166667
34039	33854	24	4.000000
34039	33727	1	0.166667
34039	34377	2	0.333333
34039	33739	1	0.166667
34039	34764	1	0.166667
34039	33874	2	0.333333
34039	34771	6	1.000000
34039	34905	1	0.166667
34039	34015	1	0.166667
34039	33897	1	0.166667
34039	34923	2	0.333333
34039	34924	1	0.166667
34039	33773	1	0.166667
34039	34294	1	0.166667
34039	34495	1	0.166667
34041	34816	1	0.000787
34041	34122	1	0.000787
34041	34414	1	0.000787
34041	33872	1	0.000787
34041	33877	1	0.000787
34041	34391	1	0.000787
34041	33866	10	0.007868
34043	33824	1	0.001543
34043	34745	2	0.003086
34043	33866	6	0.009259
34045	34816	31	0.226277
34045	34435	1	0.007299
34045	33925	138	1.007299
34045	34440	2	0.014599
34045	34263	2	0.014599
34045	34444	8	0.058394
34045	34061	1	0.007299
34045	34192	2	0.014599
34045	33824	1	0.007299
34045	34851	1	0.007299
34045	34105	1	0.007299
34045	33854	548	4.000000
34045	33987	1	0.007299
34045	33989	2	0.014599
34045	34122	275	2.007299
34045	33755	1	0.007299
34045	34775	1	0.007299
34045	34009	1	0.007299
34045	34011	35	0.255474
34045	34657	2	0.014599
34045	33903	2	0.014599
34045	33904	1	0.007299
34045	34804	1	0.007299
34045	34294	21	0.153285
34045	34553	1	0.007299
34045	34555	13	0.094891
34047	34250	1	0.007874
34048	33701	4	0.125000
34048	33866	32	1.000000
34048	33901	4	0.125000
34048	34966	4	0.125000
34048	34457	4	0.125000
34048	34011	1	0.031250
34048	34109	4	0.125000
34048	33854	3	0.093750
34050	33959	3	0.096774
34051	33977	1	0.052632
34052	33866	1	0.019608
34052	34611	1	0.019608
34053	33824	1	0.013889
34053	34637	5	0.069444
34053	34256	1	0.013889
34053	34899	2	0.027778
34053	34104	1	0.013889
34053	33786	1	0.013889
34053	34011	1	0.013889
34054	33866	1	0.008130
34054	34531	1	0.008130
34055	33824	4	0.003976
34055	34816	3	0.002982
34055	33787	1	0.000994
34055	33925	3	0.002982
34055	34440	11	0.010934
34055	34034	1	0.000994
34055	34775	5	0.004970
34055	34637	1	0.000994
34055	34191	1	0.000994
34055	34418	1	0.000994
34055	34933	13	0.012922
34055	34711	12	0.011928
34055	33786	3	0.002982
34055	34011	9	0.008946
34055	33854	3	0.002982
34057	34347	208	5.621622
34057	34516	2	0.054054
34057	34173	1	0.027027
34058	34816	1	0.000866
34058	34853	21	0.018182
34058	34663	1	0.000866
34058	34440	6	0.005195
34058	34347	3	0.002597
34058	33940	1	0.000866
34058	34727	1	0.000866
34058	33789	4	0.003463
34058	34303	12	0.010390
34060	33866	4	0.002819
34061	34375	1	0.001658
34061	34440	2	0.003317
34061	34540	6	0.009950
34061	33935	1	0.001658
34061	34896	10	0.016584
34061	34899	2	0.003317
34061	34807	1	0.001658
34061	34488	1310	2.172471
34061	33854	4	0.006633
34063	34611	2	0.003200
34063	33866	4	0.006400
34063	34347	1	0.001600
34064	34304	1	0.166667
34064	34947	2	0.333333
34064	33925	6	1.000000
34064	34956	4	0.666667
34064	34961	1	0.166667
34064	34579	1	0.166667
34064	34708	2	0.333333
34064	34077	1	0.166667
34064	34466	1	0.166667
34064	34344	1	0.166667
34064	34739	1	0.166667
34064	34101	1	0.166667
34064	34614	1	0.166667
34064	34103	1	0.166667
34064	33720	27	4.500000
34064	33721	1	0.166667
34064	34362	1	0.166667
34064	34492	1	0.166667
34064	33854	24	4.000000
34064	34495	1	0.166667
34064	34377	2	0.333333
34064	33739	1	0.166667
34064	34764	1	0.166667
34064	33874	2	0.333333
34064	34771	6	1.000000
34064	34905	1	0.166667
34064	34015	1	0.166667
34064	33897	1	0.166667
34064	34923	2	0.333333
34064	34924	1	0.166667
34064	33773	1	0.166667
34064	34294	1	0.166667
34064	34039	1	0.166667
34064	33727	1	0.166667
34066	34375	1	0.000542
34066	33866	18	0.009751
34066	34488	1	0.000542
34066	34994	1	0.000542
34066	34611	6	0.003250
34066	34678	1	0.000542
34066	34424	2	0.001083
34066	34011	1	0.000542
34066	34250	1	0.000542
34066	34430	1	0.000542
34066	34303	4	0.002167
34068	34816	6	0.461538
34068	34011	4	0.307692
34068	33925	15	1.153846
34068	33854	65	5.000000
34068	34727	13	1.000000
34073	34816	3	0.051724
34073	33786	1	0.017241
34073	34011	3	0.051724
34073	34637	1	0.017241
34073	33854	1	0.017241
34074	34816	207	0.907895
34074	34304	1	0.004386
34074	33794	1	0.004386
34074	33795	1	0.004386
34074	33799	1	0.004386
34074	34312	1	0.004386
34074	34833	1	0.004386
34074	34344	1	0.004386
34074	34868	1	0.004386
34074	33845	3	0.013158
34074	34870	1	0.004386
34074	34362	1	0.004386
34074	33851	1	0.004386
34074	34876	1	0.004386
34074	33854	684	3.000000
34074	34375	8	0.035088
34074	34377	1	0.004386
34074	33866	2	0.008772
34074	34382	1	0.004386
34074	33874	1	0.004386
34074	34899	1	0.004386
34074	34388	1	0.004386
34074	33877	8	0.035088
34074	34903	1	0.004386
34074	33880	1	0.004386
34074	34905	2	0.008772
34074	34397	1	0.004386
34074	33886	1	0.004386
34074	34401	1	0.004386
34074	33891	1	0.004386
34074	34405	1	0.004386
34074	33897	1	0.004386
34074	34923	1	0.004386
34074	34924	1	0.004386
34074	34418	1	0.004386
34074	34426	1	0.004386
34074	33983	1	0.004386
34074	34430	1	0.004386
34074	34947	1	0.004386
34074	33925	1	0.004386
34074	34444	5	0.021930
34074	34961	1	0.004386
34074	33941	1	0.004386
34074	34977	1	0.004386
34074	34466	1	0.004386
34074	34980	2	0.008772
34074	34488	1	0.004386
34074	33977	4	0.017544
34074	34490	1	0.004386
34074	34492	1	0.004386
34074	34495	1	0.004386
34074	33994	1	0.004386
34074	34011	10	0.043860
34074	34525	1	0.004386
34074	34015	1	0.004386
34074	34016	1	0.004386
34074	34530	1	0.004386
34074	34534	1	0.004386
34074	34537	1	0.004386
34074	34542	1	0.004386
34074	34543	1	0.004386
34074	34039	1	0.004386
34074	34558	1	0.004386
34074	34051	1	0.004386
34074	34568	1	0.004386
34074	34570	1	0.004386
34074	34064	1	0.004386
34074	34579	1	0.004386
34074	34068	1	0.004386
34074	34073	2	0.008772
34074	34077	1	0.004386
34074	34090	2	0.008772
34074	34093	1	0.004386
34074	34609	1	0.004386
34074	34098	1	0.004386
34074	34611	2	0.008772
34074	34101	1	0.004386
34074	34614	1	0.004386
34074	34103	1	0.004386
34074	34619	1	0.004386
34074	34626	1	0.004386
34074	34630	1	0.004386
34074	34956	1	0.004386
34074	34122	3	0.013158
34074	34123	1	0.004386
34074	34150	1	0.004386
34074	34663	1	0.004386
34074	34667	1	0.004386
34074	34680	1	0.004386
34074	34173	1	0.004386
34074	34179	1	0.004386
34074	34181	1	0.004386
34074	34703	1	0.004386
34074	34192	4	0.017544
34074	34194	1	0.004386
34074	34708	1	0.004386
34074	34200	1	0.004386
34074	34206	1	0.004386
34074	34725	1	0.004386
34074	34727	3	0.013158
34074	34739	1	0.004386
34074	33719	1	0.004386
34074	33773	1	0.004386
34074	33721	1	0.004386
34074	34747	1	0.004386
34074	33727	1	0.004386
34074	33739	1	0.004386
34074	34764	1	0.004386
34074	34978	1	0.004386
34074	34771	1	0.004386
34074	33755	1	0.004386
34074	34278	1	0.004386
34074	34795	1	0.004386
34074	34898	1	0.004386
34074	33875	1	0.004386
34074	34294	1	0.004386
34074	33787	1	0.004386
34075	33866	3	0.022059
34075	34611	1	0.007353
34077	34304	1	0.166667
34077	34947	2	0.333333
34077	33925	6	1.000000
34077	34956	4	0.666667
34077	34064	1	0.166667
34077	34961	1	0.166667
34077	34579	1	0.166667
34077	34708	2	0.333333
34077	34466	1	0.166667
34077	34344	1	0.166667
34077	34739	1	0.166667
34077	34101	1	0.166667
34077	34614	1	0.166667
34077	34103	1	0.166667
34077	33720	27	4.500000
34077	33721	1	0.166667
34077	34362	1	0.166667
34077	34492	1	0.166667
34077	33854	24	4.000000
34077	33727	1	0.166667
34077	34377	2	0.333333
34077	33739	1	0.166667
34077	34764	1	0.166667
34077	33874	2	0.333333
34077	34771	6	1.000000
34077	34905	1	0.166667
34077	34015	1	0.166667
34077	33897	1	0.166667
34077	34923	2	0.333333
34077	34924	1	0.166667
34077	33773	1	0.166667
34077	34294	1	0.166667
34077	34039	1	0.166667
34077	34495	1	0.166667
34079	34816	780	0.177273
34079	34305	1	0.000227
34079	34825	1	0.000227
34079	34315	1	0.000227
34079	33814	1	0.000227
34079	33817	1	0.000227
34079	33819	1	0.000227
34079	33824	61	0.013864
34079	33825	1	0.000227
34079	33826	1	0.000227
34079	33830	1	0.000227
34079	34861	1	0.000227
34079	33838	1	0.000227
34079	33840	1	0.000227
34079	33841	1	0.000227
34079	34995	1	0.000227
34079	34357	1	0.000227
34079	33848	1	0.000227
34079	34874	1	0.000227
34079	33853	1	0.000227
34079	33854	3	0.000682
34079	34881	1	0.000227
34079	33859	1	0.000227
34079	34884	1	0.000227
34079	34375	20260	4.604545
34079	33864	1	0.000227
34079	34384	1	0.000227
34079	34386	1	0.000227
34079	33876	1	0.000227
34079	33877	15	0.003409
34079	33878	1	0.000227
34079	34745	1	0.000227
34079	33888	1	0.000227
34079	34915	1	0.000227
34079	33892	1	0.000227
34079	34407	1	0.000227
34079	34928	1	0.000227
34079	33907	1	0.000227
34079	34933	1	0.000227
34079	34935	1	0.000227
34079	34937	1	0.000227
34079	34943	2	0.000455
34079	34945	1	0.000227
34079	33922	1	0.000227
34079	34949	1	0.000227
34079	33927	1	0.000227
34079	34440	1	0.000227
34079	33929	1	0.000227
34079	34448	1	0.000227
34079	33939	1	0.000227
34079	34452	1	0.000227
34079	34329	1	0.000227
34079	33950	1	0.000227
34079	34463	1	0.000227
34079	33952	1	0.000227
34079	33904	1	0.000227
34079	33955	1	0.000227
34079	33957	1	0.000227
34079	34982	1	0.000227
34079	34987	1	0.000227
34079	33964	1	0.000227
34079	34481	1	0.000227
34079	34994	1	0.000227
34079	33971	1	0.000227
34079	33977	1	0.000227
34079	33982	1	0.000227
34079	34496	1	0.000227
34079	33987	1	0.000227
34079	34009	1	0.000227
34079	34011	3	0.000682
34079	34524	1	0.000227
34079	34535	1	0.000227
34079	34536	1	0.000227
34079	34540	1	0.000227
34079	34030	1	0.000227
34079	34545	1	0.000227
34079	34036	1	0.000227
34079	34047	1	0.000227
34079	34560	1	0.000227
34079	34562	1	0.000227
34079	34564	1	0.000227
34079	34055	1	0.000227
34079	34571	6	0.001364
34079	34061	1	0.000227
34079	34521	1	0.000227
34079	34585	1	0.000227
34079	34587	2	0.000455
34079	34182	1	0.000227
34079	34600	2	0.000455
34079	34102	1	0.000227
34079	34953	1	0.000227
34079	34616	1	0.000227
34079	33845	58	0.013182
34079	34631	1	0.000227
34079	34632	1	0.000227
34079	34122	3	0.000682
34079	34127	1	0.000227
34079	34137	1	0.000227
34079	34650	1	0.000227
34079	33850	1	0.000227
34079	34658	1	0.000227
34079	34150	59	0.013409
34079	34669	1	0.000227
34079	33940	1	0.000227
34079	34171	1	0.000227
34079	34173	1	0.000227
34079	34690	1	0.000227
34079	34175	1	0.000227
34079	34688	1	0.000227
34079	34178	1	0.000227
34079	34694	1	0.000227
34079	34190	1	0.000227
34079	33860	1	0.000227
34079	34202	1	0.000227
34079	34726	1	0.000227
34079	34802	1	0.000227
34079	34233	1	0.000227
34079	33722	1	0.000227
34079	33724	1	0.000227
34079	34239	1	0.000227
34079	34752	1	0.000227
34079	34753	1	0.000227
34079	33733	1	0.000227
34079	34251	1	0.000227
34079	34252	1	0.000227
34079	34765	1	0.000227
34079	33742	2	0.000455
34079	34979	1	0.000227
34079	33751	1	0.000227
34079	34785	1	0.000227
34079	34274	2	0.000455
34079	33958	1	0.000227
34079	34792	1	0.000227
34079	34794	1	0.000227
34079	33771	1	0.000227
34079	33778	1	0.000227
34079	33782	1	0.000227
34079	33786	2	0.000455
34080	34611	1	0.003984
34080	33903	1	0.003984
34080	34431	1	0.003984
34081	34816	207	0.907895
34081	34304	1	0.004386
34081	33794	1	0.004386
34081	33795	1	0.004386
34081	33799	1	0.004386
34081	34312	1	0.004386
34081	34833	1	0.004386
34081	34344	1	0.004386
34081	34868	1	0.004386
34081	33845	3	0.013158
34081	34870	1	0.004386
34081	34362	1	0.004386
34081	33851	1	0.004386
34081	34876	1	0.004386
34081	33854	684	3.000000
34081	34375	8	0.035088
34081	34377	1	0.004386
34081	33866	2	0.008772
34081	34382	1	0.004386
34081	33874	1	0.004386
34081	34899	1	0.004386
34081	34388	1	0.004386
34081	33877	8	0.035088
34081	34903	1	0.004386
34081	33880	1	0.004386
34081	34905	2	0.008772
34081	34397	1	0.004386
34081	33886	1	0.004386
34081	34401	1	0.004386
34081	33891	1	0.004386
34081	34405	1	0.004386
34081	33897	1	0.004386
34081	34923	1	0.004386
34081	34924	1	0.004386
34081	34418	1	0.004386
34081	34426	1	0.004386
34081	33983	1	0.004386
34081	34430	1	0.004386
34081	34947	1	0.004386
34081	33925	1	0.004386
34081	34956	1	0.004386
34081	34961	1	0.004386
34081	33941	1	0.004386
34081	34977	1	0.004386
34081	34466	1	0.004386
34081	34980	2	0.008772
34081	34488	1	0.004386
34081	33977	4	0.017544
34081	34490	1	0.004386
34081	34492	1	0.004386
34081	34495	1	0.004386
34081	33994	1	0.004386
34081	34011	10	0.043860
34081	34525	1	0.004386
34081	34015	1	0.004386
34081	34016	1	0.004386
34081	34530	1	0.004386
34081	34534	1	0.004386
34081	34537	1	0.004386
34081	34542	1	0.004386
34081	34543	1	0.004386
34081	34039	1	0.004386
34081	34558	1	0.004386
34081	34051	1	0.004386
34081	34568	1	0.004386
34081	34570	1	0.004386
34081	34064	1	0.004386
34081	34579	1	0.004386
34081	34068	1	0.004386
34081	34073	2	0.008772
34081	34077	1	0.004386
34081	34090	2	0.008772
34081	34093	1	0.004386
34081	34609	1	0.004386
34081	34098	1	0.004386
34081	34611	2	0.008772
34081	34101	1	0.004386
34081	34614	1	0.004386
34081	34103	1	0.004386
34081	34619	1	0.004386
34081	34626	1	0.004386
34081	34630	1	0.004386
34081	34444	5	0.021930
34081	34122	3	0.013158
34081	34123	1	0.004386
34081	34150	1	0.004386
34081	34663	1	0.004386
34081	34667	1	0.004386
34081	34680	1	0.004386
34081	34173	1	0.004386
34081	34179	1	0.004386
34081	34181	1	0.004386
34081	34703	1	0.004386
34081	34192	4	0.017544
34081	34194	1	0.004386
34081	34708	1	0.004386
34081	34200	1	0.004386
34081	34206	1	0.004386
34081	34725	1	0.004386
34081	34727	3	0.013158
34081	34739	1	0.004386
34081	33719	1	0.004386
34081	33721	1	0.004386
34081	34747	1	0.004386
34081	33727	1	0.004386
34081	33739	1	0.004386
34081	34764	1	0.004386
34081	34978	1	0.004386
34081	34771	1	0.004386
34081	33755	1	0.004386
34081	34898	1	0.004386
34081	34278	1	0.004386
34081	34795	1	0.004386
34081	33773	1	0.004386
34081	33875	1	0.004386
34081	34294	1	0.004386
34081	33787	1	0.004386
34090	34816	57	0.096447
34090	33925	569	0.962775
34090	34312	7	0.011844
34090	33935	1	0.001692
34090	34200	2	0.003384
34090	34970	1	0.001692
34090	34181	1	0.001692
34090	33824	2	0.003384
34090	34977	3	0.005076
34090	34978	1	0.001692
34090	34980	1	0.001692
34090	34725	2	0.003384
34090	34729	2	0.003384
34090	34764	2	0.003384
34090	34440	5	0.008460
34090	34869	61	0.103215
34090	33719	1	0.001692
34090	33977	6	0.010152
34090	33851	5	0.008460
34090	33854	2296	3.884941
34090	33996	4	0.006768
34090	33866	5	0.008460
34090	34252	1	0.001692
34090	34637	7	0.011844
34090	33877	8	0.013536
34090	34105	1	0.001692
34090	34121	1	0.001692
34090	34011	31	0.052453
34090	34792	1	0.001692
34090	34414	2	0.003384
34090	34280	1	0.001692
34090	33786	5	0.008460
34092	34611	3	0.001525
34092	34940	2	0.001017
34092	34605	12	0.006101
34093	34816	123	0.123992
34093	34530	1	0.001008
34093	34899	1	0.001008
34093	34437	2	0.002016
34093	34375	6	0.006048
34093	34440	3	0.003024
34093	34444	1	0.001008
34093	33866	2	0.002016
34093	34795	1	0.001008
34093	34764	1	0.001008
34093	34637	1	0.001008
34093	34611	6	0.006048
34093	33877	2	0.002016
34093	34009	9	0.009073
34093	34745	1	0.001008
34093	33786	1	0.001008
34093	34011	3	0.003024
34093	34122	2	0.002016
34093	34090	5	0.005040
34094	34104	1	0.009434
34094	33778	1	0.009434
34094	34675	1	0.009434
34094	33866	3	0.028302
34094	33733	1	0.009434
34100	34856	1	0.002793
34100	34122	1	0.002793
34100	33867	1	0.002793
34100	33842	4	0.011173
34100	34899	1	0.002793
34100	34230	1	0.002793
34100	34826	10	0.027933
34100	34430	1	0.002793
34100	34303	2	0.005587
34101	34304	1	0.142857
34101	34947	2	0.285714
34101	33925	7	1.000000
34101	34956	4	0.571429
34101	34064	1	0.142857
34101	34961	1	0.142857
34101	34579	1	0.142857
34101	34708	2	0.285714
34101	34077	1	0.142857
34101	34466	1	0.142857
34101	34344	1	0.142857
34101	34739	1	0.142857
34101	34614	1	0.142857
34101	34103	1	0.142857
34101	33720	31	4.428571
34101	33721	1	0.142857
34101	34362	1	0.142857
34101	34492	1	0.142857
34101	33854	28	4.000000
34101	34495	1	0.142857
34101	34377	2	0.285714
34101	33739	1	0.142857
34101	34764	1	0.142857
34101	33874	2	0.285714
34101	34771	6	0.857143
34101	34905	1	0.142857
34101	34015	1	0.142857
34101	33897	1	0.142857
34101	34923	2	0.285714
34101	34924	1	0.142857
34101	33773	1	0.142857
34101	34294	1	0.142857
34101	34039	1	0.142857
34101	33727	1	0.142857
34102	34899	76	1.013333
34102	34303	76	1.013333
34102	34795	1	0.013333
34102	33854	1	0.013333
34102	33903	76	1.013333
34103	34304	1	0.166667
34103	34947	2	0.333333
34103	33925	6	1.000000
34103	34956	4	0.666667
34103	34064	1	0.166667
34103	34961	1	0.166667
34103	34579	1	0.166667
34103	34708	2	0.333333
34103	34077	1	0.166667
34103	34466	1	0.166667
34103	34344	1	0.166667
34103	34739	1	0.166667
34103	34101	1	0.166667
34103	34614	1	0.166667
34103	33720	27	4.500000
34103	33721	1	0.166667
34103	34362	1	0.166667
34103	34492	1	0.166667
34103	33854	24	4.000000
34103	34495	1	0.166667
34103	34377	2	0.333333
34103	33739	1	0.166667
34103	34764	1	0.166667
34103	33874	2	0.333333
34103	34771	6	1.000000
34103	34905	1	0.166667
34103	34015	1	0.166667
34103	33897	1	0.166667
34103	34923	2	0.333333
34103	34924	1	0.166667
34103	33773	1	0.166667
34103	34294	1	0.166667
34103	34039	1	0.166667
34103	33727	1	0.166667
34105	34816	11	0.004295
34105	34440	232	0.090590
34105	34571	2567	1.002343
34105	34444	4	0.001562
34105	33935	1	0.000390
34105	34192	17	0.006638
34105	33811	12	0.004686
34105	34073	9	0.003514
34105	34970	103	0.040219
34105	33824	2	0.000781
34105	34727	15	0.005857
34105	34098	1	0.000390
34105	34230	10	0.003905
34105	34745	9	0.003514
34105	33866	5	0.001952
34105	34827	1	0.000390
34105	34122	14	0.005467
34105	33867	5	0.001952
34105	33877	9	0.003514
34105	33977	2	0.000781
34105	34011	2	0.000781
34105	34013	3	0.001171
34105	34531	2063	0.805545
34105	33774	2060	0.804373
34105	33903	8	0.003124
34105	34418	2	0.000781
34105	34303	16	0.006248
34106	33925	1	0.000570
34106	34192	2	0.001141
34106	34833	1	0.000570
34106	34726	1	0.000570
34106	34600	1	0.000570
34106	34347	1	0.000570
34106	34611	7	0.003993
34106	34745	2	0.001141
34106	33854	6	0.003423
34106	34239	1	0.000570
34106	34752	2	0.001141
34106	34375	1	0.000570
34106	33866	34	0.019395
34106	33867	1	0.000570
34106	33996	1	0.000570
34106	34896	3	0.001711
34106	33877	1	0.000570
34106	34011	3	0.001711
34106	34526	2	0.001141
34106	34795	1	0.000570
34106	34540	1	0.000570
34106	34929	3	0.001711
34106	34807	3	0.001711
34106	33786	2	0.001141
34106	33916	2	0.001141
34106	34430	1	0.000570
34107	33866	39	0.975000
34108	33866	2	0.200000
34109	33866	2	0.333333
34111	33866	2	0.001681
34112	34816	2	0.007042
34112	34960	1	0.003521
34112	34530	3	0.010563
34112	33851	10	0.035211
34112	33925	21	0.073944
34112	34280	6	0.021127
34112	34729	3	0.010563
34112	33866	2	0.007042
34112	34637	2	0.007042
34112	34013	1	0.003521
34112	34704	3	0.010563
34112	34440	1	0.003521
34112	34192	1	0.003521
34112	33845	2	0.007042
34112	34869	1	0.003521
34112	33877	44	0.154930
34112	34200	1	0.003521
34112	34011	275	0.968310
34112	34090	4	0.014085
34112	33854	1346	4.739437
34112	34181	3	0.010563
34113	33891	1	0.013158
34113	34833	1	0.013158
34113	33866	4	0.052632
34113	34156	1	0.013158
34113	34929	1	0.013158
34113	34034	1	0.013158
34113	34971	1	0.013158
34113	34775	1	0.013158
34113	34745	1	0.013158
34113	34170	1	0.013158
34113	33755	1	0.013158
34113	33844	2	0.026316
34114	34209	1	0.001073
34114	33891	1	0.001073
34114	34917	1	0.001073
34114	34056	1	0.001073
34114	33866	6	0.006438
34114	34833	1	0.001073
34114	34611	1	0.001073
34114	33877	1	0.001073
34114	34712	1	0.001073
34114	34090	1	0.001073
34115	33866	24	0.028571
34116	34440	1	0.009615
34118	33866	2	0.008230
34121	34816	4	0.083333
34121	33977	6	0.125000
34121	34440	1	0.020833
34121	33854	39	0.812500
34121	33824	1	0.020833
34122	34816	173	0.153505
34122	33925	1050	0.931677
34122	34440	1	0.000887
34122	34263	3	0.002662
34122	34444	2029	1.800355
34122	34192	2	0.001775
34122	34833	1	0.000887
34122	34970	1010	0.896185
34122	33824	1013	0.898846
34122	34978	2021	1.793256
34122	34011	169	0.149956
34122	34090	1	0.000887
34122	34093	1	0.000887
34122	34488	1	0.000887
34122	33977	2	0.001775
34122	33854	4041	3.585626
34122	33866	1	0.000887
34122	33877	1	0.000887
34122	34775	2	0.001775
34122	33755	3	0.002662
34122	34013	3	0.002662
34122	33886	1	0.000887
34122	34657	2	0.001775
34122	33891	1	0.000887
34122	34156	4	0.003549
34122	34414	1	0.000887
34122	33903	1	0.000887
34122	34745	1	0.000887
34122	34105	2	0.001775
34122	34552	1	0.000887
34122	34555	9	0.007986
34122	34303	3	0.002662
34123	34862	3	0.375000
34124	33866	2	0.003623
34125	34297	2	0.002484
34125	33866	1	0.001242
34125	34747	1	0.001242
34125	34833	1	0.001242
34127	34488	2	1.000000
34127	33804	2	1.000000
34127	34942	2	1.000000
34132	33866	2	0.038462
34132	33844	1	0.019231
34132	33714	1	0.019231
34133	33824	9	0.003864
34133	33787	3	0.001288
34133	33925	2	0.000859
34133	34535	12	0.005152
34133	34440	11	0.004723
34133	34121	3	0.001288
34133	34090	2	0.000859
34133	34540	3	0.001288
34133	34637	9	0.003864
34133	33725	3	0.001288
34133	34191	3	0.001288
34133	34896	1	0.000429
34133	34611	5	0.002147
34133	34061	3	0.001288
34133	33786	24	0.010305
34133	34011	3	0.001288
34133	33916	4	0.001717
34133	33866	36	0.015457
34133	33854	6	0.002576
34137	34816	3	0.002732
34137	34256	1	0.000911
34137	34795	1	0.000911
34137	34375	1	0.000911
34137	34440	4	0.003643
34137	34122	1	0.000911
34137	33867	1	0.000911
34137	34414	2	0.001821
34137	34192	1	0.000911
34137	34970	5	0.004554
34137	34748	1	0.000911
34137	34303	2	0.001821
34139	33729	5	0.003436
34139	34531	1	0.000687
34139	33866	2	0.001375
34139	34256	2	0.001375
34139	34678	1	0.000687
34139	33977	1	0.000687
34140	34816	10	0.048077
34140	34977	2	0.009615
34140	34980	6	0.028846
34140	33925	207	0.995192
34140	33866	280	1.346154
34140	33996	3	0.014423
34140	34253	1	0.004808
34140	34611	207	0.995192
34140	33877	208	1.000000
34140	34679	17	0.081731
34140	34200	14	0.067308
34140	34745	2	0.009615
34140	34011	2	0.009615
34140	33854	1242	5.971154
34140	34869	1	0.004808
34141	34440	1	0.002439
34141	33809	1	0.002439
34141	33866	375	0.914634
34141	34678	375	0.914634
34145	33866	3	0.002353
34146	34816	313	0.290353
34146	33925	976	0.905380
34146	34440	6	0.005566
34146	34827	1	0.000928
34146	34444	3	0.002783
34146	33804	1	0.000928
34146	33935	3	0.002783
34146	34192	1	0.000928
34146	34833	2	0.001855
34146	33812	1	0.000928
34146	34200	15	0.013915
34146	34841	2	0.001855
34146	34970	2	0.001855
34146	34517	1	0.000928
34146	34078	1	0.000928
34146	33824	2	0.001855
34146	34977	10	0.009276
34146	34980	7	0.006494
34146	34090	2	0.001855
34146	34764	2	0.001855
34146	34034	1	0.000928
34146	34609	1	0.000928
34146	34610	1	0.000928
34146	34611	984	0.912801
34146	34869	1	0.000928
34146	34377	1	0.000928
34146	34745	3	0.002783
34146	34253	1	0.000928
34146	34748	2	0.001855
34146	34122	2	0.001855
34146	33854	5867	5.442486
34146	33989	1	0.000928
34146	34630	1	0.000928
34146	34375	1	0.000928
34146	34121	3	0.002783
34146	33866	3196	2.964750
34146	33867	3	0.002783
34146	33996	2	0.001855
34146	34637	5	0.004638
34146	34381	1	0.000928
34146	33721	1	0.000928
34146	33877	980	0.909091
34146	33977	2	0.001855
34146	34776	4	0.003711
34146	34905	3	0.002783
34146	34011	27	0.025046
34146	34657	1	0.000928
34146	33891	1	0.000928
34146	34405	1	0.000928
34146	34156	1	0.000928
34146	34414	1	0.000928
34146	33903	1	0.000928
34146	34929	1	0.000928
34146	34674	1	0.000928
34146	34942	1	0.000928
34146	34679	9	0.008349
34146	34553	1	0.000928
34146	33786	5	0.004638
34146	33787	4	0.003711
34146	33916	1	0.000928
34146	34430	1	0.000928
34146	33749	1	0.000928
34149	34011	2	0.014286
34149	34156	1	0.007143
34149	33734	1	0.007143
34149	34291	1	0.007143
34150	34181	1	0.023256
34150	34899	1	0.023256
34150	33845	1	0.023256
34150	34375	1	0.023256
34154	34440	2	0.002732
34154	33866	3	0.004098
34154	34477	1	0.001366
34154	33935	1	0.001366
34155	34011	1	0.001171
34155	34183	1	0.001171
34156	34816	11	0.014103
34156	33891	4	0.005128
34156	33925	3	0.003846
34156	34375	1	0.001282
34156	33916	2	0.002564
34156	33866	2	0.002564
34156	33799	1	0.001282
34156	34093	1	0.001282
34156	34320	4	0.005128
34156	34833	4	0.005128
34156	34034	2	0.002564
34156	34611	2	0.002564
34156	34430	4	0.005128
34156	34011	2	0.002564
34156	34745	2	0.002564
34156	33755	1	0.001282
34156	34748	1	0.001282
34156	33854	1	0.001282
34157	33866	46	0.053613
34157	34635	1	0.001166
34157	33807	1	0.001166
34157	34512	1	0.001166
34157	34929	3	0.003497
34157	34611	1	0.001166
34157	34804	3	0.003497
34157	34649	1	0.001166
34157	33791	1	0.001166
34159	34816	31	0.226277
34159	34435	1	0.007299
34159	33925	138	1.007299
34159	34440	2	0.014599
34159	34775	1	0.007299
34159	34444	8	0.058394
34159	34061	1	0.007299
34159	34192	2	0.014599
34159	33824	1	0.007299
34159	34851	1	0.007299
34159	34105	1	0.007299
34159	33854	548	4.000000
34159	33987	1	0.007299
34159	33989	2	0.014599
34159	34122	275	2.007299
34159	34011	35	0.255474
34159	34263	2	0.014599
34159	34009	1	0.007299
34159	33755	1	0.007299
34159	34657	2	0.014599
34159	33903	2	0.014599
34159	33904	1	0.007299
34159	34804	1	0.007299
34159	34294	21	0.153285
34159	34553	1	0.007299
34159	34555	13	0.094891
34161	33866	1	0.066667
34162	33866	6	1.000000
34163	33925	2	0.007843
34163	33866	12	0.047059
34163	33935	1	0.003922
34163	34611	2	0.007843
34163	33877	1	0.003922
34163	34011	1	0.003922
34163	33854	13	0.050980
34164	34421	546	2.210526
34167	33865	2	0.038462
34167	34122	1	0.019231
34167	34844	2	0.038462
34170	33891	1	0.000885
34170	33832	1	0.000885
34170	33866	4	0.003540
34170	33867	1	0.000885
34170	33886	1	0.000885
34170	34320	1	0.000885
34170	34833	2	0.001770
34170	34034	2	0.001770
34170	34611	16	0.014159
34170	34942	1	0.000885
34170	34745	2	0.001770
34170	33755	3	0.002655
34170	33916	3	0.002655
34170	34430	3	0.002655
34171	34816	5	0.013123
34171	33824	1	0.002625
34171	33729	4	0.010499
34171	34440	2	0.005249
34171	34121	3	0.007874
34171	34122	2	0.005249
34171	34414	1	0.002625
34171	34994	11	0.028871
34171	34011	3	0.007874
34172	33808	44	0.709677
34172	34745	1	0.016129
34172	34475	44	0.709677
34172	33772	44	0.709677
34173	34272	1	0.009804
34173	34816	1	0.009804
34173	34375	1	0.009804
34173	34440	1	0.009804
34173	33836	1	0.009804
34173	34701	1	0.009804
34173	34063	1	0.009804
34173	34034	1	0.009804
34173	34011	3	0.029412
34174	34086	2	0.054054
34174	34405	1	0.027027
34174	34790	1	0.027027
34174	34375	2	0.054054
34174	33877	1	0.027027
34174	34073	2	0.054054
34174	34011	3	0.081081
34175	33755	2	0.025641
34175	33989	1	0.012821
34175	34303	3	0.038462
34176	33873	1	0.045455
34176	33866	6	0.272727
34176	34430	1	0.045455
34178	34816	1	0.001546
34178	34440	1	0.001546
34178	33877	1	0.001546
34178	34141	1	0.001546
34178	34727	1	0.001546
34179	34320	52	2.000000
34179	34929	78	3.000000
34179	34034	130	5.000000
34179	33916	130	5.000000
34181	34816	4	0.019900
34181	33977	2	0.009950
34181	34011	39	0.194030
34181	34637	2	0.009950
34181	33854	1	0.004975
34182	33867	3	0.004380
34182	33925	1	0.001460
34182	34694	1	0.001460
34182	34375	4	0.005839
34182	34122	1	0.001460
34182	34827	1	0.001460
34182	34444	1	0.001460
34182	34637	3	0.004380
34182	34414	4	0.005839
34182	33903	1	0.001460
34182	34102	1	0.001460
34182	33786	3	0.004380
34185	34467	1	0.040000
34185	34308	1	0.040000
34185	33779	1	0.040000
34185	34073	1	0.040000
34185	34170	1	0.040000
34185	34011	2	0.080000
34190	34440	10	0.017637
34190	34444	2	0.003527
34190	33877	2	0.003527
34190	34375	3	0.005291
34191	34816	1	0.004237
34191	34630	1	0.004237
34191	34280	8	0.033898
34191	34729	1	0.004237
34191	33994	1	0.004237
34191	34440	2	0.008475
34191	34899	221	0.936441
34191	33877	1	0.004237
34191	33977	2	0.008475
34191	33983	1	0.004237
34191	34013	4	0.016949
34191	34303	1	0.004237
34192	34816	583	1.264642
34192	33925	437	0.947939
34192	34440	2	0.004338
34192	33935	2	0.004338
34192	34321	36	0.078091
34192	34591	39	0.084599
34192	34729	1	0.002169
34192	34090	1	0.002169
34192	33720	1	0.002169
34192	33977	2	0.004338
34192	33851	2	0.004338
34192	33866	2	0.004338
34192	33854	2639	5.724512
34192	34375	13	0.028200
34192	34122	1	0.002169
34192	33867	4	0.008677
34192	34637	3	0.006508
34192	34488	18	0.039046
34192	34899	4	0.008677
34192	33877	3	0.006508
34192	34011	49	0.106291
34192	34034	2	0.004338
34192	34940	2	0.004338
34194	34816	8	0.258065
34194	33824	31	1.000000
34194	34978	62	2.000000
34194	33925	33	1.064516
34194	34440	1	0.032258
34194	34122	102	3.290323
34194	34444	63	2.032258
34194	33866	1	0.032258
34194	34552	1	0.032258
34194	34970	31	1.000000
34194	34011	2	0.064516
34194	34090	1	0.032258
34194	33854	125	4.032258
34197	34011	1	0.010870
34198	34347	575	15.540541
34198	34516	2	0.054054
34198	34173	1	0.027027
34199	34430	408	17.000000
34200	33824	3	0.093750
34200	33866	32	1.000000
34200	34611	2	0.062500
34200	33877	1	0.031250
34201	33866	4	0.013378
34201	34715	1	0.003344
34202	34816	1	0.011494
34202	34785	1	0.011494
34202	34631	2	0.022989
34202	34440	1	0.011494
34202	34122	2	0.022989
34202	34539	2	0.022989
34202	34765	1	0.011494
34202	34483	1	0.011494
34202	33877	1	0.011494
34202	34678	1	0.011494
34202	34137	1	0.011494
34202	34011	1	0.011494
34202	33854	1	0.011494
34202	34303	2	0.022989
34203	34816	1	0.018868
34203	34531	1	0.018868
34203	33866	1	0.018868
34203	34637	1	0.018868
34203	34517	3	0.056604
34203	34011	10	0.188679
34203	33854	1	0.018868
34205	34347	575	15.540541
34205	34516	2	0.054054
34205	34173	1	0.027027
34207	33866	1	0.018519
34207	34615	1	0.018519
34207	34341	15	0.277778
34207	34303	2	0.037037
34208	33940	1	0.000637
34208	34563	1	0.000637
34208	34055	1	0.000637
34208	34440	4	0.002548
34208	34057	1	0.000637
34208	34058	1	0.000637
34208	34700	1	0.000637
34208	33935	1	0.000637
34208	34833	1	0.000637
34208	33812	2	0.001274
34208	33817	1	0.000637
34208	33824	2	0.001274
34208	33703	3	0.001911
34208	34090	1	0.000637
34208	34347	27572	17.561783
34208	33836	1	0.000637
34208	33714	2	0.001274
34208	33715	2	0.001274
34208	34488	1	0.000637
34208	34745	1	0.000637
34208	33724	1	0.000637
34208	33854	1	0.000637
34208	34375	2	0.001274
34208	33866	8	0.005096
34208	34256	1	0.000637
34208	34898	2	0.001274
34208	34516	2	0.001274
34208	34775	4	0.002548
34208	33977	1	0.000637
34208	34011	16	0.010191
34208	34527	1	0.000637
34208	34273	2	0.001274
34208	33891	1	0.000637
34208	34663	2	0.001274
34208	33899	1	0.000637
34208	34032	2	0.001274
34208	34929	1	0.000637
34208	34034	1	0.000637
34208	34933	4	0.002548
34208	34772	1	0.000637
34208	33787	1	0.000637
34208	33916	1	0.000637
34208	34173	6	0.003822
34208	34430	1	0.000637
34209	34883	20	0.024242
34209	34917	10	0.012121
34209	34184	1	0.001212
34209	33866	27	0.032727
34209	34035	1	0.001212
34209	34712	9	0.010909
34209	34747	12	0.014545
34212	34816	1	0.066667
34212	33925	15	1.000000
34212	33866	20	1.333333
34212	33996	1	0.066667
34212	34611	15	1.000000
34212	33877	16	1.066667
34212	34679	8	0.533333
34212	33854	90	6.000000
34214	34263	1	0.003257
34214	34320	1	0.003257
34214	34833	1	0.003257
34214	34966	4	0.013029
34214	34093	1	0.003257
34214	34611	3	0.009772
34214	34745	1	0.003257
34214	34234	6	0.019544
34214	34748	1	0.003257
34214	33854	2	0.006515
34214	33989	1	0.003257
34214	33866	2	0.006515
34214	34002	10	0.032573
34214	34775	1	0.003257
34214	33755	1	0.003257
34214	34106	2	0.006515
34214	33886	1	0.003257
34214	34657	1	0.003257
34214	33891	1	0.003257
34214	34156	4	0.013029
34214	33901	4	0.013029
34214	33903	1	0.003257
34214	33904	2	0.006515
34214	34929	1	0.003257
34214	34034	1	0.003257
34214	34804	1	0.003257
34214	34553	1	0.003257
34214	34170	1	0.003257
34214	33916	1	0.003257
34214	34430	3	0.009772
34215	34553	1	0.010753
34215	34611	2	0.021505
34220	34672	12	1.090909
34220	33866	4	0.363636
34221	34611	2	0.004049
34221	33866	6	0.012146
34221	34531	4	0.008097
34221	33755	2	0.004049
34221	33903	2	0.004049
34223	34488	12	0.666667
34223	34303	3	0.166667
34227	33866	19	0.102151
34228	34347	572	15.459459
34228	34516	2	0.054054
34228	34173	1	0.027027
34229	34970	1	0.032258
34230	34816	7	0.015556
34230	34825	1	0.002222
34230	33709	1	0.002222
34230	34320	1	0.002222
34230	33819	1	0.002222
34230	34333	1	0.002222
34230	33822	36	0.080000
34230	33828	1	0.002222
34230	34342	1	0.002222
34230	33833	1	0.002222
34230	34861	1	0.002222
34230	33838	1	0.002222
34230	33840	1	0.002222
34230	34867	1	0.002222
34230	33844	1	0.002222
34230	34357	1	0.002222
34230	34359	2	0.004444
34230	33850	1	0.002222
34230	34877	1	0.002222
34230	33854	1398	3.106667
34230	33856	19	0.042222
34230	33864	1	0.002222
34230	33866	5	0.011111
34230	33867	117	0.260000
34230	34381	3	0.006667
34230	34384	1	0.002222
34230	34899	57	0.126667
34230	34396	1	0.002222
34230	34911	1	0.002222
34230	33891	1	0.002222
34230	33899	1	0.002222
34230	33900	1	0.002222
34230	33903	1	0.002222
34230	34928	1	0.002222
34230	34929	2	0.004444
34230	33912	1	0.002222
34230	34937	1	0.002222
34230	33916	1	0.002222
34230	34430	2	0.004444
34230	33922	1	0.002222
34230	33925	348	0.773333
34230	34440	20	0.044444
34230	33929	1	0.002222
34230	34448	1	0.002222
34230	33939	1	0.002222
34230	33940	1	0.002222
34230	34965	1	0.002222
34230	33944	1	0.002222
34230	33945	1	0.002222
34230	34970	2	0.004444
34230	33950	1	0.002222
34230	33958	1	0.002222
34230	34984	1	0.002222
34230	33964	1	0.002222
34230	34479	1	0.002222
34230	34483	1	0.002222
34230	33977	6	0.013333
34230	33982	1	0.002222
34230	33987	1	0.002222
34230	33989	1	0.002222
34230	33994	18	0.040000
34230	34000	1	0.002222
34230	34005	1	0.002222
34230	34521	1	0.002222
34230	34011	5	0.011111
34230	34524	1	0.002222
34230	34016	3	0.006667
34230	33830	1	0.002222
34230	34535	1	0.002222
34230	34536	1	0.002222
34230	34540	1	0.002222
34230	34034	1	0.002222
34230	34552	2	0.004444
34230	34561	1	0.002222
34230	34562	1	0.002222
34230	34055	1	0.002222
34230	34061	1	0.002222
34230	34862	1	0.002222
34230	34086	1	0.002222
34230	34089	1	0.002222
34230	34090	1	0.002222
34230	34603	1	0.002222
34230	34096	1	0.002222
34230	34611	1	0.002222
34230	34615	1	0.002222
34230	34995	1	0.002222
34230	34630	9	0.020000
34230	34632	1	0.002222
34230	34121	1	0.002222
34230	34637	1	0.002222
34230	34127	1	0.002222
34230	34137	1	0.002222
34230	34874	1	0.002222
34230	34658	1	0.002222
34230	33853	8	0.017778
34230	34680	33	0.073333
34230	34452	1	0.002222
34230	34795	34	0.075556
34230	34192	10	0.022222
34230	34207	1	0.002222
34230	34720	1	0.002222
34230	34727	2	0.004444
34230	34728	1	0.002222
34230	34729	8	0.017778
34230	34802	1	0.002222
34230	34741	1	0.002222
34230	34747	6	0.013333
34230	34748	2	0.004444
34230	34239	1	0.002222
34230	34752	1	0.002222
34230	34753	1	0.002222
34230	34252	1	0.002222
34230	34765	1	0.002222
34230	34775	1	0.002222
34230	34264	1	0.002222
34230	33755	1	0.002222
34230	33762	1	0.002222
34230	33703	1	0.002222
34230	33778	1	0.002222
34230	33787	1	0.002222
34233	34090	2	0.015748
34233	34203	4	0.031496
34236	33925	1	0.003289
34236	34440	6	0.019737
34236	33866	1	0.003289
34236	33776	3	0.009868
34236	34488	1	0.003289
34236	34011	10	0.032895
34236	33950	3	0.009868
34237	34430	2	0.024691
34238	33866	13	0.135417
34238	34122	1	0.010417
34239	33824	1	0.001883
34239	34977	1	0.001883
34239	34122	1	0.001883
34239	34230	1	0.001883
34239	34200	1	0.001883
34239	34970	3	0.005650
34239	34748	1	0.001883
34239	33854	1	0.001883
34241	34994	4	0.400000
34243	34816	2	0.031250
34243	33799	1	0.015625
34243	34440	6	0.093750
34243	34156	1	0.015625
34243	34830	19	0.296875
34243	34192	1	0.015625
34243	34715	16	0.250000
34243	33824	2	0.031250
34243	33904	1	0.015625
34243	33958	1	0.015625
34243	34728	1	0.015625
34243	34089	1	0.015625
34243	34090	1	0.015625
34243	33845	1	0.015625
34243	34488	1	0.015625
34243	33854	2	0.031250
34243	34375	3	0.046875
34243	34122	1	0.015625
34243	34637	1	0.015625
34243	33877	1	0.015625
34243	34774	1	0.015625
34243	34544	8	0.125000
34243	34412	1	0.015625
34243	34672	1	0.015625
34243	34929	1	0.015625
34243	34985	1	0.015625
34243	33786	1	0.015625
34243	33917	1	0.015625
34243	34303	2	0.031250
34245	34011	6	0.028708
34246	33866	3	0.000293
34246	34011	1	0.000098
34246	33996	1	0.000098
34246	33877	1	0.000098
34247	34816	72	0.114105
34247	33824	2	0.003170
34247	34555	34	0.053883
34247	33925	2	0.003170
34247	34440	4	0.006339
34247	34122	2	0.003170
34247	34975	8	0.012678
34247	34637	1	0.001585
34247	34414	1	0.001585
34247	33935	2	0.003170
34247	34747	420	0.665610
34247	34771	1	0.001585
34247	34105	1	0.001585
34247	34970	5	0.007924
34247	34011	101	0.160063
34247	34876	1	0.001585
34247	33866	1	0.001585
34247	33854	3120	4.944532
34247	34303	3	0.004754
34250	34256	2	0.007968
34250	33866	32	0.127490
34250	34748	1	0.003984
34250	34658	5	0.019920
34250	34678	1	0.003984
34251	33792	1	0.025641
34251	33793	9	0.230769
34251	34145	1	0.025641
34251	34440	5	0.128205
34251	33866	1	0.025641
34251	33867	6	0.153846
34251	34797	1	0.025641
34251	34862	6	0.153846
34251	34093	1	0.025641
34251	34320	1	0.025641
34251	34013	2	0.051282
34251	34899	17	0.435897
34251	34804	1	0.025641
34251	33870	37	0.948718
34251	34105	1	0.025641
34251	34488	10	0.256410
34251	34465	1	0.025641
34251	34011	4	0.102564
34251	34122	1	0.025641
34251	34303	1	0.025641
34251	33903	1	0.025641
34252	34509	1	0.009709
34252	33877	1	0.009709
34252	34263	1	0.009709
34252	34776	1	0.009709
34252	34010	2	0.019417
34252	34011	2	0.019417
34253	33866	561	1.863787
34253	34430	1	0.003322
34255	33866	5	0.357143
34256	34816	6	0.004124
34256	34440	12	0.008247
34256	33935	1	0.000687
34256	34192	1	0.000687
34256	34970	1	0.000687
34256	33824	6	0.004124
34256	34862	1	0.000687
34256	33971	1	0.000687
34256	33977	1	0.000687
34256	33851	1	0.000687
34256	33854	3	0.002062
34256	34611	1	0.000687
34256	34375	5	0.003436
34256	33866	9	0.006186
34256	33867	1	0.000687
34256	34896	1	0.000687
34256	33877	1	0.000687
34256	34392	1	0.000687
34256	34011	19	0.013058
34256	34526	1	0.000687
34256	34280	2	0.001375
34256	33916	3	0.002062
34256	34678	1	0.000687
34256	34552	1	0.000687
34256	33787	1	0.000687
34256	34940	3	0.002062
34256	34303	2	0.001375
34257	34816	130	10.000000
34259	33866	2	0.025000
34259	34929	1	0.012500
34259	34718	1	0.012500
34259	34745	1	0.012500
34259	34011	1	0.012500
34259	34430	1	0.012500
34260	33866	2	0.066667
34261	34176	32	1.000000
34261	34122	32	1.000000
34261	34414	32	1.000000
34261	33873	32	1.000000
34261	34430	32	1.000000
34261	34970	32	1.000000
34261	33854	32	1.000000
34262	34440	4	0.006969
34262	33866	1	0.001742
34262	34531	295	0.513937
34263	34363	4	0.020513
34263	33704	4	0.020513
34263	33916	1	0.005128
34263	33866	2	0.010256
34263	34795	1	0.005128
34263	33867	1	0.005128
34263	34024	1	0.005128
34263	33906	3	0.015385
34263	34611	8	0.041026
34263	33877	1	0.005128
34263	34776	5	0.025641
34263	34010	3	0.015385
34263	34011	3	0.015385
34263	34748	1	0.005128
34263	34602	1	0.005128
34263	34430	1	0.005128
34264	34334	2	0.400000
34266	33866	1	0.043478
34268	34816	551	1.255125
34268	33851	2	0.004556
34268	33925	417	0.949886
34268	34375	13	0.029613
34268	34440	2	0.004556
34268	34729	1	0.002278
34268	34122	1	0.002278
34268	33867	4	0.009112
34268	34637	3	0.006834
34268	33935	2	0.004556
34268	34192	2439	5.555809
34268	34321	28	0.063781
34268	33866	2	0.004556
34268	33877	3	0.006834
34268	33720	1	0.002278
34268	33977	2	0.004556
34268	34011	42	0.095672
34268	34488	10	0.022779
34268	34090	1	0.002278
34268	33854	2511	5.719818
34268	34591	38	0.086560
34269	34657	1	0.013158
34269	34440	2	0.026316
34269	33866	2	0.026316
34269	34034	1	0.013158
34269	34611	1	0.013158
34269	34804	1	0.013158
34269	34263	1	0.013158
34269	34553	1	0.013158
34269	33916	1	0.013158
34269	34430	1	0.013158
34270	33866	14	0.025090
34270	34611	2	0.003584
34272	33866	101	0.058483
34272	34347	18	0.010423
34272	34701	8	0.004632
34272	34325	6	0.003474
34272	34775	3	0.001737
34272	34488	2	0.001158
34273	34816	1	0.002538
34273	34440	4	0.010152
34273	34208	4	0.010152
34273	33830	3	0.007614
34273	34088	2	0.005076
34273	34862	1	0.002538
34273	33714	2	0.005076
34273	34741	4	0.010152
34273	34488	2	0.005076
34273	34874	2	0.005076
34273	33854	2	0.005076
34273	34357	2	0.005076
34273	33824	3	0.007614
34273	33861	2	0.005076
34273	34375	4	0.010152
34273	33866	5	0.012690
34273	34637	1	0.002538
34273	34899	1	0.002538
34273	34011	420	1.065990
34273	34531	3	0.007614
34273	34935	2	0.005076
34273	33786	5	0.012690
34273	34303	1	0.002538
34274	33824	2	0.033898
34274	33925	1	0.016949
34274	34406	5	0.084746
34274	34375	11	0.186441
34274	34122	1	0.016949
34274	34823	1	0.016949
34274	34309	1	0.016949
34274	34866	1	0.016949
34274	34578	1	0.016949
34274	33877	3	0.050847
34274	34488	2	0.033898
34274	34011	6	0.101695
34274	34013	1	0.016949
34274	34782	4	0.067797
34274	34565	1	0.016949
34275	33977	13	2.166667
34275	33925	12	2.000000
34275	33854	60	10.000000
34276	34011	2	0.015625
34277	34896	1	0.000981
34277	34929	2	0.001963
34277	34090	1	0.000981
34277	33866	9	0.008832
34278	34011	8	1.000000
34278	34637	3	0.375000
34278	33854	40	5.000000
34278	33925	8	1.000000
34279	33866	32	0.842105
34280	34011	6	1.000000
34280	33851	71	11.833333
34280	33877	132	22.000000
34280	33854	30	5.000000
34281	33866	1	0.055556
34283	33866	6	0.071429
34283	34147	2	0.023810
34285	33866	3	0.250000
34286	34440	3	0.008929
34286	34256	2	0.005952
34286	34940	105	0.312500
34289	34192	12	0.413793
34289	33866	2	0.068966
34289	34678	2	0.068966
34291	33824	2	0.002107
34291	34816	1	0.001054
34291	33787	1	0.001054
34291	34375	14	0.014752
34291	34440	1	0.001054
34291	34122	1	0.001054
34291	34444	1	0.001054
34291	34414	1	0.001054
34291	33935	1	0.001054
34291	34899	1	0.001054
34291	33720	1	0.001054
34291	33977	1	0.001054
34291	34970	2	0.002107
34291	34011	12	0.012645
34291	33866	1	0.001054
34291	33854	2	0.002107
34291	34303	1	0.001054
34293	34816	207	0.907895
34293	34304	1	0.004386
34293	33794	1	0.004386
34293	33795	1	0.004386
34293	33799	1	0.004386
34293	34312	1	0.004386
34293	34833	1	0.004386
34293	34344	1	0.004386
34293	34868	1	0.004386
34293	33845	3	0.013158
34293	34870	1	0.004386
34293	34362	1	0.004386
34293	33851	1	0.004386
34293	34876	1	0.004386
34293	33854	684	3.000000
34293	34375	8	0.035088
34293	34377	1	0.004386
34293	33866	2	0.008772
34293	34382	1	0.004386
34293	33874	1	0.004386
34293	34899	1	0.004386
34293	34388	1	0.004386
34293	33877	8	0.035088
34293	34903	1	0.004386
34293	33880	1	0.004386
34293	34905	2	0.008772
34293	34397	1	0.004386
34293	33886	1	0.004386
34293	34401	1	0.004386
34293	33891	1	0.004386
34293	34405	1	0.004386
34293	33897	1	0.004386
34293	34923	1	0.004386
34293	34924	1	0.004386
34293	34418	1	0.004386
34293	34426	1	0.004386
34293	33983	1	0.004386
34293	34430	1	0.004386
34293	34947	1	0.004386
34293	33925	1	0.004386
34293	34444	5	0.021930
34293	34961	1	0.004386
34293	33941	1	0.004386
34293	34977	1	0.004386
34293	34466	1	0.004386
34293	34980	2	0.008772
34293	34488	1	0.004386
34293	33977	4	0.017544
34293	34490	1	0.004386
34293	34492	1	0.004386
34293	34495	1	0.004386
34293	33994	1	0.004386
34293	34011	10	0.043860
34293	34525	1	0.004386
34293	34015	1	0.004386
34293	34016	1	0.004386
34293	34530	1	0.004386
34293	34534	1	0.004386
34293	34537	1	0.004386
34293	34542	1	0.004386
34293	34543	1	0.004386
34293	34039	1	0.004386
34293	34558	1	0.004386
34293	34051	1	0.004386
34293	34568	1	0.004386
34293	34570	1	0.004386
34293	34064	1	0.004386
34293	34579	1	0.004386
34293	34068	1	0.004386
34293	34073	2	0.008772
34293	34077	1	0.004386
34293	34090	2	0.008772
34293	34093	1	0.004386
34293	34609	1	0.004386
34293	34098	1	0.004386
34293	34611	2	0.008772
34293	34101	1	0.004386
34293	34614	1	0.004386
34293	34103	1	0.004386
34293	34619	1	0.004386
34293	34626	1	0.004386
34293	34630	1	0.004386
34293	34956	1	0.004386
34293	34122	3	0.013158
34293	34123	1	0.004386
34293	34150	1	0.004386
34293	34663	1	0.004386
34293	34667	1	0.004386
34293	34680	1	0.004386
34293	34173	1	0.004386
34293	34179	1	0.004386
34293	34181	1	0.004386
34293	34703	1	0.004386
34293	34192	4	0.017544
34293	34194	1	0.004386
34293	34708	1	0.004386
34293	34200	1	0.004386
34293	34206	1	0.004386
34293	34725	1	0.004386
34293	34727	3	0.013158
34293	34739	1	0.004386
34293	33719	1	0.004386
34293	33773	1	0.004386
34293	33721	1	0.004386
34293	34747	1	0.004386
34293	33727	1	0.004386
34293	33739	1	0.004386
34293	34764	1	0.004386
34293	34978	1	0.004386
34293	34771	1	0.004386
34293	33755	1	0.004386
34293	34278	1	0.004386
34293	34795	1	0.004386
34293	34898	1	0.004386
34293	33875	1	0.004386
34293	34294	1	0.004386
34293	33787	1	0.004386
34294	34304	1	0.166667
34294	34947	2	0.333333
34294	33925	6	1.000000
34294	34956	4	0.666667
34294	34064	1	0.166667
34294	34961	1	0.166667
34294	34579	1	0.166667
34294	34708	2	0.333333
34294	34077	1	0.166667
34294	34466	1	0.166667
34294	34344	1	0.166667
34294	34739	1	0.166667
34294	34101	1	0.166667
34294	34614	1	0.166667
34294	34103	1	0.166667
34294	33720	27	4.500000
34294	33721	1	0.166667
34294	34362	1	0.166667
34294	34492	1	0.166667
34294	33854	24	4.000000
34294	33727	1	0.166667
34294	34377	2	0.333333
34294	33739	1	0.166667
34294	34764	1	0.166667
34294	33874	2	0.333333
34294	34771	6	1.000000
34294	34905	1	0.166667
34294	34015	1	0.166667
34294	33897	1	0.166667
34294	34923	2	0.333333
34294	34924	1	0.166667
34294	33773	1	0.166667
34294	34039	1	0.166667
34294	34495	1	0.166667
34295	33891	1	0.019231
34295	34980	2	0.038462
34295	34630	2	0.038462
34295	34214	2	0.038462
34295	34929	2	0.038462
34295	34833	8	0.153846
34295	34611	2	0.038462
34295	34775	5	0.096154
34295	34745	3	0.057692
34295	34430	1	0.019231
34297	33866	14	0.311111
34298	33866	899	0.793469
34298	34611	10	0.008826
34299	34729	1	0.020000
34299	33866	9	0.180000
34299	33996	50	1.000000
34299	34869	1	0.020000
34299	34970	1	0.020000
34299	34090	50	1.000000
34301	34816	1	0.011628
34301	33866	1	0.011628
34301	34611	2	0.023256
34302	34816	1	0.014493
34302	33824	3	0.043478
34302	34122	1	0.014493
34302	33877	1	0.014493
34303	34816	7	0.000627
34303	33925	30	0.002689
34303	34440	7	0.000627
34303	34444	1	0.000090
34303	33935	9	0.000807
34303	34192	1	0.000090
34303	34970	410	0.036752
34303	33824	3	0.000269
34303	34978	1	0.000090
34303	34727	63	0.005647
34303	34098	8	0.000717
34303	34611	1	0.000090
34303	33720	1	0.000090
34303	33977	4	0.000359
34303	33851	1	0.000090
34303	34122	16	0.001434
34303	33854	152	0.013625
34303	34247	1	0.000090
34303	33866	22	0.001972
34303	33996	1	0.000090
34303	34637	1	0.000090
34303	34488	279	0.025009
34303	34899	17	0.001524
34303	33877	2	0.000179
34303	34009	1	0.000090
34303	34011	963	0.086321
34303	34530	3	0.000269
34303	34792	3	0.000269
34303	34413	4	0.000359
34303	34929	48	0.004303
34303	34675	3	0.000269
34303	33786	3	0.000269
34303	34430	1	0.000090
34304	34947	2	0.285714
34304	33925	7	1.000000
34304	34956	4	0.571429
34304	34064	1	0.142857
34304	34961	1	0.142857
34304	34579	1	0.142857
34304	34708	4	0.571429
34304	34077	1	0.142857
34304	34466	1	0.142857
34304	34344	1	0.142857
34304	34739	6	0.857143
34304	34101	1	0.142857
34304	34614	2	0.285714
34304	34103	1	0.142857
34304	33720	31	4.428571
34304	33721	1	0.142857
34304	34362	1	0.142857
34304	34492	1	0.142857
34304	33854	28	4.000000
34304	33727	1	0.142857
34304	34377	2	0.285714
34304	33739	1	0.142857
34304	34764	1	0.142857
34304	34637	2	0.285714
34304	33874	2	0.285714
34304	34771	6	0.857143
34304	34905	1	0.142857
34304	34015	1	0.142857
34304	33897	1	0.142857
34304	34923	2	0.285714
34304	34924	1	0.142857
34304	33773	2	0.285714
34304	34294	1	0.142857
34304	34039	1	0.142857
34304	34495	1	0.142857
34305	34440	15	0.047771
34311	34776	4	0.235294
34311	33786	1	0.058824
34311	34263	2	0.117647
34311	34637	1	0.058824
34311	34479	3	0.176471
34312	34816	5	0.384615
34315	34816	2	0.008511
34315	34657	2	0.008511
34315	34375	1	0.004255
34315	34440	1	0.004255
34315	33916	2	0.008511
34315	34414	1	0.004255
34315	33936	10	0.042553
34315	34256	1	0.004255
34315	34862	1	0.004255
34315	34488	3	0.012766
34315	34553	2	0.008511
34315	34303	2	0.008511
34315	34748	3	0.012766
34315	34975	1	0.004255
34316	33866	1	0.000715
34317	34347	573	15.486486
34317	34516	2	0.054054
34317	34173	1	0.027027
34318	33866	3	0.103448
34319	34273	2	0.013423
34319	33866	291	1.953020
34319	34011	1	0.006711
34319	33830	1	0.006711
34320	34179	12	0.750000
34320	34804	1	0.062500
34320	33982	6	0.375000
34321	34816	3	0.003148
34321	33925	1906	2.000000
34321	34444	1	0.001049
34321	34960	2	0.002099
34321	34181	9	0.009444
34321	34978	1	0.001049
34321	34729	1	0.001049
34321	34090	1	0.001049
34321	33845	14	0.014690
34321	34359	1	0.001049
34321	33977	2826	2.965373
34321	34122	1	0.001049
34321	33854	9539	10.009444
34321	33866	1	0.001049
34321	33877	1	0.001049
34321	34011	8	0.008395
34321	34013	4	0.004197
34321	34192	9	0.009444
34321	34530	13	0.013641
34321	34795	1	0.001049
34321	34414	1	0.001049
34321	34552	1	0.001049
34321	34555	3	0.003148
34322	33866	1	0.014085
34323	34264	76	0.938272
34324	33866	44	0.299320
34325	34347	573	15.486486
34325	34516	2	0.054054
34325	34173	1	0.027027
34326	33866	87	0.071841
34326	34347	8	0.006606
34326	34033	1	0.000826
34326	34611	1	0.000826
34326	34775	1	0.000826
34326	33715	4	0.003303
34331	34488	1	0.040000
34332	33866	36	0.107143
34332	33903	4	0.011905
34332	34320	1	0.002976
34332	34611	1	0.002976
34332	34745	1	0.002976
34332	33755	1	0.002976
34334	34440	4	0.027027
34334	33866	1	0.006757
34334	34011	3	0.020270
34334	34323	1	0.006757
34334	33854	1	0.006757
34335	34660	1	0.002618
34335	34760	1	0.002618
34335	34316	1	0.002618
34335	34124	3	0.007853
34335	34034	1	0.002618
34335	34803	1	0.002618
34335	34900	1	0.002618
34335	34360	1	0.002618
34335	34297	1	0.002618
34336	34375	14	0.001171
34336	34440	9	0.000753
34336	33866	4	0.000335
34336	34833	4	0.000335
34336	33878	2	0.000167
34336	33786	4	0.000335
34336	34011	4	0.000335
34336	34141	4	0.000335
34339	34816	1	0.012500
34341	33866	3	0.016760
34341	34611	3	0.016760
34341	33854	3	0.016760
34342	34424	97	0.573964
34342	34488	2	0.011834
34342	33748	97	0.573964
34342	34303	2	0.011834
34343	33866	20	1.333333
34344	34304	1	0.166667
34344	34947	2	0.333333
34344	33925	6	1.000000
34344	34956	4	0.666667
34344	34064	1	0.166667
34344	34961	1	0.166667
34344	34579	1	0.166667
34344	34708	2	0.333333
34344	34077	1	0.166667
34344	34466	1	0.166667
34344	34739	1	0.166667
34344	34101	1	0.166667
34344	34614	1	0.166667
34344	34103	1	0.166667
34344	33720	27	4.500000
34344	33721	1	0.166667
34344	34362	1	0.166667
34344	34492	1	0.166667
34344	33854	24	4.000000
34344	34495	1	0.166667
34344	34377	2	0.333333
34344	33739	1	0.166667
34344	34764	1	0.166667
34344	33874	2	0.333333
34344	34771	6	1.000000
34344	34905	1	0.166667
34344	34015	1	0.166667
34344	33897	1	0.166667
34344	34923	2	0.333333
34344	34924	1	0.166667
34344	33773	1	0.166667
34344	34294	1	0.166667
34344	34039	1	0.166667
34344	33727	1	0.166667
34346	34526	1	0.034483
34346	34816	1	0.034483
34346	33922	1	0.034483
34346	34440	1	0.034483
34346	34256	1	0.034483
34346	34677	3	0.103448
34346	34011	2	0.068966
34346	34940	1	0.034483
34346	33854	1	0.034483
34347	33940	1	0.000645
34347	34563	1	0.000645
34347	34055	1	0.000645
34347	34440	4	0.002579
34347	34057	1	0.000645
34347	34058	1	0.000645
34347	34700	1	0.000645
34347	33935	1	0.000645
34347	34833	1	0.000645
34347	33812	2	0.001289
34347	33817	1	0.000645
34347	34208	194	0.125081
34347	33703	1	0.000645
34347	34090	1	0.000645
34347	33836	1	0.000645
34347	33714	2	0.001289
34347	33715	2	0.001289
34347	34488	1	0.000645
34347	34745	1	0.000645
34347	33724	1	0.000645
34347	33854	1	0.000645
34347	33824	2	0.001289
34347	34375	2	0.001289
34347	33866	8	0.005158
34347	34256	1	0.000645
34347	34898	2	0.001289
34347	34516	2	0.001289
34347	34775	4	0.002579
34347	33977	1	0.000645
34347	34011	16	0.010316
34347	34527	1	0.000645
34347	34273	2	0.001289
34347	33891	1	0.000645
34347	34663	2	0.001289
34347	33899	1	0.000645
34347	34032	2	0.001289
34347	34929	1	0.000645
34347	34034	1	0.000645
34347	34933	4	0.002579
34347	34772	1	0.000645
34347	33787	1	0.000645
34347	33916	1	0.000645
34347	34173	6	0.003868
34347	34430	1	0.000645
34347	34303	2	0.001289
34350	34816	8	0.105263
34350	33977	209	2.750000
34350	33786	65	0.855263
34350	33925	152	2.000000
34350	33854	760	10.000000
34351	33866	24	0.020636
34351	34691	1	0.000860
34351	34380	4	0.003439
34351	34333	1	0.000860
34353	34862	1	0.016949
34357	33824	2	0.003431
34357	34440	3	0.005146
34357	34381	2	0.003431
34357	34775	2	0.003431
34357	34680	2	0.003431
34357	34011	10	0.017153
34358	34273	1	0.071429
34358	33866	3	0.214286
34358	34775	1	0.071429
34362	34304	22	0.040590
34362	34816	269	0.496310
34362	34947	50	0.092251
34362	33925	543	1.001845
34362	34440	2	0.003690
34362	34956	37	0.068266
34362	33935	1	0.001845
34362	34064	34	0.062731
34362	34961	46	0.084871
34362	34579	70	0.129151
34362	34708	43	0.079336
34362	34748	1	0.001845
34362	34077	46	0.084871
34362	33824	4	0.007380
34362	34466	52	0.095941
34362	34980	3	0.005535
34362	34344	49	0.090406
34362	34090	1	0.001845
34362	34739	72	0.132841
34362	34101	34	0.062731
34362	34614	34	0.062731
34362	34103	37	0.068266
34362	33720	2121	3.913284
34362	33721	28	0.051661
34362	33851	2	0.003690
34362	34492	47	0.086716
34362	33854	2168	4.000000
34362	33727	28	0.051661
34362	34377	38	0.070111
34362	33866	1	0.001845
34362	33739	46	0.084871
34362	34764	81	0.149446
34362	34637	7	0.012915
34362	33874	54	0.099631
34362	34771	83	0.153137
34362	33877	1	0.001845
34362	34905	55	0.101476
34362	34011	146	0.269373
34362	34015	67	0.123616
34362	33787	1	0.001845
34362	33897	43	0.079336
34362	34923	71	0.130996
34362	34924	28	0.051661
34362	33773	32	0.059041
34362	33903	1	0.001845
34362	34294	37	0.068266
34362	34039	52	0.095941
34362	33786	1	0.001845
34362	34495	43	0.079336
34363	33866	9	0.272727
34363	34223	2	0.060606
34364	34816	35	0.018807
34364	34667	4	0.002149
34364	34703	113	0.060720
34364	33925	3223	1.731865
34364	34440	12	0.006448
34364	34444	2	0.001075
34364	33935	2	0.001075
34364	34192	24	0.012896
34364	34321	45	0.024181
34364	33811	138	0.074154
34364	33996	9	0.004836
34364	34710	35	0.018807
34364	34073	2	0.001075
34364	34970	4	0.002149
34364	34586	56	0.030091
34364	34181	13	0.006985
34364	33824	1	0.000537
34364	34978	4	0.002149
34364	34729	2	0.001075
34364	34090	4	0.002149
34364	33845	23	0.012359
34364	34359	2	0.001075
34364	33720	2	0.001075
34364	33977	5403	2.903278
34364	34122	4	0.002149
34364	33854	16168	8.687802
34364	33983	76	0.040838
34364	34121	4	0.002149
34364	33866	2	0.001075
34364	33867	2	0.001075
34364	34704	113	0.060720
34364	34637	2	0.001075
34364	34488	2	0.001075
34364	34899	2	0.001075
34364	33877	3	0.001612
34364	33994	2	0.001075
34364	34009	2	0.001075
34364	34011	63	0.033853
34364	34013	5	0.002687
34364	34960	4	0.002149
34364	34530	15	0.008060
34364	34275	21	0.011284
34364	34795	2	0.001075
34364	34414	2	0.001075
34364	34749	60	0.032241
34364	34552	2	0.001075
34364	33786	68	0.036539
34364	34555	20	0.010747
34364	33916	1	0.000537
34367	33866	29	1.611111
34368	34347	573	15.486486
34368	34516	2	0.054054
34368	34173	1	0.027027
34369	33866	40	0.404040
34369	34940	3	0.030303
34371	34264	2	0.018868
34371	34488	2	0.018868
34371	33877	1	0.009434
34371	34013	1	0.009434
34375	34816	211	0.066562
34375	34305	1	0.000315
34375	34825	1	0.000315
34375	34315	1	0.000315
34375	33814	1	0.000315
34375	33817	1	0.000315
34375	33819	1	0.000315
34375	33824	60	0.018927
34375	33825	1	0.000315
34375	33826	1	0.000315
34375	34861	1	0.000315
34375	33838	1	0.000315
34375	33840	1	0.000315
34375	33841	1	0.000315
34375	33971	1	0.000315
34375	33845	58	0.018297
34375	34874	1	0.000315
34375	33853	1	0.000315
34375	33854	2	0.000631
34375	34881	1	0.000315
34375	33859	1	0.000315
34375	33860	1	0.000315
34375	33864	1	0.000315
34375	34384	1	0.000315
34375	34386	1	0.000315
34375	33876	1	0.000315
34375	33877	14	0.004416
34375	33878	1	0.000315
34375	34745	1	0.000315
34375	33888	1	0.000315
34375	34915	1	0.000315
34375	33892	1	0.000315
34375	34407	1	0.000315
34375	34928	1	0.000315
34375	33907	1	0.000315
34375	34933	1	0.000315
34375	34935	1	0.000315
34375	34937	1	0.000315
34375	34943	2	0.000631
34375	34945	1	0.000315
34375	33922	1	0.000315
34375	34949	1	0.000315
34375	34440	1	0.000315
34375	33929	1	0.000315
34375	34448	1	0.000315
34375	33939	1	0.000315
34375	34452	1	0.000315
34375	34329	1	0.000315
34375	33950	1	0.000315
34375	34463	1	0.000315
34375	33952	1	0.000315
34375	33904	1	0.000315
34375	33955	1	0.000315
34375	33957	1	0.000315
34375	34982	1	0.000315
34375	34987	1	0.000315
34375	33964	1	0.000315
34375	34481	1	0.000315
34375	34994	1	0.000315
34375	34995	1	0.000315
34375	33977	1	0.000315
34375	33982	1	0.000315
34375	34496	1	0.000315
34375	33987	1	0.000315
34375	34009	1	0.000315
34375	34011	2	0.000631
34375	34524	1	0.000315
34375	34535	1	0.000315
34375	34536	1	0.000315
34375	34540	1	0.000315
34375	34030	1	0.000315
34375	34545	1	0.000315
34375	34036	1	0.000315
34375	34047	1	0.000315
34375	34560	1	0.000315
34375	34562	1	0.000315
34375	34564	1	0.000315
34375	34055	1	0.000315
34375	34571	5	0.001577
34375	34061	1	0.000315
34375	34521	1	0.000315
34375	34587	2	0.000631
34375	34182	1	0.000315
34375	34600	2	0.000631
34375	34102	1	0.000315
34375	34616	1	0.000315
34375	34357	1	0.000315
34375	34631	1	0.000315
34375	34632	1	0.000315
34375	34122	2	0.000631
34375	34127	1	0.000315
34375	34137	1	0.000315
34375	34650	1	0.000315
34375	33850	1	0.000315
34375	34658	1	0.000315
34375	34150	59	0.018612
34375	34669	1	0.000315
34375	33940	1	0.000315
34375	34171	1	0.000315
34375	34173	1	0.000315
34375	34690	1	0.000315
34375	34175	1	0.000315
34375	34688	1	0.000315
34375	34178	1	0.000315
34375	34694	1	0.000315
34375	34190	1	0.000315
34375	34884	1	0.000315
34375	34202	1	0.000315
34375	34726	1	0.000315
34375	34802	1	0.000315
34375	34233	1	0.000315
34375	33722	1	0.000315
34375	33724	1	0.000315
34375	34239	1	0.000315
34375	34752	1	0.000315
34375	34753	1	0.000315
34375	33733	1	0.000315
34375	34251	1	0.000315
34375	34252	1	0.000315
34375	34765	1	0.000315
34375	33742	2	0.000631
34375	34979	1	0.000315
34375	33751	1	0.000315
34375	34785	1	0.000315
34375	34274	2	0.000631
34375	33958	1	0.000315
34375	34792	1	0.000315
34375	34794	1	0.000315
34375	33771	1	0.000315
34375	33778	1	0.000315
34375	33782	1	0.000315
34375	33786	1	0.000315
34376	33866	2	0.285714
34377	34304	1	0.142857
34377	34947	2	0.285714
34377	33925	7	1.000000
34377	34956	4	0.571429
34377	34064	1	0.142857
34377	34961	1	0.142857
34377	34579	1	0.142857
34377	34708	2	0.285714
34377	34077	1	0.142857
34377	34466	1	0.142857
34377	34344	1	0.142857
34377	34739	1	0.142857
34377	34101	1	0.142857
34377	34614	1	0.142857
34377	34103	1	0.142857
34377	33720	31	4.428571
34377	33721	1	0.142857
34377	34362	1	0.142857
34377	34492	1	0.142857
34377	33854	28	4.000000
34377	34495	1	0.142857
34377	33739	1	0.142857
34377	34764	1	0.142857
34377	33874	2	0.285714
34377	34771	6	0.857143
34377	34905	1	0.142857
34377	34015	1	0.142857
34377	33897	1	0.142857
34377	34923	2	0.285714
34377	34924	1	0.142857
34377	33773	1	0.142857
34377	34294	1	0.142857
34377	34039	1	0.142857
34377	33727	1	0.142857
34378	33891	1	0.041667
34378	34929	1	0.041667
34378	33866	2	0.083333
34378	33867	1	0.041667
34378	34833	1	0.041667
34378	34034	1	0.041667
34378	34971	1	0.041667
34378	34775	1	0.041667
34378	34745	1	0.041667
34378	34170	1	0.041667
34378	33755	1	0.041667
34378	33844	1	0.041667
34380	34528	1	0.004484
34380	34914	1	0.004484
34380	34727	2	0.008969
34380	34632	1	0.004484
34380	33833	1	0.004484
34380	34183	1	0.004484
34380	34256	2	0.008969
34380	34392	1	0.004484
34380	34004	1	0.004484
34380	33854	1	0.004484
34380	33878	16	0.071749
34380	34303	2	0.008969
34380	34488	2	0.008969
34380	34553	1	0.004484
34380	34490	2	0.008969
34380	34011	16	0.071749
34380	34940	2	0.008969
34380	33981	1	0.004484
34380	34526	2	0.008969
34380	34407	1	0.004484
34381	33720	20	2.000000
34381	34970	3	0.300000
34381	34011	10	1.000000
34381	33854	10	1.000000
34381	33935	2	0.200000
34382	33925	4	1.000000
34382	33854	20	5.000000
34382	34727	4	1.000000
34384	34688	118	0.959350
34384	34375	1	0.008130
34384	34440	1	0.008130
34384	34729	1	0.008130
34384	34122	1	0.008130
34384	33943	1	0.008130
34384	34414	1	0.008130
34384	34899	2	0.016260
34384	33854	115	0.934959
34384	34361	1	0.008130
34384	34521	115	0.934959
34384	34970	1	0.008130
34384	34011	3	0.024390
34384	34090	1	0.008130
34384	34430	4	0.032520
34385	33731	41	1.025000
34388	34816	1	0.012821
34388	34011	1	0.012821
34389	34899	1	0.052632
34389	34556	19	1.000000
34389	34463	1	0.052632
34390	33866	384	1.324138
34390	34659	188	0.648276
34390	33877	2	0.006897
34391	34041	1	0.076923
34391	34011	3	0.230769
34392	34816	9	0.006526
34392	33729	587	0.425671
34392	34375	4	0.002901
34392	34504	2	0.001450
34392	33866	2	0.001450
34392	34488	4	0.002901
34392	34093	6	0.004351
34392	34544	1	0.000725
34392	34440	1	0.000725
34392	34552	1	0.000725
34392	34009	7	0.005076
34392	34011	16	0.011603
34392	34364	1	0.000725
34392	33854	2	0.001450
34392	34303	1	0.000725
34395	33866	1	0.043478
34396	34880	1	0.333333
34397	33786	69	0.007066
34397	34011	44	0.004506
34397	33866	9	0.000922
34397	33925	65	0.006656
34397	34637	21	0.002151
34398	33848	2	0.007812
34398	33866	8	0.031250
34400	34347	575	15.540541
34400	34516	2	0.054054
34400	34173	1	0.027027
34401	33824	15	1.000000
34401	33854	30	2.000000
34404	34816	4	0.003724
34404	34727	2	0.001862
34404	34440	4	0.003724
34404	34571	5	0.004655
34404	33877	4	0.003724
34404	34105	4	0.003724
34404	34970	1	0.000931
34404	33854	4	0.003724
34405	34440	98	1.076923
34405	34816	89	0.978022
34405	34011	5	0.054945
34405	33854	631	6.934066
34405	33824	89	0.978022
34406	34657	1	0.001140
34406	33755	1	0.001140
34406	34524	1	0.001140
34406	33989	1	0.001140
34406	34748	2	0.002281
34406	33866	2	0.002281
34406	34347	1	0.001140
34406	34156	1	0.001140
34406	33903	1	0.001140
34406	34833	1	0.001140
34406	34034	2	0.002281
34406	34323	1	0.001140
34406	34804	1	0.001140
34406	34263	1	0.001140
34406	34776	1	0.001140
34406	34553	1	0.001140
34406	34715	3	0.003421
34406	33916	1	0.001140
34406	34430	1	0.001140
34407	33854	1	0.076923
34409	33866	76	1.288136
34409	33877	1	0.016949
34410	34208	8	0.153846
34410	33824	1	0.019231
34410	34663	1	0.019231
34410	34347	841	16.173077
34410	34700	1	0.019231
34410	33714	1	0.019231
34410	34032	1	0.019231
34410	34898	1	0.019231
34410	34273	1	0.019231
34410	34772	1	0.019231
34410	33715	1	0.019231
34410	34173	1	0.019231
34410	34527	1	0.019231
34412	34729	121	1.090090
34412	34291	1	0.009009
34412	34156	1	0.009009
34412	33734	1	0.009009
34413	34567	6	0.004835
34413	34440	8	0.006446
34413	34473	6	0.004835
34413	33994	2	0.001612
34413	34833	35	0.028203
34413	34418	2	0.001612
34413	33876	10	0.008058
34413	34729	6	0.004835
34413	33854	2	0.001612
34414	34816	2	0.111111
34414	33824	18	1.000000
34414	34978	18	1.000000
34414	33925	18	1.000000
34414	34440	1	0.055556
34414	34122	254	14.111111
34414	34444	18	1.000000
34414	34970	18	1.000000
34414	33854	38	2.111111
34415	33866	26	0.406250
34416	34372	9	0.138462
34416	34251	1	0.015385
34416	34093	1	0.015385
34416	33838	41	0.630769
34416	34013	1	0.015385
34416	33982	9	0.138462
34416	34303	5	0.076923
34418	34816	1	0.015873
34418	33786	4	0.063492
34418	34637	5	0.079365
34420	33891	1	0.001984
34420	34630	1	0.001984
34420	34929	1	0.001984
34420	34093	1	0.001984
34420	34747	1	0.001984
34420	34320	1	0.001984
34420	34833	1	0.001984
34420	34034	1	0.001984
34420	34611	2	0.003968
34420	34430	1	0.001984
34420	34011	1	0.001984
34420	34745	6	0.011905
34420	33755	1	0.001984
34420	33916	1	0.001984
34420	33886	1	0.001984
34421	34917	1	0.037037
34421	33866	1	0.037037
34421	34899	1	0.037037
34421	34712	1	0.037037
34421	34011	5	0.185185
34421	33854	4	0.148148
34425	34440	2	0.046512
34425	33825	43	1.000000
34425	34011	44	1.023256
34426	34452	4	0.800000
34427	34347	575	15.540541
34427	34516	2	0.054054
34427	34173	1	0.027027
34429	33824	1	0.011628
34429	33787	1	0.011628
34429	34637	1	0.011628
34429	34121	1	0.011628
34429	33997	2	0.023256
34429	34191	1	0.011628
34429	34617	2	0.023256
34429	33786	1	0.011628
34429	34011	1	0.011628
34429	34237	1	0.011628
34429	34430	1	0.011628
34430	34816	4	0.001473
34430	33925	4	0.001473
34430	34440	5	0.001842
34430	33755	1	0.000368
34430	34090	1	0.000368
34430	34611	20	0.007366
34430	33845	2	0.000737
34430	34488	14	0.005157
34430	33977	2	0.000737
34430	34122	4	0.001473
34430	33727	1	0.000368
34430	33987	84	0.030939
34430	33866	30	0.011050
34430	33867	1	0.000368
34430	34764	14	0.005157
34430	34637	1	0.000368
34430	33877	2	0.000737
34430	34263	4	0.001473
34430	34011	2	0.000737
34430	34530	2	0.000737
34430	34745	1	0.000368
34430	33786	2	0.000737
34430	34431	1	0.000368
34430	33916	1	0.000368
34430	34303	1	0.000368
34431	34440	1	0.000424
34431	34156	1	0.000424
34431	34122	1	0.000424
34431	34263	1	0.000424
34431	34764	5	0.002120
34431	34899	25	0.010602
34431	33866	2	0.000848
34431	34870	1955	0.829092
34431	33977	3	0.001272
34431	33784	7	0.002969
34431	34745	4624	1.960984
34431	34970	2	0.000848
34431	34011	3	0.001272
34431	34170	1	0.000424
34431	34430	1	0.000424
34431	34611	249	0.105598
34433	33840	4	0.235294
34433	34105	2	0.117647
34433	33850	4	0.235294
34434	34488	6	0.005080
34434	34929	24	0.020322
34434	34026	6	0.005080
34434	33916	24	0.020322
34434	34966	6	0.005080
34435	34748	1353	79.588235
34436	34011	1	0.000215
34436	34279	1	0.000215
34436	33866	2962	0.635895
34436	33933	1	0.000215
34436	34033	1	0.000215
34436	33786	1	0.000215
34436	34715	2	0.000429
34436	33854	1	0.000215
34437	34748	1865	81.086957
34438	33866	2	0.032787
34440	34816	2195	2.372973
34440	33925	916	0.990270
34440	33799	1	0.001081
34440	33935	4	0.004324
34440	34192	8	0.008649
34440	33811	1	0.001081
34440	34970	5	0.005405
34440	34181	1	0.001081
34440	33824	1	0.001081
34440	34727	1	0.001081
34440	34729	2	0.002162
34440	34090	9	0.009730
34440	34869	1	0.001081
34440	33977	146	0.157838
34440	33866	1	0.001081
34440	33854	3668	3.965405
34440	34375	4	0.004324
34440	34121	1	0.001081
34440	34122	2	0.002162
34440	33867	2	0.002162
34440	34637	4	0.004324
34440	33877	6	0.006486
34440	34011	951	1.028108
34440	34013	2	0.002162
34440	34530	2	0.002162
34440	34405	31	0.033514
34440	34552	1	0.001081
34440	33786	1	0.001081
34442	34440	3	0.005217
34442	34273	1	0.001739
34442	33866	6	0.010435
34442	34011	1	0.001739
34443	34440	12	0.082759
34443	34347	3	0.020690
34443	34444	1	0.006897
34443	34192	1	0.006897
34443	34970	1	0.006897
34443	34011	2	0.013793
34443	34173	10	0.068966
34444	34816	31	0.229630
34444	34435	1	0.007407
34444	33925	136	1.007407
34444	34440	2	0.014815
34444	34775	1	0.007407
34444	34061	1	0.007407
34444	34192	2	0.014815
34444	33824	1	0.007407
34444	34851	1	0.007407
34444	34105	1	0.007407
34444	33854	540	4.000000
34444	33987	1	0.007407
34444	33989	2	0.014815
34444	34122	271	2.007407
34444	34011	35	0.259259
34444	34263	2	0.014815
34444	34009	1	0.007407
34444	33755	1	0.007407
34444	34657	2	0.014815
34444	33903	2	0.014815
34444	33904	1	0.007407
34444	34804	1	0.007407
34444	34294	21	0.155556
34444	34553	1	0.007407
34444	34555	13	0.096296
34445	34816	207	0.907895
34445	34304	1	0.004386
34445	33794	1	0.004386
34445	33795	1	0.004386
34445	33799	1	0.004386
34445	34312	1	0.004386
34445	34833	1	0.004386
34445	34344	1	0.004386
34445	34868	1	0.004386
34445	33845	3	0.013158
34445	34870	1	0.004386
34445	34362	1	0.004386
34445	33851	1	0.004386
34445	34876	1	0.004386
34445	33854	684	3.000000
34445	34375	8	0.035088
34445	34377	1	0.004386
34445	33866	2	0.008772
34445	34382	1	0.004386
34445	33874	1	0.004386
34445	34899	1	0.004386
34445	34388	1	0.004386
34445	33877	8	0.035088
34445	34903	1	0.004386
34445	33880	1	0.004386
34445	34905	2	0.008772
34445	34397	1	0.004386
34445	33886	1	0.004386
34445	34401	1	0.004386
34445	33891	1	0.004386
34445	34405	1	0.004386
34445	33897	1	0.004386
34445	34923	1	0.004386
34445	34924	1	0.004386
34445	34418	1	0.004386
34445	34426	1	0.004386
34445	33983	1	0.004386
34445	34430	1	0.004386
34445	34947	1	0.004386
34445	33925	1	0.004386
34445	34444	5	0.021930
34445	34961	1	0.004386
34445	33941	1	0.004386
34445	34977	1	0.004386
34445	34466	1	0.004386
34445	34980	2	0.008772
34445	34488	1	0.004386
34445	33977	4	0.017544
34445	34490	1	0.004386
34445	34492	1	0.004386
34445	34495	1	0.004386
34445	33994	1	0.004386
34445	34011	10	0.043860
34445	34525	1	0.004386
34445	34015	1	0.004386
34445	34016	1	0.004386
34445	34530	1	0.004386
34445	34534	1	0.004386
34445	34537	1	0.004386
34445	34542	1	0.004386
34445	34543	1	0.004386
34445	34039	1	0.004386
34445	34558	1	0.004386
34445	34051	1	0.004386
34445	34568	1	0.004386
34445	34570	1	0.004386
34445	34064	1	0.004386
34445	34579	1	0.004386
34445	34068	1	0.004386
34445	34073	2	0.008772
34445	34077	1	0.004386
34445	34090	2	0.008772
34445	34093	1	0.004386
34445	34609	1	0.004386
34445	34098	1	0.004386
34445	34611	2	0.008772
34445	34101	1	0.004386
34445	34614	1	0.004386
34445	34103	1	0.004386
34445	34619	1	0.004386
34445	34626	1	0.004386
34445	34630	1	0.004386
34445	34956	1	0.004386
34445	34122	3	0.013158
34445	34123	1	0.004386
34445	34150	1	0.004386
34445	34663	1	0.004386
34445	34667	1	0.004386
34445	34680	1	0.004386
34445	34173	1	0.004386
34445	34179	1	0.004386
34445	34181	1	0.004386
34445	34703	1	0.004386
34445	34192	4	0.017544
34445	34194	1	0.004386
34445	34708	1	0.004386
34445	34200	1	0.004386
34445	34206	1	0.004386
34445	34725	1	0.004386
34445	34727	3	0.013158
34445	34739	1	0.004386
34445	33719	1	0.004386
34445	33773	1	0.004386
34445	33721	1	0.004386
34445	34747	1	0.004386
34445	33727	1	0.004386
34445	33739	1	0.004386
34445	34764	1	0.004386
34445	34978	1	0.004386
34445	34771	1	0.004386
34445	33755	1	0.004386
34445	34278	1	0.004386
34445	34795	1	0.004386
34445	34898	1	0.004386
34445	33875	1	0.004386
34445	34294	1	0.004386
34445	33787	1	0.004386
34448	33824	2	0.003008
34448	34375	3	0.004511
34448	34121	12	0.018045
34448	34663	5	0.007519
34448	34414	8	0.012030
34448	33854	3	0.004511
34450	34657	1	0.000594
34450	33989	1	0.000594
34450	34748	2	0.001188
34450	33866	1	0.000594
34450	34156	1	0.000594
34450	34093	1	0.000594
34450	33903	1	0.000594
34450	34833	1	0.000594
34450	34034	1	0.000594
34450	34611	1	0.000594
34450	34804	1	0.000594
34450	34263	1	0.000594
34450	34553	1	0.000594
34450	33755	1	0.000594
34450	33916	1	0.000594
34450	34430	1	0.000594
34452	34032	146	1.006897
34452	34942	146	1.006897
34452	34078	146	1.006897
34452	34303	7	0.048276
34453	34816	530	1.215596
34453	33851	2	0.004587
34453	33925	412	0.944954
34453	34375	13	0.029817
34453	34440	2	0.004587
34453	34729	1	0.002294
34453	34090	1	0.002294
34453	33867	4	0.009174
34453	34637	3	0.006881
34453	33935	2	0.004587
34453	34192	2460	5.642202
34453	34321	28	0.064220
34453	33720	1	0.002294
34453	33877	3	0.006881
34453	34488	10	0.022936
34453	33977	2	0.004587
34453	34011	38	0.087156
34453	34122	1	0.002294
34453	33866	2	0.004587
34453	33854	2485	5.699541
34453	34591	47	0.107798
34456	34816	1	0.035714
34456	34121	3	0.107143
34456	34970	2	0.071429
34456	34011	10	0.357143
34459	34745	2	0.040816
34459	33866	101	2.061224
34459	34611	2	0.040816
34459	34034	2	0.040816
34459	33755	2	0.040816
34460	33866	2	0.181818
34461	33866	2	0.117647
34461	34011	2	0.117647
34461	34702	16	0.941176
34465	33866	4	0.083333
34466	34816	3	0.428571
34466	34304	1	0.142857
34466	34947	2	0.285714
34466	33925	7	1.000000
34466	34956	4	0.571429
34466	34064	1	0.142857
34466	34961	1	0.142857
34466	34579	1	0.142857
34466	34708	2	0.285714
34466	34077	1	0.142857
34466	34344	1	0.142857
34466	34739	1	0.142857
34466	34101	1	0.142857
34466	34614	1	0.142857
34466	34103	1	0.142857
34466	33720	31	4.428571
34466	33721	1	0.142857
34466	34362	1	0.142857
34466	34492	1	0.142857
34466	33854	28	4.000000
34466	33727	1	0.142857
34466	34377	2	0.285714
34466	33739	1	0.142857
34466	34764	1	0.142857
34466	33874	2	0.285714
34466	34771	6	0.857143
34466	34905	1	0.142857
34466	34011	3	0.428571
34466	34015	1	0.142857
34466	33897	1	0.142857
34466	34923	2	0.285714
34466	34924	1	0.142857
34466	33773	1	0.142857
34466	34294	1	0.142857
34466	34039	1	0.142857
34466	34495	1	0.142857
34468	34544	1	0.043478
34468	33866	1	0.043478
34469	34816	1	0.020000
34472	33866	4	0.160000
34473	34440	2	0.044444
34474	34833	1	0.004000
34475	33891	1	0.000351
34475	33925	2	0.000702
34475	34833	2	0.000702
34475	33916	5	0.001756
34475	34122	3	0.001054
34475	33886	1	0.000351
34475	34093	2	0.000702
34475	34320	3	0.001054
34475	34929	4	0.001405
34475	34034	3	0.001054
34475	34611	3	0.001054
34475	34430	4	0.001405
34475	33755	3	0.001054
34475	34748	1	0.000351
34475	33866	14	0.004917
34475	33854	24	0.008430
34476	34553	1	0.000089
34476	33866	6	0.000535
34476	34380	1	0.000089
34477	34347	576	15.567568
34477	34516	2	0.054054
34477	34173	1	0.027027
34478	33866	2	0.200000
34479	34776	4	0.235294
34479	33786	1	0.058824
34479	34637	1	0.058824
34479	34263	2	0.117647
34482	34488	1	0.066667
34482	34303	1	0.066667
34483	33824	1	0.000489
34483	34785	10	0.004885
34483	33809	12	0.005862
34483	34440	12	0.005862
34483	34637	12	0.005862
34483	33936	2	0.000977
34483	33786	12	0.005862
34483	34995	10	0.004885
34483	34937	10	0.004885
34483	34970	12	0.005862
34483	34011	12	0.005862
34483	34748	10	0.004885
34483	34202	10	0.004885
34483	34303	2	0.000977
34488	34816	13	0.021812
34488	34531	1	0.001678
34488	34727	1173	1.968121
34488	34321	18	0.030201
34488	34899	587	0.984899
34488	33845	2	0.003356
34488	33977	2	0.003356
34488	34970	1	0.001678
34488	34011	12	0.020134
34488	34303	44	0.073826
34490	34563	1	0.002347
34490	33925	1	0.002347
34490	34264	2	0.004695
34490	34592	1	0.002347
34490	33714	2	0.004695
34490	34488	3	0.007042
34490	34745	1	0.002347
34490	34748	1	0.002347
34490	34621	1	0.002347
34490	33982	1	0.002347
34490	34643	1	0.002347
34490	34645	1	0.002347
34490	34775	1	0.002347
34490	34392	1	0.002347
34490	34011	3	0.007042
34490	34531	1	0.002347
34490	33916	11	0.025822
34490	34795	2	0.004695
34490	34673	2	0.004695
34490	34421	1	0.002347
34490	33910	1	0.002347
34490	34811	1	0.002347
34490	34940	8	0.018779
34490	34303	1	0.002347
34491	33866	293	1.006873
34492	34304	1	0.166667
34492	34947	2	0.333333
34492	33925	6	1.000000
34492	34956	4	0.666667
34492	34064	1	0.166667
34492	34961	1	0.166667
34492	34579	1	0.166667
34492	34708	2	0.333333
34492	34077	1	0.166667
34492	34466	1	0.166667
34492	34344	1	0.166667
34492	34739	1	0.166667
34492	34101	1	0.166667
34492	34614	1	0.166667
34492	34103	1	0.166667
34492	33720	27	4.500000
34492	33721	1	0.166667
34492	34362	1	0.166667
34492	33854	24	4.000000
34492	33727	1	0.166667
34492	34377	2	0.333333
34492	33739	1	0.166667
34492	34764	1	0.166667
34492	33874	2	0.333333
34492	34771	6	1.000000
34492	34905	1	0.166667
34492	34015	1	0.166667
34492	33897	1	0.166667
34492	34923	2	0.333333
34492	34924	1	0.166667
34492	33773	1	0.166667
34492	34294	1	0.166667
34492	34039	1	0.166667
34492	34495	1	0.166667
34494	34637	1	0.001086
34494	34030	1	0.001086
34494	33903	3	0.003257
34494	34899	889	0.965255
34494	34488	1	0.001086
34494	34970	1	0.001086
34495	34304	1	0.166667
34495	34947	2	0.333333
34495	33925	6	1.000000
34495	34956	4	0.666667
34495	34064	1	0.166667
34495	34961	1	0.166667
34495	34579	1	0.166667
34495	34708	2	0.333333
34495	34077	1	0.166667
34495	34466	1	0.166667
34495	34344	1	0.166667
34495	34739	1	0.166667
34495	34101	1	0.166667
34495	34614	1	0.166667
34495	34103	1	0.166667
34495	33720	27	4.500000
34495	33721	1	0.166667
34495	34362	1	0.166667
34495	34492	1	0.166667
34495	33854	24	4.000000
34495	33727	1	0.166667
34495	34377	2	0.333333
34495	33739	1	0.166667
34495	34764	1	0.166667
34495	33874	2	0.333333
34495	34771	6	1.000000
34495	34905	1	0.166667
34495	34015	1	0.166667
34495	33897	1	0.166667
34495	34923	2	0.333333
34495	34924	1	0.166667
34495	33773	1	0.166667
34495	34294	1	0.166667
34495	34039	1	0.166667
34497	34817	1	0.027778
34497	34011	1	0.027778
34498	34973	254	2.731183
34499	34816	207	0.907895
34499	34304	1	0.004386
34499	33794	1	0.004386
34499	33795	1	0.004386
34499	33799	1	0.004386
34499	34312	1	0.004386
34499	34833	1	0.004386
34499	34344	1	0.004386
34499	34868	1	0.004386
34499	33845	3	0.013158
34499	34870	1	0.004386
34499	34362	1	0.004386
34499	33851	1	0.004386
34499	34876	1	0.004386
34499	33854	684	3.000000
34499	34375	8	0.035088
34499	34377	1	0.004386
34499	33866	2	0.008772
34499	34382	1	0.004386
34499	33874	1	0.004386
34499	34899	1	0.004386
34499	34388	1	0.004386
34499	33877	8	0.035088
34499	34903	1	0.004386
34499	33880	1	0.004386
34499	34905	2	0.008772
34499	34397	1	0.004386
34499	33886	1	0.004386
34499	34401	1	0.004386
34499	33891	1	0.004386
34499	34405	1	0.004386
34499	33897	1	0.004386
34499	34923	1	0.004386
34499	34924	1	0.004386
34499	34418	1	0.004386
34499	34426	1	0.004386
34499	33983	1	0.004386
34499	34430	1	0.004386
34499	34947	1	0.004386
34499	33925	1	0.004386
34499	34444	5	0.021930
34499	34961	1	0.004386
34499	33941	1	0.004386
34499	34977	1	0.004386
34499	34466	1	0.004386
34499	34980	2	0.008772
34499	34488	1	0.004386
34499	33977	4	0.017544
34499	34490	1	0.004386
34499	34492	1	0.004386
34499	34495	1	0.004386
34499	33994	1	0.004386
34499	34011	10	0.043860
34499	34525	1	0.004386
34499	34015	1	0.004386
34499	34016	1	0.004386
34499	34530	1	0.004386
34499	34534	1	0.004386
34499	34537	1	0.004386
34499	34542	1	0.004386
34499	34543	1	0.004386
34499	34039	1	0.004386
34499	34558	1	0.004386
34499	34051	1	0.004386
34499	34568	1	0.004386
34499	34570	1	0.004386
34499	34064	1	0.004386
34499	34579	1	0.004386
34499	34068	1	0.004386
34499	34073	2	0.008772
34499	34077	1	0.004386
34499	34090	2	0.008772
34499	34093	1	0.004386
34499	34609	1	0.004386
34499	34098	1	0.004386
34499	34611	2	0.008772
34499	34101	1	0.004386
34499	34614	1	0.004386
34499	34103	1	0.004386
34499	34619	1	0.004386
34499	34626	1	0.004386
34499	34630	1	0.004386
34499	34956	1	0.004386
34499	34122	3	0.013158
34499	34123	1	0.004386
34499	34150	1	0.004386
34499	34663	1	0.004386
34499	34667	1	0.004386
34499	34680	1	0.004386
34499	34173	1	0.004386
34499	34179	1	0.004386
34499	34181	1	0.004386
34499	34703	1	0.004386
34499	34192	4	0.017544
34499	34194	1	0.004386
34499	34708	1	0.004386
34499	34200	1	0.004386
34499	34206	1	0.004386
34499	34725	1	0.004386
34499	34727	3	0.013158
34499	34739	1	0.004386
34499	33719	1	0.004386
34499	33773	1	0.004386
34499	33721	1	0.004386
34499	34747	1	0.004386
34499	33727	1	0.004386
34499	33739	1	0.004386
34499	34764	1	0.004386
34499	34978	1	0.004386
34499	34771	1	0.004386
34499	33755	1	0.004386
34499	34278	1	0.004386
34499	34795	1	0.004386
34499	34898	1	0.004386
34499	33875	1	0.004386
34499	34294	1	0.004386
34499	33787	1	0.004386
34501	34816	4	0.019608
34501	33891	2	0.009804
34501	34375	6	0.029412
34501	34440	2	0.009804
34501	34794	10	0.049020
34501	34727	2	0.009804
34501	33787	2	0.009804
34501	34833	2	0.009804
34501	34034	2	0.009804
34501	33866	4	0.019608
34501	34869	2	0.009804
34501	33977	4	0.019608
34501	33786	6	0.029412
34501	34011	33	0.161765
34501	34122	2	0.009804
34501	34970	2	0.009804
34501	33854	2	0.009804
34504	34816	3	0.111111
34504	33925	1	0.037037
34504	34375	1	0.037037
34504	33866	1	0.037037
34504	33977	1	0.037037
34504	34122	1	0.037037
34504	33854	4	0.148148
34505	34816	2	0.009662
34505	34627	414	2.000000
34505	34405	8	0.038647
34505	34182	414	2.000000
34505	34375	417	2.014493
34505	34827	3	0.014493
34505	34637	414	2.000000
34505	33935	2	0.009662
34505	34102	414	2.000000
34505	33786	414	2.000000
34505	33854	414	2.000000
34505	34303	414	2.000000
34506	34121	3	0.000958
34506	33866	5	0.001597
34506	34611	1	0.000319
34506	33916	432	0.137975
34508	34440	2	0.036364
34508	34011	2	0.036364
34509	34011	6	0.157895
34509	34440	1	0.026316
34509	33787	1	0.026316
34509	33854	3	0.078947
34509	34121	1	0.026316
34511	33866	1	0.016129
34512	33866	3	0.001984
34512	34611	3	0.001984
34512	33925	3	0.001984
34512	33854	18	0.011905
34512	33877	3	0.001984
34513	34603	185	1.000000
34514	33866	7	0.023026
34515	33925	1	0.000923
34515	33866	796	0.734995
34515	34899	1	0.000923
34515	33877	1	0.000923
34515	34745	1	0.000923
34515	33854	6	0.005540
34515	34611	1	0.000923
34516	34347	576	15.567568
34516	34173	1	0.027027
34517	34816	1	0.000282
34517	34233	1	0.000282
34517	33866	22	0.006195
34519	33866	2	0.006349
34519	34347	5	0.015873
34519	34034	1	0.003175
34519	33714	1	0.003175
34520	33866	5	0.069444
34520	34011	1	0.013889
34520	33877	144	2.000000
34520	33854	1	0.013889
34521	33824	9	0.017375
34521	33787	2	0.003861
34521	33925	2	0.003861
34521	34121	2	0.003861
34521	34122	7	0.013514
34521	34444	7	0.013514
34521	34637	2	0.003861
34521	34191	2	0.003861
34521	34899	3	0.005792
34521	33877	7	0.013514
34521	34488	6	0.011583
34521	33786	2	0.003861
34521	34011	4	0.007722
34523	34011	3	0.002679
34523	34208	2	0.001786
34523	33866	133	0.118750
34523	34347	5	0.004464
34523	34630	1	0.000893
34524	34274	1	0.003521
34524	33787	1	0.003521
34524	34406	1	0.003521
34524	34727	1	0.003521
34524	34381	1	0.003521
34524	34775	1	0.003521
34524	34680	1	0.003521
34524	34970	1	0.003521
34524	34011	2	0.007042
34525	34816	34	0.507463
34525	34011	5	0.074627
34526	34816	6	0.006369
34526	34561	2	0.002123
34526	33922	2	0.002123
34526	34347	2	0.002123
34526	34440	13	0.013800
34526	34190	2	0.002123
34526	33935	6	0.006369
34526	34704	4	0.004246
34526	34073	8	0.008493
34526	34202	2	0.002123
34526	33819	2	0.002123
34526	34970	2	0.002123
34526	33824	13	0.013800
34526	34587	2	0.002123
34526	34727	4	0.004246
34526	34631	2	0.002123
34526	33964	2	0.002123
34526	34994	2	0.002123
34526	34611	6	0.006369
34526	33845	4	0.004246
34526	34488	2	0.002123
34526	33977	4	0.004246
34526	34490	2	0.002123
34526	33851	2	0.002123
34526	34122	8	0.008493
34526	33854	2	0.002123
34526	34239	2	0.002123
34526	33733	2	0.002123
34526	34630	2	0.002123
34526	34375	4	0.004246
34526	33866	18	0.019108
34526	33867	10	0.010616
34526	34765	2	0.002123
34526	34896	2	0.002123
34526	33955	2	0.002123
34526	33877	18	0.019108
34526	34137	2	0.002123
34526	34011	29	0.030786
34526	34013	1	0.001062
34526	34192	4	0.004246
34526	34171	2	0.002123
34526	34540	2	0.002123
34526	34802	2	0.002123
34526	34807	4	0.004246
34526	34047	2	0.002123
34526	34303	6	0.006369
34527	34347	574	15.513514
34527	34516	2	0.054054
34527	34173	1	0.027027
34529	33925	38	1.055556
34529	33854	144	4.000000
34530	34816	14	0.009576
34530	33824	6	0.004104
34530	33925	2	0.001368
34530	34011	1	0.000684
34530	34181	26	0.017784
34530	34440	26	0.017784
34530	34121	6	0.004104
34530	34637	5	0.003420
34530	34862	1	0.000684
34530	34960	2	0.001368
34530	34899	1	0.000684
34530	34334	1	0.000684
34530	34264	1	0.000684
34530	33977	4	0.002736
34530	33786	22	0.015048
34530	33755	1	0.000684
34530	33854	9	0.006156
34530	34303	1	0.000684
34531	34816	10	0.015528
34531	33824	1	0.001553
34531	34564	1	0.001553
34531	33925	2	0.003106
34531	34375	1	0.001553
34531	34440	1	0.001553
34531	33866	3	0.004658
34531	34571	37	0.057453
34531	34637	8	0.012422
34531	34256	3	0.004658
34531	34404	1	0.001553
34531	34386	1	0.001553
34531	34745	1	0.001553
34531	34488	2	0.003106
34531	34105	4	0.006211
34531	34970	4	0.006211
34531	34011	43	0.066770
34531	33786	4	0.006211
34531	33854	1	0.001553
34532	34933	1	0.034483
34534	34816	15	0.250000
34534	33925	60	1.000000
34534	34727	65	1.083333
34534	34440	2	0.033333
34534	34444	1	0.016667
34534	34381	4	0.066667
34534	34414	1	0.016667
34534	33935	5	0.083333
34534	34192	2	0.033333
34534	34011	10	0.166667
34534	33854	302	5.033333
34534	34303	1	0.016667
34535	33824	4	0.003252
34535	34192	1	0.000813
34535	34626	1	0.000813
34535	33877	1	0.000813
34535	34133	1	0.000813
34535	34375	1	0.000813
34535	34440	9	0.007317
34535	34122	2	0.001626
34535	34061	2	0.001626
34535	34896	5	0.004065
34535	34526	2	0.001626
34535	34807	3	0.002439
34535	34488	1	0.000813
34535	34970	2	0.001626
34535	33854	4	0.003252
34535	34303	1	0.000813
34536	34375	4	0.041667
34537	34970	1	0.013514
34539	33824	1	0.011905
34539	34444	1	0.011905
34540	34945	1	0.001613
34540	34820	1	0.001613
34540	34440	3	0.004839
34540	34186	1	0.001613
34540	34061	1	0.001613
34540	34192	1	0.001613
34540	34970	4	0.006452
34540	33824	9	0.014516
34540	34726	1	0.001613
34540	34727	1	0.001613
34540	34600	1	0.001613
34540	34862	1	0.001613
34540	33977	1	0.001613
34540	34106	1	0.001613
34540	33725	1	0.001613
34540	33854	1	0.001613
34540	34752	2	0.003226
34540	34375	1	0.001613
34540	34122	1	0.001613
34540	34896	3	0.004839
34540	34899	1	0.001613
34540	34004	1	0.001613
34540	34013	2	0.003226
34540	34526	1	0.001613
34540	34535	2	0.003226
34540	34552	1	0.001613
34542	34816	13	0.216667
34542	33925	60	1.000000
34542	34727	65	1.083333
34542	34440	1	0.016667
34542	34444	1	0.016667
34542	34381	2	0.033333
34542	34414	1	0.016667
34542	33935	5	0.083333
34542	34192	1	0.016667
34542	34011	8	0.133333
34542	33854	301	5.016667
34542	34303	1	0.016667
34543	33824	2	0.025000
34543	33787	2	0.025000
34543	33925	2	0.025000
34543	34121	2	0.025000
34543	34191	2	0.025000
34543	34011	5	0.062500
34544	34816	6	0.002571
34544	34179	2	0.000857
34544	34692	4	0.001714
34544	34490	5	0.002142
34544	34440	7	0.002999
34544	34263	2	0.000857
34544	34830	20	0.008569
34544	33935	1	0.000428
34544	34192	4	0.001714
34544	34833	4	0.001714
34544	33834	3	0.001285
34544	34069	1	0.000428
34544	34200	2	0.000857
34544	34715	3	0.001285
34544	34208	2	0.000857
34544	33904	133	0.056984
34544	33755	4	0.001714
34544	34468	2	0.000857
34544	33958	4	0.001714
34544	34214	3	0.001285
34544	34089	2	0.000857
34544	34090	5	0.002142
34544	34531	2	0.000857
34544	34093	8	0.003428
34544	34862	4	0.001714
34544	34864	8	0.003428
34544	33886	4	0.001714
34544	34488	12	0.005141
34544	34745	4	0.001714
34544	34234	2	0.000857
34544	34747	4	0.001714
34544	34122	2	0.000857
34544	33854	5	0.002142
34544	33824	18	0.007712
34544	34243	4	0.001714
34544	33989	2	0.000857
34544	34929	4	0.001714
34544	34375	7	0.002999
34544	34121	2	0.000857
34544	33866	12	0.005141
34544	34727	2	0.000857
34544	34637	7	0.002999
34544	34256	2	0.000857
34544	33891	4	0.001714
34544	33877	9	0.003856
34544	34775	2	0.000857
34544	34392	2	0.000857
34544	34011	57	0.024422
34544	34013	2	0.000857
34544	34526	2	0.000857
34544	34235	2	0.000857
34544	34405	2	0.000857
34544	34280	4	0.001714
34544	33916	3	0.001285
34544	34795	3	0.001285
34544	34156	2	0.000857
34544	34958	3	0.001285
34544	33903	4	0.001714
34544	34672	8	0.003428
34544	34792	16	0.006855
34544	34034	2	0.000857
34544	34899	8	0.003428
34544	34971	2	0.000857
34544	34238	3	0.001285
34544	34985	1	0.000428
34544	34552	1	0.000428
34544	34553	2	0.000857
34544	33786	29	0.012425
34544	34431	2	0.000857
34544	34940	2	0.000857
34544	33917	3	0.001285
34544	34430	4	0.001714
34544	34303	7	0.002999
34545	34665	1	0.012195
34546	34192	1	0.005464
34546	34535	3	0.016393
34546	34600	3	0.016393
34546	33866	6	0.032787
34546	34540	3	0.016393
34546	34896	1	0.005464
34546	34679	1	0.005464
34546	34011	1	0.005464
34546	34526	1	0.005464
34547	34980	1	0.019608
34547	33866	1	0.019608
34547	33903	1	0.019608
34547	34961	1	0.019608
34547	34090	1	0.019608
34547	33854	255	5.000000
34549	34611	1	0.001350
34549	33786	1	0.001350
34549	34531	1	0.001350
34550	33866	14	0.047138
34550	34611	1	0.003367
34550	34748	1	0.003367
34550	34678	1	0.003367
34552	34816	312	0.845528
34552	33824	4	0.010840
34552	33925	306	0.829268
34552	34727	2	0.005420
34552	34440	4	0.010840
34552	34444	1	0.002710
34552	34637	1	0.002710
34552	33877	1	0.002710
34552	34359	308	0.834688
34552	34200	1	0.002710
34552	34011	51	0.138211
34552	33854	613	1.661247
34553	34561	2	0.001638
34553	33794	5	0.004095
34553	33925	1	0.000819
34553	34444	1	0.000819
34553	33935	4	0.003276
34553	34833	5	0.004095
34553	34200	2	0.001638
34553	34466	1	0.000819
34553	33755	4	0.003276
34553	34093	3	0.002457
34553	34862	2	0.001638
34553	34611	43	0.035217
34553	34745	5	0.004095
34553	33982	2	0.001638
34553	33989	1	0.000819
34553	34632	2	0.001638
34553	34764	2	0.001638
34553	33866	20	0.016380
34553	33867	9	0.007371
34553	34380	1	0.000819
34553	33877	4	0.003276
34553	33878	2	0.001638
34553	34011	3	0.002457
34553	33886	2	0.001638
34553	33891	3	0.002457
34553	34034	2	0.001638
34553	34804	2	0.001638
34553	33787	4	0.003276
34553	33916	7	0.005733
34553	34430	5	0.004095
34555	34816	207	0.907895
34555	34304	1	0.004386
34555	33794	1	0.004386
34555	33795	1	0.004386
34555	33799	1	0.004386
34555	34312	1	0.004386
34555	34833	1	0.004386
34555	34344	1	0.004386
34555	34868	1	0.004386
34555	33845	3	0.013158
34555	34870	1	0.004386
34555	34362	1	0.004386
34555	33851	1	0.004386
34555	34876	1	0.004386
34555	33854	684	3.000000
34555	34375	8	0.035088
34555	34377	1	0.004386
34555	33866	2	0.008772
34555	34382	1	0.004386
34555	34898	1	0.004386
34555	33875	1	0.004386
34555	34388	1	0.004386
34555	33877	8	0.035088
34555	34903	1	0.004386
34555	33880	1	0.004386
34555	34905	2	0.008772
34555	34397	1	0.004386
34555	33886	1	0.004386
34555	34401	1	0.004386
34555	33891	1	0.004386
34555	34405	1	0.004386
34555	33897	1	0.004386
34555	34923	1	0.004386
34555	34924	1	0.004386
34555	34418	1	0.004386
34555	34426	1	0.004386
34555	34495	1	0.004386
34555	34430	1	0.004386
34555	34947	1	0.004386
34555	33925	1	0.004386
34555	34444	5	0.021930
34555	34961	1	0.004386
34555	33941	1	0.004386
34555	34977	1	0.004386
34555	34978	1	0.004386
34555	34980	2	0.008772
34555	34488	1	0.004386
34555	33977	4	0.017544
34555	34490	1	0.004386
34555	34492	1	0.004386
34555	33983	1	0.004386
34555	33994	1	0.004386
34555	34011	10	0.043860
34555	34525	1	0.004386
34555	34015	1	0.004386
34555	34016	1	0.004386
34555	34530	1	0.004386
34555	34534	1	0.004386
34555	34537	1	0.004386
34555	34542	1	0.004386
34555	34543	1	0.004386
34555	34039	1	0.004386
34555	34558	1	0.004386
34555	34051	1	0.004386
34555	34568	1	0.004386
34555	34570	1	0.004386
34555	34064	1	0.004386
34555	34579	1	0.004386
34555	34068	1	0.004386
34555	34073	2	0.008772
34555	34077	1	0.004386
34555	34090	2	0.008772
34555	34093	1	0.004386
34555	34609	1	0.004386
34555	34098	1	0.004386
34555	34611	2	0.008772
34555	34101	1	0.004386
34555	34614	1	0.004386
34555	34103	1	0.004386
34555	34619	1	0.004386
34555	34626	1	0.004386
34555	34630	1	0.004386
34555	34956	1	0.004386
34555	34122	3	0.013158
34555	34123	1	0.004386
34555	34150	1	0.004386
34555	34663	1	0.004386
34555	34667	1	0.004386
34555	34680	1	0.004386
34555	34173	1	0.004386
34555	34179	1	0.004386
34555	34181	1	0.004386
34555	34703	1	0.004386
34555	34192	4	0.017544
34555	34194	1	0.004386
34555	34708	1	0.004386
34555	34200	1	0.004386
34555	34206	1	0.004386
34555	34725	1	0.004386
34555	34727	3	0.013158
34555	34739	1	0.004386
34555	33719	1	0.004386
34555	33773	1	0.004386
34555	33721	1	0.004386
34555	34747	1	0.004386
34555	33727	1	0.004386
34555	33739	1	0.004386
34555	34764	1	0.004386
34555	34466	1	0.004386
34555	34771	1	0.004386
34555	33755	1	0.004386
34555	34278	1	0.004386
34555	34795	1	0.004386
34555	33874	1	0.004386
34555	34899	1	0.004386
34555	34294	1	0.004386
34555	33787	1	0.004386
34556	33866	2	0.333333
34557	34715	1	0.000499
34557	33988	1	0.000499
34557	33925	1	0.000499
34557	34792	1	0.000499
34557	33866	4	0.001995
34557	34347	1	0.000499
34557	33933	1	0.000499
34557	34637	1	0.000499
34557	34544	1	0.000499
34557	34611	1	0.000499
34557	33877	1	0.000499
34557	34966	1	0.000499
34557	34617	1	0.000499
34557	33786	5	0.002494
34557	34011	7	0.003491
34557	34111	1	0.000499
34558	34816	12	0.061224
34558	33778	2	0.010204
34558	33922	1	0.005102
34558	33925	196	1.000000
34558	34055	1	0.005102
34558	34540	2	0.010204
34558	34058	1	0.005102
34558	34061	1	0.005102
34558	34452	1	0.005102
34558	34009	2	0.010204
34558	33944	2	0.010204
34558	34329	1	0.005102
34558	33826	1	0.005102
34558	33955	1	0.005102
34558	34727	197	1.005102
34558	34089	1	0.005102
34558	33964	2	0.010204
34558	34034	1	0.005102
34558	33840	2	0.010204
34558	34482	1	0.005102
34558	34995	2	0.010204
34558	34357	2	0.010204
34558	34488	99	0.505102
34558	34745	1	0.005102
34558	34490	1	0.005102
34558	33853	1	0.005102
34558	33854	980	5.000000
34558	34239	2	0.010204
34558	33987	1	0.005102
34558	34503	2	0.010204
34558	33866	1	0.005102
34558	33742	1	0.005102
34558	34701	1	0.005102
34558	34899	1	0.005102
34558	33878	1	0.005102
34558	34233	1	0.005102
34558	34137	1	0.005102
34558	34778	1	0.005102
34558	34011	13	0.066327
34558	34105	2	0.010204
34558	33888	1	0.005102
34558	34785	1	0.005102
34558	34794	2	0.010204
34558	34795	1	0.005102
34558	34412	2	0.010204
34558	33904	2	0.010204
34558	34802	2	0.010204
34558	33916	2	0.010204
34558	34175	1	0.005102
34561	34816	1	0.002625
34561	34192	4	0.010499
34561	34440	4	0.010499
34561	34476	4	0.010499
34561	33867	3	0.007874
34561	34380	4	0.010499
34561	34637	1	0.002625
34561	34320	1	0.002625
34561	34929	1	0.002625
34561	34004	17	0.044619
34561	33877	2	0.005249
34561	34230	1	0.002625
34561	34488	2	0.005249
34561	34553	12	0.031496
34561	34970	2	0.005249
34561	34011	7	0.018373
34562	34816	1	0.013333
34562	33927	4	0.053333
34562	34122	2	0.026667
34562	34444	1	0.013333
34562	34093	1	0.013333
34562	33839	1	0.013333
34562	34320	1	0.013333
34562	34929	1	0.013333
34562	34899	2	0.026667
34562	34488	3	0.040000
34562	34745	1	0.013333
34562	34170	1	0.013333
34562	33903	1	0.013333
34562	34970	1	0.013333
34562	33854	1	0.013333
34563	34816	2	0.024096
34563	34011	5	0.060241
34563	34508	1	0.012048
34563	34685	1	0.012048
34563	34637	1	0.012048
34565	33866	9	0.014516
34565	34611	1	0.001613
34567	34816	2	0.090909
34567	34440	2	0.090909
34567	34473	1	0.045455
34567	34833	2	0.090909
34567	33876	1	0.045455
34567	34011	2	0.090909
34567	33854	1	0.045455
34568	33925	3	1.000000
34568	33854	15	5.000000
34568	34727	3	1.000000
34570	33925	3	1.000000
34570	33854	15	5.000000
34570	34727	3	1.000000
34571	33824	4	0.012579
34571	34816	15	0.047170
34571	34978	1	0.003145
34571	33925	1	0.003145
34571	34375	51	0.160377
34571	34280	1	0.003145
34571	34122	23	0.072327
34571	34303	1	0.003145
34571	34444	1	0.003145
34571	33935	1	0.003145
34571	34440	5	0.015723
34571	34386	4	0.012579
34571	33877	2	0.006289
34571	34745	1	0.003145
34571	34105	26	0.081761
34571	34970	1	0.003145
34571	34011	12	0.037736
34571	33845	2	0.006289
34571	33854	2	0.006289
34571	34405	1	0.003145
34572	33866	604	6.291667
34572	33903	96	1.000000
34572	33838	1	0.010417
34572	34559	96	1.000000
34573	33866	3	0.006682
34574	34657	1	0.003472
34574	34833	1	0.003472
34574	34156	1	0.003472
34574	34093	1	0.003472
34574	33903	1	0.003472
34574	34929	1	0.003472
34574	34034	1	0.003472
34574	34804	1	0.003472
34574	34553	1	0.003472
34574	34745	1	0.003472
34574	33916	1	0.003472
34574	34430	1	0.003472
34576	33866	2	0.016260
34579	34304	1	0.166667
34579	34947	2	0.333333
34579	33925	6	1.000000
34579	34956	4	0.666667
34579	34064	1	0.166667
34579	34961	1	0.166667
34579	34708	2	0.333333
34579	34077	1	0.166667
34579	34466	1	0.166667
34579	34344	1	0.166667
34579	34739	1	0.166667
34579	34101	1	0.166667
34579	34614	1	0.166667
34579	34103	1	0.166667
34579	33720	25	4.166667
34579	33721	1	0.166667
34579	34362	1	0.166667
34579	34492	1	0.166667
34579	33854	24	4.000000
34579	34495	1	0.166667
34579	34377	2	0.333333
34579	33739	1	0.166667
34579	34764	1	0.166667
34579	33874	2	0.333333
34579	34771	6	1.000000
34579	34905	1	0.166667
34579	34015	1	0.166667
34579	33897	1	0.166667
34579	34923	2	0.333333
34579	34924	1	0.166667
34579	33773	1	0.166667
34579	34294	1	0.166667
34579	34039	1	0.166667
34579	33727	1	0.166667
34580	33866	5	0.014837
34580	34430	3	0.008902
34582	34816	10	0.101010
34582	34530	1	0.010101
34582	34011	1	0.010101
34582	34440	1	0.010101
34582	34729	2	0.020202
34582	34795	1	0.010101
34582	34833	1	0.010101
34582	34430	1	0.010101
34582	34121	7	0.070707
34582	34680	1	0.010101
34582	33977	4	0.040404
34582	33786	1	0.010101
34582	33787	1389	14.030303
34582	33854	4	0.040404
34583	33866	2	0.002857
34584	34347	572	15.459459
34584	34516	2	0.054054
34584	34173	1	0.027027
34585	33920	1	0.025000
34585	33824	1	0.025000
34585	33762	1	0.025000
34585	34755	1	0.025000
34585	34375	2	0.050000
34585	34440	1	0.025000
34585	34121	1	0.025000
34585	33869	1	0.025000
34585	34450	1	0.025000
34585	33877	1	0.025000
34585	34136	1	0.025000
34585	33977	1	0.025000
34585	33786	1	0.025000
34585	34011	6	0.150000
34585	34303	1	0.025000
34586	34816	5	0.227273
34586	33925	44	2.000000
34586	34440	2	0.090909
34586	33994	1	0.045455
34586	33867	1	0.045455
34586	33935	1	0.045455
34586	34488	1	0.045455
34586	33811	4	0.181818
34586	34181	1	0.045455
34586	33845	1	0.045455
34586	33720	1	0.045455
34586	33977	56	2.545455
34586	33786	1	0.045455
34586	34011	5	0.227273
34586	34122	1	0.045455
34586	34090	1	0.045455
34586	33854	220	10.000000
34586	33877	1	0.045455
34588	33866	10	0.060241
34589	33866	5	0.008489
34590	34512	1	0.055556
34590	33866	24	1.333333
34590	34804	2	0.111111
34591	34816	206	0.903509
34591	34304	1	0.004386
34591	33794	1	0.004386
34591	33795	1	0.004386
34591	33799	1	0.004386
34591	34312	1	0.004386
34591	34833	1	0.004386
34591	34344	1	0.004386
34591	34868	1	0.004386
34591	33845	3	0.013158
34591	34870	1	0.004386
34591	34362	1	0.004386
34591	33851	1	0.004386
34591	34876	1	0.004386
34591	33854	684	3.000000
34591	34375	8	0.035088
34591	34377	1	0.004386
34591	33866	2	0.008772
34591	34382	1	0.004386
34591	33874	1	0.004386
34591	34899	1	0.004386
34591	34388	1	0.004386
34591	33877	8	0.035088
34591	34903	1	0.004386
34591	33880	1	0.004386
34591	34905	2	0.008772
34591	34397	1	0.004386
34591	33886	1	0.004386
34591	34401	1	0.004386
34591	33891	1	0.004386
34591	34405	1	0.004386
34591	33897	1	0.004386
34591	34923	1	0.004386
34591	34924	1	0.004386
34591	34418	1	0.004386
34591	34426	1	0.004386
34591	33983	1	0.004386
34591	34430	1	0.004386
34591	34947	1	0.004386
34591	33925	1	0.004386
34591	34956	1	0.004386
34591	34961	1	0.004386
34591	33941	1	0.004386
34591	34977	1	0.004386
34591	34466	1	0.004386
34591	34980	2	0.008772
34591	34488	1	0.004386
34591	33977	4	0.017544
34591	34490	1	0.004386
34591	34492	1	0.004386
34591	34495	1	0.004386
34591	33994	1	0.004386
34591	34011	10	0.043860
34591	34525	1	0.004386
34591	34015	1	0.004386
34591	34016	1	0.004386
34591	34530	1	0.004386
34591	34534	1	0.004386
34591	34537	1	0.004386
34591	34542	1	0.004386
34591	34543	1	0.004386
34591	34039	1	0.004386
34591	34558	1	0.004386
34591	34051	1	0.004386
34591	34568	1	0.004386
34591	34570	1	0.004386
34591	34064	1	0.004386
34591	34579	1	0.004386
34591	34068	1	0.004386
34591	34073	2	0.008772
34591	34077	1	0.004386
34591	34090	2	0.008772
34591	34093	1	0.004386
34591	34609	1	0.004386
34591	34098	1	0.004386
34591	34611	2	0.008772
34591	34101	1	0.004386
34591	34614	1	0.004386
34591	34103	1	0.004386
34591	34619	1	0.004386
34591	34626	1	0.004386
34591	34630	1	0.004386
34591	34444	5	0.021930
34591	34122	4	0.017544
34591	34123	1	0.004386
34591	34150	1	0.004386
34591	34663	1	0.004386
34591	34667	1	0.004386
34591	34680	1	0.004386
34591	34173	1	0.004386
34591	34179	1	0.004386
34591	34181	1	0.004386
34591	34703	1	0.004386
34591	34192	4	0.017544
34591	34194	1	0.004386
34591	34708	1	0.004386
34591	34200	1	0.004386
34591	34206	1	0.004386
34591	34725	1	0.004386
34591	34727	3	0.013158
34591	34739	1	0.004386
34591	33719	1	0.004386
34591	33721	1	0.004386
34591	34747	1	0.004386
34591	33727	1	0.004386
34591	33739	1	0.004386
34591	34764	1	0.004386
34591	34978	1	0.004386
34591	34771	1	0.004386
34591	33755	1	0.004386
34591	34898	1	0.004386
34591	34278	1	0.004386
34591	34795	1	0.004386
34591	33773	1	0.004386
34591	33875	1	0.004386
34591	34294	1	0.004386
34591	33787	1	0.004386
34592	34440	2	0.001880
34592	34011	13	0.012218
34594	33866	7	0.034483
34597	33866	4	0.142857
34601	34488	7	0.093333
34601	34899	8300	110.666667
34602	33866	7	0.411765
34602	33988	1	0.058824
34602	33877	1	0.058824
34603	34498	1	0.033333
34603	34702	1	0.033333
34603	34513	1	0.033333
34603	34461	1	0.033333
34603	34270	1	0.033333
34603	34847	1	0.033333
34604	33866	5	0.020243
34604	33996	1	0.004049
34608	33866	1	0.014286
34609	34816	15	1.000000
34610	33891	1	0.001263
34610	33925	2	0.002525
34610	34833	1	0.001263
34610	33866	26	0.032828
34610	33867	1	0.001263
34610	34156	1	0.001263
34610	33903	1	0.001263
34610	34929	7	0.008838
34610	34034	1	0.001263
34610	34611	6	0.007576
34610	33877	2	0.002525
34610	34775	1	0.001263
34610	34745	1	0.001263
34610	33854	12	0.015152
34611	34816	45	0.111940
34611	33794	2	0.004975
34611	33925	2	0.004975
34611	34440	2	0.004975
34611	34263	4	0.009950
34611	33935	6	0.014925
34611	34192	2	0.004975
34611	34833	4	0.009950
34611	34181	1	0.002488
34611	33824	2	0.004975
34611	33755	4	0.009950
34611	34093	4	0.009950
34611	33721	1	0.002488
34611	33720	1	0.002488
34611	33977	3	0.007463
34611	33851	1	0.002488
34611	34748	2	0.004975
34611	34122	3	0.007463
34611	33854	1957	4.868159
34611	33989	2	0.004975
34611	34247	2	0.004975
34611	33866	27	0.067164
34611	33996	1	0.002488
34611	34637	6	0.014925
34611	34488	2	0.004975
34611	33877	5	0.012438
34611	34775	8	0.019900
34611	34011	40	0.099502
34611	34657	4	0.009950
34611	34530	1	0.002488
34611	33787	2	0.004975
34611	34156	4	0.009950
34611	33903	3	0.007463
34611	34745	2	0.004975
34611	34034	3	0.007463
34611	34553	2	0.004975
34611	33786	3	0.007463
34611	34303	1	0.002488
34611	33916	2	0.004975
34611	34430	2	0.004975
34611	34431	1	0.002488
34612	33866	2	0.250000
34614	34304	2	0.250000
34614	34947	2	0.250000
34614	33925	8	1.000000
34614	34956	4	0.500000
34614	34064	1	0.125000
34614	34961	1	0.125000
34614	34579	1	0.125000
34614	34708	4	0.500000
34614	34077	1	0.125000
34614	34466	1	0.125000
34614	34344	1	0.125000
34614	34739	7	0.875000
34614	34101	1	0.125000
34614	34103	1	0.125000
34614	33720	36	4.500000
34614	33721	1	0.125000
34614	34362	1	0.125000
34614	34492	1	0.125000
34614	33854	32	4.000000
34614	33727	1	0.125000
34614	34377	2	0.250000
34614	33739	1	0.125000
34614	34764	1	0.125000
34614	34637	2	0.250000
34614	33874	2	0.250000
34614	34771	6	0.750000
34614	34905	1	0.125000
34614	34015	1	0.125000
34614	33897	1	0.125000
34614	34923	2	0.250000
34614	34924	1	0.125000
34614	33773	5	0.625000
34614	34294	1	0.125000
34614	34039	1	0.125000
34614	34495	1	0.125000
34615	34944	2	0.125000
34615	34865	5	0.312500
34615	34488	2	0.125000
34616	34256	1	0.007353
34616	34440	1	0.007353
34616	34970	1	0.007353
34617	33866	25	0.165563
34617	33877	1	0.006623
34618	34273	3	0.017964
34618	33866	7	0.041916
34619	34816	1	0.004348
34619	33824	2	0.008696
34619	33925	321	1.395652
34619	34727	2	0.008696
34619	34440	1	0.004348
34619	34977	1	0.004348
34619	34122	692	3.008696
34619	34444	2	0.008696
34619	34192	3	0.013043
34619	34090	1	0.004348
34619	33854	913	3.969565
34619	34303	1	0.004348
34621	34011	3	0.073171
34621	34375	3	0.073171
34623	34347	576	15.567568
34623	34516	2	0.054054
34623	34173	1	0.027027
34625	33866	1	0.076923
34625	34367	2	0.153846
34626	34816	10	0.001005
34626	33925	33	0.003317
34626	34440	8	0.000804
34626	34444	2	0.000201
34626	33935	11	0.001106
34626	34192	1	0.000101
34626	34970	411	0.041311
34626	33824	4	0.000402
34626	34978	2	0.000201
34626	34727	65	0.006533
34626	34098	1	0.000101
34626	34611	1	0.000101
34626	34488	266	0.026736
34626	33977	4	0.000402
34626	33851	1	0.000101
34626	34122	30	0.003015
34626	33854	162	0.016283
34626	34247	1	0.000101
34626	33866	22	0.002211
34626	33996	1	0.000101
34626	34637	1	0.000101
34626	33720	1	0.000101
34626	34899	16	0.001608
34626	33877	2	0.000201
34626	34011	570	0.057292
34626	34530	3	0.000302
34626	34413	2	0.000201
34626	34929	47	0.004724
34626	33786	4	0.000402
34626	34430	1	0.000101
34626	34303	11241	1.129862
34627	34505	1	0.006711
34627	34303	1	0.006711
34629	33866	30	1.500000
34630	33925	3	0.125000
34631	33824	3	0.002742
34631	34816	8	0.007313
34631	33787	1	0.000914
34631	34929	1	0.000914
34631	34440	7	0.006399
34631	34375	2	0.001828
34631	34093	1	0.000914
34631	34322	2	0.001828
34631	34637	1	0.000914
34631	34256	1063	0.971664
34631	33809	3	0.002742
34631	33778	260	0.237660
34631	34483	262	0.239488
34631	34488	261	0.238574
34631	34073	1	0.000914
34631	34202	257	0.234918
34631	34011	8	0.007313
34631	33916	2	0.001828
34631	33786	1	0.000914
34631	33854	3	0.002742
34631	34303	12	0.010969
34632	34914	29	0.966667
34632	33833	1	0.033333
34632	34122	1	0.033333
34632	34380	28	0.933333
34632	34414	1	0.033333
34632	33881	28	0.933333
34633	34440	3	0.333333
34636	34833	3	0.006757
34636	33866	12	0.027027
34636	33935	1	0.002252
34637	34816	169	0.108892
34637	33824	1	0.000644
34637	33787	1	0.000644
34637	34555	2	0.001289
34637	34440	4	0.002577
34637	34121	1	0.000644
34637	33866	2	0.001289
34637	34375	1	0.000644
34637	34703	1	0.000644
34637	34192	2	0.001289
34637	34488	1	0.000644
34637	33786	5834	3.759021
34637	34011	20	0.012887
34638	33866	80	1.860465
34638	34787	1	0.023256
34639	34805	1	0.027778
34639	34118	1	0.027778
34640	34816	2	0.019048
34640	33925	2	0.019048
34640	34440	2	0.019048
34640	34320	4	0.038095
34640	34833	2	0.019048
34640	33964	2	0.019048
34640	34093	2	0.019048
34640	34736	2	0.019048
34640	33886	2	0.019048
34640	34745	2	0.019048
34640	34748	2	0.019048
34640	33854	4	0.038095
34640	34375	2	0.019048
34640	34637	2	0.019048
34640	34256	2	0.019048
34640	34899	2	0.019048
34640	34011	4	0.038095
34640	34526	2	0.019048
34640	34940	2	0.019048
34640	33786	2	0.019048
34640	33916	2	0.019048
34640	34430	2	0.019048
34640	34303	2	0.019048
34643	34440	2	0.058824
34643	34011	2	0.058824
34645	34488	8	0.285714
34645	33969	30	1.071429
34647	34970	1	0.016129
34648	33866	4	0.173913
34648	34611	1	0.043478
34648	34430	2	0.086957
34651	33891	1	0.003460
34651	33925	2	0.006920
34651	34833	1	0.003460
34651	33866	9	0.031142
34651	34347	1	0.003460
34651	33789	1	0.003460
34651	34929	1	0.003460
34651	34034	1	0.003460
34651	34933	3	0.010381
34651	34553	1	0.003460
34651	34745	1	0.003460
34651	33916	2	0.006920
34651	34122	2	0.006920
34651	33854	1	0.003460
34652	33866	1	0.005780
34653	34611	2	0.004175
34654	33866	1	0.004739
34654	34929	4	0.018957
34654	34034	1	0.004739
34654	34617	1	0.004739
34654	34745	1	0.004739
34654	34010	1	0.004739
34654	34430	17	0.080569
34654	34303	2	0.009479
34655	33866	1	0.066667
34656	33866	3	0.036585
34657	34816	1	0.001015
34657	34949	1	0.001015
34657	34440	3	0.003046
34657	33952	1	0.001015
34657	33706	1	0.001015
34657	33971	1	0.001015
34657	34745	26	0.026396
34657	34748	1	0.001015
34657	34122	1	0.001015
34657	33854	1	0.001015
34657	34611	26	0.026396
34657	33866	993	1.008122
34657	33867	5	0.005076
34657	34901	1	0.001015
34657	34650	1	0.001015
34657	34011	3	0.003046
34657	34013	1	0.001015
34657	34669	1	0.001015
34657	34414	1	0.001015
34657	34034	26	0.026396
34657	33916	27	0.027411
34657	34430	26	0.026396
34658	34816	3	0.003300
34658	34178	3	0.003300
34658	34440	3	0.003300
34658	34765	2	0.002200
34658	34192	1	0.001100
34658	34011	1	0.001100
34658	34141	1	0.001100
34659	34668	3	0.020000
34659	34390	2	0.013333
34661	34833	1	0.003559
34661	33866	2	0.007117
34661	34611	1	0.003559
34661	34011	1	0.003559
34662	34295	2	0.054054
34663	34816	6	0.085714
34663	33787	3	0.042857
34663	34853	3	0.042857
34663	33830	3	0.042857
34663	34700	3	0.042857
34663	34898	3	0.042857
34663	34011	113	1.614286
34663	34173	3	0.042857
34663	33854	6	0.085714
34663	33925	3	0.042857
34665	33916	1	0.008621
34665	34490	1	0.008621
34665	34171	13	0.112069
34665	34940	1	0.008621
34665	33854	4	0.034483
34666	34465	1	0.032258
34666	34375	1	0.032258
34666	33870	2	0.064516
34666	33903	1	0.032258
34666	34899	2	0.064516
34666	34303	1	0.032258
34667	34816	1	0.022222
34668	34816	6	0.010381
34668	34659	6	0.010381
34668	34375	12	0.020761
34668	34440	12	0.020761
34668	33866	24	0.041522
34668	34637	6	0.010381
34668	34414	6	0.010381
34668	33935	6	0.010381
34668	33877	6	0.010381
34668	34390	13	0.022491
34668	34011	66	0.114187
34668	34090	6	0.010381
34668	33854	6	0.010381
34668	34303	6	0.010381
34669	34657	1	0.058824
34669	33956	1	0.058824
34670	33866	87	0.731092
34672	33904	1	0.041667
34672	34637	1	0.041667
34673	34096	18	1.000000
34675	34256	2	0.007874
34675	33936	1	0.003937
34675	33786	1	0.003937
34675	34637	1	0.003937
34675	33854	1	0.003937
34676	34911	4	0.088889
34676	34007	1	0.022222
34676	34303	5	0.111111
34677	34011	2	0.010417
34678	34250	1	0.005682
34678	34789	1	0.005682
34678	34090	6	0.034091
34678	34736	1	0.005682
34678	33843	1	0.005682
34678	34869	2	0.011364
34678	34200	4	0.022727
34678	34745	1	0.005682
34678	34011	1	0.005682
34678	34716	1	0.005682
34678	33866	2	0.011364
34679	33866	149	2.128571
34679	34256	1	0.014286
34679	34547	1	0.014286
34679	33877	1	0.014286
34679	34200	2	0.028571
34679	34745	1	0.014286
34679	33786	2	0.028571
34679	34011	3	0.042857
34679	34940	1	0.014286
34679	33854	140	2.000000
34680	34090	2	0.050000
34680	34011	1	0.025000
34680	34015	2	0.050000
34682	34256	1	0.004608
34682	34970	1	0.004608
34682	34862	1	0.004608
34682	33854	1	0.004608
34685	34440	7	1.000000
34685	34011	7	1.000000
34686	33866	5	0.033557
34686	34611	1	0.006711
34686	33989	1	0.006711
34686	34011	1	0.006711
34687	33851	2	0.044444
34687	33854	2	0.044444
34687	34011	2	0.044444
34688	34816	3	0.050847
34688	33824	1	0.016949
34688	33735	1	0.016949
34688	34440	4	0.067797
34688	33866	1	0.016949
34688	34763	1	0.016949
34688	34444	2	0.033898
34688	34375	12	0.203390
34688	34430	2	0.033898
34688	34011	1	0.016949
34688	34122	4	0.067797
34688	34890	1	0.016949
34688	33854	3	0.050847
34688	33877	2	0.033898
34689	33730	1	0.047619
34689	34795	1	0.047619
34689	34011	1	0.047619
34689	33855	1	0.047619
34691	34816	8	0.023669
34691	33792	1	0.002959
34691	34818	1	0.002959
34691	34308	1	0.002959
34691	34390	1	0.002959
34691	34817	1	0.002959
34691	34473	1	0.002959
34691	34826	1	0.002959
34691	34316	1	0.002959
34691	34306	1	0.002959
34691	34318	1	0.002959
34691	33807	1	0.002959
34691	33808	1	0.002959
34691	34323	1	0.002959
34691	34324	1	0.002959
34691	34837	1	0.002959
34691	34326	1	0.002959
34691	34839	1	0.002959
34691	33796	1	0.002959
34691	34237	1	0.002959
34691	33820	1	0.002959
34691	33893	1	0.002959
34691	34335	1	0.002959
34691	34848	1	0.002959
34691	34849	1	0.002959
34691	34523	1	0.002959
34691	34851	1	0.002959
34691	34852	1	0.002959
34691	34341	1	0.002959
34691	34854	1	0.002959
34691	34474	1	0.002959
34691	34856	1	0.002959
34691	34858	1	0.002959
34691	34859	1	0.002959
34691	34860	1	0.002959
34691	34653	1	0.002959
34691	34866	1	0.002959
34691	33843	1	0.002959
34691	34356	1	0.002959
34691	34358	1	0.002959
34691	34871	1	0.002959
34691	34360	1	0.002959
34691	34740	1	0.002959
34691	34363	1	0.002959
34691	33852	1	0.002959
34691	33854	1	0.002959
34691	34367	1	0.002959
34691	34880	1	0.002959
34691	34224	1	0.002959
34691	33718	1	0.002959
34691	34886	1	0.002959
34691	34145	1	0.002959
34691	33804	1	0.002959
34691	34890	1	0.002959
34691	33869	1	0.002959
34691	34895	1	0.002959
34691	33998	1	0.002959
34691	34759	1	0.002959
34691	34900	1	0.002959
34691	34902	1	0.002959
34691	33965	1	0.002959
34691	34904	1	0.002959
34691	33881	1	0.002959
34691	34319	1	0.002959
34691	34398	1	0.002959
34691	34399	1	0.002959
34691	34917	1	0.002959
34691	34406	1	0.002959
34691	33901	1	0.002959
34691	33903	1	0.002959
34691	33905	1	0.002959
34691	34930	1	0.002959
34691	34419	1	0.002959
34691	34420	1	0.002959
34691	34424	1	0.002959
34691	33918	1	0.002959
34691	33813	1	0.002959
34691	33920	1	0.002959
34691	34240	1	0.002959
34691	34434	1	0.002959
34691	34155	1	0.002959
34691	34436	1	0.002959
34691	34767	1	0.002959
34691	34951	1	0.002959
34691	34440	2	0.005917
34691	34442	1	0.002959
34691	34583	1	0.002959
34691	34958	1	0.002959
34691	33935	1	0.002959
34691	34450	1	0.002959
34691	34451	1	0.002959
34691	34964	1	0.002959
34691	34944	1	0.002959
34691	34966	1	0.002959
34691	34967	1	0.002959
34691	34969	1	0.002959
34691	34459	1	0.002959
34691	34460	1	0.002959
34691	34461	1	0.002959
34691	33951	1	0.002959
34691	34465	1	0.002959
34691	34467	1	0.002959
34691	33956	1	0.002959
34691	34981	1	0.002959
34691	33959	1	0.002959
34691	34332	1	0.002959
34691	34986	1	0.002959
34691	34475	1	0.002959
34691	33906	1	0.002959
34691	34478	1	0.002959
34691	33973	1	0.002959
34691	34491	1	0.002959
34691	34803	1	0.002959
34691	33801	1	0.002959
34691	34336	1	0.002959
34691	34498	1	0.002959
34691	34763	1	0.002959
34691	33988	1	0.002959
34691	33989	1	0.002959
34691	34506	1	0.002959
34691	34507	1	0.002959
34691	34309	1	0.002959
34691	34850	1	0.002959
34691	34510	1	0.002959
34691	34511	1	0.002959
34691	34512	1	0.002959
34691	34002	1	0.002959
34691	34515	1	0.002959
34691	33866	3	0.008876
34691	34517	1	0.002959
34691	34006	1	0.002959
34691	33815	1	0.002959
34691	34010	1	0.002959
34691	34011	18	0.053254
34691	34014	1	0.002959
34691	33829	1	0.002959
34691	34809	1	0.002959
34691	34024	1	0.002959
34691	34026	1	0.002959
34691	34343	1	0.002959
34691	34028	1	0.002959
34691	34514	1	0.002959
34691	34033	1	0.002959
34691	34035	1	0.002959
34691	34549	1	0.002959
34691	34038	1	0.002959
34691	34041	1	0.002959
34691	34043	1	0.002959
34691	33834	1	0.002959
34691	34048	1	0.002959
34691	34049	1	0.002959
34691	34052	1	0.002959
34691	34565	1	0.002959
34691	34056	1	0.002959
34691	34106	1	0.002959
34691	34263	1	0.002959
34691	34572	1	0.002959
34691	34573	1	0.002959
34691	34574	1	0.002959
34691	34063	1	0.002959
34691	34578	1	0.002959
34691	34580	1	0.002959
34691	34071	1	0.002959
34691	34351	1	0.002959
34691	34588	1	0.002959
34691	34589	1	0.002959
34691	34590	1	0.002959
34691	34082	1	0.002959
34691	34595	1	0.002959
34691	34597	1	0.002959
34691	34113	1	0.002959
34691	33756	1	0.002959
34691	34602	1	0.002959
34691	34091	1	0.002959
34691	34604	1	0.002959
34691	33842	1	0.002959
34691	34781	1	0.002959
34691	34608	1	0.002959
34691	34610	1	0.002959
34691	34612	1	0.002959
34691	34782	1	0.002959
34691	34807	1	0.002959
34691	34617	1	0.002959
34691	34618	1	0.002959
34691	34783	1	0.002959
34691	34620	1	0.002959
34691	34954	1	0.002959
34691	34110	1	0.002959
34691	34111	1	0.002959
34691	34625	1	0.002959
34691	34114	1	0.002959
34691	34115	1	0.002959
34691	34629	1	0.002959
34691	34118	1	0.002959
34691	34594	1	0.002959
34691	33887	1	0.002959
34691	34124	1	0.002959
34691	34637	21	0.062130
34691	34131	1	0.002959
34691	33934	1	0.002959
34691	34646	1	0.002959
34691	34148	1	0.002959
34691	34649	1	0.002959
34691	34267	1	0.002959
34691	34652	1	0.002959
34691	34141	1	0.002959
34691	34654	1	0.002959
34691	33765	1	0.002959
34691	34656	1	0.002959
34691	34657	1	0.002959
34691	34655	1	0.002959
34691	34660	1	0.002959
34691	34154	1	0.002959
34691	34553	1	0.002959
34691	34156	1	0.002959
34691	34157	1	0.002959
34691	34161	1	0.002959
34691	34163	1	0.002959
34691	34076	1	0.002959
34691	33926	1	0.002959
34691	33855	1	0.002959
34691	34172	1	0.002959
34691	34686	1	0.002959
34691	34176	1	0.002959
34691	34997	1	0.002959
34691	34692	1	0.002959
34691	34695	1	0.002959
34691	34184	1	0.002959
34691	34285	1	0.002959
34691	34469	1	0.002959
34691	34709	1	0.002959
34691	34060	1	0.002959
34691	34711	1	0.002959
34691	34712	1	0.002959
34691	34201	1	0.002959
34691	34714	1	0.002959
34691	34715	1	0.002959
34691	34718	1	0.002959
34691	33696	1	0.002959
34691	34209	1	0.002959
34691	34971	1	0.002959
34691	33700	1	0.002959
34691	34374	1	0.002959
34691	34214	1	0.002959
34691	34298	1	0.002959
34691	33704	1	0.002959
34691	34972	1	0.002959
34691	34733	1	0.002959
34691	34973	1	0.002959
34691	34736	1	0.002959
34691	34737	1	0.002959
34691	34078	1	0.002959
34691	34227	1	0.002959
34691	33716	1	0.002959
34691	34742	1	0.002959
34691	33865	1	0.002959
34691	34748	1	0.002959
34691	34378	1	0.002959
34691	34238	1	0.002959
34691	33728	1	0.002959
34691	33730	1	0.002959
34691	34755	1	0.002959
34691	33732	1	0.002959
34691	33735	1	0.002959
34691	34760	1	0.002959
34691	34250	1	0.002959
34691	34295	1	0.002959
34691	34766	1	0.002959
34691	34255	1	0.002959
34691	34768	1	0.002959
34691	34260	1	0.002959
34691	34262	1	0.002959
34691	34775	1	0.002959
34691	34776	1	0.002959
34691	34468	1	0.002959
34691	34266	1	0.002959
34691	33871	1	0.002959
34691	34780	1	0.002959
34691	34269	1	0.002959
34691	34270	1	0.002959
34691	34271	1	0.002959
34691	34787	1	0.002959
34691	34788	1	0.002959
34691	34789	1	0.002959
34691	34790	1	0.002959
34691	34279	1	0.002959
34691	34847	1	0.002959
34691	34281	1	0.002959
34691	34283	1	0.002959
34691	33772	1	0.002959
34691	34797	1	0.002959
34691	34288	1	0.002959
34691	33779	1	0.002959
34691	34804	1	0.002959
34691	34217	1	0.002959
34691	34297	1	0.002959
34691	33786	8	0.023669
34691	34812	1	0.002959
34691	34301	1	0.002959
34691	34814	1	0.002959
34691	33791	1	0.002959
34695	33866	1	0.031250
34697	34816	491	0.113369
34697	34305	1	0.000231
34697	34825	1	0.000231
34697	34315	1	0.000231
34697	33817	1	0.000231
34697	33819	1	0.000231
34697	33824	60	0.013854
34697	33825	1	0.000231
34697	33826	1	0.000231
34697	34861	1	0.000231
34697	33838	1	0.000231
34697	33840	1	0.000231
34697	33841	1	0.000231
34697	34995	1	0.000231
34697	34357	1	0.000231
34697	34874	1	0.000231
34697	33853	1	0.000231
34697	33854	2	0.000462
34697	34881	1	0.000231
34697	33859	1	0.000231
34697	34884	1	0.000231
34697	34375	21540	4.973447
34697	33864	1	0.000231
34697	34384	1	0.000231
34697	34386	1	0.000231
34697	33877	14	0.003233
34697	33878	1	0.000231
34697	34745	1	0.000231
34697	33888	1	0.000231
34697	34915	1	0.000231
34697	34407	1	0.000231
34697	34928	1	0.000231
34697	34933	1	0.000231
34697	34935	1	0.000231
34697	34937	1	0.000231
34697	34943	2	0.000462
34697	34945	1	0.000231
34697	33922	1	0.000231
34697	34949	1	0.000231
34697	34440	1	0.000231
34697	33929	1	0.000231
34697	34448	1	0.000231
34697	33939	1	0.000231
34697	34452	1	0.000231
34697	34329	1	0.000231
34697	33950	1	0.000231
34697	34463	1	0.000231
34697	33952	1	0.000231
34697	33904	1	0.000231
34697	33955	1	0.000231
34697	34982	1	0.000231
34697	34987	1	0.000231
34697	33964	1	0.000231
34697	34481	1	0.000231
34697	34994	1	0.000231
34697	33971	1	0.000231
34697	33977	1	0.000231
34697	33982	1	0.000231
34697	34496	1	0.000231
34697	33987	1	0.000231
34697	34009	1	0.000231
34697	34011	3	0.000693
34697	34524	1	0.000231
34697	34535	1	0.000231
34697	34536	1	0.000231
34697	34540	1	0.000231
34697	34030	1	0.000231
34697	34545	1	0.000231
34697	34036	1	0.000231
34697	34047	1	0.000231
34697	34560	1	0.000231
34697	34562	1	0.000231
34697	34564	1	0.000231
34697	34055	1	0.000231
34697	34571	5	0.001154
34697	34061	1	0.000231
34697	34521	1	0.000231
34697	34587	2	0.000462
34697	34182	1	0.000231
34697	34600	2	0.000462
34697	34102	1	0.000231
34697	34616	1	0.000231
34697	33845	58	0.013392
34697	34631	1	0.000231
34697	34632	1	0.000231
34697	34122	2	0.000462
34697	34127	1	0.000231
34697	34137	1	0.000231
34697	34650	1	0.000231
34697	33850	1	0.000231
34697	34658	1	0.000231
34697	34150	59	0.013623
34697	34669	1	0.000231
34697	33940	1	0.000231
34697	34171	1	0.000231
34697	34690	1	0.000231
34697	34175	1	0.000231
34697	34688	1	0.000231
34697	34178	1	0.000231
34697	34694	1	0.000231
34697	34190	1	0.000231
34697	34202	1	0.000231
34697	34726	1	0.000231
34697	34802	1	0.000231
34697	34233	1	0.000231
34697	33722	1	0.000231
34697	33724	1	0.000231
34697	34239	1	0.000231
34697	34752	1	0.000231
34697	34753	1	0.000231
34697	33733	1	0.000231
34697	34251	1	0.000231
34697	34252	1	0.000231
34697	34765	1	0.000231
34697	33742	2	0.000462
34697	33751	1	0.000231
34697	34785	1	0.000231
34697	34274	1	0.000231
34697	33958	1	0.000231
34697	34792	1	0.000231
34697	34794	1	0.000231
34697	33771	1	0.000231
34697	33778	1	0.000231
34697	33782	1	0.000231
34697	33786	1	0.000231
34699	34501	1	0.021739
34699	34086	1	0.021739
34699	34440	1	0.021739
34699	34794	1	0.021739
34699	34192	1	0.021739
34699	34011	1	0.021739
34699	34174	1	0.021739
34700	34816	5	0.059524
34700	33830	4	0.047619
34700	34663	4	0.047619
34700	34898	4	0.047619
34700	34933	5	0.059524
34700	34073	7	0.083333
34700	34011	25	0.297619
34700	34173	4	0.047619
34700	33854	4	0.047619
34701	34272	369	1.005450
34702	34461	1	0.055556
34703	34816	10	0.031746
34703	34704	1	0.003175
34703	33771	1	0.003175
34703	33925	13	0.041270
34703	34375	2	0.006349
34703	34440	8	0.025397
34703	34122	1	0.003175
34703	33931	5	0.015873
34703	34637	8	0.025397
34703	34830	1	0.003175
34703	33935	2	0.006349
34703	33904	4	0.012698
34703	33877	39	0.123810
34703	34775	1	0.003175
34703	33977	1	0.003175
34703	33786	7	0.022222
34703	34747	1	0.003175
34704	34816	8	0.888889
34704	33854	9	1.000000
34704	34703	2	0.222222
34705	33866	2	0.222222
34708	34304	2	0.285714
34708	34947	2	0.285714
34708	33925	7	1.000000
34708	34956	4	0.571429
34708	34064	1	0.142857
34708	34961	1	0.142857
34708	34579	1	0.142857
34708	34077	1	0.142857
34708	34466	1	0.142857
34708	34344	1	0.142857
34708	34739	6	0.857143
34708	34101	1	0.142857
34708	34614	2	0.285714
34708	34103	1	0.142857
34708	33720	31	4.428571
34708	33721	1	0.142857
34708	34362	1	0.142857
34708	34492	1	0.142857
34708	33854	28	4.000000
34708	33727	1	0.142857
34708	34377	2	0.285714
34708	33739	1	0.142857
34708	34764	1	0.142857
34708	34637	2	0.285714
34708	33874	2	0.285714
34708	34771	6	0.857143
34708	34905	1	0.142857
34708	34015	1	0.142857
34708	33897	1	0.142857
34708	34923	2	0.285714
34708	34924	1	0.142857
34708	33773	2	0.285714
34708	34294	1	0.142857
34708	34039	1	0.142857
34708	34495	1	0.142857
34709	34611	2	0.004843
34709	33866	13	0.031477
34709	33867	2	0.004843
34709	33916	1	0.002421
34709	34011	1	0.002421
34710	33977	154	3.142857
34710	34011	10	0.204082
34710	33925	98	2.000000
34710	33854	490	10.000000
34711	33866	142	0.222571
34711	34347	1	0.001567
34711	34034	1	0.001567
34711	34055	2	0.003135
34712	34011	4	0.571429
34714	33866	4	0.026490
34715	34544	2	0.045455
34715	33866	14	0.318182
34715	34531	3	0.068182
34716	33988	1	0.001650
34716	33866	10	0.016502
34716	34748	6	0.009901
34716	33886	2	0.003300
34718	34688	1	0.026316
34718	34233	1	0.026316
34720	34488	4	0.137931
34720	33892	2	0.068966
34720	34303	1	0.034483
34725	33824	1	0.027778
34725	34729	3	0.083333
34725	33866	2	0.055556
34725	34192	1	0.027778
34725	33845	2	0.055556
34725	33787	1	0.027778
34725	34090	16	0.444444
34725	33854	1	0.027778
34725	33877	3	0.083333
34726	34752	2	0.001401
34726	34727	2	0.001401
34726	34600	2	0.001401
34726	34122	2	0.001401
34726	34535	2	0.001401
34726	34540	2	0.001401
34726	33725	2	0.001401
34726	34970	14	0.009804
34726	34106	1	0.000700
34727	34816	113	0.115424
34727	34563	1	0.001021
34727	33925	981	1.002043
34727	34440	11	0.011236
34727	34570	3	0.003064
34727	34263	1	0.001021
34727	33935	15	0.015322
34727	34192	2	0.002043
34727	34321	37	0.037794
34727	34542	10	0.010215
34727	34320	1	0.001021
34727	34970	11	0.011236
34727	34205	1	0.001021
34727	34334	1	0.001021
34727	34181	1	0.001021
34727	33824	1	0.001021
34727	34470	1	0.001021
34727	33832	2	0.002043
34727	33714	5	0.005107
34727	34488	114	0.116445
34727	34745	2	0.002043
34727	34490	1	0.001021
34727	34747	2	0.002043
34727	34876	4	0.004086
34727	33866	7	0.007150
34727	33854	4253	4.344229
34727	34752	2	0.002043
34727	33987	2	0.002043
34727	33989	2	0.002043
34727	34247	1	0.001021
34727	34122	2	0.002043
34727	33867	1	0.001021
34727	34381	2	0.002043
34727	33742	1	0.001021
34727	34637	4	0.004086
34727	34256	1	0.001021
34727	34899	2	0.002043
34727	33977	66	0.067416
34727	34009	1	0.001021
34727	34011	132	0.134831
34727	34960	1	0.001021
34727	34531	2	0.002043
34727	34404	2	0.002043
34727	34534	2	0.002043
34727	34151	1	0.001021
34727	34795	1	0.001021
34727	34414	2	0.002043
34727	34034	1	0.001021
34727	33786	2	0.002043
34727	33915	1	0.001021
34727	33916	2	0.002043
34727	34303	15	0.015322
34728	34986	1	0.004310
34728	34230	1	0.004310
34728	34303	1	0.004310
34729	33854	3	0.058824
34731	34653	11	0.523810
34732	34787	1	0.032258
34732	34951	1	0.032258
34732	34090	1	0.032258
34732	33935	1	0.032258
34732	34320	1	0.032258
34732	33851	1	0.032258
34732	34899	1	0.032258
34732	34804	1	0.032258
34732	33854	1	0.032258
34732	34011	9	0.290323
34732	34588	1	0.032258
34732	34013	1	0.032258
34732	34462	1	0.032258
34732	33877	1	0.032258
34733	33866	3	0.157895
34736	34250	2	0.001729
34736	33964	1	0.000864
34736	34640	1	0.000864
34736	33809	1	0.000864
34736	34678	1	0.000864
34736	33866	5	0.004322
34737	33866	7	0.120690
34739	34304	3	0.500000
34739	34947	2	0.333333
34739	33925	6	1.000000
34739	34956	4	0.666667
34739	34064	1	0.166667
34739	34961	1	0.166667
34739	34579	1	0.166667
34739	34708	6	1.000000
34739	34077	1	0.166667
34739	34466	1	0.166667
34739	34344	1	0.166667
34739	34101	1	0.166667
34739	34614	3	0.500000
34739	34103	1	0.166667
34739	33720	25	4.166667
34739	33721	1	0.166667
34739	34362	1	0.166667
34739	34492	1	0.166667
34739	33854	24	4.000000
34739	33727	1	0.166667
34739	34377	2	0.333333
34739	33739	1	0.166667
34739	34764	1	0.166667
34739	34637	4	0.666667
34739	33874	2	0.333333
34739	34771	6	1.000000
34739	34905	1	0.166667
34739	34015	1	0.166667
34739	33897	1	0.166667
34739	34923	2	0.333333
34739	34924	1	0.166667
34739	33773	3	0.500000
34739	34294	1	0.166667
34739	34039	1	0.166667
34739	34495	1	0.166667
34740	33866	50	1.111111
34740	34929	1	0.022222
34740	34430	1	0.022222
34740	34745	1	0.022222
34740	33854	1	0.022222
34740	34431	1	0.022222
34741	34874	2	0.006993
34741	34011	1	0.003497
34741	33830	1	0.003497
34741	34695	7	0.024476
34745	34816	3	0.002214
34745	33824	1	0.000738
34745	34530	6	0.004428
34745	33877	1	0.000738
34745	34555	1	0.000738
34745	34571	4	0.002952
34745	34764	1	0.000738
34745	34414	2	0.001476
34745	34192	6	0.004428
34745	34200	1	0.000738
34745	34775	1	0.000738
34745	34611	37	0.027306
34745	34303	2	0.001476
34745	34870	1313	0.969004
34745	34105	24	0.017712
34745	34488	1	0.000738
34745	33977	5	0.003690
34745	34970	3	0.002214
34745	34011	2	0.001476
34745	33854	1	0.000738
34745	34431	59	0.043542
34746	33925	1	0.003086
34746	33866	15	0.046296
34746	34637	1	0.003086
34746	33877	1	0.003086
34746	34775	1	0.003086
34746	33786	1	0.003086
34746	34933	2	0.006173
34747	34303	1	0.007692
34747	33799	1	0.007692
34748	33922	1	0.000342
34748	34315	1	0.000342
34748	34716	1	0.000342
34748	34333	1	0.000342
34748	33964	1	0.000342
34748	34862	1	0.000342
34748	34736	1	0.000342
34748	33843	1	0.000342
34748	34483	1	0.000342
34748	34616	1	0.000342
34748	34611	3	0.001025
34748	34239	1	0.000342
34748	33859	1	0.000342
34748	34995	1	0.000342
34748	33866	5	0.001709
34748	34137	1	0.000342
34748	34141	1	0.000342
34748	34789	1	0.000342
34748	34928	1	0.000342
34748	34802	1	0.000342
34748	34937	1	0.000342
34748	33916	6	0.002051
34749	34816	2	0.035714
34749	33925	112	2.000000
34749	34440	4	0.071429
34749	34121	2	0.035714
34749	34192	4	0.071429
34749	33977	165	2.946429
34749	34011	1	0.017857
34749	33854	560	10.000000
34751	34011	5	0.833333
34751	33854	25	4.166667
34752	34816	1	0.000816
34752	34440	1226	1.000816
34752	34192	1	0.000816
34752	34073	2	0.001633
34752	34726	1	0.000816
34752	34727	8	0.006531
34752	34482	3	0.002449
34752	33977	1	0.000816
34752	34106	1230	1.004082
34752	33854	2	0.001633
34752	33856	1	0.000816
34752	34630	1	0.000816
34752	33994	1	0.000816
34752	33867	1	0.000816
34752	34637	2	0.001633
34752	34381	1	0.000816
34752	34896	1228	1.002449
34752	34899	1	0.000816
34752	33877	4	0.003265
34752	34013	1	0.000816
34752	34526	1229	1.003265
34752	34016	1	0.000816
34752	34795	1	0.000816
34752	34807	1	0.000816
34752	34680	1	0.000816
34752	33916	1	0.000816
34752	34303	3	0.002449
34754	33891	1	0.003185
34754	34833	1	0.003185
34754	33866	15	0.047771
34754	34347	1	0.003185
34754	34093	1	0.003185
34754	34929	2	0.006369
34754	34611	3	0.009554
34754	33854	1	0.003185
34754	34747	3	0.009554
34754	34488	1	0.003185
34754	34746	1	0.003185
34754	34011	7	0.022293
34754	33916	1	0.003185
34754	33786	1	0.003185
34754	34430	1	0.003185
34754	34303	1	0.003185
34755	33866	2	0.222222
34756	34263	4	0.030075
34758	34209	1	0.025000
34759	34531	4	0.000335
34759	34852	1	0.000084
34759	34440	2	0.000167
34759	33866	11	0.000920
34759	34833	4	0.000335
34759	34110	1	0.000084
34759	34303	1	0.000084
34760	34440	1	0.004292
34760	33866	235	1.008584
34761	33925	8	0.051613
34761	34280	9	0.058065
34761	34090	4	0.025806
34761	34637	1	0.006452
34761	34869	3	0.019355
34761	33977	1	0.006452
34761	33786	1	0.006452
34761	34011	160	1.032258
34761	33854	770	4.967742
34762	34816	1	0.052632
34762	34440	1	0.052632
34762	34637	1	0.052632
34762	34430	2	0.105263
34762	33786	1	0.052632
34762	34011	4	0.210526
34762	33854	1	0.052632
34762	34303	1	0.052632
34764	34304	1	0.166667
34764	34947	2	0.333333
34764	33925	6	1.000000
34764	34956	4	0.666667
34764	34064	1	0.166667
34764	34961	1	0.166667
34764	34579	1	0.166667
34764	34708	2	0.333333
34764	34077	1	0.166667
34764	34466	1	0.166667
34764	34344	1	0.166667
34764	34739	1	0.166667
34764	34101	1	0.166667
34764	34614	1	0.166667
34764	34103	1	0.166667
34764	33720	27	4.500000
34764	33721	1	0.166667
34764	34362	1	0.166667
34764	34492	1	0.166667
34764	33854	24	4.000000
34764	34495	1	0.166667
34764	34377	2	0.333333
34764	33739	1	0.166667
34764	33874	2	0.333333
34764	34771	6	1.000000
34764	34905	1	0.166667
34764	34015	1	0.166667
34764	33897	1	0.166667
34764	34923	2	0.333333
34764	34924	1	0.166667
34764	33773	1	0.166667
34764	34294	1	0.166667
34764	34039	1	0.166667
34764	33727	1	0.166667
34765	33824	25	0.045208
34765	34816	6	0.010850
34765	34658	3	0.005425
34765	34539	1	0.001808
34765	34727	1	0.001808
34765	34440	1	0.001808
34765	34375	1	0.001808
34765	34631	2	0.003617
34765	34637	1	0.001808
34765	34190	1	0.001808
34765	33787	1	0.001808
34765	34192	2	0.003617
34765	34483	1	0.001808
34765	34073	17	0.030741
34765	34202	2	0.003617
34765	34011	3	0.005425
34765	33786	1	0.001808
34765	34975	1	0.001808
34766	33866	2	0.166667
34766	33731	2	0.166667
34768	34848	1	0.003115
34768	33891	1	0.003115
34768	34630	1	0.003115
34768	33905	1	0.003115
34768	34320	1	0.003115
34768	34833	2	0.006231
34768	34915	1	0.003115
34768	34611	1	0.003115
34768	34745	2	0.006231
34768	33755	1	0.003115
34768	33916	1	0.003115
34768	34430	1	0.003115
34768	33887	1	0.003115
34770	34899	50	0.925926
34770	34262	1	0.018519
34771	34304	1	0.125000
34771	34947	2	0.250000
34771	33925	8	1.000000
34771	34956	4	0.500000
34771	34064	1	0.125000
34771	34961	1	0.125000
34771	34579	1	0.125000
34771	34708	2	0.250000
34771	34077	1	0.125000
34771	34466	1	0.125000
34771	34344	1	0.125000
34771	34739	1	0.125000
34771	34101	1	0.125000
34771	34614	1	0.125000
34771	34103	1	0.125000
34771	33720	33	4.125000
34771	33721	1	0.125000
34771	34362	1	0.125000
34771	34492	1	0.125000
34771	33854	32	4.000000
34771	33727	1	0.125000
34771	34377	2	0.250000
34771	33739	1	0.125000
34771	34764	1	0.125000
34771	33874	2	0.250000
34771	34905	1	0.125000
34771	34011	4	0.500000
34771	34015	1	0.125000
34771	33897	1	0.125000
34771	34923	2	0.250000
34771	34924	1	0.125000
34771	33773	1	0.125000
34771	34294	1	0.125000
34771	34039	1	0.125000
34771	34495	1	0.125000
34772	34347	573	15.486486
34772	34516	2	0.054054
34772	34173	1	0.027027
34774	34816	2	0.037037
34774	34375	1	0.018519
34774	34728	56	1.037037
34774	34986	2	0.037037
34774	34512	2	0.037037
34774	33877	1	0.018519
34774	34011	5	0.092593
34774	34013	1	0.018519
34775	34816	4	0.003012
34775	33794	2	0.001506
34775	34440	2	0.001506
34775	34444	1	0.000753
34775	34320	1	0.000753
34775	34833	10	0.007530
34775	33812	1	0.000753
34775	34200	2	0.001506
34775	33755	2	0.001506
34775	34611	29	0.021837
34775	34745	1	0.000753
34775	34739	2	0.001506
34775	33854	1	0.000753
34775	33989	2	0.001506
34775	34375	1	0.000753
34775	34700	1	0.000753
34775	33866	4	0.003012
34775	34764	9	0.006777
34775	34637	1	0.000753
34775	33877	2	0.001506
34775	33977	1	0.000753
34775	34011	6	0.004518
34775	34122	1	0.000753
34775	33886	2	0.001506
34775	33891	7	0.005271
34775	34156	1	0.000753
34775	33903	2	0.001506
34775	34929	1	0.000753
34775	34034	12	0.009036
34775	34933	1	0.000753
34775	33786	1	0.000753
34775	33789	2	0.001506
34775	34430	3	0.002259
34776	34520	1	0.007092
34776	33704	1	0.007092
34776	33906	1	0.007092
34776	34010	1	0.007092
34777	34440	2	0.027397
34777	34816	1	0.013699
34777	34011	3	0.041096
34777	33853	1	0.013699
34777	34073	2	0.027397
34778	34303	1	0.014493
34780	33866	1	1.000000
34783	33866	1	0.024390
34785	34816	2	0.004338
34785	34122	2	0.004338
34785	34899	2	0.004338
34785	34414	2	0.004338
34785	33854	4	0.008677
34788	33866	79	0.887640
34790	33866	8	0.012140
34790	34699	1	0.001517
34792	34544	1	0.003378
34792	34727	2	0.006757
34792	34440	4	0.013514
34792	34375	1	0.003378
34792	34444	2	0.006757
34792	34637	1	0.003378
34792	34864	2	0.006757
34792	33786	1	0.003378
34792	33854	1	0.003378
34793	33866	21	0.037838
34793	34691	8	0.014414
34793	34090	1	0.001802
34793	34869	1	0.001802
34794	33824	2	0.002004
34794	34405	1	0.001002
34794	34637	1	0.001002
34794	33935	12	0.012024
34794	34899	1	0.001002
34794	34230	7	0.007014
34794	34073	2	0.002004
34794	33786	2	0.002004
34794	34011	8	0.008016
34794	33854	957	0.958918
34795	34816	2	0.047619
34795	34531	1	0.023810
34795	33866	3	0.071429
34795	34540	1	0.023810
34795	33904	1	0.023810
34795	33714	1	0.023810
34795	33854	83	1.976190
34795	34490	1	0.023810
34795	33755	1	0.023810
34795	34526	1	0.023810
34795	34677	1	0.023810
34796	34592	2	0.000562
34796	34657	2	0.000562
34796	33916	1	0.000281
34796	33866	3025	0.850436
34796	33867	1	0.000281
34796	33935	2	0.000562
34796	34833	1	0.000281
34796	34611	3	0.000843
34796	34263	3	0.000843
34796	34748	1	0.000281
34796	34122	2	0.000562
34796	34430	2	0.000562
34799	34440	6	0.009419
34799	34657	12	0.018838
34799	34011	6	0.009419
34799	34940	6	0.009419
34799	34949	6	0.009419
34800	34588	3	0.014085
34803	34611	1	0.029412
34804	33856	3	0.000158
34804	34691	3	0.000158
34804	34440	3	0.000158
34804	34764	3	0.000158
34804	33866	66	0.003481
34804	34347	5	0.000264
34804	34444	3	0.000158
34804	34798	6	0.000316
34804	34929	4	0.000211
34804	34611	15	0.000791
34804	34115	4	0.000211
34804	33897	2	0.000105
34804	34745	3	0.000158
34804	34531	7	0.000369
34804	34553	6	0.000316
34804	34011	7	0.000369
34804	34588	4	0.000211
34804	33982	2	0.000105
34804	34732	2	0.000105
34807	33866	41	0.315385
34807	34061	4	0.030769
34807	34303	1	0.007692
34810	34347	576	15.567568
34810	34516	2	0.054054
34810	34173	1	0.027027
34811	34816	2	0.020408
34811	33925	1	0.010204
34811	34440	7	0.071429
34811	33787	1	0.010204
34811	34320	3	0.030612
34811	33813	1	0.010204
34811	33903	6	0.061224
34811	34181	2	0.020408
34811	33824	1	0.010204
34811	33755	1	0.010204
34811	33830	1	0.010204
34811	34034	1	0.010204
34811	33840	3	0.030612
34811	33714	3	0.030612
34811	34611	1	0.010204
34811	33848	4	0.040816
34811	34745	3	0.030612
34811	33850	3	0.030612
34811	33866	8	0.081633
34811	33854	1	0.010204
34811	34626	1	0.010204
34811	34375	5	0.051020
34811	34122	3	0.030612
34811	34637	1	0.010204
34811	34766	1	0.010204
34811	34256	2	0.020408
34811	34488	1	0.010204
34811	34899	1	0.010204
34811	33877	2	0.020408
34811	34011	38	0.387755
34811	34652	1	0.010204
34811	34398	1	0.010204
34811	34531	6	0.061224
34811	34788	1	0.010204
34811	34414	1	0.010204
34811	34927	1	0.010204
34811	34929	1	0.010204
34811	34418	1	0.010204
34811	34163	1	0.010204
34811	33786	4	0.040816
34811	34043	1	0.010204
34811	33916	1	0.010204
34811	34303	6	0.061224
34814	34816	2	0.010929
34814	34380	3	0.016393
34814	33877	1	0.005464
34815	34691	1	0.076923
