Src	Trg	LinkCount	RelLinkCount
38912	38560	1	0.002415
38912	38017	1	0.002415
38912	38402	6	0.014493
38912	38342	4	0.009662
38912	37478	1	0.002415
38912	38727	3	0.007246
38912	38634	21	0.050725
38912	37708	1	0.002415
38912	38286	8	0.019324
38912	38577	3	0.007246
38912	37650	6	0.014493
38912	38775	5	0.012077
38912	38042	1	0.002415
38912	39003	4	0.009662
38912	39199	1	0.002415
38913	38577	28	1.120000
38913	38634	53	2.120000
38913	39003	2	0.080000
38913	38727	1	0.040000
38914	38577	1	0.007634
38914	38634	2	0.015267
38914	39003	3	0.022901
38914	39037	112	0.854962
38914	39199	1	0.007634
38916	38560	5	0.029412
38916	38634	5	0.029412
38916	37708	3	0.017647
38916	37650	3	0.017647
38916	38042	2	0.011765
38916	39003	1	0.005882
38916	39070	4	0.023529
38916	39199	1	0.005882
38917	38993	49	1.884615
38917	38634	4	0.153846
38918	37632	3	0.200000
38918	38100	3	0.200000
38919	38560	1	0.010204
38919	39003	1	0.010204
38919	38634	2	0.020408
38919	38731	1	0.010204
38919	37807	1	0.010204
38919	38042	1	0.010204
38919	37915	5	0.051020
38919	37438	5	0.051020
38920	38560	1	0.012658
38920	38698	3	0.037975
38920	38798	3	0.037975
38920	39215	1	0.012658
38922	38634	16	0.084656
38923	38042	1	0.029412
38924	37504	1236	0.863128
38924	38661	1236	0.863128
38924	38415	1237	0.863827
38924	39056	1	0.000698
38924	37650	1	0.000698
38924	39108	1236	0.863128
38924	39196	21	0.014665
38924	38560	1	0.000698
38924	37681	1237	0.863827
38924	38321	1237	0.863827
38924	38070	1237	0.863827
38924	38586	1237	0.863827
38924	38075	1237	0.863827
38924	38973	1237	0.863827
38924	37571	1236	0.863128
38924	37828	1237	0.863827
38924	38470	1236	0.863128
38924	38361	1237	0.863827
38924	38587	1237	0.863827
38924	37478	1	0.000698
38924	37610	1237	0.863827
38924	38333	1	0.000698
38924	37622	1237	0.863827
38924	38395	1237	0.863827
38924	38634	3707	2.588687
38925	38438	1	0.008264
38925	38634	28	0.231405
38925	38898	1	0.008264
38925	38742	1	0.008264
38925	39192	1	0.008264
38925	37723	1	0.008264
38927	38330	40	0.975610
38927	38099	40	0.975610
38927	39215	44	1.073171
38930	38568	128	1.066667
38930	38560	2	0.016667
38930	39199	1	0.008333
38931	38560	7	0.013035
38931	39047	4	0.007449
38931	38634	2	0.003724
38931	37708	10	0.018622
38931	37650	4	0.007449
38931	38775	4	0.007449
38931	38394	592	1.102421
38931	39003	9	0.016760
38931	38042	1	0.001862
38935	38560	2	0.034483
38935	38797	3	0.051724
38935	37870	1	0.017241
38935	38577	1	0.017241
38935	39058	2	0.034483
38935	38775	1	0.017241
38935	38552	1	0.017241
38935	37723	1	0.017241
38936	38634	2	0.052632
38937	38800	5	0.039062
38937	38634	2	0.015625
38937	38230	2	0.015625
38937	38766	18	0.140625
38937	37650	1	0.007812
38938	38560	2	0.002205
38938	37956	2	0.002205
38938	37708	1	0.001103
38938	38634	2	0.002205
38938	37996	5	0.005513
38938	38577	4	0.004410
38938	37650	4	0.004410
38938	38042	3	0.003308
38938	37755	1	0.001103
38938	37642	1	0.001103
38939	37723	11	0.916667
38940	38560	1	0.008264
38940	38696	1	0.008264
38940	38634	2	0.016529
38940	37395	3	0.024793
38940	37650	1	0.008264
38940	39187	3	0.024793
38940	38742	1	0.008264
38940	39199	2	0.016529
38944	38634	1	0.009009
38944	38454	4	0.036036
38945	38634	2	0.285714
38946	37586	2	0.054054
38947	39199	1	0.010204
38947	37650	88	0.897959
38947	39003	1	0.010204
38947	38954	2	0.020408
38947	37663	1	0.010204
38950	37693	14	2.000000
38950	38558	14	2.000000
38950	37549	14	2.000000
38951	38560	22	0.159420
38951	38577	2	0.014493
38951	38634	4	0.028986
38951	39185	41	0.297101
38951	37493	2	0.014493
38951	38552	3	0.021739
38951	38909	22	0.159420
38952	38560	1	0.003040
38952	37478	5	0.015198
38952	38631	1	0.003040
38952	38634	6	0.018237
38952	38775	1	0.003040
38952	38552	1	0.003040
38952	37723	12	0.036474
38953	38560	18	0.033457
38953	37892	2	0.003717
38953	37478	1	0.001859
38953	38634	550	1.022305
38953	37870	31	0.057621
38953	38577	4	0.007435
38953	37650	10	0.018587
38953	38254	1058	1.966543
38953	38042	26	0.048327
38953	39003	2	0.003717
38953	39199	535	0.994424
38954	38947	46	2.000000
38954	38308	1	0.043478
38955	38560	1	0.045455
38955	38634	1	0.045455
38955	37775	1	0.045455
38955	37650	1	0.045455
38955	38552	1	0.045455
38955	38042	1	0.045455
38955	39199	1	0.045455
38956	37775	1	0.033333
38957	38727	1	0.009434
38957	38634	1	0.009434
38957	38766	11	0.103774
38957	38223	1	0.009434
38957	38323	3	0.028302
38957	37370	1	0.009434
38957	37755	1	0.009434
38957	37597	1	0.009434
38958	38034	1	0.041667
38959	38952	77	1.026667
38960	37688	2	0.030303
38960	37723	8	0.121212
38961	38560	2	0.090909
38961	38278	1	0.045455
38961	38438	1	0.045455
38961	38727	1	0.045455
38961	38634	1	0.045455
38961	39271	1	0.045455
38961	37837	1	0.045455
38961	38013	1	0.045455
38962	37363	2	0.076923
38962	37765	2	0.076923
38963	38634	2	0.002191
38963	39003	1	0.001095
38963	38042	4	0.004381
38963	38774	19	0.020811
38963	39199	1	0.001095
38968	37723	98	0.544444
38969	38560	1	0.058824
38969	37650	1	0.058824
38969	38196	3	0.176471
38969	38634	1	0.058824
38970	38560	2	0.004728
38970	37956	2	0.004728
38970	38634	4	0.009456
38970	37708	2	0.004728
38970	37870	4	0.009456
38970	38767	2	0.004728
38970	39199	2	0.004728
38971	38955	2	1.000000
38973	38560	5	0.040000
38973	38924	17	0.136000
38973	38634	2	0.016000
38973	38284	210	1.680000
38973	37650	4	0.032000
38973	39003	1	0.008000
38973	38079	3	0.024000
38976	37642	1	0.001439
38976	37723	7	0.010072
38976	38634	3	0.004317
38976	38075	226	0.325180
38977	38634	1	0.111111
38978	38634	2	0.054054
38978	37755	7	0.189189
38978	37650	5	0.135135
38978	38614	2	0.054054
38978	38613	4	0.108108
38979	38528	1	0.001689
38979	38912	1	0.001689
38979	38659	1	0.001689
38979	37509	1	0.001689
38979	37642	1	0.001689
38979	38412	1	0.001689
38979	37775	2	0.003378
38979	38544	1	0.001689
38979	38680	1	0.001689
38979	37650	14	0.023649
38979	37870	1	0.001689
38979	38038	1	0.001689
38979	38039	1	0.001689
38979	38168	1	0.001689
38979	39065	1	0.001689
38979	38042	1	0.001689
38979	39070	1	0.001689
38979	39199	3	0.005068
38979	37922	1	0.001689
38979	38179	1	0.001689
38979	37925	1	0.001689
38979	38062	1	0.001689
38979	38959	1	0.001689
38979	37813	1	0.001689
38979	37688	2	0.003378
38979	38587	1	0.001689
38979	37826	1	0.001689
38979	39108	3	0.005068
38979	37958	3	0.005068
38979	39040	1	0.001689
38979	38050	1	0.001689
38979	38737	1	0.001689
38979	38869	1	0.001689
38979	38870	1	0.001689
38979	38875	1	0.001689
38979	37863	1	0.001689
38979	37736	3	0.005068
38979	38889	1	0.001689
38979	38634	1283	2.167230
38979	37483	1	0.001689
38979	38764	1	0.001689
38979	38766	1	0.001689
38979	38387	1	0.001689
38979	37622	1	0.001689
38979	38647	2	0.003378
38979	37753	1	0.001689
38979	37755	1	0.001689
38980	39224	3	0.003330
38980	37753	8	0.008879
38980	37723	3	0.003330
38980	38727	3	0.003330
38983	38634	21	0.046771
38983	37723	18	0.040089
38983	37956	2	0.004454
38984	37609	1	0.047619
38986	37723	40	0.014881
38988	37723	1	0.200000
38988	37509	2	0.400000
38988	37526	2	0.400000
38988	38335	7	1.400000
38991	38560	3	0.014493
38991	37755	23	0.111111
38991	39047	2	0.009662
38991	38634	4	0.019324
38991	38190	2	0.009662
38991	37650	2	0.009662
38991	38042	1	0.004831
38991	39003	1	0.004831
38991	37757	1	0.004831
38991	39199	2	0.009662
38992	38634	3	1.000000
38993	38634	9	0.132353
38993	37723	4	0.058824
38993	37468	8	0.117647
38993	38042	4	0.058824
38994	38912	1	0.017544
38994	38286	1	0.017544
38995	38577	1	0.018182
38995	37650	5	0.090909
38995	37915	2	0.036364
38995	38634	4	0.072727
38995	38042	2	0.036364
38996	38560	1	0.038462
38996	38634	157	6.038462
38997	38539	4	0.001122
38997	38028	4	0.001122
38997	37779	4	0.001122
38997	38166	4	0.001122
38997	38935	4	0.001122
38997	37529	4	0.001122
38997	37532	4	0.001122
38997	37535	4	0.001122
38997	37669	4	0.001122
38997	37674	4	0.001122
38997	38956	4	0.001122
38997	38062	4	0.001122
38997	39087	4	0.001122
38997	38067	4	0.001122
38997	38710	4	0.001122
38997	38332	4	0.001122
38997	37958	4	0.001122
38997	37709	4	0.001122
38997	38223	1	0.000280
38997	37712	4	0.001122
38997	37459	3261	0.914470
38997	38106	3261	0.914470
38997	37725	4	0.001122
38997	38750	4	0.001122
38997	38181	4	0.001122
38997	38627	4	0.001122
38997	38759	4	0.001122
38997	38254	4	0.001122
38997	37618	4	0.001122
38998	38560	1	0.083333
38998	39215	1	0.083333
38998	37915	1	0.083333
38998	37735	8	0.666667
39001	38560	5	0.011848
39001	38912	4	0.009479
39001	38634	5	0.011848
39001	38286	1	0.002370
39001	37650	2	0.004739
39001	37977	1	0.002370
39001	39003	1	0.002370
39001	39199	1	0.002370
39003	38560	1	0.005814
39003	38577	5	0.029070
39003	38634	4373	25.424419
39003	37708	2	0.011628
39003	37650	1	0.005814
39004	37688	1	0.021739
39004	38042	1	0.021739
39004	39038	1	0.021739
39004	39199	4	0.086957
39006	38985	6	0.162162
39006	37723	34	0.918919
39006	37915	1	0.027027
39010	38560	2	0.023810
39010	38577	2	0.023810
39010	38634	2	0.023810
39010	37708	1	0.011905
39010	39175	2	0.023810
39011	37723	3	0.150000
39012	37723	16	0.152381
39012	37478	2	0.019048
39012	38634	5	0.047619
39012	38795	3	0.028571
39012	37786	2	0.019048
39012	37915	1	0.009524
39012	38042	1	0.009524
39013	38912	4	0.032787
39013	38560	8	0.065574
39013	38305	2	0.016393
39013	38634	11	0.090164
39013	38286	4	0.032787
39013	38577	4	0.032787
39013	38042	1	0.008197
39013	39199	1	0.008197
39014	38634	26	0.005515
39014	37723	26	0.005515
39015	38042	5	0.057471
39015	39003	1	0.011494
39015	38634	1	0.011494
39015	37650	2	0.022989
39019	39106	1	0.090909
39019	38914	4	0.363636
39019	39037	6	0.545455
39021	38433	4	0.086957
39021	38149	4	0.086957
39021	37638	4	0.086957
39021	39017	4	0.086957
39021	38634	42	0.913043
39021	38834	4	0.086957
39021	37491	1	0.021739
39021	37723	44	0.956522
39022	37793	62	1.127273
39022	37650	1	0.018182
39022	37747	62	1.127273
39022	37708	1	0.018182
39022	38774	1	0.018182
39024	39048	1	0.028571
39024	37650	2	0.057143
39024	38438	3	0.085714
39025	38912	2	0.002268
39025	38402	2	0.002268
39025	37478	3	0.003401
39025	37609	2	0.002268
39025	38634	9	0.010204
39025	38286	2	0.002268
39025	39187	1	0.001134
39025	38510	2	0.002268
39025	38552	3	0.003401
39025	38042	1	0.001134
39025	37723	51	0.057823
39026	39199	1	0.040000
39026	37728	1	0.040000
39026	39003	1	0.040000
39026	37831	25	1.000000
39030	37414	1	0.014706
39030	39175	1	0.014706
39030	38098	1	0.014706
39030	38196	1	0.014706
39030	39036	1	0.014706
39030	37885	6	0.088235
39030	38111	1	0.014706
39031	38560	2	0.016807
39031	37642	1	0.008403
39031	37708	1	0.008403
39031	37907	1	0.008403
39031	38774	3	0.025210
39031	38174	1	0.008403
39032	38042	1	0.058824
39032	38525	2	0.117647
39032	38766	2	0.117647
39033	38560	2	0.007018
39033	38634	5	0.017544
39033	38766	6	0.021053
39033	38577	3	0.010526
39033	37650	4	0.014035
39033	38067	6	0.021053
39033	38158	1	0.003509
39033	39003	10	0.035088
39033	39199	7	0.024561
39034	38560	2	0.042553
39034	38727	1	0.021277
39034	38634	3	0.063830
39034	38698	3	0.063830
39034	38576	1	0.021277
39034	37650	1	0.021277
39034	38870	3	0.063830
39034	38552	3	0.063830
39034	38105	1	0.021277
39034	37885	2	0.042553
39035	37723	4	0.032520
39036	38634	2	0.100000
39036	37723	5	0.250000
39037	38560	3	0.008427
39037	38914	346	0.971910
39037	37478	1	0.002809
39037	38634	8	0.022472
39037	37493	2	0.005618
39037	38042	2	0.005618
39037	37723	8	0.022472
39038	38272	2	0.000725
39038	38656	2	0.000725
39038	39044	1	0.000363
39038	38153	1	0.000363
39038	37642	1	0.000363
39038	38356	1	0.000363
39038	38286	1	0.000363
39038	38619	2	0.000725
39038	37650	17	0.006166
39038	37395	1	0.000363
39038	38805	1	0.000363
39038	38552	42	0.015234
39038	38041	1	0.000363
39038	38042	13	0.004715
39038	38939	1	0.000363
39038	39069	2	0.000725
39038	39198	1	0.000363
39038	38560	25	0.009068
39038	37922	1	0.000363
39038	37723	14	0.005078
39038	37540	5	0.001814
39038	37413	1	0.000363
39038	39089	1	0.000363
39038	38705	1	0.000363
39038	39004	2	0.000725
39038	38058	1	0.000363
39038	37548	2	0.000725
39038	38830	1	0.000363
39038	38301	1	0.000363
39038	38577	1	0.000363
39038	38775	1	0.000363
39038	37685	1	0.000363
39038	37686	4	0.001451
39038	37688	2983	1.081973
39038	37434	2	0.000725
39038	38076	1	0.000363
39038	38333	2	0.000725
39038	38720	3	0.001088
39038	39072	1	0.000363
39038	38722	2	0.000725
39038	38912	1	0.000363
39038	38217	2	0.000725
39038	38218	3	0.001088
39038	38859	1	0.000363
39038	37452	2	0.000725
39038	38370	1	0.000363
39038	37582	2	0.000725
39038	37753	1	0.000363
39038	39224	1	0.000363
39038	37971	4	0.001451
39038	37972	3	0.001088
39038	38742	24	0.008705
39038	38487	1	0.000363
39038	37977	683	0.247733
39038	37595	1	0.000363
39038	38620	3	0.001088
39038	38623	4	0.001451
39038	38844	1	0.000363
39038	38881	2	0.000725
39038	37858	2	0.000725
39038	38118	3	0.001088
39038	37478	32	0.011607
39038	38342	12	0.004353
39038	37608	1	0.000363
39038	38633	1	0.000363
39038	38634	67	0.024302
39038	38125	1	0.000363
39038	39124	1	0.000363
39038	37615	1	0.000363
39038	39003	12	0.004353
39038	38007	1	0.000363
39038	38008	1	0.000363
39038	38649	1	0.000363
39038	38570	1	0.000363
39038	38398	1	0.000363
39040	38534	1	0.025641
39040	38727	1	0.025641
39040	38634	1	0.025641
39040	38348	1	0.025641
39040	38126	1	0.025641
39040	38812	1	0.025641
39040	38751	1	0.025641
39042	39070	2	0.400000
39044	37688	6	0.082192
39044	38577	2	0.027397
39044	38634	3	0.041096
39044	39038	30	0.410959
39044	39199	4	0.054795
39045	37504	1	0.012987
39045	39042	1	0.012987
39045	38787	1	0.012987
39045	37764	1	0.012987
39045	38661	1	0.012987
39045	37766	1	0.012987
39045	39179	1	0.012987
39045	37902	1	0.012987
39045	37650	2	0.025974
39045	38163	1	0.012987
39045	38165	1	0.012987
39045	38178	1	0.012987
39045	37681	1	0.012987
39045	38702	1	0.012987
39045	38321	1	0.012987
39045	37940	1	0.012987
39045	38070	1	0.012987
39045	38587	1	0.012987
39045	37823	1	0.012987
39045	39235	1	0.012987
39045	39108	1	0.012987
39045	39239	1	0.012987
39045	38346	1	0.012987
39045	39118	1	0.012987
39045	38867	1	0.012987
39045	37425	1	0.012987
39045	39256	1	0.012987
39045	37553	1	0.012987
39045	38110	1	0.012987
39045	38239	1	0.012987
39045	37860	1	0.012987
39045	37737	1	0.012987
39045	38634	1252	16.259740
39045	37739	1	0.012987
39045	38642	1	0.012987
39045	38643	1	0.012987
39045	37622	1	0.012987
39045	38777	1	0.012987
39045	39166	1	0.012987
39046	38560	8	0.075472
39046	38634	5	0.047170
39046	37723	6	0.056604
39047	38149	1	0.000742
39047	37642	3	0.002226
39047	37388	1	0.000742
39047	37650	13	0.009644
39047	38766	1	0.000742
39047	38552	2	0.001484
39047	38042	12	0.008902
39047	39199	1	0.000742
39047	38560	1	0.000742
39047	38438	1	0.000742
39047	38577	1	0.000742
39047	37688	1	0.000742
39047	38335	2	0.001484
39047	37957	1	0.000742
39047	38727	3	0.002226
39047	37708	6	0.004451
39047	38223	2	0.001484
39047	37723	10	0.007418
39047	37478	2	0.001484
39047	38634	10543	7.821217
39047	37870	1	0.000742
39047	38775	1	0.000742
39047	37753	1	0.000742
39047	37755	1	0.000742
39048	39024	13	0.333333
39048	38438	39	1.000000
39048	38543	1	0.025641
39049	37949	1	0.011494
39050	38560	1	0.002558
39050	38634	1	0.002558
39050	38766	19	0.048593
39050	38800	3	0.007673
39050	38042	2	0.005115
39050	39199	2	0.005115
39056	38560	1	0.018868
39056	37714	58	1.094340
39056	37707	24	0.452830
39056	37757	54	1.018868
39056	39199	1	0.018868
39058	38634	1	0.028571
39058	37870	3	0.085714
39060	38864	192	1.170732
39060	38761	96	0.585366
39060	38469	96	0.585366
39063	38560	10	0.014535
39063	38577	2	0.002907
39063	38634	2	0.002907
39063	38078	582	0.845930
39063	39047	2	0.002907
39064	37478	1	0.000820
39064	37642	3	0.002461
39064	37870	759	0.622642
39064	39087	7	0.005742
39064	38577	4	0.003281
39064	37428	1	0.000820
39064	38742	1	0.000820
39064	38552	1	0.000820
39064	38042	2	0.001641
39064	37723	759	0.622642
39064	38634	4	0.003281
39065	37952	2	0.002090
39065	38177	9	0.009404
39065	37957	1	0.001045
39065	38634	38	0.039707
39065	37708	1	0.001045
39065	37650	1	0.001045
39065	38042	24	0.025078
39065	37642	954	0.996865
39065	39199	4	0.004180
39067	38634	22	0.431373
39067	37723	2	0.039216
39069	38560	9	0.145161
39069	38085	1	0.016129
39069	38577	2	0.032258
39069	37688	10	0.161290
39069	38042	1	0.016129
39069	37723	1	0.016129
39069	38076	3	0.048387
39069	37758	3	0.048387
39070	39168	1	0.000779
39070	39042	1	0.000779
39070	38916	1	0.000779
39070	37766	1112	0.866044
39070	39047	10	0.007788
39070	37769	1	0.000779
39070	37642	15	0.011682
39070	38795	1	0.000779
39070	38924	3	0.002336
39070	38121	1	0.000779
39070	38158	4	0.003115
39070	38033	1	0.000779
39070	37650	15	0.011682
39070	38552	4	0.003115
39070	38042	4	0.003115
39070	37914	4	0.003115
39070	38814	4	0.003115
39070	39199	25	0.019470
39070	38560	10	0.007788
39070	38178	26	0.020249
39070	39003	3	0.002336
39070	37414	128	0.099688
39070	37703	1	0.000779
39070	37786	1	0.000779
39070	37553	1	0.000779
39070	37682	1	0.000779
39070	37939	1	0.000779
39070	37812	4	0.003115
39070	37790	1	0.000779
39070	37556	1	0.000779
39070	38111	1	0.000779
39070	38718	1	0.000779
39070	37823	108	0.084112
39070	38304	1	0.000779
39070	39235	1	0.000779
39070	39239	1114	0.867601
39070	38220	498	0.387850
39070	38346	56	0.043614
39070	37708	3	0.002336
39070	37455	2	0.001558
39070	38481	1	0.000779
39070	38235	1	0.000779
39070	37723	19	0.014798
39070	37983	2	0.001558
39070	38880	2	0.001558
39070	37478	5	0.003894
39070	37736	2	0.001558
39070	37737	1	0.000779
39070	38634	52	0.040498
39070	38124	1	0.000779
39070	38397	1	0.000779
39070	38641	1	0.000779
39070	37874	1	0.000779
39070	38391	6	0.004673
39070	38648	2	0.001558
39070	37754	2	0.001558
39070	38207	2	0.001558
39070	37994	1	0.000779
39070	39166	19	0.014798
39071	38145	2	0.042553
39071	37385	2	0.042553
39071	38634	1	0.021277
39071	37809	2	0.042553
39071	38482	2	0.042553
39071	37723	1	0.021277
39072	38560	1	0.004132
39072	37478	1	0.004132
39072	38634	6	0.024793
39072	37650	1	0.004132
39072	37688	63	0.260331
39072	38042	1	0.004132
39072	39038	3	0.012397
39072	39199	1	0.004132
39073	38560	11	0.234043
39073	38409	1	0.021277
39073	38634	5	0.106383
39073	38766	8	0.170213
39073	38800	47	1.000000
39073	37650	2	0.042553
39073	38042	50	1.063830
39073	39199	2	0.042553
39074	37723	3	0.065217
39077	37419	1	0.016949
39077	38634	95	1.610169
39077	37723	51	0.864407
39079	38034	155	0.632653
39079	38634	155	0.632653
39081	38634	1	0.002151
39081	37708	2	0.004301
39081	37650	1	0.002151
39081	38042	1	0.002151
39081	37915	4	0.008602
39081	37642	2	0.004301
39082	38560	3	0.008287
39082	37642	5	0.013812
39082	38634	4	0.011050
39083	38082	18	0.947368
39083	37870	1	0.052632
39085	38538	1	0.012500
39085	37949	1	0.012500
39085	37574	4	0.050000
39087	38539	1	0.011765
39087	38541	1	0.011765
39087	37779	1	0.011765
39087	38166	1	0.011765
39087	38935	1	0.011765
39087	39064	173	2.035294
39087	37532	1	0.011765
39087	37669	1	0.011765
39087	37674	2	0.023529
39087	38956	1	0.011765
39087	38062	1	0.011765
39087	38710	1	0.011765
39087	37471	1	0.011765
39087	38721	1	0.011765
39087	37712	1	0.011765
39087	39249	1	0.011765
39087	37725	2	0.023529
39087	38750	1	0.011765
39087	38181	1	0.011765
39087	38759	1	0.011765
39087	38254	1	0.011765
39087	38767	1	0.011765
39087	38134	1	0.011765
39088	38889	1	0.003690
39088	37723	4	0.014760
39088	38795	1	0.003690
39088	38102	1	0.003690
39088	38223	1	0.003690
39089	38844	128	1.882353
39089	38634	9	0.132353
39089	38859	64	0.941176
39089	38125	1	0.014706
39089	38992	64	0.941176
39089	39199	2	0.029412
39089	37723	14	0.205882
39089	38620	64	0.941176
39089	38623	64	0.941176
39091	38634	14	0.037534
39091	38577	1	0.002681
39091	38100	1	0.002681
39091	38552	1	0.002681
39091	38042	2	0.005362
39091	39003	2	0.005362
39091	38204	2	0.005362
39091	39199	1	0.002681
39094	37723	1	0.001148
39096	38388	1	0.005435
39096	38858	1	0.005435
39096	37723	1	0.005435
39096	37636	1	0.005435
39096	38742	2	0.010870
39097	37925	12	0.705882
39099	38634	12	0.285714
39099	37708	1	0.023810
39099	38835	1	0.023810
39099	38775	2	0.047619
39099	37753	17	0.404762
39099	39199	1	0.023810
39100	39268	49	1.042553
39100	38438	2	0.042553
39101	38560	1	0.007812
39101	38849	1	0.007812
39101	39234	1	0.007812
39101	38631	2	0.015625
39101	38889	1	0.007812
39101	38442	2113	16.507812
39101	38727	1	0.007812
39101	38333	1	0.007812
39101	39122	82	0.640625
39101	38838	1	0.007812
39101	38775	1	0.007812
39101	39161	1	0.007812
39101	38634	2	0.015625
39103	38634	4	4.000000
39103	37723	1	1.000000
39106	37761	2	0.666667
39106	38467	2	0.666667
39106	39205	2	0.666667
39106	38631	2	0.666667
39106	37896	2	0.666667
39106	38540	2	0.666667
39106	38414	2	0.666667
39106	38901	2	0.666667
39106	37797	2	0.666667
39107	37478	2	0.000813
39107	38727	1	0.000407
39107	38889	6	0.002440
39107	38634	12	0.004880
39107	38795	2	0.000813
39107	37775	4	0.001627
39107	38963	1	0.000407
39107	38166	6	0.002440
39107	38552	2	0.000813
39107	39251	5	0.002033
39107	38426	1	0.000407
39107	37723	35	0.014233
39107	37642	1	0.000407
39107	38975	49	0.019927
39108	38042	3	0.044776
39108	37650	1	0.014925
39112	38642	1	0.035714
39112	38775	1	0.035714
39112	39215	39	1.392857
39113	38729	2	0.058824
39113	37996	2	0.058824
39114	37650	2	0.250000
39114	38634	1	0.125000
39116	38577	1	1.000000
39118	38560	12	0.035821
39118	38577	9	0.026866
39118	37897	335	1.000000
39118	38634	1	0.002985
39118	38731	1	0.002985
39118	37937	12	0.035821
39118	37650	1	0.002985
39118	38775	1	0.002985
39118	38042	8	0.023881
39118	39199	5	0.014925
39119	38331	2	0.400000
39119	39133	2	0.400000
39120	38560	2	0.018349
39120	39108	3	0.027523
39120	38634	3	0.027523
39120	38924	1	0.009174
39120	38574	1	0.009174
39120	38577	1	0.009174
39120	37714	1	0.009174
39120	38071	1	0.009174
39120	38552	4	0.036697
39120	37723	1	0.009174
39121	37408	1	0.032258
39121	37568	1	0.032258
39121	38978	1	0.032258
39121	37411	1	0.032258
39121	38820	1	0.032258
39121	38326	5	0.161290
39121	38151	1	0.032258
39121	37403	2	0.064516
39121	38634	5	0.161290
39121	38752	1	0.032258
39121	37580	1	0.032258
39121	38190	2	0.064516
39121	38613	12	0.387097
39121	38614	2	0.064516
39121	37733	1	0.032258
39121	38617	2	0.064516
39121	37755	32	1.032258
39121	38685	1	0.032258
39121	38495	1	0.032258
39122	38442	610	16.052632
39122	39101	35	0.921053
39122	37642	1	0.026316
39124	38560	1	0.037037
39124	37413	1	0.037037
39124	37452	2	0.074074
39124	38634	3	0.111111
39124	37708	1	0.037037
39124	38830	1	0.037037
39124	38577	6	0.222222
39124	38356	1	0.037037
39124	37686	31	1.148148
39124	37688	35	1.296296
39124	38042	6	0.222222
39124	39003	1	0.037037
39124	39038	31	1.148148
39124	39199	4	0.148148
39126	38560	3	0.003958
39126	38050	3	0.003958
39126	38342	1	0.001319
39126	38634	18	0.023747
39126	37708	8	0.010554
39126	37650	3	0.003958
39126	38577	4	0.005277
39126	39154	2	0.002639
39126	38775	1	0.001319
39126	38042	1	0.001319
39126	39003	1	0.001319
39126	39199	2	0.002639
39127	37723	3	0.003517
39128	38634	1	0.009259
39128	38042	2	0.018519
39128	37915	1	0.009259
39128	37949	2	0.018519
39129	38634	14	0.179487
39130	38634	122	0.610000
39130	37723	366	1.830000
39132	38634	2	0.006061
39132	37723	3	0.009091
39133	37843	1	0.027778
39133	38634	2	0.055556
39133	37723	54	1.500000
39133	37694	1	0.027778
39136	38568	7	1.000000
39136	38593	14	2.000000
39136	38634	3	0.428571
39136	38599	7	1.000000
39137	37728	10	0.058140
39137	38521	3	0.017442
39137	37387	3	0.017442
39137	38774	30	0.174419
39137	39161	3	0.017442
39138	38696	3	0.300000
39138	38634	6	0.600000
39139	37510	22	0.010242
39139	37642	3	0.001397
39139	38158	1	0.000466
39139	37777	13	0.006052
39139	37650	1	0.000466
39139	38552	3	0.001397
39139	38042	6	0.002793
39139	39198	2	0.000931
39139	39199	3	0.001397
39139	38560	9	0.004190
39139	38698	1	0.000466
39139	38574	2	0.000931
39139	38577	9	0.004190
39139	38076	1	0.000466
39139	37956	1	0.000466
39139	37958	2	0.000931
39139	38727	3	0.001397
39139	37708	1	0.000466
39139	38487	1	0.000466
39139	37723	1	0.000466
39139	37478	1	0.000466
39139	38634	10	0.004655
39139	37870	18	0.008380
39140	38560	6	0.015707
39140	37478	3	0.007853
39140	38542	3	0.007853
39140	37775	15	0.039267
39140	37616	6	0.015707
39140	38002	3	0.007853
39141	37723	2	0.153846
39142	38560	2	0.005780
39142	37723	230	0.664740
39142	38621	2	0.005780
39143	38725	1	0.031250
39147	37723	2	0.105263
39148	38634	5	0.005198
39148	38299	668	0.694387
39148	37723	7	0.007277
39149	39215	36	2.250000
39150	38634	1	0.001217
39150	37723	8	0.009732
39152	38634	1	0.071429
39154	39106	44	1.000000
39157	38100	1	0.008197
39157	38335	6	0.049180
39158	38912	1	0.021739
39158	38305	1	0.021739
39158	38634	4	0.086957
39158	37516	3	0.065217
39158	38577	2	0.043478
39158	37650	7	0.152174
39158	38042	1	0.021739
39159	37957	1	0.000544
39159	38537	1	0.000544
39159	38634	6	0.003263
39159	37451	1	0.000544
39159	37870	1511	0.821642
39159	37723	8	0.004350
39159	37674	3	0.001631
39160	38560	3	0.025424
39160	39003	1	0.008475
39160	37870	1	0.008475
39161	38560	1	0.000891
39161	38144	2	0.001783
39161	39234	3	0.002674
39161	37642	2	0.001783
39161	37869	1	0.000891
39161	38223	2	0.001783
39161	37650	1	0.000891
39161	38774	8	0.007130
39161	38552	1	0.000891
39161	38333	2	0.001783
39161	37723	2	0.001783
39161	38634	4	0.003565
39162	38824	1	0.000360
39162	38634	3	0.001079
39162	38541	8	0.002878
39162	38333	4	0.001439
39162	37969	630	0.226619
39162	38042	11	0.003957
39162	38102	3	0.001079
39162	37642	1	0.000360
39162	37786	1	0.000360
39162	37723	21	0.007554
39162	37370	1	0.000360
39163	38912	4	0.181818
39163	37651	4	0.181818
39164	38577	1	0.006711
39164	38634	3	0.020134
39164	37915	1	0.006711
39164	37949	2	0.013423
39164	37513	1	0.006711
39165	38560	1	0.002849
39165	38858	1	0.002849
39166	38560	11	0.066667
39166	38552	2	0.012121
39166	38791	1	0.006061
39166	38634	10	0.060606
39166	38795	1	0.006061
39166	38577	1	0.006061
39166	37650	1	0.006061
39166	38814	2	0.012121
39166	38648	177	1.072727
39166	38042	2	0.012121
39166	39070	34	0.206061
39166	39199	1	0.006061
39170	38560	1	0.020000
39170	38769	2	0.040000
39170	37723	3	0.060000
39170	38924	41	0.820000
39172	38560	1	0.025000
39172	38634	244	6.100000
39172	38775	79	1.975000
39173	37586	4	0.571429
39174	38560	2	0.018519
39174	37794	1	0.009259
39174	37642	3	0.027778
39174	37422	217	2.009259
39174	38577	2	0.018519
39174	37753	113	1.046296
39174	38042	1	0.009259
39174	38634	1	0.009259
39175	38560	10	0.294118
39175	38698	1	0.029412
39175	38042	2	0.058824
39175	38634	8	0.235294
39175	37886	1	0.029412
39175	39199	1	0.029412
39177	38896	1	0.010417
39178	37413	38	0.044289
39178	38634	3	0.003497
39178	38830	3	0.003497
39178	37688	2	0.002331
39178	38042	1	0.001166
39178	37723	25	0.029138
39179	38560	120	1.111111
39179	38634	1	0.009259
39179	37775	3	0.027778
39179	39251	12	0.111111
39179	38552	120	1.111111
39179	38750	1	0.009259
39181	38912	1	0.001182
39181	38305	5	0.005910
39181	38634	5	0.005910
39181	37708	4	0.004728
39181	38286	1	0.001182
39181	38577	4	0.004728
39181	37650	1	0.001182
39182	37380	9	0.069231
39182	38152	1	0.007692
39182	37642	1	0.007692
39182	39185	1	0.007692
39182	38552	12	0.092308
39182	38042	2	0.015385
39182	38560	15	0.115385
39182	37922	1	0.007692
39182	37723	2	0.015385
39182	38577	1	0.007692
39182	38963	1	0.007692
39182	37688	1	0.007692
39182	37826	1	0.007692
39182	38979	1	0.007692
39182	37580	2	0.015385
39182	37584	1	0.007692
39182	39003	3	0.023077
39182	37728	8	0.061538
39182	37478	2	0.015385
39182	37863	1	0.007692
39182	38634	4	0.030769
39182	37869	1	0.007692
39182	38001	15	0.115385
39182	39026	1	0.007692
39182	37493	1	0.007692
39182	38774	7	0.053846
39182	38775	6	0.046154
39182	39161	5	0.038462
39185	37478	1	0.001789
39185	38951	13	0.023256
39185	38634	8	0.014311
39185	38577	1	0.001789
39185	38774	7	0.012522
39185	37688	1	0.001789
39185	38042	2	0.003578
39185	39003	1	0.001789
39185	38909	11	0.019678
39186	38634	4	0.017167
39186	37723	2	0.008584
39187	39224	25	0.091241
39187	38560	1	0.003650
39187	38634	10	0.036496
39188	38552	128	1.542169
39188	37538	7	0.084337
39188	37650	1	0.012048
39188	38042	1	0.012048
39192	38072	3	0.071429
39192	38634	6	0.142857
39193	38560	25	0.032383
39193	38689	18	0.023316
39193	39003	1	0.001295
39193	38634	29	0.037565
39193	38219	1	0.001295
39193	37708	15	0.019430
39193	38577	8	0.010363
39193	37650	1	0.001295
39193	38100	18	0.023316
39193	37723	2	0.002591
39193	38552	2	0.002591
39193	39199	9	0.011658
39193	37642	4	0.005181
39193	38335	12	0.015544
39194	37723	1	0.047619
39195	38560	6	0.018182
39195	37915	10	0.030303
39195	39237	2	0.006061
39195	38727	2	0.006061
39195	38057	2	0.006061
39195	38634	6	0.018182
39195	37708	2	0.006061
39195	38158	2	0.006061
39195	39215	10	0.030303
39195	37488	2	0.006061
39195	38577	10	0.030303
39195	37650	8	0.024242
39195	37642	2	0.006061
39195	38042	2	0.006061
39195	39003	2	0.006061
39195	37949	2	0.006061
39195	37957	2	0.006061
39195	39199	6	0.018182
39196	38634	6	0.187500
39196	37723	7	0.218750
39196	38924	1	0.031250
39198	38144	5	0.083333
39198	38795	5	0.083333
39198	39187	6	0.100000
39198	37786	5	0.083333
39198	38560	93	1.550000
39198	39205	3	0.050000
39198	38576	4	0.066667
39198	38838	1	0.016667
39198	38456	3	0.050000
39198	38333	6	0.100000
39198	38432	2	0.033333
39198	39234	4	0.066667
39198	38342	1	0.016667
39198	38727	1	0.016667
39198	38223	6	0.100000
39198	38610	3	0.050000
39198	39251	3	0.050000
39198	38102	4	0.066667
39198	37723	5	0.083333
39198	38631	4	0.066667
39198	38889	6	0.100000
39198	38634	211	3.516667
39198	37486	4	0.066667
39198	38391	3	0.050000
39198	39161	3	0.050000
39198	37370	5	0.083333
39198	38013	3	0.050000
39198	38655	2	0.033333
39199	38912	1	0.000734
39199	38149	1	0.000734
39199	39047	1	0.000734
39199	37642	4	0.002937
39199	39179	1	0.000734
39199	38158	1	0.000734
39199	37650	10	0.007342
39199	38766	1	0.000734
39199	38552	13	0.009545
39199	38042	10	0.007342
39199	37915	1	0.000734
39199	38560	43	0.031571
39199	38619	1	0.000734
39199	38438	1	0.000734
39199	38577	10	0.007342
39199	37688	1	0.000734
39199	39099	1	0.000734
39199	38979	37	0.027166
39199	37956	1	0.000734
39199	37957	9	0.006608
39199	38727	3	0.002203
39199	37580	2	0.001468
39199	38179	1	0.000734
39199	38742	4	0.002937
39199	38487	1	0.000734
39199	37464	6	0.004405
39199	37723	1	0.000734
39199	38242	2	0.001468
39199	37478	10	0.007342
39199	38634	21024	15.436123
39199	37870	1	0.000734
39199	38644	1	0.000734
39199	38774	1	0.000734
39199	37755	1	0.000734
39199	38143	3	0.002203
39201	38634	4	4.000000
39201	37723	1	1.000000
39202	38634	1	0.012195
39202	37723	1	0.012195
39202	37870	1	0.012195
39203	38560	3	0.120000
39203	38634	6	0.240000
39203	38774	6	0.240000
39203	38250	1	0.040000
39203	38042	2	0.080000
39203	38810	1	0.040000
39203	39199	1	0.040000
39204	38912	16	0.078049
39204	38560	2	0.009756
39204	37956	1	0.004878
39204	38342	1	0.004878
39204	38634	6	0.029268
39204	37708	1	0.004878
39204	37650	6	0.029268
39204	38042	2	0.009756
39204	38333	1	0.004878
39204	39199	7	0.034146
39205	38552	1	0.002604
39205	37642	1	0.002604
39205	39234	1	0.002604
39205	38634	1	0.002604
39206	38634	5	0.087719
39207	38560	1	0.040000
39207	38691	1	0.040000
39207	38634	2	0.080000
39207	38640	1	0.040000
39207	38552	1	0.040000
39207	38042	1	0.040000
39207	37755	1	0.040000
39210	38560	5	0.033784
39210	38634	5	0.033784
39210	37885	10	0.067568
39210	38997	5	0.033784
39210	37725	5	0.033784
39211	38560	2	0.006536
39211	38634	3	0.009804
39211	37650	3	0.009804
39211	38100	3	0.009804
39211	38042	5	0.016340
39211	39003	1	0.003268
39211	39199	1	0.003268
39212	37723	2	0.014599
39213	38560	1	0.002632
39213	38634	1	0.002632
39213	38766	19	0.050000
39213	38800	3	0.007895
39213	38042	2	0.005263
39213	39050	124	0.326316
39213	39199	2	0.005263
39215	38530	2	0.022472
39215	38531	2	0.022472
39215	38791	2	0.022472
39215	38538	2	0.022472
39215	37518	2	0.022472
39215	37741	3	0.033708
39215	37393	4	0.044944
39215	37782	6	0.067416
39215	38425	4	0.044944
39215	37919	6	0.067416
39215	37795	3	0.033708
39215	38057	4	0.044944
39215	39085	1	0.011236
39215	38328	3	0.033708
39215	38075	1	0.011236
39215	38851	5	0.056180
39215	39112	4	0.044944
39215	37450	2	0.022472
39215	38092	3	0.033708
39215	37453	4	0.044944
39215	38862	3	0.033708
39215	38998	2	0.022472
39215	37849	3	0.033708
39215	38927	4	0.044944
39215	38494	4	0.044944
39215	38115	4	0.044944
39215	39270	5	0.056180
39215	38763	1	0.011236
39215	39149	2	0.022472
39215	37488	6	0.067416
39215	38129	3	0.033708
39215	37491	57	0.640449
39215	38773	4	0.044944
39215	37622	1	0.011236
39215	37882	3	0.033708
39215	38381	4	0.044944
39216	38560	8	0.145455
39216	37826	1	0.018182
39216	38247	1	0.018182
39216	38634	4	0.072727
39216	38380	1	0.018182
39216	37650	1	0.018182
39216	38774	9	0.163636
39216	38457	1	0.018182
39216	39161	1	0.018182
39216	38042	2	0.036364
39216	39003	3	0.054545
39216	37757	1	0.018182
39216	39199	1	0.018182
39217	38560	1	0.035714
39217	37953	1	0.035714
39217	38634	4	0.142857
39217	38698	3	0.107143
39217	38574	1	0.035714
39217	37967	1	0.035714
39217	38576	1	0.035714
39217	38775	1	0.035714
39217	38430	3	0.107143
39217	37642	1	0.035714
39217	37885	3	0.107143
39217	38846	2	0.071429
39218	38560	6	0.018182
39218	38979	3	0.009091
39218	38214	3	0.009091
39218	39047	3	0.009091
39218	38634	21	0.063636
39218	38100	9	0.027273
39218	39199	3	0.009091
39219	38634	6	0.600000
39221	38634	4	4.000000
39221	37723	1	1.000000
39222	37478	2	0.400000
39224	38560	10	0.024450
39224	39099	1	0.002445
39224	38054	3	0.007335
39224	39272	2	0.004890
39224	38634	5	0.012225
39224	38286	2	0.004890
39224	38672	3	0.007335
39224	37650	2	0.004890
39224	37684	1	0.002445
39224	38775	4	0.009780
39224	38552	4	0.009780
39224	37753	2118	5.178484
39224	38042	2	0.004890
39224	37723	2	0.004890
39224	38172	1	0.002445
39224	39198	2	0.004890
39224	37727	1	0.002445
39225	38774	1	0.037037
39225	37791	1	0.037037
39227	38634	1	0.003367
39227	39215	298	1.003367
39228	39152	2	0.250000
39228	38634	4	0.500000
39231	38560	1	0.000635
39231	39003	1	0.000635
39231	38327	4	0.002540
39232	39224	2	0.040816
39232	37753	4	0.081633
39232	38483	1	0.020408
39232	37723	7	0.142857
39232	37445	2	0.040816
39234	38342	1	0.000859
39234	37478	1	0.000859
39234	38634	5	0.004296
39234	38577	6	0.005155
39234	38042	2	0.001718
39234	37723	5	0.004296
39235	37723	1	0.000778
39235	38852	1	0.000778
39235	38634	91	0.070817
39235	37869	1	0.000778
39235	38577	2	0.001556
39235	37939	3828	2.978988
39235	39070	2	0.001556
39235	38042	2	0.001556
39235	39003	25	0.019455
39235	37754	35	0.027237
39235	37790	1300	1.011673
39236	39064	12275	51.793249
39236	38552	1	0.004219
39236	37650	2	0.008439
39236	38634	1	0.004219
39236	39087	1	0.004219
39237	39195	3	0.166667
39237	38577	3	0.166667
39237	39003	3	0.166667
39237	37915	1	0.055556
39239	38042	3	0.056604
39239	38634	10	0.188679
39239	39070	4	0.075472
39239	39199	2	0.037736
39240	38634	4	4.000000
39240	37723	1	1.000000
39241	38634	3	0.136364
39241	37723	4	0.181818
39242	37504	1	0.012987
39242	39042	1	0.012987
39242	38787	1	0.012987
39242	37764	1	0.012987
39242	38661	1	0.012987
39242	37766	1	0.012987
39242	39179	1	0.012987
39242	37902	1	0.012987
39242	37650	2	0.025974
39242	38163	1	0.012987
39242	38165	1	0.012987
39242	38178	1	0.012987
39242	37681	1	0.012987
39242	38702	1	0.012987
39242	38321	1	0.012987
39242	37940	1	0.012987
39242	38070	1	0.012987
39242	38587	1	0.012987
39242	37823	1	0.012987
39242	39235	1	0.012987
39242	39108	1	0.012987
39242	39239	1	0.012987
39242	38346	1	0.012987
39242	39118	1	0.012987
39242	38867	1	0.012987
39242	37425	1	0.012987
39242	39256	1	0.012987
39242	37553	1	0.012987
39242	38110	1	0.012987
39242	38239	1	0.012987
39242	37860	1	0.012987
39242	37737	1	0.012987
39242	38634	1252	16.259740
39242	37739	1	0.012987
39242	38642	1	0.012987
39242	38643	1	0.012987
39242	37622	1	0.012987
39242	38777	1	0.012987
39242	39166	1	0.012987
39243	38617	2	0.012987
39243	38634	3	0.019481
39243	37723	6	0.038961
39243	38385	1	0.006494
39245	38634	8	4.000000
39245	37723	2	1.000000
39246	38560	6	0.005051
39246	38660	1062	0.893939
39246	37478	6	0.005051
39246	38577	6	0.005051
39246	38634	10	0.008418
39246	38449	948	0.797980
39246	38100	1899	1.598485
39246	39199	3	0.002525
39247	38634	7	0.098592
39249	38539	1	0.037037
39249	37775	2	0.074074
39249	38800	2	0.074074
39249	37779	1	0.037037
39249	38166	1	0.037037
39249	38935	1	0.037037
39249	37743	2	0.074074
39249	37532	1	0.037037
39249	38560	2	0.074074
39249	37669	1	0.037037
39249	37674	1	0.037037
39249	38956	1	0.037037
39249	38062	1	0.037037
39249	39087	1	0.037037
39249	38710	1	0.037037
39249	37471	1	0.037037
39249	38332	1	0.037037
39249	38721	1	0.037037
39249	37712	1	0.037037
39249	38997	1	0.037037
39249	37725	1	0.037037
39249	38750	1	0.037037
39249	38181	1	0.037037
39249	37472	1	0.037037
39249	38627	1	0.037037
39249	38759	1	0.037037
39249	38889	1	0.037037
39249	38254	1	0.037037
39249	38767	1	0.037037
39249	37618	1	0.037037
39249	38134	1	0.037037
39249	38903	1	0.037037
39251	38560	1	0.002119
39251	39234	1	0.002119
39251	38889	5	0.010593
39251	38634	3	0.006356
39251	38223	5	0.010593
39251	38577	1	0.002119
39251	37650	1	0.002119
39251	38042	2	0.004237
39251	37786	5	0.010593
39251	37775	6	0.012712
39251	38333	5	0.010593
39252	38144	4	0.002764
39252	38533	4	0.002764
39252	37642	2	0.001382
39252	38169	1	0.000691
39252	38340	1	0.000691
39252	37786	1	0.000691
39252	38042	2	0.001382
39252	39198	2	0.001382
39252	38560	23	0.015895
39252	39003	1	0.000691
39252	39205	4	0.002764
39252	38576	4	0.002764
39252	38577	2	0.001382
39252	38456	3	0.002073
39252	38333	2	0.001382
39252	38432	6	0.004147
39252	37956	1	0.000691
39252	38775	1	0.000691
39252	37708	1	0.000691
39252	39251	4	0.002764
39252	37723	12	0.008293
39252	38110	3	0.002073
39252	38631	3	0.002073
39252	38634	11	0.007602
39252	37486	4	0.002764
39252	38391	4	0.002764
39252	39161	4	0.002764
39252	37370	3	0.002073
39252	38014	1	0.000691
39252	38655	3	0.002073
39253	38560	4	0.100000
39253	37753	1	0.025000
39253	38634	1	0.025000
39253	38455	1	0.025000
39255	37915	3	0.115385
39255	39003	1	0.038462
39256	38042	1	0.045455
39258	38080	6	0.088235
39258	37957	2	0.029412
39258	37386	1	0.014706
39258	38577	2	0.029412
39258	38547	2	0.029412
39258	37642	2	0.029412
39258	38105	1	0.014706
39258	38042	2	0.029412
39258	38634	1	0.014706
39258	38111	1	0.014706
39260	38149	18	0.074074
39260	38634	8	0.032922
39260	38091	80	0.329218
39260	38316	1	0.004115
39260	38577	2	0.008230
39260	38042	2	0.008230
39260	39199	2	0.008230
39261	37513	1	0.007874
39261	38042	131	1.031496
39261	38634	9	0.070866
39262	37480	11	1.000000
39263	38850	259	0.742120
39263	39077	2	0.005731
39263	38634	265	0.759312
39263	39086	259	0.742120
39263	37523	2	0.005731
39263	39158	259	0.742120
39263	38042	6	0.017192
39263	37723	267	0.765043
39263	38909	1	0.002865
39265	38560	1	0.014925
39265	38634	23	0.343284
39265	37870	1	0.014925
39266	37723	2	0.017699
39267	38923	1	0.023810
39267	38560	1	0.023810
39267	38634	2	0.047619
39267	39003	1	0.023810
39267	39047	1	0.023810
39268	38560	1	0.034483
39268	37650	2	0.068966
39268	39100	1	0.034483
39268	38013	1	0.034483
39269	38634	2	0.250000
39270	39170	1	0.008850
39270	37650	1	0.008850
39270	38042	3	0.026549
39270	39198	1	0.008850
39270	38560	1	0.008850
39270	38698	4	0.035398
39270	38574	3	0.026549
39270	39215	302	2.672566
39270	38577	5	0.044248
39270	38071	2	0.017699
39270	38075	1	0.008850
39270	38076	1	0.008850
39270	38079	1	0.008850
39270	37571	1	0.008850
39270	37714	1	0.008850
39270	38233	1	0.008850
39270	37723	3	0.026549
39270	38763	2	0.017699
39270	38610	1	0.008850
39270	39029	1	0.008850
39270	37622	1	0.008850
39270	38775	1	0.008850
39271	38568	1	0.142857
39271	38961	14	2.000000
39271	38278	7	1.000000
39272	37753	5	0.020408
39272	38042	2	0.008163
39272	38838	1	0.004082
37361	38560	7	0.001254
37361	39234	1	0.000179
37361	38115	10	0.001791
37361	37575	1	0.000179
37361	37513	1	0.000179
37361	38634	59	0.010568
37361	38775	1	0.000179
37361	37580	1	0.000179
37361	37650	3	0.000537
37361	38158	1	0.000179
37361	39215	4	0.000716
37361	39003	3	0.000537
37361	37642	1	0.000179
37361	37486	1	0.000179
37361	37723	1	0.000179
37361	38731	1	0.000179
37361	38042	20	0.003582
37361	37915	7	0.001254
37361	37949	7	0.001254
37361	39199	6	0.001075
37363	38634	20	0.069930
37363	37723	5	0.017483
37363	37973	582	2.034965
37364	38054	2	1.000000
37364	39272	2	1.000000
37364	38672	2	1.000000
37364	38290	2	1.000000
37364	38068	2	1.000000
37364	39253	2	1.000000
37364	37684	2	1.000000
37364	38552	2	1.000000
37364	37753	4	2.000000
37364	38172	2	1.000000
37364	38590	2	1.000000
37365	38560	1	0.001122
37365	38149	8	0.008979
37365	38150	1	0.001122
37365	38634	10	0.011223
37365	37708	1	0.001122
37365	38533	1	0.001122
37365	38577	1	0.001122
37365	37491	2	0.002245
37365	37381	2	0.002245
37366	38560	48	0.144578
37366	38634	7	0.021084
37366	38149	7	0.021084
37366	38342	3	0.009036
37366	37650	8	0.024096
37368	38082	86	0.415459
37368	38243	80	0.386473
37368	38634	4	0.019324
37368	37723	6	0.028986
37370	37696	2	0.001873
37370	39083	1	0.000936
37370	38409	3	0.002809
37370	38543	1	0.000936
37370	38800	1	0.000936
37370	38552	10	0.009363
37370	38766	13	0.012172
37370	39064	1	0.000936
37370	37786	4	0.003745
37370	38685	1	0.000936
37370	38560	10	0.009363
37370	39073	1	0.000936
37370	37411	1	0.000936
37370	38438	1	0.000936
37370	38824	1	0.000936
37370	37931	5	0.004682
37370	38190	1	0.000936
37370	38577	1	0.000936
37370	37428	1	0.000936
37370	38042	1	0.000936
37370	37559	1	0.000936
37370	37820	2	0.001873
37370	38333	5	0.004682
37370	37568	1	0.000936
37370	37408	1	0.000936
37370	39234	1	0.000936
37370	38342	2	0.001873
37370	37962	1	0.000936
37370	38223	8	0.007491
37370	38613	2	0.001873
37370	37723	7	0.006554
37370	38495	1	0.000936
37370	37478	1	0.000936
37370	38889	3	0.002809
37370	38634	4	0.003745
37370	37870	2	0.001873
37370	38385	1	0.000936
37370	39003	3	0.002809
37370	38138	2	0.001873
37370	37755	10	0.009363
37370	38168	1	0.000936
37370	38655	1	0.000936
37374	38425	5	1.000000
37374	37723	1	0.200000
37374	37860	5	1.000000
37374	37478	4	0.800000
37376	38560	10	0.030581
37376	37506	325	0.993884
37376	38634	2	0.006116
37376	37650	1	0.003058
37376	38100	5	0.015291
37376	38042	1	0.003058
37376	37757	1	0.003058
37377	38336	1	0.111111
37377	39040	1	0.111111
37377	37787	1	0.111111
37377	37803	1	0.111111
37377	38191	1	0.111111
37377	37592	2	0.222222
37377	38931	3	0.333333
37377	38431	1	0.111111
37377	38959	2	0.222222
37377	38751	1	0.111111
37378	38912	45	0.102975
37378	38305	2	0.004577
37378	38727	1	0.002288
37378	37928	1	0.002288
37378	38634	50	0.114416
37378	37708	3	0.006865
37378	38286	1	0.002288
37378	39025	1	0.002288
37378	37642	1	0.002288
37378	37784	1	0.002288
37378	38042	2	0.004577
37378	39003	2	0.004577
37378	38653	2	0.004577
37379	37753	810	0.836777
37379	38634	816	0.842975
37379	37723	1634	1.688017
37380	38001	5	0.102041
37380	38634	2	0.040816
37380	38042	3	0.061224
37380	39199	2	0.040816
37381	38634	2	0.001885
37381	37723	7	0.006598
37382	38035	2	1.000000
37384	38560	2	0.003802
37384	38918	330	0.627376
37384	38634	3	0.005703
37384	37580	1	0.001901
37384	39199	9	0.017110
37384	38100	337	0.640684
37384	38775	1	0.001901
37384	39003	2	0.003802
37384	38335	333	0.633080
37385	38560	1	0.023256
37385	38145	2	0.046512
37385	37809	1	0.023256
37385	38482	1	0.023256
37385	37723	1	0.023256
37385	39071	1	0.023256
37386	37979	1	0.001068
37386	38634	12	0.012821
37386	38547	1	0.001068
37386	38042	2	0.002137
37386	38968	3	0.003205
37386	39258	2	0.002137
37386	37723	3	0.003205
37386	37853	2	0.002137
37387	37723	20	0.113636
37387	38774	1	0.005682
37388	38148	1	0.001235
37388	37511	1	0.001235
37388	38664	1	0.001235
37388	37642	12	0.014815
37388	38923	1	0.001235
37388	37772	1	0.001235
37388	38669	1	0.001235
37388	38936	1	0.001235
37388	38042	12	0.014815
37388	37662	1	0.001235
37388	38560	7	0.008642
37388	38819	1	0.001235
37388	37412	1	0.001235
37388	38437	1	0.001235
37388	37424	1	0.001235
37388	38577	1	0.001235
37388	37689	1	0.001235
37388	38459	1	0.001235
37388	38282	1	0.001235
37388	38342	1	0.001235
37388	37846	1	0.001235
37388	37723	1	0.001235
37388	38629	1	0.001235
37388	39267	1	0.001235
37388	37861	1	0.001235
37388	37478	1	0.001235
37388	38890	1	0.001235
37388	38634	7	0.008642
37389	38698	1	0.009709
37389	37676	328	3.184466
37389	38576	1	0.009709
37389	37524	4	0.038835
37389	37752	3	0.029126
37389	38042	8	0.077670
37389	38634	2	0.019417
37390	37568	1	0.032258
37390	38752	1	0.032258
37390	38978	1	0.032258
37390	37411	1	0.032258
37390	38820	1	0.032258
37390	37733	1	0.032258
37390	38151	1	0.032258
37390	37403	2	0.064516
37390	38634	10	0.322581
37390	37580	1	0.032258
37390	38190	2	0.064516
37390	38614	2	0.064516
37390	38613	13	0.419355
37390	38326	6	0.193548
37390	37408	1	0.032258
37390	38617	2	0.064516
37390	37755	32	1.032258
37390	38685	1	0.032258
37390	38495	1	0.032258
37391	38560	10	0.090909
37391	38054	10	0.090909
37391	38634	5	0.045455
37391	38742	10	0.090909
37391	37753	20	0.181818
37391	37723	8	0.072727
37392	37833	16	2.285714
37393	38577	4	0.008032
37393	38634	7	0.014056
37393	37915	1	0.002008
37393	37708	1	0.002008
37394	38002	367	0.986559
37395	38858	78	0.275618
37395	38042	1	0.003534
37395	37478	1	0.003534
37397	38634	5	0.014085
37397	37723	47	0.132394
37397	37914	33	0.092958
37399	38560	2	0.018868
37399	38634	26	0.245283
37399	38766	117	1.103774
37399	38577	46	0.433962
37399	37650	1	0.009434
37399	38042	44	0.415094
37399	39199	2	0.018868
37399	38525	22	0.207547
37399	37535	29	0.273585
37401	38634	2	1.000000
37401	38774	4	2.000000
37402	37723	1	0.025000
37403	38634	3	0.076923
37403	37755	3	0.076923
37403	39199	1	0.025641
37404	38634	16	0.120301
37411	38560	8	0.018391
37411	38634	4	0.009195
37411	37723	3	0.006897
37412	38936	1	1.000000
37412	37388	2	2.000000
37412	37772	1	1.000000
37412	37846	1	1.000000
37413	38560	1	0.009524
37413	38979	1	0.009524
37413	38634	27	0.257143
37413	37708	2	0.019048
37413	37650	2	0.019048
37413	37688	13	0.123810
37413	39003	1	0.009524
37413	39199	4	0.038095
37414	38560	5	0.020921
37414	37956	1	0.004184
37414	37926	1	0.004184
37414	38634	4	0.016736
37414	37708	1	0.004184
37414	38577	1	0.004184
37414	37650	1	0.004184
37414	38042	5	0.020921
37414	39070	43	0.179916
37416	39003	3	0.230769
37417	38560	5	0.029940
37417	38405	5	0.029940
37417	38634	3	0.017964
37417	37547	1	0.005988
37417	38223	1	0.005988
37417	38577	1	0.005988
37417	37650	2	0.011976
37417	38698	1	0.005988
37417	38196	4	0.023952
37417	38105	5	0.029940
37417	38042	5	0.029940
37417	37903	1	0.005988
37417	37757	1	0.005988
37418	37478	5	0.003038
37418	38760	2	0.001215
37418	38634	19	0.011543
37418	37487	3	0.001823
37418	38742	4	0.002430
37418	38552	1	0.000608
37418	38042	3	0.001823
37418	37723	170	0.103281
37418	38333	1	0.000608
37418	38558	2	0.001215
37419	38577	1	0.021739
37419	38634	4	0.086957
37419	38286	1	0.021739
37419	38487	1	0.021739
37421	37753	1	0.050000
37421	38634	2	0.100000
37421	37723	17	0.850000
37421	38042	1	0.050000
37423	37478	3	0.033708
37423	38727	4	0.044944
37423	38634	16	0.179775
37423	37708	5	0.056180
37423	38577	3	0.033708
37423	37650	3	0.033708
37423	39003	1	0.011236
37423	39199	8	0.089888
37424	38082	82	1.000000
37424	39047	1	0.012195
37424	38634	83	1.012195
37424	38742	1	0.012195
37424	37723	82	1.000000
37424	37662	1	0.012195
37425	37650	1	0.030303
37425	37915	1	0.030303
37426	38560	7	0.003948
37426	37666	1	0.000564
37426	39047	1	0.000564
37426	38634	2	0.001128
37426	38698	6	0.003384
37426	37786	1	0.000564
37426	38557	1	0.000564
37426	37650	6	0.003384
37426	37642	1	0.000564
37426	38042	1	0.000564
37426	39003	2	0.001128
37426	37885	1	0.000564
37426	39199	1	0.000564
37427	37755	33	0.785714
37427	38543	1	0.023810
37428	38560	14	0.009702
37428	39003	5	0.003465
37428	37956	2	0.001386
37428	38634	20	0.013860
37428	37708	1	0.000693
37428	37870	15	0.010395
37428	39087	1559	1.080388
37428	38742	1	0.000693
37428	39064	201	0.139293
37428	38042	4	0.002772
37428	37723	1	0.000693
37428	39199	2	0.001386
37429	39211	3	0.130435
37429	38634	13	0.565217
37429	38219	2	0.086957
37429	38869	2	0.086957
37431	38560	3	0.056604
37431	37642	1	0.018868
37431	38100	1	0.018868
37433	38634	1	0.003155
37433	39024	2	0.006309
37433	37650	1	0.003155
37433	38775	1	0.003155
37433	38552	1	0.003155
37433	38042	2	0.006309
37433	37723	2	0.006309
37433	38013	1	0.003155
37434	38634	3	0.081081
37434	37723	3	0.081081
37435	37723	13	0.021922
37437	38560	4	0.026846
37437	38218	1	0.006711
37437	38577	1	0.006711
37437	38644	1	0.006711
37437	37686	1	0.006711
37437	38775	1	0.006711
37437	37688	4	0.026846
37437	38042	1	0.006711
37437	39003	20	0.134228
37437	38634	8	0.053691
37437	39038	1	0.006711
37437	39199	3	0.020134
37438	38560	4	0.041667
37438	39003	1	0.010417
37438	38725	93	0.968750
37438	38825	187	1.947917
37438	37642	1	0.010417
37438	37708	1	0.010417
37438	37518	93	0.968750
37438	37650	2	0.020833
37438	38634	2	0.020833
37438	38042	2	0.020833
37438	37915	2	0.020833
37438	37949	2	0.020833
37438	39199	11	0.114583
37439	38560	10	0.004308
37439	37478	18	0.007755
37439	38332	3975	1.712624
37439	37642	8	0.003447
37439	37708	8	0.003447
37439	37870	22	0.009479
37439	38577	2	0.000862
37439	37650	2	0.000862
37439	37820	1331	0.573460
37440	38560	3	0.028846
37440	37411	3	0.028846
37440	39047	2	0.019231
37440	38634	4	0.038462
37440	38190	1	0.009615
37440	38640	1	0.009615
37440	37650	3	0.028846
37440	38042	3	0.028846
37440	37755	21	0.201923
37441	38826	27	0.675000
37441	38634	1	0.025000
37441	38742	1	0.025000
37441	38775	1	0.025000
37443	38634	3	0.090909
37443	38042	3	0.090909
37443	38013	1	0.030303
37443	38438	2	0.060606
37447	38634	130	10.000000
37447	37478	117	9.000000
37450	38560	3	0.046875
37450	37915	1	0.015625
37450	37628	1	0.015625
37450	37949	1	0.015625
37451	38634	2	0.003697
37451	37723	12	0.022181
37451	38286	8	0.014787
37452	38560	4	0.033333
37452	38634	1	0.008333
37452	37972	1	0.008333
37452	37688	5	0.041667
37452	38042	1	0.008333
37452	39199	1	0.008333
37453	38560	1	0.100000
37453	37723	1	0.100000
37453	37948	10	1.000000
37453	37798	10	1.000000
37453	39215	5	0.500000
37455	37723	1	0.018182
37458	38560	9	0.005863
37458	38427	3	0.001954
37458	37513	3	0.001954
37458	38634	3	0.001954
37458	37708	4	0.002606
37458	37808	3	0.001954
37458	38353	3	0.001954
37458	38042	12	0.007818
37458	37915	6	0.003909
37458	37949	9	0.005863
37458	39199	3	0.001954
37461	38042	1	0.037037
37463	38577	1	0.017544
37463	37650	1	0.017544
37463	39193	1	0.017544
37463	38042	1	0.017544
37463	39003	1	0.017544
37463	39199	2	0.035088
37464	38177	1	0.013333
37464	38787	2	0.026667
37464	37476	2	0.026667
37464	37735	2	0.026667
37464	38634	302	4.026667
37464	38731	1	0.013333
37464	37708	1	0.013333
37464	38642	2	0.026667
37464	39118	2	0.026667
37464	37775	1	0.013333
37464	37650	3	0.040000
37464	38110	2	0.026667
37464	37688	1	0.013333
37464	38777	2	0.026667
37464	38874	2	0.026667
37464	38747	2	0.026667
37464	37628	2	0.026667
37464	37949	1	0.013333
37464	39070	1	0.013333
37464	38239	2	0.026667
37467	38042	1	0.037037
37467	38438	1	0.037037
37468	38560	41	0.035777
37468	38634	7	0.006108
37468	38993	956	0.834206
37468	38271	2	0.001745
37468	37977	1	0.000873
37468	38042	6	0.005236
37468	39003	2	0.001745
37468	39199	23	0.020070
37469	38634	671	2.021084
37469	37723	5	0.015060
37469	38042	2	0.006024
37469	38139	2	0.006024
37471	38552	1	0.035714
37471	38634	1	0.035714
37471	37749	28	1.000000
37472	37642	2	0.044444
37472	38539	1	0.022222
37472	38541	1	0.022222
37472	37779	1	0.022222
37472	37870	2	0.044444
37472	38166	1	0.022222
37472	38168	1	0.022222
37472	38042	1	0.022222
37472	37532	1	0.022222
37472	37535	1	0.022222
37472	37669	1	0.022222
37472	37674	1	0.022222
37472	38956	1	0.022222
37472	38062	1	0.022222
37472	39087	1	0.022222
37472	38067	1	0.022222
37472	38366	1	0.022222
37472	38710	1	0.022222
37472	38332	1	0.022222
37472	37963	1	0.022222
37472	37814	4	0.088889
37472	38775	1	0.022222
37472	37712	1	0.022222
37472	37725	1	0.022222
37472	38750	1	0.022222
37472	38181	2	0.044444
37472	38627	1	0.022222
37472	38759	1	0.022222
37472	38889	1	0.022222
37472	38634	6	0.133333
37472	38254	1	0.022222
37472	38767	1	0.022222
37472	37618	1	0.022222
37472	38134	1	0.022222
37472	38903	1	0.022222
37472	37370	1	0.022222
37472	38655	1	0.022222
37474	37762	1	0.007194
37474	37532	143	1.028777
37474	37775	4	0.028777
37476	38177	1	0.005236
37476	38852	191	1.000000
37476	38634	1	0.005236
37476	38577	1	0.005236
37476	38042	2	0.010471
37476	37757	1	0.005236
37478	38912	1	0.000840
37478	38657	1	0.000840
37478	38149	2	0.001681
37478	39047	3	0.002521
37478	37708	29	0.024370
37478	37513	1	0.000840
37478	37642	6	0.005042
37478	37388	2	0.001681
37478	37775	1	0.000840
37478	37650	13	0.010924
37478	38766	1	0.000840
37478	38552	12	0.010084
37478	38042	131	0.110084
37478	37915	5	0.004202
37478	39070	1	0.000840
37478	39199	199	0.167227
37478	38560	29	0.024370
37478	38177	2	0.001681
37478	38438	1	0.000840
37478	38577	12	0.010084
37478	37938	18	0.015126
37478	37961	2	0.001681
37478	37688	1	0.000840
37478	37956	3	0.002521
37478	38342	1	0.000840
37478	38727	10	0.008403
37478	38924	1	0.000840
37478	37580	4	0.003361
37478	37970	1	0.000840
37478	38742	60	0.050420
37478	37723	7	0.005882
37478	39139	2	0.001681
37478	38634	11225	9.432773
37478	37870	1	0.000840
37478	37493	1	0.000840
37478	38774	3	0.002521
37478	38775	19	0.015966
37478	37753	2	0.001681
37478	37755	1	0.000840
37478	37757	2	0.001681
37479	37478	5	0.003415
37479	38760	2	0.001366
37479	37418	7995	5.461066
37479	37487	3	0.002049
37479	38742	4	0.002732
37479	38552	1	0.000683
37479	38333	1	0.000683
37479	37723	151	0.103142
37479	38634	19	0.012978
37479	38558	2	0.001366
37480	38082	189	0.351955
37480	37723	10	0.018622
37480	38634	1	0.001862
37480	38901	1	0.001862
37482	37728	1	0.010753
37482	38457	1	0.010753
37482	38082	58	0.623656
37482	37723	12	0.129032
37482	38634	1	0.010753
37484	38634	1	0.022727
37485	38634	2	0.011976
37486	38560	8	0.006182
37486	37729	1	0.000773
37486	37915	4	0.003091
37486	37478	2	0.001546
37486	38889	1	0.000773
37486	38634	5	0.003864
37486	37869	3	0.002318
37486	38577	1	0.000773
37486	37642	1	0.000773
37486	38552	2	0.001546
37486	37723	3	0.002318
37486	38333	1	0.000773
37487	38560	3	0.002096
37487	37957	1	0.000699
37487	37478	2	0.001398
37487	38760	5999	4.192173
37487	38634	6	0.004193
37487	37418	1422	0.993711
37487	38091	1	0.000699
37487	39215	2	0.001398
37487	38576	3	0.002096
37487	37650	1	0.000699
37487	37491	1	0.000699
37487	38548	1	0.000699
37487	38105	4	0.002795
37487	38042	1	0.000699
37487	39003	1	0.000699
37487	39100	1	0.000699
37487	38698	3	0.002096
37487	37843	1	0.000699
37488	39015	1	0.024390
37488	37550	1	0.024390
37488	39215	47	1.146341
37489	37856	48	1.000000
37489	38560	2	0.041667
37491	37696	2	0.010417
37491	39172	3	0.015625
37491	38149	76	0.395833
37491	37638	1	0.005208
37491	38023	2	0.010417
37491	37708	1	0.005208
37491	37513	2	0.010417
37491	37642	7	0.036458
37491	38287	3	0.015625
37491	38647	2	0.010417
37491	37650	18	0.093750
37491	38548	1	0.005208
37491	38574	1	0.005208
37491	38552	8	0.041667
37491	38042	14	0.072917
37491	39067	3	0.015625
37491	38429	3	0.015625
37491	37661	2	0.010417
37491	39198	3	0.015625
37491	38533	2	0.010417
37491	38560	22	0.114583
37491	38433	2	0.010417
37491	38316	3	0.015625
37491	37668	2	0.010417
37491	38150	8	0.041667
37491	38822	2	0.010417
37491	38570	1	0.005208
37491	39047	13	0.067708
37491	37932	1	0.005208
37491	38450	6	0.031250
37491	39215	1	0.005208
37491	38703	2	0.010417
37491	38577	12	0.062500
37491	38834	1	0.005208
37491	37381	9	0.046875
37491	38464	2	0.010417
37491	38644	3	0.015625
37491	38714	3	0.015625
37491	39199	11	0.057292
37491	39100	1	0.005208
37491	38848	3	0.015625
37491	38603	1	0.005208
37491	37956	1	0.005208
37491	38342	10	0.052083
37491	38727	1	0.005208
37491	37961	2	0.010417
37491	39114	1	0.005208
37491	38091	2	0.010417
37491	37580	3	0.015625
37491	38349	4	0.020833
37491	38222	2	0.010417
37491	38477	2	0.010417
37491	38352	3	0.015625
37491	38353	3	0.015625
37491	37970	2	0.010417
37491	38355	2	0.010417
37491	38742	1	0.005208
37491	37977	2	0.010417
37491	37723	6	0.031250
37491	39260	2	0.010417
37491	38238	2	0.010417
37491	37600	2	0.010417
37491	38242	2	0.010417
37491	38408	3	0.015625
37491	38310	4	0.020833
37491	37478	5	0.026042
37491	38634	21	0.109375
37491	38509	2	0.010417
37491	38657	4	0.020833
37491	38611	3	0.015625
37491	39028	3	0.015625
37491	37365	2	0.010417
37491	37366	2	0.010417
37491	38775	3	0.015625
37491	37908	3	0.015625
37491	38526	2	0.010417
37491	38143	1	0.005208
37493	37863	2	0.005650
37493	37961	1	0.002825
37493	38634	15	0.042373
37493	39243	1	0.002825
37493	37869	2	0.005650
37493	37486	3	0.008475
37493	38449	1	0.002825
37493	37650	5	0.014124
37493	37786	2	0.005650
37493	37723	6	0.016949
37493	38524	1	0.002825
37493	38525	2	0.005650
37493	39038	1	0.002825
37494	37723	2	0.181818
37495	37636	2	0.004484
37495	39145	2	0.004484
37495	37644	2	0.004484
37495	38929	4	0.008969
37495	38201	4	0.008969
37495	38940	2	0.004484
37495	39165	2	0.004484
37496	38634	60	12.000000
37497	39048	15	0.174419
37497	38898	30	0.348837
37497	38925	30	0.348837
37497	38438	88	1.023256
37498	37723	3	0.028302
37499	37478	1	0.045455
37499	38634	268	12.181818
37499	38042	6	0.272727
37499	38342	1	0.045455
37500	38912	13	0.062802
37500	38560	7	0.033816
37500	37478	1	0.004831
37500	38634	5	0.024155
37500	37650	2	0.009662
37500	39199	22	0.106280
37501	37723	2	0.024691
37502	37723	5	0.029070
37502	38165	7	0.040698
37502	38494	72	0.418605
37503	38634	1732	12.027778
37503	37580	1	0.006944
37503	37957	1	0.006944
37503	38727	2	0.013889
37504	38661	2	0.001529
37504	37736	2	0.001529
37504	38634	8	0.006116
37504	38924	4	0.003058
37504	38894	2	0.001529
37504	38577	6	0.004587
37504	37650	10	0.007645
37504	38042	2	0.001529
37505	37642	14	0.034230
37505	37868	3	0.007335
37505	38775	5	0.012225
37506	38634	2	0.285714
37509	38577	1	0.001876
37509	38042	2	0.003752
37509	39003	1	0.001876
37509	38100	1	0.001876
37509	38335	1	0.001876
37510	38560	14	0.017220
37510	39139	3	0.003690
37510	37513	1	0.001230
37510	38506	2	0.002460
37510	37708	1	0.001230
37510	37870	7	0.008610
37510	37777	3	0.003690
37510	37650	2	0.002460
37510	38742	1	0.001230
37510	39003	1	0.001230
37510	38634	6	0.007380
37510	39199	3	0.003690
37511	38560	1	0.016667
37511	38634	2	0.033333
37511	37388	2	0.033333
37511	38577	2	0.033333
37511	38042	5	0.083333
37511	39003	2	0.033333
37511	39199	1	0.016667
37512	38634	4	4.000000
37512	37723	1	1.000000
37513	38552	1	0.013158
37513	38577	1	0.013158
37513	38634	6	0.078947
37515	38560	5	0.185185
37515	37915	1	0.037037
37515	38634	1	0.037037
37515	37949	2	0.074074
37515	37650	1	0.037037
37515	38042	2	0.074074
37515	39003	3	0.111111
37515	37757	3	0.111111
37516	38912	1	0.027778
37516	37956	1	0.027778
37516	38634	1	0.027778
37516	38283	38	1.055556
37516	37708	3	0.083333
37516	39086	37	1.027778
37516	39158	37	1.027778
37516	38103	2	0.055556
37516	39003	1	0.027778
37517	37723	4	0.333333
37517	37870	1	0.083333
37517	37567	1	0.083333
37518	37438	1	1.000000
37518	39215	2	2.000000
37519	39038	510	30.000000
37520	38634	304	16.000000
37520	38727	2	0.105263
37522	38634	4	0.054054
37522	37723	9	0.121622
37522	38070	1	0.013514
37522	38071	1	0.013514
37523	38560	94	0.443396
37523	37632	1	0.004717
37523	39077	2	0.009434
37523	37384	93	0.438679
37523	38634	8	0.037736
37523	38219	2	0.009434
37523	37723	190	0.896226
37524	37752	2	0.003992
37526	38432	2	0.006780
37526	37509	2	0.006780
37526	38345	2	0.006780
37526	38634	3	0.010169
37526	38219	1	0.003390
37526	37723	1	0.003390
37526	38335	13	0.044068
37527	38560	2	0.027778
37527	37957	1	0.013889
37527	38634	20	0.277778
37527	37931	17	0.236111
37527	38766	28	0.388889
37527	38577	19	0.263889
37527	38168	2	0.027778
37527	38042	18	0.250000
37527	39199	1	0.013889
37528	37708	1	0.004184
37528	39091	1	0.004184
37528	38100	2	0.008368
37528	38223	1	0.004184
37532	37474	798	1.001255
37532	37762	798	1.001255
37533	38560	1	0.007692
37533	38727	1	0.007692
37533	37708	1	0.007692
37533	38766	15	0.115385
37533	38800	2	0.015385
37533	38042	1	0.007692
37534	38560	3	0.027273
37534	37915	2	0.018182
37534	37478	1	0.009091
37534	38634	4	0.036364
37534	38731	1	0.009091
37534	37486	1	0.009091
37534	37757	1	0.009091
37534	38577	1	0.009091
37534	39003	1	0.009091
37534	38867	1	0.009091
37534	38775	2	0.018182
37534	38552	1	0.009091
37534	37723	3	0.027273
37534	37642	1	0.009091
37535	38634	222	0.483660
37535	38574	1	0.002179
37535	38997	1	0.002179
37535	37399	2	0.004357
37535	37723	1	0.002179
37535	38525	1	0.002179
37536	38560	1	0.005988
37536	37956	1	0.005988
37536	38438	3	0.017964
37536	38634	2	0.011976
37536	39119	1	0.005988
37536	37650	1	0.005988
37536	38042	1	0.005988
37536	39199	1	0.005988
37536	38013	1	0.005988
37536	37951	1	0.005988
37537	37501	55	2.200000
37538	38560	8	0.034043
37538	39003	4	0.017021
37538	37956	1	0.004255
37538	37478	4	0.017021
37538	39047	1	0.004255
37538	38634	19	0.080851
37538	38727	1	0.004255
37538	37708	1	0.004255
37538	37650	1	0.004255
37538	39188	1	0.004255
37538	38552	1	0.004255
37538	38042	17	0.072340
37538	38491	1	0.004255
37538	39199	6	0.025532
37540	38722	690	0.467480
37540	37478	5	0.003388
37540	38634	4	0.002710
37540	38552	1	0.000678
37540	37938	2	0.001355
37540	37686	2	0.001355
37540	38008	690	0.467480
37540	37723	5	0.003388
37540	39038	2	0.001355
37542	38918	10	0.555556
37543	37723	53	0.424000
37544	38634	3	1.000000
37546	38634	4	0.190476
37547	38634	5	0.012821
37547	37723	1	0.002564
37547	37885	4	0.010256
37547	38558	229	0.587179
37547	37903	229	0.587179
37548	37723	1	0.006494
37548	38118	2	0.012987
37548	37575	1	0.006494
37548	38634	12	0.077922
37548	39047	1	0.006494
37548	37708	1	0.006494
37548	37650	14	0.090909
37548	37686	3	0.019481
37548	37688	3	0.019481
37548	39003	2	0.012987
37548	39038	3	0.019481
37550	37601	152	2.000000
37550	38821	152	2.000000
37550	37478	76	1.000000
37550	38634	6	0.078947
37550	37488	76	1.000000
37550	37650	152	2.000000
37550	38042	76	1.000000
37550	37915	152	2.000000
37551	37922	1	0.000524
37551	38299	1787	0.936092
37551	37723	6	0.003143
37553	38634	1	0.011111
37553	37708	1	0.011111
37553	38577	8	0.088889
37553	37650	3	0.033333
37553	37812	5	0.055556
37553	38235	3	0.033333
37553	39070	2	0.022222
37554	37825	1	0.002421
37554	38537	2	0.004843
37554	38634	72	0.174334
37554	37775	46	0.111380
37554	38577	23	0.055690
37554	39127	46	0.111380
37554	38042	23	0.055690
37554	39199	48	0.116223
37556	38208	8	0.041667
37556	38121	1	0.005208
37556	38634	2	0.010417
37556	38207	1	0.005208
37556	37455	1	0.005208
37556	38641	2	0.010417
37556	38814	1	0.005208
37556	37370	1	0.005208
37556	37723	11	0.057292
37556	37642	1	0.005208
37556	38014	3	0.015625
37556	37823	3	0.015625
37558	38000	1	0.005155
37558	38889	1	0.005155
37558	38634	207	1.067010
37558	39251	1	0.005155
37558	37723	2	0.010309
37559	37370	1	0.002370
37564	38634	2	0.285714
37567	38560	1	0.004950
37567	38634	1	0.004950
37567	37517	202	1.000000
37567	37870	7	0.034653
37567	38577	1	0.004950
37567	37650	2	0.009901
37567	38042	3	0.014851
37567	38655	202	1.000000
37567	39199	3	0.014851
37569	38634	3	0.000223
37569	39187	1	0.000074
37569	38858	1	0.000074
37569	37869	1	0.000074
37570	37723	1	1.000000
37571	38560	6	0.017595
37571	38885	14	0.041056
37571	39270	138	0.404692
37571	37708	4	0.011730
37571	37642	2	0.005865
37571	38924	8	0.023460
37571	38577	1	0.002933
37571	37650	7	0.020528
37571	38042	2	0.005865
37571	39003	2	0.005865
37571	38634	8	0.023460
37571	37957	1	0.002933
37571	39199	1	0.002933
37572	37856	2	0.133333
37572	39106	15	1.000000
37572	38227	2	0.133333
37572	38226	1	0.066667
37572	38483	1	0.066667
37572	38197	2	0.133333
37572	37368	1	0.066667
37572	38074	2	0.133333
37572	37691	1	0.066667
37572	38986	1	0.066667
37572	38837	1	0.066667
37573	38577	2	0.012270
37573	37478	1	0.006135
37575	38560	50	1.020408
37578	38409	1	0.004975
37578	38634	2	0.009950
37578	38042	1	0.004975
37580	37478	4	0.026490
37580	38727	3	0.019868
37580	38634	3066	20.304636
37580	37650	1	0.006623
37580	38775	1	0.006623
37580	39199	2	0.013245
37581	38634	2	0.036364
37582	38560	24	0.157895
37582	38634	8	0.052632
37582	38577	1	0.006579
37582	37977	3	0.019737
37582	37688	4	0.026316
37582	39161	1	0.006579
37582	39038	138	0.907895
37582	39199	17	0.111842
37583	38912	35	0.055468
37583	38560	3	0.004754
37583	37957	1	0.001585
37583	38634	12	0.019017
37583	38158	1	0.001585
37583	37650	1	0.001585
37583	38042	1	0.001585
37583	39003	1	0.001585
37583	39199	7	0.011094
37584	38634	4	0.400000
37586	38560	9	0.005700
37586	38946	7	0.004433
37586	37478	3	0.001900
37586	38634	14	0.008866
37586	37708	2	0.001267
37586	38576	2	0.001267
37586	38577	9	0.005700
37586	37650	10	0.006333
37586	38105	9	0.005700
37586	38042	38	0.024066
37586	37885	2	0.001267
37586	39199	3	0.001900
37588	37688	4	0.137931
37588	38370	2	0.068966
37588	37650	1	0.034483
37588	38042	2	0.068966
37588	37642	1	0.034483
37589	38634	1	0.021277
37589	37723	3	0.063830
37592	38560	4	0.062500
37592	38794	1	0.015625
37592	38577	1	0.015625
37592	38775	2	0.031250
37592	38552	5	0.078125
37592	38634	1	0.015625
37592	39199	1	0.015625
37593	38634	5	0.086207
37593	38467	1	0.017241
37593	37493	1	0.017241
37593	37723	1	0.017241
37595	38560	1	0.005917
37595	38122	5	0.029586
37595	37688	14	0.082840
37595	38042	10	0.059172
37595	39003	3	0.017751
37595	38634	4	0.023669
37598	38082	171	0.718487
37598	37478	5	0.021008
37598	37705	2	0.008403
37598	38634	11	0.046218
37598	37644	2	0.008403
37598	38742	1	0.004202
37598	38552	1	0.004202
37598	39130	2	0.008403
37598	37723	5	0.021008
37598	39198	1	0.004202
37600	38560	1	0.032258
37600	37723	4	0.129032
37600	38149	34	1.096774
37600	38634	2	0.064516
37600	38577	3	0.096774
37600	37908	1	0.032258
37600	38552	1	0.032258
37600	38042	1	0.032258
37600	39003	2	0.064516
37600	39199	2	0.064516
37601	38634	2	1.000000
37602	38634	5	5.000000
37602	37723	1	1.000000
37603	38560	1	0.005051
37603	37573	1	0.005051
37603	38634	1	0.005051
37603	39199	1	0.005051
37603	37650	2	0.010101
37603	38100	2	0.010101
37603	39003	10	0.050505
37603	38335	1	0.005051
37604	37723	1	0.024390
37605	38560	3	0.081081
37605	38634	2	0.054054
37605	37708	3	0.081081
37605	38446	37	1.000000
37605	38100	1	0.027027
37605	39199	5	0.135135
37607	38560	1	0.018868
37607	38042	1	0.018868
37608	38634	1	0.038462
37608	37723	2	0.076923
37608	38455	22	0.846154
37609	38634	4684	0.705315
37610	38924	1	0.009091
37610	38634	3	0.027273
37610	38156	315	2.863636
37610	39029	105	0.954545
37610	38042	4	0.036364
37610	37642	2	0.018182
37610	39199	1	0.009091
37611	38634	4	4.000000
37611	37723	1	1.000000
37614	38742	1	0.058824
37614	38861	2	0.117647
37614	39038	2	0.117647
37614	37957	1	0.058824
37616	38634	5	0.010204
37616	38082	359	0.732653
37616	37723	3	0.006122
37616	37394	2	0.004082
37616	37998	1	0.002041
37618	38181	1	0.009709
37618	38539	1	0.009709
37618	38800	1	0.009709
37618	37779	1	0.009709
37618	38166	1	0.009709
37618	38935	1	0.009709
37618	38552	2	0.019417
37618	37532	1	0.009709
37618	37669	1	0.009709
37618	37674	1	0.009709
37618	38956	1	0.009709
37618	38062	1	0.009709
37618	39087	1	0.009709
37618	37655	1	0.009709
37618	38710	1	0.009709
37618	38332	1	0.009709
37618	38721	1	0.009709
37618	38223	1	0.009709
37618	37712	1	0.009709
37618	39249	1	0.009709
37618	38997	1	0.009709
37618	37725	1	0.009709
37618	38750	1	0.009709
37618	37471	1	0.009709
37618	37472	1	0.009709
37618	38759	1	0.009709
37618	38254	1	0.009709
37618	38767	1	0.009709
37618	38134	1	0.009709
37619	38144	1	0.003401
37619	38404	1	0.003401
37619	37832	1	0.003401
37619	38634	18	0.061224
37619	37868	1	0.003401
37619	39261	1	0.003401
37619	38577	7	0.023810
37619	37650	4	0.013605
37619	37749	1	0.003401
37619	38042	4	0.013605
37619	37642	3	0.010204
37619	39199	1	0.003401
37620	38335	2	0.285714
37621	38042	2	0.007407
37621	38100	1	0.003704
37621	38366	2	0.007407
37622	38610	1	0.004348
37622	38577	2	0.008696
37622	38634	5	0.021739
37622	37970	2	0.008696
37622	38661	1	0.004348
37624	38634	18	0.947368
37624	37723	5	0.263158
37626	38861	2	0.285714
37628	38531	2	0.014599
37628	38727	1	0.007299
37628	38634	3	0.021898
37628	37650	1	0.007299
37628	39215	1	0.007299
37628	39003	2	0.014599
37628	37464	1	0.007299
37628	38042	1	0.007299
37628	37915	2	0.014599
37629	38340	1	0.018519
37630	39038	510	30.000000
37631	37478	4	0.006633
37631	38698	3	0.004975
37631	38557	312	0.517413
37631	38899	3	0.004975
37631	38420	19	0.031509
37631	38454	312	0.517413
37631	37642	1	0.001658
37631	37723	10	0.016584
37631	38634	3	0.004975
37632	38634	6	0.048780
37632	39199	10	0.081301
37632	38100	4	0.032520
37632	38042	1	0.008130
37632	38335	3	0.024390
37633	39016	11	0.916667
37635	37642	6	0.007299
37635	39211	1	0.001217
37635	38634	2	0.002433
37636	39096	1	0.019231
37636	38634	1	0.019231
37636	37708	3	0.057692
37638	38149	1	0.052632
37638	39017	1	0.052632
37638	37642	1	0.052632
37638	39021	1	0.052632
37638	38577	1	0.052632
37638	38611	1	0.052632
37639	38634	1	0.062500
37639	37723	2	0.125000
37642	38634	214	53.500000
37643	37981	1	0.090909
37643	39031	1	0.090909
37644	38858	383	0.962312
37644	37650	10	0.025126
37644	37395	383	0.962312
37644	38775	1	0.002513
37644	39003	1	0.002513
37644	38634	90	0.226131
37647	38560	7	0.016204
37647	39042	3	0.006944
37647	39175	1	0.002315
37647	38632	377	0.872685
37647	38577	4	0.009259
37647	38196	1	0.002315
37647	38109	1	0.002315
37647	39199	3	0.006944
37648	37723	3	0.600000
37649	37723	4	0.800000
37650	38912	1	0.005882
37650	38149	1	0.005882
37650	39047	2	0.011765
37650	37642	1	0.005882
37650	37388	1	0.005882
37650	37395	1	0.005882
37650	37780	2	0.011765
37650	38766	1	0.005882
37650	38042	7	0.041176
37650	37915	1	0.005882
37650	39070	1	0.005882
37650	39199	2	0.011765
37650	38560	4	0.023529
37650	39003	1	0.005882
37650	38308	1	0.005882
37650	38438	1	0.005882
37650	38838	1	0.005882
37650	37688	1	0.005882
37650	38979	1	0.005882
37650	38727	1	0.005882
37650	38924	1	0.005882
37650	38100	1	0.005882
37650	37464	1	0.005882
37650	37723	2	0.011765
37650	38109	1	0.005882
37650	38634	7282	42.835294
37650	37870	1	0.005882
37650	37493	1	0.005882
37650	38775	3	0.017647
37650	38264	2	0.011765
37650	37753	1	0.005882
37650	37755	1	0.005882
37650	37885	1	0.005882
37651	38560	3	0.010345
37651	38912	1	0.003448
37651	39163	2	0.006897
37651	39077	1	0.003448
37651	38634	19	0.065517
37651	37723	22	0.075862
37651	39199	1	0.003448
37654	38980	13	0.001307
37654	38634	295	0.029648
37654	38317	29	0.002915
37654	38838	12	0.001206
37654	37783	8299	0.834070
37654	37753	3	0.000302
37654	38042	33	0.003317
37654	37723	75	0.007538
37655	39140	2	0.000584
37655	38853	2	0.000584
37655	37650	2	0.000584
37655	38634	39	0.011380
37655	37708	3	0.000875
37655	38802	2	0.000584
37655	37775	37	0.010797
37655	38577	3	0.000875
37655	37618	4526	1.320689
37655	38042	14	0.004085
37655	38597	2	0.000584
37656	38560	13	0.054852
37656	37757	1	0.004219
37656	38057	1	0.004219
37656	38634	16	0.067511
37656	37708	1	0.004219
37656	38509	1	0.004219
37656	38621	1	0.004219
37656	37650	2	0.008439
37656	38042	20	0.084388
37656	37915	6	0.025316
37656	37642	1466	6.185654
37656	39199	14	0.059072
37657	37903	2	0.003205
37657	37650	17	0.027244
37657	39063	2	0.003205
37657	37417	2	0.003205
37657	37426	2	0.003205
37657	38196	6	0.009615
37657	38969	2	0.003205
37657	37693	2	0.003205
37657	38729	2	0.003205
37657	37586	2	0.003205
37657	37974	2	0.003205
37657	38105	2	0.003205
37657	39258	2	0.003205
37657	39003	2	0.003205
37657	38749	2	0.003205
37657	38111	2	0.003205
37657	39010	2	0.003205
37657	38376	2	0.003205
37657	38634	5	0.008013
37657	37487	2	0.003205
37657	38644	2	0.003205
37657	37365	10	0.016026
37657	37752	2	0.003205
37657	37885	1247	1.998397
37657	37886	2	0.003205
37658	37387	1	0.022727
37658	39003	1	0.022727
37658	38307	2	0.045455
37659	37418	2	0.003610
37659	37723	3	0.005415
37659	38634	7	0.012635
37659	38742	1	0.001805
37661	38560	1	0.004425
37661	38042	1	0.004425
37661	38149	3	0.013274
37662	39047	2	0.021053
37662	38634	2	0.021053
37662	37388	1	0.010526
37662	37424	1	0.010526
37662	37650	3	0.031579
37662	37846	1	0.010526
37662	38042	1	0.010526
37663	38432	2	1.000000
37663	38947	4	2.000000
37663	38308	2	1.000000
37663	38954	2	1.000000
37663	37675	2	1.000000
37663	37708	2	1.000000
37663	38100	6	3.000000
37663	38634	4	2.000000
37663	38335	2	1.000000
37665	38560	13	0.018440
37665	38627	7	0.009929
37665	37956	11	0.015603
37665	37510	1	0.001418
37665	37478	4	0.005674
37665	37642	6	0.008511
37665	38221	711	1.008511
37665	37870	21	0.029787
37665	38552	1	0.001418
37665	38042	1	0.001418
37665	39199	3	0.004255
37666	38560	3	0.027027
37666	37513	1	0.009009
37666	38634	1	0.009009
37666	37708	1	0.009009
37666	38577	3	0.027027
37666	37650	5	0.045045
37666	38100	7	0.063063
37666	38042	9	0.081081
37666	39003	1	0.009009
37666	38335	1	0.009009
37667	38082	103	0.990385
37667	37723	3	0.028846
37667	38940	2	0.019231
37667	38858	1	0.009615
37668	38560	4	0.005391
37668	38149	16	0.021563
37668	38533	3	0.004043
37668	38634	1	0.001348
37668	37708	2	0.002695
37668	37650	5	0.006739
37668	38775	2	0.002695
37668	37956	2	0.002695
37668	38042	3	0.004043
37668	39260	2	0.002695
37668	38238	3	0.004043
37668	39199	4	0.005391
37669	38560	22	0.087649
37669	38372	31	0.123506
37669	38634	4	0.015936
37669	37708	1	0.003984
37669	37870	3	0.011952
37669	37757	1	0.003984
37669	37642	1	0.003984
37671	38634	2	0.003731
37671	37723	4	0.007463
37671	37813	109	0.203358
37672	38560	1	0.002577
37672	38672	2	0.005155
37672	38082	92	0.237113
37672	37723	5	0.012887
37673	38152	3	0.010526
37673	38145	2	0.007018
37673	38482	2	0.007018
37673	37896	2	0.007018
37673	37799	21	0.073684
37674	38560	3	0.034091
37674	38537	1	0.011364
37674	38634	2	0.022727
37674	39159	1	0.011364
37674	37870	2	0.022727
37674	38387	1	0.011364
37674	38775	1	0.011364
37674	38552	6	0.068182
37675	38308	2	0.062500
37675	37663	2	0.062500
37676	38634	9	0.066176
37676	37723	2	0.014706
37676	37524	1	0.007353
37676	38042	4	0.029412
37676	38454	1	0.007353
37677	38308	12	0.028777
37677	39077	2	0.004796
37677	37478	2	0.004796
37677	38634	20	0.047962
37677	38100	2	0.004796
37677	38042	4	0.009592
37677	37723	7	0.016787
37677	37573	2	0.004796
37679	37856	1	0.002725
37679	38849	1	0.002725
37679	39234	1	0.002725
37679	37478	3	0.008174
37679	37896	1	0.002725
37679	38524	1	0.002725
37679	38634	2	0.005450
37679	38795	1	0.002725
37679	39106	5	0.013624
37679	38223	1	0.002725
37679	38577	1	0.002725
37679	37650	1	0.002725
37679	38803	1	0.002725
37679	37493	1	0.002725
37679	38838	1	0.002725
37679	39037	1	0.002725
37679	38333	1	0.002725
37679	39167	1	0.002725
37680	38020	1	0.040000
37680	38920	1	0.040000
37680	37899	1	0.040000
37680	38668	1	0.040000
37680	38547	1	0.040000
37680	37524	3	0.120000
37680	37529	1	0.040000
37680	38946	1	0.040000
37680	38180	1	0.040000
37680	38698	1	0.040000
37680	37549	1	0.040000
37680	37426	1	0.040000
37680	38067	1	0.040000
37680	37955	2	0.080000
37680	37958	1	0.040000
37680	38727	1	0.040000
37680	38098	1	0.040000
37680	37587	1	0.040000
37680	37979	1	0.040000
37680	38749	1	0.040000
37680	37857	22	0.880000
37680	38760	1	0.040000
37680	38377	1	0.040000
37680	38632	1	0.040000
37680	37715	1	0.040000
37680	37748	1	0.040000
37680	39034	2	0.080000
37680	37885	2	0.080000
37681	38634	2	0.005115
37681	37708	4	0.010230
37681	38552	1	0.002558
37681	37650	2	0.005115
37681	37875	348	0.890026
37681	38775	1	0.002558
37681	38328	351	0.897698
37681	38042	41	0.104859
37681	37757	349	0.892583
37682	37650	1	0.030303
37684	38469	1	0.011494
37684	38634	4	0.045977
37684	37650	1	0.011494
37684	38127	1	0.011494
37684	38577	3	0.034483
37684	38674	1	0.011494
37684	37753	18	0.206897
37684	38042	3	0.034483
37684	39003	17	0.195402
37685	37723	1	0.038462
37686	38272	2	0.000774
37686	38656	2	0.000774
37686	37595	1	0.000387
37686	39044	1	0.000387
37686	38912	1	0.000387
37686	38153	1	0.000387
37686	37642	1	0.000387
37686	38356	1	0.000387
37686	38286	1	0.000387
37686	37650	19	0.007350
37686	37395	1	0.000387
37686	38805	1	0.000387
37686	38552	48	0.018569
37686	38041	1	0.000387
37686	38042	15	0.005803
37686	38939	1	0.000387
37686	39069	2	0.000774
37686	39198	1	0.000387
37686	38560	29	0.011219
37686	37922	1	0.000387
37686	38619	2	0.000774
37686	37540	5	0.001934
37686	37413	1	0.000387
37686	39089	1	0.000387
37686	38705	1	0.000387
37686	38620	3	0.001161
37686	38058	1	0.000387
37686	37548	2	0.000774
37686	38830	1	0.000387
37686	38301	1	0.000387
37686	38577	1	0.000387
37686	37685	1	0.000387
37686	38217	2	0.000774
37686	37688	3045	1.177950
37686	37434	2	0.000774
37686	38076	1	0.000387
37686	38333	2	0.000774
37686	38720	3	0.001161
37686	39072	1	0.000387
37686	38722	2	0.000774
37686	38859	1	0.000387
37686	38342	14	0.005416
37686	39124	1	0.000387
37686	37723	16	0.006190
37686	38007	1	0.000387
37686	37452	2	0.000774
37686	37858	2	0.000774
37686	37582	3	0.001161
37686	37753	1	0.000387
37686	39224	1	0.000387
37686	37971	4	0.001547
37686	37972	3	0.001161
37686	38742	28	0.010832
37686	38487	1	0.000387
37686	37977	690	0.266925
37686	39003	14	0.005416
37686	39004	2	0.000774
37686	38623	4	0.001547
37686	38844	1	0.000387
37686	38881	2	0.000774
37686	38370	1	0.000387
37686	38118	3	0.001161
37686	37478	36	0.013926
37686	37608	1	0.000387
37686	38633	1	0.000387
37686	38634	73	0.028240
37686	38125	1	0.000387
37686	37615	1	0.000387
37686	38218	3	0.001161
37686	38398	1	0.000387
37686	38775	1	0.000387
37686	38008	1	0.000387
37686	38649	1	0.000387
37686	38570	1	0.000387
37686	39038	42634	16.492843
37687	38042	2	0.043478
37687	38775	1	0.021739
37687	38634	1	0.021739
37687	37775	3499	76.065217
37688	38656	2	0.000794
37688	39044	9	0.003571
37688	38149	5	0.001984
37688	38279	5	0.001984
37688	37642	16	0.006349
37688	38155	7	0.002778
37688	38158	4	0.001587
37688	37775	5	0.001984
37688	37650	57	0.022619
37688	38287	4	0.001587
37688	38805	7	0.002778
37688	38038	2	0.000794
37688	38552	10	0.003968
37688	38041	7	0.002778
37688	38042	162	0.064286
37688	38428	2	0.000794
37688	38554	5	0.001984
37688	38301	2	0.000794
37688	39199	11	0.004365
37688	38560	35	0.013889
37688	38619	4	0.001587
37688	37413	9	0.003571
37688	38577	4	0.001587
37688	38058	2	0.000794
37688	39047	4	0.001587
37688	37548	2	0.000794
37688	39069	2	0.000794
37688	38705	2	0.000794
37688	37686	1485	0.589286
37688	38844	2	0.000794
37688	39072	2	0.000794
37688	38722	9	0.003571
37688	37956	14	0.005556
37688	37595	7	0.002778
37688	37452	9	0.003571
37688	37723	2	0.000794
37688	38007	7	0.002778
37688	37708	7	0.002778
37688	37582	2	0.000794
37688	39124	9	0.003571
37688	39003	12	0.004762
37688	39004	9	0.003571
37688	38881	2	0.000794
37688	37858	2	0.000794
37688	37478	4	0.001587
37688	38633	9	0.003571
37688	38634	130	0.051587
37688	37869	5	0.001984
37688	37870	11	0.004365
37688	37588	2	0.000794
37688	38774	13	0.005159
37688	38775	2	0.000794
37688	38008	2	0.000794
37688	38356	2	0.000794
37688	37755	11	0.004365
37688	37757	7	0.002778
37688	39038	2985	1.184524
37689	38560	5	0.043860
37689	37723	114	1.000000
37691	37856	4	0.016598
37691	38050	1	0.004149
37691	38444	32	0.132780
37691	38634	2	0.008299
37691	37708	1	0.004149
37691	39003	1	0.004149
37692	38177	2	0.046512
37693	38560	13	0.003194
37693	38405	2	0.000491
37693	38634	2	0.000491
37693	37708	2	0.000491
37693	37549	8142	2.000491
37693	37487	10	0.002457
37693	38577	1	0.000246
37693	37650	3	0.000737
37693	37715	1	0.000246
37693	38196	5	0.001229
37693	37974	7	0.001720
37693	38105	30	0.007371
37693	39003	1	0.000246
37693	37885	3	0.000737
37693	38558	2	0.000491
37693	39199	3	0.000737
37694	37536	1	0.010753
37694	38438	1	0.010753
37694	38634	9	0.096774
37694	39119	1	0.010753
37694	37723	3	0.032258
37694	37642	1	0.010753
37695	37574	12	0.461538
37695	39215	6	0.230769
37696	38634	720	12.000000
37696	38727	2	0.033333
37698	39033	10	0.078740
37698	38634	9	0.070866
37698	37723	11	0.086614
37698	38766	1	0.007874
37698	38065	1	0.007874
37699	39215	1	0.033333
37699	37723	24	0.800000
37699	37708	1	0.033333
37699	38115	2	0.066667
37700	38634	1	0.006135
37701	38634	2	0.050000
37701	37723	40	1.000000
37702	38634	2	0.400000
37702	37723	4	0.800000
37703	38346	1	0.125000
37705	38560	16	0.003483
37705	37956	3	0.000653
37705	37580	1	0.000218
37705	37395	3	0.000653
37705	38838	3	0.000653
37705	38552	6	0.001306
37705	37753	3	0.000653
37705	37598	3570	0.777101
37705	39199	4	0.000871
37706	38634	5	5.000000
37706	37723	1	1.000000
37707	38634	25	0.403226
37707	37723	4	0.064516
37707	37714	5	0.080645
37707	37757	5	0.080645
37708	38912	2	0.015625
37708	39047	2	0.015625
37708	37513	2	0.015625
37708	37642	1	0.007812
37708	37388	2	0.015625
37708	37650	1	0.007812
37708	38766	2	0.015625
37708	38042	8	0.062500
37708	39069	2	0.015625
37708	38560	1	0.007812
37708	38177	1	0.007812
37708	39003	134	1.046875
37708	38577	111	0.867188
37708	37688	1	0.007812
37708	37956	1	0.007812
37708	38342	1	0.007812
37708	38727	7	0.054688
37708	37580	2	0.015625
37708	38100	1	0.007812
37708	37723	1	0.007812
37708	37478	3	0.023438
37708	38634	738	5.765625
37708	38509	1	0.007812
37708	37870	2	0.015625
37708	38774	1	0.007812
37708	37755	4	0.031250
37709	38698	6	0.041667
37710	38438	3	0.075000
37710	39271	1	0.025000
37710	38634	2	0.050000
37710	37837	2	0.050000
37710	38574	1	0.025000
37710	37843	1	0.025000
37710	38548	1	0.025000
37710	38775	2	0.050000
37710	38552	1	0.025000
37710	38042	1	0.025000
37710	39100	1	0.025000
37710	38013	4	0.100000
37711	38560	2	0.003540
37711	38792	2	0.003540
37711	37642	4	0.007080
37711	37650	15	0.026549
37711	38042	8	0.014159
37711	37915	2	0.003540
37711	37949	4	0.007080
37711	38014	2	0.003540
37711	39199	2	0.003540
37712	38784	1	0.023810
37712	37370	1	0.023810
37712	38223	1	0.023810
37712	37870	1	0.023810
37712	38727	1	0.023810
37714	37504	2	0.038462
37714	38560	1	0.019231
37714	37478	2	0.038462
37714	39270	2	0.038462
37714	38634	3	0.057692
37714	38763	2	0.038462
37714	38092	2	0.038462
37714	38574	2	0.038462
37714	39215	2	0.038462
37714	39029	2	0.038462
37714	38071	2	0.038462
37714	38233	2	0.038462
37714	38042	2	0.038462
37714	38079	2	0.038462
37715	38162	1	0.047619
37715	38698	3	0.142857
37715	38558	1	0.047619
37715	37974	1	0.047619
37715	37885	1	0.047619
37719	38745	78	0.270833
37719	38634	2	0.006944
37719	37723	634	2.201389
37719	38598	1	0.003472
37721	37919	2	0.000477
37721	38634	21	0.005011
37721	37915	31	0.007397
37721	37949	4	0.000954
37721	39215	4	0.000954
37723	38144	2	0.001117
37723	38657	5	0.002792
37723	37451	1	0.000558
37723	38149	1	0.000558
37723	39046	1	0.000558
37723	39047	4	0.002233
37723	38664	1	0.000558
37723	37642	2	0.001117
37723	38924	2	0.001117
37723	38925	1	0.000558
37723	38287	1	0.000558
37723	37964	1	0.000558
37723	37650	3	0.001675
37723	38803	1	0.000558
37723	39060	1	0.000558
37723	38766	1	0.000558
37723	38552	71	0.039643
37723	37956	4	0.002233
37723	38042	43	0.024009
37723	38299	1	0.000558
37723	39198	5	0.002792
37723	39199	5	0.002792
37723	38560	31	0.017309
37723	37409	1	0.000558
37723	38438	1	0.000558
37723	39079	1	0.000558
37723	38952	2	0.001117
37723	37418	1	0.000558
37723	37551	1	0.000558
37723	37753	1	0.000558
37723	38577	16	0.008934
37723	38835	1	0.000558
37723	37688	1	0.000558
37723	39186	1	0.000558
37723	39101	1	0.000558
37723	37569	1	0.000558
37723	37707	1	0.000558
37723	38340	2	0.001117
37723	37957	1	0.000558
37723	38912	1	0.000558
37723	38727	6	0.003350
37723	37708	5	0.002792
37723	38775	1	0.000558
37723	37580	4	0.002233
37723	38861	1	0.000558
37723	37967	1	0.000558
37723	37970	57	0.031826
37723	37844	1	0.000558
37723	38742	21	0.011725
37723	39161	1	0.000558
37723	37455	2	0.001117
37723	39003	3	0.001675
37723	38242	1	0.000558
37723	37755	1	0.000558
37723	37478	17	0.009492
37723	38889	1	0.000558
37723	38634	7835	4.374651
37723	37927	1	0.000558
37723	39122	1	0.000558
37723	37486	1	0.000558
37723	38001	1	0.000558
37723	38644	1	0.000558
37723	37493	5	0.002792
37723	38774	1	0.000558
37723	39159	1	0.000558
37723	38432	2	0.001117
37723	38139	1	0.000558
37723	37388	1	0.000558
37723	38655	1	0.000558
37725	38802	3	0.012000
37727	38042	2	0.058824
37727	38483	35	1.029412
37728	37888	1	0.001425
37728	39148	1	0.001425
37728	37642	3	0.004274
37728	37387	2	0.002849
37728	38412	2	0.002849
37728	38582	2	0.002849
37728	38416	1	0.001425
37728	38417	1	0.001425
37728	37650	4	0.005698
37728	37907	2	0.002849
37728	38166	3	0.004274
37728	38552	12	0.017094
37728	38042	9	0.012821
37728	38299	7	0.009972
37728	37551	1	0.001425
37728	39198	1	0.001425
37728	39199	9	0.012821
37728	38560	8	0.011396
37728	37793	3	0.004274
37728	37922	5	0.007123
37728	37659	3	0.004274
37728	39212	1	0.001425
37728	38962	2	0.002849
37728	38319	1	0.001425
37728	38577	1	0.001425
37728	38578	2	0.002849
37728	37363	2	0.002849
37728	39094	1	0.001425
37728	39225	2	0.002849
37728	37791	1	0.001425
37728	38081	1	0.001425
37728	38466	1	0.001425
37728	37701	1	0.001425
37728	37831	2	0.002849
37728	39116	1	0.001425
37728	37580	2	0.002849
37728	38434	2	0.002849
37728	38740	2	0.002849
37728	38521	1	0.001425
37728	37723	1	0.001425
37728	39137	2	0.002849
37728	38499	1	0.001425
37728	38457	1	0.001425
37728	37478	8	0.011396
37728	37863	2	0.002849
37728	38248	1	0.001425
37728	38634	20	0.028490
37728	38247	2	0.002849
37728	38764	1	0.001425
37728	38909	2	0.002849
37728	38001	2	0.002849
37728	39026	1	0.001425
37728	38905	1	0.001425
37728	38774	768	1.094017
37728	38775	3	0.004274
37728	39161	4	0.005698
37728	38011	2	0.002849
37728	38781	12	0.017094
37729	37915	3	0.003593
37729	38342	1	0.001198
37729	38634	7	0.008383
37729	37708	1	0.001198
37729	38042	3	0.003593
37729	39003	2	0.002395
37729	38653	1	0.001198
37730	37650	4	0.210526
37730	37755	2	0.105263
37730	38634	1	0.052632
37732	38896	1	0.006536
37732	38634	1	0.006536
37732	38013	1	0.006536
37732	38438	3	0.019608
37732	38223	2	0.013072
37735	38787	1	0.009524
37735	39172	1	0.009524
37735	38102	1	0.009524
37735	39047	1	0.009524
37735	37642	1	0.009524
37735	38795	1	0.009524
37735	37650	2	0.019048
37735	38165	1	0.009524
37735	38042	2	0.019048
37735	37915	17	0.161905
37735	37786	1	0.009524
37735	39199	1	0.009524
37735	38560	3	0.028571
37735	39003	1	0.009524
37735	39080	1	0.009524
37735	38577	1	0.009524
37735	38747	1	0.009524
37735	38333	1	0.009524
37735	37696	1	0.009524
37735	37956	1	0.009524
37735	38342	1	0.009524
37735	38731	1	0.009524
37735	37708	1	0.009524
37735	38867	1	0.009524
37735	38998	106	1.009524
37735	37464	1	0.009524
37735	37860	1	0.009524
37735	37723	1	0.009524
37735	38239	1	0.009524
37735	37476	1	0.009524
37735	37478	1	0.009524
37735	38889	1	0.009524
37735	38634	1	0.009524
37735	37486	1	0.009524
37735	38642	1	0.009524
37735	38003	1	0.009524
37735	38644	1	0.009524
37735	37737	1	0.009524
37735	37757	1	0.009524
37736	38560	8	0.006329
37736	38727	2	0.001582
37736	37957	2	0.001582
37736	38577	8	0.006329
37736	38634	24	0.018987
37736	38795	2	0.001582
37736	38641	36	0.028481
37736	37650	6	0.004747
37736	37983	2136	1.689873
37736	37642	2	0.001582
37736	39070	1065	0.842563
37736	39199	7	0.005538
37737	38042	2	0.027778
37737	38107	1	0.013889
37737	38133	1	0.013889
37737	39070	1	0.013889
37737	38727	1	0.013889
37740	38640	1	0.006667
37740	37723	1	0.006667
37740	37755	2	0.013333
37740	37650	2	0.013333
37741	38634	1	0.028571
37741	39215	2	0.057143
37741	38552	1	0.028571
37741	38874	35	1.000000
37741	37723	1	0.028571
37741	38012	2	0.057143
37743	39249	1	0.006849
37743	38634	20	0.136986
37743	37723	56	0.383562
37743	37478	51	0.349315
37744	38144	6	0.002818
37744	37832	942	0.442461
37744	38634	38	0.017849
37744	38775	4	0.001879
37744	38552	2	0.000939
37744	38489	2	0.000939
37744	37786	1	0.000470
37744	37723	49	0.023016
37745	38177	1	0.012346
37745	37922	1	0.012346
37745	38707	1	0.012346
37745	38149	1	0.012346
37745	37478	12	0.148148
37745	37388	1	0.012346
37745	38634	1322	16.320988
37745	37755	1	0.012346
37745	38924	1	0.012346
37745	37870	1	0.012346
37745	37775	1	0.012346
37745	37688	1	0.012346
37745	37395	1	0.012346
37745	38552	1	0.012346
37745	37753	1	0.012346
37745	38042	8	0.098765
37745	37915	1	0.012346
37745	38438	1	0.012346
37745	39070	1	0.012346
37745	39199	31	0.382716
37746	38634	2	0.250000
37747	37793	1	0.166667
37748	39010	41	1.171429
37749	38560	21	0.024648
37749	39003	5	0.005869
37749	38212	2	0.002347
37749	38634	7	0.008216
37749	37708	2	0.002347
37749	37870	31	0.036385
37749	38577	3	0.003521
37749	37650	1	0.001174
37749	38042	1	0.001174
37749	37471	855	1.003521
37749	37642	1	0.001174
37749	39199	4	0.004695
37750	38177	9	0.020000
37750	38634	6	0.013333
37750	38932	3	0.006667
37750	38042	3	0.006667
37750	38586	3	0.006667
37750	39199	3	0.006667
37752	38560	4	0.013652
37752	37957	1	0.003413
37752	38634	46	0.156997
37752	37676	46	0.156997
37752	38577	46	0.156997
37752	37650	1	0.003413
37752	37524	46	0.156997
37752	38105	46	0.156997
37752	38042	46	0.156997
37752	37885	46	0.156997
37752	39199	2	0.006826
37753	39047	3	0.001886
37753	37642	4	0.002514
37753	38672	3	0.001886
37753	38290	2	0.001257
37753	39187	11	0.006914
37753	37783	2	0.001257
37753	38552	14	0.008799
37753	37956	1	0.000629
37753	38042	45	0.028284
37753	38172	1	0.000629
37753	39199	9	0.005657
37753	38560	2	0.001257
37753	37723	3	0.001886
37753	38054	2	0.001257
37753	37421	5	0.003143
37753	38577	15	0.009428
37753	38068	2	0.001257
37753	39224	19	0.011942
37753	37684	3	0.001886
37753	38590	1	0.000629
37753	38980	5	0.003143
37753	38727	1	0.000629
37753	37708	4	0.002514
37753	37970	4	0.002514
37753	39253	1	0.000629
37753	38742	1	0.000629
37753	37977	1	0.000629
37753	39003	6	0.003771
37753	37478	3	0.001886
37753	39272	1	0.000629
37753	38634	57	0.035827
37753	37650	11	0.006914
37754	37723	990	0.742129
37754	38852	4	0.002999
37754	37790	6	0.004498
37754	39070	992	0.743628
37755	38912	1	0.000831
37755	37440	3	0.002492
37755	38403	2	0.001661
37755	38100	1	0.000831
37755	38149	2	0.001661
37755	39047	6	0.004983
37755	37642	67	0.055648
37755	37388	1	0.000831
37755	38158	4	0.003322
37755	38543	2	0.001661
37755	37650	35	0.029070
37755	37395	1	0.000831
37755	38287	1	0.000831
37755	38294	4	0.003322
37755	37977	1	0.000831
37755	38552	6	0.004983
37755	38042	18	0.014950
37755	37915	2	0.001661
37755	38685	7	0.005814
37755	39070	2	0.001661
37755	39199	30	0.024917
37755	37408	8	0.006645
37755	38177	2	0.001661
37755	37402	2	0.001661
37755	37403	6	0.004983
37755	38820	5	0.004153
37755	38438	2	0.001661
37755	39269	1	0.000831
37755	38312	2	0.001661
37755	38151	4	0.003322
37755	37805	2	0.001661
37755	38190	12	0.009967
37755	38577	14	0.011628
37755	37427	3	0.002492
37755	38326	11	0.009136
37755	37688	4	0.003322
37755	37580	1	0.000831
37755	37767	1	0.000831
37755	37834	5	0.004153
37755	38991	5	0.004153
37755	37568	7	0.005814
37755	38560	17	0.014120
37755	38978	7	0.005814
37755	38979	2	0.001661
37755	38342	1	0.000831
37755	38727	5	0.004153
37755	38924	2	0.001661
37755	37723	12	0.009967
37755	39243	1	0.000831
37755	37708	17	0.014120
37755	38223	7	0.005814
37755	38200	2	0.001661
37755	37411	5	0.004153
37755	37962	3	0.002492
37755	38613	20	0.016611
37755	38614	8	0.006645
37755	38265	2	0.001661
37755	38731	1	0.000831
37755	38617	6	0.004983
37755	39003	5	0.004153
37755	38640	3	0.002492
37755	38495	5	0.004153
37755	38752	5	0.004153
37755	37730	4	0.003322
37755	38691	4	0.003322
37755	37775	1	0.000831
37755	37733	7	0.005814
37755	37478	14	0.011628
37755	38633	1	0.000831
37755	38634	88	0.073090
37755	39207	1	0.000831
37755	37740	2	0.001661
37755	38509	1	0.000831
37755	37870	3	0.002492
37755	37639	2	0.001661
37755	38385	5	0.004153
37755	37490	1	0.000831
37755	38644	2	0.001661
37755	38774	1	0.000831
37755	38775	5	0.004153
37755	37753	2	0.001661
37755	37370	3	0.002492
37755	37885	1	0.000831
37758	37688	1	0.031250
37758	38634	3	0.093750
37758	38076	1	0.031250
37758	39069	1	0.031250
37758	38085	1	0.031250
37760	38634	5	0.009158
37760	37723	5	0.009158
37762	37474	5	0.013736
37763	38560	1	0.007692
37763	38634	3	0.023077
37763	37779	2	0.015385
37763	37870	7	0.053846
37763	39199	1	0.007692
37764	37757	18	0.529412
37764	38560	1	0.029412
37764	37469	18	0.529412
37764	37949	62	1.823529
37766	38852	1	0.000542
37766	37939	4551	2.465330
37766	39070	3	0.001625
37766	37754	36	0.019502
37766	37723	1	0.000542
37766	37790	24	0.013001
37767	37755	1	0.033333
37767	38574	1	0.033333
37768	38869	1	1.000000
37769	38304	1	0.090909
37770	38980	8	0.001235
37770	38342	4	0.000617
37770	38634	29	0.004475
37770	38223	2	0.000309
37770	38290	1789	0.276080
37770	39187	2	0.000309
37770	38838	5	0.000772
37770	37723	5	0.000772
37770	39198	1	0.000154
37771	38560	2	0.013793
37771	38634	4	0.027586
37771	37580	2	0.013793
37771	38105	1	0.006897
37771	37529	2	0.013793
37771	38042	2	0.013793
37771	37885	1	0.006897
37771	39199	10	0.068966
37772	38664	18	0.346154
37772	37388	15	0.288462
37772	37412	3	0.057692
37775	38912	5	0.001161
37775	38554	4	0.000929
37775	38149	4	0.000929
37775	37513	1	0.000232
37775	39179	2	0.000464
37775	37388	4	0.000929
37775	38158	2	0.000464
37775	37650	16	0.003714
37775	38766	4	0.000929
37775	38039	3	0.000696
37775	38552	5	0.001161
37775	38042	9	0.002089
37775	37915	3	0.000696
37775	37660	1	0.000232
37775	38426	2	0.000464
37775	39070	4	0.000929
37775	39199	3	0.000696
37775	38560	5	0.001161
37775	38177	3	0.000696
37775	38342	1	0.000232
37775	38438	3	0.000696
37775	38955	2	0.000464
37775	37554	3	0.000696
37775	37961	1	0.000232
37775	37688	3	0.000696
37775	38106	2	0.000464
37775	38853	3	0.000696
37775	38598	2	0.000464
37775	38924	5	0.001161
37775	38775	2	0.000464
37775	37708	1	0.000232
37775	37655	1	0.000232
37775	38597	2	0.000464
37775	39251	8	0.001857
37775	38100	4	0.000929
37775	38542	2	0.000464
37775	38487	2	0.000464
37775	38745	2	0.000464
37775	38746	3	0.000696
37775	37852	2	0.000464
37775	37474	2	0.000464
37775	39140	2	0.000464
37775	37478	17	0.003946
37775	38889	2	0.000464
37775	38634	44	0.010214
37775	38802	2	0.000464
37775	37870	4	0.000929
37775	37757	2	0.000464
37775	38000	2	0.000464
37775	38774	4	0.000929
37775	38263	1	0.000232
37775	37753	4	0.000929
37775	37755	3	0.000696
37775	37885	4	0.000929
37776	38560	17	0.003390
37776	37915	8	0.001595
37776	38634	7	0.001396
37776	39215	1	0.000199
37776	38544	9080	1.810568
37776	38139	1	0.000199
37776	37723	6	0.001196
37776	38333	1	0.000199
37777	38560	6	0.004405
37777	39139	5	0.003671
37777	37510	4	0.002937
37777	38634	17	0.012482
37777	37870	1	0.000734
37777	38742	1	0.000734
37777	37723	132	0.096916
37778	38912	1	0.083333
37778	39199	1	0.083333
37779	38560	2	0.038462
37779	37763	2	0.038462
37780	37957	1	0.020833
37780	38634	6	0.125000
37780	37580	1	0.020833
37780	38577	1	0.020833
37780	37650	1	0.020833
37780	37977	1	0.020833
37780	39199	1	0.020833
37781	38634	5	5.000000
37781	37723	1	1.000000
37782	38369	208	2.039216
37782	39146	5	0.049020
37782	39215	206	2.019608
37782	38577	1	0.009804
37782	38552	1	0.009804
37782	37915	1	0.009804
37783	37753	10	0.062893
37783	37650	4	0.025157
37783	37684	1	0.006289
37783	38042	2	0.012579
37786	38144	1	0.000256
37786	39042	3	0.000769
37786	38661	5	0.001282
37786	37642	1	0.000256
37786	38795	2	0.000513
37786	38924	1	0.000256
37786	38658	2	0.000513
37786	37650	12	0.003077
37786	39187	1	0.000256
37786	38552	3	0.000769
37786	38042	4	0.001026
37786	39198	10	0.002564
37786	39199	3	0.000769
37786	38560	7	0.001795
37786	39003	1	0.000256
37786	39205	1	0.000256
37786	38577	1	0.000256
37786	38838	1	0.000256
37786	38328	1	0.000256
37786	38333	1	0.000256
37786	37823	3	0.000769
37786	38208	1	0.000256
37786	38432	2	0.000513
37786	38340	1	0.000256
37786	37575	5	0.001282
37786	37708	1	0.000256
37786	38533	1	0.000256
37786	38610	1	0.000256
37786	38487	1	0.000256
37786	37723	4	0.001026
37786	37478	4	0.001026
37786	38634	16	0.004103
37786	37869	64	0.016410
37786	37486	2	0.000513
37786	38775	51	0.013077
37786	39161	1	0.000256
37787	38560	2	0.046512
37787	38577	2	0.046512
37787	38362	2	0.046512
37787	38390	2	0.046512
37788	38417	2	0.017544
37788	37922	1	0.008772
37788	39003	1	0.008772
37788	37981	1	0.008772
37789	38552	1	0.050000
37789	38634	1	0.050000
37790	38852	2	0.001278
37790	38634	2	0.001278
37790	38577	3	0.001917
37790	37754	1	0.000639
37790	37723	1	0.000639
37790	39070	1565	1.000000
37791	37624	86	0.345382
37791	38634	4	0.016064
37791	37723	114	0.457831
37791	38042	1	0.004016
37792	38042	2	0.062500
37792	37723	1	0.031250
37792	38634	3	0.093750
37793	37728	1	0.008000
37793	39161	1	0.008000
37793	38634	7	0.056000
37793	37723	3	0.024000
37793	38795	1	0.008000
37794	38042	1	0.006410
37794	37723	3	0.019231
37794	38634	1	0.006410
37795	37491	2	0.019608
37795	38790	1	0.009804
37795	38731	2	0.019608
37795	39215	36	0.352941
37795	38775	1	0.009804
37795	38231	4	0.039216
37795	38552	1	0.009804
37795	37915	1	0.009804
37795	37501	10	0.098039
37797	37642	2	0.044444
37798	37915	2	0.010256
37798	37453	1	0.005128
37799	39199	1	0.013333
37801	37856	4	0.057971
37801	38050	1	0.014493
37801	38444	1	0.014493
37801	38634	2	0.028986
37801	37420	1	0.014493
37801	37650	3	0.043478
37801	38227	1	0.014493
37802	38634	3	0.011673
37802	37677	1	0.003891
37802	38800	4	0.015564
37802	38230	2	0.007782
37802	38042	1	0.003891
37802	37723	24	0.093385
37803	38277	1	0.052632
37803	39206	1	0.052632
37804	38560	3	0.044118
37804	39003	1	0.014706
37804	38727	2	0.029412
37804	38634	4	0.058824
37804	37580	2	0.029412
37804	38640	1	0.014706
37804	38577	1	0.014706
37804	37650	1	0.014706
37804	38613	1	0.014706
37804	38042	2	0.029412
37804	37755	16	0.235294
37807	38577	1	0.001550
37807	38042	5	0.007752
37807	37915	25	0.038760
37807	38634	1	0.001550
37808	37708	1	0.008850
37808	38634	5	0.044248
37808	38188	1	0.008850
37808	37458	1	0.008850
37808	38577	1	0.008850
37808	37650	1	0.008850
37808	38042	3	0.026549
37808	37915	1	0.008850
37808	37949	1	0.008850
37808	39199	2	0.017699
37809	38145	2	0.086957
37809	38724	2	0.086957
37809	38634	1	0.043478
37809	38540	2	0.086957
37809	38742	1	0.043478
37809	37723	2	0.086957
37811	38144	1	0.002717
37811	38560	1	0.002717
37811	37538	2	0.005435
37811	37723	51	0.138587
37811	38212	1	0.002717
37811	39077	1	0.002717
37811	37830	1	0.002717
37811	38634	35	0.095109
37811	39234	1	0.002717
37811	37786	1	0.002717
37811	38447	1	0.002717
37811	37744	1	0.002717
37811	37650	3	0.008152
37811	39188	1	0.002717
37811	38190	1	0.002717
37811	38552	3	0.008152
37811	37956	1	0.002717
37811	38042	1	0.002717
37811	38491	2	0.005435
37811	37642	1	0.002717
37814	37472	2	0.033333
37814	38721	2	0.033333
37814	38627	2	0.033333
37814	37669	2	0.033333
37814	37382	2	0.033333
37814	38332	2	0.033333
37814	37674	3	0.050000
37814	37975	1	0.016667
37814	38476	4	0.066667
37814	38062	3	0.050000
37814	39087	2	0.033333
37814	37712	2	0.033333
37814	37779	2	0.033333
37814	38254	3	0.050000
37814	38710	2	0.033333
37814	38935	2	0.033333
37814	37532	2	0.033333
37814	38181	2	0.033333
37814	37471	2	0.033333
37815	38800	54	1.000000
37815	38766	1	0.018519
37815	39199	1	0.018519
37817	38634	2	0.042553
37817	39091	1	0.021277
37817	38100	2	0.042553
37817	38335	2	0.042553
37818	38995	4	0.307692
37823	38208	2	0.004348
37823	37478	2	0.004348
37823	38634	3	0.006522
37823	37650	1	0.002174
37823	37556	1	0.002174
37823	38042	2	0.004348
37823	37757	1	0.002174
37823	39199	1	0.002174
37824	38105	307	1.009868
37824	38042	6	0.019737
37824	38634	1	0.003289
37825	37554	6	1.500000
37826	38560	7	0.006744
37826	39185	1	0.000963
37826	38634	78	0.075145
37826	37650	1	0.000963
37826	38063	17	0.016378
37826	38577	7	0.006744
37826	38223	2	0.001927
37826	38319	30	0.028902
37826	38774	80	0.077071
37826	38552	8	0.007707
37826	39161	4	0.003854
37826	38042	4	0.003854
37826	39003	27	0.026012
37826	37642	2	0.001927
37826	39199	10	0.009634
37828	38560	7	0.011785
37828	39108	1	0.001684
37828	38634	10	0.016835
37828	38763	292	0.491582
37828	37708	5	0.008418
37828	39215	4	0.006734
37828	38000	3	0.005051
37828	38577	1	0.001684
37828	37650	3	0.005051
37828	38479	2	0.003367
37828	39003	3	0.005051
37828	38042	2	0.003367
37828	39199	8	0.013468
37830	38560	12	0.003302
37830	38144	4	0.001101
37830	38223	1	0.000275
37830	38662	2	0.000550
37830	37478	2	0.000550
37830	38634	15	0.004128
37830	37868	2	0.000550
37830	38447	1	0.000275
37830	37650	1	0.000275
37830	37723	26	0.007155
37831	38634	2	0.001597
37831	37723	1093	0.873003
37832	38634	8	0.067227
37832	37744	2	0.016807
37832	37650	11	0.092437
37832	38775	1	0.008403
37832	38042	4	0.033613
37832	39199	1	0.008403
37833	38560	4	0.007117
37833	37513	2	0.003559
37833	38634	36	0.064057
37833	37708	6	0.010676
37833	38353	2	0.003559
37833	37650	2	0.003559
37833	38042	4	0.007117
37833	37915	2	0.003559
37833	37949	2	0.003559
37833	39199	2	0.003559
37834	38200	3	0.081081
37834	38640	3	0.081081
37834	37723	3	0.081081
37834	37755	4	0.108108
37834	38613	2	0.054054
37837	38560	6	0.003834
37837	38634	25	0.015974
37837	38013	3	0.001917
37837	37710	6	0.003834
37837	38727	3	0.001917
37838	38464	1069	0.899075
37838	38533	1	0.000841
37838	38831	1069	0.899075
37838	38576	1	0.000841
37838	37491	1	0.000841
37838	39067	1069	0.899075
37839	38634	401	16.040000
37839	38042	3	0.120000
37841	38560	8	0.363636
37841	37957	1	0.045455
37841	38766	4	0.181818
37841	38800	1	0.045455
37841	38422	2	0.090909
37841	38138	1	0.045455
37842	38634	2	0.020833
37843	38560	3	0.003896
37843	38042	1	0.001299
37843	37958	1	0.001299
37843	37642	2	0.002597
37843	38438	770	1.000000
37846	38664	81	1.000000
37846	37723	1	0.012346
37846	38775	1	0.012346
37848	38403	13	1.000000
37849	38560	1	0.031250
37849	38102	2	0.062500
37849	37546	6	0.187500
37849	37486	2	0.062500
37849	38350	1	0.031250
37852	38002	92	0.989247
37852	39199	2	0.021505
37853	38560	2	0.058824
37853	37478	1	0.029412
37853	39175	3	0.088235
37853	38634	7	0.205882
37853	38577	4	0.117647
37853	37650	7	0.205882
37853	38968	1	0.029412
37853	38042	3	0.088235
37853	37979	2	0.058824
37853	37386	1	0.029412
37854	38560	1	0.001486
37854	37370	1	0.001486
37854	38342	1	0.001486
37854	38727	2	0.002972
37854	38634	4	0.005944
37854	37931	684	1.016345
37854	37708	6	0.008915
37854	38766	17	0.025260
37854	38223	1	0.001486
37854	38800	674	1.001486
37854	37650	8	0.011887
37854	37559	1	0.001486
37854	38042	2	0.002972
37854	37723	1	0.001486
37854	38333	1	0.001486
37854	39167	1	0.001486
37855	38691	1	0.003300
37855	38630	303	1.000000
37855	38634	9	0.029703
37855	37755	2	0.006601
37855	38543	1	0.003300
37855	38770	304	1.003300
37855	38324	303	1.000000
37855	37723	12	0.039604
37856	38560	6	0.007238
37856	38342	1	0.001206
37856	38727	2	0.002413
37856	37801	1	0.001206
37856	38634	28	0.033776
37856	38444	1	0.001206
37856	38837	1	0.001206
37856	38552	14	0.016888
37856	38042	2	0.002413
37856	37723	19	0.022919
37856	38485	1	0.001206
37857	38560	1	0.002967
37857	37955	1	0.002967
37857	37957	1	0.002967
37857	38634	15	0.044510
37857	37708	1	0.002967
37857	37650	3	0.008902
37857	37487	4	0.011869
37857	37680	1	0.002967
37857	37586	4	0.011869
37857	37752	4	0.011869
37857	38042	13	0.038576
37857	37647	4	0.011869
37857	37885	2	0.005935
37858	38560	3	0.111111
37858	38634	2	0.074074
37858	38125	1	0.037037
37858	39199	3	0.111111
37858	38577	1	0.037037
37858	37688	2	0.074074
37858	37723	1	0.037037
37858	38623	1	0.037037
37860	39215	3	0.053571
37860	38577	1	0.017857
37860	38425	1	0.017857
37860	38042	1	0.017857
37860	37949	3	0.053571
37860	39199	1	0.017857
37861	38082	87	0.988636
37861	37723	6	0.068182
37861	38634	1	0.011364
37863	38342	2	0.024096
37863	38634	6	0.072289
37863	37642	2	0.024096
37863	37708	1	0.012048
37863	37844	2	0.024096
37863	38774	7	0.084337
37863	39161	2	0.024096
37863	38781	2	0.024096
37864	38634	1629	19.392857
37864	37957	1	0.011905
37864	38042	1	0.011905
37864	37478	1	0.011905
37864	38775	1	0.011905
37866	38560	8	0.003665
37866	38634	8	0.003665
37866	38574	2	0.000916
37866	38456	4	0.001832
37866	38775	2	0.000916
37866	38552	10	0.004581
37866	38042	2	0.000916
37866	37723	4	0.001832
37866	37642	6	0.002749
37866	38366	2	0.000916
37867	39106	2	0.002326
37867	37723	2	0.002326
37868	38144	1	0.000779
37868	38560	1	0.000779
37868	39234	1	0.000779
37868	38179	4	0.003118
37868	37956	9	0.007015
37868	38342	9	0.007015
37868	37830	6	0.004677
37868	38634	33	0.025721
37868	38775	1	0.000779
37868	37708	3	0.002338
37868	38577	2	0.001559
37868	37650	2	0.001559
37868	37642	2	0.001559
37868	38487	2	0.001559
37868	38042	20	0.015588
37868	39003	6	0.004677
37868	38666	2	0.001559
37869	38560	1	0.000831
37869	38432	285	0.236908
37869	37705	1	0.000831
37869	37642	11	0.009144
37869	38795	285	0.236908
37869	38838	296	0.246052
37869	37786	287	0.238570
37869	38634	9	0.007481
37870	38560	1	0.008772
37870	37478	3	0.026316
37870	38342	1	0.008772
37870	38634	2	0.017544
37870	38387	1	0.008772
37870	38552	2	0.017544
37870	38042	2	0.017544
37870	37723	5	0.043860
37870	37567	1	0.008772
37872	38634	1	0.062500
37874	38432	1	0.017544
37874	38144	1	0.017544
37874	37478	7	0.122807
37874	38342	1	0.017544
37874	38727	1	0.017544
37874	38634	634	11.122807
37874	38631	1	0.017544
37874	37486	4	0.070175
37874	38576	1	0.017544
37874	38610	2	0.035088
37874	39187	1	0.017544
37874	38742	1	0.017544
37874	38533	1	0.017544
37874	38391	1	0.017544
37874	38456	1	0.017544
37874	39161	1	0.017544
37874	37370	1	0.017544
37874	37723	1	0.017544
37874	38013	1	0.017544
37874	39199	1	0.017544
37875	37575	1	0.076923
37877	38560	1	0.062500
37877	37538	1	0.062500
37877	38491	18	1.125000
37878	38634	2	0.022222
37878	37723	22	0.244444
37878	38245	43	0.477778
37879	38634	4	4.000000
37879	37723	1	1.000000
37880	37786	2	0.166667
37880	37723	2	0.166667
37884	38144	22	0.013889
37884	37505	4	0.002525
37884	38404	4	0.002525
37884	38149	1	0.000631
37884	39047	4	0.002525
37884	37642	7	0.004419
37884	37388	1	0.000631
37884	38158	4	0.002525
37884	38305	1	0.000631
37884	37650	25	0.015783
37884	37395	1	0.000631
37884	39188	8	0.005051
37884	38766	2	0.001263
37884	38552	1	0.000631
37884	38042	9	0.005682
37884	37915	2	0.001263
37884	39070	2	0.001263
37884	39199	10	0.006313
37884	38560	9	0.005682
37884	38177	1	0.000631
37884	37538	4	0.002525
37884	37723	7	0.004419
37884	38438	2	0.001263
37884	38447	1	0.000631
37884	38577	14	0.008838
37884	37811	1	0.000631
37884	37961	1	0.000631
37884	37688	2	0.001263
37884	39234	2	0.001263
37884	37956	1	0.000631
37884	37830	1	0.000631
37884	38727	1	0.000631
37884	37832	5	0.003157
37884	37580	2	0.001263
37884	37708	4	0.002525
37884	38223	3	0.001894
37884	38736	4	0.002525
37884	38179	4	0.002525
37884	38100	3	0.001894
37884	38742	1	0.000631
37884	38487	1	0.000631
37884	38489	33	0.020833
37884	39003	1	0.000631
37884	39261	5	0.003157
37884	38491	5	0.003157
37884	37478	3	0.001894
37884	38634	6649	4.197601
37884	37868	5	0.003157
37884	38509	1	0.000631
37884	37870	2	0.001263
37884	37744	1	0.000631
37884	37619	6	0.003788
37884	37877	4	0.002525
37884	38775	4	0.002525
37884	37753	1	0.000631
37884	37755	4	0.002525
37884	37885	1	0.000631
37885	38912	1	0.031250
37885	38080	1	0.031250
37885	38020	1	0.031250
37885	38149	1	0.031250
37885	39175	6	0.187500
37885	38920	1	0.031250
37885	38892	1	0.031250
37885	37899	1	0.031250
37885	38924	1	0.031250
37885	38177	1	0.031250
37885	38798	1	0.031250
37885	38317	1	0.031250
37885	38547	1	0.031250
37885	37524	1	0.031250
37885	39063	1	0.031250
37885	37529	1	0.031250
37885	38938	1	0.031250
37885	38683	1	0.031250
37885	38557	1	0.031250
37885	38430	1	0.031250
37885	37680	1	0.031250
37885	38946	1	0.031250
37885	37915	1	0.031250
37885	38180	1	0.031250
37885	38567	1	0.031250
37885	37417	1	0.031250
37885	37418	1	0.031250
37885	37547	1	0.031250
37885	37676	1	0.031250
37885	37549	1	0.031250
37885	37903	2	0.062500
37885	37853	2	0.062500
37885	38704	1	0.031250
37885	39217	1	0.031250
37885	37426	3	0.093750
37885	38196	36	1.125000
37885	39198	1	0.031250
37885	38454	5	0.156250
37885	38968	1	0.031250
37885	38841	1	0.031250
37885	38715	1	0.031250
37885	37693	1	0.031250
37885	38078	1	0.031250
37885	37824	2	0.062500
37885	37955	1	0.031250
37885	37958	1	0.031250
37885	38727	1	0.031250
37885	38729	1	0.031250
37885	37967	1	0.031250
37885	37587	1	0.031250
37885	37974	1	0.031250
37885	38105	32	1.000000
37885	39258	1	0.031250
37885	37979	1	0.031250
37885	38749	1	0.031250
37885	38111	1	0.031250
37885	37647	1	0.031250
37885	37857	1	0.031250
37885	39010	1	0.031250
37885	38632	1	0.031250
37885	38377	1	0.031250
37885	38634	5	0.156250
37885	37996	1	0.031250
37885	38576	4	0.125000
37885	37487	2	0.062500
37885	38376	1	0.031250
37885	38223	1	0.031250
37885	37715	1	0.031250
37885	37748	1	0.031250
37885	39030	3	0.093750
37885	38253	1	0.031250
37885	37752	1	0.031250
37885	38577	1	0.031250
37885	39034	1	0.031250
37885	39036	1	0.031250
37885	38378	1	0.031250
37885	37631	1	0.031250
37886	38560	9	0.006489
37886	37958	985	0.710166
37886	38634	23	0.016583
37886	37708	12	0.008652
37886	38577	3	0.002163
37886	38105	3	0.002163
37886	38042	18	0.012978
37886	39003	3	0.002163
37886	37885	957	0.689978
37888	38727	1	0.005952
37888	37642	1	0.005952
37888	37650	1	0.005952
37888	38774	15	0.089286
37888	38634	6	0.035714
37888	39199	1	0.005952
37889	38082	36	0.800000
37891	38701	169	1.270677
37892	38634	27	0.016463
37892	38795	2	0.001220
37892	38254	9	0.005488
37892	38223	1	0.000610
37892	37970	3	0.001829
37892	37870	3	0.001829
37892	37559	1	0.000610
37892	37723	29	0.017683
37892	38333	1	0.000610
37892	38655	3	0.001829
37893	39152	4	0.153846
37893	38634	4	0.153846
37893	37723	4	0.153846
37893	38335	4	0.153846
37893	37423	4	0.153846
37896	38552	1	0.000470
37896	38634	20	0.009407
37896	37723	1	0.000470
37896	38724	1	0.000470
37897	39129	33	0.428571
37897	38634	11	0.142857
37898	37723	2	0.200000
37899	38634	1	0.010417
37900	38634	4	4.000000
37900	37723	1	1.000000
37901	38634	44	0.556962
37902	38577	1	0.010870
37902	38042	4	0.043478
37902	39003	2	0.021739
37903	38560	1	0.001842
37903	38577	1	0.001842
37903	38634	9	0.016575
37903	38105	1	0.001842
37903	37417	1	0.001842
37904	38560	3	0.005208
37904	37478	3	0.005208
37904	38824	1	0.001736
37904	38634	3	0.005208
37904	37708	2	0.003472
37904	37870	19	0.032986
37904	38577	1	0.001736
37904	37650	2	0.003472
37904	38710	444	0.770833
37904	38042	2	0.003472
37904	39003	1	0.001736
37907	38634	3	0.001781
37907	37723	2	0.001188
37907	38174	41653	24.734561
37908	38849	1	0.001414
37908	38149	3	0.004243
37908	38889	1	0.001414
37908	38634	23	0.032532
37908	38576	3	0.004243
37908	38352	3	0.004243
37908	38450	9	0.012730
37908	37491	6	0.008487
37908	38102	1	0.001414
37908	38838	1	0.001414
37908	38552	2	0.002829
37908	37786	1	0.001414
37908	37723	9	0.012730
37908	38333	7	0.009901
37909	38634	1	0.010753
37910	38560	55	0.381944
37910	38438	393	2.729167
37910	37575	1	0.006944
37910	37513	1	0.006944
37910	38634	27	0.187500
37910	37580	1	0.006944
37910	37650	3	0.020833
37910	38775	1	0.006944
37910	38042	1	0.006944
37910	37723	1	0.006944
37910	37642	1	0.006944
37910	39199	5	0.034722
37911	38560	2	0.005988
37911	37478	6	0.017964
37911	38727	1	0.002994
37911	38634	2487	7.446108
37911	37580	2	0.005988
37911	38577	4	0.011976
37911	38742	1	0.002994
37911	38487	1	0.002994
37911	38552	4	0.011976
37911	39199	42	0.125749
37914	38560	16	0.018476
37914	38634	12	0.013857
37914	37682	548	0.632794
37914	38552	2	0.002309
37914	37757	2	0.002309
37914	39070	4	0.004619
37915	38919	4	0.001954
37915	37393	4	0.001954
37915	37923	4	0.001954
37915	38436	4	0.001954
37915	37425	4	0.001954
37915	37938	2	0.000977
37915	37940	5	0.002443
37915	37949	1	0.000489
37915	37438	1	0.000489
37915	37450	4	0.001954
37915	37453	1	0.000489
37915	37458	4	0.001954
37915	38995	1	0.000489
37915	38487	2	0.000977
37915	37464	5	0.002443
37915	37476	1	0.000489
37915	38493	3	0.001466
37915	38500	5	0.002443
37915	37478	8	0.003908
37915	39015	4	0.001954
37915	37483	2	0.000977
37915	37486	1901	0.928676
37915	38003	11	0.005374
37915	38516	5	0.002443
37915	39047	6	0.002931
37915	39049	1	0.000489
37915	37515	4	0.001954
37915	38544	4	0.001954
37915	38034	4	0.001954
37915	38042	69	0.033708
37915	38560	38	0.018564
37915	39081	3	0.001466
37915	37546	4	0.001954
37915	39085	2	0.000977
37915	37550	4	0.001954
37915	38575	4	0.001954
37915	38577	2	0.000977
37915	37575	1	0.000489
37915	39118	1	0.000489
37915	38099	5	0.002443
37915	38102	3	0.001466
37915	39128	4	0.001954
37915	38112	4	0.001954
37915	38634	2039	0.996092
37915	38642	3	0.001466
37915	38131	1	0.000489
37915	38139	2	0.000977
37915	39164	4	0.001954
37915	38158	1904	0.930142
37915	37650	34	0.016610
37915	38163	4	0.001954
37915	38165	4	0.001954
37915	39195	3	0.001466
37915	39199	1	0.000489
37915	39215	1893	0.924768
37915	37513	5	0.002443
37915	38211	4	0.001954
37915	37723	4	0.001954
37915	38731	736	0.359551
37915	37708	2	0.000977
37915	37711	1	0.000489
37915	38737	5	0.002443
37915	38742	9	0.004397
37915	38231	5	0.002443
37915	37721	4	0.001954
37915	38747	4	0.001954
37915	38239	1	0.000489
37915	37729	5	0.002443
37915	37735	3	0.001466
37915	37750	1	0.000489
37915	38775	3	0.001466
37915	38777	5	0.002443
37915	37757	1	0.000489
37915	38787	1	0.000489
37915	37764	4	0.001954
37915	38791	1	0.000489
37915	38288	3	0.001466
37915	37795	1	0.000489
37915	37798	5	0.002443
37915	37807	1	0.000489
37915	37808	5	0.002443
37915	38643	6	0.002931
37915	37816	4	0.001954
37915	38342	2	0.000977
37915	38855	6	0.002931
37915	38353	3	0.001466
37915	38867	7	0.003420
37915	38223	1	0.000489
37915	38369	3	0.001466
37915	37860	4	0.001954
37915	37628	4	0.001954
37915	37361	1	0.000489
37916	38340	3	0.042857
37916	39269	1	0.014286
37916	38952	2	0.028571
37916	38634	252	3.600000
37916	37551	1	0.014286
37916	38775	1	0.014286
37916	39012	1	0.014286
37916	37723	3	0.042857
37916	37957	3	0.042857
37918	38613	11488	93.398374
37919	38560	1	0.013514
37919	37721	1	0.013514
37919	38775	1	0.013514
37919	38985	1	0.013514
37919	39215	7	0.094595
37922	38560	1	0.009009
37922	37957	1	0.009009
37922	38634	6	0.054054
37922	38775	1	0.009009
37922	38774	7	0.063063
37922	38487	1	0.009009
37922	38042	3	0.027027
37922	37642	1	0.009009
37923	38560	15	0.020891
37923	38634	7	0.009749
37923	38731	1	0.001393
37923	37708	2	0.002786
37923	39215	3	0.004178
37923	38102	2	0.002786
37923	38552	1	0.001393
37923	38042	2	0.002786
37923	37915	1	0.001393
37923	37949	12	0.016713
37924	38634	505	0.547722
37924	38766	28	0.030369
37924	37757	2	0.002169
37924	38800	2	0.002169
37924	38577	501	0.543384
37924	38042	6	0.006508
37924	39003	2	0.002169
37924	38525	2	0.002169
37925	38560	6	0.043796
37925	37708	3	0.021898
37925	38634	7	0.051095
37925	37580	1	0.007299
37925	38100	2	0.014599
37925	37785	2	0.014599
37925	38042	1	0.007299
37925	38335	3	0.021898
37927	38552	3	0.004354
37927	38634	29	0.042090
37927	37723	10	0.014514
37928	38912	1	0.016949
37928	38286	1	0.016949
37929	38177	1	0.025000
37929	37956	1	0.025000
37929	38727	1	0.025000
37929	38701	5	0.125000
37929	39215	1	0.025000
37929	38042	4	0.100000
37929	39003	1	0.025000
37929	37757	3	0.075000
37930	38634	5	5.000000
37930	37723	1	1.000000
37931	38560	8	0.005718
37931	37957	1	0.000715
37931	38634	47	0.033595
37931	38766	15	0.010722
37931	38800	1016	0.726233
37931	38552	2	0.001430
37931	37854	4	0.002859
37931	37527	2	0.001430
37931	38168	1013	0.724089
37931	37786	1	0.000715
37931	37723	36	0.025733
37931	39198	1	0.000715
37931	38655	1	0.000715
37932	38634	2	0.045455
37932	38577	2	0.045455
37932	37650	2	0.045455
37932	39251	1	0.022727
37932	38391	1	0.022727
37932	38552	2	0.045455
37932	39003	1	0.022727
37932	37820	1	0.022727
37932	38013	1	0.022727
37932	39199	2	0.045455
37934	38634	4	4.000000
37934	37723	1	1.000000
37935	38440	17	0.680000
37935	38335	2	0.080000
37936	38634	1	0.041667
37936	37723	2	0.083333
37937	38560	3	0.200000
37937	38177	1	0.066667
37937	38634	2	0.133333
37937	38286	1	0.066667
37937	38574	1	0.066667
37937	38775	2	0.133333
37937	38552	1	0.066667
37937	39129	1	0.066667
37938	38912	4	0.002243
37938	38149	4	0.002243
37938	37870	4	0.002243
37938	37388	4	0.002243
37938	37775	4	0.002243
37938	37395	4	0.002243
37938	38126	4	0.002243
37938	37915	4	0.002243
37938	39070	4	0.002243
37938	39199	7	0.003926
37938	38177	4	0.002243
37938	38438	4	0.002243
37938	39087	4	0.002243
37938	37688	4	0.002243
37938	38727	4	0.002243
37938	38924	4	0.002243
37938	38100	4	0.002243
37938	37478	4	0.002243
37938	38634	5	0.002804
37938	38766	4	0.002243
37938	38774	4	0.002243
37938	37753	4	0.002243
37938	37755	4	0.002243
37938	37885	4	0.002243
37940	37507	3	0.007853
37940	38727	1	0.002618
37940	37580	1	0.002618
37940	38634	11	0.028796
37940	38731	5	0.013089
37940	37708	1	0.002618
37940	37949	3	0.007853
37940	39215	3	0.007853
37940	37650	5	0.013089
37940	38487	1	0.002618
37940	38042	40	0.104712
37940	37915	11	0.028796
37940	37757	1	0.002618
37940	39199	7	0.018325
37941	38568	1	0.007752
37941	38634	2	0.015504
37941	37723	36	0.279070
37941	38858	2	0.015504
37942	38560	1	0.014706
37942	38634	5	0.073529
37942	37723	75	1.102941
37942	39199	3	0.044118
37943	38560	4	0.032000
37943	38634	3760	30.080000
37943	37970	1	0.008000
37943	38742	2	0.016000
37943	38552	1	0.008000
37943	39003	67	0.536000
37944	38634	2	0.046512
37945	38560	2	0.009950
37945	37575	1	0.004975
37945	37708	2	0.009950
37945	38634	5	0.024876
37945	38727	1	0.004975
37945	37580	5	0.024876
37945	38577	6	0.029851
37945	37650	6	0.029851
37945	38552	2	0.009950
37945	38105	1	0.004975
37945	38042	2	0.009950
37945	39003	1	0.004975
37945	39199	3	0.014925
37947	39164	2	0.090909
37948	39215	1	0.004237
37948	37723	4	0.016949
37948	37798	1	0.004237
37948	39047	1	0.004237
37949	38105	6	0.019169
37949	37650	12	0.038339
37949	37915	6	0.019169
37951	38560	6	0.057692
37951	38438	3	0.028846
37951	38727	1	0.009615
37951	38634	1	0.009615
37951	37708	1	0.009615
37951	38736	3	0.028846
37951	37650	3	0.028846
37951	38548	1	0.009615
37951	38775	1	0.009615
37951	38042	1	0.009615
37951	38331	1	0.009615
37951	38013	1	0.009615
37952	37723	1	0.007246
37953	38577	2	0.016667
37953	38602	1	0.008333
37953	37650	3	0.025000
37956	39003	1	0.028571
37956	39172	1	0.028571
37956	38342	1	0.028571
37956	37478	1	0.028571
37956	39047	1	0.028571
37956	37580	2	0.057143
37956	38634	56	1.600000
37956	37708	8	0.228571
37956	38577	1	0.028571
37956	37650	1	0.028571
37956	38042	4	0.114286
37956	37723	37	1.057143
37956	39198	1	0.028571
37956	39199	2	0.057143
37957	38634	471	6.116883
37957	37723	72	0.935065
37957	37775	3	0.038961
37958	39175	1	0.001156
37958	37642	1	0.001156
37958	37650	2	0.002312
37958	38552	7	0.008092
37958	38042	4	0.004624
37958	39199	1	0.001156
37958	38560	2	0.002312
37958	38698	4	0.004624
37958	37676	2	0.002312
37958	38574	1	0.001156
37958	39215	1	0.001156
37958	38576	2	0.002312
37958	38577	1	0.001156
37958	38454	1	0.001156
37958	38979	1	0.001156
37958	38727	1	0.001156
37958	37708	1	0.001156
37958	37723	3	0.003468
37958	38376	5	0.005780
37958	38634	6	0.006936
37958	37996	1	0.001156
37958	37757	1	0.001156
37958	38775	4	0.004624
37958	37885	5	0.005780
37958	37886	10	0.011561
37959	38560	4	0.003113
37959	37957	1	0.000778
37959	38634	41	0.031907
37959	37931	9965	7.754864
37959	38766	15	0.011673
37959	38800	940	0.731518
37959	38552	2	0.001556
37959	37854	2	0.001556
37959	37527	1	0.000778
37959	38168	938	0.729961
37959	37786	1	0.000778
37959	37723	31	0.024125
37959	39198	1	0.000778
37959	38655	1	0.000778
37961	38912	6	0.067416
37961	38634	894	10.044944
37961	38924	2	0.022472
37961	37870	6	0.067416
37961	37775	2	0.022472
37961	37688	6	0.067416
37961	38552	5	0.056180
37961	39199	2	0.022472
37962	38560	6	0.009820
37962	38634	9	0.014730
37962	38640	10	0.016367
37962	37650	6	0.009820
37962	37755	16	0.026187
37962	39199	10	0.016367
37963	37472	8	0.011561
37963	38560	11	0.015896
37963	38634	7	0.010116
37963	37870	481	0.695087
37963	37904	1	0.001445
37963	38487	1	0.001445
37963	38042	2	0.002890
37963	39003	2	0.002890
37963	37642	4	0.005780
37963	39199	4	0.005780
37964	38634	4	0.062500
37964	38319	526	8.218750
37966	39215	2	0.333333
37966	38461	2	0.333333
37966	38919	3	0.500000
37967	38634	2	0.035088
37967	37723	57	1.000000
37969	38824	1	0.008333
37969	38634	1	0.008333
37969	37723	3	0.025000
37969	39162	1	0.008333
37970	38560	4	0.046512
37970	38634	945	10.988372
37970	37723	158	1.837209
37970	38158	2	0.023256
37970	39199	2	0.023256
37971	37478	1	0.000564
37971	38889	1	0.000564
37971	38634	5	0.002818
37971	38356	3	0.001691
37971	37688	1	0.000564
37971	37723	5	0.002818
37971	37642	1	0.000564
37971	39038	4	0.002255
37972	38634	4	0.018265
37972	37723	5	0.022831
37973	37723	16	0.043011
37973	37363	371	0.997312
37973	38634	12	0.032258
37974	38560	2	0.006472
37974	39003	1	0.003236
37974	38634	8	0.025890
37974	38698	1	0.003236
37974	37708	34	0.110032
37974	37549	1	0.003236
37974	37693	4	0.012945
37974	38577	2	0.006472
37974	37650	6	0.019417
37974	37715	1	0.003236
37974	38196	2	0.006472
37974	38105	19	0.061489
37974	38042	1	0.003236
37974	37487	1	0.003236
37974	37885	3	0.009709
37974	38558	1	0.003236
37974	39199	2	0.006472
37975	38634	2	0.000616
37975	39211	1138	0.350477
37975	37814	1	0.000308
37975	38335	2	0.000616
37977	38912	6	0.022140
37977	38634	4714	17.394834
37977	38223	2	0.007380
37977	37650	36	0.132841
37977	37395	2	0.007380
37977	38996	1	0.003690
37977	37688	6	0.022140
37977	37753	9	0.033210
37978	38634	121	10.083333
37979	38560	1	0.083333
37979	37642	1	0.083333
37979	37853	4	0.333333
37981	37380	1	0.025641
37981	37863	2	0.051282
37981	38634	3	0.076923
37981	37643	1	0.025641
37981	37788	1	0.025641
37981	39199	1	0.025641
37983	38560	1	0.008475
37983	39234	1	0.008475
37983	37736	4	0.033898
37983	39215	4	0.033898
37983	38641	3	0.025424
37983	37491	4	0.033898
37983	38076	1	0.008475
37983	38333	1	0.008475
37987	38634	5	5.000000
37987	37723	1	1.000000
37990	37824	2	0.285714
37990	38634	2	0.285714
37991	38634	1	0.001873
37991	37723	1	0.001873
37993	37723	1	0.066667
37993	38613	5	0.333333
37994	38634	50	0.076336
37994	37723	62	0.094656
37995	38634	2	0.040816
37995	37723	1	0.020408
37996	38560	1	0.000598
37996	38454	194	0.116029
37996	37478	2	0.001196
37996	39113	853	0.510167
37996	38698	5	0.002990
37996	37786	1	0.000598
37996	38576	3	0.001794
37996	39217	1	0.000598
37996	38742	1	0.000598
37996	38938	853	0.510167
37996	37723	859	0.513756
37996	38634	14	0.008373
37998	38634	2	0.047619
37998	37723	4	0.095238
37998	37762	1	0.023810
38000	38560	8	0.017778
38000	37642	7	0.015556
38000	37775	362	0.804444
38000	38577	5	0.011111
38000	37558	359	0.797778
38000	38042	1	0.002222
38000	37757	2	0.004444
38001	38560	1	0.018519
38001	38634	3	0.055556
38001	37723	2	0.037037
38001	37380	27	0.500000
38002	37394	4	0.190476
38003	38560	30	0.039267
38003	37723	8	0.010471
38003	38727	1	0.001309
38003	38634	15	0.019634
38003	38731	1	0.001309
38003	38795	2	0.002618
38003	37486	4	0.005236
38003	38042	4	0.005236
38003	37915	598	0.782723
38003	38333	2	0.002618
38005	37723	591	0.864035
38006	37688	1	0.018519
38006	37642	2	0.037037
38006	37723	1	0.018519
38006	39038	1	0.018519
38007	38720	7	0.042945
38007	38560	14	0.085890
38007	39047	1	0.006135
38007	38634	2	0.012270
38007	38727	2	0.012270
38007	37708	1	0.006135
38007	38577	1	0.006135
38007	38644	1	0.006135
38007	37688	10	0.061350
38007	38042	3	0.018405
38007	39003	5	0.030675
38007	39199	2	0.012270
38008	38552	23	1.045455
38008	37688	3	0.136364
38008	37540	1	0.045455
38009	38634	4	4.000000
38009	37723	1	1.000000
38010	38085	1	0.009709
38010	38118	1	0.009709
38010	37615	1	0.009709
38010	38960	17	0.165049
38010	37688	2	0.019417
38010	37434	1	0.009709
38010	37723	2	0.019417
38011	37624	11	1.000000
38011	38634	11	1.000000
38011	37723	3	0.272727
38013	39234	1	0.003610
38013	38838	1	0.003610
38013	38889	1	0.003610
38013	38795	1	0.003610
38013	38102	1	0.003610
38013	37786	1	0.003610
38013	38333	1	0.003610
38014	38792	2	0.014286
38014	39009	1	0.007143
38014	38507	1	0.007143
38014	39197	1	0.007143
38015	38634	1	0.023256
38015	37723	46	1.069767
38017	38912	1	0.010753
38017	38305	2	0.021505
38017	38116	187	2.010753
38017	38634	1	0.010753
38017	38286	2	0.021505
38017	37977	1	0.010753
38017	38560	2	0.021505
38018	37607	44	0.897959
38018	37642	3	0.061224
38018	38735	43	0.877551
38018	38774	1	0.020408
38018	37723	1	0.020408
38018	38634	1	0.020408
38019	38634	21	0.035836
38019	39251	3	0.005119
38022	39234	1	0.004425
38022	38181	4	0.017699
38022	38727	1	0.004425
38022	38889	1	0.004425
38022	38634	8	0.035398
38022	38795	1	0.004425
38022	37870	6	0.026549
38022	38223	1	0.004425
38022	37650	1	0.004425
38022	39251	1	0.004425
38022	38487	1	0.004425
38022	38552	2	0.008850
38022	37786	1	0.004425
38022	38333	1	0.004425
38022	39198	1	0.004425
38022	38655	1	0.004425
38023	38560	2	0.009390
38023	38149	1	0.004695
38023	39199	1	0.004695
38028	38560	1	0.076923
38029	37574	2	0.333333
38034	38560	6	0.012371
38034	39079	2	0.004124
38034	37642	6	0.012371
38034	38731	66	0.136082
38034	39215	2	0.004124
38034	38577	10	0.020619
38034	37650	8	0.016495
38034	38552	2	0.004124
38034	38042	8	0.016495
38034	37915	24	0.049485
38034	37949	80	0.164948
38035	38560	4	0.023810
38035	37478	2	0.011905
38035	38727	1	0.005952
38035	38634	14	0.083333
38035	37708	1	0.005952
38035	38577	5	0.029762
38035	38100	1	0.005952
38035	39003	5	0.029762
38035	39199	1	0.005952
38038	38560	1	0.010526
38038	38649	1	0.010526
38038	38042	1	0.010526
38038	37688	2	0.021053
38039	38560	1	0.017857
38039	39199	1	0.017857
38039	37478	2	0.035714
38039	37775	59	1.053571
38042	38657	2	0.000612
38042	38149	1	0.000306
38042	39047	5	0.001531
38042	37642	12	0.003674
38042	37775	1	0.000306
38042	37650	44	0.013472
38042	38766	1	0.000306
38042	38552	41	0.012554
38042	37786	2	0.000612
38042	37916	4	0.001225
38042	39199	12	0.003674
38042	38560	7	0.002143
38042	38178	1	0.000306
38042	39003	1	0.000306
38042	38438	1	0.000306
38042	38577	10	0.003062
38042	37688	2	0.000612
38042	38432	2	0.000612
38042	37956	2	0.000612
38042	38342	1	0.000306
38042	38727	29	0.008879
38042	37708	6	0.001837
38042	38225	2	0.000612
38042	37970	1	0.000306
38042	38742	14	0.004287
38042	39161	2	0.000612
38042	37978	1	0.000306
38042	37723	13	0.003980
38042	37478	295	0.090325
38042	37864	1	0.000306
38042	38634	35749	10.945805
38042	38610	2	0.000612
38042	37870	1	0.000306
38042	38774	1	0.000306
38042	38775	1	0.000306
38042	37753	2	0.000612
38042	37370	2	0.000612
38042	37755	1	0.000306
38042	37885	1	0.000306
38043	38560	2	0.500000
38044	38483	8	0.007505
38044	38634	1	0.000938
38044	37723	42	0.039400
38045	38560	1	0.016393
38045	39042	2	0.032787
38045	38727	1	0.016393
38045	38698	1	0.016393
38045	38775	1	0.016393
38045	38552	1	0.016393
38045	37723	1	0.016393
38045	38634	1	0.016393
38046	39216	2	0.153846
38046	37728	2	0.153846
38046	38634	6	0.461538
38046	37659	2	0.153846
38046	38303	2	0.153846
38050	38912	2	0.001650
38050	38914	2	0.001650
38050	37896	11	0.009076
38050	37385	1	0.000825
38050	38924	3	0.002475
38050	37395	2	0.001650
38050	37915	2	0.001650
38050	37413	1	0.000825
38050	38438	1	0.000825
38050	38444	3	0.002475
38050	37942	1	0.000825
38050	37961	1	0.000825
38050	38986	1	0.000825
38050	38482	1	0.000825
38050	38485	2	0.001650
38050	38487	12	0.009901
38050	39003	3	0.002475
38050	37478	13	0.010726
38050	37480	1	0.000825
38050	37493	1	0.000825
38050	38524	1	0.000825
38050	39037	1	0.000825
38050	39047	2	0.001650
38050	37513	1	0.000825
38050	38550	1	0.000825
38050	38552	5	0.004125
38050	38042	55	0.045380
38050	39070	2	0.001650
38050	39071	1	0.000825
38050	38560	45	0.037129
38050	38577	2	0.001650
38050	38074	1	0.000825
38050	37575	1	0.000825
38050	37580	1	0.000825
38050	37584	2	0.001650
38050	39126	2	0.001650
38050	38634	131	0.108086
38050	37619	1	0.000825
38050	38646	1	0.000825
38050	39165	1	0.000825
38050	38145	1	0.000825
38050	38149	2	0.001650
38050	38152	2	0.001650
38050	37420	2	0.001650
38050	37642	2	0.001650
38050	38158	3	0.002475
38050	38673	1	0.000825
38050	37650	15	0.012376
38050	39199	3	0.002475
38050	38177	1	0.000825
38050	37673	2	0.001650
38050	38197	1	0.000825
38050	37688	5	0.004125
38050	38724	4	0.003300
38050	38727	1	0.000825
38050	38220	1	0.000825
38050	38226	1	0.000825
38050	38227	2	0.001650
38050	38742	2	0.001650
38050	37723	4	0.003300
38050	39262	2	0.001650
38050	38243	2	0.001650
38050	38245	1	0.000825
38050	38766	1	0.000825
38050	38774	3	0.002475
38050	38775	1	0.000825
38050	37753	1	0.000825
38050	37755	1	0.000825
38050	37757	2	0.001650
38050	38287	1	0.000825
38050	38803	1	0.000825
38050	38292	3	0.002475
38050	37799	2	0.001650
38050	37801	3	0.002475
38050	37809	1	0.000825
38050	38837	2	0.001650
38050	37708	2	0.001650
38050	38347	1	0.000825
38050	38873	1	0.000825
38050	37856	1	0.000825
38050	37870	3	0.002475
38050	38141	1	0.000825
38050	37874	2	0.001650
38050	37368	1	0.000825
38050	37885	1	0.000825
38050	37388	3	0.002475
38052	38634	5	0.068493
38054	38560	2	0.011976
38054	37830	1	0.005988
38054	38727	1	0.005988
38054	38634	25	0.149701
38054	37970	1	0.005988
38054	37391	1	0.005988
38054	37650	2	0.011976
38054	39187	1	0.005988
38054	37977	1	0.005988
38054	39224	3	0.017964
38054	37753	18	0.107784
38054	38042	2	0.011976
38054	38442	1	0.005988
38054	39199	2	0.011976
38057	39215	9	0.450000
38058	38560	2	0.015267
38058	38634	6	0.045802
38058	37708	3	0.022901
38058	38577	1	0.007634
38058	37688	1	0.007634
38058	37434	1	0.007634
38058	37982	1	0.007634
38062	38560	23	0.018730
38062	38727	2	0.001629
38062	38634	6	0.004886
38062	37870	27	0.021987
38062	38042	11	0.008958
38062	39199	10	0.008143
38065	38082	85	0.904255
38065	37723	85	0.904255
38065	38634	1	0.010638
38066	37723	441	1.000000
38066	38567	446	1.011338
38067	39033	2	0.004415
38067	38634	1	0.002208
38067	39215	9	0.019868
38068	38634	7	0.280000
38068	37650	5	0.200000
38068	37753	1	0.040000
38068	39224	1	0.040000
38068	37625	1	0.040000
38068	38042	1	0.040000
38069	38223	27	3.375000
38070	37504	2	0.001667
38070	38661	12	0.010000
38070	37642	1	0.000833
38070	38924	119	0.099167
38070	38158	1	0.000833
38070	38415	2	0.001667
38070	37650	5	0.004167
38070	39108	2	0.001667
38070	38042	24	0.020000
38070	38560	22	0.018333
38070	38342	12	0.010000
38070	38321	2	0.001667
38070	37681	2	0.001667
38070	38071	29	0.024167
38070	38586	2	0.001667
38070	38587	2	0.001667
38070	38973	2	0.001667
38070	37571	2	0.001667
38070	37828	2	0.001667
38070	38470	2	0.001667
38070	38727	4	0.003333
38070	37708	6	0.005000
38070	38361	2	0.001667
38070	38075	2	0.001667
38070	37610	2	0.001667
38070	37522	35	0.029167
38070	37622	2	0.001667
38070	38775	8	0.006667
38070	38577	19	0.015833
38070	38395	2	0.001667
38070	38634	189	0.157500
38071	38822	1	0.016393
38071	39047	1	0.016393
38071	38634	2	0.032787
38071	38924	1	0.016393
38071	38070	4	0.065574
38071	38552	3	0.049180
38071	37723	6	0.098361
38071	39199	1	0.016393
38072	38634	1	0.035714
38072	38925	1	0.035714
38072	38438	1	0.035714
38072	37650	1	0.035714
38073	38634	3	0.001334
38073	37775	85	0.037795
38073	38577	1	0.000445
38073	37554	1	0.000445
38073	39127	7	0.003112
38073	38042	1	0.000445
38073	39199	2	0.000889
38074	38634	1	0.055556
38074	37723	4	0.222222
38074	38197	2	0.111111
38075	38976	184	1.520661
38075	38560	7	0.057851
38075	38042	3	0.024793
38075	38924	62	0.512397
38075	37650	1	0.008264
38076	38560	10	0.014493
38076	37728	1	0.001449
38076	37956	1	0.001449
38076	38085	208	0.301449
38076	38634	2	0.002899
38076	37708	1	0.001449
38076	38960	1	0.001449
38076	38552	1	0.001449
38076	37650	1	0.001449
38076	38742	2	0.002899
38076	37688	9	0.013043
38076	39161	1	0.001449
38076	38042	1	0.001449
38076	37723	1	0.001449
38076	39069	327	0.473913
38076	39038	2	0.002899
38076	39199	3	0.004348
38078	38105	7	0.071429
38078	38634	1	0.010204
38078	37587	96	0.979592
38078	37885	1	0.010204
38079	37723	1	0.004587
38079	38973	218	1.000000
38080	37723	1	0.011628
38080	38634	3	0.034884
38080	38547	1	0.011628
38080	39258	1	0.011628
38080	37386	1	0.011628
38081	37723	3	0.007264
38081	38299	373	0.903148
38082	37598	4	0.065574
38083	39175	2	0.285714
38084	38634	2	0.153846
38084	37723	2	0.153846
38084	38062	2	0.153846
38085	38634	5	0.037594
38085	39069	1	0.007519
38085	37688	1	0.007519
38085	37723	1	0.007519
38085	38076	1	0.007519
38085	37642	2	0.015038
38087	38560	2	0.001634
38087	38179	2	0.001634
38087	38634	19	0.015523
38087	38577	2	0.001634
38087	37650	12	0.009804
38087	37619	1	0.000817
38087	38489	68	0.055556
38087	38042	8	0.006536
38087	37642	2	0.001634
38087	39199	1	0.000817
38089	37513	2	0.001576
38089	37642	3	0.002364
38089	37650	1	0.000788
38089	38552	2	0.001576
38089	38042	50	0.039401
38089	39199	7	0.005516
38089	38560	21	0.016548
38089	38573	2	0.001576
38089	38577	1	0.000788
38089	39224	3	0.002364
38089	39234	3	0.002364
38089	38979	1	0.000788
38089	37957	1	0.000788
38089	37575	1	0.000788
38089	37580	1	0.000788
38089	38223	1	0.000788
38089	38996	1	0.000788
38089	38742	3	0.002364
38089	37464	1	0.000788
38089	39003	1	0.000788
38089	37478	20	0.015760
38089	38634	319	0.251379
38089	38775	2	0.001576
38089	37753	30	0.023641
38089	38143	1	0.000788
38091	38560	1	0.004425
38093	38634	10	1.000000
38095	39106	1	0.020833
38095	37723	1	0.020833
38098	38634	2	0.020619
38098	38091	1	0.010309
38098	37885	2	0.020619
38098	38576	1	0.010309
38098	37491	1	0.010309
38098	39030	31	0.319588
38098	39215	1	0.010309
38098	39036	3	0.030928
38098	38698	15	0.154639
38098	37843	1	0.010309
38099	37757	62	0.953846
38099	37642	7	0.107692
38099	38927	6	0.092308
38099	38330	11	0.169231
38099	37915	127	1.953846
38099	38634	65	1.000000
38100	37632	3	0.002157
38100	38912	2	0.001438
38100	38149	4	0.002876
38100	38918	4	0.002876
38100	39047	1	0.000719
38100	37642	4	0.002876
38100	38487	2	0.001438
38100	38924	4	0.002876
38100	37775	2	0.001438
38100	37650	4	0.002876
38100	38035	2	0.001438
38100	37909	4	0.002876
38100	38552	2	0.001438
38100	39193	2	0.001438
38100	38042	6	0.004313
38100	38043	2	0.001438
38100	39070	4	0.002876
38100	37957	4	0.002876
38100	38560	20	0.014378
38100	38177	4	0.002876
38100	37666	3	0.002157
38100	37723	2	0.001438
38100	38308	3	0.002157
38100	37925	3	0.002157
38100	38438	4	0.002876
38100	38696	2	0.001438
38100	39211	2	0.001438
38100	37423	2	0.001438
38100	38577	2	0.001438
38100	39218	2	0.001438
38100	39091	2	0.001438
38100	37395	4	0.002876
38100	37688	4	0.002876
38100	37817	4	0.002876
38100	38204	3	0.002157
38100	38335	15	0.010784
38100	38432	4	0.002876
38100	37573	1	0.000719
38100	38342	1	0.000719
38100	37388	2	0.001438
38100	38219	6	0.004313
38100	39246	2	0.001438
38100	37915	4	0.002876
38100	37845	3	0.002157
38100	38615	2	0.001438
38100	38875	2	0.001438
38100	38766	4	0.002876
38100	37605	2	0.001438
38100	37478	5	0.003595
38100	38634	58	0.041697
38100	37870	4	0.002876
38100	39003	2	0.001438
38100	39027	2	0.001438
38100	37621	2	0.001438
38100	38774	2	0.001438
38100	38264	2	0.001438
38100	37753	4	0.002876
38100	37755	4	0.002876
38100	37885	2	0.001438
38100	38869	2	0.001438
38101	37814	1	1.000000
38102	39047	2	0.000502
38102	37642	1	0.000251
38102	37650	3	0.000753
38102	38552	20	0.005018
38102	38042	12	0.003011
38102	39198	1	0.000251
38102	39199	3	0.000753
38102	38560	149	0.037381
38102	37723	9	0.002258
38102	39215	1	0.000251
38102	38577	1	0.000251
38102	38333	4	0.001004
38102	37956	1	0.000251
38102	37957	1	0.000251
38102	38727	1	0.000251
38102	37708	2	0.000502
38102	37970	13	0.003261
38102	38742	1	0.000251
38102	39003	1	0.000251
38102	37478	2	0.000502
38102	38634	28	0.007025
38102	38644	4	0.001004
38102	38775	5	0.001254
38105	38557	1	0.002252
38105	38378	1	0.002252
38105	39010	1	0.002252
38105	37857	1	0.002252
38105	38634	886	1.995495
38105	37771	2	0.004505
38105	38892	1	0.002252
38105	38253	1	0.002252
38105	37885	443	0.997748
38105	37650	459	1.033784
38105	38870	1	0.002252
38105	39063	1	0.002252
38105	37657	16	0.036036
38105	38042	1	0.002252
38105	37487	3	0.006757
38105	38698	442	0.995495
38105	37886	24	0.054054
38106	37956	3	0.003851
38106	37725	1	0.001284
38106	38634	8	0.010270
38106	37708	3	0.003851
38106	38766	1	0.001284
38106	37775	20	0.025674
38106	37650	1	0.001284
38106	37459	7	0.008986
38106	38997	8	0.010270
38106	37529	1	0.001284
38106	38042	2	0.002567
38106	39003	10	0.012837
38106	37757	18	0.023107
38106	39199	2	0.002567
38107	38076	1	0.100000
38109	38727	1	0.004587
38109	38634	1121	5.142202
38109	39047	1	0.004587
38109	37650	78	0.357798
38109	38647	1	0.004587
38110	38560	4	0.015267
38110	37957	4	0.015267
38110	37478	1	0.003817
38110	39047	3	0.011450
38110	37513	1	0.003817
38110	38634	4	0.015267
38110	37650	2	0.007634
38110	38775	2	0.007634
38110	38456	2	0.007634
38110	37723	2	0.007634
38110	37866	3	0.011450
38110	39199	9	0.034351
38111	38020	664	1.881020
38111	39175	1	0.002833
38111	37642	6	0.016997
38111	37650	8	0.022663
38111	37657	6	0.016997
38111	38042	80	0.226629
38111	39070	2	0.005666
38111	39199	2	0.005666
38111	38560	10	0.028329
38111	37414	2	0.005666
38111	38577	7	0.019830
38111	38196	1	0.002833
38111	38715	664	1.881020
38111	38718	1	0.002833
38111	38727	2	0.005666
38111	38731	4	0.011331
38111	38105	6	0.016997
38111	39258	1	0.002833
38111	39003	2	0.005666
38111	37478	17	0.048159
38111	37736	2	0.005666
38111	38378	7	0.019830
38111	38253	4	0.011331
38111	37885	5	0.014164
38111	39030	6	0.016997
38111	38634	20	0.056657
38112	38560	2	0.031250
38112	37957	1	0.015625
38112	38634	1	0.015625
38112	38577	1	0.015625
38112	38042	1	0.015625
38112	39199	1	0.015625
38113	38634	4	0.040404
38113	37723	6	0.060606
38115	38560	14	0.218750
38115	37361	3	0.046875
38115	38634	1	0.015625
38115	38509	1	0.015625
38115	39215	122	1.906250
38115	38577	1	0.015625
38115	38487	1	0.015625
38115	38042	1	0.015625
38115	37915	2	0.031250
38115	37949	2	0.031250
38115	39199	1	0.015625
38116	38286	36	0.175610
38118	38082	142	0.508961
38118	38634	8	0.028674
38118	37548	2	0.007168
38118	37688	2	0.007168
38118	37723	9	0.032258
38118	39038	4	0.014337
38122	38560	1	0.011111
38122	37688	2	0.022222
38122	38634	4	0.044444
38122	37595	3	0.033333
38122	38552	1	0.011111
38125	38634	5	0.002592
38125	38859	3	0.001555
38125	39167	1	0.000518
38125	38992	3	0.001555
38125	39089	3	0.001555
38125	38552	1	0.000518
38125	37723	8	0.004147
38125	38620	3	0.001555
38125	39038	15	0.007776
38125	38623	3	0.001555
38127	38560	2	0.007605
38127	37753	4	0.015209
38127	38634	2	0.007605
38127	38469	168	0.638783
38129	38634	5	0.416667
38129	38239	1	0.083333
38129	38259	1	0.083333
38129	39215	17	1.416667
38130	38560	20	0.013450
38130	39003	2	0.001345
38130	38727	2	0.001345
38130	38634	908	0.610625
38130	38731	6	0.004035
38130	37708	2	0.001345
38130	38381	10	0.006725
38130	38158	2	0.001345
38130	39199	6	0.004035
38130	38577	4	0.002690
38130	37650	924	0.621385
38130	37642	18	0.012105
38130	38552	2	0.001345
38130	38042	22	0.014795
38130	37915	16	0.010760
38130	37949	18	0.012105
38130	39231	6	0.004035
38131	38042	1	0.001433
38131	38634	4	0.005731
38135	37870	5	0.277778
38136	38698	2	0.022989
38136	38415	8	0.091954
38136	38924	2	0.022989
38136	38997	2	0.022989
38136	39215	95	1.091954
38137	39175	1	0.002639
38137	37903	3	0.007916
38137	37650	12	0.031662
38137	38042	2	0.005277
38137	38685	2	0.005277
38137	38430	1	0.002639
38137	39199	3	0.007916
38137	39217	380	1.002639
38137	37417	3	0.007916
38137	38698	2	0.005277
38137	38576	1	0.002639
38137	38577	2	0.005277
38137	38325	2	0.005277
38137	37693	1	0.002639
38137	37953	2	0.005277
38137	37958	1	0.002639
38137	38727	1	0.002639
38137	37708	1	0.002639
38137	38938	2	0.005277
38137	37974	1	0.002639
38137	39003	1	0.002639
38137	39268	3	0.007916
38137	38634	381	1.005277
38137	37885	2	0.005277
38138	37841	1	0.001770
38138	38634	4	0.007080
38138	38766	3	0.005310
38139	38560	1	0.001513
38139	37574	10	0.015129
38139	37478	16	0.024206
38139	39079	72	0.108926
38139	38634	100	0.151286
38139	38003	13	0.019667
38139	38552	1	0.001513
38139	37754	1	0.001513
38139	37915	1309	1.980333
38139	37501	5	0.007564
38140	38577	144	0.774194
38140	38634	3	0.016129
38140	39003	1	0.005376
38141	37856	168	0.516923
38141	37761	2	0.006154
38141	38634	6	0.018462
38141	38673	3	0.009231
38141	38803	336	1.033846
38141	38485	1	0.003077
38141	37723	172	0.529231
38143	38634	22	11.000000
38144	38560	1	0.000429
38144	39234	4	0.001715
38144	38727	1	0.000429
38144	38634	7	0.003000
38144	38795	2	0.000857
38144	38447	3	0.001286
38144	37650	2	0.000857
38144	38552	7	0.003000
38144	38042	1	0.000429
38144	37723	4	0.001715
38144	37642	1	0.000429
38144	39199	1	0.000429
38145	38560	1	0.031250
38145	38634	2	0.062500
38145	37723	11	0.343750
38145	37493	2	0.062500
38148	37511	2	0.071429
38148	38634	1	0.035714
38148	38727	1	0.035714
38148	37388	1	0.035714
38148	38544	4	0.142857
38148	38042	2	0.071429
38149	38533	3230	1.191882
38149	37638	1416	0.522509
38149	38023	1461	0.539114
38149	38408	1	0.000369
38149	37642	27	0.009963
38149	38158	5	0.001845
38149	37650	51	0.018819
38149	38450	1	0.000369
38149	37908	1	0.000369
38149	38552	7	0.002583
38149	38042	273	0.100738
38149	39067	1	0.000369
38149	37661	1422	0.524723
38149	39199	11	0.004059
38149	38560	28	0.010332
38149	38433	1420	0.523985
38149	37723	5	0.001845
38149	37668	1426	0.526199
38149	38823	1395	0.514760
38149	39047	6	0.002214
38149	38258	1499	0.553137
38149	38703	1416	0.522509
38149	38834	7	0.002583
38149	38836	1416	0.522509
38149	38091	1	0.000369
38149	37956	11	0.004059
38149	38727	1	0.000369
38149	38603	5	0.001845
38149	37708	12	0.004428
38149	38349	1	0.000369
38149	38222	1416	0.522509
38149	39003	29	0.010701
38149	39260	1437	0.530258
38149	38238	1502	0.554244
38149	37600	1421	0.524354
38149	37478	23	0.008487
38149	39017	1395	0.514760
38149	38634	229	0.084502
38149	39021	1	0.000369
38149	38514	1402	0.517343
38149	37491	88	0.032472
38149	39028	1497	0.552399
38149	37365	1528	0.563838
38149	37366	1417	0.522878
38149	38775	4	0.001476
38149	38526	1417	0.522878
38150	38634	2	0.015385
38150	37723	1	0.007692
38151	38560	2	0.017094
38151	38820	137	1.170940
38151	38727	1	0.008547
38151	38634	3	0.025641
38151	37650	4	0.034188
38151	38613	3	0.025641
38151	37755	11	0.094017
38151	39199	2	0.017094
38152	38560	9	0.045226
38152	38979	1	0.005025
38152	38634	3	0.015075
38152	38414	5	0.025126
38152	37650	4	0.020101
38152	38524	1	0.005025
38152	39199	1	0.005025
38153	37723	2	0.500000
38158	38560	2	0.023256
38158	39172	1	0.011628
38158	38634	343	3.988372
38158	37642	1	0.011628
38158	38775	1	0.011628
38158	37757	1	0.011628
38159	37723	4	0.666667
38160	38560	2	0.250000
38160	38634	3	0.375000
38160	37723	3	0.375000
38162	37723	12	0.292683
38162	37715	33	0.804878
38162	37549	33	0.804878
38162	38558	41	1.000000
38163	38757	2	0.007246
38163	38634	7	0.025362
38163	38731	1	0.003623
38163	37949	3	0.010870
38163	37915	4	0.014493
38163	37642	2	0.007246
38165	37502	1	0.004219
38165	38494	2	0.008439
38166	38539	1	0.000489
38166	37775	1	0.000489
38166	37779	1	0.000489
38166	38426	1	0.000489
38166	37532	1	0.000489
38166	38042	1	0.000489
38166	39199	1	0.000489
38166	38560	4	0.001958
38166	37669	1	0.000489
38166	37674	1	0.000489
38166	38956	2	0.000979
38166	38062	1	0.000489
38166	39087	1	0.000489
38166	38577	3	0.001468
38166	38710	1	0.000489
38166	38332	1	0.000489
38166	37575	1	0.000489
38166	38775	1	0.000489
38166	37712	1	0.000489
38166	39249	1	0.000489
38166	39251	1	0.000489
38166	38746	2	0.000979
38166	37725	1	0.000489
38166	38750	1	0.000489
38166	38181	1	0.000489
38166	37472	1	0.000489
38166	38627	1	0.000489
38166	38759	1	0.000489
38166	38634	1	0.000489
38166	38254	1	0.000489
38166	38767	1	0.000489
38166	37618	2	0.000979
38166	38134	1	0.000489
38166	38903	2	0.000979
38166	37757	2	0.000979
38168	39050	1	0.111111
38168	37931	1	0.111111
38168	38766	1	0.111111
38168	38067	1	0.111111
38168	37527	1	0.111111
38168	38332	1	0.111111
38168	37535	1	0.111111
38169	38661	2	0.001437
38169	38634	34	0.024425
38169	37869	1	0.000718
38169	37650	2	0.001437
38169	38742	2	0.001437
38169	37786	13	0.009339
38169	37723	1386	0.995690
38172	38560	10	0.172414
38172	37642	59	1.017241
38172	38577	3	0.051724
38172	37650	3	0.051724
38172	37977	1	0.017241
38172	39224	3	0.051724
38172	37753	6	0.103448
38172	38042	3	0.051724
38172	38634	1	0.017241
38172	39199	4	0.068966
38174	37723	2	0.003676
38174	37907	10978	20.180147
38174	38634	1	0.001838
38175	38642	1	0.008264
38175	38042	4	0.033058
38176	38109	1	0.028571
38176	38438	2	0.057143
38176	39047	1	0.028571
38176	37708	1	0.028571
38176	38925	2	0.057143
38176	38845	1	0.028571
38176	38576	1	0.028571
38176	37650	2	0.057143
38176	37843	2	0.057143
38176	38452	2	0.057143
38176	38072	2	0.057143
38176	37497	1	0.028571
38176	38013	1	0.028571
38176	37406	5	0.142857
38177	37513	1	0.002809
38177	37902	1	0.002809
38177	37464	1	0.002809
38177	37650	2	0.005618
38177	38552	1	0.002809
38177	39065	2	0.005618
38177	39199	1	0.002809
38177	39003	1	0.002809
38177	37929	2	0.005618
38177	38702	1	0.002809
38177	38577	1	0.002809
38177	38456	24	0.067416
38177	37692	2	0.005618
38177	38342	1	0.002809
38177	38727	1	0.002809
38177	37580	1	0.002809
38177	37708	5	0.014045
38177	39118	1	0.002809
38177	39256	1	0.002809
38177	38874	2	0.005618
38177	37723	1	0.002809
38177	38110	1	0.002809
38177	37476	2	0.005618
38177	37478	2	0.005618
38177	38634	34	0.095506
38177	37750	1	0.002809
38178	38560	1	0.000345
38178	38634	3	0.001036
38178	38379	1	0.000345
38178	37455	2	0.000691
38178	38775	2	0.000691
38178	38042	2	0.000691
38178	39199	1	0.000345
38179	38560	6	0.013889
38179	38144	1	0.002315
38179	39234	1	0.002315
38179	38727	2	0.004630
38179	38313	445	1.030093
38179	38634	15	0.034722
38179	37708	5	0.011574
38179	38158	3	0.006944
38179	38577	1	0.002315
38179	37650	5	0.011574
38179	37505	1	0.002315
38179	38042	18	0.041667
38179	37642	3	0.006944
38179	39199	13	0.030093
38181	38552	2	0.035714
38181	37870	3	0.053571
38181	38022	3	0.053571
38183	37723	1	0.125000
38185	38456	2	0.080000
38188	37723	1	0.111111
38189	38634	3	0.065217
38189	37723	2	0.043478
38190	37568	1	0.001403
38190	37411	1	0.001403
38190	37767	1	0.001403
38190	38634	4	0.005610
38190	38640	1	0.001403
38190	38552	1	0.001403
38190	38042	1	0.001403
38190	37723	4	0.005610
38191	38952	1	0.100000
38191	38095	1	0.100000
38195	38634	276	12.000000
38195	38179	1	0.043478
38195	39199	1	0.043478
38196	38465	1	0.041667
38196	39010	1	0.041667
38196	39175	1	0.041667
38196	38376	1	0.041667
38196	37417	1	0.041667
38196	38378	1	0.041667
38196	37657	1	0.041667
38196	38729	1	0.041667
38196	37903	1	0.041667
38196	38577	3	0.125000
38196	37426	1	0.041667
38196	37487	1	0.041667
38196	38644	1	0.041667
38196	37974	1	0.041667
38196	39063	1	0.041667
38196	37752	1	0.041667
38196	38969	1	0.041667
38196	37647	1	0.041667
38196	37693	1	0.041667
38196	37886	1	0.041667
38196	38111	1	0.041667
38197	38432	1	0.001698
38197	38144	1	0.001698
38197	38533	1	0.001698
38197	38342	2	0.003396
38197	37799	3	0.005093
38197	39187	2	0.003396
38197	38889	4	0.006791
38197	38634	5	0.008489
38197	38576	1	0.001698
38197	38456	1	0.001698
38197	38610	1	0.001698
38197	38227	3	0.005093
38197	37370	1	0.001698
38197	37493	3	0.005093
38197	38552	1	0.001698
38197	39161	1	0.001698
38197	38074	3	0.005093
38197	37723	7	0.011885
38197	38333	11	0.018676
38197	39251	1	0.001698
38200	38560	6	0.352941
38200	37575	1	0.058824
38200	37513	1	0.058824
38200	37834	2	0.117647
38200	37580	1	0.058824
38200	37650	5	0.294118
38200	37642	1	0.058824
38200	38775	1	0.058824
38200	38042	1	0.058824
38200	37755	7	0.411765
38200	38634	39	2.294118
38200	39199	1	0.058824
38201	38560	1	0.004505
38201	38552	1	0.004505
38201	38634	7	0.031532
38201	39199	1	0.004505
38201	38775	223	1.004505
38202	38766	2	0.142857
38202	37559	1	0.071429
38203	38330	36	0.972973
38203	37723	36	0.972973
38204	38560	1	0.001543
38204	38600	2	0.003086
38204	38634	9	0.013889
38204	37708	1	0.001543
38204	38577	1	0.001543
38204	37650	1	0.001543
38204	38100	12	0.018519
38204	38335	4	0.006173
38206	39029	1	0.055556
38207	38208	27	0.010075
38207	38880	4	0.001493
38207	38742	7	0.002612
38207	38634	41	0.015299
38207	38220	1	0.000373
38207	38454	6	0.002239
38207	38042	3	0.001119
38207	37723	22	0.008209
38207	39070	5	0.001866
38208	38560	1	0.004255
38208	39042	1	0.004255
38208	38916	1	0.004255
38208	37766	1	0.004255
38208	38634	1	0.004255
38208	37556	35	0.148936
38208	39166	1	0.004255
38208	38814	1	0.004255
38208	38775	1	0.004255
38208	38552	1	0.004255
38208	37914	1	0.004255
38208	38718	1	0.004255
38208	37823	475	2.021277
38209	38634	4	4.000000
38209	37723	1	1.000000
38210	38634	5	5.000000
38210	37723	1	1.000000
38211	38560	16	0.016807
38211	38731	2	0.002101
38211	37708	2	0.002101
38211	38003	2	0.002101
38211	38042	4	0.004202
38211	37915	4	0.004202
38211	37949	2	0.002101
38211	39006	510	0.535714
38212	38560	18	0.007895
38212	37441	2	0.000877
38212	37830	2	0.000877
38212	38634	7	0.003070
38212	39064	2	0.000877
38212	37619	10	0.004386
38212	38552	3	0.001316
38212	38489	1	0.000439
38212	38042	1	0.000439
38213	38577	2	0.666667
38213	38634	2	0.666667
38214	38634	4	0.008602
38214	37723	3	0.006452
38216	38560	9	0.026239
38216	38564	13	0.037901
38216	38727	1	0.002915
38216	38634	4	0.011662
38216	37870	3	0.008746
38216	38134	19	0.055394
38216	37642	1	0.002915
38216	39199	1	0.002915
38217	38560	5	0.028902
38217	38085	1	0.005780
38217	38634	6	0.034682
38217	37723	9	0.052023
38217	38301	3	0.017341
38217	37957	2	0.011561
38218	37688	2	0.019048
38218	38634	6	0.057143
38218	37723	3	0.028571
38219	38432	118	1.439024
38219	38577	1	0.012195
38219	38727	3	0.036585
38220	38880	1765	1.001703
38220	38560	30	0.017026
38220	37956	12	0.006810
38220	37478	3	0.001703
38220	38634	731	0.414869
38220	38253	9	0.005108
38220	38577	6	0.003405
38220	37650	942	0.534620
38220	38775	6	0.003405
38220	38042	21	0.011918
38220	39199	3	0.001703
38220	37885	3	0.001703
38220	39070	2565	1.455732
38220	38207	882	0.500568
38221	37650	1	0.038462
38221	38634	1	0.038462
38222	38560	3	0.050000
38222	38577	1	0.016667
38222	38634	3	0.050000
38222	38149	5	0.083333
38222	37650	1	0.016667
38223	37513	2	0.005168
38223	38634	2	0.005168
38223	37708	1	0.002584
38224	37984	2	0.016807
38224	38305	2	0.016807
38224	38634	5	0.042017
38224	38577	2	0.016807
38224	37650	2	0.016807
38224	38042	2	0.016807
38225	38634	151	10.066667
38227	37896	1	0.013889
38227	38634	8	0.111111
38227	39199	2	0.027778
38227	38074	3	0.041667
38227	38197	3	0.041667
38228	38560	1	0.055556
38228	38634	4	0.222222
38228	38875	1	0.055556
38228	38214	4	0.222222
38228	37723	3	0.166667
38229	38560	34	0.077803
38229	37956	12	0.027460
38229	38441	14	0.032037
38229	37642	7	0.016018
38229	37708	4	0.009153
38229	37870	27	0.061785
38229	38577	4	0.009153
38229	37650	4	0.009153
38229	38042	1	0.002288
38229	39003	7	0.016018
38229	38634	12	0.027460
38229	39199	23	0.052632
38230	38560	4	0.013468
38230	37840	1	0.003367
38230	37956	2	0.006734
38230	38634	16	0.053872
38230	37708	2	0.006734
38230	38766	22	0.074074
38230	38800	274	0.922559
38230	37650	1	0.003367
38230	37642	1	0.003367
38230	38937	1	0.003367
38230	37370	1	0.003367
38230	37723	2	0.006734
38230	37802	6	0.020202
38230	39199	4	0.013468
38231	38560	1	0.004695
38231	37580	2	0.009390
38231	38634	22	0.103286
38231	37708	1	0.004695
38231	38766	4	0.018779
38231	37501	5	0.023474
38231	38577	10	0.046948
38231	37650	3	0.014085
38231	37642	2	0.009390
38231	38042	94	0.441315
38231	37915	1	0.004695
38231	37949	4	0.018779
38233	38560	2	0.007752
38233	39170	1	0.003876
38233	38470	259	1.003876
38233	37478	1	0.003876
38233	38092	1	0.003876
38233	38634	1	0.003876
38233	38763	1	0.003876
38233	38924	1	0.003876
38233	38610	1	0.003876
38233	38286	1	0.003876
38233	37714	1	0.003876
38233	39029	1	0.003876
38233	38071	1	0.003876
38233	38328	1	0.003876
38233	39270	1	0.003876
38233	38075	1	0.003876
38233	38079	1	0.003876
38234	38560	8	0.109589
38234	37708	1	0.013699
38234	38042	7	0.095890
38234	39199	4	0.054795
38234	38842	1	0.013699
38234	37951	2	0.027397
38236	38319	135	4.655172
38238	39003	2	0.015038
38238	39067	133	1.000000
38238	38149	394	2.962406
38238	39199	1	0.007519
38239	38129	1	0.166667
38239	38634	3	0.500000
38240	37651	75	2.083333
38241	38560	3	0.008065
38241	37580	2	0.005376
38241	37513	1	0.002688
38241	38634	3	0.008065
38241	37708	3	0.008065
38241	38577	2	0.005376
38241	38100	2	0.005376
38241	38327	1	0.002688
38241	38042	1	0.002688
38241	37642	1	0.002688
38241	39198	1	0.002688
38241	39199	1	0.002688
38243	37368	7	0.069307
38243	37896	1	0.009901
38243	38634	1	0.009901
38243	38577	1	0.009901
38244	38634	4	4.000000
38244	37723	1	1.000000
38245	38560	2	0.020000
38245	37797	5	0.050000
38245	37642	2	0.020000
38245	37708	1	0.010000
38245	38223	1	0.010000
38245	37650	2	0.020000
38245	39187	1	0.010000
38245	39161	1	0.010000
38245	39199	3	0.030000
38246	37896	1	0.002294
38246	38577	1	0.002294
38246	38634	2	0.004587
38246	38042	1	0.002294
38247	38560	3	0.008475
38247	39212	1	0.002825
38247	38634	3	0.008475
38247	37708	1	0.002825
38247	38774	19	0.053672
38247	38552	1	0.002825
38247	38042	1	0.002825
38247	39199	3	0.008475
38248	38560	6	0.139535
38248	37922	1	0.023256
38248	37380	1	0.023256
38248	38634	16	0.372093
38248	38322	1	0.023256
38248	38416	1	0.023256
38248	39026	1	0.023256
38248	38774	5	0.116279
38248	38905	4	0.093023
38248	38042	6	0.139535
38248	37642	5	0.116279
38249	38634	2	0.002484
38249	37723	3	0.003727
38249	38340	1	0.001242
38249	38327	36	0.044720
38250	38810	126	0.570136
38250	37723	125	0.565611
38250	38634	2	0.009050
38252	38634	5	0.106383
38252	38100	5	0.106383
38253	38560	7	0.089744
38253	38920	19	0.243590
38253	38634	1	0.012821
38253	38798	19	0.243590
38253	38577	4	0.051282
38253	37650	2	0.025641
38253	38042	1	0.012821
38253	37885	1	0.012821
38254	37472	2	0.001275
38254	37892	3	0.001912
38254	37478	2	0.001275
38254	37870	13	0.008286
38254	38552	15	0.009560
38254	37723	3	0.001912
38254	38333	1	0.000637
38255	38577	1	0.008772
38255	38634	17	0.149123
38255	39003	1	0.008772
38255	37869	2	0.017544
38255	38158	1	0.008772
38256	38634	2	0.001907
38256	37723	3	0.002860
38256	39198	1	0.000953
38256	37478	2	0.001907
38256	38775	33	0.031459
38257	37840	8	0.500000
38257	38634	2	0.125000
38258	39003	2	0.034483
38259	38634	2	0.041667
38259	37723	7	0.145833
38259	38239	1	0.020833
38261	38912	3	0.011952
38261	38560	2	0.007968
38261	38242	10	0.039841
38261	38305	1	0.003984
38261	38634	1	0.003984
38261	38286	1	0.003984
38261	38577	8	0.031873
38261	37642	4	0.015936
38263	38634	1	0.066667
38264	38560	3	0.015000
38264	37956	3	0.015000
38264	38634	24	0.120000
38264	37708	3	0.015000
38264	38577	5	0.025000
38264	37650	2	0.010000
38264	38100	41	0.205000
38264	38042	9	0.045000
38264	38335	13	0.065000
38264	37642	1	0.005000
38264	39199	4	0.020000
38265	38634	4	0.035398
38265	37723	4	0.035398
38265	37755	2	0.017699
38266	38560	2	0.001299
38266	38912	5	0.003247
38266	37478	3	0.001948
38266	38305	1	0.000649
38266	38634	70	0.045455
38266	37451	5	0.003247
38266	37650	11	0.007143
38266	38742	1	0.000649
38266	38042	5	0.003247
38266	39199	6	0.003896
38270	38657	1	0.034483
38270	38727	2	0.068966
38270	38634	491	16.931034
38270	37650	8	0.275862
38270	37757	2	0.068966
38270	39199	1	0.034483
38271	38912	2	0.002451
38271	38560	2	0.002451
38271	38178	1	0.001225
38271	37451	1	0.001225
38271	39003	1	0.001225
38271	38993	1	0.001225
38271	37478	7	0.008578
38271	38727	12	0.014706
38271	37513	1	0.001225
38271	38634	26	0.031863
38271	39047	1	0.001225
38271	37708	2	0.002451
38271	38402	1	0.001225
38271	39025	1	0.001225
38271	37874	1	0.001225
38271	38838	1	0.001225
38271	38889	8	0.009804
38271	38552	4	0.004902
38271	38042	4	0.004902
38271	37723	3	0.003676
38271	38333	1	0.001225
38272	38634	1	0.013158
38272	37452	1	0.013158
38272	38218	1	0.013158
38272	39038	1	0.013158
38274	38560	2	0.080000
38274	38145	1	0.040000
38274	37478	1	0.040000
38274	38634	1	0.040000
38274	37650	2	0.080000
38274	38042	4	0.160000
38274	39071	1	0.040000
38274	37757	1	0.040000
38274	39199	2	0.080000
38275	38742	16	1.000000
38276	38634	3	0.002072
38276	37723	3	0.002072
38277	38560	2	0.028169
38277	38634	1	0.014085
38277	38812	1	0.014085
38277	38390	2	0.028169
38277	38727	1	0.014085
38278	38634	4	0.026846
38278	37723	11	0.073826
38279	38560	1	0.062500
38279	37957	1	0.062500
38279	38633	1	0.062500
38279	38634	7	0.437500
38279	38155	1	0.062500
38279	38577	6	0.375000
38279	39124	1	0.062500
38279	38058	1	0.062500
38279	37688	2	0.125000
38279	38041	1	0.062500
38279	38619	2	0.125000
38279	37642	1	0.062500
38279	37413	1	0.062500
38280	38634	6	0.039216
38280	37580	153	1.000000
38282	37708	2	0.086957
38282	37388	1	0.043478
38282	39199	1	0.043478
38283	38912	310	1.006494
38283	38634	4	0.012987
38283	39199	1	0.003247
38285	37386	2	0.285714
38285	37979	2	0.285714
38285	37853	2	0.285714
38285	38454	2	0.285714
38285	37723	4	0.571429
38286	38912	44	0.130178
38286	38144	1	0.002959
38286	38402	3	0.008876
38286	38443	1	0.002959
38286	38536	2	0.005917
38286	37513	1	0.002959
38286	39234	1	0.002959
38286	37650	6	0.017751
38286	37651	3	0.008876
38286	38552	6	0.017751
38286	38042	5	0.014793
38286	37786	1	0.002959
38286	38659	1	0.002959
38286	38560	9	0.026627
38286	38305	3	0.008876
38286	39003	4	0.011834
38286	39204	1	0.002959
38286	39077	1	0.002959
38286	37419	1	0.002959
38286	38576	1	0.002959
38286	38577	26	0.076923
38286	37378	1	0.002959
38286	39092	1	0.002959
38286	37564	1	0.002959
38286	38333	1	0.002959
38286	38335	3	0.008876
38286	38850	1	0.002959
38286	38089	1	0.002959
38286	37451	5	0.014793
38286	38223	1	0.002959
38286	38993	2	0.005917
38286	38610	1	0.002959
38286	39251	1	0.002959
38286	38103	1	0.002959
38286	37723	13	0.038462
38286	37468	1	0.002959
38286	37583	1	0.002959
38286	39263	3	0.008876
38286	37728	2	0.005917
38286	38116	2	0.005917
38286	39013	1	0.002959
38286	38889	1	0.002959
38286	38634	7	0.020710
38286	38994	2	0.005917
38286	39025	2	0.005917
38286	39187	1	0.002959
38286	39158	1	0.002959
38286	38775	2	0.005917
38286	39161	1	0.002959
38286	39163	1	0.002959
38286	37500	1	0.002959
38286	39038	1	0.002959
38287	38634	114	0.991304
38287	39003	1	0.008696
38287	37370	1	0.008696
38287	37870	1	0.008696
38288	37650	4	0.285714
38288	38634	6	0.428571
38289	37723	4	0.108108
38290	38560	1	0.004065
38290	38342	1	0.004065
38290	37770	1	0.004065
38290	37580	1	0.004065
38290	38577	1	0.004065
38290	39187	1	0.004065
38290	37642	2	0.008130
38290	38552	2	0.008130
38290	37753	9	0.036585
38290	38042	2	0.008130
38290	37723	1	0.004065
38290	38634	10	0.040650
38290	39199	5	0.020325
38292	38577	2	0.005195
38292	38634	2	0.005195
38292	38145	1	0.002597
38292	37385	1	0.002597
38294	38042	1	0.006803
38295	39038	510	30.000000
38296	38560	6	0.008929
38296	38634	4	0.005952
38296	38223	1	0.001488
38296	37395	1	0.001488
38296	39130	1345	2.001488
38296	39199	1344	2.000000
38297	37723	2	0.009390
38299	38560	2	0.002967
38299	38081	8	0.011869
38299	37922	85	0.126113
38299	38742	3	0.004451
38299	37478	1	0.001484
38299	38634	40	0.059347
38299	39148	5	0.007418
38299	37551	5	0.007418
38299	38223	2	0.002967
38299	38774	3	0.004451
38299	38775	2	0.002967
38299	39161	2	0.002967
38299	38042	1	0.001484
38299	37723	119	0.176558
38299	39199	1	0.001484
38300	39003	4	0.042553
38301	37688	547	1.490463
38301	38634	8	0.021798
38301	39003	2	0.005450
38301	38042	6	0.016349
38303	38634	3	0.166667
38303	37723	2	0.111111
38304	37769	238	0.898113
38304	38634	3	0.011321
38304	38798	238	0.898113
38304	38042	3	0.011321
38304	37723	714	2.694340
38304	38718	238	0.898113
38305	38912	14	3.500000
38306	38333	367	40.777778
38307	38417	769	0.903643
38307	37658	769	0.903643
38307	37387	769	0.903643
38307	37723	3	0.003525
38308	38560	19	0.022727
38308	37723	1	0.001196
38308	37956	6	0.007177
38308	37573	6	0.007177
38308	37478	2	0.002392
38308	38727	1	0.001196
38308	38634	23	0.027512
38308	37708	3	0.003589
38308	37677	6	0.007177
38308	37650	11	0.013158
38308	38100	15	0.017943
38308	38775	2	0.002392
38308	38042	13	0.015550
38308	39003	2	0.002392
38308	39199	5	0.005981
38309	38560	14	0.135922
38309	37478	1	0.009709
38309	38727	1	0.009709
38309	38634	1930	18.737864
38309	38577	8	0.077670
38309	37970	1	0.009709
38309	39187	1	0.009709
38309	38742	1	0.009709
38309	38775	1	0.009709
38309	38042	1	0.009709
38309	39199	2	0.019417
38310	38634	1	0.018868
38312	38640	1	0.003195
38312	37755	43	0.137380
38313	38634	1	0.166667
38313	38179	2	0.333333
38316	37642	3	0.005357
38316	37723	12	0.021429
38316	38634	3	0.005357
38317	38560	1	0.001064
38317	38634	5	0.005319
38317	37899	1	0.001064
38317	38480	637	0.677660
38317	38454	637	0.677660
38317	37723	6	0.006383
38319	37826	240	0.956175
38319	37478	1	0.003984
38319	38634	10	0.039841
38319	37964	3	0.011952
38319	38063	240	0.956175
38319	38774	1	0.003984
38319	38042	1	0.003984
38319	37723	6	0.023904
38319	38236	1	0.003984
38321	38560	3	0.007958
38321	38501	1	0.002653
38321	38634	4	0.010610
38321	39215	1	0.002653
38321	37650	1	0.002653
38321	38775	1	0.002653
38321	38042	1	0.002653
38321	39199	2	0.005305
38322	39003	1	0.002611
38322	38634	2	0.005222
38322	38577	1	0.002611
38322	38774	1	0.002611
38322	37624	3	0.007833
38322	38042	1	0.002611
38322	38011	2	0.005222
38322	37642	4	0.010444
38323	38560	1	0.011494
38323	38634	5	0.057471
38323	38766	1	0.011494
38323	38800	1	0.011494
38323	37559	2	0.022989
38323	38778	1	0.011494
38323	37723	2	0.022989
38324	37755	6	0.020979
38324	38630	285	0.996503
38324	38634	5	0.017483
38324	38543	3	0.010490
38324	38770	285	0.996503
38324	37723	12	0.041958
38324	37855	285	0.996503
38325	38560	2	0.001384
38325	38634	2	0.001384
38325	37708	4	0.002768
38325	38577	2	0.001384
38325	38042	2	0.001384
38325	39003	4	0.002768
38325	37642	4	0.002768
38325	39199	2	0.001384
38326	37755	20	0.025575
38326	37478	2	0.002558
38326	38151	10	0.012788
38326	38634	3	0.003836
38326	38613	349	0.446292
38326	38042	2	0.002558
38326	37723	6	0.007673
38327	38241	1	0.000841
38327	38727	1	0.000841
38327	38634	3	0.002523
38327	38219	2	0.001682
38327	38042	1	0.000841
38327	37723	5	0.004205
38327	38335	3	0.002523
38328	37642	1	0.019231
38328	38924	1	0.019231
38328	38574	1	0.019231
38328	39215	14	0.269231
38328	37681	4	0.076923
38328	37875	1	0.019231
38328	38775	1	0.019231
38328	38552	1	0.019231
38328	37723	2	0.038462
38328	38634	2	0.038462
38330	37723	48	0.923077
38330	38927	49	0.942308
38330	38634	58	1.115385
38330	38223	1	0.019231
38330	37786	1	0.019231
38330	39215	1	0.019231
38332	37820	75	2.343750
38333	38144	2	0.000667
38333	38552	7	0.002335
38333	38042	2	0.000667
38333	37786	4	0.001334
38333	39198	2	0.000667
38333	38560	25	0.008339
38333	38306	60	0.020013
38333	38308	1	0.000334
38333	38574	2	0.000667
38333	38576	1	0.000334
38333	39070	1	0.000334
38333	38456	1	0.000334
38333	38727	4	0.001334
38333	37455	1	0.000334
38333	38610	3	0.001001
38333	38102	1	0.000334
38333	38487	1	0.000334
38333	39003	2	0.000667
38333	38889	1	0.000334
38333	38634	28	0.009340
38333	37869	24	0.008005
38333	37367	1	0.000334
38333	37500	12	0.004003
38333	37757	3	0.001001
38334	38560	1	0.027027
38334	39199	1	0.027027
38334	38812	2	0.054054
38334	38574	1	0.027027
38334	38775	23	0.621622
38335	38405	1	0.000700
38335	38918	1	0.000700
38335	37513	1	0.000700
38335	37642	1	0.000700
38335	37650	1	0.000700
38335	37909	1	0.000700
38335	38552	4	0.002799
38335	37785	2	0.001400
38335	38042	3	0.002099
38335	39198	2	0.001400
38335	39199	3	0.002099
38335	38560	14	0.009797
38335	37723	1	0.000700
38335	38696	2	0.001400
38335	37575	1	0.000700
38335	37423	1	0.000700
38335	38577	18	0.012596
38335	37810	2	0.001400
38335	37817	1	0.000700
38335	38432	2	0.001400
38335	39234	1	0.000700
38335	38727	2	0.001400
38335	38219	7	0.004899
38335	37580	1	0.000700
38335	38223	4	0.002799
38335	38100	808	0.565430
38335	38869	2	0.001400
38335	39003	8	0.005598
38335	37478	1	0.000700
38335	38634	138	0.096571
38335	37620	2	0.001400
38335	38774	1	0.000700
38335	38775	4	0.002799
38335	37757	1	0.000700
38336	38560	3	0.038462
38336	38042	1	0.012821
38336	38634	1	0.012821
38337	38560	3	0.023810
38337	39047	3	0.023810
38337	38634	12	0.095238
38337	38766	44	0.349206
38337	38223	3	0.023810
38337	38800	2	0.015873
38337	37650	3	0.023810
38337	37559	3	0.023810
38337	37370	3	0.023810
38340	38144	1	0.000205
38340	38742	3	0.000614
38340	38406	2565	0.525184
38340	38793	2567	0.525594
38340	38795	1	0.000205
38340	38924	1	0.000205
38340	39184	2567	0.525594
38340	39187	1	0.000205
38340	37422	1	0.000205
38340	37786	18	0.003686
38340	38432	1	0.000205
38340	38948	2568	0.525799
38340	38827	2565	0.525184
38340	38572	2	0.000410
38340	38574	21	0.004300
38340	39088	2568	0.525799
38340	38013	1	0.000205
38340	38965	2568	0.525799
38340	38333	3	0.000614
38340	39234	1	0.000205
38340	37965	2566	0.525389
38340	38223	1	0.000205
38340	38610	4	0.000819
38340	38102	1	0.000205
38340	37723	57	0.011671
38340	37478	1	0.000205
38340	38889	1	0.000205
38340	39018	2567	0.525594
38340	37869	4	0.000819
38340	37629	2567	0.525594
38340	38512	2567	0.525594
38340	37367	2565	0.525184
38340	37880	2567	0.525594
38340	37370	1	0.000205
38340	38634	8	0.001638
38340	38293	2566	0.525389
38342	38560	1	0.024390
38342	38634	303	7.390244
38342	37642	1	0.024390
38342	39199	4	0.097561
38343	37650	1	0.055556
38343	38634	1	0.055556
38343	39215	1	0.055556
38344	38634	1	0.002506
38344	37723	1	0.002506
38344	37388	1	0.002506
38344	38042	1	0.002506
38345	38634	1	0.043478
38346	38634	1	0.020408
38346	39070	1	0.020408
38346	37994	1	0.020408
38346	37754	1	0.020408
38346	37703	49	1.000000
38347	38986	32	0.842105
38347	38634	3	0.078947
38347	38042	1	0.026316
38348	38042	39	0.975000
38348	38534	117	2.925000
38349	38552	1	0.013699
38349	38433	70	0.958904
38349	37723	71	0.972603
38349	37478	1	0.013699
38350	37849	18	0.818182
38350	37546	16	0.727273
38350	37723	44	2.000000
38352	38464	3	0.004959
38352	39067	3	0.004959
38352	38150	3	0.004959
38352	38310	3	0.004959
38352	38408	3	0.004959
38352	38316	3	0.004959
38352	38349	3	0.004959
38352	38831	3	0.004959
38352	39021	3	0.004959
38352	38450	3	0.004959
38352	37908	3	0.004959
38352	38836	3	0.004959
38352	38714	3	0.004959
38352	37723	3	0.004959
38352	38429	3	0.004959
38352	37381	3	0.004959
38353	38560	66	6.000000
38353	38634	11	1.000000
38355	38889	1	0.024390
38355	37650	173	4.219512
38355	38634	372	9.073171
38356	38560	17	0.165049
38356	38634	1	0.009709
38356	38552	1	0.009709
38356	37971	208	2.019417
38356	38775	1	0.009709
38356	37688	104	1.009709
38356	38042	2	0.019417
38356	39038	104	1.009709
38356	39199	2	0.019417
38358	38873	3	0.012712
38358	37650	1	0.004237
38359	38634	1	0.125000
38359	37723	1	0.125000
38361	38560	1	0.002299
38361	38634	12	0.027586
38361	37708	11	0.025287
38361	38577	1	0.002299
38361	37720	2	0.004598
38361	38042	1	0.002299
38361	39003	3	0.006897
38361	37642	1	0.002299
38361	39199	1	0.002299
38362	38634	14	0.666667
38362	37723	29	1.380952
38368	37938	2	0.095238
38368	38634	4	0.190476
38368	37723	9	0.428571
38368	38042	2	0.095238
38368	37478	5	0.238095
38369	38560	44	0.036606
38369	39003	2	0.001664
38369	37478	10	0.008319
38369	37642	33	0.027454
38369	38731	62	0.051581
38369	37949	4	0.003328
38369	38577	2	0.001664
38369	37650	2	0.001664
38369	37782	1049	0.872712
38369	38775	4	0.003328
38369	38552	20	0.016639
38369	38139	2	0.001664
38369	38042	28	0.023295
38369	37915	70	0.058236
38369	38634	16	0.013311
38369	39199	22	0.018303
38370	38720	3	0.136364
38370	38634	2	0.090909
38370	37642	1	0.045455
38372	37659	1	0.058824
38375	38634	7	0.046053
38376	38560	14	0.023411
38376	37958	1	0.001672
38376	38634	16	0.026756
38376	37708	2	0.003344
38376	37757	1	0.001672
38376	38577	4	0.006689
38376	37650	3	0.005017
38376	38196	1	0.001672
38376	38105	2	0.003344
38376	38552	4	0.006689
38376	38969	1	0.001672
38376	38042	4	0.006689
38376	38159	246	0.411371
38376	38698	1	0.001672
38376	37886	2	0.003344
38376	39199	5	0.008361
38378	38560	5	0.010101
38378	38634	15	0.030303
38378	37899	680	1.373737
38378	38317	340	0.686869
38378	37650	1	0.002020
38378	38105	4	0.008081
38378	38042	49	0.098990
38378	39003	5	0.010101
38378	39199	4	0.008081
38379	38107	1	0.001269
38380	37650	2	0.142857
38380	39212	1	0.071429
38380	38774	5	0.357143
38381	38560	1	0.022727
38381	38634	1	0.022727
38381	37915	1	0.022727
38381	39215	51	1.159091
38383	38634	1	0.058824
38383	38587	2	0.117647
38383	39047	1	0.058824
38386	38634	1	0.050000
38386	37870	1	0.050000
38387	38634	76	0.043011
38387	37708	12	0.006791
38387	37869	1	0.000566
38387	37870	13	0.007357
38387	38863	35	0.019808
38387	38577	3	0.001698
38387	37650	4	0.002264
38387	38042	2	0.001132
38387	39003	4	0.002264
38388	38634	11	0.091667
38388	37723	1	0.008333
38389	38392	46	1.352941
38391	38634	7	0.016509
38391	37455	1	0.002358
38391	38814	1	0.002358
38391	38552	2	0.004717
38391	37786	1	0.002358
38391	37723	2	0.004717
38391	39198	3	0.007075
38392	38389	36	1.000000
38393	38634	324	18.000000
38394	38560	1	0.000261
38394	38552	1	0.000261
38394	38634	2	0.000521
38394	37642	1	0.000261
38394	38775	2	0.000521
38395	38042	486	2.000000
38395	38924	486	2.000000
38395	37642	1	0.004115
38395	39199	1	0.004115
38397	38042	1	0.006944
38397	37723	2	0.013889
38398	39178	2	0.250000
38398	37723	6	0.750000
38398	37540	8	1.000000
38399	37568	1	0.032258
38399	37408	1	0.032258
38399	38978	1	0.032258
38399	37411	1	0.032258
38399	38820	1	0.032258
38399	38326	5	0.161290
38399	38151	1	0.032258
38399	37403	2	0.064516
38399	38634	5	0.161290
38399	38752	1	0.032258
38399	37580	1	0.032258
38399	38190	2	0.064516
38399	38613	12	0.387097
38399	38614	2	0.064516
38399	37733	1	0.032258
38399	38617	2	0.064516
38399	37755	32	1.032258
38399	38685	1	0.032258
38399	38495	1	0.032258
38402	38432	1	0.012195
38402	37642	1	0.012195
38402	38286	1	0.012195
38404	38144	1	0.003953
38404	38634	1	0.003953
38404	38727	2	0.007905
38404	37477	2	0.007905
38404	38223	1	0.003953
38405	37958	2	0.005698
38405	37417	2	0.005698
38405	38698	6	0.017094
38405	37547	2	0.005698
38405	38574	2	0.005698
38405	37903	4	0.011396
38405	37866	2	0.005698
38405	37650	2	0.005698
38405	38634	2	0.005698
38405	37885	2	0.005698
38405	38558	2	0.005698
38407	38634	1	0.058824
38407	38759	10	0.588235
38408	37723	1	0.125000
38409	38560	4	0.027586
38409	37370	1	0.006897
38409	37578	120	0.827586
38409	38766	18	0.124138
38409	38800	33	0.227586
38409	38577	4	0.027586
38409	37650	8	0.055172
38409	37642	2	0.013793
38409	37559	1	0.006897
38409	38552	2	0.013793
38409	38042	8	0.055172
38409	37503	1	0.006897
38409	38634	15	0.103448
38409	39199	7	0.048276
38410	38539	3	0.000521
38410	37779	3	0.000521
38410	38166	3	0.000521
38410	38554	5550	0.963207
38410	37532	3	0.000521
38410	37669	3	0.000521
38410	37674	3	0.000521
38410	38956	6	0.001041
38410	38062	3	0.000521
38410	39087	3	0.000521
38410	38710	3	0.000521
38410	38332	3	0.000521
38410	38223	1	0.000174
38410	37712	3	0.000521
38410	38997	3	0.000521
38410	37725	3	0.000521
38410	38750	3	0.000521
38410	38181	3	0.000521
38410	37472	3	0.000521
38410	38627	3	0.000521
38410	38759	3	0.000521
38410	38254	3	0.000521
38410	38767	3	0.000521
38410	37618	3	0.000521
38410	38134	3	0.000521
38412	39003	2	0.021053
38412	38774	2	0.021053
38414	38560	2	0.068966
38414	39106	2	0.068966
38414	37478	1	0.034483
38414	37896	1	0.034483
38414	38152	1	0.034483
38414	38775	2	0.068966
38414	38552	3	0.103448
38414	37723	1	0.034483
38414	38524	1	0.034483
38415	38136	4	0.002131
38415	38577	6	0.003197
38415	38634	2	0.001066
38415	38924	6	0.003197
38416	38774	3	0.600000
38417	38634	39	1.000000
38418	38560	2	0.009756
38418	38438	5	0.024390
38418	38342	2	0.009756
38418	38727	1	0.004878
38418	38634	3	0.014634
38418	38961	1	0.004878
38418	37843	1	0.004878
38418	39269	1	0.004878
38418	37370	1	0.004878
38418	38556	3	0.014634
38418	38013	1	0.004878
38418	39199	2	0.009756
38419	38858	1	0.019608
38419	37723	1	0.019608
38419	38634	2	0.039216
38421	39272	67	0.917808
38421	37753	66	0.904110
38421	38634	66	0.904110
38421	37723	198	2.712329
38421	38795	1	0.013699
38422	38766	1	0.043478
38422	38888	1	0.043478
38422	37870	1	0.043478
38422	37841	1	0.043478
38422	38229	1	0.043478
38422	38138	1	0.043478
38422	37567	1	0.043478
38425	38552	2	0.030769
38425	37915	1	0.015385
38425	39215	131	2.015385
38426	38560	4	0.025641
38426	38853	1	0.006410
38426	38634	10	0.064103
38426	37775	1	0.006410
38426	38166	159	1.019231
38426	38039	1	0.006410
38426	38042	4	0.025641
38426	37852	1	0.006410
38426	37642	2	0.012821
38426	39199	1	0.006410
38427	38634	1	0.002519
38427	39215	11	0.027708
38428	37513	1	0.018519
38428	37723	1	0.018519
38429	38634	9	0.014041
38429	37491	1	0.001560
38429	38533	2	0.003120
38430	38634	360	3.364486
38430	37723	361	3.373832
38430	38042	4	0.037383
38430	38846	91	0.850467
38430	38242	1	0.009346
38431	38952	1	0.062500
38432	38912	1	0.000153
38432	38560	4	0.000610
38432	38342	1	0.000153
38432	38634	5	0.000763
38432	38219	2	0.000305
38432	38223	1	0.000153
38432	38577	2	0.000305
38432	37650	1	0.000153
38432	39252	1	0.000153
38432	38552	1	0.000153
38432	38100	8	0.001220
38432	37723	4	0.000610
38432	39198	2	0.000305
38432	39199	2	0.000305
38433	38560	5	0.161290
38433	38149	2	0.064516
38433	37642	3	0.096774
38433	37708	1	0.032258
38433	38349	2	0.064516
38433	37650	18	0.580645
38433	38042	1	0.032258
38433	38634	1	0.032258
38434	37728	1	0.010870
38434	38634	3	0.032609
38434	38578	1	0.010870
38434	38774	2	0.021739
38436	38560	3	0.028037
38436	38634	8	0.074766
38436	37915	1	0.009346
38436	37580	4	0.037383
38436	38773	1	0.009346
38437	37723	1	0.030303
38437	38629	1	0.030303
38437	37846	1	0.030303
38438	39048	1	0.032258
38438	37755	2	0.064516
38438	37885	2	0.064516
38438	38149	2	0.064516
38440	37723	2	0.047619
38441	38634	1636	0.515763
38441	37723	3291	1.037516
38441	38229	1636	0.515763
38441	37870	1636	0.515763
38442	38560	4	0.111111
38442	39174	2	0.055556
38442	38054	2	0.055556
38442	39046	3	0.083333
38442	38727	12	0.333333
38442	39122	19	0.527778
38442	39253	2	0.055556
38442	37753	4	0.111111
38442	37723	41	1.138889
38442	39101	2	0.055556
38443	38912	2	0.090909
38443	37708	2	0.090909
38444	38560	4	0.003568
38444	38050	2	0.001784
38444	38634	1	0.000892
38444	39194	1118	0.997324
38444	39003	5	0.004460
38444	39199	1	0.000892
38446	38335	2	0.250000
38447	38552	1	0.001661
38447	38634	898	1.491694
38447	37723	887	1.473422
38448	38634	2	0.111111
38448	37723	3	0.166667
38450	38533	1	0.002625
38450	38634	7	0.018373
38450	37491	1	0.002625
38450	37908	1	0.002625
38450	37723	17	0.044619
38450	38526	1	0.002625
38452	37723	1	0.033333
38454	38552	1	0.001934
38454	38634	3	0.005803
38454	37723	5	0.009671
38455	37723	1	0.022727
38456	38634	3	0.001819
38456	37486	1	0.000606
38457	38634	1	0.017857
38457	37708	1	0.017857
38458	38722	729	0.565116
38458	37540	17840	13.829457
38458	37478	5	0.003876
38458	38634	4	0.003101
38458	38552	1	0.000775
38458	37938	2	0.001550
38458	37686	2	0.001550
38458	38008	729	0.565116
38458	37723	5	0.003876
38458	39038	1	0.000775
38459	38560	17	0.894737
38459	39267	2	0.105263
38459	37861	2	0.105263
38459	39047	7	0.368421
38459	38634	17	0.894737
38459	37388	21	1.105263
38459	37650	3	0.157895
38459	38042	5	0.263158
38459	39003	2	0.105263
38462	38634	4	0.400000
38462	37723	1	0.100000
38464	39003	1	0.040000
38464	39047	1	0.040000
38464	38634	6	0.240000
38464	38577	2	0.080000
38464	37491	1	0.040000
38464	37723	2	0.080000
38465	38378	4	0.000622
38465	38727	5	0.000777
38465	38377	3221	0.500777
38465	38634	1290	0.200560
38465	39175	5	0.000777
38465	37885	21	0.003265
38465	38577	6	0.000933
38465	37970	9	0.001399
38465	38196	5	0.000777
38465	38105	472	0.073383
38465	38042	205	0.031872
38465	39003	6	0.000933
38465	37642	9	0.001399
38465	39199	31	0.004820
38466	37723	1	0.001083
38467	38560	1	0.010000
38467	38634	2	0.020000
38467	37708	4	0.040000
38467	37584	99	0.990000
38467	38775	1	0.010000
38467	38552	5	0.050000
38469	37753	2	0.020408
38469	38634	8	0.081633
38469	37723	18	0.183673
38470	38634	1	0.012658
38470	38924	2	0.025316
38470	38361	3	0.037975
38470	38233	1	0.012658
38470	38586	1	0.012658
38470	38075	1	0.012658
38470	37610	1	0.012658
38471	37723	4	0.571429
38471	38014	2	0.285714
38475	39186	12	0.028302
38475	37723	9	0.021226
38475	37708	4	0.009434
38475	38634	3	0.007075
38475	38855	624	1.471698
38477	38634	1	0.011765
38477	38429	86	1.011765
38477	38149	1	0.011765
38479	38634	2	0.142857
38480	38634	8	0.148148
38480	37723	3	0.055556
38482	38145	2	0.222222
38482	37723	2	0.222222
38483	37723	42	0.525000
38483	38044	42	0.525000
38483	38590	42	0.525000
38483	37727	42	0.525000
38485	37856	2	0.028986
38485	38560	5	0.072464
38485	37956	1	0.014493
38485	38634	4	0.057971
38485	38577	1	0.014493
38485	39003	1	0.014493
38485	39199	1	0.014493
38487	38560	4	0.010050
38487	37957	1	0.002513
38487	38727	6	0.015075
38487	37708	1	0.002513
38487	38634	815	2.047739
38487	37580	3	0.007538
38487	38223	2	0.005025
38487	37650	1	0.002513
38487	37780	1	0.002513
38487	39199	3	0.007538
38489	38560	9	0.073770
38489	37538	1	0.008197
38489	38179	4	0.032787
38489	38404	2	0.016393
38489	37478	1	0.008197
38489	38727	1	0.008197
38489	38491	2	0.016393
38489	38634	26	0.213115
38489	38736	3	0.024590
38489	37650	2	0.016393
38489	37619	1	0.008197
38489	39188	1	0.008197
38489	38775	1	0.008197
38489	38552	1	0.008197
38489	38042	1	0.008197
38489	37723	5	0.040984
38489	39261	1	0.008197
38491	38560	7	0.019284
38491	39073	1	0.002755
38491	37538	7	0.019284
38491	38727	1	0.002755
38491	38634	8	0.022039
38491	37877	3	0.008264
38491	38042	3	0.008264
38492	38909	242	14.235294
38492	38951	2	0.117647
38493	38560	2	0.007042
38493	37915	2	0.007042
38493	38727	1	0.003521
38493	37642	1	0.003521
38493	38731	2	0.007042
38493	37708	1	0.003521
38493	38158	1	0.003521
38493	38577	2	0.007042
38493	37650	1	0.003521
38493	38042	2	0.007042
38493	39003	1	0.003521
38493	37949	14	0.049296
38494	38165	31	1.000000
38494	37502	31	1.000000
38494	39215	3	0.096774
38495	38560	1	0.004717
38495	38634	1	0.004717
38495	38613	4	0.018868
38495	37370	2	0.009434
38495	37755	219	1.033019
38495	39199	3	0.014151
38500	39003	1	0.041667
38500	38634	1	0.041667
38500	37650	2	0.083333
38500	38042	2	0.083333
38500	37915	1	0.041667
38500	37642	3	0.125000
38501	38560	3	0.001788
38501	38321	3	0.001788
38501	38634	17	0.010131
38501	38577	1	0.000596
38501	38042	1	0.000596
38501	37723	12	0.007151
38506	37510	31	0.939394
38506	38634	1	0.030303
38506	37708	1	0.030303
38506	37870	1	0.030303
38506	38742	1	0.030303
38506	39003	1	0.030303
38509	38657	1	0.001076
38509	37642	1	0.001076
38509	37650	3	0.003229
38509	38552	9	0.009688
38509	38042	47	0.050592
38509	39199	6	0.006459
38509	38560	7	0.007535
38509	39082	1	0.001076
38509	37932	7	0.007535
38509	38577	17	0.018299
38509	37820	1	0.001076
38509	37957	1	0.001076
38509	38342	1	0.001076
38509	38727	22	0.023681
38509	37708	3	0.003229
38509	39251	1	0.001076
38509	39003	1	0.001076
38509	37478	25	0.026911
38509	38634	94	0.101184
38509	38391	1	0.001076
38509	38013	1	0.001076
38509	37503	3	0.003229
38510	38912	1	0.026316
38510	38042	1	0.026316
38513	39038	510	30.000000
38514	38042	1	0.052632
38514	37908	1	0.052632
38514	38450	3	0.157895
38515	38634	5	0.042735
38515	37723	9	0.076923
38515	38158	2	0.017094
38516	38560	1	0.005618
38516	38634	2	0.011236
38516	39215	2	0.011236
38516	38577	2	0.011236
38516	38042	4	0.022472
38516	37915	7	0.039326
38516	37949	4	0.022472
38520	38634	4	4.000000
38520	37723	1	1.000000
38521	37728	6	0.058252
38521	38042	2	0.019417
38521	37723	3	0.029126
38521	38634	1	0.009709
38522	37915	1	0.250000
38524	38152	1368	0.992023
38524	38634	2	0.001450
38524	37723	4	0.002901
38524	38050	6	0.004351
38524	38414	2	0.001450
38525	38042	2	0.007463
38525	37723	2	0.007463
38525	38766	10	0.037313
38526	38149	11	0.059783
38526	38634	8	0.043478
38526	37708	2	0.010870
38526	38450	106	0.576087
38526	37491	8	0.043478
38526	37908	104	0.565217
38526	38042	1	0.005435
38526	37642	1	0.005435
38528	38560	1	0.006803
38528	37478	3	0.020408
38528	38535	138	0.938776
38528	38826	137	0.931973
38528	38539	140	0.952381
38528	37870	21	0.142857
38528	37650	5	0.034014
38528	38042	3	0.020408
38528	38634	3	0.020408
38530	38003	2	0.057143
38530	39014	2	0.057143
38530	39215	40	1.142857
38531	37628	8	1.000000
38531	39215	4	0.500000
38532	38575	10	2.000000
38533	38560	3	0.003542
38533	39234	1	0.001181
38533	39003	1	0.001181
38533	38889	1	0.001181
38533	38634	3	0.003542
38533	37869	62	0.073200
38533	38391	1	0.001181
38533	38552	1	0.001181
38533	37723	1	0.001181
38533	39198	2	0.002361
38534	38042	1	0.333333
38534	38348	1	0.333333
38535	38528	1	0.001008
38535	38634	11	0.011089
38535	37723	5	0.005040
38535	37870	1	0.001008
38536	38634	2	0.024390
38536	38042	1	0.012195
38536	37723	4	0.048780
38536	39077	1	0.012195
38536	38286	2	0.024390
38537	38560	5	0.007812
38537	38432	1	0.001563
38537	37775	1	0.001563
38537	38727	1	0.001563
38537	37513	3	0.004687
38537	38634	3	0.004687
38537	37870	4	0.006250
38537	38223	1	0.001563
38537	37650	2	0.003125
38537	39159	6	0.009375
38537	38042	2	0.003125
38537	39003	1	0.001563
38537	37674	2	0.003125
38537	39198	1	0.001563
38537	38655	1	0.001563
38538	37915	1	0.018519
38538	39085	1	0.018519
38538	37574	1	0.018519
38538	39215	60	1.111111
38539	38528	1	0.008403
38539	38560	1	0.008403
38539	38826	1	0.008403
38539	38535	1	0.008403
38540	37761	1	0.055556
38540	39106	1	0.055556
38540	38467	1	0.055556
38540	37797	1	0.055556
38540	38631	1	0.055556
38540	37896	1	0.055556
38540	38145	1	0.055556
38540	39234	1	0.055556
38540	38414	1	0.055556
38540	37809	1	0.055556
38540	38901	1	0.055556
38540	39205	1	0.055556
38541	37472	1	0.000522
38541	37669	1	0.000522
38541	38824	14	0.007315
38541	37580	1	0.000522
38541	38254	1	0.000522
38541	39087	1	0.000522
38541	37712	1	0.000522
38541	38067	1	0.000522
38541	38710	1	0.000522
38541	38168	1	0.000522
38541	38332	1	0.000522
38541	37535	1	0.000522
38542	37775	4	0.666667
38543	38634	3	0.017045
38543	37538	2	0.011364
38543	37755	15	0.085227
38543	37650	5	0.028409
38544	38995	1	0.000908
38544	38787	1	0.000908
38544	37764	1	0.000908
38544	38919	1	0.000908
38544	39049	1	0.000908
38544	37642	3	0.002725
38544	38231	1	0.000908
38544	37776	3	0.002725
38544	37393	1	0.000908
38544	38034	1	0.000908
38544	38211	1	0.000908
38544	38791	1	0.000908
38544	38165	1	0.000908
38544	37721	1	0.000908
38544	38042	1	0.000908
38544	37915	7	0.006358
38544	38560	14	0.012716
38544	37923	1	0.000908
38544	38436	1	0.000908
38544	37807	1	0.000908
38544	37798	1	0.000908
38544	39081	1	0.000908
38544	37546	1	0.000908
38544	38855	1	0.000908
38544	39085	1	0.000908
38544	37550	1	0.000908
38544	39215	1	0.000908
38544	37808	1	0.000908
38544	37425	1	0.000908
38544	38353	1	0.000908
38544	38643	1	0.000908
38544	37940	1	0.000908
38544	37816	1	0.000908
38544	37949	3	0.002725
38544	37438	1	0.000908
38544	38979	1	0.000908
38544	38727	4	0.003633
38544	37450	1	0.000908
38544	37708	3	0.002725
38544	37711	1	0.000908
38544	38737	1	0.000908
38544	37458	1	0.000908
38544	38099	1	0.000908
38544	37483	1	0.000908
38544	38575	1	0.000908
38544	39128	1	0.000908
38544	38500	1	0.000908
38544	38747	1	0.000908
38544	38239	1	0.000908
38544	38223	1	0.000908
38544	38369	1	0.000908
38544	37860	1	0.000908
38544	37478	2	0.001817
38544	37735	1	0.000908
38544	38163	1	0.000908
38544	38634	21	0.019074
38544	39015	1	0.000908
38544	39003	1	0.000908
38544	37486	1	0.000908
38544	38642	1	0.000908
38544	38131	1	0.000908
38544	38516	1	0.000908
38544	38775	1	0.000908
38544	39195	1	0.000908
38544	38777	1	0.000908
38544	37628	1	0.000908
38544	37757	1	0.000908
38544	38867	1	0.000908
38544	37729	1	0.000908
38546	38634	1	0.076923
38546	37723	3	0.230769
38547	38080	11	0.045082
38547	39258	4	0.016393
38547	37642	1	0.004098
38547	38698	2	0.008197
38547	37386	1	0.004098
38550	38634	1	0.020833
38550	37723	3	0.062500
38550	37493	1	0.020833
38551	38634	5	5.000000
38551	37723	1	1.000000
38552	38560	9	0.007614
38552	38242	4	0.003384
38552	38342	1	0.000846
38552	37478	5	0.004230
38552	37961	8	0.006768
38552	38634	15508	13.120135
38552	38487	1	0.000846
38552	37708	1	0.000846
38552	38577	14	0.011844
38552	37650	1	0.000846
38552	37642	1	0.000846
38552	38742	1	0.000846
38552	38775	13	0.010998
38552	38042	10	0.008460
38552	37723	1	0.000846
38552	38333	1	0.000846
38552	39199	1	0.000846
38554	38560	2	0.009709
38554	37409	204	0.990291
38554	38410	1	0.004854
38554	37956	1	0.004854
38554	38727	1	0.004854
38554	38634	7	0.033981
38554	37775	6	0.029126
38554	38577	5	0.024272
38554	37650	1	0.004854
38554	39251	1	0.004854
38554	38552	1	0.004854
38554	38106	1	0.004854
38554	39003	2	0.009709
38554	38042	2	0.009709
38554	39199	2	0.009709
38556	38418	148	1.973333
38556	37843	74	0.986667
38556	39269	74	0.986667
38556	37723	2	0.026667
38557	38560	2	0.011628
38557	38179	2	0.011628
38557	37956	1	0.005814
38557	38698	1	0.005814
38557	37708	1	0.005814
38557	37650	14	0.081395
38557	37885	1	0.005814
38557	39199	1	0.005814
38557	37426	1	0.005814
38557	38899	172	1.000000
38557	38196	1	0.005814
38557	38454	1	0.005814
38557	38105	37	0.215116
38557	38042	8	0.046512
38557	37723	1	0.005814
38557	38634	22	0.127907
38557	37631	1	0.005814
38558	38552	3	0.062500
38558	37967	345	7.187500
38559	38634	3	0.019608
38559	37723	1	0.006536
38560	39172	6	0.016667
38560	37957	4	0.011111
38560	38727	6	0.016667
38560	38634	332	0.922222
38560	38775	5	0.013889
38560	37869	1	0.002778
38560	38487	1	0.002778
38560	38552	5	0.013889
38560	39047	1	0.002778
38560	39199	5	0.013889
38564	38082	154	0.090855
38564	38634	1	0.000590
38565	38649	8	0.131148
38565	38634	1	0.016393
38565	37723	23	0.377049
38567	39010	1	0.006993
38567	37955	143	1.000000
38567	39175	1	0.006993
38567	38634	4	0.027972
38567	37586	3	0.020979
38567	38577	2	0.013986
38567	38066	144	1.006993
38567	37748	3	0.020979
38567	38105	5	0.034965
38567	38042	3	0.020979
38568	38593	1	0.004016
38568	38634	2	0.008032
38568	38599	1	0.004016
38569	39199	1	0.015873
38569	39186	60	0.952381
38569	38903	1	0.015873
38569	37775	117	1.857143
38570	38634	13	0.132653
38570	37957	1	0.010204
38570	38333	1	0.010204
38571	39211	2	0.500000
38571	37723	4	1.000000
38573	38089	233	0.524775
38574	39170	1	0.001965
38574	37723	2	0.003929
38574	39270	1	0.001965
38574	37958	2	0.003929
38574	38634	6	0.011788
38574	38763	1	0.001965
38574	38092	1	0.001965
38574	38610	1	0.001965
38574	37786	1	0.001965
38574	38576	1	0.001965
38574	37714	1	0.001965
38574	38071	1	0.001965
38574	39029	1	0.001965
38574	38903	2	0.003929
38574	38552	1	0.001965
38574	38233	1	0.001965
38574	38042	3	0.005894
38574	38075	1	0.001965
38574	37642	2	0.003929
38574	38079	1	0.001965
38575	38560	15	0.026224
38575	38621	2	0.003497
38575	37642	187	0.326923
38575	39215	2	0.003497
38575	37808	382	0.667832
38575	38577	10	0.017483
38575	38102	2	0.003497
38575	38042	15	0.026224
38575	37915	204	0.356643
38575	38634	32	0.055944
38576	37513	1	0.000677
38576	37642	1	0.000677
38576	38795	4	0.002708
38576	38552	8	0.005416
38576	37786	3	0.002031
38576	39198	12	0.008125
38576	39199	1	0.000677
38576	39003	1	0.000677
38576	38698	2	0.001354
38576	38838	2	0.001354
38576	38333	4	0.002708
38576	39234	1	0.000677
38576	37961	1	0.000677
38576	38223	2	0.001354
38576	38996	1	0.000677
38576	38102	4	0.002708
38576	37723	3	0.002031
38576	38889	2	0.001354
38576	38634	11	0.007448
38576	37486	1	0.000677
38576	37885	3	0.002031
38576	37757	2	0.001354
38577	38560	52	0.300578
38577	38657	1	0.005780
38577	37956	5	0.028902
38577	37478	2	0.011561
38577	38727	1	0.005780
38577	38634	12255	70.838150
38577	37708	4	0.023121
38577	38509	1	0.005780
38577	38158	107	0.618497
38577	37970	4	0.023121
38577	38838	4	0.023121
38577	38775	2	0.011561
38577	38552	2	0.011561
38577	38042	2	0.011561
38577	39003	524	3.028902
38577	39199	1	0.005780
38578	38634	6	0.003699
38578	37723	9	0.005549
38581	38560	2	0.062500
38581	37426	24	0.750000
38581	38698	4	0.125000
38582	38552	1	0.020833
38582	38634	2	0.041667
38582	38716	2	0.041667
38582	38879	13	0.270833
38584	37956	1	0.004329
38584	38577	1	0.004329
38584	38634	1	0.004329
38584	37708	1	0.004329
38584	38766	4	0.017316
38586	38560	2	0.052632
38586	38626	13	0.342105
38586	38470	13	0.342105
38586	38634	13	0.342105
38586	38924	6	0.157895
38586	38577	13	0.342105
38586	38610	13	0.342105
38586	38070	14	0.368421
38586	38233	13	0.342105
38586	38042	13	0.342105
38586	39199	2	0.052632
38587	38560	1	0.015873
38587	38177	1	0.015873
38587	38924	4	0.063492
38587	38610	1	0.015873
38587	38042	3	0.047619
38587	37915	1	0.015873
38587	37757	1	0.015873
38587	39199	2	0.031746
38590	38560	1	0.010204
38590	37636	1	0.010204
38590	37445	1	0.010204
38590	38727	1	0.010204
38590	39187	1	0.010204
38590	37513	1	0.010204
38590	38634	3	0.030612
38590	38158	1	0.010204
38590	39272	1	0.010204
38590	37650	8	0.081633
38590	38483	6	0.061224
38590	37977	4	0.040816
38590	39224	1	0.010204
38590	37753	2	0.020408
38590	39199	1	0.010204
38590	37727	1	0.010204
38591	37408	1	0.032258
38591	37568	1	0.032258
38591	38978	1	0.032258
38591	37411	1	0.032258
38591	38820	1	0.032258
38591	38326	5	0.161290
38591	38151	1	0.032258
38591	37403	2	0.064516
38591	38634	5	0.161290
38591	38752	1	0.032258
38591	37580	1	0.032258
38591	38190	2	0.064516
38591	38613	13	0.419355
38591	38614	2	0.064516
38591	37733	1	0.032258
38591	38617	2	0.064516
38591	37755	32	1.032258
38591	38685	1	0.032258
38591	38495	1	0.032258
38595	37753	360	0.661765
38595	38634	363	0.667279
38595	37770	1	0.001838
38597	38560	4	0.008264
38597	38634	9	0.018595
38597	37775	4	0.008264
38597	38577	9	0.018595
38597	37650	2	0.004132
38597	39251	1	0.002066
38597	39199	2	0.004132
38598	38634	1	0.013333
38599	38568	9	1.000000
38599	39136	9	1.000000
38599	38634	3	0.333333
38600	37509	1	0.000985
38600	37431	1	0.000985
38600	38552	2	0.001970
38600	37650	1	0.000985
38600	37909	1	0.000985
38600	37528	1	0.000985
38600	38042	3	0.002956
38600	38043	1	0.000985
38600	38560	14	0.013793
38600	38696	1	0.000985
38600	39211	1	0.000985
38600	37429	1	0.000985
38600	38857	1	0.000985
38600	38204	1	0.000985
38600	37577	2	0.001970
38600	38219	6	0.005911
38600	38605	1	0.000985
38600	38869	1	0.000985
38600	37462	1	0.000985
38600	38615	1	0.000985
38600	37723	39	0.038424
38600	38634	19	0.018719
38600	39027	1	0.000985
38600	38264	1	0.000985
38602	38560	7	0.017157
38602	37953	13	0.031863
38602	39003	8	0.019608
38602	37924	1	0.002451
38602	38533	14	0.034314
38602	37575	1	0.002451
38602	37513	1	0.002451
38602	38634	54	0.132353
38602	37580	1	0.002451
38602	38766	1	0.002451
38602	39113	4	0.009804
38602	37996	4	0.009804
38602	37650	1	0.002451
38602	37642	1	0.002451
38602	38775	1	0.002451
38602	38938	3	0.007353
38602	37723	3	0.007353
38602	38042	1	0.002451
38602	38729	1	0.002451
38602	39199	1	0.002451
38604	38560	6	0.082192
38604	38305	1	0.013699
38604	37478	1	0.013699
38604	38634	539	7.383562
38604	37869	12	0.164384
38604	38552	1	0.013699
38604	39199	2	0.027397
38606	38560	12	0.214286
38606	37688	2	0.035714
38606	38634	3	0.053571
38606	39199	1	0.017857
38610	37504	1	0.000580
38610	38661	2	0.001160
38610	38415	1	0.000580
38610	39056	1	0.000580
38610	38552	1	0.000580
38610	39108	1	0.000580
38610	37786	2	0.001160
38610	38042	1	0.000580
38610	39198	2	0.001160
38610	38560	24	0.013921
38610	37681	2	0.001160
38610	38574	1	0.000580
38610	38321	2	0.001160
38610	38070	2	0.001160
38610	38586	1	0.000580
38610	38075	2	0.001160
38610	38333	1	0.000580
38610	37571	1	0.000580
38610	37828	1	0.000580
38610	37708	1	0.000580
38610	38361	2	0.001160
38610	39003	2	0.001160
38610	38587	1	0.000580
38610	38634	3	0.001740
38610	37622	2	0.001160
38610	38577	2	0.001160
38610	38395	2	0.001160
38610	37610	2	0.001160
38611	37638	1	0.090909
38611	38408	1	0.090909
38611	38634	1	0.090909
38611	38349	1	0.090909
38611	39021	1	0.090909
38611	37723	1	0.090909
38612	38560	2	0.005168
38612	37915	2	0.005168
38612	37478	9	0.023256
38612	38634	36	0.093023
38612	38731	1	0.002584
38612	38742	1	0.002584
38612	38139	4	0.010336
38612	37786	2	0.005168
38612	37723	4	0.010336
38613	37755	26	0.025974
38613	38326	1	0.000999
38613	37478	1	0.000999
38613	38641	1	0.000999
38613	38249	1	0.000999
38613	37834	1	0.000999
38613	38795	1	0.000999
38613	37786	1	0.000999
38613	37775	1	0.000999
38613	38385	96	0.095904
38613	38614	1	0.000999
38613	37370	1	0.000999
38613	37723	135	0.134865
38613	38634	5	0.004995
38614	38242	1	0.002088
38614	37755	5	0.010438
38614	39047	2	0.004175
38614	38634	464	0.968685
38614	38640	6	0.012526
38614	38613	3	0.006263
38614	38042	1	0.002088
38614	37723	27	0.056367
38614	39199	3	0.006263
38615	38560	1	0.018182
38615	37635	1	0.018182
38615	38634	4	0.072727
38615	37708	2	0.036364
38615	38577	1	0.018182
38615	37650	5	0.090909
38615	38100	4	0.072727
38615	38042	2	0.036364
38615	38335	4	0.072727
38617	38560	1	0.029412
38617	39047	1	0.029412
38617	38634	2	0.058824
38617	38727	1	0.029412
38617	38640	1	0.029412
38617	37650	2	0.058824
38617	38042	1	0.029412
38617	37755	13	0.382353
38617	37642	1	0.029412
38619	38560	4	0.026667
38619	38342	1	0.006667
38619	39046	3	0.020000
38619	38727	1	0.006667
38619	38634	10	0.066667
38619	38577	1	0.006667
38619	37650	1	0.006667
38619	37688	12	0.080000
38619	38042	8	0.053333
38619	37723	2	0.013333
38619	37957	1	0.006667
38619	37642	1	0.006667
38619	39038	7	0.046667
38619	39199	2	0.013333
38620	38634	4	0.008114
38620	37723	79	0.160243
38620	38125	293	0.594320
38620	39038	2	0.004057
38621	38560	2	0.008584
38623	38560	1	0.018182
38623	37858	55	1.000000
38623	38634	3	0.054545
38623	38125	110	2.000000
38623	37688	3	0.054545
38623	37723	57	1.036364
38623	39038	55	1.000000
38624	37755	4	0.008282
38627	38912	2	0.000833
38627	38144	2	0.000833
38627	38149	2	0.000833
38627	37510	2	0.000833
38627	37870	16	0.006661
38627	37642	6	0.002498
38627	38539	1	0.000416
38627	38924	2	0.000833
38627	37650	4	0.001665
38627	37395	2	0.000833
38627	38254	3	0.001249
38627	38166	2	0.000833
38627	38935	1	0.000416
38627	38552	5	0.002082
38627	38042	10	0.004163
38627	37915	2	0.000833
38627	37532	2	0.000833
38627	39070	2	0.000833
38627	38560	12	0.004996
38627	37665	1924	0.800999
38627	38181	3	0.001249
38627	38438	2	0.000833
38627	37674	3	0.001249
38627	38956	2	0.000833
38627	38062	2	0.000833
38627	39087	6	0.002498
38627	38710	3	0.001249
38627	37688	2	0.000833
38627	38332	2	0.000833
38627	38721	3	0.001249
38627	38177	2	0.000833
38627	37712	2	0.000833
38627	39215	3	0.001249
38627	37723	4	0.001665
38627	37725	2	0.000833
38627	38750	2	0.000833
38627	37471	3	0.001249
38627	37472	3	0.001249
38627	39249	2	0.000833
38627	38634	6	0.002498
38627	38759	2	0.000833
38627	38766	2	0.000833
38627	38767	2	0.000833
38627	37779	3	0.001249
38627	37669	2	0.000833
38627	38134	3	0.001249
38627	37753	2	0.000833
38627	37885	2	0.000833
38627	38782	3834	1.596170
38627	38655	3	0.001249
38629	38560	1	0.028571
38629	37388	3	0.085714
38629	38437	34	0.971429
38630	37723	12	0.048193
38630	38634	28	0.112450
38630	38770	245	0.983936
38630	38324	245	0.983936
38630	39003	3	0.012048
38630	37855	245	0.983936
38631	38560	16	0.071429
38631	39234	3	0.013393
38631	38634	1	0.004464
38631	37650	1	0.004464
38631	37786	3	0.013393
38631	37642	1	0.004464
38632	38698	5	0.043103
38633	37688	5	0.294118
38633	37650	2	0.117647
38633	38861	2	0.117647
38634	38912	5	0.000856
38634	38913	4	0.000685
38634	38914	2	0.000342
38634	38916	2	0.000342
38634	38918	2	0.000342
38634	38919	2	0.000342
38634	38923	2	0.000342
38634	38924	6	0.001027
38634	38925	1	0.000171
38634	38929	2	0.000342
38634	38930	2	0.000342
38634	38931	2	0.000342
38634	38940	2	0.000342
38634	38947	2	0.000342
38634	38952	1	0.000171
38634	38953	2	0.000342
38634	38954	2	0.000342
38634	38955	2	0.000342
38634	38957	2	0.000342
38634	38959	2	0.000342
38634	38961	2	0.000342
38634	38962	2	0.000342
38634	38963	2	0.000342
38634	38969	2	0.000342
38634	38970	2	0.000342
38634	38971	2	0.000342
38634	38973	2	0.000342
38634	38978	2	0.000342
38634	38979	28	0.004795
38634	38984	2	0.000342
38634	38991	2	0.000342
38634	38994	2	0.000342
38634	38995	2	0.000342
38634	38996	741	0.126884
38634	39001	2	0.000342
38634	39003	2825	0.483733
38634	39004	2	0.000342
38634	39010	2	0.000342
38634	39013	2	0.000342
38634	39015	2	0.000342
38634	39026	2	0.000342
38634	39027	2	0.000342
38634	39028	2	0.000342
38634	39030	2	0.000342
38634	39031	2	0.000342
38634	39032	2	0.000342
38634	39033	2	0.000342
38634	39040	2	0.000342
38634	39042	2	0.000342
38634	39044	2	0.000342
38634	39047	2331	0.399144
38634	39048	2	0.000342
38634	39049	2	0.000342
38634	39050	2	0.000342
38634	39056	2	0.000342
38634	39060	1	0.000171
38634	39063	2	0.000342
38634	39065	2	0.000342
38634	39069	2	0.000342
38634	39070	4	0.000685
38634	39072	2	0.000342
38634	39073	2	0.000342
38634	39080	2	0.000342
38634	39081	2	0.000342
38634	39085	2	0.000342
38634	39086	2	0.000342
38634	39091	5	0.000856
38634	39099	2	0.000342
38634	39101	1	0.000171
38634	39108	2	0.000342
38634	39114	2	0.000342
38634	39116	2	0.000342
38634	39118	2	0.000342
38634	39122	1	0.000171
38634	39124	2	0.000342
38634	39126	2	0.000342
38634	39128	2	0.000342
38634	39137	2	0.000342
38634	39139	2	0.000342
38634	39140	2	0.000342
38634	39145	2	0.000342
38634	39158	2	0.000342
38634	39159	1	0.000171
38634	39160	2	0.000342
38634	39161	7	0.001199
38634	39163	2	0.000342
38634	39164	2	0.000342
38634	39165	2	0.000342
38634	39166	2	0.000342
38634	39172	26	0.004452
38634	39174	2	0.000342
38634	39175	2	0.000342
38634	39179	2	0.000342
38634	39181	2	0.000342
38634	39183	2	0.000342
38634	39185	2	0.000342
38634	39187	7	0.001199
38634	39188	2	0.000342
38634	39193	2	0.000342
38634	39195	2	0.000342
38634	39198	312	0.053425
38634	39199	521	0.089212
38634	39204	2	0.000342
38634	39205	3	0.000514
38634	39211	2	0.000342
38634	39218	2	0.000342
38634	39225	2	0.000342
38634	39234	5	0.000856
38634	39235	2	0.000342
38634	39237	2	0.000342
38634	39239	2	0.000342
38634	39246	2	0.000342
38634	39251	4	0.000685
38634	39253	2	0.000342
38634	39255	2	0.000342
38634	39256	2	0.000342
38634	39258	2	0.000342
38634	39260	2	0.000342
38634	39261	2	0.000342
38634	39262	2	0.000342
38634	39265	2	0.000342
38634	39267	2	0.000342
38634	39268	2	0.000342
38634	39272	2	0.000342
38634	37361	2	0.000342
38634	37365	2	0.000342
38634	37366	2	0.000342
38634	37370	8	0.001370
38634	37375	2	0.000342
38634	37377	2	0.000342
38634	37378	2	0.000342
38634	37380	2	0.000342
38634	37384	2	0.000342
38634	37388	7	0.001199
38634	37393	2	0.000342
38634	37395	3	0.000514
38634	37399	2	0.000342
38634	37403	2	0.000342
38634	37409	1	0.000171
38634	37412	2	0.000342
38634	37413	2	0.000342
38634	37414	2	0.000342
38634	37416	2	0.000342
38634	37417	2	0.000342
38634	37418	1	0.000171
38634	37419	2	0.000342
38634	37420	2	0.000342
38634	37423	2	0.000342
38634	37425	2	0.000342
38634	37426	4	0.000685
38634	37429	2	0.000342
38634	37431	2	0.000342
38634	37437	2	0.000342
38634	37438	2	0.000342
38634	37440	2	0.000342
38634	37443	2	0.000342
38634	37445	2	0.000342
38634	37452	2	0.000342
38634	37455	1	0.000171
38634	37458	2	0.000342
38634	37461	2	0.000342
38634	37462	2	0.000342
38634	37463	2	0.000342
38634	37464	73	0.012500
38634	37466	2	0.000342
38634	37467	2	0.000342
38634	37468	2	0.000342
38634	37474	2	0.000342
38634	37476	2	0.000342
38634	37477	2	0.000342
38634	37478	5584	0.956164
38634	37483	2	0.000342
38634	37485	2	0.000342
38634	37486	10	0.001712
38634	37493	7	0.001199
38634	37495	2	0.000342
38634	37496	4	0.000685
38634	37497	2	0.000342
38634	37500	2	0.000342
38634	37503	4	0.000685
38634	37504	2	0.000342
38634	37509	2	0.000342
38634	37510	2	0.000342
38634	37511	2	0.000342
38634	37513	64	0.010959
38634	37515	2	0.000342
38634	37516	2	0.000342
38634	37527	2	0.000342
38634	37528	2	0.000342
38634	37533	2	0.000342
38634	37536	2	0.000342
38634	37538	2	0.000342
38634	37546	2	0.000342
38634	37548	2	0.000342
38634	37550	2	0.000342
38634	37553	2	0.000342
38634	37554	2	0.000342
38634	37564	2	0.000342
38634	37567	2	0.000342
38634	37569	1	0.000171
38634	37571	2	0.000342
38634	37575	12	0.002055
38634	37577	2	0.000342
38634	37580	99	0.016952
38634	37581	2	0.000342
38634	37582	2	0.000342
38634	37583	2	0.000342
38634	37584	2	0.000342
38634	37586	2	0.000342
38634	37588	2	0.000342
38634	37592	2	0.000342
38634	37595	2	0.000342
38634	37600	2	0.000342
38634	37603	2	0.000342
38634	37605	2	0.000342
38634	37610	2	0.000342
38634	37619	2	0.000342
38634	37622	2	0.000342
38634	37628	2	0.000342
38634	37632	2	0.000342
38634	37636	2	0.000342
38634	37638	2	0.000342
38634	37642	209	0.035788
38634	37643	2	0.000342
38634	37644	2	0.000342
38634	37647	2	0.000342
38634	37650	776	0.132877
38634	37655	2	0.000342
38634	37657	2	0.000342
38634	37658	2	0.000342
38634	37661	2	0.000342
38634	37662	2	0.000342
38634	37665	2	0.000342
38634	37666	2	0.000342
38634	37668	2	0.000342
38634	37669	2	0.000342
38634	37673	2	0.000342
38634	37681	2	0.000342
38634	37684	2	0.000342
38634	37688	9	0.001541
38634	37692	2	0.000342
38634	37693	2	0.000342
38634	37696	9	0.001541
38634	37705	2	0.000342
38634	37708	173	0.029623
38634	37711	2	0.000342
38634	37721	2	0.000342
38634	37723	1362	0.233219
38634	37727	2	0.000342
38634	37729	2	0.000342
38634	37730	2	0.000342
38634	37732	2	0.000342
38634	37735	2	0.000342
38634	37736	2	0.000342
38634	37737	2	0.000342
38634	37739	2	0.000342
38634	37749	2	0.000342
38634	37750	2	0.000342
38634	37752	2	0.000342
38634	37753	14	0.002397
38634	37755	15	0.002568
38634	37757	7	0.001199
38634	37758	2	0.000342
38634	37763	2	0.000342
38634	37764	2	0.000342
38634	37766	2	0.000342
38634	37771	2	0.000342
38634	37775	2	0.000342
38634	37778	2	0.000342
38634	37780	13	0.002226
38634	37783	2	0.000342
38634	37786	7	0.001199
38634	37787	2	0.000342
38634	37788	2	0.000342
38634	37789	6	0.001027
38634	37798	2	0.000342
38634	37799	2	0.000342
38634	37801	2	0.000342
38634	37803	2	0.000342
38634	37807	2	0.000342
38634	37808	2	0.000342
38634	37813	2	0.000342
38634	37815	2	0.000342
38634	37816	2	0.000342
38634	37817	2	0.000342
38634	37823	2	0.000342
38634	37824	2	0.000342
38634	37825	2	0.000342
38634	37826	2	0.000342
38634	37828	2	0.000342
38634	37832	2	0.000342
38634	37837	2	0.000342
38634	37841	2	0.000342
38634	37845	2	0.000342
38634	37852	2	0.000342
38634	37853	2	0.000342
38634	37854	2	0.000342
38634	37857	2	0.000342
38634	37858	2	0.000342
38634	37860	2	0.000342
38634	37863	2	0.000342
38634	37864	5	0.000856
38634	37868	4	0.000685
38634	37869	4	0.000685
38634	37870	3	0.000514
38634	37874	7	0.001199
38634	37885	3	0.000514
38634	37886	2	0.000342
38634	37888	2	0.000342
38634	37902	2	0.000342
38634	37903	2	0.000342
38634	37904	2	0.000342
38634	37909	2	0.000342
38634	37914	2	0.000342
38634	37915	10	0.001712
38634	37916	7	0.001199
38634	37922	2	0.000342
38634	37923	2	0.000342
38634	37924	2	0.000342
38634	37925	2	0.000342
38634	37928	2	0.000342
38634	37929	2	0.000342
38634	37932	11	0.001884
38634	37938	19	0.003253
38634	37940	2	0.000342
38634	37945	2	0.000342
38634	37949	2	0.000342
38634	37953	2	0.000342
38634	37956	38	0.006507
38634	37957	14	0.002397
38634	37961	12	0.002055
38634	37962	2	0.000342
38634	37963	2	0.000342
38634	37964	1	0.000171
38634	37967	1	0.000171
38634	37970	20	0.003425
38634	37977	42	0.007192
38634	37978	2	0.000342
38634	37981	2	0.000342
38634	37982	2	0.000342
38634	37996	3	0.000514
38634	37998	2	0.000342
38634	38000	2	0.000342
38634	38007	2	0.000342
38634	38008	2	0.000342
38634	38013	3	0.000514
38634	38022	2	0.000342
38634	38023	2	0.000342
38634	38034	2	0.000342
38634	38035	2	0.000342
38634	38036	2	0.000342
38634	38039	2	0.000342
38634	38041	2	0.000342
38634	38042	877	0.150171
38634	38043	2	0.000342
38634	38054	2	0.000342
38634	38058	2	0.000342
38634	38062	2	0.000342
38634	38068	2	0.000342
38634	38070	2	0.000342
38634	38072	2	0.000342
38634	38075	2	0.000342
38634	38078	2	0.000342
38634	38099	2	0.000342
38634	38100	2	0.000342
38634	38102	4	0.000685
38634	38103	2	0.000342
38634	38105	2	0.000342
38634	38106	2	0.000342
38634	38109	2	0.000342
38634	38110	2	0.000342
38634	38111	2	0.000342
38634	38130	2	0.000342
38634	38131	2	0.000342
38634	38133	2	0.000342
38634	38137	2	0.000342
38634	38139	1	0.000171
38634	38140	6	0.001027
38634	38143	2	0.000342
38634	38144	7	0.001199
38634	38148	2	0.000342
38634	38149	14	0.002397
38634	38151	2	0.000342
38634	38152	2	0.000342
38634	38155	2	0.000342
38634	38158	1815	0.310788
38634	38163	4	0.000685
38634	38165	2	0.000342
38634	38172	2	0.000342
38634	38175	2	0.000342
38634	38176	2	0.000342
38634	38177	4	0.000685
38634	38178	2	0.000342
38634	38179	2	0.000342
38634	38191	2	0.000342
38634	38195	2	0.000342
38634	38196	2	0.000342
38634	38200	2	0.000342
38634	38201	2	0.000342
38634	38204	4	0.000685
38634	38211	2	0.000342
38634	38216	2	0.000342
38634	38220	2	0.000342
38634	38221	2	0.000342
38634	38222	2	0.000342
38634	38223	8	0.001370
38634	38224	2	0.000342
38634	38225	2	0.000342
38634	38227	2	0.000342
38634	38229	2	0.000342
38634	38230	2	0.000342
38634	38231	2	0.000342
38634	38234	2	0.000342
38634	38238	2	0.000342
38634	38239	2	0.000342
38634	38241	2	0.000342
38634	38242	8	0.001370
38634	38243	2	0.000342
38634	38245	2	0.000342
38634	38247	2	0.000342
38634	38248	2	0.000342
38634	38253	2	0.000342
38634	38258	2	0.000342
38634	38261	2	0.000342
38634	38264	2	0.000342
38634	38266	2	0.000342
38634	38274	2	0.000342
38634	38279	2	0.000342
38634	38282	2	0.000342
38634	38283	2	0.000342
38634	38287	19	0.003253
38634	38288	2	0.000342
38634	38290	2	0.000342
38634	38292	2	0.000342
38634	38294	2	0.000342
38634	38300	2	0.000342
38634	38301	2	0.000342
38634	38305	2	0.000342
38634	38308	2	0.000342
38634	38312	2	0.000342
38634	38313	2	0.000342
38634	38321	2	0.000342
38634	38322	2	0.000342
38634	38325	2	0.000342
38634	38333	6	0.001027
38634	38336	2	0.000342
38634	38337	2	0.000342
38634	38340	1	0.000171
38634	38342	167	0.028596
38634	38345	2	0.000342
38634	38346	2	0.000342
38634	38353	8	0.001370
38634	38355	5	0.000856
38634	38356	2	0.000342
38634	38361	2	0.000342
38634	38369	2	0.000342
38634	38376	2	0.000342
38634	38378	2	0.000342
38634	38380	2	0.000342
38634	38387	2	0.000342
38634	38391	3	0.000514
38634	38392	2	0.000342
38634	38395	2	0.000342
38634	38404	2	0.000342
38634	38409	2	0.000342
38634	38412	2	0.000342
38634	38415	4	0.000685
38634	38416	2	0.000342
38634	38422	2	0.000342
38634	38426	2	0.000342
38634	38431	2	0.000342
38634	38432	6	0.001027
38634	38433	2	0.000342
38634	38434	2	0.000342
38634	38436	2	0.000342
38634	38438	7	0.001199
38634	38443	2	0.000342
38634	38444	2	0.000342
38634	38456	3	0.000514
38634	38457	2	0.000342
38634	38459	2	0.000342
38634	38470	2	0.000342
38634	38485	2	0.000342
38634	38487	5	0.000856
38634	38491	2	0.000342
38634	38495	2	0.000342
38634	38499	2	0.000342
38634	38500	2	0.000342
38634	38506	2	0.000342
38634	38509	60	0.010274
38634	38514	2	0.000342
38634	38516	2	0.000342
38634	38526	2	0.000342
38634	38528	2	0.000342
38634	38537	2	0.000342
38634	38542	2	0.000342
38634	38543	2	0.000342
38634	38544	2	0.000342
38634	38545	2	0.000342
38634	38552	433	0.074144
38634	38554	2	0.000342
38634	38557	2	0.000342
38634	38560	1232	0.210959
38634	38567	2	0.000342
38634	38570	6	0.001027
38634	38575	2	0.000342
38634	38576	5	0.000856
38634	38577	1846	0.316096
38634	38584	2	0.000342
38634	38586	2	0.000342
38634	38587	2	0.000342
38634	38590	2	0.000342
38634	38593	2	0.000342
38634	38597	2	0.000342
38634	38602	2	0.000342
38634	38603	2	0.000342
38634	38605	2	0.000342
38634	38606	2	0.000342
38634	38610	6	0.001027
38634	38615	2	0.000342
38634	38617	2	0.000342
38634	38619	2	0.000342
38634	38624	2	0.000342
38634	38629	2	0.000342
38634	38631	4	0.000685
38634	38633	2	0.000342
38634	38642	2	0.000342
38634	38643	2	0.000342
38634	38644	65	0.011130
38634	38647	9	0.001541
38634	38653	2	0.000342
38634	38655	3	0.000514
38634	38656	2	0.000342
38634	38657	31	0.005308
38634	38658	2	0.000342
38634	38659	2	0.000342
38634	38661	2	0.000342
38634	38672	2	0.000342
38634	38673	2	0.000342
38634	38680	2	0.000342
38634	38682	2	0.000342
38634	38685	2	0.000342
38634	38686	2	0.000342
38634	38691	2	0.000342
38634	38696	2	0.000342
38634	38702	2	0.000342
38634	38703	2	0.000342
38634	38705	2	0.000342
38634	38707	2	0.000342
38634	38709	2	0.000342
38634	38718	2	0.000342
38634	38722	2	0.000342
38634	38727	418	0.071575
38634	38729	2	0.000342
38634	38731	2	0.000342
38634	38735	2	0.000342
38634	38736	4	0.000685
38634	38737	2	0.000342
38634	38740	2	0.000342
38634	38742	420	0.071918
38634	38745	2	0.000342
38634	38746	2	0.000342
38634	38747	2	0.000342
38634	38751	2	0.000342
38634	38752	2	0.000342
38634	38753	2	0.000342
38634	38764	2	0.000342
38634	38766	7	0.001199
38634	38768	2	0.000342
38634	38774	5	0.000856
38634	38775	177	0.030308
38634	38777	2	0.000342
38634	38784	2	0.000342
38634	38787	2	0.000342
38634	38791	2	0.000342
38634	38795	4	0.000685
38634	38797	2	0.000342
38634	38802	2	0.000342
38634	38805	2	0.000342
38634	38813	2	0.000342
38634	38815	2	0.000342
38634	38819	2	0.000342
38634	38820	2	0.000342
38634	38822	27	0.004623
38634	38824	2	0.000342
38634	38825	2	0.000342
38634	38833	2	0.000342
38634	38837	2	0.000342
38634	38840	2	0.000342
38634	38841	2	0.000342
38634	38844	2	0.000342
38634	38845	2	0.000342
38634	38848	6	0.001027
38634	38853	2	0.000342
38634	38855	2	0.000342
38634	38856	2	0.000342
38634	38857	2	0.000342
38634	38860	2	0.000342
38634	38864	2	0.000342
38634	38867	2	0.000342
38634	38869	2	0.000342
38634	38870	2	0.000342
38634	38874	2	0.000342
38634	38875	2	0.000342
38634	38879	2	0.000342
38634	38881	2	0.000342
38634	38888	2	0.000342
38634	38889	7	0.001199
38634	38890	2	0.000342
38634	38892	2	0.000342
38639	38634	1	0.038462
38640	38912	1	0.010101
38640	37568	2	0.020202
38640	38149	1	0.010101
38640	37767	1	0.010101
38640	37513	1	0.010101
38640	37642	2	0.020202
38640	38924	1	0.010101
38640	38286	1	0.010101
38640	38543	1	0.010101
38640	38800	1	0.010101
38640	37650	9	0.090909
38640	37395	1	0.010101
38640	38190	2	0.020202
38640	38294	1	0.010101
38640	38617	1	0.010101
38640	38552	4	0.040404
38640	38042	7	0.070707
38640	38063	1	0.010101
38640	38812	1	0.010101
38640	37786	1	0.010101
38640	39070	1	0.010101
38640	39199	1	0.010101
38640	37408	1	0.010101
38640	38177	1	0.010101
38640	37403	2	0.020202
38640	38820	1	0.010101
38640	38766	1	0.010101
38640	38438	1	0.010101
38640	38698	1	0.010101
38640	38151	1	0.010101
38640	37804	1	0.010101
38640	38574	1	0.010101
38640	39087	1	0.010101
38640	38576	1	0.010101
38640	37411	1	0.010101
38640	39198	1	0.010101
38640	38326	2	0.020202
38640	39224	1	0.010101
38640	38495	1	0.010101
38640	38077	1	0.010101
38640	38335	1	0.010101
38640	37440	1	0.010101
38640	38560	2	0.020202
38640	37958	2	0.020202
38640	38727	2	0.020202
38640	37388	1	0.010101
38640	38858	1	0.010101
38640	38991	1	0.010101
38640	37834	2	0.020202
38640	39215	1	0.010101
38640	37688	1	0.010101
38640	38691	1	0.010101
38640	37962	1	0.010101
38640	38613	3	0.030303
38640	38614	1	0.010101
38640	38489	1	0.010101
38640	38685	1	0.010101
38640	37775	1	0.010101
38640	37983	1	0.010101
38640	38752	1	0.010101
38640	38200	1	0.010101
38640	37730	1	0.010101
38640	38889	1	0.010101
38640	38634	7	0.070707
38640	37740	1	0.010101
38640	37870	1	0.010101
38640	37915	1	0.010101
38640	38385	2	0.020202
38640	38774	1	0.010101
38640	38775	1	0.010101
38640	37753	1	0.010101
38640	37755	32	0.323232
38640	37885	1	0.010101
38640	39038	1	0.010101
38641	37736	12	0.021127
38641	38560	1	0.001761
38641	38634	4	0.007042
38641	37723	420	0.739437
38641	38742	1	0.001761
38642	38560	1	0.002564
38642	38754	6	0.015385
38642	39112	380	0.974359
38642	38634	9	0.023077
38642	37464	1	0.002564
38642	38042	8	0.020513
38642	37949	1	0.002564
38642	38175	379	0.971795
38643	38560	3	0.006803
38643	38042	5	0.011338
38643	37915	1	0.002268
38643	39012	2	0.004535
38643	38634	5	0.011338
38644	38042	1	0.250000
38644	37957	2	0.500000
38644	39199	1	0.250000
38647	38979	20	2.000000
38647	39047	20	2.000000
38647	38634	190	19.000000
38647	37650	10	1.000000
38647	37780	10	1.000000
38647	37977	10	1.000000
38648	39215	3	0.004054
38648	37723	5	0.006757
38648	39166	5	0.006757
38648	38391	1	0.001351
38649	39234	1	0.000399
38649	39003	2	0.000797
38649	38565	2	0.000797
38649	37478	1	0.000399
38649	38634	60	0.023914
38649	38223	1	0.000399
38649	37688	7	0.002790
38649	37650	1	0.000399
38649	38038	295	0.117577
38649	38552	2	0.000797
38649	37723	13	0.005181
38649	37642	1	0.000399
38649	39038	31	0.012356
38650	38634	5	5.000000
38650	37723	1	1.000000
38653	38912	43	0.330769
38653	38560	6	0.046154
38653	37378	1	0.007692
38653	37669	7	0.053846
38653	37478	2	0.015385
38653	38727	1	0.007692
38653	37580	1	0.007692
38653	38634	75	0.576923
38653	37708	3	0.023077
38653	38286	11	0.084615
38653	38552	2	0.015385
38653	37650	7	0.053846
38653	38775	2	0.015385
38653	38776	11	0.084615
38653	38042	5	0.038462
38653	39003	3	0.023077
38653	37500	2	0.015385
38653	37642	4	0.030769
38653	39199	18	0.138462
38654	37957	2	0.045455
38654	37478	1	0.022727
38654	38727	3	0.068182
38654	38634	302	6.863636
38654	38775	1	0.022727
38654	38042	2	0.045455
38655	38634	5	0.019920
38655	37723	1	0.003984
38655	37650	1	0.003984
38656	37688	4	0.400000
38656	39038	1	0.100000
38657	38634	654	12.339623
38658	38560	5	0.063291
38658	38144	1	0.012658
38658	39234	1	0.012658
38658	38533	1	0.012658
38658	38631	1	0.012658
38658	38889	1	0.012658
38658	38634	777	9.835443
38658	38795	1	0.012658
38658	38223	1	0.012658
38658	38576	1	0.012658
38658	39187	1	0.012658
38658	37370	1	0.012658
38658	38102	1	0.012658
38658	38456	1	0.012658
38658	39161	1	0.012658
38658	37786	1	0.012658
38658	38333	1	0.012658
38658	39198	2	0.025316
38658	39251	1	0.012658
38659	38560	3	0.081081
38659	38634	1	0.027027
38659	38286	1	0.027027
38659	39199	1	0.027027
38660	38560	1	0.018182
38660	37478	1	0.018182
38660	39246	57	1.036364
38660	38100	1	0.018182
38660	38042	1	0.018182
38660	37757	1	0.018182
38660	38366	1	0.018182
38661	37580	5	0.000759
38661	38634	49	0.007437
38661	38924	11	0.001669
38661	38610	1	0.000152
38661	38577	3	0.000455
38661	37650	12	0.001821
38661	38552	6	0.000911
38661	38169	2	0.000304
38661	37786	20	0.003035
38661	38042	13	0.001973
38661	39199	12	0.001821
38664	37856	8	0.003565
38664	38344	3	0.001337
38664	38634	9	0.004011
38664	37772	3	0.001337
38664	38669	3	0.001337
38664	38577	3	0.001337
38664	37723	9	0.004011
38664	38686	3	0.001337
38668	37955	21	0.724138
38669	37723	10	1.111111
38672	39224	1	0.025641
38673	37761	105	0.972222
38673	37650	2	0.018519
38673	38803	105	0.972222
38673	38141	105	0.972222
38673	38634	1	0.009259
38674	37723	1	0.001389
38676	39081	190	0.527778
38676	38634	2	0.005556
38676	37723	190	0.527778
38678	38560	1	0.000340
38678	38327	4	0.001358
38678	39231	363	0.123260
38680	37433	1	0.020000
38680	39003	1	0.020000
38680	38013	1	0.020000
38682	37956	1	0.012048
38682	37708	1	0.012048
38683	38304	1	0.003322
38683	39036	1	0.003322
38683	37723	90	0.299003
38683	38420	1	0.003322
38683	37631	1	0.003322
38685	38560	2	0.003472
38685	39003	10	0.017361
38685	38634	8	0.013889
38685	38640	2	0.003472
38685	37650	4	0.006944
38685	38613	2	0.003472
38685	38042	4	0.006944
38685	37755	26	0.045139
38685	39199	4	0.006944
38686	38664	2	0.090909
38686	38634	1	0.045455
38686	39205	2	0.090909
38687	38634	2	0.002548
38687	37723	2	0.002548
38687	37957	1	0.001274
38687	37870	337	0.429299
38689	38560	1	0.002433
38689	38634	8	0.019465
38689	38219	13	0.031630
38689	39193	6	0.014599
38689	37723	15	0.036496
38689	38335	1	0.002433
38691	37642	1	0.011905
38691	37755	4	0.047619
38691	39207	3	0.035714
38692	38853	168	2.000000
38692	38634	1	0.011905
38692	38956	84	1.000000
38692	38742	4	0.047619
38692	38263	84	1.000000
38692	37723	6	0.071429
38694	38632	12	0.923077
38694	37723	13	1.000000
38694	37647	24	1.846154
38696	38560	1	0.011494
38696	37708	1	0.011494
38696	37650	2	0.022989
38696	38300	2	0.022989
38696	38335	1	0.011494
38698	38020	2	0.022727
38698	38405	1	0.011364
38698	38920	2	0.022727
38698	37513	1	0.011364
38698	37642	8	0.090909
38698	37899	2	0.022727
38698	38924	1	0.011364
38698	38305	1	0.011364
38698	37650	6	0.068182
38698	38547	2	0.022727
38698	37524	3	0.034091
38698	37977	1	0.011364
38698	38552	13	0.147727
38698	37529	2	0.022727
38698	38042	23	0.261364
38698	39199	8	0.090909
38698	38560	35	0.397727
38698	38576	2	0.022727
38698	38946	2	0.022727
38698	39003	1	0.011364
38698	38180	2	0.022727
38698	38634	16	0.181818
38698	39210	1	0.011364
38698	38727	1	0.011364
38698	37549	1	0.011364
38698	38574	4	0.045455
38698	37680	2	0.022727
38698	38577	8	0.090909
38698	37426	2	0.022727
38698	38067	1	0.011364
38698	38196	1	0.011364
38698	37688	1	0.011364
38698	37693	1	0.011364
38698	37824	1	0.011364
38698	37771	1	0.011364
38698	37958	6	0.068182
38698	38177	2	0.022727
38698	37388	1	0.011364
38698	37723	1	0.011364
38698	38050	1	0.011364
38698	37395	1	0.011364
38698	38098	1	0.011364
38698	37587	2	0.022727
38698	38105	1	0.011364
38698	37979	2	0.022727
38698	37853	1	0.011364
38698	37478	6	0.068182
38698	38632	2	0.022727
38698	38377	2	0.022727
38698	38378	1	0.011364
38698	38509	1	0.011364
38698	38766	1	0.011364
38698	38333	1	0.011364
38698	38760	1	0.011364
38698	37715	2	0.022727
38698	37748	1	0.011364
38698	38774	1	0.011364
38698	38775	2	0.022727
38698	37752	1	0.011364
38698	37753	1	0.011364
38698	39034	7	0.079545
38698	37755	1	0.011364
38698	37885	7	0.079545
38698	37886	2	0.022727
38701	38634	1	0.035714
38702	37513	16	0.410256
38702	37642	16	0.410256
38702	38804	16	0.410256
38702	38634	16	0.410256
38702	37927	16	0.410256
38703	38149	6	0.027650
38703	38577	2	0.009217
38703	37650	1	0.004608
38703	38714	1	0.004608
38703	38042	1	0.004608
38703	39199	1	0.004608
38705	38560	6	0.061224
38705	38736	1	0.010204
38705	38634	2	0.020408
38705	38992	47	0.479592
38705	37650	2	0.020408
38705	37688	9	0.091837
38705	38042	1	0.010204
38705	37642	1	0.010204
38707	38336	2	0.222222
38707	39040	2	0.222222
38707	37787	2	0.222222
38707	37803	2	0.222222
38707	38191	2	0.222222
38707	37592	3	0.333333
38707	38931	4	0.444444
38707	38431	2	0.222222
38707	38959	3	0.333333
38707	38751	2	0.222222
38708	38735	6	1.000000
38708	37863	6	1.000000
38709	38560	2	0.024096
38709	38419	2	0.024096
38709	37650	15	0.180723
38709	37395	2	0.024096
38709	38042	4	0.048193
38709	37723	4	0.048193
38709	39199	9	0.108434
38710	37642	1	0.032258
38710	37779	1	0.032258
38710	38254	2	0.064516
38710	38935	1	0.032258
38710	38042	2	0.064516
38710	37532	1	0.032258
38710	38560	4	0.129032
38710	37669	2	0.064516
38710	37674	3	0.096774
38710	38062	2	0.064516
38710	39087	1	0.032258
38710	38577	2	0.064516
38710	38332	1	0.032258
38710	38721	1	0.032258
38710	38903	1	0.032258
38710	38223	1	0.032258
38710	37712	1	0.032258
38710	38742	1	0.032258
38710	38366	2	0.064516
38710	37471	1	0.032258
38710	37472	1	0.032258
38710	38627	5	0.161290
38710	37478	5	0.161290
38710	38634	5	0.161290
38710	37870	4	0.129032
38710	38134	2	0.064516
38710	38775	1	0.032258
38710	38655	3	0.096774
38712	37498	1	0.010870
38712	37723	92	1.000000
38712	38348	1	0.010870
38712	38534	1	0.010870
38712	39206	1	0.010870
38713	38634	4	4.000000
38713	37723	1	1.000000
38714	37908	1	0.050000
38714	38429	1	0.050000
38714	38477	1	0.050000
38715	38455	2	0.003344
38715	38634	7	0.011706
38715	37723	28	0.046823
38715	38111	2	0.003344
38716	38634	1	0.013889
38716	38775	1	0.013889
38716	38076	1	0.013889
38716	38774	1	0.013889
38716	38879	4	0.055556
38717	38552	1	0.012195
38717	38634	1231	15.012195
38717	39199	1	0.012195
38717	38487	3	0.036585
38718	37769	149	1.000000
38718	39070	151	1.013423
38718	38111	103	0.691275
38720	38634	10	0.250000
38720	38370	4	0.100000
38720	38007	3	0.075000
38722	38560	6	0.030000
38722	37540	7	0.035000
38722	38634	4	0.020000
38722	37686	3	0.015000
38722	37688	24	0.120000
38722	39003	6	0.030000
38722	39038	1	0.005000
38722	39199	1	0.005000
38723	38634	2	0.036364
38723	37666	2	0.036364
38724	38634	1	0.000653
38724	37478	1	0.000653
38726	38634	4	4.000000
38726	37723	1	1.000000
38727	38634	1501	15.316327
38727	37642	2	0.020408
38728	38634	4	4.000000
38728	37723	1	1.000000
38729	38105	4	0.097561
38729	37650	31	0.756098
38731	38919	4	0.002459
38731	37393	4	0.002459
38731	37915	689	0.423479
38731	37923	4	0.002459
38731	38436	4	0.002459
38731	37425	4	0.002459
38731	37938	2	0.001229
38731	37940	5	0.003073
38731	37438	1	0.000615
38731	37450	4	0.002459
38731	37453	1	0.000615
38731	37458	4	0.002459
38731	38995	1	0.000615
38731	38487	2	0.001229
38731	37464	5	0.003073
38731	37476	1	0.000615
38731	38493	3	0.001844
38731	38500	5	0.003073
38731	37478	4	0.002459
38731	39015	4	0.002459
38731	37483	2	0.001229
38731	37486	1539	0.945913
38731	38003	6	0.003688
38731	38516	5	0.003073
38731	39047	6	0.003688
38731	39049	1	0.000615
38731	37515	4	0.002459
38731	38544	4	0.002459
38731	38034	4	0.002459
38731	38042	55	0.033805
38731	38560	32	0.019668
38731	39081	3	0.001844
38731	37546	4	0.002459
38731	39085	2	0.001229
38731	37550	4	0.002459
38731	38575	4	0.002459
38731	38577	1	0.000615
38731	37575	1	0.000615
38731	39118	1	0.000615
38731	38099	5	0.003073
38731	38102	2	0.001229
38731	39128	4	0.002459
38731	38112	4	0.002459
38731	38634	1667	1.024585
38731	38642	3	0.001844
38731	38131	1	0.000615
38731	38139	2	0.001229
38731	39164	4	0.002459
38731	38158	1545	0.949600
38731	37650	25	0.015366
38731	38163	4	0.002459
38731	38165	4	0.002459
38731	39195	3	0.001844
38731	39199	1	0.000615
38731	39215	1533	0.942225
38731	37513	5	0.003073
38731	38211	4	0.002459
38731	37723	4	0.002459
38731	37708	2	0.001229
38731	37711	1	0.000615
38731	38737	5	0.003073
38731	38742	9	0.005532
38731	38231	5	0.003073
38731	37721	4	0.002459
38731	38747	4	0.002459
38731	38239	1	0.000615
38731	37729	6	0.003688
38731	37735	3	0.001844
38731	37750	1	0.000615
38731	38775	3	0.001844
38731	38777	5	0.003073
38731	37757	1	0.000615
38731	38787	1	0.000615
38731	37764	4	0.002459
38731	38791	1	0.000615
38731	38288	3	0.001844
38731	37795	1	0.000615
38731	37798	5	0.003073
38731	37807	1	0.000615
38731	37808	5	0.003073
38731	38643	6	0.003688
38731	37816	4	0.002459
38731	38342	2	0.001229
38731	38855	6	0.003688
38731	38353	3	0.001844
38731	38867	7	0.004302
38731	38223	1	0.000615
38731	38369	3	0.001844
38731	37860	4	0.002459
38731	37628	4	0.002459
38731	37361	1	0.000615
38734	38634	6	0.122449
38734	37723	6	0.122449
38734	38042	1	0.020408
38735	38560	2	0.032787
38735	37478	5	0.081967
38735	37607	1	0.016393
38735	38634	7	0.114754
38735	38774	2	0.032787
38735	38042	4	0.065574
38735	39003	1	0.016393
38736	38560	8	0.026756
38736	37441	2	0.006689
38736	37538	1	0.003344
38736	37478	1	0.003344
38736	38727	1	0.003344
38736	38634	20	0.066890
38736	37708	2	0.006689
38736	38577	15	0.050167
38736	37650	5	0.016722
38736	38042	2	0.006689
38736	37435	1	0.003344
38736	37757	5	0.016722
38736	39199	1	0.003344
38737	38014	3	0.058824
38737	39215	1	0.019608
38738	38634	3	0.002285
38738	37723	3	0.002285
38740	38560	2	0.025316
38740	37650	1	0.012658
38741	38634	4	4.000000
38741	37723	1	1.000000
38742	37896	1	0.003509
38742	37642	2	0.007018
38742	38795	1	0.003509
38742	38924	2	0.007018
38742	37775	3	0.010526
38742	39187	1	0.003509
38742	38552	12	0.042105
38742	38042	10	0.035088
38742	39199	45	0.157895
38742	38560	6	0.021053
38742	37938	4	0.014035
38742	37688	2	0.007018
38742	38340	1	0.003509
38742	38727	2	0.007018
38742	37961	1	0.003509
38742	39251	1	0.003509
38742	37723	5	0.017544
38742	37478	76	0.266667
38742	38634	3834	13.452632
38742	37870	2	0.007018
38742	38774	1	0.003509
38742	38775	7	0.024561
38742	37753	2	0.007018
38745	38560	2	0.026316
38745	38727	34	0.447368
38745	38634	43	0.565789
38745	37775	72	0.947368
38745	38577	2	0.026316
38745	37650	2	0.026316
38745	37719	34	0.447368
38745	39003	2	0.026316
38745	37757	34	0.447368
38745	39199	2	0.026316
38746	37775	4	0.285714
38747	37416	2	0.052632
38747	38634	1	0.026316
38747	37949	1	0.026316
38749	39008	1	0.016393
38750	37472	1	0.016949
38750	38889	3	0.050847
38750	38634	2	0.033898
38750	39179	1	0.016949
38750	37775	3	0.050847
38750	39251	2	0.033898
38751	38277	8	0.400000
38752	37733	22	0.285714
38752	38634	3	0.038961
38752	37580	3	0.038961
38752	37650	4	0.051948
38752	38543	1	0.012987
38752	38577	1	0.012987
38752	38418	1	0.012987
38752	37755	13	0.168831
38752	37757	1	0.012987
38753	38800	2	0.007605
38753	38560	6	0.022814
38753	38042	2	0.007605
38753	38525	2	0.007605
38753	38766	137	0.520913
38754	38634	11	0.031429
38754	37723	7	0.020000
38757	38634	15	0.032751
38757	37723	15	0.032751
38759	37642	8	0.062992
38759	38539	1	0.007874
38759	38286	2	0.015748
38759	37775	5	0.039370
38759	37650	7	0.055118
38759	37779	1	0.007874
38759	37870	32	0.251969
38759	38166	1	0.007874
38759	38935	1	0.007874
38759	38552	1	0.007874
38759	38042	4	0.031496
38759	37532	1	0.007874
38759	39199	7	0.055118
38759	38560	10	0.078740
38759	37723	4	0.031496
38759	37669	1	0.007874
38759	38822	2	0.015748
38759	37674	1	0.007874
38759	38956	1	0.007874
38759	39087	1	0.007874
38759	38577	3	0.023622
38759	37682	2	0.015748
38759	38710	1	0.007874
38759	37471	1	0.007874
38759	38332	1	0.007874
38759	38721	1	0.007874
38759	38342	3	0.023622
38759	37708	1	0.007874
38759	38775	2	0.015748
38759	38476	1	0.007874
38759	37712	1	0.007874
38759	39249	1	0.007874
38759	38766	1	0.007874
38759	38742	8	0.062992
38759	39003	2	0.015748
38759	37725	1	0.007874
38759	38750	1	0.007874
38759	38181	1	0.007874
38759	37472	1	0.007874
38759	38627	1	0.007874
38759	37478	10	0.078740
38759	38634	72	0.566929
38759	38254	1	0.007874
38759	38767	1	0.007874
38759	37618	1	0.007874
38759	38903	7	0.055118
38759	38698	3	0.023622
38759	38655	1	0.007874
38760	38560	3	0.002096
38760	38091	1	0.000699
38760	37957	1	0.000699
38760	37478	2	0.001398
38760	37418	1422	0.993711
38760	38698	3	0.002096
38760	37487	267890	187.204752
38760	38576	3	0.002096
38760	39215	2	0.001398
38760	37650	1	0.000699
38760	37491	1	0.000699
38760	38548	1	0.000699
38760	38105	4	0.002795
38760	38042	1	0.000699
38760	39003	1	0.000699
38760	39100	1	0.000699
38760	38634	6	0.004193
38760	37843	1	0.000699
38761	38469	87	0.966667
38761	38727	1	0.011111
38761	38568	1	0.011111
38761	38089	1	0.011111
38761	38634	2	0.022222
38761	38799	1	0.011111
38761	38864	87	0.966667
38761	39060	87	0.966667
38761	37753	1	0.011111
38761	37770	1	0.011111
38761	39198	1	0.011111
38763	38560	1	0.002577
38763	37504	1	0.002577
38763	39170	1	0.002577
38763	38075	1	0.002577
38763	39108	2	0.005155
38763	39270	1	0.002577
38763	38092	1	0.002577
38763	38924	1	0.002577
38763	38610	1	0.002577
38763	38574	2	0.005155
38763	39215	640	1.649485
38763	38328	1	0.002577
38763	37714	1	0.002577
38763	39029	1	0.002577
38763	38071	1	0.002577
38763	38552	3	0.007732
38763	38233	1	0.002577
38763	37723	1	0.002577
38763	37828	3	0.007732
38763	38079	1	0.002577
38764	37363	1	0.014286
38764	37973	3	0.042857
38764	38774	1	0.014286
38765	38489	1	0.055556
38765	37723	1	0.055556
38766	39047	1	0.003021
38766	38409	1	0.003021
38766	37642	3	0.009063
38766	38158	1	0.003021
38766	38800	4	0.012085
38766	37650	16	0.048338
38766	37527	2	0.006042
38766	38552	7	0.021148
38766	38042	83	0.250755
38766	37533	2	0.006042
38766	39199	3	0.009063
38766	38560	3	0.009063
38766	37924	2	0.006042
38766	38824	3	0.009063
38766	38957	1	0.003021
38766	38577	4	0.012085
38766	37559	7	0.021148
38766	39050	2	0.006042
38766	38078	1	0.003021
38766	38337	2	0.006042
38766	37956	3	0.009063
38766	37957	2	0.006042
38766	38602	1	0.003021
38766	37708	9	0.027190
38766	37841	1	0.003021
38766	38634	75	0.226586
38766	37869	1	0.003021
38766	39032	1	0.003021
38766	39033	2	0.006042
38766	37370	6	0.018127
38767	38970	5	0.003634
38767	37870	33	0.023983
38767	38687	33	0.023983
38769	39170	6	0.020761
38769	37723	15	0.051903
38769	38634	8	0.027682
38769	38042	1	0.003460
38770	37540	9	0.012000
38770	38630	743	0.990667
38770	38634	18	0.024000
38770	38324	743	0.990667
38770	38742	2	0.002667
38770	37723	2	0.002667
38770	37855	743	0.990667
38773	37915	1	0.083333
38773	37491	1	0.083333
38773	39215	3	0.250000
38774	37888	1	0.001305
38774	38018	1	0.001305
38774	37380	1	0.001305
38774	37765	1	0.001305
38774	38764	1	0.001305
38774	37387	2	0.002611
38774	38412	1	0.001305
38774	37826	1	0.001305
38774	38158	1	0.001305
38774	38416	1	0.001305
38774	39185	2	0.002611
38774	37650	3	0.003916
38774	37907	1	0.001305
38774	38552	8	0.010444
38774	38042	10	0.013055
38774	38299	20	0.026110
38774	38250	4	0.005222
38774	39198	1	0.001305
38774	37791	1	0.001305
38774	38560	22	0.028721
38774	38434	1	0.001305
38774	38307	1	0.001305
38774	37489	1	0.001305
38774	37658	1	0.001305
38774	37831	4	0.005222
38774	39212	9	0.011749
38774	37551	1	0.001305
38774	38962	1	0.001305
38774	38963	14	0.018277
38774	38417	1	0.001305
38774	38319	1	0.001305
38774	38582	1	0.001305
38774	38457	1	0.001305
38774	37482	1	0.001305
38774	38081	1	0.001305
38774	38466	1	0.001305
38774	38979	1	0.001305
38774	37701	2	0.002611
38774	38727	1	0.001305
38774	39116	1	0.001305
38774	37708	2	0.002611
38774	37922	1	0.001305
38774	38735	1	0.001305
38774	37844	4	0.005222
38774	37973	4	0.005222
38774	38742	7	0.009138
38774	38905	3	0.003916
38774	38174	1	0.001305
38774	37977	1	0.001305
38774	37723	28	0.036554
38774	38740	1	0.001305
38774	38879	1	0.001305
38774	37728	39	0.050914
38774	39137	1	0.001305
38774	38499	1	0.001305
38774	37478	13	0.016971
38774	38521	1	0.001305
38774	38248	1	0.001305
38774	38634	17	0.022193
38774	37863	1	0.001305
38774	39148	1	0.001305
38774	38909	5	0.006527
38774	38001	3	0.003916
38774	39026	1	0.001305
38774	38247	1	0.001305
38774	38775	3	0.003916
38774	37624	3	0.003916
38774	39161	1972	2.574413
38774	39225	1	0.001305
38774	38011	1	0.001305
38774	38781	1	0.001305
38775	38657	8	0.012800
38775	37478	1	0.001600
38775	38342	8	0.012800
38775	38634	8773	14.036800
38775	38577	5	0.008000
38775	38552	14	0.022400
38775	39003	1	0.001600
38775	37757	1	0.001600
38777	38560	5	0.032258
38777	38634	1	0.006452
38777	37650	1	0.006452
38777	38042	1	0.006452
38777	37915	2	0.012903
38777	37949	2	0.012903
38777	39199	5	0.032258
38778	37370	1	0.027778
38779	37856	2	0.181818
38780	38634	1	0.111111
38780	37723	4	0.444444
38781	38560	1	0.000206
38781	37863	6	0.001236
38781	38634	7	0.001442
38781	38774	2	0.000412
38781	38552	1	0.000206
38781	37723	14	0.002884
38782	37642	2	0.166667
38782	37723	1	0.083333
38784	37712	2	0.062500
38784	38560	5	0.156250
38784	38042	42	1.312500
38784	37642	1	0.031250
38784	37870	2	0.062500
38785	37387	1	0.024390
38785	39003	1	0.024390
38785	37658	792	19.317073
38785	38307	2	0.048780
38787	38249	11	0.282051
38787	38634	15	0.384615
38787	38577	11	0.282051
38787	38042	23	0.589744
38787	37915	11	0.282051
38787	37949	1	0.025641
38791	38560	12	0.030380
38791	38731	3	0.007595
38791	37708	6	0.015190
38791	38158	3	0.007595
38791	37949	9	0.022785
38791	38042	6	0.015190
38791	37757	3	0.007595
38792	38014	1	0.022222
38794	38560	2	0.009050
38794	37592	1	0.004525
38794	38634	2	0.009050
38794	37723	14	0.063348
38794	38334	1	0.004525
38795	38560	3	0.001777
38795	38346	1	0.000592
38795	39235	1	0.000592
38795	39172	2	0.001185
38795	37478	1	0.000592
38795	37736	3	0.001777
38795	38889	2	0.001185
38795	38634	14	0.008294
38795	37869	4	0.002370
38795	37786	2	0.001185
38795	37757	4	0.002370
38795	38577	3	0.001777
38795	37650	1	0.000592
38795	38552	8	0.004739
38795	37455	1	0.000592
38795	37723	7	0.004147
38795	37642	3	0.001777
38795	39198	2	0.001185
38797	38537	1	0.001942
38797	38795	1	0.001942
38797	39058	2	0.003883
38797	38935	533	1.034951
38797	38552	2	0.003883
38797	38042	11	0.021359
38797	37786	1	0.001942
38797	39198	1	0.001942
38797	39199	6	0.011650
38797	38560	1	0.001942
38797	37575	1	0.001942
38797	38333	1	0.001942
38797	39234	1	0.001942
38797	38727	1	0.001942
38797	38223	1	0.001942
38797	39251	1	0.001942
38797	38487	1	0.001942
38797	38889	1	0.001942
38797	38634	5	0.009709
38797	37870	18	0.034951
38797	37757	1	0.001942
38797	38655	1	0.001942
38798	38560	1	0.004444
38798	37830	1	0.004444
38798	38920	2	0.008889
38798	38634	7	0.031111
38798	39159	3	0.013333
38798	38253	1	0.004444
38798	38576	1	0.004444
38798	37650	1	0.004444
38798	38454	1	0.004444
38798	38391	2	0.008889
38798	38552	5	0.022222
38798	38042	1	0.004444
38798	37723	96	0.426667
38798	39070	1	0.004444
38799	39224	1	0.500000
38800	38337	1	0.004695
38800	39073	1	0.004695
38800	38888	1	0.004695
38800	38409	1	0.004695
38800	37802	2	0.009390
38800	37931	10	0.046948
38800	38766	7	0.032864
38800	38257	1	0.004695
38800	38323	1	0.004695
38800	38230	1	0.004695
38800	37815	1	0.004695
38800	38552	2	0.009390
38800	38525	4	0.018779
38800	37854	1	0.004695
38802	38560	5	0.041667
38802	38727	1	0.008333
38802	38634	121	1.008333
38802	38955	1	0.008333
38802	37775	16	0.133333
38802	38577	1	0.008333
38802	37650	4	0.033333
38802	38552	1	0.008333
38802	38106	4	0.033333
38802	39003	2	0.016667
38802	37725	239	1.991667
38803	38634	1	0.012048
38803	37723	1	0.012048
38804	38702	2	0.142857
38805	37688	3	0.088235
38805	37580	1	0.029412
38805	37972	1	0.029412
38805	39199	1	0.029412
38806	38912	1	0.001976
38806	38177	1	0.001976
38806	37755	1	0.001976
38806	37478	1	0.001976
38806	38727	4	0.007905
38806	38321	1	0.001976
38806	38634	19689	38.911067
38806	38924	1	0.001976
38806	38560	1	0.001976
38806	37870	1	0.001976
38806	37775	1	0.001976
38806	38577	292	0.577075
38806	38100	1	0.001976
38806	38552	1	0.001976
38806	38042	4	0.007905
38806	39003	458	0.905138
38806	39070	1	0.001976
38806	39199	1	0.001976
38810	38250	308	0.996764
38810	37723	1	0.003236
38812	37513	1	0.000139
38812	37642	1	0.000139
38812	39106	14	0.001946
38812	37650	1	0.000139
38812	38552	6	0.000834
38812	38042	1	0.000139
38812	37786	1	0.000139
38812	39199	1	0.000139
38812	38560	16	0.002224
38812	39224	3	0.000417
38812	38333	1	0.000139
38812	39234	2	0.000278
38812	37575	1	0.000139
38812	37961	1	0.000139
38812	37580	1	0.000139
38812	38223	3	0.000417
38812	38102	1	0.000139
38812	37723	1	0.000139
38812	37728	1	0.000139
38812	38242	1	0.000139
38812	38631	112	0.015571
38812	38889	1	0.000139
38812	38634	86	0.011956
38812	38774	1	0.000139
38812	38775	2	0.000278
38812	37753	6	0.000834
38812	39038	30	0.004171
38813	38634	1	0.100000
38813	37650	1	0.100000
38813	38042	2	0.200000
38814	38560	2	0.005195
38814	38634	356	0.924675
38814	37723	360	0.935065
38814	39070	4	0.010390
38819	37388	1	0.013514
38819	38727	1	0.013514
38820	38560	2	0.017241
38820	38727	1	0.008621
38820	38634	3	0.025862
38820	37650	4	0.034483
38820	38613	3	0.025862
38820	37755	11	0.094828
38820	39199	2	0.017241
38821	39015	11	0.785714
38822	39003	2	0.002903
38822	38149	1	0.001451
38822	38438	1	0.001451
38822	38634	2886	4.188679
38822	37708	9	0.013062
38822	37650	23	0.033382
38822	37977	2	0.002903
38822	37755	1	0.001451
38822	39114	2	0.002903
38824	38560	2	0.000195
38824	38979	1	0.000098
38824	37478	2	0.000195
38824	38634	8	0.000782
38824	37580	4	0.000391
38824	38541	2	0.000195
38824	38766	13	0.001271
38824	38800	1	0.000098
38824	37650	8	0.000782
38824	38647	1	0.000098
38824	38042	1	0.000098
38824	39003	1	0.000098
38824	37642	1	0.000098
38824	39199	2	0.000195
38825	38560	1	0.045455
38825	39003	2	0.090909
38825	37915	2	0.090909
38826	37441	385	12.419355
38826	37723	1	0.032258
38827	38610	1	0.006135
38830	37413	3	0.002536
38830	39178	2	0.001691
38830	38319	1	0.000845
38830	38223	1	0.000845
38830	37686	2	0.001691
38830	37688	1099	0.928994
38830	37723	11	0.009298
38830	38634	5	0.004227
38831	37723	3	0.045455
38831	37677	2	0.030303
38831	38014	2	0.030303
38831	39047	1	0.015152
38833	39073	97	0.979798
38833	38824	97	0.979798
38833	38409	97	0.979798
38833	38766	489	4.939394
38833	38888	97	0.979798
38833	37533	97	0.979798
38834	37600	1	0.016667
38834	38149	124	2.066667
38834	38408	61	1.016667
38834	38634	7	0.116667
38834	37708	2	0.033333
38834	39021	62	1.033333
38834	38577	4	0.066667
38834	39003	2	0.033333
38834	37642	2	0.033333
38835	37723	1	0.200000
38836	38352	1	0.028571
38836	38634	10	0.285714
38836	37908	1	0.028571
38836	38149	7	0.200000
38836	38429	1	0.028571
38837	38560	1	0.052632
38837	38342	1	0.052632
38837	38634	7	0.368421
38837	37580	1	0.052632
38837	38577	1	0.052632
38837	38552	2	0.105263
38837	38042	2	0.105263
38837	37723	1	0.052632
38837	37642	2	0.105263
38837	39199	5	0.263158
38838	37770	2	0.001380
38838	39051	1	0.000690
38838	38850	2	0.001380
38838	38286	1	0.000690
38838	38672	1	0.000690
38838	37650	2	0.001380
38838	38552	6	0.004141
38838	38297	1	0.000690
38838	38042	24	0.016563
38838	39198	2	0.001380
38838	39199	2	0.001380
38838	38560	58	0.040028
38838	37794	2	0.001380
38838	39003	2	0.001380
38838	38054	1	0.000690
38838	37422	1	0.000690
38838	38577	2	0.001380
38838	37684	1	0.000690
38838	37569	2	0.001380
38838	39234	1	0.000690
38838	38469	1	0.000690
38838	37970	7	0.004831
38838	37977	2	0.001380
38838	37723	2	0.001380
38838	38634	26	0.017943
38838	38290	1	0.000690
38838	38644	1	0.000690
38838	38775	4	0.002761
38838	37753	12	0.008282
38840	38634	1	0.033333
38840	37395	1	0.033333
38841	38180	2	0.019231
38841	37478	1	0.009615
38841	39047	1	0.009615
38841	38634	1	0.009615
38841	38968	1	0.009615
38841	38552	1	0.009615
38841	38042	4	0.038462
38841	37885	1	0.009615
38842	37723	3	0.142857
38844	38560	1	0.030303
38844	38727	1	0.030303
38844	39089	5	0.151515
38844	38634	4	0.121212
38844	38125	1	0.030303
38844	38705	2	0.060606
38844	37688	50	1.515152
38844	39003	1	0.030303
38844	39038	3	0.090909
38844	39199	4	0.121212
38845	38560	29	0.617021
38845	38438	117	2.489362
38845	37650	1	0.021277
38845	38925	3	0.063830
38845	38577	1	0.021277
38845	38898	3	0.063830
38845	38072	1	0.021277
38845	38042	1	0.021277
38846	38558	1	0.023810
38846	37967	304	7.238095
38848	38634	68	1.942857
38850	38402	1	0.002770
38850	38286	4	0.011080
38850	38552	1	0.002770
38850	38042	5	0.013850
38850	37723	24	0.066482
38850	39263	2	0.005540
38851	38560	1	0.007752
38851	38577	1	0.007752
38851	38634	4	0.031008
38851	38575	4	0.031008
38851	39215	7	0.054264
38851	38775	1	0.007752
38851	38552	2	0.015504
38851	37915	2	0.015504
38851	38698	1	0.007752
38852	38634	190	0.631229
38852	37723	392	1.302326
38852	37476	190	0.631229
38852	38618	4	0.013289
38852	37478	2	0.006645
38853	38560	3	0.009231
38853	38692	2	0.006154
38853	37478	2	0.006154
38853	37580	2	0.006154
38853	38956	17	0.052308
38853	37775	5	0.015385
38853	37655	1	0.003077
38853	39003	4	0.012308
38853	39199	12	0.036923
38855	38560	12	0.002775
38855	39234	1	0.000231
38855	38731	2	0.000462
38855	37478	11	0.002543
38855	38727	1	0.000231
38855	38475	26	0.006012
38855	37513	1	0.000231
38855	38634	94	0.021734
38855	37575	1	0.000231
38855	37580	1	0.000231
38855	38158	3	0.000694
38855	39215	1	0.000231
38855	37915	5	0.001156
38855	38577	2	0.000462
38855	37650	11	0.002543
38855	37486	1	0.000231
38855	38775	1	0.000231
38855	38042	5	0.001156
38855	37723	1	0.000231
38855	37642	1	0.000231
38855	39199	8165	1.887861
38856	38721	4	0.222222
38856	37642	2	0.111111
38856	39083	4	0.222222
38856	37870	2	0.111111
38857	38560	1	0.001101
38857	38634	1	0.001101
38857	38219	1	0.001101
38857	38100	9	0.009912
38857	39199	2	0.002203
38857	37757	1	0.001101
38857	38335	2	0.002203
38858	38912	1	0.000682
38858	37636	5	0.003408
38858	38149	1	0.000682
38858	38593	3	0.002045
38858	37757	1	0.000682
38858	37642	2	0.001363
38858	37644	1	0.000682
38858	37775	1	0.000682
38858	37650	3	0.002045
38858	39187	5	0.003408
38858	38552	1412	0.962509
38858	38042	4	0.002727
38858	37915	1	0.000682
38858	38940	1	0.000682
38858	39070	1	0.000682
38858	39199	3	0.002045
38858	38560	1	0.000682
38858	38177	1	0.000682
38858	38050	1	0.000682
38858	37667	1	0.000682
38858	38438	1	0.000682
38858	38568	2	0.001363
38858	38812	1	0.000682
38858	37688	1	0.000682
38858	37941	6	0.004090
38858	38840	1	0.000682
38858	38201	1	0.000682
38858	37770	1	0.000682
38858	38709	1	0.000682
38858	37569	6	0.004090
38858	37700	1	0.000682
38858	38342	1	0.000682
38858	38599	1	0.000682
38858	37705	1	0.000682
38858	37495	2	0.001363
38858	37395	1405	0.957737
38858	39096	4	0.002727
38858	38100	1	0.000682
38858	38742	1	0.000682
38858	37977	1	0.000682
38858	39130	1	0.000682
38858	37723	1	0.000682
38858	37598	1	0.000682
38858	39224	1	0.000682
38858	37728	1	0.000682
38858	37478	6	0.004090
38858	38634	1413	0.963190
38858	38930	2	0.001363
38858	38766	1	0.000682
38858	37885	1	0.000682
38858	38768	2	0.001363
38858	38419	5	0.003408
38858	38388	2	0.001363
38858	38774	1	0.000682
38858	38775	5	0.003408
38858	37753	1	0.000682
38858	37755	1	0.000682
38858	39165	2	0.001363
38859	37688	1	0.001715
38859	38634	2	0.003431
38859	37723	2	0.003431
38859	38042	1	0.001715
38859	38125	2	0.003431
38860	39004	47	0.276471
38861	37642	36	0.080899
38861	39047	1	0.002247
38862	38076	1	0.035714
38862	39149	1	0.035714
38862	39215	23	0.821429
38863	38560	3	0.002747
38863	38698	1	0.000916
38863	39234	1	0.000916
38863	37478	1	0.000916
38863	37575	1	0.000916
38863	38634	8	0.007326
38863	37963	1	0.000916
38863	37870	4	0.003663
38863	38223	1	0.000916
38863	38577	3	0.002747
38863	37650	3	0.002747
38863	38387	3290	3.012821
38863	38742	3	0.002747
38863	38552	5	0.004579
38863	38042	7	0.006410
38863	37723	1	0.000916
38863	37642	3	0.002747
38863	39199	1	0.000916
38864	38560	1	0.025000
38864	38469	4	0.100000
38864	38761	4	0.100000
38864	38634	5	0.125000
38864	39060	4	0.100000
38864	37753	2	0.050000
38866	38149	307667	184.896034
38866	37638	876	0.526442
38866	38023	921	0.553486
38866	38408	1	0.000601
38866	37642	25	0.015024
38866	38158	3	0.001803
38866	37650	55	0.033053
38866	38450	1	0.000601
38866	37908	1	0.000601
38866	38552	6	0.003606
38866	38042	326	0.195913
38866	39067	1	0.000601
38866	37661	882	0.530048
38866	39199	9	0.005409
38866	38560	23	0.013822
38866	38433	880	0.528846
38866	37723	3	0.001803
38866	37668	885	0.531851
38866	38823	859	0.516226
38866	39047	6	0.003606
38866	38258	957	0.575120
38866	38703	876	0.526442
38866	38834	4	0.002404
38866	38836	876	0.526442
38866	38091	1	0.000601
38866	37956	9	0.005409
38866	38603	5	0.003005
38866	37708	12	0.007212
38866	38349	1	0.000601
38866	38222	876	0.526442
38866	38533	1768	1.062500
38866	39003	23	0.013822
38866	39260	900	0.540865
38866	38238	962	0.578125
38866	37600	881	0.529447
38866	37478	18	0.010817
38866	39017	859	0.516226
38866	38634	249	0.149639
38866	39021	1	0.000601
38866	38514	863	0.518630
38866	37491	30	0.018029
38866	39028	957	0.575120
38866	37365	988	0.593750
38866	37366	877	0.527043
38866	38775	5	0.003005
38866	38526	877	0.527043
38867	38560	4	0.003861
38867	39003	1	0.000965
38867	38634	18	0.017375
38867	38731	4	0.003861
38867	39215	5	0.004826
38867	38003	1	0.000965
38867	38775	4	0.003861
38867	38042	10	0.009653
38867	37915	7	0.006757
38867	37949	11	0.010618
38867	37534	5	0.004826
38867	39199	1	0.000965
38869	38560	22	0.039568
38869	38727	1	0.001799
38869	38634	17	0.030576
38869	37708	1	0.001799
38869	38577	1	0.001799
38869	37650	11	0.019784
38869	38100	7	0.012590
38869	38042	5	0.008993
38869	39003	1	0.001799
38869	37642	2	0.003597
38869	39199	2	0.003597
38870	38560	6	0.085714
38870	37957	2	0.028571
38870	38758	1	0.014286
38870	39175	1	0.014286
38870	38634	9	0.128571
38870	39047	1	0.014286
38870	38577	4	0.057143
38870	37650	6	0.085714
38870	38042	3	0.042857
38870	39034	209	2.985714
38870	39003	2	0.028571
38870	37885	3	0.042857
38872	37478	1	0.058824
38872	39047	1	0.058824
38872	38634	121	7.117647
38872	38727	6	0.352941
38872	37650	1	0.058824
38872	38742	1	0.058824
38872	38042	1	0.058824
38872	39199	1	0.058824
38874	38560	1	0.002342
38874	38177	40	0.093677
38874	38634	3	0.007026
38874	37741	46	0.107728
38874	39199	1	0.002342
38875	38560	1	0.003584
38875	38342	2	0.007168
38875	39047	2	0.007168
38875	38634	3	0.010753
38875	38727	1	0.003584
38875	37650	12	0.043011
38875	38100	7	0.025090
38875	38228	4	0.014337
38875	38042	1	0.003584
38875	39003	1	0.003584
38875	37642	1	0.003584
38875	39199	3	0.010753
38876	38850	10	0.166667
38876	37723	12	0.200000
38879	38560	3	0.007444
38879	37826	1	0.002481
38879	38582	403	1.000000
38879	38076	1	0.002481
38879	38634	2	0.004963
38879	37708	5	0.012407
38879	37922	1	0.002481
38879	38577	6	0.014888
38879	37650	3	0.007444
38879	38774	328	0.813896
38879	38042	3	0.007444
38879	39003	408	1.012407
38879	38716	418	1.037221
38879	37642	1	0.002481
38879	37957	1	0.002481
38880	38634	5	0.018868
38880	38220	2	0.007547
38880	39215	1	0.003774
38880	37650	2	0.007547
38880	37491	1	0.003774
38880	38775	1	0.003774
38880	38552	1	0.003774
38880	38042	1	0.003774
38880	38207	7	0.026415
38881	38560	10	0.017921
38881	38859	1	0.001792
38881	37956	1	0.001792
38881	37478	1	0.001792
38881	38155	4	0.007168
38881	38125	1	0.001792
38881	38705	3	0.005376
38881	37650	1	0.001792
38881	37688	14	0.025090
38881	38042	2	0.003584
38881	39038	1	0.001792
38881	39199	2	0.003584
38882	38560	12	0.008843
38882	38657	3	0.002211
38882	38342	2	0.001474
38882	38727	35	0.025792
38882	37757	1	0.000737
38882	37513	21	0.015475
38882	37642	5	0.003685
38882	39047	1	0.000737
38882	37970	1	0.000737
38882	38766	2	0.001474
38882	38333	1	0.000737
38882	38577	2	0.001474
38882	37650	2	0.001474
38882	39091	3	0.002211
38882	38996	1302	0.959469
38882	37977	1	0.000737
38882	37753	1	0.000737
38882	39003	1	0.000737
38882	37500	1	0.000737
38882	38634	391	0.288136
38882	39199	1	0.000737
38885	38634	1	0.029412
38888	39073	2	0.022222
38888	38634	3	0.033333
38888	38766	4	0.044444
38888	38800	2	0.022222
38888	38042	1	0.011111
38888	39199	1	0.011111
38889	38560	81	0.093859
38889	37370	1	0.001159
38889	39003	1	0.001159
38889	38634	11	0.012746
38889	37486	2	0.002317
38889	37775	1	0.001159
38889	37970	1	0.001159
38889	38775	2	0.002317
38889	38552	4	0.004635
38889	38042	2	0.002317
38889	37723	3	0.003476
38889	37642	1	0.001159
38889	39199	1	0.001159
38890	38560	1	0.021277
38890	37580	4	0.085106
38890	37388	1	0.021277
38890	37642	2	0.042553
38890	37708	2	0.042553
38890	37650	6	0.127660
38890	38042	2	0.042553
38890	39199	3	0.063830
38894	37504	4	0.006400
38894	38634	10	0.016000
38894	37723	35	0.056000
38894	37786	2	0.003200
38894	37642	1	0.001600
38896	38634	1	0.047619
38896	37723	1	0.047619
38896	39269	20	0.952381
38898	38634	2	0.071429
38898	37843	1	0.035714
38899	38557	7	0.009859
38899	37631	11	0.015493
38903	38665	1	0.010638
38903	37642	1	0.010638
38903	38539	1	0.010638
38903	37775	3	0.031915
38903	39186	2	0.021277
38903	37779	1	0.010638
38903	38166	1	0.010638
38903	38935	1	0.010638
38903	38552	2	0.021277
38903	37532	1	0.010638
38903	38181	1	0.010638
38903	37674	1	0.010638
38903	38059	1	0.010638
38903	38956	1	0.010638
38903	38062	1	0.010638
38903	39087	1	0.010638
38903	38448	1	0.010638
38903	38577	2	0.021277
38903	38710	1	0.010638
38903	38073	1	0.010638
38903	38332	1	0.010638
38903	38721	1	0.010638
38903	37814	4	0.042553
38903	38727	2	0.021277
38903	38476	1	0.010638
38903	37580	1	0.010638
38903	37712	1	0.010638
38903	39249	1	0.010638
38903	39251	3	0.031915
38903	37723	1	0.010638
38903	37725	1	0.010638
38903	38750	1	0.010638
38903	37471	1	0.010638
38903	37472	1	0.010638
38903	38627	1	0.010638
38903	38759	1	0.010638
38903	38889	6	0.063830
38903	38254	1	0.010638
38903	37618	1	0.010638
38903	37669	1	0.010638
38903	38134	1	0.010638
38903	38775	1	0.010638
38904	38634	1	0.031250
38904	37723	1	0.031250
38905	38248	2	0.400000
38905	37793	2	0.400000
38905	37723	1	0.200000
38907	38634	4	4.000000
38907	37723	1	1.000000
38909	38951	11	0.119565
38909	38634	8	0.086957
38909	39185	2	0.021739
38909	37977	1	0.010870
38909	37723	2	0.021739
38909	38492	2	0.021739
