Src	Trg	LinkCount	RelLinkCount
10240	9569	2	0.008130
10240	9538	2	0.008130
10240	9417	2	0.008130
10240	9922	2	0.008130
10240	10512	2	0.008130
10240	9522	2	0.008130
10240	10454	10	0.040650
10240	9369	2	0.008130
10240	10556	2	0.008130
10241	10028	2	0.010050
10244	10221	3	0.003341
10244	10829	14	0.015590
10244	10224	2	0.002227
10244	9522	14	0.015590
10244	10388	3	0.003341
10244	10358	7	0.007795
10248	9573	2	0.006006
10249	9379	1	0.014085
10249	9892	1	0.014085
10249	10506	1	0.014085
10249	10545	2	0.028169
10249	9522	19	0.267606
10249	10067	1	0.014085
10249	10358	6	0.084507
10249	10621	1	0.014085
10251	9464	2	0.004320
10256	10249	1	0.000689
10256	9740	1	0.000689
10256	10584	125	0.086088
10256	10271	2	0.001377
10256	9762	68	0.046832
10256	10789	20	0.013774
10256	9771	2	0.001377
10256	10797	1	0.000689
10256	10333	1	0.000689
10256	10296	1	0.000689
10256	10809	1	0.000689
10256	10304	2	0.001377
10256	10306	1	0.000689
10256	10827	5	0.003444
10256	9804	1	0.000689
10256	10829	1	0.000689
10256	10318	1	0.000689
10256	9298	3	0.002066
10256	10835	7	0.004821
10256	9300	1	0.000689
10256	9303	1	0.000689
10256	10329	1	0.000689
10256	10845	221	0.152204
10256	9825	1	0.000689
10256	10338	1	0.000689
10256	9321	4	0.002755
10256	10358	611	0.420799
10256	9847	1	0.000689
10256	9336	1	0.000689
10256	10367	1	0.000689
10256	9860	1	0.000689
10256	9359	1	0.000689
10256	10384	1	0.000689
10256	9362	2	0.001377
10256	10094	546	0.376033
10256	10392	2	0.001377
10256	9370	1	0.000689
10256	9372	2	0.001377
10256	9380	105	0.072314
10256	10411	1	0.000689
10256	10414	100	0.068871
10256	9400	383	0.263774
10256	9913	1	0.000689
10256	9403	29	0.019972
10256	9917	2	0.001377
10256	9407	1	0.000689
10256	9428	17	0.011708
10256	10454	1	0.000689
10256	9433	1	0.000689
10256	9438	1	0.000689
10256	9954	1	0.000689
10256	9956	72	0.049587
10256	9957	1	0.000689
10256	9451	1	0.000689
10256	9964	1	0.000689
10256	9968	3	0.002066
10256	9465	1	0.000689
10256	9468	1	0.000689
10256	9998	7	0.004821
10256	9487	1	0.000689
10256	10017	1	0.000689
10256	9522	25086	17.276860
10256	9525	1	0.000689
10256	10040	1	0.000689
10256	9538	1	0.000689
10256	9539	1	0.000689
10256	10055	13	0.008953
10256	10568	56	0.038567
10256	9550	1	0.000689
10256	10067	2	0.001377
10256	10072	295	0.203168
10256	10593	1	0.000689
10256	9571	43	0.029614
10256	10084	294	0.202479
10256	9573	461	0.317493
10256	10088	1	0.000689
10256	10605	1	0.000689
10256	10606	1	0.000689
10256	10621	26	0.017906
10256	9560	2	0.001377
10256	9833	3	0.002066
10256	10120	5	0.003444
10256	10646	3	0.002066
10256	10650	2	0.001377
10256	9637	1	0.000689
10256	10662	5	0.003444
10256	10157	14	0.009642
10256	10671	1	0.000689
10256	10163	6	0.004132
10256	10677	1	0.000689
10256	9656	2	0.001377
10256	9660	1	0.000689
10256	9670	1	0.000689
10256	10695	1	0.000689
10256	9689	1	0.000689
10256	10209	1	0.000689
10256	10723	1	0.000689
10256	10150	1	0.000689
10256	10727	139	0.095730
10256	10224	12	0.008264
10256	10238	2	0.001377
10256	9727	1	0.000689
10257	9954	1133	0.687083
10257	10597	1133	0.687083
10257	9414	1133	0.687083
10257	9573	12	0.007277
10260	10072	1220	43.571429
10260	9522	4	0.142857
10260	9739	28	1.000000
10264	9833	10	0.021598
10264	9522	1	0.002160
10264	9573	1	0.002160
10264	9798	1	0.002160
10271	9968	2	0.032258
10271	9538	1	0.016129
10273	9498	1	0.005952
10273	9517	1	0.005952
10273	9407	1	0.005952
10274	10765	3	0.006787
10274	9566	3	0.006787
10276	9998	2	0.181818
10277	10809	5	0.384615
10278	9522	4	0.004184
10278	9330	3	0.003138
10278	9573	9	0.009414
10280	10088	3	0.088235
10280	10061	18	0.529412
10280	9822	1	0.029412
10283	10088	4	0.071429
10283	9457	7	0.125000
10283	9522	2	0.035714
10284	9560	1	0.000673
10284	9474	4	0.002694
10284	10120	1	0.000673
10284	9739	2	0.001347
10284	9740	4	0.002694
10284	9359	1	0.000673
10284	10128	5	0.003367
10284	10584	1784	1.201347
10284	10514	3	0.002020
10284	10654	2	0.001347
10284	10273	2	0.001347
10284	9762	3	0.002020
10284	9380	1	0.000673
10284	10789	23	0.015488
10284	10150	4	0.002694
10284	9896	2	0.001347
10284	10695	4	0.002694
10284	10414	17	0.011448
10284	10333	1	0.000673
10284	9522	1075	0.723906
10284	10163	2	0.001347
10284	10677	2	0.001347
10284	9400	35	0.023569
10284	10809	4	0.002694
10284	9403	2	0.001347
10284	9660	4	0.002694
10284	9407	8	0.005387
10284	9916	4	0.002694
10284	10230	2	0.001347
10284	9670	1	0.000673
10284	10055	17	0.011448
10284	10827	1	0.000673
10284	10445	14	0.009428
10284	10318	5	0.003367
10284	9552	1	0.000673
10284	10040	4	0.002694
10284	9298	4	0.002694
10284	9428	1	0.000673
10284	9550	8	0.005387
10284	10454	5	0.003367
10284	9303	3	0.002020
10284	10072	8	0.005387
10284	9956	1	0.000673
10284	9690	2	0.001347
10284	9968	8	0.005387
10284	10845	2	0.001347
10284	9438	9	0.006061
10284	10338	4	0.002694
10284	9571	4	0.002694
10284	10084	5	0.003367
10284	9573	16	0.010774
10284	10727	12	0.008081
10284	10088	8	0.005387
10284	9321	5	0.003367
10284	10605	1	0.000673
10284	10094	5	0.003367
10284	10224	2	0.001347
10284	10054	2	0.001347
10284	10358	141	0.094949
10284	10815	8	0.005387
10284	9468	4	0.002694
10284	10621	8	0.005387
10284	10238	3	0.002020
10284	10367	4	0.002694
10286	9720	1	0.027778
10286	10088	1	0.027778
10286	9708	1	0.027778
10292	9825	2	0.017699
10293	10659	1	0.052632
10293	10100	2	0.105263
10293	10277	1	0.052632
10293	9553	1	0.052632
10293	10216	2	0.105263
10293	9481	1	0.052632
10293	10410	2	0.105263
10293	10609	1	0.052632
10293	9522	1	0.052632
10293	9524	2	0.105263
10293	10649	1	0.052632
10293	10330	2	0.105263
10293	10180	2	0.105263
10295	9508	2	0.001730
10295	10088	2	0.001730
10295	9706	2	0.001730
10295	10125	2	0.001730
10295	10414	6	0.005190
10295	9590	6	0.005190
10295	9309	2	0.001730
10296	9732	1	0.001017
10296	10249	1	0.001017
10296	10000	6	0.006104
10296	9362	1	0.001017
10296	9491	1	0.001017
10296	9493	1	0.001017
10296	9375	15	0.015259
10296	10273	1	0.001017
10296	9762	11	0.011190
10296	9892	1	0.001017
10296	10662	4	0.004069
10296	9513	1	0.001017
10296	10414	20	0.020346
10296	9647	2	0.002035
10296	9522	69	0.070193
10296	10163	2	0.002035
10296	9398	1	0.001017
10296	10557	2	0.002035
10296	10845	2	0.002035
10296	9407	3	0.003052
10296	10818	14	0.014242
10296	10358	24	0.024415
10296	9416	6	0.006104
10296	10825	2	0.002035
10296	9804	2	0.002035
10296	10445	1	0.001017
10296	9550	4	0.004069
10296	9936	5	0.005086
10296	9429	2	0.002035
10296	9303	1	0.001017
10296	9944	12	0.012208
10296	9508	1	0.001017
10296	9690	1	0.001017
10296	9308	1	0.001017
10296	9309	3	0.003052
10296	9822	1	0.001017
10296	9440	18	0.018311
10296	9552	1	0.001017
10296	10338	6	0.006104
10296	9573	1	0.001017
10296	10727	5	0.005086
10296	10088	1	0.001017
10296	9319	2	0.002035
10296	9846	1	0.001017
10296	10616	3	0.003052
10296	9978	1	0.001017
10296	9535	1	0.001017
10296	10621	25	0.025432
10303	9522	1	0.076923
10304	9474	1	0.001406
10304	9349	1	0.001406
10304	9355	1	0.001406
10304	9743	1	0.001406
10304	10128	2	0.002813
10304	9370	1	0.001406
10304	9372	27	0.037975
10304	10522	2	0.002813
10304	10017	1	0.001406
10304	10209	1	0.001406
10304	9380	2	0.002813
10304	10789	1	0.001406
10304	10150	1	0.001406
10304	10797	1	0.001406
10304	10414	27	0.037975
10304	10671	1	0.001406
10304	9522	2446	3.440225
10304	9525	1	0.001406
10304	9400	9197	12.935302
10304	10809	4	0.005626
10304	9916	1	0.001406
10304	9407	1	0.001406
10304	10306	1	0.001406
10304	10054	1	0.001406
10304	10695	2	0.002813
10304	9968	2	0.002813
10304	9591	1	0.001406
10304	10829	1	0.001406
10304	10318	1	0.001406
10304	9552	1	0.001406
10304	10040	2	0.002813
10304	9298	1	0.001406
10304	10195	1	0.001406
10304	9300	2	0.002813
10304	9550	2	0.002813
10304	10454	6	0.008439
10304	10584	5	0.007032
10304	9689	1	0.001406
10304	9359	1	0.001406
10304	9309	1	0.001406
10304	9438	3	0.004219
10304	9957	2	0.002813
10304	10384	5	0.007032
10304	9573	8	0.011252
10304	10727	5	0.007032
10304	10728	1	0.001406
10304	9451	1	0.001406
10304	9964	1	0.001406
10304	10605	1	0.001406
10304	10662	1	0.001406
10304	9487	2	0.002813
10304	10333	1	0.001406
10304	10358	123	0.172996
10304	9847	1	0.001406
10304	9336	1	0.001406
10304	9468	2	0.002813
10304	10367	1	0.001406
10305	10358	1	0.142857
10306	10371	1	0.007937
10306	9992	1	0.007937
10306	10314	1	0.007937
10306	10224	1	0.007937
10306	9522	2	0.015873
10306	10358	1	0.007937
10309	9916	1	0.004202
10309	9522	1	0.004202
10309	10852	1	0.004202
10309	10069	1	0.004202
10311	10521	3	0.004178
10311	10503	4	0.005571
10311	10607	1	0.001393
10315	9573	2	0.133333
10316	10195	1	0.000489
10316	9732	2	0.000978
10316	10757	3	0.001467
10316	10248	2	0.000978
10316	9303	3	0.001467
10316	10769	3	0.001467
10316	10315	2	0.000978
10316	9751	1	0.000489
10316	9761	2	0.000978
10316	10789	3	0.001467
10316	10278	2	0.000978
10316	10418	2	0.000978
10316	9776	2	0.000978
10316	9784	2	0.000978
10316	10297	2	0.000978
10316	9792	2	0.000978
10316	9793	3	0.001467
10316	9796	2	0.000978
10316	10826	2	0.000978
10316	9803	2	0.000978
10316	10830	2	0.000978
10316	9827	1	0.000489
10316	10327	2	0.000978
10316	9828	2	0.000978
10316	9308	2	0.000978
10316	10845	4	0.001956
10316	9312	2	0.000978
10316	9825	1	0.000489
10316	10339	2	0.000978
10316	10340	3	0.001467
10316	10257	2	0.000978
10316	9833	13	0.006357
10316	9322	2	0.000978
10316	9661	4	0.001956
10316	9332	1	0.000489
10316	10358	32	0.015648
10316	9321	1	0.000489
10316	9336	1	0.000489
10316	9339	2	0.000978
10316	10364	2	0.000978
10316	9342	3	0.001467
10316	10370	2	0.000978
10316	9859	2	0.000978
10316	10375	2	0.000978
10316	10378	1	0.000489
10316	10775	1	0.000489
10316	9870	3	0.001467
10316	9361	2	0.000978
10316	9875	2	0.000978
10316	10389	2	0.000978
10316	9878	2	0.000978
10316	10392	117	0.057213
10316	9374	2	0.000978
10316	10399	2	0.000978
10316	9891	2	0.000978
10316	9384	3	0.001467
10316	9387	2	0.000978
10316	9388	2	0.000978
10316	9901	2	0.000978
10316	10414	8	0.003912
10316	9393	4	0.001956
10316	9394	2	0.000978
10316	9395	2	0.000978
10316	9396	2	0.000978
10316	9400	12	0.005868
10316	9402	3	0.001467
10316	9917	2	0.000978
10316	9414	2	0.000978
10316	10273	1	0.000489
10316	9418	2	0.000978
10316	9420	2	0.000978
10316	10445	1	0.000489
10316	9935	2	0.000978
10316	9432	3	0.001467
10316	9423	2	0.000978
10316	9948	2	0.000978
10316	9951	2	0.000978
10316	9955	2	0.000978
10316	9444	2	0.000978
10316	9852	1	0.000489
10316	9963	2	0.000978
10316	9453	2	0.000978
10316	9967	2	0.000978
10316	9811	1	0.000489
10316	9459	2	0.000978
10316	10485	1	0.000489
10316	10486	2	0.000978
10316	9978	2	0.000978
10316	9979	2	0.000978
10316	9469	2	0.000978
10316	9987	2	0.000978
10316	9479	2	0.000978
10316	10508	2	0.000978
10316	9346	2	0.000978
10316	9998	26	0.012714
10316	10527	2	0.000978
10316	9504	1	0.000489
10316	10800	3	0.001467
10316	9507	4	0.001956
10316	10020	2	0.000978
10316	10025	2	0.000978
10316	10030	1	0.000489
10316	9522	2158	1.055257
10316	9745	1	0.000489
10316	10549	1	0.000489
10316	10043	2	0.000978
10316	9532	2	0.000978
10316	9533	2	0.000978
10316	10559	2	0.000978
10316	9538	1	0.000489
10316	9541	2	0.000978
10316	10054	6	0.002934
10316	10055	1	0.000489
10316	10571	2	0.000978
10316	10060	2	0.000978
10316	9443	3	0.001467
10316	10638	2	0.000978
10316	9559	2	0.000978
10316	10072	22	0.010758
10316	9956	2	0.000978
10316	10650	1	0.000489
10316	9568	2	0.000978
10316	10084	1	0.000489
10316	9573	424	0.207335
10316	9575	2	0.000978
10316	10727	1	0.000489
10316	10463	1	0.000489
10316	10557	4	0.001956
10316	10098	3	0.001467
10316	10106	2	0.000978
10316	10621	9	0.004401
10316	9601	2	0.000978
10316	9607	2	0.000978
10316	10120	1	0.000489
10316	10636	2	0.000978
10316	10126	2	0.000978
10316	10127	2	0.000978
10316	9626	2	0.000978
10316	9629	2	0.000978
10316	9631	2	0.000978
10316	10584	3	0.001467
10316	9635	2	0.000978
10316	9636	2	0.000978
10316	9638	2	0.000978
10316	10666	2	0.000978
10316	10156	1	0.000489
10316	9646	2	0.000978
10316	9647	2	0.000978
10316	9971	2	0.000978
10316	9654	2	0.000978
10316	10171	2	0.000978
10316	9802	2	0.000978
10316	9667	2	0.000978
10316	9668	2	0.000978
10316	10698	2	0.000978
10316	9680	2	0.000978
10316	9379	2	0.000978
10316	10490	2	0.000978
10316	10725	2	0.000978
10316	10214	2	0.000978
10316	10467	2	0.000978
10316	10662	3	0.001467
10316	10224	7	0.003423
10316	10408	1	0.000489
10316	9715	2	0.000978
10316	10741	2	0.000978
10316	9718	1	0.000489
10316	10747	2	0.000978
10316	10748	2	0.000978
10316	9642	2	0.000978
10316	10238	6	0.002934
10317	9560	1	0.000412
10317	9474	4	0.001647
10317	10120	1	0.000412
10317	9739	2	0.000824
10317	9740	4	0.001647
10317	9359	6	0.002471
10317	10128	10	0.004119
10317	10072	13	0.005354
10317	10514	4	0.001647
10317	10654	2	0.000824
10317	10224	2	0.000824
10317	9762	4	0.001647
10317	9380	1	0.000412
10317	10789	39	0.016063
10317	10150	4	0.001647
10317	9896	2	0.000824
10317	10695	4	0.001647
10317	10414	18	0.007414
10317	10845	2	0.000824
10317	9522	4164	1.714992
10317	10163	2	0.000824
10317	10677	2	0.000824
10317	10040	4	0.001647
10317	10809	4	0.001647
10317	9403	2	0.000824
10317	9660	4	0.001647
10317	10815	8	0.003295
10317	10273	2	0.000824
10317	10230	2	0.000824
10317	9670	1	0.000412
10317	10055	50	0.020593
10317	10827	1	0.000412
10317	10445	77	0.031713
10317	10318	10	0.004119
10317	9552	6	0.002471
10317	9400	35	0.014415
10317	9298	4	0.001647
10317	9428	1	0.000412
10317	9550	8	0.003295
10317	10454	10	0.004119
10317	9303	3	0.001236
10317	10584	4067	1.675041
10317	9956	1	0.000412
10317	9690	2	0.000824
10317	10333	6	0.002471
10317	9438	14	0.005766
10317	9573	17	0.007002
10317	10338	4	0.001647
10317	9571	4	0.001647
10317	10084	5	0.002059
10317	10662	1	0.000412
10317	10727	12	0.004942
10317	10088	8	0.003295
10317	9916	4	0.001647
10317	10605	6	0.002471
10317	10094	5	0.002059
10317	9968	8	0.003295
10317	10054	2	0.000824
10317	10358	348	0.143328
10317	9321	5	0.002059
10317	9407	8	0.003295
10317	9468	4	0.001647
10317	10621	14	0.005766
10317	10238	3	0.001236
10317	10367	4	0.001647
10318	9522	11	0.050926
10318	10652	88	0.407407
10318	10358	6	0.027778
10320	10088	2	0.037037
10320	9680	1	0.018519
10325	9496	2	0.045455
10325	10746	1	0.022727
10325	10003	4	0.090909
10325	10092	2	0.045455
10325	10149	1	0.022727
10327	9573	4	1.333333
10327	9414	2	0.666667
10329	9522	191	7.346154
10330	10659	1	0.052632
10330	10100	2	0.105263
10330	10277	1	0.052632
10330	10609	1	0.052632
10330	10216	2	0.105263
10330	9481	1	0.052632
10330	10410	2	0.105263
10330	9553	2	0.105263
10330	9522	1	0.052632
10330	9524	1	0.052632
10330	10293	2	0.105263
10330	10649	1	0.052632
10330	10180	2	0.105263
10332	10417	3	0.375000
10332	9298	4	0.500000
10333	9917	3	0.003769
10333	10414	15	0.018844
10333	9487	3	0.003769
10333	9522	51	0.064070
10333	10067	4	0.005025
10333	9525	9	0.011307
10333	10454	9	0.011307
10333	9309	9	0.011307
10334	10179	1	0.012500
10334	9524	4	0.050000
10334	10277	1	0.012500
10334	10231	1	0.012500
10336	9522	4	2.000000
10337	9538	1	0.019608
10337	10427	1	0.019608
10337	9395	1	0.019608
10337	10759	1	0.019608
10337	10338	1	0.019608
10337	9522	1	0.019608
10337	9971	1	0.019608
10337	10358	2	0.039216
10337	9943	1	0.019608
10337	10043	1	0.019608
10337	10687	1	0.019608
10338	9602	1	0.000749
10338	10646	1	0.000749
10338	10758	2	0.001497
10338	10375	1	0.000749
10338	9843	4	0.002994
10338	10763	11	0.008234
10338	10125	2	0.001497
10338	9998	11	0.008234
10338	10414	11	0.008234
10338	9494	1	0.000749
10338	9504	1	0.000749
10338	10273	5	0.003743
10338	9762	9	0.006737
10338	9493	4	0.002994
10338	10662	45	0.033683
10338	9902	4	0.002994
10338	9522	440	0.329341
10338	9395	2	0.001497
10338	9398	2	0.001497
10338	10295	1	0.000749
10338	10296	1	0.000749
10338	10427	1	0.000749
10338	10163	1178	0.881737
10338	9535	1	0.000749
10338	9846	1	0.000749
10338	10827	1	0.000749
10338	10700	1	0.000749
10338	10445	3	0.002246
10338	10575	4	0.002994
10338	9552	1	0.000749
10338	10066	1	0.000749
10338	10195	5	0.003743
10338	9943	4	0.002994
10338	9560	1	0.000749
10338	9690	5	0.003743
10338	9820	1	0.000749
10338	9309	6	0.004491
10338	9314	1	0.000749
10338	10727	8	0.005988
10338	10088	6	0.004491
10338	9319	1	0.000749
10338	10067	4	0.002994
10338	10224	1	0.000749
10338	10728	13	0.009731
10338	9971	1	0.000749
10338	10358	7	0.005240
10338	10864	5	0.003743
10338	9978	1	0.000749
10338	10621	3143	2.352545
10338	9343	5	0.003743
10340	9522	2	0.017544
10340	9867	1	0.008772
10340	9573	5	0.043860
10343	9560	1	0.001082
10343	9474	5	0.005411
10343	10120	1	0.001082
10343	9739	2	0.002165
10343	9740	6	0.006494
10343	9359	2	0.002165
10343	10128	4	0.004329
10343	10072	7	0.007576
10343	10514	2	0.002165
10343	10654	2	0.002165
10343	10224	2	0.002165
10343	9762	3	0.003247
10343	9380	1	0.001082
10343	10789	21	0.022727
10343	10150	4	0.004329
10343	10695	6	0.006494
10343	10414	17	0.018398
10343	10845	2	0.002165
10343	9522	1660	1.796537
10343	10677	2	0.002165
10343	10040	6	0.006494
10343	10809	6	0.006494
10343	9400	35	0.037879
10343	9660	6	0.006494
10343	10815	9	0.009740
10343	10306	2	0.002165
10343	10273	2	0.002165
10343	10230	2	0.002165
10343	9670	1	0.001082
10343	10055	23	0.024892
10343	10827	1	0.001082
10343	9804	2	0.002165
10343	10445	19	0.020563
10343	10318	4	0.004329
10343	9552	2	0.002165
10343	10296	2	0.002165
10343	9298	6	0.006494
10343	9571	4	0.004329
10343	9550	9	0.009740
10343	10454	5	0.005411
10343	9303	3	0.003247
10343	10584	1357	1.468615
10343	9956	1	0.001082
10343	9690	2	0.002165
10343	9309	2	0.002165
10343	9438	9	0.009740
10343	10593	2	0.002165
10343	10338	5	0.005411
10343	10723	2	0.002165
10343	10084	5	0.005411
10343	9573	17	0.018398
10343	10727	13	0.014069
10343	10088	9	0.009740
10343	9916	5	0.005411
10343	10094	5	0.005411
10343	9968	9	0.009740
10343	10054	2	0.002165
10343	10358	86	0.093074
10343	9321	5	0.005411
10343	9336	2	0.002165
10343	9407	7	0.007576
10343	9468	6	0.006494
10343	10621	7	0.007576
10343	10238	3	0.003247
10343	10367	6	0.006494
10345	9442	2	0.026667
10345	10371	1	0.013333
10345	9573	21	0.280000
10345	10214	3	0.040000
10345	9963	2	0.026667
10345	9549	2	0.026667
10345	9646	3	0.040000
10345	9776	1	0.013333
10345	9522	2	0.026667
10345	9891	3	0.040000
10345	10516	2	0.026667
10345	10621	1	0.013333
10346	10690	2	0.002262
10355	10660	1	0.005076
10355	10662	6	0.030457
10355	9832	1	0.005076
10355	9641	1	0.005076
10355	9550	206	1.045685
10355	9522	1	0.005076
10355	10618	201	1.020305
10355	9884	5	0.025381
10355	9341	199	1.010152
10358	9860	2	0.014286
10358	10249	2	0.014286
10358	9740	2	0.014286
10358	9359	2	0.014286
10358	10128	1	0.007143
10358	9689	2	0.014286
10358	9370	2	0.014286
10358	10526	1	0.007143
10358	10017	2	0.014286
10358	9380	1	0.007143
10358	9637	2	0.014286
10358	10150	2	0.014286
10358	10411	2	0.014286
10358	10797	2	0.014286
10358	10333	2	0.014286
10358	10671	2	0.014286
10358	9522	21	0.150000
10358	9525	2	0.014286
10358	10040	2	0.014286
10358	10809	2	0.014286
10358	9660	2	0.014286
10358	9407	2	0.014286
10358	10306	2	0.014286
10358	9539	2	0.014286
10358	10695	2	0.014286
10358	9591	2	0.014286
10358	9804	2	0.014286
10358	10829	2	0.014286
10358	10318	2	0.014286
10358	9298	2	0.014286
10358	9300	1	0.007143
10358	9550	2	0.014286
10358	10454	2	0.014286
10358	9433	2	0.014286
10358	9487	2	0.014286
10358	9309	2	0.014286
10358	9438	2	0.014286
10358	10789	3	0.021429
10358	10593	2	0.014286
10358	9954	2	0.014286
10358	10723	1	0.007143
10358	9957	2	0.014286
10358	10727	3	0.021429
10358	10088	1	0.007143
10358	9916	2	0.014286
10358	9451	2	0.014286
10358	9964	2	0.014286
10358	10605	2	0.014286
10358	9968	2	0.014286
10358	9847	2	0.014286
10358	9336	2	0.014286
10358	9727	2	0.014286
10358	9468	2	0.014286
10358	10367	2	0.014286
10365	10702	1	0.000502
10365	10518	10	0.005023
10365	10551	1	0.000502
10367	10662	44	0.363636
10367	9447	1	0.008264
10367	10825	1	0.008264
10367	10584	3	0.024793
10367	9522	28	0.231405
10367	10163	1	0.008264
10367	10228	1	0.008264
10367	10358	2	0.016529
10367	9400	1	0.008264
10367	9500	1	0.008264
10367	10067	1	0.008264
10367	9660	1	0.008264
10367	10845	1	0.008264
10371	10345	86	0.945055
10371	9522	1	0.010989
10371	9573	172	1.890110
10374	10660	10	0.034014
10374	9573	4	0.013605
10374	10566	4	0.013605
10374	10662	1	0.003401
10374	9832	4	0.013605
10374	9884	5	0.017007
10374	10122	6	0.020408
10374	10445	1	0.003401
10374	9550	41	0.139456
10374	9894	4	0.013605
10374	9522	39	0.132653
10374	10414	1	0.003401
10374	10358	12	0.040816
10374	10692	4	0.013605
10374	10618	17	0.057823
10374	10204	7	0.023810
10375	10864	116	0.295918
10375	9395	111	0.283163
10375	9971	116	0.295918
10375	9573	118	0.301020
10375	9504	1	0.002551
10377	10723	1	0.066667
10378	9330	56	1.696970
10378	9522	1	0.030303
10378	9573	1	0.030303
10378	10358	5	0.151515
10379	10851	2	0.060606
10379	9447	2	0.060606
10379	10571	2	0.060606
10379	10094	1	0.030303
10379	9522	1	0.030303
10379	10367	2	0.060606
10384	9474	1	0.001745
10384	9349	1	0.001745
10384	9355	1	0.001745
10384	9538	1	0.001745
10384	9743	1	0.001745
10384	10128	2	0.003490
10384	10414	26	0.045375
10384	9370	1	0.001745
10384	9372	27	0.047120
10384	10522	2	0.003490
10384	10017	1	0.001745
10384	9380	2	0.003490
10384	10789	2	0.003490
10384	10150	1	0.001745
10384	10797	1	0.001745
10384	10333	1	0.001745
10384	10671	1	0.001745
10384	9522	1747	3.048866
10384	9525	1	0.001745
10384	9400	7520	13.123909
10384	10809	4	0.006981
10384	9916	1	0.001745
10384	9407	1	0.001745
10384	10304	5	0.008726
10384	10306	1	0.001745
10384	10054	1	0.001745
10384	10695	2	0.003490
10384	9968	2	0.003490
10384	9591	1	0.001745
10384	10829	1	0.001745
10384	10318	1	0.001745
10384	9552	1	0.001745
10384	10040	2	0.003490
10384	9298	1	0.001745
10384	10195	1	0.001745
10384	9300	2	0.003490
10384	9550	2	0.003490
10384	10454	6	0.010471
10384	10584	5	0.008726
10384	9689	1	0.001745
10384	9359	1	0.001745
10384	9309	1	0.001745
10384	9438	3	0.005236
10384	9573	8	0.013962
10384	10209	1	0.001745
10384	9957	2	0.003490
10384	10727	5	0.008726
10384	10728	1	0.001745
10384	9451	1	0.001745
10384	9964	1	0.001745
10384	10605	1	0.001745
10384	10662	1	0.001745
10384	9487	2	0.003490
10384	10358	120	0.209424
10384	9847	1	0.001745
10384	9336	1	0.001745
10384	9468	2	0.003490
10384	10621	5	0.008726
10384	10367	1	0.001745
10386	10296	3	0.250000
10388	9573	34	0.069815
10392	9522	332	1.462555
10392	9762	1	0.004405
10392	9573	1286	5.665198
10392	10054	1	0.004405
10394	9984	2	0.015873
10394	9537	1	0.007937
10394	10556	1	0.007937
10394	9644	1	0.007937
10394	9522	1	0.007937
10394	9468	1	0.007937
10394	9309	5	0.039683
10399	9522	1	0.043478
10399	10358	1	0.043478
10399	9573	25	1.086957
10399	10486	1	0.043478
10402	9416	4	0.012945
10403	10527	4	0.444444
10404	10659	1	0.015873
10404	10609	1	0.015873
10404	9481	1	0.015873
10404	9355	1	0.015873
10404	9553	1	0.015873
10404	9522	2	0.031746
10404	10809	12	0.190476
10408	9825	1	0.000685
10408	10723	5	0.003427
10408	10224	1	0.000685
10408	10662	6	0.004112
10408	9417	1	0.000685
10408	9309	1	0.000685
10408	9552	1	0.000685
10408	9522	2	0.001371
10408	9364	1	0.000685
10408	9917	3	0.002056
10408	9573	1	0.000685
10410	10659	1	0.052632
10410	10100	2	0.105263
10410	10277	2	0.105263
10410	9553	1	0.052632
10410	10216	2	0.105263
10410	9481	1	0.052632
10410	10609	1	0.052632
10410	9522	1	0.052632
10410	9524	1	0.052632
10410	10293	2	0.105263
10410	10649	1	0.052632
10410	10330	2	0.105263
10410	10180	2	0.105263
10411	10626	6	0.008174
10411	10532	1	0.001362
10411	10102	6	0.008174
10411	10825	12	0.016349
10411	9963	9	0.012262
10411	10733	1	0.001362
10411	10414	8	0.010899
10411	9522	84	0.114441
10411	10067	6	0.008174
10411	10358	27	0.036785
10411	10345	2	0.002725
10411	10621	7	0.009537
10414	9857	1	0.000513
10414	9349	4	0.002051
10414	10759	2	0.001026
10414	9355	2	0.001026
10414	10637	1	0.000513
10414	9998	2	0.001026
10414	9487	1	0.000513
10414	10128	2	0.001026
10414	10129	1	0.000513
10414	9362	3	0.001538
10414	9493	1	0.000513
10414	9370	1	0.000513
10414	10652	1	0.000513
10414	9760	2	0.001026
10414	9762	13	0.006667
10414	9508	1	0.000513
10414	9954	1	0.000513
10414	9768	1	0.000513
10414	10667	1	0.000513
10414	10030	1	0.000513
10414	10545	1	0.000513
10414	9522	75	0.038462
10414	10547	3	0.001538
10414	9524	2	0.001026
10414	9656	1	0.000513
10414	10809	1	0.000513
10414	10568	2	0.001026
10414	9867	1	0.000513
10414	9590	1	0.000513
10414	10695	1	0.000513
10414	10696	1	0.000513
10414	9804	1	0.000513
10414	10210	1	0.000513
10414	10318	1	0.000513
10414	10125	1	0.000513
10414	10448	1	0.000513
10414	10040	6	0.003077
10414	9550	1	0.000513
10414	10190	1	0.000513
10414	10454	1	0.000513
10414	9943	1	0.000513
10414	10584	3	0.001538
10414	9690	1	0.000513
10414	9743	1	0.000513
10414	10845	9	0.004615
10414	9438	1	0.000513
10414	9552	1	0.000513
10414	10338	2	0.001026
10414	9573	2	0.001026
10414	10727	2	0.001026
10414	9706	2	0.001026
10414	9964	1	0.000513
10414	9457	1	0.000513
10414	10358	59	0.030256
10414	9721	2	0.001026
10414	9962	2	0.001026
10417	9833	2	0.003976
10417	9522	6	0.011928
10417	9743	4	0.007952
10418	10528	1	0.035714
10418	10082	2	0.071429
10418	9573	10	0.357143
10418	9895	1	0.035714
10418	10156	1	0.035714
10418	10004	1	0.035714
10418	10389	1	0.035714
10419	9309	12	0.123711
10420	9560	1	0.000919
10420	9474	4	0.003676
10420	10120	1	0.000919
10420	9739	2	0.001838
10420	9740	4	0.003676
10420	9359	1	0.000919
10420	10128	5	0.004596
10420	10072	10	0.009191
10420	10514	3	0.002757
10420	10654	2	0.001838
10420	10224	2	0.001838
10420	9762	3	0.002757
10420	9380	1	0.000919
10420	10789	22	0.020221
10420	10150	4	0.003676
10420	9896	2	0.001838
10420	10695	4	0.003676
10420	10414	16	0.014706
10420	10845	2	0.001838
10420	9522	1690	1.553309
10420	10163	2	0.001838
10420	10677	2	0.001838
10420	10040	4	0.003676
10420	10809	4	0.003676
10420	9403	2	0.001838
10420	9660	4	0.003676
10420	10815	8	0.007353
10420	10273	2	0.001838
10420	10230	2	0.001838
10420	10054	2	0.001838
10420	10055	24	0.022059
10420	10827	1	0.000919
10420	10445	19	0.017463
10420	10318	5	0.004596
10420	9552	1	0.000919
10420	9400	35	0.032169
10420	9298	4	0.003676
10420	9428	1	0.000919
10420	9550	8	0.007353
10420	10454	5	0.004596
10420	9303	3	0.002757
10420	10584	1501	1.379596
10420	9956	1	0.000919
10420	9690	2	0.001838
10420	9670	1	0.000919
10420	10333	1	0.000919
10420	9438	9	0.008272
10420	10338	4	0.003676
10420	9571	4	0.003676
10420	10084	5	0.004596
10420	9573	16	0.014706
10420	10727	12	0.011029
10420	10088	8	0.007353
10420	9916	4	0.003676
10420	10605	1	0.000919
10420	10094	5	0.004596
10420	9968	8	0.007353
10420	10358	104	0.095588
10420	9321	5	0.004596
10420	9407	8	0.007353
10420	9468	4	0.003676
10420	10621	7	0.006434
10420	10238	3	0.002757
10420	10367	4	0.003676
10423	9474	2	0.058824
10423	10210	2	0.058824
10423	10414	1	0.029412
10423	9553	1	0.029412
10423	9522	2	0.058824
10423	10485	2	0.058824
10423	10777	3	0.088235
10423	10429	1	0.029412
10424	9714	2	0.003448
10425	9344	4	0.008000
10425	10723	4	0.008000
10425	10414	1	0.002000
10425	10128	5	0.010000
10425	9522	2	0.004000
10425	9550	2	0.004000
10428	9573	3	0.068182
10429	10845	1	0.003058
10429	10485	3	0.009174
10431	10723	1	0.004902
10434	10621	65	0.189504
10437	9968	4	0.148148
10437	9573	31	1.148148
10437	9833	1	0.037037
10437	9870	1	0.037037
10437	10621	1	0.037037
10437	10224	1	0.037037
10437	10584	1	0.037037
10437	9522	7	0.259259
10437	10358	5	0.185185
10437	10072	1	0.037037
10437	10845	1	0.037037
10438	9964	1	0.052632
10438	10596	1	0.052632
10439	9573	33	0.116608
10439	10845	4	0.014134
10444	10128	4	0.133333
10444	10723	1	0.033333
10445	9522	73	1.738095
10446	9522	14	0.933333
10446	9935	1	0.066667
10446	10051	1	0.066667
10446	9487	1	0.066667
10448	10705	1	0.007407
10448	9402	1	0.007407
10448	10358	2	0.014815
10448	9438	5	0.037037
10451	10845	1	0.001527
10453	9573	43	0.023118
10454	10240	7	0.005927
10454	10209	2	0.001693
10454	9922	8	0.006774
10454	9571	5	0.004234
10454	10358	3	0.002540
10454	9569	2	0.001693
10454	9384	6	0.005080
10454	10414	14	0.011854
10454	10621	97	0.082134
10454	10512	2	0.001693
10454	9522	132	0.111770
10454	10102	10	0.008467
10454	9400	5	0.004234
10454	9369	1	0.000847
10454	9690	3	0.002540
10454	9917	3	0.002540
10454	9919	9	0.007621
10459	10700	2	0.285714
10463	9573	2	0.021505
10464	10594	1	0.003425
10465	9818	4	0.021053
10467	9414	169	0.716102
10475	9560	1	0.000885
10475	9474	4	0.003540
10475	10120	1	0.000885
10475	9739	2	0.001770
10475	9740	4	0.003540
10475	9359	1	0.000885
10475	10128	5	0.004425
10475	10072	10	0.008850
10475	10514	3	0.002655
10475	10654	2	0.001770
10475	10224	2	0.001770
10475	9762	3	0.002655
10475	9380	1	0.000885
10475	10789	22	0.019469
10475	10150	4	0.003540
10475	9896	2	0.001770
10475	10695	4	0.003540
10475	10414	16	0.014159
10475	10845	2	0.001770
10475	9522	1662	1.470796
10475	10163	2	0.001770
10475	10677	2	0.001770
10475	10040	4	0.003540
10475	10809	4	0.003540
10475	9403	2	0.001770
10475	9660	4	0.003540
10475	10815	8	0.007080
10475	10273	2	0.001770
10475	10230	2	0.001770
10475	10054	2	0.001770
10475	10055	23	0.020354
10475	10827	1	0.000885
10475	10445	19	0.016814
10475	9550	8	0.007080
10475	9552	1	0.000885
10475	9400	35	0.030973
10475	9298	4	0.003540
10475	9428	1	0.000885
10475	10318	5	0.004425
10475	10454	5	0.004425
10475	9303	3	0.002655
10475	10584	1546	1.368142
10475	9956	1	0.000885
10475	9690	2	0.001770
10475	9670	1	0.000885
10475	10333	1	0.000885
10475	9438	9	0.007965
10475	10338	4	0.003540
10475	9571	4	0.003540
10475	10084	5	0.004425
10475	9573	16	0.014159
10475	10727	12	0.010619
10475	10088	8	0.007080
10475	9916	4	0.003540
10475	10605	1	0.000885
10475	10094	5	0.004425
10475	9968	8	0.007080
10475	10358	102	0.090265
10475	9321	5	0.004425
10475	9407	8	0.007080
10475	9468	4	0.003540
10475	10621	7	0.006195
10475	10238	3	0.002655
10475	10367	4	0.003540
10479	9762	1	0.003401
10479	10084	3	0.010204
10479	9573	7	0.023810
10479	10727	2	0.006803
10479	9833	1	0.003401
10479	10414	1	0.003401
10479	10584	1	0.003401
10479	9522	26	0.088435
10479	9550	22	0.074830
10479	10358	6	0.020408
10479	10072	4	0.013605
10479	9956	1	0.003401
10479	10621	1	0.003401
10479	10527	1	0.003401
10483	10296	1	0.012658
10483	9522	10	0.126582
10483	9550	2	0.025316
10485	10081	1	0.003030
10485	9474	4	0.012121
10485	9573	12	0.036364
10485	10669	1	0.003030
10485	10190	1	0.003030
10485	10210	4	0.012121
10485	9522	2	0.006061
10485	10358	1	0.003030
10485	10423	2	0.006061
10485	10777	1	0.003030
10485	10429	1	0.003030
10485	10845	1	0.003030
10486	10072	6	0.006116
10486	9362	4	0.004077
10486	9522	1	0.001019
10486	9573	48	0.048930
10487	9495	1	0.001563
10488	9522	3242	0.777272
10488	9629	3242	0.777272
10489	9400	14	0.164706
10489	9522	9	0.105882
10489	9643	1	0.011765
10490	9573	10	0.052083
10500	10249	1	0.000948
10500	9740	1	0.000948
10500	10584	120	0.113744
10500	9762	60	0.056872
10500	10789	16	0.015166
10500	10797	1	0.000948
10500	10333	1	0.000948
10500	10296	1	0.000948
10500	10809	1	0.000948
10500	10304	2	0.001896
10500	10306	1	0.000948
10500	10827	5	0.004739
10500	9804	1	0.000948
10500	10829	1	0.000948
10500	10318	1	0.000948
10500	9298	1	0.000948
10500	10835	8	0.007583
10500	9300	1	0.000948
10500	9303	3	0.002844
10500	10845	273	0.258768
10500	10338	2	0.001896
10500	9321	62	0.058768
10500	10358	410	0.388626
10500	9847	1	0.000948
10500	9336	1	0.000948
10500	10367	1	0.000948
10500	9860	1	0.000948
10500	9359	1	0.000948
10500	10384	1	0.000948
10500	9362	3	0.002844
10500	10606	1	0.000948
10500	10392	2	0.001896
10500	9370	2	0.001896
10500	9372	3	0.002844
10500	9380	232	0.219905
10500	9896	2	0.001896
10500	10411	2	0.001896
10500	10414	1178	1.116588
10500	9400	343	0.325118
10500	9913	1	0.000948
10500	9403	139	0.131754
10500	9917	2	0.001896
10500	9407	1	0.000948
10500	9428	17	0.016114
10500	10454	2	0.001896
10500	9433	1	0.000948
10500	9438	2	0.001896
10500	9954	1	0.000948
10500	9956	68	0.064455
10500	9957	1	0.000948
10500	9451	1	0.000948
10500	9964	1	0.000948
10500	9968	1	0.000948
10500	9465	1	0.000948
10500	9468	1	0.000948
10500	9998	7	0.006635
10500	9487	1	0.000948
10500	10522	1	0.000948
10500	10017	1	0.000948
10500	10030	2	0.001896
10500	9522	10098	9.571564
10500	9525	1	0.000948
10500	10040	1	0.000948
10500	9538	1	0.000948
10500	9539	1	0.000948
10500	10055	16	0.015166
10500	10568	179	0.169668
10500	9548	1	0.000948
10500	9550	1	0.000948
10500	9556	1	0.000948
10500	10072	260	0.246445
10500	10593	1	0.000948
10500	9571	1	0.000948
10500	10084	189	0.179147
10500	9573	404	0.382938
10500	10088	1	0.000948
10500	10605	1	0.000948
10500	10094	6	0.005687
10500	10621	26	0.024645
10500	9560	2	0.001896
10500	9833	3	0.002844
10500	10120	165	0.156398
10500	10634	1	0.000948
10500	10818	1	0.000948
10500	10128	1	0.000948
10500	10129	1	0.000948
10500	10650	2	0.001896
10500	9637	1	0.000948
10500	10150	1	0.000948
10500	10157	18	0.017062
10500	10671	1	0.000948
10500	10163	6	0.005687
10500	9660	1	0.000948
10500	9670	1	0.000948
10500	10695	1	0.000948
10500	9689	1	0.000948
10500	10723	1	0.000948
10500	10662	5	0.004739
10500	10727	121	0.114692
10500	10728	1	0.000948
10500	10224	7	0.006635
10500	10238	2	0.001896
10500	9727	1	0.000948
10501	10212	3	0.005837
10501	10006	3	0.005837
10503	10311	3	0.002144
10506	9379	2	0.026316
10506	10249	3	0.039474
10506	10414	2	0.026316
10506	10545	1	0.013158
10506	9522	2	0.026316
10506	10646	1	0.013158
10508	10129	2	0.000845
10508	9522	3	0.001267
10508	9573	30	0.012674
10508	9414	8	0.003380
10508	10414	3	0.001267
10512	9384	1	0.003968
10512	9417	1	0.003968
10512	10414	3	0.011905
10512	10454	7	0.027778
10512	9369	1	0.003968
10512	9919	2	0.007937
10514	9867	2	0.002112
10514	9739	2	0.002112
10514	9773	2	0.002112
10514	10584	7	0.007392
10514	9362	2	0.002112
10514	9957	2	0.002112
10514	10102	2	0.002112
10514	10650	2	0.002112
10514	10011	2	0.002112
10514	10522	2	0.002112
10514	10654	2	0.002112
10514	10864	2	0.002112
10514	9380	2	0.002112
10514	10789	4229	4.465681
10514	10545	2	0.002112
10514	10797	2	0.002112
10514	9309	4	0.004224
10514	9416	2	0.002112
10514	9522	123	0.129884
10514	10163	2	0.002112
10514	10014	2	0.002112
10514	10170	2	0.002112
10514	9660	1	0.001056
10514	9919	2	0.002112
10514	9538	4	0.004224
10514	10379	2	0.002112
10514	9590	2	0.002112
10514	10695	2	0.002112
10514	10568	2	0.002112
10514	9548	2	0.002112
10514	10445	4	0.004224
10514	9550	3	0.003168
10514	9552	3	0.003168
10514	10067	6	0.006336
10514	9303	6	0.006336
10514	10072	6	0.006336
10514	10585	2	0.002112
10514	10845	2	0.002112
10514	9637	2	0.002112
10514	9571	2	0.002112
10514	10084	4	0.004224
10514	9573	9	0.009504
10514	10727	4	0.004224
10514	9321	2	0.002112
10514	10723	1	0.001056
10514	10224	2	0.002112
10514	9330	2	0.002112
10514	10835	4	0.004224
10514	10358	19	0.020063
10514	10745	2	0.002112
10514	9593	2	0.002112
10514	10621	23	0.024287
10514	9343	2	0.002112
10516	9522	7	0.074468
10516	10522	3	0.031915
10516	9660	6	0.063830
10516	10621	2	0.021277
10516	10358	2	0.021277
10518	10365	15	0.000823
10522	10789	1	0.001064
10522	10516	21	0.022340
10522	10414	4	0.004255
10522	9522	6	0.006383
10522	10196	3	0.003191
10522	9662	5	0.005319
10522	10358	5	0.005319
10522	9400	2	0.002128
10522	10553	3	0.003191
10522	9660	924	0.982979
10522	10845	1	0.001064
10522	10238	3	0.003191
10526	10338	1	0.050000
10526	10789	1	0.050000
10526	10727	1	0.050000
10526	10030	3	0.150000
10526	9522	4	0.200000
10526	10358	1	0.050000
10526	10296	1	0.050000
10526	10621	31	1.550000
10526	9573	5	0.250000
10527	10224	1	0.000791
10527	10723	2	0.001581
10527	10020	4	0.003162
10527	9573	300	0.237154
10527	10414	1	0.000791
10527	10128	11	0.008696
10527	9522	20	0.015810
10527	10238	1	0.000791
10527	10358	2	0.001581
10527	10072	1	0.000791
10527	9340	1	0.000791
10527	10654	1	0.000791
10527	9349	14	0.011067
10529	9522	2	0.007722
10529	10621	2	0.007722
10529	9309	2	0.007722
10531	9522	205	3.416667
10531	9571	62	1.033333
10531	9380	1	0.016667
10531	10358	1	0.016667
10531	9822	1	0.016667
10534	9998	3	0.002060
10534	10639	1	0.000687
10534	9362	2	0.001374
10534	10662	1	0.000687
10534	10414	8	0.005495
10534	9309	1	0.000687
10534	9522	75	0.051511
10534	9718	13	0.008929
10534	9417	1	0.000687
10534	10061	1	0.000687
10534	9680	3	0.002060
10534	9938	3	0.002060
10534	10067	1	0.000687
10534	10845	1	0.000687
10534	10338	1	0.000687
10534	10727	5	0.003434
10534	10088	339	0.232830
10534	9708	3418	2.347527
10534	9457	6	0.004121
10534	10358	8	0.005495
10534	9720	4	0.002747
10534	10621	5	0.003434
10539	9648	1	0.005495
10539	9522	1	0.005495
10540	10759	2	0.037736
10540	9962	1	0.018868
10540	9522	104	1.962264
10540	10358	3	0.056604
10540	10522	1	0.018868
10540	9660	2	0.037736
10540	9662	1	0.018868
10545	9538	2	0.001946
10545	9379	7	0.006809
10545	9892	3	0.002918
10545	10249	31	0.030156
10545	10506	9	0.008755
10545	10414	4	0.003891
10545	10129	1	0.000973
10545	9522	100	0.097276
10545	10094	2	0.001946
10545	9833	15	0.014591
10545	10084	3	0.002918
10545	10621	39	0.037938
10546	9968	3	0.011321
10546	10084	2	0.007547
10546	10789	4	0.015094
10546	10646	1	0.003774
10546	9825	1	0.003774
10546	9771	3	0.011321
10546	9298	3	0.011321
10546	10094	553	2.086792
10546	10224	3	0.011321
10546	10584	1	0.003774
10546	9522	7244	27.335849
10546	10358	15	0.056604
10546	9465	1	0.003774
10546	9656	3	0.011321
10546	9380	15	0.056604
10546	10271	3	0.011321
10547	10224	5	0.166667
10547	10799	1	0.033333
10548	9913	1	0.019231
10548	9522	1	0.019231
10553	9660	3	0.026087
10553	9522	2	0.017391
10553	10196	1	0.008696
10553	10522	1	0.008696
10556	9644	2	0.048780
10556	9468	1	0.024390
10556	9309	2	0.048780
10556	9537	2	0.048780
10557	9762	1	0.004310
10557	9573	57	0.245690
10557	10727	1	0.004310
10557	9416	3	0.012931
10557	9522	1	0.004310
10557	10296	1	0.004310
10559	9573	1	0.020408
10561	10068	1	0.026316
10563	9573	8	0.017817
10566	9860	1	0.000811
10566	10249	1	0.000811
10566	10122	88	0.071371
10566	10072	4	0.003244
10566	10129	1	0.000811
10566	9491	1	0.000811
10566	9884	48	0.038929
10566	10017	1	0.000811
10566	9762	1	0.000811
10566	10660	3	0.002433
10566	10662	4	0.003244
10566	10414	1	0.000811
10566	9894	1	0.000811
10566	9522	89	0.072182
10566	10506	1	0.000811
10566	10692	2	0.001622
10566	9550	58	0.047040
10566	9556	1	0.000811
10566	10584	2	0.001622
10566	10073	1	0.000811
10566	10720	1	0.000811
10566	9956	1	0.000811
10566	9573	6	0.004866
10566	10727	2	0.001622
10566	10358	15	0.012165
10566	10084	3	0.002433
10566	10621	8	0.006488
10568	10249	1	0.000757
10568	9739	1	0.000757
10568	9740	1	0.000757
10568	10072	120	0.090840
10568	9762	29	0.021953
10568	10789	8	0.006056
10568	10797	1	0.000757
10568	10333	1	0.000757
10568	10296	1	0.000757
10568	10809	1	0.000757
10568	10304	2	0.001514
10568	10306	1	0.000757
10568	9801	1	0.000757
10568	10827	5	0.003785
10568	9804	1	0.000757
10568	10829	1	0.000757
10568	10318	1	0.000757
10568	9298	1	0.000757
10568	10835	5	0.003785
10568	9300	1	0.000757
10568	10845	876	0.663134
10568	10338	1	0.000757
10568	9321	3	0.002271
10568	10358	244	0.184709
10568	9847	1	0.000757
10568	9336	1	0.000757
10568	10367	1	0.000757
10568	9860	1	0.000757
10568	9359	1	0.000757
10568	10384	1	0.000757
10568	10094	2	0.001514
10568	10392	2	0.001514
10568	9370	1	0.000757
10568	9372	3	0.002271
10568	9380	471	0.356548
10568	9896	2	0.001514
10568	10411	1	0.000757
10568	10414	1134	0.858441
10568	9400	208	0.157456
10568	9913	1	0.000757
10568	9403	374	0.283119
10568	9917	1	0.000757
10568	9407	1	0.000757
10568	9428	17	0.012869
10568	10454	1	0.000757
10568	9433	1	0.000757
10568	9438	1	0.000757
10568	9954	1	0.000757
10568	9956	36	0.027252
10568	9957	1	0.000757
10568	9451	1	0.000757
10568	9964	1	0.000757
10568	9968	1	0.000757
10568	9468	1	0.000757
10568	9998	7	0.005299
10568	9487	1	0.000757
10568	10017	1	0.000757
10568	10030	2	0.001514
10568	9522	9090	6.881151
10568	9525	1	0.000757
10568	10040	1	0.000757
10568	9539	1	0.000757
10568	10055	11	0.008327
10568	9550	1	0.000757
10568	9560	2	0.001514
10568	10593	1	0.000757
10568	9571	43	0.032551
10568	10084	84	0.063588
10568	9573	182	0.137774
10568	10088	1	0.000757
10568	10605	1	0.000757
10568	10606	1	0.000757
10568	10621	12	0.009084
10568	10120	162	0.122634
10568	10646	3	0.002271
10568	10650	9	0.006813
10568	10584	96	0.072672
10568	9637	1	0.000757
10568	10150	1	0.000757
10568	10157	73	0.055261
10568	10671	1	0.000757
10568	10163	2	0.001514
10568	9660	1	0.000757
10568	9670	1	0.000757
10568	10695	1	0.000757
10568	9689	1	0.000757
10568	10723	1	0.000757
10568	10662	5	0.003785
10568	10727	57	0.043149
10568	10224	5	0.003785
10568	10238	1	0.000757
10568	9727	1	0.000757
10569	10050	1	0.001120
10569	10449	1	0.001120
10569	9452	1	0.001120
10569	10448	1	0.001120
10569	10705	1	0.001120
10569	9522	2	0.002240
10569	10454	1	0.001120
10569	9527	1	0.001120
10569	9976	1	0.001120
10569	9438	1	0.001120
10571	9573	20	0.148148
10571	9447	2	0.014815
10571	10379	3	0.022222
10571	9522	5	0.037037
10571	9464	1	0.007407
10571	10367	3	0.022222
10573	10176	6	0.008798
10573	10723	3	0.004399
10573	9852	1521	2.230205
10573	10358	3	0.004399
10573	10527	9	0.013196
10575	9395	1	0.015873
10575	10789	1	0.015873
10575	9398	1	0.015873
10576	9384	237	13.941176
10576	9573	17	1.000000
10577	9522	1	0.047619
10577	9573	9	0.428571
10578	10411	1	0.100000
10579	9560	1	0.001026
10579	9474	4	0.004103
10579	10120	1	0.001026
10579	9739	2	0.002051
10579	9740	4	0.004103
10579	9359	1	0.001026
10579	10128	5	0.005128
10579	10072	8	0.008205
10579	10514	3	0.003077
10579	10654	2	0.002051
10579	10224	2	0.002051
10579	9762	4	0.004103
10579	9380	1	0.001026
10579	10789	21	0.021538
10579	10150	4	0.004103
10579	9896	2	0.002051
10579	10055	17	0.017436
10579	10414	17	0.017436
10579	10845	2	0.002051
10579	9522	951	0.975385
10579	10163	3	0.003077
10579	10677	2	0.002051
10579	10040	4	0.004103
10579	10809	4	0.004103
10579	9660	4	0.004103
10579	10815	8	0.008205
10579	10273	2	0.002051
10579	10230	2	0.002051
10579	10054	2	0.002051
10579	10695	4	0.004103
10579	10827	1	0.001026
10579	10445	14	0.014359
10579	9550	8	0.008205
10579	9552	1	0.001026
10579	9400	35	0.035897
10579	9298	4	0.004103
10579	10318	5	0.005128
10579	10454	5	0.005128
10579	9303	3	0.003077
10579	10584	1361	1.395897
10579	9956	1	0.001026
10579	9690	2	0.002051
10579	9670	1	0.001026
10579	10333	1	0.001026
10579	9438	9	0.009231
10579	9573	16	0.016410
10579	10338	4	0.004103
10579	9571	4	0.004103
10579	10084	5	0.005128
10579	10662	1	0.001026
10579	10727	12	0.012308
10579	10088	8	0.008205
10579	9916	4	0.004103
10579	10605	1	0.001026
10579	10094	5	0.005128
10579	9968	8	0.008205
10579	10358	92	0.094359
10579	9321	5	0.005128
10579	9407	8	0.008205
10579	9468	4	0.004103
10579	10621	7	0.007179
10579	10238	3	0.003077
10579	10367	4	0.004103
10584	9474	4	0.003086
10584	10120	1	0.000772
10584	9739	2	0.001543
10584	9740	4	0.003086
10584	9359	1	0.000772
10584	10128	5	0.003858
10584	9560	1	0.000772
10584	10514	3	0.002315
10584	10654	2	0.001543
10584	10224	2	0.001543
10584	9762	3	0.002315
10584	9380	1	0.000772
10584	10789	22	0.016975
10584	10150	4	0.003086
10584	9896	2	0.001543
10584	10055	23	0.017747
10584	10414	16	0.012346
10584	10845	2	0.001543
10584	9522	1750	1.350309
10584	10163	2	0.001543
10584	10677	2	0.001543
10584	10040	4	0.003086
10584	10809	4	0.003086
10584	9403	2	0.001543
10584	9660	4	0.003086
10584	10815	8	0.006173
10584	10273	2	0.001543
10584	10230	2	0.001543
10584	10054	2	0.001543
10584	10695	4	0.003086
10584	10827	1	0.000772
10584	10445	19	0.014660
10584	10318	5	0.003858
10584	9552	1	0.000772
10584	9400	35	0.027006
10584	9298	4	0.003086
10584	9428	1	0.000772
10584	9550	8	0.006173
10584	10454	5	0.003858
10584	9303	3	0.002315
10584	10072	10	0.007716
10584	9956	1	0.000772
10584	9690	2	0.001543
10584	9670	1	0.000772
10584	10333	1	0.000772
10584	9438	9	0.006944
10584	10338	4	0.003086
10584	9571	4	0.003086
10584	10084	5	0.003858
10584	9573	17	0.013117
10584	10727	12	0.009259
10584	10088	8	0.006173
10584	9916	4	0.003086
10584	10605	1	0.000772
10584	10094	5	0.003858
10584	9968	8	0.006173
10584	10358	104	0.080247
10584	9321	5	0.003858
10584	9407	8	0.006173
10584	9468	4	0.003086
10584	10621	7	0.005401
10584	10238	3	0.002315
10584	10367	4	0.003086
10585	9522	19	0.034545
10585	9963	317	0.576364
10585	10645	317	0.576364
10585	10358	2	0.003636
10592	10040	5	0.044643
10593	9522	8	0.235294
10593	10621	2	0.058824
10593	10222	2	0.058824
10596	9964	1	0.066667
10597	10257	1	0.035714
10597	10093	1	0.035714
10597	9573	1	0.035714
10600	9384	1	0.020000
10605	9507	1	0.003322
10605	9579	1	0.003322
10605	9388	1	0.003322
10605	9400	4	0.013289
10605	9522	262	0.870432
10605	10067	4	0.013289
10605	10358	233	0.774086
10605	10712	516	1.714286
10606	9522	5	0.147059
10606	9956	1	0.029412
10606	9573	2	0.058824
10609	10789	1	0.002762
10609	10646	1	0.002762
10609	9998	2	0.005525
10609	9522	57	0.157459
10609	10414	2	0.005525
10609	10358	11	0.030387
10609	10809	7	0.019337
10609	10649	1	0.002762
10612	9522	12	2.000000
10612	10621	6	1.000000
10616	10296	2	0.125000
10618	10374	5	0.020000
10618	9832	135	0.540000
10618	9550	14	0.056000
10618	9552	4	0.016000
10618	10355	70	0.280000
10618	10358	1	0.004000
10618	10716	1	0.004000
10620	9538	1	0.024390
10620	9295	1	0.024390
10620	9359	8	0.195122
10621	10688	1	0.000513
10621	10789	1	0.000513
10621	10727	9	0.004613
10621	10763	2	0.001025
10621	10445	85	0.043567
10621	9550	1	0.000513
10621	9522	28	0.014352
10621	9555	1	0.000513
10621	10358	1	0.000513
10621	9303	68	0.034854
10621	10163	2	0.001025
10621	10845	4	0.002050
10621	10526	1	0.000513
10621	9573	1	0.000513
10625	10072	1	0.009709
10625	9573	4	0.038835
10626	10662	53	1.261905
10626	9998	24	0.571429
10626	9522	7	0.166667
10626	10606	42	1.000000
10626	10230	1	0.023810
10626	9913	2	0.047619
10630	9573	2	0.038462
10630	10150	2	0.038462
10630	9323	1	0.019231
10630	10030	1	0.019231
10630	9522	5	0.096154
10630	9715	1	0.019231
10630	10621	2	0.038462
10632	10309	1	0.005263
10632	9522	34	0.178947
10632	10069	1	0.005263
10632	10358	2	0.010526
10632	10011	1	0.005263
10632	9916	1	0.005263
10632	10621	1	0.005263
10634	9522	1	0.002762
10634	10339	2	0.005525
10634	9884	1	0.002762
10634	10861	3	0.008287
10634	9550	1	0.002762
10635	9441	1	0.002825
10635	9762	4	0.011299
10635	9573	11	0.031073
10635	9825	1	0.002825
10635	9832	2	0.005650
10635	9417	11	0.031073
10635	9319	1	0.002825
10635	10414	5	0.014124
10635	9552	3	0.008475
10635	9522	5	0.014124
10635	9429	1	0.002825
10635	10742	1	0.002825
10635	9593	2	0.005650
10635	9407	1	0.002825
10636	9573	1	0.034483
10637	9987	1	0.038462
10637	9468	4	0.153846
10637	10414	23	0.884615
10638	9573	3	0.012448
10639	10088	1	0.002577
10639	9434	3	0.007732
10639	9998	2	0.005155
10640	9560	1	0.000898
10640	9474	3	0.002695
10640	10120	1	0.000898
10640	9739	2	0.001797
10640	9740	3	0.002695
10640	9359	4	0.003594
10640	10128	7	0.006289
10640	10072	7	0.006289
10640	10514	2	0.001797
10640	10654	2	0.001797
10640	10224	2	0.001797
10640	9762	1	0.000898
10640	9380	1	0.000898
10640	10789	25	0.022462
10640	10150	3	0.002695
10640	9896	2	0.001797
10640	10695	3	0.002695
10640	10414	16	0.014376
10640	10333	4	0.003594
10640	9522	2815	2.529200
10640	10163	2	0.001797
10640	10677	2	0.001797
10640	10040	3	0.002695
10640	10809	3	0.002695
10640	9403	2	0.001797
10640	9660	3	0.002695
10640	10815	6	0.005391
10640	10273	2	0.001797
10640	10230	2	0.001797
10640	10054	2	0.001797
10640	10055	23	0.020665
10640	10827	1	0.000898
10640	10445	19	0.017071
10640	10318	7	0.006289
10640	9552	4	0.003594
10640	9400	35	0.031447
10640	9298	3	0.002695
10640	9428	1	0.000898
10640	9550	6	0.005391
10640	10454	7	0.006289
10640	9303	3	0.002695
10640	10584	1972	1.771788
10640	9956	1	0.000898
10640	9690	2	0.001797
10640	9670	1	0.000898
10640	10845	2	0.001797
10640	9438	10	0.008985
10640	10338	3	0.002695
10640	9571	4	0.003594
10640	10084	5	0.004492
10640	9573	16	0.014376
10640	10727	9	0.008086
10640	10088	6	0.005391
10640	9916	3	0.002695
10640	10605	4	0.003594
10640	10094	5	0.004492
10640	9968	6	0.005391
10640	10358	123	0.110512
10640	9321	5	0.004492
10640	9407	6	0.005391
10640	9468	3	0.002695
10640	10621	12	0.010782
10640	10238	3	0.002695
10640	10367	3	0.002695
10643	9889	2	0.010870
10645	9522	3	0.096774
10646	9522	15	1.363636
10646	10358	1	0.090909
10647	10156	26	0.333333
10647	9838	26	0.333333
10647	10224	6	0.076923
10647	9522	11	0.141026
10647	9300	26	0.333333
10647	10167	26	0.333333
10647	10621	2	0.025641
10649	10609	1	0.005587
10649	10809	3	0.016760
10650	9913	1	0.020833
10650	9522	1	0.020833
10652	9721	9	0.008227
10652	10358	13	0.011883
10652	10318	13	0.011883
10652	9998	2	0.001828
10654	9573	236	0.281959
10654	10358	3	0.003584
10656	9916	1	0.002994
10659	10209	2	0.001675
10659	10055	2	0.001675
10659	10216	2	0.001675
10659	9998	3	0.002513
10659	9522	3	0.002513
10659	10414	1	0.000838
10659	10809	5	0.004188
10659	9438	1	0.000838
10662	10408	1	0.011236
10662	9522	2	0.022472
10666	9573	3	0.065217
10667	10179	14	0.016990
10667	9998	6	0.007282
10667	9360	21	0.025485
10667	9522	7	0.008495
10667	10358	7	0.008495
10667	10040	39	0.047330
10678	10332	1	0.009804
10678	9522	2	0.019608
10678	9298	2	0.019608
10678	9573	2	0.019608
10679	10378	1	0.006289
10679	9751	1	0.006289
10679	10775	1	0.006289
10679	10392	168	1.056604
10679	9884	1	0.006289
10679	10020	3	0.018868
10679	9642	2	0.012579
10679	10030	2	0.012579
10679	9522	180	1.132075
10679	10054	2	0.012579
10679	10055	1	0.006289
10679	9811	1	0.006289
10679	9825	1	0.006289
10679	9827	1	0.006289
10679	9833	9	0.056604
10679	10224	4	0.025157
10679	9971	3	0.018868
10679	10485	1	0.006289
10679	9718	2	0.012579
10679	9852	1	0.006289
10679	9853	1	0.006289
10679	10195	1	0.006289
10681	9683	32	0.268908
10681	9677	1	0.008403
10681	10559	1	0.008403
10687	9865	1	0.010526
10687	9522	3	0.031579
10687	9891	1	0.010526
10687	9998	1	0.010526
10687	10055	6	0.063158
10688	9762	18	0.025460
10688	9522	6	0.008487
10688	10030	1	0.001414
10688	10727	18	0.025460
10692	9762	2	0.002484
10692	10660	2	0.002484
10692	10662	13	0.016149
10692	10204	3	0.003727
10692	10122	85	0.105590
10692	10414	67	0.083230
10692	10584	1	0.001242
10692	9522	19	0.023602
10692	9884	1	0.001242
10692	9550	44	0.054658
10692	10358	4	0.004969
10692	9400	23	0.028571
10692	10716	8	0.009938
10692	10621	1	0.001242
10695	10528	20	0.039139
10695	9857	20	0.039139
10695	9522	20	0.039139
10695	10621	20	0.039139
10696	10625	6	0.065934
10696	9522	61	0.670330
10696	9847	4	0.043956
10698	9573	2	0.083333
10700	9522	1	0.015385
10700	10427	1	0.015385
10700	10338	1	0.015385
10700	10414	4	0.061538
10705	10050	1	0.024390
10705	9998	2	0.048780
10705	9917	2	0.048780
10705	9438	2	0.048780
10708	9522	1	0.027778
10708	10084	2	0.055556
10708	10358	1	0.027778
10708	10815	4	0.111111
10709	9560	1	0.000464
10709	9474	4	0.001855
10709	10120	1	0.000464
10709	9739	2	0.000928
10709	9740	5	0.002319
10709	9359	5	0.002319
10709	10128	8	0.003711
10709	10584	3021	1.401206
10709	10514	2	0.000928
10709	9690	2	0.000928
10709	10654	2	0.000928
10709	10224	2	0.000928
10709	9762	3	0.001391
10709	9380	1	0.000464
10709	10789	26	0.012059
10709	10150	4	0.001855
10709	9896	2	0.000928
10709	10695	5	0.002319
10709	10414	16	0.007421
10709	10333	4	0.001855
10709	9522	3875	1.797310
10709	10677	2	0.000928
10709	9400	48	0.022263
10709	10809	5	0.002319
10709	9916	4	0.001855
10709	10845	2	0.000928
10709	9407	7	0.003247
10709	10306	1	0.000464
10709	10273	2	0.000928
10709	10230	2	0.000928
10709	10054	2	0.000928
10709	10055	41	0.019017
10709	10827	1	0.000464
10709	9804	1	0.000464
10709	10445	97	0.044991
10709	9550	8	0.003711
10709	9552	5	0.002319
10709	10040	5	0.002319
10709	9298	5	0.002319
10709	10723	1	0.000464
10709	10318	8	0.003711
10709	10454	8	0.003711
10709	10296	1	0.000464
10709	10072	7	0.003247
10709	9956	1	0.000464
10709	9303	3	0.001391
10709	9670	1	0.000464
10709	9309	1	0.000464
10709	9438	12	0.005566
10709	10593	1	0.000464
10709	10338	4	0.001855
10709	9571	7	0.003247
10709	10084	5	0.002319
10709	9573	16	0.007421
10709	10727	12	0.005566
10709	10088	8	0.003711
10709	9660	5	0.002319
10709	10605	4	0.001855
10709	10094	5	0.002319
10709	9968	8	0.003711
10709	10358	192	0.089054
10709	9321	5	0.002319
10709	9336	1	0.000464
10709	10815	8	0.003711
10709	9468	5	0.002319
10709	10621	12	0.005566
10709	10238	3	0.001391
10709	10367	5	0.002319
10711	9833	1	0.090909
10711	10652	2	0.181818
10711	9573	1	0.090909
10712	10626	1	0.031250
10712	10055	1	0.031250
10712	9388	1	0.031250
10712	10605	6	0.187500
10712	10414	3	0.093750
10712	9711	1	0.031250
10712	9522	4	0.125000
10712	10358	3	0.093750
10712	9917	1	0.031250
10712	10238	4	0.125000
10720	9732	2	0.007576
10720	9670	1	0.003788
10720	10055	7	0.026515
10720	9550	8	0.030303
10720	10224	9	0.034091
10720	9522	8	0.030303
10720	9884	4	0.015152
10720	10238	1	0.003788
10722	10088	1	0.111111
10723	9344	2	0.000784
10723	9349	2553	1.000392
10723	9739	2	0.000784
10723	10818	1	0.000392
10723	9998	6	0.002351
10723	10128	14174	5.554075
10723	9944	1	0.000392
10723	9902	2	0.000784
10723	9744	32	0.012539
10723	10014	22	0.008621
10723	9590	1	0.000392
10723	10020	4	0.001567
10723	10789	12	0.004702
10723	10662	1	0.000392
10723	10414	48	0.018809
10723	9522	2393	0.937696
10723	9417	5	0.001959
10723	9400	28	0.010972
10723	10425	2056	0.805643
10723	9536	2049	0.802900
10723	10050	1	0.000392
10723	9925	2	0.000784
10723	10566	1	0.000392
10723	9825	1	0.000392
10723	10825	3	0.001176
10723	10573	2051	0.803683
10723	9550	2	0.000784
10723	10445	2	0.000784
10723	9938	1	0.000392
10723	10067	2	0.000784
10723	10584	2	0.000784
10723	10831	1	0.000392
10723	10845	5	0.001959
10723	10463	1	0.000392
10723	10209	2	0.000784
10723	9573	6	0.002351
10723	9321	4	0.001567
10723	10094	2	0.000784
10723	10835	4	0.001567
10723	10358	77	0.030172
10723	9465	2229	0.873433
10723	10621	105	0.041144
10726	9413	2245	1.001338
10726	10412	1	0.000446
10726	9451	2240	0.999108
10726	9964	3	0.001338
10726	10829	3	0.001338
10726	10605	3	0.001338
10726	10224	1	0.000446
10726	9522	11	0.004906
10726	10358	6	0.002676
10726	9847	3	0.001338
10726	10621	5	0.002230
10727	10113	3	0.000916
10727	10125	1	0.000305
10727	9998	1	0.000305
10727	10000	1	0.000305
10727	9944	1	0.000305
10727	10414	12	0.003663
10727	9762	66	0.020147
10727	10789	9	0.002747
10727	10030	6138	1.873626
10727	10845	1	0.000305
10727	9522	390	0.119048
10727	9400	7	0.002137
10727	10688	30	0.009158
10727	9590	3	0.000916
10727	10055	6	0.001832
10727	10826	13	0.003968
10727	10445	1	0.000305
10727	10296	1	0.000305
10727	10835	9	0.002747
10727	9303	1	0.000305
10727	10584	5	0.001526
10727	9690	5	0.001526
10727	9309	3	0.000916
10727	10338	3	0.000916
10727	9319	1	0.000305
10727	9321	1	0.000305
10727	10224	12	0.003663
10727	10195	2	0.000611
10727	10358	138	0.042125
10727	9468	1	0.000305
10727	10621	9	0.002747
10728	9504	5	0.001569
10728	10338	16	0.005020
10728	9314	1	0.000314
10728	9395	16	0.005020
10728	10061	2	0.000628
10728	10055	16	0.005020
10728	10088	14	0.004393
10728	9762	4	0.001255
10728	9482	1	0.000314
10728	10727	3	0.000941
10728	10125	77	0.024161
10728	9309	13	0.004079
10728	10864	2	0.000628
10728	9522	9	0.002824
10728	10195	3	0.000941
10728	9493	2	0.000628
10728	9943	4	0.001255
10728	9938	1	0.000314
10728	10108	1	0.000314
10728	10845	1	0.000314
10728	9445	1	0.000314
10730	10105	1	0.004016
10730	10166	251	1.008032
10733	10411	1	0.022222
10733	10645	1	0.022222
10734	9522	2	0.181818
10738	10757	7	0.046053
10738	10358	2	0.013158
10738	9573	8	0.052632
10739	9560	1	0.000880
10739	9474	3	0.002641
10739	10120	1	0.000880
10739	9739	2	0.001761
10739	9740	3	0.002641
10739	9359	4	0.003521
10739	10128	7	0.006162
10739	10584	1992	1.753521
10739	10514	2	0.001761
10739	10654	2	0.001761
10739	10224	2	0.001761
10739	9762	3	0.002641
10739	9380	1	0.000880
10739	10789	26	0.022887
10739	10150	3	0.002641
10739	9896	2	0.001761
10739	10695	3	0.002641
10739	10414	16	0.014085
10739	10845	2	0.001761
10739	9522	2770	2.438380
10739	10163	2	0.001761
10739	10677	2	0.001761
10739	10040	3	0.002641
10739	10809	3	0.002641
10739	9403	2	0.001761
10739	9660	3	0.002641
10739	10815	6	0.005282
10739	10273	2	0.001761
10739	10230	2	0.001761
10739	9670	1	0.000880
10739	10055	22	0.019366
10739	10827	1	0.000880
10739	10445	19	0.016725
10739	10318	7	0.006162
10739	9552	4	0.003521
10739	9400	48	0.042254
10739	9298	3	0.002641
10739	9428	1	0.000880
10739	9550	6	0.005282
10739	10454	7	0.006162
10739	9303	3	0.002641
10739	10072	7	0.006162
10739	9956	1	0.000880
10739	9690	2	0.001761
10739	10333	4	0.003521
10739	9438	10	0.008803
10739	10338	3	0.002641
10739	9571	4	0.003521
10739	10084	5	0.004401
10739	9573	16	0.014085
10739	10727	9	0.007923
10739	10088	6	0.005282
10739	9916	3	0.002641
10739	10605	4	0.003521
10739	10094	5	0.004401
10739	9968	6	0.005282
10739	10054	2	0.001761
10739	10358	132	0.116197
10739	9321	5	0.004401
10739	9407	6	0.005282
10739	9468	3	0.002641
10739	10621	12	0.010563
10739	10238	3	0.002641
10739	10367	3	0.002641
10741	9573	146	0.701923
10743	9560	1	0.001155
10743	9474	4	0.004619
10743	10120	1	0.001155
10743	9739	2	0.002309
10743	9740	4	0.004619
10743	9359	1	0.001155
10743	10128	5	0.005774
10743	10072	8	0.009238
10743	10514	3	0.003464
10743	10654	2	0.002309
10743	10224	2	0.002309
10743	9762	3	0.003464
10743	9380	1	0.001155
10743	10789	21	0.024249
10743	10150	4	0.004619
10743	9896	2	0.002309
10743	10055	17	0.019630
10743	10414	16	0.018476
10743	10845	2	0.002309
10743	9522	1076	1.242494
10743	10163	2	0.002309
10743	10677	2	0.002309
10743	10040	4	0.004619
10743	10809	4	0.004619
10743	9403	2	0.002309
10743	9660	4	0.004619
10743	10815	8	0.009238
10743	10273	2	0.002309
10743	10230	2	0.002309
10743	10054	2	0.002309
10743	10695	4	0.004619
10743	10827	1	0.001155
10743	10445	14	0.016166
10743	10318	5	0.005774
10743	9552	1	0.001155
10743	9400	35	0.040416
10743	9298	4	0.004619
10743	9428	1	0.001155
10743	9550	8	0.009238
10743	10454	5	0.005774
10743	9303	3	0.003464
10743	10584	1256	1.450346
10743	9956	1	0.001155
10743	9690	2	0.002309
10743	9670	1	0.001155
10743	10333	1	0.001155
10743	9438	9	0.010393
10743	10338	4	0.004619
10743	9571	4	0.004619
10743	10084	5	0.005774
10743	9573	16	0.018476
10743	10727	12	0.013857
10743	10088	8	0.009238
10743	9916	4	0.004619
10743	10605	1	0.001155
10743	10094	5	0.005774
10743	9968	8	0.009238
10743	10358	86	0.099307
10743	9321	5	0.005774
10743	9407	8	0.009238
10743	9468	4	0.004619
10743	10621	7	0.008083
10743	10238	3	0.003464
10743	10367	4	0.004619
10745	9625	1	0.166667
10745	9957	2	0.333333
10745	10153	1	0.166667
10746	9496	1	0.003745
10746	10003	1	0.003745
10746	10092	1	0.003745
10746	10149	1	0.003745
10746	10325	1	0.003745
10747	9884	1	0.090909
10747	9573	4	0.363636
10750	9573	1	0.001504
10750	9833	45	0.067669
10750	10446	2	0.003008
10750	9487	2	0.003008
10750	9522	5	0.007519
10750	10358	1	0.001504
10750	10072	1	0.001504
10750	10621	2	0.003008
10750	10845	1	0.001504
10752	10648	1	0.002247
10754	9833	1	0.001508
10754	9507	2	0.003017
10754	9573	1	0.001508
10754	10726	1	0.001508
10754	9451	1	0.001508
10757	9573	8	0.051613
10757	10358	2	0.012903
10758	10066	2	0.043478
10758	9522	2	0.043478
10758	9998	1	0.021739
10759	10337	3	0.004054
10759	10306	2	0.002703
10759	10224	2	0.002703
10759	9522	709	0.958108
10759	10584	1	0.001351
10759	10043	3	0.004054
10759	10687	2	0.002703
10763	9474	2	0.020619
10763	10249	2	0.020619
10763	9487	2	0.020619
10763	9637	2	0.020619
10763	10411	2	0.020619
10763	9522	1	0.010309
10763	9525	1	0.010309
10763	10296	2	0.020619
10763	10809	1	0.010309
10763	9660	2	0.020619
10763	10815	2	0.020619
10763	9539	1	0.010309
10763	10695	2	0.020619
10763	10829	1	0.010309
10763	9550	2	0.020619
10763	9298	1	0.010309
10763	10318	1	0.010309
10763	9359	2	0.020619
10763	10338	2	0.020619
10763	10723	2	0.020619
10763	9957	1	0.010309
10763	10727	2	0.020619
10763	10088	2	0.020619
10763	9451	1	0.010309
10763	9964	2	0.020619
10763	10605	2	0.020619
10763	9844	2	0.020619
10763	9847	2	0.020619
10763	9721	2	0.020619
10763	9407	2	0.020619
10763	10621	117	1.206186
10763	9727	2	0.020619
10769	9573	669	0.810909
10770	10249	1	0.000951
10770	9740	1	0.000951
10770	10072	283	0.269011
10770	9762	65	0.061787
10770	10789	14	0.013308
10770	10797	1	0.000951
10770	10333	1	0.000951
10770	10296	1	0.000951
10770	10809	1	0.000951
10770	10304	2	0.001901
10770	10306	1	0.000951
10770	10827	5	0.004753
10770	9804	1	0.000951
10770	10829	1	0.000951
10770	10318	1	0.000951
10770	9298	1	0.000951
10770	10835	7	0.006654
10770	9300	1	0.000951
10770	9303	1	0.000951
10770	10845	216	0.205323
10770	10338	1	0.000951
10770	9833	3	0.002852
10770	10358	483	0.459125
10770	9847	1	0.000951
10770	9336	1	0.000951
10770	10367	1	0.000951
10770	9860	1	0.000951
10770	9359	1	0.000951
10770	10384	1	0.000951
10770	9362	2	0.001901
10770	10094	6	0.005703
10770	10392	2	0.001901
10770	9370	1	0.000951
10770	9372	3	0.002852
10770	9380	97	0.092205
10770	10411	1	0.000951
10770	10414	1177	1.118821
10770	9400	347	0.329848
10770	9913	1	0.000951
10770	9403	29	0.027567
10770	9917	2	0.001901
10770	9407	1	0.000951
10770	9428	17	0.016160
10770	10454	1	0.000951
10770	9433	1	0.000951
10770	9438	1	0.000951
10770	9954	1	0.000951
10770	9956	232	0.220532
10770	9957	1	0.000951
10770	9451	1	0.000951
10770	9964	1	0.000951
10770	9968	1	0.000951
10770	9468	1	0.000951
10770	9998	6	0.005703
10770	9487	1	0.000951
10770	10017	1	0.000951
10770	9522	9115	8.664449
10770	9525	1	0.000951
10770	10040	1	0.000951
10770	9538	1	0.000951
10770	9539	1	0.000951
10770	10055	13	0.012357
10770	10568	57	0.054183
10770	9550	1	0.000951
10770	9560	2	0.001901
10770	10593	1	0.000951
10770	9571	43	0.040875
10770	10084	207	0.196768
10770	9573	442	0.420152
10770	10088	1	0.000951
10770	10605	1	0.000951
10770	10606	1	0.000951
10770	9321	4	0.003802
10770	10621	23	0.021863
10770	10120	161	0.153042
10770	10650	2	0.001901
10770	10584	124	0.117871
10770	9637	1	0.000951
10770	10662	5	0.004753
10770	10157	14	0.013308
10770	10671	1	0.000951
10770	10163	6	0.005703
10770	9660	1	0.000951
10770	9670	1	0.000951
10770	10695	1	0.000951
10770	9689	1	0.000951
10770	10723	1	0.000951
10770	10150	1	0.000951
10770	10727	133	0.126426
10770	10224	10	0.009506
10770	10238	1	0.000951
10770	9727	1	0.000951
10771	10659	2	0.002558
10771	10180	18	0.023018
10771	10277	2	0.002558
10771	9553	2	0.002558
10771	10216	6	0.007673
10771	9481	2	0.002558
10771	10410	6	0.007673
10771	10030	5	0.006394
10771	10609	2	0.002558
10771	9522	2	0.002558
10771	9524	2	0.002558
10771	10100	6	0.007673
10771	9833	15	0.019182
10771	10649	2	0.002558
10771	10330	2	0.002558
10771	10293	6	0.007673
10775	10340	1	0.002463
10775	9573	1	0.002463
10775	9867	3	0.007389
10775	9522	2	0.004926
10775	10358	1	0.002463
10775	10845	2	0.004926
10775	9342	1	0.002463
10779	10011	1	0.027027
10779	9916	1	0.027027
10779	9822	2	0.054054
10782	9825	3282	2.467669
10782	10224	2	0.001504
10782	10789	1	0.000752
10782	10273	6	0.004511
10782	9573	1	0.000752
10782	10414	11	0.008271
10782	10621	2	0.001504
10782	9552	5	0.003759
10782	9522	55	0.041353
10782	10358	4	0.003008
10782	10845	1	0.000752
10782	10238	6	0.004511
10782	9375	1	0.000752
10788	9522	28	9.333333
10789	9867	2	0.001638
10789	9739	2	0.001638
10789	9998	2	0.001638
10789	9773	2	0.001638
10789	10584	14	0.011466
10789	10514	49	0.040131
10789	10102	2	0.001638
10789	10650	2	0.001638
10789	10011	2	0.001638
10789	10522	2	0.001638
10789	10654	2	0.001638
10789	10864	2	0.001638
10789	9380	2	0.001638
10789	9637	2	0.001638
10789	10545	2	0.001638
10789	10797	2	0.001638
10789	9902	1	0.000819
10789	9309	4	0.003276
10789	9416	2	0.001638
10789	9522	134	0.109746
10789	10163	2	0.001638
10789	10014	2	0.001638
10789	9400	6	0.004914
10789	10170	2	0.001638
10789	9660	2	0.001638
10789	9919	2	0.001638
10789	9538	4	0.003276
10789	10379	2	0.001638
10789	9590	2	0.001638
10789	10695	2	0.001638
10789	10568	2	0.001638
10789	9548	2	0.001638
10789	10445	4	0.003276
10789	9550	2	0.001638
10789	9552	13	0.010647
10789	10835	4	0.003276
10789	9303	6	0.004914
10789	10072	6	0.004914
10789	10585	2	0.001638
10789	10845	2	0.001638
10789	9957	2	0.001638
10789	9440	1	0.000819
10789	9571	2	0.001638
10789	10084	4	0.003276
10789	9573	8	0.006552
10789	10727	7	0.005733
10789	9321	2	0.001638
10789	9362	3	0.002457
10789	10723	2	0.001638
10789	10224	2	0.001638
10789	9330	2	0.001638
10789	10067	6	0.004914
10789	10358	22	0.018018
10789	10745	2	0.001638
10789	9593	2	0.001638
10789	10621	25	0.020475
10789	9343	2	0.001638
10799	9522	3	0.157895
10800	9522	6	0.008163
10800	9573	42	0.057143
10800	9309	4	0.005442
10800	10845	2	0.002721
10803	9560	1	0.000890
10803	9474	3	0.002669
10803	10120	1	0.000890
10803	9739	2	0.001779
10803	9740	3	0.002669
10803	9359	4	0.003559
10803	10128	7	0.006228
10803	10072	7	0.006228
10803	10514	2	0.001779
10803	10654	2	0.001779
10803	10224	2	0.001779
10803	9762	3	0.002669
10803	9380	1	0.000890
10803	10789	26	0.023132
10803	10150	3	0.002669
10803	9896	2	0.001779
10803	10695	3	0.002669
10803	10414	16	0.014235
10803	10845	2	0.001779
10803	9522	2794	2.485765
10803	10163	2	0.001779
10803	10677	2	0.001779
10803	10040	3	0.002669
10803	10809	3	0.002669
10803	9403	2	0.001779
10803	9660	3	0.002669
10803	10815	6	0.005338
10803	10273	2	0.001779
10803	10230	2	0.001779
10803	9670	1	0.000890
10803	10055	23	0.020463
10803	10827	1	0.000890
10803	10445	19	0.016904
10803	10318	7	0.006228
10803	9552	4	0.003559
10803	9400	35	0.031139
10803	9298	3	0.002669
10803	9428	1	0.000890
10803	9550	6	0.005338
10803	10454	7	0.006228
10803	9303	3	0.002669
10803	10584	1994	1.774021
10803	9956	1	0.000890
10803	9690	2	0.001779
10803	10333	4	0.003559
10803	9438	10	0.008897
10803	10338	3	0.002669
10803	9571	4	0.003559
10803	10084	5	0.004448
10803	9573	16	0.014235
10803	10727	9	0.008007
10803	10088	6	0.005338
10803	9916	3	0.002669
10803	10605	4	0.003559
10803	10094	5	0.004448
10803	9968	6	0.005338
10803	10054	2	0.001779
10803	10358	135	0.120107
10803	9321	5	0.004448
10803	9407	6	0.005338
10803	9468	3	0.002669
10803	10621	12	0.010676
10803	10238	3	0.002669
10803	10367	3	0.002669
10804	10551	1	0.001043
10804	10702	1	0.001043
10804	10518	1	0.001043
10804	10365	1	0.001043
10807	9929	1	0.000385
10808	9573	2	0.086957
10808	9846	735	31.956522
10809	10626	4	0.006088
10809	9481	2	0.003044
10809	9355	12	0.018265
10809	10649	3	0.004566
10809	9761	6	0.009132
10809	10659	4	0.006088
10809	10404	5	0.007610
10809	10277	4	0.006088
10809	10662	9	0.013699
10809	10414	43	0.065449
10809	9522	146	0.222222
10809	9524	4	0.006088
10809	9438	10	0.015221
10809	9400	34	0.051750
10809	9917	1	0.001522
10809	10825	1	0.001522
10809	10192	1	0.001522
10809	9553	4	0.006088
10809	10835	4	0.006088
10809	10069	1	0.001522
10809	10584	11	0.016743
10809	10334	5	0.007610
10809	10789	5	0.007610
10809	10209	2	0.003044
10809	9956	1	0.001522
10809	9573	3	0.004566
10809	10609	6	0.009132
10809	10358	631	0.960426
10809	10621	34	0.051750
10815	10083	1	0.035714
10815	9956	1	0.035714
10815	9640	31	1.107143
10815	10763	1	0.035714
10815	9454	2	0.071429
10815	9917	1	0.035714
10815	10414	1	0.035714
10815	10621	31	1.107143
10818	10273	3	0.003293
10818	9762	31	0.034029
10818	10055	3	0.003293
10818	9416	3	0.003293
10818	9647	4	0.004391
10818	9522	18	0.019759
10818	10358	4	0.004391
10818	10296	7	0.007684
10818	9375	1	0.001098
10820	10050	1	0.001264
10820	10705	1	0.001264
10820	10569	60456	76.429836
10820	9452	1	0.001264
10820	10448	1	0.001264
10820	10449	1	0.001264
10820	9522	2	0.002528
10820	10454	1	0.001264
10820	9527	1	0.001264
10820	9976	1	0.001264
10820	9438	1	0.001264
10824	9578	1	0.090909
10824	9691	1	0.090909
10825	9522	4	2.000000
10825	10621	4	2.000000
10827	9522	327	0.266504
10829	9475	2	0.002049
10829	10244	12	0.012295
10829	9573	2	0.002049
10829	9323	1	0.001025
10829	10221	17	0.017418
10829	10414	2	0.002049
10829	10621	14	0.014344
10829	10224	1	0.001025
10829	9400	2	0.002049
10829	9522	581	0.595287
10829	9956	1	0.001025
10829	10388	4	0.004098
10829	9438	3	0.003074
10829	10102	1	0.001025
10829	9451	1	0.001025
10829	10584	12	0.012295
10829	9913	1	0.001025
10829	9822	1	0.001025
10829	10358	33	0.033811
10829	10334	1	0.001025
10829	10069	1	0.001025
10831	10626	2	0.001045
10831	9349	2	0.001045
10831	9998	1	0.000523
10831	10273	4	0.002091
10831	9762	74	0.038683
10831	10789	9	0.004705
10831	10662	10	0.005227
10831	10414	33	0.017250
10831	9647	6	0.003136
10831	10800	1	0.000523
10831	9522	356	0.186095
10831	10163	4	0.002091
10831	9400	1	0.000523
10831	9407	5844	3.054888
10831	9668	4	0.002091
10831	10055	2	0.001045
10831	9416	1	0.000523
10831	9550	1	0.000523
10831	9552	3	0.001568
10831	10296	3	0.001568
10831	10835	6	0.003136
10831	9429	9	0.004705
10831	10072	1	0.000523
10831	9690	3	0.001568
10831	10209	3	0.001568
10831	9573	2	0.001045
10831	9319	91	0.047569
10831	9321	4	0.002091
10831	10727	6	0.003136
10831	10224	2	0.001045
10831	10358	53	0.027705
10831	9833	5	0.002614
10831	10621	147	0.076843
10835	9573	3	0.047619
10835	10568	6	0.095238
10835	9522	94	1.492063
10835	10677	1	0.015873
10835	10230	1	0.015873
10835	10358	2	0.031746
10844	9522	6	0.136364
10844	9916	1	0.022727
10844	10662	1	0.022727
10845	10249	1	0.000629
10845	9739	2	0.001258
10845	9740	1	0.000629
10845	10584	69	0.043396
10845	9762	22	0.013836
10845	10789	6	0.003774
10845	10797	1	0.000629
10845	10296	1	0.000629
10845	10809	1	0.000629
10845	10304	2	0.001258
10845	10306	1	0.000629
10845	9801	2	0.001258
10845	10827	5	0.003145
10845	9804	1	0.000629
10845	10829	1	0.000629
10845	10318	1	0.000629
10845	9298	1	0.000629
10845	10835	6	0.003774
10845	9300	1	0.000629
10845	10333	1	0.000629
10845	10338	1	0.000629
10845	9321	3	0.001887
10845	10358	159	0.100000
10845	9847	1	0.000629
10845	9336	1	0.000629
10845	10367	1	0.000629
10845	9860	1	0.000629
10845	9359	1	0.000629
10845	10384	1	0.000629
10845	10392	2	0.001258
10845	9370	1	0.000629
10845	9372	3	0.001887
10845	9380	524	0.329560
10845	10411	1	0.000629
10845	10414	1125	0.707547
10845	9400	208	0.130818
10845	9403	280	0.176101
10845	9917	1	0.000629
10845	9407	1	0.000629
10845	9428	17	0.010692
10845	10454	1	0.000629
10845	9433	1	0.000629
10845	9438	1	0.000629
10845	9954	1	0.000629
10845	9956	29	0.018239
10845	9957	1	0.000629
10845	9451	1	0.000629
10845	9964	1	0.000629
10845	9968	1	0.000629
10845	9468	1	0.000629
10845	9998	1	0.000629
10845	9487	1	0.000629
10845	10017	1	0.000629
10845	10030	2	0.001258
10845	9522	11205	7.047170
10845	9525	1	0.000629
10845	10040	1	0.000629
10845	9539	1	0.000629
10845	10055	11	0.006918
10845	10568	585	0.367925
10845	9550	1	0.000629
10845	9560	2	0.001258
10845	10593	1	0.000629
10845	9571	42	0.026415
10845	10084	60	0.037736
10845	9573	136	0.085535
10845	10088	1	0.000629
10845	10605	1	0.000629
10845	10621	9	0.005660
10845	10120	162	0.101887
10845	10072	95	0.059748
10845	10646	4	0.002516
10845	10650	8	0.005031
10845	9637	1	0.000629
10845	10150	1	0.000629
10845	10157	66	0.041509
10845	10671	1	0.000629
10845	10163	3	0.001887
10845	9660	1	0.000629
10845	9670	1	0.000629
10845	10695	1	0.000629
10845	9689	1	0.000629
10845	10723	1	0.000629
10845	10727	43	0.027044
10845	10224	8	0.005031
10845	10238	1	0.000629
10845	9727	1	0.000629
10848	10088	44	0.956522
10852	9573	177	0.179513
10857	9590	2	0.005051
10857	9739	2	0.005051
10857	9773	2	0.005051
10857	10584	6	0.015152
10857	10514	26	0.065657
10857	9957	2	0.005051
10857	10379	2	0.005051
10857	10650	2	0.005051
10857	10011	2	0.005051
10857	10522	2	0.005051
10857	10654	2	0.005051
10857	10864	2	0.005051
10857	9380	2	0.005051
10857	10789	1876	4.737374
10857	10545	2	0.005051
10857	10797	2	0.005051
10857	9309	4	0.010101
10857	9416	2	0.005051
10857	9522	85	0.214646
10857	10014	2	0.005051
10857	10170	2	0.005051
10857	9919	2	0.005051
10857	9538	3	0.007576
10857	9867	2	0.005051
10857	10358	14	0.035354
10857	10695	2	0.005051
10857	10568	2	0.005051
10857	9548	2	0.005051
10857	10445	4	0.010101
10857	9550	2	0.005051
10857	10835	2	0.005051
10857	9303	6	0.015152
10857	10072	6	0.015152
10857	10585	2	0.005051
10857	10845	2	0.005051
10857	9637	2	0.005051
10857	9571	2	0.005051
10857	10084	4	0.010101
10857	9573	8	0.020202
10857	10727	2	0.005051
10857	9321	2	0.005051
10857	9362	2	0.005051
10857	10224	2	0.005051
10857	9330	2	0.005051
10857	10067	6	0.015152
10857	10102	2	0.005051
10857	10745	2	0.005051
10857	9593	2	0.005051
10857	10621	16	0.040404
10857	9343	2	0.005051
10861	10634	9	1.000000
10864	9560	1	0.003058
10864	10375	71	0.217125
10864	9482	8	0.024465
10864	10125	1	0.003058
10864	10072	4	0.012232
10864	9762	89	0.272171
10864	10414	1	0.003058
10864	9522	71	0.217125
10864	9395	10	0.030581
10864	9398	1	0.003058
10864	10295	1	0.003058
10864	10163	1	0.003058
10864	10827	1	0.003058
10864	10575	1	0.003058
10864	10584	1	0.003058
10864	9956	1	0.003058
10864	9690	2	0.006116
10864	10338	19	0.058104
10864	10084	3	0.009174
10864	9573	7	0.021407
10864	10727	6	0.018349
10864	9321	1	0.003058
10864	9971	19	0.058104
10864	10358	9	0.027523
10864	10621	8	0.024465
9292	9833	63	0.926471
9292	9573	5	0.073529
9294	9295	1	0.001934
9294	9811	1	0.001934
9294	9766	1	0.001934
9294	9359	9	0.017408
9295	9522	8	0.026316
9295	9811	4	0.013158
9295	9316	6	0.019737
9295	10587	2	0.006579
9295	9359	6	0.019737
9298	9522	6	0.260870
9298	10332	1	0.043478
9298	10621	1	0.043478
9299	9346	2	0.015873
9299	9765	2	0.015873
9299	9534	33	0.261905
9300	10727	3	0.011628
9300	9838	1	0.003876
9300	9522	56	0.217054
9300	10163	14	0.054264
9300	10647	1	0.003876
9300	9400	8	0.031008
9300	10621	2	0.007752
9301	9539	2	0.062500
9301	10505	1	0.031250
9301	9418	1	0.031250
9301	9522	15	0.468750
9301	10035	3	0.093750
9301	9919	3	0.093750
9303	9349	1	0.002247
9303	9867	1	0.002247
9303	9487	3	0.006742
9303	10128	1	0.002247
9303	9362	1	0.002247
9303	9493	1	0.002247
9303	9762	2	0.004494
9303	9380	4	0.008989
9303	10789	1	0.002247
9303	9309	1	0.002247
9303	9522	14	0.031461
9303	10677	2	0.004494
9303	9660	1	0.002247
9303	9407	1	0.002247
9303	10210	1	0.002247
9303	10818	1	0.002247
9303	10445	5	0.011236
9303	10063	1	0.002247
9303	9938	1	0.002247
9303	9556	1	0.002247
9303	9944	1	0.002247
9303	10845	4	0.008989
9303	9957	1	0.002247
9303	9440	1	0.002247
9303	10338	1	0.002247
9303	9573	2	0.004494
9303	10727	6	0.013483
9303	10728	1	0.002247
9303	9321	1	0.002247
9303	9708	1	0.002247
9303	9590	1	0.002247
9303	10621	1	0.002247
9308	9944	38	0.527778
9308	9416	38	0.527778
9308	9440	38	0.527778
9309	9728	4	0.001790
9309	10763	1	0.000447
9309	10125	1	0.000447
9309	9998	2	0.000895
9309	10000	5	0.002237
9309	9498	2	0.000895
9309	9375	3	0.001342
9309	9762	1	0.000447
9309	9508	8	0.003579
9309	10789	1	0.000447
9309	10414	17	0.007606
9309	10800	1	0.000447
9309	9522	122	0.054586
9309	9395	2	0.000895
9309	9400	5	0.002237
9309	10170	1	0.000447
9309	10163	5	0.002237
9309	9538	1	0.000447
9309	9590	6	0.002685
9309	10055	2	0.000895
9309	10825	1	0.000447
9309	10827	1	0.000447
9309	10445	2	0.000895
9309	9936	1	0.000447
9309	9298	2	0.000895
9309	10067	1	0.000447
9309	9429	1	0.000447
9309	9303	1	0.000447
9309	9690	3	0.001342
9309	9691	2	0.000895
9309	10845	2	0.000895
9309	10723	1	0.000447
9309	9573	1	0.000447
9309	9319	1	0.000447
9309	10728	1	0.000447
9309	9321	1	0.000447
9309	9706	2	0.000895
9309	10727	2	0.000895
9309	10621	34	0.015213
9309	10224	1	0.000447
9309	10358	40	0.017897
9309	10234	1	0.000447
9309	10108	2	0.000895
9309	9853	7	0.003132
9312	9937	7	0.700000
9313	9998	2	0.105263
9316	9369	1	0.008403
9316	9811	1	0.008403
9317	10861	1	0.008197
9317	9550	125	1.024590
9319	10626	2	0.000899
9319	9349	2	0.000899
9319	9998	1	0.000450
9319	10273	4	0.001799
9319	9762	74	0.033273
9319	10789	9	0.004047
9319	10662	10	0.004496
9319	10414	33	0.014838
9319	9647	6	0.002698
9319	10800	1	0.000450
9319	9522	449	0.201888
9319	10163	8	0.003597
9319	10296	3	0.001349
9319	9407	6503	2.924011
9319	9668	4	0.001799
9319	10055	2	0.000899
9319	9416	1	0.000450
9319	9550	1	0.000450
9319	10831	9	0.004047
9319	9552	3	0.001349
9319	9400	1	0.000450
9319	10835	6	0.002698
9319	9429	10	0.004496
9319	10072	1	0.000450
9319	9690	3	0.001349
9319	10209	3	0.001349
9319	9573	4	0.001799
9319	10727	6	0.002698
9319	9833	3	0.001349
9319	10224	2	0.000899
9319	10358	52	0.023381
9319	9321	4	0.001799
9319	10621	147	0.066097
9321	9956	96	2.000000
9321	9362	1	0.020833
9321	10727	1	0.020833
9321	10445	336	7.000000
9321	9522	336	7.000000
9321	10358	1	0.020833
9327	9560	1	0.000609
9327	9474	3	0.001826
9327	9349	2	0.001217
9327	10120	1	0.000609
9327	9739	2	0.001217
9327	9740	3	0.001826
9327	9998	2	0.001217
9327	9359	9	0.005478
9327	10128	12	0.007304
9327	10584	3051	1.856969
9327	10514	6	0.003652
9327	9494	2	0.001217
9327	10654	2	0.001217
9327	10224	2	0.001217
9327	9762	3	0.001826
9327	9380	1	0.000609
9327	10789	29	0.017651
9327	10150	3	0.001826
9327	9896	2	0.001217
9327	10055	40	0.024346
9327	10414	16	0.009738
9327	10333	9	0.005478
9327	9522	4006	2.438223
9327	10677	2	0.001217
9327	10040	3	0.001826
9327	10809	3	0.001826
9327	9660	3	0.001826
9327	10845	2	0.001217
9327	9407	6	0.003652
9327	10273	2	0.001217
9327	10230	2	0.001217
9327	10054	2	0.001217
9327	10695	3	0.001826
9327	9417	2	0.001217
9327	10827	1	0.000609
9327	10445	77	0.046865
9327	10318	12	0.007304
9327	9552	9	0.005478
9327	9400	35	0.021302
9327	9298	3	0.001826
9327	9550	6	0.003652
9327	10454	12	0.007304
9327	9303	3	0.001826
9327	10072	13	0.007912
9327	9956	1	0.000609
9327	9690	2	0.001217
9327	9670	1	0.000609
9327	9309	2	0.001217
9327	9438	15	0.009130
9327	9440	2	0.001217
9327	10338	3	0.001826
9327	9571	4	0.002435
9327	10084	5	0.003043
9327	9573	17	0.010347
9327	10727	12	0.007304
9327	10088	6	0.003652
9327	9916	3	0.001826
9327	10605	9	0.005478
9327	10094	5	0.003043
9327	9968	6	0.003652
9327	10358	236	0.143640
9327	9321	5	0.003043
9327	9465	2	0.001217
9327	10815	6	0.003652
9327	9468	3	0.001826
9327	10621	17	0.010347
9327	10238	3	0.001826
9327	10367	3	0.001826
9330	9688	3	0.056604
9330	10378	37	0.698113
9330	9522	2	0.037736
9330	9525	3	0.056604
9332	9573	18	0.339623
9334	9508	1	0.045455
9336	9737	1	0.000833
9336	9867	10	0.008333
9336	10775	10	0.008333
9336	10789	2	0.001667
9336	10414	3	0.002500
9336	9522	13	0.010833
9336	10163	1	0.000833
9336	9400	3	0.002500
9336	9660	1	0.000833
9336	10055	3	0.002500
9336	10445	1	0.000833
9336	9550	1	0.000833
9336	10296	1	0.000833
9336	9303	1	0.000833
9336	10084	1	0.000833
9336	9309	1	0.000833
9336	10723	1	0.000833
9336	10340	1	0.000833
9336	9577	1	0.000833
9336	10358	59	0.049167
9336	10621	3	0.002500
9336	9342	1	0.000833
9337	10188	155	0.478395
9337	9573	171	0.527778
9339	9573	215	0.866935
9341	9400	4	0.004301
9341	9522	3	0.003226
9341	9573	38	0.040860
9341	9550	1	0.001075
9342	9573	45	0.017301
9343	9762	2	0.001541
9343	10338	13	0.010015
9343	10066	2	0.001541
9343	9522	11	0.008475
9343	9398	6	0.004622
9343	10621	2	0.001541
9344	9573	5	0.135135
9344	9550	1	0.027027
9344	10128	1	0.027027
9344	9522	5	0.135135
9344	10358	1	0.027027
9344	10072	3	0.081081
9344	10425	1	0.027027
9344	10845	2	0.054054
9345	9560	1	0.000514
9345	9474	4	0.002054
9345	10120	1	0.000514
9345	9739	2	0.001027
9345	9740	4	0.002054
9345	9359	6	0.003082
9345	10128	10	0.005136
9345	10584	3515	1.805342
9345	10514	4	0.002054
9345	10654	2	0.001027
9345	10224	2	0.001027
9345	9762	3	0.001541
9345	9380	1	0.000514
9345	10789	37	0.019004
9345	10150	4	0.002054
9345	9896	2	0.001027
9345	10695	4	0.002054
9345	10414	16	0.008218
9345	10845	2	0.001027
9345	9522	3020	1.551104
9345	10163	2	0.001027
9345	10677	2	0.001027
9345	10040	4	0.002054
9345	10809	4	0.002054
9345	9403	2	0.001027
9345	9660	4	0.002054
9345	9407	8	0.004109
9345	10273	2	0.001027
9345	10230	2	0.001027
9345	9670	1	0.000514
9345	10055	25	0.012840
9345	10827	1	0.000514
9345	10445	14	0.007191
9345	10318	10	0.005136
9345	9552	6	0.003082
9345	9400	35	0.017976
9345	9298	4	0.002054
9345	9428	1	0.000514
9345	9550	8	0.004109
9345	10454	10	0.005136
9345	9303	3	0.001541
9345	10072	11	0.005650
9345	9956	1	0.000514
9345	9690	2	0.001027
9345	10333	6	0.003082
9345	9438	14	0.007191
9345	10338	4	0.002054
9345	9571	4	0.002054
9345	10084	5	0.002568
9345	9573	16	0.008218
9345	10727	12	0.006163
9345	10088	8	0.004109
9345	9916	4	0.002054
9345	10605	6	0.003082
9345	10094	5	0.002568
9345	9968	8	0.004109
9345	10054	2	0.001027
9345	10358	280	0.143811
9345	9321	5	0.002568
9345	10815	8	0.004109
9345	9468	4	0.002054
9345	10621	14	0.007191
9345	10238	3	0.001541
9345	10367	4	0.002054
9348	9538	1	0.016667
9348	9477	2	0.033333
9348	9643	1	0.016667
9348	10414	1	0.016667
9348	9362	61	1.016667
9348	10039	2	0.033333
9348	9434	2	0.033333
9348	9565	2	0.033333
9349	9762	2	0.000844
9349	10723	26	0.010966
9349	10020	10	0.004218
9349	9508	1	0.000422
9349	9417	1	0.000422
9349	10414	74	0.031210
9349	10128	397	0.167440
9349	9400	4	0.001687
9349	9522	78	0.032898
9349	9998	1	0.000422
9349	10358	7	0.002952
9349	10584	1	0.000422
9349	9465	6	0.002531
9349	10621	9	0.003796
9349	10527	3	0.001265
9350	9547	1	0.009434
9356	10613	1	0.002217
9359	9568	2	0.002548
9359	9606	4	0.005096
9359	9766	4	0.005096
9359	10163	3	0.003822
9359	10825	6	0.007643
9359	9303	1	0.001274
9359	10414	11	0.014013
9359	9295	4	0.005096
9359	9522	1637	2.085350
9359	9811	1	0.001274
9359	9557	2	0.002548
9359	10358	763	0.971975
9359	9559	4	0.005096
9359	9400	1	0.001274
9359	10587	2	0.002548
9359	10621	1136	1.447134
9360	9400	1	0.041667
9361	9573	18	0.152542
9362	9643	4	0.000969
9362	9867	3	0.000727
9362	10520	3	0.000727
9362	10439	3	0.000727
9362	10789	1	0.000242
9362	9387	3	0.000727
9362	10414	9	0.002181
9362	9522	7782	1.885631
9362	10358	7	0.001696
9362	10054	3	0.000727
9362	10055	2	0.000485
9362	9548	5	0.001212
9362	10445	3	0.000727
9362	9686	6	0.001454
9362	9690	2	0.000485
9362	10727	3	0.000727
9362	9453	3	0.000727
9362	10224	4	0.000969
9362	10738	3	0.000727
9362	10486	3	0.000727
9362	9464	15	0.003635
9362	10621	2	0.000485
9363	10825	103	0.135526
9364	10727	1	0.000318
9364	10826	2	0.000636
9364	10224	2	0.000636
9364	10547	1	0.000318
9364	10837	1	0.000318
9364	10845	8	0.002545
9365	9825	1	0.004566
9365	9349	3	0.013699
9365	9522	5	0.022831
9365	10727	1	0.004566
9365	10728	1	0.004566
9365	9417	4	0.018265
9365	9642	1	0.004566
9365	9739	1	0.004566
9365	9573	1	0.004566
9365	10414	1	0.004566
9365	9551	1	0.004566
9365	10224	356	1.625571
9365	9362	1	0.004566
9365	9556	1	0.004566
9365	10040	1	0.004566
9365	10011	1	0.004566
9365	10845	2	0.009132
9365	9375	1	0.004566
9367	10848	1	0.055556
9367	10565	1	0.055556
9367	10534	1	0.055556
9367	10088	2	0.111111
9367	10061	1	0.055556
9367	10286	1	0.055556
9367	9720	1	0.055556
9367	9522	1	0.055556
9367	9619	1	0.055556
9367	9912	1	0.055556
9367	10621	1	0.055556
9367	9822	2	0.111111
9368	10723	4	0.363636
9368	10358	4	0.363636
9368	10527	4	0.363636
9369	10240	3	0.003659
9369	9569	2	0.002439
9369	9922	1	0.001220
9369	10358	1	0.001220
9369	10512	2	0.002439
9369	9522	3	0.003659
9369	10454	17	0.020732
9369	9919	1	0.001220
9372	9474	1	0.001410
9372	9349	1	0.001410
9372	9355	1	0.001410
9372	9743	1	0.001410
9372	10128	2	0.002821
9372	10522	2	0.002821
9372	9370	1	0.001410
9372	10017	1	0.001410
9372	10209	1	0.001410
9372	9380	2	0.002821
9372	10789	1	0.001410
9372	10150	1	0.001410
9372	10797	1	0.001410
9372	10414	24	0.033850
9372	10671	1	0.001410
9372	9522	2514	3.545839
9372	9525	1	0.001410
9372	9400	9137	12.887165
9372	10809	4	0.005642
9372	9916	1	0.001410
9372	9407	1	0.001410
9372	10304	5	0.007052
9372	10306	1	0.001410
9372	10054	1	0.001410
9372	10695	2	0.002821
9372	9968	2	0.002821
9372	10825	1	0.001410
9372	9591	1	0.001410
9372	10829	1	0.001410
9372	9550	2	0.002821
9372	9552	1	0.001410
9372	10040	2	0.002821
9372	9298	1	0.001410
9372	10195	1	0.001410
9372	9300	2	0.002821
9372	10318	1	0.001410
9372	10454	6	0.008463
9372	9913	1	0.001410
9372	10584	6	0.008463
9372	9689	1	0.001410
9372	9359	1	0.001410
9372	9309	1	0.001410
9372	9438	3	0.004231
9372	9957	2	0.002821
9372	10384	5	0.007052
9372	9573	4	0.005642
9372	10727	5	0.007052
9372	10728	1	0.001410
9372	9451	1	0.001410
9372	9964	1	0.001410
9372	10605	1	0.001410
9372	10662	1	0.001410
9372	9487	2	0.002821
9372	10333	1	0.001410
9372	10358	27	0.038082
9372	9847	1	0.001410
9372	9336	1	0.001410
9372	9468	2	0.002821
9372	10367	1	0.001410
9374	10367	1	0.125000
9374	9573	1	0.125000
9374	9661	1	0.125000
9375	9998	3	0.002318
9375	10000	1	0.000773
9375	9762	9	0.006955
9375	10789	2	0.001546
9375	9513	2	0.001546
9375	10414	3	0.002318
9375	9647	3	0.002318
9375	10800	2	0.001546
9375	9522	20	0.015456
9375	10296	17	0.013138
9375	10055	1	0.000773
9375	10835	1	0.000773
9375	10584	1	0.000773
9375	9690	3	0.002318
9375	9309	11	0.008501
9375	10338	1	0.000773
9375	9956	1	0.000773
9375	9573	2	0.001546
9375	10727	1	0.000773
9375	10088	1	0.000773
9375	9319	1	0.000773
9375	10224	5	0.003864
9375	10358	2	0.001546
9375	10621	2	0.001546
9379	9801	3	0.005008
9379	9522	9	0.015025
9379	10067	3	0.005008
9379	9804	3	0.005008
9379	9573	24	0.040067
9380	10249	1	0.000561
9380	9739	1	0.000561
9380	9740	1	0.000561
9380	10072	236	0.132287
9380	9762	53	0.029709
9380	10789	20	0.011211
9380	10797	1	0.000561
9380	10333	1	0.000561
9380	10296	1	0.000561
9380	10809	1	0.000561
9380	10304	2	0.001121
9380	10306	1	0.000561
9380	9801	1	0.000561
9380	10827	6	0.003363
9380	9804	1	0.000561
9380	10829	1	0.000561
9380	10318	1	0.000561
9380	9298	1	0.000561
9380	10835	11	0.006166
9380	9300	1	0.000561
9380	9303	1	0.000561
9380	10845	934	0.523543
9380	10338	1	0.000561
9380	9833	3	0.001682
9380	10358	435	0.243834
9380	9321	4	0.002242
9380	9336	1	0.000561
9380	10367	1	0.000561
9380	9860	1	0.000561
9380	9359	1	0.000561
9380	10384	1	0.000561
9380	9362	2	0.001121
9380	10392	2	0.001121
9380	9370	1	0.000561
9380	9372	3	0.001682
9380	10411	1	0.000561
9380	10414	1175	0.658632
9380	9400	347	0.194507
9380	9403	429	0.240471
9380	9917	2	0.001121
9380	9407	1	0.000561
9380	9847	1	0.000561
9380	9428	17	0.009529
9380	10454	1	0.000561
9380	9433	1	0.000561
9380	9438	1	0.000561
9380	9954	1	0.000561
9380	9956	61	0.034193
9380	9957	1	0.000561
9380	9451	1	0.000561
9380	9964	1	0.000561
9380	9968	1	0.000561
9380	9468	1	0.000561
9380	9998	1	0.000561
9380	9487	1	0.000561
9380	10017	1	0.000561
9380	10030	2	0.001121
9380	9522	13909	7.796525
9380	9525	1	0.000561
9380	10040	1	0.000561
9380	9538	1	0.000561
9380	9539	1	0.000561
9380	10055	20	0.011211
9380	10568	537	0.301009
9380	9550	1	0.000561
9380	9560	2	0.001121
9380	10593	1	0.000561
9380	9571	42	0.023543
9380	10084	165	0.092489
9380	9573	375	0.210202
9380	10088	1	0.000561
9380	10605	1	0.000561
9380	10094	4	0.002242
9380	10621	31	0.017377
9380	10120	162	0.090807
9380	10646	3	0.001682
9380	10650	9	0.005045
9380	10584	124	0.069507
9380	9637	1	0.000561
9380	10150	1	0.000561
9380	10157	73	0.040919
9380	10671	1	0.000561
9380	10163	6	0.003363
9380	9660	1	0.000561
9380	9670	1	0.000561
9380	10695	1	0.000561
9380	9689	1	0.000561
9380	10723	1	0.000561
9380	10727	107	0.059978
9380	10224	10	0.005605
9380	10238	1	0.000561
9380	9727	1	0.000561
9382	9392	1988	0.895495
9382	10128	1	0.000450
9382	10723	1	0.000450
9382	9444	1988	0.895495
9382	9550	1	0.000450
9383	10209	1	0.011236
9383	10825	1	0.011236
9383	10414	1	0.011236
9383	9522	104	1.168539
9383	10163	1	0.011236
9383	10364	2	0.022472
9383	10621	2	0.022472
9383	10399	2	0.022472
9384	9573	35	0.921053
9387	9573	2	0.000140
9388	9573	463	1.129268
9392	9522	1	0.006579
9392	9382	2	0.013158
9393	10052	1	0.022222
9393	9573	1	0.022222
9393	9638	1	0.022222
9393	10248	1	0.022222
9393	9420	1	0.022222
9393	9418	1	0.022222
9393	10123	1	0.022222
9393	10060	1	0.022222
9393	9878	1	0.022222
9393	10340	1	0.022222
9393	9532	1	0.022222
9393	9629	1	0.022222
9393	9342	1	0.022222
9394	9793	3	0.096774
9395	10273	1	0.000416
9395	10338	2	0.000832
9395	10728	5	0.002080
9395	10125	2	0.000832
9395	10864	2	0.000832
9395	9457	2	0.000832
9395	10195	2	0.000832
9395	10358	1	0.000416
9395	9943	2	0.000832
9395	9309	4	0.001664
9395	10088	2	0.000832
9396	9793	6	0.015915
9396	9573	3	0.007958
9398	10338	5	0.003994
9398	9445	1	0.000799
9398	10055	2	0.001597
9398	9762	4	0.003195
9398	10295	1	0.000799
9398	10125	2	0.001597
9398	10414	1	0.000799
9398	10066	1	0.000799
9398	9522	11	0.008786
9398	10195	54	0.043131
9398	10358	1	0.000799
9398	9303	1	0.000799
9398	9690	1	0.000799
9398	9820	1	0.000799
9398	9573	1	0.000799
9400	10249	1	0.000653
9400	9740	1	0.000653
9400	9743	1	0.000653
9400	10072	283	0.184726
9400	9762	65	0.042428
9400	10789	15	0.009791
9400	10797	2	0.001305
9400	10333	2	0.001305
9400	9309	1	0.000653
9400	10296	1	0.000653
9400	10809	5	0.003264
9400	10304	5	0.003264
9400	10306	2	0.001305
9400	10827	5	0.003264
9400	9804	1	0.000653
9400	10829	2	0.001305
9400	10318	2	0.001305
9400	9298	2	0.001305
9400	10835	7	0.004569
9400	9300	3	0.001958
9400	9303	1	0.000653
9400	10845	233	0.152089
9400	10338	1	0.000653
9400	9321	4	0.002611
9400	10358	575	0.375326
9400	9847	2	0.001305
9400	9336	2	0.001305
9400	10367	2	0.001305
9400	9860	1	0.000653
9400	9349	1	0.000653
9400	9355	1	0.000653
9400	9359	2	0.001305
9400	10384	5	0.003264
9400	9362	2	0.001305
9400	10606	1	0.000653
9400	10392	2	0.001305
9400	9370	2	0.001305
9400	9372	28	0.018277
9400	9380	151	0.098564
9400	10411	1	0.000653
9400	10414	1203	0.785248
9400	9913	1	0.000653
9400	9403	29	0.018930
9400	9916	1	0.000653
9400	9917	2	0.001305
9400	9407	2	0.001305
9400	9428	17	0.011097
9400	10454	7	0.004569
9400	9433	1	0.000653
9400	9438	4	0.002611
9400	9954	1	0.000653
9400	9956	232	0.151436
9400	9957	3	0.001958
9400	9451	2	0.001305
9400	9964	2	0.001305
9400	9968	3	0.001958
9400	9468	3	0.001958
9400	9474	1	0.000653
9400	9998	6	0.003916
9400	9487	3	0.001958
9400	10522	2	0.001305
9400	10017	2	0.001305
9400	9522	10320	6.736292
9400	9525	2	0.001305
9400	10040	3	0.001958
9400	9538	1	0.000653
9400	9539	1	0.000653
9400	10054	1	0.000653
9400	10055	13	0.008486
9400	10568	57	0.037206
9400	9550	3	0.001958
9400	9552	1	0.000653
9400	9560	2	0.001305
9400	10593	1	0.000653
9400	9571	43	0.028068
9400	10084	207	0.135117
9400	9573	446	0.291123
9400	10088	1	0.000653
9400	10605	2	0.001305
9400	10094	6	0.003916
9400	9591	1	0.000653
9400	10621	22	0.014360
9400	9833	3	0.001958
9400	10120	161	0.105091
9400	10128	2	0.001305
9400	10650	2	0.001305
9400	10584	129	0.084204
9400	9637	1	0.000653
9400	10150	2	0.001305
9400	10157	14	0.009138
9400	10671	2	0.001305
9400	10163	6	0.003916
9400	9660	1	0.000653
9400	9670	1	0.000653
9400	10695	3	0.001958
9400	10195	1	0.000653
9400	9689	2	0.001305
9400	10209	2	0.001305
9400	10723	1	0.000653
9400	10662	6	0.003916
9400	10727	138	0.090078
9400	10728	1	0.000653
9400	10224	10	0.006527
9400	10238	2	0.001305
9400	9727	1	0.000653
9402	10072	4	0.038095
9402	9573	8	0.076190
9402	9798	1	0.009524
9403	10249	3	0.001254
9403	9739	1	0.000418
9403	9740	3	0.001254
9403	10072	100	0.041789
9403	9762	23	0.009611
9403	10789	16	0.006686
9403	10797	3	0.001254
9403	10845	874	0.365232
9403	10296	3	0.001254
9403	10809	3	0.001254
9403	10304	2	0.000836
9403	10306	3	0.001254
9403	10309	1	0.000418
9403	9801	1	0.000418
9403	10827	6	0.002507
9403	9804	3	0.001254
9403	10829	3	0.001254
9403	10318	3	0.001254
9403	9298	3	0.001254
9403	10835	6	0.002507
9403	9300	3	0.001254
9403	10329	2	0.000836
9403	10333	3	0.001254
9403	10338	3	0.001254
9403	9321	3	0.001254
9403	10358	258	0.107814
9403	9847	3	0.001254
9403	9336	3	0.001254
9403	10364	1	0.000418
9403	10367	3	0.001254
9403	9860	3	0.001254
9403	9359	3	0.001254
9403	10384	1	0.000418
9403	10392	2	0.000836
9403	9370	3	0.001254
9403	9372	3	0.001254
9403	10399	1	0.000418
9403	9380	501	0.209361
9403	10411	3	0.001254
9403	10414	1123	0.469285
9403	9400	253	0.105725
9403	9917	1	0.000418
9403	9407	3	0.001254
9403	9428	17	0.007104
9403	10454	3	0.001254
9403	9433	3	0.001254
9403	9438	3	0.001254
9403	9954	3	0.001254
9403	9956	190	0.079398
9403	9957	3	0.001254
9403	9451	3	0.001254
9403	9964	3	0.001254
9403	9968	3	0.001254
9403	9468	3	0.001254
9403	9487	3	0.001254
9403	10011	1	0.000418
9403	10017	3	0.001254
9403	10030	2	0.000836
9403	9522	26472	11.062265
9403	9525	3	0.001254
9403	10040	3	0.001254
9403	9539	3	0.001254
9403	10055	15	0.006268
9403	10568	539	0.225240
9403	9550	3	0.001254
9403	10069	1	0.000418
9403	9560	2	0.000836
9403	10593	3	0.001254
9403	9571	42	0.017551
9403	10084	69	0.028834
9403	9573	153	0.063936
9403	10088	3	0.001254
9403	10605	3	0.001254
9403	10094	2	0.000836
9403	10621	19	0.007940
9403	10120	161	0.067280
9403	10646	3	0.001254
9403	10650	9	0.003761
9403	10584	113	0.047221
9403	9637	3	0.001254
9403	10150	3	0.001254
9403	10157	73	0.030506
9403	10671	3	0.001254
9403	10163	8	0.003343
9403	9655	1	0.000418
9403	9660	3	0.001254
9403	9670	1	0.000418
9403	10695	3	0.001254
9403	9689	3	0.001254
9403	10209	2	0.000836
9403	10723	3	0.001254
9403	10727	49	0.020476
9403	10224	5	0.002089
9403	10238	1	0.000418
9403	9727	3	0.001254
9405	9833	2	0.015504
9405	9884	2	0.015504
9405	9573	3	0.023256
9407	10626	2	0.000910
9407	9349	2	0.000910
9407	9998	1	0.000455
9407	10273	4	0.001821
9407	9762	74	0.033682
9407	10789	9	0.004096
9407	10662	10	0.004552
9407	10414	33	0.015020
9407	9647	6	0.002731
9407	10800	1	0.000455
9407	9522	452	0.205735
9407	10163	8	0.003641
9407	10296	3	0.001365
9407	9668	4	0.001821
9407	10055	2	0.000910
9407	9416	1	0.000455
9407	9550	1	0.000455
9407	10831	9	0.004096
9407	9552	3	0.001365
9407	9400	1	0.000455
9407	10835	6	0.002731
9407	9429	10	0.004552
9407	10072	1	0.000455
9407	9690	3	0.001365
9407	10209	3	0.001365
9407	9573	4	0.001821
9407	10727	6	0.002731
9407	9833	3	0.001365
9407	9319	12	0.005462
9407	10224	2	0.000910
9407	10358	52	0.023669
9407	9321	4	0.001821
9407	10621	147	0.066909
9408	10196	1	0.083333
9408	9522	1	0.083333
9408	9660	12	1.000000
9408	10522	1	0.083333
9411	9522	2	0.083333
9413	9507	4	0.015564
9413	9451	256	0.996109
9413	10726	259	1.007782
9414	9954	1	0.001789
9414	10467	33	0.059034
9414	10597	1	0.001789
9414	9833	1	0.001789
9414	9802	1	0.001789
9414	9292	10	0.017889
9414	10127	1	0.001789
9414	10453	3	0.005367
9414	10741	1	0.001789
9414	10508	6	0.010733
9414	9573	86	0.153846
9416	10402	10	0.006017
9416	9540	5	0.003008
9416	10789	1	0.000602
9416	10662	13	0.007822
9416	10727	2	0.001203
9416	9762	8	0.004813
9416	9902	17	0.010229
9416	10072	4	0.002407
9416	9522	21	0.012635
9416	10414	3	0.001805
9416	10358	12	0.007220
9416	10296	36	0.021661
9416	10084	1	0.000602
9416	9690	10	0.006017
9416	10557	4	0.002407
9417	9441	2	0.000871
9417	9762	61	0.026580
9417	10763	1	0.000436
9417	10727	1	0.000436
9417	9832	3	0.001307
9417	9642	45	0.019608
9417	10055	3	0.001307
9417	10414	21	0.009150
9417	10845	1	0.000436
9417	9552	17	0.007407
9417	9522	49	0.021351
9417	10835	1	0.000436
9417	10128	2	0.000871
9417	9998	4	0.001743
9417	10358	5	0.002179
9417	10584	1	0.000436
9417	9593	3	0.001307
9417	9690	2	0.000871
9417	10831	1	0.000436
9417	10621	18	0.007843
9417	9822	1	0.000436
9418	9573	2	0.333333
9419	10249	2	0.002079
9419	9739	1	0.001040
9419	9740	2	0.002079
9419	10072	120	0.124740
9419	10273	1	0.001040
9419	9762	28	0.029106
9419	10789	6	0.006237
9419	10797	2	0.002079
9419	10333	2	0.002079
9419	10296	2	0.002079
9419	10809	2	0.002079
9419	10304	2	0.002079
9419	10306	2	0.002079
9419	10827	4	0.004158
9419	9804	2	0.002079
9419	10829	2	0.002079
9419	10318	2	0.002079
9419	9298	2	0.002079
9419	9300	2	0.002079
9419	9303	1	0.001040
9419	10329	2	0.002079
9419	10845	110	0.114345
9419	10338	2	0.002079
9419	9321	2	0.002079
9419	10358	222	0.230769
9419	9847	2	0.002079
9419	9336	2	0.002079
9419	10367	2	0.002079
9419	9860	2	0.002079
9419	9359	2	0.002079
9419	10384	1	0.001040
9419	10606	1	0.001040
9419	10392	1	0.001040
9419	9370	2	0.002079
9419	9372	2	0.002079
9419	9380	41	0.042620
9419	10411	2	0.002079
9419	10414	39	0.040541
9419	9400	446	0.463617
9419	9913	1	0.001040
9419	9403	11	0.011435
9419	9917	1	0.001040
9419	9407	2	0.002079
9419	10445	3	0.003119
9419	10454	2	0.002079
9419	9433	2	0.002079
9419	9438	2	0.002079
9419	9954	2	0.002079
9419	9956	27	0.028067
9419	9957	2	0.002079
9419	9451	2	0.002079
9419	9964	2	0.002079
9419	9968	2	0.002079
9419	9468	2	0.002079
9419	9998	6	0.006237
9419	9487	2	0.002079
9419	10514	1	0.001040
9419	10017	2	0.002079
9419	9522	16727	17.387734
9419	9525	2	0.002079
9419	10040	2	0.002079
9419	9539	2	0.002079
9419	10054	1	0.001040
9419	10055	9	0.009356
9419	10568	29	0.030146
9419	9550	3	0.003119
9419	9560	2	0.002079
9419	10593	2	0.002079
9419	9571	4	0.004158
9419	10084	91	0.094595
9419	9573	186	0.193347
9419	10088	2	0.002079
9419	10605	2	0.002079
9419	10094	4	0.004158
9419	10621	13	0.013514
9419	9833	1	0.001040
9419	10128	1	0.001040
9419	10650	1	0.001040
9419	10654	1	0.001040
9419	10584	84	0.087318
9419	9637	2	0.002079
9419	10150	2	0.002079
9419	10157	7	0.007277
9419	10671	2	0.002079
9419	10677	1	0.001040
9419	9660	2	0.002079
9419	9670	1	0.001040
9419	10695	2	0.002079
9419	9689	2	0.002079
9419	9690	1	0.001040
9419	10209	1	0.001040
9419	10723	2	0.002079
9419	10662	5	0.005198
9419	10727	59	0.061331
9419	10224	6	0.006237
9419	10230	1	0.001040
9419	10238	2	0.002079
9419	9727	2	0.002079
9420	10248	2	0.008230
9420	9573	1	0.004115
9422	9544	1	0.004717
9422	10625	1	0.004717
9422	9847	2	0.009434
9422	10089	1	0.004717
9423	9522	1	0.005525
9423	9573	6	0.033149
9428	9536	3	0.000692
9428	10723	3	0.000692
9428	9349	3	0.000692
9428	10573	3	0.000692
9428	10414	4	0.000922
9428	10128	9	0.002075
9428	9522	19	0.004380
9428	9465	3	0.000692
9428	10425	3	0.000692
9428	10431	2	0.000461
9429	10818	1	0.004545
9429	9319	1	0.004545
9429	10414	1	0.004545
9429	9552	1	0.004545
9429	9550	1	0.004545
9429	9309	1	0.004545
9429	9407	1	0.004545
9432	9362	4	0.016949
9432	9573	24	0.101695
9433	10662	1	0.022727
9433	9709	1	0.022727
9433	10414	1	0.022727
9433	9773	4	0.090909
9433	9522	1	0.022727
9433	9400	1	0.022727
9433	10621	3	0.068182
9434	9538	2	0.023529
9434	10088	2	0.023529
9434	9321	1	0.011765
9434	9362	1	0.011765
9434	10639	1	0.011765
9434	9522	3	0.035294
9437	10565	1	0.071429
9438	9538	1	0.000765
9438	9998	1	0.000765
9438	9743	28	0.021423
9438	10789	2	0.001530
9438	10150	2	0.001530
9438	10414	11	0.008416
9438	9522	3983	3.047437
9438	10163	2	0.001530
9438	10040	4	0.003060
9438	10809	5	0.003826
9438	9402	20	0.015302
9438	9400	6	0.004591
9438	9917	1	0.000765
9438	10050	11	0.008416
9438	10445	1	0.000765
9438	10448	8	0.006121
9438	10705	1	0.000765
9438	10069	1	0.000765
9438	10454	3	0.002295
9438	10192	5	0.003826
9438	9956	1	0.000765
9438	9452	3	0.002295
9438	10358	1322	1.011477
9438	9976	10	0.007651
9438	10621	5	0.003826
9438	9599	11	0.008416
9439	9474	1	0.001727
9439	9349	1	0.001727
9439	9355	1	0.001727
9439	9359	1	0.001727
9439	10128	2	0.003454
9439	10414	26	0.044905
9439	9370	1	0.001727
9439	9372	27	0.046632
9439	10522	2	0.003454
9439	10017	1	0.001727
9439	10209	2	0.003454
9439	9380	2	0.003454
9439	10789	2	0.003454
9439	10150	1	0.001727
9439	10797	1	0.001727
9439	10333	1	0.001727
9439	10671	1	0.001727
9439	9522	1730	2.987910
9439	9525	1	0.001727
9439	9400	7591	13.110535
9439	10809	4	0.006908
9439	9916	1	0.001727
9439	9407	1	0.001727
9439	10304	5	0.008636
9439	10306	1	0.001727
9439	10054	1	0.001727
9439	10695	2	0.003454
9439	9968	2	0.003454
9439	9591	1	0.001727
9439	10829	1	0.001727
9439	10318	1	0.001727
9439	9552	1	0.001727
9439	10040	2	0.003454
9439	9298	1	0.001727
9439	10195	1	0.001727
9439	9300	2	0.003454
9439	9550	2	0.003454
9439	10454	6	0.010363
9439	10584	5	0.008636
9439	9689	1	0.001727
9439	9743	1	0.001727
9439	9309	1	0.001727
9439	9438	3	0.005181
9439	9573	4	0.006908
9439	10384	5	0.008636
9439	9957	2	0.003454
9439	10727	5	0.008636
9439	10728	1	0.001727
9439	9451	1	0.001727
9439	9964	1	0.001727
9439	10605	1	0.001727
9439	10662	1	0.001727
9439	9487	2	0.003454
9439	10358	120	0.207254
9439	9847	1	0.001727
9439	9336	1	0.001727
9439	9468	2	0.003454
9439	10621	5	0.008636
9439	10367	1	0.001727
9440	10273	11	0.033742
9440	10338	1	0.003067
9440	10727	1	0.003067
9440	9917	1	0.003067
9440	10126	1	0.003067
9440	9647	3	0.009202
9440	10584	3	0.009202
9440	9522	30	0.092025
9440	10358	1	0.003067
9440	10296	4	0.012270
9440	9400	1	0.003067
9440	9308	1	0.003067
9440	10557	1	0.003067
9440	9375	2	0.006135
9441	10128	102	0.365591
9441	9762	1	0.003584
9441	9522	4	0.014337
9441	10358	1	0.003584
9442	10345	920	0.286515
9442	10434	920	0.286515
9442	10516	1	0.000311
9442	9573	1	0.000311
9443	9522	46	0.575000
9443	9631	34	0.425000
9443	9573	91	1.137500
9443	10621	1	0.012500
9443	10333	45	0.562500
9444	9573	191	0.258457
9444	9382	3	0.004060
9444	10445	3	0.004060
9444	9550	3	0.004060
9444	10224	4	0.005413
9444	9522	11	0.014885
9445	10209	1	0.066667
9445	10338	2	0.133333
9445	9767	1	0.066667
9445	10066	1	0.066667
9445	9395	1	0.066667
9445	9820	2	0.133333
9445	10195	3	0.200000
9447	10228	1	0.047619
9447	9500	1	0.047619
9447	10175	1	0.047619
9448	9444	4	0.400000
9448	10358	4	0.400000
9449	9348	661	7.031915
9449	9477	2	0.021277
9449	10414	1	0.010638
9449	10039	2	0.021277
9449	9434	2	0.021277
9449	9565	2	0.021277
9450	10249	1	0.001335
9450	9739	1	0.001335
9450	9740	1	0.001335
9450	10584	130	0.173565
9450	9762	65	0.086782
9450	10789	17	0.022697
9450	10797	1	0.001335
9450	10333	1	0.001335
9450	10296	1	0.001335
9450	10809	1	0.001335
9450	10304	2	0.002670
9450	10306	1	0.001335
9450	9801	1	0.001335
9450	10827	2	0.002670
9450	9804	1	0.001335
9450	10829	1	0.001335
9450	10318	1	0.001335
9450	9298	1	0.001335
9450	10835	8	0.010681
9450	9300	1	0.001335
9450	9303	1	0.001335
9450	10845	269	0.359146
9450	10338	1	0.001335
9450	9321	4	0.005340
9450	10358	450	0.600801
9450	9847	1	0.001335
9450	9336	1	0.001335
9450	10367	1	0.001335
9450	9860	1	0.001335
9450	9359	1	0.001335
9450	10384	1	0.001335
9450	9362	2	0.002670
9450	10606	1	0.001335
9450	10392	2	0.002670
9450	9370	1	0.001335
9450	9372	2	0.002670
9450	9380	102	0.136182
9450	9896	2	0.002670
9450	10411	1	0.001335
9450	10414	279	0.372497
9450	9400	323	0.431242
9450	9913	1	0.001335
9450	9403	185	0.246996
9450	9917	2	0.002670
9450	9407	1	0.001335
9450	9428	17	0.022697
9450	10454	1	0.001335
9450	9433	1	0.001335
9450	9438	1	0.001335
9450	9954	1	0.001335
9450	9956	67	0.089453
9450	9957	1	0.001335
9450	9451	1	0.001335
9450	9964	1	0.001335
9450	9968	1	0.001335
9450	9468	1	0.001335
9450	9998	7	0.009346
9450	9487	1	0.001335
9450	10017	1	0.001335
9450	10030	1	0.001335
9450	9522	5588	7.460614
9450	9525	1	0.001335
9450	10040	1	0.001335
9450	9538	1	0.001335
9450	9539	1	0.001335
9450	10055	13	0.017356
9450	10568	132	0.176235
9450	9550	1	0.001335
9450	10072	286	0.381842
9450	10593	1	0.001335
9450	9571	43	0.057410
9450	10084	207	0.276368
9450	9573	442	0.590120
9450	10088	1	0.001335
9450	10605	1	0.001335
9450	10094	6	0.008011
9450	10621	21	0.028037
9450	9560	1	0.001335
9450	9833	3	0.004005
9450	10120	34	0.045394
9450	10646	1	0.001335
9450	9637	1	0.001335
9450	10150	1	0.001335
9450	10157	7	0.009346
9450	10671	1	0.001335
9450	10163	6	0.008011
9450	9660	1	0.001335
9450	9670	1	0.001335
9450	10695	1	0.001335
9450	9689	1	0.001335
9450	10723	1	0.001335
9450	10662	5	0.006676
9450	10727	132	0.176235
9450	10224	9	0.012016
9450	10238	2	0.002670
9450	9727	1	0.001335
9451	9507	1	0.001706
9451	9413	581	0.991468
9451	10726	591	1.008532
9451	10412	4	0.006826
9451	10221	1	0.001706
9451	9522	35	0.059727
9451	10163	1	0.001706
9451	10358	337	0.575085
9452	9798	1	0.002849
9452	9522	1	0.002849
9452	10358	3	0.008547
9452	9527	5	0.014245
9452	9976	1	0.002849
9452	9402	8	0.022792
9452	9438	20	0.056980
9452	9599	11	0.031339
9454	10083	2	0.002326
9454	9998	1	0.001163
9454	9423	1	0.001163
9454	9521	1	0.001163
9454	9522	9	0.010465
9454	10547	1	0.001163
9454	10621	2	0.002326
9454	10238	6	0.006977
9454	10815	9	0.010465
9457	9762	5	0.004883
9457	10283	1	0.000977
9457	10414	42	0.041016
9457	9522	94	0.091797
9457	9395	60	0.058594
9457	9398	1	0.000977
9457	10358	13	0.012695
9457	9670	1	0.000977
9457	10055	11	0.010742
9457	10061	1	0.000977
9457	9680	4	0.003906
9457	10066	1	0.000977
9457	9690	1	0.000977
9457	9820	17	0.016602
9457	9309	1	0.000977
9457	10088	130	0.126953
9457	9938	3	0.002930
9457	10094	8	0.007812
9457	9971	1	0.000977
9457	9718	4	0.003906
9457	9847	1	0.000977
9457	10238	1	0.000977
9459	10072	1	0.004444
9459	9464	3	0.013333
9459	9522	169	0.751111
9459	9573	15	0.066667
9464	9387	3	0.003188
9464	10757	1	0.001063
9464	10763	2	0.002125
9464	9998	16	0.017003
9464	10072	3	0.003188
9464	9432	2	0.002125
9464	9362	147	0.156217
9464	9667	3	0.003188
9464	10030	1	0.001063
9464	10392	1	0.001063
9464	10224	5	0.005313
9464	9380	3	0.003188
9464	10789	36	0.038257
9464	10408	5	0.005313
9464	9643	6	0.006376
9464	10414	14	0.014878
9464	10800	1	0.001063
9464	9522	260	0.276302
9464	9400	2	0.002125
9464	9917	2	0.002125
9464	10563	1	0.001063
9464	10486	3	0.003188
9464	10054	2	0.002125
9464	10439	3	0.003188
9464	10825	2	0.002125
9464	9548	5	0.005313
9464	10830	3	0.003188
9464	10835	3	0.003188
9464	9686	8	0.008502
9464	9303	8	0.008502
9464	10584	1	0.001063
9464	10845	11	0.011690
9464	9957	4	0.004251
9464	10208	1	0.001063
9464	10209	1	0.001063
9464	9956	2	0.002125
9464	9573	60	0.063762
9464	10769	3	0.003188
9464	9833	12	0.012752
9464	9453	1	0.001063
9464	9968	2	0.002125
9464	9459	5	0.005313
9464	10055	4	0.004251
9464	10358	42	0.044633
9464	9336	1	0.001063
9464	10621	54	0.057386
9464	10238	1	0.001063
9464	9365	3	0.003188
9465	9536	1	0.000138
9465	10224	2	0.000276
9465	10626	1	0.000138
9465	10723	8	0.001105
9465	9349	9	0.001243
9465	10662	5	0.000690
9465	9863	2	0.000276
9465	10414	3	0.000414
9465	10128	13	0.001795
9465	9522	19	0.002624
9465	9556	2	0.000276
9465	9822	1	0.000138
9465	10358	2	0.000276
9465	10425	2	0.000276
9465	9690	1	0.000138
9465	10845	2	0.000276
9465	10014	677	0.093482
9465	9573	2	0.000276
9466	9522	14	0.105263
9466	10055	9	0.067669
9466	10725	1	0.007519
9466	9661	1	0.007519
9467	10841	1	0.066667
9468	10240	1	0.000811
9468	9987	1136	0.921330
9468	10373	31	0.025142
9468	9606	1	0.000811
9468	10637	6	0.004866
9468	9998	1	0.000811
9468	9359	1	0.000811
9468	10030	6	0.004866
9468	10142	1142	0.926196
9468	9768	5	0.004055
9468	9771	3	0.002433
9468	10414	1144	0.927818
9468	9522	36	0.029197
9468	9656	1	0.000811
9468	10556	9	0.007299
9468	9922	1	0.000811
9468	10051	3	0.002433
9468	9540	3	0.002433
9468	10102	2	0.001622
9468	9298	2	0.001622
9468	10454	1	0.000811
9468	10845	7	0.005677
9468	10224	3	0.002433
9468	10358	5	0.004055
9468	10621	2	0.001622
9474	9312	1	0.001199
9474	10657	1	0.001199
9474	10210	32	0.038369
9474	10669	1	0.001199
9474	10190	8	0.009592
9474	9522	3215	3.854916
9474	10485	1	0.001199
9474	10358	1	0.001199
9474	10423	5	0.005995
9474	10777	1	0.001199
9474	10429	8	0.009592
9477	10022	1	0.333333
9483	10596	11	0.023207
9483	10230	4	0.008439
9483	10055	3	0.006329
9483	9964	51	0.107595
9483	9554	16	0.033755
9483	9551	60	0.126582
9483	9522	64	0.135021
9483	9396	4	0.008439
9483	10358	16	0.033755
9486	10197	1	0.001300
9486	9399	1	0.001300
9487	10845	1	0.001011
9487	10051	3	0.003033
9487	10454	2	0.002022
9487	9417	1	0.001011
9487	10445	4	0.004044
9487	10002	14	0.014156
9487	10414	6	0.006067
9487	10621	19	0.019211
9487	10224	21	0.021234
9487	10449	3	0.003033
9487	9522	97	0.098079
9487	10163	3	0.003033
9487	10446	5	0.005056
9487	10358	52	0.052578
9487	9303	1	0.001011
9487	9693	31	0.031345
9487	10067	1	0.001011
9487	9917	1	0.001011
9487	10750	5	0.005056
9490	9573	8	1.000000
9491	10296	1	0.005882
9491	9944	1	0.005882
9491	9522	93	0.547059
9491	9998	1	0.005882
9493	9504	2	0.003063
9493	9762	6	0.009188
9493	9522	7	0.010720
9493	10338	15	0.022971
9493	10414	4	0.006126
9493	10066	2	0.003063
9493	9998	4	0.006126
9493	10358	2	0.003063
9494	9472	1	0.002273
9494	9602	3	0.006818
9494	10088	1	0.002273
9494	10338	1	0.002273
9494	10125	4	0.009091
9494	9649	1	0.002273
9494	9522	2	0.004545
9494	10069	1	0.002273
9496	10003	1	0.001582
9496	10092	1	0.001582
9496	10149	2	0.003165
9496	10325	1	0.001582
9496	9509	1	0.001582
9498	9649	1	0.009615
9498	10108	2	0.019231
9498	9309	1	0.009615
9500	9522	1	0.034483
9500	10367	1	0.034483
9500	10228	1	0.034483
9500	10414	1	0.034483
9500	9447	1	0.034483
9502	9732	2	0.001010
9502	10757	3	0.001514
9502	10248	2	0.001010
9502	10327	2	0.001010
9502	10072	27	0.013629
9502	10315	2	0.001010
9502	10775	4	0.002019
9502	9761	2	0.001010
9502	10789	6	0.003029
9502	10278	2	0.001010
9502	10418	2	0.001010
9502	9776	2	0.001010
9502	9784	2	0.001010
9502	10297	2	0.001010
9502	9792	2	0.001010
9502	9793	3	0.001514
9502	9796	2	0.001010
9502	10826	2	0.001010
9502	9803	2	0.001010
9502	10830	2	0.001010
9502	9303	9	0.004543
9502	9828	2	0.001010
9502	9308	2	0.001010
9502	10845	16	0.008077
9502	9312	2	0.001010
9502	10339	2	0.001010
9502	10340	3	0.001514
9502	10769	3	0.001514
9502	9833	18	0.009086
9502	9322	2	0.001010
9502	9661	4	0.002019
9502	9332	1	0.000505
9502	10358	45	0.022716
9502	9321	1	0.000505
9502	9336	1	0.000505
9502	9339	2	0.001010
9502	10364	2	0.001010
9502	9853	4	0.002019
9502	9342	3	0.001514
9502	10370	2	0.001010
9502	9859	2	0.001010
9502	10375	2	0.001010
9502	9870	3	0.001514
9502	9361	2	0.001010
9502	9875	2	0.001010
9502	10389	2	0.001010
9502	9878	2	0.001010
9502	10392	107	0.054013
9502	9374	2	0.001010
9502	10399	2	0.001010
9502	9891	2	0.001010
9502	9384	3	0.001514
9502	9387	2	0.001010
9502	9388	2	0.001010
9502	9901	2	0.001010
9502	10414	16	0.008077
9502	9393	4	0.002019
9502	9394	2	0.001010
9502	9395	2	0.001010
9502	9396	2	0.001010
9502	9400	28	0.014134
9502	9402	3	0.001514
9502	9917	3	0.001514
9502	9414	2	0.001010
9502	10273	1	0.000505
9502	9418	2	0.001010
9502	9420	2	0.001010
9502	10445	1	0.000505
9502	9935	2	0.001010
9502	9432	3	0.001514
9502	9423	2	0.001010
9502	9948	2	0.001010
9502	9951	2	0.001010
9502	9443	3	0.001514
9502	9444	2	0.001010
9502	9963	2	0.001010
9502	9453	2	0.001010
9502	9967	2	0.001010
9502	9459	2	0.001010
9502	10486	2	0.001010
9502	9464	4	0.002019
9502	10490	2	0.001010
9502	9979	2	0.001010
9502	9469	2	0.001010
9502	9987	2	0.001010
9502	9479	2	0.001010
9502	10508	2	0.001010
9502	9346	2	0.001010
9502	9998	30	0.015144
9502	10526	4	0.002019
9502	10527	2	0.001010
9502	9504	1	0.000505
9502	10800	3	0.001514
9502	9507	4	0.002019
9502	10025	2	0.001010
9502	9522	2258	1.139828
9502	9745	1	0.000505
9502	10549	1	0.000505
9502	10043	2	0.001010
9502	9532	2	0.001010
9502	10557	4	0.002019
9502	10559	2	0.001010
9502	9538	1	0.000505
9502	10257	2	0.001010
9502	9541	2	0.001010
9502	10054	6	0.003029
9502	10055	1	0.000505
9502	10571	2	0.001010
9502	10060	2	0.001010
9502	9955	2	0.001010
9502	10638	2	0.001010
9502	9559	2	0.001010
9502	10584	5	0.002524
9502	9956	2	0.001010
9502	10650	1	0.000505
9502	10725	2	0.001010
9502	9568	2	0.001010
9502	10084	1	0.000505
9502	9573	435	0.219586
9502	9575	2	0.001010
9502	10727	1	0.000505
9502	10463	1	0.000505
9502	9533	2	0.001010
9502	10098	3	0.001514
9502	10106	2	0.001010
9502	10621	15	0.007572
9502	9601	2	0.001010
9502	9607	2	0.001010
9502	10120	1	0.000505
9502	10636	2	0.001010
9502	10126	2	0.001010
9502	10127	2	0.001010
9502	10646	2	0.001010
9502	9626	2	0.001010
9502	9629	2	0.001010
9502	9631	2	0.001010
9502	9635	2	0.001010
9502	9636	2	0.001010
9502	9638	2	0.001010
9502	10666	2	0.001010
9502	10156	1	0.000505
9502	9646	2	0.001010
9502	9647	2	0.001010
9502	9654	2	0.001010
9502	10171	2	0.001010
9502	9802	2	0.001010
9502	9667	2	0.001010
9502	9668	2	0.001010
9502	10698	2	0.001010
9502	9680	2	0.001010
9502	9379	2	0.001010
9502	9978	2	0.001010
9502	10662	4	0.002019
9502	10214	2	0.001010
9502	10467	2	0.001010
9502	10224	35	0.017668
9502	10408	2	0.001010
9502	9715	2	0.001010
9502	10741	2	0.001010
9502	10747	2	0.001010
9502	10748	2	0.001010
9502	10238	6	0.003029
9504	10338	2	0.003155
9504	9987	1	0.001577
9504	9573	32	0.050473
9504	10125	5	0.007886
9504	9647	1	0.001577
9504	9680	1	0.001577
9504	9522	5	0.007886
9504	9493	2	0.003155
9504	9398	1	0.001577
9504	9943	2	0.003155
9504	9592	1	0.001577
9504	10575	1	0.001577
9505	9379	1	0.013333
9505	9892	1	0.013333
9505	10249	6	0.080000
9505	10506	1	0.013333
9505	10545	2	0.026667
9505	9522	19	0.253333
9505	10067	1	0.013333
9505	10358	6	0.080000
9505	10621	1	0.013333
9507	10754	131	0.090720
9507	9451	6	0.004155
9507	9573	20	0.013850
9507	10726	6	0.004155
9507	9413	8	0.005540
9508	9728	1	0.000834
9508	10273	1	0.000834
9508	9762	1	0.000834
9508	9590	3	0.002502
9508	9334	2	0.001668
9508	10727	5	0.004170
9508	10824	2	0.001668
9508	9578	2	0.001668
9508	10055	1	0.000834
9508	10130	1	0.000834
9508	10414	13	0.010842
9508	9309	17	0.014178
9508	10288	2	0.001668
9508	9522	29	0.024187
9508	10800	2	0.001668
9508	10358	6	0.005004
9508	10295	2	0.001668
9508	10584	1	0.000834
9508	9690	43	0.035863
9508	9853	2	0.001668
9508	10000	1	0.000834
9509	10003	1	0.015385
9511	9927	4	0.093023
9513	9375	1	0.022727
9515	9550	5	0.010121
9515	10224	3	0.006073
9515	9522	2	0.004049
9515	9556	4	0.008097
9515	9884	4	0.008097
9515	10621	4	0.008097
9516	9860	2	0.006579
9516	10249	2	0.006579
9516	9740	2	0.006579
9516	9359	2	0.006579
9516	10128	1	0.003289
9516	9689	2	0.006579
9516	9370	2	0.006579
9516	10017	2	0.006579
9516	10209	1	0.003289
9516	9637	2	0.006579
9516	10150	2	0.006579
9516	10411	2	0.006579
9516	10797	2	0.006579
9516	10333	2	0.006579
9516	10671	2	0.006579
9516	9522	23	0.075658
9516	9525	2	0.006579
9516	10040	2	0.006579
9516	10809	2	0.006579
9516	9660	2	0.006579
9516	9407	2	0.006579
9516	10306	2	0.006579
9516	9539	2	0.006579
9516	10695	2	0.006579
9516	9591	2	0.006579
9516	9804	2	0.006579
9516	10829	2	0.006579
9516	10318	2	0.006579
9516	9298	2	0.006579
9516	9300	1	0.003289
9516	9550	2	0.006579
9516	10454	2	0.006579
9516	9433	2	0.006579
9516	9487	2	0.006579
9516	9309	2	0.006579
9516	9438	2	0.006579
9516	10593	2	0.006579
9516	9954	2	0.006579
9516	10723	1	0.003289
9516	9957	2	0.006579
9516	10727	2	0.006579
9516	10088	1	0.003289
9516	9916	2	0.006579
9516	9451	2	0.006579
9516	9964	2	0.006579
9516	10605	2	0.006579
9516	9968	2	0.006579
9516	10358	10673	35.108553
9516	9847	2	0.006579
9516	9336	2	0.006579
9516	9727	2	0.006579
9516	9468	2	0.006579
9516	10621	34	0.111842
9516	10367	2	0.006579
9517	9762	1	0.000222
9517	10660	1	0.000222
9517	10789	1	0.000222
9517	9641	1	0.000222
9517	9998	2	0.000443
9517	10414	3	0.000665
9517	9552	10	0.002217
9517	9522	6	0.001330
9517	9550	3	0.000665
9517	10358	1	0.000222
9517	9400	2	0.000443
9517	10716	1	0.000222
9517	10621	2	0.000443
9517	9822	1	0.000222
9521	10392	2	1.000000
9521	9833	2	1.000000
9521	9573	4	2.000000
9522	10249	1	0.000234
9522	9739	4	0.000936
9522	9740	3	0.000702
9522	9743	1	0.000234
9522	10072	138	0.032303
9522	10273	2	0.000468
9522	9762	34	0.007959
9522	10789	41	0.009597
9522	10797	2	0.000468
9522	10333	3	0.000702
9522	10845	396	0.092697
9522	10296	1	0.000234
9522	10809	4	0.000936
9522	10815	4	0.000936
9522	10304	2	0.000468
9522	10306	2	0.000468
9522	10763	2	0.000468
9522	9801	4	0.000936
9522	10827	4	0.000936
9522	9804	1	0.000234
9522	10829	2	0.000468
9522	10318	5	0.001170
9522	9298	4	0.000936
9522	10835	15	0.003511
9522	9300	3	0.000702
9522	9303	20	0.004682
9522	10329	1	0.000234
9522	9309	1	0.000234
9522	9822	3	0.000702
9522	10338	4	0.000936
9522	9833	1	0.000234
9522	10358	441	0.103230
9522	9847	2	0.000468
9522	9336	3	0.000702
9522	10367	4	0.000936
9522	9860	1	0.000234
9522	9359	3	0.000702
9522	10384	1	0.000234
9522	10094	35	0.008193
9522	10392	2	0.000468
9522	9370	2	0.000468
9522	9372	14	0.003277
9522	9380	202	0.047285
9522	9896	3	0.000702
9522	10411	1	0.000234
9522	10414	1419	0.332163
9522	9400	1891	0.442650
9522	9913	1	0.000234
9522	9403	233	0.054541
9522	9916	3	0.000702
9522	9917	1	0.000234
9522	9407	6	0.001404
9522	9417	1	0.000234
9522	10445	14	0.003277
9522	9428	528	0.123596
9522	10454	6	0.001404
9522	9433	1	0.000234
9522	9438	8	0.001873
9522	9954	1	0.000234
9522	9956	235	0.055009
9522	9957	3	0.000702
9522	9451	2	0.000468
9522	9964	2	0.000468
9522	9968	7	0.001639
9522	9468	4	0.000936
9522	9474	2	0.000468
9522	9998	9	0.002107
9522	9487	3	0.000702
9522	10514	3	0.000702
9522	10526	2	0.000468
9522	10017	2	0.000468
9522	10030	2	0.000468
9522	9525	2	0.000468
9522	10040	5	0.001170
9522	9539	1	0.000234
9522	10054	2	0.000468
9522	10055	23	0.005384
9522	10568	205	0.047987
9522	9550	6	0.001404
9522	9552	2	0.000468
9522	10067	1	0.000234
9522	9560	2	0.000468
9522	9321	104	0.024345
9522	10593	1	0.000234
9522	9571	269	0.062968
9522	10084	154	0.036049
9522	9573	226	0.052903
9522	10088	5	0.001170
9522	10605	3	0.000702
9522	10606	1	0.000234
9522	9591	1	0.000234
9522	10621	41	0.009597
9522	10626	2	0.000468
9522	10120	526	0.123127
9522	10128	10	0.002341
9522	10646	1	0.000234
9522	10650	3	0.000702
9522	10654	2	0.000468
9522	10584	1555	0.363998
9522	9637	1	0.000234
9522	10150	4	0.000936
9522	10157	25	0.005852
9522	10671	2	0.000468
9522	10163	4	0.000936
9522	10677	3	0.000702
9522	9660	3	0.000702
9522	9670	2	0.000468
9522	10695	5	0.001170
9522	9689	2	0.000468
9522	9690	2	0.000468
9522	10209	1	0.000234
9522	10723	9	0.002107
9522	10662	5	0.001170
9522	10727	70	0.016386
9522	10224	16	0.003745
9522	10230	2	0.000468
9522	10238	5	0.001170
9522	9727	1	0.000234
9524	10224	2	0.003906
9524	10809	8	0.015625
9524	10414	8	0.015625
9524	10334	37	0.072266
9525	10088	2	0.002497
9525	9330	4	0.004994
9525	10318	4	0.004994
9525	9522	65	0.081149
9525	10067	3	0.003745
9525	10414	14	0.017478
9525	10358	12	0.014981
9525	9400	8	0.009988
9525	9689	4	0.004994
9525	10650	12	0.014981
9525	10621	6	0.007491
9526	9648	2	0.285714
9526	9760	2	0.285714
9532	9573	4	0.222222
9534	9573	17	0.014719
9534	9833	22	0.019048
9534	9586	1	0.000866
9534	9917	4	0.003463
9534	9522	22	0.019048
9534	10392	1	0.000866
9534	10011	39	0.033766
9534	9916	22	0.019048
9534	10621	11	0.009524
9535	9833	1	0.000085
9535	9661	1	0.000085
9536	10723	10	0.041494
9536	9550	3	0.012448
9536	10128	1	0.004149
9536	9522	5	0.020747
9536	10101	2	0.008299
9536	10358	2	0.008299
9536	9884	1	0.004149
9536	10463	1	0.004149
9537	9538	26	1.000000
9537	9644	26	1.000000
9537	9309	65	2.500000
9538	9321	104	1.142857
9538	9522	182	2.000000
9538	9956	4	0.043956
9538	9309	1	0.010989
9538	10358	11	0.120879
9540	9451	1	0.011905
9540	10306	1	0.011905
9540	9349	1	0.011905
9540	9964	2	0.023810
9540	10506	1	0.011905
9540	10125	3	0.035714
9540	9359	1	0.011905
9540	10000	2	0.023810
9540	9362	1	0.011905
9540	9493	1	0.011905
9540	9689	1	0.011905
9540	9370	1	0.011905
9540	10522	1	0.011905
9540	10014	1	0.011905
9540	9375	2	0.023810
9540	9508	1	0.011905
9540	9637	1	0.011905
9540	10150	1	0.011905
9540	10411	1	0.011905
9540	10797	1	0.011905
9540	10333	1	0.011905
9540	10671	1	0.011905
9540	9522	97	1.154762
9540	9525	1	0.011905
9540	9398	1	0.011905
9540	10296	2	0.023810
9540	10425	1	0.011905
9540	9660	1	0.011905
9540	9916	1	0.011905
9540	10815	1	0.011905
9540	10210	1	0.011905
9540	10818	2	0.023810
9540	9539	1	0.011905
9540	10566	1	0.011905
9540	10695	1	0.011905
9540	9416	1	0.011905
9540	10055	1	0.011905
9540	9591	1	0.011905
9540	10829	2	0.023810
9540	10318	1	0.011905
9540	9552	1	0.011905
9540	9298	1	0.011905
9540	10454	1	0.011905
9540	9944	2	0.023810
9540	9433	1	0.011905
9540	9487	1	0.011905
9540	9309	2	0.023810
9540	9438	1	0.011905
9540	10593	1	0.011905
9540	10338	1	0.011905
9540	10723	1	0.011905
9540	9956	1040	12.380952
9540	9957	2	0.023810
9540	9319	1	0.011905
9540	9832	1	0.011905
9540	9321	84	1.000000
9540	10727	1	0.011905
9540	9708	1	0.011905
9540	10605	1	0.011905
9540	9968	1	0.011905
9540	9843	1	0.011905
9540	9844	1	0.011905
9540	9894	1	0.011905
9540	9847	1	0.011905
9540	9593	1	0.011905
9540	9407	1	0.011905
9540	9468	1	0.011905
9540	10367	2	0.023810
9541	9573	2	1.000000
9542	10367	2	0.117647
9548	9867	1	0.000525
9548	9522	1	0.000525
9548	9453	1	0.000525
9548	9968	1	0.000525
9548	9362	3	0.001575
9548	10774	1	0.000525
9549	9573	25	0.002741
9549	10345	5	0.000548
9549	9522	2	0.000219
9549	10516	3	0.000329
9549	10522	6	0.000658
9549	9660	1	0.000110
9550	9728	1	0.001704
9550	9732	1	0.001704
9550	10374	3	0.005111
9550	10634	3	0.005111
9550	9303	6	0.010221
9550	9998	4	0.006814
9550	9487	1	0.001704
9550	10128	4	0.006814
9550	9490	1	0.001704
9550	9491	1	0.001704
9550	10133	1	0.001704
9550	9879	1	0.001704
9550	10692	3	0.005111
9550	10522	1	0.001704
9550	10479	3	0.005111
9550	9884	2	0.003407
9550	9892	1	0.001704
9550	10662	2	0.003407
9550	9639	1	0.001704
9550	9645	1	0.001704
9550	10414	2	0.003407
9550	9392	3	0.005111
9550	9522	244	0.415673
9550	10163	18	0.030664
9550	9400	5	0.008518
9550	10425	1	0.001704
9550	9405	1	0.001704
9550	9536	1	0.001704
9550	9440	1	0.001704
9550	10818	3	0.005111
9550	9668	1	0.001704
9550	10566	3	0.005111
9550	9417	1	0.001704
9550	10315	1	0.001704
9550	10445	4	0.006814
9550	9551	1	0.001704
9550	10296	2	0.003407
9550	10339	1	0.001704
9550	9556	2	0.003407
9550	10638	1	0.001704
9550	10199	1	0.001704
9550	9944	3	0.005111
9550	9956	2	0.003407
9550	9690	6	0.010221
9550	9308	1	0.001704
9550	10463	1	0.001704
9550	10720	1	0.001704
9550	9917	2	0.003407
9550	10723	4	0.006814
9550	9444	1	0.001704
9550	9894	3	0.005111
9550	9319	4	0.006814
9550	9832	3	0.005111
9550	10727	1	0.001704
9550	9341	1	0.001704
9550	10355	3	0.005111
9550	10358	55	0.093697
9550	10618	2	0.003407
9550	10747	1	0.001704
9550	10621	573	0.976150
9551	10209	2	0.004684
9551	10726	1	0.002342
9551	9705	2	0.004684
9551	9483	1	0.002342
9551	9964	6	0.014052
9551	9522	6	0.014052
9551	9998	2	0.004684
9551	10224	2	0.004684
9551	9554	5	0.011710
9551	9396	7	0.016393
9551	10358	2	0.004684
9551	10621	4	0.009368
9552	9998	6	0.003580
9552	10128	1	0.000597
9552	9825	7	0.004177
9552	9762	8	0.004773
9552	10789	1	0.000597
9552	10662	2	0.001193
9552	10408	1	0.000597
9552	9517	2	0.001193
9552	10414	8	0.004773
9552	9522	118	0.070406
9552	10163	3	0.001790
9552	9400	6	0.003580
9552	9407	4	0.002387
9552	10055	1	0.000597
9552	9417	35	0.020883
9552	10831	1	0.000597
9552	10584	2	0.001193
9552	9690	1	0.000597
9552	9441	1683	1.004177
9552	9573	1	0.000597
9552	9832	1684	1.004773
9552	9341	2	0.001193
9552	10358	2	0.001193
9552	9593	1685	1.005370
9552	10621	3	0.001790
9553	10659	1	0.005952
9553	10404	1	0.005952
9553	10609	1	0.005952
9553	9522	5	0.029762
9553	10227	5	0.029762
9553	9524	1	0.005952
9553	10621	1	0.005952
9554	10845	1	0.002532
9556	9349	2	0.003145
9556	10763	1	0.001572
9556	9365	1	0.001572
9556	9884	5	0.007862
9556	10789	2	0.003145
9556	10662	9	0.014151
9556	9515	23	0.036164
9556	9645	3	0.004717
9556	10414	4	0.006289
9556	9522	47	0.073899
9556	9538	1	0.001572
9556	10055	6	0.009434
9556	9417	1	0.001572
9556	9550	64	0.100629
9556	10584	2	0.003145
9556	9690	1	0.001572
9556	10338	4	0.006289
9556	9444	3	0.004717
9556	9321	1	0.001572
9556	10224	9	0.014151
9556	10358	4	0.006289
9556	9465	1	0.001572
9556	10621	2	0.003145
9557	9316	2	0.016000
9557	9606	2	0.016000
9557	9295	1	0.008000
9557	10414	1	0.008000
9557	9359	6	0.048000
9557	9522	21	0.168000
9557	9811	2	0.016000
9557	10358	1	0.008000
9557	10587	2	0.016000
9559	10072	10	0.001422
9559	10224	1	0.000142
9559	9522	1	0.000142
9559	9811	4	0.000569
9559	9573	1	0.000142
9565	10358	1	0.016667
9566	10765	3	0.003300
9567	9522	3	0.058824
9567	10358	1	0.019608
9569	10240	1	0.000858
9569	10358	4	0.003433
9569	10055	4	0.003433
9569	9384	9	0.007725
9569	10414	8	0.006867
9569	10512	4	0.003433
9569	10193	1	0.000858
9569	9522	6	0.005150
9569	10454	12	0.010300
9569	9369	4	0.003433
9569	9919	9	0.007725
9570	9606	3	0.007653
9570	9998	6	0.015306
9570	9359	3	0.007653
9570	10072	137	0.349490
9570	10584	42	0.107143
9570	10606	1	0.002551
9570	10392	1	0.002551
9570	10650	1	0.002551
9570	9372	2	0.005102
9570	9762	32	0.081633
9570	9380	40	0.102041
9570	10789	4	0.010204
9570	10662	5	0.012755
9570	10384	1	0.002551
9570	10157	7	0.017857
9570	10414	40	0.102041
9570	9522	2433	6.206633
9570	9400	347	0.885204
9570	9913	1	0.002551
9570	9403	9	0.022959
9570	9917	1	0.002551
9570	10304	2	0.005102
9570	9670	1	0.002551
9570	10055	7	0.017857
9570	10568	29	0.073980
9570	10827	2	0.005102
9570	9560	1	0.002551
9570	9956	31	0.079082
9570	10845	106	0.270408
9570	10209	3	0.007653
9570	9571	3	0.007653
9570	10084	106	0.270408
9570	9573	206	0.525510
9570	10727	65	0.165816
9570	9833	1	0.002551
9570	10094	6	0.015306
9570	10224	5	0.012755
9570	10358	237	0.604592
9570	10621	11	0.028061
9570	10238	1	0.002551
9571	9522	1	0.004444
9573	9732	2	0.001098
9573	10757	3	0.001647
9573	10248	2	0.001098
9573	9303	3	0.001647
9573	10769	3	0.001647
9573	10315	2	0.001098
9573	9751	1	0.000549
9573	9761	2	0.001098
9573	10789	3	0.001647
9573	10278	2	0.001098
9573	10418	2	0.001098
9573	9776	2	0.001098
9573	9784	2	0.001098
9573	10297	2	0.001098
9573	9792	2	0.001098
9573	9793	3	0.001647
9573	9796	2	0.001098
9573	10826	2	0.001098
9573	9803	2	0.001098
9573	10830	2	0.001098
9573	9827	1	0.000549
9573	10327	2	0.001098
9573	9828	2	0.001098
9573	9308	2	0.001098
9573	10845	4	0.002197
9573	9312	2	0.001098
9573	9825	1	0.000549
9573	10339	2	0.001098
9573	10340	3	0.001647
9573	10257	2	0.001098
9573	9833	13	0.007139
9573	9322	2	0.001098
9573	9661	4	0.002197
9573	9332	1	0.000549
9573	10358	33	0.018122
9573	9321	1	0.000549
9573	9336	1	0.000549
9573	9339	2	0.001098
9573	10364	2	0.001098
9573	9342	3	0.001647
9573	10370	2	0.001098
9573	9859	2	0.001098
9573	10375	2	0.001098
9573	10378	1	0.000549
9573	10775	1	0.000549
9573	9870	3	0.001647
9573	9361	2	0.001098
9573	9875	2	0.001098
9573	10389	2	0.001098
9573	9878	2	0.001098
9573	10392	98	0.053817
9573	9374	2	0.001098
9573	10399	2	0.001098
9573	9891	2	0.001098
9573	9384	3	0.001647
9573	9387	2	0.001098
9573	9388	2	0.001098
9573	9901	2	0.001098
9573	10414	8	0.004393
9573	9393	4	0.002197
9573	9394	2	0.001098
9573	9395	2	0.001098
9573	9396	2	0.001098
9573	9400	12	0.006590
9573	9402	3	0.001647
9573	9917	2	0.001098
9573	9414	2	0.001098
9573	10662	3	0.001647
9573	9418	2	0.001098
9573	9420	2	0.001098
9573	10445	1	0.000549
9573	9935	2	0.001098
9573	9432	3	0.001647
9573	9423	2	0.001098
9573	9948	2	0.001098
9573	9951	2	0.001098
9573	9955	2	0.001098
9573	9444	2	0.001098
9573	9852	1	0.000549
9573	9963	2	0.001098
9573	9453	2	0.001098
9573	9967	2	0.001098
9573	9811	1	0.000549
9573	9459	2	0.001098
9573	10485	1	0.000549
9573	10486	2	0.001098
9573	9978	2	0.001098
9573	9979	2	0.001098
9573	9469	2	0.001098
9573	9987	2	0.001098
9573	9479	2	0.001098
9573	10508	2	0.001098
9573	9346	2	0.001098
9573	9998	26	0.014278
9573	10527	2	0.001098
9573	9504	1	0.000549
9573	10800	4	0.002197
9573	9507	4	0.002197
9573	10020	2	0.001098
9573	10025	2	0.001098
9573	10030	1	0.000549
9573	9522	2003	1.099945
9573	9745	1	0.000549
9573	10549	1	0.000549
9573	10043	2	0.001098
9573	9532	2	0.001098
9573	9533	2	0.001098
9573	10559	2	0.001098
9573	9538	1	0.000549
9573	9541	2	0.001098
9573	10054	6	0.003295
9573	10055	1	0.000549
9573	10571	2	0.001098
9573	10060	2	0.001098
9573	9443	3	0.001647
9573	10638	2	0.001098
9573	9559	2	0.001098
9573	10072	22	0.012081
9573	9956	2	0.001098
9573	10650	1	0.000549
9573	9568	2	0.001098
9573	10084	1	0.000549
9573	9575	2	0.001098
9573	10727	2	0.001098
9573	10463	1	0.000549
9573	10557	4	0.002197
9573	10098	3	0.001647
9573	10106	2	0.001098
9573	10621	9	0.004942
9573	9601	2	0.001098
9573	9607	2	0.001098
9573	10120	1	0.000549
9573	10636	2	0.001098
9573	10126	2	0.001098
9573	10127	2	0.001098
9573	9626	2	0.001098
9573	9629	2	0.001098
9573	10654	2	0.001098
9573	9631	2	0.001098
9573	10584	3	0.001647
9573	9635	2	0.001098
9573	9636	2	0.001098
9573	9638	2	0.001098
9573	10666	2	0.001098
9573	10156	1	0.000549
9573	9646	2	0.001098
9573	9647	2	0.001098
9573	9971	2	0.001098
9573	9654	2	0.001098
9573	10171	2	0.001098
9573	9802	2	0.001098
9573	9667	2	0.001098
9573	9668	2	0.001098
9573	10698	2	0.001098
9573	9680	2	0.001098
9573	9379	2	0.001098
9573	10490	2	0.001098
9573	10725	2	0.001098
9573	10214	2	0.001098
9573	10467	2	0.001098
9573	10224	6	0.003295
9573	10408	1	0.000549
9573	9715	2	0.001098
9573	10741	2	0.001098
9573	9718	1	0.000549
9573	10747	2	0.001098
9573	10748	2	0.001098
9573	9642	2	0.001098
9573	10195	1	0.000549
9577	10209	2	0.016949
9577	9522	175	1.483051
9577	9474	1	0.008475
9578	9400	2	0.125000
9578	9508	10	0.625000
9578	9956	2	0.125000
9578	9728	10	0.625000
9579	9793	2	0.285714
9579	9573	1	0.142857
9585	10745	1	0.041667
9585	9957	2	0.083333
9586	10011	165	0.649606
9586	9916	165	0.649606
9586	9573	42	0.165354
9590	10273	9	0.012500
9590	9762	8	0.011111
9590	9508	1	0.001389
9590	9670	3	0.004167
9590	10727	2	0.002778
9590	10055	8	0.011111
9590	10414	5	0.006944
9590	10621	667	0.926389
9590	10800	1	0.001389
9590	9522	2015	2.798611
9590	10358	666	0.925000
9590	10295	667	0.926389
9590	10584	2	0.002778
9590	9690	7	0.009722
9590	9309	675	0.937500
9590	10238	3	0.004167
9590	9853	4	0.005556
9591	9522	15	0.348837
9591	9460	2	0.046512
9591	10358	5	0.116279
9591	9466	1	0.023256
9591	9947	2	0.046512
9591	9948	1	0.023256
9591	10621	1	0.023256
9592	9573	1	0.022222
9593	9825	1	0.006536
9593	9762	8	0.052288
9593	10273	2	0.013072
9593	9319	1	0.006536
9593	9417	1	0.006536
9593	10414	3	0.019608
9593	9552	1	0.006536
9593	9522	3	0.019608
9593	9690	1	0.006536
9593	9309	3	0.019608
9593	9375	1	0.006536
9595	9657	4	0.005690
9595	10509	11	0.015647
9599	9697	1	0.017857
9599	10050	1	0.017857
9599	9452	1	0.017857
9600	9575	1	0.090909
9601	9573	2	0.016807
9602	9472	1	0.001916
9602	10338	2	0.003831
9602	10088	2	0.003831
9602	10125	6	0.011494
9602	9649	1	0.001916
9602	9522	3	0.005747
9602	10069	2	0.003831
9602	9494	6	0.011494
9606	9522	1	0.027027
9606	9538	4	0.108108
9606	9359	11	0.297297
9607	9573	3	0.024000
9610	9474	1	0.001626
9610	9349	1	0.001626
9610	9355	1	0.001626
9610	9743	1	0.001626
9610	10384	5	0.008130
9610	10414	26	0.042276
9610	9370	1	0.001626
9610	9372	27	0.043902
9610	10522	2	0.003252
9610	10017	1	0.001626
9610	10209	2	0.003252
9610	9380	2	0.003252
9610	10789	2	0.003252
9610	10150	1	0.001626
9610	10797	1	0.001626
9610	10333	1	0.001626
9610	10671	1	0.001626
9610	9522	1877	3.052033
9610	9525	1	0.001626
9610	9822	1	0.001626
9610	9400	8000	13.008130
9610	10809	4	0.006504
9610	9916	1	0.001626
9610	9407	1	0.001626
9610	10304	5	0.008130
9610	10306	1	0.001626
9610	10054	1	0.001626
9610	10695	2	0.003252
9610	9968	2	0.003252
9610	10825	1	0.001626
9610	9591	1	0.001626
9610	10829	1	0.001626
9610	10318	1	0.001626
9610	9552	1	0.001626
9610	10040	2	0.003252
9610	9298	1	0.001626
9610	10195	1	0.001626
9610	9300	2	0.003252
9610	9550	2	0.003252
9610	10454	6	0.009756
9610	10584	7	0.011382
9610	9689	1	0.001626
9610	9359	1	0.001626
9610	9309	1	0.001626
9610	9438	3	0.004878
9610	9573	4	0.006504
9610	10128	2	0.003252
9610	9957	2	0.003252
9610	10727	5	0.008130
9610	10728	1	0.001626
9610	9451	1	0.001626
9610	9964	1	0.001626
9610	10605	1	0.001626
9610	10662	1	0.001626
9610	9487	2	0.003252
9610	10358	124	0.201626
9610	9847	1	0.001626
9610	9336	1	0.001626
9610	9468	2	0.003252
9610	10621	5	0.008130
9610	10367	1	0.001626
9612	10178	28	0.875000
9612	9661	28	0.875000
9619	9400	1	0.018868
9619	9938	3	0.056604
9619	9822	1	0.018868
9621	9474	1	0.001898
9621	9349	1	0.001898
9621	9355	1	0.001898
9621	9743	1	0.001898
9621	10384	5	0.009488
9621	9370	1	0.001898
9621	9372	26	0.049336
9621	10522	2	0.003795
9621	10017	1	0.001898
9621	10209	1	0.001898
9621	9380	2	0.003795
9621	10789	2	0.003795
9621	10662	1	0.001898
9621	10797	1	0.001898
9621	10414	24	0.045541
9621	10671	1	0.001898
9621	9522	1563	2.965844
9621	9525	1	0.001898
9621	10150	1	0.001898
9621	9400	6913	13.117647
9621	10809	4	0.007590
9621	9916	1	0.001898
9621	9407	1	0.001898
9621	10304	5	0.009488
9621	10306	1	0.001898
9621	10054	1	0.001898
9621	10695	2	0.003795
9621	9968	2	0.003795
9621	9591	1	0.001898
9621	10829	1	0.001898
9621	10318	1	0.001898
9621	9552	1	0.001898
9621	10040	2	0.003795
9621	9298	1	0.001898
9621	10195	1	0.001898
9621	9300	2	0.003795
9621	9550	2	0.003795
9621	10454	6	0.011385
9621	9689	1	0.001898
9621	9359	1	0.001898
9621	9309	1	0.001898
9621	9438	3	0.005693
9621	9957	2	0.003795
9621	10128	2	0.003795
9621	9573	4	0.007590
9621	10727	5	0.009488
9621	10728	1	0.001898
9621	9451	1	0.001898
9621	9964	1	0.001898
9621	10605	1	0.001898
9621	9487	2	0.003795
9621	10333	1	0.001898
9621	10358	120	0.227704
9621	9847	1	0.001898
9621	9336	1	0.001898
9621	9468	2	0.003795
9621	10621	5	0.009488
9621	10367	1	0.001898
9623	9305	2	0.003817
9623	10690	2	0.003817
9623	9514	4	0.007634
9623	10670	2	0.003817
9623	9495	2	0.003817
9625	9573	2	0.035714
9625	10845	1	0.017857
9625	9522	2	0.035714
9625	10745	55	0.982143
9625	10621	2	0.035714
9625	9957	4	0.071429
9626	9661	2	0.002954
9629	9573	72	0.960000
9630	9438	1	0.066667
9635	9661	1	0.031250
9637	10060	1	0.027027
9637	9522	4	0.108108
9637	10163	2	0.054054
9637	9300	7	0.189189
9637	10621	1	0.027027
9638	9573	3	0.000645
9640	9522	3	0.081081
9640	10815	6	0.162162
9640	9762	3	0.081081
9640	10358	1	0.027027
9640	9607	1	0.027027
9642	9417	200	2.020202
9642	10358	2	0.020202
9643	9956	1	0.013333
9643	9686	9	0.120000
9643	10662	5	0.066667
9643	10439	1	0.013333
9643	10825	1	0.013333
9643	9387	1	0.013333
9643	9548	9	0.120000
9643	9362	20	0.266667
9643	10414	5	0.066667
9643	9453	1	0.013333
9643	10738	1	0.013333
9643	9522	9	0.120000
9643	10163	1	0.013333
9643	10830	1	0.013333
9643	10358	2	0.026667
9643	10039	2	0.026667
9643	10584	3	0.040000
9643	9871	1	0.013333
9644	9537	1	0.045455
9644	10556	1	0.045455
9646	10345	1	0.016667
9646	9522	1	0.016667
9646	9573	1	0.016667
9647	9440	3	0.003247
9647	9762	1	0.001082
9647	9955	1	0.001082
9647	9573	30	0.032468
9647	10727	1	0.001082
9647	9319	1	0.001082
9647	10818	2	0.002165
9647	9522	6	0.006494
9647	10358	1	0.001082
9647	10296	6	0.006494
9647	9375	2	0.002165
9647	10557	2	0.002165
9647	9407	8	0.008658
9649	9498	12	0.800000
9650	10502	3	0.004983
9650	9356	3	0.004983
9650	10160	3	0.004983
9650	9778	3	0.004983
9650	10613	3	0.004983
9650	9531	3	0.004983
9650	10236	6	0.009967
9651	10072	1	0.010000
9651	9522	5	0.050000
9651	10845	1	0.010000
9651	10358	1	0.010000
9651	9573	1	0.010000
9654	10378	1	0.008621
9654	9522	1	0.008621
9654	9573	11	0.094828
9654	9631	3	0.025862
9655	10732	1	0.062500
9655	10453	1	0.062500
9655	9414	1	0.062500
9655	10127	1	0.062500
9656	9298	1	0.016667
9656	9771	1	0.016667
9656	10789	1	0.016667
9660	10759	3	0.001881
9660	10763	1	0.000627
9660	9740	2	0.001254
9660	9998	28	0.017555
9660	10516	4	0.002508
9660	10393	2	0.001254
9660	10522	53	0.033229
9660	10789	2	0.001254
9660	10411	4	0.002508
9660	10414	8	0.005016
9660	9522	284	0.178056
9660	10163	3	0.001881
9660	10553	12	0.007524
9660	9662	18	0.011285
9660	10687	2	0.001254
9660	9408	1	0.000627
9660	10306	4	0.002508
9660	10055	1	0.000627
9660	10825	1	0.000627
9660	9549	2	0.001254
9660	10445	4	0.002508
9660	10196	12	0.007524
9660	10845	1	0.000627
9660	9442	2	0.001254
9660	9573	2	0.001254
9660	10214	2	0.001254
9660	9962	2	0.001254
9660	10094	6	0.003762
9660	10224	3	0.001881
9660	10358	40	0.025078
9660	10621	16	0.010031
9661	9635	4	0.012158
9661	10725	5	0.015198
9661	9573	10	0.030395
9661	10025	6	0.018237
9661	9322	5	0.015198
9661	9612	4	0.012158
9661	10636	2	0.006079
9661	9374	6	0.018237
9661	9353	3	0.009119
9661	9978	5	0.015198
9661	9979	3	0.009119
9661	9948	4	0.012158
9661	9469	4	0.012158
9661	9626	3	0.009119
9661	9535	5	0.015198
9662	9522	1	0.045455
9667	9339	1	0.002217
9668	9573	25	0.158228
9668	9550	5	0.031646
9669	9474	1	0.001355
9669	9349	1	0.001355
9669	9355	1	0.001355
9669	9743	1	0.001355
9669	10128	2	0.002710
9669	10414	24	0.032520
9669	9370	1	0.001355
9669	9372	28	0.037940
9669	10522	2	0.002710
9669	10017	1	0.001355
9669	9380	2	0.002710
9669	10789	2	0.002710
9669	10150	1	0.001355
9669	10384	5	0.006775
9669	10797	1	0.001355
9669	10333	1	0.001355
9669	10671	1	0.001355
9669	9522	2692	3.647696
9669	9525	1	0.001355
9669	9400	9407	12.746612
9669	10809	4	0.005420
9669	9822	1	0.001355
9669	9407	1	0.001355
9669	10304	5	0.006775
9669	10306	1	0.001355
9669	10054	1	0.001355
9669	10695	2	0.002710
9669	9968	2	0.002710
9669	10825	1	0.001355
9669	9591	1	0.001355
9669	10829	1	0.001355
9669	10318	1	0.001355
9669	9552	1	0.001355
9669	10040	2	0.002710
9669	9298	1	0.001355
9669	10195	1	0.001355
9669	9300	2	0.002710
9669	9550	2	0.002710
9669	10454	6	0.008130
9669	10584	4	0.005420
9669	9689	1	0.001355
9669	9359	1	0.001355
9669	9309	1	0.001355
9669	9438	3	0.004065
9669	9573	4	0.005420
9669	10209	2	0.002710
9669	9957	2	0.002710
9669	10727	5	0.006775
9669	10728	1	0.001355
9669	9916	1	0.001355
9669	9451	1	0.001355
9669	9964	1	0.001355
9669	10605	1	0.001355
9669	10662	1	0.001355
9669	9487	2	0.002710
9669	10358	121	0.163957
9669	9847	1	0.001355
9669	9336	1	0.001355
9669	9468	2	0.002710
9669	10621	5	0.006775
9669	10367	1	0.001355
9670	9522	18	0.750000
9670	10055	1	0.041667
9671	10338	1	0.019231
9671	9417	1	0.019231
9671	10125	1	0.019231
9671	10575	13	0.250000
9671	9522	11	0.211538
9671	9309	4	0.076923
9680	9573	1	0.033333
9680	9718	19	0.633333
9683	10681	100	0.847458
9683	9677	1	0.008475
9683	10559	1	0.008475
9685	9560	1	0.000916
9685	9474	4	0.003663
9685	10120	1	0.000916
9685	9739	2	0.001832
9685	9740	4	0.003663
9685	9359	1	0.000916
9685	10128	5	0.004579
9685	10072	10	0.009158
9685	10514	3	0.002747
9685	10654	2	0.001832
9685	10224	2	0.001832
9685	9762	3	0.002747
9685	9380	1	0.000916
9685	10789	22	0.020147
9685	10150	4	0.003663
9685	9896	2	0.001832
9685	10055	23	0.021062
9685	10414	16	0.014652
9685	10845	2	0.001832
9685	9522	1703	1.559524
9685	10163	2	0.001832
9685	10677	2	0.001832
9685	10040	4	0.003663
9685	10809	4	0.003663
9685	9403	2	0.001832
9685	9660	4	0.003663
9685	10815	8	0.007326
9685	10273	2	0.001832
9685	10230	2	0.001832
9685	10054	2	0.001832
9685	10695	4	0.003663
9685	10827	1	0.000916
9685	10445	19	0.017399
9685	10318	5	0.004579
9685	9552	1	0.000916
9685	9400	35	0.032051
9685	9298	4	0.003663
9685	9428	2	0.001832
9685	9550	8	0.007326
9685	10454	5	0.004579
9685	9303	3	0.002747
9685	10584	1493	1.367216
9685	9956	2	0.001832
9685	9690	2	0.001832
9685	9670	1	0.000916
9685	10333	1	0.000916
9685	9438	9	0.008242
9685	10338	4	0.003663
9685	9571	4	0.003663
9685	10084	5	0.004579
9685	9573	16	0.014652
9685	10727	12	0.010989
9685	10088	8	0.007326
9685	9916	4	0.003663
9685	10605	1	0.000916
9685	10094	5	0.004579
9685	9968	8	0.007326
9685	10358	102	0.093407
9685	9321	5	0.004579
9685	9407	8	0.007326
9685	9468	4	0.003663
9685	10621	7	0.006410
9685	10238	3	0.002747
9685	10367	4	0.003663
9686	10084	2	0.012048
9686	10757	334	2.012048
9686	9931	167	1.006024
9686	9362	3	0.018072
9686	10224	1	0.006024
9686	9522	6	0.036145
9688	9330	2	0.086957
9688	9522	1	0.043478
9688	9525	2	0.086957
9689	9721	624	1.980952
9689	9522	1238	3.930159
9689	10358	1	0.003175
9689	9967	9	0.028571
9690	9860	1	0.004065
9690	9349	1	0.004065
9690	10249	1	0.004065
9690	10125	1	0.004065
9690	10128	1	0.004065
9690	9493	1	0.004065
9690	9375	1	0.004065
9690	9508	1	0.004065
9690	10414	1	0.004065
9690	9522	1	0.004065
9690	9398	1	0.004065
9690	10296	2	0.008130
9690	9407	1	0.004065
9690	10818	1	0.004065
9690	9804	1	0.004065
9690	10575	1	0.004065
9690	9938	1	0.004065
9690	9943	2	0.008130
9690	9944	1	0.004065
9690	9309	4	0.016260
9690	9825	1	0.004065
9690	10338	3	0.012195
9690	9957	1	0.004065
9690	10727	5	0.020325
9690	10088	1	0.004065
9690	9706	1	0.004065
9690	9319	3	0.012195
9690	10864	1	0.004065
9690	9457	1	0.004065
9690	9843	1	0.004065
9690	9336	1	0.004065
9690	9468	1	0.004065
9690	9343	1	0.004065
9691	9728	1	0.029412
9691	10084	1	0.029412
9691	10824	1	0.029412
9691	9578	1	0.029412
9691	10000	1	0.029412
9691	9522	1	0.029412
9691	9590	1	0.029412
9691	10295	1	0.029412
9691	9508	1	0.029412
9691	10108	1	0.029412
9691	9309	1	0.029412
9693	9487	4	0.076923
9696	9573	1	0.001629
9696	10815	1	0.001629
9697	9976	1	0.004926
9697	10358	3	0.014778
9697	9438	2	0.009852
9697	9743	14	0.068966
9698	9522	5	0.102041
9698	10358	4	0.081633
9700	9522	52	4.000000
9700	10835	3	0.230769
9700	10358	2	0.153846
9706	9522	8	0.031496
9706	9309	15	0.059055
9708	9998	3	0.001939
9708	10639	1	0.000646
9708	9362	2	0.001293
9708	10662	1	0.000646
9708	10414	9	0.005818
9708	10845	1	0.000646
9708	9522	75	0.048481
9708	9718	16	0.010343
9708	9417	1	0.000646
9708	10061	1	0.000646
9708	9680	3	0.001939
9708	9938	3	0.001939
9708	10067	1	0.000646
9708	10584	1	0.000646
9708	9309	1	0.000646
9708	10338	1	0.000646
9708	10727	5	0.003232
9708	10088	377	0.243697
9708	9457	6	0.003878
9708	10358	14	0.009050
9708	9720	4	0.002586
9708	10621	5	0.003232
9709	9798	1	0.001835
9709	9638	7	0.012844
9709	9833	18	0.033028
9709	9773	7	0.012844
9709	9522	23	0.042202
9709	9400	6	0.011009
9709	9433	7	0.012844
9709	9573	1	0.001835
9710	9977	1	0.022222
9711	9522	4	0.064516
9711	10605	2	0.032258
9711	10414	2	0.032258
9713	9552	259	2.877778
9713	10128	2	0.022222
9715	10630	2	0.002342
9715	9573	478	0.559719
9715	10150	4	0.004684
9718	10728	1	0.000197
9718	9998	5	0.000983
9718	9362	2	0.000393
9718	10646	1	0.000197
9718	9762	4	0.000786
9718	9642	1	0.000197
9718	10030	3	0.000590
9718	9522	20	0.003932
9718	9395	4	0.000786
9718	9398	1	0.000197
9718	10295	2	0.000393
9718	10296	1	0.000197
9718	10055	1	0.000197
9718	10061	5	0.000983
9718	10320	2	0.000393
9718	9938	7	0.001376
9718	10067	1	0.000197
9718	10845	3	0.000590
9718	10848	2	0.000393
9718	9680	13	0.002556
9718	9573	2	0.000393
9718	10727	2	0.000393
9718	10088	70	0.013763
9718	9833	1	0.000197
9718	9708	8	0.001573
9718	10224	6	0.001180
9718	9457	8	0.001573
9718	9971	1	0.000197
9718	10358	1	0.000197
9718	9464	1	0.000197
9718	10621	4	0.000786
9720	9938	1	0.007299
9721	9689	2281	0.992171
9721	9522	2276	0.989996
9721	10652	6	0.002610
9721	9967	3	0.001305
9724	10249	1	0.000806
9724	9739	2	0.001612
9724	9740	5	0.004029
9724	10072	10	0.008058
9724	10273	2	0.001612
9724	9762	3	0.002417
9724	10789	22	0.017728
9724	10797	1	0.000806
9724	10333	2	0.001612
9724	10296	1	0.000806
9724	10809	5	0.004029
9724	10815	8	0.006446
9724	10306	1	0.000806
9724	10827	1	0.000806
9724	9804	1	0.000806
9724	10829	1	0.000806
9724	10318	6	0.004835
9724	9298	5	0.004029
9724	9300	3	0.002417
9724	9303	3	0.002417
9724	10845	3	0.002417
9724	10338	5	0.004029
9724	9321	5	0.004029
9724	10358	109	0.087832
9724	9847	1	0.000806
9724	9336	1	0.000806
9724	10367	5	0.004029
9724	9860	1	0.000806
9724	9359	2	0.001612
9724	9370	1	0.000806
9724	9380	15	0.012087
9724	9896	2	0.001612
9724	10411	1	0.000806
9724	10414	16	0.012893
9724	9400	35	0.028203
9724	9403	2	0.001612
9724	9916	4	0.003223
9724	9407	9	0.007252
9724	10445	19	0.015310
9724	9428	2	0.001612
9724	10454	6	0.004835
9724	9433	1	0.000806
9724	9438	10	0.008058
9724	9954	1	0.000806
9724	9956	2	0.001612
9724	9957	1	0.000806
9724	9451	1	0.000806
9724	9964	1	0.000806
9724	9968	9	0.007252
9724	9468	5	0.004029
9724	9474	4	0.003223
9724	9487	1	0.000806
9724	10514	3	0.002417
9724	10017	1	0.000806
9724	9522	1724	1.389202
9724	9525	1	0.000806
9724	10040	5	0.004029
9724	9539	1	0.000806
9724	10054	2	0.001612
9724	10055	24	0.019339
9724	9550	10	0.008058
9724	9552	1	0.000806
9724	10584	1516	1.221595
9724	10593	1	0.000806
9724	9571	4	0.003223
9724	10084	5	0.004029
9724	9573	15	0.012087
9724	10088	9	0.007252
9724	10605	2	0.001612
9724	10094	5	0.004029
9724	10621	9	0.007252
9724	9560	1	0.000806
9724	10120	1	0.000806
9724	10128	6	0.004835
9724	10654	2	0.001612
9724	9637	1	0.000806
9724	10150	5	0.004029
9724	10671	1	0.000806
9724	10163	3	0.002417
9724	10677	2	0.001612
9724	9660	5	0.004029
9724	9670	1	0.000806
9724	10695	5	0.004029
9724	9689	1	0.000806
9724	9690	2	0.001612
9724	10723	1	0.000806
9724	10727	13	0.010475
9724	10224	2	0.001612
9724	10230	2	0.001612
9724	10238	3	0.002417
9724	9727	1	0.000806
9726	10176	2	0.003082
9726	9536	1	0.001541
9726	9538	1	0.001541
9726	10723	1	0.001541
9726	9956	1	0.001541
9726	9349	17	0.026194
9726	9863	1	0.001541
9726	10444	1	0.001541
9726	9708	1	0.001541
9726	10573	1	0.001541
9726	10414	3	0.004622
9726	10128	15	0.023112
9726	9522	1	0.001541
9726	9556	1	0.001541
9726	9465	2	0.003082
9726	10425	1	0.001541
9726	10014	2	0.003082
9727	9400	1	0.031250
9727	9803	6	0.187500
9727	10621	4	0.125000
9728	9762	6	0.006522
9728	9508	1	0.001087
9728	9853	3	0.003261
9728	10727	1	0.001087
9728	9938	2	0.002174
9728	9538	2	0.002174
9728	9298	1	0.001087
9728	10414	837	0.909783
9728	10621	1	0.001087
9728	10000	2	0.002174
9728	9522	4	0.004348
9728	9656	1	0.001087
9728	9690	1	0.001087
9728	9468	1	0.001087
9728	9309	9	0.009783
9728	10845	6	0.006522
9728	9375	1	0.001087
9730	10040	2	0.142857
9730	10809	1	0.071429
9730	9522	1	0.071429
9732	9522	4	0.009153
9732	9573	302	0.691076
9738	10246	1	0.002222
9738	10079	1	0.002222
9739	10072	5009	13.611413
9739	9522	13	0.035326
9739	9573	43	0.116848
9739	10055	1	0.002717
9740	9962	5	0.045045
9740	10414	1	0.009009
9740	9522	26	0.234234
9740	9646	4	0.036036
9740	10845	1	0.009009
9742	9560	1	0.002092
9742	10384	1	0.002092
9742	10584	48	0.100418
9742	10646	1	0.002092
9742	10392	1	0.002092
9742	9372	2	0.004184
9742	9762	26	0.054393
9742	9380	6	0.012552
9742	10789	4	0.008368
9742	10414	33	0.069038
9742	9522	7310	15.292887
9742	10296	10	0.020921
9742	9917	1	0.002092
9742	9535	77	0.161088
9742	10304	2	0.004184
9742	9670	1	0.002092
9742	10055	7	0.014644
9742	10827	1	0.002092
9742	9400	265	0.554393
9742	10072	110	0.230126
9742	10084	134	0.280335
9742	10845	2	0.004184
9742	9571	2	0.004184
9742	9956	26	0.054393
9742	9573	163	0.341004
9742	10727	53	0.110879
9742	10094	247	0.516736
9742	10224	2	0.004184
9742	10358	181	0.378661
9742	10621	2	0.004184
9742	10238	1	0.002092
9743	9697	25	0.020661
9743	10050	2	0.001653
9743	10358	15	0.012397
9743	9798	1	0.000826
9743	10414	8	0.006612
9743	9808	10	0.008264
9743	9522	14	0.011570
9743	9998	1	0.000826
9743	10454	2	0.001653
9743	9402	1	0.000826
9743	9438	58	0.047934
9745	9384	808	0.811245
9745	9573	811	0.814257
9745	9715	808	0.811245
9745	10093	1618	1.624498
9745	9607	808	0.811245
9747	10249	1	0.000746
9747	9740	1	0.000746
9747	10584	124	0.092537
9747	10271	1	0.000746
9747	9762	68	0.050746
9747	10789	19	0.014179
9747	9771	1	0.000746
9747	10797	1	0.000746
9747	10333	1	0.000746
9747	10296	1	0.000746
9747	10809	1	0.000746
9747	10304	2	0.001493
9747	10306	1	0.000746
9747	10827	5	0.003731
9747	9804	1	0.000746
9747	10829	1	0.000746
9747	10318	1	0.000746
9747	9298	2	0.001493
9747	10835	11	0.008209
9747	9300	1	0.000746
9747	9303	1	0.000746
9747	10845	289	0.215672
9747	10338	1	0.000746
9747	9321	2	0.001493
9747	10358	604	0.450746
9747	9847	1	0.000746
9747	9336	1	0.000746
9747	10367	1	0.000746
9747	9860	1	0.000746
9747	9359	1	0.000746
9747	10384	1	0.000746
9747	9362	2	0.001493
9747	10094	349	0.260448
9747	10392	2	0.001493
9747	9370	1	0.000746
9747	9372	2	0.001493
9747	9380	114	0.085075
9747	9896	2	0.001493
9747	10411	1	0.000746
9747	10414	100	0.074627
9747	9400	366	0.273134
9747	9913	1	0.000746
9747	9403	35	0.026119
9747	9917	2	0.001493
9747	9407	1	0.000746
9747	9428	16	0.011940
9747	10454	1	0.000746
9747	9433	1	0.000746
9747	9438	1	0.000746
9747	9954	1	0.000746
9747	9956	71	0.052985
9747	9957	1	0.000746
9747	9451	1	0.000746
9747	9964	1	0.000746
9747	9968	2	0.001493
9747	9468	1	0.000746
9747	9998	6	0.004478
9747	9487	1	0.000746
9747	10017	1	0.000746
9747	9522	20648	15.408955
9747	9525	1	0.000746
9747	10040	1	0.000746
9747	9538	1	0.000746
9747	9539	1	0.000746
9747	10055	14	0.010448
9747	10568	83	0.061940
9747	9550	1	0.000746
9747	10067	2	0.001493
9747	10072	295	0.220149
9747	10593	1	0.000746
9747	9571	43	0.032090
9747	10084	282	0.210448
9747	9573	464	0.346269
9747	10088	1	0.000746
9747	10605	1	0.000746
9747	10606	1	0.000746
9747	10621	25	0.018657
9747	9560	2	0.001493
9747	9833	3	0.002239
9747	10120	1	0.000746
9747	10646	3	0.002239
9747	10650	3	0.002239
9747	9637	1	0.000746
9747	10662	5	0.003731
9747	10157	21	0.015672
9747	10671	1	0.000746
9747	10163	6	0.004478
9747	9656	1	0.000746
9747	9660	1	0.000746
9747	9670	1	0.000746
9747	10695	1	0.000746
9747	9689	1	0.000746
9747	10209	1	0.000746
9747	10723	1	0.000746
9747	10150	1	0.000746
9747	10727	139	0.103731
9747	10224	11	0.008209
9747	10238	2	0.001493
9747	9727	1	0.000746
9751	9522	9	0.375000
9751	10845	1	0.041667
9751	9573	2	0.083333
9758	9522	2	0.002077
9758	10621	2	0.002077
9760	9969	2	0.006410
9760	9522	3	0.009615
9760	10188	1	0.003205
9760	9526	8	0.025641
9761	9522	1	0.002551
9761	9573	393	1.002551
9762	10688	2	0.008696
9762	9417	1	0.004348
9762	10414	1	0.004348
9762	10727	3	0.013043
9764	9522	6	1.000000
9766	9522	1	0.055556
9767	9820	2	0.025316
9767	9445	2	0.025316
9767	9398	2	0.025316
9767	9943	2	0.025316
9771	9298	4	0.049383
9773	9433	2	0.066667
9776	9573	2	0.035088
9776	10759	1	0.017544
9778	10236	1	0.009346
9779	9474	1	0.001441
9779	9349	1	0.001441
9779	9355	1	0.001441
9779	9740	1	0.001441
9779	9487	3	0.004323
9779	10128	2	0.002882
9779	10414	24	0.034582
9779	9743	1	0.001441
9779	9370	1	0.001441
9779	9372	27	0.038905
9779	10522	2	0.002882
9779	10017	1	0.001441
9779	10209	2	0.002882
9779	9380	2	0.002882
9779	10789	2	0.002882
9779	10662	1	0.001441
9779	10797	1	0.001441
9779	10333	1	0.001441
9779	10671	2	0.002882
9779	9522	2294	3.305476
9779	9525	2	0.002882
9779	10150	2	0.002882
9779	10040	4	0.005764
9779	10809	5	0.007205
9779	9916	2	0.002882
9779	9407	2	0.002882
9779	10304	5	0.007205
9779	10306	2	0.002882
9779	10054	1	0.001441
9779	10695	2	0.002882
9779	9591	1	0.001441
9779	10829	2	0.002882
9779	10318	2	0.002882
9779	9552	1	0.001441
9779	9400	8852	12.755043
9779	9298	1	0.001441
9779	10195	1	0.001441
9779	9300	2	0.002882
9779	9550	2	0.002882
9779	10454	7	0.010086
9779	10584	5	0.007205
9779	9689	2	0.002882
9779	9359	2	0.002882
9779	9309	1	0.001441
9779	9438	4	0.005764
9779	9573	4	0.005764
9779	10384	5	0.007205
9779	10210	1	0.001441
9779	10723	1	0.001441
9779	9957	3	0.004323
9779	10727	6	0.008646
9779	10728	1	0.001441
9779	9660	1	0.001441
9779	9451	2	0.002882
9779	9964	2	0.002882
9779	10605	2	0.002882
9779	9968	2	0.002882
9779	10358	24	0.034582
9779	9847	1	0.001441
9779	9336	2	0.002882
9779	10815	1	0.001441
9779	9468	3	0.004323
9779	10621	5	0.007205
9779	10367	1	0.001441
9784	9573	2062	0.835494
9792	9339	1	0.001236
9792	9573	2	0.002472
9793	9388	2	0.009091
9793	9394	1	0.004545
9793	9396	2	0.009091
9793	9573	1	0.004545
9796	9573	353	0.672381
9798	9573	1	0.018182
9798	10414	1	0.018182
9798	9522	1	0.018182
9798	9402	1	0.018182
9798	10845	1	0.018182
9798	9438	2	0.036364
9801	9522	151	1.143939
9801	10789	12	0.090909
9801	9303	6	0.045455
9802	9573	1	0.016949
9802	9414	1	0.016949
9803	9573	2	0.021505
9803	9727	1	0.010753
9811	9568	1077	1.000000
9811	9766	1077	1.000000
9811	10030	2	0.001857
9811	9295	1077	1.000000
9811	9522	1077	1.000000
9811	9559	1077	1.000000
9811	9359	1077	1.000000
9815	9309	7	0.304348
9816	10088	8	0.380952
9816	9708	2	0.095238
9816	9522	5	0.238095
9816	10728	1	0.047619
9816	10066	4	0.190476
9816	10295	1	0.047619
9818	10465	1	0.000232
9819	10264	1	0.009346
9819	9709	1	0.009346
9820	10338	1	0.034483
9820	9445	1	0.034483
9820	10088	1	0.034483
9820	9457	1	0.034483
9820	10066	1	0.034483
9820	9395	1	0.034483
9820	9493	1	0.034483
9820	9398	2	0.068966
9820	9943	1	0.034483
9820	9690	1	0.034483
9820	10195	3	0.103448
9821	10789	1	0.008130
9821	10055	1	0.008130
9821	9522	27	0.219512
9821	10358	2	0.016260
9821	10845	1	0.008130
9821	9573	2	0.016260
9822	10626	2	0.009524
9822	9349	2	0.009524
9822	9319	1	0.004762
9822	10125	1	0.004762
9822	9522	214	1.019048
9822	10069	2	0.009524
9822	10230	1	0.004762
9822	9465	1	0.004762
9822	9690	1	0.004762
9822	9917	4	0.019048
9825	10273	6	0.004286
9825	10224	2	0.001429
9825	10789	1	0.000714
9825	10414	11	0.007857
9825	10845	1	0.000714
9825	9552	6	0.004286
9825	9522	54	0.038571
9825	10358	5	0.003571
9825	9375	1	0.000714
9825	10621	2	0.001429
9825	10238	6	0.004286
9825	9573	1	0.000714
9827	9573	2	0.007220
9827	9798	1	0.003610
9827	9833	17	0.061372
9827	9522	2	0.007220
9827	9300	55	0.198556
9827	10358	1	0.003610
9827	10072	1	0.003610
9827	10845	1	0.003610
9828	9573	10	0.039062
9832	9762	726	1.053701
9832	10662	7	0.010160
9832	10055	2	0.002903
9832	9550	35	0.050798
9832	9552	2	0.002903
9832	9522	9	0.013062
9832	10414	372	0.539913
9832	10358	2	0.002903
9832	10618	1	0.001451
9832	9884	368	0.534107
9833	10020	1	0.004902
9833	10789	3	0.014706
9833	9709	1	0.004902
9833	10030	18	0.088235
9833	9309	1	0.004902
9833	10224	101	0.495098
9833	9522	21	0.102941
9833	9971	1	0.004902
9833	10358	1	0.004902
9833	10845	1	0.004902
9835	10017	38	0.061192
9835	9522	40	0.064412
9835	9321	3	0.004831
9835	9902	2	0.003221
9835	10073	105	0.169082
9836	10122	1	0.037037
9836	9894	2	0.074074
9836	9550	5	0.185185
9838	10123	2	0.058824
9843	9762	3	0.006977
9843	10727	17	0.039535
9843	10338	9	0.020930
9843	10030	3	0.006977
9843	10445	2	0.004651
9843	9522	57	0.132558
9843	9971	3	0.006977
9843	10414	3	0.006977
9843	9303	2	0.004651
9843	9690	1	0.002326
9843	10621	2	0.004651
9844	9954	1	0.043478
9844	10835	1	0.043478
9844	9522	4	0.173913
9844	10358	1	0.043478
9846	10273	34	0.006703
9846	9762	6	0.001183
9846	9573	205	0.040418
9846	10727	4	0.000789
9846	9833	1	0.000197
9846	10338	5	0.000986
9846	10030	6	0.001183
9846	10224	1	0.000197
9846	10072	1	0.000197
9846	9522	19	0.003746
9846	9971	4	0.000789
9846	10414	1	0.000197
9846	10646	1	0.000197
9846	10296	1	0.000197
9846	10808	1646	0.324527
9846	10621	1	0.000197
9847	10625	3	0.006148
9847	10626	1	0.002049
9847	10662	1	0.002049
9847	10089	1	0.002049
9847	10763	288	0.590164
9847	10445	2	0.004098
9847	10829	1	0.002049
9847	9522	324	0.663934
9847	10358	10	0.020492
9847	9400	2	0.004098
9847	10329	1	0.002049
9847	10621	3	0.006148
9848	10825	1	0.041667
9848	9522	2	0.083333
9849	9339	3	0.041667
9849	10115	3	0.041667
9849	9573	7	0.097222
9850	10084	1	0.100000
9850	10358	1	0.100000
9851	10503	1	0.006623
9851	10311	1	0.006623
9851	10607	1	0.006623
9852	9573	2	0.003623
9852	9798	1	0.001812
9852	9833	42	0.076087
9852	10573	45	0.081522
9852	9522	3	0.005435
9852	10358	1	0.001812
9852	10072	1	0.001812
9852	10845	1	0.001812
9852	10527	12	0.021739
9856	9522	1	0.000344
9856	9573	4830	1.659224
9857	10695	4	0.012658
9857	10825	2	0.006329
9857	10414	2	0.006329
9857	9522	9	0.028481
9857	10584	3	0.009494
9857	10621	4	0.012658
9860	9636	120	1.000000
9860	10508	120	1.000000
9860	10129	241	2.008333
9860	9522	124	1.033333
9860	10358	3	0.025000
9860	9828	120	1.000000
9860	10621	123	1.025000
9863	10723	2	0.166667
9863	10358	2	0.166667
9864	9321	28	0.965517
9864	9538	28	0.965517
9864	10129	28	0.965517
9865	9891	1	0.001080
9865	9567	1	0.001080
9865	10662	1	0.001080
9865	10759	3	0.003240
9865	9992	1	0.001080
9865	9902	1	0.001080
9865	9522	21	0.022678
9865	9525	1	0.001080
9865	10358	9	0.009719
9865	9400	2	0.002160
9865	10043	1	0.001080
9865	9660	1	0.001080
9865	9917	1	0.001080
9865	9758	1	0.001080
9865	10687	1	0.001080
9867	10209	1	0.000689
9867	9571	2	0.001378
9867	10340	1	0.000689
9867	9737	717	0.494142
9867	10775	1	0.000689
9867	10414	229	0.157822
9867	10621	1	0.000689
9867	10224	1	0.000689
9867	9400	5	0.003446
9867	9522	1476	1.017229
9867	9998	2	0.001378
9867	10358	730	0.503101
9867	9321	3	0.002068
9867	9336	726	0.500345
9867	9690	1	0.000689
9867	10845	1	0.000689
9867	9342	4	0.002757
9867	9577	1	0.000689
9870	9968	140	0.965517
9870	10233	140	0.965517
9870	10437	1	0.006897
9870	9573	10	0.068966
9870	10063	140	0.965517
9871	9522	2	0.004808
9871	9339	1	0.002404
9871	9573	23	0.055288
9876	9998	3	0.002335
9876	10000	1	0.000778
9876	9375	451437	351.312840
9876	9762	8	0.006226
9876	10789	2	0.001556
9876	9513	2	0.001556
9876	10414	3	0.002335
9876	9647	3	0.002335
9876	10800	2	0.001556
9876	9522	20	0.015564
9876	10296	16	0.012451
9876	10055	1	0.000778
9876	10835	1	0.000778
9876	10584	1	0.000778
9876	9690	3	0.002335
9876	9309	10	0.007782
9876	10338	1	0.000778
9876	9573	2	0.001556
9876	10727	1	0.000778
9876	10088	1	0.000778
9876	9319	1	0.000778
9876	10224	5	0.003891
9876	10358	2	0.001556
9876	10621	2	0.001556
9884	9732	1	0.007812
9884	10374	3	0.023438
9884	9573	3	0.023438
9884	10122	2	0.015625
9884	10638	1	0.007812
9884	10133	1	0.007812
9884	10692	5	0.039062
9884	9894	2	0.015625
9884	9639	1	0.007812
9884	9645	1	0.007812
9884	9522	1	0.007812
9884	10634	2	0.015625
9884	9668	4	0.031250
9884	10566	4	0.031250
9884	10315	1	0.007812
9884	9550	6	0.046875
9884	9556	8	0.062500
9884	10199	2	0.015625
9884	9444	2	0.015625
9884	10463	1	0.007812
9884	10720	1	0.007812
9884	9956	1	0.007812
9884	9317	1	0.007812
9884	9832	7	0.054688
9884	9405	1	0.007812
9884	10355	1	0.007812
9884	10358	1	0.007812
9884	10747	1	0.007812
9888	10790	1	0.009804
9888	10454	1	0.009804
9890	10522	4	0.011561
9890	10235	4	0.011561
9891	9573	24	0.106195
9892	10072	2	0.001654
9892	10545	6	0.004963
9894	9522	3	0.007500
9894	9836	1	0.002500
9894	10621	2	0.005000
9894	10358	2	0.005000
9900	9464	1	0.016393
9900	9522	2	0.032787
9900	9573	1	0.016393
9902	9857	2	0.009091
9902	9867	2	0.009091
9902	10125	1	0.004545
9902	10712	1	0.004545
9902	9362	1	0.004545
9902	9640	1	0.004545
9902	9522	259	1.177273
9902	9398	1	0.004545
9902	10296	2	0.009091
9902	10358	8	0.036364
9902	10055	1	0.004545
9902	10568	2	0.009091
9902	9295	1	0.004545
9902	10584	1	0.004545
9902	10063	1	0.004545
9902	9309	4	0.018182
9902	9441	1	0.004545
9902	9573	1	0.004545
9902	10727	2	0.009091
9902	9321	1	0.004545
9902	10224	2	0.009091
9902	10230	1	0.004545
9902	10238	1	0.004545
9907	9888	1	0.001267
9907	10790	1	0.001267
9911	9760	1	0.006579
9911	10539	1	0.006579
9911	10414	1	0.006579
9911	9522	30	0.197368
9911	10163	1	0.006579
9911	10358	4	0.026316
9911	9847	1	0.006579
9911	10809	1	0.006579
9911	10621	5	0.032895
9912	10088	4	0.029412
9912	9680	2	0.014706
9912	10066	2	0.014706
9912	10426	2	0.014706
9912	9718	2	0.014706
9913	9825	1	0.009091
9913	10626	4	0.036364
9913	9573	1	0.009091
9913	10662	2	0.018182
9913	10825	2	0.018182
9913	10224	2	0.018182
9913	9522	3	0.027273
9914	10249	1	0.000885
9914	9739	1	0.000885
9914	9740	1	0.000885
9914	10584	54	0.047788
9914	9762	31	0.027434
9914	10789	10	0.008850
9914	10797	1	0.000885
9914	10333	1	0.000885
9914	10296	1	0.000885
9914	10809	1	0.000885
9914	10304	2	0.001770
9914	10306	1	0.000885
9914	9801	1	0.000885
9914	10827	2	0.001770
9914	9804	1	0.000885
9914	10829	1	0.000885
9914	10318	1	0.000885
9914	9298	1	0.000885
9914	10835	8	0.007080
9914	9300	1	0.000885
9914	10845	938	0.830088
9914	10338	1	0.000885
9914	9833	1	0.000885
9914	10358	237	0.209735
9914	9847	1	0.000885
9914	9336	1	0.000885
9914	10367	1	0.000885
9914	9860	1	0.000885
9914	9359	1	0.000885
9914	10384	1	0.000885
9914	10094	4	0.003540
9914	10392	1	0.000885
9914	9370	1	0.000885
9914	9372	2	0.001770
9914	9380	437	0.386726
9914	10411	1	0.000885
9914	10414	44	0.038938
9914	9400	346	0.306195
9914	9913	1	0.000885
9914	9403	449	0.397345
9914	9917	2	0.001770
9914	9407	1	0.000885
9914	10454	1	0.000885
9914	9433	1	0.000885
9914	9438	1	0.000885
9914	9954	1	0.000885
9914	9956	29	0.025664
9914	9957	1	0.000885
9914	9451	1	0.000885
9914	9964	1	0.000885
9914	9968	1	0.000885
9914	9468	1	0.000885
9914	9998	6	0.005310
9914	9487	1	0.000885
9914	10017	1	0.000885
9914	10030	2	0.001770
9914	9522	5413	4.790265
9914	9525	1	0.000885
9914	10040	1	0.000885
9914	9539	1	0.000885
9914	10055	9	0.007965
9914	10568	539	0.476991
9914	9550	1	0.000885
9914	9560	1	0.000885
9914	10593	1	0.000885
9914	9571	3	0.002655
9914	10084	95	0.084071
9914	9573	206	0.182301
9914	10088	1	0.000885
9914	10605	1	0.000885
9914	10606	1	0.000885
9914	10621	14	0.012389
9914	10072	134	0.118584
9914	10646	8	0.007080
9914	10650	9	0.007965
9914	9637	1	0.000885
9914	10150	1	0.000885
9914	10157	73	0.064602
9914	10671	1	0.000885
9914	9660	1	0.000885
9914	9670	1	0.000885
9914	10695	1	0.000885
9914	9689	1	0.000885
9914	10723	1	0.000885
9914	10662	5	0.004425
9914	10727	62	0.054867
9914	10224	11	0.009735
9914	10238	1	0.000885
9914	9727	1	0.000885
9915	10358	2	0.285714
9916	10656	1	0.001271
9916	10626	3	0.003812
9916	10084	1	0.001271
9916	10632	1	0.001271
9916	10825	1	0.001271
9916	10763	7	0.008895
9916	9346	2	0.002541
9916	10414	14	0.017789
9916	9359	2	0.002541
9916	9522	71	0.090216
9916	10067	9	0.011436
9916	9299	3	0.003812
9916	9902	1	0.001271
9916	10358	6	0.007624
9916	9586	2	0.002541
9916	10011	7	0.008895
9916	10621	86	0.109276
9916	9951	2	0.002541
9917	10454	1	0.010000
9918	9560	1	0.000662
9918	9474	4	0.002649
9918	10120	1	0.000662
9918	9739	2	0.001325
9918	9740	4	0.002649
9918	9359	6	0.003974
9918	10128	10	0.006623
9918	10584	2748	1.819868
9918	10514	4	0.002649
9918	10654	2	0.001325
9918	10273	2	0.001325
9918	9762	3	0.001987
9918	9380	1	0.000662
9918	10789	28	0.018543
9918	10150	4	0.002649
9918	10695	4	0.002649
9918	10414	16	0.010596
9918	10845	2	0.001325
9918	9522	3880	2.569536
9918	10163	2	0.001325
9918	10677	2	0.001325
9918	9400	35	0.023179
9918	10809	4	0.002649
9918	9403	2	0.001325
9918	9660	4	0.002649
9918	9407	8	0.005298
9918	9916	4	0.002649
9918	10230	2	0.001325
9918	9670	1	0.000662
9918	10055	40	0.026490
9918	10827	1	0.000662
9918	10445	72	0.047682
9918	10318	10	0.006623
9918	9552	6	0.003974
9918	10040	4	0.002649
9918	9298	4	0.002649
9918	9428	2	0.001325
9918	9550	8	0.005298
9918	10454	10	0.006623
9918	9303	3	0.001987
9918	10072	13	0.008609
9918	9956	2	0.001325
9918	9690	2	0.001325
9918	9968	8	0.005298
9918	10333	6	0.003974
9918	9438	14	0.009272
9918	10338	4	0.002649
9918	9571	4	0.002649
9918	10084	5	0.003311
9918	9573	17	0.011258
9918	10727	12	0.007947
9918	10088	8	0.005298
9918	9321	5	0.003311
9918	10605	6	0.003974
9918	10094	5	0.003311
9918	10224	2	0.001325
9918	10054	2	0.001325
9918	10358	251	0.166225
9918	10815	8	0.005298
9918	9468	4	0.002649
9918	10621	13	0.008609
9918	10238	3	0.001987
9918	10367	4	0.002649
9919	9922	86	0.047020
9919	10358	8	0.004374
9919	9670	2	0.001093
9919	9384	2	0.001093
9919	9998	4	0.002187
9919	9522	34	0.018589
9919	10454	10	0.005467
9919	10615	8	0.004374
9919	9369	1	0.000547
9919	10011	1	0.000547
9919	10621	1	0.000547
9919	10238	1	0.000547
9922	10454	1	0.004608
9922	9919	1	0.004608
9929	10807	22	0.095238
9931	9833	2	1.000000
9932	9298	4	0.025806
9932	9522	3	0.019355
9932	9309	13	0.083871
9932	10414	9	0.058065
9933	9552	1	0.026316
9933	10716	1	0.026316
9935	10446	2	0.076923
9936	10224	2	0.003945
9936	9762	1	0.001972
9936	10288	2	0.003945
9936	10414	2	0.003945
9936	10000	1708	3.368836
9936	9522	2	0.003945
9936	9690	1	0.001972
9936	9853	1	0.001972
9937	9312	95	4.318182
9937	9573	7	0.318182
9938	9762	6	0.015666
9938	10358	1	0.002611
9938	10727	1	0.002611
9938	10088	13	0.033943
9938	10055	9	0.023499
9938	10066	2	0.005222
9938	10414	2	0.005222
9938	9680	1	0.002611
9938	9522	5	0.013055
9938	9619	1	0.002611
9938	9718	2	0.005222
9938	9720	2	0.005222
9938	9690	4	0.010444
9939	9593	1	0.017241
9940	10149	2	0.002597
9940	9495	2	0.002597
9940	9973	2	0.002597
9940	10670	2	0.002597
9940	10207	2	0.002597
9941	10775	1	0.005556
9943	9504	8	0.021680
9943	10177	1	0.002710
9943	10338	13	0.035230
9943	10055	4	0.010840
9943	10727	1	0.002710
9943	10728	2	0.005420
9943	9762	4	0.010840
9943	9767	1	0.002710
9943	10700	2	0.005420
9943	10066	2	0.005420
9943	10414	6	0.016260
9943	10088	1	0.002710
9943	9522	8	0.021680
9943	9395	29	0.078591
9943	9998	2	0.005420
9943	10358	1	0.002710
9943	9971	6	0.016260
9943	9400	1	0.002710
9943	9690	1	0.002710
9943	10427	2	0.005420
9943	9820	1	0.002710
9944	10273	2	0.001157
9944	9762	2	0.001157
9944	10094	4	0.002313
9944	10818	2	0.001157
9944	9550	21	0.012146
9944	10296	19	0.010989
9944	9522	988	0.571429
9944	10414	7	0.004049
9944	10358	6	0.003470
9944	9400	11	0.006362
9944	9690	7	0.004049
9944	9407	2	0.001157
9947	9573	2	0.006803
9947	9798	1	0.003401
9947	9833	44	0.149660
9947	10636	12	0.040816
9947	9522	3	0.010204
9947	9460	12	0.040816
9947	10358	1	0.003401
9947	9591	12	0.040816
9947	10072	1	0.003401
9947	9466	12	0.040816
9947	10845	1	0.003401
9947	10725	12	0.040816
9951	9573	4	0.013423
9952	10072	4	0.400000
9954	9522	4	0.173913
9954	10835	1	0.043478
9954	10358	1	0.043478
9955	10557	1	0.083333
9955	9846	1	0.083333
9956	9451	1	0.003891
9956	10306	1	0.003891
9956	9349	1	0.003891
9956	9964	2	0.007782
9956	10506	1	0.003891
9956	10125	3	0.011673
9956	9359	1	0.003891
9956	10000	2	0.007782
9956	9362	1	0.003891
9956	9493	1	0.003891
9956	9689	1	0.003891
9956	9370	1	0.003891
9956	10522	1	0.003891
9956	10014	1	0.003891
9956	9375	2	0.007782
9956	9508	1	0.003891
9956	9637	1	0.003891
9956	10150	1	0.003891
9956	10411	1	0.003891
9956	10797	1	0.003891
9956	10333	1	0.003891
9956	10671	1	0.003891
9956	9522	262	1.019455
9956	9525	1	0.003891
9956	9398	1	0.003891
9956	10296	2	0.007782
9956	10425	1	0.003891
9956	9660	1	0.003891
9956	9916	1	0.003891
9956	10815	1	0.003891
9956	10210	1	0.003891
9956	10818	2	0.007782
9956	9539	1	0.003891
9956	10566	1	0.003891
9956	10695	1	0.003891
9956	9416	1	0.003891
9956	9591	1	0.003891
9956	10829	2	0.007782
9956	10318	1	0.003891
9956	9552	1	0.003891
9956	9298	1	0.003891
9956	10454	1	0.003891
9956	9944	2	0.007782
9956	9433	1	0.003891
9956	9487	1	0.003891
9956	9309	2	0.007782
9956	9438	1	0.003891
9956	10593	1	0.003891
9956	10338	1	0.003891
9956	10723	1	0.003891
9956	9957	2	0.007782
9956	9319	1	0.003891
9956	9832	1	0.003891
9956	9321	258	1.003891
9956	10727	1	0.003891
9956	9708	1	0.003891
9956	10605	1	0.003891
9956	9968	1	0.003891
9956	9843	1	0.003891
9956	9844	1	0.003891
9956	9894	1	0.003891
9956	9847	1	0.003891
9956	9593	1	0.003891
9956	9407	1	0.003891
9956	9468	1	0.003891
9956	10367	2	0.007782
9957	10115	1	0.002924
9957	9849	2	0.005848
9957	9913	1	0.002924
9957	9539	1	0.002924
9957	10414	1	0.002924
9957	10584	1	0.002924
9957	9522	25	0.073099
9957	10035	1	0.002924
9957	9822	1	0.002924
9957	10358	4	0.011696
9957	10745	4	0.011696
9957	9400	1	0.002924
9957	9625	2	0.005848
9957	10202	1	0.002924
9957	9532	1	0.002924
9957	10621	2	0.005848
9957	10650	1	0.002924
9959	9560	1	0.000829
9959	9474	3	0.002486
9959	10120	1	0.000829
9959	9739	2	0.001657
9959	9740	3	0.002486
9959	9359	4	0.003314
9959	10128	7	0.005800
9959	10072	7	0.005800
9959	10514	2	0.001657
9959	10654	2	0.001657
9959	10224	2	0.001657
9959	9762	3	0.002486
9959	9380	1	0.000829
9959	10789	26	0.021541
9959	10150	3	0.002486
9959	10695	3	0.002486
9959	10414	16	0.013256
9959	10845	2	0.001657
9959	9522	2835	2.348799
9959	10163	2	0.001657
9959	10677	2	0.001657
9959	10040	3	0.002486
9959	10809	3	0.002486
9959	9403	2	0.001657
9959	9660	3	0.002486
9959	10815	6	0.004971
9959	10273	2	0.001657
9959	10230	2	0.001657
9959	9670	1	0.000829
9959	10055	22	0.018227
9959	10827	1	0.000829
9959	10445	19	0.015742
9959	10318	7	0.005800
9959	9552	4	0.003314
9959	9400	35	0.028998
9959	9298	3	0.002486
9959	9428	2	0.001657
9959	9550	6	0.004971
9959	10454	7	0.005800
9959	9303	3	0.002486
9959	10584	2040	1.690141
9959	9956	2	0.001657
9959	9690	2	0.001657
9959	10333	4	0.003314
9959	9438	10	0.008285
9959	10338	3	0.002486
9959	9571	4	0.003314
9959	10084	5	0.004143
9959	9573	16	0.013256
9959	10727	9	0.007457
9959	10088	6	0.004971
9959	9916	3	0.002486
9959	10605	4	0.003314
9959	10094	5	0.004143
9959	9968	6	0.004971
9959	10054	2	0.001657
9959	10358	134	0.111019
9959	9321	5	0.004143
9959	9407	6	0.004971
9959	9468	3	0.002486
9959	10621	12	0.009942
9959	10238	3	0.002486
9959	10367	3	0.002486
9963	9573	5	0.025381
9964	10306	3	0.038462
9964	10726	5	0.064103
9964	9451	3	0.038462
9964	9554	3	0.038462
9964	10605	3	0.038462
9964	10414	2	0.025641
9964	9551	10	0.128205
9964	9522	32	0.410256
9964	9400	6	0.076923
9964	9917	3	0.038462
9967	9573	1	0.020833
9968	9956	1	0.006579
9968	10437	4	0.026316
9968	10088	4	0.026316
9968	9643	2	0.013158
9968	10098	4	0.026316
9968	9870	4	0.026316
9968	9487	4	0.026316
9968	9522	62	0.407895
9968	9957	6	0.039474
9968	9998	4	0.026316
9968	10358	10	0.065789
9968	10584	8	0.052632
9968	10063	3	0.019737
9968	9309	4	0.026316
9968	10271	4	0.026316
9969	9760	724	0.846784
9969	10188	720	0.842105
9969	9573	720	0.842105
9969	9526	722	0.844444
9971	9833	1	0.000189
9971	9395	2	0.000379
9971	9573	2	0.000379
9972	10626	2	0.001053
9972	9349	2	0.001053
9972	9998	1	0.000527
9972	10273	4	0.002106
9972	9762	74	0.038968
9972	10789	9	0.004739
9972	10662	10	0.005266
9972	10414	33	0.017378
9972	9647	6	0.003160
9972	10800	1	0.000527
9972	9522	334	0.175882
9972	10163	4	0.002106
9972	9400	1	0.000527
9972	9407	5928	3.121643
9972	9668	4	0.002106
9972	10055	2	0.001053
9972	9416	1	0.000527
9972	9550	1	0.000527
9972	10831	9	0.004739
9972	9552	3	0.001580
9972	10296	3	0.001580
9972	10835	6	0.003160
9972	9429	9	0.004739
9972	10072	1	0.000527
9972	9690	3	0.001580
9972	10209	3	0.001580
9972	9573	2	0.001053
9972	9319	9	0.004739
9972	9321	4	0.002106
9972	10727	6	0.003160
9972	10224	2	0.001053
9972	10358	53	0.027909
9972	9833	5	0.002633
9972	10621	147	0.077409
9976	10050	1	0.002907
9976	9798	2	0.005814
9976	10414	2	0.005814
9976	9522	6	0.017442
9976	10358	1	0.002907
9976	9527	2	0.005814
9976	9402	2	0.005814
9976	9438	24	0.069767
9976	9599	8	0.023256
9977	9710	1	0.027778
9978	9573	2	0.014706
9978	9661	1	0.007353
9979	9573	94	2.043478
9979	9661	1	0.021739
9982	9592	2	1.000000
9987	9573	19	0.044917
9988	10358	1	0.166667
9989	10249	1	0.000818
9989	9739	2	0.001637
9989	9740	5	0.004092
9989	10072	10	0.008183
9989	10273	2	0.001637
9989	9762	3	0.002455
9989	10789	22	0.018003
9989	10797	1	0.000818
9989	10333	2	0.001637
9989	10296	1	0.000818
9989	10809	5	0.004092
9989	10815	8	0.006547
9989	10306	1	0.000818
9989	10827	1	0.000818
9989	9804	1	0.000818
9989	10829	1	0.000818
9989	10318	6	0.004910
9989	9298	5	0.004092
9989	9300	3	0.002455
9989	9303	3	0.002455
9989	10845	3	0.002455
9989	10338	5	0.004092
9989	9321	5	0.004092
9989	10358	108	0.088380
9989	9847	1	0.000818
9989	9336	1	0.000818
9989	10367	5	0.004092
9989	9860	1	0.000818
9989	9359	2	0.001637
9989	9370	1	0.000818
9989	9380	15	0.012275
9989	10411	1	0.000818
9989	10414	16	0.013093
9989	9400	35	0.028642
9989	9403	2	0.001637
9989	9916	4	0.003273
9989	9407	9	0.007365
9989	10445	19	0.015548
9989	9428	2	0.001637
9989	10454	6	0.004910
9989	9433	1	0.000818
9989	9438	10	0.008183
9989	9954	1	0.000818
9989	9956	2	0.001637
9989	9957	1	0.000818
9989	9451	1	0.000818
9989	9964	1	0.000818
9989	9968	9	0.007365
9989	9468	5	0.004092
9989	9474	4	0.003273
9989	9487	1	0.000818
9989	10514	3	0.002455
9989	10017	1	0.000818
9989	9522	1700	1.391162
9989	9525	1	0.000818
9989	10040	5	0.004092
9989	9539	1	0.000818
9989	10054	2	0.001637
9989	10055	22	0.018003
9989	9550	10	0.008183
9989	9552	1	0.000818
9989	10584	1488	1.217676
9989	10593	1	0.000818
9989	9571	4	0.003273
9989	10084	5	0.004092
9989	9573	15	0.012275
9989	10088	9	0.007365
9989	10605	2	0.001637
9989	10094	5	0.004092
9989	10621	9	0.007365
9989	9560	1	0.000818
9989	10120	1	0.000818
9989	10128	6	0.004910
9989	10654	2	0.001637
9989	9637	1	0.000818
9989	10150	5	0.004092
9989	10671	1	0.000818
9989	10163	3	0.002455
9989	10677	2	0.001637
9989	9660	5	0.004092
9989	9670	1	0.000818
9989	10695	5	0.004092
9989	9689	1	0.000818
9989	9690	2	0.001637
9989	10723	1	0.000818
9989	10727	13	0.010638
9989	10224	2	0.001637
9989	10230	2	0.001637
9989	10238	3	0.002455
9989	9727	1	0.000818
9998	9571	1	0.000706
9998	9474	2	0.001411
9998	9860	1	0.000706
9998	9349	2	0.001411
9998	10759	1	0.000706
9998	9556	3	0.002117
9998	10249	1	0.000706
9998	10122	1	0.000706
9998	9867	2	0.001411
9998	9487	1	0.000706
9998	10128	4	0.002823
9998	10129	3	0.002117
9998	9364	1	0.000706
9998	9493	1	0.000706
9998	9465	4	0.002823
9998	9370	2	0.001411
9998	10011	2	0.001411
9998	10522	3	0.002117
9998	10017	1	0.000706
9998	9380	1	0.000706
9998	9637	1	0.000706
9998	10662	1	0.000706
9998	10408	1	0.000706
9998	10411	1	0.000706
9998	10797	1	0.000706
9998	10414	1	0.000706
9998	10671	1	0.000706
9998	9522	1449	1.022583
9998	10547	1	0.000706
9998	9525	1	0.000706
9998	9655	1	0.000706
9998	10296	2	0.001411
9998	10809	1	0.000706
9998	9916	3	0.002117
9998	9917	1	0.000706
9998	9407	1	0.000706
9998	10210	1	0.000706
9998	10306	1	0.000706
9998	9539	1	0.000706
9998	9718	1	0.000706
9998	10566	1	0.000706
9998	10695	1	0.000706
9998	9417	1	0.000706
9998	9847	1	0.000706
9998	9804	1	0.000706
9998	9954	1	0.000706
9998	9550	2	0.001411
9998	10829	1	0.000706
9998	10040	1	0.000706
9998	9938	2	0.001411
9998	9683	1	0.000706
9998	9300	1	0.000706
9998	10318	1	0.000706
9998	10454	1	0.000706
9998	9943	1	0.000706
9998	9944	2	0.001411
9998	9433	1	0.000706
9998	9359	1	0.000706
9998	10845	1	0.000706
9998	9438	1	0.000706
9998	9573	1	0.000706
9998	10593	1	0.000706
9998	10338	2	0.001411
9998	10723	4	0.002823
9998	10084	6	0.004234
9998	9957	1	0.000706
9998	10727	3	0.002117
9998	10088	5	0.003529
9998	9660	1	0.000706
9998	9962	2	0.001411
9998	9451	1	0.000706
9998	9708	2	0.001411
9998	10605	1	0.000706
9998	9968	1	0.000706
9998	10609	5	0.003529
9998	10195	1	0.000706
9998	10358	2	0.001411
9998	9591	1	0.000706
9998	9721	1	0.000706
9998	10687	1	0.000706
9998	9727	1	0.000706
9998	9468	1	0.000706
9998	9342	2	0.001411
9998	10367	1	0.000706
9999	10128	21	0.084337
9999	9552	9	0.036145
9999	10723	6	0.024096
10000	10224	1	0.000976
10000	9762	1	0.000976
10000	10414	1	0.000976
10000	10288	5	0.004878
10000	9522	3	0.002927
10000	10296	1	0.000976
10000	9691	1	0.000976
10000	9853	3	0.002927
10002	10358	2	0.060606
10003	10092	2	0.002119
10003	10690	2	0.002119
10003	9940	2	0.002119
10003	10149	2	0.002119
10003	10670	2	0.002119
10004	9522	2	0.000663
10004	9573	24	0.007958
10006	10212	1	0.002146
10006	10501	3	0.006438
10007	10296	4	0.036036
10007	9416	1	0.009009
10007	9522	1	0.009009
10007	10402	1	0.009009
10011	10844	1	0.001290
10011	10656	2	0.002581
10011	10632	1	0.001290
10011	9321	2	0.002581
10011	10414	3	0.003871
10011	9522	3	0.003871
10011	9299	1	0.001290
10011	10779	3	0.003871
10011	9916	36	0.046452
10011	9822	1	0.001290
10012	9560	1	0.000846
10012	9474	4	0.003384
10012	10120	1	0.000846
10012	9739	2	0.001692
10012	9740	4	0.003384
10012	9359	1	0.000846
10012	10128	5	0.004230
10012	10584	1555	1.315567
10012	10514	3	0.002538
10012	10654	2	0.001692
10012	10224	2	0.001692
10012	9762	3	0.002538
10012	9380	1	0.000846
10012	10789	23	0.019459
10012	10150	4	0.003384
10012	10055	16	0.013536
10012	10414	16	0.013536
10012	10845	2	0.001692
10012	9522	1084	0.917090
10012	10163	2	0.001692
10012	10677	2	0.001692
10012	10040	4	0.003384
10012	10809	4	0.003384
10012	9403	2	0.001692
10012	9660	4	0.003384
10012	9407	8	0.006768
10012	10273	2	0.001692
10012	10230	2	0.001692
10012	10054	2	0.001692
10012	10695	4	0.003384
10012	10827	1	0.000846
10012	10445	14	0.011844
10012	10318	5	0.004230
10012	9552	1	0.000846
10012	9400	35	0.029611
10012	9298	4	0.003384
10012	9428	2	0.001692
10012	9550	8	0.006768
10012	10454	5	0.004230
10012	9303	3	0.002538
10012	10072	8	0.006768
10012	9956	2	0.001692
10012	9690	2	0.001692
10012	9670	1	0.000846
10012	10333	1	0.000846
10012	9438	9	0.007614
10012	10338	4	0.003384
10012	9571	4	0.003384
10012	10084	5	0.004230
10012	9573	16	0.013536
10012	10727	12	0.010152
10012	10088	8	0.006768
10012	9916	4	0.003384
10012	10605	1	0.000846
10012	10094	5	0.004230
10012	9968	8	0.006768
10012	10358	87	0.073604
10012	9321	5	0.004230
10012	10815	8	0.006768
10012	9468	4	0.003384
10012	10621	7	0.005922
10012	10238	3	0.002538
10012	10367	4	0.003384
10014	9536	1	0.000138
10014	10128	14	0.001936
10014	10626	1	0.000138
10014	10723	8	0.001106
10014	9349	10	0.001383
10014	10662	5	0.000691
10014	9863	2	0.000277
10014	10414	3	0.000415
10014	10224	2	0.000277
10014	9522	19	0.002627
10014	9556	2	0.000277
10014	10358	2	0.000277
10014	10425	2	0.000277
10014	9465	36	0.004978
10014	9690	1	0.000138
10014	10845	2	0.000277
10014	9822	1	0.000138
10014	9573	2	0.000277
10017	9600	2	0.057143
10017	10178	2	0.057143
10017	9522	5	0.142857
10017	10358	1	0.028571
10017	10073	39	1.114286
10017	10621	4	0.114286
10020	10329	1	0.010753
10020	9349	2	0.021505
10020	10030	1	0.010753
10023	10183	2	0.002309
10025	9522	4	0.004603
10025	9835	5	0.005754
10025	9573	1	0.001151
10028	10567	1	0.002618
10029	10521	2	0.000904
10029	10503	4	0.001808
10029	10311	2	0.000904
10030	9998	2	0.000364
10030	10392	1	0.000182
10030	10526	1	0.000182
10030	10273	2	0.000364
10030	9762	6	0.001093
10030	10789	1	0.000182
10030	10414	9	0.001640
10030	9522	47	0.008564
10030	10677	3	0.000547
10030	9400	2	0.000364
10030	10688	7	0.001276
10030	10055	1	0.000182
10030	9417	1	0.000182
10030	9303	1	0.000182
10030	10584	8	0.001458
10030	9573	41	0.007471
10030	10727	95	0.017310
10030	9833	1	0.000182
10030	10621	3	0.000547
10030	10224	3	0.000547
10030	10358	18	0.003280
10030	9853	5	0.000911
10032	10338	1	0.018868
10035	9522	1	0.076923
10035	9301	2	0.153846
10040	10179	1	0.000672
10040	10128	1	0.000672
10040	10667	9	0.006048
10040	9956	1	0.000672
10040	9573	1	0.000672
10040	10150	1	0.000672
10040	9355	14	0.009409
10040	10334	1	0.000672
10040	10414	2	0.001344
10040	10723	1	0.000672
10040	10192	7	0.004704
10040	9522	83	0.055780
10040	10835	12	0.008065
10040	10677	1	0.000672
10040	10358	5	0.003360
10040	10231	4	0.002688
10040	10809	14	0.009409
10040	10621	2	0.001344
10040	9438	14	0.009409
10040	10069	2	0.001344
10043	9442	1	0.000473
10043	9891	1	0.000473
10043	9573	9	0.004259
10043	10214	1	0.000473
10043	10759	1	0.000473
10043	10345	2	0.000947
10043	9963	1	0.000473
10043	9549	1	0.000473
10043	9646	1	0.000473
10043	9522	1	0.000473
10047	10098	7	0.085366
10047	9573	80	0.975610
10047	9870	6	0.073171
10050	10192	2	0.003101
10050	9798	2	0.003101
10050	9452	2	0.003101
10050	10445	2	0.003101
10050	10414	4	0.006202
10050	9743	8	0.012403
10050	10448	2	0.003101
10050	10705	4	0.006202
10050	9522	25	0.038760
10050	10358	1	0.001550
10050	9976	2	0.003101
10050	9402	1	0.001550
10050	9438	64	0.099225
10051	10446	3	0.230769
10051	9487	5	0.384615
10051	10449	2	0.153846
10051	10002	2	0.153846
10051	10414	1	0.076923
10051	10454	2	0.153846
10051	9693	2	0.153846
10054	9522	1	0.000307
10054	9380	4	0.001226
10054	9573	3	0.000920
10055	9538	2	0.005038
10055	10084	2	0.005038
10055	9573	4	0.010076
10055	9670	398	1.002519
10055	10727	5	0.012594
10055	9321	9	0.022670
10055	10445	1	0.002519
10055	10224	2	0.005038
10055	9522	471	1.186398
10055	9300	2	0.005038
10055	10358	21	0.052897
10055	10815	2	0.005038
10055	10621	1	0.002519
10055	10238	397	1.000000
10055	10789	2	0.005038
10057	9560	1	0.000787
10057	9474	4	0.003150
10057	10120	1	0.000787
10057	9739	2	0.001575
10057	9740	4	0.003150
10057	9359	1	0.000787
10057	10128	5	0.003937
10057	10584	1680	1.322835
10057	10514	3	0.002362
10057	10654	2	0.001575
10057	10273	2	0.001575
10057	9762	3	0.002362
10057	9380	1	0.000787
10057	10789	21	0.016535
10057	10150	4	0.003150
10057	10695	4	0.003150
10057	10414	16	0.012598
10057	10333	1	0.000787
10057	9522	1959	1.542520
10057	10163	2	0.001575
10057	10677	2	0.001575
10057	9400	35	0.027559
10057	10809	4	0.003150
10057	9403	2	0.001575
10057	9660	4	0.003150
10057	9407	8	0.006299
10057	9916	4	0.003150
10057	10230	2	0.001575
10057	9670	1	0.000787
10057	10055	39	0.030709
10057	10827	1	0.000787
10057	10445	72	0.056693
10057	10318	5	0.003937
10057	9552	1	0.000787
10057	10040	4	0.003150
10057	9298	4	0.003150
10057	9428	2	0.001575
10057	9550	8	0.006299
10057	10454	5	0.003937
10057	9303	3	0.002362
10057	10072	10	0.007874
10057	9956	2	0.001575
10057	9690	2	0.001575
10057	9968	8	0.006299
10057	10845	2	0.001575
10057	9438	9	0.007087
10057	10338	4	0.003150
10057	9571	4	0.003150
10057	10084	5	0.003937
10057	9573	17	0.013386
10057	10727	12	0.009449
10057	10088	8	0.006299
10057	9321	5	0.003937
10057	10605	1	0.000787
10057	10094	5	0.003937
10057	10224	2	0.001575
10057	10054	2	0.001575
10057	10358	148	0.116535
10057	10815	8	0.006299
10057	9468	4	0.003150
10057	10621	7	0.005512
10057	10238	3	0.002362
10057	10367	4	0.003150
10060	9637	3	0.085714
10060	9573	2	0.057143
10061	10728	1	0.001908
10061	9457	1	0.001908
10061	10280	104	0.198473
10061	9708	1	0.001908
10061	10125	6	0.011450
10061	9998	1	0.001908
10061	10088	14	0.026718
10061	9522	3	0.005725
10061	9718	1	0.001908
10061	9938	1	0.001908
10061	9690	1	0.001908
10062	9522	1	0.032258
10063	9968	3	0.012712
10063	9321	1	0.004237
10063	9362	1	0.004237
10063	9522	6	0.025424
10063	10414	2	0.008475
10066	10338	2	0.007782
10066	10088	3	0.011673
10066	9708	2	0.007782
10066	9457	2	0.007782
10066	9938	2	0.007782
10066	9493	2	0.007782
10066	9943	2	0.007782
10066	9343	2	0.007782
10067	10568	1	0.005263
10067	9857	1	0.005263
10067	10358	2	0.010526
10067	10055	1	0.005263
10067	9640	1	0.005263
10067	9441	1	0.005263
10067	9295	1	0.005263
10067	10224	1	0.005263
10067	10712	1	0.005263
10067	9522	220	1.157895
10067	10230	1	0.005263
10067	10584	1	0.005263
10067	10063	1	0.005263
10068	9657	5	0.001320
10069	10309	2	0.011696
10069	10088	2	0.011696
10069	10621	2	0.011696
10069	10230	2	0.011696
10069	9720	2	0.011696
10069	9917	98	0.573099
10070	10249	1	0.000400
10070	9740	1	0.000400
10070	10584	128	0.051139
10070	9762	68	0.027167
10070	10789	14	0.005593
10070	10797	1	0.000400
10070	10333	1	0.000400
10070	10296	1	0.000400
10070	10809	1	0.000400
10070	10304	2	0.000799
10070	10306	1	0.000400
10070	10825	3	0.001199
10070	10827	5	0.001998
10070	9804	1	0.000400
10070	10829	1	0.000400
10070	10318	1	0.000400
10070	9298	1	0.000400
10070	10835	7	0.002797
10070	9300	1	0.000400
10070	9303	1	0.000400
10070	10845	219	0.087495
10070	9822	1	0.000400
10070	10338	1	0.000400
10070	9833	3	0.001199
10070	10358	491	0.196165
10070	9321	5	0.001998
10070	9336	1	0.000400
10070	10367	1	0.000400
10070	9860	1	0.000400
10070	9359	1	0.000400
10070	10384	1	0.000400
10070	9362	2	0.000799
10070	10392	2	0.000799
10070	9370	1	0.000400
10070	9372	3	0.001199
10070	9380	98	0.039153
10070	10411	1	0.000400
10070	10414	1180	0.471434
10070	9400	354	0.141430
10070	9403	29	0.011586
10070	9917	2	0.000799
10070	9407	1	0.000400
10070	9417	1	0.000400
10070	9847	1	0.000400
10070	9428	17	0.006792
10070	10454	1	0.000400
10070	9433	1	0.000400
10070	9438	1	0.000400
10070	9954	1	0.000400
10070	9956	235	0.093887
10070	9957	1	0.000400
10070	9451	1	0.000400
10070	9964	1	0.000400
10070	9968	1	0.000400
10070	9468	1	0.000400
10070	9998	1	0.000400
10070	9487	1	0.000400
10070	10017	1	0.000400
10070	9522	12465	4.980024
10070	9525	1	0.000400
10070	10040	1	0.000400
10070	9538	1	0.000400
10070	9539	1	0.000400
10070	10055	13	0.005194
10070	10568	57	0.022773
10070	9550	1	0.000400
10070	10072	295	0.117859
10070	10593	1	0.000400
10070	9571	1529	0.610867
10070	10084	216	0.086296
10070	9573	460	0.183779
10070	10088	1	0.000400
10070	10605	1	0.000400
10070	10094	6	0.002397
10070	10621	24	0.009588
10070	9560	2	0.000799
10070	10120	161	0.064323
10070	10650	3	0.001199
10070	9637	1	0.000400
10070	10150	1	0.000400
10070	10157	14	0.005593
10070	10671	1	0.000400
10070	10163	6	0.002397
10070	9660	1	0.000400
10070	9670	1	0.000400
10070	10695	1	0.000400
10070	9689	1	0.000400
10070	10723	1	0.000400
10070	10727	139	0.055533
10070	10224	12	0.004794
10070	10238	2	0.000799
10070	9727	1	0.000400
10072	9522	8	0.022284
10072	9739	43	0.119777
10072	9573	34	0.094708
10072	10055	1	0.002786
10073	10017	36	0.084112
10073	9522	38	0.088785
10073	9902	2	0.004673
10073	9321	3	0.007009
10081	10069	1	0.035714
10082	9573	1	0.001068
10083	9538	1	0.076923
10083	9454	2	0.153846
10084	10224	1	0.001462
10084	9522	721	1.054094
10084	9380	3	0.004386
10084	9573	2	0.002924
10084	9998	1	0.001462
10085	9560	1	0.000835
10085	9474	3	0.002506
10085	10120	1	0.000835
10085	9739	2	0.001671
10085	9740	3	0.002506
10085	9359	4	0.003342
10085	10128	7	0.005848
10085	10072	7	0.005848
10085	10514	2	0.001671
10085	10654	2	0.001671
10085	10224	2	0.001671
10085	9762	3	0.002506
10085	9380	1	0.000835
10085	10789	26	0.021721
10085	10150	3	0.002506
10085	10695	3	0.002506
10085	10414	16	0.013367
10085	10845	2	0.001671
10085	9522	2834	2.367586
10085	10163	2	0.001671
10085	10677	2	0.001671
10085	10040	3	0.002506
10085	10809	3	0.002506
10085	9403	2	0.001671
10085	9660	3	0.002506
10085	10815	6	0.005013
10085	10273	2	0.001671
10085	10230	2	0.001671
10085	9670	1	0.000835
10085	10055	22	0.018379
10085	10827	1	0.000835
10085	10445	19	0.015873
10085	10318	7	0.005848
10085	9552	4	0.003342
10085	9400	35	0.029240
10085	9298	3	0.002506
10085	9428	2	0.001671
10085	9550	6	0.005013
10085	10454	7	0.005848
10085	9303	3	0.002506
10085	10584	2031	1.696742
10085	9956	2	0.001671
10085	9690	2	0.001671
10085	10333	4	0.003342
10085	9438	10	0.008354
10085	10338	3	0.002506
10085	9571	4	0.003342
10085	10084	5	0.004177
10085	9573	16	0.013367
10085	10727	9	0.007519
10085	10088	6	0.005013
10085	9916	3	0.002506
10085	10605	4	0.003342
10085	10094	5	0.004177
10085	9968	6	0.005013
10085	10054	2	0.001671
10085	10358	135	0.112782
10085	9321	5	0.004177
10085	9407	6	0.005013
10085	9468	3	0.002506
10085	10621	12	0.010025
10085	10238	3	0.002506
10085	10367	3	0.002506
10088	10763	1	0.001267
10088	10125	2	0.002535
10088	10639	6	0.007605
10088	9367	1	0.001267
10088	9753	2	0.002535
10088	10273	8	0.010139
10088	9762	1	0.001267
10088	10662	2	0.002535
10088	10280	1	0.001267
10088	10414	5	0.006337
10088	9522	302	0.382763
10088	9395	3	0.003802
10088	10295	2	0.002535
10088	9400	20	0.025349
10088	10175	1	0.001267
10088	10358	89	0.112801
10088	10209	1	0.001267
10088	10445	2	0.002535
10088	10061	7	0.008872
10088	10320	1	0.001267
10088	9938	13	0.016477
10088	10835	1	0.001267
10088	9303	1	0.001267
10088	10584	3	0.003802
10088	9434	2	0.002535
10088	9680	4	0.005070
10088	10338	1	0.001267
10088	10534	1	0.001267
10088	10727	2	0.002535
10088	9708	17	0.021546
10088	10066	1	0.001267
10088	9457	19	0.024081
10088	10067	42	0.053232
10088	9718	6	0.007605
10088	10621	170	0.215463
10089	10625	1	0.018519
10089	10210	1	0.018519
10089	9522	1	0.018519
10089	10414	1	0.018519
10089	9847	4	0.074074
10091	9522	15	1.363636
10091	10358	1	0.090909
10093	9592	2	0.002994
10093	9955	547	0.818862
10093	10597	547	0.818862
10093	9573	82	0.122754
10093	10345	12	0.017964
10093	9522	6	0.008982
10093	9361	547	0.818862
10093	10418	547	0.818862
10093	10072	2	0.002994
10093	10047	547	0.818862
10093	9661	551	0.824850
10093	10303	547	0.818862
10094	9825	1	0.003922
10094	9380	13	0.050980
10094	10084	2	0.007843
10094	10789	4	0.015686
10094	10646	1	0.003922
10094	9771	2	0.007843
10094	9298	2	0.007843
10094	10224	2	0.007843
10094	10584	1	0.003922
10094	9522	6707	26.301961
10094	10358	14	0.054902
10094	9656	2	0.007843
10094	9465	1	0.003922
10094	9968	2	0.007843
10094	10271	2	0.007843
10095	9312	3	0.006452
10095	10081	4	0.008602
10095	9474	491	1.055914
10095	10055	2	0.004301
10095	10210	322	0.692473
10095	10414	1	0.002151
10095	9522	5	0.010753
10095	10190	2	0.004301
10095	10358	3	0.006452
10095	10423	1	0.002151
10095	10429	2	0.004301
10095	10143	1	0.002151
10100	10659	1	0.066667
10100	10180	2	0.133333
10100	10277	1	0.066667
10100	9553	1	0.066667
10100	10216	2	0.133333
10100	9481	1	0.066667
10100	10410	2	0.133333
10100	10609	1	0.066667
10100	9522	1	0.066667
10100	9524	1	0.066667
10100	10293	2	0.133333
10100	10649	1	0.066667
10100	10330	2	0.133333
10102	10568	1	0.005814
10102	9857	2	0.011628
10102	10230	1	0.005814
10102	9441	1	0.005814
10102	9640	1	0.005814
10102	10055	1	0.005814
10102	10125	1	0.005814
10102	9295	1	0.005814
10102	10224	2	0.011628
10102	10712	1	0.005814
10102	9522	203	1.180233
10102	10358	2	0.011628
10102	10584	1	0.005814
10102	10063	1	0.005814
10102	10238	1	0.005814
10105	10166	1	0.004673
10106	9339	59	0.163435
10106	9573	6	0.016620
10108	10273	9	0.023560
10108	9309	3	0.007853
10108	10238	6	0.015707
10109	9847	1	0.090909
10110	10449	1	0.022222
10110	9538	1	0.022222
10110	10419	1	0.022222
10110	10556	1	0.022222
10110	9309	6	0.133333
10112	10249	2	0.090909
10112	9522	3	0.136364
10112	10358	2	0.090909
10113	10727	2	0.064516
10115	9573	2	0.003752
10115	9798	1	0.001876
10115	9833	7	0.013133
10115	9522	3	0.005629
10115	10358	1	0.001876
10115	10072	1	0.001876
10115	10845	1	0.001876
10115	9957	6	0.011257
10117	10811	2	0.008889
10117	10023	2	0.008889
10117	10451	2	0.008889
10117	10078	2	0.008889
10117	10183	2	0.008889
10119	9657	2	0.003344
10119	9595	2	0.003344
10119	10509	6	0.010033
10120	10304	2	0.002869
10120	10634	1	0.001435
10120	10072	98	0.140603
10120	10584	42	0.060258
10120	9362	1	0.001435
10120	10030	1	0.001435
10120	10646	1	0.001435
10120	9751	1	0.001435
10120	10392	1	0.001435
10120	9370	1	0.001435
10120	9372	8	0.011478
10120	10522	1	0.001435
10120	9762	23	0.032999
10120	9380	15	0.021521
10120	10789	7	0.010043
10120	10384	1	0.001435
10120	10411	1	0.001435
10120	10414	1388	1.991392
10120	9522	7850	11.262554
10120	9400	224	0.321377
10120	9917	1	0.001435
10120	10129	1	0.001435
10120	10818	1	0.001435
10120	9670	1	0.001435
10120	10055	8	0.011478
10120	10568	2	0.002869
10120	10827	1	0.001435
10120	9548	1	0.001435
10120	9556	1	0.001435
10120	10454	1	0.001435
10120	9303	1	0.001435
10120	9560	1	0.001435
10120	10084	82	0.117647
10120	10845	6	0.008608
10120	9438	1	0.001435
10120	10128	1	0.001435
10120	10338	1	0.001435
10120	9571	2	0.002869
10120	9956	226	0.324247
10120	9573	145	0.208034
10120	10727	48	0.068867
10120	10728	1	0.001435
10120	9321	185	0.265423
10120	10094	250	0.358680
10120	10224	2	0.002869
10120	10358	167	0.239598
10120	9465	1	0.001435
10120	10621	3	0.004304
10120	10238	1	0.001435
10122	9550	2	0.024691
10123	9522	35	0.121107
10123	9573	81	0.280277
10124	9474	1	0.001730
10124	9349	1	0.001730
10124	9355	1	0.001730
10124	9538	1	0.001730
10124	9743	1	0.001730
10124	10384	5	0.008651
10124	10414	26	0.044983
10124	9370	1	0.001730
10124	9372	27	0.046713
10124	10522	2	0.003460
10124	10017	1	0.001730
10124	10209	1	0.001730
10124	9380	2	0.003460
10124	10789	2	0.003460
10124	10150	1	0.001730
10124	10797	1	0.001730
10124	10333	1	0.001730
10124	10671	1	0.001730
10124	9522	1726	2.986159
10124	9525	1	0.001730
10124	9400	7581	13.115917
10124	10809	4	0.006920
10124	9916	1	0.001730
10124	9407	1	0.001730
10124	10304	5	0.008651
10124	10306	1	0.001730
10124	10054	1	0.001730
10124	10695	2	0.003460
10124	9968	2	0.003460
10124	9591	1	0.001730
10124	10829	1	0.001730
10124	10318	1	0.001730
10124	9552	1	0.001730
10124	10040	2	0.003460
10124	9298	1	0.001730
10124	10195	1	0.001730
10124	9300	2	0.003460
10124	9550	2	0.003460
10124	10454	6	0.010381
10124	10584	5	0.008651
10124	9689	1	0.001730
10124	9359	1	0.001730
10124	9309	1	0.001730
10124	9438	3	0.005190
10124	9573	4	0.006920
10124	10128	2	0.003460
10124	9957	2	0.003460
10124	10727	5	0.008651
10124	10728	1	0.001730
10124	9451	1	0.001730
10124	9964	1	0.001730
10124	10605	1	0.001730
10124	10662	1	0.001730
10124	9487	2	0.003460
10124	10358	120	0.207612
10124	9847	1	0.001730
10124	9336	1	0.001730
10124	9468	2	0.003460
10124	10621	5	0.008651
10124	10367	1	0.001730
10125	9482	1	0.000306
10125	9493	2	0.000613
10125	9504	5	0.001532
10125	10273	1	0.000306
10125	9762	4	0.001226
10125	10845	1	0.000306
10125	9522	9	0.002758
10125	9395	17	0.005210
10125	10055	16	0.004903
10125	9314	1	0.000306
10125	10061	2	0.000613
10125	9938	1	0.000306
10125	10195	3	0.000919
10125	9943	4	0.001226
10125	9309	13	0.003984
10125	10338	14	0.004291
10125	9445	1	0.000306
10125	10727	3	0.000919
10125	10728	50	0.015323
10125	10864	2	0.000613
10125	10088	14	0.004291
10125	10108	1	0.000306
10126	10296	1	0.000207
10126	9573	8	0.001654
10127	9414	12	0.923077
10128	9344	2	0.000375
10128	9349	5512	1.033371
10128	9739	3	0.000562
10128	9944	2	0.000375
10128	10818	2	0.000375
10128	9998	12	0.002250
10128	9744	32	0.005999
10128	10072	6	0.001125
10128	9902	2	0.000375
10128	10014	25	0.004687
10128	9590	2	0.000375
10128	10020	6	0.001125
10128	10789	9	0.001687
10128	10414	55	0.010311
10128	9522	5317	0.996813
10128	10163	3	0.000562
10128	9400	19	0.003562
10128	10425	4745	0.889576
10128	9536	4733	0.887327
10128	10050	2	0.000375
10128	9925	2	0.000375
10128	10566	2	0.000375
10128	9825	2	0.000375
10128	9417	6	0.001125
10128	10573	4735	0.887702
10128	9550	3	0.000562
10128	10445	3	0.000562
10128	9938	2	0.000375
10128	10067	2	0.000375
10128	10584	2	0.000375
10128	9690	2	0.000375
10128	10831	2	0.000375
10128	10845	5	0.000937
10128	10463	2	0.000375
10128	10209	2	0.000375
10128	10723	11	0.002062
10128	9573	46	0.008624
10128	9321	5	0.000937
10128	10094	2	0.000375
10128	10835	3	0.000562
10128	10358	75	0.014061
10128	9465	4917	0.921822
10128	10621	118	0.022122
10129	10240	1	0.005682
10129	9864	2	0.011364
10129	10125	1	0.005682
10129	9362	1	0.005682
10129	10522	1	0.005682
10129	10789	1	0.005682
10129	10288	1	0.005682
10129	10545	1	0.005682
10129	9522	2	0.011364
10129	9398	1	0.005682
10129	10295	3	0.017045
10129	9922	1	0.005682
10129	10179	1	0.005682
10129	10066	10	0.056818
10129	9429	2	0.011364
10129	9434	1	0.005682
10129	9565	1	0.005682
10129	10334	1	0.005682
10129	10277	1	0.005682
10129	10130	1	0.005682
10129	10727	1	0.005682
10129	10088	1	0.005682
10129	9321	1	0.005682
10129	9447	1	0.005682
10129	10221	1	0.005682
10129	10616	1	0.005682
10129	9465	1	0.005682
10129	10110	1	0.005682
10130	9538	1	0.009524
10130	9522	1	0.009524
10130	9508	1	0.009524
10130	9762	1	0.009524
10130	9590	1	0.009524
10133	9573	479	0.835951
10133	10527	479	0.835951
10134	10249	1	0.000648
10134	9739	1	0.000648
10134	9740	1	0.000648
10134	10072	96	0.062216
10134	9762	22	0.014258
10134	10789	9	0.005833
10134	10797	1	0.000648
10134	10333	1	0.000648
10134	10296	1	0.000648
10134	10809	1	0.000648
10134	10304	2	0.001296
10134	10306	1	0.000648
10134	9801	1	0.000648
10134	10827	5	0.003240
10134	9804	1	0.000648
10134	10829	1	0.000648
10134	10318	1	0.000648
10134	9298	1	0.000648
10134	10835	6	0.003889
10134	9300	1	0.000648
10134	10845	881	0.570966
10134	10338	1	0.000648
10134	9321	3	0.001944
10134	10358	241	0.156189
10134	9847	1	0.000648
10134	9336	1	0.000648
10134	10367	1	0.000648
10134	9860	1	0.000648
10134	9359	1	0.000648
10134	10384	1	0.000648
10134	10392	2	0.001296
10134	9370	1	0.000648
10134	9372	3	0.001944
10134	9380	539	0.349320
10134	10411	1	0.000648
10134	10414	1121	0.726507
10134	9400	209	0.135450
10134	9403	427	0.276734
10134	9917	1	0.000648
10134	9407	1	0.000648
10134	9428	17	0.011017
10134	10454	1	0.000648
10134	9433	1	0.000648
10134	9438	1	0.000648
10134	9954	1	0.000648
10134	9956	188	0.121841
10134	9957	1	0.000648
10134	9451	1	0.000648
10134	9964	1	0.000648
10134	9968	1	0.000648
10134	9468	1	0.000648
10134	9487	1	0.000648
10134	10017	1	0.000648
10134	10030	2	0.001296
10134	9522	14121	9.151653
10134	9525	1	0.000648
10134	10040	1	0.000648
10134	9539	1	0.000648
10134	10055	10	0.006481
10134	10568	538	0.348671
10134	9550	1	0.000648
10134	9560	2	0.001296
10134	10593	1	0.000648
10134	9571	42	0.027220
10134	10084	122	0.079067
10134	9573	146	0.094621
10134	10088	1	0.000648
10134	10605	1	0.000648
10134	10094	30	0.019443
10134	10621	13	0.008425
10134	10120	161	0.104342
10134	10646	3	0.001944
10134	10650	9	0.005833
10134	10584	93	0.060272
10134	9637	1	0.000648
10134	10150	1	0.000648
10134	10157	73	0.047310
10134	10671	1	0.000648
10134	10163	3	0.001944
10134	9660	1	0.000648
10134	9670	1	0.000648
10134	10695	1	0.000648
10134	9689	1	0.000648
10134	10723	1	0.000648
10134	10727	45	0.029164
10134	10224	5	0.003240
10134	10238	1	0.000648
10134	9727	1	0.000648
10141	10249	1	0.000953
10141	9740	1	0.000953
10141	10072	99	0.094376
10141	9751	1	0.000953
10141	9762	23	0.021926
10141	10789	8	0.007626
10141	10797	1	0.000953
10141	10333	1	0.000953
10141	10296	1	0.000953
10141	10809	1	0.000953
10141	10304	2	0.001907
10141	10306	1	0.000953
10141	10827	1	0.000953
10141	9804	1	0.000953
10141	10829	1	0.000953
10141	10318	1	0.000953
10141	9298	1	0.000953
10141	9300	1	0.000953
10141	9303	1	0.000953
10141	10845	131	0.124881
10141	10338	2	0.001907
10141	9321	176	0.167779
10141	10358	213	0.203051
10141	9847	1	0.000953
10141	9336	1	0.000953
10141	10367	1	0.000953
10141	9860	1	0.000953
10141	9359	1	0.000953
10141	10384	1	0.000953
10141	9362	1	0.000953
10141	10392	2	0.001907
10141	9370	2	0.001907
10141	9372	20	0.019066
10141	9380	100	0.095329
10141	10411	2	0.001907
10141	10414	1423	1.356530
10141	9400	398	0.379409
10141	9403	17	0.016206
10141	9917	1	0.000953
10141	9407	1	0.000953
10141	9428	17	0.016206
10141	10454	2	0.001907
10141	9433	1	0.000953
10141	9438	2	0.001907
10141	9954	1	0.000953
10141	9956	233	0.222116
10141	9957	1	0.000953
10141	9451	1	0.000953
10141	9964	1	0.000953
10141	9968	1	0.000953
10141	9465	1	0.000953
10141	9468	1	0.000953
10141	9998	2	0.001907
10141	9487	1	0.000953
10141	10522	1	0.000953
10141	10017	1	0.000953
10141	10030	1	0.000953
10141	9522	12104	11.538608
10141	9525	1	0.000953
10141	10040	1	0.000953
10141	9539	1	0.000953
10141	10055	8	0.007626
10141	10568	78	0.074357
10141	9548	1	0.000953
10141	9550	1	0.000953
10141	9556	1	0.000953
10141	9560	1	0.000953
10141	10593	1	0.000953
10141	9571	42	0.040038
10141	10084	126	0.120114
10141	9573	146	0.139180
10141	10088	1	0.000953
10141	10605	1	0.000953
10141	10094	35	0.033365
10141	10621	9	0.008580
10141	10120	580	0.552908
10141	10634	1	0.000953
10141	10818	1	0.000953
10141	10128	1	0.000953
10141	10129	1	0.000953
10141	10650	2	0.001907
10141	10584	73	0.069590
10141	9637	1	0.000953
10141	10150	1	0.000953
10141	10157	15	0.014299
10141	10671	1	0.000953
10141	10163	3	0.002860
10141	10677	1	0.000953
10141	9660	1	0.000953
10141	9670	1	0.000953
10141	10695	1	0.000953
10141	9689	1	0.000953
10141	10723	1	0.000953
10141	10727	49	0.046711
10141	10728	1	0.000953
10141	10224	2	0.001907
10141	10238	1	0.000953
10141	9727	1	0.000953
10142	9768	1	0.008333
10142	10392	3	0.025000
10142	9987	1	0.008333
10142	9468	2	0.016667
10142	10637	1	0.008333
10143	10210	3	0.014778
10145	9362	3	0.272727
10147	9560	1	0.000915
10147	9474	4	0.003660
10147	10120	1	0.000915
10147	9739	2	0.001830
10147	9740	4	0.003660
10147	9359	1	0.000915
10147	10128	5	0.004575
10147	10072	10	0.009149
10147	10514	3	0.002745
10147	10654	2	0.001830
10147	10224	2	0.001830
10147	9762	3	0.002745
10147	9380	1	0.000915
10147	10789	22	0.020128
10147	10150	4	0.003660
10147	10695	4	0.003660
10147	10414	16	0.014639
10147	10845	2	0.001830
10147	9522	1715	1.569076
10147	10163	2	0.001830
10147	10677	2	0.001830
10147	10040	4	0.003660
10147	10809	4	0.003660
10147	9403	2	0.001830
10147	9660	4	0.003660
10147	10815	8	0.007319
10147	10273	2	0.001830
10147	10230	2	0.001830
10147	10054	2	0.001830
10147	10055	23	0.021043
10147	10827	1	0.000915
10147	10445	19	0.017383
10147	9550	8	0.007319
10147	9552	1	0.000915
10147	9400	35	0.032022
10147	9298	4	0.003660
10147	9428	2	0.001830
10147	10318	5	0.004575
10147	10454	5	0.004575
10147	9303	3	0.002745
10147	10584	1491	1.364135
10147	9956	2	0.001830
10147	9690	2	0.001830
10147	9670	1	0.000915
10147	10333	1	0.000915
10147	9438	9	0.008234
10147	10338	4	0.003660
10147	9571	4	0.003660
10147	10084	5	0.004575
10147	9573	16	0.014639
10147	10727	12	0.010979
10147	10088	8	0.007319
10147	9916	4	0.003660
10147	10605	1	0.000915
10147	10094	5	0.004575
10147	9968	8	0.007319
10147	10358	103	0.094236
10147	9321	5	0.004575
10147	9407	8	0.007319
10147	9468	4	0.003660
10147	10621	7	0.006404
10147	10238	3	0.002745
10147	10367	4	0.003660
10149	10092	1	0.018182
10150	9538	2	0.004619
10150	10630	3	0.006928
10150	9522	41	0.094688
10150	9362	6	0.013857
10150	10163	18	0.041570
10150	9438	3	0.006928
10152	10023	1	0.041667
10152	10183	1	0.041667
10156	10123	1	0.003717
10156	10060	1	0.003717
10156	9878	1	0.003717
10156	9895	1	0.003717
10157	9762	1	0.021739
10157	9380	20	0.434783
10157	9573	1	0.021739
10157	10055	2	0.043478
10157	10568	147	3.195652
10157	10414	2	0.043478
10157	9522	256	5.565217
10157	10030	2	0.043478
10157	10358	4	0.086957
10157	10650	1	0.021739
10157	9403	6	0.130435
10157	10845	70	1.521739
10159	10072	1	0.004425
10159	9464	3	0.013274
10159	9522	170	0.752212
10159	9459	3	0.013274
10159	9573	15	0.066372
10163	9522	460	4.035088
10163	10621	16	0.140351
10167	9833	19	0.044084
10167	9522	1	0.002320
10167	9573	2	0.004640
10167	9798	1	0.002320
10167	10647	23	0.053364
10169	9560	1	0.000805
10169	9474	4	0.003221
10169	10120	1	0.000805
10169	10677	2	0.001610
10169	9739	2	0.001610
10169	9740	4	0.003221
10169	9359	1	0.000805
10169	10128	5	0.004026
10169	10072	10	0.008052
10169	10514	3	0.002415
10169	10654	2	0.001610
10169	10224	2	0.001610
10169	9762	3	0.002415
10169	9380	1	0.000805
10169	10789	22	0.017713
10169	10150	4	0.003221
10169	10695	4	0.003221
10169	10414	16	0.012882
10169	10845	2	0.001610
10169	9522	1802	1.450886
10169	10163	2	0.001610
10169	9822	1	0.000805
10169	10040	4	0.003221
10169	10809	4	0.003221
10169	9403	2	0.001610
10169	9660	4	0.003221
10169	10815	8	0.006441
10169	10273	2	0.001610
10169	10230	2	0.001610
10169	10054	2	0.001610
10169	10055	24	0.019324
10169	9417	1	0.000805
10169	10827	1	0.000805
10169	10445	19	0.015298
10169	10318	5	0.004026
10169	9552	1	0.000805
10169	9400	35	0.028180
10169	9298	4	0.003221
10169	9428	2	0.001610
10169	9550	8	0.006441
10169	10454	5	0.004026
10169	9303	3	0.002415
10169	10584	1553	1.250403
10169	9956	2	0.001610
10169	9690	2	0.001610
10169	9670	1	0.000805
10169	10333	1	0.000805
10169	9438	9	0.007246
10169	10338	4	0.003221
10169	9571	88	0.070853
10169	10084	5	0.004026
10169	9573	16	0.012882
10169	10727	12	0.009662
10169	10088	8	0.006441
10169	9916	4	0.003221
10169	10605	1	0.000805
10169	10094	5	0.004026
10169	9968	8	0.006441
10169	10358	108	0.086957
10169	9321	5	0.004026
10169	9407	8	0.006441
10169	9468	4	0.003221
10169	10621	7	0.005636
10169	10238	3	0.002415
10169	10367	4	0.003221
10170	9590	6	0.004702
10170	10789	4	0.003135
10170	10130	3	0.002351
10170	10621	3	0.002351
10170	10800	4	0.003135
10170	9522	28	0.021944
10170	10358	21	0.016458
10170	9309	2120	1.661442
10171	9573	3	0.081081
10172	9560	1	0.000706
10172	9474	4	0.002825
10172	10120	1	0.000706
10172	9739	2	0.001412
10172	9740	4	0.002825
10172	9359	4	0.002825
10172	10128	8	0.005650
10172	10584	2291	1.617938
10172	10514	2	0.001412
10172	10654	2	0.001412
10172	10224	2	0.001412
10172	9762	1	0.000706
10172	9380	1	0.000706
10172	10789	25	0.017655
10172	10150	4	0.002825
10172	10695	4	0.002825
10172	10414	16	0.011299
10172	10845	2	0.001412
10172	9522	3417	2.413136
10172	10163	2	0.001412
10172	10677	2	0.001412
10172	10040	4	0.002825
10172	10809	4	0.002825
10172	9403	2	0.001412
10172	9660	4	0.002825
10172	9407	8	0.005650
10172	9916	4	0.002825
10172	10273	2	0.001412
10172	10230	2	0.001412
10172	9670	1	0.000706
10172	10055	40	0.028249
10172	10827	1	0.000706
10172	10445	77	0.054379
10172	10318	8	0.005650
10172	9552	4	0.002825
10172	9400	35	0.024718
10172	9298	4	0.002825
10172	9428	2	0.001412
10172	9550	8	0.005650
10172	10454	8	0.005650
10172	9303	3	0.002119
10172	10072	7	0.004944
10172	9956	2	0.001412
10172	9690	2	0.001412
10172	10333	4	0.002825
10172	9438	12	0.008475
10172	10338	4	0.002825
10172	9571	4	0.002825
10172	10084	5	0.003531
10172	9573	17	0.012006
10172	10727	12	0.008475
10172	10088	8	0.005650
10172	9321	5	0.003531
10172	10605	4	0.002825
10172	10094	5	0.003531
10172	9968	8	0.005650
10172	10054	2	0.001412
10172	10358	176	0.124294
10172	10815	8	0.005650
10172	9468	4	0.002825
10172	10621	12	0.008475
10172	10238	3	0.002119
10172	10367	4	0.002825
10175	10088	26	1.040000
10175	9538	1	0.040000
10175	10414	1	0.040000
10176	10723	2	0.048780
10176	10573	2	0.048780
10176	9550	1	0.024390
10176	10128	42	1.024390
10176	9556	1	0.024390
10176	10014	1	0.024390
10177	10338	2	0.400000
10177	9493	2	0.400000
10177	9522	2	0.400000
10177	9943	2	0.400000
10178	9600	1	0.111111
10178	10073	1	0.111111
10178	9466	1	0.111111
10178	9522	1	0.111111
10178	10017	1	0.111111
10179	10277	1	0.018519
10179	10334	1	0.018519
10179	10231	1	0.018519
10180	10659	1	0.052632
10180	10100	2	0.105263
10180	10277	1	0.052632
10180	9553	1	0.052632
10180	10216	2	0.105263
10180	9481	2	0.105263
10180	10410	2	0.105263
10180	10609	2	0.105263
10180	9522	2	0.105263
10180	9524	1	0.052632
10180	10293	2	0.105263
10180	10649	2	0.105263
10180	10330	2	0.105263
10188	10093	128	0.673684
10190	9312	1	0.024390
10190	9937	42	1.024390
10190	9474	88	2.146341
10190	9522	3	0.073171
10190	10210	7	0.170732
10191	9522	4	0.074074
10191	9348	1	0.018519
10192	9761	1	0.003165
10192	10334	3	0.009494
10192	10414	4	0.012658
10192	10584	6	0.018987
10192	9522	12	0.037975
10192	9998	1	0.003165
10192	10040	17	0.053797
10192	9438	13	0.041139
10193	9522	1	0.071429
10195	10338	5	0.004000
10195	9445	1	0.000800
10195	10055	2	0.001600
10195	10295	1	0.000800
10195	10125	2	0.001600
10195	10414	1	0.000800
10195	10066	1	0.000800
10195	9522	11	0.008800
10195	9762	4	0.003200
10195	10358	1	0.000800
10195	9303	1	0.000800
10195	9690	1	0.000800
10195	9820	1	0.000800
10195	9573	1	0.000800
10199	9522	73	0.553030
10199	9884	71	0.537879
10199	9550	77	0.583333
10207	9961	1	0.022727
10207	9940	1	0.022727
10209	9728	2	0.007812
10209	10758	2	0.007812
10209	10759	2	0.007812
10209	10249	2	0.007812
10209	9740	3	0.011719
10209	9743	1	0.003906
10209	10270	1	0.003906
10209	10271	1	0.003906
10209	9760	1	0.003906
10209	9768	4	0.015625
10209	9771	2	0.007812
10209	9309	2	0.007812
10209	10296	4	0.015625
10209	10809	2	0.007812
10209	10815	3	0.011719
10209	10818	2	0.007812
10209	9804	1	0.003906
10209	10829	1	0.003906
10209	10318	3	0.011719
10209	9295	1	0.003906
10209	9298	3	0.011719
10209	9299	3	0.011719
10209	9300	2	0.007812
10209	9301	2	0.007812
10209	10333	3	0.011719
10209	9825	1	0.003906
10209	10338	4	0.015625
10209	9832	1	0.003906
10209	9838	1	0.003906
10209	10864	1	0.003906
10209	10355	1	0.003906
10209	10358	2	0.007812
10209	9847	2	0.007812
10209	9336	3	0.011719
10209	10575	2	0.007812
10209	9919	1	0.003906
10209	10367	3	0.011719
10209	9857	4	0.015625
10209	9860	2	0.007812
10209	9349	3	0.011719
10209	9355	2	0.007812
10209	9359	3	0.011719
10209	9362	2	0.007812
10209	9365	1	0.003906
10209	9369	3	0.011719
10209	9370	1	0.003906
10209	9375	1	0.003906
10209	10404	1	0.003906
10209	9894	1	0.003906
10209	10411	3	0.011719
10209	10414	1	0.003906
10209	9392	1	0.003906
10209	10425	2	0.007812
10209	9916	2	0.007812
10209	10429	2	0.007812
10209	9407	2	0.007812
10209	9416	2	0.007812
10209	9417	2	0.007812
10209	9422	2	0.007812
10209	10448	2	0.007812
10209	9938	1	0.003906
10209	10446	2	0.007812
10209	10454	3	0.011719
10209	9943	2	0.007812
10209	9944	1	0.003906
10209	9433	3	0.011719
10209	9438	3	0.011719
10209	9441	2	0.007812
10209	9954	3	0.011719
10209	9957	3	0.011719
10209	9451	2	0.007812
10209	9964	2	0.007812
10209	9454	1	0.003906
10209	10479	1	0.003906
10209	9968	3	0.011719
10209	9976	2	0.007812
10209	9465	2	0.007812
10209	9466	1	0.003906
10209	9343	1	0.003906
10209	9468	4	0.015625
10209	9474	5	0.019531
10209	10306	1	0.003906
10209	10506	2	0.007812
10209	9487	3	0.011719
10209	10000	1	0.003906
10209	9491	1	0.003906
10209	9493	1	0.003906
10209	10522	1	0.003906
10209	10011	1	0.003906
10209	10017	2	0.007812
10209	9508	1	0.003906
10209	10545	2	0.007812
10209	9522	321	1.253906
10209	9524	1	0.003906
10209	9525	2	0.007812
10209	10040	4	0.015625
10209	9536	2	0.007812
10209	10050	1	0.003906
10209	9539	3	0.011719
10209	10055	3	0.011719
10209	10568	1	0.003906
10209	9548	1	0.003906
10209	10573	1	0.003906
10209	9550	1	0.003906
10209	10637	2	0.007812
10209	9553	1	0.003906
10209	10584	1	0.003906
10209	10585	1	0.003906
10209	9569	1	0.003906
10209	9573	1	0.003906
10209	10088	3	0.011719
10209	10089	2	0.007812
10209	10605	3	0.011719
10209	10609	1	0.003906
10209	9591	3	0.011719
10209	9593	2	0.007812
10209	9867	2	0.007812
10209	9452	2	0.007812
10209	10634	1	0.003906
10209	10125	2	0.007812
10209	10128	1	0.003906
10209	10379	1	0.003906
10209	10647	1	0.003906
10209	10652	1	0.003906
10209	10662	6	0.023438
10209	9640	3	0.011719
10209	10667	2	0.007812
10209	9656	2	0.007812
10209	10170	1	0.003906
10209	9660	1	0.003906
10209	9662	2	0.007812
10209	10687	2	0.007812
10209	10692	2	0.007812
10209	10695	3	0.011719
10209	10696	2	0.007812
10209	10190	2	0.007812
10209	10192	1	0.003906
10209	10195	1	0.003906
10209	10708	1	0.003906
10209	10712	3	0.011719
10209	10063	1	0.003906
10209	10720	2	0.007812
10209	10723	1	0.003906
10209	10150	1	0.003906
10209	10726	1	0.003906
10209	10727	4	0.015625
10209	9705	1	0.003906
10209	9706	2	0.007812
10209	9708	1	0.003906
10209	10221	1	0.003906
10209	9711	1	0.003906
10209	10224	3	0.011719
10209	10230	1	0.003906
10209	10745	1	0.003906
10209	10238	1	0.003906
10209	9727	3	0.011719
10210	9312	3	0.006263
10210	10081	4	0.008351
10210	9474	509	1.062630
10210	10055	2	0.004175
10210	10190	2	0.004175
10210	9522	6	0.012526
10210	10414	1	0.002088
10210	10358	3	0.006263
10210	10423	1	0.002088
10210	10429	2	0.004175
10210	10143	1	0.002088
10212	10501	1	0.027027
10214	9522	2	0.024390
10214	9573	4	0.048780
10216	10659	2	0.133333
10216	10100	2	0.133333
10216	10277	1	0.066667
10216	9553	1	0.066667
10216	9481	1	0.066667
10216	10410	2	0.133333
10216	10609	1	0.066667
10216	9522	1	0.066667
10216	9524	1	0.066667
10216	10293	2	0.133333
10216	10649	1	0.066667
10216	10330	2	0.133333
10216	10180	2	0.133333
10221	10789	1	0.004000
10221	10829	7	0.028000
10221	10414	1	0.004000
10221	9522	19	0.076000
10221	10388	1	0.004000
10221	10358	1	0.004000
10222	9522	1	0.055556
10222	10467	2	0.111111
10223	9556	1	0.047619
10223	10479	1	0.047619
10223	10204	1	0.047619
10223	9550	1	0.047619
10223	9863	1	0.047619
10224	9349	6	0.004894
10224	9739	2	0.001631
10224	9362	2	0.001631
10224	10414	2	0.001631
10224	10011	2	0.001631
10224	9375	2	0.001631
10224	10789	1	0.000816
10224	9642	2	0.001631
10224	10030	3	0.002447
10224	9522	20	0.016313
10224	10040	2	0.001631
10224	9417	8	0.006525
10224	9551	2	0.001631
10224	9556	2	0.001631
10224	10845	4	0.003263
10224	9825	2	0.001631
10224	9573	2	0.001631
10224	10727	2	0.001631
10224	10728	2	0.001631
10224	9718	1	0.000816
10224	9464	1	0.000816
10224	9853	3	0.002447
10224	9365	1	0.000816
10228	9321	1	0.028571
10228	10367	5	0.142857
10230	9400	27	0.473684
10230	10209	2	0.035088
10230	9522	10	0.175439
10230	9822	2	0.035088
10231	9538	1	0.025641
10231	10667	1	0.025641
10231	9438	3	0.076923
10231	10334	1	0.025641
10232	9720	3	0.032609
10234	10800	3	0.004115
10234	10556	1	0.001372
10234	10084	1	0.001372
10234	9309	4	0.005487
10234	10727	3	0.004115
10235	9962	2	0.007273
10238	9825	1	0.009434
10238	9571	1	0.009434
10238	9573	2	0.018868
10238	10055	106	1.000000
10238	10088	1	0.009434
10238	10727	1	0.009434
10238	9517	1	0.009434
10238	9454	1	0.009434
10238	10224	2	0.018868
10238	9522	106	1.000000
10238	10547	1	0.009434
10238	10414	1	0.009434
10238	10073	1	0.009434
10238	9919	1	0.009434
10238	10557	3	0.028302
10238	9407	1	0.009434
