Src	Trg	LinkCount	RelLinkCount
59392	60648	1	0.009434
59392	59590	1	0.009434
59392	60573	1	0.009434
59392	59902	2	0.018868
59393	59636	1	0.038462
59393	60333	5	0.192308
59394	59459	3	0.006726
59394	59367	6	0.013453
59394	59369	446	1.000000
59394	59306	3	0.006726
59394	59783	6	0.013453
59394	59215	3	0.006726
59394	59986	12	0.026906
59394	60339	455	1.020179
59394	60248	9	0.020179
59395	60530	27	1.000000
59395	59325	76	2.814815
59396	59590	1	0.005051
59396	59276	25	0.126263
59396	59538	3	0.015152
59396	60371	1	0.005051
59396	59641	1	0.005051
59396	60027	24	0.121212
59396	59518	1	0.005051
59397	59960	1	0.047619
59397	60265	20	0.952381
59397	60170	1	0.047619
59397	60500	1	0.047619
59399	59220	6	0.033149
59399	59538	4	0.022099
59399	60148	154	0.850829
59400	59986	4	0.021858
59400	59325	1	0.005464
59400	60006	4	0.021858
59400	59895	1	0.005464
59401	59442	1	0.002793
59401	59557	1	0.002793
59401	60038	3	0.008380
59401	59367	1	0.002793
59401	60073	1	0.002793
59401	59818	1	0.002793
59401	59783	2	0.005587
59401	59794	1	0.002793
59401	60014	1	0.002793
59401	59407	1	0.002793
59401	59986	5	0.013966
59401	59839	1	0.002793
59401	59510	1	0.002793
59401	59919	1	0.002793
59401	60377	1	0.002793
59401	59322	1	0.002793
59401	59355	3	0.008380
59401	60006	3	0.008380
59401	59325	22	0.061453
59401	59717	1	0.002793
59402	60420	5	0.012690
59402	60006	2	0.005076
59402	59367	4	0.010152
59402	60680	20	0.050761
59402	59325	23	0.058376
59402	59479	8	0.020305
59402	59384	1	0.002538
59402	60409	1	0.002538
59402	59839	1	0.002538
59402	59997	4	0.010152
59402	59711	1	0.002538
59403	60157	1	0.000621
59403	59685	3	0.001863
59403	60331	1	0.000621
59403	60680	1	0.000621
59403	59325	3	0.001863
59403	59370	3	0.001863
59403	59389	1	0.000621
59403	60076	1	0.000621
59403	59154	9	0.005590
59403	59374	2	0.001242
59403	59535	2	0.001242
59403	59538	28	0.017391
59403	59220	2	0.001242
59403	59125	1	0.000621
59403	59611	1	0.000621
59403	59384	2	0.001242
59403	59675	1	0.000621
59403	59437	1	0.000621
59403	59882	2	0.001242
59404	59590	9	0.019355
59404	60006	5	0.010753
59404	59367	10	0.021505
59404	60170	1	0.002151
59404	60141	5	0.010753
59404	59325	3	0.006452
59404	59985	56	0.120430
59404	59986	1	0.002151
59404	59960	32	0.068817
59404	59544	1	0.002151
59404	60444	1	0.002151
59404	60061	2	0.004301
59405	60034	1	0.000231
59405	59437	9	0.002082
59405	59535	13	0.003008
59405	59538	2	0.000463
59405	59674	1	0.000231
59405	59675	15	0.003471
59405	60444	5	0.001157
59405	59937	6	0.001388
59405	60329	6	0.001388
59405	60076	24	0.005553
59405	60333	2	0.000463
59405	59312	129	0.029847
59405	59316	4	0.000925
59405	59325	6	0.001388
59405	59590	2	0.000463
59405	60360	1	0.000231
59405	59855	1	0.000231
59405	59986	1	0.000231
59405	59860	2	0.000463
59405	59479	2	0.000463
59405	60377	15	0.003471
59405	59610	1	0.000231
59405	60006	8	0.001851
59405	59367	3	0.000694
59405	59882	1	0.000231
59405	59248	21	0.004859
59405	60019	1	0.000231
59405	59384	5	0.001157
59405	59641	1	0.000231
59405	60413	25	0.005784
59405	59518	1	0.000231
59406	59986	1	0.032258
59406	59367	2	0.064516
59407	59401	2	0.100000
59407	59986	2	0.100000
59408	59867	66158	86.368146
59409	59872	1	1.000000
59409	60609	1	1.000000
59409	60132	1	1.000000
59409	59265	1	1.000000
59410	60680	2	0.117647
59410	60107	1	0.058824
59411	59268	27	0.033962
59411	59783	16	0.020126
59411	60680	14	0.017610
59411	60300	5	0.006289
59411	59535	2	0.002516
59411	59675	1	0.001258
59411	60446	6	0.007547
59411	60704	2	0.002516
59411	59937	2	0.002516
59411	60199	29	0.036478
59411	59308	1	0.001258
59411	59565	2	0.002516
59411	59312	1	0.001258
59411	59322	6	0.007547
59411	59325	80	0.100629
59411	60223	1	0.001258
59411	60100	1	0.001258
59411	59590	5	0.006289
59411	60360	25	0.031447
59411	59986	8	0.010063
59411	60117	29	0.036478
59411	59355	13	0.016352
59411	60006	6	0.007547
59411	59367	68	0.085535
59411	59253	3	0.003774
59411	60409	1	0.001258
59411	59839	6	0.007547
59411	59518	2	0.002516
59413	59538	1	0.001453
59413	60006	1	0.001453
59414	60064	1	0.001799
59414	59202	1	0.001799
59414	59459	1	0.001799
59414	60420	2	0.003597
59414	60680	2	0.003597
59414	60324	1	0.001799
59414	59595	2	0.003597
59414	60652	9	0.016187
59414	59535	2	0.003597
59414	60360	1	0.001799
59414	59538	4	0.007194
59414	59860	3	0.005396
59414	60533	1	0.001799
59414	59389	1	0.001799
59414	59384	2	0.003597
59414	59316	1	0.001799
59414	60559	1	0.001799
59414	59675	2	0.003597
59414	59325	3	0.005396
59414	60377	1	0.001799
59414	59482	1	0.001799
59415	59951	2	0.133333
59415	59295	2	0.133333
59416	59544	3279	81.975000
59416	59649	2	0.050000
59416	60018	50	1.250000
59417	60006	4	0.010390
59417	60560	2	0.005195
59417	59601	4	0.010390
59417	59986	10	0.025974
59417	59605	2	0.005195
59417	59513	6	0.015584
59418	60090	1	0.002475
59420	59312	2	0.010101
59420	59937	2	0.010101
59420	60662	2	0.010101
59420	59510	2	0.010101
59420	59783	4	0.020202
59421	59216	2	0.005556
59421	59783	2	0.005556
59421	59561	226	0.627778
59421	59986	6	0.016667
59421	60464	226	0.627778
59421	60530	359	0.997222
59421	59381	5	0.013889
59421	60409	2	0.005556
59421	59196	1177	3.269444
59421	59325	3	0.008333
59422	60006	2	0.166667
59422	59367	1	0.083333
59422	60360	1	0.083333
59422	60690	1	0.083333
59422	59372	1	0.083333
59422	60594	5	0.416667
59422	59437	2	0.166667
59422	59986	1	0.083333
59422	59513	4	0.333333
59422	60413	2	0.166667
59423	60547	2	0.142857
59424	59783	1	0.047619
59424	59749	21	1.000000
59424	59951	457	21.761905
59426	59538	5	0.025253
59426	59986	3	0.015152
59426	59309	1	0.005051
59427	60006	26	0.036415
59427	59783	1	0.001401
59427	59720	11	0.015406
59427	59367	1	0.001401
59427	59986	9	0.012605
59427	59608	5	0.007003
59428	59367	59	1.017241
59428	59306	58	1.000000
59428	59243	59	1.017241
59428	59986	59	1.017241
59428	60530	59	1.017241
59428	59195	59	1.017241
59430	59585	73	1.073529
59430	60006	1	0.014706
59430	60166	4	0.058824
59430	59367	5	0.073529
59430	60233	3	0.044118
59430	59306	1	0.014706
59430	60530	1	0.014706
59430	59535	1	0.014706
59430	59986	6	0.088235
59430	59384	4	0.058824
59431	59538	1	0.012987
59431	59757	5	0.064935
59432	59896	1	0.004808
59432	59538	215	1.033654
59432	59196	1	0.004808
59432	59901	1	0.004808
59433	59456	1	0.010638
59433	60281	4	0.042553
59433	59172	1	0.010638
59433	59590	1	0.010638
59433	59902	2	0.021277
59434	59464	1	0.030303
59434	59590	1	0.030303
59434	59367	2	0.060606
59435	60256	1	0.005714
59435	59937	1	0.005714
59435	59459	1	0.005714
59435	59590	1	0.005714
59435	60006	8	0.045714
59435	60007	1	0.005714
59435	60680	4	0.022857
59435	59312	1	0.005714
59435	59986	4	0.022857
59435	60564	1	0.005714
59435	59444	1	0.005714
59435	59355	5	0.028571
59435	59516	1	0.005714
59435	59325	16	0.091429
59436	59873	2	0.003419
59436	59590	1	0.001709
59437	59882	2	0.000335
59437	60680	6	0.001005
59437	59786	1	0.000168
59437	59918	1	0.000168
59437	59535	3	0.000503
59437	60560	1	0.000168
59437	59793	1	0.000168
59437	59538	5	0.000838
59437	60483	4	0.000670
59437	59796	1	0.000168
59437	60311	1	0.000168
59437	60440	1	0.000168
59437	60697	1	0.000168
59437	60058	1	0.000168
59437	59675	7	0.001173
59437	60444	27	0.004523
59437	60573	1	0.000168
59437	60320	1	0.000168
59437	59809	2	0.000335
59437	59459	7	0.001173
59437	59355	2	0.000335
59437	60329	175	0.029318
59437	59819	1	0.000168
59437	60076	2	0.000335
59437	60189	1	0.000168
59437	59312	3	0.000503
59437	60210	1	0.000168
59437	59316	1	0.000168
59437	60602	1	0.000168
59437	59325	5	0.000838
59437	59839	3	0.000503
59437	59456	6	0.001005
59437	60704	1	0.000168
59437	59843	1	0.000168
59437	59716	20	0.003351
59437	59311	1	0.000168
59437	59590	8	0.001340
59437	59937	5	0.000838
59437	60360	9	0.001508
59437	60107	1	0.000168
59437	59855	40	0.006701
59437	59601	2	0.000335
59437	59986	3	0.000503
59437	59220	2	0.000335
59437	59477	1	0.000168
59437	60630	1	0.000168
59437	59367	6	0.001005
59437	60120	1	0.000168
59437	60377	8	0.001340
59437	59482	1	0.000168
59437	59471	1	0.000168
59437	59322	2	0.000335
59437	59998	1	0.000168
59437	59745	15	0.002513
59437	60006	11	0.001843
59437	59751	1	0.000168
59437	60138	1	0.000168
59437	59243	1	0.000168
59437	59757	1	0.000168
59437	59389	1	0.000168
59437	59505	1	0.000168
59437	59518	1	0.000168
59437	59384	2	0.000335
59437	59513	6	0.001005
59437	60061	1	0.000168
59437	60156	1	0.000168
59437	60413	4	0.000670
59437	59134	1	0.000168
59438	59367	6	0.020833
59438	59370	3	0.010417
59438	60076	2	0.006944
59438	59632	7	0.024306
59438	59986	1	0.003472
59438	60115	1	0.003472
59438	59316	1	0.003472
59438	59931	2	0.006944
59438	59869	13	0.045139
59439	59211	1	0.003534
59439	59413	1	0.003534
59439	60302	1	0.003534
59439	59367	1	0.003534
59440	59882	1	0.000919
59440	60076	1	0.000919
59440	59538	3	0.002757
59440	59312	1	0.000919
59440	59986	1	0.000919
59440	59572	1	0.000919
59440	59829	1	0.000919
59440	60377	1	0.000919
59440	59220	1	0.000919
59440	59316	1	0.000919
59440	60444	1	0.000919
59440	59477	1	0.000919
59442	60416	7	0.007000
59442	60034	1	0.001000
59442	59526	2	0.002000
59442	59783	7	0.007000
59442	60680	23	0.023000
59442	60425	3	0.003000
59442	59522	2	0.002000
59442	59535	2	0.002000
59442	59152	2	0.002000
59442	60081	2	0.002000
59442	59674	13	0.013000
59442	59932	5	0.005000
59442	59165	3	0.003000
59442	60702	5	0.005000
59442	60101	2	0.002000
59442	60704	2	0.002000
59442	59937	4	0.004000
59442	60635	2	0.002000
59442	60324	4	0.004000
59442	59590	4	0.004000
59442	59303	4	0.004000
59442	60328	2	0.002000
59442	59818	4	0.004000
59442	60295	1	0.001000
59442	60716	4	0.004000
59442	59694	2	0.002000
59442	59696	2	0.002000
59442	60424	3	0.003000
59442	60594	1	0.001000
59442	60147	2	0.002000
59442	60598	3	0.003000
59442	59325	43	0.043000
59442	59713	8	0.008000
59442	60226	2	0.002000
59442	59459	8	0.008000
59442	60229	4	0.004000
59442	60614	4	0.004000
59442	60321	2	0.002000
59442	60360	4	0.004000
59442	59214	4	0.004000
59442	60368	4	0.004000
59442	60371	2	0.002000
59442	59986	21	0.021000
59442	59219	5	0.005000
59442	59477	3	0.003000
59442	59300	2	0.002000
59442	59355	740	0.740000
59442	60254	4	0.004000
59442	59216	1	0.001000
59442	60260	4	0.004000
59442	60006	42	0.042000
59442	59367	22	0.022000
59442	59752	4	0.004000
59442	59654	2	0.002000
59442	60010	2	0.002000
59442	59495	4	0.004000
59442	60653	6	0.006000
59442	60270	1	0.001000
59442	59731	1	0.001000
59442	59892	5	0.005000
59442	60327	2	0.002000
59442	59510	2	0.002000
59442	59881	1	0.001000
59442	60024	1	0.001000
59442	60409	1	0.001000
59442	59912	2	0.002000
59444	59435	1	0.031250
59444	59367	1	0.031250
59445	59538	1	0.058824
59446	59818	6	1.000000
59447	59496	1	0.047619
59447	60505	21	1.000000
59448	59535	7	0.001739
59448	59538	2	0.000497
59448	59675	89	0.022106
59448	59482	1	0.000248
59448	59937	10	0.002484
59448	60329	1	0.000248
59448	60076	20	0.004968
59448	59437	7	0.001739
59448	59312	4	0.000994
59448	59322	4	0.000994
59448	59325	9	0.002235
59448	59459	1	0.000248
59448	59220	4	0.000994
59448	60377	4	0.000994
59448	59610	1	0.000248
59448	59749	3	0.000745
59448	60001	6	0.001490
59448	60006	5	0.001242
59448	60134	4	0.000994
59448	59496	2	0.000497
59448	59368	2	0.000497
59448	59384	3	0.000745
59448	59860	16	0.003974
59448	60413	225	0.055887
59448	59134	2	0.000497
59449	59538	398	1.067024
59449	60108	1	0.002681
59449	59590	2	0.005362
59449	59886	3	0.008043
59451	60360	42	2.000000
59451	59538	5	0.238095
59451	59151	1421	67.666667
59452	60360	1	0.002415
59452	60006	2	0.004831
59452	60038	1	0.002415
59452	59247	4	0.009662
59453	59401	127	0.992188
59453	59986	128	1.000000
59453	60124	126	0.984375
59453	60014	126	0.984375
59455	59590	4	0.007421
59455	60594	2	0.003711
59455	59538	3	0.005566
59455	59125	1	0.001855
59455	59610	1	0.001855
59455	59325	3	0.005566
59455	59327	2	0.003711
59456	60036	1	0.016667
59456	59783	1	0.016667
59456	59784	1	0.016667
59456	59531	1	0.016667
59456	60483	1	0.016667
59456	60292	1	0.016667
59456	59674	1	0.016667
59456	60704	1	0.016667
59456	59937	1	0.016667
59456	60067	1	0.016667
59456	59172	1	0.016667
59456	59433	1	0.016667
59456	59437	2	0.033333
59456	59325	1	0.016667
59456	59459	6	0.100000
59456	59716	1	0.016667
59456	59590	1	0.016667
59456	60626	1	0.016667
59456	59355	4	0.066667
59456	59748	1	0.016667
59456	60006	5	0.083333
59456	59367	1	0.016667
59456	60136	1	0.016667
59456	59283	1	0.016667
59456	59509	1	0.016667
59459	59136	1	0.002008
59459	59243	1	0.002008
59459	60420	1	0.002008
59459	60570	1	0.002008
59459	60038	1	0.002008
59459	60423	1	0.002008
59459	60333	2	0.004016
59459	59790	1	0.002008
59459	59786	2	0.004016
59459	60567	1	0.002008
59459	59917	2	0.004016
59459	60430	2	0.004016
59459	59535	23	0.046185
59459	59536	1	0.002008
59459	59154	9	0.018072
59459	60163	1	0.002008
59459	60141	1	0.002008
59459	59543	1	0.002008
59459	60697	1	0.002008
59459	60058	2	0.004016
59459	59675	4	0.008032
59459	60444	6	0.012048
59459	60061	2	0.004016
59459	60193	1	0.002008
59459	59938	2	0.004016
59459	59931	1	0.002008
59459	59783	2	0.004016
59459	60326	1	0.002008
59459	60329	60	0.120482
59459	59435	1	0.002008
59459	60076	3	0.006024
59459	59437	2	0.004016
59459	59311	2	0.004016
59459	59312	4	0.008032
59459	60210	2	0.004016
59459	59699	2	0.004016
59459	59316	9	0.018072
59459	59701	1	0.002008
59459	60471	2	0.004016
59459	59960	1	0.002008
59459	60089	2	0.004016
59459	59322	2	0.004016
59459	59196	1	0.002008
59459	60295	3	0.006024
59459	60223	11	0.022088
59459	59456	1	0.002008
59459	59585	1	0.002008
59459	60100	1	0.002008
59459	59382	1	0.002008
59459	60594	1	0.002008
59459	59208	1	0.002008
59459	60138	1	0.002008
59459	60107	1	0.002008
59459	59510	1	0.002008
59459	60469	1	0.002008
59459	59983	1	0.002008
59459	60573	1	0.002008
59459	59985	1	0.002008
59459	59220	4	0.008032
59459	59477	3	0.006024
59459	59223	1	0.002008
59459	60120	2	0.004016
59459	60377	3	0.006024
59459	59482	2	0.004016
59459	59855	8	0.016064
59459	59657	1	0.002008
59459	59364	1	0.002008
59459	60006	1	0.002008
59459	60262	58	0.116466
59459	59751	3	0.006024
59459	59442	3	0.006024
59459	59367	12	0.024096
59459	60652	1	0.002008
59459	59757	1	0.002008
59459	60270	2	0.004016
59459	60413	4	0.008032
59459	59505	3	0.006024
59459	60662	1	0.002008
59459	60664	1	0.002008
59459	59513	1	0.002008
59459	59391	1	0.002008
59459	60156	2	0.004016
59459	59389	3	0.006024
59459	59134	1	0.002008
59459	60501	1	0.002008
59460	60357	1	0.007246
59460	60006	7	0.050725
59460	59783	1	0.007246
59460	59306	1	0.007246
59460	59367	1	0.007246
59460	59308	2	0.014493
59460	59986	3	0.021739
59460	59384	2	0.014493
59460	59675	3	0.021739
59460	60444	2	0.014493
59460	59325	1	0.007246
59460	60446	3	0.021739
59461	59809	17	0.157407
59461	59843	2	0.018519
59461	60484	11	0.101852
59461	60006	2	0.018519
59461	59367	6	0.055556
59461	60680	2	0.018519
59461	59370	4	0.037037
59461	60135	1	0.009259
59461	59986	10	0.092593
59461	59459	1	0.009259
59461	59355	5	0.046296
59462	60019	3	0.035294
59463	60680	22	0.385965
59463	59687	12	0.210526
59463	60006	6	0.105263
59463	59367	14	0.245614
59464	59590	1	0.045455
59464	59367	1	0.045455
59466	59986	1	0.012346
59466	60006	18	0.222222
59466	60029	1	0.012346
59466	60630	4	0.049383
59468	59408	2	0.013986
59468	59367	10	0.069930
59468	60680	3	0.020979
59468	59783	7	0.048951
59468	59660	2	0.013986
59468	60333	13	0.090909
59468	59535	2	0.013986
59468	59248	10	0.069930
59468	59986	3	0.020979
59468	60504	2	0.013986
59468	60519	2	0.013986
59468	60615	2	0.013986
59468	59623	2	0.013986
59469	60130	4	0.009302
59469	59459	1	0.002326
59469	60006	1	0.002326
59469	59367	1	0.002326
59469	59240	633	1.472093
59469	60333	3	0.006977
59469	59405	1	0.002326
59469	59986	434	1.009302
59469	59316	1	0.002326
59469	59607	1	0.002326
59469	59608	1	0.002326
59469	59614	1	0.002326
59470	59576	3	0.025424
59470	59826	6	0.050847
59470	59532	3	0.025424
59470	59262	3	0.025424
59470	59367	8	0.067797
59471	59809	7	0.016509
59471	59459	1	0.002358
59471	60006	8	0.018868
59471	59367	8	0.018868
59471	59370	4	0.009434
59471	59783	1	0.002358
59471	59437	1	0.002358
59471	59608	1	0.002358
59471	60594	2	0.004717
59471	59937	1	0.002358
59471	59384	1	0.002358
59471	59967	10	0.023585
59472	59783	3	0.015464
59472	59497	390	2.010309
59472	59367	1	0.005155
59472	59997	11	0.056701
59472	59986	1	0.005155
59472	59325	2	0.010309
59474	59960	1	0.030303
59474	59144	1	0.030303
59474	60141	1	0.030303
59474	59983	29	0.878788
59474	59985	1	0.030303
59474	59699	42	1.272727
59474	59382	1	0.030303
59474	60664	1	0.030303
59474	60570	33	1.000000
59474	60680	2	0.060606
59475	60290	3	0.012821
59475	60038	57	0.243590
59475	59367	12	0.051282
59475	60140	3	0.012821
59475	59986	12	0.051282
59475	60530	3	0.012821
59475	59158	3	0.012821
59475	60317	6	0.025641
59476	59783	1	0.090909
59476	59367	1	0.090909
59476	60680	2	0.181818
59476	59431	1	0.090909
59476	60594	1	0.090909
59476	59757	1	0.090909
59476	59730	6	0.545455
59477	59937	3	0.004601
59477	60329	662	1.015337
59477	60076	4	0.006135
59477	59535	5	0.007669
59477	59505	817	1.253067
59477	59986	3	0.004601
59477	59860	1	0.001534
59477	60377	1	0.001534
59477	59384	1	0.001534
59477	59641	656	1.006135
59477	59675	1	0.001534
59478	60409	1	0.058824
59478	59306	1	0.058824
59478	59731	1	0.058824
59478	59986	8	0.470588
59478	59367	18	1.058824
59479	60034	3	0.004862
59479	60163	4	0.006483
59479	59783	10	0.016207
59479	60680	1247	2.021070
59479	60704	1	0.001621
59479	59937	16	0.025932
59479	59306	7	0.011345
59479	60552	7	0.011345
59479	59322	4	0.006483
59479	59325	20	0.032415
59479	59711	619	1.003241
59479	59590	619	1.003241
59479	60360	1	0.001621
59479	59855	3	0.004862
59479	59216	7	0.011345
59479	59731	1	0.001621
59479	59348	4	0.006483
59479	60006	636	1.030794
59479	59367	14	0.022690
59479	59370	623	1.009724
59479	59510	10	0.016207
59479	59384	69	0.111831
59479	60409	1250	2.025932
59480	59289	53	1.000000
59480	60111	53	1.000000
59481	60577	1	0.001842
59481	59883	15	0.027624
59481	59141	1	0.001842
59481	60710	1	0.001842
59481	59783	9	0.016575
59481	59403	1	0.001842
59481	59986	5	0.009208
59481	59154	37	0.068140
59481	60515	1	0.001842
59481	60699	1	0.001842
59481	59156	1	0.001842
59481	59367	6	0.011050
59481	59608	15	0.027624
59481	60601	1	0.001842
59481	59611	1	0.001842
59481	60331	1	0.001842
59482	59777	2	0.001617
59482	60420	1	0.000808
59482	60174	3	0.002425
59482	59535	2	0.001617
59482	59538	2	0.001617
59482	59674	1	0.000808
59482	59675	1	0.000808
59482	60193	5	0.004042
59482	60329	10	0.008084
59482	60076	1	0.000808
59482	59437	1	0.000808
59482	60464	4	0.003234
59482	59316	1	0.000808
59482	59323	5	0.004042
59482	59196	2	0.001617
59482	59459	7	0.005659
59482	59590	6	0.004850
59482	59855	1	0.000808
59482	59731	1	0.000808
59482	59220	1	0.000808
59482	60377	1	0.000808
59482	60006	2	0.001617
59482	60652	1	0.000808
59482	59824	1	0.000808
59482	59381	6	0.004850
59485	60002	2	0.004545
59485	60559	1	0.002273
59485	59538	813	1.847727
59485	59860	1	0.002273
59485	59125	1	0.002273
59485	59933	1	0.002273
59486	59325	1	0.020408
59486	59901	9	0.183673
59488	60144	1	0.000780
59488	59939	3	0.002340
59488	60295	1	0.000780
59488	59977	3	0.002340
59488	59367	2	0.001560
59488	60076	2	0.001560
59488	59405	1	0.000780
59488	60413	1	0.000780
59488	59312	2	0.001560
59488	59538	1	0.000780
59488	59764	3	0.002340
59488	60694	3	0.002340
59488	59384	1	0.000780
59488	60377	1	0.000780
59488	59675	2	0.001560
59488	60444	1	0.000780
59488	59325	1	0.000780
59490	60419	92	2.044444
59492	59129	1	0.002004
59492	60006	6	0.012024
59492	59951	20226	40.533066
59494	59496	2	0.007273
59494	59538	4	0.014545
59495	59442	7	0.189189
59495	60147	1	0.027027
59495	59148	2	0.054054
59495	60006	5	0.135135
59495	59367	1	0.027027
59496	59937	4	0.007260
59496	59367	1	0.001815
59496	60298	1	0.001815
59496	59986	2	0.003630
59496	59384	2	0.003630
59496	59258	2	0.003630
59496	59483	1	0.001815
59496	59882	1	0.001815
59496	59518	1	0.001815
59498	59759	6	0.240000
59498	60380	3	0.120000
59498	59941	26	1.040000
59498	60350	1	0.040000
59498	59159	3	0.120000
59500	59459	1	0.015873
59500	60006	1	0.015873
59500	59590	1	0.015873
59500	59783	1	0.015873
59500	60652	1	0.015873
59500	59510	2	0.031746
59500	60409	1	0.015873
59500	60217	1	0.015873
59500	59997	3	0.047619
59501	59314	1	0.090909
59502	60704	1	0.004016
59502	60416	1	0.004016
59502	60034	1	0.004016
59502	59459	8	0.032129
59502	60709	2	0.008032
59502	60006	1	0.004016
59502	59783	5	0.020080
59502	60360	9	0.036145
59502	59370	1	0.004016
59502	59367	1	0.004016
59502	59532	344	1.381526
59502	59986	172	0.690763
59502	60724	2	0.008032
59502	59608	1	0.004016
59502	60028	2	0.008032
59502	59325	7	0.028112
59503	60673	1	0.000194
59503	59783	1	0.000194
59503	60680	4	0.000775
59503	59532	1	0.000194
59503	59405	1	0.000194
59503	59535	6	0.001163
59503	59538	18	0.003488
59503	59796	6	0.001163
59503	60567	1	0.000194
59503	59675	2	0.000388
59503	60444	15	0.002906
59503	60704	1	0.000194
59503	59937	6	0.001163
59503	60329	200	0.038752
59503	59143	1	0.000194
59503	60076	4	0.000775
59503	59437	12	0.002325
59503	59312	10	0.001938
59503	60210	2	0.000388
59503	59316	6	0.001163
59503	60602	1	0.000194
59503	59325	4	0.000775
59503	59882	3	0.000581
59503	59459	14	0.002713
59503	59590	14	0.002713
59503	60594	4	0.000775
59503	60360	3	0.000581
59503	59855	20	0.003875
59503	59220	6	0.001163
59503	60377	1	0.000194
59503	59482	3	0.000581
59503	59355	2	0.000388
59503	59744	3	0.000581
59503	60006	327	0.063360
59503	59367	10	0.001938
59503	59370	1	0.000194
59503	60144	4	0.000775
59503	59505	1	0.000194
59503	59641	1	0.000194
59503	60413	9	0.001744
59503	59518	1	0.000194
59504	60006	4	0.075472
59505	60546	1	0.000422
59505	60295	9	0.003801
59505	60680	2	0.000845
59505	59786	1801	0.760557
59505	59532	1	0.000422
59505	59917	2380	1.005068
59505	59535	83	0.035051
59505	59154	1	0.000422
59505	59860	2	0.000845
59505	60058	2078	0.877534
59505	59675	45	0.019003
59505	60444	2	0.000845
59505	60061	749	0.316301
59505	60446	1	0.000422
59505	59937	33	0.013936
59505	59687	1	0.000422
59505	60329	2807	1.185389
59505	60076	36	0.015203
59505	59437	3	0.001267
59505	59311	1897	0.801098
59505	59312	15	0.006334
59505	60210	1529	0.645693
59505	59316	1	0.000422
59505	59836	1	0.000422
59505	60298	4	0.001689
59505	59459	86	0.036318
59505	59590	2	0.000845
59505	59405	1	0.000422
59505	59855	1	0.000422
59505	59986	15	0.006334
59505	59220	8	0.003378
59505	59477	4182	1.766047
59505	60120	1361	0.574747
59505	60377	9	0.003801
59505	59610	3	0.001267
59505	59482	2	0.000845
59505	60514	2	0.000845
59505	59751	2380	1.005068
59505	59882	6	0.002534
59505	59367	1	0.000422
59505	59538	2	0.000845
59505	60270	131	0.055321
59505	60413	16	0.006757
59505	60016	2675	1.129645
59505	59384	2	0.000845
59505	59641	2040	0.861486
59505	60156	1811	0.764780
59505	59389	3372	1.423986
59506	59590	1	0.076923
59506	59902	3	0.230769
59507	59809	1	0.015385
59507	60006	1	0.015385
59507	59783	1	0.015385
59507	60360	2	0.030769
59507	59538	2	0.030769
59507	59325	1	0.015385
59507	59902	65	1.000000
59509	59902	4	0.040000
59510	59937	4	0.007156
59510	60034	5	0.008945
59510	59459	2	0.003578
59510	60006	3	0.005367
59510	59367	2	0.003578
59510	60360	1	0.001789
59510	59783	9	0.016100
59510	60144	1	0.001789
59510	60680	5	0.008945
59510	59384	1	0.001789
59510	60409	1	0.001789
59510	60444	1	0.001789
59510	59839	7	0.012522
59512	59426	1	0.022222
59513	60034	2	0.001515
59513	59783	10	0.007576
59513	60680	6	0.004545
59513	59915	4	0.003030
59513	60560	2	0.001515
59513	59417	8	0.006061
59513	59674	2	0.001515
59513	60059	4	0.003030
59513	60444	2	0.001515
59513	59422	10	0.007576
59513	60704	12	0.009091
59513	59809	2	0.001515
59513	59143	2	0.001515
59513	59437	2	0.001515
59513	59580	2	0.001515
59513	59325	162	0.122727
59513	59456	2	0.001515
59513	59459	950	0.719697
59513	59716	12	0.009091
59513	60406	8	0.006061
59513	59590	2	0.001515
59513	59937	2	0.001515
59513	60360	18	0.013636
59513	59726	4	0.003030
59513	59601	10	0.007576
59513	59986	67	0.050758
59513	59608	4	0.003030
59513	59355	36	0.027273
59513	60006	34	0.025758
59513	59367	35	0.026515
59513	59510	6	0.004545
59513	59384	2	0.001515
59514	59538	18	0.253521
59514	60019	1	0.014085
59514	59980	1	0.014085
59514	60269	32	0.450704
59515	59801	4	0.068966
59515	59196	4	0.068966
59516	59617	1	0.002398
59516	59627	1	0.002398
59516	59783	3	0.007194
59516	60006	3	0.007194
59516	59367	1	0.002398
59516	59435	2	0.004796
59516	59282	1	0.002398
59517	59203	3	0.014286
59517	60019	213	1.014286
59518	60546	1	0.000336
59518	60680	3	0.001007
59518	59535	1	0.000336
59518	59411	1	0.000336
59518	59675	2	0.000671
59518	60446	4	0.001343
59518	59937	1	0.000336
59518	60324	3	0.001007
59518	59308	1	0.000336
59518	59437	2	0.000671
59518	59824	3	0.001007
59518	59448	3	0.001007
59518	59711	2	0.000671
59518	60223	1	0.000336
59518	60100	1	0.000336
59518	59589	1	0.000336
59518	59208	1	0.000336
59518	60112	1	0.000336
59518	59986	1	0.000336
59518	59860	9	0.003021
59518	59223	1	0.000336
59518	60250	1	0.000336
59518	59312	1	0.000336
59518	59882	2	0.000671
59518	59505	2	0.000671
59518	59255	1	0.000336
59518	59384	9	0.003021
59518	60409	16	0.005371
59518	60351	1	0.000336
59518	60413	3	0.001007
59519	60416	2	0.001431
59519	60419	1	0.000715
59519	60423	1	0.000715
59519	59400	1	0.000715
59519	59401	3	0.002146
59519	59402	14	0.010014
59519	60430	1	0.000715
59519	59919	1	0.000715
59519	59411	3	0.002146
59519	60440	1	0.000715
59519	59931	1	0.000715
59519	59937	2	0.001431
59519	59435	1	0.000715
59519	59144	1	0.000715
59519	59442	2	0.001431
59519	59960	1	0.000715
59519	59456	1	0.000715
59519	59459	1	0.000715
59519	60494	16	0.011445
59519	59472	18	0.012876
59519	59985	2	0.001431
59519	59986	4	0.002861
59519	60499	10	0.007153
59519	60506	4	0.002861
59519	59997	10	0.007153
59519	59998	1	0.000715
59519	60006	96	0.068670
59519	59502	1	0.000715
59519	59513	1	0.000715
59519	60038	1	0.000715
59519	59545	28	0.020029
59519	60571	22	0.015737
59519	60573	1	0.000715
59519	59552	1	0.000715
59519	60089	1	0.000715
59519	60602	1	0.000715
59519	59585	1	0.000715
59519	60100	1	0.000715
59519	60107	1	0.000715
59519	60114	44	0.031474
59519	60630	1	0.000715
59519	60126	4	0.002861
59519	60138	1	0.000715
59519	60651	2	0.001431
59519	60652	2	0.001431
59519	59134	1	0.000715
59519	60163	1	0.000715
59519	60680	74	0.052933
59519	59154	3	0.002146
59519	60697	1	0.000715
59519	59674	79	0.056509
59519	60703	1	0.000715
59519	60192	5	0.003577
59519	60193	1	0.000715
59519	59687	1	0.000715
59519	60704	2	0.001431
59519	59699	1	0.000715
59519	59196	1	0.000715
59519	60223	3	0.002146
59519	59223	1	0.000715
59519	60248	1	0.000715
59519	59754	20	0.014306
59519	59243	1	0.000715
59519	59757	1	0.000715
59519	59248	1	0.000715
59519	59783	4	0.002861
59519	59789	1	0.000715
59519	59790	1	0.000715
59519	59793	1	0.000715
59519	59796	1	0.000715
59519	60311	1	0.000715
59519	59295	1	0.000715
59519	59296	1	0.000715
59519	59809	1	0.000715
59519	59812	3	0.002146
59519	59819	1	0.000715
59519	60336	24	0.017167
59519	59829	10	0.007153
59519	59836	1	0.000715
59519	59325	32	0.022890
59519	60351	1	0.000715
59519	59847	22	0.015737
59519	60360	6	0.004292
59519	59355	195	0.139485
59519	59367	6	0.004292
59519	59370	1	0.000715
59519	59382	1	0.000715
59519	59384	2	0.001431
59521	60440	1	0.027027
59521	59231	1	0.027027
59521	59367	2	0.054054
59521	59590	1	0.027027
59521	59583	1	0.027027
59522	60324	1	0.017857
59522	59892	3	0.053571
59522	59997	1	0.017857
59522	59477	1	0.017857
59523	59400	1	1.000000
59525	59749	2	0.133333
59525	59590	2	0.133333
59525	59951	222	14.800000
59526	60321	1	0.025641
59526	59713	47	1.205128
59526	59522	1	0.025641
59526	60229	1	0.025641
59526	59495	1	0.025641
59526	60010	1	0.025641
59526	59214	1	0.025641
59526	60337	1	0.025641
59526	59442	1	0.025641
59526	59219	1	0.025641
59526	60635	1	0.025641
59526	59932	1	0.025641
59526	60618	1	0.025641
59526	60254	1	0.025641
59527	59809	14	0.137255
59527	59783	13	0.127451
59528	60617	1	0.022727
59528	60357	1	0.022727
59528	59590	1	0.022727
59528	59367	2	0.045455
59529	59506	2	0.083333
59529	59819	3	0.125000
59529	60343	1	0.041667
59529	60567	1	0.041667
59530	59713	1	0.000121
59530	59538	2	0.000242
59530	59325	1	0.000121
59531	59538	1	0.001182
59531	60067	1	0.001182
59531	60413	2	0.002364
59531	60594	1	0.001182
59532	60034	2	0.002331
59532	59783	2	0.002331
59532	59535	60	0.069930
59532	59675	36	0.041958
59532	60703	2	0.002331
59532	59937	6	0.006993
59532	60324	1	0.001166
59532	60329	8	0.009324
59532	60295	1	0.001166
59532	60076	8	0.009324
59532	59437	8	0.009324
59532	59312	38	0.044289
59532	60491	2	0.002331
59532	59986	2	0.002331
59532	59220	6	0.006993
59532	60377	8	0.009324
59532	59482	6	0.006993
59532	59869	2	0.002331
59532	59367	2	0.002331
59532	59882	1	0.001166
59532	59510	4	0.004662
59532	59384	1	0.001166
59532	60413	106	0.123543
59533	59777	2	0.083333
59533	59882	1	0.041667
59533	60157	1	0.041667
59533	59538	1	0.041667
59534	59459	1	0.029412
59534	59367	3	0.088235
59535	60416	1	0.000304
59535	60163	1	0.000304
59535	60420	6	0.001826
59535	59783	1	0.000304
59535	60680	11	0.003348
59535	59244	1	0.000304
59535	59405	2	0.000609
59535	60563	1	0.000304
59535	59675	1	0.000304
59535	60444	26	0.007912
59535	59679	1	0.000304
59535	59937	6	0.001826
59535	60329	108	0.032867
59535	60332	1	0.000304
59535	59312	3	0.000913
59535	59825	1	0.000304
59535	59442	1	0.000304
59535	59316	1	0.000304
59535	60217	1	0.000304
59535	59325	2	0.000609
59535	60533	1	0.000304
59535	59459	2	0.000609
59535	59590	4	0.001217
59535	59207	1	0.000304
59535	60360	1	0.000304
59535	59595	2	0.000609
59535	60494	1	0.000304
59535	59855	25	0.007608
59535	59220	2	0.000609
59535	59608	1	0.000304
59535	60633	1	0.000304
59535	59482	1	0.000304
59535	60251	2	0.000609
59535	60006	2	0.000609
59535	59367	1	0.000304
59535	60521	1	0.000304
59535	59882	1	0.000304
59535	60652	2	0.000609
59535	59374	1	0.000304
59535	59837	1	0.000304
59535	59505	9	0.002739
59535	60403	1	0.000304
59535	59381	1	0.000304
59535	59384	1	0.000304
59535	59389	1	0.000304
59536	59938	2	0.002404
59536	60141	1	0.001202
59536	59538	1	0.001202
59536	60019	1	0.001202
59536	59316	1	0.001202
59536	59382	2	0.002404
59536	59384	1	0.001202
59536	59220	1	0.001202
59538	59392	1	0.000454
59538	60418	1	0.000454
59538	60429	1	0.000454
59538	59406	1	0.000454
59538	60431	1	0.000454
59538	60524	1	0.000454
59538	60435	1	0.000454
59538	59415	1	0.000454
59538	59928	1	0.000454
59538	59418	1	0.000454
59538	59823	1	0.000454
59538	59420	1	0.000454
59538	59423	1	0.000454
59538	59945	1	0.000454
59538	59942	1	0.000454
59538	60457	1	0.000454
59538	60458	1	0.000454
59538	59947	1	0.000454
59538	59437	2	0.000908
59538	59438	1	0.000454
59538	59951	22	0.009986
59538	60168	1	0.000454
59538	60477	1	0.000454
59538	59997	1	0.000454
59538	59968	1	0.000454
59538	59264	1	0.000454
59538	59459	8	0.003631
59538	59462	1	0.000454
59538	59464	1	0.000454
59538	60489	1	0.000454
59538	59982	1	0.000454
59538	59472	1	0.000454
59538	60497	1	0.000454
59538	59986	1	0.000454
59538	59476	1	0.000454
59538	59477	1	0.000454
59538	59482	2	0.000908
59538	59834	1	0.000454
59538	60002	1	0.000454
59538	60003	1	0.000454
59538	60006	1	0.000454
59538	60522	1	0.000454
59538	59500	1	0.000454
59538	59501	1	0.000454
59538	59505	1	0.000454
59538	60530	35	0.015887
59538	60019	1	0.000454
59538	59509	1	0.000454
59538	59510	11	0.004993
59538	60540	1	0.000454
59538	60010	1	0.000454
59538	60545	1	0.000454
59538	59522	1	0.000454
59538	60548	1	0.000454
59538	59526	1	0.000454
59538	59528	1	0.000454
59538	60012	1	0.000454
59538	60043	1	0.000454
59538	59534	1	0.000454
59538	59535	4	0.001816
59538	60561	1	0.000454
59538	60052	1	0.000454
59538	59545	1	0.000454
59538	60058	1	0.000454
59538	59759	1	0.000454
59538	60061	1	0.000454
59538	59550	1	0.000454
59538	59552	1	0.000454
59538	60065	1	0.000454
59538	60187	1	0.000454
59538	60069	1	0.000454
59538	59761	1	0.000454
59538	59560	1	0.000454
59538	60444	1	0.000454
59538	60074	1	0.000454
59538	60076	4	0.001816
59538	60589	1	0.000454
59538	60080	1	0.000454
59538	59336	1	0.000454
59538	59570	1	0.000454
59538	59507	1	0.000454
59538	59572	1	0.000454
59538	60090	1	0.000454
59538	60447	1	0.000454
59538	60021	1	0.000454
59538	60272	1	0.000454
59538	60611	1	0.000454
59538	60022	1	0.000454
59538	59590	4	0.001816
59538	60616	1	0.000454
59538	59852	1	0.000454
59538	60106	1	0.000454
59538	60108	1	0.000454
59538	59600	1	0.000454
59538	59605	1	0.000454
59538	60119	1	0.000454
59538	60122	1	0.000454
59538	60635	2	0.000908
59538	60129	1	0.000454
59538	60642	1	0.000454
59538	60135	1	0.000454
59538	60136	1	0.000454
59538	60650	1	0.000454
59538	60652	2	0.000908
59538	59517	1	0.000454
59538	60144	13	0.005901
59538	60145	1	0.000454
59538	59125	102	0.046300
59538	60662	1	0.000454
59538	59433	1	0.000454
59538	60634	1	0.000454
59538	60155	1	0.000454
59538	59132	1	0.000454
59538	59135	1	0.000454
59538	60161	1	0.000454
59538	60674	1	0.000454
59538	60675	1	0.000454
59538	59140	1	0.000454
59538	60668	1	0.000454
59538	60166	1	0.000454
59538	60680	89	0.040399
59538	60682	1	0.000454
59538	60413	5	0.002270
59538	59157	1	0.000454
59538	60186	1	0.000454
59538	59675	2	0.000908
59538	59676	1	0.000454
59538	60701	1	0.000454
59538	59901	1	0.000454
59538	59976	1	0.000454
59538	59783	1	0.000454
59538	60197	1	0.000454
59538	60199	1	0.000454
59538	60712	1	0.000454
59538	60203	1	0.000454
59538	60206	1	0.000454
59538	60722	1	0.000454
59538	60212	1	0.000454
59538	60725	1	0.000454
59538	60215	1	0.000454
59538	60217	1	0.000454
59538	60218	1	0.000454
59538	59195	1	0.000454
59538	60220	2	0.000908
59538	59710	1	0.000454
59538	60223	1	0.000454
59538	59714	1	0.000454
59538	59206	1	0.000454
59538	59720	2	0.000908
59538	59210	1	0.000454
59538	60239	1	0.000454
59538	59220	5	0.002270
59538	59737	1	0.000454
59538	59227	4	0.001816
59538	60255	1	0.000454
59538	59745	5	0.002270
59538	60259	1	0.000454
59538	59236	1	0.000454
59538	59749	2	0.000908
59538	59367	6	0.002724
59538	59247	2	0.000908
59538	59248	1	0.000454
59538	60273	1	0.000454
59538	59506	1	0.000454
59538	59189	1	0.000454
59538	60278	1	0.000454
59538	59769	1	0.000454
59538	59258	1	0.000454
59538	59261	1	0.000454
59538	59285	1	0.000454
59538	59776	1	0.000454
59538	60295	6	0.002724
59538	59784	1	0.000454
59538	59276	1	0.000454
59538	59277	1	0.000454
59538	60302	1	0.000454
59538	60304	1	0.000454
59538	60305	1	0.000454
59538	59283	1	0.000454
59538	60213	2	0.000908
59538	59800	2	0.000908
59538	59292	1	0.000454
59538	59298	1	0.000454
59538	59254	1	0.000454
59538	59815	1	0.000454
59538	59821	1	0.000454
59538	59549	1	0.000454
59538	59312	3	0.001362
59538	60337	1	0.000454
59538	60338	1	0.000454
59538	59316	1	0.000454
59538	59317	2	0.000908
59538	59322	32	0.014526
59538	59325	15	0.006809
59538	60149	1	0.000454
59538	60353	1	0.000454
59538	60357	2	0.000908
59538	59335	1	0.000454
59538	60360	7	0.003177
59538	59338	1	0.000454
59538	60364	1	0.000454
59538	60365	1	0.000454
59538	59344	1	0.000454
59538	59349	1	0.000454
59538	60377	2	0.000908
59538	59355	3	0.001362
59538	60496	1	0.000454
59538	60667	1	0.000454
59538	60388	2	0.000908
59538	60391	2	0.000908
59538	59644	1	0.000454
59538	59882	16	0.007263
59538	60071	1	0.000454
59538	59372	1	0.000454
59538	59389	1	0.000454
59538	59888	1	0.000454
59538	60402	1	0.000454
59538	59893	1	0.000454
59538	59384	17	0.007717
59538	59385	1	0.000454
59538	59387	1	0.000454
59538	59388	2	0.000908
59538	60586	5	0.002270
59543	60480	1	0.001366
59543	59459	1	0.001366
59543	60006	12	0.016393
59543	59367	7	0.009563
59543	60360	2	0.002732
59543	59783	6	0.008197
59543	60016	1	0.001366
59543	59985	48	0.065574
59543	59986	10	0.013661
59543	59352	1	0.001366
59543	59384	1	0.001366
59543	60567	6	0.008197
59543	59608	1	0.001366
59543	59643	3	0.004098
59543	60680	3	0.004098
59544	59649	1572	0.782479
59544	59643	1	0.000498
59544	60329	1	0.000498
59544	59882	1	0.000498
59544	59404	5	0.002489
59544	59538	12	0.005973
59544	59758	974	0.484818
59544	60141	3	0.001493
59544	59384	15	0.007466
59544	60018	17572	8.746640
59544	59252	1	0.000498
59544	59416	2548	1.268293
59544	59547	336	0.167247
59544	59437	1	0.000498
59544	60413	1	0.000498
59544	60606	974	0.484818
59545	60001	1	0.008929
59545	60420	1	0.008929
59545	59783	22	0.196429
59545	60680	2	0.017857
59545	59986	2	0.017857
59545	59997	2	0.017857
59547	59544	1948	69.571429
59547	59416	56	2.000000
59547	60018	28	1.000000
59548	59538	2	0.006006
59548	59315	1	0.003003
59548	59751	1	0.003003
59550	59459	2	0.029851
59550	59590	6	0.089552
59550	60006	6	0.089552
59550	59367	18	0.268657
59550	60680	4	0.059701
59550	59532	2	0.029851
59550	59502	2	0.029851
59550	59151	6	0.089552
59550	60360	1	0.014925
59550	59730	4	0.059701
59550	59384	1	0.014925
59550	59355	1	0.014925
59550	59262	2	0.029851
59551	60165	1	0.142857
59552	60163	531	0.948214
59552	60006	1	0.001786
59552	59783	9	0.016071
59552	59367	531	0.948214
59552	59374	11	0.019643
59552	59986	44	0.078571
59552	60444	2	0.003571
59552	59325	3	0.005357
59553	59520	1	0.007092
59553	59651	1	0.007092
59553	59943	1	0.007092
59553	60041	1	0.007092
59553	60172	1	0.007092
59553	59538	1	0.007092
59553	60579	1	0.007092
59553	60089	1	0.007092
59553	59162	1	0.007092
59555	60097	14599	101.381944
59555	60006	1	0.006944
59555	60680	1	0.006944
59555	59370	1	0.006944
59555	60594	3	0.020833
59555	60530	1	0.006944
59555	59986	2	0.013889
59555	60602	1	0.006944
59555	59562	4	0.027778
59556	60376	29	1.000000
59558	59367	2	0.250000
59558	60703	5	0.625000
59559	59698	1	0.004405
59559	59459	1	0.004405
59559	59783	2	0.008811
59559	59893	2	0.008811
59559	59951	1	0.004405
59560	60517	178	1.141026
59560	59590	1	0.006410
59560	59916	8	0.051282
59560	60144	1	0.006410
59560	60177	1	0.006410
59560	59538	8	0.051282
59560	60019	11	0.070513
59561	59384	1	0.001942
59561	59482	1	0.001942
59561	60444	1	0.001942
59561	59538	1	0.001942
59562	60680	2	0.005051
59562	60329	2	0.005051
59562	60594	1	0.002525
59562	59325	2	0.005051
59562	59538	105	0.265152
59562	60444	5	0.012626
59562	59741	338	0.853535
59564	59367	3	0.009615
59564	60680	18	0.057692
59564	60172	2	0.006410
59564	60430	13	0.041667
59564	60050	113	0.362179
59564	60639	10	0.032051
59565	60357	1	0.014925
59565	60006	1	0.014925
59565	59367	2	0.029851
59565	60360	1	0.014925
59565	59308	3	0.044776
59565	59411	1	0.014925
59565	59157	7	0.104478
59565	60444	1	0.014925
59565	59325	2	0.029851
59565	60446	1	0.014925
59565	60223	1	0.014925
59566	59402	26	0.928571
59566	59997	3	0.107143
59566	59398	3	0.107143
59567	59882	1	0.002016
59567	60677	2	0.004032
59567	59538	1	0.002016
59567	59367	3	0.006048
59568	60100	1	0.001091
59568	59590	2	0.002181
59568	60082	2	0.002181
59568	59312	1	0.001091
59568	59538	25	0.027263
59568	59675	1	0.001091
59568	59518	3	0.003272
59568	60255	3	0.003272
59569	59364	52	1.857143
59571	59777	1	0.001111
59571	59532	1	0.001111
59571	60559	2	0.002222
59571	59538	6	0.006667
59571	59675	4	0.004444
59571	60191	12	0.013333
59571	60324	1	0.001111
59571	60076	1	0.001111
59571	59437	1	0.001111
59571	59312	1	0.001111
59571	59316	1	0.001111
59571	60220	1	0.001111
59571	59325	6	0.006667
59571	60357	2	0.002222
59571	60360	1	0.001111
59571	59220	1	0.001111
59571	59223	2	0.002222
59571	60377	1	0.001111
59571	59482	1	0.001111
59571	59869	1	0.001111
59571	60389	1	0.001111
59571	59367	10	0.011111
59571	59370	1	0.001111
59571	60141	1	0.001111
59571	60413	3	0.003333
59571	59505	1	0.001111
59571	59389	1	0.001111
59571	59518	2	0.002222
59572	59997	12	0.042857
59574	59384	2	0.142857
59574	59296	2	0.142857
59574	60006	2	0.142857
59574	59367	2	0.142857
59576	59826	1	0.005051
59576	59367	1	0.005051
59578	59538	8	0.014652
59578	59367	6	0.010989
59578	59452	9	0.016484
59578	59325	1	0.001832
59578	59247	147	0.269231
59579	60490	3	0.015152
59579	60046	3	0.015152
59579	60118	3	0.015152
59579	59239	3	0.015152
59580	59809	1	0.001815
59580	59716	1	0.001815
59580	59590	2	0.003630
59580	60006	1	0.001815
59580	60417	11	0.019964
59580	59783	1	0.001815
59580	60594	2	0.003630
59580	59601	1	0.001815
59580	59986	561	1.018149
59580	59417	1	0.001815
59580	59608	7	0.012704
59580	59513	1127	2.045372
59581	59312	2	0.032258
59581	59824	1	0.016129
59583	60288	3	0.187500
59583	60006	1	0.062500
59583	59783	2	0.125000
59583	59951	20	1.250000
59583	59986	1	0.062500
59583	60440	5	0.312500
59585	60416	4	0.026667
59585	59459	2	0.013333
59585	59332	1	0.006667
59585	60198	1	0.006667
59585	59783	1	0.006667
59585	60360	1	0.006667
59585	60269	1	0.006667
59585	59355	2	0.013333
59585	60123	1	0.006667
59585	59325	1	0.006667
59586	59590	1	0.002304
59586	59953	1	0.002304
59586	60529	1	0.002304
59586	59538	283	0.652074
59586	60376	1	0.002304
59586	59771	1	0.002304
59586	60252	1	0.002304
59586	59325	1	0.002304
59586	59518	2	0.004608
59589	59427	5	0.081967
59589	60006	2	0.032787
59589	59720	11	0.180328
59589	60300	1	0.016393
59589	59308	4	0.065574
59589	59565	2	0.032787
59589	60398	1	0.016393
59589	60112	1	0.016393
59589	60498	2	0.032787
59589	59252	4	0.065574
59589	60446	5	0.081967
59590	59312	3	0.000206
59590	59675	2	0.000138
59590	59367	1	0.000069
59590	60076	2	0.000138
59590	59370	7	0.000482
59590	60413	2	0.000138
59590	60652	10	0.000688
59590	59437	2	0.000138
59590	59745	2	0.000138
59590	59248	4	0.000275
59590	59538	1	0.000069
59590	59220	2	0.000138
59590	59937	3	0.000206
59590	60377	1	0.000069
59590	59482	2	0.000138
59590	59535	2	0.000138
59590	59325	2	0.000138
59591	60016	1	0.001376
59591	59543	2	0.002751
59591	60144	146	0.200825
59591	59985	4	0.005502
59591	59538	302	0.415406
59591	60469	2	0.002751
59591	60567	1	0.001376
59592	59986	4	0.045455
59592	59203	4	0.045455
59593	60315	245	0.850694
59593	59590	245	0.850694
59593	60270	490	1.701389
59597	59538	37	0.015758
59597	60586	3	0.001278
59597	59125	3	0.001278
59597	59134	6	0.002555
59597	60175	3	0.001278
59598	59459	1	0.002326
59598	59367	3	0.006977
59598	59882	1	0.002326
59598	59535	1	0.002326
59598	59538	6	0.013953
59598	59227	1	0.002326
59598	59325	2	0.004651
59599	60701	3	0.013953
59599	60391	1	0.004651
59600	59571	886	1.713733
59600	60662	886	1.713733
59600	60191	1772	3.427466
59601	59216	2	0.001664
59601	59459	1	0.000832
59601	60006	3	0.002496
59601	59367	2	0.001664
59601	59783	4	0.003328
59601	59726	5	0.004160
59601	60560	20	0.016639
59601	59986	12	0.009983
59601	59605	12	0.009983
59601	59513	33	0.027454
59601	60059	10	0.008319
59601	59325	3	0.002496
59601	59902	1	0.000832
59603	60341	1	0.031250
59603	60138	1	0.031250
59603	59796	1	0.031250
59603	59981	1	0.031250
59603	59367	3	0.093750
59604	60144	6	0.034884
59604	59534	80	0.465116
59605	59601	1	0.008850
59605	60059	1	0.008850
59605	59726	1	0.008850
59605	59902	2	0.017699
59605	59417	1	0.008850
59606	59608	2	0.060606
59606	60076	1	0.030303
59606	59869	1	0.030303
59606	59367	1	0.030303
59607	59393	1	0.000801
59607	59783	32	0.025620
59607	60680	1	0.000801
59607	59405	3	0.002402
59607	59535	1	0.000801
59607	60435	1	0.000801
59607	60053	2	0.001601
59607	60705	2	0.001601
59607	59688	1	0.000801
59607	59948	3	0.002402
59607	60333	15	0.012010
59607	60552	1	0.000801
59607	59316	2	0.001601
59607	60345	2	0.001601
59607	59459	1	0.000801
59607	59590	1	0.000801
59607	60360	3	0.002402
59607	59216	2	0.001601
59607	59731	6	0.004804
59607	59705	2	0.001601
59607	59614	2	0.001601
59607	60130	4	0.003203
59607	60517	2	0.001601
59607	60006	4	0.003203
59607	59367	27	0.021617
59607	59248	546	0.437150
59607	60019	4	0.003203
59607	59384	2	0.001601
59607	60409	24	0.019215
59608	60409	1	1.000000
59608	59367	1	1.000000
59609	59986	4	0.051282
59609	59819	2	0.025641
59609	60006	4	0.051282
59610	60704	258	1.632911
59610	59937	6	0.037975
59610	59143	5	0.031646
59610	60360	1	0.006329
59610	59855	21	0.132911
59610	59479	3	0.018987
59610	59384	3	0.018987
59610	59482	1	0.006329
59611	59883	2	0.009524
59611	59590	2	0.009524
59611	60006	1	0.004762
59611	59367	5	0.023810
59611	59403	14	0.066667
59611	59154	18	0.085714
59611	59535	1	0.004762
59611	59986	10	0.047619
59611	60331	5	0.023810
59611	60189	1	0.004762
59612	59384	1	0.015625
59612	60567	1	0.015625
59613	59134	44	0.977778
59614	59459	6	0.001944
59614	59590	2	0.000648
59614	60006	4	0.001296
59614	59783	20	0.006481
59614	60360	6	0.001944
59614	60333	11	0.003564
59614	60043	5	0.001620
59614	59405	2	0.000648
59614	60462	1	0.000324
59614	59919	4	0.001296
59614	59538	1	0.000324
59614	59316	2	0.000648
59614	59367	4	0.001296
59614	60184	4	0.001296
59614	60377	2	0.000648
59614	60058	2	0.000648
59614	59535	4	0.001296
59614	59325	3	0.000972
59614	60615	4	0.001296
59614	60389	2	0.000648
59617	59882	1	0.005618
59617	60076	1	0.005618
59617	59538	99	0.556180
59617	60564	2	0.011236
59617	59516	2	0.011236
59617	60458	1	0.005618
59619	59675	1	0.011364
59619	59316	1	0.011364
59619	59836	2	0.022727
59619	59147	4	0.045455
59619	60156	1	0.011364
59620	59783	1	0.002577
59620	59208	1	0.002577
59620	60144	2	0.005155
59620	59496	1	0.002577
59620	59538	6	0.015464
59620	59125	3	0.007732
59620	60444	2	0.005155
59620	59518	1	0.002577
59623	59367	1	0.001153
59623	60366	3	0.003460
59623	59538	3	0.003460
59623	59220	1	0.001153
59623	60053	2	0.002307
59623	60377	1	0.001153
59623	59325	5	0.005767
59624	60049	4	0.051282
59624	59986	12	0.153846
59624	60038	4	0.051282
59624	60006	4	0.051282
59624	60447	4	0.051282
59625	59367	1	0.003861
59625	60360	2	0.007722
59625	60076	1	0.003861
59625	59789	1	0.003861
59625	59215	2	0.007722
59625	59608	1	0.003861
59625	59986	4	0.015444
59625	60409	2	0.007722
59625	59384	1	0.003861
59625	60377	1	0.003861
59625	59869	1	0.003861
59626	59370	6	0.031250
59626	60115	3	0.015625
59626	59315	3	0.015625
59626	60006	9	0.046875
59626	59367	23	0.119792
59627	59824	1	0.012987
59627	59538	1	0.012987
59627	59435	2	0.025974
59627	59325	1	0.012987
59627	59367	2	0.025974
59628	60336	6	0.120000
59628	60468	6	0.120000
59628	59997	58	1.160000
59629	59952	3	1.000000
59630	59824	1	0.022727
59630	59783	6	0.136364
59630	59370	1	0.022727
59630	59246	1	0.022727
59630	60240	1	0.022727
59630	59986	8	0.181818
59630	60223	8	0.181818
59631	59459	1	0.062500
59632	59590	1	0.017241
59632	59316	1	0.017241
59632	59869	1	0.017241
59632	59438	1	0.017241
59634	60193	43	0.053218
59634	59783	14	0.017327
59634	60006	9	0.011139
59634	59777	3	0.003713
59634	60360	3	0.003713
59634	59306	5	0.006188
59634	59367	2	0.002475
59634	60556	3	0.003713
59634	60017	3	0.003713
59634	59986	6	0.007426
59634	59347	3	0.003713
59634	60295	2	0.002475
59634	59608	3	0.003713
59634	59482	3	0.003713
59634	59325	3	0.003713
59634	59167	3	0.003713
59635	59986	2	0.011628
59635	59783	4	0.023256
59635	60659	1	0.005814
59635	60006	1	0.005814
59635	59367	20	0.116279
59637	60673	2	0.001825
59637	59590	3	0.002737
59637	59367	5	0.004562
59637	59370	3	0.002737
59637	60144	2	0.001825
59637	59538	1	0.000912
59637	60413	2	0.001825
59637	59391	4	0.003650
59639	59264	1	0.050000
59639	59907	1	0.050000
59639	60166	1	0.050000
59639	60043	1	0.050000
59639	59916	1	0.050000
59639	59676	1	0.050000
59639	60447	1	0.050000
59639	59810	1	0.050000
59639	60580	1	0.050000
59639	60145	1	0.050000
59639	59560	1	0.050000
59639	60204	1	0.050000
59639	59828	1	0.050000
59639	60489	1	0.050000
59639	60218	1	0.050000
59639	60353	1	0.050000
59639	60611	1	0.050000
59639	59660	1	0.050000
59639	60365	1	0.050000
59639	60496	1	0.050000
59639	60122	1	0.050000
59639	59233	1	0.050000
59639	60642	1	0.050000
59639	60388	1	0.050000
59639	59240	1	0.050000
59639	59247	1	0.050000
59639	60712	1	0.050000
59639	60019	26	1.300000
59639	59383	1	0.050000
59639	59768	1	0.050000
59639	59517	1	0.050000
59641	59937	8	0.028986
59641	60329	561	2.032609
59641	60076	1	0.003623
59641	59535	1	0.003623
59641	60016	2	0.007246
59641	59505	417	1.510870
59641	59986	4	0.014493
59641	59860	1	0.003623
59641	59477	1	0.003623
59641	59384	1	0.003623
59641	60377	1	0.003623
59643	60480	1	0.004545
59643	59538	8	0.036364
59643	60444	5	0.022727
59643	59325	1	0.004545
59644	60429	4	0.008197
59644	60662	6	0.012295
59645	60680	1	0.002410
59645	59384	1	0.002410
59645	59538	227	0.546988
59645	59675	10	0.024096
59645	59882	1	0.002410
59646	60235	1	0.010417
59646	60244	324	3.375000
59646	59325	1	0.010417
59646	60223	1	0.010417
59647	60703	2	0.001862
59647	59576	1	0.000931
59647	59370	1	0.000931
59647	59459	1	0.000931
59647	59367	57	0.053073
59649	59544	2740	74.054054
59649	59416	38	1.027027
59649	60018	37	1.000000
59651	60031	4	0.008529
59653	60006	9	0.019438
59653	60038	587	1.267819
59653	59783	9	0.019438
59653	60360	4	0.008639
59653	59367	4	0.008639
59653	60049	285	0.615551
59653	59986	1125	2.429806
59653	60444	1	0.002160
59653	60447	292	0.630670
59654	59538	1	0.011236
59655	59325	2	0.010471
59657	59538	32	0.470588
59657	59364	21	0.308824
59657	59590	2	0.029412
59657	60471	23	0.338235
59658	59312	2	0.001289
59658	59986	6	0.003868
59658	59367	4	0.002579
59658	60429	18	0.011605
59658	60351	29	0.018698
59660	59783	4	0.003387
59660	59882	2	0.001693
59660	59639	4	0.003387
59660	59860	1	0.000847
59660	59405	2	0.001693
59660	59437	1	0.000847
59660	59312	4	0.003387
59660	59768	1	0.000847
59660	59538	12	0.010161
59660	59220	5	0.004234
59660	59833	1	0.000847
59660	59384	2	0.001693
59660	60377	1	0.000847
59660	59986	1	0.000847
59663	59715	3	0.005607
59663	60389	3	0.005607
59663	59783	12	0.022430
59663	59306	3	0.005607
59663	59367	3	0.005607
59663	59919	3	0.005607
59663	59986	3	0.005607
59663	59227	386	0.721495
59665	59951	144	13.090909
59668	60630	1	0.142857
59670	59227	5	0.022624
59670	60389	1	0.004525
59670	59815	1	0.004525
59670	59882	1	0.004525
59670	60076	3	0.013575
59670	59919	4	0.018100
59670	59312	1	0.004525
59670	59153	2	0.009050
59670	59538	1	0.004525
59670	59220	1	0.004525
59670	60377	2	0.009050
59670	59482	1	0.004525
59670	59675	1	0.004525
59670	60413	1	0.004525
59671	59685	2	0.007067
59671	60006	3	0.010601
59671	59367	2	0.007067
59671	60680	1	0.003534
59671	59824	14	0.049470
59671	59986	3	0.010601
59671	60244	2	0.007067
59671	60223	8	0.028269
59672	59968	1	0.037037
59672	59335	2	0.074074
59672	59947	1	0.037037
59672	60431	2	0.074074
59672	59901	2	0.074074
59672	59710	2	0.074074
59674	60416	2	0.001825
59674	59136	18	0.016423
59674	59819	29	0.026460
59674	59397	1	0.000912
59674	60422	1	0.000912
59674	60423	86	0.078467
59674	59400	35	0.031934
59674	59401	71	0.064781
59674	59402	1	0.000912
59674	60427	1	0.000912
59674	59404	1	0.000912
59674	59406	1	0.000912
59674	59919	105	0.095803
59674	60432	1	0.000912
59674	59921	1	0.000912
59674	59410	1	0.000912
59674	59411	32	0.029197
59674	59757	22	0.020073
59674	60440	28	0.025547
59674	60443	1	0.000912
59674	60444	1	0.000912
59674	59933	1	0.000912
59674	60446	1	0.000912
59674	59297	1	0.000912
59674	59456	37	0.033759
59674	60627	1	0.000912
59674	60337	1	0.000912
59674	59946	1	0.000912
59674	59655	32	0.029197
59674	59949	1	0.000912
59674	60462	1	0.000912
59674	59439	1	0.000912
59674	60424	1	0.000912
59674	59442	152	0.138686
59674	60467	1	0.000912
59674	59444	1	0.000912
59674	59447	1	0.000912
59674	59960	60	0.054745
59674	59538	3	0.002737
59674	59963	1	0.000912
59674	59452	1	0.000912
59674	59914	1	0.000912
59674	59829	1	0.000912
59674	60480	1	0.000912
59674	60321	1	0.000912
59674	59458	1	0.000912
59674	59915	1	0.000912
59674	59460	1	0.000912
59674	59463	1	0.000912
59674	60488	1	0.000912
59674	59977	1	0.000912
59674	59978	1	0.000912
59674	59468	1	0.000912
59674	59981	1	0.000912
59674	59471	1	0.000912
59674	59985	111	0.101277
59674	59986	128	0.116788
59674	60499	1	0.000912
59674	60500	1	0.000912
59674	60430	63	0.057482
59674	59991	1	0.000912
59674	59481	1	0.000912
59674	59407	1	0.000912
59674	59998	38	0.034672
59674	59487	1	0.000912
59674	60512	1	0.000912
59674	59490	1	0.000912
59674	60517	1	0.000912
59674	60006	51	0.046533
59674	60007	1	0.000912
59674	59836	125	0.114051
59674	60013	1	0.000912
59674	59502	39	0.035584
59674	59325	99	0.090328
59674	59504	1	0.000912
59674	60435	1	0.000912
59674	59510	44	0.040146
59674	60024	1	0.000912
59674	59513	84	0.076642
59674	60026	1	0.000912
59674	59515	1	0.000912
59674	60028	1	0.000912
59674	59590	65	0.059307
59674	60033	1	0.000912
59674	60546	1	0.000912
59674	60547	1	0.000912
59674	59524	1	0.000912
59674	60038	70	0.063869
59674	60553	1	0.000912
59674	60170	1	0.000912
59674	60045	1	0.000912
59674	60047	1	0.000912
59674	60050	1	0.000912
59674	60564	1	0.000912
59674	60565	1	0.000912
59674	60034	9	0.008212
59674	60185	1	0.000912
59674	59844	1	0.000912
59674	60570	2	0.001825
59674	60573	15	0.013686
59674	60063	1	0.000912
59674	60066	1	0.000912
59674	59931	29	0.026460
59674	59557	1	0.000912
59674	59558	1	0.000912
59674	60103	1	0.000912
59674	59564	1	0.000912
59674	59565	1	0.000912
59674	59606	1	0.000912
59674	59677	1	0.000912
59674	60514	194	0.177007
59674	60089	55	0.050182
59674	60602	50	0.045620
59674	60091	1	0.000912
59674	60705	1	0.000912
59674	60094	1	0.000912
59674	59232	1	0.000912
59674	59585	38	0.034672
59674	60100	128	0.116788
59674	60614	1	0.000912
59674	60193	93	0.084854
59674	59592	1	0.000912
59674	60107	69	0.062956
59674	60110	1	0.000912
59674	60111	1	0.000912
59674	60112	1	0.000912
59674	60625	1	0.000912
59674	60115	1	0.000912
59674	60117	1	0.000912
59674	60630	79	0.072080
59674	59609	1	0.000912
59674	60292	1	0.000912
59674	60123	1	0.000912
59674	60638	1	0.000912
59674	59150	2	0.001825
59674	59621	1	0.000912
59674	60134	1	0.000912
59674	59624	1	0.000912
59674	60138	33	0.030109
59674	60139	1	0.000912
59674	59630	1	0.000912
59674	59631	1	0.000912
59674	59633	1	0.000912
59674	59634	1	0.000912
59674	59635	1	0.000912
59674	60664	46	0.041971
59674	59129	34	0.031022
59674	59918	25	0.022810
59674	59134	158	0.144161
59674	59135	1	0.000912
59674	60160	1	0.000912
59674	59435	36	0.032847
59674	59141	1	0.000912
59674	60678	1	0.000912
59674	60167	1	0.000912
59674	60680	219	0.199818
59674	60681	1	0.000912
59674	59658	1	0.000912
59674	60413	1	0.000912
59674	60684	1	0.000912
59674	60173	1	0.000912
59674	60174	4	0.003650
59674	59663	1	0.000912
59674	60703	55	0.050182
59674	59154	61	0.055657
59674	59155	1	0.000912
59674	59668	1	0.000912
59674	60694	1	0.000912
59674	60277	1	0.000912
59674	59160	1	0.000912
59674	60697	94	0.085766
59674	59165	1	0.000912
59674	60191	1	0.000912
59674	59680	1	0.000912
59674	59169	1	0.000912
59674	59355	359	0.327555
59674	59687	37	0.033759
59674	59688	1	0.000912
59674	59180	1	0.000912
59674	59693	1	0.000912
59674	59839	5	0.004562
59674	59696	1	0.000912
59674	59699	29	0.026460
59674	60724	1	0.000912
59674	59937	5	0.004562
59674	59193	1	0.000912
59674	60219	1	0.000912
59674	60732	1	0.000912
59674	60733	1	0.000912
59674	60223	97	0.088504
59674	60224	1	0.000912
59674	60737	1	0.000912
59674	59767	1	0.000912
59674	60229	1	0.000912
59674	59208	55	0.050182
59674	60471	1	0.000912
59674	60237	1	0.000912
59674	59729	1	0.000912
59674	59730	1	0.000912
59674	60245	1	0.000912
59674	59734	1	0.000912
59674	60247	1	0.000912
59674	59226	1	0.000912
59674	59535	8	0.007299
59674	60254	1	0.000912
59674	60256	1	0.000912
59674	59745	1	0.000912
59674	60262	2	0.001825
59674	59196	57	0.052007
59674	59243	62	0.056569
59674	60014	1	0.000912
59674	60269	1	0.000912
59674	60271	1	0.000912
59674	59248	23	0.020985
59674	59223	92	0.083942
59674	59764	1	0.000912
59674	59253	1	0.000912
59674	59766	1	0.000912
59674	59255	1	0.000912
59674	59479	5	0.004562
59674	60053	1	0.000912
59674	59712	1	0.000912
59674	59266	1	0.000912
59674	60651	43	0.039234
59674	59268	1	0.000912
59674	59269	1	0.000912
59674	60383	1	0.000912
59674	59783	43	0.039234
59674	59274	1	0.000912
59674	59543	1	0.000912
59674	60300	1	0.000912
59674	59789	32	0.029197
59674	59790	35	0.031934
59674	59793	56	0.051095
59674	59794	1	0.000912
59674	59459	6	0.005474
59674	59796	114	0.104015
59674	59797	2	0.001825
59674	59798	1	0.000912
59674	60311	31	0.028285
59674	59803	1	0.000912
59674	59293	1	0.000912
59674	60318	1	0.000912
59674	59295	44	0.040146
59674	60320	44	0.040146
59674	59809	84	0.076642
59674	59144	69	0.062956
59674	60323	1	0.000912
59674	60328	1	0.000912
59674	59818	1	0.000912
59674	60331	1	0.000912
59674	59308	46	0.041971
59674	60333	246	0.224453
59674	60336	1	0.000912
59674	59313	1	0.000912
59674	59123	1	0.000912
59674	60341	1	0.000912
59674	59322	1	0.000912
59674	59324	1	0.000912
59674	59755	1	0.000912
59674	59603	1	0.000912
59674	60419	18	0.016423
59674	59296	120	0.109489
59674	59843	94	0.085766
59674	59332	1	0.000912
59674	60351	56	0.051095
59674	60358	1	0.000912
59674	59847	1	0.000912
59674	60360	34	0.031022
59674	59850	1	0.000912
59674	59895	1	0.000912
59674	59227	1	0.000912
59674	59342	1	0.000912
59674	59891	1	0.000912
59674	60368	1	0.000912
59674	59857	1	0.000912
59674	59858	1	0.000912
59674	60372	1	0.000912
59674	59861	5	0.004562
59674	60192	1	0.000912
59674	59863	1	0.000912
59674	59983	1	0.000912
59674	60079	8	0.007299
59674	60581	1	0.000912
59674	60384	1	0.000912
59674	59362	1	0.000912
59674	60241	1	0.000912
59674	59368	2	0.001825
59674	59370	5	0.004562
59674	59367	42	0.038321
59674	60398	1	0.000912
59674	59176	1	0.000912
59674	59889	1	0.000912
59674	59987	1	0.000912
59674	59380	1	0.000912
59674	59382	75	0.068431
59674	60407	1	0.000912
59674	59384	11	0.010036
59674	60409	1	0.000912
59674	59900	1	0.000912
59674	59306	2	0.001825
59674	60501	18	0.016423
59675	59911	1	0.000122
59675	59912	2	0.000243
59675	59403	1	0.000122
59675	59917	1	0.000122
59675	59993	1	0.000122
59675	59930	2	0.000243
59675	60444	32	0.003891
59675	59940	2	0.000243
59675	60456	1	0.000122
59675	59437	1	0.000122
59675	59955	1	0.000122
59675	60471	1	0.000122
59675	59965	1	0.000122
59675	59459	3	0.000365
59675	59972	1	0.000122
59675	59980	1	0.000122
59675	60498	2	0.000243
59675	59477	1	0.000122
59675	60503	3	0.000365
59675	60505	1	0.000122
59675	59482	1	0.000122
59675	59483	1	0.000122
59675	59485	3	0.000365
59675	60516	1	0.000122
59675	60006	16	0.001946
59675	59494	1	0.000122
59675	59497	1	0.000122
59675	60015	1	0.000122
59675	60016	3	0.000365
59675	60531	2	0.000243
59675	60533	19	0.002310
59675	59510	1	0.000122
59675	59514	1	0.000122
59675	59518	4	0.000486
59675	60549	1	0.000122
59675	60551	3	0.000365
59675	59535	3	0.000365
59675	59538	57	0.006931
59675	60055	1	0.000122
59675	60612	1	0.000122
59675	60058	4	0.000486
59675	60186	1	0.000122
59675	60076	1	0.000122
59675	59568	3	0.000365
59675	59571	2	0.000243
59675	60084	2	0.000243
59675	59586	2	0.000243
59675	60100	9	0.001094
59675	59590	5	0.000608
59675	60120	1	0.000122
59675	59944	1	0.000122
59675	59641	2	0.000243
59675	60156	4	0.000486
59675	59137	2	0.000243
59675	60674	1	0.000122
59675	60680	84	0.010214
59675	59147	1	0.000122
59675	59148	1	0.000122
59675	60177	1	0.000122
59675	60179	2	0.000243
59675	59674	1	0.000122
59675	59168	1	0.000122
59675	60707	1	0.000122
59675	59685	1	0.000122
59675	60715	1	0.000122
59675	59181	2	0.000243
59675	60210	1	0.000122
59675	60220	1	0.000122
59675	60231	1	0.000122
59675	59723	1	0.000122
59675	59216	1	0.000122
59675	59217	1	0.000122
59675	60242	1	0.000122
59675	59220	1	0.000122
59675	59230	2	0.000243
59675	59751	1	0.000122
59675	59244	1	0.000122
59675	60270	3	0.000365
59675	60273	2	0.000243
59675	60413	1	0.000122
59675	59252	2	0.000243
59675	59765	1	0.000122
59675	59837	1	0.000122
59675	59258	2	0.000243
59675	59771	1	0.000122
59675	59783	1	0.000122
59675	60297	5	0.000608
59675	59786	5	0.000608
59675	59788	1	0.000122
59675	59277	1	0.000122
59675	59795	1	0.000122
59675	60308	2	0.000243
59675	59800	3	0.000365
59675	59289	1	0.000122
59675	60315	1	0.000122
59675	59302	1	0.000122
59675	59304	1	0.000122
59675	60329	527	0.064081
59675	59309	1	0.000122
59675	59311	2	0.000243
59675	59312	70	0.008512
59675	59316	5	0.000608
59675	59325	54	0.006566
59675	60061	1	0.000122
59675	60354	1	0.000122
59675	60357	1	0.000122
59675	60359	1	0.000122
59675	60360	120	0.014591
59675	60366	1	0.000122
59675	59855	61	0.007417
59675	59861	1	0.000122
59675	60377	1	0.000122
59675	59867	1	0.000122
59675	59878	1	0.000122
59675	59367	5	0.000608
59675	59880	1	0.000122
59675	59370	1	0.000122
59675	59986	4	0.000486
59675	59887	2	0.000243
59675	59377	1	0.000122
59675	59384	2	0.000243
59675	59389	5	0.000608
59677	59819	1	0.000772
59677	59397	1	0.000772
59677	60422	1	0.000772
59677	60423	1	0.000772
59677	59400	1	0.000772
59677	59401	1	0.000772
59677	59402	1	0.000772
59677	60427	1	0.000772
59677	59404	1	0.000772
59677	59405	992	0.766023
59677	59406	1	0.000772
59677	59919	1	0.000772
59677	60432	1	0.000772
59677	59921	1	0.000772
59677	59410	1	0.000772
59677	59411	1	0.000772
59677	59757	1	0.000772
59677	60443	1	0.000772
59677	60444	3	0.002317
59677	59933	1	0.000772
59677	60446	1	0.000772
59677	59655	1	0.000772
59677	59297	1	0.000772
59677	60627	1	0.000772
59677	60337	1	0.000772
59677	59946	1	0.000772
59677	60167	1	0.000772
59677	59949	1	0.000772
59677	60462	1	0.000772
59677	59439	1	0.000772
59677	60424	1	0.000772
59677	59442	1	0.000772
59677	60467	1	0.000772
59677	59444	1	0.000772
59677	59447	1	0.000772
59677	59960	1	0.000772
59677	59963	1	0.000772
59677	59452	1	0.000772
59677	59914	1	0.000772
59677	59829	1	0.000772
59677	60480	1	0.000772
59677	60321	1	0.000772
59677	59458	1	0.000772
59677	59915	1	0.000772
59677	59460	1	0.000772
59677	59463	1	0.000772
59677	60488	1	0.000772
59677	59977	1	0.000772
59677	59978	1	0.000772
59677	59468	1	0.000772
59677	59981	1	0.000772
59677	59471	1	0.000772
59677	59985	1	0.000772
59677	59987	1	0.000772
59677	60500	1	0.000772
59677	60430	1	0.000772
59677	59479	9	0.006950
59677	59481	1	0.000772
59677	59407	1	0.000772
59677	59487	1	0.000772
59677	60512	1	0.000772
59677	59490	1	0.000772
59677	60517	1	0.000772
59677	60006	4	0.003089
59677	60007	1	0.000772
59677	60013	1	0.000772
59677	59502	1	0.000772
59677	59504	1	0.000772
59677	60530	1	0.000772
59677	60435	1	0.000772
59677	60533	1	0.000772
59677	59513	1	0.000772
59677	60026	1	0.000772
59677	59515	1	0.000772
59677	60028	1	0.000772
59677	60033	1	0.000772
59677	60546	1	0.000772
59677	60547	1	0.000772
59677	59524	1	0.000772
59677	60038	1	0.000772
59677	60553	1	0.000772
59677	60170	1	0.000772
59677	60045	1	0.000772
59677	60047	1	0.000772
59677	60241	1	0.000772
59677	60050	1	0.000772
59677	60564	1	0.000772
59677	60565	1	0.000772
59677	60185	1	0.000772
59677	59844	1	0.000772
59677	60570	2	0.001544
59677	60063	1	0.000772
59677	60066	1	0.000772
59677	59557	1	0.000772
59677	59558	1	0.000772
59677	60103	1	0.000772
59677	59564	1	0.000772
59677	59565	1	0.000772
59677	59606	1	0.000772
59677	59755	1	0.000772
59677	60089	1	0.000772
59677	60602	1	0.000772
59677	60091	1	0.000772
59677	59603	1	0.000772
59677	60705	1	0.000772
59677	60094	1	0.000772
59677	59232	1	0.000772
59677	59585	2	0.001544
59677	60100	2	0.001544
59677	60614	1	0.000772
59677	60193	1	0.000772
59677	59592	1	0.000772
59677	60107	1	0.000772
59677	60110	1	0.000772
59677	60111	1	0.000772
59677	60112	1	0.000772
59677	60625	1	0.000772
59677	60115	1	0.000772
59677	60117	1	0.000772
59677	60630	1	0.000772
59677	59609	1	0.000772
59677	60292	1	0.000772
59677	60123	1	0.000772
59677	60638	1	0.000772
59677	60128	1	0.000772
59677	59621	1	0.000772
59677	60134	1	0.000772
59677	59624	1	0.000772
59677	60139	1	0.000772
59677	59630	1	0.000772
59677	59631	1	0.000772
59677	59633	1	0.000772
59677	59634	1	0.000772
59677	59635	1	0.000772
59677	60664	1	0.000772
59677	59134	2	0.001544
59677	59135	1	0.000772
59677	60160	1	0.000772
59677	59983	1	0.000772
59677	59141	1	0.000772
59677	60678	1	0.000772
59677	59143	1	0.000772
59677	60680	3	0.002317
59677	60681	1	0.000772
59677	59658	1	0.000772
59677	60684	1	0.000772
59677	60173	1	0.000772
59677	60174	2	0.001544
59677	59663	1	0.000772
59677	60703	1	0.000772
59677	59154	1	0.000772
59677	59155	1	0.000772
59677	59668	1	0.000772
59677	60694	1	0.000772
59677	60277	1	0.000772
59677	59160	1	0.000772
59677	60697	1	0.000772
59677	59674	9	0.006950
59677	59165	1	0.000772
59677	60191	1	0.000772
59677	59680	1	0.000772
59677	59169	1	0.000772
59677	59687	1	0.000772
59677	59688	1	0.000772
59677	59180	1	0.000772
59677	59693	1	0.000772
59677	59696	1	0.000772
59677	59699	1	0.000772
59677	60724	1	0.000772
59677	59190	2	0.001544
59677	59193	1	0.000772
59677	60218	2	0.001544
59677	60219	1	0.000772
59677	60732	1	0.000772
59677	60733	1	0.000772
59677	60223	1	0.000772
59677	60224	1	0.000772
59677	60737	1	0.000772
59677	59767	1	0.000772
59677	60229	1	0.000772
59677	59208	1	0.000772
59677	60471	1	0.000772
59677	60237	1	0.000772
59677	59729	1	0.000772
59677	60245	1	0.000772
59677	59734	1	0.000772
59677	60247	1	0.000772
59677	59226	1	0.000772
59677	60254	1	0.000772
59677	60256	1	0.000772
59677	60258	994	0.767568
59677	59243	1	0.000772
59677	60014	1	0.000772
59677	60269	1	0.000772
59677	60271	1	0.000772
59677	59764	1	0.000772
59677	59253	1	0.000772
59677	59766	1	0.000772
59677	59255	1	0.000772
59677	59711	1	0.000772
59677	60053	1	0.000772
59677	59712	1	0.000772
59677	59266	1	0.000772
59677	60651	1	0.000772
59677	59268	1	0.000772
59677	59269	1	0.000772
59677	60383	1	0.000772
59677	59783	7	0.005405
59677	59274	1	0.000772
59677	59543	1	0.000772
59677	60300	1	0.000772
59677	59789	1	0.000772
59677	59790	1	0.000772
59677	59793	1	0.000772
59677	59794	1	0.000772
59677	59796	1	0.000772
59677	59798	1	0.000772
59677	60311	1	0.000772
59677	59803	1	0.000772
59677	59293	1	0.000772
59677	60318	1	0.000772
59677	59809	1	0.000772
59677	60323	1	0.000772
59677	60328	1	0.000772
59677	59818	1	0.000772
59677	60331	1	0.000772
59677	60333	1	0.000772
59677	60336	1	0.000772
59677	59313	1	0.000772
59677	59123	1	0.000772
59677	60341	1	0.000772
59677	59324	1	0.000772
59677	59325	2	0.001544
59677	59839	1	0.000772
59677	59332	1	0.000772
59677	60358	1	0.000772
59677	59847	1	0.000772
59677	60360	6	0.004633
59677	59850	1	0.000772
59677	59895	1	0.000772
59677	59342	1	0.000772
59677	59891	1	0.000772
59677	60368	1	0.000772
59677	59857	1	0.000772
59677	60372	1	0.000772
59677	60192	1	0.000772
59677	59863	1	0.000772
59677	59355	1	0.000772
59677	60581	1	0.000772
59677	60384	1	0.000772
59677	59362	1	0.000772
59677	59367	22	0.016988
59677	59368	1	0.000772
59677	59370	2	0.001544
59677	59991	1	0.000772
59677	60398	1	0.000772
59677	59176	1	0.000772
59677	59889	1	0.000772
59677	60499	1	0.000772
59677	59380	1	0.000772
59677	59382	1	0.000772
59677	60407	1	0.000772
59677	59384	2	0.001544
59677	60409	1943	1.500386
59677	59900	1	0.000772
59678	59538	28	0.965517
59678	59459	1	0.034483
59678	59356	1	0.034483
59678	60210	1	0.034483
59678	60594	1	0.034483
59679	60545	2	0.009302
59679	59538	4	0.018605
59679	60444	2	0.009302
59679	59986	4	0.018605
59679	59754	11	0.051163
59685	60144	4	0.001057
59685	59675	1	0.000264
59685	59590	14	0.003701
59685	59367	36	0.009516
59685	59370	1	0.000264
59685	60270	1	0.000264
59685	59312	3	0.000793
59685	59538	12	0.003172
59685	59824	2	0.000529
59685	59671	4	0.001057
59685	59384	1	0.000264
59685	60223	9	0.002379
59685	59518	1	0.000264
59685	59248	4	0.001057
59687	60416	2	0.001965
59687	59140	1	0.000982
59687	59783	7	0.006876
59687	60680	2	0.001965
59687	60559	8	0.007859
59687	59538	5	0.004912
59687	59803	2	0.001965
59687	59680	1	0.000982
59687	59937	42	0.041257
59687	59528	1	0.000982
59687	59442	2	0.001965
59687	59322	3	0.002947
59687	59325	255	0.250491
59687	60704	6	0.005894
59687	59459	2	0.001965
59687	59590	2	0.001965
59687	59463	3	0.002947
59687	60360	13	0.012770
59687	60108	1	0.000982
59687	60113	1	0.000982
59687	59986	10	0.009823
59687	59223	5	0.004912
59687	59355	119	0.116896
59687	60006	43	0.042240
59687	59367	59	0.057957
59687	60013	1	0.000982
59687	59389	1	0.000982
59688	60006	2	0.003876
59688	59783	4	0.007752
59688	60489	9	0.017442
59688	60333	15	0.029070
59688	59608	2	0.003876
59688	59986	20	0.038760
59688	60504	14	0.027132
59691	59538	3	0.090909
59691	59590	2	0.060606
59693	60586	3	0.142857
59693	60175	3	0.142857
59694	60226	3	0.500000
59694	60101	3	0.500000
59694	59654	3	0.500000
59694	59152	3	0.500000
59694	60081	3	0.500000
59694	60371	3	0.500000
59695	59258	25	0.961538
59696	59526	1	0.002725
59696	59245	1	0.002725
59696	60424	1	0.002725
59696	60425	4	0.010899
59696	59148	1	0.002725
59696	59373	1	0.002725
59696	59152	1	0.002725
59696	60680	2	0.005450
59696	60081	1	0.002725
59696	59932	1	0.002725
59696	59165	1	0.002725
59696	60702	1	0.002725
59696	59807	1	0.002725
59696	60321	1	0.002725
59696	60324	3	0.008174
59696	59654	1	0.002725
59696	59303	1	0.002725
59696	60328	1	0.002725
59696	60444	1	0.002725
59696	59818	1	0.002725
59696	59783	13	0.035422
59696	60716	1	0.002725
59696	60530	2	0.005450
59696	59694	1	0.002725
59696	60337	4	0.010899
59696	59442	27	0.073569
59696	60147	1	0.002725
59696	59325	1	0.002725
59696	60226	1	0.002725
59696	59459	1	0.002725
59696	60229	1	0.002725
59696	60614	1	0.002725
59696	60360	2	0.005450
59696	59214	1	0.002725
59696	60368	1	0.002725
59696	59986	1	0.002725
59696	59219	1	0.002725
59696	59477	1	0.002725
59696	59367	21	0.057221
59696	59300	1	0.002725
59696	60635	374	1.019074
59696	60254	1	0.002725
59696	59472	2	0.005450
59696	60260	1	0.002725
59696	60006	3	0.008174
59696	59495	1	0.002725
59696	59752	1	0.002725
59696	59881	2	0.005450
59696	60010	1	0.002725
59696	60327	1	0.002725
59696	60653	1	0.002725
59696	60101	1	0.002725
59696	60371	1	0.002725
59696	59892	1	0.002725
59696	59306	15	0.040872
59696	59912	1	0.002725
59698	59370	9	0.045455
59698	59459	4	0.020202
59698	60006	6	0.030303
59698	59367	9	0.045455
59699	60416	1	0.007576
59699	60225	1	0.007576
59699	59459	116	0.878788
59699	59474	1	0.007576
59699	60006	1	0.007576
59699	59783	2	0.015152
59699	60680	1	0.007576
59699	59442	1	0.007576
59699	59983	3	0.022727
59699	59985	1	0.007576
59699	59986	4	0.030303
59699	59316	1	0.007576
59699	60664	1	0.007576
59699	60570	2	0.015152
59699	59355	3	0.022727
59699	59674	1	0.007576
59699	59899	1	0.007576
59700	60704	1	0.001206
59700	59312	1	0.001206
59700	59590	2	0.002413
59700	59367	2	0.002413
59700	60076	2	0.002413
59700	59535	1	0.001206
59700	60144	2	0.002413
59700	59538	13	0.015682
59700	59765	11	0.013269
59700	59675	1	0.001206
59701	60320	3	0.003538
59701	60006	3	0.003538
59701	59367	3	0.003538
59701	59355	3	0.003538
59701	60413	3	0.003538
59701	59391	6	0.007075
59703	59715	1	0.000338
59703	60229	18	0.006079
59703	60424	21	0.007092
59703	60010	19	0.006417
59703	59538	1	0.000338
59703	60444	15	0.005066
59705	60177	1	0.003226
59705	59538	2	0.006452
59705	59867	1	0.003226
59705	60388	2	0.006452
59707	59306	6	0.600000
59707	60006	3	0.300000
59708	59136	1	0.023256
59708	59590	1	0.023256
59708	59367	2	0.046512
59708	60680	1	0.023256
59708	59306	2	0.046512
59708	59738	3	0.069767
59708	59869	1	0.023256
59708	59134	1	0.023256
59710	60718	1	0.050000
59711	59937	11	0.224490
59711	60680	1	0.020408
59711	59405	2	0.040816
59711	59479	50	1.020408
59711	59384	1	0.020408
59711	60409	1	0.020408
59712	59986	8	0.024540
59712	59919	12	0.036810
59713	59526	3	0.011719
59713	59881	2	0.007812
59713	60010	1	0.003906
59713	59442	1	0.003906
59713	59538	4	0.015625
59713	59219	1	0.003906
59713	59510	1	0.003906
59713	60635	3	0.011719
59713	60444	1	0.003906
59714	59788	2	0.015267
59715	59125	2	0.012422
59715	59538	1	0.006211
59715	59919	165	1.024845
59715	59367	1	0.006211
59715	59663	161	1.000000
59716	59456	40	0.040775
59716	60483	4	0.004077
59716	60006	50	0.050968
59716	59367	39	0.039755
59716	60680	9	0.009174
59716	60329	1	0.001019
59716	59783	19	0.019368
59716	60594	6	0.006116
59716	59437	14	0.014271
59716	59986	23	0.023445
59716	60409	2	0.002039
59716	59384	1	0.001019
59716	59513	32	0.032620
59716	59674	4	0.004077
59716	59325	9	0.009174
59717	60512	2	0.002012
59717	59777	2	0.002012
59717	59557	2	0.002012
59717	60006	38	0.038229
59717	59783	6	0.006036
59717	60360	4	0.004024
59717	59401	28	0.028169
59717	59367	6	0.006036
59717	60111	2	0.002012
59717	60680	4	0.004024
59717	59986	2	0.002012
59717	59335	1337	1.345070
59717	60730	2	0.002012
59718	60395	3	0.071429
59718	60006	1	0.023810
59718	59367	1	0.023810
59718	59370	2	0.047619
59718	59243	1	0.023810
59718	59215	1	0.023810
59718	59986	1	0.023810
59718	59459	3	0.071429
59718	59775	43	1.023810
59719	59152	1	0.005747
59719	60081	2	0.011494
59719	59538	2	0.011494
59720	60034	1	0.001114
59720	59427	900	1.002227
59720	59589	899	1.001114
59720	59593	4	0.004454
59720	60498	895	0.996659
59720	59252	895	0.996659
59720	59325	1	0.001114
59720	60357	1	0.001114
59723	59538	2	0.001735
59723	59405	1	0.000867
59724	59367	8	0.027682
59724	60680	4	0.013841
59724	59370	2	0.006920
59724	59787	300	1.038062
59724	59986	4	0.013841
59724	59951	300	1.038062
59724	59698	2	0.006920
59724	59384	2	0.006920
59724	59129	2	0.006920
59726	59986	2	0.666667
59727	60360	1	0.005376
59727	59836	3	0.016129
59727	59367	18	0.096774
59727	60516	8	0.043011
59727	60559	5	0.026882
59728	60160	1	0.001488
59728	60482	1	0.001488
59728	60419	1	0.001488
59728	60196	1	0.001488
59728	60197	3	0.004464
59728	59850	1	0.001488
59728	59325	1	0.001488
59728	59312	1	0.001488
59728	59538	2	0.002976
59728	59220	1	0.001488
59728	59125	1	0.001488
59728	59258	1	0.001488
59728	59675	4	0.005952
59728	60413	1	0.001488
59728	60223	3	0.004464
59729	60075	1	0.000781
59729	60006	8	0.006250
59729	59590	5	0.003906
59729	59783	2	0.001563
59729	60552	1	0.000781
59729	59815	11	0.008594
59729	59367	2	0.001563
59729	59919	13	0.010156
59729	59248	1	0.000781
59729	60360	3	0.002344
59729	59986	3	0.002344
59729	59316	1	0.000781
59729	60377	3	0.002344
59729	59384	3	0.002344
59729	60409	5	0.003906
59729	60058	2	0.001563
59729	60486	2	0.001563
59729	60389	5	0.003906
59730	60168	9	0.018672
59730	59535	12	0.024896
59730	59538	86	0.178423
59730	60444	4	0.008299
59730	59550	9	0.018672
59730	59937	3	0.006224
59730	60071	9	0.018672
59730	60203	9	0.018672
59730	59821	9	0.018672
59730	59823	9	0.018672
59730	60080	9	0.018672
59730	60680	37	0.076763
59730	60594	2	0.004149
59730	60090	9	0.018672
59730	59325	24	0.049793
59730	59590	2	0.004149
59730	60449	9	0.018672
59730	60360	24	0.049793
59730	59986	14	0.029046
59730	59476	9	0.018672
59730	59227	6	0.012448
59730	59743	6	0.012448
59730	60003	9	0.018672
59730	60006	21	0.043568
59730	59367	3	0.006224
59730	60652	5	0.010373
59730	59888	9	0.018672
59730	60019	15	0.031120
59730	60662	8	0.016598
59730	59384	8	0.016598
59730	60155	9	0.018672
59731	59479	1	0.017241
59732	59902	3	0.039474
59734	59986	2	0.003906
59734	59203	6	0.011719
59734	60580	8	0.015625
59737	60460	1	0.032258
59737	59590	1	0.032258
59737	59902	2	0.064516
59738	60006	1	0.001905
59738	59882	1	0.001905
59738	60076	2	0.003810
59738	59986	9	0.017143
59738	59538	605	1.152381
59738	59384	3	0.005714
59740	59905	3	0.008746
59740	60006	6	0.017493
59740	59783	21	0.061224
59740	60680	6	0.017493
59740	59401	39	0.113703
59740	59306	3	0.008746
59740	59367	15	0.043732
59740	59777	3	0.008746
59740	59986	257	0.749271
59741	59562	102	2.217391
59743	60388	2	0.033898
59743	60357	5	0.084746
59743	60680	1	0.016949
59743	60458	1	0.016949
59743	59560	1	0.016949
59743	59538	67	1.135593
59743	59227	5	0.084746
59743	60223	23	0.389831
59744	59538	4	0.017621
59744	59325	1	0.004405
59745	60360	3	0.075000
59746	59258	3	0.037975
59746	59538	1	0.012658
59748	60136	2	0.004167
59748	59538	1145	2.385417
59748	60006	1	0.002083
59749	60001	4	0.013559
59749	59333	2	0.006780
59749	59590	2	0.006780
59749	60680	4	0.013559
59749	59951	12	0.040678
59749	59355	4	0.013559
59749	59134	6	0.020339
59750	59970	72	1.000000
59750	60019	216	3.000000
59751	59937	3	0.005291
59751	59675	1	0.001764
59751	59311	1	0.001764
59751	60329	1144	2.017637
59751	60471	1	0.001764
59751	60076	1	0.001764
59751	59437	1	0.001764
59751	59535	3	0.005291
59751	59312	1	0.001764
59751	59505	1261	2.223986
59751	59986	2	0.003527
59751	59220	1	0.001764
59751	59860	1	0.001764
59751	60377	1	0.001764
59751	59384	1	0.001764
59751	59641	570	1.005291
59751	59482	1	0.001764
59751	59316	1	0.001764
59751	60413	1	0.001764
59752	59442	5	0.161290
59752	59373	1	0.032258
59752	59986	5	0.161290
59752	60006	1	0.032258
59752	59367	1	0.032258
59754	60704	3	0.003398
59754	60545	24	0.027180
59754	59398	4	0.004530
59754	60006	14	0.015855
59754	59783	2	0.002265
59754	60680	10	0.011325
59754	59367	7	0.007928
59754	59374	2	0.002265
59754	59535	3	0.003398
59754	59986	13	0.014723
59754	59479	1	0.001133
59754	60251	1	0.001133
59754	59325	6	0.006795
59754	59679	2	0.002265
59755	59939	1	0.038462
59755	60517	1	0.038462
59755	60006	3	0.115385
59755	59367	2	0.076923
59755	59783	6	0.230769
59755	60333	9	0.346154
59755	59248	3	0.115385
59755	59986	7	0.269231
59755	59764	1	0.038462
59755	60475	30	1.153846
59756	59893	933	0.995731
59757	59459	1	0.000153
59757	60006	2	0.000306
59757	59783	1	0.000153
59757	60680	2	0.000306
59757	59367	11	0.001684
59757	59154	1	0.000153
59757	59216	1	0.000153
59757	59986	1	0.000153
59757	60533	1	0.000153
59757	59355	2	0.000306
59757	60444	3	0.000459
59757	59518	2	0.000306
59757	60594	8	0.001225
59758	59544	1666	69.416667
59758	59416	48	2.000000
59758	60018	24	1.000000
59759	59325	5	0.023256
59759	59538	13	0.060465
59759	59941	223	1.037209
59759	59159	2	0.009302
59760	59749	2	0.004684
59760	59590	11	0.025761
59760	59538	2	0.004684
59760	60144	1	0.002342
59760	60626	1	0.002342
59760	59125	2	0.004684
59760	59926	1	0.002342
59761	59590	1	0.166667
59761	59144	1	0.166667
59761	60141	1	0.166667
59761	59538	1	0.166667
59761	60662	22	3.666667
59761	60474	1	0.166667
59765	60163	2	0.004149
59765	60420	1	0.002075
59765	60298	149	0.309129
59765	59532	1	0.002075
59765	59405	1	0.002075
59765	60559	1	0.002075
59765	59538	2	0.004149
59765	60567	1	0.002075
59765	59675	1	0.002075
59765	60324	1	0.002075
59765	60329	1	0.002075
59765	59312	1	0.002075
59765	60594	1	0.002075
59765	59786	1	0.002075
59765	59860	1	0.002075
59765	59535	1	0.002075
59765	59234	149	0.309129
59765	60389	1	0.002075
59765	59496	6	0.012448
59765	60141	1	0.002075
59765	60144	1	0.002075
59765	59384	4	0.008299
59765	59643	1	0.002075
59765	60413	1	0.002075
59766	60001	6	0.005111
59766	60421	6	0.005111
59766	59367	2	0.001704
59766	60680	2	0.001704
59766	59306	6	0.005111
59766	59783	10	0.008518
59766	59986	4	0.003407
59766	59608	20	0.017036
59766	59134	10	0.008518
59767	60160	1	0.003559
59767	59963	1	0.003559
59767	60196	1	0.003559
59767	59590	3	0.010676
59767	60006	5	0.017794
59767	59367	2	0.007117
59767	59850	1	0.003559
59767	59671	1	0.003559
59767	59308	1	0.003559
59767	60235	1	0.003559
59767	60335	1	0.003559
59767	60240	1	0.003559
59767	59986	3	0.010676
59767	59987	2	0.007117
59767	60245	1	0.003559
59767	59479	1	0.003559
59767	59384	1	0.003559
59767	59355	1	0.003559
59767	60189	1	0.003559
59767	60223	30	0.106762
59768	59660	2	0.004320
59768	60333	4	0.008639
59768	59639	4	0.008639
59769	60662	4	0.081633
59770	59538	1	0.001980
59770	59429	22	0.043564
59771	59532	1	0.002008
59771	59917	1	0.002008
59771	59535	2	0.004016
59771	59538	8	0.016064
59771	60567	1	0.002008
59771	60058	1	0.002008
59771	59675	2	0.004016
59771	60634	1	0.002008
59771	60324	1	0.002008
59771	60076	2	0.004016
59771	60210	1	0.002008
59771	59311	1	0.002008
59771	59312	1	0.002008
59771	60594	1	0.002008
59771	60211	1	0.002008
59771	59325	4	0.008032
59771	60357	1	0.002008
59771	59405	1	0.002008
59771	60664	1	0.002008
59771	60626	1	0.002008
59771	59220	1	0.002008
59771	59477	1	0.002008
59771	60377	1	0.002008
59771	59482	1	0.002008
59771	60559	1	0.002008
59771	59869	1	0.002008
59771	60389	1	0.002008
59771	59496	1	0.002008
59771	60141	1	0.002008
59771	60270	1	0.002008
59771	60016	1	0.002008
59771	59505	3	0.006024
59771	60402	1	0.002008
59771	59384	4	0.008032
59771	59437	1	0.002008
59771	60413	1	0.002008
59771	59518	2	0.004016
59772	60652	4	0.266667
59774	60456	1	0.090909
59774	59459	1	0.090909
59774	60076	1	0.090909
59774	60006	2	0.181818
59774	59367	6	0.545455
59775	59538	1	0.009804
59776	60267	2	0.222222
59777	60420	1	0.000657
59777	59532	1	0.000657
59777	59405	1	0.000657
59777	60174	4	0.002630
59777	60559	1	0.000657
59777	59937	1	0.000657
59777	60324	1	0.000657
59777	60329	3	0.001972
59777	59824	1	0.000657
59777	60594	1	0.000657
59777	59325	1	0.000657
59777	60193	1	0.000657
59777	60111	1	0.000657
59777	59216	1	0.000657
59777	60626	1	0.000657
59777	59860	5	0.003287
59777	59482	11	0.007232
59777	59869	1	0.000657
59777	60389	1	0.000657
59777	59496	1	0.000657
59777	59381	1	0.000657
59777	59384	19	0.012492
59777	60409	2	0.001315
59777	59518	1	0.000657
59778	60144	1	0.002667
59778	59986	1	0.002667
59778	59325	12	0.032000
59778	59590	11	0.029333
59780	59538	4	1.000000
59783	60416	3	0.004121
59783	59937	3	0.004121
59783	60034	1	0.001374
59783	60324	1	0.001374
59783	59590	3	0.004121
59783	59367	1	0.001374
59783	60680	65	0.089286
59783	59325	3	0.004121
59783	59306	4	0.005495
59783	59855	2	0.002747
59783	60360	7	0.009615
59783	59538	1	0.001374
59783	59860	14	0.019231
59783	59510	16	0.021978
59783	60567	2	0.002747
59783	59384	21	0.028846
59783	60409	1017	1.396978
59783	59322	1	0.001374
59783	59355	3	0.004121
59783	59608	26	0.035714
59783	60189	1	0.001374
59784	60067	1	0.012346
59784	59316	1	0.012346
59784	59437	1	0.012346
59784	59902	4	0.049383
59784	59783	1	0.012346
59786	59937	3	0.005964
59786	60514	2	0.003976
59786	60329	1016	2.019881
59786	60298	4	0.007952
59786	60076	1	0.001988
59786	59535	2	0.003976
59786	59312	4	0.007952
59786	59505	695	1.381710
59786	59986	2	0.003976
59786	59860	1	0.001988
59786	59641	6	0.011928
59786	59384	1	0.001988
59786	60377	1	0.001988
59786	59675	5	0.009940
59786	60413	3	0.005964
59787	59724	102	0.223684
59788	59714	3	0.008197
59788	60031	1	0.002732
59789	59459	1	0.004525
59789	60006	4	0.018100
59789	59783	3	0.013575
59789	59325	1	0.004525
59789	59986	4	0.018100
59789	59606	2	0.009050
59789	59355	1	0.004525
59789	60733	1	0.004525
59789	59774	1	0.004525
59790	60704	2	0.017857
59790	59459	1	0.008929
59790	59590	1	0.008929
59790	59986	3	0.026786
59790	59325	3	0.026786
59790	59839	6	0.053571
59792	59538	1	0.038462
59793	60704	2	0.001258
59793	59875	2	0.001258
59793	60006	10	0.006289
59793	60454	2	0.001258
59793	59367	16	0.010063
59793	60360	2	0.001258
59793	59370	2	0.001258
59793	59783	22	0.013836
59793	59760	2	0.001258
59793	59459	4	0.002516
59793	59926	2	0.001258
59793	60107	2	0.001258
59793	59355	32	0.020126
59793	59325	82	0.051572
59794	59777	1	0.008621
59794	60006	1	0.008621
59794	59729	1	0.008621
59794	59986	1	0.008621
59794	60377	1	0.008621
59794	60409	1	0.008621
59794	59290	59	0.508621
59795	59325	1	0.002967
59795	59590	1	0.002967
59796	59456	1	0.001059
59796	59435	1	0.001059
59796	60038	1	0.001059
59796	59783	15	0.015890
59796	60680	2	0.002119
59796	59790	1	0.001059
59796	60311	1	0.001059
59796	59789	1	0.001059
59796	60430	2	0.002119
59796	59919	1	0.001059
59796	59793	1	0.001059
59796	59922	3	0.003178
59796	59411	1	0.001059
59796	59757	1	0.001059
59796	60440	1	0.001059
59796	60697	1	0.001059
59796	59674	18	0.019068
59796	59931	1	0.001059
59796	60444	1	0.001059
59796	60573	1	0.001059
59796	59295	1	0.001059
59796	60704	6	0.006356
59796	59937	10	0.010593
59796	59687	1	0.001059
59796	59178	3	0.003178
59796	59143	1	0.001059
59796	60333	1	0.001059
59796	59144	1	0.001059
59796	59809	1	0.001059
59796	59400	1	0.001059
59796	59442	1	0.001059
59796	59699	1	0.001059
59796	59998	1	0.001059
59796	59401	1	0.001059
59796	60472	1	0.001059
59796	60089	1	0.001059
59796	60602	1	0.001059
59796	59836	1	0.001059
59796	59325	64	0.067797
59796	59960	1	0.001059
59796	60223	1	0.001059
59796	60419	1	0.001059
59796	59585	1	0.001059
59796	59459	12	0.012712
59796	60100	1	0.001059
59796	59590	2	0.002119
59796	60193	1	0.001059
59796	60360	6	0.006356
59796	59655	1	0.001059
59796	60107	1	0.001059
59796	59985	1	0.001059
59796	59986	6	0.006356
59796	59603	3	0.003178
59796	60423	1	0.001059
59796	60629	3	0.003178
59796	60630	1	0.001059
59796	59223	1	0.001059
59796	59608	1	0.001059
59796	59154	1	0.001059
59796	59355	75	0.079449
59796	59819	1	0.001059
59796	59358	1	0.001059
59796	59744	1	0.001059
59796	60514	1	0.001059
59796	59747	1	0.001059
59796	60006	3	0.003178
59796	59367	62	0.065678
59796	59196	1	0.001059
59796	60138	3	0.003178
59796	59243	1	0.001059
59796	59538	1	0.001059
59796	59502	1	0.001059
59796	59296	1	0.001059
59796	59129	1	0.001059
59796	59382	1	0.001059
59796	60651	1	0.001059
59796	59384	13	0.013771
59796	59513	1	0.001059
59796	59918	1	0.001059
59796	60351	1	0.001059
59796	60664	1	0.001059
59796	59134	1	0.001059
59796	60501	1	0.001059
59797	60416	3	0.007026
59797	60034	4	0.009368
59797	59783	1	0.002342
59797	60680	32	0.074941
59797	59401	1	0.002342
59797	59223	1	0.002342
59797	60174	1	0.002342
59797	59919	1	0.002342
59797	60309	2	0.004684
59797	60697	1	0.002342
59797	60503	427	1.000000
59797	60444	3	0.007026
59797	60533	2	0.004684
59797	60704	10	0.023419
59797	60193	1	0.002342
59797	60578	1	0.002342
59797	60329	4	0.009368
59797	59306	10	0.023419
59797	59308	1	0.002342
59797	59698	2	0.004684
59797	59370	2	0.004684
59797	59312	1	0.002342
59797	59809	1	0.002342
59797	59442	1	0.002342
59797	59699	1	0.002342
59797	59707	2	0.004684
59797	59196	1	0.002342
59797	59325	6	0.014052
59797	60223	1	0.002342
59797	59840	1	0.002342
59797	59552	1	0.002342
59797	59459	18	0.042155
59797	60100	1	0.002342
59797	59590	3	0.007026
59797	60001	1	0.002342
59797	60360	1	0.002342
59797	59855	9	0.021077
59797	59729	1	0.002342
59797	60114	1	0.002342
59797	59731	1	0.002342
59797	59220	1	0.002342
59797	59479	18	0.042155
59797	59355	27	0.063232
59797	60144	2	0.004684
59797	60128	2	0.004684
59797	59745	9	0.021077
59797	60006	5	0.011710
59797	59367	30	0.070258
59797	60024	3	0.007026
59797	59626	2	0.004684
59797	59986	4	0.009368
59797	59248	3	0.007026
59797	59381	7	0.016393
59797	59510	2	0.004684
59797	59513	1	0.002342
59797	59384	4	0.009368
59797	60409	1	0.002342
59797	59839	5	0.011710
59797	60413	1	0.002342
59797	59134	1	0.002342
59798	60704	4	0.001122
59798	60611	3	0.000841
59798	60006	7	0.001963
59798	59783	9	0.002524
59798	59306	3	0.000841
59798	59367	2	0.000561
59798	60120	7	0.001963
59798	59131	7	0.001963
59798	59325	3	0.000841
59800	59459	1	0.001188
59800	60100	3	0.003563
59800	60006	1	0.001188
59800	59590	9	0.010689
59800	59367	1	0.001188
59800	59370	7	0.008314
59800	59783	4	0.004751
59800	59510	1	0.001188
59800	59986	1	0.001188
59800	59538	1	0.001188
59800	60662	4	0.004751
59800	60409	1	0.001188
59800	59675	8	0.009501
59800	59325	2	0.002375
59800	59518	1	0.001188
59801	59459	1	0.001754
59801	59236	2	0.003509
59801	59367	7	0.012281
59801	59401	1	0.001754
59801	59783	2	0.003509
59801	59215	6	0.010526
59801	60530	1	0.001754
59801	59955	7	0.012281
59801	59510	2	0.003509
59801	59384	2	0.003509
59801	60409	2	0.003509
59801	59482	1	0.001754
59801	59515	2	0.003509
59801	59196	6	0.010526
59801	59325	2	0.003509
59805	60089	1	0.002146
59805	59538	2	0.004292
59809	60544	4	0.001625
59809	59776	3	0.001219
59809	60418	3	0.001219
59809	59527	6	0.002438
59809	60680	12	0.004876
59809	60304	3	0.001219
59809	60697	3	0.001219
59809	60704	3	0.001219
59809	59937	6	0.002438
59809	59783	12	0.004876
59809	60295	3	0.001219
59809	59437	3	0.001219
59809	59325	56	0.022755
59809	59967	7	0.002844
59809	59459	9	0.003657
59809	60484	4	0.001625
59809	59461	6	0.002438
59809	59590	30	0.012190
59809	60360	6	0.002438
59809	59338	3	0.001219
59809	59471	6	0.002438
59809	59986	3	0.001219
59809	59355	30	0.012190
59809	60106	3	0.001219
59809	60005	4	0.001625
59809	60006	21	0.008533
59809	59367	140	0.056887
59809	59370	11	0.004470
59809	60267	4	0.001625
59809	60143	4	0.001625
59809	59507	3	0.001219
59809	59384	3	0.001219
59809	59132	3	0.001219
59809	60671	4	0.001625
59810	60019	106	3.028571
59810	60388	35	1.000000
59810	60595	2	0.057143
59811	59246	163	10.866667
59812	60163	2	0.003565
59812	60420	2	0.003565
59812	60006	2	0.003565
59812	59398	8	0.014260
59812	59367	9	0.016043
59812	60360	1	0.001783
59812	59783	33	0.058824
59812	59325	12	0.021390
59812	60055	20	0.035651
59812	59608	2	0.003565
59812	59997	1	0.001783
59815	60673	1	0.005780
59815	59227	4	0.023121
59815	59590	6	0.034682
59815	60006	3	0.017341
59815	59367	3	0.017341
59815	60680	8	0.046243
59815	59370	1	0.005780
59815	59919	5	0.028902
59815	59729	13	0.075145
59815	59986	1	0.005780
59815	60360	1	0.005780
59815	59855	1	0.005780
59815	60377	1	0.005780
59815	59674	2	0.011561
59815	59355	3	0.017341
59815	60058	2	0.011561
59815	59325	52	0.300578
59815	60389	3	0.017341
59818	59905	3	0.066667
59818	60260	2	0.044444
59818	59783	10	0.222222
59818	60680	4	0.088889
59818	59401	10	0.222222
59818	59306	3	0.066667
59818	59367	3	0.066667
59818	59986	20	0.444444
59818	59373	1	0.022222
59818	59216	1	0.022222
59818	59442	20	0.444444
59818	59479	1	0.022222
59818	60409	1	0.022222
59818	59165	53	1.177778
59818	60383	2	0.044444
59819	60704	1	0.021277
59819	60416	1	0.021277
59819	59459	10	0.212766
59819	60006	5	0.106383
59819	59783	22	0.468085
59819	60680	4	0.085106
59819	59367	1	0.021277
59819	59986	1	0.021277
59819	59325	4	0.085106
59821	59590	2	0.031250
59821	60006	2	0.031250
59821	60360	2	0.031250
59821	59730	8	0.125000
59821	59355	2	0.031250
59821	59325	2	0.031250
59822	59986	5	0.121951
59822	60630	46	1.121951
59822	59367	3	0.073171
59823	59590	8	0.067227
59823	60006	6	0.050420
59823	60360	2	0.016807
59823	59538	2	0.016807
59823	60622	3	0.025210
59823	59384	2	0.016807
59823	59730	14	0.117647
59823	60630	4	0.033613
59823	60472	2	0.016807
59823	59355	2	0.016807
59823	60029	2	0.016807
59823	59550	2	0.016807
59824	60546	2	0.002286
59824	60419	3	0.003429
59824	59783	1	0.001143
59824	60430	2	0.002286
59824	60567	6	0.006857
59824	59937	7	0.008000
59824	60329	2	0.002286
59824	59435	3	0.003429
59824	60076	3	0.003429
59824	59312	1	0.001143
59824	60089	3	0.003429
59824	59325	7	0.008000
59824	60223	4	0.004571
59824	60360	1	0.001143
59824	60235	1	0.001143
59824	60493	2	0.002286
59824	59216	1	0.001143
59824	59986	1	0.001143
59824	59731	1	0.001143
59824	59860	1	0.001143
59824	60377	2	0.002286
59824	60006	5	0.005714
59824	59367	1	0.001143
59824	59496	7	0.008000
59824	59370	2	0.002286
59824	60651	1	0.001143
59824	59510	1	0.001143
59824	59384	3	0.003429
59824	60409	3	0.003429
59824	60413	3	0.003429
59824	59518	2	0.002286
59825	59535	1	0.006944
59825	59207	139	0.965278
59826	60065	1	0.052632
59826	59355	1	0.052632
59826	59783	2	0.105263
59826	60680	3	0.157895
59826	60011	1	0.052632
59826	59532	1	0.052632
59826	59470	1	0.052632
59826	60623	1	0.052632
59826	59730	1	0.052632
59826	59576	1	0.052632
59826	59674	1	0.052632
59826	59647	1	0.052632
59826	59262	1	0.052632
59826	60703	1	0.052632
59827	59538	18	0.019978
59828	60019	52	2.000000
59829	60006	9	0.007719
59829	59367	12	0.010292
59829	60680	6	0.005146
59829	59783	21	0.018010
59829	59986	12	0.010292
59829	60494	3	0.002573
59829	59535	3	0.002573
59829	59440	18	0.015437
59829	60530	3	0.002573
59829	59572	926	0.794168
59829	59519	3	0.002573
59833	60432	2	0.666667
59833	60656	2	0.666667
59833	60019	8	2.666667
59833	59783	2	0.666667
59834	59384	1	0.016949
59834	59367	118	2.000000
59834	60107	59	1.000000
59834	59399	59	1.000000
59836	60167	6	0.001615
59836	60444	13	0.003498
59836	60704	1	0.000269
59836	59937	2	0.000538
59836	60581	6	0.001615
59836	59687	1	0.000269
59836	59783	1	0.000269
59836	59442	1	0.000269
59836	60338	6	0.001615
59836	59316	2	0.000538
59836	59320	2	0.000538
59836	59452	5	0.001346
59836	59325	16	0.004306
59836	60295	2	0.000538
59836	60224	5	0.001346
59836	59459	15	0.004037
59836	59590	3	0.000807
59836	59978	6	0.001615
59836	59727	5	0.001346
59836	59256	6	0.001615
59836	59986	6	0.001615
59836	59355	76	0.020452
59836	59619	5	0.001346
59836	60006	9	0.002422
59836	59367	13	0.003498
59836	59370	1	0.000269
59836	59379	6	0.001615
59836	60408	5	0.001346
59836	59510	5	0.001346
59836	59384	3	0.000807
59836	60409	1	0.000269
59837	59590	2	0.001963
59837	60680	8	0.007851
59837	59336	1	0.000981
59837	59154	3	0.002944
59837	59479	2	0.001963
59837	60699	1	0.000981
59837	60444	1	0.000981
59839	60128	2	0.100000
59839	60006	2	0.100000
59839	60680	2	0.100000
59839	59986	9	0.450000
59839	59510	1	0.050000
59839	59325	1	0.050000
59840	60704	2	0.000871
59840	60107	3	0.001307
59840	59783	1	0.000436
59840	60006	3	0.001307
59840	59367	23	0.010017
59840	60391	2	0.000871
59840	59986	6	0.002613
59840	59325	1081	0.470819
59840	59538	1	0.000436
59840	59220	5	0.002178
59840	59510	1	0.000436
59840	60697	17	0.007404
59840	59674	1	0.000436
59840	60413	1	0.000436
59841	60144	1	0.071429
59841	59246	413	29.500000
59841	60223	1	0.071429
59842	59538	1	1.000000
59843	60416	19	0.072519
59843	59783	4	0.015267
59843	60680	22	0.083969
59843	59538	27	0.103053
59843	60210	2	0.007634
59843	60594	2	0.007634
59843	59325	10	0.038168
59843	59711	1	0.003817
59843	60100	1	0.003817
59843	59590	3	0.011450
59843	60360	4	0.015267
59843	59986	4	0.015267
59843	59479	26	0.099237
59843	59608	2	0.007634
59843	59355	109	0.416031
59843	60128	2	0.007634
59843	60006	2	0.007634
59843	59367	1	0.003817
59843	59370	1	0.003817
59843	60530	1	0.003817
59843	60409	2	0.007634
59843	59839	2	0.007634
59843	60413	2	0.007634
59844	59943	1	0.000873
59844	59743	1	0.000873
59844	60430	2	0.001745
59844	59367	5	0.004363
59845	59595	4	0.100000
59847	59872	1	0.006993
59847	60163	1	0.006993
59847	60132	1	0.006993
59847	59367	3	0.020979
59847	60680	4	0.027972
59847	59783	5	0.034965
59847	59409	1	0.006993
59848	60241	2	0.005714
59849	59538	1	0.001618
59850	59728	1	0.026316
59850	59367	1	0.026316
59850	60006	1	0.026316
59850	60223	1	0.026316
59852	60662	113	0.710692
59854	60144	1	0.001832
59854	60377	1	0.001832
59854	59751	1	0.001832
59854	60423	1	0.001832
59854	60151	83	0.152015
59855	59745	3	0.012346
59855	60329	2	0.008230
59855	59248	3	0.012346
59855	59384	3	0.012346
59855	59675	1	0.004115
59855	60444	9	0.037037
59857	59393	1	0.007812
59857	60066	1	0.007812
59857	60139	1	0.007812
59857	60177	3	0.023438
59857	59367	15	0.117188
59857	60680	3	0.023438
59857	60681	1	0.007812
59857	59306	1	0.007812
59857	60555	1	0.007812
59857	60333	7	0.054688
59857	60232	1	0.007812
59857	59986	5	0.039062
59857	59636	3	0.023438
59857	59927	1	0.007812
59857	59218	1	0.007812
59858	59384	3	0.300000
59858	60079	3	0.300000
59860	59777	20	0.190476
59860	60420	13	0.123810
59860	60389	12	0.114286
59860	59937	1	0.009524
59860	59496	14	0.133333
59860	59532	14	0.133333
59860	59405	15	0.142857
59860	60141	13	0.123810
59860	59824	10	0.095238
59860	60594	13	0.123810
59860	60626	7	0.066667
59860	60567	11	0.104762
59860	59448	3	0.028571
59860	60324	15	0.142857
59860	60559	12	0.114286
59860	59869	12	0.114286
59860	59518	17	0.161905
59860	60031	11	0.104762
59861	60006	4	0.009346
59861	60552	2	0.004673
59861	60360	4	0.009346
59861	59674	4	0.009346
59861	59355	10	0.023364
59861	60680	2	0.004673
59863	59196	1	0.028571
59864	59538	1	0.100000
59865	60733	2	0.009434
59866	59675	1	0.006410
59866	59325	1	0.006410
59866	59783	1	0.006410
59867	59312	12	0.005188
59867	60130	1	0.000432
59867	60076	3	0.001297
59867	59405	2	0.000865
59867	59408	9	0.003891
59867	60177	1	0.000432
59867	59538	30	0.012970
59867	60435	1	0.000432
59867	59220	3	0.001297
59867	60377	3	0.001297
59867	59383	2	0.000865
59867	60345	5	0.002162
59867	60444	3	0.001297
59867	59325	6	0.002594
59868	59986	1	0.009091
59868	59196	4	0.036364
59868	59901	5	0.045455
59868	60006	4	0.036364
59868	60383	4	0.036364
59869	60034	1	0.001949
59869	59496	4	0.007797
59869	59532	7	0.013645
59869	59438	1	0.001949
59869	60360	1	0.001949
59869	59860	3	0.005848
59869	59384	5	0.009747
59869	59316	1	0.001949
59869	59325	13	0.025341
59869	60031	1	0.001949
59872	59409	1	0.037037
59872	60499	1	0.037037
59872	60515	1	0.037037
59872	59997	36	1.333333
59872	59847	1	0.037037
59873	59436	36	1.000000
59873	60589	36	1.000000
59873	60566	36	1.000000
59875	59134	2	0.002685
59876	60354	3117	3.684397
59876	59538	1	0.001182
59877	59825	162	0.970060
59877	59207	162	0.970060
59878	59538	3	0.030303
59878	59483	1	0.010101
59878	59367	1	0.010101
59879	59538	1	0.038462
59879	60527	1	0.038462
59879	60311	1	0.038462
59880	59538	648	0.742268
59880	59367	1	0.001145
59880	60357	2	0.002291
59880	59590	1	0.001145
59880	59325	1	0.001145
59881	59713	5	0.001985
59881	59459	2	0.000794
59881	60324	4	0.001588
59881	60006	4	0.001588
59881	59367	6	0.002382
59881	59912	20	0.007940
59881	59783	6	0.002382
59881	60716	319	0.126638
59881	59442	119	0.047241
59881	60653	16	0.006352
59881	59384	2	0.000794
59881	59986	24	0.009528
59881	60147	4	0.001588
59881	59477	1	0.000397
59881	59608	1	0.000397
59881	60420	1	0.000397
59881	60559	1	0.000397
59881	60444	1	0.000397
59881	59389	1	0.000397
59881	60079	1	0.000397
59882	59777	1	0.002427
59882	60420	2	0.004854
59882	59532	2	0.004854
59882	60559	2	0.004854
59882	59538	1	0.002427
59882	60567	2	0.004854
59882	59675	1	0.002427
59882	60324	2	0.004854
59882	60076	1	0.002427
59882	59437	1	0.002427
59882	59312	1	0.002427
59882	60594	2	0.004854
59882	59220	1	0.002427
59882	60377	1	0.002427
59882	59482	1	0.002427
59882	59535	2	0.004854
59882	59869	1	0.002427
59882	60389	2	0.004854
59882	59496	1	0.002427
59882	60141	2	0.004854
59882	59505	1	0.002427
59882	60413	1	0.002427
59882	59518	1	0.002427
59883	59882	2	0.001416
59883	59154	5	0.003541
59883	59535	3	0.002125
59883	60144	2	0.001416
59883	59538	29	0.020538
59883	59384	1	0.000708
59883	59481	7	0.004958
59883	60444	2	0.001416
59883	59325	8	0.005666
59884	59590	2	0.003120
59884	60486	6	0.009360
59884	60006	25	0.039002
59884	59815	1	0.001560
59884	60680	6	0.009360
59884	60394	1	0.001560
59884	59367	42	0.065523
59884	59729	2	0.003120
59884	59919	10	0.015601
59884	60360	7	0.010920
59884	60248	1	0.001560
59884	59227	31	0.048362
59886	60481	1	0.002370
59886	60354	1	0.002370
59886	59377	1	0.002370
59886	60612	3	0.007109
59886	59687	2	0.004739
59886	60680	6	0.014218
59886	60108	1	0.002370
59886	60721	1	0.002370
59886	60558	1	0.002370
59886	59940	1	0.002370
59886	59505	1	0.002370
59886	59538	5	0.011848
59886	59412	1	0.002370
59886	59449	1	0.002370
59886	60377	2	0.004739
59886	59384	1	0.002370
59886	59300	2	0.004739
59886	59535	1	0.002370
59886	59836	1	0.002370
59886	60381	1	0.002370
59886	59230	2	0.004739
59887	59538	2	0.003584
59888	59590	3	0.007958
59888	60006	3	0.007958
59888	60360	3	0.007958
59888	59730	6	0.015915
59888	59355	3	0.007958
59888	59325	3	0.007958
59889	60697	27	0.450000
59889	60714	45	0.750000
59889	60259	18	0.300000
59889	59220	9	0.150000
59889	60413	9	0.150000
59890	60450	40	0.027701
59890	59538	25	0.017313
59890	60189	1	0.000693
59891	59986	3	0.250000
59892	59522	2	0.004587
59892	59459	3	0.006881
59892	60006	6	0.013761
59892	59367	4	0.009174
59892	59912	3	0.006881
59892	59783	1	0.002294
59892	60716	2	0.004587
59892	60114	1	0.002294
59892	60360	6	0.013761
59892	59442	9	0.020642
59892	59986	5	0.011468
59892	59325	1	0.002294
59895	60680	1	0.026316
59895	59400	1	0.026316
59895	59986	3	0.078947
59896	59538	3	0.008287
59897	59538	1	0.009524
59897	60124	1	0.009524
59897	59533	2	0.019048
59897	60591	1	0.009524
59900	59296	6	0.166667
59900	60680	3	0.083333
59900	59459	2	0.055556
59900	60006	1	0.027778
59900	60087	1	0.027778
59901	59896	1	0.027778
59901	59868	1	0.027778
59902	59392	2	0.005650
59902	60417	1	0.002825
59902	60418	3	0.008475
59902	59784	1	0.002825
59902	59535	5	0.014124
59902	60304	1	0.002825
59902	60305	1	0.002825
59902	59538	6	0.016949
59902	59283	1	0.002825
59902	60052	1	0.002825
59902	60187	1	0.002825
59902	60701	1	0.002825
59902	59423	1	0.002825
59902	60069	1	0.002825
59902	59942	1	0.002825
59902	59433	1	0.002825
59902	59951	2	0.005650
59902	60722	1	0.002825
59902	60019	2	0.005650
59902	60725	1	0.002825
59902	59834	1	0.002825
59902	59325	3	0.008475
59902	59132	1	0.002825
59902	60360	6	0.016949
59902	59338	1	0.002825
59902	60239	1	0.002825
59902	60497	1	0.002825
59902	59776	1	0.002825
59902	60259	1	0.002825
59902	59220	1	0.002825
59902	59605	1	0.002825
59902	59730	4	0.011299
59902	59737	1	0.002825
59902	59743	4	0.011299
59902	60106	1	0.002825
59902	60135	1	0.002825
59902	60136	1	0.002825
59902	60540	2	0.005650
59902	59372	1	0.002825
59902	59501	1	0.002825
59902	59506	1	0.002825
59902	59507	1	0.002825
59902	59509	1	0.002825
59902	60278	1	0.002825
59902	59387	1	0.002825
59902	60668	1	0.002825
59903	59370	1	0.017241
59903	59796	1	0.017241
59903	59538	2	0.034483
59905	59777	1	0.000930
59905	59401	3	0.002791
59905	59384	6	0.005581
59905	59538	1067	0.992558
59905	60728	1069	0.994419
59905	59740	2130	1.981395
59905	59325	14	0.013023
59907	60019	108	0.240535
59907	60038	12	0.026726
59909	60680	34	2.000000
59909	60283	17	1.000000
59911	59496	3	0.136364
59911	59538	1	0.045455
59911	59389	1	0.045455
59911	60295	1	0.045455
59912	60324	1	0.000775
59912	60360	1	0.000775
59912	59881	2	0.001549
59912	59442	4	0.003098
59912	60653	1	0.000775
59912	59538	3	0.002324
59912	59892	2	0.001549
59912	59477	1	0.000775
59912	59384	1	0.000775
59912	59325	1	0.000775
59912	60702	1	0.000775
59912	59986	1	0.000775
59913	60144	1	0.066667
59913	59246	443	29.533333
59915	60005	1	0.011236
59915	60006	3	0.033708
59915	59367	1	0.011236
59915	59986	2	0.022472
59915	59700	4	0.044944
59915	59513	8	0.089888
59915	60052	4	0.044944
59915	60059	1	0.011236
59915	59580	1	0.011236
59916	60353	1	0.007634
59916	59810	1	0.007634
59916	60043	1	0.007634
59916	60388	10	0.076336
59916	59560	1	0.007634
59916	60489	1	0.007634
59916	59639	1	0.007634
59916	60333	3	0.022901
59916	60642	1	0.007634
59916	59383	1	0.007634
59916	59538	5	0.038168
59916	60019	15	0.114504
59916	60053	1	0.007634
59916	59927	1	0.007634
59916	59833	1	0.007634
59916	60122	1	0.007634
59916	59607	1	0.007634
59917	59937	3	0.006036
59917	60295	1	0.002012
59917	60329	507	1.020121
59917	60120	6	0.012072
59917	59389	9	0.018109
59917	60076	2	0.004024
59917	59437	3	0.006036
59917	60270	2	0.004024
59917	59535	7	0.014085
59917	59312	4	0.008048
59917	59505	170	0.342052
59917	59986	2	0.004024
59917	59860	1	0.002012
59917	60430	2	0.004024
59917	60050	1	0.002012
59917	59641	4	0.008048
59917	59384	1	0.002012
59917	60377	2	0.004024
59917	59675	3	0.006036
59917	60444	1	0.002012
59917	60413	1	0.002012
59918	60704	1	0.005128
59918	59459	2	0.010256
59918	59941	1	0.005128
59918	60006	1	0.005128
59918	59783	7	0.035897
59918	60680	1	0.005128
59918	59367	19	0.097436
59918	60625	2	0.010256
59918	59384	1	0.005128
59918	59674	2	0.010256
59918	59355	3	0.015385
59918	60444	1	0.005128
59918	59325	25	0.128205
59919	60704	1	0.001229
59919	60000	1	0.001229
59919	60123	1	0.001229
59919	59937	2	0.002457
59919	60006	7	0.008600
59919	59815	2	0.002457
59919	59783	33	0.040541
59919	60684	1	0.001229
59919	60333	1	0.001229
59919	59325	13	0.015971
59919	60443	1	0.001229
59919	59729	3	0.003686
59919	59861	2	0.002457
59919	59367	3	0.003686
59919	59674	9	0.011057
59919	59355	21	0.025799
59919	59322	3	0.003686
59921	59208	28	1.272727
59921	59986	24	1.090909
59921	59783	1	0.045455
59921	59367	22	1.000000
59922	59796	5	0.500000
59923	60143	1	0.006944
59926	60034	1	0.001965
59926	59590	3	0.005894
59926	60454	14	0.027505
59926	59951	510	1.001965
59926	59793	1	0.001965
59926	59674	1	0.001965
59927	59264	1	0.032258
59927	59907	1	0.032258
59927	60166	1	0.032258
59927	60043	1	0.032258
59927	59916	1	0.032258
59927	59676	1	0.032258
59927	60447	1	0.032258
59927	59810	1	0.032258
59927	60580	1	0.032258
59927	60145	1	0.032258
59927	59560	1	0.032258
59927	60204	1	0.032258
59927	59828	1	0.032258
59927	60218	1	0.032258
59927	60353	1	0.032258
59927	60611	1	0.032258
59927	60489	1	0.032258
59927	60365	1	0.032258
59927	60496	1	0.032258
59927	60122	1	0.032258
59927	59233	1	0.032258
59927	60642	1	0.032258
59927	60388	1	0.032258
59927	59240	1	0.032258
59927	59247	1	0.032258
59927	60712	1	0.032258
59927	60019	6	0.193548
59927	59383	1	0.032258
59927	59517	1	0.032258
59928	59538	2	0.015873
59928	60315	2	0.015873
59929	59538	19	0.114458
59929	59125	1	0.006024
59930	60006	2	0.002869
59930	59308	1	0.001435
59930	60270	1	0.001435
59930	59538	3	0.004304
59930	60446	2	0.002869
59930	59675	2	0.002869
59930	59518	3	0.004304
59931	59459	6	0.004090
59931	59783	4	0.002727
59931	60006	4	0.002727
59931	59367	17	0.011588
59931	60680	1	0.000682
59931	59625	5	0.003408
59931	59315	5	0.003408
59931	60076	5	0.003408
59931	59438	10	0.006817
59931	59325	8	0.005453
59931	60241	10	0.006817
59931	59986	2	0.001363
59931	60115	5	0.003408
59931	59534	15	0.010225
59931	59869	5	0.003408
59931	59135	5	0.003408
59932	59783	6	0.008264
59932	60680	1	0.001377
59932	60716	1	0.001377
59932	59530	4	0.005510
59932	59154	1	0.001377
59932	59675	1	0.001377
59932	59687	2	0.002755
59932	59818	1	0.001377
59932	60076	1	0.001377
59932	59442	35	0.048209
59932	59196	1	0.001377
59932	59325	2	0.002755
59932	59459	1	0.001377
59932	60360	7	0.009642
59932	60368	1	0.001377
59932	59986	10	0.013774
59932	59219	1	0.001377
59932	59220	1	0.001377
59932	59608	5	0.006887
59932	60377	1	0.001377
59932	59482	1	0.001377
59932	59362	1	0.001377
59932	60006	144	0.198347
59932	59367	12	0.016529
59932	59752	1	0.001377
59932	60327	259	0.356749
59932	60653	1	0.001377
59932	59892	1	0.001377
59932	60409	4	0.005510
59932	60413	1	0.001377
59933	60002	2	0.001089
59933	60006	20	0.010887
59933	59783	2	0.001089
59933	59986	8	0.004355
59933	59223	4	0.002177
59933	59485	2	0.001089
59934	59325	128	0.088276
59934	60494	6	0.004138
59934	59535	1	0.000690
59934	59538	4	0.002759
59934	59220	6	0.004138
59934	59997	3	0.002069
59936	59273	2	0.037037
59936	59538	1	0.018519
59937	60034	5	0.019455
59937	60163	2	0.007782
59937	59783	20	0.077821
59937	60680	5	0.019455
59937	59535	2	0.007782
59937	59674	2	0.007782
59937	60444	4	0.015564
59937	60329	4	0.015564
59937	60333	1	0.003891
59937	59325	29	0.112840
59937	59590	5	0.019455
59937	60360	1	0.003891
59937	59855	3	0.011673
59937	59860	8	0.031128
59937	59479	2	0.007782
59937	60377	2	0.007782
59937	59355	3	0.011673
59937	60006	36	0.140078
59937	59367	40	0.155642
59937	60270	4	0.015564
59937	59510	6	0.023346
59937	59384	29	0.112840
59937	60409	1	0.003891
59937	60157	1	0.003891
59938	59536	10	0.769231
59938	59459	10	0.769231
59938	60019	10	0.769231
59938	59382	10	0.769231
59940	60006	2	0.005479
59940	59687	2	0.005479
59940	60076	4	0.010959
59940	59882	2	0.005479
59940	59244	1	0.002740
59940	59437	12	0.032877
59940	60559	4	0.010959
59940	59312	4	0.010959
59940	59538	64	0.175342
59940	59220	4	0.010959
59940	60377	8	0.021918
59940	59675	10	0.027397
59940	60413	10	0.027397
59941	59783	1	0.000308
59941	60444	1	0.000308
59941	59759	7	0.002153
59941	59538	4	0.001230
59941	59159	9	0.002768
59941	60380	4	0.001230
59941	59325	1	0.000308
59941	60350	1	0.000308
59942	60302	1	0.013158
59942	59902	2	0.026316
59943	60144	2	0.008811
59943	59538	40	0.176211
59943	59325	2	0.008811
59943	59125	1	0.004405
59944	59590	2	0.000736
59944	60270	34	0.012514
59944	59312	51	0.018771
59944	59538	104	0.038278
59944	59675	1	0.000368
59944	60220	1	0.000368
59944	59325	4	0.001472
59945	60256	1	0.007634
59945	59617	1	0.007634
59945	59459	1	0.007634
59945	59783	5	0.038168
59945	60357	129	0.984733
59945	60006	1	0.007634
59945	60007	1	0.007634
59945	59435	7	0.053435
59945	59367	12	0.091603
59945	59312	2	0.015267
59945	59282	2	0.015267
59945	59824	1	0.007634
59945	59444	1	0.007634
59945	59627	1	0.007634
59945	59538	2	0.015267
59945	59590	12	0.091603
59945	59325	2	0.015267
59946	60651	1	0.014925
59948	60642	3	0.002425
59948	60422	2	0.001617
59948	59405	3	0.002425
59948	60333	1	0.000808
59948	59538	9	0.007276
59948	59384	3	0.002425
59948	60377	11	0.008892
59948	60031	1	0.000808
59949	60388	1	0.001859
59949	60006	4	0.007435
59949	59367	15	0.027881
59949	60329	2	0.003717
59949	59538	1	0.001859
59949	60496	9	0.016729
59949	59505	1	0.001859
59949	59986	20	0.037175
59949	60019	1	0.001859
59949	59384	1	0.001859
59949	59479	8	0.014870
59949	60120	26	0.048327
59949	60409	1	0.001859
59949	59839	1	0.001859
59949	60189	1	0.001859
59949	59711	1	0.001859
59951	60288	1	0.001730
59951	59783	6	0.010381
59951	60680	39	0.067474
59951	59918	2	0.003460
59951	59279	1693	2.929066
59951	59538	51	0.088235
59951	59415	1	0.001730
59951	60440	3	0.005190
59951	59674	4	0.006920
59951	60451	1	0.001730
59951	60068	1	0.001730
59951	59559	1156	2.000000
59951	60586	5	0.008651
59951	59698	1	0.001730
59951	60212	1	0.001730
59951	59325	2	0.003460
59951	59459	2	0.003460
59951	60357	7	0.012111
59951	59590	3	0.005190
59951	60237	29	0.050173
59951	60631	37	0.064014
59951	59355	3	0.005190
59951	59749	151	0.261246
59951	60006	5	0.008651
59951	59367	2	0.003460
59951	59370	1	0.001730
59951	59756	1769	3.060554
59951	60530	1	0.001730
59951	59893	37	0.064014
59951	59129	32	0.055363
59951	60540	2	0.003460
59953	59538	5	0.012077
59953	59743	16	0.038647
59953	59125	2	0.004831
59953	60567	84	0.202899
59954	60019	91	2.022222
59955	59777	2	0.001496
59955	59355	1	0.000748
59955	59236	2	0.001496
59955	59571	1	0.000748
59955	59590	1	0.000748
59955	60680	3	0.002244
59955	59535	1	0.000748
59955	60360	1	0.000748
59955	59538	20	0.014959
59955	59480	3	0.002244
59955	59125	1	0.000748
59955	59839	1	0.000748
59955	59384	1	0.000748
59955	59801	3	0.002244
59955	59322	2	0.001496
59955	59515	2	0.001496
59955	59325	15	0.011219
59955	59477	1	0.000748
59960	60704	1	0.005917
59960	59937	1	0.005917
59960	59459	5	0.029586
59960	59397	1	0.005917
59960	60006	2	0.011834
59960	59783	5	0.029586
59960	60360	2	0.011834
59960	60170	3	0.017751
59960	59169	1	0.005917
59960	59404	7	0.041420
59960	59215	1	0.005917
59960	59384	1	0.005917
59960	59986	1	0.005917
59960	60500	1	0.005917
59960	59608	2	0.011834
59960	59355	5	0.029586
59960	59633	1	0.005917
59960	59325	17	0.100592
59960	60680	2	0.011834
59963	60006	6	0.021053
59963	59367	6	0.021053
59963	60360	3	0.010526
59963	59783	3	0.010526
59963	59986	3	0.010526
59963	60244	6	0.021053
59963	60223	12	0.042105
59965	59538	1	0.250000
59967	59882	1	0.001996
59967	59367	1	0.001996
59967	59370	2	0.003992
59967	59471	5	0.009980
59967	59809	2	0.003992
59967	59538	7	0.013972
59967	59125	1	0.001996
59967	59384	3	0.005988
59967	60444	1	0.001996
59967	59325	9	0.017964
59969	59986	6	0.166667
59969	59699	3	0.083333
59969	60006	1	0.027778
59969	59367	7	0.194444
59970	59538	2	0.080000
59972	59125	1	0.004762
59973	60652	2	0.166667
59975	59325	166	11.066667
59977	59488	4	0.009368
59977	60006	8	0.018735
59977	59783	7	0.016393
59977	59367	15	0.035129
59977	60333	23	0.053864
59977	59986	4	0.009368
59977	59764	2	0.004684
59977	60694	2	0.004684
59979	59538	1	0.333333
59980	60389	1	0.001812
59980	59882	1	0.001812
59980	59370	1	0.001812
59980	59538	3	0.005435
59980	60470	412	0.746377
59980	59384	1	0.001812
59980	59675	1	0.001812
59980	59325	6	0.010870
59981	60034	2	0.003431
59981	59459	1	0.001715
59981	59367	17	0.029160
59981	59370	13	0.022298
59981	59243	9	0.015437
59981	60071	1	0.001715
59981	60594	2	0.003431
59981	59796	2	0.003431
59982	59225	2	0.074074
59983	59459	2	0.002225
59983	59590	10	0.011123
59983	60006	16	0.017798
59983	59783	19	0.021135
59983	60360	11	0.012236
59983	59370	3	0.003337
59983	59367	9	0.010011
59983	60141	6	0.006674
59983	59216	2	0.002225
59983	59608	3	0.003337
59983	59474	2	0.002225
59983	59699	31	0.034483
59983	60295	1	0.001112
59983	59384	9	0.010011
59983	60409	6	0.006674
59983	60570	3	0.003337
59983	60444	6	0.006674
59983	59986	27	0.030033
59985	59783	2	0.002500
59985	60680	4	0.005000
59985	60311	1	0.001250
59985	59404	5	0.006250
59985	59543	25	0.031250
59985	59674	2	0.002500
59985	60444	10	0.012500
59985	60189	1	0.001250
59985	60704	5	0.006250
59985	59937	8	0.010000
59985	59143	1	0.001250
59985	59313	2	0.002500
59985	60469	4	0.005000
59985	59960	2	0.002500
59985	59579	6	0.007500
59985	60732	1	0.001250
59985	59325	70	0.087500
59985	60223	1	0.001250
59985	60480	2	0.002500
59985	59296	1	0.001250
59985	59459	1	0.001250
59985	59839	1	0.001250
59985	60360	5	0.006250
59985	60664	1	0.001250
59985	59986	5	0.006250
59985	59352	3	0.003750
59985	59355	59	0.073750
59985	60128	1	0.001250
59985	60006	28	0.035000
59985	59239	1	0.001250
59985	59367	28	0.035000
59985	60016	1	0.001250
59985	60404	2	0.002500
59985	59384	1	0.001250
59985	59643	3	0.003750
59986	60680	7	0.002645
59986	59401	1	0.000378
59986	59789	1	0.000378
59986	59918	1	0.000378
59986	59154	1	0.000378
59986	59931	1	0.000378
59986	60573	1	0.000378
59986	60703	1	0.000378
59986	59296	1	0.000378
59986	59937	1	0.000378
59986	59435	1	0.000378
59986	60333	1	0.000378
59986	59208	1	0.000378
59986	59400	1	0.000378
59986	59442	1	0.000378
59986	60089	1	0.000378
59986	59295	1	0.000378
59986	59196	1	0.000378
59986	59459	6	0.002267
59986	60100	1	0.000378
59986	59590	2	0.000756
59986	60360	2	0.000756
59986	60107	1	0.000378
59986	59855	1	0.000378
59986	60501	1	0.000378
59986	59223	1	0.000378
59986	59355	1	0.000378
59986	60006	7	0.002645
59986	60664	1	0.000378
59987	59590	2	0.003968
59987	60006	1	0.001984
59987	59367	7	0.013889
59987	60680	1	0.001984
59987	59312	1	0.001984
59987	59986	8	0.015873
59987	60223	1	0.001984
59991	59585	280	1.003584
59991	59235	1	0.003584
59991	59332	1	0.003584
59991	59430	1	0.003584
59991	59367	2	0.007168
59991	60680	2	0.007168
59991	60233	1	0.003584
59991	59783	1	0.003584
59991	59986	8	0.028674
59993	59398	1	0.000760
59993	59367	4	0.003042
59993	60551	1	0.000760
59993	59312	3	0.002281
59993	59384	3	0.002281
59993	59538	9	0.006844
59993	59317	1	0.000760
59993	59544	1	0.000760
59993	60507	7	0.005323
59993	59325	9	0.006844
59993	59125	1	0.000760
59997	60360	1	0.008000
59997	60680	1	0.008000
59997	59538	2	0.016000
59997	60652	4	0.032000
59998	60416	1	0.004255
59998	59459	1	0.004255
59998	59590	1	0.004255
59998	60006	4	0.017021
59998	59367	13	0.055319
59998	59535	2	0.008511
59998	59986	2	0.008511
59998	59674	1	0.004255
59998	59355	2	0.008511
59998	59325	3	0.012766
59998	59839	1	0.004255
59999	59538	200	1.136364
59999	60076	1	0.005682
59999	59367	1	0.005682
60000	59729	1	0.005714
60000	59919	14	0.080000
60001	59749	6	0.007362
60001	60006	17	0.020859
60001	59367	2	0.002454
60001	60360	1	0.001227
60001	59312	1	0.001227
60001	59986	8	0.009816
60001	59766	1	0.001227
60001	59384	1	0.001227
60001	60444	3	0.003681
60001	59134	25	0.030675
60002	59783	2	0.001775
60002	59485	10	0.008873
60002	60559	2	0.001775
60002	59223	4	0.003549
60002	59933	6	0.005324
60002	59325	4	0.003549
60002	59518	2	0.001775
60003	59590	3	0.013953
60003	60006	3	0.013953
60003	60360	3	0.013953
60003	59151	3	0.013953
60003	59730	4	0.018605
60003	59355	3	0.013953
60003	59325	3	0.013953
60003	60709	3	0.013953
60005	59538	7	0.194444
60006	59777	3	0.002457
60006	60034	3	0.002457
60006	60420	3	0.002457
60006	59783	12	0.009828
60006	60680	4	0.003276
60006	60567	2	0.001638
60006	59532	2	0.001638
60006	59790	1	0.000819
60006	59535	2	0.001638
60006	59143	2	0.001638
60006	59155	1	0.000819
60006	59543	1	0.000819
60006	60446	1	0.000819
60006	59937	3	0.002457
60006	60141	2	0.001638
60006	60324	2	0.001638
60006	59819	1	0.000819
60006	60076	1	0.000819
60006	60594	8	0.006552
60006	60336	1	0.000819
60006	59442	1	0.000819
60006	59699	1	0.000819
60006	60471	1	0.000819
60006	60602	1	0.000819
60006	59325	8	0.006552
60006	60223	2	0.001638
60006	59590	11	0.009009
60006	60360	4	0.003276
60006	59337	1	0.000819
60006	60235	1	0.000819
60006	59983	1	0.000819
60006	59216	1	0.000819
60006	59986	3	0.002457
60006	60115	1	0.000819
60006	59860	4	0.003276
60006	59534	1	0.000819
60006	60630	1	0.000819
60006	59479	1	0.000819
60006	59608	1	0.000819
60006	59812	1	0.000819
60006	60559	2	0.001638
60006	59740	1	0.000819
60006	59869	2	0.001638
60006	59998	1	0.000819
60006	60389	3	0.002457
60006	60001	2	0.001638
60006	60514	1	0.000819
60006	60517	1	0.000819
60006	60262	1	0.000819
60006	59367	34	0.027846
60006	59496	2	0.001638
60006	59370	12	0.009828
60006	59757	1	0.000819
60006	59248	2	0.001638
60006	59510	3	0.002457
60006	59384	3	0.002457
60006	59518	3	0.002457
60008	59246	284	9.466667
60009	59211	1	0.020833
60009	59783	1	0.020833
60009	59902	4	0.083333
60009	59367	1	0.020833
60010	60424	46	0.958333
60010	59367	1	0.020833
60010	59703	46	0.958333
60010	60229	46	0.958333
60010	59783	46	0.958333
60012	60256	1	0.007634
60012	59617	1	0.007634
60012	59459	1	0.007634
60012	59783	5	0.038168
60012	60357	129	0.984733
60012	60006	1	0.007634
60012	59367	12	0.091603
60012	59435	7	0.053435
60012	59282	2	0.015267
60012	59312	2	0.015267
60012	60007	1	0.007634
60012	59824	1	0.007634
60012	59444	1	0.007634
60012	59627	1	0.007634
60012	59538	2	0.015267
60012	59590	12	0.091603
60012	59325	2	0.015267
60014	59968	34	0.944444
60014	60680	2	0.055556
60014	59238	34	0.944444
60014	59711	1	0.027778
60016	59937	15	0.020270
60016	60076	2	0.002703
60016	59316	1	0.001351
60016	59505	169	0.228378
60016	60329	749	1.012162
60016	60295	1	0.001351
60016	59860	1	0.001351
60016	59535	1	0.001351
60016	59985	1	0.001351
60016	59986	2	0.002703
60016	59220	1	0.001351
60016	59384	1	0.001351
60016	59641	11	0.014865
60016	59675	1	0.001351
60017	60193	1	0.003922
60017	59367	2	0.007843
60018	59649	5	0.025126
60018	60329	1	0.005025
60018	59882	1	0.005025
60018	60141	3	0.015075
60018	59416	198	0.994975
60018	59538	2	0.010050
60018	59384	15	0.075377
60018	59544	13330	66.984925
60019	59264	2	0.011976
60019	59907	3	0.017964
60019	60166	3	0.017964
60019	60043	2	0.011976
60019	59916	2	0.011976
60019	59538	14	0.083832
60019	59676	2	0.011976
60019	60447	3	0.017964
60019	59938	1	0.005988
60019	60580	3	0.017964
60019	59590	1	0.005988
60019	60145	2	0.011976
60019	59560	2	0.011976
60019	60204	2	0.011976
60019	60333	1	0.005988
60019	59951	2	0.011976
60019	59828	2	0.011976
60019	60218	2	0.011976
60019	59325	2	0.011976
60019	60353	3	0.017964
60019	60611	2	0.011976
60019	59462	1	0.005988
60019	60360	1	0.005988
60019	60489	2	0.011976
60019	59810	2	0.011976
60019	60365	3	0.017964
60019	60496	3	0.017964
60019	59607	2	0.011976
60019	60122	3	0.017964
60019	59227	1	0.005988
60019	59233	2	0.011976
60019	60642	3	0.017964
60019	60388	5	0.029940
60019	59750	1	0.005988
60019	59240	3	0.017964
60019	59247	2	0.011976
60019	60712	2	0.011976
60019	60659	1	0.005988
60019	59383	3	0.017964
60019	59517	3	0.017964
60021	59184	3	0.006237
60021	59538	1	0.002079
60022	59144	9	1.000000
60022	60662	38	4.222222
60023	59590	2	0.008621
60023	60006	3	0.012931
60023	59216	2	0.008621
60023	59986	7	0.030172
60023	60152	232	1.000000
60023	59325	1	0.004310
60024	60680	2	0.004405
60024	59937	2	0.004405
60024	60034	26	0.057269
60024	59325	87	0.191630
60024	59479	2	0.004405
60026	60529	1	0.052632
60026	59986	1	0.052632
60027	59459	105	0.660377
60027	59396	140	0.880503
60027	60006	4	0.025157
60027	59783	1	0.006289
60027	60680	210	1.320755
60027	60651	106	0.666667
60027	59276	21	0.132075
60027	60360	1	0.006289
60027	59155	1	0.006289
60027	60664	209	1.314465
60028	59459	4	0.072727
60028	59502	4	0.072727
60028	59367	4	0.072727
60031	59777	35	0.033589
60031	60420	31	0.029750
60031	60677	1	0.000960
60031	59532	24	0.023033
60031	59405	32	0.030710
60031	60559	37	0.035509
60031	59538	2	0.001919
60031	60567	48	0.046065
60031	59675	1	0.000960
60031	59937	1	0.000960
60031	60324	44	0.042226
60031	59824	8	0.007678
60031	60594	26	0.024952
60031	60626	3	0.002879
60031	59860	1060	1.017274
60031	59482	1	0.000960
60031	59867	1	0.000960
60031	59869	13	0.012476
60031	60389	20	0.019194
60031	59496	27	0.025912
60031	59882	15	0.014395
60031	60141	23	0.022073
60031	59384	4	0.003839
60031	59518	54	0.051823
60032	59538	1	0.027027
60033	59998	2	0.666667
60034	59355	1	0.001805
60034	60006	2	0.003610
60034	60680	2	0.003610
60034	59855	1	0.001805
60034	59248	3	0.005415
60034	59510	2	0.003610
60034	59479	1	0.001805
60034	59675	2	0.003610
60034	60444	1	0.001805
60034	59325	42	0.075812
60036	59125	1	0.008130
60037	60420	96	0.125000
60037	59532	96	0.125000
60037	60559	96	0.125000
60037	59538	10	0.013021
60037	60567	96	0.125000
60037	59675	96	0.125000
60037	60324	96	0.125000
60037	60076	96	0.125000
60037	59437	96	0.125000
60037	59312	96	0.125000
60037	60594	96	0.125000
60037	59316	96	0.125000
60037	59590	1	0.001302
60037	59220	96	0.125000
60037	60377	96	0.125000
60037	59482	96	0.125000
60037	59535	96	0.125000
60037	59367	5	0.006510
60037	59496	96	0.125000
60037	60141	384	0.500000
60037	60144	14	0.018229
60037	59505	96	0.125000
60037	59384	1	0.001302
60037	60413	96	0.125000
60038	59370	1	0.007692
60038	59247	1	0.007692
60038	60530	9	0.069231
60038	59839	9	0.069231
60038	59452	1	0.007692
60038	60447	1	0.007692
60039	59715	1	0.001799
60039	59370	1	0.001799
60039	59919	1	0.001799
60039	59538	2	0.003597
60039	59125	2	0.003597
60039	59227	3	0.005396
60039	59325	2	0.003597
60043	60019	33	0.942857
60043	60388	2	0.057143
60043	59614	12	0.342857
60043	59783	4	0.114286
60046	60144	3	0.008197
60046	59538	7	0.019126
60048	59538	1	0.006536
60048	59667	1	0.006536
60048	60041	1	0.006536
60048	60074	2	0.013072
60048	59691	2	0.013072
60048	59820	2	0.013072
60048	60087	1	0.006536
60048	59400	1	0.006536
60048	59570	2	0.013072
60048	59827	2	0.013072
60048	60182	1	0.006536
60048	59959	2	0.013072
60048	60089	1	0.006536
60048	60698	1	0.006536
60048	59418	1	0.006536
60048	60680	1	0.006536
60049	59312	1	0.001623
60049	60038	613	0.995130
60049	59783	2	0.003247
60049	59624	1	0.001623
60049	59882	1	0.001623
60049	59405	1	0.001623
60049	60144	2	0.003247
60049	59538	613	0.995130
60049	60019	2	0.003247
60049	59986	1	0.001623
60049	59286	1	0.001623
60049	59384	2	0.003247
60049	60377	1	0.001623
60049	60447	612	0.993506
60050	60006	1	0.004545
60050	59370	3	0.013636
60050	59917	4	0.018182
60050	60430	2	0.009091
60050	59731	2	0.009091
60050	59518	1	0.004545
60051	59986	7	0.259259
60052	59513	1	0.009804
60052	59915	1	0.009804
60052	59700	1	0.009804
60052	59590	2	0.019608
60053	59755	9	0.005604
60053	60678	6	0.003736
60053	59783	14	0.008717
60053	60555	9	0.005604
60053	60461	9	0.005604
60053	59538	6	0.003736
60053	60705	11	0.006849
60053	59688	11	0.006849
60053	60333	11	0.006849
60053	60462	16	0.009963
60053	60345	11	0.006849
60053	60475	9	0.005604
60053	59325	2	0.001245
60053	59590	5	0.003113
60053	60360	4	0.002491
60053	59977	9	0.005604
60053	59468	9	0.005604
60053	59469	9	0.005604
60053	59986	10	0.006227
60053	59734	2	0.001245
60053	59607	9	0.005604
60053	59614	2	0.001245
60053	60388	7	0.004359
60053	60517	9	0.005604
60053	60006	27	0.016812
60053	59367	18	0.011208
60053	59623	5	0.003113
60053	59248	7	0.004359
60053	59560	3	0.001868
60053	60019	10	0.006227
60053	60409	4	0.002491
60054	59713	10	0.016920
60054	60226	2	0.003384
60054	60101	3	0.005076
60054	59986	2	0.003384
60054	60081	2	0.003384
60054	59442	7	0.011844
60054	59219	3707	6.272420
60055	59777	1	0.000301
60055	60163	1	0.000301
60055	60420	2	0.000602
60055	60389	1	0.000301
60055	59538	1	0.000301
60055	59812	1	0.000301
60055	59532	2	0.000602
60055	60141	1	0.000301
60055	59535	1	0.000301
60055	59505	1	0.000301
60055	60594	1	0.000301
60055	59986	3	0.000903
60055	60567	2	0.000602
60055	60324	3	0.000903
60055	59869	1	0.000301
60055	59997	1	0.000301
60056	60502	1	0.007092
60058	59937	2	0.003200
60058	59316	1	0.001600
60058	60329	1258	2.012800
60058	60076	1	0.001600
60058	60210	2	0.003200
60058	59535	2	0.003200
60058	59505	775	1.240000
60058	59986	2	0.003200
60058	59860	1	0.001600
60058	59641	6	0.009600
60058	59384	1	0.001600
60058	60377	2	0.003200
60058	59675	1	0.001600
60060	59538	3	0.050847
60060	60147	2	0.033898
60061	59937	3	0.004161
60061	60295	2	0.002774
60061	60329	730	1.012483
60061	59786	1	0.001387
60061	59389	1	0.001387
60061	59860	1	0.001387
60061	60210	1	0.001387
60061	59535	1	0.001387
60061	59505	872	1.209431
60061	59986	2	0.002774
60061	59220	3	0.004161
60061	59384	1	0.001387
60061	59641	727	1.008322
60061	60413	1	0.001387
60062	60076	1	0.002577
60062	59538	19	0.048969
60062	60114	280	0.721649
60062	59860	1	0.002577
60062	59384	1	0.002577
60062	60633	1832	4.721649
60062	59994	1	0.002577
60065	59590	1	0.004274
60065	59783	2	0.008547
60065	60045	233	0.995726
60065	60182	233	0.995726
60065	59367	233	0.995726
60066	60677	1	0.025641
60066	60006	1	0.025641
60066	60680	2	0.051282
60066	60333	6	0.153846
60066	60177	1	0.025641
60066	59986	2	0.051282
60066	60517	1	0.025641
60067	59456	1	0.000405
60067	60329	1	0.000405
60067	59538	12	0.004854
60068	59538	40	1.538462
60069	59902	3	0.107143
60071	60080	3	0.002182
60071	60003	3	0.002182
60071	60006	3	0.002182
60071	59590	3	0.002182
60071	60168	3	0.002182
60071	60203	3	0.002182
60071	59821	3	0.002182
60071	59355	3	0.002182
60071	59823	3	0.002182
60071	59888	3	0.002182
60071	60360	3	0.002182
60071	59730	9	0.006545
60071	59476	3	0.002182
60071	60090	3	0.002182
60071	60155	3	0.002182
60071	59325	3	0.002182
60071	59550	3	0.002182
60072	59882	3	0.056604
60072	59538	5	0.094340
60072	60661	45	0.849057
60072	59384	1	0.018868
60072	59325	4	0.075472
60072	59125	1	0.018868
60074	59325	1	0.028571
60075	60673	1	0.000549
60075	59715	1	0.000549
60075	60389	9	0.004942
60075	59815	43	0.023613
60075	59325	1	0.000549
60075	60519	3	0.001647
60075	59919	1	0.000549
60075	60144	22	0.012081
60075	59729	37	0.020319
60075	59538	30	0.016474
60075	59705	1	0.000549
60075	59322	1	0.000549
60075	59227	7	0.003844
60075	60413	1	0.000549
60076	60034	1	0.000246
60076	59783	1	0.000246
60076	60680	1	0.000246
60076	59535	5	0.001229
60076	59538	1	0.000246
60076	60309	1	0.000246
60076	59674	1	0.000246
60076	59675	3	0.000737
60076	60444	1	0.000246
60076	59937	4	0.000983
60076	59931	15	0.003686
60076	60329	154	0.037838
60076	59437	3	0.000737
60076	59312	2	0.000491
60076	59316	1	0.000246
60076	59322	1	0.000246
60076	59325	4	0.000983
60076	59459	5	0.001229
60076	59590	6	0.001474
60076	60360	1	0.000246
60076	59855	13	0.003194
60076	60152	1	0.000246
60076	59220	2	0.000491
60076	60377	2	0.000491
60076	59482	2	0.000491
60076	59869	1	0.000246
60076	60262	1	0.000246
60076	60006	11	0.002703
60076	59367	1	0.000246
60076	59882	2	0.000491
60076	59248	1	0.000246
60076	59505	2	0.000491
60076	59384	2	0.000491
60076	59641	2	0.000491
60076	60413	4	0.000983
60079	60680	10	0.056180
60079	59384	6	0.033708
60079	59858	27	0.151685
60079	59355	2	0.011236
60079	59855	33	0.185393
60080	60006	4	0.062500
60080	59590	2	0.031250
60080	60360	2	0.031250
60080	59502	2	0.031250
60080	59151	2	0.031250
60080	60680	2	0.031250
60080	59674	2	0.031250
60080	59355	2	0.031250
60080	59325	2	0.031250
60081	60226	1	0.000725
60081	60324	2	0.001449
60081	60101	1	0.000725
60081	59654	1	0.000725
60081	60391	1	0.000725
60081	59403	1	0.000725
60081	60076	1	0.000725
60081	59538	19	0.013768
60081	59694	1	0.000725
60081	59437	1	0.000725
60081	59152	1	0.000725
60081	59442	1	0.000725
60081	60371	1	0.000725
60081	59125	2	0.001449
60081	59215	1	0.000725
60081	59325	3	0.002174
60087	59532	1	0.002421
60087	59574	1	0.002421
60089	59783	4	0.001651
60089	60680	35	0.014445
60089	59274	2	0.000825
60089	60704	1	0.000413
60089	59553	1	0.000413
60089	59325	13	0.005365
60089	59839	1	0.000413
60089	59459	6	0.002476
60089	59590	1	0.000413
60089	59937	20	0.008254
60089	60360	2	0.000825
60089	60362	1	0.000413
60089	59855	1	0.000413
60089	59608	2	0.000825
60089	59355	5	0.002064
60089	59743	12	0.004953
60089	60006	6	0.002476
60089	59367	19	0.007842
60089	60658	1	0.000413
60089	60019	1	0.000413
60089	59510	2	0.000825
60089	59384	3	0.001238
60090	59418	1	0.009434
60090	59367	3	0.028302
60090	59532	6	0.056604
60090	59783	6	0.056604
60091	59137	1	0.000912
60091	60674	1	0.000912
60091	59783	2	0.001825
60091	59277	1	0.000912
60091	59535	1	0.000912
60091	60100	21	0.019161
60091	59675	2	0.001825
60091	60446	1	0.000912
60091	59312	1	0.000912
60091	59325	4	0.003650
60091	59460	1	0.000912
60091	60357	1	0.000912
60091	60360	1	0.000912
60091	59215	1	0.000912
60091	59986	9	0.008212
60091	59608	1	0.000912
60091	60006	1	0.000912
60091	59367	10	0.009124
60091	60270	2	0.001825
60091	60531	1	0.000912
60091	59384	1	0.000912
60091	60409	1	0.000912
60091	59518	4	0.003650
60093	59325	4	0.010929
60093	59538	43	0.117486
60093	59932	5	0.013661
60093	59125	4	0.010929
60093	60327	16	0.043716
60094	59306	1	0.022727
60094	59367	1	0.022727
60094	59783	1	0.022727
60097	60006	1	0.006944
60097	60680	1	0.006944
60097	59370	1	0.006944
60097	60594	3	0.020833
60097	60530	1	0.006944
60097	59986	2	0.013889
60097	60602	1	0.006944
60097	59562	4	0.027778
60099	59459	1	0.200000
60100	60419	1	0.000293
60100	60423	1	0.000293
60100	59400	1	0.000293
60100	59401	1	0.000293
60100	60430	1	0.000293
60100	59919	1	0.000293
60100	59411	2	0.000587
60100	60440	1	0.000293
60100	60446	4	0.001174
60100	59937	7	0.002054
60100	59435	1	0.000293
60100	59442	1	0.000293
60100	59960	1	0.000293
60100	59456	1	0.000293
60100	59459	6	0.001761
60100	59460	1	0.000293
60100	59985	1	0.000293
60100	59986	3	0.000880
60100	59918	1	0.000293
60100	59998	1	0.000293
60100	60514	1	0.000293
60100	60006	44	0.012911
60100	59502	1	0.000293
60100	59510	7	0.002054
60100	59513	1	0.000293
60100	59518	1	0.000293
60100	59524	1	0.000293
60100	60038	1	0.000293
60100	59535	2	0.000587
60100	60573	1	0.000293
60100	59565	1	0.000293
60100	60082	1	0.000293
60100	60089	1	0.000293
60100	60091	5	0.001467
60100	60107	1	0.000293
60100	60112	4	0.001174
60100	60630	1	0.000293
60100	60138	1	0.000293
60100	60651	1	0.000293
60100	59123	1	0.000293
60100	60662	2	0.000587
60100	60664	1	0.000293
60100	59129	1	0.000293
60100	59134	1	0.000293
60100	59136	1	0.000293
60100	60674	1	0.000293
60100	60676	4	0.001174
60100	59144	1	0.000293
60100	59154	1	0.000293
60100	60697	1	0.000293
60100	59674	1	0.000293
60100	59675	4	0.001174
60100	60703	1	0.000293
60100	60704	2	0.000587
60100	60193	1	0.000293
60100	59170	1	0.000293
60100	59683	1	0.000293
60100	59687	1	0.000293
60100	59699	1	0.000293
60100	59196	1	0.000293
60100	60223	1	0.000293
60100	59789	1	0.000293
60100	59223	1	0.000293
60100	60248	1	0.000293
60100	60250	2	0.000587
60100	60255	1	0.000293
60100	59243	1	0.000293
60100	59757	1	0.000293
60100	59783	7	0.002054
60100	59277	1	0.000293
60100	59793	1	0.000293
60100	59796	1	0.000293
60100	59285	1	0.000293
60100	60311	1	0.000293
60100	59800	2	0.000587
60100	60320	1	0.000293
60100	59809	1	0.000293
60100	59312	1	0.000293
60100	59836	1	0.000293
60100	59325	48	0.014085
60100	60351	1	0.000293
60100	59296	1	0.000293
60100	59843	1	0.000293
60100	60360	5	0.001467
60100	59355	7	0.002054
60100	59367	25	0.007336
60100	59370	15	0.004401
60100	59384	2	0.000587
60103	59408	2	0.003333
60103	60504	2	0.003333
60103	59986	3	0.005000
60103	60333	6	0.010000
60104	59997	4	0.005935
60105	59496	1	0.010526
60105	59590	2	0.021053
60107	60034	1	0.000702
60107	59783	10	0.007022
60107	60680	2	0.001404
60107	59599	1	0.000702
60107	60687	1	0.000702
60107	59538	2	0.001404
60107	59288	1	0.000702
60107	60697	2	0.001404
60107	59674	2	0.001404
60107	60704	1	0.000702
60107	59937	18	0.012640
60107	60230	1	0.000702
60107	60582	1	0.000702
60107	60200	1	0.000702
60107	59399	1	0.000702
60107	60725	1	0.000702
60107	59325	54	0.037921
60107	59459	2	0.001404
60107	59590	1	0.000702
60107	60360	4	0.002809
60107	59215	1	0.000702
60107	59985	1	0.000702
60107	59986	7	0.004916
60107	59355	47	0.033006
60107	60128	1	0.000702
60107	60390	1	0.000702
60107	60006	11	0.007725
60107	59367	6	0.004213
60107	60024	1	0.000702
60107	60391	1	0.000702
60107	59248	1	0.000702
60107	60072	1	0.000702
60107	60148	1	0.000702
60107	59510	2	0.001404
60107	59384	14	0.009831
60107	60409	2	0.001404
60107	60282	1	0.000702
60107	60283	1	0.000702
60107	60413	1	0.000702
60107	59902	1	0.000702
60108	60481	1	0.125000
60108	59377	1	0.125000
60108	59140	1	0.125000
60108	59687	1	0.125000
60108	59528	1	0.125000
60108	60721	1	0.125000
60108	59886	1	0.125000
60108	60113	1	0.125000
60108	60558	1	0.125000
60108	59449	1	0.125000
60108	59836	1	0.125000
60108	60381	1	0.125000
60110	60130	1	0.100000
60110	60517	1	0.100000
60110	59367	2	0.200000
60110	60333	4	0.400000
60110	59469	2	0.200000
60110	59248	1	0.100000
60110	59607	1	0.100000
60111	60360	3	0.025000
60111	59401	244	2.033333
60111	59986	2	0.016667
60111	60006	3	0.025000
60111	59289	2	0.016667
60112	59783	6	0.019868
60112	59277	250	0.827815
60112	59411	1	0.003311
60112	59460	1	0.003311
60112	59675	2	0.006623
60112	60446	1	0.003311
60112	59170	1	0.003311
60112	59565	1	0.003311
60112	59312	2	0.006623
60112	60091	1	0.003311
60112	59325	2	0.006623
60112	60223	2	0.006623
60112	59459	1	0.003311
60112	60100	236	0.781457
60112	59589	1	0.003311
60112	59590	3	0.009934
60112	60360	3	0.009934
60112	59215	1	0.003311
60112	59223	1	0.003311
60112	59608	1	0.003311
60112	60006	4	0.013245
60112	59367	3	0.009934
60112	60270	2	0.006623
60112	60531	5	0.016556
60112	59255	1	0.003311
60112	59518	2	0.006623
60113	60354	1	0.010204
60113	60006	1	0.010204
60113	59687	3	0.030612
60113	60680	4	0.040816
60113	59325	1	0.010204
60113	59370	1	0.010204
60113	60559	1	0.010204
60113	59674	1	0.010204
60113	59355	1	0.010204
60113	59389	1	0.010204
60114	59442	2	0.002006
60114	60324	1	0.001003
60114	59590	1	0.001003
60114	60006	14	0.014042
60114	59367	9	0.009027
60114	60360	5	0.005015
60114	59306	3	0.003009
60114	59783	19	0.019057
60114	59538	1	0.001003
60114	59325	21	0.021063
60114	59731	1	0.001003
60114	60680	12	0.012036
60114	59986	7	0.007021
60114	60409	10	0.010030
60114	59479	1	0.001003
60114	59608	3	0.003009
60114	60633	5	0.005015
60114	59535	4	0.004012
60114	59997	2	0.002006
60114	60062	3	0.003009
60115	59626	3	0.029703
60115	59267	103	1.019802
60115	59438	1	0.009901
60115	59590	1	0.009901
60115	59367	3	0.029703
60117	59168	22	0.067485
60117	60006	6	0.018405
60117	59783	2	0.006135
60117	59986	6	0.018405
60117	59731	4	0.012270
60117	59411	2	0.006135
60117	59518	24	0.073620
60120	59937	3	0.007143
60120	60329	851	2.026190
60120	60270	1	0.002381
60120	59535	1	0.002381
60120	59505	582	1.385714
60120	59986	2	0.004762
60120	59860	1	0.002381
60120	59798	1	0.002381
60120	59641	5	0.011905
60120	59384	1	0.002381
60120	59316	4	0.009524
60120	59675	2	0.004762
60120	60444	1	0.002381
60120	59389	1	0.002381
60122	59459	1	0.008065
60122	60677	4	0.032258
60122	59367	2	0.016129
60122	60680	1	0.008065
60122	59405	1	0.008065
60122	60333	1	0.008065
60122	60019	127	1.024194
60122	59316	1	0.008065
60122	60475	1	0.008065
60122	59325	1	0.008065
60123	59585	261	1.000000
60123	59459	1	0.003831
60123	60389	1	0.003831
60123	60006	12	0.045977
60123	59367	4	0.015326
60123	60360	48	0.183908
60123	59306	4	0.015326
60123	59919	1	0.003831
60123	60680	1	0.003831
60123	59986	12	0.045977
60123	60019	1	0.003831
60123	60470	523	2.003831
60123	60409	1	0.003831
60124	59897	1	0.012658
60124	59986	1	0.012658
60124	59401	3	0.037975
60130	59459	3	0.001336
60130	60517	3	0.001336
60130	59240	6	0.002673
60130	59469	3	0.001336
60130	60110	3	0.001336
60130	59538	9	0.004009
60130	59316	3	0.001336
60130	59607	3	0.001336
60130	59384	2	0.000891
60130	60444	14	0.006236
60130	59325	9	0.004009
60132	60609	1	0.004651
60132	59459	1	0.004651
60132	59590	1	0.004651
60132	59847	1	0.004651
60132	60680	6	0.027907
60132	59535	1	0.004651
60132	59312	1	0.004651
60132	59409	4	0.018605
60132	59538	8	0.037209
60132	59125	1	0.004651
60133	60674	1	0.010417
60133	59459	1	0.010417
60133	60357	1	0.010417
60133	60199	1	0.010417
60133	60680	2	0.020833
60133	60329	1	0.010417
60133	59277	1	0.010417
60133	59538	48	0.500000
60133	60220	1	0.010417
60134	60416	2	0.002392
60134	59295	28	0.033493
60134	60360	2	0.002392
60134	60433	19	0.022727
60134	59839	2	0.002392
60134	59415	794	0.949761
60134	60409	4	0.004785
60134	60319	3	0.003589
60134	60680	4	0.004785
60134	59711	2	0.002392
60135	59843	1	0.058824
60135	60484	1	0.058824
60136	59902	3	0.044776
60138	60704	1	0.007519
60138	59459	1	0.007519
60138	60006	3	0.022556
60138	59783	1	0.007519
60138	60680	4	0.030075
60138	59367	1	0.007519
60138	60502	1	0.007519
60138	59322	1	0.007519
60138	59355	2	0.015038
60138	59325	10	0.075188
60138	59678	1	0.007519
60138	59455	1	0.007519
60139	59248	1	0.004329
60139	59986	1	0.004329
60139	59218	1	0.004329
60139	60333	6	0.025974
60140	60038	1	0.002732
60140	59590	5	0.013661
60140	60680	1	0.002732
60140	60076	1	0.002732
60140	59538	2	0.005464
60140	59374	1	0.002732
60140	59535	1	0.002732
60140	59312	1	0.002732
60140	59986	2	0.005464
60140	59220	1	0.002732
60140	60120	1	0.002732
60140	59482	1	0.002732
60140	59675	1	0.002732
60140	59437	1	0.002732
60140	59325	2	0.005464
60141	59937	7	0.007625
60141	60006	1	0.001089
60141	59367	1	0.001089
60141	59496	52	0.056645
60141	59860	2	0.002179
60141	59384	3	0.003268
60141	59325	3	0.003268
60143	60594	1	0.019231
60143	60626	1	0.019231
60144	59538	12	1.000000
60144	59459	12	1.000000
60144	59855	1	0.083333
60147	60144	2	0.009009
60147	59538	11	0.049550
60147	60060	24	0.108108
60147	59325	1	0.004505
60148	60594	2	0.026667
60148	59538	3	0.040000
60148	59505	1	0.013333
60148	60626	3	0.040000
60148	60567	1	0.013333
60148	60157	1	0.013333
60149	60338	1	0.024390
60149	59590	1	0.024390
60151	59459	1	0.028571
60151	59325	1	0.028571
60151	60423	1	0.028571
60152	59590	2	0.003795
60152	59882	63	0.119545
60152	60076	88	0.166983
60152	60144	3	0.005693
60152	59538	444	0.842505
60152	59125	1	0.001898
60152	59931	1	0.001898
60152	59325	2	0.003795
60156	60295	1	0.001866
60156	59535	3	0.005597
60156	59538	2	0.003731
60156	59675	5	0.009328
60156	59937	3	0.005597
60156	60329	543	1.013060
60156	60076	3	0.005597
60156	59437	1	0.001866
60156	59312	2	0.003731
60156	59316	1	0.001866
60156	60220	3	0.005597
60156	59590	1	0.001866
60156	59986	2	0.003731
60156	59220	1	0.001866
60156	59477	1	0.001866
60156	59223	1	0.001866
60156	60377	1	0.001866
60156	59482	1	0.001866
60156	60559	1	0.001866
60156	59367	1	0.001866
60156	59751	1	0.001866
60156	59505	695	1.296642
60156	59384	1	0.001866
60156	59860	1	0.001866
60156	59641	8	0.014925
60156	60413	2	0.003731
60157	60360	1	0.032258
60157	59538	2	0.064516
60157	59783	2	0.064516
60158	59538	2	0.008000
60161	60224	1	0.019231
60162	59312	18	0.031972
60162	59590	2	0.003552
60162	59367	1	0.001776
60162	59882	2	0.003552
60162	59405	2	0.003552
60162	59951	5	0.008881
60162	60144	3	0.005329
60162	59384	2	0.003552
60162	60377	1	0.001776
60163	59370	2	0.013158
60163	60715	1	0.006579
60163	59316	1	0.006579
60163	59535	1	0.006579
60165	60006	4	0.007619
60165	60076	1	0.001905
60165	59437	1	0.001905
60165	59312	1	0.001905
60165	59538	2	0.003810
60165	59220	1	0.001905
60165	60377	1	0.001905
60165	60413	1	0.001905
60165	59295	1	0.001905
60166	59585	1	0.008065
60166	59810	1	0.008065
60166	59430	2	0.016129
60166	60233	2	0.016129
60166	60019	132	1.064516
60166	60123	1	0.008065
60166	59676	1	0.008065
60167	60360	2	0.666667
60168	59590	2	0.076923
60168	60006	4	0.153846
60168	60360	2	0.076923
60168	59730	2	0.076923
60168	59384	2	0.076923
60168	59355	2	0.076923
60170	59397	1	0.002237
60170	60006	1	0.002237
60170	59367	1	0.002237
60170	59983	1	0.002237
60170	59986	1	0.002237
60170	59731	2	0.004474
60170	59960	6	0.013423
60170	60409	5	0.011186
60172	59590	4	0.023669
60172	59367	8	0.047337
60172	59564	1	0.005917
60172	59538	1	0.005917
60172	60144	1	0.005917
60172	60050	1	0.005917
60172	60639	2	0.011834
60173	59930	2	0.055556
60173	60357	1	0.027778
60174	60193	8	0.095238
60174	60006	1	0.011905
60174	59367	1	0.011905
60174	60680	1	0.011905
60174	60017	4	0.047619
60174	59986	3	0.035714
60174	59323	3	0.035714
60174	59325	1	0.011905
60175	60586	5	0.019841
60175	59749	4	0.015873
60175	59538	2	0.007937
60177	60517	25	0.010056
60177	59783	2	0.000805
60177	59560	2	0.000805
60177	59986	8	0.003218
60177	60333	2	0.000805
60177	59538	14	0.005632
60177	59125	2	0.000805
60177	59384	5	0.002011
60177	60444	18	0.007241
60177	59325	2	0.000805
60178	59538	1	0.083333
60182	60065	1	0.002882
60182	59675	1	0.002882
60182	60045	1	0.002882
60184	59986	2	0.100000
60184	60053	2	0.100000
60184	59614	1	0.050000
60184	59367	4	0.200000
60185	60704	2	0.026667
60185	60006	4	0.053333
60185	59367	2	0.026667
60185	59592	4	0.053333
60185	60680	2	0.026667
60185	59986	10	0.133333
60185	59325	2	0.026667
60186	59538	4	0.007576
60186	60444	1	0.001894
60186	59125	1	0.001894
60186	60662	1	0.001894
60187	59909	81	1.000000
60187	59902	2	0.024691
60187	59783	1	0.012346
60189	60409	4	1.000000
60190	59538	3	0.060000
60191	60704	9	0.001360
60191	59459	5	0.000756
60191	60199	3	0.000453
60191	59367	9	0.001360
60191	59600	104	0.015719
60191	59571	36	0.005441
60191	59223	13	0.001965
60192	59783	4	0.033058
60192	59367	3	0.024793
60192	59244	1	0.008264
60192	59986	1	0.008264
60192	59325	2	0.016529
60192	60543	1	0.008264
60193	59777	20	0.011628
60193	60034	3	0.001744
60193	59269	106	0.061628
60193	59783	10	0.005814
60193	60680	12	0.006977
60193	60174	23	0.013372
60193	59664	5	0.002907
60193	59538	1	0.000581
60193	59715	1	0.000581
60193	59161	1	0.000581
60193	60190	3	0.001744
60193	59167	36	0.020930
60193	60704	7	0.004070
60193	59937	10	0.005814
60193	59687	2	0.001163
60193	60329	2	0.001163
60193	59306	1	0.000581
60193	59143	1	0.000581
60193	60146	1	0.000581
60193	60079	2	0.001163
60193	59323	7	0.004070
60193	59325	64	0.037209
60193	59459	19	0.011047
60193	59590	1	0.000581
60193	60360	5	0.002907
60193	59209	394	0.229070
60193	59986	1	0.000581
60193	59347	3	0.001744
60193	59860	2	0.001163
60193	59479	1	0.000581
60193	59608	1	0.000581
60193	59482	5	0.002907
60193	59355	8	0.004651
60193	59505	1	0.000581
60193	60006	10	0.005814
60193	59367	65	0.037791
60193	60017	12	0.006977
60193	59634	13	0.007558
60193	59731	1	0.000581
60193	59510	3	0.001744
60193	59384	5	0.002907
60194	59538	1	0.020000
60195	59337	1	0.008772
60195	59538	1	0.008772
60195	59819	1	0.008772
60196	59783	3	0.011905
60196	60235	2	0.007937
60196	60493	1	0.003968
60196	59246	1	0.003968
60196	59728	1	0.003968
60196	59986	2	0.007937
60196	60409	1	0.003968
60196	60223	7	0.027778
60197	59538	2	0.133333
60197	59155	1	0.066667
60197	60548	1	0.066667
60198	59585	1	0.125000
60198	59948	1	0.125000
60199	60514	1	0.010870
60199	60100	1	0.010870
60199	60357	1	0.010870
60199	60006	5	0.054348
60199	59367	9	0.097826
60199	60360	1	0.010870
60199	59370	3	0.032609
60199	59783	1	0.010870
60199	59986	10	0.108696
60199	60270	1	0.010870
60199	59181	1	0.010870
60199	59312	1	0.010870
60199	59217	1	0.010870
60199	60530	1	0.010870
60199	59411	9	0.097826
60199	59608	1	0.010870
60199	60409	5	0.054348
60199	60178	1	0.010870
60199	59675	2	0.021739
60199	59518	4	0.043478
60199	60223	2	0.021739
60200	60107	1	0.004464
60200	59367	1	0.004464
60201	60034	3	0.002244
60201	59783	4	0.002992
60201	60680	7	0.005236
60201	59401	6	0.004488
60201	59154	2	0.001496
60201	59543	2	0.001496
60201	60697	1	0.000748
60201	59674	4	0.002992
60201	59931	3	0.002244
60201	60444	48	0.035901
60201	60704	2	0.001496
60201	59306	2	0.001496
60201	59322	2	0.001496
60201	59325	12	0.008975
60201	60100	7	0.005236
60201	59510	5	0.003740
60201	60360	1857	1.388930
60201	60107	2	0.001496
60201	59855	7	0.005236
60201	60112	3	0.002244
60201	59986	5	0.003740
60201	59731	1	0.000748
60201	59220	2	0.001496
60201	59355	22	0.016455
60201	60128	1337	1.000000
60201	59367	6	0.004488
60201	60530	1337	1.000000
60201	59382	2	0.001496
60201	59384	1	0.000748
60201	60031	2	0.001496
60202	60704	6	0.009063
60202	59442	1	0.001511
60202	60614	1	0.001511
60202	59495	1	0.001511
60202	59752	1	0.001511
60202	59148	15175	22.922961
60202	59538	44	0.066465
60202	59986	1	0.001511
60202	59316	1	0.001511
60202	59125	1	0.001511
60202	59325	5	0.007553
60202	60254	1	0.001511
60203	59570	1	0.035714
60204	60019	385	7.000000
60204	59131	1	0.018182
60206	59144	2	0.008772
60206	59222	6	0.026316
60206	60351	2	0.008772
60208	60006	3	0.012766
60208	59783	2	0.008511
60208	59357	4	0.017021
60208	59986	2	0.008511
60208	59479	8	0.034043
60208	59384	1	0.004255
60208	60409	1	0.004255
60208	59839	1	0.004255
60208	60573	55	0.234043
60208	59711	1	0.004255
60210	59937	3	0.005988
60210	59843	1	0.001996
60210	60594	1	0.001996
60210	60329	1012	2.019960
60210	59380	1	0.001996
60210	60076	2	0.003992
60210	59437	1	0.001996
60210	59535	4	0.007984
60210	59505	1163	2.321357
60210	59986	4	0.007984
60210	59220	3	0.005988
60210	59477	2	0.003992
60210	59860	1	0.001996
60210	59384	2	0.003992
60210	59641	4	0.007984
60210	60413	1	0.001996
60211	60664	119	1.000000
60211	59771	119	1.000000
60211	59590	1	0.008403
60212	59832	1	0.000684
60212	59698	1	0.000684
60212	59951	3	0.002051
60212	59783	1463	1.000000
60213	59608	2	0.064516
60213	60076	1	0.032258
60213	59869	1	0.032258
60213	59367	1	0.032258
60217	60571	4	0.031250
60217	60444	1	0.007812
60218	60258	2	0.066667
60218	60019	10	0.333333
60218	60388	1	0.033333
60218	59677	7	0.233333
60219	59608	6	0.024390
60219	59306	3	0.012195
60219	60527	5	0.020325
60219	60006	3	0.012195
60219	60311	2	0.008130
60220	59783	1	0.000735
60220	60680	11	0.008088
60220	59479	8	0.005882
60220	59917	1	0.000735
60220	59790	1	0.000735
60220	60559	4	0.002941
60220	59538	13	0.009559
60220	60058	1	0.000735
60220	59675	3	0.002206
60220	60061	1	0.000735
60220	59355	1	0.000735
60220	59944	6	0.004412
60220	60329	2	0.001471
60220	60076	3	0.002206
60220	59437	3	0.002206
60220	59311	1	0.000735
60220	59312	6	0.004412
60220	60210	1	0.000735
60220	59316	1	0.000735
60220	59711	1	0.000735
60220	59590	9	0.006618
60220	59220	3	0.002206
60220	59477	1	0.000735
60220	59223	2	0.001471
60220	60377	1	0.000735
60220	59482	3	0.002206
60220	59535	2	0.001471
60220	60002	47	0.034559
60220	60006	2	0.001471
60220	59751	1	0.000735
60220	60652	1	0.000735
60220	60270	2	0.001471
60220	60413	3	0.002206
60220	60016	1	0.000735
60220	59505	2	0.001471
60220	60530	1	0.000735
60220	60662	2	0.001471
60220	59384	4	0.002941
60220	60409	1	0.000735
60220	59839	1	0.000735
60220	60156	35	0.025735
60220	59389	1	0.000735
60223	60160	3	0.001254
60223	60034	4	0.001672
60223	60419	2	0.000836
60223	59783	3	0.001254
60223	60680	1	0.000418
60223	60298	1	0.000418
60223	60430	2	0.000836
60223	59535	2	0.000836
60223	59143	1	0.000418
60223	59538	3	0.001254
60223	59411	2	0.000836
60223	59246	1	0.000418
60223	59671	5	0.002089
60223	60446	4	0.001672
60223	60704	1	0.000418
60223	59937	26	0.010865
60223	60196	3	0.001254
60223	59306	2	0.000836
60223	59435	2	0.000836
60223	59308	1	0.000418
60223	60333	1	0.000418
60223	60335	4	0.001672
60223	59312	3	0.001254
60223	60089	2	0.000836
60223	59963	5	0.002089
60223	59325	73	0.030506
60223	60482	3	0.001254
60223	59459	8	0.003343
60223	60100	2	0.000836
60223	60360	2	0.000836
60223	59850	5	0.002089
60223	60235	8	0.003343
60223	59728	1	0.000418
60223	60664	2	0.000836
60223	59986	5	0.002089
60223	59987	6	0.002507
60223	60244	1	0.000418
60223	60245	4	0.001672
60223	59608	1	0.000418
60223	59355	7	0.002925
60223	60240	1	0.000418
60223	60514	3	0.001254
60223	60006	7	0.002925
60223	59367	12	0.005015
60223	60024	1	0.000418
60223	59370	1	0.000418
60223	60651	3	0.001254
60223	59630	3	0.001254
60223	59824	1	0.000418
60223	59510	1	0.000418
60223	59767	3	0.001254
60223	59384	3	0.001254
60224	60161	487	1.851711
60224	60715	2	0.007605
60225	59937	2	0.001229
60225	59783	3	0.001843
60225	59304	1058	0.649877
60225	59367	4	0.002457
60225	59216	1	0.000614
60225	59384	1	0.000614
60225	60664	906	0.556511
60225	60409	5	0.003071
60225	60634	4532	2.783784
60225	60444	2	0.001229
60225	59674	1	0.000614
60225	59518	2	0.001229
60226	60101	1	0.003584
60226	59654	1	0.003584
60226	59442	1	0.003584
60226	59694	1	0.003584
60226	59152	1	0.003584
60226	60081	1	0.003584
60226	59538	12	0.043011
60226	60371	1	0.003584
60226	60635	1	0.003584
60226	59325	1	0.003584
60229	59367	1	0.028571
60229	60424	4	0.114286
60229	60425	1	0.028571
60229	60010	1	0.028571
60229	59986	5	0.142857
60229	60680	2	0.057143
60229	59442	5	0.142857
60230	59367	2	0.001058
60230	59882	266	0.140741
60230	60107	13	0.006878
60230	59325	6	0.003175
60230	59538	10	0.005291
60230	59220	3	0.001587
60230	60725	3	0.001587
60230	59384	3	0.001587
60230	60413	3	0.001587
60230	59125	3	0.001587
60231	59538	1	0.001669
60232	59264	1	0.071429
60232	59393	12	0.857143
60232	59907	1	0.071429
60232	60166	1	0.071429
60232	60043	1	0.071429
60232	59916	1	0.071429
60232	59676	1	0.071429
60232	60447	1	0.071429
60232	59810	1	0.071429
60232	60580	1	0.071429
60232	60145	1	0.071429
60232	59560	1	0.071429
60232	60204	1	0.071429
60232	59828	1	0.071429
60232	60218	1	0.071429
60232	60353	1	0.071429
60232	60611	1	0.071429
60232	60489	1	0.071429
60232	60365	1	0.071429
60232	60496	1	0.071429
60232	60122	1	0.071429
60232	59233	1	0.071429
60232	60642	1	0.071429
60232	60388	13	0.928571
60232	59240	1	0.071429
60232	59247	1	0.071429
60232	60712	1	0.071429
60232	60019	10	0.714286
60232	59636	12	0.857143
60232	59383	1	0.071429
60232	59517	1	0.071429
60233	60130	3	0.002212
60233	59882	1	0.000737
60233	60076	1	0.000737
60233	59437	1	0.000737
60233	59535	1	0.000737
60233	59312	1	0.000737
60233	59538	4	0.002950
60233	59220	1	0.000737
60233	59482	1	0.000737
60233	59675	1	0.000737
60234	59590	3	0.031579
60234	59206	3	0.031579
60234	59367	8	0.084211
60234	59144	3	0.031579
60234	59370	7	0.073684
60234	60006	2	0.021053
60234	60474	1	0.010526
60234	60607	1	0.010526
60235	60112	2	0.006431
60235	59619	2	0.006431
60235	59590	4	0.012862
60235	59367	5	0.016077
60235	59209	1	0.003215
60235	59783	7	0.022508
60235	59246	1	0.003215
60235	59920	1	0.003215
60235	60337	1	0.003215
60235	60244	1	0.003215
60235	59829	1	0.003215
60235	59384	2	0.006431
60235	60444	2	0.006431
60235	59325	11	0.035370
60235	60223	3	0.009646
60238	60651	7	0.003710
60238	59538	8	0.004240
60238	60144	4	0.002120
60238	60658	3	0.001590
60238	59125	3	0.001590
60238	60245	2	0.001060
60238	59384	1	0.000530
60238	60089	1	0.000530
60238	59963	3	0.001590
60238	59325	6	0.003180
60238	60223	2	0.001060
60239	59513	96	1.010526
60239	59314	95	1.000000
60239	59902	2	0.021053
60240	59538	66	0.148649
60240	59675	1	0.002252
60240	59685	1	0.002252
60240	59518	1	0.002252
60240	60223	1	0.002252
60241	59585	1	0.002364
60241	60423	1	0.002364
60241	59848	156	0.368794
60241	60329	1	0.002364
60241	59370	1	0.002364
60241	60076	5	0.011820
60241	59789	1	0.002364
60241	60189	1	0.002364
60241	59986	1	0.002364
60241	60152	1	0.002364
60241	60409	1	0.002364
60241	59931	1	0.002364
60241	59869	2	0.004728
60242	59496	30	0.967742
60243	60416	2	0.023256
60243	60006	5	0.058140
60243	60680	8	0.093023
60243	59986	11	0.127907
60243	59248	1	0.011628
60243	59384	5	0.058140
60243	59538	3	0.034884
60243	60360	2	0.023256
60243	59479	1	0.011628
60243	59608	4	0.046512
60243	59325	6	0.069767
60244	60235	1	0.010417
60244	59325	1	0.010417
60244	60223	1	0.010417
60245	60487	5	0.010331
60245	59367	7	0.014463
60245	60238	2	0.004132
60245	60006	7	0.014463
60245	60223	21	0.043388
60246	59538	339	1.000000
60246	59893	1	0.002950
60246	59951	19319	56.988201
60247	60680	2	0.057143
60247	59355	1	0.028571
60247	60333	7	0.200000
60247	59367	1	0.028571
60250	60409	4	0.040000
60250	60674	1	0.010000
60251	60672	1	0.000597
60251	60420	3	0.001792
60251	59783	53	0.031661
60251	60680	31	0.018519
60251	59275	1	0.000597
60251	59535	4	0.002389
60251	59538	2	0.001195
60251	59674	1	0.000597
60251	59510	6	0.003584
60251	60704	2	0.001195
60251	59937	2	0.001195
60251	59687	1	0.000597
60251	59177	1	0.000597
60251	59442	1	0.000597
60251	59706	1	0.000597
60251	59196	1	0.000597
60251	59325	48	0.028674
60251	59459	2	0.001195
60251	59973	1	0.000597
60251	59590	5	0.002987
60251	60360	4	0.002389
60251	59216	3	0.001792
60251	59986	212	0.126643
60251	59731	4	0.002389
60251	59861	6	0.003584
60251	59608	1	0.000597
60251	59355	4	0.002389
60251	59322	2	0.001195
60251	60006	17	0.010155
60251	59367	56	0.033453
60251	60652	1685	1.006571
60251	59154	1	0.000597
60251	59894	1	0.000597
60251	59384	5	0.002987
60251	60409	3	0.001792
60251	59772	1	0.000597
60251	59519	1	0.000597
60252	59538	22	0.032934
60252	59356	2	0.002994
60252	59462	668	1.000000
60254	59526	1	0.025000
60254	59367	3	0.075000
60254	60716	1	0.025000
60254	59148	1	0.025000
60254	59986	1	0.025000
60254	59442	7	0.175000
60254	59219	1	0.025000
60255	59568	2	0.003091
60255	60662	4	0.006182
60257	59208	2	0.003356
60257	59713	2	0.003356
60257	59154	2	0.003356
60257	60019	1	0.001678
60257	59336	1	0.001678
60258	59325	497	0.569301
60258	60144	496	0.568156
60258	60145	2	0.002291
60258	59538	14	0.016037
60258	59125	497	0.569301
60258	59677	29	0.033219
60259	59889	1	0.008621
60259	60714	1	0.008621
60259	59902	116	1.000000
60259	60697	1	0.008621
60260	60680	4	0.004619
60260	59442	324	0.374134
60260	59986	3	0.003464
60260	59325	2	0.002309
60260	59367	1	0.001155
60262	59459	794	1.000000
60262	59367	16	0.020151
60262	60680	2	0.002519
60262	60076	2	0.002519
60262	59248	1	0.001259
60262	60419	2	0.002519
60264	59757	2	1.000000
60264	59367	2	1.000000
60267	59776	1	0.002584
60267	59809	1	0.002584
60267	60005	1	0.002584
60267	60544	1	0.002584
60267	59538	2	0.005168
60267	60671	1	0.002584
60267	59132	1	0.002584
60267	59967	1	0.002584
60268	59538	3	0.002564
60269	59585	1	0.001715
60270	60674	1	0.000523
60270	60295	1	0.000523
60270	59786	1	0.000523
60270	59277	1	0.000523
60270	59535	4	0.002091
60270	59800	1	0.000523
60270	60058	1	0.000523
60270	59675	8	0.004182
60270	59937	9	0.004705
60270	60329	36	0.018819
60270	60076	17	0.008887
60270	59437	31	0.016205
60270	59312	5	0.002614
60270	60210	1	0.000523
60270	59316	4	0.002091
60270	59459	3	0.001568
60270	60100	2	0.001045
60270	60357	1	0.000523
60270	59986	2	0.001045
60270	59220	4	0.002091
60270	59477	3	0.001568
60270	60120	1	0.000523
60270	60377	4	0.002091
60270	59482	4	0.002091
60270	60006	1	0.000523
60270	59751	1	0.000523
60270	59389	1	0.000523
60270	60016	2	0.001045
60270	59505	229	0.119707
60270	59641	76	0.039728
60270	60413	5	0.002614
60271	59585	5	0.044643
60271	59986	2	0.017857
60272	60256	1	0.007634
60272	59617	1	0.007634
60272	59459	1	0.007634
60272	59783	5	0.038168
60272	60357	129	0.984733
60272	60006	1	0.007634
60272	59367	12	0.091603
60272	59435	7	0.053435
60272	59282	2	0.015267
60272	59312	2	0.015267
60272	60007	1	0.007634
60272	59824	1	0.007634
60272	59444	1	0.007634
60272	59627	1	0.007634
60272	59538	2	0.015267
60272	59590	12	0.091603
60272	59325	2	0.015267
60273	59538	11	0.016153
60273	60531	1	0.001468
60277	60006	6	0.010526
60277	60038	7	0.012281
60277	59783	25	0.043860
60277	59367	4	0.007018
60277	59986	47	0.082456
60277	59382	2	0.003509
60277	59384	3	0.005263
60277	60444	4	0.007018
60277	59325	2	0.003509
60278	60406	1	0.055556
60278	59459	1	0.055556
60278	59605	2	0.111111
60278	59590	1	0.055556
60281	59456	1	0.010526
60281	59986	1	0.010526
60281	59172	1	0.010526
60282	60305	1	0.002141
60282	59538	18	0.038544
60282	59220	1	0.002141
60282	59325	4	0.008565
60282	59125	2	0.004283
60283	60320	72	1.014085
60283	59538	73	1.028169
60283	59909	71	1.000000
60284	59246	261	15.352941
60284	60223	1	0.058824
60288	59384	1	0.002732
60288	60440	1	0.002732
60288	59538	236	0.644809
60288	60573	1	0.002732
60288	59367	1	0.002732
60290	59907	4	0.007619
60290	59590	1	0.001905
60290	59367	1	0.001905
60290	59986	1	0.001905
60290	59405	2	0.003810
60290	59538	2	0.003810
60290	59384	1	0.001905
60293	59257	60	20.000000
60293	59538	3	1.000000
60295	60680	1	0.000788
60295	59405	1	0.000788
60295	59535	3	0.002364
60295	59538	3	0.002364
60295	59675	5	0.003940
60295	60061	1	0.000788
60295	60704	2	0.001576
60295	59937	2	0.001576
60295	60329	14	0.011032
60295	59819	1	0.000788
60295	60076	1	0.000788
60295	59699	10	0.007880
60295	59316	1	0.000788
60295	59325	10	0.007880
60295	59296	1	0.000788
60295	59459	15	0.011820
60295	59983	25	0.019701
60295	59986	6	0.004728
60295	59220	1	0.000788
60295	60377	2	0.001576
60295	59482	1	0.000788
60295	59917	1	0.000788
60295	59367	9	0.007092
60295	59882	1	0.000788
60295	60270	1	0.000788
60295	60016	1	0.000788
60295	59384	4	0.003152
60295	60156	1	0.000788
60295	60413	1	0.000788
60296	60440	5	0.075758
60296	60288	1	0.015152
60296	60530	1	0.015152
60296	59370	1	0.015152
60296	59951	2846	43.121212
60298	60704	1	0.000847
60298	60514	15	0.012712
60298	59459	9	0.007627
60298	60006	26	0.022034
60298	59367	42	0.035593
60298	59496	4	0.003390
60298	59783	28	0.023729
60298	59216	2	0.001695
60298	60360	5	0.004237
60298	59986	4	0.003390
60298	59384	1	0.000847
60298	59483	1	0.000847
60298	59325	5	0.004237
60298	59518	4	0.003390
60299	60160	3	0.006000
60299	60034	2	0.004000
60299	60419	2	0.004000
60299	59783	3	0.006000
60299	60680	1	0.002000
60299	60430	2	0.004000
60299	59535	2	0.004000
60299	59143	1	0.002000
60299	59538	3	0.006000
60299	59411	2	0.004000
60299	59630	2	0.004000
60299	59671	4	0.008000
60299	60446	2	0.004000
60299	60704	1	0.002000
60299	59937	24	0.048000
60299	60196	3	0.006000
60299	59306	2	0.004000
60299	59435	2	0.004000
60299	59308	1	0.002000
60299	60335	3	0.006000
60299	59824	1	0.002000
60299	60089	2	0.004000
60299	59963	4	0.008000
60299	59325	55	0.110000
60299	60223	452	0.904000
60299	60482	2	0.004000
60299	59459	8	0.016000
60299	60100	2	0.004000
60299	60360	1	0.002000
60299	59850	3	0.006000
60299	60235	6	0.012000
60299	60240	1	0.002000
60299	60664	2	0.004000
60299	59987	5	0.010000
60299	60244	1	0.002000
60299	60245	3	0.006000
60299	59608	2	0.004000
60299	59355	16	0.032000
60299	59728	1	0.002000
60299	60514	2	0.004000
60299	60006	5	0.010000
60299	59367	14	0.028000
60299	60024	1	0.002000
60299	60651	2	0.004000
60299	59246	1	0.002000
60299	59510	1	0.002000
60299	59767	3	0.006000
60299	59384	3	0.006000
60300	60006	1	0.009901
60300	59367	1	0.009901
60300	59783	3	0.029703
60300	59181	1	0.009901
60300	59986	4	0.039604
60300	59411	1	0.009901
60300	59252	1	0.009901
60300	60409	3	0.029703
60300	59675	1	0.009901
60302	59538	3	0.008671
60302	60006	1	0.002890
60302	59125	2	0.005780
60302	59942	341	0.985549
60303	59280	1	0.008065
60304	60544	28	1.120000
60304	59809	25	1.000000
60304	59902	25	1.000000
60304	59783	25	1.000000
60305	59902	3	0.230769
60306	59951	639	22.821429
60308	59538	2	0.005510
60308	59292	353	0.972452
60308	59325	2	0.005510
60308	59367	1	0.002755
60309	59937	1	0.012195
60309	59783	2	0.024390
60309	60680	3	0.036585
60309	60360	2	0.024390
60309	59538	2	0.024390
60309	59510	2	0.024390
60309	59325	34	0.414634
60310	59364	10	1.428571
60311	60704	1	0.004255
60311	59459	2	0.008511
60311	60006	2	0.008511
60311	59367	8	0.034043
60311	60527	2	0.008511
60311	59674	1	0.004255
60311	59355	2	0.008511
60311	59325	20	0.085106
60315	59312	1	0.001267
60315	59459	1	0.001267
60315	59590	2	0.002535
60315	60487	3	0.003802
60315	59593	19	0.024081
60315	59882	1	0.001267
60315	59246	1	0.001267
60315	59824	1	0.001267
60315	59384	2	0.002535
60315	59538	31	0.039290
60315	59763	18	0.022814
60315	59860	1	0.001267
60315	59928	18	0.022814
60315	59675	1	0.001267
60315	59325	3	0.003802
60315	59518	5	0.006337
60317	59590	4	0.007707
60317	60038	25	0.048170
60317	59367	2	0.003854
60317	60360	2	0.003854
60317	59783	14	0.026975
60317	60140	3	0.005780
60317	60439	46	0.088632
60317	60345	2	0.003854
60318	59131	1	0.038462
60318	60006	2	0.076923
60318	59367	2	0.076923
60319	60433	3	0.214286
60319	59538	1	0.071429
60319	60491	1	0.071429
60319	59646	1	0.071429
60320	59909	2	0.002225
60320	59783	12	0.013348
60320	60302	6	0.006674
60320	60187	8	0.008899
60320	59937	20	0.022247
60320	59942	2	0.002225
60320	60072	8	0.008899
60320	59439	2	0.002225
60320	59701	4	0.004449
60320	59325	52	0.057842
60320	59459	2	0.002225
60320	60360	2	0.002225
60320	59216	2	0.002225
60320	59986	32	0.035595
60320	59355	1054	1.172414
60320	59367	570	0.634038
60320	59370	510	0.567297
60320	60661	2	0.002225
60320	60283	8	0.008899
60320	60413	512	0.569522
60320	59902	2	0.002225
60320	59391	4	0.004449
60321	59442	8	0.086022
60321	59148	4	0.043011
60321	60006	8	0.086022
60323	59986	1	0.500000
60324	59216	1	0.000262
60324	59937	4	0.001047
60324	59442	1	0.000262
60324	60420	1	0.000262
60324	60006	1	0.000262
60324	59783	1	0.000262
60324	60329	179	0.046859
60324	59437	1	0.000262
60324	59535	17	0.004450
60324	59312	32	0.008377
60324	59538	1	0.000262
60324	59220	2	0.000524
60324	59384	12	0.003141
60324	60377	3	0.000785
60324	59675	24	0.006283
60324	60413	80	0.020942
60326	60704	76	0.138182
60326	60006	1	0.001818
60326	59367	5	0.009091
60326	60360	2	0.003636
60326	60471	122	0.221818
60326	59129	1	0.001818
60326	59355	2	0.003636
60326	59325	3	0.005455
60327	59538	43	0.122507
60327	59932	5	0.014245
60327	59125	4	0.011396
60327	59325	4	0.011396
60328	59986	2	0.062500
60328	59442	3	0.093750
60328	60006	2	0.062500
60329	59777	3	0.002959
60329	60034	1	0.000986
60329	60420	3	0.002959
60329	60295	6	0.005917
60329	60680	11	0.010848
60329	59786	3	0.002959
60329	59532	3	0.002959
60329	59917	4	0.003945
60329	59535	193	0.190335
60329	60120	3	0.002959
60329	59538	1	0.000986
60329	59855	67	0.066075
60329	60567	3	0.002959
60329	60559	3	0.002959
60329	60058	3	0.002959
60329	59675	85	0.083826
60329	60444	77	0.075937
60329	60061	3	0.002959
60329	60704	1	0.000986
60329	59937	1	0.000986
60329	60141	3	0.002959
60329	60324	3	0.002959
60329	59745	2	0.001972
60329	60333	1	0.000986
60329	59783	2	0.001972
60329	60076	31	0.030572
60329	59437	63	0.062130
60329	59311	3	0.002959
60329	59312	68	0.067061
60329	60210	3	0.002959
60329	59316	6	0.005917
60329	60726	1	0.000986
60329	59325	3	0.002959
60329	59459	22	0.021696
60329	60594	3	0.002959
60329	60360	4	0.003945
60329	59503	1	0.000986
60329	59405	3	0.002959
60329	59216	1	0.000986
60329	59986	49	0.048323
60329	59220	48	0.047337
60329	59477	4	0.003945
60329	59479	1	0.000986
60329	59608	1	0.000986
60329	60377	61	0.060158
60329	59482	40	0.039448
60329	59355	1	0.000986
60329	59869	3	0.002959
60329	59248	2	0.001972
60329	60626	1	0.000986
60329	60389	2	0.001972
60329	59751	3	0.002959
60329	59496	3	0.002959
60329	59882	1	0.000986
60329	59389	3	0.002959
60329	59367	23	0.022682
60329	60270	3	0.002959
60329	60413	105	0.103550
60329	60016	3	0.002959
60329	59505	32	0.031558
60329	60530	1	0.000986
60329	60533	3	0.002959
60329	59384	11	0.010848
60329	59860	5	0.004931
60329	59641	2	0.001972
60329	60156	2	0.001972
60329	60157	1	0.000986
60329	59518	3	0.002959
60329	60031	9	0.008876
60330	60662	1	1.000000
60331	59154	7	0.025000
60331	59403	2	0.007143
60331	60006	1	0.003571
60331	59367	6	0.021429
60333	59393	37	0.010793
60333	60139	1	0.000292
60333	59286	1	0.000292
60333	60678	37	0.010793
60333	59783	3	0.000875
60333	60680	1	0.000292
60333	60681	37	0.010793
60333	59607	41	0.011960
60333	60432	37	0.010793
60333	60435	35	0.010210
60333	60053	37	0.010793
60333	60694	36	0.010502
60333	60184	37	0.010793
60333	59674	77	0.022462
60333	60444	6	0.001750
60333	60704	27	0.007876
60333	59248	146	0.042590
60333	60066	37	0.010793
60333	59939	37	0.010793
60333	59316	1	0.000292
60333	60422	37	0.010793
60333	60198	37	0.010793
60333	59688	39	0.011377
60333	60103	1	0.000292
60333	60461	39	0.011377
60333	60462	37	0.010793
60333	59312	1	0.000292
60333	60595	37	0.010793
60333	60555	37	0.010793
60333	60126	2	0.000583
60333	60345	38	0.011085
60333	60475	39	0.011377
60333	59325	3	0.000875
60333	59839	1	0.000292
60333	60353	1	0.000292
60333	59459	82	0.023921
60333	59590	7	0.002042
60333	60705	36	0.010502
60333	60360	1	0.000292
60333	59977	39	0.011377
60333	59468	37	0.010793
60333	59469	39	0.011377
60333	60110	37	0.010793
60333	59857	36	0.010502
60333	59218	37	0.010793
60333	59384	2	0.000583
60333	60247	37	0.010793
60333	59608	3	0.000875
60333	59355	301	0.087806
60333	59614	39	0.011377
60333	59920	39	0.011377
60333	60517	39	0.011377
60333	60006	13	0.003792
60333	59367	125	0.036464
60333	59755	36	0.010502
60333	59986	9	0.002625
60333	59504	37	0.010793
60333	60019	1	0.000292
60333	59764	36	0.010502
60333	59510	55	0.016044
60333	59768	37	0.010793
60334	59246	1007	23.418605
60335	60006	31	0.074163
60335	60487	4	0.009569
60335	60680	1	0.002392
60335	59367	2	0.004785
60335	59986	8	0.019139
60335	60223	16	0.038278
60336	60409	1	0.002012
60336	59986	2	0.004024
60336	60468	2	0.004024
60336	59325	14	0.028169
60336	59367	2	0.004024
60337	59713	3	0.003745
60337	60006	16	0.019975
60337	59367	16	0.019975
60337	60680	2	0.002497
60337	59783	10	0.012484
60337	60397	2	0.002497
60337	59215	2	0.002497
60337	59442	65	0.081149
60337	59986	14	0.017478
60337	60377	2	0.002497
60337	60409	4	0.004994
60337	59325	1	0.001248
60337	60702	1	0.001248
60338	60006	4	0.008403
60338	60360	1	0.002101
60338	60559	3	0.006303
60338	59986	1	0.002101
60338	60409	1	0.002101
60338	59836	5	0.010504
60338	59230	1	0.002101
60339	59590	1	0.002024
60339	59538	3	0.006073
60339	60413	1	0.002024
60339	60006	1	0.002024
60341	59986	1	0.055556
60342	59951	1030	25.121951
60343	59538	1	0.001515
60343	59860	1	0.001515
60344	59585	39	1.000000
60344	60019	1	0.025641
60344	60123	1	0.025641
60344	60470	78	2.000000
60345	59504	2	0.002220
60345	59939	2	0.002220
60345	59590	1	0.001110
60345	60006	9	0.009989
60345	59783	12	0.013319
60345	60360	2	0.002220
60345	59370	1	0.001110
60345	59367	2	0.002220
60345	60333	16	0.017758
60345	60103	1	0.001110
60345	59408	1	0.001110
60345	59986	5	0.005549
60345	59383	6	0.006659
60345	59384	2	0.002220
60345	59867	4	0.004440
60345	59325	3	0.003330
60347	59749	1	0.050000
60347	59367	2	0.100000
60347	59951	447	22.350000
60347	59129	3	0.150000
60347	59674	4	0.200000
60347	59355	3	0.150000
60347	59325	2	0.100000
60350	59941	31	1.033333
60350	59759	6	0.200000
60350	59538	2	0.066667
60350	59159	3	0.100000
60350	60380	3	0.100000
60350	59325	1	0.033333
60351	60416	5	0.010753
60351	59459	1	0.002151
60351	60038	5	0.010753
60351	60006	42	0.090323
60351	59367	18	0.038710
60351	60360	9	0.019355
60351	59783	45	0.096774
60351	60430	6	0.012903
60351	59144	5	0.010753
60351	59986	4	0.008602
60351	59510	6	0.012903
60351	59355	46	0.098925
60351	59836	5	0.010753
60351	59325	77	0.165591
60352	59288	5	0.131579
60352	59249	1	0.026316
60352	59986	6	0.157895
60352	59459	1	0.026316
60352	60311	3	0.078947
60353	60019	1	0.062500
60354	59687	1	0.000355
60354	59325	1	0.000355
60354	60113	1	0.000355
60354	59538	6	0.002131
60354	60559	1	0.000355
60354	60444	1	0.000355
60354	59389	3	0.001065
60357	60416	5	0.002811
60357	60673	2	0.001124
60357	60034	8	0.004497
60357	60163	3	0.001686
60357	59524	1	0.000562
60357	59271	2	0.001124
60357	60680	2	0.001124
60357	60300	1	0.000562
60357	59277	1	0.000562
60357	60674	1	0.000562
60357	59538	26	0.014615
60357	59411	1	0.000562
60357	59800	1	0.000562
60357	60100	1	0.000562
60357	59674	6	0.003373
60357	59675	2	0.001124
60357	60446	1656	0.930860
60357	59589	1	0.000562
60357	60704	1	0.000562
60357	59306	3	0.001686
60357	59783	1	0.000562
60357	59565	1	0.000562
60357	59312	6	0.003373
60357	60091	1	0.000562
60357	59325	2	0.001124
60357	60223	7	0.003935
60357	59459	4	0.002248
60357	59460	1	0.000562
60357	59510	11	0.006183
60357	59590	81	0.045531
60357	59855	1	0.000562
60357	60112	4	0.002248
60357	60630	2	0.001124
60357	59355	3	0.001686
60357	59743	4	0.002248
60357	60388	2	0.001124
60357	60006	12	0.006745
60357	59367	8	0.004497
60357	59370	9	0.005059
60357	60652	1	0.000562
60357	60144	8	0.004497
60357	60662	8	0.004497
60357	59255	1	0.000562
60357	59384	1	0.000562
60357	59641	3	0.001686
60357	59518	1	0.000562
60358	59502	1	0.007194
60358	59783	1	0.007194
60359	59538	248	0.675749
60359	60612	1	0.002725
60360	60034	3	0.002247
60360	59783	4	0.002996
60360	60680	7	0.005243
60360	59401	6	0.004494
60360	59154	2	0.001498
60360	59543	2	0.001498
60360	60697	1	0.000749
60360	59674	4	0.002996
60360	59931	3	0.002247
60360	60444	48	0.035955
60360	59306	2	0.001498
60360	59322	2	0.001498
60360	59325	12	0.008989
60360	60100	8	0.005993
60360	59510	5	0.003745
60360	60107	2	0.001498
60360	59855	7	0.005243
60360	60112	3	0.002247
60360	59986	5	0.003745
60360	59731	1	0.000749
60360	59220	2	0.001498
60360	59355	22	0.016479
60360	60128	1335	1.000000
60360	59367	6	0.004494
60360	60530	1335	1.000000
60360	59382	2	0.001498
60360	59384	1	0.000749
60360	60031	2	0.001498
60362	59743	1	0.040000
60363	59538	1	0.002392
60363	59590	1	0.002392
60364	59761	2	0.013072
60364	60662	10	0.065359
60365	60019	162	3.056604
60368	59442	1	0.027027
60368	60618	1	0.027027
60368	59367	2	0.054054
60369	59538	1	0.058824
60371	59459	1	0.002985
60371	59442	3	0.008955
60371	60081	3	0.008955
60371	59538	10	0.029851
60371	59125	1	0.002985
60371	60635	1	0.002985
60371	59325	3	0.008955
60372	59936	1	0.008850
60372	60248	2	0.017699
60372	59986	12	0.106195
60372	59405	1	0.008850
60372	59783	12	0.106195
60373	60006	3	0.020270
60373	59367	4	0.027027
60373	60680	1	0.006757
60373	59790	11	0.074324
60373	59986	4	0.027027
60373	60511	151	1.020270
60376	59384	7	0.016588
60376	60144	1	0.002370
60376	59538	74	0.175355
60376	60357	1	0.002370
60376	59518	1	0.002370
60377	59783	11	0.004055
60377	59401	6	0.002212
60377	59535	5	0.001843
60377	59794	1	0.000369
60377	59919	1	0.000369
60377	59675	3	0.001106
60377	60444	66	0.024327
60377	59937	5	0.001843
60377	60329	586	0.215997
60377	60295	1	0.000369
60377	60076	3	0.001106
60377	59437	3	0.001106
60377	59312	1	0.000369
60377	59316	4	0.001474
60377	59322	1	0.000369
60377	60372	2	0.000737
60377	59325	2	0.000737
60377	59459	3	0.001106
60377	59717	2	0.000737
60377	60360	2	0.000737
60377	59855	51	0.018798
60377	59729	3	0.001106
60377	59986	2	0.000737
60377	59220	8	0.002949
60377	59482	3	0.001106
60377	60111	1	0.000369
60377	59740	2	0.000737
60377	60006	3	0.001106
60377	59367	11	0.004055
60377	59882	4	0.001474
60377	59538	2	0.000737
60377	60014	2	0.000737
60377	60413	3	0.001106
60377	59384	2	0.000737
60377	60409	2	0.000737
60377	59370	84	0.030962
60380	59325	2	0.016393
60380	59538	2	0.016393
60380	59941	124	1.016393
60380	59159	2	0.016393
60381	59377	2	0.004938
60381	59836	2	0.004938
60381	59886	415	1.024691
60381	60516	2	0.004938
60383	60006	10	0.038610
60383	60552	4	0.015444
60383	59868	4	0.015444
60383	60587	4	0.015444
60383	59986	4	0.015444
60383	59896	8	0.030888
60383	59196	4	0.015444
60383	59901	4	0.015444
60388	59783	3	0.001069
60388	60680	2	0.000713
60388	59405	4	0.001426
60388	59538	7	0.002495
60388	60435	1	0.000356
60388	59248	5622	2.003564
60388	59560	1	0.000356
60388	60333	10	0.003564
60388	59316	1	0.000356
60388	59325	3	0.001069
60388	59590	17	0.006058
60388	59607	1	0.000356
60388	59355	8	0.002851
60388	60642	1	0.000356
60388	59367	1	0.000356
60388	59240	1	0.000356
60388	59370	2	0.000713
60388	60652	1	0.000356
60388	60144	2	0.000713
60388	60019	2848	1.014968
60388	59510	6	0.002138
60388	59383	1	0.000356
60389	60032	1	0.001988
60389	59777	7	0.013917
60389	60550	1	0.001988
60389	60039	1	0.001988
60389	59919	1	0.001988
60389	59538	2	0.003976
60389	59670	1	0.001988
60389	59675	2	0.003976
60389	59937	2	0.003976
60389	60707	1	0.001988
60389	59316	1	0.001988
60389	60470	1	0.001988
60389	59585	1	0.001988
60389	59715	3	0.005964
60389	60486	3	0.005964
60389	59980	1	0.001988
60389	59215	1	0.001988
60389	59729	2	0.003976
60389	59860	2	0.003976
60389	59496	2	0.003976
60389	59882	5	0.009940
60389	59384	14	0.027833
60390	60594	1	0.004695
60390	60076	1	0.004695
60390	59538	4	0.018779
60390	59998	4	0.018779
60390	59986	5	0.023474
60391	60736	864	1.139842
60391	59201	95	0.125330
60391	60288	1	0.001319
60391	59459	2	0.002639
60391	59367	1	0.001319
60391	59882	1	0.001319
60391	59538	47	0.062005
60391	59220	5	0.006596
60391	60697	2	0.002639
60391	60444	33	0.043536
60391	59325	1	0.001319
60391	59840	2	0.002639
60392	59986	2	0.010811
60392	59687	6	0.032432
60392	59367	4	0.021622
60393	59590	1	0.003135
60393	60594	1	0.003135
60393	59882	1	0.003135
60393	60210	1	0.003135
60393	59312	1	0.003135
60393	59538	47	0.147335
60393	59220	1	0.003135
60393	59860	1	0.003135
60393	60413	1	0.003135
60394	59266	3	0.014493
60394	59355	1	0.004831
60394	60389	1	0.004831
60394	59783	1	0.004831
60394	60680	1	0.004831
60394	60039	1	0.004831
60394	59919	2	0.009662
60394	59986	1	0.004831
60394	59815	2	0.009662
60394	59227	17	0.082126
60395	59459	3	0.069767
60395	60006	1	0.023256
60395	59367	1	0.023256
60395	59370	2	0.046512
60395	59243	1	0.023256
60395	59215	1	0.023256
60395	59986	1	0.023256
60395	59775	44	1.023256
60398	60006	1	0.020408
60398	59367	1	0.020408
60398	59308	18	0.367347
60398	60300	1	0.020408
60398	60240	1	0.020408
60398	59986	9	0.183673
60398	59252	1	0.020408
60398	60409	1	0.020408
60399	59370	2	0.125000
60399	59243	6	0.375000
60399	59730	6	0.375000
60399	59367	2	0.125000
60401	60389	1	0.033333
60401	60076	1	0.033333
60401	59405	1	0.033333
60401	59312	1	0.033333
60401	59316	1	0.033333
60401	60377	1	0.033333
60402	60664	12	0.057416
60402	59459	12	0.057416
60402	59771	12	0.057416
60402	59783	12	0.057416
60403	59825	153	0.968354
60403	59535	1	0.006329
60403	59207	153	0.968354
60404	59985	3	0.007576
60404	59986	277	0.699495
60407	59986	3	0.081081
60407	59227	2	0.054054
60407	59919	2	0.054054
60408	59723	7	0.411765
60408	60149	8	0.470588
60409	60419	1	0.000991
60409	60423	1	0.000991
60409	59400	1	0.000991
60409	59401	1	0.000991
60409	59405	1	0.000991
60409	60430	2	0.001982
60409	59919	1	0.000991
60409	59411	1	0.000991
60409	59931	1	0.000991
60409	60444	2	0.001982
60409	59937	1	0.000991
60409	59435	1	0.000991
60409	59442	1	0.000991
60409	59960	1	0.000991
60409	59456	1	0.000991
60409	59459	4	0.003964
60409	59985	1	0.000991
60409	60501	2	0.001982
60409	59479	1	0.000991
60409	59998	1	0.000991
60409	60514	1	0.000991
60409	60006	2	0.001982
60409	59496	2	0.001982
60409	59502	1	0.000991
60409	59505	1	0.000991
60409	59510	4	0.003964
60409	59513	1	0.000991
60409	59518	2	0.001982
60409	60034	1	0.000991
60409	60038	1	0.000991
60409	59535	5	0.004955
60409	59538	2	0.001982
60409	60573	1	0.000991
60409	60089	2	0.001982
60409	60602	1	0.000991
60409	59585	2	0.001982
60409	60099	1	0.000991
60409	60100	1	0.000991
60409	59590	4	0.003964
60409	60112	1	0.000991
60409	60630	1	0.000991
60409	59608	6	0.005946
60409	60138	1	0.000991
60409	60651	1	0.000991
60409	60664	1	0.000991
60409	59129	1	0.000991
60409	59918	1	0.000991
60409	59134	1	0.000991
60409	59136	1	0.000991
60409	59655	1	0.000991
60409	59144	1	0.000991
60409	59154	1	0.000991
60409	60697	1	0.000991
60409	59675	2	0.001982
60409	60193	1	0.000991
60409	59687	1	0.000991
60409	59699	1	0.000991
60409	59196	1	0.000991
60409	60223	1	0.000991
60409	59208	1	0.000991
60409	59216	1	0.000991
60409	59731	2	0.001982
60409	59220	1	0.000991
60409	59223	1	0.000991
60409	59243	1	0.000991
60409	59757	1	0.000991
60409	59248	4	0.003964
60409	59777	2	0.001982
60409	59783	16	0.015857
60409	59789	1	0.000991
60409	59790	1	0.000991
60409	59793	1	0.000991
60409	59796	1	0.000991
60409	59798	1	0.000991
60409	60311	1	0.000991
60409	60319	1	0.000991
60409	59296	1	0.000991
60409	59809	1	0.000991
60409	60324	1	0.000991
60409	60329	2	0.001982
60409	59819	1	0.000991
60409	59308	1	0.000991
60409	60333	1	0.000991
60409	59316	1	0.000991
60409	59322	2	0.001982
60409	59836	1	0.000991
60409	60351	1	0.000991
60409	59843	1	0.000991
60409	60360	4	0.003964
60409	59860	5	0.004955
60409	60377	2	0.001982
60409	59367	8	0.007929
60409	59370	2	0.001982
60409	59382	1	0.000991
60409	59384	9	0.008920
60409	60413	6	0.005946
60412	59538	26	1.000000
60412	59590	1	0.038462
60412	59951	585	22.500000
60413	59777	1	0.000223
60413	60420	1	0.000223
60413	59783	4	0.000892
60413	60680	8	0.001785
60413	59531	1	0.000223
60413	59532	1	0.000223
60413	60302	1	0.000223
60413	59535	3	0.000669
60413	60560	1	0.000223
60413	59538	10	0.002231
60413	59459	1	0.000223
60413	60567	1	0.000223
60413	60697	1	0.000223
60413	59675	3	0.000669
60413	60444	13	0.002900
60413	60320	3	0.000669
60413	59824	3	0.000669
60413	60067	1	0.000223
60413	60324	1	0.000223
60413	60230	1	0.000223
60413	60072	1	0.000223
60413	60329	147	0.032791
60413	60076	1	0.000223
60413	59437	4	0.000892
60413	59312	2	0.000446
60413	60594	1	0.000223
60413	59316	1	0.000223
60413	59701	10	0.002231
60413	60700	1	0.000223
60413	59325	3	0.000669
60413	60483	1	0.000223
60413	59590	1	0.000223
60413	59937	2	0.000446
60413	60107	3	0.000669
60413	59855	17	0.003792
60413	59985	2	0.000446
60413	59220	9	0.002008
60413	59513	5	0.001115
60413	60377	2	0.000446
60413	59482	1	0.000223
60413	60559	1	0.000223
60413	59869	1	0.000223
60413	60389	1	0.000223
60413	60006	3	0.000669
60413	59367	80	0.017845
60413	59370	2	0.000446
60413	60391	2	0.000446
60413	60141	1	0.000223
60413	60530	2	0.000446
60413	59637	1	0.000223
60413	59384	4	0.000892
60413	59860	2	0.000446
60413	60283	1	0.000223
60413	59391	1	0.000223
60414	59459	2	0.153846
60414	59367	2	0.153846
60415	59777	1	0.010989
60415	59367	1	0.010989
60415	59432	2	0.021978
60415	60587	2	0.021978
60415	60397	4	0.043956
60415	59175	2	0.021978
60415	60337	3	0.032967
60415	59986	2	0.021978
60415	59896	3	0.032967
60415	59196	3	0.032967
60415	59901	3	0.032967
60415	59486	2	0.021978
60416	59783	6	0.026201
60417	59590	1	0.006897
60417	60006	2	0.013793
60417	59783	2	0.013793
60417	59437	1	0.006897
60417	60594	1	0.006897
60417	59513	2	0.013793
60417	59227	4	0.027586
60417	59580	2	0.013793
60417	59325	4	0.027586
60418	59809	1	0.062500
60418	59902	2	0.125000
60419	59490	1	0.500000
60419	60604	1	0.500000
60420	59552	2	0.001773
60420	60336	2	0.001773
60420	60324	2	0.001773
60420	59937	5	0.004433
60420	60680	1	0.000887
60420	59312	1	0.000887
60420	59860	4	0.003546
60420	59384	1	0.000887
60420	60377	1	0.000887
60420	59316	2	0.001773
60420	59325	1	0.000887
60421	60076	1	0.006757
60421	59437	1	0.006757
60421	59535	1	0.006757
60421	59312	1	0.006757
60421	59538	3	0.020270
60421	59220	1	0.006757
60421	60377	1	0.006757
60421	59482	1	0.006757
60421	59675	1	0.006757
60422	59948	2	0.666667
60422	60333	2	0.666667
60422	59783	6	2.000000
60423	60704	3	0.049180
60423	59631	1	0.016393
60423	59459	2	0.032787
60423	60006	4	0.065574
60423	59367	9	0.147541
60423	60360	3	0.049180
60423	59370	2	0.032787
60423	59271	1	0.016393
60423	60333	2	0.032787
60423	59869	1	0.016393
60423	59355	51	0.836066
60423	60444	3	0.049180
60423	59325	9	0.147541
60424	59713	4	0.007722
60424	60324	1	0.001931
60424	60229	3	0.005792
60424	60006	3	0.005792
60424	59783	14	0.027027
60424	60425	1	0.001931
60424	60010	17	0.032819
60424	59367	6	0.011583
60424	59986	15	0.028958
60424	59694	1	0.001931
60424	59216	2	0.003861
60424	60081	1	0.001931
60424	59442	44	0.084942
60424	59703	1	0.001931
60424	60254	1	0.001931
60425	59526	1	0.002732
60425	59245	1	0.002732
60425	60424	1	0.002732
60425	59148	1	0.002732
60425	59373	1	0.002732
60425	59152	1	0.002732
60425	60680	2	0.005464
60425	60081	1	0.002732
60425	59932	1	0.002732
60425	59165	1	0.002732
60425	60702	1	0.002732
60425	59807	1	0.002732
60425	60321	1	0.002732
60425	60324	3	0.008197
60425	59654	1	0.002732
60425	59303	1	0.002732
60425	60328	1	0.002732
60425	60444	1	0.002732
60425	59818	1	0.002732
60425	59783	13	0.035519
60425	60716	1	0.002732
60425	60530	2	0.005464
60425	59694	1	0.002732
60425	59696	1	0.002732
60425	60337	4	0.010929
60425	59442	27	0.073770
60425	60147	1	0.002732
60425	59325	1	0.002732
60425	60226	1	0.002732
60425	59459	1	0.002732
60425	60229	1	0.002732
60425	60614	1	0.002732
60425	60360	2	0.005464
60425	59214	1	0.002732
60425	60368	1	0.002732
60425	59986	1	0.002732
60425	59219	1	0.002732
60425	59477	1	0.002732
60425	59367	20	0.054645
60425	59300	1	0.002732
60425	60635	373	1.019126
60425	60254	1	0.002732
60425	59472	2	0.005464
60425	60260	1	0.002732
60425	60006	3	0.008197
60425	59495	1	0.002732
60425	59752	1	0.002732
60425	59881	2	0.005464
60425	60010	1	0.002732
60425	60327	1	0.002732
60425	60653	1	0.002732
60425	60101	1	0.002732
60425	60371	1	0.002732
60425	59892	1	0.002732
60425	59306	14	0.038251
60425	59912	1	0.002732
60427	59757	4	0.153846
60428	59986	1	0.006173
60430	60034	1	0.000211
60430	59783	25	0.005284
60430	59917	1	0.000211
60430	60050	4	0.000845
60430	60704	5	0.001057
60430	59937	2	0.000423
60430	59564	3	0.000634
60430	59312	2	0.000423
60430	60639	1	0.000211
60430	59325	28	0.005918
60430	60223	1	0.000211
60430	59459	14	0.002959
60430	59844	4	0.000845
60430	59590	1	0.000211
60430	60360	1	0.000211
60430	59355	3	0.000634
60430	59743	1	0.000211
60430	60006	4	0.000845
60430	59367	29	0.006130
60430	59370	4	0.000845
60430	60530	1	0.000211
60430	59824	1	0.000211
60430	59384	2	0.000423
60431	59896	1	0.052632
60431	59538	3	0.157895
60431	59955	1	0.052632
60431	59783	1	0.052632
60431	59863	1	0.052632
60432	60656	2	0.018519
60432	59833	2	0.018519
60432	60248	2	0.018519
60433	59459	2	0.005714
60433	60134	4	0.011429
60433	59384	4	0.011429
60433	59538	276	0.788571
60433	59125	1	0.002857
60433	59415	2	0.005714
60433	60120	1	0.002857
60433	59675	2	0.005714
60433	60444	273	0.780000
60433	60319	11	0.031429
60435	59393	1	0.001037
60435	60678	1	0.001037
60435	59783	6	0.006224
60435	60680	2	0.002075
60435	60681	1	0.001037
60435	60247	1	0.001037
60435	59405	2	0.002075
60435	60461	1	0.001037
60435	60432	1	0.001037
60435	60053	3	0.003112
60435	60694	1	0.001037
60435	60184	1	0.001037
60435	60444	2	0.002075
60435	60704	2	0.002075
60435	59504	1	0.001037
60435	60066	1	0.001037
60435	59939	1	0.001037
60435	60422	1	0.001037
60435	60198	1	0.001037
60435	59688	1	0.001037
60435	60329	1	0.001037
60435	60333	562	0.582988
60435	60462	1	0.001037
60435	60595	1	0.001037
60435	60555	1	0.001037
60435	60345	2	0.002075
60435	60475	1	0.001037
60435	59459	1	0.001037
60435	60705	1	0.001037
60435	60360	2	0.002075
60435	59977	1	0.001037
60435	59468	1	0.001037
60435	59469	1	0.001037
60435	60110	1	0.001037
60435	59216	1	0.001037
60435	59857	1	0.001037
60435	59986	2714	2.815353
60435	59607	2	0.002075
60435	59614	1	0.001037
60435	59920	1	0.001037
60435	60517	2	0.002075
60435	60006	561	0.581950
60435	60519	653	0.677386
60435	59755	1	0.001037
60435	59218	1	0.001037
60435	59248	9	0.009336
60435	60019	16	0.016598
60435	59764	1	0.001037
60435	59768	1	0.001037
60437	59512	1	0.047619
60437	59710	1	0.047619
60437	59309	1	0.047619
60437	60718	1	0.047619
60439	59264	1	0.043478
60439	59907	1	0.043478
60439	60038	1	0.043478
60439	60680	1	0.043478
60439	60043	1	0.043478
60439	59916	1	0.043478
60439	59538	1	0.043478
60439	59800	2	0.086957
60439	59676	1	0.043478
60439	60447	1	0.043478
60439	59810	1	0.043478
60439	60580	1	0.043478
60439	60166	1	0.043478
60439	60145	1	0.043478
60439	59560	1	0.043478
60439	60204	1	0.043478
60439	59828	1	0.043478
60439	60218	1	0.043478
60439	60353	1	0.043478
60439	60611	1	0.043478
60439	60357	2	0.086957
60439	60360	1	0.043478
60439	60489	1	0.043478
60439	60365	1	0.043478
60439	60496	1	0.043478
60439	60122	1	0.043478
60439	59227	1	0.043478
60439	59233	1	0.043478
60439	60642	1	0.043478
60439	60388	1	0.043478
60439	59240	1	0.043478
60439	60140	1	0.043478
60439	59247	1	0.043478
60439	60712	1	0.043478
60439	60019	10	0.434783
60439	59383	1	0.043478
60439	59517	1	0.043478
60440	59355	3	0.020408
60440	59459	1	0.006803
60440	60006	4	0.027211
60444	60416	1	0.004785
60444	60034	3	0.014354
60444	59783	6	0.028708
60444	60680	7	0.033493
60444	60329	1	0.004785
60444	59855	5	0.023923
60444	60533	15	0.071770
60444	59355	1	0.004785
60444	59325	2	0.009569
60445	59538	2	0.016000
60446	59524	3	0.001704
60446	59783	8	0.004543
60446	60680	2	0.001136
60446	60300	3	0.001704
60446	59411	7	0.003975
60446	60100	9	0.005111
60446	59427	3	0.001704
60446	59306	16	0.009086
60446	59308	1	0.000568
60446	59565	3	0.001704
60446	60091	3	0.001704
60446	59325	38	0.021579
60446	59459	1	0.000568
60446	59460	7	0.003975
60446	60357	1224	0.695060
60446	60360	3	0.001704
60446	59215	5	0.002839
60446	60112	3	0.001704
60446	59731	4	0.002271
60446	59608	1	0.000568
60446	60250	3	0.001704
60446	59355	9	0.005111
60446	60006	18	0.010221
60446	59367	7	0.003975
60446	60398	3	0.001704
60446	60530	4	0.002271
60446	59255	3	0.001704
60446	60409	8	0.004543
60446	59518	3	0.001704
60447	59590	1	0.012346
60447	59459	1	0.012346
60447	60006	2	0.024691
60447	60038	3	0.037037
60447	60680	6	0.074074
60447	59405	1	0.012346
60447	59325	1	0.012346
60447	60049	81	1.000000
60447	60019	2	0.024691
60447	59160	1	0.012346
60447	59560	1	0.012346
60447	59624	1	0.012346
60447	59653	1	0.012346
60449	59590	4	0.074074
60449	60006	2	0.037037
60449	60360	1	0.018519
60449	59730	111	2.055556
60449	59384	1	0.018519
60449	59355	1	0.018519
60450	60016	1	0.033333
60450	59890	1	0.033333
60450	59220	1	0.033333
60450	60413	1	0.033333
60450	60567	1	0.033333
60452	59824	1	0.002494
60452	60329	1	0.002494
60452	60651	1	0.002494
60452	59860	1	0.002494
60454	59312	1	0.000309
60454	59459	2	0.000618
60454	59590	5	0.001544
60454	59367	3	0.000926
60454	60680	3	0.000926
60454	60141	2	0.000618
60454	60144	6	0.001853
60454	59538	1	0.000309
60454	59926	2	0.000618
60454	59674	1	0.000309
60456	59325	2	0.025974
60457	60662	17	1.416667
60458	60256	1	0.007634
60458	59617	1	0.007634
60458	59459	1	0.007634
60458	59783	5	0.038168
60458	60357	129	0.984733
60458	60006	1	0.007634
60458	59367	12	0.091603
60458	59435	7	0.053435
60458	59282	2	0.015267
60458	59312	2	0.015267
60458	60007	1	0.007634
60458	59824	1	0.007634
60458	59444	1	0.007634
60458	59627	1	0.007634
60458	59538	2	0.015267
60458	59590	12	0.091603
60458	59325	2	0.015267
60460	59840	1	0.001534
60460	60001	1	0.001534
60460	60546	1	0.001534
60460	59716	1	0.001534
60460	59367	1	0.001534
60460	59404	1	0.001534
60460	60174	1	0.001534
60460	59983	1	0.001534
60460	60112	1	0.001534
60460	59220	4	0.006135
60460	59125	1	0.001534
60460	59543	1	0.001534
60460	59737	656	1.006135
60460	60250	1	0.001534
60460	60413	2	0.003067
60460	60446	1	0.001534
60462	60680	1	0.047619
60462	59986	3	0.142857
60462	60006	5	0.238095
60463	59171	1	0.001453
60463	60680	2	0.002907
60463	59882	1	0.001453
60463	59538	876	1.273256
60463	59125	217	0.315407
60463	60506	1	0.001453
60463	59997	2	0.002907
60464	59777	2	0.016529
60464	60034	1	0.008264
60464	60420	1	0.008264
60464	59535	1	0.008264
60464	59674	1	0.008264
60464	59421	3	0.024793
60464	59227	1	0.008264
60464	59193	1	0.008264
60464	59196	3	0.024793
60464	59325	2	0.016529
60464	59590	2	0.016529
60464	59482	4	0.033058
60464	59355	1	0.008264
60464	60638	2	0.016529
60464	59232	1	0.008264
60464	60006	2	0.016529
60464	60647	1	0.008264
60464	59370	3	0.024793
60464	59367	1	0.008264
60464	59505	1	0.008264
60464	59381	9	0.074380
60464	59510	1	0.008264
60468	60336	2	0.003120
60468	60420	1	0.001560
60468	59812	1	0.001560
60468	59997	1	0.001560
60469	60680	1	0.016129
60469	59985	3	0.048387
60469	60006	3	0.048387
60470	60389	2	0.002545
60470	59437	2	0.002545
60470	59919	3	0.003817
60470	59538	76	0.096692
60470	60019	1	0.001272
60470	59125	1	0.001272
60470	59384	1	0.001272
60470	59325	1	0.001272
60471	60704	2	0.005305
60471	59364	10	0.026525
60471	59751	8	0.021220
60471	60360	5	0.013263
60471	59657	2	0.005305
60471	59370	2	0.005305
60471	59783	4	0.010610
60471	59567	2	0.005305
60471	59367	2	0.005305
60471	59869	8	0.021220
60472	59220	1	0.002427
60472	60630	1	0.002427
60472	60622	1	0.002427
60473	60416	16	0.011791
60473	59393	1	0.000737
60473	60422	2	0.001474
60473	60424	1	0.000737
60473	60425	2	0.001474
60473	59914	1	0.000737
60473	59991	1	0.000737
60473	59918	2	0.001474
60473	59919	3	0.002211
60473	59920	2	0.001474
60473	60440	2	0.001474
60473	59417	1	0.000737
60473	60444	4	0.002948
60473	60446	2	0.001474
60473	59937	8	0.005895
60473	60451	1	0.000737
60473	60678	1	0.000737
60473	59430	1	0.000737
60473	59740	1	0.000737
60473	59655	1	0.000737
60473	59948	2	0.001474
60473	60461	3	0.002211
60473	60462	1	0.000737
60473	59442	3	0.002211
60473	60469	1	0.000737
60473	60470	1	0.000737
60473	59401	1	0.000737
60473	59960	1	0.000737
60473	60475	3	0.002211
60473	59402	1	0.000737
60473	59456	1	0.000737
60473	60482	8	0.005895
60473	60483	1	0.000737
60473	59977	1	0.000737
60473	59468	3	0.002211
60473	59469	3	0.002211
60473	59983	1	0.000737
60473	59472	1	0.000737
60473	59986	98	0.072218
60473	59477	2	0.001474
60473	59479	4	0.002948
60473	59488	1	0.000737
60473	59214	1	0.000737
60473	60517	1	0.000737
60473	60006	19	0.014001
60473	59495	1	0.000737
60473	59502	2	0.001474
60473	59504	1	0.000737
60473	60019	1	0.000737
60473	60533	2	0.001474
60473	59510	6	0.004422
60473	60024	2	0.001474
60473	59513	1	0.000737
60473	59521	1	0.000737
60473	60034	7	0.005158
60473	59755	1	0.000737
60473	59670	1	0.000737
60473	60038	24	0.017686
60473	60050	2	0.001474
60473	59530	1	0.000737
60473	60555	1	0.000737
60473	60046	1	0.000737
60473	59535	1	0.000737
60473	60560	1	0.000737
60473	59538	4	0.002948
60473	60053	1	0.000737
60473	60570	1	0.000737
60473	60059	1	0.000737
60473	59552	1	0.000737
60473	60066	2	0.001474
60473	59560	1	0.000737
60473	59847	1	0.000737
60473	60079	5	0.003685
60473	60081	1	0.000737
60473	60595	1	0.000737
60473	60598	1	0.000737
60473	60602	1	0.000737
60473	60091	1	0.000737
60473	60615	1	0.000737
60473	59583	1	0.000737
60473	59585	1	0.000737
60473	60099	1	0.000737
60473	60100	2	0.001474
60473	60101	1	0.000737
60473	59590	7	0.005158
60473	60103	3	0.002211
60473	60138	1	0.000737
60473	60110	2	0.001474
60473	59601	1	0.000737
60473	59939	1	0.000737
60473	60630	1	0.000737
60473	59607	2	0.001474
60473	59608	6	0.004422
60473	60122	1	0.000737
60473	60123	1	0.000737
60473	59614	3	0.002211
60473	60639	2	0.001474
60473	60128	2	0.001474
60473	60130	3	0.002211
60473	60132	1	0.000737
60473	59621	1	0.000737
60473	59626	2	0.001474
60473	60652	1	0.000737
60473	59355	1	0.000737
60473	60144	4	0.002948
60473	59812	1	0.000737
60473	60147	1	0.000737
60473	60157	4	0.002948
60473	59647	4	0.002948
60473	60673	4	0.002948
60473	60163	2	0.001474
60473	60677	2	0.001474
60473	59654	1	0.000737
60473	59143	2	0.001474
60473	60680	15124	11.145173
60473	60681	2	0.001474
60473	59148	1	0.000737
60473	60174	1	0.000737
60473	60177	3	0.002211
60473	60694	2	0.001474
60473	60184	3	0.002211
60473	59674	3	0.002211
60473	59675	1	0.000737
60473	59165	2	0.001474
60473	60702	2	0.001474
60473	60703	1	0.000737
60473	60704	5	0.003685
60473	60193	1	0.000737
60473	60707	2	0.001474
60473	60196	8	0.005895
60473	60198	1	0.000737
60473	60295	1	0.000737
60473	59694	1	0.000737
60473	59696	1	0.000737
60473	59698	2	0.001474
60473	59699	3	0.002211
60473	59703	1	0.000737
60473	59705	4	0.002948
60473	59707	2	0.001474
60473	59196	2	0.001474
60473	60223	9	0.006632
60473	60226	1	0.000737
60473	60043	1	0.000737
60473	59716	1	0.000737
60473	60229	1	0.000737
60473	60233	1	0.000737
60473	60235	8	0.005895
60473	59726	1	0.000737
60473	59215	4	0.002948
60473	59729	1	0.000737
60473	59219	1	0.000737
60473	60247	1	0.000737
60473	60250	1	0.000737
60473	60251	3	0.002211
60473	60252	1	0.000737
60473	60254	1	0.000737
60473	59235	1	0.000737
60473	60260	1	0.000737
60473	59752	1	0.000737
60473	59754	2	0.001474
60473	59243	1	0.000737
60473	59757	1	0.000737
60473	60271	1	0.000737
60473	59248	8	0.005895
60473	59764	2	0.001474
60473	59370	95	0.070007
60473	60292	1	0.000737
60473	59783	8	0.005895
60473	59274	2	0.001474
60473	59789	2	0.001474
60473	59790	1	0.000737
60473	59373	1	0.000737
60473	59793	2	0.001474
60473	59459	3	0.002211
60473	59796	1	0.000737
60473	60309	2	0.001474
60473	60318	2	0.001474
60473	60321	1	0.000737
60473	60324	1	0.000737
60473	59303	1	0.000737
60473	60329	3	0.002211
60473	59306	4	0.002948
60473	59308	1	0.000737
60473	60333	5	0.003685
60473	59316	6	0.004422
60473	60345	3	0.002211
60473	59322	11	0.008106
60473	59323	1	0.000737
60473	59325	102	0.075166
60473	59839	2	0.001474
60473	60353	1	0.000737
60473	59332	1	0.000737
60473	60358	2	0.001474
60473	60359	1	0.000737
60473	60360	9	0.006632
60473	60407	1	0.000737
60473	59227	1	0.000737
60473	59855	7	0.005158
60473	60368	1	0.000737
60473	59857	1	0.000737
60473	59858	2	0.001474
60473	60371	1	0.000737
60473	59348	2	0.001474
60473	60373	2	0.001474
60473	59300	1	0.000737
60473	59867	1	0.000737
60473	59868	1	0.000737
60473	60383	1	0.000737
60473	60388	1	0.000737
60473	60389	1	0.000737
60473	59367	68	0.050111
60473	59882	2	0.001474
60473	59474	1	0.000737
60473	59731	1	0.000737
60473	59381	3	0.002211
60473	60406	1	0.000737
60473	59383	1	0.000737
60473	59384	22	0.016212
60473	60409	8	0.005895
60473	59818	1	0.000737
60474	59144	17	1.062500
60474	60234	1	0.062500
60474	59189	5	0.312500
60475	60066	5	0.005051
60475	59459	1	0.001010
60475	60677	27	0.027273
60475	60006	14	0.014141
60475	59783	9	0.009091
60475	60680	6	0.006061
60475	59370	2	0.002020
60475	59755	8	0.008081
60475	60333	19	0.019192
60475	59248	1	0.001010
60475	60360	1	0.001010
60475	59986	9	0.009091
60475	59479	1	0.001010
60475	59764	5	0.005051
60475	59286	1	0.001010
60475	59367	6	0.006061
60475	60122	12	0.012121
60475	59325	1	0.001010
60475	60517	7	0.007071
60477	60256	1	0.007634
60477	59617	1	0.007634
60477	59459	1	0.007634
60477	59783	5	0.038168
60477	60357	129	0.984733
60477	60006	1	0.007634
60477	59367	12	0.091603
60477	59435	7	0.053435
60477	59282	2	0.015267
60477	59312	2	0.015267
60477	60007	1	0.007634
60477	59824	1	0.007634
60477	59444	1	0.007634
60477	59627	1	0.007634
60477	59538	2	0.015267
60477	59590	12	0.091603
60477	59325	2	0.015267
60481	60081	4	0.015936
60481	59886	70	0.278884
60481	60377	4	0.015936
60482	60223	6	0.133333
60483	59716	278	0.965278
60483	59437	1	0.003472
60483	59590	1	0.003472
60483	59367	1	0.003472
60485	60671	1	0.041667
60486	60680	1	0.001488
60486	59370	1	0.001488
60486	59919	1	0.001488
60486	59538	251	0.373512
60486	60248	1	0.001488
60486	59227	8	0.011905
60489	59590	32	0.034520
60489	59367	32	0.034520
60489	59688	48	0.051780
60489	60504	16	0.017260
60489	60019	48	0.051780
60489	59384	16	0.017260
60489	59674	32	0.034520
60490	59313	172	0.656489
60491	60420	1	0.001359
60491	59786	1	0.001359
60491	60683	1	0.001359
60491	59532	6	0.008152
60491	59917	1	0.001359
60491	60559	1	0.001359
60491	59538	4	0.005435
60491	59860	1	0.001359
60491	60058	1	0.001359
60491	59675	1	0.001359
60491	60061	1	0.001359
60491	60703	2	0.002717
60491	60324	1	0.001359
60491	60329	4	0.005435
60491	60076	1	0.001359
60491	59437	1	0.001359
60491	59311	1	0.001359
60491	59312	1	0.001359
60491	60594	1	0.001359
60491	59316	1	0.001359
60491	60210	1	0.001359
60491	59325	1	0.001359
60491	59459	1	0.001359
60491	59220	1	0.001359
60491	59477	1	0.001359
60491	60120	1	0.001359
60491	60377	1	0.001359
60491	59482	1	0.001359
60491	60389	1	0.001359
60491	59751	1	0.001359
60491	59496	1	0.001359
60491	59882	1	0.001359
60491	60141	1	0.001359
60491	59389	1	0.001359
60491	60144	2	0.002717
60491	59505	2	0.002717
60491	59641	1	0.001359
60491	60156	1	0.001359
60491	60413	1	0.001359
60492	59538	2	0.012048
60492	59459	2	0.012048
60492	59789	2	0.012048
60493	59824	3	0.004431
60493	60546	26	0.038405
60493	59590	8	0.011817
60493	60680	6	0.008863
60493	59882	1	0.001477
60493	59343	1713	2.530281
60493	59312	6	0.008863
60493	59538	7	0.010340
60493	59479	1	0.001477
60493	59384	2	0.002954
60493	60223	2	0.002954
60494	59590	1	0.001984
60494	60006	234	0.464286
60494	59367	242	0.480159
60494	60360	1	0.001984
60494	59325	5	0.009921
60494	59370	1	0.001984
60494	59783	4	0.007937
60494	59535	1	0.001984
60494	59216	1	0.001984
60494	59986	4	0.007937
60494	59254	1178	2.337302
60494	60189	1	0.001984
60494	59934	1394	2.765873
60496	60038	6	0.023166
60496	60019	277	1.069498
60496	60388	262	1.011583
60496	59949	269	1.038610
60496	59590	12	0.046332
60497	59513	40	0.851064
60497	60700	80	1.702128
60497	59902	40	0.851064
60497	59590	40	0.851064
60497	59783	1	0.021277
60498	60610	257	0.404088
60498	59427	1	0.001572
60498	59538	384	0.603774
60498	59518	1	0.001572
60498	59131	1	0.001572
60498	60446	1	0.001572
60499	59872	5	0.007112
60499	60609	2	0.002845
60499	59367	2	0.002845
60499	59409	2	0.002845
60500	59960	1	0.002899
60500	59367	2	0.005797
60501	59937	2	0.002237
60501	59459	5	0.005593
60501	59783	1	0.001119
60501	60360	2	0.002237
60501	59367	8	0.008949
60501	59824	2	0.002237
60501	59985	1	0.001119
60501	59384	1	0.001119
60501	60698	3	0.003356
60501	59325	26	0.029083
60501	60223	1	0.001119
60502	59590	1	0.001095
60502	59367	2	0.002191
60502	60594	5	0.005476
60502	59437	1	0.001095
60502	60144	2	0.002191
60502	59538	23	0.025192
60503	60416	2	0.003185
60503	60034	4	0.006369
60503	59783	1	0.001592
60503	60680	50	0.079618
60503	60309	1	0.001592
60503	60444	4	0.006369
60503	60704	4	0.006369
60503	60144	1	0.001592
60503	60329	3	0.004777
60503	59306	6	0.009554
60503	59698	1	0.001592
60503	59707	1	0.001592
60503	59325	8	0.012739
60503	59839	4	0.006369
60503	59459	15	0.023885
60503	59590	4	0.006369
60503	60360	1	0.001592
60503	59855	13	0.020701
60503	59384	10	0.015924
60503	59986	3	0.004777
60503	59860	4	0.006369
60503	59479	18	0.028662
60503	59355	26	0.041401
60503	60128	1	0.001592
60503	59745	18	0.028662
60503	60006	6	0.009554
60503	59367	12	0.019108
60503	59370	1	0.001592
60503	59248	1	0.001592
60503	60533	3	0.004777
60503	59510	1	0.001592
60503	60024	2	0.003185
60503	59381	2	0.003185
60503	59626	1	0.001592
60505	59777	1	0.014085
60505	60157	1	0.014085
60505	60420	1	0.014085
60505	59532	1	0.014085
60505	59917	1	0.014085
60505	60559	1	0.014085
60505	59538	1	0.014085
60505	60567	1	0.014085
60505	60058	1	0.014085
60505	60061	1	0.014085
60505	60324	1	0.014085
60505	60329	1	0.014085
60505	60076	1	0.014085
60505	59437	1	0.014085
60505	59311	1	0.014085
60505	59312	1	0.014085
60505	60210	1	0.014085
60505	59447	20	0.281690
60505	60594	1	0.014085
60505	59220	1	0.014085
60505	59477	1	0.014085
60505	60120	1	0.014085
60505	60377	1	0.014085
60505	59482	1	0.014085
60505	59869	1	0.014085
60505	59751	1	0.014085
60505	59496	1	0.014085
60505	60141	1	0.014085
60505	60270	1	0.014085
60505	59389	1	0.014085
60505	60016	1	0.014085
60505	60156	1	0.014085
60505	60413	1	0.014085
60505	59518	1	0.014085
60506	60006	6	0.009585
60506	59367	17	0.027157
60506	60680	4	0.006390
60506	59783	12	0.019169
60506	60463	5	0.007987
60506	60360	4	0.006390
60506	59986	2	0.003195
60506	59325	16	0.025559
60506	59997	3	0.004792
60507	59993	2	0.006135
60507	59524	4	0.012270
60507	60357	326	1.000000
60511	59538	2	0.002703
60511	59790	6	0.008108
60512	59200	19	0.211111
60512	60006	1	0.011111
60512	59367	14	0.155556
60512	59401	52	0.577778
60512	59783	1	0.011111
60512	59533	42	0.466667
60512	59986	2	0.022222
60512	60596	41	0.455556
60512	59608	4	0.044444
60514	59459	1	0.002433
60514	60100	2	0.004866
60514	60006	7	0.017032
60514	59367	2	0.004866
60514	60360	3	0.007299
60514	60298	127	0.309002
60514	60680	1	0.002433
60514	59411	2	0.004866
60514	59510	1	0.002433
60514	59674	1	0.002433
60514	59355	75	0.182482
60514	60223	2	0.004866
60515	59872	1296	1.948872
60515	60577	7	0.010526
60515	60006	24	0.036090
60515	59367	29	0.043609
60515	60360	3	0.004511
60515	60609	3	0.004511
60515	59783	639	0.960902
60515	59986	13	0.019549
60515	59409	653	0.981955
60515	59154	652	0.980451
60515	60499	3	0.004511
60515	59545	663	0.996992
60515	59997	1	0.001504
60515	60680	2	0.003008
60516	59715	1	0.001033
60516	59367	3	0.003099
60516	60559	4	0.004132
60516	59384	1	0.001033
60516	59727	776	0.801653
60516	60156	1	0.001033
60516	59518	1	0.001033
60516	60031	1	0.001033
60517	59459	4	0.006390
60517	60006	5	0.007987
60517	59367	7	0.011182
60517	59560	4	0.006390
60517	60681	1	0.001597
60517	59370	1	0.001597
60517	59783	15	0.023962
60517	60333	12	0.019169
60517	59469	1	0.001597
60517	59215	1	0.001597
60517	59248	3	0.004792
60517	60177	42	0.067093
60517	59986	9	0.014377
60517	60555	1	0.001597
60517	60680	2	0.003195
60518	59135	2	1.000000
60519	60461	1	0.000515
60519	59405	1	0.000515
60519	59538	7	0.003608
60519	60435	3	0.001546
60519	59325	11	0.005670
60519	60031	3	0.001546
60520	60530	1	0.052632
60520	60107	2	0.105263
60520	59986	1	0.052632
60520	59370	1	0.052632
60520	59367	5	0.263158
60522	60662	11	3.666667
60524	59882	1	0.002421
60524	59538	6	0.014528
60524	59436	1	0.002421
60524	59125	1	0.002421
60524	60141	1	0.002421
60525	59136	1	0.016667
60525	59590	1	0.016667
60525	59751	1	0.016667
60525	59368	2	0.033333
60525	59370	3	0.050000
60525	59783	2	0.033333
60525	59438	1	0.016667
60525	59698	2	0.033333
60525	59271	1	0.016667
60525	59367	4	0.066667
60525	59129	1	0.016667
60525	59869	1	0.016667
60527	60357	1	0.111111
60527	59879	1	0.111111
60528	59208	2	0.153846
60528	59258	1	0.076923
60529	59538	4	0.007782
60529	59685	1	0.001946
60529	60551	36	0.070039
60530	60416	1	0.018182
60530	60673	1	0.018182
60530	60034	2	0.036364
60530	60163	2	0.036364
60530	59783	24	0.436364
60530	60552	2	0.036364
60530	59150	1	0.018182
60530	59538	3	0.054545
60530	60309	1	0.018182
60530	59674	3	0.054545
60530	60444	2	0.036364
60530	60704	1	0.018182
60530	59298	2	0.036364
60530	59306	7	0.127273
60530	60295	1	0.018182
60530	59860	3	0.054545
60530	60079	1	0.018182
60530	60680	6	0.109091
60530	59698	1	0.018182
60530	59626	1	0.018182
60530	59322	6	0.109091
60530	59325	15	0.272727
60530	59839	56	1.018182
60530	59882	1	0.018182
60530	59590	5	0.090909
60530	60360	3	0.054545
60530	59855	2	0.036364
60530	59216	2	0.036364
60530	60024	1	0.018182
60530	59986	3	0.054545
60530	59731	7	0.127273
60530	59348	2	0.036364
60530	59479	70	1.272727
60530	59610	3	0.054545
60530	59355	3	0.054545
60530	60128	1	0.018182
60530	59745	1	0.018182
60530	60006	23	0.418182
60530	59367	38	0.690909
60530	59370	19	0.345455
60530	60144	1	0.018182
60530	60533	1	0.018182
60530	59510	20	0.363636
60530	59384	33	0.600000
60530	60409	30	0.545455
60530	59711	55	1.000000
60530	60157	1	0.018182
60531	60100	4	0.002153
60531	59590	3	0.001615
60531	59367	1	0.000538
60531	60360	2	0.001076
60531	59882	1	0.000538
60531	60551	2	0.001076
60531	59277	4	0.002153
60531	60270	4	0.002153
60531	60157	2	0.001076
60531	60112	1	0.000538
60531	59538	2	0.001076
60531	59125	2	0.001076
60531	59675	4	0.002153
60531	59325	11	0.005920
60531	59518	5	0.002691
60533	60034	4	0.066667
60533	60444	153	2.550000
60533	59510	2	0.033333
60533	59590	1	0.016667
60534	60704	6	0.009091
60534	59442	1	0.001515
60534	60614	1	0.001515
60534	59495	1	0.001515
60534	59752	1	0.001515
60534	59148	15151	22.956061
60534	59538	44	0.066667
60534	59986	1	0.001515
60534	59316	1	0.001515
60534	59125	1	0.001515
60534	59325	5	0.007576
60534	60254	1	0.001515
60535	60034	5	0.005869
60535	59590	2	0.002347
60535	59367	20	0.023474
60535	60652	5	0.005869
60535	60664	852	1.000000
60535	59510	10	0.011737
60535	60376	854	1.002347
60535	60634	4	0.004695
60537	59986	2	0.012422
60538	60019	23	0.958333
60538	60388	23	0.958333
60539	59384	503	1.172494
60539	59858	18	0.041958
60539	59355	982	2.289044
60540	59783	1	0.000587
60543	60680	1	0.076923
60543	60192	1	0.076923
60543	59244	1	0.076923
60543	59997	34	2.615385
60543	59783	1	0.076923
60544	60304	1	0.017544
60544	59882	2	0.035088
60544	59538	20	0.350877
60544	60594	1	0.017544
60545	59997	28	0.183007
60546	59783	2	0.002729
60546	60006	2	0.002729
60546	59590	1	0.001364
60546	59367	3	0.004093
60546	59731	2	0.002729
60546	60235	1	0.001364
60546	60335	1	0.001364
60546	59312	14	0.019100
60546	59986	3	0.004093
60546	59987	1	0.001364
60546	59671	1	0.001364
60546	59608	1	0.001364
60546	60409	1	0.001364
60546	60444	1	0.001364
60546	60223	89	0.121419
60547	59423	1	0.008621
60548	59459	6	0.016349
60548	60357	367	1.000000
60548	59155	3	0.008174
60548	60664	3	0.008174
60548	59518	3	0.008174
60548	60197	3	0.008174
60549	59538	19	0.135714
60550	59715	3	0.003550
60550	60389	1	0.001183
60550	60006	2	0.002367
60550	59370	1	0.001183
60550	60076	2	0.002367
60550	59919	1	0.001183
60550	59312	1	0.001183
60550	59505	2	0.002367
60550	59538	485	0.573964
60550	59459	1	0.001183
60550	59220	1	0.001183
60550	60377	1	0.001183
60550	59535	1	0.001183
60550	59675	1	0.001183
60550	59316	1	0.001183
60550	59482	1	0.001183
60550	59227	476	0.563314
60550	60413	1	0.001183
60550	59125	1	0.001183
60551	59459	1	0.001189
60551	60100	2	0.002378
60551	59308	8	0.009512
60551	59312	1	0.001189
60551	60689	6	0.007134
60551	59538	20	0.023781
60551	59675	2	0.002378
60551	59860	1	0.001189
60551	59384	4	0.004756
60551	59993	2	0.002378
60551	59800	1	0.001189
60551	60377	1	0.001189
60551	60315	3	0.003567
60551	60444	2	0.002378
60551	60664	3	0.003567
60551	59518	3	0.003567
60552	60006	4	0.009281
60552	60360	3	0.006961
60552	59855	65	0.150812
60552	60680	3	0.006961
60552	59479	3	0.006961
60552	60444	4	0.009281
60553	60514	2	0.133333
60553	59494	2	0.133333
60553	60006	2	0.133333
60553	59367	2	0.133333
60553	59496	2	0.133333
60553	59783	1	0.066667
60553	60680	1	0.066667
60553	59986	1	0.066667
60553	59258	2	0.133333
60553	59483	2	0.133333
60554	60664	16	0.131148
60554	60225	2	0.016393
60554	60114	1	0.008197
60554	59986	8	0.065574
60554	59367	7	0.057377
60555	59986	3	0.004552
60555	60006	3	0.004552
60556	59538	30	0.036765
60556	59715	660	0.808824
60558	59590	5	0.004836
60558	59687	3	0.002901
60558	59528	1	0.000967
60558	60108	1	0.000967
60558	59886	3	0.002901
60558	59538	9	0.008704
60559	59937	7	0.015837
60559	60156	1	0.002262
60559	59590	1	0.002262
60559	59367	3	0.006787
60559	60329	1	0.002262
60559	60338	2	0.004525
60559	60444	2	0.004525
60559	59389	1	0.002262
60559	59312	1	0.002262
60559	60113	1	0.002262
60559	59538	1	0.002262
60559	59860	2	0.004525
60559	59675	1	0.002262
60559	60220	1	0.002262
60559	60413	1	0.002262
60560	59538	1	0.013333
60560	59986	6	0.080000
60561	60256	1	0.007634
60561	59617	1	0.007634
60561	59459	1	0.007634
60561	59783	5	0.038168
60561	60357	129	0.984733
60561	60006	1	0.007634
60561	59367	12	0.091603
60561	59435	7	0.053435
60561	59282	2	0.015267
60561	59312	2	0.015267
60561	60007	1	0.007634
60561	59824	1	0.007634
60561	59444	1	0.007634
60561	59627	1	0.007634
60561	59538	2	0.015267
60561	59590	12	0.091603
60561	59325	2	0.015267
60565	59208	4	0.074074
60565	59783	4	0.074074
60565	60006	4	0.074074
60565	59447	4	0.074074
60567	59937	15	0.017986
60567	59459	1	0.001199
60567	60006	1	0.001199
60567	60360	3	0.003597
60567	59882	1	0.001199
60567	59216	1	0.001199
60567	59985	2	0.002398
60567	59538	1	0.001199
60567	59860	2	0.002398
60567	59543	1	0.001199
60567	59384	1	0.001199
60567	60016	4	0.004796
60567	59322	2	0.002398
60567	59325	2	0.002398
60567	60031	726	0.870504
60568	60357	1	0.100000
60570	60225	1	0.004950
60570	60006	1	0.004950
60570	59783	2	0.009901
60570	60360	5	0.024752
60570	59306	1	0.004950
60570	59404	1	0.004950
60570	60141	2	0.009901
60570	59983	146	0.722772
60570	60664	1	0.004950
60570	59986	1	0.004950
60570	59699	9	0.044554
60570	60567	1	0.004950
60570	59960	1	0.004950
60570	59518	1	0.004950
60571	59459	3	0.016129
60571	59783	2	0.010753
60571	60680	1	0.005376
60571	59367	1	0.005376
60571	59500	188	1.010753
60571	59535	2	0.010753
60571	59986	2	0.010753
60571	59731	1	0.005376
60571	60217	5	0.026882
60571	59519	1	0.005376
60573	59521	2	0.046512
60573	60006	3	0.069767
60573	59783	3	0.069767
60573	60680	9	0.209302
60573	59370	2	0.046512
60573	59367	1	0.023256
60573	59357	2	0.046512
60573	59608	1	0.023256
60573	59384	2	0.046512
60573	59355	3	0.069767
60573	59325	1	0.023256
60576	60551	1	1.000000
60577	59459	2	0.004474
60577	60420	226	0.505593
60577	60006	14	0.031320
60577	59367	235	0.525727
60577	59336	450	1.006711
60577	59783	16	0.035794
60577	59986	242	0.541387
60577	59154	923	2.064877
60577	60699	226	0.505593
60577	59837	454	1.015660
60578	60006	1	0.002119
60578	59783	1	0.002119
60578	59208	5	0.010593
60578	60680	1	0.002119
60578	59986	3	0.006356
60578	59258	56	0.118644
60578	59675	17	0.036017
60580	59233	1	0.008772
60580	60611	1	0.008772
60580	60204	1	0.008772
60580	60496	1	0.008772
60580	60145	1	0.008772
60580	60019	116	1.017544
60580	60218	1	0.008772
60580	59203	1	0.008772
60580	59517	1	0.008772
60581	59986	2	0.032258
60581	60179	63	1.016129
60581	59836	62	1.000000
60582	59505	5	0.004085
60582	60626	5	0.004085
60582	60107	3	0.002451
60583	59134	1	0.066667
60584	59157	2	0.105263
60586	59749	1	0.018182
60586	59693	5	0.090909
60586	59766	5	0.090909
60586	59134	9	0.163636
60586	59951	5	0.090909
60587	59896	2	0.042553
60587	60147	1	0.021277
60587	59901	38	0.808511
60588	59533	2	0.400000
60589	60696	427	1.000000
60589	59873	427	1.000000
60589	60524	427	1.000000
60589	60566	427	1.000000
60589	59366	427	1.000000
60591	59401	1	0.032258
60591	59538	5	0.161290
60591	59533	2	0.064516
60591	59325	1	0.032258
60594	59456	1	0.000948
60594	59937	18	0.017062
60594	60034	1	0.000948
60594	59843	1	0.000948
60594	59882	1	0.000948
60594	59437	8	0.007583
60594	59322	3	0.002844
60594	59505	3	0.002844
60594	59538	2	0.001896
60594	59860	2	0.001896
60594	59513	1	0.000948
60594	59384	11	0.010427
60594	59220	1	0.000948
60594	59610	2	0.001896
60594	59675	1	0.000948
60594	60444	1	0.000948
60594	59325	6	0.005687
60595	60416	2	0.003854
60595	60704	2	0.003854
60595	59810	327	0.630058
60595	59585	2	0.003854
60595	60006	2	0.003854
60595	59783	6	0.011561
60595	60680	8	0.015414
60595	59306	4	0.007707
60595	59367	6	0.011561
60595	60333	10	0.019268
60595	59986	22	0.042389
60597	59538	727	1.118462
60598	60368	1	0.005181
60598	59442	5	0.025907
60601	59154	3	0.428571
60602	60097	1	0.002463
60602	59459	10	0.024631
60602	59783	4	0.009852
60602	59243	2	0.004926
60602	60594	2	0.004926
60602	60311	2	0.004926
60602	59384	2	0.004926
60602	59355	6	0.014778
60606	59544	1567	68.130435
60606	59416	46	2.000000
60606	60018	23	1.000000
60607	59144	12	0.428571
60607	60215	11	0.392857
60608	59203	96	0.979592
60609	59409	6	0.020833
60609	59538	1	0.003472
60609	59590	1	0.003472
60609	59367	1	0.003472
60611	59131	3	0.009740
60611	59590	3	0.009740
60611	59367	3	0.009740
60611	60680	3	0.009740
60611	59986	3	0.009740
60611	60019	311	1.009740
60611	59798	3	0.009740
60611	60120	3	0.009740
60611	59674	9	0.029221
60611	59355	6	0.019481
60612	60495	3	0.006757
60612	59538	9	0.020270
60612	59125	1	0.002252
60612	60248	1	0.002252
60612	59836	1	0.002252
60612	59325	5	0.011261
60614	59905	8	0.013008
60614	59367	8	0.013008
60614	60680	8	0.013008
60614	60428	8	0.013008
60614	59373	8	0.013008
60614	59442	8	0.013008
60615	60673	1	0.000671
60615	59459	3	0.002013
60615	59590	1	0.000671
60615	59367	1	0.000671
60615	59370	2	0.001342
60615	60043	6	0.004027
60615	59405	1	0.000671
60615	60144	5	0.003356
60615	59538	40	0.026846
60615	59316	1	0.000671
60615	59125	2	0.001342
60615	59384	5	0.003356
60615	59325	3	0.002013
60615	59614	4	0.002685
60616	59972	83	0.830000
60618	59300	3	0.005415
60618	60006	10	0.018051
60618	59367	45	0.081227
60618	59783	23	0.041516
60618	59986	3	0.005415
60618	59442	24	0.043321
60618	59325	1	0.001805
60620	60165	50	2.000000
60620	59951	618	24.720000
60622	59459	1	0.008621
60622	59783	2	0.017241
60622	59370	1	0.008621
60622	59823	1	0.008621
60622	60630	3	0.025862
60622	59325	1	0.008621
60625	59384	1	0.023256
60625	60540	2	0.046512
60625	59941	3	0.069767
60626	59937	12	0.010230
60626	59783	3	0.002558
60626	59882	2	0.001705
60626	59538	1	0.000853
60626	59220	3	0.002558
60626	59384	6	0.005115
60626	59860	2	0.001705
60626	59674	5	0.004263
60626	59325	2	0.001705
60626	59518	1	0.000853
60627	60006	4	0.081633
60627	60630	4	0.081633
60629	59744	2	0.285714
60630	60416	2	0.001951
60630	59783	20	0.019512
60630	60680	6	0.005854
60630	59538	2	0.001951
60630	60704	7	0.006829
60630	59937	9	0.008780
60630	59822	28	0.027317
60630	59823	2	0.001951
60630	60594	5	0.004878
60630	60472	2	0.001951
60630	59325	78	0.076098
60630	59711	1	0.000976
60630	59459	22	0.021463
60630	59590	2	0.001951
60630	59809	1	0.000976
60630	60360	8	0.007805
60630	59466	15	0.014634
60630	60622	24	0.023415
60630	59986	15	0.014634
60630	60627	2	0.001951
60630	59479	8	0.007805
60630	59355	33	0.032195
60630	60006	8	0.007805
60630	59367	734	0.716098
60630	59370	9	0.008780
60630	60029	2	0.001951
60630	59510	4	0.003902
60630	59384	4	0.003902
60630	60409	2	0.001951
60630	59839	1	0.000976
60630	60413	1	0.000976
60630	60542	4	0.003902
60631	59190	3	0.038961
60632	59897	1	0.012658
60632	59986	1	0.012658
60632	60124	22	0.278481
60632	59401	3	0.037975
60633	60076	1	0.002681
60633	60114	262	0.702413
60633	59538	19	0.050938
60633	59860	1	0.002681
60633	59384	1	0.002681
60633	59994	1	0.002681
60633	60062	324	0.868633
60634	60225	19	0.012701
60634	59459	1	0.000668
60634	60357	1493	0.997995
60634	59590	8	0.005348
60634	59937	1	0.000668
60634	59304	1	0.000668
60634	59538	5	0.003342
60634	60664	1	0.000668
60634	59325	3	0.002005
60635	59713	2	0.030769
60638	60336	1	0.002410
60638	60006	1	0.002410
60638	60360	1	0.002410
60638	59248	1	0.002410
60638	59986	1	0.002410
60638	59381	1	0.002410
60638	59355	1	0.002410
60638	59196	1	0.002410
60639	60006	2	0.010753
60639	59367	2	0.010753
60639	60172	2	0.010753
60639	59917	2	0.010753
60639	60430	3	0.016129
60639	59824	2	0.010753
60639	60050	1	0.005376
60642	60422	6	0.018405
60642	59783	3	0.009202
60642	60680	3	0.009202
60642	60043	3	0.009202
60642	59916	3	0.009202
60642	59538	6	0.018405
60642	59674	3	0.009202
60642	59937	3	0.009202
60642	60198	6	0.018405
60642	59948	25	0.076687
60642	60333	6	0.018405
60642	60462	3	0.009202
60642	59316	3	0.009202
60642	59325	6	0.018405
60642	60353	3	0.009202
60642	59590	6	0.018405
60642	60232	3	0.009202
60642	60489	3	0.009202
60642	59607	6	0.018405
60642	60122	3	0.009202
60642	60388	39	0.119632
60642	59621	3	0.009202
60642	59248	6	0.018405
60642	60019	27	0.082822
60642	59510	12	0.036810
60642	59383	3	0.009202
60642	59384	9	0.027607
60646	60189	2	1.000000
60647	59986	6	0.001384
60647	59421	13	0.002998
60647	59367	1	0.000231
60648	60006	2	0.037037
60650	60662	121	0.806667
60651	60128	1	0.000214
60651	59674	1	0.000214
60651	59355	4	0.000858
60651	60006	14	0.003002
60651	59367	2	0.000429
60651	59946	1	0.000214
60651	59783	1	0.000214
60651	59629	1	0.000214
60651	59325	10	0.002144
60651	60530	1	0.000214
60651	59459	3	0.000643
60651	60026	1	0.000214
60651	60027	2	0.000429
60651	60189	2	0.000429
60651	60734	1	0.000214
60651	59743	2	0.000429
60652	60420	1	0.000670
60652	59590	12	0.008043
60652	59325	2	0.001340
60652	59535	2	0.001340
60652	59538	1	0.000670
60652	59510	1	0.000670
60652	59997	4	0.002681
60653	60704	1	0.016667
60653	60006	2	0.033333
60653	59367	2	0.033333
60653	60680	1	0.016667
60653	60716	3	0.050000
60653	59986	3	0.050000
60653	60424	1	0.016667
60653	59442	12	0.200000
60653	60147	1	0.016667
60653	59892	1	0.016667
60653	59932	2	0.033333
60653	60702	1	0.016667
60656	59538	4	0.007797
60656	60388	3	0.005848
60657	59367	1	0.022727
60658	60089	27	0.931034
60658	59986	8	0.275862
60658	60006	1	0.034483
60658	59367	5	0.172414
60659	60019	9	1.285714
60661	60072	5	0.192308
60661	59986	1	0.038462
60661	59220	1	0.038462
60661	60413	1	0.038462
60662	60674	4	0.093023
60662	60680	24	0.558140
60662	59292	4	0.093023
60662	60429	4	0.093023
60662	59285	4	0.093023
60662	59800	5	0.116279
60662	59420	4	0.093023
60662	60457	4	0.093023
60662	60206	4	0.093023
60662	60616	4	0.093023
60662	59189	7	0.162791
60662	60215	4	0.093023
60662	60220	4	0.093023
60662	59714	5	0.116279
60662	59206	4	0.093023
60662	59976	4	0.093023
60662	60364	4	0.093023
60662	59852	4	0.093023
60662	59277	5	0.116279
60662	59600	4	0.093023
60662	60522	4	0.093023
60662	60119	4	0.093023
60662	60255	4	0.093023
60662	60129	4	0.093023
60662	60002	4	0.093023
60662	60650	4	0.093023
60662	59761	4	0.093023
60662	60022	4	0.093023
60662	59769	4	0.093023
60662	59644	4	0.093023
60662	59261	4	0.093023
60663	59459	1	1.000000
60663	59699	1	1.000000
60664	60416	29	0.054511
60664	59243	5	0.009398
60664	59524	5	0.009398
60664	60038	1	0.001880
60664	59783	7	0.013158
60664	60680	16	0.030075
60664	59276	1	0.001880
60664	59789	1	0.001880
60664	59790	20	0.037594
60664	59919	1	0.001880
60664	59143	1	0.001880
60664	59538	4	0.007519
60664	59411	2	0.003759
60664	59396	36	0.067669
60664	59674	3	0.005639
60664	59675	41	0.077068
60664	60063	1	0.001880
60664	60704	2	0.003759
60664	59937	12	0.022556
60664	59304	57	0.107143
60664	60295	2	0.003759
60664	59308	1	0.001880
60664	59144	2	0.003759
60664	59316	1	0.001880
60664	60099	1	0.001880
60664	59960	1	0.001880
60664	59322	1	0.001880
60664	59325	160	0.300752
60664	59839	2	0.003759
60664	59456	1	0.001880
60664	60225	133	0.250000
60664	59586	29	0.054511
60664	59459	5	0.009398
60664	60100	1	0.001880
60664	59985	108	0.203008
60664	59986	5	0.009398
60664	59220	1	0.001880
60664	60501	1	0.001880
60664	59479	1	0.001880
60664	60376	65	0.122180
60664	59993	182	0.342105
60664	60634	5	0.009398
60664	59355	14	0.026316
60664	60128	1	0.001880
60664	60027	1	0.001880
60664	60006	4	0.007519
60664	59367	25	0.046992
60664	60651	13	0.024436
60664	59155	6	0.011278
60664	59518	1	0.001880
60664	60022	1	0.001880
60664	59384	7	0.013158
60664	60409	1	0.001880
60664	59771	85	0.159774
60664	59134	1	0.001880
60665	59257	1	0.010204
60665	59380	3	0.030612
60665	59325	1	0.010204
60665	59590	1	0.010204
60666	60189	5	1.000000
60666	59479	2	0.400000
60667	60711	4	1.000000
60668	59441	1	0.047619
60668	59437	1	0.047619
60670	60144	1	0.001309
60670	59227	2	0.002618
60670	60551	2	0.002618
60670	60523	2	0.002618
60670	59728	2	0.002618
60670	60244	2	0.002618
60670	59993	2	0.002618
60670	60315	2	0.002618
60670	59743	2	0.002618
60671	59809	1	0.001880
60671	59538	1	0.001880
60671	59882	1	0.001880
60673	59248	1	0.012346
60673	59532	1	0.012346
60673	59370	165	2.037037
60673	60076	1	0.012346
60673	59482	1	0.012346
60674	59137	6	0.003448
60674	59227	2	0.001149
60674	60100	9	0.005172
60674	59590	2	0.001149
60674	59367	6	0.003448
60674	59370	2	0.001149
60674	60270	6	0.003448
60674	59411	2	0.001149
60674	60662	32	0.018391
60674	59384	1	0.000575
60674	60250	2	0.001149
60674	60091	2	0.001149
60674	59518	1	0.000575
60675	60256	1	0.007634
60675	59617	1	0.007634
60675	59459	1	0.007634
60675	59783	5	0.038168
60675	60357	129	0.984733
60675	60006	1	0.007634
60675	59367	12	0.091603
60675	59435	7	0.053435
60675	59282	2	0.015267
60675	59312	2	0.015267
60675	60007	1	0.007634
60675	59824	1	0.007634
60675	59444	1	0.007634
60675	59627	1	0.007634
60675	59538	2	0.015267
60675	59590	12	0.091603
60675	59325	2	0.015267
60676	60100	127	1.984375
60676	59783	64	1.000000
60676	60680	63	0.984375
60676	59306	63	0.984375
60676	59367	1	0.015625
60676	59535	1	0.015625
60676	60273	64	1.000000
60676	59986	4	0.062500
60676	59285	126	1.968750
60677	60420	1	0.000471
60677	60680	2	0.000943
60677	59786	1	0.000471
60677	59532	1	0.000471
60677	59405	2	0.000943
60677	59535	2	0.000943
60677	59408	7	0.003299
60677	59538	30	0.014138
60677	59286	1	0.000471
60677	60567	1	0.000471
60677	59675	1	0.000471
60677	60444	1	0.000471
60677	59482	1	0.000471
60677	60704	3	0.001414
60677	60324	1	0.000471
60677	59304	1	0.000471
60677	60076	2	0.000943
60677	60333	5	0.002356
60677	59312	12	0.005655
60677	59370	1	0.000471
60677	60594	1	0.000471
60677	60475	2108	0.993402
60677	59325	72	0.033930
60677	60357	1	0.000471
60677	59590	7	0.003299
60677	60363	2	0.000943
60677	59986	3	0.001414
60677	59220	2	0.000943
60677	60377	17	0.008011
60677	60122	15	0.007069
60677	60559	1	0.000471
60677	60388	1	0.000471
60677	60389	1	0.000471
60677	60006	1	0.000471
60677	59367	5	0.002356
60677	59496	1	0.000471
60677	59882	2	0.000943
60677	59755	1	0.000471
60677	60141	1	0.000471
60677	60270	4	0.001885
60677	60144	4	0.001885
60677	60019	2	0.000943
60677	59764	1	0.000471
60677	59510	1	0.000471
60677	59384	1	0.000471
60677	59437	1	0.000471
60677	60413	2	0.000943
60680	60416	16	0.011791
60680	59393	1	0.000737
60680	60422	2	0.001474
60680	60424	1	0.000737
60680	60425	2	0.001474
60680	59914	1	0.000737
60680	59991	1	0.000737
60680	59918	2	0.001474
60680	59919	3	0.002211
60680	59920	2	0.001474
60680	60440	2	0.001474
60680	59417	1	0.000737
60680	60444	4	0.002948
60680	60446	2	0.001474
60680	59937	8	0.005895
60680	60451	1	0.000737
60680	60678	1	0.000737
60680	59430	1	0.000737
60680	59740	1	0.000737
60680	59655	1	0.000737
60680	59948	2	0.001474
60680	60461	3	0.002211
60680	60462	1	0.000737
60680	59442	3	0.002211
60680	60469	1	0.000737
60680	60470	1	0.000737
60680	59401	1	0.000737
60680	59960	1	0.000737
60680	60475	3	0.002211
60680	59402	1	0.000737
60680	59456	1	0.000737
60680	60482	8	0.005895
60680	60483	1	0.000737
60680	59977	1	0.000737
60680	59468	3	0.002211
60680	59469	3	0.002211
60680	59983	1	0.000737
60680	59472	1	0.000737
60680	59986	98	0.072218
60680	59477	2	0.001474
60680	59479	4	0.002948
60680	59488	1	0.000737
60680	59214	1	0.000737
60680	60517	1	0.000737
60680	60006	19	0.014001
60680	59495	1	0.000737
60680	59502	2	0.001474
60680	59504	1	0.000737
60680	60019	1	0.000737
60680	60533	2	0.001474
60680	59510	6	0.004422
60680	60024	2	0.001474
60680	59513	1	0.000737
60680	59521	1	0.000737
60680	60034	7	0.005158
60680	59755	1	0.000737
60680	59670	1	0.000737
60680	60038	24	0.017686
60680	60050	2	0.001474
60680	59530	1	0.000737
60680	60555	1	0.000737
60680	60046	1	0.000737
60680	59535	1	0.000737
60680	60560	1	0.000737
60680	59538	4	0.002948
60680	60053	1	0.000737
60680	60570	1	0.000737
60680	60059	1	0.000737
60680	59552	1	0.000737
60680	60066	2	0.001474
60680	59560	1	0.000737
60680	59847	1	0.000737
60680	60079	5	0.003685
60680	60081	1	0.000737
60680	60595	1	0.000737
60680	60598	1	0.000737
60680	60602	1	0.000737
60680	60091	1	0.000737
60680	60615	1	0.000737
60680	59583	1	0.000737
60680	59585	1	0.000737
60680	60099	1	0.000737
60680	60100	2	0.001474
60680	60101	1	0.000737
60680	59590	7	0.005158
60680	60103	3	0.002211
60680	60138	1	0.000737
60680	60110	2	0.001474
60680	59601	1	0.000737
60680	59939	1	0.000737
60680	60630	1	0.000737
60680	59607	2	0.001474
60680	59608	6	0.004422
60680	60122	1	0.000737
60680	60123	1	0.000737
60680	59614	3	0.002211
60680	60639	2	0.001474
60680	60128	2	0.001474
60680	60130	3	0.002211
60680	60132	1	0.000737
60680	59621	1	0.000737
60680	59626	2	0.001474
60680	60652	1	0.000737
60680	59355	1	0.000737
60680	60144	4	0.002948
60680	59812	1	0.000737
60680	60147	1	0.000737
60680	60157	4	0.002948
60680	59647	4	0.002948
60680	60673	4	0.002948
60680	60163	2	0.001474
60680	60677	2	0.001474
60680	59654	1	0.000737
60680	59143	2	0.001474
60680	60681	2	0.001474
60680	59148	1	0.000737
60680	60174	1	0.000737
60680	60177	3	0.002211
60680	60694	2	0.001474
60680	60184	3	0.002211
60680	59674	3	0.002211
60680	59675	1	0.000737
60680	59165	2	0.001474
60680	60702	2	0.001474
60680	60703	1	0.000737
60680	60704	5	0.003685
60680	60193	1	0.000737
60680	60707	2	0.001474
60680	60196	8	0.005895
60680	60198	1	0.000737
60680	60295	1	0.000737
60680	59694	1	0.000737
60680	59696	1	0.000737
60680	59698	2	0.001474
60680	59699	3	0.002211
60680	59703	1	0.000737
60680	59705	4	0.002948
60680	59707	2	0.001474
60680	59196	2	0.001474
60680	60223	9	0.006632
60680	60226	1	0.000737
60680	60043	1	0.000737
60680	59716	1	0.000737
60680	60229	1	0.000737
60680	60233	1	0.000737
60680	60235	8	0.005895
60680	59726	1	0.000737
60680	59215	4	0.002948
60680	59729	1	0.000737
60680	59219	1	0.000737
60680	60247	1	0.000737
60680	60250	1	0.000737
60680	60251	3	0.002211
60680	60252	1	0.000737
60680	60254	1	0.000737
60680	59235	1	0.000737
60680	60260	1	0.000737
60680	59752	1	0.000737
60680	59754	2	0.001474
60680	59243	1	0.000737
60680	59757	1	0.000737
60680	60271	1	0.000737
60680	59248	8	0.005895
60680	59764	2	0.001474
60680	59370	95	0.070007
60680	60292	1	0.000737
60680	59783	8	0.005895
60680	59274	2	0.001474
60680	59789	2	0.001474
60680	59790	1	0.000737
60680	59373	1	0.000737
60680	59793	2	0.001474
60680	59459	3	0.002211
60680	59796	1	0.000737
60680	60309	2	0.001474
60680	60318	2	0.001474
60680	60321	1	0.000737
60680	60324	1	0.000737
60680	59303	1	0.000737
60680	60329	3	0.002211
60680	59306	4	0.002948
60680	59308	1	0.000737
60680	60333	5	0.003685
60680	59316	6	0.004422
60680	60345	3	0.002211
60680	59322	11	0.008106
60680	59323	1	0.000737
60680	59325	102	0.075166
60680	59839	2	0.001474
60680	60353	1	0.000737
60680	59332	1	0.000737
60680	60358	2	0.001474
60680	60359	1	0.000737
60680	60360	9	0.006632
60680	60407	1	0.000737
60680	59227	1	0.000737
60680	59855	7	0.005158
60680	60368	1	0.000737
60680	59857	1	0.000737
60680	59858	2	0.001474
60680	60371	1	0.000737
60680	59348	2	0.001474
60680	60373	2	0.001474
60680	59300	1	0.000737
60680	59867	1	0.000737
60680	59868	1	0.000737
60680	60383	1	0.000737
60680	60388	1	0.000737
60680	60389	1	0.000737
60680	59367	68	0.050111
60680	59882	2	0.001474
60680	59474	1	0.000737
60680	59731	1	0.000737
60680	59381	3	0.002211
60680	60406	1	0.000737
60680	59383	1	0.000737
60680	59384	22	0.016212
60680	60409	8	0.005895
60680	59818	1	0.000737
60681	60555	3	0.005111
60681	60388	3	0.005111
60681	60517	5	0.008518
60681	59367	6	0.010221
60681	59560	3	0.005111
60681	59306	4	0.006814
60681	59783	27	0.045997
60681	60333	51	0.086882
60681	59469	3	0.005111
60681	59248	11	0.018739
60681	60177	3	0.005111
60681	59986	27	0.045997
60681	59891	3	0.005111
60681	59370	3	0.005111
60681	60680	6	0.010221
60682	59538	3	0.750000
60682	60019	6	1.500000
60683	60703	4	0.030075
60687	59211	1	0.040000
60687	60484	1	0.040000
60687	60390	1	0.040000
60687	60230	1	0.040000
60687	59399	1	0.040000
60687	60520	1	0.040000
60687	60391	1	0.040000
60687	59599	1	0.040000
60687	60148	1	0.040000
60687	59860	1	0.040000
60687	59388	1	0.040000
60687	60029	1	0.040000
60687	59998	1	0.040000
60687	60107	1	0.040000
60689	59367	2	0.014493
60689	60551	4	0.028986
60690	59590	4	0.003490
60690	60626	2	0.001745
60690	59882	1	0.000873
60690	59372	1176	1.026178
60690	60594	3	0.002618
60690	59370	1	0.000873
60690	59538	3	0.002618
60690	59860	1	0.000873
60690	59125	1	0.000873
60690	60278	1176	1.026178
60690	59513	1	0.000873
60690	60444	1	0.000873
60690	60413	1	0.000873
60693	59488	369	1.002717
60693	59977	369	1.002717
60693	60019	372	1.010870
60693	59764	369	1.002717
60693	60694	369	1.002717
60694	59488	2	0.001509
60694	60416	2	0.001509
60694	60006	3	0.002264
60694	59783	5	0.003774
60694	59977	6	0.004528
60694	60333	12	0.009057
60694	59408	2	0.001509
60694	59986	4	0.003019
60694	59325	6	0.004528
60694	59248	30	0.022642
60696	59367	2	0.002825
60696	59882	1	0.001412
60696	60144	2	0.002825
60696	59505	1	0.001412
60696	59538	8	0.011299
60696	59860	1	0.001412
60696	60444	165	0.233051
60697	60034	2	0.000436
60697	60547	18	0.003923
60697	59783	4	0.000872
60697	60552	2	0.000436
60697	59669	6	0.001308
60697	59674	3	0.000654
60697	60444	1	0.000218
60697	60714	2	0.000436
60697	60460	3	0.000654
60697	59325	10	0.002180
60697	59582	1	0.000218
60697	59711	1	0.000218
60697	59840	4	0.000872
60697	59459	6	0.001308
60697	59590	1	0.000218
60697	60360	3	0.000654
60697	60363	1	0.000218
60697	59986	1	0.000218
60697	59731	3	0.000654
60697	59220	3	0.000654
60697	59479	8	0.001744
60697	59608	1	0.000218
60697	59355	48	0.010462
60697	60006	4	0.000872
60697	59367	5	0.001090
60697	60626	1	0.000218
60697	59889	3	0.000654
60697	59384	6	0.001308
60697	60409	1	0.000218
60697	59839	1	0.000218
60699	60704	5	0.005945
60699	60577	7	0.008323
60699	60420	1	0.001189
60699	60006	5	0.005945
60699	59367	5	0.005945
60699	59336	500	0.594530
60699	59986	7	0.008323
60699	60680	5	0.005945
60699	59154	553	0.657551
60699	59837	923	1.097503
60700	60497	3	0.003517
60700	59538	10	0.011723
60700	59325	2	0.002345
60700	59513	1	0.001172
60701	59902	3	0.029703
60701	59599	3	0.029703
60702	60704	1	0.001468
60702	59713	2	0.002937
60702	60324	1	0.001468
60702	60530	2	0.002937
60702	60006	63	0.092511
60702	59367	16	0.023495
60702	60680	13	0.019090
60702	59306	2	0.002937
60702	59783	24	0.035242
60702	59442	45	0.066079
60702	59245	2	0.002937
60702	59986	18	0.026432
60702	59325	1	0.001468
60703	60704	1	0.003067
60703	59459	5	0.015337
60703	59558	2	0.006135
60703	59176	2	0.006135
60703	60683	2	0.006135
60703	60045	2	0.006135
60703	59470	2	0.006135
60703	59674	1	0.003067
60703	59355	4	0.012270
60704	59456	1	0.008065
60704	60034	4	0.032258
60704	59459	6	0.048387
60704	59590	1	0.008065
60704	60006	4	0.032258
60704	59367	7	0.056452
60704	60360	2	0.016129
60704	59306	2	0.016129
60704	59143	9	0.072581
60704	60514	2	0.016129
60704	59731	1	0.008065
60704	60419	2	0.016129
60704	59479	7	0.056452
60704	59608	1	0.008065
60704	59129	1	0.008065
60704	59325	23	0.185484
60705	59783	9	0.013043
60705	60680	3	0.004348
60705	59367	12	0.017391
60705	59983	3	0.004348
60705	59248	33	0.047826
60705	59986	15	0.021739
60705	59607	3	0.004348
60707	59660	1	0.002801
60709	60003	5	0.131579
60709	59367	5	0.131579
60710	59154	20	1.000000
60710	59783	7	0.350000
60711	60360	1	0.004202
60711	59505	1	0.004202
60711	60330	2	0.008403
60711	60667	5	0.021008
60711	59860	1	0.004202
60712	59459	3	0.006250
60712	60388	480	1.000000
60712	59590	6	0.012500
60712	60038	3	0.006250
60712	59783	4	0.008333
60712	60019	963	2.006250
60712	59158	7	0.014583
60713	60416	3	0.004862
60713	60034	6	0.009724
60713	60163	1	0.001621
60713	59783	5	0.008104
60713	60680	47	0.076175
60713	59401	1	0.001621
60713	59479	18	0.029173
60713	59535	1	0.001621
60713	60174	1	0.001621
60713	59919	1	0.001621
60713	59538	2	0.003241
60713	60309	2	0.003241
60713	59860	2	0.003241
60713	60697	1	0.001621
60713	60444	6	0.009724
60713	60533	3	0.004862
60713	60704	10	0.016207
60713	59248	3	0.004862
60713	60578	1	0.001621
60713	59745	12	0.019449
60713	60329	6	0.009724
60713	59306	11	0.017828
60713	59308	1	0.001621
60713	59442	1	0.001621
60713	60079	1	0.001621
60713	59312	1	0.001621
60713	59809	1	0.001621
60713	59698	2	0.003241
60713	59699	1	0.001621
60713	59937	1	0.001621
60713	59322	6	0.009724
60713	59707	2	0.003241
60713	59196	1	0.001621
60713	59325	11	0.017828
60713	59839	5	0.008104
60713	59840	1	0.001621
60713	59552	1	0.001621
60713	59459	18	0.029173
60713	60100	1	0.001621
60713	59590	4	0.006483
60713	60193	1	0.001621
60713	60360	6	0.009724
60713	60076	1	0.001621
60713	59729	1	0.001621
60713	59855	12	0.019449
60713	59384	15	0.024311
60713	59986	5	0.008104
60713	59731	1	0.001621
60713	59220	1	0.001621
60713	59861	1	0.001621
60713	60503	542	0.878444
60713	60377	1	0.001621
60713	59355	31	0.050243
60713	60128	2	0.003241
60713	60001	1	0.001621
60713	60006	11	0.017828
60713	59367	33	0.053485
60713	59626	2	0.003241
60713	60114	1	0.001621
60713	60413	3	0.004862
60713	60144	3	0.004862
60713	59223	1	0.001621
60713	59381	7	0.011345
60713	59510	3	0.004862
60713	59513	1	0.001621
60713	60024	4	0.006483
60713	60409	2	0.003241
60713	60223	1	0.001621
60713	59370	2	0.003241
60713	59134	1	0.001621
60714	59840	4	0.005714
60714	60259	1	0.001429
60714	60680	3	0.004286
60714	59538	12	0.017143
60714	59889	2	0.002857
60714	59986	3	0.004286
60714	59220	2	0.002857
60714	59384	2	0.002857
60714	60377	1	0.001429
60715	59538	2	0.042553
60716	59713	4	0.001597
60716	59459	2	0.000799
60716	60324	4	0.001597
60716	60006	4	0.001597
60716	59367	6	0.002396
60716	59912	20	0.007987
60716	59881	54	0.021565
60716	59783	6	0.002396
60716	60653	16	0.006390
60716	60559	1	0.000399
60716	59442	73	0.029153
60716	60147	4	0.001597
60716	59986	24	0.009585
60716	59477	1	0.000399
60716	59384	2	0.000799
60716	60420	1	0.000399
60716	60079	1	0.000399
60716	60444	1	0.000399
60716	59389	1	0.000399
60717	60680	330	0.996979
60717	59538	2	0.006042
60718	59459	1	0.003215
60718	60550	1	0.003215
60718	59309	1	0.003215
60718	60144	6	0.019293
60718	59538	2	0.006431
60718	59571	52	0.167203
60718	59710	1	0.003215
60721	59538	133	0.441860
60721	59886	133	0.441860
60722	59538	1	0.028571
60722	59998	1	0.028571
60724	59986	3	0.036145
60724	59502	1	0.012048
60724	59367	9	0.108434
60725	59299	1	0.009615
60725	60230	1	0.009615
60725	60680	3	0.028846
60725	59599	1	0.009615
60725	59674	2	0.019231
60725	59355	1	0.009615
60725	59902	5	0.048077
60728	60680	2	0.027778
60728	59905	1	0.013889
60728	59740	1	0.013889
60728	59855	1	0.013889
60730	59200	2	0.009852
60730	59459	2	0.009852
60730	59590	1	0.004926
60730	59538	10	0.049261
60730	60147	1	0.004926
60730	60596	2	0.009852
60730	60377	1	0.004926
60732	60006	4	0.006645
60732	59783	3	0.004983
60732	60680	3	0.004983
60732	59370	1	0.001661
60732	59367	6	0.009967
60732	59985	5	0.008306
60732	59986	1	0.001661
60732	59384	1	0.001661
60732	59543	3	0.004983
60732	59352	1	0.001661
60732	60409	224	0.372093
60732	59643	9	0.014950
60732	59306	2	0.003322
60733	59865	3	0.083333
60733	59986	4	0.111111
60733	60076	1	0.027778
60736	59201	131	1.119658
60736	59459	2	0.017094
60736	60391	9898	84.598291
60736	59538	39	0.333333
60736	59220	3	0.025641
60736	60697	1	0.008547
60737	59986	1	0.041667
60737	59367	1	0.041667
59123	59976	208	0.444444
59123	59223	206	0.440171
59123	60015	206	0.440171
59125	59538	6	0.051724
59126	60144	1	0.000978
59126	59496	1	0.000978
59126	59538	455	0.444770
59126	60514	5	0.004888
59129	59459	3	0.011236
59129	59367	1	0.003745
59129	59368	1	0.003745
59129	59370	2	0.007491
59129	60237	1	0.003745
59129	59698	1	0.003745
59131	59590	2	0.002911
59131	59367	4	0.005822
59131	60120	1	0.001456
59131	59538	8	0.011645
59131	59798	4	0.005822
59131	59384	1	0.001456
59131	59325	1	0.001456
59132	59902	2	0.062500
59132	59783	2	0.062500
59134	60421	1	0.004739
59134	60680	3	0.014218
59134	59918	2	0.009479
59134	60175	1	0.004739
59134	59793	2	0.009479
59134	59333	1	0.004739
59134	59937	3	0.014218
59134	60586	17	0.080569
59134	59693	8	0.037915
59134	59312	1	0.004739
59134	59325	15	0.071090
59134	59459	1	0.004739
59134	59766	1	0.004739
59134	59597	1	0.004739
59134	60369	1	0.004739
59134	59986	1	0.004739
59134	59731	2	0.009479
59134	59613	1	0.004739
59134	60001	2	0.009479
59134	59875	1	0.004739
59134	60006	2	0.009479
59134	59367	20	0.094787
59134	59370	1	0.004739
59134	59510	2	0.009479
59135	60076	7	0.012216
59135	59869	7	0.012216
59135	60518	26	0.045375
59136	59674	2	0.054054
59136	59459	4	0.108108
59136	59355	4	0.108108
59137	60674	5	0.017857
59137	59459	2	0.007143
59137	60100	1	0.003571
59137	60091	1	0.003571
59137	59538	1	0.003571
59137	60270	8	0.028571
59137	59986	2	0.007143
59137	60531	1	0.003571
59137	60250	1	0.003571
59137	59675	8	0.028571
59137	59325	1	0.003571
59137	59518	2	0.007143
59140	59940	1	0.333333
59141	59154	4	0.571429
59141	59687	1	0.142857
59144	60416	3	0.002532
59144	59937	4	0.003376
59144	59906	2	0.001688
59144	59459	4	0.003376
59144	60662	6	0.005063
59144	60022	1196	1.009283
59144	60006	12	0.010127
59144	59783	18	0.015190
59144	60680	4	0.003376
59144	60650	6	0.005063
59144	59367	54	0.045570
59144	59370	5	0.004219
59144	59325	37	0.031224
59144	59384	2	0.001688
59144	59986	11	0.009283
59144	59699	4	0.003376
59144	59510	3	0.002532
59144	59608	2	0.001688
59144	59355	9	0.007595
59144	60234	4	0.003376
59144	60607	2	0.001688
59147	59538	1	0.001437
59147	59619	637	0.915230
59147	60444	1	0.001437
59147	59325	4	0.005747
59147	59590	1	0.001437
59148	60704	4	0.004802
59148	60614	1	0.001200
59148	59495	1	0.001200
59148	59752	1	0.001200
59148	59442	1	0.001200
59148	59538	47	0.056423
59148	59316	1	0.001200
59148	59325	5	0.006002
59148	60254	1	0.001200
59148	59986	1	0.001200
59149	60630	1	0.034483
59149	59367	1	0.034483
59151	59355	1	0.000233
59151	60449	1	0.000233
59151	60080	2	0.000466
59151	59459	27	0.006292
59151	59590	1	0.000233
59151	59367	2	0.000466
59151	60360	7416	1.728268
59151	59783	1	0.000233
59151	59532	3	0.000699
59151	59502	2	0.000466
59151	59535	2	0.000466
59151	59312	1	0.000233
59151	60680	1	0.000233
59151	59538	45	0.010487
59151	59125	8	0.001864
59151	60144	7	0.001631
59151	60377	1	0.000233
59151	59675	1	0.000233
59151	60444	7	0.001631
59151	59325	19	0.004428
59151	59550	1	0.000233
59152	60226	1	0.001129
59152	60101	1	0.001129
59152	59654	1	0.001129
59152	59367	2	0.002257
59152	59694	1	0.001129
59152	60081	2	0.002257
59152	60371	1	0.001129
59153	60360	2	0.024691
59153	59227	79	0.975309
59153	60006	3	0.037037
59153	59670	60	0.740741
59153	59919	2	0.024691
59154	60034	1	0.000756
59154	60420	9	0.006808
59154	59141	7	0.005295
59154	59783	5	0.003782
59154	60680	1	0.000756
59154	59403	8	0.006051
59154	59535	1	0.000756
59154	59793	3	0.002269
59154	59156	12	0.009077
59154	59674	2	0.001513
59154	60699	16	0.012103
59154	60704	7	0.005295
59154	60577	19	0.014372
59154	59611	19	0.014372
59154	60710	11	0.008321
59154	59687	3	0.002269
59154	59306	1	0.000756
59154	60331	26	0.019667
59154	60360	6	0.004539
59154	60601	21	0.015885
59154	59322	1	0.000756
59154	59325	37	0.027988
59154	59590	9	0.006808
59154	59336	17	0.012859
59154	60024	1	0.000756
59154	60242	8	0.006051
59154	59481	17	0.012859
59154	59355	135	0.102118
59154	60515	7	0.005295
59154	60006	14	0.010590
59154	59367	26	0.019667
59154	59370	3	0.002269
59154	59883	8	0.006051
59154	59986	10	0.007564
59154	59837	9	0.006808
59154	59384	12	0.009077
59155	60548	2	0.012903
59155	60197	2	0.012903
59155	60006	3	0.019355
59155	60680	2	0.012903
59155	60664	3	0.019355
59155	59518	1	0.006452
59156	60577	1	0.011765
59156	60710	1	0.011765
59156	59367	3	0.035294
59156	60331	1	0.011765
59156	59986	1	0.011765
59156	59154	4	0.047059
59156	59481	1	0.011765
59156	59673	2	0.023529
59156	60699	1	0.011765
59156	60446	1	0.011765
59156	60601	1	0.011765
59157	59565	1069	2.001873
59157	60270	1	0.001873
59158	60038	2	0.006944
59158	60712	1	0.003472
59158	60076	1	0.003472
59158	60270	2	0.006944
59158	59312	10	0.034722
59158	59538	13	0.045139
59158	60531	2	0.006944
59158	59220	3	0.010417
59158	59125	1	0.003472
59158	60377	12	0.041667
59158	60413	1	0.003472
59159	59941	82	0.931818
59159	59590	1	0.011364
59159	59751	1	0.011364
59159	60329	1	0.011364
59159	59538	15	0.170455
59159	59125	1	0.011364
59159	59384	1	0.011364
59159	59641	1	0.011364
59159	59325	1	0.011364
59160	60038	4	0.190476
59160	59367	42	2.000000
59162	59538	1	0.000908
59163	59384	1	0.066667
59163	59292	15	1.000000
59164	59394	1	0.016949
59164	59459	7	0.118644
59164	60612	39	0.661017
59164	60006	2	0.033898
59164	59273	45	0.762712
59164	59306	3	0.050847
59164	60530	1	0.016949
59164	59538	27	0.457627
59164	60339	79	1.338983
59164	59479	8	0.135593
59164	59384	1	0.016949
59164	60409	1	0.016949
59164	59839	1	0.016949
59164	59711	1	0.016949
59165	60006	1	0.000676
59165	59367	3	0.002027
59165	59818	1	0.000676
59165	59373	7	0.004730
59165	59442	7	0.004730
59165	59986	5	0.003378
59167	59777	1	0.001661
59167	60420	1	0.001661
59167	60295	1	0.001661
59167	60680	1	0.001661
59167	59786	1	0.001661
59167	59532	1	0.001661
59167	59917	1	0.001661
59167	59535	1	0.001661
59167	59538	1	0.001661
59167	60567	1	0.001661
59167	60058	1	0.001661
59167	59675	1	0.001661
59167	60061	1	0.001661
59167	60193	7	0.011628
59167	60324	1	0.001661
59167	60076	1	0.001661
59167	59437	1	0.001661
59167	59311	1	0.001661
59167	59312	1	0.001661
59167	60210	1	0.001661
59167	59316	1	0.001661
59167	60594	1	0.001661
59167	60626	1	0.001661
59167	59220	1	0.001661
59167	59477	1	0.001661
59167	60120	1	0.001661
59167	60377	2	0.003322
59167	59482	1	0.001661
59167	60559	1	0.001661
59167	59869	1	0.001661
59167	60389	1	0.001661
59167	59751	1	0.001661
59167	60141	1	0.001661
59167	60270	1	0.001661
59167	59389	1	0.001661
59167	59824	1	0.001661
59167	60156	1	0.001661
59167	60413	1	0.001661
59167	59518	1	0.001661
59168	59617	74	0.032202
59168	59234	1	0.000435
59168	60597	50	0.021758
59168	60298	1	0.000435
59168	59627	10	0.004352
59168	59181	4	0.001741
59168	60240	28	0.012185
59168	60735	1	0.000435
59168	59538	32	0.013925
59168	59411	3	0.001305
59168	60117	1490	0.648390
59168	59125	73	0.031767
59168	60287	1	0.000435
59168	59805	2	0.000870
59168	59282	77	0.033507
59168	59765	88	0.038294
59169	59367	2	0.005089
59169	60680	4	0.010178
59169	59404	4	0.010178
59169	60141	2	0.005089
59169	59544	2	0.005089
59169	59479	2	0.005089
59169	59960	4	0.010178
59170	59986	4	0.015038
59170	60100	4	0.015038
59172	59367	1	0.005587
59172	59433	2	0.011173
59172	59306	1	0.005587
59172	59986	1	0.005587
59172	60281	4	0.022346
59172	60409	1	0.005587
59176	59986	1	0.026316
59176	59459	4	0.105263
59176	60006	4	0.105263
59176	60703	8	0.210526
59178	59986	1	0.041667
59178	59796	2	0.083333
59178	59367	8	0.333333
59180	59986	4	0.048780
59180	59919	16	0.195122
59181	59168	2	0.016529
59181	59302	2	0.016529
59181	59878	2	0.016529
59181	60240	2	0.016529
59181	59217	2	0.016529
59181	60178	2	0.016529
59181	59765	2	0.016529
59184	60357	1	0.001536
59184	59590	1	0.001536
59184	59367	1	0.001536
59184	60680	1	0.001536
59184	59538	7	0.010753
59184	60021	570	0.875576
59184	60377	1	0.001536
59184	59325	1	0.001536
59186	60282	42	42.000000
59189	60662	132	0.687500
59190	59367	5	0.005010
59190	59370	2	0.002004
59190	59951	4	0.004008
59190	59986	2	0.002004
59190	60631	5	0.005010
59190	59306	26	0.026052
59190	59295	2	0.002004
59192	60009	1	0.025000
59192	59211	2	0.050000
59193	59196	1	0.014493
59193	59381	2	0.028986
59195	59428	1	0.001486
59195	59325	1	0.001486
59196	59937	2	0.027027
59196	59459	1	0.013514
59196	59783	1	0.013514
59196	59986	3	0.040541
59196	59381	1	0.013514
59196	59510	2	0.027027
59197	59944	1	0.041667
59200	59590	4	0.019139
59201	60736	158	2.106667
59201	59459	1	0.013333
59201	60391	6477	86.360000
59201	59538	21	0.280000
59201	59220	1	0.013333
59201	60697	1	0.013333
59202	59538	3	0.065217
59203	60608	14	0.006286
59203	59459	1	0.000449
59203	60076	1	0.000449
59203	59405	1	0.000449
59203	59437	1	0.000449
59203	59505	1	0.000449
59203	59538	118	0.052986
59203	59316	1	0.000449
59203	59734	14	0.006286
59204	60019	2	1.000000
59207	59825	74	1.193548
59207	60403	6	0.096774
59208	60737	1	0.000765
59208	60578	1	0.000765
59208	59442	1	0.000765
59208	60006	5	0.003823
59208	59367	19	0.014526
59208	60680	1	0.000765
59208	59731	1	0.000765
59208	59783	5	0.003823
59208	60333	1	0.000765
59208	59921	3	0.002294
59208	59986	3	0.002294
59208	59674	2	0.001529
59208	59937	1	0.000765
59208	59510	2	0.001529
59208	59447	1	0.000765
59208	59384	3	0.002294
59208	59258	2	0.001529
59208	59355	7	0.005352
59208	59325	49	0.037462
59208	60223	2	0.001529
59209	60193	6	0.048780
59209	59459	1	0.008130
59209	60006	1	0.008130
59209	59783	6	0.048780
59209	59367	3	0.024390
59209	60556	1	0.008130
59209	60017	1	0.008130
59209	59355	1	0.008130
59209	59167	1	0.008130
59210	59296	1	0.034483
59210	59749	1	0.034483
59210	59590	4	0.137931
59210	59783	3	0.103448
59210	60680	2	0.068966
59210	59986	1	0.034483
59210	59479	1	0.034483
59210	59384	1	0.034483
59210	59227	1	0.034483
59211	60144	28	0.072539
59211	60009	1	0.002591
59211	59538	3	0.007772
59211	60413	2	0.005181
59211	59437	1	0.002591
59212	59920	1	0.017857
59212	60353	4	0.071429
59212	59538	2	0.035714
59214	60226	1	0.043478
59214	60101	1	0.043478
59214	59654	1	0.043478
59214	59367	2	0.086957
59214	59986	1	0.043478
59214	59694	1	0.043478
59214	59152	1	0.043478
59214	59442	2	0.086957
59214	60371	1	0.043478
59214	59219	1	0.043478
59215	59937	1	0.001063
59215	59459	103	0.109458
59215	60006	379	0.402763
59215	59590	2	0.002125
59215	59367	115	0.122210
59215	59370	152	0.161530
59215	59783	123	0.130712
59215	60530	31	0.032944
59215	59510	62	0.065887
59215	59479	31	0.032944
59215	59384	93	0.098831
59215	60409	206	0.218916
59215	59325	1	0.001063
59216	60680	1	0.001776
59216	59367	7	0.012433
59216	60444	2	0.003552
59216	59325	1	0.001776
59216	59855	2	0.003552
59217	59496	2	0.024691
59217	59675	1	0.012346
59217	59860	1	0.012346
59217	59518	1	0.012346
59217	60199	1	0.012346
59218	60360	1	0.003049
59218	60019	1	0.003049
59218	60388	1	0.003049
59219	59713	10	0.013369
59219	60226	2	0.002674
59219	60101	4	0.005348
59219	59986	4	0.005348
59219	60081	2	0.002674
59219	59442	5	0.006684
59220	59783	1	0.000194
59220	60680	4	0.000776
59220	59404	1	0.000194
59220	59535	5	0.000970
59220	59538	6	0.001164
59220	60309	1	0.000194
59220	60697	7	0.001358
59220	59675	4	0.000776
59220	60444	29	0.005627
59220	59937	3	0.000582
59220	60329	5444	1.056267
59220	59437	3	0.000582
59220	59312	3	0.000582
59220	59316	2	0.000388
59220	59325	10	0.001940
59220	59839	1	0.000194
59220	59840	21	0.004075
59220	59459	5	0.000970
59220	59590	16	0.003104
59220	60360	1	0.000194
59220	60107	1	0.000194
59220	59855	58	0.011253
59220	59986	4	0.000776
59220	60006	1	0.000194
59220	59367	5	0.000970
59220	60391	2	0.000388
59220	59505	1	0.000194
59220	59384	1	0.000194
59220	59641	3	0.000582
59220	60156	1	0.000194
59220	60413	2	0.000388
59222	59777	1	0.001647
59222	60420	1	0.001647
59222	59532	1	0.001647
59222	59917	1	0.001647
59222	60559	1	0.001647
59222	59538	1	0.001647
59222	60567	1	0.001647
59222	60058	1	0.001647
59222	60061	1	0.001647
59222	60324	1	0.001647
59222	60329	2	0.003295
59222	60076	1	0.001647
59222	60210	1	0.001647
59222	60206	79	0.130148
59222	59311	1	0.001647
59222	59312	1	0.001647
59222	60594	1	0.001647
59222	59220	1	0.001647
59222	59477	1	0.001647
59222	60120	1	0.001647
59222	60377	1	0.001647
59222	59482	1	0.001647
59222	59869	1	0.001647
59222	60389	1	0.001647
59222	59751	1	0.001647
59222	59882	5	0.008237
59222	59367	3	0.004942
59222	60141	1	0.001647
59222	59437	1	0.001647
59222	60413	1	0.001647
59222	60016	1	0.001647
59222	60156	1	0.001647
59222	59389	1	0.001647
59222	59518	1	0.001647
59223	59783	22	0.003522
59223	60680	2	0.000320
59223	60559	1	0.000160
59223	59411	2	0.000320
59223	59791	1	0.000160
59223	60444	1	0.000160
59223	59293	1	0.000160
59223	60191	3	0.000480
59223	59937	19	0.003042
59223	59687	3	0.000480
59223	59944	1	0.000160
59223	60457	4	0.000640
59223	59308	1	0.000160
59223	59933	1	0.000160
59223	60220	5	0.000801
59223	59197	2	0.000320
59223	59714	4	0.000640
59223	59459	7	0.001121
59223	60100	2	0.000320
59223	59590	3	0.000480
59223	59976	4	0.000640
59223	59216	1	0.000160
59223	59986	6	0.000961
59223	59608	1	0.000160
59223	59355	16	0.002562
59223	59600	4	0.000640
59223	60002	4	0.000640
59223	59619	2	0.000320
59223	60006	54	0.008646
59223	59367	34	0.005443
59223	59325	17	0.002722
59223	59123	3	0.000480
59223	59510	2	0.000320
59223	59384	1	0.000160
59223	60156	7	0.001121
59223	59134	1	0.000160
59225	59365	1	0.001984
59225	60233	1	0.001984
59225	59882	1	0.001984
59225	59982	3	0.005952
59225	60656	1	0.001984
59225	60049	1	0.001984
59225	59538	151	0.299603
59225	59636	1	0.001984
59225	59125	150	0.297619
59225	59158	1	0.001984
59225	60504	1	0.001984
59225	59578	1	0.001984
59225	59325	1	0.001984
59226	60006	4	0.067797
59227	60550	3	0.025424
59227	59783	11	0.093220
59227	59663	2	0.016949
59227	59153	2	0.016949
59227	59538	4	0.033898
59227	59670	7	0.059322
59227	59674	2	0.016949
59227	60058	3	0.025424
59227	59815	38	0.322034
59227	60039	9	0.076271
59227	59316	2	0.016949
59227	59715	7	0.059322
59227	59855	2	0.016949
59227	59729	3	0.025424
59227	60377	4	0.033898
59227	59919	5	0.042373
59227	60389	3	0.025424
59227	60006	3	0.025424
59227	59367	2	0.016949
59227	60394	11	0.093220
59227	59884	1	0.008475
59227	60407	3	0.025424
59228	59538	1	0.024390
59230	60006	1	0.001105
59230	59836	2	0.002210
59230	60338	3	0.003315
59230	60559	1	0.001105
59230	59538	11	0.012155
59230	60444	1	0.001105
59231	59521	1	1.000000
59232	59986	4	0.074074
59232	59381	4	0.074074
59232	60638	1	0.018519
59232	59783	1	0.018519
59233	60019	2	0.012658
59233	59590	2	0.012658
59234	60514	2	0.039216
59234	59765	1	0.019608
59234	60298	1	0.019608
59234	59535	1	0.019608
59238	59325	15	0.026408
59238	60014	3	0.005282
59240	59937	3	0.004405
59240	60130	6	0.008811
59240	59590	3	0.004405
59240	60006	6	0.008811
59240	59783	21	0.030837
59240	59370	3	0.004405
59240	59405	3	0.004405
59240	59469	1383	2.030837
59240	60110	3	0.004405
59240	60333	6	0.008811
59240	59248	3	0.004405
59240	59538	3	0.004405
59240	60019	42	0.061674
59240	59384	6	0.008811
59240	59674	6	0.008811
59240	59355	6	0.008811
59243	60416	1	0.000866
59243	60034	1	0.000866
59243	59783	29	0.025108
59243	60680	4	0.003463
59243	60688	1	0.000866
59243	59674	9	0.007792
59243	60704	1	0.000866
59243	59937	1	0.000866
59243	59428	2	0.001732
59243	60071	1	0.000866
59243	59562	1	0.000866
59243	60552	3	0.002597
59243	60602	1	0.000866
59243	59195	1	0.000866
59243	59325	18	0.015584
59243	60360	6	0.005195
59243	59981	1	0.000866
59243	59730	1	0.000866
59243	59355	10	0.008658
59243	60006	21	0.018182
59243	59367	22	0.019048
59243	59370	1	0.000866
59243	60395	6	0.005195
59243	59986	2	0.001732
59243	60399	1	0.000866
59243	59510	13	0.011255
59243	60409	1	0.000866
59243	60155	1	0.000866
59243	59775	1	0.000866
59244	60192	9	0.011509
59244	60144	1	0.001279
59244	59538	3	0.003836
59244	59322	1	0.001279
59244	60543	1	0.001279
59245	60680	2	0.001120
59245	59535	8	0.004479
59245	59538	14	0.007839
59245	59930	4	0.002240
59245	60702	22	0.012318
59245	60324	7	0.003919
59245	60329	1	0.000560
59245	60466	2	0.001120
59245	59442	9	0.005039
59245	59325	4	0.002240
59245	59459	5	0.002800
59245	60357	4	0.002240
59245	59590	44	0.024636
59245	60360	4	0.002240
59245	59986	1	0.000560
59245	59220	1	0.000560
59245	59477	4	0.002240
59245	59479	1	0.000560
59245	59355	7	0.003919
59245	59367	9	0.005039
59245	59370	4	0.002240
59245	59125	1	0.000560
59245	59384	6	0.003359
59245	59641	2	0.001120
59245	60413	1	0.000560
59246	60284	270	1.607143
59246	60334	3	0.017857
59246	60144	2	0.011905
59246	59538	2	0.011905
59246	60444	1	0.005952
59246	60223	2	0.011905
59247	60105	12	0.010354
59247	59578	12	0.010354
59247	59452	12	0.010354
59247	60034	12	0.010354
59248	60034	4	0.000938
59248	60677	2	0.000469
59248	59783	35	0.008208
59248	60680	5	0.001173
59248	60076	1	0.000235
59248	59405	7	0.001642
59248	59535	2	0.000469
59248	59408	1	0.000235
59248	60177	2	0.000469
59248	59538	1	0.000235
59248	60435	1	0.000235
59248	59675	1	0.000235
59248	60444	58	0.013602
59248	60705	1	0.000235
59248	60345	7	0.001642
59248	59306	1	0.000235
59248	59948	1	0.000235
59248	60333	317	0.074343
59248	59316	4	0.000938
59248	59705	15	0.003518
59248	59325	5	0.001173
59248	59459	7	0.001642
59248	60615	1	0.000235
59248	60360	3	0.000704
59248	59468	1	0.000235
59248	59768	1	0.000235
59248	59986	67	0.015713
59248	59607	4	0.000938
59248	60504	1	0.000235
59248	59867	1	0.000235
59248	59623	2	0.000469
59248	59488	2	0.000469
59248	60130	2	0.000469
59248	60388	3227	0.756801
59248	60517	1	0.000235
59248	60006	53	0.012430
59248	59367	37	0.008677
59248	59370	3	0.000704
59248	60519	2	0.000469
59248	60656	1	0.000235
59248	60019	2	0.000469
59248	59510	1	0.000235
59248	59384	4	0.000938
59248	60409	5	0.001173
59249	60662	1	1.000000
59252	60144	8	0.039409
59252	59720	1	0.004926
59252	60300	2	0.009852
59252	59589	3	0.014778
59252	60398	2	0.009852
59253	60006	2	0.007380
59253	59367	11	0.040590
59253	59308	6	0.022140
59253	60300	2	0.007380
59253	59986	17	0.062731
59253	59411	10	0.036900
59253	60446	4	0.014760
59253	59518	2	0.007380
59254	59538	3	0.004412
59254	59997	19	0.027941
59254	60494	689	1.013235
59255	59308	54	1.080000
59255	60006	1	0.020000
59255	60551	1	0.020000
59256	59986	2	0.004338
59256	60381	1	0.002169
59257	60594	4	0.007042
59257	59367	1	0.001761
59257	60210	4	0.007042
59257	60144	2	0.003521
59257	59538	899	1.582746
59257	59380	4	0.007042
59257	60665	2	0.003521
59257	59325	2	0.003521
59258	60505	2	0.055556
59258	60578	1	0.027778
59258	59965	2	0.055556
59258	59911	2	0.055556
59263	59544	1294	80.875000
59263	59416	32	2.000000
59263	60018	16	1.000000
59264	60019	21	0.954545
59264	60388	21	0.954545
59264	60613	1	0.045455
59266	60389	233	0.579602
59266	60006	4	0.009950
59266	59783	11	0.027363
59266	60039	233	0.579602
59266	59789	2	0.004975
59266	59919	252	0.626866
59266	59729	2	0.004975
59266	59986	2	0.004975
59266	60407	2	0.004975
59266	59384	5	0.012438
59266	60058	233	0.579602
59267	59538	2	0.028169
59268	60006	5	0.050505
59268	60199	3	0.030303
59268	60360	3	0.030303
59268	59887	2	0.020202
59268	59986	26	0.262626
59268	59411	6	0.060606
59268	60117	3	0.030303
59269	60193	4	0.040816
59269	59986	1	0.010204
59271	59367	4	0.013793
59273	59370	1	0.028571
59273	60372	1	0.028571
59273	59783	1	0.028571
59274	59651	2	0.002198
59274	59743	3	0.003297
59276	59459	6	0.017647
59276	60027	6	0.017647
59276	59396	6	0.017647
59277	60673	1	0.001170
59277	60034	1	0.001170
59277	60674	1	0.001170
59277	59538	1	0.001170
59277	59800	5	0.005848
59277	59674	3	0.003509
59277	59675	3	0.003509
59277	59510	1	0.001170
59277	59170	2	0.002339
59277	59306	1	0.001170
59277	59312	4	0.004678
59277	60091	2	0.002339
59277	60100	3	0.003509
59277	60357	3	0.003509
59277	59590	11	0.012865
59277	59855	2	0.002339
59277	60112	19	0.022222
59277	59986	2	0.002339
59277	59860	1	0.001170
59277	60250	1	0.001170
59277	59355	1	0.001170
59277	60006	4	0.004678
59277	59367	5	0.005848
59277	59505	1	0.001170
59277	60662	20	0.023392
59277	59518	1	0.001170
59278	60626	1	0.001938
59278	59951	1	0.001938
59279	59951	1673	2.998208
59280	59945	1	0.003040
59282	59538	789	0.578446
59282	59125	5	0.003666
59282	59516	1	0.000733
59282	60458	1	0.000733
59282	60287	383	0.280792
59283	59531	1	0.055556
59283	59902	3	0.166667
59284	59400	39	1.000000
59284	59820	39	1.000000
59285	60662	154	0.754902
59288	60352	2	0.011111
59288	59249	1	0.005556
59288	59367	27	0.150000
59290	59459	3	0.002722
59290	60006	39	0.035390
59290	59367	12	0.010889
59290	59401	12	0.010889
59290	59538	96	0.087114
59290	59794	15	0.013612
59290	60144	18	0.016334
59290	59986	27	0.024501
59290	59125	12	0.010889
59290	60377	6	0.005445
59290	59324	3	0.002722
59291	60680	21	0.024390
59291	59312	8	0.009292
59291	59325	3	0.003484
59291	59590	16	0.018583
59291	59367	11	0.012776
59292	59705	2	0.008000
59292	60002	2	0.008000
59292	60662	166	0.664000
59293	59459	1	0.001477
59293	60231	1	0.001477
59293	60156	1	0.001477
59293	59370	1	0.001477
59293	59600	1	0.001477
59293	59571	1	0.001477
59293	59223	7	0.010340
59293	60220	1	0.001477
59293	60191	2	0.002954
59295	60384	1	0.005988
59295	59937	1	0.005988
59295	59459	1	0.005988
59295	60416	1	0.005988
59295	60134	1	0.005988
59295	60006	8	0.047904
59295	59367	9	0.053892
59295	60360	1	0.005988
59295	59370	1	0.005988
59295	59783	3	0.017964
59295	60680	1	0.005988
59295	59986	1	0.005988
59295	59190	1	0.005988
59295	59415	1	0.005988
59295	59674	1	0.005988
59295	59355	4	0.023952
59295	59325	25	0.149701
59295	59551	1	0.005988
59296	59937	4	0.004796
59296	59459	7	0.008393
59296	59574	1	0.001199
59296	59590	2	0.002398
59296	59783	3	0.003597
59296	60680	1	0.001199
59296	59367	9	0.010791
59296	60006	1	0.001199
59296	59154	1	0.001199
59296	59510	4	0.004796
59296	59355	24	0.028777
59296	59325	24	0.028777
59298	60193	1	0.014925
59298	59459	1	0.014925
59298	60680	12	0.179104
59298	59322	4	0.059701
59298	59325	2	0.029851
59298	60351	1	0.014925
59299	60704	1	0.002193
59299	60230	1	0.002193
59299	60107	13	0.028509
59299	59986	5	0.010965
59299	60725	1	0.002193
59299	59902	1	0.002193
59300	60420	2	0.001471
59300	60618	3	0.002206
59300	59442	1	0.000735
59300	59886	1	0.000735
59300	59940	1	0.000735
59300	59538	10	0.007353
59300	59316	1	0.000735
59300	59125	10	0.007353
59300	60055	23	0.016912
59300	59384	1	0.000735
59300	60324	5	0.003676
59300	59675	1	0.000735
59300	59325	27	0.019853
59300	59230	1	0.000735
59300	59477	1	0.000735
59302	60584	101	1.160920
59303	59442	2	0.666667
59304	60664	1	0.001140
59304	60225	1	0.001140
59304	60634	5	0.005701
59304	59538	1	0.001140
59305	59951	390	0.404984
59306	60704	1	0.002825
59306	60123	1	0.002825
59306	59590	6	0.016949
59306	59367	17	0.048023
59306	60530	3	0.008475
59306	59510	5	0.014124
59306	59355	3	0.008475
59306	59325	1	0.002825
59308	60370	1	0.000769
59308	60674	15	0.011530
59308	59524	8	0.006149
59308	59783	3	0.002306
59308	59767	1	0.000769
59308	60300	1	0.000769
59308	59277	34	0.026134
59308	59535	1	0.000769
59308	60689	6	0.004612
59308	59538	3	0.002306
59308	60051	1	0.000769
59308	60398	1	0.000769
59308	59928	3	0.002306
59308	59460	2	0.001537
59308	59930	74	0.056879
59308	60315	35	0.026902
59308	59674	1	0.000769
59308	60446	21	0.016141
59308	59589	2	0.001537
59308	60704	3	0.002306
59308	59937	6	0.004612
59308	59427	2	0.001537
59308	60584	2	0.001537
59308	60329	1	0.000769
59308	60551	67	0.051499
59308	59565	4	0.003075
59308	60335	1	0.000769
59308	59312	2	0.001537
59308	60360	1	0.000769
59308	60063	1	0.000769
59308	59325	20	0.015373
59308	60223	3	0.002306
59308	60225	1	0.000769
59308	59459	6	0.004612
59308	60100	4	0.003075
59308	60357	20	0.015373
59308	59590	2	0.001537
59308	59720	7	0.005380
59308	59593	15	0.011530
59308	60235	1	0.000769
59308	60173	2	0.001537
59308	59986	9	0.006918
59308	59993	1	0.000769
59308	60507	4	0.003075
59308	59355	8	0.006149
59308	60006	20	0.015373
59308	59367	9	0.006918
59308	59880	105	0.080707
59308	60651	1	0.000769
59308	60498	34	0.026134
59308	60270	4	0.003075
59308	59505	3	0.002306
59308	59252	1	0.000769
59308	59255	1	0.000769
59308	59641	1	0.000769
59309	59777	1	0.001057
59309	60360	2	0.002114
59309	60718	1	0.001057
59309	60144	1	0.001057
59309	59538	5	0.005285
59309	59955	1	0.001057
59309	59512	1	0.001057
59309	60377	1	0.001057
59309	59325	4	0.004228
59309	59710	1	0.001057
59311	59937	3	0.007109
59311	60578	1	0.002370
59311	59459	1	0.002370
59311	59590	4	0.009479
59311	60329	434	1.028436
59311	59860	1	0.002370
59311	59535	6	0.014218
59311	59312	1	0.002370
59311	59505	161	0.381517
59311	59986	2	0.004739
59311	59316	1	0.002370
59311	59384	1	0.002370
59311	59641	6	0.014218
59311	59674	1	0.002370
59311	59675	9	0.021327
59311	60413	1	0.002370
59312	59671	1	0.000264
59312	60673	2	0.000528
59312	60546	3	0.000792
59312	59524	1	0.000264
59312	59911	1	0.000264
59312	60680	2	0.000528
59312	59308	1	0.000264
59312	59147	1	0.000264
59312	60172	1	0.000264
59312	59518	4	0.001056
59312	59437	34	0.008973
59312	59646	1	0.000264
59312	59282	1	0.000264
59312	59667	1	0.000264
59312	60270	1	0.000264
59312	59225	1	0.000264
59312	60315	1	0.000264
59312	60567	1	0.000264
59312	60446	1	0.000264
59312	59937	4	0.001056
59312	60579	1	0.000264
59312	60452	1	0.000264
59312	60197	1	0.000264
59312	60454	1	0.000264
59312	59943	1	0.000264
59312	60329	392	0.103457
59312	60074	1	0.000264
59312	60295	2	0.000528
59312	60076	1	0.000264
59312	59181	1	0.000264
59312	60444	2	0.000528
59312	59824	28	0.007390
59312	59953	1	0.000264
59312	59316	3	0.000792
59312	60244	4	0.001056
59312	59325	6	0.001584
59312	60223	17	0.004487
59312	59459	28	0.007390
59312	60612	1	0.000264
59312	59590	47	0.012404
59312	59745	1	0.000264
59312	60360	1	0.000264
59312	59532	2	0.000528
59312	60235	1	0.000264
59312	60493	1	0.000264
59312	60238	1	0.000264
59312	59855	15	0.003959
59312	59728	1	0.000264
59312	60664	1	0.000264
59312	60498	1	0.000264
59312	59220	5	0.001320
59312	60377	1	0.000264
59312	59608	2	0.000528
59312	59993	1	0.000264
59312	59343	18	0.004751
59312	59917	1	0.000264
59312	59505	1	0.000264
59312	59488	1	0.000264
59312	59675	35	0.009237
59312	60006	3	0.000792
59312	59538	4	0.001056
59312	59367	15	0.003959
59312	59986	3	0.000792
59312	59246	1	0.000264
59312	59783	1	0.000264
59312	60144	1	0.000264
59312	60529	1	0.000264
59312	59765	1	0.000264
59312	59535	4	0.001056
59312	59384	1	0.000264
59312	60281	1	0.000264
59312	59258	1	0.000264
59312	60670	1	0.000264
59313	59985	6	0.018182
59313	60490	3	0.009091
59313	59986	12	0.036364
59314	59459	1	0.025000
59314	59882	1	0.025000
59314	59501	1	0.025000
59314	60239	1	0.025000
59314	60144	1	0.025000
59314	59538	8	0.200000
59314	59513	6	0.150000
59315	59626	5	0.161290
59315	59931	31	1.000000
59315	59548	2	0.064516
59315	59986	2	0.064516
59315	60115	1	0.032258
59316	59937	1	0.012987
59316	59459	1	0.012987
59316	60329	5	0.064935
59316	60333	2	0.025974
59316	59405	1	0.012987
59316	59248	1	0.012987
59316	59384	1	0.012987
59316	60377	1	0.012987
59317	60170	7	0.004871
59317	59325	2	0.001392
59317	59536	1	0.000696
59317	59538	26	0.018093
59317	59125	1	0.000696
59317	59641	77	0.053584
59317	59837	2	0.001392
59317	60597	1	0.000696
59320	59986	7	0.023026
59320	59365	9	0.029605
59320	59590	1	0.003289
59320	59783	6	0.019737
59322	60416	2	0.000970
59322	59919	1	0.000485
59322	60034	1	0.000485
59322	60419	1	0.000485
59322	60420	1	0.000485
59322	60038	1	0.000485
59322	59783	5	0.002426
59322	60680	5	0.002426
59322	59401	1	0.000485
59322	60430	1	0.000485
59322	60311	1	0.000485
59322	59789	1	0.000485
59322	59790	1	0.000485
59322	59535	7	0.003396
59322	59793	1	0.000485
59322	59538	20	0.009704
59322	59411	1	0.000485
59322	59796	1	0.000485
59322	59757	1	0.000485
59322	60440	1	0.000485
59322	60697	1	0.000485
59322	59674	4	0.001941
59322	59931	1	0.000485
59322	60573	1	0.000485
59322	59295	1	0.000485
59322	59655	1	0.000485
59322	59937	3	0.001456
59322	59298	10	0.004852
59322	59687	1	0.000485
59322	59306	1	0.000485
59322	59435	1	0.000485
59322	59437	1	0.000485
59322	59144	1	0.000485
59322	59312	3	0.001456
59322	59400	1	0.000485
59322	59442	1	0.000485
59322	59699	1	0.000485
59322	59316	1	0.000485
59322	60423	1	0.000485
59322	60089	1	0.000485
59322	60602	1	0.000485
59322	59836	1	0.000485
59322	59325	165	0.080058
59322	59960	1	0.000485
59322	60223	1	0.000485
59322	59456	1	0.000485
59322	59585	1	0.000485
59322	59459	6	0.002911
59322	60100	1	0.000485
59322	59382	1	0.000485
59322	59590	2	0.000970
59322	60193	1	0.000485
59322	60360	11	0.005337
59322	59296	1	0.000485
59322	60107	1	0.000485
59322	59216	1	0.000485
59322	59985	1	0.000485
59322	59860	1	0.000485
59322	60501	1	0.000485
59322	60630	1	0.000485
59322	59223	1	0.000485
59322	59355	22	0.010674
59322	59819	1	0.000485
59322	59998	1	0.000485
59322	59745	9	0.004367
59322	60514	1	0.000485
59322	60664	1	0.000485
59322	60006	4	0.001941
59322	59367	2	0.000970
59322	59196	1	0.000485
59322	59370	1	0.000485
59322	59243	1	0.000485
59322	59154	1	0.000485
59322	59502	1	0.000485
59322	59248	3	0.001456
59322	59809	1	0.000485
59322	59129	1	0.000485
59322	59510	1	0.000485
59322	60651	1	0.000485
59322	59384	251	0.121786
59322	59513	1	0.000485
59322	59918	1	0.000485
59322	60351	1	0.000485
59322	60138	1	0.000485
59322	59134	1	0.000485
59323	60193	2	0.005249
59323	59777	5	0.013123
59323	60174	1	0.002625
59323	59535	1	0.002625
59323	60017	1	0.002625
59323	59538	11	0.028871
59323	59125	2	0.005249
59323	59384	1	0.002625
59323	59482	3	0.007874
59323	60444	1	0.002625
59325	59136	1	0.000987
59325	59919	2	0.001974
59325	60034	3	0.002962
59325	59395	2	0.001974
59325	60038	1	0.000987
59325	60680	20	0.019743
59325	59401	1	0.000987
59325	60311	1	0.000987
59325	59819	1	0.000987
59325	60430	1	0.000987
59325	59535	2	0.001974
59325	59793	1	0.000987
59325	59538	3	0.002962
59325	59411	2	0.001974
59325	59796	1	0.000987
59325	59798	1	0.000987
59325	59757	1	0.000987
59325	60440	2	0.001974
59325	60697	2	0.001974
59325	60409	4	0.003949
59325	59675	19	0.018756
59325	60444	4	0.003949
59325	60573	1	0.000987
59325	59295	1	0.000987
59325	60704	4	0.003949
59325	59809	2	0.001974
59325	59298	3	0.002962
59325	59687	2	0.001974
59325	60329	1	0.000987
59325	59306	24	0.023692
59325	59435	2	0.001974
59325	60333	2	0.001974
59325	59144	2	0.001974
59325	59442	2	0.001974
59325	59699	2	0.001974
59325	59316	1	0.000987
59325	59839	12	0.011846
59325	60602	1	0.000987
59325	59960	2	0.001974
59325	60089	1	0.000987
59325	59322	3	0.002962
59325	59836	2	0.001974
59325	60193	1	0.000987
59325	60223	1	0.000987
59325	59456	2	0.001974
59325	60320	1	0.000987
59325	59459	5	0.004936
59325	60100	1	0.000987
59325	59590	1	0.000987
59325	59975	1	0.000987
59325	59208	1	0.000987
59325	60107	3	0.002962
59325	60651	1	0.000987
59325	59729	1	0.000987
59325	59855	1	0.000987
59325	59384	15	0.014808
59325	59220	5	0.004936
59325	60501	2	0.001974
59325	60630	1	0.000987
59325	59479	20	0.019743
59325	59355	11	0.010859
59325	59869	2	0.001974
59325	59998	1	0.000987
59325	60360	2	0.001974
59325	60514	1	0.000987
59325	60006	7	0.006910
59325	59367	69	0.068115
59325	59985	2	0.001974
59325	60138	1	0.000987
59325	59243	1	0.000987
59325	59154	2	0.001974
59325	59248	3	0.002962
59325	59223	2	0.001974
59325	59382	2	0.001974
59325	59513	1	0.000987
59325	60024	23	0.022705
59325	59129	1	0.000987
59325	59918	2	0.001974
59325	60351	1	0.000987
59325	60664	2	0.001974
59325	59134	1	0.000987
59327	59367	1	0.500000
59331	59367	1	0.052632
59331	59208	6	0.315789
59331	60680	1	0.052632
59331	59986	1	0.052632
59331	59258	1	0.052632
59331	59325	1	0.052632
59332	60680	3	0.032967
59332	59585	4	0.043956
59332	59986	33	0.362637
59332	59430	1	0.010989
59332	59367	8	0.087912
59335	59717	1	0.013699
59335	60680	4	0.054795
59335	59401	1	0.013699
59335	60014	1	0.013699
59335	59479	1	0.013699
59335	60730	1	0.013699
59336	60699	2	0.007220
59336	59783	1	0.003610
59337	60195	2	0.052632
59337	59819	1	0.026316
59337	59325	1	0.026316
59338	59776	1	0.016129
59338	60418	1	0.016129
59338	59783	1	0.016129
59338	60304	1	0.016129
59338	59538	1	0.016129
59338	59809	13	0.209677
59338	60594	3	0.048387
59338	59325	1	0.016129
59338	59459	2	0.032258
59338	60485	1	0.016129
59338	59590	3	0.048387
59338	60106	1	0.016129
59338	59986	1	0.016129
59338	60005	10	0.161290
59338	60006	2	0.032258
59338	59367	1	0.016129
59338	59370	1	0.016129
59338	60530	1	0.016129
59338	59507	1	0.016129
59338	59384	1	0.016129
59338	59132	1	0.016129
59338	59902	4	0.064516
59339	59842	4	1.000000
59342	59986	2	0.018182
59342	59367	2	0.018182
59343	59777	1	0.001348
59343	60546	26	0.035040
59343	60420	1	0.001348
59343	60295	1	0.001348
59343	60680	6	0.008086
59343	59786	1	0.001348
59343	59532	1	0.001348
59343	59917	1	0.001348
59343	59535	1	0.001348
59343	59538	7	0.009434
59343	59246	1	0.001348
59343	60567	1	0.001348
59343	60058	1	0.001348
59343	59675	1	0.001348
59343	60061	1	0.001348
59343	59824	4	0.005391
59343	60324	1	0.001348
59343	60076	1	0.001348
59343	59437	1	0.001348
59343	59311	1	0.001348
59343	59312	7	0.009434
59343	60210	1	0.001348
59343	60244	1	0.001348
59343	60223	4	0.005391
59343	59590	8	0.010782
59343	60594	1	0.001348
59343	59405	1	0.001348
59343	60626	1	0.001348
59343	59220	1	0.001348
59343	59477	1	0.001348
59343	59479	1	0.001348
59343	60120	1	0.001348
59343	60377	1	0.001348
59343	59482	1	0.001348
59343	60559	1	0.001348
59343	59869	1	0.001348
59343	60389	1	0.001348
59343	59751	1	0.001348
59343	59496	1	0.001348
59343	59882	1	0.001348
59343	60141	1	0.001348
59343	60270	1	0.001348
59343	59389	1	0.001348
59343	59384	3	0.004043
59343	59641	1	0.001348
59343	60156	1	0.001348
59343	60413	1	0.001348
59343	59518	1	0.001348
59344	60256	1	0.007246
59344	59312	2	0.014493
59344	59617	1	0.007246
59344	59459	1	0.007246
59344	60357	135	0.978261
59344	59590	12	0.086957
59344	59783	5	0.036232
59344	59435	8	0.057971
59344	60006	1	0.007246
59344	59627	1	0.007246
59344	59824	1	0.007246
59344	59538	2	0.014493
59344	59444	1	0.007246
59344	59367	12	0.086957
59344	60007	1	0.007246
59344	59325	2	0.014493
59344	59282	2	0.014493
59349	59743	2	0.008368
59350	59364	23	0.315068
59352	59783	1	0.008130
59352	60680	3	0.024390
59352	59367	2	0.016260
59352	59985	7	0.056911
59352	59986	2	0.016260
59352	59608	1	0.008130
59355	59136	1	0.001175
59355	59777	1	0.001175
59355	60419	1	0.001175
59355	60038	1	0.001175
59355	60423	1	0.001175
59355	60680	9	0.010576
59355	59401	1	0.001175
59355	60430	1	0.001175
59355	59671	1	0.001175
59355	59535	2	0.002350
59355	59789	1	0.001175
59355	60174	1	0.001175
59355	59919	2	0.002350
59355	60703	1	0.001175
59355	59793	1	0.001175
59355	60050	1	0.001175
59355	59411	1	0.001175
59355	59796	1	0.001175
59355	59543	1	0.001175
59355	60440	1	0.001175
59355	60697	2	0.002350
59355	59674	37	0.043478
59355	59931	1	0.001175
59355	60444	14	0.016451
59355	60573	1	0.001175
59355	60702	1	0.001175
59355	59295	1	0.001175
59355	59655	1	0.001175
59355	60705	1	0.001175
59355	59144	2	0.002350
59355	60324	1	0.001175
59355	59687	1	0.001175
59355	59809	1	0.001175
59355	59435	1	0.001175
59355	60333	2	0.002350
59355	59757	1	0.001175
59355	60336	1	0.001175
59355	59400	1	0.001175
59355	59442	1	0.001175
59355	59699	1	0.001175
59355	59829	1	0.001175
59355	59960	2	0.002350
59355	60089	1	0.001175
59355	60602	1	0.001175
59355	60091	1	0.001175
59355	59836	1	0.001175
59355	60193	2	0.002350
59355	60223	2	0.002350
59355	59456	2	0.002350
59355	59585	1	0.001175
59355	59459	2	0.002350
59355	59716	2	0.002350
59355	60351	1	0.001175
59355	59937	1	0.001175
59355	59977	1	0.001175
59355	60107	1	0.001175
59355	59469	1	0.001175
59355	59472	1	0.001175
59355	59601	1	0.001175
59355	60100	2	0.002350
59355	59790	1	0.001175
59355	60630	1	0.001175
59355	59223	1	0.001175
59355	60311	1	0.001175
59355	59819	1	0.001175
59355	59998	1	0.001175
59355	60001	1	0.001175
59355	60517	1	0.001175
59355	59985	2	0.002350
59355	59881	1	0.001175
59355	60138	1	0.001175
59355	59243	1	0.001175
59355	59154	1	0.001175
59355	59502	1	0.001175
59355	59296	1	0.001175
59355	59634	1	0.001175
59355	59129	1	0.001175
59355	59382	1	0.001175
59355	60651	2	0.002350
59355	60664	1	0.001175
59355	59513	1	0.001175
59355	59918	1	0.001175
59355	60027	1	0.001175
59355	59134	2	0.002350
59356	59538	1	0.012500
59356	60252	3	0.037500
59356	60295	3	0.037500
59361	60680	1	0.047619
59361	59459	1	0.047619
59361	60006	1	0.047619
59361	59367	29	1.380952
59362	60704	2	0.002392
59362	60006	3	0.003589
59362	59367	12	0.014354
59362	60328	3	0.003589
59362	59530	27	0.032297
59362	59694	6	0.007177
59362	60680	3	0.003589
59362	59442	40	0.047847
59362	60081	9	0.010766
59363	60295	2	0.003263
59363	60076	2	0.003263
59363	59535	2	0.003263
59363	59312	2	0.003263
59363	59220	2	0.003263
59363	60377	2	0.003263
59363	59675	2	0.003263
59363	60413	2	0.003263
59364	59538	1	0.005495
59364	60471	2	0.010989
59364	59751	2	0.010989
59365	59320	1	0.016667
59366	59873	33	1.000000
59366	60566	33	1.000000
59366	60589	33	1.000000
59366	60118	33	1.000000
59367	60419	2	0.000356
59367	59400	1	0.000178
59367	59401	7	0.001246
59367	59405	4	0.000712
59367	60430	1	0.000178
59367	59919	1	0.000178
59367	59920	1	0.000178
59367	60435	2	0.000356
59367	60440	1	0.000178
59367	59931	2	0.000356
59367	60444	5	0.000890
59367	60446	2	0.000356
59367	59937	15	0.002671
59367	59428	2	0.000356
59367	59435	1	0.000178
59367	59144	1	0.000178
59367	59442	2	0.000356
59367	59960	3	0.000534
59367	59456	1	0.000178
59367	59459	32	0.005698
59367	59461	1	0.000178
59367	59469	1	0.000178
59367	59983	2	0.000356
59367	59985	5	0.000890
59367	59918	1	0.000178
59367	59479	1	0.000178
59367	59481	1	0.000178
59367	60001	2	0.000356
59367	60515	2	0.000356
59367	60517	4	0.000712
59367	60006	29	0.005164
59367	59324	1	0.000178
59367	60530	1	0.000178
59367	59411	3	0.000534
59367	59513	1	0.000178
59367	59516	1	0.000178
59367	59521	1	0.000178
59367	60038	2	0.000356
59367	59534	5	0.000890
59367	59535	208	0.037037
59367	59538	11	0.001959
59367	59543	2	0.000356
59367	60570	1	0.000178
59367	60573	1	0.000178
59367	60578	2	0.000356
59367	60595	1	0.000178
59367	60089	4	0.000712
59367	60091	1	0.000178
59367	60097	2	0.000356
59367	60099	1	0.000178
59367	60100	5	0.000890
59367	59590	22	0.003917
59367	60107	5	0.000890
59367	60112	1	0.000178
59367	60630	6	0.001068
59367	59607	6	0.001068
59367	59608	4	0.000712
59367	59610	1	0.000178
59367	59614	1	0.000178
59367	60128	3	0.000534
59367	59626	18	0.003205
59367	60651	7	0.001246
59367	60144	8	0.001425
59367	59129	1	0.000178
59367	59134	2	0.000356
59367	60163	13	0.002315
59367	60680	158	0.028134
59367	60174	1	0.000178
59367	59154	1	0.000178
59367	59271	1	0.000178
59367	60697	2	0.000356
59367	59675	1	0.000178
59367	60189	2	0.000356
59367	60704	48	0.008547
59367	60193	2	0.000356
59367	59687	1	0.000178
59367	60295	10	0.001781
59367	59698	8	0.001425
59367	59699	5	0.000890
59367	59701	1	0.000178
59367	59190	3	0.000534
59367	60732	2	0.000356
59367	60223	8	0.001425
59367	59716	2	0.000356
59367	59223	7	0.001246
59367	60559	11	0.001959
59367	59243	1	0.000178
59367	60050	2	0.000356
59367	59248	14	0.002493
59367	59253	1	0.000178
59367	60138	4	0.000712
59367	59774	1	0.000178
59367	59783	9	0.001603
59367	60298	1	0.000178
59367	59789	2	0.000356
59367	59790	1	0.000178
59367	59793	2	0.000356
59367	59796	4	0.000712
59367	59296	2	0.000356
59367	59809	6	0.001068
59367	59306	23	0.004095
59367	59819	1	0.000178
59367	59308	3	0.000534
59367	60333	15	0.002671
59367	60335	1	0.000178
59367	59312	7	0.001246
59367	60345	1	0.000178
59367	59836	8	0.001425
59367	59325	133	0.023682
59367	59840	2	0.000356
59367	59843	3	0.000534
59367	60360	12	0.002137
59367	59855	7	0.001246
59367	59471	2	0.000356
59367	59370	333	0.059295
59367	59381	2	0.000356
59367	60409	10	0.001781
59367	60501	1	0.000178
59368	59129	2	0.003534
59368	59951	5	0.008834
59369	59590	13	1.000000
59370	60430	3	0.000658
59370	59411	2	0.000439
59370	59937	3	0.000658
59370	59949	1	0.000219
59370	59438	2	0.000439
59370	59452	1	0.000219
59370	59459	1	0.000219
59370	59461	1	0.000219
59370	59983	4	0.000877
59370	59985	2	0.000439
59370	60001	2	0.000439
59370	60006	1180	0.258715
59370	60017	1	0.000219
59370	59521	6	0.001316
59370	60546	2	0.000439
59370	59532	2	0.000439
59370	59534	2	0.000439
59370	60050	1	0.000219
59370	60053	1	0.000219
59370	59543	1	0.000219
59370	60056	1	0.000219
59370	60614	2	0.000439
59370	60076	4	0.000877
59370	59565	2	0.000439
59370	59589	2	0.000439
59370	59590	8	0.001754
59370	60622	1	0.000219
59370	60115	4	0.000877
59370	60117	1	0.000219
59370	60630	7	0.001535
59370	60120	2	0.000439
59370	59609	2	0.000439
59370	60123	7	0.001535
59370	59619	2	0.000439
59370	60134	10	0.002193
59370	59626	2	0.000439
59370	59134	2	0.000439
59370	59135	3	0.000658
59370	60673	1	0.000219
59370	60163	11	0.002412
59370	60680	1	0.000219
59370	60702	2	0.000439
59370	60193	2	0.000439
59370	60710	2	0.000439
59370	59687	2	0.000439
59370	60295	2	0.000439
59370	59698	5	0.001096
59370	59274	2	0.000439
59370	60223	2	0.000439
59370	60225	3	0.000658
59370	59208	2	0.000439
59370	59727	1	0.000219
59370	59729	1	0.000219
59370	59223	2	0.000439
59370	59243	3	0.000658
59370	59248	6	0.001316
59370	59766	3	0.000658
59370	59768	1	0.000219
59370	59271	14	0.003070
59370	60298	2	0.000439
59370	59790	4	0.000877
59370	60303	10	0.002193
59370	59280	1	0.000219
59370	59793	1	0.000219
59370	59796	2	0.000439
59370	59798	1	0.000219
59370	60321	1	0.000219
59370	60329	1	0.000219
59370	59308	1	0.000219
59370	60333	3	0.000658
59370	59822	1	0.000219
59370	59316	2	0.000439
59370	59840	4	0.000877
59370	59809	1	0.000219
59370	59337	1	0.000219
59370	60372	1	0.000219
59370	60373	2	0.000439
59370	59215	1	0.000219
59370	60581	2	0.000439
59370	59367	260	0.057005
59370	59368	11	0.002412
59370	59884	1	0.000219
59370	60407	2	0.000439
59370	59384	1	0.000219
59370	60409	1	0.000219
59370	60413	1	0.000219
59372	59513	1	0.006536
59372	60690	2	0.013072
59372	59590	2	0.013072
59372	59422	1	0.006536
59373	60260	1	0.000599
59373	59325	2	0.001198
59373	59148	1	0.000599
59373	59367	4	0.002397
59373	59881	2	0.001198
59373	60295	1	0.000599
59373	60652	2	0.001198
59373	59165	1	0.000599
59373	59505	2	0.001198
59373	59538	143	0.085680
59373	60635	2	0.001198
59373	59997	2	0.001198
59374	59538	9	0.006152
59374	60163	1	0.000684
59374	59125	1	0.000684
59374	59367	1	0.000684
59375	60144	2	0.002484
59375	59545	2	0.002484
59375	59538	2	0.002484
59377	59590	1	0.001221
59377	59687	113	0.137973
59377	60108	112	0.136752
59377	59886	112	0.136752
59377	59538	27	0.032967
59377	59125	1	0.001221
59377	59325	1	0.001221
59378	59538	2	0.400000
59379	59385	1	0.012821
59379	60231	29	0.371795
59379	60559	1	0.012821
59379	59367	3	0.038462
59380	59843	3	0.004792
59380	59367	27	0.043131
59380	59370	3	0.004792
59380	59986	9	0.014377
59380	59257	6	0.009585
59380	60665	5	0.007987
59381	59777	35	0.084337
59381	59459	1	0.002410
59381	60324	22	0.053012
59381	59590	3	0.007229
59381	60006	4	0.009639
59381	59367	27	0.065060
59381	60680	3	0.007229
59381	60444	2	0.004819
59381	59783	2	0.004819
59381	60193	2	0.004819
59381	60174	1	0.002410
59381	59535	2	0.004819
59381	59248	1	0.002410
59381	59608	11	0.026506
59381	59986	15	0.036145
59381	59384	2	0.004819
59381	60409	3	0.007229
59381	59482	4	0.009639
59381	59196	4	0.009639
59381	59325	56	0.134940
59382	59783	2	0.040816
59383	60388	1	0.006757
59383	59590	1	0.006757
59383	59405	1	0.006757
59383	59538	1	0.006757
59383	60019	3	0.020270
59383	59316	1	0.006757
59383	60345	2	0.013514
59383	59674	1	0.006757
59383	59867	2	0.013514
59384	59777	1	0.000733
59384	60034	7	0.005128
59384	60420	1	0.000733
59384	59783	9	0.006593
59384	60680	8	0.005861
59384	59532	1	0.000733
59384	59405	2	0.001465
59384	59535	1	0.000733
59384	59538	7	0.005128
59384	60567	3	0.002198
59384	59937	2	0.001465
59384	60324	2	0.001465
59384	60329	3	0.002198
59384	60559	1	0.000733
59384	59312	1	0.000733
59384	60594	2	0.001465
59384	59322	1	0.000733
59384	59325	26	0.019048
59384	59459	4	0.002930
59384	59215	2	0.001465
59384	59590	6	0.004396
59384	60360	5	0.003663
59384	59855	25	0.018315
59384	59858	2	0.001465
59384	59220	1	0.000733
59384	59479	6	0.004396
59384	59608	2	0.001465
59384	59355	692	0.506960
59384	59869	1	0.000733
59384	60389	2	0.001465
59384	59367	1	0.000733
59384	59496	1	0.000733
59384	60141	2	0.001465
59384	59860	3	0.002198
59384	59510	2	0.001465
59384	60409	4	0.002930
59384	59518	1	0.000733
59384	60031	1	0.000733
59385	60006	1	0.058824
59385	59590	1	0.058824
59385	59783	1	0.058824
59385	60231	1	0.058824
59385	59788	1	0.058824
59385	60662	2	0.117647
59387	59902	26	1.181818
59388	59538	1	1.000000
59389	59937	6	0.007702
59389	60354	6	0.007702
59389	59675	6	0.007702
59389	60113	2	0.002567
59389	60329	801	1.028241
59389	60076	2	0.002567
59389	59687	4	0.005135
59389	59860	2	0.002567
59389	59986	4	0.005135
59389	60270	2	0.002567
59389	59311	8	0.010270
59389	59505	1014	1.301669
59389	59154	4	0.005135
59389	59316	1	0.001284
59389	59477	14	0.017972
59389	60377	2	0.002567
59389	59384	3	0.003851
59389	59641	8	0.010270
59389	59535	6	0.007702
59389	59836	4	0.005135
59391	59701	2	0.000150
59391	60413	1	0.000075
