Src	Trg	LinkCount	RelLinkCount
32768	31776	5	0.008333
32768	31844	4	0.006667
32768	32261	3	0.005000
32768	32519	1	0.001667
32768	32651	6	0.010000
32768	32471	3	0.005000
32768	32690	3	0.005000
32768	32278	1	0.001667
32768	32599	8	0.013333
32768	32696	66	0.110000
32768	31802	3	0.005000
32768	32219	1	0.001667
32770	32848	4	0.021053
32773	31844	1	0.001209
32773	32965	2	0.002418
32773	32936	2	0.002418
32773	32431	1	0.001209
32773	32048	1	0.001209
32773	31737	1	0.001209
32773	31295	1	0.001209
32774	31649	1	0.002740
32774	33074	2	0.005479
32774	31179	3	0.008219
32774	32270	1	0.002740
32776	32160	1	0.005848
32776	31844	1	0.005848
32776	32149	1	0.005848
32776	32447	1	0.005848
32778	32524	148	2.508475
32779	32896	34	1.000000
32779	32960	1	0.029412
32779	32266	1	0.029412
32779	32647	34	1.000000
32779	32520	1	0.029412
32779	32522	1	0.029412
32779	32791	34	1.000000
32779	32770	1	0.029412
32779	32145	34	1.000000
32779	31508	1	0.029412
32779	32149	43	1.264706
32779	31882	1	0.029412
32779	32601	34	1.000000
32779	32664	34	1.000000
32779	32922	1	0.029412
32779	32239	1	0.029412
32779	31813	34	1.000000
32779	31648	34	1.000000
32779	31778	1	0.029412
32779	31524	39	1.147059
32779	32424	34	1.000000
32779	32848	1	0.029412
32779	31276	1	0.029412
32779	32302	1	0.029412
32779	31537	34	1.000000
32779	31538	1	0.029412
32779	32182	1	0.029412
32779	32695	1	0.029412
32779	31545	1	0.029412
32779	32698	39	1.147059
32779	32927	34	1.000000
32779	31805	34	1.000000
32779	32830	1	0.029412
32779	32319	1	0.029412
32779	31424	34	1.000000
32779	32160	1	0.029412
32779	31555	34	1.000000
32779	32452	1	0.029412
32779	32837	36	1.058824
32779	32198	44	1.294118
32779	31662	1	0.029412
32779	31820	34	1.000000
32779	31488	1	0.029412
32779	31819	34	1.000000
32779	32204	34	1.000000
32779	32845	34	1.000000
32779	31406	1	0.029412
32779	31825	1	0.029412
32779	32339	1	0.029412
32779	32084	1	0.029412
32779	32469	38	1.117647
32779	32726	1	0.029412
32779	31575	34	1.000000
32779	32676	34	1.000000
32779	32218	34	1.000000
32779	32475	34	1.000000
32779	31196	34	1.000000
32779	31710	34	1.000000
32779	32863	34	1.000000
32779	32993	1	0.029412
32779	31459	1	0.029412
32779	31462	34	1.000000
32779	31633	2	0.058824
32779	31208	1	0.029412
32779	32636	34	1.000000
32779	32746	1	0.029412
32779	31854	1	0.029412
32779	32637	1	0.029412
32779	32243	34	1.000000
32779	31486	1	0.029412
32779	31990	1	0.029412
32779	32247	34	1.000000
32779	31995	2	0.058824
32779	32764	34	1.000000
32779	31466	2	0.058824
32779	32254	34	1.000000
32780	31776	2	0.001717
32780	31712	2	0.001717
32780	32419	5	0.004292
32780	31844	16	0.013734
32780	32229	8	0.006867
32780	32654	2	0.001717
32780	32651	1	0.000858
32780	32270	6	0.005150
32780	32431	3	0.002575
32780	33072	2	0.001717
32780	31219	2	0.001717
32780	32085	3	0.002575
32780	32599	4	0.003433
32780	32696	1	0.000858
32780	31295	1	0.000858
32780	32122	2	0.001717
32780	32219	7	0.006009
32780	31587	2	0.001717
32780	32638	2	0.001717
32780	32261	2	0.001717
32782	32737	2	0.002762
32782	31844	13	0.017956
32782	32965	8	0.011050
32782	32714	2	0.002762
32782	31822	29	0.040055
32782	32944	6	0.008287
32782	32979	12	0.016575
32782	32278	5	0.006906
32782	31287	12	0.016575
32782	32792	16	0.022099
32782	31737	2	0.002762
32782	31178	2	0.002762
32782	31711	2	0.002762
32784	32736	31	0.141553
32784	32673	2	0.009132
32784	31267	2	0.009132
32784	31844	2	0.009132
32784	32965	2	0.009132
32784	31776	2	0.009132
32784	33066	2	0.009132
32784	31179	4	0.018265
32784	32261	2	0.009132
32784	32431	2	0.009132
32784	31316	3	0.013699
32784	32624	9	0.041096
32784	31252	1	0.004566
32784	32599	2	0.009132
32784	32696	2	0.009132
32784	31257	6	0.027397
32784	31226	1	0.004566
32784	32219	15	0.068493
32784	31295	4	0.018265
32784	32447	4	0.018265
32790	32354	1	0.005291
32790	32419	1	0.005291
32790	31844	3	0.015873
32790	32370	1	0.005291
32790	31284	1	0.005291
32790	32405	1	0.005291
32790	33050	10	0.052910
32790	31295	1	0.005291
32790	32796	1	0.005291
32790	31775	114	0.603175
32791	32896	34	1.000000
32791	32960	1	0.029412
32791	32266	1	0.029412
32791	32647	34	1.000000
32791	32520	1	0.029412
32791	31276	1	0.029412
32791	32522	2	0.058824
32791	32779	34	1.000000
32791	32770	1	0.029412
32791	32145	34	1.000000
32791	31508	1	0.029412
32791	32149	43	1.264706
32791	31882	1	0.029412
32791	32664	34	1.000000
32791	32922	1	0.029412
32791	32239	1	0.029412
32791	31813	34	1.000000
32791	31648	34	1.000000
32791	31778	1	0.029412
32791	31524	39	1.147059
32791	32424	34	1.000000
32791	32848	1	0.029412
32791	32927	34	1.000000
32791	32302	1	0.029412
32791	31537	34	1.000000
32791	31538	1	0.029412
32791	32182	2	0.058824
32791	32695	1	0.029412
32791	31545	1	0.029412
32791	32698	38	1.117647
32791	32676	34	1.000000
32791	31805	34	1.000000
32791	32830	1	0.029412
32791	32319	1	0.029412
32791	31424	34	1.000000
32791	32160	1	0.029412
32791	31555	34	1.000000
32791	32452	1	0.029412
32791	32837	36	1.058824
32791	32198	45	1.323529
32791	31662	1	0.029412
32791	31820	34	1.000000
32791	31488	1	0.029412
32791	31819	34	1.000000
32791	32204	34	1.000000
32791	32845	34	1.000000
32791	31406	1	0.029412
32791	31825	1	0.029412
32791	32339	1	0.029412
32791	32084	1	0.029412
32791	32469	38	1.117647
32791	32726	1	0.029412
32791	31575	34	1.000000
32791	32601	34	1.000000
32791	32218	34	1.000000
32791	32475	34	1.000000
32791	31196	34	1.000000
32791	31710	34	1.000000
32791	32863	34	1.000000
32791	32993	1	0.029412
32791	31459	1	0.029412
32791	31462	34	1.000000
32791	31633	2	0.058824
32791	31208	1	0.029412
32791	32636	34	1.000000
32791	32746	1	0.029412
32791	31854	1	0.029412
32791	32637	1	0.029412
32791	32243	34	1.000000
32791	31486	1	0.029412
32791	31990	1	0.029412
32791	32247	34	1.000000
32791	31995	1	0.029412
32791	32764	34	1.000000
32791	31466	2	0.058824
32791	32254	34	1.000000
32792	31776	1	0.000933
32792	31844	4	0.003731
32792	32804	1	0.000933
32792	32965	4	0.003731
32792	32261	1	0.000933
32792	31373	3	0.002799
32792	31822	1092	1.018657
32792	32944	1	0.000933
32792	32856	2	0.001866
32792	32278	6	0.005597
32792	31287	1065	0.993470
32792	32696	6	0.005597
32792	31737	4	0.003731
32792	31295	1	0.000933
32792	32447	1006	0.938433
32793	31844	4	0.009029
32793	32330	2	0.004515
32793	32942	2	0.004515
32793	32399	7	0.015801
32793	31541	2	0.004515
32793	32696	1	0.002257
32793	31578	4	0.009029
32793	32026	1	0.002257
32794	31522	2	0.019048
32794	32171	2	0.019048
32795	31688	6	0.352941
32795	32172	3	0.176471
32796	31232	1	0.000538
32796	32258	4	0.002153
32796	31235	1	0.000538
32796	32261	4	0.002153
32796	31750	1	0.000538
32796	32267	1	0.000538
32796	32270	56	0.030140
32796	31252	5	0.002691
32796	31254	1	0.000538
32796	32281	1	0.000538
32796	31258	1	0.000538
32796	32795	1	0.000538
32796	31266	1	0.000538
32796	32804	1	0.000538
32796	31781	11	0.005920
32796	32809	1	0.000538
32796	32298	1	0.000538
32796	31799	74	0.039828
32796	32824	2	0.001076
32796	32314	1	0.000538
32796	32316	1	0.000538
32796	31295	62	0.033369
32796	32324	1	0.000538
32796	31301	1	0.000538
32796	31305	1	0.000538
32796	31309	1	0.000538
32796	31824	1	0.000538
32796	31828	1	0.000538
32796	32853	1	0.000538
32796	31833	46	0.024758
32796	32859	1	0.000538
32796	31836	1	0.000538
32796	31838	1	0.000538
32796	31327	1	0.000538
32796	32864	1	0.000538
32796	31329	1	0.000538
32796	32354	32	0.017223
32796	31844	4	0.002153
32796	31288	1	0.000538
32796	31336	1	0.000538
32796	31970	1	0.000538
32796	32874	1	0.000538
32796	32366	1	0.000538
32796	32881	1	0.000538
32796	31350	1	0.000538
32796	31351	1	0.000538
32796	31868	1	0.000538
32796	31361	1	0.000538
32796	31875	1	0.000538
32796	31878	1	0.000538
32796	32391	3	0.001615
32796	31375	1	0.000538
32796	31888	1	0.000538
32796	31891	1	0.000538
32796	32406	2	0.001076
32796	32923	36	0.019376
32796	32412	1	0.000538
32796	32931	2	0.001076
32796	31396	1	0.000538
32796	32933	1	0.000538
32796	31911	1	0.000538
32796	31405	1	0.000538
32796	32942	2	0.001076
32796	32431	9	0.004844
32796	32432	1	0.000538
32796	32433	1	0.000538
32796	32434	1	0.000538
32796	32435	1	0.000538
32796	32063	1	0.000538
32796	32447	1613	0.868138
32796	32449	1	0.000538
32796	32203	1	0.000538
32796	31428	1	0.000538
32796	32965	3	0.001615
32796	32966	1	0.000538
32796	31943	1	0.000538
32796	31948	1	0.000538
32796	32977	1	0.000538
32796	31955	1	0.000538
32796	31444	1	0.000538
32796	31446	1	0.000538
32796	31447	1	0.000538
32796	32473	1	0.000538
32796	32994	1	0.000538
32796	31972	1	0.000538
32796	31461	1	0.000538
32796	31467	1	0.000538
32796	31980	1	0.000538
32796	31821	1	0.000538
32796	33007	1	0.000538
32796	31985	1	0.000538
32796	31474	2	0.001076
32796	31477	1	0.000538
32796	31478	1	0.000538
32796	31482	1	0.000538
32796	32507	1	0.000538
32796	31484	1	0.000538
32796	32333	1	0.000538
32796	31999	1	0.000538
32796	32515	1	0.000538
32796	32009	1	0.000538
32796	32019	1	0.000538
32796	32532	1	0.000538
32796	32534	2	0.001076
32796	31514	2	0.001076
32796	32029	2	0.001076
32796	32030	2	0.001076
32796	32036	1	0.000538
32796	33067	1	0.000538
32796	32558	1	0.000538
32796	33074	24	0.012917
32796	32053	1	0.000538
32796	33087	2	0.001076
32796	31553	1	0.000538
32796	32578	1	0.000538
32796	32069	1	0.000538
32796	33098	4	0.002153
32796	32823	1	0.000538
32796	32588	1	0.000538
32796	31565	1	0.000538
32796	32593	1	0.000538
32796	32598	1	0.000538
32796	32088	1	0.000538
32796	32611	1	0.000538
32796	31590	1	0.000538
32796	32103	5	0.002691
32796	31594	1	0.000538
32796	32112	1	0.000538
32796	31605	2	0.001076
32796	31607	1	0.000538
32796	31608	1	0.000538
32796	31807	32	0.017223
32796	31613	1	0.000538
32796	31615	1	0.000538
32796	31623	1	0.000538
32796	32651	10	0.005382
32796	31634	3	0.001615
32796	32666	1	0.000538
32796	31557	49	0.026372
32796	31649	1	0.000538
32796	32677	2	0.001076
32796	31658	3	0.001615
32796	31659	1	0.000538
32796	32498	1	0.000538
32796	31665	1	0.000538
32796	32696	1	0.000538
32796	32159	1	0.000538
32796	32190	1	0.000538
32796	32704	1	0.000538
32796	31682	2	0.001076
32796	31171	1	0.000538
32796	32200	1	0.000538
32796	31179	2	0.001076
32796	31183	2	0.001076
32796	32249	1	0.000538
32796	32728	1	0.000538
32796	32219	38	0.020452
32796	32735	1	0.000538
32796	32743	1	0.000538
32796	31209	1	0.000538
32796	32748	1	0.000538
32796	31732	1	0.000538
32796	31221	1	0.000538
32796	31737	1	0.000538
32796	31226	1	0.000538
32796	32171	2	0.001076
32797	31295	1	0.019608
32800	32696	2	0.010000
32800	32258	2	0.010000
32800	32231	2	0.010000
32801	32256	862	0.172780
32801	32528	13	0.002606
32801	31234	8	0.001604
32801	32998	5	0.001002
32801	31564	6	0.001203
32801	31210	7	0.001403
32801	32524	1	0.000200
32801	31730	6	0.001203
32801	31246	212	0.042493
32801	32815	2	0.000401
32801	32496	6	0.001203
32801	31666	7	0.001403
32801	32076	6	0.001203
32801	32118	5	0.001002
32801	31351	2	0.000401
32801	32856	8	0.001604
32801	33113	7	0.001403
32801	33050	72	0.014432
32801	31612	10	0.002004
32801	31518	6	0.001203
32807	32171	134	6.380952
32808	32531	1	0.018182
32808	32419	1	0.018182
32808	31403	2	0.036364
32809	32640	1	0.050000
32814	32736	1	0.004808
32814	31712	1	0.004808
32814	32261	1	0.004808
32814	32651	1	0.004808
32814	31342	1	0.004808
32814	33072	1494	7.182692
32814	31634	1	0.004808
32814	32270	1	0.004808
32814	32696	1	0.004808
32814	31737	2	0.009615
32814	31295	1	0.004808
32815	32256	548	0.173748
32815	31234	5	0.001585
32815	32524	1	0.000317
32815	31246	472	0.149651
32815	32528	4	0.001268
32815	33113	6	0.001902
32815	32280	1	0.000317
32815	33050	16	0.005073
32815	31518	5	0.001585
32815	32801	7	0.002219
32815	33067	1	0.000317
32815	31666	6	0.001902
32815	32431	1	0.000317
32815	33074	3	0.000951
32815	31649	1	0.000317
32815	31564	5	0.001585
32815	32076	5	0.001585
32815	32856	5	0.001585
32815	31193	1	0.000317
32815	32998	5	0.001585
32815	31210	7	0.002219
32815	32496	5	0.001585
32815	31730	5	0.001585
32815	32118	4	0.001268
32815	31612	9	0.002854
32822	32740	1	0.166667
32824	32336	2	0.001198
32824	32936	1	0.000599
32824	33004	1	0.000599
32824	32172	5	0.002994
32824	31568	7	0.004192
32824	33074	1	0.000599
32824	31541	4	0.002395
32824	31295	9	0.005389
32824	31807	20	0.011976
32825	32696	1	0.006098
32825	31266	1	0.006098
32825	32339	1	0.006098
32827	32096	1	0.010526
32827	32696	1	0.010526
32827	31868	2	0.021053
32827	31765	1	0.010526
32828	31426	2	0.000960
32828	32965	9	0.004321
32828	32746	2	0.000960
32828	32812	2	0.000960
32828	31822	26	0.012482
32828	31599	2	0.000960
32828	32696	2	0.000960
32828	32026	2	0.000960
32828	32830	2	0.000960
32830	32640	2	0.001369
32830	32258	6	0.004107
32830	31748	1	0.000684
32830	32965	4	0.002738
32830	31822	1	0.000684
32830	32910	9	0.006160
32830	32431	1	0.000684
32830	32848	1	0.000684
32830	31985	1451	0.993155
32830	32149	2	0.001369
32830	32696	3	0.002053
32830	32796	1	0.000684
32830	31678	1	0.000684
32830	31295	3	0.002053
32831	32261	16	0.017917
32831	32519	3	0.003359
32831	32651	2	0.002240
32831	32142	2	0.002240
32831	31634	12	0.013438
32831	32147	8	0.008959
32831	32796	9	0.010078
32831	32965	18	0.020157
32831	31776	3	0.003359
32831	32419	1	0.001120
32831	33029	3	0.003359
32831	31623	2	0.002240
32831	32172	5	0.005599
32831	32431	3	0.003359
32831	32696	26	0.029115
32831	32447	11	0.012318
32831	31682	12	0.013438
32831	31557	4	0.004479
32831	32582	3	0.003359
32831	33102	1	0.001120
32831	32599	384	0.430011
32831	32219	19	0.021277
32831	33116	21	0.023516
32831	32736	383	0.428891
32831	31844	20	0.022396
32831	31978	7	0.007839
32831	32751	3	0.003359
32831	31737	29	0.032475
32831	31295	120	0.134378
32832	32673	3	0.005199
32832	31174	14	0.024263
32832	32696	10	0.017331
32832	31252	4	0.006932
32832	31576	372	0.644714
32832	32219	12	0.020797
32832	31295	4	0.006932
32833	31688	1	0.003623
32836	32696	2	0.095238
32836	31997	2	0.095238
32837	31300	6	0.240000
32837	32198	2	0.080000
32837	32201	25	1.000000
32837	31247	6	0.240000
32837	32698	2	0.080000
32837	31295	5	0.200000
32843	31682	242	0.526087
32843	31844	244	0.530435
32843	31721	245	0.532609
32843	31499	2	0.004348
32843	32172	484	1.052174
32843	32696	3	0.006522
32843	31737	6	0.013043
32843	31295	7	0.015217
32845	32896	34	1.000000
32845	32960	1	0.029412
32845	32770	1	0.029412
32845	32302	1	0.029412
32845	32647	34	1.000000
32845	32520	1	0.029412
32845	32522	1	0.029412
32845	32779	34	1.000000
32845	32145	34	1.000000
32845	31508	1	0.029412
32845	32149	43	1.264706
32845	31882	1	0.029412
32845	32601	34	1.000000
32845	32664	34	1.000000
32845	32922	1	0.029412
32845	32239	1	0.029412
32845	31813	34	1.000000
32845	31648	34	1.000000
32845	31778	1	0.029412
32845	31524	39	1.147059
32845	32424	34	1.000000
32845	32848	1	0.029412
32845	31276	1	0.029412
32845	31662	2	0.058824
32845	31537	34	1.000000
32845	31538	1	0.029412
32845	32182	1	0.029412
32845	32695	1	0.029412
32845	32791	34	1.000000
32845	31545	1	0.029412
32845	32698	38	1.117647
32845	32927	34	1.000000
32845	31805	34	1.000000
32845	32830	1	0.029412
32845	32319	1	0.029412
32845	31424	34	1.000000
32845	32160	1	0.029412
32845	31555	34	1.000000
32845	32452	1	0.029412
32845	32837	36	1.058824
32845	32198	45	1.323529
32845	31820	34	1.000000
32845	31488	1	0.029412
32845	31819	34	1.000000
32845	32204	34	1.000000
32845	32266	1	0.029412
32845	31406	1	0.029412
32845	31825	1	0.029412
32845	32339	1	0.029412
32845	32084	1	0.029412
32845	32469	38	1.117647
32845	32726	1	0.029412
32845	31575	34	1.000000
32845	32676	34	1.000000
32845	32218	34	1.000000
32845	32475	34	1.000000
32845	31196	34	1.000000
32845	31710	34	1.000000
32845	32863	34	1.000000
32845	32993	1	0.029412
32845	31459	1	0.029412
32845	31462	34	1.000000
32845	31633	2	0.058824
32845	31208	1	0.029412
32845	32636	34	1.000000
32845	32746	1	0.029412
32845	31854	1	0.029412
32845	32637	1	0.029412
32845	32243	34	1.000000
32845	31486	1	0.029412
32845	31990	1	0.029412
32845	32247	34	1.000000
32845	31995	1	0.029412
32845	32764	34	1.000000
32845	31466	2	0.058824
32845	32254	34	1.000000
32846	31362	2	0.002299
32846	31557	2	0.002299
32846	31179	13	0.014943
32846	32354	3	0.003448
32846	32270	2	0.002299
32846	31761	1	0.001149
32846	32278	2	0.002299
32846	31193	1	0.001149
32846	31737	3	0.003448
32848	32354	2	0.005025
32848	32460	6	0.015075
32848	32770	1	0.002513
32848	32910	3	0.007538
32848	33074	1	0.002513
32848	32696	1	0.002513
32848	31833	1	0.002513
32848	33050	1	0.002513
32848	31295	1	0.002513
32850	32696	2	0.021505
32850	31295	5	0.053763
32850	32419	4	0.043011
32850	31844	2	0.021505
32850	32895	5	0.053763
32853	31553	2	0.026316
32853	31781	1	0.013158
32853	31649	1	0.013158
32853	33067	1	0.013158
32853	31287	1	0.013158
32853	32280	8	0.105263
32853	31833	1	0.013158
32853	32219	1	0.013158
32853	32734	1	0.013158
32853	31557	1	0.013158
32854	32096	11	1.000000
32854	32002	11	1.000000
32854	32099	11	1.000000
32854	32679	11	1.000000
32854	32968	11	1.000000
32854	31497	11	1.000000
32854	32807	11	1.000000
32854	32332	11	1.000000
32854	32013	11	1.000000
32854	31339	11	1.000000
32854	32431	11	1.000000
32854	32208	11	1.000000
32854	32114	11	1.000000
32854	32158	11	1.000000
32854	31610	1	0.090909
32854	32171	33	3.000000
32854	32926	11	1.000000
32855	31634	1	0.016667
32855	32219	27	0.450000
32855	32278	1	0.016667
32856	31776	1	0.000681
32856	31844	3	0.002042
32856	31287	1	0.000681
32856	32172	1	0.000681
32856	31310	1	0.000681
32856	32303	1	0.000681
32856	32696	3	0.002042
32856	31698	1	0.000681
32856	32147	1	0.000681
32856	31822	18	0.012253
32856	32599	3	0.002042
32856	32792	1	0.000681
32856	31295	2	0.001361
32857	31634	3	0.006881
32863	32896	34	1.000000
32863	32960	1	0.029412
32863	32770	1	0.029412
32863	32647	34	1.000000
32863	32520	1	0.029412
32863	31276	1	0.029412
32863	32266	2	0.058824
32863	32779	34	1.000000
32863	32145	34	1.000000
32863	31508	1	0.029412
32863	32149	44	1.294118
32863	31882	1	0.029412
32863	32791	34	1.000000
32863	32664	34	1.000000
32863	32922	1	0.029412
32863	32239	1	0.029412
32863	31813	34	1.000000
32863	32160	2	0.058824
32863	31778	1	0.029412
32863	31524	39	1.147059
32863	32424	34	1.000000
32863	32848	1	0.029412
32863	32522	1	0.029412
32863	32927	34	1.000000
32863	32302	1	0.029412
32863	31537	34	1.000000
32863	31538	1	0.029412
32863	32182	1	0.029412
32863	32695	1	0.029412
32863	31545	1	0.029412
32863	32698	38	1.117647
32863	32676	34	1.000000
32863	31805	34	1.000000
32863	32830	1	0.029412
32863	32319	1	0.029412
32863	31424	34	1.000000
32863	31648	34	1.000000
32863	31555	34	1.000000
32863	32452	1	0.029412
32863	32837	36	1.058824
32863	32198	44	1.294118
32863	31662	1	0.029412
32863	31820	34	1.000000
32863	31488	1	0.029412
32863	31819	34	1.000000
32863	32204	34	1.000000
32863	32845	34	1.000000
32863	31406	1	0.029412
32863	31825	1	0.029412
32863	32339	1	0.029412
32863	32084	1	0.029412
32863	32469	38	1.117647
32863	32726	1	0.029412
32863	31575	34	1.000000
32863	32601	34	1.000000
32863	32218	34	1.000000
32863	32475	34	1.000000
32863	31196	34	1.000000
32863	31710	34	1.000000
32863	32993	1	0.029412
32863	31459	1	0.029412
32863	31462	34	1.000000
32863	31633	2	0.058824
32863	31208	1	0.029412
32863	32636	34	1.000000
32863	32746	1	0.029412
32863	31854	1	0.029412
32863	32637	1	0.029412
32863	32243	34	1.000000
32863	31486	1	0.029412
32863	31990	1	0.029412
32863	32247	34	1.000000
32863	31995	1	0.029412
32863	32764	34	1.000000
32863	31466	2	0.058824
32863	32254	34	1.000000
32867	31623	826	118.000000
32868	32736	4	0.010870
32868	32258	2	0.005435
32868	32651	4	0.010870
32868	31844	2	0.005435
32868	32965	6	0.016304
32868	32519	2	0.005435
32868	32107	2	0.005435
32868	31659	2	0.005435
32868	31984	2	0.005435
32868	32147	12	0.032609
32868	32419	2	0.005435
32868	32214	2	0.005435
32868	32599	2	0.005435
32868	32696	10	0.027174
32868	31737	2	0.005435
32868	32219	6	0.016304
32868	31295	6	0.016304
32869	32335	1	0.023810
32870	31332	3	0.005859
32871	31355	1	0.000439
32871	32553	3	0.001317
32871	31287	4877	2.140913
32871	31822	14	0.006146
32871	32431	10	0.004390
32871	32599	3	0.001317
32871	32846	3	0.001317
32871	31351	14	0.006146
32871	31193	3	0.001317
32871	31258	2	0.000878
32871	32219	162	0.071115
32871	32253	1	0.000439
32871	31295	27	0.011853
32873	32413	1	0.020408
32873	31489	1	0.020408
32873	32258	6	0.122449
32873	31659	2	0.040816
32873	33046	1	0.020408
32873	32774	3	0.061224
32873	32519	2	0.040816
32873	32419	1	0.020408
32873	32651	8	0.163265
32873	32396	5	0.102041
32873	32391	2	0.040816
32873	31634	2	0.040816
32873	31763	1	0.020408
32873	32533	3	0.061224
32873	32278	13	0.265306
32873	31896	1	0.020408
32873	32796	4	0.081633
32873	31645	1	0.020408
32873	32030	1	0.020408
32873	32415	1	0.020408
32873	31776	18	0.367347
32873	31905	1	0.020408
32873	31267	2	0.040816
32873	32677	1	0.020408
32873	32040	1	0.020408
32873	32022	1	0.020408
32873	31367	11	0.224490
32873	32172	20	0.408163
32873	32431	2190	44.693878
32873	32310	50	1.020408
32873	31799	5	0.102041
32873	32696	29	0.591837
32873	32447	9	0.183673
32873	32715	2	0.040816
32873	32965	6	0.122449
32873	31688	1	0.020408
32873	31689	1	0.020408
32873	31179	8	0.163265
32873	32972	1	0.020408
32873	31822	1	0.020408
32873	32722	1	0.020408
32873	32163	1	0.020408
32873	31310	1	0.020408
32873	31190	1	0.020408
32873	32599	11	0.224490
32873	32216	1	0.020408
32873	32345	2	0.040816
32873	31195	1	0.020408
32873	32261	2	0.040816
32873	32478	1	0.020408
32873	31711	4	0.081633
32873	32736	10	0.204082
32873	32354	1	0.020408
32873	31355	1	0.020408
32873	31844	8	0.163265
32873	32103	107	2.183673
32873	31978	1	0.020408
32873	33006	1	0.020408
32873	32253	1	0.020408
32873	32624	1	0.020408
32873	32147	1	0.020408
32873	32126	1	0.020408
32873	31478	1	0.020408
32873	32888	2	0.040816
32873	31737	17	0.346939
32873	31295	20	0.408163
32873	32765	2	0.040816
32873	31614	1	0.020408
32874	32696	1	0.004237
32874	33074	2	0.008475
32876	32447	1	0.026316
32877	32696	10	0.101010
32877	32298	3	0.030303
32877	31780	10	0.101010
32879	31200	1	0.026316
32880	32696	2	0.006757
32880	31426	2	0.006757
32880	31822	4	0.013514
32880	32278	2	0.006757
32880	32965	4	0.013514
32881	31233	71	0.123264
32881	32004	71	0.123264
32881	31463	71	0.123264
32881	32073	71	0.123264
32881	31278	71	0.123264
32881	31770	71	0.123264
32882	31489	1	0.002415
32882	31362	3	0.007246
32882	32651	3	0.007246
32882	32142	1	0.002415
32882	31634	1	0.002415
32882	32278	1	0.002415
32882	32410	1	0.002415
32882	32253	2	0.004831
32882	31776	2	0.004831
32882	31195	3	0.007246
32882	32172	84	0.202899
32882	32431	1	0.002415
32882	31550	1	0.002415
32882	31295	20	0.048309
32882	31682	2	0.004831
32882	31430	1	0.002415
32882	31688	1	0.002415
32882	31179	1286	3.106280
32882	32219	15	0.036232
32882	32447	9	0.021739
32882	32736	1	0.002415
32882	31844	1	0.002415
32882	31978	6	0.014493
32882	32765	1	0.002415
32882	31478	6	0.014493
32882	31355	2	0.004831
32882	32509	1	0.002415
32885	31737	4	0.011461
32885	32399	2	0.005731
32889	31868	2	2.000000
32890	32881	2	0.074074
32890	31814	1	0.037037
32892	32736	1	0.025641
32892	31490	1	0.025641
32892	31755	1	0.025641
32892	32017	1	0.025641
32892	31975	1	0.025641
32892	31761	1	0.025641
32892	31286	1	0.025641
32892	31866	1	0.025641
32892	32954	1	0.025641
32894	32736	1	0.029412
32894	31490	1	0.029412
32894	31755	1	0.029412
32894	32017	1	0.029412
32894	31975	1	0.029412
32894	31761	1	0.029412
32894	31286	1	0.029412
32894	31866	1	0.029412
32894	32954	1	0.029412
32896	31488	1	0.029412
32896	32960	1	0.029412
32896	32770	1	0.029412
32896	32647	34	1.000000
32896	32520	1	0.029412
32896	32522	1	0.029412
32896	32779	34	1.000000
32896	32145	34	1.000000
32896	31508	1	0.029412
32896	32149	43	1.264706
32896	31882	1	0.029412
32896	32601	34	1.000000
32896	32664	34	1.000000
32896	32922	1	0.029412
32896	32239	1	0.029412
32896	31813	34	1.000000
32896	31648	34	1.000000
32896	31778	1	0.029412
32896	31524	39	1.147059
32896	32424	34	1.000000
32896	32848	1	0.029412
32896	31276	1	0.029412
32896	32302	1	0.029412
32896	31537	34	1.000000
32896	31538	1	0.029412
32896	32182	1	0.029412
32896	32695	1	0.029412
32896	32791	34	1.000000
32896	31545	1	0.029412
32896	32698	38	1.117647
32896	32927	34	1.000000
32896	31805	34	1.000000
32896	32830	1	0.029412
32896	32319	1	0.029412
32896	31424	34	1.000000
32896	32160	1	0.029412
32896	31555	34	1.000000
32896	32452	1	0.029412
32896	32837	36	1.058824
32896	32198	44	1.294118
32896	31662	1	0.029412
32896	31820	34	1.000000
32896	32266	1	0.029412
32896	31819	34	1.000000
32896	32204	34	1.000000
32896	32845	34	1.000000
32896	31406	1	0.029412
32896	31825	1	0.029412
32896	32339	1	0.029412
32896	32084	1	0.029412
32896	32469	39	1.147059
32896	32726	1	0.029412
32896	31575	34	1.000000
32896	32676	34	1.000000
32896	32218	34	1.000000
32896	32475	34	1.000000
32896	31196	34	1.000000
32896	31710	34	1.000000
32896	32863	34	1.000000
32896	32993	1	0.029412
32896	31459	1	0.029412
32896	31462	34	1.000000
32896	31633	2	0.058824
32896	31208	1	0.029412
32896	32636	34	1.000000
32896	32746	1	0.029412
32896	31854	1	0.029412
32896	32637	1	0.029412
32896	32243	34	1.000000
32896	31486	1	0.029412
32896	31990	1	0.029412
32896	32247	34	1.000000
32896	31995	1	0.029412
32896	32764	34	1.000000
32896	31466	2	0.058824
32896	32254	34	1.000000
32898	32867	2	0.285714
32898	31623	849	121.285714
32900	32258	1	0.000568
32900	32261	2	0.001135
32900	32519	5	0.002838
32900	31579	2	0.001135
32900	32599	30	0.017026
32900	32272	6	0.003405
32900	31761	4	0.002270
32900	32146	6	0.003405
32900	32533	1	0.000568
32900	32278	2	0.001135
32900	32024	2	0.001135
32900	31259	6	0.003405
32900	32965	6	0.003405
32900	31776	20	0.011351
32900	32419	2	0.001135
32900	32300	1	0.000568
32900	31789	7	0.003973
32900	32431	3	0.001703
32900	32304	6	0.003405
32900	31281	9	0.005108
32900	32079	2	0.001135
32900	33102	1	0.000568
32900	31414	2	0.001135
32900	32696	2	0.001135
32900	31295	73	0.041430
32900	31371	1	0.000568
32900	31222	1	0.000568
32900	32651	6	0.003405
32900	31950	1	0.000568
32900	33103	9	0.005108
32900	32468	2	0.001135
32900	32725	1	0.000568
32900	31959	8	0.004540
32900	31204	8	0.004540
32900	31578	1	0.000568
32900	32219	42	0.023837
32900	31452	2	0.001135
32900	31453	2	0.001135
32900	32736	58	0.032917
32900	31844	15	0.008513
32900	31978	2	0.001135
32900	31634	6	0.003405
32900	32246	4	0.002270
32900	31737	6	0.003405
32900	31483	2	0.001135
32901	31853	2	0.028986
32901	31623	4	0.057971
32902	31365	1	1.000000
32902	32796	1	1.000000
32902	32171	1	1.000000
32902	32909	5	5.000000
32902	33050	2	2.000000
32902	32604	1	1.000000
32904	32103	68	2.000000
32904	32219	173	5.088235
32904	32310	34	1.000000
32904	32431	1292	38.000000
32906	32304	2	0.002028
32906	32259	2	0.002028
32906	31844	4	0.004057
32906	31600	698	0.707911
32906	32696	6	0.006085
32906	31897	4	0.004057
32906	31295	2	0.002028
32908	33050	1	0.014286
32908	32460	4	0.057143
32909	32604	1	0.062500
32909	33050	2	0.125000
32909	32171	1	0.062500
32909	32796	1	0.062500
32909	31365	1	0.062500
32910	32640	2	0.011299
32910	32258	10	0.056497
32910	32965	1	0.005650
32910	32460	15	0.084746
32910	32270	4	0.022599
32910	32399	3	0.016949
32910	32599	3	0.016949
32910	32696	26	0.146893
32910	31961	3	0.016949
32910	33050	1	0.005650
32910	32431	3	0.016949
32910	31578	1	0.005650
32910	31295	1	0.005650
32911	32736	1	0.008621
32911	32961	1	0.008621
32911	32419	1	0.008621
32911	31844	2	0.017241
32911	32965	1	0.008621
32911	31816	1	0.008621
32911	32426	29	0.250000
32911	32651	115	0.991379
32911	31252	2	0.017241
32911	31893	1	0.008621
32911	32696	5	0.043103
32911	31737	20	0.172414
32911	31978	1	0.008621
32911	31711	19	0.163793
32915	32171	27	1.000000
32915	32574	27	1.000000
32919	32304	1	0.004149
32919	31937	1	0.004149
32919	32258	1	0.004149
32922	31538	7	0.114754
32922	32149	3	0.049180
32923	32640	1	0.000290
32923	32258	1	0.000290
32923	32391	1	0.000290
32923	32270	3	0.000869
32923	31761	4	0.001158
32923	31193	2	0.000579
32923	32280	1	0.000290
32923	31386	1	0.000290
32923	32431	5	0.001448
32923	32796	3	0.000869
32923	32029	1	0.000290
32923	32219	8	0.002317
32923	31557	1	0.000290
32923	31776	1	0.000290
32923	32419	1	0.000290
32923	32677	1	0.000290
32923	33067	2	0.000579
32923	31918	1	0.000290
32923	32687	2	0.000579
32923	32519	1	0.000290
32923	33074	13	0.003765
32923	33075	1	0.000290
32923	32696	3	0.000869
32923	31807	6	0.001738
32923	32965	4	0.001158
32923	32198	1	0.000290
32923	33098	2	0.000579
32923	31179	15	0.004344
32923	31822	1	0.000290
32923	31824	2	0.000579
32923	31828	1	0.000290
32923	32599	3	0.000869
32923	32336	1	0.000290
32923	31833	7	0.002027
32923	31195	8	0.002317
32923	32447	2	0.000579
32923	32736	4	0.001158
32923	31457	3	0.000869
32923	32354	1	0.000290
32923	31844	1	0.000290
32923	32873	1	0.000290
32923	33016	1	0.000290
32923	31353	7	0.002027
32923	31295	4	0.001158
32923	31999	27	0.007819
32924	31474	1	0.001135
32926	32696	2	0.044444
32926	31513	3	0.066667
32926	32171	1	0.022222
32927	32896	34	1.000000
32927	32960	1	0.029412
32927	32266	1	0.029412
32927	32647	34	1.000000
32927	32520	1	0.029412
32927	32522	1	0.029412
32927	32779	34	1.000000
32927	32770	1	0.029412
32927	32145	34	1.000000
32927	31508	1	0.029412
32927	32149	44	1.294118
32927	31882	1	0.029412
32927	32791	34	1.000000
32927	32664	34	1.000000
32927	32922	1	0.029412
32927	32239	1	0.029412
32927	31813	34	1.000000
32927	31648	34	1.000000
32927	31778	1	0.029412
32927	31524	39	1.147059
32927	32424	34	1.000000
32927	32848	1	0.029412
32927	31276	1	0.029412
32927	32302	1	0.029412
32927	31537	34	1.000000
32927	31538	1	0.029412
32927	32182	1	0.029412
32927	32695	1	0.029412
32927	31545	1	0.029412
32927	32698	38	1.117647
32927	32676	34	1.000000
32927	31805	34	1.000000
32927	32830	1	0.029412
32927	32319	1	0.029412
32927	31424	34	1.000000
32927	32160	1	0.029412
32927	31555	34	1.000000
32927	32452	2	0.058824
32927	32837	36	1.058824
32927	32198	44	1.294118
32927	31662	1	0.029412
32927	31820	34	1.000000
32927	31488	1	0.029412
32927	31819	34	1.000000
32927	32204	34	1.000000
32927	32845	34	1.000000
32927	31406	1	0.029412
32927	31825	1	0.029412
32927	32339	1	0.029412
32927	32084	1	0.029412
32927	32469	38	1.117647
32927	32726	1	0.029412
32927	31575	34	1.000000
32927	32601	34	1.000000
32927	32218	34	1.000000
32927	32475	34	1.000000
32927	31196	34	1.000000
32927	31710	34	1.000000
32927	32863	34	1.000000
32927	32993	1	0.029412
32927	31459	1	0.029412
32927	31462	34	1.000000
32927	31633	2	0.058824
32927	31208	1	0.029412
32927	32636	34	1.000000
32927	32746	2	0.058824
32927	31854	1	0.029412
32927	32637	1	0.029412
32927	32243	34	1.000000
32927	31486	1	0.029412
32927	31990	1	0.029412
32927	32247	34	1.000000
32927	31995	1	0.029412
32927	32764	34	1.000000
32927	31466	2	0.058824
32927	32254	34	1.000000
32934	32640	2	0.002972
32934	32258	4	0.005944
32934	32725	318	0.472511
32934	32734	5322	7.907875
32934	32910	59	0.087667
32936	31748	1	0.001427
32936	32261	2	0.002853
32936	32784	1	0.001427
32936	31762	1	0.001427
32936	32773	6	0.008559
32936	31780	2	0.002853
32936	31271	1	0.001427
32936	32302	1	0.001427
32936	32304	2	0.002853
32936	31803	1	0.001427
32936	31295	18	0.025678
32936	32323	1	0.001427
32936	32837	1	0.001427
32936	31822	1	0.001427
32936	31313	1	0.001427
32936	32868	1	0.001427
32936	31331	1	0.001427
32936	31844	5	0.007133
32936	32358	6	0.008559
32936	31505	1	0.001427
32936	31342	1	0.001427
32936	32887	2	0.002853
32936	31866	1	0.001427
32936	31881	1	0.001427
32936	32911	1	0.001427
32936	31894	1	0.001427
32936	32411	1	0.001427
32936	31395	1	0.001427
32936	32439	1	0.001427
32936	31420	2	0.002853
32936	32447	384	0.547789
32936	32965	2	0.002853
32936	31431	1	0.001427
32936	31433	1	0.001427
32936	31956	2	0.002853
32936	32469	1	0.001427
32936	31452	2	0.002853
32936	31454	1	0.001427
32936	31967	1	0.001427
32936	32995	7	0.009986
32936	32209	1	0.001427
32936	33004	1	0.001427
32936	33025	4	0.005706
32936	31490	2	0.002853
32936	31491	1	0.001427
32936	32014	1	0.001427
32936	32017	1	0.001427
32936	32542	1	0.001427
32936	31280	1	0.001427
32936	31522	1	0.001427
32936	31524	1	0.001427
32936	32037	1	0.001427
32936	31529	2	0.002853
32936	32048	1	0.001427
32936	33075	1	0.001427
32936	31548	1	0.001427
32936	32736	1173	1.673324
32936	31563	2	0.002853
32936	31568	6	0.008559
32936	32599	2	0.002853
32936	31576	1	0.001427
32936	31579	2	0.002853
32936	33119	1	0.001427
32936	31587	1	0.001427
32936	31975	2	0.002853
32936	32109	1	0.001427
32936	32745	1	0.001427
32936	32120	1	0.001427
32936	32130	1	0.001427
32936	32644	2	0.002853
32936	32645	1	0.001427
32936	32651	7	0.009986
32936	31332	2	0.002853
32936	32149	1	0.001427
32936	31651	2	0.002853
32936	32687	2	0.002853
32936	32696	1	0.001427
32936	32698	1	0.001427
32936	31682	3	0.004280
32936	32198	1	0.001427
32936	32721	1	0.001427
32936	32419	1	0.001427
32936	32219	8	0.011412
32936	31200	1	0.001427
32936	31202	1	0.001427
32936	32229	1	0.001427
32936	31721	1	0.001427
32936	31216	1	0.001427
32936	31733	4	0.005706
32936	31737	1	0.001427
32936	32252	1	0.001427
32940	31868	2	0.666667
32942	31578	4	0.153846
32942	32965	3	0.115385
32944	32512	6	0.005133
32944	31844	1	0.000855
32944	32965	3	0.002566
32944	31386	1	0.000855
32944	32391	1	0.000855
32944	32172	1	0.000855
32944	33098	6	0.005133
32944	32651	9	0.007699
32944	32261	2	0.001711
32944	32431	2	0.001711
32944	32280	1	0.000855
32944	31443	2	0.001711
32944	31252	6	0.005133
32944	32599	16	0.013687
32944	32696	2	0.001711
32944	31193	4	0.003422
32944	31737	3	0.002566
32944	32219	109	0.093242
32944	32447	5	0.004277
32944	32478	2	0.001711
32944	31295	72	0.061591
32946	32150	1	0.009615
32947	32690	1600	16.494845
32947	32471	2	0.020619
32948	32640	1	0.000847
32948	31435	1160	0.983051
32948	31371	1	0.000847
32948	31283	2320	1.966102
32948	31285	19717	16.709322
32948	33050	1	0.000847
32949	32736	2	0.001555
32949	31776	1	0.000778
32949	32258	2	0.001555
32949	31844	4	0.003110
32949	32261	19	0.014774
32949	32673	1	0.000778
32949	31688	1	0.000778
32949	32399	5	0.003888
32949	33000	3	0.002333
32949	32147	2	0.001555
32949	32629	2	0.001555
32949	32278	8	0.006221
32949	32599	7	0.005443
32949	32696	8	0.006221
32949	32217	3	0.002333
32949	33050	2	0.001555
32949	31631	1	0.000778
32949	31737	1	0.000778
32949	31295	34	0.026439
32951	31271	4	0.016000
32951	32077	2	0.008000
32951	31376	15	0.060000
32951	32722	2	0.008000
32951	32696	2	0.008000
32951	31737	2	0.008000
32951	31711	2	0.008000
32953	31360	1	0.017241
32953	31295	5	0.086207
32953	32979	1	0.017241
32953	31167	1	0.017241
32960	32796	9	0.013720
32960	31295	48	0.073171
32961	31252	3	0.040000
32962	32026	4	0.016878
32962	31748	10	0.042194
32962	32258	1	0.004219
32963	31332	3	0.272727
32964	32460	10	5.000000
32965	32258	6	0.008403
32965	31748	3	0.004202
32965	32261	3	0.004202
32965	31755	1	0.001401
32965	32784	1	0.001401
32965	31762	7	0.009804
32965	31776	5	0.007003
32965	31780	3	0.004202
32965	32302	1	0.001401
32965	31280	1	0.001401
32965	31803	1	0.001401
32965	31295	2	0.002801
32965	32323	1	0.001401
32965	32837	1	0.001401
32965	31313	1	0.001401
32965	32345	1	0.001401
32965	31331	1	0.001401
32965	31844	2	0.002801
32965	31505	1	0.001401
32965	31342	1	0.001401
32965	32887	1	0.001401
32965	32888	1	0.001401
32965	31866	1	0.001401
32965	31355	1	0.001401
32965	31362	1	0.001401
32965	32900	2	0.002801
32965	31881	1	0.001401
32965	32394	1	0.001401
32965	31371	1	0.001401
32965	32396	8	0.011204
32965	32399	3	0.004202
32965	31894	3	0.004202
32965	31897	3	0.004202
32965	32410	1	0.001401
32965	32411	1	0.001401
32965	31395	1	0.001401
32965	32936	1	0.001401
32965	32431	14	0.019608
32965	32944	2	0.002801
32965	32542	1	0.001401
32965	32439	1	0.001401
32965	32447	11	0.015406
32965	31430	1	0.001401
32965	31431	1	0.001401
32965	31433	1	0.001401
32965	32469	1	0.001401
32965	31454	3	0.004202
32965	31967	1	0.001401
32965	31975	1	0.001401
32965	32489	1	0.001401
32965	33004	1	0.001401
32965	31490	1	0.001401
32965	31491	1	0.001401
32965	32014	1	0.001401
32965	32017	3	0.004202
32965	33042	3	0.004202
32965	32534	1	0.001401
32965	32030	14	0.019608
32965	31522	1	0.001401
32965	31195	1	0.001401
32965	31524	3	0.004202
32965	32037	1	0.001401
32965	32048	1	0.001401
32965	33075	1	0.001401
32965	31548	3	0.004202
32965	32736	3	0.004202
32965	31574	1	0.001401
32965	31576	1	0.001401
32965	32911	1	0.001401
32965	33119	2	0.002801
32965	31587	1	0.001401
32965	32109	1	0.001401
32965	32745	1	0.001401
32965	32120	1	0.001401
32965	32149	1	0.001401
32965	32130	1	0.001401
32965	32645	3	0.004202
32965	31630	1	0.001401
32965	31332	1	0.001401
32965	32147	1	0.001401
32965	32661	4	0.005602
32965	32673	1	0.001401
32965	32677	1	0.001401
32965	32172	2	0.002801
32965	32687	1	0.001401
32965	32180	1	0.001401
32965	32696	3	0.004202
32965	32698	1	0.001401
32965	32868	1	0.001401
32965	32198	3	0.004202
32965	32715	1	0.001401
32965	32721	1	0.001401
32965	32219	70	0.098039
32965	31200	1	0.001401
32965	31202	1	0.001401
32965	32229	1	0.001401
32965	31721	1	0.001401
32965	31216	2	0.002801
32965	32252	1	0.001401
32965	32253	1	0.001401
32966	32910	2	0.153846
32967	32101	2	0.032258
32967	32651	1	0.016129
32967	31822	68	1.096774
32967	32368	1	0.016129
32967	32979	1	0.016129
32967	31285	1	0.016129
32967	32278	2	0.032258
32967	32026	1	0.016129
32970	31776	1	0.005051
32970	32944	1	0.005051
32970	32219	2	0.010101
32970	31587	2	0.010101
32970	32599	1	0.005051
32972	32736	1	0.200000
32972	32030	1	0.200000
32973	32280	1	0.005814
32973	31314	1	0.005814
32973	32460	1044	6.069767
32973	33074	1	0.005814
32973	32399	1	0.005814
32977	31594	6	0.013730
32977	31822	3	0.006865
32977	32630	3	0.006865
32977	32795	6	0.013730
32977	32796	3	0.006865
32977	31295	3	0.006865
32978	32046	3	0.002708
32978	32944	3	0.002708
32978	32696	3	0.002708
32978	31737	3	0.002708
32978	32091	782	0.705776
32978	31295	3	0.002708
32980	32258	5	0.002644
32980	32900	3	0.001586
32980	32687	2	0.001058
32980	32130	1	0.000529
32980	31367	2	0.001058
32980	31711	2	0.001058
32980	31866	1	0.000529
32980	31755	2	0.001058
32980	31373	2	0.001058
32980	31631	1	0.000529
32980	32017	1	0.000529
32980	32323	1	0.000529
32980	32149	4	0.002115
32980	32645	1	0.000529
32980	31897	2	0.001058
32980	32411	4	0.002115
32980	32030	6	0.003173
32980	32415	3	0.001586
32980	31776	63	0.033316
32980	32673	8	0.004231
32980	31522	1	0.000529
32980	32419	2	0.001058
32980	31524	1	0.000529
32980	32037	2	0.001058
32980	31271	2	0.001058
32980	32936	5	0.002644
32980	31222	1	0.000529
32980	31918	1	0.000529
32980	31533	1	0.000529
32980	32686	1	0.000529
32980	32431	28	0.014807
32980	31280	1	0.000529
32980	32561	1	0.000529
32980	33119	1	0.000529
32980	33075	1	0.000529
32980	32949	2	0.001058
32980	31802	2	0.001058
32980	31780	1	0.000529
32980	32399	3	0.001586
32980	31549	15	0.007932
32980	32447	6	0.003173
32980	32651	6	0.003173
32980	32965	5	0.002644
32980	32198	5	0.002644
32980	31688	5	0.002644
32980	31689	1	0.000529
32980	31179	4	0.002115
32980	32911	1	0.000529
32980	33102	15	0.007932
32980	31219	1	0.000529
32980	31696	1	0.000529
32980	31313	1	0.000529
32980	31314	1	0.000529
32980	31443	17	0.008990
32980	31822	66	0.034902
32980	32624	1	0.000529
32980	32217	1	0.000529
32980	31578	4	0.002115
32980	32219	82	0.043363
32980	32092	2	0.001058
32980	32698	4	0.002115
32980	31454	1	0.000529
32980	31967	1	0.000529
32980	32736	7630	4.034902
32980	31324	1	0.000529
32980	31331	1	0.000529
32980	32868	1	0.000529
32980	32229	3	0.001586
32980	31975	2	0.001058
32980	33000	1	0.000529
32980	32831	1	0.000529
32980	33004	1	0.000529
32980	31342	1	0.000529
32980	31216	1	0.000529
32980	32627	4	0.002115
32980	31748	2	0.001058
32980	31721	1	0.000529
32980	32120	4	0.002115
32980	31737	14	0.007403
32980	32644	1	0.000529
32980	31295	20	0.010576
32980	32252	1	0.000529
32980	32280	2	0.001058
32980	32725	2	0.001058
32985	31955	58	1.000000
32985	32796	58	1.000000
32987	32419	11	0.189655
32987	31780	82	1.413793
32987	32965	1	0.017241
32987	32298	3	0.051724
32987	32046	1	0.017241
32987	32696	1	0.017241
32987	31492	1	0.017241
32987	31422	1	0.017241
32988	31328	1	0.012658
32988	31658	1	0.012658
32988	32270	1	0.012658
32988	32336	1	0.012658
32988	31799	1	0.012658
32988	32696	1	0.012658
32988	31807	1	0.012658
32989	31165	18	4.500000
32990	32830	2	0.006515
32990	31822	21	0.068404
32990	32965	8	0.026059
32992	31457	1	0.031250
32992	32968	1	0.031250
32992	31370	1	0.031250
32992	31891	1	0.031250
32992	31828	1	0.031250
32992	32857	1	0.031250
32992	31740	4	0.125000
32993	32160	882	1.244006
32993	31844	4	0.005642
32993	31400	3	0.004231
32993	32105	3	0.004231
32993	32266	3	0.004231
32993	32424	2	0.002821
32993	31954	3	0.004231
32993	32339	440	0.620592
32993	32149	461	0.650212
32993	31288	4	0.005642
32993	31482	4	0.005642
32994	31295	2	0.004274
32995	32936	2	0.037037
32997	31776	1	0.008772
32997	31329	1	0.008772
32997	32002	4	0.035088
32997	32965	1	0.008772
32997	31457	2	0.017544
32997	31271	2	0.017544
32997	32171	1	0.008772
32997	32944	2	0.017544
32997	32599	1	0.008772
32997	31737	1	0.008772
32997	31772	1	0.008772
32997	31295	1	0.008772
32998	31168	2	0.031250
32998	31366	2	0.031250
32998	31303	2	0.031250
32998	32107	1	0.015625
32998	32492	2	0.031250
32998	32253	1	0.015625
32998	32497	1	0.015625
32998	31570	2	0.031250
32998	31572	2	0.031250
32998	31797	2	0.031250
32998	32214	2	0.031250
32998	32952	2	0.031250
32998	32219	3	0.046875
32998	32796	1	0.015625
32998	31485	1	0.015625
32999	31844	7	0.112903
32999	31222	1	0.016129
32999	31659	1	0.016129
32999	32627	15	0.241935
32999	32278	2	0.032258
32999	32696	2	0.032258
32999	32965	1	0.016129
33000	31776	2	0.001698
33000	31844	6	0.005093
33000	32965	2	0.001698
33000	32172	1	0.000849
33000	32599	4	0.003396
33000	32261	2	0.001698
33000	32431	2	0.001698
33000	32690	572	0.485569
33000	32949	1	0.000849
33000	32278	6	0.005093
33000	32471	1148	0.974533
33000	32696	13	0.011036
33000	31737	1	0.000849
33000	33050	2	0.001698
33000	32219	1	0.000849
33000	31295	7	0.005942
33001	31304	1	0.008065
33002	31337	1	0.071429
33004	31844	2	0.041667
33004	31659	1	0.020833
33004	31884	1	0.020833
33004	32533	6	0.125000
33004	32599	3	0.062500
33004	32696	4	0.083333
33004	31295	2	0.041667
33005	32046	1	0.028571
33006	31776	4	0.137931
33006	31179	3	0.103448
33006	32519	2	0.068966
33006	32651	15	0.517241
33006	31737	1	0.034483
33006	32219	9	0.310345
33009	31226	651	36.166667
33009	32379	1	0.055556
33009	31794	1	0.055556
33009	32957	1	0.055556
33014	32528	3	0.002964
33014	32774	2	0.001976
33014	31822	2	0.001976
33014	32240	2	0.001976
33014	31955	1	0.000988
33014	31258	3	0.002964
33014	32219	1	0.000988
33014	32796	4	0.003953
33014	31295	15	0.014822
33017	31722	165	1.085526
33017	32258	2	0.013158
33017	31295	1	0.006579
33019	32528	9	1.000000
33023	32736	1	0.001206
33023	31844	7	0.008444
33023	32900	1678	2.024125
33023	32965	5	0.006031
33023	31692	8	0.009650
33023	32079	1594	1.922799
33023	31281	4136	4.989144
33023	31860	1	0.001206
33023	31190	8	0.009650
33023	32599	5	0.006031
33023	32696	1	0.001206
33023	31737	840	1.013269
33023	32219	1	0.001206
33023	32261	7	0.008444
33023	31165	1	0.001206
33023	31295	5	0.006031
33025	32936	10	0.256410
33025	32336	1	0.025641
33025	32278	1	0.025641
33028	31360	7	0.002038
33028	32258	11	0.003203
33028	32519	2	0.000582
33028	32011	91	0.026500
33028	31374	7	0.002038
33028	32277	7	0.002038
33028	31258	64	0.018637
33028	32029	7	0.002038
33028	31776	6	0.001747
33028	31266	2	0.000582
33028	31781	7	0.002038
33028	32174	2	0.000582
33028	32627	278	0.080955
33028	32696	42	0.012231
33028	32571	7	0.002038
33028	31295	2	0.000582
33028	31574	7	0.002038
33028	33117	7	0.002038
33028	31711	1	0.000291
33028	31844	58	0.016890
33028	31859	7	0.002038
33028	31222	52	0.015143
33028	32026	2	0.000582
33031	31165	18	4.500000
33034	32640	1	0.013158
33034	32258	4	0.052632
33034	32219	16	0.210526
33038	32696	2	0.003534
33038	31371	2	0.003534
33038	32796	1	0.001767
33038	31295	1	0.001767
33039	32261	4	0.003165
33039	32651	2	0.001582
33039	31888	2	0.001582
33039	32533	1	0.000791
33039	32278	10	0.007911
33039	32026	1	0.000791
33039	32030	1	0.000791
33039	31776	4	0.003165
33039	32419	1	0.000791
33039	33067	5	0.003956
33039	32431	2	0.001582
33039	32944	1	0.000791
33039	32696	8	0.006329
33039	31675	3	0.002373
33039	31295	40	0.031646
33039	32965	14	0.011076
33039	31817	5	0.003956
33039	32714	1	0.000791
33039	31822	47	0.037184
33039	31310	2	0.001582
33039	32599	6	0.004747
33039	32219	6	0.004747
33039	32736	5	0.003956
33039	31844	29	0.022943
33039	32126	1	0.000791
33040	31514	153	0.753695
33040	31780	2	0.009852
33040	31634	1	0.004926
33040	31294	1	0.004926
33041	32696	7	0.042945
33041	32044	6	0.036810
33042	32736	2	0.004386
33042	32419	14	0.030702
33042	31844	4	0.008772
33042	31711	3	0.006579
33042	31978	2	0.004386
33042	33102	4	0.008772
33042	32696	7	0.015351
33042	32147	3	0.006579
33042	32599	11	0.024123
33042	32152	10	0.021930
33042	31737	18	0.039474
33042	32219	4	0.008772
33042	31295	30	0.065789
33043	31776	1	0.002320
33043	32736	1	0.002320
33043	31844	3	0.006961
33043	33098	3	0.006961
33043	32302	4	0.009281
33043	32080	2	0.004640
33043	31737	2	0.004640
33043	31386	1	0.002320
33043	32298	1	0.002320
33044	32006	3	0.007282
33044	31434	7	0.016990
33044	32431	3	0.007282
33044	31891	3	0.007282
33044	31828	3	0.007282
33044	32696	3	0.007282
33044	31737	6	0.014563
33046	32261	11	0.004889
33046	32651	1	0.000444
33046	32780	1	0.000444
33046	32654	1	0.000444
33046	31247	1	0.000444
33046	32272	2	0.000889
33046	32280	1	0.000444
33046	32533	2	0.000889
33046	32278	10	0.004444
33046	32152	2	0.000889
33046	32923	1	0.000444
33046	32415	1	0.000444
33046	32037	1	0.000444
33046	31789	1	0.000444
33046	32310	2	0.000889
33046	32696	10	0.004444
33046	31295	1	0.000444
33046	32198	1	0.000444
33046	31688	1	0.000444
33046	31822	1	0.000444
33046	31568	2	0.000889
33046	32722	1	0.000444
33046	31443	13	0.005778
33046	32599	2271	1.009333
33046	32217	1	0.000444
33046	31844	11	0.004889
33046	31985	1	0.000444
33046	32246	1	0.000444
33046	31483	1	0.000444
33048	32696	188	2.112360
33048	32258	1	0.011236
33048	32542	117	1.314607
33051	32460	3	0.034091
33053	31868	10	1.666667
33053	31765	18	3.000000
33054	31868	1	0.027027
33054	31930	2	0.054054
33054	31659	38	1.027027
33054	31252	1	0.027027
33054	32645	4	0.108108
33056	31912	3	0.007595
33056	31979	1227	3.106329
33056	32910	4	0.010127
33056	32655	3	0.007595
33056	33074	1	0.002532
33056	31347	13	0.032911
33056	31860	1	0.002532
33056	31295	13	0.032911
33058	32258	1	0.012048
33058	32219	1	0.012048
33060	31682	67	0.971014
33066	31905	2	0.250000
33066	32965	1	0.125000
33066	31844	4	0.500000
33066	32261	3	0.375000
33066	32519	1	0.125000
33066	32651	2	0.250000
33066	32258	1	0.125000
33066	32431	1	0.125000
33066	32624	2	0.250000
33066	32696	2	0.250000
33066	31634	2	0.250000
33066	32278	2	0.250000
33066	32599	4	0.500000
33066	32944	2	0.250000
33066	31295	2	0.250000
33067	32258	1	0.000571
33067	32391	1	0.000571
33067	31807	2	0.001142
33067	32270	3	0.001713
33067	31252	1	0.000571
33067	31193	2	0.001142
33067	32280	2	0.001142
33067	32923	1	0.000571
33067	31260	2	0.001142
33067	32029	1	0.000571
33067	31776	1	0.000571
33067	31649	1	0.000571
33067	31781	24	0.013706
33067	32431	3	0.001713
33067	32304	1	0.000571
33067	33074	11	0.006282
33067	32696	4	0.002284
33067	31295	5	0.002856
33067	31557	2	0.001142
33067	31817	1	0.000571
33067	31179	9	0.005140
33067	31833	2	0.001142
33067	32219	1	0.000571
33067	32549	4	0.002284
33067	31330	2	0.001142
33067	31979	1	0.000571
33067	32366	1	0.000571
33067	31483	3	0.001713
33067	32253	1	0.000571
33069	32696	11	1.833333
33069	32121	1	0.166667
33069	33075	2	0.333333
33069	31294	1	0.166667
33071	32696	2412	1.308026
33071	32721	3642	1.975054
33071	32258	2	0.001085
33071	31827	2410	1.306941
33072	31712	1	0.004739
33072	32261	1	0.004739
33072	32651	1	0.004739
33072	32270	1	0.004739
33072	31342	1	0.004739
33072	32696	1	0.004739
33072	31737	2	0.009479
33074	32640	2	0.000905
33074	32172	8	0.003618
33074	32651	6	0.002714
33074	32270	14	0.006332
33074	31891	2	0.000905
33074	31252	30	0.013569
33074	32150	15	0.006784
33074	31833	17	0.007689
33074	32280	11	0.004975
33074	32025	8	0.003618
33074	31386	16	0.007237
33074	32923	16	0.007237
33074	32796	2	0.000905
33074	32029	16	0.007237
33074	31776	2	0.000905
33074	31649	12	0.005427
33074	31781	15	0.006784
33074	32934	1	0.000452
33074	32040	1	0.000452
33074	31658	19	0.008593
33074	33067	12	0.005427
33074	32300	11	0.004975
33074	32431	1	0.000452
33074	31283	1	0.000452
33074	31799	1	0.000452
33074	32824	19	0.008593
33074	31295	13	0.005880
33074	31553	9	0.004071
33074	31883	8	0.003618
33074	31557	14	0.006332
33074	33098	30	0.013569
33074	31179	1	0.000452
33074	32846	1	0.000452
33074	31824	11	0.004975
33074	31828	11	0.004975
33074	31374	8	0.003618
33074	32727	8	0.003618
33074	32336	11	0.004975
33074	31193	11	0.004975
33074	32219	8	0.003618
33074	32734	1	0.000452
33074	31457	9	0.004071
33074	32354	12	0.005427
33074	31844	4	0.001809
33074	31722	1	0.000452
33074	31807	14	0.006332
33074	31999	10	0.004523
33075	32736	5	0.022831
33075	32419	3	0.013699
33075	32868	1	0.004566
33075	32519	2	0.009132
33075	32235	1	0.004566
33075	31433	1	0.004566
33075	32651	3	0.013699
33075	32716	1	0.004566
33075	32431	1	0.004566
33075	31491	1	0.004566
33075	32696	1	0.004566
33075	31355	2	0.009132
33075	32147	1	0.004566
33075	31294	1	0.004566
33075	31295	8	0.036530
33077	31776	1	0.002062
33077	32965	1	0.002062
33077	31844	7	0.014433
33077	32261	1	0.002062
33077	32229	1	0.002062
33077	31342	486	1.002062
33077	32599	2	0.004124
33077	32284	486	1.002062
33077	31295	5	0.010309
33078	31200	3	0.016393
33078	32696	53	0.289617
33078	31370	3	0.016393
33078	31295	4	0.021858
33079	32736	1	0.025641
33079	31490	1	0.025641
33079	31975	1	0.025641
33079	31755	1	0.025641
33079	32017	1	0.025641
33079	31761	1	0.025641
33079	31286	1	0.025641
33079	32954	2	0.051282
33079	31866	1	0.025641
33083	31768	37	0.880952
33083	31881	37	0.880952
33083	31658	37	0.880952
33090	32544	12	0.413793
33090	32721	2	0.068966
33090	33098	3	0.103448
33095	31920	1	0.333333
33095	31563	1	0.333333
33096	32696	4	0.010526
33096	32469	2	0.005263
33098	32419	2	0.000376
33098	31557	11	0.002065
33098	33116	2	0.000376
33098	31978	4	0.000751
33098	33074	18	0.003380
33098	31433	2	0.000376
33098	31737	2	0.000376
33098	31386	2	0.000376
33098	31260	2	0.000376
33100	32219	162	0.070100
33100	32553	3	0.001298
33100	31351	14	0.006058
33100	31287	4978	2.154046
33100	31822	14	0.006058
33100	32431	10	0.004327
33100	32846	3	0.001298
33100	32599	3	0.001298
33100	31193	3	0.001298
33100	31258	2	0.000865
33100	31355	1	0.000433
33100	32253	1	0.000433
33100	31295	27	0.011683
33101	32304	1	0.100000
33102	32736	1	0.045455
33103	32900	3	0.428571
33103	31789	4	0.571429
33107	32796	1	0.013333
33108	31295	1	0.083333
33112	31682	3	0.001246
33112	32965	9	0.003739
33112	32172	1	0.000415
33112	32460	2	0.000831
33112	32399	57	0.023681
33112	32147	3	0.001246
33112	32599	12	0.004985
33112	32696	13	0.005401
33112	31578	11	0.004570
33112	31295	10	0.004155
33113	32396	4	0.003021
33113	32528	6	0.004532
33113	31253	2	0.001511
33113	32278	3	0.002266
33113	32792	11	0.008308
33113	32026	1	0.000755
33113	33050	1	0.000755
33113	31659	2	0.001511
33113	32812	7	0.005287
33113	31287	1	0.000755
33113	32696	57	0.043051
33113	31295	3	0.002266
33113	31426	4	0.003021
33113	32965	51	0.038520
33113	32589	2	0.001511
33113	31822	70	0.052870
33113	31698	2	0.001511
33113	31443	2	0.001511
33113	32599	10	0.007553
33113	32736	1	0.000755
33113	31844	1	0.000755
33113	32357	2	0.001511
33113	31210	4	0.003021
33113	31599	2	0.001511
33113	32880	2	0.001511
33113	32447	2	0.001511
33116	31776	1	0.000671
33116	32736	1	0.000671
33116	31682	2	0.001341
33116	31844	1	0.000671
33116	32965	5	0.003353
33116	31623	4	0.002683
33116	31626	4	0.002683
33116	32391	2	0.001341
33116	32172	4	0.002683
33116	31557	2	0.001341
33116	31310	3	0.002012
33116	31190	1	0.000671
33116	32599	4	0.002683
33116	32696	3	0.002012
33116	31737	1	0.000671
33116	32219	1	0.000671
33116	32831	28	0.018779
33117	31776	1	0.009615
33117	31844	2	0.019231
33117	32965	2	0.019231
33117	31222	2	0.019231
33117	33102	1	0.009615
33117	32627	19	0.182692
33117	32277	1	0.009615
33117	32278	3	0.028846
33117	32696	2	0.019231
33117	31737	1	0.009615
33117	32219	1	0.009615
33117	32029	2	0.019231
33119	32736	15	0.038760
33119	32419	3	0.007752
33119	31844	7	0.018088
33119	32965	16	0.041344
33119	31623	6	0.015504
33119	31249	6	0.015504
33119	31922	6	0.015504
33119	32696	3	0.007752
33119	31224	6	0.015504
33119	31295	15	0.038760
33119	32447	3	0.007752
33119	32572	9	0.023256
33119	31269	6	0.015504
33120	31822	1	0.023810
31164	32161	2	0.125000
31164	32721	1	0.062500
31164	32419	3	0.187500
31164	32447	1	0.062500
31165	32577	1	0.028571
31165	32460	1	0.028571
31165	31469	1	0.028571
31165	32079	1	0.028571
31165	32690	1	0.028571
31165	31541	1	0.028571
31165	31258	1	0.028571
31165	31453	1	0.028571
31165	32734	1	0.028571
31166	32696	742	53.000000
31167	32261	8	0.007293
31167	32651	1	0.000912
31167	32278	13	0.011851
31167	31776	4	0.003646
31167	32673	1	0.000912
31167	32419	14	0.012762
31167	31784	1	0.000912
31167	32553	2	0.001823
31167	32944	2	0.001823
31167	31287	4	0.003646
31167	32696	1	0.000912
31167	31675	1	0.000912
31167	31295	34	0.030994
31167	32965	64	0.058341
31167	31822	68	0.061987
31167	32979	4	0.003646
31167	31190	1	0.000912
31167	32599	13	0.011851
31167	32219	2	0.001823
31167	32736	1036	0.944394
31167	31844	1032	0.940747
31167	31210	1	0.000912
31167	31443	1	0.000912
31167	31737	6	0.005469
31168	31510	2	0.074074
31168	32998	2	0.074074
31169	32784	6	0.857143
31169	31257	6	0.857143
31169	31315	6	0.857143
31169	31868	17	2.428571
31169	31765	13	1.857143
31170	32577	2	0.004024
31170	31844	2	0.004024
31170	32965	6	0.012072
31170	32396	3	0.006036
31170	32627	32	0.064386
31170	32599	9	0.018109
31170	31737	2	0.004024
31170	31295	2	0.004024
31173	32096	10	1.000000
31173	32002	10	1.000000
31173	32099	10	1.000000
31173	32679	10	1.000000
31173	32968	10	1.000000
31173	31497	10	1.000000
31173	32807	10	1.000000
31173	32332	10	1.000000
31173	32013	10	1.000000
31173	31339	10	1.000000
31173	32431	10	1.000000
31173	32208	10	1.000000
31173	32114	10	1.000000
31173	32158	10	1.000000
31173	31610	2	0.200000
31173	32171	30	3.000000
31173	32926	10	1.000000
31174	32796	29	0.138095
31174	32910	2	0.009524
31174	31822	1	0.004762
31174	31295	11	0.052381
31175	31459	1	0.015873
31175	32423	1	0.015873
31175	31847	1	0.015873
31175	32431	2	0.031746
31175	31833	1	0.015873
31175	32219	1	0.015873
31175	32796	1	0.015873
31175	31485	1	0.015873
31176	32690	1600	16.494845
31176	32471	2	0.020619
31178	31776	2	0.008130
31178	32965	2	0.008130
31178	32261	4	0.016260
31178	31822	21	0.085366
31178	32979	1	0.004065
31178	31348	2	0.008130
31178	32278	1	0.004065
31178	32026	1	0.004065
31178	31295	2	0.008130
31178	31167	1	0.004065
31179	31489	1	0.002415
31179	31362	3	0.007246
31179	32651	3	0.007246
31179	32142	1	0.002415
31179	31634	1	0.002415
31179	32278	1	0.002415
31179	32410	1	0.002415
31179	32253	2	0.004831
31179	31776	2	0.004831
31179	32219	15	0.036232
31179	32172	84	0.202899
31179	32431	1	0.002415
31179	31550	1	0.002415
31179	31295	20	0.048309
31179	31682	2	0.004831
31179	31430	1	0.002415
31179	31688	1	0.002415
31179	31195	3	0.007246
31179	32447	9	0.021739
31179	32736	1	0.002415
31179	31844	1	0.002415
31179	31978	6	0.014493
31179	32765	1	0.002415
31179	31478	6	0.014493
31179	31355	2	0.004831
31179	32509	1	0.002415
31180	32576	4	0.008830
31180	32258	5	0.011038
31180	31844	2	0.004415
31180	33098	4	0.008830
31180	32944	2	0.004415
31180	32721	3	0.006623
31180	32696	2	0.004415
31180	31737	4	0.008830
31180	31295	2	0.004415
31181	32088	1	0.001067
31181	32219	1	0.001067
31181	31748	2	0.002134
31181	32965	2	0.002134
31181	31709	1	0.001067
31182	32561	216	1.325153
31182	32683	187	1.147239
31182	32172	164	1.006135
31182	32278	1	0.006135
31182	32447	216	1.325153
31183	32931	3	0.014085
31184	31200	2	0.009852
31184	31473	3	0.014778
31184	32926	2	0.009852
31184	32879	2	0.009852
31185	31489	1	0.002762
31185	31362	3	0.008287
31185	32651	3	0.008287
31185	32142	1	0.002762
31185	31634	1	0.002762
31185	32278	1	0.002762
31185	32410	1	0.002762
31185	32253	2	0.005525
31185	31776	2	0.005525
31185	31195	3	0.008287
31185	32172	80	0.220994
31185	32431	1	0.002762
31185	31550	1	0.002762
31185	31295	18	0.049724
31185	31682	2	0.005525
31185	31430	1	0.002762
31185	31688	1	0.002762
31185	31179	1045	2.886740
31185	32219	15	0.041436
31185	32447	9	0.024862
31185	32736	1	0.002762
31185	31844	1	0.002762
31185	31978	6	0.016575
31185	32765	1	0.002762
31185	31478	6	0.016575
31185	31355	2	0.005525
31185	32509	1	0.002762
31187	32910	8	0.095238
31187	32111	1	0.011905
31190	32512	3	0.046875
31190	31737	6	0.093750
31190	32219	38	0.593750
31190	32965	2	0.031250
31190	32447	3	0.046875
31193	32258	2	0.002281
31193	32388	2	0.002281
31193	32266	2	0.002281
31193	31373	4	0.004561
31193	32270	2	0.002281
31193	31634	1	0.001140
31193	32923	5	0.005701
31193	32036	2	0.002281
31193	31781	50	0.057013
31193	33067	1	0.001140
31193	32431	3	0.003421
31193	33074	1	0.001140
31193	31287	19	0.021665
31193	32953	2	0.002281
31193	31802	1	0.001140
31193	31167	2	0.002281
31193	31557	7	0.007982
31193	31807	5	0.005701
31193	32846	4	0.004561
31193	32336	2	0.002281
31193	32979	3	0.003421
31193	31822	10	0.011403
31193	31833	4	0.004561
31193	32219	1	0.001140
31193	31836	2	0.002281
31193	33117	2	0.002281
31193	32607	2	0.002281
31193	31457	2	0.002281
31193	31221	2	0.002281
31193	32630	2	0.002281
31193	33017	2	0.002281
31193	31295	2	0.002281
31193	33022	1	0.001140
31194	31556	1	0.001003
31194	31815	1	0.001003
31194	32270	4	0.004012
31194	31989	2	0.002006
31194	32696	4	0.004012
31194	31833	1	0.001003
31194	32796	1	0.001003
31194	31677	1	0.001003
31196	32896	34	1.000000
31196	32960	1	0.029412
31196	32770	1	0.029412
31196	32647	34	1.000000
31196	32520	1	0.029412
31196	31276	1	0.029412
31196	32522	1	0.029412
31196	32779	34	1.000000
31196	32145	34	1.000000
31196	31508	1	0.029412
31196	32149	44	1.294118
31196	31882	1	0.029412
31196	32791	34	1.000000
31196	32664	34	1.000000
31196	32922	1	0.029412
31196	32239	1	0.029412
31196	31813	34	1.000000
31196	31648	34	1.000000
31196	31778	1	0.029412
31196	31524	39	1.147059
31196	32424	34	1.000000
31196	32848	1	0.029412
31196	32927	34	1.000000
31196	32302	1	0.029412
31196	31537	34	1.000000
31196	31538	1	0.029412
31196	32182	1	0.029412
31196	32695	1	0.029412
31196	31545	2	0.058824
31196	32698	38	1.117647
31196	32676	34	1.000000
31196	31805	34	1.000000
31196	32830	1	0.029412
31196	32319	1	0.029412
31196	31424	34	1.000000
31196	32160	1	0.029412
31196	31555	34	1.000000
31196	32452	1	0.029412
31196	32837	36	1.058824
31196	32198	44	1.294118
31196	31662	1	0.029412
31196	31820	34	1.000000
31196	31488	1	0.029412
31196	31819	34	1.000000
31196	32204	34	1.000000
31196	32845	34	1.000000
31196	31406	1	0.029412
31196	31825	1	0.029412
31196	32339	1	0.029412
31196	32084	1	0.029412
31196	32469	38	1.117647
31196	32726	1	0.029412
31196	31575	34	1.000000
31196	32601	34	1.000000
31196	32218	34	1.000000
31196	32475	34	1.000000
31196	32266	1	0.029412
31196	31710	34	1.000000
31196	32863	34	1.000000
31196	32993	1	0.029412
31196	31459	1	0.029412
31196	31462	34	1.000000
31196	31633	2	0.058824
31196	31208	1	0.029412
31196	32636	34	1.000000
31196	32746	1	0.029412
31196	31854	2	0.058824
31196	32637	1	0.029412
31196	32243	34	1.000000
31196	31486	1	0.029412
31196	31990	1	0.029412
31196	32247	34	1.000000
31196	31995	1	0.029412
31196	32764	34	1.000000
31196	31466	2	0.058824
31196	32254	34	1.000000
31199	31355	1	0.000431
31199	32553	3	0.001293
31199	31287	4960	2.137010
31199	31822	14	0.006032
31199	32431	10	0.004308
31199	32599	3	0.001293
31199	32846	3	0.001293
31199	31351	14	0.006032
31199	31193	3	0.001293
31199	31258	2	0.000862
31199	32219	162	0.069798
31199	32253	1	0.000431
31199	31295	27	0.011633
31200	32736	498	2.233184
31200	32992	3	0.013453
31200	31682	3	0.013453
31200	31844	3	0.013453
31200	32679	3	0.013453
31200	31978	6	0.026906
31200	31275	3	0.013453
31200	32879	3	0.013453
31200	31184	3	0.013453
31200	31761	2	0.008969
31200	33078	3	0.013453
31200	32696	6	0.026906
31200	31513	3	0.013453
31200	31674	3	0.013453
31200	31740	3	0.013453
31200	31370	3	0.013453
31200	32926	3	0.013453
31201	32696	4	0.008869
31201	32881	594	1.317073
31201	31844	594	1.317073
31201	31317	4	0.008869
31202	32696	1	0.009709
31202	32736	1	0.009709
31202	32599	1	0.009709
31203	32258	4	0.003044
31203	32900	21	0.015982
31203	32261	1	0.000761
31203	32519	1	0.000761
31203	32651	2	0.001522
31203	32272	20304	15.452055
31203	32278	1	0.000761
31203	32796	2	0.001522
31203	31776	22	0.016743
31203	31529	1	0.000761
31203	32172	19	0.014460
31203	32949	1	0.000761
31203	32696	12	0.009132
31203	32190	3	0.002283
31203	32447	3	0.002283
31203	32965	61	0.046423
31203	32599	6	0.004566
31203	32219	1	0.000761
31203	31452	21	0.015982
31203	31454	147	0.111872
31203	32736	2	0.001522
31203	32246	1	0.000761
31203	31737	4	0.003044
31203	31295	8	0.006088
31204	32736	2	0.000590
31204	31776	3	0.000885
31204	32419	6	0.001770
31204	32900	33	0.009737
31204	31237	6	0.001770
31204	32172	3	0.000885
31204	33067	3	0.000885
31204	32261	3	0.000885
31204	31414	3	0.000885
31204	32147	3	0.000885
31204	32278	7	0.002066
31204	32599	22	0.006492
31204	32696	23	0.006787
31204	31844	8	0.002361
31204	32026	3	0.000885
31204	31295	22	0.006492
31205	31776	548	0.949740
31205	33050	7	0.012132
31205	31844	3	0.005199
31205	32965	584	1.012132
31205	31788	1	0.001733
31205	32528	1	0.001733
31205	32178	3	0.005199
31205	32019	1	0.001733
31205	32278	3	0.005199
31205	32599	4	0.006932
31205	32696	4	0.006932
31205	31748	47	0.081456
31205	32026	3	0.005199
31205	32219	3	0.005199
31205	31741	3	0.005199
31205	31295	1	0.001733
31206	32736	20	1.052632
31206	31737	3	0.157895
31206	32431	1	0.052632
31206	31711	1	0.052632
31207	31875	173	2.035294
31208	31737	1	0.003521
31208	31844	1	0.003521
31208	32637	1	0.003521
31208	32198	3	0.010563
31208	32965	1	0.003521
31209	31295	2	0.028986
31210	31776	2	0.004435
31210	32965	14	0.031042
31210	31844	4	0.008869
31210	32261	12	0.026608
31210	31822	20	0.044346
31210	32431	2	0.004435
31210	32856	4	0.008869
31210	32278	2	0.004435
31210	32599	4	0.008869
31210	32696	4	0.008869
31210	31737	2	0.004435
31210	32026	4	0.008869
31210	31295	2	0.004435
31214	32531	1	0.062500
31214	32419	1	0.062500
31216	32736	5	0.312500
31216	31844	1	0.062500
31216	31295	1	0.062500
31217	32460	3	0.187500
31218	32460	4	0.181818
31219	32736	2	0.007435
31219	32673	1	0.003717
31219	32965	3	0.011152
31219	31267	1	0.003717
31219	31844	1	0.003717
31219	32229	3	0.011152
31219	32506	2	0.007435
31219	33066	1	0.003717
31219	31179	2	0.007435
31219	32780	5	0.018587
31219	32270	3	0.011152
31219	32431	1	0.003717
31219	31546	2	0.007435
31219	32599	1	0.003717
31219	32696	1	0.003717
31219	33050	2	0.007435
31219	32095	2	0.007435
31219	33114	2	0.007435
31219	32447	10	0.037175
31220	32772	1	0.050000
31220	31601	1	0.050000
31220	32149	1	0.050000
31220	31894	1	0.050000
31220	31417	1	0.050000
31220	31748	1	0.050000
31220	32411	1	0.050000
31220	31871	1	0.050000
31222	31360	1	0.002985
31222	31489	1	0.002985
31222	32640	1	0.002985
31222	33028	1	0.002985
31222	31367	1	0.002985
31222	31371	1	0.002985
31222	31682	1	0.002985
31222	32399	1	0.002985
31222	31761	3	0.008955
31222	32277	1	0.002985
31222	32278	2	0.005970
31222	32900	1	0.002985
31222	32155	1	0.002985
31222	32796	2	0.005970
31222	32416	1	0.002985
31222	32419	1	0.002985
31222	32677	4	0.011940
31222	32172	8	0.023881
31222	33074	2	0.005970
31222	32431	5	0.014925
31222	32944	1	0.002985
31222	32258	5	0.014925
31222	32627	323	0.964179
31222	31542	1	0.002985
31222	32696	1	0.002985
31222	32571	1	0.002985
31222	31295	2	0.005970
31222	31776	1	0.002985
31222	31170	1	0.002985
31222	32651	1	0.002985
31222	32965	2	0.005970
31222	31574	1	0.002985
31222	32599	1	0.002985
31222	32216	1	0.002985
31222	32219	6	0.017910
31222	33117	1	0.002985
31222	32736	3	0.008955
31222	31923	1	0.002985
31222	32744	1	0.002985
31222	31859	2	0.005970
31222	32888	2	0.005970
31222	31737	1	0.002985
31226	32071	1	0.000194
31226	31868	1	0.000194
31226	31794	2	0.000388
31226	32910	2	0.000388
31226	32528	1	0.000194
31226	33009	5145	0.998448
31226	33074	1	0.000194
31226	31765	1	0.000194
31226	31257	4	0.000776
31226	32270	1	0.000194
31226	32379	2	0.000388
31226	32796	7	0.001358
31226	32957	2	0.000388
31227	31364	4	0.266667
31227	31868	55	3.666667
31227	31765	6	0.400000
31227	31806	2	0.133333
31228	32955	1	0.004049
31229	32640	1	0.003571
31229	32011	501	1.789286
31229	32460	6	0.021429
31229	32910	11	0.039286
31229	32696	1	0.003571
31229	31295	7	0.025000
31233	32004	2	1.000000
31233	31463	2	1.000000
31233	32073	2	1.000000
31233	31278	2	1.000000
31233	32881	110	55.000000
31233	31770	2	1.000000
31234	32256	862	0.172849
31234	32801	8	0.001604
31234	32118	5	0.001003
31234	32998	5	0.001003
31234	31564	6	0.001203
31234	31210	7	0.001404
31234	32524	1	0.000201
31234	31730	6	0.001203
31234	31246	212	0.042511
31234	32815	2	0.000401
31234	32496	6	0.001203
31234	31666	7	0.001404
31234	32076	6	0.001203
31234	32528	13	0.002607
31234	31351	2	0.000401
31234	32856	7	0.001404
31234	33113	7	0.001404
31234	33050	72	0.014438
31234	31612	10	0.002005
31234	31518	6	0.001203
31236	31822	114	2.000000
31237	31483	9	0.008349
31237	32900	5	0.004638
31237	31822	30	0.027829
31237	32304	1	0.000928
31237	32219	21	0.019481
31237	31295	24	0.022263
31238	31822	4	2.000000
31239	32256	666	0.116332
31239	31234	8	0.001397
31239	32524	1	0.000175
31239	31246	798	0.139389
31239	32528	13	0.002271
31239	33113	7	0.001223
31239	32280	1	0.000175
31239	33050	74	0.012926
31239	32815	4	0.000699
31239	31518	6	0.001048
31239	31649	1	0.000175
31239	33067	1	0.000175
31239	31666	7	0.001223
31239	32431	2	0.000349
31239	33074	1	0.000175
31239	32801	8	0.001397
31239	32076	6	0.001048
31239	31564	6	0.001048
31239	32856	7	0.001223
31239	31193	1	0.000175
31239	32998	5	0.000873
31239	31210	7	0.001223
31239	32496	6	0.001048
31239	31730	6	0.001048
31239	32118	5	0.000873
31239	31351	2	0.000349
31239	31737	1	0.000175
31239	31612	10	0.001747
31240	31365	2	0.012658
31243	31822	114	2.000000
31244	31822	114	2.000000
31247	32837	9	0.011111
31247	32423	8	0.009877
31247	31883	2	0.002469
31247	32431	6	0.007407
31247	32246	2	0.002469
31247	31833	2	0.002469
31247	32965	4	0.004938
31252	31362	1	0.000268
31252	32419	4	0.001071
31252	32261	1	0.000268
31252	31179	34	0.009103
31252	32270	1	0.000268
31252	33074	5	0.001339
31252	31316	1	0.000268
31252	31765	1	0.000268
31252	32278	1	0.000268
31252	32965	3	0.000803
31252	31706	1	0.000268
31252	33054	2	0.000535
31252	31295	11	0.002945
31253	33113	1	0.003012
31253	31426	1	0.003012
31253	32965	1	0.003012
31253	31822	1	0.003012
31253	31295	1	0.003012
31255	31623	813	116.142857
31256	32696	2	0.010101
31256	32258	2	0.010101
31256	32419	2	0.010101
31256	31975	6	0.030303
31257	32784	11	1.100000
31257	31316	9	0.900000
31257	31226	18	1.800000
31257	31868	28	2.800000
31257	31765	19	1.900000
31258	31360	2	0.001519
31258	32256	2	0.001519
31258	33028	2	0.001519
31258	32519	1	0.000759
31258	32627	6	0.004556
31258	31222	14	0.010630
31258	32796	1	0.000759
31258	31295	10	0.007593
31259	32900	16	0.014273
31259	32965	12	0.010705
31259	32944	3	0.002676
31259	32372	2	0.001784
31259	32599	6	0.005352
31259	32696	1	0.000892
31259	31844	1	0.000892
31259	31453	3	0.002676
31259	31711	1	0.000892
31260	32512	2	0.011364
31260	32258	2	0.011364
31260	31883	4	0.022727
31260	32270	4	0.022727
31260	31252	2	0.011364
31260	32150	2	0.011364
31260	32280	2	0.011364
31260	31386	6	0.034091
31260	32923	4	0.022727
31260	32029	2	0.011364
31260	31649	2	0.011364
31260	31781	6	0.034091
31260	32039	2	0.011364
31260	31658	2	0.011364
31260	33067	2	0.011364
31260	32300	2	0.011364
31260	32824	2	0.011364
31260	31807	2	0.011364
31260	32965	2	0.011364
31260	33098	2	0.011364
31260	32846	2	0.011364
31260	32336	2	0.011364
31260	31828	8	0.045455
31260	31374	2	0.011364
31260	31833	2	0.011364
31260	32219	142	0.806818
31260	31457	2	0.011364
31260	32630	2	0.011364
31260	31295	8	0.045455
31260	31999	4	0.022727
31262	32258	2	0.000541
31262	32076	4	0.001083
31262	32910	5	0.001353
31262	33050	6	0.001624
31262	32251	4	0.001083
31262	31295	3	0.000812
31264	32640	14	0.106061
31264	32258	28	0.212121
31264	31875	2	0.015152
31264	32519	2	0.015152
31264	32651	4	0.030303
31264	32399	52	0.393939
31264	32278	16	0.121212
31264	32796	2	0.015152
31264	31776	6	0.045455
31264	32677	2	0.015152
31264	32431	2	0.015152
31264	31541	51	0.386364
31264	32696	12	0.090909
31264	32447	2	0.015152
31264	32965	8	0.060606
31264	32330	6	0.045455
31264	31443	2	0.015152
31264	32725	2	0.015152
31264	32471	4	0.030303
31264	31578	365	2.765152
31264	32736	2	0.015152
31264	31844	14	0.106061
31264	32493	22	0.166667
31264	31222	2	0.015152
31264	31737	2	0.015152
31264	31295	2	0.015152
31270	32385	1	0.012500
31270	32172	3	0.037500
31270	32401	1	0.012500
31271	32130	24	0.005835
31271	32519	255	0.061999
31271	31755	12	0.002918
31271	32258	51	0.012400
31271	31634	72	0.017505
31271	32147	36	0.008753
31271	31362	2	0.000486
31271	31896	4	0.000973
31271	32158	34	0.008266
31271	31776	96	0.023341
31271	32419	42	0.010212
31271	32002	10	0.002431
31271	32431	91	0.022125
31271	32944	19	0.004619
31271	32096	10	0.002431
31271	32696	134	0.032580
31271	31295	241	0.058595
31271	32736	409	0.099441
31271	32651	4	0.000973
31271	32965	133	0.032336
31271	33102	10	0.002431
31271	32722	83	0.020180
31271	31574	2	0.000486
31271	32599	337	0.081935
31271	32219	55	0.013372
31271	32604	4	0.000973
31271	31711	4	0.000973
31271	31200	24	0.005835
31271	31844	268	0.065159
31271	32997	14	0.003404
31271	32745	24	0.005835
31271	31978	2	0.000486
31271	32109	12	0.002918
31271	32627	2	0.000486
31271	31737	48	0.011670
31271	31866	30	0.007294
31271	31355	46	0.011184
31271	31195	9	0.002188
31273	32460	5	0.076923
31274	32258	5	0.030675
31274	32037	4	0.024540
31274	31658	1	0.006135
31274	33106	2	0.012270
31274	31667	1	0.006135
31274	32409	1	0.006135
31274	31295	4	0.024540
31275	32231	1	0.000191
31275	31740	1	0.000191
31275	31370	1	0.000191
31275	31527	1	0.000191
31275	31376	1	0.000191
31275	31828	2	0.000382
31275	32857	1	0.000191
31275	32696	3	0.000574
31275	31513	1	0.000191
31275	31674	2	0.000382
31275	32796	7	0.001338
31275	33050	46	0.008794
31276	32258	3	0.005988
31276	31653	13	0.025948
31276	31386	2	0.003992
31276	32696	3	0.005988
31276	32218	3	0.005988
31276	32219	1	0.001996
31276	32447	2	0.003992
31276	31295	3	0.005988
31278	31233	2	1.000000
31278	32004	2	1.000000
31278	31463	2	1.000000
31278	32073	2	1.000000
31278	32881	108	54.000000
31278	31770	2	1.000000
31280	32736	5	0.038462
31280	31844	5	0.038462
31280	32965	4	0.030769
31280	32678	174	1.338462
31280	32457	174	1.338462
31280	31658	4	0.030769
31280	31212	5	0.038462
31280	32270	4	0.030769
31280	32304	1	0.007692
31280	32599	8	0.061538
31280	32703	174	1.338462
31281	32736	1	0.001120
31281	31844	7	0.007839
31281	32900	1805	2.021277
31281	32965	5	0.005599
31281	31692	7	0.007839
31281	32079	1722	1.928331
31281	31860	1	0.001120
31281	31190	8	0.008959
31281	32599	5	0.005599
31281	32696	1	0.001120
31281	31737	904	1.012318
31281	32219	1	0.001120
31281	32261	7	0.007839
31281	31165	1	0.001120
31281	31295	5	0.005599
31283	32553	1	0.000711
31283	31435	1380	0.981508
31283	32948	4138	2.943101
31283	31285	22069	15.696302
31283	33050	1	0.000711
31283	31167	1	0.000711
31284	31225	312	1.181818
31284	32370	2	0.007576
31284	32027	2	0.007576
31285	32553	878	0.983203
31285	31435	880	0.985442
31285	31283	2039	2.283315
31285	32948	2805	3.141097
31285	33050	7	0.007839
31285	31355	1	0.001120
31285	32796	1	0.001120
31285	32253	4	0.004479
31285	31295	6	0.006719
31286	32577	1	0.005102
31286	32965	1	0.005102
31286	32611	2	0.010204
31286	31525	12	0.061224
31286	32519	1	0.005102
31286	32924	1	0.005102
31286	32071	3	0.015306
31286	31790	14	0.071429
31286	32625	2	0.010204
31286	32910	17	0.086735
31286	32920	1	0.005102
31286	32796	13	0.066327
31286	32029	30	0.153061
31286	31295	1	0.005102
31287	31355	1	0.000432
31287	32553	3	0.001295
31287	31351	14	0.006045
31287	31822	13	0.005613
31287	32431	10	0.004318
31287	32846	3	0.001295
31287	32599	3	0.001295
31287	31193	3	0.001295
31287	31258	2	0.000864
31287	32219	144	0.062176
31287	32253	1	0.000432
31287	31295	27	0.011658
31288	31373	756	0.965517
31288	32910	4	0.005109
31288	31295	3	0.003831
31290	31452	3	0.045455
31291	32796	2	0.066667
31291	32910	2	0.066667
31291	32998	27	0.900000
31292	31187	453	0.995604
31292	32111	454	0.997802
31294	32253	1	0.016667
31294	31295	2	0.033333
31295	32258	3	0.000955
31295	31748	2	0.000637
31295	32261	76	0.024196
31295	31755	1	0.000318
31295	32270	1	0.000318
31295	32784	3	0.000955
31295	31761	7	0.002229
31295	32278	2	0.000637
31295	32280	3	0.000955
31295	32796	3	0.000955
31295	31776	8	0.002547
31295	31267	2	0.000637
31295	31780	4	0.001273
31295	31271	2	0.000637
31295	32302	2	0.000637
31295	31803	3	0.000955
31295	32831	1	0.000318
31295	32837	3	0.000955
31295	31822	26	0.008278
31295	31313	1	0.000318
31295	31332	3	0.000955
31295	32868	2	0.000637
31295	31342	4	0.001273
31295	31866	2	0.000637
31295	31362	2	0.000637
31295	32900	5	0.001592
31295	31881	1	0.000318
31295	31373	1	0.000318
31295	31374	2	0.000637
31295	32402	2	0.000637
31295	31891	1	0.000318
31295	31894	3	0.000955
31295	31897	4	0.001273
31295	32411	3	0.000955
31295	31395	1	0.000318
31295	32936	3	0.000955
31295	31260	3	0.000955
31295	32431	6	0.001910
31295	32030	1	0.000318
31295	32439	2	0.000637
31295	32447	3079	0.980261
31295	32965	8	0.002547
31295	31431	2	0.000637
31295	31433	2	0.000637
31295	31443	7	0.002229
31295	32469	1	0.000318
31295	31454	2	0.000637
31295	31967	3	0.000955
31295	31972	1	0.000318
31295	31975	2	0.000637
31295	33004	3	0.000955
31295	32979	1	0.000318
31295	32512	1	0.000318
31295	31490	4	0.001273
31295	32014	4	0.001273
31295	32017	2	0.000637
31295	33042	3	0.000955
31295	32533	1	0.000318
31295	32026	5	0.001592
31295	32542	3	0.000955
31295	31524	4	0.001273
31295	32037	4	0.001273
31295	32039	1	0.000318
31295	32048	3	0.000955
31295	31548	3	0.000955
31295	31200	3	0.000955
31295	31557	1	0.000318
31295	33108	3	0.000955
31295	31574	17	0.005412
31295	32599	179	0.056988
31295	31578	1	0.000318
31295	33119	3	0.000955
31295	31587	3	0.000955
31295	32109	2	0.000637
31295	32627	4	0.001273
31295	32120	2	0.000637
31295	32149	2	0.000637
31295	32130	2	0.000637
31295	32644	1	0.000318
31295	32645	2	0.000637
31295	32651	26	0.008278
31295	31630	1	0.000318
31295	31634	12	0.003820
31295	32147	2	0.000637
31295	32661	1	0.000318
31295	31844	4	0.001273
31295	31659	1	0.000318
31295	32687	2	0.000637
31295	32696	17	0.005412
31295	32698	3	0.000955
31295	31675	1	0.000318
31295	32198	1	0.000318
31295	32721	1	0.000318
31295	31310	1	0.000318
31295	32216	1	0.000318
31295	32219	999	0.318052
31295	32736	14	0.004457
31295	32229	1	0.000318
31295	32745	2	0.000637
31295	31216	1	0.000318
31295	31737	49	0.015600
31296	31682	1	0.005076
31296	31748	2	0.010152
31296	31205	2	0.010152
31296	32178	3	0.015228
31296	32051	2	0.010152
31296	31295	1	0.005076
31297	32696	1	0.005848
31297	32171	1	0.005848
31298	31271	1	0.002320
31298	31955	1	0.002320
31298	32025	2	0.004640
31298	32796	1	0.002320
31298	32253	1	0.002320
31298	32158	1	0.002320
31299	31642	2	0.052632
31299	32219	1	0.026316
31300	32673	1	0.004902
31300	32965	6	0.029412
31300	32198	7	0.034314
31300	31847	5	0.024510
31300	31688	1	0.004902
31300	31883	1	0.004902
31300	31985	1	0.004902
31300	31833	1	0.004902
31300	32837	1	0.004902
31300	31295	1	0.004902
31301	31822	1	0.025000
31303	32796	1	0.001101
31303	31694	2	0.002203
31303	31295	2	0.002203
31304	31776	2	0.002200
31304	32252	20	0.022002
31304	32651	1	0.001100
31304	31885	74	0.081408
31304	32431	2	0.002200
31304	31252	2	0.002200
31304	31737	4	0.004400
31304	31295	2	0.002200
31304	32219	2	0.002200
31304	31868	4	0.004400
31304	31711	4	0.004400
31306	31971	151	0.993421
31306	32173	151	0.993421
31309	32280	1	0.006944
31309	32219	1	0.006944
31309	31891	1	0.006944
31309	32029	1	0.006944
31310	31776	2	0.014815
31310	32651	11	0.081481
31310	32278	1	0.007407
31310	32599	1	0.007407
31310	32219	2	0.014815
31310	32447	3	0.022222
31310	31295	9	0.066667
31311	32258	1	0.000721
31311	32617	1	0.000721
31311	33067	1	0.000721
31311	32172	6	0.004326
31311	31917	1	0.000721
31311	32910	1	0.000721
31311	32472	1	0.000721
31311	31634	1	0.000721
31311	32245	2	0.001442
31311	33016	1	0.000721
31311	33050	2	0.001442
31311	32219	1	0.000721
31311	32846	1	0.000721
31311	31454	7	0.005047
31311	31295	5	0.003605
31312	32736	1	0.011905
31312	31761	1	0.011905
31313	32736	16	0.028169
31313	31776	1	0.001761
31313	32965	287	0.505282
31313	32519	1	0.001761
31313	32944	1	0.001761
31313	31342	10	0.017606
31313	32431	1	0.001761
31313	31760	7	0.012324
31313	31634	1	0.001761
31313	32147	2	0.003521
31313	31438	2	0.003521
31313	32599	1	0.001761
31313	32696	5	0.008803
31313	31737	4	0.007042
31313	31295	9	0.015845
31314	32736	2	0.002049
31314	31844	4	0.004098
31314	32965	1070	1.096311
31314	33000	8	0.008197
31314	32651	4	0.004098
31314	31566	4	0.004098
31314	32431	4	0.004098
31314	32944	6	0.006148
31314	32375	2	0.002049
31314	32278	27	0.027664
31314	32599	541	0.554303
31314	32696	4	0.004098
31314	32219	4	0.004098
31314	32399	2	0.002049
31314	31295	2	0.002049
31315	32784	4	0.038095
31315	31868	3	0.028571
31316	32784	515	1.000000
31316	31844	2	0.003883
31316	31226	519	1.007767
31316	31252	515	1.000000
31316	32599	4	0.007767
31318	31267	25	0.480769
31318	32219	2	0.038462
31318	31295	8	0.153846
31319	32096	2	1.000000
31319	32002	2	1.000000
31319	32099	2	1.000000
31319	32679	2	1.000000
31319	32968	2	1.000000
31319	31497	2	1.000000
31319	32807	2	1.000000
31319	32332	2	1.000000
31319	32013	2	1.000000
31319	31339	2	1.000000
31319	32431	2	1.000000
31319	32208	2	1.000000
31319	32114	2	1.000000
31319	32158	2	1.000000
31319	32171	6	3.000000
31319	32926	2	1.000000
31321	32796	6	1.000000
31322	31553	2	0.026316
31322	31781	1	0.013158
31322	31649	1	0.013158
31322	33067	1	0.013158
31322	31287	1	0.013158
31322	32280	8	0.105263
31322	31833	1	0.013158
31322	32219	1	0.013158
31322	32734	1	0.013158
31322	31557	1	0.013158
31323	32171	15	0.025000
31323	33074	2	0.003333
31323	31955	2	0.003333
31323	31799	1	0.001667
31323	33050	5	0.008333
31323	32796	5	0.008333
31324	32736	8	0.072072
31324	32323	1	0.009009
31324	31844	2	0.018018
31324	32965	4	0.036036
31324	32296	1	0.009009
31324	32431	1	0.009009
31324	33107	1	0.009009
31324	32419	1	0.009009
31324	31574	2	0.018018
31324	31737	9	0.081081
31324	32219	1	0.009009
31324	31295	2	0.018018
31324	31711	1	0.009009
31328	32696	3	0.111111
31328	31881	1	0.037037
31328	32988	1	0.037037
31330	31295	2	0.500000
31331	32736	19	0.066901
31331	32651	5	0.017606
31331	31844	6	0.021127
31331	32133	4	0.014085
31331	33047	4	0.014085
31331	32268	5	0.017606
31331	32431	2	0.007042
31331	32242	4	0.014085
31331	32147	1	0.003521
31331	31543	5	0.017606
31331	32760	4	0.014085
31331	31295	5	0.017606
31331	32599	7	0.024648
31331	32251	300	1.056338
31331	31737	3	0.010563
31331	32261	6	0.021127
31332	32261	6	0.018127
31332	32138	2	0.006042
31332	32147	5	0.015106
31332	31252	2	0.006042
31332	31776	4	0.012085
31332	32431	2	0.006042
31332	32304	2	0.006042
31332	32307	2	0.006042
31332	32696	6	0.018127
31332	32955	2	0.006042
31332	31548	2	0.006042
31332	31677	4	0.012085
31332	31295	60	0.181269
31332	32594	225	0.679758
31332	32599	15	0.045317
31332	31844	2	0.006042
31332	31194	2	0.006042
31332	31326	4	0.012085
31332	32736	2	0.006042
31332	32354	2	0.006042
31332	32228	225	0.679758
31332	32870	2	0.006042
31332	31989	4	0.012085
31332	32630	4	0.012085
31332	32120	2	0.006042
31338	31360	4	0.009346
31338	33028	4	0.009346
31338	32261	10	0.023364
31338	32277	4	0.009346
31338	32278	4	0.009346
31338	32026	4	0.009346
31338	32416	4	0.009346
31338	32431	4	0.009346
31338	32310	5	0.011682
31338	32696	10	0.023364
31338	31295	5	0.011682
31338	32571	4	0.009346
31338	32447	4	0.009346
31338	32599	9	0.021028
31338	32733	4	0.009346
31338	32737	4	0.009346
31338	31844	13	0.030374
31338	32999	4	0.009346
31338	33117	4	0.009346
31338	32627	45	0.105140
31338	31222	2	0.004673
31338	32319	4	0.009346
31339	31737	4	0.002799
31339	32965	2	0.001400
31339	32219	10	0.006998
31339	32171	88	0.061582
31339	32599	3	0.002099
31341	32336	1	0.035714
31341	32696	1	0.035714
31341	31659	1	0.035714
31341	32172	2	0.071429
31342	32258	5	0.012821
31342	32261	13	0.033333
31342	32651	5	0.012821
31342	31634	13	0.033333
31342	32147	8	0.020513
31342	32431	1	0.002564
31342	32172	4	0.010256
31342	31791	1	0.002564
31342	33072	213	0.546154
31342	33077	215	0.551282
31342	32696	9	0.023077
31342	31295	46	0.117949
31342	31682	12	0.030769
31342	32965	1	0.002564
31342	33102	1	0.002564
31342	31313	4	0.010256
31342	32599	14	0.035897
31342	32219	5	0.012821
31342	31967	4	0.010256
31342	32736	18	0.046154
31342	31844	1	0.002564
31342	32624	1	0.002564
31342	31478	4	0.010256
31342	32120	1	0.002564
31342	31737	5	0.012821
31342	32252	4	0.010256
31343	31844	1	0.010870
31343	32493	184	2.000000
31343	32944	1	0.010870
31343	31541	1	0.010870
31343	32599	1	0.010870
31343	32696	2	0.021739
31343	31578	3	0.032609
31343	31295	1	0.010870
31346	32171	1	0.003922
31346	32997	1	0.003922
31346	32604	1	0.003922
31346	31365	1	0.003922
31346	31271	255	1.000000
31347	31912	3	0.007143
31347	31979	1291	3.073810
31347	32910	4	0.009524
31347	32655	4	0.009524
31347	33074	1	0.002381
31347	31860	1	0.002381
31347	31833	1	0.002381
31347	31295	13	0.030952
31348	31844	2	0.004274
31348	32261	7	0.014957
31348	32774	2	0.004274
31348	31822	45	0.096154
31348	32368	3	0.006410
31348	32278	7	0.014957
31348	32599	2	0.004274
31348	32696	2	0.004274
31348	31737	6	0.012821
31348	31295	4	0.008547
31348	32677	1	0.002137
31348	32965	8	0.017094
31351	32304	1	0.001086
31351	31426	6	0.006515
31351	32796	3	0.003257
31351	32549	53	0.057546
31351	32524	3	0.003257
31351	31879	47	0.051031
31351	31817	47	0.051031
31351	32812	5	0.005429
31351	32258	2	0.002172
31351	32846	833	0.904452
31351	32528	48	0.052117
31351	32888	8	0.008686
31351	31698	47	0.051031
31351	31283	1	0.001086
31351	31285	2	0.002172
31351	33016	4	0.004343
31351	33050	1	0.001086
31351	31822	5	0.005429
31351	32410	1	0.001086
31351	32734	47	0.051031
31351	31295	7	0.007600
31353	31776	1	0.001767
31353	32000	1	0.001767
31353	32219	1	0.001767
31353	31844	2	0.003534
31353	32965	5	0.008834
31353	32298	3	0.005300
31353	32261	6	0.010601
31353	33038	2	0.003534
31353	32687	11	0.019435
31353	32030	1	0.001767
31353	32599	1	0.001767
31353	32696	5	0.008834
31353	32923	5	0.008834
31353	32126	1	0.001767
31353	31999	2	0.003534
31355	31776	3	0.007143
31355	32219	4	0.009524
31355	31574	2	0.004762
31355	32431	4	0.009524
31355	32022	2	0.004762
31355	31195	7	0.016667
31355	32253	5	0.011905
31356	32258	2	0.001554
31356	31374	2	0.001554
31356	31891	2	0.001554
31356	31252	2	0.001554
31356	32150	2	0.001554
31356	31833	2	0.001554
31356	32025	2	0.001554
31356	33050	1	0.000777
31356	32923	2	0.001554
31356	32796	2	0.001554
31356	32029	2	0.001554
31356	31649	2	0.001554
31356	31781	2	0.001554
31356	31658	2	0.001554
31356	33067	2	0.001554
31356	32300	2	0.001554
31356	32304	1	0.000777
31356	32824	2	0.001554
31356	31807	2	0.001554
31356	31553	2	0.001554
31356	32585	2	0.001554
31356	33098	2	0.001554
31356	31824	2	0.001554
31356	31828	2	0.001554
31356	32270	2	0.001554
31356	32336	2	0.001554
31356	31193	2	0.001554
31356	32219	3	0.002331
31356	31457	2	0.001554
31356	32354	2	0.001554
31356	31386	2	0.001554
31356	31474	2	0.001554
31356	32506	1	0.000777
31356	31999	2	0.001554
31357	31832	4	0.173913
31359	32219	162	0.069948
31359	32553	3	0.001295
31359	31351	14	0.006045
31359	31287	4958	2.140760
31359	31822	14	0.006045
31359	32431	10	0.004318
31359	32846	3	0.001295
31359	32599	3	0.001295
31359	31193	3	0.001295
31359	31258	2	0.000864
31359	31355	1	0.000432
31359	32253	1	0.000432
31359	31295	27	0.011658
31360	33028	3	0.002540
31360	31631	2	0.001693
31360	32277	1	0.000847
31360	32278	9	0.007621
31360	31258	10	0.008467
31360	32155	1	0.000847
31360	32416	1	0.000847
31360	32673	1	0.000847
31360	31267	1	0.000847
31360	33066	1	0.000847
31360	32172	7	0.005927
31360	32431	1	0.000847
31360	32944	2	0.001693
31360	32627	44	0.037257
31360	32696	1	0.000847
31360	31295	2	0.001693
31360	32447	1	0.000847
31360	32965	2	0.001693
31360	32979	2	0.001693
31360	31179	2	0.001693
31360	32846	1	0.000847
31360	31696	6	0.005080
31360	32419	3	0.002540
31360	32599	10	0.008467
31360	32219	6	0.005080
31360	33117	3	0.002540
31360	32736	2	0.001693
31360	31844	11	0.009314
31360	32744	1	0.000847
31360	31859	3	0.002540
31360	31222	2	0.001693
31360	31737	1	0.000847
31360	31167	2	0.001693
31362	32965	1	0.008929
31362	32651	1	0.008929
31362	31844	3	0.026786
31362	32677	4	0.035714
31362	31179	4	0.035714
31362	31810	1	0.008929
31362	31634	1	0.008929
31362	32278	4	0.035714
31362	31737	1	0.008929
31362	32696	2	0.017857
31362	32025	3	0.026786
31362	32410	2	0.017857
31362	32765	3	0.026786
31362	31295	7	0.062500
31363	32640	2	0.006154
31363	32354	6	0.018462
31363	31844	1	0.003077
31363	32071	1	0.003077
31363	31496	1	0.003077
31363	32270	1	0.003077
31363	32431	1	0.003077
31365	32657	6	0.025751
31365	33050	1	0.004292
31365	32909	3	0.012876
31365	31271	3	0.012876
31367	32736	7	1.000000
31368	31514	2	0.062500
31371	32696	1	0.000961
31371	32640	2	0.001921
31371	31179	1	0.000961
31371	32219	3	0.002882
31372	32524	17	0.809524
31373	32736	1	0.002037
31373	31776	1	0.002037
31373	32931	1	0.002037
31373	31461	1	0.002037
31373	32449	1	0.002037
31373	31722	2	0.004073
31373	31821	1	0.002037
31373	32406	1	0.002037
31373	32112	1	0.002037
31373	32433	1	0.002037
31373	31860	2	0.004073
31373	31605	3	0.006110
31373	31574	5	0.010183
31373	31351	2	0.004073
31373	31288	1	0.002037
31374	31195	2	0.001278
31374	31260	14	0.008946
31374	31355	1	0.000639
31374	32253	1	0.000639
31374	33074	2	0.001278
31374	32627	15	0.009585
31374	32278	6	0.003834
31374	31802	3	0.001917
31374	32219	8	0.005112
31374	32796	545	0.348243
31374	32029	24	0.015335
31374	31295	11	0.007029
31376	32096	2	0.001652
31376	32577	2	0.001652
31376	31457	1	0.000826
31376	32683	5	0.004129
31376	32431	1	0.000826
31376	32304	1	0.000826
31376	32796	3	0.002477
31376	31295	4	0.003303
31378	32796	4	2.000000
31379	32124	15	0.018450
31379	32725	9	0.011070
31379	31868	15	0.018450
31379	31717	15	0.018450
31379	31487	36	0.044280
31381	32120	2	0.003442
31381	31461	1	0.001721
31386	32354	1	0.003472
31386	32923	1	0.003472
31386	32965	3	0.010417
31386	31807	1	0.003472
31386	31179	4	0.013889
31386	32172	1	0.003472
31386	32270	1	0.003472
31386	31664	1	0.003472
31386	33074	1	0.003472
31386	32469	1	0.003472
31386	31557	1	0.003472
31386	31896	2	0.006944
31386	31833	1	0.003472
31386	33050	2	0.006944
31386	31195	1	0.003472
31386	32261	4	0.013889
31386	31781	1	0.003472
31387	31844	1	0.000428
31387	31807	2	0.000856
31387	32172	2	0.000856
31387	32431	1	0.000428
31387	32336	2	0.000856
31387	32460	2	0.000856
31387	32022	1	0.000428
31387	31897	1	0.000428
31387	33050	3	0.001284
31387	31355	12	0.005137
31387	32415	8	0.003425
31387	32253	5	0.002140
31387	31295	5	0.002140
31388	32606	24	3.000000
31390	32524	145	1.394231
31393	31822	4	2.000000
31395	32693	1	0.055556
31395	32258	1	0.055556
31395	31295	5	0.277778
31395	32181	5	0.277778
31395	32965	2	0.111111
31396	32524	1	0.125000
31397	32712	185	0.635739
31397	31336	185	0.635739
31397	31594	185	0.635739
31397	31949	185	0.635739
31397	31470	185	0.635739
31397	32335	185	0.635739
31397	32304	185	0.635739
31397	32401	185	0.635739
31397	31539	185	0.635739
31397	32910	4	0.013746
31397	31225	185	0.635739
31397	31418	185	0.635739
31397	31295	4	0.013746
31397	32796	1	0.003436
31397	32159	185	0.635739
31398	31822	114	2.000000
31400	31844	2	0.005051
31400	32965	4	0.010101
31400	31954	32	0.080808
31400	32339	2	0.005051
31400	32149	36	0.090909
31400	32599	6	0.015152
31400	31737	4	0.010101
31400	31482	2	0.005051
31400	32219	1	0.002525
31400	31295	9	0.022727
31406	31844	2	0.002882
31406	32965	4	0.005764
31406	31883	2	0.002882
31406	32172	23	0.033141
31406	31374	2	0.002882
31406	31833	2	0.002882
31406	32247	464	0.668588
31406	32696	6	0.008646
31406	31799	2	0.002882
31406	32698	8	0.011527
31406	32029	2	0.002882
31406	31295	2	0.002882
31408	32698	1	0.007353
31410	32460	4	0.137931
31410	32910	4	0.137931
31414	32965	4	0.019139
31414	32900	1	0.004785
31414	32261	1	0.004785
31414	31979	1	0.004785
31414	31822	1	0.004785
31414	31860	2	0.009569
31414	31246	1	0.004785
31414	32219	22	0.105263
31414	32796	1	0.004785
31414	32447	1	0.004785
31414	31295	5	0.023923
31415	32867	2	0.285714
31415	31623	849	121.285714
31419	32696	2	0.003460
31419	31286	4	0.006920
31419	32965	1	0.001730
31419	31790	2	0.003460
31422	32219	6	0.018927
31422	32298	6	0.018927
31422	32910	7	0.022082
31422	31571	1	0.003155
31422	32696	1	0.003155
31422	31355	1	0.003155
31422	32796	3	0.009464
31422	32253	1	0.003155
31422	31295	3	0.009464
31423	32696	3	0.062500
31423	31844	1	0.020833
31424	32896	34	1.000000
31424	31488	1	0.029412
31424	32770	1	0.029412
31424	32647	34	1.000000
31424	32520	1	0.029412
31424	31276	1	0.029412
31424	31882	2	0.058824
31424	32779	34	1.000000
31424	32145	34	1.000000
31424	31508	1	0.029412
31424	32149	43	1.264706
31424	32791	34	1.000000
31424	32664	34	1.000000
31424	32922	1	0.029412
31424	32239	1	0.029412
31424	31813	34	1.000000
31424	31648	34	1.000000
31424	31778	1	0.029412
31424	31524	39	1.147059
31424	32424	34	1.000000
31424	32848	1	0.029412
31424	32522	1	0.029412
31424	32927	34	1.000000
31424	32302	1	0.029412
31424	31537	34	1.000000
31424	31538	1	0.029412
31424	32182	1	0.029412
31424	32695	1	0.029412
31424	31545	1	0.029412
31424	32698	38	1.117647
31424	32676	34	1.000000
31424	31805	34	1.000000
31424	32830	1	0.029412
31424	32319	1	0.029412
31424	32960	1	0.029412
31424	32160	1	0.029412
31424	31555	34	1.000000
31424	32452	1	0.029412
31424	32837	36	1.058824
31424	32198	44	1.294118
31424	31662	1	0.029412
31424	31820	34	1.000000
31424	32266	1	0.029412
31424	31819	34	1.000000
31424	32204	34	1.000000
31424	32845	34	1.000000
31424	31406	1	0.029412
31424	31825	1	0.029412
31424	32339	1	0.029412
31424	32084	1	0.029412
31424	32469	39	1.147059
31424	32726	1	0.029412
31424	31575	34	1.000000
31424	32601	34	1.000000
31424	32218	34	1.000000
31424	32475	34	1.000000
31424	31196	34	1.000000
31424	31710	34	1.000000
31424	32863	34	1.000000
31424	32993	1	0.029412
31424	31459	1	0.029412
31424	31462	34	1.000000
31424	31633	2	0.058824
31424	31208	1	0.029412
31424	32636	34	1.000000
31424	32746	1	0.029412
31424	31854	1	0.029412
31424	32637	1	0.029412
31424	32243	34	1.000000
31424	31486	1	0.029412
31424	31990	1	0.029412
31424	32247	34	1.000000
31424	31995	1	0.029412
31424	32764	34	1.000000
31424	31466	2	0.058824
31424	32254	34	1.000000
31425	31675	6	0.019231
31425	32253	1	0.003205
31425	32431	2	0.006410
31425	31351	1	0.003205
31425	31355	1	0.003205
31425	31485	1	0.003205
31425	31295	7	0.022436
31426	32640	2	0.000344
31426	31940	2	0.000344
31426	32965	4	0.000689
31426	32796	5	0.000861
31426	31659	2	0.000344
31426	32812	2	0.000344
31426	32781	2	0.000344
31426	31822	11	0.001895
31426	32880	4	0.000689
31426	31253	4	0.000689
31426	33113	4	0.000689
31426	32828	2	0.000344
31426	32606	4	0.000689
31426	31295	5	0.000861
31429	31907	3	0.002930
31430	32722	1	0.014085
31430	32965	150	2.112676
31430	32009	1	0.014085
31430	32172	207	2.915493
31430	31277	1	0.014085
31430	32270	1	0.014085
31430	33074	2	0.028169
31430	31443	1	0.014085
31430	31833	1	0.014085
31430	32796	1	0.014085
31431	32516	3	0.013699
31431	32263	3	0.013699
31431	31881	1	0.004566
31431	32651	1	0.004566
31431	31761	1	0.004566
31431	33042	1	0.004566
31431	32147	1	0.004566
31431	33045	3	0.013699
31431	31897	3	0.013699
31431	32152	2	0.009132
31431	33028	2	0.009132
31431	31515	3	0.013699
31431	32157	3	0.013699
31431	32542	1	0.004566
31431	32415	4	0.018265
31431	31776	3	0.013699
31431	31920	2	0.009132
31431	32419	3	0.013699
31431	31652	1	0.004566
31431	32037	3	0.013699
31431	32936	1	0.004566
31431	32172	1	0.004566
31431	32431	2	0.009132
31431	32048	1	0.004566
31431	32219	1	0.004566
31431	32696	3	0.013699
31431	31295	28	0.127854
31431	32965	3	0.013699
31431	31306	1	0.004566
31431	31563	2	0.009132
31431	33103	2	0.009132
31431	32722	2	0.009132
31431	31443	2	0.009132
31431	31956	1	0.004566
31431	32599	3	0.013699
31431	31451	4	0.018265
31431	33117	2	0.009132
31431	31454	1	0.004566
31431	32736	3	0.013699
31431	31844	8	0.036530
31431	32409	2	0.009132
31431	33004	1	0.004566
31431	32372	2	0.009132
31431	31737	12	0.054795
31432	31748	6	0.010753
31432	32447	1	0.001792
31433	32736	48	0.047856
31433	31776	5	0.004985
31433	32258	1	0.000997
31433	31844	1	0.000997
31433	32261	2	0.001994
31433	32839	2	0.001994
31433	31367	6	0.005982
31433	31978	6	0.005982
31433	32651	3	0.002991
31433	32172	5	0.004985
31433	32431	2	0.001994
31433	32147	4	0.003988
31433	32533	1	0.000997
31433	32341	4	0.003988
31433	31190	1	0.000997
31433	32599	3	0.002991
31433	32696	15	0.014955
31433	31737	1	0.000997
31433	32219	4	0.003988
31433	31295	24	0.023928
31434	32736	1	0.025641
31434	31490	1	0.025641
31434	31755	1	0.025641
31434	32017	1	0.025641
31434	31975	1	0.025641
31434	31761	1	0.025641
31434	31286	1	0.025641
31434	31866	1	0.025641
31434	32954	1	0.025641
31436	32696	1	0.008000
31436	31762	4	0.032000
31437	32696	2	0.125000
31437	31844	3	0.187500
31437	33014	1	0.062500
31438	32384	18	0.038710
31438	31844	6	0.012903
31438	32965	1	0.002151
31438	32172	1	0.002151
31438	31313	456	0.980645
31438	32599	7	0.015054
31438	31737	3	0.006452
31438	33050	1	0.002151
31438	31295	1	0.002151
31439	32304	1	0.004587
31439	31548	2	0.009174
31440	31489	1	0.025641
31440	32172	42	1.076923
31440	31478	2	0.051282
31441	32745	6	0.007220
31441	32099	5	0.006017
31443	32512	2	0.000459
31443	32258	10	0.002294
31443	32261	20	0.004587
31443	32519	1	0.000229
31443	32651	26	0.005963
31443	31362	1	0.000229
31443	31761	2	0.000459
31443	32147	2	0.000459
31443	32278	41	0.009404
31443	32280	1	0.000229
31443	32410	1	0.000229
31443	32026	1	0.000229
31443	31776	17	0.003899
31443	31649	3	0.000688
31443	32219	53	0.012156
31443	31781	2	0.000459
31443	31784	1	0.000229
31443	33067	2	0.000459
31443	32172	17	0.003899
31443	32558	1	0.000229
31443	32431	4	0.000917
31443	32944	3	0.000688
31443	33074	1	0.000229
31443	32436	1	0.000229
31443	32696	4	0.000917
31443	32314	1	0.000229
31443	31295	68	0.015596
31443	31763	3	0.000688
31443	31840	1	0.000229
31443	32965	7	0.001606
31443	32979	1	0.000229
31443	31688	1	0.000229
31443	32391	1	0.000229
31443	31822	136	0.031193
31443	31440	1	0.000229
31443	32419	3	0.000688
31443	31310	2	0.000459
31443	32599	45	0.010321
31443	31193	1	0.000229
31443	31195	1	0.000229
31443	32092	1	0.000229
31443	31711	1	0.000229
31443	32736	18	0.004128
31443	32737	1	0.000229
31443	32507	1	0.000229
31443	31844	33	0.007569
31443	33000	1	0.000229
31443	31722	21	0.004817
31443	31729	3	0.000688
31443	31859	1	0.000229
31443	32888	1	0.000229
31443	31737	49	0.011239
31443	31167	1	0.000229
31443	32846	1	0.000229
31444	31373	1	0.035714
31445	32736	1	0.029412
31445	31490	1	0.029412
31445	31975	1	0.029412
31445	31755	1	0.029412
31445	32017	1	0.029412
31445	31761	1	0.029412
31445	31286	2	0.058824
31445	31866	1	0.029412
31445	32954	1	0.029412
31446	31373	2	0.000455
31447	32725	2	0.007435
31448	32965	6	0.004996
31448	32071	1225	1.019983
31450	31761	1	0.005714
31450	32690	6	0.034286
31450	32627	1	0.005714
31450	31822	1	0.005714
31450	32447	1	0.005714
31451	32200	3	0.007853
31451	31563	3	0.007853
31452	32258	1	0.000823
31452	32460	6	0.004938
31452	32910	2	0.001646
31452	32272	5	0.004115
31452	33074	1	0.000823
31452	32219	2	0.001646
31452	32190	3	0.002469
31452	31295	3	0.002469
31453	32460	2	0.000920
31453	31692	2	0.000920
31453	31788	2	0.000920
31453	31165	1	0.000460
31453	33074	4	0.001840
31453	31860	3	0.001380
31453	31222	2	0.000920
31453	32471	2	0.000920
31453	31578	2	0.000920
31453	31355	2	0.000920
31453	32796	2	0.000920
31453	32253	2	0.000920
31454	32261	2	0.002415
31454	32519	2	0.002415
31454	32651	3	0.003623
31454	31682	1	0.001208
31454	32272	7	0.008454
31454	32472	2	0.002415
31454	32026	1	0.001208
31454	31776	2	0.002415
31454	32419	2	0.002415
31454	32172	1	0.001208
31454	32431	3	0.003623
31454	32944	2	0.002415
31454	32696	4	0.004831
31454	31295	37	0.044686
31454	32706	1	0.001208
31454	32965	8	0.009662
31454	33102	1	0.001208
31454	31574	2	0.002415
31454	32599	15	0.018116
31454	31832	2	0.002415
31454	32219	17	0.020531
31454	32736	832	1.004831
31454	31844	2	0.002415
31454	32503	1	0.001208
31454	31737	1	0.001208
31454	32126	2	0.002415
31455	32351	5	0.023364
31455	32388	1	0.004673
31455	31295	1	0.004673
31457	32096	3	0.002747
31457	32997	3	0.002747
31457	32231	1	0.000916
31457	31978	2	0.001832
31457	31275	1	0.000916
31457	32172	7	0.006410
31457	33074	8	0.007326
31457	32270	1	0.000916
31457	31376	1	0.000916
31457	32722	4	0.003663
31457	32599	1	0.000916
31457	31295	4	0.003663
31457	32923	3	0.002747
31457	32158	3	0.002747
31457	32447	3	0.002747
31458	32258	5	0.002943
31458	31748	2	0.001177
31458	32645	1	0.000589
31458	31711	2	0.001177
31458	31367	2	0.001177
31458	32419	2	0.001177
31458	31755	2	0.001177
31458	32130	1	0.000589
31458	32911	1	0.000589
31458	32017	1	0.000589
31458	32323	1	0.000589
31458	32149	4	0.002354
31458	32217	1	0.000589
31458	32280	2	0.001177
31458	31897	2	0.001177
31458	32411	4	0.002354
31458	31802	2	0.001177
31458	32030	6	0.003531
31458	32415	3	0.001766
31458	31776	63	0.037081
31458	32673	8	0.004709
31458	31522	1	0.000589
31458	32686	1	0.000589
31458	31524	1	0.000589
31458	32037	2	0.001177
31458	31631	1	0.000589
31458	31271	2	0.001177
31458	32936	5	0.002943
31458	32092	2	0.001177
31458	32900	3	0.001766
31458	31533	1	0.000589
31458	31918	1	0.000589
31458	32431	28	0.016480
31458	31280	1	0.000589
31458	32561	1	0.000589
31458	33075	1	0.000589
31458	32949	2	0.001177
31458	32687	2	0.001177
31458	32698	4	0.002354
31458	33119	1	0.000589
31458	32399	3	0.001766
31458	31549	15	0.008829
31458	31295	20	0.011772
31458	32651	6	0.003531
31458	32965	5	0.002943
31458	32198	5	0.002943
31458	31688	5	0.002943
31458	31689	1	0.000589
31458	31179	4	0.002354
31458	31822	66	0.038846
31458	31219	1	0.000589
31458	32624	1	0.000589
31458	31313	1	0.000589
31458	31314	1	0.000589
31458	31443	17	0.010006
31458	33102	15	0.008829
31458	31780	1	0.000589
31458	31578	4	0.002354
31458	32219	86	0.050618
31458	31324	1	0.000589
31458	31866	1	0.000589
31458	31454	1	0.000589
31458	31967	1	0.000589
31458	32736	7016	4.129488
31458	31696	1	0.000589
31458	31331	1	0.000589
31458	32868	1	0.000589
31458	32229	3	0.001766
31458	31975	2	0.001177
31458	32831	1	0.000589
31458	31721	1	0.000589
31458	33004	1	0.000589
31458	31373	2	0.001177
31458	31342	1	0.000589
31458	31216	1	0.000589
31458	33000	1	0.000589
31458	32627	4	0.002354
31458	31222	1	0.000589
31458	32120	4	0.002354
31458	31737	14	0.008240
31458	32644	1	0.000589
31458	32447	6	0.003531
31458	32252	1	0.000589
31458	32725	2	0.001177
31459	32354	3	0.004184
31459	32837	5	0.006974
31459	31175	3	0.004184
31459	32519	4	0.005579
31459	33074	1	0.001395
31459	32695	4	0.005579
31459	31833	5	0.006974
31459	31295	3	0.004184
31461	32796	1	0.100000
31461	32351	1	0.100000
31462	32896	34	1.000000
31462	32960	1	0.029412
31462	32266	1	0.029412
31462	32647	34	1.000000
31462	32520	1	0.029412
31462	31276	1	0.029412
31462	32522	1	0.029412
31462	32779	34	1.000000
31462	32770	1	0.029412
31462	32145	34	1.000000
31462	31508	2	0.058824
31462	32149	43	1.264706
31462	31882	1	0.029412
31462	32791	34	1.000000
31462	32664	34	1.000000
31462	32922	1	0.029412
31462	32239	1	0.029412
31462	31813	34	1.000000
31462	31648	34	1.000000
31462	31778	1	0.029412
31462	31524	40	1.176471
31462	32424	34	1.000000
31462	32848	1	0.029412
31462	32927	34	1.000000
31462	32302	1	0.029412
31462	31537	34	1.000000
31462	31538	1	0.029412
31462	32182	1	0.029412
31462	32695	1	0.029412
31462	31545	1	0.029412
31462	32698	38	1.117647
31462	32676	34	1.000000
31462	31805	34	1.000000
31462	32830	1	0.029412
31462	32319	1	0.029412
31462	31424	34	1.000000
31462	32160	1	0.029412
31462	31555	34	1.000000
31462	32452	1	0.029412
31462	32837	36	1.058824
31462	32198	44	1.294118
31462	31662	1	0.029412
31462	31820	34	1.000000
31462	31488	1	0.029412
31462	31819	34	1.000000
31462	32204	34	1.000000
31462	32845	34	1.000000
31462	31406	1	0.029412
31462	31825	1	0.029412
31462	32339	1	0.029412
31462	32084	1	0.029412
31462	32469	38	1.117647
31462	32726	1	0.029412
31462	31575	34	1.000000
31462	32601	34	1.000000
31462	32218	34	1.000000
31462	32475	34	1.000000
31462	31196	34	1.000000
31462	31710	34	1.000000
31462	32863	34	1.000000
31462	32993	1	0.029412
31462	31459	1	0.029412
31462	31633	2	0.058824
31462	31208	1	0.029412
31462	32636	34	1.000000
31462	32746	1	0.029412
31462	31854	1	0.029412
31462	32637	1	0.029412
31462	32243	34	1.000000
31462	31486	1	0.029412
31462	31990	1	0.029412
31462	32247	34	1.000000
31462	31995	1	0.029412
31462	32764	34	1.000000
31462	31466	2	0.058824
31462	32254	34	1.000000
31463	31233	2	1.000000
31463	32004	2	1.000000
31463	32073	2	1.000000
31463	31278	2	1.000000
31463	32881	104	52.000000
31463	31770	2	1.000000
31465	33050	1	0.013889
31465	32460	18	0.250000
31466	32198	1	0.001361
31466	32910	8	0.010884
31466	31985	7	0.009524
31466	31828	1	0.001361
31466	31833	7	0.009524
31466	32796	1	0.001361
31469	32640	2	0.001857
31469	32900	36	0.033426
31469	32965	5	0.004643
31469	32599	2	0.001857
31469	31692	8	0.007428
31469	32910	4	0.003714
31469	32431	2	0.001857
31469	32146	7	0.006500
31469	31860	7	0.006500
31469	32725	1	0.000929
31469	31833	2	0.001857
31469	32471	1	0.000929
31469	32024	5	0.004643
31469	32468	5	0.004643
31469	31578	1	0.000929
31469	31259	2	0.001857
31469	32796	2	0.001857
31469	31165	4	0.003714
31469	31295	16	0.014856
31471	32696	2	0.016393
31471	31737	2	0.016393
31471	32907	2	0.016393
31471	32736	16	0.131148
31472	31816	1	0.019231
31474	31584	12	0.013423
31474	32611	12	0.013423
31474	32677	3	0.003356
31474	32006	12	0.013423
31474	31975	6	0.006711
31474	31755	3	0.003356
31474	32460	3	0.003356
31474	31955	3	0.003356
31474	32219	9	0.010067
31474	32924	12	0.013423
31474	32447	1	0.001119
31474	31295	3	0.003356
31475	32696	2	0.013072
31475	32249	4	0.026144
31475	31468	6	0.039216
31475	32261	2	0.013072
31475	31295	2	0.013072
31476	32239	1	0.005348
31477	32599	1	0.031250
31478	32965	2	0.032787
31479	31633	11	0.785714
31479	32796	12	0.857143
31479	32469	11	0.785714
31480	31776	2	0.002066
31480	31844	4	0.004132
31480	32198	10	0.010331
31480	32599	2	0.002066
31481	32651	544	1.150106
31481	31761	12	0.025370
31481	31634	2	0.004228
31481	31574	2	0.004228
31481	31737	1	0.002114
31481	32219	2	0.004228
31481	31295	8	0.016913
31482	32846	6	0.008824
31482	31374	6	0.008824
31483	32640	8	0.002410
31483	32258	5	0.001506
31483	32900	2	0.000603
31483	31579	2	0.000603
31483	31371	3	0.000904
31483	31807	1	0.000301
31483	32910	143	0.043085
31483	31692	2	0.000603
31483	32796	39	0.011751
31483	31776	1	0.000301
31483	31259	3	0.000904
31483	32677	1	0.000301
31483	31659	1	0.000301
31483	31789	7	0.002109
31483	32942	1	0.000301
31483	32431	11	0.003314
31483	32304	33	0.009943
31483	32923	1	0.000301
31483	32696	9	0.002712
31483	32372	3	0.000904
31483	31295	13	0.003917
31483	31817	2	0.000603
31483	32460	2	0.000603
31483	32270	3	0.000904
31483	31959	4	0.001205
31483	31833	1	0.000301
31483	32219	3	0.000904
31483	31204	3	0.000904
31483	31860	4	0.001205
31483	32447	1	0.000301
31485	32796	1	0.066667
31485	31541	12	0.800000
31486	32258	16	0.067797
31486	31844	2	0.008475
31486	32270	6	0.025424
31486	32029	1	0.004237
31486	31474	1	0.004237
31486	32696	5	0.021186
31486	31386	235	0.995763
31486	32794	1	0.004237
31486	32796	1	0.004237
31486	33050	3	0.012712
31486	32447	1	0.004237
31487	32696	1	0.020833
31487	32252	1	0.020833
31487	32543	1	0.020833
31488	32266	1	0.005814
31488	31990	3	0.017442
31489	32410	3	0.071429
31489	32219	3	0.071429
31489	31362	2	0.047619
31489	32599	1	0.023810
31490	31776	2	0.004630
31490	32736	2	0.004630
31490	32965	6	0.013889
31490	32419	2	0.004630
31490	31844	5	0.011574
31490	32261	8	0.018519
31490	31822	2	0.004630
31490	32431	8	0.018519
31490	32944	2	0.004630
31490	32147	4	0.009259
31490	32599	5	0.011574
31490	32696	2	0.004630
31490	32219	4	0.009259
31490	31295	16	0.037037
31491	32512	8	0.001415
31491	32258	5	0.000884
31491	31844	30	0.005307
31491	32261	31	0.005484
31491	32519	28443	5.031488
31491	33034	375	0.066336
31491	32651	21095	3.731647
31491	31443	7	0.001238
31491	31950	7	0.001238
31491	32431	8	0.001415
31491	32944	15	0.002653
31491	33074	10	0.001769
31491	32147	10	0.001769
31491	32533	13852	2.450380
31491	32278	39	0.006899
31491	32599	23	0.004069
31491	32696	7	0.001238
31491	32965	1	0.000177
31491	32219	55	0.009729
31491	32659	1	0.000177
31491	31295	25	0.004422
31493	33050	3	1.000000
31495	31682	1	0.027778
31496	31868	1	0.050000
31496	31765	2	0.100000
31496	31941	1	0.050000
31497	32171	5	0.833333
31498	31868	15	2.500000
31498	31765	18	3.000000
31499	31295	2	0.200000
31499	32258	2	0.200000
31499	32843	2	0.200000
31499	32431	2	0.200000
31504	32640	1	0.003413
31504	32011	502	1.713311
31504	32460	6	0.020478
31504	32910	11	0.037543
31504	32696	1	0.003413
31504	31295	7	0.023891
31505	31776	1	0.040000
31505	32736	1	0.040000
31505	32965	3	0.120000
31505	31355	1	0.040000
31505	32261	1	0.040000
31505	32431	6	0.240000
31505	32944	1	0.040000
31505	31195	1	0.040000
31505	32278	1	0.040000
31505	32599	1	0.040000
31505	31737	1	0.040000
31505	31487	4	0.160000
31505	32219	1	0.040000
31505	31295	1	0.040000
31510	32696	2	0.037037
31510	32298	2	0.037037
31510	32687	2	0.037037
31511	32753	1833	3.000000
31512	32354	1	0.000915
31512	31721	4	0.003660
31512	32843	2	0.001830
31512	31436	2	0.001830
31512	31316	2	0.001830
31512	32696	5	0.004575
31512	32827	8	0.007319
31512	31868	614	0.561757
31512	31326	2	0.001830
31512	31487	3	0.002745
31514	31386	3	0.136364
31515	31563	3	0.020000
31515	31431	281	1.873333
31516	31822	4	2.000000
31518	32256	545	0.195271
31518	32801	7	0.002508
31518	31234	5	0.001791
31518	32118	4	0.001433
31518	32998	5	0.001791
31518	32076	5	0.001791
31518	31210	7	0.002508
31518	31564	5	0.001791
31518	31666	6	0.002150
31518	31246	116	0.041562
31518	32496	5	0.001791
31518	31730	5	0.001791
31518	32528	13	0.004658
31518	32856	6	0.002150
31518	33113	6	0.002150
31518	33050	13	0.004658
31518	31612	9	0.003225
31518	32524	1	0.000358
31521	32130	1	0.000549
31521	31748	2	0.001099
31521	32645	1	0.000549
31521	31711	2	0.001099
31521	31367	1	0.000549
31521	32651	6	0.003297
31521	31822	66	0.036264
31521	31373	2	0.001099
31521	32911	1	0.000549
31521	31755	2	0.001099
31521	32017	1	0.000549
31521	32149	4	0.002198
31521	32217	1	0.000549
31521	32280	2	0.001099
31521	31897	2	0.001099
31521	32411	4	0.002198
31521	31802	2	0.001099
31521	32030	6	0.003297
31521	32415	3	0.001648
31521	31776	63	0.034615
31521	32673	8	0.004396
31521	31522	1	0.000549
31521	32419	2	0.001099
31521	31780	1	0.000549
31521	32037	2	0.001099
31521	31631	1	0.000549
31521	31271	2	0.001099
31521	32936	5	0.002747
31521	32092	2	0.001099
31521	32900	3	0.001648
31521	31533	1	0.000549
31521	32686	1	0.000549
31521	32431	28	0.015385
31521	31280	1	0.000549
31521	32561	1	0.000549
31521	32258	5	0.002747
31521	33075	1	0.000549
31521	32949	2	0.001099
31521	32687	2	0.001099
31521	32698	4	0.002198
31521	33119	1	0.000549
31521	32399	3	0.001648
31521	31549	17	0.009341
31521	31295	20	0.010989
31521	32323	1	0.000549
31521	32965	5	0.002747
31521	32198	5	0.002747
31521	31688	5	0.002747
31521	31689	1	0.000549
31521	31179	4	0.002198
31521	33102	15	0.008242
31521	31219	1	0.000549
31521	32624	1	0.000549
31521	31313	1	0.000549
31521	31314	1	0.000549
31521	31443	17	0.009341
31521	32725	2	0.001099
31521	31918	1	0.000549
31521	31524	1	0.000549
31521	31578	4	0.002198
31521	32219	74	0.040659
31521	31324	1	0.000549
31521	31866	1	0.000549
31521	31454	1	0.000549
31521	31967	1	0.000549
31521	32736	7634	4.194505
31521	31696	1	0.000549
31521	31331	1	0.000549
31521	32868	1	0.000549
31521	32229	3	0.001648
31521	31975	2	0.001099
31521	32831	1	0.000549
31521	31721	1	0.000549
31521	33004	1	0.000549
31521	31342	1	0.000549
31521	31216	1	0.000549
31521	33000	1	0.000549
31521	32627	4	0.002198
31521	31222	1	0.000549
31521	32120	4	0.002198
31521	31737	14	0.007692
31521	32644	1	0.000549
31521	32447	6	0.003297
31521	32252	1	0.000549
31522	32696	1	0.047619
31522	32736	2	0.095238
31522	32492	1	0.047619
31523	32354	1	0.000268
31523	31868	4	0.001074
31523	33074	2	0.000537
31524	32736	26	0.026915
31524	31844	22	0.022774
31524	32005	2	0.002070
31524	32965	2	0.002070
31524	32651	2	0.002070
31524	31276	2	0.002070
31524	31822	4	0.004141
31524	32431	10	0.010352
31524	31633	4	0.004141
31524	31737	10	0.010352
31524	31637	6	0.006211
31524	32599	18	0.018634
31524	32696	20	0.020704
31524	31295	194	0.200828
31524	32219	41	0.042443
31524	32447	2	0.002070
31524	32261	8	0.008282
31525	31973	1	0.200000
31525	31286	2	0.400000
31526	31822	4	2.000000
31527	31674	1	0.016667
31527	31295	3	0.050000
31529	31737	1	0.029412
31529	32965	1	0.029412
31529	32447	1	0.029412
31531	32460	22	11.000000
31533	32252	6	1.000000
31533	31523	6	1.000000
31533	31868	20	3.333333
31533	31765	14	2.333333
31535	32538	1	0.020833
31535	32014	1	0.020833
31537	32896	34	1.000000
31537	32960	1	0.029412
31537	32266	1	0.029412
31537	32647	34	1.000000
31537	32520	1	0.029412
31537	32522	1	0.029412
31537	32779	34	1.000000
31537	32770	1	0.029412
31537	32145	34	1.000000
31537	31508	1	0.029412
31537	32149	43	1.264706
31537	31882	1	0.029412
31537	32601	34	1.000000
31537	32664	34	1.000000
31537	32922	1	0.029412
31537	32239	1	0.029412
31537	31813	34	1.000000
31537	31648	34	1.000000
31537	31778	1	0.029412
31537	31524	39	1.147059
31537	32424	34	1.000000
31537	32848	1	0.029412
31537	31276	1	0.029412
31537	32302	1	0.029412
31537	31538	1	0.029412
31537	32182	1	0.029412
31537	32695	1	0.029412
31537	32791	34	1.000000
31537	31545	1	0.029412
31537	32698	39	1.147059
31537	32927	34	1.000000
31537	31805	34	1.000000
31537	32830	1	0.029412
31537	32319	2	0.058824
31537	31424	34	1.000000
31537	32160	1	0.029412
31537	31555	34	1.000000
31537	32452	1	0.029412
31537	32837	36	1.058824
31537	32198	44	1.294118
31537	31662	1	0.029412
31537	31820	34	1.000000
31537	31488	1	0.029412
31537	31819	34	1.000000
31537	32204	34	1.000000
31537	32845	34	1.000000
31537	31406	1	0.029412
31537	31825	1	0.029412
31537	32339	1	0.029412
31537	32084	1	0.029412
31537	32469	38	1.117647
31537	32726	1	0.029412
31537	31575	34	1.000000
31537	32676	34	1.000000
31537	32218	34	1.000000
31537	32475	34	1.000000
31537	31196	34	1.000000
31537	31710	34	1.000000
31537	32863	34	1.000000
31537	32993	1	0.029412
31537	31459	1	0.029412
31537	31462	34	1.000000
31537	31633	2	0.058824
31537	31208	1	0.029412
31537	32636	34	1.000000
31537	32746	1	0.029412
31537	31854	1	0.029412
31537	32637	1	0.029412
31537	32243	34	1.000000
31537	31486	1	0.029412
31537	31990	1	0.029412
31537	32247	34	1.000000
31537	31995	1	0.029412
31537	32764	34	1.000000
31537	31466	2	0.058824
31537	32254	34	1.000000
31538	32354	2	0.004717
31538	32955	1	0.002358
31538	31844	1	0.002358
31538	31717	2	0.004717
31538	32895	1	0.002358
31538	32780	1	0.002358
31538	32258	5	0.011792
31538	32910	4	0.009434
31538	32431	3	0.007075
31538	32528	2	0.004717
31538	33074	1	0.002358
31538	32339	1	0.002358
31538	31541	1	0.002358
31538	32696	5	0.011792
31538	31737	1	0.002358
31538	32922	2	0.004717
31538	31355	2	0.004717
31538	32796	2	0.004717
31538	31295	1	0.002358
31539	31295	2	0.181818
31541	31362	1	0.000725
31541	31779	1	0.000725
31541	31844	4	0.002899
31541	32399	3	0.002174
31541	32280	1	0.000725
31541	32885	1	0.000725
31541	31992	1	0.000725
31541	32793	1	0.000725
31541	31578	1	0.000725
31541	32219	2	0.001449
31541	31165	4	0.002899
31541	32766	1	0.000725
31541	31295	7	0.005072
31542	31776	5	0.007776
31542	32577	3	0.004666
31542	32965	10	0.015552
31542	31978	3	0.004666
31542	31659	3	0.004666
31542	32172	3	0.004666
31542	32627	661	1.027994
31542	31222	3	0.004666
31542	32599	13	0.020218
31542	31737	6	0.009331
31542	32026	3	0.004666
31542	32447	3	0.004666
31542	31295	2	0.003110
31543	32242	1	0.050000
31543	31331	2	0.100000
31545	31985	8	0.020513
31548	32900	1	0.003289
31548	32261	1	0.003289
31548	32651	27	0.088816
31548	31761	2	0.006579
31548	31762	1	0.003289
31548	32147	4	0.013158
31548	31894	1	0.003289
31548	31748	4	0.013158
31548	32696	8	0.026316
31548	31803	1	0.003289
31548	31295	70	0.230263
31548	32965	7	0.023026
31548	32198	1	0.003289
31548	31822	26	0.085526
31548	32591	2	0.006579
31548	32599	10	0.032895
31548	32219	11	0.036184
31548	32736	23	0.075658
31548	31202	1	0.003289
31548	31332	1	0.003289
31548	31634	7	0.023026
31548	31737	2	0.006579
31549	32736	2	0.076923
31549	31689	4	0.153846
31549	32219	1	0.038462
31549	32396	1	0.038462
31549	32030	2	0.076923
31550	32219	7	0.411765
31551	31776	3	0.007853
31551	32419	6	0.015707
31551	31844	3	0.007853
31551	32431	3	0.007853
31551	32721	12	0.031414
31551	32249	3	0.007853
31552	31623	831	118.714286
31553	32258	1	0.000473
31553	31557	1	0.000473
31553	32171	1	0.000473
31553	32431	1	0.000473
31553	33074	7	0.003313
31553	32219	2	0.000947
31554	32784	1	0.009804
31554	32957	2	0.019608
31555	32896	34	1.000000
31555	32960	1	0.029412
31555	32266	1	0.029412
31555	32647	34	1.000000
31555	32520	2	0.058824
31555	31276	1	0.029412
31555	32522	1	0.029412
31555	32779	34	1.000000
31555	32770	1	0.029412
31555	32145	34	1.000000
31555	31508	1	0.029412
31555	32149	44	1.294118
31555	31882	1	0.029412
31555	32791	34	1.000000
31555	32664	34	1.000000
31555	32922	1	0.029412
31555	32239	1	0.029412
31555	31813	34	1.000000
31555	31648	34	1.000000
31555	31778	1	0.029412
31555	31524	39	1.147059
31555	32424	34	1.000000
31555	32927	34	1.000000
31555	32302	1	0.029412
31555	31537	34	1.000000
31555	31538	1	0.029412
31555	32182	1	0.029412
31555	32695	1	0.029412
31555	31545	1	0.029412
31555	32698	38	1.117647
31555	32676	34	1.000000
31555	31805	34	1.000000
31555	32830	2	0.058824
31555	32319	1	0.029412
31555	31424	34	1.000000
31555	32160	1	0.029412
31555	31406	1	0.029412
31555	32452	1	0.029412
31555	32837	36	1.058824
31555	32198	44	1.294118
31555	31662	1	0.029412
31555	31820	34	1.000000
31555	31488	1	0.029412
31555	31819	34	1.000000
31555	32204	34	1.000000
31555	32845	34	1.000000
31555	32848	1	0.029412
31555	31825	1	0.029412
31555	32339	1	0.029412
31555	32084	1	0.029412
31555	32469	38	1.117647
31555	32726	1	0.029412
31555	31575	34	1.000000
31555	32601	34	1.000000
31555	32218	34	1.000000
31555	32475	34	1.000000
31555	31196	34	1.000000
31555	31710	34	1.000000
31555	32863	34	1.000000
31555	32993	1	0.029412
31555	31459	1	0.029412
31555	31462	34	1.000000
31555	31633	2	0.058824
31555	31208	1	0.029412
31555	32636	34	1.000000
31555	32746	1	0.029412
31555	31854	1	0.029412
31555	32637	1	0.029412
31555	32243	34	1.000000
31555	31486	1	0.029412
31555	31990	1	0.029412
31555	32247	34	1.000000
31555	31995	1	0.029412
31555	32764	34	1.000000
31555	31466	2	0.058824
31555	32254	34	1.000000
31556	31601	3	0.004261
31556	32219	12	0.017045
31556	32796	1	0.001420
31556	32447	1	0.001420
31557	31362	1	0.000863
31557	31267	3	0.002588
31557	32391	1	0.000863
31557	32796	2	0.001726
31557	31626	2	0.001726
31557	32103	2	0.001726
31557	32172	1	0.000863
31557	33074	4	0.003451
31557	32278	1	0.000863
31557	31833	2	0.001726
31557	31195	9	0.007765
31557	33116	3	0.002588
31557	32253	3	0.002588
31557	31179	13	0.011217
31557	31295	1	0.000863
31558	32577	2	0.001986
31558	32965	11	0.010924
31558	31975	5	0.004965
31558	32696	1	0.000993
31558	32026	1	0.000993
31558	31295	1	0.000993
31559	31212	1	0.083333
31561	32195	3	0.002060
31561	31844	3	0.002060
31561	32261	3	0.002060
31561	31967	12	0.008242
31561	32651	3	0.002060
31561	32654	5974	4.103022
31561	32431	3	0.002060
31561	31478	3	0.002060
31561	32599	3	0.002060
31561	32696	9	0.006181
31561	31355	3	0.002060
31561	32447	3	0.002060
31563	31431	1	0.000728
31563	31807	4	0.002911
31563	32263	1	0.000728
31563	32173	3	0.002183
31563	31337	2	0.001456
31563	31515	1	0.000728
31563	32796	2	0.001456
31563	31485	1	0.000728
31563	31295	5	0.003639
31564	32256	544	0.198395
31564	32801	2	0.000729
31564	31234	5	0.001823
31564	32118	4	0.001459
31564	32998	5	0.001823
31564	32524	1	0.000365
31564	31210	7	0.002553
31564	32076	5	0.001823
31564	31666	6	0.002188
31564	31246	116	0.042305
31564	32496	5	0.001823
31564	31730	5	0.001823
31564	32528	13	0.004741
31564	32856	6	0.002188
31564	33113	6	0.002188
31564	33050	13	0.004741
31564	31612	9	0.003282
31564	31518	5	0.001823
31565	31524	2	0.001549
31565	32302	2	0.001549
31565	33074	1	0.000775
31565	32469	2	0.001549
31565	31780	2	0.001549
31565	31355	1	0.000775
31566	32421	4	0.004785
31566	32071	1	0.001196
31566	32471	4	0.004785
31566	32460	5	0.005981
31566	31373	2	0.002392
31566	32910	21	0.025120
31566	31314	8	0.009569
31566	31574	4	0.004785
31566	32375	2	0.002392
31566	32696	1	0.001196
31566	33050	6	0.007177
31566	32796	2	0.002392
31566	31165	1	0.001196
31566	31295	11	0.013158
31567	31776	1	0.002353
31567	32721	1	0.002353
31568	32736	1	0.001100
31568	31776	1	0.001100
31568	32258	1	0.001100
31568	31844	7	0.007701
31568	32261	2	0.002200
31568	32936	14	0.015402
31568	31959	1	0.001100
31568	32172	1	0.001100
31568	32824	2	0.002200
31568	32659	10	0.011001
31568	32599	9	0.009901
31568	32696	2	0.002200
31568	32219	1	0.001100
31568	31420	1	0.001100
31570	32998	38	0.775510
31571	32609	1	0.007874
31571	32599	1	0.007874
31571	32261	1	0.007874
31571	31295	4	0.031496
31573	32258	2	0.000360
31573	31748	2	0.000360
31573	32261	8	0.001439
31573	31883	1	0.000180
31573	32524	1	0.000180
31573	32528	1	0.000180
31573	32147	1	0.000180
31573	32278	44	0.007912
31573	32026	2	0.000360
31573	32030	2	0.000360
31573	31776	2	0.000360
31573	32419	3	0.000539
31573	32172	6	0.001079
31573	32431	2	0.000360
31573	32696	18	0.003237
31573	31295	23	0.004136
31573	32736	2	0.000360
31573	32965	14	0.002518
31573	31822	82	0.014746
31573	32846	3	0.000539
31573	31574	2	0.000360
31573	32599	14	0.002518
31573	32219	1	0.000180
31573	32447	1	0.000180
31573	31840	1	0.000180
31573	32737	1	0.000180
31573	32994	1	0.000180
31573	31844	75	0.013487
31573	32624	2	0.000360
31573	31348	2	0.000360
31573	31737	5	0.000899
31573	31935	1	0.000180
31573	31310	1	0.000180
31574	31776	4	0.010050
31574	32651	4	0.010050
31574	31761	2	0.005025
31574	31634	7	0.017588
31574	31737	2	0.005025
31574	32219	18	0.045226
31574	31295	18	0.045226
31575	32896	34	1.000000
31575	32960	1	0.029412
31575	32266	1	0.029412
31575	32647	34	1.000000
31575	32520	1	0.029412
31575	31276	1	0.029412
31575	32522	1	0.029412
31575	32779	34	1.000000
31575	32770	1	0.029412
31575	31633	4	0.117647
31575	31508	1	0.029412
31575	32149	43	1.264706
31575	31882	1	0.029412
31575	32791	34	1.000000
31575	32664	34	1.000000
31575	32922	1	0.029412
31575	32239	1	0.029412
31575	31813	34	1.000000
31575	31648	34	1.000000
31575	31778	1	0.029412
31575	31524	40	1.176471
31575	32424	34	1.000000
31575	32848	1	0.029412
31575	32927	34	1.000000
31575	32302	1	0.029412
31575	31537	34	1.000000
31575	31538	1	0.029412
31575	32182	1	0.029412
31575	32695	1	0.029412
31575	31545	1	0.029412
31575	32698	38	1.117647
31575	32676	34	1.000000
31575	31805	34	1.000000
31575	32830	1	0.029412
31575	32319	1	0.029412
31575	31424	34	1.000000
31575	32160	1	0.029412
31575	31555	34	1.000000
31575	32452	1	0.029412
31575	32837	36	1.058824
31575	32198	44	1.294118
31575	31662	1	0.029412
31575	31820	34	1.000000
31575	31488	1	0.029412
31575	31819	34	1.000000
31575	32204	34	1.000000
31575	32845	34	1.000000
31575	31406	1	0.029412
31575	31825	1	0.029412
31575	32339	1	0.029412
31575	32084	1	0.029412
31575	32469	38	1.117647
31575	32726	1	0.029412
31575	32601	34	1.000000
31575	32218	34	1.000000
31575	32475	34	1.000000
31575	31196	34	1.000000
31575	31710	34	1.000000
31575	32863	34	1.000000
31575	32993	1	0.029412
31575	31459	1	0.029412
31575	31462	34	1.000000
31575	32145	34	1.000000
31575	31208	1	0.029412
31575	32636	34	1.000000
31575	32746	1	0.029412
31575	31854	1	0.029412
31575	32637	1	0.029412
31575	32243	34	1.000000
31575	31486	1	0.029412
31575	31990	1	0.029412
31575	32247	34	1.000000
31575	31995	1	0.029412
31575	32764	34	1.000000
31575	31466	2	0.058824
31575	32254	34	1.000000
31578	32640	1	0.000925
31578	32258	5	0.004625
31578	32900	1	0.000925
31578	32261	6	0.005550
31578	32577	1	0.000925
31578	31788	1	0.000925
31578	31579	1	0.000925
31578	32651	4	0.003700
31578	32142	8	0.007401
31578	32399	197	0.182239
31578	31950	1	0.000925
31578	31634	7	0.006475
31578	32942	1	0.000925
31578	32278	5	0.004625
31578	32921	2	0.001850
31578	32793	7	0.006475
31578	32026	4	0.003700
31578	31264	5	0.004625
31578	31779	2	0.001850
31578	32172	5	0.004625
31578	32471	1	0.000925
31578	32431	9	0.008326
31578	31541	1	0.000925
31578	32696	9	0.008326
31578	31165	1	0.000925
31578	31295	115	0.106383
31578	31776	10	0.009251
31578	31682	1	0.000925
31578	32965	13	0.012026
31578	32460	1	0.000925
31578	31692	1	0.000925
31578	31310	6	0.005550
31578	31952	3	0.002775
31578	31314	4	0.003700
31578	32725	1	0.000925
31578	32599	28	0.025902
31578	33112	2	0.001850
31578	31961	6	0.005550
31578	32219	9	0.008326
31578	31711	4	0.003700
31578	32736	94	0.086957
31578	31844	22	0.020352
31578	31975	2	0.001850
31578	32493	5	0.004625
31578	31343	4	0.003700
31578	32885	3	0.002775
31578	31222	1	0.000925
31578	31737	9	0.008326
31578	32766	5	0.004625
31579	31860	1	0.003717
31579	32900	3	0.011152
31579	31295	2	0.007435
31584	31985	1	0.015625
31585	32096	2	1.000000
31585	32002	2	1.000000
31585	32099	2	1.000000
31585	32679	2	1.000000
31585	32968	2	1.000000
31585	31497	2	1.000000
31585	32807	2	1.000000
31585	32332	2	1.000000
31585	32013	2	1.000000
31585	31339	2	1.000000
31585	32431	2	1.000000
31585	32208	2	1.000000
31585	32114	2	1.000000
31585	32158	2	1.000000
31585	32171	6	3.000000
31585	32926	2	1.000000
31587	32736	24	0.059701
31587	31776	1	0.002488
31587	31844	1	0.002488
31587	32965	1	0.002488
31587	32970	4	0.009950
31587	32651	1	0.002488
31587	32261	2	0.004975
31587	32431	1	0.002488
31587	32304	6	0.014925
31587	32089	2	0.004975
31587	32599	6	0.014925
31587	32696	1	0.002488
31587	31737	2	0.004975
31587	32447	1	0.002488
31587	32638	2	0.004975
31587	31295	13	0.032338
31588	31355	1	0.000433
31588	32553	3	0.001298
31588	31287	5011	2.167388
31588	31822	14	0.006055
31588	32431	10	0.004325
31588	32599	3	0.001298
31588	32846	3	0.001298
31588	31351	14	0.006055
31588	31193	3	0.001298
31588	31258	2	0.000865
31588	32219	162	0.070069
31588	32253	1	0.000433
31588	31295	25	0.010813
31590	33074	3	0.011719
31590	32219	1	0.003906
31591	31853	1	0.022727
31591	31395	1	0.022727
31591	31468	1	0.022727
31591	32685	1	0.022727
31591	32439	3	0.068182
31592	32524	126	2.625000
31593	32736	145	3.020833
31599	32965	18	0.044335
31599	32520	2	0.004926
31599	32812	6	0.014778
31599	31822	4	0.009852
31599	31348	2	0.004926
31599	32278	2	0.004926
31599	32026	4	0.009852
31599	32828	2	0.004926
31600	32336	8	0.007569
31600	32796	13	0.012299
31600	31397	5	0.004730
31601	31844	5	0.042735
31601	32261	2	0.017094
31601	33064	1	0.008547
31601	32630	1	0.008547
31601	32599	5	0.042735
31601	32696	2	0.017094
31601	31556	22	0.188034
31601	32411	2	0.017094
31601	32061	1	0.008547
31604	31578	2	0.011299
31610	32531	8	0.028777
31610	32171	6	0.021583
31610	32219	18	0.064748
31610	32599	2	0.007194
31611	32172	1	0.000935
31611	32469	1	0.000935
31611	31822	4	0.003742
31611	31295	14	0.013096
31612	32256	545	0.191969
31612	32801	7	0.002466
31612	31234	5	0.001761
31612	32118	4	0.001409
31612	32998	5	0.001761
31612	32076	5	0.001761
31612	31210	7	0.002466
31612	31564	5	0.001761
31612	31666	6	0.002113
31612	31246	117	0.041212
31612	32496	5	0.001761
31612	31730	5	0.001761
31612	32528	13	0.004579
31612	32524	1	0.000352
31612	32856	6	0.002113
31612	33113	6	0.002113
31612	33050	13	0.004579
31612	31518	5	0.001761
31614	32219	36	3.000000
31615	32272	1	0.008850
31615	31651	1	0.008850
31615	31371	1	0.008850
31615	32270	2	0.017699
31615	32910	4	0.035398
31617	31485	2	0.117647
31620	31912	3	0.007500
31620	31979	1255	3.137500
31620	32910	4	0.010000
31620	32655	4	0.010000
31620	33074	1	0.002500
31620	31347	13	0.032500
31620	31860	1	0.002500
31620	31295	13	0.032500
31623	32881	172	0.031496
31626	33098	2	0.003788
31626	32796	2	0.003788
31626	31557	2	0.003788
31626	32831	4	0.007576
31627	31868	2	0.007968
31627	31831	5	0.019920
31630	32736	2	0.024096
31630	32965	2	0.024096
31630	32613	3	0.036145
31630	32014	1	0.012048
31630	32721	3	0.036145
31630	32696	1	0.012048
31630	32831	1	0.012048
31630	31295	1	0.012048
31631	31360	2	0.001702
31631	31776	2	0.001702
31631	31844	34	0.028936
31631	32965	17	0.014468
31631	33000	8	0.006809
31631	32471	7	0.005957
31631	31696	4	0.003404
31631	31737	2	0.001702
31631	32278	12	0.010213
31631	32599	3	0.002553
31631	32696	1	0.000851
31631	33028	2	0.001702
31631	32026	2	0.001702
31631	31295	2	0.001702
31631	32261	3	0.002553
31634	32736	356	1.020057
31634	31362	1	0.002865
31634	31844	1	0.002865
31634	32965	3	0.008596
31634	31711	1	0.002865
31634	32270	1	0.002865
31634	31761	14	0.040115
31634	31822	1	0.002865
31634	31574	3	0.008596
31634	32677	2	0.005731
31634	31295	11	0.031519
31634	32447	4	0.011461
31637	32696	3	0.007874
31640	32278	2	0.007435
31640	32744	3	0.011152
31640	32011	2	0.007435
31640	32627	43	0.159851
31640	31574	6	0.022305
31640	32599	12	0.044610
31640	32696	2	0.007435
31640	31295	6	0.022305
31642	32216	1	0.083333
31642	31260	1	0.083333
31642	32599	1	0.083333
31642	32876	2	0.166667
31642	32039	1	0.083333
31643	31362	1	0.026316
31643	32172	65	1.710526
31643	32965	1	0.026316
31645	32219	3	0.078947
31645	32431	2	0.052632
31648	32896	34	1.000000
31648	32960	1	0.029412
31648	32770	1	0.029412
31648	32647	34	1.000000
31648	32520	1	0.029412
31648	31276	1	0.029412
31648	32522	1	0.029412
31648	32779	34	1.000000
31648	32145	34	1.000000
31648	31508	1	0.029412
31648	32149	43	1.264706
31648	31882	1	0.029412
31648	32791	34	1.000000
31648	32664	34	1.000000
31648	32922	1	0.029412
31648	32239	1	0.029412
31648	31813	34	1.000000
31648	32160	1	0.029412
31648	31778	1	0.029412
31648	31524	39	1.147059
31648	32424	34	1.000000
31648	32848	1	0.029412
31648	32927	34	1.000000
31648	32302	1	0.029412
31648	31537	34	1.000000
31648	31538	1	0.029412
31648	32182	1	0.029412
31648	32695	2	0.058824
31648	31545	1	0.029412
31648	32698	38	1.117647
31648	32676	34	1.000000
31648	31805	34	1.000000
31648	32830	1	0.029412
31648	32319	1	0.029412
31648	31424	34	1.000000
31648	32266	1	0.029412
31648	31555	34	1.000000
31648	32452	1	0.029412
31648	32837	37	1.088235
31648	32198	44	1.294118
31648	31662	1	0.029412
31648	31820	34	1.000000
31648	31488	1	0.029412
31648	31819	34	1.000000
31648	32204	34	1.000000
31648	32845	34	1.000000
31648	31406	1	0.029412
31648	31825	1	0.029412
31648	32339	1	0.029412
31648	32084	1	0.029412
31648	32469	38	1.117647
31648	32726	1	0.029412
31648	31575	34	1.000000
31648	32601	34	1.000000
31648	32218	34	1.000000
31648	32475	34	1.000000
31648	31196	34	1.000000
31648	31710	34	1.000000
31648	32863	34	1.000000
31648	32993	1	0.029412
31648	31459	2	0.058824
31648	31462	34	1.000000
31648	31633	2	0.058824
31648	31208	1	0.029412
31648	32636	34	1.000000
31648	32746	1	0.029412
31648	31854	1	0.029412
31648	32637	1	0.029412
31648	32243	34	1.000000
31648	31486	1	0.029412
31648	31990	1	0.029412
31648	32247	34	1.000000
31648	31995	1	0.029412
31648	32764	34	1.000000
31648	31466	2	0.058824
31648	32254	34	1.000000
31649	32172	3	0.004601
31649	31883	1	0.001534
31649	31822	2	0.003067
31649	32270	1	0.001534
31649	31634	1	0.001534
31649	31891	1	0.001534
31649	31252	1	0.001534
31649	32150	2	0.003067
31649	32280	1	0.001534
31649	32025	1	0.001534
31649	31386	1	0.001534
31649	32923	1	0.001534
31649	31260	1	0.001534
31649	32029	1	0.001534
31649	31781	9	0.013804
31649	31658	2	0.003067
31649	33067	1	0.001534
31649	32300	1	0.001534
31649	31277	1	0.001534
31649	32944	1	0.001534
31649	32599	1	0.001534
31649	31799	2	0.003067
31649	31807	1	0.001534
31649	31553	1	0.001534
31649	31557	1	0.001534
31649	32585	1	0.001534
31649	33098	1	0.001534
31649	32846	1	0.001534
31649	32336	3	0.004601
31649	31443	4	0.006135
31649	31828	1	0.001534
31649	31374	1	0.001534
31649	32727	1	0.001534
31649	31833	5	0.007669
31649	32219	3	0.004601
31649	32478	2	0.003067
31649	31457	1	0.001534
31649	32354	1	0.001534
31649	31722	2	0.003067
31649	33074	1	0.001534
31649	31295	1	0.001534
31649	31999	1	0.001534
31650	31868	11	1.222222
31650	31765	17	1.888889
31650	32911	8	0.888889
31651	31746	4	0.003292
31651	31452	234	0.192593
31651	31658	2	0.001646
31651	32460	3	0.002469
31651	32910	9	0.007407
31651	32431	6	0.004938
31651	32944	3	0.002469
31651	33074	2	0.001646
31651	32599	3	0.002469
31651	32219	3	0.002469
31651	32796	6	0.004938
31651	32253	1	0.000823
31651	31295	9	0.007407
31653	32796	1	0.025641
31653	32469	1	0.025641
31655	31868	6	0.136364
31657	32460	5	0.061728
31658	32736	2	0.004831
31658	32258	2	0.004831
31658	31807	2	0.004831
31658	32651	1	0.002415
31658	32270	22	0.053140
31658	33074	1	0.002415
31658	33083	6	0.014493
31658	31295	1	0.002415
31659	33088	1	0.000421
31659	32258	5	0.002106
31659	31811	4	0.001685
31659	31844	2	0.000842
31659	31557	2	0.000842
31659	31807	1	0.000421
31659	32844	2	0.000842
31659	32399	2	0.000842
31659	32949	2	0.000842
31659	32696	112	0.047178
31659	32923	1	0.000421
31659	32540	2	0.000842
31659	32447	2371	0.998736
31660	32640	8	0.006734
31660	32261	41	0.034512
31660	32519	6	0.005051
31660	32651	669	0.563131
31660	31776	6	0.005051
31660	32172	2	0.001684
31660	32944	2	0.001684
31660	32696	4	0.003367
31660	31295	8	0.006734
31660	31682	4	0.003367
31660	31430	2	0.001684
31660	31310	11	0.009259
31660	31443	1	0.000842
31660	31828	2	0.001684
31660	32469	4	0.003367
31660	32599	5	0.004209
31660	31332	5	0.004209
31660	32219	37	0.031145
31660	31967	3	0.002525
31660	32868	10	0.008418
31660	33006	7	0.005892
31660	31737	2	0.001684
31662	31776	3	0.005714
31662	31737	3	0.005714
31662	32172	6	0.011429
31662	32845	3	0.005714
31662	32198	30	0.057143
31664	31584	4	0.074074
31664	32258	4	0.074074
31664	31659	2	0.037037
31664	31755	4	0.074074
31664	32172	2	0.037037
31664	31891	2	0.037037
31664	32696	12	0.222222
31666	31844	3	0.009346
31666	32965	7	0.021807
31666	32105	2	0.006231
31666	31822	8	0.024922
31666	32599	2	0.006231
31666	32219	2	0.006231
31668	32640	4	0.003160
31668	32258	4	0.003160
31668	32677	4	0.003160
31668	31295	7	0.005529
31668	32796	1	0.000790
31668	32261	4	0.003160
31669	33050	6	1.200000
31669	31964	6	1.200000
31669	31925	6	1.200000
31670	31295	1	0.005495
31672	31355	1	0.000437
31672	32553	3	0.001312
31672	31287	4900	2.143482
31672	31822	14	0.006124
31672	32431	10	0.004374
31672	32599	3	0.001312
31672	32846	3	0.001312
31672	31351	14	0.006124
31672	31193	3	0.001312
31672	31258	2	0.000875
31672	32219	162	0.070866
31672	32253	1	0.000437
31672	31295	27	0.011811
31674	31200	2	0.002695
31674	32258	4	0.005391
31674	32743	1	0.001348
31674	31955	7	0.009434
31674	31828	2	0.002695
31674	32796	446	0.601078
31675	32736	3	0.001112
31675	32219	17	0.006303
31675	31844	41	0.015202
31675	32965	28	0.010382
31675	32524	1872	0.694105
31675	31822	22	0.008157
31675	33039	6	0.002225
31675	32278	7	0.002595
31675	32599	14	0.005191
31675	31737	9	0.003337
31675	31295	63	0.023359
31675	32261	3	0.001112
31675	32549	1872	0.694105
31676	31912	3	0.007979
31676	31979	1194	3.175532
31676	32910	4	0.010638
31676	32655	3	0.007979
31676	33074	1	0.002660
31676	31347	13	0.034574
31676	31860	1	0.002660
31676	31295	13	0.034574
31677	32965	2	0.007782
31678	32328	158	0.993711
31678	33050	30	0.188679
31678	32796	7	0.044025
31678	32157	158	0.993711
31678	32173	158	0.993711
31679	32736	1	0.025641
31679	31490	1	0.025641
31679	31755	1	0.025641
31679	32017	1	0.025641
31679	31975	1	0.025641
31679	31761	1	0.025641
31679	31286	1	0.025641
31679	31866	1	0.025641
31679	32954	1	0.025641
31680	32172	1	0.083333
31680	32236	2	0.166667
31680	32023	7	0.583333
31682	32258	2	0.001266
31682	32599	36	0.022785
31682	32261	14	0.008861
31682	32519	2	0.001266
31682	32651	12	0.007595
31682	31634	1	0.000633
31682	32278	1	0.000633
31682	31386	1	0.000633
31682	31776	1	0.000633
31682	31267	1	0.000633
31682	31781	1	0.000633
31682	31499	1	0.000633
31682	32603	1	0.000633
31682	31659	1	0.000633
31682	32172	4	0.002532
31682	32471	1	0.000633
31682	32431	14	0.008861
31682	32944	1	0.000633
31682	33074	3	0.001899
31682	32696	3	0.001899
31682	31295	1	0.000633
31682	32715	1	0.000633
31682	32965	3	0.001899
31682	32967	1	0.000633
31682	31179	12	0.007595
31682	32824	1	0.000633
31682	33106	1	0.000633
31682	31353	1	0.000633
31682	32219	92	0.058228
31682	31844	1	0.000633
31682	32103	2	0.001266
31682	31978	1	0.000633
31682	31737	7	0.004430
31682	32447	36	0.022785
31684	32418	205	0.940367
31684	32165	205	0.940367
31684	32758	205	0.940367
31684	32023	205	0.940367
31684	31292	205	0.940367
31684	32542	205	0.940367
31686	31490	4	0.005495
31686	31844	4	0.005495
31686	32261	3	0.004121
31686	31574	2	0.002747
31686	31295	3	0.004121
31687	31776	1	0.041667
31687	31682	1	0.041667
31687	32219	1	0.041667
31687	32965	1	0.041667
31688	32640	2	0.000539
31688	32258	26	0.007006
31688	32261	18	0.004850
31688	32391	14	0.003773
31688	32734	75	0.020210
31688	31371	1	0.000269
31688	31822	3	0.000808
31688	32163	1	0.000269
31688	31374	1	0.000269
31688	32399	1	0.000269
31688	32146	1	0.000269
31688	32147	1	0.000269
31688	32278	24	0.006467
31688	32024	1	0.000269
31688	31386	1	0.000269
31688	31649	2	0.000539
31688	32419	5	0.001347
31688	31781	2	0.000539
31688	31659	5	0.001347
31688	32172	17	0.004581
31688	32431	5	0.001347
31688	32944	30	0.008084
31688	32436	1	0.000269
31688	32949	1	0.000269
31688	32696	9	0.002425
31688	31802	10	0.002695
31688	31295	124	0.033414
31688	32651	2	0.000539
31688	31430	2	0.000539
31688	31310	10	0.002695
31688	31443	20	0.005389
31688	32468	1	0.000269
31688	32725	127	0.034223
31688	32599	45	0.012126
31688	32219	58	0.015629
31688	32478	6	0.001617
31688	32736	20	0.005389
31688	31355	1	0.000269
31688	31844	78	0.021019
31688	33000	1	0.000269
31688	32629	1	0.000269
31688	31737	6	0.001617
31688	32447	4	0.001078
31688	32846	1	0.000269
31689	32736	142	3.021277
31692	32900	2	0.666667
31694	32696	56	0.708861
31695	32690	1613	16.459184
31695	32471	2	0.020408
31696	32258	1	0.001802
31696	32579	563	1.014414
31696	31844	571	1.028829
31696	32261	1	0.001802
31696	32599	9	0.016216
31696	32147	3	0.005405
31696	32419	3	0.005405
31696	32278	1	0.001802
31696	32471	564	1.016216
31696	32696	4	0.007207
31696	31802	563	1.014414
31696	32219	2	0.003604
31696	31295	3	0.005405
31697	32071	10	0.014925
31697	31881	4	0.005970
31697	33074	1	0.001493
31697	31807	2	0.002985
31697	31951	669	0.998507
31698	32256	882	0.154873
31698	31234	7	0.001229
31698	32524	1	0.000176
31698	31362	1	0.000176
31698	31246	401	0.070413
31698	32528	4	0.000702
31698	33050	47	0.008253
31698	31518	5	0.000878
31698	32801	7	0.001229
31698	32815	2	0.000351
31698	31666	6	0.001054
31698	31295	6	0.001054
31698	32076	5	0.000878
31698	31564	5	0.000878
31698	31822	1	0.000176
31698	32856	7	0.001229
31698	33113	6	0.001054
31698	32219	1	0.000176
31698	32998	4	0.000702
31698	31210	6	0.001054
31698	32496	5	0.000878
31698	31730	5	0.000878
31698	32118	4	0.000702
31698	31351	2	0.000351
31698	31737	1	0.000176
31698	31612	8	0.001405
31699	32690	1614	16.469388
31699	32471	2	0.020408
31702	32690	1614	16.469388
31702	32471	2	0.020408
31704	31940	3	0.002209
31704	31822	15	0.011046
31704	32278	3	0.002209
31704	32599	3	0.002209
31704	31748	5	0.003682
31704	31295	3	0.002209
31706	32736	1	0.001724
31706	32965	5	0.008621
31706	31721	2	0.003448
31706	31505	4	0.006897
31706	32599	4	0.006897
31706	32696	3	0.005172
31706	31295	2	0.003448
31706	31739	1161	2.001724
31706	31711	1	0.001724
31708	31355	1	0.000428
31708	32553	3	0.001283
31708	31287	5034	2.153122
31708	31822	14	0.005988
31708	32431	10	0.004277
31708	32599	3	0.001283
31708	32846	3	0.001283
31708	31351	14	0.005988
31708	31193	3	0.001283
31708	31258	2	0.000855
31708	32219	162	0.069290
31708	32253	1	0.000428
31708	31295	27	0.011548
31709	32245	2	0.400000
31710	32896	34	1.000000
31710	32960	1	0.029412
31710	32770	1	0.029412
31710	32647	34	1.000000
31710	32520	1	0.029412
31710	32522	1	0.029412
31710	32779	34	1.000000
31710	32145	34	1.000000
31710	31508	1	0.029412
31710	32149	43	1.264706
31710	31882	1	0.029412
31710	32601	34	1.000000
31710	32664	34	1.000000
31710	32922	1	0.029412
31710	31813	34	1.000000
31710	31648	34	1.000000
31710	31778	1	0.029412
31710	31524	39	1.147059
31710	32637	1	0.029412
31710	32424	34	1.000000
31710	32848	1	0.029412
31710	31276	1	0.029412
31710	32302	1	0.029412
31710	31537	34	1.000000
31710	31538	1	0.029412
31710	32182	1	0.029412
31710	32695	1	0.029412
31710	32791	34	1.000000
31710	31545	1	0.029412
31710	32698	38	1.117647
31710	32927	34	1.000000
31710	31805	34	1.000000
31710	32830	1	0.029412
31710	32319	1	0.029412
31710	31424	34	1.000000
31710	32160	1	0.029412
31710	31555	34	1.000000
31710	32452	1	0.029412
31710	32837	36	1.058824
31710	32198	45	1.323529
31710	31662	1	0.029412
31710	31820	34	1.000000
31710	32266	1	0.029412
31710	31819	34	1.000000
31710	32204	34	1.000000
31710	32845	34	1.000000
31710	31406	1	0.029412
31710	31825	1	0.029412
31710	32339	1	0.029412
31710	32084	1	0.029412
31710	32469	38	1.117647
31710	32726	1	0.029412
31710	31575	34	1.000000
31710	32676	34	1.000000
31710	32218	34	1.000000
31710	32475	34	1.000000
31710	31196	34	1.000000
31710	31488	1	0.029412
31710	32863	34	1.000000
31710	32993	1	0.029412
31710	31459	1	0.029412
31710	31462	34	1.000000
31710	31633	2	0.058824
31710	31208	1	0.029412
31710	32636	34	1.000000
31710	32746	1	0.029412
31710	31854	1	0.029412
31710	32239	2	0.058824
31710	32243	34	1.000000
31710	31486	1	0.029412
31710	31990	1	0.029412
31710	32247	34	1.000000
31710	31995	1	0.029412
31710	32764	34	1.000000
31710	31466	2	0.058824
31710	32254	34	1.000000
31711	32736	17	1.000000
31711	31267	4	0.235294
31711	31844	17	1.000000
31711	31737	1	0.058824
31711	32219	2	0.117647
31711	31295	1	0.058824
31712	33050	387	0.994859
31712	31355	1	0.002571
31716	32796	2	0.400000
31717	31538	283	1.007117
31717	32965	5	0.017794
31717	31894	279	0.992883
31718	32219	6	0.285714
31718	32965	2	0.095238
31718	32765	21	1.000000
31719	32736	1	0.025641
31719	31490	1	0.025641
31719	31755	1	0.025641
31719	32017	1	0.025641
31719	31975	1	0.025641
31719	31761	1	0.025641
31719	31286	1	0.025641
31719	31866	1	0.025641
31719	32954	1	0.025641
31720	32736	383	1.000000
31720	31776	2	0.005222
31720	31682	1	0.002611
31720	31844	412	1.075718
31720	32651	1	0.002611
31720	32696	14	0.036554
31720	31737	224	0.584856
31721	32640	1	0.000602
31721	32002	1	0.000602
31721	31491	10	0.006024
31721	32004	1	0.000602
31721	32534	2	0.001205
31721	31495	1	0.000602
31721	31497	1	0.000602
31721	31499	1258	0.757831
31721	32258	51	0.030723
31721	31374	1	0.000602
31721	32399	2	0.001205
31721	32272	1	0.000602
31721	32657	1	0.000602
31721	31891	1	0.000602
31721	31252	1	0.000602
31721	31893	5	0.003012
31721	32150	1	0.000602
31721	32023	1	0.000602
31721	31386	1	0.000602
31721	32923	1	0.000602
31721	31770	1	0.000602
31721	32965	5	0.003012
31721	31264	1	0.000602
31721	31649	1	0.000602
31721	32419	2	0.001205
31721	31781	1	0.000602
31721	32679	1	0.000602
31721	32298	1	0.000602
31721	32171	4	0.002410
31721	31278	1	0.000602
31721	32431	13	0.007831
31721	31281	1	0.000602
31721	31623	1	0.000602
31721	32073	1	0.000602
31721	32696	84	0.050602
31721	33083	1	0.000602
31721	31807	1	0.000602
31721	31776	5	0.003012
31721	31557	1	0.000602
31721	32198	4	0.002410
31721	32968	1	0.000602
31721	32585	1	0.000602
31721	32843	17	0.010241
31721	32519	6	0.003614
31721	33106	1	0.000602
31721	32725	1	0.000602
31721	32599	3	0.001807
31721	31844	22	0.013253
31721	32447	1	0.000602
31721	32736	9	0.005422
31721	32096	1	0.000602
31721	32354	21	0.012651
31721	32099	1	0.000602
31721	32228	1	0.000602
31721	31463	1	0.000602
31721	32619	1	0.000602
31721	32881	3	0.001807
31721	32659	1	0.000602
31721	31222	1	0.000602
31721	32249	1	0.000602
31721	31295	6	0.003614
31721	31868	5	0.003012
31721	31737	5	0.003012
31722	32194	2	0.005420
31722	32141	2	0.005420
31722	31822	1	0.002710
31722	31373	2	0.005420
31722	31729	8	0.021680
31722	32434	2	0.005420
31722	31443	383	1.037940
31722	32796	2	0.005420
31722	31295	1	0.002710
31724	32696	3	0.013158
31724	32052	15	0.065789
31726	32096	10	1.000000
31726	32002	10	1.000000
31726	32099	10	1.000000
31726	32679	10	1.000000
31726	32968	10	1.000000
31726	31497	10	1.000000
31726	32807	10	1.000000
31726	32332	10	1.000000
31726	32013	10	1.000000
31726	31339	10	1.000000
31726	32431	10	1.000000
31726	32208	10	1.000000
31726	32114	10	1.000000
31726	32158	10	1.000000
31726	31610	1	0.100000
31726	32171	30	3.000000
31726	32926	10	1.000000
31727	31179	8	0.363636
31727	32172	2	0.090909
31727	31310	2	0.090909
31727	32431	4	0.181818
31727	33074	2	0.090909
31727	32270	1	0.045455
31727	32765	22	1.000000
31728	32736	15	1.000000
31729	31649	1	0.001901
31729	32258	2	0.003802
31729	31844	1	0.001901
31729	31722	542	1.030418
31729	31443	2	0.003802
31729	32796	2	0.003802
31730	32256	544	0.199633
31730	32801	7	0.002569
31730	31234	5	0.001835
31730	32118	4	0.001468
31730	32998	5	0.001835
31730	32071	1	0.000367
31730	32076	5	0.001835
31730	31210	7	0.002569
31730	31564	2	0.000734
31730	31246	116	0.042569
31730	32496	5	0.001835
31730	31666	6	0.002202
31730	32528	13	0.004771
31730	32524	1	0.000367
31730	32856	6	0.002202
31730	33113	6	0.002202
31730	33050	13	0.004771
31730	31612	9	0.003303
31730	31518	5	0.001835
31731	31495	2	0.001506
31731	31658	2	0.001506
31731	33074	2	0.001506
31731	32910	9	0.006777
31731	33042	3	0.002259
31731	31822	2	0.001506
31731	32152	6	0.004518
31731	32796	2	0.001506
31731	31295	4	0.003012
31733	32696	9	0.003825
31733	32219	8	0.003400
31733	31844	2	0.000850
31733	32261	4	0.001700
31733	32510	1558	0.662133
31737	32736	3	1.000000
31737	31844	3	1.000000
31737	31295	2	0.666667
31738	32881	4	0.008282
31739	31706	13	0.928571
31739	32258	4	0.285714
31739	31868	29	2.071429
31739	31765	27	1.928571
31741	31844	2	0.005618
31741	32172	2	0.005618
31741	32278	2	0.005618
31741	31737	2	0.005618
31741	31748	22	0.061798
31741	32026	2	0.005618
31742	32887	62	0.558559
31743	32258	1	0.037037
31743	33106	1	0.037037
31743	32415	2	0.074074
31746	32696	3	0.008043
31746	32534	1	0.002681
31748	32387	5	0.007716
31748	32900	1	0.001543
31748	32261	4	0.006173
31748	32651	3	0.004630
31748	32396	1	0.001543
31748	31373	2	0.003086
31748	31634	1	0.001543
31748	32147	9	0.013889
31748	32149	1	0.001543
31748	32278	3	0.004630
31748	32411	2	0.003086
31748	31776	2	0.003086
31748	32163	1	0.001543
31748	33074	1	0.001543
31748	32431	3	0.004630
31748	32561	1	0.001543
31748	32178	25	0.038580
31748	32051	2	0.003086
31748	31491	1	0.001543
31748	32696	12	0.018519
31748	32698	1	0.001543
31748	32060	3	0.004630
31748	31295	64	0.098765
31748	32962	3	0.004630
31748	32965	4	0.006173
31748	32326	3	0.004630
31748	31432	3	0.004630
31748	31703	1	0.001543
31748	31181	2	0.003086
31748	31822	3	0.004630
31748	31574	3	0.004630
31748	32599	22	0.033951
31748	32088	1	0.001543
31748	31578	1	0.001543
31748	32219	23	0.035494
31748	32736	7	0.010802
31748	31844	682	1.052469
31748	31205	8	0.012346
31748	31978	7	0.010802
31748	32624	1	0.001543
31748	32627	1	0.001543
31748	31990	1	0.001543
31748	31737	2	0.003086
31748	31355	1	0.001543
31748	31484	1	0.001543
31748	31741	8	0.012346
31749	32544	2	0.068966
31749	32356	2	0.068966
31749	31880	2	0.068966
31749	31987	2	0.068966
31749	32279	2	0.068966
31749	32696	1	0.034483
31750	32796	1	0.016129
31751	31822	114	2.000000
31752	32388	1	0.002188
31752	32965	2	0.004376
31752	33108	1	0.002188
31752	32599	4	0.008753
31752	32696	63	0.137856
31752	31295	8	0.017505
31752	32447	1	0.002188
31753	31822	114	2.000000
31754	31776	1	0.018182
31754	32965	2	0.036364
31754	32431	1	0.018182
31754	31634	2	0.036364
31754	31557	1	0.018182
31754	32219	29	0.527273
31754	31295	3	0.054545
31755	31490	4	0.004012
31755	31491	3	0.003009
31755	32261	7	0.007021
31755	32006	1	0.001003
31755	32651	3	0.003009
31755	32147	2	0.002006
31755	33044	2	0.002006
31755	31200	1	0.001003
31755	32924	1	0.001003
31755	31776	1	0.001003
31755	32431	5	0.005015
31755	31664	2	0.002006
31755	32696	20	0.020060
31755	32698	1	0.001003
31755	31295	1027	1.030090
31755	31584	1	0.001003
31755	32965	3	0.003009
31755	31950	1	0.001003
31755	31312	2	0.002006
31755	32599	16	0.016048
31755	32857	2	0.002006
31755	32219	32	0.032096
31755	32221	2	0.002006
31755	32736	1732	1.737212
31755	31844	2	0.002006
31755	31975	1	0.001003
31755	32625	1	0.001003
31755	31474	1	0.001003
31755	31891	1	0.001003
31755	31866	1	0.001003
31756	31822	114	2.000000
31758	32736	1	0.029412
31758	31490	1	0.029412
31758	31755	1	0.029412
31758	32017	1	0.029412
31758	31975	1	0.029412
31758	31761	1	0.029412
31758	31286	1	0.029412
31758	31866	1	0.029412
31758	32954	1	0.029412
31759	32524	159	2.606557
31760	32419	1	0.009174
31760	32667	1	0.009174
31761	31634	2	0.006920
31761	32651	16	0.055363
31761	32030	2	0.006920
31761	31295	153	0.529412
31763	31443	1	0.009259
31763	31844	1	0.009259
31763	32391	1	0.009259
31764	31822	114	2.000000
31765	31868	583	0.254808
31766	31822	114	2.000000
31767	31508	147	1.000000
31768	31881	31	0.968750
31768	33083	31	0.968750
31770	31233	2	1.000000
31770	32004	2	1.000000
31770	31463	2	1.000000
31770	32073	2	1.000000
31770	31278	2	1.000000
31770	32881	110	55.000000
31772	31295	2	0.010152
31775	31844	1	0.016667
31775	33060	59	0.983333
31775	32790	2	0.033333
31775	31737	1	0.016667
31776	32736	4	0.014870
31776	31299	1	0.003717
31776	32580	1	0.003717
31776	31688	2	0.007435
31776	31754	1	0.003717
31776	32651	4	0.014870
31776	32108	1	0.003717
31776	32431	1	0.003717
31776	32720	1	0.003717
31776	31443	1	0.003717
31776	31318	1	0.003717
31776	32219	305	1.133829
31776	31260	1	0.003717
31776	31295	6	0.022305
31777	32460	3	0.083333
31779	31578	2	0.007491
31779	32965	2	0.007491
31779	31541	2	0.007491
31779	32399	8	0.029963
31780	32258	1	0.006329
31780	31491	1	0.006329
31780	31844	3	0.018987
31780	32965	7	0.044304
31780	32519	6	0.037975
31780	32121	1	0.006329
31780	32396	1	0.006329
31780	32298	1	0.006329
31780	32651	2	0.012658
31780	32147	5	0.031646
31780	32046	1	0.006329
31780	33075	3	0.018987
31780	32599	1	0.006329
31780	32696	10	0.063291
31780	31492	1	0.006329
31780	31355	2	0.012658
31780	31295	12	0.075949
31781	31649	3	0.002927
31781	32258	1	0.000976
31781	31688	2	0.001951
31781	33067	4	0.003902
31781	31896	1	0.000976
31781	33074	9	0.008780
31781	31443	1	0.000976
31781	32725	3	0.002927
31781	32278	1	0.000976
31781	31737	4	0.003902
31781	32280	3	0.002927
31781	31193	3	0.002927
31781	32029	3	0.002927
31781	31295	8	0.007805
31784	31776	1	0.000608
31784	31844	5	0.003038
31784	32965	6	0.003645
31784	31817	2	0.001215
31784	32172	2	0.001215
31784	31822	15	0.009113
31784	32431	1	0.000608
31784	31443	2	0.001215
31784	31310	1	0.000608
31784	32599	1	0.000608
31784	31737	5	0.003038
31784	31295	3	0.001823
31784	32261	1	0.000608
31784	32549	5	0.003038
31785	31868	10	1.666667
31785	31765	16	2.666667
31788	32258	1	0.007463
31788	32387	6	0.044776
31788	31748	10	0.074627
31788	31371	1	0.007463
31788	32396	3	0.022388
31788	32528	2	0.014925
31788	32149	1	0.007463
31788	32278	3	0.022388
31788	31776	13	0.097015
31788	31659	3	0.022388
31788	32431	15	0.111940
31788	32178	9	0.067164
31788	31799	1	0.007463
31788	32696	2	0.014925
31788	31417	1	0.007463
31788	32060	4	0.029851
31788	31549	3	0.022388
31788	32447	7	0.052239
31788	32962	3	0.022388
31788	32965	4	0.029851
31788	32326	2	0.014925
31788	32071	1	0.007463
31788	31689	7	0.052239
31788	31181	2	0.014925
31788	33102	1	0.007463
31788	32088	1	0.007463
31788	31578	1	0.007463
31788	31709	1	0.007463
31788	32736	53	0.395522
31788	31205	7	0.052239
31788	32627	1	0.007463
31788	31737	4	0.029851
31788	31484	1	0.007463
31788	31741	9	0.067164
31789	32736	2	0.002275
31789	31204	1	0.001138
31789	32578	4	0.004551
31789	31979	2	0.002275
31789	31844	24	0.027304
31789	32965	4	0.004551
31789	31776	1	0.001138
31789	32278	91	0.103527
31789	31371	2	0.002275
31789	32261	2	0.002275
31789	32258	4	0.004551
31789	33103	1	0.001138
31789	32599	13	0.014790
31789	32147	2	0.002275
31789	32246	3	0.003413
31789	31959	2	0.002275
31789	32696	11	0.012514
31789	31737	4	0.004551
31789	31483	50	0.056883
31789	32900	13	0.014790
31789	31295	2	0.002275
31790	31776	24	0.011747
31790	31374	17	0.008321
31790	31891	17	0.008321
31790	31286	1675	0.819873
31790	32696	42	0.020558
31790	31386	8	0.003916
31790	32796	9	0.004405
31790	31295	21	0.010279
31791	32284	7	1.000000
31791	33077	39	5.571429
31791	31342	7	1.000000
31793	31840	1	0.026316
31793	32967	1	0.026316
31793	31178	1	0.026316
31793	32368	1	0.026316
31793	32696	2	0.052632
31793	31210	1	0.026316
31794	31868	12	1.000000
31795	32096	2	1.000000
31795	32002	2	1.000000
31795	32099	2	1.000000
31795	32679	2	1.000000
31795	32968	2	1.000000
31795	31497	2	1.000000
31795	32807	2	1.000000
31795	32332	2	1.000000
31795	32013	2	1.000000
31795	31339	2	1.000000
31795	32431	2	1.000000
31795	32208	2	1.000000
31795	32114	2	1.000000
31795	32158	2	1.000000
31795	32171	6	3.000000
31795	32926	2	1.000000
31796	31623	329	109.666667
31797	31553	1	0.010204
31797	31557	1	0.010204
31797	32998	93	0.948980
31797	33098	1	0.010204
31797	31277	1	0.010204
31797	32270	1	0.010204
31797	33074	2	0.020408
31797	31828	1	0.010204
31797	32150	1	0.010204
31797	32952	1	0.010204
31797	31833	1	0.010204
31797	33050	1	0.010204
31797	32923	1	0.010204
31797	31999	1	0.010204
31798	31508	54	2.000000
31798	31767	729	27.000000
31801	32910	4	0.012945
31802	32736	5	1.000000
31802	32217	1	0.200000
31802	31688	1	0.200000
31802	33028	1	0.200000
31802	32421	1	0.200000
31802	31752	1	0.200000
31802	32471	2	0.400000
31802	32155	1	0.200000
31802	31314	1	0.200000
31802	31631	1	0.200000
31802	31696	1	0.200000
31802	33000	1	0.200000
31802	32388	1	0.200000
31802	32436	1	0.200000
31802	32949	1	0.200000
31802	32375	1	0.200000
31802	31844	10	2.000000
31802	32219	3	0.600000
31802	32092	1	0.200000
31803	32258	1	0.013514
31803	32651	1	0.013514
31803	32965	2	0.027027
31803	32519	1	0.013514
31803	31880	1	0.013514
31803	31659	72	0.972973
31803	31761	1	0.013514
31803	32219	4	0.054054
31803	31295	3	0.040541
31804	32910	3	0.157895
31805	32896	34	1.000000
31805	32960	1	0.029412
31805	32266	1	0.029412
31805	32647	34	1.000000
31805	32520	1	0.029412
31805	32522	1	0.029412
31805	32779	34	1.000000
31805	32770	1	0.029412
31805	32145	34	1.000000
31805	31508	1	0.029412
31805	32149	43	1.264706
31805	32601	34	1.000000
31805	32664	34	1.000000
31805	32922	1	0.029412
31805	32239	1	0.029412
31805	31813	34	1.000000
31805	31648	34	1.000000
31805	31778	1	0.029412
31805	31524	39	1.147059
31805	32424	34	1.000000
31805	32848	1	0.029412
31805	31276	1	0.029412
31805	32302	1	0.029412
31805	31537	34	1.000000
31805	31538	1	0.029412
31805	32182	1	0.029412
31805	32695	1	0.029412
31805	32791	34	1.000000
31805	31545	1	0.029412
31805	32698	38	1.117647
31805	32927	34	1.000000
31805	31882	1	0.029412
31805	32830	1	0.029412
31805	32319	1	0.029412
31805	31424	34	1.000000
31805	32160	1	0.029412
31805	31555	34	1.000000
31805	32452	1	0.029412
31805	32837	36	1.058824
31805	32198	44	1.294118
31805	31662	1	0.029412
31805	31820	34	1.000000
31805	31488	1	0.029412
31805	31819	34	1.000000
31805	32204	34	1.000000
31805	32845	34	1.000000
31805	31406	1	0.029412
31805	31825	1	0.029412
31805	32339	1	0.029412
31805	32084	2	0.058824
31805	32469	39	1.147059
31805	32726	1	0.029412
31805	31575	34	1.000000
31805	32676	34	1.000000
31805	32218	34	1.000000
31805	32475	34	1.000000
31805	31196	34	1.000000
31805	31710	34	1.000000
31805	32863	34	1.000000
31805	32993	1	0.029412
31805	31459	1	0.029412
31805	31462	34	1.000000
31805	31633	2	0.058824
31805	31208	1	0.029412
31805	32636	34	1.000000
31805	32746	1	0.029412
31805	31854	1	0.029412
31805	32637	1	0.029412
31805	32243	34	1.000000
31805	31486	1	0.029412
31805	31990	1	0.029412
31805	32247	34	1.000000
31805	31995	1	0.029412
31805	32764	34	1.000000
31805	31466	2	0.058824
31805	32254	34	1.000000
31806	31295	14	0.583333
31807	31776	2	0.001265
31807	32258	1	0.000633
31807	31844	4	0.002530
31807	32172	1	0.000633
31807	31658	2	0.001265
31807	31179	1	0.000633
31807	31884	4	0.002530
31807	31634	1	0.000633
31807	32336	4	0.002530
31807	33074	4	0.002530
31807	31737	1	0.000633
31807	32855	1	0.000633
31807	31295	2	0.001265
31807	31387	2	0.001265
31807	32735	2	0.001265
31808	31822	114	2.000000
31810	31682	1	0.008197
31810	32519	15	0.122951
31810	32599	1	0.008197
31810	32696	3	0.024590
31810	32410	2	0.016393
31810	32219	3	0.024590
31811	32881	4	0.014706
31811	32323	4	0.014706
31811	31540	4	0.014706
31811	32150	2	0.007353
31812	32696	3	0.013100
31812	31609	6	0.026201
31812	32323	3	0.013100
31813	32896	34	1.000000
31813	32960	1	0.029412
31813	32266	1	0.029412
31813	32647	34	1.000000
31813	32520	1	0.029412
31813	32522	1	0.029412
31813	32779	34	1.000000
31813	32770	1	0.029412
31813	32145	34	1.000000
31813	31508	1	0.029412
31813	32149	43	1.264706
31813	31882	1	0.029412
31813	32791	34	1.000000
31813	32664	34	1.000000
31813	32922	1	0.029412
31813	32239	1	0.029412
31813	32927	34	1.000000
31813	31648	34	1.000000
31813	31778	2	0.058824
31813	31524	39	1.147059
31813	32424	34	1.000000
31813	32848	1	0.029412
31813	31276	1	0.029412
31813	32302	1	0.029412
31813	31537	34	1.000000
31813	31538	1	0.029412
31813	32182	1	0.029412
31813	32695	1	0.029412
31813	31545	1	0.029412
31813	32698	38	1.117647
31813	32676	34	1.000000
31813	31805	34	1.000000
31813	32830	1	0.029412
31813	32319	1	0.029412
31813	31424	34	1.000000
31813	32160	1	0.029412
31813	31555	34	1.000000
31813	32452	1	0.029412
31813	32837	36	1.058824
31813	32198	45	1.323529
31813	31662	1	0.029412
31813	31820	34	1.000000
31813	31488	1	0.029412
31813	31819	34	1.000000
31813	32204	34	1.000000
31813	32845	34	1.000000
31813	31406	1	0.029412
31813	31825	1	0.029412
31813	32339	1	0.029412
31813	32084	1	0.029412
31813	32469	38	1.117647
31813	32726	1	0.029412
31813	31575	34	1.000000
31813	32601	34	1.000000
31813	32218	34	1.000000
31813	32475	34	1.000000
31813	31196	34	1.000000
31813	31710	34	1.000000
31813	32863	34	1.000000
31813	32993	1	0.029412
31813	31459	1	0.029412
31813	31462	34	1.000000
31813	31633	2	0.058824
31813	31208	1	0.029412
31813	32636	34	1.000000
31813	32746	1	0.029412
31813	31854	1	0.029412
31813	32637	1	0.029412
31813	32243	34	1.000000
31813	31486	1	0.029412
31813	31990	1	0.029412
31813	32247	34	1.000000
31813	31995	1	0.029412
31813	32764	34	1.000000
31813	31466	2	0.058824
31813	32254	34	1.000000
31814	33050	9	0.084112
31814	32258	2	0.018692
31817	31649	36	0.011421
31817	31355	3	0.000952
31817	32923	36	0.011421
31817	32103	6	0.001904
31817	31784	3	0.000952
31817	33067	57	0.018084
31817	33039	10	0.003173
31817	33074	27	0.008566
31817	31860	6	0.001904
31817	32549	1	0.000317
31817	31351	6	0.001904
31817	33016	6	0.001904
31817	31828	36	0.011421
31817	31195	7	0.002221
31817	31645	18	0.005711
31817	32219	6	0.001904
31817	31295	34	0.010787
31819	32896	34	1.000000
31819	32960	1	0.029412
31819	32266	1	0.029412
31819	32647	34	1.000000
31819	32520	1	0.029412
31819	31276	1	0.029412
31819	32522	1	0.029412
31819	32779	34	1.000000
31819	32770	1	0.029412
31819	32145	34	1.000000
31819	31508	1	0.029412
31819	32149	43	1.264706
31819	31882	1	0.029412
31819	32791	34	1.000000
31819	32664	34	1.000000
31819	32922	1	0.029412
31819	32239	1	0.029412
31819	31813	34	1.000000
31819	31648	34	1.000000
31819	31778	1	0.029412
31819	31524	39	1.147059
31819	32424	34	1.000000
31819	32848	1	0.029412
31819	32927	34	1.000000
31819	32302	2	0.058824
31819	31537	34	1.000000
31819	31538	1	0.029412
31819	32182	1	0.029412
31819	32695	1	0.029412
31819	31545	1	0.029412
31819	32698	38	1.117647
31819	32676	34	1.000000
31819	31805	34	1.000000
31819	32830	1	0.029412
31819	32319	1	0.029412
31819	31424	34	1.000000
31819	32160	1	0.029412
31819	31555	34	1.000000
31819	32452	1	0.029412
31819	32837	36	1.058824
31819	32198	44	1.294118
31819	31662	1	0.029412
31819	31820	34	1.000000
31819	31488	1	0.029412
31819	32204	34	1.000000
31819	32845	34	1.000000
31819	31406	1	0.029412
31819	31825	1	0.029412
31819	32339	1	0.029412
31819	32084	1	0.029412
31819	32469	39	1.147059
31819	32726	1	0.029412
31819	31575	34	1.000000
31819	32601	34	1.000000
31819	32218	34	1.000000
31819	32475	34	1.000000
31819	31196	34	1.000000
31819	31710	34	1.000000
31819	32863	34	1.000000
31819	32993	1	0.029412
31819	31459	1	0.029412
31819	31462	34	1.000000
31819	31633	2	0.058824
31819	31208	1	0.029412
31819	32636	34	1.000000
31819	32746	1	0.029412
31819	31854	1	0.029412
31819	32637	1	0.029412
31819	32243	34	1.000000
31819	31486	1	0.029412
31819	31990	1	0.029412
31819	32247	34	1.000000
31819	31995	1	0.029412
31819	32764	34	1.000000
31819	31466	2	0.058824
31819	32254	34	1.000000
31820	32896	34	1.000000
31820	32960	1	0.029412
31820	32266	1	0.029412
31820	32647	34	1.000000
31820	32520	1	0.029412
31820	31276	1	0.029412
31820	32522	1	0.029412
31820	32779	34	1.000000
31820	32770	1	0.029412
31820	32145	34	1.000000
31820	31508	1	0.029412
31820	32149	43	1.264706
31820	31882	1	0.029412
31820	32791	34	1.000000
31820	32664	34	1.000000
31820	32922	1	0.029412
31820	31813	34	1.000000
31820	31648	34	1.000000
31820	31778	1	0.029412
31820	31524	39	1.147059
31820	32424	34	1.000000
31820	32848	1	0.029412
31820	32927	34	1.000000
31820	32302	1	0.029412
31820	31537	34	1.000000
31820	31538	1	0.029412
31820	32182	1	0.029412
31820	32695	1	0.029412
31820	31545	1	0.029412
31820	32698	38	1.117647
31820	32676	34	1.000000
31820	31805	34	1.000000
31820	32830	1	0.029412
31820	32319	1	0.029412
31820	31424	34	1.000000
31820	32160	1	0.029412
31820	31555	34	1.000000
31820	32452	1	0.029412
31820	32837	36	1.058824
31820	32198	45	1.323529
31820	31662	1	0.029412
31820	31466	2	0.058824
31820	31488	1	0.029412
31820	31819	34	1.000000
31820	32204	34	1.000000
31820	32845	34	1.000000
31820	31406	1	0.029412
31820	31825	1	0.029412
31820	32339	1	0.029412
31820	32084	1	0.029412
31820	32469	38	1.117647
31820	32726	1	0.029412
31820	31575	34	1.000000
31820	32601	34	1.000000
31820	32218	34	1.000000
31820	32475	34	1.000000
31820	31196	34	1.000000
31820	31710	34	1.000000
31820	32863	34	1.000000
31820	32993	1	0.029412
31820	31459	1	0.029412
31820	31462	34	1.000000
31820	31633	2	0.058824
31820	31208	2	0.058824
31820	32636	34	1.000000
31820	32746	1	0.029412
31820	31854	1	0.029412
31820	32239	1	0.029412
31820	32243	34	1.000000
31820	31486	1	0.029412
31820	31990	1	0.029412
31820	32247	34	1.000000
31820	31995	1	0.029412
31820	32764	34	1.000000
31820	32637	2	0.058824
31820	32254	34	1.000000
31822	32258	1	0.002062
31822	31748	3	0.006186
31822	32261	3	0.006186
31822	32774	1	0.002062
31822	31243	2	0.004124
31822	32269	6	0.012371
31822	32782	6	0.012371
31822	31761	2	0.004124
31822	31253	6	0.012371
31822	32278	8	0.016495
31822	32792	6	0.012371
31822	31776	1	0.002062
31822	31784	10	0.020619
31822	32812	1	0.002062
31822	32178	4	0.008247
31822	31793	1	0.002062
31822	31283	1	0.002062
31822	31287	3	0.006186
31822	32828	6	0.012371
31822	32830	1	0.002062
31822	31295	41	0.084536
31822	32326	1	0.002062
31822	31305	1	0.002062
31822	32333	1	0.002062
31822	31310	5	0.010309
31822	31318	1	0.002062
31822	32856	7	0.014433
31822	32345	2	0.004124
31822	31835	6	0.012371
31822	31836	1	0.002062
31822	31840	8	0.016495
31822	31844	6	0.012371
31822	32357	6	0.012371
31822	32368	6	0.012371
31822	31348	6	0.012371
31822	31351	3	0.006186
31822	31355	13	0.026804
31822	32900	1	0.002062
31822	32389	1	0.002062
31822	32391	1	0.002062
31822	31373	3	0.006186
31822	32452	6	0.012371
31822	32412	1	0.002062
31822	32880	7	0.014433
31822	31906	2	0.004124
31822	32431	2	0.004124
31822	32714	7	0.014433
31822	31935	1	0.002062
31822	31426	1	0.002062
31822	31940	6	0.012371
31822	32965	8	0.016495
31822	32967	7	0.014433
31822	32975	1	0.002062
31822	31443	20	0.041237
31822	32990	1	0.002062
31822	33007	1	0.002062
31822	32979	11	0.022680
31822	31477	2	0.004124
31822	32502	2	0.004124
31822	32524	1	0.002062
31822	33039	1	0.002062
31822	32528	1	0.002062
31822	32026	2	0.004124
31822	31516	2	0.004124
31822	31195	5	0.010309
31822	32036	1	0.002062
31822	32549	1	0.002062
31822	32579	1	0.002062
31822	32589	6	0.012371
31822	33102	1	0.002062
31822	31573	5	0.010309
31822	31574	1	0.002062
31822	32599	19	0.039175
31822	33113	6	0.012371
31822	32092	6	0.012371
31822	32606	6	0.012371
31822	32098	2	0.004124
31822	32105	6	0.012371
31822	31597	6	0.012371
31822	31599	6	0.012371
31822	32746	1	0.002062
31822	31722	1	0.002062
31822	32651	4	0.008247
31822	32652	6	0.012371
31822	32141	1	0.002062
31822	31634	11	0.022680
31822	32147	5	0.010309
31822	32160	1	0.002062
31822	31388	6	0.012371
31822	32172	3	0.006186
31822	31666	6	0.012371
31822	31817	1	0.002062
31822	32696	12	0.024742
31822	31675	3	0.006186
31822	31167	1	0.002062
31822	31682	3	0.006186
31822	31178	1	0.002062
31822	31698	1	0.002062
31822	31190	1	0.002062
31822	31704	6	0.012371
31822	32219	15	0.030928
31822	32736	61	0.125773
31822	32737	7	0.014433
31822	31210	6	0.012371
31822	31737	2	0.004124
31824	31553	1	0.003937
31824	32354	1	0.003937
31824	32965	1	0.003937
31824	31339	1	0.003937
31824	33074	5	0.019685
31824	31252	1	0.003937
31824	33050	2	0.007874
31824	32923	1	0.003937
31825	31833	6	0.010239
31825	32636	3	0.005119
31828	32096	1	0.005780
31828	33074	2	0.011561
31828	31674	1	0.005780
31829	32505	1	0.055556
31829	31295	1	0.055556
31831	31627	2	0.250000
31832	32419	1	0.001427
31832	31844	1	0.001427
31832	32599	10	0.014265
31832	32696	4	0.005706
31832	31357	2	0.002853
31832	31454	8	0.011412
31832	31295	1	0.001427
31833	32270	1	0.000324
31833	31247	1	0.000324
31833	32419	1	0.000324
31833	32792	1	0.000324
31833	32837	13	0.004207
31833	31195	1	0.000324
31833	31525	1	0.000324
31833	32039	1	0.000324
31833	32172	1	0.000324
31833	33074	1	0.000324
31833	31538	1	0.000324
31833	32696	5	0.001618
31833	31545	1	0.000324
31833	32698	2	0.000647
31833	31295	6	0.001942
31833	31300	1	0.000324
31833	32965	1	0.000324
31833	32198	19	0.006149
31833	31179	25	0.008091
31833	32339	1	0.000324
31833	32219	6	0.001942
31833	32734	3	0.000971
31833	31781	2	0.000647
31833	31847	2	0.000647
31833	31209	1	0.000324
31833	31466	1	0.000324
31833	32423	2	0.000647
31833	32253	1	0.000324
31833	31267	1	0.000324
31833	31978	2	0.000647
31834	32690	1598	16.474227
31834	32471	2	0.020619
31835	32696	1	0.013333
31835	32219	1	0.013333
31835	31822	2	0.026667
31835	32278	1	0.013333
31837	33050	4	1.000000
31838	31443	1	0.007874
31840	32512	8	0.003020
31840	32261	8	0.003020
31840	32651	26	0.009815
31840	32278	28	0.010570
31840	32026	5	0.001888
31840	31776	22	0.008305
31840	32304	66	0.024915
31840	31659	7	0.002643
31840	32172	9	0.003398
31840	32431	10	0.003775
31840	32944	3	0.001133
31840	32696	31	0.011703
31840	32447	1	0.000378
31840	31682	1	0.000378
31840	32965	10	0.003775
31840	31822	83	0.031333
31840	31443	8	0.003020
31840	32599	112	0.042280
31840	32219	2	0.000755
31840	32736	1	0.000378
31840	31844	22	0.008305
31840	31737	12	0.004530
31840	31295	39	0.014723
31841	31844	1	0.022727
31841	32687	1	0.022727
31842	31560	1	0.035714
31842	32408	1	0.035714
31844	31744	5	0.002055
31844	32258	2	0.000822
31844	31491	4	0.001644
31844	31748	2	0.000822
31844	32261	10	0.004110
31844	32519	3	0.001233
31844	32520	1	0.000411
31844	33034	1	0.000411
31844	31883	1	0.000411
31844	32780	1	0.000411
31844	31362	1	0.000411
31844	32399	1	0.000411
31844	32147	2	0.000822
31844	32149	1	0.000411
31844	32278	28	0.011508
31844	32792	2	0.000822
31844	32900	3	0.001233
31844	32091	1	0.000411
31844	31959	1	0.000411
31844	32965	1	0.000411
31844	32673	3	0.001233
31844	32419	4923	2.023428
31844	31780	1	0.000411
31844	33096	3	0.001233
31844	31659	6	0.002466
31844	32172	1	0.000411
31844	32431	4	0.001644
31844	32944	5	0.002055
31844	31688	1	0.000411
31844	32178	1	0.000411
31844	31433	1	0.000411
31844	32696	16	0.006576
31844	32698	1	0.000411
31844	32561	2	0.000822
31844	31295	7	0.002877
31844	31553	1	0.000411
31844	32651	1	0.000411
31844	31300	1	0.000411
31844	32837	13	0.005343
31844	32198	2	0.000822
31844	32456	1	0.000411
31844	32201	3	0.001233
31844	31179	4	0.001644
31844	32460	2	0.000822
31844	32846	1	0.000411
31844	31267	1	0.000411
31844	31822	3	0.001233
31844	32599	6	0.002466
31844	32856	2	0.000822
31844	31833	2	0.000822
31844	32648	1	0.000411
31844	32219	48	0.019729
31844	32123	1	0.000411
31844	31986	2	0.000822
31844	32246	1	0.000411
31844	32888	1	0.000411
31844	31737	12	0.004932
31844	32447	2065	0.848746
31844	32469	1	0.000411
31845	32258	2	0.001253
31845	32261	14	0.008772
31845	32519	2	0.001253
31845	32651	12	0.007519
31845	31634	1	0.000627
31845	32278	1	0.000627
31845	31386	1	0.000627
31845	31776	1	0.000627
31845	31267	1	0.000627
31845	31781	1	0.000627
31845	31499	1	0.000627
31845	32603	1	0.000627
31845	32172	3	0.001880
31845	32471	1	0.000627
31845	32431	14	0.008772
31845	32944	1	0.000627
31845	33074	2	0.001253
31845	32696	4	0.002506
31845	31295	1	0.000627
31845	31353	1	0.000627
31845	32715	1	0.000627
31845	32965	3	0.001880
31845	32967	1	0.000627
31845	31179	8	0.005013
31845	32824	1	0.000627
31845	33106	1	0.000627
31845	32599	36	0.022556
31845	32219	92	0.057644
31845	31844	1	0.000627
31845	32103	2	0.001253
31845	31978	1	0.000627
31845	31737	7	0.004386
31845	32447	38	0.023810
31847	31300	2	0.001663
31847	32837	1	0.000831
31847	31175	3	0.002494
31847	32460	2	0.001663
31847	32910	8	0.006650
31847	31985	1	0.000831
31847	31833	1	0.000831
31847	32796	5	0.004156
31847	31295	1	0.000831
31852	32419	2	0.064516
31852	32574	1	0.032258
31853	33050	2	0.007692
31853	32901	239	0.919231
31854	32704	1	0.002262
31854	32965	3	0.006787
31854	31844	5	0.011312
31854	32261	1	0.002262
31854	33028	1	0.002262
31854	32399	1	0.002262
31854	32149	9	0.020362
31854	32599	1	0.002262
31854	32696	2	0.004525
31854	31545	2	0.004525
31854	31196	2	0.004525
31854	31295	2	0.004525
31855	32736	1	0.025000
31855	31490	1	0.025000
31855	31755	1	0.025000
31855	32017	1	0.025000
31855	31975	1	0.025000
31855	31761	1	0.025000
31855	31286	1	0.025000
31855	31866	1	0.025000
31855	32954	1	0.025000
31856	32078	2	0.041667
31857	32258	5	0.003971
31857	31397	1	0.000794
31857	33004	2	0.001589
31857	31884	1	0.000794
31857	32824	1	0.000794
31857	32696	4	0.003177
31857	31807	1	0.000794
31857	32796	3	0.002383
31857	31295	15	0.011914
31859	31776	2	0.002286
31859	32258	2	0.002286
31859	31844	1	0.001143
31859	32261	2	0.002286
31859	32103	4	0.004571
31859	32278	7	0.008000
31859	32310	2	0.002286
31859	31822	1	0.001143
31859	32431	86	0.098286
31859	32627	16	0.018286
31859	31222	64	0.073143
31859	32599	1	0.001143
31859	32696	1	0.001143
31859	31737	1	0.001143
31859	31295	1	0.001143
31860	31822	24	0.029888
31860	31295	12	0.014944
31861	32419	4	0.010667
31863	31183	1	0.014085
31865	32736	1	0.028571
31865	31490	1	0.028571
31865	31755	1	0.028571
31865	32017	1	0.028571
31865	31975	1	0.028571
31865	31761	1	0.028571
31865	31286	1	0.028571
31865	31866	1	0.028571
31865	32954	1	0.028571
31866	31844	2	0.008299
31866	32965	7	0.029046
31866	31527	1	0.004149
31866	31659	1	0.004149
31866	32519	1	0.004149
31866	31506	1	0.004149
31866	32599	2	0.008299
31866	32696	1	0.004149
31866	32219	1	0.004149
31866	32892	1	0.004149
31866	31295	20	0.082988
31868	32258	1	0.008403
31868	32645	13	0.109244
31868	31496	2	0.016807
31868	32911	12	0.100840
31868	32784	9	0.075630
31868	31505	10	0.084034
31868	31765	249	2.092437
31868	31257	6	0.050420
31868	33054	13	0.109244
31868	32419	12	0.100840
31868	31655	1	0.008403
31868	32171	2	0.016807
31868	32431	1	0.008403
31868	31816	6	0.050420
31868	31930	13	0.109244
31868	32827	5	0.042017
31868	31174	7	0.058824
31868	31304	1	0.008403
31868	31523	5	0.042017
31868	31576	11	0.092437
31868	31721	5	0.042017
31868	32619	4	0.033613
31868	31472	6	0.050420
31868	31315	5	0.042017
31868	31739	2	0.016807
31868	32252	9	0.075630
31868	31487	1	0.008403
31869	32681	5	0.013158
31869	32198	5	0.013158
31871	32696	1	0.003690
31871	31844	2	0.007380
31871	32411	27	0.099631
31871	31748	1	0.003690
31873	32258	1	0.055556
31873	31857	1	0.055556
31873	31336	1	0.055556
31873	33004	1	0.055556
31873	31594	1	0.055556
31873	31884	841	46.722222
31873	32696	1	0.055556
31873	32824	1	0.055556
31873	32447	1	0.055556
31873	31807	1	0.055556
31874	32696	4	0.046512
31874	31386	4	0.046512
31874	31198	4	0.046512
31876	32460	24	12.000000
31877	33074	2	0.008511
31877	32011	141	0.600000
31877	33028	1	0.004255
31877	31295	2	0.008511
31879	31378	3	0.038961
31879	32171	2	0.025974
31879	32130	1	0.012987
31879	32727	1	0.012987
31880	32736	2	0.000625
31880	32354	3	0.000938
31880	31844	2	0.000625
31880	31557	6	0.001876
31880	32103	2	0.000625
31880	32431	42	0.013129
31880	33074	3	0.000938
31880	32310	1	0.000313
31880	31833	3	0.000938
31880	31737	1	0.000313
31880	33050	3	0.000938
31880	31295	21	0.006565
31881	32736	1	0.040000
31881	32965	1	0.040000
31881	31761	1	0.040000
31881	32147	1	0.040000
31881	32219	7	0.280000
31881	31295	35	1.400000
31882	31424	2	0.014493
31882	32469	8	0.057971
31882	32965	4	0.028986
31883	32354	2	0.001668
31883	31195	1	0.000834
31883	32965	1	0.000834
31883	31179	1	0.000834
31883	32172	3	0.002502
31883	32944	1	0.000834
31883	31634	9	0.007506
31883	31480	1	0.000834
31883	31833	12	0.010008
31883	32219	3	0.002502
31883	31260	2	0.001668
31883	32253	1	0.000834
31883	31295	2	0.001668
31884	31873	828	3.196911
31884	32258	1	0.003861
31884	31844	4	0.015444
31884	31336	4	0.015444
31884	31594	3	0.011583
31884	33004	2	0.007722
31884	32944	1	0.003861
31884	31857	3	0.011583
31884	32696	1	0.003861
31884	32599	2	0.007722
31884	32824	3	0.011583
31884	31737	1	0.003861
31884	31295	1	0.003861
31884	32447	1	0.003861
31884	31807	4	0.015444
31885	31304	351	117.000000
31886	32644	61	0.762500
31886	32965	1	0.012500
31886	31623	23	0.287500
31886	32499	101	1.262500
31886	31737	1	0.012500
31886	32447	60	0.750000
31889	31623	363	121.000000
31890	31355	1	0.000427
31890	32553	3	0.001281
31890	31287	5055	2.158412
31890	31822	14	0.005978
31890	32431	10	0.004270
31890	32599	3	0.001281
31890	32846	3	0.001281
31890	31351	14	0.005978
31890	31193	3	0.001281
31890	31258	2	0.000854
31890	32219	162	0.069172
31890	32253	1	0.000427
31890	31295	27	0.011529
31891	31457	1	0.004032
31891	32258	1	0.004032
31891	32923	1	0.004032
31891	31557	7	0.028226
31891	31975	1	0.004032
31891	33098	3	0.012097
31891	31659	1	0.004032
31891	32354	4	0.016129
31891	31755	2	0.008065
31891	32017	1	0.004032
31891	33074	1	0.004032
31891	31799	1	0.004032
31891	31490	1	0.004032
31891	31295	3	0.012097
31891	31260	5	0.020161
31891	31781	2	0.008065
31891	31634	1	0.004032
31891	32447	1	0.004032
31892	33050	4	0.081633
31892	31822	1	0.020408
31892	31295	1	0.020408
31893	32923	12	0.001486
31893	31252	4	0.000495
31893	31295	2	0.000248
31894	31776	4	0.010256
31894	32736	2	0.005128
31894	32258	2	0.005128
31894	31844	2	0.005128
31894	32261	4	0.010256
31894	32198	2	0.005128
31894	31548	24	0.061538
31894	31634	2	0.005128
31894	32431	2	0.005128
31894	31538	2	0.005128
31894	32147	1	0.002564
31894	31574	2	0.005128
31894	32599	6	0.015385
31894	32696	10	0.025641
31894	32219	8	0.020513
31894	32124	2	0.005128
31894	31295	40	0.102564
31896	32258	7	0.001529
31896	31387	1	0.000218
31896	32261	1	0.000218
31896	31276	1	0.000218
31896	32266	1	0.000218
31896	31959	2	0.000437
31896	31204	1	0.000218
31896	32270	8	0.001747
31896	32399	5	0.001092
31896	32147	2	0.000437
31896	32277	2	0.000437
31896	31833	7	0.001529
31896	32280	10	0.002184
31896	31386	4	0.000874
31896	32411	2	0.000437
31896	32414	1	0.000218
31896	31557	1	0.000218
31896	31776	2	0.000437
31896	32304	1	0.000218
31896	31259	1	0.000218
31896	31780	1	0.000218
31896	32677	6	0.001310
31896	32195	1	0.000218
31896	31271	1	0.000218
31896	33067	1	0.000218
31896	32300	4	0.000874
31896	32046	1	0.000218
31896	32431	20	0.004368
31896	31664	1	0.000218
31896	31281	1	0.000218
31896	33074	1	0.000218
31896	31799	2	0.000437
31896	32696	4	0.000874
31896	31930	1	0.000218
31896	32415	1	0.000218
31896	31781	2	0.000437
31896	31678	1	0.000218
31896	31295	7	0.001529
31896	32736	3	0.000655
31896	31883	1	0.000218
31896	32965	6	0.001310
31896	31483	1	0.000218
31896	33098	1	0.000218
31896	32460	2	0.000437
31896	31822	1	0.000218
31896	32336	1	0.000218
31896	31443	1	0.000218
31896	31316	1	0.000218
31896	32846	1	0.000218
31896	32599	1	0.000218
31896	31524	2	0.000437
31896	31961	1	0.000218
31896	33116	1	0.000218
31896	32549	1	0.000218
31896	31840	2	0.000437
31896	31331	1	0.000218
31896	31844	4	0.000874
31896	31854	1	0.000218
31896	32246	2	0.000437
31896	31737	2	0.000437
31896	31807	2	0.000437
31897	32519	2	0.001661
31897	32648	1	0.000831
31897	31881	2	0.001661
31897	32906	1	0.000831
31897	32651	6	0.004983
31897	31761	1	0.000831
31897	33042	1	0.000831
31897	32147	10	0.008306
31897	31768	1	0.000831
31897	31387	3	0.002492
31897	32796	1	0.000831
31897	32542	1	0.000831
31897	32415	1264	1.049834
31897	31776	4	0.003322
31897	32674	1	0.000831
31897	32419	5	0.004153
31897	32037	1	0.000831
31897	32431	1	0.000831
31897	32048	1	0.000831
31897	32696	3	0.002492
31897	31295	80	0.066445
31897	31682	1	0.000831
31897	32965	27	0.022425
31897	31431	2	0.001661
31897	33102	1	0.000831
31897	31568	2	0.001661
31897	33106	8	0.006645
31897	31971	1	0.000831
31897	31822	1	0.000831
31897	32599	16	0.013289
31897	32219	47	0.039037
31897	32447	2	0.001661
31897	31454	1	0.000831
31897	32736	2396	1.990033
31897	32336	1	0.000831
31897	31587	1	0.000831
31897	31844	23	0.019103
31897	32229	1	0.000831
31897	31978	1	0.000831
31897	33004	1	0.000831
31897	31634	1	0.000831
31897	31737	3	0.002492
31897	31807	1	0.000831
31897	31310	1	0.000831
31897	32618	2	0.001661
31899	32460	6	2.000000
31901	32258	31	0.340659
31901	32463	23	0.252747
31905	32800	1	0.003802
31905	31457	1	0.003802
31905	31682	1	0.003802
31905	31553	1	0.003802
31905	32456	1	0.003802
31905	33058	1	0.003802
31905	31824	1	0.003802
31905	31828	1	0.003802
31905	32599	1	0.003802
31905	32696	3	0.011407
31905	33108	1	0.003802
31905	32923	1	0.003802
31905	32025	1	0.003802
31906	31822	114	2.000000
31907	31844	1	0.006623
31908	31822	114	2.000000
31910	31822	114	2.000000
31912	31979	1236	3.129114
31912	32910	4	0.010127
31912	32655	4	0.010127
31912	33074	1	0.002532
31912	31347	13	0.032911
31912	31860	1	0.002532
31912	31295	13	0.032911
31914	31822	114	2.000000
31915	31822	114	2.000000
31917	32900	2	0.005102
31917	31414	2	0.005102
31917	32300	2	0.005102
31917	33067	2	0.005102
31917	31692	2	0.005102
31917	31311	2	0.005102
31917	32561	4	0.010204
31917	32278	2	0.005102
31917	32599	2	0.005102
31917	32696	2	0.005102
31917	31295	2	0.005102
31918	31649	3	0.006865
31918	32258	3	0.006865
31918	32965	1	0.002288
31918	32172	1	0.002288
31918	33074	6	0.013730
31918	32278	3	0.006865
31920	32796	2	0.002532
31920	31295	3	0.003797
31920	32516	10	0.012658
31920	32173	26	0.032911
31920	31567	1	0.001266
31921	31912	3	0.007576
31921	31979	1234	3.116162
31921	32910	4	0.010101
31921	32655	3	0.007576
31921	33074	1	0.002525
31921	31347	13	0.032828
31921	31860	1	0.002525
31921	31295	13	0.032828
31922	31269	26	0.333333
31923	32419	2	0.006192
31923	33028	6	0.018576
31923	32744	4	0.012384
31923	32011	4	0.012384
31923	31640	2	0.006192
31923	32627	20	0.061920
31923	31222	6	0.018576
31923	32599	2	0.006192
31923	32696	4	0.012384
31923	32026	4	0.012384
31925	32696	4	0.043478
31925	32780	1	0.010870
31926	32696	3	0.032609
31929	31987	10	1.000000
31930	32645	3	0.003429
31930	31295	6	0.006857
31932	32696	2	0.006579
31932	31975	12	0.039474
31932	32894	2	0.006579
31932	32447	208	0.684211
31935	31844	1	0.002404
31935	32965	4	0.009615
31935	32396	1	0.002404
31935	31822	11	0.026442
31935	32278	5	0.012019
31935	32261	2	0.004808
31935	31295	1	0.002404
31940	32528	1	0.018519
31940	32965	12	0.222222
31940	31844	14	0.259259
31940	31205	8	0.148148
31940	32599	10	0.185185
31940	32261	19	0.351852
31940	32269	1	0.018519
31940	31822	31	0.574074
31940	32880	8	0.148148
31940	32178	9	0.166667
31940	31426	1	0.018519
31940	32278	7	0.129630
31940	31737	2	0.037037
31940	32696	7	0.129630
31940	31748	7	0.129630
31940	32026	5	0.092593
31940	31634	1	0.018519
31940	31295	4	0.074074
31941	31496	1	0.005682
31943	33074	2	0.002051
31943	31443	1	0.001026
31943	32796	1	0.001026
31944	32067	2	0.010753
31944	32965	12	0.064516
31944	32796	1	0.005376
31944	31659	1	0.005376
31944	32591	1	0.005376
31944	33074	2	0.010753
31944	32696	2	0.010753
31944	32031	1	0.005376
31944	31548	4	0.021505
31944	32447	1	0.005376
31945	32011	111	0.888000
31945	31295	2	0.016000
31947	32965	5	0.128205
31947	31179	1	0.025641
31947	32720	1	0.025641
31947	31642	3	0.076923
31947	32219	1	0.025641
31947	32126	1	0.025641
31948	31373	1	0.005525
31950	32103	4	1.333333
31950	32219	12	4.000000
31950	32310	2	0.666667
31950	32431	74	24.666667
31951	33048	25	0.045290
31951	31926	12	0.021739
31951	31295	2	0.003623
31952	32577	3	0.003759
31952	32965	6	0.007519
31952	31310	2	0.002506
31952	32399	59	0.073935
31952	32147	3	0.003759
31952	32696	9	0.011278
31952	31578	2	0.002506
31954	32424	78	0.987342
31954	31737	2	0.025316
31954	32339	4	0.050633
31954	32149	83	1.050633
31955	32130	2	0.004556
31955	31275	2	0.004556
31955	32262	2	0.004556
31955	31879	2	0.004556
31955	31370	2	0.004556
31955	32907	2	0.004556
31955	32909	2	0.004556
31955	31376	2	0.004556
31955	31378	2	0.004556
31955	32857	2	0.004556
31955	31513	2	0.004556
31955	31473	2	0.004556
31955	31905	2	0.004556
31955	32219	16	0.036446
31955	31527	2	0.004556
31955	32171	4	0.009112
31955	32432	2	0.004556
31955	32951	2	0.004556
31955	31674	2	0.004556
31955	32574	2	0.004556
31955	32575	2	0.004556
31955	31297	2	0.004556
31955	31298	2	0.004556
31955	31303	2	0.004556
31955	31948	2	0.004556
31955	31700	2	0.004556
31955	32985	2	0.004556
31955	31323	2	0.004556
31955	32604	2	0.004556
31955	31200	2	0.004556
31955	31329	2	0.004556
31955	32997	2	0.004556
31955	32231	2	0.004556
31955	32743	2	0.004556
31955	31985	10	0.022779
31955	33014	2	0.004556
31955	32888	2	0.004556
31955	31740	2	0.004556
31955	31997	2	0.004556
31955	31553	2	0.004556
31957	31269	3	0.166667
31957	31623	1	0.055556
31958	32952	1	0.027027
31958	31821	1	0.027027
31958	31797	1	0.027027
31959	32736	2	0.002999
31959	31267	1	0.001499
31959	31844	12	0.017991
31959	32965	2	0.002999
31959	31483	6	0.008996
31959	31692	12	0.017991
31959	32599	2	0.002999
31959	32300	8	0.011994
31959	31789	4	0.005997
31959	32944	1	0.001499
31959	32278	11	0.016492
31959	31737	1	0.001499
31959	32696	4	0.005997
31959	32900	17	0.025487
31959	32026	2	0.002999
31959	31579	2	0.002999
31959	32651	1	0.001499
31959	31453	2	0.002999
31959	31295	11	0.016492
31961	32696	4	0.027027
31961	31578	2	0.013514
31961	32399	3	0.020270
31961	32460	2	0.013514
31961	32599	5	0.033784
31967	32384	2	0.002421
31967	32261	4	0.004843
31967	33030	2	0.002421
31967	32654	9	0.010896
31967	31761	2	0.002421
31967	31634	18	0.021792
31967	32147	2	0.002421
31967	32149	45	0.054479
31967	32667	2	0.002421
31967	32543	2	0.002421
31967	31776	2	0.002421
31967	32419	2	0.002421
31967	32304	2	0.002421
31967	32696	6	0.007264
31967	31295	17	0.020581
31967	32195	2	0.002421
31967	32965	39	0.047215
31967	31822	3	0.003632
31967	31574	3	0.003632
31967	32599	28	0.033898
31967	32219	1	0.001211
31967	32227	2	0.002421
31967	31342	1	0.001211
31967	32244	2	0.002421
31967	31861	2	0.002421
31967	31737	12	0.014528
31968	31295	2	0.028571
31969	32524	16	4.000000
31971	32944	2	0.007273
31971	33106	4	0.014545
31971	32419	2	0.007273
31973	31844	2	0.002503
31973	31525	6	0.007509
31973	31719	2	0.002503
31973	32599	2	0.002503
31973	32017	12	0.015019
31973	31833	4	0.005006
31973	32696	2	0.002503
31973	31737	2	0.002503
31973	32698	6	0.007509
31973	31295	2	0.002503
31973	32261	2	0.002503
31975	32258	11	0.012415
31975	32261	1	0.001129
31975	32577	1	0.001129
31975	32651	7	0.007901
31975	31500	5	0.005643
31975	32142	1	0.001129
31975	31761	2	0.002257
31975	31634	15	0.016930
31975	32147	4	0.004515
31975	31256	3	0.003386
31975	32924	3	0.003386
31975	31776	1	0.001129
31975	32419	2	0.002257
31975	33063	5	0.005643
31975	31367	1	0.001129
31975	32172	5	0.005643
31975	32431	5	0.005643
31975	32696	18	0.020316
31975	31932	6	0.006772
31975	31295	45	0.050790
31975	33088	5	0.005643
31975	32352	5	0.005643
31975	31682	2	0.002257
31975	32965	4	0.004515
31975	31558	7	0.007901
31975	32599	55	0.062077
31975	32219	11	0.012415
31975	31711	2	0.002257
31975	32736	517	0.583521
31975	32611	1	0.001129
31975	31844	22	0.024831
31975	31737	11	0.012415
31975	32765	4	0.004515
31978	32944	4	0.057143
31978	33074	3	0.042857
31978	32219	1	0.014286
31978	31844	1	0.014286
31978	31295	2	0.028571
31979	32900	3	0.001895
31979	31912	7	0.004422
31979	31373	1	0.000632
31979	32910	8	0.005054
31979	32655	6	0.003790
31979	33074	1	0.000632
31979	31347	36	0.022742
31979	31860	5	0.003159
31979	32246	1	0.000632
31979	31833	1	0.000632
31979	32219	2	0.001263
31979	31295	23	0.014529
31980	31649	1	0.035714
31984	32736	14	0.071066
31984	31295	1	0.005076
31984	32868	15	0.076142
31984	32419	14	0.071066
31984	31623	260	1.319797
31985	32160	2	0.009756
31985	32944	2	0.009756
31985	32355	1	0.004878
31985	31492	2	0.009756
31985	31525	2	0.009756
31985	31175	2	0.009756
31985	32796	2	0.009756
31985	31847	2	0.009756
31985	32141	2	0.009756
31985	32046	2	0.009756
31985	32848	2	0.009756
31985	32339	2	0.009756
31985	32910	3	0.014634
31985	32599	1	0.004878
31985	31799	1	0.004878
31985	32924	2	0.009756
31985	31295	1	0.004878
31986	31776	2	0.002535
31986	32219	1	0.001267
31986	31844	4	0.005070
31986	32261	2	0.002535
31986	31979	2	0.002535
31986	32172	1	0.001267
31986	32366	2	0.002535
31986	32944	1	0.001267
31986	32561	23	0.029151
31986	32696	3	0.003802
31986	31737	4	0.005070
31986	31295	2	0.002535
31986	32965	20	0.025349
31990	31488	272	1.007407
31990	32772	272	1.007407
31990	32910	6	0.022222
31990	32239	1	0.003704
31990	32149	7	0.025926
31990	31737	1	0.003704
31991	31912	3	0.007576
31991	31979	1233	3.113636
31991	32910	4	0.010101
31991	32655	3	0.007576
31991	33074	1	0.002525
31991	31347	13	0.032828
31991	31860	1	0.002525
31991	31295	13	0.032828
31992	32460	1	0.010753
31995	32698	2	0.018868
31995	32779	1	0.009434
31996	33050	1	0.004132
31996	32354	1	0.004132
31997	31824	4	0.016878
31997	32796	237	1.000000
31999	33074	2	0.002740
31999	32923	813	1.113699
31999	32172	1	0.001370
31999	33098	2	0.002740
31999	31295	1	0.001370
32002	31844	2	0.050000
32002	32997	1	0.025000
32002	31271	2	0.050000
32002	32171	33	0.825000
32002	31761	1	0.025000
32002	32696	1	0.025000
32003	31721	2	0.005168
32003	32354	7	0.018088
32003	31252	2	0.005168
32004	31233	2	1.000000
32004	31463	2	1.000000
32004	32073	2	1.000000
32004	31278	2	1.000000
32004	32881	106	53.000000
32004	31770	2	1.000000
32005	32696	2	0.005181
32005	32145	2	0.005181
32005	31486	2	0.005181
32005	33006	3	0.007772
32008	32524	159	2.564516
32011	32640	1	0.000855
32011	33028	1	0.000855
32011	32744	3	0.002566
32011	32460	6	0.005133
32011	32910	11	0.009410
32011	31640	1	0.000855
32011	31923	2	0.001711
32011	32696	1	0.000855
32011	31295	10	0.008554
32014	32736	2	0.006734
32014	31682	2	0.006734
32014	31659	2	0.006734
32014	31844	3	0.010101
32014	32261	2	0.006734
32014	31711	1	0.003367
32014	32965	5	0.016835
32014	32237	8	0.026936
32014	33050	2	0.006734
32014	31634	2	0.006734
32014	32419	2	0.006734
32014	31737	4	0.013468
32014	32219	11	0.037037
32014	32599	20	0.067340
32014	32696	8	0.026936
32014	31799	1	0.003367
32014	32538	2	0.006734
32014	32447	3	0.010101
32014	31162	2	0.006734
32014	31966	6	0.020202
32014	31295	5	0.016835
32016	32081	8	0.032000
32017	32736	19	0.020474
32017	31490	2	0.002155
32017	32355	427	0.460129
32017	31844	75	0.080819
32017	31525	427	0.460129
32017	32232	447	0.481681
32017	32651	4	0.004310
32017	32364	445	0.479526
32017	31682	2	0.002155
32017	33102	2	0.002155
32017	32419	4	0.004310
32017	32599	4	0.004310
32017	32920	2	0.002155
32017	31737	10	0.010776
32017	32634	447	0.481681
32017	31295	6	0.006466
32017	31973	449	0.483836
32018	31500	27	0.008841
32018	32142	8	0.002620
32018	31761	2	0.000655
32018	31634	11	0.003602
32018	32029	4	0.001310
32018	31776	4	0.001310
32018	32673	1	0.000327
32018	31267	3	0.000982
32018	32172	17	0.005566
32018	31790	34	0.011133
32018	32431	2	0.000655
32018	32944	4	0.001310
32018	31286	6	0.001965
32018	32696	48	0.015717
32018	31419	6	0.001965
32018	32447	3	0.000982
32018	31682	4	0.001310
32018	32965	6	0.001965
32018	31310	1	0.000327
32018	32419	1	0.000327
32018	32599	13	0.004257
32018	32219	19	0.006221
32018	31711	4	0.001310
32018	32736	33	0.010806
32018	31844	2	0.000655
32018	31206	4	0.001310
32018	31978	26	0.008513
32018	32625	5	0.001637
32018	31737	59	0.019319
32018	31295	21	0.006876
32018	32765	5	0.001637
32021	32249	5	0.034014
32022	32413	132	1.389474
32022	32258	4	0.042105
32022	31195	52	0.547368
32022	32103	72	0.757895
32022	32431	1515	15.947368
32022	32310	35	0.368421
32022	31355	52	0.547368
32022	32253	48	0.505263
32022	32219	39	0.410526
32022	32447	2	0.021053
32023	31680	128	0.984615
32024	32219	15	0.245902
32024	32900	4	0.065574
32024	31469	1	0.016393
32025	32258	2	0.006849
32025	32431	2	0.006849
32025	33074	4	0.013699
32025	32599	2	0.006849
32025	32219	1	0.003425
32025	32158	13	0.044521
32026	32900	1	0.017241
32026	31578	2	0.034483
32026	31748	2	0.034483
32026	31822	3	0.051724
32026	31295	4	0.068966
32027	32418	1	0.014286
32027	31844	2	0.028571
32027	32261	3	0.042857
32027	32172	2	0.028571
32027	32335	2	0.028571
32027	32965	6	0.085714
32029	32261	1	0.000428
32029	32300	2	0.000857
32029	32270	10	0.004283
32029	32018	2	0.000857
32029	31891	2	0.000857
32029	32278	1	0.000428
32029	32280	2	0.000857
32029	32923	39	0.016702
32029	32796	1	0.000428
32029	32219	1	0.000428
32029	31781	19	0.008137
32029	31658	2	0.000857
32029	32172	2	0.000857
32029	32431	2	0.000857
32029	33074	15	0.006424
32029	31286	2	0.000857
32029	32698	1	0.000428
32029	31295	7	0.002998
32029	31557	21	0.008994
32029	31807	14	0.005996
32029	31822	1	0.000428
32029	32336	2	0.000857
32029	31374	230	0.098501
32029	31833	21	0.008994
32029	31578	1	0.000428
32029	31195	5	0.002141
32029	33117	2	0.000857
32029	32677	1	0.000428
32029	31457	3	0.001285
32029	32354	4	0.001713
32029	32888	2	0.000857
32029	31355	1	0.000428
32029	32253	1	0.000428
32036	32219	5	0.023148
32037	32736	3	0.006696
32037	32419	1	0.002232
32037	32965	3	0.006696
32037	31431	1	0.002232
32037	32599	9	0.020089
32037	31950	1	0.002232
32037	32431	2	0.004464
32037	31761	25	0.055804
32037	31382	1	0.002232
32037	31737	8	0.017857
32037	32696	3	0.006696
32037	32409	16	0.035714
32037	32219	1	0.002232
32037	31295	17	0.037946
32039	32965	1	0.011364
32039	31295	2	0.022727
32040	32431	2	0.055556
32040	32965	2	0.055556
32040	31295	16	0.444444
32042	31659	1541	25.683333
32042	31341	3	0.050000
32042	32111	3	0.050000
32042	33048	2	0.033333
32042	32696	42	0.700000
32042	32027	1	0.016667
32045	31912	3	0.007653
32045	31979	1228	3.132653
32045	32910	4	0.010204
32045	32655	3	0.007653
32045	33074	1	0.002551
32045	31347	13	0.033163
32045	31860	1	0.002551
32045	31295	13	0.033163
32047	31776	1	0.016129
32047	31634	1	0.016129
32047	31267	1	0.016129
32047	32142	1	0.016129
32047	31295	16	0.258065
32048	32736	5	0.002917
32048	32385	1	0.000583
32048	31844	5	0.002917
32048	32773	1	0.000583
32048	32519	5	0.002917
32048	32261	2	0.001167
32048	32431	1	0.000583
32048	31761	2	0.001167
32048	32696	6	0.003501
32048	31295	9	0.005251
32048	32463	1	0.000583
32048	32965	1	0.000583
32051	31748	5	0.045455
32051	32965	1	0.009091
32051	32431	1	0.009091
32051	32278	6	0.054545
32051	31844	5	0.045455
32051	32026	1	0.009091
32052	32881	2	0.090909
32052	31724	1	0.045455
32052	32910	2	0.090909
32052	31799	1	0.045455
32055	31237	1	0.011111
32055	32262	1	0.011111
32055	31249	1	0.011111
32055	31258	1	0.011111
32055	32284	1	0.011111
32055	31778	1	0.011111
32055	31269	1	0.011111
32055	31275	1	0.011111
32055	31276	1	0.011111
32055	32304	1	0.011111
32055	31797	1	0.011111
32055	31286	1	0.011111
32055	31291	1	0.011111
32055	32830	1	0.011111
32055	31298	1	0.011111
32055	31814	1	0.011111
32055	31303	1	0.011111
32055	31817	1	0.011111
32055	32844	1	0.011111
32055	31842	1	0.011111
32055	32335	1	0.011111
32055	32848	1	0.011111
32055	32339	1	0.011111
32055	32852	1	0.011111
32055	31502	1	0.011111
32055	32857	1	0.011111
32055	31323	1	0.011111
32055	31418	1	0.011111
32055	32354	3	0.033333
32055	31847	1	0.011111
32055	31853	1	0.011111
32055	32366	1	0.011111
32055	31860	1	0.011111
32055	32895	1	0.011111
32055	31366	1	0.011111
32055	31879	1	0.011111
32055	31368	1	0.011111
32055	31370	1	0.011111
32055	32907	1	0.011111
32055	32909	1	0.011111
32055	32910	2	0.022222
32055	31376	1	0.011111
32055	32401	1	0.011111
32055	32916	1	0.011111
32055	32920	1	0.011111
32055	31387	1	0.011111
32055	32924	1	0.011111
32055	32414	1	0.011111
32055	32423	1	0.011111
32055	32942	1	0.011111
32055	31920	1	0.011111
32055	31930	1	0.011111
32055	32955	1	0.011111
32055	31420	1	0.011111
32055	32960	1	0.011111
32055	31426	1	0.011111
32055	31429	1	0.011111
32055	32971	1	0.011111
32055	32460	1	0.011111
32055	31949	1	0.011111
32055	31951	1	0.011111
32055	31956	1	0.011111
32055	32984	1	0.011111
32055	32988	1	0.011111
32055	31453	1	0.011111
32055	31966	1	0.011111
32055	32549	1	0.011111
32055	31459	1	0.011111
32055	31466	1	0.011111
32055	31979	1	0.011111
32055	32827	1	0.011111
32055	32499	1	0.011111
32055	31990	1	0.011111
32055	31479	1	0.011111
32055	31996	1	0.011111
32055	31486	1	0.011111
32055	33026	1	0.011111
32055	31492	1	0.011111
32055	32006	1	0.011111
32055	32812	1	0.011111
32055	32522	1	0.011111
32055	31501	1	0.011111
32055	33038	1	0.011111
32055	31508	1	0.011111
32055	32534	1	0.011111
32055	31511	1	0.011111
32055	31513	1	0.011111
32055	31294	1	0.011111
32055	31523	1	0.011111
32055	31525	1	0.011111
32055	31527	1	0.011111
32055	31452	1	0.011111
32055	32046	1	0.011111
32055	31880	1	0.011111
32055	31538	1	0.011111
32055	31539	1	0.011111
32055	31540	1	0.011111
32055	31541	1	0.011111
32055	31545	1	0.011111
32055	32574	1	0.011111
32055	32576	1	0.011111
32055	32577	1	0.011111
32055	32067	1	0.011111
32055	32068	1	0.011111
32055	33094	1	0.011111
32055	32071	1	0.011111
32055	31563	1	0.011111
32055	32078	1	0.011111
32055	32079	1	0.011111
32055	32080	1	0.011111
32055	31570	1	0.011111
32055	33107	1	0.011111
32055	31579	1	0.011111
32055	32607	1	0.011111
32055	31584	1	0.011111
32055	32611	1	0.011111
32055	31600	1	0.011111
32055	32625	1	0.011111
32055	31806	1	0.011111
32055	32121	1	0.011111
32055	32746	1	0.011111
32055	31617	1	0.011111
32055	32579	1	0.011111
32055	32667	1	0.011111
32055	31647	1	0.011111
32055	32161	1	0.011111
32055	31651	1	0.011111
32055	32326	1	0.011111
32055	32683	1	0.011111
32055	32690	1	0.011111
32055	31667	1	0.011111
32055	32693	1	0.011111
32055	31670	1	0.011111
32055	31674	1	0.011111
32055	31165	1	0.011111
32055	31678	1	0.011111
32055	31168	1	0.011111
32055	32195	1	0.011111
32055	33014	1	0.011111
32055	31174	1	0.011111
32055	31697	3	0.033333
32055	31186	1	0.011111
32055	31198	1	0.011111
32055	33047	1	0.011111
32055	32227	1	0.011111
32055	32231	1	0.011111
32055	31722	1	0.011111
32055	31212	1	0.011111
32055	32750	1	0.011111
32055	32239	1	0.011111
32055	32242	1	0.011111
32055	31731	1	0.011111
32055	31224	1	0.011111
32055	31226	1	0.011111
32055	32763	1	0.011111
32055	31740	1	0.011111
32055	31829	1	0.011111
32060	31748	3	0.046154
32061	32977	2	0.016393
32061	32796	2	0.016393
32061	31295	1	0.008197
32064	31822	116	2.000000
32066	31822	114	2.000000
32067	33050	2	0.007843
32067	32796	1	0.003922
32067	32910	7	0.027451
32067	32399	1	0.003922
32068	32796	2	0.086957
32070	32736	3	1.000000
32070	31844	3	1.000000
32071	31448	1	0.027778
32072	32447	1	0.020000
32072	31642	3	0.060000
32072	32599	1	0.020000
32072	32965	1	0.020000
32072	31295	1	0.020000
32073	31233	2	1.000000
32073	32004	2	1.000000
32073	31463	2	1.000000
32073	31278	2	1.000000
32073	32881	110	55.000000
32073	31770	2	1.000000
32076	32256	717	0.163326
32076	32801	7	0.001595
32076	31234	7	0.001595
32076	32118	4	0.000911
32076	32998	4	0.000911
32076	31564	5	0.001139
32076	31210	6	0.001367
32076	32524	1	0.000228
32076	31730	5	0.001139
32076	31246	203	0.046241
32076	32815	2	0.000456
32076	32496	5	0.001139
32076	31666	6	0.001367
32076	32528	4	0.000911
32076	31351	2	0.000456
32076	32856	5	0.001139
32076	33113	6	0.001367
32076	33050	48	0.010934
32076	31612	8	0.001822
32076	31518	5	0.001139
32077	32965	6	0.008219
32078	31856	6	0.013274
32078	31881	2	0.004425
32078	32910	6	0.013274
32079	31281	6	0.006572
32079	31860	751	0.822563
32079	31165	751	0.822563
32079	32796	2	0.002191
32080	31822	2	0.031746
32081	32016	2	0.007407
32081	32796	1	0.003704
32084	32162	5	0.011312
32084	32469	2	0.004525
32085	32944	2	0.028571
32085	31737	1	0.014286
32085	32965	3	0.042857
32086	31623	361	120.333333
32087	32471	1	0.037037
32088	32796	2	0.013889
32088	32910	1	0.006944
32090	32698	2	0.013423
32091	32696	4	0.004651
32091	31844	6	0.006977
32091	32965	2	0.002326
32091	32046	1	0.001163
32092	32579	6	0.016620
32092	31844	2	0.005540
32092	32965	4	0.011080
32092	32651	2	0.005540
32092	31822	22	0.060942
32092	32599	22	0.060942
32092	32696	2	0.005540
32094	32736	5	1.000000
32094	31844	5	1.000000
32096	32640	1	0.004695
32096	31776	5	0.023474
32096	32258	14	0.065728
32096	32419	1	0.004695
32096	31844	1	0.004695
32096	32736	5	0.023474
32096	31271	19	0.089202
32096	32171	1	0.004695
32096	32651	1	0.004695
32096	33102	1	0.004695
32096	32431	6	0.028169
32096	32722	51	0.239437
32096	32679	1	0.004695
32096	32696	2	0.009390
32096	31295	1	0.004695
32096	32447	2	0.009390
32097	32460	2	0.040000
32098	32520	1	0.010526
32098	31822	3	0.031579
32098	31295	1	0.010526
32099	32171	41	2.157895
32101	31844	1	0.003636
32101	32965	2	0.007273
32101	32967	1	0.003636
32101	31634	1	0.003636
32101	31822	4	0.014545
32101	32431	1	0.003636
32101	32368	1	0.003636
32101	33074	1	0.003636
32101	32979	1	0.003636
32101	31348	1	0.003636
32101	32270	2	0.007273
32101	32278	1	0.003636
32101	31351	2	0.007273
32101	32796	1	0.003636
32101	31295	11	0.040000
32103	31195	4	0.012987
32103	32253	4	0.012987
32103	31179	4	0.012987
32103	32310	307	0.996753
32103	32431	7982	25.915584
32105	32424	1	0.002045
32105	32339	1	0.002045
32105	32149	2	0.004090
32105	31822	2	0.004090
32107	32796	3	1.000000
32107	32998	3	1.000000
32109	32258	4	0.014286
32109	31553	1	0.003571
32109	32651	10	0.035714
32109	31761	1	0.003571
32109	32147	9	0.032143
32109	32800	2	0.007143
32109	32419	1	0.003571
32109	31529	27	0.096429
32109	32172	1	0.003571
32109	32431	4	0.014286
32109	32944	2	0.007143
32109	32696	14	0.050000
32109	31295	14	0.050000
32109	31776	6	0.021429
32109	32965	8	0.028571
32109	32599	3	0.010714
32109	32219	3	0.010714
32109	32736	15	0.053571
32109	31844	7	0.025000
32109	32231	4	0.014286
32109	32745	1	0.003571
32109	31978	2	0.007143
32109	32624	1	0.003571
32109	31737	4	0.014286
32111	32599	2	0.005882
32111	31187	919	2.702941
32111	31292	837	2.461765
32111	32542	278	0.817647
32111	32431	2	0.005882
32112	31373	1	0.058824
32114	32171	6	0.005556
32114	32909	2	0.001852
32114	32965	8	0.007407
32118	32256	866	0.151558
32118	32496	5	0.000875
32118	31234	7	0.001225
32118	32998	4	0.000700
32118	32801	7	0.001225
32118	32076	5	0.000875
32118	31210	6	0.001050
32118	31564	5	0.000875
32118	31730	5	0.000875
32118	31246	418	0.073154
32118	32815	2	0.000350
32118	32528	10	0.001750
32118	31666	6	0.001050
32118	32524	1	0.000175
32118	31351	2	0.000350
32118	32856	8	0.001400
32118	33113	6	0.001050
32118	33050	48	0.008400
32118	31612	8	0.001400
32118	31518	5	0.000875
32120	31744	449	1.008989
32120	32258	1	0.002247
32120	32643	445	1.000000
32120	32261	2	0.004494
32120	32651	1	0.002247
32120	32270	3	0.006742
32120	32147	1	0.002247
32120	31381	446	1.002247
32120	32411	1	0.002247
32120	32419	1	0.002247
32120	32431	1	0.002247
32120	32696	18	0.040449
32120	31417	445	1.000000
32120	32955	445	1.000000
32120	31295	17	0.038202
32120	32965	9	0.020225
32120	32071	445	1.000000
32120	32599	18	0.040449
32120	31194	445	1.000000
32120	32219	2	0.004494
32120	31709	445	1.000000
32120	32351	447	1.004494
32120	32736	32	0.071910
32120	31844	3	0.006742
32120	31461	446	1.002247
32120	33006	1	0.002247
32120	32126	1	0.002247
32120	31737	1	0.002247
32120	31355	1	0.002247
32120	31228	892	2.004494
32120	31455	895	2.011236
32122	32617	7	0.035714
32122	33002	1	0.005102
32122	32763	4	0.020408
32122	32085	1	0.005102
32122	32431	3	0.015306
32124	31833	1	0.001067
32124	32172	3	0.003202
32124	32630	3	0.003202
32124	31894	1	0.001067
32126	32261	1	0.019608
32126	31947	1	0.019608
32126	32431	1	0.019608
32126	32696	2	0.039216
32126	32219	59	1.156863
32126	31295	2	0.039216
32127	31623	824	117.714286
32131	32419	11	0.017657
32131	32644	7	0.011236
32131	32651	4	0.006421
32131	32946	8	0.012841
32131	32150	1	0.001605
32131	32599	7	0.011236
32131	32696	68	0.109149
32131	32923	2	0.003210
32132	32258	56	0.104869
32132	31659	4	0.007491
32132	32261	6	0.011236
32132	32391	3	0.005618
32132	33034	14	0.026217
32132	32651	3	0.005618
32132	32396	3	0.005618
32132	31362	3	0.005618
32132	32270	3	0.005618
32132	31634	3	0.005618
32132	32219	19	0.035581
32132	32419	2	0.003745
32132	32040	3	0.005618
32132	32519	2	0.003745
32132	32172	6	0.011236
32132	32431	21	0.039326
32132	32944	4	0.007491
32132	33074	6	0.011236
32132	32696	8	0.014981
32132	31295	20	0.037453
32132	32965	3	0.005618
32132	31179	47	0.088015
32132	31310	6	0.011236
32132	32163	2	0.003745
32132	32599	2	0.003745
32132	31195	47	0.088015
32132	32447	4	0.007491
32132	31711	3	0.005618
32132	32736	3	0.005618
32132	31844	6	0.011236
32132	32103	3	0.005618
32132	32253	3	0.005618
32132	32248	4	0.007491
32132	31355	3	0.005618
32132	32765	412	0.771536
32132	32126	3	0.005618
32134	32531	1	0.071429
32134	32419	1	0.071429
32135	32952	1	0.019231
32135	31623	2	0.038462
32138	31332	283	1.025362
32139	31180	1	0.017857
32139	31277	1	0.017857
32141	31722	9	0.243243
32141	32796	1	0.027027
32142	32736	1	0.043478
32142	31489	1	0.043478
32142	31362	1	0.043478
32142	31844	2	0.086957
32142	31978	1	0.043478
32142	32599	2	0.086957
32142	31737	3	0.130435
32142	32219	11	0.478261
32142	32765	2	0.086957
32142	31295	5	0.217391
32145	32896	34	1.000000
32145	32960	1	0.029412
32145	32266	1	0.029412
32145	32647	34	1.000000
32145	32520	1	0.029412
32145	31276	1	0.029412
32145	32522	1	0.029412
32145	32779	34	1.000000
32145	32770	1	0.029412
32145	31633	2	0.058824
32145	31508	1	0.029412
32145	32149	43	1.264706
32145	31882	1	0.029412
32145	32791	34	1.000000
32145	32664	34	1.000000
32145	32922	1	0.029412
32145	32239	1	0.029412
32145	31813	34	1.000000
32145	31648	34	1.000000
32145	31778	1	0.029412
32145	31524	40	1.176471
32145	32424	34	1.000000
32145	32848	1	0.029412
32145	32927	34	1.000000
32145	32302	1	0.029412
32145	31537	34	1.000000
32145	31538	1	0.029412
32145	32182	1	0.029412
32145	32695	1	0.029412
32145	31545	1	0.029412
32145	32698	38	1.117647
32145	32676	34	1.000000
32145	31805	34	1.000000
32145	32830	1	0.029412
32145	32319	1	0.029412
32145	31424	34	1.000000
32145	32160	1	0.029412
32145	31555	34	1.000000
32145	32452	1	0.029412
32145	32837	36	1.058824
32145	32198	44	1.294118
32145	31662	1	0.029412
32145	31820	34	1.000000
32145	31488	1	0.029412
32145	31819	34	1.000000
32145	32204	34	1.000000
32145	32845	34	1.000000
32145	31406	1	0.029412
32145	31825	1	0.029412
32145	32339	1	0.029412
32145	32084	1	0.029412
32145	32469	38	1.117647
32145	32726	1	0.029412
32145	31575	34	1.000000
32145	32601	34	1.000000
32145	32218	34	1.000000
32145	32475	34	1.000000
32145	31196	34	1.000000
32145	31710	34	1.000000
32145	32863	34	1.000000
32145	32993	1	0.029412
32145	31459	1	0.029412
32145	31462	34	1.000000
32145	31208	1	0.029412
32145	32636	34	1.000000
32145	32746	1	0.029412
32145	31854	1	0.029412
32145	32637	1	0.029412
32145	32243	34	1.000000
32145	32254	34	1.000000
32145	31990	1	0.029412
32145	32247	34	1.000000
32145	31995	1	0.029412
32145	32764	34	1.000000
32145	31466	2	0.058824
32145	31486	2	0.058824
32146	32900	8	0.024316
32146	31844	6	0.018237
32146	32965	4	0.012158
32147	32640	1	0.004717
32147	31844	2	0.009434
32147	32261	15	0.070755
32147	32103	1	0.004717
32147	32519	1	0.004717
32147	32431	1	0.004717
32147	32310	2	0.009434
32147	32278	5	0.023585
32147	32599	26	0.122642
32147	32696	37	0.174528
32147	32219	44	0.207547
32147	31295	18	0.084906
32149	31488	5	0.005531
32149	32770	6	0.006637
32149	31748	2	0.002212
32149	32520	5	0.005531
32149	32266	7	0.007743
32149	32651	11	0.012168
32149	32652	5	0.005531
32149	32399	2	0.002212
32149	31761	1	0.001106
32149	31634	5	0.005531
32149	31894	2	0.002212
32149	32922	8	0.008850
32149	32411	2	0.002212
32149	32796	3	0.003319
32149	31776	39	0.043142
32149	32198	2	0.002212
32149	31400	5	0.005531
32149	31659	4	0.004425
32149	32431	1	0.001106
32149	32776	5	0.005531
32149	31538	2	0.002212
32149	32696	4	0.004425
32149	31545	2	0.002212
32149	32698	2	0.002212
32149	32830	2	0.002212
32149	31295	75	0.082965
32149	32160	2	0.002212
32149	32452	5	0.005531
32149	32965	620	0.685841
32149	32326	1	0.001106
32149	33102	8	0.008850
32149	32848	2	0.002212
32149	31825	5	0.005531
32149	31954	6	0.006637
32149	32339	2	0.002212
32149	31822	2	0.002212
32149	31574	1	0.001106
32149	32984	2	0.002212
32149	32219	14	0.015487
32149	31711	3	0.003319
32149	32736	74	0.081858
32149	32993	5	0.005531
32149	31844	15	0.016593
32149	31288	1	0.001106
32149	32105	5	0.005531
32149	32746	2	0.002212
32149	31854	5	0.005531
32149	32175	2	0.002212
32149	31990	2	0.002212
32149	31737	14	0.015487
32150	31776	2	0.000904
32150	32131	2	0.000904
32150	31978	2	0.000904
32150	31179	9	0.004069
32150	31355	1	0.000452
32150	32944	3	0.001356
32150	33074	7	0.003165
32150	31737	1	0.000452
32150	31195	1	0.000452
32150	31295	4	0.001808
32151	31912	3	0.007538
32151	31979	1242	3.120603
32151	32910	4	0.010050
32151	32655	3	0.007538
32151	33074	1	0.002513
32151	31347	13	0.032663
32151	31860	1	0.002513
32151	31295	13	0.032663
32152	31776	2	0.011696
32152	33094	1	0.005848
32152	31495	30	0.175439
32152	31658	1	0.005848
32152	32750	1	0.005848
32152	33042	6	0.035088
32152	31737	1	0.005848
32152	32219	1	0.005848
32153	32258	2	0.076923
32153	31548	1	0.038462
32153	32431	1	0.038462
32154	32524	114	2.478261
32155	32736	2	0.028571
32155	31776	1	0.014286
32155	32419	1	0.014286
32155	31844	2	0.028571
32155	32965	2	0.028571
32155	33028	1	0.014286
32155	32673	2	0.028571
32155	31222	1	0.014286
32155	32471	1	0.014286
32155	31859	1	0.014286
32155	31711	1	0.014286
32155	32627	71	1.014286
32155	32278	4	0.057143
32155	32599	3	0.042857
32155	32696	1	0.014286
32155	31737	3	0.042857
32155	31360	1	0.014286
32155	31631	1	0.014286
32155	33117	1	0.014286
32155	31295	2	0.028571
32157	31431	2	0.009174
32158	32736	2	0.002387
32158	31457	4	0.004773
32158	31298	14	0.016706
32158	31776	4	0.004773
32158	31367	2	0.002387
32158	31271	10	0.011933
32158	32171	6	0.007160
32158	31355	2	0.002387
32158	32431	2	0.002387
32158	32519	2	0.002387
32158	31955	4	0.004773
32158	32599	12	0.014320
32158	32696	2	0.002387
32158	32025	2	0.002387
32158	32944	4	0.004773
32158	32219	8	0.009547
32158	31737	2	0.002387
32158	31295	4	0.004773
32160	32965	4	0.009901
32160	32553	46	0.113861
32160	32266	1	0.002475
32160	32149	7	0.017327
32160	31355	1	0.002475
32160	32796	4	0.009901
32160	32253	1	0.002475
32160	31295	4	0.009901
32161	32249	6	0.014925
32162	31386	1	0.003106
32162	32084	1	0.003106
32162	32469	3	0.009317
32162	32270	1	0.003106
32163	31844	10	0.007418
32163	31557	1	0.000742
32163	32714	3	0.002226
32163	31179	1	0.000742
32163	32431	1	0.000742
32163	32696	7	0.005193
32163	31737	6	0.004451
32163	32219	1	0.000742
32163	31295	47	0.034866
32164	31365	1	1.000000
32164	32796	1	1.000000
32164	32171	1	1.000000
32164	32909	5	5.000000
32164	33050	2	2.000000
32164	32604	1	1.000000
32165	31682	49	0.700000
32165	32540	49	0.700000
32166	31179	156	6.000000
32169	31576	8	1.142857
32169	31868	13	1.857143
32169	31765	17	2.428571
32169	31174	7	1.000000
32171	32002	856	0.972727
32171	31339	855	0.971591
32171	31497	856	0.972727
32171	32130	1	0.001136
32171	31200	1	0.001136
32171	32794	1	0.001136
32171	32158	854	0.970455
32171	31522	1	0.001136
32171	32679	856	0.972727
32171	31346	1	0.001136
32171	32431	858	0.975000
32171	32926	856	0.972727
32171	32736	1	0.001136
32171	32968	856	0.972727
32171	32332	855	0.971591
32171	32013	855	0.971591
32171	32208	856	0.972727
32171	32096	856	0.972727
32171	32099	856	0.972727
32171	32745	1	0.001136
32171	32807	856	0.972727
32171	32109	1	0.001136
32171	32114	855	0.971591
32171	31610	2	0.002273
32172	31362	4	0.002020
32172	31659	1	0.000505
32172	31748	2	0.001010
32172	32261	3	0.001515
32172	32150	1	0.000505
32172	32391	2	0.001010
32172	31883	3	0.001515
32172	32780	1	0.000505
32172	32246	1	0.000505
32172	31374	2	0.001010
32172	31634	1	0.000505
32172	31891	1	0.000505
32172	31252	1	0.000505
32172	32278	2	0.001010
32172	31193	3	0.001515
32172	32280	1	0.000505
32172	33028	1	0.000505
32172	31386	7	0.003535
32172	32923	1	0.000505
32172	32796	1	0.000505
32172	32029	2	0.001010
32172	31959	1	0.000505
32172	32965	3	0.001515
32172	32944	1	0.000505
32172	32270	1	0.000505
32172	31781	2	0.001010
32172	31271	2	0.001010
32172	33067	3	0.001515
32172	32300	2	0.001010
32172	32686	2	0.001010
32172	31664	3	0.001515
32172	33074	2	0.001010
32172	32824	3	0.001515
32172	32698	2	0.001010
32172	32900	1	0.000505
32172	31295	2	0.001010
32172	31553	2	0.001010
32172	32651	2	0.001010
32172	32837	2	0.001010
32172	31649	1	0.000505
32172	32630	2	0.001010
32172	31179	2	0.001010
32172	32846	1	0.000505
32172	32336	7	0.003535
32172	32696	1	0.000505
32172	32979	3	0.001515
32172	32469	3	0.001515
32172	32599	2	0.001010
32172	31833	5	0.002525
32172	32219	68	0.034343
32172	31454	1	0.000505
32172	31204	1	0.000505
32172	31457	1	0.000505
32172	32251	3	0.001515
32172	31844	4	0.002020
32172	31978	3	0.001515
32172	32624	2	0.001010
32172	32627	2	0.001010
32172	31478	1	0.000505
32172	32447	6	0.003030
32173	31920	63	0.913043
32173	31956	64	0.927536
32173	31563	64	0.927536
32173	31652	64	0.927536
32173	31295	3	0.043478
32174	32261	1	0.000442
32174	32519	2	0.000885
32174	33039	1	0.000442
32174	32278	52	0.022999
32174	31776	1	0.000442
32174	32673	1	0.000442
32174	32419	1	0.000442
32174	33066	1	0.000442
32174	32172	11	0.004865
32174	32431	1	0.000442
32174	32561	9	0.003981
32174	32696	5	0.002211
32174	32447	2	0.000885
32174	32965	2	0.000885
32174	31179	2	0.000885
32174	31267	1	0.000442
32174	32599	3	0.001327
32174	32219	1	0.000442
32174	32736	3	0.001327
32174	31844	24	0.010615
32174	31979	1	0.000442
32174	32245	2	0.000885
32174	31295	3	0.001327
32175	32984	38	0.104683
32175	32431	2	0.005510
32175	31295	2	0.005510
32175	32149	12	0.033058
32175	32965	6	0.016529
32177	32651	12	0.134831
32177	32261	4	0.044944
32178	32258	2	0.001504
32178	31748	1073	0.806767
32178	32261	12	0.009023
32178	32528	6	0.004511
32178	32147	44	0.033083
32178	32278	15	0.011278
32178	32026	1	0.000752
32178	32411	1	0.000752
32178	31776	1	0.000752
32178	32419	8	0.006015
32178	31788	1	0.000752
32178	32944	2	0.001504
32178	32561	2	0.001504
32178	31799	2	0.001504
32178	32696	27	0.020301
32178	32447	3	0.002256
32178	31296	1	0.000752
32178	31940	2	0.001504
32178	32965	14	0.010526
32178	31822	13	0.009774
32178	31573	2	0.001504
32178	32599	31	0.023308
32178	31578	1	0.000752
32178	32219	1	0.000752
32178	32736	3	0.002256
32178	31844	101	0.075940
32178	31205	2	0.001504
32178	31737	11	0.008271
32178	31295	6	0.004511
32180	32736	503	1.676667
32180	31844	1	0.003333
32180	32965	4	0.013333
32180	32519	9	0.030000
32180	32261	4	0.013333
32180	31762	503	1.676667
32180	31574	2	0.006667
32180	32599	8	0.026667
32180	31737	1	0.003333
32180	32219	2	0.006667
32180	31295	2	0.006667
32182	32219	3	0.004292
32182	31844	3	0.004292
32182	32198	9	0.012876
32182	31295	12	0.017167
32183	32180	2	0.031746
32183	32354	2	0.031746
32183	31252	70	1.111111
32184	31822	114	2.000000
32187	31822	114	2.000000
32190	32796	3	0.043478
32190	31474	1	0.014493
32190	31295	2	0.028986
32190	31452	3	0.043478
32190	32599	1	0.014493
32192	32690	1630	16.464646
32192	32471	2	0.020202
32194	31722	1	0.018519
32195	32654	2	0.002181
32195	33074	1	0.001091
32195	32696	1	0.001091
32195	31295	1	0.001091
32195	32796	1	0.001091
32195	31967	1	0.001091
32196	32431	12	12.000000
32197	31557	1	0.002597
32197	31807	1	0.002597
32197	33098	1	0.002597
32197	31883	1	0.002597
32197	32270	1	0.002597
32197	31999	6	0.015584
32197	32150	1	0.002597
32197	31833	1	0.002597
32197	32923	1	0.002597
32197	31295	1	0.002597
32198	32258	3	0.002488
32198	32261	17	0.014096
32198	32147	11	0.009121
32198	31894	1	0.000829
32198	32837	3	0.002488
32198	31776	7	0.005804
32198	32419	2	0.001658
32198	32297	3	0.002488
32198	31662	4	0.003317
32198	32431	5	0.004146
32198	32182	4	0.003317
32198	32696	26	0.021559
32198	32698	3	0.002488
32198	31295	94	0.077944
32198	32451	3	0.002488
32198	31300	5	0.004146
32198	32965	17	0.014096
32198	31822	1	0.000829
32198	32726	4	0.003317
32198	32599	38	0.031509
32198	32219	45	0.037313
32198	32736	16	0.013267
32198	32354	1	0.000829
32198	31844	13	0.010779
32198	31208	2	0.001658
32198	31978	4	0.003317
32198	33021	2	0.001658
32198	31476	4	0.003317
32198	31480	2	0.001658
32198	31737	9	0.007463
32198	31355	1	0.000829
32198	31869	2	0.001658
32198	32383	3	0.002488
32200	32796	2	0.027778
32200	32431	1	0.013889
32201	32103	1	0.055556
32201	32837	2	0.111111
32201	32423	1	0.055556
32204	32896	34	1.000000
32204	32960	1	0.029412
32204	32266	1	0.029412
32204	32647	34	1.000000
32204	32520	1	0.029412
32204	31276	1	0.029412
32204	32522	1	0.029412
32204	32779	34	1.000000
32204	32770	1	0.029412
32204	32145	34	1.000000
32204	31508	1	0.029412
32204	32149	43	1.264706
32204	31882	1	0.029412
32204	32791	34	1.000000
32204	32664	34	1.000000
32204	32922	1	0.029412
32204	32239	1	0.029412
32204	31813	34	1.000000
32204	31648	34	1.000000
32204	31778	1	0.029412
32204	31524	39	1.147059
32204	32424	34	1.000000
32204	32848	1	0.029412
32204	32927	34	1.000000
32204	32302	1	0.029412
32204	31537	34	1.000000
32204	31538	1	0.029412
32204	32182	1	0.029412
32204	32695	1	0.029412
32204	31545	1	0.029412
32204	32698	38	1.117647
32204	32676	34	1.000000
32204	31805	34	1.000000
32204	32830	1	0.029412
32204	32319	1	0.029412
32204	31424	34	1.000000
32204	32160	1	0.029412
32204	31555	34	1.000000
32204	32452	1	0.029412
32204	32837	36	1.058824
32204	32198	45	1.323529
32204	31662	1	0.029412
32204	31488	1	0.029412
32204	31819	34	1.000000
32204	31820	34	1.000000
32204	32845	34	1.000000
32204	31406	1	0.029412
32204	31825	1	0.029412
32204	32339	1	0.029412
32204	32084	1	0.029412
32204	32469	38	1.117647
32204	32726	2	0.058824
32204	31575	34	1.000000
32204	32601	34	1.000000
32204	32218	34	1.000000
32204	32475	34	1.000000
32204	31196	34	1.000000
32204	31710	34	1.000000
32204	32863	34	1.000000
32204	32993	1	0.029412
32204	31459	1	0.029412
32204	31462	34	1.000000
32204	31633	2	0.058824
32204	31208	1	0.029412
32204	32636	34	1.000000
32204	31466	3	0.088235
32204	31854	1	0.029412
32204	32637	1	0.029412
32204	32243	34	1.000000
32204	31486	1	0.029412
32204	31990	1	0.029412
32204	32247	34	1.000000
32204	31995	1	0.029412
32204	32764	34	1.000000
32204	32746	1	0.029412
32204	32254	34	1.000000
32205	32096	2	1.000000
32205	32002	2	1.000000
32205	32099	2	1.000000
32205	32679	2	1.000000
32205	32968	2	1.000000
32205	31497	2	1.000000
32205	32807	2	1.000000
32205	32332	2	1.000000
32205	32013	2	1.000000
32205	31339	2	1.000000
32205	32431	2	1.000000
32205	32208	2	1.000000
32205	32114	2	1.000000
32205	32158	2	1.000000
32205	32171	6	3.000000
32205	32926	2	1.000000
32207	31776	3	0.002242
32207	32261	13	0.009716
32207	33000	4	0.002990
32207	32431	3	0.002242
32207	32690	18	0.013453
32207	32278	3	0.002242
32207	32696	4	0.002990
32207	32026	5	0.003737
32207	32092	1016	0.759342
32207	32965	7	0.005232
32208	32171	2	0.026667
32212	32736	6	1.000000
32212	31737	3	0.500000
32212	31844	6	1.000000
32213	31200	2	0.023256
32213	32261	3	0.034884
32213	32745	1	0.011628
32213	32109	1	0.011628
32213	32147	1	0.011628
32213	32696	10	0.116279
32213	32219	1	0.011628
32214	32868	4	0.028986
32214	32998	2	0.014493
32214	31623	4	0.028986
32215	32736	1	0.025000
32215	31490	1	0.025000
32215	31755	1	0.025000
32215	32017	1	0.025000
32215	31975	1	0.025000
32215	31761	1	0.025000
32215	31286	1	0.025000
32215	31866	1	0.025000
32215	32954	1	0.025000
32216	32219	7	0.114754
32216	32278	2	0.032787
32216	31295	1	0.016393
32217	31776	2	0.001757
32217	31844	2	0.001757
32217	32965	9	0.007909
32217	32944	10	0.008787
32217	32278	6	0.005272
32217	32471	4	0.003515
32217	32696	4	0.003515
32217	31802	2	0.001757
32217	32447	2	0.001757
32217	32476	2	0.001757
32217	32261	2	0.001757
32218	32896	34	1.000000
32218	32960	1	0.029412
32218	32266	1	0.029412
32218	32647	34	1.000000
32218	32520	1	0.029412
32218	32522	1	0.029412
32218	32779	34	1.000000
32218	31466	2	0.058824
32218	32770	1	0.029412
32218	32145	34	1.000000
32218	31508	1	0.029412
32218	32149	43	1.264706
32218	31882	1	0.029412
32218	32791	34	1.000000
32218	32664	34	1.000000
32218	32922	1	0.029412
32218	32239	1	0.029412
32218	31813	34	1.000000
32218	31648	34	1.000000
32218	31778	1	0.029412
32218	31524	40	1.176471
32218	32424	34	1.000000
32218	31276	2	0.058824
32218	32302	1	0.029412
32218	31537	34	1.000000
32218	31538	1	0.029412
32218	32182	1	0.029412
32218	32695	1	0.029412
32218	31545	1	0.029412
32218	32698	38	1.117647
32218	32676	34	1.000000
32218	31805	34	1.000000
32218	32830	1	0.029412
32218	32319	1	0.029412
32218	31424	34	1.000000
32218	32160	1	0.029412
32218	31555	34	1.000000
32218	32452	1	0.029412
32218	32837	36	1.058824
32218	32198	44	1.294118
32218	31662	1	0.029412
32218	31820	34	1.000000
32218	31488	1	0.029412
32218	31819	34	1.000000
32218	32204	34	1.000000
32218	32845	34	1.000000
32218	32848	1	0.029412
32218	31825	1	0.029412
32218	32339	1	0.029412
32218	32084	1	0.029412
32218	32469	38	1.117647
32218	32726	1	0.029412
32218	31575	34	1.000000
32218	32601	34	1.000000
32218	31406	1	0.029412
32218	32475	34	1.000000
32218	31196	34	1.000000
32218	31710	34	1.000000
32218	32863	34	1.000000
32218	32993	1	0.029412
32218	31459	1	0.029412
32218	31462	34	1.000000
32218	31633	2	0.058824
32218	31208	1	0.029412
32218	32636	34	1.000000
32218	32746	1	0.029412
32218	31854	1	0.029412
32218	32637	1	0.029412
32218	32243	34	1.000000
32218	31486	1	0.029412
32218	31990	1	0.029412
32218	32247	34	1.000000
32218	31995	1	0.029412
32218	32764	34	1.000000
32218	32927	34	1.000000
32218	32254	34	1.000000
32219	32736	1	0.000040
32219	32258	1	0.000040
32219	32103	49758	1.999678
32219	31367	20	0.000804
32219	32431	970417	38.999196
32219	32310	24879	0.999839
32221	32736	2	0.004587
32221	31799	1	0.002294
32221	31755	38	0.087156
32221	31844	3	0.006881
32221	31295	2	0.004587
32223	32696	3	0.093750
32223	32258	1	0.031250
32223	32460	13	0.406250
32223	32910	15	0.468750
32223	32431	1	0.031250
32224	32640	1	0.003257
32224	32011	504	1.641694
32224	32460	6	0.019544
32224	32910	13	0.042345
32224	32696	1	0.003257
32224	31295	7	0.022801
32225	31776	1	0.019608
32225	32219	1	0.019608
32225	32356	1	0.019608
32225	32469	4	0.078431
32225	32599	2	0.039216
32227	32258	7	0.037037
32227	31844	1	0.005291
32227	32261	2	0.010582
32227	31304	2	0.010582
32227	31807	2	0.010582
32227	32354	2	0.010582
32227	32270	2	0.010582
32227	31277	2	0.010582
32227	31505	2	0.010582
32227	31868	1	0.005291
32227	31557	2	0.010582
32227	32983	2	0.010582
32227	32696	8	0.042328
32227	31833	2	0.010582
32227	32923	2	0.010582
32227	32252	2	0.010582
32227	31487	4	0.021164
32228	31844	1	0.007519
32228	32137	1	0.007519
32228	32651	1	0.007519
32228	32304	2	0.015038
32228	32594	1	0.007519
32228	32630	1	0.007519
32228	32696	1	0.007519
32228	31332	7	0.052632
32229	32261	4	0.002922
32229	32651	2	0.001461
32229	32780	40	0.029218
32229	32142	3	0.002191
32229	31761	2	0.001461
32229	31634	40	0.029218
32229	32147	14	0.010226
32229	33050	2	0.001461
32229	32796	1	0.000730
32229	31776	4	0.002922
32229	32673	1	0.000730
32229	32419	9	0.006574
32229	32172	1	0.000730
32229	32304	1	0.000730
32229	31799	1	0.000730
32229	32696	62	0.045289
32229	31546	3	0.002191
32229	31711	2	0.001461
32229	31295	104	0.075968
32229	31712	8	0.005844
32229	31682	5	0.003652
32229	32965	9	0.006574
32229	32270	1	0.000730
32229	31574	1	0.000730
32229	32599	67	0.048941
32229	33114	3	0.002191
32229	32219	8	0.005844
32229	32447	1	0.000730
32229	32095	3	0.002191
32229	32736	41	0.029949
32229	31844	5	0.003652
32229	32530	1	0.000730
32229	31219	8	0.005844
32229	31737	8	0.005844
32229	32506	3	0.002191
32229	32703	1	0.000730
32231	32096	1	0.013333
32231	32171	6	0.080000
32231	32109	1	0.013333
32231	33050	226	3.013333
32231	31355	1	0.013333
32231	32253	1	0.013333
32231	31295	2	0.026667
32232	32017	2	0.083333
32233	32736	18	1.058824
32233	31844	17	1.000000
32235	31968	260	2.015504
32235	32298	390	3.023256
32235	33075	908	7.038760
32236	32696	1	0.001171
32236	32042	1	0.001171
32236	32796	1	0.001171
32236	32258	1	0.001171
32236	32023	1	0.001171
32238	32149	70	1.000000
32238	31990	1	0.014286
32240	31824	2	0.050000
32240	33014	15	0.375000
32240	32985	2	0.050000
32240	31514	15	0.375000
32240	32796	17	0.425000
32240	32575	17	0.425000
32243	32896	34	1.000000
32243	32960	1	0.029412
32243	32770	1	0.029412
32243	32647	34	1.000000
32243	32520	1	0.029412
32243	32522	1	0.029412
32243	32779	34	1.000000
32243	32145	34	1.000000
32243	31508	1	0.029412
32243	32149	43	1.264706
32243	31882	1	0.029412
32243	32601	34	1.000000
32243	32664	34	1.000000
32243	32922	1	0.029412
32243	32239	1	0.029412
32243	31813	34	1.000000
32243	31648	34	1.000000
32243	31778	1	0.029412
32243	31524	39	1.147059
32243	32424	34	1.000000
32243	32848	1	0.029412
32243	31276	1	0.029412
32243	32302	1	0.029412
32243	31537	34	1.000000
32243	31538	1	0.029412
32243	32182	1	0.029412
32243	32695	1	0.029412
32243	32791	34	1.000000
32243	31545	1	0.029412
32243	32698	38	1.117647
32243	32927	34	1.000000
32243	31805	34	1.000000
32243	32830	1	0.029412
32243	32319	1	0.029412
32243	31424	34	1.000000
32243	32160	1	0.029412
32243	31555	34	1.000000
32243	32452	1	0.029412
32243	32837	36	1.058824
32243	32198	45	1.323529
32243	31662	1	0.029412
32243	31820	34	1.000000
32243	31488	1	0.029412
32243	31819	34	1.000000
32243	32204	34	1.000000
32243	32845	34	1.000000
32243	31406	1	0.029412
32243	31825	1	0.029412
32243	32339	1	0.029412
32243	32084	1	0.029412
32243	32469	38	1.117647
32243	32726	1	0.029412
32243	31575	34	1.000000
32243	32676	34	1.000000
32243	32218	34	1.000000
32243	32475	34	1.000000
32243	31196	34	1.000000
32243	31710	34	1.000000
32243	32863	34	1.000000
32243	32993	1	0.029412
32243	31459	1	0.029412
32243	31462	34	1.000000
32243	31633	2	0.058824
32243	31208	1	0.029412
32243	32636	34	1.000000
32243	32746	1	0.029412
32243	31854	1	0.029412
32243	32637	1	0.029412
32243	32266	1	0.029412
32243	31486	1	0.029412
32243	31990	1	0.029412
32243	32247	34	1.000000
32243	31995	1	0.029412
32243	32764	34	1.000000
32243	31466	2	0.058824
32243	32254	34	1.000000
32246	32900	23	0.017885
32246	32261	7	0.005443
32246	31959	1	0.000778
32246	32396	1	0.000778
32246	32278	8	0.006221
32246	32026	51	0.039658
32246	31776	16	0.012442
32246	31781	1	0.000778
32246	33067	1	0.000778
32246	32300	1	0.000778
32246	31789	2	0.001555
32246	32431	1	0.000778
32246	31414	8	0.006221
32246	32696	335	0.260498
32246	31295	5	0.003888
32246	32965	7	0.005443
32246	33103	2	0.001555
32246	31190	1	0.000778
32246	32599	2	0.001555
32246	31204	2	0.001555
32246	32219	3	0.002333
32246	32736	8	0.006221
32246	31844	5	0.003888
32246	31979	4	0.003110
32246	31986	2	0.001555
32246	32372	1	0.000778
32246	31737	13	0.010109
32246	31483	66	0.051322
32247	32896	34	1.000000
32247	32960	1	0.029412
32247	32266	1	0.029412
32247	32302	1	0.029412
32247	32647	34	1.000000
32247	32520	1	0.029412
32247	32522	1	0.029412
32247	32779	34	1.000000
32247	32770	1	0.029412
32247	32145	34	1.000000
32247	31508	1	0.029412
32247	32149	43	1.264706
32247	31882	1	0.029412
32247	32601	34	1.000000
32247	32664	34	1.000000
32247	32922	1	0.029412
32247	32239	1	0.029412
32247	31813	34	1.000000
32247	31648	34	1.000000
32247	31778	1	0.029412
32247	31524	39	1.147059
32247	32424	34	1.000000
32247	31276	1	0.029412
32247	31406	2	0.058824
32247	31537	34	1.000000
32247	31538	1	0.029412
32247	32182	1	0.029412
32247	32695	1	0.029412
32247	32791	34	1.000000
32247	31545	1	0.029412
32247	32698	39	1.147059
32247	32927	34	1.000000
32247	31805	34	1.000000
32247	32830	1	0.029412
32247	32319	1	0.029412
32247	31424	34	1.000000
32247	32160	1	0.029412
32247	31555	34	1.000000
32247	32452	1	0.029412
32247	32837	36	1.058824
32247	32198	44	1.294118
32247	31662	1	0.029412
32247	31820	34	1.000000
32247	31488	1	0.029412
32247	31819	34	1.000000
32247	32204	34	1.000000
32247	32845	34	1.000000
32247	32848	1	0.029412
32247	31825	1	0.029412
32247	32339	1	0.029412
32247	32084	1	0.029412
32247	32469	38	1.117647
32247	32726	1	0.029412
32247	31575	34	1.000000
32247	32676	34	1.000000
32247	32218	34	1.000000
32247	32475	34	1.000000
32247	31196	34	1.000000
32247	31710	34	1.000000
32247	32863	34	1.000000
32247	32993	1	0.029412
32247	31459	1	0.029412
32247	31462	34	1.000000
32247	31633	2	0.058824
32247	31208	1	0.029412
32247	32636	34	1.000000
32247	32746	1	0.029412
32247	31854	1	0.029412
32247	32637	1	0.029412
32247	32243	34	1.000000
32247	31486	1	0.029412
32247	31990	1	0.029412
32247	31995	1	0.029412
32247	32764	34	1.000000
32247	31466	2	0.058824
32247	32254	34	1.000000
32248	32410	1	0.066667
32248	32219	1	0.066667
32248	32431	1	0.066667
32249	31844	2	0.036364
32249	32677	2	0.036364
32249	31623	1	0.018182
32249	32298	1	0.018182
32249	32171	1	0.018182
32249	32881	1	0.018182
32249	31868	1	0.018182
32251	31737	1	0.012048
32251	31331	5	0.060241
32251	32147	1	0.012048
32251	32599	2	0.024096
32252	32736	288	2.042553
32252	31682	1	0.007092
32252	32419	1	0.007092
32252	31844	2	0.014184
32252	31304	1	0.007092
32252	32846	1	0.007092
32252	32431	2	0.014184
32252	31342	1	0.007092
32252	31737	1	0.007092
32253	31776	1	0.004762
32253	32419	5	0.023810
32253	31844	5	0.023810
32253	32103	14	0.066667
32253	31179	1	0.004762
32253	32396	2	0.009524
32253	32431	200	0.952381
32253	31195	2	0.009524
32253	32022	200	0.952381
32253	31355	5	0.023810
32253	32796	2	0.009524
32253	32219	352	1.676190
32254	32896	34	1.000000
32254	31424	34	1.000000
32254	32770	1	0.029412
32254	32647	34	1.000000
32254	32520	1	0.029412
32254	31276	1	0.029412
32254	32522	1	0.029412
32254	32779	34	1.000000
32254	32145	34	1.000000
32254	31508	1	0.029412
32254	32149	43	1.264706
32254	31882	1	0.029412
32254	32791	34	1.000000
32254	32664	34	1.000000
32254	32922	1	0.029412
32254	32239	1	0.029412
32254	31813	34	1.000000
32254	31648	34	1.000000
32254	31778	1	0.029412
32254	31524	40	1.176471
32254	32424	34	1.000000
32254	32848	1	0.029412
32254	32927	34	1.000000
32254	32302	1	0.029412
32254	31537	34	1.000000
32254	31538	1	0.029412
32254	32182	1	0.029412
32254	32695	1	0.029412
32254	31545	1	0.029412
32254	32698	38	1.117647
32254	32676	34	1.000000
32254	31805	34	1.000000
32254	32830	1	0.029412
32254	32319	1	0.029412
32254	32960	2	0.058824
32254	32160	1	0.029412
32254	31555	34	1.000000
32254	32452	1	0.029412
32254	32837	36	1.058824
32254	32198	44	1.294118
32254	31662	1	0.029412
32254	31820	34	1.000000
32254	32266	1	0.029412
32254	31819	34	1.000000
32254	32204	34	1.000000
32254	32845	34	1.000000
32254	31406	1	0.029412
32254	31825	1	0.029412
32254	32339	1	0.029412
32254	32084	1	0.029412
32254	32469	38	1.117647
32254	32726	1	0.029412
32254	31575	34	1.000000
32254	32601	34	1.000000
32254	32218	34	1.000000
32254	32475	34	1.000000
32254	31196	34	1.000000
32254	31710	34	1.000000
32254	32863	34	1.000000
32254	32993	1	0.029412
32254	31459	1	0.029412
32254	31462	34	1.000000
32254	31633	2	0.058824
32254	31208	1	0.029412
32254	32636	34	1.000000
32254	32746	1	0.029412
32254	31854	1	0.029412
32254	32637	1	0.029412
32254	32243	34	1.000000
32254	31488	1	0.029412
32254	31990	1	0.029412
32254	32247	34	1.000000
32254	31995	1	0.029412
32254	32764	34	1.000000
32254	31466	2	0.058824
32254	31486	1	0.029412
32255	32133	3	0.130435
32255	31212	1	0.043478
32255	32172	1	0.043478
32255	32242	3	0.130435
32255	33047	3	0.130435
32255	33050	1	0.043478
32255	32796	1	0.043478
32256	32801	8	0.001611
32256	31234	8	0.001611
32256	32118	5	0.001007
32256	32998	5	0.001007
32256	31564	6	0.001208
32256	31210	7	0.001410
32256	32524	1	0.000201
32256	31730	6	0.001208
32256	31246	216	0.043505
32256	32815	2	0.000403
32256	32496	6	0.001208
32256	31666	7	0.001410
32256	32076	6	0.001208
32256	32528	13	0.002618
32256	31351	2	0.000403
32256	32856	8	0.001611
32256	33113	7	0.001410
32256	33050	72	0.014502
32256	31612	10	0.002014
32256	31518	6	0.001208
32258	32736	4	0.009547
32258	32354	1	0.002387
32258	31331	1	0.002387
32258	31780	1	0.002387
32258	32965	1	0.002387
32258	32519	388	0.926014
32258	31807	1	0.002387
32258	33034	5	0.011933
32258	32491	1	0.002387
32258	31180	1	0.002387
32258	33069	1	0.002387
32258	32431	2	0.004773
32258	31280	1	0.002387
32258	31491	1	0.002387
32258	32533	7	0.016706
32258	31479	1	0.002387
32258	31295	5	0.011933
32258	32922	2	0.004773
32258	32219	25	0.059666
32258	32447	1	0.002387
32258	31557	2	0.004773
32259	32336	1	0.011111
32259	31470	1	0.011111
32259	31807	1	0.011111
32261	32258	2	0.001190
32261	31748	5	0.002976
32261	31755	3	0.001786
32261	32784	3	0.001786
32261	31762	3	0.001786
32261	32278	2	0.001190
32261	32796	1	0.000595
32261	31780	3	0.001786
32261	31271	3	0.001786
32261	32302	2	0.001190
32261	31280	4	0.002381
32261	32822	2	0.001190
32261	31802	1	0.000595
32261	31803	1	0.000595
32261	31807	1	0.000595
32261	32323	2	0.001190
32261	32837	1	0.000595
32261	31822	3	0.001786
32261	31313	2	0.001190
32261	32868	2	0.001190
32261	31324	1	0.000595
32261	31331	1	0.000595
32261	31844	16	0.009524
32261	31505	1	0.000595
32261	32018	1	0.000595
32261	31342	1	0.000595
32261	32887	3	0.001786
32261	31866	3	0.001786
32261	32900	3	0.001786
32261	31881	3	0.001786
32261	32911	3	0.001786
32261	32402	1	0.000595
32261	31894	2	0.001190
32261	31897	4	0.002381
32261	31386	2	0.001190
32261	32411	3	0.001786
32261	32415	4	0.002381
32261	31395	2	0.001190
32261	32936	2	0.001190
32261	32431	12	0.007143
32261	32944	2	0.001190
32261	32030	1	0.000595
32261	32439	4	0.002381
32261	31932	2	0.001190
32261	32447	1678	0.998810
32261	32965	2	0.001190
32261	31431	2	0.001190
32261	31433	5	0.002976
32261	32469	2	0.001190
32261	31454	3	0.001786
32261	31967	2	0.001190
32261	31975	1	0.000595
32261	32489	1	0.000595
32261	33004	3	0.001786
32261	31490	2	0.001190
32261	32519	3	0.001786
32261	32014	2	0.001190
32261	32017	1	0.000595
32261	33042	3	0.001786
32261	32533	4	0.002381
32261	32026	2	0.001190
32261	32542	3	0.001786
32261	31522	2	0.001190
32261	31524	3	0.001786
32261	32037	3	0.001786
32261	32048	2	0.001190
32261	33075	3	0.001786
32261	31548	11	0.006548
32261	32310	1	0.000595
32261	32599	150	0.089286
32261	31578	3	0.001786
32261	33119	3	0.001786
32261	31587	3	0.001786
32261	32109	4	0.002381
32261	31601	1	0.000595
32261	32627	1	0.000595
32261	31721	1	0.000595
32261	32120	7	0.004167
32261	31295	94	0.055952
32261	32126	10	0.005952
32261	32661	1	0.000595
32261	32130	4	0.002381
32261	32644	2	0.001190
32261	32645	4	0.002381
32261	32651	3	0.001786
32261	31630	2	0.001190
32261	31332	1	0.000595
32261	32147	20	0.011905
32261	32149	3	0.001786
32261	32172	9	0.005357
32261	32686	3	0.001786
32261	32687	2	0.001190
32261	32180	3	0.001786
32261	32696	70	0.041667
32261	32698	3	0.001786
32261	32198	4	0.002381
32261	32721	3	0.001786
32261	32219	340	0.202381
32261	31200	3	0.001786
32261	31202	1	0.000595
32261	32229	1	0.000595
32261	32745	4	0.002381
32261	31216	2	0.001190
32261	31737	3	0.001786
32261	32252	3	0.001786
32262	31553	1	0.000845
32262	31378	2552	2.157227
32262	31295	1	0.000845
32263	31844	2	0.040000
32264	32447	1	0.004149
32264	32796	2	0.008299
32264	31295	1	0.004149
32266	32160	9	0.103448
32266	32419	1	0.011494
32266	31844	6	0.068966
32266	32965	2	0.022989
32266	32431	1	0.011494
32266	32149	5	0.057471
32266	32599	2	0.022989
32266	32696	2	0.022989
32266	32863	87	1.000000
32267	32910	1	0.037037
32268	32304	1	0.005988
32268	32242	335	2.005988
32268	31331	1	0.005988
32269	32944	1	0.001328
32269	31844	1	0.001328
32269	32965	11	0.014608
32269	31597	1	0.001328
32269	31822	5	0.006640
32269	32528	10	0.013280
32269	32696	3	0.003984
32269	32278	11	0.014608
32269	31704	1	0.001328
32269	31940	1	0.001328
32269	31835	1	0.001328
32270	32396	1	0.000344
32270	33050	19	0.006529
32270	32923	1	0.000344
32270	32796	1	0.000344
32270	32965	1	0.000344
32270	31776	1	0.000344
32270	32219	10	0.003436
32270	33067	8	0.002749
32270	32172	1	0.000344
32270	32431	1	0.000344
32270	33072	3	0.001031
32270	33074	6	0.002062
32270	32585	4	0.001375
32270	32696	1	0.000344
32270	31807	3	0.001031
32270	31557	1	0.000344
32270	32780	30	0.010309
32270	31179	26	0.008935
32270	32419	2	0.000687
32270	32599	3	0.001031
32270	31833	1	0.000344
32270	31195	7	0.002405
32270	31712	4	0.001375
32270	31844	2	0.000687
32270	32229	12	0.004124
32270	31295	7	0.002405
32270	32253	1	0.000344
32272	32258	4	0.002920
32272	32900	21	0.015328
32272	32261	1	0.000730
32272	32519	1	0.000730
32272	32651	2	0.001460
32272	32278	1	0.000730
32272	32796	2	0.001460
32272	31776	22	0.016058
32272	31529	1	0.000730
32272	32172	19	0.013869
32272	32949	1	0.000730
32272	32696	12	0.008759
32272	32190	3	0.002190
32272	32447	3	0.002190
32272	32965	63	0.045985
32272	32599	6	0.004380
32272	32219	1	0.000730
32272	31452	21	0.015328
32272	31454	151	0.110219
32272	32736	2	0.001460
32272	32246	1	0.000730
32272	31737	4	0.002920
32272	31295	8	0.005839
32277	31776	2	0.002782
32277	31844	4	0.005563
32277	32261	2	0.002782
32277	32627	22	0.030598
32277	32026	2	0.002782
32277	31295	2	0.002782
32278	32258	2	0.001277
32278	31748	5	0.003193
32278	32261	4	0.002554
32278	32519	1	0.000639
32278	31959	1	0.000639
32278	33039	7	0.004470
32278	31704	2	0.001277
32278	32147	10	0.006386
32278	32900	4	0.002554
32278	32219	5	0.003193
32278	31784	1	0.000639
32278	32391	2	0.001277
32278	32172	6	0.003831
32278	31789	1	0.000639
32278	32561	3	0.001916
32278	32627	6	0.003831
32278	32436	2	0.001277
32278	32949	5	0.003193
32278	32696	5	0.003193
32278	31802	2	0.001277
32278	31675	1	0.000639
32278	32828	2	0.001277
32278	31295	13	0.008301
32278	32965	1	0.000639
32278	31688	3	0.001916
32278	32246	1	0.000639
32278	32714	3	0.001916
32278	32399	1	0.000639
32278	31822	3	0.001916
32278	32207	1	0.000639
32278	31696	4	0.002554
32278	31314	2	0.001277
32278	31443	3	0.001916
32278	31310	2	0.001277
32278	32599	39	0.024904
32278	32856	3	0.001916
32278	31961	2	0.001277
32278	31578	3	0.001916
32278	31631	2	0.001277
32278	32092	2	0.001277
32278	32606	2	0.001277
32278	31840	1	0.000639
32278	31844	29	0.018519
32278	31597	2	0.001277
32278	31599	2	0.001277
32278	32880	2	0.001277
32278	31986	1	0.000639
32278	31859	2	0.001277
32278	31348	6	0.003831
32278	32629	2	0.001277
32278	32502	4	0.002554
32278	31741	2	0.001277
32280	31781	1	0.002193
32280	31807	1	0.002193
32280	32270	1	0.002193
32280	32944	1	0.002193
32280	33074	4	0.008772
32280	32846	1	0.002193
32280	32599	1	0.002193
32280	32696	2	0.004386
32280	32923	1	0.002193
32280	32734	2	0.004386
32280	31295	1	0.002193
32284	32530	384	0.430493
32284	32219	1	0.001121
32284	33077	1	0.001121
32284	32270	1	0.001121
32284	32743	1	0.001121
32285	31822	114	2.000000
32287	32386	462	2.000000
32287	31508	231	1.000000
32289	31822	114	2.000000
32290	31822	114	2.000000
32292	31822	114	2.000000
32293	31822	114	2.000000
32294	31822	114	2.000000
32296	32696	2	0.026667
32296	31216	1	0.013333
32296	31295	2	0.026667
32297	31778	14	0.032407
32297	31813	9	0.020833
32297	32198	18	0.041667
32297	31682	3	0.006944
32297	32696	3	0.006944
32297	31737	6	0.013889
32297	31711	3	0.006944
32300	32640	1	0.000928
32300	32900	1	0.000928
32300	31371	1	0.000928
32300	31374	1	0.000928
32300	31259	1	0.000928
32300	31260	1	0.000928
32300	32415	1	0.000928
32300	31781	3	0.002783
32300	32172	105	0.097403
32300	31789	1	0.000928
32300	32431	1	0.000928
32300	32304	2	0.001855
32300	33074	3	0.002783
32300	31414	2	0.001855
32300	31799	2	0.001855
32300	31295	3	0.002783
32300	31822	1	0.000928
32300	32079	3	0.002783
32300	32336	1	0.000928
32300	33103	1	0.000928
32300	32270	3	0.002783
32300	31959	5	0.004638
32300	31204	4	0.003711
32300	32219	1	0.000928
32300	31453	1	0.000928
32300	32354	4	0.003711
32300	31844	2	0.001855
32300	31986	1	0.000928
32300	31860	2	0.001855
32300	31182	1	0.000928
32300	31737	2	0.001855
32300	31483	1	0.000928
32302	31493	1	0.014925
32302	33043	2	0.029851
32302	31776	3	0.044776
32302	31780	1	0.014925
32302	33075	1	0.014925
32302	32696	1	0.014925
32302	31295	15	0.223881
32302	32068	1	0.014925
32302	31433	1	0.014925
32302	33098	1	0.014925
32302	33102	1	0.014925
32302	32080	1	0.014925
32302	32721	2	0.029851
32302	32469	1	0.014925
32302	32599	4	0.059701
32302	32219	2	0.029851
32302	32736	2	0.029851
32302	31844	1	0.014925
32302	31978	1	0.014925
32302	32505	1	0.014925
32302	31737	2	0.029851
32302	31829	1	0.014925
32303	32512	2	0.007067
32303	31248	2	0.007067
32303	31844	16	0.056537
32303	31711	1	0.003534
32303	32519	2	0.007067
32303	32617	4	0.014134
32303	32683	2	0.007067
32303	32396	2	0.007067
32303	31917	3	0.010601
32303	32366	12	0.042403
32303	32944	6	0.021201
32303	32561	14	0.049470
32303	31986	4	0.014134
32303	31182	4	0.014134
32303	32278	10	0.035336
32303	32599	4	0.014134
32303	32696	25	0.088339
32303	32900	2	0.007067
32303	31448	4	0.014134
32303	31295	11	0.038869
32305	31822	114	2.000000
32307	31252	1	0.034483
32307	32491	1	0.034483
32307	32796	1	0.034483
32309	31822	114	2.000000
32310	32640	5	0.034722
32310	32258	2	0.013889
32310	32261	9	0.062500
32310	32519	1	0.006944
32310	32147	17	0.118056
32310	32149	1	0.006944
32310	32278	10	0.069444
32310	32219	19	0.131944
32310	31780	1	0.006944
32310	32431	5772	40.083333
32310	32696	32	0.222222
32310	31295	4	0.027778
32310	32965	2	0.013889
32310	32715	1	0.006944
32310	31822	1	0.006944
32310	31824	1	0.006944
32310	31443	4	0.027778
32310	32599	2	0.013889
32310	31195	1	0.006944
32310	31844	1	0.006944
32310	32229	1	0.006944
32310	32103	284	1.972222
32313	32640	1	0.003413
32313	32011	504	1.720137
32313	32460	6	0.020478
32313	32910	11	0.037543
32313	32696	1	0.003413
32313	31295	7	0.023891
32318	31472	6	1.000000
32318	31816	6	1.000000
32318	31868	12	2.000000
32318	31765	13	2.166667
32319	32258	6	0.005137
32319	32261	2	0.001712
32319	32651	55	0.047089
32319	31761	1	0.000856
32319	32278	2	0.001712
32319	33050	25	0.021404
32319	32673	1	0.000856
32319	31267	1	0.000856
32319	33066	1	0.000856
32319	32172	24	0.020548
32319	32431	1	0.000856
32319	32944	2	0.001712
32319	32696	6	0.005137
32319	32698	1076	0.921233
32319	31295	3	0.002568
32319	31682	5	0.004281
32319	32965	20	0.017123
32319	32198	2	0.001712
32319	31179	2	0.001712
32319	32599	3	0.002568
32319	31833	1	0.000856
32319	31711	1	0.000856
32319	32736	4	0.003425
32319	31844	6	0.005137
32319	31737	2	0.001712
32319	32447	7	0.005993
32323	32736	28	0.280000
32323	31776	1	0.010000
32323	33026	1	0.010000
32323	32739	1	0.010000
32323	31844	1	0.010000
32323	32965	3	0.030000
32323	31634	2	0.020000
32323	33102	2	0.020000
32323	32431	2	0.020000
32323	33074	1	0.010000
32323	31811	1	0.010000
32323	31540	1	0.010000
32323	32150	1	0.010000
32323	32219	22	0.220000
32323	31295	1	0.010000
32325	31912	3	0.007500
32325	31979	1252	3.130000
32325	32910	4	0.010000
32325	32655	4	0.010000
32325	33074	1	0.002500
32325	31347	13	0.032500
32325	31860	1	0.002500
32325	31295	13	0.032500
32327	31693	1	0.041667
32327	32591	1	0.041667
32330	32793	21	0.026250
32330	32447	19	0.023750
32331	32524	13	3.250000
32332	31824	2	0.028986
32332	32025	2	0.028986
32332	32171	2	0.028986
32333	31799	2	0.030769
32335	32027	1	0.023256
32336	31776	2	0.006024
32336	31682	1	0.003012
32336	31267	1	0.003012
32336	32965	1	0.003012
32336	31179	2	0.006024
32336	32111	1	0.003012
32336	31761	2	0.006024
32336	33074	1	0.003012
32336	32824	1	0.003012
32336	31897	2	0.006024
32336	31195	1	0.003012
32336	32415	1	0.003012
32336	32029	1	0.003012
32336	31295	4	0.012048
32339	32640	2	0.003155
32339	32993	1	0.001577
32339	31355	1	0.001577
32339	32965	6	0.009464
32339	32910	4	0.006309
32339	31954	1	0.001577
32339	32270	2	0.003155
32339	32431	9	0.014196
32339	31985	6	0.009464
32339	31634	2	0.003155
32339	32611	1	0.001577
32339	32149	3	0.004732
32339	31286	1	0.001577
32339	31545	1	0.001577
32339	32219	11	0.017350
32339	32796	2	0.003155
32339	32253	1	0.001577
32340	32127	2	0.666667
32340	31623	370	123.333333
32341	32696	1	0.004348
32341	31737	1	0.004348
32341	31844	8	0.034783
32341	31623	357	1.552174
32343	31822	114	2.000000
32344	32258	1	0.011364
32344	31295	1	0.011364
32344	31844	1	0.011364
32344	32046	1	0.011364
32344	32599	1	0.011364
32345	33028	1	0.029412
32345	32965	1	0.029412
32345	32714	1	0.029412
32345	31822	29	0.852941
32345	31833	2	0.058824
32345	32415	1	0.029412
32346	31822	114	2.000000
32348	32096	2	1.000000
32348	32002	2	1.000000
32348	32099	2	1.000000
32348	32679	2	1.000000
32348	32968	2	1.000000
32348	31497	2	1.000000
32348	32807	2	1.000000
32348	32332	2	1.000000
32348	32013	2	1.000000
32348	31339	2	1.000000
32348	32431	2	1.000000
32348	32208	2	1.000000
32348	32114	2	1.000000
32348	32158	2	1.000000
32348	32171	4	2.000000
32348	32926	2	1.000000
32349	31822	114	2.000000
32350	31623	400	133.333333
32352	32611	496	2.016260
32352	32965	3	0.012195
32352	31975	1241	5.044715
32352	32599	2	0.008130
32352	31865	495	2.012195
32352	32447	1	0.004065
32354	32923	2	0.000644
32354	32843	3	0.000966
32354	31179	154	0.049613
32354	32270	4	0.001289
32354	31761	1	0.000322
32354	33074	36	0.011598
32354	31833	2	0.000644
32354	32219	2	0.000644
32354	32796	2	0.000644
32354	32253	3	0.000966
32354	31195	15	0.004832
32354	31295	3	0.000966
32355	32910	2	0.285714
32355	32071	1	0.142857
32356	32225	2	0.004310
32356	32270	1	0.002155
32357	31822	2	0.006270
32357	32599	2	0.006270
32358	32936	2	0.036364
32358	32258	1	0.018182
32362	31912	3	0.007481
32362	31979	1253	3.124688
32362	32910	4	0.009975
32362	32655	4	0.009975
32362	33074	1	0.002494
32362	31347	13	0.032419
32362	31860	1	0.002494
32362	31295	13	0.032419
32363	32690	1630	16.464646
32363	32471	2	0.020202
32364	32696	8	0.050633
32366	31986	4	0.003687
32366	31355	1	0.000922
32366	32253	1	0.000922
32366	32245	1	0.000922
32366	32303	2	0.001843
32368	31351	1	0.005155
32368	32846	1	0.005155
32368	32278	1	0.005155
32368	31822	5	0.025773
32368	32965	1	0.005155
32371	31295	3	0.000355
32372	31776	1	0.000451
32372	31844	28	0.012624
32372	32419	4	0.001803
32372	32900	30	0.013526
32372	32965	12	0.005410
32372	32172	2	0.000902
32372	31979	4	0.001803
32372	31692	12	0.005410
32372	31469	4	0.001803
32372	32147	4	0.001803
32372	33108	1	0.000451
32372	32278	2	0.000902
32372	32599	22	0.009919
32372	32696	7	0.003156
32372	31295	5	0.002254
32372	32026	13	0.005861
32372	31483	8	0.003607
32372	32447	12	0.005410
32372	31737	16	0.007214
32372	32261	12	0.005410
32374	31505	5	1.000000
32374	31868	13	2.600000
32374	31765	11	2.200000
32375	32696	1	0.047619
32375	31802	1	0.047619
32375	32278	1	0.047619
32377	32736	1	0.029412
32377	31490	1	0.029412
32377	31755	1	0.029412
32377	32017	1	0.029412
32377	31975	1	0.029412
32377	31761	1	0.029412
32377	31286	1	0.029412
32377	31866	1	0.029412
32377	32954	1	0.029412
32378	31912	3	0.007576
32378	31979	1248	3.151515
32378	32910	4	0.010101
32378	32655	4	0.010101
32378	33074	1	0.002525
32378	31347	13	0.032828
32378	31860	1	0.002525
32378	31295	13	0.032828
32379	31226	1	0.018868
32383	31833	2	0.036364
32383	32591	2	0.036364
32383	31844	1	0.018182
32383	32198	8	0.145455
32383	31737	1	0.018182
32384	31313	532	1.000000
32384	33074	11	0.020677
32385	32048	2	0.025316
32385	32736	1	0.012658
32385	32419	1	0.012658
32385	31844	2	0.025316
32386	32960	3	0.200000
32386	32355	3	0.200000
32386	32681	6	0.400000
32386	31508	3	0.200000
32386	31479	3	0.200000
32386	32796	3	0.200000
32386	31486	3	0.200000
32386	32447	3	0.200000
32387	31844	2	0.003067
32387	31748	235	0.360429
32387	32965	14	0.021472
32388	31360	1	0.001279
32388	33028	1	0.001279
32388	32261	1	0.001279
32388	32172	18	0.023018
32388	32471	1	0.001279
32388	31374	3	0.003836
32388	31631	1	0.001279
32388	32278	50	0.063939
32388	32280	4	0.005115
32388	32029	2	0.002558
32388	31649	5	0.006394
32388	31781	16	0.020460
32388	33067	8	0.010230
32388	32300	5	0.006394
32388	31918	6	0.007673
32388	32690	3	0.003836
32388	31799	3	0.003836
32388	32696	1	0.001279
32388	31802	1	0.001279
32388	31295	1	0.001279
32388	31682	1	0.001279
32388	32965	2	0.002558
32388	31430	36	0.046036
32388	31310	1	0.001279
32388	31696	1	0.001279
32388	32599	4	0.005115
32388	31193	2	0.002558
32388	32736	1	0.001279
32388	31844	16	0.020460
32388	33000	1	0.001279
32388	31859	1	0.001279
32391	31776	3	0.009901
32391	31649	1	0.003300
32391	31362	3	0.009901
32391	31844	1	0.003300
32391	32677	2	0.006601
32391	32103	9	0.029703
32391	32040	5	0.016502
32391	31658	1	0.003300
32391	32651	7	0.023102
32391	32172	2	0.006601
32391	32258	1	0.003300
32391	31822	1	0.003300
32391	31645	4	0.013201
32391	32944	1	0.003300
32391	31634	1	0.003300
32391	31443	2	0.006601
32391	32142	1	0.003300
32391	31833	1	0.003300
32391	32509	4	0.013201
32391	32447	303	1.000000
32393	32690	1729	17.464646
32393	32471	2	0.020202
32394	31179	2	0.032787
32394	32796	61	1.000000
32394	32965	2	0.032787
32394	31454	1	0.016393
32394	31295	2	0.032787
32396	31748	1	0.001404
32396	32790	1	0.001404
32396	32780	1	0.001404
32396	32405	1	0.001404
32396	31894	1	0.001404
32396	32415	1	0.001404
32396	32160	1	0.001404
32396	31651	1	0.001404
32396	32936	1	0.001404
32396	32431	1	0.001404
32396	32048	1	0.001404
32396	32178	1	0.001404
32396	33075	1	0.001404
32396	31284	1	0.001404
32396	32698	1	0.001404
32396	32277	1	0.001404
32396	31167	1	0.001404
32396	32101	1	0.001404
32396	31952	1	0.001404
32396	33113	1	0.001404
32396	31578	1	0.001404
32396	31205	1	0.001404
32396	32352	1	0.001404
32396	31587	1	0.001404
32396	32229	1	0.001404
32396	32358	1	0.001404
32396	32744	1	0.001404
32396	31210	1	0.001404
32396	33004	1	0.001404
32396	31469	1	0.001404
32396	32366	1	0.001404
32396	32368	1	0.001404
32396	31995	1	0.001404
32396	32766	1	0.001404
32396	32149	1	0.001404
32399	32640	1	0.000930
32399	32258	5	0.004651
32399	32261	6	0.005581
32399	32577	1	0.000930
32399	31788	1	0.000930
32399	31579	1	0.000930
32399	32651	4	0.003721
32399	32142	8	0.007442
32399	31950	1	0.000930
32399	31634	7	0.006512
32399	32942	1	0.000930
32399	32278	7	0.006512
32399	32921	2	0.001860
32399	32793	7	0.006512
32399	32026	4	0.003721
32399	31264	4	0.003721
32399	31779	2	0.001860
32399	32172	5	0.004651
32399	32471	1	0.000930
32399	32431	8	0.007442
32399	31541	1	0.000930
32399	32696	16	0.014884
32399	31165	1	0.000930
32399	31295	113	0.105116
32399	31776	9	0.008372
32399	31682	1	0.000930
32399	32965	13	0.012093
32399	32460	1	0.000930
32399	31692	1	0.000930
32399	31310	6	0.005581
32399	31952	3	0.002791
32399	31314	4	0.003721
32399	32725	1	0.000930
32399	32599	28	0.026047
32399	33112	2	0.001860
32399	31961	6	0.005581
32399	31578	3611	3.359070
32399	32219	9	0.008372
32399	31711	4	0.003721
32399	32736	85	0.079070
32399	31844	26	0.024186
32399	31975	2	0.001860
32399	32493	4	0.003721
32399	31343	4	0.003721
32399	32885	3	0.002791
32399	31222	1	0.000930
32399	31737	9	0.008372
32399	32766	5	0.004651
32401	31397	1	0.010101
32402	32736	9	0.125000
32402	31776	1	0.013889
32402	32219	1	0.013889
32402	31844	3	0.041667
32402	32965	2	0.027778
32402	31814	2	0.027778
32402	32419	1	0.013889
32402	31769	2	0.027778
32402	32603	3	0.041667
32402	31295	1	0.013889
32404	32096	10	1.000000
32404	32002	10	1.000000
32404	32099	10	1.000000
32404	32679	10	1.000000
32404	32968	10	1.000000
32404	31497	10	1.000000
32404	32807	10	1.000000
32404	32332	10	1.000000
32404	32013	10	1.000000
32404	31339	10	1.000000
32404	32431	10	1.000000
32404	32208	10	1.000000
32404	32114	10	1.000000
32404	32158	10	1.000000
32404	31610	1	0.100000
32404	32171	30	3.000000
32404	32926	10	1.000000
32406	31373	1	0.041667
32407	32219	2	0.083333
32408	31842	616	1.324731
32409	31776	1	0.000836
32409	32258	6	0.005017
32409	32037	14	0.011706
32409	31274	187	0.156355
32409	32651	1	0.000836
32409	32431	1	0.000836
32409	31832	1	0.000836
32409	33106	2	0.001672
32409	31667	3	0.002508
32409	32599	12	0.010033
32409	32696	2	0.001672
32409	32677	1	0.000836
32409	32219	1	0.000836
32409	31658	2	0.001672
32409	31295	5	0.004181
32410	32258	5	0.015625
32410	31844	4	0.012500
32410	32965	45	0.140625
32410	32651	3	0.009375
32410	32396	12	0.037500
32410	31373	4	0.012500
32410	32431	17	0.053125
32410	31605	3	0.009375
32410	32219	26	0.081250
32410	32030	2	0.006250
32410	31295	9	0.028125
32411	32736	10	0.009728
32411	32965	2	0.001946
32411	32419	2	0.001946
32411	31844	32	0.031128
32411	32261	2	0.001946
32411	32519	3	0.002918
32411	32936	1	0.000973
32411	32772	3	0.002918
32411	32651	2	0.001946
32411	31601	15	0.014591
32411	32147	5	0.004864
32411	31220	3	0.002918
32411	32469	1	0.000973
32411	32599	19	0.018482
32411	32696	12	0.011673
32411	31748	1	0.000973
32411	31761	4	0.003891
32411	32219	11	0.010700
32411	31978	34	0.033074
32411	32126	1	0.000973
32411	31295	29	0.028210
32412	31822	1	0.008333
32413	32447	16	1.000000
32414	33050	1	0.004545
32414	31653	5	0.022727
32415	31776	2	0.001196
32415	32336	4	0.002392
32415	32419	1	0.000598
32415	31387	1	0.000598
32415	32651	2	0.001196
32415	31355	2	0.001196
32415	32431	5	0.002990
32415	32944	2	0.001196
32415	33106	3478	2.080144
32415	31737	4	0.002392
32415	32696	1	0.000598
32415	31897	1519	0.908493
32415	32599	3	0.001794
32415	32219	5	0.002990
32415	31295	5	0.002990
32416	31844	6	0.011152
32416	32278	4	0.007435
32416	32261	3	0.005576
32416	31310	1	0.001859
32416	32944	1	0.001859
32416	32627	9	0.016729
32416	32532	1	0.001859
32416	31222	1	0.001859
32416	32599	6	0.011152
32416	32696	7	0.013011
32416	31737	1	0.001859
32416	32219	1	0.001859
32416	31295	4	0.007435
32418	32027	1	0.012346
32418	32542	1	0.012346
32418	32335	1	0.012346
32419	32219	1	1.000000
32419	31844	3	3.000000
32421	31844	1	0.004878
32421	32965	1	0.004878
32421	31377	2	0.009756
32421	32278	1	0.004878
32421	32280	1	0.004878
32421	32261	1	0.004878
32422	32696	1	0.003226
32422	32399	2	0.006452
32423	31175	2	0.011173
32423	32201	2	0.011173
32423	31247	1	0.005587
32423	31985	2	0.011173
32423	31833	1	0.005587
32423	31355	1	0.005587
32423	32796	2	0.011173
32423	32253	1	0.005587
32423	31295	9	0.050279
32424	32896	34	1.000000
32424	32960	1	0.029412
32424	32266	1	0.029412
32424	32647	34	1.000000
32424	32520	1	0.029412
32424	31276	1	0.029412
32424	32522	1	0.029412
32424	32779	34	1.000000
32424	32770	1	0.029412
32424	32145	34	1.000000
32424	31508	1	0.029412
32424	32149	44	1.294118
32424	31882	1	0.029412
32424	32791	34	1.000000
32424	32664	34	1.000000
32424	32922	1	0.029412
32424	32239	1	0.029412
32424	31813	34	1.000000
32424	31648	34	1.000000
32424	31778	1	0.029412
32424	31524	39	1.147059
32424	32848	1	0.029412
32424	32927	34	1.000000
32424	32302	1	0.029412
32424	31537	34	1.000000
32424	31538	1	0.029412
32424	32182	1	0.029412
32424	32695	1	0.029412
32424	31545	1	0.029412
32424	32698	38	1.117647
32424	32676	34	1.000000
32424	31805	34	1.000000
32424	32830	1	0.029412
32424	32319	1	0.029412
32424	31424	34	1.000000
32424	32160	1	0.029412
32424	31555	34	1.000000
32424	32452	1	0.029412
32424	32837	36	1.058824
32424	32198	44	1.294118
32424	31662	1	0.029412
32424	31820	34	1.000000
32424	31488	1	0.029412
32424	31819	34	1.000000
32424	32204	34	1.000000
32424	32845	34	1.000000
32424	31406	1	0.029412
32424	31825	1	0.029412
32424	32339	2	0.058824
32424	32084	1	0.029412
32424	32469	38	1.117647
32424	32726	1	0.029412
32424	31575	34	1.000000
32424	32601	34	1.000000
32424	32218	34	1.000000
32424	32475	34	1.000000
32424	31196	34	1.000000
32424	31710	34	1.000000
32424	32863	34	1.000000
32424	32993	2	0.058824
32424	31459	1	0.029412
32424	31462	34	1.000000
32424	31633	2	0.058824
32424	31208	1	0.029412
32424	32636	34	1.000000
32424	32746	1	0.029412
32424	31854	1	0.029412
32424	32637	1	0.029412
32424	32243	34	1.000000
32424	31486	1	0.029412
32424	31990	1	0.029412
32424	32247	34	1.000000
32424	31995	1	0.029412
32424	32764	34	1.000000
32424	31466	2	0.058824
32424	32254	34	1.000000
32426	31252	1	0.166667
32428	31623	357	119.000000
32430	32481	7	0.003827
32430	31985	1	0.000547
32430	31634	1	0.000547
32430	32627	3	0.001640
32430	31286	1	0.000547
32430	33050	1	0.000547
32430	32219	11	0.006014
32430	32029	1	0.000547
32430	32734	1	0.000547
32430	31295	4	0.002187
32431	32258	71	0.011515
32431	32261	22	0.003568
32431	32774	3	0.000487
32431	31763	8	0.001297
32431	32278	38	0.006163
32431	32795	1	0.000162
32431	32796	7	0.001135
32431	31776	32	0.005190
32431	31267	2	0.000324
32431	32310	6169	1.000487
32431	31799	5	0.000811
32431	32410	3	0.000487
32431	31807	1	0.000162
32431	31330	1	0.000162
32431	31822	2	0.000324
32431	32345	6	0.000973
32431	32354	1	0.000162
32431	31844	47	0.007622
32431	32873	2	0.000324
32431	32888	2	0.000324
32431	31355	26	0.004217
32431	32022	1	0.000162
32431	31367	18	0.002919
32431	32396	24	0.003892
32431	31896	1	0.000162
32431	31386	2	0.000324
32431	32413	2	0.000324
32431	32415	1	0.000162
32431	31905	2	0.000324
32431	32419	1	0.000162
32431	32936	2	0.000324
32431	32447	25	0.004054
32431	31179	47	0.007622
32431	32965	49	0.007947
32431	32972	1	0.000162
32431	31950	1	0.000162
32431	32478	1	0.000162
32431	31978	2	0.000324
32431	33006	3	0.000487
32431	31614	2	0.000324
32431	31478	1	0.000162
32431	32512	1	0.000162
32431	31489	13	0.002108
32431	32519	2	0.000324
32431	32533	18	0.002919
32431	33046	1	0.000162
32431	32030	1	0.000162
32431	31195	5	0.000811
32431	32039	1	0.000162
32431	32040	3	0.000487
32431	31529	5	0.000811
32431	32391	5	0.000811
32431	33074	6	0.000973
32431	31557	3	0.000487
32431	32599	28	0.004541
32431	32103	12396	2.010380
32431	32624	11	0.001784
32431	31295	103	0.016705
32431	32126	7	0.001135
32431	32640	4	0.000649
32431	32651	25	0.004054
32431	31634	7	0.001135
32431	32147	2	0.000324
32431	31645	2	0.000324
32431	32163	4	0.000649
32431	32677	1	0.000162
32431	31659	2	0.000324
32431	32172	52	0.008433
32431	32696	55	0.008920
32431	32699	4	0.000649
32431	31687	5	0.000811
32431	31688	1	0.000162
32431	31689	1	0.000162
32431	32715	9	0.001460
32431	32722	1	0.000162
32431	31310	1	0.000162
32431	31190	9	0.001460
32431	32216	2	0.000324
32431	32219	6	0.000973
32431	31711	4	0.000649
32431	32736	27	0.004379
32431	31206	5	0.000811
32431	32765	2	0.000324
32431	32248	1	0.000162
32431	31737	24	0.003892
32431	32253	4	0.000649
32432	32096	1	0.014085
32432	31457	1	0.014085
32432	32171	1	0.014085
32432	32109	1	0.014085
32432	32231	1	0.014085
32433	31373	1	0.021739
32433	32910	315	6.847826
32434	31722	1	0.014085
32435	32722	1	0.013514
32435	32923	1	0.013514
32435	32447	1	0.013514
32436	31844	3	0.009091
32436	33000	3	0.009091
32436	32651	3	0.009091
32436	31310	3	0.009091
32436	32944	6	0.018182
32436	32690	3	0.009091
32436	32278	3	0.009091
32436	32599	6	0.018182
32436	32026	3	0.009091
32436	32092	6	0.018182
32438	31822	114	2.000000
32439	32736	3	0.004651
32439	31682	6	0.009302
32439	32419	6	0.009302
32439	31844	12	0.018605
32439	32965	6	0.009302
32439	32261	15	0.023256
32439	32685	3	0.004651
32439	32431	3	0.004651
32439	32721	3	0.004651
32439	32147	9	0.013953
32439	32599	3	0.004651
32439	32696	3	0.004651
32439	32219	3	0.004651
32439	32541	6	0.009302
32439	31295	36	0.055814
32440	32258	1	0.003289
32440	31295	1	0.003289
32440	32644	1	0.003289
32440	31623	2	0.006579
32441	31822	114	2.000000
32446	31822	114	2.000000
32447	32640	4	0.050633
32447	32512	2	0.025316
32447	31362	2	0.025316
32447	32261	2	0.025316
32447	32774	4	0.050633
32447	32519	4	0.050633
32447	33034	2	0.025316
32447	31371	6	0.075949
32447	32396	4	0.050633
32447	32258	4	0.050633
32447	32142	2	0.025316
32447	31761	2	0.025316
32447	31634	2	0.025316
32447	32147	4	0.050633
32447	32533	4	0.050633
32447	32022	2	0.025316
32447	31896	2	0.025316
32447	32026	2	0.025316
32447	31260	4	0.050633
32447	32410	2	0.025316
32447	32030	2	0.025316
32447	31776	22	0.278481
32447	32673	79	1.000000
32447	33046	2	0.025316
32447	31267	81	1.025316
32447	32677	4	0.050633
32447	32715	2	0.025316
32447	32039	4	0.050633
32447	32796	2	0.025316
32447	33066	7	0.088608
32447	32646	2	0.025316
32447	32431	93	1.177215
32447	32944	2	0.025316
32447	33074	4	0.050633
32447	32394	2	0.025316
32447	32310	2	0.025316
32447	32696	3	0.037975
32447	32699	2	0.025316
32447	31549	4	0.050633
32447	31166	2	0.025316
32447	31295	2	0.025316
32447	31682	4	0.050633
32447	32651	8	0.101266
32447	32196	2	0.025316
32447	32965	83	1.050633
32447	31430	2	0.025316
32447	31905	4	0.050633
32447	31689	2	0.025316
32447	31179	168	2.126582
32447	33102	5	0.063291
32447	31440	2	0.025316
32447	32278	2	0.025316
32447	32419	2	0.025316
32447	33108	2	0.025316
32447	31950	2	0.025316
32447	31574	4	0.050633
32447	32599	81	1.025316
32447	32216	4	0.050633
32447	32345	2	0.025316
32447	32219	38	0.481013
32447	32478	4	0.050633
32447	32736	19	0.240506
32447	32163	2	0.025316
32447	31844	81	1.025316
32447	31718	2	0.025316
32447	32103	4	0.050633
32447	31727	2	0.025316
32447	31614	2	0.025316
32447	32888	4	0.050633
32447	31737	20	0.253165
32447	31355	2	0.025316
32447	32253	2	0.025316
32447	31195	4	0.050633
32449	31373	1	0.031250
32449	32447	1	0.031250
32451	32736	2	0.007194
32451	32447	1	0.003597
32451	32965	1	0.003597
32451	32198	7	0.025180
32451	32391	7	0.025180
32453	32736	4	0.017391
32453	32258	12953	56.317391
32453	31331	1	0.004348
32453	31780	1	0.004348
32453	31557	1	0.004348
32453	32519	224	0.973913
32453	33034	3	0.013043
32453	32491	1	0.004348
32453	33069	1	0.004348
32453	32431	1	0.004348
32453	31280	1	0.004348
32453	31491	1	0.004348
32453	32533	5	0.021739
32453	31479	1	0.004348
32453	31295	4	0.017391
32453	32922	2	0.008696
32453	32219	11	0.047826
32453	31807	1	0.004348
32456	32696	4	0.160000
32458	31295	2	0.000834
32459	32258	5	0.002327
32459	31748	2	0.000931
32459	31755	2	0.000931
32459	32280	2	0.000931
32459	31776	82	0.038157
32459	31780	1	0.000465
32459	31271	2	0.000931
32459	31280	1	0.000465
32459	31802	2	0.000931
32459	32831	1	0.000465
32459	32323	1	0.000465
32459	31822	76	0.035365
32459	31313	1	0.000465
32459	31314	1	0.000465
32459	31324	1	0.000465
32459	31331	2	0.000931
32459	32868	1	0.000465
32459	31342	1	0.000465
32459	31866	1	0.000465
32459	32900	3	0.001396
32459	31367	2	0.000931
32459	31373	4	0.001861
32459	32911	1	0.000465
32459	31897	3	0.001396
32459	32411	4	0.001861
32459	32415	3	0.001396
32459	32419	2	0.000931
32459	32936	5	0.002327
32459	31918	1	0.000465
32459	32431	28	0.013029
32459	32949	2	0.000931
32459	32447	6	0.002792
32459	32965	8	0.003723
32459	31443	24	0.011168
32459	31454	1	0.000465
32459	31967	1	0.000465
32459	31975	2	0.000931
32459	33000	1	0.000465
32459	33004	1	0.000465
32459	32017	1	0.000465
32459	33042	1	0.000465
32459	32030	9	0.004188
32459	31522	1	0.000465
32459	31524	1	0.000465
32459	32037	2	0.000931
32459	31533	1	0.000465
32459	32561	1	0.000465
32459	33075	1	0.000465
32459	31549	8	0.003723
32459	33102	17	0.007911
32459	32080	1	0.000465
32459	31574	1	0.000465
32459	31578	4	0.001861
32459	32399	9	0.004188
32459	32092	2	0.000931
32459	33119	1	0.000465
32459	32624	1	0.000465
32459	32627	5	0.002327
32459	32120	4	0.001861
32459	31295	43	0.020009
32459	32130	1	0.000465
32459	32644	1	0.000465
32459	32645	1	0.000465
32459	32651	10	0.004653
32459	31631	1	0.000465
32459	32149	4	0.001861
32459	32673	11	0.005119
32459	32686	1	0.000465
32459	32687	2	0.000931
32459	32698	4	0.001861
32459	32198	7	0.003257
32459	31688	5	0.002327
32459	31689	1	0.000465
32459	31179	3	0.001396
32459	31696	1	0.000465
32459	32725	3	0.001396
32459	32217	1	0.000465
32459	32219	186	0.086552
32459	31711	3	0.001396
32459	32736	4897	2.278734
32459	32229	3	0.001396
32459	31721	1	0.000465
32459	31216	1	0.000465
32459	31219	1	0.000465
32459	31222	1	0.000465
32459	31737	15	0.006980
32459	32252	1	0.000465
32460	32640	4	0.005682
32460	32258	9	0.012784
32460	31371	1	0.001420
32460	32908	1	0.001420
32460	32910	15	0.021307
32460	32399	3	0.004261
32460	32663	1	0.001420
32460	33050	14	0.019886
32460	33051	1	0.001420
32460	32796	2	0.002841
32460	31578	7	0.009943
32460	31777	1	0.001420
32460	32431	4	0.005682
32460	32696	25	0.035511
32460	31295	10	0.014205
32460	32965	4	0.005682
32460	32973	6	0.008523
32460	32270	1	0.001420
32460	32599	4	0.005682
32460	33112	5	0.007102
32460	31961	6	0.008523
32460	32474	1	0.001420
32460	32477	1	0.001420
32460	32223	1	0.001420
32460	32614	1	0.001420
32460	31217	1	0.001420
32460	31218	1	0.001420
32460	32447	1	0.001420
32460	32253	1	0.001420
32463	32258	1	0.003891
32463	32965	1	0.003891
32463	31949	258	1.003891
32463	32048	257	1.000000
32463	32696	2	0.007782
32463	31901	4	0.015564
32463	31397	1	0.003891
32468	32640	1	0.002933
32468	31649	1	0.002933
32468	32354	3	0.008798
32468	32923	3	0.008798
32468	31371	54	0.158358
32468	31781	5	0.014663
32468	32519	1	0.002933
32468	33098	1	0.002933
32468	33067	1	0.002933
32468	31469	8	0.023460
32468	32270	2	0.005865
32468	33074	1	0.002933
32468	32533	1	0.002933
32468	31833	4	0.011730
32468	33034	1	0.002933
32468	31807	3	0.008798
32468	32029	1	0.002933
32468	32900	1	0.002933
32468	31557	4	0.011730
32469	32736	15	0.011261
32469	31776	2	0.001502
32469	32258	4	0.003003
32469	31844	4	0.003003
32469	32261	2	0.001502
32469	32519	2	0.001502
32469	31882	2	0.001502
32469	32651	24	0.018018
32469	31682	2	0.001502
32469	32162	4	0.003003
32469	32147	4	0.003003
32469	32084	1	0.000751
32469	32599	17	0.012763
32469	32696	12	0.009009
32469	31737	18	0.013514
32469	31295	34	0.025526
32470	32736	1	0.025000
32470	31490	1	0.025000
32470	31755	1	0.025000
32470	32017	1	0.025000
32470	31975	1	0.025000
32470	31761	1	0.025000
32470	31286	1	0.025000
32470	31866	1	0.025000
32470	32954	1	0.025000
32471	32640	3	0.002879
32471	32258	8	0.007678
32471	32388	2	0.001919
32471	32651	2	0.001919
32471	31631	2	0.001919
32471	31761	17	0.016315
32471	32278	4	0.003839
32471	32796	2	0.001919
32471	32419	2	0.001919
32471	32421	2	0.001919
32471	32431	8	0.007678
32471	32944	2	0.001919
32471	33074	2	0.001919
32471	32949	2	0.001919
32471	32696	2	0.001919
32471	31295	8	0.007678
32471	32579	2	0.001919
32471	31688	2	0.001919
32471	31310	2	0.001919
32471	32207	2	0.001919
32471	31696	2	0.001919
32471	31314	4	0.003839
32471	32725	3	0.002879
32471	31574	2	0.001919
32471	32217	2	0.001919
32471	32399	6	0.005758
32471	32677	4	0.003839
32471	32736	2	0.001919
32471	33000	4	0.003839
32471	32629	2	0.001919
32471	31222	2	0.001919
32471	31737	2	0.001919
32472	32696	2	0.003945
32472	33002	2	0.003945
32472	32965	2	0.003945
32472	31454	7	0.013807
32472	32431	6	0.011834
32474	32460	6	0.130435
32475	31488	2	0.058824
32475	32896	34	1.000000
32475	32770	1	0.029412
32475	32647	34	1.000000
32475	32520	1	0.029412
32475	31276	1	0.029412
32475	32522	1	0.029412
32475	32779	34	1.000000
32475	32960	1	0.029412
32475	32145	34	1.000000
32475	31508	1	0.029412
32475	32149	44	1.294118
32475	31882	1	0.029412
32475	32791	34	1.000000
32475	32664	34	1.000000
32475	32922	1	0.029412
32475	32239	1	0.029412
32475	31813	34	1.000000
32475	31648	34	1.000000
32475	31778	1	0.029412
32475	31524	39	1.147059
32475	32424	34	1.000000
32475	32848	1	0.029412
32475	32927	34	1.000000
32475	32302	1	0.029412
32475	31537	34	1.000000
32475	31538	1	0.029412
32475	32182	1	0.029412
32475	32695	1	0.029412
32475	31545	1	0.029412
32475	32698	38	1.117647
32475	32676	34	1.000000
32475	31805	34	1.000000
32475	32830	1	0.029412
32475	32319	1	0.029412
32475	31424	34	1.000000
32475	32160	1	0.029412
32475	31555	34	1.000000
32475	32452	1	0.029412
32475	32837	36	1.058824
32475	32198	44	1.294118
32475	31662	1	0.029412
32475	31820	34	1.000000
32475	32266	1	0.029412
32475	31819	34	1.000000
32475	32204	34	1.000000
32475	32845	34	1.000000
32475	31406	1	0.029412
32475	31825	1	0.029412
32475	32339	1	0.029412
32475	32084	1	0.029412
32475	32469	38	1.117647
32475	32726	1	0.029412
32475	31575	34	1.000000
32475	32601	34	1.000000
32475	32218	34	1.000000
32475	31196	34	1.000000
32475	31710	34	1.000000
32475	32863	34	1.000000
32475	32993	1	0.029412
32475	31459	1	0.029412
32475	31462	34	1.000000
32475	31633	2	0.058824
32475	31208	1	0.029412
32475	32636	34	1.000000
32475	32746	1	0.029412
32475	31854	1	0.029412
32475	32637	1	0.029412
32475	32243	34	1.000000
32475	31486	1	0.029412
32475	31990	2	0.058824
32475	32247	34	1.000000
32475	31995	1	0.029412
32475	32764	34	1.000000
32475	31466	2	0.058824
32475	32254	34	1.000000
32476	32796	2	0.007380
32477	32460	3	0.035294
32478	32944	3	0.011905
32478	31905	1	0.003968
32478	32172	2	0.007937
32478	31557	3	0.011905
32478	31649	1	0.003968
32480	31360	1	0.035714
32480	31859	2	0.071429
32481	31985	1	0.000569
32481	31634	1	0.000569
32481	32627	3	0.001706
32481	31286	1	0.000569
32481	33050	1	0.000569
32481	32219	11	0.006257
32481	32029	1	0.000569
32481	32734	1	0.000569
32481	31295	4	0.002275
32486	32524	17	4.250000
32490	32643	63	0.398734
32490	32743	1	0.006329
32490	31474	1	0.006329
32490	32447	2	0.012658
32490	32796	3	0.018987
32490	31295	1	0.006329
32491	32307	1	0.027027
32491	31252	1	0.027027
32492	31522	2	0.001850
32492	32171	1	0.000925
32492	32794	1	0.000925
32493	31541	2	0.064516
32493	32399	33	1.064516
32494	32736	12	0.015686
32494	32965	18	0.023529
32494	32219	7	0.009150
32494	31844	8	0.010458
32494	32261	10	0.013072
32494	32519	2	0.002614
32494	32651	7	0.009150
32494	31310	2	0.002614
32494	32431	2	0.002614
32494	31634	8	0.010458
32494	32599	25	0.032680
32494	32696	12	0.015686
32494	31295	62	0.081046
32494	32447	1	0.001307
32496	32256	865	0.159124
32496	32801	7	0.001288
32496	31234	7	0.001288
32496	32998	4	0.000736
32496	31564	5	0.000920
32496	31210	6	0.001104
32496	32524	1	0.000184
32496	31730	5	0.000920
32496	31246	392	0.072112
32496	32815	2	0.000368
32496	32528	10	0.001840
32496	31666	6	0.001104
32496	32076	5	0.000920
32496	32118	4	0.000736
32496	31351	2	0.000368
32496	32856	8	0.001472
32496	33113	6	0.001104
32496	33050	48	0.008830
32496	31612	8	0.001472
32496	31518	5	0.000920
32498	31295	1	0.066667
32502	31844	1	0.007634
32502	32452	1	0.007634
32502	32965	2	0.015267
32502	31210	1	0.007634
32502	32589	1	0.007634
32502	31822	7	0.053435
32502	31599	1	0.007634
32502	31666	1	0.007634
32502	32278	2	0.015267
32502	32599	1	0.007634
32502	32856	1	0.007634
32502	33113	1	0.007634
32502	32431	1	0.007634
32502	32828	1	0.007634
32502	32261	1	0.007634
32503	31832	1	0.030303
32503	31454	2	0.060606
32504	32736	1	0.025000
32504	31490	1	0.025000
32504	31755	1	0.025000
32504	32017	1	0.025000
32504	31975	1	0.025000
32504	31761	1	0.025000
32504	31286	1	0.025000
32504	31866	1	0.025000
32504	32954	1	0.025000
32506	32304	20	0.035336
32506	31219	11	0.019435
32506	31356	3	0.005300
32506	32965	5	0.008834
32509	31634	1	0.037037
32509	32447	1	0.037037
32509	32796	1	0.037037
32509	32391	1	0.037037
32510	32258	141	0.742105
32513	32645	24	1.000000
32513	31655	2	0.083333
32513	31765	60	2.500000
32513	31930	24	1.000000
32513	31868	84	3.500000
32513	33054	24	1.000000
32514	31609	1	0.166667
32516	31920	17	0.086735
32516	32965	2	0.010204
32516	31431	6	0.030612
32517	32743	1	0.010753
32518	32419	16	1.000000
32518	31844	49	3.062500
32518	32370	16	1.000000
32518	31284	16	1.000000
32518	32405	16	1.000000
32518	32599	1	0.062500
32519	32258	19	0.026989
32519	31748	3	0.004261
32519	32261	5	0.007102
32519	31755	1	0.001420
32519	31762	3	0.004261
32519	32278	12	0.017045
32519	31780	3	0.004261
32519	31271	3	0.004261
32519	32310	4	0.005682
32519	31803	1	0.001420
32519	31295	42	0.059659
32519	31810	1	0.001420
32519	32323	1	0.001420
32519	32837	2	0.002841
32519	31822	1	0.001420
32519	31313	2	0.002841
32519	31332	1	0.001420
32519	31324	2	0.002841
32519	31331	1	0.001420
32519	31844	53	0.075284
32519	31505	1	0.001420
32519	31342	1	0.001420
32519	32887	1	0.001420
32519	31866	1	0.001420
32519	32900	2	0.002841
32519	31881	2	0.002841
32519	32399	1	0.001420
32519	32402	1	0.001420
32519	31894	2	0.002841
32519	32411	7	0.009943
32519	31395	1	0.001420
32519	32936	6	0.008523
32519	32431	5	0.007102
32519	32439	6	0.008523
32519	32447	9	0.012784
32519	32965	3	0.004261
32519	31431	2	0.002841
32519	31433	1	0.001420
32519	31443	1	0.001420
32519	32469	2	0.002841
32519	31454	1	0.001420
32519	31967	3	0.004261
32519	32489	1	0.001420
32519	33004	1	0.001420
32519	33006	1	0.001420
32519	32512	2	0.002841
32519	31490	1	0.001420
32519	31491	146	0.207386
32519	32014	1	0.001420
32519	32017	3	0.004261
32519	33042	1	0.001420
32519	32533	3	0.004261
32519	32026	2	0.002841
32519	32542	2	0.002841
32519	31522	3	0.004261
32519	32037	3	0.004261
32519	32048	1	0.001420
32519	33075	2	0.002841
32519	32599	26	0.036932
32519	31578	3	0.004261
32519	33119	5	0.007102
32519	31587	1	0.001420
32519	32109	1	0.001420
32519	32627	1	0.001420
32519	32745	3	0.004261
32519	32120	1	0.001420
32519	32149	3	0.004261
32519	32130	1	0.001420
32519	32644	10	0.014205
32519	32645	1	0.001420
32519	32651	4	0.005682
32519	31630	1	0.001420
32519	32147	6	0.008523
32519	32661	1	0.001420
32519	32172	1	0.001420
32519	32686	1	0.001420
32519	32687	3	0.004261
32519	32180	2	0.002841
32519	32696	108	0.153409
32519	32698	1	0.001420
32519	31675	1	0.001420
32519	32868	1	0.001420
32519	32198	3	0.004261
32519	32721	1	0.001420
32519	32419	1	0.001420
32519	31200	1	0.001420
32519	31202	1	0.001420
32519	31721	2	0.002841
32519	31216	3	0.004261
32519	31737	1	0.001420
32519	32252	1	0.001420
32520	31555	1	0.002849
32520	32965	2	0.005698
32520	32149	8	0.022792
32520	32696	3	0.008547
32520	32219	1	0.002849
32520	32830	359	1.022792
32522	31634	2	0.023256
32522	32796	1	0.011628
32522	33074	1	0.011628
32522	31295	18	0.209302
32524	32103	4	0.001729
32524	32815	1	0.000432
32524	32714	1	0.000432
32524	31179	1	0.000432
32524	31822	1	0.000432
32524	32431	94	0.040622
32524	32528	2	0.000864
32524	31443	1	0.000432
32524	32846	1	0.000432
32524	32310	2	0.000864
32524	31351	1	0.000432
32524	32219	1	0.000432
32524	32447	1	0.000432
32524	31295	2	0.000864
32525	32651	2	0.008230
32525	31537	2	0.008230
32525	32599	5	0.020576
32525	31288	1	0.004115
32525	32698	35	0.144033
32525	32219	194	0.798354
32525	31482	2	0.008230
32525	31295	2	0.008230
32528	32965	1	0.001431
32528	31835	2	0.002861
32528	31940	7	0.010014
32528	31205	5	0.007153
32528	32071	2	0.002861
32528	32460	8	0.011445
32528	31371	2	0.002861
32528	32524	30	0.042918
32528	31597	6	0.008584
32528	31822	5	0.007153
32528	32269	5	0.007153
32528	31704	5	0.007153
32528	32178	5	0.007153
32528	32910	4	0.005722
32528	32696	2	0.002861
32528	31748	5	0.007153
32528	32219	1	0.001431
32528	32796	13	0.018598
32528	31295	4	0.005722
32530	31502	1	0.014493
32530	32643	4	0.057971
32530	32743	2	0.028986
32530	31342	1	0.014493
32530	32763	1	0.014493
32530	33072	10	0.144928
32530	33077	8	0.115942
32530	33050	1	0.014493
32530	32219	1	0.014493
32530	32284	42	0.608696
32530	32447	4	0.057971
32530	31295	2	0.028986
32531	32696	2	0.005263
32531	32489	56	0.147368
32531	31844	2	0.005263
32531	31214	236	0.621053
32531	32044	2	0.005263
32532	32416	2	0.004367
32532	32640	1	0.002183
32532	31355	2	0.004367
32532	31722	1	0.002183
32532	32431	1	0.002183
32532	31222	2	0.004367
32532	32599	2	0.004367
32532	32219	3	0.006550
32532	31195	4	0.008734
32532	31295	20	0.043668
32533	31844	1	0.002217
32533	32261	2	0.004435
32533	32519	1	0.002217
32533	32651	59	0.130820
32533	32147	1	0.002217
32533	32599	59	0.130820
32533	32696	1	0.002217
32533	32219	31	0.068736
32533	31295	2	0.004435
32534	31649	1	0.002725
32534	33074	2	0.005450
32534	31179	3	0.008174
32534	32774	1	0.002725
32534	32270	1	0.002725
32540	31680	1	0.005025
32540	32258	2	0.010050
32540	32165	3	0.015075
32540	32758	1	0.005025
32540	32599	2	0.010050
32540	32696	33	0.165829
32540	31295	1	0.005025
32541	31623	2	0.036364
32541	31711	2	0.036364
32541	31844	3	0.054545
32541	32685	4	0.072727
32541	32439	4	0.072727
32542	32736	549	0.847222
32542	31680	1	0.001543
32542	31682	7	0.010802
32542	32419	11	0.016975
32542	31844	22	0.033951
32542	32758	1	0.001543
32542	32519	2	0.003086
32542	31190	1	0.001543
32542	32246	1	0.001543
32542	32965	7	0.010802
32542	33004	1	0.001543
32542	32111	1	0.001543
32542	31634	17	0.026235
32542	31737	2	0.003086
32542	31574	8	0.012346
32542	32599	5	0.007716
32542	33048	2	0.003086
32542	31897	1	0.001543
32542	32027	1	0.001543
32542	31295	15	0.023148
32543	32696	6	0.016129
32543	31737	9	0.024194
32543	31295	27	0.072581
32543	31844	3	0.008065
32543	31487	3	0.008065
32544	33090	1	0.045455
32544	32796	1	0.045455
32545	31626	97	0.915094
32553	32160	68	0.288136
32553	31649	2	0.008475
32553	32746	6	0.025424
32553	31799	2	0.008475
32553	31918	2	0.008475
32553	32304	4	0.016949
32553	31283	6	0.025424
32553	32948	2	0.008475
32553	31285	6	0.025424
32553	31287	66	0.279661
32553	31833	2	0.008475
32553	32796	2	0.008475
32553	32607	71	0.300847
32554	32736	2	0.250000
32554	31634	1	0.125000
32555	31912	3	0.007519
32555	31979	1246	3.122807
32555	32910	4	0.010025
32555	32655	3	0.007519
32555	33074	1	0.002506
32555	31347	13	0.032581
32555	31860	1	0.002506
32555	31295	13	0.032581
32558	32640	1	0.006369
32558	31295	1	0.006369
32560	32457	27	0.210938
32561	31491	6	0.009036
32561	32900	10	0.015060
32561	32261	6	0.009036
32561	32519	11	0.016566
32561	32651	2	0.003012
32561	31761	5	0.007530
32561	31634	4	0.006024
32561	32147	3	0.004518
32561	32533	1	0.001506
32561	32278	6	0.009036
32561	31748	1	0.001506
32561	32431	2	0.003012
32561	31776	4	0.006024
32561	32419	1	0.001506
32561	32683	1	0.001506
32561	32172	6	0.009036
32561	31917	5	0.007530
32561	32174	2	0.003012
32561	32303	9	0.013554
32561	33074	1	0.001506
32561	32310	1	0.001506
32561	32696	15	0.022590
32561	31295	22	0.033133
32561	32071	1	0.001506
32561	31822	2	0.003012
32561	31182	7	0.010542
32561	32599	14	0.021084
32561	31448	8	0.012048
32561	32219	10	0.015060
32561	32736	693	1.043675
32561	31844	29	0.043675
32561	32617	8	0.012048
32561	31979	1	0.001506
32561	32366	1	0.001506
32561	31986	9	0.013554
32561	31310	1	0.001506
32563	32524	160	2.622951
32566	32640	1	0.003145
32566	32011	504	1.584906
32566	32460	6	0.018868
32566	32910	11	0.034591
32566	32696	1	0.003145
32566	31295	7	0.022013
32568	32460	3	0.187500
32570	32384	3	0.021429
32570	32955	3	0.021429
32570	31461	3	0.021429
32570	32743	3	0.021429
32570	32796	3	0.021429
32570	32304	3	0.021429
32570	32195	3	0.021429
32570	32244	3	0.021429
32570	32667	3	0.021429
32570	32316	3	0.021429
32570	32351	3	0.021429
32571	31776	1	0.002740
32571	32627	36	0.098630
32571	32172	1	0.002740
32571	32965	1	0.002740
32571	32599	3	0.008219
32572	31249	4	0.010336
32573	32736	3	1.000000
32573	31737	3	1.000000
32573	32419	3	1.000000
32573	31844	3	1.000000
32573	31295	6	2.000000
32574	31378	696	0.976157
32575	32304	59	1.000000
32576	33098	1	0.002315
32576	31180	1	0.002315
32576	31557	1	0.002315
32576	31822	4	0.009259
32576	31591	430	0.995370
32577	32352	1	0.006250
32577	31170	1	0.006250
32577	31355	1	0.006250
32577	31222	1	0.006250
32577	31975	2	0.012500
32577	32744	1	0.006250
32577	31165	1	0.006250
32577	32354	1	0.006250
32577	31822	1	0.006250
32577	32399	3	0.018750
32577	32885	1	0.006250
32577	31542	1	0.006250
32577	31295	4	0.025000
32577	31833	1	0.006250
32577	32571	1	0.006250
32577	32796	1	0.006250
32577	32431	1	0.006250
32577	32219	1	0.006250
32577	31541	1	0.006250
32579	32219	22	0.252874
32579	32796	2	0.022989
32580	32965	2	0.071429
32581	31649	1	0.028571
32581	32965	2	0.057143
32582	31186	8	0.045198
32582	31844	2	0.011299
32583	31587	4	0.005714
32583	31781	1	0.001429
32583	32743	2	0.002857
32583	32970	2	0.002857
32583	32910	2	0.002857
32583	32431	1	0.001429
32583	31833	1	0.001429
32583	33050	6	0.008571
32583	32219	1	0.001429
32583	31274	1	0.001429
32583	31295	1	0.001429
32584	32130	1	0.000565
32584	32900	3	0.001695
32584	32645	1	0.000565
32584	31711	2	0.001130
32584	31367	1	0.000565
32584	32419	2	0.001130
32584	31755	2	0.001130
32584	31748	2	0.001130
32584	31373	7	0.003955
32584	32399	12	0.006780
32584	32017	1	0.000565
32584	32696	1	0.000565
32584	32149	5	0.002825
32584	32217	1	0.000565
32584	32280	2	0.001130
32584	31897	2	0.001130
32584	32687	2	0.001130
32584	32911	1	0.000565
32584	32030	6	0.003390
32584	32415	3	0.001695
32584	31776	77	0.043503
32584	32673	9	0.005085
32584	31522	1	0.000565
32584	32411	4	0.002260
32584	31780	1	0.000565
32584	32037	2	0.001130
32584	31631	1	0.000565
32584	31271	2	0.001130
32584	32936	5	0.002825
32584	32092	2	0.001130
32584	31918	1	0.000565
32584	31533	1	0.000565
32584	32686	1	0.000565
32584	32431	30	0.016949
32584	31280	1	0.000565
32584	32561	1	0.000565
32584	32258	7	0.003955
32584	33075	1	0.000565
32584	32949	2	0.001130
32584	32644	1	0.000565
32584	31802	2	0.001130
32584	33119	1	0.000565
32584	31549	8	0.004520
32584	32447	6	0.003390
32584	32323	1	0.000565
32584	32965	5	0.002825
32584	32198	5	0.002825
32584	31688	6	0.003390
32584	31689	1	0.000565
32584	31179	4	0.002260
32584	32651	7	0.003955
32584	33102	18	0.010169
32584	31219	1	0.000565
32584	31696	1	0.000565
32584	31313	1	0.000565
32584	31314	1	0.000565
32584	31443	26	0.014689
32584	31822	86	0.048588
32584	32624	1	0.000565
32584	31524	1	0.000565
32584	31578	5	0.002825
32584	32219	125	0.070621
32584	31324	1	0.000565
32584	32698	4	0.002260
32584	31454	1	0.000565
32584	31967	1	0.000565
32584	32736	4562	2.577401
32584	31331	1	0.000565
32584	32868	1	0.000565
32584	32229	3	0.001695
32584	31975	2	0.001130
32584	33000	1	0.000565
32584	32831	1	0.000565
32584	33004	1	0.000565
32584	31342	1	0.000565
32584	31216	1	0.000565
32584	32627	5	0.002825
32584	31222	1	0.000565
32584	31721	1	0.000565
32584	32120	4	0.002260
32584	31737	22	0.012429
32584	31866	1	0.000565
32584	31295	28	0.015819
32584	32252	1	0.000565
32584	32725	2	0.001130
32585	31362	1	0.006211
32585	32171	2	0.012422
32585	32997	1	0.006211
32585	31179	1	0.006211
32585	31346	1	0.006211
32585	33074	3	0.018634
32585	31891	2	0.012422
32585	32923	1	0.006211
32585	32278	1	0.006211
32585	32696	2	0.012422
32585	33050	2	0.012422
32585	31295	1	0.006211
32585	32604	1	0.006211
32585	32158	1	0.006211
32585	31365	1	0.006211
32587	31822	114	2.000000
32589	32965	2	0.014286
32589	31210	6	0.042857
32589	31822	18	0.128571
32589	32944	10	0.071429
32589	32856	4	0.028571
32589	32278	2	0.014286
32589	32696	25	0.178571
32589	32026	2	0.014286
32590	31822	114	2.000000
32591	31682	2	0.001374
32591	31844	2	0.001374
32591	32965	2	0.001374
32591	32599	2	0.001374
32591	32696	3	0.002060
32591	31737	3	0.002060
32591	31548	22	0.015110
32593	32833	1	0.010000
32593	32324	1	0.010000
32593	31688	1	0.010000
32593	31980	1	0.010000
32593	32748	1	0.010000
32593	32473	1	0.010000
32593	32281	1	0.010000
32594	32626	422	0.700997
32594	32219	4	0.006645
32594	31332	9	0.014950
32595	31697	70	1.891892
32596	32512	2	0.005831
32596	32965	3	0.008746
32596	33098	4	0.011662
32596	32651	1	0.002915
32596	32172	1	0.002915
32596	32696	1	0.002915
32596	31252	4	0.011662
32596	32280	1	0.002915
32596	31193	2	0.005831
32596	31386	1	0.002915
32596	32219	25	0.072886
32596	32447	4	0.011662
32596	31295	10	0.029155
32598	32258	1	0.090909
32598	32796	1	0.090909
32599	32640	3	0.001103
32599	32512	1	0.000368
32599	31490	8	0.002940
32599	31659	1	0.000368
32599	31748	8	0.002940
32599	32261	61	0.022418
32599	32627	1	0.000368
32599	32519	10	0.003675
32599	32126	3	0.001103
32599	32651	5	0.001838
32599	32270	2	0.000735
32599	32399	2	0.000735
32599	33042	3	0.001103
32599	32147	38	0.013965
32599	32533	178	0.065417
32599	32278	217	0.079750
32599	31833	1	0.000368
32599	32900	2	0.000735
32599	32026	1	0.000368
32599	31386	1	0.000368
32599	32030	4	0.001470
32599	32645	1	0.000368
32599	31844	61	0.022418
32599	32419	3	0.001103
32599	31780	3	0.001103
32599	31271	1	0.000368
32599	32936	1	0.000368
32599	31529	1	0.000368
32599	31205	2	0.000735
32599	32172	1	0.000368
32599	31789	3	0.001103
32599	32431	560	0.205807
32599	32944	2	0.000735
32599	32561	2	0.000735
32599	32178	2	0.000735
32599	31859	1	0.000368
32599	32542	1	0.000368
32599	32310	15	0.005513
32599	32696	347	0.127527
32599	31295	88	0.032341
32599	32698	1	0.000368
32599	31803	1	0.000368
32599	31548	2	0.000735
32599	31807	6	0.002205
32599	33088	1	0.000368
32599	32949	2	0.000735
32599	31371	4	0.001470
32599	32837	1	0.000368
32599	32198	3	0.001103
32599	32105	1	0.000368
32599	32409	2	0.000735
32599	32354	1	0.000368
32599	31822	12	0.004410
32599	33050	1	0.000368
32599	31696	1	0.000368
32599	31443	1	0.000368
32599	32469	5	0.001838
32599	32856	1	0.000368
32599	31524	1	0.000368
32599	32219	142	0.052187
32599	32092	1	0.000368
32599	31802	1	0.000368
32599	32095	1	0.000368
32599	32736	2	0.000735
32599	32745	1	0.000368
32599	31587	1	0.000368
32599	31204	1	0.000368
32599	32229	2	0.000735
32599	31975	7	0.002573
32599	33000	1	0.000368
32599	31721	1	0.000368
32599	32103	29	0.010658
32599	31932	1	0.000368
32599	32372	3	0.001103
32599	32885	1	0.000368
32599	32246	1	0.000368
32599	31923	1	0.000368
32599	31737	4	0.001470
32599	32447	26	0.009555
32599	31894	2	0.000735
32601	32896	34	1.000000
32601	32960	1	0.029412
32601	32770	2	0.058824
32601	32647	34	1.000000
32601	32520	1	0.029412
32601	32522	1	0.029412
32601	32779	34	1.000000
32601	32145	34	1.000000
32601	31508	1	0.029412
32601	32149	44	1.294118
32601	31882	1	0.029412
32601	32791	34	1.000000
32601	32664	34	1.000000
32601	32922	1	0.029412
32601	32239	1	0.029412
32601	31813	34	1.000000
32601	31648	34	1.000000
32601	31778	1	0.029412
32601	31524	39	1.147059
32601	32424	34	1.000000
32601	31276	1	0.029412
32601	32302	1	0.029412
32601	31406	1	0.029412
32601	31537	34	1.000000
32601	31538	1	0.029412
32601	32182	1	0.029412
32601	32695	1	0.029412
32601	32266	1	0.029412
32601	31545	1	0.029412
32601	32698	38	1.117647
32601	32927	34	1.000000
32601	31805	34	1.000000
32601	32830	1	0.029412
32601	32319	1	0.029412
32601	31424	34	1.000000
32601	32160	1	0.029412
32601	31555	34	1.000000
32601	32452	1	0.029412
32601	32837	36	1.058824
32601	32198	44	1.294118
32601	31662	1	0.029412
32601	31820	34	1.000000
32601	31488	1	0.029412
32601	31819	34	1.000000
32601	32204	34	1.000000
32601	32845	34	1.000000
32601	32848	2	0.058824
32601	31825	1	0.029412
32601	32339	1	0.029412
32601	32084	1	0.029412
32601	32469	38	1.117647
32601	32726	1	0.029412
32601	31575	34	1.000000
32601	32676	34	1.000000
32601	32218	34	1.000000
32601	32475	34	1.000000
32601	31196	34	1.000000
32601	31710	34	1.000000
32601	32863	34	1.000000
32601	32993	1	0.029412
32601	31459	1	0.029412
32601	31462	34	1.000000
32601	31633	2	0.058824
32601	31208	1	0.029412
32601	32636	34	1.000000
32601	32746	1	0.029412
32601	31854	1	0.029412
32601	32637	1	0.029412
32601	32243	34	1.000000
32601	31486	1	0.029412
32601	31990	1	0.029412
32601	32247	34	1.000000
32601	31995	1	0.029412
32601	32764	34	1.000000
32601	31466	2	0.058824
32601	32254	34	1.000000
32603	32881	1	0.003937
32603	32402	1	0.003937
32603	32150	1	0.003937
32603	31737	1	0.003937
32604	32171	6	0.005566
32604	32965	8	0.007421
32604	32909	2	0.001855
32606	32640	6	0.009346
32606	31426	56	0.087227
32606	31748	5	0.007788
32606	32261	8	0.012461
32606	32326	2	0.003115
32606	32965	75	0.116822
32606	31822	38	0.059190
32606	32431	5	0.007788
32606	32278	2	0.003115
32606	32599	9	0.014019
32606	32696	17	0.026480
32606	31844	9	0.014019
32606	32026	4	0.006231
32606	32219	27	0.042056
32606	32830	2	0.003115
32606	31295	18	0.028037
32607	31883	2	0.006515
32607	31374	2	0.006515
32607	31891	2	0.006515
32607	31252	2	0.006515
32607	32150	2	0.006515
32607	31833	2	0.006515
32607	32280	2	0.006515
32607	31386	2	0.006515
32607	32923	2	0.006515
32607	32029	2	0.006515
32607	31649	2	0.006515
32607	31781	2	0.006515
32607	32553	3	0.009772
32607	31658	2	0.006515
32607	33067	2	0.006515
32607	32300	2	0.006515
32607	31277	2	0.006515
32607	31918	2	0.006515
32607	31799	2	0.006515
32607	32824	2	0.006515
32607	31807	2	0.006515
32607	31553	2	0.006515
32607	31557	2	0.006515
32607	33098	2	0.006515
32607	32846	2	0.006515
32607	31824	2	0.006515
32607	31828	2	0.006515
32607	32270	2	0.006515
32607	32336	2	0.006515
32607	31193	2	0.006515
32607	32677	2	0.006515
32607	31457	2	0.006515
32607	32354	2	0.006515
32607	32627	2	0.006515
32607	31222	1	0.003257
32607	31295	2	0.006515
32607	31999	2	0.006515
32609	32298	2	0.040816
32609	31844	1	0.020408
32609	32965	1	0.020408
32613	31501	3	0.028037
32613	31630	1	0.009346
32614	32460	23	0.160839
32614	32399	1	0.006993
32617	32561	2	0.003231
32617	32258	2	0.003231
32617	32965	2	0.003231
32617	32270	2	0.003231
32618	32447	3	0.005190
32619	31505	2	0.250000
32619	31868	18	2.250000
32619	31765	13	1.625000
32621	31912	3	0.007595
32621	31979	1239	3.136709
32621	32910	4	0.010127
32621	32655	3	0.007595
32621	33074	1	0.002532
32621	31347	13	0.032911
32621	31860	1	0.002532
32621	31295	13	0.032911
32624	31634	1	0.003401
32624	31295	3	0.010204
32624	32219	17	0.057823
32624	31195	4	0.013605
32624	32447	3	0.010204
32627	31360	18	0.005515
32627	31748	7	0.002145
32627	32261	11	0.003370
32627	33028	16	0.004902
32627	32011	7	0.002145
32627	31170	14	0.004289
32627	31374	14	0.004289
32627	32399	7	0.002145
32627	31634	27	0.008272
32627	32149	13	0.003983
32627	32278	36	0.011029
32627	31640	16	0.004902
32627	32900	7	0.002145
32627	31258	7	0.002145
32627	32155	18	0.005515
32627	32029	7	0.002145
32627	32416	16	0.004902
32627	32419	6	0.001838
32627	31776	10	0.003064
32627	32172	13	0.003983
32627	33117	20	0.006127
32627	32561	7	0.002145
32627	32733	14	0.004289
32627	31923	16	0.004902
32627	31542	16	0.004902
32627	32696	23	0.007047
32627	31802	7	0.002145
32627	32571	16	0.004902
32627	32480	16	0.004902
32627	31295	146	0.044730
32627	32577	9	0.002757
32627	31682	11	0.003370
32627	32965	18	0.005515
32627	32198	6	0.001838
32627	32142	11	0.003370
32627	31688	2	0.000613
32627	31822	13	0.003983
32627	31443	2	0.000613
32627	33102	8	0.002451
32627	31574	4	0.001225
32627	32599	52	0.015931
32627	32219	46	0.014093
32627	32698	13	0.003983
32627	32607	9	0.002757
32627	32736	149	0.045650
32627	31844	107	0.032782
32627	31975	7	0.002145
32627	32744	16	0.004902
32627	31978	8	0.002451
32627	32999	16	0.004902
32627	31859	16	0.004902
32627	31222	3210	0.983456
32627	31737	33	0.010110
32627	32026	7	0.002145
32627	32447	7	0.002145
32627	31338	14	0.004289
32627	32277	16	0.004902
32629	32258	2	0.004598
32629	32419	6	0.013793
32629	31844	6	0.013793
32629	32261	2	0.004598
32629	33000	4	0.009195
32629	31314	4	0.009195
32629	32690	480	1.103448
32629	32949	6	0.013793
32629	32278	2	0.004598
32629	32599	2	0.004598
32629	31295	4	0.009195
32630	31330	1	0.001280
32630	32411	4	0.005122
32630	32261	1	0.001280
32630	32172	45	0.057618
32630	32354	1	0.001280
32630	32270	1	0.001280
32630	31601	3	0.003841
32630	33074	4	0.005122
32630	31833	1	0.001280
32630	32219	7	0.008963
32630	31548	4	0.005122
32630	32031	3	0.003841
32634	31844	2	0.009852
32634	32017	2	0.009852
32634	31659	2	0.009852
32634	32431	2	0.009852
32634	32920	2	0.009852
32634	32278	2	0.009852
32634	32696	16	0.078818
32636	32896	34	1.000000
32636	32960	1	0.029412
32636	32266	1	0.029412
32636	32647	34	1.000000
32636	32520	1	0.029412
32636	32522	1	0.029412
32636	32779	34	1.000000
32636	32770	1	0.029412
32636	32145	34	1.000000
32636	31508	1	0.029412
32636	32149	44	1.294118
32636	31882	1	0.029412
32636	32601	34	1.000000
32636	32664	34	1.000000
32636	32922	1	0.029412
32636	32239	1	0.029412
32636	31813	34	1.000000
32636	31648	34	1.000000
32636	31778	1	0.029412
32636	31524	39	1.147059
32636	32424	34	1.000000
32636	32848	1	0.029412
32636	31276	1	0.029412
32636	32302	1	0.029412
32636	31537	34	1.000000
32636	31538	1	0.029412
32636	32182	1	0.029412
32636	32695	1	0.029412
32636	32791	34	1.000000
32636	31545	1	0.029412
32636	32698	38	1.117647
32636	32927	34	1.000000
32636	31805	34	1.000000
32636	32830	1	0.029412
32636	32319	1	0.029412
32636	31424	34	1.000000
32636	32160	1	0.029412
32636	31555	34	1.000000
32636	32452	1	0.029412
32636	32837	36	1.058824
32636	32198	44	1.294118
32636	31662	1	0.029412
32636	31820	34	1.000000
32636	31488	1	0.029412
32636	31819	34	1.000000
32636	32204	34	1.000000
32636	32845	34	1.000000
32636	31406	1	0.029412
32636	31825	2	0.058824
32636	32339	1	0.029412
32636	32084	1	0.029412
32636	32469	38	1.117647
32636	32726	1	0.029412
32636	31575	34	1.000000
32636	32676	34	1.000000
32636	32218	34	1.000000
32636	32475	34	1.000000
32636	31196	34	1.000000
32636	31710	34	1.000000
32636	32863	34	1.000000
32636	32993	1	0.029412
32636	31459	1	0.029412
32636	31462	34	1.000000
32636	31633	2	0.058824
32636	31208	1	0.029412
32636	32746	1	0.029412
32636	31854	1	0.029412
32636	32637	1	0.029412
32636	32243	34	1.000000
32636	31486	1	0.029412
32636	31990	1	0.029412
32636	32247	34	1.000000
32636	31995	1	0.029412
32636	32764	34	1.000000
32636	31466	2	0.058824
32636	32254	34	1.000000
32637	31820	15	0.535714
32638	32971	2	0.014815
32638	33006	2	0.014815
32640	32258	1	0.001546
32640	31371	1	0.001546
32640	32399	1	0.001546
32640	32725	1	0.001546
32640	32599	4	0.006182
32640	33050	2	0.003091
32643	31295	1	0.001437
32643	31474	3	0.004310
32643	32447	2	0.002874
32643	32796	3	0.004310
32643	32743	1	0.001437
32644	31617	3	0.003727
32644	32131	6	0.007453
32644	31623	15	0.018634
32644	31368	3	0.003727
32644	31634	565	0.701863
32644	31491	3	0.003727
32644	32916	3	0.003727
32644	32150	3	0.003727
32644	32965	8	0.009938
32644	32519	3	0.003727
32644	32687	6	0.007453
32644	32946	3	0.003727
32644	32440	3	0.003727
32644	31295	48	0.059627
32644	31682	563	0.699379
32644	32197	3	0.003727
32644	32696	18	0.022360
32644	32599	6	0.007453
32644	32868	6	0.007453
32644	32219	15	0.018634
32644	33119	6	0.007453
32644	32736	580	0.720497
32644	31844	3	0.003727
32644	32499	3	0.003727
32644	31737	3	0.003727
32645	32965	6	0.009231
32645	32261	12	0.018462
32645	32147	9	0.013846
32645	31765	6	0.009231
32645	32599	12	0.018462
32645	32696	6	0.009231
32645	31868	651	1.001538
32645	31295	78	0.120000
32646	32103	4	2.000000
32646	32219	10	5.000000
32646	32310	2	1.000000
32646	32431	78	39.000000
32647	32896	34	1.000000
32647	32960	1	0.029412
32647	32266	1	0.029412
32647	32520	1	0.029412
32647	31276	1	0.029412
32647	32522	1	0.029412
32647	32779	34	1.000000
32647	32770	1	0.029412
32647	32145	34	1.000000
32647	31508	1	0.029412
32647	32149	43	1.264706
32647	31882	1	0.029412
32647	32791	34	1.000000
32647	32664	34	1.000000
32647	32922	1	0.029412
32647	32239	1	0.029412
32647	31813	34	1.000000
32647	31648	34	1.000000
32647	31778	1	0.029412
32647	31524	39	1.147059
32647	32424	34	1.000000
32647	32848	1	0.029412
32647	32927	34	1.000000
32647	32302	1	0.029412
32647	31537	34	1.000000
32647	31538	1	0.029412
32647	32182	1	0.029412
32647	32695	1	0.029412
32647	31545	1	0.029412
32647	32698	38	1.117647
32647	32676	34	1.000000
32647	31805	34	1.000000
32647	32830	1	0.029412
32647	32319	1	0.029412
32647	31424	34	1.000000
32647	32160	1	0.029412
32647	31555	34	1.000000
32647	32452	1	0.029412
32647	32837	36	1.058824
32647	32198	45	1.323529
32647	31662	1	0.029412
32647	31820	34	1.000000
32647	31488	1	0.029412
32647	31819	34	1.000000
32647	32204	34	1.000000
32647	32845	34	1.000000
32647	31406	1	0.029412
32647	31825	1	0.029412
32647	32339	1	0.029412
32647	32084	1	0.029412
32647	32469	38	1.117647
32647	32726	1	0.029412
32647	31575	34	1.000000
32647	32601	34	1.000000
32647	32218	34	1.000000
32647	32475	34	1.000000
32647	31196	34	1.000000
32647	31710	34	1.000000
32647	32863	34	1.000000
32647	32993	1	0.029412
32647	31459	1	0.029412
32647	31462	34	1.000000
32647	31633	2	0.058824
32647	31208	1	0.029412
32647	32636	34	1.000000
32647	31466	3	0.088235
32647	31854	1	0.029412
32647	32637	1	0.029412
32647	32243	34	1.000000
32647	31486	1	0.029412
32647	31990	1	0.029412
32647	32247	34	1.000000
32647	31995	1	0.029412
32647	32764	34	1.000000
32647	32746	1	0.029412
32647	32254	34	1.000000
32651	32640	8	0.003021
32651	32261	34	0.012840
32651	32519	6	0.002266
32651	31761	11	0.004154
32651	31634	3	0.001133
32651	32410	4	0.001511
32651	32796	2	0.000755
32651	31776	20	0.007553
32651	32172	4	0.001511
32651	32431	4	0.001511
32651	32944	2	0.000755
32651	33074	4	0.001511
32651	32696	4	0.001511
32651	31711	1	0.000378
32651	31295	17	0.006420
32651	31682	4	0.001511
32651	32965	12	0.004532
32651	31430	2	0.000755
32651	31310	20	0.007553
32651	31443	1	0.000378
32651	31828	2	0.000755
32651	32469	4	0.001511
32651	31574	1	0.000378
32651	32599	4	0.001511
32651	31332	5	0.001888
32651	32219	157	0.059290
32651	31967	3	0.001133
32651	32736	2	0.000755
32651	32868	10	0.003776
32651	33006	15	0.005665
32651	31737	4	0.001511
32652	31287	2	0.005970
32652	31822	4	0.011940
32652	32149	2	0.005970
32652	32599	2	0.005970
32652	32696	4	0.011940
32652	31737	6	0.017910
32652	31482	2	0.005970
32652	32447	2	0.005970
32654	32195	3	0.002372
32654	31844	3	0.002372
32654	32261	3	0.002372
32654	32651	3	0.002372
32654	31355	3	0.002372
32654	32431	3	0.002372
32654	31478	3	0.002372
32654	32599	3	0.002372
32654	32696	9	0.007115
32654	31967	12	0.009486
32654	32447	3	0.002372
32655	31912	3	0.007481
32655	31979	1248	3.112219
32655	32910	4	0.009975
32655	33074	1	0.002494
32655	31347	13	0.032419
32655	31860	1	0.002494
32655	31295	13	0.032419
32656	32528	21	3.000000
32657	32447	1	0.041667
32657	32258	1	0.041667
32657	32171	4	0.166667
32657	31365	4	0.166667
32657	32909	3	0.125000
32659	32272	1	0.007463
32659	32773	1	0.007463
32659	32936	3	0.022388
32659	32431	1	0.007463
32659	31568	4	0.029851
32659	31733	1	0.007463
32659	32824	1	0.007463
32659	32415	1	0.007463
32659	32965	1	0.007463
32660	32696	2	0.006154
32660	32985	2	0.006154
32660	31711	2	0.006154
32660	32158	4	0.012308
32660	31737	10	0.030769
32661	32736	4	0.121212
32661	31844	3	0.090909
32661	32965	4	0.121212
32661	32135	1	0.030303
32661	32696	1	0.030303
32661	31295	6	0.181818
32663	32460	3	0.060000
32664	32896	34	1.000000
32664	32960	1	0.029412
32664	32266	1	0.029412
32664	32647	34	1.000000
32664	32520	1	0.029412
32664	32522	1	0.029412
32664	32779	34	1.000000
32664	32770	1	0.029412
32664	32145	34	1.000000
32664	31508	1	0.029412
32664	32149	43	1.264706
32664	31882	1	0.029412
32664	32601	34	1.000000
32664	32922	1	0.029412
32664	32239	1	0.029412
32664	31813	34	1.000000
32664	31648	34	1.000000
32664	31778	1	0.029412
32664	31524	39	1.147059
32664	32424	34	1.000000
32664	32848	1	0.029412
32664	31276	1	0.029412
32664	32302	1	0.029412
32664	31537	34	1.000000
32664	31538	1	0.029412
32664	32182	1	0.029412
32664	32695	1	0.029412
32664	32791	34	1.000000
32664	31545	1	0.029412
32664	32698	39	1.147059
32664	32927	34	1.000000
32664	31805	34	1.000000
32664	32830	1	0.029412
32664	32319	1	0.029412
32664	31424	34	1.000000
32664	32160	1	0.029412
32664	31555	34	1.000000
32664	32452	1	0.029412
32664	32837	37	1.088235
32664	32198	45	1.323529
32664	31662	1	0.029412
32664	31820	34	1.000000
32664	31488	1	0.029412
32664	31819	34	1.000000
32664	32204	34	1.000000
32664	32845	34	1.000000
32664	31406	1	0.029412
32664	31825	1	0.029412
32664	32339	1	0.029412
32664	32084	1	0.029412
32664	32469	38	1.117647
32664	32726	1	0.029412
32664	31575	34	1.000000
32664	32676	34	1.000000
32664	32218	34	1.000000
32664	32475	34	1.000000
32664	31196	34	1.000000
32664	31710	34	1.000000
32664	32863	34	1.000000
32664	32993	1	0.029412
32664	31459	1	0.029412
32664	31462	34	1.000000
32664	31633	2	0.058824
32664	31208	1	0.029412
32664	32636	34	1.000000
32664	32746	1	0.029412
32664	31854	1	0.029412
32664	32637	1	0.029412
32664	32243	34	1.000000
32664	31486	1	0.029412
32664	31990	1	0.029412
32664	32247	34	1.000000
32664	31995	1	0.029412
32664	32764	34	1.000000
32664	31466	2	0.058824
32664	32254	34	1.000000
32666	32071	2	0.222222
32673	31362	7	0.013283
32673	32132	1	0.001898
32673	32261	2	0.003795
32673	32651	1	0.001898
32673	32258	1	0.001898
32673	31443	1	0.001898
32673	31896	1	0.001898
32673	31776	2	0.003795
32673	32163	1	0.001898
32673	31780	1	0.001898
32673	32172	1	0.001898
32673	32431	2	0.003795
32673	32944	3	0.005693
32673	33074	1	0.001898
32673	32696	6	0.011385
32673	31295	24	0.045541
32673	31682	1	0.001898
32673	31179	2	0.003795
32673	32965	2	0.003795
32673	32715	2	0.003795
32673	31310	6	0.011385
32673	32419	4	0.007590
32673	32599	6	0.011385
32673	32219	18	0.034156
32673	32736	505	0.958254
32673	31844	518	0.982922
32673	32103	1	0.001898
32673	32627	1	0.001898
32673	31737	16	0.030361
32673	31614	1	0.001898
32676	32896	34	1.000000
32676	32960	1	0.029412
32676	32266	1	0.029412
32676	32647	34	1.000000
32676	32520	1	0.029412
32676	32522	1	0.029412
32676	32779	34	1.000000
32676	32770	1	0.029412
32676	32145	34	1.000000
32676	31508	1	0.029412
32676	32149	43	1.264706
32676	31882	1	0.029412
32676	32791	34	1.000000
32676	32664	34	1.000000
32676	32922	1	0.029412
32676	32239	1	0.029412
32676	31813	34	1.000000
32676	31648	34	1.000000
32676	31778	1	0.029412
32676	31524	39	1.147059
32676	32424	34	1.000000
32676	32848	1	0.029412
32676	31276	1	0.029412
32676	32302	1	0.029412
32676	31537	34	1.000000
32676	31538	1	0.029412
32676	32182	1	0.029412
32676	32695	1	0.029412
32676	31545	1	0.029412
32676	32698	38	1.117647
32676	32927	34	1.000000
32676	31805	34	1.000000
32676	32830	1	0.029412
32676	32319	1	0.029412
32676	31424	34	1.000000
32676	32160	1	0.029412
32676	31555	34	1.000000
32676	32452	1	0.029412
32676	32837	36	1.058824
32676	32198	45	1.323529
32676	31662	1	0.029412
32676	31820	34	1.000000
32676	31488	1	0.029412
32676	31819	34	1.000000
32676	32204	34	1.000000
32676	32845	34	1.000000
32676	31406	1	0.029412
32676	31825	1	0.029412
32676	32339	1	0.029412
32676	32084	1	0.029412
32676	32469	38	1.117647
32676	32726	1	0.029412
32676	31575	34	1.000000
32676	32601	34	1.000000
32676	32218	34	1.000000
32676	32475	34	1.000000
32676	31196	34	1.000000
32676	31710	34	1.000000
32676	32863	34	1.000000
32676	32993	1	0.029412
32676	31459	1	0.029412
32676	31462	34	1.000000
32676	31633	2	0.058824
32676	31208	1	0.029412
32676	32636	34	1.000000
32676	32746	1	0.029412
32676	31854	1	0.029412
32676	32637	1	0.029412
32676	32243	34	1.000000
32676	31486	1	0.029412
32676	31990	1	0.029412
32676	32247	34	1.000000
32676	31995	1	0.029412
32676	32764	34	1.000000
32676	31466	2	0.058824
32676	32254	34	1.000000
32677	32096	2	0.030303
32677	31649	1	0.015152
32677	32258	5	0.075758
32677	31557	1	0.015152
32677	32553	1	0.015152
32677	32630	2	0.030303
32677	31978	1	0.015152
32677	33067	1	0.015152
32677	32354	1	0.015152
32677	31918	1	0.015152
32677	32336	4	0.060606
32677	32696	1	0.015152
32677	31348	1	0.015152
32677	32846	2	0.030303
32677	32150	2	0.030303
32677	32599	1	0.015152
32677	32280	1	0.015152
32677	32029	2	0.030303
32677	31781	1	0.015152
32678	31280	1	0.045455
32679	32096	4	0.333333
32679	31200	2	0.166667
32679	32258	1	0.083333
32679	32419	1	0.083333
32679	32171	20	1.666667
32679	32431	2	0.166667
32679	31828	5	0.416667
32679	31574	2	0.166667
32679	32696	2	0.166667
32679	31674	2	0.166667
32679	31295	2	0.166667
32682	31776	1	0.100000
32682	31649	1	0.100000
32682	31267	2	0.200000
32682	32431	1	0.100000
32682	31252	1	0.100000
32682	32280	1	0.100000
32682	31833	1	0.100000
32683	31182	1	0.002315
32683	32431	1	0.002315
32683	32561	1	0.002315
32683	32245	2	0.004630
32683	32796	1	0.002315
32683	31295	1	0.002315
32684	32460	9	3.000000
32685	31295	6	0.009464
32686	32736	2	0.001212
32686	32354	2	0.001212
32686	32419	2	0.001212
32686	31364	13	0.007879
32686	32261	2	0.001212
32686	32172	4	0.002424
32686	32717	11	0.006667
32686	31267	1	0.000606
32686	32258	1	0.000606
32686	32147	2	0.001212
32686	32599	2	0.001212
32686	32696	23	0.013939
32686	31844	2	0.001212
32686	32219	2	0.001212
32686	31868	6	0.003636
32686	31806	2	0.001212
32686	31295	3	0.001818
32687	32736	4	0.014760
32687	31841	1	0.003690
32687	31195	1	0.003690
32687	31844	3	0.011070
32687	32965	1	0.003690
32687	31201	1	0.003690
32687	32651	1	0.003690
32687	31570	1	0.003690
32687	31355	1	0.003690
32687	32431	2	0.007380
32687	31634	4	0.014760
32687	32147	4	0.014760
32687	31168	1	0.003690
32687	33038	2	0.007380
32687	31510	2	0.007380
32687	32599	3	0.011070
32687	32696	10	0.036900
32687	31353	5	0.018450
32687	32219	11	0.040590
32687	32371	1	0.003690
32687	31295	10	0.036900
32688	31978	75	1.923077
32690	32768	1	0.001008
32690	32640	1	0.001008
32690	32677	4	0.004032
32690	33000	1	0.001008
32690	32207	1	0.001008
32690	32471	2	0.002016
32690	31165	2	0.002016
32690	31295	9	0.009073
32692	31642	5	0.079365
32692	32965	1	0.015873
32695	31459	1	0.034483
32695	32837	4	0.137931
32696	32512	13	0.005225
32696	32258	3	0.001206
32696	31748	1	0.000402
32696	32261	142	0.057074
32696	32519	5	0.002010
32696	32651	1	0.000402
32696	32147	45	0.018087
32696	32533	3	0.001206
32696	32278	8	0.003215
32696	32645	1	0.000402
32696	31897	2	0.000804
32696	32540	1	0.000402
32696	32415	1	0.000402
32696	32042	2	0.000804
32696	31659	29	0.011656
32696	32431	15	0.006029
32696	32310	5	0.002010
32696	31799	1	0.000402
32696	32447	4	0.001608
32696	31680	2	0.000804
32696	31433	1	0.000402
32696	31179	1	0.000402
32696	31180	1	0.000402
32696	31824	1	0.000402
32696	32722	1	0.000402
32696	33108	2	0.000804
32696	32599	77	0.030949
32696	31833	1	0.000402
32696	32219	156	0.062701
32696	31202	1	0.000402
32696	31844	16	0.006431
32696	32229	2	0.000804
32696	32103	2	0.000804
32696	32831	1	0.000402
32696	33006	1	0.000402
32696	31894	1	0.000402
32696	32758	1	0.000402
32696	31721	1	0.000402
32696	31737	2	0.000804
32696	31295	337	0.135450
32696	32126	2	0.000804
32698	32512	1	0.001808
32698	31491	2	0.003617
32698	32519	28	0.050633
32698	31883	3	0.005425
32698	32525	5	0.009042
32698	31374	2	0.003617
32698	31634	2	0.003617
32698	32147	5	0.009042
32698	32837	1	0.001808
32698	31776	1	0.001808
32698	31525	2	0.003617
32698	32391	1	0.001808
32698	31367	1	0.001808
32698	31406	2	0.003617
32698	32431	2	0.003617
32698	33074	1	0.001808
32698	32696	6	0.010850
32698	31295	33	0.059675
32698	32651	2	0.003617
32698	32965	20	0.036166
32698	32198	1	0.001808
32698	33102	12	0.021700
32698	31373	1	0.001808
32698	32846	1	0.001808
32698	31574	2	0.003617
32698	32599	11	0.019892
32698	31833	4	0.007233
32698	32090	3	0.005425
32698	32219	3	0.005425
32698	32319	458	0.828210
32698	32736	954	1.725136
32698	31459	1	0.001808
32698	31844	1	0.001808
32698	31973	2	0.003617
32698	31978	9	0.016275
32698	31737	9	0.016275
32698	31995	2	0.003617
32699	32103	22	1.571429
32699	32219	55	3.928571
32699	32310	11	0.785714
32699	32431	439	31.357143
32700	32096	2	1.000000
32700	32002	2	1.000000
32700	32099	2	1.000000
32700	32679	2	1.000000
32700	32968	2	1.000000
32700	31497	2	1.000000
32700	32807	2	1.000000
32700	32332	2	1.000000
32700	32013	2	1.000000
32700	31339	2	1.000000
32700	32431	2	1.000000
32700	32208	2	1.000000
32700	32114	2	1.000000
32700	32158	2	1.000000
32700	32171	6	3.000000
32700	32926	2	1.000000
32703	31321	1	0.024390
32709	31844	1	0.058824
32709	31268	1	0.058824
32714	31776	3	0.001405
32714	32736	1	0.000468
32714	31675	1	0.000468
32714	31748	2	0.000937
32714	32261	5	0.002342
32714	32304	1	0.000468
32714	32631	1	0.000468
32714	32524	2	0.000937
32714	31935	1	0.000468
32714	31822	29	0.013583
32714	32944	1	0.000468
32714	31443	1	0.000468
32714	32278	4	0.001874
32714	32599	2	0.000937
32714	32696	4	0.001874
32714	31844	3	0.001405
32714	31295	1	0.000468
32714	33117	1	0.000468
32714	32965	2	0.000937
32715	33050	3	0.023438
32715	31179	1	0.007812
32715	32310	1	0.007812
32716	32696	3	0.021898
32716	33075	5	0.036496
32716	31294	4	0.029197
32717	32686	1	0.100000
32718	31776	1	0.001887
32718	32130	5	0.009434
32718	31879	1	0.001887
32718	31737	1	0.001887
32718	32345	8	0.015094
32718	31711	1	0.001887
32720	31776	2	0.039216
32720	32965	2	0.039216
32720	32580	1	0.019608
32720	32581	1	0.019608
32720	32039	1	0.019608
32720	32108	1	0.019608
32720	31754	1	0.019608
32720	32876	1	0.019608
32720	32425	1	0.019608
32720	32855	1	0.019608
32720	32216	1	0.019608
32720	32219	13	0.254902
32720	31260	1	0.019608
32720	32447	2	0.039216
32721	32901	2	0.001400
32721	32651	9	0.006298
32721	31634	29	0.020294
32721	33043	2	0.001400
32721	33071	2	0.001400
32721	32261	2	0.001400
32721	31776	5	0.003499
32721	32219	26	0.018195
32721	32172	1	0.000700
32721	32431	8	0.005598
32721	31475	2	0.001400
32721	32696	16	0.011197
32721	31164	2	0.001400
32721	31295	88	0.061582
32721	31551	2	0.001400
32721	33090	2	0.001400
32721	32965	8	0.005598
32721	31180	2	0.001400
32721	33102	3	0.002099
32721	31567	2	0.001400
32721	32419	4	0.002799
32721	31574	3	0.002099
32721	32599	28	0.019594
32721	31195	2	0.001400
32721	32447	2	0.001400
32721	32736	15	0.010497
32721	31844	1	0.000700
32721	31978	5	0.003499
32721	32147	1	0.000700
32721	31737	5	0.003499
32721	31355	2	0.001400
32722	31776	1	0.001587
32722	32736	4	0.006349
32722	31355	2	0.003175
32722	31844	21	0.033333
32722	32965	15	0.023810
32722	31271	976	1.549206
32722	32172	1	0.001587
32722	33102	1	0.001587
32722	32431	2	0.003175
32722	32944	5	0.007937
32722	32096	3	0.004762
32722	32147	1	0.001587
32722	32419	5	0.007937
32722	32599	1	0.001587
32722	32696	7	0.011111
32722	31737	1	0.001587
32722	33050	6	0.009524
32722	32219	11	0.017460
32722	31310	1	0.001587
32722	31295	1	0.001587
32724	31365	1	1.000000
32724	32796	1	1.000000
32724	32171	1	1.000000
32724	32909	5	5.000000
32724	33050	2	2.000000
32724	32604	1	1.000000
32725	32640	2	0.001965
32725	32258	13	0.012770
32725	32519	2	0.001965
32725	32399	1	0.000982
32725	31761	3	0.002947
32725	32965	2	0.001965
32725	31776	2	0.001965
32725	32677	1	0.000982
32725	32172	7	0.006876
32725	32431	2	0.001965
32725	32944	2	0.001965
32725	33074	2	0.001965
32725	32949	1	0.000982
32725	31295	1	0.000982
32725	31478	1	0.000982
32725	31688	13	0.012770
32725	31574	1	0.000982
32725	32471	1	0.000982
32725	31578	3	0.002947
32725	32734	5	0.004912
32725	31781	8	0.007859
32725	32736	9	0.008841
32725	31222	1	0.000982
32725	32888	3	0.002947
32726	31247	1	0.003106
32726	32017	1	0.003106
32726	32149	1	0.003106
32726	31894	1	0.003106
32726	32837	1	0.003106
32726	31524	1	0.003106
32726	32172	4	0.012422
32726	31662	1	0.003106
32726	32431	1	0.003106
32726	32696	3	0.009317
32726	32447	1	0.003106
32726	31300	1	0.003106
32726	32965	1	0.003106
32726	32198	10	0.031056
32726	32715	1	0.003106
32726	32469	1	0.003106
32726	31833	2	0.006211
32726	32219	2	0.006211
32726	31844	2	0.006211
32726	31208	1	0.003106
32726	31466	6	0.018634
32726	31476	1	0.003106
32726	31995	1	0.003106
32726	32383	1	0.003106
32727	31824	4	0.014545
32727	32585	2	0.007273
32727	32718	2	0.007273
32733	32965	3	0.006160
32733	32278	2	0.004107
32733	32599	3	0.006160
32734	32258	4	0.010499
32734	32725	13	0.034121
32734	31550	1	0.002625
32734	31165	2	0.005249
32735	32219	28	0.027750
32735	31430	1	0.000991
32735	31658	1	0.000991
32735	31355	1	0.000991
32735	33074	2	0.001982
32735	32339	1	0.000991
32735	33083	3	0.002973
32735	32796	1	0.000991
32736	32130	1	0.000584
32736	31748	2	0.001168
32736	32645	1	0.000584
32736	31711	2	0.001168
32736	31367	2	0.001168
32736	32651	6	0.003505
32736	31822	66	0.038551
32736	31373	2	0.001168
32736	32911	1	0.000584
32736	31755	2	0.001168
32736	32017	1	0.000584
32736	32149	4	0.002336
32736	32217	1	0.000584
32736	32280	2	0.001168
32736	31897	2	0.001168
32736	32411	4	0.002336
32736	31802	2	0.001168
32736	32030	6	0.003505
32736	32415	3	0.001752
32736	31776	57	0.033294
32736	32673	8	0.004673
32736	31522	1	0.000584
32736	32419	2	0.001168
32736	31780	1	0.000584
32736	32037	2	0.001168
32736	31631	1	0.000584
32736	31271	2	0.001168
32736	32936	5	0.002921
32736	32092	2	0.001168
32736	32900	3	0.001752
32736	31533	1	0.000584
32736	32686	1	0.000584
32736	32431	28	0.016355
32736	31280	1	0.000584
32736	32561	1	0.000584
32736	32258	5	0.002921
32736	33075	1	0.000584
32736	32949	2	0.001168
32736	32687	2	0.001168
32736	32698	4	0.002336
32736	33119	1	0.000584
32736	32399	3	0.001752
32736	31549	7	0.004089
32736	31295	20	0.011682
32736	32323	1	0.000584
32736	32965	5	0.002921
32736	32198	5	0.002921
32736	31688	5	0.002921
32736	31689	1	0.000584
32736	31179	4	0.002336
32736	33102	15	0.008762
32736	31219	1	0.000584
32736	32624	1	0.000584
32736	31313	1	0.000584
32736	31314	1	0.000584
32736	31443	17	0.009930
32736	32725	2	0.001168
32736	31918	1	0.000584
32736	31524	1	0.000584
32736	31578	4	0.002336
32736	32219	86	0.050234
32736	31324	1	0.000584
32736	31866	1	0.000584
32736	31454	1	0.000584
32736	31967	1	0.000584
32736	31696	1	0.000584
32736	31331	1	0.000584
32736	32868	1	0.000584
32736	32229	3	0.001752
32736	31975	2	0.001168
32736	32831	1	0.000584
32736	31721	1	0.000584
32736	33004	1	0.000584
32736	31342	1	0.000584
32736	31216	1	0.000584
32736	33000	1	0.000584
32736	32627	4	0.002336
32736	31222	1	0.000584
32736	32120	4	0.002336
32736	31737	14	0.008178
32736	32644	1	0.000584
32736	32447	6	0.003505
32736	32252	1	0.000584
32737	32696	1	0.005000
32737	31776	2	0.010000
32737	32278	1	0.005000
32737	32965	4	0.020000
32737	31822	5	0.025000
32739	32696	1	0.008929
32739	32881	2	0.017857
32740	32944	1	0.004255
32740	32696	1	0.004255
32740	31858	3	0.012766
32740	31295	1	0.004255
32743	32384	3	0.015544
32743	32258	1	0.005181
32743	32643	3	0.015544
32743	32133	2	0.010363
32743	31587	2	0.010363
32743	33047	3	0.015544
32743	31502	3	0.015544
32743	32530	3	0.015544
32743	32195	3	0.015544
32743	31455	1	0.005181
32743	32089	2	0.010363
32743	32351	3	0.015544
32743	32667	2	0.010363
32743	32284	3	0.015544
32743	32219	2	0.010363
32743	32543	1	0.005181
32743	33072	2	0.010363
32743	31651	2	0.010363
32743	32036	2	0.010363
32743	31782	2	0.010363
32743	32796	2	0.010363
32743	32683	2	0.010363
32743	31280	2	0.010363
32743	32599	3	0.015544
32743	31219	3	0.015544
32743	32696	2	0.010363
32743	32314	2	0.010363
32743	32955	3	0.015544
32743	31712	1	0.005181
32743	32971	3	0.015544
32743	33094	2	0.010363
32743	32071	1	0.005181
32743	32457	3	0.015544
32743	32970	2	0.010363
32743	32203	2	0.010363
32743	31565	2	0.010363
32743	32462	2	0.010363
32743	32944	4	0.020725
32743	31313	3	0.015544
32743	31955	2	0.010363
32743	31444	2	0.010363
32743	32085	2	0.010363
32743	32598	2	0.010363
32743	32735	2	0.010363
32743	32473	2	0.010363
32743	33114	2	0.010363
32743	31579	2	0.010363
32743	31331	2	0.010363
32743	32095	2	0.010363
32743	32304	3	0.015544
32743	32251	2	0.010363
32743	32100	1	0.005181
32743	31212	3	0.015544
32743	31985	2	0.010363
32743	32242	2	0.010363
32743	31731	2	0.010363
32743	33016	2	0.010363
32743	32763	3	0.015544
32743	31228	1	0.005181
32743	33022	2	0.010363
32744	31844	2	0.004751
32744	32965	2	0.004751
32744	32627	18	0.042755
32744	31222	237	0.562945
32744	32599	4	0.009501
32744	32696	8	0.019002
32744	32026	2	0.004751
32745	32736	887	0.949679
32745	32449	886	0.948608
32745	32419	2	0.002141
32745	31844	2	0.002141
32745	32965	3	0.003212
32745	31878	886	0.948608
32745	32519	6	0.006424
32745	32651	9	0.009636
32745	32261	8	0.008565
32745	31441	1773	1.898287
32745	32498	887	0.949679
32745	32147	1	0.001071
32745	32099	1	0.001071
32745	32757	886	0.948608
32745	32599	4	0.004283
32745	32696	9	0.009636
32745	32219	4	0.004283
32745	31295	1	0.001071
32746	32553	6	0.024194
32746	32149	2	0.008065
32746	31295	5	0.020161
32748	31833	1	0.003559
32748	32258	2	0.007117
32748	32923	1	0.003559
32748	31972	1	0.003559
32748	32725	1	0.003559
32749	31623	369	123.000000
32750	32796	425	1.009501
32750	31495	1	0.002375
32754	31822	114	2.000000
32758	31684	109	1.493151
32759	32881	1	0.025000
32760	31280	1	0.033333
32760	31331	1	0.033333
32760	33047	1	0.033333
32762	31822	114	2.000000
32764	32896	34	1.000000
32764	32960	1	0.029412
32764	32266	1	0.029412
32764	32647	34	1.000000
32764	32520	1	0.029412
32764	31276	1	0.029412
32764	32522	1	0.029412
32764	32779	34	1.000000
32764	32770	1	0.029412
32764	32145	34	1.000000
32764	31508	1	0.029412
32764	32149	44	1.294118
32764	31882	1	0.029412
32764	32791	34	1.000000
32764	32664	34	1.000000
32764	32922	2	0.058824
32764	32239	1	0.029412
32764	31813	34	1.000000
32764	31648	34	1.000000
32764	31778	1	0.029412
32764	31524	39	1.147059
32764	32424	34	1.000000
32764	32848	1	0.029412
32764	32927	34	1.000000
32764	32302	1	0.029412
32764	31537	34	1.000000
32764	31538	2	0.058824
32764	32182	1	0.029412
32764	32695	1	0.029412
32764	31545	1	0.029412
32764	32698	38	1.117647
32764	32676	34	1.000000
32764	31805	34	1.000000
32764	32830	1	0.029412
32764	32319	1	0.029412
32764	31424	34	1.000000
32764	32160	1	0.029412
32764	31555	34	1.000000
32764	32452	1	0.029412
32764	32837	36	1.058824
32764	32198	44	1.294118
32764	31662	1	0.029412
32764	31820	34	1.000000
32764	31488	1	0.029412
32764	31819	34	1.000000
32764	32204	34	1.000000
32764	32845	34	1.000000
32764	31406	1	0.029412
32764	31825	1	0.029412
32764	32339	1	0.029412
32764	32084	1	0.029412
32764	32469	38	1.117647
32764	32726	1	0.029412
32764	31575	34	1.000000
32764	32601	34	1.000000
32764	32218	34	1.000000
32764	32475	34	1.000000
32764	31196	34	1.000000
32764	31710	34	1.000000
32764	32863	34	1.000000
32764	32993	1	0.029412
32764	31459	1	0.029412
32764	31462	34	1.000000
32764	31633	2	0.058824
32764	31208	1	0.029412
32764	32746	1	0.029412
32764	31854	1	0.029412
32764	32637	1	0.029412
32764	32243	34	1.000000
32764	31486	1	0.029412
32764	31990	1	0.029412
32764	32247	34	1.000000
32764	31995	1	0.029412
32764	32636	34	1.000000
32764	31466	2	0.058824
32764	32254	34	1.000000
32765	31489	2	0.002060
32765	31362	2	0.002060
32765	32965	4	0.004119
32765	32172	10	0.010299
32765	32258	3	0.003090
32765	32431	7	0.007209
32765	31605	3	0.003090
32765	32534	3	0.003090
32765	32410	6	0.006179
32765	32219	5	0.005149
32765	32447	5	0.005149
32766	31844	2	0.003115
32766	32965	2	0.003115
32766	32261	2	0.003115
32766	32399	17	0.026480
32766	31578	5	0.007788
32766	31295	2	0.003115
