Src	Trg	LinkCount	RelLinkCount
28674	28344	1	0.001088
28674	28113	2	0.002176
28674	27950	1	0.001088
28676	28416	6	0.000819
28676	27875	52	0.007100
28676	28453	3	0.000410
28676	29062	2	0.000273
28676	28327	2	0.000273
28676	28456	6224	0.849809
28676	28106	8	0.001092
28676	28811	4	0.000546
28676	27950	419	0.057209
28676	27899	2	0.000273
28676	28392	541	0.073867
28676	28835	2	0.000273
28676	28084	5	0.000683
28676	28341	6223	0.849672
28676	28919	4	0.000546
28676	28095	1	0.000137
28676	28029	33	0.004506
28676	28991	1	0.000137
28677	27899	17	0.944444
28678	27624	6	1.200000
28678	28655	3	0.600000
28679	28902	46	0.028607
28679	28035	59	0.036692
28679	28935	59	0.036692
28679	28815	46	0.028607
28679	27920	46	0.028607
28679	28051	59	0.036692
28679	28185	59	0.036692
28679	27419	46	0.028607
28679	28316	59	0.036692
28679	28957	46	0.028607
28679	27679	1142	0.710199
28679	27696	59	0.036692
28679	28325	59	0.036692
28679	28710	7328	4.557214
28679	28711	59	0.036692
28679	29044	46	0.028607
28679	28330	46	0.028607
28679	28848	46	0.028607
28679	27695	46	0.028607
28679	27824	59	0.036692
28679	27697	59	0.036692
28679	29104	46	0.028607
28679	27636	59	0.036692
28679	28091	46	0.028607
28679	28262	2	0.001244
28679	27839	46	0.028607
28679	27456	59	0.036692
28679	27588	59	0.036692
28679	27848	46	0.028607
28679	29136	46	0.028607
28679	28625	59	0.036692
28679	28884	59	0.036692
28679	29014	59	0.036692
28679	28633	46	0.028607
28679	28096	46	0.028607
28679	28641	59	0.036692
28679	28002	61	0.037935
28679	29027	59	0.036692
28679	27558	46	0.028607
28679	27750	46	0.028607
28679	28903	59	0.036692
28679	28525	46	0.028607
28679	28531	46	0.028607
28679	27764	59	0.036692
28679	27515	46	0.028607
28681	28192	2	0.002688
28681	28480	1	0.001344
28681	28739	3	0.004032
28681	27899	1	0.001344
28681	28106	2	0.002688
28681	28496	2	0.002688
28681	27707	1	0.001344
28681	28659	1	0.001344
28681	28918	7	0.009409
28681	28859	1	0.001344
28681	28029	1	0.001344
28683	28161	1	0.000186
28683	27652	1	0.000186
28683	28591	1	0.000186
28683	27654	1	0.000186
28683	27517	1	0.000186
28683	27656	1	0.000186
28683	29015	1	0.000186
28683	28172	1	0.000186
28683	28689	2	0.000372
28683	28690	4	0.000744
28683	27667	6	0.001116
28683	28078	1	0.000186
28683	27672	1	0.000186
28683	28698	19	0.003536
28683	28079	4	0.000744
28683	28701	1	0.000186
28683	27452	1	0.000186
28683	28194	1	0.000186
28683	28251	6	0.001116
28683	28558	1	0.000186
28683	27687	1	0.000186
28683	28200	3	0.000558
28683	28201	1	0.000186
28683	28202	1	0.000186
28683	27655	1	0.000186
28683	28209	1	0.000186
28683	28725	6	0.001116
28683	27702	1	0.000186
28683	28733	2	0.000372
28683	28085	1	0.000186
28683	28224	3	0.000558
28683	28225	1	0.000186
28683	28226	2	0.000372
28683	28739	1	0.000186
28683	28231	1	0.000186
28683	27720	1	0.000186
28683	28745	1	0.000186
28683	28234	1	0.000186
28683	27725	1	0.000186
28683	28751	4	0.000744
28683	27729	7	0.001303
28683	28242	1	0.000186
28683	27732	1	0.000186
28683	28759	1	0.000186
28683	28506	4	0.000744
28683	28762	14	0.002605
28683	28763	1	0.000186
28683	27740	1	0.000186
28683	27741	1	0.000186
28683	27743	1	0.000186
28683	28769	1	0.000186
28683	28260	1	0.000186
28683	28263	1	0.000186
28683	28777	1	0.000186
28683	27755	1	0.000186
28683	29096	1	0.000186
28683	28781	1	0.000186
28683	27758	2	0.000372
28683	27762	1	0.000186
28683	28275	2	0.000372
28683	27582	2	0.000372
28683	28790	1	0.000186
28683	27531	1	0.000186
28683	28280	1	0.000186
28683	27773	1	0.000186
28683	28949	2	0.000372
28683	28290	1	0.000186
28683	28523	2	0.000372
28683	28292	1	0.000186
28683	29103	1	0.000186
28683	28609	1	0.000186
28683	28296	1	0.000186
28683	29036	1	0.000186
28683	28304	1	0.000186
28683	28018	7	0.001303
28683	28307	1	0.000186
28683	28308	2	0.000372
28683	28821	18	0.003349
28683	27798	1	0.000186
28683	27799	1	0.000186
28683	28312	1	0.000186
28683	27804	1	0.000186
28683	28070	2	0.000372
28683	28528	1	0.000186
28683	27675	2	0.000372
28683	27429	1	0.000186
28683	28017	1	0.000186
28683	28426	4	0.000744
28683	28943	1	0.000186
28683	27822	1	0.000186
28683	28189	1	0.000186
28683	28849	1	0.000186
28683	28859	21	0.003908
28683	29130	1	0.000186
28683	28864	1	0.000186
28683	28353	1	0.000186
28683	28867	1	0.000186
28683	28461	1	0.000186
28683	28359	1	0.000186
28683	28874	1	0.000186
28683	27851	1	0.000186
28683	28364	1	0.000186
28683	28365	1	0.000186
28683	28366	1	0.000186
28683	28879	1	0.000186
28683	28368	2	0.000372
28683	27858	3	0.000558
28683	28371	1	0.000186
28683	28374	1	0.000186
28683	28379	1	0.000186
28683	27868	2	0.000372
28683	28382	1	0.000186
28683	27871	2	0.000372
28683	28898	3	0.000558
28683	28899	1	0.000186
28683	28388	1	0.000186
28683	27878	1	0.000186
28683	28391	1	0.000186
28683	27712	1	0.000186
28683	27516	1	0.000186
28683	28657	1	0.000186
28683	27884	4	0.000744
28683	28684	1	0.000186
28683	27887	1	0.000186
28683	27968	1	0.000186
28683	28402	1	0.000186
28683	28919	1	0.000186
28683	27897	1	0.000186
28683	27899	931	0.173242
28683	28924	3	0.000558
28683	27690	1	0.000186
28683	28417	1	0.000186
28683	27908	3	0.000558
28683	28421	1	0.000186
28683	28425	2	0.000372
28683	27914	1	0.000186
28683	28431	1	0.000186
28683	27921	1	0.000186
28683	28946	1	0.000186
28683	28547	1	0.000186
28683	27412	4	0.000744
28683	28974	1	0.000186
28683	28907	2	0.000372
28683	28440	224	0.041682
28683	28954	1	0.000186
28683	28552	1	0.000186
28683	27423	1	0.000186
28683	28891	1	0.000186
28683	28453	27	0.005024
28683	28456	1	0.000186
28683	27433	1	0.000186
28683	27948	7	0.001303
28683	27954	1	0.000186
28683	27950	26	0.004838
28683	27528	1	0.000186
28683	28466	3	0.000558
28683	27955	1	0.000186
28683	28468	1	0.000186
28683	28894	1	0.000186
28683	28982	1	0.000186
28683	28474	1	0.000186
28683	29151	1	0.000186
28683	27964	1	0.000186
28683	27455	1	0.000186
28683	28992	4	0.000744
28683	27606	1	0.000186
28683	28994	2	0.000372
28683	27971	1	0.000186
28683	27972	1	0.000186
28683	28214	1	0.000186
28683	28489	1	0.000186
28683	29002	1	0.000186
28683	29005	1	0.000186
28683	28495	4	0.000744
28683	29008	1	0.000186
28683	27987	1	0.000186
28683	29013	1	0.000186
28683	28875	1	0.000186
28683	28503	1	0.000186
28683	28900	1	0.000186
28683	27482	1	0.000186
28683	27995	1	0.000186
28683	28460	1	0.000186
28683	28000	1	0.000186
28683	27489	2	0.000372
28683	27491	30	0.005582
28683	29073	2	0.000372
28683	28009	1	0.000186
28683	27879	2	0.000372
28683	27500	1	0.000186
28683	27504	3	0.000558
28683	28529	1	0.000186
28683	28530	1	0.000186
28683	28024	1	0.000186
28683	28027	15	0.002791
28683	28540	1	0.000186
28683	28029	16	0.002977
28683	29055	1	0.000186
28683	28480	35	0.006513
28683	27666	1	0.000186
28683	27883	1	0.000186
28683	27524	1	0.000186
28683	27451	1	0.000186
28683	28555	1	0.000186
28683	28044	1	0.000186
28683	28046	1	0.000186
28683	28561	1	0.000186
28683	27850	1	0.000186
28683	27541	1	0.000186
28683	27542	11	0.002047
28683	27548	1	0.000186
28683	28573	1	0.000186
28683	27552	1	0.000186
28683	27553	1	0.000186
28683	27555	1	0.000186
28683	28069	1	0.000186
28683	28639	1	0.000186
28683	28071	1	0.000186
28683	28584	16	0.002977
28683	28585	1	0.000186
28683	29098	1	0.000186
28683	27719	1	0.000186
28683	28076	1	0.000186
28683	28895	1	0.000186
28683	27567	1	0.000186
28683	27568	1	0.000186
28683	27573	1	0.000186
28683	27977	1	0.000186
28683	28604	1	0.000186
28683	28094	12	0.002233
28683	28608	27	0.005024
28683	28097	3	0.000558
28683	27586	1	0.000186
28683	28611	1	0.000186
28683	27589	1	0.000186
28683	28615	1	0.000186
28683	28105	1	0.000186
28683	28106	21	0.003908
28683	28619	1	0.000186
28683	29132	1	0.000186
28683	28622	2	0.000372
28683	28623	10657	1.983067
28683	28113	5	0.000930
28683	29138	1	0.000186
28683	29140	5024	0.934872
28683	28629	1	0.000186
28683	29135	1	0.000186
28683	28324	3	0.000558
28683	28634	1	0.000186
28683	29147	1	0.000186
28683	28636	2	0.000372
28683	29149	1	0.000186
28683	28126	2	0.000372
28683	27615	1	0.000186
28683	27618	2	0.000372
28683	27643	1	0.000186
28683	27621	10	0.001861
28683	27624	1	0.000186
28683	28137	1	0.000186
28683	29162	1	0.000186
28683	28652	1	0.000186
28683	27629	1	0.000186
28683	27632	1	0.000186
28683	27560	1	0.000186
28683	27634	1	0.000186
28683	28147	2	0.000372
28683	27637	1	0.000186
28683	28665	1	0.000186
28683	28666	1	0.000186
28683	28667	1	0.000186
28683	28156	1	0.000186
28683	27645	1	0.000186
28683	28670	1	0.000186
28684	28032	6	0.007663
28684	28859	2	0.002554
28684	28466	1	0.001277
28684	27635	5	0.006386
28684	28440	14	0.017880
28684	28698	1	0.001277
28684	27899	2	0.002554
28685	29034	1	0.076923
28685	27950	4	0.307692
28686	27884	1	0.028571
28686	27950	1	0.028571
28686	27534	1	0.028571
28686	28440	2	0.057143
28686	27899	1	0.028571
28686	27701	1	0.028571
28687	28106	3	0.061224
28687	27899	1	0.020408
28689	28032	2	0.001267
28689	28416	1	0.000633
28689	29063	1	0.000633
28689	28938	2	0.001267
28689	28299	90	0.056998
28689	28821	8	0.005066
28689	28310	98	0.062065
28689	28440	282	0.178594
28689	28698	18	0.011400
28689	27934	1	0.000633
28689	28064	1	0.000633
28689	28835	3	0.001900
28689	28453	48	0.030399
28689	28584	6	0.003800
28689	28725	2	0.001267
28689	28857	1	0.000633
28689	27701	1	0.000633
28689	28480	6	0.003800
28689	28683	8	0.005066
28689	28745	1	0.000633
28689	28106	13	0.008233
28689	28623	2	0.001267
28689	29140	1	0.000633
28689	28251	1	0.000633
28689	28126	2	0.001267
28689	28898	1	0.000633
28689	27491	2	0.001267
28689	27621	22	0.013933
28689	27762	2	0.001267
28689	27894	2	0.001267
28689	28500	1	0.000633
28689	27899	18	0.011400
28689	28029	13	0.008233
28690	28495	3	0.003080
28690	27899	2	0.002053
28690	27684	3	0.003080
28690	28425	2	0.002053
28690	28106	10	0.010267
28690	28683	5	0.005133
28690	28108	9	0.009240
28690	27983	6	0.006160
28690	28824	3	0.003080
28690	29140	12	0.012320
28690	28989	3	0.003080
28690	28886	8	0.008214
28690	28440	30	0.030801
28690	28698	2	0.002053
28690	27832	3	0.003080
28690	27452	5	0.005133
28690	28029	9	0.009240
28692	27968	2	0.153846
28692	27621	1	0.076923
28697	27950	4	0.266667
28698	27655	1	0.000290
28698	28683	24	0.006969
28698	28172	1	0.000290
28698	28689	1	0.000290
28698	28404	1	0.000290
28698	27679	1	0.000290
28698	28192	9	0.002613
28698	28739	1	0.000290
28698	28231	1	0.000290
28698	28745	1	0.000290
28698	28234	1	0.000290
28698	28751	1	0.000290
28698	27729	2	0.000581
28698	28249	1	0.000290
28698	28097	1	0.000290
28698	28811	1	0.000290
28698	28821	8	0.002323
28698	28844	1	0.000290
28698	28344	8	0.002323
28698	28859	12	0.003484
28698	28359	1	0.000290
28698	27858	2	0.000581
28698	28622	1	0.000290
28698	28886	10	0.002904
28698	27868	3	0.000871
28698	28894	1	0.000290
28698	28900	1	0.000290
28698	27884	1	0.000290
28698	28684	2	0.000581
28698	28402	1	0.000290
28698	27892	2	0.000581
28698	28919	2	0.000581
28698	27898	1	0.000290
28698	27899	128	0.037166
28698	28924	46	0.013357
28698	28928	1	0.000290
28698	28425	1	0.000290
28698	28938	2	0.000581
28698	28431	1	0.000290
28698	27412	1	0.000290
28698	28949	1	0.000290
28698	28440	31	0.009001
28698	28453	5	0.001452
28698	27950	13	0.003775
28698	28975	1	0.000290
28698	28466	2	0.000581
28698	27964	1	0.000290
28698	27454	2	0.000581
28698	28480	1	0.000290
28698	29005	2	0.000581
28698	28495	5	0.001452
28698	27476	1	0.000290
28698	27479	27151	7.883566
28698	28001	1	0.000290
28698	27491	44	0.012776
28698	28523	2	0.000581
28698	27504	7	0.002033
28698	28018	2	0.000581
28698	28027	3	0.000871
28698	28028	1	0.000290
28698	28029	5	0.001452
28698	28030	1	0.000290
28698	28992	2	0.000581
28698	28547	1	0.000290
28698	29062	6	0.001742
28698	27527	27150	7.883275
28698	28041	1	0.000290
28698	28053	2	0.000581
28698	27542	1	0.000290
28698	27553	1	0.000290
28698	28584	11	0.003194
28698	28585	1	0.000290
28698	29098	3	0.000871
28698	29103	2	0.000581
28698	28084	1	0.000290
28698	28916	1	0.000290
28698	28094	2	0.000581
28698	28608	14	0.004065
28698	28609	1	0.000290
28698	27586	3	0.000871
28698	28106	8	0.002323
28698	28619	1	0.000290
28698	29134	1	0.000290
28698	28623	2	0.000581
28698	28113	2	0.000581
28698	29140	22	0.006388
28698	29147	1	0.000290
28698	28636	1	0.000290
28698	29149	1	0.000290
28698	28639	1	0.000290
28698	28923	2	0.000581
28698	28644	1	0.000290
28698	27621	2	0.000581
28698	29161	1	0.000290
28698	27629	1	0.000290
28698	29096	1	0.000290
28698	28662	1	0.000290
28698	27643	5	0.001452
28700	27875	25	1.000000
28701	28440	6	0.038961
28701	28344	2	0.012987
28701	27491	1	0.006494
28701	27828	150	0.974026
28701	28821	1	0.006494
28702	28192	2	0.007018
28702	27587	4	0.014035
28702	27878	283	0.992982
28702	28619	3	0.010526
28702	27890	1	0.003509
28702	28084	1	0.003509
28703	28811	1	0.015873
28703	27540	585	9.285714
28703	27950	4	0.063492
28705	28029	2	0.222222
28706	28584	1	0.014706
28706	27704	1	0.014706
28706	28938	1	0.014706
28706	28804	1	0.014706
28706	27950	1	0.014706
28709	27808	2	0.014493
28709	28192	2	0.014493
28709	27950	2	0.014493
28709	28495	9	0.065217
28709	27634	6	0.043478
28709	27679	2	0.014493
28710	28096	42	0.029787
28710	28035	42	0.029787
28710	27696	42	0.029787
28710	27824	43	0.030496
28710	28815	42	0.029787
28710	27920	42	0.029787
28710	28051	42	0.029787
28710	28185	42	0.029787
28710	27419	43	0.030496
28710	28316	42	0.029787
28710	28957	28	0.019858
28710	27679	938	0.665248
28710	28848	28	0.019858
28710	28325	42	0.029787
28710	27558	28	0.019858
28710	28711	42	0.029787
28710	29044	29	0.020567
28710	28330	42	0.029787
28710	28679	42	0.029787
28710	27695	28	0.019858
28710	29104	28	0.019858
28710	27697	42	0.029787
28710	27764	42	0.029787
28710	28091	28	0.019858
28710	28262	27	0.019149
28710	27839	46	0.032624
28710	27456	42	0.029787
28710	27588	42	0.029787
28710	27848	28	0.019858
28710	29136	28	0.019858
28710	28625	42	0.029787
28710	28884	42	0.029787
28710	29014	42	0.029787
28710	28633	28	0.019858
28710	28935	42	0.029787
28710	28641	42	0.029787
28710	28002	46	0.032624
28710	29027	42	0.029787
28710	28902	30	0.021277
28710	27750	28	0.019858
28710	28903	42	0.029787
28710	28525	28	0.019858
28710	28531	28	0.019858
28710	27636	42	0.029787
28710	27515	28	0.019858
28711	28902	30	0.023585
28711	28035	44	0.034591
28711	28935	44	0.034591
28711	28815	30	0.023585
28711	27920	30	0.023585
28711	28051	44	0.034591
28711	28185	44	0.034591
28711	27419	30	0.023585
28711	28316	44	0.034591
28711	28957	30	0.023585
28711	27679	872	0.685535
28711	27696	44	0.034591
28711	28325	44	0.034591
28711	28710	5631	4.426887
28711	29044	30	0.023585
28711	28330	30	0.023585
28711	28679	44	0.034591
28711	27695	30	0.023585
28711	27824	44	0.034591
28711	27697	44	0.034591
28711	29104	30	0.023585
28711	27636	44	0.034591
28711	28091	30	0.023585
28711	28262	3	0.002358
28711	27839	30	0.023585
28711	27456	44	0.034591
28711	27588	44	0.034591
28711	28848	30	0.023585
28711	27848	30	0.023585
28711	29136	30	0.023585
28711	28625	44	0.034591
28711	28884	44	0.034591
28711	29014	44	0.034591
28711	28633	30	0.023585
28711	28096	30	0.023585
28711	28641	44	0.034591
28711	28002	47	0.036950
28711	29027	44	0.034591
28711	27558	30	0.023585
28711	27750	30	0.023585
28711	28903	44	0.034591
28711	28525	30	0.023585
28711	28531	30	0.023585
28711	27764	44	0.034591
28711	27515	30	0.023585
28712	28192	2	0.012422
28712	28483	1	0.006211
28712	27621	2	0.012422
28712	28623	2	0.012422
28712	28103	1	0.006211
28712	28266	1	0.006211
28712	28333	1	0.006211
28712	27950	1	0.006211
28712	29007	2	0.012422
28712	28916	323	2.006211
28712	28598	1	0.006211
28712	28859	1	0.006211
28712	27484	1	0.006211
28713	28683	1	0.002375
28713	27621	2	0.004751
28713	28584	3	0.007126
28713	28106	10	0.023753
28713	27479	2	0.004751
28713	28495	4	0.009501
28713	27704	2	0.004751
28713	28698	2	0.004751
28713	28835	1	0.002375
28713	28343	6	0.014252
28713	28440	19	0.045131
28713	28938	4	0.009501
28713	28655	2	0.004751
28713	28029	13	0.030879
28713	28126	1	0.002375
28714	27875	1	0.001595
28714	28644	2	0.003190
28714	29138	99	0.157895
28714	27950	309	0.492823
28714	29103	1	0.001595
28714	28465	6681	10.655502
28714	28402	637	1.015949
28714	28084	1	0.001595
28714	28440	2	0.003190
28714	28029	1	0.001595
28716	27449	107	0.569149
28716	28738	107	0.569149
28716	27507	214	1.138298
28716	27886	3	0.015957
28716	28783	107	0.569149
28717	28888	1	0.019608
28717	27799	1	0.019608
28720	28584	1	0.001742
28720	28835	4	0.006969
28720	28668	309	0.538328
28720	27950	7	0.012195
28723	28192	2	0.029412
28723	29098	1	0.014706
28723	27950	1	0.014706
28723	28495	1	0.014706
28723	28440	1	0.014706
28723	27899	2	0.029412
28723	27423	68	1.000000
28725	28106	4	0.085106
28725	27899	2	0.042553
28725	28821	47	1.000000
28727	28584	1	0.012658
28727	28084	1	0.012658
28727	28029	2	0.025316
28727	27950	13	0.164557
28727	29103	4	0.050633
28729	28440	1	0.013333
28729	28192	1	0.013333
28729	27530	3	0.040000
28729	28029	1	0.013333
28729	28622	5	0.066667
28732	27560	2	0.019608
28732	27875	97	0.950980
28732	27950	2	0.019608
28733	28032	2	0.000989
28733	28480	2	0.000989
28733	28886	10	0.004946
28733	29062	1	0.000495
28733	28423	1	0.000495
28733	28938	3	0.001484
28733	28683	14	0.006924
28733	27922	1	0.000495
28733	28821	1	0.000495
28733	27542	2	0.000989
28733	28440	6	0.002967
28733	28698	11	0.005440
28733	28706	1	0.000495
28733	28835	2	0.000989
28733	28453	4	0.001978
28733	28584	11	0.005440
28733	29098	1184	0.585559
28733	28275	1	0.000495
28733	28084	4	0.001978
28733	28725	3	0.001484
28733	27703	1	0.000495
28733	28859	2	0.000989
28733	28095	1	0.000495
28733	28992	7	0.003462
28733	27586	8	0.003956
28733	28106	28	0.013848
28733	28495	1193	0.590010
28733	29140	10	0.004946
28733	27606	3	0.001484
28733	29017	1	0.000495
28733	27738	1	0.000495
28733	28900	1	0.000495
28733	28787	109	0.053907
28733	27894	1	0.000495
28733	27899	3	0.001484
28733	28029	2	0.000989
28734	28882	2	0.001678
28735	28192	2	0.100000
28735	28946	3	0.150000
28735	28844	3	0.150000
28736	28312	57	0.919355
28736	28377	57	0.919355
28736	28467	57	0.919355
28736	27950	1	0.016129
28737	28192	3	0.023810
28737	29062	2	0.015873
28737	28495	1	0.007937
28738	27449	819	0.793605
28738	27507	1638	1.587209
28738	28689	2	0.001938
28738	28310	3	0.002907
28738	28783	819	0.793605
28739	28928	1	0.000953
28739	28547	2	0.001907
28739	29062	2	0.001907
28739	28811	1	0.000953
28739	28821	1	0.000953
28739	28835	1	0.000953
28739	28453	6	0.005720
28739	28584	4	0.003813
28739	27950	1	0.000953
28739	29103	2	0.001907
28739	28466	2	0.001907
28739	28084	1	0.000953
28739	27455	1	0.000953
28739	28609	3	0.002860
28739	27586	2	0.001907
28739	28106	12	0.011439
28739	29005	1	0.000953
28739	28368	1	0.000953
28739	28113	4	0.003813
28739	27860	1	0.000953
28739	28886	6	0.005720
28739	28907	2	0.001907
28739	28018	1	0.000953
28739	28919	63	0.060057
28739	28924	2	0.001907
28739	28029	2	0.001907
28740	28562	5	0.357143
28740	27859	2	0.142857
28740	28102	2	0.142857
28741	28584	3	0.004000
28741	28943	3	0.004000
28741	27540	6	0.008000
28741	28822	1047	1.396000
28741	28440	9	0.012000
28741	28413	6	0.008000
28743	28888	241	3.394366
28743	28084	3	0.042254
28743	27950	17	0.239437
28744	28131	1	0.045455
28745	28064	36	0.972973
28745	28898	36	0.972973
28745	29159	1	0.027027
28745	27729	1	0.027027
28745	28500	36	0.972973
28745	28440	9363	253.054054
28745	27899	36	0.972973
28745	27934	36	0.972973
28747	28992	4	0.048780
28747	27527	4	0.048780
28748	28513	1	0.007407
28748	28102	2	0.014815
28748	28457	2	0.014815
28748	27950	1	0.007407
28748	27669	1	0.007407
28748	27609	1	0.007407
28748	29053	1	0.007407
28750	28029	2	0.023810
28750	27950	10	0.119048
28750	29151	85	1.011905
28751	29062	1	0.000632
28751	28938	2	0.001263
28751	28683	760	0.480101
28751	28440	2257	1.425774
28751	28698	5	0.003159
28751	28584	16	0.010107
28751	27949	1	0.000632
28751	28725	13	0.008212
28751	27703	1	0.000632
28751	28859	1	0.000632
28751	28989	3	0.001895
28751	28992	1	0.000632
28751	28097	4	0.002527
28751	27586	6	0.003790
28751	28106	13	0.008212
28751	27729	2	0.001263
28751	27859	4	0.002527
28751	29140	13	0.008212
28751	28886	4	0.002527
28751	28900	5	0.003159
28751	28898	4	0.002527
28751	28516	1744	1.101706
28751	27621	26	0.016425
28751	27884	5	0.003159
28751	28029	3	0.001895
28753	27488	404	0.814516
28753	28643	407	0.820565
28753	27953	404	0.814516
28753	29131	404	0.814516
28753	28972	452	0.911290
28753	27950	19	0.038306
28753	29103	2	0.004032
28753	27504	3	0.006048
28753	27569	859	1.731855
28753	29007	3	0.006048
28753	28835	1	0.002016
28753	28084	3	0.006048
28753	27637	8	0.016129
28753	27899	1	0.002016
28755	28032	1	0.002198
28755	27780	1	0.002198
28755	28938	1	0.002198
28755	28939	4	0.008791
28755	28821	6	0.013187
28755	28440	2	0.004396
28755	28953	1	0.002198
28755	28584	904	1.986813
28755	28590	1	0.002198
28755	27701	7	0.015385
28755	28342	1	0.002198
28755	27487	1	0.002198
28755	27452	1	0.002198
28755	27453	1	0.002198
28755	28106	4	0.008791
28755	28751	1	0.002198
28755	27856	1	0.002198
28755	29140	452	0.993407
28755	27983	1	0.002198
28755	28255	1	0.002198
28755	27643	4	0.008791
28755	29028	1	0.002198
28755	28538	2	0.004396
28755	27899	3	0.006593
28755	28029	453	0.995604
28756	28029	2	0.003306
28756	27950	6	0.009917
28756	28951	6	0.009917
28759	28064	2	0.000613
28759	28898	2	0.000613
28759	28835	3	0.000919
28759	27684	1	0.000306
28759	27621	98	0.030034
28759	28745	4	0.001226
28759	27586	2	0.000613
28759	27832	11	0.003371
28759	28344	11	0.003371
28759	28500	2	0.000613
28759	28886	2	0.000613
28759	28440	530	0.162427
28759	28698	2	0.000613
28759	27899	4	0.001226
28759	27934	2	0.000613
28760	27529	82	0.161417
28760	28562	35	0.068898
28760	27773	588	1.157480
28760	27950	53	0.104331
28762	28608	2	0.014599
28762	28833	1	0.007299
28762	28683	3	0.021898
28762	28453	3	0.021898
28762	29098	1	0.007299
28762	28619	3	0.021898
28762	28530	1	0.007299
28762	28304	1	0.007299
28762	27762	1	0.007299
28762	27894	1	0.007299
28762	28440	1	0.007299
28762	28859	1	0.007299
28763	28440	5	0.028249
28763	28027	2	0.011299
28765	27412	3	0.018634
28765	27655	2	0.012422
28766	27586	1	0.015385
28766	27684	1	0.015385
28766	27621	3	0.046154
28767	28698	74	1.321429
28767	27479	432	7.714286
28767	27527	432	7.714286
28769	28440	4	0.018018
28769	28218	4	0.018018
28769	28683	1	0.004505
28769	28106	1	0.004505
28769	27762	5	0.022523
28770	28308	2	0.028986
28770	27950	3	0.043478
28771	28032	2	0.011765
28771	29062	1	0.005882
28771	29065	4	0.023529
28771	28938	4	0.023529
28771	27602	6	0.035294
28771	28979	4	0.023529
28771	27860	2	0.011765
28771	28725	4	0.023529
28771	28440	4	0.023529
28771	28859	1	0.005882
28771	28106	16	0.094118
28771	28095	2	0.011765
28772	28049	26	0.309524
28772	28084	6	0.071429
28772	27629	163	1.940476
28772	27950	72	0.857143
28773	28547	307	0.987138
28773	27875	1	0.003215
28773	28584	1	0.003215
28773	27466	1	0.003215
28773	28882	1	0.003215
28773	27950	9	0.028939
28773	27922	1	0.003215
28773	27859	1	0.003215
28773	28084	1	0.003215
28773	29015	1	0.003215
28773	28604	307	0.987138
28773	28029	3	0.009646
28773	28287	308	0.990354
28774	28440	2	0.019048
28774	28546	2	0.019048
28774	27950	13	0.123810
28774	28302	881	8.390476
28775	27971	1420	1.641618
28775	28547	2	0.002312
28775	28835	1420	1.641618
28775	27950	716	0.827746
28777	28480	4	0.009569
28777	27621	10	0.023923
28777	28106	4	0.009569
28777	28683	1	0.002392
28777	29007	1	0.002392
28777	28344	9	0.021531
28777	27542	2	0.004785
28777	28029	2	0.004785
28777	28440	17	0.040670
28777	28859	1	0.002392
28777	29116	409	0.978469
28777	28989	1	0.002392
28778	27687	8	0.012422
28778	29098	1	0.001553
28778	27950	15	0.023292
28778	28495	1	0.001553
28778	27664	1	0.001553
28778	28147	2	0.003106
28778	28821	3	0.004658
28779	28698	15	1.250000
28779	27479	88	7.333333
28779	28106	1	0.083333
28779	27527	88	7.333333
28780	28218	10	1.666667
28781	27553	2	0.015152
28781	28900	1	0.007576
28781	28106	2	0.015152
28781	27791	12	0.090909
28781	29105	6	0.045455
28781	27634	2	0.015152
28781	28788	2	0.015152
28781	29140	2	0.015152
28781	27773	1	0.007576
28782	28192	3	0.026087
28782	28131	4	0.034783
28782	27621	2	0.017391
28782	28838	2	0.017391
28783	27449	447	0.837079
28783	28738	447	0.837079
28783	27507	894	1.674157
28783	27868	3	0.005618
28783	27950	9	0.016854
28784	27875	543	0.998162
28784	28806	4	0.007353
28784	27950	14	0.025735
28784	28495	3	0.005515
28784	27504	3	0.005515
28784	28018	4	0.007353
28784	28821	3	0.005515
28784	28698	1	0.001838
28784	27644	7322	13.459559
28785	28670	21	1.000000
28786	27529	65	0.151869
28786	28562	41	0.095794
28786	27773	584	1.364486
28786	27950	22	0.051402
28787	28038	19	0.019427
28787	28084	4	0.004090
28787	28733	125	0.127812
28787	27950	31	0.031697
28788	28192	2	0.005682
28788	28162	2	0.005682
28788	28547	2	0.005682
28788	28453	2	0.005682
28788	28615	2	0.005682
28788	28924	2	0.005682
28788	29162	2	0.005682
28788	28908	2	0.005682
28788	28653	2	0.005682
28788	27950	244	0.693182
28788	27503	2	0.005682
28788	28594	2	0.005682
28788	28859	2	0.005682
28788	28087	2	0.005682
28788	28952	2	0.005682
28788	27791	2	0.005682
28788	28508	2	0.005682
28788	28287	2	0.005682
28789	28778	4	0.117647
28789	28147	1	0.029412
28789	28495	1	0.029412
28789	27687	1	0.029412
28790	27894	1	0.002907
28790	27618	2	0.005814
28790	28835	4	0.011628
28790	27684	1	0.002907
28790	27542	1	0.002907
28790	29062	2	0.005814
28790	27912	8	0.023256
28790	28106	6	0.017442
28790	28683	8	0.023256
28790	27586	4	0.011628
28790	28584	3	0.008721
28790	29140	4	0.011628
28790	28821	5	0.014535
28790	28886	2	0.005814
28790	27479	1	0.002907
28790	28440	22	0.063953
28790	28698	3	0.008721
28790	27899	6	0.017442
28790	27582	31	0.090116
28790	27621	12	0.034884
28791	28049	62	0.688889
28791	28084	6	0.066667
28791	27629	175	1.944444
28791	27950	76	0.844444
28792	28480	84	0.521739
28792	28608	1	0.006211
28792	27491	10	0.062112
28792	27542	25	0.155280
28792	28584	1	0.006211
28792	28683	1	0.006211
28792	28453	1	0.006211
28792	27894	4	0.024845
28792	28698	2	0.012422
28792	27899	4	0.024845
28792	28415	81	0.503106
28794	28218	8	1.600000
28795	27520	1	0.000796
28795	28584	1	0.000796
28795	28683	1	0.000796
28795	27950	54	0.042994
28795	28655	3	0.002389
28795	28241	623	0.496019
28795	28275	1	0.000796
28795	28029	2	0.001592
28797	28888	370	2.090395
28797	28440	1	0.005650
28797	27690	3	0.016949
28797	27859	29	0.163842
28797	27950	3	0.016949
28798	27938	1	0.001852
28798	27527	8	0.014815
28798	28811	41	0.075926
28798	28684	2	0.003704
28798	29133	403	0.746296
28798	27950	341	0.631481
28798	27635	2697	4.994444
28798	27540	1	0.001852
28798	28440	3	0.005556
28798	28990	1	0.001852
28799	28032	2	0.022222
28799	27540	2	0.022222
28799	28413	2	0.022222
28803	28835	1	0.010870
28803	27621	1	0.010870
28803	27527	1	0.010870
28803	27950	3	0.032609
28803	28402	1	0.010870
28803	28084	1	0.010870
28804	29017	1	0.007937
28804	27899	3	0.023810
28804	28900	2	0.015873
28804	28029	2	0.015873
28805	27520	10	0.010331
28805	28192	1	0.001033
28805	28386	20	0.020661
28805	29062	30	0.030992
28805	27719	1141	1.178719
28805	29096	10	0.010331
28805	28745	10	0.010331
28805	28784	10	0.010331
28805	28018	20	0.020661
28805	28310	10	0.010331
28805	28440	50	0.051653
28806	28784	4	1.333333
28807	28257	1	0.027027
28807	28357	38	1.027027
28807	28937	38	1.027027
28807	27658	38	1.027027
28807	28396	38	1.027027
28807	28589	110	2.972973
28807	27502	38	1.027027
28807	27503	2	0.054054
28807	28174	1	0.027027
28807	27567	1	0.027027
28808	27540	50	3.125000
28808	27950	15	0.937500
28810	28440	1	0.001314
28810	28344	1	0.001314
28811	28928	1	0.004762
28811	27655	1	0.004762
28811	28044	1	0.004762
28811	28453	1	0.004762
28811	29096	1	0.004762
28811	27950	1	0.004762
28811	29103	1	0.004762
28811	28466	1	0.004762
28811	28604	1	0.004762
28811	27455	1	0.004762
28811	28609	1	0.004762
28811	28739	1	0.004762
28811	28619	1	0.004762
28811	29134	1	0.004762
28811	28113	1	0.004762
28811	28249	1	0.004762
28811	28894	1	0.004762
28811	28644	1	0.004762
28811	28523	1	0.004762
28811	28018	1	0.004762
28811	28147	1	0.004762
28811	28662	1	0.004762
28811	28919	8	0.038095
28811	27898	1	0.004762
28811	28924	1	0.004762
28811	28029	4	0.019048
28813	28064	29	0.966667
28813	28898	29	0.966667
28813	29159	1	0.033333
28813	28584	1	0.033333
28813	28745	29	0.966667
28813	27729	1	0.033333
28813	28500	29	0.966667
28813	28440	7550	251.666667
28813	27899	29	0.966667
28813	28924	1	0.033333
28813	27934	29	0.966667
28815	28902	288	0.054360
28815	28035	304	0.057380
28815	28935	304	0.057380
28815	27920	288	0.054360
28815	28051	304	0.057380
28815	28185	304	0.057380
28815	27419	288	0.054360
28815	28316	304	0.057380
28815	28957	288	0.054360
28815	27679	4303	0.812193
28815	27824	304	0.057380
28815	28325	304	0.057380
28815	28710	28063	5.296904
28815	28711	304	0.057380
28815	29044	288	0.054360
28815	28330	288	0.054360
28815	28679	304	0.057380
28815	27695	288	0.054360
28815	27696	304	0.057380
28815	27697	304	0.057380
28815	29104	288	0.054360
28815	27636	304	0.057380
28815	28091	288	0.054360
28815	28262	6	0.001133
28815	27839	288	0.054360
28815	27456	304	0.057380
28815	27588	304	0.057380
28815	28848	288	0.054360
28815	27848	288	0.054360
28815	29136	288	0.054360
28815	28625	304	0.057380
28815	28884	304	0.057380
28815	29014	304	0.057380
28815	28633	288	0.054360
28815	28096	288	0.054360
28815	28641	304	0.057380
28815	28002	310	0.058513
28815	29027	304	0.057380
28815	27558	288	0.054360
28815	27750	288	0.054360
28815	28903	304	0.057380
28815	28525	288	0.054360
28815	28531	288	0.054360
28815	27764	304	0.057380
28815	27515	288	0.054360
28818	29062	141	0.694581
28818	27950	2	0.009852
28818	28084	1	0.004926
28818	27542	1	0.004926
28818	27899	1	0.004926
28818	28029	1	0.004926
28819	27993	2	0.111111
28819	27955	2	0.111111
28821	28032	1	0.000376
28821	28804	1	0.000376
28821	29062	35	0.013168
28821	28938	23	0.008653
28821	28811	3	0.001129
28821	28684	2	0.000752
28821	28824	1	0.000376
28821	27479	31	0.011663
28821	29075	1	0.000376
28821	27542	1	0.000376
28821	28440	30	0.011287
28821	28698	8	0.003010
28821	28399	1	0.000376
28821	28706	20	0.007524
28821	29147	1	0.000376
28821	28453	2	0.000752
28821	28200	1	0.000376
28821	29096	3	0.001129
28821	27434	1	0.000376
28821	28076	1	0.000376
28821	28210	1	0.000376
28821	27950	2659	1.000376
28821	28850	3	0.001129
28821	28584	2	0.000752
28821	27701	14	0.005267
28821	28470	2	0.000752
28821	27704	1	0.000376
28821	27580	1	0.000376
28821	27454	2	0.000752
28821	28480	1	0.000376
28821	28097	2	0.000752
28821	27586	11	0.004138
28821	28683	2	0.000752
28821	28106	4	0.001505
28821	28623	1	0.000376
28821	27859	1	0.000376
28821	27476	1	0.000376
28821	27605	1	0.000376
28821	28886	7	0.002634
28821	27863	1	0.000376
28821	28251	1	0.000376
28821	27489	1	0.000376
28821	28898	1	0.000376
28821	27491	5	0.001881
28821	28900	1	0.000376
28821	27621	1	0.000376
28821	29161	2	0.000752
28821	28523	1	0.000376
28821	27758	3	0.001129
28821	27517	1	0.000376
28821	27504	12	0.004515
28821	28529	1	0.000376
28821	28402	1	0.000376
28821	27667	4	0.001505
28821	27894	1	0.000376
28821	28919	1	0.000376
28821	29140	1	0.000376
28821	28538	3	0.001129
28821	27899	220	0.082769
28821	27516	1	0.000376
28821	28029	6	0.002257
28821	28030	1	0.000376
28824	27683	2	0.033898
28824	28137	1	0.016949
28824	27954	1	0.016949
28824	28989	1	0.016949
28824	28657	1	0.016949
28824	28690	1	0.016949
28824	28821	2	0.033898
28824	28105	1	0.016949
28824	27452	1	0.016949
28824	28029	1	0.016949
28825	28821	7	0.875000
28828	28192	4	0.078431
28828	28482	49	0.960784
28828	28084	1	0.019608
28828	28558	99	1.941176
28829	28992	1	0.007874
28829	27621	7	0.055118
28829	28584	1	0.007874
28829	28106	9	0.070866
28829	27950	1	0.007874
28829	28624	12	0.094488
28829	27701	2	0.015748
28829	28950	1	0.007874
28829	28440	1	0.007874
28829	28859	1	0.007874
28829	27516	2	0.015748
28829	29002	1	0.007874
28829	28741	2	0.015748
28830	28416	1	0.016667
28830	28938	2	0.033333
28830	28683	1	0.016667
28830	28821	1	0.016667
28830	27542	1	0.016667
28830	28440	14576	242.933333
28830	27934	56	0.933333
28830	28064	56	0.933333
28830	28706	4	0.066667
28830	27684	3	0.050000
28830	27561	1	0.016667
28830	29098	7	0.116667
28830	27949	1	0.016667
28830	27950	3	0.050000
28830	28084	1	0.016667
28830	27701	1	0.016667
28830	28470	1	0.016667
28830	28859	5	0.083333
28830	28992	4	0.066667
28830	27586	3	0.050000
28830	28745	56	0.933333
28830	28495	5	0.083333
28830	28500	56	0.933333
28830	28886	1	0.016667
28830	28898	56	0.933333
28830	27621	2	0.033333
28830	28919	2	0.033333
28830	27899	59	0.983333
28831	27950	1	0.027778
28832	28992	8	0.003586
28832	28449	5	0.002241
28832	28683	2	0.000896
28832	28548	4	0.001793
28832	28517	1906	0.854325
28832	27527	3	0.001345
28832	28584	4	0.001793
28832	28106	2	0.000896
28832	27975	2	0.000896
28832	27950	2	0.000896
28832	28989	43	0.019274
28832	29140	2	0.000896
28832	28597	5	0.002241
28832	28886	1	0.000448
28832	28029	2	0.000896
28832	28267	2	0.000896
28832	28132	1951	0.874496
28832	27899	1	0.000448
28832	28413	2	0.000896
28832	28894	15	0.006723
28832	29087	4	0.001793
28833	28097	1	0.083333
28833	28698	2	0.166667
28833	28923	1	0.083333
28834	27808	1	0.045455
28834	28472	3	0.136364
28834	27914	3	0.136364
28834	28026	2	0.090909
28835	27899	1	0.000508
28838	28131	753	1.174727
28838	28584	2	0.003120
28838	28106	1	0.001560
28838	28683	1	0.001560
28838	28782	1178	1.837754
28838	29140	28	0.043682
28838	28440	426	0.664587
28838	28698	5	0.007800
28838	28859	7	0.010920
28838	28234	6	0.009360
28839	28192	15	0.015000
28839	29062	2	0.002000
28839	28811	6	0.006000
28839	27950	67	0.067000
28839	28821	5	0.005000
28839	28566	5937	5.937000
28839	27768	2	0.002000
28839	27679	1	0.001000
28839	28540	33	0.033000
28839	28029	3	0.003000
28839	29023	33	0.033000
28840	27762	1	0.002703
28841	27680	15	0.714286
28842	28928	15	0.075377
28842	28609	25	0.125628
28842	28739	103	0.517588
28842	28547	11	0.055276
28842	28644	104	0.522613
28842	29096	281	1.412060
28842	28619	818	4.110553
28842	28044	7	0.035176
28842	29005	132	0.663317
28842	29134	10	0.050251
28842	29103	15	0.075377
28842	28018	5	0.025126
28842	28147	12	0.060302
28842	28907	50	0.251256
28842	28249	6	0.030151
28842	28604	2635	13.241206
28842	28894	35	0.175879
28843	28784	137	68.500000
28843	27875	1	0.500000
28843	27644	3	1.500000
28844	28835	6	0.001908
28844	28584	22	0.006995
28844	28811	3	0.000954
28844	29005	1	0.000318
28844	27950	17	0.005405
28844	28946	10	0.003180
28844	28919	1	0.000318
28844	27899	1	0.000318
28844	28924	1	0.000318
28844	28735	5	0.001590
28848	28902	35	0.024105
28848	28035	47	0.032369
28848	28935	47	0.032369
28848	28815	35	0.024105
28848	27920	35	0.024105
28848	28051	47	0.032369
28848	28185	47	0.032369
28848	27419	35	0.024105
28848	28316	47	0.032369
28848	28957	35	0.024105
28848	27679	1006	0.692837
28848	27824	47	0.032369
28848	28325	47	0.032369
28848	28710	6435	4.431818
28848	28711	47	0.032369
28848	29044	35	0.024105
28848	28330	35	0.024105
28848	28679	47	0.032369
28848	27695	35	0.024105
28848	27696	47	0.032369
28848	27697	47	0.032369
28848	29104	35	0.024105
28848	27636	47	0.032369
28848	28091	35	0.024105
28848	28262	2	0.001377
28848	27839	35	0.024105
28848	27456	47	0.032369
28848	27588	47	0.032369
28848	27848	35	0.024105
28848	29136	35	0.024105
28848	28625	47	0.032369
28848	28884	47	0.032369
28848	29014	47	0.032369
28848	28633	35	0.024105
28848	28096	35	0.024105
28848	28641	47	0.032369
28848	28002	49	0.033747
28848	29027	47	0.032369
28848	27558	35	0.024105
28848	27750	35	0.024105
28848	28903	47	0.032369
28848	28525	35	0.024105
28848	28531	35	0.024105
28848	27764	47	0.032369
28848	27515	35	0.024105
28849	28440	1	0.000399
28849	28274	6	0.002391
28849	28683	2	0.000797
28850	28440	1	0.003021
28850	27491	2	0.006042
28850	28180	2	0.006042
28850	27701	1	0.003021
28851	27586	165	1.006098
28851	27491	2	0.012195
28851	27621	2	0.012195
28851	27643	2	0.012195
28851	27561	163	0.993902
28851	29098	6	0.036585
28851	27884	1	0.006098
28851	28495	10	0.060976
28851	27899	5	0.030488
28851	28698	1	0.006098
28851	28859	3439	20.969512
28851	28106	2	0.012195
28855	27875	3	0.005291
28855	27628	1054	1.858907
28855	27950	3	0.005291
28855	28912	1	0.001764
28855	28018	4	0.007055
28855	28022	531	0.936508
28857	28867	1	0.001745
28857	28453	7	0.012216
28857	28006	1	0.001745
28857	29063	563	0.982548
28857	28041	2	0.003490
28857	28299	653	1.139616
28857	28140	5	0.008726
28857	27950	24	0.041885
28857	28689	9	0.015707
28857	29031	2	0.003490
28857	27555	1	0.001745
28857	28310	5	0.008726
28857	28029	2	0.003490
28859	29062	1	0.001451
28859	28425	2	0.002903
28859	28683	5	0.007257
28859	28440	1	0.001451
28859	28949	2	0.002903
28859	27850	3	0.004354
28859	28698	6	0.008708
28859	28192	2	0.002903
28859	28891	1	0.001451
28859	27643	3	0.004354
28859	28200	2	0.002903
28859	27561	671	0.973875
28859	29098	51	0.074020
28859	28079	3	0.004354
28859	27452	1	0.001451
28859	28234	1	0.001451
28859	28094	2	0.002903
28859	28480	2	0.002903
28859	27552	1	0.001451
28859	27586	796	1.155298
28859	27975	1	0.001451
28859	28106	9	0.013062
28859	28623	1	0.001451
28859	29140	2	0.002903
28859	27481	1	0.001451
28859	28762	2	0.002903
28859	28751	2	0.002903
28859	28636	1	0.001451
28859	27743	3	0.004354
28859	27618	1	0.001451
28859	27491	15	0.021771
28859	28900	1	0.001451
28859	27621	2	0.002903
28859	28495	192	0.278665
28859	27624	2	0.002903
28859	27884	4	0.005806
28859	27629	1	0.001451
28859	27758	3	0.004354
28859	28027	1	0.001451
28859	28584	1	0.001451
28859	27762	3	0.004354
28859	27582	3	0.004354
28859	27899	17	0.024673
28859	28924	1	0.001451
28859	28029	2	0.002903
28859	28030	3	0.004354
28859	28821	1	0.001451
28860	28659	4	0.333333
28860	28645	3	0.250000
28860	27950	4	0.333333
28860	27527	1	0.083333
28861	28821	1	0.010417
28862	28041	1	0.003891
28862	27647	2	0.007782
28862	29142	1	0.003891
28862	27950	14	0.054475
28862	28055	2	0.007782
28863	28859	1	0.006173
28863	27621	1	0.006173
28863	28623	1	0.006173
28863	28584	1	0.006173
28863	27465	1	0.006173
28863	28106	3	0.018519
28863	29062	1	0.006173
28863	28495	1	0.006173
28863	29138	5	0.030864
28863	27701	1	0.006173
28863	28440	5	0.030864
28863	28938	1	0.006173
28863	27899	3	0.018519
28863	28029	1	0.006173
28863	28821	2	0.012346
28864	28032	1	0.027778
28864	27586	4	0.111111
28864	28859	1	0.027778
28864	27684	6	0.166667
28864	27621	17	0.472222
28864	28584	4	0.111111
28864	28106	8	0.222222
28864	28683	3	0.083333
28864	27533	5	0.138889
28864	28989	1	0.027778
28864	28344	1	0.027778
28864	29140	4	0.111111
28864	28440	10	0.277778
28864	27899	7	0.194444
28864	28938	1	0.027778
28865	28453	2	0.666667
28865	28327	2	0.666667
28865	28956	6	2.000000
28865	28113	2	0.666667
28865	28466	2	0.666667
28865	28924	2	0.666667
28867	28771	1	0.009091
28867	28900	2	0.018182
28867	28106	1	0.009091
28867	28299	1	0.009091
28867	28368	1	0.009091
28867	28344	2	0.018182
28867	27507	1	0.009091
28867	29140	1	0.009091
28867	28440	7	0.063636
28867	27449	7	0.063636
28867	28698	1	0.009091
28867	28477	4	0.036364
28867	27684	1	0.009091
28868	27712	19	0.014571
28868	27875	1	0.000767
28868	29157	4	0.003067
28868	28263	30	0.023006
28868	27645	2	0.001534
28868	28461	2	0.001534
28868	27950	1821	1.396472
28868	28765	4	0.003067
28868	27956	8	0.006135
28868	28437	13	0.009969
28868	27899	4	0.003067
28868	28859	2	0.001534
28868	28189	2	0.001534
28868	28029	13	0.009969
28869	28275	29	1.000000
28869	27621	1	0.034483
28869	28495	1	0.034483
28870	28255	119	2.586957
28871	28113	1	0.002347
28871	27786	278	0.652582
28871	27950	11	0.025822
28871	29103	1	0.002347
28872	28562	112	1.931034
28872	28821	1	0.017241
28872	27950	1	0.017241
28873	28416	1	0.000479
28873	28928	1	0.000479
28873	28907	1	0.000479
28873	28453	1	0.000479
28873	29062	1	0.000479
28873	28231	29	0.013896
28873	27913	13	0.006229
28873	28811	2	0.000958
28873	28044	1	0.000479
28873	29005	1	0.000479
28873	27950	33	0.015812
28873	29103	1	0.000479
28873	28113	1	0.000479
28873	28018	1	0.000479
28873	28147	1	0.000479
28873	27509	4	0.001917
28873	27899	8	0.003833
28873	28698	1	0.000479
28873	28466	1	0.000479
28873	28924	1	0.000479
28873	28149	1	0.000479
28874	28032	1	0.001287
28874	28480	1	0.001287
28874	28608	1	0.001287
28874	28938	4	0.005148
28874	28683	2	0.002574
28874	28440	7	0.009009
28874	27684	2	0.002574
28874	28453	1	0.001287
28874	28584	1	0.001287
28874	28585	1	0.001287
28874	27701	1	0.001287
28874	27703	1	0.001287
28874	28859	6	0.007722
28874	28992	1	0.001287
28874	28225	1	0.001287
28874	28739	1	0.001287
28874	28106	5	0.006435
28874	28623	1	0.001287
28874	29140	2	0.002574
28874	27479	1	0.001287
28874	28249	9	0.011583
28874	27738	1	0.001287
28874	28923	1	0.001287
28874	27621	1	0.001287
28874	27754	5	0.006435
28874	28654	1	0.001287
28874	27504	4	0.005148
28874	27762	3	0.003861
28874	27898	1	0.001287
28874	27899	1	0.001287
28874	28924	1	0.001287
28874	28415	1	0.001287
28875	27586	2	0.012346
28875	28453	2	0.012346
28875	28584	4	0.024691
28875	28106	2	0.012346
28875	28683	4	0.024691
28875	27466	2	0.012346
28875	28706	2	0.012346
28875	28623	2	0.012346
28875	28698	2	0.012346
28875	28725	2	0.012346
28875	27479	2	0.012346
28875	28440	4	0.024691
28875	27621	2	0.012346
28875	27930	166	1.024691
28875	27899	10	0.061728
28875	28029	6	0.037037
28875	28415	2	0.012346
28876	27664	1	0.007692
28876	28070	140	1.076923
28876	28584	1	0.007692
28876	27471	2	0.015385
28876	28592	1	0.007692
28876	28440	3	0.023077
28877	27950	1	0.003165
28877	28366	5	0.015823
28879	28064	1	0.001134
28879	27586	7	0.007937
28879	28859	2	0.002268
28879	27621	2469	2.799320
28879	28495	6	0.006803
28879	28070	1	0.001134
28879	28584	8	0.009070
28879	28745	1	0.001134
28879	29098	6	0.006803
28879	28898	1	0.001134
28879	27598	830	0.941043
28879	28655	824	0.934240
28879	28592	1833	2.078231
28879	28344	1	0.001134
28879	29140	23	0.026077
28879	27934	1	0.001134
28879	28440	1091	1.236961
28879	28500	1	0.001134
28879	27899	13	0.014739
28879	28029	4	0.004535
28879	28094	7	0.007937
28880	28802	2	0.016667
28880	27590	2	0.016667
28880	28395	2	0.016667
28880	29037	2	0.016667
28880	27726	2	0.016667
28880	27759	2	0.016667
28880	29043	2	0.016667
28880	28628	2	0.016667
28882	28192	1	0.047619
28882	28288	1	0.047619
28882	28604	9	0.428571
28882	28998	1	0.047619
28882	29015	1	0.047619
28883	27808	20	0.952381
28883	27433	22	1.047619
28884	28902	16	0.023634
28884	28035	27	0.039882
28884	28935	27	0.039882
28884	28815	18	0.026588
28884	27920	18	0.026588
28884	28051	27	0.039882
28884	28185	27	0.039882
28884	27419	19	0.028065
28884	28316	27	0.039882
28884	28957	14	0.020679
28884	27679	315	0.465288
28884	27824	28	0.041359
28884	28325	27	0.039882
28884	28710	2373	3.505170
28884	28711	27	0.039882
28884	29044	15	0.022157
28884	28330	18	0.026588
28884	28679	27	0.039882
28884	27695	14	0.020679
28884	27696	27	0.039882
28884	27697	27	0.039882
28884	29104	14	0.020679
28884	27636	27	0.039882
28884	28091	14	0.020679
28884	28262	7	0.010340
28884	27839	22	0.032496
28884	27456	27	0.039882
28884	27588	27	0.039882
28884	28848	14	0.020679
28884	27848	14	0.020679
28884	29136	14	0.020679
28884	28625	27	0.039882
28884	29014	27	0.039882
28884	28633	14	0.020679
28884	28096	18	0.026588
28884	28641	27	0.039882
28884	28002	29	0.042836
28884	29027	27	0.039882
28884	27558	14	0.020679
28884	27750	14	0.020679
28884	28903	27	0.039882
28884	28525	14	0.020679
28884	28531	14	0.020679
28884	27764	27	0.039882
28884	27515	14	0.020679
28885	27720	1542	4.495627
28885	28748	1	0.002915
28885	27950	320	0.932945
28885	28029	10	0.029155
28885	28113	1	0.002915
28885	28584	2	0.005831
28885	29053	306	0.892128
28886	28928	2	0.004963
28886	28547	2	0.004963
28886	27655	2	0.004963
28886	28044	2	0.004963
28886	28440	2	0.004963
28886	27684	1	0.002481
28886	28453	377	0.935484
28886	29096	2	0.004963
28886	27433	1	0.002481
28886	29103	2	0.004963
28886	28466	2	0.004963
28886	28859	1	0.002481
28886	27455	2	0.004963
28886	28609	2	0.004963
28886	28739	2	0.004963
28886	28619	2	0.004963
28886	29005	2	0.004963
28886	28113	2	0.004963
28886	28249	2	0.004963
28886	29147	2	0.004963
28886	28923	1	0.002481
28886	28644	2	0.004963
28886	28523	2	0.004963
28886	28018	2	0.004963
28886	28147	2	0.004963
28886	28662	2	0.004963
28886	28919	381	0.945409
28886	27898	2	0.004963
28886	27899	3	0.007444
28886	28924	2	0.004963
28886	28029	1	0.002481
28887	28192	4	0.014085
28887	28355	21	0.073944
28887	27621	1	0.003521
28887	28523	1	0.003521
28887	28623	1	0.003521
28887	27571	2	0.007042
28887	27675	45	0.158451
28888	28448	1	0.009259
28888	27970	1	0.009259
28888	27906	1	0.009259
28888	27815	1	0.009259
28888	28041	1	0.009259
28888	27690	4	0.037037
28888	28743	1	0.009259
28888	28941	1	0.009259
28888	27950	24	0.222222
28888	28717	1	0.009259
28888	28084	7	0.064815
28888	27799	1	0.009259
28888	28248	1	0.009259
28888	28919	1	0.009259
28889	28440	3	0.024793
28889	28924	2	0.016529
28890	28440	1	0.003436
28890	28192	3	0.010309
28890	28666	5	0.017182
28890	28698	1	0.003436
28891	28032	1	0.002660
28891	28608	1	0.002660
28891	27606	2	0.005319
28891	28938	2	0.005319
28891	28821	7	0.018617
28891	28440	54	0.143617
28891	28698	1	0.002660
28891	27803	1	0.002660
28891	28706	2	0.005319
28891	28835	1	0.002660
28891	28324	2	0.005319
28891	28584	3	0.007979
28891	27433	2	0.005319
28891	29098	4	0.010638
28891	28340	1	0.002660
28891	27701	1	0.002660
28891	28859	1	0.002660
28891	27452	1	0.002660
28891	28989	1	0.002660
28891	28094	2	0.005319
28891	28992	1	0.002660
28891	28097	1	0.002660
28891	28745	1	0.002660
28891	28106	8	0.021277
28891	28495	12	0.031915
28891	29140	2	0.005319
28891	28886	7	0.018617
28891	27684	1	0.002660
28891	27738	2	0.005319
28891	28879	2	0.005319
28891	27899	2	0.005319
28891	27621	2	0.005319
28891	28655	4	0.010638
28891	28027	2	0.005319
28891	28029	4	0.010638
28891	27902	387	1.029255
28892	28811	1	0.005236
28892	27950	1	0.005236
28894	28992	1	0.000880
28894	27875	1	0.000880
28894	28584	2	0.001761
28894	27850	1	0.000880
28894	28619	2	0.001761
28894	27950	4	0.003521
28894	28029	1	0.000880
28894	28084	3	0.002641
28894	28886	1	0.000880
28894	28919	6	0.005282
28894	28698	1	0.000880
28894	28495	1	0.000880
28894	28106	1	0.000880
28895	28032	17	0.003930
28895	28423	2	0.000462
28895	28938	9	0.002080
28895	28683	8	0.001849
28895	27661	49	0.011327
28895	27922	2	0.000462
28895	28821	3	0.000693
28895	27542	7	0.001618
28895	28440	11	0.002543
28895	28698	4	0.000925
28895	28191	2	0.000462
28895	28706	2	0.000462
28895	28584	16	0.003699
28895	28344	8	0.001849
28895	28859	9	0.002080
28895	28106	14	0.003236
28895	28992	1	0.000231
28895	27586	54	0.012483
28895	28617	2	0.000462
28895	27466	2	0.000462
28895	28623	4	0.000925
28895	27729	8	0.001849
28895	27875	75	0.017337
28895	29140	32	0.007397
28895	28886	2	0.000462
28895	27479	2	0.000462
28895	28762	127	0.029357
28895	28495	5	0.001156
28895	27491	1	0.000231
28895	28900	2	0.000462
28895	27621	2	0.000462
28895	27899	19	0.004392
28895	28173	21	0.004854
28895	28029	23	0.005317
28897	28611	3	0.000951
28897	28995	3	0.000951
28897	27950	3289	1.042472
28897	27471	3	0.000951
28898	28064	9	0.900000
28898	28745	9	0.900000
28898	28500	9	0.900000
28898	28440	2358	235.800000
28898	27899	9	0.900000
28898	27934	9	0.900000
28899	28480	2	0.002967
28899	28608	2	0.002967
28899	27653	1	0.001484
28899	28811	3	0.004451
28899	28428	778	1.154303
28899	28821	1	0.001484
28899	28440	267	0.396142
28899	27934	1	0.001484
28899	28064	1	0.001484
28899	28706	2	0.002967
28899	27684	2	0.002967
28899	28584	1	0.001484
28899	28842	1	0.001484
28899	27950	18	0.026706
28899	28470	1	0.001484
28899	28859	4	0.005935
28899	28992	1	0.001484
28899	27586	6	0.008902
28899	28683	2	0.002967
28899	28745	1	0.001484
28899	28106	7	0.010386
28899	28619	4	0.005935
28899	27853	1	0.001484
28899	28495	6	0.008902
28899	27731	607	0.900593
28899	28500	1	0.001484
28899	28886	1	0.001484
28899	27479	6	0.008902
28899	28506	1	0.001484
28899	28623	2	0.002967
28899	28895	1	0.001484
28899	28898	1	0.001484
28899	27491	1	0.001484
28899	27878	1	0.001484
28899	27884	5	0.007418
28899	28919	1	0.001484
28899	27899	5	0.007418
28900	28608	1	0.003891
28900	27653	1	0.003891
28900	27593	12	0.046693
28900	27950	2	0.007782
28900	27894	1	0.003891
28900	28919	1	0.003891
28900	28440	10	0.038911
28900	28859	256	0.996109
28901	29008	3	0.042857
28901	27685	67	0.957143
28901	27881	67	0.957143
28901	28586	67	0.957143
28901	29070	67	0.957143
28901	27440	67	0.957143
28901	29045	67	0.957143
28901	27610	67	0.957143
28902	28096	22	0.008026
28902	28035	33	0.012039
28902	28935	33	0.012039
28902	28815	22	0.008026
28902	27920	22	0.008026
28902	28051	33	0.012039
28902	28185	33	0.012039
28902	27419	23	0.008391
28902	28316	33	0.012039
28902	28957	18	0.006567
28902	27679	1681	0.613280
28902	27824	34	0.012404
28902	28325	33	0.012039
28902	28710	10566	3.854798
28902	28711	33	0.012039
28902	29044	19	0.006932
28902	28330	22	0.008026
28902	28679	33	0.012039
28902	27695	18	0.006567
28902	27696	33	0.012039
28902	27697	33	0.012039
28902	29104	18	0.006567
28902	27636	33	0.012039
28902	28091	18	0.006567
28902	28262	8	0.002919
28902	27839	26	0.009486
28902	27456	33	0.012039
28902	27588	33	0.012039
28902	28848	18	0.006567
28902	27848	18	0.006567
28902	29136	18	0.006567
28902	28625	33	0.012039
28902	28884	33	0.012039
28902	29014	33	0.012039
28902	28633	18	0.006567
28902	28641	33	0.012039
28902	28002	36	0.013134
28902	29027	33	0.012039
28902	27558	18	0.006567
28902	27750	18	0.006567
28902	28903	33	0.012039
28902	28525	18	0.006567
28902	28531	18	0.006567
28902	27764	33	0.012039
28902	27515	18	0.006567
28903	28902	16	0.024653
28903	28035	27	0.041602
28903	28935	27	0.041602
28903	28815	18	0.027735
28903	27920	18	0.027735
28903	28051	27	0.041602
28903	28185	27	0.041602
28903	27419	19	0.029276
28903	28316	27	0.041602
28903	28957	14	0.021572
28903	27679	293	0.451464
28903	27824	28	0.043143
28903	28325	27	0.041602
28903	28710	2241	3.453005
28903	28711	27	0.041602
28903	29044	15	0.023112
28903	28330	18	0.027735
28903	28679	27	0.041602
28903	27695	14	0.021572
28903	27696	27	0.041602
28903	27697	27	0.041602
28903	29104	14	0.021572
28903	27636	27	0.041602
28903	28091	14	0.021572
28903	28262	7	0.010786
28903	27839	22	0.033898
28903	27456	27	0.041602
28903	27588	27	0.041602
28903	28848	14	0.021572
28903	27848	14	0.021572
28903	29136	14	0.021572
28903	28625	27	0.041602
28903	28884	27	0.041602
28903	29014	27	0.041602
28903	28633	14	0.021572
28903	28096	18	0.027735
28903	28641	27	0.041602
28903	28002	29	0.044684
28903	29027	27	0.041602
28903	27558	14	0.021572
28903	27750	14	0.021572
28903	28525	14	0.021572
28903	28531	14	0.021572
28903	27764	27	0.041602
28903	27515	14	0.021572
28905	28368	6	0.857143
28905	27950	1	0.142857
28905	27686	10	1.428571
28907	28992	1	0.000912
28907	28225	1	0.000912
28907	28835	3	0.002737
28907	28453	1	0.000912
28907	28811	1	0.000912
28907	29005	3	0.002737
28907	27950	9	0.008212
28907	28880	1	0.000912
28907	28344	2	0.001825
28907	27698	1	0.000912
28907	28084	1	0.000912
28907	27701	1	0.000912
28907	28919	7	0.006387
28907	28440	4	0.003650
28907	28698	2	0.001825
28907	27643	5	0.004562
28907	27454	1	0.000912
28908	28032	14	0.075676
28908	28898	4	0.021622
28908	27683	2	0.010811
28908	28900	2	0.010811
28908	27621	2	0.010811
28908	28106	61	0.329730
28908	28683	4	0.021622
28908	28029	12	0.064865
28908	27859	12	0.064865
28908	28821	2	0.010811
28908	27542	1	0.005405
28908	28440	5	0.027027
28908	28698	12	0.064865
28908	27452	12	0.064865
28908	27475	4	0.021622
28909	28192	7	0.152174
28909	27621	1	0.021739
28909	29062	4	0.086957
28909	28683	1	0.021739
28909	28029	1	0.021739
28909	28886	1	0.021739
28909	27542	1	0.021739
28909	28440	1	0.021739
28909	27899	1	0.021739
28909	27965	1	0.021739
28909	27679	5	0.108696
28912	27875	3	0.750000
28912	27628	7	1.750000
28914	28480	4	0.016949
28914	27586	4	0.016949
28914	27683	4	0.016949
28914	28900	2	0.008475
28914	28645	2	0.008475
28914	28584	2	0.008475
28914	28106	16	0.067797
28914	28496	2	0.008475
28914	28344	4	0.016949
28914	27762	2	0.008475
28914	28659	8	0.033898
28914	27860	2	0.008475
28914	28440	4	0.016949
28914	28859	2	0.008475
28914	28860	2	0.008475
28914	27621	8	0.033898
28915	28698	5	0.833333
28915	27479	40	6.666667
28915	27527	40	6.666667
28916	28032	17	0.098266
28916	27899	3	0.017341
28916	27621	2	0.011561
28916	28712	148	0.855491
28916	28266	4	0.023121
28916	29140	6	0.034682
28916	28725	1	0.005780
28916	28440	2	0.011561
28916	28698	4	0.023121
28916	28859	9	0.052023
28916	27452	1	0.005780
28916	28106	9	0.052023
28918	28192	1	0.001792
28918	28480	1	0.001792
28918	28739	3	0.005376
28918	27899	1	0.001792
28918	28106	2	0.003584
28918	28496	2	0.003584
28918	27707	1	0.001792
28918	28659	1	0.001792
28918	28859	1	0.001792
28918	28029	1	0.001792
28919	28928	3	0.013889
28919	28547	6	0.027778
28919	27655	4	0.018519
28919	28811	6	0.027778
28919	28044	2	0.009259
28919	28907	4	0.018519
28919	28956	2	0.009259
28919	28453	5	0.023148
28919	29096	5	0.023148
28919	28842	1	0.004630
28919	27950	3	0.013889
28919	29103	6	0.027778
28919	28466	5	0.023148
28919	28084	6	0.027778
28919	28604	2	0.009259
28919	27455	8	0.037037
28919	28609	3	0.013889
28919	28739	3	0.013889
28919	28619	5	0.023148
28919	29005	3	0.013889
28919	29134	3	0.013889
28919	28495	1	0.004630
28919	28113	5	0.023148
28919	28249	4	0.018519
28919	29147	3	0.013889
28919	28894	3	0.013889
28919	27491	10	0.046296
28919	28644	3	0.013889
28919	28523	3	0.013889
28919	28018	4	0.018519
28919	28147	5	0.023148
28919	28662	2	0.009259
28919	27898	2	0.009259
28919	27899	1	0.004630
28919	28924	6	0.027778
28921	27488	494	0.989980
28921	28811	3	0.006012
28921	28643	720	1.442886
28921	28835	1	0.002004
28921	28753	494	0.989980
28921	27953	494	0.989980
28921	28842	3	0.006012
28921	29131	494	0.989980
28921	28972	494	0.989980
28921	27950	20	0.040080
28921	29103	3	0.006012
28921	27504	3	0.006012
28921	27569	1060	2.124248
28921	27491	3	0.006012
28921	28084	3	0.006012
28921	27637	9	0.018036
28921	27899	4	0.008016
28921	27701	3	0.006012
28922	27898	1	0.016667
28923	27655	1	0.013514
28923	27412	1	0.013514
28923	28440	5	0.067568
28923	28698	1	0.013514
28923	28833	1	0.013514
28923	28453	139	1.878378
28923	28018	54	0.729730
28923	28466	1	0.013514
28923	28608	1	0.013514
28923	28619	1	0.013514
28923	29005	1	0.013514
28923	28495	1	0.013514
28923	28886	2	0.027027
28923	28380	1	0.013514
28923	27491	1	0.013514
28923	28260	1	0.013514
28923	27621	7	0.094595
28923	28523	1	0.013514
28923	27884	1	0.013514
28923	27762	1	0.013514
28923	27513	9	0.121622
28923	27899	3	0.040541
28923	28924	4	0.054054
28924	28423	1	0.000374
28924	28938	2	0.000749
28924	28683	1	0.000374
28924	27412	1	0.000374
28924	28440	1	0.000374
28924	28698	61	0.022829
28924	28956	2	0.000749
28924	28453	3	0.001123
28924	28327	2449	0.916542
28924	28584	1	0.000374
28924	27950	7	0.002620
28924	28466	1	0.000374
28924	28084	2	0.000749
28924	27701	3	0.001123
28924	28344	2	0.000749
28924	28358	1	0.000374
28924	28495	6	0.002246
28924	28113	1	0.000374
28924	28623	1	0.000374
28924	27491	1	0.000374
28924	28919	6	0.002246
28924	28923	1	0.000374
28924	28029	1	0.000374
28925	27950	1	0.000886
28927	27491	2	0.021505
28927	29061	1	0.010753
28927	28327	180	1.935484
28927	27950	6934	74.559140
28927	28084	49	0.526882
28927	28919	360	3.870968
28927	28095	90	0.967742
28927	28991	90	0.967742
28928	28344	1	0.002577
28928	28938	1	0.002577
28928	28811	2	0.005155
28928	28662	1	0.002577
28928	27542	1	0.002577
28934	28868	3	0.081081
28934	27655	1	0.027027
28934	28683	1	0.027027
28934	28018	1	0.027027
28934	28263	43	1.162162
28934	28440	1	0.027027
28935	28902	16	0.022760
28935	28035	31	0.044097
28935	28679	31	0.044097
28935	28815	18	0.025605
28935	27920	18	0.025605
28935	28051	31	0.044097
28935	28185	31	0.044097
28935	27419	19	0.027027
28935	28316	31	0.044097
28935	28957	14	0.019915
28935	27679	332	0.472262
28935	27824	32	0.045519
28935	28325	31	0.044097
28935	28710	2475	3.520626
28935	28711	31	0.044097
28935	29044	15	0.021337
28935	28330	18	0.025605
28935	28848	14	0.019915
28935	27695	14	0.019915
28935	27696	31	0.044097
28935	27697	31	0.044097
28935	29104	14	0.019915
28935	27636	31	0.044097
28935	28091	14	0.019915
28935	28262	7	0.009957
28935	27839	22	0.031294
28935	27456	31	0.044097
28935	27588	31	0.044097
28935	27848	14	0.019915
28935	29136	14	0.019915
28935	28625	31	0.044097
28935	28884	31	0.044097
28935	29014	31	0.044097
28935	28633	14	0.019915
28935	28096	18	0.025605
28935	28641	31	0.044097
28935	28002	33	0.046942
28935	29027	31	0.044097
28935	27558	14	0.019915
28935	27750	14	0.019915
28935	28903	31	0.044097
28935	28525	14	0.019915
28935	28531	14	0.019915
28935	27764	31	0.044097
28935	27515	14	0.019915
28936	28192	3	0.024000
28936	28659	1	0.008000
28936	28860	1	0.008000
28937	28257	3	0.041096
28937	28357	74	1.013699
28937	28807	74	1.013699
28937	27658	74	1.013699
28937	28396	74	1.013699
28937	28589	221	3.027397
28937	27502	74	1.013699
28937	27503	3	0.041096
28937	28174	3	0.041096
28938	28032	4	0.000985
28938	28480	3	0.000739
28938	28608	1	0.000246
28938	29062	1	0.000246
28938	28683	7	0.001723
28938	27667	1	0.000246
28938	28180	9	0.002216
28938	28821	21	0.005170
28938	27542	2	0.000492
28938	28440	8136	2.002954
28938	28698	2	0.000492
28938	27701	1	0.000246
28938	27552	1	0.000246
28938	28706	1	0.000246
28938	28584	16	0.003939
28938	27950	10	0.002462
28938	28084	1	0.000246
28938	28725	5	0.001231
28938	28468	1	0.000246
28938	28859	2	0.000492
28938	27454	1	0.000246
28938	28095	15	0.003693
28938	28992	2	0.000492
28938	28097	1	0.000246
28938	28150	3	0.000739
28938	28745	1	0.000246
28938	28106	12	0.002954
28938	29140	4	0.000985
28938	27605	3	0.000739
28938	28886	1	0.000246
28938	27863	140	0.034466
28938	28376	1	0.000246
28938	27738	1	0.000246
28938	28027	1	0.000246
28938	28026	1	0.000246
28938	28383	2	0.000492
28938	28898	1	0.000246
28938	27491	19	0.004677
28938	28900	4	0.000985
28938	27621	1	0.000246
28938	28523	2	0.000492
28938	27884	1	0.000246
28938	28029	8	0.001969
28938	27504	15	0.003693
28938	28018	2	0.000492
28938	28147	2	0.000492
28938	27892	1	0.000246
28938	28662	2	0.000492
28938	28923	1	0.000246
28938	28280	1	0.000246
28938	27412	1	0.000246
28938	27898	2	0.000492
28938	27899	8126	2.000492
28938	28413	1	0.000246
28939	28751	1	0.025641
28939	28255	1	0.025641
28940	27875	1	0.001590
28940	28644	2	0.003180
28940	29138	101	0.160572
28940	27950	284	0.451510
28940	29103	1	0.001590
28940	28465	6324	10.054054
28940	28402	635	1.009539
28940	28084	1	0.001590
28940	28440	2	0.003180
28940	28029	2	0.003180
28941	28888	1	0.020408
28941	28584	1	0.020408
28941	28029	3	0.061224
28941	27950	9	0.183673
28942	27950	4	0.500000
28943	28032	2	0.001354
28943	28322	14	0.009479
28943	28027	10	0.006770
28943	27621	9	0.006093
28943	28495	4	0.002708
28943	28295	943	0.638456
28943	28106	34	0.023020
28943	28683	11	0.007448
28943	28655	10	0.006770
28943	28344	1	0.000677
28943	27491	5	0.003385
28943	28821	10	0.006770
28943	28029	10	0.006770
28943	28440	22	0.014895
28943	28938	2	0.001354
28943	27899	27	0.018280
28943	28859	4	0.002708
28943	28989	6	0.004062
28943	28094	4	0.002708
28943	27615	2	0.001354
28944	27655	1	0.002597
28944	28938	1	0.002597
28944	27950	33	0.085714
28944	28562	1	0.002597
28944	27860	1	0.002597
28944	28440	2	0.005195
28946	28938	3	0.000386
28946	28683	1	0.000129
28946	28821	1	0.000129
28946	28440	2	0.000257
28946	28698	11	0.001414
28946	28706	1	0.000129
28946	28584	5	0.000643
28946	29098	1	0.000129
28946	29099	1	0.000129
28946	28844	12	0.001543
28946	27949	1	0.000129
28946	28084	1	0.000129
28946	28725	1	0.000129
28946	28470	1	0.000129
28946	28344	2	0.000257
28946	28859	1	0.000129
28946	27965	1	0.000129
28946	28094	1	0.000129
28946	28735	4	0.000514
28946	28106	2	0.000257
28946	28495	1	0.000129
28946	29140	1	0.000129
28946	28886	2	0.000257
28946	27479	2	0.000257
28946	27621	2	0.000257
28946	27884	1	0.000129
28946	27894	2	0.000257
28946	27899	5	0.000643
28946	28029	2	0.000257
28946	28415	2	0.000257
28948	28192	1	0.016949
28948	29123	5	0.084746
28948	27859	1	0.016949
28948	27463	43	0.728814
28948	28621	1	0.016949
28948	27950	113	1.915254
28948	27704	1	0.016949
28948	27538	7	0.118644
28948	27539	7	0.118644
28948	28024	80	1.355932
28948	27737	1	0.016949
28948	28410	452	7.661017
28949	28547	2	0.001820
28949	28425	6	0.005460
28949	28046	6	0.005460
28949	27565	2	0.001820
28949	28821	4	0.003640
28949	27542	2	0.001820
28949	27567	6	0.005460
28949	27553	6	0.005460
28949	27684	4	0.003640
28949	28453	6	0.005460
28949	27561	1	0.000910
28949	29098	1	0.000910
28949	27820	6	0.005460
28949	27634	8	0.007279
28949	28079	8	0.007279
28949	27868	4	0.003640
28949	27703	2	0.001820
28949	27963	4	0.003640
28949	28604	2	0.001820
28949	28094	8	0.007279
28949	27586	15	0.013649
28949	27589	6	0.005460
28949	28615	6	0.005460
28949	28234	6	0.005460
28949	28751	8	0.007279
28949	27491	2	0.001820
28949	29015	10	0.009099
28949	28762	6	0.005460
28949	28495	25	0.022748
28949	28636	4	0.003640
28949	27618	8	0.007279
28949	28859	28	0.025478
28949	28388	4	0.003640
28949	29162	6	0.005460
28949	28908	8	0.007279
28949	28781	6	0.005460
28949	28399	6	0.005460
28949	27504	2	0.001820
28949	27762	12	0.010919
28949	27582	10	0.009099
28949	27894	2	0.001820
28949	28024	6	0.005460
28949	27899	2	0.001820
28950	28440	2	0.064516
28950	28624	3	0.096774
28950	27684	1	0.032258
28950	27582	2	0.064516
28951	28032	1	0.005319
28951	28835	4	0.021277
28951	27940	1	0.005319
28951	27621	8	0.042553
28951	28041	1	0.005319
28951	28106	4	0.021277
28951	28540	1	0.005319
28951	28756	181	0.962766
28951	28821	2	0.010638
28951	27542	2	0.010638
28951	28078	1	0.005319
28951	28440	4	0.021277
28951	27684	1	0.005319
28951	27899	19	0.101064
28951	27452	1	0.005319
28951	28156	1	0.005319
28952	27854	2	0.068966
28952	28623	1	0.034483
28954	28192	1	0.011111
28954	27842	69	0.766667
28954	27684	1	0.011111
28954	28584	1	0.011111
28954	28106	5	0.055556
28954	27586	21	0.233333
28954	28176	1	0.011111
28954	28440	6	0.066667
28954	28762	1	0.011111
28954	28989	19	0.211111
28956	28453	201	0.046080
28956	28327	1	0.000229
28956	28842	1	0.000229
28956	28113	192	0.044017
28956	28466	4561	1.045621
28956	28924	4540	1.040807
28957	28902	16	0.020202
28957	28035	27	0.034091
28957	28935	27	0.034091
28957	28815	18	0.022727
28957	27920	18	0.022727
28957	28051	27	0.034091
28957	28185	27	0.034091
28957	27419	19	0.023990
28957	28316	27	0.034091
28957	27679	410	0.517677
28957	27824	28	0.035354
28957	28325	27	0.034091
28957	28710	2901	3.662879
28957	28711	27	0.034091
28957	29044	15	0.018939
28957	28330	18	0.022727
28957	28679	27	0.034091
28957	27695	14	0.017677
28957	27696	27	0.034091
28957	27697	27	0.034091
28957	29104	14	0.017677
28957	27636	27	0.034091
28957	28091	14	0.017677
28957	28262	7	0.008838
28957	27839	22	0.027778
28957	27456	27	0.034091
28957	27588	27	0.034091
28957	28848	14	0.017677
28957	27848	14	0.017677
28957	29136	14	0.017677
28957	28625	27	0.034091
28957	28884	27	0.034091
28957	29014	27	0.034091
28957	28633	14	0.017677
28957	28096	18	0.022727
28957	28641	27	0.034091
28957	28002	29	0.036616
28957	29027	27	0.034091
28957	27558	14	0.017677
28957	27750	14	0.017677
28957	28903	27	0.034091
28957	28525	14	0.017677
28957	28531	14	0.017677
28957	27764	27	0.034091
28957	27515	14	0.017677
28958	28900	2	0.026667
28958	28584	2	0.026667
28958	28683	2	0.026667
28958	28079	2	0.026667
28958	28598	2	0.026667
28958	28440	8	0.106667
28958	28804	2	0.026667
28958	27453	2	0.026667
28961	28192	1	0.007576
28961	28203	2	0.015152
28961	28388	1	0.007576
28962	28098	2	0.001293
28962	27899	3	0.001939
28962	28584	1	0.000646
28962	28649	1	0.000646
28962	28106	1	0.000646
28962	27950	51	0.032967
28962	28018	12	0.007757
28962	28340	167	0.107951
28962	28698	3	0.001939
28962	28891	1390	0.898513
28962	28029	7	0.004525
28962	27902	720	0.465417
28964	27591	204	5.828571
28965	28192	2	0.068966
28965	28982	3	0.103448
28966	28192	1	0.015625
28966	27429	3	0.046875
28966	28006	67	1.046875
28967	27616	1	0.002519
28967	28546	2	0.005038
28967	28453	2	0.005038
28967	28423	1	0.002519
28967	28683	1	0.002519
28967	29005	1	0.002519
28967	27950	46	0.115869
28967	28598	1062	2.675063
28967	28378	16190	40.780856
28967	28252	1	0.002519
28967	28029	1	0.002519
28967	27930	1	0.002519
28969	27922	1	0.011364
28969	27659	3	0.034091
28969	28029	1	0.011364
28969	27950	11	0.125000
28969	27899	1	0.011364
28971	28250	4	0.129032
28971	27915	4	0.129032
28972	27488	475	0.830420
28972	28643	482	0.842657
28972	28753	475	0.830420
28972	27953	475	0.830420
28972	29131	475	0.830420
28972	27950	19	0.033217
28972	29103	3	0.005245
28972	27504	3	0.005245
28972	27569	974	1.702797
28972	29007	6	0.010490
28972	28835	1	0.001748
28972	28084	3	0.005245
28972	27637	8	0.013986
28972	27899	1	0.001748
28973	27875	1	0.001541
28973	28644	3	0.004622
28973	29138	101	0.155624
28973	27950	310	0.477658
28973	29103	1	0.001541
28973	28465	6535	10.069337
28973	28402	658	1.013867
28973	28084	1	0.001541
28973	28440	2	0.003082
28973	28029	1	0.001541
28974	27899	2	0.008403
28974	28835	2	0.008403
28974	28683	1	0.004202
28974	28495	4	0.016807
28974	27891	235	0.987395
28974	29140	1	0.004202
28974	28440	2	0.008403
28974	28251	1	0.004202
28974	28029	2	0.008403
28974	28094	1	0.004202
28975	28683	4	0.000917
28975	27501	31	0.007107
28975	28366	29	0.006648
28975	27858	29	0.006648
28975	29140	4	0.000917
28975	29134	4362	1.000000
28975	28503	29	0.006648
28975	28440	1	0.000229
28975	27897	29	0.006648
28975	27899	22	0.005044
28975	27647	29	0.006648
28976	27489	1068	0.987974
28976	27586	1	0.000925
28976	28260	1	0.000925
28976	28453	1	0.000925
28976	28609	1	0.000925
28976	28584	1	0.000925
28976	27950	26	0.024052
28976	28824	1	0.000925
28976	27899	1	0.000925
28976	27612	1	0.000925
28978	27591	204	5.828571
28979	28739	1	0.001618
28979	28644	1	0.001618
28979	29065	2	0.003236
28979	27627	1	0.001618
28979	27950	50	0.080906
28979	27602	29	0.046926
28979	28919	1	0.001618
28979	28249	1	0.001618
28979	28508	1	0.001618
28982	27621	6	0.150000
28982	28584	1	0.025000
28982	28106	1	0.025000
28982	28495	39	0.975000
28982	28440	7	0.175000
28982	28698	4	0.100000
28982	27899	1	0.025000
28982	28444	1	0.025000
28982	28029	24	0.600000
28982	28965	39	0.975000
28983	28192	4	0.571429
28983	28426	3	0.428571
28987	27741	79	0.478788
28988	27527	1	0.002217
28988	28156	630	1.396896
28988	27966	6	0.013304
28988	27950	26	0.057650
28988	27621	1	0.002217
28989	28821	2	0.666667
28990	27938	1	0.001873
28990	27527	8	0.014981
28990	28811	41	0.076779
28990	28684	2	0.003745
28990	29133	401	0.750936
28990	27950	341	0.638577
28990	27635	2669	4.998127
28990	27540	1	0.001873
28990	28440	3	0.005618
28991	27899	4	0.800000
28991	27950	60	12.000000
28992	28032	1	0.001453
28992	28811	1	0.001453
28992	27490	2	0.002907
28992	27491	2	0.002907
28992	28644	3	0.004360
28992	28886	699	1.015988
28992	27527	7	0.010174
28992	28041	5	0.007267
28992	28938	1	0.001453
28992	28747	14	0.020349
28992	27899	6	0.008721
28992	27950	1	0.001453
28992	28495	3	0.004360
28992	29140	2	0.002907
28992	28470	11	0.015988
28992	27479	25	0.036337
28992	28440	2	0.002907
28992	28698	1	0.001453
28992	28859	1	0.001453
28992	27868	2	0.002907
28992	28919	3	0.004360
28994	28992	1	0.006098
28994	27491	1	0.006098
28994	27684	1	0.006098
28994	28859	1	0.006098
28994	28425	1	0.006098
28994	28106	5	0.030488
28994	28683	2	0.012195
28994	27884	1	0.006098
28994	28334	1	0.006098
28994	27983	1	0.006098
28994	27729	3	0.018293
28994	29140	2	0.012195
28994	28725	2	0.012195
28994	28440	2	0.012195
28994	28938	4	0.024390
28994	28027	1	0.006098
28994	28029	1	0.006098
28994	28350	157	0.957317
28995	28192	1	0.023810
28998	28084	12	0.012060
28998	27950	919	0.923618
28998	28623	1	0.001005
28999	28192	15	0.016648
28999	29062	1	0.001110
28999	28811	3	0.003330
28999	27950	45	0.049945
28999	28821	4	0.004440
28999	28566	5455	6.054384
28999	27768	1	0.001110
28999	27679	1	0.001110
28999	28540	25	0.027747
28999	28029	3	0.003330
28999	29023	25	0.027747
29000	28440	492	1.975904
29000	28938	253	1.016064
29000	27899	492	1.975904
29000	28029	1	0.004016
29000	28821	1	0.004016
29001	29058	1	0.017857
29001	27683	2	0.035714
29001	29061	54	0.964286
29001	27950	2	0.035714
29001	27491	488	8.714286
29001	28698	1	0.017857
29001	27621	1	0.017857
29001	28415	2	0.035714
29002	29062	1	0.010526
29002	28106	2	0.021053
29002	28683	7	0.073684
29002	28624	441	4.642105
29002	28594	126	1.326316
29002	28725	1	0.010526
29002	28440	6	0.063158
29003	27875	1	0.012346
29003	27581	2	0.024691
29004	28698	1	0.020833
29004	28683	47	0.979167
29004	27899	2	0.041667
29004	28859	1	0.020833
29004	28623	94	1.958333
29005	28495	1	0.001471
29005	28029	1	0.001471
29005	28919	5	0.007353
29007	28192	1	0.004739
29007	28421	1	0.004739
29007	27593	1	0.004739
29007	28811	3	0.014218
29007	27950	185	0.876777
29007	28916	1	0.004739
29007	28379	1	0.004739
29007	27964	1	0.004739
29008	28608	2	0.015038
29008	28480	2	0.015038
29008	28423	1	0.007519
29008	28586	1	0.007519
29008	28082	3	0.022556
29008	28029	2	0.015038
29008	28018	14	0.105263
29008	28147	1	0.007519
29008	29140	1	0.007519
29008	28106	1	0.007519
29008	28938	2	0.015038
29009	28453	1	0.006667
29009	28584	3	0.020000
29009	28106	101	0.673333
29009	28623	2	0.013333
29009	28466	1	0.006667
29009	29140	2	0.013333
29009	28821	148	0.986667
29009	28859	1	0.006667
29013	27899	1	0.002611
29013	27606	1	0.002611
29013	28584	1	0.002611
29013	28106	2	0.005222
29013	28683	2	0.005222
29013	29101	1114	2.908616
29013	29140	1	0.002611
29013	28821	1	0.002611
29013	27542	1	0.002611
29013	28440	4	0.010444
29013	28698	1	0.002611
29013	28891	2	0.005222
29013	28094	2	0.005222
29014	28902	16	0.023290
29014	28035	27	0.039301
29014	28935	27	0.039301
29014	28815	18	0.026201
29014	27920	18	0.026201
29014	28051	27	0.039301
29014	28185	27	0.039301
29014	27419	19	0.027656
29014	28316	27	0.039301
29014	28957	14	0.020378
29014	27679	317	0.461426
29014	27824	28	0.040757
29014	28325	27	0.039301
29014	28710	2385	3.471616
29014	28711	27	0.039301
29014	29044	15	0.021834
29014	28330	18	0.026201
29014	28679	27	0.039301
29014	27695	14	0.020378
29014	27696	27	0.039301
29014	27697	27	0.039301
29014	29104	14	0.020378
29014	27636	27	0.039301
29014	28091	14	0.020378
29014	28262	7	0.010189
29014	27839	22	0.032023
29014	27456	27	0.039301
29014	27588	27	0.039301
29014	28848	14	0.020378
29014	27848	14	0.020378
29014	29136	14	0.020378
29014	28625	27	0.039301
29014	28884	27	0.039301
29014	28633	14	0.020378
29014	28096	18	0.026201
29014	28641	27	0.039301
29014	28002	29	0.042213
29014	29027	27	0.039301
29014	27558	14	0.020378
29014	27750	14	0.020378
29014	28903	27	0.039301
29014	28525	14	0.020378
29014	28531	14	0.020378
29014	27764	27	0.039301
29014	27515	14	0.020378
29016	27950	1	0.020833
29017	27899	33	0.733333
29017	28444	2	0.044444
29017	28733	1	0.022222
29019	27540	272	9.714286
29020	28992	2	0.003527
29020	28788	2	0.003527
29020	28835	11	0.019400
29020	27683	2	0.003527
29020	27466	2	0.003527
29020	28683	4	0.007055
29020	28725	2	0.003527
29020	27491	2	0.003527
29020	29140	12	0.021164
29020	28821	33	0.058201
29020	28087	4	0.007055
29020	28440	25	0.044092
29020	27540	25	0.044092
29020	27899	6	0.010582
29020	28106	6	0.010582
29020	28029	2	0.003527
29020	28949	2	0.003527
29021	28440	1	0.033333
29021	28683	58	1.933333
29021	27899	4	0.133333
29021	28623	58	1.933333
29022	28106	1	0.020408
29022	27950	4	0.081633
29024	28064	22	0.687500
29024	28898	22	0.687500
29024	28745	22	0.687500
29024	28500	22	0.687500
29024	28440	5784	180.750000
29024	27899	25	0.781250
29024	27934	22	0.687500
29026	28584	3	0.001884
29026	28613	1	0.000628
29026	27950	7	0.004397
29026	28821	2	0.001256
29027	28902	14	0.022436
29027	28035	31	0.049679
29027	28935	31	0.049679
29027	28815	14	0.022436
29027	27920	14	0.022436
29027	28051	31	0.049679
29027	28185	31	0.049679
29027	27419	14	0.022436
29027	28316	31	0.049679
29027	28957	14	0.022436
29027	27679	277	0.443910
29027	27824	31	0.049679
29027	28325	31	0.049679
29027	28710	2074	3.323718
29027	28711	31	0.049679
29027	29044	14	0.022436
29027	28330	14	0.022436
29027	28679	31	0.049679
29027	27695	14	0.022436
29027	27696	31	0.049679
29027	27697	31	0.049679
29027	29104	14	0.022436
29027	27636	31	0.049679
29027	28091	14	0.022436
29027	28262	3	0.004808
29027	27839	14	0.022436
29027	27456	31	0.049679
29027	27588	31	0.049679
29027	28848	14	0.022436
29027	27848	14	0.022436
29027	29136	14	0.022436
29027	28625	31	0.049679
29027	28884	31	0.049679
29027	29014	31	0.049679
29027	28633	14	0.022436
29027	28096	14	0.022436
29027	28641	31	0.049679
29027	28002	33	0.052885
29027	27558	14	0.022436
29027	27750	14	0.022436
29027	28903	31	0.049679
29027	28525	14	0.022436
29027	28531	14	0.022436
29027	27764	31	0.049679
29027	27515	14	0.022436
29028	28417	2	0.086957
29028	28806	1	0.043478
29028	27914	1	0.043478
29028	28172	2	0.086957
29028	28943	2	0.086957
29028	29073	1	0.043478
29028	28946	1	0.043478
29028	27675	1	0.043478
29028	28701	1	0.043478
29028	27553	2	0.086957
29028	28324	2	0.086957
29028	28070	1	0.043478
29028	27433	2	0.086957
29028	27719	2	0.086957
29028	28076	2	0.086957
29028	28402	1	0.043478
29028	27567	1	0.043478
29028	28209	1	0.043478
29028	28489	1	0.043478
29028	27448	1	0.043478
29028	27451	1	0.043478
29028	28989	1	0.043478
29028	27589	1	0.043478
29028	27463	2	0.086957
29028	27593	2	0.086957
29028	28106	3	0.130435
29028	28359	1	0.043478
29028	28879	2	0.086957
29028	28891	2	0.086957
29028	28388	1	0.043478
29028	28838	1	0.043478
29028	28394	2	0.086957
29028	27628	1	0.043478
29028	27632	2	0.086957
29028	27634	2	0.086957
29028	27773	2	0.086957
29030	28204	765	12.142857
29030	27950	1	0.015873
29031	28440	8	0.085106
29031	28689	8	0.085106
29031	28140	10	0.106383
29031	28857	1	0.010638
29033	28192	15	0.016112
29033	29062	1	0.001074
29033	28811	3	0.003222
29033	27950	45	0.048335
29033	28821	4	0.004296
29033	28566	5455	5.859291
29033	27768	1	0.001074
29033	27679	1	0.001074
29033	28540	25	0.026853
29033	28029	3	0.003222
29033	29023	25	0.026853
29034	27453	1	0.047619
29034	27950	2	0.095238
29035	28192	3	0.065217
29035	28503	2	0.043478
29036	28032	3	0.002209
29036	29062	1	0.000736
29036	28938	1	0.000736
29036	28683	1	0.000736
29036	28179	3	0.002209
29036	28052	704	0.518409
29036	28440	11	0.008100
29036	28698	2	0.001473
29036	28706	1	0.000736
29036	28453	6	0.004418
29036	28584	8	0.005891
29036	28077	1	0.000736
29036	28859	2	0.001473
29036	28094	1	0.000736
29036	28480	2	0.001473
29036	27586	10	0.007364
29036	28230	6	0.004418
29036	28745	4	0.002946
29036	28106	10	0.007364
29036	28623	25	0.018409
29036	27491	2	0.001473
29036	29140	9	0.006627
29036	27605	2	0.001473
29036	28886	6	0.004418
29036	27479	6	0.004418
29036	27868	1	0.000736
29036	27875	2	0.001473
29036	27621	2	0.001473
29036	27884	1	0.000736
29036	27762	5	0.003682
29036	28275	1	0.000736
29036	28923	5	0.003682
29036	27412	1	0.000736
29036	27899	5	0.003682
29036	28029	5	0.003682
29037	27950	3	0.036585
29038	27707	9	0.818182
29038	27549	10	0.909091
29038	29047	2	0.181818
29039	28821	3	0.750000
29040	28495	9	0.375000
29041	27938	1	0.001642
29041	27527	8	0.013136
29041	28811	76	0.124795
29041	28684	2	0.003284
29041	29133	400	0.656814
29041	27950	341	0.559934
29041	27635	3054	5.014778
29041	27540	1	0.001642
29041	28440	3	0.004926
29041	28990	1	0.001642
29043	27950	4	0.016000
29044	28902	11	0.005211
29044	28035	22	0.010422
29044	28935	22	0.010422
29044	28815	11	0.005211
29044	27920	11	0.005211
29044	28051	22	0.010422
29044	28185	22	0.010422
29044	27419	11	0.005211
29044	28316	22	0.010422
29044	28957	11	0.005211
29044	27679	1082	0.512553
29044	27824	22	0.010422
29044	28325	22	0.010422
29044	28710	6853	3.246329
29044	28711	22	0.010422
29044	28330	11	0.005211
29044	28679	22	0.010422
29044	27695	11	0.005211
29044	27696	22	0.010422
29044	27697	22	0.010422
29044	29104	11	0.005211
29044	27636	22	0.010422
29044	28091	11	0.005211
29044	28262	3	0.001421
29044	27839	11	0.005211
29044	27456	22	0.010422
29044	27588	22	0.010422
29044	28848	11	0.005211
29044	27848	11	0.005211
29044	29136	11	0.005211
29044	28625	22	0.010422
29044	28884	22	0.010422
29044	29014	22	0.010422
29044	28633	11	0.005211
29044	28096	11	0.005211
29044	28641	22	0.010422
29044	28002	24	0.011369
29044	29027	22	0.010422
29044	27558	11	0.005211
29044	27750	11	0.005211
29044	28903	22	0.010422
29044	28525	11	0.005211
29044	28531	11	0.005211
29044	27764	22	0.010422
29044	27515	11	0.005211
29045	28901	25	0.892857
29045	27881	25	0.892857
29045	28586	25	0.892857
29045	29070	25	0.892857
29045	28207	25	0.892857
29045	27440	25	0.892857
29045	27610	25	0.892857
29045	27685	25	0.892857
29051	27875	2	0.002924
29051	28644	2	0.002924
29051	28811	1	0.001462
29051	29138	102	0.149123
29051	27950	323	0.472222
29051	29103	1	0.001462
29051	28465	6860	10.029240
29051	28402	693	1.013158
29051	28084	1	0.001462
29051	28919	4	0.005848
29051	28440	2	0.002924
29051	28029	1	0.001462
29052	28355	2	0.666667
29053	28192	4	0.044944
29053	28440	1	0.011236
29053	28018	1	0.011236
29053	27720	3	0.033708
29053	28885	3	0.033708
29054	27628	178	0.894472
29054	28022	4	0.020101
29055	28440	125	0.739645
29055	28698	6	0.035503
29055	28683	123	0.727811
29055	27762	1	0.005917
29056	28192	2	0.071429
29056	27514	1	0.035714
29056	28421	1	0.035714
29056	27621	2	0.071429
29057	27808	4	0.012195
29057	28192	12	0.036585
29057	28998	304	0.926829
29057	28385	152	0.463415
29058	27858	1	0.002703
29058	27875	10	0.027027
29058	27950	1	0.002703
29061	27491	2	0.038462
29061	28584	3	0.057692
29061	28617	2	0.038462
29061	28267	2	0.038462
29061	27950	1	0.019231
29061	27922	2	0.038462
29061	28419	1	0.019231
29061	28084	5	0.096154
29061	28534	2	0.038462
29061	27899	3	0.057692
29061	28029	4	0.076923
29062	28288	5	0.002786
29062	28032	1	0.000557
29062	28523	6	0.003343
29062	27965	2	0.001114
29062	27655	1	0.000557
29062	28298	10	0.005571
29062	27863	1	0.000557
29062	28944	5	0.002786
29062	27800	5	0.002786
29062	28097	6	0.003343
29062	27924	5	0.002786
29062	28821	29	0.016156
29062	27542	1	0.000557
29062	28440	3	0.001671
29062	28698	7	0.003900
29062	28655	5	0.002786
29062	27701	11	0.006128
29062	28784	5	0.002786
29062	28706	4	0.002228
29062	29093	2	0.001114
29062	28584	6	0.003343
29062	27868	2	0.001114
29062	28938	2	0.001114
29062	27950	5	0.002786
29062	27823	5	0.002786
29062	28084	1	0.000557
29062	28725	1	0.000557
29062	28598	5	0.002786
29062	27575	1	0.000557
29062	27450	5	0.002786
29062	28859	2	0.001114
29062	28604	5	0.002786
29062	28644	6	0.003343
29062	28095	1	0.000557
29062	28480	2	0.001114
29062	28609	6	0.003343
29062	28495	1	0.000557
29062	28739	6	0.003343
29062	28106	1	0.000557
29062	28619	2	0.001114
29062	28748	5	0.002786
29062	28026	5	0.002786
29062	29134	5	0.002786
29062	29007	10	0.005571
29062	27860	5	0.002786
29062	28537	5	0.002786
29062	28376	5	0.002786
29062	28249	6	0.003343
29062	29147	6	0.003343
29062	28892	10	0.005571
29062	28218	5	0.002786
29062	28894	5	0.002786
29062	28453	1	0.000557
29062	27491	17	0.009471
29062	28260	28	0.015599
29062	27621	2	0.001114
29062	28262	7	0.003900
29062	27751	5	0.002786
29062	27754	5	0.002786
29062	28267	1	0.000557
29062	29140	1	0.000557
29062	28413	10	0.005571
29062	27504	101	0.056267
29062	29096	5	0.002786
29062	28018	5	0.002786
29062	28147	5	0.002786
29062	27509	5	0.002786
29062	28662	6	0.003343
29062	28919	1	0.000557
29062	27796	5	0.002786
29062	27898	6	0.003343
29062	27899	75	0.041783
29062	28924	2	0.001114
29062	28029	14	0.007799
29062	28778	5	0.002786
29063	28867	1	0.001754
29063	28453	1	0.001754
29063	28006	1	0.001754
29063	29031	2	0.003509
29063	28041	2	0.003509
29063	28299	611	1.071930
29063	27950	27	0.047368
29063	28689	3	0.005263
29063	27555	1	0.001754
29063	28310	3	0.005263
29063	28857	520	0.912281
29063	28029	1	0.001754
29064	28928	1	0.028571
29064	27455	1	0.028571
29064	29134	1	0.028571
29064	28975	1	0.028571
29067	28440	2	0.024390
29067	28240	2	0.024390
29067	28835	2	0.024390
29068	27950	2	0.500000
29068	27990	22	5.500000
29069	28032	3	0.012712
29069	28065	381	1.614407
29069	27585	151	0.639831
29069	28683	2	0.008475
29069	28440	8	0.033898
29069	27707	520	2.203390
29070	28901	83	0.988095
29070	27881	83	0.988095
29070	28586	83	0.988095
29070	28207	83	0.988095
29070	27440	83	0.988095
29070	29045	83	0.988095
29070	27610	83	0.988095
29070	28029	6	0.071429
29070	27685	83	0.988095
29073	27681	4	0.040816
29073	27586	2	0.020408
29073	28584	2	0.020408
29073	28938	1	0.010204
29073	28875	2	0.020408
29073	27884	2	0.020408
29073	28495	1	0.010204
29073	28821	1	0.010204
29073	28886	1	0.010204
29073	27479	6	0.061224
29073	28440	2	0.020408
29073	28029	1	0.010204
29073	28094	1	0.010204
29074	28698	40	1.481481
29074	27479	201	7.444444
29074	27527	200	7.407407
29075	27701	2	0.016000
29076	28955	2	0.333333
29077	27745	1829	1.768859
29077	28811	1040	1.005803
29077	27950	6	0.005803
29077	28465	1	0.000967
29079	28192	1	0.002825
29079	28514	1	0.002825
29079	27621	1	0.002825
29079	27501	7	0.019774
29079	27701	2	0.005650
29079	28440	2	0.005650
29081	27950	1	0.038462
29081	29062	1	0.038462
29081	27527	1	0.038462
29083	28168	322	0.766667
29083	27568	644	1.533333
29083	28483	322	0.766667
29083	28420	652	1.552381
29083	27950	328	0.780952
29087	28832	8	0.006107
29087	28449	2947	2.249618
29087	28548	1958	1.494656
29087	28557	8	0.006107
29087	27950	1958	1.494656
29087	28324	4	0.003053
29087	27540	10	0.007634
29087	28597	2937	2.241985
29087	28440	5	0.003817
29087	28132	31514	24.056489
29087	27899	979	0.747328
29087	28732	4	0.003053
29087	28925	4	0.003053
29088	28440	2	0.125000
29088	28835	3	0.187500
29088	27621	1	0.062500
29090	27491	2	0.052632
29090	29062	1	0.026316
29090	27527	296	7.789474
29090	27899	2	0.052632
29090	28821	1	0.026316
29090	27479	296	7.789474
29090	28440	1	0.026316
29090	28698	50	1.315789
29090	28859	1	0.026316
29090	28924	61	1.605263
29090	28053	2	0.052632
29092	28192	2	0.020000
29092	29140	1	0.010000
29092	28367	1	0.010000
29094	28000	12	0.285714
29094	28192	1	0.023810
29094	28619	5	0.119048
29095	28218	6	1.500000
29096	28928	1	0.000871
29096	28547	2	0.001742
29096	29062	10	0.008711
29096	28938	1	0.000871
29096	28811	2	0.001742
29096	28044	1	0.000871
29096	28821	3	0.002613
29096	28440	2	0.001742
29096	28698	12	0.010453
29096	28443	1	0.000871
29096	28835	9	0.007840
29096	28453	5	0.004355
29096	28584	1	0.000871
29096	27950	27	0.023519
29096	29103	3	0.002613
29096	28466	3	0.002613
29096	28084	1	0.000871
29096	27831	1	0.000871
29096	28989	2	0.001742
29096	27455	3	0.002613
29096	28992	1	0.000871
29096	28428	1	0.000871
29096	28619	1	0.000871
29096	29005	1	0.000871
29096	28495	2	0.001742
29096	28113	8	0.006969
29096	28886	2	0.001742
29096	27491	1	0.000871
29096	28907	1	0.000871
29096	28655	1	0.000871
29096	28018	2	0.001742
29096	28919	14	0.012195
29096	28924	5	0.004355
29096	28029	1	0.000871
29097	27950	3	0.003584
29097	28183	5138	6.138590
29098	28584	1	0.000546
29098	28106	1	0.000546
29098	28683	3	0.001638
29098	27884	5	0.002731
29098	28879	1	0.000546
29098	28495	74	0.040415
29098	27729	1	0.000546
29098	28470	3	0.001638
29098	27479	6	0.003277
29098	28891	1	0.000546
29098	28924	2	0.001092
29098	27850	2	0.001092
29098	28094	1	0.000546
29099	29062	2	0.005291
29099	28919	4	0.010582
29101	29013	4	0.072727
29101	27950	56	1.018182
29102	28192	2	0.021277
29102	28480	2	0.021277
29102	27586	60	0.638298
29102	28683	1	0.010638
29102	28608	2	0.021277
29102	27653	1	0.010638
29102	28842	1	0.010638
29102	28811	3	0.031915
29102	27884	1	0.010638
29102	27950	18	0.191489
29102	28495	2	0.021277
29102	28720	147	1.563830
29102	28344	3	0.031915
29102	28835	1	0.010638
29102	27491	1	0.010638
29102	28470	1	0.010638
29102	28919	1	0.010638
29102	28440	7	0.074468
29102	28859	9	0.095745
29102	28668	147	1.563830
29102	27899	3	0.031915
29103	28928	2	0.001986
29103	28547	4	0.003972
29103	27655	4	0.003972
29103	28811	1	0.000993
29103	28044	1	0.000993
29103	28821	3	0.002979
29103	28440	3	0.002979
29103	28698	15	0.014896
29103	28192	3	0.002979
29103	28706	1	0.000993
29103	28835	2	0.001986
29103	28453	1	0.000993
29103	29096	4	0.003972
29103	28018	4	0.003972
29103	27950	42	0.041708
29103	28466	1	0.000993
29103	28084	4	0.003972
29103	28344	1	0.000993
29103	28604	3	0.002979
29103	27455	2	0.001986
29103	28992	1	0.000993
29103	28609	4	0.003972
29103	28739	3	0.002979
29103	28619	4	0.003972
29103	29005	3	0.002979
29103	29134	2	0.001986
29103	28113	1	0.000993
29103	29138	8	0.007944
29103	28523	1	0.000993
29103	28249	4	0.003972
29103	29147	3	0.002979
29103	28894	2	0.001986
29103	28644	3	0.002979
29103	28907	1	0.000993
29103	28584	2	0.001986
29103	28402	1	0.000993
29103	28147	4	0.003972
29103	28662	4	0.003972
29103	28919	20	0.019861
29103	27898	4	0.003972
29103	27643	1	0.000993
29103	28924	1	0.000993
29104	28902	10	0.016978
29104	28035	21	0.035654
29104	28935	21	0.035654
29104	28815	10	0.016978
29104	27920	10	0.016978
29104	28051	21	0.035654
29104	28185	21	0.035654
29104	27419	10	0.016978
29104	28316	21	0.035654
29104	28957	10	0.016978
29104	27679	263	0.446520
29104	27824	21	0.035654
29104	28325	21	0.035654
29104	28710	1748	2.967742
29104	28711	21	0.035654
29104	29044	10	0.016978
29104	28330	10	0.016978
29104	28679	21	0.035654
29104	27695	10	0.016978
29104	27696	21	0.035654
29104	27697	21	0.035654
29104	27636	21	0.035654
29104	28091	10	0.016978
29104	28262	2	0.003396
29104	27839	10	0.016978
29104	27456	21	0.035654
29104	27588	21	0.035654
29104	28848	10	0.016978
29104	27848	10	0.016978
29104	29136	10	0.016978
29104	28625	21	0.035654
29104	28884	21	0.035654
29104	29014	21	0.035654
29104	28633	10	0.016978
29104	28096	10	0.016978
29104	28641	21	0.035654
29104	28002	23	0.039049
29104	29027	21	0.035654
29104	27558	10	0.016978
29104	27750	10	0.016978
29104	28903	21	0.035654
29104	28525	10	0.016978
29104	28531	10	0.016978
29104	27764	21	0.035654
29104	27515	10	0.016978
29105	27875	2	0.047619
29105	27791	1	0.023810
29106	28192	1	0.033333
29106	27521	1	0.033333
29106	27691	1	0.033333
29106	28120	49	1.633333
29106	28965	1	0.033333
29106	27681	86	2.866667
29106	28264	1	0.033333
29106	28011	1	0.033333
29106	28365	23	0.766667
29106	28619	1	0.033333
29106	29073	1	0.033333
29106	27478	72	2.400000
29106	27461	43	1.433333
29106	27607	1	0.033333
29106	28440	1	0.033333
29106	27930	1	0.033333
29106	28171	53	1.766667
29106	27741	1	0.033333
29106	28735	1	0.033333
29107	27780	9	0.107143
29107	27974	4	0.047619
29107	29028	5	0.059524
29107	28751	2	0.023810
29107	28939	1	0.011905
29107	28590	14	0.166667
29107	27983	10	0.119048
29107	27856	9	0.107143
29107	27701	3	0.035714
29107	28342	7	0.083333
29107	28953	10	0.119048
29107	28440	3	0.035714
29107	27460	1	0.011905
29107	28538	1	0.011905
29107	27487	11	0.130952
29107	27453	2	0.023810
29107	28255	5	0.059524
29110	28440	12	0.053097
29110	28106	2	0.008850
29110	29062	1	0.004425
29110	28623	6	0.026549
29111	27429	1	0.032258
29116	28821	1	0.003663
29116	29062	2	0.007326
29116	27621	1	0.003663
29118	27950	2	0.133333
29119	28029	1	0.001805
29119	27653	1	0.001805
29120	28624	3	0.187500
29120	28106	2	0.125000
29122	28192	13	0.448276
29122	28623	3	0.103448
29123	28024	20	0.869565
29123	28410	308	13.391304
29123	28284	1	0.043478
29123	27950	1	0.043478
29123	27463	20	0.869565
29124	27746	2	0.004988
29124	27875	1	0.002494
29124	27525	8	0.019950
29124	27526	1	0.002494
29124	28007	2	0.004988
29124	29126	2	0.004988
29124	28427	2	0.004988
29124	27757	2	0.004988
29124	28014	2	0.004988
29124	27986	2	0.004988
29124	27950	31	0.077307
29124	28889	2	0.004988
29125	27746	3	0.007481
29125	27875	2	0.004988
29125	29124	6	0.014963
29125	27525	8	0.019950
29125	27526	1	0.002494
29125	28007	2	0.004988
29125	29126	2	0.004988
29125	28427	2	0.004988
29125	27757	2	0.004988
29125	28014	2	0.004988
29125	27986	2	0.004988
29125	27950	31	0.077307
29125	28889	2	0.004988
29126	27746	3	0.007444
29126	27875	1	0.002481
29126	29124	6	0.014888
29126	27525	8	0.019851
29126	27526	1	0.002481
29126	28007	2	0.004963
29126	28427	2	0.004963
29126	27757	2	0.004963
29126	28014	2	0.004963
29126	27986	2	0.004963
29126	27950	46	0.114144
29126	28889	2	0.004963
29127	27746	4	0.010000
29127	27875	1	0.002500
29127	29124	6	0.015000
29127	27525	8	0.020000
29127	27526	1	0.002500
29127	28007	2	0.005000
29127	29126	2	0.005000
29127	28427	2	0.005000
29127	27757	2	0.005000
29127	28014	2	0.005000
29127	27986	2	0.005000
29127	27950	46	0.115000
29127	28889	2	0.005000
29128	27746	2	0.004988
29128	27875	1	0.002494
29128	29124	6	0.014963
29128	27526	1	0.002494
29128	29126	2	0.004988
29128	28007	2	0.004988
29128	28427	2	0.004988
29128	27757	2	0.004988
29128	28014	2	0.004988
29128	27986	2	0.004988
29128	27950	31	0.077307
29128	28889	2	0.004988
29128	27525	8	0.019950
29129	28041	11	0.009848
29129	28609	2	0.001791
29129	27655	2	0.001791
29129	28584	1	0.000895
29129	28201	2	0.001791
29129	27950	22	0.019696
29129	28001	2	0.001791
29129	28919	2	0.001791
29129	27899	1	0.000895
29129	28029	1	0.000895
29129	28543	2	0.001791
29130	27621	2	0.011236
29130	28106	1	0.005618
29130	28683	4	0.022472
29130	27533	4	0.022472
29130	28725	1	0.005618
29130	28886	2	0.011236
29130	28440	10	0.056180
29130	28989	4	0.022472
29130	28821	1	0.005618
29131	27488	451	0.862333
29131	28643	452	0.864245
29131	28753	448	0.856597
29131	27953	451	0.862333
29131	28972	448	0.856597
29131	27950	13	0.024857
29131	29103	2	0.003824
29131	27504	3	0.005736
29131	27569	926	1.770554
29131	28835	1	0.001912
29131	28084	3	0.005736
29131	27637	6	0.011472
29131	27899	1	0.001912
29132	28032	2	0.013423
29132	27459	150	1.006711
29132	27684	4	0.026846
29132	27621	25	0.167785
29132	27884	2	0.013423
29132	27856	2	0.013423
29132	28542	4	0.026846
29133	27938	1	0.001629
29133	27527	8	0.013029
29133	28811	76	0.123779
29133	28684	2	0.003257
29133	27950	340	0.553746
29133	27635	3068	4.996743
29133	27540	1	0.001629
29133	28440	3	0.004886
29133	28990	1	0.001629
29134	28192	1	0.000532
29134	28683	1	0.000532
29134	27621	1	0.000532
29134	27751	2	0.001064
29134	28584	3	0.001597
29134	28811	1	0.000532
29134	27950	1	0.000532
29134	28739	1	0.000532
29134	28453	3	0.001597
29134	28919	14	0.007451
29134	28440	56	0.029803
29134	29017	1	0.000532
29134	27899	4	0.002129
29134	27455	2	0.001064
29135	27491	1	0.000528
29135	28453	1	0.000528
29135	28617	1	0.000528
29135	28106	4	0.002113
29135	28683	2	0.001057
29135	27950	2	0.001057
29135	29140	8	0.004226
29135	28725	1	0.000528
29135	27542	1	0.000528
29135	28440	161	0.085050
29135	28473	27	0.014263
29135	28698	1	0.000528
29135	27899	4	0.002113
29135	28892	3	0.001585
29135	28029	4	0.002113
29135	28670	1	0.000528
29136	28902	16	0.021978
29136	28035	31	0.042582
29136	28935	31	0.042582
29136	28815	18	0.024725
29136	27920	18	0.024725
29136	28051	31	0.042582
29136	28185	31	0.042582
29136	27419	19	0.026099
29136	28316	31	0.042582
29136	28957	14	0.019231
29136	27679	349	0.479396
29136	27824	32	0.043956
29136	28325	31	0.042582
29136	28710	2577	3.539835
29136	28711	31	0.042582
29136	29044	15	0.020604
29136	28330	18	0.024725
29136	28679	31	0.042582
29136	27695	14	0.019231
29136	27696	31	0.042582
29136	27697	31	0.042582
29136	29104	14	0.019231
29136	27636	31	0.042582
29136	28091	14	0.019231
29136	28262	7	0.009615
29136	27839	22	0.030220
29136	27456	31	0.042582
29136	27588	31	0.042582
29136	28848	14	0.019231
29136	27848	14	0.019231
29136	28625	31	0.042582
29136	28884	31	0.042582
29136	29014	31	0.042582
29136	28633	14	0.019231
29136	28096	18	0.024725
29136	28641	31	0.042582
29136	28002	33	0.045330
29136	29027	31	0.042582
29136	27558	14	0.019231
29136	27750	14	0.019231
29136	28903	31	0.042582
29136	28525	14	0.019231
29136	28531	14	0.019231
29136	27764	31	0.042582
29136	27515	14	0.019231
29138	28192	2	0.010256
29138	28900	1	0.005128
29138	27621	1	0.005128
29138	29098	1	0.005128
29138	27884	1	0.005128
29138	27950	1	0.005128
29138	29103	1	0.005128
29138	28465	13	0.066667
29138	28402	12	0.061538
29139	27899	1	0.001217
29140	28161	1	0.000575
29140	27652	1	0.000575
29140	28591	1	0.000575
29140	27654	1	0.000575
29140	27656	1	0.000575
29140	28683	3515	2.020115
29140	28172	1	0.000575
29140	28689	1	0.000575
29140	27666	1	0.000575
29140	28078	1	0.000575
29140	28698	13	0.007471
29140	27675	2	0.001149
29140	28701	1	0.000575
29140	28194	1	0.000575
29140	28558	1	0.000575
29140	27687	1	0.000575
29140	28200	2	0.001149
29140	28201	1	0.000575
29140	28202	1	0.000575
29140	28209	1	0.000575
29140	28725	6	0.003448
29140	27702	1	0.000575
29140	28733	2	0.001149
29140	28085	1	0.000575
29140	28224	1	0.000575
29140	28225	1	0.000575
29140	28226	1	0.000575
29140	28231	1	0.000575
29140	27720	1	0.000575
29140	28684	1	0.000575
29140	28751	2	0.001149
29140	27732	1	0.000575
29140	28759	1	0.000575
29140	28506	1	0.000575
29140	28763	1	0.000575
29140	27740	1	0.000575
29140	27741	1	0.000575
29140	27743	1	0.000575
29140	28769	1	0.000575
29140	28263	1	0.000575
29140	28777	1	0.000575
29140	27755	1	0.000575
29140	28781	1	0.000575
29140	27758	1	0.000575
29140	28466	1	0.000575
29140	28275	2	0.001149
29140	28790	1	0.000575
29140	27531	1	0.000575
29140	28280	1	0.000575
29140	27773	1	0.000575
29140	28290	1	0.000575
29140	28292	1	0.000575
29140	29036	1	0.000575
29140	28304	1	0.000575
29140	28307	1	0.000575
29140	28308	1	0.000575
29140	28821	18	0.010345
29140	27798	1	0.000575
29140	27799	1	0.000575
29140	28312	1	0.000575
29140	27804	1	0.000575
29140	28070	1	0.000575
29140	28832	1	0.000575
29140	28528	1	0.000575
29140	28324	1	0.000575
29140	28838	1	0.000575
29140	28529	1	0.000575
29140	28426	1	0.000575
29140	28943	1	0.000575
29140	27822	1	0.000575
29140	28189	1	0.000575
29140	28849	1	0.000575
29140	28859	16	0.009195
29140	29130	1	0.000575
29140	28864	1	0.000575
29140	28353	1	0.000575
29140	28867	1	0.000575
29140	28359	1	0.000575
29140	28874	1	0.000575
29140	27851	1	0.000575
29140	28364	1	0.000575
29140	28365	1	0.000575
29140	28366	1	0.000575
29140	28879	1	0.000575
29140	28368	2	0.001149
29140	27858	1	0.000575
29140	28371	2	0.001149
29140	28374	1	0.000575
29140	28379	1	0.000575
29140	28382	2	0.001149
29140	27871	1	0.000575
29140	28898	3	0.001724
29140	28899	1	0.000575
29140	28388	1	0.000575
29140	27878	1	0.000575
29140	28391	1	0.000575
29140	27516	1	0.000575
29140	27883	1	0.000575
29140	27887	1	0.000575
29140	28402	1	0.000575
29140	27897	1	0.000575
29140	27899	718	0.412644
29140	27690	1	0.000575
29140	28480	2	0.001149
29140	28417	2	0.001149
29140	27908	2	0.001149
29140	28421	1	0.000575
29140	27914	1	0.000575
29140	28431	1	0.000575
29140	28992	4	0.002299
29140	27921	1	0.000575
29140	28946	1	0.000575
29140	27412	1	0.000575
29140	28974	1	0.000575
29140	28440	332	0.190805
29140	28954	1	0.000575
29140	28552	1	0.000575
29140	27423	1	0.000575
29140	28891	1	0.000575
29140	27429	1	0.000575
29140	28456	1	0.000575
29140	27433	1	0.000575
29140	28460	1	0.000575
29140	28461	1	0.000575
29140	27950	15	0.008621
29140	27528	1	0.000575
29140	27954	1	0.000575
29140	27955	1	0.000575
29140	28468	1	0.000575
29140	28982	1	0.000575
29140	28474	1	0.000575
29140	27615	1	0.000575
29140	27964	1	0.000575
29140	27968	1	0.000575
29140	28994	1	0.000575
29140	27971	1	0.000575
29140	27972	1	0.000575
29140	28214	1	0.000575
29140	28489	1	0.000575
29140	29002	1	0.000575
29140	28495	1	0.000575
29140	29008	1	0.000575
29140	27987	1	0.000575
29140	29013	1	0.000575
29140	28875	1	0.000575
29140	28503	1	0.000575
29140	27482	1	0.000575
29140	27995	1	0.000575
29140	28000	1	0.000575
29140	27489	2	0.001149
29140	27491	13	0.007471
29140	29073	1	0.000575
29140	28009	1	0.000575
29140	27879	1	0.000575
29140	27500	1	0.000575
29140	27504	1	0.000575
29140	28017	1	0.000575
29140	28530	1	0.000575
29140	28024	1	0.000575
29140	28079	1	0.000575
29140	28027	3	0.001724
29140	28540	1	0.000575
29140	29055	1	0.000575
29140	27712	1	0.000575
29140	27451	1	0.000575
29140	28555	1	0.000575
29140	28046	1	0.000575
29140	28561	1	0.000575
29140	27850	1	0.000575
29140	27541	1	0.000575
29140	27548	1	0.000575
29140	28573	1	0.000575
29140	27552	1	0.000575
29140	27553	1	0.000575
29140	27555	1	0.000575
29140	28069	1	0.000575
29140	28639	1	0.000575
29140	28071	1	0.000575
29140	28584	14	0.008046
29140	28585	1	0.000575
29140	27719	1	0.000575
29140	28076	2	0.001149
29140	28895	1	0.000575
29140	27567	1	0.000575
29140	27568	1	0.000575
29140	27573	1	0.000575
29140	27977	1	0.000575
29140	28608	22	0.012644
29140	29015	1	0.000575
29140	28657	1	0.000575
29140	27589	1	0.000575
29140	28615	1	0.000575
29140	28105	1	0.000575
29140	28106	14	0.008046
29140	29132	1	0.000575
29140	28622	1	0.000575
29140	28623	3479	1.999425
29140	28113	2	0.001149
29140	28453	4	0.002299
29140	29135	1	0.000575
29140	28634	1	0.000575
29140	29149	1	0.000575
29140	29151	1	0.000575
29140	27621	6	0.003448
29140	27624	1	0.000575
29140	28137	1	0.000575
29140	29162	1	0.000575
29140	28652	1	0.000575
29140	27629	1	0.000575
29140	27560	1	0.000575
29140	27634	1	0.000575
29140	27637	1	0.000575
29140	28665	1	0.000575
29140	28666	1	0.000575
29140	28667	1	0.000575
29140	28156	1	0.000575
29140	27645	1	0.000575
29140	28670	1	0.000575
29142	28192	1	0.012658
29142	27621	1	0.012658
29142	27471	6	0.075949
29143	27682	683	0.407275
29143	28293	643	0.383423
29143	27817	601	0.358378
29143	28078	20	0.011926
29143	27823	1	0.000596
29143	27950	71	0.042338
29143	28469	698	0.416219
29143	28919	1	0.000596
29143	28453	1	0.000596
29145	28584	2	0.006410
29145	27875	146	0.467949
29145	27950	4	0.012821
29147	28547	4	0.005739
29147	27653	1	0.001435
29147	27655	2	0.002869
29147	28044	2	0.002869
29147	28440	2	0.002869
29147	28698	39	0.055954
29147	28453	5	0.007174
29147	27950	2	0.002869
29147	29103	2	0.002869
29147	28466	24	0.034433
29147	27455	2	0.002869
29147	28992	7	0.010043
29147	28609	2	0.002869
29147	29005	4	0.005739
29147	28113	2	0.002869
29147	28886	2	0.002869
29147	28923	1	0.001435
29147	28907	6	0.008608
29147	27758	1	0.001435
29147	28018	2	0.002869
29147	28919	429	0.615495
29147	27643	1	0.001435
29147	28924	5	0.007174
29149	28440	1	0.014706
29149	28321	1	0.014706
29149	28938	1	0.014706
29149	28859	1	0.014706
29151	28032	6	0.015544
29151	28608	2	0.005181
29151	27606	3	0.007772
29151	29062	5	0.012953
29151	28938	2	0.005181
29151	28683	9	0.023316
29151	28992	2	0.005181
29151	28821	1	0.002591
29151	27542	3	0.007772
29151	28440	1201	3.111399
29151	28698	2	0.005181
29151	28706	1	0.002591
29151	28835	1	0.002591
29151	28453	1	0.002591
29151	28070	1	0.002591
29151	28584	2	0.005181
29151	28079	2	0.005181
29151	27983	1	0.002591
29151	28725	1	0.002591
29151	28598	384	0.994819
29151	28344	9	0.023316
29151	28094	1	0.002591
29151	28480	5	0.012953
29151	27586	7	0.018135
29151	28106	6	0.015544
29151	28750	2	0.005181
29151	28623	386	1.000000
29151	27728	386	1.000000
29151	29140	3	0.007772
29151	27605	1	0.002591
29151	28886	1	0.002591
29151	28495	3	0.007772
29151	27616	384	0.994819
29151	27491	1	0.002591
29151	28900	1	0.002591
29151	27621	9	0.023316
29151	27894	5	0.012953
29151	27899	8	0.020725
29151	28924	1	0.002591
29152	27950	2	0.018519
29152	28495	1	0.009259
29156	28192	15	0.272727
29158	27950	2	0.001908
29159	27520	2	0.003861
29159	28192	3	0.005792
29159	27899	8	0.015444
29159	27621	4	0.007722
29159	29062	2	0.003861
29159	28204	4	0.007722
29159	27466	2	0.003861
29159	28172	12	0.023166
29159	27950	4	0.007722
29159	28495	4	0.007722
29159	28018	1	0.001931
29159	28440	10	0.019305
29159	28698	2	0.003861
29159	28923	2	0.003861
29159	28444	2	0.003861
29159	28029	10	0.019305
29159	27679	2	0.003861
29161	28584	3	0.022222
29161	28938	1	0.007407
29161	27892	2	0.014815
29161	28821	6	0.044444
29161	28440	2	0.014815
29161	28698	22	0.162963
29161	27899	18	0.133333
29161	28029	12	0.088889
29162	28032	4	0.014599
29162	28097	2	0.007299
29162	27586	2	0.007299
29162	28886	2	0.007299
29162	28584	6	0.021898
29162	28745	2	0.007299
29162	28106	4	0.014599
29162	28459	276	1.007299
29162	28029	2	0.007299
29162	27504	2	0.007299
29162	28344	2	0.007299
29162	28788	2	0.007299
29162	27701	1	0.003650
29162	27542	3	0.010949
29162	27479	2	0.007299
29162	28440	13	0.047445
29162	28938	1	0.003650
29162	28859	2	0.007299
29162	28604	2	0.007299
29162	28989	2	0.007299
29162	27621	2	0.007299
27409	28192	7	0.016746
27410	27705	443	0.805455
27410	27882	443	0.805455
27410	28362	443	0.805455
27410	27950	4	0.007273
27411	27586	6462	22.206186
27411	27491	1	0.003436
27411	27621	8	0.027491
27411	27561	1	0.003436
27411	28106	9	0.030928
27411	28495	5	0.017182
27411	27701	3	0.010309
27411	27899	2	0.006873
27411	27481	2	0.006873
27411	28938	6	0.020619
27411	28859	1718	5.903780
27411	28989	1	0.003436
27412	28480	7	0.030702
27412	28608	1	0.004386
27412	27491	9	0.039474
27412	28327	2	0.008772
27412	28029	2	0.008772
27412	27724	1	0.004386
27412	28466	2	0.008772
27412	29005	1	0.004386
27412	28113	2	0.008772
27412	28097	1	0.004386
27412	28859	1	0.004386
27412	28919	1	0.004386
27412	27898	1	0.004386
27412	27899	1	0.004386
27412	28924	4	0.017544
27412	28698	1	0.004386
27412	28094	1	0.004386
27414	28218	4	1.333333
27415	28584	1	0.000879
27415	28835	3	0.002636
27415	27950	8	0.007030
27416	28639	10	0.169492
27418	27950	4	0.085106
27418	27591	464	9.872340
27419	28902	641	0.056756
27419	28035	657	0.058172
27419	28935	657	0.058172
27419	28815	641	0.056756
27419	27920	641	0.056756
27419	28051	657	0.058172
27419	28185	657	0.058172
27419	28316	657	0.058172
27419	28957	641	0.056756
27419	27679	9388	0.831238
27419	27824	657	0.058172
27419	28325	657	0.058172
27419	28710	60992	5.400390
27419	28711	657	0.058172
27419	29044	641	0.056756
27419	28330	641	0.056756
27419	28679	657	0.058172
27419	27695	641	0.056756
27419	27696	657	0.058172
27419	27697	657	0.058172
27419	29104	641	0.056756
27419	27636	657	0.058172
27419	28091	641	0.056756
27419	28262	5	0.000443
27419	27839	641	0.056756
27419	27456	657	0.058172
27419	27588	657	0.058172
27419	28848	641	0.056756
27419	27848	641	0.056756
27419	29136	641	0.056756
27419	28625	657	0.058172
27419	28884	657	0.058172
27419	29014	657	0.058172
27419	28633	641	0.056756
27419	28096	641	0.056756
27419	28641	657	0.058172
27419	28002	662	0.058615
27419	29027	657	0.058172
27419	27558	641	0.056756
27419	27750	641	0.056756
27419	28903	657	0.058172
27419	28525	641	0.056756
27419	28531	641	0.056756
27419	27764	657	0.058172
27419	27515	641	0.056756
27420	27707	4	0.400000
27420	29047	10	1.000000
27422	28562	1	0.045455
27422	27572	2	0.090909
27423	28106	3	0.136364
27423	28097	2	0.090909
27423	27491	1	0.045455
27423	27884	1	0.045455
27423	27562	172	7.818182
27423	28683	1	0.045455
27423	28029	1	0.045455
27423	27950	4	0.181818
27423	28495	16	0.727273
27423	28027	1	0.045455
27423	27479	14	0.636364
27423	28723	25	1.136364
27423	27703	1	0.045455
27423	28440	3	0.136364
27423	27983	1	0.045455
27423	29098	2	0.090909
27423	28094	1	0.045455
27423	28919	1	0.045455
27424	28888	258	1.372340
27424	27875	1	0.005319
27424	27950	11	0.058511
27425	27950	5	0.073529
27425	27798	3	0.044118
27425	27527	1	0.014706
27426	28440	1	0.058824
27426	28029	2	0.117647
27429	28480	2	0.006601
27429	28859	2	0.006601
27429	28453	2	0.006601
27429	28006	18	0.059406
27429	28106	5	0.016502
27429	28683	1	0.003300
27429	28344	6	0.019802
27429	27762	3	0.009901
27429	28821	4	0.013201
27429	28182	2	0.006601
27429	29111	2	0.006601
27429	28440	8	0.026403
27429	27899	2	0.006601
27429	27621	3	0.009901
27430	28084	1	0.020408
27430	28461	3	0.061224
27433	27808	46	0.053676
27433	28608	1	0.001167
27433	28835	4	0.004667
27433	27621	6	0.007001
27433	28859	1	0.001167
27433	28584	4	0.004667
27433	28234	7	0.008168
27433	28683	1	0.001167
27433	27628	2	0.002334
27433	28658	3	0.003501
27433	28821	2	0.002334
27433	27542	5	0.005834
27433	28440	6	0.007001
27433	28938	1	0.001167
27433	27899	5	0.005834
27433	28106	12	0.014002
27434	28584	1	0.100000
27434	27899	1	0.100000
27434	27950	8	0.800000
27435	28192	1	0.029412
27435	27950	1	0.029412
27438	28928	2	0.666667
27438	28907	2	0.666667
27438	27655	2	0.666667
27438	28044	2	0.666667
27438	28547	2	0.666667
27438	28956	4	1.333333
27438	28453	2	0.666667
27438	29096	2	0.666667
27438	28842	2	0.666667
27438	29103	2	0.666667
27438	28466	2	0.666667
27438	27455	2	0.666667
27438	28609	2	0.666667
27438	28739	2	0.666667
27438	28619	2	0.666667
27438	29005	2	0.666667
27438	29134	2	0.666667
27438	28113	2	0.666667
27438	28249	2	0.666667
27438	29147	2	0.666667
27438	28894	2	0.666667
27438	28644	2	0.666667
27438	28523	2	0.666667
27438	28018	2	0.666667
27438	28662	2	0.666667
27438	28919	150	50.000000
27438	27898	2	0.666667
27438	28924	2	0.666667
27440	28901	55	0.948276
27440	27881	55	0.948276
27440	28586	55	0.948276
27440	27950	165	2.844828
27440	28207	55	0.948276
27440	29045	55	0.948276
27440	29070	55	0.948276
27440	27610	55	0.948276
27440	27685	55	0.948276
27441	27950	1	0.022222
27443	28440	2	0.026667
27443	28209	2	0.026667
27443	27825	2	0.026667
27444	28584	1	0.005917
27444	27479	1	0.005917
27444	27950	486	2.875740
27444	27758	97	0.573964
27444	27527	1	0.005917
27445	28495	9	0.375000
27446	28480	7	0.250000
27446	28097	2	0.071429
27446	27899	1	0.035714
27446	29062	2	0.071429
27446	28018	1	0.035714
27446	28821	3	0.107143
27446	28440	2	0.071429
27446	27513	1	0.035714
27446	28698	1	0.035714
27446	28923	7	0.250000
27447	27950	6	0.016997
27448	28683	12	0.003642
27448	28821	2	0.000607
27448	28440	526	0.159636
27448	28698	2	0.000607
27448	28701	13	0.003945
27448	27934	2	0.000607
27448	28064	2	0.000607
27448	28835	2	0.000607
27448	27684	1	0.000303
27448	28584	5	0.001517
27448	27950	1	0.000303
27448	27828	1	0.000303
27448	28992	1	0.000303
27448	28745	2	0.000607
27448	28492	5923	1.797572
27448	28500	2	0.000607
27448	28898	2	0.000607
27448	27621	2	0.000607
27448	27766	10	0.003035
27448	29140	4	0.001214
27448	27899	2	0.000607
27448	28029	4	0.001214
27449	28738	1068	0.931937
27449	28867	4	0.003490
27449	27875	5	0.004363
27449	27950	16	0.013962
27449	28783	1068	0.931937
27449	27507	2136	1.863874
27449	28477	13	0.011344
27450	27950	6	0.074074
27451	28352	4	0.035088
27451	27542	2	0.017544
27451	27783	5	0.043860
27451	28106	2	0.017544
27451	28440	1	0.008772
27451	28886	1	0.008772
27451	28344	2	0.017544
27451	28938	1	0.008772
27452	28106	13	0.619048
27452	28821	19	0.904762
27453	28017	1	0.010204
27453	28466	1	0.010204
27453	28371	1	0.010204
27454	27491	4	0.013559
27454	27527	1	0.003390
27454	28041	1	0.003390
27454	27479	2	0.006780
27454	28440	1	0.003390
27454	27899	22	0.074576
27454	29151	1	0.003390
27455	28992	5	0.005302
27455	28835	2	0.002121
27455	28260	1	0.001060
27455	28584	1	0.001060
27455	29098	1	0.001060
27455	28811	4	0.004242
27455	27950	5	0.005302
27455	27951	1	0.001060
27455	27858	4	0.004242
27455	28919	22	0.023330
27455	28698	4	0.004242
27455	28029	6	0.006363
27456	28902	20	0.014094
27456	28035	36	0.025370
27456	28935	36	0.025370
27456	28815	20	0.014094
27456	27920	20	0.014094
27456	28051	36	0.025370
27456	28185	36	0.025370
27456	27419	20	0.014094
27456	28316	36	0.025370
27456	28957	20	0.014094
27456	27679	916	0.645525
27456	27824	36	0.025370
27456	28325	36	0.025370
27456	28710	5806	4.091614
27456	28711	36	0.025370
27456	29044	20	0.014094
27456	28330	20	0.014094
27456	28679	36	0.025370
27456	27695	20	0.014094
27456	27696	36	0.025370
27456	27697	36	0.025370
27456	29104	20	0.014094
27456	27636	36	0.025370
27456	28091	20	0.014094
27456	28262	2	0.001409
27456	27839	20	0.014094
27456	28096	20	0.014094
27456	27588	36	0.025370
27456	28848	20	0.014094
27456	27848	20	0.014094
27456	29136	20	0.014094
27456	28625	36	0.025370
27456	28884	36	0.025370
27456	29014	36	0.025370
27456	28633	20	0.014094
27456	28641	36	0.025370
27456	28002	38	0.026779
27456	29027	36	0.025370
27456	27558	20	0.014094
27456	27750	20	0.014094
27456	28903	36	0.025370
27456	28525	20	0.014094
27456	28531	20	0.014094
27456	27764	36	0.025370
27456	27515	20	0.014094
27458	28969	11	0.016153
27458	27659	2	0.002937
27458	28622	1	0.001468
27458	27983	1	0.001468
27458	28690	1	0.001468
27458	28916	1	0.001468
27458	28440	2	0.002937
27458	27412	2	0.002937
27458	28859	1	0.001468
27460	27491	2	0.002073
27460	28804	1	0.001036
27460	28106	1	0.001036
27460	27704	1	0.001036
27460	28850	1	0.001036
27460	27859	1	0.001036
27460	27701	4	0.004145
27460	27899	9	0.009326
27460	28440	2	0.002073
27460	28538	1	0.001036
27460	27835	1	0.001036
27460	28824	1	0.001036
27460	28029	2	0.002073
27460	28159	1	0.001036
27461	27741	64	0.984615
27461	28495	1	0.015385
27463	28480	3	0.011583
27463	28097	2	0.007722
27463	28584	2	0.007722
27463	28041	2	0.007722
27463	28938	2	0.007722
27463	28683	6	0.023166
27463	27628	2	0.007722
27463	28655	264	1.019305
27463	27538	10	0.038610
27463	27539	8	0.030888
27463	29140	4	0.015444
27463	28821	8	0.030888
27463	28886	4	0.015444
27463	28440	50	0.193050
27463	27737	8	0.030888
27463	28410	269	1.038610
27463	27899	4	0.015444
27463	28029	4	0.015444
27463	28094	2	0.007722
27465	28835	127	0.153382
27465	28070	1	0.001208
27465	27527	2	0.002415
27465	27950	29	0.035024
27465	28495	1	0.001208
27465	28018	1	0.001208
27465	28863	27	0.032609
27466	28938	1	0.027027
27466	28495	4	0.108108
27466	28106	1	0.027027
27466	27950	1	0.027027
27466	27679	1	0.027027
27467	27591	186	5.470588
27468	28995	1	0.006369
27468	29062	1	0.006369
27468	28584	3	0.019108
27468	27950	2	0.012739
27468	28821	2	0.012739
27468	28342	5	0.031847
27469	27928	15	0.015789
27469	28859	4	0.004211
27469	27758	4	0.004211
27470	28131	1	0.021739
27470	28554	1	0.021739
27470	27950	2	0.043478
27470	27857	1	0.021739
27470	27875	2	0.043478
27470	28062	1	0.021739
27471	28192	3	0.025641
27471	27754	1	0.008547
27471	27950	3	0.025641
27471	28440	1	0.008547
27471	27890	1	0.008547
27471	28084	1	0.008547
27471	28344	116	0.991453
27471	27924	1	0.008547
27471	27899	2	0.017094
27471	27517	5	0.042735
27471	28702	1	0.008547
27472	27491	1	0.000317
27472	27684	2	0.000634
27472	27621	2	0.000634
27472	27430	11	0.003488
27472	28745	3	0.000951
27472	28683	2	0.000634
27472	28461	26769	8.487318
27472	28623	2	0.000634
27472	28344	5	0.001585
27472	29140	3	0.000951
27472	28821	1	0.000317
27472	28440	12	0.003805
27473	28098	2	0.001463
27473	27899	5	0.003658
27473	28584	1	0.000732
27473	28649	1	0.000732
27473	28106	1	0.000732
27473	28811	1	0.000732
27473	27950	48	0.035113
27473	28018	8	0.005852
27473	28340	234	0.171178
27473	28698	3	0.002195
27473	28891	1128	0.825165
27473	28029	7	0.005121
27473	27902	505	0.369422
27474	27950	2	0.003030
27475	28908	5	0.056180
27476	27586	2	0.015267
27476	27899	2	0.015267
27476	29062	8	0.061069
27476	28106	6	0.045802
27476	28440	15	0.114504
27476	28698	2	0.015267
27476	28059	3	0.022901
27476	28938	8	0.061069
27477	28064	51	0.980769
27477	28898	51	0.980769
27477	28745	51	0.980769
27477	28500	51	0.980769
27477	28440	13272	255.230769
27477	27899	51	0.980769
27477	27934	51	0.980769
27478	28192	5	0.016129
27478	27681	1	0.003226
27478	28619	1	0.003226
27478	28965	36	0.116129
27478	28264	261	0.841935
27478	28069	2	0.006452
27478	28011	1	0.003226
27478	27899	1	0.003226
27478	29106	1	0.003226
27478	28082	1	0.003226
27478	28018	2	0.006452
27478	27811	1	0.003226
27478	27607	1	0.003226
27478	28440	3	0.009677
27478	27621	1	0.003226
27478	28735	1	0.003226
27479	28806	1	0.001563
27479	29036	1	0.001563
27479	28426	2	0.003125
27479	28558	1	0.001563
27479	28561	2	0.003125
27479	28946	2	0.003125
27479	28821	5	0.007812
27479	27798	1	0.001563
27479	28440	2	0.003125
27479	28698	1	0.001563
27479	27804	1	0.001563
27479	27423	1	0.001563
27479	27552	1	0.001563
27479	28835	29	0.045312
27479	28069	1	0.001563
27479	28585	1	0.001563
27479	28202	1	0.001563
27479	28076	1	0.001563
27479	28078	1	0.001563
27479	28468	1	0.001563
27479	28992	5	0.007812
27479	28225	2	0.003125
27479	28875	1	0.001563
27479	27850	1	0.001563
27479	28747	1	0.001563
27479	28368	1	0.001563
27479	29015	1	0.001563
27479	27868	22	0.034375
27479	27741	1	0.001563
27479	27871	1	0.001563
27479	27491	2	0.003125
27479	27878	1	0.001563
27479	29073	1	0.001563
27479	29162	2	0.003125
27479	27879	1	0.001563
27479	28652	1	0.001563
27479	27633	1	0.001563
27479	28275	1	0.001563
27479	27899	116	0.181250
27479	28029	1	0.001563
27479	29098	1	0.001563
27480	27950	1	0.058824
27481	27586	2	0.051282
27481	27899	1	0.025641
27481	28900	6	0.153846
27481	29062	2	0.051282
27481	28423	1	0.025641
27481	28584	2	0.051282
27481	28495	10	0.256410
27481	28079	1	0.025641
27481	28886	8	0.205128
27481	28698	3	0.076923
27481	28859	9	0.230769
27481	28924	1	0.025641
27481	28029	55	1.410256
27481	28094	1	0.025641
27482	28546	7	0.051095
27482	28774	2	0.014599
27482	28967	2	0.014599
27482	28584	1	0.007299
27482	28938	2	0.014599
27482	28683	3	0.021898
27482	28302	2	0.014599
27482	28079	2	0.014599
27482	28821	3	0.021898
27482	28440	5	0.036496
27482	28378	2	0.014599
27482	28252	2	0.014599
27482	28029	9	0.065693
27485	28032	2	0.007874
27485	28097	2	0.007874
27485	27684	2	0.007874
27485	28487	252	0.992126
27485	28106	2	0.007874
27485	28588	5	0.019685
27485	27983	3	0.011811
27485	28821	2	0.007874
27485	28440	4	0.015748
27485	28698	2	0.007874
27485	28861	3	0.011811
27486	27875	1	0.001825
27486	29138	97	0.177007
27486	27950	283	0.516423
27486	29103	1	0.001825
27486	28465	4844	8.839416
27486	28402	498	0.908759
27486	28440	2	0.003650
27486	28029	1	0.001825
27487	28181	1	0.008621
27488	28643	495	0.822259
27488	28753	489	0.812292
27488	27953	492	0.817276
27488	29131	492	0.817276
27488	28972	490	0.813953
27488	27950	16	0.026578
27488	29103	3	0.004983
27488	27504	6	0.009967
27488	27569	1003	1.666113
27488	28835	2	0.003322
27488	28084	4	0.006645
27488	27637	8	0.013289
27488	28440	1	0.001661
27488	27899	2	0.003322
27488	27875	1	0.001661
27489	28609	1	0.002717
27489	28425	1	0.002717
27489	27983	1	0.002717
27489	28976	3	0.008152
27489	28466	1	0.002717
27489	28821	2	0.005435
27489	28440	9	0.024457
27489	28698	1	0.002717
27489	27612	1	0.002717
27489	28029	2	0.005435
27490	27899	1	0.045455
27490	28821	1	0.045455
27491	28683	9	0.002770
27491	28698	35	0.010773
27491	28192	1	0.000308
27491	28706	2	0.000616
27491	27683	2	0.000616
27491	27684	1	0.000308
27491	27701	3	0.000923
27491	27703	1	0.000308
27491	28747	1	0.000308
27491	28751	1	0.000308
27491	28347	1	0.000308
27491	28260	7	0.002155
27491	28267	3	0.000923
27491	28811	5	0.001539
27491	28821	7	0.002155
27491	27803	1	0.000308
27491	28833	1	0.000308
27491	28835	1	0.000308
27491	28344	3	0.000923
27491	28859	28	0.008618
27491	28886	10	0.003078
27491	27863	3	0.000923
27491	28380	1	0.000308
27491	28900	3	0.000923
27491	28394	4	0.001231
27491	27892	1	0.000308
27491	27894	2	0.000616
27491	28919	13	0.004001
27491	28923	1	0.000308
27491	28924	2	0.000616
27491	28415	1	0.000308
27491	28416	4	0.001231
27491	28419	2	0.000616
27491	28423	1	0.000308
27491	28938	17	0.005232
27491	27412	4	0.001231
27491	28440	8	0.002462
27491	28453	1	0.000308
27491	27434	1	0.000308
27491	27950	23	0.007079
27491	27446	1	0.000308
27491	27452	2	0.000616
27491	28989	2	0.000616
27491	27454	1	0.000308
27491	28725	2	0.000616
27491	28992	4	0.001231
27491	27460	3	0.000923
27491	27976	2	0.000616
27491	27466	1	0.000308
27491	28495	6	0.001847
27491	27479	17	0.005232
27491	27997	1	0.000308
27491	27965	2	0.000616
27491	27504	7	0.002155
27491	28534	1	0.000308
27491	27513	1	0.000308
27491	28029	25	0.007695
27491	28480	32	0.009849
27491	29058	1	0.000308
27491	29061	3228	0.993536
27491	29062	25	0.007695
27491	27527	18	0.005540
27491	28041	3	0.000923
27491	29075	1	0.000308
27491	27542	9	0.002770
27491	29093	1	0.000308
27491	28584	21	0.006464
27491	27565	1	0.000308
27491	29107	3	0.000923
27491	28084	30	0.009234
27491	27575	4	0.001231
27491	28094	1	0.000308
27491	28095	2	0.000616
27491	28608	13	0.004001
27491	28097	4	0.001231
27491	27586	5	0.001539
27491	28617	2	0.000616
27491	28106	33	0.010157
27491	29140	3	0.000923
27491	27606	1	0.000308
27491	28636	1	0.000308
27491	28126	1	0.000308
27491	27899	103	0.031702
27491	27621	7	0.002155
27491	29161	1	0.000308
27491	27643	3	0.000923
27494	27950	3	0.020548
27494	27679	1	0.006849
27500	28683	3	0.003272
27500	28821	2	0.002181
27500	28698	1	0.001091
27500	28192	1	0.001091
27500	27684	12	0.013086
27500	28584	3	0.003272
27500	27950	1	0.001091
27500	27701	1	0.001091
27500	28344	72	0.078517
27500	28859	7	0.007634
27500	27582	1	0.001091
27500	28992	1	0.001091
27500	27586	57	0.062159
27500	28106	4	0.004362
27500	28495	1	0.001091
27500	27859	29	0.031625
27500	29140	2	0.002181
27500	27899	1	0.001091
27500	27621	13	0.014177
27500	27884	1	0.001091
27500	27643	2	0.002181
27500	27516	2	0.002181
27501	28480	2	0.008439
27501	28032	2	0.008439
27501	28514	470	1.983122
27501	27950	2	0.008439
27501	28689	4	0.016878
27501	29140	2	0.008439
27501	29079	231	0.974684
27501	28440	2	0.008439
27502	28257	2	0.071429
27502	28357	29	1.035714
27502	28807	29	1.035714
27502	28937	29	1.035714
27502	27658	29	1.035714
27502	28396	29	1.035714
27502	28589	87	3.107143
27502	27950	1	0.035714
27502	27503	1	0.035714
27502	28174	1	0.035714
27502	28029	1	0.035714
27502	27589	1	0.035714
27503	28192	1	0.076923
27503	27567	1	0.076923
27503	27679	1	0.076923
27504	28288	5	0.013405
27504	28416	3	0.008043
27504	29062	31	0.083110
27504	28938	2	0.005362
27504	28944	5	0.013405
27504	27800	5	0.013405
27504	27924	5	0.013405
27504	28821	14	0.037534
27504	28029	11	0.029491
27504	28440	1	0.002681
27504	28706	9	0.024129
27504	28298	10	0.026810
27504	28584	8	0.021448
27504	27950	1	0.002681
27504	27823	5	0.013405
27504	28084	3	0.008043
27504	28598	5	0.013405
27504	28218	5	0.013405
27504	28604	5	0.013405
27504	28026	5	0.013405
27504	28609	5	0.013405
27504	27796	5	0.013405
27504	28739	5	0.013405
27504	28106	1	0.002681
27504	28748	5	0.013405
27504	29134	5	0.013405
27504	29007	10	0.026810
27504	27860	5	0.013405
27504	28537	5	0.013405
27504	28376	5	0.013405
27504	28249	5	0.013405
27504	29147	5	0.013405
27504	28892	10	0.026810
27504	27450	5	0.013405
27504	28894	5	0.013405
27504	27491	1	0.002681
27504	28644	5	0.013405
27504	27621	4	0.010724
27504	28262	5	0.013405
27504	27751	5	0.013405
27504	27754	5	0.013405
27504	28523	5	0.013405
27504	28655	5	0.013405
27504	28784	5	0.013405
27504	29096	5	0.013405
27504	28018	5	0.013405
27504	28147	5	0.013405
27504	27509	5	0.013405
27504	28662	5	0.013405
27504	29140	1	0.002681
27504	27898	5	0.013405
27504	27899	79	0.211796
27504	28924	2	0.005362
27504	28413	10	0.026810
27504	28778	5	0.013405
27506	28131	1	0.038462
27507	27449	3	0.093750
27507	28738	3	0.093750
27507	27950	1	0.031250
27507	28783	3	0.093750
27509	28416	1	0.001026
27509	27527	1	0.001026
27509	28106	1	0.001026
27509	28811	1	0.001026
27509	27950	1955	2.005128
27509	28026	1	0.001026
27510	28347	1	0.003984
27510	28135	1	0.003984
27510	27884	4	0.015936
27510	28495	1	0.003984
27510	28180	13	0.051793
27510	28440	1	0.003984
27510	27899	264	1.051793
27510	28191	1	0.003984
27511	28928	1	0.008850
27511	28547	1	0.008850
27511	27655	2	0.017699
27511	28523	2	0.017699
27511	28044	1	0.008850
27511	29096	2	0.017699
27511	29103	1	0.008850
27511	28604	2	0.017699
27511	28609	2	0.017699
27511	28739	2	0.017699
27511	28619	2	0.017699
27511	29005	1	0.008850
27511	29134	2	0.017699
27511	28249	2	0.017699
27511	29147	2	0.017699
27511	28894	2	0.017699
27511	28644	2	0.017699
27511	28907	3	0.026549
27511	28018	1	0.008850
27511	28147	2	0.017699
27511	28662	2	0.017699
27511	27898	2	0.017699
27512	28098	4	0.002882
27512	27899	5	0.003602
27512	28584	1	0.000720
27512	28649	1	0.000720
27512	28106	1	0.000720
27512	28811	1	0.000720
27512	27950	48	0.034582
27512	28018	11	0.007925
27512	28340	234	0.168588
27512	28698	3	0.002161
27512	28891	1128	0.812680
27512	28029	7	0.005043
27512	27902	530	0.381844
27513	28608	2	0.021978
27513	28833	1	0.010989
27513	28260	1	0.010989
27513	28453	1	0.010989
27513	29098	1	0.010989
27513	28683	1	0.010989
27513	27762	1	0.010989
27513	27412	1	0.010989
27513	28886	1	0.010989
27513	28923	16	0.175824
27513	28480	1	0.010989
27513	27621	1	0.010989
27514	29056	68	1.942857
27514	28429	1	0.028571
27514	27950	1	0.028571
27515	28902	41	0.025835
27515	28035	50	0.031506
27515	28935	50	0.031506
27515	28815	43	0.027095
27515	27920	43	0.027095
27515	28051	50	0.031506
27515	28185	50	0.031506
27515	27419	44	0.027725
27515	28316	50	0.031506
27515	28957	39	0.024575
27515	27679	1037	0.653434
27515	27824	51	0.032136
27515	28325	50	0.031506
27515	28710	6718	4.233144
27515	28711	50	0.031506
27515	29044	40	0.025205
27515	28330	43	0.027095
27515	28679	50	0.031506
27515	27695	39	0.024575
27515	27696	50	0.031506
27515	27697	50	0.031506
27515	29104	39	0.024575
27515	27636	50	0.031506
27515	28091	39	0.024575
27515	28262	6	0.003781
27515	27839	47	0.029616
27515	27456	50	0.031506
27515	27588	50	0.031506
27515	28848	39	0.024575
27515	27848	39	0.024575
27515	29136	39	0.024575
27515	28625	50	0.031506
27515	28884	50	0.031506
27515	29014	50	0.031506
27515	28633	39	0.024575
27515	28096	43	0.027095
27515	28641	50	0.031506
27515	28002	52	0.032766
27515	29027	50	0.031506
27515	27558	39	0.024575
27515	27750	39	0.024575
27515	28903	50	0.031506
27515	28525	39	0.024575
27515	28531	39	0.024575
27515	27764	50	0.031506
27516	29140	1	0.013514
27516	28315	1	0.013514
27516	27884	1	0.013514
27516	28413	1	0.013514
27516	27950	1	0.013514
27517	28032	4	0.001479
27517	27586	4	0.001479
27517	27684	1	0.000370
27517	27621	6	0.002219
27517	28938	8	0.002959
27517	27884	3	0.001109
27517	27471	295	0.109098
27517	28440	6	0.002219
27517	28018	1	0.000370
27517	28821	9	0.003328
27517	28344	3	0.001109
27517	27898	2	0.000740
27517	27450	28	0.010355
27517	27899	1	0.000370
27517	28698	1	0.000370
27520	27680	2	0.001230
27520	27541	2	0.001230
27521	27802	173	0.966480
27521	28018	1	0.005587
27521	27621	3	0.016760
27521	27950	1	0.005587
27521	27871	349	1.949721
27523	28192	15	0.123967
27523	28440	3	0.024793
27523	28623	2	0.016529
27524	28440	2	0.090909
27524	28683	36	1.636364
27524	27643	1	0.045455
27524	28623	42	1.909091
27525	27746	3	0.007500
27525	27875	1	0.002500
27525	29124	6	0.015000
27525	29126	2	0.005000
27525	27526	1	0.002500
27525	28007	2	0.005000
27525	28427	2	0.005000
27525	27757	2	0.005000
27525	28014	2	0.005000
27525	27986	2	0.005000
27525	27950	46	0.115000
27525	28889	2	0.005000
27526	27746	3	0.007500
27526	27875	1	0.002500
27526	29124	6	0.015000
27526	27525	8	0.020000
27526	29126	2	0.005000
27526	28007	2	0.005000
27526	28427	2	0.005000
27526	27757	2	0.005000
27526	28014	2	0.005000
27526	27986	2	0.005000
27526	27950	46	0.115000
27526	28889	2	0.005000
27527	28967	1	0.006711
27527	27491	3	0.020134
27527	27621	4	0.026846
27527	27623	1	0.006711
27527	28392	1	0.006711
27527	28970	1	0.006711
27527	28747	14	0.093960
27527	27950	5	0.033557
27527	28495	3	0.020134
27527	28052	1	0.006711
27527	28310	2	0.013423
27527	27479	50	0.335570
27527	28440	23	0.154362
27527	28249	2	0.013423
27527	27898	2	0.013423
27527	27899	13	0.087248
27528	28608	2	0.012658
27528	28835	1	0.006329
27528	28584	2	0.012658
27528	28106	2	0.012658
27528	28683	2	0.012658
27528	28079	4	0.025316
27529	28562	35	0.070994
27529	27773	549	1.113590
27529	27950	53	0.107505
27531	28064	1	0.000352
27531	28898	1	0.000352
27531	28886	1	0.000352
27531	28495	2	0.000704
27531	28584	10	0.003519
27531	28745	1	0.000352
27531	28106	2	0.000704
27531	28683	8	0.002815
27531	28623	6	0.002111
27531	27856	2	0.000704
27531	29140	10	0.003519
27531	27934	1	0.000352
27531	28438	2	0.000704
27531	28440	260	0.091485
27531	28500	1	0.000352
27531	27899	3	0.001056
27531	28029	3	0.001056
27531	28094	2	0.000704
27531	28821	1	0.000352
27532	27875	1	0.001669
27532	28644	2	0.003339
27532	29138	129	0.215359
27532	27950	340	0.567613
27532	29103	1	0.001669
27532	28465	5410	9.031720
27532	28402	558	0.931553
27532	28084	1	0.001669
27532	28440	2	0.003339
27532	28029	2	0.003339
27533	28755	1	0.008000
27533	27899	1	0.008000
27533	28811	1	0.008000
27533	28562	1	0.008000
27533	27950	127	1.016000
27535	27616	119	0.762821
27535	28584	1	0.006410
27535	28106	1	0.006410
27536	27842	2	0.038462
27536	28634	1	0.019231
27537	28698	12	1.000000
27537	27479	89	7.416667
27537	27527	88	7.333333
27538	27552	2	0.025641
27538	29123	4	0.051282
27538	27463	73	0.935897
27538	27950	41	0.525641
27538	28655	1	0.012821
27538	28440	10	0.128205
27538	28466	1	0.012821
27538	27539	7	0.089744
27538	28948	1	0.012821
27538	28024	62	0.794872
27538	27737	1	0.012821
27538	28410	556	7.128205
27539	29123	2	0.018519
27539	27463	174	1.611111
27539	27851	85	0.787037
27539	28621	1	0.009259
27539	27950	34	0.314815
27539	28655	1	0.009259
27539	27704	2	0.018519
27539	27538	6	0.055556
27539	27859	2	0.018519
27539	28948	2	0.018519
27539	28024	172	1.592593
27539	27737	2	0.018519
27539	28410	847	7.842593
27539	28284	1	0.009259
27539	28327	2	0.018519
27540	28811	1	0.002451
27540	28822	1	0.002451
27540	27950	16	0.039216
27540	27679	1	0.002451
27541	27520	17	0.016815
27541	27606	2	0.001978
27541	29062	1	0.000989
27541	28683	4	0.003956
27541	28440	36	0.035608
27541	27680	42	0.041543
27541	28706	3	0.002967
27541	28070	1	0.000989
27541	28584	6	0.005935
27541	28841	1	0.000989
27541	29098	1	0.000989
27541	27950	23	0.022750
27541	28725	4	0.003956
27541	28859	12	0.011869
27541	28094	3	0.002967
27541	27586	55	0.054402
27541	28106	5	0.004946
27541	27852	2	0.001978
27541	28495	3	0.002967
27541	28886	4	0.003956
27541	28623	3	0.002967
27541	27868	6	0.005935
27541	28027	2	0.001978
27541	29096	1	0.000989
27541	28275	4	0.003956
27541	27561	1	0.000989
27541	27899	9	0.008902
27541	28029	3	0.002967
27542	28480	84	0.515337
27542	28608	1	0.006135
27542	27491	10	0.061350
27542	28453	1	0.006135
27542	28584	1	0.006135
27542	28683	1	0.006135
27542	27894	4	0.024540
27542	28698	2	0.012270
27542	27899	3	0.018405
27542	28415	81	0.496933
27543	27899	2	0.004684
27543	28076	581	1.360656
27543	28029	2	0.004684
27543	27950	305	0.714286
27544	27875	8	0.800000
27544	27950	8	0.800000
27546	27950	4	0.333333
27548	27833	1	0.000055
27548	28106	1	0.000055
27548	28859	3	0.000164
27549	27707	2	0.014599
27549	27860	2	0.014599
27549	29038	1	0.007299
27549	29047	4	0.029197
27550	28192	6	0.090909
27550	28067	4	0.060606
27550	28655	1	0.015152
27550	28821	1	0.015152
27550	28343	1	0.015152
27550	27740	1	0.015152
27551	28835	2078	1.998077
27551	27950	7	0.006731
27552	28416	1	0.000394
27552	28192	1	0.000394
27552	28859	2	0.000788
27552	27780	1	0.000394
27552	27621	1	0.000394
27552	29062	2	0.000788
27552	27452	4	0.001576
27552	27679	1	0.000394
27552	28041	1	0.000394
27552	27850	1	0.000394
27552	28332	4894	1.928290
27552	27971	1	0.000394
27552	28821	1	0.000394
27552	27606	1	0.000394
27552	28440	10	0.003940
27552	27899	2	0.000788
27552	28106	22	0.008668
27552	28029	4	0.001576
27552	27582	1	0.000394
27552	28725	2	0.000788
27553	28898	4	0.004306
27553	28835	6	0.006459
27553	27684	3	0.003229
27553	28294	2	0.002153
27553	28106	2	0.002153
27553	28683	2	0.002153
27553	28012	4	0.004306
27553	27412	4	0.004306
27553	28821	4	0.004306
27553	28886	4	0.004306
27553	28440	20	0.021529
27553	29140	4	0.004306
27553	27899	3	0.003229
27553	28938	10	0.010764
27555	28738	2	0.008658
27555	28867	1	0.004329
27555	27684	1	0.004329
27555	27621	8	0.034632
27555	28299	1	0.004329
27555	27950	1	0.004329
27555	27507	1	0.004329
27555	29140	3	0.012987
27555	28821	4	0.017316
27555	28440	2	0.008658
27555	27899	1	0.004329
27555	27773	1	0.004329
27555	28415	1	0.004329
27556	28251	1	0.003584
27556	28900	1	0.003584
27556	28453	11	0.039427
27556	28623	560	2.007168
27556	28584	1	0.003584
27556	28683	308	1.103943
27556	27884	3	0.010753
27556	28495	1	0.003584
27556	28018	1	0.003584
27556	28440	2	0.007168
27556	27899	88	0.315412
27556	28029	12	0.043011
27556	28094	4	0.014337
27557	28518	40	13.333333
27558	28096	16	0.007021
27558	28035	27	0.011847
27558	28935	27	0.011847
27558	28815	16	0.007021
27558	27920	16	0.007021
27558	28051	27	0.011847
27558	28185	27	0.011847
27558	27419	16	0.007021
27558	28316	27	0.011847
27558	28957	14	0.006143
27558	27679	1148	0.503730
27558	27824	27	0.011847
27558	28325	27	0.011847
27558	28710	7282	3.195261
27558	28711	27	0.011847
27558	29044	14	0.006143
27558	28330	16	0.007021
27558	28679	27	0.011847
27558	27695	14	0.006143
27558	27696	27	0.011847
27558	27697	27	0.011847
27558	29104	14	0.006143
27558	27636	27	0.011847
27558	28091	14	0.006143
27558	28262	5	0.002194
27558	27839	16	0.007021
27558	27456	27	0.011847
27558	27588	27	0.011847
27558	28848	14	0.006143
27558	27848	14	0.006143
27558	29136	14	0.006143
27558	28625	27	0.011847
27558	28884	27	0.011847
27558	29014	27	0.011847
27558	28633	14	0.006143
27558	28641	27	0.011847
27558	28002	29	0.012725
27558	29027	27	0.011847
27558	28902	14	0.006143
27558	27750	14	0.006143
27558	28903	27	0.011847
27558	28525	14	0.006143
27558	28531	14	0.006143
27558	27764	27	0.011847
27558	27515	14	0.006143
27559	28049	53	0.670886
27559	28084	6	0.075949
27559	27629	150	1.898734
27559	27950	67	0.848101
27560	28900	2	0.005479
27560	27621	1	0.002740
27560	27527	13	0.035616
27560	28041	2	0.005479
27560	28106	1	0.002740
27560	27755	1	0.002740
27560	28280	1	0.002740
27560	28344	2	0.005479
27560	29140	1	0.002740
27560	28886	2	0.005479
27560	27479	1	0.002740
27560	28440	11	0.030137
27560	27997	1	0.002740
27561	27586	11	0.166667
27561	27491	2	0.030303
27561	27643	1	0.015152
27561	29098	26	0.393939
27561	27758	5	0.075758
27561	28495	4	0.060606
27561	27899	1	0.015152
27561	28859	1100	16.666667
27561	27850	5	0.075758
27561	28030	5	0.075758
27561	27743	5	0.075758
27562	27586	1	0.002299
27562	27950	8	0.018391
27562	27423	49	0.112644
27565	28832	2	0.037736
27565	28938	4	0.075472
27565	28468	2	0.037736
27565	28821	2	0.037736
27566	28821	35	0.945946
27567	27899	2	0.045455
27567	27589	1	0.022727
27567	28807	1	0.022727
27567	28937	1	0.022727
27567	28589	1	0.022727
27567	27503	1	0.022727
27567	28788	3	0.068182
27567	28949	1	0.022727
27567	28495	1	0.022727
27568	28420	4	0.063492
27568	28483	1	0.015873
27568	29083	1	0.015873
27568	28244	1	0.015873
27568	28255	2	0.031746
27569	27488	544	0.994516
27569	28643	556	1.016453
27569	27953	545	0.996344
27569	29131	545	0.996344
27569	28972	546	0.998172
27569	27950	34	0.062157
27569	29103	4	0.007313
27569	27504	12	0.021938
27569	28753	545	0.996344
27569	28835	4	0.007313
27569	28084	10	0.018282
27569	27637	12	0.021938
27569	27899	4	0.007313
27570	27964	44	1.023256
27571	27675	1	0.003953
27571	27950	1	0.003953
27572	28835	2	0.009709
27572	27684	2	0.009709
27572	27621	7	0.033981
27572	28584	2	0.009709
27572	28106	8	0.038835
27572	28683	2	0.009709
27572	28344	10	0.048544
27572	27412	2	0.009709
27572	28821	2	0.009709
27572	28440	13	0.063107
27572	28029	4	0.019417
27572	27422	4	0.019417
27573	28584	3	0.030928
27573	28218	1	0.010309
27573	27582	1	0.010309
27573	27790	1	0.010309
27573	27621	1	0.010309
27576	28098	4	0.002725
27576	27899	5	0.003406
27576	28584	1	0.000681
27576	28649	1	0.000681
27576	28106	1	0.000681
27576	28811	1	0.000681
27576	27950	48	0.032698
27576	28018	11	0.007493
27576	28340	233	0.158719
27576	28698	3	0.002044
27576	28891	1186	0.807902
27576	28029	7	0.004768
27576	27902	520	0.354223
27577	28440	8	0.028269
27577	27621	1	0.003534
27577	29062	2	0.007067
27577	28029	4	0.014134
27578	27950	2	0.095238
27579	27701	1	0.019231
27580	28562	61	1.967742
27580	28835	1	0.032258
27581	29003	59	0.880597
27581	28084	1	0.014925
27581	27950	23	0.343284
27581	27875	7	0.104478
27582	28480	3	0.006276
27582	28161	1	0.002092
27582	28162	1	0.002092
27582	27908	1	0.002092
27582	28037	1	0.002092
27582	28552	1	0.002092
27582	28751	2	0.004184
27582	28949	2	0.004184
27582	28950	1	0.002092
27582	28951	1	0.002092
27582	28440	1	0.002092
27582	27780	1	0.002092
27582	28829	1	0.002092
27582	28832	2	0.004184
27582	27940	1	0.002092
27582	28453	2	0.004184
27582	27516	1	0.002092
27582	28074	1	0.002092
27582	28078	1	0.002092
27582	28079	2	0.004184
27582	27573	1	0.002092
27582	28859	13	0.027197
27582	28106	2	0.004184
27582	29002	1	0.002092
27582	28094	1	0.002092
27582	29120	1	0.002092
27582	27552	3	0.006276
27582	27971	1	0.002092
27582	27592	1	0.002092
27582	27850	1	0.002092
27582	28495	1	0.002092
27582	27987	1	0.002092
27582	27732	1	0.002092
27582	27995	1	0.002092
27582	29023	1	0.002092
27582	27618	2	0.004184
27582	27491	1	0.002092
27582	27452	1	0.002092
27582	28156	1	0.002092
27582	27500	1	0.002092
27582	28528	1	0.002092
27582	28273	1	0.002092
27582	27762	4	0.008368
27582	28540	17	0.035565
27582	27690	1	0.002092
27582	28799	1	0.002092
27584	28321	1	0.142857
27585	28018	1	0.066667
27585	27707	12	0.800000
27585	27950	1	0.066667
27585	29047	6	0.400000
27586	27491	1	0.002710
27586	27621	8	0.021680
27586	27974	1	0.002710
27586	27561	1	0.002710
27586	28106	11	0.029810
27586	28495	5	0.013550
27586	27701	3	0.008130
27586	27899	2	0.005420
27586	27481	2	0.005420
27586	28938	6	0.016260
27586	28859	2244	6.081301
27586	28989	1	0.002710
27586	27487	1	0.002710
27587	28256	1	0.000554
27587	28835	1	0.000554
27587	27878	1	0.000554
27587	27847	1	0.000554
27587	28873	1	0.000554
27587	27527	1	0.000554
27587	28428	1	0.000554
27587	27950	204	0.113019
27587	28113	1	0.000554
27587	28029	2	0.001108
27587	28702	1	0.000554
27588	28902	14	0.017073
27588	28035	27	0.032927
27588	28935	27	0.032927
27588	28815	16	0.019512
27588	27920	16	0.019512
27588	28051	27	0.032927
27588	28185	27	0.032927
27588	27419	16	0.019512
27588	28316	27	0.032927
27588	28957	14	0.017073
27588	27679	356	0.434146
27588	27824	27	0.032927
27588	28325	27	0.032927
27588	28710	2548	3.107317
27588	28711	27	0.032927
27588	29044	14	0.017073
27588	28330	16	0.019512
27588	28679	27	0.032927
27588	27695	14	0.017073
27588	27696	27	0.032927
27588	27697	27	0.032927
27588	29104	14	0.017073
27588	27636	27	0.032927
27588	28091	14	0.017073
27588	28262	5	0.006098
27588	27839	16	0.019512
27588	27456	27	0.032927
27588	28848	14	0.017073
27588	27848	14	0.017073
27588	29136	14	0.017073
27588	28625	27	0.032927
27588	28884	27	0.032927
27588	29014	27	0.032927
27588	28633	14	0.017073
27588	28096	16	0.019512
27588	28641	27	0.032927
27588	28002	29	0.035366
27588	29027	27	0.032927
27588	27558	14	0.017073
27588	27750	14	0.017073
27588	28903	27	0.032927
27588	28525	14	0.017073
27588	28531	14	0.017073
27588	27764	27	0.032927
27588	27515	14	0.017073
27589	28480	2	0.003690
27589	28257	6	0.011070
27589	27684	6	0.011070
27589	27542	4	0.007380
27589	28584	2	0.003690
27589	28234	4	0.007380
27589	28683	4	0.007380
27589	28589	6	0.011070
27589	28029	2	0.003690
27589	28949	6	0.011070
27589	28886	2	0.003690
27589	28415	6	0.011070
27589	28440	11	0.020295
27589	27899	4	0.007380
27589	28989	6	0.011070
27589	28821	4	0.007380
27591	28192	1	0.001499
27591	27875	2	0.002999
27591	28249	1	0.001499
27591	28584	1	0.001499
27591	28585	35	0.052474
27591	27950	84	0.125937
27591	27762	3	0.004498
27591	28611	17	0.025487
27591	28084	2	0.002999
27591	28567	106	0.158921
27591	28440	1	0.001499
27591	27924	493	0.739130
27592	28440	9	0.065693
27592	29140	1	0.007299
27593	27684	1	0.005848
27593	27621	5	0.029240
27593	29062	1	0.005848
27593	28106	3	0.017544
27593	29007	2	0.011696
27593	27862	14	0.081871
27593	28440	3	0.017544
27593	28859	2	0.011696
27594	28900	1	0.014706
27594	28029	6	0.088235
27596	28344	1	0.005988
27596	28113	4	0.023952
27596	28675	1	0.005988
27596	29096	1	0.005988
27596	28838	1	0.005988
27597	28226	1	0.022222
27598	28192	4	0.033613
27598	28879	6	0.050420
27598	28623	2	0.016807
27598	28592	2	0.016807
27598	27441	1	0.008403
27598	28018	1	0.008403
27598	28440	4	0.033613
27598	28655	2	0.016807
27600	27875	2	0.003711
27601	28683	1	0.001335
27601	28244	747	0.997330
27601	28453	1	0.001335
27601	27734	747	0.997330
27602	28193	63	1.016129
27602	28979	74	1.193548
27602	27950	74	1.193548
27604	28192	3	0.003628
27604	28168	1	0.001209
27604	27660	1	0.001209
27604	27950	2	0.002418
27604	28240	6	0.007255
27604	28242	1	0.001209
27604	28344	3	0.003628
27604	28636	1	0.001209
27605	27491	2	0.005510
27605	28453	5	0.013774
27605	28041	1	0.002755
27605	27643	1	0.002755
27605	28821	4	0.011019
27605	28470	4	0.011019
27605	28440	2	0.005510
27605	27899	47	0.129477
27605	28924	2	0.005510
27606	28106	8	0.148148
27606	28821	53	0.981481
27606	28440	3	0.055556
27606	27899	1	0.018519
27606	28938	2	0.037037
27606	28725	1	0.018519
27607	28120	3	0.047619
27608	27938	1	0.001916
27608	28453	1	0.001916
27608	27527	7	0.013410
27608	28811	41	0.078544
27608	28684	3	0.005747
27608	29133	396	0.758621
27608	27950	283	0.542146
27608	27635	2521	4.829502
27608	27540	1	0.001916
27608	28440	5	0.009579
27608	28990	1	0.001916
27609	28249	6	0.013953
27609	27621	6	0.013953
27609	29062	6	0.013953
27609	28145	6	0.013953
27610	28901	57	0.966102
27610	27881	57	0.966102
27610	28586	57	0.966102
27610	27950	114	1.932203
27610	28207	57	0.966102
27610	27440	57	0.966102
27610	29045	57	0.966102
27610	29070	57	0.966102
27610	27685	57	0.966102
27611	28480	2	0.000488
27611	28608	2	0.000488
27611	27653	1	0.000244
27611	27527	9	0.002195
27611	28938	6	0.001463
27611	28683	21	0.005122
27611	28821	23	0.005610
27611	27542	26	0.006341
27611	28440	10	0.002439
27611	28698	1	0.000244
27611	28835	16	0.003902
27611	28584	14	0.003415
27611	28842	1	0.000244
27611	27950	57	0.013902
27611	28725	14	0.003415
27611	28470	1	0.000244
27611	27703	14	0.003415
27611	28344	72	0.017561
27611	28859	3	0.000732
27611	28095	4	0.000976
27611	28992	1	0.000244
27611	27586	6	0.001463
27611	28811	3	0.000732
27611	28106	15	0.003659
27611	28747	16	0.003902
27611	28495	3	0.000732
27611	27729	9	0.002195
27611	28754	3020	0.736585
27611	27491	2	0.000488
27611	29140	55	0.013415
27611	27479	8	0.001951
27611	28623	6	0.001463
27611	27868	1	0.000244
27611	27643	2	0.000488
27611	28900	2	0.000488
27611	27884	3	0.000732
27611	27894	3	0.000732
27611	28919	1	0.000244
27611	27899	9	0.002195
27612	28192	3	0.036585
27612	27621	4	0.048780
27612	28811	1	0.012195
27612	27852	1	0.012195
27612	27950	1	0.012195
27612	28976	15	0.182927
27612	29140	1	0.012195
27612	28344	1	0.012195
27613	28204	258	6.292683
27614	28811	1	0.023256
27614	28204	197	4.581395
27614	27950	1	0.023256
27615	28290	1	0.002625
27615	27899	6	0.015748
27615	27684	2	0.005249
27615	27621	1	0.002625
27615	28379	1	0.002625
27615	28584	1	0.002625
27615	28777	1	0.002625
27615	29135	1	0.002625
27615	27821	377	0.989501
27615	28558	1	0.002625
27615	28655	380	0.997375
27615	27448	1	0.002625
27615	27637	1	0.002625
27615	27862	389	1.020997
27615	27593	2	0.005249
27615	28440	2	0.005249
27615	28027	2	0.005249
27615	28701	1	0.002625
27616	28192	2	0.003690
27616	28609	1	0.001845
27616	28547	1	0.001845
27616	28644	1	0.001845
27616	28453	1	0.001845
27616	27655	1	0.001845
27616	29096	1	0.001845
27616	28907	1	0.001845
27616	29005	2	0.003690
27616	27950	16	0.029520
27616	28976	20	0.036900
27616	28113	1	0.001845
27616	28466	1	0.001845
27616	28523	1	0.001845
27616	28371	1	0.001845
27616	28249	1	0.001845
27616	27482	1	0.001845
27616	29151	1	0.001845
27616	28924	1	0.001845
27616	27489	1	0.001845
27617	29062	5	0.002591
27617	28938	1	0.000518
27617	28683	2	0.001036
27617	28821	1	0.000518
27617	28440	268	0.138860
27617	28698	3	0.001554
27617	27675	2	0.001036
27617	28702	1	0.000518
27617	28064	1	0.000518
27617	28706	2	0.001036
27617	27684	1	0.000518
27617	28584	3	0.001554
27617	29098	3	0.001554
27617	28018	1	0.000518
27617	27950	1	0.000518
27617	28084	1	0.000518
27617	27934	1	0.000518
27617	27703	1	0.000518
27617	28859	3	0.001554
27617	28094	2	0.001036
27617	28480	3	0.001554
27617	28745	1	0.000518
27617	28106	5	0.002591
27617	28386	2	0.001036
27617	28623	6	0.003109
27617	29140	5	0.002591
27617	27738	1	0.000518
27617	28495	41	0.021244
27617	28898	1	0.000518
27617	28027	3	0.001554
27617	27621	2	0.001036
27617	28390	1	0.000518
27617	27890	1	0.000518
27617	28923	1	0.000518
27617	28500	1	0.000518
27617	27899	6	0.003109
27617	28029	7	0.003627
27618	28097	1	0.010870
27618	27684	1	0.010870
27618	28453	1	0.010870
27618	28745	1	0.010870
27618	28234	1	0.010870
27618	28683	1	0.010870
27618	28079	1	0.010870
27618	27762	1	0.010870
27618	28094	1	0.010870
27618	27542	1	0.010870
27618	28425	1	0.010870
27618	28665	1	0.010870
27618	28762	1	0.010870
27618	28859	2	0.021739
27618	28636	1	0.010870
27618	28698	1	0.010870
27618	27582	1	0.010870
27618	28949	1	0.010870
27621	28032	2	0.001701
27621	28992	3	0.002551
27621	29062	2	0.001701
27621	29075	4	0.003401
27621	27412	1	0.000850
27621	28821	5	0.004252
27621	27542	1	0.000850
27621	28440	27	0.022959
27621	28698	2	0.001701
27621	28835	1	0.000850
27621	27684	20	0.017007
27621	28453	1	0.000850
27621	27950	1	0.000850
27621	27701	1	0.000850
27621	28859	2	0.001701
27621	28478	1	0.000850
27621	28480	1	0.000850
27621	27586	1	0.000850
27621	28898	1	0.000850
27621	28239	1	0.000850
27621	27868	1	0.000850
27621	27618	1	0.000850
27621	27491	5	0.004252
27621	28667	1	0.000850
27621	28307	1	0.000850
27621	27899	87	0.073980
27623	29005	2	0.023256
27623	27621	1	0.011628
27623	27950	44	0.511628
27623	29062	3	0.034884
27623	27527	1	0.011628
27624	28480	3	0.000276
27624	28678	12	0.001106
27624	28938	1	0.000092
27624	28683	4	0.000369
27624	27667	1	0.000092
27624	28821	4	0.000369
27624	28440	151	0.013912
27624	28698	2	0.000184
27624	28833	1	0.000092
27624	28706	1	0.000092
27624	29062	4	0.000369
27624	28584	7	0.000645
27624	29098	2	0.000184
27624	28989	2	0.000184
27624	28094	45	0.004146
27624	28608	1	0.000092
27624	27715	9	0.000829
27624	28106	15	0.001382
27624	28495	2	0.000184
27624	29140	7	0.000645
27624	28886	1	0.000092
27624	28027	2	0.000184
27624	28126	1	0.000092
27624	28923	1	0.000092
27624	27621	3	0.000276
27624	28655	1	0.000092
27624	27504	2	0.000184
27624	27899	6	0.000553
27624	28029	11	0.001013
27625	28320	2	0.013605
27625	28480	2	0.013605
27625	27491	4	0.027211
27625	28106	2	0.013605
27625	27860	2	0.013605
27625	28821	6	0.040816
27625	27899	8	0.054422
27625	28440	12	0.081633
27625	28859	6	0.040816
27626	28032	4	0.003475
27626	28480	4	0.003475
27626	27487	2	0.001738
27626	27655	4	0.003475
27626	28683	2	0.001738
27626	28181	1	0.000869
27626	28440	4	0.003475
27626	28189	2	0.001738
27626	27684	2	0.001738
27626	28326	2	0.001738
27626	28584	4	0.003475
27626	28461	2	0.001738
27626	28849	4	0.003475
27626	28341	2	0.001738
27626	28859	8	0.006950
27626	27712	4	0.003475
27626	28097	2	0.001738
27626	28226	2	0.001738
27626	28106	4	0.003475
27626	28243	1117	0.970460
27626	28374	4	0.003475
27626	28255	2	0.001738
27626	27621	2	0.001738
27626	28263	4	0.003475
27626	28456	2	0.001738
27626	28029	16	0.013901
27627	27555	17	0.002422
27627	28623	42	0.005985
27627	28584	4	0.000570
27627	28683	4	0.000570
27627	27950	4	0.000570
27627	28783	18058	2.573098
27627	28979	18060	2.573383
27627	27860	12034	1.714734
27627	28821	12	0.001710
27627	27899	11	0.001567
27627	28440	4	0.000570
27627	27507	12038	1.715304
27627	28029	16	0.002280
27628	28928	2	0.002191
27628	28480	12	0.013143
27628	28547	2	0.002191
27628	27655	2	0.002191
27628	28938	2	0.002191
27628	28683	112	0.122673
27628	28044	2	0.002191
27628	28821	7	0.007667
27628	28907	2	0.002191
27628	28440	1755	1.922234
27628	28835	4	0.004381
27628	28453	8	0.008762
27628	29096	2	0.002191
27628	29103	2	0.002191
27628	28466	2	0.002191
27628	28725	2	0.002191
27628	28604	2	0.002191
27628	28234	4	0.004381
27628	28094	4	0.004381
27628	27455	2	0.002191
27628	28992	2	0.002191
27628	28609	2	0.002191
27628	27586	6	0.006572
27628	28662	2	0.002191
27628	28300	6	0.006572
27628	28106	12	0.013143
27628	28619	2	0.002191
27628	29005	2	0.002191
27628	29134	2	0.002191
27628	28113	2	0.002191
27628	29140	5	0.005476
27628	28886	2	0.002191
27628	27479	9	0.009858
27628	28249	2	0.002191
27628	28251	2	0.002191
27628	28126	2	0.002191
27628	27491	1	0.001095
27628	28644	2	0.002191
27628	27621	2	0.002191
27628	28523	2	0.002191
27628	28584	9	0.009858
27628	28018	2	0.002191
27628	28147	2	0.002191
27628	28022	2523	2.763417
27628	27898	2	0.002191
27628	27899	6	0.006572
27628	28924	2	0.002191
27628	28029	28	0.030668
27629	28608	4	0.000745
27629	29062	4	0.000745
27629	27875	5	0.000931
27629	28938	5	0.000931
27629	28683	12	0.002234
27629	28992	2	0.000372
27629	28049	4755	0.885145
27629	28821	1	0.000186
27629	28440	4	0.000745
27629	28061	3	0.000558
27629	27632	1	0.000186
27629	28891	2	0.000372
27629	28070	4	0.000745
27629	28584	6	0.001117
27629	27950	1	0.000186
27629	28725	2	0.000372
27629	28344	5	0.000931
27629	28859	2	0.000372
27629	28989	3	0.000558
27629	28480	6	0.001117
27629	28097	2	0.000372
27629	27586	6	0.001117
27629	28106	12	0.002234
27629	28623	6	0.001117
27629	28115	17	0.003165
27629	29140	2	0.000372
27629	28886	7	0.001303
27629	27738	2	0.000372
27629	28251	6	0.001117
27629	27996	1	0.000186
27629	27491	2	0.000372
27629	27621	4	0.000745
27629	28495	2	0.000372
27629	27504	2	0.000372
27629	29096	7	0.001303
27629	27899	3	0.000558
27629	28029	2	0.000372
27629	28838	1	0.000186
27630	27950	3	0.272727
27630	28965	10	0.909091
27630	28982	20	1.818182
27632	28032	2	0.000894
27632	28683	15	0.006702
27632	28821	12	0.005362
27632	28440	20	0.008937
27632	28698	5	0.002234
27632	29088	2	0.000894
27632	27937	1858	0.830206
27632	28835	3	0.001340
27632	27684	10	0.004468
27632	28453	1	0.000447
27632	28584	4	0.001787
27632	27561	1	0.000447
27632	29098	1	0.000447
27632	28725	1	0.000447
27632	28859	23	0.010277
27632	27452	2	0.000894
27632	28989	2	0.000894
27632	27586	21	0.009383
27632	27975	2	0.000894
27632	28106	28	0.012511
27632	28623	6	0.002681
27632	29140	12	0.005362
27632	28886	4	0.001787
27632	28891	2	0.000894
27632	27621	11	0.004915
27632	28495	3	0.001340
27632	28919	1	0.000447
27632	27899	118	0.052726
27632	28029	1	0.000447
27632	27541	20	0.008937
27633	27491	1	0.007143
27633	28453	1	0.007143
27633	28745	1	0.007143
27633	27435	1	0.007143
27633	27899	3	0.021429
27633	28029	1	0.007143
27634	28886	1	0.004292
27634	28097	2	0.008584
27634	28835	8	0.034335
27634	27621	4	0.017167
27634	28294	2	0.008584
27634	28584	2	0.008584
27634	28683	2	0.008584
27634	28029	2	0.008584
27634	27683	3	0.012876
27634	28821	8	0.034335
27634	28470	4	0.017167
27634	28440	21	0.090129
27634	27899	2	0.008584
27634	28989	3	0.012876
27634	28709	198	0.849785
27635	27938	1	0.002268
27635	28453	1	0.002268
27635	27527	8	0.018141
27635	28811	41	0.092971
27635	28684	3	0.006803
27635	29133	308	0.698413
27635	27950	257	0.582766
27635	27540	1	0.002268
27635	28440	5	0.011338
27635	28990	1	0.002268
27636	28902	20	0.021763
27636	28035	31	0.033732
27636	27696	31	0.033732
27636	27824	32	0.034820
27636	28815	22	0.023939
27636	27920	22	0.023939
27636	28051	31	0.033732
27636	28185	31	0.033732
27636	27419	23	0.025027
27636	28316	31	0.033732
27636	28957	18	0.019587
27636	27679	565	0.614799
27636	28848	18	0.019587
27636	28325	31	0.033732
27636	28710	3755	4.085963
27636	28711	31	0.033732
27636	28330	22	0.023939
27636	28679	31	0.033732
27636	27695	18	0.019587
27636	29104	18	0.019587
27636	27697	31	0.033732
27636	29044	19	0.020675
27636	28091	18	0.019587
27636	28262	6	0.006529
27636	27839	26	0.028292
27636	27456	31	0.033732
27636	27588	31	0.033732
27636	27848	18	0.019587
27636	29136	18	0.019587
27636	28625	31	0.033732
27636	28884	31	0.033732
27636	29014	31	0.033732
27636	28633	18	0.019587
27636	28935	31	0.033732
27636	28641	31	0.033732
27636	28002	33	0.035909
27636	29027	31	0.033732
27636	27558	18	0.019587
27636	27750	18	0.019587
27636	28903	31	0.033732
27636	28525	18	0.019587
27636	28531	18	0.019587
27636	27764	31	0.033732
27636	27515	18	0.019587
27636	28096	22	0.023939
27637	28992	2	0.000433
27637	28608	2	0.000433
27637	27653	1	0.000217
27637	27527	8	0.001734
27637	28683	3	0.000650
27637	28821	2	0.000433
27637	28440	17	0.003684
27637	28698	5	0.001084
27637	27684	10	0.002167
27637	28453	1	0.000217
27637	28584	4	0.000867
27637	28842	1	0.000217
27637	27950	18	0.003901
27637	28470	1	0.000217
27637	28859	3	0.000650
27637	28480	3	0.000650
27637	27586	6	0.001300
27637	28811	3	0.000650
27637	28745	9	0.001951
27637	28106	8	0.001734
27637	28495	6	0.001300
27637	27491	1	0.000217
27637	29140	8	0.001734
27637	28886	1	0.000217
27637	27479	8	0.001734
27637	27875	5	0.001084
27637	28900	1	0.000217
27637	27621	5	0.001084
27637	27884	1	0.000217
27637	27894	3	0.000650
27637	28919	2	0.000433
27637	27899	15	0.003251
27639	27950	5	0.004686
27639	28183	5441	5.099344
27640	27950	9	0.072581
27641	27950	3	0.002814
27641	28183	5469	5.130394
27643	28992	1	0.001712
27643	27491	2	0.003425
27643	28018	1	0.001712
27643	27701	1	0.001712
27643	27479	4	0.006849
27643	28440	3	0.005137
27643	28698	38	0.065068
27643	27899	39	0.066781
27643	27454	1	0.001712
27644	28784	8553	99.453488
27644	29147	1	0.011628
27644	28018	1	0.011628
27644	27875	85	0.988372
27644	27950	1	0.011628
27645	28033	3	0.032258
27645	27522	2	0.021505
27645	28623	1	0.010753
27645	29140	3	0.032258
27645	28440	4	0.043011
27645	27899	1	0.010753
27646	28584	1	0.001025
27646	28009	980	1.004098
27646	27950	41	0.042008
27646	28506	980	1.004098
27646	27899	2	0.002049
27646	28029	2	0.002049
27647	27618	2	0.003008
27647	27621	6	0.009023
27647	27751	12	0.018045
27647	28821	12	0.018045
27647	29142	6	0.009023
27647	28440	18	0.027068
27647	27899	6	0.009023
27647	28862	13	0.019549
27650	29062	1	0.083333
27651	28224	1	0.003876
27651	28041	1	0.003876
27651	27979	1	0.003876
27651	29005	3	0.011628
27651	27950	24	0.093023
27651	29103	2	0.007752
27651	27504	1	0.003876
27651	28440	2	0.007752
27651	28029	2	0.007752
27652	29092	1	0.021277
27652	28684	1	0.021277
27652	28367	1	0.021277
27652	28657	1	0.021277
27652	27684	3	0.063830
27652	28079	1	0.021277
27652	28382	1	0.021277
27653	27491	1	0.011494
27653	28604	10	0.114943
27653	27950	1	0.011494
27653	27590	1	0.011494
27654	27491	2	0.010204
27654	27684	2	0.010204
27654	28745	2	0.010204
27654	28106	4	0.020408
27654	28725	2	0.010204
27654	27606	2	0.010204
27654	28440	14	0.071429
27654	27899	2	0.010204
27654	28094	2	0.010204
27655	28928	11	0.014379
27655	28547	12	0.015686
27655	27653	1	0.001307
27655	29062	2	0.002614
27655	28523	1	0.001307
27655	28044	9	0.011765
27655	27412	1	0.001307
27655	28440	2	0.002614
27655	28698	6	0.007843
27655	28192	1	0.001307
27655	28835	1	0.001307
27655	28453	14	0.018301
27655	28584	5	0.006536
27655	28018	10	0.013072
27655	27950	5	0.006536
27655	29103	13	0.016993
27655	28466	9	0.011765
27655	28341	1	0.001307
27655	28604	1	0.001307
27655	27455	9	0.011765
27655	28992	1	0.001307
27655	28226	1	0.001307
27655	28619	1	0.001307
27655	29005	4	0.005229
27655	29134	1	0.001307
27655	27727	1	0.001307
27655	28113	14	0.018301
27655	28886	5	0.006536
27655	28249	1	0.001307
27655	28894	1	0.001307
27655	27899	1	0.001307
27655	28907	1	0.001307
27655	29096	1	0.001307
27655	28274	2	0.002614
27655	28147	1	0.001307
27655	28662	1	0.001307
27655	28919	28	0.036601
27655	27898	1	0.001307
27655	28923	5	0.006536
27655	28924	11	0.014379
27655	28029	4	0.005229
27656	27621	1	0.006024
27656	29062	1	0.006024
27656	28713	4	0.024096
27656	28333	160	0.963855
27656	27990	468	2.819277
27656	28440	2	0.012048
27657	28440	1	0.000166
27657	27704	2	0.000332
27657	27875	2	0.000332
27657	27628	5960	0.989704
27657	27950	4	0.000664
27658	28192	1	0.023810
27658	28257	2	0.047619
27658	28357	43	1.023810
27658	28807	43	1.023810
27658	28937	44	1.047619
27658	28396	43	1.023810
27658	28589	129	3.071429
27658	27502	43	1.023810
27658	27503	1	0.023810
27658	27950	1	0.023810
27658	28174	2	0.047619
27660	27950	1	0.025641
27661	28821	7	0.063063
27661	27950	45	0.405405
27661	28029	13	0.117117
27664	28070	144	0.047462
27664	28584	1	0.000330
27664	28876	1	0.000330
27664	27950	104	0.034278
27664	28655	1	0.000330
27664	28592	311	0.102505
27665	27899	1	0.040000
27666	28480	2	0.000502
27666	28608	2	0.000502
27666	27653	1	0.000251
27666	27527	8	0.002006
27666	28938	1	0.000251
27666	28683	11	0.002758
27666	28821	10	0.002508
27666	27542	2	0.000502
27666	28183	4	0.001003
27666	28440	281	0.070461
27666	28698	2	0.000502
27666	27934	1	0.000251
27666	28064	1	0.000251
27666	28835	2	0.000502
27666	28453	1	0.000251
27666	28584	8	0.002006
27666	28842	1	0.000251
27666	27950	18	0.004514
27666	28470	1	0.000251
27666	28859	9	0.002257
27666	28992	1	0.000251
27666	27586	62	0.015547
27666	28811	3	0.000752
27666	28103	20	0.005015
27666	28745	4	0.001003
27666	28106	6914	1.733701
27666	28623	10	0.002508
27666	27729	14	0.003511
27666	27875	2	0.000502
27666	29140	14	0.003511
27666	28886	1	0.000251
27666	27479	8	0.002006
27666	27983	1	0.000251
27666	28898	1	0.000251
27666	27491	2	0.000502
27666	28495	2	0.000502
27666	27884	1	0.000251
27666	27894	2	0.000502
27666	28919	2	0.000502
27666	28500	1	0.000251
27666	27899	7	0.001755
27667	28480	4	0.029851
27667	28683	136	1.014925
27667	27899	10	0.074627
27667	27542	2	0.014925
27667	28623	256	1.910448
27669	28440	2	0.036364
27669	28308	2	0.036364
27669	28623	1	0.018182
27670	28218	6	1.500000
27671	28029	2	0.018349
27671	28438	112	1.027523
27672	28009	4	0.097561
27672	28029	1	0.024390
27672	27646	2	0.048780
27674	28835	1	0.018519
27674	27621	68	1.259259
27674	29062	1	0.018519
27674	28106	1	0.018519
27674	27762	1	0.018519
27674	28440	3	0.055556
27674	28667	1	0.018519
27674	27580	2	0.037037
27675	28938	4	0.001359
27675	28887	30	0.010194
27675	27542	1	0.000340
27675	28440	3	0.001019
27675	28698	22	0.007475
27675	28706	1	0.000340
27675	27684	6	0.002039
27675	28453	1	0.000340
27675	28584	4	0.001359
27675	29098	4	0.001359
27675	27950	3	0.001019
27675	27701	2	0.000680
27675	27704	2	0.000680
27675	28094	13	0.004417
27675	28355	17	0.005776
27675	28745	4	0.001359
27675	28106	15	0.005097
27675	28365	1	0.000340
27675	28495	19	0.006456
27675	28886	12	0.004077
27675	27479	4	0.001359
27675	27741	1	0.000340
27675	28027	2	0.000680
27675	28900	5	0.001699
27675	27621	10	0.003398
27675	28523	2	0.000680
27675	27899	4	0.001359
27675	28029	4	0.001359
27676	28577	1	0.007692
27676	27875	4	0.030769
27676	28204	616	4.738462
27676	28029	2	0.015385
27676	27950	3	0.023077
27677	28131	1	0.025000
27678	28172	39	0.866667
27678	28204	508	11.288889
27678	27950	2	0.044444
27678	28577	39	0.866667
27678	29159	39	0.866667
27679	28192	1	0.012195
27679	27780	1	0.012195
27679	28710	170	2.073171
27679	27850	3	0.036585
27679	27950	6	0.073171
27679	28495	1	0.012195
27679	28018	1	0.012195
27679	27701	1	0.012195
27679	28440	2	0.024390
27679	28698	1	0.012195
27680	28841	1	0.500000
27681	28192	12	0.011472
27681	27491	1	0.000956
27681	27899	3	0.002868
27681	28495	6	0.005736
27681	28584	1	0.000956
27681	29099	1	0.000956
27681	27950	2	0.001912
27681	29103	1	0.000956
27681	29073	576	0.550669
27681	28018	9	0.008604
27681	28344	5	0.004780
27681	28149	1	0.000956
27681	28440	1	0.000956
27681	28027	1	0.000956
27681	28029	2	0.001912
27681	27731	1	0.000956
27682	28293	643	0.367009
27682	27817	601	0.343037
27682	28919	1	0.000571
27682	28078	23	0.013128
27682	27823	1	0.000571
27682	27950	36	0.020548
27682	28469	697	0.397831
27682	29143	6046	3.450913
27682	28453	1	0.000571
27683	28267	1	0.071429
27683	27949	1	0.071429
27683	28821	13	0.928571
27683	28538	1	0.071429
27683	27899	1	0.071429
27683	28029	2	0.142857
27684	28480	1	0.004049
27684	28992	3	0.012146
27684	27618	1	0.004049
27684	28835	1	0.004049
27684	27621	22	0.089069
27684	28307	1	0.004049
27684	27950	1	0.004049
27684	28667	1	0.004049
27684	27491	1	0.004049
27684	27412	1	0.004049
27684	28821	3	0.012146
27684	27542	1	0.004049
27684	28239	1	0.004049
27684	28440	15	0.060729
27684	28698	2	0.008097
27684	27899	27	0.109312
27684	27868	1	0.004049
27684	28478	1	0.004049
27684	28859	1	0.004049
27685	28901	27	0.964286
27685	27881	27	0.964286
27685	28586	27	0.964286
27685	29070	27	0.964286
27685	28207	27	0.964286
27685	27440	27	0.964286
27685	28084	2	0.071429
27685	29045	27	0.964286
27685	27610	27	0.964286
27686	28368	33	1.064516
27686	27950	1	0.032258
27687	27648	1	0.006536
27687	27899	5	0.032680
27687	27684	2	0.013072
27687	27621	8	0.052288
27687	29062	1	0.006536
27687	28584	1	0.006536
27687	28778	193	1.261438
27687	28683	1	0.006536
27687	27663	3	0.019608
27687	28147	2	0.013072
27687	28789	2	0.013072
27687	28029	12	0.078431
27687	28440	11	0.071895
27687	28623	2	0.013072
27687	28106	2	0.013072
27687	28725	3	0.019608
27689	28513	1	0.016393
27690	28032	1	0.005000
27690	28097	2	0.010000
27690	27970	2	0.010000
27690	27683	2	0.010000
27690	27684	2	0.010000
27690	27621	2	0.010000
27690	28859	2	0.010000
27690	28584	5	0.025000
27690	28106	11	0.055000
27690	27586	2	0.010000
27690	28027	2	0.010000
27690	28440	4	0.020000
27690	29140	1	0.005000
27690	28725	2	0.010000
27690	28888	6	0.030000
27690	27899	1	0.005000
27690	28989	2	0.010000
27691	28202	96	0.989691
27691	28971	96	0.989691
27691	28835	1	0.010309
27692	27950	1	0.076923
27693	27491	639	8.753425
27693	29061	71	0.972603
27693	27701	1	0.013699
27695	28902	57	0.020637
27695	28035	70	0.025344
27695	28935	70	0.025344
27695	28815	57	0.020637
27695	27920	57	0.020637
27695	28051	70	0.025344
27695	28185	70	0.025344
27695	27419	57	0.020637
27695	28316	70	0.025344
27695	28957	57	0.020637
27695	27679	2167	0.784576
27695	27824	70	0.025344
27695	28325	70	0.025344
27695	28710	13539	4.901883
27695	28711	70	0.025344
27695	29044	57	0.020637
27695	28330	57	0.020637
27695	28679	70	0.025344
27695	27696	70	0.025344
27695	27697	70	0.025344
27695	29104	57	0.020637
27695	27636	70	0.025344
27695	28091	57	0.020637
27695	28262	2	0.000724
27695	27839	57	0.020637
27695	27456	70	0.025344
27695	27588	70	0.025344
27695	28848	57	0.020637
27695	27848	57	0.020637
27695	29136	57	0.020637
27695	28625	70	0.025344
27695	28884	70	0.025344
27695	29014	70	0.025344
27695	28633	57	0.020637
27695	28096	57	0.020637
27695	28641	70	0.025344
27695	28002	72	0.026068
27695	29027	70	0.025344
27695	27558	57	0.020637
27695	27750	57	0.020637
27695	28903	70	0.025344
27695	28525	57	0.020637
27695	28531	57	0.020637
27695	27764	70	0.025344
27695	27515	57	0.020637
27696	28902	33	0.023093
27696	28035	47	0.032890
27696	28935	47	0.032890
27696	28815	33	0.023093
27696	27920	33	0.023093
27696	28051	47	0.032890
27696	28185	47	0.032890
27696	27419	33	0.023093
27696	28316	47	0.032890
27696	28957	33	0.023093
27696	27679	997	0.697691
27696	29104	33	0.023093
27696	28325	47	0.032890
27696	28710	6383	4.466760
27696	28711	47	0.032890
27696	29044	33	0.023093
27696	28330	33	0.023093
27696	28679	47	0.032890
27696	27695	33	0.023093
27696	27824	47	0.032890
27696	27697	47	0.032890
27696	27636	47	0.032890
27696	28091	33	0.023093
27696	28262	2	0.001400
27696	27839	33	0.023093
27696	27456	47	0.032890
27696	27588	47	0.032890
27696	28848	33	0.023093
27696	27848	33	0.023093
27696	29136	33	0.023093
27696	28625	47	0.032890
27696	28884	47	0.032890
27696	29014	47	0.032890
27696	28633	33	0.023093
27696	28096	33	0.023093
27696	28641	47	0.032890
27696	28002	49	0.034290
27696	29027	47	0.032890
27696	27558	33	0.023093
27696	27750	33	0.023093
27696	28903	47	0.032890
27696	28525	33	0.023093
27696	28531	33	0.023093
27696	27764	47	0.032890
27696	27515	33	0.023093
27697	28902	24	0.018957
27697	28035	37	0.029226
27697	28935	37	0.029226
27697	28815	24	0.018957
27697	27920	24	0.018957
27697	28051	37	0.029226
27697	28185	37	0.029226
27697	27419	24	0.018957
27697	28316	37	0.029226
27697	28957	24	0.018957
27697	27679	850	0.671406
27697	27824	37	0.029226
27697	28325	37	0.029226
27697	28710	5422	4.282780
27697	28711	37	0.029226
27697	29044	24	0.018957
27697	28330	24	0.018957
27697	28679	37	0.029226
27697	27695	24	0.018957
27697	27696	37	0.029226
27697	29104	24	0.018957
27697	27636	37	0.029226
27697	28091	24	0.018957
27697	28262	2	0.001580
27697	27839	24	0.018957
27697	27456	37	0.029226
27697	27588	37	0.029226
27697	28848	24	0.018957
27697	27848	24	0.018957
27697	29136	24	0.018957
27697	28625	37	0.029226
27697	28884	37	0.029226
27697	29014	37	0.029226
27697	28633	24	0.018957
27697	28096	24	0.018957
27697	28641	37	0.029226
27697	28002	39	0.030806
27697	29027	37	0.029226
27697	27558	24	0.018957
27697	27750	24	0.018957
27697	28903	37	0.029226
27697	28525	24	0.018957
27697	28531	24	0.018957
27697	27764	37	0.029226
27697	27515	24	0.018957
27698	28225	49	1.000000
27698	28018	1	0.020408
27698	28028	49	1.000000
27698	28623	1	0.020408
27700	27489	1066	0.994403
27700	27586	1	0.000933
27700	28260	1	0.000933
27700	28453	1	0.000933
27700	28609	1	0.000933
27700	28584	1	0.000933
27700	27950	26	0.024254
27700	28976	6790	6.333955
27700	28824	1	0.000933
27700	27899	1	0.000933
27700	27612	1	0.000933
27701	28347	4	0.001808
27701	27621	1	0.000452
27701	28135	4	0.001808
27701	29161	1	0.000452
27701	27884	4	0.001808
27701	29107	1	0.000452
27701	28495	15	0.006778
27701	28419	2	0.000904
27701	28180	16	0.007230
27701	28821	5	0.002259
27701	28440	3	0.001356
27701	28698	3	0.001356
27701	27899	2862	1.293267
27701	28029	2	0.000904
27701	28191	2	0.000904
27702	27888	3	0.002301
27702	29140	2	0.001534
27702	27542	1	0.000767
27702	28440	127	0.097393
27702	28537	1	0.000767
27702	28027	2	0.001534
27702	28892	1	0.000767
27703	28162	1	0.000557
27703	27654	1	0.000557
27703	28202	1	0.000557
27703	28172	1	0.000557
27703	28690	1	0.000557
27703	28698	12	0.006682
27703	27675	1	0.000557
27703	28189	1	0.000557
27703	28706	1	0.000557
27703	27690	1	0.000557
27703	29107	1	0.000557
27703	27701	5	0.002784
27703	27704	2	0.001114
27703	28084	5	0.002784
27703	28159	1	0.000557
27703	28222	1	0.000557
27703	27712	1	0.000557
27703	28741	1	0.000557
27703	28231	1	0.000557
27703	27720	1	0.000557
27703	28748	1	0.000557
27703	27725	1	0.000557
27703	28751	1	0.000557
27703	27732	1	0.000557
27703	27733	2	0.001114
27703	27740	1	0.000557
27703	27741	1	0.000557
27703	28766	1	0.000557
27703	28255	1	0.000557
27703	28769	1	0.000557
27703	28771	1	0.000557
27703	28263	1	0.000557
27703	28777	1	0.000557
27703	27755	1	0.000557
27703	27758	1	0.000557
27703	28273	1	0.000557
27703	27582	1	0.000557
27703	28280	1	0.000557
27703	28799	1	0.000557
27703	28290	1	0.000557
27703	28267	1	0.000557
27703	27780	3	0.001670
27703	28304	1	0.000557
27703	28307	1	0.000557
27703	27796	1	0.000557
27703	28821	1762	0.981069
27703	27804	1	0.000557
27703	28829	1	0.000557
27703	28320	1	0.000557
27703	28324	1	0.000557
27703	28327	2	0.001114
27703	27820	1	0.000557
27703	27822	1	0.000557
27703	27823	1	0.000557
27703	28849	1	0.000557
27703	27625	1	0.000557
27703	28342	3	0.001670
27703	28239	1	0.000557
27703	28859	4	0.002227
27703	29130	1	0.000557
27703	28495	1	0.000557
27703	28867	1	0.000557
27703	27851	1	0.000557
27703	27853	3	0.001670
27703	28366	1	0.000557
27703	28879	1	0.000557
27703	27856	2	0.001114
27703	28371	1	0.000557
27703	28886	2	0.001114
27703	28376	1	0.000557
27703	28379	1	0.000557
27703	27868	1	0.000557
27703	28538	2	0.001114
27703	27871	1	0.000557
27703	27878	1	0.000557
27703	27879	1	0.000557
27703	28394	3	0.001670
27703	28908	1	0.000557
27703	27886	1	0.000557
27703	28399	1	0.000557
27703	28292	1	0.000557
27703	28916	1	0.000557
27703	28918	1	0.000557
27703	28919	3	0.001670
27703	27897	1	0.000557
27703	27899	38	0.021158
27703	28413	1	0.000557
27703	28416	5	0.002784
27703	28417	1	0.000557
27703	27908	1	0.000557
27703	27914	1	0.000557
27703	28939	2	0.001114
27703	28943	1	0.000557
27703	27921	1	0.000557
27703	28950	1	0.000557
27703	28439	1	0.000557
27703	28440	7	0.003898
27703	28953	1	0.000557
27703	28958	1	0.000557
27703	28447	1	0.000557
27703	28891	1	0.000557
27703	27429	1	0.000557
27703	27942	1	0.000557
27703	27949	1	0.000557
27703	27950	5	0.002784
27703	27951	1	0.000557
27703	28466	1	0.000557
27703	28468	1	0.000557
27703	28470	1	0.000557
27703	27453	3	0.001670
27703	28478	1	0.000557
27703	28725	2	0.001114
27703	27968	1	0.000557
27703	27531	1	0.000557
27703	27460	2	0.001114
27703	27463	1	0.000557
27703	27976	1	0.000557
27703	27466	1	0.000557
27703	29007	1	0.000557
27703	29015	1	0.000557
27703	27482	1	0.000557
27703	27996	1	0.000557
27703	27997	1	0.000557
27703	27487	2	0.001114
27703	27491	4	0.002227
27703	29028	2	0.001114
27703	27501	1	0.000557
27703	28530	1	0.000557
27703	28534	1	0.000557
27703	28023	1	0.000557
27703	28024	1	0.000557
27703	28308	1	0.000557
27703	28026	1	0.000557
27703	27516	1	0.000557
27703	28029	3	0.001670
27703	28552	1	0.000557
27703	28042	1	0.000557
27703	29067	1	0.000557
27703	28044	1	0.000557
27703	29069	1	0.000557
27703	27971	1	0.000557
27703	28573	1	0.000557
27703	27552	1	0.000557
27703	27553	1	0.000557
27703	27555	1	0.000557
27703	28070	1	0.000557
27703	28584	5	0.002784
27703	28074	1	0.000557
27703	28076	1	0.000557
27703	28590	2	0.001114
27703	28591	1	0.000557
27703	27568	1	0.000557
27703	28503	1	0.000557
27703	28595	1	0.000557
27703	27572	1	0.000557
27703	27573	1	0.000557
27703	29110	1	0.000557
27703	28404	1	0.000557
27703	28094	1	0.000557
27703	28832	1	0.000557
27703	27586	2	0.001114
27703	28615	1	0.000557
27703	27592	1	0.000557
27703	27593	1	0.000557
27703	28106	300	0.167038
27703	28623	2	0.001114
27703	29140	3	0.001670
27703	28453	1	0.000557
27703	28634	1	0.000557
27703	27983	3	0.001670
27703	27616	1	0.000557
27703	27621	1	0.000557
27703	28137	1	0.000557
27703	29162	1	0.000557
27703	27627	1	0.000557
27703	28655	1	0.000557
27703	28657	1	0.000557
27703	27634	1	0.000557
27703	28079	1	0.000557
27703	28667	1	0.000557
27703	28156	1	0.000557
27703	27645	1	0.000557
27703	28670	1	0.000557
27703	27647	1	0.000557
27704	27899	2	0.011561
27704	28821	1	0.005780
27705	27882	2744	0.837096
27705	28362	2744	0.837096
27705	27950	9	0.002746
27707	27585	2	0.105263
27707	27420	2	0.105263
27707	29038	2	0.105263
27707	29047	6	0.315789
27708	29056	2	0.009217
27708	28192	1	0.004608
27708	28859	1	0.004608
27708	27758	1	0.004608
27708	28759	8	0.036866
27712	28032	4	0.000779
27712	28608	2	0.000389
27712	27653	1	0.000195
27712	28938	3	0.000584
27712	28683	2	0.000389
27712	28175	126	0.024523
27712	28821	2	0.000389
27712	28440	283	0.055080
27712	27934	1	0.000195
27712	28064	1	0.000195
27712	28835	2	0.000389
27712	28584	9	0.001752
27712	27818	144	0.028026
27712	27950	20	0.003893
27712	28470	1	0.000195
27712	28344	69	0.013429
27712	27834	1	0.000195
27712	28859	3	0.000584
27712	28480	2	0.000389
27712	27586	6	0.001168
27712	28811	3	0.000584
27712	28868	80	0.015570
27712	28745	1	0.000195
27712	28106	6	0.001168
27712	28623	1	0.000195
27712	27491	1	0.000195
27712	28500	1	0.000195
27712	28665	1	0.000195
27712	28495	2	0.000389
27712	27868	2	0.000389
27712	28898	1	0.000195
27712	27899	10	0.001946
27712	28900	1	0.000195
27712	27884	1	0.000195
27712	28029	2	0.000389
27712	28919	1	0.000195
27712	29140	5	0.000973
27712	27643	2	0.000389
27712	28842	1	0.000195
27713	28192	5	0.040000
27713	28106	1	0.008000
27713	28971	6336	50.688000
27713	27950	3	0.024000
27713	28495	2	0.016000
27713	27701	4	0.032000
27714	28127	3	0.500000
27715	27624	1	0.026316
27715	28440	1	0.026316
27715	28898	1	0.026316
27716	28344	7	0.057851
27716	27950	2	0.016529
27719	28835	1	0.001597
27719	28805	1878	3.000000
27719	29062	1	0.001597
27719	28584	10	0.015974
27719	28106	18	0.028754
27719	28683	2	0.003195
27719	28623	1	0.001597
27719	28821	1	0.001597
27719	28886	1	0.001597
27719	28440	7	0.011182
27719	28697	1405	2.244409
27719	28698	5	0.007987
27719	27899	1	0.001597
27719	28029	1	0.001597
27719	28453	1	0.001597
27720	28480	24	0.085106
27720	27684	1	0.003546
27720	27542	2	0.007092
27720	28404	1	0.003546
27720	28821	1	0.003546
27720	28886	1	0.003546
27720	28440	4	0.014184
27720	27412	1	0.003546
27720	29053	275	0.975177
27723	28041	1	0.004348
27723	27950	15	0.065217
27723	29142	1	0.004348
27723	28055	2	0.008696
27723	28862	736	3.200000
27723	27647	2	0.008696
27724	28192	106	0.990654
27724	27927	1	0.009346
27725	28835	2	0.048780
27725	27621	12	0.292683
27725	28584	1	0.024390
27725	28683	1	0.024390
27725	29140	1	0.024390
27725	28218	38	0.926829
27726	28466	1	0.009259
27726	27899	1	0.009259
27726	27950	1	0.009259
27726	27758	3	0.027778
27727	27936	489	0.671703
27727	27655	1	0.001374
27727	28044	1	0.001374
27727	28466	1	0.001374
27727	27950	24	0.032967
27727	28562	1	0.001374
27727	28374	492	0.675824
27728	29062	1	0.004950
27728	28811	1	0.004950
27728	28750	1	0.004950
27728	27950	2	0.009901
27728	28440	1	0.004950
27728	29151	5	0.024752
27729	28425	1	0.003185
27729	28426	3	0.009554
27729	28683	644	2.050955
27729	28994	1	0.003185
27729	28690	5	0.015924
27729	28440	6	0.019108
27729	28079	1	0.003185
27729	28506	3	0.009554
27729	28071	1	0.003185
27729	28584	1	0.003185
27729	29098	2	0.006369
27729	28189	1	0.003185
27729	28466	4	0.012739
27729	27834	1	0.003185
27729	28895	1	0.003185
27729	28094	2	0.006369
27729	28226	1	0.003185
27729	28106	5	0.015924
27729	28622	1	0.003185
27729	28623	628	2.000000
27729	29008	1	0.003185
27729	28242	1	0.003185
27729	29140	8	0.025478
27729	28762	3	0.009554
27729	28751	1	0.003185
27729	28636	1	0.003185
27729	27871	2	0.006369
27729	28027	7	0.022293
27729	28263	1	0.003185
27729	27884	4	0.012739
27729	27758	1	0.003185
27729	28018	2	0.006369
27729	28665	1	0.003185
27729	28666	1	0.003185
27729	27899	13	0.041401
27729	28924	7	0.022293
27729	28202	2	0.006369
27731	28192	2	0.028571
27731	27681	2	0.028571
27731	28899	1	0.014286
27731	27950	1	0.014286
27732	28416	1	0.000052
27732	27586	1	0.000052
27732	28835	19211	0.999792
27732	28106	3	0.000156
27732	27851	2	0.000104
27732	27948	1	0.000052
27732	28623	1	0.000052
27732	28683	5	0.000260
27732	28344	2	0.000104
27732	29140	3	0.000156
27732	28821	19211	0.999792
27732	28440	19211	0.999792
27732	27452	3	0.000156
27732	28989	1	0.000052
27732	27582	1	0.000052
27733	28106	1	0.052632
27733	28821	16	0.842105
27733	28698	2	0.105263
27734	28084	2	0.020000
27734	28420	2	0.020000
27734	27950	3	0.030000
27736	28585	1	0.027778
27736	27950	1	0.027778
27736	27591	210	5.833333
27737	29123	1	0.021277
27737	27463	145	3.085106
27737	27950	74	1.574468
27737	28655	4	0.085106
27737	27538	6	0.127660
27737	27539	6	0.127660
27737	28948	1	0.021277
27737	28024	37	0.787234
27737	28410	410	8.723404
27737	28284	4	0.085106
27738	28106	1	0.004505
27738	28938	220	0.990991
27738	28376	1	0.004505
27738	28440	441	1.986486
27738	28026	1	0.004505
27738	27899	440	1.981982
27738	28413	1	0.004505
27738	28095	1	0.004505
27739	28971	406	40.600000
27740	28480	2	0.008403
27740	28900	4	0.016807
27740	29062	1	0.004202
27740	28725	1	0.004202
27740	28106	8	0.033613
27740	28683	4	0.016807
27740	28172	1	0.004202
27740	28879	1	0.004202
27740	28655	2	0.008403
27740	28943	1	0.004202
27740	28821	3	0.012605
27740	27542	4	0.016807
27740	28343	2	0.008403
27740	28440	11	0.046218
27740	27899	5	0.021008
27740	28029	6	0.025210
27740	27550	4	0.016807
27740	29013	1	0.004202
27741	28106	2	0.020833
27741	27491	2	0.020833
27741	27687	2	0.020833
27741	28489	2	0.020833
27741	28938	2	0.020833
27741	27884	4	0.041667
27741	28365	2	0.020833
27741	28974	2	0.020833
27741	28495	2	0.020833
27741	28821	1	0.010417
27741	28835	1	0.010417
27741	27950	2	0.020833
27741	28886	2	0.020833
27741	28440	4	0.041667
27741	28987	6	0.062500
27741	28698	2	0.020833
27741	28859	4	0.041667
27741	28029	2	0.020833
27741	27701	2	0.020833
27742	27491	6	0.150000
27742	27875	2	0.050000
27743	28495	6	0.000322
27743	27856	5	0.000268
27743	29140	20	0.001072
27743	28886	8	0.000429
27743	28344	2	0.000107
27743	28027	3	0.000161
27745	28465	1	0.000963
27745	28811	1043	1.004817
27745	29077	24	0.023121
27745	27950	6	0.005780
27746	27950	2	0.333333
27747	28992	1	0.000415
27747	27586	1	0.000415
27747	27899	9	0.003731
27747	28868	27	0.011194
27747	28453	1	0.000415
27747	27655	2	0.000829
27747	29098	2	0.000829
27747	28683	18	0.007463
27747	27950	2	0.000829
27747	28495	2	0.000829
27747	28944	2	0.000829
27747	29140	2	0.000829
27747	28989	1	0.000415
27747	28623	2	0.000829
27747	28924	2	0.000829
27747	28765	12	0.004975
27747	27621	20	0.008292
27749	28064	12	0.923077
27749	28898	12	0.923077
27749	27491	13	1.000000
27749	28745	12	0.923077
27749	28500	12	0.923077
27749	28440	3122	240.153846
27749	27899	12	0.923077
27749	27934	12	0.923077
27750	28096	54	0.028815
27750	28035	66	0.035219
27750	28935	66	0.035219
27750	28815	54	0.028815
27750	27920	54	0.028815
27750	28051	66	0.035219
27750	28185	66	0.035219
27750	27419	54	0.028815
27750	28316	66	0.035219
27750	28957	54	0.028815
27750	27679	1396	0.744931
27750	27824	66	0.035219
27750	28325	66	0.035219
27750	28710	8908	4.753469
27750	28711	66	0.035219
27750	29044	54	0.028815
27750	28330	54	0.028815
27750	28679	66	0.035219
27750	27695	54	0.028815
27750	27696	66	0.035219
27750	27697	66	0.035219
27750	29104	54	0.028815
27750	27636	66	0.035219
27750	28091	54	0.028815
27750	28262	2	0.001067
27750	27839	54	0.028815
27750	27456	66	0.035219
27750	27588	66	0.035219
27750	28848	54	0.028815
27750	27848	54	0.028815
27750	29136	54	0.028815
27750	28625	66	0.035219
27750	28884	66	0.035219
27750	29014	66	0.035219
27750	28633	54	0.028815
27750	28641	66	0.035219
27750	28002	68	0.036286
27750	29027	66	0.035219
27750	27558	54	0.028815
27750	28902	54	0.028815
27750	28903	66	0.035219
27750	28525	54	0.028815
27750	28531	54	0.028815
27750	27764	66	0.035219
27750	27515	54	0.028815
27751	28192	2	0.001150
27751	28938	1	0.000575
27751	29005	1	0.000575
27751	29134	7	0.004025
27751	29103	1	0.000575
27751	28113	1	0.000575
27751	28466	1	0.000575
27751	27860	1	0.000575
27751	27950	22	0.012651
27751	27450	2	0.001150
27751	27455	6	0.003450
27752	28683	2	0.001395
27752	27950	1246	0.868898
27752	29007	1240	0.864714
27752	28563	8984	6.264993
27752	28821	2	0.001395
27752	27964	3	0.002092
27752	28029	8	0.005579
27753	28137	2	0.046512
27753	28298	1	0.023256
27753	27564	1	0.023256
27753	29072	1	0.023256
27753	27442	1	0.023256
27753	27797	1	0.023256
27754	28267	1	0.011628
27754	28453	1	0.011628
27754	28874	3	0.034884
27754	28811	1	0.011628
27754	27950	36	0.418605
27754	28623	1	0.011628
27754	28907	1	0.011628
27754	28562	2	0.023256
27754	28084	1	0.011628
27754	27701	1	0.011628
27754	27542	1	0.011628
27754	28919	2	0.023256
27754	28249	8	0.093023
27754	28924	1	0.011628
27754	28029	1	0.011628
27755	28032	5	0.006739
27755	27875	2	0.002695
27755	27684	6	0.008086
27755	28106	36	0.048518
27755	28683	10	0.013477
27755	27950	3	0.004043
27755	28562	1	0.001348
27755	27491	1	0.001348
27755	27899	14	0.018868
27755	28440	15	0.020216
27755	28859	11	0.014825
27756	27586	2	0.055556
27756	27491	9	0.250000
27756	27527	280	7.777778
27756	27950	3	0.083333
27756	27479	280	7.777778
27756	28440	2	0.055556
27756	28698	151	4.194444
27756	27899	29	0.805556
27756	27868	1	0.027778
27757	28483	1	0.009901
27757	28516	1	0.009901
27757	29125	1	0.009901
27757	27526	1	0.009901
27757	27655	1	0.009901
27757	28168	1	0.009901
27757	28348	1	0.009901
27757	28427	1	0.009901
27757	28360	1	0.009901
27757	28014	1	0.009901
27757	28240	1	0.009901
27757	28456	1	0.009901
27757	27890	1	0.009901
27757	27956	1	0.009901
27757	28889	1	0.009901
27757	29157	1	0.009901
27757	27604	1	0.009901
27757	28765	1	0.009901
27757	27525	1	0.009901
27758	28032	360	0.058196
27758	28804	1	0.000162
27758	28683	1	0.000162
27758	28684	1	0.000162
27758	27542	1	0.000162
27758	28440	127	0.020530
27758	28698	1	0.000162
27758	28584	8	0.001293
27758	27565	2	0.000323
27758	27950	2	0.000323
27758	28079	2	0.000323
27758	28466	7	0.001132
27758	28344	1	0.000162
27758	27586	1	0.000162
27758	28745	196	0.031684
27758	28106	13	0.002102
27758	27983	1	0.000162
27758	29140	165	0.026673
27758	28376	2	0.000323
27758	29147	2	0.000323
27758	27868	1	0.000162
27758	27899	112	0.018105
27758	28260	1	0.000162
27758	27894	2	0.000323
27758	28923	1	0.000162
27758	28029	10	0.001617
27760	28529	4	0.235294
27760	27950	1	0.058824
27760	28134	2	0.117647
27762	27755	1	0.001222
27762	28689	1	0.001222
27762	27667	1	0.001222
27762	28308	1	0.001222
27762	28447	1	0.001222
27762	27429	1	0.001222
27762	27560	1	0.001222
27762	28585	2	0.002445
27762	28591	1	0.001222
27762	27577	1	0.001222
27762	27579	1	0.001222
27762	28094	2	0.002445
27762	28225	1	0.001222
27762	27720	1	0.001222
27762	27977	1	0.001222
27762	28874	1	0.001222
27762	28859	2	0.002445
27762	28261	1	0.001222
27762	29031	1	0.001222
27762	28391	1	0.001222
27762	29036	1	0.001222
27762	28029	6	0.007335
27762	28145	1	0.001222
27762	28222	1	0.001222
27762	28023	1	0.001222
27762	28564	1	0.001222
27762	27645	1	0.001222
27762	29055	1	0.001222
27764	28902	21	0.016827
27764	28035	34	0.027244
27764	28935	34	0.027244
27764	28815	21	0.016827
27764	27920	21	0.016827
27764	28051	34	0.027244
27764	28185	34	0.027244
27764	27419	21	0.016827
27764	28316	34	0.027244
27764	28957	21	0.016827
27764	27679	828	0.663462
27764	27824	34	0.027244
27764	28325	34	0.027244
27764	28710	5269	4.221955
27764	28711	34	0.027244
27764	28330	21	0.016827
27764	28679	34	0.027244
27764	27695	21	0.016827
27764	27696	34	0.027244
27764	27697	34	0.027244
27764	29104	21	0.016827
27764	29044	21	0.016827
27764	28091	21	0.016827
27764	28262	2	0.001603
27764	27839	21	0.016827
27764	27456	34	0.027244
27764	27588	34	0.027244
27764	28848	21	0.016827
27764	27848	21	0.016827
27764	29136	21	0.016827
27764	28625	34	0.027244
27764	28884	34	0.027244
27764	29014	34	0.027244
27764	28633	21	0.016827
27764	28096	21	0.016827
27764	28641	34	0.027244
27764	28002	36	0.028846
27764	29027	34	0.027244
27764	27558	21	0.016827
27764	27750	21	0.016827
27764	28903	34	0.027244
27764	28525	21	0.016827
27764	28531	21	0.016827
27764	27636	34	0.027244
27764	27515	21	0.016827
27766	28492	2	0.016393
27768	28566	1	0.006993
27771	28480	1	0.022727
27771	27808	1	0.022727
27771	28869	1	0.022727
27771	29062	1	0.022727
27771	28261	1	0.022727
27771	28584	1	0.022727
27771	28618	1	0.022727
27771	29036	1	0.022727
27771	27762	1	0.022727
27771	28623	2	0.045455
27771	28018	1	0.022727
27771	28918	1	0.022727
27771	28440	1	0.022727
27771	27961	1	0.022727
27771	29055	1	0.022727
27771	28029	1	0.022727
27771	28222	1	0.022727
27771	27621	5	0.113636
27773	27524	1	0.002513
27773	28041	12	0.030151
27773	28938	2	0.005025
27773	28683	10	0.025126
27773	28172	1	0.002513
27773	28821	2	0.005025
27773	28440	7	0.017588
27773	28698	4	0.010050
27773	27553	2	0.005025
27773	28835	7	0.017588
27773	27684	1	0.002513
27773	28070	2	0.005025
27773	28584	5	0.012563
27773	28713	2	0.005025
27773	29098	1	0.002513
27773	28084	1	0.002513
27773	28725	1	0.002513
27773	27529	3	0.007538
27773	28344	3	0.007538
27773	28859	1	0.002513
27773	28234	3	0.007538
27773	28094	31	0.077889
27773	28480	25	0.062814
27773	28106	3	0.007538
27773	27851	1	0.002513
27773	28495	17	0.042714
27773	27704	1	0.002513
27773	29140	1	0.002513
27773	29013	2	0.005025
27773	28886	1	0.002513
27773	27738	3	0.007538
27773	28891	2	0.005025
27773	27491	6	0.015075
27773	28388	1	0.002513
27773	27621	2	0.005025
27773	27628	1	0.002513
27773	28781	1	0.002513
27773	27894	2	0.005025
27773	27899	73	0.183417
27774	28318	4	0.088889
27775	28064	38	0.974359
27775	28898	38	0.974359
27775	28745	38	0.974359
27775	28500	38	0.974359
27775	28440	9880	253.333333
27775	27899	38	0.974359
27775	27934	38	0.974359
27776	28218	6	1.500000
27777	28098	2	0.001592
27777	27899	3	0.002389
27777	28584	1	0.000796
27777	28649	1	0.000796
27777	28106	1	0.000796
27777	28962	8	0.006369
27777	27950	51	0.040605
27777	28018	10	0.007962
27777	28340	111	0.088376
27777	28698	3	0.002389
27777	28891	1150	0.915605
27777	28029	7	0.005573
27777	27902	592	0.471338
27780	27701	1	0.011111
27781	27875	1	0.001653
27781	28644	2	0.003306
27781	29138	101	0.166942
27781	27950	308	0.509091
27781	29103	1	0.001653
27781	28465	6223	10.285950
27781	28402	616	1.018182
27781	28084	1	0.001653
27781	28440	2	0.003306
27781	28029	2	0.003306
27782	27950	1	0.018868
27783	27808	2	0.020619
27783	27899	4	0.041237
27783	28709	2	0.020619
27783	28022	2	0.020619
27783	28344	2	0.020619
27783	27451	2	0.020619
27784	28431	2	0.095238
27785	29062	1	0.052632
27785	27527	128	6.736842
27785	27950	2	0.105263
27785	27479	128	6.736842
27785	28698	16	0.842105
27785	28029	1	0.052632
27786	28192	4	0.010929
27786	28612	368	1.005464
27786	27621	7	0.019126
27786	28623	5	0.013661
27786	28018	1	0.002732
27786	28440	6	0.016393
27786	27899	2	0.005464
27786	28094	1	0.002732
27787	27950	1	0.025641
27788	28480	1	0.142857
27788	28097	1	0.142857
27788	28608	1	0.142857
27788	28683	17	2.428571
27788	28623	12	1.714286
27788	27412	1	0.142857
27788	27542	1	0.142857
27789	28683	42	1.909091
27789	29140	63	2.863636
27789	27899	1	0.045455
27789	28623	42	1.909091
27790	28218	1402	2.002857
27790	27859	3	0.004286
27790	27573	699	0.998571
27790	27899	2	0.002857
27791	28192	3	0.125000
27792	28420	2	0.015267
27792	27950	1	0.007634
27793	27773	2	0.500000
27796	28609	3	0.001397
27796	28835	2	0.000931
27796	28453	3	0.001397
27796	28113	3	0.001397
27796	28523	3	0.001397
27796	28684	2	0.000931
27796	29005	3	0.001397
27796	27950	23	0.010708
27796	29103	3	0.001397
27796	28312	2	0.000931
27796	28466	5	0.002328
27796	28811	2	0.000931
27796	28440	5	0.002328
27796	27738	1	0.000466
27796	29147	2	0.000931
27796	28029	2	0.000931
27798	27425	629	2.898618
27798	27621	5	0.023041
27798	28584	2	0.009217
27798	28106	5	0.023041
27798	28114	629	2.898618
27798	28821	211	0.972350
27798	28440	215	0.990783
27798	28027	1	0.004608
27799	28032	1	0.016667
27799	28106	1	0.016667
27799	28888	2	0.033333
27799	27859	1	0.016667
27799	29140	1	0.016667
27799	27701	2	0.033333
27799	28440	3	0.050000
27799	27899	1	0.016667
27799	28094	2	0.033333
27800	28811	3	0.052632
27800	28134	1	0.017544
27802	27521	420	1.935484
27802	28835	2	0.009217
27802	27950	3	0.013825
27802	28270	1	0.004608
27802	27871	211	0.972350
27804	28032	15	0.007603
27804	28416	2	0.001014
27804	28292	2	0.001014
27804	27654	2	0.001014
27804	27527	8	0.004055
27804	27656	2	0.001014
27804	28938	4	0.002027
27804	28683	2	0.001014
27804	28304	2	0.001014
27804	27921	2	0.001014
27804	28821	3	0.001521
27804	28440	7	0.003548
27804	28698	3	0.001521
27804	27738	4	0.002027
27804	27683	2	0.001014
27804	28453	1	0.000507
27804	28584	3	0.001521
27804	28202	2	0.001014
27804	27975	2	0.001014
27804	28850	2	0.001014
27804	27572	2	0.001014
27804	28344	12	0.006082
27804	28859	3	0.001521
27804	27452	4	0.002027
27804	28989	2	0.001014
27804	28992	1	0.000507
27804	27586	5	0.002534
27804	28228	22	0.011151
27804	29062	8	0.004055
27804	28231	2	0.001014
27804	28106	31	0.015712
27804	28619	2	0.001014
27804	28364	2	0.001014
27804	27853	2	0.001014
27804	28623	2	0.001014
27804	29140	2	0.001014
27804	27733	2	0.001014
27804	28886	1	0.000507
27804	27479	8	0.004055
27804	28634	2	0.001014
27804	28495	5	0.002534
27804	27871	2	0.001014
27804	27621	2	0.001014
27804	27878	2	0.001014
27804	27884	1	0.000507
27804	28530	2	0.001014
27804	28919	1	0.000507
27804	28666	2	0.001014
27804	27899	2	0.001014
27804	28029	4	0.002027
27805	28496	1	0.023256
27805	28618	1	0.023256
27805	28659	1	0.023256
27805	28860	1	0.023256
27805	28645	3	0.069767
27807	27977	2	0.076923
27808	28192	73	0.506944
27808	28113	2	0.013889
27808	29096	2	0.013889
27808	27433	18	0.125000
27808	27857	1	0.006944
27808	28811	2	0.013889
27808	27596	2	0.013889
27808	28440	2	0.013889
27808	28022	1	0.006944
27808	28344	2	0.013889
27810	27628	455	0.910000
27811	28039	9	0.002931
27811	28683	2	0.000651
27811	27950	8	0.002605
27811	28310	2	0.000651
27811	28440	8	0.002605
27811	28192	6	0.001954
27811	28334	1	0.000326
27811	28976	1	0.000326
27811	28468	35	0.011397
27811	27701	2	0.000651
27811	28609	3	0.000977
27811	28495	4	0.001303
27811	27856	4	0.001303
27811	28501	2	0.000651
27811	28892	1	0.000326
27811	28900	2	0.000651
27811	27621	6	0.001954
27811	28010	2	0.000651
27811	27884	2	0.000651
27811	28925	1	0.000326
27811	28018	1	0.000326
27811	27899	10	0.003256
27811	28029	2	0.000651
27815	28888	136	1.888889
27815	27950	1	0.013889
27816	27591	228	6.333333
27817	27682	682	0.403073
27817	28293	643	0.380024
27817	28919	1	0.000591
27817	28078	23	0.013593
27817	27823	1	0.000591
27817	27950	36	0.021277
27817	28469	697	0.411939
27817	29143	5993	3.541962
27817	28453	1	0.000591
27818	28032	4	0.000906
27818	28480	2	0.000453
27818	28608	2	0.000453
27818	27653	1	0.000227
27818	28938	3	0.000680
27818	28683	2	0.000453
27818	28175	126	0.028539
27818	28821	2	0.000453
27818	28440	283	0.064100
27818	27934	1	0.000227
27818	28064	1	0.000227
27818	28584	9	0.002039
27818	28842	1	0.000227
27818	27950	20	0.004530
27818	28470	1	0.000227
27818	28344	69	0.015629
27818	27834	1	0.000227
27818	28859	3	0.000680
27818	27712	28798	6.522763
27818	27586	6	0.001359
27818	28811	3	0.000680
27818	28868	65	0.014723
27818	28745	1	0.000227
27818	28106	6	0.001359
27818	28623	1	0.000227
27818	27491	1	0.000227
27818	28500	1	0.000227
27818	28665	1	0.000227
27818	28495	2	0.000453
27818	27868	2	0.000453
27818	28898	1	0.000227
27818	27899	10	0.002265
27818	28900	1	0.000227
27818	27884	1	0.000227
27818	28919	1	0.000227
27818	29140	5	0.001133
27818	27643	2	0.000453
27818	28029	2	0.000453
27819	28439	2	0.034483
27819	27860	1	0.017241
27819	28029	1	0.017241
27819	27950	50	0.862069
27819	28239	4	0.068966
27820	28608	2	0.001233
27820	27653	1	0.000617
27820	28811	3	0.001850
27820	28821	4	0.002466
27820	28440	12	0.007398
27820	28842	1	0.000617
27820	27950	18	0.011097
27820	28470	1	0.000617
27820	28859	3	0.001850
27820	28734	1	0.000617
27820	28480	2	0.001233
27820	27586	6	0.003699
27820	28683	8	0.004932
27820	28106	9	0.005549
27820	28495	2	0.001233
27820	29140	6	0.003699
27820	28886	4	0.002466
27820	28623	4	0.002466
27820	27491	1	0.000617
27820	27621	10	0.006165
27820	27884	1	0.000617
27820	28919	1	0.000617
27820	27899	3	0.001850
27821	27615	1	0.003195
27822	28289	58	0.078804
27822	27899	1	0.001359
27822	27684	1	0.001359
27822	28106	1	0.001359
27822	27762	2	0.002717
27822	29140	4	0.005435
27822	28251	1	0.001359
27823	28161	2	0.042553
27823	29139	1	0.021277
27823	28558	1	0.021277
27823	28777	1	0.021277
27823	28810	1	0.021277
27823	27950	7	0.148936
27823	28528	1	0.021277
27823	27987	2	0.042553
27823	28078	2	0.042553
27823	28790	1	0.021277
27823	28951	1	0.021277
27823	28026	1	0.021277
27823	27995	2	0.042553
27823	28828	1	0.021277
27823	28156	1	0.021277
27823	27966	1	0.021277
27824	28902	14	0.011138
27824	28035	27	0.021480
27824	28935	27	0.021480
27824	28815	14	0.011138
27824	27920	14	0.011138
27824	28051	27	0.021480
27824	28185	27	0.021480
27824	27419	14	0.011138
27824	28316	27	0.021480
27824	28957	14	0.011138
27824	27679	795	0.632458
27824	29104	14	0.011138
27824	28325	27	0.021480
27824	28710	5022	3.995227
27824	28711	27	0.021480
27824	29044	14	0.011138
27824	28330	14	0.011138
27824	28679	27	0.021480
27824	27695	14	0.011138
27824	27696	27	0.021480
27824	27697	27	0.021480
27824	27636	27	0.021480
27824	28091	14	0.011138
27824	28262	2	0.001591
27824	27839	14	0.011138
27824	27456	27	0.021480
27824	27588	27	0.021480
27824	28848	14	0.011138
27824	27848	14	0.011138
27824	29136	14	0.011138
27824	28625	27	0.021480
27824	28884	27	0.021480
27824	29014	27	0.021480
27824	28633	14	0.011138
27824	28096	14	0.011138
27824	28641	27	0.021480
27824	28002	29	0.023071
27824	29027	27	0.021480
27824	27558	14	0.011138
27824	27750	14	0.011138
27824	28903	27	0.021480
27824	28525	14	0.011138
27824	28531	14	0.011138
27824	27764	27	0.021480
27824	27515	14	0.011138
27825	28018	2	0.051282
27825	27621	1	0.025641
27826	28440	50	0.471698
27827	27866	4356	1.700898
27827	27950	4357	1.701289
27827	27925	4356	1.700898
27827	28790	2178	0.850449
27827	28511	4356	1.700898
27828	28547	1	0.017857
27828	28084	1	0.017857
27828	28701	54	0.964286
27828	27950	11	0.196429
27828	29103	1	0.017857
27829	27950	5	0.050000
27830	28355	3	0.428571
27830	27950	1	0.142857
27831	27950	1	0.033333
27832	28029	1	0.034483
27832	27950	2	0.068966
27833	28503	1973	0.999493
27834	27712	3	0.012605
27834	28835	2	0.008403
27834	28360	5	0.021008
27834	28106	5	0.021008
27834	27884	2	0.008403
27834	28989	1	0.004202
27834	28944	4	0.016807
27834	28584	1	0.004202
27834	28466	2	0.008403
27834	28821	5	0.021008
27834	28440	5	0.021008
27834	27899	2	0.008403
27834	28029	1	0.004202
27835	28495	3	0.001456
27835	28763	4	0.001942
27835	28900	3	0.001456
27835	28106	1	0.000485
27835	27949	3	0.001456
27835	27741	8	0.003883
27835	28180	2	0.000971
27835	28821	9	0.004369
27835	27899	1	0.000485
27835	28029	7	0.003398
27838	28032	12	0.061224
27838	28859	2	0.010204
27838	27542	2	0.010204
27838	27979	2	0.010204
27838	28886	2	0.010204
27838	28440	8	0.040816
27838	27899	2	0.010204
27838	28989	2	0.010204
27839	28902	631	0.052967
27839	28035	653	0.054814
27839	28935	653	0.054814
27839	28815	635	0.053303
27839	27920	635	0.053303
27839	28051	653	0.054814
27839	28185	653	0.054814
27839	27419	635	0.053303
27839	28316	653	0.054814
27839	28957	631	0.052967
27839	27679	9929	0.833459
27839	27824	653	0.054814
27839	28325	653	0.054814
27839	28710	64372	5.403509
27839	28711	653	0.054814
27839	29044	631	0.052967
27839	28330	635	0.053303
27839	28679	653	0.054814
27839	27695	631	0.052967
27839	27696	653	0.054814
27839	27697	653	0.054814
27839	29104	631	0.052967
27839	27636	653	0.054814
27839	28091	631	0.052967
27839	28262	11	0.000923
27839	27456	653	0.054814
27839	27588	653	0.054814
27839	28848	631	0.052967
27839	27848	631	0.052967
27839	28361	1	0.000084
27839	29136	631	0.052967
27839	28625	653	0.054814
27839	28884	653	0.054814
27839	29014	653	0.054814
27839	28633	631	0.052967
27839	28096	635	0.053303
27839	28641	653	0.054814
27839	28002	660	0.055402
27839	29027	653	0.054814
27839	27558	631	0.052967
27839	27750	631	0.052967
27839	28903	653	0.054814
27839	28525	631	0.052967
27839	28531	631	0.052967
27839	27764	653	0.054814
27839	27515	631	0.052967
27840	28192	2	0.009390
27843	28192	82	0.953488
27843	29058	1	0.011628
27843	27621	1	0.011628
27843	29062	1	0.011628
27843	27950	2	0.023256
27843	27858	3	0.034884
27843	28440	2	0.023256
27843	27899	1	0.011628
27843	27455	83	0.965116
27847	28113	7	0.002050
27847	28453	5	0.001465
27847	27950	25	0.007323
27848	28902	45	0.023280
27848	28035	52	0.026901
27848	28935	52	0.026901
27848	28815	45	0.023280
27848	27920	45	0.023280
27848	28051	52	0.026901
27848	28185	52	0.026901
27848	27419	45	0.023280
27848	28316	52	0.026901
27848	28957	45	0.023280
27848	27679	1267	0.655458
27848	27824	52	0.026901
27848	28325	52	0.026901
27848	28710	8080	4.180031
27848	28711	52	0.026901
27848	29044	45	0.023280
27848	28330	45	0.023280
27848	28679	52	0.026901
27848	27695	45	0.023280
27848	27696	52	0.026901
27848	27697	52	0.026901
27848	29104	45	0.023280
27848	27636	52	0.026901
27848	28091	45	0.023280
27848	28262	2	0.001035
27848	27839	45	0.023280
27848	27456	52	0.026901
27848	27588	52	0.026901
27848	28848	45	0.023280
27848	29136	45	0.023280
27848	28625	52	0.026901
27848	28884	52	0.026901
27848	29014	52	0.026901
27848	28633	45	0.023280
27848	28096	45	0.023280
27848	28641	52	0.026901
27848	28002	54	0.027936
27848	29027	52	0.026901
27848	27558	45	0.023280
27848	27750	45	0.023280
27848	28903	52	0.026901
27848	28525	45	0.023280
27848	28531	45	0.023280
27848	27764	52	0.026901
27848	27515	45	0.023280
27849	28609	1	0.003279
27849	27738	1	0.003279
27849	28894	3	0.009836
27849	27950	17	0.055738
27850	28096	2	0.000938
27850	28035	2	0.000938
27850	28710	11	0.005159
27850	28679	2	0.000938
27850	27824	2	0.000938
27850	28330	2	0.000938
27850	28815	2	0.000938
27850	27920	2	0.000938
27850	28051	2	0.000938
27850	28440	2	0.000938
27850	28185	2	0.000938
27850	28698	5	0.002345
27850	27419	2	0.000938
27850	28316	2	0.000938
27850	28957	2	0.000938
27850	27679	7	0.003283
27850	28848	2	0.000938
27850	27684	2	0.000938
27850	28325	2	0.000938
27850	27558	2	0.000938
27850	28711	2	0.000938
27850	28584	7	0.003283
27850	29044	2	0.000938
27850	29098	20	0.009381
27850	28935	2	0.000938
27850	27949	2	0.000938
27850	27950	2	0.000938
27850	27695	2	0.000938
27850	29104	2	0.000938
27850	27697	2	0.000938
27850	27764	2	0.000938
27850	28091	2	0.000938
27850	28989	2	0.000938
27850	27582	5	0.002345
27850	27696	2	0.000938
27850	27456	2	0.000938
27850	28683	5	0.002345
27850	27588	2	0.000938
27850	27848	2	0.000938
27850	28106	12	0.005629
27850	27839	2	0.000938
27850	28495	9	0.004221
27850	29136	2	0.000938
27850	28625	2	0.000938
27850	28884	2	0.000938
27850	29014	2	0.000938
27850	27899	65	0.030488
27850	28633	2	0.000938
27850	28641	2	0.000938
27850	28002	2	0.000938
27850	29027	2	0.000938
27850	28902	2	0.000938
27850	27750	2	0.000938
27850	28903	2	0.000938
27850	28525	2	0.000938
27850	28531	2	0.000938
27850	27636	2	0.000938
27850	27515	2	0.000938
27850	28029	35	0.016417
27850	28031	2	0.000938
27851	28480	4	0.012085
27851	27683	2	0.006042
27851	28260	2	0.006042
27851	28453	4	0.012085
27851	29062	2	0.006042
27851	28106	16	0.048338
27851	27950	1	0.003021
27851	27899	1	0.003021
27851	28440	12	0.036254
27851	28698	2	0.006042
27851	28859	1	0.003021
27851	28029	2	0.006042
27852	28275	380	1.095101
27852	27950	11	0.031700
27855	28584	4	0.017021
27855	27950	4	0.017021
27855	27792	1	0.004255
27855	27604	1	0.004255
27855	27734	1	0.004255
27855	28244	1	0.004255
27857	27808	1	0.001912
27857	27993	1	0.001912
27857	27596	1	0.001912
27857	27950	1	0.001912
27858	28992	2	0.008696
27858	29058	19	0.082609
27858	27843	18	0.078261
27858	27621	28	0.121739
27858	27751	12	0.052174
27858	28745	2	0.008696
27858	28938	2	0.008696
27858	27618	11	0.047826
27858	29134	6	0.026087
27858	28835	4	0.017391
27858	27479	10	0.043478
27858	28440	63	0.273913
27858	28698	1	0.004348
27858	28859	1	0.004348
27858	28106	22	0.095652
27858	27455	18	0.078261
27859	27552	2	0.008439
27859	28832	1	0.004219
27859	27971	2	0.008439
27859	27908	1	0.004219
27859	28552	1	0.004219
27859	28106	3	0.012658
27859	27850	1	0.004219
27859	28538	1	0.004219
27859	27899	1	0.004219
27859	28989	1	0.004219
27860	28739	2	0.011834
27860	28453	6	0.035503
27860	28938	2	0.011834
27860	28466	1	0.005917
27860	27950	5	0.029586
27860	28113	1	0.005917
27860	28018	1	0.005917
27860	28924	1	0.005917
27861	28218	2	0.071429
27861	27950	1	0.035714
27862	28416	2	0.001543
27862	28835	4	0.003086
27862	28584	5	0.003858
27862	27593	2	0.001543
27862	27821	2	0.001543
27862	27950	2252	1.737654
27862	28018	2	0.001543
27862	28084	3	0.002315
27862	28821	3	0.002315
27862	28438	2	0.001543
27862	27465	1	0.000772
27862	27899	6	0.004630
27862	28029	805	0.621142
27862	27615	2	0.001543
27863	28480	1	0.011628
27863	27491	1	0.011628
27863	29062	1	0.011628
27863	28938	102	1.186047
27863	28821	1	0.011628
27863	28440	168	1.953488
27863	28698	1	0.011628
27863	27899	170	1.976744
27865	28102	2	0.166667
27866	28811	9	0.001445
27866	27950	11020	1.769428
27866	27827	10960	1.759794
27866	27925	10960	1.759794
27866	28790	5482	0.880218
27866	28919	9	0.001445
27866	28511	10960	1.759794
27867	27950	1	0.032258
27868	27491	2	0.008658
27868	28041	4	0.017316
27868	28821	1	0.004329
27868	28440	7	0.030303
27868	28698	1	0.004329
27868	27899	20	0.086580
27870	28280	4	0.064516
27870	28440	1	0.016129
27870	28018	1	0.016129
27871	28032	2	0.002491
27871	27521	97	0.120797
27871	29061	1	0.001245
27871	28938	35	0.043587
27871	28683	4	0.004981
27871	27412	1	0.001245
27871	28821	2	0.002491
27871	28440	23	0.028643
27871	27802	16	0.019925
27871	28698	8	0.009963
27871	28835	5	0.006227
27871	28584	3	0.003736
27871	29098	1	0.001245
27871	27701	3	0.003736
27871	28344	2	0.002491
27871	28859	6	0.007472
27871	28095	4	0.004981
27871	28608	1	0.001245
27871	27586	54	0.067248
27871	28106	4	0.004981
27871	28495	5	0.006227
27871	27491	8	0.009963
27871	29140	7	0.008717
27871	27738	2	0.002491
27871	27875	1	0.001245
27871	27621	28	0.034869
27871	28018	1	0.001245
27871	28147	1	0.001245
27871	27899	8	0.009963
27871	28029	9	0.011208
27872	27950	2	0.033898
27873	27875	1	0.001629
27873	28644	1	0.001629
27873	28402	624	1.016287
27873	27950	285	0.464169
27873	29103	1	0.001629
27873	28465	6397	10.418567
27873	29138	88	0.143322
27873	28440	2	0.003257
27873	28029	2	0.003257
27874	27875	1	0.003185
27874	28453	1	0.003185
27874	28584	1	0.003185
27874	27950	12	0.038217
27874	28145	2	0.006369
27874	27609	2	0.006369
27874	28029	5	0.015924
27877	28368	2	0.181818
27877	27950	2	0.181818
27878	28992	1	0.000748
27878	27586	1	0.000748
27878	27587	1625	1.215408
27878	27684	1	0.000748
27878	28584	1	0.000748
27878	28106	6	0.004488
27878	28683	2	0.001496
27878	28619	1	0.000748
27878	28495	3	0.002244
27878	28338	1	0.000748
27878	27491	1	0.000748
27878	29140	14	0.010471
27878	28821	2	0.001496
27878	28886	5	0.003740
27878	27479	3	0.002244
27878	28440	10	0.007479
27878	28698	1	0.000748
27878	27899	2	0.001496
27878	28702	547	0.409125
27878	28725	1	0.000748
27881	28901	40	0.930233
27881	28586	40	0.930233
27881	29070	40	0.930233
27881	28207	40	0.930233
27881	27440	40	0.930233
27881	29045	40	0.930233
27881	27610	40	0.930233
27881	27685	40	0.930233
27882	27705	1209	0.782018
27882	28362	1209	0.782018
27882	27950	13	0.008409
27883	28440	16	0.111111
27883	28480	2	0.013889
27883	28032	2	0.013889
27883	27621	2	0.013889
27883	28425	2	0.013889
27884	28928	2	0.000187
27884	28547	1	0.000093
27884	29062	1	0.000093
27884	27655	1	0.000093
27884	28296	1	0.000093
27884	29036	1	0.000093
27884	28683	14	0.001306
27884	28172	1	0.000093
27884	28689	1	0.000093
27884	28690	1	0.000093
27884	28440	1	0.000093
27884	28698	1	0.000093
27884	28189	1	0.000093
27884	27423	1	0.000093
27884	27552	1	0.000093
27884	28891	1	0.000093
27884	27684	1	0.000093
27884	28453	4	0.000373
27884	28070	1	0.000093
27884	27687	1	0.000093
27884	29098	9	0.000840
27884	28461	1	0.000093
27884	29103	1	0.000093
27884	28341	1	0.000093
27884	27451	1	0.000093
27884	27455	1	0.000093
27884	28608	1	0.000093
27884	28427	1	0.000093
27884	28230	1	0.000093
27884	27850	2	0.000187
27884	29134	1	0.000093
27884	28495	36	0.003359
27884	27601	1	0.000093
27884	27858	3	0.000280
27884	28500	1	0.000093
27884	28623	42	0.003919
27884	27871	2	0.000187
27884	27878	1	0.000093
27884	28908	1	0.000093
27884	27501	1	0.000093
27884	27758	1	0.000093
27884	28018	1	0.000093
27884	29140	2	0.000187
27884	28666	1	0.000093
27884	28863	1	0.000093
27884	28030	1	0.000093
27886	28896	8	0.004184
27886	28416	2	0.001046
27886	28683	2	0.001046
27886	28106	4	0.002092
27886	27819	8	0.004184
27886	27507	8	0.004184
27886	27860	8	0.004184
27886	28821	2	0.001046
27886	28989	2	0.001046
27887	28032	2	0.000800
27887	28480	2	0.000800
27887	27653	1	0.000400
27887	28811	3	0.001200
27887	28821	2	0.000800
27887	28440	26	0.010404
27887	28698	1	0.000400
27887	29088	2	0.000800
27887	28706	1	0.000400
27887	28835	4	0.001601
27887	27684	1	0.000400
27887	28584	2	0.000800
27887	28842	1	0.000400
27887	27950	20	0.008003
27887	28338	4	0.001601
27887	28470	1	0.000400
27887	28859	8	0.003201
27887	28094	2	0.000800
27887	28608	2	0.000800
27887	27586	8	0.003201
27887	28683	1	0.000400
27887	28106	19	0.007603
27887	28623	2	0.000800
27887	28241	2196	0.878752
27887	27875	5	0.002001
27887	27899	19	0.007603
27887	27738	2	0.000800
27887	28495	4	0.001601
27887	27491	3	0.001200
27887	27621	11	0.004402
27887	27884	1	0.000400
27887	28655	4	0.001601
27887	28027	2	0.000800
27887	28919	1	0.000400
27887	28795	343	0.137255
27887	28029	2	0.000800
27887	29098	5	0.002001
27888	28584	2	0.142857
27888	27702	3	0.214286
27889	27994	1	0.016393
27889	28070	1	0.016393
27890	28192	395	1.005089
27890	28226	2	0.005089
27890	28427	2	0.005089
27890	27597	6	0.015267
27890	28623	1	0.002545
27890	27667	1	0.002545
27890	28084	2	0.005089
27890	28440	1	0.002545
27890	28698	1	0.002545
27890	28348	3	0.007634
27890	28702	1	0.002545
27891	27586	1	0.004202
27891	27950	4	0.016807
27891	28029	2	0.008403
27891	28974	7	0.029412
27892	28440	1	0.009524
27892	27899	2	0.019048
27892	28029	1	0.009524
27893	27684	1	0.001942
27893	28106	2	0.003883
27893	28683	8	0.015534
27893	28440	1	0.001942
27893	28859	3	0.005825
27893	27868	16	0.031068
27894	28480	8	0.015355
27894	28608	10	0.019194
27894	27899	7	0.013436
27894	28172	1	0.001919
27894	27758	2	0.003839
27894	28495	1	0.001919
27894	28468	1	0.001919
27894	27701	2	0.003839
27894	27542	2	0.003839
27894	27448	1	0.001919
27894	27675	2	0.003839
27894	27868	1	0.001919
27894	28821	3	0.005758
27894	27582	2	0.003839
27894	28415	4	0.007678
27897	28192	4	0.005340
27897	28353	6	0.008011
27897	27618	6	0.008011
27897	27621	3	0.004005
27897	27751	3	0.004005
27897	27501	3	0.004005
27897	28623	8	0.010681
27897	28440	6	0.008011
27897	28862	3	0.004005
27898	28192	1	0.001764
27898	28992	1	0.001764
27898	28310	1	0.001764
27898	29062	1	0.001764
27898	27822	1	0.001764
27898	27950	3	0.005291
27898	27701	1	0.001764
27898	28886	2	0.003527
27898	28919	7	0.012346
27898	28249	1	0.001764
27898	28698	7	0.012346
27898	27899	1	0.001764
27898	28453	1	0.001764
27899	28584	2	0.000112
27899	28440	2	0.000112
27899	28106	6	0.000336
27899	27950	1	0.000056
27899	28495	7	0.000392
27901	28585	1	0.023256
27901	27591	441	10.255814
27902	28440	1	0.009259
27902	28192	3	0.027778
27902	28891	61	0.564815
27905	27875	125	0.307882
27905	28811	1	0.002463
27905	28821	1	0.002463
27905	27950	16	0.039409
27905	28919	1	0.002463
27906	28888	113	0.957627
27906	28192	2	0.016949
27906	28018	1	0.008475
27906	27950	29	0.245763
27906	27799	1	0.008475
27907	28425	2	0.004132
27907	28683	2	0.004132
27907	28751	2	0.004132
27907	28949	2	0.004132
27907	28698	2	0.004132
27907	28192	2	0.004132
27907	28891	1	0.002066
27907	28234	1	0.002066
27907	27643	3	0.006198
27907	28584	1	0.002066
27907	27561	499	1.030992
27907	29098	37	0.076446
27907	28079	2	0.004132
27907	28859	10309	21.299587
27907	27452	1	0.002066
27907	27850	3	0.006198
27907	27582	3	0.006198
27907	28480	2	0.004132
27907	27586	481	0.993802
27907	28106	5	0.010331
27907	28495	145	0.299587
27907	27481	1	0.002066
27907	28762	2	0.004132
27907	28623	1	0.002066
27907	28636	1	0.002066
27907	27743	3	0.006198
27907	27618	1	0.002066
27907	27491	15	0.030992
27907	28900	1	0.002066
27907	27621	2	0.004132
27907	27884	4	0.008264
27907	27629	1	0.002066
27907	27758	3	0.006198
27907	28027	1	0.002066
27907	28200	2	0.004132
27907	27762	3	0.006198
27907	28094	2	0.004132
27907	27899	13	0.026860
27907	28924	1	0.002066
27907	28029	2	0.004132
27907	28030	3	0.006198
27908	28584	1	0.011236
27908	28218	6	0.067416
27908	27679	2	0.022472
27910	27683	2	0.013889
27910	27684	2	0.013889
27910	27621	10	0.069444
27910	29062	4	0.027778
27910	28584	12	0.083333
27910	28745	2	0.013889
27910	28106	4	0.027778
27910	27533	138	0.958333
27910	29134	2	0.013889
27910	28307	551	3.826389
27910	28440	10	0.069444
27910	28923	3	0.020833
27911	28530	193	1.873786
27911	28005	99	0.961165
27911	28029	1	0.009709
27912	27950	436	1.341538
27912	27827	653	2.009231
27912	27925	436	1.341538
27912	28790	217	0.667692
27912	27866	436	1.341538
27912	28511	436	1.341538
27913	28873	49	0.960784
27913	28231	1	0.019608
27914	28032	2	0.000921
27914	28834	3	0.001381
27914	28070	2	0.000921
27914	27527	8	0.003683
27914	28234	1797	0.827348
27914	28725	4	0.001842
27914	27479	8	0.003683
27914	28698	3	0.001381
27914	28859	1	0.000460
27914	28106	7	0.003223
27914	28989	2	0.000921
27914	28821	1	0.000460
27915	28971	8056	41.958333
27916	27950	2	0.125000
27918	27938	1	0.001629
27918	27527	8	0.013029
27918	28811	76	0.123779
27918	28684	2	0.003257
27918	29133	403	0.656352
27918	27950	341	0.555375
27918	27635	3070	5.000000
27918	27540	1	0.001629
27918	28440	3	0.004886
27918	28990	1	0.001629
27920	28902	139	0.040232
27920	28035	154	0.044573
27920	28935	154	0.044573
27920	28815	146	0.042258
27920	28051	154	0.044573
27920	28185	154	0.044573
27920	27419	147	0.042547
27920	28316	154	0.044573
27920	28957	137	0.039653
27920	27679	2631	0.761505
27920	27824	155	0.044863
27920	28325	154	0.044573
27920	28710	17320	5.013025
27920	28711	154	0.044573
27920	29044	138	0.039942
27920	28330	146	0.042258
27920	28679	154	0.044573
27920	27695	137	0.039653
27920	27696	154	0.044573
27920	27697	154	0.044573
27920	29104	137	0.039653
27920	27636	154	0.044573
27920	28091	137	0.039653
27920	28262	15	0.004342
27920	27839	150	0.043415
27920	27456	154	0.044573
27920	27588	154	0.044573
27920	28848	137	0.039653
27920	27848	137	0.039653
27920	28361	2	0.000579
27920	29136	137	0.039653
27920	28625	154	0.044573
27920	28884	154	0.044573
27920	29014	154	0.044573
27920	28633	137	0.039653
27920	28096	146	0.042258
27920	28641	154	0.044573
27920	28002	160	0.046310
27920	29027	154	0.044573
27920	27558	137	0.039653
27920	27750	137	0.039653
27920	28903	154	0.044573
27920	28525	137	0.039653
27920	28531	137	0.039653
27920	27764	154	0.044573
27920	27515	137	0.039653
27921	28859	3	0.013699
27921	27684	2	0.009132
27921	27621	34	0.155251
27921	28106	1	0.004566
27921	28683	2	0.009132
27921	28344	1	0.004566
27921	28835	1	0.004566
27921	29140	1	0.004566
27921	27990	8	0.036530
27921	28440	2	0.009132
27921	28698	5	0.022831
27921	27899	6	0.027397
27921	28029	2	0.009132
27922	28440	2	0.057143
27922	28029	3	0.085714
27922	29062	1	0.028571
27922	28495	1	0.028571
27924	28249	1	0.007634
27924	28611	16	0.122137
27924	28585	1	0.007634
27924	27950	18	0.137405
27924	27591	1364	10.412214
27925	27866	2614	1.581367
27925	27827	2614	1.581367
27925	27950	2614	1.581367
27925	28790	1307	0.790684
27925	28511	2614	1.581367
27927	28032	2	0.007092
27927	28453	2	0.007092
27927	28745	2	0.007092
27927	28938	12	0.042553
27927	28683	2	0.007092
27927	27884	6	0.021277
27927	28440	6	0.021277
27927	27479	2	0.007092
27927	28344	2	0.007092
27927	27833	2	0.007092
27928	28192	1	0.029412
27928	27979	1	0.029412
27928	29005	2	0.058824
27930	28835	1	0.028571
27930	29062	4	0.114286
27930	27527	1	0.028571
27930	28875	11	0.314286
27930	27950	8	0.228571
27930	28084	1	0.028571
27930	27899	1	0.028571
27934	28064	7	0.875000
27934	28898	7	0.875000
27934	28745	7	0.875000
27934	28500	7	0.875000
27934	28440	1820	227.500000
27934	27899	7	0.875000
27935	27950	4	0.060606
27936	28192	2	0.002364
27936	27655	4	0.004728
27936	27727	2	0.002364
27937	28192	28	0.400000
27937	27621	3	0.042857
27937	27596	2	0.028571
27937	28428	2	0.028571
27937	27632	8	0.114286
27937	28149	2	0.028571
27937	28440	10	0.142857
27937	27996	2	0.028571
27937	28821	2	0.028571
27938	27527	8	0.016064
27938	28811	83	0.166667
27938	28684	1	0.002008
27938	29133	241	0.483936
27938	27950	149	0.299197
27938	27635	2854	5.730924
27938	28990	1	0.002008
27940	28584	10	0.007868
27940	28029	32	0.025177
27940	29140	1	0.000787
27940	27582	18	0.014162
27940	27542	1110	0.873328
27940	29145	1113	0.875688
27940	27899	4	0.003147
27940	28445	2221	1.747443
27940	28126	4	0.003147
27941	28192	2	0.032787
27942	28683	1	0.005556
27942	27707	537	2.983333
27942	27860	179	0.994444
27942	29047	179	0.994444
27943	29056	1	0.047619
27943	28460	2	0.095238
27944	27950	2	0.250000
27945	28186	2	0.004132
27945	29062	1	0.002066
27945	28811	2	0.004132
27945	28029	5	0.010331
27945	27950	75	0.154959
27946	28355	3	1.000000
27946	27950	1	0.333333
27948	28683	86	2.097561
27948	28623	80	1.951220
27949	28440	1	0.012500
27950	28416	1	0.000373
27950	27522	1	0.000373
27950	27755	1	0.000373
27950	28429	1	0.000373
27950	27653	2	0.000746
27950	29062	2	0.000746
27950	27527	8	0.002984
27950	27784	1	0.000373
27950	28041	2	0.000746
27950	28938	5	0.001865
27950	28683	4	0.001492
27950	27661	1	0.000373
27950	27664	1	0.000373
27950	28049	1	0.000373
27950	28547	2	0.000746
27950	28821	9	0.003357
27950	27542	1	0.000373
27950	27509	1	0.000373
27950	28440	7	0.002611
27950	28698	20	0.007460
27950	28059	1	0.000373
27950	28835	7	0.002611
27950	28453	1	0.000373
27950	28710	1	0.000373
27950	28337	1	0.000373
27950	28584	5	0.001865
27950	28330	1	0.000373
27950	28295	1	0.000373
27950	28294	1	0.000373
27950	28592	1	0.000373
27950	28465	2	0.000746
27950	28850	1	0.000373
27950	28787	1	0.000373
27950	28084	32	0.011936
27950	28343	1	0.000373
27950	27450	2	0.000746
27950	28678	1	0.000373
27950	28349	1	0.000373
27950	27454	1	0.000373
27950	28095	1	0.000373
27950	28183	1	0.000373
27950	28610	1	0.000373
27950	28811	2	0.000746
27950	27847	1	0.000373
27950	28106	6	0.002238
27950	27468	1	0.000373
27950	27727	1	0.000373
27950	28755	1	0.000373
27950	27862	1	0.000373
27950	27479	8	0.002984
27950	27994	1	0.000373
27950	27868	2	0.000746
27950	27491	18	0.006714
27950	28260	2	0.000746
27950	27621	3	0.001119
27950	28518	2	0.000746
27950	27754	2	0.000746
27950	28267	2	0.000746
27950	28270	1	0.000373
27950	27635	1	0.000373
27950	28277	1	0.000373
27950	28919	12	0.004476
27950	28026	1	0.000373
27950	27899	132	0.049235
27950	28924	22	0.008206
27950	28029	19	0.007087
27951	28938	58	0.111111
27951	29069	2	0.003831
27951	27949	2	0.003831
27951	28689	4	0.007663
27951	28821	73	0.139847
27951	28439	4	0.007663
27951	27549	2	0.003831
27951	28319	2	0.003831
27951	28320	2	0.003831
27951	27555	4	0.007663
27951	28453	12	0.022989
27951	28077	4	0.007663
27951	27701	12	0.022989
27951	29110	4	0.007663
27951	27577	2	0.003831
27951	28859	6	0.011494
27951	27452	2	0.003831
27951	28106	2	0.003831
27951	28222	4	0.007663
27951	28867	2	0.003831
27951	27460	2	0.003831
27951	27720	4	0.007663
27951	27977	2	0.003831
27951	28618	2	0.003831
27951	28235	4	0.007663
27951	28029	10	0.019157
27951	28239	2	0.003831
27951	28368	2	0.003831
27951	27862	2	0.003831
27951	28249	2	0.003831
27951	27429	2	0.003831
27951	27872	2	0.003831
27951	28771	2	0.003831
27951	28900	2	0.003831
27951	28261	2	0.003831
27951	29031	4	0.007663
27951	27627	2	0.003831
27951	29036	2	0.003831
27951	27886	2	0.003831
27951	28399	4	0.007663
27951	27761	2	0.003831
27951	28914	2	0.003831
27951	28404	4	0.007663
27951	28918	2	0.003831
27951	27899	2	0.003831
27951	27645	4	0.007663
27951	29055	2	0.003831
27952	28192	15	0.023006
27952	27621	651	0.998466
27953	27488	323	0.735763
27953	28643	324	0.738041
27953	28753	320	0.728929
27953	29131	323	0.735763
27953	28972	320	0.728929
27953	27950	26	0.059226
27953	29103	2	0.004556
27953	27504	3	0.006834
27953	27569	667	1.519362
27953	28835	1	0.002278
27953	28084	3	0.006834
27953	27637	8	0.018223
27953	27899	1	0.002278
27954	27798	1	0.001876
27954	27527	1	0.001876
27954	28938	2	0.003752
27954	28683	3	0.005629
27954	28172	2	0.003752
27954	28821	9	0.016886
27954	27542	2	0.003752
27954	28440	6	0.011257
27954	27803	1	0.001876
27954	28706	1	0.001876
27954	28453	1	0.001876
27954	28584	4	0.007505
27954	27655	1	0.001876
27954	27950	3	0.005629
27954	28344	1	0.001876
27954	28859	3	0.005629
27954	28094	1	0.001876
27954	28095	1	0.001876
27954	28992	7	0.013133
27954	27586	4	0.007505
27954	28106	5	0.009381
27954	28066	1	0.001876
27954	28495	1	0.001876
27954	27729	1	0.001876
27954	28886	50	0.093809
27954	27481	1	0.001876
27954	27482	1	0.001876
27954	27491	5	0.009381
27954	28900	1	0.001876
27954	27621	1	0.001876
27954	27628	1	0.001876
27954	27894	1	0.001876
27954	28029	12	0.022514
27955	28106	38	0.152000
27955	27491	2	0.008000
27955	28835	1	0.004000
27955	29062	3	0.012000
27955	28584	3	0.012000
27955	28713	6	0.024000
27955	28234	5	0.020000
27955	28344	3	0.012000
27955	27857	2	0.008000
27955	28819	2	0.008000
27955	29140	2	0.008000
27955	28821	1	0.004000
27955	27704	1	0.004000
27955	28440	4	0.016000
27955	27993	204	0.816000
27955	28026	3	0.012000
27955	28859	1	0.004000
27955	28029	5	0.020000
27956	28192	3	0.000570
27956	28859	1	0.000190
27956	28868	1	0.000190
27956	27621	2	0.000380
27956	28175	1	0.000190
27957	28032	2	0.001362
27957	28192	2	0.001362
27957	27899	1	0.000681
27957	28676	6	0.004087
27957	27621	10	0.006812
27957	27527	8	0.005450
27957	28106	7	0.004768
27957	28683	2	0.001362
27957	27950	1	0.000681
27957	28623	4	0.002725
27957	28944	5	0.003406
27957	29140	13	0.008856
27957	28341	818	0.557221
27957	27479	8	0.005450
27957	28440	1	0.000681
27957	28698	3	0.002044
27957	28859	30	0.020436
27957	28821	2	0.001362
27959	27950	1	0.500000
27960	28209	3	0.036585
27960	29099	3	0.036585
27960	27684	2	0.024390
27960	27950	4	0.048780
27961	27621	1	0.071429
27961	27977	1	0.071429
27961	29036	1	0.071429
27961	28077	1	0.071429
27961	28440	1	0.071429
27961	27645	1	0.071429
27961	28222	1	0.071429
27962	27542	2	0.333333
27963	28480	8	0.023739
27963	28385	2	0.005935
27963	28162	2	0.005935
27963	28547	17	0.050445
27963	28773	3	0.008902
27963	29062	8	0.023739
27963	28615	2	0.005935
27963	28617	2	0.005935
27963	29162	2	0.005935
27963	27820	2	0.005935
27963	28495	6	0.017804
27963	28097	4	0.011869
27963	29140	2	0.005935
27963	28859	1	0.002967
27963	28032	1	0.002967
27963	29015	4	0.011869
27963	28440	7	0.020772
27963	28788	4	0.011869
27963	28399	2	0.005935
27963	28989	12	0.035608
27963	28287	22	0.065282
27964	28032	2	0.011050
27964	28251	2	0.011050
27964	27899	4	0.022099
27964	27684	2	0.011050
27964	27752	328	1.812155
27964	28745	2	0.011050
27964	28106	9	0.049724
27964	28683	2	0.011050
27964	27950	2	0.011050
27964	29007	164	0.906077
27964	28584	2	0.011050
27964	28835	2	0.011050
27964	28821	4	0.022099
27964	27703	1	0.005525
27964	28440	2	0.011050
27964	28537	164	0.906077
27964	28859	4	0.022099
27964	28029	6	0.033149
27965	28919	1	0.022727
27966	28156	1	0.019608
27966	28698	1	0.019608
27966	28988	1	0.019608
27968	28161	1	0.000529
27968	27652	1	0.000529
27968	28591	1	0.000529
27968	27654	1	0.000529
27968	27656	1	0.000529
27968	28683	6	0.003176
27968	28172	1	0.000529
27968	28689	1	0.000529
27968	27666	1	0.000529
27968	28692	1651	0.874007
27968	28078	1	0.000529
27968	28698	1	0.000529
27968	27675	1	0.000529
27968	28701	1	0.000529
27968	28194	1	0.000529
27968	27684	10	0.005294
27968	28558	1	0.000529
27968	27687	1	0.000529
27968	28201	1	0.000529
27968	28202	1	0.000529
27968	28209	1	0.000529
27968	27702	1	0.000529
27968	28426	1	0.000529
27968	28085	1	0.000529
27968	28224	1	0.000529
27968	28225	1	0.000529
27968	28226	1	0.000529
27968	28231	1	0.000529
27968	27720	1	0.000529
27968	28684	1	0.000529
27968	28751	1	0.000529
27968	27732	1	0.000529
27968	28759	1	0.000529
27968	28506	1	0.000529
27968	28763	1	0.000529
27968	27740	1	0.000529
27968	27741	1	0.000529
27968	27743	1	0.000529
27968	28769	1	0.000529
27968	28263	1	0.000529
27968	28777	1	0.000529
27968	27755	1	0.000529
27968	28781	1	0.000529
27968	27758	1	0.000529
27968	28275	1	0.000529
27968	28790	1	0.000529
27968	27531	1	0.000529
27968	28280	1	0.000529
27968	27773	1	0.000529
27968	28290	1	0.000529
27968	28292	1	0.000529
27968	29036	1	0.000529
27968	27586	3	0.001588
27968	28304	1	0.000529
27968	28440	4	0.002118
27968	28307	1	0.000529
27968	28308	1	0.000529
27968	28821	3	0.001588
27968	27798	1	0.000529
27968	27799	1	0.000529
27968	28312	1	0.000529
27968	27804	1	0.000529
27968	28324	1	0.000529
27968	28529	1	0.000529
27968	28943	1	0.000529
27968	27822	1	0.000529
27968	28189	1	0.000529
27968	28849	1	0.000529
27968	28344	2	0.001059
27968	28859	30	0.015881
27968	29130	1	0.000529
27968	28864	1	0.000529
27968	28353	1	0.000529
27968	28867	1	0.000529
27968	28359	1	0.000529
27968	28874	1	0.000529
27968	27851	1	0.000529
27968	28364	1	0.000529
27968	28365	1	0.000529
27968	28366	1	0.000529
27968	28879	1	0.000529
27968	28368	1	0.000529
27968	27858	1	0.000529
27968	28371	1	0.000529
27968	28374	1	0.000529
27968	28379	1	0.000529
27968	28382	1	0.000529
27968	27871	1	0.000529
27968	28899	1	0.000529
27968	28388	1	0.000529
27968	27878	1	0.000529
27968	28391	1	0.000529
27968	27516	1	0.000529
27968	27883	1	0.000529
27968	27887	1	0.000529
27968	28402	1	0.000529
27968	27897	1	0.000529
27968	27899	17	0.008999
27968	27690	1	0.000529
27968	28417	1	0.000529
27968	27908	1	0.000529
27968	28421	1	0.000529
27968	27914	1	0.000529
27968	28431	1	0.000529
27968	27921	1	0.000529
27968	28946	1	0.000529
27968	27850	1	0.000529
27968	28954	1	0.000529
27968	27423	1	0.000529
27968	27429	1	0.000529
27968	28456	1	0.000529
27968	27433	1	0.000529
27968	28460	1	0.000529
27968	28461	1	0.000529
27968	28974	1	0.000529
27968	28552	1	0.000529
27968	27954	1	0.000529
27968	27955	1	0.000529
27968	28468	1	0.000529
27968	28982	1	0.000529
27968	28474	1	0.000529
27968	29151	1	0.000529
27968	27964	1	0.000529
27968	28994	1	0.000529
27968	27971	1	0.000529
27968	27972	1	0.000529
27968	28214	1	0.000529
27968	28489	1	0.000529
27968	29002	1	0.000529
27968	29008	1	0.000529
27968	27987	1	0.000529
27968	29013	1	0.000529
27968	28875	1	0.000529
27968	28503	1	0.000529
27968	27482	3	0.001588
27968	27995	1	0.000529
27968	28000	1	0.000529
27968	27489	1	0.000529
27968	27451	1	0.000529
27968	29073	1	0.000529
27968	28009	1	0.000529
27968	27879	1	0.000529
27968	27500	1	0.000529
27968	28733	1	0.000529
27968	28528	1	0.000529
27968	28017	1	0.000529
27968	28530	1	0.000529
27968	28024	1	0.000529
27968	28540	1	0.000529
27968	28029	12	0.006353
27968	29055	1	0.000529
27968	27712	1	0.000529
27968	27615	1	0.000529
27968	27528	1	0.000529
27968	28555	1	0.000529
27968	28046	1	0.000529
27968	28561	1	0.000529
27968	27541	1	0.000529
27968	27548	1	0.000529
27968	28573	1	0.000529
27968	27552	1	0.000529
27968	27553	1	0.000529
27968	27555	1	0.000529
27968	28069	1	0.000529
27968	28070	1	0.000529
27968	28071	1	0.000529
27968	28584	15	0.007941
27968	28585	1	0.000529
27968	27719	1	0.000529
27968	28076	1	0.000529
27968	28895	1	0.000529
27968	27567	1	0.000529
27968	27568	1	0.000529
27968	27573	1	0.000529
27968	27977	1	0.000529
27968	29015	1	0.000529
27968	28657	1	0.000529
27968	27589	1	0.000529
27968	28615	1	0.000529
27968	28105	1	0.000529
27968	28106	4	0.002118
27968	29132	3	0.001588
27968	28622	1	0.000529
27968	28623	2	0.001059
27968	29140	24	0.012705
27968	29135	1	0.000529
27968	28634	1	0.000529
27968	29149	1	0.000529
27968	28639	1	0.000529
27968	27621	5	0.002647
27968	27624	1	0.000529
27968	28137	1	0.000529
27968	29162	1	0.000529
27968	28652	1	0.000529
27968	27629	1	0.000529
27968	27560	1	0.000529
27968	27634	1	0.000529
27968	27637	1	0.000529
27968	27561	1	0.000529
27968	28666	1	0.000529
27968	28667	1	0.000529
27968	28156	1	0.000529
27968	27645	1	0.000529
27968	28670	1	0.000529
27969	27552	1	0.001553
27969	27875	1	0.001553
27969	28644	2	0.003106
27969	29138	100	0.155280
27969	27950	309	0.479814
27969	29103	1	0.001553
27969	28465	6304	9.788820
27969	28402	650	1.009317
27969	28084	1	0.001553
27969	28440	4	0.006211
27969	28029	1	0.001553
27970	28888	257	4.015625
27970	27690	2	0.031250
27970	27950	18	0.281250
27971	28106	1	0.008850
27971	27683	2	0.017699
27971	27621	1	0.008850
27971	28775	80	0.707965
27971	28584	2	0.017699
27971	28938	1	0.008850
27971	28725	1	0.008850
27971	28886	1	0.008850
27971	28440	2	0.017699
27971	28989	2	0.017699
27971	27582	2	0.017699
27972	28192	1	0.009434
27972	27899	1	0.009434
27972	28453	1	0.009434
27972	28106	1	0.009434
27972	27533	1	0.009434
27972	29134	1	0.009434
27972	28344	2	0.018868
27972	28859	105	0.990566
27975	28106	10	1.111111
27975	28859	3	0.333333
27975	28821	7	0.777778
27976	27899	25	0.961538
27977	28739	1	0.014925
27977	28453	1	0.014925
27977	28584	2	0.029851
27977	27916	1	0.014925
27977	28440	7	0.104478
27977	27898	1	0.014925
27977	28859	1	0.014925
27977	27807	3	0.044776
27979	28835	64	0.120983
27979	28617	1	0.001890
27979	28811	2	0.003781
27979	27950	44	0.083176
27979	27922	1	0.001890
27979	28029	11	0.020794
27981	27875	1	0.001616
27981	28644	2	0.003231
27981	29138	101	0.163166
27981	27950	308	0.497577
27981	29103	1	0.001616
27981	28465	6450	10.420032
27981	28402	623	1.006462
27981	28084	1	0.001616
27981	28440	2	0.003231
27981	28029	1	0.001616
27982	27875	1	0.001600
27982	28644	2	0.003200
27982	29138	100	0.160000
27982	27950	308	0.492800
27982	29103	1	0.001600
27982	28465	6389	10.222400
27982	28402	634	1.014400
27982	28084	1	0.001600
27982	28440	2	0.003200
27982	28029	1	0.001600
27983	28690	1	0.037037
27983	28916	1	0.037037
27983	28106	1	0.037037
27983	28622	1	0.037037
27984	28192	1	0.000604
27984	27811	1	0.000604
27984	27527	2	0.001207
27984	28811	1	0.000604
27984	27950	25	0.015088
27984	28400	1	0.000604
27984	28085	479	0.289077
27984	27479	1	0.000604
27984	27928	1	0.000604
27984	28729	1	0.000604
27984	28334	1	0.000604
27985	27938	1	0.001650
27985	27527	8	0.013201
27985	28811	76	0.125413
27985	28684	2	0.003300
27985	29133	401	0.661716
27985	27950	290	0.478548
27985	27635	3040	5.016502
27985	27540	1	0.001650
27985	28440	3	0.004950
27985	28990	1	0.001650
27987	28032	4	0.017241
27987	28192	2	0.008621
27987	28835	1	0.004310
27987	27621	3	0.012931
27987	28989	2	0.008621
27987	28584	2	0.008621
27987	28938	8	0.034483
27987	28683	4	0.017241
27987	27774	2	0.008621
27987	27950	2	0.008621
27987	27823	227	0.978448
27987	28669	2	0.008621
27987	27582	6	0.025862
27987	28440	3	0.012931
27987	27899	4	0.017241
27987	28106	18	0.077586
27987	28318	8	0.034483
27987	28859	4	0.017241
27988	27591	276	7.885714
27989	27976	1	0.166667
27989	28394	1	0.166667
27989	27701	1	0.166667
27989	29107	1	0.166667
27989	28821	5	0.833333
27989	28534	1	0.166667
27989	28106	6	1.000000
27989	27733	1	0.166667
27990	28835	2	0.000665
27990	27921	4	0.001329
27990	27656	6	0.001994
27990	27527	2	0.000665
27990	28333	10	0.003323
27990	27950	69	0.022931
27990	28584	4	0.001329
27990	28018	12	0.003988
27990	28440	2	0.000665
27990	28029	6	0.001994
27991	28192	30	0.022422
27991	29062	2	0.001495
27991	28811	6	0.004484
27991	27950	67	0.050075
27991	28821	5	0.003737
27991	28566	7726	5.774290
27991	27768	2	0.001495
27991	27679	2	0.001495
27991	28540	40	0.029895
27991	28029	3	0.002242
27991	29023	40	0.029895
27992	28245	1	0.012658
27993	28192	2	0.026316
27993	28819	35	0.460526
27993	27621	4	0.052632
27993	27955	35	0.460526
27993	27701	2	0.026316
27993	28440	4	0.052632
27994	27704	1	0.000852
27994	28440	1	0.000852
27994	27527	3	0.002555
27994	27950	28	0.023850
27994	29103	3	0.002555
27995	28832	1	0.008197
27995	27552	1	0.008197
27995	27516	1	0.008197
27995	27690	1	0.008197
27995	28078	1	0.008197
27995	27823	1	0.008197
27995	28558	1	0.008197
27995	28344	1	0.008197
27995	28540	1	0.008197
27996	28610	1	0.002041
27996	28811	2	0.004082
27996	28838	4	0.008163
27996	28778	1	0.002041
27996	29099	1	0.002041
27996	27950	1	0.002041
27996	28655	1	0.002041
27996	27632	4	0.008163
27996	27509	1	0.002041
27996	28919	1	0.002041
27996	28026	1	0.002041
27996	28221	1	0.002041
27997	28821	14	0.933333
27999	28209	3	0.040000
27999	27825	3	0.040000
28000	28480	2	0.003040
28000	29094	2	0.003040
28000	27847	5	0.007599
28000	28619	2	0.003040
28000	28886	2	0.003040
28000	28440	2	0.003040
28001	28992	1	0.001675
28001	27586	1	0.001675
28001	28271	3	0.005025
28001	29062	1	0.001675
28001	28584	2	0.003350
28001	28106	15	0.025126
28001	28683	4	0.006700
28001	28495	1	0.001675
28001	27983	3	0.005025
28001	28821	4	0.006700
28001	27899	2	0.003350
28001	28440	9	0.015075
28001	28698	1	0.001675
28001	28923	1	0.001675
28001	27452	1	0.001675
28001	28029	1	0.001675
28001	28543	329	0.551089
28002	28902	35	0.023333
28002	28035	50	0.033333
28002	28935	50	0.033333
28002	28815	35	0.023333
28002	27920	35	0.023333
28002	28051	50	0.033333
28002	28185	50	0.033333
28002	27419	35	0.023333
28002	28316	50	0.033333
28002	28957	35	0.023333
28002	27679	1040	0.693333
28002	27824	50	0.033333
28002	28325	50	0.033333
28002	28710	6639	4.426000
28002	28711	50	0.033333
28002	29044	35	0.023333
28002	28330	35	0.023333
28002	28679	50	0.033333
28002	27695	35	0.023333
28002	27696	50	0.033333
28002	27697	50	0.033333
28002	29104	35	0.023333
28002	27636	50	0.033333
28002	28091	35	0.023333
28002	28262	2	0.001333
28002	27839	35	0.023333
28002	27456	50	0.033333
28002	27588	50	0.033333
28002	28848	35	0.023333
28002	27848	35	0.023333
28002	29136	35	0.023333
28002	28625	50	0.033333
28002	28884	50	0.033333
28002	29014	50	0.033333
28002	28633	35	0.023333
28002	28096	35	0.023333
28002	28641	50	0.033333
28002	29027	50	0.033333
28002	27558	35	0.023333
28002	27750	35	0.023333
28002	28903	50	0.033333
28002	28525	35	0.023333
28002	28531	35	0.023333
28002	27764	50	0.033333
28002	27515	35	0.023333
28004	28584	1	0.000310
28004	28811	2	0.000620
28004	28365	1	0.000310
28004	27950	11	0.003411
28004	27504	1	0.000310
28004	28147	2	0.000620
28005	28530	43	0.877551
28005	27911	311	6.346939
28006	28029	11	0.018707
28006	27950	10	0.017007
28007	27621	1	0.007042
28007	28623	3	0.021127
28008	27899	851	0.868367
28009	28106	2	0.023256
28009	28835	8	0.093023
28009	27621	1	0.011628
28009	28938	2	0.023256
28009	27672	12	0.139535
28009	27738	2	0.023256
28009	28821	6	0.069767
28009	28440	10	0.116279
28009	28762	5	0.058140
28009	28029	6	0.069767
28009	27646	85	0.988372
28010	28925	1	0.000571
28010	28623	1	0.000571
28011	28018	1	0.002227
28011	27621	1	0.002227
28011	27950	1	0.002227
28012	28192	2	0.002581
28012	27553	4	0.005161
28013	27552	2	0.013889
28013	27579	1	0.006944
28013	28938	200	1.388889
28013	28280	2	0.013889
28013	28821	1	0.006944
28013	28440	287	1.993056
28013	27899	284	1.972222
28013	28106	1	0.006944
28014	27520	2	0.025974
28014	28427	3	0.038961
28014	27811	2	0.025974
28014	28070	1	0.012987
28014	29159	1	0.012987
28016	28166	6086	1.747846
28016	28041	5	0.001436
28016	28683	13	0.003733
28016	28821	2	0.000574
28016	28440	542	0.155658
28016	28698	2	0.000574
28016	27934	2	0.000574
28016	28064	2	0.000574
28016	28835	4	0.001149
28016	27684	15	0.004308
28016	28453	2	0.000574
28016	28584	20	0.005744
28016	28201	2	0.000574
28016	28085	2	0.000574
28016	28344	1	0.000287
28016	28094	4	0.001149
28016	27701	2	0.000574
28016	28992	4	0.001149
28016	27458	2	0.000574
28016	28745	2	0.000574
28016	28106	2	0.000574
28016	28623	10	0.002872
28016	29140	3	0.000862
28016	28886	23	0.006605
28016	28898	2	0.000574
28016	27875	6	0.001723
28016	27621	52	0.014934
28016	27623	5	0.001436
28016	28500	2	0.000574
28016	27899	16	0.004595
28018	28928	1	0.000269
28018	28547	1	0.000269
28018	27654	1	0.000269
28018	28423	1	0.000269
28018	28938	2	0.000539
28018	28683	1	0.000269
28018	28428	1	0.000269
28018	27661	1	0.000269
28018	27412	1	0.000269
28018	27542	1	0.000269
28018	28698	10	0.002693
28018	27804	1	0.000269
28018	28106	1	0.000269
28018	28453	1	0.000269
28018	27643	4	0.001077
28018	27586	1	0.000269
28018	28584	28	0.007539
28018	29098	1	0.000269
28018	28971	1	0.000269
28018	27950	78	0.021002
28018	29103	1	0.000269
28018	27440	1	0.000269
28018	28084	2	0.000539
28018	27701	1	0.000269
28018	27447	1	0.000269
28018	28859	1	0.000269
28018	28989	1	0.000269
28018	27842	1	0.000269
28018	28617	1	0.000269
28018	27466	1	0.000269
28018	28619	7	0.001885
28018	29005	1	0.000269
28018	28495	5	0.001346
28018	29008	10	0.002693
28018	28113	10	0.002693
28018	28886	4	0.001077
28018	28256	1	0.000269
28018	28898	1	0.000269
28018	27491	1	0.000269
28018	27621	1	0.000269
28018	28778	4	0.001077
28018	28270	1	0.000269
28018	29096	5	0.001346
28018	28147	16	0.004308
28018	28789	1	0.000269
28018	28919	65	0.017501
28018	27899	3	0.000808
28018	28029	4	0.001077
28019	27950	1	0.025641
28020	28859	1	0.001508
28020	29093	1	0.001508
28020	29062	31	0.046757
28020	28495	1	0.001508
28020	27504	1	0.001508
28020	27701	9	0.013575
28020	28440	1	0.001508
28020	27899	3	0.004525
28020	28029	4	0.006033
28020	28821	1	0.001508
28022	27808	2	0.017094
28022	28192	12	0.102564
28022	27628	325	2.777778
28022	28300	106	0.905983
28022	28018	1	0.008547
28022	27657	1	0.008547
28022	28297	1	0.008547
28022	28440	2	0.017094
28022	28092	1	0.008547
28023	28769	2	0.000838
28023	27908	2	0.000838
28023	28106	10	0.004189
28023	28683	4	0.001676
28023	27725	2	0.000838
28023	28308	2	0.000838
28023	28218	18	0.007541
28023	28989	4	0.001676
28024	29098	2	0.023256
28024	28621	79	0.918605
28024	28655	4	0.046512
28024	27539	4	0.046512
28024	28948	4	0.046512
28024	28886	2	0.023256
28024	28440	7	0.081395
28024	28410	4	0.046512
28024	28284	4	0.046512
28025	27586	265	1.015326
28025	27491	2	0.007663
28025	27621	2	0.007663
28025	27643	2	0.007663
28025	27975	1	0.003831
28025	28200	1	0.003831
28025	27561	259	0.992337
28025	29098	6	0.022989
28025	28683	5	0.019157
28025	27884	1	0.003831
28025	28495	10	0.038314
28025	27899	9	0.034483
28025	28440	2	0.007663
28025	28698	1	0.003831
28025	28859	6745	25.842912
28025	28106	2	0.007663
28026	29096	2	0.000695
28026	27914	2	0.000695
28026	28819	1	0.000347
28026	27950	23	0.007992
28027	28806	1	0.004016
28027	28296	6	0.024096
28027	28683	16	0.064257
28027	28431	1	0.004016
28027	29073	1	0.004016
28027	28946	1	0.004016
28027	27798	1	0.004016
28027	28440	2	0.008032
28027	28701	1	0.004016
28027	28324	1	0.004016
28027	27429	1	0.004016
28027	27687	1	0.004016
28027	28202	1	0.004016
28027	28974	1	0.004016
28027	28573	1	0.004016
28027	27955	1	0.004016
28027	27572	1	0.004016
28027	28982	3	0.012048
28027	28094	2	0.008032
28027	28992	1	0.004016
28027	28869	1	0.004016
28027	28359	1	0.004016
28027	28365	1	0.004016
28027	28623	5	0.020080
28027	27476	1	0.004016
28027	28889	2	0.008032
28027	28943	1	0.004016
28027	27741	1	0.004016
28027	27743	1	0.004016
28027	28402	1	0.004016
28027	28275	1	0.004016
28027	27637	1	0.004016
28027	28024	1	0.004016
28027	29140	3	0.012048
28027	27899	2	0.008032
28028	27950	2	0.500000
28029	28907	1	0.000652
28029	29062	6	0.003914
28029	28938	6	0.003914
28029	28523	1	0.000652
28029	27922	10	0.006523
28029	28821	2	0.001305
28029	27481	4	0.002609
28029	28440	26	0.016960
28029	28698	3	0.001957
28029	28042	1	0.000652
28029	28192	2	0.001305
28029	28706	2	0.001305
28029	28453	1	0.000652
28029	28584	18	0.011742
28029	27949	4	0.002609
28029	27950	11	0.007175
28029	28084	4	0.002609
28029	28859	1	0.000652
28029	28604	1	0.000652
28029	27466	1	0.000652
28029	28095	2	0.001305
28029	28617	1	0.000652
28029	28106	2	0.001305
28029	28619	1	0.000652
28029	28644	1	0.000652
28029	28495	2	0.001305
28029	29140	2	0.001305
28029	28886	3	0.001957
28029	28260	1	0.000652
28029	28894	1	0.000652
28029	27491	3	0.001957
28029	28900	2	0.001305
28029	29161	1	0.000652
28029	28267	6	0.003914
28029	27504	1	0.000652
28029	28147	1	0.000652
28029	27892	1	0.000652
28029	27899	47	0.030659
28030	28032	4	0.012862
28030	28992	2	0.006431
28030	27899	2	0.006431
28030	27621	24	0.077170
28030	28137	2	0.006431
28030	28267	2	0.006431
28030	28079	2	0.006431
28030	28210	18	0.057878
28030	28821	2	0.006431
28030	28215	14	0.045016
28030	28440	28	0.090032
28030	29147	2	0.006431
28030	28029	1	0.003215
28031	28710	1	0.001927
28031	27950	955	1.840077
28032	28992	24	0.352941
28032	27899	1	0.014706
28033	28230	3	0.000427
28035	28902	29	0.021261
28035	28935	40	0.029326
28035	28815	31	0.022727
28035	27920	31	0.022727
28035	28051	40	0.029326
28035	28185	40	0.029326
28035	27419	32	0.023460
28035	28316	40	0.029326
28035	28957	27	0.019795
28035	27679	906	0.664223
28035	27824	41	0.030059
28035	28325	40	0.029326
28035	28710	5864	4.299120
28035	28711	40	0.029326
28035	29044	28	0.020528
28035	28330	31	0.022727
28035	28679	40	0.029326
28035	27695	27	0.019795
28035	27696	40	0.029326
28035	27697	40	0.029326
28035	29104	27	0.019795
28035	27636	40	0.029326
28035	28091	27	0.019795
28035	28262	6	0.004399
28035	27839	35	0.025660
28035	27456	40	0.029326
28035	27588	40	0.029326
28035	28848	27	0.019795
28035	27848	27	0.019795
28035	29136	27	0.019795
28035	28625	40	0.029326
28035	28884	40	0.029326
28035	29014	40	0.029326
28035	28633	27	0.019795
28035	28096	31	0.022727
28035	28641	40	0.029326
28035	28002	42	0.030792
28035	29027	40	0.029326
28035	27558	27	0.019795
28035	27750	27	0.019795
28035	28903	40	0.029326
28035	28525	27	0.019795
28035	28531	27	0.019795
28035	27764	40	0.029326
28035	27515	27	0.019795
28036	28192	1	0.005128
28036	28992	1	0.005128
28036	27675	1	0.005128
28036	28806	1	0.005128
28036	28494	4	0.020513
28036	28495	9	0.046154
28036	27704	1	0.005128
28036	27701	1	0.005128
28036	28470	3	0.015385
28036	28440	14	0.071795
28036	28223	3	0.015385
28036	27899	5	0.025641
28036	27741	1	0.005128
28036	28094	1	0.005128
28036	28863	1	0.005128
28037	27899	2	0.005797
28037	27621	219	0.634783
28037	28106	3	0.008696
28037	28440	15	0.043478
28037	28859	2	0.005797
28037	28989	2	0.005797
28038	28787	45	0.692308
28038	28084	2	0.030769
28039	28192	2	0.001350
28039	27811	35	0.023633
28039	28041	12	0.008103
28039	28811	5	0.003376
28039	29005	1	0.000675
28039	27950	14	0.009453
28039	27856	1	0.000675
28039	28468	2	0.001350
28039	28919	3	0.002026
28040	28192	1	0.014493
28040	27410	3	0.043478
28040	27621	1	0.014493
28040	29062	1	0.014493
28040	28698	1	0.014493
28041	28440	1	0.000561
28041	28698	11	0.006176
28041	27868	30	0.016844
28042	28440	2	0.022727
28042	27618	1	0.011364
28042	28725	2	0.022727
28042	28246	2	0.022727
28043	28290	1	0.018868
28043	28806	1	0.018868
28043	27535	1	0.018868
28043	28308	1	0.018868
28043	27798	1	0.018868
28043	28439	1	0.018868
28043	28440	13544	255.547170
28043	28701	1	0.018868
28043	27934	52	0.981132
28043	28064	52	0.981132
28043	27555	1	0.018868
28043	28835	1	0.018868
28043	28326	1	0.018868
28043	28713	1	0.018868
28043	28074	1	0.018868
28043	28829	1	0.018868
28043	27552	1	0.018868
28043	28612	1	0.018868
28043	28745	52	0.981132
28043	29130	1	0.018868
28043	28371	1	0.018868
28043	28500	52	0.981132
28043	28891	1	0.018868
28043	27740	1	0.018868
28043	27741	1	0.018868
28043	27871	1	0.018868
28043	28898	52	0.981132
28043	28261	1	0.018868
28043	28390	1	0.018868
28043	28263	1	0.018868
28043	28916	1	0.018868
28043	27899	53	1.000000
28043	28668	1	0.018868
28044	28992	2	0.002937
28044	28495	1	0.001468
28044	28547	1	0.001468
28044	27621	1	0.001468
28044	28106	2	0.002937
28044	28811	1	0.001468
28044	27899	1	0.001468
28044	29005	1	0.001468
28044	29103	1	0.001468
28044	28907	1	0.001468
28044	28018	1	0.001468
28044	28835	1	0.001468
28044	28821	1	0.001468
28044	28919	6	0.008811
28044	28440	1	0.001468
28044	28698	2	0.002937
28044	27455	1	0.001468
28044	29098	1	0.001468
28044	27487	7	0.010279
28045	28698	18	0.947368
28045	27479	136	7.157895
28045	27527	136	7.157895
28046	28032	2	0.009524
28046	27586	2	0.009524
28046	27684	2	0.009524
28046	28938	2	0.009524
28046	28683	2	0.009524
28046	27854	2	0.009524
28046	28952	2	0.009524
28046	29140	1	0.004762
28046	28949	1	0.004762
28046	28440	7	0.033333
28046	28106	2	0.009524
28046	28725	2	0.009524
28047	27938	1	0.001639
28047	27527	8	0.013115
28047	28811	76	0.124590
28047	28684	2	0.003279
28047	29133	401	0.657377
28047	27950	290	0.475410
28047	27635	3053	5.004918
28047	27540	1	0.001639
28047	28440	3	0.004918
28047	28990	1	0.001639
28049	28584	8	0.010724
28049	28811	1	0.001340
28049	27629	1429	1.915550
28049	27950	666	0.892761
28049	28115	1	0.001340
28049	28084	6	0.008043
28049	28029	2	0.002681
28050	28192	15	0.019011
28050	29062	1	0.001267
28050	28811	3	0.003802
28050	27950	44	0.055767
28050	28821	3	0.003802
28050	28566	4497	5.699620
28050	27768	2	0.002535
28050	27679	1	0.001267
28050	28540	31	0.039290
28050	28029	2	0.002535
28050	29023	31	0.039290
28051	28902	36	0.024506
28051	28035	47	0.031995
28051	28935	47	0.031995
28051	28815	38	0.025868
28051	27920	38	0.025868
28051	28185	47	0.031995
28051	27419	39	0.026549
28051	28316	47	0.031995
28051	28957	34	0.023145
28051	27679	997	0.678693
28051	27824	48	0.032675
28051	28325	47	0.031995
28051	28710	6459	4.396869
28051	28711	47	0.031995
28051	29044	35	0.023826
28051	28330	38	0.025868
28051	28679	47	0.031995
28051	27695	34	0.023145
28051	27696	47	0.031995
28051	27697	47	0.031995
28051	29104	34	0.023145
28051	27636	47	0.031995
28051	28091	34	0.023145
28051	28262	6	0.004084
28051	27839	42	0.028591
28051	27456	47	0.031995
28051	27588	47	0.031995
28051	28848	34	0.023145
28051	27848	34	0.023145
28051	29136	34	0.023145
28051	28625	47	0.031995
28051	28884	47	0.031995
28051	29014	47	0.031995
28051	28633	34	0.023145
28051	28096	38	0.025868
28051	28641	47	0.031995
28051	28002	49	0.033356
28051	29027	47	0.031995
28051	27558	34	0.023145
28051	27750	34	0.023145
28051	28903	47	0.031995
28051	28525	34	0.023145
28051	28531	34	0.023145
28051	27764	47	0.031995
28051	27515	34	0.023145
28052	28547	1	0.006579
28052	28584	1	0.006579
28052	29036	150	0.986842
28052	27950	153	1.006579
28052	28084	1	0.006579
28052	28821	1	0.006579
28052	28029	2	0.013158
28053	28698	1	0.012987
28054	28585	1	0.028571
28054	27950	1	0.028571
28054	27591	204	5.828571
28055	27897	3	0.013514
28055	28862	7	0.031532
28055	27950	12	0.054054
28060	28344	1	0.017241
28060	27950	3	0.051724
28061	28049	62	0.720930
28061	28084	6	0.069767
28061	27629	169	1.965116
28061	27950	74	0.860465
28062	28131	1	0.055556
28064	28898	4	0.800000
28064	28745	4	0.800000
28064	28500	4	0.800000
28064	28440	1040	208.000000
28064	27899	4	0.800000
28064	27934	4	0.800000
28065	28192	1	0.020833
28065	27585	8	0.166667
28065	27707	4	0.083333
28065	29069	28	0.583333
28066	27950	3	0.272727
28067	27884	1	0.005102
28067	27950	3	0.015306
28067	28655	1	0.005102
28067	28440	1	0.005102
28067	27994	1	0.005102
28067	27550	6	0.030612
28068	28456	1	0.024390
28069	28480	2	0.001764
28069	27684	2	0.001764
28069	28584	2	0.001764
28069	28106	8	0.007055
28069	29140	2	0.001764
28069	28440	6	0.005291
28069	28029	2	0.001764
28070	29061	1	0.000071
28070	28683	2	0.000142
28070	27664	112247	7.980590
28070	28821	3	0.000213
28070	28440	1035	0.073587
28070	28698	130	0.009243
28070	27934	2	0.000142
28070	28064	2	0.000142
28070	27684	80	0.005688
28070	28453	3	0.000213
28070	28592	41983	2.984927
28070	28344	91	0.006470
28070	28859	168	0.011945
28070	28094	1	0.000071
28070	28992	3	0.000213
28070	27586	3	0.000213
28070	28745	2	0.000142
28070	28106	9	0.000640
28070	28876	14059	0.999573
28070	28623	1	0.000071
28070	28500	2	0.000142
28070	28886	1	0.000071
28070	28898	2	0.000142
28070	27491	12	0.000853
28070	28655	13970	0.993246
28070	28275	1	0.000071
28070	27894	2	0.000142
28070	28919	2	0.000142
28070	27899	11	0.000782
28071	28032	1	0.012346
28071	27621	11	0.135802
28071	28584	1	0.012346
28071	28106	6	0.074074
28071	28683	5	0.061728
28071	28274	2	0.024691
28071	28079	3	0.037037
28071	28466	5	0.061728
28071	29140	1	0.012346
28071	28886	2	0.024691
28071	28440	9	0.111111
28071	27899	1	0.012346
28071	28029	3	0.037037
28072	27950	22	7.333333
28073	27950	1	0.030303
28074	28440	2	0.025316
28074	28106	4	0.050633
28074	28748	2	0.025316
28074	28029	2	0.025316
28074	27582	3	0.037975
28075	27899	4	0.005340
28075	28084	4	0.005340
28075	27950	9	0.012016
28076	28032	3	0.008043
28076	27586	3	0.008043
28076	28859	2	0.005362
28076	29062	6	0.016086
28076	28584	2	0.005362
28076	28106	3	0.008043
28076	28683	7	0.018767
28076	27950	2	0.005362
28076	28029	2	0.005362
28076	28894	2	0.005362
28076	28650	2	0.005362
28076	29140	2	0.005362
28076	28821	2	0.005362
28076	27543	734	1.967828
28076	28440	4	0.010724
28076	27451	2	0.005362
28076	28495	2	0.005362
28076	28938	3	0.008043
28076	28094	2	0.005362
28076	28415	2	0.005362
28077	28480	1	0.007874
28077	29062	1	0.007874
28077	28106	1	0.007874
28077	27504	1	0.007874
28077	27762	2	0.015748
28077	29140	3	0.023622
28077	28440	4	0.031496
28077	27771	9	0.070866
28077	28029	1	0.007874
28078	28416	2	0.000593
28078	27780	1	0.000296
28078	29062	2	0.000593
28078	27527	8	0.002372
28078	28938	6	0.001779
28078	28683	2	0.000593
28078	28821	2	0.000593
28078	28440	26	0.007708
28078	28698	8	0.002372
28078	27679	2	0.000593
28078	28192	2	0.000593
28078	28835	4	0.001186
28078	28453	1	0.000296
28078	28584	8	0.002372
28078	27950	2	0.000593
28078	27701	2	0.000593
28078	28859	3	0.000889
28078	27452	1	0.000296
28078	28989	2	0.000593
28078	27582	6	0.001779
28078	28725	3	0.000889
28078	28480	12	0.003558
28078	27586	1	0.000296
28078	29143	29	0.008598
28078	28106	20	0.005929
28078	28623	2	0.000593
28078	29139	2	0.000593
28078	29140	13	0.003854
28078	27479	8	0.002372
28078	27875	2	0.000593
28078	27621	6	0.001779
28078	28919	1	0.000296
28078	27899	15	0.004447
28078	28029	14	0.004151
28079	28608	2	0.004902
28079	27652	1	0.002451
28079	28421	1	0.002451
28079	29062	2	0.004902
28079	27838	1	0.002451
28079	27528	1	0.002451
28079	28425	5	0.012255
28079	28555	1	0.002451
28079	28044	2	0.004902
28079	28312	1	0.002451
28079	28949	2	0.004902
28079	28440	2	0.004902
28079	28698	1	0.002451
28079	27482	1	0.002451
28079	28958	1	0.002451
28079	28194	1	0.002451
28079	28453	4	0.009804
28079	28071	2	0.004902
28079	28584	1	0.002451
28079	28460	1	0.002451
28079	28017	1	0.002451
28079	28466	3	0.007353
28079	28859	10	0.024510
28079	28106	6	0.014706
28079	28094	5	0.012255
28079	28529	1	0.002451
28079	28480	10	0.024510
28079	28683	7	0.017157
28079	28684	1	0.002451
28079	28234	2	0.004902
28079	29005	2	0.004902
28079	28495	3	0.007353
28079	28371	1	0.002451
28079	27605	1	0.002451
28079	27481	2	0.004902
28079	28762	2	0.004902
28079	29147	2	0.004902
28079	28636	2	0.004902
28079	29149	1	0.002451
28079	28382	1	0.002451
28079	27618	2	0.004902
28079	27899	3	0.007353
28079	28137	1	0.002451
28079	27758	1	0.002451
28079	28657	1	0.002451
28079	27762	2	0.004902
28079	28916	1	0.002451
28079	27582	2	0.004902
28079	28224	1	0.002451
28079	28923	4	0.009804
28079	28030	1	0.002451
28080	29056	15	0.625000
28080	28821	1	0.041667
28080	28421	32	1.333333
28080	27950	4	0.166667
28080	28429	2	0.083333
28081	28547	1	0.003584
28081	27527	2216	7.942652
28081	28296	1	0.003584
28081	28425	2	0.007168
28081	28683	13	0.046595
28081	28751	1	0.003584
28081	28689	1	0.003584
28081	27412	1	0.003584
28081	28949	2	0.007168
28081	28440	11	0.039427
28081	28698	630	2.258065
28081	29103	1	0.003584
28081	28444	2	0.007168
28081	28192	2	0.007168
28081	27684	2	0.007168
28081	28453	2	0.007168
28081	28584	3	0.010753
28081	29098	1	0.003584
28081	27655	1	0.003584
28081	27950	5	0.017921
28081	28079	1	0.003584
28081	28859	20	0.071685
28081	28234	2	0.007168
28081	28480	1	0.003584
28081	28745	1	0.003584
28081	28106	1	0.003584
28081	29005	1	0.003584
28081	29134	1	0.003584
28081	28623	2	0.007168
28081	27729	5	0.017921
28081	29140	17	0.060932
28081	27479	2216	7.942652
28081	28249	1	0.003584
28081	28495	4	0.014337
28081	28636	2	0.007168
28081	28898	1	0.003584
28081	27899	17	0.060932
28081	28900	1	0.003584
28081	27621	1	0.003584
28081	27879	1	0.003584
28081	29162	1	0.003584
28081	27628	1	0.003584
28081	28018	1	0.003584
28081	27898	1	0.003584
28081	28027	3	0.010753
28082	28192	3	0.004213
28082	29008	2	0.002809
28082	28018	2	0.002809
28082	28149	38	0.053371
28082	27478	1	0.001404
28082	29045	1	0.001404
28084	27491	46	0.059740
28084	28644	1	0.001299
28084	29061	2	0.002597
28084	27686	1	0.001299
28084	28327	1526	1.981818
28084	28489	1	0.001299
28084	28106	2	0.002597
28084	28039	1	0.001299
28084	27950	58873	76.458442
28084	27899	3	0.003896
28084	27890	1	0.001299
28084	27754	1	0.001299
28084	28662	1	0.001299
28084	28919	3157	4.100000
28084	28440	12	0.015584
28084	28698	2	0.002597
28084	28095	762	0.989610
28084	28989	2	0.002597
28084	28029	6	0.007792
28084	28702	1	0.001299
28084	28991	762	0.989610
28085	28032	1	0.000567
28085	27984	18	0.010198
28085	27491	3	0.001700
28085	28900	1	0.000567
28085	28584	4	0.002266
28085	28106	2	0.001133
28085	28992	2	0.001133
28085	28622	2	0.001133
28085	27983	2	0.001133
28085	28400	10	0.005666
28085	28344	2	0.001133
28085	28690	2	0.001133
28085	28916	2	0.001133
28085	28821	1	0.000567
28085	27894	1	0.000567
28085	28440	4	0.002266
28085	27899	1	0.000567
28085	28480	1	0.000567
28085	28029	1	0.000567
28086	28562	5	0.294118
28086	28102	3	0.176471
28087	28192	30	0.967742
28087	27540	1	0.032258
28087	29020	1	0.032258
28087	28623	1	0.032258
28088	28204	442	7.366667
28088	28655	4	0.066667
28090	28288	5	0.024752
28090	28938	4	0.019802
28090	28944	5	0.024752
28090	27924	5	0.024752
28090	27800	5	0.024752
28090	28298	10	0.049505
28090	29096	5	0.024752
28090	27950	1	0.004950
28090	27823	5	0.024752
28090	28598	5	0.024752
28090	28218	5	0.024752
28090	28604	5	0.024752
28090	28026	5	0.024752
28090	28609	5	0.024752
28090	28739	5	0.024752
28090	28748	5	0.024752
28090	29134	5	0.024752
28090	29007	10	0.049505
28090	27860	5	0.024752
28090	28537	5	0.024752
28090	28376	5	0.024752
28090	28249	5	0.024752
28090	29147	5	0.024752
28090	28892	10	0.049505
28090	27450	5	0.024752
28090	28894	5	0.024752
28090	28644	5	0.024752
28090	28262	5	0.024752
28090	27751	5	0.024752
28090	27754	5	0.024752
28090	28523	5	0.024752
28090	28655	5	0.024752
28090	28784	5	0.024752
28090	28018	5	0.024752
28090	28147	5	0.024752
28090	27509	5	0.024752
28090	28662	5	0.024752
28090	27796	5	0.024752
28090	27898	5	0.024752
28090	28924	3	0.014851
28090	28413	10	0.049505
28090	28778	5	0.024752
28091	28902	36	0.024674
28091	28035	47	0.032214
28091	28935	47	0.032214
28091	28815	36	0.024674
28091	27920	36	0.024674
28091	28051	47	0.032214
28091	28185	47	0.032214
28091	27419	36	0.024674
28091	28316	47	0.032214
28091	28957	36	0.024674
28091	27679	1015	0.695682
28091	27824	47	0.032214
28091	28325	47	0.032214
28091	28710	6480	4.441398
28091	28711	47	0.032214
28091	29044	36	0.024674
28091	28330	36	0.024674
28091	28679	47	0.032214
28091	27695	36	0.024674
28091	27696	47	0.032214
28091	27697	47	0.032214
28091	29104	36	0.024674
28091	27636	47	0.032214
28091	28262	2	0.001371
28091	27839	36	0.024674
28091	27456	47	0.032214
28091	27588	47	0.032214
28091	28848	36	0.024674
28091	27848	36	0.024674
28091	29136	36	0.024674
28091	28625	47	0.032214
28091	28884	47	0.032214
28091	29014	47	0.032214
28091	28633	36	0.024674
28091	28096	36	0.024674
28091	28641	47	0.032214
28091	28002	49	0.033585
28091	29027	47	0.032214
28091	27558	36	0.024674
28091	27750	36	0.024674
28091	28903	47	0.032214
28091	28525	36	0.024674
28091	28531	36	0.024674
28091	27764	47	0.032214
28091	27515	36	0.024674
28092	27875	1	0.000569
28092	27628	3222	1.834852
28092	28811	5	0.002847
28092	28300	4	0.002278
28092	27950	8	0.004556
28092	28912	1	0.000569
28092	28113	1	0.000569
28092	28440	4	0.002278
28093	28453	7	0.016432
28093	28623	2	0.004695
28093	28584	2	0.004695
28093	28106	3	0.007042
28093	27758	4	0.009390
28093	28367	21	0.049296
28093	28079	13	0.030516
28093	27542	2	0.004695
28093	28440	22	0.051643
28093	27899	7	0.016432
28093	28029	4	0.009390
28093	28725	2	0.004695
28094	28683	28	0.066986
28094	28172	1	0.002392
28094	28943	1	0.002392
28094	27799	1	0.002392
28094	28698	6	0.014354
28094	27675	3	0.007177
28094	28701	1	0.002392
28094	28453	3	0.007177
28094	28070	1	0.002392
28094	28584	4	0.009569
28094	28713	1	0.002392
28094	28076	1	0.002392
28094	28402	3	0.007177
28094	28079	2	0.004785
28094	27448	1	0.002392
28094	27962	2	0.004785
28094	28859	3	0.007177
28094	27466	2	0.004785
28094	27582	2	0.004785
28094	27463	1	0.002392
28094	27451	1	0.002392
28094	28106	2	0.004785
28094	27851	1	0.002392
28094	28879	1	0.002392
28094	28495	2	0.004785
28094	29013	1	0.002392
28094	28251	4	0.009569
28094	27618	3	0.007177
28094	27899	3	0.007177
28094	27629	1	0.002392
28094	27773	1	0.002392
28094	27762	8	0.019139
28094	27894	2	0.004785
28094	28027	2	0.004785
28094	28924	5	0.011962
28094	28029	4	0.009569
28095	27491	2	0.009174
28095	28584	1	0.004587
28095	28938	215	0.986239
28095	27950	3	0.013761
28095	28821	3	0.013761
28095	28440	430	1.972477
28095	27899	435	1.995413
28095	27454	1	0.004587
28096	28902	815	0.055438
28096	28035	840	0.057139
28096	28935	840	0.057139
28096	28815	823	0.055983
28096	27920	823	0.055983
28096	28051	840	0.057139
28096	28185	840	0.057139
28096	27419	823	0.055983
28096	28316	840	0.057139
28096	28957	815	0.055438
28096	27679	12578	0.855588
28096	27824	840	0.057139
28096	28325	840	0.057139
28096	28710	81713	5.558329
28096	28711	840	0.057139
28096	29044	815	0.055438
28096	28330	823	0.055983
28096	28679	840	0.057139
28096	27695	815	0.055438
28096	27696	840	0.057139
28096	27697	840	0.057139
28096	29104	815	0.055438
28096	27636	840	0.057139
28096	28091	815	0.055438
28096	28262	16	0.001088
28096	27839	823	0.055983
28096	27456	840	0.057139
28096	27588	840	0.057139
28096	28848	815	0.055438
28096	27848	815	0.055438
28096	28361	2	0.000136
28096	29136	815	0.055438
28096	28625	840	0.057139
28096	28884	840	0.057139
28096	29014	840	0.057139
28096	28633	815	0.055438
28096	28894	14	0.000952
28096	28641	840	0.057139
28096	28002	848	0.057683
28096	29027	840	0.057139
28096	27558	815	0.055438
28096	27750	815	0.055438
28096	28903	840	0.057139
28096	28525	815	0.055438
28096	28531	815	0.055438
28096	27764	840	0.057139
28096	27515	815	0.055438
28097	28480	22	0.578947
28097	27899	14	0.368421
28097	27621	7	0.184211
28097	27542	1	0.026316
28098	28962	8	0.006047
28098	27899	3	0.002268
28098	28584	1	0.000756
28098	28649	1	0.000756
28098	28106	1	0.000756
28098	27950	51	0.038549
28098	28018	10	0.007559
28098	28340	114	0.086168
28098	28698	3	0.002268
28098	28891	1219	0.921391
28098	28029	7	0.005291
28098	27902	661	0.499622
28101	28495	9	0.375000
28102	28447	2	0.166667
28103	28192	8	0.098765
28103	28898	2	0.024691
28103	27621	15	0.185185
28103	27666	28	0.345679
28103	28183	10	0.123457
28103	28440	2	0.024691
28103	28029	1	0.012346
28104	28440	4	0.033613
28104	28209	3	0.025210
28104	27825	3	0.025210
28105	29062	4	0.013115
28105	28425	4	0.013115
28105	28938	2	0.006557
28105	28683	4	0.013115
28105	28821	10	0.032787
28105	28440	17	0.055738
28105	28698	2	0.006557
28105	28453	4	0.013115
28105	28584	6	0.019672
28105	27950	4	0.013115
28105	28725	2	0.006557
28105	28344	4	0.013115
28105	28480	2	0.006557
28105	28745	2	0.006557
28105	28106	10	0.032787
28105	27983	3	0.009836
28105	27832	8	0.026230
28105	28886	2	0.006557
28105	28126	1	0.003279
28105	27621	1	0.003279
28105	27884	1	0.003279
28105	27899	41	0.134426
28105	28029	5	0.016393
28105	28415	2	0.006557
28106	28162	1	0.000562
28106	27654	1	0.000562
28106	28503	1	0.000562
28106	28172	1	0.000562
28106	28690	1	0.000562
28106	28698	13	0.007312
28106	27675	1	0.000562
28106	28189	1	0.000562
28106	28706	1	0.000562
28106	27690	1	0.000562
28106	29107	1	0.000562
28106	27701	6	0.003375
28106	27704	1	0.000562
28106	27572	1	0.000562
28106	28222	1	0.000562
28106	27712	1	0.000562
28106	28741	1	0.000562
28106	28231	1	0.000562
28106	27720	1	0.000562
28106	28748	1	0.000562
28106	27725	1	0.000562
28106	28751	1	0.000562
28106	27732	1	0.000562
28106	27733	2	0.001125
28106	27740	1	0.000562
28106	27741	1	0.000562
28106	28766	1	0.000562
28106	28255	1	0.000562
28106	28769	1	0.000562
28106	28771	1	0.000562
28106	28263	1	0.000562
28106	28777	1	0.000562
28106	27755	1	0.000562
28106	27758	1	0.000562
28106	28273	1	0.000562
28106	27582	1	0.000562
28106	28280	1	0.000562
28106	28799	1	0.000562
28106	28290	1	0.000562
28106	28267	1	0.000562
28106	27780	3	0.001687
28106	28304	1	0.000562
28106	28307	1	0.000562
28106	28308	1	0.000562
28106	28821	1744	0.980877
28106	27804	1	0.000562
28106	28829	1	0.000562
28106	28320	1	0.000562
28106	28324	1	0.000562
28106	28327	2	0.001125
28106	27820	1	0.000562
28106	27822	1	0.000562
28106	27823	1	0.000562
28106	28849	1	0.000562
28106	27625	1	0.000562
28106	28342	3	0.001687
28106	28859	3	0.001687
28106	28495	1	0.000562
28106	28867	1	0.000562
28106	27851	1	0.000562
28106	27853	3	0.001687
28106	28366	1	0.000562
28106	28879	1	0.000562
28106	27856	2	0.001125
28106	29007	1	0.000562
28106	28371	1	0.000562
28106	28886	2	0.001125
28106	28376	1	0.000562
28106	28379	1	0.000562
28106	27868	1	0.000562
28106	28026	1	0.000562
28106	27871	1	0.000562
28106	27878	1	0.000562
28106	27879	1	0.000562
28106	28394	3	0.001687
28106	28908	1	0.000562
28106	27886	1	0.000562
28106	28399	1	0.000562
28106	28292	1	0.000562
28106	28916	1	0.000562
28106	28918	1	0.000562
28106	28919	3	0.001687
28106	27897	1	0.000562
28106	27899	38	0.021372
28106	28202	1	0.000562
28106	28416	5	0.002812
28106	28417	1	0.000562
28106	27908	1	0.000562
28106	27914	1	0.000562
28106	28939	2	0.001125
28106	28943	1	0.000562
28106	27921	1	0.000562
28106	28950	1	0.000562
28106	28439	1	0.000562
28106	28440	6	0.003375
28106	28953	1	0.000562
28106	28958	1	0.000562
28106	28447	1	0.000562
28106	28891	1	0.000562
28106	27429	1	0.000562
28106	27942	1	0.000562
28106	27949	1	0.000562
28106	27950	5	0.002812
28106	28466	1	0.000562
28106	28468	1	0.000562
28106	28470	1	0.000562
28106	27453	3	0.001687
28106	28478	1	0.000562
28106	28725	2	0.001125
28106	27968	1	0.000562
28106	27531	1	0.000562
28106	27460	2	0.001125
28106	27463	1	0.000562
28106	27976	1	0.000562
28106	27466	1	0.000562
28106	27983	3	0.001687
28106	29015	1	0.000562
28106	27482	1	0.000562
28106	27996	1	0.000562
28106	27997	1	0.000562
28106	27487	2	0.001125
28106	27491	4	0.002250
28106	29028	2	0.001125
28106	27501	1	0.000562
28106	28530	1	0.000562
28106	28534	1	0.000562
28106	28023	1	0.000562
28106	28024	1	0.000562
28106	27796	1	0.000562
28106	28538	2	0.001125
28106	27516	1	0.000562
28106	28029	3	0.001687
28106	28552	1	0.000562
28106	28042	1	0.000562
28106	29067	1	0.000562
28106	28044	1	0.000562
28106	29069	1	0.000562
28106	27971	1	0.000562
28106	28655	1	0.000562
28106	28573	1	0.000562
28106	27552	1	0.000562
28106	27553	1	0.000562
28106	27555	1	0.000562
28106	28070	1	0.000562
28106	28584	5	0.002812
28106	28074	1	0.000562
28106	28076	1	0.000562
28106	28590	2	0.001125
28106	28591	1	0.000562
28106	27568	1	0.000562
28106	28595	1	0.000562
28106	28084	5	0.002812
28106	27573	1	0.000562
28106	29110	1	0.000562
28106	28404	1	0.000562
28106	28094	1	0.000562
28106	28832	1	0.000562
28106	27586	2	0.001125
28106	28615	1	0.000562
28106	27592	1	0.000562
28106	27593	1	0.000562
28106	29130	1	0.000562
28106	28623	2	0.001125
28106	29140	3	0.001687
28106	28453	1	0.000562
28106	28634	1	0.000562
28106	28239	1	0.000562
28106	27616	1	0.000562
28106	27621	1	0.000562
28106	28137	1	0.000562
28106	29162	1	0.000562
28106	27627	1	0.000562
28106	28413	1	0.000562
28106	28657	1	0.000562
28106	27634	1	0.000562
28106	28079	1	0.000562
28106	28667	1	0.000562
28106	28156	1	0.000562
28106	27645	1	0.000562
28106	28670	1	0.000562
28106	27647	1	0.000562
28108	28192	3	0.024390
28108	28690	5	0.040650
28108	27899	2	0.016260
28108	27621	1	0.008130
28108	28334	1	0.008130
28109	27899	2	0.005208
28109	28084	2	0.005208
28109	27950	2	0.005208
28111	27950	2	0.333333
28112	28131	2	0.111111
28113	28203	1	0.000158
28113	29062	2	0.000316
28113	27655	2	0.000316
28113	28683	14	0.002211
28113	27922	2	0.000316
28113	27412	4	0.000632
28113	27542	1	0.000158
28113	28440	10	0.001579
28113	28698	9	0.001421
28113	28443	1	0.000158
28113	28956	819	0.129323
28113	28706	1	0.000158
28113	28835	4	0.000632
28113	28453	10	0.001579
28113	28327	35	0.005527
28113	29096	9	0.001421
28113	29098	4	0.000632
28113	28423	1	0.000158
28113	27950	4	0.000632
28113	28466	3	0.000474
28113	28344	2	0.000316
28113	28604	2	0.000316
28113	28106	1	0.000158
28113	28992	5	0.000790
28113	28609	3	0.000474
28113	28739	1	0.000158
28113	27466	1	0.000158
28113	28619	6	0.000947
28113	27596	5	0.000790
28113	29134	1	0.000158
28113	28623	1	0.000158
28113	28886	1	0.000158
28113	28249	1	0.000158
28113	28762	1	0.000158
28113	28495	7	0.001105
28113	28026	8	0.001263
28113	28894	2	0.000316
28113	28383	1	0.000158
28113	28000	1	0.000158
28113	27491	1	0.000158
28113	28644	2	0.000316
28113	27621	3	0.000474
28113	28523	2	0.000316
28113	27884	1	0.000158
28113	28584	2	0.000316
28113	28018	1	0.000158
28113	28147	4	0.000632
28113	28662	2	0.000316
28113	28919	15	0.002369
28113	27898	1	0.000158
28113	27899	6	0.000947
28113	28924	4	0.000632
28113	28029	2	0.000316
28114	28440	1	0.013889
28114	27425	2	0.027778
28114	27798	3	0.041667
28114	28192	1	0.013889
28115	28049	2	0.023529
28115	28018	2	0.023529
28115	27950	1	0.011765
28117	28192	15	0.015353
28117	29062	2	0.002047
28117	28811	6	0.006141
28117	27950	65	0.066530
28117	28821	5	0.005118
28117	28566	5859	5.996929
28117	27768	2	0.002047
28117	27679	1	0.001024
28117	28540	33	0.033777
28117	28029	3	0.003071
28117	29023	33	0.033777
28120	27808	2	0.016260
28120	27648	2	0.016260
28120	29062	2	0.016260
28120	28652	8	0.065041
28120	28270	2	0.016260
28120	28495	4	0.032520
28120	28018	4	0.032520
28120	28147	2	0.016260
28120	28084	2	0.016260
28120	27542	2	0.016260
28120	28192	14	0.113821
28120	28440	4	0.032520
28121	28698	11	1.222222
28121	27479	56	6.222222
28121	27527	56	6.222222
28123	28192	30	0.023401
28123	29062	2	0.001560
28123	28811	6	0.004680
28123	27950	67	0.052262
28123	28821	5	0.003900
28123	28566	7499	5.849454
28123	27768	2	0.001560
28123	27679	2	0.001560
28123	28540	40	0.031201
28123	28029	3	0.002340
28123	29023	40	0.031201
28125	27875	12	0.004749
28125	28584	1	0.000396
28125	27950	17	0.006727
28125	28434	18	0.007123
28125	27491	2	0.000791
28125	27899	3	0.001187
28125	28379	34	0.013455
28125	28029	1	0.000396
28126	28440	90	1.914894
28126	28938	45	0.957447
28126	27899	95	2.021277
28127	28041	1	0.016949
28127	27950	11	0.186441
28129	27621	1	0.002203
28129	28584	1	0.002203
28129	28106	245	0.539648
28129	27950	1	0.002203
28129	27951	1	0.002203
28129	27704	2	0.004405
28129	29140	1	0.002203
28129	28821	451	0.993392
28129	28440	2	0.004405
28129	28698	5	0.011013
28129	27899	4	0.008811
28129	27997	1	0.002203
28129	28159	1	0.002203
28131	28041	6	0.206897
28132	28449	583	1.976271
28132	28548	398	1.349153
28132	28517	185	0.627119
28132	27950	370	1.254237
28132	28597	583	1.976271
28132	27899	185	0.627119
28132	29087	398	1.349153
28133	28440	4	0.032520
28133	28209	3	0.024390
28133	27950	115	0.934959
28133	27825	3	0.024390
28134	27875	19	0.065517
28134	28584	1	0.003448
28134	28811	3	0.010345
28134	27950	7	0.024138
28134	28529	4	0.013793
28134	28018	1	0.003448
28134	28084	1	0.003448
28134	28538	1	0.003448
28134	28029	1	0.003448
28137	27621	12	0.077922
28137	28584	4	0.025974
28137	28106	1	0.006494
28137	28079	1	0.006494
28137	27504	1	0.006494
28137	27667	1	0.006494
28137	28824	1	0.006494
28139	28495	9	0.375000
28140	28857	1	0.029412
28140	28299	1	0.029412
28140	28230	2	0.058824
28140	28310	4	0.117647
28141	27938	1	0.001629
28141	27527	8	0.013029
28141	28811	76	0.123779
28141	28684	2	0.003257
28141	29133	403	0.656352
28141	27950	341	0.555375
28141	27635	3068	4.996743
28141	27540	1	0.001629
28141	28440	3	0.004886
28141	28990	1	0.001629
28145	27609	98	0.882883
28145	27762	1	0.009009
28145	28859	2	0.018018
28145	28106	4	0.036036
28145	28886	1	0.009009
28147	27491	1	0.001957
28147	28453	1	0.001957
28147	29096	2	0.003914
28147	28842	1	0.001957
28147	28619	2	0.003914
28147	27950	1	0.001957
28147	28113	2	0.003914
28147	28018	3	0.005871
28147	28584	1	0.001957
28147	28886	1	0.001957
28147	28919	9	0.017613
28147	28029	1	0.001957
28149	28192	411	0.480702
28149	28256	355	0.415205
28149	28899	2	0.002339
28149	28097	2	0.002339
28149	28106	5	0.005848
28149	28619	2	0.002339
28149	27853	2	0.002339
28149	27950	6	0.007018
28149	28495	3	0.003509
28149	28561	384	0.449123
28149	27509	2	0.002339
28149	28000	2	0.002339
28149	28938	6	0.007018
28149	28923	2	0.002339
28149	28029	3	0.003509
28149	28702	2	0.002339
28150	28608	1	0.005747
28150	28706	1	0.005747
28150	27542	1	0.005747
28150	28584	1	0.005747
28150	28745	1	0.005747
28150	28938	173	0.994253
28150	28523	2	0.011494
28150	27884	1	0.005747
28150	28018	2	0.011494
28150	28147	2	0.011494
28150	28662	2	0.011494
28150	28440	345	1.982759
28150	27898	2	0.011494
28150	27899	345	1.982759
28153	28327	2	0.014599
28153	28106	13	0.094891
28153	28821	113	0.824818
28153	28919	3	0.021898
28153	28698	6	0.043796
28153	27899	12	0.087591
28155	28041	11	0.009362
28155	28001	2	0.001702
28155	29129	263	0.223830
28155	28609	2	0.001702
28155	28584	1	0.000851
28155	28201	2	0.001702
28155	27655	2	0.001702
28155	27950	22	0.018723
28155	28919	2	0.001702
28155	27899	1	0.000851
28155	28029	1	0.000851
28155	28543	3	0.002553
28156	28032	2	0.011905
28156	27586	1	0.005952
28156	27684	2	0.011905
28156	28623	1	0.005952
28156	28106	6	0.035714
28156	28683	2	0.011905
28156	27823	159	0.946429
28156	28440	4	0.023810
28156	28821	2	0.011905
28156	28344	2	0.011905
28156	29017	1	0.005952
28156	27899	2	0.011905
28156	28988	8	0.047619
28156	28938	2	0.011905
28156	27966	2	0.011905
28156	28725	2	0.011905
28157	28041	11	0.009883
28157	28609	2	0.001797
28157	28201	2	0.001797
28157	27655	2	0.001797
28157	28584	1	0.000898
28157	29129	349	0.313567
28157	27950	22	0.019766
28157	28001	2	0.001797
28157	28919	2	0.001797
28157	27899	1	0.000898
28157	28029	1	0.000898
28157	28543	2	0.001797
28158	28041	11	0.010073
28158	28609	2	0.001832
28158	28271	1	0.000916
28158	27655	2	0.001832
28158	28584	1	0.000916
28158	29129	255	0.233516
28158	28919	2	0.001832
28158	27950	25	0.022894
28158	28001	2	0.001832
28158	28201	2	0.001832
28158	27899	1	0.000916
28158	28029	1	0.000916
28158	28543	2	0.001832
28159	28290	2	0.048780
28159	28421	2	0.048780
28159	28938	11	0.268293
28159	27531	2	0.048780
28159	28431	2	0.048780
28159	27922	1	0.024390
28159	28821	5	0.121951
28159	27798	2	0.048780
28159	28698	2	0.048780
28159	28584	1	0.024390
28159	28468	1	0.024390
28159	27701	1	0.024390
28159	27702	2	0.048780
28159	27452	1	0.024390
28159	28725	2	0.048780
28159	27968	2	0.048780
28159	29135	2	0.048780
28159	27476	2	0.048780
28159	27863	2	0.048780
28159	28504	2	0.048780
28159	28379	2	0.048780
28159	28126	1	0.024390
28159	27615	2	0.048780
28159	28777	2	0.048780
28159	27633	3	0.073171
28159	27964	2	0.048780
28159	28538	1	0.024390
28159	28029	9	0.219512
28159	28670	3	0.073171
28160	28041	11	0.010795
28160	28001	2	0.001963
28160	28584	1	0.000981
28160	29129	306	0.300294
28160	28919	1	0.000981
28160	27950	21	0.020608
28160	28271	1	0.000981
28160	28201	2	0.001963
28160	27899	1	0.000981
28160	28029	1	0.000981
28160	28543	2	0.001963
28161	28440	2	0.040000
28161	28032	2	0.040000
28161	28777	2	0.040000
28162	28480	1	0.005952
28162	27621	43	0.255952
28162	28584	2	0.011905
28162	28106	8	0.047619
28162	28683	2	0.011905
28162	28029	2	0.011905
28162	27540	8	0.047619
28162	28725	2	0.011905
28162	28440	13	0.077381
28162	28788	2	0.011905
28162	27899	6	0.035714
28162	28989	1	0.005952
28162	27582	2	0.011905
28163	28609	2	0.001776
28163	29129	255	0.226465
28163	28271	1	0.000888
28163	28201	2	0.001776
28163	27655	2	0.001776
28163	28584	1	0.000888
28163	28041	11	0.009769
28163	27950	42	0.037300
28163	28001	2	0.001776
28163	28919	2	0.001776
28163	28440	1	0.000888
28163	27899	1	0.000888
28163	28029	1	0.000888
28163	28543	2	0.001776
28164	27950	1	0.001312
28165	27938	1	0.001828
28165	28453	1	0.001828
28165	27527	8	0.014625
28165	28811	41	0.074954
28165	28684	3	0.005484
28165	29133	410	0.749543
28165	27950	347	0.634369
28165	27635	2723	4.978062
28165	27540	1	0.001828
28165	28440	5	0.009141
28165	28990	1	0.001828
28166	28192	1	0.027027
28166	27623	1	0.027027
28166	28584	1	0.027027
28166	28016	3	0.081081
28166	28440	1	0.027027
28166	27899	1	0.027027
28168	28192	3	0.016949
28168	27604	1	0.005650
28168	28636	1	0.005650
28168	28240	1	0.005650
28170	28480	2	0.002920
28170	28608	2	0.002920
28170	27586	6	0.008759
28170	28683	1	0.001460
28170	27653	1	0.001460
28170	28842	1	0.001460
28170	28811	3	0.004380
28170	27884	1	0.001460
28170	27950	18	0.026277
28170	28495	2	0.002920
28170	28503	8	0.011679
28170	27491	1	0.001460
28170	28470	1	0.001460
28170	28919	1	0.001460
28170	28440	9	0.013139
28170	28859	3	0.004380
28170	27899	3	0.004380
28171	28192	1	0.002841
28171	27572	6	0.017045
28172	29062	2	0.003026
28172	28423	3	0.004539
28172	28938	4	0.006051
28172	28821	2	0.003026
28172	28440	17	0.025719
28172	27676	1	0.001513
28172	27678	1	0.001513
28172	28706	2	0.003026
28172	28835	10	0.015129
28172	28584	1	0.001513
28172	28204	22	0.033283
28172	27701	7	0.010590
28172	27704	5	0.007564
28172	28989	5	0.007564
28172	28094	5	0.007564
28172	28106	9	0.013616
28172	28495	3	0.004539
28172	28886	9	0.013616
28172	27613	1	0.001513
28172	27614	1	0.001513
28172	28898	8	0.012103
28172	29030	1	0.001513
28172	29159	108	0.163389
28172	28655	2	0.003026
28172	27894	1	0.001513
28172	28919	2	0.003026
28172	27899	3	0.004539
28172	28029	2	0.003026
28173	28192	4	0.025974
28173	27808	1	0.006494
28173	28938	1	0.006494
28173	27661	3	0.019481
28173	28623	1	0.006494
28173	28018	1	0.006494
28173	28149	1	0.006494
28173	28895	1	0.006494
28174	28192	1	0.052632
28174	28417	36	1.894737
28174	27471	3	0.157895
28174	28937	1	0.052632
28175	27950	2	0.117647
28176	28440	1	0.012048
28176	28192	1	0.012048
28176	28954	7	0.084337
28176	27842	1	0.012048
28178	28192	1	0.047619
28178	28074	1	0.047619
28179	28192	21	0.488372
28179	28230	5	0.116279
28179	29036	4	0.093023
28179	28623	1	0.023256
28179	27898	1	0.023256
28179	28222	3	0.069767
28180	27701	10	0.005596
28180	28135	2	0.001119
28182	27950	7	0.012939
28183	28811	1	0.000599
28183	27950	8	0.004793
28185	28902	32	0.022440
28185	28035	45	0.031557
28185	28935	45	0.031557
28185	28815	32	0.022440
28185	27920	32	0.022440
28185	28051	45	0.031557
28185	27419	32	0.022440
28185	28316	45	0.031557
28185	28957	32	0.022440
28185	27679	990	0.694250
28185	27824	45	0.031557
28185	28325	45	0.031557
28185	28710	6318	4.430575
28185	28711	45	0.031557
28185	29044	32	0.022440
28185	28330	32	0.022440
28185	28679	45	0.031557
28185	27695	32	0.022440
28185	27696	45	0.031557
28185	27697	45	0.031557
28185	29104	32	0.022440
28185	27636	45	0.031557
28185	28091	32	0.022440
28185	28262	2	0.001403
28185	27839	32	0.022440
28185	27456	45	0.031557
28185	27588	45	0.031557
28185	28848	32	0.022440
28185	27848	32	0.022440
28185	29136	32	0.022440
28185	28625	45	0.031557
28185	28884	45	0.031557
28185	29014	45	0.031557
28185	28633	32	0.022440
28185	28096	32	0.022440
28185	28641	45	0.031557
28185	28002	47	0.032959
28185	29027	45	0.031557
28185	27558	32	0.022440
28185	27750	32	0.022440
28185	28903	45	0.031557
28185	28525	32	0.022440
28185	28531	32	0.022440
28185	27764	45	0.031557
28185	27515	32	0.022440
28186	28192	6	0.100000
28186	28859	1	0.016667
28186	28811	1	0.016667
28186	28364	3	0.050000
28186	27950	1	0.016667
28186	28495	1	0.016667
28186	28440	1	0.016667
28186	27899	1	0.016667
28187	28029	1	0.010870
28187	27950	4	0.043478
28189	28032	23	0.017692
28189	28821	8	0.006154
28189	28440	4	0.003077
28189	28192	1	0.000769
28189	28456	3	0.002308
28189	29098	8	0.006154
28189	28461	1	0.000769
28189	28849	4	0.003077
28189	27701	5	0.003846
28189	28859	7	0.005385
28189	28725	1	0.000769
28189	28341	2	0.001538
28189	27712	2	0.001538
28189	28226	2	0.001538
28189	28106	3	0.002308
28189	29140	2	0.001538
28189	28374	2	0.001538
28189	29016	15	0.011538
28189	27738	1	0.000769
28189	28126	3	0.002308
28189	27643	4	0.003077
28189	28900	1	0.000769
28189	28263	1	0.000769
28189	27884	1	0.000769
28189	27899	11	0.008462
28190	28440	1	0.001462
28190	29140	1	0.001462
28190	28495	1	0.001462
28191	28419	1	0.025000
28191	27899	2	0.050000
28191	28029	2	0.050000
28191	27950	1	0.025000
28192	27520	3	0.002327
28192	28289	1	0.000776
28192	28483	4	0.003103
28192	28821	5	0.003879
28192	28310	1	0.000776
28192	28440	3	0.002327
28192	28698	2	0.001552
28192	28186	1	0.000776
28192	27679	7	0.005431
28192	27552	2	0.001552
28192	28321	2	0.001552
28192	28322	1	0.000776
28192	27811	2	0.001552
28192	27684	3	0.002327
28192	27941	1	0.000776
28192	28070	1	0.000776
28192	27950	7	0.005431
28192	28463	1	0.000776
28192	28344	1	0.000776
28192	28737	1	0.000776
28192	27715	1	0.000776
28192	28102	1	0.000776
28192	28257	1	0.000776
28192	28745	1	0.000776
28192	28106	1	0.000776
28192	28621	1	0.000776
28192	27731	2	0.001552
28192	29017	2	0.001552
28192	27868	5	0.003879
28192	28513	1	0.000776
28192	27618	1	0.000776
28192	27491	1	0.000776
28192	29159	1	0.000776
28192	28653	2	0.001552
28192	27889	1	0.000776
28192	28149	1	0.000776
28192	27899	29	0.022498
28193	27602	49	0.980000
28193	28979	49	0.980000
28193	28868	3	0.060000
28193	27950	50	1.000000
28194	28032	4	0.031250
28194	27683	4	0.031250
28194	27714	8	0.062500
28194	28859	6	0.046875
28194	28106	2	0.015625
28194	28835	2	0.015625
28194	28821	4	0.031250
28194	28440	15	0.117188
28194	28127	18	0.140625
28194	28989	4	0.031250
28194	28725	4	0.031250
28196	27938	1	0.001695
28196	27527	8	0.013559
28196	28811	76	0.128814
28196	28684	2	0.003390
28196	29133	379	0.642373
28196	27950	316	0.535593
28196	27635	2911	4.933898
28196	27540	1	0.001695
28196	28440	3	0.005085
28196	28990	1	0.001695
28198	28821	3	0.750000
28200	27618	1	0.014085
28200	28745	1	0.014085
28200	28751	1	0.014085
28200	28683	70	0.985915
28200	28623	140	1.971831
28200	28094	1	0.014085
28200	28425	1	0.014085
28200	28440	4	0.056338
28200	27899	1	0.014085
28200	28636	1	0.014085
28200	28234	1	0.014085
28200	27582	1	0.014085
28201	28584	2	0.017544
28201	28425	1	0.008772
28201	28683	3	0.026316
28201	28440	2	0.017544
28201	27899	2	0.017544
28201	28543	9	0.078947
28202	28032	1	0.000759
28202	27713	1	0.000759
28202	28683	4	0.003035
28202	28344	2	0.001517
28202	28821	1	0.000759
28202	28745	2	0.001517
28202	28106	11	0.008346
28202	28971	2	0.001517
28202	27884	1	0.000759
28202	28495	9	0.006829
28202	27691	31	0.023520
28202	28018	1	0.000759
28202	28835	1	0.000759
28202	28747	1	0.000759
28202	27701	1	0.000759
28202	27479	1	0.000759
28202	28440	10	0.007587
28202	28938	2	0.001517
28202	28027	12	0.009105
28202	28029	2	0.001517
28202	27738	1	0.000759
28203	28961	1	0.001185
28203	28388	191	0.226303
28203	27527	7	0.008294
28203	27434	1	0.001185
28203	27950	12	0.014218
28203	28026	2	0.002370
28203	28698	3	0.003555
28204	29030	161	0.981707
28204	28683	1	0.006098
28204	28172	161	0.981707
28204	27950	14	0.085366
28204	27614	162	0.987805
28204	27899	5	0.030488
28204	27676	160	0.975610
28204	27613	161	0.981707
28204	27678	160	0.975610
28206	28098	2	0.001622
28206	27899	3	0.002433
28206	28584	1	0.000811
28206	28649	1	0.000811
28206	28106	1	0.000811
28206	28962	8	0.006488
28206	27950	51	0.041363
28206	28018	9	0.007299
28206	28340	126	0.102190
28206	28698	3	0.002433
28206	28891	1129	0.915653
28206	28029	7	0.005677
28206	27902	570	0.462287
28207	27685	65	0.984848
28207	27881	65	0.984848
28207	28586	65	0.984848
28207	29070	65	0.984848
28207	27440	65	0.984848
28207	29045	65	0.984848
28207	27610	65	0.984848
28207	28901	65	0.984848
28208	28584	6	0.018182
28208	27950	466	1.412121
28209	28992	2	0.009852
28209	28032	3	0.014778
28209	27684	2	0.009852
28209	27825	8	0.039409
28209	27656	2	0.009852
28209	28231	2	0.009852
28209	28561	2	0.009852
28209	27572	2	0.009852
28209	28440	9	0.044335
28210	28928	1	0.000570
28210	28547	1	0.000570
28210	27655	3	0.001711
28210	28811	1	0.000570
28210	28821	1	0.000570
28210	28453	1	0.000570
28210	28327	1	0.000570
28210	29096	1	0.000570
28210	27950	2	0.001141
28210	29103	2	0.001141
28210	28466	1	0.000570
28210	28609	4	0.002282
28210	28739	2	0.001141
28210	28619	2	0.001141
28210	29005	2	0.001141
28210	28249	2	0.001141
28210	29147	38	0.021677
28210	28894	2	0.001141
28210	27875	1	0.000570
28210	28644	1	0.000570
28210	28523	3	0.001711
28210	28147	2	0.001141
28210	28662	1	0.000570
28210	27898	1	0.000570
28210	28030	1	0.000570
28211	28547	1	0.004630
28211	28604	1	0.004630
28213	27950	1	0.017241
28214	28684	1	0.021739
28214	28109	2	0.043478
28214	27950	1	0.021739
28214	29005	1	0.021739
28214	28466	1	0.021739
28214	29147	1	0.021739
28215	28440	4	0.129032
28215	28210	3	0.096774
28215	27621	2	0.064516
28215	28030	2	0.064516
28218	28029	1	0.027027
28218	27950	21	0.567568
28221	28489	1	0.055556
28221	27950	10	0.555556
28222	28683	4	0.018868
28222	27884	2	0.009434
28222	27621	10	0.047170
28224	28992	1	0.002475
28224	27586	4	0.009901
28224	27651	17	0.042079
28224	27621	2	0.004950
28224	29062	2	0.004950
28224	28106	2	0.004950
28224	28683	8	0.019802
28224	28495	4	0.009901
28224	28344	2	0.004950
28224	28821	109	0.269802
28224	28029	4	0.009901
28224	28440	249	0.616337
28224	28298	2	0.004950
28224	27899	109	0.269802
28224	28938	8	0.019802
28225	28032	7	0.009223
28225	27684	1	0.001318
28225	27621	3	0.003953
28225	28584	8	0.010540
28225	28106	4	0.005270
28225	28907	2	0.002635
28225	27950	1	0.001318
28225	28344	2	0.002635
28225	27698	4	0.005270
28225	29140	5	0.006588
28225	28440	5	0.006588
28225	28698	1	0.001318
28225	27899	15	0.019763
28225	28028	74	0.097497
28226	28992	2	0.000769
28226	28683	5	0.001922
28226	28029	2	0.000769
28226	28344	2	0.000769
28226	27890	3	0.001153
28226	28886	2	0.000769
28226	28759	2	0.000769
28226	28440	1	0.000384
28226	28698	6	0.002306
28226	27899	2	0.000769
28226	28317	2	0.000769
28227	27591	388	6.576271
28228	28192	1	0.014085
28228	27899	1	0.014085
28228	27804	5	0.070423
28228	27950	2	0.028169
28230	27653	2	0.001890
28230	29062	1	0.000945
28230	28423	1	0.000945
28230	28938	6	0.005671
28230	28179	7	0.006616
28230	28052	3	0.002836
28230	28310	14	0.013233
28230	28440	12	0.011342
28230	28953	3	0.002836
28230	28192	11	0.010397
28230	28453	18	0.017013
28230	29098	2	0.001890
28230	27950	4	0.003781
28230	27698	9	0.008507
28230	28084	1	0.000945
28230	28725	3	0.002836
28230	28344	4	0.003781
28230	28900	1	0.000945
28230	27621	3	0.002836
28230	29036	148	0.139887
28230	27899	1	0.000945
28230	28029	9	0.008507
28231	28608	3	0.012097
28231	28833	3	0.012097
28231	28859	8	0.032258
28231	28584	2	0.008065
28231	27913	205	0.826613
28231	28106	3	0.012097
28231	28683	2	0.008065
28231	28619	4	0.016129
28231	29140	3	0.012097
28231	28821	2	0.008065
28231	28873	228	0.919355
28231	28440	15	0.060484
28231	28762	19	0.076613
28231	27899	5	0.020161
28231	28029	4	0.016129
28232	28683	1	0.017241
28232	27491	2	0.034483
28232	28470	1	0.017241
28232	28623	2	0.034483
28234	28417	3	0.049180
28234	28453	1	0.016393
28234	28838	3	0.049180
28234	27433	4	0.065574
28234	27914	5	0.081967
28234	27628	1	0.016393
28234	28751	1	0.016393
28234	27632	3	0.049180
28234	27955	2	0.032787
28234	28425	1	0.016393
28234	28859	5	0.081967
28234	27582	1	0.016393
28235	28440	3	0.013216
28235	28584	2	0.008811
28235	28683	2	0.008811
28238	28971	88	29.333333
28239	28739	1	0.014706
28239	27684	10	0.147059
28239	27819	70	1.029412
28239	28623	1	0.014706
28239	28368	1	0.014706
28239	27860	68	1.000000
28239	28439	1	0.014706
28239	27899	1	0.014706
28240	28192	1	0.033333
28240	27808	1	0.033333
28240	28483	1	0.033333
28240	28168	1	0.033333
28240	29067	1	0.033333
28240	27660	1	0.033333
28240	27792	1	0.033333
28240	28244	2	0.066667
28240	27604	1	0.033333
28241	27808	1	0.004762
28241	28192	1	0.004762
28241	28495	1	0.004762
28241	28795	1	0.004762
28241	27887	213	1.014286
28242	28480	1	0.000708
28242	28683	4	0.002833
28242	28168	2	0.001416
28242	29067	2	0.001416
28242	27568	2	0.001416
28242	27601	2	0.001416
28242	28244	3	0.002125
28242	27604	3	0.002125
28242	28636	4	0.002833
28243	27626	353	0.343720
28243	27950	387	0.376826
28244	28192	15	0.017123
28244	28240	1	0.001142
28244	28420	275	0.313927
28244	28168	1	0.001142
28244	27950	78	0.089041
28244	27792	1	0.001142
28244	28562	1	0.001142
28244	27604	1	0.001142
28244	27734	1	0.001142
28244	28440	3	0.003425
28244	29083	1	0.001142
28244	28255	1	0.001142
28245	27992	1	0.032258
28248	28888	366	5.718750
28248	27950	1	0.015625
28249	28992	1	0.000831
28249	27522	1	0.000831
28249	28547	1	0.000831
28249	28453	1	0.000831
28249	27754	5	0.004156
28249	28907	2	0.001663
28249	28748	1	0.000831
28249	28018	1	0.000831
28249	27950	2	0.001663
28249	29103	3	0.002494
28249	28113	1	0.000831
28249	28466	2	0.001663
28249	28835	4	0.003325
28249	28886	7	0.005819
28249	28919	6	0.004988
28249	28440	1	0.000831
28249	28698	4	0.003325
28249	27899	5	0.004156
28249	28956	2	0.001663
28249	27450	2	0.001663
28250	28971	17074	43.892031
28251	28440	1	0.011628
28251	27491	1	0.011628
28251	28683	87	1.011628
28251	28623	168	1.953488
28252	28546	2	0.027778
28252	28584	1	0.013889
28252	27950	14	0.194444
28252	28302	881	12.236111
28252	28440	1	0.013889
28252	28029	1	0.013889
28255	28480	1	0.003155
28255	27568	1	0.003155
28255	28898	9	0.028391
28255	28420	2	0.006309
28255	28453	2	0.006309
28255	27601	1	0.003155
28255	28168	3	0.009464
28255	28636	4	0.012618
28255	28106	14	0.044164
28255	29067	3	0.009464
28255	28240	2	0.006309
28255	28584	8	0.025237
28255	28242	2	0.006309
28255	27604	2	0.006309
28255	27701	11	0.034700
28255	28440	33	0.104101
28255	28244	2	0.006309
28255	28698	1	0.003155
28255	28859	1	0.003155
28255	27868	3	0.009464
28255	28029	2	0.006309
28256	28192	8	0.004290
28256	28835	4	0.002145
28256	28584	1	0.000536
28256	28041	18	0.009651
28256	28963	1	0.000536
28256	28562	5	0.002681
28256	27950	130	0.069705
28256	28561	137	0.073458
28256	28018	4	0.002145
28256	28067	1	0.000536
28256	28149	1409	0.755496
28256	28698	1	0.000536
28256	27899	37	0.019839
28256	28106	2	0.001072
28257	27808	1	0.021277
28260	29062	1	0.035714
28261	28569	2	0.010989
28261	27762	2	0.010989
28261	28835	1	0.005495
28261	28453	1	0.005495
28261	27415	4	0.021978
28262	28192	2	0.011834
28262	27738	1	0.005917
28262	27950	11	0.065089
28262	28710	5	0.029586
28262	27679	4	0.023669
28263	28480	1	0.005102
28263	28934	4	0.020408
28263	28683	7	0.035714
28263	28944	1	0.005102
28263	28440	5	0.025510
28263	28189	2	0.010204
28263	28456	3	0.015306
28263	29098	3	0.015306
28263	28461	3	0.015306
28263	28849	3	0.015306
28263	28341	3	0.015306
28263	28989	2	0.010204
28263	27712	3	0.015306
28263	28226	2	0.010204
28263	28868	18	0.091837
28263	28623	1	0.005102
28263	28495	3	0.015306
28263	28374	3	0.015306
28263	28751	3	0.015306
28263	28255	3	0.015306
28263	27621	3	0.015306
28263	27899	2	0.010204
28263	28029	1	0.005102
28263	28670	2	0.010204
28264	28069	2	0.001417
28264	28584	2	0.001417
28264	28041	1	0.000709
28264	28811	2	0.001417
28264	27950	584	0.413891
28264	27478	2	0.001417
28264	28919	3	0.002126
28266	28835	3	0.001521
28266	28712	6	0.003041
28266	28018	1	0.000507
28266	27950	131	0.066396
28266	28466	1	0.000507
28266	28916	1	0.000507
28266	27899	6	0.003041
28266	27453	7	0.003548
28266	28562	3	0.001521
28267	27899	1	0.030303
28267	28029	1	0.030303
28267	29062	1	0.030303
28268	28041	1	0.003922
28268	27950	13	0.050980
28268	29142	1	0.003922
28268	28055	2	0.007843
28268	28862	1273	4.992157
28268	27647	1	0.003922
28270	28041	1	0.010526
28270	28835	3	0.031579
28270	28652	1	0.010526
28270	27950	14	0.147368
28270	28617	1	0.010526
28271	29129	11	0.354839
28271	28018	11	0.354839
28271	28543	29	0.935484
28271	27899	1	0.032258
28271	28001	13	0.419355
28272	28440	1	0.045455
28272	28683	20	0.909091
28272	27899	32	1.454545
28272	28623	40	1.818182
28273	28480	2	0.012658
28273	28097	2	0.012658
28273	28900	2	0.012658
28273	27527	2	0.012658
28273	28106	2	0.012658
28273	28992	2	0.012658
28273	27950	2	0.012658
28273	28208	149	0.943038
28273	28344	2	0.012658
28273	28032	2	0.012658
28273	27479	2	0.012658
28273	28440	9	0.056962
28273	27899	1	0.006329
28273	28413	4	0.025316
28274	27950	18	0.107784
28275	28480	4	0.001985
28275	28992	1	0.000496
28275	29062	1	0.000496
28275	28041	4	0.001985
28275	28938	1	0.000496
28275	28683	2	0.000993
28275	28821	2	0.000993
28275	28440	6	0.002978
28275	27675	1	0.000496
28275	28706	4	0.001985
28275	28324	1	0.000496
28275	28453	1	0.000496
28275	28070	1	0.000496
28275	28584	2	0.000993
28275	27950	1	0.000496
28275	28725	2	0.000993
28275	27704	3	0.001489
28275	28733	2	0.000993
28275	27701	22	0.010918
28275	28608	1	0.000496
28275	28097	1	0.000496
28275	28869	39	0.019355
28275	28745	1	0.000496
28275	27850	1	0.000496
28275	27851	1	0.000496
28275	27852	4	0.001985
28275	28495	2	0.000993
28275	28344	3	0.001489
28275	29140	8	0.003970
28275	27479	1	0.000496
28275	27684	1	0.000496
28275	27899	19	0.009429
28275	27621	2	0.000993
28275	27884	3	0.001489
28275	28402	2	0.000993
28275	27894	2	0.000993
28275	28027	1	0.000496
28275	28924	1	0.000496
28275	28029	5	0.002481
28275	28415	1	0.000496
28276	28495	9	0.375000
28277	27875	999	0.986180
28277	28041	1	0.000987
28277	28653	1	0.000987
28277	27950	1007	0.994077
28277	28835	1	0.000987
28277	28821	1	0.000987
28277	27899	1	0.000987
28277	28029	16	0.015795
28279	27875	1	0.001631
28279	28644	2	0.003263
28279	28402	623	1.016313
28279	27950	356	0.580750
28279	29103	1	0.001631
28279	28465	6412	10.460033
28279	29138	100	0.163132
28279	28084	1	0.001631
28279	28440	2	0.003263
28279	28029	2	0.003263
28280	29062	10	0.014620
28280	28423	1	0.001462
28280	28683	2	0.002924
28280	28942	36	0.052632
28280	28308	2	0.002924
28280	28821	6	0.008772
28280	28440	20	0.029240
28280	28698	6	0.008772
28280	28447	2	0.002924
28280	27684	6	0.008772
28280	28584	7	0.010234
28280	27701	1	0.001462
28280	28859	9	0.013158
28280	28992	5	0.007310
28280	28359	1	0.001462
28280	27720	1	0.001462
28280	28745	3	0.004386
28280	28106	14	0.020468
28280	28623	2	0.002924
28280	29140	3	0.004386
28280	28886	6	0.008772
28280	27870	51	0.074561
28280	27875	1	0.001462
28280	28900	6	0.008772
28280	28391	2	0.002924
28280	27755	2	0.002924
28280	27894	6	0.008772
28280	27899	19	0.027778
28280	28029	1	0.001462
28282	28480	84	0.518519
28282	28608	1	0.006173
28282	27491	10	0.061728
28282	27894	4	0.024691
28282	28584	1	0.006173
28282	28683	1	0.006173
28282	28453	1	0.006173
28282	27542	25	0.154321
28282	28698	2	0.012346
28282	27899	3	0.018519
28282	28415	81	0.500000
28283	27585	7	0.777778
28283	27707	11	1.222222
28283	27420	7	0.777778
28283	29038	7	0.777778
28283	29047	7	0.777778
28284	27463	39	0.975000
28284	27950	39	0.975000
28284	28655	39	0.975000
28284	28018	1	0.025000
28284	27539	1	0.025000
28284	28024	78	1.950000
28284	28410	550	13.750000
28285	27950	11	0.056995
28286	28355	2	0.666667
28286	27950	1	0.333333
28287	28192	2	0.017857
28287	28162	2	0.017857
28287	28547	2	0.017857
28287	28773	2	0.017857
28287	28623	2	0.017857
28287	28584	2	0.017857
28287	28495	2	0.017857
28287	28882	2	0.017857
28287	28788	2	0.017857
28287	29015	2	0.017857
28287	28440	6	0.053571
28287	27898	2	0.017857
28287	27621	2	0.017857
28287	28453	2	0.017857
28288	29015	117	0.451737
28289	28192	6	0.040000
28289	27586	1	0.006667
28289	28453	1	0.006667
28289	29062	1	0.006667
28289	27822	148	0.986667
28289	28821	1	0.006667
28289	27898	1	0.006667
28289	28859	1	0.006667
28290	28835	2	0.010753
28290	27620	372	2.000000
28290	28106	14	0.075269
28290	28429	3	0.016129
28290	28821	8	0.043011
28290	28440	18	0.096774
28290	27899	2	0.010753
28292	28032	2	0.009950
28292	27842	195	0.970149
28292	27643	2	0.009950
28292	27878	2	0.009950
28292	28440	12	0.059701
28292	28634	2	0.009950
28292	27899	2	0.009950
28292	28954	2	0.009950
28293	27682	682	0.366470
28293	28453	2	0.001075
28293	27817	601	0.322945
28293	28919	1	0.000537
28293	28078	24	0.012896
28293	27823	1	0.000537
28293	27950	36	0.019344
28293	28469	697	0.374530
28293	29143	6098	3.276733
28295	28322	3	0.000928
28295	29062	2	0.000619
28295	28041	2	0.000619
28295	28811	1	0.000309
28295	27950	12	0.003712
28295	28655	3	0.000928
28295	28943	3242	1.002784
28296	28027	4	0.095238
28296	28683	82	1.952381
28296	27899	2	0.047619
28296	28623	82	1.952381
28297	28192	2	0.000926
28297	27875	1965	0.909722
28297	27653	2	0.000926
28297	27628	1933	0.894907
28297	27950	2	0.000926
28297	28018	2	0.000926
28297	28022	2	0.000926
28298	28192	1	0.001488
28298	28440	1	0.001488
28298	28466	1	0.001488
28298	29147	1	0.001488
28298	27950	4	0.005952
28299	28867	5	0.002753
28299	28453	3	0.001652
28299	28006	3	0.001652
28299	29063	1806	0.994493
28299	28041	6	0.003304
28299	29031	8	0.004405
28299	27950	66	0.036344
28299	28689	11	0.006057
28299	27555	5	0.002753
28299	28310	6	0.003304
28299	28919	2	0.001101
28299	28857	1806	0.994493
28299	27899	48	0.026432
28299	28029	7	0.003855
28300	28192	2	0.001046
28300	27875	963	0.503661
28300	27527	14	0.007322
28300	27657	3	0.001569
28300	28811	5	0.002615
28300	27628	3019	1.578975
28300	27950	77	0.040272
28300	29103	1	0.000523
28300	28912	1039	0.543410
28300	27704	2	0.001046
28300	28084	4	0.002092
28300	28022	23	0.012029
28300	28855	3	0.001569
28300	28440	1	0.000523
28300	28092	3	0.001569
28302	28546	1	0.021277
28302	27950	14	0.297872
28303	27938	1	0.001555
28303	27527	8	0.012442
28303	28811	76	0.118196
28303	28684	2	0.003110
28303	29133	432	0.671851
28303	27950	370	0.575428
28303	27635	3398	5.284603
28303	27540	1	0.001555
28303	28440	3	0.004666
28303	28990	1	0.001555
28304	27491	1	0.005882
28304	27990	495	2.911765
28304	28106	10	0.058824
28304	27704	4	0.023529
28304	29140	2	0.011765
28304	28886	2	0.011765
28304	28440	8	0.047059
28304	28698	1	0.005882
28304	28859	7	0.041176
28304	27452	2	0.011765
28304	28938	6	0.035294
28306	27938	1	0.001848
28306	27527	8	0.014787
28306	28811	41	0.075786
28306	28684	2	0.003697
28306	29133	403	0.744917
28306	27950	341	0.630314
28306	27635	2706	5.001848
28306	27540	1	0.001848
28306	28440	3	0.005545
28306	28990	1	0.001848
28307	27683	2	0.014184
28307	27684	2	0.014184
28307	27621	10	0.070922
28307	29062	4	0.028369
28307	28584	12	0.085106
28307	28745	2	0.014184
28307	28106	4	0.028369
28307	27533	135	0.957447
28307	29134	2	0.014184
28307	28440	10	0.070922
28307	28923	3	0.021277
28308	28032	2	0.013699
28308	28480	2	0.013699
28308	29062	2	0.013699
28308	27527	2	0.013699
28308	28106	4	0.027397
28308	28683	2	0.013699
28308	28748	2	0.013699
28308	27950	2	0.013699
28308	27762	2	0.013699
28308	29140	6	0.041096
28308	28440	12	0.082192
28310	28192	8	0.047904
28310	28923	1	0.005988
28310	28453	2	0.011976
28310	28811	2	0.011976
28310	27950	1	0.005988
28310	28689	9	0.053892
28310	28859	2	0.011976
28312	28736	1	0.071429
28312	27491	1	0.071429
28312	27796	1	0.071429
28313	28835	3	0.020134
28313	29062	4	0.026846
28313	28106	2	0.013423
28313	27533	13	0.087248
28313	28821	3	0.020134
28313	28440	20	0.134228
28313	28859	2	0.013423
28313	28989	2	0.013423
28314	27546	2	0.153846
28314	28029	2	0.153846
28315	28835	1	0.008547
28315	27950	216	1.846154
28316	28902	40	0.022714
28316	28035	59	0.033504
28316	28935	59	0.033504
28316	28815	40	0.022714
28316	27920	40	0.022714
28316	28051	59	0.033504
28316	28185	59	0.033504
28316	27419	40	0.022714
28316	28957	40	0.022714
28316	27679	1252	0.710960
28316	27824	59	0.033504
28316	28325	59	0.033504
28316	28710	7998	4.541738
28316	28711	59	0.033504
28316	29044	40	0.022714
28316	28330	40	0.022714
28316	28679	59	0.033504
28316	27695	40	0.022714
28316	27696	59	0.033504
28316	27697	59	0.033504
28316	29104	40	0.022714
28316	27764	59	0.033504
28316	28091	40	0.022714
28316	28262	4	0.002271
28316	27839	40	0.022714
28316	27456	59	0.033504
28316	27588	59	0.033504
28316	28848	40	0.022714
28316	27848	40	0.022714
28316	29136	40	0.022714
28316	28625	59	0.033504
28316	28884	59	0.033504
28316	29014	59	0.033504
28316	28633	40	0.022714
28316	28096	40	0.022714
28316	28641	59	0.033504
28316	28002	63	0.035775
28316	29027	59	0.033504
28316	27558	40	0.022714
28316	27750	40	0.022714
28316	28903	59	0.033504
28316	28525	40	0.022714
28316	28531	40	0.022714
28316	27636	59	0.033504
28316	27515	40	0.022714
28318	27950	21	0.096330
28318	27774	183	0.839450
28319	27899	1	0.052632
28320	28453	2	0.003788
28320	27950	2	0.003788
28320	27621	14	0.026515
28321	29056	1	0.017241
28321	28400	1	0.017241
28321	28194	1	0.017241
28321	29092	1	0.017241
28321	28495	2	0.034483
28321	27943	1	0.017241
28321	28712	1	0.017241
28321	28192	1	0.017241
28321	27728	1	0.017241
28321	28215	1	0.017241
28321	27928	1	0.017241
28321	27514	1	0.017241
28321	29147	1	0.017241
28321	29149	2	0.034483
28322	28295	59	1.035088
28322	28943	59	1.035088
28323	27586	66	1.015385
28323	27491	6	0.092308
28323	27561	64	0.984615
28323	29098	2	0.030769
28323	27629	1	0.015385
28323	28495	130	2.000000
28323	28027	1	0.015385
28323	28891	1	0.015385
28323	27481	1	0.015385
28323	28859	1362	20.953846
28323	28924	1	0.015385
28323	28029	1	0.015385
28324	28032	9	0.001629
28324	29062	6	0.001086
28324	28938	1	0.000181
28324	28683	20	0.003620
28324	27850	2	0.000362
28324	28821	7	0.001267
28324	27542	2	0.000362
28324	28440	269	0.048688
28324	28573	2	0.000362
28324	27934	1	0.000181
28324	28064	1	0.000181
28324	28706	4	0.000724
28324	28835	2	0.000362
28324	28070	4	0.000724
28324	28584	2	0.000362
28324	29098	2	0.000362
28324	27950	37	0.006697
28324	28725	2	0.000362
28324	28489	2	0.000362
28324	28344	6	0.001086
28324	28859	18	0.003258
28324	28733	2	0.000362
28324	27586	54	0.009774
28324	28745	1	0.000181
28324	28106	71	0.012851
28324	28898	1	0.000181
28324	28623	14	0.002534
28324	27704	6	0.001086
28324	28500	1	0.000181
28324	28886	18	0.003258
28324	27868	12	0.002172
28324	28386	9	0.001629
28324	27899	12	0.002172
28324	27887	2	0.000362
28324	28402	2	0.000362
28324	28275	1	0.000181
28324	27894	10	0.001810
28324	29140	10	0.001810
28324	28027	14	0.002534
28324	28029	5	0.000905
28324	28670	2	0.000362
28324	28415	2	0.000362
28325	28902	25	0.019395
28325	28035	38	0.029480
28325	28935	38	0.029480
28325	28815	25	0.019395
28325	27920	25	0.019395
28325	28051	38	0.029480
28325	28185	38	0.029480
28325	27419	25	0.019395
28325	28316	38	0.029480
28325	28957	25	0.019395
28325	27679	867	0.672614
28325	27824	38	0.029480
28325	28710	5531	4.290923
28325	28711	38	0.029480
28325	29044	25	0.019395
28325	28330	25	0.019395
28325	28679	38	0.029480
28325	27695	25	0.019395
28325	27696	38	0.029480
28325	27697	38	0.029480
28325	29104	25	0.019395
28325	27636	38	0.029480
28325	28091	25	0.019395
28325	28262	2	0.001552
28325	27839	25	0.019395
28325	27456	38	0.029480
28325	27588	38	0.029480
28325	28848	25	0.019395
28325	27848	25	0.019395
28325	29136	25	0.019395
28325	28625	38	0.029480
28325	28884	38	0.029480
28325	29014	38	0.029480
28325	28633	25	0.019395
28325	28096	25	0.019395
28325	28641	38	0.029480
28325	28002	40	0.031032
28325	29027	38	0.029480
28325	27558	25	0.019395
28325	27750	25	0.019395
28325	28903	38	0.029480
28325	28525	25	0.019395
28325	28531	25	0.019395
28325	27764	38	0.029480
28325	27515	25	0.019395
28326	28835	3	0.010949
28326	28584	4	0.014599
28326	28106	8	0.029197
28326	28944	3	0.010949
28326	28344	1	0.003650
28326	28886	1	0.003650
28326	28440	4	0.014599
28326	28859	1	0.003650
28326	28938	2	0.007299
28327	27491	1	0.004608
28327	28453	683	3.147465
28327	28956	668	3.078341
28327	28113	681	3.138249
28327	28466	1124	5.179724
28327	28919	216	0.995392
28327	28923	2	0.009217
28327	28924	678	3.124424
28330	28902	692	0.053631
28330	28035	710	0.055026
28330	28935	710	0.055026
28330	28815	696	0.053941
28330	27920	696	0.053941
28330	28051	710	0.055026
28330	28185	710	0.055026
28330	27419	696	0.053941
28330	28316	710	0.055026
28330	28957	692	0.053631
28330	27679	10806	0.837480
28330	27824	710	0.055026
28330	28325	710	0.055026
28330	28710	70013	5.426102
28330	28711	710	0.055026
28330	29044	692	0.053631
28330	28679	710	0.055026
28330	27695	692	0.053631
28330	27696	710	0.055026
28330	27697	710	0.055026
28330	29104	692	0.053631
28330	27636	710	0.055026
28330	28091	692	0.053631
28330	28262	11	0.000853
28330	27839	696	0.053941
28330	27456	710	0.055026
28330	27588	710	0.055026
28330	28848	692	0.053631
28330	27848	692	0.053631
28330	28361	1	0.000078
28330	29136	692	0.053631
28330	28625	710	0.055026
28330	28884	710	0.055026
28330	29014	710	0.055026
28330	28633	692	0.053631
28330	28096	696	0.053941
28330	28641	710	0.055026
28330	28002	717	0.055568
28330	29027	710	0.055026
28330	27558	692	0.053631
28330	27750	692	0.053631
28330	28903	710	0.055026
28330	28525	692	0.053631
28330	28531	692	0.053631
28330	27764	710	0.055026
28330	27515	692	0.053631
28332	27552	18904	1.998943
28332	27950	13	0.001375
28332	27527	1	0.000106
28333	27656	1	0.038462
28333	28192	1	0.038462
28334	28609	1	0.002571
28334	28994	247	0.634961
28334	27655	1	0.002571
28334	29005	1	0.002571
28334	27950	4	0.010283
28334	29147	2	0.005141
28334	28029	1	0.002571
28334	28350	1	0.002571
28335	28191	1	0.011494
28337	28192	4	0.002579
28337	27586	4	0.002579
28337	27875	7	0.004513
28337	28900	1	0.000645
28337	27621	1	0.000645
28337	28584	1	0.000645
28337	28617	1	0.000645
28337	28811	1	0.000645
28337	29005	2	0.001289
28337	27950	27	0.017408
28337	28755	1	0.000645
28337	28821	1	0.000645
28337	28919	1	0.000645
28337	28440	2	0.001289
28337	27899	4	0.002579
28337	27701	6	0.003868
28337	27743	1461	0.941973
28338	28440	5	0.250000
28338	28106	1	0.050000
28338	27899	3	0.150000
28340	27899	1	0.023810
28340	27950	2	0.047619
28340	28835	1	0.023810
28340	28891	52	1.238095
28340	28029	2	0.047619
28340	27902	1	0.023810
28341	28032	5	0.003554
28341	27899	1	0.000711
28341	28676	6	0.004264
28341	27621	10	0.007107
28341	27527	8	0.005686
28341	28106	7	0.004975
28341	28683	2	0.001421
28341	27950	1	0.000711
28341	28623	7	0.004975
28341	28944	5	0.003554
28341	29140	13	0.009240
28341	28821	2	0.001421
28341	27479	8	0.005686
28341	28440	1	0.000711
28341	28698	3	0.002132
28341	28859	32	0.022743
28343	28441	53	0.981481
28343	27950	4	0.074074
28344	28928	1	0.007407
28344	28608	3	0.022222
28344	28706	1	0.007407
28344	27491	1	0.007407
28344	28900	1	0.007407
28344	27621	1	0.007407
28344	28097	1	0.007407
28344	28617	1	0.007407
28344	27466	1	0.007407
28344	28439	1	0.007407
28344	28480	1	0.007407
28344	28113	1	0.007407
28344	28821	3	0.022222
28344	27899	12	0.088889
28344	28440	4	0.029630
28344	27643	204	1.511111
28344	28444	1	0.007407
28344	28029	1	0.007407
28344	28453	3	0.022222
28345	27685	3	0.750000
28345	27881	3	0.750000
28345	28586	3	0.750000
28345	29070	3	0.750000
28345	27440	3	0.750000
28345	29045	3	0.750000
28345	27610	3	0.750000
28345	28901	3	0.750000
28347	28180	1	0.020000
28347	27701	2	0.040000
28348	28192	1	0.011765
28349	27527	2	0.000569
28349	28584	6	0.001706
28349	27950	173	0.049190
28349	27408	4	0.001137
28349	28440	1	0.000284
28349	28029	2	0.000569
28350	28994	727	1.064422
28350	27655	720	1.054173
28350	28584	1	0.001464
28350	28811	1	0.001464
28350	28044	1	0.001464
28350	27950	19	0.027818
28350	28018	1	0.001464
28350	28821	2	0.002928
28350	28919	5	0.007321
28350	28029	1	0.001464
28350	28334	9	0.013177
28352	27783	3	0.033333
28352	28584	1	0.011111
28352	27950	14	0.155556
28352	28698	1	0.011111
28352	27451	3	0.033333
28352	28029	1	0.011111
28353	27491	4	0.002007
28353	27621	2	0.001004
28353	28683	6	0.003011
28353	29134	2	0.001004
28353	28623	4	0.002007
28353	28821	2	0.001004
28353	28440	7	0.003512
28353	29003	2	0.001004
28353	27899	2	0.001004
28353	27581	2	0.001004
28353	27455	2	0.001004
28355	27950	1	0.500000
28356	28584	2	0.002101
28356	27628	1856	1.949580
28356	28300	3	0.003151
28356	27950	1858	1.951681
28356	28018	3	0.003151
28356	28022	7	0.007353
28356	28440	2	0.002101
28357	28257	4	0.102564
28357	27589	1	0.025641
28357	28807	40	1.025641
28357	28937	40	1.025641
28357	27658	40	1.025641
28357	28396	40	1.025641
28357	28589	124	3.179487
28357	27502	40	1.025641
28357	27567	1	0.025641
28357	27950	1	0.025641
28357	28174	1	0.025641
28357	27503	1	0.025641
28358	27950	7460	1.914293
28359	28416	1	0.001235
28359	28992	1	0.001235
28359	28423	1	0.001235
28359	28683	10	0.012346
28359	27922	1	0.001235
28359	28821	4	0.004938
28359	28440	1046	1.291358
28359	28698	5	0.006173
28359	27803	1	0.001235
28359	27934	1	0.001235
28359	28064	1	0.001235
28359	28706	3	0.003704
28359	28584	2	0.002469
28359	28970	780	0.962963
28359	27949	1	0.001235
28359	27701	7	0.008642
28359	28617	1	0.001235
28359	28859	12	0.014815
28359	27452	1	0.001235
28359	27466	1	0.001235
28359	28608	3	0.003704
28359	28737	837	1.033333
28359	27586	835	1.030864
28359	28745	2	0.002469
28359	28106	37	0.045679
28359	27703	1	0.001235
28359	28495	10	0.012346
28359	28500	1	0.001235
28359	28886	12	0.014815
28359	28898	1	0.001235
28359	27621	1	0.001235
28359	28989	1	0.001235
28359	27899	2	0.002469
28359	28029	4	0.004938
28360	28497	1	0.016129
28361	28552	43	0.008657
28361	28811	1	0.000201
28361	28909	43	0.008657
28361	27950	2	0.000403
28362	28040	8	0.004240
28362	27705	1490	0.789613
28362	27882	1490	0.789613
28362	27410	6	0.003180
28362	27950	24	0.012719
28363	28416	1	0.052632
28363	28835	1	0.052632
28363	27652	3	0.157895
28363	28298	1	0.052632
28363	27950	30	1.578947
28363	28367	1	0.052632
28363	28562	34	1.789474
28363	28084	1	0.052632
28363	28821	1	0.052632
28364	27586	1	0.004785
28364	27684	1	0.004785
28364	27945	208	0.995215
28364	29140	3	0.014354
28364	28725	1	0.004785
28364	28440	3	0.014354
28364	28186	208	0.995215
28364	27899	6	0.028708
28364	28924	1	0.004785
28364	28029	1	0.004785
28364	28094	1	0.004785
28365	28032	595	1.000000
28365	28859	520	0.873950
28365	28004	594	0.998319
28365	29098	522	0.877311
28365	28683	2	0.003361
28365	28623	2	0.003361
28365	28027	1	0.001681
28365	29106	595	1.000000
28365	29140	16	0.026891
28365	27479	3	0.005042
28365	28698	1191	2.001681
28365	27899	1193	2.005042
28365	28106	1	0.001681
28366	28440	3	0.021898
28367	28811	1	0.008333
28367	29092	3	0.025000
28367	27950	3	0.025000
28367	28919	2	0.016667
28368	28992	2	0.007968
28368	28097	2	0.007968
28368	27877	2	0.007968
28368	27686	32	0.127490
28368	28584	4	0.015936
28368	28713	4	0.015936
28368	28106	6	0.023904
28368	28230	2	0.007968
28368	27599	2	0.007968
28368	27701	2	0.007968
28368	28886	2	0.007968
28368	28440	2	0.007968
28368	27884	2	0.007968
28368	28725	8	0.031873
28371	28480	11	0.071429
28371	27489	2	0.012987
28371	27531	2	0.012987
28371	27684	4	0.025974
28371	28549	16	0.103896
28371	28106	8	0.051948
28371	28683	3	0.019481
28371	28079	2	0.012987
28371	28529	2	0.012987
28371	28835	1	0.006494
28371	28421	2	0.012987
28371	27637	2	0.012987
28371	27542	2	0.012987
28371	28440	8	0.051948
28371	27482	2	0.012987
28371	28495	2	0.012987
28371	29098	2	0.012987
28371	28030	2	0.012987
28371	27621	2	0.012987
28372	28355	2	0.500000
28372	27950	2	0.500000
28373	28127	6	0.027027
28374	28683	16	0.045455
28374	28044	1	0.002841
28374	28821	1	0.002841
28374	28440	1	0.002841
28374	28698	1	0.002841
28374	28189	1	0.002841
28374	28835	1	0.002841
28374	28456	1	0.002841
28374	28461	1	0.002841
28374	28849	1	0.002841
28374	28341	1	0.002841
28374	27712	1	0.002841
28374	28226	1	0.002841
28374	28106	1	0.002841
28374	27727	272	0.772727
28374	29140	9	0.025568
28374	28623	12	0.034091
28374	27875	1	0.002841
28374	28263	1	0.002841
28374	28584	3	0.008523
28374	27899	7	0.019886
28374	28029	2	0.005682
28375	28482	8772	2.678473
28375	28828	2875	0.877863
28375	27950	1	0.000305
28375	28558	2875	0.877863
28375	28517	1	0.000305
28377	28736	968	18.615385
28377	28467	46	0.884615
28378	28546	3	0.009646
28378	27875	5	0.016077
28378	28423	1	0.003215
28378	29005	1	0.003215
28378	27950	31	0.099678
28378	27930	1	0.003215
28379	27894	2	0.000974
28379	27899	3	0.001461
28379	27621	45	0.021919
28379	28989	1	0.000487
28379	27542	3	0.001461
28379	28125	8	0.003897
28379	28434	142	0.069167
28379	28821	59	0.028738
28379	28886	3	0.001461
28379	29007	1	0.000487
28379	28440	118	0.057477
28379	28698	2	0.000974
28379	28859	221	0.107647
28379	28029	1	0.000487
28379	28453	3	0.001461
28380	28608	1	0.006452
28380	28480	2	0.012903
28380	27491	1	0.006452
28380	28495	1	0.006452
28380	28992	1	0.006452
28380	28698	1	0.006452
28381	27591	270	6.750000
28382	28032	5	0.017007
28382	27491	2	0.006803
28382	27684	1	0.003401
28382	28584	2	0.006803
28382	28587	12	0.040816
28382	27758	2	0.006803
28382	28376	1	0.003401
28382	28466	1	0.003401
28382	28471	10	0.034014
28382	28440	6	0.020408
28382	27899	3	0.010204
28382	28029	2	0.006803
28383	28440	129	1.954545
28383	28938	64	0.969697
28383	27899	128	1.939394
28384	28992	4	0.266667
28384	27527	2	0.133333
28384	28747	2	0.133333
28384	28886	13	0.866667
28384	27479	17	1.133333
28384	27899	3	0.200000
28384	28919	2	0.133333
28385	28440	1	0.023256
28385	27899	1	0.023256
28385	28998	1	0.023256
28386	27520	4	0.013841
28386	27808	1	0.003460
28386	28324	10	0.034602
28386	28869	2	0.006920
28386	29062	4	0.013841
28386	29098	2	0.006920
28386	27950	2	0.006920
28386	27408	1	0.003460
28386	28241	2	0.006920
28386	28149	2	0.006920
28386	28440	6	0.020761
28386	27899	8	0.027682
28386	28938	2	0.006920
28386	27621	2	0.006920
28388	28961	78	0.109397
28388	28203	580	0.813464
28388	29028	1	0.001403
28388	27621	1	0.001403
28388	28029	1	0.001403
28388	29098	3	0.004208
28388	28683	2	0.002805
28388	27704	1	0.001403
28388	27950	598	0.838710
28388	28495	1	0.001403
28388	28440	4	0.005610
28388	27634	1	0.001403
28388	27491	1	0.001403
28388	28821	1	0.001403
28388	27899	2	0.002805
28388	28344	1	0.001403
28388	28859	2	0.002805
28388	28106	1	0.001403
28388	27701	1	0.001403
28390	29062	5	0.002369
28390	28440	635	0.300805
28390	28698	1	0.000474
28390	27675	2	0.000947
28390	27934	2	0.000947
28390	28064	2	0.000947
28390	27684	1	0.000474
28390	28584	2	0.000947
28390	29098	3	0.001421
28390	28084	1	0.000474
28390	28859	1	0.000474
28390	28094	2	0.000947
28390	28480	3	0.001421
28390	28745	2	0.000947
28390	28106	4	0.001895
28390	28386	1	0.000474
28390	28623	2	0.000947
28390	28500	2	0.000947
28390	28886	2	0.000947
28390	27738	1	0.000474
28390	28495	61	0.028896
28390	27617	11	0.005211
28390	28898	2	0.000947
28390	27621	1	0.000474
28390	28018	1	0.000474
28390	27899	12	0.005685
28390	28029	7	0.003316
28391	28280	4	0.013378
28391	28440	5	0.016722
28391	27762	1	0.003344
28391	27899	1	0.003344
28391	27941	1	0.003344
28392	28416	6	0.000786
28392	27875	44	0.005761
28392	28676	18346	2.402252
28392	28453	3	0.000393
28392	29062	2	0.000262
28392	28327	2	0.000262
28392	28456	6530	0.855048
28392	28106	10	0.001309
28392	28811	4	0.000524
28392	27950	415	0.054341
28392	27899	2	0.000262
28392	28835	2	0.000262
28392	28084	3	0.000393
28392	28341	6529	0.854917
28392	28919	4	0.000524
28392	28095	1	0.000131
28392	28029	33	0.004321
28392	28991	1	0.000131
28393	28811	1	0.062500
28394	28821	34	0.944444
28395	27950	1	0.008929
28396	28257	1	0.028571
28396	28357	35	1.000000
28396	28807	35	1.000000
28396	28937	35	1.000000
28396	27658	35	1.000000
28396	28589	102	2.914286
28396	27502	35	1.000000
28396	27503	1	0.028571
28396	28174	2	0.057143
28399	28480	2	0.003082
28399	28608	1	0.001541
28399	28260	2	0.003082
28399	28653	5	0.007704
28399	28344	2	0.003082
28399	27412	2	0.003082
28399	28949	1	0.001541
28399	28886	2	0.003082
28399	28440	3	0.004622
28399	28788	1	0.001541
28399	27899	1	0.001541
28399	28277	1	0.001541
28400	27984	1	0.071429
28400	28821	1	0.071429
28400	27950	1	0.071429
28402	28032	2	0.001820
28402	29062	27	0.024568
28402	27527	8	0.007279
28402	27412	1	0.000910
28402	28440	21	0.019108
28402	28698	10	0.009099
28402	27684	3	0.002730
28402	28453	1	0.000910
28402	28070	7	0.006369
28402	28584	1	0.000910
28402	29098	3	0.002730
28402	29103	5	0.004550
28402	28465	33	0.030027
28402	28859	2	0.001820
28402	28989	1	0.000910
28402	28094	2	0.001820
28402	28608	2	0.001820
28402	28097	2	0.001820
28402	27586	5	0.004550
28402	28106	7	0.006369
28402	28495	8	0.007279
28402	29138	22	0.020018
28402	29140	4	0.003640
28402	28886	2	0.001820
28402	27479	8	0.007279
28402	28623	3	0.002730
28402	28027	43	0.039126
28402	27621	5	0.004550
28402	27894	2	0.001820
28402	28919	1	0.000910
28402	27899	4	0.003640
28404	28992	2	0.011364
28404	28859	4	0.022727
28404	27684	4	0.022727
28404	27621	12	0.068182
28404	28457	1	0.005682
28404	28106	4	0.022727
28404	28075	2	0.011364
28404	27884	10	0.056818
28404	28623	6	0.034091
28404	27951	3	0.017045
28404	29140	3	0.017045
28404	28440	14	0.079545
28404	27899	2	0.011364
28404	28415	6	0.034091
28409	27899	20	0.952381
28409	28180	3	0.142857
28410	29123	3	0.012931
28410	27463	228	0.982759
28410	28882	2	0.008621
28410	27950	251	1.081897
28410	27538	228	0.982759
28410	27539	231	0.995690
28410	28948	3	0.012931
28410	28024	228	0.982759
28410	27737	3	0.012931
28413	28613	1	0.009434
28413	27950	56	0.528302
28413	28822	1	0.009434
28413	27768	1	0.009434
28413	28445	1	0.009434
28413	28517	1	0.009434
28414	29073	36	0.208092
28414	28811	1	0.005780
28414	28029	1	0.005780
28414	27950	7	0.040462
28414	27681	255	1.473988
28415	28480	4	0.043956
28415	27491	1	0.010989
28415	27542	2	0.021978
28415	28938	1	0.010989
28415	27504	3	0.032967
28415	28821	2	0.021978
28415	27894	2	0.021978
28415	28440	3	0.032967
28415	28698	1	0.010989
28415	27899	4	0.043956
28415	27868	3	0.032967
28416	27460	1	0.055556
28416	28106	5	0.277778
28416	27899	4	0.222222
28416	28084	3	0.166667
28416	28821	17	0.944444
28417	27905	1	0.000994
28417	27586	1	0.000994
28417	28835	2	0.001988
28417	27684	1	0.000994
28417	27621	33	0.032803
28417	28937	1	0.000994
28417	28234	1	0.000994
28417	28396	1	0.000994
28417	28589	4	0.003976
28417	28174	94	0.093439
28417	28029	1	0.000994
28417	27899	2	0.001988
28417	28440	8	0.007952
28417	28859	3	0.002982
28417	27658	1	0.000994
28418	27899	47	1.021739
28419	28106	4	0.048780
28419	27899	7	0.085366
28419	27701	1	0.012195
28419	28191	3	0.036585
28420	27792	2	0.040000
28420	29083	1	0.020000
28420	28244	7	0.140000
28420	27950	1	0.020000
28420	27734	2	0.040000
28421	29056	2	0.036364
28421	28429	2	0.036364
28421	29007	2	0.036364
28422	27591	216	5.837838
28423	27949	1	0.058824
28425	28480	1	0.007937
28425	28224	1	0.007937
28425	27528	1	0.007937
28425	27458	1	0.007937
28425	27535	1	0.007937
28425	28690	1	0.007937
28425	28821	1	0.007937
28425	28453	1	0.007937
28425	28200	1	0.007937
28425	28201	1	0.007937
28425	28079	2	0.015873
28425	27954	1	0.007937
28425	28474	1	0.007937
28425	28859	18	0.142857
28425	27968	1	0.007937
28425	28994	1	0.007937
28425	28105	2	0.015873
28425	28106	5	0.039683
28425	28622	2	0.015873
28425	28495	1	0.007937
28425	28759	1	0.007937
28425	29149	1	0.007937
28425	28766	1	0.007937
28425	29151	2	0.015873
28425	27489	1	0.007937
28425	27883	1	0.007937
28425	28016	1	0.007937
28426	29098	10	0.065359
28426	27950	9	0.058824
28426	28495	8	0.052288
28426	28824	2	0.013072
28426	28440	2	0.013072
28426	27481	1	0.006536
28427	29124	1	0.006536
28427	28230	1	0.006536
28427	28623	1	0.006536
28427	28497	1	0.006536
28427	27701	1	0.006536
28427	27893	2	0.013072
28428	27950	1	0.010417
28431	28608	1	0.016667
28431	28032	1	0.016667
28431	29062	1	0.016667
28431	27784	7	0.116667
28431	28938	1	0.016667
28431	27950	1	0.016667
28431	28440	1	0.016667
28431	28027	1	0.016667
28431	28480	2	0.033333
28431	28029	1	0.016667
28436	28209	3	0.018405
28436	28562	160	0.981595
28436	28811	2	0.012270
28436	28842	2	0.012270
28436	27825	3	0.018405
28437	28226	2	0.002793
28437	28868	5005	6.990223
28437	28453	4	0.005587
28437	28263	2	0.002793
28437	28106	11	0.015363
28437	28683	3	0.004190
28437	28944	715	0.998603
28437	28849	2	0.002793
28437	27956	722	1.008380
28437	28341	2	0.002793
28437	28374	2	0.002793
28437	28440	2	0.002793
28437	29140	12	0.016760
28437	28189	2	0.002793
28438	27950	2	0.048780
28439	28032	2	0.013699
28439	28835	2	0.013699
28439	27684	1	0.006849
28439	28584	1	0.006849
28439	28106	4	0.027397
28439	28683	2	0.013699
28439	27860	2	0.013699
28439	27819	2	0.013699
28439	27479	2	0.013699
28439	28440	7	0.047945
28439	28698	2	0.013699
28439	28859	5	0.034247
28439	28029	4	0.027397
28440	28416	1	0.003106
28440	28290	1	0.003106
28440	27798	1	0.003106
28440	28806	1	0.003106
28440	28938	2	0.006211
28440	27535	1	0.003106
28440	28308	1	0.003106
28440	27542	1	0.003106
28440	28439	1	0.003106
28440	28701	1	0.003106
28440	27934	277	0.860248
28440	28064	277	0.860248
28440	28706	2	0.006211
28440	27555	1	0.003106
28440	27684	3	0.009317
28440	28835	1	0.003106
28440	28326	1	0.003106
28440	28261	1	0.003106
28440	28584	1	0.003106
28440	27561	1	0.003106
28440	29098	5	0.015528
28440	27949	1	0.003106
28440	27950	3	0.009317
28440	28829	1	0.003106
28440	28084	1	0.003106
28440	27701	1	0.003106
28440	28859	3	0.009317
28440	27552	1	0.003106
28440	28612	1	0.003106
28440	28745	277	0.860248
28440	29130	1	0.003106
28440	28495	4	0.012422
28440	27729	1	0.003106
28440	28371	1	0.003106
28440	28500	277	0.860248
28440	28713	1	0.003106
28440	28886	1	0.003106
28440	28891	1	0.003106
28440	27740	1	0.003106
28440	27741	1	0.003106
28440	27871	1	0.003106
28440	28898	277	0.860248
28440	27491	13	0.040373
28440	27621	2	0.006211
28440	28390	1	0.003106
28440	29159	1	0.003106
28440	28668	1	0.003106
28440	28263	1	0.003106
28440	28916	1	0.003106
28440	28919	1	0.003106
28440	27899	283	0.878882
28440	28924	1	0.003106
28440	28074	1	0.003106
28441	27950	1	0.005650
28441	28343	227	1.282486
28442	27898	1	0.009524
28442	28218	2	0.019048
28442	28453	2	0.019048
28442	27950	3	0.028571
28442	27725	1	0.009524
28443	29062	5	0.008091
28443	27527	1	0.001618
28443	28938	1	0.001618
28443	28821	2	0.003236
28443	28440	7	0.011327
28443	28698	9	0.014563
28443	27914	1	0.001618
28443	28833	1	0.001618
28443	28835	2	0.003236
28443	28838	1	0.001618
28443	28200	3	0.004854
28443	27433	1	0.001618
28443	28344	1	0.001618
28443	28859	3	0.004854
28443	28106	2	0.003236
28443	28608	5	0.008091
28443	28097	5	0.008091
28443	27586	1	0.001618
28443	29096	3	0.004854
28443	28234	1	0.001618
28443	27596	4	0.006472
28443	28495	1	0.001618
28443	28113	10	0.016181
28443	29140	2	0.003236
28443	28886	12	0.019417
28443	27479	1	0.001618
28443	28891	2	0.003236
28443	27868	3	0.004854
28443	27899	15	0.024272
28443	27628	1	0.001618
28443	28584	9	0.014563
28443	27513	1	0.001618
28443	28026	7	0.011327
28443	28923	1	0.001618
28443	28029	10	0.016181
28443	27519	629	1.017799
28444	27899	851	0.868367
28445	28440	1	0.055556
28445	29145	2	0.111111
28445	27940	8	0.444444
28445	29062	1	0.055556
28446	27591	333	9.250000
28447	28938	9	0.007171
28447	28683	2	0.001594
28447	27542	2	0.001594
28447	28440	978	0.779283
28447	28706	3	0.002390
28447	27683	3	0.002390
28447	27565	3	0.002390
28447	28725	3	0.002390
28447	27703	3	0.002390
28447	28859	2	0.001594
28447	27586	2	0.001594
28447	28102	1810	1.442231
28447	28106	84	0.066932
28447	28748	2	0.001594
28447	29140	4	0.003187
28447	27606	3	0.002390
28447	27738	3	0.002390
28447	27621	15	0.011952
28447	28267	3	0.002390
28447	28781	9	0.007171
28447	27899	4	0.003187
28447	28029	2	0.001594
28448	28888	107	1.080808
28448	27950	1	0.010101
28448	27799	2	0.020202
28449	28548	3008	1.597451
28449	28517	1	0.000531
28449	27950	2984	1.584705
28449	28018	72	0.038237
28449	28597	4476	2.377058
28449	28132	47934	25.456187
28449	27899	1492	0.792353
28449	29087	3006	1.596389
28451	27875	1	0.001590
28451	28644	2	0.003180
28451	29138	99	0.157393
28451	27950	308	0.489666
28451	29103	1	0.001590
28451	28465	6333	10.068362
28451	28402	639	1.015898
28451	28084	1	0.001590
28451	28440	2	0.003180
28451	28029	1	0.001590
28453	29062	3	0.000898
28453	27655	1	0.000299
28453	27884	5	0.001496
28453	28811	2	0.000598
28453	28689	8	0.002394
28453	28053	1	0.000299
28453	28310	1	0.000299
28453	28440	4	0.001197
28453	28698	10	0.002992
28453	28956	7	0.002095
28453	27504	1	0.000299
28453	28609	1	0.000299
28453	28835	3	0.000898
28453	29096	1	0.000299
28453	29098	7	0.002095
28453	27950	3	0.000898
28453	28466	9	0.002693
28453	28084	2	0.000598
28453	28344	1	0.000299
28453	27450	1	0.000299
28453	28604	1	0.000299
28453	28992	2	0.000598
28453	28097	1	0.000299
28453	28299	2	0.000598
28453	27720	1	0.000299
28453	28619	1	0.000299
28453	29005	1	0.000299
28453	29134	1	0.000299
28453	28623	1	0.000299
28453	27729	2	0.000598
28453	28886	4	0.001197
28453	28249	1	0.000299
28453	28495	2	0.000598
28453	28538	1	0.000299
28453	28894	1	0.000299
28453	27491	2	0.000598
28453	28644	1	0.000299
28453	28113	7	0.002095
28453	28523	1	0.000299
28453	29036	1	0.000299
28453	28923	7	0.002095
28453	27762	4	0.001197
28453	28147	1	0.000299
28453	28662	1	0.000299
28453	28919	21	0.006284
28453	28665	4	0.001197
28453	27898	3	0.000898
28453	27899	7	0.002095
28453	28924	7	0.002095
28453	28029	2	0.000598
28456	28416	2	0.002714
28456	28032	2	0.002714
28456	28676	565	0.766621
28456	29062	2	0.002714
28456	28938	2	0.002714
28456	28683	16	0.021710
28456	28181	2	0.002714
28456	28068	4	0.005427
28456	28584	4	0.005427
28456	27701	10	0.013569
28456	27452	2	0.002714
28456	27586	6	0.008141
28456	27975	2	0.002714
28456	28106	211	0.286296
28456	28623	2	0.002714
28456	29140	4	0.005427
28456	27684	2	0.002714
28456	27487	2	0.002714
28456	27621	8	0.010855
28456	28392	4	0.005427
28456	27899	4	0.005427
28456	28029	4	0.005427
28457	28404	1	0.030303
28457	28230	1	0.030303
28457	27679	1	0.030303
28458	28440	1	0.014493
28458	27899	132	1.913043
28458	28821	1	0.014493
28458	28029	2	0.028986
28459	29162	1	0.028571
28459	28604	1	0.028571
28459	27950	16	0.457143
28460	28106	1	0.022727
28460	27943	4	0.090909
28460	28584	1	0.022727
28460	28298	2	0.045455
28460	28683	1	0.022727
28460	28657	4	0.090909
28460	28029	4	0.090909
28461	27491	1	0.000288
28461	27684	2	0.000577
28461	27621	2	0.000577
28461	27430	15	0.004324
28461	28745	3	0.000865
28461	28683	2	0.000577
28461	28623	2	0.000577
28461	28344	5	0.001441
28461	29140	3	0.000865
28461	28821	1	0.000288
28461	28440	12	0.003459
28462	27908	1	0.014706
28463	28495	9	0.375000
28464	27916	6	0.375000
28464	27950	17	1.062500
28465	27875	1	0.001669
28465	28644	2	0.003339
28465	29138	99	0.165275
28465	27950	308	0.514190
28465	29103	1	0.001669
28465	28402	608	1.015025
28465	28084	1	0.001669
28465	28440	2	0.003339
28465	28029	1	0.001669
28466	29022	1	0.000227
28466	28804	1	0.000227
28466	27653	4	0.000909
28466	29062	2	0.000455
28466	27655	3	0.000682
28466	28736	1	0.000227
28466	28298	1	0.000227
28466	28811	2	0.000455
28466	28684	2	0.000455
28466	28894	1	0.000227
28466	29096	1	0.000227
28466	27796	2	0.000455
28466	28053	1	0.000227
28466	29005	1	0.000227
28466	28440	1	0.000227
28466	28698	15	0.003409
28466	28956	228	0.051818
28466	28189	1	0.000227
28466	27504	2	0.000455
28466	28706	2	0.000455
28466	28453	30	0.006818
28466	28327	95	0.021591
28466	28584	1	0.000227
28466	29098	4	0.000909
28466	28423	1	0.000227
28466	27950	10	0.002273
28466	29103	1	0.000227
28466	28147	1	0.000227
28466	27701	9	0.002045
28466	28619	1	0.000227
28466	28859	3	0.000682
28466	28604	1	0.000227
28466	28367	2	0.000455
28466	28992	5	0.001136
28466	28609	1	0.000227
28466	27586	5	0.001136
28466	28683	1	0.000227
28466	28106	2	0.000455
28466	28363	1	0.000227
28466	28109	1	0.000227
28466	29134	1	0.000227
28466	28495	1	0.000227
28466	28113	23	0.005227
28466	29140	1	0.000227
28466	28886	1	0.000227
28466	27479	1	0.000227
28466	28376	2	0.000455
28466	28249	1	0.000227
28466	29147	2	0.000455
28466	28382	6	0.001364
28466	28127	1	0.000227
28466	27491	1	0.000227
28466	28644	1	0.000227
28466	27621	2	0.000455
28466	27729	1	0.000227
28466	28523	1	0.000227
28466	27884	1	0.000227
28466	27758	2	0.000455
28466	28923	3	0.000682
28466	29041	1	0.000227
28466	27635	2	0.000455
28466	28990	1	0.000227
28466	28662	1	0.000227
28466	28919	20	0.004545
28466	27898	1	0.000227
28466	27899	1	0.000227
28466	28924	21	0.004773
28467	28736	1014	19.132075
28467	28377	48	0.905660
28467	28192	1	0.018868
28468	27811	25	0.019231
28468	27684	2	0.001538
28468	28623	1	0.000769
28468	28039	59	0.045385
28468	28584	25	0.019231
28468	28106	26	0.020000
28468	27884	9	0.006923
28468	28495	12	0.009231
28468	28027	3	0.002308
28468	27633	2	0.001538
28468	27675	2	0.001538
28468	28859	3	0.002308
28468	28029	2	0.001538
28468	28094	1	0.000769
28468	28159	23	0.017692
28469	27682	682	0.373085
28469	28293	643	0.351751
28469	27817	573	0.313457
28469	28919	1	0.000547
28469	28078	20	0.010941
28469	27823	1	0.000547
28469	27950	36	0.019694
28469	29143	5961	3.260941
28469	28453	1	0.000547
28470	28698	1	0.013699
28471	28466	4	0.003543
28471	28029	2	0.001771
28471	28382	932	0.825509
28471	27950	1870	1.656333
28471	28079	2	0.001771
28472	28584	9	0.001618
28472	28811	6	0.001079
28472	27950	115	0.020672
28472	27899	6	0.001079
28472	28029	24	0.004314
28472	28095	9	0.001618
28473	28423	1	0.000947
28473	28584	1	0.000947
28473	28617	1	0.000947
28473	27950	9	0.008523
28473	29135	3	0.002841
28473	27922	1	0.000947
28474	28032	1	0.004950
28474	28609	1	0.004950
28474	27586	2	0.009901
28474	28859	1	0.004950
28474	27979	6	0.029703
28474	29005	1	0.004950
28474	27950	1	0.004950
28474	27983	1	0.004950
28474	28440	5	0.024752
28474	28466	1	0.004950
28474	27928	145	0.717822
28474	27899	1	0.004950
28477	27449	43	1.023810
28477	28867	41	0.976190
28478	27618	2	0.010638
28478	29003	181	0.962766
28478	28251	2	0.010638
28478	28106	5	0.026596
28478	28683	22	0.117021
28478	28344	2	0.010638
28478	27491	1	0.005319
28478	28440	3	0.015957
28478	27899	6	0.031915
28480	28928	2	0.002890
28480	27504	3	0.004335
28480	27524	3	0.004335
28480	29062	7	0.010116
28480	28225	1	0.001445
28480	27528	1	0.001445
28480	28425	1	0.001445
28480	28938	7	0.010116
28480	28683	11	0.015896
28480	28044	1	0.001445
28480	28431	1	0.001445
28480	29073	1	0.001445
28480	27667	2	0.002890
28480	27412	21	0.030347
28480	28949	1	0.001445
28480	27542	45	0.065029
28480	28439	1	0.001445
28480	28440	12	0.017341
28480	28698	12	0.017341
28480	27823	1	0.001445
28480	28821	6	0.008671
28480	28353	1	0.001445
28480	28447	1	0.001445
28480	27868	3	0.004335
28480	28833	1	0.001445
28480	28453	10	0.014451
28480	27942	1	0.001445
28480	28200	1	0.001445
28480	28585	1	0.001445
28480	29098	7	0.010116
28480	27655	1	0.001445
28480	28076	1	0.001445
28480	27565	1	0.001445
28480	27822	1	0.001445
28480	28079	3	0.004335
28480	28466	2	0.002890
28480	28084	1	0.001445
28480	27446	1	0.001445
28480	28344	7	0.010116
28480	29036	1	0.001445
28480	27962	1	0.001445
28480	28859	6	0.008671
28480	27964	1	0.001445
28480	28234	1	0.001445
28480	28094	8	0.011561
28480	28608	34	0.049133
28480	28097	30	0.043353
28480	28380	2	0.002890
28480	27720	1	0.001445
28480	28745	1	0.001445
28480	28874	3	0.004335
28480	28018	1	0.001445
28480	28239	1	0.001445
28480	29140	2	0.002890
28480	29015	1	0.001445
28480	28762	2	0.002890
28480	28495	2	0.002890
28480	28636	1	0.001445
28480	28951	1	0.001445
28480	27618	3	0.004335
28480	27491	99	0.143064
28480	28260	9	0.013006
28480	27621	10	0.014451
28480	29162	1	0.001445
28480	27755	1	0.001445
28480	27884	6	0.008671
28480	28923	11	0.015896
28480	28529	1	0.001445
28480	27762	3	0.004335
28480	27582	2	0.002890
28480	27894	13	0.018786
28480	28919	7	0.010116
28480	27513	10	0.014451
28480	27899	38	0.054913
28480	28415	138	0.199422
28482	28828	166	0.672065
28482	28558	166	0.672065
28482	28375	166	0.672065
28483	28240	1	0.016949
28483	27604	1	0.016949
28485	28886	21	0.913043
28486	28811	1	0.002222
28486	27950	127	0.282222
28487	28440	2	0.029412
28487	28192	1	0.014706
28487	28698	1	0.014706
28487	28588	1	0.014706
28487	27621	1	0.014706
28489	28192	12	0.005722
28489	28480	1	0.000477
28489	27586	2	0.000954
28489	27717	14	0.006676
28489	28070	1	0.000477
28489	28097	1	0.000477
28489	28584	4	0.001907
28489	28106	3	0.001431
28489	29099	4	0.001907
28489	28221	4	0.001907
28489	27701	1	0.000477
28489	28440	9	0.004292
28489	28623	1	0.000477
28489	28029	2	0.000954
28490	28821	16	0.941176
28492	28617	2	0.002825
28492	27950	136	0.192090
28492	27922	1	0.001412
28492	27448	255	0.360169
28492	28698	1	0.001412
28492	28029	1	0.001412
28492	28991	1	0.001412
28493	27491	1	0.090909
28493	28698	11	1.000000
28493	27479	80	7.272727
28493	27643	1	0.090909
28493	27527	80	7.272727
28494	28192	1	0.050000
28494	27899	1	0.050000
28494	27621	3	0.150000
28495	28806	1	0.000814
28495	28423	1	0.000814
28495	29073	1	0.000814
28495	28824	1	0.000814
28495	27675	1	0.000814
28495	29098	7	0.005700
28495	28468	1	0.000814
28495	27704	1	0.000814
28495	27835	1	0.000814
28495	27466	1	0.000814
28495	28094	1	0.000814
28495	28359	1	0.000814
28495	28106	2	0.001629
28495	27859	1	0.000814
28495	28763	1	0.000814
28495	27875	14	0.011401
28495	28267	1	0.000814
28495	27633	1	0.000814
28495	28371	3	0.002443
28495	28859	1219	0.992671
28495	28538	1	0.000814
28495	27899	1	0.000814
28496	27950	2	0.166667
28496	28860	1	0.083333
28496	28645	3	0.250000
28496	28918	1	0.083333
28496	28659	1	0.083333
28497	28360	1	0.010309
28497	28326	2	0.020619
28499	28097	5	0.024510
28499	28739	1	0.004902
28499	28267	1	0.004902
28499	28260	13	0.063725
28499	29062	56	0.274510
28499	27655	1	0.004902
28499	28619	2	0.009804
28499	27950	1	0.004902
28499	27504	8	0.039216
28499	28523	1	0.004902
28499	28662	1	0.004902
28499	28249	1	0.004902
28499	27898	1	0.004902
28499	29147	1	0.004902
28499	28644	1	0.004902
28499	28609	1	0.004902
28500	28064	12	0.923077
28500	28898	12	0.923077
28500	28745	12	0.923077
28500	28440	3120	240.000000
28500	27899	12	0.923077
28500	27934	12	0.923077
28501	28192	2	0.001333
28501	27811	35	0.023333
28501	28039	97156	64.770667
28501	28041	14	0.009333
28501	28811	5	0.003333
28501	29005	1	0.000667
28501	27950	17	0.011333
28501	27856	1	0.000667
28501	28468	2	0.001333
28501	28919	3	0.002000
28502	27529	82	0.166667
28502	28562	35	0.071138
28502	27773	558	1.134146
28502	27950	53	0.107724
28503	27618	2	0.012739
28503	29035	6	0.038217
28503	27684	6	0.038217
28503	28745	2	0.012739
28503	28106	6	0.038217
28503	28683	6	0.038217
28503	29134	2	0.012739
28503	28344	2	0.012739
28503	28821	2	0.012739
28503	28440	12	0.076433
28503	27833	4	0.025478
28504	28032	3	0.021739
28504	28040	6	0.043478
28504	28683	7	0.050725
28504	27410	4	0.028986
28504	28821	5	0.036232
28504	27542	2	0.014493
28504	28440	11	0.079710
28504	27423	6	0.043478
28504	28835	4	0.028986
28504	28584	17	0.123188
28504	27950	2	0.014493
28504	27701	2	0.014493
28504	27705	4	0.028986
28504	28362	2	0.014493
28504	28094	2	0.014493
28504	28480	4	0.028986
28504	27586	2	0.014493
28504	28106	6	0.043478
28504	28623	1	0.007246
28504	29140	7	0.050725
28504	28900	6	0.043478
28504	27882	2	0.014493
28504	28537	2	0.014493
28504	27899	2	0.014493
28504	28029	6	0.043478
28504	28159	2	0.014493
28506	28032	3	0.016393
28506	28453	1	0.005464
28506	28106	2	0.010929
28506	28623	1	0.005464
28506	27508	2	0.010929
28506	28821	2	0.010929
28506	28440	4	0.021858
28506	29140	4	0.021858
28506	28762	1	0.005464
28506	27899	1	0.005464
28506	27646	7	0.038251
28511	27950	368	1.282230
28511	27866	368	1.282230
28511	27827	368	1.282230
28511	27925	368	1.282230
28511	28790	184	0.641115
28513	28192	1	0.017241
28514	28106	2	0.020202
28514	27501	30	0.303030
28514	27950	110	1.111111
28516	28192	2	0.017391
28516	28440	1	0.008696
28516	28924	1	0.008696
28516	27621	1	0.008696
28517	28832	43	1.343750
28517	28192	5	0.156250
28517	28132	1	0.031250
28517	28745	1	0.031250
28517	29098	1	0.031250
28517	28811	1	0.031250
28517	27950	1	0.031250
28517	28597	1	0.031250
28517	28566	1	0.031250
28517	28900	1	0.031250
28517	28218	1	0.031250
28517	28413	1	0.031250
28517	27679	4	0.125000
28518	27847	2	0.048780
28523	27586	3	0.002295
28523	28584	1	0.000765
28523	28842	2	0.001530
28523	27950	1	0.000765
28523	28495	7	0.005356
28523	28886	2	0.001530
28523	28919	20	0.015302
28523	28440	1	0.000765
28523	28763	1	0.000765
28525	28902	55	0.028766
28525	28035	65	0.033996
28525	28935	65	0.033996
28525	28815	57	0.029812
28525	27920	57	0.029812
28525	28051	65	0.033996
28525	28185	65	0.033996
28525	27419	58	0.030335
28525	28316	65	0.033996
28525	28957	53	0.027720
28525	27679	1254	0.655858
28525	27824	66	0.034519
28525	28325	65	0.033996
28525	28710	8134	4.254184
28525	28711	65	0.033996
28525	29044	54	0.028243
28525	28330	57	0.029812
28525	28679	65	0.033996
28525	27695	53	0.027720
28525	27696	65	0.033996
28525	27697	65	0.033996
28525	29104	53	0.027720
28525	27636	65	0.033996
28525	28091	53	0.027720
28525	27839	61	0.031904
28525	27456	65	0.033996
28525	27588	65	0.033996
28525	28848	53	0.027720
28525	27848	53	0.027720
28525	29136	53	0.027720
28525	28625	65	0.033996
28525	28884	65	0.033996
28525	29014	65	0.033996
28525	28633	53	0.027720
28525	28096	57	0.029812
28525	28641	65	0.033996
28525	28002	67	0.035042
28525	29027	65	0.033996
28525	27558	53	0.027720
28525	27750	53	0.027720
28525	28903	65	0.033996
28525	28262	6	0.003138
28525	28531	53	0.027720
28525	27764	65	0.033996
28525	27515	53	0.027720
28527	28440	1	0.002950
28527	28667	57	0.168142
28527	27621	1	0.002950
28528	28161	4	0.001515
28528	27524	2	0.000757
28528	28683	22	0.008330
28528	28558	1	0.000379
28528	28992	2	0.000757
28528	28951	4	0.001515
28528	28440	6	0.002272
28528	28584	2	0.000757
28528	27948	6	0.002272
28528	28078	3	0.001136
28528	27701	9	0.003408
28528	28344	6	0.002272
28528	27964	1	0.000379
28528	28480	2	0.000757
28528	28623	10	0.003786
28528	27448	1	0.000379
28528	27987	4	0.001515
28528	29140	24	0.009087
28528	27995	2	0.000757
28528	28898	15	0.005680
28528	27875	2	0.000757
28528	27621	18	0.006816
28528	27880	91	0.034457
28528	28777	1	0.000379
28528	28790	4	0.001515
28528	27899	10	0.003786
28528	28156	6	0.002272
28530	28032	4	0.035714
28530	28480	1	0.008929
28530	28835	12	0.107143
28530	27621	10	0.089286
28530	28683	7	0.062500
28530	27950	2	0.017857
28530	28495	2	0.017857
28530	29140	6	0.053571
28530	28821	5	0.044643
28530	28762	2	0.017857
28530	27899	6	0.053571
28530	28989	1	0.008929
28531	28902	39	0.031325
28531	28035	54	0.043373
28531	28935	54	0.043373
28531	28815	41	0.032932
28531	27920	41	0.032932
28531	28051	54	0.043373
28531	28185	54	0.043373
28531	27419	42	0.033735
28531	28316	54	0.043373
28531	28957	37	0.029719
28531	27679	846	0.679518
28531	27824	55	0.044177
28531	28325	54	0.043373
28531	28710	5574	4.477108
28531	28711	54	0.043373
28531	29044	38	0.030522
28531	28330	41	0.032932
28531	28679	54	0.043373
28531	27695	37	0.029719
28531	27696	54	0.043373
28531	27697	54	0.043373
28531	29104	37	0.029719
28531	27636	54	0.043373
28531	28091	37	0.029719
28531	28262	6	0.004819
28531	27839	45	0.036145
28531	27456	54	0.043373
28531	27588	54	0.043373
28531	28848	37	0.029719
28531	27848	37	0.029719
28531	29136	37	0.029719
28531	28625	54	0.043373
28531	28884	54	0.043373
28531	29014	54	0.043373
28531	28633	37	0.029719
28531	28096	41	0.032932
28531	28641	54	0.043373
28531	28002	56	0.044980
28531	29027	54	0.043373
28531	27558	37	0.029719
28531	27750	37	0.029719
28531	28903	54	0.043373
28531	28525	37	0.029719
28531	27764	54	0.043373
28531	27515	37	0.029719
28533	28698	14	0.933333
28533	27479	112	7.466667
28533	27527	112	7.466667
28534	28698	1	0.024390
28534	28106	1	0.024390
28535	27540	42	2.000000
28536	27434	1	0.004149
28536	29099	1	0.004149
28536	27950	2	0.008299
28536	28084	1	0.004149
28536	28821	2	0.008299
28536	28919	2	0.008299
28536	27899	1	0.004149
28536	28029	2	0.008299
28537	28562	2	0.166667
28538	27586	3	0.046875
28538	28804	1	0.015625
28538	28850	1	0.015625
28538	28821	1	0.015625
28538	27899	6	0.093750
28538	28725	1	0.015625
28540	27908	2	0.018868
28540	28938	2	0.018868
28540	28683	14	0.132075
28540	28821	5	0.047170
28540	28566	29	0.273585
28540	28440	36	0.339623
28540	28444	2	0.018868
28540	28832	2	0.018868
28540	28835	11	0.103774
28540	28725	2	0.018868
28540	28344	2	0.018868
28540	28859	6	0.056604
28540	27582	6	0.056604
28540	28106	6	0.056604
28540	27479	11	0.103774
28540	27738	2	0.018868
28540	27621	1	0.009434
28540	27491	2	0.018868
28540	28517	2	0.018868
28540	28029	1	0.009434
28540	28273	2	0.018868
28540	27768	2	0.018868
28540	27899	25	0.235849
28540	28413	13	0.122642
28541	28192	2	0.050000
28541	27527	304	7.600000
28541	28495	1	0.025000
28541	27479	304	7.600000
28541	28440	4	0.100000
28541	28698	39	0.975000
28541	27899	2	0.050000
28542	28192	1	0.058824
28542	28440	1	0.058824
28542	29132	4	0.235294
28543	28041	11	0.010806
28543	28609	2	0.001965
28543	27655	2	0.001965
28543	28584	1	0.000982
28543	29129	250	0.245580
28543	28919	2	0.001965
28543	27950	22	0.021611
28543	28001	2	0.001965
28543	28201	2	0.001965
28543	27899	1	0.000982
28543	28029	1	0.000982
28545	27938	1	0.001639
28545	27527	8	0.013115
28545	28811	76	0.124590
28545	28684	2	0.003279
28545	29133	401	0.657377
28545	27950	290	0.475410
28545	27635	3052	5.003279
28545	27540	1	0.001639
28545	28440	3	0.004918
28545	28990	1	0.001639
28546	28774	1	0.033333
28546	28967	1	0.033333
28546	28302	1	0.033333
28546	28623	1	0.033333
28546	28536	1	0.033333
28546	27482	1	0.033333
28546	28252	1	0.033333
28546	28378	1	0.033333
28547	28288	1	0.000947
28547	28423	1	0.000947
28547	28938	2	0.001894
28547	28811	3	0.002841
28547	27466	1	0.000947
28547	27922	1	0.000947
28547	27796	1	0.000947
28547	28440	2	0.001894
28547	28453	1	0.000947
28547	28584	5	0.004735
28547	27950	16	0.015152
28547	27701	4	0.003788
28547	28859	1	0.000947
28547	28604	2	0.001894
28547	28106	3	0.002841
28547	27455	1	0.000947
28547	28992	2	0.001894
28547	28683	1	0.000947
28547	27850	1	0.000947
28547	28495	5	0.004735
28547	27859	1	0.000947
28547	28886	1	0.000947
28547	28894	1	0.000947
28547	27491	1	0.000947
28547	28773	1	0.000947
28547	27452	1	0.000947
28547	28413	1	0.000947
28547	28788	2	0.001894
28547	28919	22	0.020833
28547	28026	1	0.000947
28547	27899	3	0.002841
28547	28029	1	0.000947
28547	28287	1	0.000947
28548	28449	2010	2.220994
28548	28132	22157	24.482873
28548	27950	1340	1.480663
28548	28597	2010	2.220994
28548	27899	670	0.740331
28548	29087	1357	1.499448
28549	29062	1	0.006289
28549	28584	2	0.012579
28549	28811	3	0.018868
28549	27950	21	0.132075
28549	28371	4	0.025157
28549	28821	2	0.012579
28549	28919	1	0.006289
28549	27899	1	0.006289
28549	27453	3	0.018868
28552	28992	1	0.004184
28552	28097	1	0.004184
28552	28859	1	0.004184
28552	27780	1	0.004184
28552	28361	237	0.991632
28552	28938	1	0.004184
28552	28909	7	0.029289
28552	28608	1	0.004184
28552	29140	1	0.004184
28552	28821	1	0.004184
28552	28886	2	0.008368
28552	28440	5	0.020921
28552	27899	2	0.008368
28552	28106	3	0.012552
28552	27850	1	0.004184
28555	28480	2	0.000997
28555	28495	1	0.000498
28555	27621	4	0.001993
28555	28106	11	0.005481
28555	28683	18	0.008969
28555	28079	1	0.000498
28555	29140	12	0.005979
28555	28821	3	0.001495
28555	28440	14	0.006976
28555	29081	2	0.000997
28555	27899	16	0.007972
28555	28938	2	0.000997
28558	28032	2	0.005666
28558	28290	1	0.002833
28558	28683	2	0.005666
28558	27586	2	0.005666
28558	27922	2	0.005666
28558	27799	1	0.002833
28558	28440	8	0.022663
28558	28698	6	0.016997
28558	28828	5	0.014164
28558	28832	1	0.002833
28558	28835	2	0.005666
28558	27684	2	0.005666
28558	28070	1	0.002833
28558	28584	3	0.008499
28558	28076	1	0.002833
28558	27823	2	0.005666
28558	27703	1	0.002833
28558	27448	1	0.002833
28558	28859	2	0.005666
28558	27850	1	0.002833
28558	28482	26	0.073654
28558	28106	2	0.005666
28558	28495	1	0.002833
28558	27987	1	0.002833
28558	29140	2	0.005666
28558	28375	1	0.002833
28558	28639	1	0.002833
28558	27621	4	0.011331
28558	28777	1	0.002833
28558	28402	1	0.002833
28558	28790	1	0.002833
28558	27899	2	0.005666
28558	28668	1	0.002833
28558	28029	2	0.005666
28561	28256	2	0.666667
28563	27752	191	0.133101
28563	28683	2	0.001394
28563	27950	1247	0.868990
28563	29007	1241	0.864808
28563	28821	2	0.001394
28563	27964	3	0.002091
28563	28029	8	0.005575
28564	28480	2	0.058824
28564	27621	1	0.029412
28564	28106	4	0.117647
28564	28440	1	0.029412
28564	27415	3	0.088235
28564	28344	1	0.029412
28564	27899	6	0.176471
28566	28192	30	0.017523
28566	29062	2	0.001168
28566	28811	6	0.003505
28566	27950	69	0.040304
28566	28821	5	0.002921
28566	27768	2	0.001168
28566	27679	2	0.001168
28566	28540	40	0.023364
28566	28029	3	0.001752
28566	29023	40	0.023364
28567	27591	306	7.116279
28569	28261	9	0.264706
28572	28440	2	0.047619
28573	28032	2	0.000564
28573	28992	2	0.000564
28573	27527	16	0.004513
28573	27607	103	0.029055
28573	28683	4	0.001128
28573	28821	7	0.001975
28573	27542	4	0.001128
28573	28440	12	0.003385
28573	28698	3	0.000846
28573	28453	3	0.000846
28573	28200	2	0.000564
28573	27565	2	0.000564
28573	27704	2	0.000564
28573	28859	13	0.003667
28573	28480	4	0.001128
28573	27586	68	0.019182
28573	28106	9	0.002539
28573	28623	4	0.001128
28573	29140	6	0.001693
28573	28886	3	0.000846
28573	27479	16	0.004513
28573	28898	1	0.000282
28573	27621	15	0.004231
28573	28584	1	0.000282
28573	28919	3	0.000846
28573	27899	29	0.008181
28573	28029	2	0.000564
28575	27899	1	0.011765
28575	27950	5	0.058824
28575	27822	6	0.070588
28575	28029	2	0.023529
28577	27808	1	0.041667
28577	28192	2	0.083333
28577	27679	2	0.083333
28582	28029	4	0.066667
28582	27950	1	0.016667
28582	28639	12	0.200000
28584	28907	1	0.000749
28584	28041	1	0.000749
28584	28938	3	0.002246
28584	28821	2	0.001497
28584	28440	7	0.005240
28584	28698	2	0.001497
28584	27675	2	0.001497
28584	28042	1	0.000749
28584	28192	1	0.000749
28584	28453	5	0.003743
28584	27949	1	0.000749
28584	27950	13	0.009731
28584	28859	1	0.000749
28584	28604	1	0.000749
28584	27453	2	0.001497
28584	28106	4	0.002994
28584	28619	1	0.000749
28584	28495	3	0.002246
28584	29140	1	0.000749
28584	28894	1	0.000749
28584	28644	1	0.000749
28584	28523	1	0.000749
28584	27504	1	0.000749
28584	28147	1	0.000749
28584	27892	1	0.000749
28584	27899	47	0.035180
28584	28029	13	0.009731
28585	28683	1	0.002463
28585	27924	1	0.002463
28585	28567	1	0.002463
28585	28440	5	0.012315
28585	28698	1	0.002463
28585	28835	2	0.004926
28585	28964	1	0.002463
28585	27816	1	0.002463
28585	28859	1	0.002463
28585	28989	2	0.004926
28585	28611	12	0.029557
28585	27591	10	0.024631
28585	28106	2	0.004926
28585	27736	1	0.002463
28585	27684	2	0.004926
28585	27868	1	0.002463
28585	28381	1	0.002463
28585	27621	2	0.004926
28585	28584	1	0.002463
28585	27762	2	0.004926
28585	28027	1	0.002463
28585	28029	1	0.002463
28586	28192	1	0.010309
28586	27685	94	0.969072
28586	27881	94	0.969072
28586	29070	94	0.969072
28586	27440	94	0.969072
28586	28018	2	0.020619
28586	27950	2	0.020619
28586	29045	94	0.969072
28586	27610	94	0.969072
28586	28901	94	0.969072
28587	27621	1	0.002625
28587	29062	1	0.002625
28587	28079	15	0.039370
28587	28376	1	0.002625
28587	28466	1	0.002625
28587	28471	1	0.002625
28587	28440	4	0.010499
28587	29147	1	0.002625
28587	28382	46	0.120735
28588	27950	2	0.027778
28589	28257	1	0.010870
28589	28357	97	1.054348
28589	28807	97	1.054348
28589	28937	97	1.054348
28589	27658	97	1.054348
28589	28396	97	1.054348
28589	27502	97	1.054348
28589	27503	1	0.010870
28589	27950	15	0.163043
28589	28041	6	0.065217
28589	28174	1	0.010870
28589	27899	1	0.010870
28589	28821	1	0.010870
28590	28523	2	0.018868
28590	28495	3	0.028302
28591	28938	6	0.030151
28591	28821	1	0.005025
28591	28440	3	0.015075
28591	28249	1	0.005025
28591	27898	1	0.005025
28591	28859	1	0.005025
28592	28811	2	0.006536
28592	27950	2	0.006536
28592	28879	1	0.003268
28592	28465	1	0.003268
28592	28018	6	0.019608
28592	28787	1	0.003268
28592	28094	3	0.009804
28593	28032	6	0.003764
28593	28938	10	0.006274
28593	28683	18	0.011292
28593	28689	1	0.000627
28593	27667	1	0.000627
28593	27412	1	0.000627
28593	28821	3	0.001882
28593	28951	1	0.000627
28593	28440	8	0.005019
28593	28698	8	0.005019
28593	28192	1	0.000627
28593	28584	5	0.003137
28593	29098	2	0.001255
28593	27701	7	0.004391
28593	28859	3	0.001882
28593	27452	1	0.000627
28593	28989	1	0.000627
28593	28094	1	0.000627
28593	28725	1	0.000627
28593	28869	1	0.000627
28593	28106	25	0.015684
28593	28495	12	0.007528
28593	29140	19	0.011920
28593	28886	7	0.004391
28593	28623	2	0.001255
28593	28900	5	0.003137
28593	27621	45	0.028231
28593	28655	1	0.000627
28593	28785	1603	1.005646
28593	28018	1	0.000627
28593	28275	1	0.000627
28593	27899	14	0.008783
28593	28029	6	0.003764
28593	28670	10253	6.432246
28594	28624	1	0.030303
28594	28192	1	0.030303
28594	29002	1	0.030303
28595	28608	2	0.000765
28595	27653	1	0.000382
28595	28552	1	0.000382
28595	28041	4	0.001529
28595	28426	2	0.000765
28595	28683	14	0.005352
28595	27540	121	0.046254
28595	28821	1	0.000382
28595	28440	271	0.103593
28595	27934	1	0.000382
28595	28064	1	0.000382
28595	28842	1	0.000382
28595	27950	38	0.014526
28595	27701	9	0.003440
28595	28470	1	0.000382
28595	28859	3	0.001147
28595	27964	2	0.000765
28595	28733	2	0.000765
28595	27582	4	0.001529
28595	28480	3	0.001147
28595	27586	6	0.002294
28595	28811	3	0.001147
28595	28741	1	0.000382
28595	28745	3	0.001147
28595	28106	3	0.001147
28595	28623	10	0.003823
28595	29140	16	0.006116
28595	28495	2	0.000765
28595	27621	8	0.003058
28595	28898	1	0.000382
28595	27491	1	0.000382
28595	27850	1	0.000382
28595	27624	2	0.000765
28595	27452	1	0.000382
28595	27884	1	0.000382
28595	28989	1	0.000382
28595	28788	87	0.033257
28595	28919	1	0.000382
28595	28500	1	0.000382
28595	27899	4	0.001529
28597	27455	2	0.000780
28597	28449	6372	2.484211
28597	28548	4248	1.656140
28597	28517	2	0.000780
28597	27950	6370	2.483431
28597	28132	65880	25.684211
28597	27899	2124	0.828070
28597	29087	4254	1.658480
28598	28683	1	0.026316
28598	28453	2	0.052632
28598	27950	13	0.342105
28599	27950	1	0.050000
28599	28134	4	0.200000
28602	28018	1	0.017241
28602	28134	41	0.706897
28603	27546	4	0.333333
28604	28547	2	0.000805
28604	29062	2	0.000805
28604	28683	3	0.001208
28604	28440	1	0.000403
28604	28698	6	0.002415
28604	28192	8	0.003221
28604	28453	1	0.000403
28604	28327	1	0.000403
28604	28584	8	0.003221
28604	28842	1	0.000403
28604	27950	1	0.000403
28604	29103	1	0.000403
28604	28992	1	0.000403
28604	28495	1	0.000403
28604	28113	1	0.000403
28604	28886	8	0.003221
28604	28894	2	0.000805
28604	27491	1	0.000403
28604	28907	1	0.000403
28604	28919	92	0.037037
28604	28924	1	0.000403
28604	28029	2	0.000805
28606	28192	106	0.990654
28606	27724	7310	68.317757
28606	27927	1	0.009346
28608	28480	9	0.011613
28608	27491	9	0.011613
28608	28644	2	0.002581
28608	27621	1	0.001290
28608	29062	1	0.001290
28608	28872	1	0.001290
28608	28748	1	0.001290
28608	29037	1	0.001290
28608	29134	2	0.002581
28608	29140	1	0.001290
28608	28894	1	0.001290
28608	27899	1	0.001290
28608	28344	31	0.040000
28608	27513	3	0.003871
28608	28698	1	0.001290
28608	28763	1	0.001290
28608	28094	1	0.001290
28609	28440	1	0.005000
28609	28495	1	0.005000
28609	29005	2	0.010000
28609	27950	2	0.010000
28609	28919	2	0.010000
28610	28267	1	0.003115
28610	27590	1	0.003115
28610	28041	1	0.003115
28610	28523	1	0.003115
28610	27950	5	0.015576
28610	28835	8	0.024922
28610	28763	517	1.610592
28611	28192	1	0.007353
28611	28585	7	0.051471
28611	28018	1	0.007353
28612	28584	9	0.052941
28612	27786	332	1.952941
28612	28029	4	0.023529
28612	29140	1	0.005882
28612	28886	6	0.035294
28612	28440	7	0.041176
28612	28495	2	0.011765
28612	28106	14	0.082353
28613	28344	7	0.145833
28613	28440	1	0.020833
28613	29026	1	0.020833
28615	27899	1	0.023256
28615	29140	1	0.023256
28615	28886	1	0.023256
28615	28734	6	0.139535
28617	27899	2	0.037037
28617	28029	9	0.166667
28618	28192	2	0.006689
28618	28320	1	0.003344
28618	28645	2	0.006689
28618	28496	2	0.006689
28618	28659	2	0.006689
28618	27860	2	0.006689
28618	28344	1	0.003344
28618	29140	1	0.003344
28618	28860	2	0.006689
28618	27805	1	0.003344
28618	27621	1	0.003344
28619	28928	1	0.001005
28619	28523	2	0.002010
28619	28428	1	0.001005
28619	28440	2	0.002010
28619	28698	2	0.002010
28619	28453	1	0.001005
28619	28584	2	0.002010
28619	27950	7	0.007035
28619	29103	3	0.003015
28619	28466	2	0.002010
28619	28604	2	0.002010
28619	27455	4	0.004020
28619	27847	1	0.001005
28619	28044	2	0.002010
28619	29005	1	0.001005
28619	29134	1	0.001005
28619	28495	1	0.001005
28619	28113	8	0.008040
28619	28886	1	0.001005
28619	28249	1	0.001005
28619	28644	1	0.001005
28619	28907	6	0.006030
28619	29096	5	0.005025
28619	28018	8	0.008040
28619	28147	3	0.003015
28619	28919	11	0.011055
28619	27898	1	0.001005
28619	28924	5	0.005025
28619	28029	3	0.003015
28622	27684	2	0.008772
28622	27621	2	0.008772
28622	28584	6	0.026316
28622	28425	2	0.008772
28622	27530	217	0.951754
28622	28824	2	0.008772
28622	28729	6	0.026316
28622	27899	2	0.008772
28622	28924	1	0.004386
28622	28106	10	0.043860
28623	27524	1	0.001408
28623	27656	1	0.001408
28623	28683	1410	1.985915
28623	27921	1	0.001408
28623	28440	6	0.008451
28623	28698	1	0.001408
28623	28324	2	0.002817
28623	28453	5	0.007042
28623	28200	1	0.001408
28623	28079	1	0.001408
28623	28209	1	0.001408
28623	28982	1	0.001408
28623	28859	1	0.001408
28623	28094	1	0.001408
28623	28106	1	0.001408
28623	28495	1	0.001408
28623	27858	3	0.004225
28623	28027	9	0.012676
28623	27491	3	0.004225
28623	27884	2	0.002817
28623	27762	1	0.001408
28623	27582	1	0.001408
28623	27899	29	0.040845
28624	28811	3	0.009709
28624	28267	1	0.003236
28624	28748	2	0.006472
28624	27950	4	0.012945
28624	28788	1	0.003236
28624	28029	3	0.009709
28625	28902	30	0.021930
28625	28035	45	0.032895
28625	28935	45	0.032895
28625	28815	32	0.023392
28625	27920	32	0.023392
28625	28051	45	0.032895
28625	28185	45	0.032895
28625	27419	33	0.024123
28625	28316	45	0.032895
28625	28957	28	0.020468
28625	27679	903	0.660088
28625	27824	46	0.033626
28625	28325	45	0.032895
28625	28710	5853	4.278509
28625	28711	45	0.032895
28625	29044	29	0.021199
28625	28330	32	0.023392
28625	28679	45	0.032895
28625	27695	28	0.020468
28625	27696	45	0.032895
28625	27697	45	0.032895
28625	29104	28	0.020468
28625	27636	45	0.032895
28625	28091	28	0.020468
28625	28262	6	0.004386
28625	27839	36	0.026316
28625	27456	45	0.032895
28625	27588	45	0.032895
28625	28848	28	0.020468
28625	27848	28	0.020468
28625	29136	28	0.020468
28625	28884	45	0.032895
28625	29014	45	0.032895
28625	28633	28	0.020468
28625	28096	32	0.023392
28625	28641	45	0.032895
28625	28002	47	0.034357
28625	29027	45	0.032895
28625	27558	28	0.020468
28625	27750	28	0.020468
28625	28903	45	0.032895
28625	28525	28	0.020468
28625	28531	28	0.020468
28625	27764	45	0.032895
28625	27515	28	0.020468
28626	28098	2	0.001348
28626	27899	6	0.004043
28626	28584	1	0.000674
28626	28649	1	0.000674
28626	28106	1	0.000674
28626	28811	1	0.000674
28626	28962	8	0.005391
28626	27950	52	0.035040
28626	28018	9	0.006065
28626	28340	116	0.078167
28626	28698	3	0.002022
28626	28891	1115	0.751348
28626	28029	7	0.004717
28626	27902	555	0.373989
28628	28610	1	0.016393
28628	28029	1	0.016393
28629	28683	62	2.480000
28629	28623	48	1.920000
28630	28355	1	0.333333
28630	27950	1	0.333333
28633	28902	18	0.012912
28633	28035	29	0.020803
28633	28935	29	0.020803
28633	28815	18	0.012912
28633	27920	18	0.012912
28633	28051	29	0.020803
28633	28185	29	0.020803
28633	27419	18	0.012912
28633	28316	29	0.020803
28633	28957	18	0.012912
28633	27679	864	0.619799
28633	27824	29	0.020803
28633	28325	29	0.020803
28633	28710	5448	3.908178
28633	28711	29	0.020803
28633	29044	18	0.012912
28633	28330	18	0.012912
28633	28679	29	0.020803
28633	27695	18	0.012912
28633	27696	29	0.020803
28633	27697	29	0.020803
28633	29104	18	0.012912
28633	27636	29	0.020803
28633	28091	18	0.012912
28633	28262	2	0.001435
28633	27839	18	0.012912
28633	27456	29	0.020803
28633	27588	29	0.020803
28633	28848	18	0.012912
28633	27848	18	0.012912
28633	29136	18	0.012912
28633	28625	29	0.020803
28633	28884	29	0.020803
28633	29014	29	0.020803
28633	28096	18	0.012912
28633	28641	29	0.020803
28633	28002	31	0.022238
28633	29027	29	0.020803
28633	27558	18	0.012912
28633	27750	18	0.012912
28633	28903	29	0.020803
28633	28525	18	0.012912
28633	28531	18	0.012912
28633	27764	29	0.020803
28633	27515	18	0.012912
28634	28584	2	0.013699
28634	27586	2	0.013699
28634	28859	2	0.013699
28634	28989	2	0.013699
28634	28954	2	0.013699
28635	27899	2	0.018519
28635	28811	6	0.055556
28635	28029	2	0.018519
28635	27950	16	0.148148
28636	28453	15	0.063025
28636	29098	1	0.004202
28636	27884	5	0.021008
28636	28495	1	0.004202
28636	27762	5	0.021008
28636	28859	11	0.046218
28636	27582	10	0.042017
28637	27701	3	0.019355
28637	29062	1	0.006452
28639	28032	1	0.003322
28639	28192	1	0.003322
28639	28608	1	0.003322
28639	28097	2	0.006645
28639	28041	9	0.029900
28639	28106	9	0.029900
28639	28683	2	0.006645
28639	28623	2	0.006645
28639	28440	7	0.023256
28639	29140	7	0.023256
28639	28821	1	0.003322
28639	27704	1	0.003322
28639	27416	14	0.046512
28639	27899	2	0.006645
28639	28480	4	0.013289
28640	28480	84	0.518519
28640	28608	1	0.006173
28640	27491	10	0.061728
28640	27542	26	0.160494
28640	28584	1	0.006173
28640	28683	1	0.006173
28640	28453	1	0.006173
28640	27894	5	0.030864
28640	28698	2	0.012346
28640	27899	3	0.018519
28640	28415	81	0.500000
28641	28902	36	0.023092
28641	28035	49	0.031430
28641	28935	49	0.031430
28641	28815	36	0.023092
28641	27920	36	0.023092
28641	28051	49	0.031430
28641	28185	49	0.031430
28641	27419	36	0.023092
28641	28316	49	0.031430
28641	28957	36	0.023092
28641	27679	1108	0.710712
28641	27696	49	0.031430
28641	28325	49	0.031430
28641	28710	7104	4.556767
28641	28711	49	0.031430
28641	29044	36	0.023092
28641	28330	36	0.023092
28641	28679	49	0.031430
28641	27695	36	0.023092
28641	27824	49	0.031430
28641	27697	49	0.031430
28641	29104	36	0.023092
28641	27636	49	0.031430
28641	28091	36	0.023092
28641	28262	2	0.001283
28641	27839	36	0.023092
28641	27456	49	0.031430
28641	27588	49	0.031430
28641	28848	36	0.023092
28641	27848	36	0.023092
28641	29136	36	0.023092
28641	28625	49	0.031430
28641	28884	49	0.031430
28641	29014	49	0.031430
28641	28633	36	0.023092
28641	28096	36	0.023092
28641	28002	51	0.032713
28641	29027	49	0.031430
28641	27558	36	0.023092
28641	27750	36	0.023092
28641	28903	49	0.031430
28641	28525	36	0.023092
28641	28531	36	0.023092
28641	27764	49	0.031430
28641	27515	36	0.023092
28643	27488	494	0.989980
28643	28811	3	0.006012
28643	27491	3	0.006012
28643	28753	494	0.989980
28643	27953	494	0.989980
28643	28842	3	0.006012
28643	29131	494	0.989980
28643	28972	494	0.989980
28643	27950	20	0.040080
28643	29103	3	0.006012
28643	27504	3	0.006012
28643	27569	1060	2.124248
28643	28835	1	0.002004
28643	28084	3	0.006012
28643	27637	9	0.018036
28643	27899	4	0.008016
28643	27701	3	0.006012
28644	28992	1	0.001333
28644	27875	1	0.001333
28644	28453	1	0.001333
28644	28423	1	0.001333
28644	28584	3	0.004000
28644	28106	1	0.001333
28644	28523	1	0.001333
28644	29005	1	0.001333
28644	27950	1	0.001333
28644	28495	2	0.002667
28644	28907	2	0.002667
28644	28113	5	0.006667
28644	28018	1	0.001333
28644	28547	1	0.001333
28644	28886	6	0.008000
28644	28919	22	0.029333
28644	29103	9	0.012000
28644	28924	3	0.004000
28644	28029	2	0.002667
28645	27707	2	0.166667
28645	28659	2	0.166667
28649	28098	2	0.001576
28649	27899	3	0.002364
28649	28584	1	0.000788
28649	28106	1	0.000788
28649	28962	8	0.006304
28649	27950	51	0.040189
28649	28018	9	0.007092
28649	28340	110	0.086682
28649	28698	3	0.002364
28649	28891	1164	0.917258
28649	28029	7	0.005516
28649	27902	610	0.480693
28650	28811	1	0.000922
28651	28192	2	0.010753
28651	29122	2	0.010753
28651	28106	2	0.010753
28651	27586	2	0.010753
28651	28344	2	0.010753
28651	27646	2	0.010753
28652	28900	1	0.001536
28652	27621	7	0.010753
28652	28584	1	0.001536
28652	29098	1	0.001536
28652	28683	3	0.004608
28652	28270	1303	2.001536
28652	28495	3	0.004608
28652	28440	3	0.004608
28652	28725	19	0.029186
28652	28029	3	0.004608
28652	28120	659	1.012289
28652	28938	1	0.001536
28652	27899	1	0.001536
28652	28106	4	0.006144
28653	28192	3	0.001165
28653	27621	2	0.000776
28653	29062	2	0.000776
28653	27679	4	0.001553
28653	29065	2	0.000776
28653	28604	1	0.000388
28653	27599	2	0.000776
28653	28344	1	0.000388
28653	28882	2	0.000776
28653	28277	1	0.000388
28653	28440	1	0.000388
28653	28399	2570	0.997671
28653	28508	1	0.000388
28653	28287	2	0.000776
28654	28192	3	0.049180
28655	27491	1	0.001927
28655	28811	1	0.001927
28655	27950	4	0.007707
28655	28495	1	0.001927
28657	28032	2	0.008439
28657	28992	2	0.008439
28657	27621	3	0.012658
28657	28584	4	0.016878
28657	28298	192	0.810127
28657	28683	2	0.008439
28657	28029	10	0.042194
28657	28466	2	0.008439
28657	28821	4	0.016878
28657	28106	4	0.016878
28659	28496	7	0.233333
28659	28860	7	0.233333
28659	28645	9	0.300000
28659	27950	2	0.066667
28660	28440	157	1.938272
28660	28938	78	0.962963
28660	27899	156	1.925926
28662	28584	1	0.000564
28662	28106	1	0.000564
28662	27950	2	0.001127
28662	28495	3	0.001691
28662	27412	1	0.000564
28662	28919	5	0.002818
28662	28440	2	0.001127
28662	28842	1	0.000564
28664	28912	135	0.818182
28664	27628	138	0.836364
28664	27950	1	0.006061
28664	29103	2	0.012121
28665	28683	16	1.230769
28665	28623	22	1.692308
28666	27621	5	0.028249
28666	28495	2	0.011299
28666	28886	3	0.016949
28666	28440	8	0.045198
28666	28890	176	0.994350
28666	28859	2	0.011299
28667	28440	1	0.023810
28667	27621	1	0.023810
28668	28032	2	0.004854
28668	28683	34	0.082524
28668	28821	4	0.009709
28668	28440	13	0.031553
28668	27684	9	0.021845
28668	28453	2	0.004854
28668	28584	2	0.004854
28668	27948	1	0.002427
28668	29102	4	0.009709
28668	28720	408	0.990291
28668	28859	1	0.002427
28668	28094	1	0.002427
28668	28992	2	0.004854
28668	28106	25	0.060680
28668	28623	6	0.014563
28668	29140	11	0.026699
28668	28886	6	0.014563
28668	27491	4	0.009709
28668	28900	1	0.002427
28668	27621	11	0.026699
28668	27504	1	0.002427
28668	28536	2	0.004854
28668	27899	2	0.004854
28668	28029	3	0.007282
28668	28159	2	0.004854
28669	28318	41	0.953488
28670	28032	6	0.003492
28670	28938	10	0.005821
28670	28683	18	0.010477
28670	28689	1	0.000582
28670	27667	1	0.000582
28670	27412	1	0.000582
28670	28821	3	0.001746
28670	28951	1	0.000582
28670	28440	8	0.004657
28670	28698	8	0.004657
28670	28192	1	0.000582
28670	28584	6	0.003492
28670	29098	2	0.001164
28670	27701	7	0.004075
28670	28344	4	0.002328
28670	28859	3	0.001746
28670	27452	1	0.000582
28670	28989	1	0.000582
28670	28094	1	0.000582
28670	28725	1	0.000582
28670	28869	1	0.000582
28670	28106	25	0.014552
28670	28495	12	0.006985
28670	29140	19	0.011059
28670	28886	7	0.004075
28670	28623	2	0.001164
28670	28900	5	0.002910
28670	27621	45	0.026193
28670	28655	1	0.000582
28670	28785	1725	1.004075
28670	28018	1	0.000582
28670	28275	1	0.000582
28670	27899	14	0.008149
28670	28029	6	0.003492
