Src	Trg	LinkCount	RelLinkCount
51200	51201	2	0.004396
51200	51213	5	0.010989
51200	50255	18	0.039560
51200	51252	30	0.065934
51200	50715	14	0.030769
51200	51678	66	0.145055
51200	50815	2	0.004396
51201	51200	136	0.298246
51201	51213	5	0.010965
51201	50255	18	0.039474
51201	51252	29	0.063596
51201	50715	14	0.030702
51201	51678	66	0.144737
51201	50815	2	0.004386
51203	50884	1	0.015152
51203	51802	1	0.015152
51203	50890	2	0.030303
51203	51467	1	0.015152
51203	50574	3	0.045455
51203	50255	1	0.015152
51203	51252	3	0.045455
51203	51822	1	0.015152
51203	50250	1	0.015152
51203	51897	1	0.015152
51203	50968	1	0.015152
51203	50457	1	0.015152
51203	50682	1	0.015152
51203	50762	3	0.045455
51203	50302	2	0.030303
51204	50594	6	0.081081
51204	50404	6	0.081081
51204	51877	2	0.027027
51204	51217	2	0.027027
51204	50505	7	0.094595
51204	50956	6	0.081081
51204	50253	5	0.067568
51204	51598	9	0.121622
51204	50703	4	0.054054
51204	51344	1	0.013514
51204	50993	5	0.067568
51204	51615	4	0.054054
51204	50933	4	0.054054
51204	51191	2	0.027027
51204	50618	7	0.094595
51204	50267	5	0.067568
51204	50447	4	0.054054
51204	50655	5	0.067568
51205	51078	19	0.018682
51205	51755	768	0.755162
51205	51076	768	0.755162
51205	50310	768	0.755162
51205	51719	768	0.755162
51205	51209	768	0.755162
51205	50573	768	0.755162
51205	51407	9	0.008850
51205	50319	768	0.755162
51205	51088	768	0.755162
51205	51857	768	0.755162
51205	51602	768	0.755162
51205	50307	768	0.755162
51205	51477	768	0.755162
51205	51703	768	0.755162
51205	50585	768	0.755162
51205	50587	768	0.755162
51205	51357	2	0.001967
51205	50464	768	0.755162
51205	50971	768	0.755162
51205	51237	768	0.755162
51205	50470	768	0.755162
51205	50999	768	0.755162
51205	51368	768	0.755162
51205	50473	768	0.755162
51205	51754	768	0.755162
51205	50987	768	0.755162
51205	51372	768	0.755162
51205	51117	768	0.755162
51205	50607	768	0.755162
51205	51276	768	0.755162
51205	50609	768	0.755162
51205	51443	768	0.755162
51205	51166	768	0.755162
51205	50998	768	0.755162
51205	50359	768	0.755162
51205	50488	768	0.755162
51205	51003	768	0.755162
51205	51388	768	0.755162
51205	51647	768	0.755162
51205	50373	768	0.755162
51205	51143	768	0.755162
51205	51020	768	0.755162
51205	50271	768	0.755162
51205	50507	768	0.755162
51205	50764	768	0.755162
51205	51895	768	0.755162
51205	51534	768	0.755162
51205	51279	768	0.755162
51205	50897	768	0.755162
51205	51154	768	0.755162
51205	50516	768	0.755162
51205	50254	768	0.755162
51205	51928	768	0.755162
51205	50895	768	0.755162
51205	51933	768	0.755162
51205	50782	768	0.755162
51205	51807	768	0.755162
51205	50400	768	0.755162
51205	51043	768	0.755162
51205	51812	768	0.755162
51205	51302	768	0.755162
51205	51686	768	0.755162
51205	50920	768	0.755162
51205	51004	768	0.755162
51205	51563	768	0.755162
51205	51308	768	0.755162
51205	51566	768	0.755162
51205	51184	768	0.755162
51205	50675	768	0.755162
51205	51446	768	0.755162
51205	51319	768	0.755162
51205	51347	768	0.755162
51205	50555	768	0.755162
51208	51586	53	1.039216
51208	50918	1	0.019608
51208	51466	1	0.019608
51208	50255	2	0.039216
51208	50576	1	0.019608
51208	51252	114	2.235294
51208	51357	1	0.019608
51209	51078	18	0.030405
51209	51755	315	0.532095
51209	51076	315	0.532095
51209	51205	315	0.532095
51209	50310	315	0.532095
51209	51719	315	0.532095
51209	50573	315	0.532095
51209	51407	4	0.006757
51209	50319	315	0.532095
51209	51088	315	0.532095
51209	51857	315	0.532095
51209	51602	315	0.532095
51209	50307	315	0.532095
51209	51477	315	0.532095
51209	51703	315	0.532095
51209	50585	315	0.532095
51209	50587	315	0.532095
51209	50464	315	0.532095
51209	50971	315	0.532095
51209	51237	315	0.532095
51209	50470	315	0.532095
51209	50999	315	0.532095
51209	51368	315	0.532095
51209	50473	315	0.532095
51209	51754	315	0.532095
51209	50987	315	0.532095
51209	51372	315	0.532095
51209	51117	315	0.532095
51209	50607	315	0.532095
51209	51276	315	0.532095
51209	50609	315	0.532095
51209	51443	315	0.532095
51209	51252	3	0.005068
51209	51166	315	0.532095
51209	50998	315	0.532095
51209	50359	315	0.532095
51209	50488	315	0.532095
51209	51003	315	0.532095
51209	51388	315	0.532095
51209	51647	315	0.532095
51209	51779	18	0.030405
51209	50373	315	0.532095
51209	51143	315	0.532095
51209	51020	315	0.532095
51209	50271	315	0.532095
51209	50507	315	0.532095
51209	50764	315	0.532095
51209	51895	315	0.532095
51209	51534	315	0.532095
51209	51279	315	0.532095
51209	50897	315	0.532095
51209	51154	315	0.532095
51209	50516	315	0.532095
51209	50254	315	0.532095
51209	51928	315	0.532095
51209	50895	315	0.532095
51209	51933	315	0.532095
51209	50782	315	0.532095
51209	51807	315	0.532095
51209	50400	315	0.532095
51209	51043	315	0.532095
51209	51812	315	0.532095
51209	51302	315	0.532095
51209	51686	315	0.532095
51209	50920	315	0.532095
51209	51004	315	0.532095
51209	51563	315	0.532095
51209	51308	315	0.532095
51209	51566	315	0.532095
51209	51184	315	0.532095
51209	50675	315	0.532095
51209	51446	315	0.532095
51209	51319	315	0.532095
51209	51347	315	0.532095
51209	50555	315	0.532095
51210	50817	42688	11.198321
51210	51586	2	0.000525
51210	51208	1	0.000262
51210	51593	2	0.000525
51210	50954	2	0.000525
51210	50829	2	0.000525
51210	50755	2	0.000525
51210	50968	3	0.000787
51210	51357	2	0.000525
51210	51877	4	0.001049
51210	51252	2653	0.695960
51210	50623	5	0.001312
51210	51779	12	0.003148
51210	51530	2	0.000525
51210	51341	2	0.000525
51210	50255	4	0.001049
51210	51298	1	0.000262
51210	50404	6	0.001574
51210	50918	3	0.000787
51210	50921	2	0.000525
51210	51310	2	0.000525
51210	50290	2	0.000525
51210	51315	2	0.000525
51210	50815	3	0.000787
51213	50715	2	0.285714
51216	51252	3	0.066667
51217	51586	187	1.010811
51217	50340	1	0.005405
51217	51881	1	0.005405
51217	51788	2	0.010811
51217	50576	1	0.005405
51217	51507	1	0.005405
51217	51252	2	0.010811
51217	50868	2	0.010811
51217	51332	1	0.005405
51217	50623	4	0.021622
51218	51272	15	0.172414
51218	51779	3	0.034483
51218	51671	1	0.011494
51220	51265	1	0.032258
51220	50466	1	0.032258
51220	50531	1	0.032258
51220	50245	183	5.903226
51220	50567	1	0.032258
51220	51240	1	0.032258
51220	51274	2	0.064516
51220	50631	4	0.129032
51220	50508	1	0.032258
51220	51778	3	0.096774
51220	50576	1	0.032258
51220	50290	1	0.032258
51220	51128	1	0.032258
51220	50623	1	0.032258
51221	50978	1	0.011765
51221	51811	1	0.011765
51221	50570	1	0.011765
51221	50381	1	0.011765
51221	51378	1	0.011765
51221	51315	2	0.023529
51221	51252	1	0.011765
51221	50615	1	0.011765
51221	51614	1	0.011765
51222	51821	10	0.003634
51224	51227	2	0.002430
51224	50404	1	0.001215
51224	50600	2	0.002430
51224	50255	20	0.024301
51224	51759	112	0.136087
51224	51344	2	0.002430
51224	50260	18	0.021871
51224	51766	2	0.002430
51224	51767	308	0.374241
51224	51252	239	0.290401
51224	51887	30	0.036452
51224	50623	2	0.002430
51226	50567	1	0.026316
51227	51586	2	0.023529
51227	51779	1	0.011765
51227	50404	1	0.011765
51227	51653	3	0.035294
51227	51881	1	0.011765
51227	51448	1	0.011765
51227	51357	5	0.058824
51227	50975	1	0.011765
51228	51284	1	0.005348
51228	51252	6	0.032086
51228	51357	1	0.005348
51230	50673	1	0.001096
51230	51586	42	0.046053
51230	50623	9	0.009868
51232	50904	4	0.210526
51233	50822	12	0.923077
51233	50983	12	0.923077
51233	50509	12	0.923077
51233	50877	12	0.923077
51233	51806	12	0.923077
51233	51455	12	0.923077
51236	50305	489	0.490471
51236	51428	489	0.490471
51236	50566	489	0.490471
51236	51599	489	0.490471
51236	51868	489	0.490471
51236	51869	489	0.490471
51236	51742	489	0.490471
51236	50565	489	0.490471
51236	51107	489	0.490471
51236	50468	489	0.490471
51236	51078	7	0.007021
51236	51110	489	0.490471
51236	51880	489	0.490471
51236	50857	489	0.490471
51236	50717	16	0.016048
51236	51252	978	0.980943
51236	50974	978	0.980943
51236	51894	489	0.490471
51236	51136	489	0.490471
51236	50372	489	0.490471
51236	50252	489	0.490471
51236	51023	489	0.490471
51236	51410	489	0.490471
51236	51541	489	0.490471
51236	50903	489	0.490471
51236	51172	489	0.490471
51236	51036	489	0.490471
51236	50528	489	0.490471
51236	50274	489	0.490471
51236	50659	489	0.490471
51236	51684	2082	2.088265
51236	51301	489	0.490471
51236	51819	489	0.490471
51236	51437	489	0.490471
51236	50557	489	0.490471
51236	50291	489	0.490471
51236	50427	489	0.490471
51236	50812	489	0.490471
51236	51837	489	0.490471
51237	51755	714	0.672316
51237	51076	714	0.672316
51237	51205	714	0.672316
51237	50310	714	0.672316
51237	51719	714	0.672316
51237	51209	714	0.672316
51237	50573	714	0.672316
51237	50319	714	0.672316
51237	51088	714	0.672316
51237	51857	714	0.672316
51237	51602	714	0.672316
51237	50307	714	0.672316
51237	51477	714	0.672316
51237	51703	714	0.672316
51237	50585	714	0.672316
51237	50587	714	0.672316
51237	50464	714	0.672316
51237	50971	714	0.672316
51237	51078	44	0.041431
51237	50470	714	0.672316
51237	50999	714	0.672316
51237	51368	714	0.672316
51237	50473	714	0.672316
51237	51754	714	0.672316
51237	50987	714	0.672316
51237	51372	714	0.672316
51237	51117	714	0.672316
51237	50607	714	0.672316
51237	51276	714	0.672316
51237	50609	714	0.672316
51237	51443	714	0.672316
51237	51252	4	0.003766
51237	51166	714	0.672316
51237	50998	714	0.672316
51237	50359	714	0.672316
51237	50488	714	0.672316
51237	51003	714	0.672316
51237	51388	714	0.672316
51237	51647	714	0.672316
51237	50373	714	0.672316
51237	51143	714	0.672316
51237	51020	714	0.672316
51237	50271	714	0.672316
51237	50507	714	0.672316
51237	50764	714	0.672316
51237	51895	714	0.672316
51237	51534	714	0.672316
51237	51279	714	0.672316
51237	50897	714	0.672316
51237	51154	714	0.672316
51237	50516	714	0.672316
51237	50254	714	0.672316
51237	51928	714	0.672316
51237	50895	714	0.672316
51237	51933	714	0.672316
51237	50782	714	0.672316
51237	51807	714	0.672316
51237	50400	714	0.672316
51237	51043	714	0.672316
51237	51812	714	0.672316
51237	51302	714	0.672316
51237	51686	714	0.672316
51237	50920	714	0.672316
51237	51004	714	0.672316
51237	51563	714	0.672316
51237	51308	714	0.672316
51237	51566	714	0.672316
51237	51184	714	0.672316
51237	50675	714	0.672316
51237	51446	714	0.672316
51237	51319	714	0.672316
51237	51347	714	0.672316
51237	50555	714	0.672316
51239	51624	26	1.181818
51240	51586	1	0.001565
51240	50829	2	0.003130
51240	50707	2	0.003130
51240	51695	2	0.003130
51240	51104	2	0.003130
51240	50466	709	1.109546
51240	51779	5	0.007825
51240	50355	2	0.003130
51240	51636	1	0.001565
51240	50614	2	0.003130
51240	50671	4	0.006260
51240	50868	1	0.001565
51240	50749	2	0.003130
51240	50623	1270	1.987480
51240	51265	2	0.003130
51240	51523	2	0.003130
51240	51653	2	0.003130
51240	50508	2	0.003130
51240	51274	2	0.003130
51240	51275	2	0.003130
51240	50380	2	0.003130
51240	50404	1	0.001565
51240	51304	2	0.003130
51240	50287	2	0.003130
51240	51569	1	0.001565
51240	50549	2	0.003130
51240	51066	2	0.003130
51241	50576	2	1.000000
51242	51456	795	0.587583
51242	51586	12	0.008869
51242	51653	18	0.013304
51242	50918	6	0.004435
51242	51591	795	0.587583
51242	51208	6	0.004435
51242	50729	795	0.587583
51242	51149	795	0.587583
51242	50255	807	0.596452
51242	51252	869	0.642276
51242	51190	795	0.587583
51242	51225	6	0.004435
51242	51227	18	0.013304
51242	50623	6	0.004435
51243	51848	1	0.022222
51243	51252	5	0.111111
51244	51482	115	5.000000
51244	51820	23	1.000000
51244	51586	2	0.086957
51244	50846	46	2.000000
51248	51252	4	0.041237
51249	51782	1	0.100000
51250	50744	2	0.035088
51250	51252	29	0.508772
51250	51589	2	0.035088
51250	50335	4	0.070175
51252	51203	3	0.000331
51252	51204	2	0.000221
51252	51205	3	0.000331
51252	51208	3	0.000331
51252	51209	3	0.000331
51252	51213	2	0.000221
51252	51216	3	0.000331
51252	51217	5	0.000551
51252	51218	3	0.000331
51252	51221	4	0.000441
51252	51223	3	0.000331
51252	51225	6	0.000662
51252	51228	5	0.000551
51252	51230	4	0.000441
51252	51233	3	0.000331
51252	51234	3	0.000331
51252	51236	3	0.000331
51252	51237	3	0.000331
51252	51239	3	0.000331
51252	51242	3	0.000331
51252	51243	4	0.000441
51252	51250	2	0.000221
51252	51251	3	0.000331
51252	51256	3	0.000331
51252	51259	2	0.000221
51252	51263	3	0.000331
51252	51267	3	0.000331
51252	51268	3	0.000331
51252	51269	5	0.000551
51252	51270	75	0.008269
51252	51272	20	0.002205
51252	51276	3	0.000331
51252	51277	6	0.000662
51252	51278	3	0.000331
51252	51279	3	0.000331
51252	51280	7	0.000772
51252	51282	21	0.002315
51252	51283	3	0.000331
51252	51284	4	0.000441
51252	51285	3	0.000331
51252	51286	3	0.000331
51252	51287	3	0.000331
51252	51291	3	0.000331
51252	51294	3	0.000331
51252	51296	3	0.000331
51252	51297	3	0.000331
51252	51298	56	0.006174
51252	51299	3	0.000331
51252	51301	3	0.000331
51252	51302	5	0.000551
51252	51305	3	0.000331
51252	51306	3	0.000331
51252	51308	6	0.000662
51252	51310	16	0.001764
51252	51315	35	0.003859
51252	51316	3	0.000331
51252	51319	3	0.000331
51252	51320	3	0.000331
51252	51321	26	0.002867
51252	51324	3	0.000331
51252	51326	5	0.000551
51252	51328	3	0.000331
51252	51330	3	0.000331
51252	51332	2	0.000221
51252	51333	3	0.000331
51252	51336	3	0.000331
51252	51339	3	0.000331
51252	51341	6	0.000662
51252	51343	3	0.000331
51252	51346	5	0.000551
51252	51347	7	0.000772
51252	51349	2	0.000221
51252	51350	3	0.000331
51252	51357	23	0.002536
51252	51361	3	0.000331
51252	51364	3	0.000331
51252	51367	7	0.000772
51252	51368	9	0.000992
51252	51372	11	0.001213
51252	51373	3	0.000331
51252	51378	3	0.000331
51252	51382	3	0.000331
51252	51388	3	0.000331
51252	51389	4	0.000441
51252	51390	3	0.000331
51252	51393	3	0.000331
51252	51396	3	0.000331
51252	51399	3	0.000331
51252	51404	3	0.000331
51252	51407	2	0.000221
51252	51410	3	0.000331
51252	51411	7	0.000772
51252	51414	3	0.000331
51252	51416	2	0.000221
51252	51418	3	0.000331
51252	51419	2	0.000221
51252	51423	7	0.000772
51252	51424	5	0.000551
51252	51425	3	0.000331
51252	51427	3	0.000331
51252	51428	3	0.000331
51252	51429	3	0.000331
51252	51434	5	0.000551
51252	51437	3	0.000331
51252	51440	7	0.000772
51252	51442	3	0.000331
51252	51443	3	0.000331
51252	51445	3	0.000331
51252	51446	3	0.000331
51252	51447	3	0.000331
51252	51449	5	0.000551
51252	51450	3	0.000331
51252	51452	3	0.000331
51252	51456	3	0.000331
51252	51460	4	0.000441
51252	51461	3	0.000331
51252	51465	3	0.000331
51252	51466	6	0.000662
51252	51467	3	0.000331
51252	51468	3	0.000331
51252	51469	3	0.000331
51252	51476	3	0.000331
51252	51477	3	0.000331
51252	51479	3	0.000331
51252	51480	5	0.000551
51252	51482	3	0.000331
51252	51484	6	0.000662
51252	51492	9	0.000992
51252	51495	3	0.000331
51252	51496	14	0.001544
51252	51499	3	0.000331
51252	51505	2	0.000221
51252	51507	2	0.000221
51252	51513	9	0.000992
51252	51514	3	0.000331
51252	51516	3	0.000331
51252	51524	3	0.000331
51252	51530	4	0.000441
51252	51531	4	0.000441
51252	51534	5	0.000551
51252	51535	6	0.000662
51252	51536	3	0.000331
51252	51539	2	0.000221
51252	51541	3	0.000331
51252	51543	3	0.000331
51252	51544	3	0.000331
51252	51545	3	0.000331
51252	51557	3	0.000331
51252	51563	3	0.000331
51252	51564	3	0.000331
51252	51566	13	0.001433
51252	51572	3	0.000331
51252	51573	3	0.000331
51252	51575	3	0.000331
51252	51578	3	0.000331
51252	51579	3	0.000331
51252	51581	3	0.000331
51252	51584	3	0.000331
51252	51586	83	0.009151
51252	51587	2	0.000221
51252	51589	3	0.000331
51252	51590	7	0.000772
51252	51591	3	0.000331
51252	51592	3	0.000331
51252	51593	19	0.002095
51252	51594	9	0.000992
51252	51595	3	0.000331
51252	51597	5	0.000551
51252	51599	3	0.000331
51252	51600	3	0.000331
51252	51602	3	0.000331
51252	51603	3	0.000331
51252	51608	3	0.000331
51252	51609	3	0.000331
51252	51610	3	0.000331
51252	51614	3	0.000331
51252	51616	2	0.000221
51252	51617	3	0.000331
51252	51622	3	0.000331
51252	51625	3	0.000331
51252	51626	3	0.000331
51252	51627	7	0.000772
51252	51630	3	0.000331
51252	51631	8	0.000882
51252	51636	1	0.000110
51252	51640	3	0.000331
51252	51643	3	0.000331
51252	51645	3	0.000331
51252	51647	5	0.000551
51252	51651	3	0.000331
51252	51654	3	0.000331
51252	51657	3	0.000331
51252	51659	13	0.001433
51252	51662	5	0.000551
51252	51663	3	0.000331
51252	51665	2	0.000221
51252	51667	3	0.000331
51252	51675	3	0.000331
51252	51684	2	0.000221
51252	51686	3	0.000331
51252	51691	3	0.000331
51252	51692	3	0.000331
51252	51694	3	0.000331
51252	51696	7	0.000772
51252	51697	3	0.000331
51252	51698	4	0.000441
51252	51699	3	0.000331
51252	51700	3	0.000331
51252	51703	3	0.000331
51252	51710	3	0.000331
51252	51711	3	0.000331
51252	51718	3	0.000331
51252	51719	3	0.000331
51252	51720	3	0.000331
51252	51723	3	0.000331
51252	51725	3	0.000331
51252	51727	3	0.000331
51252	51732	2	0.000221
51252	51738	8	0.000882
51252	51740	3	0.000331
51252	51742	3	0.000331
51252	51743	3	0.000331
51252	51746	7	0.000772
51252	51750	5	0.000551
51252	51752	3	0.000331
51252	51754	3	0.000331
51252	51755	3	0.000331
51252	51756	3	0.000331
51252	51757	3	0.000331
51252	51758	3	0.000331
51252	51766	3	0.000331
51252	51768	2	0.000221
51252	51769	3	0.000331
51252	51775	3	0.000331
51252	51777	6	0.000662
51252	51778	2	0.000221
51252	51779	141	0.015546
51252	51780	3	0.000331
51252	51788	16	0.001764
51252	51793	3	0.000331
51252	51794	61	0.006725
51252	51795	3	0.000331
51252	51796	3	0.000331
51252	51798	5	0.000551
51252	51799	12	0.001323
51252	51802	3	0.000331
51252	51806	3	0.000331
51252	51807	3	0.000331
51252	51811	3	0.000331
51252	51812	3	0.000331
51252	51814	5	0.000551
51252	51816	5	0.000551
51252	51817	3	0.000331
51252	51819	3	0.000331
51252	51821	48	0.005292
51252	51822	3	0.000331
51252	51830	5	0.000551
51252	51831	12	0.001323
51252	51832	3	0.000331
51252	51833	2	0.000221
51252	51837	3	0.000331
51252	51838	3	0.000331
51252	51844	3	0.000331
51252	51848	15	0.001654
51252	51850	3	0.000331
51252	51856	5	0.000551
51252	51857	3	0.000331
51252	51858	3	0.000331
51252	51861	2	0.000221
51252	51865	2	0.000221
51252	51867	3	0.000331
51252	51868	3	0.000331
51252	51869	3	0.000331
51252	51874	3	0.000331
51252	51876	3	0.000331
51252	51877	20	0.002205
51252	51879	3	0.000331
51252	51880	3	0.000331
51252	51881	3	0.000331
51252	51894	3	0.000331
51252	51895	3	0.000331
51252	51896	5	0.000551
51252	51897	3	0.000331
51252	51898	3	0.000331
51252	51899	3	0.000331
51252	51903	3	0.000331
51252	51904	3	0.000331
51252	51907	5	0.000551
51252	51909	3	0.000331
51252	51911	3	0.000331
51252	51912	3	0.000331
51252	51913	3	0.000331
51252	51915	2	0.000221
51252	51916	3	0.000331
51252	51920	5	0.000551
51252	51925	3	0.000331
51252	51927	3	0.000331
51252	51928	3	0.000331
51252	51930	3	0.000331
51252	51931	2	0.000221
51252	51932	3	0.000331
51252	51933	9	0.000992
51252	51936	8	0.000882
51252	51938	7	0.000772
51252	50232	3	0.000331
51252	50233	5	0.000551
51252	50237	5	0.000551
51252	50239	3	0.000331
51252	50242	3	0.000331
51252	50244	3	0.000331
51252	50248	3	0.000331
51252	50250	3	0.000331
51252	50252	3	0.000331
51252	50255	78	0.008600
51252	50260	2	0.000221
51252	50261	5	0.000551
51252	50263	3	0.000331
51252	50265	3	0.000331
51252	50269	7	0.000772
51252	50270	8	0.000882
51252	50271	9	0.000992
51252	50273	3	0.000331
51252	50274	3	0.000331
51252	50280	9	0.000992
51252	50281	3	0.000331
51252	50283	3	0.000331
51252	50284	5	0.000551
51252	50286	28	0.003087
51252	50291	3	0.000331
51252	50292	3	0.000331
51252	50294	17	0.001874
51252	50295	11	0.001213
51252	50297	3	0.000331
51252	50298	3	0.000331
51252	50299	2	0.000221
51252	50302	3	0.000331
51252	50303	3	0.000331
51252	50304	3	0.000331
51252	50305	3	0.000331
51252	50306	3	0.000331
51252	50307	3	0.000331
51252	50308	3	0.000331
51252	50309	3	0.000331
51252	50310	11	0.001213
51252	50319	3	0.000331
51252	50320	5	0.000551
51252	50327	7	0.000772
51252	50328	3	0.000331
51252	50331	3	0.000331
51252	50332	25	0.002756
51252	50333	3	0.000331
51252	50335	3	0.000331
51252	50336	5	0.000551
51252	50338	2	0.000221
51252	50339	3	0.000331
51252	50342	3	0.000331
51252	50343	3	0.000331
51252	50346	7	0.000772
51252	50347	3	0.000331
51252	50349	3	0.000331
51252	50354	3	0.000331
51252	50355	2	0.000221
51252	50359	7	0.000772
51252	50370	5	0.000551
51252	50372	3	0.000331
51252	50373	3	0.000331
51252	50375	3	0.000331
51252	50376	2	0.000221
51252	50377	9	0.000992
51252	50378	3	0.000331
51252	50379	6	0.000662
51252	50381	3	0.000331
51252	50382	3	0.000331
51252	50383	6	0.000662
51252	50384	3	0.000331
51252	50386	13	0.001433
51252	50387	3	0.000331
51252	50388	5	0.000551
51252	50391	11	0.001213
51252	50392	3	0.000331
51252	50393	3	0.000331
51252	50396	3	0.000331
51252	50397	5	0.000551
51252	50400	3	0.000331
51252	50406	5	0.000551
51252	50409	3	0.000331
51252	50412	3	0.000331
51252	50415	3	0.000331
51252	50420	3	0.000331
51252	50427	3	0.000331
51252	50432	7	0.000772
51252	50437	3	0.000331
51252	50441	3	0.000331
51252	50444	3	0.000331
51252	50445	3	0.000331
51252	50452	3	0.000331
51252	50455	3	0.000331
51252	50456	3	0.000331
51252	50457	3	0.000331
51252	50458	3	0.000331
51252	50464	3	0.000331
51252	50465	2	0.000221
51252	50468	3	0.000331
51252	50470	3	0.000331
51252	50471	5	0.000551
51252	50473	3	0.000331
51252	50474	3	0.000331
51252	50476	3	0.000331
51252	50478	3	0.000331
51252	50479	3	0.000331
51252	50481	3	0.000331
51252	50488	3	0.000331
51252	50493	3	0.000331
51252	50500	3	0.000331
51252	50507	9	0.000992
51252	50508	13	0.001433
51252	50509	3	0.000331
51252	50511	3	0.000331
51252	50513	5	0.000551
51252	50516	3	0.000331
51252	50517	3	0.000331
51252	50518	3	0.000331
51252	50522	3	0.000331
51252	50528	3	0.000331
51252	50530	3	0.000331
51252	50533	3	0.000331
51252	50535	3	0.000331
51252	50538	5	0.000551
51252	50543	3	0.000331
51252	50545	5	0.000551
51252	50546	4	0.000441
51252	50548	3	0.000331
51252	50551	3	0.000331
51252	50552	48	0.005292
51252	50553	6	0.000662
51252	50555	3	0.000331
51252	50556	3	0.000331
51252	50557	3	0.000331
51252	50560	28	0.003087
51252	50561	3	0.000331
51252	50562	5	0.000551
51252	50565	3	0.000331
51252	50566	3	0.000331
51252	50568	3	0.000331
51252	50570	3	0.000331
51252	50573	3	0.000331
51252	50574	2	0.000221
51252	50576	2	0.000221
51252	50577	2	0.000221
51252	50578	3	0.000331
51252	50581	3	0.000331
51252	50582	3	0.000331
51252	50584	3	0.000331
51252	50585	3	0.000331
51252	50587	3	0.000331
51252	50590	3	0.000331
51252	50592	3	0.000331
51252	50594	4	0.000441
51252	50596	3	0.000331
51252	50598	3	0.000331
51252	50599	3	0.000331
51252	50601	38	0.004190
51252	50606	3	0.000331
51252	50607	3	0.000331
51252	50609	7	0.000772
51252	50610	3	0.000331
51252	50611	3	0.000331
51252	50615	3	0.000331
51252	50616	3	0.000331
51252	50619	15	0.001654
51252	50622	3	0.000331
51252	50623	37	0.004079
51252	50630	4	0.000441
51252	50637	3	0.000331
51252	50640	3	0.000331
51252	50642	3	0.000331
51252	50643	3	0.000331
51252	50646	5	0.000551
51252	50649	5	0.000551
51252	50650	3	0.000331
51252	50651	5	0.000551
51252	50652	3	0.000331
51252	50654	3	0.000331
51252	50657	3	0.000331
51252	50659	3	0.000331
51252	50661	13	0.001433
51252	50667	3	0.000331
51252	50675	3	0.000331
51252	50682	3	0.000331
51252	50689	3	0.000331
51252	50693	4	0.000441
51252	50696	3	0.000331
51252	50700	5	0.000551
51252	50701	5	0.000551
51252	50704	3	0.000331
51252	50706	3	0.000331
51252	50708	3	0.000331
51252	50709	3	0.000331
51252	50711	3	0.000331
51252	50714	3	0.000331
51252	50716	3	0.000331
51252	50717	6	0.000662
51252	50726	3	0.000331
51252	50729	3	0.000331
51252	50733	3	0.000331
51252	50734	3	0.000331
51252	50735	5	0.000551
51252	50738	2	0.000221
51252	50744	3	0.000331
51252	50749	2	0.000221
51252	50751	3	0.000331
51252	50753	3	0.000331
51252	50754	12	0.001323
51252	50755	16	0.001764
51252	50757	3	0.000331
51252	50758	5	0.000551
51252	50760	3	0.000331
51252	50762	3	0.000331
51252	50763	2	0.000221
51252	50764	35	0.003859
51252	50768	2	0.000221
51252	50773	3	0.000331
51252	50774	3	0.000331
51252	50775	3	0.000331
51252	50776	3	0.000331
51252	50781	7	0.000772
51252	50782	3	0.000331
51252	50783	3	0.000331
51252	50788	3	0.000331
51252	50789	3	0.000331
51252	50790	3	0.000331
51252	50794	5	0.000551
51252	50796	3	0.000331
51252	50797	3	0.000331
51252	50798	3	0.000331
51252	50801	3	0.000331
51252	50805	3	0.000331
51252	50806	3	0.000331
51252	50809	3	0.000331
51252	50810	3	0.000331
51252	50812	3	0.000331
51252	50813	3	0.000331
51252	50815	33	0.003638
51252	50817	95	0.010474
51252	50820	3	0.000331
51252	50822	3	0.000331
51252	50830	3	0.000331
51252	50831	3	0.000331
51252	50832	3	0.000331
51252	50833	3	0.000331
51252	50834	2	0.000221
51252	50836	8	0.000882
51252	50837	3	0.000331
51252	50845	3	0.000331
51252	50847	3	0.000331
51252	50850	3	0.000331
51252	50852	5	0.000551
51252	50854	7	0.000772
51252	50856	2	0.000221
51252	50857	3	0.000331
51252	50860	3	0.000331
51252	50861	3	0.000331
51252	50863	2	0.000221
51252	50866	3	0.000331
51252	50868	4	0.000441
51252	50877	3	0.000331
51252	50878	3	0.000331
51252	50879	3	0.000331
51252	50884	3	0.000331
51252	50885	3	0.000331
51252	50886	3	0.000331
51252	50889	2	0.000221
51252	50890	3	0.000331
51252	50892	3	0.000331
51252	50893	9	0.000992
51252	50895	5	0.000551
51252	50896	3	0.000331
51252	50897	3	0.000331
51252	50900	2	0.000221
51252	50901	3	0.000331
51252	50902	3	0.000331
51252	50903	3	0.000331
51252	50907	3	0.000331
51252	50909	3	0.000331
51252	50911	3	0.000331
51252	50913	3	0.000331
51252	50914	3	0.000331
51252	50915	3	0.000331
51252	50917	17	0.001874
51252	50920	3	0.000331
51252	50926	3	0.000331
51252	50927	3	0.000331
51252	50930	3	0.000331
51252	50931	3	0.000331
51252	50934	3	0.000331
51252	50938	7	0.000772
51252	50939	39	0.004300
51252	50944	24	0.002646
51252	50949	3	0.000331
51252	50950	3	0.000331
51252	50952	3	0.000331
51252	50953	3	0.000331
51252	50954	16	0.001764
51252	50955	3	0.000331
51252	50967	3	0.000331
51252	50968	242	0.026681
51252	50971	3	0.000331
51252	50972	3	0.000331
51252	50974	3	0.000331
51252	50975	4	0.000441
51252	50978	3	0.000331
51252	50981	3	0.000331
51252	50982	3	0.000331
51252	50983	3	0.000331
51252	50987	3	0.000331
51252	50990	3	0.000331
51252	50991	3	0.000331
51252	50998	5	0.000551
51252	50999	9	0.000992
51252	51001	2	0.000221
51252	51003	11	0.001213
51252	51004	3	0.000331
51252	51005	3	0.000331
51252	51006	3	0.000331
51252	51008	82	0.009041
51252	51009	3	0.000331
51252	51011	11	0.001213
51252	51017	5	0.000551
51252	51020	5	0.000551
51252	51023	3	0.000331
51252	51024	3	0.000331
51252	51025	3	0.000331
51252	51026	5	0.000551
51252	51027	3	0.000331
51252	51029	3	0.000331
51252	51030	2	0.000221
51252	51031	3	0.000331
51252	51032	2	0.000221
51252	51034	3	0.000331
51252	51036	3	0.000331
51252	51038	2	0.000221
51252	51041	3	0.000331
51252	51043	7	0.000772
51252	51046	2	0.000221
51252	51049	3	0.000331
51252	51051	3	0.000331
51252	51054	2	0.000221
51252	51055	5	0.000551
51252	51056	2	0.000221
51252	51058	11	0.001213
51252	51061	3	0.000331
51252	51067	2	0.000221
51252	51071	3	0.000331
51252	51074	2	0.000221
51252	51076	3	0.000331
51252	51078	31	0.003418
51252	51079	7	0.000772
51252	51081	3	0.000331
51252	51083	6	0.000662
51252	51084	2	0.000221
51252	51087	3	0.000331
51252	51088	3	0.000331
51252	51089	3	0.000331
51252	51093	3	0.000331
51252	51095	3	0.000331
51252	51098	3	0.000331
51252	51102	8	0.000882
51252	51106	3	0.000331
51252	51107	3	0.000331
51252	51108	5	0.000551
51252	51109	3	0.000331
51252	51110	3	0.000331
51252	51112	3	0.000331
51252	51114	3	0.000331
51252	51116	3	0.000331
51252	51117	3	0.000331
51252	51118	5	0.000551
51252	51120	3	0.000331
51252	51121	3	0.000331
51252	51122	3	0.000331
51252	51124	3	0.000331
51252	51126	3	0.000331
51252	51129	3	0.000331
51252	51132	5	0.000551
51252	51133	3	0.000331
51252	51134	17	0.001874
51252	51136	3	0.000331
51252	51139	3	0.000331
51252	51140	3	0.000331
51252	51142	3	0.000331
51252	51143	5	0.000551
51252	51144	4	0.000441
51252	51148	5	0.000551
51252	51149	3	0.000331
51252	51150	3	0.000331
51252	51151	7	0.000772
51252	51152	5	0.000551
51252	51154	3	0.000331
51252	51157	3	0.000331
51252	51159	3	0.000331
51252	51160	3	0.000331
51252	51162	5	0.000551
51252	51163	5	0.000551
51252	51164	3	0.000331
51252	51166	3	0.000331
51252	51167	4	0.000441
51252	51168	3	0.000331
51252	51169	3	0.000331
51252	51170	3	0.000331
51252	51171	3	0.000331
51252	51172	3	0.000331
51252	51173	7	0.000772
51252	51174	26	0.002867
51252	51175	3	0.000331
51252	51177	3	0.000331
51252	51178	3	0.000331
51252	51179	3	0.000331
51252	51184	3	0.000331
51252	51188	2	0.000221
51252	51190	3	0.000331
51252	51193	3	0.000331
51252	51194	9	0.000992
51252	51198	5	0.000551
51254	50816	1	0.005076
51254	50465	2	0.010152
51254	51586	6	0.030457
51254	50787	222	1.126904
51254	50546	2	0.010152
51254	51698	2	0.010152
51254	51084	2	0.010152
51254	50858	1	0.005076
51254	50380	4	0.020305
51254	51533	6	0.030457
51254	50577	2	0.010152
51254	50994	2	0.010152
51254	51779	5	0.025381
51254	51778	11	0.055838
51254	51881	1	0.005076
51254	51448	4	0.020305
51254	50618	2	0.010152
51254	50940	2	0.010152
51254	51357	1	0.005076
51254	50975	2	0.010152
51255	50904	4	0.190476
51257	50868	15	0.384615
51257	51482	195	5.000000
51257	51820	39	1.000000
51257	51586	8	0.205128
51257	50846	78	2.000000
51258	51821	4	0.001404
51259	51817	1	0.027027
51259	51252	67	1.810811
51259	50255	29	0.783784
51264	51586	1	0.031250
51264	51252	24	0.750000
51264	50941	1	0.031250
51265	51778	2	0.043478
51265	51613	1	0.021739
51265	51586	1	0.021739
51266	51777	1	0.027027
51266	51298	1	0.027027
51266	50534	1	0.027027
51266	50858	1	0.027027
51266	51277	1	0.027027
51266	50868	1	0.027027
51266	50655	1	0.027027
51267	50944	6	0.075000
51267	51252	4	0.050000
51267	50815	1	0.012500
51269	51272	16	0.101266
51269	51011	1	0.006329
51270	51586	2	0.002294
51270	51204	1	0.001147
51270	51593	1	0.001147
51270	50954	1	0.001147
51270	50956	1	0.001147
51270	51341	1	0.001147
51270	51598	1	0.001147
51270	50703	1	0.001147
51270	50577	1	0.001147
51270	50755	1	0.001147
51270	51565	1	0.001147
51270	51615	2	0.002294
51270	50594	1	0.001147
51270	51877	14	0.016055
51270	51084	1	0.001147
51270	50993	1	0.001147
51270	51252	24	0.027523
51270	50618	1	0.001147
51270	50623	1	0.001147
51270	51779	40	0.045872
51270	50505	1	0.001147
51270	51530	1	0.001147
51270	50253	1	0.001147
51270	50267	1	0.001147
51270	50404	1	0.001147
51270	51106	1	0.001147
51270	51310	1	0.001147
51270	50290	1	0.001147
51270	51315	1	0.001147
51270	50933	1	0.001147
51271	51593	3	0.001138
51271	51084	2	0.000758
51271	51598	138	0.052332
51271	50577	1	0.000379
51271	50755	3	0.001138
51271	51865	1	0.000379
51271	51357	4	0.001517
51271	51787	2	0.000758
51271	51877	1	0.000379
51271	51496	2	0.000758
51271	50601	25528	9.680698
51271	50482	1	0.000379
51271	51636	1	0.000379
51271	50869	4	0.001517
51271	51252	2082	0.789534
51271	50623	5	0.001896
51271	51779	6	0.002275
51271	51530	2	0.000758
51271	50507	1	0.000379
51271	51788	4	0.001517
51271	50255	1	0.000379
51271	51298	2	0.000758
51271	50918	2	0.000758
51271	51310	1	0.000379
51271	51695	2	0.000758
51271	50546	2	0.000758
51271	51315	4	0.001517
51271	50815	13	0.004930
51272	50600	1	0.004673
51272	50255	2	0.009346
51273	51321	3	0.500000
51274	51586	1	0.007634
51274	50523	1	0.007634
51274	50508	1	0.007634
51274	50546	1	0.007634
51274	50899	1	0.007634
51275	51698	1	0.002625
51275	51779	11	0.028871
51275	51636	1	0.002625
51275	51293	1	0.002625
51275	50623	1	0.002625
51276	51078	141	0.140578
51276	51755	847	0.844467
51276	51076	847	0.844467
51276	51205	847	0.844467
51276	50310	847	0.844467
51276	51719	847	0.844467
51276	51209	847	0.844467
51276	50573	847	0.844467
51276	50319	847	0.844467
51276	51088	847	0.844467
51276	51857	847	0.844467
51276	51602	847	0.844467
51276	50307	847	0.844467
51276	51477	847	0.844467
51276	51703	847	0.844467
51276	50585	847	0.844467
51276	50587	847	0.844467
51276	50464	847	0.844467
51276	50971	847	0.844467
51276	51237	847	0.844467
51276	50470	847	0.844467
51276	50999	847	0.844467
51276	51368	847	0.844467
51276	50473	847	0.844467
51276	51754	847	0.844467
51276	50987	847	0.844467
51276	51372	847	0.844467
51276	51117	847	0.844467
51276	50607	847	0.844467
51276	50609	847	0.844467
51276	51443	847	0.844467
51276	51252	12	0.011964
51276	51166	847	0.844467
51276	50998	847	0.844467
51276	50359	847	0.844467
51276	50488	847	0.844467
51276	51003	847	0.844467
51276	51388	847	0.844467
51276	51647	847	0.844467
51276	50373	849	0.846461
51276	51143	847	0.844467
51276	51020	847	0.844467
51276	50271	847	0.844467
51276	50507	847	0.844467
51276	50764	847	0.844467
51276	51895	847	0.844467
51276	51534	847	0.844467
51276	51279	847	0.844467
51276	50897	847	0.844467
51276	51154	847	0.844467
51276	50516	847	0.844467
51276	50254	847	0.844467
51276	51928	847	0.844467
51276	50895	847	0.844467
51276	51933	847	0.844467
51276	50782	847	0.844467
51276	51807	847	0.844467
51276	50400	847	0.844467
51276	51043	847	0.844467
51276	51812	847	0.844467
51276	51302	847	0.844467
51276	51686	847	0.844467
51276	50920	847	0.844467
51276	51004	847	0.844467
51276	51563	847	0.844467
51276	51308	847	0.844467
51276	51566	847	0.844467
51276	51184	847	0.844467
51276	50675	847	0.844467
51276	51446	847	0.844467
51276	51319	847	0.844467
51276	51347	847	0.844467
51276	50555	847	0.844467
51277	50465	1	0.000707
51277	51938	6	0.004243
51277	51779	6	0.004243
51277	51332	6	0.004243
51277	50728	2	0.001414
51277	50858	13	0.009194
51277	51598	2	0.001414
51277	51631	7	0.004950
51277	50899	1	0.000707
51277	51636	1	0.000707
51277	51191	6	0.004243
51277	50703	12	0.008487
51277	50426	11	0.007779
51277	50975	7	0.004950
51277	51230	6	0.004243
51277	50623	8	0.005658
51279	51078	23	0.067055
51279	51755	285	0.830904
51279	51076	285	0.830904
51279	51205	285	0.830904
51279	50310	285	0.830904
51279	51719	285	0.830904
51279	51209	285	0.830904
51279	50573	285	0.830904
51279	50319	285	0.830904
51279	51088	285	0.830904
51279	51857	285	0.830904
51279	51602	285	0.830904
51279	50307	285	0.830904
51279	51477	285	0.830904
51279	51703	285	0.830904
51279	50585	285	0.830904
51279	50587	285	0.830904
51279	50464	285	0.830904
51279	50971	285	0.830904
51279	51237	285	0.830904
51279	50470	285	0.830904
51279	50999	285	0.830904
51279	51368	285	0.830904
51279	50473	285	0.830904
51279	51754	285	0.830904
51279	50987	285	0.830904
51279	51372	285	0.830904
51279	51117	285	0.830904
51279	50607	285	0.830904
51279	51276	285	0.830904
51279	50609	285	0.830904
51279	51443	285	0.830904
51279	51166	285	0.830904
51279	50998	285	0.830904
51279	50359	285	0.830904
51279	50488	285	0.830904
51279	51003	285	0.830904
51279	51388	285	0.830904
51279	51647	285	0.830904
51279	50373	285	0.830904
51279	51143	285	0.830904
51279	51020	285	0.830904
51279	50271	285	0.830904
51279	50507	285	0.830904
51279	50764	285	0.830904
51279	51895	285	0.830904
51279	51534	285	0.830904
51279	50895	285	0.830904
51279	50897	285	0.830904
51279	51154	285	0.830904
51279	50516	285	0.830904
51279	50254	285	0.830904
51279	51928	285	0.830904
51279	51933	285	0.830904
51279	50782	285	0.830904
51279	51807	285	0.830904
51279	50400	285	0.830904
51279	51043	285	0.830904
51279	51812	285	0.830904
51279	51302	285	0.830904
51279	51686	285	0.830904
51279	50920	285	0.830904
51279	51004	285	0.830904
51279	51563	285	0.830904
51279	51308	285	0.830904
51279	51566	285	0.830904
51279	51184	285	0.830904
51279	50675	285	0.830904
51279	51446	285	0.830904
51279	51319	285	0.830904
51279	51347	285	0.830904
51279	50555	285	0.830904
51280	51586	2	0.000848
51280	51593	1	0.000424
51280	50954	1	0.000424
51280	50956	1	0.000424
51280	51341	4	0.001696
51280	51598	1	0.000424
51280	50703	1	0.000424
51280	51357	2	0.000848
51280	51615	1	0.000424
51280	50594	1	0.000424
51280	51877	1	0.000424
51280	51084	4	0.001696
51280	51252	11	0.004663
51280	50618	1	0.000424
51280	50623	1	0.000424
51280	51777	54	0.022891
51280	50755	4	0.001696
51280	50505	1	0.000424
51280	51530	4	0.001696
51280	50253	1	0.000424
51280	51469	4	0.001696
51280	50383	1	0.000424
51280	50267	1	0.000424
51280	50530	1474	0.624841
51280	50535	1474	0.624841
51280	50255	6	0.002543
51280	51310	1	0.000424
51280	51315	1	0.000424
51280	50933	1	0.000424
51280	50815	18	0.007630
51282	51936	2	0.001224
51282	51779	10	0.006120
51282	51144	1379	0.843941
51282	50255	4	0.002448
51282	50289	1	0.000612
51282	51252	13	0.007956
51282	51038	1	0.000612
51282	50815	2	0.001224
51283	51668	2	0.010417
51283	51252	1	0.005208
51283	51349	183	0.953125
51283	50605	1	0.005208
51284	51586	1	0.000907
51284	51252	319	0.289211
51284	51877	1	0.000907
51284	50719	1	0.000907
51286	51530	20	0.043860
51286	50899	10	0.021930
51286	51252	220	0.482456
51286	50357	7	0.015351
51286	51357	7	0.015351
51287	50286	1816	8.035398
51288	51593	3	0.001137
51288	51084	2	0.000758
51288	51598	138	0.052312
51288	50577	1	0.000379
51288	50755	3	0.001137
51288	51865	1	0.000379
51288	51357	4	0.001516
51288	51877	1	0.000379
51288	51496	2	0.000758
51288	50601	25953	9.838135
51288	50482	1	0.000379
51288	51636	1	0.000379
51288	50869	4	0.001516
51288	51252	2164	0.820318
51288	50623	5	0.001895
51288	51779	6	0.002274
51288	51530	2	0.000758
51288	51787	2	0.000758
51288	51788	4	0.001516
51288	50255	1	0.000379
51288	51298	2	0.000758
51288	50918	2	0.000758
51288	51310	1	0.000379
51288	51695	2	0.000758
51288	50546	2	0.000758
51288	51315	4	0.001516
51288	50507	1	0.000379
51288	50815	13	0.004928
51291	50745	1	0.005319
51291	50939	31	0.164894
51292	51586	12	0.004912
51292	51779	1	0.000409
51292	51877	1	0.000409
51292	51527	14	0.005731
51292	51466	18	0.007368
51292	51277	1	0.000409
51292	50255	2	0.000819
51292	51315	2	0.000819
51292	51252	317	0.129758
51292	51127	3	0.001228
51292	50815	2	0.000819
51292	50558	1	0.000409
51292	50623	1	0.000409
51293	51042	217	1.607407
51293	51779	1	0.007407
51293	51881	2	0.014815
51293	50571	2	0.014815
51293	51938	2	0.014815
51293	51698	2	0.014815
51293	50899	1	0.007407
51293	51778	1	0.007407
51293	51448	1	0.007407
51293	51357	2	0.014815
51293	50975	1	0.007407
51294	51624	35	1.129032
51295	51357	2	1.000000
51295	51702	12	6.000000
51296	50552	22	0.239130
51297	50745	1	0.045455
51297	51252	106	4.818182
51298	51496	1	0.003077
51298	51252	1	0.003077
51298	51877	1	0.003077
51298	50623	1	0.003077
51299	50552	19	0.223529
51301	50305	14021	0.831564
51301	51428	14021	0.831564
51301	50566	14021	0.831564
51301	51599	14021	0.831564
51301	50577	60	0.003559
51301	50815	52	0.003084
51301	51868	14021	0.831564
51301	51869	14021	0.831564
51301	51742	14021	0.831564
51301	50565	14021	0.831564
51301	51107	14021	0.831564
51301	50468	14021	0.831564
51301	51110	14021	0.831564
51301	51880	14021	0.831564
51301	50857	14021	0.831564
51301	50717	78	0.004626
51301	51252	14172	0.840520
51301	50974	28042	1.663128
51301	51894	14021	0.831564
51301	50623	35	0.002076
51301	51136	14021	0.831564
51301	50372	14021	0.831564
51301	51298	120	0.007117
51301	51530	20	0.001186
51301	50252	14021	0.831564
51301	50253	156	0.009252
51301	51023	14021	0.831564
51301	51410	14021	0.831564
51301	51541	14021	0.831564
51301	50903	14021	0.831564
51301	51172	14021	0.831564
51301	51036	14021	0.831564
51301	51293	17	0.001008
51301	50528	14021	0.831564
51301	50274	14021	0.831564
51301	50659	14021	0.831564
51301	51684	28221	1.673744
51301	51819	14021	0.831564
51301	51437	14021	0.831564
51301	50557	14021	0.831564
51301	51496	140	0.008303
51301	50291	14021	0.831564
51301	50427	14021	0.831564
51301	50812	14021	0.831564
51301	51837	14021	0.831564
51301	51236	14021	0.831564
51302	51078	79	0.134354
51302	51755	439	0.746599
51302	51076	439	0.746599
51302	51205	439	0.746599
51302	50310	439	0.746599
51302	51719	439	0.746599
51302	51209	439	0.746599
51302	50573	439	0.746599
51302	51407	5	0.008503
51302	50319	439	0.746599
51302	51088	439	0.746599
51302	51857	439	0.746599
51302	51602	439	0.746599
51302	50307	439	0.746599
51302	51477	439	0.746599
51302	51703	439	0.746599
51302	50585	439	0.746599
51302	50587	439	0.746599
51302	50464	439	0.746599
51302	50971	439	0.746599
51302	51237	439	0.746599
51302	50470	439	0.746599
51302	50999	439	0.746599
51302	51368	439	0.746599
51302	50473	439	0.746599
51302	51754	439	0.746599
51302	50987	439	0.746599
51302	51372	439	0.746599
51302	51117	439	0.746599
51302	50607	439	0.746599
51302	51276	439	0.746599
51302	50609	439	0.746599
51302	51443	439	0.746599
51302	51252	34	0.057823
51302	51166	439	0.746599
51302	50998	439	0.746599
51302	50359	439	0.746599
51302	50488	439	0.746599
51302	51003	439	0.746599
51302	51388	439	0.746599
51302	51647	439	0.746599
51302	50373	439	0.746599
51302	51143	439	0.746599
51302	51020	439	0.746599
51302	50271	439	0.746599
51302	50507	439	0.746599
51302	50764	439	0.746599
51302	51895	439	0.746599
51302	51534	439	0.746599
51302	51279	439	0.746599
51302	50897	439	0.746599
51302	51154	439	0.746599
51302	50516	439	0.746599
51302	50254	439	0.746599
51302	51928	439	0.746599
51302	50895	439	0.746599
51302	51933	439	0.746599
51302	50782	439	0.746599
51302	51807	439	0.746599
51302	50400	439	0.746599
51302	51043	439	0.746599
51302	51812	439	0.746599
51302	51347	439	0.746599
51302	51686	439	0.746599
51302	50920	439	0.746599
51302	51004	439	0.746599
51302	50255	5	0.008503
51302	51563	439	0.746599
51302	51308	439	0.746599
51302	51566	439	0.746599
51302	51184	439	0.746599
51302	50675	439	0.746599
51302	51446	439	0.746599
51302	51319	439	0.746599
51302	50555	439	0.746599
51303	51593	3	0.001220
51303	51084	2	0.000813
51303	51598	137	0.055691
51303	50577	1	0.000407
51303	50755	3	0.001220
51303	51865	1	0.000407
51303	51357	4	0.001626
51303	51877	1	0.000407
51303	51496	2	0.000813
51303	50601	22568	9.173984
51303	50482	1	0.000407
51303	51636	1	0.000407
51303	50869	4	0.001626
51303	51252	1995	0.810976
51303	50623	4	0.001626
51303	51779	6	0.002439
51303	51530	2	0.000813
51303	51787	2	0.000813
51303	51788	4	0.001626
51303	50255	1	0.000407
51303	51298	2	0.000813
51303	50918	2	0.000813
51303	51310	1	0.000407
51303	51695	1	0.000407
51303	50546	2	0.000813
51303	51315	4	0.001626
51303	50507	1	0.000407
51303	50815	13	0.005285
51304	51128	1	0.004184
51304	51779	1	0.004184
51304	51230	2	0.008368
51304	50623	1	0.004184
51305	51272	14	0.071429
51305	50255	1	0.005102
51306	51038	1	1.000000
51308	51078	45	0.243243
51308	51755	182	0.983784
51308	51076	182	0.983784
51308	51205	182	0.983784
51308	50310	182	0.983784
51308	51719	182	0.983784
51308	51209	182	0.983784
51308	50573	182	0.983784
51308	50319	182	0.983784
51308	51088	182	0.983784
51308	51857	182	0.983784
51308	51602	182	0.983784
51308	50307	182	0.983784
51308	51477	182	0.983784
51308	51703	182	0.983784
51308	50585	182	0.983784
51308	50587	182	0.983784
51308	50464	182	0.983784
51308	50971	182	0.983784
51308	51237	182	0.983784
51308	50470	182	0.983784
51308	50999	182	0.983784
51308	51368	182	0.983784
51308	50473	182	0.983784
51308	51754	182	0.983784
51308	50987	182	0.983784
51308	51372	182	0.983784
51308	51117	182	0.983784
51308	50607	182	0.983784
51308	51276	182	0.983784
51308	50609	182	0.983784
51308	51443	182	0.983784
51308	51166	182	0.983784
51308	50998	182	0.983784
51308	50359	182	0.983784
51308	50488	182	0.983784
51308	51003	182	0.983784
51308	51388	182	0.983784
51308	51647	182	0.983784
51308	50373	182	0.983784
51308	51143	182	0.983784
51308	51020	182	0.983784
51308	50271	182	0.983784
51308	50507	182	0.983784
51308	50764	182	0.983784
51308	51895	182	0.983784
51308	51534	182	0.983784
51308	51279	182	0.983784
51308	50897	182	0.983784
51308	51154	182	0.983784
51308	50516	182	0.983784
51308	50254	182	0.983784
51308	51928	182	0.983784
51308	50895	182	0.983784
51308	51933	182	0.983784
51308	50782	182	0.983784
51308	51807	182	0.983784
51308	50400	182	0.983784
51308	51043	182	0.983784
51308	51812	182	0.983784
51308	51302	182	0.983784
51308	51686	182	0.983784
51308	50920	182	0.983784
51308	51004	182	0.983784
51308	51563	182	0.983784
51308	51566	182	0.983784
51308	51184	182	0.983784
51308	50675	182	0.983784
51308	51446	182	0.983784
51308	51319	182	0.983784
51308	51347	182	0.983784
51308	50555	182	0.983784
51309	51482	90	5.000000
51309	51820	18	1.000000
51309	51586	3	0.166667
51309	50846	36	2.000000
51310	50594	1	0.001634
51310	50404	1	0.001634
51310	51877	1	0.001634
51310	50505	1	0.001634
51310	50956	2	0.003268
51310	50253	1	0.001634
51310	51598	1	0.001634
51310	50703	1	0.001634
51310	51344	1	0.001634
51310	50993	1	0.001634
51310	51252	2	0.003268
51310	50933	1	0.001634
51310	51615	1	0.001634
51310	50618	1	0.001634
51310	50267	1	0.001634
51310	50447	1	0.001634
51310	50655	1	0.001634
51311	51779	1	0.019608
51311	50671	52	1.019608
51315	51586	7	0.002562
51315	51204	1	0.000366
51315	51847	1	0.000366
51315	50954	1	0.000366
51315	51074	1	0.000366
51315	50574	1	0.000366
51315	50447	106	0.038799
51315	50576	1	0.000366
51315	50577	1	0.000366
51315	50755	1	0.000366
51315	51310	1	0.000366
51315	50975	1	0.000366
51315	51106	1	0.000366
51315	51877	2	0.000732
51315	51505	2	0.000732
51315	51507	2	0.000732
51315	51252	10	0.003660
51315	51389	1	0.000366
51315	50495	13	0.004758
51315	51779	3	0.001098
51315	50631	2	0.000732
51315	50258	1	0.000366
51315	50898	1	0.000366
51315	50523	4	0.001464
51315	50917	1	0.000366
51315	50405	10	0.003660
51315	51217	1	0.000366
51315	51821	2	0.000732
51315	50286	4	0.001464
51315	50289	1	0.000366
51315	50546	1	0.000366
51315	51060	1	0.000366
51315	51448	8	0.002928
51315	50623	1	0.000366
51315	50815	28	0.010249
51319	51078	57	0.058642
51319	51586	3	0.003086
51319	51755	350	0.360082
51319	51076	350	0.360082
51319	51205	350	0.360082
51319	50310	350	0.360082
51319	51719	350	0.360082
51319	51209	350	0.360082
51319	50573	350	0.360082
51319	50319	350	0.360082
51319	51088	350	0.360082
51319	51857	350	0.360082
51319	51602	350	0.360082
51319	50307	350	0.360082
51319	51477	350	0.360082
51319	50585	350	0.360082
51319	50587	350	0.360082
51319	50464	350	0.360082
51319	50971	350	0.360082
51319	51237	350	0.360082
51319	50470	350	0.360082
51319	50999	350	0.360082
51319	51368	350	0.360082
51319	50473	350	0.360082
51319	51754	350	0.360082
51319	50987	350	0.360082
51319	51372	350	0.360082
51319	51117	350	0.360082
51319	50607	350	0.360082
51319	51276	350	0.360082
51319	50609	350	0.360082
51319	51443	350	0.360082
51319	51252	4	0.004115
51319	51166	350	0.360082
51319	50998	350	0.360082
51319	50359	350	0.360082
51319	50488	350	0.360082
51319	51003	350	0.360082
51319	51388	350	0.360082
51319	51647	350	0.360082
51319	50373	350	0.360082
51319	51143	350	0.360082
51319	51020	350	0.360082
51319	50271	350	0.360082
51319	50507	350	0.360082
51319	50764	350	0.360082
51319	51895	350	0.360082
51319	51534	350	0.360082
51319	51279	350	0.360082
51319	50897	350	0.360082
51319	51154	350	0.360082
51319	50516	350	0.360082
51319	50254	350	0.360082
51319	51928	350	0.360082
51319	50895	350	0.360082
51319	51933	350	0.360082
51319	50782	350	0.360082
51319	51807	350	0.360082
51319	50400	350	0.360082
51319	51043	350	0.360082
51319	51812	350	0.360082
51319	51302	350	0.360082
51319	51686	350	0.360082
51319	50920	350	0.360082
51319	51004	350	0.360082
51319	50255	4	0.004115
51319	51563	350	0.360082
51319	51308	350	0.360082
51319	51566	350	0.360082
51319	51184	350	0.360082
51319	50675	350	0.360082
51319	51446	350	0.360082
51319	51703	350	0.360082
51319	51347	350	0.360082
51319	50555	350	0.360082
51320	51139	1	1.000000
51320	51696	1	1.000000
51320	51643	1	1.000000
51320	51038	2	2.000000
51320	51663	1	1.000000
51321	51596	1	0.018868
51321	50255	1	0.018868
51321	51779	1	0.018868
51321	51252	50	0.943396
51321	50631	2	0.037736
51322	50904	1	0.090909
51323	51252	1	0.000327
51323	51204	1	0.000327
51323	51821	4	0.001307
51323	50815	1	0.000327
51324	50939	27	0.457627
51324	51252	2	0.033898
51326	51593	1	0.001495
51326	50954	1	0.001495
51326	50956	1	0.001495
51326	51341	1	0.001495
51326	51598	2	0.002990
51326	50703	1	0.001495
51326	50755	1	0.001495
51326	51349	645	0.964126
51326	51615	1	0.001495
51326	50594	1	0.001495
51326	51877	2	0.002990
51326	51084	1	0.001495
51326	50993	1	0.001495
51326	51252	5	0.007474
51326	50618	1	0.001495
51326	50623	1	0.001495
51326	51779	30	0.044843
51326	50505	1	0.001495
51326	51530	1	0.001495
51326	51668	3	0.004484
51326	50267	1	0.001495
51326	50655	1	0.001495
51326	50404	1	0.001495
51326	51310	1	0.001495
51326	50447	1	0.001495
51326	51698	1	0.001495
51326	51315	1	0.001495
51328	51252	1	0.032258
51328	50286	281	9.064516
51330	50273	181	0.994505
51330	50754	3	0.016484
51330	50757	181	0.994505
51330	50790	181	0.994505
51330	51112	181	0.994505
51330	50332	181	0.994505
51330	50733	181	0.994505
51330	51252	1	0.005495
51330	50232	181	0.994505
51330	51668	1	0.005495
51330	51861	182	1.000000
51330	51832	181	0.994505
51330	50809	181	0.994505
51330	51173	181	0.994505
51330	51164	181	0.994505
51330	51710	181	0.994505
51330	50885	181	0.994505
51331	51593	3	0.001223
51331	51084	2	0.000816
51331	51598	137	0.055873
51331	50577	1	0.000408
51331	50755	3	0.001223
51331	51865	1	0.000408
51331	51357	4	0.001631
51331	51877	1	0.000408
51331	51496	2	0.000816
51331	50601	22666	9.243883
51331	50482	1	0.000408
51331	51636	1	0.000408
51331	50869	4	0.001631
51331	51252	1987	0.810359
51331	50623	4	0.001631
51331	51779	6	0.002447
51331	51530	2	0.000816
51331	51787	2	0.000816
51331	51788	4	0.001631
51331	50255	1	0.000408
51331	51298	2	0.000816
51331	50918	2	0.000816
51331	51310	1	0.000408
51331	51695	1	0.000408
51331	50546	2	0.000816
51331	51315	4	0.001631
51331	50507	1	0.000408
51331	50815	13	0.005302
51332	51779	2	0.003922
51332	50534	1	0.001961
51332	50855	3	0.005882
51332	51277	4	0.007843
51332	51698	5	0.009804
51332	50558	1	0.001961
51332	50975	2	0.003922
51332	51230	1	0.001961
51332	50623	15	0.029412
51333	51272	13	0.034211
51335	51482	160	5.000000
51335	51820	32	1.000000
51335	51586	5	0.156250
51335	50846	64	2.000000
51336	50939	6	0.200000
51337	51073	8	0.500000
51337	51938	1	0.062500
51337	50340	1	0.062500
51337	51881	1	0.062500
51337	50699	7	0.437500
51337	51084	1	0.062500
51337	51533	1	0.062500
51337	51277	1	0.062500
51337	50287	1	0.062500
51337	50994	4	0.250000
51337	50722	1	0.062500
51337	50380	1	0.062500
51337	50618	1	0.062500
51339	51272	16	0.081218
51341	51779	4	0.003231
51341	51877	1455	1.175283
51341	50439	1	0.000808
51341	50856	7	0.005654
51341	50332	1	0.000808
51341	51698	1	0.000808
51341	50255	6	0.004847
51341	51344	1	0.000808
51341	50577	1	0.000808
51341	51794	1	0.000808
51341	50899	2	0.001616
51341	51252	16	0.012924
51341	50870	1	0.000808
51341	50868	2	0.001616
51341	50623	14	0.011309
51341	51068	1	0.000808
51341	50526	5	0.004039
51341	50815	2	0.001616
51342	51106	2	0.002584
51342	51779	12	0.015504
51342	50918	2	0.002584
51342	51587	26	0.033592
51342	50255	1	0.001292
51342	51315	2	0.002584
51342	51252	14	0.018088
51342	51381	2	0.002584
51342	50815	2	0.002584
51343	51357	3	0.035294
51343	50286	173	2.035294
51344	50434	11	1.375000
51344	50371	11	1.375000
51344	50576	8	1.000000
51344	51128	14	1.750000
51344	51577	11	1.375000
51344	51355	11	1.375000
51344	51774	14	1.750000
51346	51590	1	0.012346
51346	51079	1	0.012346
51346	50474	1	0.012346
51346	51468	2	0.024691
51346	51662	1	0.012346
51346	51794	1	0.012346
51346	51252	93	1.148148
51346	50711	1	0.012346
51346	50968	1	0.012346
51346	51162	1	0.012346
51346	50939	469	5.790123
51346	50332	1	0.012346
51346	50815	6	0.074074
51347	51078	30	0.022971
51347	51586	1	0.000766
51347	51755	790	0.604900
51347	51076	790	0.604900
51347	51205	790	0.604900
51347	50310	790	0.604900
51347	51719	790	0.604900
51347	51209	790	0.604900
51347	50573	790	0.604900
51347	50319	790	0.604900
51347	51088	790	0.604900
51347	51857	790	0.604900
51347	51602	790	0.604900
51347	50307	798	0.611026
51347	51477	790	0.604900
51347	51703	790	0.604900
51347	50585	790	0.604900
51347	50587	790	0.604900
51347	51357	2	0.001531
51347	50464	790	0.604900
51347	50971	790	0.604900
51347	51237	790	0.604900
51347	50470	790	0.604900
51347	50999	790	0.604900
51347	51368	790	0.604900
51347	50473	790	0.604900
51347	51754	790	0.604900
51347	50987	790	0.604900
51347	51372	790	0.604900
51347	51117	790	0.604900
51347	50607	790	0.604900
51347	51276	790	0.604900
51347	50609	790	0.604900
51347	51443	790	0.604900
51347	51252	5	0.003828
51347	51166	790	0.604900
51347	50998	790	0.604900
51347	50359	790	0.604900
51347	50488	790	0.604900
51347	51003	790	0.604900
51347	51388	790	0.604900
51347	51647	790	0.604900
51347	50373	790	0.604900
51347	51143	790	0.604900
51347	51020	790	0.604900
51347	50271	790	0.604900
51347	50507	790	0.604900
51347	50764	790	0.604900
51347	51895	790	0.604900
51347	51534	790	0.604900
51347	51279	790	0.604900
51347	50897	790	0.604900
51347	51154	790	0.604900
51347	50516	790	0.604900
51347	50254	790	0.604900
51347	51928	790	0.604900
51347	50895	790	0.604900
51347	51933	790	0.604900
51347	50782	790	0.604900
51347	51807	790	0.604900
51347	50400	790	0.604900
51347	51043	790	0.604900
51347	51812	790	0.604900
51347	51302	790	0.604900
51347	51686	790	0.604900
51347	50920	790	0.604900
51347	51004	790	0.604900
51347	51563	790	0.604900
51347	51308	790	0.604900
51347	51566	790	0.604900
51347	51184	790	0.604900
51347	50675	790	0.604900
51347	51446	790	0.604900
51347	51319	790	0.604900
51347	50555	790	0.604900
51348	51794	7	2.333333
51349	51330	1	0.001244
51349	51208	1	0.001244
51349	51083	2	0.002488
51349	51341	96	0.119403
51349	51586	1	0.001244
51349	50605	1	0.001244
51349	50833	2	0.002488
51349	51861	1	0.001244
51349	50455	41	0.050995
51349	50332	1	0.001244
51349	51357	2	0.002488
51349	50885	1	0.001244
51349	51106	1	0.001244
51349	51235	1	0.001244
51349	51877	1	0.001244
51349	50343	15	0.018657
51349	51112	1	0.001244
51349	50745	1	0.001244
51349	50733	1	0.001244
51349	51124	4	0.004975
51349	50232	1	0.001244
51349	51252	36	0.044776
51349	50754	2	0.002488
51349	51779	71	0.088308
51349	50757	1	0.001244
51349	51794	2	0.002488
51349	51283	17	0.021144
51349	51668	10	0.012438
51349	51031	4	0.004975
51349	51164	1	0.001244
51349	51173	1	0.001244
51349	50273	1	0.001244
51349	50658	2	0.002488
51349	51557	18	0.022388
51349	50790	1	0.001244
51349	50809	1	0.001244
51349	50543	3	0.003731
51349	50856	2	0.002488
51349	51326	14	0.017413
51349	51832	1	0.001244
51349	50297	5	0.006219
51349	51710	1	0.001244
51350	50834	16	1.000000
51353	51586	14	0.048611
51353	51344	5	0.017361
51353	50577	2	0.006944
51353	51613	10	0.034722
51353	50975	3	0.010417
51353	50465	1	0.003472
51353	50340	1	0.003472
51353	50858	2	0.006944
51353	51119	6	0.020833
51353	50868	2	0.006944
51353	51386	7	0.024306
51353	51778	11	0.038194
51353	51779	18	0.062500
51353	50631	1	0.003472
51353	51274	1	0.003472
51353	51275	4	0.013889
51353	50508	1	0.003472
51353	51938	1	0.003472
51353	50899	1	0.003472
51353	51293	26	0.090278
51353	51042	10	0.034722
51353	51684	1	0.003472
51353	50673	1	0.003472
51353	51698	10	0.034722
51353	51448	26	0.090278
51353	50558	4	0.013889
51354	51252	1	0.047619
51355	51577	1	0.142857
51355	51774	1	0.142857
51355	51225	4	0.571429
51357	51586	4	0.011019
51357	51466	1	0.002755
51357	51415	1	0.002755
51357	51074	2	0.005510
51357	51227	3	0.008264
51357	51230	1	0.002755
51357	50719	5	0.013774
51357	50465	1	0.002755
51357	51106	4	0.011019
51357	51877	32	0.088154
51357	51252	1	0.002755
51357	51127	1	0.002755
51357	50745	3	0.008264
51357	51644	1	0.002755
51357	50623	3	0.008264
51357	51407	11	0.030303
51357	51668	2	0.005510
51357	51671	7	0.019284
51357	50255	5	0.013774
51357	50910	5	0.013774
51357	51938	3	0.008264
51357	50662	2	0.005510
51357	51569	2	0.005510
51357	51698	1	0.002755
51357	50558	7	0.019284
51361	50745	1	0.009434
51361	50939	270	2.547170
51361	51252	4	0.037736
51367	50342	2	0.028571
51367	50409	2	0.028571
51367	51404	2	0.028571
51367	51252	62	0.885714
51367	50581	2	0.028571
51367	51194	2	0.028571
51367	50939	2	0.028571
51367	50813	2	0.028571
51368	51078	111	0.082101
51368	51755	933	0.690089
51368	51076	933	0.690089
51368	51205	933	0.690089
51368	50310	933	0.690089
51368	51719	933	0.690089
51368	51209	933	0.690089
51368	50573	933	0.690089
51368	50319	933	0.690089
51368	51088	933	0.690089
51368	51857	933	0.690089
51368	51602	933	0.690089
51368	50307	933	0.690089
51368	51477	933	0.690089
51368	51703	933	0.690089
51368	50585	933	0.690089
51368	50587	933	0.690089
51368	50464	933	0.690089
51368	50971	933	0.690089
51368	51237	933	0.690089
51368	50470	933	0.690089
51368	50999	933	0.690089
51368	51877	2	0.001479
51368	50473	933	0.690089
51368	51754	933	0.690089
51368	50987	933	0.690089
51368	51372	933	0.690089
51368	51117	933	0.690089
51368	50607	933	0.690089
51368	51276	933	0.690089
51368	50609	933	0.690089
51368	51443	933	0.690089
51368	51252	1	0.000740
51368	51166	933	0.690089
51368	50998	933	0.690089
51368	50359	933	0.690089
51368	50488	933	0.690089
51368	51003	933	0.690089
51368	51388	933	0.690089
51368	51647	933	0.690089
51368	51779	8	0.005917
51368	50373	933	0.690089
51368	51143	933	0.690089
51368	51020	933	0.690089
51368	50271	933	0.690089
51368	50507	933	0.690089
51368	50764	933	0.690089
51368	51895	933	0.690089
51368	51534	933	0.690089
51368	51279	933	0.690089
51368	50897	933	0.690089
51368	51154	933	0.690089
51368	50516	933	0.690089
51368	50254	933	0.690089
51368	51928	933	0.690089
51368	50895	933	0.690089
51368	51933	933	0.690089
51368	50782	933	0.690089
51368	51807	933	0.690089
51368	50400	969	0.716716
51368	51043	933	0.690089
51368	51812	933	0.690089
51368	51302	933	0.690089
51368	51686	933	0.690089
51368	50920	933	0.690089
51368	51004	933	0.690089
51368	51563	933	0.690089
51368	51308	933	0.690089
51368	51566	933	0.690089
51368	51184	933	0.690089
51368	51698	4	0.002959
51368	50675	933	0.690089
51368	51446	933	0.690089
51368	51319	933	0.690089
51368	51347	933	0.690089
51368	50555	933	0.690089
51369	51586	2	0.002286
51369	51779	4	0.004571
51369	50323	2	0.002286
51369	50255	1	0.001143
51369	50355	1	0.001143
51369	51252	32	0.036571
51369	50357	2	0.002286
51369	50968	2	0.002286
51369	51931	25	0.028571
51370	51593	3	0.001008
51370	51084	2	0.000672
51370	51598	138	0.046371
51370	50577	1	0.000336
51370	50755	3	0.001008
51370	51865	1	0.000336
51370	51357	4	0.001344
51370	51877	1	0.000336
51370	51496	2	0.000672
51370	50601	32529	10.930444
51370	50482	1	0.000336
51370	51636	1	0.000336
51370	50869	4	0.001344
51370	51252	3332	1.119624
51370	50623	5	0.001680
51370	51779	6	0.002016
51370	51652	1	0.000336
51370	51530	2	0.000672
51370	51787	2	0.000672
51370	51788	4	0.001344
51370	50255	1	0.000336
51370	51298	2	0.000672
51370	50918	2	0.000672
51370	51310	1	0.000336
51370	51695	2	0.000672
51370	50546	2	0.000672
51370	51315	4	0.001344
51370	50507	1	0.000336
51370	50815	13	0.004368
51371	51779	1	0.062500
51372	51078	107	0.088870
51372	51755	666	0.553156
51372	51076	666	0.553156
51372	51205	666	0.553156
51372	50310	666	0.553156
51372	51719	666	0.553156
51372	51209	666	0.553156
51372	50573	666	0.553156
51372	50319	666	0.553156
51372	51088	666	0.553156
51372	51857	666	0.553156
51372	51602	666	0.553156
51372	50307	666	0.553156
51372	51477	666	0.553156
51372	51703	666	0.553156
51372	50585	666	0.553156
51372	50587	666	0.553156
51372	50464	666	0.553156
51372	50971	666	0.553156
51372	51237	666	0.553156
51372	50470	666	0.553156
51372	50999	666	0.553156
51372	51368	666	0.553156
51372	50473	666	0.553156
51372	51754	666	0.553156
51372	50987	666	0.553156
51372	51117	666	0.553156
51372	50607	666	0.553156
51372	51276	666	0.553156
51372	50609	666	0.553156
51372	51443	666	0.553156
51372	51252	5	0.004153
51372	51166	666	0.553156
51372	50998	666	0.553156
51372	50359	666	0.553156
51372	50488	666	0.553156
51372	51003	666	0.553156
51372	51388	666	0.553156
51372	51647	666	0.553156
51372	50373	666	0.553156
51372	51143	666	0.553156
51372	51020	666	0.553156
51372	50271	666	0.553156
51372	50507	666	0.553156
51372	50764	666	0.553156
51372	51895	666	0.553156
51372	51534	666	0.553156
51372	51279	666	0.553156
51372	50897	666	0.553156
51372	51154	666	0.553156
51372	50516	666	0.553156
51372	50254	666	0.553156
51372	51928	666	0.553156
51372	50895	666	0.553156
51372	51933	666	0.553156
51372	50782	666	0.553156
51372	51807	666	0.553156
51372	50400	666	0.553156
51372	51043	666	0.553156
51372	51812	666	0.553156
51372	51302	666	0.553156
51372	51686	666	0.553156
51372	50920	666	0.553156
51372	51004	666	0.553156
51372	51563	666	0.553156
51372	51308	666	0.553156
51372	51566	666	0.553156
51372	51184	666	0.553156
51372	50675	666	0.553156
51372	51446	666	0.553156
51372	51319	666	0.553156
51372	51347	666	0.553156
51372	50555	666	0.553156
51373	51842	34	0.850000
51376	51544	1	0.017544
51376	51779	1	0.017544
51376	50387	1	0.017544
51377	51794	29	5.800000
51378	51221	2	0.062500
51379	50904	5	0.217391
51379	51779	1	0.043478
51380	51252	1	0.090909
51381	51779	12	0.015605
51381	50918	2	0.002601
51381	51587	27	0.035111
51381	51315	2	0.002601
51381	51252	19	0.024707
51381	50815	2	0.002601
51382	50944	8	0.160000
51384	51593	3	0.001233
51384	51084	2	0.000822
51384	51598	137	0.056286
51384	50577	1	0.000411
51384	50755	3	0.001233
51384	51865	1	0.000411
51384	51357	4	0.001643
51384	51877	1	0.000411
51384	51496	2	0.000822
51384	50601	22487	9.238702
51384	50482	1	0.000411
51384	51636	1	0.000411
51384	50869	4	0.001643
51384	51252	1967	0.808135
51384	50623	4	0.001643
51384	51779	6	0.002465
51384	51530	2	0.000822
51384	51787	2	0.000822
51384	51788	4	0.001643
51384	50255	1	0.000411
51384	51298	2	0.000822
51384	50918	2	0.000822
51384	51310	1	0.000411
51384	51695	1	0.000411
51384	50546	2	0.000822
51384	51315	4	0.001643
51384	50507	1	0.000411
51384	50815	13	0.005341
51385	51105	1	0.030303
51385	51252	25	0.757576
51386	51586	30	0.052174
51386	51332	17	0.029565
51386	51554	1	0.001739
51386	51847	1	0.001739
51386	51849	1	0.001739
51386	51344	5	0.008696
51386	50577	22	0.038261
51386	51474	2	0.003478
51386	51482	1	0.001739
51386	51613	18	0.031304
51386	50975	7	0.012174
51386	50465	1	0.001739
51386	50340	6	0.010435
51386	50673	1	0.001739
51386	51881	2	0.003478
51386	50858	2	0.003478
51386	50290	1	0.001739
51386	51119	6	0.010435
51386	51357	1	0.001739
51386	50868	3	0.005217
51386	51745	3	0.005217
51386	51636	7	0.012174
51386	50623	1	0.001739
51386	51778	17	0.029565
51386	51779	56	0.097391
51386	51782	1	0.001739
51386	50631	2	0.003478
51386	51274	1	0.001739
51386	51275	36	0.062609
51386	50508	2	0.003478
51386	51277	3	0.005217
51386	50253	1	0.001739
51386	50899	1	0.001739
51386	51032	1	0.001739
51386	51938	1	0.001739
51386	51293	78	0.135652
51386	51252	1	0.001739
51386	51042	15	0.026087
51386	51684	9	0.015652
51386	50289	1	0.001739
51386	51698	26	0.045217
51386	51448	28	0.048696
51386	50558	17	0.029565
51387	51881	2	0.181818
51387	51586	1	0.090909
51388	51078	5	0.003823
51388	51586	1	0.000765
51388	51755	773	0.590979
51388	51076	773	0.590979
51388	51205	773	0.590979
51388	50310	773	0.590979
51388	51719	773	0.590979
51388	51209	773	0.590979
51388	50573	773	0.590979
51388	51598	4	0.003058
51388	50319	773	0.590979
51388	51088	773	0.590979
51388	51857	773	0.590979
51388	51602	773	0.590979
51388	50307	773	0.590979
51388	51477	773	0.590979
51388	51703	773	0.590979
51388	50585	773	0.590979
51388	50587	773	0.590979
51388	51357	2	0.001529
51388	50464	773	0.590979
51388	50971	773	0.590979
51388	51237	773	0.590979
51388	50470	773	0.590979
51388	50999	773	0.590979
51388	51368	773	0.590979
51388	50473	773	0.590979
51388	51754	773	0.590979
51388	50987	773	0.590979
51388	51372	773	0.590979
51388	51117	773	0.590979
51388	50607	773	0.590979
51388	51276	773	0.590979
51388	50609	773	0.590979
51388	51443	773	0.590979
51388	51252	21	0.016055
51388	51166	773	0.590979
51388	50998	773	0.590979
51388	50359	773	0.590979
51388	50488	773	0.590979
51388	51003	773	0.590979
51388	51004	773	0.590979
51388	51647	773	0.590979
51388	50882	4	0.003058
51388	50373	773	0.590979
51388	51143	773	0.590979
51388	51020	773	0.590979
51388	50271	773	0.590979
51388	50507	773	0.590979
51388	50764	773	0.590979
51388	51895	773	0.590979
51388	51534	773	0.590979
51388	51279	773	0.590979
51388	50897	773	0.590979
51388	51154	773	0.590979
51388	50516	773	0.590979
51388	50254	773	0.590979
51388	51928	773	0.590979
51388	50895	773	0.590979
51388	51933	773	0.590979
51388	50782	773	0.590979
51388	51807	773	0.590979
51388	50400	777	0.594037
51388	51043	773	0.590979
51388	51812	773	0.590979
51388	51302	773	0.590979
51388	51686	773	0.590979
51388	50920	773	0.590979
51388	51563	773	0.590979
51388	51308	773	0.590979
51388	51474	4	0.003058
51388	51566	773	0.590979
51388	51184	773	0.590979
51388	50675	773	0.590979
51388	51446	773	0.590979
51388	51319	773	0.590979
51388	51347	773	0.590979
51388	50555	773	0.590979
51390	51272	1	0.006623
51393	51408	3	0.004399
51393	51106	1	0.001466
51393	51252	3	0.004399
51393	51102	10	0.014663
51394	51252	2	0.181818
51395	50817	42174	11.192675
51395	51586	2	0.000531
51395	51208	1	0.000265
51395	51593	2	0.000531
51395	50954	2	0.000531
51395	50829	2	0.000531
51395	50755	2	0.000531
51395	50968	3	0.000796
51395	51357	2	0.000531
51395	51877	4	0.001062
51395	51252	2593	0.688163
51395	50623	5	0.001327
51395	51779	12	0.003185
51395	51530	2	0.000531
51395	51341	2	0.000531
51395	50255	4	0.001062
51395	51298	1	0.000265
51395	50404	6	0.001592
51395	50918	3	0.000796
51395	50921	2	0.000531
51395	51310	2	0.000531
51395	50290	2	0.000531
51395	51315	2	0.000531
51395	50815	3	0.000796
51396	51545	3	0.002488
51396	51779	2	0.001658
51396	50939	2061	1.708955
51396	51252	6	0.004975
51398	50904	1	0.037037
51401	51252	5	0.027473
51401	50255	30	0.164835
51402	51252	4	0.023256
51402	50255	28	0.162791
51403	51252	24	2.000000
51406	51779	2	0.044444
51407	51938	2	0.004785
51407	51779	1	0.002392
51407	51078	2	0.004785
51407	50858	1	0.002392
51407	50601	1	0.002392
51407	50954	4	0.009569
51407	51799	1	0.002392
51407	51598	4	0.009569
51407	51631	1	0.002392
51407	51448	2	0.004785
51407	50834	1	0.002392
51407	50899	1	0.002392
51407	50868	1	0.002392
51407	50647	13	0.031100
51407	50968	3	0.007177
51407	51252	4	0.009569
51407	51357	4	0.009569
51407	50975	1	0.002392
51408	51102	852	1.000000
51409	51794	41	0.820000
51409	51252	3	0.060000
51410	50305	1770	0.692488
51410	51428	1770	0.692488
51410	50566	1770	0.692488
51410	51599	1770	0.692488
51410	51868	1770	0.692488
51410	51869	1770	0.692488
51410	51742	1770	0.692488
51410	50565	1770	0.692488
51410	51107	1770	0.692488
51410	50468	1770	0.692488
51410	51110	1770	0.692488
51410	51880	1770	0.692488
51410	50857	1770	0.692488
51410	50717	24	0.009390
51410	51252	1780	0.696401
51410	50974	3540	1.384977
51410	51894	1770	0.692488
51410	51136	1770	0.692488
51410	50372	1770	0.692488
51410	50252	1770	0.692488
51410	51023	1770	0.692488
51410	51541	1770	0.692488
51410	50903	1770	0.692488
51410	51172	1770	0.692488
51410	51036	1770	0.692488
51410	50528	1770	0.692488
51410	50274	1770	0.692488
51410	50659	1770	0.692488
51410	51684	7200	2.816901
51410	51301	1770	0.692488
51410	51819	1770	0.692488
51410	51437	1770	0.692488
51410	50557	1770	0.692488
51410	50291	1770	0.692488
51410	50427	1770	0.692488
51410	50812	1770	0.692488
51410	51837	1770	0.692488
51410	51236	1770	0.692488
51411	50552	21	0.355932
51415	51586	3	0.018405
51415	51332	1	0.006135
51415	50822	1	0.006135
51415	50465	1	0.006135
51415	51471	6	0.036810
51415	50576	1	0.006135
51415	51484	1	0.006135
51415	51613	1	0.006135
51415	50975	1	0.006135
51415	51616	1	0.006135
51415	51745	1	0.006135
51415	50983	1	0.006135
51415	51881	70	0.429448
51415	51357	5	0.030675
51415	50868	1	0.006135
51415	51252	4	0.024540
51415	50877	1	0.006135
51415	50623	127	0.779141
51415	51779	1	0.006135
51415	51233	1	0.006135
51415	51277	2	0.012270
51415	50509	1	0.006135
51415	50255	1	0.006135
51415	51806	1	0.006135
51415	51636	2	0.012270
51415	50673	1	0.006135
51415	51448	1	0.006135
51415	51455	16	0.098160
51416	51842	38	0.775510
51419	51252	2	0.090909
51419	51030	18	0.818182
51420	51586	1	0.001014
51420	51779	5	0.005071
51420	50567	1	0.001014
51420	51369	1	0.001014
51420	51252	32	0.032454
51420	50968	1	0.001014
51420	51931	105	0.106491
51423	50693	3	0.045455
51424	51429	2725	0.833079
51424	50726	2725	0.833079
51424	51531	2732	0.835219
51424	50610	2725	0.833079
51424	50734	2725	0.833079
51424	50418	2725	0.833079
51424	50452	2725	0.833079
51424	51252	55	0.016814
51424	51514	2725	0.833079
51424	50714	2725	0.833079
51425	51252	2	0.043478
51426	50787	1	0.025641
51426	51357	1	0.025641
51428	50305	496	0.485323
51428	50565	496	0.485323
51428	50566	496	0.485323
51428	51599	496	0.485323
51428	51868	496	0.485323
51428	51869	496	0.485323
51428	51742	496	0.485323
51428	51107	496	0.485323
51428	50468	496	0.485323
51428	51110	496	0.485323
51428	51880	496	0.485323
51428	50857	496	0.485323
51428	50717	12	0.011742
51428	51252	999	0.977495
51428	50974	992	0.970646
51428	51894	496	0.485323
51428	51136	496	0.485323
51428	50372	496	0.485323
51428	50252	496	0.485323
51428	51023	496	0.485323
51428	51410	496	0.485323
51428	51541	496	0.485323
51428	50903	496	0.485323
51428	51172	496	0.485323
51428	51036	496	0.485323
51428	50528	496	0.485323
51428	50274	496	0.485323
51428	50659	496	0.485323
51428	51684	3028	2.962818
51428	51301	496	0.485323
51428	51819	496	0.485323
51428	51437	496	0.485323
51428	50557	496	0.485323
51428	50291	496	0.485323
51428	50427	496	0.485323
51428	50812	496	0.485323
51428	51837	496	0.485323
51428	51236	496	0.485323
51429	51424	470	0.665722
51429	50726	470	0.665722
51429	51531	470	0.665722
51429	50610	470	0.665722
51429	50734	470	0.665722
51429	50418	470	0.665722
51429	50452	470	0.665722
51429	51514	470	0.665722
51429	50714	470	0.665722
51430	50338	1	0.011628
51430	51779	1	0.011628
51430	50357	1	0.011628
51430	51586	1	0.011628
51434	50939	203	4.833333
51434	51252	3	0.071429
51435	51315	2	0.002786
51435	51252	12	0.016713
51435	51046	15	0.020891
51435	50815	4	0.005571
51436	51369	1	0.001812
51436	51779	4	0.007246
51436	51931	13	0.023551
51436	51252	10	0.018116
51436	50255	1	0.001812
51437	50305	485	0.493388
51437	51428	485	0.493388
51437	50566	485	0.493388
51437	51599	485	0.493388
51437	51868	485	0.493388
51437	51869	485	0.493388
51437	51742	485	0.493388
51437	50565	485	0.493388
51437	51107	485	0.493388
51437	50468	485	0.493388
51437	51110	485	0.493388
51437	51880	485	0.493388
51437	50857	485	0.493388
51437	50717	16	0.016277
51437	51252	485	0.493388
51437	50974	970	0.986775
51437	51894	485	0.493388
51437	51136	485	0.493388
51437	50372	485	0.493388
51437	50252	485	0.493388
51437	51023	485	0.493388
51437	51410	485	0.493388
51437	51541	485	0.493388
51437	50903	485	0.493388
51437	51172	485	0.493388
51437	51036	485	0.493388
51437	50528	485	0.493388
51437	50274	485	0.493388
51437	50659	485	0.493388
51437	51684	1519	1.545270
51437	51301	485	0.493388
51437	51819	485	0.493388
51437	50557	485	0.493388
51437	50291	485	0.493388
51437	50427	485	0.493388
51437	50812	485	0.493388
51437	51837	485	0.493388
51437	51236	485	0.493388
51438	50515	31	1.000000
51438	50277	31	1.000000
51440	51777	15	0.013286
51440	50530	1003	0.888397
51440	50535	1003	0.888397
51441	50904	4	0.307692
51442	50834	80	1.000000
51442	51252	1	0.012500
51443	51078	48	0.054054
51443	51755	681	0.766892
51443	51076	681	0.766892
51443	51205	681	0.766892
51443	50310	681	0.766892
51443	51719	681	0.766892
51443	51209	681	0.766892
51443	50573	687	0.773649
51443	50319	681	0.766892
51443	51088	681	0.766892
51443	51857	681	0.766892
51443	51602	681	0.766892
51443	50307	681	0.766892
51443	51477	681	0.766892
51443	51703	681	0.766892
51443	50585	681	0.766892
51443	50587	681	0.766892
51443	50464	681	0.766892
51443	50971	681	0.766892
51443	51237	681	0.766892
51443	50470	681	0.766892
51443	50999	681	0.766892
51443	51368	681	0.766892
51443	50473	681	0.766892
51443	51754	681	0.766892
51443	50987	681	0.766892
51443	51372	681	0.766892
51443	51117	681	0.766892
51443	50607	681	0.766892
51443	51276	681	0.766892
51443	50609	681	0.766892
51443	51166	681	0.766892
51443	50998	681	0.766892
51443	50359	681	0.766892
51443	50488	681	0.766892
51443	51003	681	0.766892
51443	51388	681	0.766892
51443	51647	681	0.766892
51443	50373	681	0.766892
51443	51143	681	0.766892
51443	51020	681	0.766892
51443	50271	681	0.766892
51443	50507	681	0.766892
51443	50764	681	0.766892
51443	51895	681	0.766892
51443	51534	681	0.766892
51443	51279	681	0.766892
51443	50897	681	0.766892
51443	51154	681	0.766892
51443	50516	681	0.766892
51443	50254	681	0.766892
51443	51928	681	0.766892
51443	50895	681	0.766892
51443	51933	681	0.766892
51443	50782	681	0.766892
51443	51807	681	0.766892
51443	50400	681	0.766892
51443	51043	681	0.766892
51443	51812	681	0.766892
51443	51302	681	0.766892
51443	51686	681	0.766892
51443	50920	681	0.766892
51443	51004	681	0.766892
51443	51563	681	0.766892
51443	51308	681	0.766892
51443	51566	681	0.766892
51443	51184	681	0.766892
51443	50675	681	0.766892
51443	51446	681	0.766892
51443	51319	681	0.766892
51443	51347	681	0.766892
51443	50555	681	0.766892
51444	50904	1	0.066667
51445	50304	1	0.011628
51445	50338	1	0.011628
51445	51252	3	0.034884
51446	51755	475	0.669958
51446	51076	475	0.669958
51446	51205	475	0.669958
51446	50310	475	0.669958
51446	51719	475	0.669958
51446	51209	475	0.669958
51446	50573	475	0.669958
51446	51407	1	0.001410
51446	50319	475	0.669958
51446	51088	475	0.669958
51446	51857	475	0.669958
51446	51602	475	0.669958
51446	50307	475	0.669958
51446	51477	475	0.669958
51446	51703	475	0.669958
51446	50585	475	0.669958
51446	50587	475	0.669958
51446	50464	475	0.669958
51446	50971	475	0.669958
51446	51237	475	0.669958
51446	50470	475	0.669958
51446	50999	475	0.669958
51446	51368	475	0.669958
51446	50473	475	0.669958
51446	51754	475	0.669958
51446	50987	475	0.669958
51446	51372	475	0.669958
51446	51117	475	0.669958
51446	50607	475	0.669958
51446	51276	475	0.669958
51446	50609	475	0.669958
51446	51443	475	0.669958
51446	51166	475	0.669958
51446	50998	475	0.669958
51446	50359	475	0.669958
51446	50488	475	0.669958
51446	51003	475	0.669958
51446	51388	475	0.669958
51446	51647	475	0.669958
51446	50373	475	0.669958
51446	51143	475	0.669958
51446	51020	475	0.669958
51446	50271	475	0.669958
51446	50507	475	0.669958
51446	50764	475	0.669958
51446	51895	475	0.669958
51446	51534	475	0.669958
51446	51279	475	0.669958
51446	50897	475	0.669958
51446	51154	475	0.669958
51446	50516	475	0.669958
51446	50254	475	0.669958
51446	51928	475	0.669958
51446	50895	475	0.669958
51446	51933	475	0.669958
51446	50782	475	0.669958
51446	51807	475	0.669958
51446	50400	475	0.669958
51446	51043	475	0.669958
51446	51812	475	0.669958
51446	51302	475	0.669958
51446	51686	475	0.669958
51446	50920	475	0.669958
51446	51004	475	0.669958
51446	51563	475	0.669958
51446	51308	475	0.669958
51446	51566	475	0.669958
51446	51184	475	0.669958
51446	50675	475	0.669958
51446	51078	40	0.056417
51446	51319	475	0.669958
51446	51347	475	0.669958
51446	50555	475	0.669958
51447	50552	21	0.333333
51448	50816	858	1.461670
51448	51586	24	0.040886
51448	51332	1	0.001704
51448	51082	3	0.005111
51448	50576	1	0.001704
51448	51484	1	0.001704
51448	51613	1	0.001704
51448	50975	1	0.001704
51448	51616	1	0.001704
51448	50465	16	0.027257
51448	50844	1	0.001704
51448	51357	1	0.001704
51448	50994	3	0.005111
51448	50868	1	0.001704
51448	51252	3	0.005111
51448	50749	3	0.005111
51448	50245	3	0.005111
51448	51778	1	0.001704
51448	51779	1	0.001704
51448	51653	3	0.005111
51448	51745	1	0.001704
51448	51277	1	0.001704
51448	50647	3	0.005111
51448	51800	3	0.005111
51448	50658	3	0.005111
51448	50916	3	0.005111
51448	50405	3	0.005111
51448	51636	2	0.003407
51448	51565	3	0.005111
51448	50671	3	0.005111
51448	50544	3	0.005111
51448	50673	1	0.001704
51449	51252	252	0.498024
51449	50623	7	0.013834
51450	51777	20	0.011574
51450	50530	1555	0.899884
51450	50855	4	0.002315
51450	51252	20	0.011574
51450	50535	1555	0.899884
51451	50594	20	0.091743
51451	50787	1	0.004587
51451	51466	10	0.045872
51451	51586	2	0.009174
51451	51613	2	0.009174
51451	51250	10	0.045872
51451	50899	1	0.004587
51451	50868	1	0.004587
51451	51252	1	0.004587
51451	51357	5	0.022936
51452	50530	721	0.966488
51452	50255	67	0.089812
51452	51252	7	0.009383
51452	50383	1	0.001340
51452	50535	721	0.966488
51453	51779	6	0.006054
51453	51208	1	0.001009
51453	50577	1	0.001009
51453	51315	2	0.002018
51453	50900	36	0.036327
51453	51252	659	0.664985
51453	51484	2	0.002018
51455	51233	208	0.587571
51455	50822	210	0.593220
51455	50983	213	0.601695
51455	50509	210	0.593220
51455	50255	79	0.223164
51455	51252	3	0.008475
51455	50877	208	0.587571
51455	51806	208	0.587571
51456	50817	126	0.086420
51456	50562	6	0.004115
51456	51591	849	0.582305
51456	51720	6	0.004115
51456	51586	12	0.008230
51456	51225	6	0.004115
51456	51227	6	0.004115
51456	51496	32	0.021948
51456	50729	849	0.582305
51456	51242	849	0.582305
51456	50349	6	0.004115
51456	51252	1800	1.234568
51456	51513	6	0.004115
51456	50623	20	0.013717
51456	51008	162	0.111111
51456	51653	18	0.012346
51456	51149	849	0.582305
51456	50255	857	0.587791
51456	50261	6	0.004115
51456	50397	6	0.004115
51456	50404	6	0.004115
51456	51190	849	0.582305
51456	51114	6	0.004115
51457	51482	135	5.000000
51457	51820	27	1.000000
51457	51586	2	0.074074
51457	50846	54	2.000000
51458	50904	1	0.083333
51458	51252	4	0.333333
51459	51724	253	0.120304
51459	50946	48	0.022825
51459	51252	1658	0.788398
51461	51252	2	0.076923
51461	51198	1	0.038462
51463	51252	30	0.143541
51463	51732	3	0.014354
51463	51877	4	0.019139
51463	50255	1	0.004785
51464	51593	3	0.001238
51464	51084	2	0.000825
51464	51598	138	0.056954
51464	50577	1	0.000413
51464	50755	3	0.001238
51464	51865	1	0.000413
51464	51357	4	0.001651
51464	51787	2	0.000825
51464	51877	1	0.000413
51464	51496	2	0.000825
51464	50601	24020	9.913331
51464	50482	1	0.000413
51464	51636	1	0.000413
51464	50869	4	0.001651
51464	51252	1946	0.803137
51464	50623	5	0.002064
51464	51779	6	0.002476
51464	51530	2	0.000825
51464	50507	1	0.000413
51464	51788	4	0.001651
51464	50255	1	0.000413
51464	51298	2	0.000825
51464	50918	2	0.000825
51464	51310	1	0.000413
51464	51695	2	0.000825
51464	50546	2	0.000825
51464	51315	4	0.001651
51464	50815	13	0.005365
51465	51272	13	0.142857
51466	50577	1	0.015873
51466	51252	1	0.015873
51467	50574	4	0.021505
51468	50939	3	0.250000
51468	51252	5	0.416667
51469	51586	1	0.010989
51469	51593	1	0.010989
51469	50954	1	0.010989
51469	51084	1	0.010989
51469	51341	1	0.010989
51469	51598	1	0.010989
51469	50703	1	0.010989
51469	51357	2	0.021978
51469	51615	1	0.010989
51469	50594	1	0.010989
51469	51877	1	0.010989
51469	50956	1	0.010989
51469	51252	35	0.384615
51469	50618	1	0.010989
51469	50623	1	0.010989
51469	51777	10	0.109890
51469	50755	1	0.010989
51469	50505	1	0.010989
51469	51530	1	0.010989
51469	50253	1	0.010989
51469	50255	56	0.615385
51469	50267	1	0.010989
51469	51310	1	0.010989
51469	51315	1	0.010989
51469	50933	1	0.010989
51471	51455	6	0.260870
51472	51482	140	5.000000
51472	51820	28	1.000000
51472	51586	2	0.071429
51472	50846	56	2.000000
51473	51779	12	0.015605
51473	50918	2	0.002601
51473	51587	27	0.035111
51473	51315	2	0.002601
51473	51252	19	0.024707
51473	51381	2	0.002601
51473	50815	2	0.002601
51474	50882	1	0.008929
51474	50371	1	0.008929
51474	51877	6	0.053571
51474	51466	2	0.017857
51474	50290	1	0.008929
51474	51586	1	0.008929
51474	50577	1	0.008929
51474	50546	1	0.008929
51474	51779	1	0.008929
51474	51252	1	0.008929
51474	51484	2	0.017857
51476	51842	15	0.625000
51477	51078	85	0.084746
51477	51755	765	0.762712
51477	51076	765	0.762712
51477	51205	765	0.762712
51477	50310	765	0.762712
51477	51719	765	0.762712
51477	51209	765	0.762712
51477	50573	765	0.762712
51477	51407	4	0.003988
51477	50319	765	0.762712
51477	51088	765	0.762712
51477	51857	765	0.762712
51477	51602	765	0.762712
51477	50307	765	0.762712
51477	50286	1	0.000997
51477	51703	765	0.762712
51477	50585	765	0.762712
51477	50587	765	0.762712
51477	50464	765	0.762712
51477	50971	765	0.762712
51477	51237	765	0.762712
51477	50470	765	0.762712
51477	50999	765	0.762712
51477	51368	765	0.762712
51477	50473	765	0.762712
51477	51754	765	0.762712
51477	50987	765	0.762712
51477	51372	765	0.762712
51477	51117	765	0.762712
51477	50607	765	0.762712
51477	51276	765	0.762712
51477	50609	765	0.762712
51477	51443	765	0.762712
51477	51252	2	0.001994
51477	51166	765	0.762712
51477	50998	765	0.762712
51477	50359	765	0.762712
51477	50488	765	0.762712
51477	51003	765	0.762712
51477	51388	765	0.762712
51477	51647	765	0.762712
51477	50373	765	0.762712
51477	51143	765	0.762712
51477	51020	765	0.762712
51477	50271	765	0.762712
51477	50507	765	0.762712
51477	50764	765	0.762712
51477	51895	765	0.762712
51477	51534	765	0.762712
51477	51279	765	0.762712
51477	50897	765	0.762712
51477	51154	765	0.762712
51477	50516	765	0.762712
51477	50254	765	0.762712
51477	51928	765	0.762712
51477	50895	765	0.762712
51477	51933	765	0.762712
51477	50782	765	0.762712
51477	51807	765	0.762712
51477	50400	765	0.762712
51477	51043	765	0.762712
51477	51812	765	0.762712
51477	51302	765	0.762712
51477	51686	765	0.762712
51477	50920	765	0.762712
51477	51004	765	0.762712
51477	51563	765	0.762712
51477	51308	765	0.762712
51477	51282	1	0.000997
51477	51566	765	0.762712
51477	51184	765	0.762712
51477	50675	765	0.762712
51477	51446	765	0.762712
51477	51319	765	0.762712
51477	51347	765	0.762712
51477	50555	765	0.762712
51478	50904	1	0.066667
51478	51252	1	0.066667
51479	51505	3	0.130435
51480	51252	5	0.135135
51482	51586	5	0.061728
51482	51820	2	0.024691
51482	50846	94	1.160494
51482	50631	1	0.012346
51483	51586	4	0.200000
51483	51843	3	0.150000
51484	51586	23	0.032033
51484	51779	12	0.016713
51484	51782	1	0.001393
51484	50577	1	0.001393
51484	51474	1	0.001393
51484	50868	1	0.001393
51484	51833	1	0.001393
51484	50623	3	0.004178
51485	50816	1	0.001546
51485	51586	6	0.009274
51485	51799	1	0.001546
51485	50699	3	0.004637
51485	51598	2	0.003091
51485	50577	2	0.003091
51485	50834	1	0.001546
51485	51613	34	0.052550
51485	50846	1	0.001546
51485	50975	4	0.006182
51485	50465	2	0.003091
51485	50594	1	0.001546
51485	50340	2	0.003091
51485	51881	1	0.001546
51485	50546	1	0.001546
51485	50868	2	0.003091
51485	50623	121	0.187017
51485	51778	7	0.010819
51485	51779	10	0.015456
51485	51745	1	0.001546
51485	51016	4	0.006182
51485	51274	1	0.001546
51485	50515	1	0.001546
51485	50647	1	0.001546
51485	51800	1	0.001546
51485	50980	8	0.012365
51485	50277	2	0.003091
51485	51698	1	0.001546
51485	51448	7	0.010819
51485	50558	4	0.006182
51485	50687	4	0.006182
51486	51593	3	0.001171
51486	51084	2	0.000781
51486	51598	138	0.053864
51486	50577	1	0.000390
51486	50755	3	0.001171
51486	51865	1	0.000390
51486	51357	4	0.001561
51486	51877	1	0.000390
51486	51496	2	0.000781
51486	50601	23494	9.170180
51486	50482	1	0.000390
51486	51636	1	0.000390
51486	50869	4	0.001561
51486	51252	2066	0.806401
51486	50623	5	0.001952
51486	51779	6	0.002342
51486	51530	2	0.000781
51486	51787	2	0.000781
51486	51788	4	0.001561
51486	50255	1	0.000390
51486	51298	2	0.000781
51486	50918	2	0.000781
51486	51310	1	0.000390
51486	51695	2	0.000781
51486	50546	2	0.000781
51486	51315	4	0.001561
51486	50507	1	0.000390
51486	50815	13	0.005074
51488	50904	1	0.062500
51488	51252	2	0.125000
51489	50688	522	0.783784
51489	50529	522	0.783784
51489	50403	522	0.783784
51489	50824	522	0.783784
51489	50264	522	0.783784
51489	51546	522	0.783784
51489	50972	522	0.783784
51490	51252	1	0.017241
51491	51778	3	0.003968
51491	50277	783	1.035714
51491	51586	1	0.001323
51491	50631	2	0.002646
51495	51842	18	0.529412
51496	51586	1	0.002717
51496	51877	2	0.005435
51496	51050	1	0.002717
51496	51310	2	0.005435
51496	50255	4	0.010870
51496	51252	1	0.002717
51496	50968	1	0.002717
51496	50745	1	0.002717
51496	50623	1	0.002717
51497	50980	22	0.009778
51497	51459	65	0.028889
51497	51724	286	0.127111
51497	51799	1880	0.835556
51499	51779	2	0.054054
51500	51252	2	0.166667
51501	51252	30	0.143541
51501	51732	4	0.019139
51501	51877	4	0.019139
51501	50255	1	0.004785
51503	50904	5	0.454545
51503	51252	3	0.272727
51506	51778	3	0.058824
51506	50665	1	0.019608
51506	50508	1	0.019608
51506	51246	1	0.019608
51506	51535	1	0.019608
51506	51344	1	0.019608
51506	50899	1	0.019608
51506	50868	1	0.019608
51506	50623	1	0.019608
51507	51616	2	0.064516
51507	51586	5	0.161290
51507	51249	1	0.032258
51507	50635	1	0.032258
51507	50959	1	0.032258
51507	51344	1	0.032258
51507	51217	2	0.064516
51507	50964	1	0.032258
51507	50255	2	0.064516
51507	50558	1	0.032258
51509	51938	1	0.004651
51509	51740	1	0.004651
51509	51357	1	0.004651
51513	51460	3	0.115385
51514	51424	552	0.707692
51514	50465	2	0.002564
51514	51429	552	0.707692
51514	50726	552	0.707692
51514	51531	552	0.707692
51514	50610	552	0.707692
51514	50734	552	0.707692
51514	50418	552	0.707692
51514	50452	552	0.707692
51514	50714	552	0.707692
51515	50817	42239	11.218858
51515	51586	2	0.000531
51515	51208	1	0.000266
51515	51593	2	0.000531
51515	50954	2	0.000531
51515	50829	2	0.000531
51515	50755	2	0.000531
51515	50968	3	0.000797
51515	51357	2	0.000531
51515	51877	4	0.001062
51515	51252	2618	0.695352
51515	50623	5	0.001328
51515	51779	11	0.002922
51515	51530	2	0.000531
51515	51341	2	0.000531
51515	50255	4	0.001062
51515	51298	1	0.000266
51515	50404	6	0.001594
51515	50918	3	0.000797
51515	50921	2	0.000531
51515	51310	2	0.000531
51515	50290	2	0.000531
51515	51315	2	0.000531
51515	50815	3	0.000797
51517	51252	14	0.636364
51518	51252	6	0.032967
51518	50255	30	0.164835
51519	51252	4	0.023256
51519	50255	28	0.162791
51520	51482	125	5.000000
51520	51820	25	1.000000
51520	51586	16	0.640000
51520	50846	50	2.000000
51521	51315	2	0.037736
51521	51659	13	0.245283
51522	51877	1	0.002532
51522	50918	1	0.002532
51522	51530	3	0.007595
51522	51084	1	0.002532
51522	50255	8	0.020253
51522	50868	1	0.002532
51522	51252	91	0.230380
51522	50623	6	0.015190
51522	50815	11	0.027848
51522	51039	1	0.002532
51522	50719	2	0.005063
51523	50558	14	0.933333
51524	51252	1	0.004808
51524	50286	2083	10.014423
51525	51482	140	4.666667
51525	51820	28	0.933333
51525	51586	3	0.100000
51525	50846	56	1.866667
51526	50904	1	0.038462
51527	51252	6	0.400000
51528	50255	1	0.066667
51529	51321	1	0.100000
51529	51252	1	0.100000
51529	51671	1	0.100000
51530	50816	2	0.001784
51530	50594	1	0.000892
51530	51523	2	0.001784
51530	51877	2	0.001784
51530	50505	1	0.000892
51530	50719	2	0.001784
51530	51598	1	0.000892
51530	50703	1	0.000892
51530	50993	1	0.000892
51530	50267	1	0.000892
51530	50755	1	0.000892
51530	51252	1	0.000892
51530	50655	3	0.002676
51530	51448	1	0.000892
51530	50623	2	0.001784
51530	51050	1	0.000892
51530	50815	8	0.007136
51531	51424	251	0.693370
51531	51429	251	0.693370
51531	50726	251	0.693370
51531	50610	251	0.693370
51531	50734	251	0.693370
51531	50418	251	0.693370
51531	50452	251	0.693370
51531	51252	251	0.693370
51531	51514	251	0.693370
51531	50714	251	0.693370
51533	51586	22	0.023479
51533	51779	5	0.005336
51533	50855	2	0.002134
51533	50858	1	0.001067
51533	51277	1	0.001067
51533	50787	1	0.001067
51533	51698	6	0.006403
51533	50899	1	0.001067
51533	50868	7	0.007471
51533	51254	2	0.002134
51533	51778	5	0.005336
51533	51448	2	0.002134
51533	50558	9	0.009605
51534	51078	83	0.150635
51534	51755	327	0.593466
51534	51076	327	0.593466
51534	51205	327	0.593466
51534	50310	327	0.593466
51534	51719	327	0.593466
51534	51209	327	0.593466
51534	50573	327	0.593466
51534	50319	327	0.593466
51534	51088	327	0.593466
51534	51857	327	0.593466
51534	51602	327	0.593466
51534	50307	328	0.595281
51534	51477	327	0.593466
51534	51703	327	0.593466
51534	50585	327	0.593466
51534	50587	327	0.593466
51534	50464	327	0.593466
51534	50971	327	0.593466
51534	51237	327	0.593466
51534	50470	327	0.593466
51534	50999	327	0.593466
51534	51368	327	0.593466
51534	50473	327	0.593466
51534	51754	327	0.593466
51534	50987	327	0.593466
51534	51372	327	0.593466
51534	51117	327	0.593466
51534	50607	327	0.593466
51534	51276	327	0.593466
51534	50609	327	0.593466
51534	51443	327	0.593466
51534	51252	2	0.003630
51534	51166	327	0.593466
51534	50998	327	0.593466
51534	50359	327	0.593466
51534	50488	327	0.593466
51534	51003	327	0.593466
51534	51388	327	0.593466
51534	51647	327	0.593466
51534	50373	327	0.593466
51534	51143	327	0.593466
51534	51020	327	0.593466
51534	50271	327	0.593466
51534	50507	327	0.593466
51534	50764	327	0.593466
51534	51895	327	0.593466
51534	50254	327	0.593466
51534	51279	327	0.593466
51534	50897	327	0.593466
51534	51154	327	0.593466
51534	50516	327	0.593466
51534	51928	327	0.593466
51534	50895	327	0.593466
51534	51933	327	0.593466
51534	50782	327	0.593466
51534	51807	327	0.593466
51534	50400	327	0.593466
51534	51043	327	0.593466
51534	51812	327	0.593466
51534	51302	327	0.593466
51534	51686	327	0.593466
51534	50920	327	0.593466
51534	51004	327	0.593466
51534	51563	327	0.593466
51534	51308	327	0.593466
51534	51566	327	0.593466
51534	51184	327	0.593466
51534	50675	327	0.593466
51534	51446	327	0.593466
51534	51319	327	0.593466
51534	51347	327	0.593466
51534	50555	327	0.593466
51535	50529	451	1.000000
51535	50972	451	1.000000
51535	51252	258	0.572062
51538	51821	55	0.061798
51538	50447	1	0.001124
51538	51341	2	0.002247
51538	51315	2	0.002247
51538	50815	6	0.006742
51538	50623	2	0.002247
51539	51586	1	0.009709
51539	51252	6	0.058252
51539	51078	1	0.009709
51540	51593	1	0.025000
51540	50954	1	0.025000
51540	50956	1	0.025000
51540	51341	1	0.025000
51540	51598	1	0.025000
51540	50703	1	0.025000
51540	51615	1	0.025000
51540	50594	1	0.025000
51540	50267	1	0.025000
51540	51877	1	0.025000
51540	51084	1	0.025000
51540	50993	1	0.025000
51540	50618	1	0.025000
51540	50623	1	0.025000
51540	50755	1	0.025000
51540	50505	1	0.025000
51540	51530	1	0.025000
51540	50253	1	0.025000
51540	50899	1	0.025000
51540	50447	2	0.050000
51540	50655	1	0.025000
51540	50404	1	0.025000
51540	51310	1	0.025000
51540	51315	1	0.025000
51540	50933	1	0.025000
51540	51321	3	0.075000
51540	50815	1	0.025000
51541	50305	1151	0.615508
51541	51428	1151	0.615508
51541	50566	1151	0.615508
51541	51599	1151	0.615508
51541	50815	24	0.012834
51541	51868	1151	0.615508
51541	51869	1151	0.615508
51541	51742	1151	0.615508
51541	50565	1151	0.615508
51541	51107	1151	0.615508
51541	50468	1151	0.615508
51541	51877	1	0.000535
51541	51110	1151	0.615508
51541	51880	1151	0.615508
51541	50857	1151	0.615508
51541	50717	12	0.006417
51541	51315	1	0.000535
51541	51252	1233	0.659358
51541	50974	2302	1.231016
51541	51894	1151	0.615508
51541	50623	1	0.000535
51541	51136	1151	0.615508
51541	50372	1151	0.615508
51541	50252	1151	0.615508
51541	50253	24	0.012834
51541	51023	1151	0.615508
51541	51410	1151	0.615508
51541	50903	1151	0.615508
51541	51172	1151	0.615508
51541	51036	1151	0.615508
51541	50528	1151	0.615508
51541	50274	1151	0.615508
51541	50659	1151	0.615508
51541	51684	3485	1.863636
51541	51301	1151	0.615508
51541	51819	1151	0.615508
51541	51437	1151	0.615508
51541	50557	1151	0.615508
51541	50291	1151	0.615508
51541	50427	1151	0.615508
51541	50812	1151	0.615508
51541	51837	1151	0.615508
51541	51236	1151	0.615508
51543	51624	23	1.210526
51544	51252	1	0.006250
51545	50939	3	0.176471
51545	51396	3	0.176471
51545	51597	3	0.176471
51546	50688	243	0.575829
51546	51489	243	0.575829
51546	50403	243	0.575829
51546	50529	243	0.575829
51546	50824	243	0.575829
51546	50264	243	0.575829
51546	50972	243	0.575829
51547	51732	3	0.014354
51547	51252	31	0.148325
51547	51877	4	0.019139
51547	50255	1	0.004785
51548	51315	2	0.002786
51548	51435	5	0.006964
51548	51252	12	0.016713
51548	51046	14	0.019499
51548	50815	4	0.005571
51549	51315	2	0.002786
51549	51435	5	0.006964
51549	51252	12	0.016713
51549	51046	14	0.019499
51549	50815	4	0.005571
51550	51315	2	0.002786
51550	51435	5	0.006964
51550	51252	12	0.016713
51550	51046	16	0.022284
51550	50815	4	0.005571
51551	51315	2	0.002786
51551	51435	5	0.006964
51551	51252	12	0.016713
51551	51046	16	0.022284
51551	50815	4	0.005571
51552	51315	2	0.002786
51552	51435	5	0.006964
51552	51252	12	0.016713
51552	51046	16	0.022284
51552	50815	4	0.005571
51553	51315	2	0.002786
51553	51435	5	0.006964
51553	51252	12	0.016713
51553	51046	14	0.019499
51553	50815	4	0.005571
51554	51586	100	2.040816
51554	51779	1	0.020408
51554	50577	1	0.020408
51554	51778	1	0.020408
51554	50673	2	0.040816
51554	50546	1	0.020408
51554	50558	2	0.040816
51554	51484	1	0.020408
51554	50942	49	1.000000
51555	50560	2	0.014925
51555	50956	1	0.007463
51557	51106	1	0.000590
51557	51779	4	0.002358
51557	51349	1693	0.998231
51558	51106	1	0.012346
51558	51252	4	0.049383
51558	50933	2	0.024691
51558	50389	1	0.012346
51559	51881	3	0.187500
51559	51466	3	0.187500
51561	50868	1	0.031250
51561	51482	155	4.843750
51561	51820	31	0.968750
51561	51586	3	0.093750
51561	50846	62	1.937500
51562	50904	5	0.357143
51563	51078	53	0.090598
51563	51755	354	0.605128
51563	51076	354	0.605128
51563	51205	354	0.605128
51563	50310	354	0.605128
51563	51719	354	0.605128
51563	51209	354	0.605128
51563	50573	354	0.605128
51563	50319	354	0.605128
51563	51088	354	0.605128
51563	51857	354	0.605128
51563	51602	354	0.605128
51563	50307	354	0.605128
51563	51477	354	0.605128
51563	51703	354	0.605128
51563	50585	354	0.605128
51563	50587	354	0.605128
51563	50464	354	0.605128
51563	50971	354	0.605128
51563	51237	354	0.605128
51563	50470	354	0.605128
51563	50999	354	0.605128
51563	51368	354	0.605128
51563	50473	354	0.605128
51563	51754	354	0.605128
51563	50987	354	0.605128
51563	51372	354	0.605128
51563	51117	354	0.605128
51563	50607	354	0.605128
51563	51276	354	0.605128
51563	50609	354	0.605128
51563	51443	354	0.605128
51563	51166	354	0.605128
51563	50998	354	0.605128
51563	50359	354	0.605128
51563	50488	354	0.605128
51563	51003	354	0.605128
51563	51388	354	0.605128
51563	51647	354	0.605128
51563	50373	354	0.605128
51563	51143	354	0.605128
51563	51020	354	0.605128
51563	50271	354	0.605128
51563	50507	354	0.605128
51563	50764	354	0.605128
51563	51895	354	0.605128
51563	51534	354	0.605128
51563	51279	354	0.605128
51563	50897	354	0.605128
51563	51154	354	0.605128
51563	50516	354	0.605128
51563	50254	354	0.605128
51563	51928	354	0.605128
51563	50895	354	0.605128
51563	51933	354	0.605128
51563	50782	354	0.605128
51563	51807	354	0.605128
51563	50400	354	0.605128
51563	51043	354	0.605128
51563	51812	354	0.605128
51563	51302	354	0.605128
51563	51686	354	0.605128
51563	50920	354	0.605128
51563	51004	354	0.605128
51563	51308	354	0.605128
51563	51566	354	0.605128
51563	51184	354	0.605128
51563	50675	354	0.605128
51563	51446	354	0.605128
51563	51319	354	0.605128
51563	51347	354	0.605128
51563	50555	354	0.605128
51564	51272	24	0.260870
51565	50816	3	0.002595
51565	51586	8	0.006920
51565	51332	3	0.002595
51565	51344	1	0.000865
51565	51217	1	0.000865
51565	50707	2	0.001730
51565	51054	1	0.000865
51565	50844	1	0.000865
51565	51613	5	0.004325
51565	51230	3	0.002595
51565	50975	12	0.010381
51565	50465	3	0.002595
51565	50340	1	0.000865
51565	51877	1	0.000865
51565	50858	1	0.000865
51565	50290	4	0.003460
51565	51631	1	0.000865
51565	50355	7	0.006055
51565	50868	6	0.005190
51565	51745	1	0.000865
51565	50623	9	0.007785
51565	51905	2	0.001730
51565	51778	4	0.003460
51565	51779	14	0.012111
51565	51782	1	0.000865
51565	50631	728	0.629758
51565	51272	3	0.002595
51565	51274	1	0.000865
51565	51277	4	0.003460
51565	50899	2	0.001730
51565	51671	15	0.012976
51565	50577	2	0.001730
51565	51438	1	0.000865
51565	50289	727	0.628893
51565	51698	7	0.006055
51565	50933	1	0.000865
51565	51448	6	0.005190
51565	50558	1	0.000865
51566	51078	5	0.009579
51566	51755	465	0.890805
51566	51076	465	0.890805
51566	51205	465	0.890805
51566	50310	465	0.890805
51566	51719	465	0.890805
51566	51209	465	0.890805
51566	50573	465	0.890805
51566	51407	4	0.007663
51566	50319	465	0.890805
51566	51088	465	0.890805
51566	51857	465	0.890805
51566	51602	465	0.890805
51566	50307	465	0.890805
51566	51477	465	0.890805
51566	51703	465	0.890805
51566	50585	465	0.890805
51566	50587	465	0.890805
51566	50464	465	0.890805
51566	50971	465	0.890805
51566	51237	465	0.890805
51566	50470	465	0.890805
51566	50999	465	0.890805
51566	51368	465	0.890805
51566	50473	465	0.890805
51566	51754	465	0.890805
51566	50987	465	0.890805
51566	51372	465	0.890805
51566	51117	465	0.890805
51566	50607	465	0.890805
51566	51276	465	0.890805
51566	50609	465	0.890805
51566	51443	465	0.890805
51566	51166	465	0.890805
51566	50998	465	0.890805
51566	50359	465	0.890805
51566	50488	465	0.890805
51566	51003	465	0.890805
51566	51388	465	0.890805
51566	51647	465	0.890805
51566	50373	465	0.890805
51566	51143	465	0.890805
51566	51020	465	0.890805
51566	50271	465	0.890805
51566	50507	465	0.890805
51566	50764	465	0.890805
51566	51895	465	0.890805
51566	51534	465	0.890805
51566	51279	465	0.890805
51566	50897	465	0.890805
51566	51154	465	0.890805
51566	50516	465	0.890805
51566	50254	465	0.890805
51566	51928	465	0.890805
51566	50918	2	0.003831
51566	50895	465	0.890805
51566	51933	465	0.890805
51566	50782	465	0.890805
51566	51807	465	0.890805
51566	50400	465	0.890805
51566	51043	465	0.890805
51566	51812	465	0.890805
51566	51302	465	0.890805
51566	51686	465	0.890805
51566	50920	465	0.890805
51566	51004	465	0.890805
51566	51563	465	0.890805
51566	51308	465	0.890805
51566	51184	465	0.890805
51566	50675	465	0.890805
51566	51446	465	0.890805
51566	51319	465	0.890805
51566	51347	465	0.890805
51566	50555	465	0.890805
51567	51482	120	5.000000
51567	51820	24	1.000000
51567	51586	2	0.083333
51567	50846	48	2.000000
51569	51008	2	0.050000
51569	51265	1	0.025000
51569	50466	8	0.200000
51569	51779	2	0.050000
51569	51240	1	0.025000
51569	50577	1	0.025000
51569	51220	1	0.025000
51569	50623	3	0.075000
51572	51252	1	0.029412
51573	51842	20	0.645161
51573	51779	6	0.193548
51575	51624	26	1.181818
51576	51252	16	2.285714
51577	51586	6	1.200000
51577	50564	1	0.200000
51577	50567	1	0.200000
51577	51274	1	0.200000
51577	50508	1	0.200000
51577	51128	1	0.200000
51579	50560	63	1.968750
51579	50255	31	0.968750
51580	51389	1	0.028571
51581	50552	18	0.545455
51581	51299	3	0.090909
51584	51586	11	1.222222
51584	50434	1	0.111111
51584	50576	1	0.111111
51584	50577	1	0.111111
51584	51226	1	0.111111
51584	50844	1	0.111111
51584	51613	1	0.111111
51584	51230	1	0.111111
51584	51616	1	0.111111
51584	51745	1	0.111111
51584	50289	1	0.111111
51584	50600	1	0.111111
51584	51484	1	0.111111
51584	50858	1	0.111111
51584	51507	3	0.333333
51584	51252	1	0.111111
51584	50495	1	0.111111
51584	51778	2	0.222222
51584	51779	1	0.111111
51584	51782	1	0.111111
51584	50631	1	0.111111
51584	51938	1	0.111111
51584	50317	1	0.111111
51584	51554	1	0.111111
51584	50413	1	0.111111
51584	50673	1	0.111111
51584	50290	1	0.111111
51586	51204	1	0.000361
51586	51208	1	0.000361
51586	51729	1	0.000361
51586	51220	1	0.000361
51586	50713	1	0.000361
51586	51226	1	0.000361
51586	51230	1	0.000361
51586	51241	1	0.000361
51586	51249	1	0.000361
51586	51252	1	0.000361
51586	50868	37	0.013353
51586	50749	1	0.000361
51586	51774	1	0.000361
51586	51778	1	0.000361
51586	51779	2	0.000722
51586	51782	1	0.000361
51586	51274	1	0.000361
51586	51788	4	0.001444
51586	50255	2	0.000722
51586	51298	1	0.000361
51586	50277	1	0.000361
51586	51820	1	0.000361
51586	50289	1	0.000361
51586	50290	1	0.000361
51586	51833	1	0.000361
51586	50814	1	0.000361
51586	50815	1	0.000361
51586	50816	1	0.000361
51586	51332	1	0.000361
51586	51847	2	0.000722
51586	51849	1	0.000361
51586	50317	1	0.000361
51586	51344	3	0.001083
51586	50322	1	0.000361
51586	50323	1	0.000361
51586	51865	2	0.000722
51586	51355	1	0.000361
51586	51357	2352	0.848791
51586	50846	1	0.000361
51586	50340	1	0.000361
51586	50855	1	0.000361
51586	50858	1	0.000361
51586	50859	2	0.000722
51586	50356	1	0.000361
51586	50870	1	0.000361
51586	51387	1	0.000361
51586	50371	1	0.000361
51586	51938	1	0.000361
51586	51438	1	0.000361
51586	51448	1	0.000361
51586	50426	2	0.000722
51586	50940	1	0.000361
51586	50434	1	0.000361
51586	51466	1	0.000361
51586	50959	1	0.000361
51586	50964	1	0.000361
51586	50966	1	0.000361
51586	51482	1	0.000361
51586	51484	1	0.000361
51586	50465	2	0.000722
51586	51491	1	0.000361
51586	50495	3	0.001083
51586	50508	1	0.000361
51586	50515	1	0.000361
51586	50519	1	0.000361
51586	50523	1	0.000361
51586	51045	1	0.000361
51586	51054	1	0.000361
51586	50546	1	0.000361
51586	51061	1	0.000361
51586	50550	1	0.000361
51586	51577	4	0.001444
51586	50558	1	0.000361
51586	51074	1	0.000361
51586	50567	3	0.001083
51586	50571	1	0.000361
51586	50755	1	0.000361
51586	51612	1	0.000361
51586	51616	1	0.000361
51586	51106	2	0.000722
51586	50597	2	0.000722
51586	51698	1	0.000361
51586	51631	1	0.000361
51586	51636	1	0.000361
51586	51128	1	0.000361
51586	51185	1	0.000361
51586	51186	1	0.000361
51586	51191	1	0.000361
51586	51708	1	0.000361
51587	51252	3	0.062500
51588	51522	2	0.285714
51588	50719	1	0.142857
51589	51250	123	2.510204
51589	51451	1	0.020408
51590	51593	1	0.002326
51590	50954	1	0.002326
51590	50956	1	0.002326
51590	51341	1	0.002326
51590	51598	1	0.002326
51590	50703	1	0.002326
51590	51310	1	0.002326
51590	50968	1	0.002326
51590	51615	1	0.002326
51590	50594	1	0.002326
51590	51877	2	0.004651
51590	50993	1	0.002326
51590	51252	4	0.009302
51590	50505	1	0.002326
51590	50618	1	0.002326
51590	50755	1	0.002326
51590	51084	1	0.002326
51590	51530	1	0.002326
51590	50253	1	0.002326
51590	50255	2	0.004651
51590	50267	1	0.002326
51590	50910	3	0.006977
51590	50655	1	0.002326
51590	50404	1	0.002326
51590	50286	5606	13.037209
51590	51315	3	0.006977
51590	50933	1	0.002326
51591	51456	1106	0.651738
51591	51586	18	0.010607
51591	51779	6	0.003536
51591	51653	18	0.010607
51591	50729	1106	0.651738
51591	51242	1106	0.651738
51591	51149	1106	0.651738
51591	50255	1106	0.651738
51591	51252	2268	1.336476
51591	51190	1106	0.651738
51591	51225	6	0.003536
51591	51227	12	0.007071
51591	51357	6	0.003536
51591	50623	6	0.003536
51592	51252	2	0.048780
51593	50944	1	0.000346
51593	50560	1	0.000346
51593	51586	4	0.001383
51593	51078	1	0.000346
51593	50817	1	0.000346
51593	50954	1	0.000346
51593	50577	1	0.000346
51593	50834	1	0.000346
51593	51616	1	0.000346
51593	51877	2	0.000691
51593	50601	1	0.000346
51593	50602	58	0.020048
51593	51507	1	0.000346
51593	51252	1	0.000346
51593	50623	1	0.000346
51593	51008	2	0.000691
51593	51777	1	0.000346
51593	50245	1	0.000346
51593	50631	1	0.000346
51593	51272	1	0.000346
51593	51659	1	0.000346
51593	51788	1	0.000346
51593	51535	1	0.000346
51593	51794	1	0.000346
51593	51284	1	0.000346
51593	51799	1	0.000346
51593	51800	4	0.001383
51593	50255	1	0.000346
51593	50270	1	0.000346
51593	50286	1	0.000346
51593	51698	1	0.000346
51593	51315	2	0.000691
51593	50552	1	0.000346
51593	50558	3	0.001037
51593	50815	12	0.004148
51594	51777	4	0.003752
51594	50530	675	0.633208
51594	50535	675	0.633208
51594	51586	1	0.000938
51594	50255	24	0.022514
51594	51252	1	0.000938
51594	51448	2	0.001876
51594	51357	2	0.001876
51595	51272	13	0.254902
51596	51321	6	0.193548
51596	50815	1	0.032258
51596	51252	9	0.290323
51596	50239	3	0.096774
51597	50918	1	0.018182
51598	51204	3	0.002473
51598	51847	1	0.000824
51598	51593	3	0.002473
51598	50954	2	0.001649
51598	51341	4	0.003298
51598	51344	1	0.000824
51598	51877	4	0.003298
51598	50728	8	0.006595
51598	50868	3	0.002473
51598	50623	3	0.002473
51598	50755	4	0.003298
51598	51652	1	0.000824
51598	50887	2	0.001649
51598	51530	4	0.003298
51598	50899	1	0.000824
51598	51032	1	0.000824
51598	51938	3	0.002473
51598	51310	3	0.002473
51598	51695	1	0.000824
51598	51315	4	0.003298
51598	50687	1	0.000824
51598	50815	5	0.004122
51599	50305	668	0.510313
51599	51428	668	0.510313
51599	50566	668	0.510313
51599	51868	668	0.510313
51599	51869	668	0.510313
51599	51742	668	0.510313
51599	50565	668	0.510313
51599	51107	668	0.510313
51599	50468	668	0.510313
51599	51110	668	0.510313
51599	51880	668	0.510313
51599	50857	668	0.510313
51599	50717	20	0.015279
51599	51252	1336	1.020626
51599	50974	1336	1.020626
51599	51894	668	0.510313
51599	51136	668	0.510313
51599	50372	668	0.510313
51599	50252	668	0.510313
51599	51023	668	0.510313
51599	51410	668	0.510313
51599	51541	668	0.510313
51599	50903	668	0.510313
51599	51172	668	0.510313
51599	51036	668	0.510313
51599	50528	668	0.510313
51599	50274	668	0.510313
51599	50659	668	0.510313
51599	51684	3391	2.590527
51599	51301	668	0.510313
51599	51819	668	0.510313
51599	51437	668	0.510313
51599	50557	668	0.510313
51599	50291	668	0.510313
51599	50427	668	0.510313
51599	50812	668	0.510313
51599	51837	668	0.510313
51599	51236	668	0.510313
51600	51252	6	0.014218
51600	51133	3	0.007109
51602	51078	76	0.041781
51602	51755	847	0.465640
51602	51076	847	0.465640
51602	51205	847	0.465640
51602	50310	847	0.465640
51602	51719	847	0.465640
51602	51209	847	0.465640
51602	50573	847	0.465640
51602	51407	8	0.004398
51602	50319	847	0.465640
51602	51088	847	0.465640
51602	51857	847	0.465640
51602	50307	847	0.465640
51602	51477	847	0.465640
51602	51703	847	0.465640
51602	50585	847	0.465640
51602	50587	847	0.465640
51602	50464	847	0.465640
51602	50971	847	0.465640
51602	51237	847	0.465640
51602	50470	847	0.465640
51602	50999	847	0.465640
51602	51368	847	0.465640
51602	50473	847	0.465640
51602	51754	847	0.465640
51602	50987	847	0.465640
51602	51372	847	0.465640
51602	51117	847	0.465640
51602	50607	847	0.465640
51602	51276	847	0.465640
51602	50609	847	0.465640
51602	51443	847	0.465640
51602	51166	847	0.465640
51602	50998	847	0.465640
51602	50359	847	0.465640
51602	50488	847	0.465640
51602	51003	847	0.465640
51602	51388	847	0.465640
51602	51647	847	0.465640
51602	50373	853	0.468939
51602	51143	847	0.465640
51602	51020	847	0.465640
51602	50271	847	0.465640
51602	50507	847	0.465640
51602	50764	847	0.465640
51602	51895	847	0.465640
51602	51534	847	0.465640
51602	51279	847	0.465640
51602	50897	847	0.465640
51602	51154	847	0.465640
51602	50516	847	0.465640
51602	50254	847	0.465640
51602	51928	847	0.465640
51602	50895	847	0.465640
51602	51933	847	0.465640
51602	50782	847	0.465640
51602	51807	847	0.465640
51602	50400	847	0.465640
51602	51043	847	0.465640
51602	51812	847	0.465640
51602	51302	847	0.465640
51602	51686	847	0.465640
51602	50920	847	0.465640
51602	51004	847	0.465640
51602	51563	847	0.465640
51602	51308	847	0.465640
51602	51566	847	0.465640
51602	51184	847	0.465640
51602	50675	847	0.465640
51602	51446	847	0.465640
51602	51319	847	0.465640
51602	51347	847	0.465640
51602	50555	847	0.465640
51603	51821	3	0.001066
51604	50980	23	0.004637
51604	51252	112	0.022581
51604	50869	16	0.003226
51606	50817	43056	11.393490
51606	51586	2	0.000529
51606	51208	1	0.000265
51606	51593	2	0.000529
51606	50954	2	0.000529
51606	50829	2	0.000529
51606	50755	2	0.000529
51606	50968	3	0.000794
51606	51357	2	0.000529
51606	51877	4	0.001058
51606	51252	2680	0.709182
51606	50623	5	0.001323
51606	51779	11	0.002911
51606	51530	2	0.000529
51606	51341	2	0.000529
51606	50255	4	0.001058
51606	51298	1	0.000265
51606	50404	6	0.001588
51606	50918	3	0.000794
51606	50921	2	0.000529
51606	51310	2	0.000529
51606	50290	2	0.000529
51606	51315	2	0.000529
51606	50815	3	0.000794
51607	51586	1	0.000529
51607	51779	4	0.002118
51607	50954	1	0.000529
51607	51877	5	0.002647
51607	51369	1	0.000529
51607	51530	1	0.000529
51607	50255	1	0.000529
51607	50755	1	0.000529
51607	51252	37	0.019587
51607	50357	1	0.000529
51607	51931	26	0.013764
51607	51357	2	0.001059
51607	50623	1	0.000529
51608	51624	45	1.071429
51609	51284	1	0.062500
51609	51252	19	1.187500
51609	50255	16	1.000000
51610	51252	2	0.033898
51611	51252	30	2.000000
51612	51063	2	0.166667
51613	51586	3	0.043478
51613	50699	1	0.014493
51613	50829	1	0.014493
51613	51485	1	0.014493
51613	50245	1	0.014493
51613	51104	1	0.014493
51613	50465	1	0.014493
51613	50466	1	0.014493
51613	51254	1	0.014493
51613	50749	1	0.014493
51613	50627	1	0.014493
51613	51653	1	0.014493
51613	51782	3	0.043478
51613	51274	3	0.043478
51613	50647	1	0.014493
51613	51800	1	0.014493
51613	50916	1	0.014493
51613	50405	1	0.014493
51613	50534	1	0.014493
51613	51565	1	0.014493
51613	50671	1	0.014493
51613	50544	1	0.014493
51613	50546	11	0.159420
51613	50558	1	0.014493
51614	51357	1	0.025000
51615	50956	1	0.009615
51615	51204	13	0.125000
51616	50465	1	0.005128
51616	51586	7	0.035897
51616	50940	1	0.005128
51616	51277	1	0.005128
51616	50577	1	0.005128
51616	51612	2	0.010256
51616	50975	1	0.005128
51617	51779	1	0.005814
51617	51252	3	0.017442
51617	50910	344	2.000000
51617	50286	1734	10.081395
51617	50255	1	0.005814
51618	51252	33	1.031250
51620	51779	6	0.006054
51620	51208	1	0.001009
51620	50577	1	0.001009
51620	51315	2	0.002018
51620	50900	36	0.036327
51620	51252	655	0.660949
51620	51484	2	0.002018
51622	51272	13	0.270833
51623	50918	1	0.047619
51623	50255	1	0.047619
51624	51847	1	0.002024
51624	50600	4	0.008097
51624	51032	1	0.002024
51624	51474	1	0.002024
51624	51252	18	0.036437
51624	51800	2	0.004049
51625	50944	46	1.210526
51625	51671	4	0.105263
51625	50255	38	1.000000
51626	51842	22	0.709677
51627	50552	18	0.310345
51628	51106	2	0.002584
51628	51779	12	0.015504
51628	50918	2	0.002584
51628	51587	26	0.033592
51628	50255	1	0.001292
51628	51315	2	0.002584
51628	51252	14	0.018088
51628	51381	2	0.002584
51628	50815	2	0.002584
51629	51252	12	0.521739
51630	51252	3	0.187500
51630	50917	6	0.375000
51631	51586	2	0.003839
51631	51277	2	0.003839
51631	51341	2	0.003839
51631	51344	2	0.003839
51631	51217	3	0.005758
51631	50290	1	0.001919
51631	51252	2	0.003839
51634	51369	1	0.000954
51634	51779	4	0.003817
51634	51931	91	0.086832
51634	51252	29	0.027672
51634	50623	1	0.000954
51636	50921	1	0.005464
51636	50605	3	0.016393
51636	51695	2	0.010929
51636	50325	2	0.010929
51636	50487	2	0.010929
51636	51311	1	0.005464
51640	51915	1	0.028571
51644	51448	48	0.225352
51645	51252	59	0.855072
51645	50933	5	0.072464
51645	50815	4	0.057971
51647	51078	18	0.036885
51647	51755	392	0.803279
51647	51076	392	0.803279
51647	51205	392	0.803279
51647	50310	392	0.803279
51647	51719	392	0.803279
51647	51209	392	0.803279
51647	50573	392	0.803279
51647	50319	392	0.803279
51647	51088	392	0.803279
51647	51857	392	0.803279
51647	51602	392	0.803279
51647	50307	392	0.803279
51647	51477	392	0.803279
51647	51703	392	0.803279
51647	50585	392	0.803279
51647	50587	392	0.803279
51647	50464	392	0.803279
51647	50971	392	0.803279
51647	51237	392	0.803279
51647	50470	392	0.803279
51647	50999	392	0.803279
51647	51368	392	0.803279
51647	50473	392	0.803279
51647	51754	392	0.803279
51647	50987	392	0.803279
51647	51372	392	0.803279
51647	51117	392	0.803279
51647	50607	392	0.803279
51647	51276	392	0.803279
51647	50609	392	0.803279
51647	51443	392	0.803279
51647	51166	392	0.803279
51647	50998	392	0.803279
51647	50359	392	0.803279
51647	50488	392	0.803279
51647	51003	392	0.803279
51647	51388	392	0.803279
51647	50373	392	0.803279
51647	51143	392	0.803279
51647	51020	392	0.803279
51647	50271	392	0.803279
51647	50507	392	0.803279
51647	50764	392	0.803279
51647	51895	392	0.803279
51647	51534	392	0.803279
51647	51279	392	0.803279
51647	50897	392	0.803279
51647	51154	392	0.803279
51647	50516	392	0.803279
51647	50254	392	0.803279
51647	51928	392	0.803279
51647	50895	392	0.803279
51647	51933	392	0.803279
51647	50782	392	0.803279
51647	51807	392	0.803279
51647	50400	392	0.803279
51647	51043	392	0.803279
51647	51812	392	0.803279
51647	51302	392	0.803279
51647	51686	392	0.803279
51647	50920	392	0.803279
51647	51004	392	0.803279
51647	51563	392	0.803279
51647	51308	392	0.803279
51647	51566	392	0.803279
51647	51184	392	0.803279
51647	50675	392	0.803279
51647	51446	392	0.803279
51647	51319	392	0.803279
51647	51347	392	0.803279
51647	50555	392	0.803279
51648	51252	1	0.055556
51648	50255	1	0.055556
51650	51369	1	0.001062
51650	51779	2	0.002123
51650	51931	28	0.029724
51650	51252	30	0.031847
51651	51777	5	0.008278
51651	50530	382	0.632450
51651	50535	382	0.632450
51651	51586	1	0.001656
51651	50255	3	0.004967
51651	51252	10	0.016556
51651	51357	2	0.003311
51652	51586	27	0.010865
51652	51779	862	0.346881
51652	51204	2	0.000805
51652	50687	2	0.000805
51652	50631	2	0.000805
51652	51016	11	0.004427
51652	51881	786	0.316298
51652	50887	2	0.000805
51652	51277	4	0.001610
51652	51598	781	0.314286
51652	51407	13	0.005231
51652	51698	5	0.002012
51652	51636	3	0.001207
51652	50558	1	0.000402
51652	50966	9	0.003622
51652	50647	7935	3.193159
51652	50868	8	0.003219
51652	50426	4	0.001610
51652	51695	2	0.000805
51652	51870	2	0.000805
51652	50623	15	0.006036
51653	50465	2	0.045455
51653	51701	3	0.068182
51653	50870	2	0.045455
51654	50405	1	0.006849
51654	50382	2	0.013699
51654	50447	1	0.006849
51654	51315	2	0.013699
51654	51636	1	0.006849
51654	50286	1752	12.000000
51654	50968	1	0.006849
51654	50910	1	0.006849
51656	51593	3	0.001170
51656	51084	2	0.000780
51656	51598	138	0.053801
51656	50577	1	0.000390
51656	50755	3	0.001170
51656	51865	1	0.000390
51656	51357	4	0.001559
51656	51877	1	0.000390
51656	51496	2	0.000780
51656	50601	23609	9.204288
51656	50482	1	0.000390
51656	51636	1	0.000390
51656	50869	4	0.001559
51656	51252	2024	0.789084
51656	50623	5	0.001949
51656	51779	6	0.002339
51656	51530	2	0.000780
51656	51787	2	0.000780
51656	51788	4	0.001559
51656	50255	1	0.000390
51656	51298	2	0.000780
51656	50918	2	0.000780
51656	51310	1	0.000390
51656	51695	2	0.000780
51656	50546	2	0.000780
51656	51315	4	0.001559
51656	50507	1	0.000390
51656	50815	13	0.005068
51657	51252	1	0.014925
51657	50286	601	8.970149
51658	51778	2414	0.876862
51658	51779	8	0.002906
51658	51586	15	0.005449
51658	50255	6	0.002179
51658	51344	6	0.002179
51658	50290	6	0.002179
51658	51448	28	0.010171
51658	50605	35	0.012713
51658	50975	6	0.002179
51658	50940	6	0.002179
51658	50749	133401	48.456593
51658	50558	6	0.002179
51658	50623	128	0.046495
51662	51545	2	0.036364
51662	50939	22	0.400000
51662	51252	5	0.090909
51662	50255	2	0.036364
51663	51038	3	3.000000
51665	51252	30	1.071429
51666	51745	1	0.111111
51666	51586	4	0.444444
51666	51779	1	0.111111
51666	50340	1	0.111111
51666	51045	1	0.111111
51666	50600	1	0.111111
51666	51881	1	0.111111
51666	50355	1	0.111111
51666	50899	1	0.111111
51668	51779	1	0.011628
51668	51877	1	0.011628
51671	51586	2	0.000029
51671	51332	1	0.000015
51671	51333	1	0.000015
51671	51466	1	0.000015
51671	51344	3	0.000044
51671	50577	2	0.000029
51671	50323	1	0.000015
51671	50991	1	0.000015
51671	51613	1	0.000015
51671	51230	1	0.000015
51671	51745	2	0.000029
51671	51106	3	0.000044
51671	51877	6	0.000087
51671	50471	1	0.000015
51671	50602	1	0.000015
51671	50546	1	0.000015
51671	51119	3	0.000044
51671	51698	2	0.000029
51671	50355	8	0.000116
51671	51636	2	0.000029
51671	50377	1	0.000015
51671	50868	2	0.000029
51671	51390	1	0.000015
51671	50623	6	0.000087
51671	51905	6	0.000087
51671	51779	2	0.000029
51671	51780	1	0.000015
51671	51782	3	0.000044
51671	51272	3	0.000044
51671	51148	1	0.000015
51671	50508	1	0.000015
51671	50255	2	0.000029
51671	50680	1	0.000015
51671	50522	1	0.000015
51671	51252	7	0.000102
51671	50918	1	0.000015
51671	50666	1	0.000015
51671	51565	8	0.000116
51671	50290	3	0.000044
51671	50933	1	0.000015
51671	51448	3	0.000044
51671	51270	1	0.000015
51671	50558	1	0.000015
51672	51779	4	0.002708
51672	51877	2	0.001354
51672	51369	1	0.000677
51672	50255	2	0.001354
51672	51315	2	0.001354
51672	51252	37	0.025051
51672	50357	2	0.001354
51672	50815	1	0.000677
51672	51931	20	0.013541
51672	50623	1	0.000677
51673	51653	1	0.076923
51673	50671	1	0.076923
51673	51485	1	0.076923
51673	51800	2	0.153846
51673	50749	1	0.076923
51673	50245	2	0.153846
51675	50561	1	0.020000
51675	51586	2	0.040000
51675	51297	1	0.020000
51675	51252	19	0.380000
51675	50901	1	0.020000
51675	50745	4	0.080000
51675	51867	1	0.020000
51675	50581	1	0.020000
51676	51200	140	0.312500
51676	51201	2	0.004464
51676	51213	11	0.024554
51676	50255	18	0.040179
51676	51252	29	0.064732
51676	50715	14	0.031250
51676	51678	68	0.151786
51676	50815	2	0.004464
51677	51586	12	0.006349
51677	51779	1	0.000529
51677	51877	1	0.000529
51677	51527	17	0.008995
51677	51466	17	0.008995
51677	51277	1	0.000529
51677	50255	1	0.000529
51677	51315	2	0.001058
51677	51252	315	0.166667
51677	51127	2	0.001058
51677	50815	2	0.001058
51677	50558	1	0.000529
51677	50623	1	0.000529
51678	51200	136	0.303571
51678	51201	2	0.004464
51678	51213	5	0.011161
51678	50255	18	0.040179
51678	51252	29	0.064732
51678	50715	14	0.031250
51678	50815	2	0.004464
51679	51200	136	0.303571
51679	51201	2	0.004464
51679	51213	5	0.011161
51679	50255	18	0.040179
51679	51252	29	0.064732
51679	50715	14	0.031250
51679	51678	66	0.147321
51679	50815	2	0.004464
51680	51200	136	0.303571
51680	51201	2	0.004464
51680	51213	5	0.011161
51680	50255	18	0.040179
51680	51252	29	0.064732
51680	50715	14	0.031250
51680	51678	66	0.147321
51680	50815	2	0.004464
51684	50305	75777	0.932273
51684	51586	468	0.005758
51684	51179	4426	0.054452
51684	50565	94575	1.163542
51684	50566	76864	0.945646
51684	51119	33	0.000406
51684	51599	78489	0.965638
51684	50576	112	0.001378
51684	50755	1	0.000012
51684	50968	113	0.001390
51684	50815	302	0.003715
51684	51868	82559	1.015711
51684	51869	80477	0.990096
51684	51742	76420	0.940184
51684	51106	112	0.001378
51684	51107	74643	0.918321
51684	50468	78738	0.968702
51684	51877	44	0.000541
51684	51110	75829	0.932913
51684	51880	76557	0.941869
51684	50857	76412	0.940085
51684	50717	446	0.005487
51684	51357	215	0.002645
51684	51315	1	0.000012
51684	51252	137768	1.694939
51684	50974	179050	2.202825
51684	51894	78451	0.965171
51684	51386	33	0.000406
51684	50623	3	0.000037
51684	51136	74802	0.920278
51684	51779	58	0.000714
51684	50372	80175	0.986381
51684	51298	125	0.001538
51684	51530	2	0.000025
51684	51275	112	0.001378
51684	50252	74398	0.915307
51684	50253	426	0.005241
51684	51023	297858	3.664501
51684	51410	79688	0.980389
51684	51541	81776	1.006078
51684	50903	113408	1.395241
51684	51172	83963	1.032984
51684	50255	576	0.007086
51684	51036	80222	0.986959
51684	51293	286	0.003519
51684	50528	107963	1.328252
51684	50274	74392	0.915233
51684	50659	77760	0.956669
51684	51428	79036	0.972368
51684	51301	94771	1.165953
51684	50918	33	0.000406
51684	51819	73292	0.901700
51684	51437	77083	0.948340
51684	50557	97956	1.205138
51684	51496	127	0.001562
51684	51698	43	0.000529
51684	50291	77242	0.950296
51684	50552	2	0.000025
51684	50427	114827	1.412699
51684	50812	76272	0.938363
51684	51837	75046	0.923279
51684	51236	76882	0.945867
51685	50817	42739	11.229375
51685	51586	2	0.000525
51685	51208	1	0.000263
51685	51593	2	0.000525
51685	50954	2	0.000525
51685	50829	2	0.000525
51685	50755	2	0.000525
51685	50968	3	0.000788
51685	51357	2	0.000525
51685	51877	4	0.001051
51685	51252	2663	0.699685
51685	50623	5	0.001314
51685	51779	11	0.002890
51685	51530	2	0.000525
51685	51341	2	0.000525
51685	50255	4	0.001051
51685	51298	1	0.000263
51685	50404	6	0.001576
51685	50918	3	0.000788
51685	50921	2	0.000525
51685	51310	2	0.000525
51685	50290	2	0.000525
51685	51315	2	0.000525
51685	50815	3	0.000788
51686	51078	25	0.048828
51686	51755	336	0.656250
51686	51076	336	0.656250
51686	51205	336	0.656250
51686	50310	336	0.656250
51686	51719	336	0.656250
51686	51209	336	0.656250
51686	50573	336	0.656250
51686	50319	336	0.656250
51686	51088	336	0.656250
51686	51857	336	0.656250
51686	51602	336	0.656250
51686	50307	336	0.656250
51686	51477	336	0.656250
51686	51703	336	0.656250
51686	50585	336	0.656250
51686	50587	336	0.656250
51686	50464	336	0.656250
51686	50971	336	0.656250
51686	51237	336	0.656250
51686	50470	336	0.656250
51686	50999	336	0.656250
51686	51368	336	0.656250
51686	50473	336	0.656250
51686	51754	336	0.656250
51686	50987	336	0.656250
51686	51372	336	0.656250
51686	51117	336	0.656250
51686	50607	336	0.656250
51686	51276	336	0.656250
51686	50609	336	0.656250
51686	51443	336	0.656250
51686	51166	336	0.656250
51686	50998	336	0.656250
51686	50359	336	0.656250
51686	50488	336	0.656250
51686	51003	336	0.656250
51686	51388	336	0.656250
51686	51647	336	0.656250
51686	50373	336	0.656250
51686	51143	336	0.656250
51686	51020	336	0.656250
51686	50271	336	0.656250
51686	50507	336	0.656250
51686	50764	336	0.656250
51686	51895	336	0.656250
51686	51534	336	0.656250
51686	51279	336	0.656250
51686	51341	1	0.001953
51686	50897	336	0.656250
51686	51154	336	0.656250
51686	50516	336	0.656250
51686	50254	336	0.656250
51686	51928	336	0.656250
51686	50895	336	0.656250
51686	51933	336	0.656250
51686	50782	336	0.656250
51686	51807	336	0.656250
51686	50400	336	0.656250
51686	51043	336	0.656250
51686	51812	336	0.656250
51686	51347	336	0.656250
51686	51302	336	0.656250
51686	50920	336	0.656250
51686	51004	336	0.656250
51686	51563	336	0.656250
51686	51308	336	0.656250
51686	51566	336	0.656250
51686	51184	336	0.656250
51686	50675	336	0.656250
51686	51446	336	0.656250
51686	51319	336	0.656250
51686	50555	336	0.656250
51687	51779	12	0.015605
51687	50918	2	0.002601
51687	51587	27	0.035111
51687	51315	2	0.002601
51687	51252	19	0.024707
51687	51381	2	0.002601
51687	50815	2	0.002601
51688	51252	3	0.150000
51688	50255	1	0.050000
51689	50904	5	0.500000
51690	50255	68	1.387755
51690	51779	34	0.693878
51690	50719	34	0.693878
51692	50552	24	0.436364
51692	50911	4	0.072727
51694	51842	49	0.790323
51695	51016	1	0.001395
51695	50508	6	0.008368
51695	51344	1	0.001395
51695	50868	7	0.009763
51695	50558	1	0.001395
51695	50846	1	0.001395
51696	51320	1	1.000000
51696	51252	2	2.000000
51696	51038	2	2.000000
51696	51159	1	1.000000
51697	50560	24	1.043478
51697	50255	2	0.086957
51698	50465	1	0.001330
51698	51586	23	0.030585
51698	51779	30	0.039894
51698	51332	6	0.007979
51698	51877	3	0.003989
51698	50855	4	0.005319
51698	50954	2	0.002660
51698	51788	6	0.007979
51698	51074	6	0.007979
51698	51277	1	0.001330
51698	51729	3	0.003989
51698	51252	2	0.002660
51698	51230	1	0.001330
51698	51636	3	0.003989
51698	51217	1	0.001330
51698	50558	3	0.003989
51698	50623	28	0.037234
51699	50745	2	0.043478
51700	51842	22	0.628571
51701	51905	1	0.005208
51701	50245	1	0.005208
51701	51265	3	0.015625
51701	51016	1	0.005208
51701	50921	1	0.005208
51701	51653	1	0.005208
51701	50316	1	0.005208
51701	50829	1	0.005208
51701	50856	1	0.005208
51701	50614	1	0.005208
51701	51240	1	0.005208
51701	50811	1	0.005208
51701	50876	1	0.005208
51701	51357	1	0.005208
51701	51045	2	0.010417
51702	51357	1	0.000485
51702	51295	850	0.412621
51703	51078	72	0.077586
51703	51755	551	0.593750
51703	51076	551	0.593750
51703	51205	551	0.593750
51703	50310	551	0.593750
51703	51719	551	0.593750
51703	51209	551	0.593750
51703	50573	551	0.593750
51703	50319	551	0.593750
51703	51088	551	0.593750
51703	51857	551	0.593750
51703	51602	551	0.593750
51703	50307	551	0.593750
51703	51477	551	0.593750
51703	50585	551	0.593750
51703	50587	551	0.593750
51703	50464	551	0.593750
51703	50971	551	0.593750
51703	51237	551	0.593750
51703	50470	551	0.593750
51703	50999	551	0.593750
51703	51368	551	0.593750
51703	50473	551	0.593750
51703	51754	551	0.593750
51703	50987	551	0.593750
51703	51372	551	0.593750
51703	51117	551	0.593750
51703	50607	551	0.593750
51703	51276	551	0.593750
51703	50609	551	0.593750
51703	51443	551	0.593750
51703	51166	551	0.593750
51703	50998	551	0.593750
51703	50359	551	0.593750
51703	50488	551	0.593750
51703	51003	551	0.593750
51703	51388	551	0.593750
51703	51647	551	0.593750
51703	50373	551	0.593750
51703	51143	551	0.593750
51703	51020	551	0.593750
51703	50271	551	0.593750
51703	50507	551	0.593750
51703	50764	551	0.593750
51703	51895	551	0.593750
51703	51534	551	0.593750
51703	51279	551	0.593750
51703	50897	551	0.593750
51703	51154	551	0.593750
51703	50516	551	0.593750
51703	50254	551	0.593750
51703	51928	551	0.593750
51703	50895	551	0.593750
51703	51933	551	0.593750
51703	50782	551	0.593750
51703	51807	551	0.593750
51703	50400	551	0.593750
51703	51043	551	0.593750
51703	51812	551	0.593750
51703	51302	551	0.593750
51703	51686	551	0.593750
51703	50920	551	0.593750
51703	51004	551	0.593750
51703	51563	551	0.593750
51703	51308	551	0.593750
51703	51566	551	0.593750
51703	51184	551	0.593750
51703	50675	551	0.593750
51703	51446	551	0.593750
51703	51319	551	0.593750
51703	51347	551	0.593750
51703	50555	551	0.593750
51706	51779	6	0.006054
51706	51208	1	0.001009
51706	50577	1	0.001009
51706	51315	2	0.002018
51706	51252	655	0.660949
51706	50900	36	0.036327
51706	51484	2	0.002018
51707	51482	115	5.000000
51707	51820	23	1.000000
51707	51586	3	0.130435
51707	50846	46	2.000000
51708	50290	1	0.083333
51708	50371	1	0.083333
51708	50899	1	0.083333
51708	51847	1	0.083333
51709	50255	1	0.037037
51710	50273	201	1.000000
51710	51330	201	1.000000
51710	50757	201	1.000000
51710	50790	201	1.000000
51710	51112	201	1.000000
51710	50332	201	1.000000
51710	51668	1	0.004975
51710	50733	201	1.000000
51710	50232	201	1.000000
51710	50754	5	0.024876
51710	51861	201	1.000000
51710	51832	201	1.000000
51710	50809	201	1.000000
51710	51173	201	1.000000
51710	51164	201	1.000000
51710	50885	201	1.000000
51712	51779	2	0.001706
51712	51369	1	0.000853
51712	50508	1	0.000853
51712	50255	1	0.000853
51712	50355	1	0.000853
51712	51252	29	0.024744
51712	51931	30	0.025597
51713	51252	1	0.022727
51713	50815	1	0.022727
51716	50817	42961	11.144228
51716	51586	2	0.000519
51716	51208	1	0.000259
51716	51593	2	0.000519
51716	50954	2	0.000519
51716	50829	2	0.000519
51716	50755	2	0.000519
51716	50968	3	0.000778
51716	51357	2	0.000519
51716	51877	4	0.001038
51716	51252	2728	0.707652
51716	50623	5	0.001297
51716	51779	11	0.002853
51716	51530	2	0.000519
51716	51341	2	0.000519
51716	50255	4	0.001038
51716	51298	1	0.000259
51716	50404	6	0.001556
51716	50918	3	0.000778
51716	50921	2	0.000519
51716	51310	2	0.000519
51716	50290	2	0.000519
51716	51315	2	0.000519
51716	50815	3	0.000778
51717	51482	100	5.000000
51717	51820	20	1.000000
51717	51586	2	0.100000
51717	50846	40	2.000000
51718	51233	23	0.958333
51718	50822	23	0.958333
51718	50983	23	0.958333
51718	50509	23	0.958333
51718	50877	23	0.958333
51718	51806	23	0.958333
51718	51455	23	0.958333
51719	51078	39	0.024451
51719	51755	1099	0.689028
51719	51076	1099	0.689028
51719	51205	1099	0.689028
51719	50310	1099	0.689028
51719	51209	1099	0.689028
51719	50573	1099	0.689028
51719	50319	1099	0.689028
51719	51088	1099	0.689028
51719	51857	1099	0.689028
51719	51602	1099	0.689028
51719	50307	1099	0.689028
51719	51477	1099	0.689028
51719	51703	1099	0.689028
51719	50585	1099	0.689028
51719	50587	1099	0.689028
51719	50464	1099	0.689028
51719	50971	1099	0.689028
51719	51237	1099	0.689028
51719	50470	1099	0.689028
51719	50999	1099	0.689028
51719	51368	1099	0.689028
51719	50473	1099	0.689028
51719	51754	1099	0.689028
51719	50987	1099	0.689028
51719	51372	1099	0.689028
51719	51117	1099	0.689028
51719	50607	1099	0.689028
51719	51276	1099	0.689028
51719	50609	1099	0.689028
51719	51443	1099	0.689028
51719	51166	1099	0.689028
51719	50998	1099	0.689028
51719	50359	1099	0.689028
51719	50488	1099	0.689028
51719	51003	1099	0.689028
51719	51388	1099	0.689028
51719	51647	1099	0.689028
51719	50373	1099	0.689028
51719	51143	1099	0.689028
51719	51020	1099	0.689028
51719	50271	1099	0.689028
51719	50507	1099	0.689028
51719	50764	1099	0.689028
51719	51895	1099	0.689028
51719	51534	1099	0.689028
51719	51279	1099	0.689028
51719	50897	1099	0.689028
51719	51154	1099	0.689028
51719	50516	1099	0.689028
51719	50254	1099	0.689028
51719	51928	1099	0.689028
51719	50895	1099	0.689028
51719	51933	1099	0.689028
51719	50782	1099	0.689028
51719	51807	1099	0.689028
51719	50400	1099	0.689028
51719	51043	1099	0.689028
51719	51812	1099	0.689028
51719	51302	1099	0.689028
51719	51686	1099	0.689028
51719	50920	1099	0.689028
51719	51004	1099	0.689028
51719	51563	1099	0.689028
51719	51308	1099	0.689028
51719	51566	1099	0.689028
51719	51184	1099	0.689028
51719	50675	1099	0.689028
51719	51446	1099	0.689028
51719	51319	1099	0.689028
51719	51347	1099	0.689028
51719	50555	1099	0.689028
51721	50904	1	0.031250
51721	50416	1	0.031250
51721	51066	1	0.031250
51721	51252	1	0.031250
51723	51842	20	0.689655
51724	50980	3	0.001429
51724	51459	32	0.015245
51724	51252	28	0.013340
51724	51141	56	0.026679
51725	51272	13	0.288889
51727	50338	20	1.000000
51727	51252	1	0.050000
51727	50357	1	0.050000
51728	51779	4	0.003700
51728	51369	1	0.000925
51728	50508	1	0.000925
51728	50355	1	0.000925
51728	51252	30	0.027752
51728	51931	30	0.027752
51729	51332	1	0.004464
51729	51698	2	0.008929
51729	51636	1	0.004464
51729	51788	1	0.004464
51732	50255	2	0.200000
51733	51593	3	0.001108
51733	51084	2	0.000739
51733	51598	138	0.050960
51733	50577	1	0.000369
51733	50755	3	0.001108
51733	51865	1	0.000369
51733	51357	4	0.001477
51733	51787	2	0.000739
51733	51877	1	0.000369
51733	51496	2	0.000739
51733	50601	27428	10.128508
51733	50482	1	0.000369
51733	51636	1	0.000369
51733	50869	4	0.001477
51733	51252	2100	0.775480
51733	50623	5	0.001846
51733	51779	6	0.002216
51733	51530	2	0.000739
51733	50507	1	0.000369
51733	51788	4	0.001477
51733	50255	1	0.000369
51733	51298	2	0.000739
51733	50918	2	0.000739
51733	51310	1	0.000369
51733	51695	3	0.001108
51733	50546	2	0.000739
51733	51315	4	0.001477
51733	50815	13	0.004801
51734	51779	6	0.006211
51734	51208	1	0.001035
51734	50577	1	0.001035
51734	51315	2	0.002070
51734	50900	38	0.039337
51734	51252	656	0.679089
51738	50917	2	0.200000
51740	50552	22	0.293333
51740	50255	1	0.013333
51742	50305	981	0.559293
51742	51428	981	0.559293
51742	50566	981	0.559293
51742	51599	981	0.559293
51742	51868	981	0.559293
51742	51869	981	0.559293
51742	50974	1962	1.118586
51742	50565	981	0.559293
51742	51107	981	0.559293
51742	50468	981	0.559293
51742	51110	981	0.559293
51742	51880	981	0.559293
51742	50857	981	0.559293
51742	50717	32	0.018244
51742	51252	981	0.559293
51742	51894	981	0.559293
51742	51136	981	0.559293
51742	50372	981	0.559293
51742	50252	981	0.559293
51742	51023	981	0.559293
51742	51410	981	0.559293
51742	51541	981	0.559293
51742	50903	981	0.559293
51742	51172	981	0.559293
51742	51036	981	0.559293
51742	51293	8	0.004561
51742	50528	981	0.559293
51742	50274	981	0.559293
51742	50659	981	0.559293
51742	51684	2054	1.171038
51742	51301	981	0.559293
51742	51819	981	0.559293
51742	51437	981	0.559293
51742	50557	981	0.559293
51742	50291	981	0.559293
51742	50427	981	0.559293
51742	50812	981	0.559293
51742	51837	981	0.559293
51742	51236	981	0.559293
51744	50904	1	0.058824
51744	51252	1	0.058824
51745	51586	53	0.576087
51745	51843	2	0.021739
51745	51782	1	0.010870
51745	51778	2	0.021739
51745	51631	1	0.010870
51745	50868	1	0.010870
51745	51833	3	0.032609
51745	51613	2	0.021739
51746	50910	1	0.013333
51746	50286	676	9.013333
51747	51321	18	1.800000
51749	51530	1	0.016393
51749	51252	1	0.016393
51752	51272	13	0.260000
51753	51794	16	4.000000
51753	51252	4	1.000000
51754	51078	31	0.100649
51754	51755	183	0.594156
51754	51076	183	0.594156
51754	51205	183	0.594156
51754	50310	183	0.594156
51754	51719	183	0.594156
51754	51209	183	0.594156
51754	50573	183	0.594156
51754	50319	183	0.594156
51754	51088	183	0.594156
51754	51857	183	0.594156
51754	51602	183	0.594156
51754	50307	183	0.594156
51754	51477	183	0.594156
51754	51703	183	0.594156
51754	50585	183	0.594156
51754	50587	183	0.594156
51754	50464	183	0.594156
51754	50971	183	0.594156
51754	51237	183	0.594156
51754	50470	183	0.594156
51754	50999	183	0.594156
51754	51368	183	0.594156
51754	50473	183	0.594156
51754	50987	183	0.594156
51754	51372	183	0.594156
51754	51117	183	0.594156
51754	50607	183	0.594156
51754	51276	183	0.594156
51754	50609	183	0.594156
51754	51443	183	0.594156
51754	51166	183	0.594156
51754	50998	183	0.594156
51754	50359	183	0.594156
51754	50488	183	0.594156
51754	51003	183	0.594156
51754	51388	183	0.594156
51754	51647	183	0.594156
51754	50373	183	0.594156
51754	51143	183	0.594156
51754	51020	183	0.594156
51754	50271	183	0.594156
51754	50507	183	0.594156
51754	50764	183	0.594156
51754	51895	183	0.594156
51754	51534	183	0.594156
51754	51279	183	0.594156
51754	50897	183	0.594156
51754	51154	183	0.594156
51754	50516	183	0.594156
51754	50254	183	0.594156
51754	51928	183	0.594156
51754	50895	183	0.594156
51754	51933	183	0.594156
51754	50782	183	0.594156
51754	51807	183	0.594156
51754	50400	183	0.594156
51754	51043	183	0.594156
51754	51812	183	0.594156
51754	51302	183	0.594156
51754	51686	183	0.594156
51754	50920	183	0.594156
51754	51004	183	0.594156
51754	51563	183	0.594156
51754	51308	183	0.594156
51754	51566	183	0.594156
51754	51184	183	0.594156
51754	50675	183	0.594156
51754	51446	183	0.594156
51754	51319	183	0.594156
51754	51347	183	0.594156
51754	50555	183	0.594156
51755	51078	76	0.067436
51755	50307	623	0.552795
51755	51076	623	0.552795
51755	51205	623	0.552795
51755	50310	623	0.552795
51755	51719	623	0.552795
51755	51209	623	0.552795
51755	50573	623	0.552795
51755	51407	4	0.003549
51755	50319	623	0.552795
51755	51088	623	0.552795
51755	51857	623	0.552795
51755	51602	623	0.552795
51755	51347	623	0.552795
51755	51477	623	0.552795
51755	51703	623	0.552795
51755	50585	628	0.557232
51755	50587	623	0.552795
51755	50464	623	0.552795
51755	50971	623	0.552795
51755	51237	623	0.552795
51755	50470	623	0.552795
51755	50999	623	0.552795
51755	51368	623	0.552795
51755	50473	623	0.552795
51755	51754	623	0.552795
51755	50987	623	0.552795
51755	51372	623	0.552795
51755	51117	623	0.552795
51755	50607	623	0.552795
51755	51276	623	0.552795
51755	50609	623	0.552795
51755	51443	623	0.552795
51755	51166	623	0.552795
51755	50998	623	0.552795
51755	50359	623	0.552795
51755	50488	623	0.552795
51755	51003	623	0.552795
51755	51388	623	0.552795
51755	51647	623	0.552795
51755	50373	623	0.552795
51755	51143	623	0.552795
51755	51020	623	0.552795
51755	50271	623	0.552795
51755	50507	623	0.552795
51755	50764	623	0.552795
51755	51895	623	0.552795
51755	51534	623	0.552795
51755	51279	623	0.552795
51755	50897	623	0.552795
51755	51154	623	0.552795
51755	50516	623	0.552795
51755	50254	623	0.552795
51755	51928	623	0.552795
51755	50895	623	0.552795
51755	51933	623	0.552795
51755	50782	623	0.552795
51755	51807	623	0.552795
51755	50400	623	0.552795
51755	51043	623	0.552795
51755	51812	623	0.552795
51755	51302	623	0.552795
51755	51686	623	0.552795
51755	50920	623	0.552795
51755	51004	623	0.552795
51755	51563	623	0.552795
51755	51308	623	0.552795
51755	51566	623	0.552795
51755	51184	623	0.552795
51755	50675	623	0.552795
51755	51446	623	0.552795
51755	51319	623	0.552795
51755	50555	623	0.552795
51756	51777	13	0.039039
51756	51252	3	0.009009
51756	50652	1	0.003003
51756	50255	3	0.009009
51757	51233	53	0.929825
51757	50822	53	0.929825
51757	50983	53	0.929825
51757	50509	53	0.929825
51757	50877	53	0.929825
51757	51806	53	0.929825
51757	51455	53	0.929825
51759	51779	2	0.002123
51759	50404	1	0.001062
51759	50600	2	0.002123
51759	50255	25	0.026539
51759	51344	2	0.002123
51759	51227	2	0.002123
51759	50260	27	0.028662
51759	51766	3	0.003185
51759	51767	365	0.387473
51759	51252	268	0.284501
51759	51887	49	0.052017
51759	50623	2	0.002123
51760	51779	2	0.002123
51760	50404	1	0.001062
51760	50600	2	0.002123
51760	50255	25	0.026539
51760	51344	2	0.002123
51760	51227	2	0.002123
51760	51759	145	0.153928
51760	50260	27	0.028662
51760	51766	3	0.003185
51760	51767	369	0.391720
51760	51252	268	0.284501
51760	51887	49	0.052017
51760	50623	2	0.002123
51761	51779	2	0.002123
51761	50404	1	0.001062
51761	50600	2	0.002123
51761	50255	25	0.026539
51761	51344	2	0.002123
51761	51227	2	0.002123
51761	51759	145	0.153928
51761	50260	27	0.028662
51761	51766	3	0.003185
51761	51767	369	0.391720
51761	51252	270	0.286624
51761	51887	49	0.052017
51761	50623	2	0.002123
51762	51779	2	0.002123
51762	50404	1	0.001062
51762	50600	2	0.002123
51762	50255	27	0.028662
51762	51344	2	0.002123
51762	51227	2	0.002123
51762	51759	145	0.153928
51762	50260	27	0.028662
51762	51766	3	0.003185
51762	51767	365	0.387473
51762	51252	270	0.286624
51762	51887	49	0.052017
51762	50623	2	0.002123
51763	51227	2	0.002430
51763	50404	1	0.001215
51763	50600	2	0.002430
51763	50255	20	0.024301
51763	51759	112	0.136087
51763	51344	2	0.002430
51763	51252	239	0.290401
51763	51766	2	0.002430
51763	51767	308	0.374241
51763	50260	18	0.021871
51763	51887	30	0.036452
51763	50623	2	0.002430
51764	51227	2	0.002430
51764	50404	1	0.001215
51764	50600	2	0.002430
51764	51759	112	0.136087
51764	51344	2	0.002430
51764	51252	239	0.290401
51764	51766	2	0.002430
51764	51767	308	0.374241
51764	50260	18	0.021871
51764	50255	20	0.024301
51764	51887	30	0.036452
51764	50623	2	0.002430
51765	51779	2	0.002123
51765	50404	1	0.001062
51765	50600	2	0.002123
51765	50255	25	0.026539
51765	51344	2	0.002123
51765	51227	2	0.002123
51765	51759	145	0.153928
51765	51252	268	0.284501
51765	51766	3	0.003185
51765	51767	365	0.387473
51765	50260	29	0.030786
51765	51887	49	0.052017
51765	50623	2	0.002123
51766	51779	2	0.002123
51766	50404	1	0.001062
51766	50600	2	0.002123
51766	50255	25	0.026539
51766	51344	2	0.002123
51766	51227	2	0.002123
51766	51759	145	0.153928
51766	50260	27	0.028662
51766	51767	365	0.387473
51766	51252	268	0.284501
51766	51887	49	0.052017
51766	50623	2	0.002123
51767	51227	2	0.002415
51767	50404	1	0.001208
51767	50600	2	0.002415
51767	50255	20	0.024155
51767	51887	30	0.036232
51767	51344	2	0.002415
51767	51252	239	0.288647
51767	51766	2	0.002415
51767	50260	18	0.021739
51767	51759	112	0.135266
51767	50623	2	0.002415
51769	50968	1	0.021277
51769	50745	1	0.021277
51769	50939	1	0.021277
51769	51252	6	0.127660
51770	51252	20	0.555556
51771	51586	11	0.478261
51771	51820	23	1.000000
51771	50956	1	0.043478
51771	50868	5	0.217391
51771	51482	115	5.000000
51771	50846	46	2.000000
51772	51586	2	0.011976
51772	51252	190	1.137725
51772	50662	6	0.035928
51773	51938	1	1.000000
51773	51586	2	2.000000
51773	51357	1	1.000000
51773	50534	1	1.000000
51774	51241	1	0.142857
51774	50882	1	0.142857
51774	51466	1	0.142857
51774	51586	1	0.142857
51774	50577	1	0.142857
51775	51272	15	0.300000
51776	51779	6	0.006054
51776	51208	1	0.001009
51776	50577	1	0.001009
51776	51315	2	0.002018
51776	50900	36	0.036327
51776	51252	659	0.664985
51776	51484	2	0.002018
51777	51779	2	0.011299
51777	51252	29	0.163842
51777	50255	1	0.005650
51778	51073	7	0.001753
51778	51586	524	0.131230
51778	50567	2	0.000501
51778	51082	3	0.000751
51778	50699	9	0.002254
51778	50829	15	0.003757
51778	51344	1	0.000250
51778	50577	1	0.000250
51778	50576	1	0.000250
51778	51226	1	0.000250
51778	51485	9	0.002254
51778	51653	8	0.002004
51778	51104	7	0.001753
51778	50465	3	0.000751
51778	50466	6	0.001503
51778	50994	9	0.002254
51778	51254	1	0.000250
51778	50749	10	0.002504
51778	50245	15	0.003757
51778	51274	1	0.000250
51778	50508	1	0.000250
51778	50255	1	0.000250
51778	50515	3967	0.993489
51778	51833	1	0.000250
51778	50647	8	0.002004
51778	51800	8	0.002004
51778	50405	8	0.002004
51778	51937	12	0.003005
51778	50658	1	0.000250
51778	50916	8	0.002004
51778	50277	3969	0.993989
51778	50534	5	0.001252
51778	51565	8	0.002004
51778	50671	7	0.001753
51778	50544	3	0.000751
51778	50425	12	0.003005
51779	51073	2	0.000805
51779	51586	145	0.058397
51779	51332	4	0.001611
51779	51337	1	0.000403
51779	51082	1	0.000403
51779	50699	1	0.000403
51779	51074	4	0.001611
51779	51598	1	0.000403
51779	51217	3	0.001208
51779	51474	1	0.000403
51779	51523	1	0.000403
51779	50964	1	0.000403
51779	51466	7	0.002819
51779	51484	8	0.003222
51779	51485	1	0.000403
51779	51653	1	0.000403
51779	51745	1	0.000403
51779	50466	2	0.000805
51779	50340	2	0.000805
51779	51111	1	0.000403
51779	51881	2	0.000805
51779	50647	10	0.004027
51779	50722	1	0.000403
51779	50355	2	0.000805
51779	51252	3	0.001208
51779	50614	1	0.000403
51779	50868	9	0.003625
51779	50749	1	0.000403
51779	50623	10	0.004027
51779	51788	2	0.000805
51779	51905	2	0.000805
51779	50755	1	0.000403
51779	50245	4	0.001611
51779	50631	1	0.000403
51779	51016	2	0.000805
51779	50505	1	0.000403
51779	51275	2	0.000805
51779	50380	1	0.000403
51779	51277	3	0.001208
51779	50258	2	0.000805
51779	50425	2	0.000805
51779	50267	1	0.000403
51779	50784	2	0.000805
51779	50531	4	0.001611
51779	50916	6	0.002416
51779	50405	4	0.001611
51779	50534	1	0.000403
51779	51820	4	0.001611
51779	51565	1	0.000403
51779	51698	17	0.006847
51779	50465	1	0.000403
51779	51701	1	0.000403
51779	50807	1	0.000403
51779	50680	1	0.000403
51779	51833	2	0.000805
51779	51066	3	0.001208
51779	50811	1	0.000403
51779	50571	1	0.000403
51779	50558	6	0.002416
51780	51272	25	0.121951
51780	51298	2	0.009756
51780	51671	4	0.019512
51782	51616	2	0.003263
51782	51586	13	0.021207
51782	50567	6	0.009788
51782	50631	3	0.004894
51782	51438	2	0.003263
51782	50868	3	0.004894
51782	51054	2	0.003263
51782	51484	4	0.006525
51782	51613	2	0.003263
51782	50558	4	0.006525
51782	50975	8	0.013051
51784	50980	21	0.009537
51784	50290	3	0.001362
51784	51252	1789	0.812443
51784	51497	3	0.001362
51787	51593	3	0.001137
51787	51084	2	0.000758
51787	51598	138	0.052293
51787	50577	1	0.000379
51787	50755	3	0.001137
51787	51865	1	0.000379
51787	51357	4	0.001516
51787	51877	1	0.000379
51787	51496	2	0.000758
51787	50601	24905	9.437287
51787	50482	1	0.000379
51787	51636	1	0.000379
51787	50869	4	0.001516
51787	51252	2108	0.798787
51787	50623	5	0.001895
51787	51779	6	0.002274
51787	51530	2	0.000758
51787	50507	1	0.000379
51787	51788	5	0.001895
51787	50255	1	0.000379
51787	51298	2	0.000758
51787	50918	2	0.000758
51787	51310	1	0.000379
51787	51695	2	0.000758
51787	50546	2	0.000758
51787	51315	4	0.001516
51787	50815	13	0.004926
51788	51586	3	0.004910
51788	50954	1	0.001637
51788	50699	2	0.003273
51788	51074	3	0.004910
51788	51779	6	0.009820
51788	51613	1	0.001637
51788	51745	1	0.001637
51788	50722	1	0.001637
51788	51877	1	0.001637
51788	50855	1	0.001637
51788	51636	1	0.001637
51788	50618	1	0.001637
51788	50236	1	0.001637
51788	50623	3	0.004910
51788	50755	2	0.003273
51788	50465	1	0.001637
51788	50505	2	0.003273
51788	51277	4	0.006547
51788	50916	3	0.004910
51788	51695	1	0.001637
51788	51698	17	0.027823
51788	51066	1	0.001637
51788	50558	3	0.004910
51794	51668	1	0.008696
51794	51779	1	0.008696
51794	51252	20	0.173913
51795	51586	1	0.002564
51795	51252	1	0.002564
51795	50926	212	0.543590
51795	51174	424	1.087179
51795	51357	2	0.005128
51796	51586	1	0.001672
51796	51174	740	1.237458
51796	50926	370	0.618729
51796	51795	370	0.618729
51796	51252	1	0.001672
51796	51357	2	0.003344
51797	51252	2	0.250000
51798	50552	28	0.651163
51799	50946	6	0.010772
51799	50819	387	0.694794
51799	50442	6	0.010772
51799	51724	6	0.010772
51799	51459	6	0.010772
51799	51604	6	0.010772
51799	50588	6	0.010772
51799	50977	6	0.010772
51799	51497	6	0.010772
51799	50864	387	0.694794
51799	51252	18	0.032316
51799	50869	6	0.010772
51799	50612	6	0.010772
51799	51779	6	0.010772
51799	50756	6	0.010772
51799	51141	6	0.010772
51799	50630	6	0.010772
51799	51784	6	0.010772
51799	50389	12	0.021544
51799	50736	6	0.010772
51799	50524	6	0.010772
51799	51167	6	0.010772
51799	51940	6	0.010772
51799	51636	2	0.003591
51799	51315	6	0.010772
51799	50687	2	0.003591
51800	50465	1	0.015625
51800	51779	3	0.046875
51800	51217	2	0.031250
51800	51698	4	0.062500
51800	50868	1	0.015625
51800	51448	2	0.031250
51800	51613	3	0.046875
51801	50755	1	0.043478
51801	50671	1	0.043478
51801	51357	2	0.086957
51801	51252	1	0.043478
51801	51865	1	0.043478
51801	51066	5	0.217391
51801	51613	1	0.043478
51802	51203	1	0.023256
51802	50884	1	0.023256
51802	50762	1	0.023256
51802	51467	2	0.046512
51802	50574	3	0.069767
51802	50255	1	0.023256
51802	51252	1	0.023256
51802	51822	1	0.023256
51802	50250	1	0.023256
51802	51897	1	0.023256
51802	50457	1	0.023256
51802	50682	1	0.023256
51802	50890	1	0.023256
51802	50302	2	0.046512
51803	51252	30	1.111111
51804	51204	1	0.000351
51804	51208	1	0.000351
51804	51729	1	0.000351
51804	51220	1	0.000351
51804	50713	1	0.000351
51804	51226	1	0.000351
51804	51230	1	0.000351
51804	51241	1	0.000351
51804	51249	1	0.000351
51804	51252	1	0.000351
51804	50868	37	0.012982
51804	50749	1	0.000351
51804	51774	1	0.000351
51804	51778	1	0.000351
51804	51779	2	0.000702
51804	51782	1	0.000351
51804	51274	1	0.000351
51804	51788	4	0.001404
51804	50255	2	0.000702
51804	51298	1	0.000351
51804	50277	1	0.000351
51804	51820	1	0.000351
51804	50289	1	0.000351
51804	50290	1	0.000351
51804	51833	1	0.000351
51804	50814	1	0.000351
51804	50815	1	0.000351
51804	50816	1	0.000351
51804	51332	1	0.000351
51804	51847	2	0.000702
51804	51849	1	0.000351
51804	50317	1	0.000351
51804	51344	3	0.001053
51804	50322	1	0.000351
51804	50323	1	0.000351
51804	51865	2	0.000702
51804	51355	1	0.000351
51804	51357	2296	0.805614
51804	50846	1	0.000351
51804	50340	1	0.000351
51804	50855	1	0.000351
51804	50858	1	0.000351
51804	50859	2	0.000702
51804	50356	1	0.000351
51804	50870	1	0.000351
51804	51387	1	0.000351
51804	50371	1	0.000351
51804	51938	1	0.000351
51804	51438	1	0.000351
51804	51448	1	0.000351
51804	50426	2	0.000702
51804	50940	1	0.000351
51804	50434	1	0.000351
51804	51466	1	0.000351
51804	51074	1	0.000351
51804	50959	1	0.000351
51804	50964	1	0.000351
51804	50966	1	0.000351
51804	51482	1	0.000351
51804	51484	1	0.000351
51804	50465	2	0.000702
51804	51491	1	0.000351
51804	50495	3	0.001053
51804	50508	1	0.000351
51804	50515	1	0.000351
51804	50519	1	0.000351
51804	50523	1	0.000351
51804	51045	1	0.000351
51804	51054	1	0.000351
51804	50546	1	0.000351
51804	51061	1	0.000351
51804	50550	1	0.000351
51804	51577	4	0.001404
51804	50558	1	0.000351
51804	51586	143	0.050175
51804	50567	3	0.001053
51804	50571	1	0.000351
51804	50755	1	0.000351
51804	51612	1	0.000351
51804	51616	1	0.000351
51804	51106	2	0.000702
51804	50597	2	0.000702
51804	51698	1	0.000351
51804	51631	1	0.000351
51804	51636	1	0.000351
51804	51128	1	0.000351
51804	51185	1	0.000351
51804	51186	1	0.000351
51804	51191	1	0.000351
51804	51708	1	0.000351
51805	51794	13	3.250000
51806	51233	12	0.923077
51806	50822	12	0.923077
51806	50983	12	0.923077
51806	50509	12	0.923077
51806	50877	12	0.923077
51806	51455	12	0.923077
51807	51755	1912	0.624225
51807	51076	1912	0.624225
51807	51205	1912	0.624225
51807	50310	1912	0.624225
51807	51719	1912	0.624225
51807	51209	1912	0.624225
51807	50573	1912	0.624225
51807	50319	1912	0.624225
51807	51088	1912	0.624225
51807	51857	1912	0.624225
51807	51602	1912	0.624225
51807	50307	1912	0.624225
51807	51477	1912	0.624225
51807	51703	1912	0.624225
51807	50585	1912	0.624225
51807	50587	1912	0.624225
51807	50464	1912	0.624225
51807	50971	1912	0.624225
51807	51237	1912	0.624225
51807	50470	1912	0.624225
51807	50999	1912	0.624225
51807	51368	1912	0.624225
51807	50473	1912	0.624225
51807	51754	1912	0.624225
51807	50987	1912	0.624225
51807	51372	1912	0.624225
51807	51117	1912	0.624225
51807	50607	1912	0.624225
51807	51276	1912	0.624225
51807	50609	1912	0.624225
51807	51443	1912	0.624225
51807	51252	2	0.000653
51807	51166	1912	0.624225
51807	50998	1912	0.624225
51807	50359	1912	0.624225
51807	50488	1912	0.624225
51807	51003	1912	0.624225
51807	51388	1912	0.624225
51807	51647	1912	0.624225
51807	50373	1912	0.624225
51807	51143	1912	0.624225
51807	51020	1912	0.624225
51807	50507	1912	0.624225
51807	50764	1912	0.624225
51807	51895	1912	0.624225
51807	51534	1912	0.624225
51807	51279	1912	0.624225
51807	50897	1912	0.624225
51807	51154	1912	0.624225
51807	50516	1912	0.624225
51807	50254	1912	0.624225
51807	51928	1912	0.624225
51807	50895	1912	0.624225
51807	51933	1912	0.624225
51807	50782	1912	0.624225
51807	50271	1912	0.624225
51807	50400	1912	0.624225
51807	51043	1912	0.624225
51807	51812	1912	0.624225
51807	51302	1912	0.624225
51807	51686	1912	0.624225
51807	50920	1912	0.624225
51807	51004	1912	0.624225
51807	51563	1912	0.624225
51807	51308	1912	0.624225
51807	51566	1912	0.624225
51807	51184	1912	0.624225
51807	50675	1912	0.624225
51807	51446	1912	0.624225
51807	51319	1912	0.624225
51807	51347	1912	0.624225
51807	50555	1912	0.624225
51808	50904	1	0.050000
51808	51252	6	0.300000
51811	50357	1	0.025000
51812	51078	42	0.069193
51812	51755	370	0.609555
51812	51076	370	0.609555
51812	51205	370	0.609555
51812	50310	370	0.609555
51812	51719	370	0.609555
51812	51209	370	0.609555
51812	50573	370	0.609555
51812	50319	370	0.609555
51812	51088	370	0.609555
51812	51857	370	0.609555
51812	51602	370	0.609555
51812	50307	370	0.609555
51812	51477	370	0.609555
51812	51703	370	0.609555
51812	50585	370	0.609555
51812	50587	370	0.609555
51812	50464	370	0.609555
51812	50971	370	0.609555
51812	51237	370	0.609555
51812	50470	370	0.609555
51812	50999	370	0.609555
51812	51368	370	0.609555
51812	50473	370	0.609555
51812	51754	370	0.609555
51812	50987	370	0.609555
51812	51372	370	0.609555
51812	51117	370	0.609555
51812	50607	370	0.609555
51812	51276	370	0.609555
51812	50609	370	0.609555
51812	51443	370	0.609555
51812	51252	5	0.008237
51812	51166	370	0.609555
51812	50998	370	0.609555
51812	50359	370	0.609555
51812	50488	370	0.609555
51812	51003	370	0.609555
51812	51388	370	0.609555
51812	51647	370	0.609555
51812	51652	3	0.004942
51812	50373	370	0.609555
51812	51143	370	0.609555
51812	51020	370	0.609555
51812	50271	370	0.609555
51812	50507	370	0.609555
51812	50764	370	0.609555
51812	51895	370	0.609555
51812	51534	370	0.609555
51812	51279	370	0.609555
51812	50897	370	0.609555
51812	51154	370	0.609555
51812	50516	370	0.609555
51812	50254	370	0.609555
51812	51928	370	0.609555
51812	50895	370	0.609555
51812	51933	370	0.609555
51812	50782	370	0.609555
51812	51807	370	0.609555
51812	50400	370	0.609555
51812	51043	370	0.609555
51812	51302	370	0.609555
51812	51686	370	0.609555
51812	50920	370	0.609555
51812	51004	370	0.609555
51812	51563	370	0.609555
51812	51308	370	0.609555
51812	51566	370	0.609555
51812	51184	370	0.609555
51812	50675	370	0.609555
51812	51446	370	0.609555
51812	51319	370	0.609555
51812	51347	370	0.609555
51812	50555	370	0.609555
51814	51505	3	0.142857
51815	50465	1	0.000962
51815	51779	4	0.003850
51815	51369	1	0.000962
51815	50508	1	0.000962
51815	50255	2	0.001925
51815	50355	2	0.001925
51815	51252	32	0.030799
51815	50357	2	0.001925
51815	51931	33	0.031761
51816	50552	21	0.381818
51817	51252	5	0.135135
51818	51482	115	5.000000
51818	51820	23	1.000000
51818	51586	2	0.086957
51818	50846	46	2.000000
51819	50305	1194	0.572937
51819	51428	1194	0.572937
51819	50566	1194	0.572937
51819	51599	1194	0.572937
51819	51868	1194	0.572937
51819	51869	1194	0.572937
51819	51742	1194	0.572937
51819	50565	1194	0.572937
51819	51107	1194	0.572937
51819	50468	1194	0.572937
51819	51110	1194	0.572937
51819	51880	1194	0.572937
51819	50857	1194	0.572937
51819	50717	52	0.024952
51819	51252	1210	0.580614
51819	50974	2388	1.145873
51819	51894	1194	0.572937
51819	51136	1194	0.572937
51819	50372	1194	0.572937
51819	50252	1194	0.572937
51819	50253	16	0.007678
51819	51023	1223	0.586852
51819	51410	1194	0.572937
51819	51541	1223	0.586852
51819	50903	1194	0.572937
51819	51172	1194	0.572937
51819	51036	1194	0.572937
51819	50528	1247	0.598369
51819	50274	1194	0.572937
51819	50659	1194	0.572937
51819	51684	2530	1.214012
51819	51301	1223	0.586852
51819	51437	1194	0.572937
51819	50557	1223	0.586852
51819	50291	1194	0.572937
51819	50427	1194	0.572937
51819	50812	1194	0.572937
51819	51837	1194	0.572937
51819	51236	1194	0.572937
51820	51833	1	0.012500
51820	51482	1	0.012500
51820	50868	9	0.112500
51820	51586	2	0.025000
51820	50846	1	0.012500
51821	51779	2	0.000216
51821	51204	1	0.000108
51821	50405	1	0.000108
51821	50371	1	0.000108
51821	51466	2	0.000216
51821	50290	1	0.000108
51821	51341	2	0.000216
51821	50286	1	0.000108
51821	50447	2	0.000216
51821	51505	1	0.000108
51821	50258	1	0.000108
51821	51315	5	0.000541
51821	51252	9	0.000973
51821	50255	1	0.000108
51821	50623	1	0.000108
51821	50910	542	0.058601
51821	50815	4	0.000432
51822	51252	1	0.022727
51822	50574	1	0.022727
51822	50255	1	0.022727
51830	50968	6	0.007762
51830	51252	252	0.326003
51830	51357	3	0.003881
51830	50255	6	0.007762
51831	51456	245	0.676796
51831	51586	4	0.011050
51831	51653	6	0.016575
51831	51591	245	0.676796
51831	50729	245	0.676796
51831	51242	245	0.676796
51831	51149	245	0.676796
51831	50255	245	0.676796
51831	51252	263	0.726519
51831	51190	245	0.676796
51831	51225	2	0.005525
51831	51227	2	0.005525
51831	50623	2	0.005525
51832	50273	207	1.000000
51832	51330	207	1.000000
51832	51106	1	0.004831
51832	50757	207	1.000000
51832	50790	207	1.000000
51832	51112	207	1.000000
51832	50332	207	1.000000
51832	51668	1	0.004831
51832	50733	207	1.000000
51832	51252	4	0.019324
51832	50255	1	0.004831
51832	50754	2	0.009662
51832	51861	207	1.000000
51832	50232	207	1.000000
51832	50809	207	1.000000
51832	51173	207	1.000000
51832	51164	207	1.000000
51832	51710	207	1.000000
51832	50885	207	1.000000
51834	51252	30	0.143541
51834	51732	3	0.014354
51834	51877	4	0.019139
51834	50255	1	0.004785
51836	51586	12	0.006205
51836	51779	1	0.000517
51836	51877	1	0.000517
51836	51527	16	0.008273
51836	51466	17	0.008790
51836	51277	1	0.000517
51836	50255	1	0.000517
51836	51315	2	0.001034
51836	51252	318	0.164426
51836	51127	2	0.001034
51836	50815	2	0.001034
51836	50558	1	0.000517
51836	50623	3	0.001551
51837	50305	1819	0.592315
51837	51428	1819	0.592315
51837	50566	1819	0.592315
51837	51599	1819	0.592315
51837	51868	1819	0.592315
51837	51869	1819	0.592315
51837	51742	1819	0.592315
51837	50565	1819	0.592315
51837	51107	1819	0.592315
51837	50468	1819	0.592315
51837	51110	1819	0.592315
51837	51880	1819	0.592315
51837	50857	1819	0.592315
51837	50717	28	0.009118
51837	51252	5469	1.780853
51837	50974	3638	1.184630
51837	51894	1819	0.592315
51837	51136	1819	0.592315
51837	51779	14	0.004559
51837	50372	1819	0.592315
51837	50252	1819	0.592315
51837	51023	1819	0.592315
51837	51410	1819	0.592315
51837	51541	1819	0.592315
51837	50903	1819	0.592315
51837	51172	1819	0.592315
51837	51036	1819	0.592315
51837	51293	16	0.005210
51837	50528	1819	0.592315
51837	50274	1819	0.592315
51837	50659	1819	0.592315
51837	51684	7460	2.429176
51837	51301	1819	0.592315
51837	51819	1819	0.592315
51837	51437	1819	0.592315
51837	50291	1819	0.592315
51837	50427	1819	0.592315
51837	50812	1819	0.592315
51837	50557	1819	0.592315
51837	51236	1819	0.592315
51838	51624	9	1.000000
51842	50696	2	0.013245
51842	51723	2	0.013245
51842	51476	2	0.013245
51842	50967	2	0.013245
51842	51098	2	0.013245
51842	50981	2	0.013245
51842	50599	2	0.013245
51842	51626	2	0.013245
51842	50347	2	0.013245
51842	51373	2	0.013245
51842	50990	2	0.013245
51842	50738	3	0.019868
51842	50292	2	0.013245
51842	51005	2	0.013245
51842	50751	2	0.013245
51842	51779	2	0.013245
51842	51909	2	0.013245
51842	50375	2	0.013245
51842	51150	2	0.013245
51842	50773	2	0.013245
51842	51416	2	0.013245
51842	51175	2	0.013245
51842	50412	2	0.013245
51842	51694	2	0.013245
51842	50801	2	0.013245
51842	51700	2	0.013245
51842	51573	2	0.013245
51843	51616	3	0.157895
51843	51586	7	0.368421
51844	51272	143	2.072464
51844	50255	1	0.014493
51845	51196	4	0.250000
51847	51586	1	0.017241
51847	51357	1	0.017241
51848	50500	3	0.066667
51848	50346	3	0.066667
51848	51243	3	0.066667
51848	51252	4	0.088889
51849	51586	31	0.738095
51849	50631	31	0.738095
51849	51881	31	0.738095
51849	50289	1078	25.666667
51849	51613	2	0.047619
51849	50558	2	0.047619
51850	51777	6	0.004808
51850	50530	1230	0.985577
51850	51252	17	0.013622
51850	51877	2	0.001603
51850	50535	1230	0.985577
51851	51593	3	0.001163
51851	51084	2	0.000775
51851	51598	138	0.053488
51851	50577	1	0.000388
51851	50755	3	0.001163
51851	51865	1	0.000388
51851	51357	4	0.001550
51851	51787	2	0.000775
51851	51877	1	0.000388
51851	51496	2	0.000775
51851	50601	24182	9.372868
51851	50482	1	0.000388
51851	51636	1	0.000388
51851	50869	4	0.001550
51851	51252	2114	0.819380
51851	50623	5	0.001938
51851	51779	6	0.002326
51851	51530	2	0.000775
51851	50507	1	0.000388
51851	51788	4	0.001550
51851	50255	1	0.000388
51851	51298	2	0.000775
51851	50918	2	0.000775
51851	51310	1	0.000388
51851	51695	2	0.000775
51851	50546	2	0.000775
51851	51315	4	0.001550
51851	50815	13	0.005039
51856	51272	3	0.136364
51857	51078	100	0.195312
51857	51755	390	0.761719
51857	51076	390	0.761719
51857	51205	390	0.761719
51857	50310	390	0.761719
51857	51719	390	0.761719
51857	51209	390	0.761719
51857	50573	390	0.761719
51857	50319	390	0.761719
51857	51088	390	0.761719
51857	51602	394	0.769531
51857	50307	390	0.761719
51857	51477	390	0.761719
51857	51703	390	0.761719
51857	50585	390	0.761719
51857	50587	390	0.761719
51857	50464	390	0.761719
51857	50971	390	0.761719
51857	51237	390	0.761719
51857	50470	390	0.761719
51857	50999	390	0.761719
51857	51368	390	0.761719
51857	50473	390	0.761719
51857	51754	390	0.761719
51857	50987	390	0.761719
51857	51372	390	0.761719
51857	51117	390	0.761719
51857	50607	390	0.761719
51857	51276	390	0.761719
51857	50609	390	0.761719
51857	51443	390	0.761719
51857	51252	6	0.011719
51857	51166	390	0.761719
51857	50998	390	0.761719
51857	50359	390	0.761719
51857	50488	390	0.761719
51857	51003	390	0.761719
51857	51388	390	0.761719
51857	51647	390	0.761719
51857	50373	395	0.771484
51857	51143	390	0.761719
51857	51020	390	0.761719
51857	50271	390	0.761719
51857	50507	390	0.761719
51857	50764	390	0.761719
51857	51895	390	0.761719
51857	51534	390	0.761719
51857	51279	390	0.761719
51857	50897	390	0.761719
51857	51154	390	0.761719
51857	50516	390	0.761719
51857	50254	390	0.761719
51857	51928	390	0.761719
51857	50895	390	0.761719
51857	51933	390	0.761719
51857	50782	390	0.761719
51857	51807	390	0.761719
51857	50400	390	0.761719
51857	51043	390	0.761719
51857	51812	390	0.761719
51857	51302	390	0.761719
51857	51686	390	0.761719
51857	50920	390	0.761719
51857	51004	390	0.761719
51857	51563	390	0.761719
51857	51308	390	0.761719
51857	51566	390	0.761719
51857	51184	390	0.761719
51857	50675	390	0.761719
51857	51446	390	0.761719
51857	51319	390	0.761719
51857	51347	390	0.761719
51857	50555	392	0.765625
51858	50560	66	2.000000
51858	51252	32	0.969697
51858	50918	1	0.030303
51858	50255	32	0.969697
51860	51593	3	0.001109
51860	51084	2	0.000740
51860	51598	138	0.051036
51860	50577	1	0.000370
51860	50755	3	0.001109
51860	51865	1	0.000370
51860	51357	4	0.001479
51860	51787	2	0.000740
51860	51877	1	0.000370
51860	51496	2	0.000740
51860	50601	26318	9.732988
51860	50482	1	0.000370
51860	51636	1	0.000370
51860	50869	4	0.001479
51860	51252	2156	0.797337
51860	50623	5	0.001849
51860	51779	6	0.002219
51860	51530	2	0.000740
51860	50507	1	0.000370
51860	51788	4	0.001479
51860	50255	1	0.000370
51860	51298	2	0.000740
51860	50918	2	0.000740
51860	51310	1	0.000370
51860	51695	2	0.000740
51860	50546	2	0.000740
51860	51315	4	0.001479
51860	50815	13	0.004808
51861	51252	6	0.031746
51861	50332	10	0.052910
51861	51877	2	0.010582
51864	51794	18	6.000000
51865	51586	1	0.008000
51865	51204	6	0.048000
51865	50815	7	0.056000
51866	50904	2	0.095238
51867	50745	1	0.015873
51867	50939	1	0.015873
51867	51252	1	0.015873
51867	50255	1	0.015873
51868	50305	2824	0.719674
51868	51428	2824	0.719674
51868	50566	2824	0.719674
51868	51599	2824	0.719674
51868	51869	2824	0.719674
51868	51742	2824	0.719674
51868	50565	2824	0.719674
51868	51107	2824	0.719674
51868	50468	2824	0.719674
51868	51877	24	0.006116
51868	51110	2824	0.719674
51868	51880	2824	0.719674
51868	50857	2824	0.719674
51868	50717	32	0.008155
51868	51252	8478	2.160550
51868	50974	5648	1.439348
51868	51894	2824	0.719674
51868	51136	2824	0.719674
51868	50372	2824	0.719674
51868	50252	2824	0.719674
51868	51023	2824	0.719674
51868	51410	2824	0.719674
51868	51541	2824	0.719674
51868	50903	2824	0.719674
51868	51172	2824	0.719674
51868	51036	2824	0.719674
51868	51293	20	0.005097
51868	50528	2824	0.719674
51868	50274	2824	0.719674
51868	50659	2824	0.719674
51868	51684	17218	4.387870
51868	51301	2824	0.719674
51868	51819	2824	0.719674
51868	51437	2824	0.719674
51868	50557	2824	0.719674
51868	50291	2824	0.719674
51868	50427	2824	0.719674
51868	50812	2824	0.719674
51868	51837	2824	0.719674
51868	51236	2824	0.719674
51869	50305	3191	0.610952
51869	51428	3191	0.610952
51869	50566	3191	0.610952
51869	51599	3191	0.610952
51869	51868	3191	0.610952
51869	50717	96	0.018380
51869	51742	3191	0.610952
51869	50565	3191	0.610952
51869	51107	3191	0.610952
51869	50468	3191	0.610952
51869	51110	3191	0.610952
51869	51880	3191	0.610952
51869	50857	3191	0.610952
51869	51252	12810	2.452613
51869	50974	6382	1.221903
51869	51894	3191	0.610952
51869	51136	3191	0.610952
51869	50372	3191	0.610952
51869	50252	3191	0.610952
51869	51023	3191	0.610952
51869	51410	3191	0.610952
51869	51541	3191	0.610952
51869	50903	3191	0.610952
51869	51172	3191	0.610952
51869	51036	3191	0.610952
51869	50528	3191	0.610952
51869	50274	3191	0.610952
51869	50659	3191	0.610952
51869	51684	13536	2.591614
51869	51301	3191	0.610952
51869	51819	3191	0.610952
51869	51437	3191	0.610952
51869	50557	3191	0.610952
51869	50291	3191	0.610952
51869	50427	3191	0.610952
51869	50812	3191	0.610952
51869	51837	6382	1.221903
51869	51236	3191	0.610952
51870	51586	1	0.002941
51870	51779	12	0.035294
51870	51812	2	0.005882
51870	50631	1	0.002941
51870	51274	1	0.002941
51870	51534	2	0.005882
51870	51344	1	0.002941
51870	51698	7	0.020588
51870	50846	2	0.005882
51870	50647	30	0.088235
51870	51482	2	0.005882
51870	51613	4	0.011765
51870	50558	2	0.005882
51874	50690	96	1.627119
51874	50239	134	2.271186
51874	51252	2	0.033898
51874	50383	17	0.288136
51876	50338	69	0.932432
51876	51252	65	0.878378
51877	51905	1	0.000401
51877	51586	3	0.001204
51877	50755	1	0.000401
51877	50340	1	0.000401
51877	50918	1	0.000401
51877	51593	1	0.000401
51877	51084	45	0.018065
51877	51341	25	0.010036
51877	51252	1	0.000401
51877	50255	16	0.006423
51877	51357	1	0.000401
51877	50868	1	0.000401
51877	50355	6	0.002409
51877	51225	1	0.000401
51877	51106	1	0.000401
51877	51063	1	0.000401
51877	51865	2	0.000803
51877	50623	1	0.000401
51877	51613	4	0.001606
51877	50815	5	0.002007
51879	50560	14	1.000000
51880	50305	1346	0.631332
51880	51428	1346	0.631332
51880	50566	1346	0.631332
51880	51599	1346	0.631332
51880	51868	1346	0.631332
51880	51869	1346	0.631332
51880	51742	1346	0.631332
51880	50565	1346	0.631332
51880	51107	1346	0.631332
51880	50468	1346	0.631332
51880	51110	1346	0.631332
51880	50857	1346	0.631332
51880	51357	12	0.005629
51880	51315	1	0.000469
51880	51252	1409	0.660882
51880	50974	2692	1.262664
51880	51894	1346	0.631332
51880	50717	40	0.018762
51880	50623	1	0.000469
51880	51136	1346	0.631332
51880	50755	1	0.000469
51880	50372	1346	0.631332
51880	50252	1346	0.631332
51880	51023	1346	0.631332
51880	51410	1346	0.631332
51880	51541	1346	0.631332
51880	50903	1346	0.631332
51880	51172	1346	0.631332
51880	50255	1358	0.636961
51880	51036	1346	0.631332
51880	51293	12	0.005629
51880	50528	1346	0.631332
51880	50274	1346	0.631332
51880	50659	1346	0.631332
51880	51684	5700	2.673546
51880	51301	1346	0.631332
51880	51819	1346	0.631332
51880	51437	1346	0.631332
51880	50557	1346	0.631332
51880	50291	1346	0.631332
51880	50427	1346	0.631332
51880	50812	1346	0.631332
51880	51837	1346	0.631332
51880	51236	1346	0.631332
51881	51586	277	0.446774
51881	51332	2	0.003226
51881	50576	92	0.148387
51881	51613	61	0.098387
51881	51230	1	0.001613
51881	51104	2	0.003226
51881	50289	65	0.104839
51881	50600	1	0.001613
51881	50605	1	0.001613
51881	51507	1	0.001613
51881	51636	117	0.188710
51881	50623	2	0.003226
51881	51905	1	0.001613
51881	51779	2	0.003226
51881	51016	1	0.001613
51881	51277	342	0.551613
51881	50404	121	0.195161
51881	50405	2	0.003226
51881	50921	2	0.003226
51881	50856	2	0.003226
51881	51698	114	0.183871
51881	50558	65	0.104839
51882	50904	1	0.058824
51883	50404	1	0.001215
51883	50600	2	0.002430
51883	50255	20	0.024301
51883	51759	112	0.136087
51883	51344	2	0.002430
51883	51252	239	0.290401
51883	51766	2	0.002430
51883	51767	308	0.374241
51883	50260	18	0.021871
51883	51227	2	0.002430
51883	51887	30	0.036452
51883	50623	2	0.002430
51884	51779	2	0.002123
51884	50404	1	0.001062
51884	50600	2	0.002123
51884	51759	149	0.158174
51884	51344	2	0.002123
51884	51227	2	0.002123
51884	50260	27	0.028662
51884	51766	3	0.003185
51884	51767	369	0.391720
51884	51252	270	0.286624
51884	50255	25	0.026539
51884	51887	49	0.052017
51884	50623	2	0.002123
51885	51779	2	0.002123
51885	50404	1	0.001062
51885	50600	2	0.002123
51885	51759	145	0.153928
51885	51344	2	0.002123
51885	51227	2	0.002123
51885	50260	27	0.028662
51885	51766	3	0.003185
51885	51767	365	0.387473
51885	51252	274	0.290870
51885	50255	25	0.026539
51885	51887	49	0.052017
51885	50623	2	0.002123
51886	51779	2	0.002123
51886	50404	1	0.001062
51886	50600	2	0.002123
51886	50255	25	0.026539
51886	51344	2	0.002123
51886	51227	2	0.002123
51886	51759	145	0.153928
51886	50260	27	0.028662
51886	51766	3	0.003185
51886	51767	365	0.387473
51886	51252	268	0.284501
51886	51887	49	0.052017
51886	50623	2	0.002123
51887	51779	2	0.002123
51887	50404	1	0.001062
51887	50600	2	0.002123
51887	50255	25	0.026539
51887	51344	2	0.002123
51887	51759	145	0.153928
51887	50260	27	0.028662
51887	51766	3	0.003185
51887	51767	365	0.387473
51887	51252	268	0.284501
51887	51227	2	0.002123
51887	50623	2	0.002123
51889	51227	2	0.002430
51889	50404	1	0.001215
51889	50600	2	0.002430
51889	50255	20	0.024301
51889	51759	112	0.136087
51889	51344	2	0.002430
51889	51252	239	0.290401
51889	51766	2	0.002430
51889	51767	308	0.374241
51889	50260	18	0.021871
51889	51887	30	0.036452
51889	50623	2	0.002430
51890	51779	2	0.002123
51890	50404	1	0.001062
51890	50600	2	0.002123
51890	51759	145	0.153928
51890	51344	2	0.002123
51890	51227	2	0.002123
51890	50260	27	0.028662
51890	51766	3	0.003185
51890	51767	365	0.387473
51890	51252	268	0.284501
51890	50255	25	0.026539
51890	51887	49	0.052017
51890	50623	2	0.002123
51891	51779	2	0.002123
51891	50404	1	0.001062
51891	50600	2	0.002123
51891	50255	25	0.026539
51891	51344	2	0.002123
51891	51227	2	0.002123
51891	51759	145	0.153928
51891	50260	27	0.028662
51891	51766	3	0.003185
51891	51767	369	0.391720
51891	51252	270	0.286624
51891	51887	49	0.052017
51891	50623	2	0.002123
51892	51779	2	0.002123
51892	50404	1	0.001062
51892	50600	2	0.002123
51892	50255	25	0.026539
51892	51344	2	0.002123
51892	51227	2	0.002123
51892	51759	145	0.153928
51892	50260	27	0.028662
51892	51766	3	0.003185
51892	51767	365	0.387473
51892	51252	270	0.286624
51892	51887	49	0.052017
51892	50623	2	0.002123
51894	50305	1173	0.579259
51894	51428	1173	0.579259
51894	50566	1173	0.579259
51894	51599	1173	0.579259
51894	51868	1173	0.579259
51894	51869	1173	0.579259
51894	51742	1173	0.579259
51894	50565	1173	0.579259
51894	51107	1173	0.579259
51894	50468	1173	0.579259
51894	51110	1173	0.579259
51894	51880	1173	0.579259
51894	50857	1173	0.579259
51894	50717	40	0.019753
51894	51252	1173	0.579259
51894	50974	2346	1.158519
51894	51136	1173	0.579259
51894	50372	1173	0.579259
51894	50252	1173	0.579259
51894	51023	1173	0.579259
51894	51410	1173	0.579259
51894	51541	1173	0.579259
51894	50903	1173	0.579259
51894	51172	1173	0.579259
51894	51036	1173	0.579259
51894	50528	1173	0.579259
51894	50274	1173	0.579259
51894	50659	1173	0.579259
51894	51684	3631	1.793086
51894	51301	1173	0.579259
51894	51819	1173	0.579259
51894	51437	1173	0.579259
51894	50557	1173	0.579259
51894	50291	1173	0.579259
51894	50427	1173	0.579259
51894	50812	1173	0.579259
51894	51837	1173	0.579259
51894	51236	1173	0.579259
51895	51078	64	0.090014
51895	51755	698	0.981716
51895	51076	698	0.981716
51895	51205	698	0.981716
51895	50310	698	0.981716
51895	51719	698	0.981716
51895	51209	698	0.981716
51895	50573	698	0.981716
51895	50319	698	0.981716
51895	51088	698	0.981716
51895	51857	698	0.981716
51895	51602	698	0.981716
51895	50307	698	0.981716
51895	51477	698	0.981716
51895	51703	698	0.981716
51895	50585	698	0.981716
51895	50587	698	0.981716
51895	50464	698	0.981716
51895	50971	698	0.981716
51895	51237	698	0.981716
51895	50470	698	0.981716
51895	50999	698	0.981716
51895	51368	698	0.981716
51895	50473	698	0.981716
51895	51754	698	0.981716
51895	50987	698	0.981716
51895	51372	698	0.981716
51895	51117	698	0.981716
51895	50607	698	0.981716
51895	51276	698	0.981716
51895	50609	698	0.981716
51895	51443	698	0.981716
51895	51166	698	0.981716
51895	50998	698	0.981716
51895	50359	698	0.981716
51895	50488	698	0.981716
51895	51003	698	0.981716
51895	51388	698	0.981716
51895	51647	698	0.981716
51895	50373	698	0.981716
51895	51143	698	0.981716
51895	51020	698	0.981716
51895	50271	698	0.981716
51895	50507	698	0.981716
51895	50764	698	0.981716
51895	51534	698	0.981716
51895	51279	698	0.981716
51895	50897	698	0.981716
51895	51154	698	0.981716
51895	50516	698	0.981716
51895	50254	698	0.981716
51895	51928	698	0.981716
51895	50895	698	0.981716
51895	51933	698	0.981716
51895	50782	698	0.981716
51895	51807	698	0.981716
51895	50400	698	0.981716
51895	51043	698	0.981716
51895	51812	698	0.981716
51895	51302	698	0.981716
51895	51686	698	0.981716
51895	50920	698	0.981716
51895	51004	698	0.981716
51895	51563	698	0.981716
51895	51308	698	0.981716
51895	51566	698	0.981716
51895	51184	698	0.981716
51895	50675	698	0.981716
51895	51446	698	0.981716
51895	51319	698	0.981716
51895	51347	698	0.981716
51895	50555	698	0.981716
51896	51284	1	0.062500
51896	50255	13	0.812500
51896	51252	16	1.000000
51896	50719	13	0.812500
51897	51252	4	0.093023
51897	51644	4	0.093023
51897	50574	8	0.186047
51897	50255	1	0.023256
51899	50745	1	0.019231
51899	51779	4	0.076923
51899	51252	4	0.076923
51899	50939	2	0.038462
51900	50904	1	0.066667
51901	50255	2	0.142857
51903	50560	34	1.030303
51904	51272	14	0.297872
51906	51593	3	0.001113
51906	51084	2	0.000742
51906	51598	138	0.051187
51906	50577	1	0.000371
51906	50755	3	0.001113
51906	51865	1	0.000371
51906	51357	4	0.001484
51906	51877	1	0.000371
51906	51496	2	0.000742
51906	50601	26272	9.744807
51906	50482	1	0.000371
51906	51636	1	0.000371
51906	50869	4	0.001484
51906	51252	2168	0.804154
51906	50623	5	0.001855
51906	51779	6	0.002226
51906	51530	2	0.000742
51906	51787	2	0.000742
51906	51788	4	0.001484
51906	50255	1	0.000371
51906	51298	2	0.000742
51906	50918	2	0.000742
51906	51310	1	0.000371
51906	51695	2	0.000742
51906	50546	2	0.000742
51906	51315	4	0.001484
51906	50507	1	0.000371
51906	50815	13	0.004822
51907	50918	1	0.003106
51907	50286	3864	12.000000
51907	50255	322	1.000000
51907	51315	326	1.012422
51907	51252	325	1.009317
51907	50968	1	0.003106
51907	50910	323	1.003106
51907	50815	1	0.003106
51909	51842	25	0.714286
51910	51779	3	0.025000
51911	51078	78	0.095471
51911	51755	637	0.779682
51911	51076	637	0.779682
51911	51205	637	0.779682
51911	50310	637	0.779682
51911	51719	637	0.779682
51911	51209	637	0.779682
51911	50573	637	0.779682
51911	50319	637	0.779682
51911	51088	637	0.779682
51911	51857	637	0.779682
51911	51602	637	0.779682
51911	50307	637	0.779682
51911	51477	637	0.779682
51911	51703	637	0.779682
51911	50585	637	0.779682
51911	50587	637	0.779682
51911	50464	637	0.779682
51911	50971	637	0.779682
51911	51237	637	0.779682
51911	50470	637	0.779682
51911	50999	637	0.779682
51911	51368	637	0.779682
51911	50473	637	0.779682
51911	51754	637	0.779682
51911	50987	637	0.779682
51911	51372	637	0.779682
51911	51117	637	0.779682
51911	50607	637	0.779682
51911	51276	637	0.779682
51911	50609	637	0.779682
51911	51443	637	0.779682
51911	51252	3	0.003672
51911	51166	637	0.779682
51911	50998	637	0.779682
51911	50359	637	0.779682
51911	50488	637	0.779682
51911	51003	637	0.779682
51911	51388	637	0.779682
51911	51647	637	0.779682
51911	50373	637	0.779682
51911	51143	637	0.779682
51911	51020	637	0.779682
51911	50271	637	0.779682
51911	50507	637	0.779682
51911	50764	637	0.779682
51911	51895	637	0.779682
51911	51534	637	0.779682
51911	51279	637	0.779682
51911	50897	637	0.779682
51911	51154	637	0.779682
51911	50516	637	0.779682
51911	50254	637	0.779682
51911	51928	637	0.779682
51911	50895	637	0.779682
51911	51933	637	0.779682
51911	50782	637	0.779682
51911	51807	637	0.779682
51911	50400	637	0.779682
51911	51043	637	0.779682
51911	51812	637	0.779682
51911	51302	637	0.779682
51911	51686	637	0.779682
51911	50920	637	0.779682
51911	51004	637	0.779682
51911	51563	637	0.779682
51911	51308	637	0.779682
51911	51566	637	0.779682
51911	51184	637	0.779682
51911	50675	637	0.779682
51911	51446	637	0.779682
51911	51319	637	0.779682
51911	51347	637	0.779682
51911	50555	637	0.779682
51912	50850	10	0.095238
51912	50939	94	0.895238
51913	50255	1	0.016393
51916	50939	1	0.021739
51916	51252	3	0.065217
51917	50904	1	0.062500
51918	51252	3	0.142857
51918	50255	1	0.047619
51919	51252	12	0.333333
51920	51284	1	0.100000
51920	51252	2	0.200000
51925	50939	1	0.055556
51925	51597	2	0.111111
51925	51750	2	0.111111
51925	50661	2	0.111111
51926	51779	5	0.092593
51927	50338	40	1.081081
51927	51252	128	3.459459
51928	51078	7	0.006757
51928	51755	480	0.463320
51928	51076	480	0.463320
51928	51205	480	0.463320
51928	50310	480	0.463320
51928	51719	480	0.463320
51928	51209	480	0.463320
51928	50573	480	0.463320
51928	50319	480	0.463320
51928	51088	480	0.463320
51928	51857	480	0.463320
51928	51602	480	0.463320
51928	50307	480	0.463320
51928	51477	480	0.463320
51928	51703	480	0.463320
51928	50585	480	0.463320
51928	50587	480	0.463320
51928	50464	480	0.463320
51928	50971	480	0.463320
51928	51237	480	0.463320
51928	50470	480	0.463320
51928	50999	480	0.463320
51928	51368	480	0.463320
51928	50473	480	0.463320
51928	51754	480	0.463320
51928	50987	480	0.463320
51928	51372	480	0.463320
51928	51117	480	0.463320
51928	50607	480	0.463320
51928	51276	480	0.463320
51928	50609	480	0.463320
51928	51443	480	0.463320
51928	51252	1	0.000965
51928	51166	480	0.463320
51928	50998	480	0.463320
51928	50359	480	0.463320
51928	50488	480	0.463320
51928	51003	480	0.463320
51928	51388	480	0.463320
51928	51647	480	0.463320
51928	50373	480	0.463320
51928	51143	480	0.463320
51928	51020	480	0.463320
51928	50271	480	0.463320
51928	50507	480	0.463320
51928	50764	480	0.463320
51928	51895	480	0.463320
51928	51534	480	0.463320
51928	51279	480	0.463320
51928	50897	480	0.463320
51928	51154	480	0.463320
51928	50516	480	0.463320
51928	50254	480	0.463320
51928	50895	480	0.463320
51928	51933	480	0.463320
51928	50782	480	0.463320
51928	51807	480	0.463320
51928	50400	480	0.463320
51928	51043	480	0.463320
51928	51812	480	0.463320
51928	51302	480	0.463320
51928	51686	480	0.463320
51928	50920	480	0.463320
51928	51004	480	0.463320
51928	51563	480	0.463320
51928	51308	480	0.463320
51928	51566	480	0.463320
51928	51184	480	0.463320
51928	50675	480	0.463320
51928	51446	480	0.463320
51928	51319	480	0.463320
51928	51347	480	0.463320
51928	50555	480	0.463320
51929	51204	1	0.000351
51929	51208	1	0.000351
51929	51729	1	0.000351
51929	51220	1	0.000351
51929	50713	1	0.000351
51929	51226	1	0.000351
51929	51230	1	0.000351
51929	51241	1	0.000351
51929	51249	1	0.000351
51929	51252	1	0.000351
51929	50868	37	0.012973
51929	50749	1	0.000351
51929	51774	1	0.000351
51929	51778	1	0.000351
51929	51779	2	0.000701
51929	51782	1	0.000351
51929	51274	1	0.000351
51929	51788	4	0.001403
51929	50255	2	0.000701
51929	51298	1	0.000351
51929	50277	1	0.000351
51929	51820	1	0.000351
51929	50289	1	0.000351
51929	50290	1	0.000351
51929	51833	1	0.000351
51929	50814	1	0.000351
51929	50815	1	0.000351
51929	50816	1	0.000351
51929	51332	1	0.000351
51929	51847	2	0.000701
51929	51849	1	0.000351
51929	50317	1	0.000351
51929	51344	3	0.001052
51929	50322	1	0.000351
51929	50323	1	0.000351
51929	51865	2	0.000701
51929	51355	1	0.000351
51929	51357	2283	0.800491
51929	50846	1	0.000351
51929	50340	1	0.000351
51929	50855	1	0.000351
51929	50858	1	0.000351
51929	50859	2	0.000701
51929	50356	1	0.000351
51929	50870	1	0.000351
51929	51387	1	0.000351
51929	50371	1	0.000351
51929	51938	1	0.000351
51929	51438	1	0.000351
51929	51448	1	0.000351
51929	50426	2	0.000701
51929	50940	1	0.000351
51929	50434	1	0.000351
51929	51466	1	0.000351
51929	51074	1	0.000351
51929	50959	1	0.000351
51929	50964	1	0.000351
51929	50966	1	0.000351
51929	51482	1	0.000351
51929	51484	1	0.000351
51929	50465	2	0.000701
51929	51491	1	0.000351
51929	50495	3	0.001052
51929	50508	1	0.000351
51929	50515	1	0.000351
51929	50519	1	0.000351
51929	50523	1	0.000351
51929	51045	1	0.000351
51929	51054	1	0.000351
51929	50546	1	0.000351
51929	51061	1	0.000351
51929	50550	1	0.000351
51929	51577	4	0.001403
51929	50558	1	0.000351
51929	51586	143	0.050140
51929	50567	3	0.001052
51929	50571	1	0.000351
51929	50755	1	0.000351
51929	51612	1	0.000351
51929	51616	1	0.000351
51929	51106	2	0.000701
51929	50597	2	0.000701
51929	51698	1	0.000351
51929	51631	1	0.000351
51929	51636	1	0.000351
51929	51128	1	0.000351
51929	51185	1	0.000351
51929	51186	1	0.000351
51929	51191	1	0.000351
51929	51708	1	0.000351
51931	51586	1	0.000462
51931	51204	1	0.000462
51931	51466	1	0.000462
51931	50956	1	0.000462
51931	51598	1	0.000462
51931	51217	1	0.000462
51931	50707	1	0.000462
51931	50968	3	0.001385
51931	50846	1	0.000462
51931	50465	1	0.000462
51931	51877	4	0.001847
51931	51369	2	0.000923
51931	50355	1	0.000462
51931	51252	131	0.060480
51931	50357	3	0.001385
51931	50623	6	0.002770
51931	51779	5	0.002308
51931	50631	1	0.000462
51931	50255	6	0.002770
51931	51158	1	0.000462
51931	51671	2	0.000923
51931	51698	1	0.000462
51931	51315	5	0.002308
51931	50933	2	0.000923
51931	50815	1	0.000462
51933	51078	84	0.240688
51933	51598	1	0.002865
51933	51755	243	0.696275
51933	51076	243	0.696275
51933	51205	243	0.696275
51933	50310	243	0.696275
51933	51719	243	0.696275
51933	51209	243	0.696275
51933	50954	1	0.002865
51933	50573	243	0.696275
51933	51407	1	0.002865
51933	50319	243	0.696275
51933	51088	243	0.696275
51933	51857	243	0.696275
51933	51602	243	0.696275
51933	50307	243	0.696275
51933	51477	243	0.696275
51933	51703	243	0.696275
51933	50585	243	0.696275
51933	50587	243	0.696275
51933	50464	243	0.696275
51933	50971	243	0.696275
51933	51237	243	0.696275
51933	50470	243	0.696275
51933	50999	243	0.696275
51933	51368	243	0.696275
51933	50473	243	0.696275
51933	51754	243	0.696275
51933	50987	243	0.696275
51933	51372	243	0.696275
51933	51117	243	0.696275
51933	50607	243	0.696275
51933	51276	243	0.696275
51933	50609	243	0.696275
51933	51443	243	0.696275
51933	51166	243	0.696275
51933	50998	243	0.696275
51933	50359	243	0.696275
51933	50488	243	0.696275
51933	51003	243	0.696275
51933	51388	243	0.696275
51933	51530	3	0.008596
51933	51647	243	0.696275
51933	50373	243	0.696275
51933	51143	243	0.696275
51933	51020	243	0.696275
51933	50271	243	0.696275
51933	50507	243	0.696275
51933	50764	243	0.696275
51933	51895	243	0.696275
51933	51534	243	0.696275
51933	51279	243	0.696275
51933	50897	243	0.696275
51933	51154	243	0.696275
51933	50516	243	0.696275
51933	50254	243	0.696275
51933	51928	243	0.696275
51933	50895	243	0.696275
51933	50782	243	0.696275
51933	51807	243	0.696275
51933	50400	243	0.696275
51933	51043	243	0.696275
51933	51812	243	0.696275
51933	51302	243	0.696275
51933	51686	243	0.696275
51933	50920	243	0.696275
51933	51004	243	0.696275
51933	51563	243	0.696275
51933	51308	243	0.696275
51933	51566	243	0.696275
51933	51184	243	0.696275
51933	50675	243	0.696275
51933	51446	243	0.696275
51933	51319	243	0.696275
51933	51347	243	0.696275
51933	50555	243	0.696275
51934	50918	1	0.071429
51934	50719	1	0.071429
51935	50817	40125	10.966111
51935	51586	2	0.000547
51935	51208	1	0.000273
51935	51593	2	0.000547
51935	50954	2	0.000547
51935	50829	2	0.000547
51935	50755	2	0.000547
51935	50968	3	0.000820
51935	51357	2	0.000547
51935	51877	4	0.001093
51935	51252	2457	0.671495
51935	50623	5	0.001366
51935	51779	10	0.002733
51935	51530	2	0.000547
51935	50255	4	0.001093
51935	51341	2	0.000547
51935	51298	1	0.000273
51935	50404	6	0.001640
51935	50918	3	0.000820
51935	50921	2	0.000547
51935	51310	2	0.000547
51935	50290	2	0.000547
51935	51315	2	0.000547
51935	50815	3	0.000820
51936	50594	1	0.040000
51936	51252	1	0.040000
51936	50255	25	1.000000
51937	50816	1	0.001567
51937	51586	34	0.053292
51937	51332	2	0.003135
51937	51344	2	0.003135
51937	50577	4	0.006270
51937	51616	1	0.001567
51937	51221	4	0.006270
51937	51613	8	0.012539
51937	50975	9	0.014107
51937	51104	1	0.001567
51937	50465	3	0.004702
51937	50338	4	0.006270
51937	50340	2	0.003135
51937	51877	1	0.001567
51937	50855	1	0.001567
51937	51881	4	0.006270
51937	50858	4	0.006270
51937	51698	12	0.018809
51937	51631	1	0.001567
51937	50355	2	0.003135
51937	50868	1	0.001567
51937	50357	1295	2.029781
51937	51636	1	0.001567
51937	50623	3	0.004702
51937	51905	8	0.012539
51937	51778	50	0.078370
51937	51779	33	0.051724
51937	50376	1	0.001567
51937	50508	1	0.001567
51937	51277	1	0.001567
51937	50255	2	0.003135
51937	51448	14	0.021944
51937	51938	4	0.006270
51937	51430	2	0.003135
51937	51217	3	0.004702
51937	51304	7	0.010972
51937	51106	2	0.003135
51937	50673	2	0.003135
51937	50290	6	0.009404
51937	50707	4	0.006270
51937	50933	2	0.003135
51937	50680	9	0.014107
51937	50558	6	0.009404
51937	50325	4	0.006270
51940	50728	1	0.000250
51940	50901	6	0.001497
50232	50273	275	1.000000
50232	51330	277	1.007273
50232	50757	275	1.000000
50232	50790	275	1.000000
50232	51112	277	1.007273
50232	50332	276	1.003636
50232	51668	4	0.014545
50232	50733	275	1.000000
50232	51341	1	0.003636
50232	50704	2	0.007273
50232	51794	2	0.007273
50232	51252	5	0.018182
50232	51861	275	1.000000
50232	50754	1	0.003636
50232	51832	275	1.000000
50232	50809	275	1.000000
50232	51173	275	1.000000
50232	51164	275	1.000000
50232	51710	275	1.000000
50232	50885	275	1.000000
50234	50787	1	0.033333
50236	51252	4	0.102564
50237	51252	9	0.011166
50239	51321	1	0.018868
50239	51596	2	0.037736
50239	51252	2	0.037736
50239	50383	19	0.358491
50240	50357	2	0.001114
50240	51779	2	0.001114
50240	51877	1	0.000557
50240	50567	2	0.001114
50240	51369	1	0.000557
50240	50255	2	0.001114
50240	51252	26	0.014477
50240	50623	3	0.001670
50240	51931	29	0.016147
50240	51357	1	0.000557
50240	50815	6	0.003341
50241	51938	3	0.142857
50241	51779	1	0.047619
50241	51877	4	0.190476
50241	50699	1	0.047619
50241	50722	1	0.047619
50241	51586	1	0.047619
50241	51217	1	0.047619
50241	50546	1	0.047619
50241	51252	2	0.095238
50241	51030	2	0.095238
50241	50968	1	0.047619
50241	50618	1	0.047619
50241	50975	1	0.047619
50241	51357	2	0.095238
50241	51230	1	0.047619
50241	50623	1	0.047619
50242	50950	374	0.992042
50242	50758	374	0.992042
50242	51079	374	0.992042
50242	51208	1	0.002653
50242	51049	374	0.992042
50242	51083	754	2.000000
50242	51151	374	0.992042
50242	50579	374	0.992042
50242	51252	4	0.010610
50242	51095	374	0.992042
50243	51593	3	0.001255
50243	51084	2	0.000836
50243	51598	137	0.057298
50243	50577	1	0.000418
50243	50755	3	0.001255
50243	51865	1	0.000418
50243	51357	4	0.001673
50243	51787	2	0.000836
50243	51877	1	0.000418
50243	51496	2	0.000836
50243	50601	22155	9.265997
50243	50482	1	0.000418
50243	51636	1	0.000418
50243	50869	4	0.001673
50243	51252	1969	0.823505
50243	50623	4	0.001673
50243	51779	6	0.002509
50243	51530	2	0.000836
50243	50507	1	0.000418
50243	51788	4	0.001673
50243	50255	1	0.000418
50243	51298	2	0.000836
50243	50918	2	0.000836
50243	51310	1	0.000418
50243	51695	1	0.000418
50243	50546	2	0.000836
50243	51315	4	0.001673
50243	50815	13	0.005437
50245	51616	1	0.005495
50245	51586	5	0.027473
50245	51779	2	0.010989
50245	50340	1	0.005495
50245	51653	1	0.005495
50245	50466	1	0.005495
50245	50576	1	0.005495
50245	50868	1	0.005495
50245	51701	1	0.005495
50245	50745	1	0.005495
50245	51448	2	0.010989
50245	51636	1	0.005495
50245	51484	1	0.005495
50246	50904	5	0.064103
50247	51482	191	5.162162
50247	51820	37	1.000000
50247	50846	74	2.000000
50248	51252	1	0.001176
50248	51758	1	0.001176
50249	51586	2	0.040000
50249	51252	47	0.940000
50249	50941	2	0.040000
50250	51644	1	0.012658
50250	51779	3	0.037975
50250	51252	1	0.012658
50250	50255	2	0.025316
50251	51232	2	0.105263
50251	50502	2	0.105263
50251	50246	2	0.105263
50251	50743	2	0.105263
50251	51441	2	0.105263
50251	51255	2	0.105263
50251	50904	4	0.210526
50251	51067	2	0.105263
50251	50301	2	0.105263
50251	50821	2	0.105263
50252	50305	494	0.500507
50252	51586	10	0.010132
50252	50565	494	0.500507
50252	50566	494	0.500507
50252	51599	494	0.500507
50252	51868	494	0.500507
50252	51869	494	0.500507
50252	51742	494	0.500507
50252	51107	494	0.500507
50252	50468	494	0.500507
50252	51110	494	0.500507
50252	51880	494	0.500507
50252	50857	494	0.500507
50252	50717	16	0.016211
50252	51172	494	0.500507
50252	51252	495	0.501520
50252	50974	988	1.001013
50252	51894	494	0.500507
50252	51136	494	0.500507
50252	50372	494	0.500507
50252	51023	494	0.500507
50252	51410	494	0.500507
50252	51541	494	0.500507
50252	50903	494	0.500507
50252	51428	494	0.500507
50252	51036	494	0.500507
50252	50528	494	0.500507
50252	50274	494	0.500507
50252	50659	494	0.500507
50252	51684	1556	1.576494
50252	51301	494	0.500507
50252	51819	494	0.500507
50252	51437	494	0.500507
50252	50557	494	0.500507
50252	50291	494	0.500507
50252	50427	494	0.500507
50252	50812	494	0.500507
50252	51837	494	0.500507
50252	51236	494	0.500507
50253	50594	1	0.001198
50253	51204	6	0.007186
50253	50631	1	0.001198
50253	50505	1	0.001198
50253	50571	1	0.001198
50253	50956	1	0.001198
50253	51938	1	0.001198
50253	50623	1	0.001198
50253	51357	1	0.001198
50253	50993	1	0.001198
50253	50933	1	0.001198
50253	50703	1	0.001198
50253	50267	1	0.001198
50253	51293	1	0.001198
50253	51615	1	0.001198
50254	51755	471	0.934524
50254	51076	471	0.934524
50254	51205	471	0.934524
50254	50310	471	0.934524
50254	51719	471	0.934524
50254	51209	471	0.934524
50254	50573	471	0.934524
50254	50319	471	0.934524
50254	51088	471	0.934524
50254	51857	471	0.934524
50254	51602	471	0.934524
50254	50307	471	0.934524
50254	51477	471	0.934524
50254	51703	471	0.934524
50254	50585	471	0.934524
50254	50587	471	0.934524
50254	50464	471	0.934524
50254	50971	471	0.934524
50254	51237	471	0.934524
50254	50470	471	0.934524
50254	50999	471	0.934524
50254	51368	471	0.934524
50254	50473	471	0.934524
50254	51754	471	0.934524
50254	50987	471	0.934524
50254	51372	471	0.934524
50254	51117	471	0.934524
50254	50607	471	0.934524
50254	51276	471	0.934524
50254	50609	471	0.934524
50254	51443	471	0.934524
50254	51166	471	0.934524
50254	50998	471	0.934524
50254	50359	471	0.934524
50254	50488	471	0.934524
50254	51003	471	0.934524
50254	51388	471	0.934524
50254	51647	471	0.934524
50254	50373	471	0.934524
50254	51143	471	0.934524
50254	51020	471	0.934524
50254	50271	471	0.934524
50254	50507	471	0.934524
50254	50764	471	0.934524
50254	51895	471	0.934524
50254	51534	471	0.934524
50254	51279	471	0.934524
50254	50897	471	0.934524
50254	51154	471	0.934524
50254	50516	471	0.934524
50254	51928	471	0.934524
50254	50895	471	0.934524
50254	51933	471	0.934524
50254	50782	471	0.934524
50254	51807	471	0.934524
50254	50400	471	0.934524
50254	51043	471	0.934524
50254	51812	471	0.934524
50254	51302	471	0.934524
50254	51686	471	0.934524
50254	50920	471	0.934524
50254	51004	471	0.934524
50254	51563	471	0.934524
50254	51308	471	0.934524
50254	51566	471	0.934524
50254	51184	471	0.934524
50254	50675	471	0.934524
50254	51446	471	0.934524
50254	51319	471	0.934524
50254	51347	471	0.934524
50254	50555	471	0.934524
50255	51778	2	0.006211
50255	51788	1	0.003106
50255	51586	6	0.018634
50255	50605	1	0.003106
50255	51252	3	0.009317
50255	50558	2	0.006211
50255	50623	2	0.006211
50258	51586	1	0.015625
50258	50631	1	0.015625
50260	51759	1	0.055556
50260	51767	2	0.111111
50260	51252	9	0.500000
50260	51887	1	0.055556
50261	51460	1	0.022727
50263	51272	25	0.117925
50264	50688	372	0.739563
50264	51489	372	0.739563
50264	51586	1	0.001988
50264	50403	372	0.739563
50264	50529	372	0.739563
50264	50824	372	0.739563
50264	50665	1	0.001988
50264	50255	9	0.017893
50264	51252	1	0.001988
50264	51881	1	0.001988
50264	51546	372	0.739563
50264	50383	1	0.001988
50264	50972	372	0.739563
50264	51357	2	0.003976
50267	50466	1	0.000542
50267	50755	1	0.000542
50267	51204	1	0.000542
50267	51877	4	0.002167
50267	51593	1	0.000542
50267	50954	1	0.000542
50267	51310	1	0.000542
50267	51695	1	0.000542
50267	50673	1	0.000542
50267	50546	5	0.002709
50267	51315	1	0.000542
50267	50868	10	0.005417
50267	51448	8	0.004334
50267	50623	1	0.000542
50267	51530	1	0.000542
50267	50495	1	0.000542
50269	51252	1	0.021277
50270	51484	1	0.002564
50270	51586	1	0.002564
50270	51252	12	0.030769
50270	51217	2	0.005128
50270	50255	31	0.079487
50271	51078	8	0.009889
50271	51755	707	0.873918
50271	51076	707	0.873918
50271	51205	707	0.873918
50271	50310	707	0.873918
50271	51719	707	0.873918
50271	51209	707	0.873918
50271	50573	707	0.873918
50271	50319	707	0.873918
50271	51088	707	0.873918
50271	51857	707	0.873918
50271	51602	707	0.873918
50271	50307	707	0.873918
50271	51477	707	0.873918
50271	51703	707	0.873918
50271	50585	707	0.873918
50271	50587	707	0.873918
50271	50464	707	0.873918
50271	50971	707	0.873918
50271	51237	707	0.873918
50271	50470	707	0.873918
50271	50999	707	0.873918
50271	51368	707	0.873918
50271	50473	707	0.873918
50271	51754	707	0.873918
50271	50987	707	0.873918
50271	51372	707	0.873918
50271	51117	707	0.873918
50271	50607	707	0.873918
50271	51276	707	0.873918
50271	50609	707	0.873918
50271	51443	707	0.873918
50271	51252	4	0.004944
50271	51166	707	0.873918
50271	50998	707	0.873918
50271	50359	707	0.873918
50271	50488	707	0.873918
50271	51003	707	0.873918
50271	51388	707	0.873918
50271	51647	707	0.873918
50271	50373	707	0.873918
50271	51143	707	0.873918
50271	51020	707	0.873918
50271	50507	707	0.873918
50271	50764	707	0.873918
50271	51895	707	0.873918
50271	51534	707	0.873918
50271	51279	707	0.873918
50271	50897	707	0.873918
50271	51154	707	0.873918
50271	50516	707	0.873918
50271	50254	707	0.873918
50271	51928	707	0.873918
50271	50895	707	0.873918
50271	51933	707	0.873918
50271	50782	707	0.873918
50271	51807	707	0.873918
50271	50400	707	0.873918
50271	51043	707	0.873918
50271	51812	707	0.873918
50271	51302	707	0.873918
50271	51686	707	0.873918
50271	50920	707	0.873918
50271	51004	707	0.873918
50271	51563	707	0.873918
50271	51308	707	0.873918
50271	51566	707	0.873918
50271	51184	707	0.873918
50271	50675	707	0.873918
50271	51446	707	0.873918
50271	51319	707	0.873918
50271	51347	707	0.873918
50271	50555	707	0.873918
50271	50815	10	0.012361
50273	51330	192	1.000000
50273	50757	192	1.000000
50273	50790	192	1.000000
50273	51112	192	1.000000
50273	50332	192	1.000000
50273	50733	192	1.000000
50273	50232	192	1.000000
50273	51252	3	0.015625
50273	51861	192	1.000000
50273	50754	4	0.020833
50273	51832	192	1.000000
50273	50809	192	1.000000
50273	51173	192	1.000000
50273	51164	192	1.000000
50273	51710	192	1.000000
50273	50885	192	1.000000
50274	50305	742	0.514563
50274	51428	742	0.514563
50274	50566	742	0.514563
50274	51599	742	0.514563
50274	51868	742	0.514563
50274	51869	742	0.514563
50274	51742	742	0.514563
50274	50565	742	0.514563
50274	51107	742	0.514563
50274	50468	742	0.514563
50274	51110	742	0.514563
50274	51880	742	0.514563
50274	50857	742	0.514563
50274	50717	24	0.016644
50274	51252	742	0.514563
50274	50974	1484	1.029126
50274	51894	742	0.514563
50274	51136	742	0.514563
50274	50372	742	0.514563
50274	50252	742	0.514563
50274	51023	742	0.514563
50274	51410	742	0.514563
50274	51541	742	0.514563
50274	50903	742	0.514563
50274	51172	742	0.514563
50274	51036	742	0.514563
50274	50528	742	0.514563
50274	50659	742	0.514563
50274	51684	3026	2.098474
50274	51301	742	0.514563
50274	51819	742	0.514563
50274	51437	742	0.514563
50274	50557	742	0.514563
50274	50291	742	0.514563
50274	50427	742	0.514563
50274	50812	742	0.514563
50274	51837	742	0.514563
50274	51236	742	0.514563
50275	51106	2	0.002584
50275	51779	12	0.015504
50275	50918	2	0.002584
50275	51587	26	0.033592
50275	50255	1	0.001292
50275	51315	2	0.002584
50275	51252	14	0.018088
50275	51381	2	0.002584
50275	50815	2	0.002584
50277	51778	3	0.003968
50277	51586	1	0.001323
50277	50631	2	0.002646
50280	50552	18	0.580645
50281	51624	31	1.148148
50281	50255	27	1.000000
50282	51252	4	0.129032
50283	51624	28	1.166667
50284	51252	1	0.011111
50284	51078	1	0.011111
50285	51779	2	0.000849
50285	51877	8	0.003396
50285	51369	1	0.000424
50285	51530	1	0.000424
50285	50255	1	0.000424
50285	51357	2	0.000849
50285	51315	2	0.000849
50285	51252	634	0.269100
50285	50357	4	0.001698
50285	51931	61	0.025891
50285	50954	1	0.000424
50285	50623	1	0.000424
50286	51328	1	0.001453
50286	51590	2	0.002907
50286	51208	1	0.001453
50286	50447	1	0.001453
50286	50458	2	0.002907
50286	51617	1	0.001453
50286	51746	2	0.002907
50286	51252	754	1.095930
50286	50616	2	0.002907
50286	51132	2	0.002907
50286	50370	2	0.002907
50286	51907	2	0.002907
50286	51524	2	0.002907
50286	50294	1	0.001453
50286	51654	4	0.005814
50286	51657	1	0.001453
50286	50382	4	0.005814
50286	50255	1	0.001453
50286	50513	1	0.001453
50286	50386	1	0.001453
50286	51027	2	0.002907
50286	50388	2	0.002907
50286	51287	2	0.002907
50286	51160	3	0.004360
50286	51343	809	1.175872
50286	50396	1	0.001453
50286	50913	2	0.002907
50286	50915	2	0.002907
50286	51025	1	0.001453
50286	51315	5	0.007267
50286	50805	1	0.001453
50286	50934	2	0.002907
50287	50380	2	0.014815
50287	51254	1	0.007407
50288	51482	245	4.803922
50288	51820	49	0.960784
50288	51586	6	0.117647
50288	50846	98	1.921569
50288	50815	2	0.039216
50289	51584	3	0.028302
50289	51586	37	0.349057
50289	50340	3	0.028302
50289	50631	19	0.179245
50289	51849	426	4.018868
50289	51881	20	0.188679
50289	50523	1	0.009434
50289	51613	8	0.075472
50289	50558	1	0.009434
50290	51586	20	0.042105
50290	51877	2	0.004211
50290	50855	1	0.002105
50290	51274	1	0.002105
50290	51106	1	0.002105
50290	51119	1	0.002105
50290	50576	1	0.002105
50290	50546	2	0.004211
50290	51507	1	0.002105
50290	51252	1	0.002105
50290	51474	1	0.002105
50290	51484	2	0.004211
50290	50558	2	0.004211
50290	50245	1	0.002105
50291	50305	2147	0.679001
50291	51428	2147	0.679001
50291	50566	2147	0.679001
50291	51599	2147	0.679001
50291	51868	2147	0.679001
50291	51869	2147	0.679001
50291	51742	2147	0.679001
50291	50565	2147	0.679001
50291	51107	2147	0.679001
50291	50468	2147	0.679001
50291	51110	2147	0.679001
50291	51880	2147	0.679001
50291	50857	2147	0.679001
50291	50717	24	0.007590
50291	51252	2215	0.700506
50291	50974	4294	1.358001
50291	51894	2147	0.679001
50291	51136	2147	0.679001
50291	50372	2147	0.679001
50291	50252	2147	0.679001
50291	51023	2147	0.679001
50291	51410	2147	0.679001
50291	51541	2147	0.679001
50291	50903	2147	0.679001
50291	51172	2147	0.679001
50291	51036	2147	0.679001
50291	51293	7	0.002214
50291	50528	2147	0.679001
50291	50274	2147	0.679001
50291	50659	2147	0.679001
50291	51684	8753	2.768185
50291	51301	2147	0.679001
50291	51819	2147	0.679001
50291	51437	2147	0.679001
50291	50557	2147	0.679001
50291	50427	2147	0.679001
50291	50812	2147	0.679001
50291	51837	2175	0.687856
50291	51236	2147	0.679001
50292	51842	18	0.666667
50293	51779	4	0.002686
50293	51369	2	0.001343
50293	51466	1	0.000672
50293	50255	1	0.000672
50293	51252	33	0.022163
50293	51931	56	0.037609
50294	50439	1	0.002681
50294	50728	5	0.013405
50294	51084	1	0.002681
50294	50286	4118	11.040214
50294	50255	1	0.002681
50294	51252	3	0.008043
50294	50623	1	0.002681
50294	50815	2	0.005362
50295	50560	1469	4.002725
50295	51732	2	0.005450
50295	51586	1	0.002725
50295	51252	376	1.024523
50295	50255	367	1.000000
50297	50455	2	0.005333
50297	51877	3	0.008000
50297	50343	2	0.005333
50297	51349	375	1.000000
50297	51341	6	0.016000
50298	51777	9	0.310345
50299	51484	1	0.008197
50299	51779	2	0.016393
50299	51252	22	0.180328
50301	50904	4	0.222222
50302	51203	1	0.043478
50302	50762	1	0.043478
50302	51802	1	0.043478
50302	50890	1	0.043478
50302	51467	2	0.086957
50302	51822	1	0.043478
50302	50884	1	0.043478
50302	51897	1	0.043478
50302	50457	1	0.043478
50302	50682	2	0.086957
50302	50250	1	0.043478
50303	50560	129	4.031250
50303	51252	96	3.000000
50304	51252	2	0.055556
50305	51428	702	0.527027
50305	50566	702	0.527027
50305	51599	702	0.527027
50305	51868	702	0.527027
50305	51869	702	0.527027
50305	51742	702	0.527027
50305	50565	702	0.527027
50305	51107	702	0.527027
50305	50468	702	0.527027
50305	51110	702	0.527027
50305	51880	702	0.527027
50305	50857	702	0.527027
50305	50717	18	0.013514
50305	51252	702	0.527027
50305	50974	1404	1.054054
50305	51894	702	0.527027
50305	51136	702	0.527027
50305	50372	702	0.527027
50305	50252	702	0.527027
50305	51023	702	0.527027
50305	51410	702	0.527027
50305	51541	702	0.527027
50305	50903	702	0.527027
50305	51172	702	0.527027
50305	50255	2	0.001502
50305	51036	702	0.527027
50305	50528	702	0.527027
50305	50274	702	0.527027
50305	50659	702	0.527027
50305	51684	2296	1.723724
50305	51301	702	0.527027
50305	50918	11	0.008258
50305	51819	702	0.527027
50305	51437	702	0.527027
50305	50557	702	0.527027
50305	51698	2	0.001502
50305	50291	702	0.527027
50305	50427	702	0.527027
50305	50812	702	0.527027
50305	51837	702	0.527027
50305	51236	702	0.527027
50306	50338	287	6.239130
50306	50918	1	0.021739
50306	50255	1	0.021739
50307	51078	74	0.073340
50307	51586	3	0.002973
50307	51755	674	0.667988
50307	51076	674	0.667988
50307	51205	674	0.667988
50307	50310	674	0.667988
50307	51719	674	0.667988
50307	51209	674	0.667988
50307	50573	674	0.667988
50307	50319	674	0.667988
50307	51088	674	0.667988
50307	51857	674	0.667988
50307	51602	674	0.667988
50307	51347	674	0.667988
50307	51477	674	0.667988
50307	51703	674	0.667988
50307	50585	674	0.667988
50307	50587	674	0.667988
50307	51357	7	0.006938
50307	50464	674	0.667988
50307	50971	674	0.667988
50307	51237	674	0.667988
50307	50470	674	0.667988
50307	50999	674	0.667988
50307	51368	674	0.667988
50307	50473	674	0.667988
50307	51754	674	0.667988
50307	50987	674	0.667988
50307	51372	674	0.667988
50307	51117	674	0.667988
50307	50607	674	0.667988
50307	51276	674	0.667988
50307	50609	674	0.667988
50307	51443	674	0.667988
50307	51252	4	0.003964
50307	51166	674	0.667988
50307	50998	674	0.667988
50307	50359	674	0.667988
50307	50488	674	0.667988
50307	51003	674	0.667988
50307	51388	674	0.667988
50307	51647	674	0.667988
50307	50373	674	0.667988
50307	51143	674	0.667988
50307	51020	674	0.667988
50307	50271	674	0.667988
50307	50507	674	0.667988
50307	50764	674	0.667988
50307	51895	674	0.667988
50307	51534	674	0.667988
50307	51279	674	0.667988
50307	50897	674	0.667988
50307	51154	674	0.667988
50307	50516	674	0.667988
50307	50254	674	0.667988
50307	51928	674	0.667988
50307	50895	674	0.667988
50307	51933	674	0.667988
50307	50782	674	0.667988
50307	51807	674	0.667988
50307	50400	674	0.667988
50307	51043	674	0.667988
50307	51812	674	0.667988
50307	51302	674	0.667988
50307	51686	674	0.667988
50307	50920	696	0.689792
50307	51004	674	0.667988
50307	51563	674	0.667988
50307	51308	674	0.667988
50307	51566	674	0.667988
50307	51184	674	0.667988
50307	50675	674	0.667988
50307	51446	674	0.667988
50307	51319	674	0.667988
50307	50555	674	0.667988
50308	50745	1	0.001185
50308	50939	24	0.028436
50308	51252	4	0.004739
50309	50745	108	0.110542
50309	50939	30	0.030706
50309	51252	2	0.002047
50310	51598	10	0.005737
50310	51755	1278	0.733219
50310	51076	1278	0.733219
50310	51205	1278	0.733219
50310	51078	125	0.071715
50310	51719	1278	0.733219
50310	51209	1278	0.733219
50310	50573	1278	0.733219
50310	51407	15	0.008606
50310	50319	1278	0.733219
50310	51088	1278	0.733219
50310	51857	1278	0.733219
50310	51602	1278	0.733219
50310	50307	1278	0.733219
50310	51477	1278	0.733219
50310	51703	1278	0.733219
50310	50585	1278	0.733219
50310	50587	1278	0.733219
50310	50464	1278	0.733219
50310	50971	1278	0.733219
50310	51237	1278	0.733219
50310	50470	1278	0.733219
50310	50999	1278	0.733219
50310	51368	1278	0.733219
50310	50473	1278	0.733219
50310	51754	1278	0.733219
50310	50987	1278	0.733219
50310	51372	1278	0.733219
50310	51117	1278	0.733219
50310	50607	1278	0.733219
50310	51276	1278	0.733219
50310	50609	1278	0.733219
50310	51443	1278	0.733219
50310	51252	2	0.001147
50310	51166	1278	0.733219
50310	50998	1278	0.733219
50310	50359	1278	0.733219
50310	50488	1278	0.733219
50310	51003	1278	0.733219
50310	51388	1278	0.733219
50310	51647	1278	0.733219
50310	51779	5	0.002869
50310	50373	1278	0.733219
50310	51143	1278	0.733219
50310	51020	1278	0.733219
50310	50271	1278	0.733219
50310	50507	1278	0.733219
50310	50764	1278	0.733219
50310	51895	1278	0.733219
50310	51534	1278	0.733219
50310	51279	1278	0.733219
50310	50897	1278	0.733219
50310	51154	1278	0.733219
50310	50516	1278	0.733219
50310	50254	1278	0.733219
50310	51928	1278	0.733219
50310	50895	1278	0.733219
50310	51933	1278	0.733219
50310	50782	1278	0.733219
50310	51807	1278	0.733219
50310	50400	1295	0.742972
50310	51043	1278	0.733219
50310	51812	1278	0.733219
50310	51302	1278	0.733219
50310	51686	1278	0.733219
50310	50920	1278	0.733219
50310	51004	1278	0.733219
50310	50255	5	0.002869
50310	51563	1278	0.733219
50310	51308	1278	0.733219
50310	51566	1278	0.733219
50310	51184	1278	0.733219
50310	50675	1278	0.733219
50310	51446	1278	0.733219
50310	51319	1278	0.733219
50310	51347	1278	0.733219
50310	50555	1278	0.733219
50311	51230	2	1.000000
50317	51344	2	0.032787
50317	51586	4	0.065574
50317	50371	4	0.065574
50317	51877	1	0.016393
50317	51905	1	0.016393
50317	51698	1	0.016393
50317	50858	1	0.016393
50317	51565	1	0.016393
50317	51357	1	0.016393
50317	50576	1	0.016393
50317	50577	2	0.032787
50317	51779	4	0.065574
50317	50899	2	0.032787
50317	51252	3	0.049180
50317	51191	2	0.032787
50317	51032	2	0.032787
50317	51066	1	0.016393
50317	51484	9	0.147541
50317	51613	4	0.065574
50318	51522	29	2.071429
50319	51078	30	0.036585
50319	51755	605	0.737805
50319	51076	605	0.737805
50319	51205	605	0.737805
50319	50310	605	0.737805
50319	51719	605	0.737805
50319	51209	605	0.737805
50319	50573	605	0.737805
50319	51088	605	0.737805
50319	51857	605	0.737805
50319	51602	605	0.737805
50319	50307	605	0.737805
50319	51477	605	0.737805
50319	51703	605	0.737805
50319	50585	605	0.737805
50319	50587	605	0.737805
50319	50464	605	0.737805
50319	50971	605	0.737805
50319	51237	605	0.737805
50319	50470	605	0.737805
50319	50999	605	0.737805
50319	51368	605	0.737805
50319	50473	605	0.737805
50319	51754	605	0.737805
50319	50987	605	0.737805
50319	51372	605	0.737805
50319	51117	605	0.737805
50319	50623	4	0.004878
50319	50607	605	0.737805
50319	51276	605	0.737805
50319	50609	605	0.737805
50319	51443	605	0.737805
50319	51252	42	0.051220
50319	51166	605	0.737805
50319	50998	605	0.737805
50319	50359	605	0.737805
50319	50488	605	0.737805
50319	51003	605	0.737805
50319	51388	605	0.737805
50319	51647	605	0.737805
50319	51877	1	0.001220
50319	50373	605	0.737805
50319	51143	605	0.737805
50319	51020	605	0.737805
50319	50271	605	0.737805
50319	50507	605	0.737805
50319	50764	605	0.737805
50319	51895	605	0.737805
50319	51534	605	0.737805
50319	51279	605	0.737805
50319	50897	605	0.737805
50319	51154	605	0.737805
50319	50516	605	0.737805
50319	50254	605	0.737805
50319	51928	605	0.737805
50319	50918	9	0.010976
50319	50895	605	0.737805
50319	51933	605	0.737805
50319	50782	605	0.737805
50319	51807	605	0.737805
50319	50400	605	0.737805
50319	51043	605	0.737805
50319	51812	605	0.737805
50319	51302	605	0.737805
50319	51686	605	0.737805
50319	50920	605	0.737805
50319	51004	605	0.737805
50319	51563	605	0.737805
50319	51308	605	0.737805
50319	51566	605	0.737805
50319	51184	605	0.737805
50319	51496	2	0.002439
50319	51698	1	0.001220
50319	50675	605	0.737805
50319	51446	605	0.737805
50319	51319	605	0.737805
50319	51347	605	0.737805
50319	50555	605	0.737805
50320	50552	18	0.642857
50322	51779	4	1.000000
50322	50916	640	160.000000
50322	50577	4	1.000000
50322	50558	4	1.000000
50322	51448	4	1.000000
50322	50270	4	1.000000
50323	51698	1	0.003333
50323	51636	2	0.006667
50328	51777	18	0.030354
50328	50530	593	1.000000
50328	51773	3	0.005059
50328	50535	593	1.000000
50329	51593	2	0.040000
50329	51482	250	5.000000
50329	51820	50	1.000000
50329	51586	4	0.080000
50329	50846	100	2.000000
50330	51105	2	0.083333
50330	51252	24	1.000000
50331	51233	28	1.000000
50331	50822	28	1.000000
50331	50983	28	1.000000
50331	50509	28	1.000000
50331	50877	28	1.000000
50331	51806	28	1.000000
50331	51455	28	1.000000
50332	50273	367	1.000000
50332	51330	367	1.000000
50332	50757	367	1.000000
50332	50790	368	1.002725
50332	51112	367	1.000000
50332	51877	3	0.008174
50332	50815	1	0.002725
50332	51668	1	0.002725
50332	50733	367	1.000000
50332	51252	3	0.008174
50332	50255	1	0.002725
50332	50232	367	1.000000
50332	51315	1	0.002725
50332	50754	45	0.122616
50332	51861	367	1.000000
50332	51832	367	1.000000
50332	50809	367	1.000000
50332	51173	367	1.000000
50332	51164	367	1.000000
50332	51710	367	1.000000
50332	50885	367	1.000000
50333	51038	1	1.000000
50334	51106	2	0.002584
50334	51779	12	0.015504
50334	50918	2	0.002584
50334	51587	26	0.033592
50334	50255	1	0.001292
50334	51315	2	0.002584
50334	51252	14	0.018088
50334	51381	2	0.002584
50334	50815	2	0.002584
50335	51451	58	0.828571
50335	50918	1	0.014286
50335	50815	1	0.014286
50336	51252	28	1.076923
50336	51284	29	1.115385
50336	50255	26	1.000000
50338	50304	1	0.009615
50338	50306	92	0.884615
50338	51727	1	0.009615
50338	50584	92	0.884615
50338	51484	1	0.009615
50338	51876	92	0.884615
50338	51116	92	0.884615
50338	50479	92	0.884615
50338	51252	215	2.067308
50338	51001	1	0.009615
50338	51645	1	0.009615
50338	51779	3	0.028846
50338	50899	1	0.009615
50338	51029	92	0.884615
50338	51927	92	0.884615
50338	51168	92	0.884615
50338	51041	92	0.884615
50338	50796	1	0.009615
50338	50546	2	0.019231
50338	51188	92	0.884615
50338	51445	92	0.884615
50338	50815	1	0.009615
50339	51252	3	0.003576
50340	51104	2	0.014815
50340	51905	1	0.007407
50340	51586	4	0.029630
50340	51779	2	0.014815
50340	51332	2	0.014815
50340	50405	2	0.014815
50340	50600	1	0.007407
50340	51016	1	0.007407
50340	51881	6757	50.051852
50340	50605	1	0.007407
50340	50576	47	0.348148
50340	50856	2	0.014815
50340	51507	1	0.007407
50340	51636	89	0.659259
50340	50921	2	0.014815
50340	51613	47	0.348148
50342	51252	19	0.463415
50343	51668	2	0.006826
50343	51349	295	1.006826
50343	51326	2	0.006826
50345	51593	3	0.001098
50345	51084	2	0.000732
50345	51598	137	0.050128
50345	50577	1	0.000366
50345	50755	3	0.001098
50345	51865	1	0.000366
50345	51357	4	0.001464
50345	51877	1	0.000366
50345	51496	2	0.000732
50345	50601	22872	8.368825
50345	50482	1	0.000366
50345	51636	1	0.000366
50345	50869	4	0.001464
50345	51252	2007	0.734358
50345	50623	4	0.001464
50345	51779	6	0.002195
50345	51530	2	0.000732
50345	51787	2	0.000732
50345	51788	4	0.001464
50345	50255	1	0.000366
50345	51298	2	0.000732
50345	50918	2	0.000732
50345	51310	1	0.000366
50345	51695	1	0.000366
50345	50546	2	0.000732
50345	51315	4	0.001464
50345	50507	1	0.000366
50345	50815	13	0.004757
50347	51842	33	0.868421
50348	51106	2	0.002581
50348	51779	12	0.015484
50348	50918	2	0.002581
50348	51587	26	0.033548
50348	50255	1	0.001290
50348	51315	2	0.002581
50348	51252	14	0.018065
50348	51381	2	0.002581
50348	50815	2	0.002581
50349	51460	1	0.032258
50350	51252	12	0.631579
50351	50817	37387	14.604297
50351	51298	1	0.000391
50351	51779	7	0.002734
50351	50404	2	0.000781
50351	51877	2	0.000781
50351	50918	2	0.000781
50351	50465	1	0.000391
50351	51208	1	0.000391
50351	50921	2	0.000781
50351	50567	1	0.000391
50351	50829	2	0.000781
50351	51586	1	0.000391
50351	50255	7	0.002734
50351	50290	2	0.000781
50351	51252	2162	0.844531
50351	50968	3	0.001172
50351	50815	3	0.001172
50351	51357	2	0.000781
50351	50623	2	0.000781
50354	50939	56	0.070618
50355	51586	16	0.013829
50355	51332	1	0.000864
50355	50567	1	0.000864
50355	51344	6	0.005186
50355	51217	13	0.011236
50355	50975	2	0.001729
50355	51745	2	0.001729
50355	51106	2	0.001729
50355	50340	1	0.000864
50355	51877	2	0.001729
50355	51881	1	0.000864
50355	50858	4	0.003457
50355	51119	3	0.002593
50355	51507	1	0.000864
50355	50868	6	0.005186
50355	50623	14	0.012100
50355	51905	1	0.000864
50355	51779	40	0.034572
50355	50631	1	0.000864
50355	51272	2	0.001729
50355	51147	1	0.000864
50355	51277	1	0.000864
50355	50899	1	0.000864
50355	51671	2	0.001729
50355	51937	1	0.000864
50355	51938	5	0.004322
50355	51565	19	0.016422
50355	51698	3	0.002593
50355	50933	2	0.001729
50355	51448	4	0.003457
50357	51905	1	0.016129
50357	51586	5	0.080645
50357	51877	1	0.016129
50357	50465	1	0.016129
50357	51466	1	0.016129
50357	50475	1	0.016129
50357	51565	1	0.016129
50357	51277	1	0.016129
50357	51357	2	0.032258
50357	51252	1	0.016129
50357	51671	1	0.016129
50357	51938	1	0.016129
50357	51613	1	0.016129
50357	51106	1	0.016129
50359	51078	10	0.010132
50359	51755	644	0.652482
50359	51076	644	0.652482
50359	51205	644	0.652482
50359	50310	644	0.652482
50359	51719	644	0.652482
50359	51209	644	0.652482
50359	50573	644	0.652482
50359	50319	644	0.652482
50359	51088	644	0.652482
50359	51857	644	0.652482
50359	51602	644	0.652482
50359	50307	644	0.652482
50359	51477	644	0.652482
50359	51703	644	0.652482
50359	50585	644	0.652482
50359	50587	644	0.652482
50359	50464	644	0.652482
50359	50971	644	0.652482
50359	51237	644	0.652482
50359	50470	644	0.652482
50359	50999	644	0.652482
50359	51368	644	0.652482
50359	50473	644	0.652482
50359	51754	644	0.652482
50359	50987	644	0.652482
50359	51372	644	0.652482
50359	51117	644	0.652482
50359	50607	644	0.652482
50359	51276	644	0.652482
50359	50609	644	0.652482
50359	51443	644	0.652482
50359	51252	2	0.002026
50359	51166	644	0.652482
50359	50998	644	0.652482
50359	51895	644	0.652482
50359	50488	644	0.652482
50359	51003	644	0.652482
50359	51388	644	0.652482
50359	51647	644	0.652482
50359	50373	644	0.652482
50359	51143	644	0.652482
50359	51020	644	0.652482
50359	50271	644	0.652482
50359	50507	644	0.652482
50359	50764	644	0.652482
50359	51534	644	0.652482
50359	51279	644	0.652482
50359	50897	644	0.652482
50359	51154	644	0.652482
50359	50516	644	0.652482
50359	50254	644	0.652482
50359	51928	644	0.652482
50359	50895	644	0.652482
50359	51933	644	0.652482
50359	50782	644	0.652482
50359	51807	644	0.652482
50359	50400	644	0.652482
50359	51043	644	0.652482
50359	51812	644	0.652482
50359	51302	644	0.652482
50359	51686	644	0.652482
50359	50920	644	0.652482
50359	51004	644	0.652482
50359	51563	644	0.652482
50359	51308	644	0.652482
50359	51566	644	0.652482
50359	51184	644	0.652482
50359	50675	644	0.652482
50359	51446	644	0.652482
50359	51319	644	0.652482
50359	51347	644	0.652482
50359	50555	644	0.652482
50360	50416	1	0.125000
50360	51066	1	0.125000
50360	50755	1	0.125000
50360	51636	1	0.125000
50360	50671	3	0.375000
50365	50465	2	0.044444
50365	51482	225	5.000000
50365	51820	45	1.000000
50365	51586	4	0.088889
50365	50846	90	2.000000
50367	51106	2	0.002584
50367	51779	12	0.015504
50367	50918	2	0.002584
50367	51587	26	0.033592
50367	50255	1	0.001292
50367	51315	2	0.002584
50367	51252	14	0.018088
50367	51381	2	0.002584
50367	50815	2	0.002584
50370	50286	3038	9.993421
50372	50305	2229	0.706946
50372	51428	2229	0.706946
50372	50566	2229	0.706946
50372	51599	2229	0.706946
50372	51868	2229	0.706946
50372	51869	2229	0.706946
50372	51742	2229	0.706946
50372	50565	2229	0.706946
50372	51107	2229	0.706946
50372	50468	2229	0.706946
50372	51110	2229	0.706946
50372	51880	2229	0.706946
50372	50857	2229	0.706946
50372	50717	30	0.009515
50372	51252	2229	0.706946
50372	50974	4458	1.413892
50372	51894	2229	0.706946
50372	51136	2229	0.706946
50372	50252	2229	0.706946
50372	51023	2229	0.706946
50372	51410	2229	0.706946
50372	51541	2229	0.706946
50372	50903	2229	0.706946
50372	51172	2229	0.706946
50372	50255	6	0.001903
50372	51036	2229	0.706946
50372	51293	6	0.001903
50372	50528	2229	0.706946
50372	50274	2229	0.706946
50372	50659	2229	0.706946
50372	51684	6838	2.168728
50372	51301	2229	0.706946
50372	51819	2229	0.706946
50372	51437	2229	0.706946
50372	50557	2229	0.706946
50372	50291	2229	0.706946
50372	50427	2229	0.706946
50372	50812	2229	0.706946
50372	51837	2229	0.706946
50372	51236	2229	0.706946
50373	51078	54	0.418605
50373	51755	124	0.961240
50373	51076	124	0.961240
50373	51205	124	0.961240
50373	50310	124	0.961240
50373	51719	124	0.961240
50373	51209	124	0.961240
50373	50573	124	0.961240
50373	50319	124	0.961240
50373	51088	124	0.961240
50373	51857	124	0.961240
50373	51602	124	0.961240
50373	50307	124	0.961240
50373	51477	124	0.961240
50373	51703	124	0.961240
50373	50585	124	0.961240
50373	50587	124	0.961240
50373	50464	124	0.961240
50373	50971	124	0.961240
50373	51237	124	0.961240
50373	50470	124	0.961240
50373	50999	124	0.961240
50373	51368	124	0.961240
50373	50473	124	0.961240
50373	51754	124	0.961240
50373	50987	124	0.961240
50373	51372	124	0.961240
50373	51117	124	0.961240
50373	50607	124	0.961240
50373	51276	124	0.961240
50373	50609	124	0.961240
50373	51443	124	0.961240
50373	51252	12	0.093023
50373	51166	124	0.961240
50373	50998	124	0.961240
50373	50359	124	0.961240
50373	50488	124	0.961240
50373	51003	124	0.961240
50373	51388	124	0.961240
50373	51647	124	0.961240
50373	51143	124	0.961240
50373	51020	124	0.961240
50373	50271	124	0.961240
50373	50507	124	0.961240
50373	50764	125	0.968992
50373	51895	124	0.961240
50373	51534	124	0.961240
50373	51279	124	0.961240
50373	50897	124	0.961240
50373	51154	124	0.961240
50373	50516	124	0.961240
50373	50254	124	0.961240
50373	51928	124	0.961240
50373	50895	124	0.961240
50373	51933	124	0.961240
50373	50782	124	0.961240
50373	51807	124	0.961240
50373	50400	124	0.961240
50373	51043	124	0.961240
50373	51812	124	0.961240
50373	51302	124	0.961240
50373	51686	124	0.961240
50373	50920	124	0.961240
50373	51004	124	0.961240
50373	51563	124	0.961240
50373	51308	124	0.961240
50373	51566	124	0.961240
50373	51184	124	0.961240
50373	50675	124	0.961240
50373	51446	124	0.961240
50373	51319	124	0.961240
50373	51347	124	0.961240
50373	50555	124	0.961240
50375	51842	33	0.868421
50376	51449	2	2.000000
50376	51286	2	2.000000
50376	51830	2	2.000000
50376	50646	2	2.000000
50377	51272	2	0.038462
50378	51252	2	0.002381
50379	50560	769	8.010417
50379	51252	142	1.479167
50379	50255	96	1.000000
50380	50465	1	0.003289
50380	51586	3	0.009868
50380	50787	1	0.003289
50380	50340	1	0.003289
50380	51877	1	0.003289
50380	50567	1	0.003289
50380	51881	6	0.019737
50380	50858	3	0.009868
50380	51277	1	0.003289
50380	50287	2	0.006579
50380	51698	1	0.003289
50380	50868	8	0.026316
50380	51254	3	0.009868
50380	51778	1	0.003289
50380	51332	2	0.006579
50380	50618	1	0.003289
50380	50623	1	0.003289
50380	51613	2	0.006579
50380	50558	1	0.003289
50380	50975	9	0.029605
50381	51221	1	0.020833
50382	51315	1	0.004219
50382	50910	3	0.012658
50382	50286	2139	9.025316
50382	50447	1	0.004219
50383	50690	144	3.512195
50383	51779	2	0.048780
50383	51559	3	0.073171
50383	51874	144	3.512195
50383	50255	1	0.024390
50383	51252	29	0.707317
50383	50239	144	3.512195
50386	50286	816	8.000000
50388	50286	1234	8.012987
50389	50290	1	0.030303
50389	51598	1	0.030303
50390	50817	37137	15.676235
50390	51298	1	0.000422
50390	51779	7	0.002955
50390	50404	2	0.000844
50390	51877	2	0.000844
50390	50918	2	0.000844
50390	50465	1	0.000422
50390	51208	1	0.000422
50390	50921	2	0.000844
50390	50567	1	0.000422
50390	50829	2	0.000844
50390	51586	1	0.000422
50390	50255	7	0.002955
50390	50290	2	0.000844
50390	51252	2160	0.911777
50390	50968	3	0.001266
50390	50623	2	0.000844
50390	51357	2	0.000844
50390	50815	3	0.001266
50392	50552	21	0.724138
50393	51624	56	1.076923
50396	50286	1016	8.000000
50400	51078	12	0.016997
50400	51032	4	0.005666
50400	51755	699	0.990085
50400	51076	699	0.990085
50400	51205	699	0.990085
50400	50310	699	0.990085
50400	51719	699	0.990085
50400	51209	699	0.990085
50400	50573	699	0.990085
50400	51598	3	0.004249
50400	50319	699	0.990085
50400	51088	699	0.990085
50400	51857	699	0.990085
50400	51602	699	0.990085
50400	50307	699	0.990085
50400	51477	699	0.990085
50400	51703	699	0.990085
50400	50585	699	0.990085
50400	50587	699	0.990085
50400	50464	699	0.990085
50400	50971	699	0.990085
50400	51237	699	0.990085
50400	50470	699	0.990085
50400	50999	701	0.992918
50400	51368	699	0.990085
50400	50473	699	0.990085
50400	51754	699	0.990085
50400	50987	699	0.990085
50400	51372	699	0.990085
50400	51117	699	0.990085
50400	50607	699	0.990085
50400	51276	699	0.990085
50400	50609	699	0.990085
50400	51443	699	0.990085
50400	51252	4	0.005666
50400	51166	699	0.990085
50400	50998	699	0.990085
50400	50359	699	0.990085
50400	50488	699	0.990085
50400	51003	699	0.990085
50400	51388	699	0.990085
50400	51647	699	0.990085
50400	50373	699	0.990085
50400	51143	699	0.990085
50400	51020	699	0.990085
50400	50271	699	0.990085
50400	50507	699	0.990085
50400	50764	699	0.990085
50400	51895	699	0.990085
50400	51534	699	0.990085
50400	51279	699	0.990085
50400	50897	699	0.990085
50400	51154	699	0.990085
50400	50516	699	0.990085
50400	50254	699	0.990085
50400	51928	699	0.990085
50400	50895	699	0.990085
50400	51933	699	0.990085
50400	50782	699	0.990085
50400	51807	699	0.990085
50400	51043	699	0.990085
50400	51812	699	0.990085
50400	51302	699	0.990085
50400	51686	699	0.990085
50400	50920	699	0.990085
50400	51004	699	0.990085
50400	51563	699	0.990085
50400	51308	699	0.990085
50400	51566	699	0.990085
50400	51184	699	0.990085
50400	50675	699	0.990085
50400	51446	699	0.990085
50400	51319	699	0.990085
50400	51586	1	0.001416
50400	51347	699	0.990085
50400	50555	699	0.990085
50401	50904	5	0.172414
50403	50688	282	0.623894
50403	51489	282	0.623894
50403	51586	1	0.002212
50403	50529	282	0.623894
50403	50824	282	0.623894
50403	51252	1	0.002212
50403	50264	282	0.623894
50403	51546	282	0.623894
50403	50972	282	0.623894
50403	51357	2	0.004425
50404	50817	3	0.004093
50404	51586	1	0.001364
50404	51204	6	0.008186
50404	51593	2	0.002729
50404	50954	1	0.001364
50404	51084	1	0.001364
50404	51341	3	0.004093
50404	51779	1	0.001364
50404	51613	8	0.010914
50404	50465	1	0.001364
50404	51877	4	0.005457
50404	50728	1	0.001364
50404	51881	11	0.015007
50404	51114	1	0.001364
50404	50868	1	0.001364
50404	50623	25	0.034106
50404	50755	1	0.001364
50404	51530	1	0.001364
50404	50899	1	0.001364
50404	50921	1	0.001364
50404	51310	3	0.004093
50404	51315	1	0.001364
50404	51448	2	0.002729
50404	50815	13	0.017735
50405	50816	3	0.006369
50405	51586	24	0.050955
50405	51332	11	0.023355
50405	51565	2	0.004246
50405	51344	3	0.006369
50405	51729	2	0.004246
50405	51482	2	0.004246
50405	51613	13	0.027601
50405	50846	3	0.006369
50405	50975	17	0.036093
50405	50340	6	0.012739
50405	51881	7	0.014862
50405	51505	2	0.004246
50405	51636	7	0.014862
50405	50868	10	0.021231
50405	50623	4	0.008493
50405	51778	15	0.031847
50405	51779	22	0.046709
50405	51277	1	0.002123
50405	51821	2	0.004246
50405	50258	6	0.012739
50405	50899	1	0.002123
50405	50910	6	0.012739
50405	50577	8	0.016985
50405	50898	6	0.012739
50405	50286	2	0.004246
50405	51698	25	0.053079
50405	51315	5	0.010616
50405	50550	3	0.006369
50405	51448	41	0.087049
50405	50558	4	0.008493
50406	51252	44	1.000000
50406	51662	2	0.045455
50408	50255	2	0.250000
50410	51779	2	0.001118
50410	51877	2	0.001118
50410	50623	3	0.001677
50410	50255	3	0.001677
50410	51252	21	0.011738
50410	50357	4	0.002236
50410	51369	1	0.000559
50410	51931	25	0.013974
50410	51357	2	0.001118
50410	50815	6	0.003354
50412	51842	27	0.729730
50415	50889	1	0.041667
50416	51779	3	0.030928
50416	50623	2	0.020619
50416	50671	187	1.927835
50417	50817	37107	15.320809
50417	51298	1	0.000413
50417	51779	7	0.002890
50417	50404	2	0.000826
50417	51877	2	0.000826
50417	50918	2	0.000826
50417	50465	1	0.000413
50417	51208	1	0.000413
50417	50921	2	0.000826
50417	50567	1	0.000413
50417	50829	2	0.000826
50417	51586	1	0.000413
50417	50255	7	0.002890
50417	50290	2	0.000826
50417	51252	2155	0.889761
50417	50968	3	0.001239
50417	50623	2	0.000826
50417	51357	2	0.000826
50417	50815	3	0.001239
50418	51424	429	0.655963
50418	50594	2	0.003058
50418	51429	429	0.655963
50418	50726	429	0.655963
50418	51531	429	0.655963
50418	50734	429	0.655963
50418	50610	429	0.655963
50418	50452	429	0.655963
50418	51514	429	0.655963
50418	50714	429	0.655963
50420	50560	83	1.976190
50421	50465	2	0.050000
50422	51196	1	0.032258
50422	51252	2	0.064516
50422	50917	10	0.322581
50424	51315	1	0.016667
50424	50755	1	0.016667
50424	51877	1	0.016667
50424	51593	1	0.016667
50424	50954	1	0.016667
50424	51084	1	0.016667
50424	51341	1	0.016667
50424	51310	1	0.016667
50424	51779	4	0.066667
50424	51252	4	0.066667
50424	50968	1	0.016667
50424	51530	1	0.016667
50424	50623	1	0.016667
50425	50816	2	0.002077
50425	50465	10	0.010384
50425	51586	516	0.535826
50425	51332	2	0.002077
50425	51778	6	0.006231
50425	51056	4	0.004154
50425	51698	498	0.517134
50425	50868	8	0.008307
50425	50421	4	0.004154
50425	51448	20	0.020768
50425	51482	2	0.002077
50425	50558	2	0.002077
50425	50940	2	0.002077
50425	51613	4	0.004154
50425	50846	2	0.002077
50425	50975	2	0.002077
50426	51881	1	0.001637
50427	50305	20224	0.853117
50427	51428	20224	0.853117
50427	50566	20224	0.853117
50427	51599	20224	0.853117
50427	51868	20224	0.853117
50427	51869	20224	0.853117
50427	51742	20224	0.853117
50427	50565	20224	0.853117
50427	51107	20224	0.853117
50427	50468	20224	0.853117
50427	51877	85	0.003586
50427	51110	20224	0.853117
50427	51880	20224	0.853117
50427	50857	20224	0.853117
50427	50717	230	0.009702
50427	51252	20267	0.854931
50427	50974	40448	1.706235
50427	51894	20224	0.853117
50427	51136	20224	0.853117
50427	50372	20224	0.853117
50427	50252	20224	0.853117
50427	50253	86	0.003628
50427	51023	20224	0.853117
50427	51410	20224	0.853117
50427	51541	20224	0.853117
50427	50903	20224	0.853117
50427	51172	20224	0.853117
50427	51036	20224	0.853117
50427	50528	20224	0.853117
50427	50274	20224	0.853117
50427	50659	20224	0.853117
50427	51684	41488	1.750105
50427	51301	20224	0.853117
50427	51819	20224	0.853117
50427	51437	20224	0.853117
50427	50557	20224	0.853117
50427	50291	20224	0.853117
50427	50815	206	0.008690
50427	50812	20224	0.853117
50427	51837	20224	0.853117
50427	51236	20224	0.853117
50428	50745	1	0.001236
50430	51779	1	0.076923
50432	50939	1	0.001160
50432	51252	2	0.002320
50434	50576	3	0.600000
50434	51586	1	0.200000
50434	51357	2	0.400000
50436	51794	30	7.500000
50436	51779	2	0.500000
50436	51252	2	0.500000
50437	51505	3	0.115385
50438	51252	2	0.016129
50438	50508	6326	51.016129
50438	51877	2	0.016129
50438	50558	2	0.016129
50438	51577	2	0.016129
50440	51200	136	0.298901
50440	51201	2	0.004396
50440	51213	5	0.010989
50440	50255	18	0.039560
50440	51252	29	0.063736
50440	50715	14	0.030769
50440	51678	66	0.145055
50440	50815	2	0.004396
50441	51252	3	0.375000
50442	51252	4	0.001074
50442	51940	13	0.003490
50442	51877	12	0.003221
50443	51252	3	0.022388
50444	51777	11	0.157143
50444	50255	5	0.071429
50445	51252	31	0.885714
50445	51030	31	0.885714
50446	51779	6	0.006048
50446	51208	1	0.001008
50446	51315	2	0.002016
50446	50900	35	0.035282
50446	51252	663	0.668347
50446	51484	2	0.002016
50447	50755	9	0.040000
50447	51204	252	1.120000
50447	51877	9	0.040000
50447	51593	6	0.026667
50447	51530	3	0.013333
50447	51341	9	0.040000
50447	51310	6	0.026667
50447	51217	2	0.008889
50447	51315	9	0.040000
50447	50868	1	0.004444
50447	51252	8	0.035556
50447	50523	12	0.053333
50447	50815	1	0.004444
50447	51466	8	0.035556
50447	50623	6	0.026667
50450	51252	1	0.035714
50450	51877	2	0.071429
50450	51310	2	0.071429
50450	50255	1	0.035714
50452	51424	614	0.727488
50452	51586	20	0.023697
50452	51429	614	0.727488
50452	50726	614	0.727488
50452	51531	614	0.727488
50452	50610	614	0.727488
50452	50734	614	0.727488
50452	50418	614	0.727488
50452	51514	614	0.727488
50452	50714	614	0.727488
50454	50310	1	0.000310
50454	51593	3	0.000930
50454	51084	2	0.000620
50454	51598	138	0.042791
50454	50577	1	0.000310
50454	50755	3	0.000930
50454	51865	1	0.000310
50454	51357	4	0.001240
50454	51230	1	0.000310
50454	51877	1	0.000310
50454	51368	2	0.000620
50454	50601	26521	8.223566
50454	50546	2	0.000620
50454	50482	1	0.000310
50454	51252	2029	0.629147
50454	50869	4	0.001240
50454	51636	1	0.000310
50454	50623	4	0.001240
50454	51779	6	0.001860
50454	51530	2	0.000620
50454	51787	2	0.000620
50454	51788	5	0.001550
50454	50255	2	0.000620
50454	51298	2	0.000620
50454	50918	2	0.000620
50454	51310	1	0.000310
50454	51695	1	0.000310
50454	51496	2	0.000620
50454	51698	1	0.000310
50454	51315	4	0.001240
50454	50507	1	0.000310
50454	50815	13	0.004031
50455	51779	45	0.057107
50455	51668	2	0.002538
50455	51349	761	0.965736
50455	50968	1	0.001269
50455	50745	2	0.002538
50455	51357	1	0.001269
50455	51252	4	0.005076
50456	51624	45	1.097561
50456	51800	41	1.000000
50457	51203	1	0.010526
50457	50884	1	0.010526
50457	51802	1	0.010526
50457	50762	1	0.010526
50457	51467	2	0.021053
50457	50574	4	0.042105
50457	51252	189	1.989474
50457	51822	1	0.010526
50457	51897	1	0.010526
50457	50682	1	0.010526
50457	51644	1	0.010526
50457	50250	1	0.010526
50457	50302	2	0.021053
50458	51315	1	0.008772
50458	51252	11	0.096491
50458	50910	2	0.017544
50458	50286	932	8.175439
50459	50465	2	0.031250
50459	51586	6	0.093750
50459	51820	64	1.000000
50459	50868	18	0.281250
50459	51482	320	5.000000
50459	50846	128	2.000000
50462	51593	3	0.001153
50462	51084	2	0.000768
50462	51598	138	0.053016
50462	50577	1	0.000384
50462	50755	3	0.001153
50462	51865	1	0.000384
50462	51357	4	0.001537
50462	51877	1	0.000384
50462	51496	2	0.000768
50462	50601	23331	8.963119
50462	50482	1	0.000384
50462	51636	1	0.000384
50462	50869	4	0.001537
50462	51252	2003	0.769497
50462	50623	4	0.001537
50462	51779	6	0.002305
50462	51530	2	0.000768
50462	51787	2	0.000768
50462	51788	4	0.001537
50462	50255	1	0.000384
50462	51298	2	0.000768
50462	50918	2	0.000768
50462	51310	1	0.000384
50462	51695	1	0.000384
50462	50546	2	0.000768
50462	51315	4	0.001537
50462	50507	1	0.000384
50462	50815	13	0.004994
50463	51252	1	0.058824
50463	50255	1	0.058824
50464	51078	100	0.205761
50464	51755	301	0.619342
50464	51076	301	0.619342
50464	51205	301	0.619342
50464	50310	301	0.619342
50464	51719	301	0.619342
50464	51209	301	0.619342
50464	50573	301	0.619342
50464	50319	301	0.619342
50464	51088	301	0.619342
50464	51857	301	0.619342
50464	51602	301	0.619342
50464	50307	301	0.619342
50464	51477	301	0.619342
50464	51703	301	0.619342
50464	50585	301	0.619342
50464	50587	301	0.619342
50464	50971	301	0.619342
50464	51237	301	0.619342
50464	50470	301	0.619342
50464	50999	301	0.619342
50464	51368	301	0.619342
50464	50473	301	0.619342
50464	51754	301	0.619342
50464	50987	301	0.619342
50464	51372	301	0.619342
50464	51117	301	0.619342
50464	50607	301	0.619342
50464	51276	301	0.619342
50464	50609	301	0.619342
50464	51443	301	0.619342
50464	51166	301	0.619342
50464	50998	301	0.619342
50464	50359	301	0.619342
50464	50488	301	0.619342
50464	51003	301	0.619342
50464	51388	301	0.619342
50464	51647	301	0.619342
50464	50373	301	0.619342
50464	51143	301	0.619342
50464	51020	301	0.619342
50464	50271	301	0.619342
50464	50507	301	0.619342
50464	50764	301	0.619342
50464	51895	301	0.619342
50464	51534	301	0.619342
50464	51279	301	0.619342
50464	50897	301	0.619342
50464	51154	301	0.619342
50464	50516	301	0.619342
50464	50254	301	0.619342
50464	51928	301	0.619342
50464	50895	301	0.619342
50464	51933	301	0.619342
50464	50782	301	0.619342
50464	51807	301	0.619342
50464	50400	301	0.619342
50464	51043	301	0.619342
50464	51812	301	0.619342
50464	51302	301	0.619342
50464	51686	301	0.619342
50464	50920	301	0.619342
50464	51004	301	0.619342
50464	51563	301	0.619342
50464	51308	301	0.619342
50464	51566	301	0.619342
50464	51184	301	0.619342
50464	50675	301	0.619342
50464	51446	301	0.619342
50464	51319	301	0.619342
50464	51347	301	0.619342
50464	50555	301	0.619342
50465	51073	7	0.008274
50465	51586	13651	16.135934
50465	50567	1	0.001182
50465	51082	53	0.062648
50465	50699	3	0.003546
50465	50829	5	0.005910
50465	51344	1	0.001182
50465	50323	1	0.001182
50465	51485	7	0.008274
50465	50975	5	0.005910
50465	51104	3	0.003546
50465	50466	5	0.005910
50465	51881	3	0.003546
50465	50858	1	0.001182
50465	51357	2	0.002364
50465	50480	7	0.008274
50465	50994	5	0.005910
50465	51507	1	0.001182
50465	50868	2	0.002364
50465	51636	1	0.001182
50465	50749	4	0.004728
50465	50623	1	0.001182
50465	51778	3	0.003546
50465	50627	1	0.001182
50465	50245	10	0.011820
50465	51277	3	0.003546
50465	50647	7	0.008274
50465	51800	8	0.009456
50465	50425	5	0.005910
50465	51252	2	0.002364
50465	50658	2	0.002364
50465	50916	6	0.007092
50465	50405	7	0.008274
50465	50534	11	0.013002
50465	51653	12	0.014184
50465	51820	1	0.001182
50465	51565	29	0.034279
50465	50671	8	0.009456
50465	50544	1	0.001182
50465	50673	1	0.001182
50465	51698	1	0.001182
50465	51448	6	0.007092
50465	51833	3	0.003546
50465	50495	1	0.001182
50465	50558	3	0.003546
50466	51008	1	0.006897
50466	51265	3	0.020690
50466	51778	2	0.013793
50466	51779	5	0.034483
50466	50340	4	0.027586
50466	50245	12	0.082759
50466	51240	2	0.013793
50466	50645	2	0.013793
50466	51277	2	0.013793
50466	51586	6	0.041379
50466	51569	6	0.041379
50466	51220	1	0.006897
50466	51701	4	0.027586
50466	51448	1	0.006897
50466	50404	1	0.006897
50466	50975	2	0.013793
50466	51613	3	0.020690
50466	50623	3	0.020690
50467	51593	3	0.000947
50467	51084	2	0.000632
50467	51598	138	0.043574
50467	50577	1	0.000316
50467	50755	3	0.000947
50467	51865	1	0.000316
50467	51357	4	0.001263
50467	51787	2	0.000632
50467	51877	1	0.000316
50467	51496	2	0.000632
50467	50601	23628	7.460688
50467	50482	1	0.000316
50467	51636	1	0.000316
50467	50869	4	0.001263
50467	51252	2044	0.645406
50467	50623	4	0.001263
50467	51779	6	0.001895
50467	51530	2	0.000632
50467	50507	1	0.000316
50467	51788	4	0.001263
50467	50255	1	0.000316
50467	51298	2	0.000632
50467	50918	2	0.000632
50467	51310	1	0.000316
50467	51695	1	0.000316
50467	50546	2	0.000632
50467	51315	4	0.001263
50467	51321	2	0.000632
50467	50815	13	0.004105
50468	50305	866	0.522947
50468	50565	866	0.522947
50468	50566	866	0.522947
50468	51599	866	0.522947
50468	51868	866	0.522947
50468	51869	866	0.522947
50468	51742	866	0.522947
50468	51107	866	0.522947
50468	51236	866	0.522947
50468	51110	866	0.522947
50468	51880	866	0.522947
50468	50857	866	0.522947
50468	50717	16	0.009662
50468	51172	866	0.522947
50468	51252	874	0.527778
50468	50974	1732	1.045894
50468	51894	866	0.522947
50468	51136	866	0.522947
50468	50372	866	0.522947
50468	50252	866	0.522947
50468	51023	866	0.522947
50468	51410	866	0.522947
50468	51541	866	0.522947
50468	50903	866	0.522947
50468	51428	866	0.522947
50468	51036	866	0.522947
50468	50528	866	0.522947
50468	50274	866	0.522947
50468	50659	866	0.522947
50468	51684	1784	1.077295
50468	51301	866	0.522947
50468	51819	866	0.522947
50468	51437	866	0.522947
50468	50557	866	0.522947
50468	50291	866	0.522947
50468	50427	866	0.522947
50468	50812	866	0.522947
50468	51837	866	0.522947
50470	51078	28	0.093333
50470	51755	218	0.726667
50470	51076	218	0.726667
50470	51205	218	0.726667
50470	50310	218	0.726667
50470	51719	218	0.726667
50470	51209	218	0.726667
50470	50573	218	0.726667
50470	50319	218	0.726667
50470	51088	218	0.726667
50470	51857	218	0.726667
50470	51602	218	0.726667
50470	50307	218	0.726667
50470	51477	218	0.726667
50470	51703	218	0.726667
50470	50585	218	0.726667
50470	50587	218	0.726667
50470	50464	218	0.726667
50470	50971	218	0.726667
50470	51237	218	0.726667
50470	50999	218	0.726667
50470	51368	218	0.726667
50470	50473	218	0.726667
50470	51754	218	0.726667
50470	50987	218	0.726667
50470	51372	218	0.726667
50470	51117	218	0.726667
50470	50607	218	0.726667
50470	51276	218	0.726667
50470	50609	218	0.726667
50470	51443	218	0.726667
50470	51166	218	0.726667
50470	50998	218	0.726667
50470	50359	218	0.726667
50470	50488	218	0.726667
50470	51003	218	0.726667
50470	51388	218	0.726667
50470	51647	218	0.726667
50470	50373	218	0.726667
50470	51143	218	0.726667
50470	51020	218	0.726667
50470	50271	218	0.726667
50470	50507	218	0.726667
50470	50764	218	0.726667
50470	51895	218	0.726667
50470	51534	218	0.726667
50470	51279	218	0.726667
50470	50897	218	0.726667
50470	51154	218	0.726667
50470	50516	218	0.726667
50470	50254	218	0.726667
50470	51928	218	0.726667
50470	50895	218	0.726667
50470	51933	218	0.726667
50470	50782	218	0.726667
50470	51807	218	0.726667
50470	50400	218	0.726667
50470	51043	218	0.726667
50470	51812	218	0.726667
50470	51302	218	0.726667
50470	51686	218	0.726667
50470	50920	218	0.726667
50470	51004	218	0.726667
50470	51563	218	0.726667
50470	51308	218	0.726667
50470	51566	218	0.726667
50470	51184	218	0.726667
50470	50675	218	0.726667
50470	51446	218	0.726667
50470	51319	218	0.726667
50470	51347	218	0.726667
50470	50555	218	0.726667
50471	51272	3	0.029126
50471	51252	13	0.126214
50471	51357	1	0.009709
50472	50817	1	0.000332
50472	51593	3	0.000995
50472	51084	2	0.000663
50472	51598	138	0.045771
50472	50577	1	0.000332
50472	50755	3	0.000995
50472	50968	2	0.000663
50472	51865	1	0.000332
50472	51357	4	0.001327
50472	51877	1	0.000332
50472	51496	2	0.000663
50472	50601	24272	8.050415
50472	50482	1	0.000332
50472	51636	1	0.000332
50472	50869	4	0.001327
50472	51252	2032	0.673964
50472	50623	4	0.001327
50472	51779	6	0.001990
50472	51530	2	0.000663
50472	51787	2	0.000663
50472	51788	4	0.001327
50472	50255	2	0.000663
50472	51298	2	0.000663
50472	50918	2	0.000663
50472	51310	1	0.000332
50472	51695	1	0.000332
50472	50546	2	0.000663
50472	51315	4	0.001327
50472	50507	1	0.000332
50472	50815	13	0.004312
50473	51078	13	0.032178
50473	51755	113	0.279703
50473	51076	113	0.279703
50473	51205	113	0.279703
50473	50310	113	0.279703
50473	51719	113	0.279703
50473	51209	113	0.279703
50473	50573	113	0.279703
50473	50319	113	0.279703
50473	51088	113	0.279703
50473	51857	113	0.279703
50473	51602	113	0.279703
50473	50307	113	0.279703
50473	51477	113	0.279703
50473	51703	113	0.279703
50473	50585	113	0.279703
50473	50587	113	0.279703
50473	50464	113	0.279703
50473	50971	113	0.279703
50473	51237	113	0.279703
50473	50470	113	0.279703
50473	50999	113	0.279703
50473	51368	113	0.279703
50473	51754	113	0.279703
50473	50987	113	0.279703
50473	51372	113	0.279703
50473	51117	113	0.279703
50473	50607	113	0.279703
50473	51276	113	0.279703
50473	50609	113	0.279703
50473	51443	113	0.279703
50473	51252	1	0.002475
50473	51166	113	0.279703
50473	50998	113	0.279703
50473	50359	113	0.279703
50473	50488	113	0.279703
50473	51003	113	0.279703
50473	51388	113	0.279703
50473	51647	113	0.279703
50473	50373	113	0.279703
50473	51143	113	0.279703
50473	51020	113	0.279703
50473	50271	113	0.279703
50473	50507	113	0.279703
50473	50764	113	0.279703
50473	51895	113	0.279703
50473	51534	113	0.279703
50473	51279	113	0.279703
50473	50897	113	0.279703
50473	51154	113	0.279703
50473	50516	113	0.279703
50473	50254	113	0.279703
50473	51928	113	0.279703
50473	50895	113	0.279703
50473	51933	113	0.279703
50473	50782	113	0.279703
50473	51807	113	0.279703
50473	50400	113	0.279703
50473	51043	113	0.279703
50473	51812	113	0.279703
50473	51302	113	0.279703
50473	51686	113	0.279703
50473	50920	113	0.279703
50473	51004	113	0.279703
50473	51563	113	0.279703
50473	51308	113	0.279703
50473	51566	113	0.279703
50473	51184	113	0.279703
50473	50675	113	0.279703
50473	51446	113	0.279703
50473	51319	113	0.279703
50473	51347	113	0.279703
50473	50555	113	0.279703
50474	51252	8	0.009501
50475	51204	2	0.001773
50475	50693	1	0.000887
50475	50699	2	0.001773
50475	50703	2	0.001773
50475	51217	5	0.004433
50475	50707	3	0.002660
50475	51220	2	0.001773
50475	51221	2	0.001773
50475	50713	2	0.001773
50475	51226	7	0.006206
50475	51631	4	0.003546
50475	51230	13	0.011525
50475	51745	141	0.125000
50475	50722	2	0.001773
50475	50728	1	0.000887
50475	51241	2	0.001773
50475	51243	1	0.000887
50475	51249	3	0.002660
50475	51250	1	0.000887
50475	51252	542	0.480496
50475	51254	2	0.001773
50475	50356	2	0.001773
50475	50236	1	0.000887
50475	50749	4	0.003546
50475	51774	2	0.001773
50475	51777	1	0.000887
50475	51778	60	0.053191
50475	51779	255	0.226064
50475	50245	11	0.009752
50475	51782	6	0.005319
50475	51272	1	0.000887
50475	51274	16	0.014184
50475	50763	1	0.000887
50475	51788	2	0.001773
50475	51277	150	0.132979
50475	50255	9	0.007979
50475	51282	1	0.000887
50475	51284	1	0.000887
50475	51800	1	0.000887
50475	50959	2	0.001773
50475	50270	1	0.000887
50475	51298	4	0.003546
50475	50277	4	0.003546
50475	50278	3	0.002660
50475	51729	3	0.002660
50475	51304	6	0.005319
50475	51820	3	0.002660
50475	51821	1	0.000887
50475	51310	2	0.001773
50475	51311	1	0.000887
50475	50289	14	0.012411
50475	50290	8	0.007092
50475	51315	6	0.005319
50475	51321	1	0.000887
50475	51833	2	0.001773
50475	50299	1	0.000887
50475	50814	4	0.003546
50475	50815	11	0.009752
50475	50816	3	0.002660
50475	50817	1	0.000887
50475	51843	3	0.002660
50475	51332	167	0.148050
50475	51847	6	0.005319
50475	51337	1	0.000887
50475	50829	1	0.000887
50475	51344	12	0.010638
50475	50322	2	0.001773
50475	50323	5	0.004433
50475	50325	3	0.002660
50475	51865	5	0.004433
50475	51355	2	0.001773
50475	51357	141	0.125000
50475	50846	7	0.006206
50475	51186	2	0.001773
50475	50338	2	0.001773
50475	50340	3	0.002660
50475	51877	9	0.007979
50475	50855	10	0.008865
50475	51881	33	0.029255
50475	50858	19	0.016844
50475	50859	6	0.005319
50475	50355	3	0.002660
50475	50868	225	0.199468
50475	50357	1000	0.886525
50475	50870	2	0.001773
50475	51389	1	0.000887
50475	51905	4	0.003546
50475	50635	1	0.000887
50475	50376	1	0.000887
50475	50889	1	0.000887
50475	51915	1	0.000887
50475	50380	1	0.000887
50475	50383	2	0.001773
50475	50553	1	0.000887
50475	50904	1	0.000887
50475	51936	1	0.000887
50475	51938	19	0.016844
50475	50916	1	0.000887
50475	50405	2	0.001773
50475	51430	1	0.000887
50475	51438	2	0.001773
50475	50416	1	0.000887
50475	50933	4	0.003546
50475	51448	153	0.135638
50475	50425	1	0.000887
50475	50426	6	0.005319
50475	50940	4	0.003546
50475	50942	2	0.001773
50475	51455	1	0.000887
50475	50944	1	0.000887
50475	50434	4	0.003546
50475	51460	1	0.000887
50475	50371	3	0.002660
50475	51466	6	0.005319
50475	50647	4	0.003546
50475	50956	1	0.000887
50475	51074	4	0.003546
50475	50447	2	0.001773
50475	51474	1	0.000887
50475	50964	2	0.001773
50475	50966	2	0.001773
50475	51482	3	0.002660
50475	51484	144	0.127660
50475	51485	3	0.002660
50475	50975	163	0.144504
50475	50465	6	0.005319
50475	50466	4	0.003546
50475	51491	2	0.001773
50475	51505	1	0.000887
50475	51496	4	0.003546
50475	50993	3	0.002660
50475	50994	4	0.003546
50475	51849	3	0.002660
50475	50495	8	0.007092
50475	51083	1	0.000887
50475	51016	1	0.000887
50475	50505	2	0.001773
50475	51530	2	0.001773
50475	50508	6	0.005319
50475	51341	1	0.000887
50475	50515	3	0.002660
50475	50574	1	0.000887
50475	51030	1	0.000887
50475	51032	2	0.001773
50475	50404	2	0.001773
50475	50523	3	0.002660
50475	51038	1	0.000887
50475	50917	1	0.000887
50475	51056	1	0.000887
50475	50531	1	0.000887
50475	51045	5	0.004433
50475	50534	2	0.001773
50475	51559	2	0.001773
50475	50954	1	0.000887
50475	51565	5	0.004433
50475	51054	2	0.001773
50475	50544	3	0.002660
50475	50546	8	0.007092
50475	50286	1	0.000887
50475	51061	4	0.003546
50475	50550	2	0.001773
50475	51063	3	0.002660
50475	50552	1	0.000887
50475	51577	4	0.003546
50475	51066	1	0.000887
50475	50558	23	0.020390
50475	50560	1	0.000887
50475	51073	3	0.002660
50475	51586	439	0.389184
50475	50564	6	0.005319
50475	51078	1	0.000887
50475	50567	22	0.019504
50475	51593	3	0.002660
50475	51082	1	0.000887
50475	50571	3	0.002660
50475	51598	2	0.001773
50475	50576	135	0.119681
50475	50577	20	0.017730
50475	50755	2	0.001773
50475	51612	2	0.001773
50475	51613	154	0.136525
50475	51102	1	0.000887
50475	51615	2	0.001773
50475	51616	143	0.126773
50475	51106	6	0.005319
50475	50597	6	0.005319
50475	51185	2	0.001773
50475	50600	4	0.003546
50475	50601	1	0.000887
50475	51659	1	0.000887
50475	50605	1	0.000887
50475	51119	1	0.000887
50475	51636	289	0.256206
50475	51128	3	0.002660
50475	50618	1	0.000887
50475	50623	20	0.017730
50475	51104	1	0.000887
50475	51653	7	0.006206
50475	50631	17	0.015071
50475	51147	3	0.002660
50475	50594	2	0.001773
50475	50253	2	0.001773
50475	51665	1	0.000887
50475	51671	1	0.000887
50475	51673	2	0.001773
50475	51535	1	0.000887
50475	50655	2	0.001773
50475	51684	1	0.000887
50475	51174	1	0.000887
50475	51690	1	0.000887
50475	50834	1	0.000887
50475	51794	1	0.000887
50475	50671	4	0.003546
50475	50673	139	0.123227
50475	51698	37	0.032801
50475	51701	1	0.000887
50475	51191	2	0.001773
50475	50680	9	0.007979
50475	51708	2	0.001773
50476	51777	30	0.028222
50476	50530	675	0.634995
50476	50534	3	0.002822
50476	50535	675	0.634995
50476	50255	6	0.005644
50476	51252	40	0.037629
50476	50383	1	0.000941
50476	51773	5	0.004704
50478	51272	14	0.068293
50479	50357	1	0.018519
50480	50465	1	0.050000
50480	51778	1	0.050000
50480	51779	3	0.150000
50480	50340	2	0.100000
50480	50956	1	0.050000
50480	51698	1	0.050000
50480	50868	6	0.300000
50480	51448	3	0.150000
50480	51482	1	0.050000
50480	51613	1	0.050000
50480	50975	1	0.050000
50482	51593	3	0.001171
50482	51084	2	0.000780
50482	51598	138	0.053843
50482	50577	1	0.000390
50482	50755	3	0.001171
50482	51865	1	0.000390
50482	51357	4	0.001561
50482	51877	1	0.000390
50482	51496	2	0.000780
50482	50601	23702	9.247757
50482	51636	1	0.000390
50482	50869	4	0.001561
50482	51252	2061	0.804136
50482	50623	4	0.001561
50482	51779	6	0.002341
50482	51530	2	0.000780
50482	51787	2	0.000780
50482	51788	4	0.001561
50482	50255	1	0.000390
50482	51298	2	0.000780
50482	50918	2	0.000780
50482	51310	1	0.000390
50482	51695	1	0.000390
50482	50546	2	0.000780
50482	51315	4	0.001561
50482	50507	1	0.000390
50482	50815	13	0.005072
50483	51482	225	5.000000
50483	51820	45	1.000000
50483	51586	4	0.088889
50483	50846	90	2.000000
50484	51593	3	0.001236
50484	51084	2	0.000824
50484	51598	137	0.056448
50484	50577	1	0.000412
50484	50755	3	0.001236
50484	51865	1	0.000412
50484	51357	4	0.001648
50484	51787	2	0.000824
50484	51877	1	0.000412
50484	51496	2	0.000824
50484	50601	22777	9.384837
50484	50482	1	0.000412
50484	51636	1	0.000412
50484	50869	4	0.001648
50484	51252	1990	0.819942
50484	50623	4	0.001648
50484	51779	6	0.002472
50484	51530	2	0.000824
50484	50507	1	0.000412
50484	51788	4	0.001648
50484	50255	1	0.000412
50484	51298	2	0.000824
50484	50918	2	0.000824
50484	51310	1	0.000412
50484	51695	1	0.000412
50484	50546	2	0.000824
50484	51315	4	0.001648
50484	50815	13	0.005356
50486	50904	1	0.076923
50487	50574	4	0.108108
50488	51078	17	0.020962
50488	51755	362	0.446363
50488	51076	362	0.446363
50488	51205	362	0.446363
50488	50310	362	0.446363
50488	51719	362	0.446363
50488	51209	362	0.446363
50488	50573	362	0.446363
50488	50319	362	0.446363
50488	51088	362	0.446363
50488	51857	362	0.446363
50488	51602	362	0.446363
50488	50307	362	0.446363
50488	51477	362	0.446363
50488	51703	362	0.446363
50488	50585	362	0.446363
50488	50587	362	0.446363
50488	50464	362	0.446363
50488	50971	362	0.446363
50488	51237	362	0.446363
50488	50470	362	0.446363
50488	50999	362	0.446363
50488	51368	362	0.446363
50488	50473	362	0.446363
50488	51754	362	0.446363
50488	50987	362	0.446363
50488	51372	362	0.446363
50488	51117	362	0.446363
50488	50607	362	0.446363
50488	51276	362	0.446363
50488	50609	362	0.446363
50488	51443	362	0.446363
50488	51166	362	0.446363
50488	50998	362	0.446363
50488	50359	362	0.446363
50488	51003	362	0.446363
50488	51388	362	0.446363
50488	51647	362	0.446363
50488	50373	362	0.446363
50488	51143	362	0.446363
50488	51020	362	0.446363
50488	50271	362	0.446363
50488	50507	362	0.446363
50488	50764	362	0.446363
50488	51895	362	0.446363
50488	51534	362	0.446363
50488	51279	362	0.446363
50488	50897	362	0.446363
50488	51154	362	0.446363
50488	50516	362	0.446363
50488	50254	362	0.446363
50488	51928	362	0.446363
50488	50895	362	0.446363
50488	51933	362	0.446363
50488	50782	362	0.446363
50488	51807	362	0.446363
50488	50400	362	0.446363
50488	51043	362	0.446363
50488	51812	362	0.446363
50488	51302	362	0.446363
50488	51686	362	0.446363
50488	50920	362	0.446363
50488	51004	362	0.446363
50488	51563	362	0.446363
50488	51308	362	0.446363
50488	51566	362	0.446363
50488	51184	362	0.446363
50488	50675	362	0.446363
50488	51446	362	0.446363
50488	51319	362	0.446363
50488	51347	362	0.446363
50488	50555	362	0.446363
50489	51936	2	0.002513
50489	51779	10	0.012563
50489	51144	242	0.304020
50489	50255	4	0.005025
50489	50289	1	0.001256
50489	51282	499	0.626884
50489	51252	21	0.026382
50489	51038	1	0.001256
50489	50815	2	0.002513
50490	51936	2	0.002155
50490	51779	10	0.010776
50490	51144	257	0.276940
50490	50255	4	0.004310
50490	50289	1	0.001078
50490	51282	134	0.144397
50490	51252	20	0.021552
50490	50968	1	0.001078
50490	51293	1	0.001078
50490	51038	1	0.001078
50490	50815	2	0.002155
50492	51936	2	0.001446
50492	51779	10	0.007231
50492	51144	909	0.657267
50492	50255	4	0.002892
50492	50289	1	0.000723
50492	51282	172	0.124367
50492	51252	36	0.026030
50492	51038	1	0.000723
50492	50815	2	0.001446
50493	50552	18	0.305085
50495	50546	1	0.001880
50495	50558	1065	2.001880
50498	51105	26	0.077612
50498	51106	1	0.002985
50498	50856	1	0.002985
50498	51668	2	0.005970
50498	51636	1	0.002985
50498	51861	2	0.005970
50498	51252	63	0.188060
50499	51586	38	0.808511
50499	50600	2	0.042553
50499	51820	47	1.000000
50499	51252	2	0.042553
50499	51482	237	5.042553
50499	50846	94	2.000000
50500	51243	3	0.157895
50500	51252	9	0.473684
50502	50904	4	0.072727
50504	51106	2	0.002503
50504	51779	12	0.015019
50504	50918	2	0.002503
50504	51587	27	0.033792
50504	50255	1	0.001252
50504	51315	2	0.002503
50504	51252	21	0.026283
50504	51381	2	0.002503
50504	50815	2	0.002503
50505	51586	1	0.002212
50505	51204	4	0.008850
50505	51593	2	0.004425
50505	51466	1	0.002212
50505	50956	1	0.002212
50505	51341	1	0.002212
50505	51598	1	0.002212
50505	50447	1	0.002212
50505	51344	5	0.011062
50505	51866	2	0.004425
50505	51357	1	0.002212
50505	51615	1	0.002212
50505	50594	1	0.002212
50505	50267	1	0.002212
50505	51877	14	0.030973
50505	50993	1	0.002212
50505	51507	1	0.002212
50505	50868	1	0.002212
50505	50360	1	0.002212
50505	50618	1	0.002212
50505	50954	2	0.004425
50505	50623	3	0.006637
50505	50755	9	0.019912
50505	51084	3	0.006637
50505	51530	2	0.004425
50505	50253	1	0.002212
50505	51801	1	0.002212
50505	50703	1	0.002212
50505	50655	1	0.002212
50505	50404	1	0.002212
50505	51310	2	0.004425
50505	50671	2	0.004425
50505	51066	1	0.002212
50505	50815	5	0.011062
50507	51078	21	0.009350
50507	51755	1105	0.491986
50507	51076	1105	0.491986
50507	51205	1105	0.491986
50507	50310	1105	0.491986
50507	51719	1105	0.491986
50507	51209	1105	0.491986
50507	50573	1105	0.491986
50507	51407	4	0.001781
50507	50319	1110	0.494212
50507	51088	1105	0.491986
50507	51857	1105	0.491986
50507	51602	1105	0.491986
50507	50307	1105	0.491986
50507	51477	1105	0.491986
50507	51703	1105	0.491986
50507	50585	1105	0.491986
50507	50587	1105	0.491986
50507	50464	1105	0.491986
50507	50971	1105	0.491986
50507	51237	1105	0.491986
50507	50470	1105	0.491986
50507	50999	1105	0.491986
50507	51368	1105	0.491986
50507	50473	1105	0.491986
50507	51754	1105	0.491986
50507	50987	1105	0.491986
50507	51372	1105	0.491986
50507	51117	1105	0.491986
50507	50607	1105	0.491986
50507	51276	1105	0.491986
50507	50609	1105	0.491986
50507	51443	1105	0.491986
50507	51252	12	0.005343
50507	51166	1105	0.491986
50507	50998	1105	0.491986
50507	50359	1105	0.491986
50507	50488	1105	0.491986
50507	51003	1105	0.491986
50507	51388	1105	0.491986
50507	51647	1105	0.491986
50507	50373	1105	0.491986
50507	51143	1105	0.491986
50507	51020	1105	0.491986
50507	50271	1105	0.491986
50507	51895	1105	0.491986
50507	50764	1105	0.491986
50507	51534	1105	0.491986
50507	51279	1105	0.491986
50507	50897	1105	0.491986
50507	51154	1105	0.491986
50507	50516	1105	0.491986
50507	50254	1105	0.491986
50507	51928	1105	0.491986
50507	50895	1105	0.491986
50507	51933	1105	0.491986
50507	50782	1105	0.491986
50507	51807	1105	0.491986
50507	50400	1108	0.493321
50507	51043	1105	0.491986
50507	51812	1105	0.491986
50507	51302	1110	0.494212
50507	51686	1105	0.491986
50507	50920	1105	0.491986
50507	51004	1105	0.491986
50507	50255	9	0.004007
50507	51563	1105	0.491986
50507	51308	1105	0.491986
50507	51566	1105	0.491986
50507	51184	1105	0.491986
50507	50675	1105	0.491986
50507	51446	1105	0.491986
50507	51319	1105	0.491986
50507	51347	1105	0.491986
50507	50555	1105	0.491986
50508	51577	2	0.015625
50508	51252	1	0.007812
50508	51877	2	0.015625
50508	50558	3	0.023438
50509	51233	12	0.750000
50509	50822	12	0.750000
50509	50983	12	0.750000
50509	50877	12	0.750000
50509	51806	12	0.750000
50509	51455	12	0.750000
50510	51482	210	5.000000
50510	51820	42	1.000000
50510	51586	6	0.142857
50510	50846	84	2.000000
50511	51297	2	0.002525
50511	51750	2	0.002525
50511	50255	1	0.001263
50511	50968	1	0.001263
50511	51252	2	0.002525
50511	51480	1	0.001263
50511	50745	1	0.001263
50511	50939	25	0.031566
50512	51938	4	0.057143
50512	51782	3	0.042857
50512	50577	3	0.042857
50512	51881	3	0.042857
50512	51274	4	0.057143
50512	50631	3	0.042857
50512	50508	3	0.042857
50512	51277	3	0.042857
50512	51586	8	0.114286
50512	50289	3	0.042857
50512	50546	3	0.042857
50512	51063	1	0.014286
50512	50868	3	0.042857
50512	51778	2	0.028571
50512	51484	3	0.042857
50513	51907	1	0.010870
50513	51590	1	0.010870
50513	50286	281	3.054348
50513	51252	1	0.010870
50513	50294	1	0.010870
50513	50968	2	0.021739
50514	50755	7	0.011129
50514	50671	3	0.004769
50515	51586	2	0.111111
50515	51344	1	0.055556
50515	50322	2	0.111111
50515	51220	2	0.111111
50515	50966	3	0.166667
50515	51225	1	0.055556
50515	50245	1	0.055556
50515	50289	1	0.055556
50515	51506	1	0.055556
50515	50356	2	0.111111
50515	50870	2	0.111111
50515	50749	2	0.111111
50515	51778	1	0.055556
50515	51653	1	0.055556
50515	50631	1	0.055556
50515	51274	1	0.055556
50515	50508	1	0.055556
50515	50277	1	0.055556
50515	51565	2	0.111111
50515	51185	1	0.055556
50515	50550	2	0.111111
50515	51833	2	0.111111
50516	51078	14	0.017199
50516	51755	361	0.443489
50516	51076	361	0.443489
50516	51205	361	0.443489
50516	50310	361	0.443489
50516	51719	361	0.443489
50516	51209	361	0.443489
50516	50573	361	0.443489
50516	51407	4	0.004914
50516	50319	361	0.443489
50516	51088	361	0.443489
50516	51857	361	0.443489
50516	51602	361	0.443489
50516	50307	361	0.443489
50516	51477	361	0.443489
50516	51703	361	0.443489
50516	50585	361	0.443489
50516	50587	361	0.443489
50516	50464	361	0.443489
50516	50971	361	0.443489
50516	51237	361	0.443489
50516	50470	361	0.443489
50516	50999	361	0.443489
50516	51368	361	0.443489
50516	50473	361	0.443489
50516	51754	361	0.443489
50516	50987	361	0.443489
50516	51372	361	0.443489
50516	51117	361	0.443489
50516	50607	361	0.443489
50516	51276	361	0.443489
50516	50609	361	0.443489
50516	51443	361	0.443489
50516	51166	361	0.443489
50516	50998	361	0.443489
50516	50359	361	0.443489
50516	50488	361	0.443489
50516	51003	361	0.443489
50516	51388	361	0.443489
50516	51647	361	0.443489
50516	50373	361	0.443489
50516	51143	361	0.443489
50516	51020	361	0.443489
50516	50271	361	0.443489
50516	50507	361	0.443489
50516	50764	361	0.443489
50516	51895	361	0.443489
50516	51534	361	0.443489
50516	51279	361	0.443489
50516	50897	361	0.443489
50516	51154	361	0.443489
50516	50254	361	0.443489
50516	51928	361	0.443489
50516	50895	361	0.443489
50516	51933	361	0.443489
50516	50782	361	0.443489
50516	51807	361	0.443489
50516	50400	361	0.443489
50516	51043	361	0.443489
50516	51812	361	0.443489
50516	51302	361	0.443489
50516	51686	361	0.443489
50516	50920	361	0.443489
50516	51004	361	0.443489
50516	51563	361	0.443489
50516	51308	361	0.443489
50516	51566	361	0.443489
50516	51184	361	0.443489
50516	50675	361	0.443489
50516	51446	361	0.443489
50516	51319	361	0.443489
50516	51347	361	0.443489
50516	50555	361	0.443489
50517	50939	13	0.014925
50518	51233	43	0.914894
50518	50822	43	0.914894
50518	50983	43	0.914894
50518	50509	43	0.914894
50518	51252	86	1.829787
50518	50877	43	0.914894
50518	51806	43	0.914894
50518	51455	43	0.914894
50521	50993	3	0.006135
50521	51252	39	0.079755
50522	51272	14	0.112000
50523	51586	3	0.083333
50524	51724	96	0.039702
50524	50946	64	0.026468
50524	51425	7	0.002895
50524	51252	71	0.029363
50524	50980	16	0.006617
50527	51252	4	0.028986
50528	50305	9678	0.832516
50528	51428	9678	0.832516
50528	50566	9678	0.832516
50528	51599	9678	0.832516
50528	50968	5	0.000430
50528	50815	48	0.004129
50528	51868	9678	0.832516
50528	51869	9678	0.832516
50528	51742	9678	0.832516
50528	50565	9678	0.832516
50528	51107	9678	0.832516
50528	50468	9678	0.832516
50528	51110	9678	0.832516
50528	51880	9678	0.832516
50528	50857	9678	0.832516
50528	50717	48	0.004129
50528	51252	9717	0.835871
50528	50974	19356	1.665032
50528	51894	9678	0.832516
50528	51136	9678	0.832516
50528	50372	9678	0.832516
50528	50252	9678	0.832516
50528	50253	19	0.001634
50528	51023	9678	0.832516
50528	51410	9678	0.832516
50528	51541	9678	0.832516
50528	50903	9678	0.832516
50528	51172	9678	0.832516
50528	51036	9678	0.832516
50528	50274	9678	0.832516
50528	50659	9678	0.832516
50528	51684	39087	3.362323
50528	51301	9678	0.832516
50528	51819	9678	0.832516
50528	51437	9678	0.832516
50528	50557	9678	0.832516
50528	50291	9678	0.832516
50528	50427	9678	0.832516
50528	50812	9678	0.832516
50528	51837	9678	0.832516
50528	51236	9678	0.832516
50529	50688	302	0.932099
50529	51489	302	0.932099
50529	50403	302	0.932099
50529	50824	302	0.932099
50529	50665	2	0.006173
50529	50264	302	0.932099
50529	51546	302	0.932099
50529	50972	302	0.932099
50530	51777	37	0.039278
50530	51586	1	0.001062
50530	50535	464	0.492569
50530	50255	6	0.006369
50530	51252	10	0.010616
50530	50383	1	0.001062
50530	51357	2	0.002123
50531	51169	1	0.002410
50531	51586	5	0.012048
50531	51779	5	0.012048
50531	50308	1	0.002410
50531	50245	5	0.012048
50531	51849	1	0.002410
50531	50255	1	0.002410
50531	51610	1	0.002410
50531	50289	1	0.002410
50531	50339	1	0.002410
50531	51414	1	0.002410
50531	51913	1	0.002410
50531	51448	1	0.002410
50531	50810	1	0.002410
50531	50939	1	0.002410
50531	50781	1	0.002410
50531	51198	1	0.002410
50531	50623	1	0.002410
50533	51233	50	1.000000
50533	50822	50	1.000000
50533	50983	50	1.000000
50533	50509	50	1.000000
50533	50877	50	1.000000
50533	51806	50	1.000000
50533	51455	50	1.000000
50534	51773	2	0.020833
50534	50277	2	0.020833
50535	50476	262	0.569565
50535	51850	262	0.569565
50535	50444	262	0.569565
50535	51469	262	0.569565
50535	50831	262	0.569565
50535	50328	262	0.569565
50535	50854	262	0.569565
50535	51756	262	0.569565
50535	51594	262	0.569565
50535	51777	280	0.608696
50535	51651	262	0.569565
50535	50893	262	0.569565
50535	51280	262	0.569565
50535	50652	262	0.569565
50535	51450	262	0.569565
50535	50530	262	0.569565
50535	51171	262	0.569565
50535	50598	262	0.569565
50535	50794	262	0.569565
50535	51440	262	0.569565
50535	50298	262	0.569565
50535	51452	262	0.569565
50537	50432	1	0.000212
50537	50817	39333	8.352729
50537	51586	3	0.000637
50537	50567	1	0.000212
50537	51208	1	0.000212
50537	51593	2	0.000425
50537	50954	2	0.000425
50537	51341	2	0.000425
50537	50755	2	0.000425
50537	50968	5	0.001062
50537	51357	6	0.001274
50537	50465	1	0.000212
50537	51877	5	0.001062
50537	50290	2	0.000425
50537	51252	2277	0.483542
50537	50623	5	0.001062
50537	50829	2	0.000425
50537	51779	10	0.002124
50537	51530	2	0.000425
50537	50255	10	0.002124
50537	51298	1	0.000212
50537	50404	10	0.002124
50537	50918	4	0.000849
50537	50921	2	0.000425
50537	51310	2	0.000425
50537	51698	1	0.000212
50537	51315	2	0.000425
50537	50815	17	0.003610
50538	50552	24	0.413793
50540	51779	4	0.111111
50543	51349	353	0.972452
50544	50465	1	0.013889
50544	51586	2	0.027778
50544	51332	1	0.013889
50544	50631	1	0.013889
50544	50858	1	0.013889
50544	51127	1	0.013889
50544	51613	4	0.055556
50545	50552	18	0.642857
50546	50576	3	0.006593
50546	51227	1	0.002198
50546	51274	1	0.002198
50546	50899	1	0.002198
50546	50508	1	0.002198
50548	50850	4	0.004994
50548	50939	3	0.003745
50549	51800	4	0.148148
50549	50508	1	0.037037
50549	51274	1	0.037037
50549	50340	1	0.037037
50549	50602	1	0.037037
50550	50405	3	0.096774
50551	50560	205	3.014706
50552	51816	1	0.003704
50552	51586	1	0.003704
50552	51779	10	0.037037
50552	51252	65	0.240741
50552	51509	1	0.003704
50553	50914	6	0.171429
50553	51667	6	0.171429
50553	51711	6	0.171429
50555	51078	60	0.218182
50555	51755	253	0.920000
50555	51076	253	0.920000
50555	51205	253	0.920000
50555	50310	253	0.920000
50555	51719	253	0.920000
50555	51209	253	0.920000
50555	50573	253	0.920000
50555	50319	253	0.920000
50555	51088	253	0.920000
50555	51857	253	0.920000
50555	51602	253	0.920000
50555	50307	253	0.920000
50555	51477	253	0.920000
50555	51703	253	0.920000
50555	50585	253	0.920000
50555	50587	253	0.920000
50555	50464	253	0.920000
50555	50971	253	0.920000
50555	51237	253	0.920000
50555	50470	253	0.920000
50555	50999	253	0.920000
50555	51368	253	0.920000
50555	50473	253	0.920000
50555	51754	253	0.920000
50555	50987	253	0.920000
50555	51372	253	0.920000
50555	51117	253	0.920000
50555	50607	253	0.920000
50555	51276	253	0.920000
50555	50609	253	0.920000
50555	51443	253	0.920000
50555	51166	253	0.920000
50555	50998	253	0.920000
50555	50359	253	0.920000
50555	50488	253	0.920000
50555	51003	253	0.920000
50555	51388	253	0.920000
50555	51647	253	0.920000
50555	50373	253	0.920000
50555	51143	253	0.920000
50555	51020	253	0.920000
50555	50271	253	0.920000
50555	50507	253	0.920000
50555	50764	253	0.920000
50555	51895	253	0.920000
50555	51534	253	0.920000
50555	51279	253	0.920000
50555	50897	253	0.920000
50555	51154	253	0.920000
50555	50516	253	0.920000
50555	50254	253	0.920000
50555	51928	253	0.920000
50555	50895	253	0.920000
50555	51933	253	0.920000
50555	50782	253	0.920000
50555	51807	253	0.920000
50555	50400	253	0.920000
50555	51043	253	0.920000
50555	51812	253	0.920000
50555	51302	253	0.920000
50555	51686	253	0.920000
50555	50920	253	0.920000
50555	51004	253	0.920000
50555	51563	253	0.920000
50555	51308	253	0.920000
50555	51566	253	0.920000
50555	51184	253	0.920000
50555	50675	253	0.920000
50555	51446	253	0.920000
50555	51319	253	0.920000
50555	51347	253	0.920000
50556	51586	4	0.008658
50556	50245	4	0.008658
50556	50735	10	0.021645
50556	51252	4	0.008658
50556	50269	2	0.004329
50556	51134	3	0.006494
50557	50305	15412	0.857556
50557	51428	15412	0.857556
50557	50566	15412	0.857556
50557	51599	15412	0.857556
50557	51868	15412	0.857556
50557	51869	15412	0.857556
50557	51742	15412	0.857556
50557	50565	15412	0.857556
50557	51107	15412	0.857556
50557	50468	15412	0.857556
50557	51110	15412	0.857556
50557	51880	15412	0.857556
50557	50857	15412	0.857556
50557	50253	30	0.001669
50557	50717	136	0.007567
50557	51252	31098	1.730358
50557	50974	30824	1.715112
50557	51894	15412	0.857556
50557	51136	15412	0.857556
50557	50372	15412	0.857556
50557	50252	15412	0.857556
50557	51298	17	0.000946
50557	51023	15412	0.857556
50557	51410	15412	0.857556
50557	51541	15412	0.857556
50557	50903	15412	0.857556
50557	51172	15412	0.857556
50557	51036	15412	0.857556
50557	50528	15412	0.857556
50557	50274	15412	0.857556
50557	50659	15412	0.857556
50557	51684	62405	3.472346
50557	51301	15412	0.857556
50557	51819	15412	0.857556
50557	51437	15412	0.857556
50557	51496	17	0.000946
50557	50291	15412	0.857556
50557	50552	26	0.001447
50557	50427	15412	0.857556
50557	50812	15412	0.857556
50557	51837	15412	0.857556
50557	51236	15412	0.857556
50558	51073	3	0.006316
50558	50466	3	0.006316
50558	51779	2	0.004211
50558	50916	5	0.010526
50558	50534	2	0.004211
50558	51565	3	0.006316
50558	50855	1	0.002105
50558	51881	4	0.008421
50558	50699	5	0.010526
50558	50994	2	0.004211
50558	51277	1	0.002105
50558	50671	5	0.010526
50558	51698	8	0.016842
50558	51332	1	0.002105
50558	51636	1	0.002105
50558	50647	6	0.012632
50558	51800	3	0.006316
50558	50340	1	0.002105
50558	51485	7	0.014737
50558	50846	1	0.002105
50558	50623	1	0.002105
50560	51104	2	0.004024
50560	51779	13	0.026157
50560	51555	4	0.008048
50560	50255	459	0.923541
50560	50577	1	0.002012
50560	51282	1	0.002012
50560	50371	2	0.004024
50560	51252	36	0.072435
50560	50899	1	0.002012
50560	51032	2	0.004024
50560	50623	1	0.002012
50561	51938	1	0.001245
50561	50255	1	0.001245
50561	51252	3	0.003736
50561	50815	4	0.004981
50563	51252	4	0.500000
50563	50917	2	0.250000
50564	51073	2	0.018692
50564	51586	2	0.018692
50564	50567	1	0.009346
50564	51344	1	0.009346
50564	50994	1	0.009346
50564	51485	2	0.018692
50564	50245	1	0.009346
50564	50722	1	0.009346
50564	51491	1	0.009346
50564	50546	1	0.009346
50564	51506	2	0.018692
50564	51252	2	0.018692
50564	50749	2	0.018692
50564	51523	1	0.009346
50564	51653	1	0.009346
50564	51274	3	0.028037
50564	51275	1	0.009346
50564	50508	2	0.018692
50564	50523	1	0.009346
50564	50531	1	0.009346
50564	50916	1	0.009346
50564	50277	1	0.009346
50564	51304	1	0.009346
50564	50671	1	0.009346
50564	50289	1	0.009346
50564	50290	1	0.009346
50564	51066	1	0.009346
50565	50305	2123	0.692207
50565	51428	2123	0.692207
50565	50566	2123	0.692207
50565	51599	2123	0.692207
50565	51868	2123	0.692207
50565	51869	2123	0.692207
50565	51742	2123	0.692207
50565	51107	2123	0.692207
50565	50468	2123	0.692207
50565	51877	9	0.002934
50565	51110	2123	0.692207
50565	51880	2123	0.692207
50565	50857	2123	0.692207
50565	50717	20	0.006521
50565	51252	2124	0.692533
50565	50974	4246	1.384415
50565	51894	2123	0.692207
50565	51136	2123	0.692207
50565	50372	2123	0.692207
50565	50252	2123	0.692207
50565	51023	2123	0.692207
50565	51410	2123	0.692207
50565	51541	2123	0.692207
50565	50903	2123	0.692207
50565	51172	2123	0.692207
50565	51036	2123	0.692207
50565	50528	2123	0.692207
50565	50274	2123	0.692207
50565	50659	2123	0.692207
50565	51684	10674	3.480274
50565	51301	2123	0.692207
50565	51819	2123	0.692207
50565	51437	2123	0.692207
50565	50557	2123	0.692207
50565	50291	2123	0.692207
50565	50427	2123	0.692207
50565	50812	2123	0.692207
50565	51837	2123	0.692207
50565	51236	2123	0.692207
50566	50305	457	0.508909
50566	50565	457	0.508909
50566	51599	457	0.508909
50566	51868	457	0.508909
50566	51869	457	0.508909
50566	51742	457	0.508909
50566	51107	457	0.508909
50566	50468	457	0.508909
50566	51110	457	0.508909
50566	51880	457	0.508909
50566	50857	457	0.508909
50566	50717	20	0.022272
50566	51172	457	0.508909
50566	51252	457	0.508909
50566	50974	914	1.017817
50566	51894	457	0.508909
50566	51136	457	0.508909
50566	50372	457	0.508909
50566	50252	457	0.508909
50566	51023	457	0.508909
50566	51410	457	0.508909
50566	51541	457	0.508909
50566	50903	457	0.508909
50566	51428	457	0.508909
50566	51036	457	0.508909
50566	50528	457	0.508909
50566	50274	457	0.508909
50566	50659	457	0.508909
50566	51684	2347	2.613586
50566	51301	457	0.508909
50566	51819	457	0.508909
50566	51437	457	0.508909
50566	50557	457	0.508909
50566	50291	457	0.508909
50566	50427	457	0.508909
50566	50812	457	0.508909
50566	51837	457	0.508909
50566	51236	457	0.508909
50567	51745	1	0.000179
50567	51586	4	0.000717
50567	51779	1	0.000179
50567	51482	1	0.000179
50567	51782	1	0.000179
50568	50889	16	0.421053
50569	51690	7	0.205882
50569	51779	4	0.117647
50569	50255	8	0.235294
50569	50719	4	0.117647
50571	50465	1	0.037037
50571	51586	2	0.074074
50571	51779	1	0.037037
50571	51847	3	0.111111
50571	51491	1	0.037037
50571	51274	1	0.037037
50571	50290	1	0.037037
50571	51277	1	0.037037
50571	50255	2	0.074074
50571	51344	1	0.037037
50571	51128	1	0.037037
50571	50546	2	0.074074
50571	50899	1	0.037037
50571	51252	1	0.037037
50571	51448	4	0.148148
50571	51225	1	0.037037
50571	51631	1	0.037037
50571	51357	1	0.037037
50571	50558	1	0.037037
50573	51078	8	0.004283
50573	51755	970	0.519272
50573	51076	970	0.519272
50573	51205	970	0.519272
50573	50310	970	0.519272
50573	51719	970	0.519272
50573	51209	970	0.519272
50573	50319	970	0.519272
50573	51088	970	0.519272
50573	51857	970	0.519272
50573	51602	970	0.519272
50573	50307	970	0.519272
50573	51477	970	0.519272
50573	51703	970	0.519272
50573	50585	970	0.519272
50573	50587	970	0.519272
50573	50464	970	0.519272
50573	50971	970	0.519272
50573	51237	970	0.519272
50573	50470	970	0.519272
50573	50999	970	0.519272
50573	51368	970	0.519272
50573	50473	970	0.519272
50573	51754	970	0.519272
50573	50987	970	0.519272
50573	51372	970	0.519272
50573	51117	970	0.519272
50573	50607	970	0.519272
50573	51276	970	0.519272
50573	50609	970	0.519272
50573	51443	970	0.519272
50573	51252	9	0.004818
50573	51166	970	0.519272
50573	50998	970	0.519272
50573	50359	970	0.519272
50573	50488	970	0.519272
50573	51003	970	0.519272
50573	51388	970	0.519272
50573	51647	970	0.519272
50573	50373	970	0.519272
50573	51143	970	0.519272
50573	51020	970	0.519272
50573	50271	970	0.519272
50573	50507	970	0.519272
50573	50764	970	0.519272
50573	51895	970	0.519272
50573	51534	970	0.519272
50573	51279	970	0.519272
50573	50897	970	0.519272
50573	51154	970	0.519272
50573	50516	970	0.519272
50573	50254	970	0.519272
50573	51928	970	0.519272
50573	50895	970	0.519272
50573	51933	970	0.519272
50573	50782	970	0.519272
50573	51807	970	0.519272
50573	50400	970	0.519272
50573	51043	970	0.519272
50573	51812	970	0.519272
50573	51302	970	0.519272
50573	51686	972	0.520343
50573	50920	970	0.519272
50573	51004	970	0.519272
50573	51563	970	0.519272
50573	51308	970	0.519272
50573	51566	970	0.519272
50573	51184	970	0.519272
50573	50675	970	0.519272
50573	51446	970	0.519272
50573	51319	970	0.519272
50573	51347	970	0.519272
50573	50555	970	0.519272
50574	50682	182	1.000000
50574	51203	182	1.000000
50574	50884	182	1.000000
50574	50250	182	1.000000
50574	51467	182	1.000000
50574	51822	182	1.000000
50574	50255	2	0.010989
50574	51252	9	0.049451
50574	50457	182	1.000000
50574	51897	182	1.000000
50574	51802	182	1.000000
50574	50762	182	1.000000
50574	50302	182	1.000000
50576	51938	1	0.020408
50576	51782	1	0.020408
50576	50577	1	0.020408
50576	51881	1	0.020408
50576	51274	2	0.040816
50576	50631	1	0.020408
50576	50508	1	0.020408
50576	51778	2	0.040816
50576	51586	8	0.163265
50576	51277	1	0.020408
50576	50289	1	0.020408
50576	50546	1	0.020408
50576	50868	1	0.020408
50576	51063	1	0.020408
50576	51484	1	0.020408
50577	51745	47	0.770492
50577	51938	1	0.016393
50577	51779	1	0.016393
50577	51466	1	0.016393
50577	51586	1	0.016393
50577	51344	2	0.032787
50577	50289	1	0.016393
50577	50546	1	0.016393
50577	50868	1	0.016393
50577	50558	4	0.065574
50578	51272	14	0.092105
50579	50242	469	0.997872
50579	50950	469	0.997872
50579	50758	469	0.997872
50579	51079	475	1.010638
50579	51049	469	0.997872
50579	51083	938	1.995745
50579	51341	6	0.012766
50579	51151	469	0.997872
50579	51095	469	0.997872
50579	50523	12	0.025532
50581	50939	33	0.042254
50581	51252	39	0.049936
50582	50560	327	3.987805
50582	51779	1	0.012195
50582	51252	243	2.963415
50582	50255	81	0.987805
50583	51030	105	1.019417
50584	50357	1	0.032258
50585	51755	200	0.576369
50585	51076	200	0.576369
50585	51205	200	0.576369
50585	50310	200	0.576369
50585	51719	200	0.576369
50585	51209	200	0.576369
50585	50573	200	0.576369
50585	51407	3	0.008646
50585	50319	200	0.576369
50585	51088	200	0.576369
50585	51857	200	0.576369
50585	51602	200	0.576369
50585	50307	200	0.576369
50585	51477	200	0.576369
50585	51703	200	0.576369
50585	50587	200	0.576369
50585	50464	200	0.576369
50585	50971	200	0.576369
50585	51237	200	0.576369
50585	50470	200	0.576369
50585	50999	200	0.576369
50585	51368	200	0.576369
50585	50473	200	0.576369
50585	51754	200	0.576369
50585	50987	200	0.576369
50585	51372	200	0.576369
50585	51117	200	0.576369
50585	50607	200	0.576369
50585	51276	200	0.576369
50585	50609	200	0.576369
50585	51443	200	0.576369
50585	51166	200	0.576369
50585	50998	200	0.576369
50585	50359	200	0.576369
50585	50488	200	0.576369
50585	51003	200	0.576369
50585	51388	200	0.576369
50585	51647	200	0.576369
50585	50373	200	0.576369
50585	51143	200	0.576369
50585	51020	200	0.576369
50585	50271	200	0.576369
50585	50507	200	0.576369
50585	50764	200	0.576369
50585	51895	200	0.576369
50585	51534	200	0.576369
50585	51279	200	0.576369
50585	50897	200	0.576369
50585	51154	200	0.576369
50585	50516	200	0.576369
50585	50254	200	0.576369
50585	51928	200	0.576369
50585	50895	200	0.576369
50585	51933	200	0.576369
50585	50782	200	0.576369
50585	51807	200	0.576369
50585	50400	200	0.576369
50585	51043	200	0.576369
50585	51812	200	0.576369
50585	51302	200	0.576369
50585	51686	200	0.576369
50585	50920	200	0.576369
50585	51004	200	0.576369
50585	51563	200	0.576369
50585	51308	200	0.576369
50585	51566	200	0.576369
50585	51184	200	0.576369
50585	50675	200	0.576369
50585	51446	200	0.576369
50585	51319	200	0.576369
50585	51347	200	0.576369
50585	50555	200	0.576369
50587	51755	224	0.670659
50587	51076	224	0.670659
50587	51205	224	0.670659
50587	50310	224	0.670659
50587	51719	224	0.670659
50587	51209	224	0.670659
50587	50573	224	0.670659
50587	50319	224	0.670659
50587	51088	224	0.670659
50587	51857	224	0.670659
50587	51602	224	0.670659
50587	50307	224	0.670659
50587	51477	224	0.670659
50587	51703	224	0.670659
50587	50585	224	0.670659
50587	50971	224	0.670659
50587	50464	224	0.670659
50587	51237	224	0.670659
50587	50470	224	0.670659
50587	50999	224	0.670659
50587	51368	224	0.670659
50587	50473	224	0.670659
50587	51754	224	0.670659
50587	50987	224	0.670659
50587	51372	224	0.670659
50587	51117	224	0.670659
50587	50607	224	0.670659
50587	51276	224	0.670659
50587	50609	224	0.670659
50587	51443	224	0.670659
50587	51166	224	0.670659
50587	50998	224	0.670659
50587	50359	224	0.670659
50587	50488	224	0.670659
50587	51003	224	0.670659
50587	51388	224	0.670659
50587	51647	224	0.670659
50587	50373	224	0.670659
50587	51143	224	0.670659
50587	51020	224	0.670659
50587	50271	224	0.670659
50587	50507	224	0.670659
50587	50764	224	0.670659
50587	51895	224	0.670659
50587	51534	224	0.670659
50587	51279	224	0.670659
50587	50897	224	0.670659
50587	51154	224	0.670659
50587	50516	224	0.670659
50587	50254	224	0.670659
50587	51928	224	0.670659
50587	50895	224	0.670659
50587	51933	224	0.670659
50587	50782	224	0.670659
50587	51807	224	0.670659
50587	50400	224	0.670659
50587	51043	224	0.670659
50587	51812	224	0.670659
50587	51302	224	0.670659
50587	51686	224	0.670659
50587	50920	224	0.670659
50587	51004	224	0.670659
50587	51563	224	0.670659
50587	51308	224	0.670659
50587	51566	224	0.670659
50587	51184	224	0.670659
50587	50675	224	0.670659
50587	51446	224	0.670659
50587	51319	224	0.670659
50587	51347	224	0.670659
50587	50555	224	0.670659
50589	51794	42	3.818182
50590	51659	15	0.384615
50593	51106	2	0.002503
50593	51779	12	0.015019
50593	50918	2	0.002503
50593	51587	27	0.033792
50593	50255	1	0.001252
50593	51315	2	0.002503
50593	51252	20	0.025031
50593	51381	2	0.002503
50593	50815	2	0.002503
50594	51204	1	0.002841
50594	51877	4	0.011364
50594	50728	6	0.017045
50594	51593	7	0.019886
50594	51341	4	0.011364
50594	51310	2	0.005682
50594	50815	6	0.017045
50594	50623	3	0.008523
50597	51252	4	0.307692
50598	50530	373	0.994667
50598	50534	1	0.002667
50598	50535	373	0.994667
50598	51586	2	0.005333
50598	51773	89	0.237333
50598	51252	3	0.008000
50598	51938	1	0.002667
50598	51357	1	0.002667
50599	51842	32	0.744186
50600	50560	1	0.013514
50600	50817	1	0.013514
50600	51586	23	0.310811
50600	51332	1	0.013514
50600	51078	2	0.027027
50600	50567	1	0.013514
50600	51593	1	0.013514
50600	51082	1	0.013514
50600	50699	1	0.013514
50600	50956	1	0.013514
50600	51341	1	0.013514
50600	51598	1	0.013514
50600	51344	3	0.040541
50600	51217	1	0.013514
50600	51073	1	0.013514
50600	50755	1	0.013514
50600	50286	1	0.013514
50600	51865	1	0.013514
50600	51482	1	0.013514
50600	51311	1	0.013514
50600	51613	3	0.040541
50600	50245	1	0.013514
50600	51104	1	0.013514
50600	50416	1	0.013514
50600	50594	1	0.013514
50600	50728	1	0.013514
50600	51881	1	0.013514
50600	51523	1	0.013514
50600	51016	1	0.013514
50600	50994	1	0.013514
50600	50868	4	0.054054
50600	51254	1	0.013514
50600	50889	1	0.013514
50600	50360	1	0.013514
50600	51807	1	0.013514
50600	51389	1	0.013514
50600	50623	2	0.027027
50600	51777	1	0.013514
50600	51779	1	0.013514
50600	51653	1	0.013514
50600	50887	1	0.013514
50600	51272	1	0.013514
50600	50505	1	0.013514
50600	51530	1	0.013514
50600	50487	1	0.013514
50600	50380	1	0.013514
50600	50466	1	0.013514
50600	50829	1	0.013514
50600	51030	1	0.013514
50600	50647	1	0.013514
50600	51800	1	0.013514
50600	50916	1	0.013514
50600	50267	1	0.013514
50600	51038	1	0.013514
50600	50655	1	0.013514
50600	51936	1	0.013514
50600	51533	1	0.013514
50600	50404	1	0.013514
50600	50405	1	0.013514
50600	50534	1	0.013514
50600	51304	1	0.013514
50600	50921	1	0.013514
50600	51701	1	0.013514
50600	51565	1	0.013514
50600	51310	1	0.013514
50600	50671	1	0.013514
50600	50544	1	0.013514
50600	50933	1	0.013514
50600	50601	1	0.013514
50600	51430	1	0.013514
50600	50425	2	0.027027
50600	51066	1	0.013514
50600	50602	1	0.013514
50600	50687	1	0.013514
50601	51593	3	0.000886
50601	51084	2	0.000591
50601	51598	139	0.041051
50601	50577	1	0.000295
50601	50755	3	0.000886
50601	51865	1	0.000295
50601	51357	4	0.001181
50601	51787	2	0.000591
50601	51877	1	0.000295
50601	51496	2	0.000591
50601	50482	1	0.000295
50601	51636	1	0.000295
50601	50869	4	0.001181
50601	51252	2525	0.745718
50601	50623	4	0.001181
50601	51779	9	0.002658
50601	51530	2	0.000591
50601	50507	1	0.000295
50601	51788	6	0.001772
50601	50255	1	0.000295
50601	51298	2	0.000591
50601	50918	3	0.000886
50601	51310	1	0.000295
50601	51695	1	0.000295
50601	50546	2	0.000591
50601	51315	4	0.001181
50601	50815	14	0.004135
50602	51586	1	0.001451
50602	50631	1	0.001451
50602	50858	6	0.008708
50602	51698	3	0.004354
50602	50868	6	0.008708
50602	50558	15	0.021771
50602	51800	534	0.775036
50602	50846	1	0.001451
50602	50975	6	0.008708
50603	50404	1	0.001221
50603	50600	2	0.002442
50603	50255	20	0.024420
50603	51759	108	0.131868
50603	51344	2	0.002442
50603	50260	18	0.021978
50603	51766	2	0.002442
50603	51767	302	0.368742
50603	51252	237	0.289377
50603	51227	2	0.002442
50603	51887	30	0.036630
50603	50623	2	0.002442
50604	51586	2	0.002099
50604	51779	2	0.002099
50604	50404	1	0.001049
50604	50600	2	0.002099
50604	50255	27	0.028332
50604	51344	2	0.002099
50604	51227	2	0.002099
50604	51759	145	0.152151
50604	50260	27	0.028332
50604	51766	3	0.003148
50604	51767	377	0.395593
50604	51252	281	0.294858
50604	51887	49	0.051417
50604	50623	2	0.002099
50605	51779	3	0.004687
50605	51332	2	0.003125
50605	51217	1	0.001563
50605	51847	1	0.001563
50605	50858	2	0.003125
50605	50255	2	0.003125
50605	50577	1	0.001563
50605	51698	1	0.001563
50605	50868	5	0.007812
50605	51636	8	0.012500
50605	50289	1	0.001563
50605	50899	1	0.001563
50605	50340	2	0.003125
50605	50267	2	0.003125
50605	50749	669	1.045313
50605	50623	1	0.001563
50606	51624	98	1.042553
50607	51078	12	0.028369
50607	51755	268	0.633570
50607	51076	268	0.633570
50607	51205	268	0.633570
50607	50310	268	0.633570
50607	51719	268	0.633570
50607	51209	268	0.633570
50607	50573	268	0.633570
50607	50319	268	0.633570
50607	51088	268	0.633570
50607	51857	268	0.633570
50607	51602	268	0.633570
50607	50307	268	0.633570
50607	51477	268	0.633570
50607	51703	268	0.633570
50607	50585	268	0.633570
50607	50587	268	0.633570
50607	50464	268	0.633570
50607	50971	268	0.633570
50607	51237	268	0.633570
50607	50470	268	0.633570
50607	50999	268	0.633570
50607	51368	268	0.633570
50607	50473	268	0.633570
50607	51754	268	0.633570
50607	50987	268	0.633570
50607	51372	268	0.633570
50607	51117	268	0.633570
50607	51276	268	0.633570
50607	50609	268	0.633570
50607	51443	268	0.633570
50607	51252	6	0.014184
50607	51166	268	0.633570
50607	50998	268	0.633570
50607	50359	268	0.633570
50607	50488	268	0.633570
50607	51003	268	0.633570
50607	51388	268	0.633570
50607	51647	268	0.633570
50607	50373	268	0.633570
50607	51143	268	0.633570
50607	51020	268	0.633570
50607	50271	268	0.633570
50607	50507	268	0.633570
50607	50764	268	0.633570
50607	51895	268	0.633570
50607	51534	268	0.633570
50607	51279	268	0.633570
50607	50897	268	0.633570
50607	51154	268	0.633570
50607	50516	268	0.633570
50607	50254	268	0.633570
50607	51928	268	0.633570
50607	50895	268	0.633570
50607	51933	268	0.633570
50607	50782	268	0.633570
50607	51807	268	0.633570
50607	50400	268	0.633570
50607	51043	268	0.633570
50607	51812	268	0.633570
50607	51302	268	0.633570
50607	51686	268	0.633570
50607	50920	268	0.633570
50607	51004	268	0.633570
50607	51563	268	0.633570
50607	51308	268	0.633570
50607	51566	268	0.633570
50607	51184	268	0.633570
50607	50675	268	0.633570
50607	51446	268	0.633570
50607	51319	268	0.633570
50607	51347	268	0.633570
50607	50555	268	0.633570
50608	51104	1	0.017241
50609	51078	150	0.501672
50609	51755	183	0.612040
50609	51076	183	0.612040
50609	51205	183	0.612040
50609	50310	183	0.612040
50609	51719	183	0.612040
50609	51209	183	0.612040
50609	50573	183	0.612040
50609	50319	183	0.612040
50609	51088	183	0.612040
50609	51857	183	0.612040
50609	51602	183	0.612040
50609	50307	183	0.612040
50609	51477	183	0.612040
50609	51703	183	0.612040
50609	50585	183	0.612040
50609	50587	183	0.612040
50609	50464	183	0.612040
50609	50971	183	0.612040
50609	51237	183	0.612040
50609	50470	183	0.612040
50609	51368	183	0.612040
50609	50473	183	0.612040
50609	51754	183	0.612040
50609	50987	183	0.612040
50609	51372	183	0.612040
50609	51117	183	0.612040
50609	50607	183	0.612040
50609	51276	183	0.612040
50609	50999	183	0.612040
50609	51443	183	0.612040
50609	51166	183	0.612040
50609	50998	183	0.612040
50609	50359	183	0.612040
50609	50488	183	0.612040
50609	51003	183	0.612040
50609	51388	183	0.612040
50609	51647	183	0.612040
50609	51779	25	0.083612
50609	50373	183	0.612040
50609	51143	183	0.612040
50609	51020	183	0.612040
50609	50271	183	0.612040
50609	50507	183	0.612040
50609	50764	183	0.612040
50609	51895	183	0.612040
50609	51534	183	0.612040
50609	51279	183	0.612040
50609	50897	183	0.612040
50609	51154	183	0.612040
50609	50516	183	0.612040
50609	50254	183	0.612040
50609	51928	183	0.612040
50609	50895	183	0.612040
50609	51933	183	0.612040
50609	50782	183	0.612040
50609	51807	183	0.612040
50609	50400	183	0.612040
50609	51043	183	0.612040
50609	51812	183	0.612040
50609	51302	183	0.612040
50609	51686	183	0.612040
50609	50920	183	0.612040
50609	51004	183	0.612040
50609	51563	183	0.612040
50609	51308	183	0.612040
50609	51566	183	0.612040
50609	51184	183	0.612040
50609	50675	183	0.612040
50609	51446	183	0.612040
50609	51319	183	0.612040
50609	51347	183	0.612040
50609	50555	183	0.612040
50610	51424	558	0.687192
50610	51429	558	0.687192
50610	50726	558	0.687192
50610	51531	558	0.687192
50610	50734	558	0.687192
50610	50418	558	0.687192
50610	50452	558	0.687192
50610	51514	558	0.687192
50610	50714	558	0.687192
50612	51799	1018	0.786100
50614	51456	1	0.017241
50614	51586	1	0.017241
50614	50404	2	0.034483
50614	51653	6	0.103448
50614	51591	1	0.017241
50614	50729	1	0.017241
50614	51242	1	0.017241
50614	51149	1	0.017241
50614	51701	1	0.017241
50614	51190	1	0.017241
50614	51227	1	0.017241
50614	50623	3	0.051724
50615	51252	1	0.021277
50615	51221	41	0.872340
50615	50815	3	0.063830
50616	50286	399	8.142857
50618	51788	1	0.001179
50618	51204	2	0.002358
50618	50815	8	0.009434
50618	50868	3	0.003538
50618	51063	1	0.001179
50619	51252	2	0.002235
50619	50918	1	0.001117
50620	50241	1	0.071429
50620	51252	14	1.000000
50621	51779	6	0.003176
50621	51369	2	0.001059
50621	50255	2	0.001059
50621	50707	1	0.000529
50621	51315	2	0.001059
50621	51252	55	0.029116
50621	50357	2	0.001059
50621	50968	1	0.000529
50621	51931	123	0.065114
50621	51357	1	0.000529
50622	50755	1	0.007874
50622	51252	1	0.007874
50622	51877	1	0.007874
50622	50270	317	2.496063
50623	50817	1	0.000300
50623	51586	12	0.003603
50623	51332	3	0.000901
50623	50954	2	0.000600
50623	50317	1	0.000300
50623	51344	2	0.000600
50623	50755	3	0.000901
50623	51230	4	0.001201
50623	51745	1	0.000300
50623	50466	1	0.000300
50623	51877	4	0.001201
50623	50855	1	0.000300
50623	51240	11	0.003302
50623	51881	1	0.000300
50623	50858	1	0.000300
50623	51698	9	0.002702
50623	50868	9	0.002702
50623	50614	1	0.000300
50623	51636	2	0.000600
50623	50495	1	0.000300
50623	51265	4	0.001201
50623	51779	7	0.002101
50623	51653	3	0.000901
50623	50887	1	0.000300
50623	51074	1	0.000300
50623	51147	1	0.000300
50623	50508	1	0.000300
50623	51277	5	0.001501
50623	50255	2	0.000600
50623	50899	1	0.000300
50623	50745	1	0.000300
50623	51252	3	0.000901
50623	51938	1	0.000300
50623	50404	12	0.003603
50623	50921	2	0.000600
50623	51311	1	0.000300
50623	50290	1	0.000300
50623	50546	2	0.000600
50623	50558	2	0.000600
50623	50815	12	0.003603
50624	51586	2	0.083333
50626	50904	5	0.263158
50626	51779	2	0.105263
50627	51698	1	0.043478
50627	50645	1	0.043478
50628	51794	25	5.000000
50628	51252	2	0.400000
50629	51105	1	0.031250
50629	51252	24	0.750000
50630	50756	16	0.002065
50630	51877	2	0.000258
50630	50954	2	0.000258
50630	51598	2	0.000258
50630	50255	2	0.000258
50630	51252	27	0.003484
50630	50869	64	0.008258
50630	51799	6609	0.852774
50630	50980	8	0.001032
50630	50623	2	0.000258
50631	51586	12	0.106195
50631	51653	1	0.008850
50631	51274	2	0.017699
50631	51275	2	0.017699
50631	51344	1	0.008850
50631	50868	1	0.008850
50631	50749	1	0.008850
50631	50558	2	0.017699
50634	50465	2	0.031746
50634	51586	28	0.444444
50634	51820	63	1.000000
50634	50868	22	0.349206
50634	51482	315	5.000000
50634	50846	126	2.000000
50635	50600	1	0.200000
50637	50968	1	0.001280
50637	51252	1	0.001280
50638	51482	420	5.000000
50638	51779	2	0.023810
50638	51820	84	1.000000
50638	51586	14	0.166667
50638	50846	168	2.000000
50640	51272	14	0.118644
50641	51794	19	1.266667
50641	51252	2	0.133333
50642	51252	2	0.002101
50644	51586	1	0.000632
50644	51779	4	0.002527
50644	50918	2	0.001263
50644	51369	1	0.000632
50644	51106	1	0.000632
50644	50255	3	0.001895
50644	50577	2	0.001263
50644	51252	97	0.061276
50644	50357	6	0.003790
50644	51671	3	0.001895
50644	51931	293	0.185092
50644	51484	1	0.000632
50646	50968	2	0.004167
50646	51209	1	0.002083
50646	51252	188	0.391667
50646	51877	2	0.004167
50646	50623	1	0.002083
50647	51586	4	0.014981
50647	50290	1	0.003745
50647	51078	245	0.917603
50647	50954	1	0.003745
50647	51074	1	0.003745
50647	51598	1	0.003745
50647	50577	1	0.003745
50647	50834	1	0.003745
50647	51054	2	0.007491
50647	50966	4	0.014981
50647	51484	1	0.003745
50647	51485	5	0.018727
50647	51870	243	0.910112
50647	50975	1	0.003745
50647	50465	2	0.007491
50647	50601	1	0.003745
50647	51698	2	0.007491
50647	51357	1	0.003745
50647	50868	1	0.003745
50647	51254	1	0.003745
50647	51779	17	0.063670
50647	50887	243	0.910112
50647	51016	1	0.003745
50647	51407	260	0.973783
50647	50899	1	0.003745
50647	50645	1	0.003745
50647	51799	1	0.003745
50647	50784	243	0.910112
50647	50791	244	0.913858
50647	51474	1	0.003745
50647	51565	1	0.003745
50647	51438	1	0.003745
50647	50546	2	0.007491
50647	51881	2	0.007491
50647	51448	14	0.052434
50647	51833	1	0.003745
50647	50426	2	0.007491
50647	50558	2	0.007491
50649	50939	226	0.255079
50650	50939	20	1.000000
50652	51777	6	0.007782
50652	50530	440	0.570687
50652	50534	1	0.001297
50652	50535	440	0.570687
50652	51586	3	0.003891
50652	51773	89	0.115435
50652	51252	14	0.018158
50652	51938	1	0.001297
50652	51357	3	0.003891
50653	50432	1	0.000214
50653	50817	38420	8.226981
50653	51586	3	0.000642
50653	50567	1	0.000214
50653	51208	1	0.000214
50653	51593	2	0.000428
50653	50954	2	0.000428
50653	51341	2	0.000428
50653	50755	2	0.000428
50653	50968	5	0.001071
50653	51357	5	0.001071
50653	50465	1	0.000214
50653	51877	5	0.001071
50653	50290	2	0.000428
50653	51252	2274	0.486938
50653	50623	5	0.001071
50653	50829	2	0.000428
50653	51779	10	0.002141
50653	51530	2	0.000428
50653	50255	10	0.002141
50653	51298	1	0.000214
50653	50404	10	0.002141
50653	50918	4	0.000857
50653	50921	2	0.000428
50653	51310	2	0.000428
50653	51698	1	0.000214
50653	51315	2	0.000428
50653	50815	17	0.003640
50654	51169	2	0.002541
50654	50868	1	0.001271
50654	51662	3	0.003812
50654	51198	3	0.003812
50654	50711	3	0.003812
50655	51778	5	0.004167
50655	51523	2	0.001667
50655	51204	8	0.006667
50655	51877	3	0.002500
50655	50534	3	0.002500
50655	51593	3	0.002500
50655	51530	3	0.002500
50655	50956	3	0.002500
50655	51938	3	0.002500
50655	51598	15	0.012500
50655	50255	3	0.002500
50655	50899	1	0.000833
50655	50868	9	0.007500
50655	51448	3	0.002500
50655	50815	3	0.002500
50655	51357	3	0.002500
50655	50623	3	0.002500
50656	51586	2	0.001318
50656	51779	6	0.003955
50656	51332	1	0.000659
50656	51877	1	0.000659
50656	51369	2	0.001318
50656	51466	3	0.001978
50656	50255	12	0.007910
50656	50355	1	0.000659
50656	51252	46	0.030323
50656	50357	3	0.001978
50656	51671	3	0.001978
50656	50968	2	0.001318
50656	51931	75	0.049440
50656	51357	1	0.000659
50657	51505	1	0.017241
50658	50816	1	0.001618
50658	51778	1	0.001618
50658	51779	3	0.004854
50658	51586	1	0.001618
50658	51668	2	0.003236
50658	51833	1	0.001618
50658	50975	4	0.006472
50659	50305	2067	0.764140
50659	51586	66	0.024399
50659	51428	2067	0.764140
50659	50566	2067	0.764140
50659	51599	2067	0.764140
50659	51868	2067	0.764140
50659	51869	2103	0.777449
50659	51742	2067	0.764140
50659	50565	2067	0.764140
50659	51107	2067	0.764140
50659	50468	2067	0.764140
50659	51110	2067	0.764140
50659	51880	2067	0.764140
50659	50857	2067	0.764140
50659	50717	36	0.013309
50659	51252	2067	0.764140
50659	50974	4134	1.528281
50659	51894	2067	0.764140
50659	51136	2067	0.764140
50659	50372	2067	0.764140
50659	50252	2067	0.764140
50659	51023	2067	0.764140
50659	51410	2067	0.764140
50659	51541	2067	0.764140
50659	50903	2067	0.764140
50659	51172	2067	0.764140
50659	51036	2067	0.764140
50659	51293	21	0.007763
50659	50528	2067	0.764140
50659	50274	2067	0.764140
50659	51684	14702	5.435120
50659	51301	2067	0.764140
50659	51819	2067	0.764140
50659	51437	2067	0.764140
50659	50557	2067	0.764140
50659	50291	2067	0.764140
50659	50427	2067	0.764140
50659	50812	2067	0.764140
50659	51837	2067	0.764140
50659	51236	2067	0.764140
50662	51217	1	0.016949
50662	51357	61	1.033898
50662	51310	1	0.016949
50663	51668	1	0.027778
50663	51794	74	2.055556
50663	51252	3	0.083333
50664	51779	6	0.006048
50664	51208	1	0.001008
50664	51315	2	0.002016
50664	50900	35	0.035282
50664	51252	665	0.670363
50664	51484	2	0.002016
50665	51881	31	1.068966
50665	51357	2	0.068966
50666	51106	1	0.022727
50666	51877	1	0.022727
50666	51357	1	0.022727
50668	51593	3	0.001167
50668	51084	2	0.000778
50668	51598	138	0.053696
50668	50577	1	0.000389
50668	50755	3	0.001167
50668	51865	1	0.000389
50668	51357	4	0.001556
50668	51877	1	0.000389
50668	51496	2	0.000778
50668	50601	23586	9.177432
50668	50482	1	0.000389
50668	51636	1	0.000389
50668	50869	4	0.001556
50668	51252	2038	0.792996
50668	50623	4	0.001556
50668	51779	6	0.002335
50668	51530	2	0.000778
50668	51787	2	0.000778
50668	51788	4	0.001556
50668	50255	1	0.000389
50668	51298	2	0.000778
50668	50918	2	0.000778
50668	51310	1	0.000389
50668	51695	1	0.000389
50668	50546	2	0.000778
50668	51315	4	0.001556
50668	50507	1	0.000389
50668	50815	13	0.005058
50669	51593	3	0.001241
50669	51084	2	0.000827
50669	51598	137	0.056658
50669	50577	1	0.000414
50669	50755	3	0.001241
50669	51865	1	0.000414
50669	51357	4	0.001654
50669	51787	2	0.000827
50669	51877	1	0.000414
50669	51496	2	0.000827
50669	50601	22869	9.457816
50669	50482	1	0.000414
50669	51636	1	0.000414
50669	50869	4	0.001654
50669	51252	2012	0.832093
50669	50623	4	0.001654
50669	51779	6	0.002481
50669	51530	2	0.000827
50669	50507	1	0.000414
50669	51788	4	0.001654
50669	50255	1	0.000414
50669	51298	2	0.000827
50669	50918	2	0.000827
50669	51310	1	0.000414
50669	51695	1	0.000414
50669	50546	2	0.000827
50669	51315	4	0.001654
50669	50815	13	0.005376
50671	50816	37	0.040839
50671	51586	6	0.006623
50671	50755	4	0.004415
50671	51881	1	0.001104
50671	50858	2	0.002208
50671	51074	4	0.004415
50671	51779	1	0.001104
50671	51698	2	0.002208
50671	50514	14	0.015453
50671	51066	15	0.016556
50671	51778	15	0.016556
50671	51448	49	0.054084
50671	51866	2	0.002208
50671	51613	2	0.002208
50671	50975	2	0.002208
50673	50944	1	0.018182
50673	50560	1	0.018182
50673	51586	2	0.036364
50673	51243	1	0.018182
50673	51460	1	0.018182
50673	50693	1	0.018182
50673	51078	1	0.018182
50673	50817	1	0.018182
50673	51593	1	0.018182
50673	51083	1	0.018182
50673	50956	1	0.018182
50673	51535	1	0.018182
50673	51598	1	0.018182
50673	50703	1	0.018182
50673	50904	1	0.018182
50673	50834	1	0.018182
50673	51221	1	0.018182
50673	51311	1	0.018182
50673	51485	1	0.018182
50673	51102	1	0.018182
50673	51615	1	0.018182
50673	50416	1	0.018182
50673	50594	1	0.018182
50673	51915	1	0.018182
50673	50338	1	0.018182
50673	50728	1	0.018182
50673	50601	1	0.018182
50673	50466	1	0.018182
50673	50993	1	0.018182
50673	51250	1	0.018182
50673	50355	1	0.018182
50673	51038	1	0.018182
50673	50889	1	0.018182
50673	50618	1	0.018182
50673	50975	1	0.018182
50673	50236	1	0.018182
50673	51389	1	0.018182
50673	50245	1	0.018182
50673	51777	1	0.018182
50673	50755	1	0.018182
50673	51653	1	0.018182
50673	50286	1	0.018182
50673	51272	1	0.018182
50673	50505	1	0.018182
50673	51530	1	0.018182
50673	51659	1	0.018182
50673	50508	1	0.018182
50673	51277	1	0.018182
50673	51821	1	0.018182
50673	50253	1	0.018182
50673	50552	1	0.018182
50673	51282	1	0.018182
50673	51284	1	0.018182
50673	50574	1	0.018182
50673	51030	1	0.018182
50673	50647	1	0.018182
50673	50383	1	0.018182
50673	51684	1	0.018182
50673	50255	1	0.018182
50673	51505	1	0.018182
50673	50270	1	0.018182
50673	50655	1	0.018182
50673	51936	1	0.018182
50673	51056	1	0.018182
50673	50531	1	0.018182
50673	50404	1	0.018182
50673	50917	1	0.018182
50673	51174	1	0.018182
50673	51665	1	0.018182
50673	51690	1	0.018182
50673	51565	1	0.018182
50673	51310	1	0.018182
50673	50671	1	0.018182
50673	50447	1	0.018182
50673	50600	1	0.018182
50673	51315	1	0.018182
50673	51794	1	0.018182
50673	50933	1	0.018182
50673	51321	1	0.018182
50673	50680	1	0.018182
50673	50553	1	0.018182
50673	51066	1	0.018182
50673	50299	1	0.018182
50673	51455	1	0.018182
50675	51078	60	0.136674
50675	51755	348	0.792711
50675	51076	348	0.792711
50675	51205	348	0.792711
50675	50310	348	0.792711
50675	51719	348	0.792711
50675	51209	348	0.792711
50675	50573	348	0.792711
50675	50319	348	0.792711
50675	51088	348	0.792711
50675	51857	348	0.792711
50675	51602	348	0.792711
50675	50307	348	0.792711
50675	51477	348	0.792711
50675	51703	348	0.792711
50675	50585	348	0.792711
50675	50587	348	0.792711
50675	50464	348	0.792711
50675	50971	348	0.792711
50675	51237	348	0.792711
50675	50470	348	0.792711
50675	50999	348	0.792711
50675	51368	348	0.792711
50675	50473	348	0.792711
50675	51754	348	0.792711
50675	50987	348	0.792711
50675	51372	348	0.792711
50675	51117	348	0.792711
50675	50607	348	0.792711
50675	51276	348	0.792711
50675	50609	348	0.792711
50675	51166	348	0.792711
50675	50998	348	0.792711
50675	50359	348	0.792711
50675	50488	348	0.792711
50675	51003	348	0.792711
50675	51388	348	0.792711
50675	51647	348	0.792711
50675	50373	348	0.792711
50675	51143	348	0.792711
50675	51020	348	0.792711
50675	50271	348	0.792711
50675	50507	348	0.792711
50675	50764	348	0.792711
50675	51895	348	0.792711
50675	51534	348	0.792711
50675	51279	348	0.792711
50675	50897	348	0.792711
50675	51154	348	0.792711
50675	50516	348	0.792711
50675	50254	348	0.792711
50675	51928	348	0.792711
50675	50895	351	0.799544
50675	51933	348	0.792711
50675	50782	348	0.792711
50675	51807	348	0.792711
50675	50400	348	0.792711
50675	51043	348	0.792711
50675	51812	348	0.792711
50675	51302	348	0.792711
50675	51686	348	0.792711
50675	50920	348	0.792711
50675	51004	348	0.792711
50675	51563	348	0.792711
50675	51308	348	0.792711
50675	51566	348	0.792711
50675	51184	348	0.792711
50675	51443	348	0.792711
50675	51446	348	0.792711
50675	51319	348	0.792711
50675	51347	348	0.792711
50675	50555	348	0.792711
50677	50904	1	0.058824
50680	51586	1	0.014925
50680	51779	3	0.044776
50682	51530	1	0.006098
50682	50447	2	0.012195
50682	51252	3	0.018293
50682	50574	491	2.993902
50682	50255	1	0.006098
50683	51779	6	0.010969
50683	50405	48	0.087751
50683	51881	6	0.010969
50683	50447	3	0.005484
50683	51505	6	0.010969
50683	51315	3	0.005484
50683	51448	3	0.005484
50683	51613	3	0.005484
50683	50910	3	0.005484
50684	51593	3	0.001202
50684	51084	2	0.000802
50684	51598	138	0.055311
50684	50577	1	0.000401
50684	50755	3	0.001202
50684	51865	1	0.000401
50684	51357	4	0.001603
50684	51877	1	0.000401
50684	51496	2	0.000802
50684	50601	23513	9.424048
50684	50482	1	0.000401
50684	51636	1	0.000401
50684	50869	4	0.001603
50684	51252	2048	0.820842
50684	50623	5	0.002004
50684	51779	6	0.002405
50684	51530	2	0.000802
50684	51787	2	0.000802
50684	51788	4	0.001603
50684	50255	1	0.000401
50684	51298	2	0.000802
50684	50918	2	0.000802
50684	51310	1	0.000401
50684	51695	1	0.000401
50684	50546	2	0.000802
50684	51315	4	0.001603
50684	50507	1	0.000401
50684	50815	13	0.005210
50686	51252	1	0.009901
50687	51586	1	0.002762
50687	51779	1	0.002762
50687	51016	7	0.019337
50687	51881	2	0.005525
50687	50868	1	0.002762
50687	50647	1	0.002762
50687	51485	1	0.002762
50687	50558	2	0.005525
50688	51489	646	0.719376
50688	50403	646	0.719376
50688	50529	646	0.719376
50688	50824	646	0.719376
50688	50665	4	0.004454
50688	50264	646	0.719376
50688	51546	646	0.719376
50688	50972	646	0.719376
50689	51624	70	1.060606
50690	50239	4	0.086957
50690	50383	10	0.217391
50692	51593	3	0.001158
50692	51084	2	0.000772
50692	51598	138	0.053261
50692	50577	1	0.000386
50692	50755	3	0.001158
50692	51865	1	0.000386
50692	51357	4	0.001544
50692	51787	2	0.000772
50692	51877	1	0.000386
50692	51496	2	0.000772
50692	50601	23848	9.204168
50692	50482	1	0.000386
50692	51636	1	0.000386
50692	50869	4	0.001544
50692	51252	2077	0.801621
50692	50623	5	0.001930
50692	51779	6	0.002316
50692	51530	2	0.000772
50692	50507	1	0.000386
50692	51788	4	0.001544
50692	50255	1	0.000386
50692	51298	2	0.000772
50692	50918	2	0.000772
50692	51310	1	0.000386
50692	51695	1	0.000386
50692	50546	2	0.000772
50692	51315	4	0.001544
50692	50815	13	0.005017
50693	50255	2	0.000272
50693	51252	4448	0.604266
50693	50327	2	0.000272
50693	50968	535	0.072680
50693	51006	1	0.000136
50693	51423	6	0.000815
50695	50904	5	0.312500
50696	51842	25	0.641026
50696	51779	1	0.025641
50697	51593	3	0.001233
50697	51084	2	0.000822
50697	51598	137	0.056309
50697	50577	1	0.000411
50697	50755	3	0.001233
50697	51865	1	0.000411
50697	51357	4	0.001644
50697	51787	2	0.000822
50697	51877	1	0.000411
50697	51496	2	0.000822
50697	50601	22720	9.338266
50697	50482	1	0.000411
50697	51636	1	0.000411
50697	50869	4	0.001644
50697	51252	1984	0.815454
50697	50623	4	0.001644
50697	51779	6	0.002466
50697	51530	2	0.000822
50697	50507	1	0.000411
50697	51788	4	0.001644
50697	50255	1	0.000411
50697	51298	2	0.000822
50697	50918	2	0.000822
50697	51310	1	0.000411
50697	51695	1	0.000411
50697	50546	2	0.000822
50697	51315	4	0.001644
50697	50815	13	0.005343
50699	50816	2	0.009434
50699	51586	7	0.033019
50699	51337	1	0.004717
50699	51344	1	0.004717
50699	51482	1	0.004717
50699	51613	1	0.004717
50699	50846	1	0.004717
50699	50975	2	0.009434
50699	50465	2	0.009434
50699	50722	2	0.009434
50699	50340	1	0.004717
50699	51698	7	0.033019
50699	50868	8	0.037736
50699	50618	1	0.004717
50699	50623	1	0.004717
50699	50241	6	0.028302
50699	51778	3	0.014151
50699	51779	2	0.009434
50699	50631	1	0.004717
50699	51277	4	0.018868
50699	50255	1	0.004717
50699	50673	1	0.004717
50699	50290	2	0.009434
50700	50918	2	0.035714
50701	50552	24	0.400000
50703	51877	1	0.005128
50703	51530	1	0.005128
50703	51204	4	0.020513
50703	51357	1	0.005128
50703	50719	1	0.005128
50704	51794	14	2.333333
50706	51272	13	0.074286
50707	50975	3	0.009346
50707	51905	3	0.009346
50707	51586	9	0.028037
50707	51779	3	0.009346
50707	50858	3	0.009346
50707	50576	3	0.009346
50707	50868	3	0.009346
50707	50357	3	0.009346
50707	51931	3	0.009346
50707	50645	3	0.009346
50708	51938	1	0.001215
50708	50255	1	0.001215
50708	51252	3	0.003645
50708	50745	2	0.002430
50708	50815	4	0.004860
50708	50623	2	0.002430
50709	51915	1	0.031250
50710	51779	6	0.006048
50710	51208	2	0.002016
50710	51315	2	0.002016
50710	50900	35	0.035282
50710	51252	662	0.667339
50710	51484	2	0.002016
50711	50755	1	0.001035
50711	51877	2	0.002070
50711	50954	1	0.001035
50711	51310	1	0.001035
50711	51252	6	0.006211
50711	51530	1	0.001035
50711	50623	1	0.001035
50712	51321	6	0.093750
50712	51252	1	0.015625
50712	51559	2	0.031250
50713	50465	1	0.066667
50713	51586	2	0.133333
50713	51779	3	0.200000
50713	50964	1	0.066667
50714	51424	411	0.652381
50714	51429	411	0.652381
50714	50726	411	0.652381
50714	51531	411	0.652381
50714	50610	411	0.652381
50714	50734	411	0.652381
50714	50418	411	0.652381
50714	50452	411	0.652381
50714	51514	411	0.652381
50716	51505	6	0.153846
50719	51938	4	0.036036
50719	51523	2	0.018018
50719	51530	1	0.009009
50719	50255	1	0.009009
50719	51217	1	0.009009
50719	51252	2	0.018018
50719	51357	3	0.027027
50719	50910	108	0.972973
50719	50655	1	0.009009
50720	51105	26	0.077612
50720	51106	1	0.002985
50720	50856	1	0.002985
50720	51668	2	0.005970
50720	51636	1	0.002985
50720	51861	2	0.005970
50720	51252	63	0.188060
50721	50787	2	0.166667
50721	51252	1	0.083333
50722	50241	2	0.008547
50722	50699	3	0.012821
50722	51698	3	0.012821
50722	50868	3	0.012821
50722	51636	3	0.012821
50722	51484	1	0.004274
50722	50623	3	0.012821
50723	51586	2	0.037736
50723	51252	46	0.867925
50723	50941	2	0.037736
50724	51779	6	0.006048
50724	51208	1	0.001008
50724	51315	2	0.002016
50724	50900	35	0.035282
50724	51252	662	0.667339
50724	51484	2	0.002016
50725	50868	48	0.905660
50725	51482	260	4.905660
50725	51820	52	0.981132
50725	51586	12	0.226415
50725	50846	104	1.962264
50726	51424	1086	0.752078
50726	50594	6	0.004155
50726	51779	1086	0.752078
50726	51429	1086	0.752078
50726	50918	2	0.001385
50726	51531	1086	0.752078
50726	50610	1086	0.752078
50726	50734	1086	0.752078
50726	50255	6	0.004155
50726	50418	1086	0.752078
50726	50452	1086	0.752078
50726	51514	1086	0.752078
50726	50714	1086	0.752078
50727	50465	1	0.111111
50727	51938	1	0.111111
50727	50290	8	0.888889
50727	50975	1	0.111111
50728	51074	1	0.000593
50728	50564	1	0.000593
50728	51078	3	0.001779
50728	51849	1	0.000593
50728	50954	2	0.001186
50728	50956	1	0.000593
50728	51586	1	0.000593
50728	51598	2	0.001186
50728	51344	2	0.001186
50728	50577	1	0.000593
50728	50834	1	0.000593
50728	50594	1	0.000593
50728	50601	3	0.001779
50728	50631	1	0.000593
50728	50607	1	0.000593
50728	50993	1	0.000593
50728	51252	6	0.003559
50728	50868	2	0.001186
50728	50618	1	0.000593
50728	51530	2	0.001186
50728	50887	1	0.000593
50728	50505	1	0.000593
50728	51274	1	0.000593
50728	50508	1	0.000593
50728	50253	1	0.000593
50728	50255	2	0.001186
50728	51799	1	0.000593
50728	50523	1	0.000593
50728	50655	1	0.000593
50728	51474	2	0.001186
50728	50289	1	0.000593
50728	51698	2	0.001186
50728	50933	1	0.000593
50728	50555	1	0.000593
50728	50815	10	0.005931
50729	51456	1152	0.665127
50729	51586	18	0.010393
50729	51653	18	0.010393
50729	51591	1152	0.665127
50729	51242	1152	0.665127
50729	51149	1152	0.665127
50729	50255	1152	0.665127
50729	51252	2374	1.370670
50729	51190	1152	0.665127
50729	51225	6	0.003464
50729	51227	6	0.003464
50729	50623	6	0.003464
50731	51586	2	0.037736
50731	51252	46	0.867925
50731	50941	2	0.037736
50733	50273	295	1.000000
50733	51330	295	1.000000
50733	50885	295	1.000000
50733	50790	295	1.000000
50733	51112	295	1.000000
50733	50332	295	1.000000
50733	50754	2	0.006780
50733	50232	295	1.000000
50733	51252	7	0.023729
50733	51861	295	1.000000
50733	51832	295	1.000000
50733	50809	295	1.000000
50733	51173	295	1.000000
50733	51164	295	1.000000
50733	51710	295	1.000000
50733	50757	295	1.000000
50734	51424	1023	0.679283
50734	51429	1023	0.679283
50734	50726	1023	0.679283
50734	51531	1023	0.679283
50734	50610	1023	0.679283
50734	51357	56	0.037185
50734	50418	1023	0.679283
50734	50452	1023	0.679283
50734	51800	8	0.005312
50734	51252	16	0.010624
50734	51514	1023	0.679283
50734	50714	1023	0.679283
50736	50980	20	0.011507
50736	51252	29	0.016686
50737	51252	7	1.166667
50738	51842	30	0.638298
50738	51252	3	0.063830
50738	51530	3	0.063830
50739	50904	1	0.055556
50739	51252	2	0.111111
50741	50255	1	0.071429
50742	51779	1	0.071429
50742	51252	2	0.142857
50743	50904	4	0.190476
50744	51250	70	1.590909
50744	51671	2	0.045455
50744	50255	35	0.795455
50745	51938	3	0.007426
50745	51779	2	0.004950
50745	50245	9	0.022277
50745	51274	3	0.007426
50745	51119	1	0.002475
50745	50531	3	0.007426
50745	51252	6	0.014851
50745	50939	3	0.007426
50745	51357	4	0.009901
50745	50623	3	0.007426
50748	51593	3	0.001238
50748	51084	2	0.000825
50748	51598	137	0.056518
50748	50577	1	0.000413
50748	50755	3	0.001238
50748	51865	1	0.000413
50748	51357	5	0.002063
50748	51877	1	0.000413
50748	51496	2	0.000825
50748	50601	22709	9.368399
50748	50482	1	0.000413
50748	51636	1	0.000413
50748	50869	4	0.001650
50748	51252	1989	0.820545
50748	50623	4	0.001650
50748	51779	6	0.002475
50748	51530	2	0.000825
50748	51787	2	0.000825
50748	51788	4	0.001650
50748	50255	2	0.000825
50748	51298	2	0.000825
50748	50918	2	0.000825
50748	51310	1	0.000413
50748	51695	1	0.000413
50748	50546	2	0.000825
50748	51315	4	0.001650
50748	50507	1	0.000413
50748	50815	13	0.005363
50749	51778	2627	0.892627
50749	51779	16	0.005437
50749	50605	30	0.010194
50749	51586	11	0.003738
50749	50255	4	0.001359
50749	51344	4	0.001359
50749	50290	4	0.001359
50749	51448	19	0.006456
50749	50975	4	0.001359
50749	50940	4	0.001359
50749	50558	4	0.001359
50749	50623	260	0.088345
50750	51593	3	0.001274
50750	51084	2	0.000849
50750	51598	137	0.058174
50750	50577	1	0.000425
50750	50755	3	0.001274
50750	51865	1	0.000425
50750	51357	4	0.001699
50750	51787	2	0.000849
50750	51877	1	0.000425
50750	51496	2	0.000849
50750	50601	22915	9.730361
50750	50482	1	0.000425
50750	51636	1	0.000425
50750	50869	4	0.001699
50750	51252	2001	0.849682
50750	50623	4	0.001699
50750	51779	6	0.002548
50750	51530	2	0.000849
50750	50507	1	0.000425
50750	51788	4	0.001699
50750	50255	1	0.000425
50750	51298	2	0.000849
50750	50918	2	0.000849
50750	51310	1	0.000425
50750	51695	1	0.000425
50750	50546	2	0.000849
50750	51315	4	0.001699
50750	50815	13	0.005520
50751	51842	28	0.800000
50751	51252	2	0.057143
50752	51105	1	0.018868
50752	51252	24	0.452830
50753	51038	1	1.000000
50754	50273	289	1.021201
50754	51330	289	1.021201
50754	50757	289	1.021201
50754	50790	290	1.024735
50754	51112	289	1.021201
50754	50332	289	1.021201
50754	50508	1	0.003534
50754	50733	289	1.021201
50754	50968	1	0.003534
50754	50232	289	1.021201
50754	51252	7	0.024735
50754	51861	289	1.021201
50754	51832	289	1.021201
50754	50809	289	1.021201
50754	51173	289	1.021201
50754	51164	289	1.021201
50754	51710	289	1.021201
50754	50885	289	1.021201
50755	51586	41	0.021388
50755	51074	1	0.000522
50755	50959	1	0.000522
50755	51344	5	0.002608
50755	50671	3	0.001565
50755	51357	4	0.002087
50755	50846	2	0.001043
50755	50975	1	0.000522
50755	50340	1	0.000522
50755	50858	2	0.001043
50755	51119	1	0.000522
50755	51507	3	0.001565
50755	51636	2	0.001043
50755	50360	2	0.001043
50755	50868	3	0.001565
50755	50623	14	0.007303
50755	51779	15	0.007825
50755	51782	1	0.000522
50755	51277	2	0.001043
50755	51252	1	0.000522
50755	50916	2	0.001043
50755	51311	2	0.001043
50755	50416	2	0.001043
50755	50673	2	0.001043
50755	51060	1	0.000522
50755	51448	2	0.001043
50755	51066	4	0.002087
50755	50558	1	0.000522
50755	50815	9	0.004695
50756	51877	20	0.008326
50756	51598	34	0.014155
50756	50389	6	0.002498
50756	51799	12	0.004996
50756	50623	20	0.008326
50756	50815	6	0.002498
50757	50273	79	1.000000
50757	51330	79	1.000000
50757	50885	79	1.000000
50757	50790	79	1.000000
50757	51112	79	1.000000
50757	50332	79	1.000000
50757	50733	79	1.000000
50757	50232	79	1.000000
50757	51252	1	0.012658
50757	51861	79	1.000000
50757	50754	1	0.012658
50757	51832	79	1.000000
50757	50809	79	1.000000
50757	51164	79	1.000000
50757	51710	79	1.000000
50757	51173	79	1.000000
50758	50242	168	0.893617
50758	51779	2	0.010638
50758	50950	168	0.893617
50758	51079	168	0.893617
50758	51049	168	0.893617
50758	51083	369	1.962766
50758	51151	168	0.893617
50758	50579	168	0.893617
50758	51252	5	0.026596
50758	51095	168	0.893617
50760	51505	3	0.136364
50761	51106	2	0.002497
50761	51779	12	0.014981
50761	50918	2	0.002497
50761	51587	27	0.033708
50761	50255	1	0.001248
50761	51315	2	0.002497
50761	51252	20	0.024969
50761	51381	2	0.002497
50761	50815	2	0.002497
50762	51252	12	0.142857
50762	50574	172	2.047619
50762	50255	1	0.011905
50764	51078	20	0.129870
50764	51755	47	0.305195
50764	51076	47	0.305195
50764	51205	47	0.305195
50764	50310	47	0.305195
50764	51719	47	0.305195
50764	51209	47	0.305195
50764	50573	47	0.305195
50764	50319	47	0.305195
50764	51088	47	0.305195
50764	51857	47	0.305195
50764	51602	47	0.305195
50764	50307	47	0.305195
50764	51477	47	0.305195
50764	51703	47	0.305195
50764	50585	47	0.305195
50764	50587	47	0.305195
50764	50464	47	0.305195
50764	50971	47	0.305195
50764	51237	47	0.305195
50764	50470	47	0.305195
50764	50999	47	0.305195
50764	51368	47	0.305195
50764	50473	47	0.305195
50764	51754	47	0.305195
50764	50987	47	0.305195
50764	51372	47	0.305195
50764	51117	47	0.305195
50764	50607	47	0.305195
50764	50609	47	0.305195
50764	51443	47	0.305195
50764	51252	10	0.064935
50764	51166	47	0.305195
50764	50998	47	0.305195
50764	50359	47	0.305195
50764	50488	47	0.305195
50764	51003	47	0.305195
50764	51388	47	0.305195
50764	51647	47	0.305195
50764	50373	47	0.305195
50764	51143	47	0.305195
50764	51276	47	0.305195
50764	50271	47	0.305195
50764	50507	47	0.305195
50764	51020	47	0.305195
50764	51895	47	0.305195
50764	51534	47	0.305195
50764	51279	47	0.305195
50764	50897	47	0.305195
50764	51154	47	0.305195
50764	50516	47	0.305195
50764	50254	47	0.305195
50764	51928	47	0.305195
50764	50895	47	0.305195
50764	51933	47	0.305195
50764	50782	47	0.305195
50764	51807	47	0.305195
50764	50400	47	0.305195
50764	51043	47	0.305195
50764	51812	47	0.305195
50764	51302	47	0.305195
50764	51686	47	0.305195
50764	50920	47	0.305195
50764	51004	47	0.305195
50764	51563	47	0.305195
50764	51308	47	0.305195
50764	51566	47	0.305195
50764	51184	47	0.305195
50764	50675	47	0.305195
50764	51446	47	0.305195
50764	51319	47	0.305195
50764	51347	47	0.305195
50764	50555	47	0.305195
50769	51593	3	0.001176
50769	51084	2	0.000784
50769	51598	138	0.054118
50769	50577	1	0.000392
50769	50755	3	0.001176
50769	51865	1	0.000392
50769	51357	4	0.001569
50769	51787	2	0.000784
50769	51877	1	0.000392
50769	51496	2	0.000784
50769	50601	24551	9.627843
50769	50482	1	0.000392
50769	51636	1	0.000392
50769	50869	4	0.001569
50769	51252	2077	0.814510
50769	50623	5	0.001961
50769	51779	6	0.002353
50769	51530	2	0.000784
50769	50507	1	0.000392
50769	51788	4	0.001569
50769	50255	1	0.000392
50769	51298	2	0.000784
50769	50918	2	0.000784
50769	51310	1	0.000392
50769	51695	1	0.000392
50769	50546	2	0.000784
50769	51315	4	0.001569
50769	50815	13	0.005098
50770	50432	1	0.000206
50770	50817	38884	7.990958
50770	51586	3	0.000617
50770	50567	1	0.000206
50770	51208	1	0.000206
50770	51593	2	0.000411
50770	50954	2	0.000411
50770	51341	2	0.000411
50770	51779	11	0.002261
50770	50968	5	0.001028
50770	51357	5	0.001028
50770	50465	1	0.000206
50770	51877	7	0.001439
50770	50290	2	0.000411
50770	51252	2308	0.474312
50770	50623	5	0.001028
50770	50755	2	0.000411
50770	51530	2	0.000411
50770	50829	2	0.000411
50770	50255	11	0.002261
50770	51298	1	0.000206
50770	50404	10	0.002055
50770	50918	4	0.000822
50770	50921	2	0.000411
50770	51310	2	0.000411
50770	51698	2	0.000411
50770	51315	2	0.000411
50770	50815	17	0.003494
50773	51842	34	0.829268
50776	51610	2	0.002418
50776	50531	2	0.002418
50776	51252	34	0.041112
50776	50939	1	0.001209
50779	51315	2	0.002789
50779	51435	5	0.006974
50779	51252	14	0.019526
50779	51046	14	0.019526
50779	50815	4	0.005579
50780	51315	2	0.002789
50780	51435	5	0.006974
50780	51252	14	0.019526
50780	51046	13	0.018131
50780	50815	4	0.005579
50781	51252	3	0.003606
50782	51078	29	0.053016
50782	51586	2	0.003656
50782	51755	403	0.736746
50782	51076	403	0.736746
50782	51205	403	0.736746
50782	50310	403	0.736746
50782	51719	403	0.736746
50782	51209	403	0.736746
50782	50573	403	0.736746
50782	50319	403	0.736746
50782	51088	403	0.736746
50782	51857	403	0.736746
50782	51602	403	0.736746
50782	50307	403	0.736746
50782	51477	403	0.736746
50782	51703	403	0.736746
50782	50585	403	0.736746
50782	50587	403	0.736746
50782	51357	4	0.007313
50782	50464	403	0.736746
50782	50971	403	0.736746
50782	51237	403	0.736746
50782	50470	403	0.736746
50782	50999	403	0.736746
50782	51368	403	0.736746
50782	50473	403	0.736746
50782	51754	403	0.736746
50782	50987	403	0.736746
50782	51372	403	0.736746
50782	51117	403	0.736746
50782	50607	403	0.736746
50782	51276	403	0.736746
50782	50609	403	0.736746
50782	51443	403	0.736746
50782	51252	7	0.012797
50782	50998	403	0.736746
50782	50359	403	0.736746
50782	50488	403	0.736746
50782	51003	403	0.736746
50782	51388	403	0.736746
50782	51647	403	0.736746
50782	50373	403	0.736746
50782	51143	403	0.736746
50782	51020	403	0.736746
50782	50271	403	0.736746
50782	50507	403	0.736746
50782	50764	403	0.736746
50782	51895	403	0.736746
50782	51534	403	0.736746
50782	51279	403	0.736746
50782	50897	403	0.736746
50782	51154	403	0.736746
50782	50516	403	0.736746
50782	50254	403	0.736746
50782	51928	403	0.736746
50782	50895	403	0.736746
50782	51933	403	0.736746
50782	51166	403	0.736746
50782	51807	403	0.736746
50782	50400	403	0.736746
50782	51043	403	0.736746
50782	51812	403	0.736746
50782	51302	403	0.736746
50782	51686	403	0.736746
50782	50920	403	0.736746
50782	51004	403	0.736746
50782	51563	403	0.736746
50782	51308	403	0.736746
50782	51566	403	0.736746
50782	51184	403	0.736746
50782	50675	403	0.736746
50782	51446	403	0.736746
50782	51319	403	0.736746
50782	51347	403	0.736746
50782	50555	403	0.736746
50783	51272	23	0.389831
50784	51448	8	0.020672
50784	50816	1	0.002584
50784	51698	1	0.002584
50784	50647	6	0.015504
50785	51936	42	21.000000
50785	50594	2	1.000000
50785	50255	4	2.000000
50786	51106	2	0.002497
50786	51779	12	0.014981
50786	50918	2	0.002497
50786	51587	27	0.033708
50786	50255	1	0.001248
50786	51315	2	0.002497
50786	51252	21	0.026217
50786	51381	2	0.002497
50786	50815	2	0.002497
50787	50816	33	0.029650
50787	51586	6	0.005391
50787	50954	1	0.000898
50787	51084	11	0.009883
50787	51074	2	0.001797
50787	50577	8	0.007188
50787	51357	871	0.782570
50787	50975	2	0.001797
50787	50465	2	0.001797
50787	51877	1	0.000898
50787	51252	2	0.001797
50787	51254	2	0.001797
50787	50618	9	0.008086
50787	50623	4	0.003594
50787	51778	1	0.000898
50787	51779	8	0.007188
50787	50508	3	0.002695
50787	50380	11	0.009883
50787	51533	8	0.007188
50787	51277	1	0.000898
50787	50899	12	0.010782
50787	50772	2	0.001797
50787	51938	3	0.002695
50787	50287	5	0.004492
50787	51698	3	0.002695
50788	50968	2	0.004796
50788	50939	258	0.618705
50788	51252	52	0.124700
50789	51272	13	0.118182
50789	51252	1	0.009091
50790	50273	157	1.000000
50790	51330	157	1.000000
50790	50757	157	1.000000
50790	51112	157	1.000000
50790	50332	328	2.089172
50790	50733	157	1.000000
50790	50232	157	1.000000
50790	50754	1	0.006369
50790	51861	157	1.000000
50790	51832	157	1.000000
50790	50809	157	1.000000
50790	51173	157	1.000000
50790	51164	157	1.000000
50790	51710	157	1.000000
50790	50885	157	1.000000
50791	50647	2	0.095238
50792	50432	1	0.000188
50792	50817	38927	7.328125
50792	51586	4	0.000753
50792	51332	1	0.000188
50792	50567	1	0.000188
50792	51208	1	0.000188
50792	51593	2	0.000377
50792	50954	2	0.000377
50792	51341	2	0.000377
50792	50755	2	0.000377
50792	50968	6	0.001130
50792	51357	5	0.000941
50792	50465	1	0.000188
50792	51877	5	0.000941
50792	50290	2	0.000377
50792	51252	2322	0.437123
50792	50623	5	0.000941
50792	50829	2	0.000377
50792	51779	11	0.002071
50792	51530	2	0.000377
50792	50255	10	0.001883
50792	51298	1	0.000188
50792	50404	10	0.001883
50792	50918	4	0.000753
50792	50921	2	0.000377
50792	51310	2	0.000377
50792	51698	1	0.000188
50792	51315	2	0.000377
50792	50815	17	0.003200
50793	50577	1	0.032258
50793	50357	72	2.322581
50794	51777	1960	0.912052
50794	50530	1955	0.909725
50794	50535	1955	0.909725
50795	51586	2	0.002096
50795	51779	2	0.002096
50795	50404	1	0.001048
50795	50600	2	0.002096
50795	50255	25	0.026205
50795	51344	2	0.002096
50795	51227	2	0.002096
50795	51759	145	0.151992
50795	50260	27	0.028302
50795	51766	3	0.003145
50795	51767	377	0.395178
50795	51252	280	0.293501
50795	51887	49	0.051363
50795	50623	2	0.002096
50796	51252	30	0.937500
50797	50968	2	0.002200
50797	50745	1	0.001100
50797	51252	2	0.002200
50798	51252	2	0.002439
50799	51448	1	0.017857
50800	51593	3	0.001206
50800	51084	2	0.000804
50800	51598	138	0.055489
50800	50577	1	0.000402
50800	50755	3	0.001206
50800	51865	1	0.000402
50800	51357	4	0.001608
50800	51877	1	0.000402
50800	51496	2	0.000804
50800	50601	23967	9.636912
50800	50482	1	0.000402
50800	51636	1	0.000402
50800	50869	4	0.001608
50800	51252	2061	0.828709
50800	50623	5	0.002010
50800	51779	6	0.002413
50800	51530	2	0.000804
50800	51787	2	0.000804
50800	51788	4	0.001608
50800	50255	1	0.000402
50800	51298	2	0.000804
50800	50918	2	0.000804
50800	51310	1	0.000402
50800	51695	1	0.000402
50800	50546	2	0.000804
50800	51315	4	0.001608
50800	50507	1	0.000402
50800	50815	13	0.005227
50801	51842	22	0.666667
50801	51252	3	0.090909
50802	51821	3	0.000368
50802	50910	7669	0.941213
50803	51252	1	0.034483
50803	50255	1	0.034483
50805	50286	481	8.016667
50806	50817	3	0.003650
50806	50939	885	1.076642
50806	51252	85	0.103406
50806	50745	3	0.003650
50807	51777	2	0.021053
50807	51277	2	0.021053
50807	50534	3	0.031579
50809	50273	474	1.000000
50809	51330	474	1.000000
50809	50757	474	1.000000
50809	50790	474	1.000000
50809	51112	474	1.000000
50809	50332	474	1.000000
50809	50733	474	1.000000
50809	50232	474	1.000000
50809	51252	11	0.023207
50809	51861	474	1.000000
50809	50754	1	0.002110
50809	51832	474	1.000000
50809	51173	474	1.000000
50809	51164	474	1.000000
50809	51710	474	1.000000
50809	50885	474	1.000000
50810	50531	4	0.057971
50810	50939	45	0.652174
50810	50309	30	0.434783
50810	50745	2	0.028986
50811	51653	1	0.025641
50812	50305	4204	0.733682
50812	51428	4204	0.733682
50812	50566	4204	0.733682
50812	51599	4204	0.733682
50812	51868	4204	0.733682
50812	51869	4204	0.733682
50812	51742	4204	0.733682
50812	50565	4204	0.733682
50812	51107	4204	0.733682
50812	50468	4204	0.733682
50812	51110	4204	0.733682
50812	51880	4204	0.733682
50812	50857	4204	0.733682
50812	50717	40	0.006981
50812	51252	4240	0.739965
50812	50974	8408	1.467365
50812	51894	4204	0.733682
50812	51386	20	0.003490
50812	51136	4204	0.733682
50812	50372	4204	0.733682
50812	50252	4204	0.733682
50812	51023	4204	0.733682
50812	51410	4204	0.733682
50812	51541	4204	0.733682
50812	50903	4204	0.733682
50812	51172	4204	0.733682
50812	51036	4204	0.733682
50812	51293	13	0.002269
50812	50528	4204	0.733682
50812	50274	4204	0.733682
50812	50659	4204	0.733682
50812	51684	16912	2.951483
50812	51301	4204	0.733682
50812	51819	4204	0.733682
50812	51437	4204	0.733682
50812	50557	4204	0.733682
50812	50291	4204	0.733682
50812	50427	4204	0.733682
50812	51837	4204	0.733682
50812	51236	4204	0.733682
50814	51586	8	0.019277
50814	50954	1	0.002410
50814	51084	1	0.002410
50814	50755	2	0.004819
50814	50968	1	0.002410
50814	51613	1	0.002410
50814	50719	1	0.002410
50814	50466	1	0.002410
50814	51877	6	0.014458
50814	51496	4	0.009639
50814	50858	20	0.048193
50814	51357	10	0.024096
50814	51252	7	0.016867
50814	51636	4	0.009639
50814	50618	3	0.007229
50814	50749	2	0.004819
50814	50623	10	0.024096
50814	51779	2	0.004819
50814	50255	4	0.009639
50814	50787	2	0.004819
50814	51045	1	0.002410
50814	51310	2	0.004819
50814	51315	5	0.012048
50814	50558	1	0.002410
50815	51586	3359	2.023494
50815	51204	7	0.004217
50815	51593	9	0.005422
50815	50954	9	0.005422
50815	50956	9	0.005422
50815	51341	9	0.005422
50815	51598	9	0.005422
50815	50703	9	0.005422
50815	50576	1	0.000602
50815	51615	9	0.005422
50815	50594	9	0.005422
50815	51877	17	0.010241
50815	51084	1	0.000602
50815	50993	9	0.005422
50815	51252	8	0.004819
50815	50618	9	0.005422
50815	50623	1674	1.008434
50815	50755	10	0.006024
50815	50505	9	0.005422
50815	51530	9	0.005422
50815	50253	12	0.007229
50815	50255	1	0.000602
50815	50267	9	0.005422
50815	50655	9	0.005422
50815	50404	9	0.005422
50815	51310	10	0.006024
50815	50447	10	0.006024
50815	51315	10	0.006024
50815	50933	9	0.005422
50816	51586	24	0.033850
50816	51332	1	0.001410
50816	51082	3	0.004231
50816	50576	1	0.001410
50816	51484	1	0.001410
50816	51613	1	0.001410
50816	50975	1	0.001410
50816	51616	1	0.001410
50816	50465	14	0.019746
50816	50844	1	0.001410
50816	51357	1	0.001410
50816	50994	3	0.004231
50816	50868	1	0.001410
50816	51252	3	0.004231
50816	50749	3	0.004231
50816	50245	3	0.004231
50816	51778	1	0.001410
50816	51779	1	0.001410
50816	51653	3	0.004231
50816	51745	1	0.001410
50816	51277	1	0.001410
50816	50647	3	0.004231
50816	51800	3	0.004231
50816	50658	3	0.004231
50816	50916	3	0.004231
50816	50405	3	0.004231
50816	51636	2	0.002821
50816	51565	5	0.007052
50816	50671	3	0.004231
50816	50544	3	0.004231
50816	50673	1	0.001410
50816	51448	17722	24.995769
50817	50432	1	0.000192
50817	51586	3	0.000576
50817	50567	1	0.000192
50817	51208	1	0.000192
50817	51593	2	0.000384
50817	50954	2	0.000384
50817	50829	2	0.000384
50817	50755	2	0.000384
50817	50968	5	0.000960
50817	51357	6	0.001153
50817	50465	1	0.000192
50817	51877	5	0.000960
50817	50290	2	0.000384
50817	51252	2334	0.448329
50817	50623	5	0.000960
50817	51779	10	0.001921
50817	51530	2	0.000384
50817	50255	10	0.001921
50817	51341	2	0.000384
50817	51298	1	0.000192
50817	50404	10	0.001921
50817	50918	4	0.000768
50817	50921	2	0.000384
50817	51310	2	0.000384
50817	51698	1	0.000192
50817	51315	2	0.000384
50817	50815	17	0.003265
50818	51745	1	0.000179
50818	51586	4	0.000715
50818	51779	1	0.000179
50818	51782	1	0.000179
50818	50567	253818	45.397603
50818	51482	1	0.000179
50819	50980	2	0.001547
50819	51252	30	0.023202
50819	51799	1092	0.844548
50820	51038	1	1.000000
50821	50904	4	0.266667
50822	51233	22	0.846154
50822	50983	22	0.846154
50822	50509	22	0.846154
50822	51282	1	0.038462
50822	50877	22	0.846154
50822	51806	22	0.846154
50822	51455	44	1.692308
50824	50688	145	0.573123
50824	51489	145	0.573123
50824	50403	145	0.573123
50824	50529	145	0.573123
50824	50264	145	0.573123
50824	51546	145	0.573123
50824	50972	145	0.573123
50825	50904	1	0.083333
50826	50465	1	0.000507
50826	51779	4	0.002027
50826	51877	2	0.001014
50826	51369	1	0.000507
50826	50954	1	0.000507
50826	50255	2	0.001014
50826	50355	1	0.000507
50826	51636	1	0.000507
50826	50623	1	0.000507
50826	51252	52	0.026356
50826	51931	33	0.016726
50826	51530	1	0.000507
50826	50815	5	0.002534
50829	50465	68	0.143158
50829	51586	2	0.004211
50829	51779	442	0.930526
50829	51698	3	0.006316
50829	50868	2	0.004211
50829	51448	428	0.901053
50829	50623	1	0.002105
50829	51613	6	0.012632
50829	50975	3	0.006316
50830	51272	17	0.154545
50832	50834	12	0.750000
50832	51252	13	0.812500
50833	51779	1	0.001575
50833	51877	1	0.001575
50833	51341	2	0.003150
50833	51668	1	0.001575
50833	51349	638	1.004724
50833	50968	1	0.001575
50833	51252	3	0.004724
50834	50255	1	0.005263
50836	50290	3	0.001960
50836	51779	12	0.007838
50836	51252	39	0.025474
50838	51593	3	0.001161
50838	51084	2	0.000774
50838	51598	138	0.053406
50838	50577	1	0.000387
50838	50755	3	0.001161
50838	51865	1	0.000387
50838	51357	4	0.001548
50838	51877	1	0.000387
50838	51496	2	0.000774
50838	50601	23557	9.116486
50838	50482	1	0.000387
50838	51636	1	0.000387
50838	50869	4	0.001548
50838	51252	2040	0.789474
50838	50623	5	0.001935
50838	51779	6	0.002322
50838	51530	2	0.000774
50838	51787	2	0.000774
50838	51788	4	0.001548
50838	50255	1	0.000387
50838	51298	2	0.000774
50838	50918	2	0.000774
50838	51310	1	0.000387
50838	51695	1	0.000387
50838	50546	2	0.000774
50838	51315	4	0.001548
50838	50507	1	0.000387
50838	50815	13	0.005031
50839	51252	1	0.043478
50839	50255	1	0.043478
50842	51252	1	0.014706
50844	51448	1	0.017857
50845	51038	4	4.000000
50846	51482	101	1.010000
50846	51820	1	0.010000
50847	50944	156	1.164179
50847	51252	8	0.059701
50848	51252	68	4.000000
50850	51779	1	0.001227
50850	50245	1	0.001227
50853	50465	1	0.015625
50853	51586	5	0.078125
50853	51631	1	0.015625
50854	51777	17	0.016160
50854	50530	770	0.731939
50854	50535	770	0.731939
50854	50255	2	0.001901
50854	51252	9	0.008555
50854	51773	3	0.002852
50856	50439	1	0.004098
50856	51881	1	0.004098
50856	51341	4	0.016393
50856	51277	2	0.008197
50856	50899	1	0.004098
50856	51668	245	1.004098
50856	51701	1	0.004098
50856	50868	1	0.004098
50857	50305	1967	0.656981
50857	51428	1967	0.656981
50857	50566	1967	0.656981
50857	51599	1967	0.656981
50857	51868	1967	0.656981
50857	51869	1967	0.656981
50857	51742	1967	0.656981
50857	50565	1967	0.656981
50857	51107	1967	0.656981
50857	50468	1967	0.656981
50857	51110	1967	0.656981
50857	51880	1967	0.656981
50857	50717	38	0.012692
50857	51252	2092	0.698731
50857	50974	3934	1.313961
50857	51894	1967	0.656981
50857	51136	1967	0.656981
50857	50372	1967	0.656981
50857	50252	1967	0.656981
50857	51023	1967	0.656981
50857	51410	1967	0.656981
50857	51541	1967	0.656981
50857	50903	1967	0.656981
50857	51172	1967	0.656981
50857	51036	1967	0.656981
50857	50528	1967	0.656981
50857	50274	1967	0.656981
50857	50659	1967	0.656981
50857	51684	7945	2.653641
50857	51301	1967	0.656981
50857	51819	1967	0.656981
50857	51437	1967	0.656981
50857	50557	1967	0.656981
50857	50291	1967	0.656981
50857	50427	1967	0.656981
50857	50812	1967	0.656981
50857	51837	1967	0.656981
50857	51236	1967	0.656981
50859	50868	4	0.080000
50860	51252	3	0.049180
50860	50939	3	0.049180
50860	51636	2	0.032787
50860	50745	1	0.016393
50863	50904	5	0.090909
50864	50980	3	0.001713
50864	51252	16	0.009138
50866	51252	51	0.566667
50867	51482	215	5.000000
50867	51820	43	1.000000
50867	51586	4	0.093023
50867	50846	86	2.000000
50868	50465	3	0.002534
50868	51586	208	0.175676
50868	51779	5	0.004223
50868	50853	6	0.005068
50868	50600	1	0.000845
50868	50956	1	0.000845
50868	50858	19	0.016047
50868	51820	1250	1.055743
50868	51938	12	0.010135
50868	51277	3	0.002534
50868	50899	6	0.005068
50868	51252	1	0.000845
50868	50846	2399	2.026182
50868	51482	6045	5.105574
50868	50558	2	0.001689
50868	50815	1	0.000845
50869	51252	36	0.003160
50869	51799	3	0.000263
50869	50756	28	0.002457
50869	50630	76	0.006670
50869	50980	9	0.000790
50870	51344	3	0.014085
50870	51274	3	0.014085
50870	51491	3	0.014085
50870	50567	3	0.014085
50871	51466	2	0.006557
50871	51252	73	0.239344
50871	51586	8	0.026230
50871	51527	4	0.013115
50872	51252	37	1.000000
50872	50719	37	1.000000
50873	51779	6	0.006073
50873	51208	1	0.001012
50873	51315	2	0.002024
50873	50900	35	0.035425
50873	51252	662	0.670040
50873	51484	2	0.002024
50874	51586	13	0.089655
50874	50858	3	0.020690
50874	51820	45	0.310345
50874	50868	20	0.137931
50874	51482	225	1.551724
50874	50846	90	0.620690
50876	50658	80	0.784314
50876	51668	2	0.019608
50876	51586	4	0.039216
50877	51233	12	0.750000
50877	50822	12	0.750000
50877	50983	12	0.750000
50877	50509	12	0.750000
50877	51806	12	0.750000
50877	51455	12	0.750000
50878	51389	6	0.171429
50879	50745	42	0.033019
50879	50939	521	0.409591
50880	50255	1	0.030303
50881	51779	6	0.006073
50881	51208	1	0.001012
50881	51315	2	0.002024
50881	50900	35	0.035425
50881	51252	666	0.674089
50881	51484	2	0.002024
50884	50682	1	0.006803
50884	51586	1	0.006803
50884	51203	1	0.006803
50884	50762	6	0.040816
50884	51467	1	0.006803
50884	50574	60	0.408163
50884	51357	2	0.013605
50884	51252	7	0.047619
50884	51822	1	0.006803
50884	50250	1	0.006803
50884	50457	1	0.006803
50884	51897	1	0.006803
50884	51802	1	0.006803
50884	51530	1	0.006803
50884	50302	1	0.006803
50885	50273	141	1.000000
50885	51330	141	1.000000
50885	50757	141	1.000000
50885	50790	141	1.000000
50885	51112	141	1.000000
50885	50332	141	1.000000
50885	51668	1	0.007092
50885	50733	141	1.000000
50885	51252	2	0.014184
50885	50232	141	1.000000
50885	50754	7	0.049645
50885	51861	141	1.000000
50885	51832	141	1.000000
50885	50809	141	1.000000
50885	51164	141	1.000000
50885	51710	141	1.000000
50885	51173	141	1.000000
50886	50745	43	0.589041
50886	51779	2	0.027397
50886	50939	130	1.780822
50886	51252	1	0.013699
50886	51425	1	0.013699
50887	50816	1	0.000710
50887	51586	9	0.006388
50887	51078	1	0.000710
50887	50954	1	0.000710
50887	51074	1	0.000710
50887	51344	1	0.000710
50887	51217	2	0.001419
50887	50966	1	0.000710
50887	51482	7	0.004968
50887	50340	11	0.007807
50887	50601	1	0.000710
50887	50607	1	0.000710
50887	51636	5	0.003549
50887	50868	6	0.004258
50887	50623	2	0.001419
50887	51779	12	0.008517
50887	51016	4	0.002839
50887	51407	4	0.002839
50887	50647	76	0.053939
50887	50523	2	0.001419
50887	51698	1	0.000710
50887	51881	4	0.002839
50887	51448	7	0.004968
50887	50558	2	0.001419
50888	51593	3	0.001183
50888	51084	2	0.000789
50888	51598	137	0.054022
50888	50577	1	0.000394
50888	50755	3	0.001183
50888	51865	1	0.000394
50888	51357	4	0.001577
50888	51877	1	0.000394
50888	51496	2	0.000789
50888	50601	22646	8.929811
50888	50482	1	0.000394
50888	51636	1	0.000394
50888	50869	4	0.001577
50888	51252	2047	0.807177
50888	50623	4	0.001577
50888	51779	6	0.002366
50888	51530	2	0.000789
50888	51787	2	0.000789
50888	51788	4	0.001577
50888	50255	1	0.000394
50888	51298	2	0.000789
50888	50918	2	0.000789
50888	51310	1	0.000394
50888	51695	1	0.000394
50888	50546	2	0.000789
50888	51315	4	0.001577
50888	50507	1	0.000394
50888	50815	13	0.005126
50892	51272	13	0.183099
50893	51777	10	0.020408
50893	50530	343	0.700000
50893	50535	343	0.700000
50893	51586	1	0.002041
50893	51252	16	0.032653
50893	51357	2	0.004082
50895	51078	89	0.068939
50895	51755	1054	0.816421
50895	51076	1054	0.816421
50895	51205	1054	0.816421
50895	50310	1054	0.816421
50895	51719	1054	0.816421
50895	51209	1054	0.816421
50895	50573	1054	0.816421
50895	50319	1054	0.816421
50895	51088	1054	0.816421
50895	51857	1054	0.816421
50895	51602	1054	0.816421
50895	50307	1054	0.816421
50895	51477	1054	0.816421
50895	51703	1054	0.816421
50895	50585	1054	0.816421
50895	50587	1054	0.816421
50895	50464	1054	0.816421
50895	50971	1054	0.816421
50895	51237	1054	0.816421
50895	50470	1054	0.816421
50895	50999	1054	0.816421
50895	51368	1054	0.816421
50895	50473	1054	0.816421
50895	51754	1054	0.816421
50895	50987	1054	0.816421
50895	51372	1054	0.816421
50895	51117	1054	0.816421
50895	50607	1054	0.816421
50895	51276	1054	0.816421
50895	50609	1054	0.816421
50895	51443	1054	0.816421
50895	51166	1054	0.816421
50895	50998	1054	0.816421
50895	50359	1054	0.816421
50895	50488	1054	0.816421
50895	51003	1054	0.816421
50895	51388	1054	0.816421
50895	51647	1054	0.816421
50895	50373	1054	0.816421
50895	51143	1054	0.816421
50895	51020	1054	0.816421
50895	50271	1054	0.816421
50895	50507	1054	0.816421
50895	50764	1054	0.816421
50895	51895	1054	0.816421
50895	51534	1054	0.816421
50895	51279	1054	0.816421
50895	50897	1054	0.816421
50895	51154	1054	0.816421
50895	50516	1054	0.816421
50895	50254	1054	0.816421
50895	51928	1054	0.816421
50895	51933	1054	0.816421
50895	50782	1054	0.816421
50895	51807	1054	0.816421
50895	50400	1054	0.816421
50895	51043	1054	0.816421
50895	51812	1054	0.816421
50895	51302	1054	0.816421
50895	51686	1054	0.816421
50895	50920	1054	0.816421
50895	51004	1054	0.816421
50895	51563	1054	0.816421
50895	51308	1054	0.816421
50895	51566	1054	0.816421
50895	51184	1054	0.816421
50895	50675	1054	0.816421
50895	51446	1054	0.816421
50895	51319	1054	0.816421
50895	51347	1054	0.816421
50895	50555	1054	0.816421
50897	51078	22	0.015331
50897	51755	694	0.483624
50897	51076	694	0.483624
50897	51205	694	0.483624
50897	50310	694	0.483624
50897	51719	694	0.483624
50897	51209	694	0.483624
50897	50573	694	0.483624
50897	50319	694	0.483624
50897	51088	694	0.483624
50897	51857	694	0.483624
50897	51602	694	0.483624
50897	50307	694	0.483624
50897	51477	694	0.483624
50897	51703	694	0.483624
50897	50585	694	0.483624
50897	50587	694	0.483624
50897	50464	694	0.483624
50897	50971	694	0.483624
50897	51237	694	0.483624
50897	50470	694	0.483624
50897	50999	694	0.483624
50897	51368	694	0.483624
50897	50473	694	0.483624
50897	51754	694	0.483624
50897	50987	694	0.483624
50897	51372	694	0.483624
50897	51117	694	0.483624
50897	50607	694	0.483624
50897	51276	694	0.483624
50897	50609	694	0.483624
50897	51443	694	0.483624
50897	51252	5	0.003484
50897	51166	694	0.483624
50897	50998	694	0.483624
50897	50359	694	0.483624
50897	50488	694	0.483624
50897	51003	694	0.483624
50897	51388	694	0.483624
50897	51647	694	0.483624
50897	50373	694	0.483624
50897	51143	694	0.483624
50897	51020	694	0.483624
50897	50271	694	0.483624
50897	50507	694	0.483624
50897	50764	694	0.483624
50897	51895	694	0.483624
50897	51534	694	0.483624
50897	51279	694	0.483624
50897	51154	694	0.483624
50897	50516	694	0.483624
50897	50254	694	0.483624
50897	51928	694	0.483624
50897	50895	694	0.483624
50897	51933	694	0.483624
50897	50782	694	0.483624
50897	51807	694	0.483624
50897	50400	694	0.483624
50897	51043	694	0.483624
50897	51812	694	0.483624
50897	51302	694	0.483624
50897	51686	694	0.483624
50897	50920	694	0.483624
50897	51004	694	0.483624
50897	51563	694	0.483624
50897	51308	694	0.483624
50897	51566	694	0.483624
50897	51184	694	0.483624
50897	50675	694	0.483624
50897	51446	694	0.483624
50897	51319	694	0.483624
50897	51347	694	0.483624
50897	50555	694	0.483624
50898	51779	4	0.014184
50898	50405	10	0.035461
50898	50631	2	0.007092
50898	51881	1	0.003546
50898	51505	2	0.007092
50898	51315	1	0.003546
50898	50868	9	0.031915
50898	51482	1	0.003546
50898	51613	3	0.010638
50898	50623	6	0.021277
50899	51586	41	0.264516
50899	51204	2	0.012903
50899	51671	2	0.012903
50899	51227	2	0.012903
50899	50715	10	0.064516
50899	50980	4	0.025806
50899	51252	1	0.006452
50899	51127	4	0.025806
50899	50745	22	0.141935
50899	51644	6	0.038710
50899	51773	8	0.051613
50899	50241	2	0.012903
50899	51196	2	0.012903
50899	50514	10	0.064516
50899	51415	6	0.038710
50899	51293	14	0.090323
50899	50910	2	0.012903
50899	51938	287	1.851613
50899	50787	10	0.064516
50899	50662	2	0.012903
50899	50665	2	0.012903
50899	51569	8	0.051613
50899	50421	6	0.038710
50899	51833	6	0.038710
50899	51580	2	0.012903
50899	50558	88	0.567742
50899	50815	1	0.006452
50900	51252	32	0.941176
50900	50815	1	0.029412
50903	50305	1673	0.599857
50903	51428	1673	0.599857
50903	50566	1673	0.599857
50903	51599	1673	0.599857
50903	51868	1673	0.599857
50903	51869	1673	0.599857
50903	51742	1673	0.599857
50903	50565	1673	0.599857
50903	51107	1673	0.599857
50903	50468	1673	0.599857
50903	51877	14	0.005020
50903	51110	1673	0.599857
50903	51880	1673	0.599857
50903	50857	1673	0.599857
50903	50717	20	0.007171
50903	51252	5033	1.804589
50903	50974	3346	1.199713
50903	51894	1673	0.599857
50903	51136	1673	0.599857
50903	50372	1673	0.599857
50903	50252	1673	0.599857
50903	51023	1673	0.599857
50903	51410	1673	0.599857
50903	51541	1673	0.599857
50903	51172	1673	0.599857
50903	51036	1673	0.599857
50903	51293	14	0.005020
50903	50528	1673	0.599857
50903	50274	1673	0.599857
50903	50659	1673	0.599857
50903	51684	3716	1.332377
50903	51301	1673	0.599857
50903	51819	1673	0.599857
50903	51437	1673	0.599857
50903	50557	1673	0.599857
50903	50291	1673	0.599857
50903	50427	1673	0.599857
50903	50812	1673	0.599857
50903	51837	1673	0.599857
50903	51236	1673	0.599857
50904	51586	3	0.025424
50904	50502	1	0.008475
50904	50567	1	0.008475
50904	50505	1	0.008475
50904	50255	1	0.008475
50904	51153	1	0.008475
50904	51252	6	0.050847
50904	51067	1	0.008475
50904	50558	1	0.008475
50905	51586	2	0.038462
50905	51779	2	0.038462
50905	51820	52	1.000000
50905	50846	104	2.000000
50905	51482	260	5.000000
50905	50558	2	0.038462
50907	50560	87	2.023256
50907	51252	86	2.000000
50909	51272	17	0.178947
50910	51586	3	0.024390
50910	51779	2	0.016260
50910	50405	2	0.016260
50910	51881	85	0.691057
50910	51821	1	0.008130
50910	50286	1	0.008130
50910	51938	1	0.008130
50910	50258	1	0.008130
50910	51636	1	0.008130
50910	51448	1	0.008130
50910	51252	1	0.008130
50910	51357	3	0.024390
50910	50815	1	0.008130
50911	50552	18	0.246575
50912	50432	1	0.000201
50912	50817	38463	7.740592
50912	51586	3	0.000604
50912	50567	1	0.000201
50912	51208	1	0.000201
50912	51593	2	0.000402
50912	50954	2	0.000402
50912	51341	2	0.000402
50912	50755	2	0.000402
50912	50968	5	0.001006
50912	51357	5	0.001006
50912	50465	1	0.000201
50912	51877	5	0.001006
50912	51698	1	0.000201
50912	51252	2264	0.455625
50912	50623	5	0.001006
50912	50829	2	0.000402
50912	51779	10	0.002012
50912	51530	2	0.000402
50912	50255	10	0.002012
50912	51298	1	0.000201
50912	50404	10	0.002012
50912	50918	4	0.000805
50912	50921	2	0.000402
50912	51310	2	0.000402
50912	50290	2	0.000402
50912	51315	2	0.000402
50912	50815	17	0.003421
50913	50286	1710	10.000000
50915	51252	1	0.012048
50915	50910	1	0.012048
50915	50286	748	9.012048
50916	50816	6	0.030457
50916	51586	4	0.020305
50916	51779	199	1.010152
50916	50505	2	0.010152
50916	51778	6	0.030457
50916	50255	2	0.010152
50916	50577	195	0.989848
50916	51698	8	0.040609
50916	50755	2	0.010152
50916	50558	204	1.035533
50916	51881	4	0.020305
50916	51448	199	1.010152
50916	50940	2	0.010152
50916	51357	2	0.010152
50916	50270	197	1.000000
50916	50623	4	0.020305
50917	51877	1	0.008130
50917	51341	1	0.008130
50917	51630	45	0.365854
50917	50255	7	0.056911
50917	51315	1	0.008130
50917	51252	75	0.609756
50917	51310	1	0.008130
50917	50968	3	0.024390
50917	51738	92	0.747967
50917	51196	3	0.024390
50917	50623	1	0.008130
50918	51252	56	1.000000
50918	51877	1	0.017857
50919	51821	5	0.003333
50920	51078	23	0.020517
50920	51755	740	0.660125
50920	51076	740	0.660125
50920	51205	740	0.660125
50920	50310	740	0.660125
50920	51719	740	0.660125
50920	51209	740	0.660125
50920	50573	740	0.660125
50920	50319	740	0.660125
50920	51088	740	0.660125
50920	51857	740	0.660125
50920	51602	740	0.660125
50920	50307	740	0.660125
50920	51477	740	0.660125
50920	51703	740	0.660125
50920	50585	740	0.660125
50920	50587	740	0.660125
50920	50464	740	0.660125
50920	50971	740	0.660125
50920	51237	740	0.660125
50920	50470	740	0.660125
50920	50999	740	0.660125
50920	51368	740	0.660125
50920	50473	740	0.660125
50920	51754	740	0.660125
50920	50987	740	0.660125
50920	51372	740	0.660125
50920	51117	740	0.660125
50920	50607	740	0.660125
50920	51276	740	0.660125
50920	50609	740	0.660125
50920	51443	740	0.660125
50920	51252	5	0.004460
50920	51166	740	0.660125
50920	50998	740	0.660125
50920	50359	740	0.660125
50920	50488	740	0.660125
50920	51003	740	0.660125
50920	51388	740	0.660125
50920	51647	740	0.660125
50920	50373	740	0.660125
50920	51143	740	0.660125
50920	51020	740	0.660125
50920	50271	740	0.660125
50920	50507	740	0.660125
50920	50764	740	0.660125
50920	51895	740	0.660125
50920	51534	740	0.660125
50920	51279	740	0.660125
50920	50897	740	0.660125
50920	51154	740	0.660125
50920	50516	740	0.660125
50920	50254	740	0.660125
50920	51928	740	0.660125
50920	50918	1	0.000892
50920	50895	740	0.660125
50920	51933	740	0.660125
50920	50782	740	0.660125
50920	51807	740	0.660125
50920	50400	740	0.660125
50920	51043	740	0.660125
50920	51812	740	0.660125
50920	51302	740	0.660125
50920	51686	740	0.660125
50920	51004	740	0.660125
50920	51563	740	0.660125
50920	51308	740	0.660125
50920	51566	740	0.660125
50920	51184	740	0.660125
50920	50675	740	0.660125
50920	51446	740	0.660125
50920	51319	740	0.660125
50920	51347	740	0.660125
50920	50555	740	0.660125
50921	50817	1	0.000981
50921	51779	1	0.000981
50921	50340	1	0.000981
50921	50829	2	0.001963
50921	50975	12	0.011776
50922	51586	12	0.008374
50922	51779	1	0.000698
50922	51877	1	0.000698
50922	51527	11	0.007676
50922	51466	17	0.011863
50922	51277	1	0.000698
50922	50255	1	0.000698
50922	51315	2	0.001396
50922	51252	312	0.217725
50922	51127	2	0.001396
50922	50815	2	0.001396
50922	50558	1	0.000698
50922	50623	1	0.000698
50924	51482	315	5.000000
50924	51820	63	1.000000
50924	51586	4	0.063492
50924	50846	126	2.000000
50926	51586	1	0.001934
50926	51795	323	0.624758
50926	51252	1	0.001934
50926	51357	2	0.003868
50926	51174	646	1.249516
50927	51779	1	0.021739
50928	50745	1	0.024390
50928	51252	2	0.048780
50930	50834	20	1.000000
50930	51252	2	0.100000
50933	51204	6	0.004930
50933	51593	2	0.001643
50933	50954	2	0.001643
50933	51084	1	0.000822
50933	51341	2	0.001643
50933	50577	2	0.001643
50933	51613	1	0.000822
50933	50975	1	0.000822
50933	51877	16	0.013147
50933	51881	1	0.000822
50933	50355	1	0.000822
50933	51252	3	0.002465
50933	51849	1	0.000822
50933	50868	11	0.009039
50933	51389	2	0.001643
50933	50623	4	0.003287
50933	50755	2	0.001643
50933	51530	2	0.001643
50933	50899	2	0.001643
50933	51938	2	0.001643
50933	51304	1	0.000822
50933	51310	3	0.002465
50933	50289	1	0.000822
50933	50546	3	0.002465
50933	51315	3	0.002465
50933	50815	7	0.005752
50934	51779	1	0.031250
50934	50910	1	0.031250
50934	50286	260	8.125000
50937	51593	3	0.001181
50937	51084	2	0.000787
50937	51598	138	0.054309
50937	50577	1	0.000394
50937	50755	3	0.001181
50937	51865	1	0.000394
50937	51357	4	0.001574
50937	51877	1	0.000394
50937	51496	2	0.000787
50937	50601	23510	9.252263
50937	50482	1	0.000394
50937	51636	1	0.000394
50937	50869	4	0.001574
50937	51252	2036	0.801259
50937	50623	5	0.001968
50937	51779	6	0.002361
50937	51530	2	0.000787
50937	51787	2	0.000787
50937	51788	4	0.001574
50937	50255	1	0.000394
50937	51298	2	0.000787
50937	50918	2	0.000787
50937	51310	1	0.000394
50937	51695	1	0.000394
50937	50546	2	0.000787
50937	51315	4	0.001574
50937	50507	1	0.000394
50937	50815	13	0.005116
50938	51272	13	0.419355
50939	50432	11	0.016743
50939	50561	14	0.021309
50939	51586	1	0.001522
50939	50308	11	0.016743
50939	51461	7	0.010654
50939	51468	8	0.012177
50939	51597	18	0.027397
50939	51346	3	0.004566
50939	50581	28	0.042618
50939	50711	11	0.016743
50939	51480	11	0.016743
50939	51610	15	0.022831
50939	50548	3	0.004566
50939	50850	12	0.018265
50939	51291	7	0.010654
50939	51877	2	0.003044
50939	50342	1	0.001522
50939	51367	15	0.022831
50939	50474	29	0.044140
50939	51425	9	0.013699
50939	50860	1	0.001522
50939	51758	15	0.022831
50939	50982	16	0.024353
50939	51251	17	0.025875
50939	51252	69	0.105023
50939	50745	4	0.006088
50939	51899	15	0.022831
50939	51134	1	0.001522
50939	50879	1	0.001522
50939	50309	40	0.060883
50939	51396	3	0.004566
50939	50886	15	0.022831
50939	51297	9	0.013699
50939	50248	15	0.022831
50939	51913	16	0.024353
50939	51404	17	0.025875
50939	51662	6	0.009132
50939	50255	1	0.001522
50939	50339	16	0.024353
50939	50901	13	0.019787
50939	51414	59	0.089802
50939	51769	8	0.012177
50939	50776	24	0.036530
50939	51545	2	0.003044
50939	50650	1	0.001522
50939	50511	11	0.016743
50939	51169	9	0.013699
50939	50619	10	0.015221
50939	50788	3	0.004566
50939	51750	1	0.001522
50939	50406	1	0.001522
50939	50409	10	0.015221
50939	51178	16	0.024353
50939	50798	16	0.024353
50939	50927	10	0.015221
50939	51058	146	0.222222
50939	51699	7	0.010654
50939	51572	4	0.006088
50939	50806	12	0.018265
50939	50810	7	0.010654
50939	51198	19	0.028919
50939	50517	19	0.028919
50940	51586	10	0.029070
50940	51653	1	0.002907
50940	51598	2	0.005814
50940	51877	1	0.002907
50940	51698	1	0.002907
50940	50623	1	0.002907
50941	51586	3	0.056604
50941	51252	49	0.924528
50942	50868	2	0.018018
50942	51586	450	4.054054
50942	51779	15	0.135135
50942	51788	1	0.009009
50942	50855	112	1.009009
50943	51252	12	0.571429
50944	51586	1	0.001175
50944	51267	605	0.710928
50944	51272	3	0.003525
50944	51625	599	0.703878
50944	50255	3	0.003525
50944	50772	61	0.071680
50944	51382	599	0.703878
50944	51252	109	0.128085
50944	51679	6	0.007051
50944	50847	599	0.703878
50946	51724	36	0.019068
50946	51459	15	0.007945
50946	51252	1501	0.795021
50946	50980	11	0.005826
50947	51593	3	0.001153
50947	51084	2	0.000769
50947	51598	138	0.053036
50947	50577	1	0.000384
50947	50755	3	0.001153
50947	51865	1	0.000384
50947	51357	4	0.001537
50947	51877	1	0.000384
50947	51496	2	0.000769
50947	50601	24236	9.314374
50947	50482	1	0.000384
50947	51636	1	0.000384
50947	50869	4	0.001537
50947	51252	2051	0.788240
50947	50623	5	0.001922
50947	51779	6	0.002306
50947	51530	2	0.000769
50947	51787	2	0.000769
50947	51788	4	0.001537
50947	50255	1	0.000384
50947	51298	2	0.000769
50947	50918	2	0.000769
50947	51310	1	0.000384
50947	51695	1	0.000384
50947	50546	2	0.000769
50947	51315	4	0.001537
50947	50507	1	0.000384
50947	50815	13	0.004996
50948	51821	3	0.000391
50950	50242	196	0.937799
50950	50758	196	0.937799
50950	51079	196	0.937799
50950	51049	196	0.937799
50950	51083	402	1.923445
50950	51151	196	0.937799
50950	50579	196	0.937799
50950	51668	6	0.028708
50950	51095	196	0.937799
50950	51252	3	0.014354
50952	51038	3	3.000000
50953	50834	10	1.000000
50954	50623	1	0.002151
50954	51877	2	0.004301
50954	50887	3	0.006452
50956	50560	7	0.003126
50956	51204	2	0.000893
50956	51593	6	0.002680
50956	51082	6	0.002680
50956	51341	10	0.004466
50956	50577	12	0.005360
50956	51484	5	0.002233
50956	51613	1	0.000447
50956	51230	4	0.001787
50956	51104	6	0.002680
50956	50340	15	0.006699
50956	51877	21	0.009379
50956	50728	4	0.001787
50956	50290	7	0.003126
50956	51631	1	0.000447
50956	51507	3	0.001340
50956	50868	4	0.001787
50956	51127	2	0.000893
50956	51252	2	0.000893
50956	51274	5	0.002233
50956	50623	4	0.001787
50956	50755	8	0.003573
50956	50245	3	0.001340
50956	51530	2	0.000893
50956	50508	4	0.001787
50956	51665	2	0.000893
50956	50899	3	0.001340
50956	51032	1	0.000447
50956	51293	2	0.000893
50956	51555	13	0.005806
50956	50277	1	0.000447
50956	50662	4	0.001787
50956	51310	20	0.008933
50956	51311	3	0.001340
50956	50289	6	0.002680
50956	51698	5	0.002233
50956	51315	6	0.002680
50956	50420	3	0.001340
50956	51061	7	0.003126
50956	50815	2	0.000893
50958	51616	4	0.019231
50958	50465	1	0.004808
50958	51586	7	0.033654
50958	50940	1	0.004808
50958	51277	1	0.004808
50958	50577	1	0.004808
50958	51612	1	0.004808
50958	50975	1	0.004808
50959	51507	1	0.027027
50959	50868	1	0.027027
50960	51321	3	0.250000
50964	50465	1	0.090909
50964	51277	1	0.090909
50966	50245	1	0.006494
50966	50954	1	0.006494
50966	51598	1	0.006494
50966	51407	1	0.006494
50966	51344	1	0.006494
50966	50647	1	0.006494
50966	51274	1	0.006494
50966	50687	1	0.006494
50967	51842	18	0.666667
50967	51252	3	0.111111
50969	51779	6	0.006036
50969	51208	1	0.001006
50969	50577	1	0.001006
50969	51315	2	0.002012
50969	50900	35	0.035211
50969	51252	665	0.669014
50969	51484	2	0.002012
50970	51779	1	0.021739
50970	51252	3	0.065217
50971	51078	104	0.089578
50971	51755	635	0.546942
50971	51076	635	0.546942
50971	51205	635	0.546942
50971	50310	635	0.546942
50971	51719	635	0.546942
50971	51209	635	0.546942
50971	50573	635	0.546942
50971	50319	635	0.546942
50971	51088	635	0.546942
50971	51857	635	0.546942
50971	51602	635	0.546942
50971	50307	635	0.546942
50971	51477	635	0.546942
50971	51703	635	0.546942
50971	50585	635	0.546942
50971	50587	635	0.546942
50971	50464	635	0.546942
50971	51237	635	0.546942
50971	50470	635	0.546942
50971	50999	635	0.546942
50971	51368	635	0.546942
50971	50473	635	0.546942
50971	51754	635	0.546942
50971	50987	635	0.546942
50971	51372	635	0.546942
50971	51117	635	0.546942
50971	50607	635	0.546942
50971	51276	635	0.546942
50971	50609	635	0.546942
50971	51443	635	0.546942
50971	51166	635	0.546942
50971	50998	635	0.546942
50971	50359	635	0.546942
50971	50488	635	0.546942
50971	51003	635	0.546942
50971	51388	635	0.546942
50971	51647	635	0.546942
50971	50373	635	0.546942
50971	51143	635	0.546942
50971	51020	635	0.546942
50971	50271	635	0.546942
50971	50507	635	0.546942
50971	50764	635	0.546942
50971	51895	635	0.546942
50971	51534	635	0.546942
50971	51279	635	0.546942
50971	50897	635	0.546942
50971	51154	635	0.546942
50971	50516	635	0.546942
50971	50254	635	0.546942
50971	51928	635	0.546942
50971	50895	635	0.546942
50971	51933	635	0.546942
50971	50782	635	0.546942
50971	51807	635	0.546942
50971	50400	635	0.546942
50971	51043	635	0.546942
50971	51812	635	0.546942
50971	51302	635	0.546942
50971	51686	635	0.546942
50971	50920	635	0.546942
50971	51004	635	0.546942
50971	51563	635	0.546942
50971	51308	635	0.546942
50971	51566	635	0.546942
50971	51184	635	0.546942
50971	50675	635	0.546942
50971	51446	635	0.546942
50971	51319	635	0.546942
50971	51347	635	0.546942
50971	50555	635	0.546942
50972	50688	213	0.684887
50972	51489	213	0.684887
50972	50403	213	0.684887
50972	50529	213	0.684887
50972	50824	213	0.684887
50972	50264	213	0.684887
50972	51546	213	0.684887
50974	50305	1509	0.657516
50974	51428	1509	0.657516
50974	50566	1509	0.657516
50974	51599	1509	0.657516
50974	51868	1509	0.657516
50974	51869	1509	0.657516
50974	51742	1509	0.657516
50974	50565	1509	0.657516
50974	51107	1509	0.657516
50974	50468	1509	0.657516
50974	51110	1509	0.657516
50974	51880	1509	0.657516
50974	50857	1509	0.657516
50974	51119	4	0.001743
50974	51315	2	0.000871
50974	51252	3034	1.322004
50974	51894	1509	0.657516
50974	50717	18	0.007843
50974	50623	2	0.000871
50974	51136	1509	0.657516
50974	50755	2	0.000871
50974	50372	1509	0.657516
50974	50252	1509	0.657516
50974	51023	1509	0.657516
50974	51410	1509	0.657516
50974	51541	1509	0.657516
50974	50903	1509	0.657516
50974	51172	1509	0.657516
50974	51036	1509	0.657516
50974	50528	1509	0.657516
50974	50274	1509	0.657516
50974	50659	1509	0.657516
50974	51684	6198	2.700654
50974	51301	1509	0.657516
50974	51819	1509	0.657516
50974	51437	1509	0.657516
50974	50557	1509	0.657516
50974	50291	1509	0.657516
50974	50427	1509	0.657516
50974	50812	1509	0.657516
50974	51837	1509	0.657516
50974	51236	1509	0.657516
50975	51616	1	0.002415
50975	50465	3	0.007246
50975	51586	3	0.007246
50975	51782	1	0.002415
50975	51745	1	0.002415
50975	51466	2	0.004831
50975	51217	1	0.002415
50975	51186	1	0.002415
50975	51833	1	0.002415
50975	50858	2	0.004831
50975	50623	1	0.002415
50976	50904	5	0.454545
50977	51407	6	0.003066
50977	50980	6	0.003066
50977	51799	3094	1.580991
50979	50904	1	0.029412
50979	51779	1	0.029412
50979	50918	1	0.029412
50980	50975	1	0.003509
50980	50465	1	0.003509
50980	51586	1	0.003509
50980	50340	1	0.003509
50980	51877	1	0.003509
50980	50630	1	0.003509
50980	51881	1	0.003509
50980	51698	1	0.003509
50980	51357	1	0.003509
50980	50834	2	0.007018
50980	50899	2	0.007018
50980	51636	1	0.003509
50980	50869	1	0.003509
50980	51799	2	0.007018
50980	50756	1	0.003509
50980	50623	1	0.003509
50980	51485	3	0.010526
50980	50687	3	0.010526
50981	51842	23	0.718750
50983	51233	12	0.750000
50983	50822	12	0.750000
50983	50509	12	0.750000
50983	50877	12	0.750000
50983	51806	12	0.750000
50983	51455	12	0.750000
50984	51482	255	5.000000
50984	51820	51	1.000000
50984	51586	10	0.196078
50984	50846	102	2.000000
50985	51593	3	0.001157
50985	51084	2	0.000771
50985	51598	138	0.053200
50985	50577	1	0.000386
50985	50755	3	0.001157
50985	51865	1	0.000386
50985	51357	4	0.001542
50985	51787	2	0.000771
50985	51877	1	0.000386
50985	51496	2	0.000771
50985	50601	23566	9.084811
50985	50482	1	0.000386
50985	51636	1	0.000386
50985	50869	4	0.001542
50985	51252	2035	0.784503
50985	50623	5	0.001928
50985	51779	6	0.002313
50985	51530	2	0.000771
50985	50507	1	0.000386
50985	51788	4	0.001542
50985	50255	1	0.000386
50985	51298	2	0.000771
50985	50918	2	0.000771
50985	51310	1	0.000386
50985	51695	1	0.000386
50985	50546	2	0.000771
50985	51315	4	0.001542
50985	50815	13	0.005012
50987	51078	63	0.134328
50987	50307	197	0.420043
50987	51076	197	0.420043
50987	51205	197	0.420043
50987	50310	197	0.420043
50987	51719	197	0.420043
50987	51209	197	0.420043
50987	50573	197	0.420043
50987	50319	197	0.420043
50987	51088	197	0.420043
50987	51857	197	0.420043
50987	51602	197	0.420043
50987	51347	197	0.420043
50987	51477	197	0.420043
50987	51703	197	0.420043
50987	50585	197	0.420043
50987	50587	197	0.420043
50987	50464	197	0.420043
50987	50971	197	0.420043
50987	51237	197	0.420043
50987	50470	197	0.420043
50987	50999	197	0.420043
50987	51368	197	0.420043
50987	50473	197	0.420043
50987	51754	197	0.420043
50987	51755	197	0.420043
50987	51372	197	0.420043
50987	51117	197	0.420043
50987	50607	197	0.420043
50987	51276	197	0.420043
50987	50609	197	0.420043
50987	51443	197	0.420043
50987	51166	197	0.420043
50987	50998	197	0.420043
50987	50359	197	0.420043
50987	50488	197	0.420043
50987	51003	197	0.420043
50987	51388	197	0.420043
50987	51647	197	0.420043
50987	50373	197	0.420043
50987	51143	197	0.420043
50987	51020	197	0.420043
50987	50271	197	0.420043
50987	50507	197	0.420043
50987	50764	197	0.420043
50987	51895	197	0.420043
50987	51534	197	0.420043
50987	51279	197	0.420043
50987	50897	197	0.420043
50987	51154	197	0.420043
50987	50516	197	0.420043
50987	50254	197	0.420043
50987	51928	197	0.420043
50987	50895	197	0.420043
50987	51933	197	0.420043
50987	50782	197	0.420043
50987	51807	197	0.420043
50987	50400	197	0.420043
50987	51043	197	0.420043
50987	51812	197	0.420043
50987	51302	197	0.420043
50987	51686	197	0.420043
50987	50920	197	0.420043
50987	51004	197	0.420043
50987	51563	197	0.420043
50987	51308	197	0.420043
50987	51566	197	0.420043
50987	51184	197	0.420043
50987	50675	197	0.420043
50987	51446	197	0.420043
50987	51319	197	0.420043
50987	50555	197	0.420043
50989	51298	2	0.007463
50989	51252	2	0.007463
50989	50255	2	0.007463
50990	51842	26	0.702703
50991	51272	2	0.021277
50993	51204	2	0.003082
50993	51877	2	0.003082
50993	51593	1	0.001541
50993	51530	2	0.003082
50993	51310	2	0.003082
50993	51344	1	0.001541
50993	51315	1	0.001541
50993	51252	1	0.001541
50993	50815	11	0.016949
50993	50623	1	0.001541
50994	50944	1	0.008772
50994	50816	1	0.008772
50994	51778	1	0.008772
50994	51877	1	0.008772
50994	50465	2	0.017544
50994	50631	4	0.035088
50994	51586	1	0.008772
50994	50975	1	0.008772
50994	50899	1	0.008772
50994	50868	1	0.008772
50994	50618	1	0.008772
50994	50715	1	0.008772
50994	50940	1	0.008772
50994	51357	1	0.008772
50994	50623	1	0.008772
50996	51252	31	0.148325
50996	51732	4	0.019139
50996	51877	4	0.019139
50996	50255	1	0.004785
50998	51078	39	0.081933
50998	51755	435	0.913866
50998	51076	435	0.913866
50998	51205	435	0.913866
50998	50310	435	0.913866
50998	51719	435	0.913866
50998	51209	435	0.913866
50998	50573	435	0.913866
50998	50319	435	0.913866
50998	51088	435	0.913866
50998	51857	435	0.913866
50998	51602	435	0.913866
50998	50307	435	0.913866
50998	51477	435	0.913866
50998	51703	435	0.913866
50998	50585	435	0.913866
50998	50587	435	0.913866
50998	50464	435	0.913866
50998	50971	435	0.913866
50998	51237	435	0.913866
50998	50470	435	0.913866
50998	50999	435	0.913866
50998	51368	435	0.913866
50998	50473	435	0.913866
50998	51754	435	0.913866
50998	50987	435	0.913866
50998	51372	435	0.913866
50998	51117	435	0.913866
50998	50607	435	0.913866
50998	51276	435	0.913866
50998	50609	435	0.913866
50998	51443	435	0.913866
50998	51166	435	0.913866
50998	50359	435	0.913866
50998	50488	435	0.913866
50998	51003	435	0.913866
50998	51388	435	0.913866
50998	51647	435	0.913866
50998	50373	435	0.913866
50998	51143	435	0.913866
50998	51020	435	0.913866
50998	50271	435	0.913866
50998	50507	435	0.913866
50998	50764	435	0.913866
50998	51895	435	0.913866
50998	51534	435	0.913866
50998	51279	435	0.913866
50998	50897	435	0.913866
50998	51154	435	0.913866
50998	50516	435	0.913866
50998	50254	435	0.913866
50998	51928	435	0.913866
50998	50895	435	0.913866
50998	51933	435	0.913866
50998	50782	435	0.913866
50998	51807	435	0.913866
50998	50400	435	0.913866
50998	51043	435	0.913866
50998	51812	435	0.913866
50998	51302	435	0.913866
50998	51686	435	0.913866
50998	50920	435	0.913866
50998	51004	435	0.913866
50998	51563	435	0.913866
50998	51308	435	0.913866
50998	51566	435	0.913866
50998	51184	435	0.913866
50998	50675	435	0.913866
50998	51446	435	0.913866
50998	51319	435	0.913866
50998	51347	435	0.913866
50998	50555	435	0.913866
50999	51078	53	0.012895
50999	51755	3037	0.738929
50999	51076	3037	0.738929
50999	51205	3037	0.738929
50999	50310	3037	0.738929
50999	51719	3037	0.738929
50999	51209	3037	0.738929
50999	50573	3037	0.738929
50999	50319	3037	0.738929
50999	51088	3037	0.738929
50999	51857	3037	0.738929
50999	51602	3037	0.738929
50999	50307	3037	0.738929
50999	51477	3037	0.738929
50999	51703	3037	0.738929
50999	50585	3037	0.738929
50999	50587	3037	0.738929
50999	50464	3037	0.738929
50999	50971	3037	0.738929
50999	51237	3037	0.738929
50999	50470	3037	0.738929
50999	51368	3037	0.738929
50999	50473	3037	0.738929
50999	51754	3037	0.738929
50999	50987	3037	0.738929
50999	51372	3037	0.738929
50999	51117	3037	0.738929
50999	50607	3037	0.738929
50999	51276	3037	0.738929
50999	50609	3037	0.738929
50999	51443	3037	0.738929
50999	51252	3	0.000730
50999	51166	3037	0.738929
50999	50998	3037	0.738929
50999	50359	3037	0.738929
50999	50488	3037	0.738929
50999	51003	3037	0.738929
50999	51388	3037	0.738929
50999	51647	3037	0.738929
50999	50373	3037	0.738929
50999	51143	3037	0.738929
50999	51020	3037	0.738929
50999	50271	3037	0.738929
50999	50507	3037	0.738929
50999	50764	3037	0.738929
50999	51895	3037	0.738929
50999	51534	3037	0.738929
50999	51279	3037	0.738929
50999	50897	3037	0.738929
50999	51154	3037	0.738929
50999	50516	3037	0.738929
50999	50254	3037	0.738929
50999	51928	3037	0.738929
50999	50895	3037	0.738929
50999	51933	3037	0.738929
50999	50782	3037	0.738929
50999	51807	3037	0.738929
50999	50400	3310	0.805353
50999	51043	3037	0.738929
50999	51812	3037	0.738929
50999	51302	3037	0.738929
50999	51686	3037	0.738929
50999	50920	3037	0.738929
50999	51004	3037	0.738929
50999	50255	1	0.000243
50999	51563	3037	0.738929
50999	51308	3037	0.738929
50999	51566	3037	0.738929
50999	51184	3037	0.738929
50999	50675	3037	0.738929
50999	51446	3037	0.738929
50999	51319	3037	0.738929
50999	51347	3037	0.738929
50999	50555	3037	0.738929
50999	50815	4	0.000973
51002	51586	1	0.000738
51002	51779	4	0.002952
51002	51369	1	0.000738
51002	50255	2	0.001476
51002	50577	2	0.001476
51002	50290	2	0.001476
51002	51252	36	0.026568
51002	51931	146	0.107749
51002	50623	1	0.000738
51003	51078	65	0.106209
51003	51755	445	0.727124
51003	51076	445	0.727124
51003	51205	445	0.727124
51003	50310	445	0.727124
51003	51719	445	0.727124
51003	51209	445	0.727124
51003	50573	445	0.727124
51003	50319	445	0.727124
51003	51088	445	0.727124
51003	51857	445	0.727124
51003	51602	445	0.727124
51003	50307	445	0.727124
51003	51477	445	0.727124
51003	51703	445	0.727124
51003	50585	445	0.727124
51003	50587	445	0.727124
51003	50464	445	0.727124
51003	50971	445	0.727124
51003	51237	445	0.727124
51003	50470	445	0.727124
51003	50999	445	0.727124
51003	51368	445	0.727124
51003	50473	445	0.727124
51003	51754	445	0.727124
51003	50987	445	0.727124
51003	51372	445	0.727124
51003	51117	445	0.727124
51003	50607	445	0.727124
51003	51276	445	0.727124
51003	50609	445	0.727124
51003	51443	445	0.727124
51003	51166	445	0.727124
51003	50998	445	0.727124
51003	50359	445	0.727124
51003	50488	445	0.727124
51003	50271	445	0.727124
51003	51388	445	0.727124
51003	51647	445	0.727124
51003	50373	445	0.727124
51003	51143	445	0.727124
51003	51020	445	0.727124
51003	50507	445	0.727124
51003	50764	445	0.727124
51003	51895	445	0.727124
51003	51534	445	0.727124
51003	51279	445	0.727124
51003	50897	445	0.727124
51003	51154	445	0.727124
51003	50516	445	0.727124
51003	50254	445	0.727124
51003	51928	445	0.727124
51003	50895	445	0.727124
51003	51933	445	0.727124
51003	50782	445	0.727124
51003	51807	445	0.727124
51003	50400	445	0.727124
51003	51043	445	0.727124
51003	51812	445	0.727124
51003	51302	445	0.727124
51003	51686	445	0.727124
51003	50920	445	0.727124
51003	51004	445	0.727124
51003	51563	445	0.727124
51003	51308	445	0.727124
51003	51566	445	0.727124
51003	51184	445	0.727124
51003	50675	445	0.727124
51003	51446	445	0.727124
51003	51319	445	0.727124
51003	51347	445	0.727124
51003	50555	445	0.727124
51003	50815	12	0.019608
51004	51078	38	0.050667
51004	51755	577	0.769333
51004	51076	577	0.769333
51004	51205	577	0.769333
51004	50310	577	0.769333
51004	51719	577	0.769333
51004	51209	577	0.769333
51004	50573	577	0.769333
51004	50319	577	0.769333
51004	51088	577	0.769333
51004	51857	577	0.769333
51004	51602	577	0.769333
51004	50307	577	0.769333
51004	51477	577	0.769333
51004	51703	577	0.769333
51004	50585	577	0.769333
51004	50587	577	0.769333
51004	50464	577	0.769333
51004	50971	577	0.769333
51004	51237	577	0.769333
51004	50470	577	0.769333
51004	50999	577	0.769333
51004	51368	577	0.769333
51004	50473	577	0.769333
51004	51754	577	0.769333
51004	50987	577	0.769333
51004	51372	577	0.769333
51004	51117	577	0.769333
51004	50607	577	0.769333
51004	51276	577	0.769333
51004	50609	577	0.769333
51004	51443	577	0.769333
51004	51166	577	0.769333
51004	50998	577	0.769333
51004	50359	577	0.769333
51004	50488	577	0.769333
51004	51003	577	0.769333
51004	51388	577	0.769333
51004	51647	577	0.769333
51004	51779	3	0.004000
51004	50373	577	0.769333
51004	51143	577	0.769333
51004	51020	577	0.769333
51004	50271	577	0.769333
51004	50507	577	0.769333
51004	50764	577	0.769333
51004	51895	577	0.769333
51004	51534	577	0.769333
51004	51279	577	0.769333
51004	50897	577	0.769333
51004	51154	577	0.769333
51004	50516	577	0.769333
51004	50254	577	0.769333
51004	51928	577	0.769333
51004	50895	577	0.769333
51004	51933	577	0.769333
51004	50782	577	0.769333
51004	51807	577	0.769333
51004	50400	577	0.769333
51004	51043	577	0.769333
51004	51812	577	0.769333
51004	51302	577	0.769333
51004	51686	577	0.769333
51004	50920	577	0.769333
51004	51563	577	0.769333
51004	51308	577	0.769333
51004	51566	577	0.769333
51004	51184	577	0.769333
51004	50675	577	0.769333
51004	51446	577	0.769333
51004	51319	577	0.769333
51004	51347	577	0.769333
51004	50555	577	0.769333
51005	51842	20	0.666667
51005	51779	3	0.100000
51007	50432	1	0.000196
51007	50817	38193	7.477095
51007	51586	3	0.000587
51007	50567	1	0.000196
51007	51208	1	0.000196
51007	51593	2	0.000392
51007	50954	2	0.000392
51007	50829	3	0.000587
51007	50755	2	0.000392
51007	50968	5	0.000979
51007	51357	5	0.000979
51007	50465	1	0.000196
51007	51877	5	0.000979
51007	50290	2	0.000392
51007	51252	2254	0.441269
51007	50623	6	0.001175
51007	51779	10	0.001958
51007	51530	2	0.000392
51007	50255	10	0.001958
51007	51341	2	0.000392
51007	51298	1	0.000196
51007	50404	10	0.001958
51007	50918	4	0.000783
51007	50921	2	0.000392
51007	51310	2	0.000392
51007	51698	1	0.000196
51007	51315	2	0.000392
51007	50815	17	0.003328
51009	51252	3	3.000000
51010	50432	1	0.000210
51010	50817	38089	7.988465
51010	51586	3	0.000629
51010	50567	1	0.000210
51010	51208	1	0.000210
51010	51593	2	0.000419
51010	50954	2	0.000419
51010	51341	2	0.000419
51010	50755	2	0.000419
51010	50968	5	0.001049
51010	51357	5	0.001049
51010	50465	1	0.000210
51010	51877	5	0.001049
51010	50290	2	0.000419
51010	51252	2241	0.470008
51010	50623	5	0.001049
51010	50829	2	0.000419
51010	51779	12	0.002517
51010	51530	2	0.000419
51010	50255	10	0.002097
51010	51298	1	0.000210
51010	50404	10	0.002097
51010	50918	4	0.000839
51010	50921	2	0.000419
51010	51310	2	0.000419
51010	51698	1	0.000210
51010	51315	2	0.000419
51010	50815	17	0.003565
51011	51272	14	0.115702
51016	50465	1	0.020408
51016	51074	1	0.020408
51016	51779	2	0.040816
51016	50340	4	0.081633
51016	50290	1	0.020408
51016	50791	1	0.020408
51016	51881	1	0.020408
51016	50954	1	0.020408
51016	50887	1	0.020408
51016	51277	1	0.020408
51016	51586	1	0.020408
51016	51695	1	0.020408
51016	50577	1	0.020408
51016	51474	1	0.020408
51016	51598	1	0.020408
51016	50647	2	0.040816
51016	50426	1	0.020408
51016	51613	1	0.020408
51017	51284	1	0.083333
51017	51252	2	0.166667
51020	51078	66	0.042774
51020	51586	1	0.000648
51020	51755	765	0.495787
51020	51076	765	0.495787
51020	51205	765	0.495787
51020	50310	765	0.495787
51020	51719	765	0.495787
51020	51209	765	0.495787
51020	50573	765	0.495787
51020	50319	765	0.495787
51020	51088	765	0.495787
51020	51857	765	0.495787
51020	51602	765	0.495787
51020	50307	765	0.495787
51020	51477	765	0.495787
51020	51703	765	0.495787
51020	50585	765	0.495787
51020	50587	765	0.495787
51020	51357	2	0.001296
51020	50464	765	0.495787
51020	50971	765	0.495787
51020	51237	765	0.495787
51020	50470	765	0.495787
51020	50999	765	0.495787
51020	51368	765	0.495787
51020	50473	765	0.495787
51020	51754	765	0.495787
51020	50987	765	0.495787
51020	51372	765	0.495787
51020	51117	765	0.495787
51020	50607	765	0.495787
51020	50609	765	0.495787
51020	51443	765	0.495787
51020	51252	1	0.000648
51020	51166	765	0.495787
51020	50998	765	0.495787
51020	50359	770	0.499028
51020	50488	765	0.495787
51020	51003	770	0.499028
51020	51388	765	0.495787
51020	51647	765	0.495787
51020	50373	765	0.495787
51020	51143	765	0.495787
51020	51276	765	0.495787
51020	50271	765	0.495787
51020	50507	765	0.495787
51020	50764	770	0.499028
51020	51895	765	0.495787
51020	51534	765	0.495787
51020	51279	765	0.495787
51020	50897	765	0.495787
51020	51154	765	0.495787
51020	50516	765	0.495787
51020	50254	765	0.495787
51020	51928	765	0.495787
51020	50895	765	0.495787
51020	51933	765	0.495787
51020	50782	765	0.495787
51020	51807	765	0.495787
51020	50400	765	0.495787
51020	51043	765	0.495787
51020	51812	765	0.495787
51020	51302	765	0.495787
51020	51686	765	0.495787
51020	50920	765	0.495787
51020	51004	765	0.495787
51020	51563	765	0.495787
51020	51308	765	0.495787
51020	51566	765	0.495787
51020	51184	770	0.499028
51020	50675	765	0.495787
51020	51446	765	0.495787
51020	51319	765	0.495787
51020	51347	765	0.495787
51020	50555	765	0.495787
51023	50305	6127	0.702879
51023	51428	6127	0.702879
51023	50566	6127	0.702879
51023	51599	6127	0.702879
51023	51868	6127	0.702879
51023	51869	6127	0.702879
51023	51742	6127	0.702879
51023	50565	6127	0.702879
51023	51107	6127	0.702879
51023	50468	6127	0.702879
51023	51110	6127	0.702879
51023	51880	6127	0.702879
51023	50857	6127	0.702879
51023	50717	22	0.002524
51023	51252	6149	0.705403
51023	50974	12254	1.405759
51023	51894	6127	0.702879
51023	51136	6127	0.702879
51023	50372	6127	0.702879
51023	50252	6127	0.702879
51023	50255	11	0.001262
51023	51410	6127	0.702879
51023	51541	6127	0.702879
51023	50903	6127	0.702879
51023	51172	6127	0.702879
51023	51036	6127	0.702879
51023	50528	6127	0.702879
51023	50274	6127	0.702879
51023	50659	6127	0.702879
51023	51684	12322	1.413560
51023	51301	6127	0.702879
51023	51819	6127	0.702879
51023	51437	6127	0.702879
51023	50557	6127	0.702879
51023	51698	43	0.004933
51023	50291	6127	0.702879
51023	50427	6127	0.702879
51023	50812	6127	0.702879
51023	51837	6127	0.702879
51023	51236	6127	0.702879
51024	51659	15	0.121951
51025	51252	1	0.006897
51025	50286	1165	8.034483
51026	51284	1	0.025000
51026	51252	74	1.850000
51026	50255	36	0.900000
51027	51779	5	0.027174
51027	51252	1	0.005435
51027	50910	2	0.010870
51027	50286	1624	8.826087
51028	51593	3	0.001099
51028	51084	2	0.000733
51028	51598	138	0.050568
51028	50577	1	0.000366
51028	50755	3	0.001099
51028	51865	1	0.000366
51028	51357	4	0.001466
51028	51787	2	0.000733
51028	51877	1	0.000366
51028	51496	2	0.000733
51028	50601	23695	8.682668
51028	50482	1	0.000366
51028	51636	1	0.000366
51028	50869	4	0.001466
51028	51510	1	0.000366
51028	51252	2036	0.746061
51028	50623	5	0.001832
51028	51779	6	0.002199
51028	51530	2	0.000733
51028	50507	1	0.000366
51028	51788	4	0.001466
51028	50255	1	0.000366
51028	51298	2	0.000733
51028	50918	2	0.000733
51028	51310	1	0.000366
51028	51695	1	0.000366
51028	50546	2	0.000733
51028	51315	4	0.001466
51028	50815	15	0.005497
51029	50338	39	0.866667
51029	51252	144	3.200000
51030	50241	2	0.002950
51030	50722	2	0.002950
51030	50728	1	0.001475
51030	50699	2	0.002950
51030	50255	8	0.011799
51030	51252	87	0.128319
51031	51877	4	0.000740
51031	50658	1	0.000185
51031	51779	4	0.000740
51031	51636	1	0.000185
51031	50856	1	0.000185
51031	51474	1	0.000185
51031	50466	1	0.000185
51031	51341	4	0.000740
51031	51586	8	0.001480
51031	51106	1	0.000185
51031	51448	10	0.001850
51031	51698	1	0.000185
51031	51235	3	0.000555
51031	51252	27	0.004996
51031	51349	5416	1.002221
51031	50968	1	0.000185
51031	51668	1	0.000185
51031	51357	1	0.000185
51031	51326	2	0.000370
51031	50623	4	0.000740
51032	51938	1	0.058824
51032	51877	1	0.058824
51032	51593	1	0.058824
51032	51344	1	0.058824
51032	50290	1	0.058824
51032	51708	2	0.117647
51034	50939	2	0.002484
51034	51252	2	0.002484
51036	50305	3332	0.802505
51036	51428	3332	0.802505
51036	50566	3332	0.802505
51036	51599	3332	0.802505
51036	51868	3332	0.802505
51036	51869	3332	0.802505
51036	51742	3332	0.802505
51036	50565	3332	0.802505
51036	51107	3332	0.802505
51036	50468	3332	0.802505
51036	51877	6	0.001445
51036	51110	3332	0.802505
51036	51880	3332	0.802505
51036	50857	3332	0.802505
51036	50717	20	0.004817
51036	51252	3332	0.802505
51036	50974	6664	1.605010
51036	51894	3332	0.802505
51036	51136	3332	0.802505
51036	50372	3332	0.802505
51036	50252	3332	0.802505
51036	51023	3332	0.802505
51036	51410	3332	0.802505
51036	51541	3332	0.802505
51036	50903	3332	0.802505
51036	51172	3332	0.802505
51036	50528	3332	0.802505
51036	50274	3332	0.802505
51036	50659	3332	0.802505
51036	51684	23430	5.643064
51036	51301	3332	0.802505
51036	51819	3332	0.802505
51036	51437	3332	0.802505
51036	50557	3332	0.802505
51036	50291	3332	0.802505
51036	50427	3332	0.802505
51036	50812	3332	0.802505
51036	51837	3332	0.802505
51036	51236	3332	0.802505
51037	50904	1	0.035714
51038	51696	1	0.029412
51038	51009	1	0.029412
51038	51252	1	0.029412
51038	50289	1	0.029412
51039	51586	3	0.176471
51039	51252	1	0.058824
51039	50815	4	0.235294
51041	50338	29	0.878788
51041	51636	1	0.030303
51042	51938	6	0.050000
51042	51779	3	0.025000
51042	51881	6	0.050000
51042	50571	6	0.050000
51042	51778	3	0.025000
51042	51357	4	0.033333
51042	51698	6	0.050000
51042	50899	5	0.041667
51042	51448	3	0.025000
51042	51293	2370	19.750000
51042	50975	3	0.025000
51043	51078	60	0.120482
51043	51755	298	0.598394
51043	51076	298	0.598394
51043	51205	298	0.598394
51043	50310	298	0.598394
51043	51719	298	0.598394
51043	51209	298	0.598394
51043	50573	298	0.598394
51043	50319	298	0.598394
51043	51088	298	0.598394
51043	51857	298	0.598394
51043	51602	298	0.598394
51043	50307	298	0.598394
51043	51477	298	0.598394
51043	51703	298	0.598394
51043	50585	298	0.598394
51043	50587	298	0.598394
51043	50464	298	0.598394
51043	50971	298	0.598394
51043	51237	298	0.598394
51043	50470	298	0.598394
51043	50999	298	0.598394
51043	51368	298	0.598394
51043	50473	298	0.598394
51043	51754	298	0.598394
51043	50987	298	0.598394
51043	51372	298	0.598394
51043	51117	298	0.598394
51043	50607	298	0.598394
51043	51276	298	0.598394
51043	50609	298	0.598394
51043	51443	298	0.598394
51043	51166	298	0.598394
51043	50998	298	0.598394
51043	50359	298	0.598394
51043	50488	298	0.598394
51043	51003	298	0.598394
51043	51388	298	0.598394
51043	51647	298	0.598394
51043	50373	298	0.598394
51043	51143	298	0.598394
51043	51020	298	0.598394
51043	50271	298	0.598394
51043	50507	298	0.598394
51043	50764	298	0.598394
51043	51895	298	0.598394
51043	51534	298	0.598394
51043	51279	298	0.598394
51043	50897	298	0.598394
51043	51154	298	0.598394
51043	50516	298	0.598394
51043	50254	298	0.598394
51043	51928	298	0.598394
51043	50895	298	0.598394
51043	51933	298	0.598394
51043	50782	298	0.598394
51043	51807	298	0.598394
51043	50400	298	0.598394
51043	51812	298	0.598394
51043	51302	298	0.598394
51043	51686	298	0.598394
51043	50920	298	0.598394
51043	51004	298	0.598394
51043	51563	298	0.598394
51043	51308	298	0.598394
51043	51566	298	0.598394
51043	51184	298	0.598394
51043	50675	298	0.598394
51043	51446	298	0.598394
51043	51319	298	0.598394
51043	51347	298	0.598394
51043	50555	298	0.598394
51045	51586	1	0.003195
51045	51877	1	0.003195
51045	51782	1	0.003195
51045	50855	3	0.009585
51045	51881	4	0.012780
51045	50858	2	0.006390
51045	51147	1	0.003195
51045	50255	1	0.003195
51045	50899	3	0.009585
51045	50868	3	0.009585
51045	51636	314	1.003195
51045	51482	1	0.003195
51045	50975	1	0.003195
51049	50242	154	0.933333
51049	50950	154	0.933333
51049	50758	154	0.933333
51049	51079	154	0.933333
51049	51083	318	1.927273
51049	51151	154	0.933333
51049	50579	154	0.933333
51049	51095	154	0.933333
51050	51204	4	0.004994
51050	51593	3	0.003745
51050	50954	1	0.001248
51050	51084	1	0.001248
51050	51341	6	0.007491
51050	51598	1	0.001248
51050	51227	1	0.001248
51050	51613	1	0.001248
51050	50466	1	0.001248
51050	51877	3	0.003745
51050	50868	9	0.011236
51050	50745	2	0.002497
51050	51134	1	0.001248
51050	50623	2	0.002497
51050	50755	1	0.001248
51050	50245	5	0.006242
51050	51530	1	0.001248
51050	50899	2	0.002497
51050	51668	1	0.001248
51050	50647	1	0.001248
51050	50655	2	0.002497
51050	51938	1	0.001248
51050	50404	1	0.001248
51050	51310	2	0.002497
51050	51569	1	0.001248
51050	51315	2	0.002497
51050	51448	2	0.002497
51051	51659	19	0.558824
51052	51593	3	0.001175
51052	51084	2	0.000783
51052	51598	138	0.054033
51052	50577	1	0.000392
51052	50755	3	0.001175
51052	51865	1	0.000392
51052	51357	4	0.001566
51052	51877	1	0.000392
51052	51496	2	0.000783
51052	50601	24134	9.449491
51052	50482	1	0.000392
51052	51636	1	0.000392
51052	50869	4	0.001566
51052	51252	2026	0.793265
51052	50623	5	0.001958
51052	51779	7	0.002741
51052	51530	2	0.000783
51052	51787	2	0.000783
51052	51788	4	0.001566
51052	50255	1	0.000392
51052	51298	2	0.000783
51052	50918	2	0.000783
51052	51310	1	0.000392
51052	51695	1	0.000392
51052	50546	2	0.000783
51052	51315	4	0.001566
51052	50507	1	0.000392
51052	50815	13	0.005090
51053	51482	225	5.000000
51053	51820	45	1.000000
51053	51586	2	0.044444
51053	50846	90	2.000000
51054	50515	20	1.000000
51054	50277	20	1.000000
51056	51849	1	0.004049
51056	51252	27	0.109312
51057	51482	210	5.000000
51057	51820	42	1.000000
51057	51586	4	0.095238
51057	50846	84	2.000000
51058	50245	1	0.005848
51058	51315	1	0.005848
51058	51252	519	3.035088
51058	50526	2	0.011696
51058	50939	1	0.005848
51058	50814	1	0.005848
51061	51252	1	0.008850
51062	50432	1	0.000218
51062	50817	36812	8.042823
51062	51586	3	0.000655
51062	50567	1	0.000218
51062	51208	1	0.000218
51062	51593	2	0.000437
51062	50954	2	0.000437
51062	50829	2	0.000437
51062	50755	2	0.000437
51062	50968	5	0.001092
51062	51357	5	0.001092
51062	50465	1	0.000218
51062	51877	5	0.001092
51062	50290	2	0.000437
51062	51252	2224	0.485908
51062	50623	6	0.001311
51062	51779	12	0.002622
51062	51530	2	0.000437
51062	50255	6	0.001311
51062	51341	2	0.000437
51062	51298	1	0.000218
51062	50404	10	0.002185
51062	50918	4	0.000874
51062	50921	2	0.000437
51062	51310	2	0.000437
51062	51698	1	0.000218
51062	51315	2	0.000437
51062	50815	17	0.003714
51066	51801	2	0.016000
51066	51698	1	0.008000
51066	50671	10	0.080000
51067	50904	5	0.116279
51068	51252	2	0.333333
51068	51794	16	2.666667
51068	51668	2	0.333333
51071	50889	1	0.041667
51073	50816	13	0.023810
51073	51586	9	0.016484
51073	51332	2	0.003663
51073	51849	15	0.027473
51073	51084	1	0.001832
51073	51213	1	0.001832
51073	50577	1	0.001832
51073	51474	1	0.001832
51073	51482	1	0.001832
51073	50715	5	0.009158
51073	51613	2	0.003663
51073	50846	1	0.001832
51073	50975	1	0.001832
51073	50465	4	0.007326
51073	50340	2	0.003663
51073	51881	4	0.007326
51073	50868	4	0.007326
51073	50618	1	0.001832
51073	50623	2	0.003663
51073	51779	6	0.010989
51073	50631	1	0.001832
51073	51147	2	0.003663
51073	50508	1	0.001832
51073	50255	1	0.001832
51073	50289	75	0.137363
51073	51448	85	0.155678
51073	50940	1	0.001832
51073	50558	1	0.001832
51074	51779	5	0.013774
51074	51877	4	0.011019
51074	50887	3	0.008264
51074	51698	27	0.074380
51074	50755	4	0.011019
51074	51636	2	0.005510
51074	51230	4	0.011019
51074	50623	15	0.041322
51075	50255	8	0.228571
51075	51779	4	0.114286
51075	51690	6	0.171429
51075	50719	4	0.114286
51076	51755	270	0.873786
51076	51347	270	0.873786
51076	51205	270	0.873786
51076	50310	270	0.873786
51076	51719	270	0.873786
51076	51209	270	0.873786
51076	50573	270	0.873786
51076	50319	270	0.873786
51076	51088	270	0.873786
51076	51857	270	0.873786
51076	51602	270	0.873786
51076	50307	270	0.873786
51076	51477	270	0.873786
51076	51703	270	0.873786
51076	50585	270	0.873786
51076	50587	270	0.873786
51076	50464	270	0.873786
51076	50971	270	0.873786
51076	51237	270	0.873786
51076	50470	270	0.873786
51076	50999	270	0.873786
51076	51368	270	0.873786
51076	50473	270	0.873786
51076	51754	270	0.873786
51076	50987	270	0.873786
51076	51372	270	0.873786
51076	51117	270	0.873786
51076	50607	270	0.873786
51076	51276	270	0.873786
51076	50609	270	0.873786
51076	51443	270	0.873786
51076	51166	270	0.873786
51076	50998	270	0.873786
51076	50359	270	0.873786
51076	50488	270	0.873786
51076	51003	270	0.873786
51076	51388	270	0.873786
51076	51647	270	0.873786
51076	50373	270	0.873786
51076	51143	270	0.873786
51076	51020	270	0.873786
51076	50271	270	0.873786
51076	50507	270	0.873786
51076	50764	270	0.873786
51076	51895	270	0.873786
51076	51534	270	0.873786
51076	51279	270	0.873786
51076	50897	270	0.873786
51076	51154	270	0.873786
51076	50516	270	0.873786
51076	50254	270	0.873786
51076	51928	270	0.873786
51076	50895	270	0.873786
51076	51933	270	0.873786
51076	50782	270	0.873786
51076	51807	270	0.873786
51076	50400	270	0.873786
51076	51043	270	0.873786
51076	51812	270	0.873786
51076	51302	270	0.873786
51076	51686	270	0.873786
51076	50920	270	0.873786
51076	51004	270	0.873786
51076	51563	270	0.873786
51076	51308	270	0.873786
51076	51566	270	0.873786
51076	51184	270	0.873786
51076	50675	270	0.873786
51076	51446	270	0.873786
51076	51319	270	0.873786
51076	50555	270	0.873786
51078	51252	3	0.300000
51078	51877	2	0.200000
51079	50242	328	0.976190
51079	50950	328	0.976190
51079	50758	328	0.976190
51079	51049	328	0.976190
51079	51083	657	1.955357
51079	51151	328	0.976190
51079	50579	328	0.976190
51079	51636	3	0.008929
51079	51095	328	0.976190
51079	51668	6	0.017857
51079	50255	3	0.008929
51079	50876	3	0.008929
51079	51357	6	0.017857
51079	51252	25	0.074405
51081	51624	30	1.000000
51082	50816	6	0.003446
51082	51586	27	0.015508
51082	50567	2	0.001149
51082	50956	4	0.002298
51082	51732	2	0.001149
51082	51613	22	0.012636
51082	50975	2	0.001149
51082	51104	1	0.000574
51082	50465	15	0.008616
51082	51698	37	0.021252
51082	51357	1	0.000574
51082	50868	1	0.000574
51082	51636	2	0.001149
51082	50623	51	0.029294
51082	51778	7	0.004021
51082	51779	4	0.002298
51082	50631	2	0.001149
51082	50515	4	0.002298
51082	50277	4	0.002298
51082	50405	1	0.000574
51082	51310	3	0.001723
51082	50544	1	0.000574
51082	50673	2	0.001149
51082	51186	1	0.000574
51082	51448	127	0.072947
51082	50940	2	0.001149
51082	50558	3	0.001723
51083	51593	3	0.002251
51083	50242	1312	0.984246
51083	51315	3	0.002251
51083	50950	1312	0.984246
51083	50758	1312	0.984246
51083	51079	1312	0.984246
51083	51049	1312	0.984246
51083	50954	3	0.002251
51083	51341	3	0.002251
51083	51151	1312	0.984246
51083	51877	3	0.002251
51083	50755	3	0.002251
51083	50579	1312	0.984246
51083	51252	99	0.074269
51083	51095	1312	0.984246
51083	50623	3	0.002251
51084	51779	1	0.001493
51084	51877	51	0.076119
51084	51496	3	0.004478
51084	50623	1	0.001493
51084	51344	2	0.002985
51084	50289	1	0.001493
51084	50994	2	0.002985
51084	50355	1	0.001493
51084	51252	6	0.008955
51084	50645	2	0.002985
51084	50868	1	0.001493
51084	50815	18	0.026866
51084	50847	2	0.002985
51085	51482	235	5.000000
51085	51820	47	1.000000
51085	51586	9	0.191489
51085	50846	94	2.000000
51086	51936	2	0.666667
51086	50594	2	0.666667
51086	50255	2	0.666667
51088	51078	70	0.068898
51088	51755	752	0.740157
51088	51076	752	0.740157
51088	51205	752	0.740157
51088	50310	752	0.740157
51088	51719	752	0.740157
51088	51209	752	0.740157
51088	50573	752	0.740157
51088	50319	752	0.740157
51088	51857	752	0.740157
51088	51602	752	0.740157
51088	50307	752	0.740157
51088	51477	753	0.741142
51088	51703	752	0.740157
51088	50585	752	0.740157
51088	50587	752	0.740157
51088	50464	752	0.740157
51088	50971	752	0.740157
51088	51237	752	0.740157
51088	50470	752	0.740157
51088	50999	752	0.740157
51088	51368	752	0.740157
51088	50473	752	0.740157
51088	51754	752	0.740157
51088	50987	752	0.740157
51088	51372	752	0.740157
51088	51117	752	0.740157
51088	50607	752	0.740157
51088	51276	752	0.740157
51088	50609	752	0.740157
51088	51443	752	0.740157
51088	51166	752	0.740157
51088	50998	752	0.740157
51088	50359	752	0.740157
51088	50488	752	0.740157
51088	51003	752	0.740157
51088	51388	752	0.740157
51088	51647	752	0.740157
51088	50373	752	0.740157
51088	51143	752	0.740157
51088	51020	752	0.740157
51088	50271	752	0.740157
51088	50507	752	0.740157
51088	50764	752	0.740157
51088	51895	752	0.740157
51088	51534	752	0.740157
51088	51279	752	0.740157
51088	50897	752	0.740157
51088	51154	752	0.740157
51088	50516	752	0.740157
51088	50254	752	0.740157
51088	51928	752	0.740157
51088	50895	752	0.740157
51088	51933	752	0.740157
51088	50782	752	0.740157
51088	51807	752	0.740157
51088	50400	752	0.740157
51088	51043	752	0.740157
51088	51812	752	0.740157
51088	51302	752	0.740157
51088	51686	752	0.740157
51088	50920	752	0.740157
51088	51004	752	0.740157
51088	51563	752	0.740157
51088	51308	752	0.740157
51088	51566	752	0.740157
51088	51184	752	0.740157
51088	50675	752	0.740157
51088	51446	752	0.740157
51088	51319	752	0.740157
51088	51347	752	0.740157
51088	50555	752	0.740157
51089	51272	14	0.121739
51094	51794	16	4.000000
51095	50242	284	1.000000
51095	50950	284	1.000000
51095	50758	284	1.000000
51095	51079	284	1.000000
51095	51049	284	1.000000
51095	51083	571	2.010563
51095	51151	284	1.000000
51095	50579	284	1.000000
51095	51252	12	0.042254
51095	51668	3	0.010563
51095	50255	3	0.010563
51095	50876	3	0.010563
51096	51586	12	0.008439
51096	51779	1	0.000703
51096	51877	1	0.000703
51096	51527	12	0.008439
51096	51466	17	0.011955
51096	51277	1	0.000703
51096	50255	1	0.000703
51096	51315	2	0.001406
51096	51252	621	0.436709
51096	51127	2	0.001406
51096	50815	2	0.001406
51096	50558	1	0.000703
51096	50623	1	0.000703
51097	51779	6	0.006036
51097	51208	1	0.001006
51097	50577	1	0.001006
51097	51315	2	0.002012
51097	50900	35	0.035211
51097	51252	664	0.668008
51097	51484	2	0.002012
51098	51842	24	0.631579
51100	51252	2	0.048780
51100	50255	1	0.024390
51101	50432	1	0.000205
51101	50817	38594	7.915094
51101	51586	3	0.000615
51101	50567	1	0.000205
51101	51208	1	0.000205
51101	51593	2	0.000410
51101	50954	2	0.000410
51101	50829	2	0.000410
51101	50755	2	0.000410
51101	50968	5	0.001025
51101	51357	5	0.001025
51101	50465	1	0.000205
51101	51877	5	0.001025
51101	50290	2	0.000410
51101	51252	2313	0.474364
51101	50623	5	0.001025
51101	51779	13	0.002666
51101	51530	2	0.000410
51101	50255	10	0.002051
51101	51341	2	0.000410
51101	51298	1	0.000205
51101	50404	10	0.002051
51101	50918	4	0.000820
51101	50921	2	0.000410
51101	51310	2	0.000410
51101	51698	1	0.000205
51101	51315	2	0.000410
51101	50815	17	0.003486
51102	51600	3	0.006303
51102	51586	1	0.002101
51102	50949	6	0.012605
51102	51393	1	0.002101
51102	51133	5	0.010504
51102	51408	3	0.006303
51102	51315	3	0.006303
51102	51252	6	0.012605
51102	50265	1	0.002101
51102	51357	3	0.006303
51104	50816	2	0.020408
51104	51265	1	0.010204
51104	51778	2	0.020408
51104	50755	1	0.010204
51104	50631	1	0.010204
51104	51240	1	0.010204
51104	50954	1	0.010204
51104	51315	1	0.010204
51104	51586	1	0.010204
51104	51695	1	0.010204
51104	51344	1	0.010204
51104	50355	1	0.010204
51104	51448	20	0.204082
51104	51066	1	0.010204
51104	50671	1	0.010204
51104	51530	1	0.010204
51104	50623	1	0.010204
51105	51252	12	0.387097
51107	50305	423	0.485649
51107	51428	423	0.485649
51107	50566	423	0.485649
51107	51599	423	0.485649
51107	51868	423	0.485649
51107	51869	423	0.485649
51107	51742	423	0.485649
51107	50565	423	0.485649
51107	50468	423	0.485649
51107	51110	423	0.485649
51107	51880	423	0.485649
51107	50857	423	0.485649
51107	50717	16	0.018370
51107	51252	423	0.485649
51107	50974	846	0.971297
51107	51894	423	0.485649
51107	51136	423	0.485649
51107	50372	423	0.485649
51107	50252	423	0.485649
51107	51023	423	0.485649
51107	51410	423	0.485649
51107	51541	423	0.485649
51107	50903	423	0.485649
51107	51684	934	1.072331
51107	51036	423	0.485649
51107	50528	423	0.485649
51107	50274	423	0.485649
51107	50659	423	0.485649
51107	51172	423	0.485649
51107	51301	423	0.485649
51107	51819	423	0.485649
51107	51437	423	0.485649
51107	50557	423	0.485649
51107	50291	423	0.485649
51107	50427	423	0.485649
51107	50812	423	0.485649
51107	51837	423	0.485649
51107	51236	423	0.485649
51108	50552	24	0.558140
51109	50834	16	1.000000
51110	50305	1816	0.679895
51110	51586	5	0.001872
51110	50565	1816	0.679895
51110	50566	1816	0.679895
51110	51599	1816	0.679895
51110	51868	1816	0.679895
51110	51869	1816	0.679895
51110	51742	1816	0.679895
51110	51107	1816	0.679895
51110	50468	1816	0.679895
51110	51880	1816	0.679895
51110	50857	1816	0.679895
51110	50717	28	0.010483
51110	51172	1816	0.679895
51110	51252	1816	0.679895
51110	50974	3632	1.359790
51110	51894	1816	0.679895
51110	51136	1816	0.679895
51110	50372	1816	0.679895
51110	50252	1816	0.679895
51110	51023	1816	0.679895
51110	51410	1816	0.679895
51110	51541	1816	0.679895
51110	50903	1816	0.679895
51110	51428	1816	0.679895
51110	51036	1816	0.679895
51110	51293	12	0.004493
51110	50528	1816	0.679895
51110	50274	1816	0.679895
51110	50659	1816	0.679895
51110	51684	7366	2.757769
51110	51301	1816	0.679895
51110	51819	1816	0.679895
51110	51437	1816	0.679895
51110	50557	1816	0.679895
51110	50291	1816	0.679895
51110	50427	1816	0.679895
51110	50812	1816	0.679895
51110	51837	1816	0.679895
51110	51236	1816	0.679895
51111	50868	18	0.450000
51111	51482	200	5.000000
51111	51820	40	1.000000
51111	51586	6	0.150000
51111	50846	80	2.000000
51112	50273	160	1.000000
51112	51330	160	1.000000
51112	50757	160	1.000000
51112	50790	160	1.000000
51112	50332	160	1.000000
51112	50733	160	1.000000
51112	51252	3	0.018750
51112	50232	160	1.000000
51112	50754	2	0.012500
51112	51861	160	1.000000
51112	51832	160	1.000000
51112	50809	160	1.000000
51112	51173	160	1.000000
51112	51164	160	1.000000
51112	51710	160	1.000000
51112	50885	160	1.000000
51113	51252	1	0.031250
51116	50338	1	0.027778
51116	51252	2	0.055556
51116	50815	1	0.027778
51117	51078	106	0.076259
51117	51755	800	0.575540
51117	51076	800	0.575540
51117	51205	800	0.575540
51117	50310	800	0.575540
51117	51719	800	0.575540
51117	51209	800	0.575540
51117	50573	800	0.575540
51117	51407	8	0.005755
51117	50319	800	0.575540
51117	51088	800	0.575540
51117	51857	800	0.575540
51117	51602	800	0.575540
51117	50307	800	0.575540
51117	51477	800	0.575540
51117	51703	800	0.575540
51117	50585	800	0.575540
51117	50587	800	0.575540
51117	50464	800	0.575540
51117	50971	800	0.575540
51117	51237	800	0.575540
51117	50470	800	0.575540
51117	50999	800	0.575540
51117	51368	800	0.575540
51117	50473	800	0.575540
51117	51754	800	0.575540
51117	50987	800	0.575540
51117	51372	800	0.575540
51117	50607	800	0.575540
51117	51276	800	0.575540
51117	50609	800	0.575540
51117	51443	800	0.575540
51117	51166	800	0.575540
51117	50998	802	0.576978
51117	50359	800	0.575540
51117	50488	800	0.575540
51117	51003	800	0.575540
51117	51388	800	0.575540
51117	51647	800	0.575540
51117	50373	800	0.575540
51117	51143	800	0.575540
51117	51020	800	0.575540
51117	50271	800	0.575540
51117	50507	800	0.575540
51117	50764	800	0.575540
51117	51895	800	0.575540
51117	51534	800	0.575540
51117	51279	800	0.575540
51117	50897	800	0.575540
51117	51154	800	0.575540
51117	50516	800	0.575540
51117	50254	800	0.575540
51117	51928	800	0.575540
51117	50895	800	0.575540
51117	51933	800	0.575540
51117	50782	800	0.575540
51117	51807	800	0.575540
51117	50400	800	0.575540
51117	51043	800	0.575540
51117	51812	800	0.575540
51117	51302	800	0.575540
51117	51686	800	0.575540
51117	50920	800	0.575540
51117	51004	800	0.575540
51117	51563	800	0.575540
51117	51308	800	0.575540
51117	51566	800	0.575540
51117	51184	800	0.575540
51117	50675	800	0.575540
51117	51446	800	0.575540
51117	51319	800	0.575540
51117	51347	800	0.575540
51117	50555	800	0.575540
51118	50939	102	0.124390
51118	51252	1	0.001220
51120	51505	9	0.290323
51121	50560	59	1.966667
51121	50255	30	1.000000
51122	51624	45	1.000000
51123	51593	3	0.001162
51123	51084	2	0.000775
51123	51598	138	0.053468
51123	50577	1	0.000387
51123	50755	3	0.001162
51123	51865	1	0.000387
51123	51357	4	0.001550
51123	51787	2	0.000775
51123	51877	1	0.000387
51123	51496	2	0.000775
51123	50601	23863	9.245641
51123	50482	1	0.000387
51123	51636	1	0.000387
51123	50869	4	0.001550
51123	51252	2039	0.790004
51123	50623	5	0.001937
51123	51779	6	0.002325
51123	51530	2	0.000775
51123	50507	1	0.000387
51123	51788	4	0.001550
51123	50255	1	0.000387
51123	51298	2	0.000775
51123	50918	2	0.000775
51123	51310	1	0.000387
51123	51695	2	0.000775
51123	50546	2	0.000775
51123	51315	4	0.001550
51123	50815	13	0.005037
51124	51779	1	0.003413
51124	50343	1	0.003413
51124	51668	1	0.003413
51124	51349	293	1.000000
51124	51252	8	0.027304
51124	51326	2	0.006826
51125	50904	6	0.142857
51126	51624	31	1.000000
51127	51938	2	0.100000
51127	51779	1	0.050000
51127	51357	1	0.050000
51128	51616	1	0.041667
51128	50465	1	0.041667
51128	51778	1	0.041667
51128	51060	1	0.041667
51129	51252	1	1.000000
51129	51038	3	3.000000
51132	51252	1	0.004975
51132	50918	2	0.009950
51132	50286	1610	8.009950
51133	51252	5	0.006944
51133	50933	1	0.001389
51134	51779	3	0.003953
51134	51252	4	0.005270
51136	50305	2973	0.741952
51136	51428	2973	0.741952
51136	50566	2973	0.741952
51136	51599	2973	0.741952
51136	51868	2973	0.741952
51136	51869	2973	0.741952
51136	51742	2973	0.741952
51136	50565	2973	0.741952
51136	51107	2973	0.741952
51136	50468	2973	0.741952
51136	51110	2973	0.741952
51136	51880	2973	0.741952
51136	50857	2973	0.741952
51136	50717	24	0.005990
51136	51252	5946	1.483903
51136	50974	5946	1.483903
51136	51894	2973	0.741952
51136	50372	2973	0.741952
51136	50252	2973	0.741952
51136	51023	2973	0.741952
51136	51410	2973	0.741952
51136	51541	2973	0.741952
51136	50903	2973	0.741952
51136	51172	2973	0.741952
51136	51036	2973	0.741952
51136	50528	2973	0.741952
51136	50274	2973	0.741952
51136	50659	2973	0.741952
51136	51684	8975	2.239830
51136	51301	2973	0.741952
51136	51819	2973	0.741952
51136	51437	2973	0.741952
51136	50557	2973	0.741952
51136	50291	2973	0.741952
51136	50427	2973	0.741952
51136	50812	2973	0.741952
51136	51837	2973	0.741952
51136	51236	2973	0.741952
51138	51779	6	0.006061
51138	51208	1	0.001010
51138	50577	1	0.001010
51138	51315	2	0.002020
51138	50900	36	0.036364
51138	51252	657	0.663636
51138	51484	2	0.002020
51140	51272	14	0.189189
51141	51724	189	0.129541
51141	51252	4	0.002742
51142	51272	18	0.191489
51142	51140	1	0.010638
51142	51011	1	0.010638
51142	50244	1	0.010638
51142	51752	1	0.010638
51143	51078	75	0.206612
51143	51755	274	0.754821
51143	51076	274	0.754821
51143	51205	274	0.754821
51143	50310	274	0.754821
51143	51719	274	0.754821
51143	51209	274	0.754821
51143	50573	274	0.754821
51143	50319	274	0.754821
51143	51088	274	0.754821
51143	51857	274	0.754821
51143	51602	274	0.754821
51143	50307	274	0.754821
51143	51477	274	0.754821
51143	50585	274	0.754821
51143	50587	274	0.754821
51143	50464	274	0.754821
51143	50971	274	0.754821
51143	51237	274	0.754821
51143	50470	274	0.754821
51143	50999	274	0.754821
51143	51368	274	0.754821
51143	50473	274	0.754821
51143	51754	274	0.754821
51143	50987	274	0.754821
51143	51372	274	0.754821
51143	51117	274	0.754821
51143	50607	274	0.754821
51143	51276	274	0.754821
51143	50609	274	0.754821
51143	51443	274	0.754821
51143	51166	274	0.754821
51143	50998	274	0.754821
51143	50359	274	0.754821
51143	50488	274	0.754821
51143	51003	274	0.754821
51143	51388	274	0.754821
51143	51647	274	0.754821
51143	51779	3	0.008264
51143	50373	274	0.754821
51143	51703	274	0.754821
51143	51020	274	0.754821
51143	50271	274	0.754821
51143	50507	274	0.754821
51143	50764	274	0.754821
51143	51895	274	0.754821
51143	51534	274	0.754821
51143	51279	274	0.754821
51143	50897	274	0.754821
51143	51154	274	0.754821
51143	50516	274	0.754821
51143	50254	274	0.754821
51143	51928	274	0.754821
51143	50895	274	0.754821
51143	51933	274	0.754821
51143	50782	274	0.754821
51143	51807	274	0.754821
51143	50400	274	0.754821
51143	51043	274	0.754821
51143	51812	274	0.754821
51143	51302	274	0.754821
51143	51686	274	0.754821
51143	50920	274	0.754821
51143	51004	274	0.754821
51143	51563	274	0.754821
51143	51308	274	0.754821
51143	51566	274	0.754821
51143	51184	274	0.754821
51143	50675	274	0.754821
51143	51446	274	0.754821
51143	51319	274	0.754821
51143	51347	274	0.754821
51143	50555	274	0.754821
51144	50889	28	0.651163
51144	51282	32	0.744186
51144	51667	32	0.744186
51144	51252	33	0.767442
51145	51593	3	0.001099
51145	51084	2	0.000733
51145	51598	138	0.050568
51145	50577	1	0.000366
51145	50755	3	0.001099
51145	51865	1	0.000366
51145	51357	4	0.001466
51145	51787	2	0.000733
51145	51877	1	0.000366
51145	51496	2	0.000733
51145	50601	24057	8.815317
51145	50482	1	0.000366
51145	51636	1	0.000366
51145	50869	4	0.001466
51145	51252	2051	0.751557
51145	50623	5	0.001832
51145	51779	6	0.002199
51145	51530	2	0.000733
51145	50507	1	0.000366
51145	51788	4	0.001466
51145	50255	1	0.000366
51145	51298	2	0.000733
51145	50918	2	0.000733
51145	51310	1	0.000366
51145	51695	2	0.000733
51145	50546	2	0.000733
51145	51315	4	0.001466
51145	50815	13	0.004764
51147	51586	7	0.106061
51147	51249	1	0.015152
51147	51782	1	0.015152
51147	50567	2	0.030303
51147	50673	3	0.045455
51147	50899	1	0.015152
51147	50868	1	0.015152
51147	51636	9	0.136364
51148	51272	13	0.209677
51149	51456	1784	0.671687
51149	51586	12	0.004518
51149	51653	18	0.006777
51149	51591	1784	0.671687
51149	50729	1784	0.671687
51149	51242	1784	0.671687
51149	50255	1784	0.671687
51149	51252	3698	1.392319
51149	51190	1784	0.671687
51149	51225	6	0.002259
51149	51227	6	0.002259
51149	50815	30	0.011295
51149	50623	6	0.002259
51150	51842	23	0.676471
51151	50242	1062	0.954178
51151	51779	3	0.002695
51151	50950	1062	0.954178
51151	50758	1062	0.954178
51151	51079	1062	0.954178
51151	51049	1062	0.954178
51151	51083	2133	1.916442
51151	51586	3	0.002695
51151	50255	59	0.053010
51151	50579	1062	0.954178
51151	51252	26	0.023360
51151	51095	1065	0.956873
51151	51357	2	0.001797
51152	51252	134	0.992593
51152	51284	3	0.022222
51152	50255	264	1.955556
51153	51232	2	0.030769
51153	50502	2	0.030769
51153	50246	2	0.030769
51153	50743	2	0.030769
51153	51441	2	0.030769
51153	51255	2	0.030769
51153	50904	5	0.076923
51153	51067	2	0.030769
51153	50301	2	0.030769
51153	50821	2	0.030769
51154	51078	22	0.026797
51154	51755	606	0.738124
51154	51076	606	0.738124
51154	51205	606	0.738124
51154	50310	606	0.738124
51154	51719	606	0.738124
51154	51209	606	0.738124
51154	50573	606	0.738124
51154	51407	1	0.001218
51154	50319	606	0.738124
51154	51088	606	0.738124
51154	51857	606	0.738124
51154	51602	606	0.738124
51154	50307	606	0.738124
51154	51477	606	0.738124
51154	51703	606	0.738124
51154	50585	606	0.738124
51154	50587	606	0.738124
51154	50464	606	0.738124
51154	50971	606	0.738124
51154	51237	606	0.738124
51154	50470	606	0.738124
51154	50999	606	0.738124
51154	51368	606	0.738124
51154	50473	606	0.738124
51154	51754	606	0.738124
51154	50987	606	0.738124
51154	51372	606	0.738124
51154	51117	606	0.738124
51154	50607	606	0.738124
51154	51276	606	0.738124
51154	50609	606	0.738124
51154	51443	606	0.738124
51154	51252	4	0.004872
51154	51166	606	0.738124
51154	50998	606	0.738124
51154	50359	606	0.738124
51154	50488	606	0.738124
51154	51003	606	0.738124
51154	51388	606	0.738124
51154	51647	606	0.738124
51154	50373	606	0.738124
51154	51143	606	0.738124
51154	51020	606	0.738124
51154	50271	606	0.738124
51154	50507	606	0.738124
51154	50764	606	0.738124
51154	51895	606	0.738124
51154	51534	606	0.738124
51154	51279	606	0.738124
51154	50897	606	0.738124
51154	51282	1	0.001218
51154	50516	606	0.738124
51154	50254	606	0.738124
51154	50917	1	0.001218
51154	51928	606	0.738124
51154	50895	606	0.738124
51154	51933	606	0.738124
51154	50782	606	0.738124
51154	51807	606	0.738124
51154	50400	606	0.738124
51154	51043	606	0.738124
51154	51812	606	0.738124
51154	51302	606	0.738124
51154	51686	606	0.738124
51154	50920	606	0.738124
51154	51004	606	0.738124
51154	51563	606	0.738124
51154	51308	606	0.738124
51154	51566	606	0.738124
51154	51184	606	0.738124
51154	50675	606	0.738124
51154	51446	606	0.738124
51154	51319	606	0.738124
51154	51347	606	0.738124
51154	50555	606	0.738124
51155	51252	16	0.842105
51156	51779	12	0.015584
51156	50918	2	0.002597
51156	51587	27	0.035065
51156	51315	2	0.002597
51156	51252	19	0.024675
51156	51381	2	0.002597
51156	50815	2	0.002597
51157	51272	18	0.276923
51158	51779	4	0.003213
51158	51369	1	0.000803
51158	51466	1	0.000803
51158	50255	3	0.002410
51158	50577	1	0.000803
51158	50899	1	0.000803
51158	51252	47	0.037751
51158	51931	35	0.028112
51158	51484	1	0.000803
51159	51038	3	3.000000
51160	50910	2	0.022222
51160	50286	631	7.011111
51164	50273	129	1.000000
51164	51330	129	1.000000
51164	50757	129	1.000000
51164	50790	129	1.000000
51164	51112	129	1.000000
51164	50733	129	1.000000
51164	51252	1	0.007752
51164	50232	129	1.000000
51164	50754	3	0.023256
51164	51861	129	1.000000
51164	51832	129	1.000000
51164	50809	129	1.000000
51164	51173	129	1.000000
51164	50332	129	1.000000
51164	51710	129	1.000000
51164	50885	129	1.000000
51165	51821	6	0.000741
51166	51078	100	0.137741
51166	51755	591	0.814050
51166	51076	591	0.814050
51166	51205	591	0.814050
51166	50310	591	0.814050
51166	51719	591	0.814050
51166	51209	591	0.814050
51166	50573	591	0.814050
51166	50319	591	0.814050
51166	51088	591	0.814050
51166	51857	591	0.814050
51166	51602	591	0.814050
51166	50307	591	0.814050
51166	51477	591	0.814050
51166	51703	591	0.814050
51166	50585	591	0.814050
51166	50587	591	0.814050
51166	50464	591	0.814050
51166	50971	591	0.814050
51166	51237	591	0.814050
51166	50470	591	0.814050
51166	50999	591	0.814050
51166	51368	591	0.814050
51166	50473	591	0.814050
51166	51754	591	0.814050
51166	50987	591	0.814050
51166	51372	591	0.814050
51166	51117	591	0.814050
51166	50607	591	0.814050
51166	51276	591	0.814050
51166	50609	591	0.814050
51166	51443	591	0.814050
51166	50998	591	0.814050
51166	50359	591	0.814050
51166	50488	591	0.814050
51166	51003	591	0.814050
51166	51388	591	0.814050
51166	51647	591	0.814050
51166	50373	591	0.814050
51166	51143	591	0.814050
51166	51020	591	0.814050
51166	50271	591	0.814050
51166	50507	591	0.814050
51166	50764	591	0.814050
51166	51895	591	0.814050
51166	51534	591	0.814050
51166	51279	591	0.814050
51166	50897	591	0.814050
51166	51154	591	0.814050
51166	50516	591	0.814050
51166	50254	591	0.814050
51166	51928	591	0.814050
51166	50895	591	0.814050
51166	51933	591	0.814050
51166	50782	591	0.814050
51166	51807	591	0.814050
51166	50400	591	0.814050
51166	51043	591	0.814050
51166	51812	591	0.814050
51166	51302	591	0.814050
51166	51686	591	0.814050
51166	50920	591	0.814050
51166	51004	591	0.814050
51166	51563	591	0.814050
51166	51308	591	0.814050
51166	51566	591	0.814050
51166	51184	591	0.814050
51166	50675	591	0.814050
51166	51446	591	0.814050
51166	51319	591	0.814050
51166	51347	591	0.814050
51166	50555	591	0.814050
51167	51497	20	0.009583
51167	51779	21	0.010062
51167	51252	12	0.005750
51167	50980	8	0.003833
51169	51252	4	0.004932
51169	50815	1	0.001233
51171	50530	305	0.913174
51171	50535	305	0.913174
51171	51586	1	0.002994
51171	50255	56	0.167665
51171	51252	25	0.074850
51171	51357	6	0.017964
51172	50305	1213	0.575700
51172	50565	1213	0.575700
51172	50566	1213	0.575700
51172	51599	1213	0.575700
51172	51868	1213	0.575700
51172	51869	1213	0.575700
51172	51742	1213	0.575700
51172	51107	1213	0.575700
51172	50468	1213	0.575700
51172	51110	1213	0.575700
51172	51880	1213	0.575700
51172	50857	1213	0.575700
51172	50717	32	0.015187
51172	51252	2426	1.151400
51172	50974	2426	1.151400
51172	51894	1213	0.575700
51172	51136	1213	0.575700
51172	50372	1213	0.575700
51172	50252	1213	0.575700
51172	51023	1213	0.575700
51172	51410	1213	0.575700
51172	51541	1213	0.575700
51172	50903	1213	0.575700
51172	51428	1213	0.575700
51172	51036	1213	0.575700
51172	51293	1	0.000475
51172	50528	1213	0.575700
51172	50274	1213	0.575700
51172	50659	1213	0.575700
51172	51684	6227	2.955387
51172	51301	1213	0.575700
51172	51819	1213	0.575700
51172	51437	1213	0.575700
51172	50557	1213	0.575700
51172	50291	1213	0.575700
51172	50427	1213	0.575700
51172	50812	1213	0.575700
51172	51837	1213	0.575700
51172	51236	1213	0.575700
51173	50273	385	1.000000
51173	51330	385	1.000000
51173	50757	385	1.000000
51173	50790	385	1.000000
51173	51112	385	1.000000
51173	50332	385	1.000000
51173	51668	1	0.002597
51173	50733	385	1.000000
51173	51252	2	0.005195
51173	50232	385	1.000000
51173	50754	5	0.012987
51173	51861	385	1.000000
51173	51832	385	1.000000
51173	50809	385	1.000000
51173	51164	385	1.000000
51173	51710	385	1.000000
51173	50885	385	1.000000
51174	51795	191	0.918269
51174	50926	191	0.918269
51175	51842	24	0.648649
51175	51779	1	0.027027
51176	51779	5	0.002087
51176	51204	1	0.000417
51176	51877	4	0.001669
51176	50631	1	0.000417
51176	51369	1	0.000417
51176	50956	1	0.000417
51176	51598	1	0.000417
51176	51217	1	0.000417
51176	51698	1	0.000417
51176	50707	1	0.000417
51176	51252	25	0.010434
51176	50933	9	0.003756
51176	50815	1	0.000417
51176	51931	23	0.009599
51176	50846	1	0.000417
51176	50623	8	0.003339
51178	50745	43	0.052121
51178	50939	2	0.002424
51179	50305	2466	0.630691
51179	51428	2466	0.630691
51179	50566	2466	0.630691
51179	51599	2466	0.630691
51179	51868	2466	0.630691
51179	51869	2466	0.630691
51179	51742	2466	0.630691
51179	50565	2466	0.630691
51179	51107	2466	0.630691
51179	50468	2466	0.630691
51179	51110	2466	0.630691
51179	51880	2466	0.630691
51179	50857	2466	0.630691
51179	50717	36	0.009207
51179	51252	9871	2.524552
51179	50974	4932	1.261381
51179	51894	2466	0.630691
51179	51136	2466	0.630691
51179	50372	2466	0.630691
51179	50252	2466	0.630691
51179	51023	2466	0.630691
51179	51410	2466	0.630691
51179	51541	2466	0.630691
51179	50903	2466	0.630691
51179	51172	2466	0.630691
51179	51036	2466	0.630691
51179	50528	2466	0.630691
51179	50274	2466	0.630691
51179	50659	2466	0.630691
51179	51684	7689	1.966496
51179	51301	2466	0.630691
51179	51819	2466	0.630691
51179	51437	2466	0.630691
51179	50557	2466	0.630691
51179	50291	2466	0.630691
51179	50427	2466	0.630691
51179	50812	2466	0.630691
51179	51837	2466	0.630691
51179	51236	2466	0.630691
51180	50868	16	0.253968
51180	51482	310	4.920635
51180	51820	62	0.984127
51180	51586	8	0.126984
51180	50846	124	1.968254
51181	51586	2	0.011976
51181	51252	190	1.137725
51181	50662	6	0.035928
51182	51586	2	0.011976
51182	51252	190	1.137725
51182	50662	6	0.035928
51184	51078	48	0.032587
51184	50855	4	0.002716
51184	51586	1	0.000679
51184	51755	775	0.526137
51184	51076	775	0.526137
51184	51205	775	0.526137
51184	50310	775	0.526137
51184	51719	775	0.526137
51184	51209	775	0.526137
51184	50573	775	0.526137
51184	50319	775	0.526137
51184	51088	775	0.526137
51184	51857	775	0.526137
51184	51602	775	0.526137
51184	50307	775	0.526137
51184	51477	775	0.526137
51184	51703	775	0.526137
51184	50585	775	0.526137
51184	50587	775	0.526137
51184	51357	2	0.001358
51184	50464	775	0.526137
51184	50971	775	0.526137
51184	51237	775	0.526137
51184	50470	775	0.526137
51184	50999	775	0.526137
51184	51368	775	0.526137
51184	50473	775	0.526137
51184	51754	775	0.526137
51184	50987	775	0.526137
51184	51372	775	0.526137
51184	51117	775	0.526137
51184	50607	775	0.526137
51184	51276	775	0.526137
51184	50609	775	0.526137
51184	51443	775	0.526137
51184	51252	5	0.003394
51184	51166	775	0.526137
51184	50998	775	0.526137
51184	50359	775	0.526137
51184	50488	775	0.526137
51184	51003	775	0.526137
51184	51388	775	0.526137
51184	51647	775	0.526137
51184	50373	775	0.526137
51184	51143	775	0.526137
51184	51020	775	0.526137
51184	50271	775	0.526137
51184	50507	775	0.526137
51184	50764	775	0.526137
51184	51895	775	0.526137
51184	51534	775	0.526137
51184	51279	775	0.526137
51184	50897	775	0.526137
51184	51154	775	0.526137
51184	50516	775	0.526137
51184	50254	775	0.526137
51184	51928	775	0.526137
51184	50895	775	0.526137
51184	51933	775	0.526137
51184	50782	775	0.526137
51184	51807	775	0.526137
51184	50400	775	0.526137
51184	51043	775	0.526137
51184	51812	775	0.526137
51184	51302	775	0.526137
51184	51686	775	0.526137
51184	50920	775	0.526137
51184	51004	775	0.526137
51184	51563	775	0.526137
51184	51308	775	0.526137
51184	51566	775	0.526137
51184	50675	775	0.526137
51184	51446	775	0.526137
51184	51319	775	0.526137
51184	51347	775	0.526137
51184	50555	775	0.526137
51185	50719	2	1.000000
51186	51586	2	0.125000
51187	51482	215	4.574468
51187	51820	43	0.914894
51187	51586	2	0.042553
51187	50846	86	1.829787
51188	50338	18	0.900000
51188	51252	17	0.850000
51188	50357	1	0.050000
51188	51927	3	0.150000
51190	51456	1766	0.751489
51190	51586	21	0.008936
51190	51653	21	0.008936
51190	51591	1766	0.751489
51190	50729	1766	0.751489
51190	51242	1766	0.751489
51190	51149	1766	0.751489
51190	50255	1766	0.751489
51190	51252	1837	0.781702
51190	51225	7	0.002979
51190	51227	7	0.002979
51190	50623	7	0.002979
51191	51938	1	0.055556
51191	51277	1	0.055556
51193	51272	13	0.061321
51194	51404	2	0.002445
51194	50939	41	0.050122
51194	51252	50	0.061125
51194	50745	1	0.001222
51195	51690	7	0.200000
51195	51779	4	0.114286
51195	50255	8	0.228571
51195	50719	4	0.114286
51198	51298	1	0.001186
51198	50918	1	0.001186
51198	51496	1	0.001186
51198	50745	1	0.001186
51198	50939	2	0.002372
51198	50815	1	0.001186
