Src	Trg	LinkCount	RelLinkCount
36065	36131	2	0.000804
36065	36490	4	0.001607
36065	36236	3	0.001205
36065	36336	2	0.000804
36065	36223	2254	0.905585
36065	36351	3	0.001205
36066	36344	1	1.000000
36067	36327	44	2.750000
36067	36308	12	0.750000
36067	36087	48	3.000000
36068	36522	2	0.001386
36068	36308	1288	0.892585
36068	36327	14	0.009702
36071	36327	56	2.800000
36071	36308	5	0.250000
36071	36087	60	3.000000
36072	36097	1	0.001761
36072	36228	2	0.003521
36072	36104	11	0.019366
36072	36362	4	0.007042
36072	36364	3	0.005282
36072	36121	1	0.001761
36072	36386	4	0.007042
36072	36262	3	0.005282
36072	36394	2	0.003521
36072	36267	2	0.003521
36072	36140	6	0.010563
36072	36232	1	0.001761
36072	36211	4	0.007042
36072	36156	1	0.001761
36072	36159	1	0.001761
36072	36163	1	0.001761
36072	36171	2110	3.714789
36072	36173	1	0.001761
36072	36302	5	0.008803
36072	36308	7	0.012324
36072	36069	559	0.984155
36072	36199	1	0.001761
36072	36327	1	0.001761
36072	36083	8	0.014085
36072	36342	5	0.008803
36072	36344	1	0.001761
36072	36473	2	0.003521
36072	36476	1	0.001761
36072	36522	3	0.005282
36072	36223	1	0.001761
36073	36232	1	0.025000
36073	36267	1	0.025000
36073	36308	234	5.850000
36073	36087	120	3.000000
36075	36480	1	0.000439
36075	36225	1	0.000439
36075	36098	1	0.000439
36075	36099	1	0.000439
36075	36228	2	0.000878
36075	36485	2	0.000878
36075	36358	4	0.001757
36075	36488	4	0.001757
36075	36233	2	0.000878
36075	36482	1	0.000439
36075	36494	1	0.000439
36075	36112	897	0.393939
36075	36371	1	0.000439
36075	36375	4	0.001757
36075	36121	10	0.004392
36075	36126	36	0.015810
36075	36384	1	0.000439
36075	36513	4	0.001757
36075	36386	3	0.001318
36075	36486	2	0.000878
36075	36264	1	0.000439
36075	36522	2	0.000878
36075	36269	6	0.002635
36075	36526	1	0.000439
36075	36128	1	0.000439
36075	36145	1	0.000439
36075	36403	2	0.000878
36075	36276	5	0.002196
36075	36277	4	0.001757
36075	36406	1	0.000439
36075	36151	4	0.001757
36075	36159	1	0.000439
36075	36417	4	0.001757
36075	36163	1	0.000439
36075	36166	2	0.000878
36075	36129	1	0.000439
36075	36168	4	0.001757
36075	36170	1	0.000439
36075	36489	1	0.000439
36075	36450	2	0.000878
36075	36174	2	0.000878
36075	36432	1	0.000439
36075	36433	4	0.001757
36075	36419	1	0.000439
36075	36435	2	0.000878
36075	36308	1000	0.439174
36075	36368	1	0.000439
36075	36446	1	0.000439
36075	36191	1	0.000439
36075	36320	5	0.002196
36075	36321	2	0.000878
36075	36194	4	0.001757
36075	36067	1	0.000439
36075	36377	1	0.000439
36075	36326	1824	0.801054
36075	36083	1	0.000439
36075	36483	1	0.000439
36075	36205	1	0.000439
36075	36334	3	0.001318
36075	36080	2	0.000878
36075	36209	4	0.001757
36075	36210	1	0.000439
36075	36211	3	0.001318
36075	36531	1	0.000439
36075	36214	2	0.000878
36075	36087	4	0.001757
36075	36216	2	0.000878
36075	36218	1	0.000439
36075	36287	1	0.000439
36075	36266	2	0.000878
36075	36223	2	0.000878
36077	36156	1	1.000000
36077	36308	3	3.000000
36078	36336	2	0.018692
36078	36403	3	0.028037
36078	36308	625	5.841121
36078	36406	2	0.018692
36078	36087	323	3.018692
36078	36089	1	0.009346
36078	36159	2	0.018692
36080	36352	1	0.001443
36080	36199	1	0.001443
36080	36548	6	0.008658
36080	36453	221	0.318903
36080	36326	10	0.014430
36080	36135	4	0.005772
36080	36328	1	0.001443
36080	36522	1	0.001443
36080	36231	2	0.002886
36080	36173	1	0.001443
36080	36174	244	0.352092
36080	36112	1	0.001443
36080	36232	1	0.001443
36080	36308	48	0.069264
36080	36334	2	0.002886
36080	36150	1	0.001443
36080	36302	3	0.004329
36080	36473	1	0.001443
36080	36186	1	0.001443
36080	36349	1	0.001443
36080	36309	5	0.007215
36081	36099	151	2.960784
36081	36104	1	0.019608
36081	36308	1	0.019608
36081	36087	204	4.000000
36081	36089	1	0.019608
36081	36415	7	0.137255
36082	36099	2	0.001936
36082	36486	2	0.001936
36082	36112	2	0.001936
36082	36121	31	0.030010
36082	36250	2	0.001936
36082	36126	62	0.060019
36082	36386	1	0.000968
36082	36517	6	0.005808
36082	36522	2	0.001936
36082	36268	11	0.010649
36082	36269	1	0.000968
36082	36529	2	0.001936
36082	36411	1877	1.817038
36082	36285	1	0.000968
36082	36290	1	0.000968
36082	36292	2	0.001936
36082	36302	1	0.000968
36082	36307	1889	1.828654
36082	36308	1093	1.058083
36082	36182	760	0.735721
36082	36326	1	0.000968
36082	36327	12	0.011617
36082	36083	7	0.006776
36082	36087	82	0.079380
36082	36089	7	0.006776
36083	36480	1	0.008197
36083	36097	1	0.008197
36083	36486	2	0.016393
36083	36327	2	0.016393
36083	36171	1	0.008197
36083	36364	1	0.008197
36083	36141	1	0.008197
36083	36302	2	0.016393
36083	36529	358	2.934426
36083	36308	484	3.967213
36083	36342	3	0.024590
36083	36087	366	3.000000
36083	36344	1	0.008197
36083	36468	238	1.950820
36083	36121	1	0.008197
36085	36327	60	3.000000
36085	36228	60	3.000000
36085	36262	120	6.000000
36085	36087	140	7.000000
36086	36327	9	3.000000
36086	36228	9	3.000000
36086	36262	21	7.000000
36086	36087	21	7.000000
36087	36352	27	0.012340
36087	36355	71	0.032450
36087	36358	5	0.002285
36087	36362	4	0.001828
36087	36363	5	0.002285
36087	36364	2	0.000914
36087	36371	2	0.000914
36087	36375	6	0.002742
36087	36376	1	0.000457
36087	36377	1	0.000457
36087	36386	3	0.001371
36087	36388	1	0.000457
36087	36389	1	0.000457
36087	36392	2	0.000914
36087	36394	1	0.000457
36087	36395	11	0.005027
36087	36398	1	0.000457
36087	36399	3	0.001371
36087	36402	1	0.000457
36087	36403	154	0.070384
36087	36406	1920	0.877514
36087	36411	2	0.000914
36087	36414	1	0.000457
36087	36415	970	0.443327
36087	36417	4	0.001828
36087	36419	205	0.093693
36087	36425	1	0.000457
36087	36429	2	0.000914
36087	36433	7	0.003199
36087	36435	16	0.007313
36087	36449	153	0.069927
36087	36450	7	0.003199
36087	36451	7	0.003199
36087	36453	10	0.004570
36087	36455	8	0.003656
36087	36456	95	0.043419
36087	36458	18	0.008227
36087	36462	1	0.000457
36087	36463	157	0.071755
36087	36464	178	0.081353
36087	36465	9	0.004113
36087	36466	1	0.000457
36087	36468	1	0.000457
36087	36473	1	0.000457
36087	36474	70	0.031993
36087	36475	1	0.000457
36087	36476	8	0.003656
36087	36477	123	0.056216
36087	36480	1	0.000457
36087	36482	1	0.000457
36087	36483	1	0.000457
36087	36485	3	0.001371
36087	36486	83	0.037934
36087	36488	5	0.002285
36087	36489	78	0.035649
36087	36490	2	0.000914
36087	36491	1	0.000457
36087	36492	58	0.026508
36087	36494	1	0.000457
36087	36496	3	0.001371
36087	36500	2	0.000914
36087	36512	2	0.000914
36087	36513	7	0.003199
36087	36517	12	0.005484
36087	36519	1	0.000457
36087	36522	48	0.021938
36087	36524	140	0.063985
36087	36525	25	0.011426
36087	36528	3	0.001371
36087	36529	1	0.000457
36087	36531	1	0.000457
36087	36532	1	0.000457
36087	36535	1	0.000457
36087	36536	11	0.005027
36087	36537	5	0.002285
36087	36544	1	0.000457
36087	36546	142	0.064899
36087	36548	1	0.000457
36087	36068	6	0.002742
36087	36073	77	0.035192
36087	36074	1	0.000457
36087	36078	9	0.004113
36087	36080	3	0.001371
36087	36081	79	0.036106
36087	36082	1	0.000457
36087	36083	5	0.002285
36087	36089	153	0.069927
36087	36090	1	0.000457
36087	36091	1	0.000457
36087	36097	5	0.002285
36087	36098	1	0.000457
36087	36099	438	0.200183
36087	36101	2	0.000914
36087	36104	415	0.189671
36087	36106	2	0.000914
36087	36110	2	0.000914
36087	36112	10	0.004570
36087	36114	7	0.003199
36087	36116	11	0.005027
36087	36120	2	0.000914
36087	36121	15	0.006856
36087	36125	162	0.074040
36087	36126	1	0.000457
36087	36128	2	0.000914
36087	36129	1	0.000457
36087	36132	1	0.000457
36087	36133	1	0.000457
36087	36134	1	0.000457
36087	36135	2	0.000914
36087	36136	7	0.003199
36087	36138	1	0.000457
36087	36140	2	0.000914
36087	36141	236	0.107861
36087	36142	6	0.002742
36087	36143	4	0.001828
36087	36145	1	0.000457
36087	36146	1	0.000457
36087	36150	21	0.009598
36087	36151	1	0.000457
36087	36152	1	0.000457
36087	36159	2351	1.074497
36087	36164	2	0.000914
36087	36166	1	0.000457
36087	36168	7	0.003199
36087	36169	12	0.005484
36087	36170	2	0.000914
36087	36171	4	0.001828
36087	36173	24	0.010969
36087	36174	4	0.001828
36087	36177	2	0.000914
36087	36179	2	0.000914
36087	36181	1	0.000457
36087	36183	15	0.006856
36087	36184	56	0.025594
36087	36186	3	0.001371
36087	36188	1	0.000457
36087	36191	7	0.003199
36087	36194	7	0.003199
36087	36199	16	0.007313
36087	36202	2	0.000914
36087	36205	3	0.001371
36087	36208	1	0.000457
36087	36209	3	0.001371
36087	36210	1	0.000457
36087	36211	4	0.001828
36087	36214	2	0.000914
36087	36216	1	0.000457
36087	36218	2	0.000914
36087	36223	4	0.001828
36087	36224	3	0.001371
36087	36225	1	0.000457
36087	36228	380	0.173675
36087	36229	1	0.000457
36087	36231	2	0.000914
36087	36232	7	0.003199
36087	36233	4	0.001828
36087	36234	1	0.000457
36087	36236	1	0.000457
36087	36241	3	0.001371
36087	36242	1	0.000457
36087	36244	1	0.000457
36087	36245	2	0.000914
36087	36246	3	0.001371
36087	36250	2	0.000914
36087	36255	237	0.108318
36087	36261	1	0.000457
36087	36262	588	0.268739
36087	36264	2	0.000914
36087	36266	4	0.001828
36087	36267	7	0.003199
36087	36268	5	0.002285
36087	36269	23	0.010512
36087	36270	4	0.001828
36087	36271	3	0.001371
36087	36272	3	0.001371
36087	36275	284	0.129799
36087	36276	7	0.003199
36087	36277	6	0.002742
36087	36283	1	0.000457
36087	36284	1	0.000457
36087	36285	73	0.033364
36087	36287	1	0.000457
36087	36288	67	0.030622
36087	36290	17	0.007770
36087	36292	1	0.000457
36087	36302	4	0.001828
36087	36304	165	0.075411
36087	36308	2314	1.057587
36087	36309	4	0.001828
36087	36310	84	0.038391
36087	36313	1	0.000457
36087	36320	6	0.002742
36087	36321	3	0.001371
36087	36326	172	0.078611
36087	36327	1821	0.832267
36087	36328	11	0.005027
36087	36335	3	0.001371
36087	36336	14	0.006399
36087	36342	1	0.000457
36087	36343	1	0.000457
36087	36344	5	0.002285
36087	36348	3	0.001371
36087	36349	73	0.033364
36087	36350	68	0.031079
36087	36351	1	0.000457
36088	36362	2	1.000000
36088	36121	28	14.000000
36088	36126	18	9.000000
36088	36386	6	3.000000
36088	36135	2	1.000000
36088	36268	2	1.000000
36088	36269	20	10.000000
36088	36276	6	3.000000
36088	36277	2	1.000000
36088	36411	8	4.000000
36088	36174	4	2.000000
36088	36433	2	1.000000
36088	36308	2	1.000000
36088	36302	4	2.000000
36088	36320	8	4.000000
36088	36194	8	4.000000
36088	36453	2	1.000000
36088	36326	2	1.000000
36088	36209	16	8.000000
36088	36211	2	1.000000
36088	36216	4	2.000000
36088	36223	10	5.000000
36089	36320	1	0.007299
36089	36546	2	0.014599
36089	36171	1	0.007299
36089	36363	1	0.007299
36089	36486	1	0.007299
36089	36375	1	0.007299
36089	36211	1	0.007299
36089	36269	1	0.007299
36089	36403	1	0.007299
36089	36083	2	0.014599
36089	36276	1	0.007299
36089	36245	1	0.007299
36089	36150	2	0.014599
36089	36087	26	0.189781
36089	36216	1	0.007299
36089	36308	19	0.138686
36089	36187	1	0.007299
36089	36415	7	0.051095
36090	36480	5	0.041667
36090	36097	1	0.008333
36090	36229	4	0.033333
36090	36358	1	0.008333
36090	36488	1	0.008333
36090	36106	1	0.008333
36090	36112	1	0.008333
36090	36242	4	0.033333
36090	36244	1	0.008333
36090	36375	1	0.008333
36090	36120	1	0.008333
36090	36121	6	0.050000
36090	36477	2	0.016667
36090	36080	1	0.008333
36090	36386	1	0.008333
36090	36388	7	0.058333
36090	36133	4	0.033333
36090	36209	1	0.008333
36090	36141	8	0.066667
36090	36486	2	0.016667
36090	36272	9	0.075000
36090	36104	1	0.008333
36090	36277	1	0.008333
36090	36150	21	0.175000
36090	36151	2	0.016667
36090	36537	6	0.050000
36090	36414	1	0.008333
36090	36159	2	0.016667
36090	36290	5	0.041667
36090	36513	1	0.008333
36090	36171	1	0.008333
36090	36302	2	0.016667
36090	36433	1	0.008333
36090	36435	1	0.008333
36090	36308	285	2.375000
36090	36320	1	0.008333
36090	36194	1	0.008333
36090	36326	12	0.100000
36090	36199	7	0.058333
36090	36463	6	0.050000
36090	36208	1	0.008333
36090	36465	1	0.008333
36090	36342	1	0.008333
36090	36087	1	0.008333
36090	36344	1	0.008333
36090	36500	1	0.008333
36090	36349	8	0.066667
36090	36095	1	0.008333
36093	36548	1	0.006711
36093	36358	1	0.006711
36093	36266	1	0.006711
36093	36080	1	0.006711
36093	36276	1	0.006711
36093	36150	8	0.053691
36093	36087	149	1.000000
36095	36485	5	0.005061
36095	36358	1	0.001012
36095	36231	1	0.001012
36095	36232	5	0.005061
36095	36106	1	0.001012
36095	36112	3	0.003036
36095	36500	1	0.001012
36095	36375	1	0.001012
36095	36121	1	0.001012
36095	36126	2	0.002024
36095	36513	1	0.001012
36095	36522	19	0.019231
36095	36141	17	0.017206
36095	36403	1	0.001012
36095	36276	1	0.001012
36095	36277	2	0.002024
36095	36151	1	0.001012
36095	36302	5	0.005061
36095	36433	1	0.001012
36095	36308	27	0.027328
36095	36309	19	0.019231
36095	36310	4	0.004049
36095	36320	1	0.001012
36095	36194	1	0.001012
36095	36451	5	0.005061
36095	36326	9	0.009109
36095	36080	1	0.001012
36095	36209	1	0.001012
36095	36476	15	0.015182
36096	36344	8	0.666667
36096	36069	2	0.166667
36097	36320	1	0.000161
36097	36285	1	0.000161
36097	36228	2	0.000322
36097	36069	42	0.006771
36097	36135	1	0.000161
36097	36104	3	0.000484
36097	36170	2	0.000322
36097	36267	1	0.000161
36097	36140	1	0.000161
36097	36141	2	0.000322
36097	36302	3	0.000484
36097	36335	1	0.000161
36097	36241	13	0.002096
36097	36136	1	0.000161
36097	36083	4	0.000645
36097	36308	126	0.020313
36097	36406	2	0.000322
36097	36089	10	0.001612
36097	36175	2	0.000322
36097	36349	1	0.000161
36097	36261	1	0.000161
36098	36320	2	0.029851
36098	36386	2	0.029851
36098	36362	2	0.029851
36098	36546	2	0.029851
36098	36304	2	0.029851
36098	36209	2	0.029851
36098	36211	2	0.029851
36098	36308	30	0.447761
36098	36216	2	0.029851
36098	36223	2	0.029851
36099	36546	170	4.146341
36099	36327	3	0.073171
36099	36104	9	0.219512
36099	36363	4	0.097561
36099	36524	161	3.926829
36099	36078	6	0.146341
36099	36143	2	0.048780
36099	36081	89	2.170732
36099	36308	99	2.414634
36099	36245	2	0.048780
36099	36310	91	2.219512
36099	36087	165	4.024390
36099	36089	96	2.341463
36099	36474	83	2.024390
36099	36350	81	1.975610
36099	36415	349	8.512195
36100	36151	15	1.875000
36101	36320	131	0.557447
36101	36097	2	0.008511
36101	36308	2	0.008511
36102	36190	1	0.062500
36103	36386	1	0.083333
36103	36292	12	1.000000
36103	36268	12	1.000000
36103	36194	1	0.083333
36103	36082	12	1.000000
36103	36211	1	0.083333
36103	36087	12	1.000000
36103	36250	12	1.000000
36103	36411	12	1.000000
36103	36223	1	0.083333
36104	36417	3	0.018634
36104	36099	155	0.962733
36104	36232	4	0.024845
36104	36363	2	0.012422
36104	36308	14	0.086957
36104	36087	638	3.962733
36104	36089	1	0.006211
36104	36267	5	0.031056
36104	36415	3	0.018634
36109	36190	2	0.111111
36110	36201	6	0.049587
36111	36352	1	0.002959
36111	36266	1	0.002959
36111	36269	3	0.008876
36111	36141	1	0.002959
36111	36308	1	0.002959
36111	36150	1	0.002959
36112	36480	1	0.000546
36112	36225	1	0.000546
36112	36098	1	0.000546
36112	36099	1	0.000546
36112	36228	2	0.001091
36112	36485	3	0.001637
36112	36486	2	0.001091
36112	36488	4	0.002182
36112	36489	1	0.000546
36112	36375	4	0.002182
36112	36482	1	0.000546
36112	36494	1	0.000546
36112	36368	1	0.000546
36112	36371	1	0.000546
36112	36377	1	0.000546
36112	36121	10	0.005456
36112	36126	37	0.020185
36112	36384	1	0.000546
36112	36129	1	0.000546
36112	36386	3	0.001637
36112	36358	4	0.002182
36112	36209	4	0.002182
36112	36264	1	0.000546
36112	36522	2	0.001091
36112	36269	6	0.003273
36112	36526	1	0.000546
36112	36128	1	0.000546
36112	36145	1	0.000546
36112	36211	3	0.001637
36112	36276	5	0.002728
36112	36277	4	0.002182
36112	36406	1	0.000546
36112	36233	2	0.001091
36112	36159	1	0.000546
36112	36417	5	0.002728
36112	36163	1	0.000546
36112	36166	2	0.001091
36112	36513	4	0.002182
36112	36168	4	0.002182
36112	36170	1	0.000546
36112	36151	4	0.002182
36112	36194	4	0.002182
36112	36174	2	0.001091
36112	36432	1	0.000546
36112	36433	4	0.002182
36112	36419	1	0.000546
36112	36435	2	0.001091
36112	36308	1001	0.546099
36112	36446	1	0.000546
36112	36191	1	0.000546
36112	36320	5	0.002728
36112	36321	2	0.001091
36112	36450	2	0.001091
36112	36067	1	0.000546
36112	36326	1841	1.004364
36112	36483	1	0.000546
36112	36205	1	0.000546
36112	36334	3	0.001637
36112	36080	2	0.001091
36112	36403	2	0.001091
36112	36210	1	0.000546
36112	36083	1	0.000546
36112	36531	1	0.000546
36112	36214	2	0.001091
36112	36087	4	0.002182
36112	36216	2	0.001091
36112	36218	1	0.000546
36112	36287	1	0.000546
36112	36266	2	0.001091
36112	36223	2	0.001091
36113	36087	4	1.000000
36114	36348	2	1.000000
36116	36308	27	1.687500
36120	36320	1	0.062500
36120	36513	1	0.062500
36120	36194	1	0.062500
36120	36266	1	0.062500
36120	36080	1	0.062500
36120	36308	4	0.250000
36120	36087	1	0.062500
36120	36121	1	0.062500
36120	36191	2	0.125000
36121	36480	2	0.000788
36121	36224	1	0.000394
36121	36098	3	0.001182
36121	36228	1	0.000394
36121	36485	6	0.002364
36121	36486	2	0.000788
36121	36225	2	0.000788
36121	36488	1	0.000394
36121	36489	3	0.001182
36121	36362	104	0.040977
36121	36455	3	0.001182
36121	36236	6	0.002364
36121	36495	2	0.000788
36121	36112	21	0.008274
36121	36241	2	0.000788
36121	36116	3	0.001182
36121	36246	1	0.000394
36121	36375	1	0.000394
36121	36268	1	0.000394
36121	36126	37	0.014578
36121	36255	1	0.000394
36121	36128	3	0.001182
36121	36464	12	0.004728
36121	36386	124	0.048857
36121	36358	2	0.000788
36121	36522	5	0.001970
36121	36266	19	0.007486
36121	36140	4	0.001576
36121	36141	1	0.000394
36121	36272	3	0.001182
36121	36402	5	0.001970
36121	36083	1	0.000394
36121	36276	1	0.000394
36121	36277	20	0.007880
36121	36150	5	0.001970
36121	36151	1	0.000394
36121	36536	2	0.000788
36121	36537	2	0.000788
36121	36411	1	0.000394
36121	36285	1	0.000394
36121	36287	2	0.000788
36121	36288	1	0.000394
36121	36417	6	0.002364
36121	36163	11	0.004334
36121	36548	1	0.000394
36121	36166	4	0.001576
36121	36513	1	0.000394
36121	36261	1	0.000394
36121	36171	13	0.005122
36121	36174	1	0.000394
36121	36304	11	0.004334
36121	36433	1	0.000394
36121	36435	19	0.007486
36121	36308	168	0.066194
36121	36309	18	0.007092
36121	36310	1	0.000394
36121	36191	2	0.000788
36121	36320	2	0.000788
36121	36194	1	0.000394
36121	36451	3	0.001182
36121	36269	4	0.001576
36121	36326	39	0.015366
36121	36327	4	0.001576
36121	36328	5	0.001970
36121	36476	4	0.001576
36121	36199	4	0.001576
36121	36335	3	0.001182
36121	36336	3	0.001182
36121	36209	1	0.000394
36121	36352	2	0.000788
36121	36211	155	0.061072
36121	36340	53	0.020883
36121	36342	5	0.001970
36121	36087	14	0.005516
36121	36089	19	0.007486
36121	36348	1	0.000394
36121	36349	5	0.001970
36121	36223	91	0.035855
36124	36156	7	0.777778
36124	36308	25	2.777778
36125	36352	1	0.029412
36125	36328	1	0.029412
36125	36302	45	1.323529
36125	36308	1	0.029412
36125	36342	1	0.029412
36125	36087	13	0.382353
36125	36536	1	0.029412
36125	36255	1	0.029412
36126	36112	2	0.003690
36126	36121	5	0.009225
36126	36386	2	0.003690
36126	36308	17	0.031365
36126	36269	1	0.001845
36128	36168	2	0.027027
36128	36308	23	0.310811
36128	36191	2	0.027027
36129	36264	2	0.023529
36129	36308	8	0.094118
36129	36087	2	0.023529
36130	36097	74	3.700000
36130	36069	10	0.500000
36131	36228	1	0.100000
36131	36362	3	0.300000
36131	36308	1	0.100000
36131	36340	1	0.100000
36131	36087	1	0.100000
36132	36128	1	0.024390
36132	36168	1	0.024390
36132	36308	3	0.073171
36132	36246	1	0.024390
36132	36087	162	3.951220
36132	36191	1	0.024390
36133	36480	5	0.042017
36133	36097	1	0.008403
36133	36229	4	0.033613
36133	36358	1	0.008403
36133	36104	1	0.008403
36133	36106	1	0.008403
36133	36112	1	0.008403
36133	36242	4	0.033613
36133	36244	1	0.008403
36133	36375	1	0.008403
36133	36120	1	0.008403
36133	36121	6	0.050420
36133	36477	2	0.016807
36133	36080	1	0.008403
36133	36386	1	0.008403
36133	36388	7	0.058824
36133	36486	2	0.016807
36133	36465	1	0.008403
36133	36141	8	0.067227
36133	36272	9	0.075630
36133	36488	1	0.008403
36133	36277	1	0.008403
36133	36150	25	0.210084
36133	36151	2	0.016807
36133	36537	6	0.050420
36133	36414	1	0.008403
36133	36290	5	0.042017
36133	36513	1	0.008403
36133	36171	1	0.008403
36133	36302	2	0.016807
36133	36433	1	0.008403
36133	36435	1	0.008403
36133	36308	308	2.588235
36133	36320	1	0.008403
36133	36194	1	0.008403
36133	36326	10	0.084034
36133	36199	7	0.058824
36133	36463	6	0.050420
36133	36208	1	0.008403
36133	36209	1	0.008403
36133	36342	1	0.008403
36133	36087	1	0.008403
36133	36344	1	0.008403
36133	36500	1	0.008403
36133	36090	4	0.033613
36133	36349	9	0.075630
36133	36095	1	0.008403
36134	36272	1	0.027027
36134	36087	37	1.000000
36134	36308	2	0.054054
36134	36173	76	2.054054
36134	36159	37	1.000000
36135	36080	2	0.007843
36135	36548	1	0.003922
36135	36326	1	0.003922
36135	36167	1	0.003922
36135	36199	1	0.003922
36135	36174	1	0.003922
36135	36304	2	0.007843
36136	36228	3	0.001327
36136	36101	1	0.000442
36136	36233	1	0.000442
36136	36362	1	0.000442
36136	36241	2	0.000885
36136	36375	1	0.000442
36136	36548	10	0.004425
36136	36125	2	0.000885
36136	36384	5	0.002212
36136	36513	1	0.000442
36136	36386	1	0.000442
36136	36261	1978	0.875221
36136	36135	1	0.000442
36136	36266	1	0.000442
36136	36399	53	0.023451
36136	36403	1	0.000442
36136	36277	1	0.000442
36136	36150	4	0.001770
36136	36156	2	0.000885
36136	36285	1746	0.772566
36136	36163	3	0.001327
36136	36164	2	0.000885
36136	36214	2	0.000885
36136	36302	4	0.001770
36136	36433	4	0.001770
36136	36308	15	0.006637
36136	36174	1	0.000442
36136	36186	19488	8.623009
36136	36121	1	0.000442
36136	36320	1	0.000442
36136	36194	1	0.000442
36136	36453	1484	0.656637
36136	36327	50	0.022124
36136	36199	1	0.000442
36136	36209	1	0.000442
36136	36342	3	0.001327
36136	36087	59	0.026106
36136	36344	2	0.000885
36136	36222	1	0.000442
36138	36451	13	1.000000
36140	36523	2	0.002611
36140	36228	2	0.002611
36140	36069	1543	2.014360
36140	36326	1	0.001305
36140	36169	2	0.002611
36140	36171	2	0.002611
36140	36141	8	0.010444
36140	36083	1	0.001305
36140	36308	2	0.002611
36140	36342	1	0.001305
36140	36344	2	0.002611
36140	36468	2	0.002611
36141	36097	4	0.008299
36141	36451	6	0.012448
36141	36228	2	0.004149
36141	36327	1	0.002075
36141	36392	1	0.002075
36141	36169	4	0.008299
36141	36171	2	0.004149
36141	36364	2	0.004149
36141	36302	4	0.008299
36141	36403	2	0.004149
36141	36308	46	0.095436
36141	36087	486	1.008299
36141	36344	6	0.012448
36142	36327	55	2.750000
36142	36349	1	0.050000
36142	36087	60	3.000000
36142	36255	9	0.450000
36142	36125	2	0.100000
36142	36159	2	0.100000
36144	36104	113	2.897436
36144	36522	1	0.025641
36144	36327	112	2.871795
36144	36308	19	0.487179
36144	36087	117	3.000000
36145	36308	4	0.052632
36146	36327	54	2.700000
36146	36308	109	5.450000
36146	36087	76	3.800000
36147	36327	90	2.812500
36147	36308	106	3.312500
36147	36087	96	3.000000
36148	36352	1	0.000631
36148	36097	1	0.000631
36148	36486	4	0.002522
36148	36106	7	0.004414
36148	36364	1	0.000631
36148	36125	6	0.003783
36148	36255	1	0.000631
36148	36140	1	0.000631
36148	36269	1	0.000631
36148	36536	1034	0.651955
36148	36548	5	0.003153
36148	36171	6	0.003783
36148	36302	40	0.025221
36148	36435	1	0.000631
36148	36308	1	0.000631
36148	36449	1	0.000631
36148	36074	1	0.000631
36148	36179	5	0.003153
36148	36340	1	0.000631
36148	36342	7	0.004414
36148	36344	4	0.002522
36148	36223	1	0.000631
36150	36225	1	0.002169
36150	36101	1	0.002169
36150	36358	1	0.002169
36150	36488	1	0.002169
36150	36362	3	0.006508
36150	36110	1	0.002169
36150	36496	1	0.002169
36150	36114	1	0.002169
36150	36375	1	0.002169
36150	36121	4	0.008677
36150	36384	1	0.002169
36150	36513	1	0.002169
36150	36386	8	0.017354
36150	36388	1	0.002169
36150	36133	2	0.004338
36150	36135	1	0.002169
36150	36392	1	0.002169
36150	36266	2	0.004338
36150	36276	2	0.004338
36150	36277	1	0.002169
36150	36285	22	0.047722
36150	36548	9	0.019523
36150	36174	1	0.002169
36150	36433	1	0.002169
36150	36435	3	0.006508
36150	36308	22	0.047722
36150	36320	1	0.002169
36150	36194	1	0.002169
36150	36199	4	0.008677
36150	36327	1	0.002169
36150	36334	1	0.002169
36150	36080	1	0.002169
36150	36209	1	0.002169
36150	36211	1	0.002169
36150	36179	2	0.004338
36150	36087	462	1.002169
36150	36216	1	0.002169
36150	36349	3	0.006508
36150	36223	1	0.002169
36151	36320	2	0.000547
36151	36112	1	0.000274
36151	36290	1	0.000274
36151	36163	3	0.000821
36151	36517	6	0.001642
36151	36326	2	0.000547
36151	36522	2	0.000547
36151	36362	12	0.003284
36151	36211	23	0.006294
36151	36269	2	0.000547
36151	36486	2	0.000547
36151	36336	2	0.000547
36151	36402	14	0.003831
36151	36435	2	0.000547
36151	36308	3	0.000821
36151	36087	7	0.001916
36151	36327	1	0.000274
36151	36285	2	0.000547
36152	36548	1	0.008929
36152	36104	2	0.017857
36152	36522	1220	10.892857
36152	36269	1	0.008929
36152	36302	2	0.017857
36152	36403	5	0.044643
36152	36308	99	0.883929
36152	36342	1	0.008929
36152	36087	113	1.008929
36152	36340	4	0.035714
36152	36476	10	0.089286
36152	36285	2	0.017857
36153	36327	49	2.882353
36153	36228	49	2.882353
36153	36262	98	5.764706
36153	36087	115	6.764706
36155	36087	5	1.000000
36156	36232	1	0.020833
36156	36112	1	0.020833
36156	36267	1	0.020833
36156	36308	1273	26.520833
36156	36326	48	1.000000
36157	36097	1	0.001318
36157	36171	2	0.002635
36157	36228	2	0.002635
36157	36069	1525	2.009223
36157	36326	1	0.001318
36157	36169	2	0.002635
36157	36211	1	0.001318
36157	36140	14	0.018445
36157	36141	8	0.010540
36157	36083	1	0.001318
36157	36308	2	0.002635
36157	36342	1	0.001318
36157	36344	2	0.002635
36157	36468	2	0.002635
36157	36523	2	0.002635
36159	36224	14	0.102941
36159	36199	1	0.007353
36159	36355	1	0.007353
36159	36101	1	0.007353
36159	36488	1	0.007353
36159	36233	1	0.007353
36159	36362	1	0.007353
36159	36492	136	1.000000
36159	36496	1	0.007353
36159	36375	1	0.007353
36159	36120	1	0.007353
36159	36121	44	0.323529
36159	36125	1	0.007353
36159	36255	357	2.625000
36159	36512	4	0.029412
36159	36513	1	0.007353
36159	36134	1	0.007353
36159	36135	1	0.007353
36159	36528	91	0.669118
36159	36403	1	0.007353
36159	36276	1	0.007353
36159	36277	1	0.007353
36159	36288	4	0.029412
36159	36173	129	0.948529
36159	36302	1	0.007353
36159	36433	1	0.007353
36159	36435	1	0.007353
36159	36308	337	2.477941
36159	36202	8	0.058824
36159	36191	1	0.007353
36159	36320	1	0.007353
36159	36321	1	0.007353
36159	36194	1	0.007353
36159	36327	317	2.330882
36159	36458	17	0.125000
36159	36211	1	0.007353
36159	36477	233	1.713235
36159	36080	1	0.007353
36159	36083	1	0.007353
36159	36214	1	0.007353
36159	36087	422	3.102941
36159	36349	97	0.713235
36159	36223	1	0.007353
36161	36275	3	1.000000
36161	36308	3	1.000000
36161	36406	18	6.000000
36161	36087	9	3.000000
36163	36480	1	0.003257
36163	36486	2	0.006515
36163	36362	1	0.003257
36163	36236	1	0.003257
36163	36241	1	0.003257
36163	36116	1	0.003257
36163	36121	32	0.104235
36163	36377	1	0.003257
36163	36126	3	0.009772
36163	36264	1	0.003257
36163	36150	2	0.006515
36163	36411	2	0.006515
36163	36285	1	0.003257
36163	36548	6	0.019544
36163	36171	1	0.003257
36163	36304	3	0.009772
36163	36308	3	0.009772
36163	36328	1	0.003257
36163	36211	1	0.003257
36163	36340	5	0.016287
36163	36342	1	0.003257
36163	36087	1	0.003257
36163	36244	1	0.003257
36164	36522	2	0.003205
36164	36228	6	0.009615
36164	36302	2	0.003205
36168	36480	2	0.010811
36168	36225	1	0.005405
36168	36485	1	0.005405
36168	36486	6	0.032432
36168	36233	1	0.005405
36168	36362	1	0.005405
36168	36371	1	0.005405
36168	36116	15	0.081081
36168	36246	1	0.005405
36168	36121	1	0.005405
36168	36128	5	0.027027
36168	36513	1	0.005405
36168	36386	1	0.005405
36168	36266	1	0.005405
36168	36395	1	0.005405
36168	36268	1	0.005405
36168	36269	1	0.005405
36168	36276	1	0.005405
36168	36489	5	0.027027
36168	36537	35	0.189189
36168	36490	1	0.005405
36168	36287	2	0.010811
36168	36174	1	0.005405
36168	36435	1	0.005405
36168	36308	6	0.032432
36168	36191	5	0.027027
36168	36321	1	0.005405
36168	36450	8	0.043243
36168	36451	1	0.005405
36168	36326	1	0.005405
36168	36455	5	0.027027
36168	36463	1	0.005405
36168	36336	2	0.010811
36168	36211	1	0.005405
36168	36087	737	3.983784
36168	36216	1	0.005405
36168	36476	1	0.005405
36168	36522	1	0.005405
36168	36223	1	0.005405
36169	36241	7	0.125000
36169	36451	39	0.696429
36169	36308	16	0.285714
36169	36309	5	0.089286
36169	36087	2	0.035714
36170	36097	1	0.011111
36170	36419	2	0.022222
36170	36364	1	0.011111
36170	36522	86	0.955556
36170	36171	1	0.011111
36170	36140	1	0.011111
36170	36308	4	0.044444
36170	36342	1	0.011111
36170	36087	4	0.044444
36170	36344	86	0.955556
36171	36097	2	0.001969
36171	36228	4	0.003937
36171	36485	1	0.000984
36171	36232	11	0.010827
36171	36362	7	0.006890
36171	36236	1	0.000984
36171	36121	8	0.007874
36171	36386	9	0.008858
36171	36394	2	0.001969
36171	36267	13	0.012795
36171	36140	8	0.007874
36171	36104	62	0.061024
36171	36211	10	0.009843
36171	36536	2	0.001969
36171	36156	1	0.000984
36171	36490	1	0.000984
36171	36159	1	0.000984
36171	36163	1	0.000984
36171	36364	4	0.003937
36171	36173	4	0.003937
36171	36302	8	0.007874
36171	36308	8	0.007874
36171	36069	965	0.949803
36171	36327	1	0.000984
36171	36199	1	0.000984
36171	36464	1	0.000984
36171	36083	6	0.005906
36171	36342	7	0.006890
36171	36087	1	0.000984
36171	36344	2	0.001969
36171	36473	2	0.001969
36171	36522	3	0.002953
36171	36223	2	0.001969
36172	36224	9	0.034483
36172	36336	2	0.007663
36172	36355	183	0.701149
36172	36310	4	0.015326
36172	36326	4	0.015326
36172	36327	169	0.647510
36172	36104	184	0.704981
36172	36112	2	0.007663
36172	36087	2	0.007663
36172	36141	1	0.003831
36172	36078	2	0.007663
36172	36429	2	0.007663
36172	36464	790	3.026820
36172	36435	2	0.007663
36172	36308	20	0.076628
36172	36173	2	0.007663
36172	36089	170	0.651341
36172	36121	9	0.034483
36172	36159	2	0.007663
36173	36336	2	0.086957
36173	36308	84	3.652174
36173	36159	22	0.956522
36174	36352	1	0.001456
36174	36112	1	0.001456
36174	36199	1	0.001456
36174	36548	6	0.008734
36174	36453	219	0.318777
36174	36326	10	0.014556
36174	36231	2	0.002911
36174	36328	1	0.001456
36174	36522	1	0.001456
36174	36135	4	0.005822
36174	36173	1	0.001456
36174	36334	2	0.002911
36174	36080	2	0.002911
36174	36232	1	0.001456
36174	36308	48	0.069869
36174	36309	5	0.007278
36174	36150	1	0.001456
36174	36302	3	0.004367
36174	36473	1	0.001456
36174	36186	1	0.001456
36174	36349	1	0.001456
36175	36097	32	0.015130
36175	36267	16	0.007565
36175	36228	1	0.000473
36175	36340	1	0.000473
36175	36232	3	0.001418
36175	36364	17	0.008038
36175	36394	3	0.001418
36175	36171	28	0.013239
36175	36140	20	0.009456
36175	36141	1	0.000473
36175	36302	28	0.013239
36175	36336	3	0.001418
36175	36529	2	0.000946
36175	36083	12	0.005674
36175	36308	8	0.003783
36175	36342	26	0.012293
36175	36087	3	0.001418
36175	36344	32	0.015130
36175	36473	3	0.001418
36175	36536	19	0.008983
36175	36522	1	0.000473
36176	36089	1	0.250000
36176	36327	12	3.000000
36176	36228	12	3.000000
36176	36262	24	6.000000
36176	36087	28	7.000000
36177	36327	66	2.750000
36177	36308	4	0.166667
36177	36087	158	6.583333
36179	36352	1	0.004016
36179	36199	1	0.004016
36179	36266	5	0.020080
36179	36269	5	0.020080
36179	36302	1	0.004016
36179	36150	1	0.004016
36179	36536	1	0.004016
36179	36106	2	0.008032
36180	36275	3	1.000000
36180	36308	3	1.000000
36180	36406	36	12.000000
36180	36087	9	3.000000
36181	36451	23	0.638889
36181	36169	12	0.333333
36181	36241	3	0.083333
36181	36308	7	0.194444
36181	36309	2	0.055556
36181	36087	1	0.027778
36182	36320	1	0.027778
36182	36194	2	0.055556
36182	36292	36	1.000000
36182	36268	36	1.000000
36182	36386	1	0.027778
36182	36082	36	1.000000
36182	36211	1	0.027778
36182	36276	1	0.027778
36182	36087	36	1.000000
36182	36250	36	1.000000
36182	36411	36	1.000000
36182	36223	1	0.027778
36183	36308	15	0.026270
36184	36087	41	1.025000
36184	36211	1	0.025000
36184	36308	16	0.400000
36184	36089	1	0.025000
36184	36121	1	0.025000
36184	36223	1	0.025000
36186	36384	2	0.001051
36186	36163	2	0.001051
36186	36548	4	0.002102
36186	36261	12	0.006306
36186	36136	57	0.029953
36186	36433	2	0.001051
36186	36308	4	0.002102
36186	36342	2	0.001051
36186	36285	1421	0.746716
36186	36453	1498	0.787178
36187	36281	54	0.613636
36187	36266	801	9.102273
36188	36485	5	0.138889
36188	36327	102	2.833333
36188	36264	1	0.027778
36188	36522	3	0.083333
36188	36269	14	0.388889
36188	36336	1	0.027778
36188	36403	3	0.083333
36188	36308	20	0.555556
36188	36309	5	0.138889
36188	36087	110	3.055556
36188	36152	10	0.277778
36188	36121	12	0.333333
36188	36476	3	0.083333
36192	36156	2	1.000000
36192	36308	6	3.000000
36194	36231	1	0.002028
36194	36310	1	0.002028
36194	36326	2	0.004057
36194	36199	1	0.002028
36194	36233	2	0.004057
36194	36151	1	0.002028
36194	36141	5	0.010142
36194	36110	2	0.004057
36194	36112	2	0.004057
36194	36209	1	0.002028
36194	36433	1	0.002028
36194	36308	4	0.008114
36194	36309	1	0.002028
36194	36214	4	0.008114
36194	36201	7	0.014199
36194	36285	1	0.002028
36195	36087	3	1.000000
36198	36327	72	2.769231
36198	36308	170	6.538462
36198	36087	100	3.846154
36199	36352	1	0.002513
36199	36449	2	0.005025
36199	36548	1	0.002513
36199	36522	1	0.002513
36199	36525	1	0.002513
36199	36465	2	0.005025
36199	36179	1	0.002513
36199	36308	24	0.060302
36199	36406	2	0.005025
36199	36087	398	1.000000
36199	36121	1	0.002513
36199	36219	1	0.002513
36199	36106	1	0.002513
36200	36386	3	0.009036
36200	36136	1	0.003012
36200	36525	4	0.012048
36200	36435	2	0.006024
36200	36276	2	0.006024
36200	36087	332	1.000000
36200	36186	1	0.003012
36201	36194	3	0.081081
36201	36451	1	0.027027
36201	36453	72	1.945946
36201	36136	34	0.918919
36201	36233	2	0.054054
36201	36490	1	0.027027
36201	36364	2	0.054054
36201	36173	1	0.027027
36201	36110	2	0.054054
36201	36433	3	0.081081
36201	36308	2	0.054054
36201	36214	2	0.054054
36201	36151	2	0.054054
36202	36327	13	2.600000
36202	36492	5	1.000000
36202	36308	5	1.000000
36202	36087	20	4.000000
36202	36255	5	1.000000
36202	36477	5	1.000000
36202	36159	79	15.800000
36203	36228	1	0.083333
36203	36362	5	0.416667
36203	36308	1	0.083333
36203	36340	1	0.083333
36203	36087	1	0.083333
36205	36480	1	0.024390
36205	36450	1	0.024390
36205	36326	1	0.024390
36205	36336	1	0.024390
36205	36308	82	2.000000
36205	36087	42	1.024390
36208	36480	5	0.042017
36208	36097	1	0.008403
36208	36229	4	0.033613
36208	36358	1	0.008403
36208	36488	1	0.008403
36208	36106	1	0.008403
36208	36112	1	0.008403
36208	36242	4	0.033613
36208	36500	1	0.008403
36208	36375	1	0.008403
36208	36120	1	0.008403
36208	36121	6	0.050420
36208	36477	2	0.016807
36208	36513	1	0.008403
36208	36386	1	0.008403
36208	36388	7	0.058824
36208	36133	4	0.033613
36208	36465	1	0.008403
36208	36141	8	0.067227
36208	36486	2	0.016807
36208	36272	9	0.075630
36208	36277	1	0.008403
36208	36150	21	0.176471
36208	36151	2	0.016807
36208	36537	6	0.050420
36208	36414	1	0.008403
36208	36290	5	0.042017
36208	36171	1	0.008403
36208	36302	2	0.016807
36208	36433	1	0.008403
36208	36435	1	0.008403
36208	36308	282	2.369748
36208	36320	1	0.008403
36208	36194	1	0.008403
36208	36326	10	0.084034
36208	36199	7	0.058824
36208	36463	6	0.050420
36208	36080	1	0.008403
36208	36209	1	0.008403
36208	36342	1	0.008403
36208	36087	1	0.008403
36208	36344	1	0.008403
36208	36244	1	0.008403
36208	36090	4	0.033613
36208	36349	8	0.067227
36208	36095	1	0.008403
36210	36087	4	2.000000
36211	36486	6	0.006579
36211	36362	6	0.006579
36211	36491	1	0.001096
36211	36236	3	0.003289
36211	36112	14	0.015351
36211	36241	3	0.003289
36211	36116	3	0.003289
36211	36121	30	0.032895
36211	36386	6	0.006579
36211	36392	1	0.001096
36211	36522	2	0.002193
36211	36140	4	0.004386
36211	36398	1	0.001096
36211	36150	2	0.002193
36211	36536	1	0.001096
36211	36106	1	0.001096
36211	36417	1	0.001096
36211	36171	6	0.006579
36211	36173	2	0.002193
36211	36304	3	0.003289
36211	36308	20	0.021930
36211	36309	1	0.001096
36211	36310	1	0.001096
36211	36451	1	0.001096
36211	36181	1	0.001096
36211	36455	1	0.001096
36211	36199	2	0.002193
36211	36462	1	0.001096
36211	36335	4	0.004386
36211	36340	3	0.003289
36211	36342	3	0.003289
36211	36087	2	0.002193
36211	36223	5	0.005482
36211	36351	90	0.098684
36212	36150	1	0.142857
36212	36087	7	1.000000
36214	36128	1	0.007246
36214	36194	3	0.021739
36214	36228	1	0.007246
36214	36517	1	0.007246
36214	36486	3	0.021739
36214	36201	1	0.007246
36214	36308	18	0.130435
36214	36150	2	0.014493
36214	36087	1	0.007246
36214	36548	1	0.007246
36214	36285	6	0.043478
36215	36451	22	0.611111
36215	36169	12	0.333333
36215	36241	3	0.083333
36215	36308	7	0.194444
36215	36309	2	0.055556
36215	36087	1	0.027778
36216	36290	3	0.001165
36216	36229	4	0.001553
36216	36326	4	0.001553
36216	36199	9	0.003495
36216	36066	2	0.000777
36216	36522	4	0.001553
36216	36406	4	0.001553
36216	36269	7225	2.805825
36216	36272	4	0.001553
36216	36435	16	0.006214
36216	36308	45	0.017476
36216	36150	9	0.003495
36216	36344	2	0.000777
36216	36090	4	0.001553
36216	36455	1	0.000388
36219	36352	6	1.000000
36219	36548	6	1.000000
36219	36106	6	1.000000
36219	36525	235	39.166667
36219	36465	6	1.000000
36219	36308	3	0.500000
36221	36451	22	0.611111
36221	36169	12	0.333333
36221	36241	4	0.111111
36221	36308	7	0.194444
36221	36309	2	0.055556
36221	36087	1	0.027778
36223	36163	1	0.003279
36223	36340	1	0.003279
36223	36326	1	0.003279
36223	36136	1	0.003279
36223	36171	1	0.003279
36223	36173	16	0.052459
36223	36112	1	0.003279
36223	36168	1	0.003279
36223	36308	3	0.009836
36223	36342	1	0.003279
36223	36121	1	0.003279
36224	36327	45	1.000000
36224	36492	45	1.000000
36224	36173	12	0.266667
36224	36349	89	1.977778
36224	36528	87	1.933333
36224	36308	125	2.777778
36224	36087	135	3.000000
36224	36121	43	0.955556
36224	36255	132	2.933333
36224	36477	133	2.955556
36224	36159	599	13.311111
36225	36290	1	0.004878
36225	36327	1	0.004878
36225	36522	1	0.004878
36225	36364	1	0.004878
36225	36141	8	0.039024
36225	36461	1	0.004878
36225	36308	2	0.009756
36225	36285	5	0.024390
36226	36480	2	0.011628
36226	36228	1	0.005814
36226	36362	1	0.005814
36226	36236	5	0.029070
36226	36112	18	0.104651
36226	36242	1	0.005814
36226	36116	7	0.040698
36226	36376	2	0.011628
36226	36121	6	0.034884
36226	36250	1	0.005814
36226	36513	2	0.011628
36226	36386	1	0.005814
36226	36392	1	0.005814
36226	36136	6	0.034884
36226	36395	2	0.011628
36226	36268	2	0.011628
36226	36269	8	0.046512
36226	36307	2	0.011628
36226	36402	2	0.011628
36226	36083	1	0.005814
36226	36276	1	0.005814
36226	36151	2	0.011628
36226	36411	4	0.023256
36226	36156	136	0.790698
36226	36159	1	0.005814
36226	36417	6	0.034884
36226	36304	2	0.011628
36226	36433	2	0.011628
36226	36435	1	0.005814
36226	36308	444	2.581395
36226	36309	3	0.017442
36226	36182	3	0.017442
36226	36326	76	0.441860
36226	36327	3	0.017442
36226	36114	2	0.011628
36226	36334	2	0.011628
36226	36335	5	0.029070
36226	36336	3	0.017442
36226	36209	6	0.034884
36226	36211	1	0.005814
36226	36087	7	0.040698
36226	36216	1	0.005814
36226	36415	1	0.005814
36228	36164	2	0.006329
36228	36326	1	0.003165
36228	36262	1864	5.898734
36228	36327	925	2.927215
36228	36522	3	0.009494
36228	36302	1	0.003165
36228	36468	1	0.003165
36228	36083	1	0.003165
36228	36308	8	0.025316
36228	36087	2172	6.873418
36228	36089	1	0.003165
36229	36480	6	0.035928
36229	36097	1	0.005988
36229	36358	1	0.005988
36229	36488	1	0.005988
36229	36106	1	0.005988
36229	36112	1	0.005988
36229	36208	10	0.059880
36229	36242	4	0.023952
36229	36500	1	0.005988
36229	36375	1	0.005988
36229	36120	1	0.005988
36229	36121	6	0.035928
36229	36463	6	0.035928
36229	36513	1	0.005988
36229	36386	1	0.005988
36229	36388	7	0.041916
36229	36133	4	0.023952
36229	36209	1	0.005988
36229	36141	8	0.047904
36229	36486	2	0.011976
36229	36272	18	0.107784
36229	36104	1	0.005988
36229	36277	1	0.005988
36229	36150	21	0.125749
36229	36151	2	0.011976
36229	36537	6	0.035928
36229	36414	10	0.059880
36229	36290	5	0.029940
36229	36171	1	0.005988
36229	36302	2	0.011976
36229	36433	1	0.005988
36229	36435	1	0.005988
36229	36308	287	1.718563
36229	36320	1	0.005988
36229	36194	1	0.005988
36229	36326	10	0.059880
36229	36199	8	0.047904
36229	36349	8	0.047904
36229	36080	1	0.005988
36229	36465	1	0.005988
36229	36342	1	0.005988
36229	36087	1	0.005988
36229	36344	1	0.005988
36229	36244	1	0.005988
36229	36090	13	0.077844
36229	36477	2	0.011976
36229	36095	1	0.005988
36230	36089	1	0.052632
36230	36114	2	0.105263
36230	36451	20	1.052632
36230	36308	3	0.157895
36231	36097	1	0.023810
36231	36395	1	0.023810
36231	36327	123	2.928571
36231	36140	1	0.023810
36231	36171	1	0.023810
36231	36364	1	0.023810
36231	36302	2	0.047619
36231	36344	1	0.023810
36231	36308	31	0.738095
36231	36342	1	0.023810
36231	36087	167	3.976190
36231	36536	3	0.071429
36231	36186	1	0.023810
36231	36125	17	0.404762
36231	36191	4	0.095238
36232	36308	1	0.004237
36233	36112	4	0.181818
36233	36194	3	0.136364
36233	36308	3	0.136364
36234	36112	2	1.000000
36234	36169	2	1.000000
36234	36486	28	14.000000
36234	36327	2	1.000000
36235	36327	6	3.000000
36235	36228	6	3.000000
36235	36262	12	6.000000
36235	36087	14	7.000000
36236	36386	2	0.008197
36236	36485	2	0.008197
36236	36271	1	0.004098
36236	36403	1	0.004098
36236	36342	1	0.004098
36236	36121	2	0.008197
36237	36327	6	3.000000
36237	36228	6	3.000000
36237	36262	12	6.000000
36237	36087	14	7.000000
36238	36112	63	21.000000
36240	36099	2	0.001504
36240	36486	2	0.001504
36240	36112	3	0.002256
36240	36121	29	0.021805
36240	36250	11	0.008271
36240	36126	63	0.047368
36240	36386	1	0.000752
36240	36517	6	0.004511
36240	36522	4	0.003008
36240	36268	4	0.003008
36240	36269	3	0.002256
36240	36529	2	0.001504
36240	36403	3	0.002256
36240	36411	2472	1.858647
36240	36285	1	0.000752
36240	36290	1	0.000752
36240	36292	1	0.000752
36240	36302	1	0.000752
36240	36307	2497	1.877444
36240	36308	1865	1.402256
36240	36309	1	0.000752
36240	36182	1107	0.832331
36240	36326	2	0.001504
36240	36327	12	0.009023
36240	36336	1	0.000752
36240	36082	1	0.000752
36240	36083	7	0.005263
36240	36087	118	0.088722
36240	36089	7	0.005263
36240	36476	11	0.008271
36241	36128	18	0.046875
36241	36169	380	0.989583
36241	36451	355	0.924479
36241	36308	6	0.015625
36242	36480	6	0.034682
36242	36097	1	0.005780
36242	36229	14	0.080925
36242	36486	2	0.011561
36242	36488	1	0.005780
36242	36106	1	0.005780
36242	36112	1	0.005780
36242	36244	1	0.005780
36242	36375	1	0.005780
36242	36120	1	0.005780
36242	36121	6	0.034682
36242	36349	8	0.046243
36242	36080	1	0.005780
36242	36386	1	0.005780
36242	36388	7	0.040462
36242	36133	6	0.034682
36242	36465	1	0.005780
36242	36358	1	0.005780
36242	36141	8	0.046243
36242	36272	21	0.121387
36242	36277	1	0.005780
36242	36150	21	0.121387
36242	36151	2	0.011561
36242	36537	6	0.034682
36242	36414	11	0.063584
36242	36290	5	0.028902
36242	36513	1	0.005780
36242	36171	1	0.005780
36242	36302	2	0.011561
36242	36433	1	0.005780
36242	36435	1	0.005780
36242	36308	277	1.601156
36242	36320	1	0.005780
36242	36194	1	0.005780
36242	36326	10	0.057803
36242	36199	7	0.040462
36242	36327	1	0.005780
36242	36463	6	0.034682
36242	36208	11	0.063584
36242	36209	1	0.005780
36242	36342	1	0.005780
36242	36087	1	0.005780
36242	36344	1	0.005780
36242	36500	1	0.005780
36242	36090	18	0.104046
36242	36477	2	0.011561
36242	36095	1	0.005780
36243	36451	18	1.000000
36244	36290	4	0.086957
36244	36548	2	0.043478
36244	36199	2	0.043478
36244	36106	2	0.043478
36244	36327	2	0.043478
36244	36525	2	0.043478
36244	36308	78	1.695652
36245	36099	26	1.000000
36245	36327	1	0.038462
36245	36392	1	0.038462
36245	36524	2	0.076923
36245	36112	1	0.038462
36245	36114	1	0.038462
36245	36308	39	1.500000
36245	36087	104	4.000000
36245	36089	1	0.038462
36245	36415	3	0.115385
36246	36264	2	0.125000
36246	36308	98	6.125000
36246	36309	2	0.125000
36246	36376	1	0.062500
36246	36411	1	0.062500
36246	36191	5	0.312500
36247	36275	3	1.000000
36247	36308	3	1.000000
36247	36406	18	6.000000
36247	36087	9	3.000000
36248	36156	6	0.857143
36248	36308	20	2.857143
36249	36352	1	0.000542
36249	36097	1	0.000542
36249	36548	5	0.002711
36249	36344	3	0.001627
36249	36486	4	0.002169
36249	36449	1	0.000542
36249	36106	7	0.003796
36249	36171	5	0.002711
36249	36340	1	0.000542
36249	36302	49	0.026573
36249	36269	1	0.000542
36249	36216	2	0.001085
36249	36435	1	0.000542
36249	36179	5	0.002711
36249	36308	1	0.000542
36249	36342	9	0.004881
36249	36536	1137	0.616594
36249	36074	1	0.000542
36249	36255	1	0.000542
36249	36125	7	0.003796
36249	36223	1	0.000542
36250	36099	2	0.001724
36250	36486	2	0.001724
36250	36112	2	0.001724
36250	36121	29	0.025000
36250	36126	62	0.053448
36250	36386	1	0.000862
36250	36517	6	0.005172
36250	36522	4	0.003448
36250	36268	11	0.009483
36250	36269	3	0.002586
36250	36529	2	0.001724
36250	36403	3	0.002586
36250	36411	2105	1.814655
36250	36285	1	0.000862
36250	36290	1	0.000862
36250	36292	2	0.001724
36250	36302	1	0.000862
36250	36307	2117	1.825000
36250	36308	1380	1.189655
36250	36309	1	0.000862
36250	36182	860	0.741379
36250	36326	1	0.000862
36250	36327	12	0.010345
36250	36336	1	0.000862
36250	36082	2	0.001724
36250	36083	7	0.006034
36250	36087	91	0.078448
36250	36089	7	0.006034
36250	36476	11	0.009483
36254	36388	1	0.142857
36254	36308	1	0.142857
36254	36150	3	0.428571
36254	36087	7	1.000000
36255	36352	2	0.011628
36255	36101	1	0.005814
36255	36488	1	0.005814
36255	36233	1	0.005814
36255	36362	1	0.005814
36255	36496	1	0.005814
36255	36500	1	0.005814
36255	36375	1	0.005814
36255	36125	192	1.116279
36255	36513	1	0.005814
36255	36135	1	0.005814
36255	36269	3	0.017442
36255	36276	1	0.005814
36255	36277	1	0.005814
36255	36406	1	0.005814
36255	36159	1926	11.197674
36255	36302	1	0.005814
36255	36433	1	0.005814
36255	36435	1	0.005814
36255	36308	689	4.005814
36255	36320	1	0.005814
36255	36321	1	0.005814
36255	36194	1	0.005814
36255	36327	519	3.017442
36255	36328	3	0.017442
36255	36080	1	0.005814
36255	36465	3	0.017442
36255	36211	1	0.005814
36255	36214	1	0.005814
36255	36087	516	3.000000
36255	36223	1	0.005814
36256	36308	15	0.025253
36256	36183	9	0.015152
36257	36308	15	0.025253
36257	36183	9	0.015152
36258	36308	15	0.025554
36258	36183	9	0.015332
36259	36308	15	0.026224
36259	36183	9	0.015734
36260	36308	15	0.025253
36260	36183	9	0.015152
36261	36228	2	0.002976
36261	36136	39	0.058036
36261	36302	2	0.002976
36261	36114	1	0.001488
36261	36403	2	0.002976
36261	36308	1	0.001488
36261	36087	4	0.005952
36261	36344	4	0.005952
36261	36121	3	0.004464
36261	36186	17	0.025298
36261	36285	461	0.686012
36262	36288	1	0.005848
36262	36097	1	0.005848
36262	36228	177	1.035088
36262	36522	1	0.005848
36262	36171	1	0.005848
36262	36364	1	0.005848
36262	36308	31	0.181287
36262	36087	684	4.000000
36262	36344	1	0.005848
36263	36228	1	0.025000
36263	36109	2	0.050000
36263	36429	1	0.025000
36263	36435	2	0.050000
36263	36308	12	0.300000
36263	36087	2	0.050000
36263	36216	2	0.050000
36263	36269	2	0.050000
36263	36156	2	0.050000
36263	36190	1	0.025000
36264	36129	2	0.025641
36264	36327	2	0.025641
36264	36170	1	0.012821
36264	36308	28	0.358974
36264	36087	1	0.012821
36264	36522	1	0.012821
36265	36089	1	0.055556
36265	36114	2	0.111111
36265	36451	20	1.111111
36265	36308	3	0.166667
36266	36224	2	0.002121
36266	36097	1	0.001060
36266	36486	3	0.003181
36266	36232	1	0.001060
36266	36112	6	0.006363
36266	36522	5	0.005302
36266	36403	4	0.004242
36266	36276	3	0.003181
36266	36406	4	0.004242
36266	36281	6	0.006363
36266	36150	8	0.008484
36266	36304	3	0.003181
36266	36179	3	0.003181
36266	36308	15	0.015907
36266	36309	3	0.003181
36266	36187	597	0.633086
36266	36191	2	0.002121
36266	36326	5	0.005302
36266	36199	1	0.001060
36266	36328	3	0.003181
36266	36476	1	0.001060
36266	36349	5	0.005302
36267	36485	4	0.044944
36267	36326	3	0.033708
36267	36104	2	0.022472
36267	36490	2	0.022472
36267	36271	2	0.022472
36267	36308	10	0.112360
36267	36475	2	0.022472
36268	36307	13	0.928571
36268	36126	1	0.071429
36269	36352	2	0.000461
36269	36485	2	0.000461
36269	36486	81	0.018685
36269	36232	26	0.005998
36269	36141	1	0.000231
36269	36112	4166	0.961015
36269	36241	1	0.000231
36269	36174	1	0.000231
36269	36336	1	0.000231
36269	36375	1	0.000231
36269	36121	10	0.002307
36269	36250	1	0.000231
36269	36126	9	0.002076
36269	36255	4	0.000923
36269	36513	1	0.000231
36269	36358	1	0.000231
36269	36209	1	0.000231
36269	36136	1	0.000231
36269	36522	31	0.007151
36269	36395	1	0.000231
36269	36525	1	0.000231
36269	36272	1	0.000231
36269	36488	1	0.000231
36269	36277	1	0.000231
36269	36406	3	0.000692
36269	36151	1	0.000231
36269	36536	2	0.000461
36269	36344	2	0.000461
36269	36159	1	0.000231
36269	36290	206	0.047520
36269	36548	6	0.001384
36269	36150	2	0.000461
36269	36168	1	0.000231
36269	36169	2	0.000461
36269	36170	1	0.000231
36269	36302	11	0.002537
36269	36304	1	0.000231
36269	36408	1	0.000231
36269	36435	31	0.007151
36269	36308	354	0.081661
36269	36309	5	0.001153
36269	36186	1	0.000231
36269	36495	1	0.000231
36269	36320	1	0.000231
36269	36194	1	0.000231
36269	36451	2	0.000461
36269	36326	65	0.014994
36269	36199	7	0.001615
36269	36328	2	0.000461
36269	36074	101	0.023299
36269	36335	1	0.000231
36269	36464	6	0.001384
36269	36465	1	0.000231
36269	36433	1	0.000231
36269	36307	1	0.000231
36269	36340	1	0.000231
36269	36179	72	0.016609
36269	36087	3	0.000692
36269	36216	21	0.004844
36269	36476	5	0.001153
36269	36349	1	0.000231
36269	36095	1	0.000231
36270	36451	4	0.004474
36270	36141	1	0.001119
36271	36485	8	0.043956
36271	36522	2	0.010989
36271	36269	1	0.005495
36271	36403	363	1.994505
36271	36308	6	0.032967
36271	36309	199	1.093407
36271	36087	108	0.593407
36272	36480	5	0.008237
36272	36097	1	0.001647
36272	36229	191	0.314662
36272	36486	2	0.003295
36272	36488	1	0.001647
36272	36362	2	0.003295
36272	36112	1	0.001647
36272	36242	12	0.019769
36272	36244	2	0.003295
36272	36375	1	0.001647
36272	36120	1	0.001647
36272	36121	6	0.009885
36272	36106	1	0.001647
36272	36477	3	0.004942
36272	36080	1	0.001647
36272	36386	1	0.001647
36272	36388	7	0.011532
36272	36133	5	0.008237
36272	36465	1	0.001647
36272	36358	1	0.001647
36272	36141	10	0.016474
36272	36528	1	0.001647
36272	36277	1	0.001647
36272	36150	21	0.034596
36272	36151	2	0.003295
36272	36537	9	0.014827
36272	36285	1	0.001647
36272	36414	61	0.100494
36272	36159	6	0.009885
36272	36290	5	0.008237
36272	36513	1	0.001647
36272	36171	1	0.001647
36272	36302	2	0.003295
36272	36433	1	0.001647
36272	36435	1	0.001647
36272	36308	303	0.499176
36272	36320	1	0.001647
36272	36194	1	0.001647
36272	36326	10	0.016474
36272	36199	7	0.011532
36272	36327	13	0.021417
36272	36463	6	0.009885
36272	36208	188	0.309720
36272	36209	1	0.001647
36272	36342	1	0.001647
36272	36087	139	0.228995
36272	36344	1	0.001647
36272	36500	1	0.001647
36272	36090	195	0.321252
36272	36349	8	0.013180
36272	36095	1	0.001647
36273	36352	1	0.000532
36273	36216	2	0.001065
36273	36548	5	0.002662
36273	36486	4	0.002130
36273	36097	1	0.000532
36273	36106	7	0.003727
36273	36171	5	0.002662
36273	36269	1	0.000532
36273	36302	44	0.023429
36273	36344	3	0.001597
36273	36435	1	0.000532
36273	36179	5	0.002662
36273	36308	1	0.000532
36273	36074	1	0.000532
36273	36342	8	0.004260
36273	36449	1	0.000532
36273	36536	1137	0.605431
36273	36340	1	0.000532
36273	36223	1	0.000532
36273	36125	6	0.003195
36273	36255	1	0.000532
36275	36199	3	0.053571
36276	36097	2	0.000522
36276	36098	4	0.001044
36276	36228	4	0.001044
36276	36485	1	0.000261
36276	36106	4	0.001044
36276	36112	7	0.001828
36276	36174	7	0.001828
36276	36126	8	0.002089
36276	36136	3	0.000783
36276	36522	13	0.003394
36276	36268	4	0.001044
36276	36403	5	0.001305
36276	36150	6	0.001567
36276	36152	1	0.000261
36276	36411	4	0.001044
36276	36417	3	0.000783
36276	36548	2	0.000522
36276	36173	1	0.000261
36276	36302	3	0.000783
36276	36304	4	0.001044
36276	36179	4	0.001044
36276	36308	62	0.016188
36276	36309	5	0.001305
36276	36453	48	0.012533
36276	36326	21	0.005483
36276	36455	12	0.003133
36276	36328	4	0.001044
36276	36080	1	0.000261
36276	36465	1	0.000261
36276	36087	7	0.001828
36276	36344	4	0.001044
36276	36473	1	0.000261
36276	36090	1	0.000261
36276	36476	10	0.002611
36276	36266	9	0.002350
36277	36320	1	0.008850
36277	36194	1	0.008850
36277	36231	2	0.017699
36277	36485	1	0.008850
36277	36433	1	0.008850
36277	36199	1	0.008850
36277	36308	39	0.345133
36277	36386	1	0.008850
36277	36174	1	0.008850
36277	36112	1	0.008850
36277	36465	1	0.008850
36277	36276	1	0.008850
36277	36121	6	0.053097
36277	36126	3	0.026549
36281	36266	14	0.014553
36281	36179	1	0.001040
36281	36548	5	0.005198
36281	36285	2	0.002079
36281	36150	10	0.010395
36282	36224	6	0.012903
36282	36336	2	0.004301
36282	36355	367	0.789247
36282	36310	4	0.008602
36282	36326	4	0.008602
36282	36327	357	0.767742
36282	36104	363	0.780645
36282	36087	2	0.004301
36282	36141	2	0.004301
36282	36112	2	0.004301
36282	36429	2	0.004301
36282	36464	1400	3.010753
36282	36435	2	0.004301
36282	36308	20	0.043011
36282	36078	2	0.004301
36282	36173	2	0.004301
36282	36089	359	0.772043
36282	36121	8	0.017204
36282	36159	2	0.004301
36284	36308	9	0.272727
36284	36087	66	2.000000
36285	36384	3	0.002874
36285	36548	14	0.013410
36285	36101	1	0.000958
36285	36327	1	0.000958
36285	36136	1	0.000958
36285	36171	1	0.000958
36285	36269	1	0.000958
36285	36302	1	0.000958
36285	36399	1	0.000958
36285	36433	2	0.001916
36285	36308	1	0.000958
36285	36334	1	0.000958
36285	36281	1	0.000958
36285	36186	12	0.011494
36287	36327	166	2.964286
36287	36308	343	6.125000
36287	36406	1	0.017857
36287	36087	168	3.000000
36288	36386	1	0.019231
36288	36327	52	1.000000
36288	36522	1	0.019231
36288	36492	52	1.000000
36288	36349	101	1.942308
36288	36304	1	0.019231
36288	36435	1	0.019231
36288	36308	164	3.153846
36288	36087	156	3.000000
36288	36120	2	0.038462
36288	36276	1	0.019231
36288	36255	52	1.000000
36288	36477	153	2.942308
36288	36159	685	13.173077
36290	36358	2	0.013245
36290	36488	2	0.013245
36290	36112	1	0.006623
36290	36375	2	0.013245
36290	36121	4	0.026490
36290	36513	2	0.013245
36290	36486	1	0.006623
36290	36266	1	0.006623
36290	36269	2	0.013245
36290	36272	1	0.006623
36290	36276	2	0.013245
36290	36277	2	0.013245
36290	36174	1	0.006623
36290	36433	2	0.013245
36290	36308	37	0.245033
36290	36191	1	0.006623
36290	36320	2	0.013245
36290	36194	2	0.013245
36290	36205	2	0.013245
36290	36080	1	0.006623
36290	36209	2	0.013245
36290	36083	1	0.006623
36290	36087	584	3.867550
36292	36099	2	0.001781
36292	36486	2	0.001781
36292	36112	1	0.000890
36292	36250	3	0.002671
36292	36126	62	0.055209
36292	36386	1	0.000890
36292	36517	6	0.005343
36292	36522	4	0.003562
36292	36268	11	0.009795
36292	36271	1	0.000890
36292	36529	2	0.001781
36292	36403	2	0.001781
36292	36411	2053	1.828139
36292	36285	1	0.000890
36292	36290	1	0.000890
36292	36307	2065	1.838825
36292	36308	1335	1.188780
36292	36182	839	0.747106
36292	36326	1	0.000890
36292	36327	14	0.012467
36292	36336	1	0.000890
36292	36082	2	0.001781
36292	36083	7	0.006233
36292	36087	91	0.081033
36292	36089	7	0.006233
36294	36320	1	0.083333
36294	36194	1	0.083333
36294	36292	12	1.000000
36294	36268	12	1.000000
36294	36082	12	1.000000
36294	36276	1	0.083333
36294	36087	12	1.000000
36294	36250	12	1.000000
36294	36411	12	1.000000
36295	36292	12	1.000000
36295	36268	12	1.000000
36295	36082	12	1.000000
36295	36087	12	1.000000
36295	36250	12	1.000000
36295	36411	12	1.000000
36297	36308	293	4.578125
36297	36087	192	3.000000
36298	36320	2	0.010417
36298	36384	2	0.010417
36298	36451	179	0.932292
36298	36406	1	0.005208
36298	36181	1	0.005208
36298	36135	2	0.010417
36298	36169	45	0.234375
36298	36362	4	0.020833
36298	36241	16	0.083333
36298	36114	2	0.010417
36298	36211	8	0.041667
36298	36308	24	0.125000
36298	36309	8	0.041667
36298	36342	4	0.020833
36298	36087	5	0.026042
36298	36344	1	0.005208
36298	36089	1	0.005208
36298	36191	2	0.010417
36299	36532	2	0.133333
36302	36216	2	0.000336
36302	36099	1	0.000168
36302	36228	12	0.002014
36302	36486	28	0.004700
36302	36097	8	0.001343
36302	36232	2	0.000336
36302	36183	1	0.000168
36302	36364	3	0.000504
36302	36109	2	0.000336
36302	36141	1	0.000168
36302	36164	1	0.000168
36302	36125	10	0.001678
36302	36126	1	0.000168
36302	36389	2	0.000336
36302	36081	1	0.000168
36302	36264	1	0.000168
36302	36522	2	0.000336
36302	36267	33	0.005539
36302	36140	8	0.001343
36302	36269	6	0.001007
36302	36399	1	0.000168
36302	36104	38	0.006378
36302	36150	2	0.000336
36302	36152	24	0.004028
36302	36281	2	0.000336
36302	36411	1	0.000168
36302	36285	2	0.000336
36302	36415	4	0.000671
36302	36288	1	0.000168
36302	36231	1	0.000168
36302	36297	1	0.000168
36302	36171	6	0.001007
36302	36173	24	0.004028
36302	36175	2	0.000336
36302	36536	20	0.003357
36302	36435	86	0.014434
36302	36308	196	0.032897
36302	36089	1	0.000168
36302	36186	2	0.000336
36302	36188	1	0.000168
36302	36261	2	0.000336
36302	36326	1	0.000168
36302	36205	1	0.000168
36302	36335	2	0.000336
36302	36336	2	0.000336
36302	36465	1	0.000168
36302	36083	9	0.001511
36302	36468	1	0.000168
36302	36342	2	0.000336
36302	36087	1	0.000168
36302	36344	10	0.001678
36302	36473	65	0.010910
36302	36090	1	0.000168
36302	36091	5	0.000839
36302	36477	3	0.000504
36302	36429	3	0.000504
36303	36156	10	0.833333
36303	36308	34	2.833333
36304	36097	113	0.933884
36304	36101	3	0.024793
36304	36358	3	0.024793
36304	36225	3	0.024793
36304	36233	3	0.024793
36304	36362	3	0.024793
36304	36110	3	0.024793
36304	36496	3	0.024793
36304	36375	3	0.024793
36304	36384	3	0.024793
36304	36513	3	0.024793
36304	36386	3	0.024793
36304	36112	1	0.008264
36304	36135	3	0.024793
36304	36266	4	0.033058
36304	36269	1	0.008264
36304	36277	3	0.024793
36304	36151	3	0.024793
36304	36163	3	0.024793
36304	36548	6	0.049587
36304	36168	2	0.016529
36304	36171	112	0.925620
36304	36174	3	0.024793
36304	36433	3	0.024793
36304	36435	3	0.024793
36304	36308	84	0.694215
36304	36187	3	0.024793
36304	36191	1	0.008264
36304	36320	4	0.033058
36304	36321	3	0.024793
36304	36194	3	0.024793
36304	36327	2	0.016529
36304	36334	3	0.024793
36304	36336	1	0.008264
36304	36209	3	0.024793
36304	36211	3	0.024793
36304	36214	3	0.024793
36304	36087	2	0.016529
36304	36216	3	0.024793
36304	36218	1	0.008264
36304	36095	1	0.008264
36304	36222	3	0.024793
36304	36223	3	0.024793
36305	36087	3	1.000000
36306	36327	6	3.000000
36306	36228	6	3.000000
36306	36262	12	6.000000
36306	36087	14	7.000000
36307	36320	1	0.001815
36307	36194	2	0.003630
36307	36292	551	1.000000
36307	36268	551	1.000000
36307	36386	1	0.001815
36307	36112	7	0.012704
36307	36082	551	1.000000
36307	36211	1	0.001815
36307	36276	1	0.001815
36307	36087	552	1.001815
36307	36308	34	0.061706
36307	36250	551	1.000000
36307	36411	552	1.001815
36307	36223	1	0.001815
36308	36480	4	0.000235
36308	36267	5	0.000294
36308	36228	14	0.000823
36308	36485	1	0.000059
36308	36232	3	0.000176
36308	36362	2	0.000118
36308	36236	6	0.000353
36308	36112	48	0.002821
36308	36114	10	0.000588
36308	36116	14	0.000823
36308	36376	4	0.000235
36308	36121	12	0.000705
36308	36386	2	0.000118
36308	36264	2	0.000118
36308	36392	6	0.000353
36308	36522	2	0.000118
36308	36395	4	0.000235
36308	36268	4	0.000235
36308	36269	13	0.000764
36308	36402	4	0.000235
36308	36211	2	0.000118
36308	36276	2	0.000118
36308	36411	4	0.000235
36308	36156	11253	0.661241
36308	36285	3	0.000176
36308	36159	3	0.000176
36308	36417	6	0.000353
36308	36546	2	0.000118
36308	36419	2	0.000118
36308	36548	6	0.000353
36308	36169	2	0.000118
36308	36304	4	0.000235
36308	36435	2	0.000118
36308	36309	3	0.000176
36308	36182	3	0.000176
36308	36326	192	0.011282
36308	36242	2	0.000118
36308	36335	8	0.000470
36308	36336	27	0.001587
36308	36136	9	0.000529
36308	36083	15	0.000881
36308	36087	63	0.003702
36308	36216	2	0.000118
36308	36415	1	0.000059
36308	36138	1	0.000059
36309	36320	16	0.205128
36309	36194	30	0.384615
36309	36451	8	0.102564
36309	36228	1	0.012821
36309	36486	8	0.102564
36309	36327	8	0.102564
36309	36267	8	0.102564
36309	36209	16	0.205128
36309	36403	8	0.102564
36309	36308	36	0.461538
36309	36150	8	0.102564
36309	36087	34	0.435897
36309	36121	16	0.205128
36309	36285	8	0.102564
36309	36415	1	0.012821
36310	36099	31	1.000000
36310	36101	1	0.032258
36310	36358	2	0.064516
36310	36488	1	0.032258
36310	36233	2	0.064516
36310	36362	1	0.032258
36310	36110	2	0.064516
36310	36496	2	0.064516
36310	36375	2	0.064516
36310	36121	4	0.129032
36310	36513	1	0.032258
36310	36386	1	0.032258
36310	36135	1	0.032258
36310	36112	1	0.032258
36310	36269	1	0.032258
36310	36277	2	0.064516
36310	36159	1	0.032258
36310	36302	1	0.032258
36310	36433	2	0.064516
36310	36308	5	0.161290
36310	36320	2	0.064516
36310	36321	1	0.032258
36310	36194	2	0.064516
36310	36211	2	0.064516
36310	36214	1	0.032258
36310	36087	124	4.000000
36310	36476	1	0.032258
36310	36349	1	0.032258
36310	36223	2	0.064516
36311	36290	2	0.014286
36311	36451	1	0.007143
36311	36326	1	0.007143
36311	36486	1	0.007143
36311	36241	1	0.007143
36311	36136	1	0.007143
36311	36169	2	0.014286
36311	36522	1	0.007143
36311	36199	1	0.007143
36311	36269	805	5.750000
36311	36302	4	0.028571
36311	36216	1	0.007143
36311	36308	2	0.014286
36311	36087	2	0.014286
36311	36344	1	0.007143
36311	36121	2	0.014286
36311	36186	1	0.007143
36313	36112	2	1.000000
36313	36169	2	1.000000
36313	36486	28	14.000000
36313	36327	2	1.000000
36317	36364	1	0.013514
36317	36171	1	0.013514
36317	36236	1	0.013514
36317	36302	2	0.027027
36317	36342	2	0.027027
36320	36224	2	0.001564
36320	36097	8	0.006255
36320	36101	9	0.007037
36320	36486	1	0.000782
36320	36231	2	0.001564
36320	36112	12	0.009382
36320	36121	4	0.003127
36320	36126	2	0.001564
36320	36485	5	0.003909
36320	36080	4	0.003127
36320	36358	2	0.001564
36320	36136	7	0.005473
36320	36522	10	0.007819
36320	36141	2	0.001564
36320	36276	4	0.003127
36320	36406	2	0.001564
36320	36151	2	0.001564
36320	36411	2	0.001564
36320	36417	7	0.005473
36320	36290	7	0.005473
36320	36513	2	0.001564
36320	36173	2	0.001564
36320	36304	2	0.001564
36320	36433	2	0.001564
36320	36308	114	0.089132
36320	36309	16	0.012510
36320	36310	10	0.007819
36320	36194	4	0.003127
36320	36326	16	0.012510
36320	36328	4	0.003127
36320	36336	2	0.001564
36320	36209	4	0.003127
36320	36083	5	0.003909
36320	36087	2	0.001564
36320	36476	9	0.007037
36320	36095	2	0.001564
36321	36417	36	1.000000
36321	36169	72	2.000000
36321	36364	36	1.000000
36321	36525	1	0.027778
36321	36302	36	1.000000
36321	36112	37	1.027778
36321	36209	37	1.027778
36321	36308	39	1.083333
36321	36087	36	1.000000
36323	36087	3	1.000000
36324	36228	2	0.002361
36324	36308	2	0.002361
36325	36087	8	1.000000
36326	36480	1	0.000571
36326	36225	1	0.000571
36326	36098	1	0.000571
36326	36099	1	0.000571
36326	36228	2	0.001142
36326	36485	2	0.001142
36326	36486	2	0.001142
36326	36488	4	0.002284
36326	36233	2	0.001142
36326	36375	4	0.002284
36326	36482	1	0.000571
36326	36494	1	0.000571
36326	36112	923	0.527127
36326	36371	1	0.000571
36326	36377	1	0.000571
36326	36121	10	0.005711
36326	36126	36	0.020560
36326	36384	1	0.000571
36326	36129	1	0.000571
36326	36386	3	0.001713
36326	36358	4	0.002284
36326	36264	1	0.000571
36326	36522	2	0.001142
36326	36269	6	0.003427
36326	36526	1	0.000571
36326	36128	1	0.000571
36326	36145	1	0.000571
36326	36403	2	0.001142
36326	36276	5	0.002856
36326	36277	4	0.002284
36326	36406	1	0.000571
36326	36489	1	0.000571
36326	36159	1	0.000571
36326	36417	9	0.005140
36326	36163	1	0.000571
36326	36166	2	0.001142
36326	36513	4	0.002284
36326	36168	4	0.002284
36326	36170	1	0.000571
36326	36151	4	0.002284
36326	36194	4	0.002284
36326	36174	2	0.001142
36326	36432	1	0.000571
36326	36433	4	0.002284
36326	36419	1	0.000571
36326	36435	2	0.001142
36326	36308	1007	0.575100
36326	36368	1	0.000571
36326	36446	1	0.000571
36326	36191	1	0.000571
36326	36320	5	0.002856
36326	36321	2	0.001142
36326	36450	2	0.001142
36326	36067	1	0.000571
36326	36083	1	0.000571
36326	36483	1	0.000571
36326	36205	1	0.000571
36326	36334	3	0.001713
36326	36080	2	0.001142
36326	36209	4	0.002284
36326	36210	1	0.000571
36326	36211	3	0.001713
36326	36531	1	0.000571
36326	36214	2	0.001142
36326	36087	4	0.002284
36326	36216	2	0.001142
36326	36218	1	0.000571
36326	36287	1	0.000571
36326	36266	2	0.001142
36326	36223	2	0.001142
36327	36228	1	0.000899
36327	36486	1116	1.003597
36327	36392	1	0.000899
36327	36456	1502	1.350719
36327	36169	1	0.000899
36327	36199	1	0.000899
36327	36525	1	0.000899
36327	36270	1	0.000899
36327	36399	1	0.000899
36327	36464	1	0.000899
36327	36136	1	0.000899
36327	36403	1	0.000899
36327	36308	3345	3.008094
36327	36141	1	0.000899
36327	36406	1	0.000899
36327	36087	3337	3.000899
36327	36548	1	0.000899
36327	36186	1	0.000899
36327	36455	2	0.001799
36327	36285	1112	1.000000
36327	36241	2	0.001799
36328	36320	1	0.002519
36328	36513	1	0.002519
36328	36194	1	0.002519
36328	36358	1	0.002519
36328	36488	1	0.002519
36328	36375	1	0.002519
36328	36525	50	0.125945
36328	36304	1	0.002519
36328	36308	194	0.488665
36328	36277	1	0.002519
36328	36087	2	0.005038
36328	36184	1	0.002519
36328	36121	1	0.002519
36328	36125	13	0.032746
36328	36255	1	0.002519
36329	36171	1	0.125000
36329	36140	1	0.125000
36329	36302	1	0.125000
36329	36083	1	0.125000
36329	36532	1	0.125000
36329	36342	1	0.125000
36329	36344	1	0.125000
36331	36402	1	0.005682
36331	36548	1	0.005682
36331	36342	1	0.005682
36331	36199	1	0.005682
36331	36104	4	0.022727
36331	36522	1789	10.164773
36331	36269	2	0.011364
36331	36302	2	0.011364
36331	36271	1	0.005682
36331	36191	1	0.005682
36331	36403	10	0.056818
36331	36340	5	0.028409
36331	36406	1	0.005682
36331	36087	148	0.840909
36331	36308	134	0.761364
36331	36335	1	0.005682
36331	36476	11	0.062500
36331	36285	2	0.011364
36331	36159	1	0.005682
36332	36275	10	0.769231
36332	36308	10	0.769231
36332	36406	84	6.461538
36332	36087	39	3.000000
36334	36352	1	0.000875
36334	36485	29	0.025372
36334	36486	1	0.000875
36334	36112	1	0.000875
36334	36126	1	0.000875
36334	36181	1	0.000875
36334	36522	3	0.002625
36334	36141	5	0.004374
36334	36403	3	0.002625
36334	36150	6	0.005249
36334	36536	3	0.002625
36334	36417	3	0.002625
36334	36290	2	0.001750
36334	36299	1	0.000875
36334	36174	20	0.017498
36334	36308	24	0.020997
36334	36302	2	0.001750
36334	36451	4	0.003500
36334	36326	2	0.001750
36334	36328	1	0.000875
36334	36080	52	0.045494
36334	36087	7	0.006124
36334	36344	1	0.000875
36334	36349	1	0.000875
36334	36309	4	0.003500
36335	36228	1	0.038462
36335	36326	1	0.038462
36335	36241	1	0.038462
36335	36308	1	0.038462
36335	36087	1	0.038462
36335	36125	1	0.038462
36336	36485	6	0.012579
36336	36495	9	0.018868
36336	36112	2	0.004193
36336	36116	1	0.002096
36336	36121	2	0.004193
36336	36126	8	0.016771
36336	36522	5	0.010482
36336	36268	7	0.014675
36336	36269	1	0.002096
36336	36402	2	0.004193
36336	36276	1	0.002096
36336	36150	2	0.004193
36336	36537	7	0.014675
36336	36415	2	0.004193
36336	36288	2	0.004193
36336	36290	4	0.008386
36336	36173	1	0.002096
36336	36302	5	0.010482
36336	36435	1	0.002096
36336	36308	135	0.283019
36336	36309	2	0.004193
36336	36310	1	0.002096
36336	36326	1	0.002096
36336	36078	2	0.004193
36336	36464	2	0.004193
36336	36342	1	0.002096
36336	36087	1428	2.993711
36338	36386	1	0.047619
36338	36199	1	0.047619
36338	36362	1	0.047619
36338	36435	1	0.047619
36338	36308	3	0.142857
36338	36087	21	1.000000
36338	36121	1	0.047619
36340	36386	15	0.009603
36340	36163	3	0.001921
36340	36264	3	0.001921
36340	36522	37	0.023688
36340	36211	6	0.003841
36340	36308	684	0.437900
36340	36309	1	0.000640
36340	36406	12	0.007682
36340	36121	12	0.007682
36340	36476	2	0.001280
36340	36362	7	0.004481
36340	36223	8	0.005122
36341	36171	45	6.428571
36341	36069	7	1.000000
36342	36449	1	0.000301
36342	36232	13	0.003909
36342	36326	1	0.000301
36342	36327	9	0.002706
36342	36296	34	0.010222
36342	36489	2	0.000601
36342	36362	6	0.001804
36342	36267	24	0.007216
36342	36524	1	0.000301
36342	36386	2	0.000601
36342	36175	3	0.000902
36342	36112	4	0.001203
36342	36104	77	0.023151
36342	36083	10	0.003007
36342	36308	29	0.008719
36342	36073	5	0.001503
36342	36536	4	0.001203
36342	36089	3	0.000902
36342	36186	28	0.008419
36342	36156	3	0.000902
36342	36415	2	0.000601
36343	36068	8	4.000000
36343	36327	4	2.000000
36343	36522	4	2.000000
36343	36271	4	2.000000
36343	36403	18	9.000000
36343	36309	4	2.000000
36343	36087	10	5.000000
36343	36476	8	4.000000
36344	36097	1	0.000430
36344	36228	2	0.000861
36344	36486	2	0.000861
36344	36104	6	0.002583
36344	36490	2	0.000861
36344	36364	2	0.000861
36344	36141	1	0.000430
36344	36112	1	0.000430
36344	36522	3	0.001291
36344	36267	1	0.000430
36344	36140	4	0.001722
36344	36269	2	0.000861
36344	36232	3	0.001291
36344	36150	7	0.003013
36344	36415	2	0.000861
36344	36546	1	0.000430
36344	36170	10	0.004305
36344	36171	2	0.000861
36344	36173	2	0.000861
36344	36302	12	0.005166
36344	36308	9	0.003874
36344	36310	1	0.000430
36344	36473	1	0.000430
36344	36451	2	0.000861
36344	36069	2	0.000861
36344	36073	1	0.000430
36344	36083	19	0.008179
36344	36342	2	0.000861
36344	36087	1	0.000430
36344	36089	2	0.000861
36346	36406	18	6.000000
36346	36087	9	3.000000
36347	36480	1	0.000427
36347	36225	1	0.000427
36347	36098	1	0.000427
36347	36099	1	0.000427
36347	36228	2	0.000854
36347	36485	2	0.000854
36347	36486	2	0.000854
36347	36488	4	0.001708
36347	36489	1	0.000427
36347	36375	4	0.001708
36347	36482	1	0.000427
36347	36494	1	0.000427
36347	36112	975	0.416311
36347	36371	1	0.000427
36347	36377	1	0.000427
36347	36121	10	0.004270
36347	36126	36	0.015371
36347	36384	1	0.000427
36347	36129	1	0.000427
36347	36386	3	0.001281
36347	36358	4	0.001708
36347	36209	4	0.001708
36347	36264	1	0.000427
36347	36522	2	0.000854
36347	36269	6	0.002562
36347	36526	1	0.000427
36347	36128	1	0.000427
36347	36145	1	0.000427
36347	36211	3	0.001281
36347	36276	5	0.002135
36347	36277	4	0.001708
36347	36406	1	0.000427
36347	36233	2	0.000854
36347	36159	1	0.000427
36347	36417	13	0.005551
36347	36163	1	0.000427
36347	36166	2	0.000854
36347	36321	2	0.000854
36347	36168	4	0.001708
36347	36170	1	0.000427
36347	36151	4	0.001708
36347	36194	4	0.001708
36347	36174	2	0.000854
36347	36432	1	0.000427
36347	36433	4	0.001708
36347	36419	1	0.000427
36347	36435	2	0.000854
36347	36308	1055	0.450470
36347	36513	4	0.001708
36347	36446	1	0.000427
36347	36191	1	0.000427
36347	36320	5	0.002135
36347	36368	1	0.000427
36347	36450	2	0.000854
36347	36067	1	0.000427
36347	36326	1948	0.831768
36347	36483	1	0.000427
36347	36205	1	0.000427
36347	36334	3	0.001281
36347	36080	2	0.000854
36347	36403	2	0.000854
36347	36210	1	0.000427
36347	36083	1	0.000427
36347	36531	1	0.000427
36347	36214	2	0.000854
36347	36087	4	0.001708
36347	36216	2	0.000854
36347	36218	1	0.000427
36347	36287	1	0.000427
36347	36266	2	0.000854
36347	36223	2	0.000854
36348	36529	4	2.000000
36348	36083	14	7.000000
36348	36308	4	2.000000
36348	36087	6	3.000000
36349	36224	145	3.918919
36349	36288	72	1.945946
36349	36388	3	0.081081
36349	36133	1	0.027027
36349	36327	109	2.945946
36349	36458	73	1.972973
36349	36512	72	1.945946
36349	36492	109	2.945946
36349	36173	73	1.972973
36349	36477	182	4.918919
36349	36528	73	1.972973
36349	36308	131	3.540541
36349	36150	3	0.081081
36349	36087	111	3.000000
36349	36159	753	20.351351
36349	36202	72	1.945946
36349	36255	112	3.027027
36350	36099	10	1.000000
36350	36308	1	0.100000
36350	36087	40	4.000000
36351	36236	18	0.183673
36352	36231	4	0.007797
36352	36106	1	0.001949
36352	36269	4	0.007797
36352	36120	3	0.005848
36352	36121	3	0.005848
36352	36125	3	0.005848
36352	36128	1	0.001949
36352	36386	1	0.001949
36352	36266	1	0.001949
36352	36525	257	0.500975
36352	36402	1	0.001949
36352	36276	1	0.001949
36352	36536	1	0.001949
36352	36285	1	0.001949
36352	36548	1	0.001949
36352	36302	3	0.005848
36352	36433	1	0.001949
36352	36308	771	1.502924
36352	36191	1	0.001949
36352	36320	2	0.003899
36352	36449	2	0.003899
36352	36199	2	0.003899
36352	36328	4	0.007797
36352	36465	2	0.003899
36352	36340	13	0.025341
36352	36087	109	0.212476
36352	36089	1	0.001949
36352	36522	1	0.001949
36353	36292	2	1.000000
36353	36268	2	1.000000
36353	36082	2	1.000000
36353	36307	2	1.000000
36353	36087	2	1.000000
36353	36250	2	1.000000
36353	36411	2	1.000000
36354	36352	1	0.000515
36354	36097	1	0.000515
36354	36486	4	0.002059
36354	36106	7	0.003603
36354	36364	1	0.000515
36354	36125	6	0.003088
36354	36255	1	0.000515
36354	36140	1	0.000515
36354	36269	1	0.000515
36354	36536	1090	0.560988
36354	36548	5	0.002573
36354	36171	6	0.003088
36354	36302	50	0.025733
36354	36344	4	0.002059
36354	36179	5	0.002573
36354	36308	1	0.000515
36354	36449	1	0.000515
36354	36074	1	0.000515
36354	36435	1	0.000515
36354	36340	1	0.000515
36354	36342	7	0.003603
36354	36216	2	0.001029
36354	36223	1	0.000515
36355	36464	22	0.338462
36355	36224	3	0.046154
36355	36308	10	0.153846
36355	36078	3	0.046154
36355	36087	263	4.046154
36357	36087	17	1.000000
36358	36288	1	0.003195
36358	36352	2	0.006390
36358	36451	3	0.009585
36358	36548	1	0.003195
36358	36326	4	0.012780
36358	36199	1	0.003195
36358	36169	3	0.009585
36358	36106	1	0.003195
36358	36141	2	0.006390
36358	36272	6	0.019169
36358	36433	1	0.003195
36358	36121	1	0.003195
36358	36403	4	0.012780
36358	36244	4	0.012780
36358	36087	7	0.022364
36358	36308	52	0.166134
36358	36476	2	0.006390
36358	36125	1	0.003195
36358	36159	1	0.003195
36359	36097	1	0.000835
36359	36548	1	0.000835
36359	36344	2	0.001671
36359	36486	4	0.003342
36359	36449	1	0.000835
36359	36140	1	0.000835
36359	36074	1	0.000835
36359	36171	2	0.001671
36359	36364	1	0.000835
36359	36302	28	0.023392
36359	36179	1	0.000835
36359	36216	2	0.001671
36359	36435	1	0.000835
36359	36308	1	0.000835
36359	36342	6	0.005013
36359	36536	946	0.790309
36359	36106	1	0.000835
36359	36125	6	0.005013
36359	36223	1	0.000835
36360	36344	51	1.961538
36360	36490	1	0.038462
36360	36302	1	0.038462
36362	36228	1	0.001789
36362	36485	2	0.003578
36362	36486	3	0.005367
36362	36491	1	0.001789
36362	36236	1	0.001789
36362	36112	1	0.001789
36362	36121	18	0.032200
36362	36386	14	0.025045
36362	36522	1	0.001789
36362	36398	1	0.001789
36362	36150	1	0.001789
36362	36536	1	0.001789
36362	36168	2	0.003578
36362	36171	2	0.003578
36362	36304	2	0.003578
36362	36308	4	0.007156
36362	36309	1	0.001789
36362	36310	1	0.001789
36362	36451	1	0.001789
36362	36326	1	0.001789
36362	36462	1	0.001789
36362	36336	1	0.001789
36362	36211	1	0.001789
36362	36340	5	0.008945
36362	36342	1	0.001789
36362	36087	2	0.003578
36362	36223	1	0.001789
36363	36099	73	1.000000
36363	36522	2	0.027397
36363	36087	365	5.000000
36363	36537	1	0.013699
36363	36089	1	0.013699
36363	36415	1	0.013699
36364	36097	4	0.010417
36364	36069	11	0.028646
36364	36104	1	0.002604
36364	36233	1	0.002604
36364	36302	1	0.002604
36364	36308	1	0.002604
36364	36344	1	0.002604
36364	36473	1	0.002604
36364	36261	1	0.002604
36368	36152	125	2.976190
36368	36327	124	2.952381
36368	36308	31	0.738095
36368	36087	126	3.000000
36369	36451	60	1.132075
36369	36169	1	0.018868
36369	36241	8	0.150943
36369	36308	8	0.150943
36369	36309	3	0.056604
36369	36087	4	0.075472
36371	36327	58	2.900000
36371	36308	10	0.500000
36371	36087	60	3.000000
36372	36327	67	2.913043
36372	36308	4	0.173913
36372	36087	69	3.000000
36374	36406	18	6.000000
36374	36087	9	3.000000
36375	36326	1	0.000404
36376	36068	80	4.000000
36376	36327	40	2.000000
36376	36168	1	0.050000
36376	36522	41	2.050000
36376	36271	40	2.000000
36376	36403	182	9.100000
36376	36308	7	0.350000
36376	36309	46	2.300000
36376	36246	1	0.050000
36376	36087	100	5.000000
36376	36476	80	4.000000
36376	36191	1	0.050000
36377	36104	192	2.666667
36377	36327	576	8.000000
36377	36308	16	0.222222
36377	36326	253	3.513889
36377	36087	196	2.722222
36381	36271	2	0.083333
36385	36087	10	1.000000
36386	36121	3	0.021277
36386	36522	1	0.007092
36386	36340	1	0.007092
36386	36486	1	0.007092
36387	36087	4	1.000000
36388	36087	2	1.000000
36389	36302	206	10.842105
36390	36327	31	2.818182
36390	36308	2	0.181818
36390	36087	33	3.000000
36391	36087	30	1.000000
36392	36486	3	0.375000
36392	36141	1	0.125000
36392	36308	4	0.500000
36392	36150	3	0.375000
36392	36087	1	0.125000
36392	36285	2	0.250000
36394	36364	3	0.120000
36394	36069	4	0.160000
36395	36546	1	0.015873
36395	36327	1	0.015873
36395	36199	3	0.047619
36395	36386	1	0.015873
36395	36241	1	0.015873
36395	36308	9	0.142857
36395	36087	191	3.031746
36395	36089	3	0.047619
36395	36455	3	0.047619
36397	36224	6	0.012903
36397	36336	2	0.004301
36397	36355	367	0.789247
36397	36310	4	0.008602
36397	36326	4	0.008602
36397	36327	357	0.767742
36397	36104	363	0.780645
36397	36112	2	0.004301
36397	36087	2	0.004301
36397	36141	3	0.006452
36397	36078	2	0.004301
36397	36429	2	0.004301
36397	36464	1401	3.012903
36397	36435	2	0.004301
36397	36308	20	0.043011
36397	36173	2	0.004301
36397	36121	8	0.017204
36397	36089	360	0.774194
36397	36159	2	0.004301
36398	36112	2	1.000000
36398	36169	2	1.000000
36398	36486	28	14.000000
36398	36327	2	1.000000
36399	36308	7	0.269231
36399	36327	3	0.115385
36402	36327	1	0.000499
36402	36136	2	0.000999
36402	36525	2	0.000999
36402	36328	2	0.000999
36402	36308	5	0.002496
36402	36342	3	0.001498
36402	36087	49	0.024463
36402	36089	3	0.001498
36402	36104	1	0.000499
36403	36485	2	0.014286
36403	36103	1	0.007143
36403	36104	1	0.007143
36403	36114	2	0.014286
36403	36336	3	0.021429
36403	36246	1	0.007143
36403	36376	3	0.021429
36403	36121	3	0.021429
36403	36126	1	0.007143
36403	36080	1	0.007143
36403	36522	303	2.164286
36403	36269	1	0.007143
36403	36271	283	2.021429
36403	36152	4	0.028571
36403	36415	1	0.007143
36403	36168	1	0.007143
36403	36302	2	0.014286
36403	36307	2	0.014286
36403	36308	50	0.357143
36403	36309	308	2.200000
36403	36182	9	0.064286
36403	36191	1	0.007143
36403	36068	561	4.007143
36403	36327	280	2.000000
36403	36464	1	0.007143
36403	36087	700	5.000000
36403	36476	565	4.035714
36404	36525	35	1.000000
36404	36087	35	1.000000
36405	36171	3	0.500000
36405	36302	1	0.166667
36405	36342	2	0.333333
36406	36352	1	0.001748
36406	36097	5	0.008741
36406	36522	2	0.003497
36406	36302	1	0.001748
36406	36465	3	0.005245
36406	36275	536	0.937063
36406	36308	640	1.118881
36406	36087	1713	2.994755
36406	36218	1	0.001748
36407	36151	15	1.875000
36408	36097	2	0.026667
36408	36327	220	2.933333
36408	36171	2	0.026667
36408	36269	1	0.013333
36408	36308	470	6.266667
36408	36087	222	2.960000
36408	36159	1	0.013333
36410	36112	2	1.000000
36410	36169	2	1.000000
36410	36486	28	14.000000
36410	36327	2	1.000000
36411	36225	1	0.034483
36411	36358	1	0.034483
36411	36103	1	0.034483
36411	36488	5	0.172414
36411	36362	2	0.068966
36411	36336	3	0.103448
36411	36375	3	0.103448
36411	36121	26	0.896552
36411	36126	17	0.586207
36411	36128	1	0.034483
36411	36464	1	0.034483
36411	36386	4	0.137931
36411	36135	2	0.068966
36411	36522	2	0.068966
36411	36268	1	0.034483
36411	36269	13	0.448276
36411	36276	8	0.275862
36411	36277	3	0.103448
36411	36151	1	0.034483
36411	36166	2	0.068966
36411	36513	3	0.103448
36411	36174	8	0.275862
36411	36433	4	0.137931
36411	36307	24	0.827586
36411	36308	52	1.793103
36411	36302	2	0.068966
36411	36182	21	0.724138
36411	36320	16	0.551724
36411	36194	14	0.482759
36411	36453	29	1.000000
36411	36326	2	0.068966
36411	36334	1	0.034483
36411	36080	1	0.034483
36411	36209	13	0.448276
36411	36211	1	0.034483
36411	36214	2	0.068966
36411	36087	1	0.034483
36411	36216	2	0.068966
36411	36266	2	0.068966
36411	36223	6	0.206897
36413	36386	1	0.010638
36413	36548	8	0.085106
36413	36199	3	0.031915
36413	36362	1	0.010638
36413	36435	1	0.010638
36413	36179	2	0.021277
36413	36308	3	0.031915
36413	36150	4	0.042553
36413	36087	94	1.000000
36413	36121	2	0.021277
36413	36285	22	0.234043
36414	36480	5	0.023041
36414	36097	1	0.004608
36414	36229	182	0.838710
36414	36486	2	0.009217
36414	36488	1	0.004608
36414	36106	1	0.004608
36414	36112	1	0.004608
36414	36242	4	0.018433
36414	36244	1	0.004608
36414	36375	1	0.004608
36414	36120	1	0.004608
36414	36121	6	0.027650
36414	36477	2	0.009217
36414	36080	1	0.004608
36414	36386	1	0.004608
36414	36388	7	0.032258
36414	36133	4	0.018433
36414	36209	1	0.004608
36414	36358	1	0.004608
36414	36141	9	0.041475
36414	36272	62	0.285714
36414	36104	1	0.004608
36414	36277	1	0.004608
36414	36150	21	0.096774
36414	36151	2	0.009217
36414	36537	6	0.027650
36414	36159	2	0.009217
36414	36290	5	0.023041
36414	36513	1	0.004608
36414	36171	1	0.004608
36414	36302	2	0.009217
36414	36433	1	0.004608
36414	36435	1	0.004608
36414	36308	288	1.327189
36414	36320	1	0.004608
36414	36194	1	0.004608
36414	36326	10	0.046083
36414	36199	7	0.032258
36414	36327	12	0.055300
36414	36463	6	0.027650
36414	36208	179	0.824885
36414	36465	1	0.004608
36414	36342	1	0.004608
36414	36087	129	0.594470
36414	36344	1	0.004608
36414	36500	1	0.004608
36414	36090	182	0.838710
36414	36349	8	0.036866
36414	36095	1	0.004608
36415	36233	1	0.014286
36415	36362	1	0.014286
36415	36114	2	0.028571
36415	36500	1	0.014286
36415	36121	1	0.014286
36415	36386	1	0.014286
36415	36266	1	0.014286
36415	36524	2	0.028571
36415	36143	2	0.028571
36415	36276	1	0.014286
36415	36174	1	0.014286
36415	36435	1	0.014286
36415	36308	162	2.314286
36415	36320	1	0.014286
36415	36321	1	0.014286
36415	36194	1	0.014286
36415	36327	1	0.014286
36415	36334	1	0.014286
36415	36335	1	0.014286
36415	36081	4	0.057143
36415	36087	211	3.014286
36415	36216	1	0.014286
36415	36089	2	0.028571
36415	36095	1	0.014286
36415	36223	1	0.014286
36416	36308	65	3.095238
36416	36087	84	4.000000
36417	36112	8	0.177778
36417	36250	7	0.155556
36417	36327	7	0.155556
36417	36308	54	1.200000
36417	36087	6	0.133333
36419	36129	1	0.012195
36419	36483	1	0.012195
36419	36327	244	2.975610
36419	36264	1	0.012195
36419	36522	3	0.036585
36419	36271	1	0.012195
36419	36371	1	0.012195
36419	36177	1	0.012195
36419	36403	4	0.048780
36419	36308	106	1.292683
36419	36087	246	3.000000
36419	36170	1	0.012195
36424	36156	1	1.000000
36424	36308	3	3.000000
36425	36480	5	0.023256
36425	36097	1	0.004651
36425	36229	184	0.855814
36425	36486	2	0.009302
36425	36104	1	0.004651
36425	36106	1	0.004651
36425	36112	1	0.004651
36425	36242	4	0.018605
36425	36244	1	0.004651
36425	36375	1	0.004651
36425	36120	1	0.004651
36425	36121	6	0.027907
36425	36477	2	0.009302
36425	36080	1	0.004651
36425	36386	1	0.004651
36425	36388	7	0.032558
36425	36133	4	0.018605
36425	36209	1	0.004651
36425	36358	1	0.004651
36425	36141	9	0.041860
36425	36272	62	0.288372
36425	36488	1	0.004651
36425	36277	1	0.004651
36425	36150	21	0.097674
36425	36151	2	0.009302
36425	36537	6	0.027907
36425	36414	52	0.241860
36425	36159	2	0.009302
36425	36290	5	0.023256
36425	36513	1	0.004651
36425	36171	1	0.004651
36425	36302	2	0.009302
36425	36433	1	0.004651
36425	36435	1	0.004651
36425	36308	290	1.348837
36425	36320	1	0.004651
36425	36194	1	0.004651
36425	36326	10	0.046512
36425	36199	7	0.032558
36425	36327	12	0.055814
36425	36463	6	0.027907
36425	36208	181	0.841860
36425	36465	1	0.004651
36425	36342	1	0.004651
36425	36087	130	0.604651
36425	36344	1	0.004651
36425	36500	1	0.004651
36425	36090	184	0.855814
36425	36349	8	0.037209
36425	36095	1	0.004651
36427	36228	1	0.026316
36427	36109	2	0.052632
36427	36429	1	0.026316
36427	36435	1	0.026316
36427	36308	6	0.157895
36427	36087	1	0.026316
36427	36216	1	0.026316
36427	36269	1	0.026316
36427	36156	1	0.026316
36427	36190	1	0.026316
36428	36225	1	0.002304
36428	36101	1	0.002304
36428	36358	1	0.002304
36428	36488	1	0.002304
36428	36362	3	0.006912
36428	36110	1	0.002304
36428	36496	1	0.002304
36428	36114	1	0.002304
36428	36375	1	0.002304
36428	36121	4	0.009217
36428	36384	1	0.002304
36428	36513	1	0.002304
36428	36386	8	0.018433
36428	36388	1	0.002304
36428	36133	2	0.004608
36428	36135	1	0.002304
36428	36392	1	0.002304
36428	36266	2	0.004608
36428	36276	2	0.004608
36428	36277	1	0.002304
36428	36150	30	0.069124
36428	36285	22	0.050691
36428	36548	9	0.020737
36428	36174	1	0.002304
36428	36433	1	0.002304
36428	36435	3	0.006912
36428	36308	22	0.050691
36428	36320	1	0.002304
36428	36194	1	0.002304
36428	36199	4	0.009217
36428	36327	1	0.002304
36428	36334	1	0.002304
36428	36080	1	0.002304
36428	36209	1	0.002304
36428	36211	1	0.002304
36428	36179	2	0.004608
36428	36087	435	1.002304
36428	36216	1	0.002304
36428	36349	3	0.006912
36428	36223	1	0.002304
36429	36199	1	0.002364
36429	36171	2	0.004728
36429	36342	2	0.004728
36429	36302	23	0.054374
36429	36269	3	0.007092
36430	36275	3	1.000000
36430	36308	3	1.000000
36430	36406	33	11.000000
36430	36087	9	3.000000
36431	36097	114	0.966102
36431	36101	3	0.025424
36431	36358	3	0.025424
36431	36225	3	0.025424
36431	36233	3	0.025424
36431	36362	3	0.025424
36431	36110	3	0.025424
36431	36496	3	0.025424
36431	36375	3	0.025424
36431	36384	3	0.025424
36431	36513	3	0.025424
36431	36386	3	0.025424
36431	36112	1	0.008475
36431	36135	3	0.025424
36431	36266	4	0.033898
36431	36269	1	0.008475
36431	36277	3	0.025424
36431	36151	3	0.025424
36431	36163	3	0.025424
36431	36548	6	0.050847
36431	36168	2	0.016949
36431	36171	113	0.957627
36431	36174	3	0.025424
36431	36304	471	3.991525
36431	36433	3	0.025424
36431	36435	3	0.025424
36431	36308	90	0.762712
36431	36187	3	0.025424
36431	36191	1	0.008475
36431	36320	4	0.033898
36431	36321	3	0.025424
36431	36194	3	0.025424
36431	36327	6	0.050847
36431	36334	3	0.025424
36431	36336	1	0.008475
36431	36209	3	0.025424
36431	36211	3	0.025424
36431	36214	3	0.025424
36431	36087	2	0.016949
36431	36216	3	0.025424
36431	36218	1	0.008475
36431	36095	1	0.008475
36431	36222	3	0.025424
36431	36223	3	0.025424
36432	36522	2	0.083333
36432	36308	2	0.083333
36432	36485	2	0.083333
36432	36087	72	3.000000
36433	36320	1	0.018519
36433	36112	2	0.037037
36433	36548	1	0.018519
36433	36326	2	0.037037
36433	36083	2	0.037037
36433	36201	1	0.018519
36433	36522	1	0.018519
36433	36199	1	0.018519
36433	36336	1	0.018519
36433	36465	1	0.018519
36433	36211	1	0.018519
36433	36308	6	0.111111
36433	36406	1	0.018519
36435	36486	3	0.001473
36435	36106	1	0.000491
36435	36364	2	0.000982
36435	36126	1	0.000491
36435	36513	1	0.000491
36435	36261	1	0.000491
36435	36522	2	0.000982
36435	36269	25	0.012273
36435	36150	4	0.001964
36435	36536	1	0.000491
36435	36411	1	0.000491
36435	36285	29	0.014237
36435	36159	1	0.000491
36435	36290	1	0.000491
36435	36168	12	0.005891
36435	36302	12	0.005891
36435	36304	6	0.002946
36435	36216	10	0.004909
36435	36308	19	0.009327
36435	36455	2	0.000982
36435	36328	1	0.000491
36435	36074	5	0.002455
36435	36199	2	0.000982
36435	36465	4	0.001964
36435	36344	1	0.000491
36440	36087	8	1.000000
36443	36232	13	0.004760
36443	36489	1	0.000366
36443	36490	1	0.000366
36443	36112	2	0.000732
36443	36386	2	0.000732
36443	36267	22	0.008056
36443	36524	1	0.000366
36443	36104	75	0.027462
36443	36536	2	0.000732
36443	36156	3	0.001098
36443	36362	3	0.001098
36443	36415	2	0.000732
36443	36296	27	0.009886
36443	36175	2	0.000732
36443	36308	26	0.009520
36443	36186	20	0.007323
36443	36449	1	0.000366
36443	36326	1	0.000366
36443	36327	9	0.003295
36443	36073	5	0.001831
36443	36083	6	0.002197
36443	36342	4048	1.482241
36443	36089	2	0.000732
36444	36275	3	1.000000
36444	36308	3	1.000000
36444	36406	18	6.000000
36444	36087	9	3.000000
36445	36302	2	0.125000
36446	36168	2	0.040000
36446	36336	1	0.020000
36446	36104	1	0.020000
36446	36308	4	0.080000
36446	36150	1	0.020000
36446	36087	200	4.000000
36446	36159	1	0.020000
36447	36228	1	0.027027
36447	36109	2	0.054054
36447	36269	1	0.027027
36447	36435	1	0.027027
36447	36308	6	0.162162
36447	36190	1	0.027027
36447	36087	1	0.027027
36447	36216	1	0.027027
36447	36156	1	0.027027
36447	36429	1	0.027027
36448	36327	6	3.000000
36448	36228	6	3.000000
36448	36262	12	6.000000
36448	36087	14	7.000000
36449	36342	2	0.001791
36449	36199	8	0.007162
36449	36328	6	0.005372
36449	36525	1117	1.000000
36449	36465	1	0.000895
36449	36179	1	0.000895
36449	36308	24	0.021486
36449	36406	5	0.004476
36449	36087	3351	3.000000
36449	36536	1	0.000895
36449	36186	1	0.000895
36449	36125	2	0.001791
36451	36169	11	0.687500
36452	36384	2	0.001325
36452	36163	2	0.001325
36452	36548	4	0.002651
36452	36453	1410	0.934394
36452	36136	24	0.015905
36452	36433	2	0.001325
36452	36308	2	0.001325
36452	36342	2	0.001325
36452	36186	18583	12.314778
36452	36285	1329	0.880716
36452	36261	6	0.003976
36453	36080	30	0.016556
36453	36201	6	0.003311
36453	36308	87	0.048013
36454	36488	1	0.035714
36454	36433	1	0.035714
36454	36548	3	0.107143
36454	36358	1	0.035714
36455	36211	1	0.013699
36455	36308	2	0.027397
36455	36087	292	4.000000
36456	36327	25	3.125000
36456	36308	24	3.000000
36456	36285	8	1.000000
36456	36486	8	1.000000
36456	36087	32	4.000000
36457	36112	2	1.000000
36457	36169	2	1.000000
36457	36486	28	14.000000
36457	36327	2	1.000000
36458	36327	52	2.888889
36458	36492	18	1.000000
36458	36308	18	1.000000
36458	36087	54	3.000000
36458	36255	18	1.000000
36458	36477	18	1.000000
36458	36159	354	19.666667
36460	36352	1	0.000532
36460	36216	2	0.001065
36460	36548	5	0.002662
36460	36486	4	0.002130
36460	36097	1	0.000532
36460	36106	7	0.003727
36460	36171	5	0.002662
36460	36269	1	0.000532
36460	36302	44	0.023429
36460	36344	3	0.001597
36460	36435	1	0.000532
36460	36179	5	0.002662
36460	36340	1	0.000532
36460	36074	1	0.000532
36460	36342	8	0.004260
36460	36449	1	0.000532
36460	36536	1162	0.618743
36460	36308	1	0.000532
36460	36223	1	0.000532
36460	36125	6	0.003195
36460	36255	1	0.000532
36461	36136	1	0.038462
36462	36112	2	1.000000
36462	36169	2	1.000000
36462	36486	28	14.000000
36462	36327	2	1.000000
36463	36320	2	0.020000
36463	36080	2	0.020000
36463	36194	2	0.020000
36463	36513	2	0.020000
36463	36358	2	0.020000
36463	36209	2	0.020000
36463	36375	2	0.020000
36463	36266	2	0.020000
36463	36151	2	0.020000
36463	36308	337	3.370000
36463	36269	2	0.020000
36463	36304	299	2.990000
36463	36433	2	0.020000
36463	36500	2	0.020000
36463	36276	2	0.020000
36463	36277	2	0.020000
36463	36087	699	6.990000
36463	36121	2	0.020000
36464	36224	6	0.012903
36464	36112	2	0.004301
36464	36355	367	0.789247
36464	36310	4	0.008602
36464	36326	4	0.008602
36464	36327	357	0.767742
36464	36104	363	0.780645
36464	36087	2	0.004301
36464	36141	3	0.006452
36464	36078	2	0.004301
36464	36429	2	0.004301
36464	36336	2	0.004301
36464	36435	2	0.004301
36464	36308	20	0.043011
36464	36173	2	0.004301
36464	36121	8	0.017204
36464	36089	360	0.774194
36464	36159	2	0.004301
36465	36104	2	0.006920
36465	36449	2	0.006920
36465	36308	7	0.024221
36465	36525	2	0.006920
36465	36087	286	0.989619
36466	36523	2	0.002604
36466	36228	2	0.002604
36466	36069	1549	2.016927
36466	36326	1	0.001302
36466	36169	2	0.002604
36466	36171	2	0.002604
36466	36140	14	0.018229
36466	36141	8	0.010417
36466	36083	1	0.001302
36466	36308	2	0.002604
36466	36342	1	0.001302
36466	36344	2	0.002604
36466	36468	2	0.002604
36468	36529	4	2.000000
36468	36083	2	1.000000
36468	36308	4	2.000000
36468	36087	6	3.000000
36470	36228	1	0.027778
36470	36109	2	0.055556
36470	36429	1	0.027778
36470	36435	1	0.027778
36470	36308	6	0.166667
36470	36087	1	0.027778
36470	36216	1	0.027778
36470	36269	1	0.027778
36470	36156	1	0.027778
36470	36190	1	0.027778
36472	36171	1	0.003175
36472	36140	1	0.003175
36472	36302	1	0.003175
36472	36083	2	0.006349
36472	36342	1	0.003175
36472	36473	1	0.003175
36472	36121	1	0.003175
36472	36211	1	0.003175
36473	36097	8	0.001363
36473	36099	1	0.000170
36473	36228	12	0.002045
36473	36486	27	0.004600
36473	36231	1	0.000170
36473	36232	2	0.000341
36473	36364	3	0.000511
36473	36109	2	0.000341
36473	36141	1	0.000170
36473	36125	10	0.001704
36473	36126	1	0.000170
36473	36389	1	0.000170
36473	36081	1	0.000170
36473	36264	1	0.000170
36473	36522	2	0.000341
36473	36267	33	0.005623
36473	36140	8	0.001363
36473	36269	6	0.001022
36473	36399	1	0.000170
36473	36104	38	0.006475
36473	36150	2	0.000341
36473	36536	20	0.003408
36473	36281	2	0.000341
36473	36411	1	0.000170
36473	36285	2	0.000341
36473	36415	4	0.000682
36473	36288	1	0.000170
36473	36164	1	0.000170
36473	36297	1	0.000170
36473	36171	6	0.001022
36473	36173	24	0.004089
36473	36302	26986	4.598058
36473	36175	2	0.000341
36473	36344	10	0.001704
36473	36435	63	0.010734
36473	36308	196	0.033396
36473	36183	1	0.000170
36473	36186	2	0.000341
36473	36188	1	0.000170
36473	36261	1	0.000170
36473	36326	1	0.000170
36473	36205	1	0.000170
36473	36335	2	0.000341
36473	36336	2	0.000341
36473	36465	1	0.000170
36473	36083	9	0.001533
36473	36468	1	0.000170
36473	36342	2	0.000341
36473	36087	1	0.000170
36473	36216	2	0.000341
36473	36089	1	0.000170
36473	36090	1	0.000170
36473	36091	5	0.000852
36473	36477	3	0.000511
36473	36429	3	0.000511
36473	36152	2	0.000341
36474	36099	27	1.000000
36474	36327	52	1.925926
36474	36308	14	0.518519
36474	36246	2	0.074074
36474	36087	108	4.000000
36474	36191	53	1.962963
36475	36485	4	0.046512
36475	36326	3	0.034884
36475	36104	2	0.023256
36475	36490	2	0.023256
36475	36267	68	0.790698
36475	36271	2	0.023256
36475	36308	10	0.116279
36476	36403	4	2.000000
36476	36522	4	2.000000
36476	36327	4	2.000000
36476	36271	2	1.000000
36476	36087	8	4.000000
36477	36522	13	0.500000
36477	36159	104	4.000000
36477	36388	8	0.307692
36477	36150	46	1.769231
36477	36087	24	0.923077
36478	36275	4	1.000000
36478	36308	4	1.000000
36478	36406	24	6.000000
36478	36087	12	3.000000
36480	36116	1	0.200000
36480	36450	1	0.200000
36480	36308	1	0.200000
36480	36326	1	0.200000
36481	36308	6	1.000000
36481	36116	44	7.333333
36482	36308	103	2.060000
36483	36419	4	0.210526
36483	36308	20	1.052632
36483	36087	8	0.421053
36485	36386	7	0.233333
36485	36068	1	0.033333
36485	36433	2	0.066667
36485	36522	5	0.166667
36485	36269	4	0.133333
36485	36174	4	0.133333
36485	36403	23	0.766667
36485	36114	1	0.033333
36485	36211	1	0.033333
36485	36309	1	0.033333
36485	36087	20	0.666667
36485	36152	1	0.033333
36485	36121	1	0.033333
36485	36476	1	0.033333
36485	36362	2	0.066667
36485	36266	1	0.033333
36486	36097	1	0.003717
36486	36171	1	0.003717
36486	36455	2	0.007435
36486	36168	2	0.007435
36486	36169	266	0.988848
36486	36327	271	1.007435
36486	36140	1	0.003717
36486	36302	1	0.003717
36486	36112	266	0.988848
36486	36344	1	0.003717
36486	36308	3	0.011152
36486	36342	1	0.003717
36486	36536	1	0.003717
36486	36364	1	0.003717
36488	36453	6	0.016667
36488	36326	9	0.025000
36488	36231	2	0.005556
36488	36136	3	0.008333
36488	36201	1	0.002778
36488	36522	7	0.019444
36488	36327	2	0.005556
36488	36304	3	0.008333
36488	36232	1	0.002778
36488	36308	102	0.283333
36488	36309	3	0.008333
36488	36150	1	0.002778
36488	36087	6	0.016667
36488	36125	1	0.002778
36489	36272	1	0.015873
36489	36485	1	0.015873
36489	36112	1	0.015873
36489	36114	2	0.031746
36489	36308	57	0.904762
36489	36150	1	0.015873
36489	36087	189	3.000000
36489	36121	1	0.015873
36490	36099	1	0.003623
36490	36326	826	2.992754
36490	36327	824	2.985507
36490	36168	1	0.003623
36490	36403	231	0.836957
36490	36308	862	3.123188
36490	36150	1	0.003623
36490	36087	1923	6.967391
36490	36537	16	0.057971
36490	36089	1	0.003623
36491	36529	4	2.000000
36491	36308	6	3.000000
36491	36087	6	3.000000
36492	36134	47	1.880000
36492	36327	25	1.000000
36492	36173	1	0.040000
36492	36349	48	1.920000
36492	36528	47	1.880000
36492	36308	26	1.040000
36492	36087	75	3.000000
36492	36255	25	1.000000
36492	36477	73	2.920000
36492	36159	390	15.600000
36493	36327	6	3.000000
36493	36228	6	3.000000
36493	36262	12	6.000000
36493	36087	14	7.000000
36494	36308	12	1.000000
36495	36336	1	0.013514
36495	36308	230	3.108108
36495	36126	1	0.013514
36495	36087	442	5.972973
36496	36375	78	1.000000
36496	36087	78	1.000000
36497	36275	3	1.000000
36497	36308	3	1.000000
36497	36406	24	8.000000
36497	36087	9	3.000000
36500	36160	2	0.002401
36500	36326	2	0.002401
36500	36112	2	0.002401
36500	36087	833	1.000000
36500	36125	3	0.003601
36500	36159	1	0.001200
36501	36451	14	1.000000
36503	36308	15	0.025641
36503	36183	12	0.020513
36511	36352	2	0.005698
36511	36216	1	0.002849
36511	36290	1	0.002849
36511	36150	1	0.002849
36511	36170	2	0.005698
36511	36269	1705	4.857550
36511	36112	351	1.000000
36511	36179	3	0.008547
36511	36435	3	0.008547
36511	36308	87	0.247863
36511	36309	1	0.002849
36511	36406	4	0.011396
36511	36536	1	0.002849
36511	36340	1	0.002849
36511	36476	1	0.002849
36511	36522	17	0.048433
36512	36327	31	2.818182
36512	36492	11	1.000000
36512	36308	11	1.000000
36512	36087	44	4.000000
36512	36255	11	1.000000
36512	36477	11	1.000000
36512	36159	189	17.181818
36513	36097	2	0.006601
36513	36485	1	0.003300
36513	36231	1	0.003300
36513	36106	1	0.003300
36513	36269	2	0.006601
36513	36112	3	0.009901
36513	36244	2	0.006601
36513	36246	1	0.003300
36513	36120	1	0.003300
36513	36125	1	0.003300
36513	36126	1	0.003300
36513	36128	1	0.003300
36513	36136	1	0.003300
36513	36522	3	0.009901
36513	36268	1	0.003300
36513	36525	1	0.003300
36513	36143	1	0.003300
36513	36403	1	0.003300
36513	36150	2	0.006601
36513	36159	1	0.003300
36513	36546	1	0.003300
36513	36548	1	0.003300
36513	36406	1	0.003300
36513	36168	1	0.003300
36513	36169	1	0.003300
36513	36173	2	0.006601
36513	36308	15	0.049505
36513	36310	3	0.009901
36513	36186	1	0.003300
36513	36191	1	0.003300
36513	36326	3	0.009901
36513	36199	1	0.003300
36513	36465	1	0.003300
36513	36083	3	0.009901
36513	36087	4	0.013201
36513	36089	2	0.006601
36513	36222	2	0.006601
36514	36156	10	0.333333
36514	36308	47	1.566667
36517	36548	8	0.007859
36517	36199	2	0.001965
36517	36364	2	0.001965
36517	36465	2	0.001965
36517	36435	2	0.001965
36517	36186	2	0.001965
36517	36285	93	0.091356
36517	36222	2	0.001965
36517	36223	2	0.001965
36518	36116	127	7.937500
36519	36308	116	2.829268
36521	36327	12	3.000000
36521	36308	17	4.250000
36521	36087	12	3.000000
36521	36159	44	11.000000
36521	36125	4	1.000000
36521	36255	4	1.000000
36522	36548	1	0.004739
36522	36406	3	0.014218
36522	36199	3	0.014218
36522	36104	2	0.009479
36522	36269	2	0.009479
36522	36302	2	0.009479
36522	36402	1	0.004739
36522	36403	12	0.056872
36522	36308	187	0.886256
36522	36342	1	0.004739
36522	36087	207	0.981043
36522	36340	6	0.028436
36522	36159	1	0.004739
36522	36476	16	0.075829
36522	36285	2	0.009479
36522	36191	1	0.004739
36523	36140	1	0.009524
36523	36171	2	0.019048
36523	36364	1	0.009524
36523	36083	1	0.009524
36523	36340	4	0.038095
36523	36342	5	0.047619
36524	36150	2	0.071429
36524	36099	28	1.000000
36524	36068	1	0.035714
36524	36406	1	0.035714
36524	36486	1	0.035714
36524	36488	1	0.035714
36524	36522	3	0.107143
36524	36302	2	0.071429
36524	36112	7	0.250000
36524	36121	1	0.035714
36524	36403	4	0.142857
36524	36308	5	0.178571
36524	36309	4	0.142857
36524	36214	1	0.035714
36524	36087	112	4.000000
36524	36340	1	0.035714
36524	36415	1	0.035714
36524	36476	2	0.071429
36524	36485	1	0.035714
36525	36352	786	1.030144
36525	36449	16	0.020970
36525	36386	1	0.001311
36525	36548	899	1.178244
36525	36327	763	1.000000
36525	36328	33	0.043250
36525	36106	781	1.023591
36525	36199	3	0.003932
36525	36269	2	0.002621
36525	36302	1	0.001311
36525	36465	844	1.106160
36525	36179	3	0.003932
36525	36308	14	0.018349
36525	36150	764	1.001311
36525	36087	4	0.005242
36525	36276	1	0.001311
36525	36219	27	0.035387
36526	36308	90	2.000000
36526	36087	135	3.000000
36528	36327	45	1.000000
36528	36492	45	1.000000
36528	36308	45	1.000000
36528	36087	135	3.000000
36528	36255	45	1.000000
36528	36477	45	1.000000
36528	36159	771	17.133333
36529	36468	4	2.000000
36529	36308	4	2.000000
36529	36087	6	3.000000
36530	36327	48	3.000000
36530	36228	48	3.000000
36530	36262	96	6.000000
36530	36087	112	7.000000
36531	36327	43	2.866667
36531	36308	3	0.200000
36531	36087	60	4.000000
36532	36228	1	0.200000
36536	36352	1	0.000577
36536	36097	1	0.000577
36536	36548	2	0.001154
36536	36486	4	0.002308
36536	36449	1	0.000577
36536	36106	2	0.001154
36536	36171	2	0.001154
36536	36269	1	0.000577
36536	36302	29	0.016734
36536	36216	2	0.001154
36536	36435	1	0.000577
36536	36179	2	0.001154
36536	36340	1	0.000577
36536	36074	1	0.000577
36536	36342	6	0.003462
36536	36344	1	0.000577
36536	36308	1	0.000577
36536	36223	1	0.000577
36536	36125	6	0.003462
36536	36255	1	0.000577
36537	36099	2	0.007194
36537	36228	6	0.021583
36537	36229	2	0.007194
36537	36490	3	0.010791
36537	36455	2	0.007194
36537	36144	2	0.007194
36537	36112	11	0.039568
36537	36208	2	0.007194
36537	36116	2	0.007194
36537	36377	2	0.007194
36537	36125	2	0.007194
36537	36126	2	0.007194
36537	36485	1	0.003597
36537	36336	10	0.035971
36537	36136	2	0.007194
36537	36522	18	0.064748
36537	36524	2	0.007194
36537	36141	2	0.007194
36537	36272	2	0.007194
36537	36403	3	0.010791
36537	36150	4	0.014388
36537	36285	16	0.057554
36537	36290	6	0.021583
36537	36548	4	0.014388
36537	36406	4	0.014388
36537	36168	1	0.003597
36537	36297	4	0.014388
36537	36302	8	0.028777
36537	36308	127	0.456835
36537	36309	5	0.017986
36537	36191	8	0.028777
36537	36368	2	0.007194
36537	36067	2	0.007194
36537	36326	16	0.057554
36537	36327	5	0.017986
36537	36348	4	0.014388
36537	36199	6	0.021583
36537	36464	2	0.007194
36537	36465	2	0.007194
36537	36083	2	0.007194
36537	36342	4	0.014388
36537	36087	293	1.053957
36537	36089	2	0.007194
36537	36090	2	0.007194
36537	36476	2	0.007194
36540	36480	1	0.000809
36540	36225	1	0.000809
36540	36098	1	0.000809
36540	36099	1	0.000809
36540	36228	1	0.000809
36540	36485	2	0.001618
36540	36358	4	0.003236
36540	36488	4	0.003236
36540	36233	2	0.001618
36540	36482	1	0.000809
36540	36494	1	0.000809
36540	36112	802	0.648867
36540	36371	1	0.000809
36540	36375	4	0.003236
36540	36121	10	0.008091
36540	36126	36	0.029126
36540	36384	1	0.000809
36540	36513	4	0.003236
36540	36386	3	0.002427
36540	36486	2	0.001618
36540	36264	1	0.000809
36540	36522	1	0.000809
36540	36269	6	0.004854
36540	36526	1	0.000809
36540	36128	1	0.000809
36540	36145	1	0.000809
36540	36146	1	0.000809
36540	36403	2	0.001618
36540	36276	5	0.004045
36540	36277	4	0.003236
36540	36406	1	0.000809
36540	36151	4	0.003236
36540	36159	1	0.000809
36540	36417	7	0.005663
36540	36163	1	0.000809
36540	36166	1	0.000809
36540	36129	1	0.000809
36540	36168	4	0.003236
36540	36170	1	0.000809
36540	36489	1	0.000809
36540	36450	2	0.001618
36540	36174	2	0.001618
36540	36432	1	0.000809
36540	36433	4	0.003236
36540	36419	1	0.000809
36540	36435	2	0.001618
36540	36308	909	0.735437
36540	36368	1	0.000809
36540	36446	1	0.000809
36540	36191	1	0.000809
36540	36320	5	0.004045
36540	36321	2	0.001618
36540	36194	4	0.003236
36540	36067	1	0.000809
36540	36377	1	0.000809
36540	36326	1453	1.175566
36540	36083	1	0.000809
36540	36483	1	0.000809
36540	36071	1	0.000809
36540	36205	1	0.000809
36540	36334	3	0.002427
36540	36080	2	0.001618
36540	36209	4	0.003236
36540	36210	1	0.000809
36540	36211	3	0.002427
36540	36531	1	0.000809
36540	36214	2	0.001618
36540	36087	2	0.001618
36540	36216	2	0.001618
36540	36218	1	0.000809
36540	36287	1	0.000809
36540	36266	2	0.001618
36540	36223	2	0.001618
36541	36156	6	0.857143
36541	36308	20	2.857143
36543	36087	4	1.000000
36544	36529	4	2.000000
36544	36308	6	3.000000
36544	36087	6	3.000000
36546	36308	1	0.166667
36546	36486	2	0.333333
36546	36143	1	0.166667
36547	36480	1	0.000679
36547	36225	1	0.000679
36547	36098	1	0.000679
36547	36099	1	0.000679
36547	36228	1	0.000679
36547	36485	2	0.001358
36547	36358	3	0.002037
36547	36488	3	0.002037
36547	36233	2	0.001358
36547	36482	1	0.000679
36547	36494	1	0.000679
36547	36112	805	0.546504
36547	36371	1	0.000679
36547	36375	3	0.002037
36547	36121	9	0.006110
36547	36126	36	0.024440
36547	36384	1	0.000679
36547	36513	3	0.002037
36547	36386	3	0.002037
36547	36486	2	0.001358
36547	36264	1	0.000679
36547	36522	1	0.000679
36547	36269	5	0.003394
36547	36526	1	0.000679
36547	36128	1	0.000679
36547	36145	1	0.000679
36547	36146	1	0.000679
36547	36403	2	0.001358
36547	36276	4	0.002716
36547	36277	3	0.002037
36547	36406	1	0.000679
36547	36151	3	0.002037
36547	36159	1	0.000679
36547	36417	7	0.004752
36547	36163	1	0.000679
36547	36166	1	0.000679
36547	36129	1	0.000679
36547	36168	4	0.002716
36547	36170	1	0.000679
36547	36489	1	0.000679
36547	36194	3	0.002037
36547	36174	2	0.001358
36547	36432	1	0.000679
36547	36433	3	0.002037
36547	36419	1	0.000679
36547	36435	2	0.001358
36547	36308	909	0.617108
36547	36368	1	0.000679
36547	36446	1	0.000679
36547	36191	1	0.000679
36547	36320	4	0.002716
36547	36321	2	0.001358
36547	36450	2	0.001358
36547	36067	1	0.000679
36547	36377	1	0.000679
36547	36326	1617	1.097760
36547	36083	1	0.000679
36547	36483	1	0.000679
36547	36071	1	0.000679
36547	36205	1	0.000679
36547	36334	3	0.002037
36547	36080	1	0.000679
36547	36209	3	0.002037
36547	36210	1	0.000679
36547	36211	3	0.002037
36547	36531	1	0.000679
36547	36214	2	0.001358
36547	36087	2	0.001358
36547	36216	2	0.001358
36547	36218	1	0.000679
36547	36287	1	0.000679
36547	36266	2	0.001358
36547	36223	2	0.001358
36548	36449	2	0.003478
36548	36199	6	0.010435
36548	36104	1	0.001739
36548	36106	3	0.005217
36548	36327	575	1.000000
36548	36525	111	0.193043
36548	36465	7	0.012174
36548	36179	1	0.001739
36548	36308	6	0.010435
36548	36150	575	1.000000
36548	36285	5	0.008696
36549	36480	1	0.000820
36549	36225	1	0.000820
36549	36098	1	0.000820
36549	36099	1	0.000820
36549	36228	1	0.000820
36549	36485	2	0.001639
36549	36358	4	0.003279
36549	36488	4	0.003279
36549	36233	2	0.001639
36549	36482	1	0.000820
36549	36494	1	0.000820
36549	36112	796	0.652459
36549	36371	1	0.000820
36549	36375	4	0.003279
36549	36121	10	0.008197
36549	36126	36	0.029508
36549	36384	1	0.000820
36549	36513	4	0.003279
36549	36386	3	0.002459
36549	36486	2	0.001639
36549	36264	1	0.000820
36549	36522	1	0.000820
36549	36269	6	0.004918
36549	36526	1	0.000820
36549	36128	1	0.000820
36549	36145	1	0.000820
36549	36146	1	0.000820
36549	36403	2	0.001639
36549	36276	5	0.004098
36549	36277	4	0.003279
36549	36406	1	0.000820
36549	36151	4	0.003279
36549	36159	1	0.000820
36549	36417	6	0.004918
36549	36163	1	0.000820
36549	36166	1	0.000820
36549	36129	1	0.000820
36549	36168	4	0.003279
36549	36170	1	0.000820
36549	36489	1	0.000820
36549	36194	4	0.003279
36549	36174	2	0.001639
36549	36432	1	0.000820
36549	36433	4	0.003279
36549	36419	1	0.000820
36549	36435	2	0.001639
36549	36308	909	0.745082
36549	36368	1	0.000820
36549	36446	1	0.000820
36549	36191	1	0.000820
36549	36320	5	0.004098
36549	36321	2	0.001639
36549	36450	2	0.001639
36549	36067	1	0.000820
36549	36377	1	0.000820
36549	36326	1463	1.199180
36549	36083	1	0.000820
36549	36483	1	0.000820
36549	36071	1	0.000820
36549	36205	1	0.000820
36549	36334	3	0.002459
36549	36080	2	0.001639
36549	36209	4	0.003279
36549	36210	1	0.000820
36549	36211	3	0.002459
36549	36531	1	0.000820
36549	36214	2	0.001639
36549	36087	2	0.001639
36549	36216	2	0.001639
36549	36218	1	0.000820
36549	36287	1	0.000820
36549	36266	2	0.001639
36549	36223	2	0.001639
36550	36480	1	0.000814
36550	36225	1	0.000814
36550	36098	1	0.000814
36550	36099	1	0.000814
36550	36228	1	0.000814
36550	36485	2	0.001629
36550	36358	4	0.003257
36550	36488	4	0.003257
36550	36233	2	0.001629
36550	36482	1	0.000814
36550	36494	1	0.000814
36550	36112	799	0.650651
36550	36371	1	0.000814
36550	36375	4	0.003257
36550	36121	10	0.008143
36550	36126	36	0.029316
36550	36384	1	0.000814
36550	36513	4	0.003257
36550	36386	3	0.002443
36550	36486	2	0.001629
36550	36264	1	0.000814
36550	36522	1	0.000814
36550	36269	6	0.004886
36550	36526	1	0.000814
36550	36128	1	0.000814
36550	36145	1	0.000814
36550	36146	1	0.000814
36550	36403	2	0.001629
36550	36276	5	0.004072
36550	36277	4	0.003257
36550	36406	1	0.000814
36550	36151	4	0.003257
36550	36159	1	0.000814
36550	36417	6	0.004886
36550	36163	1	0.000814
36550	36166	1	0.000814
36550	36129	1	0.000814
36550	36168	4	0.003257
36550	36170	1	0.000814
36550	36489	1	0.000814
36550	36194	4	0.003257
36550	36174	2	0.001629
36550	36432	1	0.000814
36550	36433	4	0.003257
36550	36419	1	0.000814
36550	36435	2	0.001629
36550	36308	909	0.740228
36550	36368	1	0.000814
36550	36446	1	0.000814
36550	36191	1	0.000814
36550	36320	5	0.004072
36550	36321	2	0.001629
36550	36450	2	0.001629
36550	36067	1	0.000814
36550	36377	1	0.000814
36550	36326	1465	1.192997
36550	36083	1	0.000814
36550	36483	1	0.000814
36550	36071	1	0.000814
36550	36205	1	0.000814
36550	36334	3	0.002443
36550	36080	2	0.001629
36550	36209	4	0.003257
36550	36210	1	0.000814
36550	36211	3	0.002443
36550	36531	1	0.000814
36550	36214	2	0.001629
36550	36087	2	0.001629
36550	36216	2	0.001629
36550	36218	1	0.000814
36550	36287	1	0.000814
36550	36266	2	0.001629
36550	36223	2	0.001629
36551	36480	1	0.000816
36551	36225	1	0.000816
36551	36098	1	0.000816
36551	36099	1	0.000816
36551	36228	1	0.000816
36551	36485	2	0.001631
36551	36358	3	0.002447
36551	36488	3	0.002447
36551	36233	2	0.001631
36551	36482	1	0.000816
36551	36494	1	0.000816
36551	36112	796	0.649266
36551	36371	1	0.000816
36551	36375	3	0.002447
36551	36121	9	0.007341
36551	36126	36	0.029364
36551	36384	1	0.000816
36551	36513	3	0.002447
36551	36386	3	0.002447
36551	36486	2	0.001631
36551	36264	1	0.000816
36551	36522	1	0.000816
36551	36269	5	0.004078
36551	36526	1	0.000816
36551	36128	1	0.000816
36551	36145	1	0.000816
36551	36146	1	0.000816
36551	36403	2	0.001631
36551	36276	4	0.003263
36551	36277	3	0.002447
36551	36406	1	0.000816
36551	36151	3	0.002447
36551	36159	1	0.000816
36551	36417	6	0.004894
36551	36163	1	0.000816
36551	36166	1	0.000816
36551	36129	1	0.000816
36551	36168	4	0.003263
36551	36170	1	0.000816
36551	36489	1	0.000816
36551	36194	3	0.002447
36551	36174	2	0.001631
36551	36432	1	0.000816
36551	36433	3	0.002447
36551	36419	1	0.000816
36551	36435	2	0.001631
36551	36308	911	0.743067
36551	36368	1	0.000816
36551	36446	1	0.000816
36551	36191	1	0.000816
36551	36320	4	0.003263
36551	36321	2	0.001631
36551	36450	2	0.001631
36551	36067	1	0.000816
36551	36377	1	0.000816
36551	36326	1457	1.188418
36551	36083	1	0.000816
36551	36483	1	0.000816
36551	36071	1	0.000816
36551	36205	1	0.000816
36551	36334	3	0.002447
36551	36080	1	0.000816
36551	36209	3	0.002447
36551	36210	1	0.000816
36551	36211	3	0.002447
36551	36531	1	0.000816
36551	36214	2	0.001631
36551	36087	2	0.001631
36551	36216	2	0.001631
36551	36218	1	0.000816
36551	36287	1	0.000816
36551	36266	2	0.001631
36551	36223	2	0.001631
