Src	Trg	LinkCount	RelLinkCount
53250	53280	4	0.002312
53250	54336	1	0.000578
53250	53154	9	0.005202
53250	53608	2	0.001156
53250	54281	3	0.001734
53250	53962	1	0.000578
53250	53645	2	0.001156
53250	53632	1	0.000578
53250	54065	1	0.000578
53250	54034	3	0.001734
53250	52981	3	0.001734
53250	54072	8	0.004624
53250	53913	3	0.001734
53250	53018	1	0.000578
53250	53856	2	0.001156
53250	54154	1	0.000578
53250	53874	1	0.000578
53250	53919	2	0.001156
53251	53280	5	0.011737
53251	53792	3	0.007042
53251	52981	2	0.004695
53252	53632	1	0.001946
53252	54144	1	0.001946
53252	54277	4	0.007782
53252	53126	3	0.005837
53252	53639	3	0.005837
53252	53897	1	0.001946
53252	53771	2	0.003891
53252	53005	6	0.011673
53252	53775	4	0.007782
53252	53148	1	0.001946
53252	54021	1	0.001946
53252	53280	5	0.009728
53252	53296	1	0.001946
53252	53155	3	0.005837
53252	54278	3	0.005837
53252	53031	4	0.007782
53252	53680	6	0.011673
53252	54072	5	0.009728
53252	53437	1	0.001946
53252	53696	1	0.001946
53252	53830	13	0.025292
53252	54217	5	0.009728
53252	53066	53	0.103113
53252	53840	2	0.003891
53252	53714	6	0.011673
53252	53610	1	0.001946
53252	53108	2	0.003891
53252	52981	2	0.003891
53252	53885	8	0.015564
53252	53374	1	0.001946
53256	53632	2	0.005571
53256	54336	1	0.002786
53256	54307	8	0.022284
53256	53124	30	0.083565
53256	53280	2	0.005571
53256	53928	2	0.005571
53256	53613	1	0.002786
53256	53398	2	0.005571
53256	53444	1	0.002786
53256	53563	2	0.005571
53256	53437	1	0.002786
53257	53487	2	0.006494
53257	53632	4	0.012987
53257	53895	2	0.006494
53257	53097	2	0.006494
53257	53582	2	0.006494
53257	53693	4	0.012987
53257	53296	2	0.006494
53257	54065	3	0.009740
53257	53874	4	0.012987
53257	53843	20	0.064935
53257	52981	34	0.110390
53257	53833	2	0.006494
53257	53280	1	0.003247
53257	53467	18	0.058442
53257	53437	11	0.035714
53259	53632	5	0.005631
53259	54144	1	0.001126
53259	54151	1	0.001126
53259	53128	1	0.001126
53259	53386	1	0.001126
53259	53908	2	0.002252
53259	53269	2	0.002252
53259	53910	47	0.052928
53259	53913	1	0.001126
53259	52890	1	0.001126
53259	53916	1	0.001126
53259	54045	1	0.001126
53259	53538	777	0.875000
53259	53539	1	0.001126
53259	53540	1	0.001126
53259	53928	1	0.001126
53259	53404	2	0.002252
53259	53290	1	0.001126
53259	53895	2	0.002252
53259	53431	1	0.001126
53259	53304	11	0.012387
53259	53566	11	0.012387
53259	54079	1	0.001126
53259	53696	1	0.001126
53259	54082	1	0.001126
53259	53572	1	0.001126
53259	53830	1	0.001126
53259	53833	2	0.002252
53259	52938	1	0.001126
53259	53843	1	0.001126
53259	53205	2	0.002252
53259	53590	1	0.001126
53259	53208	2	0.002252
53259	53467	5	0.005631
53259	53468	1	0.001126
53259	53221	1	0.001126
53259	53097	4	0.004505
53259	53610	1	0.001126
53259	53100	2	0.002252
53259	53362	2	0.002252
53259	52981	2	0.002252
53259	53112	25	0.028153
53259	53116	3	0.003378
53259	53373	2	0.002252
53259	53589	4	0.004505
53262	53280	1	0.024390
53262	54284	1	0.024390
53262	53149	1	0.024390
53262	52981	3	0.073171
53262	53913	1	0.024390
53262	53437	1	0.024390
53264	54016	12	0.005098
53264	53632	1	0.000425
53264	54019	1	0.000425
53264	53805	2	0.000850
53264	53487	1	0.000425
53264	53467	2	0.000850
53268	53843	1	1.000000
53269	53632	2	0.000839
53269	53280	1	0.000419
53269	53259	5	0.002097
53269	53347	50	0.020973
53269	54154	6	0.002517
53269	53547	2	0.000839
53269	54319	1	0.000419
53269	53843	3	0.001258
53269	53462	2	0.000839
53269	54072	2	0.000839
53269	53444	12	0.005034
53269	53018	3	0.001258
53269	53468	1	0.000419
53269	53278	2379	0.997903
53270	53280	2	0.048780
53270	53409	42	1.024390
53270	53185	1	0.024390
53270	53771	2	0.048780
53270	53840	1	0.024390
53270	52981	1	0.024390
53270	54072	3	0.073171
53270	53467	3	0.073171
53276	53347	3	0.187500
53276	54076	1	0.062500
53276	53655	1	0.062500
53278	53632	9	0.009554
53278	54144	1	0.001062
53278	54151	1	0.001062
53278	53908	22	0.023355
53278	53269	14	0.014862
53278	53910	1	0.001062
53278	53659	11	0.011677
53278	53404	18	0.019108
53278	53919	9	0.009554
53278	53538	2	0.002123
53278	53034	1	0.001062
53278	53547	21	0.022293
53278	53296	11	0.011677
53278	54065	1	0.001062
53278	53431	26	0.027601
53278	54072	8	0.008493
53278	53433	1	0.001062
53278	53693	1	0.001062
53278	53833	7	0.007431
53278	53840	1	0.001062
53278	53048	2	0.002123
53278	53843	5	0.005308
53278	53589	1	0.001062
53278	53462	18	0.019108
53278	53851	12	0.012739
53278	53856	15	0.015924
53278	53097	26	0.027601
53278	53610	1	0.001062
53278	53437	2	0.002123
53278	53489	20	0.021231
53278	53362	25	0.026539
53278	53498	26	0.027601
53278	53755	1	0.001062
53279	53437	8	0.023256
53280	53763	2	0.001527
53280	52996	1	0.000763
53280	54278	3	0.002290
53280	54151	1	0.000763
53280	53386	1	0.000763
53280	53003	1	0.000763
53280	53645	5	0.003817
53280	54158	1	0.000763
53280	53018	9	0.006870
53280	53148	1	0.000763
53280	54173	1	0.000763
53280	53538	1	0.000763
53280	53027	1	0.000763
53280	53702	1	0.000763
53280	53928	2	0.001527
53280	53418	1	0.000763
53280	54188	1	0.000763
53280	54301	1	0.000763
53280	54064	1	0.000763
53280	54072	5	0.003817
53280	53562	1	0.000763
53280	53714	1	0.000763
53280	53437	20	0.015267
53280	54337	1	0.000763
53280	53446	2	0.001527
53280	53066	1	0.000763
53280	53958	1	0.000763
53280	53816	1	0.000763
53280	53074	1	0.000763
53280	53843	947	0.722901
53280	53467	1	0.000763
53280	53596	1	0.000763
53280	54237	1	0.000763
53280	53088	1	0.000763
53280	53347	3	0.002290
53280	53222	1	0.000763
53280	53866	2	0.001527
53280	53611	1	0.000763
53280	53613	1	0.000763
53280	53873	1	0.000763
53280	53874	2	0.001527
53280	54099	1	0.000763
53280	52981	5	0.003817
53280	53883	1	0.000763
53280	53372	1	0.000763
53280	53374	2	0.001527
53280	53755	2	0.001527
53282	52953	1	0.083333
53286	53632	3	0.004367
53286	53280	2	0.002911
53286	54151	6	0.008734
53286	53224	2	0.002911
53286	53066	33	0.048035
53286	54284	3	0.004367
53286	53645	1	0.001456
53286	54169	2	0.002911
53286	53913	2	0.002911
53286	53018	3	0.004367
53286	53211	70	0.101892
53286	54154	1	0.001456
53287	54031	3	0.009434
53288	53280	2	0.002012
53288	54072	3	0.003018
53288	53407	4	0.004024
53288	53645	2	0.002012
53288	52981	2	0.002012
53290	53280	2	0.000675
53290	54337	6	0.002024
53290	53763	5	0.001686
53290	53928	4	0.001349
53290	53771	1	0.000337
53290	53645	9	0.003035
53290	53613	3	0.001012
53290	53840	2	0.000675
53290	52881	1	0.000337
53290	53632	3	0.001012
53290	53939	8	0.002698
53290	52981	7	0.002361
53290	53910	10	0.003373
53290	54072	3	0.001012
53290	53913	5	0.001686
53290	53018	1	0.000337
53290	53628	4	0.001349
53290	53437	3	0.001012
53290	53407	1	0.000337
53292	53280	1	0.002165
53292	54145	1	0.002165
53292	53763	1	0.002165
53292	53060	2	0.004329
53292	53610	2	0.004329
53292	53613	2	0.004329
53292	52941	1	0.002165
53292	53840	1	0.002165
53292	54065	1	0.002165
53292	53496	3	0.006494
53292	53775	1	0.002165
53292	53628	1	0.002165
53292	53437	3	0.006494
53296	53856	3	0.046154
53296	53269	1	0.015385
53296	53538	3	0.046154
53296	53851	1	0.015385
53296	53833	8	0.123077
53296	53547	3	0.046154
53296	53843	5	0.076923
53296	53876	1	0.015385
53296	53566	2	0.030769
53296	53462	3	0.046154
53296	53304	2	0.030769
53296	53467	2	0.030769
53296	53404	9	0.138462
53296	53278	13	0.200000
53296	53919	1	0.015385
53297	53952	5	0.125000
53297	54305	5	0.125000
53297	53636	5	0.125000
53297	54150	5	0.125000
53297	54246	5	0.125000
53297	54215	5	0.125000
53297	53641	5	0.125000
53297	53260	5	0.125000
53297	54300	5	0.125000
53297	53745	5	0.125000
53297	52979	5	0.125000
53297	53492	5	0.125000
53297	53814	5	0.125000
53297	53174	5	0.125000
53297	53240	5	0.125000
53297	52932	5	0.125000
53297	53436	5	0.125000
53297	53789	5	0.125000
53297	53241	5	0.125000
53301	53280	2	0.010363
53301	53347	2	0.010363
53301	52975	2	0.010363
53301	53296	189	0.979275
53301	54072	4	0.020725
53301	53913	7	0.036269
53301	53278	193	1.000000
53301	53919	1	0.005181
53304	53280	2	0.008163
53304	53632	1	0.004082
53304	53259	1	0.004082
53304	53347	5	0.020408
53304	53763	1	0.004082
53304	53702	40	0.163265
53304	53801	1	0.004082
53304	53547	1	0.004082
53304	53613	3	0.012245
53304	53296	1	0.004082
53304	54065	2	0.008163
53304	53843	1	0.004082
53304	52916	367	1.497959
53304	53685	23	0.093878
53304	54072	4	0.016327
53304	53913	1	0.004082
53304	53018	4	0.016327
53304	53278	1	0.004082
53304	53566	4	0.016327
53307	53928	1	0.001664
53308	53632	1	0.003155
53308	53913	1	0.003155
53308	52981	2	0.006309
53310	53632	1	0.001582
53310	53763	2	0.003165
53310	53895	15	0.023734
53310	53771	4	0.006329
53310	52876	4	0.006329
53310	52877	1	0.001582
53310	54169	1	0.001582
53310	53913	6	0.009494
53310	53018	4	0.006329
53310	53148	1	0.001582
53310	53914	1	0.001582
53310	53280	9	0.014241
53310	53156	21	0.033228
53310	53286	1	0.001582
53310	53928	2	0.003165
53310	54188	3	0.004747
53310	53553	1	0.001582
53310	53301	5	0.007911
53310	54072	4	0.006329
53310	53437	1	0.001582
53310	54337	1	0.001582
53310	53066	2	0.003165
53310	53324	1	0.001582
53310	53581	2	0.003165
53310	53645	3	0.004747
53310	53074	2	0.003165
53310	53843	2	0.003165
53310	52948	13	0.020570
53310	53720	1	0.001582
53310	53981	1	0.001582
53310	52967	3	0.004747
53310	52981	1	0.001582
53310	53368	1	0.001582
53310	53243	1	0.001582
53310	52938	1	0.001582
53314	53928	5	0.045045
53314	53296	1	0.009009
53314	53467	1	0.009009
53314	53468	1	0.009009
53314	53088	1	0.009009
53315	53632	2	0.001199
53315	53763	2	0.001199
53315	54279	2	0.001199
53315	54025	1	0.000600
53315	53913	6	0.003597
53315	53659	1	0.000600
53315	53280	3	0.001799
53315	53538	14	0.008393
53315	53928	4	0.002398
53315	54185	1	0.000600
53315	54023	1	0.000600
53315	54072	8	0.004796
53315	54076	2	0.001199
53315	53437	3	0.001799
53315	53318	1562	0.936451
53315	53447	1	0.000600
53315	53583	1	0.000600
53315	53048	1	0.000600
53315	53589	293	0.175659
53315	53208	1	0.000600
53315	53467	1	0.000600
53315	53088	2	0.001199
53315	53347	2	0.001199
53315	53874	3	0.001799
53315	54134	4	0.002398
53315	53371	2	0.001199
53315	53116	21	0.012590
53316	53928	7	0.014000
53318	53589	12	4.000000
53321	53928	6	0.002379
53321	53632	3	0.001190
53321	53763	124	0.049167
53322	53278	3	1.000000
53323	53632	1	0.017241
53323	53923	76	1.310345
53323	53702	1	0.017241
53323	54279	1	0.017241
53323	53771	1	0.017241
53323	52876	1	0.017241
53323	54065	1	0.017241
53323	53539	1	0.017241
53323	52981	1	0.017241
53323	54072	1	0.017241
53323	53913	1	0.017241
53323	54075	2	0.034483
53323	53437	1	0.017241
53324	53632	8	0.003075
53324	53639	1	0.000384
53324	53386	2	0.000769
53324	53771	1	0.000384
53324	53908	2	0.000769
53324	53910	3	0.001153
53324	54169	6	0.002306
53324	53018	1	0.000384
53324	54173	1	0.000384
53324	53280	2	0.000769
53324	53025	1	0.000384
53324	53538	2538	0.975404
53324	53928	23	0.008839
53324	53296	3	0.001153
53324	54072	84	0.032283
53324	53049	6	0.002306
53324	52938	2	0.000769
53324	54340	4	0.001537
53324	53066	1	0.000384
53324	53843	3	0.001153
53324	53467	2	0.000769
53324	53088	3	0.001153
53324	53860	1	0.000384
53324	53866	4	0.001537
53324	53613	3	0.001153
53324	53873	1	0.000384
53324	53755	6	0.002306
53324	53116	5	0.001922
53326	53632	1	0.001546
53326	53538	650	1.004637
53326	54340	2	0.003091
53326	53928	2	0.003091
53326	53468	1	0.001546
53326	53324	5	0.007728
53326	53487	1	0.001546
53326	53296	1	0.001546
53326	52914	5	0.007728
53326	52981	1	0.001546
53326	53910	5	0.007728
53326	53564	5	0.007728
53326	53112	5	0.007728
53326	53116	1	0.001546
53327	53280	1	0.002381
53327	53792	1	0.002381
53327	53352	18	0.042857
53327	54072	2	0.004762
53327	53562	1	0.002381
53327	53339	1	0.002381
53327	54014	3	0.007143
53329	53636	4	0.006380
53329	54150	4	0.006380
53329	53641	4	0.006380
53329	53260	4	0.006380
53329	54300	4	0.006380
53329	53789	4	0.006380
53329	54305	4	0.006380
53329	53928	2	0.003190
53329	53297	5	0.007974
53329	53814	5	0.007974
53329	53436	4	0.006380
53329	53952	4	0.006380
53329	52932	5	0.007974
53329	53174	4	0.006380
53329	54215	4	0.006380
53329	53468	1	0.001595
53329	53349	4	0.006380
53329	54246	4	0.006380
53329	52972	1	0.001595
53329	53745	4	0.006380
53329	52979	4	0.006380
53329	53492	4	0.006380
53329	53240	4	0.006380
53329	53241	5	0.007974
53330	54266	71	4.176471
53333	54083	102	3.187500
53333	53214	5558	173.687500
53334	53280	21	0.047619
53334	53701	2	0.004535
53334	53702	4	0.009070
53334	54151	1	0.002268
53334	53628	1	0.002268
53334	53840	3	0.006803
53334	52981	3	0.006803
53334	53433	2	0.004535
53334	53913	339	0.768707
53334	53402	679	1.539683
53334	52956	2	0.004535
53335	53954	1	0.062500
53336	53632	6	0.021583
53336	54278	1	0.003597
53336	53094	1	0.003597
53336	54225	1	0.003597
53336	54093	1	0.003597
53336	53519	1	0.003597
53336	53680	4	0.014388
53336	52945	1	0.003597
53336	53428	1	0.003597
53336	54271	1	0.003597
53336	53018	1	0.003597
53336	53467	1	0.003597
53336	54047	1	0.003597
53337	53792	1	0.002203
53337	53702	1	0.002203
53337	53065	1	0.002203
53337	53940	1	0.002203
53337	53913	10	0.022026
53337	53563	1	0.002203
53339	54144	3	0.001708
53339	53632	3	0.001708
53339	53763	1	0.000569
53339	53124	6	0.003417
53339	53895	4	0.002278
53339	53129	1066	0.607062
53339	53386	12	0.006834
53339	53647	1	0.000569
53339	53137	411	0.234055
53339	53908	2	0.001139
53339	53910	7	0.003986
53339	53913	1	0.000569
53339	53406	7	0.003986
53339	53280	1	0.000569
53339	53803	1	0.000569
53339	53538	616	0.350797
53339	53539	2	0.001139
53339	54181	1	0.000569
53339	53928	2	0.001139
53339	54151	5	0.002847
53339	52914	1	0.000569
53339	54281	4	0.002278
53339	54072	2	0.001139
53339	53562	3	0.001708
53339	54307	1	0.000569
53339	53572	11	0.006264
53339	52938	1	0.000569
53339	53431	4	0.002278
53339	53840	1	0.000569
53339	53843	1226	0.698178
53339	53589	2	0.001139
53339	54340	1	0.000569
53339	53719	6	0.003417
53339	53208	1	0.000569
53339	53467	2	0.001139
53339	53468	1	0.000569
53339	53610	14	0.007973
53339	52977	1	0.000569
53339	53112	1	0.000569
53339	53116	1	0.000569
53339	53373	2	0.001139
53339	54014	351	0.199886
53341	53632	3	0.013699
53341	53782	3	0.013699
53342	53280	16	0.035011
53342	52929	2	0.004376
53342	53278	5	0.010941
53342	54250	15	0.032823
53342	53645	1	0.002188
53342	53296	1	0.002188
53342	54065	1	0.002188
53342	53362	22	0.048140
53342	53843	1	0.002188
53342	53269	6	0.013129
53342	54072	1	0.002188
53342	54237	1	0.002188
53342	53374	1	0.002188
53342	53301	1	0.002188
53343	53632	2	0.012270
53345	53280	2	0.005935
53345	54016	1	0.002967
53345	53538	293	0.869436
53345	53755	2	0.005935
53345	53381	3	0.008902
53345	54151	4	0.011869
53345	53928	1	0.002967
53345	53025	1	0.002967
53345	53610	3	0.008902
53345	53455	825	2.448071
53345	52914	568	1.685460
53345	53843	295	0.875371
53345	54004	314	0.931751
53345	52981	3	0.008902
53345	54134	4	0.011869
53345	53048	1	0.002967
53345	53487	910	2.700297
53345	53437	5	0.014837
53345	53407	1	0.002967
53346	53280	32	0.010175
53346	53632	5	0.001590
53346	54083	21	0.006677
53346	53444	5	0.001590
53346	53830	5	0.001590
53346	54278	15	0.004769
53346	54151	5	0.001590
53346	54093	2561	0.814308
53346	53840	5	0.001590
53346	53047	1	0.000318
53346	53913	5	0.001590
53346	53018	20	0.006359
53346	53497	1	0.000318
53346	53437	5	0.001590
53347	53632	9	0.002016
53347	53022	2	0.000448
53347	54297	3	0.000672
53347	53894	5	0.001120
53347	54279	9	0.002016
53347	53913	16	0.003583
53347	53257	5	0.001120
53347	53082	3	0.000672
53347	53645	6	0.001344
53347	53048	2	0.000448
53347	54036	1	0.000224
53347	53269	1	0.000224
53347	53910	3	0.000672
53347	52953	3	0.000672
53347	53060	3	0.000672
53347	53018	3	0.000672
53347	53787	1	0.000224
53347	54301	47	0.010526
53347	53278	4	0.000896
53347	53280	25	0.005599
53347	53705	3	0.000672
53347	53467	4	0.000896
53347	54191	3	0.000672
53347	53304	3	0.000672
53347	53290	3	0.000672
53347	54268	2	0.000448
53347	53834	4	0.000896
53347	54064	2	0.000448
53347	54174	3	0.000672
53347	53559	17	0.003807
53347	54072	36	0.008063
53347	53437	23	0.005151
53347	53440	2	0.000448
53347	53792	3	0.000672
53347	54083	8	0.001792
53347	53444	1	0.000224
53347	53702	6	0.001344
53347	53065	27	0.006047
53347	53962	3	0.000672
53347	52939	3	0.000672
53347	53581	2	0.000448
53347	53326	3	0.000672
53347	54093	3	0.000672
53347	53840	3	0.000672
53347	53816	12	0.002688
53347	53843	30	0.006719
53347	53204	1	0.000224
53347	53847	3	0.000672
53347	53337	4	0.000896
53347	53210	1	0.000224
53347	53339	2	0.000448
53347	54237	1	0.000224
53347	53102	2	0.000448
53347	53222	2	0.000448
53347	53608	17	0.003807
53347	54249	2	0.000448
53347	53611	3	0.000672
53347	53740	2	0.000448
53347	53741	2	0.000448
53347	53486	3	0.000672
53347	52975	19	0.004255
53347	53104	3	0.000672
53347	53873	2	0.000448
53347	52981	28	0.006271
53347	53878	6	0.001344
53347	54278	2	0.000448
53347	53755	2	0.000448
53347	53116	7	0.001568
53347	53373	3	0.000672
53347	53154	3	0.000672
53348	53280	9	0.010033
53348	53840	1	0.001115
53348	53456	2	0.002230
53348	53433	2	0.002230
53348	54074	3460	3.857302
53348	53018	160	0.178372
53349	53952	83	0.932584
53349	54305	83	0.932584
53349	53636	83	0.932584
53349	54150	83	0.932584
53349	54246	83	0.932584
53349	53745	83	0.932584
53349	53641	83	0.932584
53349	53066	2	0.022472
53349	54215	83	0.932584
53349	53260	83	0.932584
53349	54300	83	0.932584
53349	53297	83	0.932584
53349	52979	83	0.932584
53349	53492	83	0.932584
53349	53814	83	0.932584
53349	53174	83	0.932584
53349	53240	83	0.932584
53349	52932	83	0.932584
53349	53436	83	0.932584
53349	53789	83	0.932584
53349	53241	83	0.932584
53350	54162	3	0.051724
53350	53181	1	0.017241
53350	53518	4	0.068966
53352	53280	2	0.004545
53352	53792	1	0.002273
53352	53327	163	0.370455
53352	54072	2	0.004545
53352	53562	1	0.002273
53352	53339	3	0.006818
53352	54014	3	0.006818
53357	53446	1	0.019608
53362	53280	1	0.000758
53362	53025	2	0.001515
53362	53538	3	0.002273
53362	53606	1	0.000758
53362	53928	11	0.008333
53362	54249	2	0.001515
53362	54154	1	0.000758
53362	53771	1	0.000758
53362	53342	2	0.001515
53362	53296	1	0.000758
53362	53632	3	0.002273
53362	53843	3	0.002273
53362	52981	1	0.000758
53362	54134	1	0.000758
53362	54072	10	0.007576
53362	53851	1	0.000758
53362	53386	3	0.002273
53362	53278	1364	1.033333
53363	53280	3	0.012245
53363	53913	8	0.032653
53363	54336	1	0.004082
53363	54295	14	0.057143
53366	53913	1	0.005464
53366	54151	1	0.005464
53368	53280	8	0.041451
53368	54337	1	0.005181
53368	53763	1	0.005181
53368	53613	1	0.005181
53368	52877	1	0.005181
53368	53840	1	0.005181
53368	54289	2	0.010363
53368	53843	1	0.005181
53368	53908	2	0.010363
53368	52981	9	0.046632
53368	54072	6	0.031088
53368	53628	1	0.005181
53368	53278	2	0.010363
53368	53919	4	0.020725
53369	53632	4	0.014235
53369	53280	1	0.003559
53369	54338	1	0.003559
53369	53539	277	0.985765
53369	53702	1	0.003559
53369	53874	1	0.003559
53369	52881	1	0.003559
53369	54034	2	0.007117
53369	53843	279	0.992883
53369	52981	4	0.014235
53369	53910	2	0.007117
53369	54072	2	0.007117
53369	53370	284	1.010676
53369	53116	2	0.007117
53369	53597	1	0.003559
53369	53374	3	0.010676
53370	54034	13	0.095588
53370	53843	2	0.014706
53370	52981	1	0.007353
53370	53369	15	0.110294
53370	53148	1	0.007353
53370	53374	11	0.080882
53371	53895	2	0.001818
53371	53128	1	0.000909
53371	54025	2	0.001818
53371	53910	4	0.003636
53371	53656	1	0.000909
53371	53913	1	0.000909
53371	52890	1	0.000909
53371	53538	148	0.134545
53371	53467	4	0.003636
53371	53928	47	0.042727
53371	53296	2	0.001818
53371	52914	2	0.001818
53371	53558	1	0.000909
53371	53433	1	0.000909
53371	53962	2	0.001818
53371	53447	1	0.000909
53371	53706	2	0.001818
53371	54093	2	0.001818
53371	53455	1	0.000909
53371	53112	1	0.000909
53371	53589	3	0.002727
53371	53208	2	0.001818
53371	53339	4	0.003636
53371	53088	1	0.000909
53371	52965	3	0.002727
53371	53098	1	0.000909
53371	53613	1	0.000909
53371	53624	1	0.000909
53371	53373	3	0.002727
53372	53280	1	0.001855
53372	53913	1	0.001855
53372	53018	4	0.007421
53373	53632	8	0.002352
53373	53803	29	0.008524
53373	54151	2	0.000588
53373	53386	2	0.000588
53373	53645	2	0.000588
53373	54158	1	0.000294
53373	53741	1	0.000294
53373	54173	1	0.000294
53373	53280	2	0.000588
53373	53025	1	0.000294
53373	53538	10	0.002939
53373	53296	2	0.000588
53373	53928	18	0.005291
53373	54185	1	0.000294
53373	53034	1	0.000294
53373	53895	1	0.000294
53373	54320	2	0.000588
53373	53681	1	0.000294
53373	52914	1	0.000294
53373	53431	2	0.000588
53373	53048	1	0.000294
53373	54336	2	0.000588
53373	54340	1	0.000294
53373	53958	1	0.000294
53373	52938	13	0.003821
53373	54072	7	0.002058
53373	53843	1	0.000294
53373	53468	2	0.000588
53373	53589	3	0.000882
53373	53467	3	0.000882
53373	53212	4	0.001176
53373	54065	1	0.000294
53373	53984	1	0.000294
53373	53610	2	0.000588
53373	53613	3	0.000882
53373	53362	1	0.000294
53373	52981	1	0.000294
53373	54134	15	0.004409
53373	53498	1	0.000294
53373	53116	18	0.005291
53374	54072	1	0.250000
53374	53370	6	1.500000
53374	53407	1	0.250000
53374	53702	1	0.250000
53374	53919	1	0.250000
53378	53913	1	0.083333
53379	53763	3	0.000871
53379	53895	2	0.000580
53379	53386	8	0.002322
53379	53003	1	0.000290
53379	53908	4	0.001161
53379	53910	2	0.000580
53379	54296	1	0.000290
53379	53658	1	0.000290
53379	53791	1	0.000290
53379	53538	2749	0.797737
53379	53803	3	0.000871
53379	53296	2	0.000580
53379	54340	1	0.000290
53379	53706	2	0.000580
53379	53324	2	0.000580
53379	53719	2	0.000580
53379	53467	2	0.000580
53379	53468	2	0.000580
53379	53639	1	0.000290
53379	52965	240	0.069646
53379	53100	2	0.000580
53379	53487	1	0.000290
53379	53112	1	0.000290
53379	53373	2	0.000580
53380	54072	1	0.001151
53380	53840	1	0.001151
53380	53154	2	0.002301
53380	53347	3	0.003452
53380	52981	1	0.001151
53381	53632	4	0.045455
53381	53883	3	0.034091
53381	54151	5	0.056818
53381	53610	11	0.125000
53381	54072	3	0.034091
53381	52981	48	0.545455
53381	53913	1	0.011364
53381	53048	3	0.034091
53381	54073	1	0.011364
53381	53755	3	0.034091
53381	53437	20	0.227273
53382	53928	2	0.010870
53384	53928	6	0.019108
53384	53066	75	0.238854
53385	53963	3	0.120000
53386	53632	7	0.046667
53386	53280	3	0.020000
53386	53883	2	0.013333
53386	53025	1	0.006667
53386	53928	1	0.006667
53386	53539	2	0.013333
53386	52938	1	0.006667
53386	53549	4	0.026667
53386	53645	2	0.013333
53386	54065	1	0.006667
53386	53843	35	0.233333
53386	52981	5	0.033333
53386	54072	12	0.080000
53386	53913	2	0.013333
53386	53018	2	0.013333
53386	53755	1	0.006667
53386	53407	2	0.013333
53388	54072	1	0.166667
53388	53755	6	1.000000
53388	52981	1	0.166667
53389	53148	7	0.700000
53390	53896	15	0.047022
53391	53632	623	0.897695
53391	54336	1	0.001441
53391	53538	3	0.004323
53391	54289	1	0.001441
53391	53702	1	0.001441
53391	53280	1	0.001441
53391	54281	1	0.001441
53391	52909	1	0.001441
53391	53489	4	0.005764
53391	53908	1	0.001441
53391	53910	1	0.001441
53391	53545	1	0.001441
53391	53668	1	0.001441
53391	53116	5	0.007205
53391	53437	1	0.001441
53393	53280	8	0.024024
53393	53632	2	0.006006
53393	54151	3	0.009009
53393	53610	3	0.009009
53393	53931	3	0.009009
53393	53242	6	0.018018
53393	52981	3	0.009009
53393	54072	3	0.009009
53393	53913	3	0.009009
53393	52890	3	0.009009
53393	53437	3	0.009009
53393	53706	3	0.009009
53394	53437	8	0.800000
53397	53962	2	0.007634
53398	54307	1	0.052632
53398	53124	1	0.052632
53398	54151	1	0.052632
53400	54269	3	1.000000
53402	53280	96	1.010526
53402	54337	1	0.010526
53402	53610	1	0.010526
53402	54319	2	0.021053
53402	53840	1	0.010526
53402	52981	1	0.010526
53402	53386	3	0.031579
53402	54072	1	0.010526
53402	53913	1	0.010526
53402	53437	1	0.010526
53404	53833	4	0.004640
53404	53771	1	0.001160
53404	53296	12	0.013921
53404	53843	1	0.001160
53404	52915	6	0.006961
53404	53431	1	0.001160
53404	53437	1	0.001160
53404	53278	826	0.958237
53405	53632	1	0.008000
53405	54151	2	0.016000
53405	53928	1	0.008000
53405	53610	2	0.016000
53405	53048	1	0.008000
53405	53467	1	0.008000
53406	53444	6	0.005155
53406	54284	2	0.001718
53406	53005	74	0.063574
53406	53913	5	0.004296
53406	53018	1	0.000859
53406	53280	24	0.020619
53406	53467	1	0.000859
53406	54065	10	0.008591
53406	53940	480	0.412371
53406	54072	13	0.011168
53406	53693	1	0.000859
53406	52981	19	0.016323
53406	53792	6	0.005155
53406	53572	1	0.000859
53406	53840	6	0.005155
53406	53337	1	0.000859
53406	53339	1	0.000859
53406	53468	1	0.000859
53406	53347	3	0.002577
53406	53613	1	0.000859
53406	52975	1	0.000859
53406	53749	12	0.010309
53407	53632	7	0.028226
53407	53763	1	0.004032
53407	54279	2	0.008065
53407	54281	5	0.020161
53407	53386	4	0.016129
53407	53771	2	0.008065
53407	53018	1	0.004032
53407	53154	1	0.004032
53407	53928	1	0.004032
53407	54064	1	0.004032
53407	54072	3	0.012097
53407	53437	1	0.004032
53407	54083	1	0.004032
53407	53702	2	0.008065
53407	53003	1	0.004032
53407	52938	3	0.012097
53407	53843	4	0.016129
53407	53467	1	0.004032
53407	53610	1	0.004032
53407	53613	3	0.012097
53407	53873	1	0.004032
53407	52981	10	0.040323
53407	53883	1	0.004032
53409	54072	2	0.050000
53409	53632	1	0.025000
53409	53592	2	0.050000
53409	53270	7	0.175000
53412	53280	10	0.022989
53412	54337	2	0.004598
53412	53763	3	0.006897
53412	53222	5	0.011494
53412	53148	2	0.004598
53412	54060	1	0.002299
53412	53645	3	0.006897
53412	53389	2	0.004598
53412	52881	2	0.004598
53412	52981	2	0.004598
53412	54072	7	0.016092
53412	53913	2	0.004598
53412	53018	21	0.048276
53412	53979	1	0.002299
53412	53628	1	0.002299
53412	53407	1	0.002299
53413	53928	2	0.166667
53415	53928	12	0.028708
53418	54337	1	0.012500
53418	53386	1	0.012500
53418	53645	1	0.012500
53418	53407	1	0.012500
53420	54083	3	0.002994
53420	53348	3	0.002994
53420	53797	3	0.002994
53420	53515	3	0.002994
53420	54284	3	0.002994
53420	53456	3	0.002994
53420	53334	3	0.002994
53420	54071	3	0.002994
53420	53913	11	0.010978
53420	53246	3	0.002994
53424	54337	1	0.029412
53425	53280	1189	2.015254
53425	53632	1	0.001695
53425	53347	7	0.011864
53425	53060	1	0.001695
53425	53797	91368	154.861017
53425	53792	1	0.001695
53425	54083	1	0.001695
53425	53771	1	0.001695
53425	54041	1	0.001695
53425	53645	1	0.001695
53425	52975	1	0.001695
53425	53456	1	0.001695
53425	53843	1	0.001695
53425	53763	2	0.003390
53425	52981	1	0.001695
53425	53913	2	0.003390
53425	53433	1	0.001695
53425	54074	5	0.008475
53425	53693	1	0.001695
53425	53246	2	0.003390
53425	53407	5	0.008475
53428	53792	5	0.006002
53428	53280	4	0.004802
53428	53347	5	0.006002
53428	54278	28	0.033613
53428	53928	3	0.003601
53428	53539	1	0.001200
53428	53707	8	0.009604
53428	54083	24	0.028812
53428	53018	23	0.027611
53428	53437	1	0.001200
53429	53856	99	0.243243
53429	53280	2	0.004914
53429	53347	14	0.034398
53429	53381	4	0.009828
53429	54151	8	0.019656
53429	53065	5	0.012285
53429	53610	4	0.009828
53429	54322	58	0.142506
53429	53539	2	0.004914
53429	52981	1	0.002457
53429	53278	4	0.009828
53429	53919	1	0.002457
53431	53632	2	0.001159
53431	53386	1	0.000580
53431	53913	1	0.000580
53431	53018	1	0.000580
53431	53148	1	0.000580
53431	53278	136	0.078841
53431	53407	1	0.000580
53431	53538	9	0.005217
53431	53928	3	0.001739
53431	53034	1	0.000580
53431	53547	2	0.001159
53431	53296	2	0.001159
53431	52914	1	0.000580
53431	54072	4	0.002319
53431	53702	1	0.000580
53431	53324	2	0.001159
53431	53455	2	0.001159
53431	53843	1	0.000580
53431	53589	1	0.000580
53431	53462	1	0.000580
53431	53719	2	0.001159
53431	53467	1	0.000580
53431	53347	1	0.000580
53431	53613	1	0.000580
53431	52981	2	0.001159
53431	53755	1	0.000580
53433	53632	2	0.001682
53433	53280	1	0.000841
53433	53538	847	0.712363
53433	53763	1	0.000841
53433	53895	1	0.000841
53433	53097	1	0.000841
53433	53098	1	0.000841
53433	54162	1	0.000841
53433	54082	2	0.001682
53433	53518	1	0.000841
53433	54093	1	0.000841
53433	53456	1	0.000841
53433	53553	1	0.000841
53433	52914	1	0.000841
53433	53468	1	0.000841
53433	53621	1	0.000841
53433	54041	2	0.001682
53433	53467	1	0.000841
53433	53116	3	0.002523
53433	53246	1	0.000841
53433	53088	1	0.000841
53435	53280	1	0.000952
53435	53154	1	0.000952
53435	53347	2	0.001905
53435	53928	1	0.000952
53435	53581	1	0.000952
53435	53840	4	0.003810
53435	52981	3	0.002857
53435	53913	3	0.002857
53435	53658	913	0.869524
53435	53018	1	0.000952
53435	53278	2	0.001905
53435	53919	4	0.003810
53436	53952	2	0.333333
53436	54305	2	0.333333
53436	53636	2	0.333333
53436	54150	2	0.333333
53436	54246	4	0.666667
53436	53745	2	0.333333
53436	53641	2	0.333333
53436	54215	2	0.333333
53436	53260	2	0.333333
53436	53297	2	0.333333
53436	52979	2	0.333333
53436	53492	2	0.333333
53436	53814	2	0.333333
53436	53174	2	0.333333
53436	53240	2	0.333333
53436	52932	2	0.333333
53436	54300	2	0.333333
53436	53789	2	0.333333
53436	53241	2	0.333333
53437	53381	28	0.002153
53437	54278	1	0.000077
53437	54151	25777	1.981627
53437	53005	1	0.000077
53437	53048	14	0.001076
53437	53522	1	0.000077
53437	53870	1	0.000077
53437	53402	1	0.000077
53437	53916	1	0.000077
53437	54045	1	0.000077
53437	53658	1	0.000077
53437	54021	1	0.000077
53437	53202	1	0.000077
53437	54320	1	0.000077
53437	53155	1	0.000077
53437	53540	1	0.000077
53437	53893	1	0.000077
53437	53914	1	0.000077
53437	53031	1	0.000077
53437	53288	1	0.000077
53437	53418	1	0.000077
53437	53805	1	0.000077
53437	53680	1	0.000077
53437	53171	1	0.000077
53437	52920	1	0.000077
53437	54074	1	0.000077
53437	53310	1	0.000077
53437	53696	1	0.000077
53437	53186	1	0.000077
53437	53958	1	0.000077
53437	54217	1	0.000077
53437	53066	1	0.000077
53437	53323	1	0.000077
53437	53830	1	0.000077
53437	54221	1	0.000077
53437	53710	1	0.000077
53437	53843	6	0.000461
53437	53200	1	0.000077
53437	53368	1	0.000077
53437	53714	1	0.000077
53437	54051	1	0.000077
53437	53670	1	0.000077
53437	53412	1	0.000077
53437	53082	1	0.000077
53437	54308	1	0.000077
53437	53168	1	0.000077
53437	53477	1	0.000077
53437	53609	1	0.000077
53437	53610	8738	0.671740
53437	53101	1	0.000077
53437	54126	1	0.000077
53437	53290	1	0.000077
53437	53108	1	0.000077
53437	52981	3	0.000231
53437	54006	1	0.000077
53437	53496	1	0.000077
53437	53742	1	0.000077
53437	53242	1	0.000077
53437	53883	2	0.000154
53437	54250	1	0.000077
53437	53886	1	0.000077
53439	53632	2	0.006826
53439	53539	1	0.003413
53439	52996	1	0.003413
53439	53862	1	0.003413
53439	53702	1	0.003413
53439	54151	1769	6.037543
53439	53928	1	0.003413
53439	54281	1	0.003413
53439	53610	1768	6.034130
53439	53771	2	0.006826
53439	53613	1	0.003413
53439	53894	1	0.003413
53439	53437	1	0.003413
53439	53816	2	0.006826
53439	53843	3	0.010239
53439	53048	293	1.000000
53439	54073	1	0.003413
53439	53755	293	1.000000
53439	52938	1	0.003413
53440	53250	1	0.001876
53440	53380	1	0.001876
53440	53654	1	0.001876
53440	53257	1	0.001876
53440	53131	3	0.005629
53440	53772	1	0.001876
53440	53014	1	0.001876
53440	53913	1	0.001876
53440	53018	1	0.001876
53440	54301	1	0.001876
53440	53919	1	0.001876
53440	53280	2	0.003752
53440	53794	1	0.001876
53440	54072	3	0.005629
53440	53693	1	0.001876
53440	53702	3	0.005629
53440	53840	2	0.003752
53440	53203	3	0.005629
53440	53347	7	0.013133
53440	53225	1	0.001876
53440	53843	1	0.001876
53440	52981	2	0.003752
53440	53366	1	0.001876
53440	53628	2	0.003752
53440	53501	1	0.001876
53444	53632	1	0.035714
53444	53928	1	0.035714
53444	53843	1	0.035714
53444	52981	1	0.035714
53444	54072	28	1.000000
53444	54301	3	0.107143
53446	53280	4	0.019512
53446	53185	1	0.004878
53446	53591	1	0.004878
53446	53539	204	0.995122
53446	53639	1	0.004878
53446	53706	1	0.004878
53446	53579	1	0.004878
53446	53455	3	0.014634
53446	53874	1	0.004878
53446	53843	410	2.000000
53446	52981	3	0.014634
53446	52931	1	0.004878
53446	53719	2	0.009756
53446	53771	2	0.009756
53446	52975	2	0.009756
53446	53564	1	0.004878
53446	53437	4	0.019512
53446	53759	1	0.004878
53447	53632	2	0.001054
53447	53122	1	0.000527
53447	52996	15	0.007907
53447	54277	2	0.001054
53447	53128	1	0.000527
53447	54025	4	0.002109
53447	53386	5	0.002636
53447	53645	1	0.000527
53447	54290	1	0.000527
53447	53910	1	0.000527
53447	53913	1	0.000527
53447	52893	1	0.000527
53447	53025	5	0.002636
53447	53538	6	0.003163
53447	53928	10	0.005271
53447	53804	1	0.000527
53447	53296	1	0.000527
53447	53048	10	0.005271
53447	53433	1	0.000527
53447	53696	1	0.000527
53447	53315	1	0.000527
53447	53572	1	0.000527
53447	53318	2001	1.054823
53447	54093	1	0.000527
53447	53582	1	0.000527
53447	53583	1	0.000527
53447	53840	7	0.003690
53447	54072	21	0.011070
53447	53843	9	0.004744
53447	53589	1242	0.654718
53447	53079	3	0.001581
53447	53208	3	0.001581
53447	53088	7	0.003690
53447	53347	22	0.011597
53447	52965	7	0.003690
53447	53097	1	0.000527
53447	53613	1	0.000527
53447	53874	3	0.001581
53447	53371	1	0.000527
53447	52981	14	0.007380
53447	54134	58	0.030575
53447	53755	3	0.001581
53447	53116	12	0.006326
53449	53185	19	0.004743
53449	53186	2	0.000499
53449	53895	19	0.004743
53449	53928	2	0.000499
53449	53364	289	0.072142
53449	53270	19	0.004743
53449	53463	19	0.004743
53449	53620	19	0.004743
53449	52923	38	0.009486
53450	53088	1	0.003021
53450	53928	1	0.003021
53452	53771	8	0.004725
53452	54281	1	0.000591
53452	53034	3392	2.003544
53452	53843	5	0.002953
53452	53100	1	0.000591
53453	53866	1	0.010309
53453	54340	1	0.010309
53455	54016	19	0.007661
53455	54274	1	0.000403
53455	54019	1	0.000403
53455	53606	1	0.000403
53455	54295	1	0.000403
53455	53518	2	0.000806
53455	54169	2	0.000806
53455	53913	6	0.002419
53455	52975	1	0.000403
53455	54326	1	0.000403
53455	53919	2	0.000806
53455	53280	44	0.017742
53455	53538	2446	0.986290
53455	53539	100	0.040323
53455	53509	1	0.000403
53455	53928	1	0.000403
53455	53034	55	0.022177
53455	53803	1	0.000403
53455	53805	16	0.006452
53455	52914	2430	0.979839
53455	52915	7	0.002823
53455	53558	1	0.000403
53455	54072	2	0.000806
53455	53437	2	0.000806
53455	53920	1	0.000403
53455	53954	1	0.000403
53455	52931	1	0.000403
53455	54134	1	0.000403
53455	53446	50	0.020161
53455	53962	1	0.000403
53455	54093	2	0.000806
53455	53582	1	0.000403
53455	53586	2	0.000806
53455	53843	7	0.002823
53455	53079	1	0.000403
53455	53592	1	0.000403
53455	53339	1	0.000403
53455	54237	2	0.000806
53455	53984	1	0.000403
53455	53345	9544	3.848387
53455	52962	1	0.000403
53455	52965	1	0.000403
53455	53222	1	0.000403
53455	54250	1	0.000403
53455	53487	2560	1.032258
53455	53362	3	0.001210
53455	54004	16901	6.814919
53455	53109	1	0.000403
53455	53878	3	0.001210
53455	53371	1	0.000403
53455	53116	6	0.002419
53456	53347	2	0.001378
53456	53098	4	0.002757
53456	53771	1	0.000689
53456	54065	1	0.000689
53456	53843	2	0.001378
53456	54072	5	0.003446
53456	53913	7	0.004824
53456	54074	3	0.002068
53456	53407	2	0.001378
53460	53280	3	0.024793
53460	53155	7	0.057851
53460	53573	1	0.008264
53460	54023	1	0.008264
53460	53128	1	0.008264
53460	53390	1	0.008264
53460	53551	1	0.008264
53460	53928	1	0.008264
53460	54290	7	0.057851
53460	53843	1	0.008264
53460	53589	1	0.008264
53460	53079	1	0.008264
53460	53848	1	0.008264
53460	53372	1	0.008264
53460	52981	1	0.008264
53462	53632	1	0.002488
53462	54340	1	0.002488
53462	53702	2	0.004975
53462	53097	1	0.002488
53462	53324	1	0.002488
53462	52914	1	0.002488
53462	53296	7	0.017413
53462	53489	1	0.002488
53462	53362	1	0.002488
53462	53843	2	0.004975
53462	53908	1	0.002488
53462	53431	1	0.002488
53462	54072	5	0.012438
53462	53498	1	0.002488
53462	53659	2	0.004975
53462	53468	1	0.002488
53462	52890	1	0.002488
53462	53278	838	2.084577
53462	54271	1	0.002488
53463	53185	19	0.004737
53463	53186	2	0.000499
53463	53895	19	0.004737
53463	53928	2	0.000499
53463	53449	19	0.004737
53463	53364	289	0.072052
53463	53270	19	0.004737
53463	53620	19	0.004737
53463	52923	38	0.009474
53465	53632	2	0.057143
53465	54242	8	0.228571
53465	53379	1	0.028571
53466	53280	6	0.005329
53466	53632	2	0.001776
53466	53154	2	0.001776
53466	53347	2	0.001776
53466	53610	1	0.000888
53466	54279	1	0.000888
53466	53928	1	0.000888
53466	53066	1	0.000888
53466	53613	1	0.000888
53466	54154	2	0.001776
53466	53645	1	0.000888
53466	53840	3	0.002664
53466	53843	1	0.000888
53466	53203	2	0.001776
53466	52981	3	0.002664
53466	53913	3	0.002664
53466	53018	2	0.001776
53466	53437	1	0.000888
53467	53632	1	0.000111
53467	53509	1	0.000111
53467	53895	2	0.000222
53467	53645	2	0.000222
53467	53913	2	0.000222
53467	53407	1	0.000111
53467	53280	4	0.000443
53467	53538	1	0.000111
53467	53702	1	0.000111
53467	53928	8	0.000886
53467	53596	1	0.000111
53467	53034	2711	0.300321
53467	53296	1	0.000111
53467	52915	12	0.001329
53467	54072	7	0.000775
53467	53437	10	0.001108
53467	54079	1	0.000111
53467	53706	1	0.000111
53467	53185	1	0.000111
53467	54083	15	0.001662
53467	53572	3	0.000332
53467	53190	49	0.005428
53467	52938	2	0.000222
53467	53068	3	0.000332
53467	54093	6	0.000665
53467	53389	9	0.000997
53467	53843	2	0.000222
53467	53719	2	0.000222
53467	53337	1	0.000111
53467	53468	2	0.000222
53467	53214	1	0.000111
53467	53610	1	0.000111
53467	53100	2	0.000222
53467	53613	4	0.000443
53467	53112	1	0.000111
53467	53883	3	0.000332
53468	53088	1	0.000536
53468	53280	1	0.000536
53468	53538	77	0.041265
53468	54083	1	0.000536
53468	53347	1	0.000536
53468	53765	1	0.000536
53468	54151	2	0.001072
53468	54281	2	0.001072
53468	53610	1	0.000536
53468	53771	2	0.001072
53468	53680	4	0.002144
53468	52945	21	0.011254
53468	53755	2	0.001072
53468	53843	9	0.004823
53468	52981	1	0.000536
53468	54198	306	0.163987
53468	54072	36	0.019293
53468	53467	4	0.002144
53468	53025	1	0.000536
53468	53589	2	0.001072
53469	52929	1	1.000000
53471	53862	1	0.000380
53471	53895	2	0.000760
53471	53928	69	0.026206
53471	54281	29	0.011014
53471	52938	48	0.018230
53471	53771	3	0.001139
53471	53843	1255	0.476643
53471	53110	3	0.001139
53471	53467	1	0.000380
53471	53373	3	0.001139
53471	53407	1	0.000380
53475	53632	1	0.038462
53475	52967	1	0.038462
53475	53928	1	0.038462
53475	53018	1	0.038462
53475	54279	1	0.038462
53475	54301	1	0.038462
53475	53437	1	0.038462
53475	54290	4	0.153846
53475	54163	2	0.076923
53475	53782	11	0.423077
53475	53882	16	0.615385
53475	53021	13	0.500000
53477	53280	5	0.032680
53477	53645	15	0.098039
53477	52975	1	0.006536
53477	53840	14	0.091503
53477	52981	30	0.196078
53477	54072	10	0.065359
53477	53913	2	0.013072
53477	53018	130	0.849673
53477	53628	2	0.013072
53482	53280	8	0.024024
53482	53632	2	0.006006
53482	54151	3	0.009009
53482	53610	3	0.009009
53482	53931	3	0.009009
53482	53437	3	0.009009
53482	53393	108	0.324324
53482	52981	3	0.009009
53482	54072	3	0.009009
53482	53913	3	0.009009
53482	52890	3	0.009009
53482	53242	6	0.018018
53482	53706	3	0.009009
53483	53928	65	0.656566
53483	54025	1	0.010101
53483	53589	1	0.010101
53483	53613	1	0.010101
53485	54083	99	3.193548
53485	53214	5385	173.709677
53486	53347	1147	7.965278
53486	53894	208	1.444444
53486	54279	1	0.006944
53486	53065	206	1.430556
53486	54064	162	1.125000
53486	52953	1	0.006944
53486	53913	68	0.472222
53486	53659	1	0.006944
53487	54016	5	0.023256
53487	53345	390	1.813953
53487	53538	1	0.004651
53487	53280	1	0.004651
53487	53610	1	0.004651
53487	54151	1	0.004651
53487	53805	1	0.004651
53487	53455	292	1.358140
53487	52914	258	1.200000
53487	53843	2	0.009302
53487	54004	144	0.669767
53487	53467	1	0.004651
53489	53632	3	0.004399
53489	54274	1	0.001466
53489	53763	2	0.002933
53489	53391	3	0.004399
53489	54289	1	0.001466
53489	53908	3	0.004399
53489	53269	1	0.001466
53489	53659	1	0.001466
53489	53278	775	1.136364
53489	53919	1	0.001466
53489	53538	664	0.973607
53489	53928	3	0.004399
53489	53547	1	0.001466
53489	53804	1	0.001466
53489	52909	1	0.001466
53489	53296	1	0.001466
53489	53431	1	0.001466
53489	54072	39	0.057185
53489	54082	1	0.001466
53489	53702	1	0.001466
53489	53833	1	0.001466
53489	53048	3	0.004399
53489	53843	1	0.001466
53489	53462	1	0.001466
53489	53851	1	0.001466
53489	53856	1	0.001466
53489	54247	2	0.002933
53489	53097	1	0.001466
53489	53362	1	0.001466
53489	52981	1	0.001466
53489	53498	1	0.001466
53489	53755	1	0.001466
53490	54083	102	3.187500
53490	53214	5558	173.687500
53492	53952	20	0.392157
53492	54305	20	0.392157
53492	53636	20	0.392157
53492	54150	20	0.392157
53492	54246	20	0.392157
53492	53745	20	0.392157
53492	53641	20	0.392157
53492	54215	20	0.392157
53492	53260	20	0.392157
53492	54300	20	0.392157
53492	53297	20	0.392157
53492	52979	20	0.392157
53492	53468	3	0.058824
53492	53814	20	0.392157
53492	53174	20	0.392157
53492	53240	20	0.392157
53492	52932	20	0.392157
53492	53467	1	0.019608
53492	53436	20	0.392157
53492	53789	20	0.392157
53492	53241	20	0.392157
53493	54083	102	3.187500
53493	53214	5560	173.750000
53496	53763	19	0.020386
53496	53381	1	0.001073
53496	54151	5	0.005365
53496	53386	8	0.008584
53496	53645	82	0.087983
53496	53913	5	0.005365
53496	53018	21	0.022532
53496	53148	1	0.001073
53496	53919	2	0.002146
53496	53280	48	0.051502
53496	54279	2	0.002146
53496	53292	4	0.004292
53496	54065	10	0.010730
53496	53301	2	0.002146
53496	54072	15	0.016094
53496	53437	1	0.001073
53496	54336	2	0.002146
53496	54337	1	0.001073
53496	53060	2	0.002146
53496	53066	1	0.001073
53496	53840	6	0.006438
53496	53048	1	0.001073
53496	53843	4	0.004292
53496	53347	3	0.003219
53496	53610	6	0.006438
53496	53613	1	0.001073
53496	52981	12	0.012876
53496	53628	6	0.006438
53496	53374	1	0.001073
53497	54280	1	0.045455
53498	53632	1	0.000636
53498	53025	4	0.002543
53498	53538	5	0.003179
53498	54049	1	0.000636
53498	53928	3	0.001907
53498	53801	1	0.000636
53498	53034	1	0.000636
53498	53048	1	0.000636
53498	52981	1	0.000636
53498	54262	3	0.001907
53498	54072	6	0.003814
53498	53018	2	0.001271
53498	53437	1	0.000636
53498	53278	3148	2.001271
53499	53928	28	0.027211
53501	53440	1	1.000000
53502	53632	7	0.009887
53502	53535	4	0.005650
53503	53632	1	0.001196
53503	53154	2	0.002392
53503	53380	1	0.001196
53503	54279	1	0.001196
53503	53928	1	0.001196
53503	53962	1	0.001196
53503	53771	1	0.001196
53503	54306	1	0.001196
53503	54035	1	0.001196
53503	53014	1	0.001196
53503	54072	1	0.001196
53503	53913	1	0.001196
53503	53564	1	0.001196
53503	53437	1	0.001196
53504	53928	5	0.009843
53504	53963	36	0.070866
53508	52963	2	1.000000
53509	53025	1	0.003226
53509	53538	5	0.016129
53509	53034	953	3.074194
53509	53843	1	0.003226
53509	54072	1	0.003226
53509	53467	2	0.006452
53511	54278	3	0.001663
53511	53928	10	0.005543
53511	52938	1	0.000554
53511	54093	1	0.000554
53511	53373	1	0.000554
53511	53296	3	0.001663
53511	53467	9	0.004989
53511	53437	2	0.001109
53513	53018	47	1.021739
53513	53645	1	0.021739
53514	53632	1	0.001575
53514	53280	5	0.007874
53514	53538	6	0.009449
53514	54340	2	0.003150
53514	53895	2	0.003150
53514	52938	3	0.004724
53514	53929	1	0.001575
53514	53386	1	0.001575
53514	53324	2	0.003150
53514	53553	1	0.001575
53514	53468	1	0.001575
53514	53116	3	0.004724
53514	53910	2	0.003150
53514	53624	2613	4.114961
53514	54232	1	0.001575
53514	53467	2	0.003150
53514	53628	2	0.003150
53514	54173	2	0.003150
53514	52885	1	0.001575
53515	53632	4	0.013559
53515	53347	2	0.006780
53515	53830	7	0.023729
53515	52975	1	0.003390
53515	53840	1	0.003390
53515	53843	4	0.013559
53515	54231	8	0.027119
53515	54072	2	0.006780
53515	53913	1	0.003390
53515	53018	1	0.003390
53518	53632	4	0.000987
53518	54144	1	0.000247
53518	53379	1	0.000247
53518	53381	2	0.000494
53518	54151	5	0.001234
53518	53259	1	0.000247
53518	54289	1	0.000247
53518	53908	2	0.000494
53518	53910	1	0.000247
53518	53913	3	0.000741
53518	53148	1	0.000247
53518	53919	1	0.000247
53518	53280	1	0.000247
53518	53538	1	0.000247
53518	53539	9	0.002222
53518	53610	3	0.000741
53518	53928	10	0.002469
53518	54065	1	0.000247
53518	52914	1	0.000247
53518	53048	2	0.000494
53518	53433	2	0.000494
53518	53181	3906	0.964206
53518	54336	1	0.000247
53518	53771	1	0.000247
53518	53060	1	0.000247
53518	53962	1	0.000247
53518	53579	1	0.000247
53518	54093	1	0.000247
53518	53840	2	0.000494
53518	54072	8	0.001975
53518	53843	2	0.000494
53518	53589	1	0.000247
53518	53467	5	0.001234
53518	53347	2	0.000494
53518	53098	2	0.000494
53518	53437	2	0.000494
53518	53875	2	0.000494
53518	53108	6	0.001481
53518	52981	5	0.001234
53518	53624	1	0.000247
53518	53116	2	0.000494
53518	53373	1	0.000247
53519	53680	5	0.024272
53519	53539	1	0.004854
53520	53962	5	0.007032
53520	53280	2	0.002813
53520	53154	4	0.005626
53520	53347	15	0.021097
53520	53018	10	0.014065
53521	53280	2	0.002528
53521	53763	2	0.002528
53521	53702	2	0.002528
53521	54072	2	0.002528
53521	53562	5	0.006321
53521	53018	2	0.002528
53524	53088	9	0.007686
53524	53280	2	0.001708
53524	53347	2	0.001708
53524	53444	1	0.000854
53524	54154	2	0.001708
53524	53613	2	0.001708
53524	53840	1	0.000854
53524	54163	3	0.002562
53524	52981	1	0.000854
53524	54072	2	0.001708
53524	53693	1	0.000854
53525	53155	286	2.028369
53525	53060	141	1.000000
53525	53702	3	0.021277
53525	53840	2	0.014184
53525	54290	282	2.000000
53525	54072	12	0.085106
53525	53913	141	1.000000
53525	53018	141	1.000000
53525	53726	141	1.000000
53528	53962	2	0.010638
53529	53928	1	0.052632
53530	53706	1	0.001495
53530	53280	10	0.014948
53530	53539	26	0.038864
53530	52938	3	0.004484
53530	53771	1	0.001495
53530	53741	1	0.001495
53530	54154	4	0.005979
53530	53613	3	0.004484
53530	54320	1	0.001495
53530	54065	1	0.001495
53530	53843	5	0.007474
53530	52981	5	0.007474
53530	53840	1	0.001495
53530	53913	2	0.002990
53530	53018	1	0.001495
53530	53212	448	0.669656
53530	53373	336	0.502242
53530	53374	1	0.001495
53532	54336	1	0.000315
53532	53380	1	0.000315
53532	54154	1	0.000315
53532	53771	3	0.000946
53532	53014	1	0.000315
53532	53913	2	0.000631
53532	53018	1	0.000315
53532	53280	2	0.000631
53532	53154	9	0.002837
53532	53301	1	0.000315
53532	54072	12	0.003783
53532	53437	1	0.000315
53532	53440	3	0.000946
53532	53131	2263	0.713430
53532	53962	1	0.000315
53532	54306	1	0.000315
53532	53840	9	0.002837
53532	53203	1	0.000315
53532	53466	1	0.000315
53532	53104	2	0.000631
53532	52981	1	0.000315
53532	53366	2	0.000631
53532	53503	1	0.000315
53533	54248	1	0.066667
53533	53259	1	0.066667
53533	53296	1	0.066667
53533	53208	1	0.066667
53533	53467	1	0.066667
53533	53468	1	0.066667
53534	53610	1	0.032258
53534	53843	1	0.032258
53534	54151	2	0.064516
53535	53502	5	0.086207
53535	53866	6	0.103448
53535	53581	4	0.068966
53535	53018	2	0.034483
53538	54274	3	0.002865
53538	53763	1	0.000955
53538	53259	1	0.000955
53538	54289	1	0.000955
53538	54295	1	0.000955
53538	53296	1	0.000955
53538	54336	1	0.000955
53538	54340	2	0.001910
53538	53318	2	0.001910
53538	53833	3	0.002865
53538	53324	4	0.003820
53538	53840	4	0.003820
53538	53843	5	0.004776
53538	53518	1	0.000955
53538	53362	6	0.005731
53538	53875	1	0.000955
53538	53878	2	0.001910
53538	53371	1	0.000955
53538	53373	3	0.002865
53538	53077	2	0.001910
53538	53379	1	0.000955
53538	53895	4	0.003820
53538	53386	2	0.001910
53538	53391	1	0.000955
53538	52885	2	0.001910
53538	53910	2	0.001910
53538	52890	1	0.000955
53538	53404	1	0.000955
53538	53920	1	0.000955
53538	53928	20	0.019102
53538	53931	2	0.001910
53538	52909	1	0.000955
53538	52914	2	0.001910
53538	53431	2	0.001910
53538	53433	1	0.000955
53538	53437	2	0.001910
53538	53954	1	0.000955
53538	53447	1	0.000955
53538	53962	3	0.002865
53538	53455	2	0.001910
53538	53975	1	0.000955
53538	53976	1	0.000955
53538	53467	3	0.002865
53538	53468	1	0.000955
53538	53984	1	0.000955
53538	53487	1	0.000955
53538	53489	3	0.002865
53538	52981	2	0.001910
53538	53498	4	0.003820
53538	54019	1	0.000955
53538	53509	3	0.002865
53538	54023	1	0.000955
53538	54025	1	0.000955
53538	54030	1	0.000955
53538	53025	2	0.001910
53538	53034	2	0.001910
53538	54065	1	0.000955
53538	53558	1	0.000955
53538	53048	5	0.004776
53538	53564	2	0.001910
53538	54079	1	0.000955
53538	52960	1	0.000955
53538	53572	2	0.001910
53538	54093	1	0.000955
53538	53582	1	0.000955
53538	53583	1	0.000955
53538	54072	11	0.010506
53538	53586	1	0.000955
53538	53589	2	0.001910
53538	53079	1	0.000955
53538	53592	1	0.000955
53538	54116	1	0.000955
53538	53097	4	0.003820
53538	53098	1	0.000955
53538	53100	2	0.001910
53538	53112	3	0.002865
53538	53632	9	0.008596
53538	53639	1	0.000955
53538	53128	4	0.003820
53538	54162	1	0.000955
53538	54170	1	0.000955
53538	53659	1	0.000955
53538	54176	14	0.013372
53538	54185	1	0.000955
53538	53182	1	0.000955
53538	53185	2	0.001910
53538	53706	1	0.000955
53538	53205	2	0.001910
53538	53208	1	0.000955
53538	54247	1	0.000955
53538	54248	1	0.000955
53538	53741	1	0.000955
53538	53755	3	0.002865
53538	54271	1	0.000955
53539	53763	1	0.001232
53539	53766	1	0.001232
53539	54279	3	0.003695
53539	54280	1	0.001232
53539	54281	3	0.003695
53539	53771	1	0.001232
53539	54284	1	0.001232
53539	53777	1	0.001232
53539	54291	1	0.001232
53539	53269	1	0.001232
53539	53276	1	0.001232
53539	54301	1	0.001232
53539	53280	4	0.004926
53539	53794	1	0.001232
53539	53799	1	0.001232
53539	53801	1	0.001232
53539	53803	1	0.001232
53539	53804	1	0.001232
53539	54319	1	0.001232
53539	53296	1	0.001232
53539	54322	1	0.001232
53539	52915	1	0.001232
53539	54326	2	0.002463
53539	53257	1	0.001232
53539	53816	1	0.001232
53539	53429	1	0.001232
53539	54336	1	0.001232
53539	54338	1	0.001232
53539	54340	1	0.001232
53539	53321	1	0.001232
53539	53834	1	0.001232
53539	53324	1	0.001232
53539	53840	1	0.001232
53539	53843	545	0.671182
53539	53847	1	0.001232
53539	53337	1	0.001232
53539	53851	1	0.001232
53539	53855	1	0.001232
53539	53347	1	0.001232
53539	53606	1	0.001232
53539	53862	1	0.001232
53539	53181	2	0.002463
53539	53874	1	0.001232
53539	53876	1	0.001232
53539	54134	1	0.001232
53539	53370	1	0.001232
53539	53883	2	0.002463
53539	53373	3	0.003695
53539	53374	1	0.001232
53539	53379	1	0.001232
53539	53381	1	0.001232
53539	53894	1	0.001232
53539	53895	2	0.002463
53539	53386	4	0.004926
53539	53388	1	0.001232
53539	53389	1	0.001232
53539	52881	1	0.001232
53539	53906	1	0.001232
53539	53396	1	0.001232
53539	53398	1	0.001232
53539	53913	5	0.006158
53539	53405	1	0.001232
53539	53919	1	0.001232
53539	53922	1	0.001232
53539	53928	18	0.022167
53539	53933	1	0.001232
53539	52914	2	0.002463
53539	53939	1	0.001232
53539	52917	1	0.001232
53539	52918	2	0.002463
53539	53437	6	0.007389
53539	53439	1	0.001232
53539	53792	1	0.001232
53539	52931	1	0.001232
53539	53444	1	0.001232
53539	53622	1	0.001232
53539	53446	1	0.001232
53539	52936	1	0.001232
53539	52938	8	0.009852
53539	52939	1	0.001232
53539	52941	1	0.001232
53539	52946	1	0.001232
53539	53462	1	0.001232
53539	53975	1	0.001232
53539	52953	1	0.001232
53539	53467	1	0.001232
53539	53471	7	0.008621
53539	53371	1	0.001232
53539	52967	1	0.001232
53539	53628	1	0.001232
53539	53486	1	0.001232
53539	52975	1	0.001232
53539	52976	1	0.001232
53539	52977	3	0.003695
53539	52981	14	0.017241
53539	53498	1	0.001232
53539	54015	1	0.001232
53539	52993	1	0.001232
53539	53506	1	0.001232
53539	53547	1	0.001232
53539	52996	1	0.001232
53539	53509	1	0.001232
53539	53000	1	0.001232
53539	53003	1	0.001232
53539	53122	1	0.001232
53539	54034	1	0.001232
53539	53018	1	0.001232
53539	53025	1	0.001232
53539	53538	3	0.003695
53539	53545	1	0.001232
53539	54151	3	0.003695
53539	53549	1	0.001232
53539	54065	6	0.007389
53539	53559	1	0.001232
53539	54072	5	0.006158
53539	54073	1	0.001232
53539	53563	1	0.001232
53539	53568	1	0.001232
53539	53060	1	0.001232
53539	53065	1	0.001232
53539	53579	1	0.001232
53539	53068	6	0.007389
53539	53048	1	0.001232
53539	53475	1	0.001232
53539	53591	1	0.001232
53539	53594	1	0.001232
53539	53597	1	0.001232
53539	53085	1	0.001232
53539	53608	1	0.001232
53539	53097	1	0.001232
53539	53610	1	0.001232
53539	53613	1	0.001232
53539	54126	1	0.001232
53539	53104	1	0.001232
53539	53106	1	0.001232
53539	54131	1	0.001232
53539	53621	1	0.001232
53539	53110	1	0.001232
53539	53112	1	0.001232
53539	53627	1	0.001232
53539	53116	1	0.001232
53539	54144	1	0.001232
53539	53634	1	0.001232
53539	53910	2	0.002463
53539	53639	1	0.001232
53539	54152	1	0.001232
53539	54154	1	0.001232
53539	53645	5	0.006158
53539	53632	3	0.003695
53539	54163	1	0.001232
53539	54166	1	0.001232
53539	53657	1	0.001232
53539	53148	1	0.001232
53539	53149	1	0.001232
53539	54174	1	0.001232
53539	54176	1	0.001232
53539	53666	1	0.001232
53539	53407	1	0.001232
53539	53693	1	0.001232
53539	53695	1	0.001232
53539	54178	1	0.001232
53539	53205	1	0.001232
53539	53211	1	0.001232
53539	53362	2	0.002463
53539	53222	2	0.002463
53539	54260	1	0.001232
53539	54262	1	0.001232
53539	53755	2	0.002463
53539	53245	3	0.003695
53539	53759	1	0.001232
53540	53280	4	0.015748
53540	53347	2	0.007874
53540	54279	5	0.019685
53540	54057	2	0.007874
53540	53645	2	0.007874
53540	53296	1	0.003937
53540	52981	5	0.019685
53540	53913	11	0.043307
53540	53594	1	0.003937
53540	53437	1	0.003937
53541	54083	102	3.187500
53541	53214	5558	173.687500
53546	53152	60	1.000000
53547	53381	1	0.000152
53547	52890	2	0.000303
53547	53128	5	0.000758
53547	53257	3	0.000455
53547	53908	2	0.000303
53547	53304	1	0.000152
53547	53572	1	0.000152
53547	53018	49	0.007432
53547	53659	3	0.000455
53547	54173	1	0.000152
53547	53278	6618	1.003792
53547	53919	1	0.000152
53547	53280	3	0.000455
53547	53296	4	0.000607
53547	53431	2	0.000303
53547	54072	5	0.000758
53547	54083	1	0.000152
53547	54340	3	0.000455
53547	53833	3	0.000455
53547	52938	1	0.000152
53547	53582	2	0.000303
53547	53048	1	0.000152
53547	53074	1	0.000152
53547	53843	6570	0.996511
53547	53462	5	0.000758
53547	53467	9	0.001365
53547	53097	4	0.000607
53547	53362	3	0.000455
53547	53498	2	0.000303
53549	53632	1	0.013158
53549	54144	1	0.013158
53549	53386	1	0.013158
53549	53437	1	0.013158
53549	54279	178	2.342105
53551	54290	73	0.540741
53551	53155	71	0.525926
53551	53726	1	0.007407
53551	54151	1	0.007407
53552	53590	1	0.003968
53553	53632	1	0.000237
53553	54017	1	0.000237
53553	53381	1	0.000237
53553	53895	99	0.023443
53553	53538	1	0.000237
53553	53645	2	0.000474
53553	52880	1	0.000237
53553	53976	2	0.000474
53553	54162	1	0.000237
53553	53654	3	0.000710
53553	53913	1	0.000237
53553	54169	10	0.002368
53553	53018	5	0.001184
53553	54173	5	0.001184
53553	53022	3206	0.759176
53553	53791	1	0.000237
53553	53280	13	0.003078
53553	53154	1	0.000237
53553	53539	2	0.000474
53553	53286	1	0.000237
53553	53928	2	0.000474
53553	53034	1	0.000237
53553	54188	1	0.000237
53553	53677	1	0.000237
53553	54328	1	0.000237
53553	54072	11	0.002605
53553	53945	2	0.000474
53553	54098	1	0.000237
53553	53693	4	0.000947
53553	53182	3	0.000710
53553	54340	1	0.000237
53553	53705	2	0.000474
53553	53066	34	0.008051
53553	53324	1	0.000237
53553	53581	5	0.001184
53553	53840	8	0.001894
53553	53713	1	0.000237
53553	53074	6	0.001421
53553	53843	7	0.001658
53553	53720	1	0.000237
53553	53347	5	0.001184
53553	53608	1	0.000237
53553	53613	1	0.000237
53553	53437	1	0.000237
53553	53873	5	0.001184
53553	54232	1	0.000237
53553	52981	5	0.001184
53553	53624	4	0.000947
53553	53374	1	0.000237
53556	53962	2	0.007663
53557	53572	1	0.017857
53558	53280	1	0.003650
53558	53538	4	0.014599
53558	53895	2	0.007299
53558	52938	1	0.003650
53558	53324	1	0.003650
53558	53362	1	0.003650
53558	53613	1	0.003650
53558	53713	1	0.003650
53558	53714	2	0.007299
53558	53908	2	0.007299
53558	53910	1	0.003650
53558	53146	1	0.003650
53558	53373	2	0.007299
53559	53856	2	0.039216
53559	53347	70	1.372549
53559	53894	6	0.117647
53559	53608	1	0.019608
53559	53065	11	0.215686
53559	54093	1	0.019608
53559	53167	2	0.039216
53559	53843	52	1.019608
53559	52981	1	0.019608
53559	53337	2	0.039216
53559	52975	9	0.176471
53559	54301	1	0.019608
53559	53919	1	0.019608
53562	53632	6	0.008253
53562	53251	13	0.017882
53562	52996	6	0.008253
53562	53381	5	0.006878
53562	54279	10	0.013755
53562	53256	2	0.002751
53562	54154	2	0.002751
53562	53645	3	0.004127
53562	53521	17	0.023384
53562	53139	12	0.016506
53562	52884	15	0.020633
53562	53124	1	0.001376
53562	53913	7	0.009629
53562	53628	7	0.009629
53562	53018	10	0.013755
53562	52891	5	0.006878
53562	53404	4	0.005502
53562	53406	2	0.002751
53562	53407	6	0.008253
53562	53280	10	0.013755
53562	53467	1	0.001376
53562	53800	4	0.005502
53562	53034	8	0.011004
53562	53547	1	0.001376
53562	53549	428	0.588721
53562	53431	4	0.005502
53562	54072	29	0.039890
53562	52938	5	0.006878
53562	54207	8	0.011004
53562	53792	15	0.020633
53562	54338	5	0.006878
53562	53572	9	0.012380
53562	53702	6	0.008253
53562	53576	3	0.004127
53562	53706	4	0.005502
53562	53327	7	0.009629
53562	53714	1	0.001376
53562	54307	10	0.013755
53562	53462	5	0.006878
53562	53719	4	0.005502
53562	53339	9	0.012380
53562	53858	1	0.001376
53562	53477	15	0.020633
53562	54337	2	0.002751
53562	53352	10	0.013755
53562	53097	4	0.005502
53562	53005	19	0.026135
53562	53613	1	0.001376
53562	54126	12	0.016506
53562	53763	8	0.011004
53562	53489	4	0.005502
53562	53874	8	0.011004
53562	53843	2	0.002751
53562	53749	15	0.020633
53562	53110	5	0.006878
53562	53498	4	0.005502
53562	53116	6	0.008253
53563	53347	4	0.160000
53563	53124	1	0.040000
53563	53065	10	0.400000
53563	54307	3	0.120000
53563	53398	1	0.040000
53563	53337	4	0.160000
53564	53280	1	0.000750
53564	53538	11	0.008252
53564	54340	2542	1.906977
53564	53962	1	0.000750
53564	53034	1	0.000750
53564	53154	10	0.007502
53564	53843	1	0.000750
53564	52885	3	0.002251
53564	53048	1	0.000750
53564	53437	1	0.000750
53565	53280	6	0.036585
53565	54185	4	0.024390
53565	53706	1	0.006098
53565	54284	2	0.012195
53565	54154	1	0.006098
53565	53840	15	0.091463
53565	53843	1	0.006098
53565	52981	7	0.042683
53565	53021	130	0.792683
53566	53347	2	0.001361
53566	54065	4	0.002723
53566	53296	1	0.000681
53566	53304	3	0.002042
53566	52916	246	0.167461
53566	54072	1	0.000681
53566	53913	3	0.002042
53566	53018	2	0.001361
53566	53627	1	0.000681
53566	53437	4	0.002723
53567	53185	19	0.004757
53567	53186	2	0.000501
53567	53895	19	0.004757
53567	53928	2	0.000501
53567	53449	19	0.004757
53567	53364	290	0.072609
53567	53270	19	0.004757
53567	53463	19	0.004757
53567	53620	19	0.004757
53567	52923	38	0.009514
53568	53913	2	0.045455
53568	53278	132	3.000000
53568	53919	924	21.000000
53569	53280	2	0.002191
53569	53347	1	0.001095
53569	53509	2	0.002191
53569	53608	1	0.001095
53569	53771	2	0.002191
53569	53101	2	0.002191
53569	53455	2	0.002191
53569	53928	1	0.001095
53569	53586	1	0.001095
53569	54326	1	0.001095
53569	53018	3	0.003286
53570	54072	1	0.045455
53572	53632	8	0.001039
53572	52996	1	0.000130
53572	53381	1	0.000130
53572	53895	2	0.000260
53572	54281	2	0.000260
53572	53386	10	0.001299
53572	53647	1	0.000130
53572	53018	1	0.000130
53572	53280	1	0.000130
53572	53538	20	0.002598
53572	53539	2	0.000260
53572	53928	13	0.001689
53572	53034	8463	1.099234
53572	53339	4	0.000520
53572	54072	20	0.002598
53572	53562	2	0.000260
53572	53437	3	0.000390
53572	53068	1	0.000130
53572	53048	3	0.000390
53572	53843	6	0.000779
53572	53589	1	0.000130
53572	53719	3	0.000390
53572	53467	19	0.002468
53572	53100	1	0.000130
53572	53613	5	0.000649
53572	52977	1	0.000130
53572	53874	1	0.000130
53572	52981	2	0.000260
53572	53755	4	0.000520
53573	53280	5	0.020408
53573	53155	8	0.032653
53573	54191	1	0.004082
53573	53702	4	0.016327
53573	54003	1	0.004082
53576	53280	12	0.012903
53576	53792	1	0.001075
53576	53347	1	0.001075
53576	53477	585	0.629032
53576	53702	3	0.003226
53576	54336	1	0.001075
53576	54284	2	0.002151
53576	54065	4	0.004301
53576	53632	2	0.002151
53576	53913	6	0.006452
53576	53018	2	0.002151
53576	53787	1	0.001075
53576	53628	1	0.001075
53579	53632	1	0.040000
53579	53794	1	0.040000
53581	53632	1	0.000521
53581	54279	2	0.001041
53581	54281	1	0.000521
53581	54036	1	0.000521
53581	53913	1	0.000521
53581	54169	5	0.002603
53581	53018	19	0.009891
53581	53148	3	0.001562
53581	54301	5	0.002603
53581	53022	1	0.000521
53581	53280	2	0.001041
53581	53553	1	0.000521
53581	53468	1	0.000521
53581	53895	1	0.000521
53581	54173	1	0.000521
53581	54065	1	0.000521
53581	54072	56	0.029151
53581	53945	6	0.003123
53581	54336	2	0.001041
53581	53608	1	0.000521
53581	54340	4	0.002082
53581	53702	5	0.002603
53581	53066	4	0.002082
53581	53840	5	0.002603
53581	53843	1	0.000521
53581	53049	2	0.001041
53581	53596	1	0.000521
53581	53855	1	0.000521
53581	53347	8	0.004164
53581	53224	5	0.002603
53581	53866	8	0.004164
53581	53613	1	0.000521
53581	53873	7	0.003644
53581	53874	4	0.002082
53581	52981	4	0.002082
53581	53628	5	0.002603
53582	53034	34	0.944444
53582	53611	2	0.055556
53582	53538	1	0.027778
53583	53632	5	0.001221
53583	54274	3	0.000732
53583	53379	3	0.000732
53583	53509	1	0.000244
53583	54023	2	0.000488
53583	53128	2	0.000488
53583	54281	5	0.001221
53583	53771	1	0.000244
53583	54289	3	0.000732
53583	53910	7	0.001709
53583	53913	1	0.000244
53583	52890	1	0.000244
53583	53920	3	0.000732
53583	53538	3407	0.831787
53583	53928	6	0.001465
53583	54185	3	0.000732
53583	53803	1	0.000244
53583	53296	6	0.001465
53583	54025	2	0.000488
53583	54079	2	0.000488
53583	53088	1	0.000244
53583	53259	1	0.000244
53583	53572	1	0.000244
53583	53447	3	0.000732
53583	53833	2	0.000488
53583	53706	2	0.000488
53583	53324	4	0.000977
53583	53589	10	0.002441
53583	53079	2	0.000488
53583	53208	2	0.000488
53583	53467	1	0.000244
53583	53468	2	0.000488
53583	53726	1	0.000244
53583	53984	2	0.000488
53583	52965	2	0.000488
53583	53100	1	0.000244
53583	53741	4	0.000977
53583	53487	1	0.000244
53583	53362	1	0.000244
53583	53112	1	0.000244
53583	53371	4	0.000977
53583	53116	8	0.001953
53585	52929	11	0.785714
53586	53763	1	0.001709
53586	53509	1	0.001709
53586	54154	1	0.001709
53586	54295	2	0.003419
53586	53913	1	0.001709
53586	53018	1	0.001709
53586	54170	1	0.001709
53586	53280	16	0.027350
53586	53538	3	0.005128
53586	53923	1	0.001709
53586	53928	4	0.006838
53586	53874	1	0.001709
53586	54319	1	0.001709
53586	52914	1	0.001709
53586	54326	1	0.001709
53586	53437	1	0.001709
53586	54336	2	0.003419
53586	53569	2	0.003419
53586	53954	1	0.001709
53586	53455	1	0.001709
53586	53843	2	0.003419
53586	53205	4	0.006838
53586	54248	1	0.001709
53586	53362	1	0.001709
53586	53628	2	0.003419
53586	53373	3	0.005128
53587	53154	1	0.058824
53587	53225	17	1.000000
53587	54260	1	0.058824
53587	53720	1	0.058824
53587	53945	1	0.058824
53587	53466	1	0.058824
53589	53632	2	0.000290
53589	53782	2	0.000290
53589	54023	2	0.000290
53589	53128	5	0.000724
53589	54025	3	0.000434
53589	53386	1	0.000145
53589	53259	1	0.000145
53589	53771	2	0.000290
53589	53910	2	0.000290
53589	54169	1	0.000145
53589	53538	14	0.002028
53589	53928	5	0.000724
53589	54185	2	0.000290
53589	54151	1	0.000145
53589	53549	11	0.001593
53589	52912	1	0.000145
53589	52915	3	0.000434
53589	54281	1	0.000145
53589	54072	24	0.003476
53589	53437	3	0.000434
53589	53706	1	0.000145
53589	53185	1	0.000145
53589	53315	7	0.001014
53589	53572	1	0.000145
53589	53318	13543	1.961332
53589	53447	42	0.006083
53589	53962	1	0.000145
53589	53324	2	0.000290
53589	54093	1	0.000145
53589	53715	1	0.000145
53589	53048	3	0.000434
53589	53843	3	0.000434
53589	53079	1	0.000145
53589	53208	19	0.002752
53589	53467	5	0.000724
53589	53468	4	0.000579
53589	53088	15	0.002172
53589	53116	49	0.007096
53589	53347	1	0.000145
53589	52965	3	0.000434
53589	53097	3	0.000434
53589	53610	1	0.000145
53589	53613	3	0.000434
53589	54003	1	0.000145
53589	54134	12	0.001738
53589	53755	2	0.000290
53589	52938	6	0.000869
53589	53373	1	0.000145
53590	53552	1	0.013699
53590	53018	3	0.041096
53590	53259	1	0.013699
53591	53280	21	0.512195
53591	53632	3	0.073171
53591	53666	4	0.097561
53591	53446	1	0.024390
53591	53771	2	0.048780
53591	53613	1	0.024390
53591	53048	1	0.024390
53591	53874	2	0.048780
53591	53843	10	0.243902
53591	52981	1	0.024390
53591	54072	40	0.975610
53591	53018	1	0.024390
53591	53755	6	0.146341
53592	53386	2	0.057143
53594	53801	1	0.008696
53594	53018	1	0.008696
53594	53540	1	0.008696
53594	54029	5	0.043478
53594	53702	1	0.008696
53596	53632	8	0.005270
53596	53280	1	0.000659
53596	53763	1	0.000659
53596	52996	3	0.001976
53596	54093	1	0.000659
53596	52938	1	0.000659
53596	54281	1	0.000659
53596	53034	1	0.000659
53596	53771	1	0.000659
53596	53467	4	0.002635
53596	53613	1	0.000659
53596	53048	2	0.001318
53596	53928	1	0.000659
53596	53843	13	0.008564
53596	52981	1	0.000659
53596	54134	1	0.000659
53596	54072	26	0.017128
53596	53913	1	0.000659
53596	53755	7	0.004611
53596	53437	12	0.007905
53596	53439	1	0.000659
53597	53632	10	0.030120
53597	54338	1	0.003012
53597	53843	1	0.003012
53597	52981	2	0.006024
53597	54072	5	0.015060
53597	53116	2	0.006024
53597	53437	1	0.003012
53599	53696	38	0.031276
53599	53280	9	0.007407
53599	53122	3	0.002469
53599	52965	8	0.006584
53599	53993	2	0.001646
53599	54301	2	0.001646
53599	52912	3	0.002469
53599	54072	2	0.001646
53599	52981	3	0.002469
53599	53840	2	0.001646
53599	53913	14	0.011523
53599	53627	2	0.001646
53599	53437	3	0.002469
53600	53843	52	0.230088
53600	53437	52	0.230088
53603	53632	4	0.001890
53603	54336	1	0.000473
53603	53122	5	0.002363
53603	53763	1	0.000473
53603	53782	2	0.000945
53603	53895	2	0.000945
53603	53128	20	0.009452
53603	54281	2	0.000945
53603	54154	8	0.003781
53603	53259	1	0.000473
53603	53134	1	0.000473
53603	53592	1	0.000473
53603	54163	119	0.056238
53603	53910	125	0.059074
53603	53148	1	0.000473
53603	53280	2	0.000945
53603	53025	2	0.000945
53603	53538	21	0.009924
53603	53339	2	0.000945
53603	53610	13	0.006144
53603	53928	4	0.001890
53603	53539	1	0.000473
53603	53034	1	0.000473
53603	53803	2	0.000945
53603	53549	1	0.000473
53603	53362	1	0.000473
53603	52912	2	0.000945
53603	54025	1	0.000473
53603	54072	4	0.001890
53603	53433	1	0.000473
53603	53437	1	0.000473
53603	53696	9	0.004253
53603	53003	1	0.000473
53603	53572	1	0.000473
53603	53447	49	0.023157
53603	53833	1	0.000473
53603	53706	1	0.000473
53603	53324	2	0.000945
53603	54093	1	0.000473
53603	53582	1	0.000473
53603	53455	3	0.001418
53603	53624	1	0.000473
53603	53843	29	0.013705
53603	54100	36	0.017013
53603	53589	39	0.018431
53603	53719	1	0.000473
53603	53208	18	0.008507
53603	53467	3	0.001418
53603	54144	1	0.000473
53603	53087	6	0.002836
53603	53088	14	0.006616
53603	52965	55768	26.355388
53603	53097	6	0.002836
53603	53994	19	0.008979
53603	53100	4	0.001890
53603	53613	1	0.000473
53603	53874	1	0.000473
53603	54151	5	0.002363
53603	52981	12	0.005671
53603	53112	1	0.000473
53603	53371	1	0.000473
53603	53373	2	0.000945
53604	53928	1	0.002710
53604	54083	4	0.010840
53604	53140	2	0.005420
53606	52929	4	0.017167
53608	53347	2	0.002538
53608	52938	2	0.002538
53608	52975	2	0.002538
53608	53437	2	0.002538
53608	53843	789	1.001269
53608	52981	1	0.001269
53608	54072	7	0.008883
53608	53855	6	0.007614
53608	53755	2	0.002538
53608	54301	2	0.002538
53608	53407	2	0.002538
53609	54072	9	0.195652
53609	53138	4	0.086957
53609	53301	4	0.086957
53609	53645	2	0.043478
53610	53632	7	0.291667
53610	53883	7	0.291667
53610	53381	1	0.041667
53611	53280	14	0.008294
53611	53632	1	0.000592
53611	54337	1	0.000592
53611	54151	2	0.001185
53611	52938	1	0.000592
53611	54281	1	0.000592
53611	53610	2	0.001185
53611	53003	1	0.000592
53611	53645	42	0.024882
53611	53613	2	0.001185
53611	53840	1	0.000592
53611	53928	1	0.000592
53611	52981	2	0.001185
53611	54072	21	0.012441
53611	53018	6	0.003555
53611	53407	36	0.021327
53611	53148	8	0.004739
53611	53437	2	0.001185
53611	53374	1	0.000592
53611	53183	3	0.001777
53613	53632	17	0.014286
53613	53763	1	0.000840
53613	54281	9	0.007563
53613	53771	1016	0.853782
53613	53910	3	0.002521
53613	53913	1	0.000840
53613	53148	3	0.002521
53613	53278	2	0.001681
53613	53407	2	0.001681
53613	53280	35	0.029412
53613	53467	1	0.000840
53613	53799	1	0.000840
53613	53928	8	0.006723
53613	53803	3	0.002521
53613	53362	2	0.001681
53613	53296	1	0.000840
53613	54072	29	0.024370
53613	53791	1	0.000840
53613	53437	10	0.008403
53613	53439	14	0.011765
53613	53185	1	0.000840
53613	53954	2	0.001681
53613	53003	1	0.000840
53613	53702	2	0.001681
53613	52938	10	0.008403
53613	54093	2	0.001681
53613	53048	2	0.001681
53613	53843	13	0.010924
53613	53339	2	0.001681
53613	53468	1	0.000840
53613	53862	1	0.000840
53613	53097	2	0.001681
53613	53487	1	0.000840
53613	53874	2	0.001681
53613	52981	424	0.356303
53613	53878	2	0.001681
53613	53116	2	0.001681
53613	53886	1	0.000840
53616	54169	1	0.012048
53616	53734	1	0.012048
53620	53928	2	0.001699
53620	53186	2	0.001699
53620	53364	88	0.074766
53621	53280	2	0.002086
53621	53763	8	0.008342
53621	53098	6	0.006257
53621	53518	6	0.006257
53621	54162	2	0.002086
53621	53301	2	0.002086
53621	54041	2	0.002086
53621	54072	2	0.002086
53621	53433	6	0.006257
53622	54337	2	0.025316
53624	54144	1	0.000594
53624	53632	2	0.001188
53624	53895	2	0.001188
53624	53514	79	0.046912
53624	53976	3461	2.055226
53624	53908	6	0.003563
53624	53910	3	0.001781
53624	54169	1	0.000594
53624	52890	1	0.000594
53624	53022	2	0.001188
53624	53538	20	0.011876
53624	53539	13	0.007720
53624	53928	2	0.001188
53624	53034	3	0.001781
53624	53362	1	0.000594
53624	53296	1	0.000594
53624	53048	4	0.002375
53624	53066	8	0.004751
53624	53182	27	0.016033
53624	54336	1	0.000594
53624	53058	1	0.000594
53624	54340	2	0.001188
53624	52938	3	0.001781
53624	53324	8	0.004751
53624	53582	1	0.000594
53624	53840	2	0.001188
53624	54072	2	0.001188
53624	53843	1	0.000594
53624	53589	2	0.001188
53624	54232	1708	1.014252
53624	53467	4	0.002375
53624	53468	1	0.000594
53624	53345	1	0.000594
53624	54114	4	0.002375
53624	53720	4	0.002375
53624	53097	1	0.000594
53624	53100	3	0.001781
53624	53874	2	0.001188
53624	53112	1	0.000594
53624	53116	16	0.009501
53624	53373	2	0.001188
53627	53347	3	0.272727
53628	53280	2	0.001603
53628	52975	1	0.000801
53628	54072	55	0.044071
53628	53913	1	0.000801
53628	53018	2	0.001603
53628	53437	2	0.001603
53629	53632	2	0.002439
53629	54274	1	0.001220
53629	53379	1	0.001220
53629	54023	1	0.001220
53629	53128	1	0.001220
53629	53259	2	0.002439
53629	53518	1	0.001220
53629	53391	1	0.001220
53629	54289	1	0.001220
53629	54162	1	0.001220
53629	53763	1	0.001220
53629	53910	2	0.002439
53629	54295	1	0.001220
53629	54340	1	0.001220
53629	52890	1	0.001220
53629	53659	1	0.001220
53629	53148	1	0.001220
53629	53791	1	0.001220
53629	53920	1	0.001220
53629	53538	15	0.018293
53629	53339	2	0.002439
53629	54185	1	0.001220
53629	53895	2	0.002439
53629	52909	1	0.001220
53629	53558	1	0.001220
53629	53431	1	0.001220
53629	54072	1	0.001220
53629	53433	1	0.001220
53629	53962	1	0.001220
53629	53182	1	0.001220
53629	53984	1	0.001220
53629	53954	1	0.001220
53629	53315	1	0.001220
53629	53572	2	0.002439
53629	53447	1	0.001220
53629	53833	1	0.001220
53629	53706	3	0.003659
53629	54093	3	0.003659
53629	53326	1	0.001220
53629	53586	1	0.001220
53629	53843	1	0.001220
53629	53589	3	0.003659
53629	53975	1	0.001220
53629	53848	8	0.009756
53629	53467	1	0.001220
53629	53468	1	0.001220
53629	53087	1	0.001220
53629	52960	1	0.001220
53629	52962	1	0.001220
53629	52965	2	0.002439
53629	53137	1	0.001220
53629	53097	2	0.002439
53629	53098	1	0.001220
53629	53100	1	0.001220
53629	53437	1	0.001220
53629	53875	1	0.001220
53629	52981	2	0.002439
53629	53878	1	0.001220
53629	53088	1	0.001220
53629	53882	1	0.001220
53629	53371	1	0.001220
53629	53116	34	0.041463
53629	53373	1	0.001220
53629	54271	1	0.001220
53632	53763	2	0.005405
53632	54279	1	0.002703
53632	54281	2	0.005405
53632	53771	6	0.016216
53632	53280	2	0.005405
53632	53794	1	0.002703
53632	53804	1	0.002703
53632	54319	1	0.002703
53632	53296	1	0.002703
53632	53816	1	0.002703
53632	54338	1	0.002703
53632	53833	1	0.002703
53632	53324	1	0.002703
53632	53840	1	0.002703
53632	53843	18	0.048649
53632	53339	4	0.010811
53632	53622	1	0.002703
53632	53437	1	0.002703
53632	53362	1	0.002703
53632	54151	1	0.002703
53632	53371	3	0.008108
53632	53098	1	0.002703
53632	53374	1	0.002703
53632	53381	1	0.002703
53632	53895	1	0.002703
53632	53386	3	0.008108
53632	53389	1	0.002703
53632	52881	1	0.002703
53632	53910	1	0.002703
53632	53913	1	0.002703
53632	53407	2	0.005405
53632	53928	2	0.005405
53632	53874	6	0.016216
53632	52914	3	0.008108
53632	52917	1	0.002703
53632	53433	1	0.002703
53632	53962	2	0.005405
53632	53439	4	0.010811
53632	53954	1	0.002703
53632	53110	1	0.002703
53632	53446	1	0.002703
53632	52938	9	0.024324
53632	53979	1	0.002703
53632	53471	1	0.002703
53632	53883	1	0.002703
53632	52965	3	0.008108
53632	52967	1	0.002703
53632	53116	7	0.018919
53632	52975	4	0.010811
53632	52981	7	0.018919
53632	52996	1	0.002703
53632	54025	1	0.002703
53632	53003	1	0.002703
53632	53018	1	0.002703
53632	53538	12	0.032432
53632	53467	4	0.010811
53632	53034	1	0.002703
53632	53547	1	0.002703
53632	54064	2	0.005405
53632	54065	1	0.002703
53632	53558	1	0.002703
53632	54072	10	0.027027
53632	54079	1	0.002703
53632	54083	2	0.005405
53632	53572	1	0.002703
53632	54093	2	0.005405
53632	53048	1	0.002703
53632	53077	1	0.002703
53632	53596	1	0.002703
53632	53097	1	0.002703
53632	53610	1	0.002703
53632	53100	1	0.002703
53632	53613	6	0.016216
53632	54131	1	0.002703
53632	54134	1	0.002703
53632	53624	1	0.002703
53632	53628	2	0.005405
53632	54144	1	0.002703
53632	53639	1	0.002703
53632	53128	1	0.002703
53632	54154	2	0.005405
53632	54162	1	0.002703
53632	53148	2	0.005405
53632	54176	2	0.005405
53632	53154	2	0.005405
53632	54185	1	0.002703
53632	53693	1	0.002703
53632	53185	1	0.002703
53632	53205	1	0.002703
53632	53208	1	0.002703
53632	54248	1	0.002703
53632	53755	1	0.002703
53632	54268	1	0.002703
53635	54151	2	0.001543
53635	53913	1	0.000772
53635	53771	1	0.000772
53635	54169	3	0.002315
53635	53444	1	0.000772
53635	53148	2	0.001543
53635	53895	3	0.002315
53635	53176	631	0.486883
53635	53437	2	0.001543
53635	54340	1	0.000772
53635	53066	2	0.001543
53635	53324	1	0.000772
53635	53581	2	0.001543
53635	53840	1	0.000772
53635	54072	4	0.003086
53635	53714	1	0.000772
53635	53843	2	0.001543
53635	53347	2	0.001543
53635	53608	1	0.000772
53635	53610	4	0.003086
53635	53613	1	0.000772
53635	52981	2	0.001543
53635	53866	1	0.000772
53636	53952	24	0.235294
53636	54305	24	0.235294
53636	52932	24	0.235294
53636	54150	24	0.235294
53636	54246	24	0.235294
53636	53745	24	0.235294
53636	53641	24	0.235294
53636	54215	24	0.235294
53636	53260	24	0.235294
53636	54300	24	0.235294
53636	53297	24	0.235294
53636	52979	24	0.235294
53636	53492	24	0.235294
53636	53814	24	0.235294
53636	53174	24	0.235294
53636	53240	24	0.235294
53636	53241	24	0.235294
53636	53436	24	0.235294
53636	53789	24	0.235294
53639	53280	7	0.014706
53639	52909	10	0.021008
53639	53666	87	0.182773
53639	52965	3	0.006303
53639	53446	2	0.004202
53639	53671	3	0.006303
53639	54025	3	0.006303
53639	53098	6	0.012605
53639	53771	2	0.004202
53639	53324	12	0.025210
53639	54093	1	0.002101
53639	53391	4	0.008403
53639	53632	4	0.008403
53639	53843	2	0.004202
53639	52981	18	0.037815
53639	53719	19	0.039916
53639	54072	6	0.012605
53639	54169	4	0.008403
53639	53339	7	0.014706
53639	53437	3	0.006303
53639	53538	2	0.004202
53641	53952	22	0.785714
53641	54305	22	0.785714
53641	53636	22	0.785714
53641	54150	22	0.785714
53641	54246	22	0.785714
53641	53745	22	0.785714
53641	53436	22	0.785714
53641	54215	22	0.785714
53641	53260	22	0.785714
53641	53297	22	0.785714
53641	52979	22	0.785714
53641	53492	22	0.785714
53641	53814	22	0.785714
53641	53174	22	0.785714
53641	53240	22	0.785714
53641	52932	22	0.785714
53641	53467	1	0.035714
53641	54300	44	1.571429
53641	53789	22	0.785714
53641	53241	22	0.785714
53643	53928	1	0.027027
53645	54126	1	0.000402
53645	53513	1	0.000402
53645	53018	14	0.005627
53645	52920	1	0.000402
53645	54028	2	0.000804
53645	54158	2	0.000804
53645	52884	1	0.000402
53645	53742	1	0.000402
53645	53540	1	0.000402
53645	53913	6	0.002412
53645	53658	1	0.000402
53645	53916	1	0.000402
53645	53402	1	0.000402
53645	53534	1	0.000402
53645	53407	2	0.000804
53645	53280	18	0.007235
53645	54320	1	0.000402
53645	54307	1	0.000402
53645	53412	1	0.000402
53645	53670	1	0.000402
53645	53031	1	0.000402
53645	53162	2	0.000804
53645	53424	1	0.000402
53645	53805	3	0.001206
53645	54045	1	0.000402
53645	53936	2	0.000804
53645	53809	1	0.000402
53645	53175	1	0.000402
53645	54072	14	0.005627
53645	54051	1	0.000402
53645	53562	1	0.000402
53645	53310	1	0.000402
53645	52981	3	0.001206
53645	53696	2	0.000804
53645	53610	1	0.000402
53645	53186	1	0.000402
53645	54083	2	0.000804
53645	53155	1	0.000402
53645	53958	1	0.000402
53645	53793	1	0.000402
53645	52937	1	0.000402
53645	53066	1	0.000402
53645	54221	1	0.000402
53645	53710	1	0.000402
53645	53200	1	0.000402
53645	54264	1	0.000402
53645	53202	1	0.000402
53645	53843	1	0.000402
53645	52942	1	0.000402
53645	53028	1	0.000402
53645	53082	1	0.000402
53645	53596	4	0.001608
53645	54074	1	0.000402
53645	54110	1	0.000402
53645	53088	2	0.000804
53645	53985	2	0.000804
53645	52963	1	0.000402
53645	53477	1	0.000402
53645	53609	1	0.000402
53645	54250	1	0.000402
53645	53611	1	0.000402
53645	53101	1	0.000402
53645	53870	1	0.000402
53645	53168	1	0.000402
53645	53874	2	0.000804
53645	53290	1	0.000402
53645	53108	1	0.000402
53645	53749	1	0.000402
53645	54006	1	0.000402
53645	54007	1	0.000402
53645	53496	1	0.000402
53645	53242	1	0.000402
53645	53418	1	0.000402
53645	53886	1	0.000402
53647	53928	24	0.081356
53647	53500	3	0.010169
53647	53557	3	0.010169
53647	53613	4	0.013559
53648	53280	2	0.002506
53648	54297	1	0.001253
53648	53154	7	0.008772
53648	52981	1	0.001253
53648	54072	4	0.005013
53651	53632	1	0.005495
53651	53444	1	0.005495
53651	53670	2	0.010989
53651	52967	2	0.010989
53651	53223	23	0.126374
53651	53106	1	0.005495
53651	53843	1	0.005495
53651	53913	1	0.005495
53651	54301	4	0.021978
53654	53088	1	0.004484
53654	54083	1	0.004484
53654	53066	2	0.008969
53654	53645	7	0.031390
53654	53437	2	0.008969
53654	53840	3	0.013453
53654	53171	1	0.004484
53654	54072	3	0.013453
53654	53018	5	0.022422
53654	53866	2	0.008969
53655	53632	1	0.000566
53655	53345	8	0.004527
53655	53538	4	0.002264
53655	53347	2	0.001132
53655	53280	1	0.000566
53655	53539	1	0.000566
53655	53487	4	0.002264
53655	53840	3	0.001698
53655	52914	14	0.007923
53655	53843	2	0.001132
53655	54004	4	0.002264
53655	54295	13	0.007357
53655	53913	31	0.017544
53655	54170	5	0.002830
53655	53455	4	0.002264
53655	53276	1	0.000566
53655	54266	1	0.000566
53656	53088	1	0.000382
53656	54021	4	0.001527
53656	53446	3	0.001145
53656	53928	2	0.000763
53656	53102	2	0.000763
53656	52912	3	0.001145
53656	52981	2	0.000763
53657	53632	3	0.002778
53657	53639	1	0.000926
53657	54162	1546	1.431481
53657	53659	1	0.000926
53657	54176	1	0.000926
53657	53538	1353	1.252778
53657	53539	237	0.219444
53657	53671	1005	0.930556
53657	53928	1056	0.977778
53657	53034	3	0.002778
53657	54065	1	0.000926
53657	53431	1	0.000926
53657	54072	8	0.007407
53657	54079	1	0.000926
53657	53185	1	0.000926
53657	52938	1	0.000926
53657	53840	1	0.000926
53657	53843	431	0.399074
53657	53589	1	0.000926
53657	54257	627	0.580556
53657	53755	1	0.000926
53657	53116	16	0.014815
53657	53117	685	0.634259
53658	53280	3	0.004666
53658	53058	622	0.967341
53658	53379	5	0.007776
53658	53316	5	0.007776
53658	53980	5	0.007776
53658	54154	1	0.001555
53658	53003	2	0.003110
53658	54242	11	0.017107
53658	53677	4	0.006221
53658	53840	6	0.009331
53658	53645	1	0.001555
53658	53971	3	0.004666
53658	54036	1	0.001555
53658	52981	20	0.031104
53658	53347	2	0.003110
53658	54072	1	0.001555
53658	53913	3	0.004666
53658	53919	4	0.006221
53658	53148	6	0.009331
53658	53435	1	0.001555
53658	53301	1	0.001555
53659	54064	2	0.005305
53659	53538	1	0.002653
53659	53843	1	0.002653
53659	53278	379	1.005305
53662	53280	13	0.009468
53662	53440	1	0.000728
53662	53154	7	0.005098
53662	53962	2	0.001457
53662	53148	2	0.001457
53662	53866	4	0.002913
53662	53131	5	0.003642
53662	53613	8	0.005827
53662	53840	6	0.004370
53662	53203	4175	3.040787
53662	52981	7	0.005098
53662	54072	6	0.004370
53662	53018	6	0.004370
53662	53628	1	0.000728
53662	53437	2	0.001457
53668	53018	1	0.005181
53669	53222	3	0.013953
53670	53280	2	0.005510
53670	53840	7	0.019284
53670	53702	3	0.008264
53670	53148	1	0.002755
53670	53645	12	0.033058
53670	53549	2	0.005510
53670	54064	6	0.016529
53670	53874	2	0.005510
53670	52981	13	0.035813
53670	53974	2	0.005510
53670	53613	3	0.008264
53670	54072	9	0.024793
53670	53018	2	0.005510
53670	53711	2	0.005510
53670	53628	1	0.002755
53670	53437	2	0.005510
53671	53632	3	0.002012
53671	53185	13	0.008719
53671	53538	1480	0.992622
53671	53659	12	0.008048
53671	54180	2	0.001341
53671	53702	1	0.000671
53671	53639	1	0.000671
53671	53928	1476	0.989940
53671	53034	1	0.000671
53671	53803	1	0.000671
53671	53186	1	0.000671
53671	54162	1478	0.991281
53671	53843	1	0.000671
53671	53589	13	0.008719
53671	53431	15	0.010060
53671	54072	18	0.012072
53671	53467	1	0.000671
53671	53962	1	0.000671
53671	52938	4	0.002683
53671	54079	12	0.008048
53672	53928	5	0.013123
53673	53840	1	0.003257
53673	53843	2	0.006515
53673	52981	1	0.003257
53674	53928	5	0.007082
53674	53963	37	0.052408
53676	53018	1	0.002817
53677	53632	11	0.004398
53677	54017	1	0.000400
53677	53381	2	0.000800
53677	54151	8	0.003199
53677	54281	1	0.000400
53677	53771	4	0.001599
53677	54284	1	0.000400
53677	53645	2	0.000800
53677	52880	1	0.000400
53677	54036	9755	3.900440
53677	53654	1	0.000400
53677	53913	4	0.001599
53677	53658	1	0.000400
53677	53148	1	0.000400
53677	53018	5	0.001999
53677	53280	18	0.007197
53677	53025	1	0.000400
53677	53154	2	0.000800
53677	53539	1	0.000400
53677	53286	1	0.000400
53677	53553	1	0.000400
53677	53928	5	0.001999
53677	53788	2	0.000800
53677	54188	1	0.000400
53677	54173	1	0.000400
53677	54065	2	0.000800
53677	53301	2	0.000800
53677	54072	17	0.006797
53677	53962	2	0.000800
53677	54336	1	0.000400
53677	53074	1	0.000400
53677	54340	12	0.004798
53677	53702	1	0.000400
53677	53705	1	0.000400
53677	53066	46	0.018393
53677	53324	1	0.000400
53677	53538	2	0.000800
53677	54328	1	0.000400
53677	54098	1	0.000400
53677	53843	9	0.003599
53677	53846	1	0.000400
53677	53468	6	0.002399
53677	53347	7	0.002799
53677	53610	8	0.003199
53677	53613	4	0.001599
53677	53104	2	0.000800
53677	53873	2	0.000800
53677	54301	3	0.001200
53677	54260	2	0.000800
53677	52981	7	0.002799
53677	53883	2	0.000800
53677	53628	9	0.003599
53679	54072	2	0.024390
53679	53666	2	0.024390
53679	53843	2	0.024390
53679	52981	5	0.060976
53680	53632	4	0.002599
53680	53763	2	0.001300
53680	54151	8	0.005198
53680	54281	2	0.001300
53680	54154	2	0.001300
53680	53018	4	0.002599
53680	53148	8	0.005198
53680	54301	6	0.003899
53680	53280	20	0.012995
53680	53301	2	0.001300
53680	54072	2	0.001300
53680	53437	2	0.001300
53680	54336	2	0.001300
53680	54337	4	0.002599
53680	54093	4	0.002599
53680	53840	16	0.010396
53680	52945	24	0.015595
53680	53843	2	0.001300
53680	53468	6	0.003899
53680	53610	2	0.001300
53680	53613	4	0.002599
53680	52975	2	0.001300
53680	52981	682	0.443145
53681	53280	4	0.006024
53681	53347	3	0.004518
53681	54284	1	0.001506
53681	53100	1	0.001506
53681	52909	1	0.001506
53681	54065	4	0.006024
53681	53202	6	0.009036
53681	53843	1	0.001506
53681	52981	2	0.003012
53681	54072	2	0.003012
53681	53913	3	0.004518
53681	53018	6	0.009036
53681	53148	1	0.001506
53681	53437	1	0.001506
53683	53632	8	2.000000
53683	53025	2	0.500000
53683	53280	2	0.500000
53683	53928	2	0.500000
53683	54279	1	0.250000
53683	54065	2	0.500000
53683	53843	2	0.500000
53683	54072	10	2.500000
53683	53913	7	1.750000
53683	53883	4	1.000000
53685	53763	8	0.010624
53685	53645	2	0.002656
53685	54072	7	0.009296
53685	53296	1	0.001328
53685	54065	6	0.007968
53685	53613	2	0.002656
53685	53304	9	0.011952
53685	53018	2	0.002656
53685	53148	9	0.011952
53685	53566	9	0.011952
53686	53060	1	0.027027
53686	54317	2	0.054054
53688	54334	1	0.001425
53690	54083	102	3.187500
53690	53214	5558	173.687500
53691	54072	4	0.048193
53691	53632	4	0.048193
53693	53632	2	0.013423
53693	54340	1	0.006711
53693	53381	2	0.013423
53693	54151	5	0.033557
53693	53097	1	0.006711
53693	53610	6	0.040268
53693	53373	1	0.006711
53693	53816	10	0.067114
53693	53843	1	0.006711
53693	52981	3	0.020134
53693	53910	1	0.006711
53693	54072	148	0.993289
53693	53572	1	0.006711
53693	53437	11	0.073826
53696	53280	3	0.029412
53696	53122	206	2.019608
53696	53702	1	0.009804
53696	53418	2	0.019608
53696	52876	1	0.009804
53696	53645	3	0.029412
53696	53840	205	2.009804
53696	53148	4	0.039216
53697	53928	8	0.020566
53697	54097	4	0.010283
53697	53467	2	0.005141
53697	54093	6	0.015424
53698	54072	2	0.001724
53698	53632	6	0.005172
53698	54093	2	0.001724
53698	54111	8	0.006897
53699	54083	102	3.187500
53699	53214	5558	173.687500
53701	54151	2	0.044444
53701	53610	1	0.022222
53701	54065	1	0.022222
53701	53843	1	0.022222
53701	54072	1	0.022222
53701	53913	5	0.111111
53701	53402	2	0.044444
53702	53632	5	0.002161
53702	53763	53	0.022904
53702	54278	1	0.000432
53702	54279	1	0.000432
53702	53128	1	0.000432
53702	54281	191	0.082541
53702	53771	3	0.001296
53702	54284	1	0.000432
53702	53645	5	0.002161
53702	54034	3	0.001296
53702	53148	19	0.008211
53702	53149	1	0.000432
53702	53407	1	0.000432
53702	53280	170	0.073466
53702	53538	1	0.000432
53702	53928	6	0.002593
53702	53034	1	0.000432
53702	54151	2	0.000864
53702	53804	1	0.000432
53702	53680	1	0.000432
53702	54072	66	0.028522
53702	53562	5	0.002161
53702	53437	4	0.001729
53702	54336	161	0.069576
53702	54337	4	0.001729
53702	54338	5	0.002161
53702	52938	1	0.000432
53702	53840	1	0.000432
53702	53048	1	0.000432
53702	53714	1	0.000432
53702	53843	3	0.001296
53702	53467	1	0.000432
53702	53628	1	0.000432
53702	53610	2	0.000864
53702	53613	198	0.085566
53702	53108	1	0.000432
53702	52981	18	0.007779
53702	53242	1	0.000432
53702	53116	1	0.000432
53702	53866	1	0.000432
53702	53374	3	0.001296
53705	53632	1	0.000978
53705	54017	1	0.000978
53705	54151	5	0.004888
53705	53128	2	0.001955
53705	52885	1	0.000978
53705	53913	1	0.000978
53705	54173	1	0.000978
53705	53791	2	0.001955
53705	53280	1	0.000978
53705	53539	2	0.001955
53705	53928	2	0.001955
53705	54188	1	0.000978
53705	53677	1	0.000978
53705	53296	2	0.001955
53705	53553	1	0.000978
53705	54340	4	0.003910
53705	53066	30	0.029326
53705	53324	2	0.001955
53705	53581	1	0.000978
53705	54098	1	0.000978
53705	53843	2	0.001955
53705	53467	2	0.001955
53705	53860	1	0.000978
53705	53733	1	0.000978
53705	53610	3	0.002933
53705	53074	1	0.000978
53705	53487	2	0.001955
53705	53873	4	0.003910
53705	53874	1	0.000978
53705	52981	1	0.000978
53705	53624	3	0.002933
53705	53628	2	0.001955
53705	53373	2	0.001955
53706	53763	10	0.003156
53706	53895	1	0.000316
53706	53128	1	0.000316
53706	54281	1	0.000316
53706	53771	80	0.025245
53706	53913	2	0.000631
53706	53018	8	0.002524
53706	53280	1	0.000316
53706	53538	16	0.005049
53706	53155	1	0.000316
53706	53034	2265	0.714737
53706	52915	1	0.000316
53706	54072	41	0.012938
53706	53565	1	0.000316
53706	54079	1	0.000316
53706	53185	1	0.000316
53706	53446	22	0.006942
53706	53833	4	0.001262
53706	52938	2	0.000631
53706	53582	1	0.000316
53706	53048	5	0.001578
53706	53843	8	0.002524
53706	53719	3	0.000947
53706	53848	45	0.014200
53706	53467	4	0.001262
53706	53088	2	0.000631
53706	53097	1	0.000316
53706	53437	1	0.000316
53706	53874	1	0.000316
53706	52981	5	0.001578
53706	53498	1	0.000316
53706	53116	2	0.000631
53707	53840	5	0.020576
53707	53702	3	0.012346
53707	54083	1	0.004115
53707	52981	5	0.020576
53707	54278	20	0.082305
53708	54083	102	3.187500
53708	53214	5558	173.687500
53710	54289	4	0.085106
53710	53018	2	0.042553
53710	53645	1	0.021277
53710	54337	1	0.021277
53710	54065	4	0.085106
53711	53632	2	0.064516
53711	54272	1	0.032258
53711	53634	1	0.032258
53711	54180	1	0.032258
53711	54183	1	0.032258
53711	52873	2	0.064516
53711	53394	1	0.032258
53711	53974	1	0.032258
53711	53913	2	0.064516
53711	53437	1	0.032258
53711	53150	1	0.032258
53713	53280	4	0.004044
53713	53154	1	0.001011
53713	53347	16	0.016178
53713	54154	6	0.006067
53713	53613	1	0.001011
53713	53714	23	0.023256
53713	53874	3	0.003033
53713	53558	2	0.002022
53713	54072	5	0.005056
53713	53018	11	0.011122
53713	53628	1	0.001011
53713	53146	1	0.001011
53714	53280	2	0.003914
53714	54337	1	0.001957
53714	54083	1	0.001957
53714	54065	8	0.015656
53714	53148	2	0.003914
53714	52876	1	0.001957
53714	53645	15	0.029354
53714	53437	1	0.001957
53714	53840	1	0.001957
53714	53713	3	0.005871
53714	52981	12	0.023483
53714	53558	2	0.003914
53714	54072	55	0.107632
53714	53913	14	0.027397
53714	53146	2	0.003914
53714	53628	1	0.001957
53714	53018	7	0.013699
53715	53928	4	0.021505
53715	52972	4	0.021505
53716	52929	7	0.500000
53716	53467	1	0.071429
53716	53913	2	0.142857
53717	53632	5	0.002302
53717	53895	2	0.000921
53717	54281	1	0.000460
53717	53771	1	0.000460
53717	53910	1	0.000460
53717	53280	13	0.005985
53717	53538	2176	1.001842
53717	53467	3	0.001381
53717	53928	5	0.002302
53717	53167	1	0.000460
53717	54072	5	0.002302
53717	53437	1	0.000460
53717	52938	1	0.000460
53717	53582	4	0.001842
53717	53455	1	0.000460
53717	53840	18	0.008287
53717	53205	1	0.000460
53717	53339	1	0.000460
53717	53468	1	0.000460
53717	53611	2	0.000921
53717	53613	4	0.001842
53717	53487	1	0.000460
53717	52981	4	0.001842
53717	53112	2	0.000921
53717	53116	2	0.000921
53717	53589	3	0.001381
53719	53034	8	0.065574
53719	53467	1	0.008197
53720	53740	1	1.000000
53721	53185	19	0.004739
53721	53186	2	0.000499
53721	53895	19	0.004739
53721	53928	2	0.000499
53721	53449	19	0.004739
53721	53364	290	0.072337
53721	53270	19	0.004739
53721	53463	19	0.004739
53721	53620	19	0.004739
53721	52923	38	0.009479
53725	53280	1	0.000247
53725	53315	2	0.000493
53725	53771	1	0.000247
53725	53645	2	0.000493
53725	54191	9	0.002219
53725	54290	17	0.004191
53725	53155	15	0.003698
53725	53269	14	0.003452
53725	54072	3	0.000740
53725	53913	2	0.000493
53725	53628	2	0.000493
53725	52981	2	0.000493
53726	53632	1	0.001361
53726	53538	737	1.002721
53726	53155	3	0.004082
53726	54340	1	0.001361
53726	53573	1	0.001361
53726	53928	1	0.001361
53726	53386	3	0.004082
53726	53706	1	0.001361
53726	54093	2	0.002721
53726	53551	1	0.001361
53726	54290	1	0.001361
53726	53763	1	0.001361
53726	53589	2	0.002721
53726	53910	3	0.004082
53726	53613	1	0.001361
53726	53913	1	0.001361
53726	53467	1	0.001361
53726	53468	1	0.001361
53726	53373	4	0.005442
53726	54271	1	0.001361
53729	52874	1	0.003861
53729	53018	1	0.003861
53730	53280	4	0.025641
53733	53280	5	0.004921
53733	53840	6	0.005906
53733	53154	3	0.002953
53733	54306	5	0.004921
53733	53347	5	0.004921
53733	53014	5	0.004921
53733	53610	5	0.004921
53733	54151	5	0.004921
53733	53962	5	0.004921
53733	54284	1	0.000984
53733	53645	1	0.000984
53733	54301	6	0.005906
53733	53104	1	0.000984
53733	53843	1	0.000984
53733	52981	4	0.003937
53733	53366	23	0.022638
53733	53613	2	0.001969
53733	54072	1	0.000984
53733	53913	2	0.001969
53733	53628	3	0.002953
53733	53437	2	0.001969
53734	53280	12	0.004118
53734	53347	35	0.012011
53734	53224	31	0.010638
53734	54281	2	0.000686
53734	53613	2	0.000686
53734	53437	4	0.001373
53734	53645	4	0.001373
53734	54065	9	0.003089
53734	53945	7	0.002402
53734	54072	6	0.002059
53734	54169	9	0.003089
53734	53018	4	0.001373
53734	53913	8	0.002745
53734	53407	2	0.000686
53735	53280	5	0.009416
53735	53632	1	0.001883
53735	53475	1	0.001883
53735	53060	1	0.001883
53735	54117	1	0.001883
53735	54312	1	0.001883
53735	53833	2	0.003766
53735	53706	2	0.003766
53735	53645	3	0.005650
53735	53070	1	0.001883
53735	54033	1	0.001883
53735	52981	1	0.001883
53735	53909	1	0.001883
53735	54185	1	0.001883
53735	53882	1	0.001883
53735	53021	1	0.001883
53735	53589	1	0.001883
53736	53280	3	0.053571
53736	54154	2	0.035714
53736	53843	2	0.035714
53737	54083	102	3.187500
53737	53214	5558	173.687500
53740	53632	16	0.006267
53740	53440	1	0.000392
53740	53250	1	0.000392
53740	53654	5	0.001958
53740	53895	3	0.001175
53740	53913	1	0.000392
53740	54281	7	0.002742
53740	53131	1	0.000392
53740	54284	2	0.000783
53740	53645	2	0.000783
53740	54232	3	0.001175
53740	54036	1	0.000392
53740	52885	1	0.000392
53740	53014	1	0.000392
53740	54297	2	0.000783
53740	54169	2	0.000783
53740	53018	20	0.007834
53740	54173	1	0.000392
53740	53022	1	0.000392
53740	53791	2	0.000783
53740	53280	11	0.004309
53740	52976	2	0.000783
53740	54306	1	0.000392
53740	53539	8	0.003134
53740	53928	4	0.001567
53740	53407	1	0.000392
53740	53677	3	0.001175
53740	53553	1	0.000392
53740	53705	1	0.000392
53740	54072	3	0.001175
53740	53919	1	0.000392
53740	54332	1	0.000392
53740	53066	63	0.024677
53740	54336	6	0.002350
53740	53058	1	0.000392
53740	54340	1	0.000392
53740	53702	67	0.026244
53740	53065	7	0.002742
53740	53962	3	0.001175
53740	53324	2	0.000783
53740	53581	1	0.000392
53740	53840	23	0.009009
53740	54328	1	0.000392
53740	53074	1	0.000392
53740	53203	1	0.000392
53740	53976	1	0.000392
53740	53467	1	0.000392
53740	54114	1	0.000392
53740	53347	10	0.003917
53740	53720	16	0.006267
53740	53733	1	0.000392
53740	53538	1	0.000392
53740	53437	1	0.000392
53740	53104	1	0.000392
53740	53874	1	0.000392
53740	52981	23	0.009009
53740	53624	1	0.000392
53741	53538	254	1.003953
53741	53539	253	1.000000
53741	53386	1	0.003953
53741	53843	253	1.000000
53742	52981	4	0.086957
53742	53645	1	0.021739
53743	53296	1	0.000589
53745	53952	4	0.363636
53745	54305	4	0.363636
53745	53636	4	0.363636
53745	54150	4	0.363636
53745	54246	4	0.363636
53745	54215	4	0.363636
53745	53928	4	0.363636
53745	53641	4	0.363636
53745	53260	4	0.363636
53745	54300	4	0.363636
53745	53297	4	0.363636
53745	52979	4	0.363636
53745	53492	4	0.363636
53745	53814	4	0.363636
53745	53174	4	0.363636
53745	53240	4	0.363636
53745	52932	4	0.363636
53745	53436	4	0.363636
53745	53789	4	0.363636
53745	53241	4	0.363636
53749	53280	5	0.017422
53749	54337	2	0.006969
53749	53347	2	0.006969
53749	53763	2	0.006969
53749	54151	238	0.829268
53749	53610	237	0.825784
53749	53840	3	0.010453
53749	53843	1	0.003484
53749	53139	238	0.829268
53749	53940	1	0.003484
53749	52981	79	0.275261
53749	53337	241	0.839721
53749	54072	15	0.052265
53749	53913	239	0.832753
53749	52891	240	0.836237
53749	53148	2	0.006969
53749	53437	3	0.010453
53749	53406	239	0.832753
53752	53632	5	0.002391
53752	54336	1	0.000478
53752	53122	5	0.002391
53752	53782	2	0.000956
53752	53895	2	0.000956
53752	53128	20	0.009565
53752	54281	2	0.000956
53752	54154	8	0.003826
53752	53259	1	0.000478
53752	53134	1	0.000478
53752	53775	1	0.000478
53752	53592	1	0.000478
53752	54163	120	0.057389
53752	53910	126	0.060258
53752	53148	1	0.000478
53752	53021	1	0.000478
53752	53280	2	0.000956
53752	52912	2	0.000956
53752	53538	24	0.011478
53752	53339	2	0.000956
53752	53928	4	0.001913
53752	53539	1	0.000478
53752	53034	1	0.000478
53752	53803	2	0.000956
53752	53549	1	0.000478
53752	53362	1	0.000478
53752	53296	1	0.000478
53752	54065	3	0.001435
53752	54025	1	0.000478
53752	54072	5	0.002391
53752	53433	1	0.000478
53752	53437	1	0.000478
53752	53696	7	0.003348
53752	53572	1	0.000478
53752	53447	49	0.023434
53752	54279	1	0.000478
53752	53833	1	0.000478
53752	53706	1	0.000478
53752	53324	2	0.000956
53752	54093	1	0.000478
53752	53582	1	0.000478
53752	53455	3	0.001435
53752	53624	1	0.000478
53752	54144	1	0.000478
53752	53843	29	0.013869
53752	54100	111	0.053085
53752	53589	40	0.019130
53752	53719	1	0.000478
53752	53208	18	0.008608
53752	53467	3	0.001435
53752	53025	2	0.000956
53752	53087	6	0.002869
53752	53088	12	0.005739
53752	52965	55035	26.319943
53752	53097	6	0.002869
53752	53994	19	0.009087
53752	53100	4	0.001913
53752	53613	1	0.000478
53752	53874	1	0.000478
53752	52981	12	0.005739
53752	53112	1	0.000478
53752	53371	1	0.000478
53752	53373	2	0.000956
53754	53632	10	0.023529
53754	53763	2	0.004706
53754	53005	1	0.002353
53754	53381	1	0.002353
53754	54278	3	0.007059
53754	54151	2	0.004706
53754	53389	431	1.014118
53754	54307	1	0.002353
53754	53101	1	0.002353
53754	52884	1	0.002353
53754	54126	1	0.002353
53754	53402	1	0.002353
53754	53914	3	0.007059
53754	53148	442	1.040000
53754	54045	1	0.002353
53754	53658	1	0.002353
53754	54021	2	0.004706
53754	53280	1	0.002353
53754	52912	1	0.002353
53754	53155	2	0.004706
53754	53028	2	0.004706
53754	53893	1	0.002353
53754	53670	1	0.002353
53754	53031	1	0.002353
53754	52938	5	0.011765
53754	53539	1	0.002353
53754	53290	1	0.002353
53754	54060	15	0.035294
53754	53805	3	0.007059
53754	53149	2	0.004706
53754	54320	1	0.002353
53754	53809	1	0.002353
53754	53811	1	0.002353
53754	53680	1	0.002353
53754	54264	1	0.002353
53754	53467	1	0.002353
53754	54072	6	0.014118
53754	54051	1	0.002353
53754	53562	2	0.004706
53754	53066	3	0.007059
53754	53310	3	0.007059
53754	54079	2	0.004706
53754	54336	1	0.002353
53754	54337	2	0.004706
53754	53186	1	0.002353
53754	53870	1	0.002353
53754	53540	1	0.002353
53754	54217	2	0.004706
53754	53962	2	0.004706
53754	53323	1	0.002353
53754	53068	1	0.002353
53754	54093	2	0.004706
53754	52942	1	0.002353
53754	54221	1	0.002353
53754	53200	1	0.002353
53754	52920	1	0.002353
53754	53714	3	0.007059
53754	53843	3	0.007059
53754	53710	1	0.002353
53754	53412	1	0.002353
53754	53082	1	0.002353
53754	53979	426	1.002353
53754	54074	1	0.002353
53754	54110	1	0.002353
53754	54308	1	0.002353
53754	53496	1	0.002353
53754	53916	1	0.002353
53754	52963	1	0.002353
53754	53477	1	0.002353
53754	53609	1	0.002353
53754	54250	1	0.002353
53754	53611	1	0.002353
53754	53202	1	0.002353
53754	53742	1	0.002353
53754	53437	2	0.004706
53754	53168	1	0.002353
53754	53108	1	0.002353
53754	54206	1	0.002353
53754	54006	1	0.002353
53754	54007	1	0.002353
53754	53368	4	0.009412
53754	53242	1	0.002353
53754	53883	2	0.004706
53754	53116	18	0.042353
53754	53171	1	0.002353
53755	54151	3	0.023438
53755	53610	3	0.023438
53755	53048	2	0.015625
53755	53843	2	0.015625
53755	54072	2	0.015625
53755	53467	1	0.007812
53755	53116	2	0.015625
53755	53437	4	0.031250
53759	53843	2	0.400000
53760	53280	4	0.038462
53760	54072	2	0.019231
53760	53866	2	0.019231
53760	53613	2	0.019231
53760	52981	2	0.019231
53761	53379	2	0.028571
53761	53412	3	0.042857
53761	53766	2	0.028571
53761	53222	7	0.100000
53761	53518	2	0.028571
53761	53339	2	0.028571
53761	52914	2	0.028571
53761	53539	12	0.171429
53761	53371	2	0.028571
53762	53469	1	0.013514
53762	54301	1	0.013514
53763	53280	2	0.010753
53763	53632	1	0.005376
53763	53539	1	0.005376
53763	52996	1	0.005376
53763	53381	1	0.005376
53763	53116	1	0.005376
53763	54151	1	0.005376
53763	53321	5	0.026882
53763	53610	1	0.005376
53763	53003	2	0.010753
53763	53549	1	0.005376
53763	53840	1	0.005376
53763	54072	3	0.016129
53763	53843	95	0.510753
53763	52981	2	0.010753
53763	54279	1	0.005376
53763	53913	1	0.005376
53763	53467	2	0.010753
53763	53148	2	0.010753
53763	53437	3	0.016129
53765	53928	1	0.018182
53766	53222	1	0.045455
53766	54031	2	0.090909
53771	53088	3	0.005137
53771	53632	3	0.005137
53771	53954	1	0.001712
53771	54083	1	0.001712
53771	53799	1	0.001712
53771	53928	1	0.001712
53771	54281	62	0.106164
53771	52938	20	0.034247
53771	53003	1	0.001712
53771	53613	42	0.071918
53771	53843	2	0.003425
53771	53624	1	0.001712
53771	53874	1	0.001712
53771	53347	1	0.001712
53771	52981	126	0.215753
53771	54072	8	0.013699
53771	53034	1	0.001712
53771	53018	1	0.001712
53771	53755	1	0.001712
53771	53437	7	0.011986
53771	53439	15	0.025685
53772	53632	3	0.044776
53772	53250	2	0.029851
53772	53763	1	0.014925
53772	54151	1	0.014925
53772	53131	2	0.029851
53772	53014	1	0.014925
53772	53913	1	0.014925
53772	53148	1	0.014925
53772	53791	1	0.014925
53772	53280	2	0.029851
53772	53538	2	0.029851
53772	53539	6	0.089552
53772	53928	3	0.044776
53772	54279	1	0.014925
53772	53296	1	0.014925
53772	54065	1	0.014925
53772	54072	2	0.029851
53772	52925	1	0.014925
53772	54340	2	0.029851
53772	53446	1	0.014925
53772	53962	2	0.029851
53772	53324	4	0.059701
53772	54306	1	0.014925
53772	53843	1	0.014925
53772	53466	2	0.029851
53772	53467	2	0.029851
53772	52967	1	0.014925
53772	53610	1	0.014925
53772	53740	3	0.044776
53772	53437	1	0.014925
53772	54260	2	0.029851
53772	52981	1	0.014925
53772	53366	2	0.029851
53772	53374	1	0.014925
53773	53444	1	0.038462
53775	53280	32	0.711111
53775	53840	2	0.044444
53775	53378	1	0.022222
53775	54042	1	0.022222
53777	53280	6	0.666667
53777	53913	1	0.111111
53777	54301	2	0.222222
53780	53928	4	0.051948
53781	53632	1	0.006536
53781	53259	1	0.006536
53781	53296	1	0.006536
53781	53843	9	0.058824
53781	52981	1	0.006536
53781	54072	1	0.006536
53781	53467	1	0.006536
53781	53589	1	0.006536
53782	53088	1674	0.721552
53782	53280	1	0.000431
53782	53928	2	0.000862
53782	52938	1	0.000431
53782	53874	2	0.000862
53782	52981	8	0.003448
53782	53048	2	0.000862
53782	53148	3	0.001293
53782	52893	1	0.000431
53783	53632	5	0.005441
53783	53760	2	0.002176
53783	53538	910	0.990207
53783	53539	51	0.055495
53783	54166	2	0.002176
53783	54151	1	0.001088
53783	53928	6	0.006529
53783	52938	2	0.002176
53783	53803	3	0.003264
53783	53324	11	0.011970
53783	53613	21	0.022851
53783	53455	4	0.004353
53783	53073	3	0.003264
53783	52981	2	0.002176
53783	53910	3	0.003264
53783	53049	2	0.002176
53783	53114	2	0.002176
53783	53467	2	0.002176
53783	52922	2	0.002176
53784	53280	6	0.009023
53784	53154	2	0.003008
53784	53796	1223	1.839098
53784	53841	2	0.003008
53784	53843	10	0.015038
53784	52981	4	0.006015
53784	54072	2	0.003008
53784	53913	2	0.003008
53784	54110	2	0.003008
53785	53154	49	0.371212
53787	53280	3	0.010169
53787	53632	1	0.003390
53787	54284	2	0.006780
53787	53840	2	0.006780
53787	52981	6	0.020339
53787	52982	1240	4.203390
53787	53082	2	0.006780
53788	53280	13	0.006875
53788	54336	1	0.000529
53788	53539	1	0.000529
53788	53444	1	0.000529
53788	53171	5	0.002644
53788	53702	2	0.001058
53788	53928	1	0.000529
53788	53962	1	0.000529
53788	53613	2	0.001058
53788	53645	1	0.000529
53788	54192	4182	2.211528
53788	53843	1	0.000529
53788	52981	5	0.002644
53788	53366	1	0.000529
53788	53658	9	0.004759
53788	53018	69	0.036489
53789	53952	21	0.283784
53789	54305	21	0.283784
53789	53636	21	0.283784
53789	54150	21	0.283784
53789	54246	21	0.283784
53789	53745	21	0.283784
53789	53641	21	0.283784
53789	54215	21	0.283784
53789	53260	21	0.283784
53789	54300	24	0.324324
53789	53297	21	0.283784
53789	52979	21	0.283784
53789	53492	24	0.324324
53789	53814	21	0.283784
53789	53174	21	0.283784
53789	53240	21	0.283784
53789	52932	21	0.283784
53789	53467	1	0.013514
53789	53436	21	0.283784
53789	53241	21	0.283784
53791	53928	1	0.008547
53791	53048	1	0.008547
53791	53538	118	1.008547
53791	53034	123	1.051282
53792	54151	4	0.016260
53792	53065	2	0.008130
53792	53610	2	0.008130
53792	53940	2	0.008130
53792	54072	2	0.008130
53792	53913	4	0.016260
53792	53919	2	0.008130
53794	53632	1	0.016949
53794	53280	2	0.033898
53794	53579	1	0.016949
53794	53843	1	0.016949
53794	54072	2	0.033898
53794	53913	8	0.135593
53794	53851	1	0.016949
53796	53280	3	0.007092
53796	53154	2	0.004728
53796	53962	1	0.002364
53796	53841	1	0.002364
53796	53843	8	0.018913
53796	52981	2	0.004728
53796	54072	1	0.002364
53796	53913	2	0.004728
53796	53018	7	0.016548
53796	54110	1	0.002364
53797	53280	1171	2.015491
53797	53632	1	0.001721
53797	53763	2	0.003442
53797	53060	2	0.003442
53797	53792	1	0.001721
53797	54083	1	0.001721
53797	53771	1	0.001721
53797	54041	1	0.001721
53797	53645	1	0.001721
53797	52975	2	0.003442
53797	53456	1	0.001721
53797	53843	1	0.001721
53797	53347	11	0.018933
53797	52981	1	0.001721
53797	53913	3	0.005164
53797	53433	1	0.001721
53797	54074	5	0.008606
53797	53693	1	0.001721
53797	53246	2	0.003442
53797	53407	5	0.008606
53799	53771	19	1.900000
53799	53862	1	0.100000
53800	53280	13	0.022337
53800	54307	1	0.001718
53800	53347	15	0.025773
53800	53065	1	0.001718
53800	53296	1	0.001718
53800	53843	37	0.063574
53800	52884	64	0.109966
53800	53301	4	0.006873
53800	54072	8	0.013746
53800	53913	1	0.001718
53800	54076	1	0.001718
53800	53278	2	0.003436
53801	54072	3	0.001286
53801	53088	1	0.000429
53801	54083	2	0.000858
53801	53883	1	0.000429
53801	54065	1	0.000429
53801	53928	1	0.000429
53801	54279	1	0.000429
53801	52975	2	0.000858
53801	53048	1	0.000429
53801	53843	8	0.003431
53801	52981	2	0.000858
53801	53816	1	0.000429
53801	53913	2	0.000858
53801	53018	1	0.000429
53801	53467	5	0.002144
53801	53589	1	0.000429
53803	53280	3	0.007229
53803	53632	1	0.002410
53803	53538	3	0.007229
53803	52965	1	0.002410
53803	53446	1	0.002410
53803	53928	2	0.004819
53803	54281	10	0.024096
53803	53455	1	0.002410
53803	53843	412	0.992771
53803	52981	235	0.566265
53803	54025	1	0.002410
53803	54072	1	0.002410
53803	53339	2	0.004819
53803	53984	1	0.002410
53804	53632	3	0.096774
53804	53539	31	1.000000
53804	53446	1	0.032258
53804	53639	1	0.032258
53804	52938	5	0.161290
53804	53874	317	10.225806
53804	53843	32	1.032258
53804	52931	1	0.032258
53804	53591	1	0.032258
53804	53755	2	0.064516
53804	53148	1	0.032258
53804	53759	1	0.032258
53805	54016	4	0.006579
53805	53280	1	0.001645
53805	54019	4	0.006579
53805	54278	1	0.001645
53805	54337	2	0.003289
53805	53928	3	0.004934
53805	53148	2	0.003289
53805	52876	2	0.003289
53805	53645	8	0.013158
53805	53487	4	0.006579
53805	53296	8	0.013158
53805	54065	5	0.008224
53805	53763	2	0.003289
53805	52981	14	0.023026
53805	54072	20	0.032895
53805	53913	3	0.004934
53805	53149	2	0.003289
53805	53437	3	0.004934
53806	53632	4	0.000832
53806	53381	1	0.000208
53806	54278	11	0.002288
53806	54281	1	0.000208
53806	53771	1	0.000208
53806	53913	2	0.000416
53806	53018	1	0.000208
53806	53148	2	0.000416
53806	53407	1	0.000208
53806	53280	1	0.000208
53806	53539	5	0.001040
53806	53540	1	0.000208
53806	53801	1	0.000208
53806	54072	2	0.000416
53806	53437	2	0.000416
53806	54083	12426	2.584980
53806	53446	3	0.000624
53806	54093	3	0.000624
53806	53843	6	0.001248
53806	53467	12	0.002496
53806	53214	891210	185.398377
53806	53737	31	0.006449
53806	53485	7	0.001456
53806	53874	2	0.000416
53806	53245	2	0.000416
53808	53928	4	1.333333
53808	53539	2	0.666667
53808	53843	5	1.666667
53808	53437	3	1.000000
53809	53840	1	0.014706
53809	54065	1	0.014706
53809	52981	11	0.161765
53811	54337	1	0.047619
53814	53952	2	0.040816
53814	54305	2	0.040816
53814	53636	2	0.040816
53814	54150	2	0.040816
53814	54246	2	0.040816
53814	53745	2	0.040816
53814	53928	2	0.040816
53814	53641	2	0.040816
53814	54215	2	0.040816
53814	53260	2	0.040816
53814	54300	2	0.040816
53814	53297	2	0.040816
53814	52979	2	0.040816
53814	53492	2	0.040816
53814	53174	2	0.040816
53814	53241	2	0.040816
53814	53240	2	0.040816
53814	52932	2	0.040816
53814	53436	2	0.040816
53814	53789	2	0.040816
53815	53632	2	0.003086
53815	53345	2	0.003086
53815	54019	2	0.003086
53815	54340	2	0.003086
53815	54151	6	0.009259
53815	53610	4	0.006173
53815	53296	2	0.003086
53815	53362	4	0.006173
53815	53589	2	0.003086
53815	53467	2	0.003086
53815	54016	2	0.003086
53816	53280	2	0.018018
53816	53632	2	0.018018
53816	53763	1	0.009009
53816	53608	2	0.018018
53816	54281	1	0.009009
53816	53804	1	0.009009
53816	53843	2	0.018018
53816	52981	4	0.036036
53816	54072	1	0.009009
53816	53562	1	0.009009
53816	53467	2	0.018018
53816	53116	1	0.009009
53816	53886	1	0.009009
53822	53632	2	0.083333
53822	54277	1	0.041667
53822	53896	1	0.041667
53822	54282	1	0.041667
53822	54290	1	0.041667
53822	53843	1	0.041667
53822	53782	1	0.041667
53822	53079	2	0.083333
53822	53372	1	0.041667
53822	53437	1	0.041667
53822	54334	1	0.041667
53823	53866	2	0.018519
53823	53843	1	0.009259
53827	54272	4	0.444444
53827	53634	4	0.444444
53827	53974	4	0.444444
53827	53711	4	0.444444
53827	53394	4	0.444444
53827	52982	12	1.333333
53827	53086	4	0.444444
53829	53148	1	0.142857
53830	53632	4	0.002116
53830	53763	1	0.000529
53830	53381	4	0.002116
53830	54279	4	0.002116
53830	53386	14	0.007407
53830	53003	4	0.002116
53830	52876	47	0.024868
53830	53645	84	0.044444
53830	54083	52	0.027513
53830	53913	2	0.001058
53830	53018	245	0.129630
53830	53148	1	0.000529
53830	53280	26	0.013757
53830	53539	1	0.000529
53830	52892	10	0.005291
53830	54151	2	0.001058
53830	53549	2	0.001058
53830	53296	1	0.000529
53830	54065	1	0.000529
53830	53301	7	0.003704
53830	54072	38	0.020106
53830	53948	9	0.004762
53830	53437	3	0.001587
53830	54337	3	0.001587
53830	53515	14	0.007407
53830	53883	1	0.000529
53830	53065	1	0.000529
53830	54093	3	0.001587
53830	54223	1	0.000529
53830	53840	3	0.001587
53830	53048	1	0.000529
53830	53843	3	0.001587
53830	54231	1	0.000529
53830	53214	2	0.001058
53830	53346	1	0.000529
53830	53347	38	0.020106
53830	53608	2	0.001058
53830	53610	4	0.002116
53830	53613	1	0.000529
53830	52981	1	0.000529
53830	53497	37	0.019577
53830	53755	1	0.000529
53830	53628	1	0.000529
53830	53866	1	0.000529
53830	54270	3	0.001587
53833	53280	2	0.001837
53833	53632	4	0.003673
53833	53538	1	0.000918
53833	53659	4	0.003673
53833	54340	2	0.001837
53833	54279	1	0.000918
53833	53928	1	0.000918
53833	54185	1	0.000918
53833	53547	2	0.001837
53833	54158	2	0.001837
53833	53296	965	0.886134
53833	53843	1086	0.997245
53833	53908	1	0.000918
53833	53269	4	0.003673
53833	53848	13	0.011938
53833	53913	21	0.019284
53833	53882	1	0.000918
53833	53467	1	0.000918
53833	52993	2	0.001837
53833	53565	1	0.000918
53833	53278	1235	1.134068
53834	53913	20	0.408163
53834	53242	1	0.020408
53834	53347	2	0.040816
53834	53843	1	0.020408
53834	53065	1	0.020408
53838	53280	95	0.065653
53838	53088	2	0.001382
53838	53347	4	0.002764
53838	54163	3	0.002073
53838	53418	88	0.060815
53838	53874	3	0.002073
53838	54158	5	0.003455
53838	53583	3	0.002073
53838	53840	2	0.001382
53838	53632	9	0.006220
53838	53843	59	0.040774
53838	53972	262	0.181064
53838	52981	2	0.001382
53838	54072	1	0.000691
53838	53913	4	0.002764
53838	53018	6	0.004147
53838	53915	10	0.006911
53838	53628	1	0.000691
53839	52986	5	0.714286
53840	54072	1	0.019608
53840	53018	1	0.019608
53840	53437	5	0.098039
53840	52981	6	0.117647
53845	53962	2	0.002837
53846	54145	1	0.002451
53846	53250	2	0.004902
53846	53380	3	0.007353
53846	54151	1	0.002451
53846	54281	1	0.002451
53846	53131	3	0.007353
53846	53645	16	0.039216
53846	53613	1	0.002451
53846	53520	3	0.007353
53846	54035	1	0.002451
53846	53014	4	0.009804
53846	53785	1	0.002451
53846	53018	2	0.004902
53846	53148	1	0.002451
53846	53662	2	0.004902
53846	53791	3	0.007353
53846	53280	4	0.009804
53846	53154	5	0.012255
53846	53796	3	0.007353
53846	53928	1	0.002451
53846	54279	2	0.004902
53846	53677	3	0.007353
53846	53296	1	0.002451
53846	54072	5	0.012255
53846	53407	1	0.002451
53846	53437	5	0.012255
53846	53440	1	0.002451
53846	54337	1	0.002451
53846	53643	1	0.002451
53846	54340	1	0.002451
53846	53962	414	1.014706
53846	53836	3	0.007353
53846	54306	2	0.004902
53846	53648	4	0.009804
53846	53733	1	0.002451
53846	53610	5	0.012255
53846	54253	3	0.007353
53846	52981	4	0.009804
53846	54137	1	0.002451
53846	53628	7	0.017157
53847	53090	1	0.055556
53848	53280	5	0.007886
53848	53154	1	0.001577
53848	54083	1	0.001577
53848	53589	1	0.001577
53848	54279	1	0.001577
53848	53928	1	0.001577
53848	53833	3	0.004732
53848	53706	4	0.006309
53848	53613	1	0.001577
53848	54154	3	0.004732
53848	54064	1	0.001577
53848	54065	3	0.004732
53848	53347	5	0.007886
53848	53909	1	0.001577
53848	53882	394	0.621451
53848	53628	1	0.001577
53848	53018	4	0.006309
53848	52981	389	0.613565
53851	53856	98	0.116806
53851	53794	6	0.007151
53851	54072	1	0.001192
53851	53755	1	0.001192
53851	53278	1782	2.123957
53851	53919	838	0.998808
53853	53034	6	1.000000
53853	53843	6	1.000000
53853	53538	6	1.000000
53854	53913	2	0.285714
53854	53539	2	0.285714
53855	54072	1	0.017241
53855	53843	69	1.189655
53856	53851	2	0.027397
53856	53296	1	0.013699
53856	54072	1	0.013699
53856	53755	1	0.013699
53856	53278	155	2.123288
53856	53919	2	0.027397
53860	53632	9	0.003490
53860	53250	1	0.000388
53860	53131	1	0.000388
53860	53772	1	0.000388
53860	53654	2	0.000775
53860	53913	2	0.000775
53860	53018	1	0.000388
53860	54173	1	0.000388
53860	53022	1	0.000388
53860	53280	2	0.000775
53860	53927	1	0.000388
53860	53945	1	0.000388
53860	53437	1	0.000388
53860	54340	1	0.000388
53860	53366	1	0.000388
53860	52938	1	0.000388
53860	53324	2	0.000775
53860	53581	1	0.000388
53860	53840	2	0.000775
53860	54243	1	0.000388
53860	53207	1	0.000388
53860	53720	1	0.000388
53860	53466	1	0.000388
53860	53347	2	0.000775
53860	53225	1	0.000388
53860	53866	26	0.010081
53860	53613	1	0.000388
53860	54260	1	0.000388
53860	52981	2	0.000775
53860	54134	1	0.000388
53860	53610	4	0.001551
53860	53502	1	0.000388
53862	53632	2	0.002045
53862	53280	5	0.005112
53862	53185	1	0.001022
53862	53645	1	0.001022
53862	53381	4	0.004090
53862	54151	2	0.002045
53862	53928	3	0.003067
53862	54281	55	0.056237
53862	52938	13	0.013292
53862	53771	42	0.042945
53862	53613	4	0.004090
53862	53437	9	0.009202
53862	53498	1	0.001022
53862	53843	1029	1.052147
53862	52981	7	0.007157
53862	53048	2	0.002045
53862	54073	1	0.001022
53862	53018	1	0.001022
53862	53407	4	0.004090
53862	53610	3	0.003067
53862	53439	21	0.021472
53864	53538	1	0.009804
53864	53928	4	0.039216
53864	52938	1	0.009804
53864	53908	60	0.588235
53864	53034	1	0.009804
53864	53278	1	0.009804
53866	53760	7	0.005255
53866	53632	1	0.000751
53866	53142	1	0.000751
53866	54278	1	0.000751
53866	54279	1	0.000751
53866	54154	2	0.001502
53866	53003	1	0.000751
53866	53082	1	0.000751
53866	53645	6	0.004505
53866	53654	3	0.002252
53866	53913	84	0.063063
53866	53018	3	0.002252
53866	53148	9	0.006757
53866	54173	14	0.010511
53866	53278	2	0.001502
53866	53535	4	0.003003
53866	53280	12	0.009009
53866	53154	2	0.001502
53866	53539	1	0.000751
53866	53670	1	0.000751
53866	53927	1	0.000751
53866	53928	5	0.003754
53866	54151	2	0.001502
53866	53167	1	0.000751
53866	54065	9	0.006757
53866	53628	1	0.000751
53866	53662	2	0.001502
53866	54072	9	0.006757
53866	53049	41	0.030781
53866	52922	11	0.008258
53866	53407	2	0.001502
53866	53919	4	0.003003
53866	53437	6	0.004505
53866	53696	1	0.000751
53866	54337	4	0.003003
53866	53186	1	0.000751
53866	53771	1	0.000751
53866	54340	6	0.004505
53866	53155	2	0.001502
53866	53066	2	0.001502
53866	53324	18	0.013514
53866	53453	7	0.005255
53866	53581	5	0.003754
53866	53840	3	0.002252
53866	53203	3	0.002252
53866	53207	1	0.000751
53866	53466	4	0.003003
53866	53979	1	0.000751
53866	53213	15	0.011261
53866	53347	11	0.008258
53866	53860	22	0.016517
53866	53093	3	0.002252
53866	53116	1	0.000751
53866	53610	1	0.000751
53866	53538	2	0.001502
53866	53873	4	0.003003
53866	53843	6	0.004505
53866	54132	1	0.000751
53866	52981	10	0.007508
53866	53114	7	0.005255
53866	52938	1	0.000751
53870	54065	2	0.153846
53872	54083	102	3.187500
53872	53214	5558	173.687500
53873	54017	1	0.001280
53873	53380	1	0.001280
53873	53895	1	0.001280
53873	53131	1	0.001280
53873	52877	1	0.001280
53873	53520	1	0.001280
53873	54169	1	0.001280
53873	53280	1	0.001280
53873	54306	1	0.001280
53873	53156	1	0.001280
53873	54065	3	0.003841
53873	54188	1	0.001280
53873	53677	1	0.001280
53873	53553	1	0.001280
53873	53176	1	0.001280
53873	53049	1	0.001280
53873	53437	1	0.001280
53873	53310	1	0.001280
53873	54340	1	0.001280
53873	53962	1	0.001280
53873	53705	1	0.001280
53873	53066	12	0.015365
53873	53324	1	0.001280
53873	53840	1	0.001280
53873	54072	4	0.005122
53873	54098	1	0.001280
53873	53843	1	0.001280
53873	53945	7	0.008963
53873	53981	1	0.001280
53873	53347	1	0.001280
53873	53733	1	0.001280
53873	53971	1	0.001280
53873	53755	19	0.024328
53874	53843	4	1.000000
53874	53539	4	1.000000
53875	53538	7	0.022293
53875	53628	1	0.003185
53875	52938	1	0.003185
53875	53181	2	0.006369
53876	53296	82	0.921348
53876	53874	1	0.011236
53876	53278	82	0.921348
53878	53632	1	0.000287
53878	53538	1	0.000287
53878	53843	2	0.000574
53882	53632	6	0.181818
53882	53475	2	0.060606
53882	54312	2	0.060606
53882	54185	2	0.060606
53882	53706	2	0.060606
53882	54033	2	0.060606
53882	53833	2	0.060606
53882	53848	4	0.121212
53882	53021	2	0.060606
53883	53632	8	0.062992
53883	53610	4	0.031496
53883	53843	4	0.031496
53883	53437	6	0.047244
53883	54151	4	0.031496
53885	53632	1	0.001946
53885	54144	1	0.001946
53885	53252	3	0.005837
53885	54277	4	0.007782
53885	53126	3	0.005837
53885	53639	3	0.005837
53885	53897	1	0.001946
53885	53771	2	0.003891
53885	53005	6	0.011673
53885	53775	4	0.007782
53885	53148	1	0.001946
53885	54021	1	0.001946
53885	53280	5	0.009728
53885	53296	1	0.001946
53885	53155	3	0.005837
53885	54278	3	0.005837
53885	53031	4	0.007782
53885	53680	6	0.011673
53885	54072	5	0.009728
53885	53437	1	0.001946
53885	53696	1	0.001946
53885	53830	13	0.025292
53885	54217	5	0.009728
53885	53066	53	0.103113
53885	53840	2	0.003891
53885	53714	6	0.011673
53885	53610	1	0.001946
53885	53108	2	0.003891
53885	52981	2	0.003891
53885	53374	1	0.001946
53886	53280	2	0.009901
53886	54337	2	0.009901
53886	53931	1	0.004950
53886	53610	1	0.004950
53886	53834	1	0.004950
53886	53229	1	0.004950
53886	53645	1	0.004950
53886	53437	1	0.004950
53886	53840	1	0.004950
53886	53874	1	0.004950
53886	54131	1	0.004950
53886	53077	1	0.004950
53886	54072	5	0.024752
53886	53913	2	0.009901
53886	52890	1	0.004950
53886	52938	1	0.004950
53894	54079	1	0.001054
53894	54279	24	0.025290
53894	54297	6	0.006322
53894	53337	31	0.032666
53894	53913	23	0.024236
53894	53659	1	0.001054
53894	53276	26	0.027397
53894	54174	4	0.004215
53894	53919	21	0.022129
53894	53280	6	0.006322
53894	53794	6	0.006322
53894	53181	1	0.001054
53894	53162	6	0.006322
53894	54064	1	0.001054
53894	53686	2	0.002107
53894	53559	2	0.002107
53894	54072	3	0.003161
53894	53049	11	0.011591
53894	53563	3	0.003161
53894	54076	1	0.001054
53894	53437	5	0.005269
53894	53439	3	0.003161
53894	53792	3	0.003161
53894	53060	53	0.055848
53894	53576	6	0.006322
53894	53065	39	0.041096
53894	53834	9	0.009484
53894	52939	3	0.003161
53894	53843	4	0.004215
53894	52953	6	0.006322
53894	53856	15	0.015806
53894	53090	4	0.004215
53894	53347	75	0.079031
53894	53486	18	0.018967
53894	52975	17	0.017914
53894	53104	3	0.003161
53894	52981	7	0.007376
53894	53627	3	0.003161
53894	53373	4	0.004215
53895	53632	9	0.003510
53895	53381	1	0.000390
53895	54151	11	0.004290
53895	53386	1	0.000390
53895	53771	2	0.000780
53895	53645	1	0.000390
53895	54169	5	0.001950
53895	54298	1	0.000390
53895	53022	9	0.003510
53895	53791	1	0.000390
53895	53280	7	0.002730
53895	53538	19	0.007410
53895	53539	6	0.002340
53895	53928	23	0.008970
53895	53034	825	0.321763
53895	53296	1	0.000390
53895	53553	11	0.004290
53895	52915	9	0.003510
53895	54072	10	0.003900
53895	53945	1	0.000390
53895	52938	3	0.001170
53895	53185	2	0.000780
53895	53702	1	0.000390
53895	53066	8	0.003120
53895	53581	6	0.002340
53895	53840	1	0.000390
53895	53176	1	0.000390
53895	53843	13	0.005070
53895	53205	2	0.000780
53895	53467	9	0.003510
53895	53224	1	0.000390
53895	53866	1	0.000390
53895	53437	2	0.000780
53895	53873	2	0.000780
53895	52981	6	0.002340
53895	53610	8	0.003120
53896	53632	4	0.142857
53896	53913	1	0.035714
53897	53088	1	0.001072
53897	53843	1	0.001072
53897	53539	5	0.005359
53897	52999	7	0.007503
53898	53928	1	0.007194
53899	53816	1	0.005263
53899	53851	2	0.010526
53899	53843	1	0.005263
53900	54083	102	3.187500
53900	53214	5558	173.687500
53903	53280	1	0.006135
53903	53632	1	0.006135
53903	53155	2	0.012270
53903	53573	1	0.006135
53903	53990	1	0.006135
53903	54023	3	0.018405
53903	54185	2	0.012270
53903	54154	1	0.006135
53903	54284	1	0.006135
53903	53613	2	0.012270
53903	53551	1	0.006135
53903	53843	3	0.018405
53903	54003	1	0.006135
53903	52981	1	0.006135
53903	54281	1	0.006135
53903	53167	1	0.006135
53903	53437	1	0.006135
53903	53874	1	0.006135
53906	53632	2	0.005420
53906	53280	3	0.008130
53906	53518	3	0.008130
53906	54162	3	0.008130
53906	53843	2	0.005420
53906	53108	4	0.010840
53906	54072	7	0.018970
53906	53181	5	0.013550
53907	53538	2	0.010152
53907	53467	1	0.005076
53907	54340	1	0.005076
53907	52885	5	0.025381
53907	53389	5	0.025381
53908	53632	2	0.000608
53908	54274	15	0.004563
53908	53379	47	0.014299
53908	54023	7	0.002130
53908	54295	5	0.001521
53908	53391	10	0.003042
53908	54289	8	0.002434
53908	54162	2	0.000608
53908	53910	1	0.000304
53908	53913	2	0.000608
53908	53272	1	0.000304
53908	54169	55	0.016733
53908	54298	1	0.000304
53908	53278	2742	0.834195
53908	53280	16	0.004868
53908	53025	1	0.000304
53908	53538	2762	0.840280
53908	53539	1	0.000304
53908	53928	20	0.006085
53908	53034	2720	0.827502
53908	52909	16	0.004868
53908	53558	9	0.002738
53908	53431	2	0.000608
53908	53945	1	0.000304
53908	53437	8	0.002434
53908	53310	1	0.000304
53908	54340	2	0.000608
53908	53962	20	0.006085
53908	52938	1	0.000304
53908	53324	4	0.001217
53908	54093	18	0.005476
53908	53843	5	0.001521
53908	53433	8	0.002434
53908	53467	1	0.000304
53908	53984	9	0.002738
53908	54116	8	0.002434
53908	53613	1	0.000304
53908	53362	1	0.000304
53908	53875	1	0.000304
53908	53492	1	0.000304
53908	53624	2	0.000608
53909	53632	1	0.001346
53909	53763	3	0.004038
53909	54279	6	0.008075
53909	53771	2	0.002692
53909	52876	1	0.001346
53909	53645	1	0.001346
53909	53913	1	0.001346
53909	53018	2	0.002692
53909	53148	18	0.024226
53909	53661	1	0.001346
53909	54303	1	0.001346
53909	53280	17	0.022880
53909	54311	1	0.001346
53909	54065	3	0.004038
53909	54072	6	0.008075
53909	53565	1	0.001346
53909	54337	1	0.001346
53909	54338	2	0.002692
53909	53833	1	0.001346
53909	53706	1	0.001346
53909	53070	1	0.001346
53909	53840	1	0.001346
53909	53843	1	0.001346
53909	53848	1	0.001346
53909	53735	1	0.001346
53909	53613	3	0.004038
53909	52981	2	0.002692
53909	53628	7	0.009421
53910	53632	4	0.000683
53910	54274	1	0.000171
53910	53379	1	0.000171
53910	54020	3	0.000512
53910	53589	1	0.000171
53910	54023	2	0.000341
53910	53913	3	0.000512
53910	53259	3	0.000512
53910	53518	1	0.000171
53910	53391	1	0.000171
53910	53763	3	0.000512
53910	54295	1	0.000171
53910	54169	1	0.000171
53910	52890	1	0.000171
53910	53659	1	0.000171
53910	53404	1	0.000171
53910	53920	1	0.000171
53910	53025	1	0.000171
53910	53538	76	0.012976
53910	53467	2	0.000341
53910	53928	6	0.001024
53910	54185	1	0.000171
53910	53290	13	0.002220
53910	53931	1	0.000171
53910	52909	1	0.000171
53910	54065	1	0.000171
53910	52914	1	0.000171
53910	53939	6	0.001024
53910	53582	1	0.000171
53910	53558	1	0.000171
53910	53369	2	0.000341
53910	54072	27	0.004610
53910	53433	1	0.000171
53910	53564	2	0.000341
53910	53706	1	0.000171
53910	53696	1	0.000171
53910	53280	4	0.000683
53910	53954	1	0.000171
53910	54198	3201	0.546526
53910	53702	2	0.000341
53910	53962	1	0.000171
53910	53324	3	0.000512
53910	54093	1	0.000171
53910	53326	1	0.000171
53910	53455	6	0.001024
53910	53329	1	0.000171
53910	53843	3099	0.529110
53910	53077	1	0.000171
53910	53719	3	0.000512
53910	53592	1	0.000171
53910	53339	1	0.000171
53910	53984	1	0.000171
53910	53755	2	0.000341
53910	52965	3	0.000512
53910	54248	1	0.000171
53910	53097	1	0.000171
53910	53098	1	0.000171
53910	53034	2	0.000341
53910	53100	1	0.000171
53910	53741	1	0.000171
53910	53128	1	0.000171
53910	52975	2	0.000341
53910	53362	1	0.000171
53910	53875	1	0.000171
53910	54134	7	0.001195
53910	53878	2	0.000341
53910	53112	1	0.000171
53910	53088	2	0.000341
53910	53498	1	0.000171
53910	53371	1	0.000171
53910	53116	17	0.002903
53910	53373	1	0.000171
53910	54271	1	0.000171
53913	53632	1	0.000206
53913	52996	4	0.000822
53913	53894	1	0.000206
53913	54279	9	0.001850
53913	53256	9	0.001850
53913	53645	2	0.000411
53913	53140	1	0.000206
53913	54297	1	0.000206
53913	53018	4	0.000822
53913	54301	1	0.000206
53913	54174	1	0.000206
53913	53919	1	0.000206
53913	53792	1	0.000206
53913	53794	5	0.001028
53913	53928	2	0.000411
53913	53801	2	0.000411
53913	53296	9	0.001850
53913	54065	20	0.004111
53913	54072	4	0.000822
53913	54076	2	0.000411
53913	53437	4	0.000822
53913	54083	5	0.001028
53913	53060	2	0.000411
53913	53701	4	0.000822
53913	53065	1	0.000206
53913	53834	1	0.000206
53913	52939	1	0.000206
53913	53843	4849	0.996711
53913	53205	1	0.000206
53913	53847	1	0.000206
53913	53337	1	0.000206
53913	53467	2	0.000411
53913	53088	1	0.000206
53913	53347	5	0.001028
53913	53308	1	0.000206
53913	53486	3	0.000617
53913	53104	2	0.000411
53913	52981	8	0.001644
53914	53280	2	0.037037
53914	53632	1	0.018519
53914	53763	1	0.018519
53914	53610	1	0.018519
53914	53645	2	0.037037
53914	54301	3	0.055556
53914	53296	1	0.018519
53914	53840	1	0.018519
53914	53843	1	0.018519
53914	53437	1	0.018519
53914	53301	1	0.018519
53914	54072	1	0.018519
53914	53981	52	0.962963
53914	52981	3	0.055556
53915	53088	4	0.007055
53915	53280	4	0.007055
53915	53347	4	0.007055
53915	53444	1	0.001764
53915	53763	1	0.001764
53915	53702	1	0.001764
53915	53928	1	0.001764
53915	53613	1	0.001764
53915	54158	1	0.001764
53915	53583	1	0.001764
53915	53840	1	0.001764
53915	53843	1	0.001764
53915	54163	25	0.044092
53915	53589	1	0.001764
53915	54072	2	0.003527
53915	53913	2	0.003527
53915	53628	1	0.001764
53916	53702	1	0.017241
53916	53645	2	0.034483
53916	54065	2	0.034483
53916	54072	4	0.068966
53916	53018	1	0.017241
53916	53180	6	0.103448
53916	53437	2	0.034483
53919	53856	148	1.013699
53919	53568	1	0.006849
53919	53347	1	0.006849
53919	52975	1	0.006849
53919	53908	1	0.006849
53919	53913	1	0.006849
53919	53851	147	1.006849
53919	53278	293	2.006849
53920	54336	2	0.001652
53920	53632	1	0.000826
53920	53538	1160	0.957886
53920	53763	2	0.001652
53920	53984	2	0.001652
53920	53031	1	0.000826
53920	53928	1	0.000826
53920	54274	2	0.001652
53920	53100	1	0.000826
53920	53741	3	0.002477
53920	53437	1	0.000826
53920	54289	2	0.001652
53920	54132	1	0.000826
53920	53467	2	0.001652
53920	53116	12	0.009909
53920	53373	1	0.000826
53922	53280	1	0.004115
53922	53347	49	0.201646
53922	53894	1	0.004115
53922	53065	4	0.016461
53922	53610	2	0.008230
53922	52975	6	0.024691
53922	53843	1	0.004115
53922	53431	1	0.004115
53922	53437	4	0.016461
53922	53919	1	0.004115
53923	53323	1	0.017544
53923	54075	1	0.017544
53927	53632	1	0.002252
53927	53866	2	0.004505
53928	53632	12	0.007717
53928	53381	2	0.001286
53928	54279	1	0.000643
53928	53771	10	0.006431
53928	53391	3	0.001929
53928	54176	1	0.000643
53928	53538	32	0.020579
53928	53539	18	0.011576
53928	53816	1	0.000643
53928	53678	1	0.000643
53928	54259	1	0.000643
53928	53172	2	0.001286
53928	53467	7	0.004502
53928	53048	4	0.002572
53928	53066	1	0.000643
53928	53702	4	0.002572
53928	52938	25	0.016077
53928	54072	15	0.009646
53928	53843	1577	1.014148
53928	53647	1	0.000643
53928	53471	4	0.002572
53928	53613	20	0.012862
53928	53437	1557	1.001286
53928	54131	3	0.001929
53928	52981	6	0.003859
53928	53110	2	0.001286
53929	53280	3	0.002114
53929	53702	2	0.001409
53929	53066	24	0.016913
53929	53654	8	0.005638
53929	54072	8	0.005638
53929	53913	3	0.002114
53929	54173	3	0.002114
53931	54176	1	0.003509
53931	53538	13	0.045614
53931	53928	2	0.007018
53931	54025	1	0.003509
53931	53613	1	0.003509
53931	54093	4	0.014035
53931	53362	1	0.003509
53931	53843	250	0.877193
53931	54198	5	0.017544
53931	53755	1	0.003509
53931	54271	3	0.010526
53933	54340	27	0.341772
53936	53280	2	0.002210
53936	53763	1	0.001105
53936	53444	1	0.001105
53936	54248	4	0.004420
53936	54284	1	0.001105
53936	53613	2	0.002210
53936	54190	3	0.003315
53936	53645	2	0.002210
53936	53840	1	0.001105
53936	53407	1	0.001105
53936	52882	794	0.877348
53936	53347	1	0.001105
53936	53874	1	0.001105
53936	53913	1	0.001105
53936	53018	4	0.004420
53936	53167	1	0.001105
53936	53855	1	0.001105
53937	53110	5	0.005938
53939	53280	2	0.002628
53939	53763	1	0.001314
53939	54020	142	0.186597
53939	53290	7	0.009198
53939	53645	1	0.001314
53939	53347	2	0.002628
53939	53301	1	0.001314
53939	53910	2	0.002628
53939	54072	1	0.001314
53939	53913	3	0.003942
53939	53628	10	0.013141
53939	52981	8	0.010512
53940	54284	2	0.001735
53940	53005	79	0.068517
53940	53913	5	0.004337
53940	53572	1	0.000867
53940	53018	1	0.000867
53940	53406	5	0.004337
53940	53280	24	0.020815
53940	53467	1	0.000867
53940	54065	10	0.008673
53940	54072	13	0.011275
53940	53693	1	0.000867
53940	52981	19	0.016479
53940	53792	7	0.006071
53940	53444	6	0.005204
53940	53840	6	0.005204
53940	53337	1	0.000867
53940	53339	1	0.000867
53940	53468	1	0.000867
53940	53347	3	0.002602
53940	53613	1	0.000867
53940	52975	1	0.000867
53940	53749	12	0.010408
53945	53632	2	0.001266
53945	54144	1	0.000633
53945	54281	1	0.000633
53945	53407	10	0.006329
53945	53280	2	0.001266
53945	53928	1	0.000633
53945	53549	1	0.000633
53945	54072	3	0.001899
53945	53437	3	0.001899
53945	53310	1	0.000633
53945	54340	4	0.002532
53945	53702	1	0.000633
53945	53066	12	0.007595
53945	53581	1	0.000633
53945	53843	1	0.000633
53945	53467	3	0.001899
53945	53088	1	0.000633
53945	53613	1	0.000633
53945	53873	37	0.023418
53945	53874	2	0.001266
53945	52981	5	0.003165
53945	53374	2	0.001266
53948	53280	3	0.005736
53948	54336	1	0.001912
53948	53539	1	0.001912
53948	53830	3	0.005736
53948	54280	1	0.001912
53948	53098	3	0.005736
53948	53515	1	0.001912
53948	53245	1	0.001912
53948	53840	3	0.005736
53948	54223	1	0.001912
53948	52981	1	0.001912
53948	54231	1	0.001912
53948	53047	1	0.001912
53948	53497	1	0.001912
53948	53018	3	0.005736
53948	53295	1	0.001912
53948	52892	1	0.001912
53948	53437	3	0.005736
53948	54270	1	0.001912
53948	53913	5	0.009560
53950	53280	1	0.005376
53952	54305	2	0.250000
53952	53636	2	0.250000
53952	54150	2	0.250000
53952	54246	2	0.250000
53952	53745	2	0.250000
53952	53641	2	0.250000
53952	54215	2	0.250000
53952	53260	2	0.250000
53952	54300	2	0.250000
53952	53297	2	0.250000
53952	52979	2	0.250000
53952	53492	2	0.250000
53952	53814	2	0.250000
53952	53174	2	0.250000
53952	53240	2	0.250000
53952	52932	2	0.250000
53952	53436	2	0.250000
53952	53789	2	0.250000
53952	53241	2	0.250000
53954	53632	2	0.003263
53954	53538	11	0.017945
53954	53895	1	0.001631
53954	53386	2	0.003263
53954	53455	2	0.003263
53954	53776	1	0.001631
53954	53205	16	0.026101
53954	53018	1	0.001631
53954	53116	2	0.003263
53954	53437	1	0.001631
53955	53120	1309	0.943764
53955	53025	1	0.000721
53955	53883	2	0.001442
53955	53347	14	0.010094
53955	53280	1	0.000721
53955	53928	1	0.000721
53955	53065	3	0.002163
53955	53610	2	0.001442
53955	54065	1	0.000721
53955	53632	4	0.002884
53955	53843	2	0.001442
53955	52981	6	0.004326
53955	53782	30	0.021629
53955	54336	6	0.004326
53955	54072	4	0.002884
53955	53913	1	0.000721
53955	53979	2	0.001442
53955	54334	30	0.021629
53958	54336	1	0.001453
53958	53280	2	0.002907
53958	53763	1	0.001453
53958	54340	1	0.001453
53958	54301	1	0.001453
53958	54065	1	0.001453
53958	53018	2	0.002907
53958	53373	1	0.001453
53960	53154	1	0.000388
53960	53928	4	0.001551
53960	53873	1	0.000388
53960	53272	47	0.018224
53960	54297	2	0.000775
53960	53437	1	0.000388
53962	54144	6	0.004501
53962	53632	1	0.000750
53962	53250	1	0.000750
53962	53895	2	0.001500
53962	54281	1	0.000750
53962	53386	2	0.001500
53962	54034	1	0.000750
53962	53908	1	0.000750
53962	52885	1	0.000750
53962	53910	1	0.000750
53962	53791	6	0.004501
53962	53280	6	0.004501
53962	53538	18	0.013503
53962	53928	2	0.001500
53962	53034	1	0.000750
53962	53296	2	0.001500
53962	53437	10	0.007502
53962	52914	1	0.000750
53962	53433	1	0.000750
53962	53564	1	0.000750
53962	53322	3	0.002251
53962	53706	1	0.000750
53962	54340	2	0.001500
53962	53702	1	0.000750
53962	52938	2	0.001500
53962	53324	6	0.004501
53962	54306	1	0.000750
53962	54154	2	0.001500
53962	53455	1	0.000750
53962	53467	2	0.001500
53962	53468	1	0.000750
53962	53347	3	0.002251
53962	53097	1	0.000750
53962	53100	1	0.000750
53962	53487	2	0.001500
53962	53362	1	0.000750
53962	53875	1	0.000750
53962	53112	2	0.001500
53962	53116	4	0.003001
53962	53373	3	0.002251
53962	53154	3	0.002251
53964	54336	1	0.002203
53964	53280	1	0.002203
53964	53224	2	0.004405
53964	53840	2	0.004405
53964	53553	1	0.002203
53964	53874	1	0.002203
53964	52981	1	0.002203
53964	53437	1	0.002203
53965	53280	2	0.001608
53965	53347	27	0.021704
53965	54116	1	0.000804
53965	53386	3	0.002412
53965	53388	1	0.000804
53965	52975	1	0.000804
53965	53840	1	0.000804
53965	54072	1	0.000804
53965	53843	1	0.000804
53965	53043	7	0.005627
53965	52981	3	0.002412
53965	53112	11	0.008842
53965	53913	3	0.002412
53965	53018	1	0.000804
53965	53755	1	0.000804
53965	54301	1	0.000804
53965	53437	2	0.001608
53965	54308	2	0.001608
53968	53280	20	0.021668
53968	54083	35	0.037920
53968	54278	29	0.031419
53968	54225	14	0.015168
53968	53628	2	0.002167
53968	53645	2	0.002167
53968	54065	3	0.003250
53968	53874	1	0.001083
53968	53347	2	0.002167
53968	52981	5	0.005417
53968	54072	9	0.009751
53968	53913	11	0.011918
53968	54076	2	0.002167
53968	53214	1	0.001083
53971	53632	1	0.018182
53971	53618	55	1.000000
53971	53628	1	0.018182
53974	53632	3	0.003778
53975	53280	4	0.004255
53975	53538	5	0.005319
53975	53628	4	0.004255
53975	53386	2	0.002128
53975	52878	4	0.004255
53975	53116	4	0.004255
53976	54336	1	0.001071
53976	53280	1	0.001071
53976	53538	3	0.003212
53976	53539	1	0.001071
53976	54340	2	0.002141
53976	53895	1	0.001071
53976	53116	7	0.007495
53976	53066	5	0.005353
53976	53771	1	0.001071
53976	53324	1	0.001071
53976	53613	1	0.001071
53976	53632	1	0.001071
53976	53074	2	0.002141
53976	53843	1	0.001071
53976	53624	909	0.973233
53976	53572	1	0.001071
53976	53628	2	0.002141
53976	52938	3	0.003212
53976	53022	1	0.001071
53979	53632	7	0.002641
53979	53763	8	0.003018
53979	54277	1	0.000377
53979	54278	3	0.001132
53979	54151	3	0.001132
53979	53645	2	0.000754
53979	53613	4	0.001509
53979	53914	1	0.000377
53979	53148	13	0.004904
53979	53381	9	0.003395
53979	53280	2	0.000754
53979	53680	1	0.000377
53979	53539	2652	1.000377
53979	53412	1	0.000377
53979	53702	1	0.000377
53979	53805	1	0.000377
53979	52912	1	0.000377
53979	53171	1	0.000377
53979	54072	1	0.000377
53979	53437	9	0.003395
53979	53310	1	0.000377
53979	54337	6	0.002263
53979	53186	1	0.000377
53979	53446	2	0.000754
53979	54217	1	0.000377
53979	53066	3	0.001132
53979	53389	3	0.001132
53979	53714	1	0.000377
53979	53155	1	0.000377
53979	54308	1	0.000377
53979	53082	1	0.000377
53979	53467	1	0.000377
53979	53866	1	0.000377
53979	53101	1	0.000377
53979	53102	5	0.001886
53979	53874	2	0.000754
53979	53843	1	0.000377
53979	52981	15	0.005658
53979	53883	4	0.001509
53979	53610	2	0.000754
53979	53374	2	0.000754
53980	53928	6	0.023166
53980	54281	1	0.003861
53980	52938	1	0.003861
53981	53984	1	0.007407
53981	53280	2	0.014815
53981	53347	1	0.007407
53981	53156	1	0.007407
53981	53066	1	0.007407
53981	52877	1	0.007407
53981	53873	1	0.007407
53981	53074	1	0.007407
53981	53368	1	0.007407
53981	53913	3	0.022222
53981	53914	1	0.007407
53981	53018	2	0.014815
53984	53632	8	0.006159
53984	53379	2	0.001540
53984	53895	10	0.007698
53984	53386	6	0.004619
53984	53138	2	0.001540
53984	53908	1	0.000770
53984	53910	10	0.007698
53984	53913	3	0.002309
53984	53538	1	0.000770
53984	53928	6	0.004619
53984	52909	2	0.001540
53984	53296	3	0.002309
53984	54072	1	0.000770
53984	53437	2	0.001540
53984	54340	6	0.004619
53984	52938	3	0.002309
53984	53324	10	0.007698
53984	53840	3	0.002309
53984	53467	27	0.020785
53984	53468	3	0.002309
53984	53981	2	0.001540
53984	53609	4	0.003079
53984	53100	10	0.007698
53984	53487	3	0.002309
53984	52981	2	0.001540
53984	53112	2	0.001540
53984	53116	2	0.001540
53984	53373	7	0.005389
53985	53280	8	0.015748
53985	54336	1	0.001969
53985	53538	1	0.001969
53985	54340	4	0.007874
53985	54065	5	0.009843
53985	53928	2	0.003937
53985	53710	4	0.007874
53985	54289	53	0.104331
53985	53632	2	0.003937
53985	53913	4	0.007874
53990	53280	1	0.003436
53990	53104	4	0.013746
53990	53155	17	0.058419
53990	53060	4	0.013746
53990	54279	2	0.006873
53990	53833	4	0.013746
53990	53874	2	0.006873
53990	53230	1	0.003436
53990	53551	1	0.003436
53990	53296	4	0.013746
53990	54065	15	0.051546
53990	54290	6	0.020619
53990	54072	1	0.003436
53990	53913	34	0.116838
53990	53018	1	0.003436
53990	53468	4	0.013746
53993	53696	6	0.025424
53993	53065	2	0.008475
53993	53840	2	0.008475
53993	52981	1	0.004237
53993	53913	7	0.029661
53993	53018	1	0.004237
53994	53632	5	0.002333
53994	54336	1	0.000467
53994	53122	6	0.002800
53994	53803	2	0.000933
53994	53782	2	0.000933
53994	54151	5	0.002333
53994	53128	20	0.009333
53994	54281	2	0.000933
53994	54154	8	0.003733
53994	53259	1	0.000467
53994	53134	1	0.000467
53994	53775	1	0.000467
53994	53592	1	0.000467
53994	54163	119	0.055530
53994	53910	130	0.060663
53994	53895	2	0.000933
53994	53148	1	0.000467
53994	53021	1	0.000467
53994	53280	2	0.000933
53994	52912	2	0.000933
53994	53538	23	0.010733
53994	53539	1	0.000467
53994	53928	4	0.001867
53994	53034	1	0.000467
53994	54279	1	0.000467
53994	53549	1	0.000467
53994	53362	1	0.000467
53994	53296	1	0.000467
53994	54065	3	0.001400
53994	53467	4	0.001867
53994	54025	1	0.000467
53994	54072	5	0.002333
53994	53433	1	0.000467
53994	53437	1	0.000467
53994	53696	9	0.004200
53994	53572	1	0.000467
53994	53447	50	0.023332
53994	53833	1	0.000467
53994	53706	1	0.000467
53994	53324	2	0.000933
53994	54093	1	0.000467
53994	53582	1	0.000467
53994	53455	3	0.001400
53994	53112	1	0.000467
53994	54144	1	0.000467
53994	53843	29	0.013532
53994	54100	123	0.057396
53994	53589	39	0.018199
53994	53719	1	0.000467
53994	53208	19	0.008866
53994	53339	2	0.000933
53994	53025	2	0.000933
53994	53087	6	0.002800
53994	53088	14	0.006533
53994	52965	56318	26.279981
53994	53097	6	0.002800
53994	53610	13	0.006066
53994	53100	4	0.001867
53994	53613	1	0.000467
53994	53874	1	0.000467
53994	52981	12	0.005600
53994	53624	1	0.000467
53994	53371	1	0.000467
53994	53373	2	0.000933
53995	52981	1	0.021277
53995	54110	7	0.148936
53996	53928	17	0.073593
53997	53280	7	0.013917
53997	54151	6	0.011928
53997	53928	2	0.003976
53997	53610	6	0.011928
53997	53874	1	0.001988
53997	53018	2	0.003976
53998	52880	204	0.677741
53998	53018	204	0.677741
53998	53771	204	0.677741
53999	53513	39	0.886364
53999	52964	158	3.590909
54001	53280	1	0.004808
54001	53763	1	0.004808
54001	53608	1	0.004808
54001	53066	3	0.014423
54001	54072	1	0.004808
54001	53840	1	0.004808
54001	53873	1	0.004808
54001	53843	1	0.004808
54001	54328	64	0.307692
54001	53018	1	0.004808
54001	53628	1	0.004808
54003	53280	13	0.007471
54003	53347	9	0.005172
54003	53060	2	0.001149
54003	54277	10	0.005747
54003	54191	9	0.005172
54003	53840	1	0.000575
54003	54072	1	0.000575
54003	53913	1	0.000575
54003	53018	2	0.001149
54003	53628	1	0.000575
54004	54016	2	0.003086
54004	53509	2	0.003086
54004	53572	1	0.001543
54004	54281	1	0.001543
54004	53910	2	0.003086
54004	53913	6	0.009259
54004	52890	1	0.001543
54004	53538	679	1.047840
54004	53034	7	0.010802
54004	53803	1	0.001543
54004	52914	679	1.047840
54004	52915	1	0.001543
54004	54326	2	0.003086
54004	54072	4	0.006173
54004	53564	1	0.001543
54004	54340	1	0.001543
54004	53446	1	0.001543
54004	53706	1	0.001543
54004	53582	3	0.004630
54004	53455	43847	67.665123
54004	53586	2	0.003086
54004	53719	2	0.003086
54004	54237	2	0.003086
54004	53345	767	1.183642
54004	53606	2	0.003086
54004	53613	1	0.001543
54004	53487	684	1.055556
54004	53362	2	0.003086
54004	53878	2	0.003086
54004	53498	1	0.001543
54005	53632	5	0.004730
54005	54279	1	0.000946
54005	53005	87	0.082308
54005	53913	5	0.004730
54005	53657	1	0.000946
54005	53278	5	0.004730
54005	54047	35	0.033113
54005	53280	2	0.001892
54005	53025	1	0.000946
54005	53539	7	0.006623
54005	54181	34	0.032167
54005	53928	1	0.000946
54005	54065	1	0.000946
54005	54072	12	0.011353
54005	53562	1	0.000946
54005	53919	10	0.009461
54005	54083	4	0.003784
54005	53843	7	0.006623
54005	53336	33	0.031220
54005	53214	194	0.183538
54005	53856	6	0.005676
54005	53094	27	0.025544
54005	52977	3	0.002838
54005	52981	6	0.005676
54005	53883	2	0.001892
54006	52981	2	0.021277
54007	53280	2	0.080000
54007	53645	4	0.160000
54007	54072	2	0.080000
54007	53913	26	1.040000
54007	53018	6	0.240000
54007	53437	1	0.040000
54009	54083	102	3.187500
54009	53214	5558	173.687500
54011	54308	3	0.028571
54014	53843	18	1.000000
54014	53339	369	20.500000
54014	53538	1	0.055556
54014	53386	5	0.277778
54016	53018	1	0.000655
54016	53090	2	0.001311
54016	53805	119	0.077982
54017	53280	13	0.024715
54017	53104	3	0.005703
54017	53058	491	0.933460
54017	53347	6	0.011407
54017	53066	42	0.079848
54017	54284	1	0.001901
54017	53840	5	0.009506
54017	53539	1	0.001901
54017	52981	510	0.969582
54017	54072	2	0.003802
54017	53018	1	0.001901
54019	53632	2	0.001832
54019	53345	1	0.000916
54019	53538	3	0.002747
54019	53467	1	0.000916
54019	53895	1	0.000916
54019	54154	1	0.000916
54019	53362	9	0.008242
54019	53455	1	0.000916
54019	52914	2	0.001832
54019	53843	1	0.000916
54019	53487	7	0.006410
54019	53278	2	0.001832
54020	53280	1	0.009434
54020	53347	1	0.009434
54020	53290	2	0.018868
54020	53645	1	0.009434
54020	53939	1820	17.169811
54020	52981	2	0.018868
54020	54072	1	0.009434
54020	53628	4	0.037736
54020	53301	1	0.009434
54021	53280	1	0.004717
54021	54337	1	0.004717
54021	53418	168	0.792453
54021	52981	1	0.004717
54021	53913	1	0.004717
54021	53018	1	0.004717
54021	53386	1	0.004717
54021	52958	171	0.806604
54023	53632	2	0.000925
54023	53895	1	0.000463
54023	53518	1	0.000463
54023	53910	1	0.000463
54023	53404	1	0.000463
54023	54176	2	0.000925
54023	53538	5	0.002313
54023	53155	2	0.000925
54023	53803	2	0.000925
54023	52914	1	0.000463
54023	53431	1	0.000463
54023	53706	1	0.000463
54023	53280	2	0.000925
54023	53447	1	0.000463
54023	53962	1	0.000463
54023	53833	1	0.000463
54023	52938	4	0.001850
54023	53324	1	0.000463
54023	53205	1	0.000463
54023	53208	1	0.000463
54023	53097	1	0.000463
54023	53489	1	0.000463
54023	53362	1	0.000463
54023	53498	1	0.000463
54023	53116	7	0.003238
54023	53373	1	0.000463
54023	53589	3	0.001388
54025	53632	2	0.001001
54025	53782	1	0.000500
54025	53895	2	0.001001
54025	53386	4	0.002001
54025	53910	2	0.001001
54025	53280	2	0.001001
54025	53538	4	0.002001
54025	53928	6	0.003002
54025	52912	1	0.000500
54025	53572	1	0.000500
54025	53447	1	0.000500
54025	52938	1	0.000500
54025	53324	1	0.000500
54025	53840	2	0.001001
54025	53843	2	0.001001
54025	53589	2	0.001001
54025	53208	1	0.000500
54025	53467	1	0.000500
54025	53471	1	0.000500
54025	53088	7	0.003502
54025	53097	2	0.001001
54025	53483	1	0.000500
54025	53613	2	0.001001
54025	52981	1	0.000500
54025	53373	2	0.001001
54028	53280	1	0.006897
54028	53444	1	0.006897
54028	54151	2	0.013793
54028	53162	1	0.006897
54028	53645	1	0.006897
54028	53840	1	0.006897
54028	54065	4	0.027586
54028	53205	80	0.551724
54028	54072	2	0.013793
54028	53628	1	0.006897
54028	53610	1	0.006897
54028	52981	2	0.013793
54029	53913	1	0.001479
54030	52929	1	0.006757
54030	53538	138	0.932432
54030	53116	1	0.006757
54031	53034	1	0.001992
54031	53771	1	0.001992
54031	53437	1	0.001992
54034	54072	14	1.000000
54034	53370	16	1.142857
54034	53437	1	0.071429
54034	53407	1	0.071429
54035	53280	23	0.030184
54035	53154	5	0.006562
54035	53347	6	0.007874
54035	53702	1	0.001312
54035	53608	6	0.007874
54035	54154	14	0.018373
54035	53840	6	0.007874
54035	53843	1	0.001312
54035	52981	12	0.015748
54035	53654	1	0.001312
54035	54072	8	0.010499
54035	53018	15	0.019685
54035	53628	6	0.007874
54035	54301	6	0.007874
54035	53374	1	0.001312
54035	53503	747	0.980315
54036	53632	4	0.001887
54036	54017	1	0.000472
54036	53381	2	0.000943
54036	54151	8	0.003774
54036	54281	1	0.000472
54036	53771	2	0.000943
54036	54284	1	0.000472
54036	53645	2	0.000943
54036	52880	1	0.000472
54036	53654	1	0.000472
54036	53913	2	0.000943
54036	53018	7	0.003302
54036	53148	1	0.000472
54036	54301	3	0.001415
54036	53658	1	0.000472
54036	53280	13	0.006132
54036	53154	1	0.000472
54036	53539	1	0.000472
54036	53286	1	0.000472
54036	54065	1	0.000472
54036	53928	4	0.001887
54036	53788	2	0.000943
54036	54188	1	0.000472
54036	53677	394	0.185849
54036	54173	1	0.000472
54036	53553	1	0.000472
54036	53301	1	0.000472
54036	54328	1	0.000472
54036	53962	2	0.000943
54036	54336	1	0.000472
54036	53074	1	0.000472
54036	54340	12	0.005660
54036	53705	1	0.000472
54036	53066	33	0.015566
54036	53324	1	0.000472
54036	53538	2	0.000943
54036	54072	11	0.005189
54036	54098	1	0.000472
54036	53843	7	0.003302
54036	53468	6	0.002830
54036	53347	4	0.001887
54036	53610	8	0.003774
54036	53613	3	0.001415
54036	53104	2	0.000943
54036	53873	2	0.000943
54036	54260	5	0.002358
54036	52981	6	0.002830
54036	53628	4	0.001887
54037	54144	2	0.105263
54037	53257	3	0.157895
54037	53347	295	15.526316
54039	53467	4	1.333333
54040	53928	2	0.010101
54040	53280	1	0.005051
54041	53840	1	0.012195
54041	53065	1	0.012195
54041	53280	1	0.012195
54045	53280	4	0.008811
54045	54337	2	0.004405
54045	53763	4	0.008811
54045	53060	301	0.662996
54045	53259	2	0.004405
54045	53645	4	0.008811
54045	53296	2	0.004405
54045	54065	2	0.004405
54045	52981	4	0.008811
54045	53685	301	0.662996
54045	54072	2	0.004405
54045	53913	14	0.030837
54045	53437	301	0.662996
54045	53301	301	0.662996
54046	53928	1	0.032258
54047	54279	1	0.002342
54049	54274	1	0.001082
54049	53763	2	0.002165
54049	53771	1	0.001082
54049	54295	1	0.001082
54049	54296	1	0.001082
54049	54297	1	0.001082
54049	53280	12	0.012987
54049	53801	1	0.001082
54049	54317	1	0.001082
54049	54319	1	0.001082
54049	53296	2	0.002165
54049	54336	1	0.001082
54049	54340	6	0.006494
54049	53321	1	0.001082
54049	53840	1	0.001082
54049	53843	68973	74.646104
54049	53860	2	0.002165
54049	53339	3	0.003247
54049	53348	1	0.001082
54049	53437	6	0.006494
54049	53873	2	0.002165
54049	53362	3	0.003247
54049	53875	2	0.002165
54049	53371	4	0.004329
54049	53372	1	0.001082
54049	53373	1	0.001082
54049	53382	2	0.002165
54049	53895	1	0.001082
54049	52874	2	0.002165
54049	52878	1	0.001082
54049	53903	2	0.002165
54049	53908	2	0.002165
54049	53910	6	0.006494
54049	53913	10	0.010823
54049	53915	1	0.001082
54049	52892	3	0.003247
54049	53928	9	0.009740
54049	52909	2	0.002165
54049	52914	2	0.002165
54049	53435	1	0.001082
54049	52938	3	0.003247
54049	52936	1	0.001082
54049	53962	1	0.001082
54049	53963	1	0.001082
54049	53965	1	0.001082
54049	52941	1	0.001082
54049	53456	1	0.001082
54049	53971	1	0.001082
54049	53467	19	0.020563
54049	53468	3	0.003247
54049	53471	1	0.001082
54049	53883	14	0.015152
54049	52965	8	0.008658
54049	52981	4	0.004329
54049	53497	1	0.001082
54049	54016	1	0.001082
54049	53120	1	0.001082
54049	54019	1	0.001082
54049	54023	1	0.001082
54049	54025	1	0.001082
54049	53003	1	0.001082
54049	54036	1	0.001082
54049	53016	1	0.001082
54049	53018	2	0.002165
54049	53538	1	0.001082
54049	54051	1	0.001082
54049	53032	1	0.001082
54049	53213	1	0.001082
54049	54064	1	0.001082
54049	54065	5	0.005411
54049	54072	5	0.005411
54049	54074	2	0.002165
54049	53565	2	0.002165
54049	53566	1	0.001082
54049	54083	6	0.006494
54049	54093	2	0.002165
54049	53074	2	0.002165
54049	53589	1	0.001082
54049	53590	3	0.003247
54049	53594	1	0.001082
54049	53599	5	0.005411
54049	53088	1	0.001082
54049	53097	3	0.003247
54049	53098	1	0.001082
54049	53628	1	0.001082
54049	53632	24	0.025974
54049	53129	3	0.003247
54049	53131	1	0.001082
54049	54158	1	0.001082
54049	54162	1	0.001082
54049	54169	3	0.003247
54049	53146	1	0.001082
54049	54171	1	0.001082
54049	53156	1	0.001082
54049	53680	1	0.001082
54049	53681	1	0.001082
54049	53180	1	0.001082
54049	53181	3	0.003247
54049	53185	2	0.002165
54049	53186	1	0.001082
54049	53701	1	0.001082
54049	54222	1	0.001082
54049	53205	1	0.001082
54049	53212	1	0.001082
54049	54237	1	0.001082
54049	53222	2	0.002165
54049	53223	1	0.001082
54049	53740	1	0.001082
54049	53586	2	0.002165
54049	53874	1	0.001082
54049	54262	1	0.001082
54049	54271	3	0.003247
54051	53696	1	0.020000
54051	54021	1	0.020000
54051	53005	1	0.020000
54051	53913	13	0.260000
54051	53916	1	0.020000
54051	53280	1	0.020000
54051	53155	1	0.020000
54051	53412	1	0.020000
54051	53670	1	0.020000
54051	53805	1	0.020000
54051	53680	1	0.020000
54051	53171	2	0.040000
54051	54072	3	0.060000
54051	54074	1	0.020000
54051	54336	1	0.020000
54051	53830	1	0.020000
54051	54217	1	0.020000
54051	53066	1	0.020000
54051	53645	6	0.120000
54051	53714	1	0.020000
54051	53467	1	0.020000
54051	54116	1	0.020000
54051	54250	1	0.020000
54051	52981	3	0.060000
54051	53242	1	0.020000
54051	53886	1	0.020000
54057	53280	1	0.006494
54057	53540	2	0.012987
54057	53843	1	0.006494
54057	53018	15	0.097403
54057	54301	1	0.006494
54057	52926	250	1.623377
54058	53913	2	0.052632
54060	53763	2	0.003454
54060	54278	3	0.005181
54060	53280	1	0.001727
54060	53168	1	0.001727
54060	54307	1	0.001727
54060	54308	1	0.001727
54060	52938	5	0.008636
54060	53290	1	0.001727
54060	53805	3	0.005181
54060	54320	1	0.001727
54060	53809	1	0.001727
54060	53811	1	0.001727
54060	53310	1	0.001727
54060	54336	1	0.001727
54060	54337	1	0.001727
54060	53979	508	0.877375
54060	53323	1	0.001727
54060	53843	6	0.010363
54060	53339	1	0.001727
54060	53870	1	0.001727
54060	53368	2	0.003454
54060	53883	2	0.003454
54060	53381	1	0.001727
54060	53389	515	0.889465
54060	52884	1	0.001727
54060	53910	1	0.001727
54060	53402	1	0.001727
54060	53916	1	0.001727
54060	53412	1	0.001727
54060	53914	1	0.001727
54060	52912	1	0.001727
54060	52920	1	0.001727
54060	53437	3	0.005181
54060	53962	2	0.003454
54060	52942	1	0.001727
54060	54051	1	0.001727
54060	53540	1	0.001727
54060	53467	1	0.001727
54060	52963	1	0.001727
54060	53477	1	0.001727
54060	53202	1	0.001727
54060	54006	1	0.001727
54060	54007	1	0.001727
54060	53496	1	0.001727
54060	54021	2	0.003454
54060	54023	1	0.001727
54060	53005	1	0.001727
54060	54045	1	0.001727
54060	53893	1	0.001727
54060	53539	1	0.001727
54060	53028	2	0.003454
54060	53031	1	0.001727
54060	54072	6	0.010363
54060	53562	2	0.003454
54060	54079	2	0.003454
54060	53066	1	0.001727
54060	53068	1	0.001727
54060	54093	2	0.003454
54060	53082	1	0.001727
54060	54074	1	0.001727
54060	54110	1	0.001727
54060	53609	1	0.001727
54060	53610	3	0.005181
54060	53611	1	0.001727
54060	53101	1	0.001727
54060	54126	1	0.001727
54060	53108	1	0.001727
54060	53116	18	0.031088
54060	53632	9	0.015544
54060	54151	2	0.003454
54060	53658	1	0.001727
54060	53148	529	0.913644
54060	53149	2	0.003454
54060	53155	2	0.003454
54060	53670	1	0.001727
54060	53680	1	0.001727
54060	53171	1	0.001727
54060	54206	1	0.001727
54060	53186	1	0.001727
54060	54217	2	0.003454
54060	54221	1	0.001727
54060	53710	1	0.001727
54060	53200	1	0.001727
54060	53714	1	0.001727
54060	54250	1	0.001727
54060	53742	1	0.001727
54060	54264	1	0.001727
54060	53242	1	0.001727
54060	54271	1	0.001727
54064	54144	1	0.001736
54064	54279	2	0.003472
54064	53645	2	0.003472
54064	53913	5	0.008681
54064	53018	3	0.005208
54064	53659	3	0.005208
54064	54301	3	0.005208
54064	53407	2	0.003472
54064	53280	4	0.006944
54064	53670	11	0.019097
54064	53431	2	0.003472
54064	54072	3	0.005208
54064	54076	1	0.001736
54064	53693	2	0.003472
54064	53065	2	0.003472
54064	53840	12	0.020833
54064	53843	2	0.003472
54064	52953	1	0.001736
54064	53467	1	0.001736
54064	53347	12	0.020833
54064	53486	199	0.345486
54064	53437	1	0.001736
54064	53106	445	0.772569
54064	52981	2	0.003472
54064	54271	5	0.008681
54065	54278	1	0.001239
54065	54279	3	0.003717
54065	54028	1	0.001239
54065	53487	1	0.001239
54065	52881	1	0.001239
54065	53913	14	0.017348
54065	53018	46	0.057001
54065	54171	1	0.001239
54065	53407	1	0.001239
54065	53280	1	0.001239
54065	53539	1	0.001239
54065	54072	1	0.001239
54065	53437	2	0.002478
54065	54340	1	0.001239
54065	53074	1	0.001239
54065	53205	3	0.003717
54065	53467	4	0.004957
54065	53468	2	0.002478
54065	53224	1	0.001239
54065	53866	1	0.001239
54065	52975	1	0.001239
54065	53874	1	0.001239
54065	53875	1	0.001239
54065	52981	4	0.004957
54065	53369	1	0.001239
54065	53883	2	0.002478
54065	53373	1	0.001239
54065	53589	1	0.001239
54066	53632	8	0.011236
54068	53608	2	0.057143
54068	54064	1	0.028571
54068	53843	2	0.057143
54068	54072	35	1.000000
54068	54301	2	0.057143
54068	53407	5	0.142857
54070	53600	1	1.000000
54070	53843	1	1.000000
54070	53437	1	1.000000
54071	53913	1	0.000168
54071	53613	1	0.000168
54072	53632	11	0.010009
54072	54144	2	0.001820
54072	53763	1	0.000910
54072	52996	2	0.001820
54072	53509	3	0.002730
54072	54337	1	0.000910
54072	54281	2	0.001820
54072	53771	2	0.001820
54072	53645	5	0.004550
54072	53229	1	0.000910
54072	54289	2	0.001820
54072	53910	1	0.000910
54072	54295	3	0.002730
54072	53913	5	0.004550
54072	53018	5	0.004550
54072	54301	2	0.001820
54072	53407	10	0.009099
54072	53280	5	0.004550
54072	54049	1	0.000910
54072	53538	17	0.015469
54072	53539	14	0.012739
54072	53928	22	0.020018
54072	53034	1	0.000910
54072	53339	1	0.000910
54072	52909	1	0.000910
54072	53167	2	0.001820
54072	54065	1	0.000910
54072	52914	1	0.000910
54072	52915	2	0.001820
54072	54198	1	0.000910
54072	53816	5	0.004550
54072	54073	4	0.003640
54072	53437	18	0.016379
54072	53792	1	0.000910
54072	53954	1	0.000910
54072	54083	3	0.002730
54072	53702	6	0.005460
54072	53962	1	0.000910
54072	53068	11	0.010009
54072	54093	2	0.001820
54072	53455	1	0.000910
54072	53048	5	0.004550
54072	53586	2	0.001820
54072	53843	9	0.008189
54072	53975	1	0.000910
54072	53592	3	0.002730
54072	53467	6	0.005460
54072	53596	1	0.000910
54072	53088	1	0.000910
54072	53347	3	0.002730
54072	52965	1	0.000910
54072	52945	1	0.000910
54072	53116	1	0.000910
54072	52970	2	0.001820
54072	53613	2	0.001820
54072	52938	1	0.000910
54072	54151	1	0.000910
54072	52981	9	0.008189
54072	53755	2	0.001820
54072	53628	7	0.006369
54072	53610	1	0.000910
54072	53374	1	0.000910
54073	54072	44	4.000000
54073	52981	3	0.272727
54074	53632	2	0.002642
54074	53763	2	0.002642
54074	54279	1	0.001321
54074	54281	1	0.001321
54074	53771	2	0.002642
54074	53645	14	0.018494
54074	53913	1	0.001321
54074	53018	1	0.001321
54074	54301	1	0.001321
54074	53407	1	0.001321
54074	53280	759	1.002642
54074	53928	1	0.001321
54074	53549	1	0.001321
54074	54065	1	0.001321
54074	53301	1	0.001321
54074	54072	1	0.001321
54074	53433	756	0.998679
54074	53437	3	0.003963
54074	54337	4	0.005284
54074	53003	1	0.001321
54074	53840	35	0.046235
54074	53456	756	0.998679
54074	53613	1	0.001321
54074	53874	2	0.002642
54074	52981	26	0.034346
54074	53628	1	0.001321
54075	53702	1	0.004695
54075	53323	214	1.004695
54075	54284	2	0.009390
54075	53840	7	0.032864
54075	53843	1	0.004695
54075	52981	6	0.028169
54075	54072	2	0.009390
54076	54278	10	0.015244
54076	53913	68	0.103659
54076	53276	4	0.006098
54076	54301	4	0.006098
54076	53280	5	0.007622
54076	53794	3	0.004573
54076	53800	1	0.001524
54076	52892	1	0.001524
54076	53420	1	0.001524
54076	53680	2	0.003049
54076	53810	1	0.001524
54076	54071	7	0.010671
54076	53180	2	0.003049
54076	53437	2	0.003049
54076	54336	2	0.003049
54076	54083	18	0.027439
54076	53701	7	0.010671
54076	53576	1	0.001524
54076	53065	1	0.001524
54076	53840	1	0.001524
54076	52945	1	0.001524
54076	53334	1	0.001524
54076	53337	10	0.015244
54076	53594	11	0.016768
54076	53467	4	0.006098
54076	52956	1	0.001524
54076	53346	1	0.001524
54076	53347	7	0.010671
54076	53736	1	0.001524
54076	52975	3	0.004573
54076	53032	1	0.001524
54076	52981	6	0.009146
54076	54057	1	0.001524
54076	53883	2	0.003049
54077	53018	6	0.176471
54079	53632	3	0.004167
54079	53280	2	0.002778
54079	53538	8	0.011111
54079	53539	1	0.001389
54079	54340	1	0.001389
54079	53702	1	0.001389
54079	53895	1	0.001389
54079	52938	1	0.001389
54079	53186	6	0.008333
54079	53645	1	0.001389
54079	53840	1	0.001389
54079	53048	4	0.005556
54079	53843	1	0.001389
54079	52981	10	0.013889
54079	53467	2	0.002778
54079	54072	27	0.037500
54079	54073	1	0.001389
54079	53082	2	0.002778
54079	53487	1	0.001389
54079	53034	1569	2.179167
54079	53791	1	0.001389
54080	53280	18	0.027650
54080	53539	1	0.001536
54080	53702	1	0.001536
54080	54247	1	0.001536
54080	53391	1	0.001536
54080	53489	1	0.001536
54080	53843	1	0.001536
54080	53347	1	0.001536
54080	52981	2	0.003072
54080	54072	1	0.001536
54080	53913	5	0.007680
54080	53628	5	0.007680
54082	53632	15	0.011503
54082	53456	1	0.000767
54082	53538	8	0.006135
54082	53347	1	0.000767
54082	53797	1	0.000767
54082	53702	2	0.001534
54082	53928	2	0.001534
54082	53098	3	0.002301
54082	53324	1	0.000767
54082	53518	1	0.000767
54082	53583	1	0.000767
54082	53296	50	0.038344
54082	53489	3	0.002301
54082	54162	1	0.000767
54082	53843	4	0.003067
54082	53278	2657	2.037577
54082	53433	3	0.002301
54082	54072	3	0.002301
54082	54041	1	0.000767
54082	53467	1	0.000767
54082	53246	1	0.000767
54083	54144	1	0.000180
54083	53632	7	0.001258
54083	53763	1	0.000180
54083	52996	1	0.000180
54083	54278	53	0.009526
54083	53515	1	0.000180
54083	53645	2	0.000359
54083	53913	30	0.005392
54083	53018	11	0.001977
54083	54301	1	0.000180
54083	53406	1	0.000180
54083	53407	5	0.000899
54083	53280	10	0.001797
54083	53680	6	0.001078
54083	53540	1	0.000180
54083	53053	4	0.000719
54083	54057	1	0.000180
54083	53167	1	0.000180
54083	53296	2	0.000359
54083	53437	2	0.000359
54083	53047	4	0.000719
54083	54072	34	0.006111
54083	53919	3	0.000539
54083	54076	1	0.000180
54083	53693	1	0.000180
54083	53771	1	0.000180
54083	53830	1	0.000180
54083	53702	2	0.000359
54083	53065	2	0.000359
54083	54093	4	0.000719
54083	53840	38	0.006830
54083	52945	5	0.000899
54083	53843	9	0.001618
54083	53467	30	0.005392
54083	53468	1	0.000180
54083	53214	5363	0.963875
54083	53347	14	0.002516
54083	53613	6	0.001078
54083	52975	3	0.000539
54083	53874	3	0.000539
54083	52981	17	0.003055
54083	53497	5	0.000899
54083	53883	2	0.000359
54083	53628	8	0.001438
54087	54031	6	0.021978
54088	53856	1045	12.011494
54088	53278	174	2.000000
54088	52975	3	0.034483
54093	53632	33	0.013670
54093	54144	12	0.004971
54093	53509	2	0.000829
54093	54278	3	0.001243
54093	53895	6	0.002486
54093	53128	2	0.000829
54093	53515	1	0.000414
54093	53645	1	0.000414
54093	53613	2	0.000829
54093	53315	1	0.000414
54093	53908	1	0.000414
54093	53910	8	0.003314
54093	54340	5	0.002071
54093	52890	2	0.000829
54093	53659	3	0.001243
54093	53404	3	0.001243
54093	53791	2	0.000829
54093	53280	5	0.002071
54093	53025	5	0.002071
54093	53538	2785	1.153687
54093	53540	1	0.000414
54093	53928	6	0.002486
54093	54151	2	0.000829
54093	53874	1	0.000414
54093	53296	3	0.001243
54093	52914	11	0.004557
54093	53683	1	0.000414
54093	53680	5	0.002071
54093	53431	7	0.002900
54093	54072	9	0.003728
54093	53433	2	0.000829
54093	53437	5	0.002071
54093	54079	1	0.000414
54093	54082	1	0.000414
54093	54083	5	0.002071
54093	53572	4	0.001657
54093	53830	1	0.000414
54093	53447	9	0.003728
54093	53833	7	0.002900
54093	53706	4	0.001657
54093	53324	4	0.001657
54093	53582	3	0.001243
54093	53455	4	0.001657
54093	53840	7	0.002900
54093	53048	1	0.000414
54093	53843	2	0.000829
54093	53205	7	0.002900
54093	53719	2	0.000829
54093	53208	13	0.005385
54093	53467	23	0.009528
54093	53468	9	0.003728
54093	52965	1	0.000414
54093	53097	4	0.001657
54093	53100	10	0.004143
54093	53628	1	0.000414
54093	53487	3	0.001243
54093	53362	12	0.004971
54093	52981	10	0.004143
54093	53112	2	0.000829
54093	53498	5	0.002071
54093	53755	1	0.000414
54093	53116	17	0.007042
54093	53373	11	0.004557
54093	53589	10	0.004143
54098	53632	1	0.001041
54098	54279	2	0.002081
54098	54154	2	0.002081
54098	53771	3	0.003122
54098	54169	1	0.001041
54098	53913	2080	2.164412
54098	53658	5	0.005203
54098	53022	1	0.001041
54098	53280	13	0.013528
54098	53553	1	0.001041
54098	53033	1	0.001041
54098	53293	1	0.001041
54098	54065	1	0.001041
54098	53301	3	0.003122
54098	53316	1	0.001041
54098	53705	6	0.006243
54098	53066	18	0.018730
54098	53581	1	0.001041
54098	53840	1	0.001041
54098	53074	1	0.001041
54098	53843	1	0.001041
54098	53720	1	0.001041
54098	53734	1	0.001041
54098	52967	1	0.001041
54098	53613	2	0.002081
54098	53874	2	0.002081
54098	54260	1	0.001041
54098	52981	2	0.002081
54098	53624	1	0.001041
54099	53280	87	0.977528
54099	53632	3	0.033708
54099	53666	4	0.044944
54099	54083	4	0.044944
54099	53446	1	0.011236
54099	54281	1	0.011236
54099	53843	1	0.011236
54099	52931	1	0.011236
54099	53591	1	0.011236
54099	53467	1	0.011236
54100	53632	5	0.002430
54100	54336	1	0.000486
54100	53122	6	0.002915
54100	53763	1	0.000486
54100	53782	2	0.000972
54100	53895	2	0.000972
54100	53128	20	0.009718
54100	54281	2	0.000972
54100	54154	8	0.003887
54100	53259	1	0.000486
54100	53134	2	0.000972
54100	53775	1	0.000486
54100	53592	1	0.000486
54100	54163	119	0.057823
54100	53908	1	0.000486
54100	53910	132	0.064140
54100	52890	1	0.000486
54100	53148	1	0.000486
54100	53021	1	0.000486
54100	53280	2	0.000972
54100	52912	2	0.000972
54100	53538	20	0.009718
54100	53467	4	0.001944
54100	53610	13	0.006317
54100	53928	4	0.001944
54100	53539	1	0.000486
54100	53034	1	0.000486
54100	53803	2	0.000972
54100	53549	1	0.000486
54100	53296	1	0.000486
54100	54065	3	0.001458
54100	54025	1	0.000486
54100	54072	5	0.002430
54100	53433	1	0.000486
54100	53437	1	0.000486
54100	52981	12	0.005831
54100	53696	9	0.004373
54100	53003	1	0.000486
54100	53572	1	0.000486
54100	53447	52	0.025267
54100	54279	1	0.000486
54100	53833	1	0.000486
54100	53322	1	0.000486
54100	53706	1	0.000486
54100	53324	3	0.001458
54100	54093	1	0.000486
54100	53582	1	0.000486
54100	53455	3	0.001458
54100	53112	1	0.000486
54100	54144	1	0.000486
54100	53843	29	0.014091
54100	53589	40	0.019436
54100	53719	1	0.000486
54100	53208	20	0.009718
54100	53339	2	0.000972
54100	53025	2	0.000972
54100	53087	6	0.002915
54100	53088	14	0.006803
54100	52965	55000	26.724976
54100	53097	7	0.003401
54100	53994	10	0.004859
54100	53100	5	0.002430
54100	53613	1	0.000486
54100	53487	1	0.000486
54100	53362	1	0.000486
54100	54151	5	0.002430
54100	53874	1	0.000486
54100	53624	1	0.000486
54100	53371	1	0.000486
54100	53373	3	0.001458
54102	52929	7	0.269231
54110	54072	7	0.084337
54110	53840	1	0.012048
54110	54301	1	0.012048
54110	53702	1	0.012048
54110	52981	11	0.132530
54111	53698	139	0.691542
54114	53280	6	0.005455
54114	54017	1	0.000909
54114	53347	28	0.025455
54114	53702	1	0.000909
54114	53286	1	0.000909
54114	53553	1	0.000909
54114	53705	7	0.006364
54114	53066	19	0.017273
54114	54188	1	0.000909
54114	53677	1	0.000909
54114	54173	1	0.000909
54114	52880	1	0.000909
54114	53873	5	0.004545
54114	54098	1	0.000909
54114	53763	1	0.000909
54114	54328	1	0.000909
54114	54072	6	0.005455
54114	53913	3	0.002727
54114	53074	1	0.000909
54114	54154	6	0.005455
54116	53112	1	0.002237
54116	53538	14	0.031320
54116	53467	1	0.002237
54116	53116	10	0.022371
54120	52922	10	0.015723
54121	53632	3	0.004959
54121	53913	3	0.004959
54121	54065	3	0.004959
54124	54042	10	0.030120
54125	53962	2	0.015038
54126	53280	6	0.082192
54126	54151	4	0.054795
54126	53610	10	0.136986
54126	53843	2	0.027397
54126	52981	2	0.027397
54126	53913	8	0.109589
54126	53881	2	0.027397
54126	53437	2	0.027397
54131	54072	32	2.000000
54131	53610	1	0.062500
54131	53843	2	0.125000
54131	54151	1	0.062500
54131	53407	2	0.125000
54132	53920	2	0.004219
54132	53280	3	0.006329
54132	53031	475	1.002110
54132	54065	1	0.002110
54132	53843	1	0.002110
54132	52981	474	1.000000
54132	53628	1	0.002110
54132	53301	1	0.002110
54134	53632	4	0.004711
54134	53280	7	0.008245
54134	53315	4	0.004711
54134	52996	1	0.001178
54134	53702	2	0.002356
54134	52938	1	0.001178
54134	53324	2	0.002356
54134	54154	2	0.002356
54134	53804	2	0.002356
54134	53874	14	0.016490
54134	53843	759	0.893993
54134	52981	14	0.016490
54134	54072	4	0.004711
54134	53883	2	0.002356
54134	53596	2	0.002356
54134	53437	6	0.007067
54135	53207	4	2.000000
54139	54340	1	0.142857
54139	53049	7	1.000000
54139	53308	7	1.000000
54140	54083	102	3.187500
54140	53214	5558	173.687500
54141	52929	3	0.375000
54142	53245	1	0.050000
54144	53954	4	0.024691
54144	54289	1	0.006173
54144	54023	2	0.012346
54144	53097	1	0.006173
54144	53098	1	0.006173
54144	53259	7	0.043210
54144	53229	3	0.018519
54144	53326	1	0.006173
54144	54093	16	0.098765
54144	53296	3	0.018519
54144	53592	1	0.006173
54144	54034	1	0.006173
54144	53843	1	0.006173
54144	54072	9	0.055556
54144	53467	2	0.012346
54144	53407	1	0.006173
54145	53280	22	0.014379
54145	53962	1	0.000654
54145	53154	2	0.001307
54145	53928	8	0.005229
54145	54154	2	0.001307
54145	54284	1	0.000654
54145	54301	4	0.002614
54145	53840	3	0.001961
54145	53843	1	0.000654
54145	53171	6	0.003922
54145	53875	2	0.001307
54145	52981	15	0.009804
54145	53654	4	0.002614
54145	53913	4	0.002614
54145	54072	13	0.008497
54145	54297	3	0.001961
54145	53018	3	0.001961
54145	54173	1	0.000654
54146	54083	102	3.187500
54146	53214	5558	173.687500
54147	53928	3	0.075000
54148	53280	15	0.041783
54148	53632	8	0.022284
54148	54019	6	0.016713
54148	53347	2	0.005571
54148	53928	2	0.005571
54148	54284	6	0.016713
54148	53487	5	0.013928
54148	53843	1	0.002786
54148	52981	6	0.016713
54148	52975	4	0.011142
54148	54336	1	0.002786
54150	53952	316	0.978328
54150	54305	316	0.978328
54150	53636	316	0.978328
54150	53349	316	0.978328
54150	54246	316	0.978328
54150	53745	316	0.978328
54150	53641	316	0.978328
54150	54215	316	0.978328
54150	53260	316	0.978328
54150	54300	316	0.978328
54150	53297	316	0.978328
54150	52979	316	0.978328
54150	53492	316	0.978328
54150	53814	316	0.978328
54150	53174	316	0.978328
54150	53240	316	0.978328
54150	52932	316	0.978328
54150	53467	2	0.006192
54150	53436	316	0.978328
54150	53789	316	0.978328
54150	53241	316	0.978328
54151	54072	1	0.007752
54151	53610	84	0.651163
54151	53843	2	0.015504
54151	52981	2	0.015504
54151	53437	1	0.007752
54154	53632	4	0.042105
54154	54145	1	0.010526
54154	52996	3	0.031579
54154	53213	1	0.010526
54154	54151	1	0.010526
54154	53610	1	0.010526
54154	53741	1	0.010526
54154	52975	2	0.021053
54154	53048	2	0.021053
54154	53874	5	0.052632
54154	53843	7	0.073684
54154	53301	3	0.031579
54154	54072	1	0.010526
54154	53280	1	0.010526
54154	53787	1	0.010526
54154	53437	11	0.115789
54154	53269	2	0.021053
54155	54322	1	0.023256
54155	53429	1	0.023256
54158	53632	1	0.002688
54158	53057	587	1.577957
54158	53589	1	0.002688
54159	53666	1	0.005747
54159	53539	62	0.356322
54159	52965	1	0.005747
54159	53928	2	0.011494
54159	54281	7	0.040230
54159	52938	2	0.011494
54159	53874	2	0.011494
54159	53843	62	0.356322
54159	52981	2	0.011494
54160	53280	23	0.014393
54160	54145	780	0.488110
54160	53154	2	0.001252
54160	53171	9	0.005632
54160	53962	1	0.000626
54160	53928	9	0.005632
54160	54154	2	0.001252
54160	54284	1	0.000626
54160	54301	4	0.002503
54160	53840	4	0.002503
54160	53843	1	0.000626
54160	53875	2	0.001252
54160	52981	19	0.011890
54160	53654	6	0.003755
54160	53913	4	0.002503
54160	54072	15	0.009387
54160	54297	3	0.001877
54160	53018	4	0.002503
54160	54173	1	0.000626
54162	53632	6	0.004345
54162	54176	1	0.000724
54162	53538	1376	0.996379
54162	53702	1	0.000724
54162	53034	2	0.001448
54162	53100	1	0.000724
54162	53518	1	0.000724
54162	53181	1	0.000724
54162	53112	1	0.000724
54162	53874	1	0.000724
54162	53843	2	0.001448
54162	54072	11	0.007965
54162	53116	1	0.000724
54162	53386	2	0.001448
54163	53280	6	0.088235
54163	52965	4	0.058824
54166	53783	1	0.001433
54169	53632	3	0.002180
54169	53538	3	0.002180
54169	54340	5	0.003634
54169	53895	9	0.006541
54169	53224	9	0.006541
54169	53116	37	0.026890
54169	53386	4	0.002907
54169	53771	1	0.000727
54169	53324	14	0.010174
54169	53455	1	0.000727
54169	53873	1	0.000727
54169	53843	3	0.002180
54169	53908	12	0.008721
54169	52981	1	0.000727
54169	54072	3	0.002180
54169	52938	1	0.000727
54169	53437	3	0.002180
54170	53538	21	0.070234
54170	53655	23	0.076923
54170	53363	4	0.013378
54170	54295	5684	19.010033
54171	53280	2	0.003472
54171	53913	1	0.001736
54171	54065	1	0.001736
54171	54336	1	0.001736
54171	53391	5	0.008681
54173	53632	4	0.001645
54173	54017	2	0.000822
54173	53895	1	0.000411
54173	54281	2	0.000822
54173	53131	1	0.000411
54173	54284	2	0.000822
54173	54169	2	0.000822
54173	53913	3	0.001234
54173	53018	3	0.001234
54173	53148	2	0.000822
54173	53022	2	0.000822
54173	53535	1	0.000411
54173	53280	7	0.002878
54173	54242	1	0.000411
54173	53539	20	0.008224
54173	53156	1	0.000411
54173	53286	1	0.000411
54173	53928	2	0.000822
54173	53929	2	0.000822
54173	53639	1	0.000411
54173	54188	3	0.001234
54173	53677	2	0.000822
54173	53981	2	0.000822
54173	53553	4	0.001645
54173	53176	3	0.001234
54173	53049	1	0.000411
54173	53407	5	0.002056
54173	54332	2	0.000822
54173	54083	1	0.000411
54173	53444	3	0.001234
54173	53705	2	0.000822
54173	53066	24	0.009868
54173	53324	2	0.000822
54173	53581	4	0.001645
54173	54072	4	0.001645
54173	53074	3	0.001234
54173	53843	2	0.000822
54173	54340	1	0.000411
54173	53945	3	0.001234
54173	53720	2	0.000822
54173	53435	1	0.000411
54173	53213	2	0.000822
54173	54114	1	0.000411
54173	53347	1	0.000411
54173	53860	6	0.002467
54173	53093	2	0.000822
54173	53073	1	0.000411
54173	53225	1	0.000411
54173	53866	15	0.006168
54173	53613	1	0.000411
54173	53104	1	0.000411
54173	53873	4	0.001645
54173	53971	1	0.000411
54173	52981	4	0.001645
54173	53624	1	0.000411
54173	53114	2	0.000822
54173	53628	5	0.002056
54173	53502	2	0.000822
54174	53913	3	0.333333
54174	53347	7	0.777778
54176	53632	3	0.017341
54176	54274	7	0.040462
54176	54023	4	0.023121
54176	53129	4	0.023121
54176	54030	7	0.040462
54176	54162	5	0.028902
54176	54295	3	0.017341
54176	54169	1	0.005780
54176	53538	2	0.011561
54176	53671	3	0.017341
54176	53928	1	0.005780
54176	54185	2	0.011561
54176	53931	4	0.023121
54176	54336	3	0.017341
54176	53954	2	0.011561
54176	54093	6	0.034682
54176	53583	3	0.017341
54176	53843	1	0.005780
54176	53077	2	0.011561
54176	53079	7	0.040462
54176	53339	3	0.017341
54176	53087	2	0.011561
54176	54116	1	0.005780
54176	52965	17	0.098266
54176	54248	4	0.023121
54176	53098	2	0.011561
54176	53229	11	0.063584
54176	54257	1	0.005780
54176	53624	2	0.011561
54176	53994	3	0.017341
54176	54271	8	0.046243
54177	52929	11	1.375000
54178	53632	7	0.012411
54178	54336	9	0.015957
54178	53444	11	0.019504
54178	53280	13	0.023050
54178	53928	2	0.003546
54178	54154	5	0.008865
54178	53127	1	0.001773
54178	54284	1	0.001773
54178	53613	1	0.001773
54178	53486	1	0.001773
54178	53874	9	0.015957
54178	53843	1	0.001773
54178	54072	1	0.001773
54178	53913	1	0.001773
54178	53018	1	0.001773
54178	53407	2	0.003546
54178	53148	2	0.003546
54178	54271	2	0.003546
54180	53280	3	0.009036
54180	54072	2	0.006024
54180	53130	2	0.006024
54180	53186	2	0.006024
54180	52981	1	0.003012
54181	53913	1	0.017241
54183	54272	1	0.125000
54183	53409	1	0.125000
54183	53634	1	0.125000
54183	53711	1	0.125000
54183	53394	1	0.125000
54183	53974	1	0.125000
54183	53086	1	0.125000
54185	54176	1	0.000592
54185	53632	3	0.001777
54185	53538	5	0.002962
54185	53572	4	0.002370
54185	53928	1	0.000592
54185	53097	4	0.002370
54185	54154	4	0.002370
54185	53565	1	0.000592
54185	53874	2	0.001185
54185	53962	4	0.002370
54185	53589	8	0.004739
54185	53910	4	0.002370
54185	54072	6	0.003555
54185	53371	3	0.001777
54185	53373	4	0.002370
54186	53928	192	2.000000
54186	53260	3	0.031250
54188	53632	1	0.000695
54188	54017	1	0.000695
54188	53895	1	0.000695
54188	54284	2	0.001390
54188	52880	1	0.000695
54188	53913	1	0.000695
54188	53018	1	0.000695
54188	54173	1	0.000695
54188	53280	10	0.006949
54188	53286	1	0.000695
54188	53928	2	0.001390
54188	53677	1	0.000695
54188	53553	2	0.001390
54188	54328	1	0.000695
54188	53946	1	0.000695
54188	52938	1	0.000695
54188	53310	49	0.034051
54188	54336	1	0.000695
54188	53705	1	0.000695
54188	53066	84	0.058374
54188	53324	1	0.000695
54188	53581	1	0.000695
54188	53840	3	0.002085
54188	54072	3	0.002085
54188	53074	1	0.000695
54188	53843	4	0.002780
54188	53720	1	0.000695
54188	53347	1	0.000695
54188	53740	1	0.000695
54188	53873	1	0.000695
54188	52981	7	0.004864
54188	53624	1	0.000695
54188	53628	6	0.004170
54190	53632	1	0.004274
54190	53280	4	0.017094
54190	53003	6	0.025641
54190	54337	1	0.004274
54190	54151	1	0.004274
54190	54248	1	0.004274
54190	53610	1	0.004274
54190	53928	1	0.004274
54190	53613	3	0.012821
54190	53645	1	0.004274
54190	53936	10	0.042735
54190	53208	1	0.004274
54190	53843	1	0.004274
54190	52981	3	0.012821
54190	54072	9	0.038462
54190	53771	3	0.012821
54190	52975	2	0.008547
54190	53628	1	0.004274
54191	52992	3	0.001379
54191	53763	1	0.000460
54191	53381	1	0.000460
54191	54278	1	0.000460
54191	54281	1	0.000460
54191	54154	1	0.000460
54191	53771	6	0.002759
54191	53645	10	0.004598
54191	54162	1	0.000460
54191	53913	5	0.002299
54191	53018	2	0.000920
54191	53148	2	0.000920
54191	54302	2	0.000920
54191	54277	6	0.002759
54191	53280	26	0.011954
54191	53928	1	0.000460
54191	53549	1	0.000460
54191	52912	1	0.000460
54191	53278	6	0.002759
54191	54025	1	0.000460
54191	54072	3	0.001379
54191	53919	9	0.004138
54191	54337	3	0.001379
54191	53003	1	0.000460
54191	54341	2	0.000920
54191	53702	19	0.008736
54191	53840	2	0.000920
54191	53048	1	0.000460
54191	53843	35	0.016092
54191	53589	1	0.000460
54191	53088	5	0.002299
54191	53347	1	0.000460
54191	53613	1	0.000460
54191	52975	1	0.000460
54191	53874	2	0.000920
54191	54003	3	0.001379
54191	52981	6	0.002759
54191	53628	2	0.000920
54191	52989	2	0.000920
54191	53374	1	0.000460
54192	53280	13	0.006789
54192	54336	1	0.000522
54192	53539	1	0.000522
54192	53444	1	0.000522
54192	53171	5	0.002611
54192	53702	2	0.001044
54192	53928	1	0.000522
54192	53962	1	0.000522
54192	53613	2	0.001044
54192	53645	1	0.000522
54192	53843	1	0.000522
54192	52981	5	0.002611
54192	53366	1	0.000522
54192	53658	9	0.004700
54192	53788	25	0.013055
54192	53018	69	0.036031
54195	53280	6	0.007905
54195	54278	18	0.023715
54195	53840	6	0.007905
54195	52981	6	0.007905
54195	53913	6	0.007905
54195	53437	3	0.003953
54198	53116	2	0.009174
54198	53931	18	0.082569
54198	53229	15	0.068807
54198	53843	207	0.949541
54198	53205	33	0.151376
54198	53910	23	0.105505
54198	54072	2	0.009174
54198	52890	15	0.068807
54198	53468	50	0.229358
54198	53077	19	0.087156
54202	53632	18	0.027864
54207	54072	1	0.008264
54207	53280	1	0.008264
54209	52977	1	0.037037
54209	53477	1	0.037037
54211	53928	7	0.013619
54211	54299	1	0.001946
54214	53280	5	0.010571
54214	53082	1	0.002114
54214	53827	1	0.002114
54215	53952	2	0.153846
54215	54305	2	0.153846
54215	53636	2	0.153846
54215	54150	2	0.153846
54215	54246	2	0.153846
54215	53745	2	0.153846
54215	53641	2	0.153846
54215	53260	2	0.153846
54215	54300	2	0.153846
54215	53297	2	0.153846
54215	52979	2	0.153846
54215	53492	2	0.153846
54215	53814	4	0.307692
54215	53174	2	0.153846
54215	53240	2	0.153846
54215	52932	2	0.153846
54215	53436	2	0.153846
54215	53789	2	0.153846
54215	53241	2	0.153846
54217	54072	14	0.166667
54217	53538	1	0.011905
54217	53628	1	0.011905
54217	52981	1	0.011905
54217	54151	1	0.011905
54218	53771	3	0.069767
54218	53843	2	0.046512
54218	53347	2	0.046512
54220	53913	2	0.006472
54220	53066	3	0.009709
54220	53437	1	0.003236
54221	54337	3	0.005587
54222	53280	1	0.002841
54222	53859	1	0.002841
54222	52981	1	0.002841
54223	53632	1	0.009434
54223	54281	1	0.009434
54223	53467	1	0.009434
54223	54065	1	0.009434
54225	53539	1	0.037037
54228	53581	20	10.000000
54231	53515	14	0.164706
54232	53632	2	0.005038
54232	53280	1	0.002519
54232	53538	13	0.032746
54232	53771	1	0.002519
54232	53740	3	0.007557
54232	54072	1	0.002519
54232	53624	818	2.060453
54234	53280	1	0.028571
54234	53763	1	0.028571
54234	53928	1	0.028571
54234	53613	1	0.028571
54234	53913	1	0.028571
54234	53437	1	0.028571
54236	53928	6	0.019169
54237	54250	2	0.018868
54237	53606	212	2.000000
54238	54083	102	3.187500
54238	53214	5558	173.687500
54242	53632	6	0.096774
54242	53280	2	0.032258
54242	54151	2	0.032258
54242	53610	2	0.032258
54242	53874	1	0.016129
54242	53843	8	0.129032
54242	53269	1	0.016129
54242	53465	2	0.032258
54242	54301	1	0.016129
54243	53154	12	0.093750
54243	53539	3	0.023438
54243	53380	1	0.007812
54243	54306	1	0.007812
54243	53014	1	0.007812
54243	53467	1	0.007812
54243	53503	1	0.007812
54244	53280	2	0.004808
54244	53296	1	0.002404
54244	53894	2	0.004808
54244	53840	406	0.975962
54244	53843	4	0.009615
54244	52981	1	0.002404
54244	53437	2	0.004808
54246	53952	5	0.312500
54246	54305	5	0.312500
54246	53636	5	0.312500
54246	53174	5	0.312500
54246	54150	5	0.312500
54246	53745	5	0.312500
54246	53641	5	0.312500
54246	54215	5	0.312500
54246	53260	5	0.312500
54246	54300	5	0.312500
54246	53297	5	0.312500
54246	52979	5	0.312500
54246	53492	5	0.312500
54246	53814	10	0.625000
54246	53241	5	0.312500
54246	53240	5	0.312500
54246	52932	5	0.312500
54246	53436	5	0.312500
54246	53789	5	0.312500
54247	53280	1	0.001464
54247	53538	1	0.001464
54247	53539	1	0.001464
54247	52965	1	0.001464
54247	53610	1	0.001464
54247	53386	1	0.001464
54247	52975	1	0.001464
54247	53347	2	0.002928
54247	54154	1	0.001464
54248	53280	3	0.001516
54248	53632	3	0.001516
54248	53538	5	0.002527
54248	53549	2	0.001011
54248	53296	2	0.001011
54248	53843	3	0.001516
54248	52981	1	0.000505
54248	53208	3	0.001516
54248	53467	4	0.002021
54248	53468	2	0.001011
54249	53280	7	0.015695
54249	53362	9	0.020179
54249	54250	13	0.029148
54249	53342	6	0.013453
54250	53280	3	0.015707
54250	54337	1	0.005236
54250	53347	1	0.005236
54250	54151	2	0.010471
54250	54249	2	0.010471
54250	53645	32	0.167539
54250	53840	2	0.010471
54250	53362	1	0.005236
54250	53843	1	0.005236
54250	52981	2	0.010471
54250	54072	11	0.057592
54250	53628	1	0.005236
54250	54237	4	0.020942
54253	53154	1	0.003125
54253	53444	1	0.003125
54253	52981	4	0.012500
54253	53846	5	0.015625
54253	53301	1	0.003125
54256	53162	1	0.200000
54257	53632	1	0.001672
54257	53538	599	1.001672
54257	53222	1	0.001672
54257	53671	2	0.003344
54257	53928	597	0.998328
54257	53034	2	0.003344
54257	53362	1	0.001672
54257	54162	650	1.086957
54257	53843	596	0.996656
54257	53657	2	0.003344
54257	53117	592	0.989967
54259	53928	24	0.480000
54259	53843	1	0.020000
54259	53437	1	0.020000
54260	53632	1	0.000605
54260	53380	1	0.000605
54260	53782	1	0.000605
54260	54279	1	0.000605
54260	53131	1	0.000605
54260	53645	1	0.000605
54260	54036	7	0.004237
54260	53014	1	0.000605
54260	53913	2	0.001211
54260	54297	1736	1.050847
54260	53788	6	0.003632
54260	54173	2	0.001211
54260	53662	1	0.000605
54260	53791	3	0.001816
54260	53280	2	0.001211
54260	54306	1	0.000605
54260	53539	1	0.000605
54260	53928	2	0.001211
54260	53148	2	0.001211
54260	53895	2	0.001211
54260	53874	1	0.000605
54260	53154	1	0.000605
54260	53945	2	0.001211
54260	53437	1	0.000605
54260	54340	2	0.001211
54260	53446	1	0.000605
54260	53962	9	0.005448
54260	53705	1	0.000605
54260	53066	1	0.000605
54260	53324	2	0.001211
54260	53581	1	0.000605
54260	53074	1	0.000605
54260	53843	2	0.001211
54260	53207	2	0.001211
54260	53860	1	0.000605
54260	53222	2	0.001211
54260	52967	2	0.001211
54260	53225	1	0.000605
54260	53610	1	0.000605
54260	53618	1	0.000605
54260	54151	1	0.000605
54260	52981	1	0.000605
54260	53366	2	0.001211
54260	52938	1	0.000605
54260	53374	1	0.000605
54260	53503	1	0.000605
54261	54132	1	1.000000
54261	52981	1	1.000000
54261	53031	1	1.000000
54262	53632	3	0.020548
54262	53857	4	0.027397
54262	54284	2	0.013699
54262	53874	2	0.013699
54262	53269	2	0.013699
54262	53498	7	0.047945
54263	53280	3	0.012295
54263	53539	2	0.008197
54263	54284	2	0.008197
54263	53840	16	0.065574
54263	53843	12	0.049180
54263	52981	13	0.053279
54263	54072	3	0.012295
54263	53913	4	0.016393
54263	53437	2	0.008197
54263	54271	2	0.008197
54266	53928	1	0.041667
54268	53347	9	0.059603
54268	53572	2	0.013245
54268	53895	2	0.013245
54268	53610	2	0.013245
54268	54151	2	0.013245
54268	52914	2	0.013245
54268	53362	4	0.026490
54268	53843	4	0.026490
54268	53205	2	0.013245
54268	53910	2	0.013245
54268	54072	2	0.013245
54268	54301	2	0.013245
54269	53632	1	0.002538
54269	53913	4	0.010152
54270	53280	3	0.001444
54270	54083	2	0.000962
54270	53444	3	0.001444
54270	53830	1	0.000481
54270	54280	6	0.002887
54270	53065	1	0.000481
54270	53098	2	0.000962
54270	54093	2	0.000962
54270	53840	9	0.004331
54270	54065	1	0.000481
54270	53628	1	0.000481
54270	53468	2	0.000962
54270	52981	2	0.000962
54270	53948	1	0.000481
54270	53657	2	0.000962
54270	54072	1	0.000481
54270	53497	3	0.001444
54270	53467	4	0.001925
54270	52892	1	0.000481
54271	53632	4	0.004000
54271	54338	1	0.001000
54271	53659	1	0.001000
54271	53572	1	0.001000
54271	53702	1	0.001000
54271	53670	1	0.001000
54271	54151	1	0.001000
54271	53639	3	0.003000
54271	52938	2	0.002000
54271	53538	6	0.006000
54271	54093	2	0.002000
54271	53106	1	0.001000
54271	52981	7	0.007000
54271	53431	1	0.001000
54271	53467	9	0.009000
54271	53116	7	0.007000
54271	53373	1	0.001000
54271	53589	1	0.001000
54272	53632	2	1.000000
54272	53634	2	1.000000
54272	53711	2	1.000000
54272	53394	2	1.000000
54272	53974	2	1.000000
54272	53086	2	1.000000
54274	53632	1	0.002358
54274	53538	3	0.007075
54274	53379	1	0.002358
54274	53702	4	0.009434
54274	54217	2	0.004717
54274	53386	2	0.004717
54274	53803	1	0.002358
54274	53613	1	0.002358
54274	53362	2	0.004717
54274	53363	2	0.004717
54274	53236	853	2.011792
54274	52954	851	2.007075
54274	53787	2	0.004717
54274	53116	9	0.021226
54278	54336	1	0.000727
54278	53280	5	0.003636
54278	53632	2	0.001455
54278	53763	3	0.002182
54278	53702	3	0.002182
54278	54093	1	0.000727
54278	53386	1	0.000727
54278	53771	1	0.000727
54278	53549	1	0.000727
54278	53645	1	0.000727
54278	53840	1	0.000727
54278	53843	2	0.001455
54278	54083	107	0.077818
54278	52981	2	0.001455
54278	54072	6	0.004364
54278	53018	1	0.000727
54278	53467	2	0.001455
54278	53148	1	0.000727
54278	52938	3	0.002182
54279	53883	2	0.117647
54279	53549	3	0.176471
54280	53632	2	0.001432
54280	54278	1	0.000716
54280	54279	1	0.000716
54280	54281	1	0.000716
54280	53771	2	0.001432
54280	54284	1	0.000716
54280	53645	1	0.000716
54280	53782	1	0.000716
54280	53913	2	0.001432
54280	53148	1	0.000716
54280	53280	1	0.000716
54280	53539	1	0.000716
54280	53928	2	0.001432
54280	54057	1	0.000716
54280	53047	1	0.000716
54280	54072	2	0.001432
54280	53437	2	0.001432
54280	54083	2	0.001432
54280	53840	4	0.002863
54280	53843	3	0.002147
54280	53515	1	0.000716
54280	53467	1	0.000716
54280	52967	3	0.002147
54280	53874	1	0.000716
54280	52981	2	0.001432
54280	53497	4258	3.047960
54281	53632	8	0.007061
54281	54274	1	0.000883
54281	53379	1	0.000883
54281	53509	1	0.000883
54281	53128	1	0.000883
54281	54154	1	0.000883
54281	53771	699	0.616946
54281	53518	1	0.000883
54281	53572	1	0.000883
54281	52890	1	0.000883
54281	53487	3	0.002648
54281	53919	1	0.000883
54281	53280	10	0.008826
54281	53928	1	0.000883
54281	53549	1	0.000883
54281	52914	1	0.000883
54281	53431	1	0.000883
54281	54072	3	0.002648
54281	53407	6	0.005296
54281	53066	7	0.006178
54281	53439	16	0.014122
54281	53706	2	0.001765
54281	53920	1	0.000883
54281	53259	1	0.000883
54281	54340	1	0.000883
54281	53446	1	0.000883
54281	53962	1	0.000883
54281	52938	28	0.024713
54281	53324	7	0.006178
54281	54093	2	0.001765
54281	53582	3	0.002648
54281	53586	1	0.000883
54281	53843	85	0.075022
54281	53589	3	0.002648
54281	53592	2	0.001765
54281	53467	2	0.001765
54281	53468	7	0.006178
54281	53471	2	0.001765
54281	53088	1	0.000883
54281	53097	1	0.000883
54281	53613	6	0.005296
54281	53437	6	0.005296
54281	53362	1	0.000883
54281	52981	912	0.804943
54281	53110	2	0.001765
54281	53112	2	0.001765
54281	53498	1	0.000883
54281	53373	2	0.001765
54281	53874	2	0.001765
54281	54271	2	0.001765
54282	53632	1	0.008264
54282	53208	1	0.008264
54282	53843	1	0.008264
54282	53079	8	0.066116
54282	54072	1	0.008264
54282	53913	1	0.008264
54282	53018	115	0.950413
54282	53372	3	0.024793
54283	54217	5	0.006266
54283	54274	2	0.002506
54283	54065	17	0.021303
54284	54338	4	0.040000
54284	53381	2	0.020000
54284	54151	2	0.020000
54284	53610	3	0.030000
54284	52976	5	0.050000
54284	53843	4	0.040000
54284	54072	4	0.040000
54284	53116	4	0.040000
54284	53437	6	0.060000
54289	53538	633	1.003170
54289	53509	2	0.003170
54289	53710	2	0.003170
54289	53908	2	0.003170
54289	52981	2	0.003170
54289	53437	1	0.001585
54290	53632	1	0.002611
54290	53122	1	0.002611
54290	54277	1	0.002611
54290	54151	3	0.007833
54290	53771	1	0.002611
54290	53903	1	0.002611
54290	54163	1	0.002611
54290	53913	1	0.002611
54290	53148	1	0.002611
54290	53280	2	0.005222
54290	53155	11	0.028721
54290	53928	4	0.010444
54290	53551	1	0.002611
54290	54334	1	0.002611
54290	53573	1	0.002611
54290	53843	1	0.002611
54290	53460	1	0.002611
54290	53467	1	0.002611
54290	53475	1	0.002611
54290	53990	1	0.002611
54290	53610	2	0.005222
54290	53613	2	0.005222
54290	52981	1	0.002611
54291	53632	9	0.023873
54291	53763	2	0.005305
54291	53005	1	0.002653
54291	53381	1	0.002653
54291	54278	4	0.010610
54291	54151	2	0.005305
54291	53402	1	0.002653
54291	53389	383	1.015915
54291	54307	1	0.002653
54291	53066	1	0.002653
54291	52884	1	0.002653
54291	54126	1	0.002653
54291	53910	1	0.002653
54291	53658	1	0.002653
54291	53148	394	1.045093
54291	53149	2	0.005305
54291	54021	2	0.005305
54291	53280	1	0.002653
54291	54320	1	0.002653
54291	53467	1	0.002653
54291	53028	2	0.005305
54291	53893	1	0.002653
54291	53670	1	0.002653
54291	53031	1	0.002653
54291	53539	1	0.002653
54291	53290	1	0.002653
54291	54060	16	0.042440
54291	53805	4	0.010610
54291	54045	1	0.002653
54291	52912	1	0.002653
54291	53809	1	0.002653
54291	53811	1	0.002653
54291	53680	1	0.002653
54291	52920	1	0.002653
54291	54051	1	0.002653
54291	53562	2	0.005305
54291	53714	1	0.002653
54291	53437	2	0.005305
54291	54206	1	0.002653
54291	54079	3	0.007958
54291	54336	1	0.002653
54291	54337	1	0.002653
54291	53186	1	0.002653
54291	53155	2	0.005305
54291	53870	1	0.002653
54291	53540	1	0.002653
54291	53962	3	0.007958
54291	54217	2	0.005305
54291	52938	5	0.013263
54291	53323	1	0.002653
54291	54093	3	0.007958
54291	52942	1	0.002653
54291	54221	1	0.002653
54291	53200	1	0.002653
54291	54264	1	0.002653
54291	53202	1	0.002653
54291	53843	3	0.007958
54291	53710	1	0.002653
54291	53412	1	0.002653
54291	53082	1	0.002653
54291	53979	378	1.002653
54291	54074	1	0.002653
54291	54110	1	0.002653
54291	54308	1	0.002653
54291	53496	1	0.002653
54291	53916	1	0.002653
54291	52963	1	0.002653
54291	53477	1	0.002653
54291	53609	1	0.002653
54291	54250	1	0.002653
54291	53611	1	0.002653
54291	53101	1	0.002653
54291	53742	1	0.002653
54291	53168	1	0.002653
54291	53914	1	0.002653
54291	53108	1	0.002653
54291	53310	1	0.002653
54291	54006	1	0.002653
54291	54007	1	0.002653
54291	53368	2	0.005305
54291	53242	1	0.002653
54291	53883	2	0.005305
54291	53116	18	0.047745
54291	53171	1	0.002653
54292	53928	8	0.012500
54292	53669	2	0.003125
54294	53368	81	0.987805
54294	54072	1	0.012195
54294	52948	9378	114.365854
54294	53310	81	0.987805
54295	53632	16	0.012987
54295	53538	16	0.012987
54295	53509	2	0.001623
54295	53639	8	0.006494
54295	53386	4	0.003247
54295	53487	2	0.001623
54295	52914	4	0.003247
54295	53363	4	0.003247
54295	53655	13	0.010552
54295	53112	2	0.001623
54295	54170	3869	3.140422
54295	53373	2	0.001623
54296	53632	51	0.037694
54296	53538	1	0.000739
54296	53379	2509	1.854398
54296	53347	2	0.001478
54296	53065	2	0.001478
54296	53610	2	0.001478
54296	52975	21	0.015521
54296	53104	2	0.001478
54296	54065	35	0.025868
54296	53843	26	0.019217
54296	53908	3	0.002217
54296	52981	5	0.003695
54296	54072	26	0.019217
54296	53913	7	0.005174
54296	53018	11	0.008130
54296	53628	4	0.002956
54296	54301	6	0.004435
54297	53632	4	0.002170
54297	53763	1	0.000543
54297	54281	2	0.001085
54297	53913	1	0.000543
54297	53018	4	0.002170
54297	54301	1	0.000543
54297	53407	1	0.000543
54297	53280	7	0.003798
54297	53154	3	0.001628
54297	53539	2	0.001085
54297	53928	1	0.000543
54297	53167	69	0.037439
54297	53296	1	0.000543
54297	54072	14	0.007596
54297	53919	1	0.000543
54297	53437	1	0.000543
54297	53444	1	0.000543
54297	53962	6	0.003256
54297	53840	3	0.001628
54297	53843	2	0.001085
54297	54340	1	0.000543
54297	53467	1	0.000543
54297	53347	2	0.001085
54297	53613	3	0.001628
54297	53104	1	0.000543
54297	53873	1	0.000543
54297	53874	1	0.000543
54297	54260	166	0.090071
54297	52981	4	0.002170
54297	53625	1	0.000543
54298	53928	1	0.019231
54299	53874	2	0.117647
54299	53979	3	0.176471
54300	53952	3	0.272727
54300	54305	3	0.272727
54300	53636	3	0.272727
54300	54150	3	0.272727
54300	54246	3	0.272727
54300	53297	3	0.272727
54300	53641	3	0.272727
54300	54215	3	0.272727
54300	53260	3	0.272727
54300	53241	3	0.272727
54300	53329	3	0.272727
54300	52979	3	0.272727
54300	53492	3	0.272727
54300	53814	3	0.272727
54300	53174	3	0.272727
54300	53240	3	0.272727
54300	52932	3	0.272727
54300	53436	3	0.272727
54300	53789	3	0.272727
54300	53745	3	0.272727
54301	53632	1	0.000755
54301	53508	1	0.000755
54301	53381	1	0.000755
54301	54279	4	0.003021
54301	53018	20	0.015106
54301	53065	1	0.000755
54301	52963	1	0.000755
54301	53913	3	0.002266
54301	53658	1	0.000755
54301	54045	1	0.000755
54301	54320	1	0.000755
54301	53031	1	0.000755
54301	53292	1	0.000755
54301	54072	3	0.002266
54301	53424	1	0.000755
54301	54065	1	0.000755
54301	53811	1	0.000755
54301	53559	12	0.009063
54301	53048	1	0.000755
54301	53049	1	0.000755
54301	53437	2	0.001511
54301	53439	1	0.000755
54301	53187	1	0.000755
54301	53496	1	0.000755
54301	52937	1	0.000755
54301	52941	1	0.000755
54301	53073	1	0.000755
54301	53971	1	0.000755
54301	53212	1	0.000755
54301	54110	1	0.000755
54301	53347	12	0.009063
54301	53221	1	0.000755
54301	53874	1	0.000755
54301	53843	1	0.000755
54301	53236	1	0.000755
54301	52981	14	0.010574
54301	54007	1	0.000755
54301	54264	1	0.000755
54301	54268	1	0.000755
54302	53280	59	0.983333
54302	53610	59	0.983333
54302	54151	118	1.966667
54302	54191	59	0.983333
54303	53632	2	0.000851
54303	54279	2	0.000851
54303	54163	7	0.002980
54303	53913	6	0.002554
54303	53278	2	0.000851
54303	53919	2	0.000851
54303	53280	10	0.004257
54303	53296	1	0.000426
54303	53027	1	0.000426
54303	53318	1	0.000426
54303	52912	3	0.001277
54303	54072	1	0.000426
54303	53407	2	0.000851
54303	53856	1	0.000426
54303	53702	2	0.000851
54303	54218	1	0.000426
54303	53070	2212	0.941677
54303	53475	4	0.001703
54303	53838	1	0.000426
54303	53851	1	0.000426
54303	53088	1	0.000426
54303	53347	6	0.002554
54303	52981	2	0.000851
54303	53882	3	0.001277
54305	53952	3	0.333333
54305	53241	3	0.333333
54305	53636	3	0.333333
54305	54150	3	0.333333
54305	54246	3	0.333333
54305	53745	3	0.333333
54305	53641	3	0.333333
54305	54215	3	0.333333
54305	53260	3	0.333333
54305	54300	3	0.333333
54305	53297	3	0.333333
54305	52979	3	0.333333
54305	53492	3	0.333333
54305	53814	3	0.333333
54305	53174	3	0.333333
54305	53240	3	0.333333
54305	52932	3	0.333333
54305	53436	3	0.333333
54305	53789	3	0.333333
54306	53280	12	0.019512
54306	54145	4	0.006504
54306	53154	15	0.024390
54306	54243	3	0.004878
54306	53380	4	0.006504
54306	53610	1055	1.715447
54306	53131	4	0.006504
54306	53437	1	0.001626
54306	53840	1	0.001626
54306	53843	1	0.001626
54306	53014	4	0.006504
54306	54072	1	0.001626
54306	53962	6	0.009756
54306	53503	4	0.006504
54307	53280	1	0.004329
54307	53124	1	0.004329
54307	53702	1	0.004329
54307	53256	1	0.004329
54307	53645	1	0.004329
54307	52981	6	0.025974
54307	53018	2	0.008658
54307	53437	1	0.004329
54308	53280	1	0.010204
54308	53347	1	0.010204
54308	53965	1	0.010204
54308	53763	1	0.010204
54308	52981	2	0.020408
54308	54011	3	0.030612
54308	53374	1	0.010204
54311	54072	2	0.100000
54312	53632	1	0.015152
54312	53475	1	0.015152
54312	53771	1	0.015152
54312	53021	1	0.015152
54312	54033	1	0.015152
54312	54072	1	0.015152
54312	53882	2	0.030303
54312	53661	25	0.378788
54317	53433	1	0.005102
54317	53845	1	0.005102
54319	53608	1	0.025641
54319	53242	1	0.025641
54319	53843	1	0.025641
54319	53763	2	0.051282
54320	53280	3	0.017964
54320	54337	2	0.011976
54320	53437	1	0.005988
54320	53632	1	0.005988
54320	53843	3	0.017964
54320	53018	7	0.041916
54320	53212	5	0.029940
54320	53373	4	0.023952
54321	53913	1	0.002404
54321	53539	1	0.002404
54322	53090	1	0.018519
54322	53429	1	0.018519
54326	53913	3	0.107143
54326	53539	1	0.035714
54326	53101	1	0.035714
54328	53280	1	0.000746
54328	53763	1	0.000746
54328	53608	2	0.001491
54328	53065	2	0.001491
54328	53066	14	0.010440
54328	54332	1	0.000746
54328	53840	1	0.000746
54328	53873	5	0.003729
54328	53843	1	0.000746
54328	52981	3	0.002237
54328	54072	1	0.000746
54328	53018	2	0.001491
54328	53628	1	0.000746
54328	53919	3	0.002237
54332	53280	22	0.022774
54332	54065	2	0.002070
54332	53444	3	0.003106
54332	52966	34	0.035197
54332	54151	4	0.004141
54332	53257	3	0.003106
54332	53610	2	0.002070
54332	54284	2	0.002070
54332	53693	3	0.003106
54332	53066	20	0.020704
54332	53873	2	0.002070
54332	54072	2	0.002070
54332	53437	4	0.004141
54334	53122	6	0.036810
54334	54277	6	0.036810
54334	53896	6	0.036810
54334	53740	1	0.006135
54334	53387	6	0.036810
54334	53774	6	0.036810
54334	54033	6	0.036810
54334	54290	6	0.036810
54334	54163	6	0.036810
54334	53781	6	0.036810
54334	53782	7	0.042945
54334	53656	7	0.042945
54334	52889	1	0.006135
54334	52893	8	0.049080
54334	53026	6	0.036810
54334	54179	12	0.073620
54334	53157	6	0.036810
54334	54321	6	0.036810
54334	54312	6	0.036810
54334	53021	11	0.067485
54334	53552	6	0.036810
54334	54024	6	0.036810
54334	54199	6	0.036810
54334	54330	6	0.036810
54334	53437	1	0.006135
54334	53955	6	0.036810
54334	52936	6	0.036810
54334	53970	6	0.036810
54334	54158	14	0.085890
54334	52951	6	0.036810
54334	54106	5	0.030675
54334	53212	1	0.006135
54334	52958	7	0.042945
54334	53475	7	0.042945
54334	53095	6	0.036810
54334	53096	6	0.036810
54334	53482	6	0.036810
54334	54251	6	0.036810
54334	53356	6	0.036810
54334	54125	6	0.036810
54334	53882	6	0.036810
54334	53886	2	0.012270
54334	54015	6	0.036810
54335	54083	99	3.193548
54335	53214	5385	173.709677
54336	53280	1	0.034483
54336	53538	1	0.034483
54336	53116	1	0.034483
54336	52981	1	0.034483
54337	53632	9	0.023873
54337	53763	2	0.005305
54337	53005	1	0.002653
54337	53381	1	0.002653
54337	54278	4	0.010610
54337	54151	2	0.005305
54337	53402	1	0.002653
54337	53389	383	1.015915
54337	53066	1	0.002653
54337	52884	1	0.002653
54337	54126	1	0.002653
54337	53910	1	0.002653
54337	53658	1	0.002653
54337	53148	394	1.045093
54337	53149	2	0.005305
54337	54021	2	0.005305
54337	53280	1	0.002653
54337	54320	1	0.002653
54337	53539	1	0.002653
54337	53028	2	0.005305
54337	53893	1	0.002653
54337	53670	1	0.002653
54337	53031	1	0.002653
54337	53916	1	0.002653
54337	53290	1	0.002653
54337	54060	16	0.042440
54337	53805	4	0.010610
54337	54045	1	0.002653
54337	52912	1	0.002653
54337	53809	1	0.002653
54337	53811	1	0.002653
54337	53680	1	0.002653
54337	53467	1	0.002653
54337	52920	1	0.002653
54337	54051	1	0.002653
54337	53562	2	0.005305
54337	53714	1	0.002653
54337	53437	2	0.005305
54337	54206	1	0.002653
54337	54079	3	0.007958
54337	54336	1	0.002653
54337	54307	1	0.002653
54337	53186	1	0.002653
54337	53155	2	0.005305
54337	53870	1	0.002653
54337	53540	1	0.002653
54337	53962	3	0.007958
54337	54217	2	0.005305
54337	52938	5	0.013263
54337	53323	1	0.002653
54337	54093	3	0.007958
54337	52942	1	0.002653
54337	54221	1	0.002653
54337	53200	1	0.002653
54337	54264	1	0.002653
54337	53202	1	0.002653
54337	53843	3	0.007958
54337	53710	1	0.002653
54337	53412	1	0.002653
54337	53082	1	0.002653
54337	53979	378	1.002653
54337	54074	1	0.002653
54337	54110	1	0.002653
54337	54308	1	0.002653
54337	53496	1	0.002653
54337	52963	1	0.002653
54337	53477	1	0.002653
54337	53609	1	0.002653
54337	54250	1	0.002653
54337	53611	1	0.002653
54337	53101	1	0.002653
54337	53742	1	0.002653
54337	53168	1	0.002653
54337	53914	1	0.002653
54337	53108	1	0.002653
54337	53310	1	0.002653
54337	54006	1	0.002653
54337	54007	1	0.002653
54337	53368	2	0.005305
54337	53242	1	0.002653
54337	53883	2	0.005305
54337	53116	18	0.047745
54337	53171	1	0.002653
54338	53632	3	0.016484
54338	53816	1	0.005495
54338	53874	1	0.005495
54338	53843	1	0.005495
54338	52981	1	0.005495
54338	54072	1	0.005495
54338	53116	2	0.010989
54340	53632	24	0.114286
54340	53538	25	0.119048
54340	53843	63	0.300000
54340	52885	3	0.014286
54340	54072	1	0.004762
54340	53049	2	0.009524
54340	53018	1	0.004762
54340	53116	1	0.004762
54341	53088	1	0.000848
54341	54336	1	0.000848
54341	53632	1	0.000848
54341	53347	5	0.004241
54341	53060	4	0.003393
54341	53763	3	0.002545
54341	53702	2	0.001696
54341	53280	1	0.000848
54341	54025	2	0.001696
54341	54154	2	0.001696
54341	54284	1	0.000848
54341	53843	1	0.000848
54341	54191	12	0.010178
54341	53840	9	0.007634
54341	53874	8	0.006785
54341	54003	1	0.000848
54341	52981	8	0.006785
54341	54072	5	0.004241
54341	53913	1	0.000848
54341	53628	3	0.002545
54341	53610	2	0.001696
52873	53347	1	0.002674
52873	54151	1	0.002674
52873	53610	2	0.005348
52873	54183	1	0.002674
52873	54284	1	0.002674
52873	53711	7	0.018717
52873	54072	1	0.002674
52873	53592	1	0.002674
52873	53082	752	2.010695
52874	53632	1	0.007874
52874	53729	19	0.149606
52874	53489	1	0.007874
52874	53100	1	0.007874
52874	53391	1	0.007874
52874	54289	1	0.007874
52874	53874	1	0.007874
52874	53908	1	0.007874
52874	52981	1	0.007874
52874	54006	5	0.039370
52874	54072	3	0.023622
52874	53913	6	0.047244
52875	53928	8	0.101266
52875	53066	1	0.012658
52875	53843	3	0.037975
52875	53437	3	0.037975
52875	53846	5	0.063291
52876	52976	4	0.004469
52876	54072	2	0.002235
52876	53610	4	0.004469
52876	53116	4	0.004469
52876	53437	4	0.004469
52877	53280	7	0.005482
52877	54336	1	0.000783
52877	53610	2	0.001566
52877	54289	4	0.003132
52877	53801	1	0.000783
52877	54154	1	0.000783
52877	54279	1	0.000783
52877	53645	6	0.004699
52877	53368	14	0.010963
52877	53632	2	0.001566
52877	53843	2	0.001566
52877	54151	2	0.001566
52877	54072	16	0.012529
52877	53913	8	0.006265
52877	53307	3	0.002349
52877	53628	9	0.007048
52877	54065	7	0.005482
52878	53280	4	0.020942
52878	53222	1	0.005236
52878	53928	1	0.005236
52878	54154	3	0.015707
52878	53301	1	0.005236
52878	53975	2	0.010471
52878	54072	1	0.005236
52878	52895	1	0.005236
52880	53066	314	0.775309
52880	53771	1	0.002469
52880	53998	38	0.093827
52880	53840	4	0.009877
52880	52981	8	0.019753
52880	53018	1	0.002469
52880	53437	1	0.002469
52881	54072	18	1.125000
52881	53666	2	0.125000
52881	53843	1	0.062500
52881	52981	24	1.500000
52882	53280	2	0.005714
52882	53840	1	0.002857
52882	53763	1	0.002857
52882	53444	1	0.002857
52882	54248	4	0.011429
52882	54284	1	0.002857
52882	53613	2	0.005714
52882	54190	3	0.008571
52882	53645	2	0.005714
52882	53936	3718	10.622857
52882	53407	1	0.002857
52882	53874	1	0.002857
52882	53347	1	0.002857
52882	53913	1	0.002857
52882	53018	4	0.011429
52882	53167	1	0.002857
52882	53855	1	0.002857
52883	53928	1	0.010989
52883	54010	1	0.010989
52884	53280	114	0.974359
52884	53763	3	0.025641
52884	53124	1	0.008547
52884	53477	1	0.008547
52884	53800	116	0.991453
52884	53771	1	0.008547
52884	53645	1	0.008547
52884	53576	1	0.008547
52884	53843	1	0.008547
52884	54307	1	0.008547
52884	53301	4	0.034188
52884	54072	2	0.017094
52884	53913	1	0.008547
52884	53402	1	0.008547
52884	53855	2	0.017094
52884	53437	1	0.008547
52884	52981	4	0.034188
52885	53632	1	0.000926
52885	53538	1067	0.987963
52885	54340	1073	0.993519
52885	53928	6	0.005556
52885	53705	1	0.000926
52885	53954	1	0.000926
52885	53048	2	0.001852
52885	53843	1060	0.981481
52885	53908	2	0.001852
52885	54072	1061	0.982407
52885	53116	4	0.003704
52888	53558	1	0.002688
52890	54072	27	0.490909
52890	53538	4	0.072727
52890	53843	27	0.490909
52890	54198	30	0.545455
52891	54336	1	0.001160
52891	53280	2	0.002320
52891	53347	1	0.001160
52891	53702	2	0.002320
52891	53065	1	0.001160
52891	53005	5	0.005800
52891	53645	1	0.001160
52891	52945	1	0.001160
52891	53843	1	0.001160
52891	53749	6	0.006961
52891	53562	5	0.005800
52891	53167	1	0.001160
52891	53139	3	0.003480
52891	53437	1	0.001160
52891	53406	1	0.001160
52891	54207	1	0.001160
52892	53632	6	0.003659
52892	53381	2	0.001220
52892	54278	17	0.010366
52892	53771	3	0.001829
52892	54083	4	0.002439
52892	53913	3	0.001829
52892	53018	4	0.002439
52892	53280	9	0.005488
52892	53830	3	0.001829
52892	54072	4	0.002439
52892	53437	3	0.001829
52892	53515	2	0.001220
52892	53702	8	0.004878
52892	54093	1	0.000610
52892	53840	2	0.001220
52892	53843	3	0.001829
52892	53467	1	0.000610
52892	53347	5	0.003049
52892	53613	2	0.001220
52892	52981	4	0.002439
52892	53497	4	0.002439
52892	53628	1	0.000610
52893	53280	24	0.044444
52893	53347	3	0.005556
52893	53381	1	0.001852
52893	53702	3	0.005556
52893	53128	1	0.001852
52893	53065	1	0.001852
52893	54284	6	0.011111
52893	53613	1	0.001852
52893	53048	1	0.001852
52893	53589	1	0.001852
52893	53782	1	0.001852
52893	54025	1	0.001852
52893	54072	8	0.014815
52893	53913	3	0.005556
52893	53018	2	0.003704
52893	53628	2	0.003704
52893	53437	1	0.001852
52898	53928	11	0.025882
52902	53280	17	0.023843
52902	54336	11	0.015428
52902	54178	386	0.541374
52902	53444	13	0.018233
52902	53127	1	0.001403
52902	53928	2	0.002805
52902	54154	7	0.009818
52902	53613	1	0.001403
52902	53486	1	0.001403
52902	53632	7	0.009818
52902	53874	13	0.018233
52902	53843	1	0.001403
52902	54072	1	0.001403
52902	53913	1	0.001403
52902	53018	1	0.001403
52902	54271	2	0.002805
52902	53148	2	0.002805
52902	53407	2	0.002805
52904	53074	2	1.000000
52906	53222	50	0.980392
52906	54031	17	0.333333
52908	53632	2	0.005764
52908	53539	66	0.190202
52908	53540	1	0.002882
52908	54278	2	0.005764
52908	54093	2	0.005764
52908	53594	1	0.002882
52908	52926	2	0.005764
52909	53632	3	0.001284
52909	54274	1	0.000428
52909	53379	1	0.000428
52909	53589	1	0.000428
52909	54023	1	0.000428
52909	53128	1	0.000428
52909	53259	1	0.000428
52909	53518	1	0.000428
52909	53741	1	0.000428
52909	54232	1	0.000428
52909	54162	1	0.000428
52909	54019	1	0.000428
52909	53908	2	0.000856
52909	53592	1	0.000428
52909	53910	1	0.000428
52909	54295	1	0.000428
52909	54169	1	0.000428
52909	52890	2	0.000856
52909	53659	1	0.000428
52909	53791	1	0.000428
52909	53920	1	0.000428
52909	53538	28	0.011981
52909	53339	3	0.001284
52909	54257	1	0.000428
52909	53928	1	0.000428
52909	54185	1	0.000428
52909	53895	1	0.000428
52909	53296	3	0.001284
52909	53681	7	0.002995
52909	52914	1	0.000428
52909	53558	1	0.000428
52909	53431	1	0.000428
52909	53433	1	0.000428
52909	53962	1	0.000428
52909	53182	1	0.000428
52909	53984	1	0.000428
52909	53954	1	0.000428
52909	53467	1	0.000428
52909	53447	1	0.000428
52909	53833	1	0.000428
52909	52938	1	0.000428
52909	53324	1	0.000428
52909	54093	1	0.000428
52909	53112	1	0.000428
52909	53586	1	0.000428
52909	53208	1	0.000428
52909	53077	1	0.000428
52909	53976	1	0.000428
52909	53391	1	0.000428
52909	53468	1	0.000428
52909	53498	1	0.000428
52909	53726	1	0.000428
52909	52960	1	0.000428
52909	53345	1	0.000428
52909	53315	1	0.000428
52909	53639	1	0.000428
52909	52965	1	0.000428
52909	54289	1	0.000428
52909	53097	1	0.000428
52909	53098	1	0.000428
52909	54247	1	0.000428
52909	53100	1	0.000428
52909	53613	1	0.000428
52909	53489	1	0.000428
52909	53875	1	0.000428
52909	53109	1	0.000428
52909	53878	1	0.000428
52909	53624	1	0.000428
52909	53205	1	0.000428
52909	53371	1	0.000428
52909	53373	1	0.000428
52909	54271	1	0.000428
52912	53632	3	0.001236
52912	53696	1	0.000412
52912	53763	3	0.001236
52912	54021	1	0.000412
52912	54151	1	0.000412
52912	53128	1	0.000412
52912	54025	1	0.000412
52912	53771	1	0.000412
52912	54158	2	0.000824
52912	53009	2	0.000824
52912	54163	3867	1.593325
52912	53524	1	0.000412
52912	53910	2	0.000824
52912	53913	3865	1.592501
52912	53018	1	0.000412
52912	53915	1	0.000412
52912	53148	2	0.000824
52912	52893	1	0.000412
52912	53919	1	0.000412
52912	53280	6	0.002472
52912	53155	1	0.000412
52912	53318	1	0.000412
52912	53928	2	0.000824
52912	53418	1	0.000412
52912	53549	1	0.000412
52912	54072	1	0.000412
52912	53437	2	0.000824
52912	54336	3	0.001236
52912	53702	2	0.000824
52912	53027	1	0.000412
52912	53088	1940	0.799341
52912	53347	1937	0.798105
52912	52965	1	0.000412
52912	53610	1	0.000412
52912	53371	1	0.000412
52914	53632	4	0.001226
52914	54336	1	0.000306
52914	53381	5	0.001532
52914	54151	6	0.001839
52914	53386	5	0.001532
52914	53655	3	0.000919
52914	53389	1	0.000306
52914	53549	1	0.000306
52914	54291	1	0.000306
52914	54292	1	0.000306
52914	54295	3	0.000919
52914	53913	3	0.000919
52914	53018	2	0.000613
52914	53148	2	0.000613
52914	53149	1	0.000306
52914	53407	1	0.000306
52914	53280	6	0.001839
52914	53538	3230	0.989887
52914	53539	3	0.000919
52914	53702	1	0.000306
52914	53928	178	0.054551
52914	53404	1	0.000306
52914	53034	1	0.000306
52914	54279	1	0.000306
52914	53933	1	0.000306
52914	54301	1	0.000306
52914	54065	1	0.000306
52914	53048	8	0.002452
52914	53437	14	0.004291
52914	53706	2	0.000613
52914	54337	1	0.000306
52914	53315	1	0.000306
52914	53446	1	0.000306
52914	52938	1	0.000306
52914	53324	2	0.000613
52914	53582	1	0.000306
52914	53455	3209	0.983451
52914	53840	1	0.000306
52914	54072	29	0.008888
52914	53843	7	0.002145
52914	53205	1	0.000306
52914	53719	4	0.001226
52914	53467	1	0.000306
52914	53468	1	0.000306
52914	53471	1	0.000306
52914	53345	6417	1.966595
52914	53347	1	0.000306
52914	53606	1	0.000306
52914	53116	6	0.001839
52914	53610	3	0.000919
52914	53613	2	0.000613
52914	53102	1	0.000306
52914	53487	3203	0.981612
52914	53362	1	0.000306
52914	54004	3196	0.979467
52914	52981	27	0.008275
52914	54134	5	0.001532
52914	53112	2	0.000613
52914	53755	2	0.000613
52914	53628	1	0.000306
52915	54072	4	0.029197
52915	53843	3	0.021898
52915	53467	1	0.007299
52915	53755	1	0.007299
52916	53539	21	0.030172
52916	53801	4	0.005747
52916	53259	2	0.002874
52916	53296	2	0.002874
52916	53304	16	0.022989
52916	53913	2	0.002874
52916	53566	2	0.002874
52917	54072	13	0.260000
52917	53843	1	0.020000
52917	54131	4	0.080000
52918	53719	1	0.125000
52918	53437	1	0.125000
52918	52981	1	0.125000
52920	52981	1	0.052632
52922	53840	2	0.021978
52922	53280	1	0.010989
52922	53866	9	0.098901
52922	53018	2	0.021978
52923	53928	2	0.001695
52923	53186	2	0.001695
52923	53364	88	0.074576
52925	53280	1	0.055556
52925	54145	2	0.111111
52925	54306	151	8.388889
52925	54243	2	0.111111
52925	53380	2	0.111111
52925	53610	36	2.000000
52925	53131	2	0.111111
52925	53154	1	0.055556
52925	53014	2	0.111111
52925	53503	2	0.111111
52926	53632	1	0.004695
52926	53594	1	0.004695
52926	53540	1	0.004695
52926	54093	2	0.009390
52926	54278	1	0.004695
52929	52960	2	0.003704
52929	54177	8	0.014815
52929	53250	1	0.001852
52929	53366	1	0.001852
52929	53606	4	0.007407
52929	53772	1	0.001852
52929	53878	1	0.001852
52929	54030	1	0.001852
52929	54141	1	0.001852
52929	53585	1	0.001852
52929	53716	1	0.001852
52929	54102	1	0.001852
52929	53244	2	0.003704
52929	53469	2	0.003704
52931	53280	2	0.024691
52931	53632	1	0.012346
52931	53446	3	0.037037
52931	53645	1	0.012346
52931	53613	1	0.012346
52931	53843	2	0.024691
52931	52981	6	0.074074
52931	54072	2	0.024691
52931	53437	2	0.024691
52932	53636	8	0.242424
52932	54150	8	0.242424
52932	53641	8	0.242424
52932	53260	8	0.242424
52932	54300	8	0.242424
52932	53789	8	0.242424
52932	54305	8	0.242424
52932	53297	8	0.242424
52932	53174	8	0.242424
52932	53436	8	0.242424
52932	53952	8	0.242424
52932	53814	8	0.242424
52932	54215	8	0.242424
52932	53329	8	0.242424
52932	53467	1	0.030303
52932	53349	8	0.242424
52932	54246	8	0.242424
52932	53745	8	0.242424
52932	52979	8	0.242424
52932	53492	8	0.242424
52932	53240	8	0.242424
52932	53241	8	0.242424
52936	53632	10	0.027701
52936	53538	2	0.005540
52936	52965	2	0.005540
52936	53610	2	0.005540
52936	54151	2	0.005540
52936	53928	2	0.005540
52936	53418	4	0.011080
52936	53324	2	0.005540
52936	53229	2	0.005540
52936	53840	2	0.005540
52936	53128	2	0.005540
52936	53843	6	0.016620
52936	52981	4	0.011080
52936	54072	18	0.049861
52936	53913	2	0.005540
52936	53018	2	0.005540
52936	53371	4	0.011080
52936	52890	2	0.005540
52936	53589	2	0.005540
52937	53280	1	0.016667
52937	53632	1	0.016667
52937	53347	1	0.016667
52937	54281	1	0.016667
52937	53613	2	0.033333
52937	54065	1	0.016667
52937	53621	1	0.016667
52937	54072	3	0.050000
52937	53913	1	0.016667
52937	53919	1	0.016667
52937	53628	1	0.016667
52937	52981	2	0.033333
52938	53632	8	0.036530
52938	53539	202	0.922374
52938	53895	2	0.009132
52938	53928	5	0.022831
52938	54281	3	0.013699
52938	53771	212	0.968037
52938	53804	2	0.009132
52938	53613	6	0.027397
52938	53874	7	0.031963
52938	53843	210	0.958904
52938	52981	18	0.082192
52938	53110	3	0.013699
52938	54072	3	0.013699
52938	53471	2	0.009132
52938	53439	2	0.009132
52939	53347	19	0.575758
52939	53060	2	0.060606
52939	54247	2	0.060606
52939	53834	2	0.060606
52939	53847	1	0.030303
52939	53486	2	0.060606
52939	53104	2	0.060606
52939	52953	2	0.060606
52939	53337	2	0.060606
52939	54174	2	0.060606
52941	53280	7	0.005596
52941	53632	6	0.004796
52941	53538	1	0.000799
52941	53347	22	0.017586
52941	53444	5	0.003997
52941	53873	1	0.000799
52941	53544	12	0.009592
52941	53613	3	0.002398
52941	53326	21	0.016787
52941	52975	2	0.001599
52941	53840	8	0.006395
52941	53841	9	0.007194
52941	53843	11	0.008793
52941	53763	5	0.003997
52941	52981	15	0.011990
52941	54072	3	0.002398
52941	53796	9	0.007194
52941	53437	10	0.007994
52942	53280	3	0.031915
52942	54279	1	0.010638
52942	53003	1	0.010638
52942	53874	1	0.010638
52942	52981	1	0.010638
52942	54072	3	0.031915
52945	53632	2	0.000244
52945	53381	1	0.000122
52945	54154	4	0.000487
52945	53771	3	0.000366
52945	54284	1	0.000122
52945	53005	2	0.000244
52945	53269	2	0.000244
52945	53913	3	0.000366
52945	53018	2	0.000244
52945	53792	5	0.000609
52945	53538	3	0.000366
52945	53547	1	0.000122
52945	53680	22	0.002681
52945	54198	1	0.000122
52945	54072	3	0.000366
52945	53437	1	0.000122
52945	52981	1	0.000122
52945	54336	2	0.000244
52945	52938	1	0.000122
52945	54093	1	0.000122
52945	53840	1	0.000122
52945	53843	1	0.000122
52945	53337	4	0.000487
52945	53468	225	0.027419
52945	53347	2	0.000244
52945	53613	1	0.000122
52945	53874	3	0.000366
52945	53749	2	0.000244
52948	53368	82	0.987952
52948	54072	1	0.012048
52948	53310	82	0.987952
52952	53280	2	0.024691
52952	53613	1	0.012346
52952	53874	2	0.024691
52952	53843	1	0.012346
52952	53875	4	0.049383
52952	53181	1	0.012346
52953	53913	1	0.034483
52953	53347	9	0.310345
52953	53486	4	0.137931
52953	53065	1	0.034483
52954	53280	5	0.002491
52954	53920	1	0.000498
52954	54274	1	0.000498
52954	53347	102	0.050822
52954	54151	1	0.000498
52954	53928	1	0.000498
52954	54217	1265	0.630294
52954	53610	2	0.000997
52954	53031	7	0.003488
52954	53100	1	0.000498
52954	53538	1	0.000498
52954	53437	1	0.000498
52954	53843	1	0.000498
52954	54072	1	0.000498
52954	53913	4	0.001993
52954	53373	1	0.000498
52956	53402	6	0.022989
52956	53702	2	0.007663
52960	54072	1	0.010000
52962	53632	3	0.007026
52962	53538	87	0.203747
52962	53928	6	0.014052
52962	53386	3	0.007026
52962	53259	1	0.002342
52962	54093	3	0.007026
52962	53362	3	0.007026
52962	53843	2	0.004684
52962	54072	1	0.002342
52962	53116	2	0.004684
52963	53763	1	0.009434
52963	53347	1	0.009434
52963	52981	3	0.028302
52963	53645	1	0.009434
52964	53632	6	0.013761
52964	53984	1	0.002294
52964	54274	1	0.002294
52964	52967	2	0.004587
52964	54151	1	0.002294
52964	53100	1	0.002294
52964	53741	1	0.002294
52964	52909	1	0.002294
52964	53681	1	0.002294
52964	53138	1	0.002294
52964	53236	1	0.002294
52964	52981	2	0.004587
52964	54072	2	0.004587
52964	53437	2	0.004587
52965	53632	5	0.002473
52965	54336	1	0.000495
52965	53122	6	0.002967
52965	53803	2	0.000989
52965	53910	130	0.064293
52965	54151	5	0.002473
52965	53128	20	0.009891
52965	54281	2	0.000989
52965	54154	8	0.003956
52965	53259	1	0.000495
52965	53134	1	0.000495
52965	53775	1	0.000495
52965	53208	19	0.009397
52965	54163	113	0.055885
52965	53782	2	0.000989
52965	53148	1	0.000495
52965	53021	1	0.000495
52965	53280	2	0.000989
52965	52912	2	0.000989
52965	53538	20	0.009891
52965	53539	1	0.000495
52965	53928	4	0.001978
52965	53034	1	0.000495
52965	54279	1	0.000495
52965	53362	1	0.000495
52965	53296	1	0.000495
52965	54065	3	0.001484
52965	53467	4	0.001978
52965	54025	1	0.000495
52965	54072	5	0.002473
52965	53433	1	0.000495
52965	53437	1	0.000495
52965	53696	8	0.003956
52965	53572	1	0.000495
52965	53447	50	0.024728
52965	53833	1	0.000495
52965	53706	1	0.000495
52965	53324	2	0.000989
52965	54093	1	0.000495
52965	53582	1	0.000495
52965	53455	3	0.001484
52965	53895	2	0.000989
52965	54144	1	0.000495
52965	53843	29	0.014342
52965	54100	123	0.060831
52965	53589	39	0.019288
52965	53719	1	0.000495
52965	53592	1	0.000495
52965	53339	2	0.000989
52965	53025	1	0.000495
52965	53549	1	0.000495
52965	53087	6	0.002967
52965	53088	14	0.006924
52965	53097	6	0.002967
52965	53610	13	0.006429
52965	53100	4	0.001978
52965	53613	1	0.000495
52965	53373	2	0.000989
52965	53874	1	0.000495
52965	52981	12	0.005935
52965	53624	1	0.000495
52965	53371	1	0.000495
52965	53994	19	0.009397
52966	53280	26	0.014764
52966	54065	4	0.002271
52966	53444	6	0.003407
52966	53610	4	0.002271
52966	54151	8	0.004543
52966	53257	6	0.003407
52966	53066	30	0.017036
52966	54284	4	0.002271
52966	53693	6	0.003407
52966	53873	4	0.002271
52966	54072	4	0.002271
52966	54332	2834	1.609313
52966	53437	8	0.004543
52967	53874	3	0.060000
52967	53843	1	0.020000
52970	54144	85	4.250000
52970	54072	19	0.950000
52970	53843	1	0.050000
52971	53632	1	0.000990
52971	54017	1	0.000990
52971	54151	5	0.004950
52971	53128	2	0.001980
52971	52885	1	0.000990
52971	53913	1	0.000990
52971	54173	1	0.000990
52971	53791	2	0.001980
52971	53280	1	0.000990
52971	53539	2	0.001980
52971	53928	2	0.001980
52971	54188	1	0.000990
52971	53677	1	0.000990
52971	53296	2	0.001980
52971	53553	1	0.000990
52971	54340	4	0.003960
52971	53705	381	0.377228
52971	53066	30	0.029703
52971	53324	2	0.001980
52971	53581	1	0.000990
52971	54098	1	0.000990
52971	53843	2	0.001980
52971	53467	2	0.001980
52971	53860	1	0.000990
52971	53733	1	0.000990
52971	53610	3	0.002970
52971	53074	1	0.000990
52971	53487	2	0.001980
52971	53873	4	0.003960
52971	53874	1	0.000990
52971	52981	1	0.000990
52971	53624	3	0.002970
52971	53628	2	0.001980
52971	53373	2	0.001980
52972	53928	2	0.005195
52975	53632	2	0.001090
52975	54281	2	0.001090
52975	53771	5	0.002725
52975	53913	22	0.011989
52975	53278	2	0.001090
52975	53407	2	0.001090
52975	53280	8	0.004360
52975	53794	9	0.004905
52975	53296	6	0.003270
52975	54065	2	0.001090
52975	53301	2	0.001090
52975	53559	2	0.001090
52975	54072	7	0.003815
52975	53919	12	0.006540
52975	53437	3	0.001635
52975	53446	1	0.000545
52975	52938	1	0.000545
52975	53538	1	0.000545
52975	53455	5	0.002725
52975	53843	6	0.003270
52975	53719	2	0.001090
52975	53856	1	0.000545
52975	53347	21	0.011444
52975	53610	3	0.001635
52975	53613	1	0.000545
52975	53874	1	0.000545
52975	53876	2	0.001090
52975	52981	54	0.029428
52976	53538	1	0.013158
52976	53971	1	0.013158
52976	53610	1	0.013158
52976	54284	1	0.013158
52976	53843	1	0.013158
52976	52981	2	0.026316
52976	53878	1	0.013158
52976	54072	76	1.000000
52976	53146	1	0.013158
52976	53116	1	0.013158
52976	53437	5	0.065789
52977	53913	1	0.014085
52977	53562	64	0.901408
52979	53952	15	0.789474
52979	54305	15	0.789474
52979	53636	15	0.789474
52979	54150	15	0.789474
52979	54246	15	0.789474
52979	53745	15	0.789474
52979	53928	15	0.789474
52979	53641	15	0.789474
52979	54215	15	0.789474
52979	53260	15	0.789474
52979	54300	15	0.789474
52979	53297	15	0.789474
52979	53241	15	0.789474
52979	53492	15	0.789474
52979	53814	15	0.789474
52979	53174	15	0.789474
52979	53240	15	0.789474
52979	52932	15	0.789474
52979	53467	1	0.052632
52979	53436	15	0.789474
52979	53789	15	0.789474
52981	53632	5	0.018939
52981	53381	1	0.003788
52981	54151	1	0.003788
52981	53771	2	0.007576
52981	53913	1	0.003788
52981	53148	1	0.003788
52981	54301	4	0.015152
52981	53407	2	0.007576
52981	53280	211	0.799242
52981	53539	210	0.795455
52981	53928	1	0.003788
52981	54279	1	0.003788
52981	54072	32	0.121212
52981	53437	32	0.121212
52981	54338	3	0.011364
52981	54083	1	0.003788
52981	53840	2	0.007576
52981	53843	4	0.015152
52981	53610	1	0.003788
52981	54134	15	0.056818
52981	53755	1	0.003788
52981	53374	2	0.007576
52982	54072	1	0.009091
52982	53787	181	1.645455
52986	53839	2	0.333333
52988	53928	1	0.033333
52989	53347	1	0.001294
52989	53702	1	0.001294
52989	53801	1	0.001294
52989	54191	4	0.005175
52989	54065	12	0.015524
52989	53874	3	0.003881
52989	52981	1	0.001294
52989	53065	1	0.001294
52989	54072	5	0.006468
52992	53280	2	0.009950
52992	53001	1	0.004975
52992	53645	1	0.004975
52992	54191	3	0.014925
52992	54163	1	0.004975
52992	54025	1	0.004975
52992	54072	3	0.014925
52992	53018	1	0.004975
52992	53437	1	0.004975
52994	52891	1	0.004902
52994	53005	3	0.014706
52994	53381	1	0.004902
52996	54144	1	0.005319
52996	54083	2	0.010638
52996	53068	3	0.015957
52996	53843	2	0.010638
52996	52981	2	0.010638
52996	54073	3	0.015957
52996	54072	6	0.031915
52996	53913	1	0.005319
53001	53928	4	0.005571
53001	52912	9	0.012535
53003	53632	13	0.019316
53003	53025	2	0.002972
53003	53763	6	0.008915
53003	53379	2	0.002972
53003	53639	2	0.002972
53003	53928	2	0.002972
53003	53200	1	0.001486
53003	53613	14	0.020802
53003	53678	2	0.002972
53003	52912	1	0.001486
53003	53048	2	0.002972
53003	53843	2	0.002972
53003	52931	2	0.002972
53003	53591	2	0.002972
53003	54072	82	0.121842
53003	53562	1	0.001486
53003	53755	25	0.037147
53003	53148	2	0.002972
53003	54336	2	0.002972
53003	53759	2	0.002972
53005	53280	216	0.476821
53005	53792	2	0.004415
53005	53794	2	0.004415
53005	54337	3	0.006623
53005	53801	2	0.004415
53005	52994	2	0.004415
53005	53613	3	0.006623
53005	54065	1	0.002208
53005	53843	2	0.004415
53005	53940	3	0.006623
53005	53749	1	0.002208
53005	53913	12	0.026490
53005	54072	8	0.017660
53005	53337	2	0.004415
53005	53018	3	0.006623
53005	53755	1	0.002208
53005	53148	16	0.035320
53005	53406	1	0.002208
53005	53919	1	0.002208
53009	53088	1	0.001942
53009	53280	9	0.017476
53009	53027	2	0.003883
53009	53838	1	0.001942
53009	53840	2	0.003883
53009	53843	1	0.001942
53009	52981	1	0.001942
53009	54072	1	0.001942
53009	53913	1	0.001942
53009	53018	3	0.005825
53009	53437	1	0.001942
53009	53269	2	0.003883
53014	53632	28	0.024327
53014	54145	3	0.002606
53014	53763	3	0.002606
53014	53380	3	0.002606
53014	54151	4	0.003475
53014	53771	8	0.006950
53014	53772	3	0.002606
53014	53645	3	0.002606
53014	53520	3	0.002606
53014	53913	9	0.007819
53014	54297	3	0.002606
53014	53018	6	0.005213
53014	52975	3	0.002606
53014	53148	3	0.002606
53014	53280	14	0.012163
53014	52925	3	0.002606
53014	53154	4	0.003475
53014	53539	2	0.001738
53014	53928	3	0.002606
53014	54065	3	0.002606
53014	53945	3	0.002606
53014	53066	1	0.000869
53014	53131	3	0.002606
53014	53702	16	0.013901
53014	53962	3	0.002606
53014	53794	3	0.002606
53014	53840	1	0.000869
53014	53843	7	0.006082
53014	53846	15	0.013032
53014	53720	3	0.002606
53014	53225	3	0.002606
53014	53866	1	0.000869
53014	53613	3	0.002606
53014	53437	6	0.005213
53014	52981	7	0.006082
53014	53366	3	0.002606
53014	53369	3	0.002606
53014	53610	5	0.004344
53014	53503	3	0.002606
53015	53245	1	0.001319
53016	53444	1	0.003115
53016	53437	1	0.003115
53016	53565	1	0.003115
53016	54301	1	0.003115
53017	53928	86	2.000000
53017	53100	8	0.186047
53018	54016	1	0.000306
53018	52996	12	0.003673
53018	53167	1	0.000306
53018	54278	1	0.000306
53018	54024	1	0.000306
53018	53257	4	0.001224
53018	53655	1	0.000306
53018	54028	2	0.000612
53018	53645	23	0.007040
53018	53775	1	0.000306
53018	54036	3	0.000918
53018	53654	3	0.000918
53018	53913	2	0.000612
53018	54297	4	0.001224
53018	53787	6	0.001837
53018	53280	22	0.006734
53018	54320	1	0.000306
53018	53538	1	0.000306
53018	53155	1	0.000306
53018	53670	1	0.000306
53018	54065	2	0.000612
53018	53162	5	0.001530
53018	53547	23	0.007040
53018	53805	1	0.000306
53018	54191	3	0.000918
53018	53168	3	0.000918
53018	53681	8	0.002449
53018	54131	2	0.000612
53018	54072	34	0.010407
53018	53562	1	0.000306
53018	53181	8	0.002449
53018	53439	2	0.000612
53018	53696	1	0.000306
53018	53186	4	0.001224
53018	54083	7	0.002143
53018	52941	2	0.000612
53018	53840	2	0.000612
53018	53048	2	0.000612
53018	53074	3	0.000918
53018	53843	3	0.000918
53018	53677	1	0.000306
53018	53467	5	0.001530
53018	53088	2	0.000612
53018	53347	1	0.000306
53018	53348	1	0.000306
53018	53222	3	0.000918
53018	53223	5	0.001530
53018	54249	1	0.000306
53018	53611	3	0.000918
53018	53714	1	0.000306
53018	53437	15	0.004591
53018	54064	1	0.000306
53018	54003	1	0.000306
53018	52981	4	0.001224
53018	54262	8	0.002449
53018	53116	7	0.002143
53018	54270	1	0.000306
53021	53882	1	0.027027
53021	53782	1	0.027027
53022	53632	1	0.000227
53022	54017	1	0.000227
53022	53381	2	0.000454
53022	53895	94	0.021354
53022	53538	2	0.000454
53022	53645	2	0.000454
53022	53613	1	0.000227
53022	52880	1	0.000227
53022	54232	1	0.000227
53022	54162	1	0.000227
53022	53654	4	0.000909
53022	54169	9	0.002045
53022	53913	2	0.000454
53022	53018	7	0.001590
53022	54173	9	0.002045
53022	53791	1	0.000227
53022	53280	13	0.002953
53022	53154	2	0.000454
53022	53539	2	0.000454
53022	53286	1	0.000227
53022	53928	3	0.000682
53022	53034	1	0.000227
53022	54188	1	0.000227
53022	53677	1	0.000227
53022	53553	301	0.068378
53022	54328	1	0.000227
53022	54072	13	0.002953
53022	53945	2	0.000454
53022	53437	1	0.000227
53022	53182	4	0.000909
53022	54340	1	0.000227
53022	53705	3	0.000682
53022	53066	45	0.010223
53022	53324	1	0.000227
53022	53581	8	0.001817
53022	53840	13	0.002953
53022	53713	2	0.000454
53022	53074	10	0.002272
53022	53843	7	0.001590
53022	53976	2	0.000454
53022	53347	7	0.001590
53022	53720	1	0.000227
53022	53608	2	0.000454
53022	54098	1	0.000227
53022	53693	4	0.000909
53022	53873	8	0.001817
53022	52981	8	0.001817
53022	53624	6	0.001363
53022	53374	1	0.000227
53025	54072	5	0.058140
53025	53632	1	0.011628
53025	53843	1	0.011628
53025	52981	1	0.011628
53027	53088	1	0.001923
53027	53280	6	0.011538
53027	53702	1	0.001923
53027	53610	1	0.001923
53027	53009	1	0.001923
53027	53915	3	0.005769
53027	53628	2	0.003846
53027	54303	1	0.001923
53030	53632	2	0.086957
53032	53913	2	0.011299
53034	53632	4	0.001398
53034	53123	1	0.000349
53034	52996	3	0.001048
53034	53509	2270	0.793152
53034	53895	2306	0.805730
53034	53137	1	0.000349
53034	53913	1	0.000349
53034	53018	6	0.002096
53034	53148	1	0.000349
53034	53791	24	0.008386
53034	53381	3	0.001048
53034	53538	21	0.007338
53034	53928	1	0.000349
53034	54151	5	0.001747
53034	54065	1	0.000349
53034	52915	2	0.000699
53034	54072	12	0.004193
53034	53437	5	0.001747
53034	54079	35	0.012229
53034	53185	2274	0.794549
53034	54083	1	0.000349
53034	53572	2296	0.802236
53034	53702	10	0.003494
53034	53706	2323	0.811670
53034	53452	6	0.002096
53034	53582	2272	0.793850
53034	53840	2	0.000699
53034	53048	25	0.008735
53034	53843	40	0.013976
53034	53719	2298	0.802935
53034	53467	2364	0.825996
53034	53610	4	0.001398
53034	53100	2299	0.803284
53034	53874	2	0.000699
53034	52981	13	0.004542
53034	53755	10	0.003494
53041	53928	2	1.000000
53041	53373	4	2.000000
53043	53280	2	0.007273
53043	53632	2	0.007273
53043	53539	6	0.021818
53043	54116	4	0.014545
53043	53965	564	2.050909
53043	53112	6	0.021818
53043	53437	2	0.007273
53047	53632	11	0.005820
53047	54278	4	0.002116
53047	54151	2	0.001058
53047	54280	1	0.000529
53047	53913	1	0.000529
53047	53018	2	0.001058
53047	53280	6	0.003175
53047	54076	1	0.000529
53047	53437	2	0.001058
53047	53792	1	0.000529
53047	54083	1	0.000529
53047	53830	1	0.000529
53047	54093	3	0.001587
53047	53840	1	0.000529
53047	53843	1	0.000529
53047	53467	3	0.001587
53047	53347	1	0.000529
53047	52967	1	0.000529
53047	53874	3	0.001587
53047	52981	2	0.001058
53047	53497	1	0.000529
53047	53628	1	0.000529
53047	53245	1	0.000529
53047	54270	1	0.000529
53048	53632	1	0.004717
53048	53763	1	0.004717
53048	53381	1	0.004717
53048	54151	1491	7.033019
53048	53610	1052	4.962264
53048	53003	1	0.004717
53048	53843	422	1.990566
53048	52981	2	0.009434
53048	54072	210	0.990566
53048	53755	2	0.009434
53049	53632	5	0.002420
53049	54279	1	0.000484
53049	53913	10	0.004840
53049	53444	1	0.000484
53049	53018	3	0.001452
53049	54301	9	0.004356
53049	53407	2	0.000968
53049	53280	13	0.006292
53049	53154	1	0.000484
53049	53539	1	0.000484
53049	53167	1	0.000484
53049	54065	1	0.000484
53049	54072	1	0.000484
53049	53693	1	0.000484
53049	54336	1	0.000484
53049	54340	7	0.003388
53049	53324	3	0.001452
53049	53843	1	0.000484
53049	53347	10	0.004840
53049	53866	19	0.009197
53049	53613	1	0.000484
53049	53873	1	0.000484
53049	53628	2	0.000968
53053	53913	1	0.003185
53057	53632	3	0.006085
53057	53088	2	0.004057
53057	53315	1	0.002028
53057	52981	1	0.002028
53057	54158	3	0.006085
53058	53280	14	0.024055
53058	54017	629	1.080756
53058	53347	7	0.012027
53058	53705	1	0.001718
53058	53066	41	0.070447
53058	54284	1	0.001718
53058	53632	1	0.001718
53058	53840	5	0.008591
53058	53074	1	0.001718
53058	53539	1	0.001718
53058	54036	1	0.001718
53058	52981	564	0.969072
53058	53913	1	0.001718
53058	54072	2	0.003436
53058	53945	1	0.001718
53058	53018	2	0.003436
53058	53104	3	0.005155
53060	53065	3	0.035714
53060	53913	5	0.059524
53062	53913	1	0.003279
53062	53779	300	0.983607
53062	53347	1	0.003279
53062	53431	301	0.986885
53065	54278	3	0.004093
53065	54279	7	0.009550
53065	53276	4	0.005457
53065	54301	1	0.001364
53065	53280	2	0.002729
53065	53793	1	0.001364
53065	54307	1	0.001364
53065	54308	1	0.001364
53065	53290	1	0.001364
53065	53805	1	0.001364
53065	54320	1	0.001364
53065	53809	1	0.001364
53065	54322	1	0.001364
53065	53811	1	0.001364
53065	53310	1	0.001364
53065	53826	1	0.001364
53065	53834	2	0.002729
53065	53323	1	0.001364
53065	53843	1	0.001364
53065	53847	2	0.002729
53065	53337	2	0.002729
53065	53859	1	0.001364
53065	53870	1	0.001364
53065	53368	1	0.001364
53065	53886	1	0.001364
53065	53381	1	0.001364
53065	53894	2	0.002729
53065	52884	1	0.001364
53065	52887	1	0.001364
53065	53400	1	0.001364
53065	53913	5	0.006821
53065	53402	1	0.001364
53065	53916	2	0.002729
53065	53407	2	0.002729
53065	53412	2	0.002729
53065	53418	1	0.001364
53065	52920	1	0.001364
53065	53437	8	0.010914
53065	53792	3	0.004093
53065	53958	1	0.001364
53065	52937	1	0.001364
53065	52942	1	0.001364
53065	52953	3	0.004093
53065	53467	1	0.001364
53065	52963	1	0.001364
53065	53347	38	0.051842
53065	53477	1	0.001364
53065	53714	1	0.001364
53065	53486	4	0.005457
53065	53487	2	0.002729
53065	52981	5	0.006821
53065	54006	2	0.002729
53065	54007	1	0.001364
53065	53496	1	0.001364
53065	54021	1	0.001364
53065	53005	2	0.002729
53065	53522	1	0.001364
53065	53018	1	0.001364
53065	53534	1	0.001364
53065	53893	2	0.002729
53065	54051	1	0.001364
53065	53028	1	0.001364
53065	53031	1	0.001364
53065	53559	1	0.001364
53065	54072	6	0.008186
53065	54074	1	0.001364
53065	53563	6	0.008186
53065	54083	2	0.002729
53065	53060	2	0.002729
53065	53066	1	0.001364
53065	53048	1	0.001364
53065	53082	1	0.001364
53065	54110	1	0.001364
53065	53088	3	0.004093
53065	53090	2	0.002729
53065	53609	1	0.001364
53065	53101	1	0.001364
53065	54126	1	0.001364
53065	53104	2	0.002729
53065	53108	1	0.001364
53065	53116	3	0.004093
53065	53632	1	0.001364
53065	53124	1	0.001364
53065	53658	1	0.001364
53065	52975	6	0.008186
53065	53914	1	0.001364
53065	53155	1	0.001364
53065	53670	1	0.001364
53065	53680	2	0.002729
53065	53171	1	0.001364
53065	53175	1	0.001364
53065	53919	1	0.001364
53065	54206	1	0.001364
53065	53696	1	0.001364
53065	53186	1	0.001364
53065	54217	1	0.001364
53065	54221	3	0.004093
53065	53710	1	0.001364
53065	53200	2	0.002729
53065	53202	1	0.001364
53065	54250	1	0.001364
53065	53742	1	0.001364
53065	54264	1	0.001364
53065	53242	1	0.001364
53065	53755	1	0.001364
53066	54017	587	0.471108
53066	53763	2	0.001605
53066	53895	1	0.000803
53066	54281	7	0.005618
53066	53003	2	0.001605
53066	52876	20	0.016051
53066	53645	8	0.006421
53066	53549	4	0.003210
53066	52880	588	0.471910
53066	54036	3	0.002408
53066	53018	6	0.004815
53066	53148	7	0.005618
53066	53149	1	0.000803
53066	53022	1	0.000803
53066	53280	4	0.003210
53066	53286	595	0.477528
53066	54065	2	0.001605
53066	53929	1	0.000803
53066	54279	1	0.000803
53066	54188	596	0.478331
53066	53677	587	0.471108
53066	54173	597	0.479133
53066	53553	599	0.480738
53066	54072	32	0.025682
53066	54332	10	0.008026
53066	52981	5	0.004013
53066	53074	598	0.479936
53066	54337	2	0.001605
53066	53058	1	0.000803
53066	54083	1	0.000803
53066	53702	1	0.000803
53066	53705	589	0.472713
53066	54220	1	0.000803
53066	53840	1	0.000803
53066	54328	597	0.479133
53066	54098	64	0.051364
53066	53843	2	0.001605
53066	53466	1	0.000803
53066	53211	1	0.000803
53066	54114	1	0.000803
53066	53860	1	0.000803
53066	53740	2	0.001605
53066	53613	3	0.002408
53066	53873	16	0.012841
53066	53109	1	0.000803
53066	53628	2	0.001605
53068	54072	136	5.037037
53068	53539	1	0.037037
53070	53280	11	0.004852
53070	53856	1	0.000441
53070	53851	1	0.000441
53070	53027	1	0.000441
53070	53347	5	0.002206
53070	53702	3	0.001323
53070	54279	1	0.000441
53070	54218	1	0.000441
53070	53407	2	0.000882
53070	53838	1	0.000441
53070	53632	1	0.000441
53070	53296	1	0.000441
53070	54290	2	0.000882
53070	54163	5	0.002206
53070	53475	4	0.001764
53070	53913	4	0.001764
53070	53882	2	0.000882
53070	53919	2	0.000882
53070	53278	2	0.000882
53070	54303	7267	3.205558
53071	53928	2	0.076923
53073	53280	3	0.006000
53073	53783	2	0.004000
53074	53280	1	0.000777
53074	53632	12	0.009324
53074	53018	1	0.000777
53074	52938	1	0.000777
53074	54281	1	0.000777
53074	53066	16	0.012432
53074	54284	3	0.002331
53074	53613	1	0.000777
53074	54072	5	0.003885
53074	54065	4	0.003108
53074	53843	4	0.003108
53074	52981	1	0.000777
53074	53976	41	0.031857
53074	53914	2	0.001554
53074	53610	8	0.006216
53074	53407	4	0.003108
53076	54162	1	0.000039
53076	53518	1	0.000039
53077	53632	1	0.000220
53077	53538	389	0.085438
53077	54198	4	0.000879
53077	53931	2	0.000439
53077	53229	1	0.000220
53077	53843	1	0.000220
53077	53205	1	0.000220
53077	53910	1	0.000220
53077	54072	4	0.000879
53077	52890	1	0.000220
53077	53755	1	0.000220
53077	53468	1	0.000220
53077	53886	1	0.000220
53079	53632	4	0.004728
53079	53763	2	0.002364
53079	54277	3	0.003546
53079	53895	4	0.004728
53079	53128	1	0.001182
53079	53116	1	0.001182
53079	54154	3	0.003546
53079	54162	1	0.001182
53079	53910	4	0.004728
53079	53913	2	0.002364
53079	53280	4	0.004728
53079	53538	836	0.988180
53079	53928	3	0.003546
53079	53628	2	0.002364
53079	53296	1	0.001182
53079	53896	2	0.002364
53079	52914	2	0.002364
53079	53437	2	0.002364
53079	53315	2	0.002364
53079	53572	2	0.002364
53079	53318	1	0.001182
53079	53447	1	0.001182
53079	52938	1	0.001182
53079	53589	3	0.003546
53079	53208	6	0.007092
53079	53467	5	0.005910
53079	53088	1	0.001182
53079	53639	1	0.001182
53079	52965	1	0.001182
53079	53097	2	0.002364
53079	53613	1	0.001182
53079	52989	1	0.001182
53079	53362	2	0.002364
53079	54003	1	0.001182
53079	53112	1	0.001182
53079	53372	1	0.001182
53079	53373	2	0.002364
53079	53205	2	0.002364
53082	53632	1	0.000478
53082	53763	3	0.001433
53082	53381	4	0.001910
53082	54151	8	0.003820
53082	53003	17	0.008118
53082	52876	1	0.000478
53082	53645	2	0.000955
53082	53270	2	0.000955
53082	53913	2	0.000955
53082	53018	10	0.004776
53082	53787	5	0.002388
53082	53148	12	0.005731
53082	53280	8	0.003820
53082	53922	3	0.001433
53082	53539	1	0.000478
53082	54072	2	0.000955
53082	53437	1	0.000478
53082	54337	9	0.004298
53082	53771	1	0.000478
53082	54340	1	0.000478
53082	54214	3	0.001433
53082	53840	7	0.003343
53082	53843	3	0.001433
53082	53347	11	0.005253
53082	53610	4	0.001910
53082	52981	27	0.012894
53082	53628	1	0.000478
53085	53928	2	0.166667
53085	52981	1	0.083333
53085	53919	1	0.083333
53086	53787	1	0.006329
53086	53572	1	0.006329
53086	54214	1	0.006329
53086	53582	1	0.006329
53086	53487	1	0.006329
53086	53296	1	0.006329
53086	53589	1	0.006329
53086	53467	1	0.006329
53087	53632	6	0.002716
53087	54336	1	0.000453
53087	53122	5	0.002263
53087	53763	1	0.000453
53087	53782	2	0.000905
53087	53895	2	0.000905
53087	53128	20	0.009054
53087	54281	2	0.000905
53087	54154	8	0.003622
53087	53259	1	0.000453
53087	53134	1	0.000453
53087	53775	1	0.000453
53087	53592	1	0.000453
53087	54163	119	0.053871
53087	53910	125	0.056587
53087	53148	1	0.000453
53087	53021	1	0.000453
53087	53280	2	0.000905
53087	52912	2	0.000905
53087	53538	22	0.009959
53087	53339	2	0.000905
53087	53610	13	0.005885
53087	53928	4	0.001811
53087	53539	1	0.000453
53087	53034	1	0.000453
53087	53803	2	0.000905
53087	53549	1	0.000453
53087	53362	1	0.000453
53087	53296	1	0.000453
53087	54065	3	0.001358
53087	54025	1	0.000453
53087	54072	5	0.002263
53087	53433	1	0.000453
53087	53437	1	0.000453
53087	53696	9	0.004074
53087	53003	1	0.000453
53087	53572	1	0.000453
53087	53447	50	0.022635
53087	54279	1	0.000453
53087	53833	1	0.000453
53087	53706	1	0.000453
53087	53324	2	0.000905
53087	54093	1	0.000453
53087	53582	1	0.000453
53087	53455	3	0.001358
53087	53624	1	0.000453
53087	53843	29	0.013128
53087	54100	36	0.016297
53087	53589	39	0.017655
53087	53719	1	0.000453
53087	53208	18	0.008148
53087	53467	3	0.001358
53087	53025	2	0.000905
53087	54144	1	0.000453
53087	53088	14	0.006338
53087	52965	58367	26.422363
53087	53097	6	0.002716
53087	53994	19	0.008601
53087	53100	4	0.001811
53087	53613	1	0.000453
53087	53874	1	0.000453
53087	54151	5	0.002263
53087	52981	12	0.005432
53087	53112	1	0.000453
53087	53371	1	0.000453
53087	53373	2	0.000905
53088	53632	5	0.001873
53088	53122	3	0.001124
53088	54021	1	0.000375
53088	54279	1	0.000375
53088	54025	157	0.058824
53088	53386	6	0.002248
53088	53771	9	0.003372
53088	53645	2	0.000749
53088	54158	1	0.000375
53088	54163	3	0.001124
53088	53230	1	0.000375
53088	53782	36	0.013488
53088	53913	4	0.001499
53088	53018	11	0.004121
53088	53915	1	0.000375
53088	53148	1	0.000375
53088	54301	1	0.000375
53088	54302	1	0.000375
53088	53280	3	0.001124
53088	53025	1	0.000375
53088	53155	1	0.000375
53088	52938	1	0.000375
53088	53928	3	0.001124
53088	53418	1	0.000375
53088	54151	5	0.001873
53088	52893	1	0.000375
53088	52912	12	0.004496
53088	54065	2	0.000749
53088	54072	5	0.001873
53088	53437	1	0.000375
53088	53696	9	0.003372
53088	53315	1	0.000375
53088	54341	1	0.000375
53088	53318	2	0.000749
53088	53447	4	0.001499
53088	53066	2	0.000749
53088	53838	1	0.000375
53088	53583	2	0.000749
53088	53840	9	0.003372
53088	53843	5	0.001873
53088	53589	8	0.002997
53088	53848	1	0.000375
53088	53467	1	0.000375
53088	53347	6	0.002248
53088	52965	2	0.000749
53088	53862	1	0.000375
53088	53735	1	0.000375
53088	53610	5	0.001873
53088	53613	3	0.001124
53088	53102	1	0.000375
53088	53565	1	0.000375
53088	54003	1	0.000375
53088	52981	5	0.001873
53088	53661	1	0.000375
53088	53883	2	0.000749
53088	53628	4	0.001499
53088	52989	1	0.000375
53089	53840	1	0.002132
53089	53628	8	0.017058
53089	52981	2	0.004264
53090	54016	85	1.000000
53090	54148	85	1.000000
53090	53773	2	0.023529
53090	53016	85	1.000000
53090	54244	85	1.000000
53090	54237	85	1.000000
53092	54083	102	3.187500
53092	53214	5560	173.750000
53093	53280	124	0.030134
53093	53632	2	0.000486
53093	53866	42	0.010207
53093	54173	1	0.000243
53093	53066	6465	1.571081
53093	54301	3	0.000729
53093	53645	14	0.003402
53093	53613	14	0.003402
53093	54072	4	0.000972
53093	53913	109	0.026488
53093	53437	1	0.000243
53094	53467	1	0.000520
53095	53245	28	0.032110
53096	53632	2	0.041667
53096	53204	2	0.041667
53096	53245	1	0.020833
53096	52967	2	0.041667
53097	53128	2	0.000923
53097	53386	3	0.001384
53097	53003	2	0.000923
53097	53908	2	0.000923
53097	53269	2	0.000923
53097	53018	1	0.000461
53097	53659	2	0.000923
53097	53404	3	0.001384
53097	53278	53	0.024446
53097	53919	3	0.001384
53097	53280	3	0.001384
53097	53538	11	0.005074
53097	53539	2087	0.962638
53097	53745	1	0.000461
53097	53928	1	0.000461
53097	53034	1	0.000461
53097	53547	2	0.000923
53097	53874	5	0.002306
53097	53296	2	0.000923
53097	52915	1	0.000461
53097	53431	2	0.000923
53097	54072	11	0.005074
53097	53706	1	0.000461
53097	53088	3	0.001384
53097	53259	1	0.000461
53097	52938	2	0.000923
53097	53324	1	0.000461
53097	53843	2088	0.963100
53097	53462	2	0.000923
53097	53851	2	0.000923
53097	53856	2	0.000923
53097	52965	1	0.000461
53097	53610	1	0.000461
53097	53489	2	0.000923
53097	53362	2	0.000923
53097	53498	2	0.000923
53098	53632	2	0.003788
53098	53538	1	0.001894
53098	53539	1	0.001894
53098	53386	3	0.005682
53098	53657	1	0.001894
53098	53613	1	0.001894
53098	53518	3	0.005682
53098	54162	3	0.005682
53098	53582	4	0.007576
53098	53913	1	0.001894
53098	53433	2	0.003788
53098	53948	3	0.005682
53098	52938	1	0.001894
53100	53632	1	0.000404
53100	54274	1	0.000404
53100	53895	1	0.000404
53100	53386	3	0.001211
53100	53017	2405	0.970541
53100	53148	1	0.000404
53100	53407	1	0.000404
53100	53280	4	0.001614
53100	53025	1	0.000404
53100	53538	9	0.003632
53100	53928	13	0.005246
53100	53034	2600	1.049233
53100	53803	2	0.000807
53100	52909	4	0.001614
53100	53681	13	0.005246
53100	54072	10	0.004036
53100	53181	1	0.000404
53100	54336	1	0.000404
53100	54340	1	0.000404
53100	53702	2	0.000807
53100	53706	1	0.000404
53100	53452	17	0.006860
53100	53965	1	0.000404
53100	53455	3	0.001211
53100	53840	1	0.000404
53100	53048	1	0.000404
53100	53202	1	0.000404
53100	53843	3	0.001211
53100	53592	1	0.000404
53100	53467	14	0.005650
53100	52981	2	0.000807
53100	53112	1	0.000404
53100	53755	1	0.000404
53100	52938	3	0.001211
53101	53569	4	0.031008
53101	53763	2	0.015504
53101	53347	2	0.015504
53101	53509	4	0.031008
53101	54337	2	0.015504
53101	53003	1	0.007752
53101	53645	1	0.007752
53101	53455	4	0.031008
53101	53840	1	0.007752
53101	53586	4	0.031008
53101	53843	4	0.031008
53101	52981	4	0.031008
53101	54326	125	0.968992
53101	53018	1	0.007752
53102	53632	17	0.009901
53102	53181	1	0.000582
53102	53763	11	0.006407
53102	53381	135	0.078626
53102	54278	1	0.000582
53102	54151	75	0.043681
53102	54281	11	0.006407
53102	53386	22	0.012813
53102	53771	24	0.013978
53102	54284	1	0.000582
53102	53645	7	0.004077
53102	54034	2	0.001165
53102	53979	27	0.015725
53102	53908	2	0.001165
53102	53913	25	0.014560
53102	53018	33	0.019220
53102	53167	33	0.019220
53102	53148	4	0.002330
53102	54301	15	0.008736
53102	53407	6	0.003494
53102	53280	34	0.019802
53102	53538	16	0.009319
53102	53539	122	0.071054
53102	54180	3	0.001747
53102	53446	13	0.007571
53102	53489	2	0.001165
53102	53928	46	0.026791
53102	53801	8	0.004659
53102	53034	12	0.006989
53102	53547	15	0.008736
53102	54319	15	0.008736
53102	53296	2	0.001165
53102	52915	2	0.001165
53102	53833	1	0.000582
53102	54072	83	0.048340
53102	53437	327	0.190448
53102	53439	145	0.084450
53102	53792	3	0.001747
53102	53003	20	0.011648
53102	53702	58	0.033780
53102	53065	13	0.007571
53102	53066	10	0.005824
53102	53582	2	0.001165
53102	53639	3	0.001747
53102	53840	2	0.001165
53102	53048	118	0.068725
53102	53843	43	0.025044
53102	53208	2	0.001165
53102	53467	29	0.016890
53102	54144	3	0.001747
53102	53088	2	0.001165
53102	53755	31	0.018055
53102	53347	15	0.008736
53102	53862	1	0.000582
53102	53608	3	0.001747
53102	53628	11	0.006407
53102	53610	224	0.130460
53102	53895	1	0.000582
53102	53613	18	0.010483
53102	52938	1	0.000582
53102	52975	8	0.004659
53102	53873	5	0.002912
53102	53874	11	0.006407
53102	53876	2	0.001165
53102	52981	42	0.024461
53102	54279	7	0.004077
53102	54083	2	0.001165
53102	53883	9	0.005242
53102	53116	14	0.008154
53102	53374	3	0.001747
53103	54072	1	0.019608
53103	53805	1	0.019608
53104	53840	1	0.003745
53104	54297	2	0.007491
53104	53347	3	0.011236
53104	53913	7	0.026217
53106	53632	2	0.001761
53106	53763	2	0.001761
53106	54279	4	0.003521
53106	53771	1	0.000880
53106	53913	19	0.016725
53106	53659	8	0.007042
53106	53148	1	0.000880
53106	53407	1	0.000880
53106	53280	1	0.000880
53106	54064	17	0.014965
53106	53979	1	0.000880
53106	53670	7	0.006162
53106	53928	1	0.000880
53106	53296	2	0.001761
53106	54065	7	0.006162
53106	54072	4	0.003521
53106	54338	2	0.001761
53106	53843	1	0.000880
53106	53467	2	0.001761
53106	53471	1	0.000880
53106	53857	1	0.000880
53106	53613	1	0.000880
53106	52977	1	0.000880
53106	53110	1	0.000880
53106	54271	9	0.007923
53108	53280	4	0.016736
53108	54337	3	0.012552
53108	53763	2	0.008368
53108	53350	3	0.012552
53108	53278	2	0.008368
53108	53386	1	0.004184
53108	53613	1	0.004184
53108	53518	1	0.004184
53108	53645	1	0.004184
53108	53840	3	0.012552
53108	53437	1	0.004184
53108	53906	2	0.008368
53108	53076	2	0.008368
53108	52981	38	0.158996
53108	53910	1	0.004184
53108	54072	4	0.016736
53108	53913	1	0.004184
53108	53628	1	0.004184
53108	53181	4	0.016736
53108	54162	1	0.004184
53108	53919	3	0.012552
53109	53632	21	0.023256
53109	53025	14	0.015504
53109	53538	7	0.007752
53109	54340	2	0.002215
53109	53928	2	0.002215
53109	53740	1	0.001107
53109	53386	2	0.002215
53109	53034	1	0.001107
53109	53324	2	0.002215
53109	53066	3	0.003322
53109	53873	3	0.003322
53109	53624	328	0.363234
53109	53373	1	0.001107
53109	53182	2	0.002215
53110	53895	1	0.000624
53110	53928	5	0.003121
53110	52938	9	0.005618
53110	53843	1	0.000624
53110	54072	1	0.000624
53110	53116	1	0.000624
53111	54281	1	0.066667
53111	53562	1	0.066667
53111	53539	1	0.066667
53112	53632	5	0.000609
53112	53185	1	0.000122
53112	53538	18	0.002191
53112	53539	1	0.000122
53112	53639	1	0.000122
53112	53928	48	0.005843
53112	52938	2	0.000243
53112	53803	13	0.001582
53112	53965	1	0.000122
53112	53455	2	0.000243
53112	53437	1	0.000122
53112	52914	1	0.000122
53112	52981	1	0.000122
53112	53910	40	0.004869
53112	54072	7	0.000852
53112	53933	1	0.000122
53112	53467	2	0.000243
53112	53116	2	0.000243
53112	53386	3	0.000365
53114	53280	6	0.006024
53114	53049	3	0.003012
53114	53866	16	0.016064
53115	53954	1	0.009524
53115	53347	1	0.009524
53115	53645	24	0.228571
53115	53840	1	0.009524
53115	53843	1	0.009524
53115	52981	5	0.047619
53115	53913	1	0.009524
53115	53628	1	0.009524
53115	53437	1	0.009524
53116	54072	651	1.112821
53116	54284	1	0.001709
53116	52981	14	0.023932
53116	53437	1	0.001709
53117	53538	14	1.000000
53117	53539	14	1.000000
53117	53671	14	1.000000
53117	53928	14	1.000000
53117	54257	14	1.000000
53117	54162	14	1.000000
53117	53843	14	1.000000
53119	53928	2	0.001705
53119	53186	2	0.001705
53119	53364	88	0.075021
53120	53632	4	0.002483
53120	53025	1	0.000621
53120	53955	832	0.516449
53120	53883	2	0.001241
53120	53280	1	0.000621
53120	53928	1	0.000621
53120	53065	3	0.001862
53120	53347	14	0.008690
53120	54065	1	0.000621
53120	53843	2	0.001241
53120	52981	6	0.003724
53120	53782	36	0.022346
53120	54336	6	0.003724
53120	54072	4	0.002483
53120	53913	1	0.000621
53120	53979	2	0.001241
53120	54334	36	0.022346
53122	53696	2	0.016260
53122	53632	3	0.024390
53122	52965	2	0.016260
53122	54151	4	0.032520
53122	53928	2	0.016260
53122	54025	2	0.016260
53122	53230	1	0.008130
53122	54163	1	0.008130
53122	54281	1	0.008130
53122	53913	1	0.008130
53122	54277	1	0.008130
53122	53437	1	0.008130
53122	53919	1	0.008130
53123	54072	141	1.000000
53123	53088	6	0.042553
53123	53034	161	1.141844
53123	53589	1	0.007092
53124	53280	4	0.007092
53124	54336	1	0.001773
53124	54307	12	0.021277
53124	53444	1	0.001773
53124	53256	18	0.031915
53124	53613	1	0.001773
53124	53928	1	0.001773
53124	53632	1	0.001773
53124	53347	1	0.001773
53124	53398	2	0.003546
53124	53563	2	0.003546
53124	53437	1	0.001773
53126	53632	1	0.001946
53126	54144	1	0.001946
53126	53252	3	0.005837
53126	54277	4	0.007782
53126	54278	3	0.005837
53126	53639	3	0.005837
53126	53897	1	0.001946
53126	53771	2	0.003891
53126	53005	6	0.011673
53126	53775	4	0.007782
53126	53148	1	0.001946
53126	54021	1	0.001946
53126	53280	5	0.009728
53126	53296	1	0.001946
53126	53155	3	0.005837
53126	53031	4	0.007782
53126	53680	6	0.011673
53126	54072	5	0.009728
53126	53437	1	0.001946
53126	53696	1	0.001946
53126	53830	13	0.025292
53126	54217	5	0.009728
53126	53066	53	0.103113
53126	53840	2	0.003891
53126	53714	6	0.011673
53126	53610	1	0.001946
53126	53108	2	0.003891
53126	52981	2	0.003891
53126	53885	8	0.015564
53126	53374	1	0.001946
53127	53632	3	0.001176
53127	53702	2	0.000784
53127	53386	3	0.001176
53127	53843	6	0.002352
53127	52981	93	0.036456
53127	54072	7	0.002744
53127	53439	2	0.000784
53128	53088	1	0.001524
53128	53538	5	0.007622
53128	53539	1	0.001524
53128	53558	1	0.001524
53128	54151	2	0.003049
53128	53097	2	0.003049
53128	53610	1	0.001524
53128	53613	1	0.001524
53128	53840	2	0.003049
53128	53843	647	0.986280
53128	52981	2	0.003049
53128	53782	1	0.001524
53128	54072	1	0.001524
53128	52954	1	0.001524
53128	53116	7	0.010671
53128	53437	647	0.986280
53128	53589	14	0.021341
53129	53632	1	0.002193
53129	53538	36	0.078947
53129	53467	2	0.004386
53129	53572	8	0.017544
53129	53895	5	0.010965
53129	52938	1	0.002193
53129	53386	3	0.006579
53129	53719	2	0.004386
53129	53100	1	0.002193
53129	53645	1	0.002193
53129	53843	457	1.002193
53129	53589	3	0.006579
53129	53910	1	0.002193
53129	53431	3	0.006579
53129	53339	3966	8.697368
53129	53373	3	0.006579
53131	54336	1	0.000297
53131	53380	1	0.000297
53131	54154	1	0.000297
53131	53771	3	0.000892
53131	53014	1	0.000297
53131	53913	2	0.000595
53131	53018	1	0.000297
53131	53280	2	0.000595
53131	53154	9	0.002676
53131	53301	1	0.000297
53131	54072	12	0.003568
53131	53437	1	0.000297
53131	53440	3	0.000892
53131	53962	1	0.000297
53131	54306	1	0.000297
53131	53840	9	0.002676
53131	53203	1	0.000297
53131	53466	1	0.000297
53131	53104	2	0.000595
53131	52981	1	0.000297
53131	53366	2	0.000595
53131	53503	1	0.000297
53133	53632	1	0.062500
53134	53702	1	0.012195
53135	53836	1	0.083333
53137	53632	1	0.003030
53137	54144	3	0.009091
53137	53895	1	0.003030
53137	53129	1	0.003030
53137	53647	1	0.003030
53137	53910	1	0.003030
53137	53280	2	0.006061
53137	53538	25	0.075758
53137	53539	1	0.003030
53137	54181	1	0.003030
53137	53928	4	0.012121
53137	53803	1	0.003030
53137	53339	3787	11.475758
53137	54281	2	0.006061
53137	53562	1	0.003030
53137	53572	1	0.003030
53137	53431	1	0.003030
53137	53843	307	0.930303
53137	53589	1	0.003030
53137	53467	1	0.003030
53137	53468	1	0.003030
53137	53613	1	0.003030
53137	52977	1	0.003030
53137	53112	1	0.003030
53137	53116	1	0.003030
53138	52981	1	0.076923
53139	53280	1	0.003861
53139	52891	4	0.015444
53140	53280	4	0.007921
53140	53632	1	0.001980
53140	54057	3	0.005941
53140	52938	1	0.001980
53140	54093	6	0.011881
53140	53296	3	0.005941
53140	52945	3	0.005941
53140	53843	1	0.001980
53140	52981	1	0.001980
53140	53337	2	0.003960
53140	54072	1	0.001980
53140	53913	13	0.025743
53140	53018	2	0.003960
53140	53467	6	0.011881
53140	53468	10	0.019802
53146	54151	12	0.019386
53146	53913	2	0.003231
53146	53148	4	0.006462
53146	53280	2	0.003231
53146	53154	1	0.001616
53146	53928	1	0.001616
53146	53167	1	0.001616
53146	54065	7	0.011309
53146	53558	6	0.009693
53146	53693	1	0.001616
53146	53444	1	0.001616
53146	53702	2	0.003231
53146	53840	1	0.001616
53146	53714	30	0.048465
53146	53843	15	0.024233
53146	53347	1	0.001616
53146	53610	6	0.009693
53146	53437	2	0.003231
53146	53874	1	0.001616
53146	52981	9	0.014540
53146	53883	2	0.003231
53146	53628	6	0.009693
53148	53280	1	0.000663
53148	54337	5	0.003316
53148	54338	1	0.000663
53148	53467	4	0.002653
53148	53928	3	0.001989
53148	52937	6	0.003979
53148	53611	6	0.003979
53148	54060	7	0.004642
53148	53389	29	0.019231
53148	53805	1	0.000663
53148	53763	1	0.000663
53148	53843	1	0.000663
53148	53907	1	0.000663
53148	53771	1	0.000663
53148	53910	1	0.000663
53148	53840	2	0.001326
53148	53632	2	0.001326
53148	53979	7	0.004642
53148	53116	6	0.003979
53148	53149	3	0.001989
53148	53549	1	0.000663
53149	53763	1	0.100000
53149	53632	1	0.100000
53149	53843	1	0.100000
53149	53148	2	0.200000
53150	53592	1	0.001570
53150	53913	2	0.003140
53150	53347	15	0.023548
53150	53437	1	0.001570
53150	53185	1	0.001570
53151	53866	1	0.002217
53152	53776	1	0.015385
53152	53586	2	0.030769
53154	53632	2	0.000886
53154	53380	1	0.000443
53154	53014	1	0.000443
53154	53654	3	0.001329
53154	53913	3	0.001329
53154	53919	1	0.000443
53154	54306	1	0.000443
53154	53296	1	0.000443
53154	54065	15	0.006646
53154	53171	2	0.000886
53154	53815	1	0.000443
53154	54072	1	0.000443
53154	53945	1	0.000443
53154	53437	2	0.000886
53154	53324	1	0.000443
53154	53840	1	0.000443
53154	53843	1	0.000443
53154	54110	3	0.001329
53154	53347	17	0.007532
53154	53866	1	0.000443
53154	54124	2	0.000886
53154	53613	1	0.000443
53154	53104	6	0.002658
53154	53875	1	0.000443
53154	52981	5	0.002215
53154	53503	1	0.000443
53155	53280	2	0.086957
53155	54337	1	0.043478
53155	53645	2	0.086957
53155	53990	4	0.173913
53155	53874	4	0.173913
53155	53551	4	0.173913
53155	54290	18	0.782609
53155	53460	4	0.173913
53155	54072	2	0.086957
53155	53913	2	0.086957
53155	53903	4	0.173913
53155	53148	1	0.043478
53156	53632	4	0.053333
53156	53347	6	0.080000
53156	53444	4	0.053333
53156	54154	2	0.026667
53156	54065	5	0.066667
53156	54072	4	0.053333
53156	53018	1	0.013333
53156	53310	81	1.080000
53158	53928	1	0.012500
53159	53280	1	0.002825
53159	54336	1	0.002825
53159	53347	4	0.011299
53159	54279	1	0.002825
53159	53866	4	0.011299
53159	53324	1	0.002825
53159	53613	1	0.002825
53159	54065	1	0.002825
53159	53632	4	0.011299
53159	53913	8	0.022599
53159	54072	1	0.002825
53159	53049	7998	22.593220
53159	53018	2	0.005650
53159	54301	9	0.025424
53160	53632	24	0.158940
53160	53913	1	0.006623
53160	53928	1	0.006623
53160	53262	7	0.046358
53160	54279	1	0.006623
53162	53280	2	0.003766
53162	53840	1	0.001883
53162	54065	6	0.011299
53162	52981	1	0.001883
53162	54072	4	0.007533
53162	54301	4	0.007533
53166	53016	3	0.051724
53166	52929	2645	45.603448
53167	53280	1	0.003356
53167	53632	6	0.020134
53167	53347	1	0.003356
53167	53381	1	0.003356
53167	53446	1	0.003356
53167	54151	1	0.003356
53167	53610	1	0.003356
53167	53639	2	0.006711
53167	53693	1	0.003356
53167	53874	1	0.003356
53167	53843	2	0.006711
53167	53559	2	0.006711
53167	54072	176	0.590604
53167	53116	1	0.003356
53167	53437	13	0.043624
53168	53280	1	0.001838
53168	53857	1	0.001838
53168	53702	1	0.001838
53168	54337	1	0.001838
53168	54151	2	0.003676
53168	53610	2	0.003676
53168	53771	13	0.023897
53168	52981	4	0.007353
53168	54262	2	0.003676
53168	53498	2	0.003676
53168	53437	5	0.009191
53169	54274	1	0.000713
53169	53379	4	0.002853
53169	54025	2	0.001427
53169	53259	2	0.001427
53169	53518	1	0.000713
53169	53391	1	0.000713
53169	53208	1	0.000713
53169	53910	1	0.000713
53169	54169	1	0.000713
53169	53025	1	0.000713
53169	53538	2	0.001427
53169	53339	1	0.000713
53169	53928	11	0.007846
53169	54185	1	0.000713
53169	53034	2	0.001427
53169	52909	1	0.000713
53169	52914	1	0.000713
53169	53431	1	0.000713
53169	54079	1	0.000713
53169	53185	1	0.000713
53169	53954	1	0.000713
53169	54083	2	0.001427
53169	53572	1	0.000713
53169	53190	639	0.455777
53169	53447	1	0.000713
53169	53962	2	0.001427
53169	53326	1	0.000713
53169	53586	1	0.000713
53169	53205	1	0.000713
53169	53079	1	0.000713
53169	53976	1	0.000713
53169	53467	103739	73.993581
53169	53468	1	0.000713
53169	52960	1	0.000713
53169	52965	11	0.007846
53169	54248	1	0.000713
53169	53100	1	0.000713
53169	53741	1	0.000713
53169	53489	1	0.000713
53169	53362	1	0.000713
53169	53875	1	0.000713
53169	53878	1	0.000713
53169	53112	1	0.000713
53169	53498	1	0.000713
53169	53371	1	0.000713
53169	53373	1	0.000713
53169	54014	1	0.000713
53169	54271	1	0.000713
53171	53280	1	0.006494
53171	54145	1	0.006494
53171	53763	1	0.006494
53171	54279	1	0.006494
53171	53962	1	0.006494
53171	53549	1	0.006494
53171	53875	1	0.006494
53171	52981	1	0.006494
53171	53791	1	0.006494
53172	53928	4	0.000436
53174	53952	3	0.375000
53174	54305	3	0.375000
53174	53636	3	0.375000
53174	54150	3	0.375000
53174	54246	3	0.375000
53174	53745	3	0.375000
53174	53641	3	0.375000
53174	54215	3	0.375000
53174	53260	3	0.375000
53174	54300	3	0.375000
53174	53297	3	0.375000
53174	52979	3	0.375000
53174	53492	3	0.375000
53174	53814	3	0.375000
53174	53241	3	0.375000
53174	53240	3	0.375000
53174	52932	3	0.375000
53174	53436	3	0.375000
53174	53789	3	0.375000
53176	53444	1	0.000713
53176	54151	2	0.001427
53176	53771	1	0.000713
53176	54169	4	0.002853
53176	53913	1	0.000713
53176	53148	2	0.001427
53176	53895	6	0.004280
53176	54072	3	0.002140
53176	53437	2	0.001427
53176	54340	2	0.001427
53176	53702	2	0.001427
53176	53066	2	0.001427
53176	53324	2	0.001427
53176	53581	2	0.001427
53176	53840	1	0.000713
53176	53714	2	0.001427
53176	53843	2	0.001427
53176	53347	2	0.001427
53176	53224	2	0.001427
53176	53866	1	0.000713
53176	53613	1	0.000713
53176	53608	1	0.000713
53176	52981	2	0.001427
53176	53610	4	0.002853
53180	53707	1	0.012987
53180	53916	5	0.064935
53181	53539	1	0.002004
53181	53060	1	0.002004
53181	53350	1	0.002004
53181	54281	1	0.002004
53181	53076	1	0.002004
53181	54162	3	0.006012
53181	53518	10	0.020040
53181	53840	2	0.004008
53181	54065	1	0.002004
53181	53906	2	0.004008
53181	53347	1	0.002004
53181	53108	3	0.006012
53181	53657	1	0.002004
53181	54072	5	0.010020
53181	53913	2	0.004008
53181	53018	2	0.004008
53181	53437	1	0.002004
53185	53538	176	0.584718
53185	52938	1	0.003322
53185	53034	265	0.880399
53185	53843	1	0.003322
53185	54072	1	0.003322
53185	53082	1	0.003322
53185	53467	1	0.003322
53185	53018	1	0.003322
53185	54079	1	0.003322
53186	53763	3	0.007246
53186	54151	1	0.002415
53186	54281	1	0.002415
53186	53771	2	0.004831
53186	53645	134	0.323671
53186	53269	1	0.002415
53186	53910	1	0.002415
53186	53018	2	0.004831
53186	53148	1	0.002415
53186	53407	1	0.002415
53186	53280	27	0.065217
53186	54279	1	0.002415
53186	53549	1	0.002415
53186	54072	54	0.130435
53186	53437	2	0.004831
53186	54337	4	0.009662
53186	53840	8	0.019324
53186	53843	1	0.002415
53186	53347	1	0.002415
53186	53610	1	0.002415
53186	53613	2	0.004831
53186	52981	11	0.026570
53186	53628	4	0.009662
53187	53280	1	0.010753
53187	54337	1	0.010753
53187	53843	1	0.010753
53187	53763	2	0.021505
53187	53018	1	0.010753
53190	53862	3	0.008086
53190	53928	26	0.070081
53190	54281	5	0.013477
53190	53034	1	0.002695
53190	53467	755	2.035040
53190	52938	7	0.018868
53191	54185	1	0.013699
53198	53632	18	0.023810
53198	54278	9	0.011905
53198	53771	9	0.011905
53198	54093	9	0.011905
53198	53102	3	0.003968
53198	53810	12	0.015873
53198	54195	25	0.033069
53198	53467	9	0.011905
53198	53437	3	0.003968
53199	53280	2	0.002081
53199	53763	8	0.008325
53199	53098	6	0.006243
53199	53518	6	0.006243
53199	54162	2	0.002081
53199	53621	56	0.058273
53199	54041	2	0.002081
53199	54072	2	0.002081
53199	53433	6	0.006243
53199	53301	2	0.002081
53200	54337	1	0.027027
53200	53645	1	0.027027
53201	54083	102	3.187500
53201	53214	5622	175.687500
53202	53280	5	0.025773
53202	54337	1	0.005155
53202	53763	3	0.015464
53202	54151	1	0.005155
53202	53610	1	0.005155
53202	53100	1	0.005155
53202	53645	9	0.046392
53202	52909	1	0.005155
53202	53840	1	0.005155
53202	53681	5	0.025773
53202	53843	1	0.005155
53202	52981	17	0.087629
53202	54072	10	0.051546
53202	53913	1	0.005155
53202	53018	1	0.005155
53202	53407	1	0.005155
53202	53628	1	0.005155
53202	53437	1	0.005155
53202	53374	1	0.005155
53202	53919	1	0.005155
53203	53280	13	0.009475
53203	53440	1	0.000729
53203	53154	9	0.006560
53203	53962	2	0.001458
53203	53148	2	0.001458
53203	53866	4	0.002915
53203	53131	5	0.003644
53203	53613	8	0.005831
53203	53840	6	0.004373
53203	52981	7	0.005102
53203	53846	2	0.001458
53203	54072	6	0.004373
53203	53018	6	0.004373
53203	53628	1	0.000729
53203	53437	2	0.001458
53203	53662	8218	5.989796
53204	53096	2	0.035088
53204	53632	4	0.070175
53205	54279	1	0.000555
53205	53386	2	0.001109
53205	53910	2	0.001109
53205	53913	12	0.006656
53205	52890	2	0.001109
53205	53919	1	0.000555
53205	53152	1	0.000555
53205	53538	6	0.003328
53205	53928	9	0.004992
53205	53468	1	0.000555
53205	53931	1	0.000555
53205	54268	1	0.000555
53205	54198	5396	2.992790
53205	54072	4	0.002219
53205	53437	1	0.000555
53205	53185	1	0.000555
53205	53954	1	0.000555
53205	54340	1	0.000555
53205	53280	1	0.000555
53205	52938	1	0.000555
53205	53048	1	0.000555
53205	53843	1	0.000555
53205	53077	1	0.000555
53205	53339	2	0.001109
53205	53596	1	0.000555
53205	53347	1	0.000555
53205	53628	1	0.000555
53205	53229	1	0.000555
53205	53755	1	0.000555
53205	53116	9	0.004992
53207	53928	8	0.013051
53207	53632	1	0.001631
53207	52981	1	0.001631
53207	53926	1	0.001631
53207	54135	1	0.001631
53208	53936	1	0.000853
53208	53538	928	0.791134
53208	53539	2	0.001705
53208	53347	1	0.000853
53208	53025	3	0.002558
53208	53318	950	0.809889
53208	53447	2	0.001705
53208	54248	12	0.010230
53208	53596	1	0.000853
53208	54003	1	0.000853
53208	54072	5	0.004263
53208	53840	4	0.003410
53208	53928	1	0.000853
53208	53843	935	0.797101
53208	53589	2762	2.354646
53208	54134	2	0.001705
53208	53079	1	0.000853
53208	53112	22	0.018755
53208	53116	12	0.010230
53208	52938	1	0.000853
53208	52965	1	0.000853
53209	53632	4	0.009259
53209	53280	5	0.011574
53209	54162	5	0.011574
53209	53518	5	0.011574
53209	53906	527	1.219907
53209	53843	4	0.009259
53209	53108	8	0.018519
53209	54072	9	0.020833
53209	53181	5	0.011574
53210	53928	1	0.009174
53210	52977	2	0.018349
53211	53632	3	0.004412
53211	53280	2	0.002941
53211	53286	217	0.319118
53211	54151	7	0.010294
53211	53224	2	0.002941
53211	53066	39	0.057353
53211	54284	5	0.007353
53211	53645	1	0.001471
53211	54169	2	0.002941
53211	53913	2	0.002941
53211	53018	5	0.007353
53211	54154	1	0.001471
53212	53280	10	0.017391
53212	53840	1	0.001739
53212	53539	23	0.040000
53212	52938	3	0.005217
53212	53771	1	0.001739
53212	53741	1	0.001739
53212	54154	4	0.006957
53212	53613	3	0.005217
53212	54320	1	0.001739
53212	54065	1	0.001739
53212	53843	5	0.008696
53212	52981	5	0.008696
53212	53706	1	0.001739
53212	53913	2	0.003478
53212	53018	1	0.001739
53212	53373	241	0.419130
53212	53374	1	0.001739
53213	53840	1	0.000923
53213	53065	1	0.000923
53213	53018	2	0.001847
53213	53866	7	0.006464
53213	53610	4	0.003693
53214	53632	9	0.001460
53214	53381	1	0.000162
53214	54278	23	0.003731
53214	54279	1	0.000162
53214	54281	1	0.000162
53214	53771	1	0.000162
53214	53645	5	0.000811
53214	53913	2	0.000324
53214	53018	1	0.000162
53214	53148	4	0.000649
53214	53407	3	0.000487
53214	53280	10	0.001622
53214	53539	4	0.000649
53214	53540	1	0.000162
53214	53928	1	0.000162
53214	53801	1	0.000162
53214	53547	1	0.000162
53214	53680	1	0.000162
53214	54072	3	0.000487
53214	53437	4	0.000649
53214	54083	15684	2.544039
53214	53446	3	0.000487
53214	54093	4	0.000649
53214	53843	9	0.001460
53214	53467	33	0.005353
53214	53737	59	0.009570
53214	53485	11	0.001784
53214	53102	1	0.000162
53214	53874	4	0.000649
53214	52981	5	0.000811
53214	53628	3	0.000487
53214	53245	2	0.000324
53216	54083	102	3.187500
53216	53214	5558	173.687500
53217	54016	3	0.015544
53217	53569	3	0.015544
53217	53154	3	0.015544
53217	53797	3	0.015544
53217	53928	16	0.082902
53217	54064	3	0.015544
53217	53843	2	0.010363
53217	53498	1	0.005181
53217	53467	1	0.005181
53217	53437	1	0.005181
53222	53280	1	0.000668
53222	53632	4	0.002674
53222	53412	217	0.145053
53222	54154	3	0.002005
53222	53771	2	0.001337
53222	53549	1	0.000668
53222	53455	2	0.001337
53222	53487	2	0.001337
53222	53840	1	0.000668
53222	52981	2	0.001337
53222	53913	3	0.002005
53222	54031	12	0.008021
53222	53628	1	0.000668
53223	53632	1	0.005495
53223	53444	1	0.005495
53223	53670	2	0.010989
53223	52967	2	0.010989
53223	53106	1	0.005495
53223	53843	1	0.005495
53223	53913	1	0.005495
53223	54301	4	0.021978
53224	53632	2	0.004728
53224	53893	1	0.002364
53224	54278	1	0.002364
53224	53895	1	0.002364
53224	54281	2	0.004728
53224	54154	1	0.002364
53224	53771	2	0.004728
53224	53005	1	0.002364
53224	53522	1	0.002364
53224	53870	1	0.002364
53224	53645	10	0.023641
53224	53913	2	0.004728
53224	53018	2	0.004728
53224	54319	1	0.002364
53224	53916	1	0.002364
53224	54173	2	0.004728
53224	53022	1	0.002364
53224	54021	1	0.002364
53224	53280	13	0.030733
53224	53680	1	0.002364
53224	53155	1	0.002364
53224	53830	1	0.002364
53224	53286	2	0.004728
53224	53553	2	0.004728
53224	53288	1	0.002364
53224	53148	2	0.004728
53224	53418	1	0.002364
53224	53805	1	0.002364
53224	54045	1	0.002364
53224	54320	1	0.002364
53224	54065	2	0.004728
53224	53171	1	0.002364
53224	53301	1	0.002364
53224	54072	6	0.014184
53224	54074	1	0.002364
53224	53407	2	0.004728
53224	53437	4	0.009456
53224	53310	1	0.002364
53224	53696	1	0.002364
53224	54337	1	0.002364
53224	53186	1	0.002364
53224	53958	1	0.002364
53224	54217	1	0.002364
53224	53066	1	0.002364
53224	53323	1	0.002364
53224	53581	5	0.011820
53224	52942	1	0.002364
53224	54221	1	0.002364
53224	53200	1	0.002364
53224	53176	17	0.040189
53224	53714	1	0.002364
53224	54051	1	0.002364
53224	52948	6	0.014184
53224	53381	1	0.002364
53224	53082	1	0.002364
53224	53211	1	0.002364
53224	53840	4	0.009456
53224	53168	1	0.002364
53224	53670	1	0.002364
53224	53734	1	0.002364
53224	53116	1	0.002364
53224	53609	1	0.002364
53224	54250	1	0.002364
53224	53031	1	0.002364
53224	53202	1	0.002364
53224	53742	1	0.002364
53224	53616	4	0.009456
53224	53873	2	0.004728
53224	53914	1	0.002364
53224	53108	1	0.002364
53224	52981	8	0.018913
53224	54006	1	0.002364
53224	53496	1	0.002364
53224	53658	1	0.002364
53224	53242	1	0.002364
53224	53628	5	0.011820
53224	53290	1	0.002364
53224	53886	1	0.002364
53224	53247	2	0.004728
53225	53280	1	0.001934
53225	53840	2	0.003868
53225	53154	6	0.011605
53225	53702	1	0.001934
53225	53610	1	0.001934
53225	53962	1	0.001934
53225	53104	1	0.001934
53225	54065	3	0.005803
53225	53587	1	0.001934
53225	54260	1	0.001934
53225	53720	1	0.001934
53225	53945	1	0.001934
53225	53466	1	0.001934
53225	53018	4	0.007737
53229	53632	2	0.001663
53229	53538	1	0.000831
53229	53467	1	0.000831
53229	54134	2	0.001663
53229	54281	1	0.000831
53229	54154	1	0.000831
53229	53840	1	0.000831
53229	54198	2199	1.827930
53229	54072	2	0.001663
53229	52890	4	0.003325
53229	53755	1	0.000831
53229	53116	12	0.009975
53230	53696	4	0.008811
53230	53088	1	0.002203
53230	53444	1	0.002203
53230	53280	1	0.002203
53230	54154	1	0.002203
53230	54065	1	0.002203
53230	54072	9	0.019824
53230	53018	2	0.004405
53230	53627	2	0.004405
53232	54083	102	3.187500
53232	53214	5558	173.687500
53233	53928	3	0.088235
53236	53280	2	0.006116
53236	54336	1	0.003058
53236	53763	1	0.003058
53236	53065	1	0.003058
53236	53212	1	0.003058
53236	53741	1	0.003058
53236	53391	1	0.003058
53236	53681	1	0.003058
53236	53202	1	0.003058
53236	54217	1	0.003058
53236	53913	2	0.006116
53236	53628	1	0.003058
53240	53952	3	0.428571
53240	54305	3	0.428571
53240	53636	3	0.428571
53240	54150	3	0.428571
53240	54246	3	0.428571
53240	53745	3	0.428571
53240	53641	3	0.428571
53240	54215	3	0.428571
53240	53260	3	0.428571
53240	54300	3	0.428571
53240	53297	3	0.428571
53240	52979	3	0.428571
53240	53492	3	0.428571
53240	53814	3	0.428571
53240	53174	3	0.428571
53240	52932	3	0.428571
53240	53436	3	0.428571
53240	53789	3	0.428571
53240	53241	3	0.428571
53241	53952	2	0.181818
53241	54305	2	0.181818
53241	53636	2	0.181818
53241	54150	2	0.181818
53241	54246	2	0.181818
53241	53745	2	0.181818
53241	53641	2	0.181818
53241	54215	2	0.181818
53241	53260	2	0.181818
53241	54300	2	0.181818
53241	53297	2	0.181818
53241	52979	2	0.181818
53241	53492	2	0.181818
53241	53814	2	0.181818
53241	53174	2	0.181818
53241	53240	2	0.181818
53241	52932	2	0.181818
53241	53436	2	0.181818
53241	53789	2	0.181818
53242	53280	1	0.006369
53242	53386	1	0.006369
53242	53003	1	0.006369
53242	52876	1	0.006369
53242	52981	5	0.031847
53242	54072	1	0.006369
53242	53018	1	0.006369
53243	53280	2	0.017699
53243	53984	1	0.008850
53243	53347	1	0.008850
53243	53156	1	0.008850
53243	53914	1	0.008850
53243	53066	1	0.008850
53243	52877	1	0.008850
53243	53873	1	0.008850
53243	53074	1	0.008850
53243	53368	1	0.008850
53243	53913	3	0.026549
53243	53018	2	0.017699
53243	53981	147	1.300885
53244	52929	9	0.346154
53245	53378	2	0.001854
53245	52951	2	0.001854
53245	53014	2	0.001854
53245	54280	3	0.002780
53245	53896	2	0.001854
53245	53515	2	0.001854
53245	53772	2	0.001854
53245	54029	4	0.003707
53245	53519	2	0.001854
53245	53776	2	0.001854
53245	53336	4	0.003707
53245	53906	2	0.001854
53245	53779	2	0.001854
53245	53781	2	0.001854
53245	53910	2	0.001854
53245	53656	2	0.001854
53245	54041	2	0.001854
53245	54042	2	0.001854
53245	54299	2	0.001854
53245	54033	2	0.001854
53245	53533	2	0.001854
53245	53528	2	0.001854
53245	54047	4	0.003707
53245	53539	3	0.002780
53245	54181	1	0.000927
53245	53032	2	0.001854
53245	53343	2	0.001854
53245	53063	2	0.001854
53245	53676	2	0.001854
53245	53934	4	0.003707
53245	54193	6	0.005561
53245	54066	6	0.005561
53245	52916	4	0.003707
53245	53428	3	0.002780
53245	54330	2	0.001854
53245	53179	2	0.001854
53245	53180	2	0.001854
53245	53181	4	0.003707
53245	52926	5	0.004634
53245	54005	2	0.001854
53245	53824	4	0.003707
53245	52895	2	0.001854
53245	53621	2	0.001854
53245	53324	3	0.002780
53245	53198	6	0.005561
53245	54223	3	0.002780
53245	52945	5	0.004634
53245	53843	2	0.001854
53245	53845	2	0.001854
53245	53974	3	0.002780
53245	54231	1	0.000927
53245	52952	4	0.003707
53245	53594	1	0.000927
53245	53339	2	0.001854
53245	53214	6	0.005561
53245	52901	2	0.001854
53245	53857	2	0.001854
53245	53711	2	0.001854
53245	53348	2	0.001854
53245	53094	2	0.001854
53245	54179	2	0.001854
53245	54225	4	0.003707
53245	53948	2	0.001854
53245	53351	2	0.001854
53245	53095	2	0.001854
53245	52925	2	0.001854
53245	54312	2	0.001854
53245	53007	4	0.003707
53245	52981	4	0.003707
53245	54136	2	0.001854
53245	53497	11	0.010195
53245	53246	5	0.004634
53246	53280	3	0.001664
53246	53347	1	0.000555
53246	53702	1	0.000555
53246	53771	1	0.000555
53246	54284	1	0.000555
53246	53613	2	0.001109
53246	53843	1	0.000555
53246	53433	2	0.001109
53246	54072	4	0.002219
53246	54041	2	0.001109
53247	53280	2	0.004292
53247	53154	1	0.002146
53247	53928	1	0.002146
53247	53840	12	0.025751
53247	53843	1	0.002146
53247	52981	12	0.025751
53247	54072	1	0.002146
53247	53018	1	0.002146
