Src	Trg	LinkCount	RelLinkCount
18547	18890	1	0.004016
18547	19362	2	0.008032
18547	19700	1	0.004016
18547	19034	1	0.004016
18547	19765	1	0.004016
18548	19186	29	0.123932
18550	18660	2	1.000000
18550	19679	2	1.000000
18551	19937	1	0.062500
18551	19436	1	0.062500
18551	19173	1	0.062500
18551	19679	1	0.062500
18552	19803	5	0.125000
18552	19196	1	0.025000
18552	18550	1	0.025000
18555	19001	8	0.039024
18555	19514	3	0.014634
18555	18662	4	0.019512
18555	18817	1	0.004878
18556	18856	4	0.010283
18556	19001	2	0.005141
18556	19803	2	0.005141
18556	18876	5	0.012853
18558	19362	1	0.000315
18560	19937	6	1.200000
18561	19904	6	0.004338
18561	18876	6	0.004338
18561	19803	8	0.005785
18561	19332	10	0.007231
18561	18967	4	0.002892
18564	20016	2	0.074074
18564	18817	2	0.074074
18564	19821	2	0.074074
18564	19430	2	0.074074
18564	19382	2	0.074074
18565	18817	6	1.500000
18565	19316	1	0.250000
18565	19894	1	0.250000
18565	19679	4	1.000000
18567	19904	2	0.000898
18567	18817	26	0.011670
18567	19906	2	0.000898
18567	19766	2	0.000898
18567	18598	45	0.020197
18567	19014	2	0.000898
18567	19815	2543	1.141382
18567	19821	4	0.001795
18567	19598	2	0.000898
18567	18609	6	0.002693
18567	18674	2	0.000898
18567	18771	2	0.000898
18567	19765	8	0.003591
18567	19894	2	0.000898
18567	19991	2	0.000898
18567	19001	4	0.001795
18567	19706	4	0.001795
18567	19803	7	0.003142
18567	19391	1771	0.794883
18568	19904	2	0.006711
18568	18817	10	0.033557
18568	19683	4	0.013423
18568	19173	2	0.006711
18568	18598	2	0.006711
18568	20042	6	0.020134
18568	18736	3	0.010067
18568	19270	2	0.006711
18568	19766	1	0.003356
18568	19959	2	0.006711
18568	19803	4	0.013423
18568	19773	171	0.573826
18570	19001	2	0.011976
18571	19803	1	0.058824
18571	18767	3	0.176471
18571	19709	19	1.117647
18571	18822	1	0.058824
18571	19453	6	0.352941
18575	18817	25	0.009325
18575	19392	2	0.000746
18575	18708	2	0.000746
18575	19991	4	0.001492
18575	19999	1	0.000373
18575	18722	4	0.001492
18575	18598	12	0.004476
18575	18983	1	0.000373
18575	18609	1	0.000373
18575	19766	3	0.001119
18575	19383	2	0.000746
18575	19001	3	0.001119
18575	19904	2	0.000746
18575	19906	4	0.001492
18575	19017	1	0.000373
18575	18890	1	0.000373
18575	18895	1	0.000373
18575	19799	2	0.000746
18575	19803	7	0.002611
18575	18780	3953	1.474450
18575	19679	4	0.001492
18575	19041	3	0.001119
18575	19683	4	0.001492
18575	18660	3	0.001119
18575	19045	1	0.000373
18575	19821	1	0.000373
18575	18674	2	0.000746
18575	19706	22	0.008206
18576	18817	1	0.002304
18576	19643	2	0.004608
18576	19621	5	0.011521
18576	18598	3	0.006912
18576	20033	1	0.002304
18576	18951	1	0.002304
18576	19631	10	0.023041
18576	19991	4	0.009217
18576	19001	1	0.002304
18576	19003	1	0.002304
18576	19485	2	0.004608
18577	18786	2	0.014493
18577	19173	3	0.021739
18577	19631	1	0.007246
18578	18817	1	0.000539
18578	18967	10	0.005385
18578	19087	6	0.003231
18578	19095	10	0.005385
18578	19631	1	0.000539
18578	19997	2	0.001077
18578	18991	1	0.000539
18578	18998	6	0.003231
18578	18872	1	0.000539
18578	19641	8	0.004308
18578	18626	2	0.001077
18578	19907	2	0.001077
18578	18886	8	0.004308
18578	19399	1	0.000539
18578	19409	1	0.000539
18578	19001	1	0.000539
18578	19928	8	0.004308
18578	19041	1	0.000539
18578	19173	1	0.000539
18578	19174	12	0.006462
18578	18802	1	0.000539
18578	19709	5	0.002693
18579	18817	1	0.001045
18579	19045	1	0.001045
18579	18598	1	0.001045
18579	18951	1	0.001045
18579	18890	1	0.001045
18579	18967	1	0.001045
18579	18959	1	0.001045
18579	19504	1	0.001045
18579	18609	21	0.021944
18579	19316	1	0.001045
18579	19383	1	0.001045
18579	19001	1	0.001045
18579	19803	2	0.002090
18579	19695	1	0.001045
18580	18929	1	0.003322
18580	20034	4	0.013289
18580	19765	2	0.006645
18581	19160	2	0.006557
18581	18867	2	0.006557
18582	19528	1	0.017544
18582	19937	1	0.017544
18582	19914	1	0.017544
18582	19429	1	0.017544
18582	18953	1	0.017544
18584	18817	2	0.064516
18584	19165	1	0.032258
18584	18550	2	0.064516
18586	19173	2	0.003170
18590	19488	2	0.017857
18590	19001	6	0.053571
18590	19244	4	0.035714
18590	18550	2	0.017857
18590	18817	6	0.053571
18592	19997	2	0.222222
18596	18817	1	0.009009
18596	19907	2	0.018018
18596	19173	1	0.009009
18596	19174	1	0.009009
18596	19889	1	0.009009
18596	19095	2	0.018018
18596	19641	1	0.009009
18597	18817	2	0.009174
18597	19821	2	0.009174
18597	18609	5	0.022936
18597	19575	2	0.009174
18597	19643	2	0.009174
18597	19391	3	0.013761
18598	18817	25	0.152439
18598	19041	1	0.006098
18598	18771	1	0.006098
18598	19894	4	0.024390
18598	19991	2	0.012195
18598	19679	3	0.018293
18602	18985	1	0.010638
18602	19163	48	0.510638
18602	19142	99	1.053191
18604	18817	1	0.004739
18604	19173	8	0.037915
18604	18598	3	0.014218
18604	19399	2	0.009479
18604	19271	5	0.023697
18604	19821	1	0.004739
18604	18800	1	0.004739
18604	19937	1	0.004739
18604	19959	1	0.004739
18604	19765	3	0.014218
18604	19991	1	0.004739
18609	18817	61	0.120316
18609	18660	6	0.011834
18609	19766	87	0.171598
18609	18951	3	0.005917
18609	19821	1	0.001972
18609	18674	1	0.001972
18609	19937	1	0.001972
18609	19894	1	0.001972
18609	19514	2	0.003945
18609	19803	4	0.007890
18609	18874	2	0.003945
18609	19679	485	0.956607
18611	19392	2	0.001506
18611	19001	2	0.001506
18611	19174	2	0.001506
18611	19991	2	0.001506
18611	18766	4	0.003012
18611	19092	2	0.001506
18611	19479	6	0.004518
18611	19609	2	0.001506
18611	19579	2	0.001506
18611	19391	2	0.001506
18614	18817	2	0.000660
18614	18786	1	0.000330
18614	19749	5	0.001650
18614	18598	7	0.002310
18614	19399	1	0.000330
18614	19593	1	0.000330
18614	19362	2	0.000660
18614	19709	2	0.000660
18614	19174	1	0.000330
18614	19270	1	0.000330
18614	19765	1	0.000330
18614	18550	1	0.000330
18614	19064	6	0.001980
18614	19001	1	0.000330
18614	19803	18	0.005941
18614	19165	3	0.000990
18614	19173	1	0.000330
18617	19264	2	0.002959
18617	19584	2	0.002959
18617	19173	6	0.008876
18617	19785	2	0.002959
18617	19658	2	0.002959
18617	18733	2	0.002959
18617	19825	2	0.002959
18617	19476	2	0.002959
18617	18998	1	0.001479
18617	18682	2	0.002959
18617	19643	2	0.002959
18617	18621	2	0.002959
18618	18998	2	0.007874
18619	18817	16	0.007005
18619	19087	6	0.002627
18619	19991	4	0.001751
18619	19869	2	0.000876
18619	18609	4	0.001751
18619	19765	9	0.003940
18619	19766	2	0.000876
18619	19383	4	0.001751
18619	18872	1	0.000438
18619	19129	2	0.000876
18619	18874	4	0.001751
18619	19516	4	0.001751
18619	19005	2	0.000876
18619	19391	6	0.002627
18619	19904	6	0.002627
18619	19906	19	0.008319
18619	19894	2	0.000876
18619	19270	8	0.003503
18619	19404	2	0.000876
18619	18895	4	0.001751
18619	19290	2	0.000876
18619	19803	8	0.003503
18619	18785	4	0.001751
18619	19392	2	0.000876
18619	19815	2	0.000876
18619	19706	3	0.001313
18620	19937	1	0.025000
18621	18817	28	0.014714
18621	19970	1	0.000525
18621	20033	1	0.000525
18621	19129	1	0.000525
18621	19631	1	0.000525
18621	19120	768	0.403573
18621	19765	1	0.000525
18621	18617	1	0.000525
18621	19704	1	0.000525
18621	19001	1	0.000525
18621	18876	3	0.001576
18621	19710	1	0.000525
18622	18722	1	0.001045
18622	19907	1	0.001045
18622	19174	1	0.001045
18622	19334	1	0.001045
18622	18922	1	0.001045
18622	19821	1	0.001045
18622	18598	2	0.002090
18622	19889	1	0.001045
18622	18965	2	0.002090
18622	18998	1	0.001045
18622	19641	1	0.001045
18622	19001	1	0.001045
18622	19709	1	0.001045
18622	19679	2	0.002090
18623	19202	2	0.001243
18623	19593	2	0.001243
18623	19991	2	0.001243
18623	19468	14	0.008701
18623	19598	2	0.001243
18623	19087	2	0.001243
18623	18578	2	0.001243
18623	19988	2	0.001243
18623	19095	4	0.002486
18623	18969	2	0.001243
18623	18886	6	0.003729
18623	19886	2	0.001243
18623	19641	4	0.002486
18623	19899	2	0.001243
18623	19270	14	0.008701
18623	19553	3	0.001865
18623	19937	3	0.001865
18623	19414	3	0.001865
18623	19927	3	0.001865
18623	19928	14	0.008701
18623	18913	6	0.003729
18623	18658	9	0.005594
18623	19683	2	0.001243
18623	19173	10	0.006215
18623	19563	3	0.001865
18623	19709	2	0.001243
18626	18817	2765	2.713445
18626	18967	2	0.001963
18626	18959	2	0.001963
18626	18578	3	0.002944
18626	18965	2	0.001963
18626	19095	114	0.111874
18626	19736	291	0.285574
18626	19226	2	0.001963
18626	19362	2	0.001963
18626	18985	2	0.001963
18626	19244	50	0.049068
18626	18991	9	0.008832
18626	20016	8	0.007851
18626	19889	4	0.003925
18626	18741	4	0.003925
18626	19766	2	0.001963
18626	18999	2	0.001963
18626	19641	99	0.097154
18626	19899	2	0.001963
18626	18622	43	0.042198
18626	18753	2	0.001963
18626	19907	29	0.028459
18626	18886	2	0.001963
18626	18890	768	0.753680
18626	19147	3	0.002944
18626	19643	2	0.001963
18626	19928	6	0.005888
18626	19673	1537	1.508342
18626	19803	2	0.001963
18626	19679	2	0.001963
18626	18784	23	0.022571
18626	19683	10	0.009814
18626	19174	2	0.001963
18626	19695	40	0.039254
18626	19699	2	0.001963
18626	19321	2	0.001963
18626	19707	50	0.049068
18626	19709	51	0.050049
18628	19904	1	0.001883
18628	18817	4	0.007533
18628	19202	1	0.001883
18628	18969	1	0.001883
18628	19270	4	0.007533
18628	18890	2	0.003766
18628	19404	2	0.003766
18628	19821	4	0.007533
18628	19886	1	0.001883
18628	19765	2	0.003766
18628	19991	3	0.005650
18628	19001	1	0.001883
18628	19706	1	0.001883
18628	19803	1	0.001883
18628	19292	18	0.033898
18628	19391	1	0.001883
18629	19457	2	0.004167
18629	19459	2	0.004167
18629	19465	2	0.004167
18629	19981	2	0.004167
18629	19982	2	0.004167
18629	19473	2	0.004167
18629	19476	2	0.004167
18629	19478	2	0.004167
18629	19480	2	0.004167
18629	19999	2	0.004167
18629	19504	2	0.004167
18629	20020	2	0.004167
18629	20028	2	0.004167
18629	20030	2	0.004167
18629	20033	2	0.004167
18629	20040	2	0.004167
18629	19544	2	0.004167
18629	19044	2	0.004167
18629	19557	2	0.004167
18629	18964	2	0.004167
18629	18555	2	0.004167
18629	19585	2	0.004167
18629	18966	2	0.004167
18629	18567	2	0.004167
18629	19081	2	0.004167
18629	18882	2	0.004167
18629	19598	2	0.004167
18629	18575	2	0.004167
18629	18576	2	0.004167
18629	19096	2	0.004167
18629	19112	2	0.004167
18629	19115	2	0.004167
18629	19119	2	0.004167
18629	19637	2	0.004167
18629	18621	2	0.004167
18629	18628	2	0.004167
18629	19657	2	0.004167
18629	19988	2	0.004167
18629	19151	2	0.004167
18629	19152	2	0.004167
18629	18642	2	0.004167
18629	19156	2	0.004167
18629	18638	2	0.004167
18629	19162	2	0.004167
18629	18652	2	0.004167
18629	19682	2	0.004167
18629	19172	2	0.004167
18629	18663	2	0.004167
18629	18664	2	0.004167
18629	18680	2	0.004167
18629	19710	2	0.004167
18629	18693	2	0.004167
18629	19206	2	0.004167
18629	19727	2	0.004167
18629	19224	2	0.004167
18629	19738	2	0.004167
18629	19230	2	0.004167
18629	18721	2	0.004167
18629	19237	2	0.004167
18629	18729	2	0.004167
18629	18731	2	0.004167
18629	19259	2	0.004167
18629	19260	2	0.004167
18629	19773	2	0.004167
18629	19264	2	0.004167
18629	19785	2	0.004167
18629	18764	2	0.004167
18629	19793	2	0.004167
18629	18770	2	0.004167
18629	19806	2	0.004167
18629	18790	2	0.004167
18629	18797	2	0.004167
18629	19825	2	0.004167
18629	18802	2	0.004167
18629	19827	2	0.004167
18629	19829	2	0.004167
18629	19945	2	0.004167
18629	19834	2	0.004167
18629	18811	2	0.004167
18629	19324	2	0.004167
18629	18817	2	0.004167
18629	19332	2	0.004167
18629	19521	2	0.004167
18629	19339	2	0.004167
18629	19342	2	0.004167
18629	19345	2	0.004167
18629	18839	2	0.004167
18629	19864	2	0.004167
18629	18849	2	0.004167
18629	19877	2	0.004167
18629	19880	2	0.004167
18629	19885	2	0.004167
18629	19380	2	0.004167
18629	18870	2	0.004167
18629	19895	2	0.004167
18629	19903	2	0.004167
18629	19392	2	0.004167
18629	19906	2	0.004167
18629	19910	2	0.004167
18629	19914	2	0.004167
18629	18896	2	0.004167
18629	19961	2	0.004167
18629	18912	2	0.004167
18629	19938	2	0.004167
18629	18916	2	0.004167
18629	19429	2	0.004167
18629	19432	2	0.004167
18629	19433	2	0.004167
18629	18923	2	0.004167
18629	18929	2	0.004167
18629	19960	2	0.004167
18629	18937	2	0.004167
18629	19962	2	0.004167
18632	18609	6	0.019481
18632	19937	1	0.003247
18633	19633	2	0.002729
18633	18890	4	0.005457
18633	18609	3	0.004093
18634	19296	1	0.006369
18634	19803	2	0.012739
18634	18926	1	0.006369
18634	19399	1	0.006369
18636	18682	2	0.000447
18636	19610	128	0.028616
18636	19173	8	0.001789
18636	19765	2	0.000447
18636	19111	27	0.006036
18637	18817	3	0.011765
18637	19174	3	0.011765
18637	19910	1	0.003922
18637	18849	1	0.003922
18637	19431	1	0.003922
18637	19375	1	0.003922
18637	18736	1	0.003922
18637	18609	2	0.007843
18637	19059	1	0.003922
18637	19766	1	0.003922
18637	19096	1	0.003922
18637	19166	1	0.003922
18637	19009	1	0.003922
18639	19679	5	1.000000
18640	19392	8	0.023256
18640	19767	3	0.008721
18641	19937	2	0.076923
18642	18817	2	0.002928
18642	19699	1	0.001464
18642	19556	2	0.002928
18642	18967	1	0.001464
18643	19001	3	0.111111
18643	18668	1	0.037037
18643	19509	28	1.037037
18643	19431	1	0.037037
18644	19872	1	0.000855
18644	18609	3	0.002566
18644	18867	2	0.001711
18644	19765	3	0.002566
18644	19937	6	0.005133
18645	18817	1	0.001637
18645	19557	1	0.001637
18645	18793	1	0.001637
18645	19087	1	0.001637
18645	18641	1	0.001637
18645	18680	1	0.001637
18647	18817	2	0.133333
18647	18998	1	0.066667
18647	19399	1	0.066667
18647	19937	1	0.066667
18647	19894	1	0.066667
18647	19959	1	0.066667
18647	19160	1	0.066667
18647	19803	2	0.133333
18651	18817	1	0.003367
18651	19937	1	0.003367
18651	19880	1	0.003367
18651	18793	1	0.003367
18651	18609	1	0.003367
18651	18645	1	0.003367
18651	18998	1	0.003367
18651	18680	1	0.003367
18651	19001	1	0.003367
18652	18817	6	0.037736
18652	19725	4	0.025157
18652	19991	4	0.025157
18652	18598	1	0.006289
18652	19663	1	0.006289
18652	18736	1	0.006289
18652	18609	2	0.012579
18652	18869	4	0.025157
18652	19001	1	0.006289
18652	18874	1	0.006289
18652	19773	1	0.006289
18652	19765	4	0.025157
18652	19906	1	0.006289
18652	18629	1	0.006289
18652	19782	3	0.018868
18652	18895	1	0.006289
18652	18771	1	0.006289
18652	19803	2	0.012579
18652	19425	1	0.006289
18652	18660	1	0.006289
18652	18797	1	0.006289
18652	19953	1	0.006289
18652	18809	1	0.006289
18652	19391	1	0.006289
18653	19584	2	0.004292
18653	18817	2	0.004292
18653	19458	2	0.004292
18653	19471	4	0.008584
18653	19728	2	0.004292
18653	19219	2	0.004292
18653	18584	2	0.004292
18653	19993	2	0.004292
18653	19995	2	0.004292
18653	19740	2	0.004292
18653	19111	2	0.004292
18653	18858	2	0.004292
18653	19758	2	0.004292
18653	19631	8	0.017167
18653	19122	2	0.004292
18653	19173	4	0.008584
18653	18613	2	0.004292
18653	19766	10	0.021459
18653	19643	6	0.012876
18653	19132	2	0.004292
18653	19901	2	0.004292
18653	18751	2	0.004292
18653	19904	2	0.004292
18653	19265	2	0.004292
18653	18891	2	0.004292
18653	19894	2	0.004292
18653	19553	2	0.004292
18653	19915	2	0.004292
18653	19937	2	0.004292
18653	19414	2	0.004292
18653	19287	2	0.004292
18653	19034	2	0.004292
18653	19803	2	0.004292
18653	19295	2	0.004292
18653	19552	2	0.004292
18653	18913	4	0.008584
18653	19814	2	0.004292
18653	19942	2	0.004292
18653	19821	2	0.004292
18653	19310	2	0.004292
18653	18928	2	0.004292
18653	18673	2	0.004292
18653	19575	2	0.004292
18653	19451	2	0.004292
18653	19452	2	0.004292
18653	19711	2	0.004292
18655	18817	2	0.001497
18655	19539	9	0.006737
18655	19908	10	0.007485
18655	19173	1	0.000749
18655	18598	1	0.000749
18656	18809	1	0.025641
18657	18817	2	0.002503
18657	18967	13	0.016270
18657	19087	3	0.003755
18657	18755	1	0.001252
18657	18965	1	0.001252
18657	19095	12	0.015019
18657	19695	1	0.001252
18657	19997	2	0.002503
18657	19244	1	0.001252
18657	19889	2	0.002503
18657	19894	3	0.003755
18657	19641	12	0.015019
18657	19899	2	0.002503
18657	18753	1	0.001252
18657	19907	2	0.002503
18657	18886	10	0.012516
18657	18890	2	0.002503
18657	19001	1	0.001252
18657	19928	7	0.008761
18657	18959	1	0.001252
18657	18660	1	0.001252
18657	19174	9	0.011264
18657	19946	1	0.001252
18657	19709	9	0.011264
18657	19699	1	0.001252
18657	18922	3	0.003755
18658	19173	29	0.068884
18658	18623	13693	32.524941
18659	18817	1	0.001112
18659	19173	1	0.001112
18659	19174	3	0.003337
18660	18945	1	0.002252
18660	19458	1	0.002252
18660	19896	1	0.002252
18660	19286	1	0.002252
18660	18953	2	0.004505
18660	18775	1	0.002252
18660	19468	1	0.002252
18660	18957	1	0.002252
18660	19470	1	0.002252
18660	18960	3	0.006757
18660	19574	1	0.002252
18660	19475	1	0.002252
18660	19886	1	0.002252
18660	19991	45	0.101351
18660	19481	4	0.009009
18660	18970	1	0.002252
18660	18798	1	0.002252
18660	19485	1	0.002252
18660	19486	3	0.006757
18660	19487	1	0.002252
18660	18976	1	0.002252
18660	19490	1	0.002252
18660	20003	1	0.002252
18660	19492	1	0.002252
18660	19292	1	0.002252
18660	19795	1	0.002252
18660	18987	1	0.002252
18660	19761	1	0.002252
18660	19502	1	0.002252
18660	19508	1	0.002252
18660	19088	1	0.002252
18660	19576	2	0.004505
18660	20024	1	0.002252
18660	19001	66	0.148649
18660	20026	1	0.002252
18660	19551	1	0.002252
18660	20029	2	0.004505
18660	20033	1	0.002252
18660	19012	1	0.002252
18660	20039	1	0.002252
18660	19980	1	0.002252
18660	20042	2	0.004505
18660	18786	1	0.002252
18660	19469	1	0.002252
18660	19384	1	0.002252
18660	19027	1	0.002252
18660	18702	1	0.002252
18660	18617	1	0.002252
18660	19545	1	0.002252
18660	19034	1	0.002252
18660	19898	1	0.002252
18660	19301	2	0.004505
18660	19552	1	0.002252
18660	19041	38	0.085586
18660	19554	1	0.002252
18660	19556	1	0.002252
18660	19045	4	0.009009
18660	19558	1	0.002252
18660	19049	1	0.002252
18660	18894	1	0.002252
18660	19053	1	0.002252
18660	19320	1	0.002252
18660	19060	1	0.002252
18660	19573	1	0.002252
18660	19610	1	0.002252
18660	18551	2	0.004505
18660	19934	1	0.002252
18660	18708	1	0.002252
18660	18623	1	0.002252
18660	19068	1	0.002252
18660	19818	1	0.002252
18660	19071	1	0.002252
18660	19392	1	0.002252
18660	18563	2	0.004505
18660	18565	8	0.018018
18660	19820	2	0.004505
18660	19594	1	0.002252
18660	19600	1	0.002252
18660	19601	1	0.002252
18660	18579	1	0.002252
18660	19092	1	0.002252
18660	19283	1	0.002252
18660	18969	1	0.002252
18660	18584	1	0.002252
18660	18586	1	0.002252
18660	19185	1	0.002252
18660	19100	1	0.002252
18660	18589	1	0.002252
18660	19614	1	0.002252
18660	19615	2	0.004505
18660	18592	1	0.002252
18660	18593	2	0.004505
18660	19619	2	0.004505
18660	19108	1	0.002252
18660	19110	1	0.002252
18660	19111	1	0.002252
18660	19626	1	0.002252
18660	19697	1	0.002252
18660	18604	1	0.002252
18660	19118	1	0.002252
18660	19631	2	0.004505
18660	18609	2	0.004505
18660	19315	1	0.002252
18660	19401	1	0.002252
18660	19128	2	0.004505
18660	19129	14	0.031532
18660	18618	1	0.002252
18660	18975	1	0.002252
18660	19645	1	0.002252
18660	19646	1	0.002252
18660	18973	1	0.002252
18660	18626	3	0.006757
18660	19652	1	0.002252
18660	19830	3	0.006757
18660	19745	1	0.002252
18660	19658	3	0.006757
18660	19746	1	0.002252
18660	19663	1	0.002252
18660	19664	1	0.002252
18660	19665	3	0.006757
18660	19238	3	0.006757
18660	19669	2	0.004505
18660	19670	1	0.002252
18660	19672	3	0.006757
18660	18653	1	0.002252
18660	19679	445	1.002252
18660	19168	1	0.002252
18660	19681	1	0.002252
18660	18658	1	0.002252
18660	18659	1	0.002252
18660	19173	326	0.734234
18660	19174	1	0.002252
18660	19409	1	0.002252
18660	19819	1	0.002252
18660	19178	1	0.002252
18660	18668	1	0.002252
18660	18669	1	0.002252
18660	19694	2	0.004505
18660	19184	1	0.002252
18660	18673	1	0.002252
18660	18674	1	0.002252
18660	19188	1	0.002252
18660	19190	1	0.002252
18660	19704	1	0.002252
18660	18682	1	0.002252
18660	19839	1	0.002252
18660	18685	1	0.002252
18660	19711	1	0.002252
18660	18816	1	0.002252
18660	19714	1	0.002252
18660	19243	1	0.002252
18660	19717	1	0.002252
18660	19158	2	0.004505
18660	19718	1	0.002252
18660	19841	2	0.004505
18660	18697	1	0.002252
18660	19725	2	0.004505
18660	19726	1	0.002252
18660	18705	2	0.004505
18660	19731	1	0.002252
18660	19732	1	0.002252
18660	18709	1	0.002252
18660	19226	1	0.002252
18660	19740	1	0.002252
18660	18583	1	0.002252
18660	18736	2	0.004505
18660	18722	3	0.006757
18660	18661	1	0.002252
18660	19749	1	0.002252
18660	19750	1	0.002252
18660	19239	1	0.002252
18660	19752	1	0.002252
18660	19242	1	0.002252
18660	18917	1	0.002252
18660	19165	1	0.002252
18660	19248	9	0.020270
18660	18737	1	0.002252
18660	18738	1	0.002252
18660	19855	1	0.002252
18660	19765	37	0.083333
18660	19766	294	0.662162
18660	18996	1	0.002252
18660	18746	1	0.002252
18660	19935	1	0.002252
18660	18749	1	0.002252
18660	18750	1	0.002252
18660	18751	1	0.002252
18660	19265	1	0.002252
18660	19779	16	0.036036
18660	18742	1	0.002252
18660	19425	1	0.002252
18660	19273	1	0.002252
18660	18762	1	0.002252
18660	19788	1	0.002252
18660	19790	1	0.002252
18660	19279	1	0.002252
18660	19280	1	0.002252
18660	19512	1	0.002252
18660	18771	60	0.135135
18660	18772	1	0.002252
18660	19797	1	0.002252
18660	18774	2	0.004505
18660	19287	1	0.002252
18660	19290	1	0.002252
18660	19803	48	0.108108
18660	18780	1	0.002252
18660	19805	1	0.002252
18660	19295	1	0.002252
18660	19296	1	0.002252
18660	18785	3	0.006757
18660	19298	1	0.002252
18660	19812	1	0.002252
18660	19686	2	0.004505
18660	19304	1	0.002252
18660	19306	1	0.002252
18660	19307	1	0.002252
18660	18796	1	0.002252
18660	19821	1	0.002252
18660	19822	1	0.002252
18660	19823	264	0.594595
18660	18800	1	0.002252
18660	19347	1	0.002252
18660	19316	20	0.045045
18660	18805	1	0.002252
18660	19318	539	1.213964
18660	19832	1	0.002252
18660	18836	1	0.002252
18660	19327	1	0.002252
18660	19328	2	0.004505
18660	18817	98	0.220721
18660	18596	2	0.004505
18660	19844	1	0.002252
18660	19333	2	0.004505
18660	18825	2	0.004505
18660	18827	1	0.002252
18660	19341	1	0.002252
18660	19824	1	0.002252
18660	19343	1	0.002252
18660	19857	1	0.002252
18660	19258	1	0.002252
18660	19091	1	0.002252
18660	19349	1	0.002252
18660	19350	1	0.002252
18660	19352	1	0.002252
18660	18841	1	0.002252
18660	19866	1	0.002252
18660	19355	1	0.002252
18660	19869	1	0.002252
18660	19359	1	0.002252
18660	19872	1	0.002252
18660	19952	1	0.002252
18660	19202	1	0.002252
18660	19363	5	0.011261
18660	19364	1	0.002252
18660	19365	1	0.002252
18660	19569	1	0.002252
18660	19369	3	0.006757
18660	19207	1	0.002252
18660	19186	3	0.006757
18660	19374	1	0.002252
18660	19888	1	0.002252
18660	18865	1	0.002252
18660	18867	14	0.031532
18660	19894	44	0.099099
18660	19383	9	0.020270
18660	18872	133	0.299550
18660	19385	2	0.004505
18660	18874	42	0.094595
18660	19103	1	0.002252
18660	19900	1	0.002252
18660	18880	1	0.002252
18660	19394	1	0.002252
18660	19395	1	0.002252
18660	19702	2	0.004505
18660	19399	7	0.015766
18660	19913	1	0.002252
18660	18890	14	0.031532
18660	19915	1	0.002252
18660	19404	2	0.004505
18660	19405	1	0.002252
18660	19918	1	0.002252
18660	18895	33	0.074324
18660	19192	1	0.002252
18660	19925	2	0.004505
18660	19414	1	0.002252
18660	18852	1	0.002252
18660	18931	1	0.002252
18660	18616	1	0.002252
18660	19421	1	0.002252
18660	19422	1	0.002252
18660	19423	1	0.002252
18660	19937	3	0.006757
18660	18915	1	0.002252
18660	19940	265	0.596847
18660	18598	81	0.182432
18660	19430	1	0.002252
18660	18580	1	0.002252
18660	18921	1	0.002252
18660	18922	7	0.015766
18660	18925	1	0.002252
18660	19453	1	0.002252
18660	18928	1	0.002252
18660	19953	1	0.002252
18660	19954	4	0.009009
18660	19443	1	0.002252
18660	19446	2	0.004505
18660	19959	14	0.031532
18660	18687	1	0.002252
18660	19452	1	0.002252
18660	19965	1	0.002252
18660	18942	1	0.002252
18660	19285	1	0.002252
18661	19785	2	0.000196
18661	19173	122	0.011964
18661	19295	2	0.000196
18663	19392	1	0.000254
18663	18817	11	0.002798
18663	19906	2	0.000509
18663	19652	1	0.000254
18663	19001	4	0.001017
18663	18598	1	0.000254
18663	18724	1	0.000254
18663	18664	14	0.003561
18663	19959	1	0.000254
18663	19404	1	0.000254
18663	18609	1	0.000254
18663	18771	3	0.000763
18663	19765	2	0.000509
18663	19991	3	0.000763
18663	18872	1	0.000254
18663	19321	3	0.000763
18663	18874	1	0.000254
18663	19803	2	0.000509
18663	19391	3	0.000763
18664	18944	2	0.001017
18664	18817	19	0.009659
18664	19970	3	0.001525
18664	19587	4	0.002034
18664	18565	1	0.000508
18664	19982	2	0.001017
18664	19475	1	0.000508
18664	19094	1	0.000508
18664	19991	2	0.001017
18664	19994	1	0.000508
18664	19229	4	0.002034
18664	19653	2	0.001017
18664	19397	1	0.000508
18664	19108	1	0.000508
18664	18598	45	0.022877
18664	19112	4	0.002034
18664	18605	2	0.001017
18664	19631	2	0.001017
18664	19248	224	0.113879
18664	18609	1	0.000508
18664	18867	1	0.000508
18664	19765	3	0.001525
18664	18744	2	0.001017
18664	19001	4	0.002034
18664	18874	4	0.002034
18664	19391	9	0.004575
18664	19521	4	0.002034
18664	19779	1	0.000508
18664	19652	6	0.003050
18664	19525	1	0.000508
18664	19142	2	0.001017
18664	19041	2	0.001017
18664	19528	1	0.000508
18664	18762	2	0.001017
18664	18771	9	0.004575
18664	19156	2	0.001017
18664	19670	2	0.001017
18664	19705	2	0.001017
18664	19803	5	0.002542
18664	19932	1	0.000508
18664	19514	4	0.002034
18664	19806	1	0.000508
18664	19679	6	0.003050
18664	19166	1	0.000508
18664	19937	1	0.000508
18664	18629	2	0.001017
18664	18811	2	0.001017
18664	18660	6	0.003050
18664	19173	3	0.001525
18664	19558	1	0.000508
18664	18663	6	0.003050
18664	20040	2	0.001017
18664	19821	2	0.001017
18664	18672	2	0.001017
18664	18931	2	0.001017
18664	19959	5	0.002542
18664	18680	4	0.002034
18664	19321	2111	1.073208
18664	19519	5	0.002542
18665	20035	1312	0.748005
18667	19937	2	0.250000
18668	19173	6	0.024896
18668	19959	1	0.004149
18669	19569	1	0.013158
18669	19244	1	0.013158
18669	19053	1	0.013158
18669	19694	1	0.013158
18669	18973	1	0.013158
18672	18744	1	0.004525
18672	18664	2	0.009050
18672	19645	1	0.004525
18672	19321	1	0.004525
18673	18817	14	0.014752
18673	18997	2	0.002107
18673	19095	2	0.002107
18673	18589	2	0.002107
18673	18598	1	0.001054
18673	19631	2	0.002107
18673	18609	14	0.014752
18673	18867	4	0.004215
18673	19765	2	0.002107
18673	19894	2	0.002107
18673	19383	2	0.002107
18673	19641	2	0.002107
18673	19386	2	0.002107
18673	19643	3	0.003161
18673	19391	4	0.004215
18673	20033	11	0.011591
18673	19907	2	0.002107
18673	19766	2	0.002107
18673	19928	2	0.002107
18673	19803	2	0.002107
18673	19679	1	0.001054
18673	18660	2	0.002107
18673	19173	1	0.001054
18673	19704	6	0.006322
18673	19706	2	0.002107
18673	19709	2	0.002107
18674	18944	1	0.000929
18674	18817	28	0.025998
18674	19207	1	0.000929
18674	19991	1	0.000929
18674	19248	1	0.000929
18674	19363	1	0.000929
18674	18598	1	0.000929
18674	19624	1	0.000929
18674	19888	1	0.000929
18674	18609	2	0.001857
18674	18867	1	0.000929
18674	19765	3	0.002786
18674	19894	2	0.001857
18674	19383	1	0.000929
18674	19003	1	0.000929
18674	19391	1	0.000929
18674	19392	1	0.000929
18674	19528	1	0.000929
18674	19404	1	0.000929
18674	19406	1	0.000929
18674	18895	1	0.000929
18674	18771	1	0.000929
18674	19803	2	0.001857
18674	19173	1	0.000929
18674	19041	1	0.000929
18674	18660	1	0.000929
18674	19045	4	0.003714
18674	19946	1	0.000929
18674	19821	1	0.000929
18674	19954	1	0.000929
18674	18805	1	0.000929
18674	19959	1	0.000929
18675	20042	1	0.001314
18675	18660	2	0.002628
18675	19173	6	0.007884
18675	19822	4	0.005256
18680	18817	14	0.023973
18680	19211	1	0.001712
18680	19341	1	0.001712
18680	19087	3	0.005137
18680	19991	5	0.008562
18680	18598	25	0.042808
18680	19880	3	0.005137
18680	18609	1	0.001712
18680	19173	7	0.011986
18680	19765	1	0.001712
18680	19766	2	0.003425
18680	19514	2	0.003425
18680	19679	1	0.001712
18680	19005	1	0.001712
18680	19519	5	0.008562
18680	19392	1	0.001712
18680	18890	10	0.017123
18680	19665	1	0.001712
18680	18771	1	0.001712
18680	18645	1	0.001712
18680	19803	6	0.010274
18680	19386	1	0.001712
18680	19045	1	0.001712
18680	19041	4	0.006849
18680	18660	2	0.003425
18680	19557	4	0.006849
18680	18664	1	0.001712
18680	18793	3	0.005137
18680	19051	6	0.010274
18680	19821	1	0.001712
18680	18674	1	0.001712
18680	19960	1	0.001712
18680	19705	1	0.001712
18682	19173	5	0.004252
18682	18598	5	0.004252
18682	19111	3	0.002551
18682	19821	3	0.002551
18682	18578	2	0.001701
18682	19094	1019	0.866497
18682	19803	1	0.000850
18685	18998	3	0.021127
18686	19937	6	0.009494
18687	18592	1	0.003891
18687	18753	3	0.011673
18687	19301	1	0.003891
18687	19436	2	0.007782
18687	19709	1	0.003891
18687	19095	1	0.003891
18687	19087	1	0.003891
18687	19965	1	0.003891
18687	19173	1	0.003891
18688	18817	1	0.001383
18688	19010	2	0.002766
18688	18598	41	0.056708
18688	19404	1	0.001383
18688	19991	4	0.005533
18688	19724	2	0.002766
18688	19821	1	0.001383
18688	19959	1	0.001383
18688	19001	2	0.002766
18688	19803	1	0.001383
18688	19737	1	0.001383
18688	18718	3	0.004149
18692	19610	4	0.007561
18692	18636	1949	3.684310
18692	19765	2	0.003781
18692	19111	2	0.003781
18694	19937	1	0.001377
18694	19717	1	0.001377
18694	19174	6	0.008264
18694	18817	7	0.009642
18694	19052	9	0.012397
18694	19821	1	0.001377
18694	18609	6	0.008264
18694	18867	9	0.012397
18694	19679	1	0.001377
18695	19001	190	1.032609
18695	18906	1	0.005435
18695	19479	1	0.005435
18696	19937	4	0.095238
18696	18660	3	0.071429
18696	18598	4	0.095238
18696	19569	3	0.071429
18696	19665	5	0.119048
18696	19399	8	0.190476
18696	19244	4	0.095238
18696	19726	85	2.023810
18696	19633	7	0.166667
18696	19284	4	0.095238
18696	18550	4	0.095238
18696	19641	12	0.285714
18696	19803	8	0.190476
18697	19765	2	0.030303
18699	19937	3	0.026087
18699	19803	3	0.026087
18699	19173	2	0.017391
18699	20033	2	0.017391
18699	18609	2	0.017391
18699	18733	2	0.017391
18699	19855	1	0.008696
18699	18817	2	0.017391
18699	19825	7	0.060870
18699	19631	7	0.060870
18699	18998	1	0.008696
18699	19894	1	0.008696
18699	18617	2	0.017391
18699	19643	2	0.017391
18699	18876	2	0.017391
18699	18621	2	0.017391
18699	18809	1	0.008696
18700	19392	6	0.007509
18700	19745	3	0.003755
18700	19643	2	0.002503
18700	19391	1	0.001252
18700	19041	1	0.001252
18700	18890	3	0.003755
18700	19821	6	0.007509
18700	19631	229	0.286608
18700	18817	2	0.002503
18700	19765	1	0.001252
18700	20033	1	0.001252
18700	19991	18	0.022528
18700	19001	15	0.018773
18700	19995	127	0.158949
18700	19679	2	0.002503
18702	18598	2	0.142857
18703	19173	3	0.014151
18703	19174	1	0.004717
18703	19431	1	0.004717
18709	18609	1	0.001692
18709	19052	11	0.018613
18712	18609	1	0.090909
18713	18817	3	0.032258
18713	19851	6	0.064516
18713	18660	1	0.010753
18713	18609	1	0.010753
18717	19610	4	0.008114
18717	18636	1782	3.614604
18717	19111	3	0.006085
18718	18688	283	0.568273
18718	19440	283	0.568273
18718	18550	2	0.004016
18718	18817	8	0.016064
18721	18817	12	0.015979
18721	18786	1	0.001332
18721	19643	2	0.002663
18721	18598	1	0.001332
18721	19265	17	0.022636
18721	18890	1	0.001332
18721	19991	4	0.005326
18721	19631	61	0.081225
18721	18609	2	0.002663
18721	18771	1	0.001332
18721	19765	3	0.003995
18721	20033	1	0.001332
18721	19041	1	0.001332
18721	19001	3	0.003995
18721	19803	2	0.002663
18721	19391	4	0.005326
18722	18817	2	0.002972
18722	19766	3	0.004458
18722	19173	7	0.010401
18722	19334	2	0.002972
18722	19399	2	0.002972
18722	18890	5	0.007429
18722	19821	2	0.002972
18722	19363	4	0.005944
18722	19414	2	0.002972
18722	19928	1	0.001486
18722	19003	1	0.001486
18723	19953	1	0.018868
18723	19937	1	0.018868
18724	18817	89	0.088469
18724	19557	1	0.000994
18724	19991	31	0.030815
18724	18598	5	0.004970
18724	19446	1	0.000994
18724	18867	5	0.004970
18724	19765	7	0.006958
18724	18998	4	0.003976
18724	19383	3	0.002982
18724	18872	2	0.001988
18724	19129	2	0.001988
18724	19514	8	0.007952
18724	19391	4	0.003976
18724	18753	1	0.000994
18724	19779	2	0.001988
18724	19894	3	0.002982
18724	19399	3	0.002982
18724	18890	2	0.001988
18724	19404	1	0.000994
18724	18895	8	0.007952
18724	19665	10	0.009940
18724	18771	6	0.005964
18724	19001	17	0.016899
18724	19803	13	0.012922
18724	19679	1044	1.037773
18724	19041	15	0.014911
18724	19766	4	0.003976
18724	19940	1	0.000994
18724	19173	21	0.020875
18724	19318	7	0.006958
18724	19959	2	0.001988
18725	19001	2	0.054054
18725	18965	2	0.054054
18725	18838	1	0.027027
18725	19333	2	0.054054
18727	19044	78	1.000000
18727	19766	1	0.012821
18729	18817	1	0.005650
18729	18951	1	0.005650
18729	18771	1	0.005650
18729	19765	3	0.016949
18729	19864	5	0.028249
18729	19001	1	0.005650
18729	19803	2	0.011299
18731	19904	1	0.003831
18731	18817	2	0.007663
18731	19939	1	0.003831
18731	18964	1	0.003831
18731	19991	2	0.007663
18731	19001	1	0.003831
18731	19290	3	0.011494
18731	19005	2	0.007663
18732	18817	1	0.033333
18733	19584	4	0.004082
18733	18817	7	0.007143
18733	19643	1	0.001020
18733	19045	1	0.001020
18733	18598	7	0.007143
18733	20033	3	0.003061
18733	19001	1	0.001020
18733	19631	29	0.029592
18733	18771	5	0.005102
18733	19383	2	0.002041
18733	18617	3	0.003061
18733	19706	2	0.002041
18733	19803	1	0.001020
18733	19041	2	0.002041
18733	19391	3	0.003061
18734	19052	1	0.041667
18736	18817	9	0.123288
18736	18565	1	0.013699
18736	18951	1	0.013699
18736	19991	7	0.095890
18736	19363	2	0.027397
18736	18598	5	0.068493
18736	18609	2	0.027397
18736	18867	2	0.027397
18736	19766	2	0.027397
18736	19383	16	0.219178
18736	18872	1	0.013699
18736	19001	1	0.013699
18736	19514	3	0.041096
18736	19516	1	0.013699
18736	19391	7	0.095890
18736	18998	1	0.013699
18736	19399	1	0.013699
18736	19147	1	0.013699
18736	18895	1	0.013699
18736	18771	2	0.027397
18736	19129	1	0.013699
18736	19940	1	0.013699
18736	19803	1	0.013699
18736	19679	77	1.054795
18736	19041	6	0.082192
18736	18660	75	1.027397
18736	19318	3	0.041096
18736	19706	1	0.013699
18738	19585	1	0.001274
18738	18820	1	0.001274
18738	19335	3	0.003822
18738	19726	2	0.002548
18738	19347	1	0.001274
18738	19989	2	0.002548
18738	19932	1	0.001274
18738	18741	1	0.001274
18738	19643	5	0.006369
18738	19394	1	0.001274
18738	19907	16	0.020382
18738	19553	1	0.001274
18738	18888	2	0.002548
18738	19018	1	0.001274
18738	19064	1	0.001274
18738	19930	1	0.001274
18738	19803	4	0.005096
18738	19292	3	0.003822
18738	19680	3	0.003822
18738	19937	97	0.123567
18738	19174	4	0.005096
18738	19430	1	0.001274
18738	19815	1	0.001274
18738	18817	4	0.005096
18738	18945	1	0.001274
18738	19832	2	0.002548
18739	19010	12	1.000000
18740	19001	1	0.038462
18740	19284	3	0.115385
18741	18753	11	0.017460
18741	19174	1	0.001587
18741	18598	5	0.007937
18741	18922	2	0.003175
18741	19894	1	0.001587
18741	19095	1	0.001587
18741	19641	1	0.001587
18741	19771	3	0.004762
18741	19173	1	0.001587
18743	18609	2	0.036364
18743	19479	1	0.018182
18743	19174	1	0.018182
18743	19391	1	0.018182
18744	18817	3	0.000710
18744	18951	1	0.000237
18744	18568	1	0.000237
18744	18825	1	0.000237
18744	19725	1	0.000237
18744	19982	1	0.000237
18744	19321	48	0.011364
18744	19841	1	0.000237
18744	19779	1	0.000237
18744	18867	1	0.000237
18744	19991	1	0.000237
18744	19888	1	0.000237
18744	20002	1	0.000237
18744	19363	1	0.000237
18744	18598	5	0.001184
18744	19207	1	0.000237
18744	19954	1	0.000237
18744	19248	1	0.000237
18744	19173	2	0.000473
18744	19765	3	0.000710
18744	19894	30	0.007102
18744	19383	2	0.000473
18744	18872	1	0.000237
18744	19001	1	0.000237
18744	19773	1	0.000237
18744	18736	1	0.000237
18744	18626	1	0.000237
18744	19907	1	0.000237
18744	19766	3	0.000710
18744	18890	11	0.002604
18744	19959	1	0.000237
18744	19404	1	0.000237
18744	18722	1	0.000237
18744	19406	1	0.000237
18744	18895	1	0.000237
18744	19665	1	0.000237
18744	18809	4	0.000947
18744	19940	2	0.000473
18744	19803	3	0.000710
18744	19686	1	0.000237
18744	19679	4	0.000947
18744	18998	10	0.002367
18744	19041	1	0.000237
18744	18660	1	0.000237
18744	19045	3	0.000710
18744	19430	2	0.000473
18744	18664	87	0.020597
18744	18922	1	0.000237
18744	19823	1	0.000237
18744	18672	6	0.001420
18744	18674	1	0.000237
18744	19316	1	0.000237
18744	18805	1	0.000237
18744	19318	2	0.000473
18744	18551	1	0.000237
18744	19705	1	0.000237
18746	18598	5	0.002661
18746	19242	56	0.029803
18746	19087	2	0.001064
18746	19988	3	0.001597
18746	18998	6	0.003193
18746	19001	4	0.002129
18747	18960	16835	81.723301
18747	19173	2	0.009709
18747	18598	1	0.004854
18748	19173	2	0.029851
18748	19631	2	0.029851
18751	18817	4	0.013841
18751	19803	1	0.003460
18751	18565	1	0.003460
18751	19473	1	0.003460
18751	19631	9	0.031142
18751	18609	3	0.010381
18751	18867	1	0.003460
18751	19766	6	0.020761
18751	19643	4	0.013841
18751	18589	1	0.003460
18752	18817	1	0.000920
18752	19937	1	0.000920
18752	19803	1	0.000920
18752	19281	1	0.000920
18752	18609	1	0.000920
18753	19394	9	0.016187
18753	19907	1	0.001799
18753	18565	1	0.001799
18753	19174	1	0.001799
18753	19559	11	0.019784
18753	19244	1	0.001799
18753	18922	4	0.007194
18753	18998	2	0.003597
18753	19001	2	0.003597
18753	19436	2	0.003597
18753	19087	1	0.001799
18753	19709	4	0.007194
18753	18965	1	0.001799
18753	19894	2	0.003597
18753	19095	4	0.007194
18753	19832	9	0.016187
18753	19641	2	0.003597
18753	19738	1	0.001799
18753	19899	1	0.001799
18753	19997	1	0.001799
18753	18598	3	0.005396
18754	19010	55	1.000000
18754	18609	1	0.018182
18754	18890	5	0.090909
18754	18704	3	0.054545
18754	19345	3	0.054545
18754	19378	3	0.054545
18754	19735	3	0.054545
18754	20028	3	0.054545
18755	18817	3	0.017647
18755	18598	1	0.005882
18755	18642	3	0.017647
18755	18771	1	0.005882
18755	19765	3	0.017647
18755	19959	4	0.023529
18755	19803	2	0.011765
18756	19624	1	0.055556
18756	19679	18	1.000000
18758	19937	3	0.040000
18758	19651	1	0.013333
18758	19052	224	2.986667
18758	19533	1	0.013333
18758	18609	1	0.013333
18758	18867	1	0.013333
18758	19765	1	0.013333
18758	18999	1	0.013333
18758	19160	11	0.146667
18759	18609	1	0.003717
18759	19479	1	0.003717
18761	19200	1	0.002463
18761	18817	5	0.012315
18761	19970	1	0.002463
18761	19991	3	0.007389
18761	19864	1	0.002463
18761	19363	1	0.002463
18761	18598	15	0.036946
18761	18609	4	0.009852
18761	19894	2	0.004926
18761	19128	1	0.002463
18761	19001	4	0.009852
18761	19259	7	0.017241
18761	19391	5	0.012315
18761	19779	2	0.004926
18761	19653	1	0.002463
18761	18890	83	0.204433
18761	18872	2	0.004926
18761	18770	6	0.014778
18761	18771	5	0.012315
18761	18944	1	0.002463
18761	19045	1	0.002463
18761	19041	1	0.002463
18761	18789	4	0.009852
18761	19821	2	0.004926
18761	19056	1	0.002463
18761	19959	3	0.007389
18762	19872	3	0.031250
18762	19521	4	0.041667
18762	19643	1	0.010417
18762	18660	3	0.031250
18762	19397	1	0.010417
18762	19937	3	0.031250
18762	18664	9	0.093750
18762	18890	2	0.020833
18762	18817	1	0.010417
18762	19475	1	0.010417
18762	18998	1	0.010417
18762	19321	11	0.114583
18762	19803	6	0.062500
18762	19679	1	0.010417
18763	19803	2	0.001910
18763	19695	2	0.001910
18763	19173	1	0.000955
18763	18998	1	0.000955
18763	19095	1	0.000955
18764	18817	9	0.006479
18764	19939	1	0.000720
18764	19270	2	0.001440
18764	18598	1	0.000720
18764	19745	1	0.000720
18764	18664	1	0.000720
18764	19631	13	0.009359
18764	18771	1	0.000720
18764	19318	1	0.000720
18764	19991	1	0.000720
18764	18872	2	0.001440
18764	19001	2	0.001440
18764	19803	1	0.000720
18766	19092	8	0.333333
18766	19803	1	0.041667
18766	19052	97	4.041667
18766	19173	1	0.041667
18767	19001	2	0.009434
18767	18571	2	0.009434
18767	19709	14	0.066038
18768	18976	4	0.021978
18768	18753	2	0.010989
18768	19907	6	0.032967
18768	19045	2	0.010989
18768	18817	2	0.010989
18768	19369	2	0.010989
18768	18987	4	0.021978
18768	18736	2	0.010989
18768	19991	4	0.021978
18768	19738	4	0.021978
18768	19559	2	0.010989
18768	19806	2	0.010989
18770	19200	15	0.020633
18770	18817	11	0.015131
18770	19894	1	0.001376
18770	18598	1	0.001376
18770	18761	46	0.063274
18770	18890	5	0.006878
18770	19765	2	0.002751
18770	18550	1	0.001376
18770	19991	13	0.017882
18770	19001	5	0.006878
18770	19391	2	0.002751
18771	18872	4	2.000000
18772	19937	3	0.016304
18772	19594	1	0.005435
18772	19411	1	0.005435
18772	19165	2	0.010870
18772	19750	1	0.005435
18773	19679	2	1.000000
18774	19937	2	0.019802
18774	19173	4	0.039604
18774	18945	1	0.009901
18774	19529	3	0.029703
18774	18997	1	0.009901
18774	19160	2	0.019802
18776	19766	1	0.023810
18776	19080	1	0.023810
18776	19436	1	0.023810
18776	19350	1	0.023810
18776	19001	1	0.023810
18776	19803	1	0.023810
18777	19864	1	0.029412
18777	19991	1	0.029412
18778	19967	4	0.100000
18779	19938	1	0.003876
18779	19173	1	0.003876
18779	18886	1	0.003876
18779	19708	1	0.003876
18779	19981	1	0.003876
18779	19174	1	0.003876
18779	19062	1	0.003876
18779	19095	1	0.003876
18779	19928	1	0.003876
18779	19641	1	0.003876
18779	19324	1	0.003876
18779	19709	1	0.003876
18779	19071	312	1.209302
18780	19904	2	0.002278
18780	19937	1	0.001139
18780	20002	12	0.013667
18780	19683	3	0.003417
18780	18660	2	0.002278
18780	19830	1	0.001139
18780	18817	2	0.002278
18780	19017	1	0.001139
18780	19821	1	0.001139
18780	18575	339	0.386105
18780	18609	3	0.003417
18780	19779	1	0.001139
18780	19765	2	0.002278
18780	19894	2	0.002278
18780	19959	2	0.002278
18780	19706	28	0.031891
18780	19803	7	0.007973
18780	19679	1	0.001139
18780	19165	1	0.001139
18780	19999	5	0.005695
18783	19391	1	0.016949
18783	19045	2	0.033898
18783	19542	1	0.016949
18783	19695	2	0.033898
18784	19052	4	0.034188
18785	18817	8	2.000000
18786	18817	1	0.000356
18786	18598	1	0.000356
18786	18890	1	0.000356
18786	19631	1	0.000356
18786	19765	1	0.000356
18786	19001	9	0.003202
18788	18817	40	0.512821
18788	19207	1	0.012821
18788	18664	5	0.064103
18788	19959	1	0.012821
18788	18867	1	0.012821
18788	19765	2	0.025641
18788	19894	4	0.051282
18788	19001	4	0.051282
18788	19128	1	0.012821
18788	19321	1	0.012821
18788	19803	2	0.025641
18788	19516	1	0.012821
18789	18817	5	0.010823
18789	18598	2	0.004329
18789	18761	6	0.012987
18789	18770	4	0.008658
18789	18771	3	0.006494
18789	19991	1	0.002165
18789	19736	4	0.008658
18789	19001	6	0.012987
18789	19259	3	0.006494
18789	19709	3	0.006494
18790	19904	3	0.006024
18790	19298	4	0.008032
18790	18660	1	0.002008
18790	18598	4	0.008032
18790	18771	2	0.004016
18790	19631	9	0.018072
18790	19219	18	0.036145
18790	19765	1	0.002008
18790	19991	1	0.002008
18790	19001	2	0.004016
18791	18890	1	0.007246
18791	19765	3	0.021739
18793	19946	2	0.002491
18793	20016	1	0.001245
18793	19174	3	0.003736
18793	18886	4	0.004981
18793	19894	1	0.001245
18793	18922	2	0.002491
18793	19095	4	0.004981
18793	19244	2	0.002491
18793	19087	3	0.003736
18793	19248	1	0.001245
18793	19736	2	0.002491
18793	18998	7	0.008717
18793	18967	4	0.004981
18793	19928	4	0.004981
18793	19641	4	0.004981
18793	19386	2	0.002491
18793	19707	1	0.001245
18793	19709	1	0.001245
18796	18999	4	2.000000
18797	19904	1	0.000736
18797	18817	9	0.006627
18797	19683	1	0.000736
18797	18660	4	0.002946
18797	18771	1	0.000736
18797	18598	9	0.006627
18797	19129	4	0.002946
18797	20042	7	0.005155
18797	18895	3	0.002209
18797	19600	957	0.704713
18797	18609	1	0.000736
18797	19795	2	0.001473
18797	19765	1	0.000736
18797	19991	1	0.000736
18797	19001	15	0.011046
18797	19706	5	0.003682
18797	19803	1	0.000736
18797	19242	2	0.001473
18797	19391	1	0.000736
18800	18913	14	0.007103
18800	19970	1	0.000507
18800	18550	1	0.000507
18800	18817	6	0.003044
18800	19362	2	0.001015
18800	19766	15	0.007610
18800	19803	5	0.002537
18800	19165	1	0.000507
18802	19392	1	0.005747
18802	18817	1	0.005747
18802	18598	1	0.005747
18802	19758	1	0.005747
18802	19803	1	0.005747
18802	19615	1	0.005747
18803	19610	4	0.009547
18803	18636	18934	45.188544
18803	19111	3	0.007160
18805	18817	6	0.001897
18805	19766	1	0.000316
18805	19909	91	0.028770
18805	18890	3	0.000948
18805	19821	1	0.000316
18805	18895	1	0.000316
18805	18674	9	0.002845
18805	18867	2	0.000632
18805	19765	5	0.001581
18805	19894	3	0.000948
18805	19991	1	0.000316
18805	19001	1	0.000316
18805	19045	1	0.000316
18806	19937	1	0.000747
18808	19904	127	1.840580
18808	19392	63	0.913043
18808	19906	63	0.913043
18808	18598	1	0.014493
18808	19631	5	0.072464
18808	19765	1	0.014493
18808	19190	1	0.014493
18809	18565	1	0.003953
18809	18817	253	1.000000
18809	18660	253	1.000000
18809	19894	2	0.007905
18809	19350	1	0.003953
18809	19169	1	0.003953
18809	18890	1	0.003953
18809	19248	1	0.003953
18809	18609	2	0.007905
18809	19173	1	0.003953
18809	19316	3	0.011858
18809	19766	5	0.019763
18809	19706	1	0.003953
18809	19195	1	0.003953
18809	19872	1	0.003953
18809	18922	1	0.003953
18809	19166	4	0.015810
18809	19679	19	0.075099
18811	18817	1	0.000943
18811	18882	1	0.000943
18811	18664	29	0.027358
18811	18890	2	0.001887
18811	18895	4	0.003774
18811	18736	1	0.000943
18811	18771	3	0.002830
18811	18872	4	0.003774
18811	18874	1	0.000943
18811	19679	1	0.000943
18811	19932	2	0.001887
18811	19391	3	0.002830
18812	18817	3	0.007519
18812	19045	3	0.007519
18812	18890	6	0.015038
18812	18578	9	0.022556
18812	18613	9	0.022556
18812	19991	6	0.015038
18812	19001	3	0.007519
18812	19803	6	0.015038
18816	18965	2	0.002191
18816	18598	1	0.001095
18817	19045	1	0.000034
18817	19174	1	0.000034
18817	18890	2	0.000068
18817	18867	1	0.000034
18817	19959	2	0.000068
18817	19803	5	0.000170
18817	19709	1	0.000034
18817	19391	1	0.000034
18818	18656	46	0.186235
18818	18660	1	0.004049
18818	18598	1	0.004049
18818	19765	1	0.004049
18818	19991	2	0.008097
18818	19001	2	0.008097
18820	18890	2	0.057143
18820	19301	3	0.085714
18821	19937	1	0.111111
18822	20016	5	0.005727
18822	19174	2	0.002291
18822	18598	1	0.001145
18822	18890	911	1.043528
18822	19095	2	0.002291
18822	19087	1	0.001145
18822	19248	1	0.001145
18822	18991	2	0.002291
18822	19709	5	0.005727
18822	19894	1	0.001145
18822	18647	1	0.001145
18822	19641	2	0.002291
18822	19899	1	0.001145
18822	18922	3	0.003436
18822	18809	1	0.001145
18824	19001	1	0.041667
18824	18743	24	1.000000
18825	18817	1	0.006173
18826	18877	15	1.000000
18827	18609	1	0.032258
18827	18817	1	0.032258
18827	18867	1	0.032258
18827	19173	2	0.064516
18827	19991	1	0.032258
18828	19872	3	0.006742
18828	19937	6	0.013483
18828	19765	3	0.006742
18831	19052	6	0.461538
18837	19173	1	0.001441
18837	18598	1	0.001441
18837	19854	1	0.001441
18837	19631	2	0.002882
18837	19476	3	0.004323
18837	19669	1798	2.590778
18837	18748	1	0.001441
18838	19333	2	0.024096
18838	19219	2	0.024096
18838	19924	5	0.060241
18838	18965	2	0.024096
18838	19991	2	0.024096
18838	19514	2	0.024096
18838	19803	3	0.036145
18839	19392	4	0.012085
18839	19937	4	0.012085
18839	19631	27	0.081571
18839	18609	6	0.018127
18839	19001	18	0.054381
18839	19706	4	0.012085
18839	19803	4	0.012085
18839	19516	4	0.012085
18839	19837	4	0.012085
18839	18750	4	0.012085
18839	19391	4	0.012085
18840	19872	2	1.000000
18840	19679	2	1.000000
18843	19173	1	0.111111
18843	19694	18	2.000000
18845	19832	1	0.071429
18845	18609	1	0.071429
18845	19391	1	0.071429
18845	19173	1	0.071429
18845	19821	1	0.071429
18846	18817	8	0.015595
18846	19173	8	0.015595
18846	19937	1	0.001949
18846	19052	11	0.021442
18846	18609	11	0.021442
18846	19318	8	0.015595
18846	19991	8	0.015595
18848	19308	1192	0.850214
18848	19766	7	0.004993
18848	18870	1192	0.850214
18848	19679	28	0.019971
18849	18817	15	0.003515
18849	18951	4	0.000937
18849	19991	11	0.002578
18849	19479	1	0.000234
18849	19096	2	0.000469
18849	19375	2	0.000469
18849	18609	2	0.000469
18849	19894	1	0.000234
18849	18872	1	0.000234
18849	19001	4	0.000937
18849	19514	2	0.000469
18849	19009	4	0.000937
18849	18637	2	0.000469
18849	18771	4	0.000937
18849	19803	6	0.001406
18849	18874	1	0.000234
18849	19679	3	0.000703
18849	18660	3	0.000703
18849	19174	6	0.001406
18849	19431	2	0.000469
18849	19318	2	0.000469
18849	18938	2	0.000469
18849	19581	2	0.000469
18856	19160	3	0.004847
18856	18561	4	0.006462
18856	18867	1	0.001616
18856	19937	8	0.012924
18858	19264	1	0.002268
18858	18817	1	0.002268
18858	19643	1	0.002268
18858	18724	1	0.002268
18858	19045	1	0.002268
18858	18578	1	0.002268
18858	18890	1	0.002268
18858	18733	1	0.002268
18858	19631	5	0.011338
18858	18736	1	0.002268
18858	19825	1	0.002268
18858	18674	1	0.002268
18858	19476	1	0.002268
18858	19765	1	0.002268
18858	19895	1	0.002268
18858	18617	1	0.002268
18858	19706	1	0.002268
18858	19803	2	0.004535
18858	18748	1	0.002268
18858	19151	1	0.002268
18858	18805	1	0.002268
18859	19433	4	0.102564
18859	19001	2	0.051282
18859	19173	80	2.051282
18859	19637	2	0.051282
18862	19610	4	0.008230
18862	18636	1926	3.962963
18862	19111	3	0.006173
18863	19872	2	0.008929
18863	18817	2	0.008929
18863	19970	1	0.004464
18863	19173	1	0.004464
18863	18598	10	0.044643
18863	19041	1	0.004464
18863	19516	1	0.004464
18863	18890	3	0.013393
18863	19084	1	0.004464
18863	19821	1	0.004464
18863	18895	2	0.008929
18863	18609	1	0.004464
18863	19765	1	0.004464
18863	19318	2	0.008929
18863	19991	4	0.017857
18863	19001	1	0.004464
18863	19803	3	0.013393
18863	18876	6	0.026786
18863	19045	1	0.004464
18863	19679	1	0.004464
18865	18817	1	0.001307
18865	18998	1	0.001307
18867	19872	1	0.002387
18867	18817	399	0.952267
18867	18598	6	0.014320
18867	19894	8	0.019093
18867	19959	3	0.007160
18868	19609	1	0.058824
18868	18846	1	0.058824
18869	18890	6	0.004769
18869	19491	1	0.000795
18869	19765	1	0.000795
18869	18598	1	0.000795
18870	18817	1	0.031250
18870	18890	1	0.031250
18870	18598	9	0.281250
18871	18609	1	0.018868
18871	19391	1	0.018868
18871	19765	2	0.037736
18871	19926	1	0.018868
18871	19959	2	0.037736
18872	18817	307	0.412634
18872	18660	1	0.001344
18872	18598	9	0.012097
18872	18736	2	0.002688
18872	18771	12	0.016129
18872	19991	9	0.012097
18872	19129	12	0.016129
18872	19803	58	0.077957
18872	19679	2	0.002688
18873	19959	1	0.003040
18873	19173	2	0.006079
18873	19399	5	0.015198
18874	18817	79	0.268707
18874	19894	2	0.006803
18874	19153	1	0.003401
18874	18895	6	0.020408
18874	18736	292	0.993197
18874	18609	2	0.006803
18874	18674	2	0.006803
18874	19514	1	0.003401
18874	19318	8	0.027211
18874	19991	7	0.023810
18874	19001	3	0.010204
18874	19706	2	0.006803
18874	19803	9	0.030612
18874	19516	2	0.006803
18874	19293	1	0.003401
18876	18817	4	0.007663
18876	19587	1	0.001916
18876	19332	1	0.001916
18876	19851	1	0.001916
18876	18967	1	0.001916
18876	18598	6	0.011494
18876	18983	1	0.001916
18876	19631	1	0.001916
18876	18997	1	0.001916
18876	18874	9	0.017241
18876	19003	1	0.001916
18876	20033	1	0.001916
18876	19339	1	0.001916
18876	19399	1	0.001916
18876	18907	1	0.001916
18876	19166	1	0.001916
18876	19041	1	0.001916
18876	19299	1	0.001916
18876	18660	1	0.001916
18876	19429	2	0.003831
18876	18664	1	0.001916
18876	18550	1	0.001916
18876	18809	1	0.001916
18876	19710	1	0.001916
18877	19508	32	1.000000
18878	19041	2	0.062500
18878	18660	35	1.093750
18878	19174	2	0.062500
18878	19679	32	1.000000
18879	19915	2	0.051282
18879	19700	5	0.128205
18880	19399	1	0.031250
18880	19173	1	0.031250
18880	19886	9	0.281250
18880	19927	2	0.062500
18882	19270	1	0.007194
18882	18895	1	0.007194
18882	19991	2	0.014388
18882	19001	2	0.014388
18882	19803	1	0.007194
18882	19005	1	0.007194
18884	19840	8	0.014011
18884	19001	5	0.008757
18884	19554	2	0.003503
18884	18959	2	0.003503
18885	19937	1	0.003086
18885	19052	22	0.067901
18886	18817	20	0.011730
18886	19970	1	0.000587
18886	19587	1	0.000587
18886	19991	2	0.001173
18886	18598	3	0.001760
18886	19624	1	0.000587
18886	19248	1	0.000587
18886	19894	2	0.001173
18886	19904	1	0.000587
18886	18998	6	0.003519
18886	19270	1	0.000587
18886	19399	2	0.001173
18886	18890	7	0.004106
18886	19404	2	0.001173
18886	19928	4	0.002346
18886	19165	8	0.004692
18886	19041	2	0.001173
18886	19173	1	0.000587
18886	19946	2	0.001173
18886	19821	1	0.000587
18886	19959	1	0.000587
18886	19706	4	0.002346
18886	18922	1	0.000587
18888	19457	1	0.000758
18888	19052	11	0.008340
18889	19052	4	0.500000
18890	19937	2	0.003431
18890	19010	2	0.003431
18890	19959	1	0.001715
18890	18817	7	0.012007
18891	18609	1	0.005291
18894	19954	1	0.003205
18894	18890	1	0.003205
18894	19766	1	0.003205
18894	19173	2	0.006410
18894	19214	1	0.003205
18895	19712	2	0.001709
18895	18817	381	0.325641
18895	18818	2	0.001709
18895	19339	2	0.001709
18895	19981	2	0.001709
18895	19473	2	0.001709
18895	19986	2	0.001709
18895	19476	2	0.001709
18895	19478	2	0.001709
18895	19991	1	0.000855
18895	19224	2	0.001709
18895	18718	2	0.001709
18895	19914	2	0.001709
18895	19312	2	0.001709
18895	19106	2	0.001709
18895	18597	2	0.001709
18895	19880	2	0.001709
18895	18733	2	0.001709
18895	19119	2	0.001709
18895	19635	2	0.001709
18895	19380	2	0.001709
18895	19765	2	0.001709
18895	19895	2	0.001709
18895	18619	2	0.001709
18895	19260	2	0.001709
18895	19773	2	0.001709
18895	19519	2	0.001709
18895	19264	2	0.001709
18895	19777	2	0.001709
18895	19391	2	0.001709
18895	19911	2	0.001709
18895	20040	2	0.001709
18895	19785	2	0.001709
18895	18890	36	0.030769
18895	19534	2	0.001709
18895	19151	2	0.001709
18895	19771	2	0.001709
18895	19156	2	0.001709
18895	19705	2	0.001709
18895	19544	2	0.001709
18895	18788	2	0.001709
18895	19803	2	0.001709
18895	18652	2	0.001709
18895	19962	2	0.001709
18895	19806	2	0.001709
18895	19877	2	0.001709
18895	18912	2	0.001709
18895	19043	2	0.001709
18895	19044	2	0.001709
18895	19793	2	0.001709
18895	19945	2	0.001709
18895	19858	2	0.001709
18895	19950	2	0.001709
18895	18672	2	0.001709
18895	18929	2	0.001709
18895	19826	2	0.001709
18895	18933	2	0.001709
18895	19960	6	0.005128
18895	18964	2	0.001709
18895	19657	2	0.001709
18895	18811	2	0.001709
18895	19070	2	0.001709
18896	19041	1	0.022222
18896	19106	1	0.022222
18896	19173	1	0.022222
18896	18729	1	0.022222
18896	18644	46	1.022222
18896	19864	1	0.022222
18896	19709	1	0.022222
18898	18636	380	1.490196
18898	19111	3	0.011765
18900	18817	1	0.029412
18900	18826	3	0.088235
18900	19508	1	0.029412
18900	19959	1	0.029412
18901	19392	4	0.001684
18901	18817	26	0.010943
18901	18660	1	0.000421
18901	19173	2	0.000842
18901	19718	2152	0.905724
18901	20033	2	0.000842
18901	18890	5	0.002104
18901	19001	6	0.002525
18901	19821	7	0.002946
18901	18598	9	0.003788
18901	19631	10	0.004209
18901	18609	2	0.000842
18901	18771	2	0.000842
18901	19765	6	0.002525
18901	19991	22	0.009259
18901	19705	1	0.000421
18901	19679	2	0.000842
18901	19803	7	0.002946
18901	19391	5	0.002104
18906	18817	1	0.002114
18906	18693	1	0.002114
18906	18695	14	0.029598
18906	19052	14	0.029598
18906	18609	6	0.012685
18906	19479	1	0.002114
18907	20033	1	0.002865
18907	19271	1	0.002865
18907	19399	1	0.002865
18908	19394	1	0.003968
18908	19173	1	0.003968
18908	19238	16560	65.714286
18908	19095	2	0.007937
18912	19001	1	0.000552
18912	20042	1813	1.000000
18912	19683	1813	1.000000
18912	19420	1812	0.999448
18912	19706	4	0.002206
18913	19803	5	0.001238
18915	19765	1	0.028571
18916	19001	20	0.074906
18916	19340	1	0.003745
18917	18817	1	0.001175
18917	19937	1	0.001175
18917	19399	3	0.003525
18917	19052	11	0.012926
18917	18609	3	0.003525
18917	18550	3	0.003525
18917	19226	1	0.001175
18917	19803	9	0.010576
18917	19902	3	0.003525
18921	19904	2	0.037037
18921	19937	1	0.018519
18921	19619	4	0.074074
18921	19173	3	0.055556
18921	18817	2	0.037037
18921	18967	1	0.018519
18921	19991	1	0.018519
18921	19391	1	0.018519
18921	19981	4	0.074074
18921	18609	4	0.074074
18921	19699	1	0.018519
18921	19959	1	0.018519
18921	19803	1	0.018519
18921	18876	1	0.018519
18921	19071	2	0.037037
18922	18817	13	0.102362
18922	18822	1	0.007874
18922	18951	1	0.007874
18922	18578	2	0.015748
18922	18965	3	0.023622
18922	19736	2	0.015748
18922	19362	2	0.015748
18922	19244	2	0.015748
18922	19501	1	0.007874
18922	18991	1	0.007874
18922	20016	1	0.007874
18922	18741	2	0.015748
18922	18998	21	0.165354
18922	18999	2	0.015748
18922	19386	2	0.015748
18922	19643	1	0.007874
18922	18622	2	0.015748
18922	19270	2	0.015748
18922	19147	2	0.015748
18922	18809	1	0.007874
18922	18784	2	0.015748
18922	19683	2	0.015748
18922	18660	3	0.023622
18922	19173	3	0.023622
18922	19174	1	0.007874
18922	19431	2	0.015748
18922	18793	2	0.015748
18922	19436	2	0.015748
18922	19695	2	0.015748
18922	19699	2	0.015748
18922	19321	2	0.015748
18922	19707	2	0.015748
18922	19709	1	0.007874
18925	18817	1	0.004854
18925	19803	4	0.019417
18925	18660	1	0.004854
18925	19195	1	0.004854
18925	19946	1	0.004854
18925	19339	1	0.004854
18925	19727	7	0.033981
18925	18998	1	0.004854
18925	19695	6	0.029126
18925	19324	1	0.004854
18925	19679	1	0.004854
18926	18598	1	0.000482
18926	19821	1	0.000482
18926	18609	2	0.000963
18926	18771	3	0.001445
18926	19766	1	0.000482
18926	19959	3	0.001445
18926	19001	2	0.000963
18926	19322	1	0.000482
18926	19803	5	0.002408
18926	19516	1	0.000482
18926	19391	2	0.000963
18928	19173	1	0.011111
18929	19904	2	0.006734
18929	18817	1	0.003367
18929	20034	4	0.013468
18929	19174	1	0.003367
18929	18598	2	0.006734
18929	18890	2	0.006734
18929	18578	4	0.013468
18929	18867	1	0.003367
18929	18580	8	0.026936
18929	19765	2	0.006734
18929	19991	1	0.003367
18929	19001	1	0.003367
18929	19706	1	0.003367
18929	19391	1	0.003367
18930	19937	1	0.003367
18931	18664	1	0.002128
18931	19475	3	0.006383
18931	19173	4	0.008511
18933	19821	1	0.004167
18933	18674	1	0.004167
18933	19765	2	0.008333
18933	19991	1	0.004167
18933	19803	1	0.004167
18933	19391	1	0.004167
18934	18628	1	0.004049
18934	19292	2	0.008097
18935	19832	1	0.013158
18935	19394	1	0.013158
18935	19173	13	0.171053
18935	19238	664	8.736842
18937	19803	2	0.004926
18937	19268	1	0.002463
18937	18890	3	0.007389
18937	19765	1	0.002463
18937	19001	6	0.014778
18937	19643	1	0.002463
18937	18901	2	0.004926
18938	18817	2	0.002865
18938	19970	2	0.002865
18938	18660	2	0.002865
18938	19431	3	0.004298
18938	19052	2	0.002865
18938	18637	6	0.008596
18938	18609	1	0.001433
18938	18771	4	0.005731
18938	19797	2	0.002865
18938	19001	10	0.014327
18938	19803	1	0.001433
18938	19765	2	0.002865
18941	19052	2	2.000000
18942	19173	3	0.010830
18942	19094	1	0.003610
18943	18817	9	0.006526
18943	19362	37	0.026831
18943	18664	9	0.006526
18943	18609	9	0.006526
18943	19475	2	0.001450
18943	19318	9	0.006526
18943	19352	15	0.010877
18943	19514	6	0.004351
18945	18817	12	0.012024
18945	18561	3	0.003006
18945	19991	3	0.003006
18945	19318	1	0.001002
18945	18598	5	0.005010
18945	18736	1	0.001002
18945	18609	3	0.003006
18945	18867	3	0.003006
18945	18997	3	0.003006
18945	18998	3	0.003006
18945	19001	3	0.003006
18945	18876	3	0.003006
18945	19779	3	0.003006
18945	19894	3	0.003006
18945	19399	3	0.003006
18945	18890	3	0.003006
18945	19803	39	0.039078
18945	19937	4	0.004008
18945	18660	6	0.006012
18945	19173	3	0.003006
18945	19821	3	0.003006
18945	18550	3	0.003006
18945	19959	3	0.003006
18946	19173	2	0.005362
18946	19399	1	0.002681
18946	19288	1	0.002681
18946	19064	2	0.005362
18946	18873	1	0.002681
18946	19004	1	0.002681
18948	19803	2	0.037736
18949	19821	5	0.012723
18949	18771	1	0.002545
18949	19765	4	0.010178
18949	19991	5	0.012723
18949	19001	26	0.066158
18949	19803	4	0.010178
18949	19964	6	0.015267
18951	19318	3	0.375000
18951	19679	8	1.000000
18952	18592	1	0.003953
18952	19399	2	0.007905
18952	19433	1	0.003953
18952	19436	5	0.019763
18952	18609	1	0.003953
18952	19637	3	0.011858
18952	19803	4	0.015810
18953	18817	12	0.004633
18953	19173	4	0.001544
18953	18598	347	0.133977
18953	19528	8	0.003089
18953	19914	2	0.000772
18953	19858	2	0.000772
18953	18582	17	0.006564
18953	19001	338	0.130502
18953	19003	8	0.003089
18953	18876	2	0.000772
18953	19429	2	0.000772
18956	19872	3	0.006397
18956	18817	3	0.006397
18956	19937	9	0.019190
18956	19765	3	0.006397
18956	19959	3	0.006397
18956	18997	3	0.006397
18958	19937	2	0.013986
18958	19378	1	0.006993
18958	18754	1	0.006993
18959	18886	1	0.015152
18959	19174	1	0.015152
18959	18967	2	0.030303
18959	19095	2	0.030303
18959	19928	1	0.015152
18959	19641	1	0.015152
18960	19173	2	0.010000
18960	18598	1	0.005000
18963	19937	1	0.111111
18963	19086	1	0.111111
18964	19904	1	0.000949
18964	18817	3	0.002846
18964	18598	1	0.000949
18964	20033	1	0.000949
18964	19991	1	0.000949
18964	19766	1	0.000949
18964	19129	1	0.000949
18964	19001	40	0.037951
18964	19290	4	0.003795
18964	19705	1	0.000949
18964	19005	1	0.000949
18964	19391	1	0.000949
18965	19173	1	0.001353
18965	18838	1	0.001353
18965	18922	3	0.004060
18965	18998	2	0.002706
18965	18809	1	0.001353
18965	19001	1	0.001353
18966	19392	1	0.006061
18966	18817	1	0.006061
18966	19363	4	0.024242
18966	19045	2	0.012121
18966	19041	1	0.006061
18966	19529	169	1.024242
18966	19318	1	0.006061
18966	18609	1	0.006061
18966	18997	1	0.006061
18966	18774	1	0.006061
18966	19991	1	0.006061
18966	19001	1	0.006061
18966	19803	1	0.006061
18966	18876	2	0.012121
18967	18817	4	0.003868
18967	19981	1	0.000967
18967	18578	1	0.000967
18967	18722	1	0.000967
18967	18886	1	0.000967
18967	19624	1	0.000967
18967	19248	1	0.000967
18967	18997	1	0.000967
18967	19894	4	0.003868
18967	19001	1	0.000967
18967	19386	1	0.000967
18967	19643	1	0.000967
18967	19904	1	0.000967
18967	18626	2	0.001934
18967	18998	1	0.000967
18967	19270	1	0.000967
18967	19803	5	0.004836
18967	19041	1	0.000967
18967	19173	11	0.010638
18967	18793	1	0.000967
18967	19946	1	0.000967
18967	19695	2	0.001934
18967	19699	1	0.000967
18967	19706	3	0.002901
18967	19709	1	0.000967
18969	19001	1	0.008130
18969	18658	1	0.008130
18971	18636	465	1.267030
18971	19173	1	0.002725
18971	19111	4	0.010899
18972	19937	3	0.009677
18972	19651	3	0.009677
18972	19533	3	0.009677
18972	18609	3	0.009677
18972	18999	3	0.009677
18972	19743	8	0.025806
18975	19027	1	0.012658
18975	19068	1	0.012658
18975	18598	1	0.012658
18976	18817	1	0.001282
18976	19970	1	0.001282
18976	19907	2	0.002564
18976	19173	5	0.006410
18976	18598	5	0.006410
18976	18753	1	0.001282
18976	19369	732	0.938462
18976	18768	1	0.001282
18976	19832	27	0.034615
18976	19738	1	0.001282
18976	19806	1	0.001282
18978	19937	1	0.001919
18978	19052	132	0.253359
18979	18967	1	0.016949
18979	19619	5	0.084746
18979	19699	1	0.016949
18979	19991	1	0.016949
18980	19904	6	0.011194
18980	18817	3	0.005597
18980	19045	3	0.005597
18980	18598	3	0.005597
18980	18890	3	0.005597
18980	18967	3	0.005597
18980	18959	3	0.005597
18980	18609	9	0.016791
18980	18579	3	0.005597
18980	19383	3	0.005597
18980	19001	3	0.005597
18980	19803	6	0.011194
18981	19107	1	0.025000
18981	18660	1	0.025000
18981	19399	1	0.025000
18982	18609	1	0.019231
18982	19052	139	2.673077
18982	18990	1	0.019231
18982	19766	1	0.019231
18983	18660	5	1.000000
18983	19679	5	1.000000
18985	19001	1	0.006579
18985	18890	1	0.006579
18985	18998	9	0.059211
18985	19166	2	0.013158
18987	18976	1	0.166667
18987	19803	3	0.500000
18990	18817	1	0.004219
18990	18982	22	0.092827
18991	18817	1	0.000862
18991	18754	1	0.000862
18991	19991	1	0.000862
18991	18890	854	0.736207
18991	18923	2	0.001724
18991	19765	2	0.001724
18991	18998	3	0.002586
18991	19735	2	0.001724
18991	19946	1	0.000862
18991	18922	1	0.000862
18992	18817	1	0.003106
18992	19746	16	0.049689
18992	18598	7	0.021739
18992	18890	20	0.062112
18992	19244	2	0.006211
18992	19821	6	0.018634
18992	18609	4	0.012422
18992	18771	8	0.024845
18992	19991	3	0.009317
18992	19001	10	0.031056
18992	19803	4	0.012422
18992	18590	225	0.698758
18993	18817	4	0.125000
18994	18890	2	0.022989
18994	18598	11	0.126437
18994	19391	3	0.034483
18995	19777	4	0.062500
18995	18660	1	0.015625
18995	19633	4	0.062500
18995	18578	1	0.015625
18995	19766	1	0.015625
18995	19706	1	0.015625
18995	19643	1	0.015625
18996	19619	6	0.013333
18996	19709	2	0.004444
18996	19071	6	0.013333
18997	18817	2	0.001426
18997	19332	1	0.000713
18997	19206	1	0.000713
18997	19851	1	0.000713
18997	18966	1	0.000713
18997	19095	3	0.002138
18997	19224	1	0.000713
18997	18844	1	0.000713
18997	19103	1	0.000713
18997	19991	1	0.000713
18997	19765	2	0.001426
18997	18998	2	0.001426
18997	19643	10	0.007128
18997	18876	3	0.002138
18997	18621	1	0.000713
18997	19391	1	0.000713
18997	18755	1	0.000713
18997	19894	3	0.002138
18997	19528	2	0.001426
18997	19787	1	0.000713
18997	19793	1	0.000713
18997	18774	2	0.001426
18997	19803	4	0.002851
18997	19166	1	0.000713
18997	19429	1	0.000713
18997	19173	4	0.002851
18997	18922	2	0.001426
18997	19180	2	0.001426
18997	19705	1	0.000713
18997	19709	3	0.002138
18997	19710	1	0.000713
18998	18817	33	0.055932
18998	19940	2	0.003390
18998	19173	10	0.016949
18998	18598	13	0.022034
18998	19169	1	0.001695
18998	18890	2	0.003390
18998	19045	1	0.001695
18998	19248	6	0.010169
18998	18674	12	0.020339
18998	19765	8	0.013559
18998	19894	3	0.005085
18998	19946	4	0.006780
18998	19166	1	0.001695
18998	19679	27	0.045763
18999	18784	1	0.001236
18999	18817	1	0.001236
18999	19174	2	0.002472
18999	18598	2	0.002472
18999	19937	1	0.001236
18999	18890	2	0.002472
18999	19052	1	0.001236
18999	19087	2	0.002472
18999	19889	1	0.001236
18999	19894	4	0.004944
18999	19095	2	0.002472
18999	19641	1	0.001236
18999	19997	1	0.001236
18999	19709	2	0.002472
18999	19679	1	0.001236
19000	18792	1	0.001927
19000	18879	1	0.001927
19000	19709	1	0.001927
19000	19591	1120	2.157996
19001	18817	234	1.733333
19001	19803	1	0.007407
19001	19765	2	0.014815
19001	19894	1	0.007407
19001	19679	105	0.777778
19003	19392	1	0.000762
19003	18817	5	0.003811
19003	19803	1	0.000762
19003	19877	2	0.001524
19003	18598	2	0.001524
19003	19015	6	0.004573
19003	19528	5	0.003811
19003	18953	2	0.001524
19003	19991	5	0.003811
19003	19391	1	0.000762
19003	19631	6	0.004573
19003	18771	29	0.022104
19003	18550	39	0.029726
19003	19383	4	0.003049
19003	19001	2	0.001524
19003	19643	1	0.000762
19003	18876	3	0.002287
19003	19486	2	0.001524
19003	19679	1	0.000762
19004	19064	1	0.002033
19004	19927	1	0.002033
19004	19173	2	0.004065
19004	19749	1	0.002033
19005	19087	1	0.000646
19005	18578	6	0.003873
19005	18964	4	0.002582
19005	18967	1	0.000646
19005	19736	12	0.007747
19005	19362	7	0.004519
19005	19270	6	0.003873
19005	18598	1	0.000646
19005	19248	2	0.001291
19005	19894	1	0.000646
19005	19001	1	0.000646
19005	19386	6	0.003873
19005	19643	7	0.004519
19005	18886	1	0.000646
19005	19399	1	0.000646
19005	18890	4	0.002582
19005	19147	6	0.003873
19005	19928	1	0.000646
19005	18874	1	0.000646
19005	19683	6	0.003873
19005	18793	7	0.004519
19005	19695	6	0.003873
19005	19699	6	0.003873
19005	19321	6	0.003873
19005	19707	6	0.003873
19005	19709	1	0.000646
19006	19312	2	0.003268
19006	18609	4	0.006536
19006	19286	2	0.003268
19006	18998	2	0.003268
19007	18609	1	0.090909
19007	19803	2	0.181818
19007	19052	12	1.090909
19009	19016	1	0.004000
19009	18849	498	1.992000
19009	19803	1	0.004000
19009	19431	4	0.016000
19009	19991	2	0.008000
19010	18944	7	0.007928
19010	18817	55	0.062288
19010	19714	2	0.002265
19010	18952	2	0.002265
19010	19211	1	0.001133
19010	19991	1	0.001133
19010	19997	2	0.002265
19010	19746	3	0.003398
19010	18598	16	0.018120
19010	19631	5	0.005663
19010	18609	10	0.011325
19010	19637	4	0.004530
19010	19766	8	0.009060
19010	18872	1	0.001133
19010	19001	10	0.011325
19010	19514	7	0.007928
19010	19391	3	0.003398
19010	19779	2	0.002265
19010	19894	2	0.002265
19010	18890	4	0.004530
19010	18771	5	0.005663
19010	19284	1	0.001133
19010	19129	1	0.001133
19010	19803	46	0.052095
19010	18660	2	0.002265
19010	19045	6	0.006795
19010	19433	9	0.010193
19010	19436	2	0.002265
19010	19821	5	0.005663
19010	19959	8	0.009060
19010	19195	2	0.002265
19015	18913	2	0.005865
19015	19643	1	0.002933
19015	19173	1	0.002933
19015	19270	1	0.002933
19015	19399	2	0.005865
19015	19598	1	0.002933
19015	18609	2	0.005865
19015	19894	1	0.002933
19015	19003	2	0.005865
19015	19386	2	0.005865
19015	19803	2	0.005865
19015	19165	1	0.002933
19015	19486	1	0.002933
19015	19679	4	0.011730
19016	19937	11	0.161765
19016	18890	3	0.044118
19016	19059	68	1.000000
19016	19052	68	1.000000
19016	19766	2	0.029412
19017	18817	2	0.000537
19017	19683	7	0.001881
19017	19173	1	0.000269
19017	18598	2	0.000537
19017	18890	2	0.000537
19017	18575	13	0.003493
19017	19953	2	0.000537
19017	18780	61	0.016389
19017	20042	4	0.001075
19018	18817	2	0.009662
19018	20035	1	0.004831
19018	18967	1	0.004831
19019	19001	1	0.002288
19019	19391	1	0.002288
19019	19284	1	0.002288
19019	19335	886	2.027460
19022	19052	139	2.014493
19025	19173	9	1.125000
19027	19362	8	0.009346
19027	19915	5	0.005841
19027	19953	6	0.007009
19027	18746	2	0.002336
19027	19709	1	0.001168
19027	19934	2	0.002336
19029	19954	1	0.023256
19029	19679	7	0.162791
19029	19362	1	0.023256
19029	19822	1	0.023256
19029	19173	7	0.162791
19034	19362	4	0.002786
19034	19672	11	0.007660
19034	19001	4	0.002786
19034	19514	4	0.002786
19034	19803	4	0.002786
19034	19706	8	0.005571
19035	19937	5	0.065789
19035	18660	1	0.013158
19037	18915	1	0.001122
19037	19052	2	0.002245
19041	18817	340	0.174091
19041	18567	2	0.001024
19041	19593	2	0.001024
19041	18575	2	0.001024
19041	19473	2	0.001024
19041	19858	2	0.001024
19041	19991	4	0.002048
19041	19363	2	0.001024
19041	18598	15	0.007680
19041	19889	1	0.000512
19041	19249	2	0.001024
19041	19765	1	0.000512
19041	19766	2	0.001024
19041	19003	6	0.003072
19041	19260	2	0.001024
19041	19391	2	0.001024
19041	20033	2	0.001024
19041	19894	1	0.000512
19041	19399	1	0.000512
19041	19404	1	0.000512
19041	19665	317	0.162314
19041	19045	3	0.001536
19041	18790	2	0.001024
19041	19174	1	0.000512
19041	19821	1	0.000512
19041	18808	2	0.001024
19041	19709	4	0.002048
19042	19045	1	0.003030
19042	18967	2	0.006061
19042	20012	5	0.015152
19042	19695	2	0.006061
19042	19765	1	0.003030
19042	19991	5	0.015152
19042	19706	5	0.015152
19042	19383	4	0.012121
19043	18578	2	0.015748
19043	19991	1	0.007874
19044	19904	2	0.008264
19044	19840	2	0.008264
19044	19041	2	0.008264
19044	18817	4	0.016529
19044	18895	2	0.008264
19044	19765	4	0.016529
19044	19991	4	0.016529
19044	19001	4	0.016529
19045	18944	1	0.011905
19045	18817	7	0.083333
19045	19765	2	0.023810
19045	19894	2	0.023810
19049	19937	6	0.004138
19049	19173	2	0.001379
19049	18997	1	0.000690
19049	19765	1	0.000690
19051	18680	1	0.043478
19051	18686	1	0.043478
19056	19872	4	0.014035
19056	19937	5	0.017544
19056	19259	4	0.014035
19056	18660	8	0.028070
19056	19350	4	0.014035
19056	18598	4	0.014035
19056	18817	12	0.042105
19056	18761	20	0.070175
19056	19679	4	0.014035
19056	18736	4	0.014035
19056	19736	3	0.010526
19056	18770	4	0.014035
19056	19765	4	0.014035
19056	19766	4	0.014035
19056	19959	4	0.014035
19056	19832	3	0.010526
19056	19001	4	0.014035
19056	19803	8	0.028070
19056	19709	7	0.024561
19056	19200	4	0.014035
19056	18789	4	0.014035
19059	18849	1	0.003077
19059	19045	1	0.003077
19059	19174	1	0.003077
19059	19431	1	0.003077
19059	19016	284	0.873846
19059	19375	1	0.003077
19059	18817	4	0.012308
19059	18674	1	0.003077
19059	18771	1	0.003077
19059	19318	1	0.003077
19059	19001	1	0.003077
19059	18938	1	0.003077
19059	19009	1	0.003077
19060	19907	1	0.000974
19060	19173	3	0.002921
19060	19087	2	0.001947
19060	19386	1	0.000974
19060	19003	2	0.001947
19060	19486	3474	3.382668
19062	18817	2	0.020408
19062	19071	1	0.010204
19064	19904	3	0.007042
19064	18817	2	0.004695
19064	19173	4	0.009390
19064	19937	4	0.009390
19064	19593	3	0.007042
19064	18890	3	0.007042
19064	19633	4	0.009390
19064	18614	5	0.011737
19064	19706	3	0.007042
19064	19165	3	0.007042
19064	19391	3	0.007042
19067	19907	1	0.001096
19067	18598	1	0.001096
19067	18999	1	0.001096
19067	19889	1	0.001096
19067	19683	1	0.001096
19067	19902	1	0.001096
19067	18998	5	0.005482
19067	19641	1	0.001096
19067	18809	2	0.002193
19067	19709	1	0.001096
19067	19166	1	0.001096
19070	18817	3	0.046154
19070	18598	1	0.015385
19070	18890	3	0.046154
19070	18609	2	0.030769
19070	19766	5	0.076923
19070	19391	2	0.030769
19071	19938	1	0.004310
19071	19173	1	0.004310
19071	19324	1	0.004310
19071	19981	1	0.004310
19071	19062	1	0.004310
19071	19708	1	0.004310
19075	19041	1	0.008929
19075	18817	1	0.008929
19075	19249	1	0.008929
19075	19766	1	0.008929
19075	19959	1	0.008929
19075	19864	115	1.026786
19075	19001	1	0.008929
19076	18817	6	0.011364
19076	19121	1	0.001894
19076	18890	3	0.005682
19076	18609	3	0.005682
19076	18771	9	0.017045
19076	19765	3	0.005682
19076	18872	2	0.003788
19077	18817	2	0.068966
19077	19765	1	0.034483
19080	19803	1	0.040000
19081	19991	6	0.018750
19083	19052	2	1.000000
19084	19803	1	0.019231
19086	19001	1	0.002096
19086	19514	2	0.004193
19086	18963	2	0.004193
19086	19765	1	0.002096
19087	18817	2	0.002055
19087	19095	1	0.001028
19087	18578	1	0.001028
19087	18967	1	0.001028
19087	19736	1	0.001028
19087	19362	1	0.001028
19087	18852	1	0.001028
19087	19270	1	0.001028
19087	18598	1	0.001028
19087	19880	1	0.001028
19087	19244	1	0.001028
19087	19765	2	0.002055
19087	18998	4	0.004111
19087	19001	1	0.001028
19087	19386	2	0.002055
19087	19643	2	0.002055
19087	19557	2	0.002055
19087	18550	1	0.001028
19087	18886	1	0.001028
19087	19399	1	0.001028
19087	18890	10	0.010277
19087	19147	1	0.001028
19087	19704	1	0.001028
19087	19683	1	0.001028
19087	18645	5	0.005139
19087	19928	1	0.001028
19087	18651	2	0.002055
19087	19899	2	0.002055
19087	19679	2	0.002055
19087	18619	1	0.001028
19087	19173	2	0.002055
19087	19174	2	0.002055
19087	18793	2	0.002055
19087	19695	1	0.001028
19087	19825	1	0.001028
19087	18674	5	0.005139
19087	19318	1	0.001028
19087	18680	4	0.004111
19087	19321	2	0.002055
19087	19707	1	0.001028
19087	19709	1	0.001028
19088	19165	2	0.666667
19089	19937	1	0.010101
19089	18890	4	0.040404
19089	18699	3	0.030303
19089	19173	1	0.010101
19090	19001	1	0.007299
19090	19299	1	0.007299
19090	19173	3	0.021898
19090	18817	1	0.007299
19091	19866	23	1.000000
19091	19211	23	1.000000
19092	19174	5	0.011547
19092	18598	1	0.002309
19092	18609	1	0.002309
19092	18611	83	0.191686
19092	19479	2	0.004619
19092	19579	82	0.189376
19093	19937	1	0.041667
19093	18609	1	0.041667
19094	18817	1	0.000082
19094	19908	6	0.000491
19094	19173	2	0.000164
19094	19953	1	0.000082
19094	19433	2	0.000164
19094	19095	2	0.000164
19094	19854	1	0.000082
19094	18991	1	0.000082
19094	19345	1	0.000082
19094	19378	1	0.000082
19094	19735	1	0.000082
19094	19641	1	0.000082
19094	19834	1	0.000082
19094	20028	1	0.000082
19095	18817	10	0.008826
19095	18722	3	0.002648
19095	19972	1	0.000883
19095	19173	3	0.002648
19095	18890	1	0.000883
19095	18736	2	0.001765
19095	19248	20	0.017652
19095	20015	1	0.000883
19095	18674	2	0.001765
19095	18965	2	0.001765
19095	19894	1	0.000883
19095	19001	8	0.007061
19095	19834	7	0.006178
19095	19679	2	0.001765
19095	18805	41	0.036187
19096	18849	2	0.004902
19096	19387	83	0.203431
19096	19174	4	0.009804
19096	19431	2	0.004902
19096	18637	2	0.004902
19096	19857	2	0.004902
19096	19363	4	0.009804
19096	19481	16	0.039216
19096	19803	2	0.004902
19098	19803	1	0.007937
19099	18817	1	0.166667
19100	19793	38	0.904762
19100	19765	1	0.023810
19104	19904	2	0.008000
19104	19695	2	0.008000
19104	18609	2	0.008000
19104	19991	1	0.004000
19104	19865	1	0.004000
19104	18970	1	0.004000
19104	19164	1	0.004000
19104	19679	1	0.004000
19106	19864	9	0.003157
19106	18736	2	0.000702
19106	19803	2	0.000702
19106	19955	15	0.005261
19106	18817	4	0.001403
19107	19144	3	0.020408
19107	18754	1	0.006803
19107	19735	6	0.040816
19108	18817	2	0.014706
19108	19362	3	0.022059
19108	19749	1	0.007353
19108	18913	1	0.007353
19108	19915	1	0.007353
19108	19248	1	0.007353
19108	18673	1	0.007353
19108	19803	5	0.036765
19109	18817	2	0.001287
19109	19173	1	0.000644
19109	19937	1	0.000644
19109	19821	1	0.000644
19109	19725	1	0.000644
19109	19803	1	0.000644
19109	18876	1	0.000644
19109	19045	1	0.000644
19110	19937	1	0.000837
19110	19052	11	0.009205
19111	18682	1	0.000876
19111	19803	2	0.001753
19112	19970	2	0.000575
19112	18664	4	0.001150
19112	19821	2	0.000575
19112	19318	2	0.000575
19112	19001	2	0.000575
19112	19321	3488	1.003164
19114	19284	2	0.016393
19115	18817	1	0.013333
19115	19937	1	0.013333
19115	18951	2	0.026667
19115	19765	1	0.013333
19115	19803	1	0.013333
19115	18876	55	0.733333
19118	19617	656	1.017054
19118	18970	1	0.001550
19118	20012	1	0.001550
19118	19165	1	0.001550
19118	19094	1	0.001550
19119	18817	31	0.039340
19119	20003	2	0.002538
19119	19041	2	0.002538
19119	18895	11	0.013959
19119	18736	1	0.001269
19119	19765	1	0.001269
19119	20033	1	0.001269
19119	19991	17	0.021574
19119	19001	8	0.010152
19119	19803	17	0.021574
19119	19631	85	0.107868
19119	19391	16	0.020305
19120	18617	2	0.007547
19120	19766	2	0.007547
19121	18609	26	0.029613
19121	19076	3	0.003417
19121	19937	2	0.002278
19122	19473	1	0.047619
19122	18578	1	0.047619
19123	19702	1	0.027027
19123	19244	1	0.027027
19123	19173	35	0.945946
19123	18598	3	0.081081
19123	19095	1	0.027027
19128	18817	1	0.010989
19129	19392	1	0.004292
19129	18817	103	0.442060
19129	19363	3	0.012876
19129	18598	1	0.004292
19129	19207	1	0.004292
19129	19765	1	0.004292
19129	19894	1	0.004292
19129	18872	1	0.004292
19129	19803	2	0.008584
19132	19766	7	0.250000
19134	19937	2	0.035714
19134	18890	6	0.107143
19134	19052	54	0.964286
19134	18999	2	0.035714
19137	18636	541	1.494475
19137	19111	3	0.008287
19138	18948	1	0.029412
19138	19925	4	0.117647
19142	18890	1	0.015385
19142	19803	1	0.015385
19142	18598	6	0.092308
19144	19937	1	0.100000
19144	19514	1	0.100000
19147	18626	2	0.009302
19147	19907	1	0.004651
19147	18886	2	0.009302
19147	19174	3	0.013953
19147	18998	4	0.018605
19147	19095	1	0.004651
19147	19087	1	0.004651
19147	19889	1	0.004651
19147	19709	1	0.004651
19147	19894	1	0.004651
19147	18967	4	0.018605
19147	19928	3	0.013953
19147	19641	3	0.013953
19147	19899	1	0.004651
19147	19997	1	0.004651
19149	18976	6	3.000000
19150	19679	2	1.000000
19151	19264	2	0.005952
19151	19392	3	0.008929
19151	18817	4	0.011905
19151	19631	20	0.059524
19151	19476	2	0.005952
19151	19318	1	0.002976
19151	19895	1	0.002976
19151	19001	2	0.005952
19151	19803	2	0.005952
19151	18748	3	0.008929
19151	19391	3	0.008929
19152	19904	1	0.009804
19152	18771	1	0.009804
19152	18983	1	0.009804
19153	18817	3	0.200000
19153	19679	15	1.000000
19156	18817	12	0.022222
19156	19525	8	0.014815
19156	18598	2	0.003704
19156	18664	5	0.009259
19156	19129	2	0.003704
19156	19321	4	0.007407
19156	18609	1	0.001852
19156	18674	2	0.003704
19156	18771	1	0.001852
19156	19765	2	0.003704
19156	19766	1	0.001852
19156	19991	4	0.007407
19156	19001	2	0.003704
19156	19803	7	0.012963
19156	19045	2	0.003704
19156	19173	1	0.001852
19158	19706	164	0.082082
19158	19173	1	0.000501
19158	19165	2	0.001001
19160	19937	1	0.021739
19160	18774	3	0.065217
19160	19206	1	0.021739
19160	18609	4	0.086957
19160	19528	2	0.043478
19160	18876	1	0.021739
19160	18890	1	0.021739
19160	19787	2	0.043478
19160	19180	3	0.065217
19160	19633	1	0.021739
19160	18867	1	0.021739
19160	18997	1	0.021739
19160	19766	2	0.043478
19160	19388	2	0.043478
19160	19103	5	0.108696
19162	18753	6	0.006719
19162	19970	1	0.001120
19162	19765	3	0.003359
19162	19001	2	0.002240
19162	19738	22	0.024636
19162	19806	1	0.001120
19163	19803	1	0.011765
19164	18817	2	0.005128
19164	19750	454	1.164103
19164	19991	2	0.005128
19164	18890	4	0.010256
19164	18967	2	0.005128
19164	19821	218	0.558974
19164	19695	4	0.010256
19164	19765	2	0.005128
19164	19865	4	0.010256
19164	19001	2	0.005128
19164	19514	1	0.002564
19164	19803	2	0.005128
19164	19087	4	0.010256
19164	19391	2	0.005128
19165	18817	1	0.000643
19165	19937	3	0.001929
19165	19803	2	0.001286
19165	19399	2	0.001286
19166	18817	17	1.545455
19166	18809	11	1.000000
19166	19679	11	1.000000
19168	18865	1	0.047619
19168	20039	6	0.285714
19169	18817	5	0.156250
19169	19173	10	0.312500
19169	19174	4	0.125000
19169	18753	1	0.031250
19169	18922	2	0.062500
19169	18859	1	0.031250
19169	19248	5	0.156250
19169	19889	1	0.031250
19169	18998	1	0.031250
19169	19226	2	0.062500
19169	19679	33	1.031250
19170	19514	8	1.600000
19170	19679	5	1.000000
19170	19399	5	1.000000
19171	18800	1	0.007194
19171	18558	1	0.007194
19172	18817	6	0.008559
19172	18609	3	0.004280
19172	19129	2	0.002853
19172	18775	2	0.002853
19172	19953	6	0.008559
19172	19991	8	0.011412
19172	19001	1	0.001427
19172	19803	2	0.002853
19172	19391	1	0.001427
19173	18817	165	0.270492
19173	19970	1	0.001639
19173	19475	2	0.003279
19173	18976	2	0.003279
19173	18598	27	0.044262
19173	19954	2	0.003279
19173	19248	2	0.003279
19173	19937	2	0.003279
19173	19765	7	0.011475
19173	18998	1	0.001639
19173	19129	1	0.001639
19173	19041	1	0.001639
19173	18890	2	0.003279
19173	18771	1	0.001639
19173	19001	6	0.009836
19173	19679	15	0.024590
19173	19169	33	0.054098
19173	19238	3	0.004918
19173	19174	2	0.003279
19173	19821	9	0.014754
19173	18674	1	0.001639
19173	18550	1	0.001639
19173	19709	4	0.006557
19174	18626	9	0.007544
19174	18660	2	0.001676
19174	18550	2	0.001676
19174	19624	3	0.002515
19174	18922	1	0.000838
19174	19436	1	0.000838
19174	18637	1	0.000838
19174	19248	1	0.000838
19174	18611	4	0.003353
19174	19092	4	0.003353
19174	19940	1	0.000838
19174	19766	5	0.004191
19174	19479	1	0.000838
19174	19316	1	0.000838
19174	19579	1	0.000838
19175	19779	1	0.062500
19175	19679	16	1.000000
19177	19679	13	1.000000
19178	18817	12	0.024948
19178	19779	3	0.006237
19178	19633	6	0.012474
19178	18890	12	0.024948
19178	19052	22	0.045738
19178	18609	3	0.006237
19178	19001	3	0.006237
19180	18944	9	0.010417
19180	18817	16	0.018519
19180	18755	2	0.002315
19180	18598	11	0.012731
19180	19528	2	0.002315
19180	18890	1	0.001157
19180	18895	2	0.002315
19180	18771	1	0.001157
19180	18997	3	0.003472
19180	19991	4	0.004630
19180	19001	2	0.002315
19180	19803	5	0.005787
19180	18876	2	0.002315
19180	19765	1	0.001157
19182	18817	2	0.005141
19182	19907	5	0.012853
19182	19173	1	0.002571
19182	19052	1	0.002571
19182	20019	3	0.007712
19182	19766	1	0.002571
19182	19803	2	0.005141
19182	18941	1	0.002571
19183	18817	14	0.037037
19183	18888	1	0.002646
19183	19937	1	0.002646
19183	18696	1	0.002646
19183	18609	7	0.018519
19183	19399	1	0.002646
19183	19052	15	0.039683
19183	18760	1	0.002646
19183	18550	1	0.002646
19183	19418	2	0.005291
19183	19803	1	0.002646
19186	19491	102	0.095416
19186	19173	1	0.000935
19186	18598	1	0.000935
19186	19165	3	0.002806
19189	18609	1	0.035714
19189	18738	22	0.785714
19189	19803	25	0.892857
19189	19174	1	0.035714
19190	19552	1	0.027027
19190	19265	1	0.027027
19190	19458	1	0.027027
19190	19939	1	0.027027
19190	19621	1	0.027027
19190	19814	1	0.027027
19190	19631	1	0.027027
19190	20003	1	0.027027
19190	18998	1	0.027027
19190	19290	3	0.081081
19190	19995	1	0.027027
19190	19452	1	0.027027
19190	19295	1	0.027027
19195	18817	5	0.833333
19195	19765	1	0.166667
19195	18598	1	0.166667
19195	19679	2	0.333333
19199	19173	12	1.000000
19199	19431	10	0.833333
19199	19096	12	1.000000
19199	19481	3	0.250000
19199	19226	5	0.416667
19199	19482	14	1.166667
19200	18817	1	0.014085
19200	18789	1	0.014085
19200	19937	1	0.014085
19200	18609	1	0.014085
19200	18770	2	0.028169
19200	19259	1	0.014085
19202	18913	8	0.022727
19202	19459	1	0.002841
19202	18628	1	0.002841
19202	19237	1	0.002841
19202	19563	9	0.025568
19202	19468	2	0.005682
19202	19598	1	0.002841
19202	19765	1	0.002841
19202	19927	5	0.014205
19202	19679	1	0.002841
19202	19292	6	0.017045
19202	18623	2	0.005682
19206	19363	1	0.005780
19206	19991	2	0.011561
19206	18774	2	0.011561
19206	18967	1	0.005780
19206	19160	1	0.005780
19206	19001	1	0.005780
19206	19103	2	0.011561
19206	19391	2	0.011561
19207	18991	1	0.023256
19207	18817	34	0.790698
19207	19391	1	0.023256
19207	18895	1	0.023256
19208	19318	1	0.083333
19210	19679	9	1.000000
19211	18890	153	0.962264
19211	19766	1	0.006289
19211	19045	6	0.037736
19211	18598	4	0.025157
19211	18895	2	0.012579
19212	18817	13	0.051587
19212	19970	2	0.007937
19212	19779	2	0.007937
19212	18660	2	0.007937
19212	19045	2	0.007937
19212	19686	2	0.007937
19212	19937	2	0.007937
19212	19959	2	0.007937
19212	19052	29	0.115079
19212	18598	6	0.023810
19212	19765	7	0.027778
19212	19095	4	0.015873
19212	18809	4	0.015873
19212	19803	7	0.027778
19212	19037	2	0.007937
19212	19679	7	0.027778
19216	19584	3	0.001591
19216	18817	22	0.011665
19216	18699	8	0.004242
19216	18960	1	0.000530
19216	19173	1	0.000530
19216	19476	24	0.012725
19216	19740	9	0.004772
19216	18589	2	0.001060
19216	19803	16	0.008484
19216	18858	3	0.001591
19216	19631	97	0.051432
19216	19248	4	0.002121
19216	18609	4	0.002121
19216	18867	4	0.002121
19216	19765	2	0.001060
19216	19894	4	0.002121
19216	19256	5	0.002651
19216	19643	36	0.019088
19216	20030	42	0.022269
19216	19779	8	0.004242
19216	19041	2	0.001060
19216	18890	12	0.006363
19216	19147	7	0.003712
19216	19151	38	0.020148
19216	19669	4	0.002121
19216	18895	4	0.002121
19216	19165	2	0.001060
19216	19679	8	0.004242
19216	19937	6	0.003181
19216	19045	6	0.003181
19216	19821	4	0.002121
19216	18928	1	0.000530
19216	19318	1	0.000530
19216	19959	4	0.002121
19216	19706	4	0.002121
19219	18790	2	1.000000
19221	18696	1	0.058824
19221	18609	2	0.117647
19221	19284	1	0.058824
19221	19694	1	0.058824
19221	18550	1	0.058824
19224	18817	6	0.007126
19224	19363	36	0.042755
19224	18660	4	0.004751
19224	19045	16	0.019002
19224	20007	5	0.005938
19224	18771	2	0.002375
19224	19409	2	0.002375
19224	19443	6	0.007126
19224	18997	6	0.007126
19224	18966	12	0.014252
19224	19991	12	0.014252
19224	19514	8	0.009501
19224	19803	2	0.002375
19226	18922	1	0.000858
19226	18626	1	0.000858
19226	19803	1	0.000858
19226	19173	1	0.000858
19226	18817	1	0.000858
19226	20042	2	0.001717
19226	19087	1	0.000858
19226	18998	2	0.001717
19226	19001	2	0.001717
19226	19386	1	0.000858
19226	19003	3	0.002575
19226	18890	3	0.002575
19226	19850	1	0.000858
19228	19803	11	0.014512
19229	19670	3	0.011538
19229	19041	8	0.030769
19229	19363	20	0.076923
19229	19045	20	0.076923
19229	18944	1	0.003846
19229	18664	2	0.007692
19229	19321	1	0.003846
19229	19765	1	0.003846
19229	18550	4	0.015385
19229	19991	2	0.007692
19229	19001	6	0.023077
19229	19803	5	0.019231
19229	19391	3	0.011538
19230	19993	107	1.019048
19230	18722	2	0.019048
19230	19473	1	0.009524
19231	19392	1	0.000324
19231	18817	3	0.000971
19231	19394	10	0.003237
19231	19907	5	0.001619
19231	18598	1	0.000324
19231	19238	32	0.010359
19231	18753	1	0.000324
19231	19991	3	0.000971
19231	19559	23	0.007446
19231	18722	2	0.000647
19231	18609	2	0.000647
19231	19766	2	0.000647
19231	19041	4	0.001295
19231	19738	1	0.000324
19231	19803	1	0.000324
19231	19806	1	0.000324
19232	19937	1	0.009709
19232	18913	1	0.009709
19232	19554	1	0.009709
19232	18724	1	0.009709
19232	18998	2	0.019417
19232	18598	2	0.019417
19232	19359	1	0.009709
19232	18568	1	0.009709
19232	19821	2	0.019417
19232	19293	1	0.009709
19232	18817	1	0.009709
19232	18609	2	0.019417
19232	18771	2	0.019417
19232	19318	2	0.019417
19232	19706	1	0.009709
19232	19803	3	0.029126
19232	19165	2	0.019417
19232	19327	1	0.009709
19234	19094	1	0.033333
19236	19052	19	1.117647
19236	18550	1	0.058824
19236	19399	1	0.058824
19237	18817	1	0.004464
19237	19906	1	0.004464
19237	19355	1	0.004464
19237	19270	1	0.004464
19237	18951	2	0.008929
19237	19991	3	0.013393
19237	19593	1	0.004464
19237	20033	1	0.004464
19237	19468	1	0.004464
19237	19970	1	0.004464
19237	19886	1	0.004464
19237	19821	1	0.004464
19237	18674	1	0.004464
19237	19478	1	0.004464
19237	19927	1	0.004464
19237	19003	1	0.004464
19237	18623	1	0.004464
19238	19394	1	0.001845
19238	19559	2	0.003690
19238	19173	7	0.012915
19238	19765	3	0.005535
19239	18890	1	0.003344
19239	19594	1	0.003344
19239	19173	1	0.003344
19239	19805	1	0.003344
19239	18925	1	0.003344
19242	19619	2	0.001468
19242	19173	3	0.002203
19242	18598	4	0.002937
19242	19087	2	0.001468
19242	18578	2	0.001468
19242	19683	3	0.002203
19242	19094	2	0.001468
19242	19928	2	0.001468
19242	19001	4	0.002937
19242	18746	4	0.002937
19242	19803	6	0.004405
19242	19709	2	0.001468
19244	19872	1	0.000668
19244	19946	1	0.000668
19244	19937	1	0.000668
19244	18696	1	0.000668
19244	18922	1	0.000668
19244	19726	2	0.001336
19244	19248	2	0.001336
19244	18998	6	0.004008
19244	19095	1	0.000668
19244	19641	4	0.002672
19244	19709	1	0.000668
19244	19679	1	0.000668
19245	18817	46	1.210526
19245	19679	38	1.000000
19245	18895	150	3.947368
19247	19803	1	0.090909
19248	18817	10	0.121951
19248	19683	1	0.012195
19248	19173	3	0.036585
19248	18598	1	0.012195
19248	19624	2	0.024390
19248	19946	6	0.073171
19248	19095	2	0.024390
19248	19641	2	0.024390
19248	19386	3	0.036585
19248	19174	6	0.073171
19248	19907	2	0.024390
19248	18965	3	0.036585
19248	18998	1	0.012195
19248	18967	5	0.060976
19248	19928	3	0.036585
19248	18922	2	0.024390
19248	19226	1	0.012195
19248	18886	3	0.036585
19248	19709	33	0.402439
19248	19695	3	0.036585
19252	19052	50	1.063830
19256	19265	1	0.009434
19256	19803	1	0.009434
19256	19643	1	0.009434
19256	19399	1	0.009434
19258	19712	3	0.000654
19258	18890	1	0.000218
19258	19173	1	0.000218
19258	18598	5	0.001090
19258	18618	1	0.000218
19259	19045	2	0.002134
19259	18598	1	0.001067
19259	18761	5	0.005336
19259	19853	1	0.001067
19259	19056	13	0.013874
19259	18770	1	0.001067
19259	19766	2	0.002134
19259	19736	3	0.003202
19259	19001	9	0.009605
19259	18550	1	0.001067
19260	19904	966	0.676945
19260	18817	2	0.001402
19260	19906	2	0.001402
19260	19172	2	0.001402
19260	19045	1	0.000701
19260	18598	1	0.000701
19260	19392	2	0.001402
19260	19821	4	0.002803
19260	19630	3	0.002102
19260	18895	2	0.001402
19260	19953	953	0.667835
19260	19991	3	0.002102
19260	19001	2	0.001402
19260	19706	6	0.004205
19260	19391	1	0.000701
19261	19937	1	0.000771
19261	18914	1	0.000771
19261	18999	1	0.000771
19261	19052	20	0.015420
19261	19041	1	0.000771
19264	19392	1	0.002967
19264	18817	3	0.008902
19264	19766	2	0.005935
19264	20033	1	0.002967
19264	18609	1	0.002967
19264	19991	1	0.002967
19264	18733	1	0.002967
19264	19631	12	0.035608
19264	18929	1	0.002967
19264	19765	1	0.002967
19264	19478	1	0.002967
19264	19895	1	0.002967
19264	19962	1	0.002967
19264	18748	1	0.002967
19264	19045	1	0.002967
19264	19391	3	0.008902
19265	19584	3	0.046154
19265	18721	5	0.076923
19265	19631	4	0.061538
19265	19633	1	0.015385
19265	19765	2	0.030769
19265	19643	2	0.030769
19266	19186	156	0.188862
19266	19491	57	0.069007
19266	19173	1	0.001211
19266	18598	1	0.001211
19267	19292	2	0.006993
19267	18628	1	0.003497
19268	19872	1	0.005405
19268	19803	1	0.005405
19268	19045	1	0.005405
19268	18609	1	0.005405
19268	18937	3	0.016216
19268	19386	5	0.027027
19268	19903	1	0.005405
19268	19679	4	0.021622
19270	18817	6	0.006054
19270	19095	11	0.011100
19270	19598	2	0.002018
19270	19087	12	0.012109
19270	18967	7	0.007064
19270	19997	1	0.001009
19270	18598	5	0.005045
19270	18609	1	0.001009
19270	19889	2	0.002018
19270	19001	1	0.001009
19270	19899	1	0.001009
19270	19904	1	0.001009
19270	19907	1	0.001009
19270	18886	4	0.004036
19270	19409	1	0.001009
19270	19641	11	0.011100
19270	19928	5	0.005045
19270	19946	1	0.001009
19270	19173	1	0.001009
19270	19174	6	0.006054
19270	19815	2	0.002018
19270	18922	2	0.002018
19270	19316	1	0.001009
19270	19959	1	0.001009
19270	19709	6	0.006054
19271	18945	2	0.008811
19271	19766	2	0.008811
19271	19430	2	0.008811
19271	19399	2	0.008811
19271	18604	4	0.017621
19271	19821	2	0.008811
19271	18609	2	0.008811
19271	19937	2	0.008811
19271	19765	2	0.008811
19271	18998	2	0.008811
19271	19001	2	0.008811
19271	18907	2	0.008811
19271	19710	2	0.008811
19272	19173	4	0.010309
19272	18598	1	0.002577
19272	18953	36474	94.005155
19272	19001	1	0.002577
19272	19386	6	0.015464
19272	19803	10	0.025773
19273	18890	1	0.003344
19273	19594	1	0.003344
19273	19173	1	0.003344
19273	19805	1	0.003344
19273	18925	1	0.003344
19276	18870	1	0.029412
19281	19083	1	0.055556
19281	18709	1	0.055556
19281	18543	1	0.055556
19281	19228	1	0.055556
19281	19110	1	0.055556
19281	19889	2	0.111111
19281	18972	1	0.055556
19281	19374	1	0.055556
19281	19121	1	0.055556
19281	19387	1	0.055556
19281	19900	1	0.055556
19281	19261	1	0.055556
19281	19134	1	0.055556
19281	18598	1	0.055556
19281	18752	1	0.055556
19281	18784	1	0.055556
19281	19399	1	0.055556
19281	19277	1	0.055556
19281	19040	1	0.055556
19281	18917	1	0.055556
19281	19689	1	0.055556
19281	19178	1	0.055556
19281	18941	1	0.055556
19281	19644	1	0.055556
19281	19325	1	0.055556
19284	18609	1	0.011236
19284	18895	1	0.011236
19284	19726	2	0.022472
19284	19391	1	0.011236
19286	19312	63	0.954545
19286	19658	63	0.954545
19286	19404	1	0.015152
19286	19991	1	0.015152
19287	19904	1	0.024390
19287	19465	1	0.024390
19287	19658	1	0.024390
19287	18578	1	0.024390
19287	18890	1	0.024390
19287	19706	1	0.024390
19287	19165	1	0.024390
19287	19679	1	0.024390
19288	19064	2	0.006024
19288	19041	1	0.003012
19288	19959	1	0.003012
19288	19173	2	0.006024
19288	19399	1	0.003012
19289	19937	1	0.033333
19289	18754	1	0.033333
19289	18550	1	0.033333
19289	18817	1	0.033333
19289	19433	1	0.033333
19289	18609	1	0.033333
19289	19318	1	0.033333
19289	19803	1	0.033333
19289	20028	2	0.066667
19290	20020	2	0.005208
19290	18964	17	0.044271
19290	19005	1	0.002604
19290	19894	1	0.002604
19290	18609	3	0.007812
19291	18817	14	0.022329
19291	19850	1	0.001595
19291	19991	1	0.001595
19291	19362	1	0.001595
19291	18598	2	0.003190
19291	18731	2	0.003190
19291	19631	2	0.003190
19291	18867	4	0.006380
19291	19765	1	0.001595
19291	19894	11	0.017544
19291	19001	1	0.001595
19291	18874	1	0.001595
19291	19643	1	0.001595
19291	19005	1	0.001595
19291	19906	1	0.001595
19291	19270	4	0.006380
19291	19939	1	0.001595
19291	19803	2	0.003190
19291	18655	3	0.004785
19291	19041	4	0.006380
19291	18619	2	0.003190
19291	18660	1	0.001595
19291	19827	1	0.001595
19291	19321	1	0.001595
19292	18817	22	0.007355
19292	19202	1	0.000334
19292	19468	1	0.000334
19292	19598	2	0.000669
19292	19991	9	0.003009
19292	18969	5	0.001672
19292	19355	1	0.000334
19292	18598	6	0.002006
19292	19886	2	0.000669
19292	18609	20	0.006687
19292	18867	14	0.004681
19292	19765	1	0.000334
19292	19766	7	0.002340
19292	18623	4	0.001337
19292	19904	1	0.000334
19292	19779	1	0.000334
19292	18628	38	0.012705
19292	19894	9	0.003009
19292	19270	19	0.006352
19292	19937	4	0.001337
19292	18895	1	0.000334
19292	19410	3	0.001003
19292	19414	1	0.000334
19292	19927	1	0.000334
19292	19812	1	0.000334
19292	19803	10	0.003343
19292	19165	4	0.001337
19292	19166	3	0.001003
19292	19045	1	0.000334
19292	18913	2	0.000669
19292	18658	2	0.000669
19292	19683	6	0.002006
19292	18660	9	0.003009
19292	19173	1	0.000334
19292	19821	6	0.002006
19292	19706	2	0.000669
19293	18817	33	0.004475
19293	18565	2	0.000271
19293	19683	1	0.000136
19293	19725	1	0.000136
19293	19087	1	0.000136
19293	18578	1	0.000136
19293	19991	8	0.001085
19293	19318	1	0.000136
19293	19746	3	0.000407
19293	18598	11	0.001492
19293	18998	1	0.000136
19293	19631	2	0.000271
19293	18736	1	0.000136
19293	18609	12	0.001627
19293	19765	8	0.001085
19293	19894	7	0.000949
19293	19383	1	0.000136
19293	19001	1	0.000136
19293	19899	1	0.000136
19293	19391	7	0.000949
19293	19653	1	0.000136
19293	18886	3	0.000407
19293	19399	1	0.000136
19293	18722	4	0.000542
19293	18771	4	0.000542
19293	19928	1	0.000136
19293	19803	18	0.002441
19293	19165	42	0.005695
19293	19166	1	0.000136
19293	19679	4	0.000542
19293	19643	2	0.000271
19293	19940	1	0.000136
19293	19173	2	0.000271
19293	19821	1	0.000136
19293	19316	1	0.000136
19293	19446	4	0.000542
19293	19959	2	0.000271
19293	19576	1	0.000136
19293	19706	54	0.007322
19293	19195	3	0.000407
19293	19045	6	0.000814
19295	18817	16	0.111111
19295	19631	1	0.006944
19295	18661	6	0.041667
19295	19785	1	0.006944
19295	19679	1	0.006944
19296	18634	105	0.541237
19296	19821	2	0.010309
19298	18817	1	0.003300
19298	19803	1	0.003300
19298	19173	2	0.006601
19298	18790	2	0.006601
19298	19785	1	0.003300
19298	19631	1	0.003300
19298	19219	1	0.003300
19298	18550	1	0.003300
19298	18967	1	0.003300
19298	19643	2	0.006601
19298	19132	2	0.006601
19298	19165	1	0.003300
19299	18817	2	0.006061
19299	18609	2	0.006061
19299	19380	3	0.009091
19299	19765	4	0.012121
19299	19766	2	0.006061
19299	19956	1	0.003030
19299	19803	2	0.006061
19301	19937	1	0.003378
19301	19738	22	0.074324
19301	18820	26	0.087838
19302	18817	1	0.002924
19302	18660	2	0.005848
19302	18609	2	0.005848
19302	19766	8	0.023392
19302	19001	26	0.076023
19302	19803	13	0.038012
19303	19679	2	1.000000
19303	18998	2	1.000000
19303	19959	2	1.000000
19304	19052	1	0.013333
19304	19431	1	0.013333
19305	19174	1	0.001603
19305	19431	1	0.001603
19306	18598	6	0.005396
19307	19165	1	0.007246
19307	19173	1	0.007246
19308	18848	4	0.072727
19308	18870	1	0.018182
19308	18991	1	0.018182
19313	18609	1	0.041667
19313	19803	5	0.208333
19313	19436	1	0.041667
19313	19070	1	0.041667
19314	18598	3	0.019108
19314	18793	3	0.019108
19314	19087	2	0.012739
19314	18771	1	0.006369
19314	18680	2	0.012739
19314	19001	1	0.006369
19315	19889	1	0.012987
19315	19907	1	0.012987
19315	19899	1	0.012987
19315	19174	1	0.012987
19315	19087	1	0.012987
19316	18817	47	1.093023
19316	18660	38	0.883721
19316	18598	4	0.093023
19316	18867	13	0.302326
19316	19959	40	0.930233
19316	19803	1	0.023256
19316	19391	3	0.069767
19318	19840	1	0.000072
19318	18951	13918	1.000000
19318	18700	2	0.000144
19318	18965	1	0.000072
19318	19735	1	0.000072
19318	19480	1	0.000072
19318	19362	6	0.000431
19318	19364	1	0.000072
19318	18598	1	0.000072
19318	19370	1	0.000072
19318	19889	3	0.000216
19318	19637	1	0.000072
19318	18999	1	0.000072
19318	19514	1	0.000072
19318	19259	2	0.000144
19318	19903	1	0.000072
19318	18753	2	0.000144
19318	19010	1	0.000072
19318	19907	2	0.000144
19318	19399	6	0.000431
19318	19895	1	0.000072
19318	19162	1	0.000072
19318	19164	3	0.000216
19318	19041	1	0.000072
19318	19003	1	0.000072
19318	19044	1	0.000072
19318	19174	3	0.000216
19318	19433	1	0.000072
19318	19178	1	0.000072
19318	19953	1	0.000072
19318	19699	1	0.000072
19318	18550	1	0.000072
19321	19169	2	0.002283
19321	19894	1	0.001142
19321	18598	1	0.001142
19321	18817	2	0.002283
19321	18664	14	0.015982
19321	19129	1	0.001142
19321	18890	1	0.001142
19321	19095	2	0.002283
19321	19248	1	0.001142
19321	18998	4	0.004566
19321	18809	2	0.002283
19321	19001	1	0.001142
19321	19041	1	0.001142
19321	19166	2	0.002283
19321	19679	2	0.002283
19324	18817	4	0.004020
19324	18951	2	0.002010
19324	19594	44	0.044221
19324	18967	1	0.001005
19324	18997	1	0.001005
19324	19087	1	0.001005
19324	18578	1	0.001005
19324	19991	7	0.007035
19324	18959	1	0.001005
19324	19100	1	0.001005
19324	19806	2	0.002010
19324	18874	4	0.004020
19324	19362	1	0.001005
19324	19363	3	0.003015
19324	19270	1	0.001005
19324	19239	4	0.004020
19324	19118	1	0.001005
19324	19631	1	0.001005
19324	18867	1	0.001005
19324	19765	5	0.005025
19324	19129	4	0.004020
19324	20026	1	0.001005
19324	19643	1	0.001005
19324	18876	4	0.004020
19324	19391	4	0.004020
19324	19904	2	0.002010
19324	18886	1	0.001005
19324	19528	1	0.001005
19324	19273	1	0.001005
19324	18763	1	0.001005
19324	18771	1	0.001005
19324	18772	1	0.001005
19324	19001	5	0.005025
19324	19928	1	0.001005
19324	19803	2	0.002010
19324	19899	1	0.001005
19324	19166	2	0.002010
19324	19683	1	0.001005
19324	18664	1	0.001005
19324	19821	3	0.003015
19324	19695	6	0.006030
19324	18674	1	0.001005
19324	19699	3	0.003015
19324	19316	1	0.001005
19324	18809	1	0.001005
19324	19071	2	0.002010
19325	19937	1	0.000760
19325	19052	27	0.020532
19326	19937	1	0.001019
19328	19584	1	0.003891
19328	18817	6	0.023346
19328	19362	1	0.003891
19328	19587	3	0.011673
19328	19937	1	0.003891
19328	18736	1	0.003891
19328	19766	1	0.003891
19328	18975	2	0.007782
19329	18817	1	0.005988
19329	19386	3	0.017964
19329	19803	1	0.005988
19329	19877	185	1.107784
19330	19264	4	2.000000
19332	18561	3	0.023077
19332	19363	4	0.030769
19332	19045	1	0.007692
19332	18951	14	0.107692
19332	19991	2	0.015385
19332	19001	1	0.007692
19332	19803	1	0.007692
19332	18876	3	0.023077
19333	18838	3	0.004005
19333	19924	3	0.004005
19333	18965	9	0.012016
19333	19318	3	0.004005
19333	19001	18	0.024032
19333	18725	3	0.004005
19334	18817	2	0.005155
19334	18722	742	1.912371
19334	19363	5	0.012887
19334	19173	7	0.018041
19334	19399	3	0.007732
19334	18890	10	0.025773
19334	19821	2	0.005155
19334	19766	5	0.012887
19334	19414	1	0.002577
19335	19937	2	0.003431
19335	18598	1	0.001715
19335	19019	2	0.003431
19335	19052	44	0.075472
19335	19053	1	0.001715
19335	18609	1	0.001715
19335	19765	1	0.001715
19335	19959	1	0.001715
19335	19803	3	0.005146
19336	19907	10	0.232558
19339	19904	1	0.000669
19339	18565	3	0.002007
19339	19273	3	0.002007
19339	19991	8	0.005351
19339	19695	3	0.002007
19339	19894	3	0.002007
19339	19001	5	0.003344
19339	19865	2	0.001338
19339	19706	1	0.000669
19339	19803	4	0.002676
19339	19805	945	0.632107
19339	19391	16	0.010702
19340	19937	1	0.009524
19340	18916	4	0.038095
19340	19399	1	0.009524
19340	19118	1	0.009524
19340	18772	1	0.009524
19340	20026	2	0.019048
19340	19421	1	0.009524
19341	18680	1	0.000739
19341	18817	1	0.000739
19341	19001	1	0.000739
19341	19169	1	0.000739
19342	18741	2	0.008333
19343	19790	153	2.886792
19343	19095	1	0.018868
19344	18674	5	0.047619
19345	19392	1	0.005076
19345	18817	1	0.005076
19345	18754	4	0.020305
19345	19363	1	0.005076
19345	18948	18	0.091371
19345	18629	1	0.005076
19345	20033	1	0.005076
19345	18923	3	0.015228
19345	19436	2	0.010152
19345	19726	1	0.005076
19345	18991	4	0.020305
19345	19925	12	0.060914
19345	19318	1	0.005076
19345	19991	2	0.010152
19345	19803	1	0.005076
19345	19003	1	0.005076
19346	19803	2	0.200000
19349	18817	1	0.001818
19349	19173	1	0.001818
19349	19112	1	0.001818
19349	19658	1	0.001818
19349	18664	1	0.001818
19349	19732	538	0.978182
19349	19765	1	0.001818
19349	19321	4	0.007273
19350	18817	15	1.875000
19350	19746	3	0.375000
19350	18598	2	0.250000
19350	19446	3	0.375000
19350	19001	16	2.000000
19350	19679	10	1.250000
19351	19751	5	0.074627
19351	19589	5	0.074627
19351	18694	5	0.074627
19351	19847	5	0.074627
19351	19083	5	0.074627
19351	18579	5	0.074627
19351	19606	5	0.074627
19351	19223	5	0.074627
19351	19353	5	0.074627
19351	18543	5	0.074627
19351	18972	5	0.074627
19351	18846	5	0.074627
19351	19488	5	0.074627
19351	18978	5	0.074627
19351	18980	5	0.074627
19351	19109	5	0.074627
19351	19110	5	0.074627
19351	19121	5	0.074627
19351	19113	5	0.074627
19351	18732	1	0.014925
19351	19698	5	0.074627
19351	18632	5	0.074627
19351	19325	5	0.074627
19351	19387	5	0.074627
19351	19900	5	0.074627
19351	19261	5	0.074627
19351	18752	5	0.074627
19351	19780	5	0.074627
19351	18885	5	0.074627
19351	18759	5	0.074627
19351	18888	5	0.074627
19351	19530	5	0.074627
19351	20043	5	0.074627
19351	19228	5	0.074627
19351	19923	5	0.074627
19351	18906	5	0.074627
19351	19037	5	0.074627
19351	19040	5	0.074627
19351	19937	34	0.507463
19351	19554	5	0.074627
19351	18787	5	0.074627
19351	18917	5	0.074627
19351	19689	5	0.074627
19351	19178	5	0.074627
19351	20006	5	0.074627
19351	19183	5	0.074627
19351	19441	5	0.074627
19351	18930	5	0.074627
19351	18806	5	0.074627
19351	19578	5	0.074627
19351	19580	5	0.074627
19351	18941	5	0.074627
19351	19326	5	0.074627
19352	19328	1	0.000725
19352	18817	2	0.001449
19352	19173	2	0.001449
19352	18598	10	0.007246
19352	18665	2	0.001449
19352	18547	1	0.000725
19352	19165	1	0.000725
19352	19614	1	0.000725
19352	18943	3	0.002174
19355	19468	1	0.111111
19355	19237	1	0.111111
19357	18817	1	0.000839
19357	20003	2	0.001678
19357	18598	14	0.011745
19357	19814	2	0.001678
19357	19265	8	0.006711
19357	18890	1	0.000839
19357	19837	2	0.001678
19357	19173	2	0.001678
19359	19904	1	0.022222
19359	19937	3	0.066667
19359	18818	1	0.022222
19359	19803	1	0.022222
19359	19173	3	0.066667
19359	18967	1	0.022222
19359	19821	1	0.022222
19359	19727	1	0.022222
19359	18609	1	0.022222
19359	18867	1	0.022222
19359	19316	1	0.022222
19359	19042	1	0.022222
19359	19894	1	0.022222
19359	19449	4	0.088889
19359	19001	3	0.066667
19359	19706	2	0.044444
19359	18959	1	0.022222
19359	19383	2	0.044444
19362	19709	10	0.004263
19362	19937	1	0.000426
19362	19587	1	0.000426
19362	19173	5	0.002131
19362	18598	2	0.000853
19362	19894	12	0.005115
19362	18886	45	0.019182
19362	18793	4	0.001705
19362	18967	11	0.004689
19362	19095	8	0.003410
19362	19087	17	0.007246
19362	18817	1	0.000426
19362	19174	12	0.005115
19362	18578	2	0.000853
19362	18771	1	0.000426
19362	18998	1	0.000426
19362	19991	1	0.000426
19362	19928	65	0.027707
19362	19641	14	0.005968
19362	19803	2	0.000853
19362	19997	2	0.000853
19363	19129	15	0.238095
19363	18805	12	0.190476
19363	18817	2	0.031746
19364	19937	2	0.021505
19364	19322	1	0.010753
19364	18571	1	0.010753
19368	18976	8	4.000000
19369	18976	12	6.000000
19370	19960	245	1.038136
19370	19041	1	0.004237
19370	18660	1	0.004237
19374	18609	1	0.100000
19374	19001	1	0.100000
19376	18817	2	0.048780
19376	19930	41	1.000000
19376	18660	1	0.024390
19376	19284	1	0.024390
19376	19765	3	0.073171
19378	18958	640	0.995334
19378	18895	1	0.001555
19378	19001	648	1.007776
19378	18874	3	0.004666
19378	19803	1	0.001555
19378	19391	2	0.003110
19380	19299	1	0.003436
19380	19911	2	0.006873
19380	19765	1	0.003436
19380	19318	1	0.003436
19380	18654	2	0.006873
19380	19519	2	0.006873
19381	19528	1	0.016129
19381	18817	3	0.048387
19381	19803	2	0.032258
19381	19950	1	0.016129
19381	18609	1	0.016129
19382	18817	3	0.001975
19382	19766	13	0.008558
19382	19940	1	0.000658
19382	19173	1	0.000658
19382	18598	3	0.001975
19382	20016	8	0.005267
19382	19823	1	0.000658
19382	18736	1	0.000658
19382	19765	2	0.001317
19382	19318	2	0.001317
19382	19383	1	0.000658
19382	19709	52	0.034233
19382	19679	2	0.001317
19383	19765	4	0.024540
19385	19173	12	0.400000
19386	18922	3	0.005825
19386	18817	1	0.001942
19386	18793	1	0.001942
19386	19946	1	0.001942
19386	19248	1	0.001942
19386	18890	1	0.001942
19387	18550	3	0.002301
19387	19174	3	0.002301
19387	19857	3	0.002301
19387	19016	3	0.002301
19387	19052	15	0.011503
19387	19821	3	0.002301
19387	18609	8	0.006135
19387	19189	3	0.002301
19387	19318	6	0.004601
19387	19481	9	0.006902
19387	18906	3	0.002301
19387	19803	10	0.007669
19387	19391	3	0.002301
19387	19679	3	0.002301
19388	19165	126	63.000000
19389	18598	2	0.024691
19391	18817	79	0.281139
19391	19318	8	0.028470
19391	19894	2	0.007117
19391	18895	6	0.021352
19391	18736	281	1.000000
19391	18609	2	0.007117
19391	18674	2	0.007117
19391	19514	1	0.003559
19391	19153	1	0.003559
19391	19706	2	0.007117
19391	19991	7	0.024911
19391	19001	3	0.010676
19391	18874	87	0.309609
19391	19803	9	0.032028
19391	19516	2	0.007117
19391	19293	1	0.003559
19392	18817	235	0.081768
19392	19842	1	0.000348
19392	19075	3	0.001044
19392	19593	1	0.000348
19392	18690	1	0.000348
19392	18958	1	0.000348
19392	18705	1	0.000348
19392	19480	1	0.000348
19392	19994	3	0.001044
19392	18722	1	0.000348
19392	19931	1	0.000348
19392	18598	3	0.001044
19392	18602	3	0.001044
19392	18917	1	0.000348
19392	18736	1	0.000348
19392	19378	1	0.000348
19392	19765	10	0.003479
19392	19766	2	0.000696
19392	19383	2	0.000696
19392	18872	2	0.000696
19392	19129	1	0.000348
19392	19514	1	0.000348
19392	19382	1	0.000348
19392	19134	1	0.000348
19392	19391	1	0.000348
19392	18882	1	0.000348
19392	19779	2	0.000696
19392	18629	2	0.000696
19392	19142	3	0.001044
19392	18890	10	0.003479
19392	18742	1	0.000348
19392	19406	2	0.000696
19392	19960	3	0.001044
19392	19803	5	0.001740
19392	18780	1	0.000348
19392	19679	4	0.001392
19392	19940	1	0.000348
19392	19173	1	0.000348
19392	19686	1	0.000348
19392	19433	1	0.000348
19392	19436	1	0.000348
19392	19823	1	0.000348
19392	19313	1	0.000348
19392	18933	2	0.000696
19392	19318	2	0.000696
19392	19959	8	0.002784
19392	18808	1	0.000348
19392	18937	1	0.000348
19392	19322	1	0.000348
19394	18998	2	0.002567
19394	19238	4	0.005135
19394	19559	2	0.002567
19394	18609	2	0.002567
19394	19766	4	0.005135
19394	19803	3	0.003851
19396	18817	112	2.036364
19396	19665	1	0.018182
19396	19894	1	0.018182
19396	19041	2	0.036364
19396	19679	55	1.000000
19397	18664	3	0.020134
19397	19321	6	0.040268
19397	19165	3	0.020134
19399	18808	1	0.002315
19399	18817	1	0.002315
19399	19631	1	0.002315
19400	19301	1126	23.957447
19401	19173	15	0.057915
19402	18896	4	0.285714
19406	18817	7	0.259259
19406	19803	3	0.111111
19406	19445	1	0.037037
19406	19766	1	0.037037
19406	18609	1	0.037037
19409	19585	2	0.006536
19409	18731	2	0.006536
19409	18817	3	0.009804
19409	19679	310	1.013072
19409	18575	2	0.006536
19409	18964	2	0.006536
19409	18849	2	0.006536
19409	18598	308	1.006536
19409	18567	2	0.006536
19409	19885	2	0.006536
19409	18990	2	0.006536
19409	19504	2	0.006536
19409	19765	3	0.009804
19409	19001	4	0.013072
19409	19514	1	0.003268
19409	19003	2	0.006536
19409	18622	1	0.003268
19409	18753	1	0.003268
19409	19911	2	0.006536
19409	19259	2	0.006536
19409	19019	2	0.006536
19409	18764	2	0.006536
19409	18770	2	0.006536
19409	19641	4	0.013072
19409	19806	2	0.006536
19409	18789	2	0.006536
19409	19682	2	0.006536
19409	18619	2	0.006536
19409	19557	2	0.006536
19409	19431	3	0.009804
19409	19950	2	0.006536
19409	18551	1	0.003268
19409	18938	2	0.006536
19409	19707	3	0.009804
19409	19709	1	0.003268
19410	18817	7	0.200000
19410	18867	24	0.685714
19410	18660	16	0.457143
19410	19821	1	0.028571
19411	18817	8	0.056738
19411	19821	3	0.021277
19411	18895	3	0.021277
19411	19633	1	0.007092
19411	19959	4	0.028369
19411	19803	6	0.042553
19411	19165	3	0.021277
19411	19695	1	0.007092
19414	19475	1	0.001381
19414	19683	4	0.005525
19414	19988	2	0.002762
19414	19173	1	0.001381
19414	19766	20	0.027624
19415	18817	1	0.006410
19417	18817	3	0.037500
19417	20019	2	0.025000
19417	18872	1	0.012500
19417	19001	1	0.012500
19417	19803	1	0.012500
19417	19166	1	0.012500
19418	19751	5	0.074627
19418	19589	5	0.074627
19418	18694	5	0.074627
19418	19847	5	0.074627
19418	19083	5	0.074627
19418	18579	5	0.074627
19418	19606	5	0.074627
19418	19223	5	0.074627
19418	19353	5	0.074627
19418	18543	5	0.074627
19418	18972	5	0.074627
19418	18846	5	0.074627
19418	19488	5	0.074627
19418	18978	5	0.074627
19418	18980	5	0.074627
19418	19109	5	0.074627
19418	19110	5	0.074627
19418	19121	5	0.074627
19418	19113	5	0.074627
19418	18732	1	0.014925
19418	19698	5	0.074627
19418	18632	5	0.074627
19418	19325	5	0.074627
19418	19387	5	0.074627
19418	19900	5	0.074627
19418	19261	5	0.074627
19418	18752	5	0.074627
19418	19780	5	0.074627
19418	18885	5	0.074627
19418	18759	5	0.074627
19418	18888	5	0.074627
19418	19530	5	0.074627
19418	20043	5	0.074627
19418	19228	5	0.074627
19418	19923	5	0.074627
19418	18906	5	0.074627
19418	19037	5	0.074627
19418	19040	5	0.074627
19418	19937	34	0.507463
19418	19554	5	0.074627
19418	18787	5	0.074627
19418	18917	5	0.074627
19418	19689	5	0.074627
19418	19178	5	0.074627
19418	20006	5	0.074627
19418	19183	5	0.074627
19418	19441	5	0.074627
19418	18930	5	0.074627
19418	18806	5	0.074627
19418	19578	5	0.074627
19418	19580	5	0.074627
19418	18941	5	0.074627
19418	19326	5	0.074627
19419	18817	1	0.071429
19419	19001	1	0.071429
19419	19765	1	0.071429
19419	19679	14	1.000000
19420	18912	4	0.059701
19420	19683	1	0.014925
19420	20042	1	0.014925
19420	18797	1	0.014925
19420	19706	1	0.014925
19420	19165	2	0.029851
19422	18817	1	0.005556
19422	18609	3	0.016667
19422	19803	3	0.016667
19422	19937	4	0.022222
19423	19766	2	0.200000
19427	18817	1	0.013699
19427	19937	2	0.027397
19427	19092	6	0.082192
19427	19052	1	0.013699
19427	19959	3	0.041096
19429	20033	1	0.011628
19429	18660	1	0.011628
19429	19318	1	0.011628
19429	18817	1	0.011628
19429	19528	8	0.093023
19429	18953	1	0.011628
19429	18890	2	0.023256
19429	18609	1	0.011628
19429	19765	1	0.011628
19429	18582	1	0.011628
19429	19991	1	0.011628
19429	19001	1	0.011628
19429	19803	2	0.023256
19429	18876	2	0.023256
19430	19480	2	0.022727
19430	18550	2	0.022727
19430	18598	2	0.022727
19431	18583	1	0.000846
19431	19087	1	0.000846
19431	19095	2	0.001692
19431	19481	1	0.000846
19431	19997	1	0.000846
19431	18598	16	0.013536
19431	19889	1	0.000846
19431	19765	1	0.000846
19431	19894	1	0.000846
19431	19641	1	0.000846
19431	19899	1	0.000846
19431	19907	2	0.001692
19431	18998	2	0.001692
19431	18890	2	0.001692
19431	18637	1	0.000846
19431	19409	1	0.000846
19431	19001	1	0.000846
19431	18703	1	0.000846
19431	19766	1	0.000846
19431	19940	1	0.000846
19431	19174	4	0.003384
19431	19304	1	0.000846
19431	18938	1	0.000846
19431	19709	1	0.000846
19432	19904	2	0.000931
19432	18817	3	0.001397
19432	19491	53	0.024674
19432	19270	1	0.000466
19432	18598	9	0.004190
19432	18771	2	0.000931
19432	19821	1	0.000466
19432	18895	1	0.000466
19432	18609	3	0.001397
19432	19683	2	0.000931
19432	19894	1	0.000466
19432	19991	5	0.002328
19432	18872	1	0.000466
19432	19001	1	0.000466
19432	19706	1	0.000466
19432	18652	1	0.000466
19432	19391	6	0.002793
19433	18817	2	0.001445
19433	18722	1	0.000723
19433	18629	2	0.001445
19433	18598	1	0.000723
19433	19436	3	0.002168
19433	19010	1	0.000723
19433	19406	2	0.001445
19433	18895	1	0.000723
19433	18609	2	0.001445
19433	19637	3	0.002168
19433	19318	1	0.000723
19433	19991	2	0.001445
19433	19391	1	0.000723
19436	18817	4	0.006908
19436	19010	4	0.006908
19436	18598	2	0.003454
19436	18890	4	0.006908
19436	19001	2	0.003454
19436	19641	4	0.006908
19436	19709	2	0.003454
19440	19937	3	0.003405
19440	19973	27	0.030647
19440	19636	3	0.003405
19440	19765	2	0.002270
19440	18712	3	0.003405
19440	18718	2	0.002270
19441	18817	1	0.001422
19441	19052	6	0.008535
19441	19173	1	0.001422
19441	19318	1	0.001422
19441	19991	1	0.001422
19443	19224	1	0.003704
19443	18561	1	0.003704
19443	19803	1	0.003704
19445	18817	3847	5.973602
19445	18660	5742	8.916149
19445	18598	4	0.006211
19445	19316	641	0.995342
19445	19765	3	0.004658
19445	19894	8	0.012422
19445	19803	1	0.001553
19445	19166	1	0.001553
19445	19679	642	0.996894
19446	18817	19	0.070370
19446	19746	1181	4.374074
19446	19207	1	0.003704
19446	19821	1	0.003704
19446	19765	1	0.003704
19446	19959	3	0.011111
19446	19001	3	0.011111
19446	19679	3	0.011111
19447	19872	3	0.025210
19447	19937	6	0.050420
19447	19765	3	0.025210
19451	19544	39	1.026316
19451	19766	20	0.526316
19453	18817	1	0.001462
19453	19173	10	0.014620
19453	19937	1	0.001462
19453	18571	2	0.002924
19453	19954	4	0.005848
19453	19709	6	0.008772
19454	19872	4	0.010336
19454	18922	1	0.002584
19454	19765	1	0.002584
19457	18888	2	0.018868
19457	19641	1	0.009434
19458	19937	2	0.004566
19458	19643	6	0.013699
19458	18660	2	0.004566
19458	19045	2	0.004566
19458	18817	1	0.002283
19458	18568	1	0.002283
19458	19745	7	0.015982
19458	19631	1	0.002283
19458	18736	2	0.004566
19458	18674	4	0.009132
19458	19765	7	0.015982
19458	18724	2	0.004566
19458	19803	5	0.011416
19459	19904	1	0.003497
19459	18817	2	0.006993
19459	19202	2	0.006993
19459	18598	1	0.003497
19459	19001	2	0.006993
19459	19803	1	0.003497
19459	19293	2	0.006993
19461	18817	2	0.090909
19461	19399	1	0.045455
19461	19528	1	0.045455
19461	18609	1	0.045455
19461	19858	1	0.045455
19461	19386	1	0.045455
19461	19803	1	0.045455
19465	18817	4	0.016667
19465	18660	1	0.004167
19465	18598	1	0.004167
19465	18771	1	0.004167
19465	19765	1	0.004167
19465	19991	2	0.008333
19468	19563	2	0.002051
19468	19937	2	0.002051
19468	19803	664	0.681026
19468	19270	2	0.002051
19468	18623	42836	43.934359
19471	19712	2	0.002882
19471	18817	4	0.005764
19471	19937	3	0.004323
19471	19242	2	0.002882
19471	19985	2	0.002882
19471	18578	2	0.002882
19471	19258	4	0.005764
19471	19165	2	0.002882
19473	18944	2	0.002809
19473	18817	10	0.014045
19473	19392	2	0.002809
19473	18598	4	0.005618
19473	18609	4	0.005618
19473	19122	466	0.654494
19473	18771	5	0.007022
19473	19904	2	0.002809
19473	19318	6	0.008427
19473	19991	2	0.002809
19473	19803	5	0.007022
19474	19937	1	0.090909
19474	18660	1	0.090909
19474	19174	1	0.090909
19474	18598	1	0.090909
19474	18867	1	0.090909
19474	19350	1	0.090909
19474	19997	1	0.090909
19475	19872	3	0.004839
19475	19521	3	0.004839
19475	19937	6	0.009677
19475	18664	15	0.024194
19475	18931	3	0.004839
19475	19765	3	0.004839
19475	19321	3	0.004839
19476	19584	12	0.103448
19476	19362	1	0.008621
19476	19683	1	0.008621
19476	18886	1	0.008621
19476	19147	1	0.008621
19476	19631	146	1.258621
19476	18578	1	0.008621
19476	19321	1	0.008621
19476	19928	1	0.008621
19476	18991	1	0.008621
19476	19386	1	0.008621
19476	19643	2	0.017241
19476	18589	1	0.008621
19476	19695	1	0.008621
19478	20033	2	0.002058
19478	18786	5	0.005144
19478	19803	3	0.003086
19478	19045	3	0.003086
19478	18598	4	0.004115
19478	18817	2	0.002058
19478	18609	1	0.001029
19478	19631	21	0.021605
19478	18577	5	0.005144
19478	18771	15	0.015432
19478	19991	8	0.008230
19478	19001	5	0.005144
19478	19514	2	0.002058
19478	19643	6	0.006173
19478	19389	3	0.003086
19478	19041	2	0.002058
19479	19008	1	0.007143
19479	19803	1	0.007143
19479	18695	4	0.028571
19479	18609	1	0.007143
19479	18611	4	0.028571
19479	19766	1	0.007143
19479	18874	4	0.028571
19479	19579	4	0.028571
19480	18944	3	0.002676
19480	19041	2	0.001784
19480	18890	752	0.670830
19480	20016	5	0.004460
19480	18609	3	0.002676
19480	19894	2	0.001784
19480	19129	4	0.003568
19480	19898	2	0.001784
19481	19096	11	1.000000
19481	19482	14	1.272727
19481	19226	3	0.272727
19481	19173	11	1.000000
19481	19431	6	0.545455
19482	19096	10	1.000000
19482	19481	8	0.800000
19482	19173	10	1.000000
19482	18598	2	0.200000
19484	18817	2	0.071429
19484	19001	4	0.142857
19484	19679	32	1.142857
19485	19631	7	0.000598
19486	19003	2	0.000355
19486	19386	1	0.000177
19486	19907	1	0.000177
19486	19060	5619	0.996453
19486	19173	1	0.000177
19487	19633	4	0.047059
19487	18867	1	0.011765
19488	18992	1	0.002304
19488	19937	1	0.002304
19491	18913	1	0.000602
19491	19432	91	0.054786
19491	18890	10	0.006020
19491	18736	9	0.005418
19491	19186	36	0.021674
19491	18869	27	0.016255
19491	19894	1	0.000602
19491	19706	8	0.004816
19491	19803	1	0.000602
19491	18558	4	0.002408
19494	18651	24	0.685714
19498	18877	1	0.009346
19499	19937	1	0.016667
19499	19695	1	0.016667
19499	19766	1	0.016667
19499	19706	1	0.016667
19499	19803	1	0.016667
19499	19165	1	0.016667
19499	19391	1	0.016667
19501	19522	5	0.003374
19501	19686	1	0.000675
19501	19592	4	0.002699
19501	19970	3	0.002024
19501	19790	1	0.000675
19501	19385	1	0.000675
19501	18994	1	0.000675
19501	18998	1	0.000675
19501	19095	4	0.002699
19501	19001	2	0.001350
19501	19679	2	0.001350
19504	19904	1	0.014706
19504	19041	1	0.014706
19504	18579	3	0.044118
19508	19803	6	0.146341
19508	18877	42	1.024390
19509	18738	2	0.333333
19511	19889	40	1.000000
19511	19644	41	1.025000
19511	19001	1	0.025000
19514	18817	40	0.042872
19514	19391	1	0.001072
19514	19041	5	0.005359
19514	19399	959	1.027867
19514	18890	1	0.001072
19514	18923	1	0.001072
19514	18598	1	0.001072
19514	18895	1	0.001072
19514	18771	5	0.005359
19514	19284	1	0.001072
19514	19766	1	0.001072
19514	19991	3	0.003215
19514	19544	1	0.001072
19514	19001	7	0.007503
19514	19894	1	0.001072
19514	19803	2	0.002144
19514	19293	1	0.001072
19514	19679	932	0.998928
19516	18817	17	0.041872
19516	19653	2	0.004926
19516	20033	1	0.002463
19516	18890	4	0.009852
19516	19679	1	0.002463
19516	19318	5	0.012315
19516	19001	3	0.007389
19516	18874	5	0.012315
19516	19803	2	0.004926
19516	19706	1	0.002463
19516	19391	9	0.022167
19519	19616	1	0.001931
19519	18817	11	0.021236
19519	19970	1	0.001931
19519	19391	1	0.001931
19519	19558	1	0.001931
19519	19911	1	0.001931
19519	19991	2	0.003861
19519	19821	1	0.001931
19519	18598	10	0.019305
19519	18895	1	0.001931
19519	18609	6	0.011583
19519	18674	1	0.001931
19519	19380	1	0.001931
19519	19765	2	0.003861
19519	18805	1	0.001931
19519	19041	1	0.001931
19519	19001	1	0.001931
19519	19959	1	0.001931
19519	19803	2	0.003861
19519	19679	1	0.001931
19521	19363	2	0.095238
19521	18660	1	0.047619
19521	19045	1	0.047619
19521	18664	2	0.095238
19521	18762	2	0.095238
19521	19821	1	0.047619
19521	19991	1	0.047619
19522	19680	6	0.008000
19522	19095	6	0.008000
19528	18817	4	0.007678
19528	18895	1	0.001919
19528	18953	1	0.001919
19528	19858	6	0.011516
19528	18582	1	0.001919
19528	19991	2	0.003839
19528	19363	1	0.001919
19528	19765	5	0.009597
19528	18598	1	0.001919
19528	19884	1	0.001919
19528	18609	1	0.001919
19528	19381	1	0.001919
19528	19129	1	0.001919
19528	19386	6	0.011516
19528	19003	2	0.003839
19528	19914	2	0.003839
19528	18997	1	0.001919
19528	19392	1	0.001919
19528	19779	1	0.001919
19528	18890	1	0.001919
19528	19787	1	0.001919
19528	18639	1	0.001919
19528	18771	3	0.005758
19528	19001	2	0.003839
19528	19803	2	0.003839
19528	19514	2	0.003839
19528	18660	1	0.001919
19528	19429	2	0.003839
19528	19051	1	0.001919
19528	19950	3	0.005758
19528	19316	1	0.001919
19528	18680	1	0.001919
19528	19391	1	0.001919
19528	18686	1	0.001919
19529	18774	2	0.055556
19530	18817	8	0.010076
19530	18660	4	0.005038
19530	19173	8	0.010076
19530	19937	20	0.025189
19530	19052	20	0.025189
19530	18609	1	0.001259
19530	18867	28	0.035264
19530	19318	8	0.010076
19530	19991	8	0.010076
19534	18817	8	0.021277
19534	18755	2	0.005319
19534	18660	2	0.005319
19534	18890	2	0.005319
19534	19821	4	0.010638
19534	19679	1	0.002660
19534	18642	1	0.002660
19534	19765	4	0.010638
19534	19350	4	0.010638
19534	19001	4	0.010638
19534	19514	1	0.002660
19534	19803	4	0.010638
19534	19556	2	0.005319
19534	19391	2	0.005319
19537	19872	3	0.002166
19537	19937	6	0.004332
19537	19765	3	0.002166
19539	19803	1	0.000079
19539	19908	1	0.000079
19539	19270	3	0.000237
19539	18655	235724	18.607831
19539	18998	5	0.000395
19539	19643	2	0.000158
19539	19391	1	0.000079
19542	19904	6	0.120000
19542	18817	3	0.060000
19542	19695	4	0.080000
19542	18609	2	0.040000
19542	19803	3	0.060000
19542	18783	1	0.020000
19544	19706	2	0.001826
19544	19451	2	0.001826
19544	19765	2	0.001826
19544	18598	2	0.001826
19544	19391	139	0.126941
19547	18944	1	0.000097
19547	18817	1060	0.103163
19547	18948	7	0.000681
19547	19173	34	0.003309
19547	18598	4	0.000389
19547	19041	2	0.000195
19547	18922	57	0.005547
19547	18660	1	0.000097
19547	19954	2	0.000195
19547	18771	1	0.000097
19547	19765	4	0.000389
19547	18998	19	0.001849
19547	19673	4	0.000389
19547	19803	29	0.002822
19547	19318	3	0.000292
19547	18550	3	0.000292
19548	18945	1	0.001812
19548	19458	1	0.001812
19548	19896	1	0.001812
19548	19192	1	0.001812
19548	18953	2	0.003623
19548	18771	12	0.021739
19548	18775	1	0.001812
19548	19468	1	0.001812
19548	18957	1	0.001812
19548	19470	1	0.001812
19548	18960	3	0.005435
19548	19574	1	0.001812
19548	19475	1	0.001812
19548	19886	1	0.001812
19548	19991	45	0.081522
19548	19481	4	0.007246
19548	18970	1	0.001812
19548	19485	1	0.001812
19548	19486	3	0.005435
19548	19487	1	0.001812
19548	18976	1	0.001812
19548	19490	1	0.001812
19548	20003	1	0.001812
19548	19492	1	0.001812
19548	19292	1	0.001812
19548	19795	1	0.001812
19548	18987	1	0.001812
19548	19761	1	0.001812
19548	19502	1	0.001812
19548	19508	1	0.001812
19548	19088	1	0.001812
19548	19576	2	0.003623
19548	20024	1	0.001812
19548	19001	66	0.119565
19548	20026	1	0.001812
19548	20029	2	0.003623
19548	20033	1	0.001812
19548	19012	1	0.001812
19548	20039	1	0.001812
19548	19980	1	0.001812
19548	20042	2	0.003623
19548	18786	1	0.001812
19548	19469	1	0.001812
19548	19384	1	0.001812
19548	19027	1	0.001812
19548	18702	1	0.001812
19548	18617	1	0.001812
19548	19545	1	0.001812
19548	19034	1	0.001812
19548	19898	1	0.001812
19548	19551	1	0.001812
19548	19552	1	0.001812
19548	19041	38	0.068841
19548	19554	1	0.001812
19548	19556	1	0.001812
19548	19045	5	0.009058
19548	19558	1	0.001812
19548	19049	1	0.001812
19548	18894	1	0.001812
19548	19053	1	0.001812
19548	19320	1	0.001812
19548	19060	1	0.001812
19548	19573	1	0.001812
19548	18550	6	0.010870
19548	18551	2	0.003623
19548	19934	1	0.001812
19548	18708	1	0.001812
19548	18623	1	0.001812
19548	19068	1	0.001812
19548	19818	1	0.001812
19548	19071	1	0.001812
19548	19392	1	0.001812
19548	18563	2	0.003623
19548	18565	8	0.014493
19548	19820	2	0.003623
19548	19594	1	0.001812
19548	19600	1	0.001812
19548	19601	1	0.001812
19548	18579	1	0.001812
19548	19092	1	0.001812
19548	18798	1	0.001812
19548	19095	1	0.001812
19548	18584	1	0.001812
19548	18586	1	0.001812
19548	19185	1	0.001812
19548	19100	1	0.001812
19548	18589	1	0.001812
19548	19614	1	0.001812
19548	19615	2	0.003623
19548	18592	1	0.001812
19548	18593	2	0.003623
19548	19619	2	0.003623
19548	19108	1	0.001812
19548	19110	1	0.001812
19548	19111	1	0.001812
19548	19626	1	0.001812
19548	19697	1	0.001812
19548	18604	1	0.001812
19548	19118	1	0.001812
19548	19631	2	0.003623
19548	18609	3	0.005435
19548	19315	1	0.001812
19548	19401	1	0.001812
19548	19128	2	0.003623
19548	19129	14	0.025362
19548	18618	1	0.001812
19548	18975	1	0.001812
19548	19645	1	0.001812
19548	19646	1	0.001812
19548	18973	1	0.001812
19548	18626	3	0.005435
19548	19652	1	0.001812
19548	19830	3	0.005435
19548	19745	1	0.001812
19548	19658	3	0.005435
19548	19746	1	0.001812
19548	19663	1	0.001812
19548	19664	1	0.001812
19548	19665	3	0.005435
19548	19238	3	0.005435
19548	19669	2	0.003623
19548	19670	1	0.001812
19548	19672	3	0.005435
19548	18653	1	0.001812
19548	19679	554	1.003623
19548	19168	1	0.001812
19548	19681	1	0.001812
19548	18658	1	0.001812
19548	18659	1	0.001812
19548	18660	38	0.068841
19548	19173	327	0.592391
19548	19174	1	0.001812
19548	19819	1	0.001812
19548	19178	1	0.001812
19548	18668	1	0.001812
19548	18669	1	0.001812
19548	19694	2	0.003623
19548	19184	1	0.001812
19548	18673	1	0.001812
19548	19186	3	0.005435
19548	19188	1	0.001812
19548	19190	1	0.001812
19548	19704	1	0.001812
19548	19686	2	0.003623
19548	18682	1	0.001812
19548	19839	1	0.001812
19548	18685	1	0.001812
19548	19711	1	0.001812
19548	18816	1	0.001812
19548	19714	1	0.001812
19548	19243	1	0.001812
19548	19717	1	0.001812
19548	19158	2	0.003623
19548	19718	1	0.001812
19548	19841	2	0.003623
19548	18697	1	0.001812
19548	19725	2	0.003623
19548	19726	2	0.003623
19548	18705	2	0.003623
19548	19731	1	0.001812
19548	19732	1	0.001812
19548	18709	1	0.001812
19548	19226	1	0.001812
19548	19740	1	0.001812
19548	18583	1	0.001812
19548	19248	9	0.016304
19548	18722	3	0.005435
19548	18661	1	0.001812
19548	19749	1	0.001812
19548	19750	1	0.001812
19548	19239	1	0.001812
19548	19752	1	0.001812
19548	19242	1	0.001812
19548	18917	1	0.001812
19548	19165	1	0.001812
19548	18736	3	0.005435
19548	18737	1	0.001812
19548	18738	1	0.001812
19548	19855	1	0.001812
19548	19765	39	0.070652
19548	19766	296	0.536232
19548	18996	1	0.001812
19548	18746	1	0.001812
19548	19935	1	0.001812
19548	18749	1	0.001812
19548	18750	1	0.001812
19548	18751	1	0.001812
19548	19265	1	0.001812
19548	19779	16	0.028986
19548	18969	1	0.001812
19548	18742	1	0.001812
19548	19425	1	0.001812
19548	19273	1	0.001812
19548	18762	1	0.001812
19548	19788	1	0.001812
19548	19790	1	0.001812
19548	19279	1	0.001812
19548	19280	1	0.001812
19548	19512	1	0.001812
19548	19283	1	0.001812
19548	18772	1	0.001812
19548	19797	1	0.001812
19548	18774	2	0.003623
19548	19287	1	0.001812
19548	19290	1	0.001812
19548	19803	48	0.086957
19548	18780	1	0.001812
19548	19805	1	0.001812
19548	19295	1	0.001812
19548	19296	1	0.001812
19548	18785	3	0.005435
19548	19298	1	0.001812
19548	19812	1	0.001812
19548	19301	2	0.003623
19548	19304	1	0.001812
19548	19306	1	0.001812
19548	19307	1	0.001812
19548	18796	1	0.001812
19548	19821	1	0.001812
19548	19822	1	0.001812
19548	19823	265	0.480072
19548	18800	1	0.001812
19548	19347	1	0.001812
19548	19316	20	0.036232
19548	18805	1	0.001812
19548	19318	544	0.985507
19548	19832	1	0.001812
19548	18836	1	0.001812
19548	19327	1	0.001812
19548	19328	2	0.003623
19548	18817	105	0.190217
19548	18596	2	0.003623
19548	19844	1	0.001812
19548	19333	2	0.003623
19548	18825	2	0.003623
19548	18827	1	0.001812
19548	19341	1	0.001812
19548	19824	1	0.001812
19548	19343	1	0.001812
19548	19857	1	0.001812
19548	19258	1	0.001812
19548	19091	1	0.001812
19548	19349	1	0.001812
19548	19350	1	0.001812
19548	19352	1	0.001812
19548	18841	1	0.001812
19548	19866	1	0.001812
19548	19355	1	0.001812
19548	19869	1	0.001812
19548	19359	1	0.001812
19548	19872	1	0.001812
19548	19952	1	0.001812
19548	19202	1	0.001812
19548	19363	6	0.010870
19548	19364	1	0.001812
19548	19365	1	0.001812
19548	19569	1	0.001812
19548	19369	3	0.005435
19548	19207	1	0.001812
19548	18674	1	0.001812
19548	19374	1	0.001812
19548	19888	1	0.001812
19548	18865	1	0.001812
19548	18867	14	0.025362
19548	19286	1	0.001812
19548	19894	44	0.079710
19548	19383	10	0.018116
19548	18872	181	0.327899
19548	19385	2	0.003623
19548	18874	42	0.076087
19548	19103	1	0.001812
19548	19900	1	0.001812
19548	18880	1	0.001812
19548	19394	1	0.001812
19548	19395	1	0.001812
19548	19702	2	0.003623
19548	19399	11	0.019928
19548	19913	1	0.001812
19548	18890	14	0.025362
19548	19915	1	0.001812
19548	19404	2	0.003623
19548	19405	1	0.001812
19548	19918	1	0.001812
19548	18895	33	0.059783
19548	19409	1	0.001812
19548	19925	2	0.003623
19548	19414	1	0.001812
19548	18852	1	0.001812
19548	18931	1	0.001812
19548	18616	1	0.001812
19548	19421	1	0.001812
19548	19422	1	0.001812
19548	19423	1	0.001812
19548	19937	3	0.005435
19548	18915	1	0.001812
19548	19940	267	0.483696
19548	18598	84	0.152174
19548	19430	1	0.001812
19548	18580	1	0.001812
19548	18921	1	0.001812
19548	18922	7	0.012681
19548	19610	1	0.001812
19548	18925	1	0.001812
19548	19453	1	0.001812
19548	18928	1	0.001812
19548	19953	1	0.001812
19548	19954	4	0.007246
19548	19443	1	0.001812
19548	19446	2	0.003623
19548	19959	14	0.025362
19548	18687	1	0.001812
19548	19452	1	0.001812
19548	19965	1	0.001812
19548	18942	1	0.001812
19548	19285	1	0.001812
19551	18998	3	0.011450
19552	19904	1	0.020833
19552	19745	3	0.062500
19552	19165	1	0.020833
19552	19643	2	0.041667
19552	19631	4	0.083333
19552	18609	1	0.020833
19552	19827	3	0.062500
19552	19803	1	0.020833
19552	19837	1	0.020833
19553	19584	1	0.004115
19553	19458	1	0.004115
19553	18568	1	0.004115
19553	19600	1	0.004115
19553	19475	3	0.012346
19553	19219	2	0.008230
19553	18969	4	0.016461
19553	19995	2	0.008230
19553	19270	2	0.008230
19553	19622	1	0.004115
19553	19292	3	0.012346
19553	18609	3	0.012346
19553	19894	2	0.008230
19553	19132	2	0.008230
19553	18623	2	0.008230
19553	19904	1	0.004115
19553	19652	1	0.004115
19553	19782	1	0.004115
19553	19399	4	0.016461
19553	19915	1	0.004115
19553	19414	3	0.012346
19553	19803	1	0.004115
19553	18780	1	0.004115
19553	19165	1	0.004115
19553	19749	1	0.004115
19553	19552	3	0.012346
19553	18913	3	0.012346
19553	19173	1	0.004115
19553	19563	1	0.004115
19553	18800	1	0.004115
19553	18673	1	0.004115
19553	18547	1	0.004115
19553	19318	1	0.004115
19553	19706	1	0.004115
19554	19840	1	0.008000
19554	18609	1	0.008000
19554	19803	2	0.016000
19554	19293	1	0.008000
19554	19766	1	0.008000
19556	19001	2	0.001006
19556	19803	6	0.003018
19556	19173	2	0.001006
19556	19391	2	0.001006
19557	18680	2	0.044444
19557	19001	2	0.044444
19557	18817	1	0.022222
19558	18664	2	0.021505
19559	18976	1	0.000952
19559	19907	2	0.001905
19559	19391	5	0.004762
19559	18598	2	0.001905
19559	18768	1	0.000952
19559	19738	2	0.001905
19559	19803	4	0.003810
19559	19806	14	0.013333
19559	19679	2	0.001905
19563	19202	2	0.045455
19563	19459	1	0.022727
19563	19237	1	0.022727
19563	19405	2	0.045455
19563	18623	1	0.022727
19564	19872	4	0.034188
19564	19937	8	0.068376
19564	19765	4	0.034188
19567	19872	3	0.005310
19567	19937	6	0.010619
19567	18660	4	0.007080
19567	19765	3	0.005310
19569	19937	1	0.002500
19573	18817	2	0.005405
19573	18669	3	0.008108
19573	18598	2	0.005405
19574	19937	2	0.043478
19574	18738	1	0.021739
19574	19173	8	0.173913
19574	19765	2	0.043478
19575	19766	3	0.022388
19576	18817	5	0.178571
19576	19173	3	0.107143
19576	19431	1	0.035714
19576	18991	1	0.035714
19576	18999	1	0.035714
19576	19386	1	0.035714
19576	19695	1	0.035714
19576	19679	29	1.035714
19578	18817	3	0.003052
19578	19762	7	0.007121
19578	19052	26	0.026450
19579	19427	7	0.022222
19579	19174	1	0.003175
19579	18611	1	0.003175
19579	19092	15	0.047619
19579	19479	1	0.003175
19579	19001	4	0.012698
19579	19803	7	0.022222
19581	18849	1	0.012500
19581	19052	4	0.050000
19583	19060	402	0.995050
19583	19486	1427	3.532178
19584	19937	3	0.002849
19584	19803	4	0.003799
19584	18660	2	0.001899
19584	18733	18	0.017094
19584	19631	12	0.011396
19584	18609	4	0.003799
19584	19765	2	0.001899
19584	19894	2	0.001899
19584	19821	2	0.001899
19584	19001	2	0.001899
19584	19643	4	0.003799
19585	18817	1	0.002041
19585	19363	2	0.004082
19585	18732	2	0.004082
19585	18983	2	0.004082
19587	18817	64	0.074679
19587	19593	3	0.003501
19587	19991	13	0.015169
19587	19362	2	0.002334
19587	19547	1	0.001167
19587	19237	2	0.002334
19587	18598	1	0.001167
19587	19631	2	0.002334
19587	18609	5	0.005834
19587	19765	3	0.003501
19587	19001	2	0.002334
19587	18874	8	0.009335
19587	19391	1	0.001167
19587	20040	2	0.002334
19587	19746	1	0.001167
19587	18895	1	0.001167
19587	18771	10	0.011669
19587	19803	11	0.012835
19587	19514	3	0.003501
19587	18785	1	0.001167
19587	18664	2	0.002334
19587	19821	1	0.001167
19587	19830	1	0.001167
19587	19959	1	0.001167
19588	19392	1	0.010000
19588	18944	1	0.010000
19588	18629	1	0.010000
19588	19173	1	0.010000
19588	18598	1	0.010000
19588	19399	1	0.010000
19588	19849	26	0.260000
19588	19946	1	0.010000
19588	19991	1	0.010000
19588	19404	1	0.010000
19588	19821	1	0.010000
19588	19281	2	0.020000
19588	18609	1	0.010000
19588	18674	1	0.010000
19588	18771	1	0.010000
19588	19383	1	0.010000
19588	19959	1	0.010000
19588	19001	1	0.010000
19588	19902	1	0.010000
19588	19391	2	0.020000
19589	18992	1	0.001560
19589	19937	1	0.001560
19591	19937	12	0.007348
19591	19362	2	0.001225
19591	19173	1	0.000612
19591	18792	2	0.001225
19591	19803	1	0.000612
19591	19709	1	0.000612
19591	18879	2	0.001225
19592	18660	1	0.027778
19592	18598	1	0.027778
19592	19790	17	0.472222
19592	18609	1	0.027778
19592	20019	2	0.055556
19592	19417	10	0.277778
19592	19001	2	0.055556
19592	19834	21	0.583333
19592	19803	2	0.055556
19593	18817	1	0.001582
19593	19906	1	0.001582
19593	19587	3	0.004747
19593	18598	2	0.003165
19593	19927	3	0.004747
19593	19404	2	0.003165
19593	18895	3	0.004747
19593	18609	4	0.006329
19593	18771	1	0.001582
19593	19765	3	0.004747
19593	18614	1	0.001582
19593	19991	5	0.007911
19593	19064	1	0.001582
19593	19001	2	0.003165
19593	19706	2	0.003165
19593	19803	6	0.009494
19593	19391	1	0.001582
19594	18890	1	0.001570
19594	20045	1	0.001570
19594	19695	1	0.001570
19594	19699	1	0.001570
19594	19766	1	0.001570
19594	19324	4	0.006279
19598	18817	6	0.005213
19598	19970	2	0.001738
19598	18598	1	0.000869
19598	19270	2	0.001738
19598	18913	14	0.012163
19598	19991	10	0.008688
19598	18623	2	0.001738
19598	19765	2	0.001738
19598	19041	6	0.005213
19598	18619	2	0.001738
19598	19391	5	0.004344
19600	18817	5	0.029586
19600	19683	1	0.005917
19600	19045	1	0.005917
19600	19782	1	0.005917
19600	19937	1	0.005917
19600	20042	2	0.011834
19600	18797	10	0.059172
19600	19165	6	0.035503
19600	18736	1	0.005917
19600	19795	1	0.005917
19600	19988	1	0.005917
19600	19765	1	0.005917
19600	19894	1	0.005917
19600	19706	6	0.035503
19600	19803	1	0.005917
19600	19242	1	0.005917
19602	18817	2	0.002903
19602	18949	1	0.001451
19602	18890	9	0.013062
19602	18933	1	0.001451
19602	19001	2	0.002903
19602	19003	1	0.001451
19603	18817	6	0.004751
19603	19803	1	0.000792
19603	19087	2	0.001584
19603	19318	4	0.003167
19603	19775	6	0.004751
19604	19296	1	0.037037
19604	18609	1	0.037037
19609	19174	1	0.002169
19609	19001	1	0.002169
19609	18922	12	0.026030
19609	19946	2	0.004338
19609	18998	2	0.004338
19610	18636	387	1.093220
19610	19111	3	0.008475
19613	18609	2	0.133333
19613	19342	15	1.000000
19615	18890	12	0.022181
19615	18802	80	0.147874
19615	19173	2	0.003697
19616	19911	1	0.029412
19619	19173	3	0.002110
19619	18598	3	0.002110
19619	18996	2	0.001406
19619	19860	5127	3.605485
19619	19165	1	0.000703
19619	19679	2	0.001406
19621	18817	1	0.020000
19621	19631	4	0.080000
19621	18576	1	0.020000
19621	18609	1	0.020000
19621	19894	2	0.040000
19621	19803	2	0.040000
19622	18817	6	0.013921
19622	19045	2	0.004640
19622	18598	2	0.004640
19622	19242	2	0.004640
19622	19821	2	0.004640
19622	18609	4	0.009281
19622	19894	2	0.004640
19622	19959	2	0.004640
19622	19001	2	0.004640
19622	19803	2	0.004640
19622	19292	2	0.004640
19622	19293	2	0.004640
19625	19904	1	0.001285
19625	18817	2	0.002571
19625	19970	1	0.001285
19625	18791	1	0.001285
19625	19147	1	0.001285
19625	18928	2	0.002571
19625	18609	8	0.010283
19625	19165	2	0.002571
19625	19679	1	0.001285
19626	19173	1	0.014085
19626	19174	1	0.014085
19626	19431	1	0.014085
19626	19821	1	0.014085
19626	19765	1	0.014085
19626	18998	1	0.014085
19630	18817	5	0.012920
19630	19683	1	0.002584
19630	18660	1	0.002584
19630	19045	1	0.002584
19630	18609	14	0.036176
19630	19516	2	0.005168
19630	18890	1	0.002584
19630	19821	1	0.002584
19630	19679	1	0.002584
19630	18736	1	0.002584
19630	19953	19	0.049096
19630	19173	1	0.002584
19630	19765	2	0.005168
19630	18775	4	0.010336
19630	19706	6	0.015504
19630	19803	9	0.023256
19630	19260	30	0.077519
19630	19391	2	0.005168
19631	18944	1	0.000426
19631	19476	3	0.001279
19631	19478	4	0.001706
19631	19991	19	0.008102
19631	19994	1	0.000426
19631	19995	1	0.000426
19631	19291	1	0.000426
19631	20020	1	0.000426
19631	19001	5	0.002132
19631	19514	1	0.000426
19631	19003	4	0.001706
19631	19516	2	0.000853
19631	20030	4	0.001706
19631	19519	1	0.000426
19631	20033	7	0.002985
19631	19723	1	0.000426
19631	18790	4	0.001706
19631	19528	1	0.000426
19631	19383	2	0.000853
19631	18786	1	0.000426
19631	19641	1	0.000426
19631	19552	1	0.000426
19631	19045	1	0.000426
19631	19584	1	0.000426
19631	19904	2	0.000853
19631	19587	1	0.000426
19631	18576	4	0.001706
19631	18598	3	0.001279
19631	19119	5	0.002132
19631	18609	14	0.005970
19631	19129	1	0.000426
19631	19643	3	0.001279
19631	19132	1	0.000426
19631	18621	4	0.001706
19631	18629	1	0.000426
19631	19142	1	0.000426
19631	19745	1	0.000426
19631	19151	4	0.001706
19631	20003	1	0.000426
19631	19668	1	0.000426
19631	19669	1	0.000426
19631	18653	1	0.000426
19631	19166	1	0.000426
19631	19679	3	0.001279
19631	19682	6	0.002559
19631	18660	1	0.000426
19631	19173	1	0.000426
19631	18664	9	0.003838
19631	18673	1	0.000426
19631	18674	1	0.000426
19631	19190	1	0.000426
19631	18680	2	0.000853
19631	19706	2	0.000853
19631	18699	1	0.000426
19631	18700	5	0.002132
19631	19725	2	0.000853
19631	19219	1	0.000426
19631	19740	1	0.000426
19631	18721	4	0.001706
19631	19746	2	0.000853
19631	18661	1	0.000426
19631	18733	4	0.001706
19631	19765	12	0.005117
19631	18750	1	0.000426
19631	18751	1	0.000426
19631	19264	4	0.001706
19631	19779	4	0.001706
19631	19785	4	0.001706
19631	18764	4	0.001706
19631	18771	7	0.002985
19631	19803	11	0.004691
19631	19293	1	0.000426
19631	19295	1	0.000426
19631	19298	1	0.000426
19631	19299	1	0.000426
19631	19814	1	0.000426
19631	19821	4	0.001706
19631	19825	4	0.001706
19631	19827	3	0.001279
19631	19316	2	0.000853
19631	18805	1	0.000426
19631	18808	4	0.001706
19631	18817	91	0.038806
19631	19851	2	0.000853
19631	18839	3	0.001279
19631	19363	1	0.000426
19631	18858	1	0.000426
19631	18867	2	0.000853
19631	19894	3	0.001279
19631	19895	4	0.001706
19631	18872	10	0.004264
19631	18874	4	0.001706
19631	18876	5	0.002132
19631	19391	3	0.001279
19631	19392	1	0.000426
19631	19906	1	0.000426
19631	18890	2	0.000853
19631	19704	1	0.000426
19631	19961	4	0.001706
19631	19939	1	0.000426
19631	18617	1	0.000426
19631	19959	15	0.006397
19631	19960	1	0.000426
19631	18937	1	0.000426
19631	19962	4	0.001706
19631	19452	1	0.000426
19633	18817	2	0.013514
19634	18817	1	0.011236
19634	18741	1	0.011236
19634	18598	1	0.011236
19634	19559	1	0.011236
19634	19765	1	0.011236
19634	19991	1	0.011236
19634	19001	2	0.022472
19634	19706	1	0.011236
19634	19771	1	0.011236
19634	19391	1	0.011236
19635	19904	609	1.035714
19635	18817	1	0.001701
19635	18818	1	0.001701
19635	19765	1	0.001701
19635	18967	1	0.001701
19635	18867	2	0.003401
19635	19214	5	0.008503
19635	19699	1	0.001701
19635	19383	2	0.003401
19635	19991	1	0.001701
19635	19001	1	0.001701
19635	19803	2	0.003401
19635	19391	1	0.001701
19637	19392	1	0.000749
19637	19041	1	0.000749
19637	19010	20	0.014981
19637	18817	1	0.000749
19637	18952	114	0.085393
19637	19433	9	0.006742
19637	18890	3	0.002247
19637	19436	4	0.002996
19637	18609	2	0.001498
19637	19991	5	0.003745
19637	19001	7	0.005243
19637	19997	3	0.002247
19638	18817	1	0.002899
19638	19528	4	0.011594
19638	19657	1	0.002899
19638	18736	1	0.002899
19638	18609	2	0.005797
19638	19765	1	0.002899
19638	19001	1	0.002899
19638	19705	1	0.002899
19638	19386	1	0.002899
19638	19803	1	0.002899
19638	19516	1	0.002899
19641	18817	3	0.000787
19641	19970	1	0.000262
19641	19095	1	0.000262
19641	18626	1	0.000262
19641	19726	7	0.001837
19641	19350	2	0.000525
19641	19991	7	0.001837
19641	19997	1	0.000262
19641	19248	2	0.000525
19641	20004	2	0.000525
19641	18598	6	0.001575
19641	19624	5	0.001312
19641	19244	5	0.001312
19641	18736	1	0.000262
19641	19765	1	0.000262
19641	19766	2	0.000525
19641	19001	6	0.001575
19641	19514	2	0.000525
19641	18741	1	0.000262
19641	19010	1	0.000262
19641	19907	5944	1.560105
19641	18998	5	0.001312
19641	19399	8	0.002100
19641	18890	3	0.000787
19641	19284	2	0.000525
19641	19940	1	0.000262
19641	19803	7	0.001837
19641	19679	2	0.000525
19641	19937	1	0.000262
19641	18660	2	0.000525
19641	19173	1	0.000262
19641	19174	2	0.000525
19641	18805	2	0.000525
19641	19830	1	0.000262
19643	18817	5	0.002789
19643	19587	1	0.000558
19643	19207	1	0.000558
19643	19095	4	0.002231
19643	18959	1	0.000558
19643	18578	1	0.000558
19643	18967	7	0.003904
19643	19736	1	0.000558
19643	18991	1	0.000558
19643	19087	1	0.000558
19643	19248	2	0.001115
19643	19362	1	0.000558
19643	18598	6	0.003346
19643	19991	1	0.000558
19643	19244	1	0.000558
19643	19631	3	0.001673
19643	20016	1	0.000558
19643	18609	1	0.000558
19643	18997	1	0.000558
19643	19894	3	0.001673
19643	19001	1	0.000558
19643	19386	1	0.000558
19643	19392	1	0.000558
19643	18753	1	0.000558
19643	19907	1	0.000558
19643	18998	4	0.002231
19643	18886	2	0.001115
19643	18890	1	0.000558
19643	19147	1	0.000558
19643	18771	1	0.000558
19643	19641	3	0.001673
19643	19928	4	0.002231
19643	19803	1	0.000558
19643	19683	1	0.000558
19643	19174	2	0.001115
19643	19431	1	0.000558
19643	18793	1	0.000558
19643	19946	3	0.001673
19643	19695	1	0.000558
19643	19699	1	0.000558
19643	19446	1	0.000558
19643	19321	1	0.000558
19643	19707	1	0.000558
19643	19709	7	0.003904
19644	19511	2	0.153846
19646	19174	1	0.000750
19646	19001	2	0.001499
19646	19173	6	0.004498
19646	18598	1	0.000750
19647	19052	40	1.176471
19649	19766	1	0.100000
19651	19173	1	0.021277
19652	19399	1	0.014286
19652	18664	4	0.057143
19652	18890	1	0.014286
19652	18663	2	0.028571
19652	18609	1	0.014286
19652	18998	1	0.014286
19652	19321	2	0.028571
19652	19514	1	0.014286
19652	19803	2	0.028571
19653	19872	2	1.000000
19653	19679	2	1.000000
19657	18817	1	0.004950
19657	19041	1	0.004950
19657	18890	2	0.009901
19657	18895	1	0.004950
19657	18771	2	0.009901
19657	19765	5	0.024752
19657	19001	2	0.009901
19657	19705	1	0.004950
19657	19803	2	0.009901
19657	19679	1	0.004950
19658	19937	8	0.166667
19658	19907	1	0.020833
19658	19173	4	0.083333
19658	19942	1	0.020833
19658	19465	1	0.020833
19658	19312	1	0.020833
19658	19928	1	0.020833
19658	19286	1	0.020833
19658	19287	1	0.020833
19658	19544	2	0.041667
19658	19451	1	0.020833
19658	19165	1	0.020833
19658	19006	1	0.020833
19661	19937	2	0.095238
19661	19865	1	0.047619
19662	19803	1	0.001202
19662	19766	1	0.001202
19662	18598	1	0.001202
19662	19391	1	0.001202
19663	19425	1	0.034483
19665	19041	756	1.347594
19665	19765	1	0.001783
19667	18817	2	0.181818
19667	19779	1	0.090909
19667	19830	1	0.090909
19667	18598	1	0.090909
19667	18609	1	0.090909
19667	18550	1	0.090909
19668	18817	1	0.000665
19668	18598	4	0.002661
19668	19718	2	0.001331
19668	18901	2	0.001331
19668	18576	2	0.001331
19668	19954	2	0.001331
19668	20020	2	0.001331
19668	19765	4	0.002661
19668	19766	2	0.001331
19668	19001	10	0.006653
19668	19173	3	0.001996
19669	19173	1	0.001258
19669	18598	1	0.001258
19669	19854	1	0.001258
19669	19631	2	0.002516
19669	19476	3	0.003774
19669	18748	1	0.001258
19670	19766	4	0.007722
19672	19970	5	0.004537
19672	19173	5	0.004537
19672	18598	2	0.001815
19672	19383	1	0.000907
19672	19679	2	0.001815
19672	18551	2	0.001815
19672	19034	5	0.004537
19672	19803	1	0.000907
19672	19653	1	0.000907
19673	18817	3	0.250000
19678	19766	1	0.018868
19678	19391	1	0.018868
19679	18817	453	0.144590
19679	19970	2	0.000638
19679	18951	3	0.000958
19679	19981	1	0.000319
19679	19726	2	0.000638
19679	19872	3	0.000958
19679	19803	3	0.000958
19679	18598	108	0.034472
19679	18733	1	0.000319
19679	19631	2	0.000638
19679	18609	2	0.000638
19679	18867	1	0.000319
19679	19765	6	0.001915
19679	19766	3	0.000958
19679	19383	8	0.002553
19679	19001	3	0.000958
19679	19259	1	0.000319
19679	18622	1	0.000319
19679	19391	1	0.000319
19679	19010	1	0.000319
19679	19523	1	0.000319
19679	19653	4	0.001277
19679	19894	5	0.001596
19679	18890	1	0.000319
19679	18743	1	0.000319
19679	18639	1	0.000319
19679	19937	1	0.000319
19679	19924	1	0.000319
19679	18895	9	0.002873
19679	19293	1	0.000319
19679	19041	1	0.000319
19679	18660	1	0.000319
19679	19173	3	0.000958
19679	18674	88	0.028088
19679	19959	3	0.000958
19679	19709	7	0.002234
19680	18817	1	0.011111
19680	19522	2	0.022222
19680	19173	1	0.011111
19680	18598	2	0.022222
19680	19821	1	0.011111
19680	19679	1	0.011111
19680	19765	1	0.011111
19680	19766	1	0.011111
19680	19959	1	0.011111
19680	19803	4	0.044444
19680	19334	1	0.011111
19680	19391	2	0.022222
19681	19904	1	0.008403
19681	18890	1	0.008403
19681	18609	1	0.008403
19681	19699	3	0.025210
19681	18967	1	0.008403
19681	19803	2	0.016807
19682	18721	1	0.001527
19682	18786	2	0.003053
19682	19631	10	0.015267
19682	19765	1	0.001527
19682	19991	7	0.010687
19682	19643	1	0.001527
19683	19970	1	0.001418
19683	18550	3	0.004255
19683	18598	2	0.002837
19683	18998	1	0.001418
19683	19173	1	0.001418
19684	19937	2	0.080000
19684	19803	1	0.040000
19684	19115	4	0.160000
19684	18876	1	0.040000
19684	18817	1	0.040000
19686	18817	310	1.974522
19686	18660	156	0.993631
19686	19045	1	0.006369
19686	19303	1	0.006369
19686	19725	1	0.006369
19686	19823	1	0.006369
19686	18736	1	0.006369
19686	18674	3	0.019108
19686	18805	2	0.012739
19686	18724	1	0.006369
19686	19959	1	0.006369
19686	19128	1	0.006369
19686	19001	19	0.121019
19686	19514	1	0.006369
19686	19803	4	0.025478
19686	19765	1	0.006369
19689	18817	2	0.001723
19689	19430	9	0.007752
19689	19937	1	0.000861
19690	20002	6	0.666667
19690	20042	6	0.666667
19690	19999	6	0.666667
19692	19041	1	0.016949
19694	19173	2	0.003067
19695	19907	1	0.003759
19695	19174	2	0.007519
19695	18886	2	0.007519
19695	19095	2	0.007519
19695	19087	2	0.007519
19695	18967	4	0.015038
19695	19928	2	0.007519
19695	19641	3	0.011278
19695	19709	1	0.003759
19695	19166	2	0.007519
19697	19173	1	0.007407
19698	18817	1	0.001637
19698	19174	3	0.004910
19698	19937	1	0.001637
19698	19431	2	0.003273
19698	19052	9	0.014730
19698	19479	1	0.001637
19698	19001	6	0.009820
19698	19803	7	0.011457
19699	18817	3	0.003831
19699	19594	1	0.001277
19699	18967	19	0.024266
19699	19214	1	0.001277
19699	18579	1	0.001277
19699	19095	2	0.002554
19699	19109	1	0.001277
19699	18598	3	0.003831
19699	19248	1	0.001277
19699	18998	1	0.001277
19699	19641	1	0.001277
19699	19899	1	0.001277
19699	19270	1	0.001277
19699	19001	1	0.001277
19699	19681	1	0.001277
19699	19554	1	0.001277
19699	19173	4	0.005109
19699	18921	1	0.001277
19699	18922	3	0.003831
19699	19062	1	0.001277
19699	19708	1	0.001277
19699	19709	2	0.002554
19700	19766	1	0.071429
19702	19244	1	0.027027
19702	19173	35	0.945946
19702	18598	4	0.108108
19702	19095	1	0.027027
19704	20033	2	0.010000
19704	19429	1	0.005000
19704	18817	2	0.010000
19704	19954	2	0.010000
19704	19765	1	0.005000
19704	19001	1	0.005000
19704	19003	1	0.005000
19704	18621	1	0.005000
19704	19173	3	0.015000
19705	18817	27	0.033877
19705	19970	1	0.001255
19705	18949	5	0.006274
19705	19718	2	0.002509
19705	18569	2	0.002509
19705	19850	4	0.005019
19705	19602	2	0.002509
19705	18964	17	0.021330
19705	18582	2	0.002509
19705	19991	15	0.018821
19705	19869	2	0.002509
19705	19486	4	0.005019
19705	19877	3	0.003764
19705	18598	5	0.006274
19705	18609	5	0.006274
19705	20020	7	0.008783
19705	19765	11	0.013802
19705	18998	1	0.001255
19705	19383	1	0.001255
19705	18744	2	0.002509
19705	19001	2	0.002509
19705	19514	1	0.001255
19705	19003	15	0.018821
19705	19903	11	0.013802
19705	20033	8	0.010038
19705	18882	7	0.008783
19705	19907	1	0.001255
19705	19894	1	0.001255
19705	19657	5	0.006274
19705	18890	1	0.001255
19705	18895	1	0.001255
19705	18901	5	0.006274
19705	19290	4	0.005019
19705	19932	2	0.002509
19705	19386	2	0.002509
19705	19679	1	0.001255
19705	18619	5	0.006274
19705	18660	1	0.001255
19705	18672	3	0.003764
19705	18933	3	0.003764
19705	19190	2	0.002509
19705	19959	11	0.013802
19705	18808	7	0.008783
19705	18937	10	0.012547
19705	19706	479	0.601004
19705	18811	7	0.008783
19705	19964	2	0.002509
19706	18817	10	0.004369
19706	19928	2	0.000874
19706	19318	2	0.000874
19706	19991	2	0.000874
19706	19999	7	0.003058
19706	18874	2	0.000874
19706	19679	2	0.000874
19706	19391	2	0.000874
19707	19709	2	0.001031
19707	18817	2	0.001031
19707	19803	1	0.000516
19707	19173	2	0.001031
19707	18598	3	0.001547
19707	19894	1	0.000516
19707	19129	1	0.000516
19707	18922	4	0.002063
19707	19991	1	0.000516
19707	19404	1	0.000516
19707	19095	2	0.001031
19707	19248	2	0.001031
19707	19889	2	0.001031
19707	18998	3	0.001547
19707	19350	2	0.001031
19707	19001	1	0.000516
19707	19446	2	0.001031
19707	19391	1	0.000516
19707	19641	2	0.001031
19707	19166	1	0.000516
19707	19679	1	0.000516
19708	19904	1	0.017241
19708	19938	1	0.017241
19708	18921	1	0.017241
19708	18609	2	0.034483
19708	19699	1	0.017241
19708	19001	1	0.017241
19708	19071	1	0.017241
19708	19391	1	0.017241
19709	18817	64	0.016684
19709	19970	1	0.000261
19709	19207	2	0.000521
19709	18571	4	0.001043
19709	19095	3	0.000782
19709	19087	1	0.000261
19709	18895	1	0.000261
19709	19735	1	0.000261
19709	19746	1	0.000261
19709	19364	1	0.000261
19709	18886	1	0.000261
19709	18598	13	0.003389
19709	19624	1	0.000261
19709	19399	2	0.000521
19709	19248	3	0.000782
19709	18609	63	0.016423
19709	18867	2	0.000521
19709	19765	6	0.001564
19709	18998	8	0.002086
19709	19001	21	0.005474
19709	19391	2	0.000521
19709	20033	1	0.000261
19709	18626	2	0.000521
19709	19446	2	0.000521
19709	19270	1	0.000261
19709	19937	1	0.000261
19709	18890	43	0.011210
19709	19404	5	0.001303
19709	19362	1	0.000261
19709	18767	13	0.003389
19709	18771	2	0.000521
19709	19894	1	0.000261
19709	19940	2	0.000521
19709	19803	28	0.007299
19709	19991	5	0.001303
19709	19166	1	0.000261
19709	19679	7	0.001825
19709	19041	2	0.000521
19709	18660	1	0.000261
19709	19173	11	0.002868
19709	19174	1	0.000261
19709	19946	1	0.000261
19709	19821	3	0.000782
19709	18674	1	0.000261
19709	19316	3	0.000782
19709	18805	1	0.000261
19709	19318	1	0.000261
19709	19959	1	0.000261
19710	19803	1	0.013514
19710	19643	1	0.013514
19710	19271	70	0.945946
19711	19173	1	0.006993
19712	19904	3	0.012097
19712	18817	2	0.008065
19712	19242	3	0.012097
19712	19471	5	0.020161
19712	18578	3	0.012097
19712	18771	14	0.056452
19712	19001	6	0.024194
19712	19258	8	0.032258
19712	19165	2	0.008065
19712	19391	8	0.032258
19713	18817	1	0.000880
19713	20003	2	0.001761
19713	19814	2	0.001761
19713	18598	14	0.012324
19713	19265	8	0.007042
19713	18890	1	0.000880
19713	19837	2	0.001761
19713	19173	2	0.001761
19714	19173	3	0.006757
19716	19938	1	0.004310
19716	19173	1	0.004310
19716	18921	1	0.004310
19716	19981	1	0.004310
19716	19708	2	0.008621
19716	19062	1	0.004310
19716	19324	1	0.004310
19716	19071	278	1.198276
19717	19937	3	0.003202
19717	19970	7	0.007471
19717	19173	3	0.003202
19717	18694	9	0.009605
19717	18817	1	0.001067
19717	19052	9	0.009605
19717	19765	1	0.001067
19717	19094	1	0.001067
19717	19609	3	0.003202
19717	19679	3	0.003202
19717	19301	3	0.003202
19718	18817	5	0.008772
19718	18576	1	0.001754
19718	19475	3	0.005263
19718	19988	1	0.001754
19718	19872	2	0.003509
19718	18598	1	0.001754
19718	19293	1	0.001754
19718	18736	1	0.001754
19718	20020	1	0.001754
19718	19765	1	0.001754
19718	19894	1	0.001754
19718	19383	1	0.001754
19718	19386	2	0.003509
19718	19903	1	0.001754
19718	18890	1	0.001754
19718	18901	5	0.008772
19718	19803	2	0.003509
19718	19165	1	0.001754
19718	19166	1	0.001754
19718	19679	4	0.007018
19718	19937	1	0.001754
19718	18660	1	0.001754
19718	18937	1	0.001754
19723	18817	1	0.000743
19723	19173	4	0.002974
19723	18598	1	0.000743
19723	18890	1	0.000743
19723	19821	4	0.002974
19723	19087	1	0.000743
19723	19765	1	0.000743
19723	19001	4	0.002974
19723	19740	15	0.011152
19724	18828	1	0.037037
19725	19803	1	0.125000
19725	19821	1	0.125000
19726	18696	41	0.953488
19727	19904	2	0.003766
19727	20033	1	0.001883
19727	18660	1	0.001883
19727	18629	1	0.001883
19727	18598	1	0.001883
19727	18817	16	0.030132
19727	18890	5	0.009416
19727	19821	3	0.005650
19727	18925	544	1.024482
19727	19392	1	0.001883
19727	18895	5	0.009416
19727	19129	1	0.001883
19727	19001	4	0.007533
19727	19803	3	0.005650
19727	19045	1	0.001883
19727	19695	1	0.001883
19728	19751	5	0.074627
19728	19589	5	0.074627
19728	18694	5	0.074627
19728	19847	5	0.074627
19728	19083	5	0.074627
19728	18579	5	0.074627
19728	19606	5	0.074627
19728	19223	5	0.074627
19728	19353	5	0.074627
19728	18543	5	0.074627
19728	18972	5	0.074627
19728	18846	5	0.074627
19728	19488	5	0.074627
19728	18978	5	0.074627
19728	18980	5	0.074627
19728	19109	5	0.074627
19728	19110	5	0.074627
19728	19121	5	0.074627
19728	19113	5	0.074627
19728	18732	1	0.014925
19728	19698	5	0.074627
19728	18632	5	0.074627
19728	19325	5	0.074627
19728	19387	5	0.074627
19728	19900	5	0.074627
19728	19261	5	0.074627
19728	18752	5	0.074627
19728	19780	5	0.074627
19728	18885	5	0.074627
19728	18759	5	0.074627
19728	18888	5	0.074627
19728	19530	5	0.074627
19728	20043	5	0.074627
19728	19228	5	0.074627
19728	19923	5	0.074627
19728	18906	5	0.074627
19728	19037	5	0.074627
19728	19040	5	0.074627
19728	19937	34	0.507463
19728	19554	5	0.074627
19728	18787	5	0.074627
19728	18917	5	0.074627
19728	19689	5	0.074627
19728	19178	5	0.074627
19728	20006	5	0.074627
19728	19183	5	0.074627
19728	19441	5	0.074627
19728	18930	5	0.074627
19728	18806	5	0.074627
19728	19578	5	0.074627
19728	19580	5	0.074627
19728	18941	5	0.074627
19728	19326	5	0.074627
19730	19762	1	0.035714
19730	19052	5	0.178571
19730	19970	1	0.035714
19730	19679	1	0.035714
19732	19112	1	0.001805
19732	18664	1	0.001805
19732	19349	551	0.994585
19732	19321	1	0.001805
19735	18754	4	0.007952
19735	19107	3	0.005964
19735	18598	2	0.003976
19735	18991	2	0.003976
19735	18609	3	0.005964
19735	19318	502	0.998012
19735	19991	6	0.011928
19735	19803	2	0.003976
19735	19391	2	0.003976
19736	18817	2	0.000952
19736	18951	1	0.000476
19736	19853	1	0.000476
19736	19679	4	0.001905
19736	19087	3	0.001429
19736	19095	2	0.000952
19736	19864	1	0.000476
19736	18598	1	0.000476
19736	19508	1	0.000476
19736	19001	4	0.001905
19736	19643	4	0.001905
19736	18877	1	0.000476
19736	18626	1	0.000476
19736	18886	2	0.000952
19736	18761	5	0.002381
19736	18890	1	0.000476
19736	18770	2	0.000952
19736	19641	5	0.002381
19736	19803	1	0.000476
19736	19045	2	0.000952
19736	19296	2	0.000952
19736	18789	1	0.000476
19736	19174	3	0.001429
19736	19946	2	0.000952
19736	18926	2	0.000952
19736	19709	6	0.002857
19737	19001	1	0.009346
19737	19514	1	0.009346
19737	19045	2	0.018692
19737	18598	1	0.009346
19737	19391	1	0.009346
19738	18976	1	0.010417
19738	18817	6	0.062500
19738	19394	2	0.020833
19738	19301	1	0.010417
19738	19238	1	0.010417
19738	19559	1	0.010417
19738	19818	1	0.010417
19738	18753	1	0.010417
19738	19765	4	0.041667
19738	19959	8	0.083333
19738	19832	1	0.010417
19738	19162	1	0.010417
19738	19045	1	0.010417
19739	19803	2	0.028986
19740	18817	6	0.013761
19740	19937	1	0.002294
19740	19765	1	0.002294
19740	19766	1	0.002294
19740	18609	1	0.002294
19742	18967	1	0.001297
19742	19341	1	0.001297
19742	19095	1	0.001297
19742	19994	1	0.001297
19742	19142	1	0.001297
19742	18602	1	0.001297
19742	19248	3	0.003891
19742	19889	1	0.001297
19742	18998	1	0.001297
19742	19641	1	0.001297
19742	19519	1	0.001297
19742	19907	1	0.001297
19742	18886	1	0.001297
19742	19399	1	0.001297
19742	18890	2	0.002594
19742	19415	2	0.002594
19742	19928	1	0.001297
19742	19174	1	0.001297
19742	19946	2	0.002594
19742	19706	1	0.001297
19742	19391	4	0.005188
19742	19709	1	0.001297
19743	19281	1	0.016129
19743	18972	1	0.016129
19745	19552	1	0.004717
19745	19939	1	0.004717
19745	19173	2	0.009434
19745	18764	2	0.009434
19745	18700	1	0.004717
19745	19827	4	0.018868
19745	19765	1	0.004717
19745	19190	1	0.004717
19745	19643	1	0.004717
19745	19709	1	0.004717
19746	18817	20	0.063898
19746	19207	1	0.003195
19746	19821	16	0.051118
19746	19765	1	0.003195
19746	19446	601	1.920128
19746	19959	3	0.009585
19746	19001	7	0.022364
19746	19679	1	0.003195
19749	18817	4	0.006231
19749	19362	7	0.010903
19749	19587	4	0.006231
19749	18660	2	0.003115
19749	18998	2	0.003115
19749	19270	1	0.001558
19749	18913	2	0.003115
19749	18890	2	0.003115
19749	19915	2	0.003115
19749	18609	4	0.006231
19749	18771	1	0.001558
19749	19765	2	0.003115
19749	19894	2	0.003115
19749	19001	2	0.003115
19749	19803	8	0.012461
19749	19932	2	0.003115
19749	19173	2	0.003115
19750	19164	18	0.044010
19751	19904	4	0.004474
19751	18817	12	0.013423
19751	19045	4	0.004474
19751	19399	2	0.002237
19751	18890	4	0.004474
19751	18674	2	0.002237
19751	18609	4	0.004474
19751	19173	2	0.002237
19751	19699	2	0.002237
19751	19765	4	0.004474
19751	19383	2	0.002237
19751	19001	2	0.002237
19751	19706	2	0.002237
19751	19803	19	0.021253
19751	19165	2	0.002237
19751	19391	2	0.002237
19753	18817	1	0.012195
19753	20033	1	0.012195
19753	19003	1	0.012195
19753	18660	1	0.012195
19753	19429	4	0.048780
19753	18609	4	0.048780
19753	19528	1	0.012195
19753	18966	1	0.012195
19753	18673	1	0.012195
19753	19633	1	0.012195
19753	19765	1	0.012195
19753	18550	2	0.024390
19753	19706	1	0.012195
19753	19803	6	0.073171
19753	18876	1	0.012195
19753	18621	1	0.012195
19753	18582	1	0.012195
19753	19391	1	0.012195
19755	19318	2	1.000000
19758	19937	1	0.011905
19758	18578	1	0.011905
19758	18609	1	0.011905
19758	18802	336	4.000000
19758	19766	2	0.023810
19758	18618	2	0.023810
19758	19615	1	0.011905
19759	19488	7	1.166667
19759	18590	7	1.166667
19762	19001	1	0.001575
19762	19578	638	1.004724
19762	19244	636	1.001575
19762	18598	1	0.001575
19762	19129	1	0.001575
19765	18817	56	0.312849
19765	19045	1	0.005587
19765	18598	8	0.044693
19765	19821	1	0.005587
19765	19446	1	0.005587
19765	18867	1	0.005587
19765	19350	1	0.005587
19765	19959	1	0.005587
19765	19001	5	0.027933
19765	19803	1	0.005587
19765	19679	4	0.022346
19766	18817	82	0.164659
19766	18690	1	0.002008
19766	19075	1	0.002008
19766	19077	1	0.002008
19766	18951	3	0.006024
19766	19592	1	0.002008
19766	19849	1	0.002008
19766	19211	1	0.002008
19766	19479	1	0.002008
19766	19864	1	0.002008
19766	19994	1	0.002008
19766	19738	1	0.002008
19766	19631	1	0.002008
19766	18992	1	0.002008
19766	18609	69	0.138554
19766	18994	1	0.002008
19766	19894	1	0.002008
19766	18871	1	0.002008
19766	19514	2	0.004016
19766	19771	1	0.002008
19766	19519	1	0.002008
19766	19010	1	0.002008
19766	18755	1	0.002008
19766	19142	1	0.002008
19766	19528	1	0.002008
19766	18761	1	0.002008
19766	18637	1	0.002008
19766	18680	1	0.002008
19766	19417	1	0.002008
19766	19803	4	0.008032
19766	18874	2	0.004016
19766	19678	1	0.002008
19766	19679	498	1.000000
19766	19937	1	0.002008
19766	19299	1	0.002008
19766	18660	7	0.014056
19766	18664	1	0.002008
19766	19180	1	0.002008
19766	19821	1	0.002008
19766	18674	1	0.002008
19766	19960	1	0.002008
19766	19196	1	0.002008
19766	19070	1	0.002008
19768	19173	11	1.000000
19768	19431	6	0.545455
19768	19096	11	1.000000
19768	19481	3	0.272727
19768	19482	13	1.181818
19768	19226	3	0.272727
19771	18944	2	0.033898
19771	18817	2	0.033898
19771	19457	1	0.016949
19771	18593	1	0.016949
19771	19821	1	0.016949
19771	19342	1	0.016949
19771	19765	1	0.016949
19771	19766	1	0.016949
19771	19959	1	0.016949
19771	19128	1	0.016949
19771	19803	1	0.016949
19771	19391	1	0.016949
19773	18568	222	1.077670
19773	20042	2	0.009709
19773	19765	4	0.019417
19774	19898	1	0.125000
19774	19364	1	0.125000
19775	18817	1	0.013333
19775	18651	1	0.013333
19775	18660	1	0.013333
19775	19173	1	0.013333
19775	19937	1	0.013333
19775	19087	1	0.013333
19775	18609	1	0.013333
19775	19415	1	0.013333
19775	19803	1	0.013333
19775	18654	1	0.013333
19775	19397	1	0.013333
19777	19904	3	0.006198
19777	18817	2	0.004132
19777	18598	2	0.004132
19777	19041	2	0.004132
19777	19821	3	0.006198
19777	19631	2	0.004132
19777	18771	1	0.002066
19777	19765	2	0.004132
19777	19991	9	0.018595
19777	19803	1	0.002066
19778	19043	4	0.006163
19779	19894	1	0.003906
19779	19959	10	0.039062
19780	19937	7	0.045752
19782	19683	2	0.034483
19782	19173	2	0.034483
19782	19270	1	0.017241
19782	18609	1	0.017241
19782	18890	3	0.051724
19782	19953	2	0.034483
19782	18869	2	0.034483
19782	19894	1	0.017241
19782	19803	3	0.051724
19782	18652	7	0.120690
19782	19165	1	0.017241
19785	19991	3	0.030928
19785	19631	2	0.020619
19785	19087	1	0.010309
19785	18661	8	0.082474
19785	19295	2	0.020619
19787	19160	1	0.004016
19787	19001	2	0.008032
19787	19803	1	0.004016
19790	18817	1	0.009346
19790	19834	1	0.009346
19790	19173	4	0.037383
19790	19095	2	0.018692
19793	19936	5	0.024038
19793	18876	9	0.043269
19793	19765	1	0.004808
19793	19991	1	0.004808
19793	19003	1	0.004808
19793	19100	2	0.009615
19793	19391	1	0.004808
19795	19600	80	0.503145
19795	18797	240	1.509434
19797	19173	13	0.018519
19797	19679	1	0.001425
19798	19872	3	0.010417
19798	19937	6	0.020833
19798	19765	1	0.003472
19803	18817	18	0.240000
19803	18598	1	0.013333
19803	19041	1	0.013333
19803	18609	1	0.013333
19803	18674	1	0.013333
19803	19765	1	0.013333
19803	19894	1	0.013333
19805	18890	1	0.009434
19806	18817	4	0.001686
19806	19991	5	0.002108
19806	19738	7	0.002951
19806	18976	2	0.000843
19806	18598	2	0.000843
19806	18609	4	0.001686
19806	19765	3	0.001265
19806	19894	1	0.000422
19806	19383	1	0.000422
19806	19129	6	0.002530
19806	19391	5	0.002108
19806	19392	1	0.000422
19806	18753	2	0.000843
19806	19394	1	0.000422
19806	19907	4	0.001686
19806	19404	1	0.000422
19806	18895	2	0.000843
19806	18771	2	0.000843
19806	19803	4	0.001686
19806	19041	1	0.000422
19806	19559	4	0.001686
19806	19821	2	0.000843
19806	18674	1	0.000422
19806	19318	1	0.000422
19806	19832	2342	0.987352
19807	19679	4	1.000000
19814	19458	1	0.014706
19814	18569	1	0.014706
19814	19087	1	0.014706
19814	18578	1	0.014706
19814	19219	1	0.014706
19814	19991	1	0.014706
19814	19995	1	0.014706
19814	19997	1	0.014706
19814	20003	1	0.014706
19814	19621	1	0.014706
19814	18598	1	0.014706
19814	18609	2	0.029412
19814	19631	6	0.088235
19814	19633	2	0.029412
19814	18997	1	0.014706
19814	19638	1	0.014706
19814	19386	1	0.014706
19814	19643	2	0.029412
19814	19132	1	0.014706
19814	18751	1	0.014706
19814	19265	1	0.014706
19814	19268	1	0.014706
19814	19270	1	0.014706
19814	18890	1	0.014706
19814	19765	1	0.014706
19814	19683	1	0.014706
19814	19803	4	0.058824
19814	19165	1	0.014706
19814	19295	1	0.014706
19814	19552	1	0.014706
19814	19939	1	0.014706
19814	19899	1	0.014706
19814	19942	1	0.014706
19814	19964	1	0.014706
19814	18673	1	0.014706
19814	19190	1	0.014706
19814	19961	5	0.073529
19814	19452	1	0.014706
19814	19837	1	0.014706
19815	19937	1	0.000191
19815	18817	1	0.000191
19815	19908	3	0.000572
19815	19270	1	0.000191
19815	18567	6	0.001144
19815	18890	2	0.000381
19815	19165	1	0.000191
19815	18609	2	0.000381
19815	18913	1	0.000191
19815	18771	1	0.000191
19815	18619	1	0.000191
19815	19292	1	0.000191
19815	19869	1	0.000191
19817	18817	1	0.001718
19817	19970	2	0.003436
19817	18660	2	0.003436
19817	19431	3	0.005155
19817	19052	3	0.005155
19817	18637	6	0.010309
19817	18609	1	0.001718
19817	18771	4	0.006873
19817	19765	2	0.003436
19817	19001	10	0.017182
19817	18938	631	1.084192
19817	19803	1	0.001718
19817	19797	2	0.003436
19818	19173	1	0.035714
19819	18817	2	0.000308
19819	19970	2	0.000308
19819	18660	1	0.000154
19819	18598	6	0.000925
19819	19174	4	0.000617
19819	19399	3	0.000462
19819	18998	2	0.000308
19819	18991	17	0.002620
19819	19954	4	0.000617
19819	19937	2	0.000308
19819	18870	5	0.000771
19819	19095	2	0.000308
19819	19576	1	0.000154
19819	18809	1	0.000154
19819	19226	1	0.000154
19819	19679	1	0.000154
19819	19997	1	0.000154
19819	19709	2	0.000308
19819	19173	26	0.004007
19820	19001	4	0.010610
19821	18817	5	0.075758
19821	19045	1	0.015152
19821	18598	2	0.030303
19821	19765	254	3.848485
19821	19350	1	0.015152
19821	19001	2	0.030303
19821	19679	1	0.015152
19822	18817	18	0.011215
19822	19803	4	0.002492
19822	19915	2	0.001246
19822	18867	2	0.001246
19822	18609	6	0.003738
19822	18547	4	0.002492
19822	19700	4	0.002492
19822	19766	2	0.001246
19822	19064	4	0.002492
19822	19034	4	0.002492
19822	19679	2	0.001246
19822	19614	4	0.002492
19822	18943	4	0.002492
19823	19679	9	1.000000
19824	19174	1	0.002703
19824	18817	5	0.013514
19824	18770	51	0.137838
19824	19173	48	0.129730
19824	19954	1	0.002703
19825	19392	2	0.003929
19825	19041	1	0.001965
19825	20033	2	0.003929
19825	19003	2	0.003929
19825	19001	4	0.007859
19825	18817	4	0.007859
19825	18890	2	0.003929
19825	18699	45	0.088409
19825	19631	15	0.029470
19825	18895	2	0.003929
19825	19991	6	0.011788
19825	18617	2	0.003929
19825	19643	2	0.003929
19825	18589	1	0.001965
19826	19392	1	0.001344
19826	18817	1	0.001344
19826	19299	2	0.002688
19826	18660	1	0.001344
19826	19911	1	0.001344
19826	18951	2	0.002688
19826	19821	1	0.001344
19826	19087	1	0.001344
19826	19380	1	0.001344
19826	19803	1	0.001344
19827	19552	17	0.040573
19827	18817	7	0.016706
19827	19803	2	0.004773
19827	19392	1	0.002387
19827	19745	3	0.007160
19827	18890	2	0.004773
19827	18895	2	0.004773
19827	19991	1	0.002387
19827	19631	6	0.014320
19829	19041	2	0.002618
19829	20033	9	0.011780
19829	18890	1	0.001309
19829	19723	1	0.001309
19829	19631	27	0.035340
19829	18817	1	0.001309
19829	19991	3	0.003927
19829	19001	8	0.010471
19829	18874	1	0.001309
19829	19740	3	0.003927
19829	18589	1	0.001309
19829	19391	1	0.001309
19832	18817	3	0.008287
19832	19219	1	0.002762
19832	19991	5	0.013812
19832	19738	16	0.044199
19832	18976	7	0.019337
19832	19238	9	0.024862
19832	18867	1	0.002762
19832	19765	2	0.005525
19832	19001	3	0.008287
19832	18598	3	0.008287
19832	18753	32	0.088398
19832	19394	8	0.022099
19832	19907	13	0.035912
19832	18771	2	0.005525
19832	19803	8	0.022099
19832	19806	105	0.290055
19832	19937	5	0.013812
19832	18660	1	0.002762
19832	19173	3	0.008287
19832	19559	8	0.022099
19832	19821	1	0.002762
19832	19318	5	0.013812
19832	19959	4	0.011050
19834	19392	3	0.002417
19834	19173	3	0.002417
19834	19592	6	0.004835
19834	19790	11	0.008864
19834	18609	3	0.002417
19834	19318	3	0.002417
19834	19095	17	0.013699
19834	19647	1444	1.163578
19837	19643	1	0.022222
19837	19631	6	0.133333
19837	18609	1	0.022222
19837	19894	1	0.022222
19837	18839	4	0.088889
19837	19226	1	0.022222
19837	19803	3	0.066667
19837	18589	1	0.022222
19840	19554	2	0.003854
19841	19041	1	0.043478
19841	19959	1	0.043478
19841	18551	1	0.043478
19841	19404	1	0.043478
19841	19821	1	0.043478
19841	18817	1	0.043478
19841	18771	1	0.043478
19841	18550	1	0.043478
19841	19991	1	0.043478
19841	19001	1	0.043478
19841	19391	1	0.043478
19841	19679	23	1.000000
19842	18817	20	0.112360
19842	19410	1	0.005618
19842	18867	172	0.966292
19842	19045	168	0.943820
19843	19679	23	1.000000
19844	18890	2	0.003130
19844	19173	92	0.143975
19847	19937	1	0.001905
19849	18609	1	0.015385
19849	18817	30	0.461538
19849	18890	30	0.461538
19849	19281	1	0.015385
19850	19939	2	0.005917
19850	19173	26	0.076923
19850	19814	2	0.005917
19850	19291	1	0.002959
19850	18731	1	0.002959
19850	18764	1	0.002959
19850	18576	1	0.002959
19850	18771	1	0.002959
19850	18964	1	0.002959
19850	18901	1	0.002959
19850	19190	2	0.005917
19850	19961	1	0.002959
19850	18808	1	0.002959
19850	20020	1	0.002959
19850	19290	6	0.017751
19850	18619	1	0.002959
19850	19001	2	0.005917
19850	19621	2	0.005917
19851	18817	3	0.006550
19851	19339	1	0.002183
19851	19854	10	0.021834
19851	19855	19	0.041485
19851	19476	1	0.002183
19851	19991	3	0.006550
19851	18598	2	0.004367
19851	18733	1	0.002183
19851	19631	5	0.010917
19851	18609	7	0.015284
19851	18997	3	0.006550
19851	19894	1	0.002183
19851	19001	10	0.021834
19851	19643	1	0.002183
19851	18876	2	0.004367
19851	18621	1	0.002183
19851	20030	1	0.002183
19851	19904	6	0.013100
19851	19151	1	0.002183
19851	19041	2	0.004367
19851	19045	1	0.002183
19851	19695	1	0.002183
19851	19825	1	0.002183
19851	19710	1	0.002183
19853	18817	1	0.016949
19853	19765	114	1.932203
19853	18598	3	0.050847
19853	18761	2	0.033898
19854	18817	2	0.000722
19854	18997	2	0.000722
19854	18598	1	0.000361
19854	19765	6	0.002167
19855	18817	1	0.000280
19855	18660	1	0.000280
19855	19173	1	0.000280
19855	18598	2	0.000560
19855	19851	6	0.001680
19855	19001	3	0.000840
19855	19854	4	0.001120
19855	19765	1	0.000280
19855	19991	1	0.000280
19855	18713	2	0.000560
19856	19938	1	0.004310
19856	19173	1	0.004310
19856	19324	1	0.004310
19856	19981	1	0.004310
19856	19062	1	0.004310
19856	19708	1	0.004310
19856	19071	279	1.202586
19857	19096	5	1.000000
19857	19482	12	2.400000
19857	19173	5	1.000000
19858	18817	3	0.008929
19858	19461	1	0.002976
19858	19528	349	1.038690
19858	19045	1	0.002976
19858	18736	1	0.002976
19858	18674	1	0.002976
19858	19765	2	0.005952
19858	19991	5	0.014881
19858	19001	6	0.017857
19858	19803	1	0.002976
19858	19391	340	1.011905
19859	18550	1	0.100000
19860	19619	1852	1.186419
19860	19173	2	0.001281
19860	18598	3	0.001922
19860	18996	2	0.001281
19860	19165	2	0.001281
19860	19679	2	0.001281
19861	18912	2	0.002729
19861	20002	2	0.002729
19861	19683	1	0.001364
19861	20042	1432	1.953615
19861	18797	2	0.002729
19861	19773	2	0.002729
19861	19600	1	0.001364
19861	19953	2	0.002729
19861	19165	4	0.005457
19861	18746	2	0.002729
19861	19420	1	0.001364
19861	19242	2	0.002729
19861	19999	2	0.002729
19863	19937	4	0.250000
19864	19041	16	0.003143
19864	18722	19	0.003733
19864	18609	1	0.000196
19864	19665	4	0.000786
19864	19765	7	0.001375
19864	18998	1	0.000196
19864	19959	1	0.000196
19864	19736	26	0.005108
19864	19679	2	0.000393
19865	19803	4	0.004619
19865	18998	1	0.001155
19865	19695	3	0.003464
19866	19091	2	1.000000
19866	19173	2	1.000000
19868	19304	2	0.030769
19868	18890	6	0.092308
19868	19803	2	0.030769
19869	19328	1	0.000801
19869	18944	2	0.001601
19869	19362	2	0.001601
19869	19587	1	0.000801
19869	19270	8	0.006405
19869	18817	3	0.002402
19869	18664	2	0.001601
19869	19765	1	0.000801
19869	19766	3	0.002402
19869	19321	2	0.001601
19869	19679	6	0.004804
19871	18817	1	0.052632
19871	18738	6	0.315789
19871	19803	1	0.052632
19872	18867	3	0.230769
19872	18598	4	0.307692
19872	19679	28	2.153846
19875	18817	1	0.018182
19875	19399	2	0.036364
19875	19052	2	0.036364
19875	19094	1	0.018182
19875	19959	1	0.018182
19875	19803	1	0.018182
19876	18817	1	0.001050
19876	19095	36	0.037815
19876	19724	1	0.001050
19876	19087	3	0.003151
19876	18712	1	0.001050
19876	18967	5	0.005252
19876	19736	3	0.003151
19876	19609	1	0.001050
19876	18718	3	0.003151
19876	19248	1	0.001050
19876	19270	1	0.001050
19876	18598	1	0.001050
19876	18609	1	0.001050
19876	18991	2	0.002101
19876	20016	1	0.001050
19876	19889	2	0.002101
19876	19422	1	0.001050
19876	19894	2	0.002101
19876	19641	25	0.026261
19876	19386	1	0.001050
19876	19643	2	0.002101
19876	18622	1	0.001050
19876	18753	3	0.003151
19876	18998	6	0.006303
19876	18886	1	0.001050
19876	19937	1	0.001050
19876	18890	1	0.001050
19876	19147	1	0.001050
19876	19278	2	0.002101
19876	19683	1	0.001050
19876	19928	2	0.002101
19876	18959	1	0.001050
19876	19166	2	0.002101
19876	19679	1	0.001050
19876	20027	1	0.001050
19876	19899	1	0.001050
19876	19173	1	0.001050
19876	19174	5	0.005252
19876	19431	15	0.015756
19876	18793	1	0.001050
19876	19946	3	0.003151
19876	19695	1	0.001050
19876	18685	1	0.001050
19876	19049	1	0.001050
19876	19321	1	0.001050
19876	19707	2	0.002101
19876	19709	36	0.037815
19877	18817	3	0.013100
19877	19970	1	0.004367
19877	18937	2	0.008734
19877	19991	1	0.004367
19877	19001	2	0.008734
19877	19386	1	0.004367
19877	19803	2	0.008734
19877	19391	2	0.008734
19880	18817	1	0.014085
19880	18598	1	0.014085
19880	18793	1	0.014085
19880	18674	1	0.014085
19880	19991	2	0.028169
19880	18680	3	0.042254
19880	18651	3	0.042254
19884	19872	3	0.006224
19884	19765	4	0.008299
19885	19040	2	0.018692
19885	19347	6	0.056075
19886	18817	4	0.041667
19886	18913	3	0.031250
19886	19927	1	0.010417
19886	19001	1	0.010417
19886	19355	1	0.010417
19886	18623	1	0.010417
19887	19363	1	0.011905
19888	19001	2	0.007435
19888	18660	5	0.018587
19888	19293	5	0.018587
19888	18598	4	0.014870
19888	19679	2	0.007435
19889	19173	2	0.045455
19889	19318	2	0.045455
19894	19872	1	0.002597
19894	18817	497	1.290909
19894	19779	1	0.002597
19894	19173	1	0.002597
19894	18598	17	0.044156
19894	19041	1	0.002597
19894	19001	2	0.005195
19894	19244	2	0.005195
19894	18991	2	0.005195
19894	18674	1	0.002597
19894	18867	5	0.012987
19894	19699	4	0.010390
19894	19765	2	0.005195
19894	19195	1	0.002597
19894	19383	2	0.005195
19894	19321	2	0.005195
19894	19803	1	0.002597
19894	19695	2	0.005195
19894	19643	2	0.005195
19894	19679	3	0.007792
19895	19821	1	0.015873
19895	19631	3	0.047619
19895	18928	4	0.063492
19895	18609	1	0.015873
19895	18771	1	0.015873
19895	19446	1	0.015873
19895	19001	2	0.031746
19895	19803	3	0.047619
19895	19391	2	0.031746
19899	19641	53	0.803030
19899	19706	17	0.257576
19899	19907	53	0.803030
19899	18771	1	0.015152
19900	18817	10	0.018018
19900	18609	1	0.001802
19900	18999	1	0.001802
19900	19281	1	0.001802
19900	19937	1	0.001802
19901	20032	1	0.000519
19901	19766	1	0.000519
19901	19430	5	0.002596
19903	19392	2	0.002144
19903	20033	2	0.002144
19903	18660	14	0.015005
19903	19894	1	0.001072
19903	18598	6	0.006431
19903	18817	2	0.002144
19903	19318	1	0.001072
19903	19705	1	0.001072
19903	19001	6	0.006431
19903	19386	12	0.012862
19903	19391	1	0.001072
19903	19807	4	0.004287
19904	18817	2	0.001569
19904	18660	1	0.000784
19904	18565	1	0.000784
19904	18598	2	0.001569
19904	18785	1	0.000784
19904	19991	6	0.004706
19904	19821	1	0.000784
19904	19631	1	0.000784
19904	18578	1	0.000784
19904	19699	1	0.000784
19904	19765	1	0.000784
19904	19959	1	0.000784
19904	18872	1	0.000784
19904	19001	1	0.000784
19904	19706	1	0.000784
19904	19643	1	0.000784
19904	18876	1	0.000784
19905	19624	1	0.055556
19905	19679	18	1.000000
19906	18817	6	0.064516
19906	19459	1	0.010753
19906	18567	1	0.010753
19906	19593	94	1.010753
19906	19598	1	0.010753
19906	18575	1	0.010753
19906	19988	1	0.010753
19906	19999	1	0.010753
19906	19237	1	0.010753
19906	18731	1	0.010753
19906	19631	2	0.021505
19906	18876	1	0.010753
19906	19773	1	0.010753
19906	19391	2	0.021505
19906	19904	2	0.021505
19906	18882	94	1.010753
19906	18628	1	0.010753
19906	18890	1	0.010753
19906	18764	1	0.010753
19906	18895	1	0.010753
19906	19156	1	0.010753
19906	19931	94	1.010753
19906	18652	1	0.010753
19906	18912	1	0.010753
19906	19172	1	0.010753
19906	18663	1	0.010753
19906	18664	2	0.021505
19906	19260	1	0.010753
19906	18797	1	0.010753
19906	19432	1	0.010753
19906	18808	94	1.010753
19906	19706	2	0.021505
19907	18817	13	0.001561
19907	19970	1	0.000120
19907	18820	1	0.000120
19907	19991	1	0.000120
19907	19738	4	0.000480
19907	18598	8	0.000960
19907	19624	2	0.000240
19907	18609	3	0.000360
19907	19806	17	0.002041
19907	19766	1	0.000120
19907	19641	3641	0.437095
19907	18874	1	0.000120
19907	19899	1	0.000120
19907	19391	11	0.001321
19907	18753	4	0.000480
19907	19394	6	0.000720
19907	19318	1	0.000120
19907	19270	1	0.000120
19907	19399	7	0.000840
19907	18890	3	0.000360
19907	19022	1	0.000120
19907	18771	2	0.000240
19907	19001	1	0.000120
19907	19800	6	0.000720
19907	19162	1	0.000120
19907	19803	4	0.000480
19907	19166	3	0.000360
19907	19679	2	0.000240
19907	19041	7	0.000840
19907	18660	4	0.000480
19907	19559	39	0.004682
19907	19052	1	0.000120
19907	18550	1	0.000120
19907	19832	6	0.000720
19907	19706	2	0.000240
19908	19803	2	0.005540
19908	19539	3	0.008310
19908	18567	1	0.002770
19908	18598	1	0.002770
19908	18655	5200	14.404432
19909	18817	2	0.011364
19909	18805	32	0.181818
19910	19803	1	0.111111
19910	19083	9	1.000000
19911	19616	1	0.003356
19911	19803	1	0.003356
19911	19519	30	0.100671
19912	19641	2	0.000480
19912	20004	8292	1.988489
19912	19765	2	0.000480
19913	18890	2	0.000676
19913	19803	8	0.002705
19913	19173	1	0.000338
19914	18817	1	0.004367
19914	19940	1	0.004367
19914	19766	2	0.008734
19914	18598	4	0.017467
19914	19528	22	0.096070
19914	18953	158	0.689956
19914	19765	2	0.008734
19914	19823	1	0.004367
19914	18736	1	0.004367
19914	19318	2	0.008734
19914	18582	6	0.026201
19914	19383	1	0.004367
19914	19001	1	0.004367
19914	19679	2	0.008734
19914	19173	1	0.004367
19915	18913	4	0.007105
19915	19894	7	0.012433
19915	18598	8	0.014210
19915	18609	11	0.019538
19915	18550	4	0.007105
19915	19803	4	0.007105
19918	19234	21	0.116667
19918	18957	22	0.122222
19918	19935	22	0.122222
19920	19937	1	0.100000
19920	18550	1	0.100000
19923	19937	1	0.001387
19924	18817	1	0.007194
19924	18660	3	0.021583
19924	18725	3	0.021583
19924	18890	11	0.079137
19924	19821	3	0.021583
19924	18609	1	0.007194
19924	18771	1	0.007194
19924	18965	3	0.021583
19924	19001	3	0.021583
19924	19391	3	0.021583
19925	18948	1	0.029412
19926	19937	2	0.222222
19926	18822	2	0.222222
19926	19399	3	0.333333
19926	18871	4	0.444444
19926	19641	2	0.222222
19926	19803	4	0.444444
19927	19593	1	0.012821
19927	19459	1	0.012821
19927	19237	1	0.012821
19927	19894	1	0.012821
19928	18817	4	0.002459
19928	19970	1	0.000615
19928	19894	2	0.001229
19928	18890	1	0.000615
19928	19248	1	0.000615
19928	18674	2	0.001229
19928	19173	1	0.000615
19928	18805	1	0.000615
19928	18998	2	0.001229
19928	19991	1	0.000615
19928	19001	1	0.000615
19928	19706	1	0.000615
19928	19803	3	0.001844
19928	19165	2	0.001229
19928	19765	4	0.002459
19929	18738	2	0.250000
19930	19284	1	0.066667
19930	18809	1	0.066667
19930	19052	15	1.000000
19930	19244	1	0.066667
19931	19392	2	0.001880
19931	19953	2	0.001880
19931	19906	2	0.001880
19931	18723	752	0.706767
19931	18629	2	0.001880
19931	19270	2	0.001880
19931	19683	2	0.001880
19931	18890	2	0.001880
19931	18609	10	0.009398
19931	18771	2	0.001880
19931	19316	2	0.001880
19931	18619	4	0.003759
19931	19766	2	0.001880
19931	19991	756	0.710526
19931	19706	738	0.693609
19931	19803	754	0.708647
19932	19803	8	0.049383
19932	18664	1	0.006173
19932	18890	3	0.018519
19932	19982	1	0.006173
19932	18609	1	0.006173
19932	19475	2	0.012346
19932	18811	2	0.012346
19935	19234	21	0.116667
19935	18957	22	0.122222
19935	19918	22	0.122222
19937	18817	25	1.190476
19937	19803	42	2.000000
19938	19904	3	0.006438
19938	19765	1	0.002146
19938	19001	2	0.004292
19938	19803	1	0.002146
19938	19708	3	0.006438
19938	19071	1	0.002146
19939	19937	2	0.003030
19939	19318	1	0.001515
19939	18598	2	0.003030
19939	18817	1	0.001515
19939	19850	2	0.003030
19939	18731	2	0.003030
19939	18764	6	0.009091
19939	19631	3	0.004545
19939	18609	1	0.001515
19939	18964	2	0.003030
19939	19894	2	0.003030
19939	19959	1	0.001515
19939	18808	2	0.003030
19939	19290	1	0.001515
19939	19391	1	0.001515
19939	19041	1	0.001515
19940	19803	1	0.010309
19940	18660	7	0.072165
19942	19937	1	0.001555
19942	18660	1	0.001555
19942	19173	1	0.001555
19942	18598	2	0.003110
19942	18890	3	0.004666
19942	18609	7	0.010886
19942	18578	8	0.012442
19942	18867	4	0.006221
19942	19765	2	0.003110
19942	19766	2	0.003110
19942	19803	1	0.001555
19942	19658	3	0.004666
19942	19679	2	0.003110
19945	19391	4	0.004274
19945	18736	2	0.002137
19945	18609	3	0.003205
19945	19765	3	0.003205
19945	19001	6	0.006410
19945	19679	3	0.003205
19945	19711	2	0.002137
19946	18817	13	0.102362
19946	18822	1	0.007874
19946	18951	1	0.007874
19946	18578	2	0.015748
19946	18965	3	0.023622
19946	19736	2	0.015748
19946	19362	2	0.015748
19946	19244	2	0.015748
19946	19501	1	0.007874
19946	18991	1	0.007874
19946	20016	1	0.007874
19946	18741	2	0.015748
19946	18998	21	0.165354
19946	18999	2	0.015748
19946	19386	2	0.015748
19946	19643	1	0.007874
19946	18622	2	0.015748
19946	19270	2	0.015748
19946	19147	2	0.015748
19946	18809	1	0.007874
19946	18784	2	0.015748
19946	19683	2	0.015748
19946	18660	3	0.023622
19946	19173	3	0.023622
19946	19174	1	0.007874
19946	19431	2	0.015748
19946	18793	2	0.015748
19946	18922	26	0.204724
19946	19436	2	0.015748
19946	19695	2	0.015748
19946	19699	2	0.015748
19946	19321	2	0.015748
19946	19707	2	0.015748
19946	19709	1	0.007874
19948	18960	16265	80.519802
19948	19173	2	0.009901
19948	18598	1	0.004950
19952	19907	1	0.000714
19952	18886	1	0.000714
19952	19087	1	0.000714
19952	19889	1	0.000714
19952	19709	1	0.000714
19952	19695	1	0.000714
19952	19165	1	0.000714
19953	19904	2	0.001097
19953	18723	1	0.000549
19953	19172	3	0.001646
19953	19173	1	0.000549
19953	19782	1	0.000549
19953	19432	1	0.000549
19953	18652	1	0.000549
19953	19087	1	0.000549
19953	19679	1	0.000549
19953	18575	1	0.000549
19953	19601	2	0.001097
19953	19683	2	0.001097
19953	19765	2	0.001097
19953	19706	6	0.003291
19953	19803	5	0.002743
19953	19260	2	0.001097
19953	19391	2	0.001097
19954	18817	486	3.919355
19954	18890	120	0.967742
19955	19872	1	0.001377
19955	19937	2	0.002755
19955	19106	4	0.005510
19955	18817	1	0.001377
19955	18609	1	0.001377
19955	19765	1	0.001377
19955	19864	4	0.005510
19956	19173	2	0.005797
19956	18998	1	0.002899
19959	18817	23	0.306667
19959	19010	1	0.013333
19959	19779	17	0.226667
19959	18664	3	0.040000
19959	19211	1	0.013333
19959	19479	1	0.013333
19959	19821	1	0.013333
19959	19631	4	0.053333
19959	18992	2	0.026667
19959	19889	1	0.013333
19959	18755	1	0.013333
19959	19284	1	0.013333
19959	19095	1	0.013333
19959	19803	1	0.013333
19959	19709	1	0.013333
19959	19070	2	0.026667
19960	18944	3	0.003736
19960	18817	82	0.102117
19960	18660	3	0.003736
19960	19045	2	0.002491
19960	18598	10	0.012453
19960	18890	12	0.014944
19960	18609	6	0.007472
19960	19001	3	0.003736
19960	19391	3	0.003736
19961	18890	1	0.000609
19961	18817	18	0.010969
19961	18786	24	0.014625
19961	19814	10	0.006094
19961	19850	6	0.003656
19961	19631	16	0.009750
19961	19087	6	0.003656
19961	19765	10	0.006094
19961	19991	5	0.003047
19961	19643	6	0.003656
19961	19485	6	0.003656
19962	18817	2	0.002972
19962	19643	1	0.001486
19962	18660	9	0.013373
19962	19631	11	0.016345
19962	18609	1	0.001486
19962	19001	3	0.004458
19962	19706	1	0.001486
19962	19803	8	0.011887
19962	19452	738	1.096582
19962	19391	8	0.011887
19964	19458	1	0.000879
19964	18949	1	0.000879
19964	18696	1	0.000879
19964	19087	1	0.000879
19964	19219	1	0.000879
19964	19995	1	0.000879
19964	20003	1	0.000879
19964	19621	1	0.000879
19964	19638	1	0.000879
19964	19386	2	0.001757
19964	19643	1	0.000879
19964	19132	1	0.000879
19964	19005	1	0.000879
19964	18751	1	0.000879
19964	19265	1	0.000879
19964	19766	1	0.000879
19964	19268	2	0.001757
19964	18550	1	0.000879
19964	19015	1	0.000879
19964	19937	1	0.000879
19964	18645	1	0.000879
19964	19290	1	0.000879
19964	19803	1	0.000879
19964	19165	1	0.000879
19964	19295	1	0.000879
19964	19552	1	0.000879
19964	18913	1	0.000879
19964	19939	1	0.000879
19964	19942	1	0.000879
19964	18673	1	0.000879
19964	19190	1	0.000879
19964	18680	1	0.000879
19964	19705	1	0.000879
19964	19452	1	0.000879
19964	19837	1	0.000879
19964	18651	1	0.000879
19965	18778	222	1.964602
19965	19967	111	0.982301
19966	18817	9	1.800000
19966	19316	1	0.200000
19966	19894	1	0.200000
19966	19679	5	1.000000
19968	19904	1	0.022727
19968	18817	3	0.068182
19968	19679	44	1.000000
19970	18817	86	1.264706
19970	19173	60	0.882353
19970	18598	5	0.073529
19970	18890	3	0.044118
19970	18736	60	0.882353
19970	19679	62	0.911765
19973	19723	1	0.003289
19973	19765	1	0.003289
19974	19192	2	0.002240
19974	19803	2	0.002240
19974	19318	1	0.001120
19977	19904	1	0.055556
19977	18817	1	0.055556
19977	19554	1	0.055556
19977	20038	1	0.055556
19977	18890	2	0.111111
19977	20012	1	0.055556
19977	18925	1	0.055556
19977	18609	1	0.055556
19977	18579	1	0.055556
19977	19383	1	0.055556
19977	19803	1	0.055556
19977	19165	1	0.055556
19977	19359	1	0.055556
19980	18598	13	0.288889
19981	19904	3	0.004518
19981	19619	3	0.004518
19981	18660	3	0.004518
19981	18598	1	0.001506
19981	18921	5	0.007530
19981	19991	1	0.001506
19981	18609	2	0.003012
19981	19699	5	0.007530
19981	18967	5	0.007530
19981	18876	3	0.004518
19981	19071	3	0.004518
19982	18817	8	0.003259
19982	19652	4	0.001629
19982	18660	4	0.001629
19982	18663	4	0.001629
19982	18664	19	0.007739
19982	18951	27	0.010998
19982	19821	4	0.001629
19982	19991	4	0.001629
19982	18744	4	0.001629
19982	19321	218	0.088798
19982	19932	4	0.001629
19983	19803	1	0.142857
19986	18680	3	0.012931
19986	19314	2	0.008621
19986	19557	3	0.012931
19988	19904	2	0.002212
19988	19041	2	0.002212
19988	19906	7	0.007743
19988	19683	4	0.004425
19988	19045	2	0.002212
19988	18817	4	0.004425
19988	18890	4	0.004425
19988	19001	1	0.001106
19988	18623	1	0.001106
19988	18674	1	0.001106
19988	18771	1	0.001106
19988	19316	1	0.001106
19988	19765	3	0.003319
19988	19414	2	0.002212
19988	19991	6	0.006637
19988	18969	1	0.001106
19988	19894	1	0.001106
19988	19803	2	0.002212
19988	19391	5	0.005531
19989	19937	2	0.004988
19989	19491	1	0.002494
19989	18598	1	0.002494
19989	19431	1	0.002494
19989	19052	227	0.566085
19989	18766	2	0.004988
19989	18817	3	0.007481
19989	19479	3	0.007481
19989	19803	1	0.002494
19991	19904	2	0.003711
19991	18817	51	0.094620
19991	18660	1	0.001855
19991	19391	1	0.001855
19991	18598	42	0.077922
19991	19041	9	0.016698
19991	18664	4	0.007421
19991	19404	108	0.200371
19991	19821	2	0.003711
19991	18771	7	0.012987
19991	19765	1	0.001855
19991	18872	1	0.001855
19991	19001	1	0.001855
19991	19803	1	0.001855
19991	19679	537	0.996289
19994	18944	3	0.005587
19994	18817	4	0.007449
19994	19746	1	0.001862
19994	18660	1	0.001862
19994	19173	1	0.001862
19994	19303	13	0.024209
19994	18609	1	0.001862
19994	18890	15	0.027933
19994	19991	10	0.018622
19994	19821	1	0.001862
19994	19679	2	0.003724
19994	18895	2	0.003724
19994	19697	1	0.001862
19994	19970	1	0.001862
19994	18771	1	0.001862
19994	19959	1	0.001862
19994	19001	18	0.033520
19994	19514	2	0.003724
19994	19803	12	0.022346
19994	19166	2	0.003724
19994	19391	3	0.005587
19995	18817	1	0.004348
19995	19803	2	0.008696
19995	19041	1	0.004348
19995	18890	3	0.013043
19995	18700	12	0.052174
19995	19631	2	0.008696
19995	18609	1	0.004348
19995	18867	1	0.004348
19995	19765	1	0.004348
19995	19160	2	0.008696
19995	19491	2	0.008696
19995	19643	2	0.008696
19996	18817	40	0.042735
19996	19894	1	0.001068
19996	19391	1	0.001068
19996	19041	4	0.004274
19996	19399	962	1.027778
19996	18890	1	0.001068
19996	18923	1	0.001068
19996	18598	1	0.001068
19996	18895	1	0.001068
19996	18771	5	0.005342
19996	19284	1	0.001068
19996	19766	1	0.001068
19996	19991	3	0.003205
19996	19544	1	0.001068
19996	19001	7	0.007479
19996	19514	146	0.155983
19996	19803	2	0.002137
19996	19293	1	0.001068
19996	19679	935	0.998932
19997	18592	40	0.013671
19997	18817	3	0.001025
19997	19010	3	0.001025
19997	19173	38	0.012987
19997	19399	1	0.000342
19997	18952	1	0.000342
19997	19433	6	0.002051
19997	18890	2	0.000684
19997	19436	2	0.000684
19997	18626	2	0.000684
19997	19248	1	0.000342
19997	18609	1	0.000342
19997	19506	1	0.000342
19997	19637	12	0.004101
19997	18998	8	0.002734
19997	19641	1	0.000342
19997	19803	2	0.000684
19999	19904	1	0.004167
19999	18817	2	0.008333
19999	20002	2	0.008333
19999	19683	7	0.029167
19999	18660	1	0.004167
19999	18598	5	0.020833
19999	19041	1	0.004167
19999	20042	1	0.004167
19999	19991	1	0.004167
19999	18609	2	0.008333
19999	18578	1	0.004167
19999	19383	1	0.004167
19999	19706	6	0.025000
20002	18817	19	0.010509
20002	18568	1	0.000553
20002	19600	1	0.000553
20002	19475	1	0.000553
20002	19999	9	0.004978
20002	18598	8	0.004425
20002	19633	2025	1.120022
20002	19421	2	0.001106
20002	19248	2	0.001106
20002	18609	6	0.003319
20002	18867	4	0.002212
20002	19765	3	0.001659
20002	19894	2	0.001106
20002	19904	2	0.001106
20002	19779	2	0.001106
20002	18913	2	0.001106
20002	20042	16	0.008850
20002	18895	2	0.001106
20002	19803	10	0.005531
20002	19420	1	0.000553
20002	19165	4	0.002212
20002	19937	4	0.002212
20002	19683	11	0.006084
20002	19173	1	0.000553
20002	19821	11	0.006084
20002	19959	9	0.004978
20002	19706	18	0.009956
20003	19643	2	0.012121
20004	18944	1	0.000334
20004	19173	8	0.002674
20004	18886	1	0.000334
20004	18696	5	0.001671
20004	19244	1	0.000334
20004	18669	1	0.000334
20004	19726	1	0.000334
20004	18703	1	0.000334
20004	19248	1	0.000334
20004	19174	1	0.000334
20004	19284	3	0.001003
20004	19765	3	0.001003
20004	18998	1	0.000334
20004	19095	2	0.000668
20004	18958	2	0.000668
20004	19226	7	0.002340
20006	19937	1	0.000765
20007	19224	1	0.004566
20007	19443	3	0.013699
20009	18817	2	0.009756
20009	19165	1	0.004878
20009	18660	4	0.019512
20009	18598	2	0.009756
20009	18890	1	0.004878
20009	19823	3	0.014634
20009	18609	2	0.009756
20009	19894	2	0.009756
20009	19706	1	0.004878
20009	19803	4	0.019512
20009	18876	1	0.004878
20009	19293	1	0.004878
20011	20004	831	0.627644
20012	19042	54	2.000000
20012	19695	1	0.037037
20015	18817	18	0.750000
20015	18674	2	0.083333
20015	19803	1	0.041667
20015	19765	2	0.083333
20015	19045	1	0.041667
20016	18817	4	0.003876
20016	19010	1	0.000969
20016	18660	1	0.000969
20016	19894	4	0.003876
20016	19430	1	0.000969
20016	19765	2	0.001938
20016	19350	1	0.000969
20016	19001	1	0.000969
20016	19480	4	0.003876
20016	18809	1	0.000969
20016	18564	1	0.000969
20018	20009	1	0.166667
20019	18817	1	0.003058
20019	19182	327	1.000000
20020	18817	167	0.066961
20020	19718	1	0.000401
20020	19087	2	0.000802
20020	18964	12	0.004812
20020	19991	2	0.000802
20020	18598	12	0.004812
20020	18609	5	0.002005
20020	19765	9	0.003609
20020	19001	9	0.003609
20020	19514	2	0.000802
20020	19005	7	0.002807
20020	19391	12	0.004812
20020	19907	2	0.000802
20020	18890	4	0.001604
20020	18895	3	0.001203
20020	18771	5	0.002005
20020	19668	2	0.000802
20020	19290	32	0.012831
20020	19803	27	0.010826
20020	18874	3	0.001203
20020	19679	3	0.001203
20020	19041	3	0.001203
20020	18660	1	0.000401
20020	19821	4	0.001604
20020	19318	2	0.000802
20023	18693	79	1.097222
20024	19937	1	0.001709
20025	19679	25	1.000000
20026	19706	1	0.001828
20026	19173	1	0.001828
20026	19165	1	0.001828
20027	19937	1	0.014493
20027	19779	1	0.014493
20027	19830	1	0.014493
20027	18598	2	0.028986
20027	18817	2	0.028986
20027	18609	2	0.028986
20027	18867	1	0.014493
20027	18550	2	0.028986
20027	19803	1	0.014493
20028	18754	2	0.025641
20028	18923	1	0.012821
20028	19746	1	0.012821
20028	19289	1	0.012821
20028	19001	2	0.025641
20028	19803	1	0.012821
20028	19391	1	0.012821
20029	19173	1	0.090909
20030	18817	5	0.119048
20030	18960	1	0.023810
20030	19991	2	0.047619
20030	19363	1	0.023810
20030	18598	1	0.023810
20030	19631	4	0.095238
20030	18609	1	0.023810
20030	19894	1	0.023810
20030	19643	1	0.023810
20030	18748	1	0.023810
20030	19391	1	0.023810
20030	19399	1	0.023810
20030	19404	1	0.023810
20030	19803	4	0.095238
20030	19041	1	0.023810
20030	19173	1	0.023810
20030	19946	1	0.023810
20030	19821	1	0.023810
20030	18928	1	0.023810
20030	18674	1	0.023810
20030	19959	1	0.023810
20030	19706	1	0.023810
20032	19901	2	0.006849
20033	19392	1	0.001626
20033	19041	2	0.003252
20033	19643	2	0.003252
20033	18598	5	0.008130
20033	18721	1	0.001626
20033	18967	1	0.001626
20033	19383	1	0.001626
20033	19631	25	0.040650
20033	18673	9	0.014634
20033	18771	1	0.001626
20033	19765	1	0.001626
20033	19991	3	0.004878
20033	19704	3	0.004878
20033	19001	1	0.001626
20033	18874	2	0.003252
20033	19803	2	0.003252
20033	18876	2	0.003252
20033	19391	3	0.004878
20034	18929	3	0.157895
20037	19954	37	0.007446
20037	18876	3	0.000604
20037	19173	12	0.002415
20037	18863	3	0.000604
20038	18609	4	0.027397
20038	19766	4	0.027397
20039	19173	6	0.048387
20040	19001	2	0.032258
20042	18912	2	0.003460
20042	20002	2	0.003460
20042	19683	1	0.001730
20042	19242	2	0.003460
20042	18797	2	0.003460
20042	19600	1	0.001730
20042	19953	2	0.003460
20042	18746	2	0.003460
20042	19420	1	0.001730
20042	19773	2	0.003460
20042	19999	2	0.003460
20043	19937	1	0.001504
20043	19052	33	0.049624
20045	19594	2	0.004367
20045	18763	2	0.004367
20045	19695	2	0.004367
20045	19765	2	0.004367
20045	19991	2	0.004367
20045	19865	2	0.004367
20045	19805	2	0.004367
